entry,dim,x,cost,key
0,f0,0,969.3555623,0.052|1|0|0|0.297347|50|4|299.85
0,u,-2.5,2207.599135,0.052|1|0|0|0.297347|50|4|299.85
0,u,-1.5,1366.0359,0.052|1|0|0|0.297347|50|4|299.85
0,u,-1,1168.065558,0.052|1|0|0|0.297347|50|4|299.85
0,u,-0.7,1087.645374,0.052|1|0|0|0.297347|50|4|299.85
0,u,-0.5,1045.501394,0.052|1|0|0|0.297347|50|4|299.85
0,u,-0.35,1018.761897,0.052|1|0|0|0.297347|50|4|299.85
0,u,-0.25,1002.938437,0.052|1|0|0|0.297347|50|4|299.85
0,u,-0.2,995.5718202,0.052|1|0|0|0.297347|50|4|299.85
0,u,-0.15,988.5458807,0.052|1|0|0|0.297347|50|4|299.85
0,u,-0.1,981.844584,0.052|1|0|0|0.297347|50|4|299.85
0,u,-0.075,978.6108757,0.052|1|0|0|0.297347|50|4|299.85
0,u,-0.05,975.4526592,0.052|1|0|0|0.297347|50|4|299.85
0,u,-0.03,972.9792319,0.052|1|0|0|0.297347|50|4|299.85
0,u,-0.02,971.7599233,0.052|1|0|0|0.297347|50|4|299.85
0,u,-0.01,970.55207,0.052|1|0|0|0.297347|50|4|299.85
0,u,0.01,968.1702915,0.052|1|0|0|0.297347|50|4|299.85
0,u,0.02,966.9961501,0.052|1|0|0|0.297347|50|4|299.85
0,u,0.03,965.8330315,0.052|1|0|0|0.297347|50|4|299.85
0,u,0.05,963.5394418,0.052|1|0|0|0.297347|50|4|299.85
0,u,0.075,960.7326003,0.052|1|0|0|0.297347|50|4|299.85
0,u,0.1,957.9911056,0.052|1|0|0|0.297347|50|4|299.85
0,u,0.15,952.6979888,0.052|1|0|0|0.297347|50|4|299.85
0,u,0.2,947.6481242,0.052|1|0|0|0.297347|50|4|299.85
0,u,0.25,942.8301135,0.052|1|0|0|0.297347|50|4|299.85
0,u,0.35,933.8467427,0.052|1|0|0|0.297347|50|4|299.85
0,u,0.5,921.8554229,0.052|1|0|0|0.297347|50|4|299.85
0,u,0.7,908.2693867,0.052|1|0|0|0.297347|50|4|299.85
0,u,1,905.242517,0.052|1|0|0|0.297347|50|4|299.85
0,u,1.5,,0.052|1|0|0|0.297347|50|4|299.85
0,v,-2.5,1007.621634,0.052|1|0|0|0.297347|50|4|299.85
0,v,-1.5,985.3975685,0.052|1|0|0|0.297347|50|4|299.85
0,v,-1,978.3911931,0.052|1|0|0|0.297347|50|4|299.85
0,v,-0.7,975.0922659,0.052|1|0|0|0.297347|50|4|299.85
0,v,-0.35,971.9238391,0.052|1|0|0|0.297347|50|4|299.85
0,v,-0.15,970.3906001,0.052|1|0|0|0.297347|50|4|299.85
0,v,-0.05,969.6902778,0.052|1|0|0|0.297347|50|4|299.85
0,v,0.05,969.0307391,0.052|1|0|0|0.297347|50|4|299.85
0,v,0.15,968.4096089,0.052|1|0|0|0.297347|50|4|299.85
0,v,0.35,967.2737575,0.052|1|0|0|0.297347|50|4|299.85
0,v,0.7,965.5862794,0.052|1|0|0|0.297347|50|4|299.85
0,v,1,964.3967029,0.052|1|0|0|0.297347|50|4|299.85
0,v,1.5,962.8333692,0.052|1|0|0|0.297347|50|4|299.85
0,d4,0.004,973.9360561,0.052|1|0|0|0.297347|50|4|299.85
0,d4,0.008,978.5523253,0.052|1|0|0|0.297347|50|4|299.85
0,d4,0.012,983.2048083,0.052|1|0|0|0.297347|50|4|299.85
0,d4,0.017,989.0720171,0.052|1|0|0|0.297347|50|4|299.85
0,d4,0.025,1017.811949,0.052|1|0|0|0.297347|50|4|299.85
0,d4,0.04,1094.576494,0.052|1|0|0|0.297347|50|4|299.85
0,d4,0.06,1180.292445,0.052|1|0|0|0.297347|50|4|299.85
0,d4,0.1,1341.438002,0.052|1|0|0|0.297347|50|4|299.85
0,d4,0.15,1600.591882,0.052|1|0|0|0.297347|50|4|299.85
0,dc,0.004,971.301917,0.052|1|0|0|0.297347|50|4|299.85
0,dc,0.008,973.2628634,0.052|1|0|0|0.297347|50|4|299.85
0,dc,0.012,975.2385827,0.052|1|0|0|0.297347|50|4|299.85
0,dc,0.017,977.7292872,0.052|1|0|0|0.297347|50|4|299.85
0,dc,0.025,1001.016062,0.052|1|0|0|0.297347|50|4|299.85
0,dc,0.04,1067.380416,0.052|1|0|0|0.297347|50|4|299.85
0,dc,0.06,1118.954687,0.052|1|0|0|0.297347|50|4|299.85
0,dc,0.1,1269.565957,0.052|1|0|0|0.297347|50|4|299.85
0,dc,0.15,1465.726635,0.052|1|0|0|0.297347|50|4|299.85
1,f0,0,25630.21637,0.021|0.109|0|0.891|0.013089|50|4|299.85
1,u,-2.5,32318.29471,0.021|0.109|0|0.891|0.013089|50|4|299.85
1,u,-1.5,27430.3177,0.021|0.109|0|0.891|0.013089|50|4|299.85
1,u,-1,27195.98818,0.021|0.109|0|0.891|0.013089|50|4|299.85
1,u,-0.7,26988.64186,0.021|0.109|0|0.891|0.013089|50|4|299.85
1,u,-0.5,26195.90647,0.021|0.109|0|0.891|0.013089|50|4|299.85
1,u,-0.35,26009.74051,0.021|0.109|0|0.891|0.013089|50|4|299.85
1,u,-0.25,26017.72751,0.021|0.109|0|0.891|0.013089|50|4|299.85
1,u,-0.2,25941.19952,0.021|0.109|0|0.891|0.013089|50|4|299.85
1,u,-0.15,25817.91169,0.021|0.109|0|0.891|0.013089|50|4|299.85
1,u,-0.1,25652.58187,0.021|0.109|0|0.891|0.013089|50|4|299.85
1,u,-0.075,25555.5295,0.021|0.109|0|0.891|0.013089|50|4|299.85
1,u,-0.05,25449.57897,0.021|0.109|0|0.891|0.013089|50|4|299.85
1,u,-0.03,25444.75886,0.021|0.109|0|0.891|0.013089|50|4|299.85
1,u,-0.02,25651.99299,0.021|0.109|0|0.891|0.013089|50|4|299.85
1,u,-0.01,25431.3781,0.021|0.109|0|0.891|0.013089|50|4|299.85
1,u,0.01,25409.77579,0.021|0.109|0|0.891|0.013089|50|4|299.85
1,u,0.02,25600.46806,0.021|0.109|0|0.891|0.013089|50|4|299.85
1,u,0.03,25380.28096,0.021|0.109|0|0.891|0.013089|50|4|299.85
1,u,0.05,25343.21281,0.021|0.109|0|0.891|0.013089|50|4|299.85
1,u,0.075,25576.87999,0.021|0.109|0|0.891|0.013089|50|4|299.85
1,u,0.1,25408.06299,0.021|0.109|0|0.891|0.013089|50|4|299.85
1,u,0.15,25413.53772,0.021|0.109|0|0.891|0.013089|50|4|299.85
1,u,0.2,25024.13659,0.021|0.109|0|0.891|0.013089|50|4|299.85
1,u,0.25,24944.05461,0.021|0.109|0|0.891|0.013089|50|4|299.85
1,u,0.35,24947.89109,0.021|0.109|0|0.891|0.013089|50|4|299.85
1,u,0.5,24464.30947,0.021|0.109|0|0.891|0.013089|50|4|299.85
1,u,0.7,24133.97299,0.021|0.109|0|0.891|0.013089|50|4|299.85
1,u,1,23278.01391,0.021|0.109|0|0.891|0.013089|50|4|299.85
1,u,1.5,21444.65423,0.021|0.109|0|0.891|0.013089|50|4|299.85
1,v,-2.5,25879.46233,0.021|0.109|0|0.891|0.013089|50|4|299.85
1,v,-1.5,25734.70594,0.021|0.109|0|0.891|0.013089|50|4|299.85
1,v,-1,25689.06993,0.021|0.109|0|0.891|0.013089|50|4|299.85
1,v,-0.7,25667.58237,0.021|0.109|0|0.891|0.013089|50|4|299.85
1,v,-0.35,25646.94483,0.021|0.109|0|0.891|0.013089|50|4|299.85
1,v,-0.15,25636.95808,0.021|0.109|0|0.891|0.013089|50|4|299.85
1,v,-0.05,25632.39654,0.021|0.109|0|0.891|0.013089|50|4|299.85
1,v,0.05,25628.10063,0.021|0.109|0|0.891|0.013089|50|4|299.85
1,v,0.15,25624.0549,0.021|0.109|0|0.891|0.013089|50|4|299.85
1,v,0.35,25616.65654,0.021|0.109|0|0.891|0.013089|50|4|299.85
1,v,0.7,25605.66515,0.021|0.109|0|0.891|0.013089|50|4|299.85
1,v,1,25597.91685,0.021|0.109|0|0.891|0.013089|50|4|299.85
1,v,1.5,25587.73408,0.021|0.109|0|0.891|0.013089|50|4|299.85
1,d4,0.004,26598.9972,0.021|0.109|0|0.891|0.013089|50|4|299.85
1,d4,0.008,27644.2485,0.021|0.109|0|0.891|0.013089|50|4|299.85
1,d4,0.012,28775.41256,0.021|0.109|0|0.891|0.013089|50|4|299.85
1,d4,0.017,30821.09614,0.021|0.109|0|0.891|0.013089|50|4|299.85
1,d4,0.025,33733.71464,0.021|0.109|0|0.891|0.013089|50|4|299.85
1,d4,0.04,41666.38633,0.021|0.109|0|0.891|0.013089|50|4|299.85
1,d4,0.06,59461.34396,0.021|0.109|0|0.891|0.013089|50|4|299.85
1,dc,-0.15,9808.346568,0.021|0.109|0|0.891|0.013089|50|4|299.85
1,dc,-0.1,12422.63456,0.021|0.109|0|0.891|0.013089|50|4|299.85
1,dc,-0.06,15998.98628,0.021|0.109|0|0.891|0.013089|50|4|299.85
1,dc,-0.04,18350.68902,0.021|0.109|0|0.891|0.013089|50|4|299.85
1,dc,-0.025,20318.25885,0.021|0.109|0|0.891|0.013089|50|4|299.85
1,dc,-0.017,21919.62206,0.021|0.109|0|0.891|0.013089|50|4|299.85
1,dc,-0.012,22792.51992,0.021|0.109|0|0.891|0.013089|50|4|299.85
1,dc,-0.008,23544.35469,0.021|0.109|0|0.891|0.013089|50|4|299.85
1,dc,-0.004,24751.78393,0.021|0.109|0|0.891|0.013089|50|4|299.85
1,dc,0.004,26575.33889,0.021|0.109|0|0.891|0.013089|50|4|299.85
1,dc,0.008,27595.05956,0.021|0.109|0|0.891|0.013089|50|4|299.85
1,dc,0.012,28698.58912,0.021|0.109|0|0.891|0.013089|50|4|299.85
1,dc,0.017,30706.47595,0.021|0.109|0|0.891|0.013089|50|4|299.85
1,dc,0.025,33549.11565,0.021|0.109|0|0.891|0.013089|50|4|299.85
1,dc,0.04,41307.25814,0.021|0.109|0|0.891|0.013089|50|4|299.85
1,dc,0.06,58703.7682,0.021|0.109|0|0.891|0.013089|50|4|299.85
2,f0,0,1944.293705,0.129|0.83|0.01|0.16|0.330614|30|3|275
2,u,-2.5,1637.751097,0.129|0.83|0.01|0.16|0.330614|30|3|275
2,u,-1.5,1556.993716,0.129|0.83|0.01|0.16|0.330614|30|3|275
2,u,-1,1522.760895,0.129|0.83|0.01|0.16|0.330614|30|3|275
2,u,-0.7,1494.649809,0.129|0.83|0.01|0.16|0.330614|30|3|275
2,u,-0.5,1471.183813,0.129|0.83|0.01|0.16|0.330614|30|3|275
2,u,-0.35,1462.492613,0.129|0.83|0.01|0.16|0.330614|30|3|275
2,u,-0.25,1447.599992,0.129|0.83|0.01|0.16|0.330614|30|3|275
2,u,-0.2,1442.769004,0.129|0.83|0.01|0.16|0.330614|30|3|275
2,u,-0.15,1436.772409,0.129|0.83|0.01|0.16|0.330614|30|3|275
2,u,-0.1,1436.753058,0.129|0.83|0.01|0.16|0.330614|30|3|275
2,u,-0.075,1429.264186,0.129|0.83|0.01|0.16|0.330614|30|3|275
2,u,-0.05,1428.389737,0.129|0.83|0.01|0.16|0.330614|30|3|275
2,u,-0.03,1442.992631,0.129|0.83|0.01|0.16|0.330614|30|3|275
2,u,-0.02,1546.131621,0.129|0.83|0.01|0.16|0.330614|30|3|275
2,u,-0.01,1697.267836,0.129|0.83|0.01|0.16|0.330614|30|3|275
2,u,0.01,2412.053448,0.129|0.83|0.01|0.16|0.330614|30|3|275
2,u,0.02,,0.129|0.83|0.01|0.16|0.330614|30|3|275
2,u,0.03,,0.129|0.83|0.01|0.16|0.330614|30|3|275
2,u,0.05,,0.129|0.83|0.01|0.16|0.330614|30|3|275
2,u,0.075,,0.129|0.83|0.01|0.16|0.330614|30|3|275
2,u,0.1,,0.129|0.83|0.01|0.16|0.330614|30|3|275
2,u,0.15,,0.129|0.83|0.01|0.16|0.330614|30|3|275
2,u,0.2,,0.129|0.83|0.01|0.16|0.330614|30|3|275
2,u,0.25,,0.129|0.83|0.01|0.16|0.330614|30|3|275
2,u,0.35,,0.129|0.83|0.01|0.16|0.330614|30|3|275
2,u,0.5,,0.129|0.83|0.01|0.16|0.330614|30|3|275
2,u,0.7,,0.129|0.83|0.01|0.16|0.330614|30|3|275
2,u,1,,0.129|0.83|0.01|0.16|0.330614|30|3|275
2,u,1.5,,0.129|0.83|0.01|0.16|0.330614|30|3|275
2,v,-2.5,1980.200718,0.129|0.83|0.01|0.16|0.330614|30|3|275
2,v,-1.5,1959.34674,0.129|0.83|0.01|0.16|0.330614|30|3|275
2,v,-1,1952.772299,0.129|0.83|0.01|0.16|0.330614|30|3|275
2,v,-0.7,1949.676747,0.129|0.83|0.01|0.16|0.330614|30|3|275
2,v,-0.35,1946.70365,0.129|0.83|0.01|0.16|0.330614|30|3|275
2,v,-0.15,1945.264934,0.129|0.83|0.01|0.16|0.330614|30|3|275
2,v,-0.05,1944.607785,0.129|0.83|0.01|0.16|0.330614|30|3|275
2,v,0.05,1943.988907,0.129|0.83|0.01|0.16|0.330614|30|3|275
2,v,0.15,1943.406068,0.129|0.83|0.01|0.16|0.330614|30|3|275
2,v,0.35,1942.340241,0.129|0.83|0.01|0.16|0.330614|30|3|275
2,v,0.7,1940.756794,0.129|0.83|0.01|0.16|0.330614|30|3|275
2,v,1,1939.640553,0.129|0.83|0.01|0.16|0.330614|30|3|275
2,v,1.5,1938.173597,0.129|0.83|0.01|0.16|0.330614|30|3|275
2,d4,-0.01,1883.305965,0.129|0.83|0.01|0.16|0.330614|30|3|275
2,d4,-0.008,1894.157687,0.129|0.83|0.01|0.16|0.330614|30|3|275
2,d4,-0.004,1916.010605,0.129|0.83|0.01|0.16|0.330614|30|3|275
2,d4,0.004,1966.580727,0.129|0.83|0.01|0.16|0.330614|30|3|275
2,d4,0.008,1989.075769,0.129|0.83|0.01|0.16|0.330614|30|3|275
2,d4,0.012,2011.781918,0.129|0.83|0.01|0.16|0.330614|30|3|275
2,d4,0.017,2037.292305,0.129|0.83|0.01|0.16|0.330614|30|3|275
2,d4,0.025,2077.463893,0.129|0.83|0.01|0.16|0.330614|30|3|275
2,d4,0.04,2150.831696,0.129|0.83|0.01|0.16|0.330614|30|3|275
2,d4,0.06,2235.160015,0.129|0.83|0.01|0.16|0.330614|30|3|275
2,d4,0.1,2368.202956,0.129|0.83|0.01|0.16|0.330614|30|3|275
2,d4,0.15,2479.243004,0.129|0.83|0.01|0.16|0.330614|30|3|275
2,dc,-0.15,,0.129|0.83|0.01|0.16|0.330614|30|3|275
2,dc,-0.1,,0.129|0.83|0.01|0.16|0.330614|30|3|275
2,dc,-0.06,,0.129|0.83|0.01|0.16|0.330614|30|3|275
2,dc,-0.04,,0.129|0.83|0.01|0.16|0.330614|30|3|275
2,dc,-0.025,2496.989248,0.129|0.83|0.01|0.16|0.330614|30|3|275
2,dc,-0.017,2237.240556,0.129|0.83|0.01|0.16|0.330614|30|3|275
2,dc,-0.012,2125.483777,0.129|0.83|0.01|0.16|0.330614|30|3|275
2,dc,-0.008,2053.431788,0.129|0.83|0.01|0.16|0.330614|30|3|275
2,dc,-0.004,1992.968205,0.129|0.83|0.01|0.16|0.330614|30|3|275
2,dc,0.004,1895.083321,0.129|0.83|0.01|0.16|0.330614|30|3|275
2,dc,0.008,1857.92726,0.129|0.83|0.01|0.16|0.330614|30|3|275
2,dc,0.012,1826.696462,0.129|0.83|0.01|0.16|0.330614|30|3|275
2,dc,0.017,1790.3626,0.129|0.83|0.01|0.16|0.330614|30|3|275
2,dc,0.025,1738.918119,0.129|0.83|0.01|0.16|0.330614|30|3|275
2,dc,0.04,1677.207245,0.129|0.83|0.01|0.16|0.330614|30|3|275
2,dc,0.06,1647.226274,0.129|0.83|0.01|0.16|0.330614|30|3|275
2,dc,0.1,1817.950166,0.129|0.83|0.01|0.16|0.330614|30|3|275
2,dc,0.15,2046.546702,0.129|0.83|0.01|0.16|0.330614|30|3|275
3,f0,0,1739.482376,0.128|0.83|0.01|0.16|0.328052|30|3|275
3,u,-2.5,1643.299896,0.128|0.83|0.01|0.16|0.328052|30|3|275
3,u,-1.5,1562.092327,0.128|0.83|0.01|0.16|0.328052|30|3|275
3,u,-1,1509.114304,0.128|0.83|0.01|0.16|0.328052|30|3|275
3,u,-0.7,1499.452042,0.128|0.83|0.01|0.16|0.328052|30|3|275
3,u,-0.5,1475.864683,0.128|0.83|0.01|0.16|0.328052|30|3|275
3,u,-0.35,1457.837248,0.128|0.83|0.01|0.16|0.328052|30|3|275
3,u,-0.25,1452.192077,0.128|0.83|0.01|0.16|0.328052|30|3|275
3,u,-0.2,1447.344941,0.128|0.83|0.01|0.16|0.328052|30|3|275
3,u,-0.15,1441.323178,0.128|0.83|0.01|0.16|0.328052|30|3|275
3,u,-0.1,1434.246033,0.128|0.83|0.01|0.16|0.328052|30|3|275
3,u,-0.075,1433.791867,0.128|0.83|0.01|0.16|0.328052|30|3|275
3,u,-0.05,1426.22387,0.128|0.83|0.01|0.16|0.328052|30|3|275
3,u,-0.03,1428.01522,0.128|0.83|0.01|0.16|0.328052|30|3|275
3,u,-0.02,1461.154788,0.128|0.83|0.01|0.16|0.328052|30|3|275
3,u,-0.01,1576.557877,0.128|0.83|0.01|0.16|0.328052|30|3|275
3,u,0.01,2016.304377,0.128|0.83|0.01|0.16|0.328052|30|3|275
3,u,0.02,2579.536713,0.128|0.83|0.01|0.16|0.328052|30|3|275
3,u,0.03,,0.128|0.83|0.01|0.16|0.328052|30|3|275
3,u,0.05,,0.128|0.83|0.01|0.16|0.328052|30|3|275
3,u,0.075,,0.128|0.83|0.01|0.16|0.328052|30|3|275
3,u,0.1,,0.128|0.83|0.01|0.16|0.328052|30|3|275
3,u,0.15,,0.128|0.83|0.01|0.16|0.328052|30|3|275
3,u,0.2,,0.128|0.83|0.01|0.16|0.328052|30|3|275
3,u,0.25,,0.128|0.83|0.01|0.16|0.328052|30|3|275
3,u,0.35,,0.128|0.83|0.01|0.16|0.328052|30|3|275
3,u,0.5,,0.128|0.83|0.01|0.16|0.328052|30|3|275
3,u,0.7,,0.128|0.83|0.01|0.16|0.328052|30|3|275
3,u,1,,0.128|0.83|0.01|0.16|0.328052|30|3|275
3,u,1.5,,0.128|0.83|0.01|0.16|0.328052|30|3|275
3,v,-2.5,1775.557381,0.128|0.83|0.01|0.16|0.328052|30|3|275
3,v,-1.5,1754.605837,0.128|0.83|0.01|0.16|0.328052|30|3|275
3,v,-1,1748.000638,0.128|0.83|0.01|0.16|0.328052|30|3|275
3,v,-0.7,1744.890603,0.128|0.83|0.01|0.16|0.328052|30|3|275
3,v,-0.35,1741.903597,0.128|0.83|0.01|0.16|0.328052|30|3|275
3,v,-0.15,1740.458149,0.128|0.83|0.01|0.16|0.328052|30|3|275
3,v,-0.05,1739.797926,0.128|0.83|0.01|0.16|0.328052|30|3|275
3,v,0.05,1739.176152,0.128|0.83|0.01|0.16|0.328052|30|3|275
3,v,0.15,1738.590587,0.128|0.83|0.01|0.16|0.328052|30|3|275
3,v,0.35,1737.519773,0.128|0.83|0.01|0.16|0.328052|30|3|275
3,v,0.7,1735.928917,0.128|0.83|0.01|0.16|0.328052|30|3|275
3,v,1,1734.807455,0.128|0.83|0.01|0.16|0.328052|30|3|275
3,v,1.5,1733.333635,0.128|0.83|0.01|0.16|0.328052|30|3|275
3,d4,-0.01,1686.60137,0.128|0.83|0.01|0.16|0.328052|30|3|275
3,d4,-0.008,1697.081451,0.128|0.83|0.01|0.16|0.328052|30|3|275
3,d4,-0.004,1718.185084,0.128|0.83|0.01|0.16|0.328052|30|3|275
3,d4,0.004,1760.976207,0.128|0.83|0.01|0.16|0.328052|30|3|275
3,d4,0.008,1782.669514,0.128|0.83|0.01|0.16|0.328052|30|3|275
3,d4,0.012,1804.565286,0.128|0.83|0.01|0.16|0.328052|30|3|275
3,d4,0.017,1829.014635,0.128|0.83|0.01|0.16|0.328052|30|3|275
3,d4,0.025,1867.445081,0.128|0.83|0.01|0.16|0.328052|30|3|275
3,d4,0.04,1937.403103,0.128|0.83|0.01|0.16|0.328052|30|3|275
3,d4,0.06,2016.77516,0.128|0.83|0.01|0.16|0.328052|30|3|275
3,d4,0.1,2166.954435,0.128|0.83|0.01|0.16|0.328052|30|3|275
3,d4,0.15,2308.816945,0.128|0.83|0.01|0.16|0.328052|30|3|275
3,dc,-0.15,,0.128|0.83|0.01|0.16|0.328052|30|3|275
3,dc,-0.1,,0.128|0.83|0.01|0.16|0.328052|30|3|275
3,dc,-0.06,,0.128|0.83|0.01|0.16|0.328052|30|3|275
3,dc,-0.04,2385.995379,0.128|0.83|0.01|0.16|0.328052|30|3|275
3,dc,-0.025,2001.23656,0.128|0.83|0.01|0.16|0.328052|30|3|275
3,dc,-0.017,1886.653615,0.128|0.83|0.01|0.16|0.328052|30|3|275
3,dc,-0.012,1833.130248,0.128|0.83|0.01|0.16|0.328052|30|3|275
3,dc,-0.008,1802.249549,0.128|0.83|0.01|0.16|0.328052|30|3|275
3,dc,-0.004,1764.770472,0.128|0.83|0.01|0.16|0.328052|30|3|275
3,dc,0.004,1713.9198,0.128|0.83|0.01|0.16|0.328052|30|3|275
3,dc,0.008,1694.447873,0.128|0.83|0.01|0.16|0.328052|30|3|275
3,dc,0.012,1674.763509,0.128|0.83|0.01|0.16|0.328052|30|3|275
3,dc,0.017,1656.302577,0.128|0.83|0.01|0.16|0.328052|30|3|275
3,dc,0.025,1628.841909,0.128|0.83|0.01|0.16|0.328052|30|3|275
3,dc,0.04,1584.006732,0.128|0.83|0.01|0.16|0.328052|30|3|275
3,dc,0.06,1653.404964,0.128|0.83|0.01|0.16|0.328052|30|3|275
3,dc,0.1,1818.177267,0.128|0.83|0.01|0.16|0.328052|30|3|275
3,dc,0.15,2047.894501,0.128|0.83|0.01|0.16|0.328052|30|3|275
4,f0,0,983.9343163,0.105|0.97|0.01|0.02|0.314496|30|3|250
4,u,-2.5,1433.485271,0.105|0.97|0.01|0.02|0.314496|30|3|250
4,u,-1.5,1073.56604,0.105|0.97|0.01|0.02|0.314496|30|3|250
4,u,-1,1027.864467,0.105|0.97|0.01|0.02|0.314496|30|3|250
4,u,-0.7,1011.436423,0.105|0.97|0.01|0.02|0.314496|30|3|250
4,u,-0.5,1005.611002,0.105|0.97|0.01|0.02|0.314496|30|3|250
4,u,-0.35,993.5511904,0.105|0.97|0.01|0.02|0.314496|30|3|250
4,u,-0.25,988.4815308,0.105|0.97|0.01|0.02|0.314496|30|3|250
4,u,-0.2,989.9949429,0.105|0.97|0.01|0.02|0.314496|30|3|250
4,u,-0.15,990.9342364,0.105|0.97|0.01|0.02|0.314496|30|3|250
4,u,-0.1,991.3492805,0.105|0.97|0.01|0.02|0.314496|30|3|250
4,u,-0.075,987.6515503,0.105|0.97|0.01|0.02|0.314496|30|3|250
4,u,-0.05,984.0415526,0.105|0.97|0.01|0.02|0.314496|30|3|250
4,u,-0.03,988.3031841,0.105|0.97|0.01|0.02|0.314496|30|3|250
4,u,-0.02,986.8328812,0.105|0.97|0.01|0.02|0.314496|30|3|250
4,u,-0.01,985.3766373,0.105|0.97|0.01|0.02|0.314496|30|3|250
4,u,0.01,982.5057832,0.105|0.97|0.01|0.02|0.314496|30|3|250
4,u,0.02,981.0909043,0.105|0.97|0.01|0.02|0.314496|30|3|250
4,u,0.03,986.321364,0.105|0.97|0.01|0.02|0.314496|30|3|250
4,u,0.05,983.4136121,0.105|0.97|0.01|0.02|0.314496|30|3|250
4,u,0.075,979.8566256,0.105|0.97|0.01|0.02|0.314496|30|3|250
4,u,0.1,982.5176119,0.105|0.97|0.01|0.02|0.314496|30|3|250
4,u,0.15,981.2817575,0.105|0.97|0.01|0.02|0.314496|30|3|250
4,u,0.2,979.7389275,0.105|0.97|0.01|0.02|0.314496|30|3|250
4,u,0.25,977.9195991,0.105|0.97|0.01|0.02|0.314496|30|3|250
4,u,0.35,973.5622607,0.105|0.97|0.01|0.02|0.314496|30|3|250
4,u,0.5,,0.105|0.97|0.01|0.02|0.314496|30|3|250
4,u,0.7,,0.105|0.97|0.01|0.02|0.314496|30|3|250
4,u,1,,0.105|0.97|0.01|0.02|0.314496|30|3|250
4,u,1.5,,0.105|0.97|0.01|0.02|0.314496|30|3|250
4,v,-2.5,1020.93442,0.105|0.97|0.01|0.02|0.314496|30|3|250
4,v,-1.5,999.4456,0.105|0.97|0.01|0.02|0.314496|30|3|250
4,v,-1,992.6710187,0.105|0.97|0.01|0.02|0.314496|30|3|250
4,v,-0.7,989.4812309,0.105|0.97|0.01|0.02|0.314496|30|3|250
4,v,-0.35,986.4176261,0.105|0.97|0.01|0.02|0.314496|30|3|250
4,v,-0.15,984.9351117,0.105|0.97|0.01|0.02|0.314496|30|3|250
4,v,-0.05,984.2579584,0.105|0.97|0.01|0.02|0.314496|30|3|250
4,v,0.05,983.6202394,0.105|0.97|0.01|0.02|0.314496|30|3|250
4,v,0.15,983.0196582,0.105|0.97|0.01|0.02|0.314496|30|3|250
4,v,0.35,981.9213846,0.105|0.97|0.01|0.02|0.314496|30|3|250
4,v,0.7,980.2897338,0.105|0.97|0.01|0.02|0.314496|30|3|250
4,v,1,979.1395124,0.105|0.97|0.01|0.02|0.314496|30|3|250
4,v,1.5,977.627899,0.105|0.97|0.01|0.02|0.314496|30|3|250
4,d4,-0.01,945.1375084,0.105|0.97|0.01|0.02|0.314496|30|3|250
4,d4,-0.008,954.2174749,0.105|0.97|0.01|0.02|0.314496|30|3|250
4,d4,-0.004,972.4511415,0.105|0.97|0.01|0.02|0.314496|30|3|250
4,d4,0.004,1002.367631,0.105|0.97|0.01|0.02|0.314496|30|3|250
4,d4,0.008,1014.026148,0.105|0.97|0.01|0.02|0.314496|30|3|250
4,d4,0.012,1025.766817,0.105|0.97|0.01|0.02|0.314496|30|3|250
4,d4,0.017,1045.763915,0.105|0.97|0.01|0.02|0.314496|30|3|250
4,d4,0.025,1076.729668,0.105|0.97|0.01|0.02|0.314496|30|3|250
4,d4,0.04,1131.611192,0.105|0.97|0.01|0.02|0.314496|30|3|250
4,d4,0.06,1216.879542,0.105|0.97|0.01|0.02|0.314496|30|3|250
4,d4,0.1,1375.682844,0.105|0.97|0.01|0.02|0.314496|30|3|250
4,d4,0.15,1600.492177,0.105|0.97|0.01|0.02|0.314496|30|3|250
4,dc,-0.02,926.6535713,0.105|0.97|0.01|0.02|0.314496|30|3|250
4,dc,-0.017,934.8081038,0.105|0.97|0.01|0.02|0.314496|30|3|250
4,dc,-0.012,950.7336394,0.105|0.97|0.01|0.02|0.314496|30|3|250
4,dc,-0.008,959.4593898,0.105|0.97|0.01|0.02|0.314496|30|3|250
4,dc,-0.004,975.0771355,0.105|0.97|0.01|0.02|0.314496|30|3|250
4,dc,0.004,999.7284519,0.105|0.97|0.01|0.02|0.314496|30|3|250
4,dc,0.008,1008.731533,0.105|0.97|0.01|0.02|0.314496|30|3|250
4,dc,0.012,1017.800284,0.105|0.97|0.01|0.02|0.314496|30|3|250
4,dc,0.017,1034.443052,0.105|0.97|0.01|0.02|0.314496|30|3|250
4,dc,0.025,1059.994139,0.105|0.97|0.01|0.02|0.314496|30|3|250
4,dc,0.04,1104.547254,0.105|0.97|0.01|0.02|0.314496|30|3|250
4,dc,0.06,1168.512834,0.105|0.97|0.01|0.02|0.314496|30|3|250
4,dc,0.1,1304.966469,0.105|0.97|0.01|0.02|0.314496|30|3|250
4,dc,0.15,1471.244134,0.105|0.97|0.01|0.02|0.314496|30|3|250
5,f0,0,983.9343163,0.105|0.97|0.01|0.02|0.314496|30|3|250
5,u,-2.5,1433.485271,0.105|0.97|0.01|0.02|0.314496|30|3|250
5,u,-1.5,1073.56604,0.105|0.97|0.01|0.02|0.314496|30|3|250
5,u,-1,1027.864467,0.105|0.97|0.01|0.02|0.314496|30|3|250
5,u,-0.7,1011.436423,0.105|0.97|0.01|0.02|0.314496|30|3|250
5,u,-0.5,1005.611002,0.105|0.97|0.01|0.02|0.314496|30|3|250
5,u,-0.35,993.5511904,0.105|0.97|0.01|0.02|0.314496|30|3|250
5,u,-0.25,988.4815308,0.105|0.97|0.01|0.02|0.314496|30|3|250
5,u,-0.2,989.9949429,0.105|0.97|0.01|0.02|0.314496|30|3|250
5,u,-0.15,990.9342364,0.105|0.97|0.01|0.02|0.314496|30|3|250
5,u,-0.1,991.3492805,0.105|0.97|0.01|0.02|0.314496|30|3|250
5,u,-0.075,987.6515503,0.105|0.97|0.01|0.02|0.314496|30|3|250
5,u,-0.05,984.0415526,0.105|0.97|0.01|0.02|0.314496|30|3|250
5,u,-0.03,988.3031841,0.105|0.97|0.01|0.02|0.314496|30|3|250
5,u,-0.02,986.8328812,0.105|0.97|0.01|0.02|0.314496|30|3|250
5,u,-0.01,985.3766373,0.105|0.97|0.01|0.02|0.314496|30|3|250
5,u,0.01,982.5057832,0.105|0.97|0.01|0.02|0.314496|30|3|250
5,u,0.02,981.0909043,0.105|0.97|0.01|0.02|0.314496|30|3|250
5,u,0.03,986.321364,0.105|0.97|0.01|0.02|0.314496|30|3|250
5,u,0.05,983.4136121,0.105|0.97|0.01|0.02|0.314496|30|3|250
5,u,0.075,979.8566256,0.105|0.97|0.01|0.02|0.314496|30|3|250
5,u,0.1,982.5176119,0.105|0.97|0.01|0.02|0.314496|30|3|250
5,u,0.15,981.2817575,0.105|0.97|0.01|0.02|0.314496|30|3|250
5,u,0.2,979.7389275,0.105|0.97|0.01|0.02|0.314496|30|3|250
5,u,0.25,977.9195991,0.105|0.97|0.01|0.02|0.314496|30|3|250
5,u,0.35,973.5622607,0.105|0.97|0.01|0.02|0.314496|30|3|250
5,u,0.5,,0.105|0.97|0.01|0.02|0.314496|30|3|250
5,u,0.7,,0.105|0.97|0.01|0.02|0.314496|30|3|250
5,u,1,,0.105|0.97|0.01|0.02|0.314496|30|3|250
5,u,1.5,,0.105|0.97|0.01|0.02|0.314496|30|3|250
5,v,-2.5,1020.93442,0.105|0.97|0.01|0.02|0.314496|30|3|250
5,v,-1.5,999.4456,0.105|0.97|0.01|0.02|0.314496|30|3|250
5,v,-1,992.6710187,0.105|0.97|0.01|0.02|0.314496|30|3|250
5,v,-0.7,989.4812309,0.105|0.97|0.01|0.02|0.314496|30|3|250
5,v,-0.35,986.4176261,0.105|0.97|0.01|0.02|0.314496|30|3|250
5,v,-0.15,984.9351117,0.105|0.97|0.01|0.02|0.314496|30|3|250
5,v,-0.05,984.2579584,0.105|0.97|0.01|0.02|0.314496|30|3|250
5,v,0.05,983.6202394,0.105|0.97|0.01|0.02|0.314496|30|3|250
5,v,0.15,983.0196582,0.105|0.97|0.01|0.02|0.314496|30|3|250
5,v,0.35,981.9213846,0.105|0.97|0.01|0.02|0.314496|30|3|250
5,v,0.7,980.2897338,0.105|0.97|0.01|0.02|0.314496|30|3|250
5,v,1,979.1395124,0.105|0.97|0.01|0.02|0.314496|30|3|250
5,v,1.5,977.627899,0.105|0.97|0.01|0.02|0.314496|30|3|250
5,d4,-0.01,945.1375084,0.105|0.97|0.01|0.02|0.314496|30|3|250
5,d4,-0.008,954.2174749,0.105|0.97|0.01|0.02|0.314496|30|3|250
5,d4,-0.004,972.4511415,0.105|0.97|0.01|0.02|0.314496|30|3|250
5,d4,0.004,1002.367631,0.105|0.97|0.01|0.02|0.314496|30|3|250
5,d4,0.008,1014.026148,0.105|0.97|0.01|0.02|0.314496|30|3|250
5,d4,0.012,1025.766817,0.105|0.97|0.01|0.02|0.314496|30|3|250
5,d4,0.017,1045.763915,0.105|0.97|0.01|0.02|0.314496|30|3|250
5,d4,0.025,1076.729668,0.105|0.97|0.01|0.02|0.314496|30|3|250
5,d4,0.04,1131.611192,0.105|0.97|0.01|0.02|0.314496|30|3|250
5,d4,0.06,1216.879542,0.105|0.97|0.01|0.02|0.314496|30|3|250
5,d4,0.1,1375.682844,0.105|0.97|0.01|0.02|0.314496|30|3|250
5,d4,0.15,1600.492177,0.105|0.97|0.01|0.02|0.314496|30|3|250
5,dc,-0.02,926.6535713,0.105|0.97|0.01|0.02|0.314496|30|3|250
5,dc,-0.017,934.8081038,0.105|0.97|0.01|0.02|0.314496|30|3|250
5,dc,-0.012,950.7336394,0.105|0.97|0.01|0.02|0.314496|30|3|250
5,dc,-0.008,959.4593898,0.105|0.97|0.01|0.02|0.314496|30|3|250
5,dc,-0.004,975.0771355,0.105|0.97|0.01|0.02|0.314496|30|3|250
5,dc,0.004,999.7284519,0.105|0.97|0.01|0.02|0.314496|30|3|250
5,dc,0.008,1008.731533,0.105|0.97|0.01|0.02|0.314496|30|3|250
5,dc,0.012,1017.800284,0.105|0.97|0.01|0.02|0.314496|30|3|250
5,dc,0.017,1034.443052,0.105|0.97|0.01|0.02|0.314496|30|3|250
5,dc,0.025,1059.994139,0.105|0.97|0.01|0.02|0.314496|30|3|250
5,dc,0.04,1104.547254,0.105|0.97|0.01|0.02|0.314496|30|3|250
5,dc,0.06,1168.512834,0.105|0.97|0.01|0.02|0.314496|30|3|250
5,dc,0.1,1304.966469,0.105|0.97|0.01|0.02|0.314496|30|3|250
5,dc,0.15,1471.244134,0.105|0.97|0.01|0.02|0.314496|30|3|250
6,f0,0,1310.196267,0.11|0.83|0.01|0.16|0.281919|30|3|250
6,u,-2.5,1660.666693,0.11|0.83|0.01|0.16|0.281919|30|3|250
6,u,-1.5,1560.549511,0.11|0.83|0.01|0.16|0.281919|30|3|250
6,u,-1,1523.088411,0.11|0.83|0.01|0.16|0.281919|30|3|250
6,u,-0.7,1505.189459,0.11|0.83|0.01|0.16|0.281919|30|3|250
6,u,-0.5,1484.314261,0.11|0.83|0.01|0.16|0.281919|30|3|250
6,u,-0.35,1477.777885,0.11|0.83|0.01|0.16|0.281919|30|3|250
6,u,-0.25,1470.101565,0.11|0.83|0.01|0.16|0.281919|30|3|250
6,u,-0.2,1459.732923,0.11|0.83|0.01|0.16|0.281919|30|3|250
6,u,-0.15,1457.632493,0.11|0.83|0.01|0.16|0.281919|30|3|250
6,u,-0.1,1454.087516,0.11|0.83|0.01|0.16|0.281919|30|3|250
6,u,-0.075,1447.742082,0.11|0.83|0.01|0.16|0.281919|30|3|250
6,u,-0.05,1449.237149,0.11|0.83|0.01|0.16|0.281919|30|3|250
6,u,-0.03,1402.818235,0.11|0.83|0.01|0.16|0.281919|30|3|250
6,u,-0.02,1373.882551,0.11|0.83|0.01|0.16|0.281919|30|3|250
6,u,-0.01,1336.521137,0.11|0.83|0.01|0.16|0.281919|30|3|250
6,u,0.01,1284.915332,0.11|0.83|0.01|0.16|0.281919|30|3|250
6,u,0.02,1260.617451,0.11|0.83|0.01|0.16|0.281919|30|3|250
6,u,0.03,1237.246532,0.11|0.83|0.01|0.16|0.281919|30|3|250
6,u,0.05,1201.222467,0.11|0.83|0.01|0.16|0.281919|30|3|250
6,u,0.075,1165.280106,0.11|0.83|0.01|0.16|0.281919|30|3|250
6,u,0.1,1139.365804,0.11|0.83|0.01|0.16|0.281919|30|3|250
6,u,0.15,1092.550847,0.11|0.83|0.01|0.16|0.281919|30|3|250
6,u,0.2,1057.682947,0.11|0.83|0.01|0.16|0.281919|30|3|250
6,u,0.25,1032.464022,0.11|0.83|0.01|0.16|0.281919|30|3|250
6,u,0.35,1167.059,0.11|0.83|0.01|0.16|0.281919|30|3|250
6,u,0.5,,0.11|0.83|0.01|0.16|0.281919|30|3|250
6,u,0.7,,0.11|0.83|0.01|0.16|0.281919|30|3|250
6,u,1,,0.11|0.83|0.01|0.16|0.281919|30|3|250
6,u,1.5,,0.11|0.83|0.01|0.16|0.281919|30|3|250
6,v,-2.5,1349.705392,0.11|0.83|0.01|0.16|0.281919|30|3|250
6,v,-1.5,1326.759389,0.11|0.83|0.01|0.16|0.281919|30|3|250
6,v,-1,1319.525416,0.11|0.83|0.01|0.16|0.281919|30|3|250
6,v,-0.7,1316.119325,0.11|0.83|0.01|0.16|0.281919|30|3|250
6,v,-0.35,1312.847973,0.11|0.83|0.01|0.16|0.281919|30|3|250
6,v,-0.15,1311.264928,0.11|0.83|0.01|0.16|0.281919|30|3|250
6,v,-0.05,1310.541856,0.11|0.83|0.01|0.16|0.281919|30|3|250
6,v,0.05,1309.860892,0.11|0.83|0.01|0.16|0.281919|30|3|250
6,v,0.15,1309.219585,0.11|0.83|0.01|0.16|0.281919|30|3|250
6,v,0.35,1308.046836,0.11|0.83|0.01|0.16|0.281919|30|3|250
6,v,0.7,1306.304541,0.11|0.83|0.01|0.16|0.281919|30|3|250
6,v,1,1305.076322,0.11|0.83|0.01|0.16|0.281919|30|3|250
6,v,1.5,1303.462204,0.11|0.83|0.01|0.16|0.281919|30|3|250
6,d4,-0.01,1145.071348,0.11|0.83|0.01|0.16|0.281919|30|3|250
6,d4,-0.008,1181.969482,0.11|0.83|0.01|0.16|0.281919|30|3|250
6,d4,-0.004,1249.323123,0.11|0.83|0.01|0.16|0.281919|30|3|250
6,d4,0.004,1373.385312,0.11|0.83|0.01|0.16|0.281919|30|3|250
6,d4,0.008,1429.024318,0.11|0.83|0.01|0.16|0.281919|30|3|250
6,d4,0.012,1486.545169,0.11|0.83|0.01|0.16|0.281919|30|3|250
6,d4,0.017,1521.472197,0.11|0.83|0.01|0.16|0.281919|30|3|250
6,d4,0.025,1553.037294,0.11|0.83|0.01|0.16|0.281919|30|3|250
6,d4,0.04,1623.689427,0.11|0.83|0.01|0.16|0.281919|30|3|250
6,d4,0.06,1724.671757,0.11|0.83|0.01|0.16|0.281919|30|3|250
6,d4,0.1,1934.13613,0.11|0.83|0.01|0.16|0.281919|30|3|250
6,d4,0.15,2227.192001,0.11|0.83|0.01|0.16|0.281919|30|3|250
6,dc,-0.15,953.7660504,0.11|0.83|0.01|0.16|0.281919|30|3|250
6,dc,-0.1,1106.974734,0.11|0.83|0.01|0.16|0.281919|30|3|250
6,dc,-0.06,1232.558658,0.11|0.83|0.01|0.16|0.281919|30|3|250
6,dc,-0.04,1299.573842,0.11|0.83|0.01|0.16|0.281919|30|3|250
6,dc,-0.025,1310.196267,0.11|0.83|0.01|0.16|0.281919|30|3|250
6,dc,-0.017,1310.196267,0.11|0.83|0.01|0.16|0.281919|30|3|250
6,dc,-0.012,1310.196267,0.11|0.83|0.01|0.16|0.281919|30|3|250
6,dc,-0.008,1310.196267,0.11|0.83|0.01|0.16|0.281919|30|3|250
6,dc,-0.004,1310.196267,0.11|0.83|0.01|0.16|0.281919|30|3|250
6,dc,0.004,1310.196267,0.11|0.83|0.01|0.16|0.281919|30|3|250
6,dc,0.008,1310.196267,0.11|0.83|0.01|0.16|0.281919|30|3|250
6,dc,0.012,1310.196267,0.11|0.83|0.01|0.16|0.281919|30|3|250
6,dc,0.017,1310.196267,0.11|0.83|0.01|0.16|0.281919|30|3|250
6,dc,0.025,1310.196267,0.11|0.83|0.01|0.16|0.281919|30|3|250
6,dc,0.04,1310.196267,0.11|0.83|0.01|0.16|0.281919|30|3|250
6,dc,0.06,1310.196267,0.11|0.83|0.01|0.16|0.281919|30|3|250
6,dc,0.1,1310.196267,0.11|0.83|0.01|0.16|0.281919|30|3|250
6,dc,0.15,1310.196267,0.11|0.83|0.01|0.16|0.281919|30|3|250
7,f0,0,1335.918874,0.109|0.83|0.01|0.16|0.279356|30|3|250
7,u,-2.5,1667.353328,0.109|0.83|0.01|0.16|0.279356|30|3|250
7,u,-1.5,1566.528946,0.109|0.83|0.01|0.16|0.279356|30|3|250
7,u,-1,1528.841797,0.109|0.83|0.01|0.16|0.279356|30|3|250
7,u,-0.7,1510.866701,0.109|0.83|0.01|0.16|0.279356|30|3|250
7,u,-0.5,1489.865658,0.109|0.83|0.01|0.16|0.279356|30|3|250
7,u,-0.35,1472.238623,0.109|0.83|0.01|0.16|0.279356|30|3|250
7,u,-0.25,1465.66696,0.109|0.83|0.01|0.16|0.279356|30|3|250
7,u,-0.2,1465.181527,0.109|0.83|0.01|0.16|0.279356|30|3|250
7,u,-0.15,1454.150796,0.109|0.83|0.01|0.16|0.279356|30|3|250
7,u,-0.1,1451.073833,0.109|0.83|0.01|0.16|0.279356|30|3|250
7,u,-0.075,1453.140391,0.109|0.83|0.01|0.16|0.279356|30|3|250
7,u,-0.05,1446.656311,0.109|0.83|0.01|0.16|0.279356|30|3|250
7,u,-0.03,1442.888619,0.109|0.83|0.01|0.16|0.279356|30|3|250
7,u,-0.02,1402.099484,0.109|0.83|0.01|0.16|0.279356|30|3|250
7,u,-0.01,1363.306347,0.109|0.83|0.01|0.16|0.279356|30|3|250
7,u,0.01,1309.638463,0.109|0.83|0.01|0.16|0.279356|30|3|250
7,u,0.02,1284.399176,0.109|0.83|0.01|0.16|0.279356|30|3|250
7,u,0.03,1260.140371,0.109|0.83|0.01|0.16|0.279356|30|3|250
7,u,0.05,1222.688162,0.109|0.83|0.01|0.16|0.279356|30|3|250
7,u,0.075,1177.390392,0.109|0.83|0.01|0.16|0.279356|30|3|250
7,u,0.1,1150.70534,0.109|0.83|0.01|0.16|0.279356|30|3|250
7,u,0.15,1095.725607,0.109|0.83|0.01|0.16|0.279356|30|3|250
7,u,0.2,1066.633988,0.109|0.83|0.01|0.16|0.279356|30|3|250
7,u,0.25,1040.604288,0.109|0.83|0.01|0.16|0.279356|30|3|250
7,u,0.35,1108.148306,0.109|0.83|0.01|0.16|0.279356|30|3|250
7,u,0.5,,0.109|0.83|0.01|0.16|0.279356|30|3|250
7,u,0.7,,0.109|0.83|0.01|0.16|0.279356|30|3|250
7,u,1,,0.109|0.83|0.01|0.16|0.279356|30|3|250
7,u,1.5,,0.109|0.83|0.01|0.16|0.279356|30|3|250
7,v,-2.5,1375.645092,0.109|0.83|0.01|0.16|0.279356|30|3|250
7,v,-1.5,1352.573007,0.109|0.83|0.01|0.16|0.279356|30|3|250
7,v,-1,1345.299284,0.109|0.83|0.01|0.16|0.279356|30|3|250
7,v,-0.7,1341.874477,0.109|0.83|0.01|0.16|0.279356|30|3|250
7,v,-0.35,1338.585151,0.109|0.83|0.01|0.16|0.279356|30|3|250
7,v,-0.15,1336.993407,0.109|0.83|0.01|0.16|0.279356|30|3|250
7,v,-0.05,1336.266362,0.109|0.83|0.01|0.16|0.279356|30|3|250
7,v,0.05,1335.581656,0.109|0.83|0.01|0.16|0.279356|30|3|250
7,v,0.15,1334.936825,0.109|0.83|0.01|0.16|0.279356|30|3|250
7,v,0.35,1333.757632,0.109|0.83|0.01|0.16|0.279356|30|3|250
7,v,0.7,1332.005764,0.109|0.83|0.01|0.16|0.279356|30|3|250
7,v,1,1330.770796,0.109|0.83|0.01|0.16|0.279356|30|3|250
7,v,1.5,1329.147809,0.109|0.83|0.01|0.16|0.279356|30|3|250
7,d4,-0.01,1166.452153,0.109|0.83|0.01|0.16|0.279356|30|3|250
7,d4,-0.008,1204.282056,0.109|0.83|0.01|0.16|0.279356|30|3|250
7,d4,-0.004,1273.395115,0.109|0.83|0.01|0.16|0.279356|30|3|250
7,d4,0.004,1400.885673,0.109|0.83|0.01|0.16|0.279356|30|3|250
7,d4,0.008,1458.133339,0.109|0.83|0.01|0.16|0.279356|30|3|250
7,d4,0.012,1494.446022,0.109|0.83|0.01|0.16|0.279356|30|3|250
7,d4,0.017,1519.719963,0.109|0.83|0.01|0.16|0.279356|30|3|250
7,d4,0.025,1559.219493,0.109|0.83|0.01|0.16|0.279356|30|3|250
7,d4,0.04,1630.381063,0.109|0.83|0.01|0.16|0.279356|30|3|250
7,d4,0.06,1723.984605,0.109|0.83|0.01|0.16|0.279356|30|3|250
7,d4,0.1,1934.543552,0.109|0.83|0.01|0.16|0.279356|30|3|250
7,d4,0.15,2229.117696,0.109|0.83|0.01|0.16|0.279356|30|3|250
7,dc,-0.15,954.8792776,0.109|0.83|0.01|0.16|0.279356|30|3|250
7,dc,-0.1,1102.638037,0.109|0.83|0.01|0.16|0.279356|30|3|250
7,dc,-0.06,1236.122689,0.109|0.83|0.01|0.16|0.279356|30|3|250
7,dc,-0.04,1303.722245,0.109|0.83|0.01|0.16|0.279356|30|3|250
7,dc,-0.025,1335.918874,0.109|0.83|0.01|0.16|0.279356|30|3|250
7,dc,-0.017,1335.918874,0.109|0.83|0.01|0.16|0.279356|30|3|250
7,dc,-0.012,1335.918874,0.109|0.83|0.01|0.16|0.279356|30|3|250
7,dc,-0.008,1335.918874,0.109|0.83|0.01|0.16|0.279356|30|3|250
7,dc,-0.004,1335.918874,0.109|0.83|0.01|0.16|0.279356|30|3|250
7,dc,0.004,1335.918874,0.109|0.83|0.01|0.16|0.279356|30|3|250
7,dc,0.008,1335.918874,0.109|0.83|0.01|0.16|0.279356|30|3|250
7,dc,0.012,1335.918874,0.109|0.83|0.01|0.16|0.279356|30|3|250
7,dc,0.017,1335.918874,0.109|0.83|0.01|0.16|0.279356|30|3|250
7,dc,0.025,1335.918874,0.109|0.83|0.01|0.16|0.279356|30|3|250
7,dc,0.04,1335.918874,0.109|0.83|0.01|0.16|0.279356|30|3|250
7,dc,0.06,1335.918874,0.109|0.83|0.01|0.16|0.279356|30|3|250
7,dc,0.1,1335.918874,0.109|0.83|0.01|0.16|0.279356|30|3|250
7,dc,0.15,1335.918874,0.109|0.83|0.01|0.16|0.279356|30|3|250
8,f0,0,1141.345241,0.097|0.92|0.01|0.07|0.275558|30|3|250
8,u,-2.5,1533.55957,0.097|0.92|0.01|0.07|0.275558|30|3|250
8,u,-1.5,1237.500682,0.097|0.92|0.01|0.07|0.275558|30|3|250
8,u,-1,1185.721022,0.097|0.92|0.01|0.07|0.275558|30|3|250
8,u,-0.7,1186.626381,0.097|0.92|0.01|0.07|0.275558|30|3|250
8,u,-0.5,1168.559231,0.097|0.92|0.01|0.07|0.275558|30|3|250
8,u,-0.35,1160.111621,0.097|0.92|0.01|0.07|0.275558|30|3|250
8,u,-0.25,1151.975956,0.097|0.92|0.01|0.07|0.275558|30|3|250
8,u,-0.2,1157.027826,0.097|0.92|0.01|0.07|0.275558|30|3|250
8,u,-0.15,1151.520961,0.097|0.92|0.01|0.07|0.275558|30|3|250
8,u,-0.1,1145.744845,0.097|0.92|0.01|0.07|0.275558|30|3|250
8,u,-0.075,1147.009136,0.097|0.92|0.01|0.07|0.275558|30|3|250
8,u,-0.05,1147.991295,0.097|0.92|0.01|0.07|0.275558|30|3|250
8,u,-0.03,1142.121807,0.097|0.92|0.01|0.07|0.275558|30|3|250
8,u,-0.02,1147.217842,0.097|0.92|0.01|0.07|0.275558|30|3|250
8,u,-0.01,1144.267257,0.097|0.92|0.01|0.07|0.275558|30|3|250
8,u,0.01,1146.180833,0.097|0.92|0.01|0.07|0.275558|30|3|250
8,u,0.02,1143.231287,0.097|0.92|0.01|0.07|0.275558|30|3|250
8,u,0.03,1140.310303,0.097|0.92|0.01|0.07|0.275558|30|3|250
8,u,0.05,1141.94963,0.097|0.92|0.01|0.07|0.275558|30|3|250
8,u,0.075,1141.903424,0.097|0.92|0.01|0.07|0.275558|30|3|250
8,u,0.1,1134.641493,0.097|0.92|0.01|0.07|0.275558|30|3|250
8,u,0.15,1133.879166,0.097|0.92|0.01|0.07|0.275558|30|3|250
8,u,0.2,1132.344327,0.097|0.92|0.01|0.07|0.275558|30|3|250
8,u,0.25,1115.615918,0.097|0.92|0.01|0.07|0.275558|30|3|250
8,u,0.35,1045.091036,0.097|0.92|0.01|0.07|0.275558|30|3|250
8,u,0.5,1462.954809,0.097|0.92|0.01|0.07|0.275558|30|3|250
8,u,0.7,,0.097|0.92|0.01|0.07|0.275558|30|3|250
8,u,1,,0.097|0.92|0.01|0.07|0.275558|30|3|250
8,u,1.5,,0.097|0.92|0.01|0.07|0.275558|30|3|250
8,v,-2.5,1181.399086,0.097|0.92|0.01|0.07|0.275558|30|3|250
8,v,-1.5,1158.136722,0.097|0.92|0.01|0.07|0.275558|30|3|250
8,v,-1,1150.803013,0.097|0.92|0.01|0.07|0.275558|30|3|250
8,v,-0.7,1147.349961,0.097|0.92|0.01|0.07|0.275558|30|3|250
8,v,-0.35,1144.033507,0.097|0.92|0.01|0.07|0.275558|30|3|250
8,v,-0.15,1142.428636,0.097|0.92|0.01|0.07|0.275558|30|3|250
8,v,-0.05,1141.695595,0.097|0.92|0.01|0.07|0.275558|30|3|250
8,v,0.05,1141.005243,0.097|0.92|0.01|0.07|0.275558|30|3|250
8,v,0.15,1140.355094,0.097|0.92|0.01|0.07|0.275558|30|3|250
8,v,0.35,1139.166176,0.097|0.92|0.01|0.07|0.275558|30|3|250
8,v,0.7,1137.399859,0.097|0.92|0.01|0.07|0.275558|30|3|250
8,v,1,1136.154706,0.097|0.92|0.01|0.07|0.275558|30|3|250
8,v,1.5,1134.518335,0.097|0.92|0.01|0.07|0.275558|30|3|250
8,d4,-0.01,1104.478859,0.097|0.92|0.01|0.07|0.275558|30|3|250
8,d4,-0.008,1114.898977,0.097|0.92|0.01|0.07|0.275558|30|3|250
8,d4,-0.004,1128.06987,0.097|0.92|0.01|0.07|0.275558|30|3|250
8,d4,0.004,1162.569233,0.097|0.92|0.01|0.07|0.275558|30|3|250
8,d4,0.008,1176.087533,0.097|0.92|0.01|0.07|0.275558|30|3|250
8,d4,0.012,1189.715812,0.097|0.92|0.01|0.07|0.275558|30|3|250
8,d4,0.017,1212.860485,0.097|0.92|0.01|0.07|0.275558|30|3|250
8,d4,0.025,1240.785703,0.097|0.92|0.01|0.07|0.275558|30|3|250
8,d4,0.04,1304.566898,0.097|0.92|0.01|0.07|0.275558|30|3|250
8,d4,0.06,1387.310058,0.097|0.92|0.01|0.07|0.275558|30|3|250
8,d4,0.1,1572.859424,0.097|0.92|0.01|0.07|0.275558|30|3|250
8,d4,0.15,1819.139058,0.097|0.92|0.01|0.07|0.275558|30|3|250
8,dc,-0.06,961.8036237,0.097|0.92|0.01|0.07|0.275558|30|3|250
8,dc,-0.04,1016.955411,0.097|0.92|0.01|0.07|0.275558|30|3|250
8,dc,-0.025,1063.43229,0.097|0.92|0.01|0.07|0.275558|30|3|250
8,dc,-0.017,1091.32794,0.097|0.92|0.01|0.07|0.275558|30|3|250
8,dc,-0.012,1102.225116,0.097|0.92|0.01|0.07|0.275558|30|3|250
8,dc,-0.008,1120.329453,0.097|0.92|0.01|0.07|0.275558|30|3|250
8,dc,-0.004,1130.793958,0.097|0.92|0.01|0.07|0.275558|30|3|250
8,dc,0.004,1151.984754,0.097|0.92|0.01|0.07|0.275558|30|3|250
8,dc,0.008,1170.591166,0.097|0.92|0.01|0.07|0.275558|30|3|250
8,dc,0.012,1181.443772,0.097|0.92|0.01|0.07|0.275558|30|3|250
8,dc,0.017,1201.102018,0.097|0.92|0.01|0.07|0.275558|30|3|250
8,dc,0.025,1223.376516,0.097|0.92|0.01|0.07|0.275558|30|3|250
8,dc,0.04,1276.388683,0.097|0.92|0.01|0.07|0.275558|30|3|250
8,dc,0.06,1344.337713,0.097|0.92|0.01|0.07|0.275558|30|3|250
8,dc,0.1,1490.0752,0.097|0.92|0.01|0.07|0.275558|30|3|250
8,dc,0.15,1693.475701,0.097|0.92|0.01|0.07|0.275558|30|3|250
9,f0,0,1081.86064,0.095|0.937|0|0.063|0.274864|30|3|250
9,u,-2.5,1521.186694,0.095|0.937|0|0.063|0.274864|30|3|250
9,u,-1.5,1149.361934,0.095|0.937|0|0.063|0.274864|30|3|250
9,u,-1,1127.749561,0.095|0.937|0|0.063|0.274864|30|3|250
9,u,-0.7,1107.762721,0.095|0.937|0|0.063|0.274864|30|3|250
9,u,-0.5,1102.267369,0.095|0.937|0|0.063|0.274864|30|3|250
9,u,-0.35,1101.777897,0.095|0.937|0|0.063|0.274864|30|3|250
9,u,-0.25,1098.314809,0.095|0.937|0|0.063|0.274864|30|3|250
9,u,-0.2,1095.818038,0.095|0.937|0|0.063|0.274864|30|3|250
9,u,-0.15,1092.879439,0.095|0.937|0|0.063|0.274864|30|3|250
9,u,-0.1,1089.545528,0.095|0.937|0|0.063|0.274864|30|3|250
9,u,-0.075,1083.470449,0.095|0.937|0|0.063|0.274864|30|3|250
9,u,-0.05,1085.859338,0.095|0.937|0|0.063|0.274864|30|3|250
9,u,-0.03,1081.03991,0.095|0.937|0|0.063|0.274864|30|3|250
9,u,-0.02,1086.714757,0.095|0.937|0|0.063|0.274864|30|3|250
9,u,-0.01,1084.275926,0.095|0.937|0|0.063|0.274864|30|3|250
9,u,0.01,1079.46867,0.095|0.937|0|0.063|0.274864|30|3|250
9,u,0.02,1084.804481,0.095|0.937|0|0.063|0.274864|30|3|250
9,u,0.03,1082.374996,0.095|0.937|0|0.063|0.274864|30|3|250
9,u,0.05,1077.586167,0.095|0.937|0|0.063|0.274864|30|3|250
9,u,0.075,1078.982504,0.095|0.937|0|0.063|0.274864|30|3|250
9,u,0.1,1080.124528,0.095|0.937|0|0.063|0.274864|30|3|250
9,u,0.15,1075.017486,0.095|0.937|0|0.063|0.274864|30|3|250
9,u,0.2,1069.263786,0.095|0.937|0|0.063|0.274864|30|3|250
9,u,0.25,1019.319393,0.095|0.937|0|0.063|0.274864|30|3|250
9,u,0.35,972.9242739,0.095|0.937|0|0.063|0.274864|30|3|250
9,u,0.5,1142.162807,0.095|0.937|0|0.063|0.274864|30|3|250
9,u,0.7,,0.095|0.937|0|0.063|0.274864|30|3|250
9,u,1,,0.095|0.937|0|0.063|0.274864|30|3|250
9,u,1.5,,0.095|0.937|0|0.063|0.274864|30|3|250
9,v,-2.5,1121.975133,0.095|0.937|0|0.063|0.274864|30|3|250
9,v,-1.5,1098.677546,0.095|0.937|0|0.063|0.274864|30|3|250
9,v,-1,1091.332732,0.095|0.937|0|0.063|0.274864|30|3|250
9,v,-0.7,1087.874452,0.095|0.937|0|0.063|0.274864|30|3|250
9,v,-0.35,1084.552976,0.095|0.937|0|0.063|0.274864|30|3|250
9,v,-0.15,1082.945675,0.095|0.937|0|0.063|0.274864|30|3|250
9,v,-0.05,1082.211524,0.095|0.937|0|0.063|0.274864|30|3|250
9,v,0.05,1081.520127,0.095|0.937|0|0.063|0.274864|30|3|250
9,v,0.15,1080.868993,0.095|0.937|0|0.063|0.274864|30|3|250
9,v,0.35,1079.678275,0.095|0.937|0|0.063|0.274864|30|3|250
9,v,0.7,1077.909284,0.095|0.937|0|0.063|0.274864|30|3|250
9,v,1,1076.662246,0.095|0.937|0|0.063|0.274864|30|3|250
9,v,1.5,1075.023396,0.095|0.937|0|0.063|0.274864|30|3|250
9,d4,0.004,1094.968847,0.095|0.937|0|0.063|0.274864|30|3|250
9,d4,0.008,1116.107145,0.095|0.937|0|0.063|0.274864|30|3|250
9,d4,0.012,1129.448133,0.095|0.937|0|0.063|0.274864|30|3|250
9,d4,0.017,1152.265483,0.095|0.937|0|0.063|0.274864|30|3|250
9,d4,0.025,1179.580399,0.095|0.937|0|0.063|0.274864|30|3|250
9,d4,0.04,1242.209714,0.095|0.937|0|0.063|0.274864|30|3|250
9,d4,0.06,1323.235192,0.095|0.937|0|0.063|0.274864|30|3|250
9,d4,0.1,1504.838361,0.095|0.937|0|0.063|0.274864|30|3|250
9,d4,0.15,1735.778148,0.095|0.937|0|0.063|0.274864|30|3|250
9,dc,-0.06,904.5565312,0.095|0.937|0|0.063|0.274864|30|3|250
9,dc,-0.04,959.2663744,0.095|0.937|0|0.063|0.274864|30|3|250
9,dc,-0.025,1005.186335,0.095|0.937|0|0.063|0.274864|30|3|250
9,dc,-0.017,1032.748838,0.095|0.937|0|0.063|0.274864|30|3|250
9,dc,-0.012,1043.361509,0.095|0.937|0|0.063|0.274864|30|3|250
9,dc,-0.008,1061.308744,0.095|0.937|0|0.063|0.274864|30|3|250
9,dc,-0.004,1071.544248,0.095|0.937|0|0.063|0.274864|30|3|250
9,dc,0.004,1092.259486,0.095|0.937|0|0.063|0.274864|30|3|250
9,dc,0.008,1110.676679,0.095|0.937|0|0.063|0.274864|30|3|250
9,dc,0.012,1121.275921,0.095|0.937|0|0.063|0.274864|30|3|250
9,dc,0.017,1140.65005,0.095|0.937|0|0.063|0.274864|30|3|250
9,dc,0.025,1162.385732,0.095|0.937|0|0.063|0.274864|30|3|250
9,dc,0.04,1214.387073,0.095|0.937|0|0.063|0.274864|30|3|250
9,dc,0.06,1280.822703,0.095|0.937|0|0.063|0.274864|30|3|250
9,dc,0.1,1423.052485,0.095|0.937|0|0.063|0.274864|30|3|250
9,dc,0.15,1621.026926,0.095|0.937|0|0.063|0.274864|30|3|250
10,f0,0,1147.60994,0.095|0.92|0.01|0.07|0.269877|30|3|250
10,u,-2.5,1547.102145,0.095|0.92|0.01|0.07|0.269877|30|3|250
10,u,-1.5,1245.166427,0.095|0.92|0.01|0.07|0.269877|30|3|250
10,u,-1,1192.460109,0.095|0.92|0.01|0.07|0.269877|30|3|250
10,u,-0.7,1176.657051,0.095|0.92|0.01|0.07|0.269877|30|3|250
10,u,-0.5,1175.139767,0.095|0.92|0.01|0.07|0.269877|30|3|250
10,u,-0.35,1166.58267,0.095|0.92|0.01|0.07|0.269877|30|3|250
10,u,-0.25,1158.321318,0.095|0.92|0.01|0.07|0.269877|30|3|250
10,u,-0.2,1153.58414,0.095|0.92|0.01|0.07|0.269877|30|3|250
10,u,-0.15,1148.504647,0.095|0.92|0.01|0.07|0.269877|30|3|250
10,u,-0.1,1152.04182,0.095|0.92|0.01|0.07|0.269877|30|3|250
10,u,-0.075,1144.674237,0.095|0.92|0.01|0.07|0.269877|30|3|250
10,u,-0.05,1145.929585,0.095|0.92|0.01|0.07|0.269877|30|3|250
10,u,-0.03,1148.383261,0.095|0.92|0.01|0.07|0.269877|30|3|250
10,u,-0.02,1145.431847,0.095|0.92|0.01|0.07|0.269877|30|3|250
10,u,-0.01,1142.509008,0.095|0.92|0.01|0.07|0.269877|30|3|250
10,u,0.01,1144.656959,0.095|0.92|0.01|0.07|0.269877|30|3|250
10,u,0.02,1141.732571,0.095|0.92|0.01|0.07|0.269877|30|3|250
10,u,0.03,1138.836496,0.095|0.92|0.01|0.07|0.269877|30|3|250
10,u,0.05,1140.697547,0.095|0.92|0.01|0.07|0.269877|30|3|250
10,u,0.075,1140.875456,0.095|0.92|0.01|0.07|0.269877|30|3|250
10,u,0.1,1140.825716,0.095|0.92|0.01|0.07|0.269877|30|3|250
10,u,0.15,1133.310754,0.095|0.92|0.01|0.07|0.269877|30|3|250
10,u,0.2,1132.150056,0.095|0.92|0.01|0.07|0.269877|30|3|250
10,u,0.25,1130.256934,0.095|0.92|0.01|0.07|0.269877|30|3|250
10,u,0.35,1057.015657,0.095|0.92|0.01|0.07|0.269877|30|3|250
10,u,0.5,1192.08554,0.095|0.92|0.01|0.07|0.269877|30|3|250
10,u,0.7,,0.095|0.92|0.01|0.07|0.269877|30|3|250
10,u,1,,0.095|0.92|0.01|0.07|0.269877|30|3|250
10,u,1.5,,0.095|0.92|0.01|0.07|0.269877|30|3|250
10,v,-2.5,1188.167563,0.095|0.92|0.01|0.07|0.269877|30|3|250
10,v,-1.5,1164.612616,0.095|0.92|0.01|0.07|0.269877|30|3|250
10,v,-1,1157.186666,0.095|0.92|0.01|0.07|0.269877|30|3|250
10,v,-0.7,1153.690184,0.095|0.92|0.01|0.07|0.269877|30|3|250
10,v,-0.35,1150.332017,0.095|0.92|0.01|0.07|0.269877|30|3|250
10,v,-0.15,1148.70696,0.095|0.92|0.01|0.07|0.269877|30|3|250
10,v,-0.05,1147.9647,0.095|0.92|0.01|0.07|0.269877|30|3|250
10,v,0.05,1147.265665,0.095|0.92|0.01|0.07|0.269877|30|3|250
10,v,0.15,1146.607338,0.095|0.92|0.01|0.07|0.269877|30|3|250
10,v,0.35,1145.403467,0.095|0.92|0.01|0.07|0.269877|30|3|250
10,v,0.7,1143.614935,0.095|0.92|0.01|0.07|0.269877|30|3|250
10,v,1,1142.354121,0.095|0.92|0.01|0.07|0.269877|30|3|250
10,v,1.5,1140.697167,0.095|0.92|0.01|0.07|0.269877|30|3|250
10,d4,-0.01,1102.222851,0.095|0.92|0.01|0.07|0.269877|30|3|250
10,d4,-0.008,1112.819454,0.095|0.92|0.01|0.07|0.269877|30|3|250
10,d4,-0.004,1126.164122,0.095|0.92|0.01|0.07|0.269877|30|3|250
10,d4,0.004,1161.196775,0.095|0.92|0.01|0.07|0.269877|30|3|250
10,d4,0.008,1174.893181,0.095|0.92|0.01|0.07|0.269877|30|3|250
10,d4,0.012,1188.700881,0.095|0.92|0.01|0.07|0.269877|30|3|250
10,d4,0.017,1212.209853,0.095|0.92|0.01|0.07|0.269877|30|3|250
10,d4,0.025,1248.683357,0.095|0.92|0.01|0.07|0.269877|30|3|250
10,d4,0.04,1305.223711,0.095|0.92|0.01|0.07|0.269877|30|3|250
10,d4,0.06,1389.137781,0.095|0.92|0.01|0.07|0.269877|30|3|250
10,d4,0.1,1577.387129,0.095|0.92|0.01|0.07|0.269877|30|3|250
10,d4,0.15,1817.784346,0.095|0.92|0.01|0.07|0.269877|30|3|250
10,dc,-0.06,956.8919763,0.095|0.92|0.01|0.07|0.269877|30|3|250
10,dc,-0.04,1020.737275,0.095|0.92|0.01|0.07|0.269877|30|3|250
10,dc,-0.025,1068.144817,0.095|0.92|0.01|0.07|0.269877|30|3|250
10,dc,-0.017,1088.739585,0.095|0.92|0.01|0.07|0.269877|30|3|250
10,dc,-0.012,1107.706863,0.095|0.92|0.01|0.07|0.269877|30|3|250
10,dc,-0.008,1118.25577,0.095|0.92|0.01|0.07|0.269877|30|3|250
10,dc,-0.004,1128.891141,0.095|0.92|0.01|0.07|0.269877|30|3|250
10,dc,0.004,1158.454722,0.095|0.92|0.01|0.07|0.269877|30|3|250
10,dc,0.008,1169.39089,0.095|0.92|0.01|0.07|0.269877|30|3|250
10,dc,0.012,1180.419919,0.095|0.92|0.01|0.07|0.269877|30|3|250
10,dc,0.017,1200.438688,0.095|0.92|0.01|0.07|0.269877|30|3|250
10,dc,0.025,1223.074491,0.095|0.92|0.01|0.07|0.269877|30|3|250
10,dc,0.04,1277.014903,0.095|0.92|0.01|0.07|0.269877|30|3|250
10,dc,0.06,1346.118536,0.095|0.92|0.01|0.07|0.269877|30|3|250
10,dc,0.1,1494.320772,0.095|0.92|0.01|0.07|0.269877|30|3|250
10,dc,0.15,1701.141851,0.095|0.92|0.01|0.07|0.269877|30|3|250
11,f0,0,1259.94673,0.085|0.89|0.02|0.09|0.233595|30|3|250
11,u,-2.5,1669.213408,0.085|0.89|0.02|0.09|0.233595|30|3|250
11,u,-1.5,1366.823775,0.085|0.89|0.02|0.09|0.233595|30|3|250
11,u,-1,1315.757612,0.085|0.89|0.02|0.09|0.233595|30|3|250
11,u,-0.7,1303.474223,0.085|0.89|0.02|0.09|0.233595|30|3|250
11,u,-0.5,1291.213143,0.085|0.89|0.02|0.09|0.233595|30|3|250
11,u,-0.35,1274.801063,0.085|0.89|0.02|0.09|0.233595|30|3|250
11,u,-0.25,1273.6171,0.085|0.89|0.02|0.09|0.233595|30|3|250
11,u,-0.2,1265.765518,0.085|0.89|0.02|0.09|0.233595|30|3|250
11,u,-0.15,1268.569963,0.085|0.89|0.02|0.09|0.233595|30|3|250
11,u,-0.1,1270.003853,0.085|0.89|0.02|0.09|0.233595|30|3|250
11,u,-0.075,1260.164978,0.085|0.89|0.02|0.09|0.233595|30|3|250
11,u,-0.05,1260.377768,0.085|0.89|0.02|0.09|0.233595|30|3|250
11,u,-0.03,1262.259074,0.085|0.89|0.02|0.09|0.233595|30|3|250
11,u,-0.02,1258.351422,0.085|0.89|0.02|0.09|0.233595|30|3|250
11,u,-0.01,1263.879298,0.085|0.89|0.02|0.09|0.233595|30|3|250
11,u,0.01,1256.052366,0.085|0.89|0.02|0.09|0.233595|30|3|250
11,u,0.02,1261.292705,0.085|0.89|0.02|0.09|0.233595|30|3|250
11,u,0.03,1257.376133,0.085|0.89|0.02|0.09|0.233595|30|3|250
11,u,0.05,1258.461844,0.085|0.89|0.02|0.09|0.233595|30|3|250
11,u,0.075,1257.355517,0.085|0.89|0.02|0.09|0.233595|30|3|250
11,u,0.1,1256.02238,0.085|0.89|0.02|0.09|0.233595|30|3|250
11,u,0.15,1252.720397,0.085|0.89|0.02|0.09|0.233595|30|3|250
11,u,0.2,1248.641212,0.085|0.89|0.02|0.09|0.233595|30|3|250
11,u,0.25,1243.863841,0.085|0.89|0.02|0.09|0.233595|30|3|250
11,u,0.35,1232.501577,0.085|0.89|0.02|0.09|0.233595|30|3|250
11,u,0.5,1112.968605,0.085|0.89|0.02|0.09|0.233595|30|3|250
11,u,0.7,,0.085|0.89|0.02|0.09|0.233595|30|3|250
11,u,1,,0.085|0.89|0.02|0.09|0.233595|30|3|250
11,u,1.5,,0.085|0.89|0.02|0.09|0.233595|30|3|250
11,v,-2.5,1304.174383,0.085|0.89|0.02|0.09|0.233595|30|3|250
11,v,-1.5,1278.487967,0.085|0.89|0.02|0.09|0.233595|30|3|250
11,v,-1,1270.390048,0.085|0.89|0.02|0.09|0.233595|30|3|250
11,v,-0.7,1266.577171,0.085|0.89|0.02|0.09|0.233595|30|3|250
11,v,-0.35,1262.915126,0.085|0.89|0.02|0.09|0.233595|30|3|250
11,v,-0.15,1261.14302,0.085|0.89|0.02|0.09|0.233595|30|3|250
11,v,-0.05,1260.333592,0.085|0.89|0.02|0.09|0.233595|30|3|250
11,v,0.05,1259.571302,0.085|0.89|0.02|0.09|0.233595|30|3|250
11,v,0.15,1258.853404,0.085|0.89|0.02|0.09|0.233595|30|3|250
11,v,0.35,1257.540595,0.085|0.89|0.02|0.09|0.233595|30|3|250
11,v,0.7,1255.59022,0.085|0.89|0.02|0.09|0.233595|30|3|250
11,v,1,1254.215316,0.085|0.89|0.02|0.09|0.233595|30|3|250
11,v,1.5,1252.408426,0.085|0.89|0.02|0.09|0.233595|30|3|250
11,d4,-0.02,1174.945664,0.085|0.89|0.02|0.09|0.233595|30|3|250
11,d4,-0.017,1188.391203,0.085|0.89|0.02|0.09|0.233595|30|3|250
11,d4,-0.012,1204.853849,0.085|0.89|0.02|0.09|0.233595|30|3|250
11,d4,-0.008,1229.218198,0.085|0.89|0.02|0.09|0.233595|30|3|250
11,d4,-0.004,1244.518386,0.085|0.89|0.02|0.09|0.233595|30|3|250
11,d4,0.004,1275.505187,0.085|0.89|0.02|0.09|0.233595|30|3|250
11,d4,0.008,1291.19573,0.085|0.89|0.02|0.09|0.233595|30|3|250
11,d4,0.012,1307.020358,0.085|0.89|0.02|0.09|0.233595|30|3|250
11,d4,0.017,1334.083009,0.085|0.89|0.02|0.09|0.233595|30|3|250
11,d4,0.025,1366.549374,0.085|0.89|0.02|0.09|0.233595|30|3|250
11,d4,0.04,1431.4015,0.085|0.89|0.02|0.09|0.233595|30|3|250
11,d4,0.06,1527.920783,0.085|0.89|0.02|0.09|0.233595|30|3|250
11,d4,0.1,1714.209468,0.085|0.89|0.02|0.09|0.233595|30|3|250
11,d4,0.15,1990.811487,0.085|0.89|0.02|0.09|0.233595|30|3|250
11,dc,-0.06,1063.699857,0.085|0.89|0.02|0.09|0.233595|30|3|250
11,dc,-0.04,1129.453147,0.085|0.89|0.02|0.09|0.233595|30|3|250
11,dc,-0.025,1175.980266,0.085|0.89|0.02|0.09|0.233595|30|3|250
11,dc,-0.017,1200.17372,0.085|0.89|0.02|0.09|0.233595|30|3|250
11,dc,-0.012,1222.389613,0.085|0.89|0.02|0.09|0.233595|30|3|250
11,dc,-0.008,1234.80062,0.085|0.89|0.02|0.09|0.233595|30|3|250
11,dc,-0.004,1247.3191,0.085|0.89|0.02|0.09|0.233595|30|3|250
11,dc,0.004,1272.685202,0.085|0.89|0.02|0.09|0.233595|30|3|250
11,dc,0.008,1285.536224,0.085|0.89|0.02|0.09|0.233595|30|3|250
11,dc,0.012,1298.501519,0.085|0.89|0.02|0.09|0.233595|30|3|250
11,dc,0.017,1321.971448,0.085|0.89|0.02|0.09|0.233595|30|3|250
11,dc,0.025,1348.611932,0.085|0.89|0.02|0.09|0.233595|30|3|250
11,dc,0.04,1402.320038,0.085|0.89|0.02|0.09|0.233595|30|3|250
11,dc,0.06,1473.59683,0.085|0.89|0.02|0.09|0.233595|30|3|250
11,dc,0.1,1637.323607,0.085|0.89|0.02|0.09|0.233595|30|3|250
11,dc,0.15,1858.431242,0.085|0.89|0.02|0.09|0.233595|30|3|250
12,f0,0,965.6832233,0.077|0.98|0.01|0.01|0.233008|30|3|225
12,u,-2.5,1626.877802,0.077|0.98|0.01|0.01|0.233008|30|3|225
12,u,-1.5,1146.280369,0.077|0.98|0.01|0.01|0.233008|30|3|225
12,u,-1,1032.665892,0.077|0.98|0.01|0.01|0.233008|30|3|225
12,u,-0.7,986.3814104,0.077|0.98|0.01|0.01|0.233008|30|3|225
12,u,-0.5,978.2282557,0.077|0.98|0.01|0.01|0.233008|30|3|225
12,u,-0.35,974.2560914,0.077|0.98|0.01|0.01|0.233008|30|3|225
12,u,-0.25,974.7896716,0.077|0.98|0.01|0.01|0.233008|30|3|225
12,u,-0.2,968.6001549,0.077|0.98|0.01|0.01|0.233008|30|3|225
12,u,-0.15,973.9041222,0.077|0.98|0.01|0.01|0.233008|30|3|225
12,u,-0.1,967.6961684,0.077|0.98|0.01|0.01|0.233008|30|3|225
12,u,-0.075,964.7013536,0.077|0.98|0.01|0.01|0.233008|30|3|225
12,u,-0.05,971.8519555,0.077|0.98|0.01|0.01|0.233008|30|3|225
12,u,-0.03,969.3491012,0.077|0.98|0.01|0.01|0.233008|30|3|225
12,u,-0.02,968.1154687,0.077|0.98|0.01|0.01|0.233008|30|3|225
12,u,-0.01,966.893547,0.077|0.98|0.01|0.01|0.233008|30|3|225
12,u,0.01,964.4843857,0.077|0.98|0.01|0.01|0.233008|30|3|225
12,u,0.02,963.2969237,0.077|0.98|0.01|0.01|0.233008|30|3|225
12,u,0.03,962.1207276,0.077|0.98|0.01|0.01|0.233008|30|3|225
12,u,0.05,968.8515099,0.077|0.98|0.01|0.01|0.233008|30|3|225
12,u,0.075,965.773884,0.077|0.98|0.01|0.01|0.233008|30|3|225
12,u,0.1,962.7688268,0.077|0.98|0.01|0.01|0.233008|30|3|225
12,u,0.15,965.0906264,0.077|0.98|0.01|0.01|0.233008|30|3|225
12,u,0.2,959.1315581,0.077|0.98|0.01|0.01|0.233008|30|3|225
12,u,0.25,960.7302356,0.077|0.98|0.01|0.01|0.233008|30|3|225
12,u,0.35,955.9076661,0.077|0.98|0.01|0.01|0.233008|30|3|225
12,u,0.5,950.8110042,0.077|0.98|0.01|0.01|0.233008|30|3|225
12,u,0.7,947.8503953,0.077|0.98|0.01|0.01|0.233008|30|3|225
12,u,1,,0.077|0.98|0.01|0.01|0.233008|30|3|225
12,u,1.5,,0.077|0.98|0.01|0.01|0.233008|30|3|225
12,v,-2.5,1009.977694,0.077|0.98|0.01|0.01|0.233008|30|3|225
12,v,-1.5,984.2524713,0.077|0.98|0.01|0.01|0.233008|30|3|225
12,v,-1,976.1423185,0.077|0.98|0.01|0.01|0.233008|30|3|225
12,v,-0.7,972.3236816,0.077|0.98|0.01|0.01|0.233008|30|3|225
12,v,-0.35,968.6561039,0.077|0.98|0.01|0.01|0.233008|30|3|225
12,v,-0.15,966.8813199,0.077|0.98|0.01|0.01|0.233008|30|3|225
12,v,-0.05,966.0706696,0.077|0.98|0.01|0.01|0.233008|30|3|225
12,v,0.05,965.3072278,0.077|0.98|0.01|0.01|0.233008|30|3|225
12,v,0.15,964.5882454,0.077|0.98|0.01|0.01|0.233008|30|3|225
12,v,0.35,963.273453,0.077|0.98|0.01|0.01|0.233008|30|3|225
12,v,0.7,961.3201313,0.077|0.98|0.01|0.01|0.233008|30|3|225
12,v,1,959.9431501,0.077|0.98|0.01|0.01|0.233008|30|3|225
12,v,1.5,958.1335304,0.077|0.98|0.01|0.01|0.233008|30|3|225
12,d4,-0.01,925.8152427,0.077|0.98|0.01|0.01|0.233008|30|3|225
12,d4,-0.008,937.5560306,0.077|0.98|0.01|0.01|0.233008|30|3|225
12,d4,-0.004,951.58269,0.077|0.98|0.01|0.01|0.233008|30|3|225
12,d4,0.004,979.8642013,0.077|0.98|0.01|0.01|0.233008|30|3|225
12,d4,0.008,994.1309342,0.077|0.98|0.01|0.01|0.233008|30|3|225
12,d4,0.012,1008.487874,0.077|0.98|0.01|0.01|0.233008|30|3|225
12,d4,0.017,1033.806669,0.077|0.98|0.01|0.01|0.233008|30|3|225
12,d4,0.025,1063.097531,0.077|0.98|0.01|0.01|0.233008|30|3|225
12,d4,0.04,1121.619352,0.077|0.98|0.01|0.01|0.233008|30|3|225
12,d4,0.06,1198.924531,0.077|0.98|0.01|0.01|0.233008|30|3|225
12,d4,0.1,1363.150938,0.077|0.98|0.01|0.01|0.233008|30|3|225
12,d4,0.15,1594.729173,0.077|0.98|0.01|0.01|0.233008|30|3|225
12,dc,-0.01,932.339753,0.077|0.98|0.01|0.01|0.233008|30|3|225
12,dc,-0.008,942.7800012,0.077|0.98|0.01|0.01|0.233008|30|3|225
12,dc,-0.004,954.2022608,0.077|0.98|0.01|0.01|0.233008|30|3|225
12,dc,0.004,977.2291031,0.077|0.98|0.01|0.01|0.233008|30|3|225
12,dc,0.008,988.8449016,0.077|0.98|0.01|0.01|0.233008|30|3|225
12,dc,0.012,1000.534791,0.077|0.98|0.01|0.01|0.233008|30|3|225
12,dc,0.017,1022.505897,0.077|0.98|0.01|0.01|0.233008|30|3|225
12,dc,0.025,1046.375625,0.077|0.98|0.01|0.01|0.233008|30|3|225
12,dc,0.04,1094.553451,0.077|0.98|0.01|0.01|0.233008|30|3|225
12,dc,0.06,1157.663276,0.077|0.98|0.01|0.01|0.233008|30|3|225
12,dc,0.1,1292.016622,0.077|0.98|0.01|0.01|0.233008|30|3|225
12,dc,0.15,1307.385516,0.077|0.98|0.01|0.01|0.233008|30|3|225
13,f0,0,970.869053,0.074|0.98|0.01|0.01|0.22393|30|3|225
13,u,-2.5,1657.553039,0.074|0.98|0.01|0.01|0.22393|30|3|225
13,u,-1.5,1158.166834,0.074|0.98|0.01|0.01|0.22393|30|3|225
13,u,-1,1040.154708,0.074|0.98|0.01|0.01|0.22393|30|3|225
13,u,-0.7,992.0891657,0.074|0.98|0.01|0.01|0.22393|30|3|225
13,u,-0.5,983.6895075,0.074|0.98|0.01|0.01|0.22393|30|3|225
13,u,-0.35,979.6231259,0.074|0.98|0.01|0.01|0.22393|30|3|225
13,u,-0.25,980.2306831,0.074|0.98|0.01|0.01|0.22393|30|3|225
13,u,-0.2,973.8024746,0.074|0.98|0.01|0.01|0.22393|30|3|225
13,u,-0.15,967.6731059,0.074|0.98|0.01|0.01|0.22393|30|3|225
13,u,-0.1,972.9130401,0.074|0.98|0.01|0.01|0.22393|30|3|225
13,u,-0.075,969.8026526,0.074|0.98|0.01|0.01|0.22393|30|3|225
13,u,-0.05,966.7654875,0.074|0.98|0.01|0.01|0.22393|30|3|225
13,u,-0.03,964.3872985,0.074|0.98|0.01|0.01|0.22393|30|3|225
13,u,-0.02,973.3952772,0.074|0.98|0.01|0.01|0.22393|30|3|225
13,u,-0.01,972.1261386,0.074|0.98|0.01|0.01|0.22393|30|3|225
13,u,0.01,969.6239043,0.074|0.98|0.01|0.01|0.22393|30|3|225
13,u,0.02,968.3905773,0.074|0.98|0.01|0.01|0.22393|30|3|225
13,u,0.03,967.1689583,0.074|0.98|0.01|0.01|0.22393|30|3|225
13,u,0.05,964.7603934,0.074|0.98|0.01|0.01|0.22393|30|3|225
13,u,0.075,961.8135575,0.074|0.98|0.01|0.01|0.22393|30|3|225
13,u,0.1,967.8865859,0.074|0.98|0.01|0.01|0.22393|30|3|225
13,u,0.15,961.8631732,0.074|0.98|0.01|0.01|0.22393|30|3|225
13,u,0.2,964.1515421,0.074|0.98|0.01|0.01|0.22393|30|3|225
13,u,0.25,958.2505608,0.074|0.98|0.01|0.01|0.22393|30|3|225
13,u,0.35,954.0740055,0.074|0.98|0.01|0.01|0.22393|30|3|225
13,u,0.5,955.6692868,0.074|0.98|0.01|0.01|0.22393|30|3|225
13,u,0.7,948.1664874,0.074|0.98|0.01|0.01|0.22393|30|3|225
13,u,1,1026.920285,0.074|0.98|0.01|0.01|0.22393|30|3|225
13,u,1.5,,0.074|0.98|0.01|0.01|0.22393|30|3|225
13,v,-2.5,1016.232354,0.074|0.98|0.01|0.01|0.22393|30|3|225
13,v,-1.5,989.8863789,0.074|0.98|0.01|0.01|0.22393|30|3|225
13,v,-1,981.5805273,0.074|0.98|0.01|0.01|0.22393|30|3|225
13,v,-0.7,977.6697463,0.074|0.98|0.01|0.01|0.22393|30|3|225
13,v,-0.35,973.9136696,0.074|0.98|0.01|0.01|0.22393|30|3|225
13,v,-0.15,972.0960599,0.074|0.98|0.01|0.01|0.22393|30|3|225
13,v,-0.05,971.2658484,0.074|0.98|0.01|0.01|0.22393|30|3|225
13,v,0.05,970.4839847,0.074|0.98|0.01|0.01|0.22393|30|3|225
13,v,0.15,969.7476532,0.074|0.98|0.01|0.01|0.22393|30|3|225
13,v,0.35,968.4011348,0.074|0.98|0.01|0.01|0.22393|30|3|225
13,v,0.7,966.4006792,0.074|0.98|0.01|0.01|0.22393|30|3|225
13,v,1,964.9904713,0.074|0.98|0.01|0.01|0.22393|30|3|225
13,v,1.5,963.1371853,0.074|0.98|0.01|0.01|0.22393|30|3|225
13,d4,-0.01,929.7237015,0.074|0.98|0.01|0.01|0.22393|30|3|225
13,d4,-0.008,941.8838875,0.074|0.98|0.01|0.01|0.22393|30|3|225
13,d4,-0.004,956.338198,0.074|0.98|0.01|0.01|0.22393|30|3|225
13,d4,0.004,985.4831512,0.074|0.98|0.01|0.01|0.22393|30|3|225
13,d4,0.008,1000.185914,0.074|0.98|0.01|0.01|0.22393|30|3|225
13,d4,0.012,1014.981891,0.074|0.98|0.01|0.01|0.22393|30|3|225
13,d4,0.017,1031.09537,0.074|0.98|0.01|0.01|0.22393|30|3|225
13,d4,0.025,1061.223855,0.074|0.98|0.01|0.01|0.22393|30|3|225
13,d4,0.04,1121.450496,0.074|0.98|0.01|0.01|0.22393|30|3|225
13,d4,0.06,1200.950664,0.074|0.98|0.01|0.01|0.22393|30|3|225
13,d4,0.1,1369.825396,0.074|0.98|0.01|0.01|0.22393|30|3|225
13,d4,0.15,1596.608874,0.074|0.98|0.01|0.01|0.22393|30|3|225
13,dc,-0.01,936.2481874,0.074|0.98|0.01|0.01|0.22393|30|3|225
13,dc,-0.008,947.1078478,0.074|0.98|0.01|0.01|0.22393|30|3|225
13,dc,-0.004,958.9577676,0.074|0.98|0.01|0.01|0.22393|30|3|225
13,dc,0.004,982.8480476,0.074|0.98|0.01|0.01|0.22393|30|3|225
13,dc,0.008,994.8998648,0.074|0.98|0.01|0.01|0.22393|30|3|225
13,dc,0.012,1007.028776,0.074|0.98|0.01|0.01|0.22393|30|3|225
13,dc,0.017,1019.782288,0.074|0.98|0.01|0.01|0.22393|30|3|225
13,dc,0.025,1044.48384,0.074|0.98|0.01|0.01|0.22393|30|3|225
13,dc,0.04,1094.355444,0.074|0.98|0.01|0.01|0.22393|30|3|225
13,dc,0.06,1159.645013,0.074|0.98|0.01|0.01|0.22393|30|3|225
13,dc,0.1,1298.614127,0.074|0.98|0.01|0.01|0.22393|30|3|225
13,dc,0.15,1438.686769,0.074|0.98|0.01|0.01|0.22393|30|3|225
14,f0,0,1291.29607,0.081|0.88|0.01|0.11|0.220101|30|3|250
14,u,-2.5,1712.714797,0.081|0.88|0.01|0.11|0.220101|30|3|250
14,u,-1.5,1392.826855,0.081|0.88|0.01|0.11|0.220101|30|3|250
14,u,-1,1367.31018,0.081|0.88|0.01|0.11|0.220101|30|3|250
14,u,-0.7,1326.432202,0.081|0.88|0.01|0.11|0.220101|30|3|250
14,u,-0.5,1330.517959,0.081|0.88|0.01|0.11|0.220101|30|3|250
14,u,-0.35,1310.865354,0.081|0.88|0.01|0.11|0.220101|30|3|250
14,u,-0.25,1308.348104,0.081|0.88|0.01|0.11|0.220101|30|3|250
14,u,-0.2,1299.420741,0.081|0.88|0.01|0.11|0.220101|30|3|250
14,u,-0.15,1301.872231,0.081|0.88|0.01|0.11|0.220101|30|3|250
14,u,-0.1,1291.873291,0.081|0.88|0.01|0.11|0.220101|30|3|250
14,u,-0.075,1292.187242,0.081|0.88|0.01|0.11|0.220101|30|3|250
14,u,-0.05,1292.185913,0.081|0.88|0.01|0.11|0.220101|30|3|250
14,u,-0.03,1294.013958,0.081|0.88|0.01|0.11|0.220101|30|3|250
14,u,-0.02,1289.764626,0.081|0.88|0.01|0.11|0.220101|30|3|250
14,u,-0.01,1295.569677,0.081|0.88|0.01|0.11|0.220101|30|3|250
14,u,0.01,1287.064016,0.081|0.88|0.01|0.11|0.220101|30|3|250
14,u,0.02,1292.567509,0.081|0.88|0.01|0.11|0.220101|30|3|250
14,u,0.03,1288.313988,0.081|0.88|0.01|0.11|0.220101|30|3|250
14,u,0.05,1289.315781,0.081|0.88|0.01|0.11|0.220101|30|3|250
14,u,0.075,1287.949493,0.081|0.88|0.01|0.11|0.220101|30|3|250
14,u,0.1,1286.348957,0.081|0.88|0.01|0.11|0.220101|30|3|250
14,u,0.15,1282.491938,0.081|0.88|0.01|0.11|0.220101|30|3|250
14,u,0.2,1277.833978,0.081|0.88|0.01|0.11|0.220101|30|3|250
14,u,0.25,1272.457718,0.081|0.88|0.01|0.11|0.220101|30|3|250
14,u,0.35,1214.431928,0.081|0.88|0.01|0.11|0.220101|30|3|250
14,u,0.5,1061.231511,0.081|0.88|0.01|0.11|0.220101|30|3|250
14,u,0.7,1692.743156,0.081|0.88|0.01|0.11|0.220101|30|3|250
14,u,1,,0.081|0.88|0.01|0.11|0.220101|30|3|250
14,u,1.5,,0.081|0.88|0.01|0.11|0.220101|30|3|250
14,v,-2.5,1337.131237,0.081|0.88|0.01|0.11|0.220101|30|3|250
14,v,-1.5,1310.511213,0.081|0.88|0.01|0.11|0.220101|30|3|250
14,v,-1,1302.118965,0.081|0.88|0.01|0.11|0.220101|30|3|250
14,v,-0.7,1298.167504,0.081|0.88|0.01|0.11|0.220101|30|3|250
14,v,-0.35,1294.372357,0.081|0.88|0.01|0.11|0.220101|30|3|250
14,v,-0.15,1292.535841,0.081|0.88|0.01|0.11|0.220101|30|3|250
14,v,-0.05,1291.696993,0.081|0.88|0.01|0.11|0.220101|30|3|250
14,v,0.05,1290.906997,0.081|0.88|0.01|0.11|0.220101|30|3|250
14,v,0.15,1290.163006,0.081|0.88|0.01|0.11|0.220101|30|3|250
14,v,0.35,1288.802481,0.081|0.88|0.01|0.11|0.220101|30|3|250
14,v,0.7,1286.781217,0.081|0.88|0.01|0.11|0.220101|30|3|250
14,v,1,1285.35634,0.081|0.88|0.01|0.11|0.220101|30|3|250
14,v,1.5,1283.483777,0.081|0.88|0.01|0.11|0.220101|30|3|250
14,d4,-0.01,1246.0572,0.081|0.88|0.01|0.11|0.220101|30|3|250
14,d4,-0.008,1258.960501,0.081|0.88|0.01|0.11|0.220101|30|3|250
14,d4,-0.004,1275.0598,0.081|0.88|0.01|0.11|0.220101|30|3|250
14,d4,0.004,1307.671393,0.081|0.88|0.01|0.11|0.220101|30|3|250
14,d4,0.008,1324.187873,0.081|0.88|0.01|0.11|0.220101|30|3|250
14,d4,0.012,1340.847642,0.081|0.88|0.01|0.11|0.220101|30|3|250
14,d4,0.017,1359.357634,0.081|0.88|0.01|0.11|0.220101|30|3|250
14,d4,0.025,1403.628653,0.081|0.88|0.01|0.11|0.220101|30|3|250
14,d4,0.04,1471.987582,0.081|0.88|0.01|0.11|0.220101|30|3|250
14,d4,0.06,1563.31307,0.081|0.88|0.01|0.11|0.220101|30|3|250
14,d4,0.1,1759.414521,0.081|0.88|0.01|0.11|0.220101|30|3|250
14,d4,0.15,2039.529989,0.081|0.88|0.01|0.11|0.220101|30|3|250
14,dc,-0.1,969.213852,0.081|0.88|0.01|0.11|0.220101|30|3|250
14,dc,-0.06,1092.401814,0.081|0.88|0.01|0.11|0.220101|30|3|250
14,dc,-0.04,1152.795446,0.081|0.88|0.01|0.11|0.220101|30|3|250
14,dc,-0.025,1202.151761,0.081|0.88|0.01|0.11|0.220101|30|3|250
14,dc,-0.017,1227.821624,0.081|0.88|0.01|0.11|0.220101|30|3|250
14,dc,-0.012,1251.426302,0.081|0.88|0.01|0.11|0.220101|30|3|250
14,dc,-0.008,1264.599932,0.081|0.88|0.01|0.11|0.220101|30|3|250
14,dc,-0.004,1277.889258,0.081|0.88|0.01|0.11|0.220101|30|3|250
14,dc,0.004,1304.822176,0.081|0.88|0.01|0.11|0.220101|30|3|250
14,dc,0.008,1318.469402,0.081|0.88|0.01|0.11|0.220101|30|3|250
14,dc,0.012,1332.239598,0.081|0.88|0.01|0.11|0.220101|30|3|250
14,dc,0.017,1347.10534,0.081|0.88|0.01|0.11|0.220101|30|3|250
14,dc,0.025,1375.319395,0.081|0.88|0.01|0.11|0.220101|30|3|250
14,dc,0.04,1432.23475,0.081|0.88|0.01|0.11|0.220101|30|3|250
14,dc,0.06,1518.384106,0.081|0.88|0.01|0.11|0.220101|30|3|250
14,dc,0.1,1681.53968,0.081|0.88|0.01|0.11|0.220101|30|3|250
14,dc,0.15,1904.586858,0.081|0.88|0.01|0.11|0.220101|30|3|250
15,f0,0,1185.699564,0.077|0.91|0.01|0.08|0.216365|30|3|250
15,u,-2.5,1713.119944,0.077|0.91|0.01|0.08|0.216365|30|3|250
15,u,-1.5,1293.005966,0.077|0.91|0.01|0.08|0.216365|30|3|250
15,u,-1,1248.154124,0.077|0.91|0.01|0.08|0.216365|30|3|250
15,u,-0.7,1237.341366,0.077|0.91|0.01|0.08|0.216365|30|3|250
15,u,-0.5,1223.249545,0.077|0.91|0.01|0.08|0.216365|30|3|250
15,u,-0.35,1203.649779,0.077|0.91|0.01|0.08|0.216365|30|3|250
15,u,-0.25,1198.276381,0.077|0.91|0.01|0.08|0.216365|30|3|250
15,u,-0.2,1194.674294,0.077|0.91|0.01|0.08|0.216365|30|3|250
15,u,-0.15,1202.4508,0.077|0.91|0.01|0.08|0.216365|30|3|250
15,u,-0.1,1197.237219,0.077|0.91|0.01|0.08|0.216365|30|3|250
15,u,-0.075,1188.987378,0.077|0.91|0.01|0.08|0.216365|30|3|250
15,u,-0.05,1191.637675,0.077|0.91|0.01|0.08|0.216365|30|3|250
15,u,-0.03,1195.584189,0.077|0.91|0.01|0.08|0.216365|30|3|250
15,u,-0.02,1192.257176,0.077|0.91|0.01|0.08|0.216365|30|3|250
15,u,-0.01,1188.962406,0.077|0.91|0.01|0.08|0.216365|30|3|250
15,u,0.01,1192.501563,0.077|0.91|0.01|0.08|0.216365|30|3|250
15,u,0.02,1189.195062,0.077|0.91|0.01|0.08|0.216365|30|3|250
15,u,0.03,1185.920606,0.077|0.91|0.01|0.08|0.216365|30|3|250
15,u,0.05,1189.076905,0.077|0.91|0.01|0.08|0.216365|30|3|250
15,u,0.075,1190.283415,0.077|0.91|0.01|0.08|0.216365|30|3|250
15,u,0.1,1182.084567,0.077|0.91|0.01|0.08|0.216365|30|3|250
15,u,0.15,1183.522144,0.077|0.91|0.01|0.08|0.216365|30|3|250
15,u,0.2,1175.71985,0.077|0.91|0.01|0.08|0.216365|30|3|250
15,u,0.25,1175.539339,0.077|0.91|0.01|0.08|0.216365|30|3|250
15,u,0.35,1172.533446,0.077|0.91|0.01|0.08|0.216365|30|3|250
15,u,0.5,1096.774226,0.077|0.91|0.01|0.08|0.216365|30|3|250
15,u,0.7,1124.729523,0.077|0.91|0.01|0.08|0.216365|30|3|250
15,u,1,,0.077|0.91|0.01|0.08|0.216365|30|3|250
15,u,1.5,,0.077|0.91|0.01|0.08|0.216365|30|3|250
15,v,-2.5,1232.007968,0.077|0.91|0.01|0.08|0.216365|30|3|250
15,v,-1.5,1205.113098,0.077|0.91|0.01|0.08|0.216365|30|3|250
15,v,-1,1196.634202,0.077|0.91|0.01|0.08|0.216365|30|3|250
15,v,-0.7,1192.641943,0.077|0.91|0.01|0.08|0.216365|30|3|250
15,v,-0.35,1188.807612,0.077|0.91|0.01|0.08|0.216365|30|3|250
15,v,-0.15,1186.952134,0.077|0.91|0.01|0.08|0.216365|30|3|250
15,v,-0.05,1186.104626,0.077|0.91|0.01|0.08|0.216365|30|3|250
15,v,0.05,1185.306473,0.077|0.91|0.01|0.08|0.216365|30|3|250
15,v,0.15,1184.5548,0.077|0.91|0.01|0.08|0.216365|30|3|250
15,v,0.35,1183.180228,0.077|0.91|0.01|0.08|0.216365|30|3|250
15,v,0.7,1181.138095,0.077|0.91|0.01|0.08|0.216365|30|3|250
15,v,1,1179.698507,0.077|0.91|0.01|0.08|0.216365|30|3|250
15,v,1.5,1177.806609,0.077|0.91|0.01|0.08|0.216365|30|3|250
15,d4,-0.01,1151.364765,0.077|0.91|0.01|0.08|0.216365|30|3|250
15,d4,-0.008,1154.149384,0.077|0.91|0.01|0.08|0.216365|30|3|250
15,d4,-0.004,1169.861418,0.077|0.91|0.01|0.08|0.216365|30|3|250
15,d4,0.004,1201.6659,0.077|0.91|0.01|0.08|0.216365|30|3|250
15,d4,0.008,1227.979649,0.077|0.91|0.01|0.08|0.216365|30|3|250
15,d4,0.012,1244.247574,0.077|0.91|0.01|0.08|0.216365|30|3|250
15,d4,0.017,1262.196423,0.077|0.91|0.01|0.08|0.216365|30|3|250
15,d4,0.025,1295.465169,0.077|0.91|0.01|0.08|0.216365|30|3|250
15,d4,0.04,1362.021871,0.077|0.91|0.01|0.08|0.216365|30|3|250
15,d4,0.06,1450.608516,0.077|0.91|0.01|0.08|0.216365|30|3|250
15,d4,0.1,1640.240221,0.077|0.91|0.01|0.08|0.216365|30|3|250
15,d4,0.15,1898.19792,0.077|0.91|0.01|0.08|0.216365|30|3|250
15,dc,-0.06,1000.0661,0.077|0.91|0.01|0.08|0.216365|30|3|250
15,dc,-0.04,1059.607081,0.077|0.91|0.01|0.08|0.216365|30|3|250
15,dc,-0.025,1108.200045,0.077|0.91|0.01|0.08|0.216365|30|3|250
15,dc,-0.017,1133.371767,0.077|0.91|0.01|0.08|0.216365|30|3|250
15,dc,-0.012,1146.804579,0.077|0.91|0.01|0.08|0.216365|30|3|250
15,dc,-0.008,1159.662929,0.077|0.91|0.01|0.08|0.216365|30|3|250
15,dc,-0.004,1172.627313,0.077|0.91|0.01|0.08|0.216365|30|3|250
15,dc,0.004,1198.881506,0.077|0.91|0.01|0.08|0.216365|30|3|250
15,dc,0.008,1212.174964,0.077|0.91|0.01|0.08|0.216365|30|3|250
15,dc,0.012,1235.846807,0.077|0.91|0.01|0.08|0.216365|30|3|250
15,dc,0.017,1250.241416,0.077|0.91|0.01|0.08|0.216365|30|3|250
15,dc,0.025,1277.763051,0.077|0.91|0.01|0.08|0.216365|30|3|250
15,dc,0.04,1333.332626,0.077|0.91|0.01|0.08|0.216365|30|3|250
15,dc,0.06,1406.796552,0.077|0.91|0.01|0.08|0.216365|30|3|250
15,dc,0.1,1564.432004,0.077|0.91|0.01|0.08|0.216365|30|3|250
15,dc,0.15,1778.567916,0.077|0.91|0.01|0.08|0.216365|30|3|250
16,f0,0,1190.075906,0.076|0.91|0.01|0.08|0.213555|30|3|250
16,u,-2.5,1723.811257,0.076|0.91|0.01|0.08|0.213555|30|3|250
16,u,-1.5,1298.414878,0.076|0.91|0.01|0.08|0.213555|30|3|250
16,u,-1,1253.083294,0.076|0.91|0.01|0.08|0.213555|30|3|250
16,u,-0.7,1220.753295,0.076|0.91|0.01|0.08|0.213555|30|3|250
16,u,-0.5,1210.539586,0.076|0.91|0.01|0.08|0.213555|30|3|250
16,u,-0.35,1208.152001,0.076|0.91|0.01|0.08|0.213555|30|3|250
16,u,-0.25,1202.73688,0.076|0.91|0.01|0.08|0.213555|30|3|250
16,u,-0.2,1199.101886,0.076|0.91|0.01|0.08|0.213555|30|3|250
16,u,-0.15,1194.933843,0.076|0.91|0.01|0.08|0.213555|30|3|250
16,u,-0.1,1201.736274,0.076|0.91|0.01|0.08|0.213555|30|3|250
16,u,-0.075,1193.380763,0.076|0.91|0.01|0.08|0.213555|30|3|250
16,u,-0.05,1196.077605,0.076|0.91|0.01|0.08|0.213555|30|3|250
16,u,-0.03,1189.467121,0.076|0.91|0.01|0.08|0.213555|30|3|250
16,u,-0.02,1196.71753,0.076|0.91|0.01|0.08|0.213555|30|3|250
16,u,-0.01,1193.380548,0.076|0.91|0.01|0.08|0.213555|30|3|250
16,u,0.01,1186.803289,0.076|0.91|0.01|0.08|0.213555|30|3|250
16,u,0.02,1193.628563,0.076|0.91|0.01|0.08|0.213555|30|3|250
16,u,0.03,1190.312153,0.076|0.91|0.01|0.08|0.213555|30|3|250
16,u,0.05,1183.775448,0.076|0.91|0.01|0.08|0.213555|30|3|250
16,u,0.075,1185.269849,0.076|0.91|0.01|0.08|0.213555|30|3|250
16,u,0.1,1186.451431,0.076|0.91|0.01|0.08|0.213555|30|3|250
16,u,0.15,1179.186069,0.076|0.91|0.01|0.08|0.213555|30|3|250
16,u,0.2,1180.041255,0.076|0.91|0.01|0.08|0.213555|30|3|250
16,u,0.25,1179.882175,0.076|0.91|0.01|0.08|0.213555|30|3|250
16,u,0.35,1169.864465,0.076|0.91|0.01|0.08|0.213555|30|3|250
16,u,0.5,1108.32275,0.076|0.91|0.01|0.08|0.213555|30|3|250
16,u,0.7,1051.424544,0.076|0.91|0.01|0.08|0.213555|30|3|250
16,u,1,,0.076|0.91|0.01|0.08|0.213555|30|3|250
16,u,1.5,,0.076|0.91|0.01|0.08|0.213555|30|3|250
16,v,-2.5,1236.748956,0.076|0.91|0.01|0.08|0.213555|30|3|250
16,v,-1.5,1209.642308,0.076|0.91|0.01|0.08|0.213555|30|3|250
16,v,-1,1201.096647,0.076|0.91|0.01|0.08|0.213555|30|3|250
16,v,-0.7,1197.072952,0.076|0.91|0.01|0.08|0.213555|30|3|250
16,v,-0.35,1193.208428,0.076|0.91|0.01|0.08|0.213555|30|3|250
16,v,-0.15,1191.33834,0.076|0.91|0.01|0.08|0.213555|30|3|250
16,v,-0.05,1190.484158,0.076|0.91|0.01|0.08|0.213555|30|3|250
16,v,0.05,1189.67972,0.076|0.91|0.01|0.08|0.213555|30|3|250
16,v,0.15,1188.922129,0.076|0.91|0.01|0.08|0.213555|30|3|250
16,v,0.35,1187.536733,0.076|0.91|0.01|0.08|0.213555|30|3|250
16,v,0.7,1185.47852,0.076|0.91|0.01|0.08|0.213555|30|3|250
16,v,1,1184.027596,0.076|0.91|0.01|0.08|0.213555|30|3|250
16,v,1.5,1182.120801,0.076|0.91|0.01|0.08|0.213555|30|3|250
16,d4,-0.01,1145.223707,0.076|0.91|0.01|0.08|0.213555|30|3|250
16,d4,-0.008,1158.207817,0.076|0.91|0.01|0.08|0.213555|30|3|250
16,d4,-0.004,1174.078152,0.076|0.91|0.01|0.08|0.213555|30|3|250
16,d4,0.004,1206.203178,0.076|0.91|0.01|0.08|0.213555|30|3|250
16,d4,0.008,1222.462066,0.076|0.91|0.01|0.08|0.213555|30|3|250
16,d4,0.012,1238.85468,0.076|0.91|0.01|0.08|0.213555|30|3|250
16,d4,0.017,1256.923715,0.076|0.91|0.01|0.08|0.213555|30|3|250
16,d4,0.025,1290.446385,0.076|0.91|0.01|0.08|0.213555|30|3|250
16,d4,0.04,1357.52705,0.076|0.91|0.01|0.08|0.213555|30|3|250
16,d4,0.06,1446.78535,0.076|0.91|0.01|0.08|0.213555|30|3|250
16,d4,0.1,1637.848174,0.076|0.91|0.01|0.08|0.213555|30|3|250
16,d4,0.15,1897.704239,0.076|0.91|0.01|0.08|0.213555|30|3|250
16,dc,-0.06,1002.176246,0.076|0.91|0.01|0.08|0.213555|30|3|250
16,dc,-0.04,1062.443767,0.076|0.91|0.01|0.08|0.213555|30|3|250
16,dc,-0.025,1111.634627,0.076|0.91|0.01|0.08|0.213555|30|3|250
16,dc,-0.017,1137.113757,0.076|0.91|0.01|0.08|0.213555|30|3|250
16,dc,-0.012,1150.706028,0.076|0.91|0.01|0.08|0.213555|30|3|250
16,dc,-0.008,1163.721384,0.076|0.91|0.01|0.08|0.213555|30|3|250
16,dc,-0.004,1176.84406,0.076|0.91|0.01|0.08|0.213555|30|3|250
16,dc,0.004,1203.41877,0.076|0.91|0.01|0.08|0.213555|30|3|250
16,dc,0.008,1216.874496,0.076|0.91|0.01|0.08|0.213555|30|3|250
16,dc,0.012,1230.444932,0.076|0.91|0.01|0.08|0.213555|30|3|250
16,dc,0.017,1244.955922,0.076|0.91|0.01|0.08|0.213555|30|3|250
16,dc,0.025,1272.725318,0.076|0.91|0.01|0.08|0.213555|30|3|250
16,dc,0.04,1328.807024,0.076|0.91|0.01|0.08|0.213555|30|3|250
16,dc,0.06,1402.926211,0.076|0.91|0.01|0.08|0.213555|30|3|250
16,dc,0.1,1561.957652,0.076|0.91|0.01|0.08|0.213555|30|3|250
16,dc,0.15,1777.942897,0.076|0.91|0.01|0.08|0.213555|30|3|250
17,f0,0,1586.929887,0.079|0.8|0|0.2|0.195151|30|3|250
17,u,-2.5,1847.074245,0.079|0.8|0|0.2|0.195151|30|3|250
17,u,-1.5,1750.34339,0.079|0.8|0|0.2|0.195151|30|3|250
17,u,-1,1680.397792,0.079|0.8|0|0.2|0.195151|30|3|250
17,u,-0.7,1669.064801,0.079|0.8|0|0.2|0.195151|30|3|250
17,u,-0.5,1644.914862,0.079|0.8|0|0.2|0.195151|30|3|250
17,u,-0.35,1622.494302,0.079|0.8|0|0.2|0.195151|30|3|250
17,u,-0.25,1611.822722,0.079|0.8|0|0.2|0.195151|30|3|250
17,u,-0.2,1604.46294,0.079|0.8|0|0.2|0.195151|30|3|250
17,u,-0.15,1609.040215,0.079|0.8|0|0.2|0.195151|30|3|250
17,u,-0.1,1598.801365,0.079|0.8|0|0.2|0.195151|30|3|250
17,u,-0.075,1593.341945,0.079|0.8|0|0.2|0.195151|30|3|250
17,u,-0.05,1599.452156,0.079|0.8|0|0.2|0.195151|30|3|250
17,u,-0.03,1596.833486,0.079|0.8|0|0.2|0.195151|30|3|250
17,u,-0.02,1589.741347,0.079|0.8|0|0.2|0.195151|30|3|250
17,u,-0.01,1594.003484,0.079|0.8|0|0.2|0.195151|30|3|250
17,u,0.01,1590.971151,0.079|0.8|0|0.2|0.195151|30|3|250
17,u,0.02,1583.918095,0.079|0.8|0|0.2|0.195151|30|3|250
17,u,0.03,1587.745217,0.079|0.8|0|0.2|0.195151|30|3|250
17,u,0.05,1584.334142,0.079|0.8|0|0.2|0.195151|30|3|250
17,u,0.075,1577.247417,0.079|0.8|0|0.2|0.195151|30|3|250
17,u,0.1,1580.062423,0.079|0.8|0|0.2|0.195151|30|3|250
17,u,0.15,1574.277533,0.079|0.8|0|0.2|0.195151|30|3|250
17,u,0.2,1567.130323,0.079|0.8|0|0.2|0.195151|30|3|250
17,u,0.25,1448.948947,0.079|0.8|0|0.2|0.195151|30|3|250
17,u,0.35,1115.222353,0.079|0.8|0|0.2|0.195151|30|3|250
17,u,0.5,988.0291575,0.079|0.8|0|0.2|0.195151|30|3|250
17,u,0.7,1277.708416,0.079|0.8|0|0.2|0.195151|30|3|250
17,u,1,,0.079|0.8|0|0.2|0.195151|30|3|250
17,u,1.5,,0.079|0.8|0|0.2|0.195151|30|3|250
17,v,-2.5,1636.196142,0.079|0.8|0|0.2|0.195151|30|3|250
17,v,-1.5,1607.58342,0.079|0.8|0|0.2|0.195151|30|3|250
17,v,-1,1598.562952,0.079|0.8|0|0.2|0.195151|30|3|250
17,v,-0.7,1594.315696,0.079|0.8|0|0.2|0.195151|30|3|250
17,v,-0.35,1590.236455,0.079|0.8|0|0.2|0.195151|30|3|250
17,v,-0.15,1588.262463,0.079|0.8|0|0.2|0.195151|30|3|250
17,v,-0.05,1587.360822,0.079|0.8|0|0.2|0.195151|30|3|250
17,v,0.05,1586.511688,0.079|0.8|0|0.2|0.195151|30|3|250
17,v,0.15,1585.712004,0.079|0.8|0|0.2|0.195151|30|3|250
17,v,0.35,1584.249635,0.079|0.8|0|0.2|0.195151|30|3|250
17,v,0.7,1582.077064,0.079|0.8|0|0.2|0.195151|30|3|250
17,v,1,1580.545526,0.079|0.8|0|0.2|0.195151|30|3|250
17,v,1.5,1578.532787,0.079|0.8|0|0.2|0.195151|30|3|250
17,d4,0.004,1606.631226,0.079|0.8|0|0.2|0.195151|30|3|250
17,d4,0.008,1626.523816,0.079|0.8|0|0.2|0.195151|30|3|250
17,d4,0.012,1646.610641,0.079|0.8|0|0.2|0.195151|30|3|250
17,d4,0.017,1680.537895,0.079|0.8|0|0.2|0.195151|30|3|250
17,d4,0.025,1721.89413,0.079|0.8|0|0.2|0.195151|30|3|250
17,d4,0.04,1792.920093,0.079|0.8|0|0.2|0.195151|30|3|250
17,d4,0.06,1903.972555,0.079|0.8|0|0.2|0.195151|30|3|250
17,d4,0.1,2144.524933,0.079|0.8|0|0.2|0.195151|30|3|250
17,d4,0.15,2478.916109,0.079|0.8|0|0.2|0.195151|30|3|250
17,dc,-0.15,1048.480042,0.079|0.8|0|0.2|0.195151|30|3|250
17,dc,-0.1,1218.676586,0.079|0.8|0|0.2|0.195151|30|3|250
17,dc,-0.06,1355.884939,0.079|0.8|0|0.2|0.195151|30|3|250
17,dc,-0.04,1429.278149,0.079|0.8|0|0.2|0.195151|30|3|250
17,dc,-0.025,1489.332736,0.079|0.8|0|0.2|0.195151|30|3|250
17,dc,-0.017,1520.794397,0.079|0.8|0|0.2|0.195151|30|3|250
17,dc,-0.012,1538.019001,0.079|0.8|0|0.2|0.195151|30|3|250
17,dc,-0.008,1554.162462,0.079|0.8|0|0.2|0.195151|30|3|250
17,dc,-0.004,1570.465268,0.079|0.8|0|0.2|0.195151|30|3|250
17,dc,0.004,1603.558832,0.079|0.8|0|0.2|0.195151|30|3|250
17,dc,0.008,1620.354666,0.079|0.8|0|0.2|0.195151|30|3|250
17,dc,0.012,1637.319997,0.079|0.8|0|0.2|0.195151|30|3|250
17,dc,0.017,1655.918298,0.079|0.8|0|0.2|0.195151|30|3|250
17,dc,0.025,1690.780645,0.079|0.8|0|0.2|0.195151|30|3|250
17,dc,0.04,1761.053363,0.079|0.8|0|0.2|0.195151|30|3|250
17,dc,0.06,1855.147659,0.079|0.8|0|0.2|0.195151|30|3|250
17,dc,0.1,2059.440001,0.079|0.8|0|0.2|0.195151|30|3|250
17,dc,0.15,2329.565452,0.079|0.8|0|0.2|0.195151|30|3|250
18,f0,0,1648.632817,0.076|0.79|0.01|0.2|0.185394|30|3|250
18,u,-2.5,1907.961827,0.076|0.79|0.01|0.2|0.185394|30|3|250
18,u,-1.5,1807.018754,0.076|0.79|0.01|0.2|0.185394|30|3|250
18,u,-1,1733.86619,0.076|0.79|0.01|0.2|0.185394|30|3|250
18,u,-0.7,1722.27451,0.076|0.79|0.01|0.2|0.185394|30|3|250
18,u,-0.5,1697.105207,0.076|0.79|0.01|0.2|0.185394|30|3|250
18,u,-0.35,1673.708992,0.076|0.79|0.01|0.2|0.185394|30|3|250
18,u,-0.25,1677.974105,0.076|0.79|0.01|0.2|0.185394|30|3|250
18,u,-0.2,1669.516979,0.076|0.79|0.01|0.2|0.185394|30|3|250
18,u,-0.15,1659.873738,0.076|0.79|0.01|0.2|0.185394|30|3|250
18,u,-0.1,1662.271307,0.076|0.79|0.01|0.2|0.185394|30|3|250
18,u,-0.075,1656.221422,0.076|0.79|0.01|0.2|0.185394|30|3|250
18,u,-0.05,1649.960686,0.076|0.79|0.01|0.2|0.185394|30|3|250
18,u,-0.03,1647.240588,0.076|0.79|0.01|0.2|0.185394|30|3|250
18,u,-0.02,1651.809884,0.076|0.79|0.01|0.2|0.185394|30|3|250
18,u,-0.01,1644.298175,0.076|0.79|0.01|0.2|0.185394|30|3|250
18,u,0.01,1641.142918,0.076|0.79|0.01|0.2|0.185394|30|3|250
18,u,0.02,1645.250056,0.076|0.79|0.01|0.2|0.185394|30|3|250
18,u,0.03,1637.783999,0.076|0.79|0.01|0.2|0.185394|30|3|250
18,u,0.05,1634.230317,0.076|0.79|0.01|0.2|0.185394|30|3|250
18,u,0.075,1637.67501,0.076|0.79|0.01|0.2|0.185394|30|3|250
18,u,0.1,1629.837753,0.076|0.79|0.01|0.2|0.185394|30|3|250
18,u,0.15,1623.853442,0.076|0.79|0.01|0.2|0.185394|30|3|250
18,u,0.2,1616.436071,0.076|0.79|0.01|0.2|0.185394|30|3|250
18,u,0.25,1616.720384,0.076|0.79|0.01|0.2|0.185394|30|3|250
18,u,0.35,1366.992975,0.076|0.79|0.01|0.2|0.185394|30|3|250
18,u,0.5,1109.50979,0.076|0.79|0.01|0.2|0.185394|30|3|250
18,u,0.7,1052.611584,0.076|0.79|0.01|0.2|0.185394|30|3|250
18,u,1,,0.076|0.79|0.01|0.2|0.185394|30|3|250
18,u,1.5,,0.076|0.79|0.01|0.2|0.185394|30|3|250
18,v,-2.5,1699.438772,0.076|0.79|0.01|0.2|0.185394|30|3|250
18,v,-1.5,1669.931827,0.076|0.79|0.01|0.2|0.185394|30|3|250
18,v,-1,1660.629446,0.076|0.79|0.01|0.2|0.185394|30|3|250
18,v,-0.7,1656.249452,0.076|0.79|0.01|0.2|0.185394|30|3|250
18,v,-0.35,1652.042725,0.076|0.79|0.01|0.2|0.185394|30|3|250
18,v,-0.15,1650.00704,0.076|0.79|0.01|0.2|0.185394|30|3|250
18,v,-0.05,1649.07722,0.076|0.79|0.01|0.2|0.185394|30|3|250
18,v,0.05,1648.201549,0.076|0.79|0.01|0.2|0.185394|30|3|250
18,v,0.15,1647.376873,0.076|0.79|0.01|0.2|0.185394|30|3|250
18,v,0.35,1645.8688,0.076|0.79|0.01|0.2|0.185394|30|3|250
18,v,0.7,1643.628331,0.076|0.79|0.01|0.2|0.185394|30|3|250
18,v,1,1642.048928,0.076|0.79|0.01|0.2|0.185394|30|3|250
18,v,1.5,1639.973286,0.076|0.79|0.01|0.2|0.185394|30|3|250
18,d4,-0.01,1591.877041,0.076|0.79|0.01|0.2|0.185394|30|3|250
18,d4,-0.008,1607.784679,0.076|0.79|0.01|0.2|0.185394|30|3|250
18,d4,-0.004,1628.10982,0.076|0.79|0.01|0.2|0.185394|30|3|250
18,d4,0.004,1669.356765,0.076|0.79|0.01|0.2|0.185394|30|3|250
18,d4,0.008,1690.284817,0.076|0.79|0.01|0.2|0.185394|30|3|250
18,d4,0.012,1711.420192,0.076|0.79|0.01|0.2|0.185394|30|3|250
18,d4,0.017,1735.132927,0.076|0.79|0.01|0.2|0.185394|30|3|250
18,d4,0.025,1778.549812,0.076|0.79|0.01|0.2|0.185394|30|3|250
18,d4,0.04,1853.100803,0.076|0.79|0.01|0.2|0.185394|30|3|250
18,d4,0.06,1969.805645,0.076|0.79|0.01|0.2|0.185394|30|3|250
18,d4,0.1,2209.535896,0.076|0.79|0.01|0.2|0.185394|30|3|250
18,d4,0.15,2561.038946,0.076|0.79|0.01|0.2|0.185394|30|3|250
18,dc,-0.15,1089.603843,0.076|0.79|0.01|0.2|0.185394|30|3|250
18,dc,-0.1,1259.124395,0.076|0.79|0.01|0.2|0.185394|30|3|250
18,dc,-0.06,1404.113252,0.076|0.79|0.01|0.2|0.185394|30|3|250
18,dc,-0.04,1481.738153,0.076|0.79|0.01|0.2|0.185394|30|3|250
18,dc,-0.025,1545.277258,0.076|0.79|0.01|0.2|0.185394|30|3|250
18,dc,-0.017,1578.582299,0.076|0.79|0.01|0.2|0.185394|30|3|250
18,dc,-0.012,1596.832452,0.076|0.79|0.01|0.2|0.185394|30|3|250
18,dc,-0.008,1613.927456,0.076|0.79|0.01|0.2|0.185394|30|3|250
18,dc,-0.004,1631.193354,0.076|0.79|0.01|0.2|0.185394|30|3|250
18,dc,0.004,1666.248568,0.076|0.79|0.01|0.2|0.185394|30|3|250
18,dc,0.008,1684.043381,0.076|0.79|0.01|0.2|0.185394|30|3|250
18,dc,0.012,1702.020082,0.076|0.79|0.01|0.2|0.185394|30|3|250
18,dc,0.017,1721.744472,0.076|0.79|0.01|0.2|0.185394|30|3|250
18,dc,0.025,1758.698121,0.076|0.79|0.01|0.2|0.185394|30|3|250
18,dc,0.04,1820.808272,0.076|0.79|0.01|0.2|0.185394|30|3|250
18,dc,0.06,1920.310442,0.076|0.79|0.01|0.2|0.185394|30|3|250
18,dc,0.1,2123.119569,0.076|0.79|0.01|0.2|0.185394|30|3|250
18,dc,0.15,2408.619899,0.076|0.79|0.01|0.2|0.185394|30|3|250
19,f0,0,1726.683555,0.076|0.77|0.01|0.22|0.1807|30|3|250
19,u,-2.5,2098.743897,0.076|0.77|0.01|0.22|0.1807|30|3|250
19,u,-1.5,1897.172108,0.076|0.77|0.01|0.22|0.1807|30|3|250
19,u,-1,1833.795366,0.076|0.77|0.01|0.22|0.1807|30|3|250
19,u,-0.7,1803.858843,0.076|0.77|0.01|0.22|0.1807|30|3|250
19,u,-0.5,1789.153308,0.076|0.77|0.01|0.22|0.1807|30|3|250
19,u,-0.35,1773.825049,0.076|0.77|0.01|0.22|0.1807|30|3|250
19,u,-0.25,1755.54625,0.076|0.77|0.01|0.22|0.1807|30|3|250
19,u,-0.2,1759.405806,0.076|0.77|0.01|0.22|0.1807|30|3|250
19,u,-0.15,1746.471563,0.076|0.77|0.01|0.22|0.1807|30|3|250
19,u,-0.1,1746.035602,0.076|0.77|0.01|0.22|0.1807|30|3|250
19,u,-0.075,1738.438238,0.076|0.77|0.01|0.22|0.1807|30|3|250
19,u,-0.05,1743.394367,0.076|0.77|0.01|0.22|0.1807|30|3|250
19,u,-0.03,1739.274639,0.076|0.77|0.01|0.22|0.1807|30|3|250
19,u,-0.02,1730.971624,0.076|0.77|0.01|0.22|0.1807|30|3|250
19,u,-0.01,1734.953615,0.076|0.77|0.01|0.22|0.1807|30|3|250
19,u,0.01,1730.440471,0.076|0.77|0.01|0.22|0.1807|30|3|250
19,u,0.02,1734.023612,0.076|0.77|0.01|0.22|0.1807|30|3|250
19,u,0.03,1725.744097,0.076|0.77|0.01|0.22|0.1807|30|3|250
19,u,0.05,1720.873105,0.076|0.77|0.01|0.22|0.1807|30|3|250
19,u,0.075,1722.907997,0.076|0.77|0.01|0.22|0.1807|30|3|250
19,u,0.1,1713.409335,0.076|0.77|0.01|0.22|0.1807|30|3|250
19,u,0.15,1714.737171,0.076|0.77|0.01|0.22|0.1807|30|3|250
19,u,0.2,1703.916795,0.076|0.77|0.01|0.22|0.1807|30|3|250
19,u,0.25,1701.156555,0.076|0.77|0.01|0.22|0.1807|30|3|250
19,u,0.35,1367.219245,0.076|0.77|0.01|0.22|0.1807|30|3|250
19,u,0.5,1109.73606,0.076|0.77|0.01|0.22|0.1807|30|3|250
19,u,0.7,1052.837853,0.076|0.77|0.01|0.22|0.1807|30|3|250
19,u,1,,0.076|0.77|0.01|0.22|0.1807|30|3|250
19,u,1.5,,0.076|0.77|0.01|0.22|0.1807|30|3|250
19,v,-2.5,1778.277309,0.076|0.77|0.01|0.22|0.1807|30|3|250
19,v,-1.5,1748.312828,0.076|0.77|0.01|0.22|0.1807|30|3|250
19,v,-1,1738.866204,0.076|0.77|0.01|0.22|0.1807|30|3|250
19,v,-0.7,1734.418294,0.076|0.77|0.01|0.22|0.1807|30|3|250
19,v,-0.35,1730.146337,0.076|0.77|0.01|0.22|0.1807|30|3|250
19,v,-0.15,1728.079086,0.076|0.77|0.01|0.22|0.1807|30|3|250
19,v,-0.05,1727.134849,0.076|0.77|0.01|0.22|0.1807|30|3|250
19,v,0.05,1726.245599,0.076|0.77|0.01|0.22|0.1807|30|3|250
19,v,0.15,1725.408136,0.076|0.77|0.01|0.22|0.1807|30|3|250
19,v,0.35,1723.876679,0.076|0.77|0.01|0.22|0.1807|30|3|250
19,v,0.7,1721.60147,0.076|0.77|0.01|0.22|0.1807|30|3|250
19,v,1,1719.997576,0.076|0.77|0.01|0.22|0.1807|30|3|250
19,v,1.5,1717.889749,0.076|0.77|0.01|0.22|0.1807|30|3|250
19,d4,-0.01,1679.452914,0.076|0.77|0.01|0.22|0.1807|30|3|250
19,d4,-0.008,1695.979591,0.076|0.77|0.01|0.22|0.1807|30|3|250
19,d4,-0.004,1705.246235,0.076|0.77|0.01|0.22|0.1807|30|3|250
19,d4,0.004,1748.336902,0.076|0.77|0.01|0.22|0.1807|30|3|250
19,d4,0.008,1770.209736,0.076|0.77|0.01|0.22|0.1807|30|3|250
19,d4,0.012,1792.305592,0.076|0.77|0.01|0.22|0.1807|30|3|250
19,d4,0.017,1817.162407,0.076|0.77|0.01|0.22|0.1807|30|3|250
19,d4,0.025,1862.588358,0.076|0.77|0.01|0.22|0.1807|30|3|250
19,d4,0.04,1953.533625,0.076|0.77|0.01|0.22|0.1807|30|3|250
19,d4,0.06,2076.242572,0.076|0.77|0.01|0.22|0.1807|30|3|250
19,d4,0.1,2329.259639,0.076|0.77|0.01|0.22|0.1807|30|3|250
19,d4,0.15,2686.644325,0.076|0.77|0.01|0.22|0.1807|30|3|250
19,dc,-0.15,1163.705307,0.076|0.77|0.01|0.22|0.1807|30|3|250
19,dc,-0.1,1330.220333,0.076|0.77|0.01|0.22|0.1807|30|3|250
19,dc,-0.06,1481.964422,0.076|0.77|0.01|0.22|0.1807|30|3|250
19,dc,-0.04,1563.370962,0.076|0.77|0.01|0.22|0.1807|30|3|250
19,dc,-0.025,1618.311868,0.076|0.77|0.01|0.22|0.1807|30|3|250
19,dc,-0.017,1653.191667,0.076|0.77|0.01|0.22|0.1807|30|3|250
19,dc,-0.012,1684.26965,0.076|0.77|0.01|0.22|0.1807|30|3|250
19,dc,-0.008,1702.246352,0.076|0.77|0.01|0.22|0.1807|30|3|250
19,dc,-0.004,1708.395814,0.076|0.77|0.01|0.22|0.1807|30|3|250
19,dc,0.004,1745.161319,0.076|0.77|0.01|0.22|0.1807|30|3|250
19,dc,0.008,1763.832155,0.076|0.77|0.01|0.22|0.1807|30|3|250
19,dc,0.012,1782.699177,0.076|0.77|0.01|0.22|0.1807|30|3|250
19,dc,0.017,1803.477828,0.076|0.77|0.01|0.22|0.1807|30|3|250
19,dc,0.025,1842.292104,0.076|0.77|0.01|0.22|0.1807|30|3|250
19,dc,0.04,1920.536711,0.076|0.77|0.01|0.22|0.1807|30|3|250
19,dc,0.06,2012.546039,0.076|0.77|0.01|0.22|0.1807|30|3|250
19,dc,0.1,2240.753752,0.076|0.77|0.01|0.22|0.1807|30|3|250
19,dc,0.15,2544.925072,0.076|0.77|0.01|0.22|0.1807|30|3|250
20,f0,0,1337.312674,0.065|0.87|0|0.13|0.174617|30|3|250
20,u,-2.5,1917.262492,0.065|0.87|0|0.13|0.174617|30|3|250
20,u,-1.5,1460.232268,0.065|0.87|0|0.13|0.174617|30|3|250
20,u,-1,1418.417519,0.065|0.87|0|0.13|0.174617|30|3|250
20,u,-0.7,1387.258118,0.065|0.87|0|0.13|0.174617|30|3|250
20,u,-0.5,1360.81555,0.065|0.87|0|0.13|0.174617|30|3|250
20,u,-0.35,1367.578979,0.065|0.87|0|0.13|0.174617|30|3|250
20,u,-0.25,1354.142736,0.065|0.87|0|0.13|0.174617|30|3|250
20,u,-0.2,1346.556751,0.065|0.87|0|0.13|0.174617|30|3|250
20,u,-0.15,1338.484686,0.065|0.87|0|0.13|0.174617|30|3|250
20,u,-0.1,1344.079986,0.065|0.87|0|0.13|0.174617|30|3|250
20,u,-0.075,1346.187087,0.065|0.87|0|0.13|0.174617|30|3|250
20,u,-0.05,1334.496214,0.065|0.87|0|0.13|0.174617|30|3|250
20,u,-0.03,1338.434213,0.065|0.87|0|0.13|0.174617|30|3|250
20,u,-0.02,1333.789434,0.065|0.87|0|0.13|0.174617|30|3|250
20,u,-0.01,1342.00161,0.065|0.87|0|0.13|0.174617|30|3|250
20,u,0.01,1332.669348,0.065|0.87|0|0.13|0.174617|30|3|250
20,u,0.02,1328.071187,0.065|0.87|0|0.13|0.174617|30|3|250
20,u,0.03,1335.79811,0.065|0.87|0|0.13|0.174617|30|3|250
20,u,0.05,1326.567263,0.065|0.87|0|0.13|0.174617|30|3|250
20,u,0.075,1326.987303,0.065|0.87|0|0.13|0.174617|30|3|250
20,u,0.1,1327.065669,0.065|0.87|0|0.13|0.174617|30|3|250
20,u,0.15,1326.26095,0.065|0.87|0|0.13|0.174617|30|3|250
20,u,0.2,1324.274496,0.065|0.87|0|0.13|0.174617|30|3|250
20,u,0.25,1321.218921,0.065|0.87|0|0.13|0.174617|30|3|250
20,u,0.35,1312.310364,0.065|0.87|0|0.13|0.174617|30|3|250
20,u,0.5,1214.468591,0.065|0.87|0|0.13|0.174617|30|3|250
20,u,0.7,988.0428636,0.065|0.87|0|0.13|0.174617|30|3|250
20,u,1,,0.065|0.87|0|0.13|0.174617|30|3|250
20,u,1.5,,0.065|0.87|0|0.13|0.174617|30|3|250
20,v,-2.5,1389.977433,0.065|0.87|0|0.13|0.174617|30|3|250
20,v,-1.5,1359.390937,0.065|0.87|0|0.13|0.174617|30|3|250
20,v,-1,1349.748215,0.065|0.87|0|0.13|0.174617|30|3|250
20,v,-0.7,1345.207974,0.065|0.87|0|0.13|0.174617|30|3|250
20,v,-0.35,1340.847337,0.065|0.87|0|0.13|0.174617|30|3|250
20,v,-0.15,1338.737174,0.065|0.87|0|0.13|0.174617|30|3|250
20,v,-0.05,1337.773335,0.065|0.87|0|0.13|0.174617|30|3|250
20,v,0.05,1336.865627,0.065|0.87|0|0.13|0.174617|30|3|250
20,v,0.15,1336.010779,0.065|0.87|0|0.13|0.174617|30|3|250
20,v,0.35,1334.447531,0.065|0.87|0|0.13|0.174617|30|3|250
20,v,0.7,1332.125092,0.065|0.87|0|0.13|0.174617|30|3|250
20,v,1,1330.487904,0.065|0.87|0|0.13|0.174617|30|3|250
20,v,1.5,1328.336322,0.065|0.87|0|0.13|0.174617|30|3|250
20,d4,0.004,1356.748282,0.065|0.87|0|0.13|0.174617|30|3|250
20,d4,0.008,1376.353358,0.065|0.87|0|0.13|0.174617|30|3|250
20,d4,0.012,1383.2956,0.065|0.87|0|0.13|0.174617|30|3|250
20,d4,0.017,1417.872705,0.065|0.87|0|0.13|0.174617|30|3|250
20,d4,0.025,1445.361736,0.065|0.87|0|0.13|0.174617|30|3|250
20,d4,0.04,1526.391068,0.065|0.87|0|0.13|0.174617|30|3|250
20,d4,0.06,1620.832578,0.065|0.87|0|0.13|0.174617|30|3|250
20,d4,0.1,1823.873468,0.065|0.87|0|0.13|0.174617|30|3|250
20,d4,0.15,2123.460619,0.065|0.87|0|0.13|0.174617|30|3|250
20,dc,-0.1,1000.282518,0.065|0.87|0|0.13|0.174617|30|3|250
20,dc,-0.06,1129.44574,0.065|0.87|0|0.13|0.174617|30|3|250
20,dc,-0.04,1191.786106,0.065|0.87|0|0.13|0.174617|30|3|250
20,dc,-0.025,1240.268028,0.065|0.87|0|0.13|0.174617|30|3|250
20,dc,-0.017,1271.746319,0.065|0.87|0|0.13|0.174617|30|3|250
20,dc,-0.012,1288.569017,0.065|0.87|0|0.13|0.174617|30|3|250
20,dc,-0.008,1304.674182,0.065|0.87|0|0.13|0.174617|30|3|250
20,dc,-0.004,1320.921322,0.065|0.87|0|0.13|0.174617|30|3|250
20,dc,0.004,1353.850496,0.065|0.87|0|0.13|0.174617|30|3|250
20,dc,0.008,1370.537074,0.065|0.87|0|0.13|0.174617|30|3|250
20,dc,0.012,1374.530496,0.065|0.87|0|0.13|0.174617|30|3|250
20,dc,0.017,1392.493113,0.065|0.87|0|0.13|0.174617|30|3|250
20,dc,0.025,1426.879197,0.065|0.87|0|0.13|0.174617|30|3|250
20,dc,0.04,1483.153663,0.065|0.87|0|0.13|0.174617|30|3|250
20,dc,0.06,1574.950765,0.065|0.87|0|0.13|0.174617|30|3|250
20,dc,0.1,1744.11811,0.065|0.87|0|0.13|0.174617|30|3|250
20,dc,0.15,1981.790695,0.065|0.87|0|0.13|0.174617|30|3|250
21,f0,0,931.8252518,0.055|1|0|0|0.169831|30|3|200
21,u,-2.5,1893.247219,0.055|1|0|0|0.169831|30|3|200
21,u,-1.5,1240.650284,0.055|1|0|0|0.169831|30|3|200
21,u,-1,1086.74996,0.055|1|0|0|0.169831|30|3|200
21,u,-0.7,1024.130825,0.055|1|0|0|0.169831|30|3|200
21,u,-0.5,991.2787343,0.055|1|0|0|0.169831|30|3|200
21,u,-0.35,970.4174293,0.055|1|0|0|0.169831|30|3|200
21,u,-0.25,958.0648183,0.055|1|0|0|0.169831|30|3|200
21,u,-0.2,952.311858,0.055|1|0|0|0.169831|30|3|200
21,u,-0.15,946.8235386,0.055|1|0|0|0.169831|30|3|200
21,u,-0.1,941.5874506,0.055|1|0|0|0.169831|30|3|200
21,u,-0.075,939.0602774,0.055|1|0|0|0.169831|30|3|200
21,u,-0.05,936.5917743,0.055|1|0|0|0.169831|30|3|200
21,u,-0.03,934.658279,0.055|1|0|0|0.169831|30|3|200
21,u,-0.02,933.7050603,0.055|1|0|0|0.169831|30|3|200
21,u,-0.01,932.7607462,0.055|1|0|0|0.169831|30|3|200
21,u,0.01,930.898493,0.055|1|0|0|0.169831|30|3|200
21,u,0.02,929.9803865,0.055|1|0|0|0.169831|30|3|200
21,u,0.03,929.0708498,0.055|1|0|0|0.169831|30|3|200
21,u,0.05,927.2771599,0.055|1|0|0|0.169831|30|3|200
21,u,0.075,925.0818143,0.055|1|0|0|0.169831|30|3|200
21,u,0.1,922.9372845,0.055|1|0|0|0.169831|30|3|200
21,u,0.15,918.7958965,0.055|1|0|0|0.169831|30|3|200
21,u,0.2,914.843728,0.055|1|0|0|0.169831|30|3|200
21,u,0.25,911.071951,0.055|1|0|0|0.169831|30|3|200
21,u,0.35,904.0363306,0.055|1|0|0|0.169831|30|3|200
21,u,0.5,894.6381462,0.055|1|0|0|0.169831|30|3|200
21,u,0.7,890.3551222,0.055|1|0|0|0.169831|30|3|200
21,u,1,884.8641564,0.055|1|0|0|0.169831|30|3|200
21,u,1.5,878.5339027,0.055|1|0|0|0.169831|30|3|200
21,v,-2.5,985.3755434,0.055|1|0|0|0.169831|30|3|200
21,v,-1.5,954.2747499,0.055|1|0|0|0.169831|30|3|200
21,v,-1,944.4698908,0.055|1|0|0|0.169831|30|3|200
21,v,-0.7,939.8533074,0.055|1|0|0|0.169831|30|3|200
21,v,-0.35,935.4193488,0.055|1|0|0|0.169831|30|3|200
21,v,-0.15,933.273704,0.055|1|0|0|0.169831|30|3|200
21,v,-0.05,932.2936592,0.055|1|0|0|0.169831|30|3|200
21,v,0.05,931.3706878,0.055|1|0|0|0.169831|30|3|200
21,v,0.15,930.5014661,0.055|1|0|0|0.169831|30|3|200
21,v,0.35,928.9119334,0.055|1|0|0|0.169831|30|3|200
21,v,0.7,926.5504434,0.055|1|0|0|0.169831|30|3|200
21,v,1,924.8857267,0.055|1|0|0|0.169831|30|3|200
21,v,1.5,922.697967,0.055|1|0|0|0.169831|30|3|200
21,d4,0.004,936.3148028,0.055|1|0|0|0.169831|30|3|200
21,d4,0.008,940.8391738,0.055|1|0|0|0.169831|30|3|200
21,d4,0.012,958.9580388,0.055|1|0|0|0.169831|30|3|200
21,d4,0.017,978.3231816,0.055|1|0|0|0.169831|30|3|200
21,d4,0.025,1001.379615,0.055|1|0|0|0.169831|30|3|200
21,d4,0.04,1060.968436,0.055|1|0|0|0.169831|30|3|200
21,d4,0.06,1142.862954,0.055|1|0|0|0.169831|30|3|200
21,d4,0.1,1316.323949,0.055|1|0|0|0.169831|30|3|200
21,d4,0.15,1539.046178,0.055|1|0|0|0.169831|30|3|200
21,dc,0.004,933.7143038,0.055|1|0|0|0.169831|30|3|200
21,dc,0.008,935.6172279,0.055|1|0|0|0.169831|30|3|200
21,dc,0.012,951.1035021,0.055|1|0|0|0.169831|30|3|200
21,dc,0.017,967.1529218,0.055|1|0|0|0.169831|30|3|200
21,dc,0.025,984.8374257,0.055|1|0|0|0.169831|30|3|200
21,dc,0.04,1034.177985,0.055|1|0|0|0.169831|30|3|200
21,dc,0.06,1051.851799,0.055|1|0|0|0.169831|30|3|200
21,dc,0.1,1051.851799,0.055|1|0|0|0.169831|30|3|200
21,dc,0.15,1051.851799,0.055|1|0|0|0.169831|30|3|200
22,f0,0,1833.158485,0.073|0.75|0.01|0.24|0.169059|30|3|250
22,u,-2.5,2187.951123,0.073|0.75|0.01|0.24|0.169059|30|3|250
22,u,-1.5,2034.375187,0.073|0.75|0.01|0.24|0.169059|30|3|250
22,u,-1,1943.179858,0.073|0.75|0.01|0.24|0.169059|30|3|250
22,u,-0.7,1902.020907,0.073|0.75|0.01|0.24|0.169059|30|3|250
22,u,-0.5,1881.691992,0.073|0.75|0.01|0.24|0.169059|30|3|250
22,u,-0.35,1881.195204,0.073|0.75|0.01|0.24|0.169059|30|3|250
22,u,-0.25,1858.181025,0.073|0.75|0.01|0.24|0.169059|30|3|250
22,u,-0.2,1860.730823,0.073|0.75|0.01|0.24|0.169059|30|3|250
22,u,-0.15,1845.390419,0.073|0.75|0.01|0.24|0.169059|30|3|250
22,u,-0.1,1843.518223,0.073|0.75|0.01|0.24|0.169059|30|3|250
22,u,-0.075,1834.709824,0.073|0.75|0.01|0.24|0.169059|30|3|250
22,u,-0.05,1839.367739,0.073|0.75|0.01|0.24|0.169059|30|3|250
22,u,-0.03,1834.448501,0.073|0.75|0.01|0.24|0.169059|30|3|250
22,u,-0.02,1825.304997,0.073|0.75|0.01|0.24|0.169059|30|3|250
22,u,-0.01,1829.325662,0.073|0.75|0.01|0.24|0.169059|30|3|250
22,u,0.01,1824.008791,0.073|0.75|0.01|0.24|0.169059|30|3|250
22,u,0.02,1827.611953,0.073|0.75|0.01|0.24|0.169059|30|3|250
22,u,0.03,1831.035543,0.073|0.75|0.01|0.24|0.169059|30|3|250
22,u,0.05,1825.093914,0.073|0.75|0.01|0.24|0.169059|30|3|250
22,u,0.075,1814.455087,0.073|0.75|0.01|0.24|0.169059|30|3|250
22,u,0.1,1815.362468,0.073|0.75|0.01|0.24|0.169059|30|3|250
22,u,0.15,1804.138567,0.073|0.75|0.01|0.24|0.169059|30|3|250
22,u,0.2,1802.022847,0.073|0.75|0.01|0.24|0.169059|30|3|250
22,u,0.25,1787.736437,0.073|0.75|0.01|0.24|0.169059|30|3|250
22,u,0.35,1547.828412,0.073|0.75|0.01|0.24|0.169059|30|3|250
22,u,0.5,1155.10101,0.073|0.75|0.01|0.24|0.169059|30|3|250
22,u,0.7,1021.467756,0.073|0.75|0.01|0.24|0.169059|30|3|250
22,u,1,,0.073|0.75|0.01|0.24|0.169059|30|3|250
22,u,1.5,,0.073|0.75|0.01|0.24|0.169059|30|3|250
22,v,-2.5,1886.855364,0.073|0.75|0.01|0.24|0.169059|30|3|250
22,v,-1.5,1855.669436,0.073|0.75|0.01|0.24|0.169059|30|3|250
22,v,-1,1845.837738,0.073|0.75|0.01|0.24|0.169059|30|3|250
22,v,-0.7,1841.208517,0.073|0.75|0.01|0.24|0.169059|30|3|250
22,v,-0.35,1836.762421,0.073|0.75|0.01|0.24|0.169059|30|3|250
22,v,-0.15,1834.610903,0.073|0.75|0.01|0.24|0.169059|30|3|250
22,v,-0.05,1833.628175,0.073|0.75|0.01|0.24|0.169059|30|3|250
22,v,0.05,1832.702677,0.073|0.75|0.01|0.24|0.169059|30|3|250
22,v,0.15,1831.831076,0.073|0.75|0.01|0.24|0.169059|30|3|250
22,v,0.35,1830.237192,0.073|0.75|0.01|0.24|0.169059|30|3|250
22,v,0.7,1827.869238,0.073|0.75|0.01|0.24|0.169059|30|3|250
22,v,1,1826.199964,0.073|0.75|0.01|0.24|0.169059|30|3|250
22,v,1.5,1824.006216,0.073|0.75|0.01|0.24|0.169059|30|3|250
22,d4,-0.01,1769.494272,0.073|0.75|0.01|0.24|0.169059|30|3|250
22,d4,-0.008,1787.22065,0.073|0.75|0.01|0.24|0.169059|30|3|250
22,d4,-0.004,1810.071721,0.073|0.75|0.01|0.24|0.169059|30|3|250
22,d4,0.004,1856.484791,0.073|0.75|0.01|0.24|0.169059|30|3|250
22,d4,0.008,1880.054566,0.073|0.75|0.01|0.24|0.169059|30|3|250
22,d4,0.012,1890.739244,0.073|0.75|0.01|0.24|0.169059|30|3|250
22,d4,0.017,1930.69364,0.073|0.75|0.01|0.24|0.169059|30|3|250
22,d4,0.025,1966.344707,0.073|0.75|0.01|0.24|0.169059|30|3|250
22,d4,0.04,2064.257852,0.073|0.75|0.01|0.24|0.169059|30|3|250
22,d4,0.06,2182.579042,0.073|0.75|0.01|0.24|0.169059|30|3|250
22,d4,0.1,2455.366363,0.073|0.75|0.01|0.24|0.169059|30|3|250
22,d4,0.15,2842.348643,0.073|0.75|0.01|0.24|0.169059|30|3|250
22,dc,-0.15,1224.181538,0.073|0.75|0.01|0.24|0.169059|30|3|250
22,dc,-0.1,1403.673809,0.073|0.75|0.01|0.24|0.169059|30|3|250
22,dc,-0.06,1567.665418,0.073|0.75|0.01|0.24|0.169059|30|3|250
22,dc,-0.04,1655.809631,0.073|0.75|0.01|0.24|0.169059|30|3|250
22,dc,-0.025,1715.485784,0.073|0.75|0.01|0.24|0.169059|30|3|250
22,dc,-0.017,1753.323061,0.073|0.75|0.01|0.24|0.169059|30|3|250
22,dc,-0.012,1774.188947,0.073|0.75|0.01|0.24|0.169059|30|3|250
22,dc,-0.008,1793.639047,0.073|0.75|0.01|0.24|0.169059|30|3|250
22,dc,-0.004,1813.294446,0.073|0.75|0.01|0.24|0.169059|30|3|250
22,dc,0.004,1853.234574,0.073|0.75|0.01|0.24|0.169059|30|3|250
22,dc,0.008,1860.452907,0.073|0.75|0.01|0.24|0.169059|30|3|250
22,dc,0.012,1880.893589,0.073|0.75|0.01|0.24|0.169059|30|3|250
22,dc,0.017,1916.681058,0.073|0.75|0.01|0.24|0.169059|30|3|250
22,dc,0.025,1945.533251,0.073|0.75|0.01|0.24|0.169059|30|3|250
22,dc,0.04,2030.404375,0.073|0.75|0.01|0.24|0.169059|30|3|250
22,dc,0.06,2130.555593,0.073|0.75|0.01|0.24|0.169059|30|3|250
22,dc,0.1,2364.234344,0.073|0.75|0.01|0.24|0.169059|30|3|250
22,dc,0.15,2679.903149,0.073|0.75|0.01|0.24|0.169059|30|3|250
23,f0,0,1041.256982,0.055|0.96|0.01|0.03|0.163038|30|3|250
23,u,-2.5,1957.348695,0.055|0.96|0.01|0.03|0.163038|30|3|250
23,u,-1.5,1278.816813,0.055|0.96|0.01|0.03|0.163038|30|3|250
23,u,-1,1118.992134,0.055|0.96|0.01|0.03|0.163038|30|3|250
23,u,-0.7,1082.503353,0.055|0.96|0.01|0.03|0.163038|30|3|250
23,u,-0.5,1066.373749,0.055|0.96|0.01|0.03|0.163038|30|3|250
23,u,-0.35,1057.998124,0.055|0.96|0.01|0.03|0.163038|30|3|250
23,u,-0.25,1057.276087,0.055|0.96|0.01|0.03|0.163038|30|3|250
23,u,-0.2,1047.675683,0.055|0.96|0.01|0.03|0.163038|30|3|250
23,u,-0.15,1054.719349,0.055|0.96|0.01|0.03|0.163038|30|3|250
23,u,-0.1,1045.17562,0.055|0.96|0.01|0.03|0.163038|30|3|250
23,u,-0.075,1040.57299,0.055|0.96|0.01|0.03|0.163038|30|3|250
23,u,-0.05,1050.670277,0.055|0.96|0.01|0.03|0.163038|30|3|250
23,u,-0.03,1046.850553,0.055|0.96|0.01|0.03|0.163038|30|3|250
23,u,-0.02,1044.96807,0.055|0.96|0.01|0.03|0.163038|30|3|250
23,u,-0.01,1043.103605,0.055|0.96|0.01|0.03|0.163038|30|3|250
23,u,0.01,1039.42803,0.055|0.96|0.01|0.03|0.163038|30|3|250
23,u,0.02,1037.616576,0.055|0.96|0.01|0.03|0.163038|30|3|250
23,u,0.03,1035.822452,0.055|0.96|0.01|0.03|0.163038|30|3|250
23,u,0.05,1045.423562,0.055|0.96|0.01|0.03|0.163038|30|3|250
23,u,0.075,1040.756281,0.055|0.96|0.01|0.03|0.163038|30|3|250
23,u,0.1,1036.199931,0.055|0.96|0.01|0.03|0.163038|30|3|250
23,u,0.15,1039.231802,0.055|0.96|0.01|0.03|0.163038|30|3|250
23,u,0.2,1030.244658,0.055|0.96|0.01|0.03|0.163038|30|3|250
23,u,0.25,1032.310658,0.055|0.96|0.01|0.03|0.163038|30|3|250
23,u,0.35,1034.392486,0.055|0.96|0.01|0.03|0.163038|30|3|250
23,u,0.5,1025.130079,0.055|0.96|0.01|0.03|0.163038|30|3|250
23,u,0.7,1019.235828,0.055|0.96|0.01|0.03|0.163038|30|3|250
23,u,1,1006.391363,0.055|0.96|0.01|0.03|0.163038|30|3|250
23,u,1.5,,0.055|0.96|0.01|0.03|0.163038|30|3|250
23,v,-2.5,1096.135038,0.055|0.96|0.01|0.03|0.163038|30|3|250
23,v,-1.5,1064.263109,0.055|0.96|0.01|0.03|0.163038|30|3|250
23,v,-1,1054.215141,0.055|0.96|0.01|0.03|0.163038|30|3|250
23,v,-0.7,1049.484091,0.055|0.96|0.01|0.03|0.163038|30|3|250
23,v,-0.35,1044.940194,0.055|0.96|0.01|0.03|0.163038|30|3|250
23,v,-0.15,1042.741348,0.055|0.96|0.01|0.03|0.163038|30|3|250
23,v,-0.05,1041.737004,0.055|0.96|0.01|0.03|0.163038|30|3|250
23,v,0.05,1040.791147,0.055|0.96|0.01|0.03|0.163038|30|3|250
23,v,0.15,1039.900373,0.055|0.96|0.01|0.03|0.163038|30|3|250
23,v,0.35,1038.271429,0.055|0.96|0.01|0.03|0.163038|30|3|250
23,v,0.7,1035.851386,0.055|0.96|0.01|0.03|0.163038|30|3|250
23,v,1,1034.145393,0.055|0.96|0.01|0.03|0.163038|30|3|250
23,v,1.5,1031.903389,0.055|0.96|0.01|0.03|0.163038|30|3|250
23,d4,-0.01,1001.533057,0.055|0.96|0.01|0.03|0.163038|30|3|250
23,d4,-0.008,1017.683841,0.055|0.96|0.01|0.03|0.163038|30|3|250
23,d4,-0.004,1022.527109,0.055|0.96|0.01|0.03|0.163038|30|3|250
23,d4,0.004,1060.113778,0.055|0.96|0.01|0.03|0.163038|30|3|250
23,d4,0.008,1079.101343,0.055|0.96|0.01|0.03|0.163038|30|3|250
23,d4,0.012,1084.244349,0.055|0.96|0.01|0.03|0.163038|30|3|250
23,d4,0.017,1104.774256,0.055|0.96|0.01|0.03|0.163038|30|3|250
23,d4,0.025,1143.67477,0.055|0.96|0.01|0.03|0.163038|30|3|250
23,d4,0.04,1207.474306,0.055|0.96|0.01|0.03|0.163038|30|3|250
23,d4,0.06,1295.547232,0.055|0.96|0.01|0.03|0.163038|30|3|250
23,d4,0.1,1467.909352,0.055|0.96|0.01|0.03|0.163038|30|3|250
23,d4,0.15,1710.092852,0.055|0.96|0.01|0.03|0.163038|30|3|250
23,dc,-0.03,943.4959081,0.055|0.96|0.01|0.03|0.163038|30|3|250
23,dc,-0.025,959.5081478,0.055|0.96|0.01|0.03|0.163038|30|3|250
23,dc,-0.017,990.8003101,0.055|0.96|0.01|0.03|0.163038|30|3|250
23,dc,-0.012,1007.111349,0.055|0.96|0.01|0.03|0.163038|30|3|250
23,dc,-0.008,1023.003565,0.055|0.96|0.01|0.03|0.163038|30|3|250
23,dc,-0.004,1025.198004,0.055|0.96|0.01|0.03|0.163038|30|3|250
23,dc,0.004,1057.426467,0.055|0.96|0.01|0.03|0.163038|30|3|250
23,dc,0.008,1073.710012,0.055|0.96|0.01|0.03|0.163038|30|3|250
23,dc,0.012,1076.123239,0.055|0.96|0.01|0.03|0.163038|30|3|250
23,dc,0.017,1093.220863,0.055|0.96|0.01|0.03|0.163038|30|3|250
23,dc,0.025,1126.575923,0.055|0.96|0.01|0.03|0.163038|30|3|250
23,dc,0.04,1179.759003,0.055|0.96|0.01|0.03|0.163038|30|3|250
23,dc,0.06,1238.588019,0.055|0.96|0.01|0.03|0.163038|30|3|250
23,dc,0.1,1394.646291,0.055|0.96|0.01|0.03|0.163038|30|3|250
23,dc,0.15,1594.522865,0.055|0.96|0.01|0.03|0.163038|30|3|250
24,f0,0,1583.260466,0.065|0.81|0.01|0.18|0.162574|30|3|250
24,u,-2.5,2028.901627,0.065|0.81|0.01|0.18|0.162574|30|3|250
24,u,-1.5,1728.538238,0.065|0.81|0.01|0.18|0.162574|30|3|250
24,u,-1,1684.487278,0.065|0.81|0.01|0.18|0.162574|30|3|250
24,u,-0.7,1628.812309,0.065|0.81|0.01|0.18|0.162574|30|3|250
24,u,-0.5,1614.89979,0.065|0.81|0.01|0.18|0.162574|30|3|250
24,u,-0.35,1615.397445,0.065|0.81|0.01|0.18|0.162574|30|3|250
24,u,-0.25,1601.252006,0.065|0.81|0.01|0.18|0.162574|30|3|250
24,u,-0.2,1600.908475,0.065|0.81|0.01|0.18|0.162574|30|3|250
24,u,-0.15,1598.772961,0.065|0.81|0.01|0.18|0.162574|30|3|250
24,u,-0.1,1595.016191,0.065|0.81|0.01|0.18|0.162574|30|3|250
24,u,-0.075,1592.579767,0.065|0.81|0.01|0.18|0.162574|30|3|250
24,u,-0.05,1589.796465,0.065|0.81|0.01|0.18|0.162574|30|3|250
24,u,-0.03,1576.128158,0.065|0.81|0.01|0.18|0.162574|30|3|250
24,u,-0.02,1583.252486,0.065|0.81|0.01|0.18|0.162574|30|3|250
24,u,-0.01,1576.439224,0.065|0.81|0.01|0.18|0.162574|30|3|250
24,u,0.01,1576.437694,0.065|0.81|0.01|0.18|0.162574|30|3|250
24,u,0.02,1569.681531,0.065|0.81|0.01|0.18|0.162574|30|3|250
24,u,0.03,1576.13545,0.065|0.81|0.01|0.18|0.162574|30|3|250
24,u,0.05,1575.544022,0.065|0.81|0.01|0.18|0.162574|30|3|250
24,u,0.075,1571.282787,0.065|0.81|0.01|0.18|0.162574|30|3|250
24,u,0.1,1566.772818,0.065|0.81|0.01|0.18|0.162574|30|3|250
24,u,0.15,1568.62934,0.065|0.81|0.01|0.18|0.162574|30|3|250
24,u,0.2,1557.485984,0.065|0.81|0.01|0.18|0.162574|30|3|250
24,u,0.25,1556.029081,0.065|0.81|0.01|0.18|0.162574|30|3|250
24,u,0.35,1538.842682,0.065|0.81|0.01|0.18|0.162574|30|3|250
24,u,0.5,1393.589656,0.065|0.81|0.01|0.18|0.162574|30|3|250
24,u,0.7,1076.149305,0.065|0.81|0.01|0.18|0.162574|30|3|250
24,u,1,,0.065|0.81|0.01|0.18|0.162574|30|3|250
24,u,1.5,,0.065|0.81|0.01|0.18|0.162574|30|3|250
24,v,-2.5,1638.232444,0.065|0.81|0.01|0.18|0.162574|30|3|250
24,v,-1.5,1606.305967,0.065|0.81|0.01|0.18|0.162574|30|3|250
24,v,-1,1596.240803,0.065|0.81|0.01|0.18|0.162574|30|3|250
24,v,-0.7,1591.501655,0.065|0.81|0.01|0.18|0.162574|30|3|250
24,v,-0.35,1586.949981,0.065|0.81|0.01|0.18|0.162574|30|3|250
24,v,-0.15,1584.747373,0.065|0.81|0.01|0.18|0.162574|30|3|250
24,v,-0.05,1583.741309,0.065|0.81|0.01|0.18|0.162574|30|3|250
24,v,0.05,1582.793834,0.065|0.81|0.01|0.18|0.162574|30|3|250
24,v,0.15,1581.901536,0.065|0.81|0.01|0.18|0.162574|30|3|250
24,v,0.35,1580.269803,0.065|0.81|0.01|0.18|0.162574|30|3|250
24,v,0.7,1577.845619,0.065|0.81|0.01|0.18|0.162574|30|3|250
24,v,1,1576.136706,0.065|0.81|0.01|0.18|0.162574|30|3|250
24,v,1.5,1573.890864,0.065|0.81|0.01|0.18|0.162574|30|3|250
24,d4,-0.01,1522.456833,0.065|0.81|0.01|0.18|0.162574|30|3|250
24,d4,-0.008,1539.882875,0.065|0.81|0.01|0.18|0.162574|30|3|250
24,d4,-0.004,1561.469806,0.065|0.81|0.01|0.18|0.162574|30|3|250
24,d4,0.004,1591.628273,0.065|0.81|0.01|0.18|0.162574|30|3|250
24,d4,0.008,1613.773476,0.065|0.81|0.01|0.18|0.162574|30|3|250
24,d4,0.012,1636.131351,0.065|0.81|0.01|0.18|0.162574|30|3|250
24,d4,0.017,1660.923646,0.065|0.81|0.01|0.18|0.162574|30|3|250
24,d4,0.025,1706.812111,0.065|0.81|0.01|0.18|0.162574|30|3|250
24,d4,0.04,1784.658775,0.065|0.81|0.01|0.18|0.162574|30|3|250
24,d4,0.06,1893.142371,0.065|0.81|0.01|0.18|0.162574|30|3|250
24,d4,0.1,2127.902207,0.065|0.81|0.01|0.18|0.162574|30|3|250
24,d4,0.15,2476.773773,0.065|0.81|0.01|0.18|0.162574|30|3|250
24,dc,-0.15,1036.144705,0.065|0.81|0.01|0.18|0.162574|30|3|250
24,dc,-0.1,1199.416438,0.065|0.81|0.01|0.18|0.162574|30|3|250
24,dc,-0.06,1345.19415,0.065|0.81|0.01|0.18|0.162574|30|3|250
24,dc,-0.04,1416.574072,0.065|0.81|0.01|0.18|0.162574|30|3|250
24,dc,-0.025,1472.303254,0.065|0.81|0.01|0.18|0.162574|30|3|250
24,dc,-0.017,1508.15623,0.065|0.81|0.01|0.18|0.162574|30|3|250
24,dc,-0.012,1527.568035,0.065|0.81|0.01|0.18|0.162574|30|3|250
24,dc,-0.008,1545.953613,0.065|0.81|0.01|0.18|0.162574|30|3|250
24,dc,-0.004,1564.516836,0.065|0.81|0.01|0.18|0.162574|30|3|250
24,dc,0.004,1588.554284,0.065|0.81|0.01|0.18|0.162574|30|3|250
24,dc,0.008,1607.601437,0.065|0.81|0.01|0.18|0.162574|30|3|250
24,dc,0.012,1626.836837,0.065|0.81|0.01|0.18|0.162574|30|3|250
24,dc,0.017,1647.687573,0.065|0.81|0.01|0.18|0.162574|30|3|250
24,dc,0.025,1687.191043,0.065|0.81|0.01|0.18|0.162574|30|3|250
24,dc,0.04,1752.756432,0.065|0.81|0.01|0.18|0.162574|30|3|250
24,dc,0.06,1844.223903,0.065|0.81|0.01|0.18|0.162574|30|3|250
24,dc,0.1,2042.520476,0.065|0.81|0.01|0.18|0.162574|30|3|250
24,dc,0.15,2324.03727,0.065|0.81|0.01|0.18|0.162574|30|3|250
25,f0,0,2235.565236,0.078|0.67|0.01|0.32|0.16137|30|3|250
25,u,-2.5,2645.360264,0.078|0.67|0.01|0.32|0.16137|30|3|250
25,u,-1.5,2453.998597,0.078|0.67|0.01|0.32|0.16137|30|3|250
25,u,-1,2384.570166,0.078|0.67|0.01|0.32|0.16137|30|3|250
25,u,-0.7,2362.552005,0.078|0.67|0.01|0.32|0.16137|30|3|250
25,u,-0.5,2318.641944,0.078|0.67|0.01|0.32|0.16137|30|3|250
25,u,-0.35,2288.005713,0.078|0.67|0.01|0.32|0.16137|30|3|250
25,u,-0.25,2285.55641,0.078|0.67|0.01|0.32|0.16137|30|3|250
25,u,-0.2,2271.065335,0.078|0.67|0.01|0.32|0.16137|30|3|250
25,u,-0.15,2254.559763,0.078|0.67|0.01|0.32|0.16137|30|3|250
25,u,-0.1,2251.260686,0.078|0.67|0.01|0.32|0.16137|30|3|250
25,u,-0.075,2248.41651,0.078|0.67|0.01|0.32|0.16137|30|3|250
25,u,-0.05,2244.827958,0.078|0.67|0.01|0.32|0.16137|30|3|250
25,u,-0.03,2233.091913,0.078|0.67|0.01|0.32|0.16137|30|3|250
25,u,-0.02,2234.080878,0.078|0.67|0.01|0.32|0.16137|30|3|250
25,u,-0.01,2234.904285,0.078|0.67|0.01|0.32|0.16137|30|3|250
25,u,0.01,2222.7235,0.078|0.67|0.01|0.32|0.16137|30|3|250
25,u,0.02,2223.210443,0.078|0.67|0.01|0.32|0.16137|30|3|250
25,u,0.03,2223.542541,0.078|0.67|0.01|0.32|0.16137|30|3|250
25,u,0.05,2223.753904,0.078|0.67|0.01|0.32|0.16137|30|3|250
25,u,0.075,2216.974716,0.078|0.67|0.01|0.32|0.16137|30|3|250
25,u,0.1,2209.654544,0.078|0.67|0.01|0.32|0.16137|30|3|250
25,u,0.15,2193.508304,0.078|0.67|0.01|0.32|0.16137|30|3|250
25,u,0.2,2186.419979,0.078|0.67|0.01|0.32|0.16137|30|3|250
25,u,0.25,1791.299279,0.078|0.67|0.01|0.32|0.16137|30|3|250
25,u,0.35,1301.093086,0.078|0.67|0.01|0.32|0.16137|30|3|250
25,u,0.5,1088.329626,0.078|0.67|0.01|0.32|0.16137|30|3|250
25,u,0.7,1221.324488,0.078|0.67|0.01|0.32|0.16137|30|3|250
25,u,1,,0.078|0.67|0.01|0.32|0.16137|30|3|250
25,u,1.5,,0.078|0.67|0.01|0.32|0.16137|30|3|250
25,v,-2.5,2290.782939,0.078|0.67|0.01|0.32|0.16137|30|3|250
25,v,-1.5,2258.713751,0.078|0.67|0.01|0.32|0.16137|30|3|250
25,v,-1,2248.603595,0.078|0.67|0.01|0.32|0.16137|30|3|250
25,v,-0.7,2243.843263,0.078|0.67|0.01|0.32|0.16137|30|3|250
25,v,-0.35,2239.271243,0.078|0.67|0.01|0.32|0.16137|30|3|250
25,v,-0.15,2237.058789,0.078|0.67|0.01|0.32|0.16137|30|3|250
25,v,-0.05,2236.048228,0.078|0.67|0.01|0.32|0.16137|30|3|250
25,v,0.05,2235.096518,0.078|0.67|0.01|0.32|0.16137|30|3|250
25,v,0.15,2234.200231,0.078|0.67|0.01|0.32|0.16137|30|3|250
25,v,0.35,2232.561204,0.078|0.67|0.01|0.32|0.16137|30|3|250
25,v,0.7,2230.126184,0.078|0.67|0.01|0.32|0.16137|30|3|250
25,v,1,2228.409632,0.078|0.67|0.01|0.32|0.16137|30|3|250
25,v,1.5,2226.153752,0.078|0.67|0.01|0.32|0.16137|30|3|250
25,d4,-0.01,2161.632708,0.078|0.67|0.01|0.32|0.16137|30|3|250
25,d4,-0.008,2181.583443,0.078|0.67|0.01|0.32|0.16137|30|3|250
25,d4,-0.004,2208.418069,0.078|0.67|0.01|0.32|0.16137|30|3|250
25,d4,0.004,2249.467104,0.078|0.67|0.01|0.32|0.16137|30|3|250
25,d4,0.008,2277.178501,0.078|0.67|0.01|0.32|0.16137|30|3|250
25,d4,0.012,2305.218831,0.078|0.67|0.01|0.32|0.16137|30|3|250
25,d4,0.017,2351.106443,0.078|0.67|0.01|0.32|0.16137|30|3|250
25,d4,0.025,2395.199647,0.078|0.67|0.01|0.32|0.16137|30|3|250
25,d4,0.04,2511.238953,0.078|0.67|0.01|0.32|0.16137|30|3|250
25,d4,0.06,2654.969595,0.078|0.67|0.01|0.32|0.16137|30|3|250
25,d4,0.1,2987.881192,0.078|0.67|0.01|0.32|0.16137|30|3|250
25,d4,0.15,3470.466494,0.078|0.67|0.01|0.32|0.16137|30|3|250
25,dc,-0.15,1523.480149,0.078|0.67|0.01|0.32|0.16137|30|3|250
25,dc,-0.1,1730.107277,0.078|0.67|0.01|0.32|0.16137|30|3|250
25,dc,-0.06,1920.64791,0.078|0.67|0.01|0.32|0.16137|30|3|250
25,dc,-0.04,2011.225221,0.078|0.67|0.01|0.32|0.16137|30|3|250
25,dc,-0.025,2095.578378,0.078|0.67|0.01|0.32|0.16137|30|3|250
25,dc,-0.017,2140.318161,0.078|0.67|0.01|0.32|0.16137|30|3|250
25,dc,-0.012,2165.501158,0.078|0.67|0.01|0.32|0.16137|30|3|250
25,dc,-0.008,2188.580321,0.078|0.67|0.01|0.32|0.16137|30|3|250
25,dc,-0.004,2211.933372,0.078|0.67|0.01|0.32|0.16137|30|3|250
25,dc,0.004,2245.91351,0.078|0.67|0.01|0.32|0.16137|30|3|250
25,dc,0.008,2270.036305,0.078|0.67|0.01|0.32|0.16137|30|3|250
25,dc,0.012,2294.452384,0.078|0.67|0.01|0.32|0.16137|30|3|250
25,dc,0.017,2321.933579,0.078|0.67|0.01|0.32|0.16137|30|3|250
25,dc,0.025,2372.393773,0.078|0.67|0.01|0.32|0.16137|30|3|250
25,dc,0.04,2474.047401,0.078|0.67|0.01|0.32|0.16137|30|3|250
25,dc,0.06,2597.610972,0.078|0.67|0.01|0.32|0.16137|30|3|250
25,dc,0.1,2886.608949,0.078|0.67|0.01|0.32|0.16137|30|3|250
25,dc,0.15,3306.02682,0.078|0.67|0.01|0.32|0.16137|30|3|250
26,f0,0,1044.833565,0.054|0.96|0.01|0.03|0.160073|30|3|250
26,u,-2.5,1977.146304,0.054|0.96|0.01|0.03|0.160073|30|3|250
26,u,-1.5,1286.444535,0.054|0.96|0.01|0.03|0.160073|30|3|250
26,u,-1,1123.77739,0.054|0.96|0.01|0.03|0.160073|30|3|250
26,u,-0.7,1086.679701,0.054|0.96|0.01|0.03|0.160073|30|3|250
26,u,-0.5,1070.296027,0.054|0.96|0.01|0.03|0.160073|30|3|250
26,u,-0.35,1061.800049,0.054|0.96|0.01|0.03|0.160073|30|3|250
26,u,-0.25,1061.091064,0.054|0.96|0.01|0.03|0.160073|30|3|250
26,u,-0.2,1051.319968,0.054|0.96|0.01|0.03|0.160073|30|3|250
26,u,-0.15,1058.512935,0.054|0.96|0.01|0.03|0.160073|30|3|250
26,u,-0.1,1048.799377,0.054|0.96|0.01|0.03|0.160073|30|3|250
26,u,-0.075,1044.114878,0.054|0.96|0.01|0.03|0.160073|30|3|250
26,u,-0.05,1039.541563,0.054|0.96|0.01|0.03|0.160073|30|3|250
26,u,-0.03,1050.526724,0.054|0.96|0.01|0.03|0.160073|30|3|250
26,u,-0.02,1048.610722,0.054|0.96|0.01|0.03|0.160073|30|3|250
26,u,-0.01,1046.713061,0.054|0.96|0.01|0.03|0.160073|30|3|250
26,u,0.01,1042.972057,0.054|0.96|0.01|0.03|0.160073|30|3|250
26,u,0.02,1041.128364,0.054|0.96|0.01|0.03|0.160073|30|3|250
26,u,0.03,1039.302312,0.054|0.96|0.01|0.03|0.160073|30|3|250
26,u,0.05,1049.095885,0.054|0.96|0.01|0.03|0.160073|30|3|250
26,u,0.075,1044.34545,0.054|0.96|0.01|0.03|0.160073|30|3|250
26,u,0.1,1039.707945,0.054|0.96|0.01|0.03|0.160073|30|3|250
26,u,0.15,1042.814476,0.054|0.96|0.01|0.03|0.160073|30|3|250
26,u,0.2,1033.667191,0.054|0.96|0.01|0.03|0.160073|30|3|250
26,u,0.25,1035.789918,0.054|0.96|0.01|0.03|0.160073|30|3|250
26,u,0.35,1028.208989,0.054|0.96|0.01|0.03|0.160073|30|3|250
26,u,0.5,1028.556171,0.054|0.96|0.01|0.03|0.160073|30|3|250
26,u,0.7,1015.982692,0.054|0.96|0.01|0.03|0.160073|30|3|250
26,u,1,1004.94385,0.054|0.96|0.01|0.03|0.160073|30|3|250
26,u,1.5,,0.054|0.96|0.01|0.03|0.160073|30|3|250
26,v,-2.5,1100.319278,0.054|0.96|0.01|0.03|0.160073|30|3|250
26,v,-1.5,1068.094436,0.054|0.96|0.01|0.03|0.160073|30|3|250
26,v,-1,1057.935208,0.054|0.96|0.01|0.03|0.160073|30|3|250
26,v,-0.7,1053.151772,0.054|0.96|0.01|0.03|0.160073|30|3|250
26,v,-0.35,1048.55756,0.054|0.96|0.01|0.03|0.160073|30|3|250
26,v,-0.15,1046.334367,0.054|0.96|0.01|0.03|0.160073|30|3|250
26,v,-0.05,1045.318902,0.054|0.96|0.01|0.03|0.160073|30|3|250
26,v,0.05,1044.362572,0.054|0.96|0.01|0.03|0.160073|30|3|250
26,v,0.15,1043.461935,0.054|0.96|0.01|0.03|0.160073|30|3|250
26,v,0.35,1041.814953,0.054|0.96|0.01|0.03|0.160073|30|3|250
26,v,0.7,1039.368114,0.054|0.96|0.01|0.03|0.160073|30|3|250
26,v,1,1037.643231,0.054|0.96|0.01|0.03|0.160073|30|3|250
26,v,1.5,1035.376401,0.054|0.96|0.01|0.03|0.160073|30|3|250
26,d4,-0.01,1004.545411,0.054|0.96|0.01|0.03|0.160073|30|3|250
26,d4,-0.008,1006.937638,0.054|0.96|0.01|0.03|0.160073|30|3|250
26,d4,-0.004,1025.82326,0.054|0.96|0.01|0.03|0.160073|30|3|250
26,d4,0.004,1063.972722,0.054|0.96|0.01|0.03|0.160073|30|3|250
26,d4,0.008,1069.040263,0.054|0.96|0.01|0.03|0.160073|30|3|250
26,d4,0.012,1088.403157,0.054|0.96|0.01|0.03|0.160073|30|3|250
26,d4,0.017,1109.224985,0.054|0.96|0.01|0.03|0.160073|30|3|250
26,d4,0.025,1148.707998,0.054|0.96|0.01|0.03|0.160073|30|3|250
26,d4,0.04,1213.41596,0.054|0.96|0.01|0.03|0.160073|30|3|250
26,d4,0.06,1287.863226,0.054|0.96|0.01|0.03|0.160073|30|3|250
26,d4,0.1,1477.486942,0.054|0.96|0.01|0.03|0.160073|30|3|250
26,d4,0.15,1723.043227,0.054|0.96|0.01|0.03|0.160073|30|3|250
26,dc,-0.03,945.4071497,0.054|0.96|0.01|0.03|0.160073|30|3|250
26,dc,-0.025,961.6915925,0.054|0.96|0.01|0.03|0.160073|30|3|250
26,dc,-0.017,993.5295755,0.054|0.96|0.01|0.03|0.160073|30|3|250
26,dc,-0.012,1010.118509,0.054|0.96|0.01|0.03|0.160073|30|3|250
26,dc,-0.008,1012.263331,0.054|0.96|0.01|0.03|0.160073|30|3|250
26,dc,-0.004,1028.494155,0.054|0.96|0.01|0.03|0.160073|30|3|250
26,dc,0.004,1061.285408,0.054|0.96|0.01|0.03|0.160073|30|3|250
26,dc,0.008,1063.643058,0.054|0.96|0.01|0.03|0.160073|30|3|250
26,dc,0.012,1080.282035,0.054|0.96|0.01|0.03|0.160073|30|3|250
26,dc,0.017,1097.67157,0.054|0.96|0.01|0.03|0.160073|30|3|250
26,dc,0.025,1131.609108,0.054|0.96|0.01|0.03|0.160073|30|3|250
26,dc,0.04,1171.066999,0.054|0.96|0.01|0.03|0.160073|30|3|250
26,dc,0.06,1245.501498,0.054|0.96|0.01|0.03|0.160073|30|3|250
26,dc,0.1,1388.650433,0.054|0.96|0.01|0.03|0.160073|30|3|250
26,dc,0.15,1590.98021,0.054|0.96|0.01|0.03|0.160073|30|3|250
27,f0,0,1580.328652,0.064|0.81|0.01|0.18|0.160073|30|3|250
27,u,-2.5,2045.63026,0.064|0.81|0.01|0.18|0.160073|30|3|250
27,u,-1.5,1740.978715,0.064|0.81|0.01|0.18|0.160073|30|3|250
27,u,-1,1657.638812,0.064|0.81|0.01|0.18|0.160073|30|3|250
27,u,-0.7,1640.000492,0.064|0.81|0.01|0.18|0.160073|30|3|250
27,u,-0.5,1625.962655,0.064|0.81|0.01|0.18|0.160073|30|3|250
27,u,-0.35,1606.649344,0.064|0.81|0.01|0.18|0.160073|30|3|250
27,u,-0.25,1594.301436,0.064|0.81|0.01|0.18|0.160073|30|3|250
27,u,-0.2,1594.897413,0.064|0.81|0.01|0.18|0.160073|30|3|250
27,u,-0.15,1593.628815,0.064|0.81|0.01|0.18|0.160073|30|3|250
27,u,-0.1,1590.671231,0.064|0.81|0.01|0.18|0.160073|30|3|250
27,u,-0.075,1588.610438,0.064|0.81|0.01|0.18|0.160073|30|3|250
27,u,-0.05,1586.187524,0.064|0.81|0.01|0.18|0.160073|30|3|250
27,u,-0.03,1586.848102,0.064|0.81|0.01|0.18|0.160073|30|3|250
27,u,-0.02,1580.01065,0.064|0.81|0.01|0.18|0.160073|30|3|250
27,u,-0.01,1587.178804,0.064|0.81|0.01|0.18|0.160073|30|3|250
27,u,0.01,1573.545374,0.064|0.81|0.01|0.18|0.160073|30|3|250
27,u,0.02,1580.332345,0.064|0.81|0.01|0.18|0.160073|30|3|250
27,u,0.03,1573.5396,0.064|0.81|0.01|0.18|0.160073|30|3|250
27,u,0.05,1573.234452,0.064|0.81|0.01|0.18|0.160073|30|3|250
27,u,0.075,1569.264942,0.064|0.81|0.01|0.18|0.160073|30|3|250
27,u,0.1,1565.034367,0.064|0.81|0.01|0.18|0.160073|30|3|250
27,u,0.15,1567.608171,0.064|0.81|0.01|0.18|0.160073|30|3|250
27,u,0.2,1556.934538,0.064|0.81|0.01|0.18|0.160073|30|3|250
27,u,0.25,1556.081842,0.064|0.81|0.01|0.18|0.160073|30|3|250
27,u,0.35,1539.784187,0.064|0.81|0.01|0.18|0.160073|30|3|250
27,u,0.5,1460.601034,0.064|0.81|0.01|0.18|0.160073|30|3|250
27,u,0.7,1087.701052,0.064|0.81|0.01|0.18|0.160073|30|3|250
27,u,1,,0.064|0.81|0.01|0.18|0.160073|30|3|250
27,u,1.5,,0.064|0.81|0.01|0.18|0.160073|30|3|250
27,v,-2.5,1635.814365,0.064|0.81|0.01|0.18|0.160073|30|3|250
27,v,-1.5,1603.589522,0.064|0.81|0.01|0.18|0.160073|30|3|250
27,v,-1,1593.430295,0.064|0.81|0.01|0.18|0.160073|30|3|250
27,v,-0.7,1588.646858,0.064|0.81|0.01|0.18|0.160073|30|3|250
27,v,-0.35,1584.052647,0.064|0.81|0.01|0.18|0.160073|30|3|250
27,v,-0.15,1581.829454,0.064|0.81|0.01|0.18|0.160073|30|3|250
27,v,-0.05,1580.813988,0.064|0.81|0.01|0.18|0.160073|30|3|250
27,v,0.05,1579.857659,0.064|0.81|0.01|0.18|0.160073|30|3|250
27,v,0.15,1578.957022,0.064|0.81|0.01|0.18|0.160073|30|3|250
27,v,0.35,1577.31004,0.064|0.81|0.01|0.18|0.160073|30|3|250
27,v,0.7,1574.863201,0.064|0.81|0.01|0.18|0.160073|30|3|250
27,v,1,1573.138318,0.064|0.81|0.01|0.18|0.160073|30|3|250
27,v,1.5,1570.871487,0.064|0.81|0.01|0.18|0.160073|30|3|250
27,d4,-0.01,1532.52822,0.064|0.81|0.01|0.18|0.160073|30|3|250
27,d4,-0.008,1536.531271,0.064|0.81|0.01|0.18|0.160073|30|3|250
27,d4,-0.004,1558.327154,0.064|0.81|0.01|0.18|0.160073|30|3|250
27,d4,0.004,1602.538958,0.064|0.81|0.01|0.18|0.160073|30|3|250
27,d4,0.008,1624.961326,0.064|0.81|0.01|0.18|0.160073|30|3|250
27,d4,0.012,1633.615339,0.064|0.81|0.01|0.18|0.160073|30|3|250
27,d4,0.017,1672.688223,0.064|0.81|0.01|0.18|0.160073|30|3|250
27,d4,0.025,1704.953143,0.064|0.81|0.01|0.18|0.160073|30|3|250
27,d4,0.04,1783.474772,0.064|0.81|0.01|0.18|0.160073|30|3|250
27,d4,0.06,1892.897992,0.064|0.81|0.01|0.18|0.160073|30|3|250
27,d4,0.1,2145.293604,0.064|0.81|0.01|0.18|0.160073|30|3|250
27,d4,0.15,2464.975569,0.064|0.81|0.01|0.18|0.160073|30|3|250
27,dc,-0.15,1039.121204,0.064|0.81|0.01|0.18|0.160073|30|3|250
27,dc,-0.1,1204.746961,0.064|0.81|0.01|0.18|0.160073|30|3|250
27,dc,-0.06,1339.752711,0.064|0.81|0.01|0.18|0.160073|30|3|250
27,dc,-0.04,1425.028852,0.064|0.81|0.01|0.18|0.160073|30|3|250
27,dc,-0.025,1481.552269,0.064|0.81|0.01|0.18|0.160073|30|3|250
27,dc,-0.017,1504.410232,0.064|0.81|0.01|0.18|0.160073|30|3|250
27,dc,-0.012,1524.019079,0.064|0.81|0.01|0.18|0.160073|30|3|250
27,dc,-0.008,1542.608536,0.064|0.81|0.01|0.18|0.160073|30|3|250
27,dc,-0.004,1561.377462,0.064|0.81|0.01|0.18|0.160073|30|3|250
27,dc,0.004,1599.464947,0.064|0.81|0.01|0.18|0.160073|30|3|250
27,dc,0.008,1618.789242,0.064|0.81|0.01|0.18|0.160073|30|3|250
27,dc,0.012,1624.310799,0.064|0.81|0.01|0.18|0.160073|30|3|250
27,dc,0.017,1645.372268,0.064|0.81|0.01|0.18|0.160073|30|3|250
27,dc,0.025,1685.310857,0.064|0.81|0.01|0.18|0.160073|30|3|250
27,dc,0.04,1751.537839,0.064|0.81|0.01|0.18|0.160073|30|3|250
27,dc,0.06,1843.926291,0.064|0.81|0.01|0.18|0.160073|30|3|250
27,dc,0.1,2044.213086,0.064|0.81|0.01|0.18|0.160073|30|3|250
27,dc,0.15,2328.544042,0.064|0.81|0.01|0.18|0.160073|30|3|250
28,f0,0,1710.710919,0.066|0.78|0.01|0.21|0.158962|30|3|250
28,u,-2.5,2070.07044,0.066|0.78|0.01|0.21|0.158962|30|3|250
28,u,-1.5,1891.822788,0.066|0.78|0.01|0.21|0.158962|30|3|250
28,u,-1,1795.257181,0.066|0.78|0.01|0.21|0.158962|30|3|250
28,u,-0.7,1775.138009,0.066|0.78|0.01|0.21|0.158962|30|3|250
28,u,-0.5,1762.888117,0.066|0.78|0.01|0.21|0.158962|30|3|250
28,u,-0.35,1746.559877,0.066|0.78|0.01|0.21|0.158962|30|3|250
28,u,-0.25,1740.228877,0.066|0.78|0.01|0.21|0.158962|30|3|250
28,u,-0.2,1734.366955,0.066|0.78|0.01|0.21|0.158962|30|3|250
28,u,-0.15,1726.943931,0.066|0.78|0.01|0.21|0.158962|30|3|250
28,u,-0.1,1718.12088,0.066|0.78|0.01|0.21|0.158962|30|3|250
28,u,-0.075,1713.231372,0.066|0.78|0.01|0.21|0.158962|30|3|250
28,u,-0.05,1708.046857,0.066|0.78|0.01|0.21|0.158962|30|3|250
28,u,-0.03,1706.557838,0.066|0.78|0.01|0.21|0.158962|30|3|250
28,u,-0.02,1712.777592,0.066|0.78|0.01|0.21|0.158962|30|3|250
28,u,-0.01,1704.779549,0.066|0.78|0.01|0.21|0.158962|30|3|250
28,u,0.01,1702.723632,0.066|0.78|0.01|0.21|0.158962|30|3|250
28,u,0.02,1708.375253,0.066|0.78|0.01|0.21|0.158962|30|3|250
28,u,0.03,1700.40138,0.066|0.78|0.01|0.21|0.158962|30|3|250
28,u,0.05,1697.823747,0.066|0.78|0.01|0.21|0.158962|30|3|250
28,u,0.075,1691.060757,0.066|0.78|0.01|0.21|0.158962|30|3|250
28,u,0.1,1696.558951,0.066|0.78|0.01|0.21|0.158962|30|3|250
28,u,0.15,1693.273535,0.066|0.78|0.01|0.21|0.158962|30|3|250
28,u,0.2,1676.968749,0.066|0.78|0.01|0.21|0.158962|30|3|250
28,u,0.25,1670.793298,0.066|0.78|0.01|0.21|0.158962|30|3|250
28,u,0.35,1663.582374,0.066|0.78|0.01|0.21|0.158962|30|3|250
28,u,0.5,1341.810254,0.066|0.78|0.01|0.21|0.158962|30|3|250
28,u,0.7,1071.734052,0.066|0.78|0.01|0.21|0.158962|30|3|250
28,u,1,,0.066|0.78|0.01|0.21|0.158962|30|3|250
28,u,1.5,,0.066|0.78|0.01|0.21|0.158962|30|3|250
28,v,-2.5,1766.428985,0.066|0.78|0.01|0.21|0.158962|30|3|250
28,v,-1.5,1734.069197,0.066|0.78|0.01|0.21|0.158962|30|3|250
28,v,-1,1723.867427,0.066|0.78|0.01|0.21|0.158962|30|3|250
28,v,-0.7,1719.063959,0.066|0.78|0.01|0.21|0.158962|30|3|250
28,v,-0.35,1714.450509,0.066|0.78|0.01|0.21|0.158962|30|3|250
28,v,-0.15,1712.218006,0.066|0.78|0.01|0.21|0.158962|30|3|250
28,v,-0.05,1711.198288,0.066|0.78|0.01|0.21|0.158962|30|3|250
28,v,0.05,1710.237954,0.066|0.78|0.01|0.21|0.158962|30|3|250
28,v,0.15,1709.333545,0.066|0.78|0.01|0.21|0.158962|30|3|250
28,v,0.35,1707.679667,0.066|0.78|0.01|0.21|0.158962|30|3|250
28,v,0.7,1705.222581,0.066|0.78|0.01|0.21|0.158962|30|3|250
28,v,1,1703.490475,0.066|0.78|0.01|0.21|0.158962|30|3|250
28,v,1.5,1701.214152,0.066|0.78|0.01|0.21|0.158962|30|3|250
28,d4,-0.01,1646.760458,0.066|0.78|0.01|0.21|0.158962|30|3|250
28,d4,-0.008,1664.914393,0.066|0.78|0.01|0.21|0.158962|30|3|250
28,d4,-0.004,1687.700287,0.066|0.78|0.01|0.21|0.158962|30|3|250
28,d4,0.004,1720.032401,0.066|0.78|0.01|0.21|0.158962|30|3|250
28,d4,0.008,1743.436305,0.066|0.78|0.01|0.21|0.158962|30|3|250
28,d4,0.012,1767.075099,0.066|0.78|0.01|0.21|0.158962|30|3|250
28,d4,0.017,1793.424848,0.066|0.78|0.01|0.21|0.158962|30|3|250
28,d4,0.025,1841.999757,0.066|0.78|0.01|0.21|0.158962|30|3|250
28,d4,0.04,1924.899799,0.066|0.78|0.01|0.21|0.158962|30|3|250
28,d4,0.06,2040.653385,0.066|0.78|0.01|0.21|0.158962|30|3|250
28,d4,0.1,2292.0475,0.066|0.78|0.01|0.21|0.158962|30|3|250
28,d4,0.15,2667.078617,0.066|0.78|0.01|0.21|0.158962|30|3|250
28,dc,-0.15,1133.005646,0.066|0.78|0.01|0.21|0.158962|30|3|250
28,dc,-0.1,1304.309685,0.066|0.78|0.01|0.21|0.158962|30|3|250
28,dc,-0.06,1458.045497,0.066|0.78|0.01|0.21|0.158962|30|3|250
28,dc,-0.04,1533.816776,0.066|0.78|0.01|0.21|0.158962|30|3|250
28,dc,-0.025,1593.08023,0.066|0.78|0.01|0.21|0.158962|30|3|250
28,dc,-0.017,1631.013535,0.066|0.78|0.01|0.21|0.158962|30|3|250
28,dc,-0.012,1651.694594,0.066|0.78|0.01|0.21|0.158962|30|3|250
28,dc,-0.008,1671.169209,0.066|0.78|0.01|0.21|0.158962|30|3|250
28,dc,-0.004,1690.840279,0.066|0.78|0.01|0.21|0.158962|30|3|250
28,dc,0.004,1716.86344,0.066|0.78|0.01|0.21|0.158962|30|3|250
28,dc,0.008,1737.072389,0.066|0.78|0.01|0.21|0.158962|30|3|250
28,dc,0.012,1757.489824,0.066|0.78|0.01|0.21|0.158962|30|3|250
28,dc,0.017,1779.771427,0.066|0.78|0.01|0.21|0.158962|30|3|250
28,dc,0.025,1821.752146,0.066|0.78|0.01|0.21|0.158962|30|3|250
28,dc,0.04,1891.953852,0.066|0.78|0.01|0.21|0.158962|30|3|250
28,dc,0.06,1990.081291,0.066|0.78|0.01|0.21|0.158962|30|3|250
28,dc,0.1,2203.576603,0.066|0.78|0.01|0.21|0.158962|30|3|250
28,dc,0.15,2508.44392,0.066|0.78|0.01|0.21|0.158962|30|3|250
29,f0,0,1798.507965,0.065|0.76|0.01|0.23|0.152539|30|3|250
29,u,-2.5,2128.063647,0.065|0.76|0.01|0.23|0.152539|30|3|250
29,u,-1.5,1942.654494,0.065|0.76|0.01|0.23|0.152539|30|3|250
29,u,-1,1923.544679,0.065|0.76|0.01|0.23|0.152539|30|3|250
29,u,-0.7,1881.358173,0.065|0.76|0.01|0.23|0.152539|30|3|250
29,u,-0.5,1857.646503,0.065|0.76|0.01|0.23|0.152539|30|3|250
29,u,-0.35,1833.781036,0.065|0.76|0.01|0.23|0.152539|30|3|250
29,u,-0.25,1823.176239,0.065|0.76|0.01|0.23|0.152539|30|3|250
29,u,-0.2,1815.215976,0.065|0.76|0.01|0.23|0.152539|30|3|250
29,u,-0.15,1822.633562,0.065|0.76|0.01|0.23|0.152539|30|3|250
29,u,-0.1,1810.908307,0.065|0.76|0.01|0.23|0.152539|30|3|250
29,u,-0.075,1804.595808,0.065|0.76|0.01|0.23|0.152539|30|3|250
29,u,-0.05,1798.006961,0.065|0.76|0.01|0.23|0.152539|30|3|250
29,u,-0.03,1795.52946,0.065|0.76|0.01|0.23|0.152539|30|3|250
29,u,-0.02,1801.558561,0.065|0.76|0.01|0.23|0.152539|30|3|250
29,u,-0.01,1792.7697,0.065|0.76|0.01|0.23|0.152539|30|3|250
29,u,0.01,1804.027686,0.065|0.76|0.01|0.23|0.152539|30|3|250
29,u,0.02,1795.195648,0.065|0.76|0.01|0.23|0.152539|30|3|250
29,u,0.03,1800.439165,0.065|0.76|0.01|0.23|0.152539|30|3|250
29,u,0.05,1796.608487,0.065|0.76|0.01|0.23|0.152539|30|3|250
29,u,0.075,1788.161454,0.065|0.76|0.01|0.23|0.152539|30|3|250
29,u,0.1,1779.547111,0.065|0.76|0.01|0.23|0.152539|30|3|250
29,u,0.15,1774.181977,0.065|0.76|0.01|0.23|0.152539|30|3|250
29,u,0.2,1767.013012,0.065|0.76|0.01|0.23|0.152539|30|3|250
29,u,0.25,1769.284695,0.065|0.76|0.01|0.23|0.152539|30|3|250
29,u,0.35,1746.363465,0.065|0.76|0.01|0.23|0.152539|30|3|250
29,u,0.5,1394.204915,0.065|0.76|0.01|0.23|0.152539|30|3|250
29,u,0.7,1076.764564,0.065|0.76|0.01|0.23|0.152539|30|3|250
29,u,1,,0.065|0.76|0.01|0.23|0.152539|30|3|250
29,u,1.5,,0.065|0.76|0.01|0.23|0.152539|30|3|250
29,v,-2.5,1855.622085,0.065|0.76|0.01|0.23|0.152539|30|3|250
29,v,-1.5,1822.451501,0.065|0.76|0.01|0.23|0.152539|30|3|250
29,v,-1,1811.994118,0.065|0.76|0.01|0.23|0.152539|30|3|250
29,v,-0.7,1807.070296,0.065|0.76|0.01|0.23|0.152539|30|3|250
29,v,-0.35,1802.341253,0.065|0.76|0.01|0.23|0.152539|30|3|250
29,v,-0.15,1800.052814,0.065|0.76|0.01|0.23|0.152539|30|3|250
29,v,-0.05,1799.007546,0.065|0.76|0.01|0.23|0.152539|30|3|250
29,v,0.05,1798.02315,0.065|0.76|0.01|0.23|0.152539|30|3|250
29,v,0.15,1797.09608,0.065|0.76|0.01|0.23|0.152539|30|3|250
29,v,0.35,1795.400763,0.065|0.76|0.01|0.23|0.152539|30|3|250
29,v,0.7,1792.882113,0.065|0.76|0.01|0.23|0.152539|30|3|250
29,v,1,1791.106608,0.065|0.76|0.01|0.23|0.152539|30|3|250
29,v,1.5,1788.77325,0.065|0.76|0.01|0.23|0.152539|30|3|250
29,d4,-0.01,1745.396041,0.065|0.76|0.01|0.23|0.152539|30|3|250
29,d4,-0.008,1750.191456,0.065|0.76|0.01|0.23|0.152539|30|3|250
29,d4,-0.004,1774.227689,0.065|0.76|0.01|0.23|0.152539|30|3|250
29,d4,0.004,1823.036241,0.065|0.76|0.01|0.23|0.152539|30|3|250
29,d4,0.008,1847.816549,0.065|0.76|0.01|0.23|0.152539|30|3|250
29,d4,0.012,1858.195529,0.065|0.76|0.01|0.23|0.152539|30|3|250
29,d4,0.017,1900.82794,0.065|0.76|0.01|0.23|0.152539|30|3|250
29,d4,0.025,1937.416141,0.065|0.76|0.01|0.23|0.152539|30|3|250
29,d4,0.04,2025.258415,0.065|0.76|0.01|0.23|0.152539|30|3|250
29,d4,0.06,2148.081914,0.065|0.76|0.01|0.23|0.152539|30|3|250
29,d4,0.1,2415.507013,0.065|0.76|0.01|0.23|0.152539|30|3|250
29,d4,0.15,2798.009801,0.065|0.76|0.01|0.23|0.152539|30|3|250
29,dc,-0.15,1200.031697,0.065|0.76|0.01|0.23|0.152539|30|3|250
29,dc,-0.1,1381.094413,0.065|0.76|0.01|0.23|0.152539|30|3|250
29,dc,-0.06,1544.057359,0.065|0.76|0.01|0.23|0.152539|30|3|250
29,dc,-0.04,1624.676965,0.065|0.76|0.01|0.23|0.152539|30|3|250
29,dc,-0.025,1687.806302,0.065|0.76|0.01|0.23|0.152539|30|3|250
29,dc,-0.017,1713.984045,0.065|0.76|0.01|0.23|0.152539|30|3|250
29,dc,-0.012,1750.171258,0.065|0.76|0.01|0.23|0.152539|30|3|250
29,dc,-0.008,1756.588595,0.065|0.76|0.01|0.23|0.152539|30|3|250
29,dc,-0.004,1777.439548,0.065|0.76|0.01|0.23|0.152539|30|3|250
29,dc,0.004,1819.797377,0.065|0.76|0.01|0.23|0.152539|30|3|250
29,dc,0.008,1841.311385,0.065|0.76|0.01|0.23|0.152539|30|3|250
29,dc,0.012,1848.385591,0.065|0.76|0.01|0.23|0.152539|30|3|250
29,dc,0.017,1872.101747,0.065|0.76|0.01|0.23|0.152539|30|3|250
29,dc,0.025,1916.684571,0.065|0.76|0.01|0.23|0.152539|30|3|250
29,dc,0.04,1991.50664,0.065|0.76|0.01|0.23|0.152539|30|3|250
29,dc,0.06,2096.233425,0.065|0.76|0.01|0.23|0.152539|30|3|250
29,dc,0.1,2324.652529,0.065|0.76|0.01|0.23|0.152539|30|3|250
29,dc,0.15,2652.171496,0.065|0.76|0.01|0.23|0.152539|30|3|250
30,f0,0,1705.730408,0.063|0.78|0.01|0.21|0.151736|30|3|250
30,u,-2.5,2122.138215,0.063|0.78|0.01|0.21|0.151736|30|3|250
30,u,-1.5,1868.973179,0.063|0.78|0.01|0.21|0.151736|30|3|250
30,u,-1,1795.320978,0.063|0.78|0.01|0.21|0.151736|30|3|250
30,u,-0.7,1785.454704,0.063|0.78|0.01|0.21|0.151736|30|3|250
30,u,-0.5,1754.03848,0.063|0.78|0.01|0.21|0.151736|30|3|250
30,u,-0.35,1744.238797,0.063|0.78|0.01|0.21|0.151736|30|3|250
30,u,-0.25,1741.9494,0.063|0.78|0.01|0.21|0.151736|30|3|250
30,u,-0.2,1737.829668,0.063|0.78|0.01|0.21|0.151736|30|3|250
30,u,-0.15,1731.980888,0.063|0.78|0.01|0.21|0.151736|30|3|250
30,u,-0.1,1724.576403,0.063|0.78|0.01|0.21|0.151736|30|3|250
30,u,-0.075,1720.34141,0.063|0.78|0.01|0.21|0.151736|30|3|250
30,u,-0.05,1715.77673,0.063|0.78|0.01|0.21|0.151736|30|3|250
30,u,-0.03,1714.9033,0.063|0.78|0.01|0.21|0.151736|30|3|250
30,u,-0.02,1706.917434,0.063|0.78|0.01|0.21|0.151736|30|3|250
30,u,-0.01,1713.714192,0.063|0.78|0.01|0.21|0.151736|30|3|250
30,u,0.01,1712.221856,0.063|0.78|0.01|0.21|0.151736|30|3|250
30,u,0.02,1704.24315,0.063|0.78|0.01|0.21|0.151736|30|3|250
30,u,0.03,1710.43837,0.063|0.78|0.01|0.21|0.151736|30|3|250
30,u,0.05,1708.375452,0.063|0.78|0.01|0.21|0.151736|30|3|250
30,u,0.075,1702.061381,0.063|0.78|0.01|0.21|0.151736|30|3|250
30,u,0.1,1695.525695,0.063|0.78|0.01|0.21|0.151736|30|3|250
30,u,0.15,1694.255435,0.063|0.78|0.01|0.21|0.151736|30|3|250
30,u,0.2,1690.971522,0.063|0.78|0.01|0.21|0.151736|30|3|250
30,u,0.25,1685.866429,0.063|0.78|0.01|0.21|0.151736|30|3|250
30,u,0.35,1670.89323,0.063|0.78|0.01|0.21|0.151736|30|3|250
30,u,0.5,1534.070885,0.063|0.78|0.01|0.21|0.151736|30|3|250
30,u,0.7,1100.159288,0.063|0.78|0.01|0.21|0.151736|30|3|250
30,u,1,2147.224106,0.063|0.78|0.01|0.21|0.151736|30|3|250
30,u,1.5,,0.063|0.78|0.01|0.21|0.151736|30|3|250
30,v,-2.5,1763.025687,0.063|0.78|0.01|0.21|0.151736|30|3|250
30,v,-1.5,1729.74989,0.063|0.78|0.01|0.21|0.151736|30|3|250
30,v,-1,1719.259337,0.063|0.78|0.01|0.21|0.151736|30|3|250
30,v,-0.7,1714.319898,0.063|0.78|0.01|0.21|0.151736|30|3|250
30,v,-0.35,1709.575854,0.063|0.78|0.01|0.21|0.151736|30|3|250
30,v,-0.15,1707.280156,0.063|0.78|0.01|0.21|0.151736|30|3|250
30,v,-0.05,1706.231573,0.063|0.78|0.01|0.21|0.151736|30|3|250
30,v,0.05,1705.244054,0.063|0.78|0.01|0.21|0.151736|30|3|250
30,v,0.15,1704.314044,0.063|0.78|0.01|0.21|0.151736|30|3|250
30,v,0.35,1702.613349,0.063|0.78|0.01|0.21|0.151736|30|3|250
30,v,0.7,1700.086711,0.063|0.78|0.01|0.21|0.151736|30|3|250
30,v,1,1698.305574,0.063|0.78|0.01|0.21|0.151736|30|3|250
30,v,1.5,1695.964815,0.063|0.78|0.01|0.21|0.151736|30|3|250
30,d4,-0.01,1654.142323,0.063|0.78|0.01|0.21|0.151736|30|3|250
30,d4,-0.008,1673.005813,0.063|0.78|0.01|0.21|0.151736|30|3|250
30,d4,-0.004,1696.52662,0.063|0.78|0.01|0.21|0.151736|30|3|250
30,d4,0.004,1729.649143,0.063|0.78|0.01|0.21|0.151736|30|3|250
30,d4,0.008,1753.806429,0.063|0.78|0.01|0.21|0.151736|30|3|250
30,d4,0.012,1778.206088,0.063|0.78|0.01|0.21|0.151736|30|3|250
30,d4,0.017,1805.33958,0.063|0.78|0.01|0.21|0.151736|30|3|250
30,d4,0.025,1840.477315,0.063|0.78|0.01|0.21|0.151736|30|3|250
30,d4,0.04,1925.558586,0.063|0.78|0.01|0.21|0.151736|30|3|250
30,d4,0.06,2044.355576,0.063|0.78|0.01|0.21|0.151736|30|3|250
30,d4,0.1,2302.35301,0.063|0.78|0.01|0.21|0.151736|30|3|250
30,d4,0.15,2669.820893,0.063|0.78|0.01|0.21|0.151736|30|3|250
30,dc,-0.15,1134.02093,0.063|0.78|0.01|0.21|0.151736|30|3|250
30,dc,-0.1,1312.211026,0.063|0.78|0.01|0.21|0.151736|30|3|250
30,dc,-0.06,1458.583116,0.063|0.78|0.01|0.21|0.151736|30|3|250
30,dc,-0.04,1537.004515,0.063|0.78|0.01|0.21|0.151736|30|3|250
30,dc,-0.025,1598.336404,0.063|0.78|0.01|0.21|0.151736|30|3|250
30,dc,-0.017,1637.676467,0.063|0.78|0.01|0.21|0.151736|30|3|250
30,dc,-0.012,1659.078406,0.063|0.78|0.01|0.21|0.151736|30|3|250
30,dc,-0.008,1679.274205,0.063|0.78|0.01|0.21|0.151736|30|3|250
30,dc,-0.004,1699.673434,0.063|0.78|0.01|0.21|0.151736|30|3|250
30,dc,0.004,1726.473292,0.063|0.78|0.01|0.21|0.151736|30|3|250
30,dc,0.008,1747.428662,0.063|0.78|0.01|0.21|0.151736|30|3|250
30,dc,0.012,1768.599931,0.063|0.78|0.01|0.21|0.151736|30|3|250
30,dc,0.017,1791.656387,0.063|0.78|0.01|0.21|0.151736|30|3|250
30,dc,0.025,1820.163593,0.063|0.78|0.01|0.21|0.151736|30|3|250
30,dc,0.04,1892.504767,0.063|0.78|0.01|0.21|0.151736|30|3|250
30,dc,0.06,1993.617269,0.063|0.78|0.01|0.21|0.151736|30|3|250
30,dc,0.1,2213.589061,0.063|0.78|0.01|0.21|0.151736|30|3|250
30,dc,0.15,2527.672003,0.063|0.78|0.01|0.21|0.151736|30|3|250
31,f0,0,1718.701227,0.062|0.78|0.01|0.21|0.149328|30|3|250
31,u,-2.5,2140.597481,0.062|0.78|0.01|0.21|0.149328|30|3|250
31,u,-1.5,1883.803507,0.062|0.78|0.01|0.21|0.149328|30|3|250
31,u,-1,1809.169988,0.062|0.78|0.01|0.21|0.149328|30|3|250
31,u,-0.7,1799.288964,0.062|0.78|0.01|0.21|0.149328|30|3|250
31,u,-0.5,1767.465825,0.062|0.78|0.01|0.21|0.149328|30|3|250
31,u,-0.35,1757.596131,0.062|0.78|0.01|0.21|0.149328|30|3|250
31,u,-0.25,1736.109305,0.062|0.78|0.01|0.21|0.149328|30|3|250
31,u,-0.2,1732.933398,0.062|0.78|0.01|0.21|0.149328|30|3|250
31,u,-0.15,1727.952918,0.062|0.78|0.01|0.21|0.149328|30|3|250
31,u,-0.1,1721.346343,0.062|0.78|0.01|0.21|0.149328|30|3|250
31,u,-0.075,1717.485427,0.062|0.78|0.01|0.21|0.149328|30|3|250
31,u,-0.05,1713.279009,0.062|0.78|0.01|0.21|0.149328|30|3|250
31,u,-0.03,1712.732367,0.062|0.78|0.01|0.21|0.149328|30|3|250
31,u,-0.02,1719.891592,0.062|0.78|0.01|0.21|0.149328|30|3|250
31,u,-0.01,1711.85852,0.062|0.78|0.01|0.21|0.149328|30|3|250
31,u,0.01,1710.670247,0.062|0.78|0.01|0.21|0.149328|30|3|250
31,u,0.02,1717.20582,0.062|0.78|0.01|0.21|0.149328|30|3|250
31,u,0.03,1709.179948,0.062|0.78|0.01|0.21|0.149328|30|3|250
31,u,0.05,1707.399654,0.062|0.78|0.01|0.21|0.149328|30|3|250
31,u,0.075,1701.366892,0.062|0.78|0.01|0.21|0.149328|30|3|250
31,u,0.1,1708.41141,0.062|0.78|0.01|0.21|0.149328|30|3|250
31,u,0.15,1694.544699,0.062|0.78|0.01|0.21|0.149328|30|3|250
31,u,0.2,1691.909754,0.062|0.78|0.01|0.21|0.149328|30|3|250
31,u,0.25,1687.392326,0.062|0.78|0.01|0.21|0.149328|30|3|250
31,u,0.35,1673.428091,0.062|0.78|0.01|0.21|0.149328|30|3|250
31,u,0.5,1626.657142,0.062|0.78|0.01|0.21|0.149328|30|3|250
31,u,0.7,1112.830623,0.062|0.78|0.01|0.21|0.149328|30|3|250
31,u,1,1944.60485,0.062|0.78|0.01|0.21|0.149328|30|3|250
31,u,1.5,,0.062|0.78|0.01|0.21|0.149328|30|3|250
31,v,-2.5,1776.549083,0.062|0.78|0.01|0.21|0.149328|30|3|250
31,v,-1.5,1742.952362,0.062|0.78|0.01|0.21|0.149328|30|3|250
31,v,-1,1732.360634,0.062|0.78|0.01|0.21|0.149328|30|3|250
31,v,-0.7,1727.373557,0.062|0.78|0.01|0.21|0.149328|30|3|250
31,v,-0.35,1722.58376,0.062|0.78|0.01|0.21|0.149328|30|3|250
31,v,-0.15,1720.265922,0.062|0.78|0.01|0.21|0.149328|30|3|250
31,v,-0.05,1719.207225,0.062|0.78|0.01|0.21|0.149328|30|3|250
31,v,0.05,1718.210183,0.062|0.78|0.01|0.21|0.149328|30|3|250
31,v,0.15,1717.271204,0.062|0.78|0.01|0.21|0.149328|30|3|250
31,v,0.35,1715.554106,0.062|0.78|0.01|0.21|0.149328|30|3|250
31,v,0.7,1713.0031,0.062|0.78|0.01|0.21|0.149328|30|3|250
31,v,1,1711.204785,0.062|0.78|0.01|0.21|0.149328|30|3|250
31,v,1.5,1708.841451,0.062|0.78|0.01|0.21|0.149328|30|3|250
31,d4,-0.01,1666.469113,0.062|0.78|0.01|0.21|0.149328|30|3|250
31,d4,-0.008,1670.950554,0.062|0.78|0.01|0.21|0.149328|30|3|250
31,d4,-0.004,1694.708805,0.062|0.78|0.01|0.21|0.149328|30|3|250
31,d4,0.004,1728.063563,0.062|0.78|0.01|0.21|0.149328|30|3|250
31,d4,0.008,1752.464048,0.062|0.78|0.01|0.21|0.149328|30|3|250
31,d4,0.012,1777.109285,0.062|0.78|0.01|0.21|0.149328|30|3|250
31,d4,0.017,1804.489793,0.062|0.78|0.01|0.21|0.149328|30|3|250
31,d4,0.025,1855.131232,0.062|0.78|0.01|0.21|0.149328|30|3|250
31,d4,0.04,1941.275865,0.062|0.78|0.01|0.21|0.149328|30|3|250
31,d4,0.06,2061.558349,0.062|0.78|0.01|0.21|0.149328|30|3|250
31,d4,0.1,2305.940057,0.062|0.78|0.01|0.21|0.149328|30|3|250
31,d4,0.15,2676.735473,0.062|0.78|0.01|0.21|0.149328|30|3|250
31,dc,-0.15,1138.537409,0.062|0.78|0.01|0.21|0.149328|30|3|250
31,dc,-0.1,1306.207841,0.062|0.78|0.01|0.21|0.149328|30|3|250
31,dc,-0.06,1467.914635,0.062|0.78|0.01|0.21|0.149328|30|3|250
31,dc,-0.04,1547.491501,0.062|0.78|0.01|0.21|0.149328|30|3|250
31,dc,-0.025,1609.726608,0.062|0.78|0.01|0.21|0.149328|30|3|250
31,dc,-0.017,1635.170163,0.062|0.78|0.01|0.21|0.149328|30|3|250
31,dc,-0.012,1656.798036,0.062|0.78|0.01|0.21|0.149328|30|3|250
31,dc,-0.008,1677.225711,0.062|0.78|0.01|0.21|0.149328|30|3|250
31,dc,-0.004,1697.859018,0.062|0.78|0.01|0.21|0.149328|30|3|250
31,dc,0.004,1724.884278,0.062|0.78|0.01|0.21|0.149328|30|3|250
31,dc,0.008,1746.07938,0.062|0.78|0.01|0.21|0.149328|30|3|250
31,dc,0.012,1767.492724,0.062|0.78|0.01|0.21|0.149328|30|3|250
31,dc,0.017,1790.791768,0.062|0.78|0.01|0.21|0.149328|30|3|250
31,dc,0.025,1834.817348,0.062|0.78|0.01|0.21|0.149328|30|3|250
31,dc,0.04,1892.639599,0.062|0.78|0.01|0.21|0.149328|30|3|250
31,dc,0.06,1994.81046,0.062|0.78|0.01|0.21|0.149328|30|3|250
31,dc,0.1,2217.078421,0.062|0.78|0.01|0.21|0.149328|30|3|250
31,dc,0.15,2516.148946,0.062|0.78|0.01|0.21|0.149328|30|3|250
32,f0,0,1933.34612,0.065|0.73|0|0.27|0.146518|30|3|250
32,u,-2.5,2375.509404,0.065|0.73|0|0.27|0.146518|30|3|250
32,u,-1.5,2132.120864,0.065|0.73|0|0.27|0.146518|30|3|250
32,u,-1,2056.773412,0.065|0.73|0|0.27|0.146518|30|3|250
32,u,-0.7,2021.885942,0.065|0.73|0|0.27|0.146518|30|3|250
32,u,-0.5,2005.359194,0.065|0.73|0|0.27|0.146518|30|3|250
32,u,-0.35,1987.799009,0.065|0.73|0|0.27|0.146518|30|3|250
32,u,-0.25,1966.172651,0.065|0.73|0|0.27|0.146518|30|3|250
32,u,-0.2,1952.984024,0.065|0.73|0|0.27|0.146518|30|3|250
32,u,-0.15,1956.04648,0.065|0.73|0|0.27|0.146518|30|3|250
32,u,-0.1,1956.118313,0.065|0.73|0|0.27|0.146518|30|3|250
32,u,-0.075,1946.985762,0.065|0.73|0|0.27|0.146518|30|3|250
32,u,-0.05,1937.629824,0.065|0.73|0|0.27|0.146518|30|3|250
32,u,-0.03,1933.098612,0.065|0.73|0|0.27|0.146518|30|3|250
32,u,-0.02,1938.414495,0.065|0.73|0|0.27|0.146518|30|3|250
32,u,-0.01,1943.506853,0.065|0.73|0|0.27|0.146518|30|3|250
32,u,0.01,1938.161578,0.065|0.73|0|0.27|0.146518|30|3|250
32,u,0.02,1928.043677,0.065|0.73|0|0.27|0.146518|30|3|250
32,u,0.03,1932.590836,0.065|0.73|0|0.27|0.146518|30|3|250
32,u,0.05,1926.805224,0.065|0.73|0|0.27|0.146518|30|3|250
32,u,0.075,1929.702429,0.065|0.73|0|0.27|0.146518|30|3|250
32,u,0.1,1918.2302,0.065|0.73|0|0.27|0.146518|30|3|250
32,u,0.15,1907.827658,0.065|0.73|0|0.27|0.146518|30|3|250
32,u,0.2,1907.946901,0.065|0.73|0|0.27|0.146518|30|3|250
32,u,0.25,1893.81552,0.065|0.73|0|0.27|0.146518|30|3|250
32,u,0.35,1882.603552,0.065|0.73|0|0.27|0.146518|30|3|250
32,u,0.5,1216.147727,0.065|0.73|0|0.27|0.146518|30|3|250
32,u,0.7,989.7219993,0.065|0.73|0|0.27|0.146518|30|3|250
32,u,1,2541.708925,0.065|0.73|0|0.27|0.146518|30|3|250
32,u,1.5,,0.065|0.73|0|0.27|0.146518|30|3|250
32,v,-2.5,1991.857108,0.065|0.73|0|0.27|0.146518|30|3|250
32,v,-1.5,1957.875255,0.065|0.73|0|0.27|0.146518|30|3|250
32,v,-1,1947.162111,0.065|0.73|0|0.27|0.146518|30|3|250
32,v,-0.7,1942.117864,0.065|0.73|0|0.27|0.146518|30|3|250
32,v,-0.35,1937.273161,0.065|0.73|0|0.27|0.146518|30|3|250
32,v,-0.15,1934.928751,0.065|0.73|0|0.27|0.146518|30|3|250
32,v,-0.05,1933.857919,0.065|0.73|0|0.27|0.146518|30|3|250
32,v,0.05,1932.849447,0.065|0.73|0|0.27|0.146518|30|3|250
32,v,0.15,1931.899704,0.065|0.73|0|0.27|0.146518|30|3|250
32,v,0.35,1930.162923,0.065|0.73|0|0.27|0.146518|30|3|250
32,v,0.7,1927.582673,0.065|0.73|0|0.27|0.146518|30|3|250
32,v,1,1925.763744,0.065|0.73|0|0.27|0.146518|30|3|250
32,v,1.5,1923.373318,0.065|0.73|0|0.27|0.146518|30|3|250
32,d4,0.004,1959.604904,0.065|0.73|0|0.27|0.146518|30|3|250
32,d4,0.008,1986.145788,0.065|0.73|0|0.27|0.146518|30|3|250
32,d4,0.012,2012.973544,0.065|0.73|0|0.27|0.146518|30|3|250
32,d4,0.017,2043.076084,0.065|0.73|0|0.27|0.146518|30|3|250
32,d4,0.025,2082.782557,0.065|0.73|0|0.27|0.146518|30|3|250
32,d4,0.04,2177.508084,0.065|0.73|0|0.27|0.146518|30|3|250
32,d4,0.06,2310.248162,0.065|0.73|0|0.27|0.146518|30|3|250
32,d4,0.1,2600.443066,0.065|0.73|0|0.27|0.146518|30|3|250
32,d4,0.15,3018.328906,0.065|0.73|0|0.27|0.146518|30|3|250
32,dc,-0.15,1304.553651,0.065|0.73|0|0.27|0.146518|30|3|250
32,dc,-0.1,1484.832799,0.065|0.73|0|0.27|0.146518|30|3|250
32,dc,-0.06,1659.093566,0.065|0.73|0|0.27|0.146518|30|3|250
32,dc,-0.04,1745.797245,0.065|0.73|0|0.27|0.146518|30|3|250
32,dc,-0.025,1813.814488,0.065|0.73|0|0.27|0.146518|30|3|250
32,dc,-0.017,1857.077817,0.065|0.73|0|0.27|0.146518|30|3|250
32,dc,-0.012,1880.889226,0.065|0.73|0|0.27|0.146518|30|3|250
32,dc,-0.008,1888.270603,0.065|0.73|0|0.27|0.146518|30|3|250
32,dc,-0.004,1910.686364,0.065|0.73|0|0.27|0.146518|30|3|250
32,dc,0.004,1956.253965,0.065|0.73|0|0.27|0.146518|30|3|250
32,dc,0.008,1979.414081,0.065|0.73|0|0.27|0.146518|30|3|250
32,dc,0.012,2002.830738,0.065|0.73|0|0.27|0.146518|30|3|250
32,dc,0.017,2028.622041,0.065|0.73|0|0.27|0.146518|30|3|250
32,dc,0.025,2061.308724,0.065|0.73|0|0.27|0.146518|30|3|250
32,dc,0.04,2142.51745,0.065|0.73|0|0.27|0.146518|30|3|250
32,dc,0.06,2256.430963,0.065|0.73|0|0.27|0.146518|30|3|250
32,dc,0.1,2505.88672,0.065|0.73|0|0.27|0.146518|30|3|250
32,dc,0.15,2865.963188,0.065|0.73|0|0.27|0.146518|30|3|250
33,f0,0,1943.039865,0.063|0.73|0.01|0.26|0.14201|30|3|250
33,u,-2.5,2428.015627,0.063|0.73|0.01|0.26|0.14201|30|3|250
33,u,-1.5,2177.796004,0.063|0.73|0.01|0.26|0.14201|30|3|250
33,u,-1,2056.851887,0.063|0.73|0.01|0.26|0.14201|30|3|250
33,u,-0.7,2032.60374,0.063|0.73|0.01|0.26|0.14201|30|3|250
33,u,-0.5,2021.704016,0.063|0.73|0.01|0.26|0.14201|30|3|250
33,u,-0.35,1985.108602,0.063|0.73|0.01|0.26|0.14201|30|3|250
33,u,-0.25,1987.48899,0.063|0.73|0.01|0.26|0.14201|30|3|250
33,u,-0.2,1974.956628,0.063|0.73|0.01|0.26|0.14201|30|3|250
33,u,-0.15,1960.980323,0.063|0.73|0.01|0.26|0.14201|30|3|250
33,u,-0.1,1962.976197,0.063|0.73|0.01|0.26|0.14201|30|3|250
33,u,-0.075,1954.471401,0.063|0.73|0.01|0.26|0.14201|30|3|250
33,u,-0.05,1962.082189,0.063|0.73|0.01|0.26|0.14201|30|3|250
33,u,-0.03,1957.771317,0.063|0.73|0.01|0.26|0.14201|30|3|250
33,u,-0.02,1947.584587,0.063|0.73|0.01|0.26|0.14201|30|3|250
33,u,-0.01,1953.191422,0.063|0.73|0.01|0.26|0.14201|30|3|250
33,u,0.01,1948.354423,0.063|0.73|0.01|0.26|0.14201|30|3|250
33,u,0.02,1938.240582,0.063|0.73|0.01|0.26|0.14201|30|3|250
33,u,0.03,1943.271868,0.063|0.73|0.01|0.26|0.14201|30|3|250
33,u,0.05,1937.954952,0.063|0.73|0.01|0.26|0.14201|30|3|250
33,u,0.075,1941.755335,0.063|0.73|0.01|0.26|0.14201|30|3|250
33,u,0.1,1930.693592,0.063|0.73|0.01|0.26|0.14201|30|3|250
33,u,0.15,1921.472789,0.063|0.73|0.01|0.26|0.14201|30|3|250
33,u,0.2,1923.054891,0.063|0.73|0.01|0.26|0.14201|30|3|250
33,u,0.25,1909.849741,0.063|0.73|0.01|0.26|0.14201|30|3|250
33,u,0.35,1890.185247,0.063|0.73|0.01|0.26|0.14201|30|3|250
33,u,0.5,1534.738138,0.063|0.73|0.01|0.26|0.14201|30|3|250
33,u,0.7,1100.826541,0.063|0.73|0.01|0.26|0.14201|30|3|250
33,u,1,2147.89136,0.063|0.73|0.01|0.26|0.14201|30|3|250
33,u,1.5,,0.063|0.73|0.01|0.26|0.14201|30|3|250
33,v,-2.5,2002.658313,0.063|0.73|0.01|0.26|0.14201|30|3|250
33,v,-1.5,1968.033272,0.063|0.73|0.01|0.26|0.14201|30|3|250
33,v,-1,1957.117356,0.063|0.73|0.01|0.26|0.14201|30|3|250
33,v,-0.7,1951.977636,0.063|0.73|0.01|0.26|0.14201|30|3|250
33,v,-0.35,1947.041234,0.063|0.73|0.01|0.26|0.14201|30|3|250
33,v,-0.15,1944.652452,0.063|0.73|0.01|0.26|0.14201|30|3|250
33,v,-0.05,1943.561351,0.063|0.73|0.01|0.26|0.14201|30|3|250
33,v,0.05,1942.533791,0.063|0.73|0.01|0.26|0.14201|30|3|250
33,v,0.15,1941.566072,0.063|0.73|0.01|0.26|0.14201|30|3|250
33,v,0.35,1939.796418,0.063|0.73|0.01|0.26|0.14201|30|3|250
33,v,0.7,1937.167331,0.063|0.73|0.01|0.26|0.14201|30|3|250
33,v,1,1935.313974,0.063|0.73|0.01|0.26|0.14201|30|3|250
33,v,1.5,1932.878304,0.063|0.73|0.01|0.26|0.14201|30|3|250
33,d4,-0.01,1884.908498,0.063|0.73|0.01|0.26|0.14201|30|3|250
33,d4,-0.008,1905.634202,0.063|0.73|0.01|0.26|0.14201|30|3|250
33,d4,-0.004,1931.961519,0.063|0.73|0.01|0.26|0.14201|30|3|250
33,d4,0.004,1969.850295,0.063|0.73|0.01|0.26|0.14201|30|3|250
33,d4,0.008,1996.948689,0.063|0.73|0.01|0.26|0.14201|30|3|250
33,d4,0.012,2024.339922,0.063|0.73|0.01|0.26|0.14201|30|3|250
33,d4,0.017,2055.028829,0.063|0.73|0.01|0.26|0.14201|30|3|250
33,d4,0.025,2095.383247,0.063|0.73|0.01|0.26|0.14201|30|3|250
33,d4,0.04,2191.950707,0.063|0.73|0.01|0.26|0.14201|30|3|250
33,d4,0.06,2327.271248,0.063|0.73|0.01|0.26|0.14201|30|3|250
33,d4,0.1,2623.105959,0.063|0.73|0.01|0.26|0.14201|30|3|250
33,d4,0.15,3029.760974,0.063|0.73|0.01|0.26|0.14201|30|3|250
33,dc,-0.15,1312.87828,0.063|0.73|0.01|0.26|0.14201|30|3|250
33,dc,-0.1,1497.99691,0.063|0.73|0.01|0.26|0.14201|30|3|250
33,dc,-0.06,1662.633604,0.063|0.73|0.01|0.26|0.14201|30|3|250
33,dc,-0.04,1751.287041,0.063|0.73|0.01|0.26|0.14201|30|3|250
33,dc,-0.025,1820.830846,0.063|0.73|0.01|0.26|0.14201|30|3|250
33,dc,-0.017,1865.126019,0.063|0.73|0.01|0.26|0.14201|30|3|250
33,dc,-0.012,1889.471229,0.063|0.73|0.01|0.26|0.14201|30|3|250
33,dc,-0.008,1912.255783,0.063|0.73|0.01|0.26|0.14201|30|3|250
33,dc,-0.004,1935.286759,0.063|0.73|0.01|0.26|0.14201|30|3|250
33,dc,0.004,1966.49204,0.063|0.73|0.01|0.26|0.14201|30|3|250
33,dc,0.008,1990.202271,0.063|0.73|0.01|0.26|0.14201|30|3|250
33,dc,0.012,2014.174929,0.063|0.73|0.01|0.26|0.14201|30|3|250
33,dc,0.017,2040.543137,0.063|0.73|0.01|0.26|0.14201|30|3|250
33,dc,0.025,2073.862351,0.063|0.73|0.01|0.26|0.14201|30|3|250
33,dc,0.04,2156.883161,0.063|0.73|0.01|0.26|0.14201|30|3|250
33,dc,0.06,2273.335286,0.063|0.73|0.01|0.26|0.14201|30|3|250
33,dc,0.1,2528.339256,0.063|0.73|0.01|0.26|0.14201|30|3|250
33,dc,0.15,2876.882874,0.063|0.73|0.01|0.26|0.14201|30|3|250
34,f0,0,1680.651783,0.058|0.79|0.01|0.2|0.141485|30|3|250
34,u,-2.5,2199.259123,0.058|0.79|0.01|0.2|0.141485|30|3|250
34,u,-1.5,1857.423044,0.058|0.79|0.01|0.2|0.141485|30|3|250
34,u,-1,1764.439217,0.058|0.79|0.01|0.2|0.141485|30|3|250
34,u,-0.7,1745.379735,0.058|0.79|0.01|0.2|0.141485|30|3|250
34,u,-0.5,1730.17655,0.058|0.79|0.01|0.2|0.141485|30|3|250
34,u,-0.35,1708.866876,0.058|0.79|0.01|0.2|0.141485|30|3|250
34,u,-0.25,1695.285426,0.058|0.79|0.01|0.2|0.141485|30|3|250
34,u,-0.2,1696.189512,0.058|0.79|0.01|0.2|0.141485|30|3|250
34,u,-0.15,1694.986918,0.058|0.79|0.01|0.2|0.141485|30|3|250
34,u,-0.1,1691.87601,0.058|0.79|0.01|0.2|0.141485|30|3|250
34,u,-0.075,1689.662972,0.058|0.79|0.01|0.2|0.141485|30|3|250
34,u,-0.05,1687.040781,0.058|0.79|0.01|0.2|0.141485|30|3|250
34,u,-0.03,1671.719069,0.058|0.79|0.01|0.2|0.141485|30|3|250
34,u,-0.02,1680.181547,0.058|0.79|0.01|0.2|0.141485|30|3|250
34,u,-0.01,1672.540401,0.058|0.79|0.01|0.2|0.141485|30|3|250
34,u,0.01,1672.996391,0.058|0.79|0.01|0.2|0.141485|30|3|250
34,u,0.02,1680.76693,0.058|0.79|0.01|0.2|0.141485|30|3|250
34,u,0.03,1673.100805,0.058|0.79|0.01|0.2|0.141485|30|3|250
34,u,0.05,1672.867002,0.058|0.79|0.01|0.2|0.141485|30|3|250
34,u,0.075,1668.497333,0.058|0.79|0.01|0.2|0.141485|30|3|250
34,u,0.1,1663.832686,0.058|0.79|0.01|0.2|0.141485|30|3|250
34,u,0.15,1667.065419,0.058|0.79|0.01|0.2|0.141485|30|3|250
34,u,0.2,1655.236455,0.058|0.79|0.01|0.2|0.141485|30|3|250
34,u,0.25,1654.598267,0.058|0.79|0.01|0.2|0.141485|30|3|250
34,u,0.35,1636.740757,0.058|0.79|0.01|0.2|0.141485|30|3|250
34,u,0.5,1615.977727,0.058|0.79|0.01|0.2|0.141485|30|3|250
34,u,0.7,1193.933466,0.058|0.79|0.01|0.2|0.141485|30|3|250
34,u,1,1252.524467,0.058|0.79|0.01|0.2|0.141485|30|3|250
34,u,1.5,,0.058|0.79|0.01|0.2|0.141485|30|3|250
34,v,-2.5,1740.402866,0.058|0.79|0.01|0.2|0.141485|30|3|250
34,v,-1.5,1705.700793,0.058|0.79|0.01|0.2|0.141485|30|3|250
34,v,-1,1694.760592,0.058|0.79|0.01|0.2|0.141485|30|3|250
34,v,-0.7,1689.609437,0.058|0.79|0.01|0.2|0.141485|30|3|250
34,v,-0.35,1684.662054,0.058|0.79|0.01|0.2|0.141485|30|3|250
34,v,-0.15,1682.267957,0.058|0.79|0.01|0.2|0.141485|30|3|250
34,v,-0.05,1681.174429,0.058|0.79|0.01|0.2|0.141485|30|3|250
34,v,0.05,1680.144583,0.058|0.79|0.01|0.2|0.141485|30|3|250
34,v,0.15,1679.174711,0.058|0.79|0.01|0.2|0.141485|30|3|250
34,v,0.35,1677.40112,0.058|0.79|0.01|0.2|0.141485|30|3|250
34,v,0.7,1674.766184,0.058|0.79|0.01|0.2|0.141485|30|3|250
34,v,1,1672.908704,0.058|0.79|0.01|0.2|0.141485|30|3|250
34,v,1.5,1670.467615,0.058|0.79|0.01|0.2|0.141485|30|3|250
34,d4,-0.01,1627.416779,0.058|0.79|0.01|0.2|0.141485|30|3|250
34,d4,-0.008,1631.748569,0.058|0.79|0.01|0.2|0.141485|30|3|250
34,d4,-0.004,1656.082105,0.058|0.79|0.01|0.2|0.141485|30|3|250
34,d4,0.004,1689.709784,0.058|0.79|0.01|0.2|0.141485|30|3|250
34,d4,0.008,1714.688509,0.058|0.79|0.01|0.2|0.141485|30|3|250
34,d4,0.012,1739.913949,0.058|0.79|0.01|0.2|0.141485|30|3|250
34,d4,0.017,1767.79907,0.058|0.79|0.01|0.2|0.141485|30|3|250
34,d4,0.025,1803.454482,0.058|0.79|0.01|0.2|0.141485|30|3|250
34,d4,0.04,1890.826073,0.058|0.79|0.01|0.2|0.141485|30|3|250
34,d4,0.06,2012.736182,0.058|0.79|0.01|0.2|0.141485|30|3|250
34,d4,0.1,2259.348996,0.058|0.79|0.01|0.2|0.141485|30|3|250
34,d4,0.15,2614.735848,0.058|0.79|0.01|0.2|0.141485|30|3|250
34,dc,-0.15,1111.159264,0.058|0.79|0.01|0.2|0.141485|30|3|250
34,dc,-0.1,1285.086122,0.058|0.79|0.01|0.2|0.141485|30|3|250
34,dc,-0.06,1423.634793,0.058|0.79|0.01|0.2|0.141485|30|3|250
34,dc,-0.04,1505.256214,0.058|0.79|0.01|0.2|0.141485|30|3|250
34,dc,-0.025,1569.045357,0.058|0.79|0.01|0.2|0.141485|30|3|250
34,dc,-0.017,1610.160677,0.058|0.79|0.01|0.2|0.141485|30|3|250
34,dc,-0.012,1616.955618,0.058|0.79|0.01|0.2|0.141485|30|3|250
34,dc,-0.008,1637.978442,0.058|0.79|0.01|0.2|0.141485|30|3|250
34,dc,-0.004,1659.209398,0.058|0.79|0.01|0.2|0.141485|30|3|250
34,dc,0.004,1686.554028,0.058|0.79|0.01|0.2|0.141485|30|3|250
34,dc,0.008,1708.35148,0.058|0.79|0.01|0.2|0.141485|30|3|250
34,dc,0.012,1730.369735,0.058|0.79|0.01|0.2|0.141485|30|3|250
34,dc,0.017,1754.205179,0.058|0.79|0.01|0.2|0.141485|30|3|250
34,dc,0.025,1783.275994,0.058|0.79|0.01|0.2|0.141485|30|3|250
34,dc,0.04,1858.000439,0.058|0.79|0.01|0.2|0.141485|30|3|250
34,dc,0.06,1962.365616,0.058|0.79|0.01|0.2|0.141485|30|3|250
34,dc,0.1,2171.199507,0.058|0.79|0.01|0.2|0.141485|30|3|250
34,dc,0.15,2473.568438,0.058|0.79|0.01|0.2|0.141485|30|3|250
35,f0,0,1996.836902,0.061|0.72|0.01|0.27|0.135618|30|3|250
35,u,-2.5,2501.390361,0.061|0.72|0.01|0.27|0.135618|30|3|250
35,u,-1.5,2240.457377,0.061|0.72|0.01|0.27|0.135618|30|3|250
35,u,-1,2114.368777,0.061|0.72|0.01|0.27|0.135618|30|3|250
35,u,-0.7,2089.370752,0.061|0.72|0.01|0.27|0.135618|30|3|250
35,u,-0.5,2078.266645,0.061|0.72|0.01|0.27|0.135618|30|3|250
35,u,-0.35,2063.643677,0.061|0.72|0.01|0.27|0.135618|30|3|250
35,u,-0.25,2042.874988,0.061|0.72|0.01|0.27|0.135618|30|3|250
35,u,-0.2,2029.841875,0.061|0.72|0.01|0.27|0.135618|30|3|250
35,u,-0.15,2034.354573,0.061|0.72|0.01|0.27|0.135618|30|3|250
35,u,-0.1,2017.502773,0.061|0.72|0.01|0.27|0.135618|30|3|250
35,u,-0.075,2008.643181,0.061|0.72|0.01|0.27|0.135618|30|3|250
35,u,-0.05,2016.683604,0.061|0.72|0.01|0.27|0.135618|30|3|250
35,u,-0.03,2012.211753,0.061|0.72|0.01|0.27|0.135618|30|3|250
35,u,-0.02,2001.553519,0.061|0.72|0.01|0.27|0.135618|30|3|250
35,u,-0.01,2007.458338,0.061|0.72|0.01|0.27|0.135618|30|3|250
35,u,0.01,2002.435832,0.061|0.72|0.01|0.27|0.135618|30|3|250
35,u,0.02,2007.800547,0.061|0.72|0.01|0.27|0.135618|30|3|250
35,u,0.03,1997.156323,0.061|0.72|0.01|0.27|0.135618|30|3|250
35,u,0.05,1991.631525,0.061|0.72|0.01|0.27|0.135618|30|3|250
35,u,0.075,1995.684078,0.061|0.72|0.01|0.27|0.135618|30|3|250
35,u,0.1,1984.148307,0.061|0.72|0.01|0.27|0.135618|30|3|250
35,u,0.15,1974.614362,0.061|0.72|0.01|0.27|0.135618|30|3|250
35,u,0.2,1976.420529,0.061|0.72|0.01|0.27|0.135618|30|3|250
35,u,0.25,1962.716662,0.061|0.72|0.01|0.27|0.135618|30|3|250
35,u,0.35,1953.628589,0.061|0.72|0.01|0.27|0.135618|30|3|250
35,u,0.5,1757.730662,0.061|0.72|0.01|0.27|0.135618|30|3|250
35,u,0.7,1134.147313,0.061|0.72|0.01|0.27|0.135618|30|3|250
35,u,1,1752.331534,0.061|0.72|0.01|0.27|0.135618|30|3|250
35,u,1.5,,0.061|0.72|0.01|0.27|0.135618|30|3|250
35,v,-2.5,2058.125773,0.061|0.72|0.01|0.27|0.135618|30|3|250
35,v,-1.5,2022.530588,0.061|0.72|0.01|0.27|0.135618|30|3|250
35,v,-1,2011.308824,0.061|0.72|0.01|0.27|0.135618|30|3|250
35,v,-0.7,2006.025096,0.061|0.72|0.01|0.27|0.135618|30|3|250
35,v,-0.35,2000.950384,0.061|0.72|0.01|0.27|0.135618|30|3|250
35,v,-0.15,1998.494671,0.061|0.72|0.01|0.27|0.135618|30|3|250
35,v,-0.05,1997.372999,0.061|0.72|0.01|0.27|0.135618|30|3|250
35,v,0.05,1996.316649,0.061|0.72|0.01|0.27|0.135618|30|3|250
35,v,0.15,1995.321816,0.061|0.72|0.01|0.27|0.135618|30|3|250
35,v,0.35,1993.502579,0.061|0.72|0.01|0.27|0.135618|30|3|250
35,v,0.7,1990.799829,0.061|0.72|0.01|0.27|0.135618|30|3|250
35,v,1,1988.894543,0.061|0.72|0.01|0.27|0.135618|30|3|250
35,v,1.5,1986.390629,0.061|0.72|0.01|0.27|0.135618|30|3|250
35,d4,-0.01,1952.200239,0.061|0.72|0.01|0.27|0.135618|30|3|250
35,d4,-0.008,1957.808186,0.061|0.72|0.01|0.27|0.135618|30|3|250
35,d4,-0.004,1985.317172,0.061|0.72|0.01|0.27|0.135618|30|3|250
35,d4,0.004,2024.857822,0.061|0.72|0.01|0.27|0.135618|30|3|250
35,d4,0.008,2053.184215,0.061|0.72|0.01|0.27|0.135618|30|3|250
35,d4,0.012,2081.821321,0.061|0.72|0.01|0.27|0.135618|30|3|250
35,d4,0.017,2113.898234,0.061|0.72|0.01|0.27|0.135618|30|3|250
35,d4,0.025,2156.052426,0.061|0.72|0.01|0.27|0.135618|30|3|250
35,d4,0.04,2257.059401,0.061|0.72|0.01|0.27|0.135618|30|3|250
35,d4,0.06,2398.709883,0.061|0.72|0.01|0.27|0.135618|30|3|250
35,d4,0.1,2690.039159,0.061|0.72|0.01|0.27|0.135618|30|3|250
35,d4,0.15,3136.092571,0.061|0.72|0.01|0.27|0.135618|30|3|250
35,dc,-0.15,1350.491358,0.061|0.72|0.01|0.27|0.135618|30|3|250
35,dc,-0.1,1544.806603,0.061|0.72|0.01|0.27|0.135618|30|3|250
35,dc,-0.06,1717.866719,0.061|0.72|0.01|0.27|0.135618|30|3|250
35,dc,-0.04,1811.147206,0.061|0.72|0.01|0.27|0.135618|30|3|250
35,dc,-0.025,1884.364685,0.061|0.72|0.01|0.27|0.135618|30|3|250
35,dc,-0.017,1915.0744,0.061|0.72|0.01|0.27|0.135618|30|3|250
35,dc,-0.012,1940.615396,0.061|0.72|0.01|0.27|0.135618|30|3|250
35,dc,-0.008,1964.520865,0.061|0.72|0.01|0.27|0.135618|30|3|250
35,dc,-0.004,1988.688413,0.061|0.72|0.01|0.27|0.135618|30|3|250
35,dc,0.004,2021.452591,0.061|0.72|0.01|0.27|0.135618|30|3|250
35,dc,0.008,2046.342893,0.061|0.72|0.01|0.27|0.135618|30|3|250
35,dc,0.012,2071.512524,0.061|0.72|0.01|0.27|0.135618|30|3|250
35,dc,0.017,2099.206156,0.061|0.72|0.01|0.27|0.135618|30|3|250
35,dc,0.025,2134.221382,0.061|0.72|0.01|0.27|0.135618|30|3|250
35,dc,0.04,2221.475324,0.061|0.72|0.01|0.27|0.135618|30|3|250
35,dc,0.06,2343.95538,0.061|0.72|0.01|0.27|0.135618|30|3|250
35,dc,0.1,2593.635392,0.061|0.72|0.01|0.27|0.135618|30|3|250
35,dc,0.15,2959.982105,0.061|0.72|0.01|0.27|0.135618|30|3|250
36,f0,0,1426.774313,0.051|0.85|0.005|0.145|0.133858|30|3|250
36,u,-2.5,2233.631232,0.051|0.85|0.005|0.145|0.133858|30|3|250
36,u,-1.5,1567.117973,0.051|0.85|0.005|0.145|0.133858|30|3|250
36,u,-1,1499.255762,0.051|0.85|0.005|0.145|0.133858|30|3|250
36,u,-0.7,1484.848389,0.051|0.85|0.005|0.145|0.133858|30|3|250
36,u,-0.5,1464.27393,0.051|0.85|0.005|0.145|0.133858|30|3|250
36,u,-0.35,1458.249944,0.051|0.85|0.005|0.145|0.133858|30|3|250
36,u,-0.25,1448.480117,0.051|0.85|0.005|0.145|0.133858|30|3|250
36,u,-0.2,1442.208141,0.051|0.85|0.005|0.145|0.133858|30|3|250
36,u,-0.15,1454.693352,0.051|0.85|0.005|0.145|0.133858|30|3|250
36,u,-0.1,1445.935608,0.051|0.85|0.005|0.145|0.133858|30|3|250
36,u,-0.075,1432.294749,0.051|0.85|0.005|0.145|0.133858|30|3|250
36,u,-0.05,1436.604653,0.051|0.85|0.005|0.145|0.133858|30|3|250
36,u,-0.03,1443.081304,0.051|0.85|0.005|0.145|0.133858|30|3|250
36,u,-0.02,1437.592375,0.051|0.85|0.005|0.145|0.133858|30|3|250
36,u,-0.01,1432.156886,0.051|0.85|0.005|0.145|0.133858|30|3|250
36,u,0.01,1437.993853,0.051|0.85|0.005|0.145|0.133858|30|3|250
36,u,0.02,1432.544468,0.051|0.85|0.005|0.145|0.133858|30|3|250
36,u,0.03,1427.14814,0.051|0.85|0.005|0.145|0.133858|30|3|250
36,u,0.05,1432.384183,0.051|0.85|0.005|0.145|0.133858|30|3|250
36,u,0.075,1434.431022,0.051|0.85|0.005|0.145|0.133858|30|3|250
36,u,0.1,1420.944121,0.051|0.85|0.005|0.145|0.133858|30|3|250
36,u,0.15,1423.520772,0.051|0.85|0.005|0.145|0.133858|30|3|250
36,u,0.2,1424.408357,0.051|0.85|0.005|0.145|0.133858|30|3|250
36,u,0.25,1410.90725,0.051|0.85|0.005|0.145|0.133858|30|3|250
36,u,0.35,1406.866699,0.051|0.85|0.005|0.145|0.133858|30|3|250
36,u,0.5,1392.317091,0.051|0.85|0.005|0.145|0.133858|30|3|250
36,u,0.7,1377.243756,0.051|0.85|0.005|0.145|0.133858|30|3|250
36,u,1,1008.573648,0.051|0.85|0.005|0.145|0.133858|30|3|250
36,u,1.5,,0.051|0.85|0.005|0.145|0.133858|30|3|250
36,v,-2.5,1488.545426,0.051|0.85|0.005|0.145|0.133858|30|3|250
36,v,-1.5,1452.670166,0.051|0.85|0.005|0.145|0.133858|30|3|250
36,v,-1,1441.360105,0.051|0.85|0.005|0.145|0.133858|30|3|250
36,v,-0.7,1436.034803,0.051|0.85|0.005|0.145|0.133858|30|3|250
36,v,-0.35,1430.920161,0.051|0.85|0.005|0.145|0.133858|30|3|250
36,v,-0.15,1428.445126,0.051|0.85|0.005|0.145|0.133858|30|3|250
36,v,-0.05,1427.314629,0.051|0.85|0.005|0.145|0.133858|30|3|250
36,v,0.05,1426.249966,0.051|0.85|0.005|0.145|0.133858|30|3|250
36,v,0.15,1425.247305,0.051|0.85|0.005|0.145|0.133858|30|3|250
36,v,0.35,1423.413754,0.051|0.85|0.005|0.145|0.133858|30|3|250
36,v,0.7,1420.689738,0.051|0.85|0.005|0.145|0.133858|30|3|250
36,v,1,1418.769461,0.051|0.85|0.005|0.145|0.133858|30|3|250
36,v,1.5,1416.245845,0.051|0.85|0.005|0.145|0.133858|30|3|250
36,d4,-0.005,1417.783013,0.051|0.85|0.005|0.145|0.133858|30|3|250
36,d4,-0.004,1419.57293,0.051|0.85|0.005|0.145|0.133858|30|3|250
36,d4,0.004,1450.840428,0.051|0.85|0.005|0.145|0.133858|30|3|250
36,d4,0.008,1475.122012,0.051|0.85|0.005|0.145|0.133858|30|3|250
36,d4,0.012,1499.622431,0.051|0.85|0.005|0.145|0.133858|30|3|250
36,d4,0.017,1509.269048,0.051|0.85|0.005|0.145|0.133858|30|3|250
36,d4,0.025,1559.322961,0.051|0.85|0.005|0.145|0.133858|30|3|250
36,d4,0.04,1625.118003,0.051|0.85|0.005|0.145|0.133858|30|3|250
36,d4,0.06,1740.45898,0.051|0.85|0.005|0.145|0.133858|30|3|250
36,d4,0.1,1951.341549,0.051|0.85|0.005|0.145|0.133858|30|3|250
36,d4,0.15,2277.986442,0.051|0.85|0.005|0.145|0.133858|30|3|250
36,dc,-0.1,1075.226957,0.051|0.85|0.005|0.145|0.133858|30|3|250
36,dc,-0.06,1210.255073,0.051|0.85|0.005|0.145|0.133858|30|3|250
36,dc,-0.04,1289.997215,0.051|0.85|0.005|0.145|0.133858|30|3|250
36,dc,-0.025,1335.804187,0.051|0.85|0.005|0.145|0.133858|30|3|250
36,dc,-0.017,1376.17863,0.051|0.85|0.005|0.145|0.133858|30|3|250
36,dc,-0.012,1381.150423,0.051|0.85|0.005|0.145|0.133858|30|3|250
36,dc,-0.008,1401.746126,0.051|0.85|0.005|0.145|0.133858|30|3|250
36,dc,-0.004,1422.527281,0.051|0.85|0.005|0.145|0.133858|30|3|250
36,dc,0.004,1447.861292,0.051|0.85|0.005|0.145|0.133858|30|3|250
36,dc,0.008,1469.141767,0.051|0.85|0.005|0.145|0.133858|30|3|250
36,dc,0.012,1490.61878,0.051|0.85|0.005|0.145|0.133858|30|3|250
36,dc,0.017,1496.437315,0.051|0.85|0.005|0.145|0.133858|30|3|250
36,dc,0.025,1540.310091,0.051|0.85|0.005|0.145|0.133858|30|3|250
36,dc,0.04,1594.199666,0.051|0.85|0.005|0.145|0.133858|30|3|250
36,dc,0.06,1693.108807,0.051|0.85|0.005|0.145|0.133858|30|3|250
36,dc,0.1,1868.744879,0.051|0.85|0.005|0.145|0.133858|30|3|250
36,dc,0.15,2126.313699,0.051|0.85|0.005|0.145|0.133858|30|3|250
37,f0,0,1962.274412,0.059|0.73|0.01|0.26|0.132993|30|3|250
37,u,-2.5,2314.180752,0.059|0.73|0.01|0.26|0.132993|30|3|250
37,u,-1.5,2181.802129,0.059|0.73|0.01|0.26|0.132993|30|3|250
37,u,-1,2084.272889,0.059|0.73|0.01|0.26|0.132993|30|3|250
37,u,-0.7,2037.024239,0.059|0.73|0.01|0.26|0.132993|30|3|250
37,u,-0.5,2010.698955,0.059|0.73|0.01|0.26|0.132993|30|3|250
37,u,-0.35,2007.994404,0.059|0.73|0.01|0.26|0.132993|30|3|250
37,u,-0.25,1994.003922,0.059|0.73|0.01|0.26|0.132993|30|3|250
37,u,-0.2,1984.050332,0.059|0.73|0.01|0.26|0.132993|30|3|250
37,u,-0.15,1972.395283,0.059|0.73|0.01|0.26|0.132993|30|3|250
37,u,-0.1,1977.699147,0.059|0.73|0.01|0.26|0.132993|30|3|250
37,u,-0.075,1970.121613,0.059|0.73|0.01|0.26|0.132993|30|3|250
37,u,-0.05,1962.23932,0.059|0.73|0.01|0.26|0.132993|30|3|250
37,u,-0.03,1959.161043,0.059|0.73|0.01|0.26|0.132993|30|3|250
37,u,-0.02,1965.998126,0.059|0.73|0.01|0.26|0.132993|30|3|250
37,u,-0.01,1955.766751,0.059|0.73|0.01|0.26|0.132993|30|3|250
37,u,0.01,1952.069742,0.059|0.73|0.01|0.26|0.132993|30|3|250
37,u,0.02,1958.257982,0.059|0.73|0.01|0.26|0.132993|30|3|250
37,u,0.03,1948.082914,0.059|0.73|0.01|0.26|0.132993|30|3|250
37,u,0.05,1943.818766,0.059|0.73|0.01|0.26|0.132993|30|3|250
37,u,0.075,1949.649088,0.059|0.73|0.01|0.26|0.132993|30|3|250
37,u,0.1,1939.511917,0.059|0.73|0.01|0.26|0.132993|30|3|250
37,u,0.15,1932.954918,0.059|0.73|0.01|0.26|0.132993|30|3|250
37,u,0.2,1924.370133,0.059|0.73|0.01|0.26|0.132993|30|3|250
37,u,0.25,1926.735614,0.059|0.73|0.01|0.26|0.132993|30|3|250
37,u,0.35,1899.910366,0.059|0.73|0.01|0.26|0.132993|30|3|250
37,u,0.5,1879.8388,0.059|0.73|0.01|0.26|0.132993|30|3|250
37,u,0.7,1170.808533,0.059|0.73|0.01|0.26|0.132993|30|3|250
37,u,1,1398.828781,0.059|0.73|0.01|0.26|0.132993|30|3|250
37,u,1.5,,0.059|0.73|0.01|0.26|0.132993|30|3|250
37,v,-2.5,2024.286271,0.059|0.73|0.01|0.26|0.132993|30|3|250
37,v,-1.5,1988.271191,0.059|0.73|0.01|0.26|0.132993|30|3|250
37,v,-1,1976.917051,0.059|0.73|0.01|0.26|0.132993|30|3|250
37,v,-0.7,1971.570994,0.059|0.73|0.01|0.26|0.132993|30|3|250
37,v,-0.35,1966.436418,0.059|0.73|0.01|0.26|0.132993|30|3|250
37,v,-0.15,1963.951736,0.059|0.73|0.01|0.26|0.132993|30|3|250
37,v,-0.05,1962.816833,0.059|0.73|0.01|0.26|0.132993|30|3|250
37,v,0.05,1961.748022,0.059|0.73|0.01|0.26|0.132993|30|3|250
37,v,0.15,1960.741453,0.059|0.73|0.01|0.26|0.132993|30|3|250
37,v,0.35,1958.900755,0.059|0.73|0.01|0.26|0.132993|30|3|250
37,v,0.7,1956.166123,0.059|0.73|0.01|0.26|0.132993|30|3|250
37,v,1,1954.238361,0.059|0.73|0.01|0.26|0.132993|30|3|250
37,v,1.5,1951.70491,0.059|0.73|0.01|0.26|0.132993|30|3|250
37,d4,-0.01,1901.700999,0.059|0.73|0.01|0.26|0.132993|30|3|250
37,d4,-0.008,1907.100945,0.059|0.73|0.01|0.26|0.132993|30|3|250
37,d4,-0.004,1934.54214,0.059|0.73|0.01|0.26|0.132993|30|3|250
37,d4,0.004,1990.302648,0.059|0.73|0.01|0.26|0.132993|30|3|250
37,d4,0.008,2001.819624,0.059|0.73|0.01|0.26|0.132993|30|3|250
37,d4,0.012,2030.366662,0.059|0.73|0.01|0.26|0.132993|30|3|250
37,d4,0.017,2062.233944,0.059|0.73|0.01|0.26|0.132993|30|3|250
37,d4,0.025,2103.818607,0.059|0.73|0.01|0.26|0.132993|30|3|250
37,d4,0.04,2204.085465,0.059|0.73|0.01|0.26|0.132993|30|3|250
37,d4,0.06,2344.58781,0.059|0.73|0.01|0.26|0.132993|30|3|250
37,d4,0.1,2632.595317,0.059|0.73|0.01|0.26|0.132993|30|3|250
37,d4,0.15,3052.573455,0.059|0.73|0.01|0.26|0.132993|30|3|250
37,dc,-0.15,1315.269869,0.059|0.73|0.01|0.26|0.132993|30|3|250
37,dc,-0.1,1510.271289,0.059|0.73|0.01|0.26|0.132993|30|3|250
37,dc,-0.06,1668.260053,0.059|0.73|0.01|0.26|0.132993|30|3|250
37,dc,-0.04,1761.223966,0.059|0.73|0.01|0.26|0.132993|30|3|250
37,dc,-0.025,1834.143477,0.059|0.73|0.01|0.26|0.132993|30|3|250
37,dc,-0.017,1880.725881,0.059|0.73|0.01|0.26|0.132993|30|3|250
37,dc,-0.012,1906.251793,0.059|0.73|0.01|0.26|0.132993|30|3|250
37,dc,-0.008,1913.75137,0.059|0.73|0.01|0.26|0.132993|30|3|250
37,dc,-0.004,1937.88188,0.059|0.73|0.01|0.26|0.132993|30|3|250
37,dc,0.004,1970.204703,0.059|0.73|0.01|0.26|0.132993|30|3|250
37,dc,0.008,1995.043735,0.059|0.73|0.01|0.26|0.132993|30|3|250
37,dc,0.012,2020.157222,0.059|0.73|0.01|0.26|0.132993|30|3|250
37,dc,0.017,2047.684852,0.059|0.73|0.01|0.26|0.132993|30|3|250
37,dc,0.025,2082.203434,0.059|0.73|0.01|0.26|0.132993|30|3|250
37,dc,0.04,2168.86385,0.059|0.73|0.01|0.26|0.132993|30|3|250
37,dc,0.06,2290.413946,0.059|0.73|0.01|0.26|0.132993|30|3|250
37,dc,0.1,2537.302835,0.059|0.73|0.01|0.26|0.132993|30|3|250
37,dc,0.15,2898.839443,0.059|0.73|0.01|0.26|0.132993|30|3|250
38,f0,0,2696.676638,0.071|0.6|0.01|0.39|0.131542|30|3|250
38,u,-2.5,3277.203441,0.071|0.6|0.01|0.39|0.131542|30|3|250
38,u,-1.5,2990.81391,0.071|0.6|0.01|0.39|0.131542|30|3|250
38,u,-1,2893.644196,0.071|0.6|0.01|0.39|0.131542|30|3|250
38,u,-0.7,2866.259033,0.071|0.6|0.01|0.39|0.131542|30|3|250
38,u,-0.5,2816.537863,0.071|0.6|0.01|0.39|0.131542|30|3|250
38,u,-0.35,2784.265837,0.071|0.6|0.01|0.39|0.131542|30|3|250
38,u,-0.25,2768.185028,0.071|0.6|0.01|0.39|0.131542|30|3|250
38,u,-0.2,2744.360932,0.071|0.6|0.01|0.39|0.131542|30|3|250
38,u,-0.15,2737.878168,0.071|0.6|0.01|0.39|0.131542|30|3|250
38,u,-0.1,2727.519321,0.071|0.6|0.01|0.39|0.131542|30|3|250
38,u,-0.075,2721.007139,0.071|0.6|0.01|0.39|0.131542|30|3|250
38,u,-0.05,2713.667264,0.071|0.6|0.01|0.39|0.131542|30|3|250
38,u,-0.03,2696.922944,0.071|0.6|0.01|0.39|0.131542|30|3|250
38,u,-0.02,2697.029535,0.071|0.6|0.01|0.39|0.131542|30|3|250
38,u,-0.01,2696.946211,0.071|0.6|0.01|0.39|0.131542|30|3|250
38,u,0.01,2696.224425,0.071|0.6|0.01|0.39|0.131542|30|3|250
38,u,0.02,2695.59313,0.071|0.6|0.01|0.39|0.131542|30|3|250
38,u,0.03,2694.786256,0.071|0.6|0.01|0.39|0.131542|30|3|250
38,u,0.05,2676.875712,0.071|0.6|0.01|0.39|0.131542|30|3|250
38,u,0.075,2681.38861,0.071|0.6|0.01|0.39|0.131542|30|3|250
38,u,0.1,2669.537351,0.071|0.6|0.01|0.39|0.131542|30|3|250
38,u,0.15,2658.422334,0.071|0.6|0.01|0.39|0.131542|30|3|250
38,u,0.2,2643.90358,0.071|0.6|0.01|0.39|0.131542|30|3|250
38,u,0.25,2626.326491,0.071|0.6|0.01|0.39|0.131542|30|3|250
38,u,0.35,1741.288087,0.071|0.6|0.01|0.39|0.131542|30|3|250
38,u,0.5,1193.59811,0.071|0.6|0.01|0.39|0.131542|30|3|250
38,u,0.7,1036.029878,0.071|0.6|0.01|0.39|0.131542|30|3|250
38,u,1,,0.071|0.6|0.01|0.39|0.131542|30|3|250
38,u,1.5,,0.071|0.6|0.01|0.39|0.131542|30|3|250
38,v,-2.5,2759.098017,0.071|0.6|0.01|0.39|0.131542|30|3|250
38,v,-1.5,2722.845097,0.071|0.6|0.01|0.39|0.131542|30|3|250
38,v,-1,2711.415975,0.071|0.6|0.01|0.39|0.131542|30|3|250
38,v,-0.7,2706.034613,0.071|0.6|0.01|0.39|0.131542|30|3|250
38,v,-0.35,2700.866129,0.071|0.6|0.01|0.39|0.131542|30|3|250
38,v,-0.15,2698.365039,0.071|0.6|0.01|0.39|0.131542|30|3|250
38,v,-0.05,2697.222641,0.071|0.6|0.01|0.39|0.131542|30|3|250
38,v,0.05,2696.146771,0.071|0.6|0.01|0.39|0.131542|30|3|250
38,v,0.15,2695.133555,0.071|0.6|0.01|0.39|0.131542|30|3|250
38,v,0.35,2693.280702,0.071|0.6|0.01|0.39|0.131542|30|3|250
38,v,0.7,2690.52801,0.071|0.6|0.01|0.39|0.131542|30|3|250
38,v,1,2688.587518,0.071|0.6|0.01|0.39|0.131542|30|3|250
38,v,1.5,2686.037336,0.071|0.6|0.01|0.39|0.131542|30|3|250
38,d4,-0.01,2618.598616,0.071|0.6|0.01|0.39|0.131542|30|3|250
38,d4,-0.008,2627.440197,0.071|0.6|0.01|0.39|0.131542|30|3|250
38,d4,-0.004,2661.833717,0.071|0.6|0.01|0.39|0.131542|30|3|250
38,d4,0.004,2731.978017,0.071|0.6|0.01|0.39|0.131542|30|3|250
38,d4,0.008,2767.747155,0.071|0.6|0.01|0.39|0.131542|30|3|250
38,d4,0.012,2803.993604,0.071|0.6|0.01|0.39|0.131542|30|3|250
38,d4,0.017,2845.711104,0.071|0.6|0.01|0.39|0.131542|30|3|250
38,d4,0.025,2903.540703,0.071|0.6|0.01|0.39|0.131542|30|3|250
38,d4,0.04,3036.374583,0.071|0.6|0.01|0.39|0.131542|30|3|250
38,d4,0.06,3224.782891,0.071|0.6|0.01|0.39|0.131542|30|3|250
38,d4,0.1,3646.130615,0.071|0.6|0.01|0.39|0.131542|30|3|250
38,d4,0.15,4276.679987,0.071|0.6|0.01|0.39|0.131542|30|3|250
38,dc,-0.15,1834.916295,0.071|0.6|0.01|0.39|0.131542|30|3|250
38,dc,-0.1,2085.973474,0.071|0.6|0.01|0.39|0.131542|30|3|250
38,dc,-0.06,2302.029097,0.071|0.6|0.01|0.39|0.131542|30|3|250
38,dc,-0.04,2435.767296,0.071|0.6|0.01|0.39|0.131542|30|3|250
38,dc,-0.025,2529.69953,0.071|0.6|0.01|0.39|0.131542|30|3|250
38,dc,-0.017,2588.134402,0.071|0.6|0.01|0.39|0.131542|30|3|250
38,dc,-0.012,2621.352755,0.071|0.6|0.01|0.39|0.131542|30|3|250
38,dc,-0.008,2635.183028,0.071|0.6|0.01|0.39|0.131542|30|3|250
38,dc,-0.004,2665.726428,0.071|0.6|0.01|0.39|0.131542|30|3|250
38,dc,0.004,2728.041856,0.071|0.6|0.01|0.39|0.131542|30|3|250
38,dc,0.008,2759.830501,0.071|0.6|0.01|0.39|0.131542|30|3|250
38,dc,0.012,2775.070177,0.071|0.6|0.01|0.39|0.131542|30|3|250
38,dc,0.017,2828.666722,0.071|0.6|0.01|0.39|0.131542|30|3|250
38,dc,0.025,2878.155121,0.071|0.6|0.01|0.39|0.131542|30|3|250
38,dc,0.04,2994.809985,0.071|0.6|0.01|0.39|0.131542|30|3|250
38,dc,0.06,3160.417676,0.071|0.6|0.01|0.39|0.131542|30|3|250
38,dc,0.1,3531.319352,0.071|0.6|0.01|0.39|0.131542|30|3|250
38,dc,0.15,4087.504692,0.071|0.6|0.01|0.39|0.131542|30|3|250
39,f0,0,1437.696662,0.05|0.85|0.005|0.145|0.131233|30|3|250
39,u,-2.5,2259.500793,0.05|0.85|0.005|0.145|0.131233|30|3|250
39,u,-1.5,1580.159812,0.05|0.85|0.005|0.145|0.131233|30|3|250
39,u,-1,1511.150787,0.05|0.85|0.005|0.145|0.131233|30|3|250
39,u,-0.7,1496.585852,0.05|0.85|0.005|0.145|0.131233|30|3|250
39,u,-0.5,1475.687829,0.05|0.85|0.005|0.145|0.131233|30|3|250
39,u,-0.35,1469.617257,0.05|0.85|0.005|0.145|0.131233|30|3|250
39,u,-0.25,1459.701204,0.05|0.85|0.005|0.145|0.131233|30|3|250
39,u,-0.2,1453.328344,0.05|0.85|0.005|0.145|0.131233|30|3|250
39,u,-0.15,1446.146358,0.05|0.85|0.005|0.145|0.131233|30|3|250
39,u,-0.1,1438.246383,0.05|0.85|0.005|0.145|0.131233|30|3|250
39,u,-0.075,1443.284297,0.05|0.85|0.005|0.145|0.131233|30|3|250
39,u,-0.05,1447.699019,0.05|0.85|0.005|0.145|0.131233|30|3|250
39,u,-0.03,1436.709331,0.05|0.85|0.005|0.145|0.131233|30|3|250
39,u,-0.02,1431.294593,0.05|0.85|0.005|0.145|0.131233|30|3|250
39,u,-0.01,1443.184531,0.05|0.85|0.005|0.145|0.131233|30|3|250
39,u,0.01,1432.262223,0.05|0.85|0.005|0.145|0.131233|30|3|250
39,u,0.02,1426.880689,0.05|0.85|0.005|0.145|0.131233|30|3|250
39,u,0.03,1438.097864,0.05|0.85|0.005|0.145|0.131233|30|3|250
39,u,0.05,1427.254246,0.05|0.85|0.005|0.145|0.131233|30|3|250
39,u,0.075,1429.780667,0.05|0.85|0.005|0.145|0.131233|30|3|250
39,u,0.1,1431.812016,0.05|0.85|0.005|0.145|0.131233|30|3|250
39,u,0.15,1419.890355,0.05|0.85|0.005|0.145|0.131233|30|3|250
39,u,0.2,1421.583805,0.05|0.85|0.005|0.145|0.131233|30|3|250
39,u,0.25,1421.674932,0.05|0.85|0.005|0.145|0.131233|30|3|250
39,u,0.35,1405.827091,0.05|0.85|0.005|0.145|0.131233|30|3|250
39,u,0.5,1402.905591,0.05|0.85|0.005|0.145|0.131233|30|3|250
39,u,0.7,1379.63089,0.05|0.85|0.005|0.145|0.131233|30|3|250
39,u,1,1018.992399,0.05|0.85|0.005|0.145|0.131233|30|3|250
39,u,1.5,,0.05|0.85|0.005|0.145|0.131233|30|3|250
39,v,-2.5,1500.206186,0.05|0.85|0.005|0.145|0.131233|30|3|250
39,v,-1.5,1463.902074,0.05|0.85|0.005|0.145|0.131233|30|3|250
39,v,-1,1452.456813,0.05|0.85|0.005|0.145|0.131233|30|3|250
39,v,-0.7,1447.067852,0.05|0.85|0.005|0.145|0.131233|30|3|250
39,v,-0.35,1441.89207,0.05|0.85|0.005|0.145|0.131233|30|3|250
39,v,-0.15,1439.387448,0.05|0.85|0.005|0.145|0.131233|30|3|250
39,v,-0.05,1438.243437,0.05|0.85|0.005|0.145|0.131233|30|3|250
39,v,0.05,1437.166048,0.05|0.85|0.005|0.145|0.131233|30|3|250
39,v,0.15,1436.151401,0.05|0.85|0.005|0.145|0.131233|30|3|250
39,v,0.35,1434.295931,0.05|0.85|0.005|0.145|0.131233|30|3|250
39,v,0.7,1431.539352,0.05|0.85|0.005|0.145|0.131233|30|3|250
39,v,1,1429.59612,0.05|0.85|0.005|0.145|0.131233|30|3|250
39,v,1.5,1427.042337,0.05|0.85|0.005|0.145|0.131233|30|3|250
39,d4,-0.005,1411.665192,0.05|0.85|0.005|0.145|0.131233|30|3|250
39,d4,-0.004,1413.448387,0.05|0.85|0.005|0.145|0.131233|30|3|250
39,d4,0.004,1462.160632,0.05|0.85|0.005|0.145|0.131233|30|3|250
39,d4,0.008,1469.624447,0.05|0.85|0.005|0.145|0.131233|30|3|250
39,d4,0.012,1494.456044,0.05|0.85|0.005|0.145|0.131233|30|3|250
39,d4,0.017,1521.465164,0.05|0.85|0.005|0.145|0.131233|30|3|250
39,d4,0.025,1554.801717,0.05|0.85|0.005|0.145|0.131233|30|3|250
39,d4,0.04,1639.098468,0.05|0.85|0.005|0.145|0.131233|30|3|250
39,d4,0.06,1738.002459,0.05|0.85|0.005|0.145|0.131233|30|3|250
39,d4,0.1,1970.30833,0.05|0.85|0.005|0.145|0.131233|30|3|250
39,d4,0.15,2281.54956,0.05|0.85|0.005|0.145|0.131233|30|3|250
39,dc,-0.1,1079.743425,0.05|0.85|0.005|0.145|0.131233|30|3|250
39,dc,-0.06,1217.239777,0.05|0.85|0.005|0.145|0.131233|30|3|250
39,dc,-0.04,1282.110335,0.05|0.85|0.005|0.145|0.131233|30|3|250
39,dc,-0.025,1345.079398,0.05|0.85|0.005|0.145|0.131233|30|3|250
39,dc,-0.017,1369.462843,0.05|0.85|0.005|0.145|0.131233|30|3|250
39,dc,-0.012,1391.243222,0.05|0.85|0.005|0.145|0.131233|30|3|250
39,dc,-0.008,1412.227722,0.05|0.85|0.005|0.145|0.131233|30|3|250
39,dc,-0.004,1416.405881,0.05|0.85|0.005|0.145|0.131233|30|3|250
39,dc,0.004,1459.18148,0.05|0.85|0.005|0.145|0.131233|30|3|250
39,dc,0.008,1463.637838,0.05|0.85|0.005|0.145|0.131233|30|3|250
39,dc,0.012,1485.442807,0.05|0.85|0.005|0.145|0.131233|30|3|250
39,dc,0.017,1508.633356,0.05|0.85|0.005|0.145|0.131233|30|3|250
39,dc,0.025,1535.768583,0.05|0.85|0.005|0.145|0.131233|30|3|250
39,dc,0.04,1608.179929,0.05|0.85|0.005|0.145|0.131233|30|3|250
39,dc,0.06,1690.601624,0.05|0.85|0.005|0.145|0.131233|30|3|250
39,dc,0.1,1868.441823,0.05|0.85|0.005|0.145|0.131233|30|3|250
39,dc,0.15,2129.313552,0.05|0.85|0.005|0.145|0.131233|30|3|250
40,f0,0,2073.699474,0.058|0.71|0.01|0.28|0.127157|30|3|250
40,u,-2.5,2606.74681,0.058|0.71|0.01|0.28|0.127157|30|3|250
40,u,-1.5,2249.468282,0.058|0.71|0.01|0.28|0.127157|30|3|250
40,u,-1,2196.569372,0.058|0.71|0.01|0.28|0.127157|30|3|250
40,u,-0.7,2170.508866,0.058|0.71|0.01|0.28|0.127157|30|3|250
40,u,-0.5,2129.892524,0.058|0.71|0.01|0.28|0.127157|30|3|250
40,u,-0.35,2118.874202,0.058|0.71|0.01|0.28|0.127157|30|3|250
40,u,-0.25,2099.451543,0.058|0.71|0.01|0.28|0.127157|30|3|250
40,u,-0.2,2086.827231,0.058|0.71|0.01|0.28|0.127157|30|3|250
40,u,-0.15,2092.900977,0.058|0.71|0.01|0.28|0.127157|30|3|250
40,u,-0.1,2076.097213,0.058|0.71|0.01|0.28|0.127157|30|3|250
40,u,-0.075,2067.213962,0.058|0.71|0.01|0.28|0.127157|30|3|250
40,u,-0.05,2076.383771,0.058|0.71|0.01|0.28|0.127157|30|3|250
40,u,-0.03,2072.057155,0.058|0.71|0.01|0.28|0.127157|30|3|250
40,u,-0.02,2060.887874,0.058|0.71|0.01|0.28|0.127157|30|3|250
40,u,-0.01,2067.422878,0.058|0.71|0.01|0.28|0.127157|30|3|250
40,u,0.01,2062.494386,0.058|0.71|0.01|0.28|0.127157|30|3|250
40,u,0.02,2068.448175,0.058|0.71|0.01|0.28|0.127157|30|3|250
40,u,0.03,2057.284713,0.058|0.71|0.01|0.28|0.127157|30|3|250
40,u,0.05,2051.80649,0.058|0.71|0.01|0.28|0.127157|30|3|250
40,u,0.075,2056.668254,0.058|0.71|0.01|0.28|0.127157|30|3|250
40,u,0.1,2044.852359,0.058|0.71|0.01|0.28|0.127157|30|3|250
40,u,0.15,2035.670968,0.058|0.71|0.01|0.28|0.127157|30|3|250
40,u,0.2,2038.588985,0.058|0.71|0.01|0.28|0.127157|30|3|250
40,u,0.25,2024.886105,0.058|0.71|0.01|0.28|0.127157|30|3|250
40,u,0.35,2004.98839,0.058|0.71|0.01|0.28|0.127157|30|3|250
40,u,0.5,1977.184715,0.058|0.71|0.01|0.28|0.127157|30|3|250
40,u,0.7,1195.06886,0.058|0.71|0.01|0.28|0.127157|30|3|250
40,u,1,1253.65986,0.058|0.71|0.01|0.28|0.127157|30|3|250
40,u,1.5,,0.058|0.71|0.01|0.28|0.127157|30|3|250
40,v,-2.5,2137.403644,0.058|0.71|0.01|0.28|0.127157|30|3|250
40,v,-1.5,2100.405709,0.058|0.71|0.01|0.28|0.127157|30|3|250
40,v,-1,2088.741712,0.058|0.71|0.01|0.28|0.127157|30|3|250
40,v,-0.7,2083.249761,0.058|0.71|0.01|0.28|0.127157|30|3|250
40,v,-0.35,2077.975062,0.058|0.71|0.01|0.28|0.127157|30|3|250
40,v,-0.15,2075.422573,0.058|0.71|0.01|0.28|0.127157|30|3|250
40,v,-0.05,2074.256698,0.058|0.71|0.01|0.28|0.127157|30|3|250
40,v,0.05,2073.158719,0.058|0.71|0.01|0.28|0.127157|30|3|250
40,v,0.15,2072.124681,0.058|0.71|0.01|0.28|0.127157|30|3|250
40,v,0.35,2070.23375,0.058|0.71|0.01|0.28|0.127157|30|3|250
40,v,0.7,2067.424489,0.058|0.71|0.01|0.28|0.127157|30|3|250
40,v,1,2065.444119,0.058|0.71|0.01|0.28|0.127157|30|3|250
40,v,1.5,2062.84153,0.058|0.71|0.01|0.28|0.127157|30|3|250
40,d4,-0.01,2009.346875,0.058|0.71|0.01|0.28|0.127157|30|3|250
40,d4,-0.008,2015.187478,0.058|0.71|0.01|0.28|0.127157|30|3|250
40,d4,-0.004,2044.284433,0.058|0.71|0.01|0.28|0.127157|30|3|250
40,d4,0.004,2085.934594,0.058|0.71|0.01|0.28|0.127157|30|3|250
40,d4,0.008,2115.908106,0.058|0.71|0.01|0.28|0.127157|30|3|250
40,d4,0.012,2146.215363,0.058|0.71|0.01|0.28|0.127157|30|3|250
40,d4,0.017,2180.123826,0.058|0.71|0.01|0.28|0.127157|30|3|250
40,d4,0.025,2224.573269,0.058|0.71|0.01|0.28|0.127157|30|3|250
40,d4,0.04,2331.42361,0.058|0.71|0.01|0.28|0.127157|30|3|250
40,d4,0.06,2462.445398,0.058|0.71|0.01|0.28|0.127157|30|3|250
40,d4,0.1,2790.051374,0.058|0.71|0.01|0.28|0.127157|30|3|250
40,d4,0.15,3220.36179,0.058|0.71|0.01|0.28|0.127157|30|3|250
40,dc,-0.15,1385.348215,0.058|0.71|0.01|0.28|0.127157|30|3|250
40,dc,-0.1,1591.959345,0.058|0.71|0.01|0.28|0.127157|30|3|250
40,dc,-0.06,1760.143641,0.058|0.71|0.01|0.28|0.127157|30|3|250
40,dc,-0.04,1859.135833,0.058|0.71|0.01|0.28|0.127157|30|3|250
40,dc,-0.025,1936.881658,0.058|0.71|0.01|0.28|0.127157|30|3|250
40,dc,-0.017,1969.441803,0.058|0.71|0.01|0.28|0.127157|30|3|250
40,dc,-0.012,1996.578173,0.058|0.71|0.01|0.28|0.127157|30|3|250
40,dc,-0.008,2022.001203,0.058|0.71|0.01|0.28|0.127157|30|3|250
40,dc,-0.004,2047.706689,0.058|0.71|0.01|0.28|0.127157|30|3|250
40,dc,0.004,2082.477288,0.058|0.71|0.01|0.28|0.127157|30|3|250
40,dc,0.008,2108.961602,0.058|0.71|0.01|0.28|0.127157|30|3|250
40,dc,0.012,2135.747218,0.058|0.71|0.01|0.28|0.127157|30|3|250
40,dc,0.017,2165.203105,0.058|0.71|0.01|0.28|0.127157|30|3|250
40,dc,0.025,2202.398773,0.058|0.71|0.01|0.28|0.127157|30|3|250
40,dc,0.04,2295.267931,0.058|0.71|0.01|0.28|0.127157|30|3|250
40,dc,0.06,2406.725127,0.058|0.71|0.01|0.28|0.127157|30|3|250
40,dc,0.1,2671.71406,0.058|0.71|0.01|0.28|0.127157|30|3|250
40,dc,0.15,3061.485591,0.058|0.71|0.01|0.28|0.127157|30|3|250
41,f0,0,2160.670861,0.059|0.69|0|0.31|0.125706|30|3|250
41,u,-2.5,2629.698002,0.059|0.69|0|0.31|0.125706|30|3|250
41,u,-1.5,2349.573895,0.059|0.69|0|0.31|0.125706|30|3|250
41,u,-1,2312.888154,0.059|0.69|0|0.31|0.125706|30|3|250
41,u,-0.7,2260.609407,0.059|0.69|0|0.31|0.125706|30|3|250
41,u,-0.5,2235.675599,0.059|0.69|0|0.31|0.125706|30|3|250
41,u,-0.35,2211.855486,0.059|0.69|0|0.31|0.125706|30|3|250
41,u,-0.25,2207.606377,0.059|0.69|0|0.31|0.125706|30|3|250
41,u,-0.2,2190.234172,0.059|0.69|0|0.31|0.125706|30|3|250
41,u,-0.15,2191.989032,0.059|0.69|0|0.31|0.125706|30|3|250
41,u,-0.1,2170.831471,0.059|0.69|0|0.31|0.125706|30|3|250
41,u,-0.075,2178.881547,0.059|0.69|0|0.31|0.125706|30|3|250
41,u,-0.05,2167.155477,0.059|0.69|0|0.31|0.125706|30|3|250
41,u,-0.03,2161.250104,0.059|0.69|0|0.31|0.125706|30|3|250
41,u,-0.02,2167.178416,0.059|0.69|0|0.31|0.125706|30|3|250
41,u,-0.01,2172.850574,0.059|0.69|0|0.31|0.125706|30|3|250
41,u,0.01,2166.028362,0.059|0.69|0|0.31|0.125706|30|3|250
41,u,0.02,2153.905717,0.059|0.69|0|0.31|0.125706|30|3|250
41,u,0.03,2158.958417,0.059|0.69|0|0.31|0.125706|30|3|250
41,u,0.05,2151.652779,0.059|0.69|0|0.31|0.125706|30|3|250
41,u,0.075,2154.407929,0.059|0.69|0|0.31|0.125706|30|3|250
41,u,0.1,2140.356154,0.059|0.69|0|0.31|0.125706|30|3|250
41,u,0.15,2142.047791,0.059|0.69|0|0.31|0.125706|30|3|250
41,u,0.2,2126.110375,0.059|0.69|0|0.31|0.125706|30|3|250
41,u,0.25,2122.10745,0.059|0.69|0|0.31|0.125706|30|3|250
41,u,0.35,2093.81971,0.059|0.69|0|0.31|0.125706|30|3|250
41,u,0.5,1859.030873,0.059|0.69|0|0.31|0.125706|30|3|250
41,u,0.7,1047.087446,0.059|0.69|0|0.31|0.125706|30|3|250
41,u,1,1356.701556,0.059|0.69|0|0.31|0.125706|30|3|250
41,u,1.5,,0.059|0.69|0|0.31|0.125706|30|3|250
41,v,-2.5,2224.815212,0.059|0.69|0|0.31|0.125706|30|3|250
41,v,-1.5,2187.561629,0.059|0.69|0|0.31|0.125706|30|3|250
41,v,-1,2175.817038,0.059|0.69|0|0.31|0.125706|30|3|250
41,v,-0.7,2170.287138,0.059|0.69|0|0.31|0.125706|30|3|250
41,v,-0.35,2164.975992,0.059|0.69|0|0.31|0.125706|30|3|250
41,v,-0.15,2162.405866,0.059|0.69|0|0.31|0.125706|30|3|250
41,v,-0.05,2161.231935,0.059|0.69|0|0.31|0.125706|30|3|250
41,v,0.05,2160.126369,0.059|0.69|0|0.31|0.125706|30|3|250
41,v,0.15,2159.085186,0.059|0.69|0|0.31|0.125706|30|3|250
41,v,0.35,2157.18119,0.059|0.69|0|0.31|0.125706|30|3|250
41,v,0.7,2154.352517,0.059|0.69|0|0.31|0.125706|30|3|250
41,v,1,2152.358463,0.059|0.69|0|0.31|0.125706|30|3|250
41,v,1.5,2149.737891,0.059|0.69|0|0.31|0.125706|30|3|250
41,d4,0.004,2191.452491,0.059|0.69|0|0.31|0.125706|30|3|250
41,d4,0.008,2222.585496,0.059|0.69|0|0.31|0.125706|30|3|250
41,d4,0.012,2236.178466,0.059|0.69|0|0.31|0.125706|30|3|250
41,d4,0.017,2271.421873,0.059|0.69|0|0.31|0.125706|30|3|250
41,d4,0.025,2336.18129,0.059|0.69|0|0.31|0.125706|30|3|250
41,d4,0.04,2429.184592,0.059|0.69|0|0.31|0.125706|30|3|250
41,d4,0.06,2585.561957,0.059|0.69|0|0.31|0.125706|30|3|250
41,d4,0.1,2909.025896,0.059|0.69|0|0.31|0.125706|30|3|250
41,d4,0.15,3385.15304,0.059|0.69|0|0.31|0.125706|30|3|250
41,dc,-0.15,1462.620105,0.059|0.69|0|0.31|0.125706|30|3|250
41,dc,-0.1,1661.023144,0.059|0.69|0|0.31|0.125706|30|3|250
41,dc,-0.06,1851.506848,0.059|0.69|0|0.31|0.125706|30|3|250
41,dc,-0.04,1954.500822,0.059|0.69|0|0.31|0.125706|30|3|250
41,dc,-0.025,2035.498859,0.059|0.69|0|0.31|0.125706|30|3|250
41,dc,-0.017,2069.785012,0.059|0.69|0|0.31|0.125706|30|3|250
41,dc,-0.012,2098.097321,0.059|0.69|0|0.31|0.125706|30|3|250
41,dc,-0.008,2124.517611,0.059|0.69|0|0.31|0.125706|30|3|250
41,dc,-0.004,2133.740168,0.059|0.69|0|0.31|0.125706|30|3|250
41,dc,0.004,2187.913595,0.059|0.69|0|0.31|0.125706|30|3|250
41,dc,0.008,2215.473912,0.059|0.69|0|0.31|0.125706|30|3|250
41,dc,0.012,2225.448142,0.059|0.69|0|0.31|0.125706|30|3|250
41,dc,0.017,2256.124259,0.059|0.69|0|0.31|0.125706|30|3|250
41,dc,0.025,2313.463621,0.059|0.69|0|0.31|0.125706|30|3|250
41,dc,0.04,2392.078353,0.059|0.69|0|0.31|0.125706|30|3|250
41,dc,0.06,2528.385898,0.059|0.69|0|0.31|0.125706|30|3|250
41,dc,0.1,2808.050352,0.059|0.69|0|0.31|0.125706|30|3|250
41,dc,0.15,3221.303577,0.059|0.69|0|0.31|0.125706|30|3|250
42,f0,0,2245.580888,0.055|0.68|0.01|0.31|0.115485|30|3|250
42,u,-2.5,2787.579289,0.055|0.68|0.01|0.31|0.115485|30|3|250
42,u,-1.5,2485.170405,0.055|0.68|0.01|0.31|0.115485|30|3|250
42,u,-1,2392.800173,0.055|0.68|0.01|0.31|0.115485|30|3|250
42,u,-0.7,2350.784918,0.055|0.68|0.01|0.31|0.115485|30|3|250
42,u,-0.5,2331.559353,0.055|0.68|0.01|0.31|0.115485|30|3|250
42,u,-0.35,2283.111958,0.055|0.68|0.01|0.31|0.115485|30|3|250
42,u,-0.25,2284.282118,0.055|0.68|0.01|0.31|0.115485|30|3|250
42,u,-0.2,2268.052269,0.055|0.68|0.01|0.31|0.115485|30|3|250
42,u,-0.15,2272.568433,0.055|0.68|0.01|0.31|0.115485|30|3|250
42,u,-0.1,2251.981384,0.055|0.68|0.01|0.31|0.115485|30|3|250
42,u,-0.075,2261.972259,0.055|0.68|0.01|0.31|0.115485|30|3|250
42,u,-0.05,2250.361661,0.055|0.68|0.01|0.31|0.115485|30|3|250
42,u,-0.03,2244.847142,0.055|0.68|0.01|0.31|0.115485|30|3|250
42,u,-0.02,2251.775211,0.055|0.68|0.01|0.31|0.115485|30|3|250
42,u,-0.01,2239.010824,0.055|0.68|0.01|0.31|0.115485|30|3|250
42,u,0.01,2232.867161,0.055|0.68|0.01|0.31|0.115485|30|3|250
42,u,0.02,2239.090298,0.055|0.68|0.01|0.31|0.115485|30|3|250
42,u,0.03,2245.045682,0.055|0.68|0.01|0.31|0.115485|30|3|250
42,u,0.05,2237.943616,0.055|0.68|0.01|0.31|0.115485|30|3|250
42,u,0.075,2224.263706,0.055|0.68|0.01|0.31|0.115485|30|3|250
42,u,0.1,2227.732125,0.055|0.68|0.01|0.31|0.115485|30|3|250
42,u,0.15,2215.207884,0.055|0.68|0.01|0.31|0.115485|30|3|250
42,u,0.2,2200.612925,0.055|0.68|0.01|0.31|0.115485|30|3|250
42,u,0.25,2198.939421,0.055|0.68|0.01|0.31|0.115485|30|3|250
42,u,0.35,2173.120795,0.055|0.68|0.01|0.31|0.115485|30|3|250
42,u,0.5,2148.83057,0.055|0.68|0.01|0.31|0.115485|30|3|250
42,u,0.7,1295.059726,0.055|0.68|0.01|0.31|0.115485|30|3|250
42,u,1,1021.626114,0.055|0.68|0.01|0.31|0.115485|30|3|250
42,u,1.5,,0.055|0.68|0.01|0.31|0.115485|30|3|250
42,v,-2.5,2313.073568,0.055|0.68|0.01|0.31|0.115485|30|3|250
42,v,-1.5,2273.875352,0.055|0.68|0.01|0.31|0.115485|30|3|250
42,v,-1,2261.517693,0.055|0.68|0.01|0.31|0.115485|30|3|250
42,v,-0.7,2255.699133,0.055|0.68|0.01|0.31|0.115485|30|3|250
42,v,-0.35,2250.110746,0.055|0.68|0.01|0.31|0.115485|30|3|250
42,v,-0.15,2247.40646,0.055|0.68|0.01|0.31|0.115485|30|3|250
42,v,-0.05,2246.17125,0.055|0.68|0.01|0.31|0.115485|30|3|250
42,v,0.05,2245.007973,0.055|0.68|0.01|0.31|0.115485|30|3|250
42,v,0.15,2243.912441,0.055|0.68|0.01|0.31|0.115485|30|3|250
42,v,0.35,2241.909056,0.055|0.68|0.01|0.31|0.115485|30|3|250
42,v,0.7,2238.932727,0.055|0.68|0.01|0.31|0.115485|30|3|250
42,v,1,2236.834584,0.055|0.68|0.01|0.31|0.115485|30|3|250
42,v,1.5,2234.077217,0.055|0.68|0.01|0.31|0.115485|30|3|250
42,d4,-0.01,2173.977748,0.055|0.68|0.01|0.31|0.115485|30|3|250
42,d4,-0.008,2180.537564,0.055|0.68|0.01|0.31|0.115485|30|3|250
42,d4,-0.004,2212.874169,0.055|0.68|0.01|0.31|0.115485|30|3|250
42,d4,0.004,2259.347127,0.055|0.68|0.01|0.31|0.115485|30|3|250
42,d4,0.008,2292.704875,0.055|0.68|0.01|0.31|0.115485|30|3|250
42,d4,0.012,2326.451742,0.055|0.68|0.01|0.31|0.115485|30|3|250
42,d4,0.017,2364.273659,0.055|0.68|0.01|0.31|0.115485|30|3|250
42,d4,0.025,2414.017281,0.055|0.68|0.01|0.31|0.115485|30|3|250
42,d4,0.04,2533.483077,0.055|0.68|0.01|0.31|0.115485|30|3|250
42,d4,0.06,2680.586595,0.055|0.68|0.01|0.31|0.115485|30|3|250
42,d4,0.1,3027.088939,0.055|0.68|0.01|0.31|0.115485|30|3|250
42,d4,0.15,3514.205345,0.055|0.68|0.01|0.31|0.115485|30|3|250
42,dc,-0.15,1509.046388,0.055|0.68|0.01|0.31|0.115485|30|3|250
42,dc,-0.1,1723.426289,0.055|0.68|0.01|0.31|0.115485|30|3|250
42,dc,-0.06,1911.963247,0.055|0.68|0.01|0.31|0.115485|30|3|250
42,dc,-0.04,2023.088025,0.055|0.68|0.01|0.31|0.115485|30|3|250
42,dc,-0.025,2091.999144,0.055|0.68|0.01|0.31|0.115485|30|3|250
42,dc,-0.017,2147.452931,0.055|0.68|0.01|0.31|0.115485|30|3|250
42,dc,-0.012,2178.037696,0.055|0.68|0.01|0.31|0.115485|30|3|250
42,dc,-0.008,2187.633331,0.055|0.68|0.01|0.31|0.115485|30|3|250
42,dc,-0.004,2216.43895,0.055|0.68|0.01|0.31|0.115485|30|3|250
42,dc,0.004,2255.744051,0.055|0.68|0.01|0.31|0.115485|30|3|250
42,dc,0.008,2285.463666,0.055|0.68|0.01|0.31|0.115485|30|3|250
42,dc,0.012,2315.536709,0.055|0.68|0.01|0.31|0.115485|30|3|250
42,dc,0.017,2348.710949,0.055|0.68|0.01|0.31|0.115485|30|3|250
42,dc,0.025,2390.876497,0.055|0.68|0.01|0.31|0.115485|30|3|250
42,dc,0.04,2495.7133,0.055|0.68|0.01|0.31|0.115485|30|3|250
42,dc,0.06,2622.29501,0.055|0.68|0.01|0.31|0.115485|30|3|250
42,dc,0.1,2924.028133,0.055|0.68|0.01|0.31|0.115485|30|3|250
42,dc,0.15,3346.513672,0.055|0.68|0.01|0.31|0.115485|30|3|250
43,f0,0,2030.832825,0.05|0.72|0.01|0.27|0.111162|30|3|250
43,u,-2.5,2575.688398,0.05|0.72|0.01|0.27|0.111162|30|3|250
43,u,-1.5,2238.45372,0.05|0.72|0.01|0.27|0.111162|30|3|250
43,u,-1,2141.891406,0.05|0.72|0.01|0.27|0.111162|30|3|250
43,u,-0.7,2131.193529,0.05|0.72|0.01|0.27|0.111162|30|3|250
43,u,-0.5,2090.317882,0.05|0.72|0.01|0.27|0.111162|30|3|250
43,u,-0.35,2078.684632,0.05|0.72|0.01|0.27|0.111162|30|3|250
43,u,-0.25,2076.868371,0.05|0.72|0.01|0.27|0.111162|30|3|250
43,u,-0.2,2071.912295,0.05|0.72|0.01|0.27|0.111162|30|3|250
43,u,-0.15,2064.603504,0.05|0.72|0.01|0.27|0.111162|30|3|250
43,u,-0.1,2055.177797,0.05|0.72|0.01|0.27|0.111162|30|3|250
43,u,-0.075,2049.73999,0.05|0.72|0.01|0.27|0.111162|30|3|250
43,u,-0.05,2043.853544,0.05|0.72|0.01|0.27|0.111162|30|3|250
43,u,-0.03,2042.975733,0.05|0.72|0.01|0.27|0.111162|30|3|250
43,u,-0.02,2032.137368,0.05|0.72|0.01|0.27|0.111162|30|3|250
43,u,-0.01,2041.668486,0.05|0.72|0.01|0.27|0.111162|30|3|250
43,u,0.01,2039.948736,0.05|0.72|0.01|0.27|0.111162|30|3|250
43,u,0.02,2029.119861,0.05|0.72|0.01|0.27|0.111162|30|3|250
43,u,0.03,2037.832913,0.05|0.72|0.01|0.27|0.111162|30|3|250
43,u,0.05,2035.336954,0.05|0.72|0.01|0.27|0.111162|30|3|250
43,u,0.075,2027.070237,0.05|0.72|0.01|0.27|0.111162|30|3|250
43,u,0.1,2018.501911,0.05|0.72|0.01|0.27|0.111162|30|3|250
43,u,0.15,2017.68026,0.05|0.72|0.01|0.27|0.111162|30|3|250
43,u,0.2,2014.119776,0.05|0.72|0.01|0.27|0.111162|30|3|250
43,u,0.25,1992.650883,0.05|0.72|0.01|0.27|0.111162|30|3|250
43,u,0.35,1989.528879,0.05|0.72|0.01|0.27|0.111162|30|3|250
43,u,0.5,1960.46266,0.05|0.72|0.01|0.27|0.111162|30|3|250
43,u,0.7,1744.305061,0.05|0.72|0.01|0.27|0.111162|30|3|250
43,u,1,1062.897614,0.05|0.72|0.01|0.27|0.111162|30|3|250
43,u,1.5,,0.05|0.72|0.01|0.27|0.111162|30|3|250
43,v,-2.5,2099.888315,0.05|0.72|0.01|0.27|0.111162|30|3|250
43,v,-1.5,2059.782454,0.05|0.72|0.01|0.27|0.111162|30|3|250
43,v,-1,2047.138651,0.05|0.72|0.01|0.27|0.111162|30|3|250
43,v,-0.7,2041.185361,0.05|0.72|0.01|0.27|0.111162|30|3|250
43,v,-0.35,2035.467573,0.05|0.72|0.01|0.27|0.111162|30|3|250
43,v,-0.15,2032.700669,0.05|0.72|0.01|0.27|0.111162|30|3|250
43,v,-0.05,2031.436857,0.05|0.72|0.01|0.27|0.111162|30|3|250
43,v,0.05,2030.246644,0.05|0.72|0.01|0.27|0.111162|30|3|250
43,v,0.15,2029.125744,0.05|0.72|0.01|0.27|0.111162|30|3|250
43,v,0.35,2027.075971,0.05|0.72|0.01|0.27|0.111162|30|3|250
43,v,0.7,2024.030724,0.05|0.72|0.01|0.27|0.111162|30|3|250
43,v,1,2021.883998,0.05|0.72|0.01|0.27|0.111162|30|3|250
43,v,1.5,2019.062784,0.05|0.72|0.01|0.27|0.111162|30|3|250
43,d4,-0.01,1982.022932,0.05|0.72|0.01|0.27|0.111162|30|3|250
43,d4,-0.008,1987.711222,0.05|0.72|0.01|0.27|0.111162|30|3|250
43,d4,-0.004,2019.129003,0.05|0.72|0.01|0.27|0.111162|30|3|250
43,d4,0.004,2062.826729,0.05|0.72|0.01|0.27|0.111162|30|3|250
43,d4,0.008,2074.901927,0.05|0.72|0.01|0.27|0.111162|30|3|250
43,d4,0.012,2107.490459,0.05|0.72|0.01|0.27|0.111162|30|3|250
43,d4,0.017,2143.603489,0.05|0.72|0.01|0.27|0.111162|30|3|250
43,d4,0.025,2189.993284,0.05|0.72|0.01|0.27|0.111162|30|3|250
43,d4,0.04,2303.680753,0.05|0.72|0.01|0.27|0.111162|30|3|250
43,d4,0.06,2441.317851,0.05|0.72|0.01|0.27|0.111162|30|3|250
43,d4,0.1,2742.704706,0.05|0.72|0.01|0.27|0.111162|30|3|250
43,d4,0.15,3190.4053,0.05|0.72|0.01|0.27|0.111162|30|3|250
43,dc,-0.15,1372.047319,0.05|0.72|0.01|0.27|0.111162|30|3|250
43,dc,-0.1,1565.323884,0.05|0.72|0.01|0.27|0.111162|30|3|250
43,dc,-0.06,1729.97672,0.05|0.72|0.01|0.27|0.111162|30|3|250
43,dc,-0.04,1837.723437,0.05|0.72|0.01|0.27|0.111162|30|3|250
43,dc,-0.025,1902.885592,0.05|0.72|0.01|0.27|0.111162|30|3|250
43,dc,-0.017,1937.405775,0.05|0.72|0.01|0.27|0.111162|30|3|250
43,dc,-0.012,1966.759663,0.05|0.72|0.01|0.27|0.111162|30|3|250
43,dc,-0.008,1994.497053,0.05|0.72|0.01|0.27|0.111162|30|3|250
43,dc,-0.004,2022.537018,0.05|0.72|0.01|0.27|0.111162|30|3|250
43,dc,0.004,2059.38432,0.05|0.72|0.01|0.27|0.111162|30|3|250
43,dc,0.008,2067.978427,0.05|0.72|0.01|0.27|0.111162|30|3|250
43,dc,0.012,2097.057716,0.05|0.72|0.01|0.27|0.111162|30|3|250
43,dc,0.017,2128.734595,0.05|0.72|0.01|0.27|0.111162|30|3|250
43,dc,0.025,2167.899268,0.05|0.72|0.01|0.27|0.111162|30|3|250
43,dc,0.04,2267.666796,0.05|0.72|0.01|0.27|0.111162|30|3|250
43,dc,0.06,2385.839405,0.05|0.72|0.01|0.27|0.111162|30|3|250
43,dc,0.1,2644.911417,0.05|0.72|0.01|0.27|0.111162|30|3|250
43,dc,0.15,3032.229933,0.05|0.72|0.01|0.27|0.111162|30|3|250
44,f0,0,2723.283843,0.032|0.62|0.01|0.37|0.0612626|30|3|250
44,u,-2.5,3905.078376,0.032|0.62|0.01|0.37|0.0612626|30|3|250
44,u,-1.5,2983.584731,0.032|0.62|0.01|0.37|0.0612626|30|3|250
44,u,-1,2951.384971,0.032|0.62|0.01|0.37|0.0612626|30|3|250
44,u,-0.7,2842.16722,0.032|0.62|0.01|0.37|0.0612626|30|3|250
44,u,-0.5,2828.036382,0.032|0.62|0.01|0.37|0.0612626|30|3|250
44,u,-0.35,2793.248497,0.032|0.62|0.01|0.37|0.0612626|30|3|250
44,u,-0.25,2771.081361,0.032|0.62|0.01|0.37|0.0612626|30|3|250
44,u,-0.2,2777.8821,0.032|0.62|0.01|0.37|0.0612626|30|3|250
44,u,-0.15,2779.741663,0.032|0.62|0.01|0.37|0.0612626|30|3|250
44,u,-0.1,2736.334263,0.032|0.62|0.01|0.37|0.0612626|30|3|250
44,u,-0.075,2734.505497,0.032|0.62|0.01|0.37|0.0612626|30|3|250
44,u,-0.05,2731.688392,0.032|0.62|0.01|0.37|0.0612626|30|3|250
44,u,-0.03,2736.350571,0.032|0.62|0.01|0.37|0.0612626|30|3|250
44,u,-0.02,2757.139535,0.032|0.62|0.01|0.37|0.0612626|30|3|250
44,u,-0.01,2740.128235,0.032|0.62|0.01|0.37|0.0612626|30|3|250
44,u,0.01,2743.054132,0.032|0.62|0.01|0.37|0.0612626|30|3|250
44,u,0.02,2726.169382,0.032|0.62|0.01|0.37|0.0612626|30|3|250
44,u,0.03,2745.160056,0.032|0.62|0.01|0.37|0.0612626|30|3|250
44,u,0.05,2711.492081,0.032|0.62|0.01|0.37|0.0612626|30|3|250
44,u,0.075,2738.534505,0.032|0.62|0.01|0.37|0.0612626|30|3|250
44,u,0.1,2729.894224,0.032|0.62|0.01|0.37|0.0612626|30|3|250
44,u,0.15,2710.672457,0.032|0.62|0.01|0.37|0.0612626|30|3|250
44,u,0.2,2689.102153,0.032|0.62|0.01|0.37|0.0612626|30|3|250
44,u,0.25,2693.937215,0.032|0.62|0.01|0.37|0.0612626|30|3|250
44,u,0.35,2664.268287,0.032|0.62|0.01|0.37|0.0612626|30|3|250
44,u,0.5,2633.988348,0.032|0.62|0.01|0.37|0.0612626|30|3|250
44,u,0.7,2590.412546,0.032|0.62|0.01|0.37|0.0612626|30|3|250
44,u,1,2515.678182,0.032|0.62|0.01|0.37|0.0612626|30|3|250
44,u,1.5,1045.711494,0.032|0.62|0.01|0.37|0.0612626|30|3|250
44,v,-2.5,2822.015122,0.032|0.62|0.01|0.37|0.0612626|30|3|250
44,v,-1.5,2764.674237,0.032|0.62|0.01|0.37|0.0612626|30|3|250
44,v,-1,2746.596907,0.032|0.62|0.01|0.37|0.0612626|30|3|250
44,v,-0.7,2738.08526,0.032|0.62|0.01|0.37|0.0612626|30|3|250
44,v,-0.35,2729.91032,0.032|0.62|0.01|0.37|0.0612626|30|3|250
44,v,-0.15,2725.954371,0.032|0.62|0.01|0.37|0.0612626|30|3|250
44,v,-0.05,2724.147451,0.032|0.62|0.01|0.37|0.0612626|30|3|250
44,v,0.05,2722.445758,0.032|0.62|0.01|0.37|0.0612626|30|3|250
44,v,0.15,2720.843164,0.032|0.62|0.01|0.37|0.0612626|30|3|250
44,v,0.35,2717.912525,0.032|0.62|0.01|0.37|0.0612626|30|3|250
44,v,0.7,2713.558619,0.032|0.62|0.01|0.37|0.0612626|30|3|250
44,v,1,2710.489362,0.032|0.62|0.01|0.37|0.0612626|30|3|250
44,v,1.5,2706.455764,0.032|0.62|0.01|0.37|0.0612626|30|3|250
44,d4,-0.01,2642.729117,0.032|0.62|0.01|0.37|0.0612626|30|3|250
44,d4,-0.008,2687.732863,0.032|0.62|0.01|0.37|0.0612626|30|3|250
44,d4,-0.004,2705.395206,0.032|0.62|0.01|0.37|0.0612626|30|3|250
44,d4,0.004,2778.45923,0.032|0.62|0.01|0.37|0.0612626|30|3|250
44,d4,0.008,2797.050502,0.032|0.62|0.01|0.37|0.0612626|30|3|250
44,d4,0.012,2853.41246,0.032|0.62|0.01|0.37|0.0612626|30|3|250
44,d4,0.017,2877.608482,0.032|0.62|0.01|0.37|0.0612626|30|3|250
44,d4,0.025,2955.486912,0.032|0.62|0.01|0.37|0.0612626|30|3|250
44,d4,0.04,3112.115465,0.032|0.62|0.01|0.37|0.0612626|30|3|250
44,d4,0.06,3306.698725,0.032|0.62|0.01|0.37|0.0612626|30|3|250
44,d4,0.1,3740.160174,0.032|0.62|0.01|0.37|0.0612626|30|3|250
44,d4,0.15,4384.443686,0.032|0.62|0.01|0.37|0.0612626|30|3|250
44,dc,-0.15,1854.024893,0.032|0.62|0.01|0.37|0.0612626|30|3|250
44,dc,-0.1,2104.026062,0.032|0.62|0.01|0.37|0.0612626|30|3|250
44,dc,-0.06,2330.10978,0.032|0.62|0.01|0.37|0.0612626|30|3|250
44,dc,-0.04,2453.304349,0.032|0.62|0.01|0.37|0.0612626|30|3|250
44,dc,-0.025,2568.368221,0.032|0.62|0.01|0.37|0.0612626|30|3|250
44,dc,-0.017,2629.536974,0.032|0.62|0.01|0.37|0.0612626|30|3|250
44,dc,-0.012,2645.963036,0.032|0.62|0.01|0.37|0.0612626|30|3|250
44,dc,-0.008,2695.650969,0.032|0.62|0.01|0.37|0.0612626|30|3|250
44,dc,-0.004,2709.379636,0.032|0.62|0.01|0.37|0.0612626|30|3|250
44,dc,0.004,2774.427338,0.032|0.62|0.01|0.37|0.0612626|30|3|250
44,dc,0.008,2788.934016,0.032|0.62|0.01|0.37|0.0612626|30|3|250
44,dc,0.012,2841.170641,0.032|0.62|0.01|0.37|0.0612626|30|3|250
44,dc,0.017,2860.122113,0.032|0.62|0.01|0.37|0.0612626|30|3|250
44,dc,0.025,2929.453605,0.032|0.62|0.01|0.37|0.0612626|30|3|250
44,dc,0.04,3069.475791,0.032|0.62|0.01|0.37|0.0612626|30|3|250
44,dc,0.06,3240.596051,0.032|0.62|0.01|0.37|0.0612626|30|3|250
44,dc,0.1,3622.02043,0.032|0.62|0.01|0.37|0.0612626|30|3|250
44,dc,0.15,4189.430595,0.032|0.62|0.01|0.37|0.0612626|30|3|250
45,f0,0,3255.8914,0.03|0.56|0.01|0.43|0.0518756|30|3|250
45,u,-2.5,4465.253147,0.03|0.56|0.01|0.43|0.0518756|30|3|250
45,u,-1.5,3579.930891,0.03|0.56|0.01|0.43|0.0518756|30|3|250
45,u,-1,3465.960015,0.03|0.56|0.01|0.43|0.0518756|30|3|250
45,u,-0.7,3395.584928,0.03|0.56|0.01|0.43|0.0518756|30|3|250
45,u,-0.5,3347.444464,0.03|0.56|0.01|0.43|0.0518756|30|3|250
45,u,-0.35,3286.744337,0.03|0.56|0.01|0.43|0.0518756|30|3|250
45,u,-0.25,3305.214422,0.03|0.56|0.01|0.43|0.0518756|30|3|250
45,u,-0.2,3305.177785,0.03|0.56|0.01|0.43|0.0518756|30|3|250
45,u,-0.15,3249.045417,0.03|0.56|0.01|0.43|0.0518756|30|3|250
45,u,-0.1,3241.211788,0.03|0.56|0.01|0.43|0.0518756|30|3|250
45,u,-0.075,3235.565391,0.03|0.56|0.01|0.43|0.0518756|30|3|250
45,u,-0.05,3228.843795,0.03|0.56|0.01|0.43|0.0518756|30|3|250
45,u,-0.03,3231.699778,0.03|0.56|0.01|0.43|0.0518756|30|3|250
45,u,-0.02,3254.951192,0.03|0.56|0.01|0.43|0.0518756|30|3|250
45,u,-0.01,3233.568362,0.03|0.56|0.01|0.43|0.0518756|30|3|250
45,u,0.01,3234.48703,0.03|0.56|0.01|0.43|0.0518756|30|3|250
45,u,0.02,3255.908935,0.03|0.56|0.01|0.43|0.0518756|30|3|250
45,u,0.03,3234.492168,0.03|0.56|0.01|0.43|0.0518756|30|3|250
45,u,0.05,3233.619092,0.03|0.56|0.01|0.43|0.0518756|30|3|250
45,u,0.075,3221.273333,0.03|0.56|0.01|0.43|0.0518756|30|3|250
45,u,0.1,3208.182059,0.03|0.56|0.01|0.43|0.0518756|30|3|250
45,u,0.15,3217.245083,0.03|0.56|0.01|0.43|0.0518756|30|3|250
45,u,0.2,3184.653406,0.03|0.56|0.01|0.43|0.0518756|30|3|250
45,u,0.25,3183.644874,0.03|0.56|0.01|0.43|0.0518756|30|3|250
45,u,0.35,3166.563347,0.03|0.56|0.01|0.43|0.0518756|30|3|250
45,u,0.5,3110.242247,0.03|0.56|0.01|0.43|0.0518756|30|3|250
45,u,0.7,3057.36329,0.03|0.56|0.01|0.43|0.0518756|30|3|250
45,u,1,2968.989502,0.03|0.56|0.01|0.43|0.0518756|30|3|250
45,u,1.5,1077.463573,0.03|0.56|0.01|0.43|0.0518756|30|3|250
45,v,-2.5,3364.983711,0.03|0.56|0.01|0.43|0.0518756|30|3|250
45,v,-1.5,3301.625374,0.03|0.56|0.01|0.43|0.0518756|30|3|250
45,v,-1,3281.650978,0.03|0.56|0.01|0.43|0.0518756|30|3|250
45,v,-0.7,3272.246104,0.03|0.56|0.01|0.43|0.0518756|30|3|250
45,v,-0.35,3263.213272,0.03|0.56|0.01|0.43|0.0518756|30|3|250
45,v,-0.15,3258.842178,0.03|0.56|0.01|0.43|0.0518756|30|3|250
45,v,-0.05,3256.845637,0.03|0.56|0.01|0.43|0.0518756|30|3|250
45,v,0.05,3254.965366,0.03|0.56|0.01|0.43|0.0518756|30|3|250
45,v,0.15,3253.194593,0.03|0.56|0.01|0.43|0.0518756|30|3|250
45,v,0.35,3249.956407,0.03|0.56|0.01|0.43|0.0518756|30|3|250
45,v,0.7,3245.145595,0.03|0.56|0.01|0.43|0.0518756|30|3|250
45,v,1,3241.754245,0.03|0.56|0.01|0.43|0.0518756|30|3|250
45,v,1.5,3237.297354,0.03|0.56|0.01|0.43|0.0518756|30|3|250
45,d4,-0.01,3155.056931,0.03|0.56|0.01|0.43|0.0518756|30|3|250
45,d4,-0.008,3166.364206,0.03|0.56|0.01|0.43|0.0518756|30|3|250
45,d4,-0.004,3189.217735,0.03|0.56|0.01|0.43|0.0518756|30|3|250
45,d4,0.004,3279.707338,0.03|0.56|0.01|0.43|0.0518756|30|3|250
45,d4,0.008,3303.866171,0.03|0.56|0.01|0.43|0.0518756|30|3|250
45,d4,0.012,3372.799921,0.03|0.56|0.01|0.43|0.0518756|30|3|250
45,d4,0.017,3404.342185,0.03|0.56|0.01|0.43|0.0518756|30|3|250
45,d4,0.025,3501.506508,0.03|0.56|0.01|0.43|0.0518756|30|3|250
45,d4,0.04,3697.480254,0.03|0.56|0.01|0.43|0.0518756|30|3|250
45,d4,0.06,3895.85133,0.03|0.56|0.01|0.43|0.0518756|30|3|250
45,d4,0.1,4449.296837,0.03|0.56|0.01|0.43|0.0518756|30|3|250
45,d4,0.15,5291.305789,0.03|0.56|0.01|0.43|0.0518756|30|3|250
45,dc,-0.15,2170.414713,0.03|0.56|0.01|0.43|0.0518756|30|3|250
45,dc,-0.1,2477.963911,0.03|0.56|0.01|0.43|0.0518756|30|3|250
45,dc,-0.06,2759.29514,0.03|0.56|0.01|0.43|0.0518756|30|3|250
45,dc,-0.04,2913.885796,0.03|0.56|0.01|0.43|0.0518756|30|3|250
45,dc,-0.025,3015.873953,0.03|0.56|0.01|0.43|0.0518756|30|3|250
45,dc,-0.017,3092.124991,0.03|0.56|0.01|0.43|0.0518756|30|3|250
45,dc,-0.012,3114.234475,0.03|0.56|0.01|0.43|0.0518756|30|3|250
45,dc,-0.008,3175.091074,0.03|0.56|0.01|0.43|0.0518756|30|3|250
45,dc,-0.004,3193.612112,0.03|0.56|0.01|0.43|0.0518756|30|3|250
45,dc,0.004,3275.254471,0.03|0.56|0.01|0.43|0.0518756|30|3|250
45,dc,0.008,3294.895907,0.03|0.56|0.01|0.43|0.0518756|30|3|250
45,dc,0.012,3359.260722,0.03|0.56|0.01|0.43|0.0518756|30|3|250
45,dc,0.017,3384.98505,0.03|0.56|0.01|0.43|0.0518756|30|3|250
45,dc,0.025,3472.645228,0.03|0.56|0.01|0.43|0.0518756|30|3|250
45,dc,0.04,3603.265107,0.03|0.56|0.01|0.43|0.0518756|30|3|250
45,dc,0.06,3821.97252,0.03|0.56|0.01|0.43|0.0518756|30|3|250
45,dc,0.1,4316.030102,0.03|0.56|0.01|0.43|0.0518756|30|3|250
45,dc,0.15,5068.228974,0.03|0.56|0.01|0.43|0.0518756|30|3|250
46,f0,0,1176.689845,0.11|0.267|0.0006|0.7324|0.0302299|20|3|250
46,u,-2.5,9607.744628,0.11|0.267|0.0006|0.7324|0.0302299|20|3|250
46,u,-1.5,8870.839356,0.11|0.267|0.0006|0.7324|0.0302299|20|3|250
46,u,-1,8382.873602,0.11|0.267|0.0006|0.7324|0.0302299|20|3|250
46,u,-0.7,8104.641489,0.11|0.267|0.0006|0.7324|0.0302299|20|3|250
46,u,-0.5,7879.207961,0.11|0.267|0.0006|0.7324|0.0302299|20|3|250
46,u,-0.35,7678.469379,0.11|0.267|0.0006|0.7324|0.0302299|20|3|250
46,u,-0.25,7521.208504,0.11|0.267|0.0006|0.7324|0.0302299|20|3|250
46,u,-0.2,3863.405686,0.11|0.267|0.0006|0.7324|0.0302299|20|3|250
46,u,-0.15,2202.823961,0.11|0.267|0.0006|0.7324|0.0302299|20|3|250
46,u,-0.1,1580.624652,0.11|0.267|0.0006|0.7324|0.0302299|20|3|250
46,u,-0.075,1415.257617,0.11|0.267|0.0006|0.7324|0.0302299|20|3|250
46,u,-0.05,1303.62305,0.11|0.267|0.0006|0.7324|0.0302299|20|3|250
46,u,-0.03,1244.237254,0.11|0.267|0.0006|0.7324|0.0302299|20|3|250
46,u,-0.02,1211.990625,0.11|0.267|0.0006|0.7324|0.0302299|20|3|250
46,u,-0.01,1189.728409,0.11|0.267|0.0006|0.7324|0.0302299|20|3|250
46,u,0.01,1239.790291,0.11|0.267|0.0006|0.7324|0.0302299|20|3|250
46,u,0.02,1303.260222,0.11|0.267|0.0006|0.7324|0.0302299|20|3|250
46,u,0.03,1367.033759,0.11|0.267|0.0006|0.7324|0.0302299|20|3|250
46,u,0.05,1513.904646,0.11|0.267|0.0006|0.7324|0.0302299|20|3|250
46,u,0.075,1714.815842,0.11|0.267|0.0006|0.7324|0.0302299|20|3|250
46,u,0.1,1939.605381,0.11|0.267|0.0006|0.7324|0.0302299|20|3|250
46,u,0.15,2467.762635,0.11|0.267|0.0006|0.7324|0.0302299|20|3|250
46,u,0.2,3097.050676,0.11|0.267|0.0006|0.7324|0.0302299|20|3|250
46,u,0.25,3863.27657,0.11|0.267|0.0006|0.7324|0.0302299|20|3|250
46,u,0.35,,0.11|0.267|0.0006|0.7324|0.0302299|20|3|250
46,u,0.5,,0.11|0.267|0.0006|0.7324|0.0302299|20|3|250
46,u,0.7,,0.11|0.267|0.0006|0.7324|0.0302299|20|3|250
46,u,1,,0.11|0.267|0.0006|0.7324|0.0302299|20|3|250
46,u,1.5,,0.11|0.267|0.0006|0.7324|0.0302299|20|3|250
46,v,-2.5,1327.527577,0.11|0.267|0.0006|0.7324|0.0302299|20|3|250
46,v,-1.5,1239.924447,0.11|0.267|0.0006|0.7324|0.0302299|20|3|250
46,v,-1,1212.30662,0.11|0.267|0.0006|0.7324|0.0302299|20|3|250
46,v,-0.7,1199.302863,0.11|0.267|0.0006|0.7324|0.0302299|20|3|250
46,v,-0.35,1186.813514,0.11|0.267|0.0006|0.7324|0.0302299|20|3|250
46,v,-0.15,1180.769772,0.11|0.267|0.0006|0.7324|0.0302299|20|3|250
46,v,-0.05,1178.009231,0.11|0.267|0.0006|0.7324|0.0302299|20|3|250
46,v,0.05,1175.409453,0.11|0.267|0.0006|0.7324|0.0302299|20|3|250
46,v,0.15,1172.961073,0.11|0.267|0.0006|0.7324|0.0302299|20|3|250
46,v,0.35,1168.483758,0.11|0.267|0.0006|0.7324|0.0302299|20|3|250
46,v,0.7,1161.832034,0.11|0.267|0.0006|0.7324|0.0302299|20|3|250
46,v,1,1157.142945,0.11|0.267|0.0006|0.7324|0.0302299|20|3|250
46,v,1.5,1150.980574,0.11|0.267|0.0006|0.7324|0.0302299|20|3|250
46,d4,-0.0006,1175.893202,0.11|0.267|0.0006|0.7324|0.0302299|20|3|250
46,d4,0.004,1242.203513,0.11|0.267|0.0006|0.7324|0.0302299|20|3|250
46,d4,0.008,1301.354544,0.11|0.267|0.0006|0.7324|0.0302299|20|3|250
46,d4,0.012,1362.704155,0.11|0.267|0.0006|0.7324|0.0302299|20|3|250
46,d4,0.017,1428.014851,0.11|0.267|0.0006|0.7324|0.0302299|20|3|250
46,d4,0.025,1542.201997,0.11|0.267|0.0006|0.7324|0.0302299|20|3|250
46,d4,0.04,1734.740802,0.11|0.267|0.0006|0.7324|0.0302299|20|3|250
46,d4,0.06,1987.50867,0.11|0.267|0.0006|0.7324|0.0302299|20|3|250
46,d4,0.1,2494.616818,0.11|0.267|0.0006|0.7324|0.0302299|20|3|250
46,d4,0.15,3151.996015,0.11|0.267|0.0006|0.7324|0.0302299|20|3|250
46,dc,-0.15,1176.689845,0.11|0.267|0.0006|0.7324|0.0302299|20|3|250
46,dc,-0.1,1176.689845,0.11|0.267|0.0006|0.7324|0.0302299|20|3|250
46,dc,-0.06,1176.689845,0.11|0.267|0.0006|0.7324|0.0302299|20|3|250
46,dc,-0.04,1176.689845,0.11|0.267|0.0006|0.7324|0.0302299|20|3|250
46,dc,-0.025,1176.689845,0.11|0.267|0.0006|0.7324|0.0302299|20|3|250
46,dc,-0.017,1176.689845,0.11|0.267|0.0006|0.7324|0.0302299|20|3|250
46,dc,-0.012,1176.689845,0.11|0.267|0.0006|0.7324|0.0302299|20|3|250
46,dc,-0.008,1176.689845,0.11|0.267|0.0006|0.7324|0.0302299|20|3|250
46,dc,-0.004,1176.689845,0.11|0.267|0.0006|0.7324|0.0302299|20|3|250
46,dc,0.004,1176.689845,0.11|0.267|0.0006|0.7324|0.0302299|20|3|250
46,dc,0.008,1176.689845,0.11|0.267|0.0006|0.7324|0.0302299|20|3|250
46,dc,0.012,1176.689845,0.11|0.267|0.0006|0.7324|0.0302299|20|3|250
46,dc,0.017,1176.689845,0.11|0.267|0.0006|0.7324|0.0302299|20|3|250
46,dc,0.025,1176.689845,0.11|0.267|0.0006|0.7324|0.0302299|20|3|250
46,dc,0.04,1176.689845,0.11|0.267|0.0006|0.7324|0.0302299|20|3|250
46,dc,0.06,1176.689845,0.11|0.267|0.0006|0.7324|0.0302299|20|3|250
46,dc,0.1,1176.689845,0.11|0.267|0.0006|0.7324|0.0302299|20|3|250
46,dc,0.15,1176.689845,0.11|0.267|0.0006|0.7324|0.0302299|20|3|250
47,f0,0,1207.627034,0.075|0.387|0|0.613|0.0298748|20|3|225
47,u,-2.5,6265.278583,0.075|0.387|0|0.613|0.0298748|20|3|225
47,u,-1.5,5687.722994,0.075|0.387|0|0.613|0.0298748|20|3|225
47,u,-1,5489.804817,0.075|0.387|0|0.613|0.0298748|20|3|225
47,u,-0.7,5368.112506,0.075|0.387|0|0.613|0.0298748|20|3|225
47,u,-0.5,5246.472225,0.075|0.387|0|0.613|0.0298748|20|3|225
47,u,-0.35,5186.16624,0.075|0.387|0|0.613|0.0298748|20|3|225
47,u,-0.25,5098.13612,0.075|0.387|0|0.613|0.0298748|20|3|225
47,u,-0.2,5090.968151,0.075|0.387|0|0.613|0.0298748|20|3|225
47,u,-0.15,2666.723439,0.075|0.387|0|0.613|0.0298748|20|3|225
47,u,-0.1,1705.700351,0.075|0.387|0|0.613|0.0298748|20|3|225
47,u,-0.075,1494.382555,0.075|0.387|0|0.613|0.0298748|20|3|225
47,u,-0.05,1362.016905,0.075|0.387|0|0.613|0.0298748|20|3|225
47,u,-0.03,1290.679708,0.075|0.387|0|0.613|0.0298748|20|3|225
47,u,-0.02,1257.348128,0.075|0.387|0|0.613|0.0298748|20|3|225
47,u,-0.01,1225.43328,0.075|0.387|0|0.613|0.0298748|20|3|225
47,u,0.01,1190.402421,0.075|0.387|0|0.613|0.0298748|20|3|225
47,u,0.02,1173.73212,0.075|0.387|0|0.613|0.0298748|20|3|225
47,u,0.03,1157.59056,0.075|0.387|0|0.613|0.0298748|20|3|225
47,u,0.05,1126.799304,0.075|0.387|0|0.613|0.0298748|20|3|225
47,u,0.075,1096.366174,0.075|0.387|0|0.613|0.0298748|20|3|225
47,u,0.1,1078.530094,0.075|0.387|0|0.613|0.0298748|20|3|225
47,u,0.15,1045.903892,0.075|0.387|0|0.613|0.0298748|20|3|225
47,u,0.2,1025.931948,0.075|0.387|0|0.613|0.0298748|20|3|225
47,u,0.25,1007.862753,0.075|0.387|0|0.613|0.0298748|20|3|225
47,u,0.35,984.0483358,0.075|0.387|0|0.613|0.0298748|20|3|225
47,u,0.5,958.1225462,0.075|0.387|0|0.613|0.0298748|20|3|225
47,u,0.7,1483.634231,0.075|0.387|0|0.613|0.0298748|20|3|225
47,u,1,,0.075|0.387|0|0.613|0.0298748|20|3|225
47,u,1.5,,0.075|0.387|0|0.613|0.0298748|20|3|225
47,v,-2.5,1359.537962,0.075|0.387|0|0.613|0.0298748|20|3|225
47,v,-1.5,1271.311544,0.075|0.387|0|0.613|0.0298748|20|3|225
47,v,-1,1243.497219,0.075|0.387|0|0.613|0.0298748|20|3|225
47,v,-0.7,1230.400942,0.075|0.387|0|0.613|0.0298748|20|3|225
47,v,-0.35,1217.822732,0.075|0.387|0|0.613|0.0298748|20|3|225
47,v,-0.15,1211.735989,0.075|0.387|0|0.613|0.0298748|20|3|225
47,v,-0.05,1208.955808,0.075|0.387|0|0.613|0.0298748|20|3|225
47,v,0.05,1206.337532,0.075|0.387|0|0.613|0.0298748|20|3|225
47,v,0.15,1203.871732,0.075|0.387|0|0.613|0.0298748|20|3|225
47,v,0.35,1199.362562,0.075|0.387|0|0.613|0.0298748|20|3|225
47,v,0.7,1192.663511,0.075|0.387|0|0.613|0.0298748|20|3|225
47,v,1,1187.94106,0.075|0.387|0|0.613|0.0298748|20|3|225
47,v,1.5,1181.734845,0.075|0.387|0|0.613|0.0298748|20|3|225
47,d4,0.004,1278.692846,0.075|0.387|0|0.613|0.0298748|20|3|225
47,d4,0.008,1352.796792,0.075|0.387|0|0.613|0.0298748|20|3|225
47,d4,0.012,1430.158363,0.075|0.387|0|0.613|0.0298748|20|3|225
47,d4,0.017,1512.742296,0.075|0.387|0|0.613|0.0298748|20|3|225
47,d4,0.025,1636.946003,0.075|0.387|0|0.613|0.0298748|20|3|225
47,d4,0.04,1873.843067,0.075|0.387|0|0.613|0.0298748|20|3|225
47,d4,0.06,2197.716509,0.075|0.387|0|0.613|0.0298748|20|3|225
47,d4,0.1,2831.162354,0.075|0.387|0|0.613|0.0298748|20|3|225
47,d4,0.15,3695.868531,0.075|0.387|0|0.613|0.0298748|20|3|225
47,dc,-0.15,1207.627034,0.075|0.387|0|0.613|0.0298748|20|3|225
47,dc,-0.1,1207.627034,0.075|0.387|0|0.613|0.0298748|20|3|225
47,dc,-0.06,1207.627034,0.075|0.387|0|0.613|0.0298748|20|3|225
47,dc,-0.04,1207.627034,0.075|0.387|0|0.613|0.0298748|20|3|225
47,dc,-0.025,1207.627034,0.075|0.387|0|0.613|0.0298748|20|3|225
47,dc,-0.017,1207.627034,0.075|0.387|0|0.613|0.0298748|20|3|225
47,dc,-0.012,1207.627034,0.075|0.387|0|0.613|0.0298748|20|3|225
47,dc,-0.008,1207.627034,0.075|0.387|0|0.613|0.0298748|20|3|225
47,dc,-0.004,1207.627034,0.075|0.387|0|0.613|0.0298748|20|3|225
47,dc,0.004,1207.627034,0.075|0.387|0|0.613|0.0298748|20|3|225
47,dc,0.008,1207.627034,0.075|0.387|0|0.613|0.0298748|20|3|225
47,dc,0.012,1207.627034,0.075|0.387|0|0.613|0.0298748|20|3|225
47,dc,0.017,1207.627034,0.075|0.387|0|0.613|0.0298748|20|3|225
47,dc,0.025,1207.627034,0.075|0.387|0|0.613|0.0298748|20|3|225
47,dc,0.04,1207.627034,0.075|0.387|0|0.613|0.0298748|20|3|225
47,dc,0.06,1207.627034,0.075|0.387|0|0.613|0.0298748|20|3|225
47,dc,0.1,1207.627034,0.075|0.387|0|0.613|0.0298748|20|3|225
47,dc,0.15,1207.627034,0.075|0.387|0|0.613|0.0298748|20|3|225
48,f0,0,2391.851852,0.127|0.22|2e-05|0.77998|0.028758|20|3|250
48,u,-2.5,11842.52429,0.127|0.22|2e-05|0.77998|0.028758|20|3|250
48,u,-1.5,10862.59538,0.127|0.22|2e-05|0.77998|0.028758|20|3|250
48,u,-1,10345.89738,0.127|0.22|2e-05|0.77998|0.028758|20|3|250
48,u,-0.7,9882.639713,0.127|0.22|2e-05|0.77998|0.028758|20|3|250
48,u,-0.5,9577.811241,0.127|0.22|2e-05|0.77998|0.028758|20|3|250
48,u,-0.35,4226.017873,0.127|0.22|2e-05|0.77998|0.028758|20|3|250
48,u,-0.25,1614.2108,0.127|0.22|2e-05|0.77998|0.028758|20|3|250
48,u,-0.2,1318.19193,0.127|0.22|2e-05|0.77998|0.028758|20|3|250
48,u,-0.15,1180.033585,0.127|0.22|2e-05|0.77998|0.028758|20|3|250
48,u,-0.1,1464.716781,0.127|0.22|2e-05|0.77998|0.028758|20|3|250
48,u,-0.075,1664.573456,0.127|0.22|2e-05|0.77998|0.028758|20|3|250
48,u,-0.05,1877.980807,0.127|0.22|2e-05|0.77998|0.028758|20|3|250
48,u,-0.03,2072.460622,0.127|0.22|2e-05|0.77998|0.028758|20|3|250
48,u,-0.02,2170.607992,0.127|0.22|2e-05|0.77998|0.028758|20|3|250
48,u,-0.01,2280.840887,0.127|0.22|2e-05|0.77998|0.028758|20|3|250
48,u,0.01,2503.413341,0.127|0.22|2e-05|0.77998|0.028758|20|3|250
48,u,0.02,2628.080738,0.127|0.22|2e-05|0.77998|0.028758|20|3|250
48,u,0.03,2753.513907,0.127|0.22|2e-05|0.77998|0.028758|20|3|250
48,u,0.05,3005.532188,0.127|0.22|2e-05|0.77998|0.028758|20|3|250
48,u,0.075,3356.831827,0.127|0.22|2e-05|0.77998|0.028758|20|3|250
48,u,0.1,3754.910408,0.127|0.22|2e-05|0.77998|0.028758|20|3|250
48,u,0.15,4650.3554,0.127|0.22|2e-05|0.77998|0.028758|20|3|250
48,u,0.2,,0.127|0.22|2e-05|0.77998|0.028758|20|3|250
48,u,0.25,,0.127|0.22|2e-05|0.77998|0.028758|20|3|250
48,u,0.35,,0.127|0.22|2e-05|0.77998|0.028758|20|3|250
48,u,0.5,,0.127|0.22|2e-05|0.77998|0.028758|20|3|250
48,u,0.7,,0.127|0.22|2e-05|0.77998|0.028758|20|3|250
48,u,1,,0.127|0.22|2e-05|0.77998|0.028758|20|3|250
48,u,1.5,,0.127|0.22|2e-05|0.77998|0.028758|20|3|250
48,v,-2.5,2547.275398,0.127|0.22|2e-05|0.77998|0.028758|20|3|250
48,v,-1.5,2457.008931,0.127|0.22|2e-05|0.77998|0.028758|20|3|250
48,v,-1,2428.551459,0.127|0.22|2e-05|0.77998|0.028758|20|3|250
48,v,-0.7,2415.152358,0.127|0.22|2e-05|0.77998|0.028758|20|3|250
48,v,-0.35,2402.283304,0.127|0.22|2e-05|0.77998|0.028758|20|3|250
48,v,-0.15,2396.055818,0.127|0.22|2e-05|0.77998|0.028758|20|3|250
48,v,-0.05,2393.211351,0.127|0.22|2e-05|0.77998|0.028758|20|3|250
48,v,0.05,2390.532533,0.127|0.22|2e-05|0.77998|0.028758|20|3|250
48,v,0.15,2388.009717,0.127|0.22|2e-05|0.77998|0.028758|20|3|250
48,v,0.35,2383.396281,0.127|0.22|2e-05|0.77998|0.028758|20|3|250
48,v,0.7,2376.542329,0.127|0.22|2e-05|0.77998|0.028758|20|3|250
48,v,1,2371.710681,0.127|0.22|2e-05|0.77998|0.028758|20|3|250
48,v,1.5,2365.36096,0.127|0.22|2e-05|0.77998|0.028758|20|3|250
48,d4,-2e-05,2391.800076,0.127|0.22|2e-05|0.77998|0.028758|20|3|250
48,d4,0.004,2414.442557,0.127|0.22|2e-05|0.77998|0.028758|20|3|250
48,d4,0.008,2425.012097,0.127|0.22|2e-05|0.77998|0.028758|20|3|250
48,d4,0.012,2448.037685,0.127|0.22|2e-05|0.77998|0.028758|20|3|250
48,d4,0.017,2461.613803,0.127|0.22|2e-05|0.77998|0.028758|20|3|250
48,d4,0.025,2496.293374,0.127|0.22|2e-05|0.77998|0.028758|20|3|250
48,d4,0.04,2565.010803,0.127|0.22|2e-05|0.77998|0.028758|20|3|250
48,d4,0.06,2652.298883,0.127|0.22|2e-05|0.77998|0.028758|20|3|250
48,d4,0.1,2813.817208,0.127|0.22|2e-05|0.77998|0.028758|20|3|250
48,d4,0.15,3020.777474,0.127|0.22|2e-05|0.77998|0.028758|20|3|250
48,dc,-0.15,2391.851852,0.127|0.22|2e-05|0.77998|0.028758|20|3|250
48,dc,-0.1,2391.851852,0.127|0.22|2e-05|0.77998|0.028758|20|3|250
48,dc,-0.06,2391.851852,0.127|0.22|2e-05|0.77998|0.028758|20|3|250
48,dc,-0.04,2391.851852,0.127|0.22|2e-05|0.77998|0.028758|20|3|250
48,dc,-0.025,2391.851852,0.127|0.22|2e-05|0.77998|0.028758|20|3|250
48,dc,-0.017,2391.851852,0.127|0.22|2e-05|0.77998|0.028758|20|3|250
48,dc,-0.012,2391.851852,0.127|0.22|2e-05|0.77998|0.028758|20|3|250
48,dc,-0.008,2391.851852,0.127|0.22|2e-05|0.77998|0.028758|20|3|250
48,dc,-0.004,2391.851852,0.127|0.22|2e-05|0.77998|0.028758|20|3|250
48,dc,0.004,2391.851852,0.127|0.22|2e-05|0.77998|0.028758|20|3|250
48,dc,0.008,2391.851852,0.127|0.22|2e-05|0.77998|0.028758|20|3|250
48,dc,0.012,2391.851852,0.127|0.22|2e-05|0.77998|0.028758|20|3|250
48,dc,0.017,2391.851852,0.127|0.22|2e-05|0.77998|0.028758|20|3|250
48,dc,0.025,2391.851852,0.127|0.22|2e-05|0.77998|0.028758|20|3|250
48,dc,0.04,2391.851852,0.127|0.22|2e-05|0.77998|0.028758|20|3|250
48,dc,0.06,2391.851852,0.127|0.22|2e-05|0.77998|0.028758|20|3|250
48,dc,0.1,2391.851852,0.127|0.22|2e-05|0.77998|0.028758|20|3|250
48,dc,0.15,2391.851852,0.127|0.22|2e-05|0.77998|0.028758|20|3|250
49,f0,0,1315.255629,0.105|0.255|0.0018|0.7432|0.0275589|20|3|250
49,u,-2.5,10089.92558,0.105|0.255|0.0018|0.7432|0.0275589|20|3|250
49,u,-1.5,9377.518972,0.105|0.255|0.0018|0.7432|0.0275589|20|3|250
49,u,-1,8943.652187,0.105|0.255|0.0018|0.7432|0.0275589|20|3|250
49,u,-0.7,8626.760072,0.105|0.255|0.0018|0.7432|0.0275589|20|3|250
49,u,-0.5,8368.443555,0.105|0.255|0.0018|0.7432|0.0275589|20|3|250
49,u,-0.35,8175.74072,0.105|0.255|0.0018|0.7432|0.0275589|20|3|250
49,u,-0.25,8019.653083,0.105|0.255|0.0018|0.7432|0.0275589|20|3|250
49,u,-0.2,7928.106269,0.105|0.255|0.0018|0.7432|0.0275589|20|3|250
49,u,-0.15,3705.337377,0.105|0.255|0.0018|0.7432|0.0275589|20|3|250
49,u,-0.1,2178.810843,0.105|0.255|0.0018|0.7432|0.0275589|20|3|250
49,u,-0.075,1821.072032,0.105|0.255|0.0018|0.7432|0.0275589|20|3|250
49,u,-0.05,1580.873584,0.105|0.255|0.0018|0.7432|0.0275589|20|3|250
49,u,-0.03,1453.878259,0.105|0.255|0.0018|0.7432|0.0275589|20|3|250
49,u,-0.02,1401.561317,0.105|0.255|0.0018|0.7432|0.0275589|20|3|250
49,u,-0.01,1362.338307,0.105|0.255|0.0018|0.7432|0.0275589|20|3|250
49,u,0.01,1289.476552,0.105|0.255|0.0018|0.7432|0.0275589|20|3|250
49,u,0.02,1255.566183,0.105|0.255|0.0018|0.7432|0.0275589|20|3|250
49,u,0.03,1232.036505,0.105|0.255|0.0018|0.7432|0.0275589|20|3|250
49,u,0.05,1204.535244,0.105|0.255|0.0018|0.7432|0.0275589|20|3|250
49,u,0.075,1363.560392,0.105|0.255|0.0018|0.7432|0.0275589|20|3|250
49,u,0.1,1552.463962,0.105|0.255|0.0018|0.7432|0.0275589|20|3|250
49,u,0.15,1980.380987,0.105|0.255|0.0018|0.7432|0.0275589|20|3|250
49,u,0.2,2510.233033,0.105|0.255|0.0018|0.7432|0.0275589|20|3|250
49,u,0.25,3154.276065,0.105|0.255|0.0018|0.7432|0.0275589|20|3|250
49,u,0.35,,0.105|0.255|0.0018|0.7432|0.0275589|20|3|250
49,u,0.5,,0.105|0.255|0.0018|0.7432|0.0275589|20|3|250
49,u,0.7,,0.105|0.255|0.0018|0.7432|0.0275589|20|3|250
49,u,1,,0.105|0.255|0.0018|0.7432|0.0275589|20|3|250
49,u,1.5,,0.105|0.255|0.0018|0.7432|0.0275589|20|3|250
49,v,-2.5,1474.702093,0.105|0.255|0.0018|0.7432|0.0275589|20|3|250
49,v,-1.5,1382.099207,0.105|0.255|0.0018|0.7432|0.0275589|20|3|250
49,v,-1,1352.905153,0.105|0.255|0.0018|0.7432|0.0275589|20|3|250
49,v,-0.7,1339.159235,0.105|0.255|0.0018|0.7432|0.0275589|20|3|250
49,v,-0.35,1325.957084,0.105|0.255|0.0018|0.7432|0.0275589|20|3|250
49,v,-0.15,1319.568408,0.105|0.255|0.0018|0.7432|0.0275589|20|3|250
49,v,-0.05,1316.650316,0.105|0.255|0.0018|0.7432|0.0275589|20|3|250
49,v,0.05,1313.902161,0.105|0.255|0.0018|0.7432|0.0275589|20|3|250
49,v,0.15,1311.314045,0.105|0.255|0.0018|0.7432|0.0275589|20|3|250
49,v,0.35,1306.581198,0.105|0.255|0.0018|0.7432|0.0275589|20|3|250
49,v,0.7,1299.54984,0.105|0.255|0.0018|0.7432|0.0275589|20|3|250
49,v,1,1294.593132,0.105|0.255|0.0018|0.7432|0.0275589|20|3|250
49,v,1.5,1288.079058,0.105|0.255|0.0018|0.7432|0.0275589|20|3|250
49,d4,-0.0018,1283.673201,0.105|0.255|0.0018|0.7432|0.0275589|20|3|250
49,d4,0.004,1401.343262,0.105|0.255|0.0018|0.7432|0.0275589|20|3|250
49,d4,0.008,1470.64249,0.105|0.255|0.0018|0.7432|0.0275589|20|3|250
49,d4,0.012,1542.927485,0.105|0.255|0.0018|0.7432|0.0275589|20|3|250
49,d4,0.017,1620.250254,0.105|0.255|0.0018|0.7432|0.0275589|20|3|250
49,d4,0.025,1756.537584,0.105|0.255|0.0018|0.7432|0.0275589|20|3|250
49,d4,0.04,1974.945086,0.105|0.255|0.0018|0.7432|0.0275589|20|3|250
49,d4,0.06,2266.799999,0.105|0.255|0.0018|0.7432|0.0275589|20|3|250
49,d4,0.1,2854.061588,0.105|0.255|0.0018|0.7432|0.0275589|20|3|250
49,d4,0.15,3656.208098,0.105|0.255|0.0018|0.7432|0.0275589|20|3|250
49,dc,-0.15,1315.255629,0.105|0.255|0.0018|0.7432|0.0275589|20|3|250
49,dc,-0.1,1315.255629,0.105|0.255|0.0018|0.7432|0.0275589|20|3|250
49,dc,-0.06,1315.255629,0.105|0.255|0.0018|0.7432|0.0275589|20|3|250
49,dc,-0.04,1315.255629,0.105|0.255|0.0018|0.7432|0.0275589|20|3|250
49,dc,-0.025,1315.255629,0.105|0.255|0.0018|0.7432|0.0275589|20|3|250
49,dc,-0.017,1315.255629,0.105|0.255|0.0018|0.7432|0.0275589|20|3|250
49,dc,-0.012,1315.255629,0.105|0.255|0.0018|0.7432|0.0275589|20|3|250
49,dc,-0.008,1315.255629,0.105|0.255|0.0018|0.7432|0.0275589|20|3|250
49,dc,-0.004,1315.255629,0.105|0.255|0.0018|0.7432|0.0275589|20|3|250
49,dc,0.004,1315.255629,0.105|0.255|0.0018|0.7432|0.0275589|20|3|250
49,dc,0.008,1315.255629,0.105|0.255|0.0018|0.7432|0.0275589|20|3|250
49,dc,0.012,1315.255629,0.105|0.255|0.0018|0.7432|0.0275589|20|3|250
49,dc,0.017,1315.255629,0.105|0.255|0.0018|0.7432|0.0275589|20|3|250
49,dc,0.025,1315.255629,0.105|0.255|0.0018|0.7432|0.0275589|20|3|250
49,dc,0.04,1315.255629,0.105|0.255|0.0018|0.7432|0.0275589|20|3|250
49,dc,0.06,1315.255629,0.105|0.255|0.0018|0.7432|0.0275589|20|3|250
49,dc,0.1,1315.255629,0.105|0.255|0.0018|0.7432|0.0275589|20|3|250
49,dc,0.15,1315.255629,0.105|0.255|0.0018|0.7432|0.0275589|20|3|250
50,f0,0,4834.933483,0.061|0.402|5e-05|0.59795|0.02524|20|3|225
50,u,-2.5,6029.057305,0.061|0.402|5e-05|0.59795|0.02524|20|3|225
50,u,-1.5,5515.723969,0.061|0.402|5e-05|0.59795|0.02524|20|3|225
50,u,-1,5337.587614,0.061|0.402|5e-05|0.59795|0.02524|20|3|225
50,u,-0.7,5194.570663,0.061|0.402|5e-05|0.59795|0.02524|20|3|225
50,u,-0.5,5122.987089,0.061|0.402|5e-05|0.59795|0.02524|20|3|225
50,u,-0.35,5048.322147,0.061|0.402|5e-05|0.59795|0.02524|20|3|225
50,u,-0.25,4990.608468,0.061|0.402|5e-05|0.59795|0.02524|20|3|225
50,u,-0.2,4952.002518,0.061|0.402|5e-05|0.59795|0.02524|20|3|225
50,u,-0.15,4941.766108,0.061|0.402|5e-05|0.59795|0.02524|20|3|225
50,u,-0.1,4890.904672,0.061|0.402|5e-05|0.59795|0.02524|20|3|225
50,u,-0.075,4895.244861,0.061|0.402|5e-05|0.59795|0.02524|20|3|225
50,u,-0.05,4866.355344,0.061|0.402|5e-05|0.59795|0.02524|20|3|225
50,u,-0.03,4854.570205,0.061|0.402|5e-05|0.59795|0.02524|20|3|225
50,u,-0.02,4848.280141,0.061|0.402|5e-05|0.59795|0.02524|20|3|225
50,u,-0.01,4841.732699,0.061|0.402|5e-05|0.59795|0.02524|20|3|225
50,u,0.01,4827.888012,0.061|0.402|5e-05|0.59795|0.02524|20|3|225
50,u,0.02,4724.626525,0.061|0.402|5e-05|0.59795|0.02524|20|3|225
50,u,0.03,3899.594884,0.061|0.402|5e-05|0.59795|0.02524|20|3|225
50,u,0.05,2924.688372,0.061|0.402|5e-05|0.59795|0.02524|20|3|225
50,u,0.075,2210.411696,0.061|0.402|5e-05|0.59795|0.02524|20|3|225
50,u,0.1,1801.480944,0.061|0.402|5e-05|0.59795|0.02524|20|3|225
50,u,0.15,1402.244866,0.061|0.402|5e-05|0.59795|0.02524|20|3|225
50,u,0.2,1228.467526,0.061|0.402|5e-05|0.59795|0.02524|20|3|225
50,u,0.25,1145.432573,0.061|0.402|5e-05|0.59795|0.02524|20|3|225
50,u,0.35,1052.10415,0.061|0.402|5e-05|0.59795|0.02524|20|3|225
50,u,0.5,997.2104732,0.061|0.402|5e-05|0.59795|0.02524|20|3|225
50,u,0.7,963.5711479,0.061|0.402|5e-05|0.59795|0.02524|20|3|225
50,u,1,3018.001216,0.061|0.402|5e-05|0.59795|0.02524|20|3|225
50,u,1.5,,0.061|0.402|5e-05|0.59795|0.02524|20|3|225
50,v,-2.5,5003.014401,0.061|0.402|5e-05|0.59795|0.02524|20|3|225
50,v,-1.5,4905.39682,0.061|0.402|5e-05|0.59795|0.02524|20|3|225
50,v,-1,4874.62183,0.061|0.402|5e-05|0.59795|0.02524|20|3|225
50,v,-0.7,4860.131534,0.061|0.402|5e-05|0.59795|0.02524|20|3|225
50,v,-0.35,4846.214451,0.061|0.402|5e-05|0.59795|0.02524|20|3|225
50,v,-0.15,4839.479811,0.061|0.402|5e-05|0.59795|0.02524|20|3|225
50,v,-0.05,4836.403697,0.061|0.402|5e-05|0.59795|0.02524|20|3|225
50,v,0.05,4833.506721,0.061|0.402|5e-05|0.59795|0.02524|20|3|225
50,v,0.15,4830.778453,0.061|0.402|5e-05|0.59795|0.02524|20|3|225
50,v,0.35,4825.789308,0.061|0.402|5e-05|0.59795|0.02524|20|3|225
50,v,0.7,4818.377184,0.061|0.402|5e-05|0.59795|0.02524|20|3|225
50,v,1,4813.152057,0.061|0.402|5e-05|0.59795|0.02524|20|3|225
50,v,1.5,4806.285228,0.061|0.402|5e-05|0.59795|0.02524|20|3|225
50,d4,-5e-05,4834.331358,0.061|0.402|5e-05|0.59795|0.02524|20|3|225
50,d4,0.004,4912.943883,0.061|0.402|5e-05|0.59795|0.02524|20|3|225
50,d4,0.008,4992.521294,0.061|0.402|5e-05|0.59795|0.02524|20|3|225
50,d4,0.012,5043.772282,0.061|0.402|5e-05|0.59795|0.02524|20|3|225
50,d4,0.017,5139.649629,0.061|0.402|5e-05|0.59795|0.02524|20|3|225
50,d4,0.025,5310.674353,0.061|0.402|5e-05|0.59795|0.02524|20|3|225
50,d4,0.04,5595.14672,0.061|0.402|5e-05|0.59795|0.02524|20|3|225
50,d4,0.06,6058.366206,0.061|0.402|5e-05|0.59795|0.02524|20|3|225
50,d4,0.1,7090.289937,0.061|0.402|5e-05|0.59795|0.02524|20|3|225
50,d4,0.15,8860.445863,0.061|0.402|5e-05|0.59795|0.02524|20|3|225
50,dc,-0.15,3123.062934,0.061|0.402|5e-05|0.59795|0.02524|20|3|225
50,dc,-0.1,3588.065701,0.061|0.402|5e-05|0.59795|0.02524|20|3|225
50,dc,-0.06,4027.275528,0.061|0.402|5e-05|0.59795|0.02524|20|3|225
50,dc,-0.04,4289.821338,0.061|0.402|5e-05|0.59795|0.02524|20|3|225
50,dc,-0.025,4475.466581,0.061|0.402|5e-05|0.59795|0.02524|20|3|225
50,dc,-0.017,4605.91985,0.061|0.402|5e-05|0.59795|0.02524|20|3|225
50,dc,-0.012,4654.729973,0.061|0.402|5e-05|0.59795|0.02524|20|3|225
50,dc,-0.008,4723.12864,0.061|0.402|5e-05|0.59795|0.02524|20|3|225
50,dc,-0.004,4792.871736,0.061|0.402|5e-05|0.59795|0.02524|20|3|225
50,dc,0.004,4907.195013,0.061|0.402|5e-05|0.59795|0.02524|20|3|225
50,dc,0.008,4980.920083,0.061|0.402|5e-05|0.59795|0.02524|20|3|225
50,dc,0.012,5026.191926,0.061|0.402|5e-05|0.59795|0.02524|20|3|225
50,dc,0.017,5114.44948,0.061|0.402|5e-05|0.59795|0.02524|20|3|225
50,dc,0.025,5272.915471,0.061|0.402|5e-05|0.59795|0.02524|20|3|225
50,dc,0.04,5532.372966,0.061|0.402|5e-05|0.59795|0.02524|20|3|225
50,dc,0.06,5924.982644,0.061|0.402|5e-05|0.59795|0.02524|20|3|225
50,dc,0.1,6904.33159,0.061|0.402|5e-05|0.59795|0.02524|20|3|225
50,dc,0.15,7523.759846,0.061|0.402|5e-05|0.59795|0.02524|20|3|225
51,f0,0,1900.351679,0.121|0.2|0.0002|0.7998|0.0249085|20|3|250
51,u,-2.5,13128.69658,0.121|0.2|0.0002|0.7998|0.0249085|20|3|250
51,u,-1.5,12241.65527,0.121|0.2|0.0002|0.7998|0.0249085|20|3|250
51,u,-1,11544.87995,0.121|0.2|0.0002|0.7998|0.0249085|20|3|250
51,u,-0.7,11080.12547,0.121|0.2|0.0002|0.7998|0.0249085|20|3|250
51,u,-0.5,10717.82973,0.121|0.2|0.0002|0.7998|0.0249085|20|3|250
51,u,-0.35,10430.10623,0.121|0.2|0.0002|0.7998|0.0249085|20|3|250
51,u,-0.25,2280.798056,0.121|0.2|0.0002|0.7998|0.0249085|20|3|250
51,u,-0.2,1616.412739,0.121|0.2|0.0002|0.7998|0.0249085|20|3|250
51,u,-0.15,1321.366114,0.121|0.2|0.0002|0.7998|0.0249085|20|3|250
51,u,-0.1,1183.577365,0.121|0.2|0.0002|0.7998|0.0249085|20|3|250
51,u,-0.075,1307.806257,0.121|0.2|0.0002|0.7998|0.0249085|20|3|250
51,u,-0.05,1486.008358,0.121|0.2|0.0002|0.7998|0.0249085|20|3|250
51,u,-0.03,1644.097218,0.121|0.2|0.0002|0.7998|0.0249085|20|3|250
51,u,-0.02,1728.958059,0.121|0.2|0.0002|0.7998|0.0249085|20|3|250
51,u,-0.01,1814.423945,0.121|0.2|0.0002|0.7998|0.0249085|20|3|250
51,u,0.01,1997.446578,0.121|0.2|0.0002|0.7998|0.0249085|20|3|250
51,u,0.02,2095.23755,0.121|0.2|0.0002|0.7998|0.0249085|20|3|250
51,u,0.03,2193.54189,0.121|0.2|0.0002|0.7998|0.0249085|20|3|250
51,u,0.05,2415.120721,0.121|0.2|0.0002|0.7998|0.0249085|20|3|250
51,u,0.075,2707.747689,0.121|0.2|0.0002|0.7998|0.0249085|20|3|250
51,u,0.1,3029.159868,0.121|0.2|0.0002|0.7998|0.0249085|20|3|250
51,u,0.15,3778.075125,0.121|0.2|0.0002|0.7998|0.0249085|20|3|250
51,u,0.2,,0.121|0.2|0.0002|0.7998|0.0249085|20|3|250
51,u,0.25,,0.121|0.2|0.0002|0.7998|0.0249085|20|3|250
51,u,0.35,,0.121|0.2|0.0002|0.7998|0.0249085|20|3|250
51,u,0.5,,0.121|0.2|0.0002|0.7998|0.0249085|20|3|250
51,u,0.7,,0.121|0.2|0.0002|0.7998|0.0249085|20|3|250
51,u,1,,0.121|0.2|0.0002|0.7998|0.0249085|20|3|250
51,u,1.5,,0.121|0.2|0.0002|0.7998|0.0249085|20|3|250
51,v,-2.5,2069.77121,0.121|0.2|0.0002|0.7998|0.0249085|20|3|250
51,v,-1.5,1971.376193,0.121|0.2|0.0002|0.7998|0.0249085|20|3|250
51,v,-1,1940.356107,0.121|0.2|0.0002|0.7998|0.0249085|20|3|250
51,v,-0.7,1925.750409,0.121|0.2|0.0002|0.7998|0.0249085|20|3|250
51,v,-0.35,1911.72249,0.121|0.2|0.0002|0.7998|0.0249085|20|3|250
51,v,-0.15,1904.934214,0.121|0.2|0.0002|0.7998|0.0249085|20|3|250
51,v,-0.05,1901.833601,0.121|0.2|0.0002|0.7998|0.0249085|20|3|250
51,v,0.05,1898.913554,0.121|0.2|0.0002|0.7998|0.0249085|20|3|250
51,v,0.15,1896.163557,0.121|0.2|0.0002|0.7998|0.0249085|20|3|250
51,v,0.35,1891.134679,0.121|0.2|0.0002|0.7998|0.0249085|20|3|250
51,v,0.7,1883.663524,0.121|0.2|0.0002|0.7998|0.0249085|20|3|250
51,v,1,1878.396783,0.121|0.2|0.0002|0.7998|0.0249085|20|3|250
51,v,1.5,1871.475266,0.121|0.2|0.0002|0.7998|0.0249085|20|3|250
51,d4,-0.0002,1899.933538,0.121|0.2|0.0002|0.7998|0.0249085|20|3|250
51,d4,0.004,1919.407507,0.121|0.2|0.0002|0.7998|0.0249085|20|3|250
51,d4,0.008,1938.689378,0.121|0.2|0.0002|0.7998|0.0249085|20|3|250
51,d4,0.012,1947.349267,0.121|0.2|0.0002|0.7998|0.0249085|20|3|250
51,d4,0.017,1969.203697,0.121|0.2|0.0002|0.7998|0.0249085|20|3|250
51,d4,0.025,1998.15223,0.121|0.2|0.0002|0.7998|0.0249085|20|3|250
51,d4,0.04,2055.515916,0.121|0.2|0.0002|0.7998|0.0249085|20|3|250
51,d4,0.06,2127.82273,0.121|0.2|0.0002|0.7998|0.0249085|20|3|250
51,d4,0.1,2284.686167,0.121|0.2|0.0002|0.7998|0.0249085|20|3|250
51,d4,0.15,2564.022863,0.121|0.2|0.0002|0.7998|0.0249085|20|3|250
51,dc,-0.15,1900.351679,0.121|0.2|0.0002|0.7998|0.0249085|20|3|250
51,dc,-0.1,1900.351679,0.121|0.2|0.0002|0.7998|0.0249085|20|3|250
51,dc,-0.06,1900.351679,0.121|0.2|0.0002|0.7998|0.0249085|20|3|250
51,dc,-0.04,1900.351679,0.121|0.2|0.0002|0.7998|0.0249085|20|3|250
51,dc,-0.025,1900.351679,0.121|0.2|0.0002|0.7998|0.0249085|20|3|250
51,dc,-0.017,1900.351679,0.121|0.2|0.0002|0.7998|0.0249085|20|3|250
51,dc,-0.012,1900.351679,0.121|0.2|0.0002|0.7998|0.0249085|20|3|250
51,dc,-0.008,1900.351679,0.121|0.2|0.0002|0.7998|0.0249085|20|3|250
51,dc,-0.004,1900.351679,0.121|0.2|0.0002|0.7998|0.0249085|20|3|250
51,dc,0.004,1900.351679,0.121|0.2|0.0002|0.7998|0.0249085|20|3|250
51,dc,0.008,1900.351679,0.121|0.2|0.0002|0.7998|0.0249085|20|3|250
51,dc,0.012,1900.351679,0.121|0.2|0.0002|0.7998|0.0249085|20|3|250
51,dc,0.017,1900.351679,0.121|0.2|0.0002|0.7998|0.0249085|20|3|250
51,dc,0.025,1900.351679,0.121|0.2|0.0002|0.7998|0.0249085|20|3|250
51,dc,0.04,1900.351679,0.121|0.2|0.0002|0.7998|0.0249085|20|3|250
51,dc,0.06,1900.351679,0.121|0.2|0.0002|0.7998|0.0249085|20|3|250
51,dc,0.1,1900.351679,0.121|0.2|0.0002|0.7998|0.0249085|20|3|250
51,dc,0.15,1900.351679,0.121|0.2|0.0002|0.7998|0.0249085|20|3|250
52,f0,0,1386.455257,0.071|0.335|0.0001|0.6649|0.0244814|20|3|225
52,u,-2.5,7456.78855,0.071|0.335|0.0001|0.6649|0.0244814|20|3|225
52,u,-1.5,6897.856274,0.071|0.335|0.0001|0.6649|0.0244814|20|3|225
52,u,-1,6689.728526,0.071|0.335|0.0001|0.6649|0.0244814|20|3|225
52,u,-0.7,6501.162271,0.071|0.335|0.0001|0.6649|0.0244814|20|3|225
52,u,-0.5,6332.877594,0.071|0.335|0.0001|0.6649|0.0244814|20|3|225
52,u,-0.35,6247.450196,0.071|0.335|0.0001|0.6649|0.0244814|20|3|225
52,u,-0.25,6171.923562,0.071|0.335|0.0001|0.6649|0.0244814|20|3|225
52,u,-0.2,6121.634726,0.071|0.335|0.0001|0.6649|0.0244814|20|3|225
52,u,-0.15,6098.996626,0.071|0.335|0.0001|0.6649|0.0244814|20|3|225
52,u,-0.1,2839.593259,0.071|0.335|0.0001|0.6649|0.0244814|20|3|225
52,u,-0.075,2153.766535,0.071|0.335|0.0001|0.6649|0.0244814|20|3|225
52,u,-0.05,1778.865045,0.071|0.335|0.0001|0.6649|0.0244814|20|3|225
52,u,-0.03,1579.657877,0.071|0.335|0.0001|0.6649|0.0244814|20|3|225
52,u,-0.02,1499.896468,0.071|0.335|0.0001|0.6649|0.0244814|20|3|225
52,u,-0.01,1441.49861,0.071|0.335|0.0001|0.6649|0.0244814|20|3|225
52,u,0.01,1349.115874,0.071|0.335|0.0001|0.6649|0.0244814|20|3|225
52,u,0.02,1313.470522,0.071|0.335|0.0001|0.6649|0.0244814|20|3|225
52,u,0.03,1279.400033,0.071|0.335|0.0001|0.6649|0.0244814|20|3|225
52,u,0.05,1228.537031,0.071|0.335|0.0001|0.6649|0.0244814|20|3|225
52,u,0.075,1179.322032,0.071|0.335|0.0001|0.6649|0.0244814|20|3|225
52,u,0.1,1134.111124,0.071|0.335|0.0001|0.6649|0.0244814|20|3|225
52,u,0.15,1085.49541,0.071|0.335|0.0001|0.6649|0.0244814|20|3|225
52,u,0.2,1052.645772,0.071|0.335|0.0001|0.6649|0.0244814|20|3|225
52,u,0.25,1032.541494,0.071|0.335|0.0001|0.6649|0.0244814|20|3|225
52,u,0.35,997.8800464,0.071|0.335|0.0001|0.6649|0.0244814|20|3|225
52,u,0.5,970.1564152,0.071|0.335|0.0001|0.6649|0.0244814|20|3|225
52,u,0.7,989.6399337,0.071|0.335|0.0001|0.6649|0.0244814|20|3|225
52,u,1,,0.071|0.335|0.0001|0.6649|0.0244814|20|3|225
52,u,1.5,,0.071|0.335|0.0001|0.6649|0.0244814|20|3|225
52,v,-2.5,1557.642056,0.071|0.335|0.0001|0.6649|0.0244814|20|3|225
52,v,-1.5,1458.22065,0.071|0.335|0.0001|0.6649|0.0244814|20|3|225
52,v,-1,1426.876984,0.071|0.335|0.0001|0.6649|0.0244814|20|3|225
52,v,-0.7,1412.11893,0.071|0.335|0.0001|0.6649|0.0244814|20|3|225
52,v,-0.35,1397.94468,0.071|0.335|0.0001|0.6649|0.0244814|20|3|225
52,v,-0.15,1391.085594,0.071|0.335|0.0001|0.6649|0.0244814|20|3|225
52,v,-0.05,1387.952638,0.071|0.335|0.0001|0.6649|0.0244814|20|3|225
52,v,0.05,1385.002131,0.071|0.335|0.0001|0.6649|0.0244814|20|3|225
52,v,0.15,1382.223448,0.071|0.335|0.0001|0.6649|0.0244814|20|3|225
52,v,0.35,1377.142112,0.071|0.335|0.0001|0.6649|0.0244814|20|3|225
52,v,0.7,1369.593023,0.071|0.335|0.0001|0.6649|0.0244814|20|3|225
52,v,1,1364.271343,0.071|0.335|0.0001|0.6649|0.0244814|20|3|225
52,v,1.5,1357.277626,0.071|0.335|0.0001|0.6649|0.0244814|20|3|225
52,d4,-0.0001,1386.298768,0.071|0.335|0.0001|0.6649|0.0244814|20|3|225
52,d4,0.004,1487.029927,0.071|0.335|0.0001|0.6649|0.0244814|20|3|225
52,d4,0.008,1576.662837,0.071|0.335|0.0001|0.6649|0.0244814|20|3|225
52,d4,0.012,1671.003636,0.071|0.335|0.0001|0.6649|0.0244814|20|3|225
52,d4,0.017,1791.36782,0.071|0.335|0.0001|0.6649|0.0244814|20|3|225
52,d4,0.025,1946.989123,0.071|0.335|0.0001|0.6649|0.0244814|20|3|225
52,d4,0.04,2249.031134,0.071|0.335|0.0001|0.6649|0.0244814|20|3|225
52,d4,0.06,2644.530655,0.071|0.335|0.0001|0.6649|0.0244814|20|3|225
52,d4,0.1,3420.698177,0.071|0.335|0.0001|0.6649|0.0244814|20|3|225
52,d4,0.15,4566.907249,0.071|0.335|0.0001|0.6649|0.0244814|20|3|225
52,dc,-0.15,1386.455257,0.071|0.335|0.0001|0.6649|0.0244814|20|3|225
52,dc,-0.1,1386.455257,0.071|0.335|0.0001|0.6649|0.0244814|20|3|225
52,dc,-0.06,1386.455257,0.071|0.335|0.0001|0.6649|0.0244814|20|3|225
52,dc,-0.04,1386.455257,0.071|0.335|0.0001|0.6649|0.0244814|20|3|225
52,dc,-0.025,1386.455257,0.071|0.335|0.0001|0.6649|0.0244814|20|3|225
52,dc,-0.017,1386.455257,0.071|0.335|0.0001|0.6649|0.0244814|20|3|225
52,dc,-0.012,1386.455257,0.071|0.335|0.0001|0.6649|0.0244814|20|3|225
52,dc,-0.008,1386.455257,0.071|0.335|0.0001|0.6649|0.0244814|20|3|225
52,dc,-0.004,1386.455257,0.071|0.335|0.0001|0.6649|0.0244814|20|3|225
52,dc,0.004,1386.455257,0.071|0.335|0.0001|0.6649|0.0244814|20|3|225
52,dc,0.008,1386.455257,0.071|0.335|0.0001|0.6649|0.0244814|20|3|225
52,dc,0.012,1386.455257,0.071|0.335|0.0001|0.6649|0.0244814|20|3|225
52,dc,0.017,1386.455257,0.071|0.335|0.0001|0.6649|0.0244814|20|3|225
52,dc,0.025,1386.455257,0.071|0.335|0.0001|0.6649|0.0244814|20|3|225
52,dc,0.04,1386.455257,0.071|0.335|0.0001|0.6649|0.0244814|20|3|225
52,dc,0.06,1386.455257,0.071|0.335|0.0001|0.6649|0.0244814|20|3|225
52,dc,0.1,1386.455257,0.071|0.335|0.0001|0.6649|0.0244814|20|3|225
52,dc,0.15,1386.455257,0.071|0.335|0.0001|0.6649|0.0244814|20|3|225
53,f0,0,2061.58276,0.123|0.181|0|0.819|0.0229148|20|3|250
53,u,-2.5,14637.79997,0.123|0.181|0|0.819|0.0229148|20|3|250
53,u,-1.5,13568.05209,0.123|0.181|0|0.819|0.0229148|20|3|250
53,u,-1,12871.12031,0.123|0.181|0|0.819|0.0229148|20|3|250
53,u,-0.7,12338.27692,0.123|0.181|0|0.819|0.0229148|20|3|250
53,u,-0.5,11937.29525,0.123|0.181|0|0.819|0.0229148|20|3|250
53,u,-0.35,8236.272012,0.123|0.181|0|0.819|0.0229148|20|3|250
53,u,-0.25,1999.076927,0.123|0.181|0|0.819|0.0229148|20|3|250
53,u,-0.2,1490.567096,0.123|0.181|0|0.819|0.0229148|20|3|250
53,u,-0.15,1265.187181,0.123|0.181|0|0.819|0.0229148|20|3|250
53,u,-0.1,1254.442005,0.123|0.181|0|0.819|0.0229148|20|3|250
53,u,-0.075,1422.597041,0.123|0.181|0|0.819|0.0229148|20|3|250
53,u,-0.05,1611.991912,0.123|0.181|0|0.819|0.0229148|20|3|250
53,u,-0.03,1781.622074,0.123|0.181|0|0.819|0.0229148|20|3|250
53,u,-0.02,1867.281289,0.123|0.181|0|0.819|0.0229148|20|3|250
53,u,-0.01,1964.052117,0.123|0.181|0|0.819|0.0229148|20|3|250
53,u,0.01,2159.693982,0.123|0.181|0|0.819|0.0229148|20|3|250
53,u,0.02,2269.882618,0.123|0.181|0|0.819|0.0229148|20|3|250
53,u,0.03,2380.891568,0.123|0.181|0|0.819|0.0229148|20|3|250
53,u,0.05,2604.456086,0.123|0.181|0|0.819|0.0229148|20|3|250
53,u,0.075,2925.094173,0.123|0.181|0|0.819|0.0229148|20|3|250
53,u,0.1,3261.89048,0.123|0.181|0|0.819|0.0229148|20|3|250
53,u,0.15,4058.346239,0.123|0.181|0|0.819|0.0229148|20|3|250
53,u,0.2,,0.123|0.181|0|0.819|0.0229148|20|3|250
53,u,0.25,,0.123|0.181|0|0.819|0.0229148|20|3|250
53,u,0.35,,0.123|0.181|0|0.819|0.0229148|20|3|250
53,u,0.5,,0.123|0.181|0|0.819|0.0229148|20|3|250
53,u,0.7,,0.123|0.181|0|0.819|0.0229148|20|3|250
53,u,1,,0.123|0.181|0|0.819|0.0229148|20|3|250
53,u,1.5,,0.123|0.181|0|0.819|0.0229148|20|3|250
53,v,-2.5,2239.698532,0.123|0.181|0|0.819|0.0229148|20|3|250
53,v,-1.5,2136.252936,0.123|0.181|0|0.819|0.0229148|20|3|250
53,v,-1,2103.640601,0.123|0.181|0|0.819|0.0229148|20|3|250
53,v,-0.7,2088.285198,0.123|0.181|0|0.819|0.0229148|20|3|250
53,v,-0.35,2073.53723,0.123|0.181|0|0.819|0.0229148|20|3|250
53,v,-0.15,2066.400515,0.123|0.181|0|0.819|0.0229148|20|3|250
53,v,-0.05,2063.140749,0.123|0.181|0|0.819|0.0229148|20|3|250
53,v,0.05,2060.070817,0.123|0.181|0|0.819|0.0229148|20|3|250
53,v,0.15,2057.179663,0.123|0.181|0|0.819|0.0229148|20|3|250
53,v,0.35,2051.892655,0.123|0.181|0|0.819|0.0229148|20|3|250
53,v,0.7,2044.038008,0.123|0.181|0|0.819|0.0229148|20|3|250
53,v,1,2038.500928,0.123|0.181|0|0.819|0.0229148|20|3|250
53,v,1.5,2031.224132,0.123|0.181|0|0.819|0.0229148|20|3|250
53,d4,0.004,2081.784781,0.123|0.181|0|0.819|0.0229148|20|3|250
53,d4,0.008,2090.978075,0.123|0.181|0|0.819|0.0229148|20|3|250
53,d4,0.012,2111.560169,0.123|0.181|0|0.819|0.0229148|20|3|250
53,d4,0.017,2134.773494,0.123|0.181|0|0.819|0.0229148|20|3|250
53,d4,0.025,2165.633705,0.123|0.181|0|0.819|0.0229148|20|3|250
53,d4,0.04,2214.888009,0.123|0.181|0|0.819|0.0229148|20|3|250
53,d4,0.06,2304.066541,0.123|0.181|0|0.819|0.0229148|20|3|250
53,d4,0.1,2445.600628,0.123|0.181|0|0.819|0.0229148|20|3|250
53,d4,0.15,2639.06488,0.123|0.181|0|0.819|0.0229148|20|3|250
53,dc,-0.15,2061.58276,0.123|0.181|0|0.819|0.0229148|20|3|250
53,dc,-0.1,2061.58276,0.123|0.181|0|0.819|0.0229148|20|3|250
53,dc,-0.06,2061.58276,0.123|0.181|0|0.819|0.0229148|20|3|250
53,dc,-0.04,2061.58276,0.123|0.181|0|0.819|0.0229148|20|3|250
53,dc,-0.025,2061.58276,0.123|0.181|0|0.819|0.0229148|20|3|250
53,dc,-0.017,2061.58276,0.123|0.181|0|0.819|0.0229148|20|3|250
53,dc,-0.012,2061.58276,0.123|0.181|0|0.819|0.0229148|20|3|250
53,dc,-0.008,2061.58276,0.123|0.181|0|0.819|0.0229148|20|3|250
53,dc,-0.004,2061.58276,0.123|0.181|0|0.819|0.0229148|20|3|250
53,dc,0.004,2061.58276,0.123|0.181|0|0.819|0.0229148|20|3|250
53,dc,0.008,2061.58276,0.123|0.181|0|0.819|0.0229148|20|3|250
53,dc,0.012,2061.58276,0.123|0.181|0|0.819|0.0229148|20|3|250
53,dc,0.017,2061.58276,0.123|0.181|0|0.819|0.0229148|20|3|250
53,dc,0.025,2061.58276,0.123|0.181|0|0.819|0.0229148|20|3|250
53,dc,0.04,2061.58276,0.123|0.181|0|0.819|0.0229148|20|3|250
53,dc,0.06,2061.58276,0.123|0.181|0|0.819|0.0229148|20|3|250
53,dc,0.1,2061.58276,0.123|0.181|0|0.819|0.0229148|20|3|250
53,dc,0.15,2061.58276,0.123|0.181|0|0.819|0.0229148|20|3|250
54,f0,0,2591.417384,0.033|0.641|0|0.359|0.0217723|20|3|200
54,u,-2.5,3916.768839,0.033|0.641|0|0.359|0.0217723|20|3|200
54,u,-1.5,2929.435513,0.033|0.641|0|0.359|0.0217723|20|3|200
54,u,-1,2774.613861,0.033|0.641|0|0.359|0.0217723|20|3|200
54,u,-0.7,2755.108031,0.033|0.641|0|0.359|0.0217723|20|3|200
54,u,-0.5,2678.262411,0.033|0.641|0|0.359|0.0217723|20|3|200
54,u,-0.35,2649.731765,0.033|0.641|0|0.359|0.0217723|20|3|200
54,u,-0.25,2631.328233,0.033|0.641|0|0.359|0.0217723|20|3|200
54,u,-0.2,2638.746076,0.033|0.641|0|0.359|0.0217723|20|3|200
54,u,-0.15,2641.488281,0.033|0.641|0|0.359|0.0217723|20|3|200
54,u,-0.1,2639.986643,0.033|0.641|0|0.359|0.0217723|20|3|200
54,u,-0.075,2600.618356,0.033|0.641|0|0.359|0.0217723|20|3|200
54,u,-0.05,2598.426939,0.033|0.641|0|0.359|0.0217723|20|3|200
54,u,-0.03,2603.127242,0.033|0.641|0|0.359|0.0217723|20|3|200
54,u,-0.02,2622.722836,0.033|0.641|0|0.359|0.0217723|20|3|200
54,u,-0.01,2606.992967,0.033|0.641|0|0.359|0.0217723|20|3|200
54,u,0.01,2610.054831,0.033|0.641|0|0.359|0.0217723|20|3|200
54,u,0.02,2594.437636,0.033|0.641|0|0.359|0.0217723|20|3|200
54,u,0.03,2612.342669,0.033|0.641|0|0.359|0.0217723|20|3|200
54,u,0.05,2581.193942,0.033|0.641|0|0.359|0.0217723|20|3|200
54,u,0.075,2606.843418,0.033|0.641|0|0.359|0.0217723|20|3|200
54,u,0.1,2599.137872,0.033|0.641|0|0.359|0.0217723|20|3|200
54,u,0.15,2581.879895,0.033|0.641|0|0.359|0.0217723|20|3|200
54,u,0.2,2562.385253,0.033|0.641|0|0.359|0.0217723|20|3|200
54,u,0.25,2304.38266,0.033|0.641|0|0.359|0.0217723|20|3|200
54,u,0.35,1308.038281,0.033|0.641|0|0.359|0.0217723|20|3|200
54,u,0.5,1094.969496,0.033|0.641|0|0.359|0.0217723|20|3|200
54,u,0.7,1010.71548,0.033|0.641|0|0.359|0.0217723|20|3|200
54,u,1,971.0375214,0.033|0.641|0|0.359|0.0217723|20|3|200
54,u,1.5,937.8329757,0.033|0.641|0|0.359|0.0217723|20|3|200
54,v,-2.5,2775.083666,0.033|0.641|0|0.359|0.0217723|20|3|200
54,v,-1.5,2668.41446,0.033|0.641|0|0.359|0.0217723|20|3|200
54,v,-1,2634.785847,0.033|0.641|0|0.359|0.0217723|20|3|200
54,v,-0.7,2618.951933,0.033|0.641|0|0.359|0.0217723|20|3|200
54,v,-0.35,2603.744384,0.033|0.641|0|0.359|0.0217723|20|3|200
54,v,-0.15,2596.385272,0.033|0.641|0|0.359|0.0217723|20|3|200
54,v,-0.05,2593.023924,0.033|0.641|0|0.359|0.0217723|20|3|200
54,v,0.05,2589.858325,0.033|0.641|0|0.359|0.0217723|20|3|200
54,v,0.15,2586.877077,0.033|0.641|0|0.359|0.0217723|20|3|200
54,v,0.35,2581.425313,0.033|0.641|0|0.359|0.0217723|20|3|200
54,v,0.7,2573.325897,0.033|0.641|0|0.359|0.0217723|20|3|200
54,v,1,2567.616267,0.033|0.641|0|0.359|0.0217723|20|3|200
54,v,1.5,2560.11271,0.033|0.641|0|0.359|0.0217723|20|3|200
54,d4,0.004,2642.614628,0.033|0.641|0|0.359|0.0217723|20|3|200
54,d4,0.008,2659.613208,0.033|0.641|0|0.359|0.0217723|20|3|200
54,d4,0.012,2711.872505,0.033|0.641|0|0.359|0.0217723|20|3|200
54,d4,0.017,2733.971275,0.033|0.641|0|0.359|0.0217723|20|3|200
54,d4,0.025,2805.834688,0.033|0.641|0|0.359|0.0217723|20|3|200
54,d4,0.04,2950.226281,0.033|0.641|0|0.359|0.0217723|20|3|200
54,d4,0.06,3128.917789,0.033|0.641|0|0.359|0.0217723|20|3|200
54,d4,0.1,3525.377274,0.033|0.641|0|0.359|0.0217723|20|3|200
54,d4,0.15,4110.611463,0.033|0.641|0|0.359|0.0217723|20|3|200
54,dc,-0.15,1760.610114,0.033|0.641|0|0.359|0.0217723|20|3|200
54,dc,-0.1,2020.563405,0.033|0.641|0|0.359|0.0217723|20|3|200
54,dc,-0.06,2229.581178,0.033|0.641|0|0.359|0.0217723|20|3|200
54,dc,-0.04,2343.181953,0.033|0.641|0|0.359|0.0217723|20|3|200
54,dc,-0.025,2449.378034,0.033|0.641|0|0.359|0.0217723|20|3|200
54,dc,-0.017,2505.738458,0.033|0.641|0|0.359|0.0217723|20|3|200
54,dc,-0.012,2520.542226,0.033|0.641|0|0.359|0.0217723|20|3|200
54,dc,-0.008,2566.53909,0.033|0.641|0|0.359|0.0217723|20|3|200
54,dc,-0.004,2578.901805,0.033|0.641|0|0.359|0.0217723|20|3|200
54,dc,0.004,2638.712871,0.033|0.641|0|0.359|0.0217723|20|3|200
54,dc,0.008,2651.760386,0.033|0.641|0|0.359|0.0217723|20|3|200
54,dc,0.012,2700.030951,0.033|0.641|0|0.359|0.0217723|20|3|200
54,dc,0.017,2717.061329,0.033|0.641|0|0.359|0.0217723|20|3|200
54,dc,0.025,2780.670941,0.033|0.641|0|0.359|0.0217723|20|3|200
54,dc,0.04,2909.047176,0.033|0.641|0|0.359|0.0217723|20|3|200
54,dc,0.06,3065.158954,0.033|0.641|0|0.359|0.0217723|20|3|200
54,dc,0.1,3411.742386,0.033|0.641|0|0.359|0.0217723|20|3|200
54,dc,0.15,3923.805689,0.033|0.641|0|0.359|0.0217723|20|3|200
55,f0,0,2485.962975,0.065|0.302|0|0.698|0.0202047|20|3|225
55,u,-2.5,8804.129509,0.065|0.302|0|0.698|0.0202047|20|3|225
55,u,-1.5,7970.94568,0.065|0.302|0|0.698|0.0202047|20|3|225
55,u,-1,7589.696432,0.065|0.302|0|0.698|0.0202047|20|3|225
55,u,-0.7,7445.254877,0.065|0.302|0|0.698|0.0202047|20|3|225
55,u,-0.5,7286.038929,0.065|0.302|0|0.698|0.0202047|20|3|225
55,u,-0.35,7159.502239,0.065|0.302|0|0.698|0.0202047|20|3|225
55,u,-0.25,7090.486069,0.065|0.302|0|0.698|0.0202047|20|3|225
55,u,-0.2,7040.081828,0.065|0.302|0|0.698|0.0202047|20|3|225
55,u,-0.15,6980.536756,0.065|0.302|0|0.698|0.0202047|20|3|225
55,u,-0.1,6953.037533,0.065|0.302|0|0.698|0.0202047|20|3|225
55,u,-0.075,6934.981507,0.065|0.302|0|0.698|0.0202047|20|3|225
55,u,-0.05,5390.547767,0.065|0.302|0|0.698|0.0202047|20|3|225
55,u,-0.03,3699.224541,0.065|0.302|0|0.698|0.0202047|20|3|225
55,u,-0.02,3177.992257,0.065|0.302|0|0.698|0.0202047|20|3|225
55,u,-0.01,2799.492575,0.065|0.302|0|0.698|0.0202047|20|3|225
55,u,0.01,2221.507766,0.065|0.302|0|0.698|0.0202047|20|3|225
55,u,0.02,2042.637998,0.065|0.302|0|0.698|0.0202047|20|3|225
55,u,0.03,1883.804717,0.065|0.302|0|0.698|0.0202047|20|3|225
55,u,0.05,1650.357544,0.065|0.302|0|0.698|0.0202047|20|3|225
55,u,0.075,1466.376368,0.065|0.302|0|0.698|0.0202047|20|3|225
55,u,0.1,1339.15902,0.065|0.302|0|0.698|0.0202047|20|3|225
55,u,0.15,1203.310268,0.065|0.302|0|0.698|0.0202047|20|3|225
55,u,0.2,1124.638777,0.065|0.302|0|0.698|0.0202047|20|3|225
55,u,0.25,1088.210985,0.065|0.302|0|0.698|0.0202047|20|3|225
55,u,0.35,1027.137371,0.065|0.302|0|0.698|0.0202047|20|3|225
55,u,0.5,994.5966596,0.065|0.302|0|0.698|0.0202047|20|3|225
55,u,0.7,963.4480304,0.065|0.302|0|0.698|0.0202047|20|3|225
55,u,1,,0.065|0.302|0|0.698|0.0202047|20|3|225
55,u,1.5,,0.065|0.302|0|0.698|0.0202047|20|3|225
55,v,-2.5,2678.051126,0.065|0.302|0|0.698|0.0202047|20|3|225
55,v,-1.5,2566.49069,0.065|0.302|0|0.698|0.0202047|20|3|225
55,v,-1,2531.320064,0.065|0.302|0|0.698|0.0202047|20|3|225
55,v,-0.7,2514.760099,0.065|0.302|0|0.698|0.0202047|20|3|225
55,v,-0.35,2498.85522,0.065|0.302|0|0.698|0.0202047|20|3|225
55,v,-0.15,2491.158661,0.065|0.302|0|0.698|0.0202047|20|3|225
55,v,-0.05,2487.643181,0.065|0.302|0|0.698|0.0202047|20|3|225
55,v,0.05,2484.332427,0.065|0.302|0|0.698|0.0202047|20|3|225
55,v,0.15,2481.214475,0.065|0.302|0|0.698|0.0202047|20|3|225
55,v,0.35,2475.512725,0.065|0.302|0|0.698|0.0202047|20|3|225
55,v,0.7,2467.041917,0.065|0.302|0|0.698|0.0202047|20|3|225
55,v,1,2461.070477,0.065|0.302|0|0.698|0.0202047|20|3|225
55,v,1.5,2453.22285,0.065|0.302|0|0.698|0.0202047|20|3|225
55,d4,0.004,2625.846816,0.065|0.302|0|0.698|0.0202047|20|3|225
55,d4,0.008,2775.040041,0.065|0.302|0|0.698|0.0202047|20|3|225
55,d4,0.012,2934.465781,0.065|0.302|0|0.698|0.0202047|20|3|225
55,d4,0.017,3108.810251,0.065|0.302|0|0.698|0.0202047|20|3|225
55,d4,0.025,3352.137931,0.065|0.302|0|0.698|0.0202047|20|3|225
55,d4,0.04,3857.295749,0.065|0.302|0|0.698|0.0202047|20|3|225
55,d4,0.06,4562.785449,0.065|0.302|0|0.698|0.0202047|20|3|225
55,d4,0.1,5992.773774,0.065|0.302|0|0.698|0.0202047|20|3|225
55,d4,0.15,8350.776314,0.065|0.302|0|0.698|0.0202047|20|3|225
55,dc,-0.15,2485.962975,0.065|0.302|0|0.698|0.0202047|20|3|225
55,dc,-0.1,2485.962975,0.065|0.302|0|0.698|0.0202047|20|3|225
55,dc,-0.06,2485.962975,0.065|0.302|0|0.698|0.0202047|20|3|225
55,dc,-0.04,2485.962975,0.065|0.302|0|0.698|0.0202047|20|3|225
55,dc,-0.025,2485.962975,0.065|0.302|0|0.698|0.0202047|20|3|225
55,dc,-0.017,2485.962975,0.065|0.302|0|0.698|0.0202047|20|3|225
55,dc,-0.012,2485.962975,0.065|0.302|0|0.698|0.0202047|20|3|225
55,dc,-0.008,2485.962975,0.065|0.302|0|0.698|0.0202047|20|3|225
55,dc,-0.004,2485.962975,0.065|0.302|0|0.698|0.0202047|20|3|225
55,dc,0.004,2485.962975,0.065|0.302|0|0.698|0.0202047|20|3|225
55,dc,0.008,2485.962975,0.065|0.302|0|0.698|0.0202047|20|3|225
55,dc,0.012,2485.962975,0.065|0.302|0|0.698|0.0202047|20|3|225
55,dc,0.017,2485.962975,0.065|0.302|0|0.698|0.0202047|20|3|225
55,dc,0.025,2485.962975,0.065|0.302|0|0.698|0.0202047|20|3|225
55,dc,0.04,2485.962975,0.065|0.302|0|0.698|0.0202047|20|3|225
55,dc,0.06,2485.962975,0.065|0.302|0|0.698|0.0202047|20|3|225
55,dc,0.1,2485.962975,0.065|0.302|0|0.698|0.0202047|20|3|225
55,dc,0.15,2485.962975,0.065|0.302|0|0.698|0.0202047|20|3|225
56,f0,0,3146.547096,0.033|0.572|2e-05|0.42798|0.0194287|20|3|200
56,u,-2.5,4320.579993,0.033|0.572|2e-05|0.42798|0.0194287|20|3|200
56,u,-1.5,3564.713039,0.033|0.572|2e-05|0.42798|0.0194287|20|3|200
56,u,-1,3359.940531,0.033|0.572|2e-05|0.42798|0.0194287|20|3|200
56,u,-0.7,3333.905352,0.033|0.572|2e-05|0.42798|0.0194287|20|3|200
56,u,-0.5,3254.87097,0.033|0.572|2e-05|0.42798|0.0194287|20|3|200
56,u,-0.35,3233.043263,0.033|0.572|2e-05|0.42798|0.0194287|20|3|200
56,u,-0.25,3180.752971,0.033|0.572|2e-05|0.42798|0.0194287|20|3|200
56,u,-0.2,3174.362623,0.033|0.572|2e-05|0.42798|0.0194287|20|3|200
56,u,-0.15,3163.463772,0.033|0.572|2e-05|0.42798|0.0194287|20|3|200
56,u,-0.1,3148.504349,0.033|0.572|2e-05|0.42798|0.0194287|20|3|200
56,u,-0.075,3139.632848,0.033|0.572|2e-05|0.42798|0.0194287|20|3|200
56,u,-0.05,3129.899393,0.033|0.572|2e-05|0.42798|0.0194287|20|3|200
56,u,-0.03,3129.466529,0.033|0.572|2e-05|0.42798|0.0194287|20|3|200
56,u,-0.02,3148.595163,0.033|0.572|2e-05|0.42798|0.0194287|20|3|200
56,u,-0.01,3128.214068,0.033|0.572|2e-05|0.42798|0.0194287|20|3|200
56,u,0.01,3126.174112,0.033|0.572|2e-05|0.42798|0.0194287|20|3|200
56,u,0.02,3143.735107,0.033|0.572|2e-05|0.42798|0.0194287|20|3|200
56,u,0.03,3123.377816,0.033|0.572|2e-05|0.42798|0.0194287|20|3|200
56,u,0.05,3119.855411,0.033|0.572|2e-05|0.42798|0.0194287|20|3|200
56,u,0.075,3105.558968,0.033|0.572|2e-05|0.42798|0.0194287|20|3|200
56,u,0.1,3125.445131,0.033|0.572|2e-05|0.42798|0.0194287|20|3|200
56,u,0.15,3092.348139,0.033|0.572|2e-05|0.42798|0.0194287|20|3|200
56,u,0.2,3088.799711,0.033|0.572|2e-05|0.42798|0.0194287|20|3|200
56,u,0.25,2308.166027,0.033|0.572|2e-05|0.42798|0.0194287|20|3|200
56,u,0.35,1333.936421,0.033|0.572|2e-05|0.42798|0.0194287|20|3|200
56,u,0.5,1098.724974,0.033|0.572|2e-05|0.42798|0.0194287|20|3|200
56,u,0.7,1014.469291,0.033|0.572|2e-05|0.42798|0.0194287|20|3|200
56,u,1,974.7905073,0.033|0.572|2e-05|0.42798|0.0194287|20|3|200
56,u,1.5,941.5851833,0.033|0.572|2e-05|0.42798|0.0194287|20|3|200
56,v,-2.5,3343.20245,0.033|0.572|2e-05|0.42798|0.0194287|20|3|200
56,v,-1.5,3228.989485,0.033|0.572|2e-05|0.42798|0.0194287|20|3|200
56,v,-1,3192.982622,0.033|0.572|2e-05|0.42798|0.0194287|20|3|200
56,v,-0.7,3176.028917,0.033|0.572|2e-05|0.42798|0.0194287|20|3|200
56,v,-0.35,3159.745874,0.033|0.572|2e-05|0.42798|0.0194287|20|3|200
56,v,-0.15,3151.866318,0.033|0.572|2e-05|0.42798|0.0194287|20|3|200
56,v,-0.05,3148.267251,0.033|0.572|2e-05|0.42798|0.0194287|20|3|200
56,v,0.05,3144.877778,0.033|0.572|2e-05|0.42798|0.0194287|20|3|200
56,v,0.15,3141.685693,0.033|0.572|2e-05|0.42798|0.0194287|20|3|200
56,v,0.35,3135.848374,0.033|0.572|2e-05|0.42798|0.0194287|20|3|200
56,v,0.7,3127.176159,0.033|0.572|2e-05|0.42798|0.0194287|20|3|200
56,v,1,3121.062738,0.033|0.572|2e-05|0.42798|0.0194287|20|3|200
56,v,1.5,3113.028521,0.033|0.572|2e-05|0.42798|0.0194287|20|3|200
56,d4,-2e-05,3146.435898,0.033|0.572|2e-05|0.42798|0.0194287|20|3|200
56,d4,0.004,3168.942924,0.033|0.572|2e-05|0.42798|0.0194287|20|3|200
56,d4,0.008,3230.699746,0.033|0.572|2e-05|0.42798|0.0194287|20|3|200
56,d4,0.012,3254.006686,0.033|0.572|2e-05|0.42798|0.0194287|20|3|200
56,d4,0.017,3323.271933,0.033|0.572|2e-05|0.42798|0.0194287|20|3|200
56,d4,0.025,3372.323687,0.033|0.572|2e-05|0.42798|0.0194287|20|3|200
56,d4,0.04,3550.921108,0.033|0.572|2e-05|0.42798|0.0194287|20|3|200
56,d4,0.06,3776.50087,0.033|0.572|2e-05|0.42798|0.0194287|20|3|200
56,d4,0.1,4284.340035,0.033|0.572|2e-05|0.42798|0.0194287|20|3|200
56,d4,0.15,5104.915283,0.033|0.572|2e-05|0.42798|0.0194287|20|3|200
56,dc,-0.15,2123.805155,0.033|0.572|2e-05|0.42798|0.0194287|20|3|200
56,dc,-0.1,2403.517564,0.033|0.572|2e-05|0.42798|0.0194287|20|3|200
56,dc,-0.06,2658.798181,0.033|0.572|2e-05|0.42798|0.0194287|20|3|200
56,dc,-0.04,2798.83418,0.033|0.572|2e-05|0.42798|0.0194287|20|3|200
56,dc,-0.025,2928.424407,0.033|0.572|2e-05|0.42798|0.0194287|20|3|200
56,dc,-0.017,2997.721115,0.033|0.572|2e-05|0.42798|0.0194287|20|3|200
56,dc,-0.012,3018.406894,0.033|0.572|2e-05|0.42798|0.0194287|20|3|200
56,dc,-0.008,3073.198336,0.033|0.572|2e-05|0.42798|0.0194287|20|3|200
56,dc,-0.004,3090.495782,0.033|0.572|2e-05|0.42798|0.0194287|20|3|200
56,dc,0.004,3164.599642,0.033|0.572|2e-05|0.42798|0.0194287|20|3|200
56,dc,0.008,3221.960912,0.033|0.572|2e-05|0.42798|0.0194287|20|3|200
56,dc,0.012,3240.804808,0.033|0.572|2e-05|0.42798|0.0194287|20|3|200
56,dc,0.017,3304.420935,0.033|0.572|2e-05|0.42798|0.0194287|20|3|200
56,dc,0.025,3344.196206,0.033|0.572|2e-05|0.42798|0.0194287|20|3|200
56,dc,0.04,3504.747151,0.033|0.572|2e-05|0.42798|0.0194287|20|3|200
56,dc,0.06,3704.688544,0.033|0.572|2e-05|0.42798|0.0194287|20|3|200
56,dc,0.1,4155.066636,0.033|0.572|2e-05|0.42798|0.0194287|20|3|200
56,dc,0.15,4837.334734,0.033|0.572|2e-05|0.42798|0.0194287|20|3|200
57,f0,0,1911.198481,0.024|0.768|0|0.232|0.0189717|20|3|175
57,u,-2.5,4237.3036,0.024|0.768|0|0.232|0.0189717|20|3|175
57,u,-1.5,2218.62022,0.024|0.768|0|0.232|0.0189717|20|3|175
57,u,-1,2072.953829,0.024|0.768|0|0.232|0.0189717|20|3|175
57,u,-0.7,2038.723728,0.024|0.768|0|0.232|0.0189717|20|3|175
57,u,-0.5,1982.430297,0.024|0.768|0|0.232|0.0189717|20|3|175
57,u,-0.35,1958.436155,0.024|0.768|0|0.232|0.0189717|20|3|175
57,u,-0.25,1969.084868,0.024|0.768|0|0.232|0.0189717|20|3|175
57,u,-0.2,1921.248838,0.024|0.768|0|0.232|0.0189717|20|3|175
57,u,-0.15,1922.124519,0.024|0.768|0|0.232|0.0189717|20|3|175
57,u,-0.1,1920.591841,0.024|0.768|0|0.232|0.0189717|20|3|175
57,u,-0.075,1940.508805,0.024|0.768|0|0.232|0.0189717|20|3|175
57,u,-0.05,1916.879136,0.024|0.768|0|0.232|0.0189717|20|3|175
57,u,-0.03,1898.388188,0.024|0.768|0|0.232|0.0189717|20|3|175
57,u,-0.02,1929.971209,0.024|0.768|0|0.232|0.0189717|20|3|175
57,u,-0.01,1920.538804,0.024|0.768|0|0.232|0.0189717|20|3|175
57,u,0.01,1901.949337,0.024|0.768|0|0.232|0.0189717|20|3|175
57,u,0.02,1892.790479,0.024|0.768|0|0.232|0.0189717|20|3|175
57,u,0.03,1922.398895,0.024|0.768|0|0.232|0.0189717|20|3|175
57,u,0.05,1903.746659,0.024|0.768|0|0.232|0.0189717|20|3|175
57,u,0.075,1917.887466,0.024|0.768|0|0.232|0.0189717|20|3|175
57,u,0.1,1640.352625,0.024|0.768|0|0.232|0.0189717|20|3|175
57,u,0.15,1345.263515,0.024|0.768|0|0.232|0.0189717|20|3|175
57,u,0.2,1247.256267,0.024|0.768|0|0.232|0.0189717|20|3|175
57,u,0.25,1163.433706,0.024|0.768|0|0.232|0.0189717|20|3|175
57,u,0.35,1105.327988,0.024|0.768|0|0.232|0.0189717|20|3|175
57,u,0.5,1048.180115,0.024|0.768|0|0.232|0.0189717|20|3|175
57,u,0.7,1014.70755,0.024|0.768|0|0.232|0.0189717|20|3|175
57,u,1,976.9012571,0.024|0.768|0|0.232|0.0189717|20|3|175
57,u,1.5,949.0220348,0.024|0.768|0|0.232|0.0189717|20|3|175
57,v,-2.5,2110.682574,0.024|0.768|0|0.232|0.0189717|20|3|175
57,v,-1.5,1994.826742,0.024|0.768|0|0.232|0.0189717|20|3|175
57,v,-1,1958.301947,0.024|0.768|0|0.232|0.0189717|20|3|175
57,v,-0.7,1941.104376,0.024|0.768|0|0.232|0.0189717|20|3|175
57,v,-0.35,1924.587114,0.024|0.768|0|0.232|0.0189717|20|3|175
57,v,-0.15,1916.594216,0.024|0.768|0|0.232|0.0189717|20|3|175
57,v,-0.05,1912.94338,0.024|0.768|0|0.232|0.0189717|20|3|175
57,v,0.05,1909.505152,0.024|0.768|0|0.232|0.0189717|20|3|175
57,v,0.15,1906.26715,0.024|0.768|0|0.232|0.0189717|20|3|175
57,v,0.35,1900.345866,0.024|0.768|0|0.232|0.0189717|20|3|175
57,v,0.7,1891.548908,0.024|0.768|0|0.232|0.0189717|20|3|175
57,v,1,1885.34755,0.024|0.768|0|0.232|0.0189717|20|3|175
57,v,1.5,1877.197767,0.024|0.768|0|0.232|0.0189717|20|3|175
57,d4,0.004,1921.54981,0.024|0.768|0|0.232|0.0189717|20|3|175
57,d4,0.008,1972.286393,0.024|0.768|0|0.232|0.0189717|20|3|175
57,d4,0.012,1983.06019,0.024|0.768|0|0.232|0.0189717|20|3|175
57,d4,0.017,1996.687448,0.024|0.768|0|0.232|0.0189717|20|3|175
57,d4,0.025,2060.031274,0.024|0.768|0|0.232|0.0189717|20|3|175
57,d4,0.04,2145.719906,0.024|0.768|0|0.232|0.0189717|20|3|175
57,d4,0.06,2294.244082,0.024|0.768|0|0.232|0.0189717|20|3|175
57,d4,0.1,2571.75643,0.024|0.768|0|0.232|0.0189717|20|3|175
57,d4,0.15,2980.538412,0.024|0.768|0|0.232|0.0189717|20|3|175
57,dc,-0.15,1288.488149,0.024|0.768|0|0.232|0.0189717|20|3|175
57,dc,-0.1,1473.075006,0.024|0.768|0|0.232|0.0189717|20|3|175
57,dc,-0.06,1628.587652,0.024|0.768|0|0.232|0.0189717|20|3|175
57,dc,-0.04,1730.899131,0.024|0.768|0|0.232|0.0189717|20|3|175
57,dc,-0.025,1791.597738,0.024|0.768|0|0.232|0.0189717|20|3|175
57,dc,-0.017,1843.112069,0.024|0.768|0|0.232|0.0189717|20|3|175
57,dc,-0.012,1851.283434,0.024|0.768|0|0.232|0.0189717|20|3|175
57,dc,-0.008,1857.895334,0.024|0.768|0|0.232|0.0189717|20|3|175
57,dc,-0.004,1904.248825,0.024|0.768|0|0.232|0.0189717|20|3|175
57,dc,0.004,1918.219974,0.024|0.768|0|0.232|0.0189717|20|3|175
57,dc,0.008,1965.598733,0.024|0.768|0|0.232|0.0189717|20|3|175
57,dc,0.012,1972.975635,0.024|0.768|0|0.232|0.0189717|20|3|175
57,dc,0.017,1982.3059,0.024|0.768|0|0.232|0.0189717|20|3|175
57,dc,0.025,2038.676773,0.024|0.768|0|0.232|0.0189717|20|3|175
57,dc,0.04,2110.88555,0.024|0.768|0|0.232|0.0189717|20|3|175
57,dc,0.06,2240.629744,0.024|0.768|0|0.232|0.0189717|20|3|175
57,dc,0.1,2477.347853,0.024|0.768|0|0.232|0.0189717|20|3|175
57,dc,0.15,2828.113143,0.024|0.768|0|0.232|0.0189717|20|3|175
58,f0,0,3422.698566,0.033|0.54|0|0.46|0.0183417|20|3|200
58,u,-2.5,4542.3929,0.033|0.54|0|0.46|0.0183417|20|3|200
58,u,-1.5,3927.017969,0.033|0.54|0|0.46|0.0183417|20|3|200
58,u,-1,3749.716461,0.033|0.54|0|0.46|0.0183417|20|3|200
58,u,-0.7,3580.938915,0.033|0.54|0|0.46|0.0183417|20|3|200
58,u,-0.5,3550.046739,0.033|0.54|0|0.46|0.0183417|20|3|200
58,u,-0.35,3507.976428,0.033|0.54|0|0.46|0.0183417|20|3|200
58,u,-0.25,3494.091828,0.033|0.54|0|0.46|0.0183417|20|3|200
58,u,-0.2,3479.56098,0.033|0.54|0|0.46|0.0183417|20|3|200
58,u,-0.15,3460.639734,0.033|0.54|0|0.46|0.0183417|20|3|200
58,u,-0.1,3437.783596,0.033|0.54|0|0.46|0.0183417|20|3|200
58,u,-0.075,3425.012951,0.033|0.54|0|0.46|0.0183417|20|3|200
58,u,-0.05,3454.326585,0.033|0.54|0|0.46|0.0183417|20|3|200
58,u,-0.03,3450.42526,0.033|0.54|0|0.46|0.0183417|20|3|200
58,u,-0.02,3427.364671,0.033|0.54|0|0.46|0.0183417|20|3|200
58,u,-0.01,3445.725254,0.033|0.54|0|0.46|0.0183417|20|3|200
58,u,0.01,3440.25918,0.033|0.54|0|0.46|0.0183417|20|3|200
58,u,0.02,3417.273997,0.033|0.54|0|0.46|0.0183417|20|3|200
58,u,0.03,3434.058674,0.033|0.54|0|0.46|0.0183417|20|3|200
58,u,0.05,3427.154419,0.033|0.54|0|0.46|0.0183417|20|3|200
58,u,0.075,3408.138923,0.033|0.54|0|0.46|0.0183417|20|3|200
58,u,0.1,3388.603516,0.033|0.54|0|0.46|0.0183417|20|3|200
58,u,0.15,3383.087338,0.033|0.54|0|0.46|0.0183417|20|3|200
58,u,0.2,3372.409901,0.033|0.54|0|0.46|0.0183417|20|3|200
58,u,0.25,2310.098603,0.033|0.54|0|0.46|0.0183417|20|3|200
58,u,0.35,1313.754224,0.033|0.54|0|0.46|0.0183417|20|3|200
58,u,0.5,1100.685439,0.033|0.54|0|0.46|0.0183417|20|3|200
58,u,0.7,1016.431423,0.033|0.54|0|0.46|0.0183417|20|3|200
58,u,1,976.7534645,0.033|0.54|0|0.46|0.0183417|20|3|200
58,u,1.5,943.6748079,0.033|0.54|0|0.46|0.0183417|20|3|200
58,v,-2.5,3626.265985,0.033|0.54|0|0.46|0.0183417|20|3|200
58,v,-1.5,3508.03865,0.033|0.54|0|0.46|0.0183417|20|3|200
58,v,-1,3470.766214,0.033|0.54|0|0.46|0.0183417|20|3|200
58,v,-0.7,3453.216618,0.033|0.54|0|0.46|0.0183417|20|3|200
58,v,-0.35,3436.361257,0.033|0.54|0|0.46|0.0183417|20|3|200
58,v,-0.15,3428.204749,0.033|0.54|0|0.46|0.0183417|20|3|200
58,v,-0.05,3424.479182,0.033|0.54|0|0.46|0.0183417|20|3|200
58,v,0.05,3420.970576,0.033|0.54|0|0.46|0.0183417|20|3|200
58,v,0.15,3417.666294,0.033|0.54|0|0.46|0.0183417|20|3|200
58,v,0.35,3411.623805,0.033|0.54|0|0.46|0.0183417|20|3|200
58,v,0.7,3402.646778,0.033|0.54|0|0.46|0.0183417|20|3|200
58,v,1,3396.318482,0.033|0.54|0|0.46|0.0183417|20|3|200
58,v,1.5,3388.001877,0.033|0.54|0|0.46|0.0183417|20|3|200
58,d4,0.004,3489.513775,0.033|0.54|0|0.46|0.0183417|20|3|200
58,d4,0.008,3515.944165,0.033|0.54|0|0.46|0.0183417|20|3|200
58,d4,0.012,3542.772531,0.033|0.54|0|0.46|0.0183417|20|3|200
58,d4,0.017,3618.951728,0.033|0.54|0|0.46|0.0183417|20|3|200
58,d4,0.025,3718.244505,0.033|0.54|0|0.46|0.0183417|20|3|200
58,d4,0.04,3874.410863,0.033|0.54|0|0.46|0.0183417|20|3|200
58,d4,0.06,4128.169257,0.033|0.54|0|0.46|0.0183417|20|3|200
58,d4,0.1,4753.972486,0.033|0.54|0|0.46|0.0183417|20|3|200
58,d4,0.15,5644.693951,0.033|0.54|0|0.46|0.0183417|20|3|200
58,dc,-0.15,2293.771675,0.033|0.54|0|0.46|0.0183417|20|3|200
58,dc,-0.1,2600.286441,0.033|0.54|0|0.46|0.0183417|20|3|200
58,dc,-0.06,2918.650207,0.033|0.54|0|0.46|0.0183417|20|3|200
58,dc,-0.04,3075.162308,0.033|0.54|0|0.46|0.0183417|20|3|200
58,dc,-0.025,3180.268882,0.033|0.54|0|0.46|0.0183417|20|3|200
58,dc,-0.017,3257.077081,0.033|0.54|0|0.46|0.0183417|20|3|200
58,dc,-0.012,3321.16556,0.033|0.54|0|0.46|0.0183417|20|3|200
58,dc,-0.008,3341.12408,0.033|0.54|0|0.46|0.0183417|20|3|200
58,dc,-0.004,3401.852337,0.033|0.54|0|0.46|0.0183417|20|3|200
58,dc,0.004,3484.930813,0.033|0.54|0|0.46|0.0183417|20|3|200
58,dc,0.008,3506.709326,0.033|0.54|0|0.46|0.0183417|20|3|200
58,dc,0.012,3528.815335,0.033|0.54|0|0.46|0.0183417|20|3|200
58,dc,0.017,3599.011372,0.033|0.54|0|0.46|0.0183417|20|3|200
58,dc,0.025,3688.496845,0.033|0.54|0|0.46|0.0183417|20|3|200
58,dc,0.04,3825.439319,0.033|0.54|0|0.46|0.0183417|20|3|200
58,dc,0.06,4051.815477,0.033|0.54|0|0.46|0.0183417|20|3|200
58,dc,0.1,4565.918144,0.033|0.54|0|0.46|0.0183417|20|3|200
58,dc,0.15,5412.282544,0.033|0.54|0|0.46|0.0183417|20|3|200
59,f0,0,2224.927298,0.025|0.712|0|0.288|0.0183212|20|3|175
59,u,-2.5,4387.301291,0.025|0.712|0|0.288|0.0183212|20|3|175
59,u,-1.5,2483.823323,0.025|0.712|0|0.288|0.0183212|20|3|175
59,u,-1,2371.912572,0.025|0.712|0|0.288|0.0183212|20|3|175
59,u,-0.7,2360.987433,0.025|0.712|0|0.288|0.0183212|20|3|175
59,u,-0.5,2325.181972,0.025|0.712|0|0.288|0.0183212|20|3|175
59,u,-0.35,2261.84826,0.025|0.712|0|0.288|0.0183212|20|3|175
59,u,-0.25,2250.159762,0.025|0.712|0|0.288|0.0183212|20|3|175
59,u,-0.2,2240.659807,0.025|0.712|0|0.288|0.0183212|20|3|175
59,u,-0.15,2229.051553,0.025|0.712|0|0.288|0.0183212|20|3|175
59,u,-0.1,2215.559029,0.025|0.712|0|0.288|0.0183212|20|3|175
59,u,-0.075,2230.398437,0.025|0.712|0|0.288|0.0183212|20|3|175
59,u,-0.05,2200.389553,0.025|0.712|0|0.288|0.0183212|20|3|175
59,u,-0.03,2219.376565,0.025|0.712|0|0.288|0.0183212|20|3|175
59,u,-0.02,2207.378984,0.025|0.712|0|0.288|0.0183212|20|3|175
59,u,-0.01,2195.498781,0.025|0.712|0|0.288|0.0183212|20|3|175
59,u,0.01,2212.862411,0.025|0.712|0|0.288|0.0183212|20|3|175
59,u,0.02,2200.915574,0.025|0.712|0|0.288|0.0183212|20|3|175
59,u,0.03,2000.557678,0.025|0.712|0|0.288|0.0183212|20|3|175
59,u,0.05,1700.759333,0.025|0.712|0|0.288|0.0183212|20|3|175
59,u,0.075,1491.693732,0.025|0.712|0|0.288|0.0183212|20|3|175
59,u,0.1,1390.804068,0.025|0.712|0|0.288|0.0183212|20|3|175
59,u,0.15,1252.749375,0.025|0.712|0|0.288|0.0183212|20|3|175
59,u,0.2,1198.754841,0.025|0.712|0|0.288|0.0183212|20|3|175
59,u,0.25,1151.14432,0.025|0.712|0|0.288|0.0183212|20|3|175
59,u,0.35,1071.405225,0.025|0.712|0|0.288|0.0183212|20|3|175
59,u,0.5,1041.895686,0.025|0.712|0|0.288|0.0183212|20|3|175
59,u,0.7,1009.998813,0.025|0.712|0|0.288|0.0183212|20|3|175
59,u,1,973.8637599,0.025|0.712|0|0.288|0.0183212|20|3|175
59,u,1.5,947.0712721,0.025|0.712|0|0.288|0.0183212|20|3|175
59,v,-2.5,2428.631351,0.025|0.712|0|0.288|0.0183212|20|3|175
59,v,-1.5,2310.324662,0.025|0.712|0|0.288|0.0183212|20|3|175
59,v,-1,2273.027208,0.025|0.712|0|0.288|0.0183212|20|3|175
59,v,-0.7,2255.465833,0.025|0.712|0|0.288|0.0183212|20|3|175
59,v,-0.35,2238.599159,0.025|0.712|0|0.288|0.0183212|20|3|175
59,v,-0.15,2230.437176,0.025|0.712|0|0.288|0.0183212|20|3|175
59,v,-0.05,2226.709109,0.025|0.712|0|0.288|0.0183212|20|3|175
59,v,0.05,2223.198147,0.025|0.712|0|0.288|0.0183212|20|3|175
59,v,0.15,2219.891648,0.025|0.712|0|0.288|0.0183212|20|3|175
59,v,0.35,2213.845103,0.025|0.712|0|0.288|0.0183212|20|3|175
59,v,0.7,2204.86205,0.025|0.712|0|0.288|0.0183212|20|3|175
59,v,1,2198.529507,0.025|0.712|0|0.288|0.0183212|20|3|175
59,v,1.5,2190.20732,0.025|0.712|0|0.288|0.0183212|20|3|175
59,d4,0.004,2237.805482,0.025|0.712|0|0.288|0.0183212|20|3|175
59,d4,0.008,2250.82885,0.025|0.712|0|0.288|0.0183212|20|3|175
59,d4,0.012,2305.87338,0.025|0.712|0|0.288|0.0183212|20|3|175
59,d4,0.017,2322.840902,0.025|0.712|0|0.288|0.0183212|20|3|175
59,d4,0.025,2393.137644,0.025|0.712|0|0.288|0.0183212|20|3|175
59,d4,0.04,2491.241755,0.025|0.712|0|0.288|0.0183212|20|3|175
59,d4,0.06,2658.8505,0.025|0.712|0|0.288|0.0183212|20|3|175
59,d4,0.1,2978.628047,0.025|0.712|0|0.288|0.0183212|20|3|175
59,d4,0.15,3454.351029,0.025|0.712|0|0.288|0.0183212|20|3|175
59,dc,-0.15,1493.237381,0.025|0.712|0|0.288|0.0183212|20|3|175
59,dc,-0.1,1695.739725,0.025|0.712|0|0.288|0.0183212|20|3|175
59,dc,-0.06,1906.517232,0.025|0.712|0|0.288|0.0183212|20|3|175
59,dc,-0.04,1981.07467,0.025|0.712|0|0.288|0.0183212|20|3|175
59,dc,-0.025,2089.382268,0.025|0.712|0|0.288|0.0183212|20|3|175
59,dc,-0.017,2106.000438,0.025|0.712|0|0.288|0.0183212|20|3|175
59,dc,-0.012,2157.094693,0.025|0.712|0|0.288|0.0183212|20|3|175
59,dc,-0.008,2165.87716,0.025|0.712|0|0.288|0.0183212|20|3|175
59,dc,-0.004,2174.756655,0.025|0.712|0|0.288|0.0183212|20|3|175
59,dc,0.004,2234.234947,0.025|0.712|0|0.288|0.0183212|20|3|175
59,dc,0.008,2243.647211,0.025|0.712|0|0.288|0.0183212|20|3|175
59,dc,0.012,2295.050769,0.025|0.712|0|0.288|0.0183212|20|3|175
59,dc,0.017,2307.398588,0.025|0.712|0|0.288|0.0183212|20|3|175
59,dc,0.025,2370.188119,0.025|0.712|0|0.288|0.0183212|20|3|175
59,dc,0.04,2453.742516,0.025|0.712|0|0.288|0.0183212|20|3|175
59,dc,0.06,2600.99843,0.025|0.712|0|0.288|0.0183212|20|3|175
59,dc,0.1,2876.231118,0.025|0.712|0|0.288|0.0183212|20|3|175
59,dc,0.15,2900.230027,0.025|0.712|0|0.288|0.0183212|20|3|175
60,f0,0,2279.95812,0.021|0.706|0|0.294|0.0152601|20|3|175
60,u,-2.5,5054.491803,0.021|0.706|0|0.294|0.0152601|20|3|175
60,u,-1.5,2778.665482,0.021|0.706|0|0.294|0.0152601|20|3|175
60,u,-1,2512.696003,0.021|0.706|0|0.294|0.0152601|20|3|175
60,u,-0.7,2436.343004,0.021|0.706|0|0.294|0.0152601|20|3|175
60,u,-0.5,2349.045999,0.021|0.706|0|0.294|0.0152601|20|3|175
60,u,-0.35,2308.407721,0.021|0.706|0|0.294|0.0152601|20|3|175
60,u,-0.25,2315.329973,0.021|0.706|0|0.294|0.0152601|20|3|175
60,u,-0.2,2313.671644,0.021|0.706|0|0.294|0.0152601|20|3|175
60,u,-0.15,2309.025165,0.021|0.706|0|0.294|0.0152601|20|3|175
60,u,-0.1,2301.681004,0.021|0.706|0|0.294|0.0152601|20|3|175
60,u,-0.075,2270.339946,0.021|0.706|0|0.294|0.0152601|20|3|175
60,u,-0.05,2291.908696,0.021|0.706|0|0.294|0.0152601|20|3|175
60,u,-0.03,2266.934821,0.021|0.706|0|0.294|0.0152601|20|3|175
60,u,-0.02,2305.220041,0.021|0.706|0|0.294|0.0152601|20|3|175
60,u,-0.01,2292.526994,0.021|0.706|0|0.294|0.0152601|20|3|175
60,u,0.01,2267.512198,0.021|0.706|0|0.294|0.0152601|20|3|175
60,u,0.02,2255.188022,0.021|0.706|0|0.294|0.0152601|20|3|175
60,u,0.03,2291.075333,0.021|0.706|0|0.294|0.0152601|20|3|175
60,u,0.05,2266.060719,0.021|0.706|0|0.294|0.0152601|20|3|175
60,u,0.075,2281.422183,0.021|0.706|0|0.294|0.0152601|20|3|175
60,u,0.1,2250.430673,0.021|0.706|0|0.294|0.0152601|20|3|175
60,u,0.15,2275.842406,0.021|0.706|0|0.294|0.0152601|20|3|175
60,u,0.2,2076.103723,0.021|0.706|0|0.294|0.0152601|20|3|175
60,u,0.25,1497.910466,0.021|0.706|0|0.294|0.0152601|20|3|175
60,u,0.35,1215.182102,0.021|0.706|0|0.294|0.0152601|20|3|175
60,u,0.5,1109.071668,0.021|0.706|0|0.294|0.0152601|20|3|175
60,u,0.7,1044.155013,0.021|0.706|0|0.294|0.0152601|20|3|175
60,u,1,1000.18351,0.021|0.706|0|0.294|0.0152601|20|3|175
60,u,1.5,960.4348206,0.021|0.706|0|0.294|0.0152601|20|3|175
60,v,-2.5,2507.278091,0.021|0.706|0|0.294|0.0152601|20|3|175
60,v,-1.5,2375.255813,0.021|0.706|0|0.294|0.0152601|20|3|175
60,v,-1,2333.634372,0.021|0.706|0|0.294|0.0152601|20|3|175
60,v,-0.7,2314.037063,0.021|0.706|0|0.294|0.0152601|20|3|175
60,v,-0.35,2295.214993,0.021|0.706|0|0.294|0.0152601|20|3|175
60,v,-0.15,2286.106772,0.021|0.706|0|0.294|0.0152601|20|3|175
60,v,-0.05,2281.9465,0.021|0.706|0|0.294|0.0152601|20|3|175
60,v,0.05,2278.028504,0.021|0.706|0|0.294|0.0152601|20|3|175
60,v,0.15,2274.338674,0.021|0.706|0|0.294|0.0152601|20|3|175
60,v,0.35,2267.591138,0.021|0.706|0|0.294|0.0152601|20|3|175
60,v,0.7,2257.566658,0.021|0.706|0|0.294|0.0152601|20|3|175
60,v,1,2250.499968,0.021|0.706|0|0.294|0.0152601|20|3|175
60,v,1.5,2241.212969,0.021|0.706|0|0.294|0.0152601|20|3|175
60,d4,0.004,2293.224595,0.021|0.706|0|0.294|0.0152601|20|3|175
60,d4,0.008,2356.766403,0.021|0.706|0|0.294|0.0152601|20|3|175
60,d4,0.012,2370.617303,0.021|0.706|0|0.294|0.0152601|20|3|175
60,d4,0.017,2388.155295,0.021|0.706|0|0.294|0.0152601|20|3|175
60,d4,0.025,2468.083983,0.021|0.706|0|0.294|0.0152601|20|3|175
60,d4,0.04,2577.112206,0.021|0.706|0|0.294|0.0152601|20|3|175
60,d4,0.06,2712.210225,0.021|0.706|0|0.294|0.0152601|20|3|175
60,d4,0.1,3066.261706,0.021|0.706|0|0.294|0.0152601|20|3|175
60,d4,0.15,3594.992279,0.021|0.706|0|0.294|0.0152601|20|3|175
60,dc,-0.15,1530.53141,0.021|0.706|0|0.294|0.0152601|20|3|175
60,dc,-0.1,1764.627954,0.021|0.706|0|0.294|0.0152601|20|3|175
60,dc,-0.06,1964.095414,0.021|0.706|0|0.294|0.0152601|20|3|175
60,dc,-0.04,2048.181308,0.021|0.706|0|0.294|0.0152601|20|3|175
60,dc,-0.025,2126.187356,0.021|0.706|0|0.294|0.0152601|20|3|175
60,dc,-0.017,2191.692226,0.021|0.706|0|0.294|0.0152601|20|3|175
60,dc,-0.012,2202.883689,0.021|0.706|0|0.294|0.0152601|20|3|175
60,dc,-0.008,2211.948425,0.021|0.706|0|0.294|0.0152601|20|3|175
60,dc,-0.004,2270.415518,0.021|0.706|0|0.294|0.0152601|20|3|175
60,dc,0.004,2289.608266,0.021|0.706|0|0.294|0.0152601|20|3|175
60,dc,0.008,2349.49995,0.021|0.706|0|0.294|0.0152601|20|3|175
60,dc,0.012,2359.654817,0.021|0.706|0|0.294|0.0152601|20|3|175
60,dc,0.017,2372.512431,0.021|0.706|0|0.294|0.0152601|20|3|175
60,dc,0.025,2444.834034,0.021|0.706|0|0.294|0.0152601|20|3|175
60,dc,0.04,2539.114575,0.021|0.706|0|0.294|0.0152601|20|3|175
60,dc,0.06,2653.511253,0.021|0.706|0|0.294|0.0152601|20|3|175
60,dc,0.1,2962.302021,0.021|0.706|0|0.294|0.0152601|20|3|175
60,dc,0.15,3425.745355,0.021|0.706|0|0.294|0.0152601|20|3|175
61,f0,0,3504.96473,0.027|0.537|0|0.463|0.0149235|20|3|200
61,u,-2.5,5301.537546,0.027|0.537|0|0.463|0.0149235|20|3|200
61,u,-1.5,4104.973603,0.027|0.537|0|0.463|0.0149235|20|3|200
61,u,-1,3795.710857,0.027|0.537|0|0.463|0.0149235|20|3|200
61,u,-0.7,3734.980751,0.027|0.537|0|0.463|0.0149235|20|3|200
61,u,-0.5,3606.906491,0.027|0.537|0|0.463|0.0149235|20|3|200
61,u,-0.35,3627.377134,0.027|0.537|0|0.463|0.0149235|20|3|200
61,u,-0.25,3588.19678,0.027|0.537|0|0.463|0.0149235|20|3|200
61,u,-0.2,3593.402417,0.027|0.537|0|0.463|0.0149235|20|3|200
61,u,-0.15,3533.534093,0.027|0.537|0|0.463|0.0149235|20|3|200
61,u,-0.1,3529.279182,0.027|0.537|0|0.463|0.0149235|20|3|200
61,u,-0.075,3525.075114,0.027|0.537|0|0.463|0.0149235|20|3|200
61,u,-0.05,3519.578123,0.027|0.537|0|0.463|0.0149235|20|3|200
61,u,-0.03,3524.667372,0.027|0.537|0|0.463|0.0149235|20|3|200
61,u,-0.02,3501.098138,0.027|0.537|0|0.463|0.0149235|20|3|200
61,u,-0.01,3528.58569,0.027|0.537|0|0.463|0.0149235|20|3|200
61,u,0.01,3531.37688,0.027|0.537|0|0.463|0.0149235|20|3|200
61,u,0.02,3507.715389,0.027|0.537|0|0.463|0.0149235|20|3|200
61,u,0.03,3484.286443,0.027|0.537|0|0.463|0.0149235|20|3|200
61,u,0.05,3485.933816,0.027|0.537|0|0.463|0.0149235|20|3|200
61,u,0.075,3474.906373,0.027|0.537|0|0.463|0.0149235|20|3|200
61,u,0.1,3508.382674,0.027|0.537|0|0.463|0.0149235|20|3|200
61,u,0.15,3479.599201,0.027|0.537|0|0.463|0.0149235|20|3|200
61,u,0.2,3447.782994,0.027|0.537|0|0.463|0.0149235|20|3|200
61,u,0.25,3452.276701,0.027|0.537|0|0.463|0.0149235|20|3|200
61,u,0.35,3407.954861,0.027|0.537|0|0.463|0.0149235|20|3|200
61,u,0.5,1582.537277,0.027|0.537|0|0.463|0.0149235|20|3|200
61,u,0.7,1108.566237,0.027|0.537|0|0.463|0.0149235|20|3|200
61,u,1,1009.421762,0.027|0.537|0|0.463|0.0149235|20|3|200
61,u,1.5,962.2655336,0.027|0.537|0|0.463|0.0149235|20|3|200
61,v,-2.5,3735.347294,0.027|0.537|0|0.463|0.0149235|20|3|200
61,v,-1.5,3601.546332,0.027|0.537|0|0.463|0.0149235|20|3|200
61,v,-1,3559.364142,0.027|0.537|0|0.463|0.0149235|20|3|200
61,v,-0.7,3539.502806,0.027|0.537|0|0.463|0.0149235|20|3|200
61,v,-0.35,3520.427154,0.027|0.537|0|0.463|0.0149235|20|3|200
61,v,-0.15,3511.196221,0.027|0.537|0|0.463|0.0149235|20|3|200
61,v,-0.05,3506.9799,0.027|0.537|0|0.463|0.0149235|20|3|200
61,v,0.05,3503.009118,0.027|0.537|0|0.463|0.0149235|20|3|200
61,v,0.15,3499.269577,0.027|0.537|0|0.463|0.0149235|20|3|200
61,v,0.35,3492.431133,0.027|0.537|0|0.463|0.0149235|20|3|200
61,v,0.7,3482.271597,0.027|0.537|0|0.463|0.0149235|20|3|200
61,v,1,3475.1097,0.027|0.537|0|0.463|0.0149235|20|3|200
61,v,1.5,3465.697581,0.027|0.537|0|0.463|0.0149235|20|3|200
61,d4,0.004,3582.09539,0.027|0.537|0|0.463|0.0149235|20|3|200
61,d4,0.008,3609.320614,0.027|0.537|0|0.463|0.0149235|20|3|200
61,d4,0.012,3636.958087,0.027|0.537|0|0.463|0.0149235|20|3|200
61,d4,0.017,3724.017541,0.027|0.537|0|0.463|0.0149235|20|3|200
61,d4,0.025,3782.458344,0.027|0.537|0|0.463|0.0149235|20|3|200
61,d4,0.04,4005.617526,0.027|0.537|0|0.463|0.0149235|20|3|200
61,d4,0.06,4287.05428,0.027|0.537|0|0.463|0.0149235|20|3|200
61,d4,0.1,4864.791639,0.027|0.537|0|0.463|0.0149235|20|3|200
61,d4,0.15,5770.677831,0.027|0.537|0|0.463|0.0149235|20|3|200
61,dc,-0.15,2357.273717,0.027|0.537|0|0.463|0.0149235|20|3|200
61,dc,-0.1,2666.180612,0.027|0.537|0|0.463|0.0149235|20|3|200
61,dc,-0.06,2986.392092,0.027|0.537|0|0.463|0.0149235|20|3|200
61,dc,-0.04,3162.982764,0.027|0.537|0|0.463|0.0149235|20|3|200
61,dc,-0.025,3279.554389,0.027|0.537|0|0.463|0.0149235|20|3|200
61,dc,-0.017,3367.050368,0.027|0.537|0|0.463|0.0149235|20|3|200
61,dc,-0.012,3392.256833,0.027|0.537|0|0.463|0.0149235|20|3|200
61,dc,-0.008,3462.330597,0.027|0.537|0|0.463|0.0149235|20|3|200
61,dc,-0.004,3483.491264,0.027|0.537|0|0.463|0.0149235|20|3|200
61,dc,0.004,3577.441942,0.027|0.537|0|0.463|0.0149235|20|3|200
61,dc,0.008,3599.943354,0.027|0.537|0|0.463|0.0149235|20|3|200
61,dc,0.012,3622.78504,0.027|0.537|0|0.463|0.0149235|20|3|200
61,dc,0.017,3703.767523,0.027|0.537|0|0.463|0.0149235|20|3|200
61,dc,0.025,3752.213652,0.027|0.537|0|0.463|0.0149235|20|3|200
61,dc,0.04,3955.871502,0.027|0.537|0|0.463|0.0149235|20|3|200
61,dc,0.06,4152.8913,0.027|0.537|0|0.463|0.0149235|20|3|200
61,dc,0.1,4724.104518,0.027|0.537|0|0.463|0.0149235|20|3|200
61,dc,0.15,5533.4017,0.027|0.537|0|0.463|0.0149235|20|3|200
62,f0,0,3085.215433,0.133|0.065|0.017|0.918|0.00889811|20|3|250
62,u,-2.5,44191.73079,0.133|0.065|0.017|0.918|0.00889811|20|3|250
62,u,-1.5,40310.3183,0.133|0.065|0.017|0.918|0.00889811|20|3|250
62,u,-1,37958.40573,0.133|0.065|0.017|0.918|0.00889811|20|3|250
62,u,-0.7,36001.83644,0.133|0.065|0.017|0.918|0.00889811|20|3|250
62,u,-0.5,34625.22548,0.133|0.065|0.017|0.918|0.00889811|20|3|250
62,u,-0.35,2927.996438,0.133|0.065|0.017|0.918|0.00889811|20|3|250
62,u,-0.25,1703.218134,0.133|0.065|0.017|0.918|0.00889811|20|3|250
62,u,-0.2,1502.82335,0.133|0.065|0.017|0.918|0.00889811|20|3|250
62,u,-0.15,1551.982036,0.133|0.065|0.017|0.918|0.00889811|20|3|250
62,u,-0.1,1956.257625,0.133|0.065|0.017|0.918|0.00889811|20|3|250
62,u,-0.075,2200.14284,0.133|0.065|0.017|0.918|0.00889811|20|3|250
62,u,-0.05,2470.940791,0.133|0.065|0.017|0.918|0.00889811|20|3|250
62,u,-0.03,2699.675275,0.133|0.065|0.017|0.918|0.00889811|20|3|250
62,u,-0.02,2827.730812,0.133|0.065|0.017|0.918|0.00889811|20|3|250
62,u,-0.01,2956.344306,0.133|0.065|0.017|0.918|0.00889811|20|3|250
62,u,0.01,3228.620523,0.133|0.065|0.017|0.918|0.00889811|20|3|250
62,u,0.02,3372.431034,0.133|0.065|0.017|0.918|0.00889811|20|3|250
62,u,0.03,3516.27898,0.133|0.065|0.017|0.918|0.00889811|20|3|250
62,u,0.05,3835.223394,0.133|0.065|0.017|0.918|0.00889811|20|3|250
62,u,0.075,4275.655424,0.133|0.065|0.017|0.918|0.00889811|20|3|250
62,u,0.1,4750.19001,0.133|0.065|0.017|0.918|0.00889811|20|3|250
62,u,0.15,,0.133|0.065|0.017|0.918|0.00889811|20|3|250
62,u,0.2,,0.133|0.065|0.017|0.918|0.00889811|20|3|250
62,u,0.25,,0.133|0.065|0.017|0.918|0.00889811|20|3|250
62,u,0.35,,0.133|0.065|0.017|0.918|0.00889811|20|3|250
62,u,0.5,,0.133|0.065|0.017|0.918|0.00889811|20|3|250
62,u,0.7,,0.133|0.065|0.017|0.918|0.00889811|20|3|250
62,u,1,,0.133|0.065|0.017|0.918|0.00889811|20|3|250
62,u,1.5,,0.133|0.065|0.017|0.918|0.00889811|20|3|250
62,v,-2.5,3399.406157,0.133|0.065|0.017|0.918|0.00889811|20|3|250
62,v,-1.5,3216.931318,0.133|0.065|0.017|0.918|0.00889811|20|3|250
62,v,-1,3159.404166,0.133|0.065|0.017|0.918|0.00889811|20|3|250
62,v,-0.7,3132.317709,0.133|0.065|0.017|0.918|0.00889811|20|3|250
62,v,-0.35,3106.302749,0.133|0.065|0.017|0.918|0.00889811|20|3|250
62,v,-0.15,3093.713804,0.133|0.065|0.017|0.918|0.00889811|20|3|250
62,v,-0.05,3087.963677,0.133|0.065|0.017|0.918|0.00889811|20|3|250
62,v,0.05,3082.548412,0.133|0.065|0.017|0.918|0.00889811|20|3|250
62,v,0.15,3077.448507,0.133|0.065|0.017|0.918|0.00889811|20|3|250
62,v,0.35,3068.122387,0.133|0.065|0.017|0.918|0.00889811|20|3|250
62,v,0.7,3054.267033,0.133|0.065|0.017|0.918|0.00889811|20|3|250
62,v,1,3044.499793,0.133|0.065|0.017|0.918|0.00889811|20|3|250
62,v,1.5,3031.663751,0.133|0.065|0.017|0.918|0.00889811|20|3|250
62,d4,-0.017,3002.522565,0.133|0.065|0.017|0.918|0.00889811|20|3|250
62,d4,-0.012,3032.175814,0.133|0.065|0.017|0.918|0.00889811|20|3|250
62,d4,-0.008,3044.988753,0.133|0.065|0.017|0.918|0.00889811|20|3|250
62,d4,-0.004,3072.044393,0.133|0.065|0.017|0.918|0.00889811|20|3|250
62,d4,0.004,3112.82131,0.133|0.065|0.017|0.918|0.00889811|20|3|250
62,d4,0.008,3126.362785,0.133|0.065|0.017|0.918|0.00889811|20|3|250
62,d4,0.012,3140.063878,0.133|0.065|0.017|0.918|0.00889811|20|3|250
62,d4,0.017,3171.969138,0.133|0.065|0.017|0.918|0.00889811|20|3|250
62,d4,0.025,3215.153679,0.133|0.065|0.017|0.918|0.00889811|20|3|250
62,d4,0.04,3285.649147,0.133|0.065|0.017|0.918|0.00889811|20|3|250
62,dc,-0.15,3085.215433,0.133|0.065|0.017|0.918|0.00889811|20|3|250
62,dc,-0.1,3085.215433,0.133|0.065|0.017|0.918|0.00889811|20|3|250
62,dc,-0.06,3085.215433,0.133|0.065|0.017|0.918|0.00889811|20|3|250
62,dc,-0.04,3085.215433,0.133|0.065|0.017|0.918|0.00889811|20|3|250
62,dc,-0.025,3085.215433,0.133|0.065|0.017|0.918|0.00889811|20|3|250
62,dc,-0.017,3085.215433,0.133|0.065|0.017|0.918|0.00889811|20|3|250
62,dc,-0.012,3085.215433,0.133|0.065|0.017|0.918|0.00889811|20|3|250
62,dc,-0.008,3085.215433,0.133|0.065|0.017|0.918|0.00889811|20|3|250
62,dc,-0.004,3085.215433,0.133|0.065|0.017|0.918|0.00889811|20|3|250
62,dc,0.004,3085.215433,0.133|0.065|0.017|0.918|0.00889811|20|3|250
62,dc,0.008,3085.215433,0.133|0.065|0.017|0.918|0.00889811|20|3|250
62,dc,0.012,3085.215433,0.133|0.065|0.017|0.918|0.00889811|20|3|250
62,dc,0.017,3085.215433,0.133|0.065|0.017|0.918|0.00889811|20|3|250
62,dc,0.025,3085.215433,0.133|0.065|0.017|0.918|0.00889811|20|3|250
62,dc,0.04,3085.215433,0.133|0.065|0.017|0.918|0.00889811|20|3|250
63,f0,0,1202.95729,0.087|0.085|0.009|0.906|0.00761151|20|3|225
63,u,-2.5,33974.51075,0.087|0.085|0.009|0.906|0.00761151|20|3|225
63,u,-1.5,31991.3268,0.087|0.085|0.009|0.906|0.00761151|20|3|225
63,u,-1,30344.34976,0.087|0.085|0.009|0.906|0.00761151|20|3|225
63,u,-0.7,29199.65911,0.087|0.085|0.009|0.906|0.00761151|20|3|225
63,u,-0.5,28442.97908,0.087|0.085|0.009|0.906|0.00761151|20|3|225
63,u,-0.35,7266.182824,0.087|0.085|0.009|0.906|0.00761151|20|3|225
63,u,-0.25,2058.063998,0.087|0.085|0.009|0.906|0.00761151|20|3|225
63,u,-0.2,1641.477904,0.087|0.085|0.009|0.906|0.00761151|20|3|225
63,u,-0.15,1439.058208,0.087|0.085|0.009|0.906|0.00761151|20|3|225
63,u,-0.1,1314.453471,0.087|0.085|0.009|0.906|0.00761151|20|3|225
63,u,-0.075,1277.759796,0.087|0.085|0.009|0.906|0.00761151|20|3|225
63,u,-0.05,1243.709024,0.087|0.085|0.009|0.906|0.00761151|20|3|225
63,u,-0.03,1224.653828,0.087|0.085|0.009|0.906|0.00761151|20|3|225
63,u,-0.02,1220.78868,0.087|0.085|0.009|0.906|0.00761151|20|3|225
63,u,-0.01,1206.549996,0.087|0.085|0.009|0.906|0.00761151|20|3|225
63,u,0.01,1189.336149,0.087|0.085|0.009|0.906|0.00761151|20|3|225
63,u,0.02,1185.997297,0.087|0.085|0.009|0.906|0.00761151|20|3|225
63,u,0.03,1172.956427,0.087|0.085|0.009|0.906|0.00761151|20|3|225
63,u,0.05,1166.797648,0.087|0.085|0.009|0.906|0.00761151|20|3|225
63,u,0.075,1150.235496,0.087|0.085|0.009|0.906|0.00761151|20|3|225
63,u,0.1,1134.592258,0.087|0.085|0.009|0.906|0.00761151|20|3|225
63,u,0.15,1122.120284,0.087|0.085|0.009|0.906|0.00761151|20|3|225
63,u,0.2,1102.834827,0.087|0.085|0.009|0.906|0.00761151|20|3|225
63,u,0.25,1085.294313,0.087|0.085|0.009|0.906|0.00761151|20|3|225
63,u,0.35,1067.222986,0.087|0.085|0.009|0.906|0.00761151|20|3|225
63,u,0.5,1113.843836,0.087|0.085|0.009|0.906|0.00761151|20|3|225
63,u,0.7,3218.499054,0.087|0.085|0.009|0.906|0.00761151|20|3|225
63,u,1,,0.087|0.085|0.009|0.906|0.00761151|20|3|225
63,u,1.5,,0.087|0.085|0.009|0.906|0.00761151|20|3|225
63,v,-2.5,1548.013245,0.087|0.085|0.009|0.906|0.00761151|20|3|225
63,v,-1.5,1347.612581,0.087|0.085|0.009|0.906|0.00761151|20|3|225
63,v,-1,1284.43412,0.087|0.085|0.009|0.906|0.00761151|20|3|225
63,v,-0.7,1254.686764,0.087|0.085|0.009|0.906|0.00761151|20|3|225
63,v,-0.35,1226.116166,0.087|0.085|0.009|0.906|0.00761151|20|3|225
63,v,-0.15,1212.290518,0.087|0.085|0.009|0.906|0.00761151|20|3|225
63,v,-0.05,1205.975514,0.087|0.085|0.009|0.906|0.00761151|20|3|225
63,v,0.05,1200.028268,0.087|0.085|0.009|0.906|0.00761151|20|3|225
63,v,0.15,1194.427362,0.087|0.085|0.009|0.906|0.00761151|20|3|225
63,v,0.35,1184.18507,0.087|0.085|0.009|0.906|0.00761151|20|3|225
63,v,0.7,1168.968604,0.087|0.085|0.009|0.906|0.00761151|20|3|225
63,v,1,1158.241858,0.087|0.085|0.009|0.906|0.00761151|20|3|225
63,v,1.5,1144.144837,0.087|0.085|0.009|0.906|0.00761151|20|3|225
63,d4,-0.009,1101.73463,0.087|0.085|0.009|0.906|0.00761151|20|3|225
63,d4,-0.008,1112.71676,0.087|0.085|0.009|0.906|0.00761151|20|3|225
63,d4,-0.004,1157.290815,0.087|0.085|0.009|0.906|0.00761151|20|3|225
63,d4,0.004,1239.312216,0.087|0.085|0.009|0.906|0.00761151|20|3|225
63,d4,0.008,1287.111168,0.087|0.085|0.009|0.906|0.00761151|20|3|225
63,d4,0.012,1325.243458,0.087|0.085|0.009|0.906|0.00761151|20|3|225
63,d4,0.017,1376.886919,0.087|0.085|0.009|0.906|0.00761151|20|3|225
63,d4,0.025,1458.019291,0.087|0.085|0.009|0.906|0.00761151|20|3|225
63,d4,0.04,1604.721344,0.087|0.085|0.009|0.906|0.00761151|20|3|225
63,d4,0.06,1815.187174,0.087|0.085|0.009|0.906|0.00761151|20|3|225
63,dc,-0.15,1202.95729,0.087|0.085|0.009|0.906|0.00761151|20|3|225
63,dc,-0.1,1202.95729,0.087|0.085|0.009|0.906|0.00761151|20|3|225
63,dc,-0.06,1202.95729,0.087|0.085|0.009|0.906|0.00761151|20|3|225
63,dc,-0.04,1202.95729,0.087|0.085|0.009|0.906|0.00761151|20|3|225
63,dc,-0.025,1202.95729,0.087|0.085|0.009|0.906|0.00761151|20|3|225
63,dc,-0.017,1202.95729,0.087|0.085|0.009|0.906|0.00761151|20|3|225
63,dc,-0.012,1202.95729,0.087|0.085|0.009|0.906|0.00761151|20|3|225
63,dc,-0.008,1202.95729,0.087|0.085|0.009|0.906|0.00761151|20|3|225
63,dc,-0.004,1202.95729,0.087|0.085|0.009|0.906|0.00761151|20|3|225
63,dc,0.004,1202.95729,0.087|0.085|0.009|0.906|0.00761151|20|3|225
63,dc,0.008,1202.95729,0.087|0.085|0.009|0.906|0.00761151|20|3|225
63,dc,0.012,1202.95729,0.087|0.085|0.009|0.906|0.00761151|20|3|225
63,dc,0.017,1202.95729,0.087|0.085|0.009|0.906|0.00761151|20|3|225
63,dc,0.025,1202.95729,0.087|0.085|0.009|0.906|0.00761151|20|3|225
63,dc,0.04,1202.95729,0.087|0.085|0.009|0.906|0.00761151|20|3|225
63,dc,0.06,1202.95729,0.087|0.085|0.009|0.906|0.00761151|20|3|225
64,f0,0,2577.776471,0.01|0.69|0|0.31|0.00710202|20|3|175
64,u,-2.5,9578.180171,0.01|0.69|0|0.31|0.00710202|20|3|175
64,u,-1.5,4280.912474,0.01|0.69|0|0.31|0.00710202|20|3|175
64,u,-1,3051.009235,0.01|0.69|0|0.31|0.00710202|20|3|175
64,u,-0.7,2769.615549,0.01|0.69|0|0.31|0.00710202|20|3|175
64,u,-0.5,2647.652562,0.01|0.69|0|0.31|0.00710202|20|3|175
64,u,-0.35,2737.964241,0.01|0.69|0|0.31|0.00710202|20|3|175
64,u,-0.25,2583.424993,0.01|0.69|0|0.31|0.00710202|20|3|175
64,u,-0.2,2642.227375,0.01|0.69|0|0.31|0.00710202|20|3|175
64,u,-0.15,2567.47141,0.01|0.69|0|0.31|0.00710202|20|3|175
64,u,-0.1,2614.47436,0.01|0.69|0|0.31|0.00710202|20|3|175
64,u,-0.075,2577.232786,0.01|0.69|0|0.31|0.00710202|20|3|175
64,u,-0.05,2540.893789,0.01|0.69|0|0.31|0.00710202|20|3|175
64,u,-0.03,2622.678996,0.01|0.69|0|0.31|0.00710202|20|3|175
64,u,-0.02,2607.564302,0.01|0.69|0|0.31|0.00710202|20|3|175
64,u,-0.01,2592.597276,0.01|0.69|0|0.31|0.00710202|20|3|175
64,u,0.01,2563.10045,0.01|0.69|0|0.31|0.00710202|20|3|175
64,u,0.02,2548.567794,0.01|0.69|0|0.31|0.00710202|20|3|175
64,u,0.03,2534.177096,0.01|0.69|0|0.31|0.00710202|20|3|175
64,u,0.05,2505.816018,0.01|0.69|0|0.31|0.00710202|20|3|175
64,u,0.075,2570.35732,0.01|0.69|0|0.31|0.00710202|20|3|175
64,u,0.1,2534.05222,0.01|0.69|0|0.31|0.00710202|20|3|175
64,u,0.15,2556.102315,0.01|0.69|0|0.31|0.00710202|20|3|175
64,u,0.2,2484.940618,0.01|0.69|0|0.31|0.00710202|20|3|175
64,u,0.25,2500.435898,0.01|0.69|0|0.31|0.00710202|20|3|175
64,u,0.35,2517.105932,0.01|0.69|0|0.31|0.00710202|20|3|175
64,u,0.5,2447.650267,0.01|0.69|0|0.31|0.00710202|20|3|175
64,u,0.7,2412.00748,0.01|0.69|0|0.31|0.00710202|20|3|175
64,u,1,1487.588033,0.01|0.69|0|0.31|0.00710202|20|3|175
64,u,1.5,1072.434303,0.01|0.69|0|0.31|0.00710202|20|3|175
64,v,-2.5,2937.478498,0.01|0.69|0|0.31|0.00710202|20|3|175
64,v,-1.5,2728.571728,0.01|0.69|0|0.31|0.00710202|20|3|175
64,v,-1,2662.711625,0.01|0.69|0|0.31|0.00710202|20|3|175
64,v,-0.7,2631.701628,0.01|0.69|0|0.31|0.00710202|20|3|175
64,v,-0.35,2601.918337,0.01|0.69|0|0.31|0.00710202|20|3|175
64,v,-0.15,2587.505852,0.01|0.69|0|0.31|0.00710202|20|3|175
64,v,-0.05,2580.922805,0.01|0.69|0|0.31|0.00710202|20|3|175
64,v,0.05,2574.723125,0.01|0.69|0|0.31|0.00710202|20|3|175
64,v,0.15,2568.884486,0.01|0.69|0|0.31|0.00710202|20|3|175
64,v,0.35,2558.207454,0.01|0.69|0|0.31|0.00710202|20|3|175
64,v,0.7,2542.345118,0.01|0.69|0|0.31|0.00710202|20|3|175
64,v,1,2531.16307,0.01|0.69|0|0.31|0.00710202|20|3|175
64,v,1.5,2516.467694,0.01|0.69|0|0.31|0.00710202|20|3|175
64,d4,0.004,2592.878255,0.01|0.69|0|0.31|0.00710202|20|3|175
64,d4,0.008,2608.15563,0.01|0.69|0|0.31|0.00710202|20|3|175
64,d4,0.012,2623.611689,0.01|0.69|0|0.31|0.00710202|20|3|175
64,d4,0.017,2643.187869,0.01|0.69|0|0.31|0.00710202|20|3|175
64,d4,0.025,2786.006257,0.01|0.69|0|0.31|0.00710202|20|3|175
64,d4,0.04,2850.4493,0.01|0.69|0|0.31|0.00710202|20|3|175
64,d4,0.06,3058.025391,0.01|0.69|0|0.31|0.00710202|20|3|175
64,d4,0.1,3390.008126,0.01|0.69|0|0.31|0.00710202|20|3|175
64,d4,0.15,3975.272779,0.01|0.69|0|0.31|0.00710202|20|3|175
64,dc,-0.15,1787.243895,0.01|0.69|0|0.31|0.00710202|20|3|175
64,dc,-0.1,1955.850564,0.01|0.69|0|0.31|0.00710202|20|3|175
64,dc,-0.06,2224.554884,0.01|0.69|0|0.31|0.00710202|20|3|175
64,dc,-0.04,2268.520318,0.01|0.69|0|0.31|0.00710202|20|3|175
64,dc,-0.025,2406.323894,0.01|0.69|0|0.31|0.00710202|20|3|175
64,dc,-0.017,2426.477477,0.01|0.69|0|0.31|0.00710202|20|3|175
64,dc,-0.012,2439.303844,0.01|0.69|0|0.31|0.00710202|20|3|175
64,dc,-0.008,2555.447271,0.01|0.69|0|0.31|0.00710202|20|3|175
64,dc,-0.004,2566.548266,0.01|0.69|0|0.31|0.00710202|20|3|175
64,dc,0.004,2589.134098,0.01|0.69|0|0.31|0.00710202|20|3|175
64,dc,0.008,2600.623411,0.01|0.69|0|0.31|0.00710202|20|3|175
64,dc,0.012,2612.246729,0.01|0.69|0|0.31|0.00710202|20|3|175
64,dc,0.017,2626.967936,0.01|0.69|0|0.31|0.00710202|20|3|175
64,dc,0.025,2761.892375,0.01|0.69|0|0.31|0.00710202|20|3|175
64,dc,0.04,2810.977048,0.01|0.69|0|0.31|0.00710202|20|3|175
64,dc,0.06,2997.002983,0.01|0.69|0|0.31|0.00710202|20|3|175
64,dc,0.1,3281.526255,0.01|0.69|0|0.31|0.00710202|20|3|175
64,dc,0.15,3797.862378,0.01|0.69|0|0.31|0.00710202|20|3|175
65,f0,0,1469.902981,0.047|0.113|0.004|0.883|0.0054665|20|3|200
65,u,-2.5,27906.76698,0.047|0.113|0.004|0.883|0.0054665|20|3|200
65,u,-1.5,24819.40498,0.047|0.113|0.004|0.883|0.0054665|20|3|200
65,u,-1,23852.93256,0.047|0.113|0.004|0.883|0.0054665|20|3|200
65,u,-0.7,23217.42111,0.047|0.113|0.004|0.883|0.0054665|20|3|200
65,u,-0.5,22751.79106,0.047|0.113|0.004|0.883|0.0054665|20|3|200
65,u,-0.35,22350.45682,0.047|0.113|0.004|0.883|0.0054665|20|3|200
65,u,-0.25,22097.38125,0.047|0.113|0.004|0.883|0.0054665|20|3|200
65,u,-0.2,22002.84794,0.047|0.113|0.004|0.883|0.0054665|20|3|200
65,u,-0.15,5600.454497,0.047|0.113|0.004|0.883|0.0054665|20|3|200
65,u,-0.1,2502.306879,0.047|0.113|0.004|0.883|0.0054665|20|3|200
65,u,-0.075,2009.250413,0.047|0.113|0.004|0.883|0.0054665|20|3|200
65,u,-0.05,1750.991248,0.047|0.113|0.004|0.883|0.0054665|20|3|200
65,u,-0.03,1618.584319,0.047|0.113|0.004|0.883|0.0054665|20|3|200
65,u,-0.02,1558.126314,0.047|0.113|0.004|0.883|0.0054665|20|3|200
65,u,-0.01,1501.034297,0.047|0.113|0.004|0.883|0.0054665|20|3|200
65,u,0.01,1440.011364,0.047|0.113|0.004|0.883|0.0054665|20|3|200
65,u,0.02,1411.284667,0.047|0.113|0.004|0.883|0.0054665|20|3|200
65,u,0.03,1383.654139,0.047|0.113|0.004|0.883|0.0054665|20|3|200
65,u,0.05,1331.433155,0.047|0.113|0.004|0.883|0.0054665|20|3|200
65,u,0.075,1299.75003,0.047|0.113|0.004|0.883|0.0054665|20|3|200
65,u,0.1,1252.022284,0.047|0.113|0.004|0.883|0.0054665|20|3|200
65,u,0.15,1216.630603,0.047|0.113|0.004|0.883|0.0054665|20|3|200
65,u,0.2,1169.540274,0.047|0.113|0.004|0.883|0.0054665|20|3|200
65,u,0.25,1156.525053,0.047|0.113|0.004|0.883|0.0054665|20|3|200
65,u,0.35,1120.383649,0.047|0.113|0.004|0.883|0.0054665|20|3|200
65,u,0.5,1082.058916,0.047|0.113|0.004|0.883|0.0054665|20|3|200
65,u,0.7,1054.125725,0.047|0.113|0.004|0.883|0.0054665|20|3|200
65,u,1,1047.109605,0.047|0.113|0.004|0.883|0.0054665|20|3|200
65,u,1.5,1820.248368,0.047|0.113|0.004|0.883|0.0054665|20|3|200
65,v,-2.5,1890.771468,0.047|0.113|0.004|0.883|0.0054665|20|3|200
65,v,-1.5,1646.340607,0.047|0.113|0.004|0.883|0.0054665|20|3|200
65,v,-1,1569.281153,0.047|0.113|0.004|0.883|0.0054665|20|3|200
65,v,-0.7,1532.99798,0.047|0.113|0.004|0.883|0.0054665|20|3|200
65,v,-0.35,1498.150113,0.047|0.113|0.004|0.883|0.0054665|20|3|200
65,v,-0.15,1481.28682,0.047|0.113|0.004|0.883|0.0054665|20|3|200
65,v,-0.05,1473.584342,0.047|0.113|0.004|0.883|0.0054665|20|3|200
65,v,0.05,1466.330421,0.047|0.113|0.004|0.883|0.0054665|20|3|200
65,v,0.15,1459.498935,0.047|0.113|0.004|0.883|0.0054665|20|3|200
65,v,0.35,1447.0063,0.047|0.113|0.004|0.883|0.0054665|20|3|200
65,v,0.7,1428.446612,0.047|0.113|0.004|0.883|0.0054665|20|3|200
65,v,1,1415.363084,0.047|0.113|0.004|0.883|0.0054665|20|3|200
65,v,1.5,1398.168795,0.047|0.113|0.004|0.883|0.0054665|20|3|200
65,d4,-0.004,1374.013833,0.047|0.113|0.004|0.883|0.0054665|20|3|200
65,d4,0.004,1571.082208,0.047|0.113|0.004|0.883|0.0054665|20|3|200
65,d4,0.008,1652.529511,0.047|0.113|0.004|0.883|0.0054665|20|3|200
65,d4,0.012,1737.643357,0.047|0.113|0.004|0.883|0.0054665|20|3|200
65,d4,0.017,1856.573685,0.047|0.113|0.004|0.883|0.0054665|20|3|200
65,d4,0.025,2019.84344,0.047|0.113|0.004|0.883|0.0054665|20|3|200
65,d4,0.04,2316.67822,0.047|0.113|0.004|0.883|0.0054665|20|3|200
65,d4,0.06,2715.685105,0.047|0.113|0.004|0.883|0.0054665|20|3|200
65,d4,0.1,3595.857713,0.047|0.113|0.004|0.883|0.0054665|20|3|200
65,dc,-0.15,1469.902981,0.047|0.113|0.004|0.883|0.0054665|20|3|200
65,dc,-0.1,1469.902981,0.047|0.113|0.004|0.883|0.0054665|20|3|200
65,dc,-0.06,1469.902981,0.047|0.113|0.004|0.883|0.0054665|20|3|200
65,dc,-0.04,1469.902981,0.047|0.113|0.004|0.883|0.0054665|20|3|200
65,dc,-0.025,1469.902981,0.047|0.113|0.004|0.883|0.0054665|20|3|200
65,dc,-0.017,1469.902981,0.047|0.113|0.004|0.883|0.0054665|20|3|200
65,dc,-0.012,1469.902981,0.047|0.113|0.004|0.883|0.0054665|20|3|200
65,dc,-0.008,1469.902981,0.047|0.113|0.004|0.883|0.0054665|20|3|200
65,dc,-0.004,1469.902981,0.047|0.113|0.004|0.883|0.0054665|20|3|200
65,dc,0.004,1469.902981,0.047|0.113|0.004|0.883|0.0054665|20|3|200
65,dc,0.008,1469.902981,0.047|0.113|0.004|0.883|0.0054665|20|3|200
65,dc,0.012,1469.902981,0.047|0.113|0.004|0.883|0.0054665|20|3|200
65,dc,0.017,1469.902981,0.047|0.113|0.004|0.883|0.0054665|20|3|200
65,dc,0.025,1469.902981,0.047|0.113|0.004|0.883|0.0054665|20|3|200
65,dc,0.04,1469.902981,0.047|0.113|0.004|0.883|0.0054665|20|3|200
65,dc,0.06,1469.902981,0.047|0.113|0.004|0.883|0.0054665|20|3|200
65,dc,0.1,1469.902981,0.047|0.113|0.004|0.883|0.0054665|20|3|200
66,f0,0,1998.074412,0.026|0.19|0.002|0.808|0.00508463|20|3|175
66,u,-2.5,17801.64587,0.026|0.19|0.002|0.808|0.00508463|20|3|175
66,u,-1.5,14744.3025,0.026|0.19|0.002|0.808|0.00508463|20|3|175
66,u,-1,14307.85101,0.026|0.19|0.002|0.808|0.00508463|20|3|175
66,u,-0.7,13886.91627,0.026|0.19|0.002|0.808|0.00508463|20|3|175
66,u,-0.5,13737.11906,0.026|0.19|0.002|0.808|0.00508463|20|3|175
66,u,-0.35,13399.09136,0.026|0.19|0.002|0.808|0.00508463|20|3|175
66,u,-0.25,13286.76422,0.026|0.19|0.002|0.808|0.00508463|20|3|175
66,u,-0.2,13288.86459,0.026|0.19|0.002|0.808|0.00508463|20|3|175
66,u,-0.15,13263.91747,0.026|0.19|0.002|0.808|0.00508463|20|3|175
66,u,-0.1,13214.53384,0.026|0.19|0.002|0.808|0.00508463|20|3|175
66,u,-0.075,8812.957708,0.026|0.19|0.002|0.808|0.00508463|20|3|175
66,u,-0.05,3804.150678,0.026|0.19|0.002|0.808|0.00508463|20|3|175
66,u,-0.03,2759.002121,0.026|0.19|0.002|0.808|0.00508463|20|3|175
66,u,-0.02,2419.67455,0.026|0.19|0.002|0.808|0.00508463|20|3|175
66,u,-0.01,2195.273127,0.026|0.19|0.002|0.808|0.00508463|20|3|175
66,u,0.01,1874.121293,0.026|0.19|0.002|0.808|0.00508463|20|3|175
66,u,0.02,1760.504514,0.026|0.19|0.002|0.808|0.00508463|20|3|175
66,u,0.03,1701.376557,0.026|0.19|0.002|0.808|0.00508463|20|3|175
66,u,0.05,1550.495224,0.026|0.19|0.002|0.808|0.00508463|20|3|175
66,u,0.075,1451.914537,0.026|0.19|0.002|0.808|0.00508463|20|3|175
66,u,0.1,1399.079312,0.026|0.19|0.002|0.808|0.00508463|20|3|175
66,u,0.15,1305.417589,0.026|0.19|0.002|0.808|0.00508463|20|3|175
66,u,0.2,1254.369552,0.026|0.19|0.002|0.808|0.00508463|20|3|175
66,u,0.25,1209.21865,0.026|0.19|0.002|0.808|0.00508463|20|3|175
66,u,0.35,1156.940283,0.026|0.19|0.002|0.808|0.00508463|20|3|175
66,u,0.5,1105.160066,0.026|0.19|0.002|0.808|0.00508463|20|3|175
66,u,0.7,1074.627735,0.026|0.19|0.002|0.808|0.00508463|20|3|175
66,u,1,1050.889605,0.026|0.19|0.002|0.808|0.00508463|20|3|175
66,u,1.5,1034.53295,0.026|0.19|0.002|0.808|0.00508463|20|3|175
66,v,-2.5,2437.632634,0.026|0.19|0.002|0.808|0.00508463|20|3|175
66,v,-1.5,2182.347199,0.026|0.19|0.002|0.808|0.00508463|20|3|175
66,v,-1,2101.865724,0.026|0.19|0.002|0.808|0.00508463|20|3|175
66,v,-0.7,2063.971305,0.026|0.19|0.002|0.808|0.00508463|20|3|175
66,v,-0.35,2027.57593,0.026|0.19|0.002|0.808|0.00508463|20|3|175
66,v,-0.15,2009.96378,0.026|0.19|0.002|0.808|0.00508463|20|3|175
66,v,-0.05,2001.919253,0.026|0.19|0.002|0.808|0.00508463|20|3|175
66,v,0.05,1994.343203,0.026|0.19|0.002|0.808|0.00508463|20|3|175
66,v,0.15,1987.208348,0.026|0.19|0.002|0.808|0.00508463|20|3|175
66,v,0.35,1974.160947,0.026|0.19|0.002|0.808|0.00508463|20|3|175
66,v,0.7,1954.777068,0.026|0.19|0.002|0.808|0.00508463|20|3|175
66,v,1,1941.112532,0.026|0.19|0.002|0.808|0.00508463|20|3|175
66,v,1.5,1923.154688,0.026|0.19|0.002|0.808|0.00508463|20|3|175
66,d4,-0.002,1885.418769,0.026|0.19|0.002|0.808|0.00508463|20|3|175
66,d4,0.004,2181.935581,0.026|0.19|0.002|0.808|0.00508463|20|3|175
66,d4,0.008,2383.083136,0.026|0.19|0.002|0.808|0.00508463|20|3|175
66,d4,0.012,2531.824352,0.026|0.19|0.002|0.808|0.00508463|20|3|175
66,d4,0.017,2771.183189,0.026|0.19|0.002|0.808|0.00508463|20|3|175
66,d4,0.025,3047.100056,0.026|0.19|0.002|0.808|0.00508463|20|3|175
66,d4,0.04,3698.606014,0.026|0.19|0.002|0.808|0.00508463|20|3|175
66,d4,0.06,4563.472546,0.026|0.19|0.002|0.808|0.00508463|20|3|175
66,d4,0.1,6553.57261,0.026|0.19|0.002|0.808|0.00508463|20|3|175
66,d4,0.15,9869.821684,0.026|0.19|0.002|0.808|0.00508463|20|3|175
66,dc,-0.15,1998.074412,0.026|0.19|0.002|0.808|0.00508463|20|3|175
66,dc,-0.1,1998.074412,0.026|0.19|0.002|0.808|0.00508463|20|3|175
66,dc,-0.06,1998.074412,0.026|0.19|0.002|0.808|0.00508463|20|3|175
66,dc,-0.04,1998.074412,0.026|0.19|0.002|0.808|0.00508463|20|3|175
66,dc,-0.025,1998.074412,0.026|0.19|0.002|0.808|0.00508463|20|3|175
66,dc,-0.017,1998.074412,0.026|0.19|0.002|0.808|0.00508463|20|3|175
66,dc,-0.012,1998.074412,0.026|0.19|0.002|0.808|0.00508463|20|3|175
66,dc,-0.008,1998.074412,0.026|0.19|0.002|0.808|0.00508463|20|3|175
66,dc,-0.004,1998.074412,0.026|0.19|0.002|0.808|0.00508463|20|3|175
66,dc,0.004,1998.074412,0.026|0.19|0.002|0.808|0.00508463|20|3|175
66,dc,0.008,1998.074412,0.026|0.19|0.002|0.808|0.00508463|20|3|175
66,dc,0.012,1998.074412,0.026|0.19|0.002|0.808|0.00508463|20|3|175
66,dc,0.017,1998.074412,0.026|0.19|0.002|0.808|0.00508463|20|3|175
66,dc,0.025,1998.074412,0.026|0.19|0.002|0.808|0.00508463|20|3|175
66,dc,0.04,1998.074412,0.026|0.19|0.002|0.808|0.00508463|20|3|175
66,dc,0.06,1998.074412,0.026|0.19|0.002|0.808|0.00508463|20|3|175
66,dc,0.1,1998.074412,0.026|0.19|0.002|0.808|0.00508463|20|3|175
66,dc,0.15,1998.074412,0.026|0.19|0.002|0.808|0.00508463|20|3|175
67,f0,0,4193.124496,0.002|0.81|0|0.19|0.00166743|20|3|225
67,u,-2.5,36522.65232,0.002|0.81|0|0.19|0.00166743|20|3|225
67,u,-1.5,14353.60234,0.002|0.81|0|0.19|0.00166743|20|3|225
67,u,-1,9232.548499,0.002|0.81|0|0.19|0.00166743|20|3|225
67,u,-0.7,7175.228919,0.002|0.81|0|0.19|0.00166743|20|3|225
67,u,-0.5,6105.2311,0.002|0.81|0|0.19|0.00166743|20|3|225
67,u,-0.35,5430.150303,0.002|0.81|0|0.19|0.00166743|20|3|225
67,u,-0.25,5032.342743,0.002|0.81|0|0.19|0.00166743|20|3|225
67,u,-0.2,4847.626177,0.002|0.81|0|0.19|0.00166743|20|3|225
67,u,-0.15,4671.762435,0.002|0.81|0|0.19|0.00166743|20|3|225
67,u,-0.1,4504.324928,0.002|0.81|0|0.19|0.00166743|20|3|225
67,u,-0.075,4423.638377,0.002|0.81|0|0.19|0.00166743|20|3|225
67,u,-0.05,4344.907715,0.002|0.81|0|0.19|0.00166743|20|3|225
67,u,-0.03,4283.299343,0.002|0.81|0|0.19|0.00166743|20|3|225
67,u,-0.02,4252.945639,0.002|0.81|0|0.19|0.00166743|20|3|225
67,u,-0.01,4222.888327,0.002|0.81|0|0.19|0.00166743|20|3|225
67,u,0.01,4163.651264,0.002|0.81|0|0.19|0.00166743|20|3|225
67,u,0.02,4134.465776,0.002|0.81|0|0.19|0.00166743|20|3|225
67,u,0.03,4105.565208,0.002|0.81|0|0.19|0.00166743|20|3|225
67,u,0.05,4048.607665,0.002|0.81|0|0.19|0.00166743|20|3|225
67,u,0.075,3978.964152,0.002|0.81|0|0.19|0.00166743|20|3|225
67,u,0.1,3911.007394,0.002|0.81|0|0.19|0.00166743|20|3|225
67,u,0.15,3779.990779,0.002|0.81|0|0.19|0.00166743|20|3|225
67,u,0.2,3655.241014,0.002|0.81|0|0.19|0.00166743|20|3|225
67,u,0.25,3536.45661,0.002|0.81|0|0.19|0.00166743|20|3|225
67,u,0.35,3315.650094,0.002|0.81|0|0.19|0.00166743|20|3|225
67,u,0.5,3022.444469,0.002|0.81|0|0.19|0.00166743|20|3|225
67,u,0.7,2692.77749,0.002|0.81|0|0.19|0.00166743|20|3|225
67,u,1,2304.650229,0.002|0.81|0|0.19|0.00166743|20|3|225
67,u,1.5,2066.862982,0.002|0.81|0|0.19|0.00166743|20|3|225
67,v,-2.5,5051.235467,0.002|0.81|0|0.19|0.00166743|20|3|225
67,v,-1.5,4552.864099,0.002|0.81|0|0.19|0.00166743|20|3|225
67,v,-1,4395.747174,0.002|0.81|0|0.19|0.00166743|20|3|225
67,v,-0.7,4321.769223,0.002|0.81|0|0.19|0.00166743|20|3|225
67,v,-0.35,4250.717723,0.002|0.81|0|0.19|0.00166743|20|3|225
67,v,-0.15,4216.335066,0.002|0.81|0|0.19|0.00166743|20|3|225
67,v,-0.05,4200.630442,0.002|0.81|0|0.19|0.00166743|20|3|225
67,v,0.05,4185.840385,0.002|0.81|0|0.19|0.00166743|20|3|225
67,v,0.15,4171.911633,0.002|0.81|0|0.19|0.00166743|20|3|225
67,v,0.35,4146.440334,0.002|0.81|0|0.19|0.00166743|20|3|225
67,v,0.7,4108.598888,0.002|0.81|0|0.19|0.00166743|20|3|225
67,v,1,4081.922813,0.002|0.81|0|0.19|0.00166743|20|3|225
67,v,1.5,4046.865289,0.002|0.81|0|0.19|0.00166743|20|3|225
67,d4,0.004,4213.215463,0.002|0.81|0|0.19|0.00166743|20|3|225
67,d4,0.008,4233.505029,0.002|0.81|0|0.19|0.00166743|20|3|225
67,d4,0.012,4253.996167,0.002|0.81|0|0.19|0.00166743|20|3|225
67,d4,0.017,4279.898175,0.002|0.81|0|0.19|0.00166743|20|3|225
67,d4,0.025,4322.02154,0.002|0.81|0|0.19|0.00166743|20|3|225
67,d4,0.04,4403.34078,0.002|0.81|0|0.19|0.00166743|20|3|225
67,d4,0.06,4516.780757,0.002|0.81|0|0.19|0.00166743|20|3|225
67,d4,0.1,4762.660069,0.002|0.81|0|0.19|0.00166743|20|3|225
67,d4,0.15,5111.54167,0.002|0.81|0|0.19|0.00166743|20|3|225
67,dc,-0.15,3660.717472,0.002|0.81|0|0.19|0.00166743|20|3|225
67,dc,-0.1,3818.896138,0.002|0.81|0|0.19|0.00166743|20|3|225
67,dc,-0.06,3958.375775,0.002|0.81|0|0.19|0.00166743|20|3|225
67,dc,-0.04,4032.982532,0.002|0.81|0|0.19|0.00166743|20|3|225
67,dc,-0.025,4091.257024,0.002|0.81|0|0.19|0.00166743|20|3|225
67,dc,-0.017,4123.191682,0.002|0.81|0|0.19|0.00166743|20|3|225
67,dc,-0.012,4143.463087,0.002|0.81|0|0.19|0.00166743|20|3|225
67,dc,-0.008,4159.856719,0.002|0.81|0|0.19|0.00166743|20|3|225
67,dc,-0.004,4176.409739,0.002|0.81|0|0.19|0.00166743|20|3|225
67,dc,0.004,4210.003385,0.002|0.81|0|0.19|0.00166743|20|3|225
67,dc,0.008,4227.048846,0.002|0.81|0|0.19|0.00166743|20|3|225
67,dc,0.012,4244.263372,0.002|0.81|0|0.19|0.00166743|20|3|225
67,dc,0.017,4266.023153,0.002|0.81|0|0.19|0.00166743|20|3|225
67,dc,0.025,4301.409247,0.002|0.81|0|0.19|0.00166743|20|3|225
67,dc,0.04,4369.718944,0.002|0.81|0|0.19|0.00166743|20|3|225
67,dc,0.06,4465.003744,0.002|0.81|0|0.19|0.00166743|20|3|225
67,dc,0.1,4671.505592,0.002|0.81|0|0.19|0.00166743|20|3|225
67,dc,0.15,4964.456243,0.002|0.81|0|0.19|0.00166743|20|3|225
68,f0,0,4237.478201,0.002|0.8|0|0.2|0.00164685|20|3|225
68,u,-2.5,36966.52878,0.002|0.8|0|0.2|0.00164685|20|3|225
68,u,-1.5,14523.04605,0.002|0.8|0|0.2|0.00164685|20|3|225
68,u,-1,9338.815996,0.002|0.8|0|0.2|0.00164685|20|3|225
68,u,-0.7,7256.173204,0.002|0.8|0|0.2|0.00164685|20|3|225
68,u,-0.5,6173.025987,0.002|0.8|0|0.2|0.00164685|20|3|225
68,u,-0.35,5489.659139,0.002|0.8|0|0.2|0.00164685|20|3|225
68,u,-0.25,5086.973392,0.002|0.8|0|0.2|0.00164685|20|3|225
68,u,-0.2,4899.99304,0.002|0.8|0|0.2|0.00164685|20|3|225
68,u,-0.15,4721.974874,0.002|0.8|0|0.2|0.00164685|20|3|225
68,u,-0.1,4552.487016,0.002|0.8|0|0.2|0.00164685|20|3|225
68,u,-0.075,4470.812733,0.002|0.8|0|0.2|0.00164685|20|3|225
68,u,-0.05,4391.118487,0.002|0.8|0|0.2|0.00164685|20|3|225
68,u,-0.03,4328.756239,0.002|0.8|0|0.2|0.00164685|20|3|225
68,u,-0.02,4298.031158,0.002|0.8|0|0.2|0.00164685|20|3|225
68,u,-0.01,4267.606128,0.002|0.8|0|0.2|0.00164685|20|3|225
68,u,0.01,4207.64446,0.002|0.8|0|0.2|0.00164685|20|3|225
68,u,0.02,4178.102015,0.002|0.8|0|0.2|0.00164685|20|3|225
68,u,0.03,4148.848006,0.002|0.8|0|0.2|0.00164685|20|3|225
68,u,0.05,4091.193992,0.002|0.8|0|0.2|0.00164685|20|3|225
68,u,0.075,4020.699062,0.002|0.8|0|0.2|0.00164685|20|3|225
68,u,0.1,3951.911698,0.002|0.8|0|0.2|0.00164685|20|3|225
68,u,0.15,3819.294288,0.002|0.8|0|0.2|0.00164685|20|3|225
68,u,0.2,3693.021031,0.002|0.8|0|0.2|0.00164685|20|3|225
68,u,0.25,3572.786701,0.002|0.8|0|0.2|0.00164685|20|3|225
68,u,0.35,3349.286995,0.002|0.8|0|0.2|0.00164685|20|3|225
68,u,0.5,3052.50992,0.002|0.8|0|0.2|0.00164685|20|3|225
68,u,0.7,2718.83559,0.002|0.8|0|0.2|0.00164685|20|3|225
68,u,1,2326.005954,0.002|0.8|0|0.2|0.00164685|20|3|225
68,u,1.5,2085.208218,0.002|0.8|0|0.2|0.00164685|20|3|225
68,v,-2.5,5102.007258,0.002|0.8|0|0.2|0.00164685|20|3|225
68,v,-1.5,4599.908411,0.002|0.8|0|0.2|0.00164685|20|3|225
68,v,-1,4441.616359,0.002|0.8|0|0.2|0.00164685|20|3|225
68,v,-0.7,4367.085103,0.002|0.8|0|0.2|0.00164685|20|3|225
68,v,-0.35,4295.502186,0.002|0.8|0|0.2|0.00164685|20|3|225
68,v,-0.15,4260.86237,0.002|0.8|0|0.2|0.00164685|20|3|225
68,v,-0.05,4245.040287,0.002|0.8|0|0.2|0.00164685|20|3|225
68,v,0.05,4230.13961,0.002|0.8|0|0.2|0.00164685|20|3|225
68,v,0.15,4216.10668,0.002|0.8|0|0.2|0.00164685|20|3|225
68,v,0.35,4190.444874,0.002|0.8|0|0.2|0.00164685|20|3|225
68,v,0.7,4152.320399,0.002|0.8|0|0.2|0.00164685|20|3|225
68,v,1,4125.444805,0.002|0.8|0|0.2|0.00164685|20|3|225
68,v,1.5,4090.125074,0.002|0.8|0|0.2|0.00164685|20|3|225
68,d4,0.004,4258.030627,0.002|0.8|0|0.2|0.00164685|20|3|225
68,d4,0.008,4278.788785,0.002|0.8|0|0.2|0.00164685|20|3|225
68,d4,0.012,4299.755795,0.002|0.8|0|0.2|0.00164685|20|3|225
68,d4,0.017,4326.263109,0.002|0.8|0|0.2|0.00164685|20|3|225
68,d4,0.025,4369.37986,0.002|0.8|0|0.2|0.00164685|20|3|225
68,d4,0.04,4452.648405,0.002|0.8|0|0.2|0.00164685|20|3|225
68,d4,0.06,4568.877208,0.002|0.8|0|0.2|0.00164685|20|3|225
68,d4,0.1,4821.079979,0.002|0.8|0|0.2|0.00164685|20|3|225
68,d4,0.15,5179.590767,0.002|0.8|0|0.2|0.00164685|20|3|225
68,dc,-0.15,3692.879545,0.002|0.8|0|0.2|0.00164685|20|3|225
68,dc,-0.1,3854.459917,0.002|0.8|0|0.2|0.00164685|20|3|225
68,dc,-0.06,3997.093513,0.002|0.8|0|0.2|0.00164685|20|3|225
68,dc,-0.04,4073.446834,0.002|0.8|0|0.2|0.00164685|20|3|225
68,dc,-0.025,4133.114457,0.002|0.8|0|0.2|0.00164685|20|3|225
68,dc,-0.017,4165.823323,0.002|0.8|0|0.2|0.00164685|20|3|225
68,dc,-0.012,4186.590135,0.002|0.8|0|0.2|0.00164685|20|3|225
68,dc,-0.008,4203.386655,0.002|0.8|0|0.2|0.00164685|20|3|225
68,dc,-0.004,4220.348522,0.002|0.8|0|0.2|0.00164685|20|3|225
68,dc,0.004,4254.77821,0.002|0.8|0|0.2|0.00164685|20|3|225
68,dc,0.008,4272.251113,0.002|0.8|0|0.2|0.00164685|20|3|225
68,dc,0.012,4289.899531,0.002|0.8|0|0.2|0.00164685|20|3|225
68,dc,0.017,4312.210944,0.002|0.8|0|0.2|0.00164685|20|3|225
68,dc,0.025,4348.501694,0.002|0.8|0|0.2|0.00164685|20|3|225
68,dc,0.04,4418.584329,0.002|0.8|0|0.2|0.00164685|20|3|225
68,dc,0.06,4516.400748,0.002|0.8|0|0.2|0.00164685|20|3|225
68,dc,0.1,4728.62375,0.002|0.8|0|0.2|0.00164685|20|3|225
68,dc,0.15,5030.243284,0.002|0.8|0|0.2|0.00164685|20|3|225
69,f0,0,5591.797984,0.002|0.58|0|0.42|0.00119396|20|3|250
69,u,-2.5,50581.77415,0.002|0.58|0|0.42|0.00119396|20|3|250
69,u,-1.5,19714.96265,0.002|0.58|0|0.42|0.00119396|20|3|250
69,u,-1,12592.25246,0.002|0.58|0|0.42|0.00119396|20|3|250
69,u,-0.7,9732.749552,0.002|0.58|0|0.42|0.00119396|20|3|250
69,u,-0.5,8246.258604,0.002|0.58|0|0.42|0.00119396|20|3|250
69,u,-0.35,7308.748574,0.002|0.58|0|0.42|0.00119396|20|3|250
69,u,-0.25,6756.452536,0.002|0.58|0|0.42|0.00119396|20|3|250
69,u,-0.2,6500.046217,0.002|0.58|0|0.42|0.00119396|20|3|250
69,u,-0.15,6255.957663,0.002|0.58|0|0.42|0.00119396|20|3|250
69,u,-0.1,6023.592558,0.002|0.58|0|0.42|0.00119396|20|3|250
69,u,-0.075,5911.628486,0.002|0.58|0|0.42|0.00119396|20|3|250
69,u,-0.05,5802.385376,0.002|0.58|0|0.42|0.00119396|20|3|250
69,u,-0.03,5716.905291,0.002|0.58|0|0.42|0.00119396|20|3|250
69,u,-0.02,5674.791908,0.002|0.58|0|0.42|0.00119396|20|3|250
69,u,-0.01,5633.090824,0.002|0.58|0|0.42|0.00119396|20|3|250
69,u,0.01,5550.909374,0.002|0.58|0|0.42|0.00119396|20|3|250
69,u,0.02,5510.421017,0.002|0.58|0|0.42|0.00119396|20|3|250
69,u,0.03,5470.328979,0.002|0.58|0|0.42|0.00119396|20|3|250
69,u,0.05,5391.318308,0.002|0.58|0|0.42|0.00119396|20|3|250
69,u,0.075,5294.715654,0.002|0.58|0|0.42|0.00119396|20|3|250
69,u,0.1,5200.45907,0.002|0.58|0|0.42|0.00119396|20|3|250
69,u,0.15,5018.756584,0.002|0.58|0|0.42|0.00119396|20|3|250
69,u,0.2,4845.769609,0.002|0.58|0|0.42|0.00119396|20|3|250
69,u,0.25,4681.07826,0.002|0.58|0|0.42|0.00119396|20|3|250
69,u,0.35,4375.003509,0.002|0.58|0|0.42|0.00119396|20|3|250
69,u,0.5,4351.510062,0.002|0.58|0|0.42|0.00119396|20|3|250
69,u,0.7,4138.714499,0.002|0.58|0|0.42|0.00119396|20|3|250
69,u,1,3902.759444,0.002|0.58|0|0.42|0.00119396|20|3|250
69,u,1.5,3629.408164,0.002|0.58|0|0.42|0.00119396|20|3|250
69,v,-2.5,6640.32145,0.002|0.58|0|0.42|0.00119396|20|3|250
69,v,-1.5,6031.362828,0.002|0.58|0|0.42|0.00119396|20|3|250
69,v,-1,5839.382084,0.002|0.58|0|0.42|0.00119396|20|3|250
69,v,-0.7,5748.988626,0.002|0.58|0|0.42|0.00119396|20|3|250
69,v,-0.35,5662.170991,0.002|0.58|0|0.42|0.00119396|20|3|250
69,v,-0.15,5620.158916,0.002|0.58|0|0.42|0.00119396|20|3|250
69,v,-0.05,5600.969479,0.002|0.58|0|0.42|0.00119396|20|3|250
69,v,0.05,5582.897548,0.002|0.58|0|0.42|0.00119396|20|3|250
69,v,0.15,5565.878044,0.002|0.58|0|0.42|0.00119396|20|3|250
69,v,0.35,5534.754733,0.002|0.58|0|0.42|0.00119396|20|3|250
69,v,0.7,5488.516373,0.002|0.58|0|0.42|0.00119396|20|3|250
69,v,1,5455.920949,0.002|0.58|0|0.42|0.00119396|20|3|250
69,v,1.5,5413.084255,0.002|0.58|0|0.42|0.00119396|20|3|250
69,d4,0.004,5629.059437,0.002|0.58|0|0.42|0.00119396|20|3|250
69,d4,0.008,5666.837773,0.002|0.58|0|0.42|0.00119396|20|3|250
69,d4,0.012,5705.143865,0.002|0.58|0|0.42|0.00119396|20|3|250
69,d4,0.017,5753.7857,0.002|0.58|0|0.42|0.00119396|20|3|250
69,d4,0.025,5833.420797,0.002|0.58|0|0.42|0.00119396|20|3|250
69,d4,0.04,5989.044501,0.002|0.58|0|0.42|0.00119396|20|3|250
69,d4,0.06,6210.39516,0.002|0.58|0|0.42|0.00119396|20|3|250
69,d4,0.1,6707.978298,0.002|0.58|0|0.42|0.00119396|20|3|250
69,d4,0.15,7459.06535,0.002|0.58|0|0.42|0.00119396|20|3|250
69,dc,-0.15,4620.144262,0.002|0.58|0|0.42|0.00119396|20|3|250
69,dc,-0.1,4896.847135,0.002|0.58|0|0.42|0.00119396|20|3|250
69,dc,-0.06,5149.01191,0.002|0.58|0|0.42|0.00119396|20|3|250
69,dc,-0.04,5287.173513,0.002|0.58|0|0.42|0.00119396|20|3|250
69,dc,-0.025,5396.731064,0.002|0.58|0|0.42|0.00119396|20|3|250
69,dc,-0.017,5457.391401,0.002|0.58|0|0.42|0.00119396|20|3|250
69,dc,-0.012,5496.128824,0.002|0.58|0|0.42|0.00119396|20|3|250
69,dc,-0.008,5527.588668,0.002|0.58|0|0.42|0.00119396|20|3|250
69,dc,-0.004,5559.475458,0.002|0.58|0|0.42|0.00119396|20|3|250
69,dc,0.004,5624.565279,0.002|0.58|0|0.42|0.00119396|20|3|250
69,dc,0.008,5657.78663,0.002|0.58|0|0.42|0.00119396|20|3|250
69,dc,0.012,5691.471581,0.002|0.58|0|0.42|0.00119396|20|3|250
69,dc,0.017,5734.24469,0.002|0.58|0|0.42|0.00119396|20|3|250
69,dc,0.025,5804.269974,0.002|0.58|0|0.42|0.00119396|20|3|250
69,dc,0.04,5941.108159,0.002|0.58|0|0.42|0.00119396|20|3|250
69,dc,0.06,6135.726296,0.002|0.58|0|0.42|0.00119396|20|3|250
69,dc,0.1,6573.164078,0.002|0.58|0|0.42|0.00119396|20|3|250
69,dc,0.15,7233.340193,0.002|0.58|0|0.42|0.00119396|20|3|250
70,f0,0,6262.868423,0.002|0.51|0|0.49|0.00104986|20|3|225
70,u,-2.5,57364.14551,0.002|0.51|0|0.49|0.00104986|20|3|225
70,u,-1.5,22298.07664,0.002|0.51|0|0.49|0.00104986|20|3|225
70,u,-1,14209.34933,0.002|0.51|0|0.49|0.00104986|20|3|225
70,u,-0.7,10962.79673,0.002|0.51|0|0.49|0.00104986|20|3|225
70,u,-0.5,9275.380917,0.002|0.51|0|0.49|0.00104986|20|3|225
70,u,-0.35,8211.283617,0.002|0.51|0|0.49|0.00104986|20|3|225
70,u,-0.25,7584.473341,0.002|0.51|0|0.49|0.00104986|20|3|225
70,u,-0.2,7293.49065,0.002|0.51|0|0.49|0.00104986|20|3|225
70,u,-0.15,7016.497925,0.002|0.51|0|0.49|0.00104986|20|3|225
70,u,-0.1,6752.819851,0.002|0.51|0|0.49|0.00104986|20|3|225
70,u,-0.075,6625.771764,0.002|0.51|0|0.49|0.00104986|20|3|225
70,u,-0.05,6501.813836,0.002|0.51|0|0.49|0.00104986|20|3|225
70,u,-0.03,6404.821629,0.002|0.51|0|0.49|0.00104986|20|3|225
70,u,-0.02,6357.0372,0.002|0.51|0|0.49|0.00104986|20|3|225
70,u,-0.01,6309.721,0.002|0.51|0|0.49|0.00104986|20|3|225
70,u,0.01,6216.474906,0.002|0.51|0|0.49|0.00104986|20|3|225
70,u,0.02,6170.535933,0.002|0.51|0|0.49|0.00104986|20|3|225
70,u,0.03,6125.047032,0.002|0.51|0|0.49|0.00104986|20|3|225
70,u,0.05,6035.401777,0.002|0.51|0|0.49|0.00104986|20|3|225
70,u,0.075,5925.798912,0.002|0.51|0|0.49|0.00104986|20|3|225
70,u,0.1,5818.860244,0.002|0.51|0|0.49|0.00104986|20|3|225
70,u,0.15,5612.716986,0.002|0.51|0|0.49|0.00104986|20|3|225
70,u,0.2,5416.470675,0.002|0.51|0|0.49|0.00104986|20|3|225
70,u,0.25,5229.644256,0.002|0.51|0|0.49|0.00104986|20|3|225
70,u,0.35,5387.168001,0.002|0.51|0|0.49|0.00104986|20|3|225
70,u,0.5,4855.251167,0.002|0.51|0|0.49|0.00104986|20|3|225
70,u,0.7,4970.368132,0.002|0.51|0|0.49|0.00104986|20|3|225
70,u,1,4610.225254,0.002|0.51|0|0.49|0.00104986|20|3|225
70,u,1.5,4356.772233,0.002|0.51|0|0.49|0.00104986|20|3|225
70,v,-2.5,7395.511793,0.002|0.51|0|0.49|0.00104986|20|3|225
70,v,-1.5,6737.698241,0.002|0.51|0|0.49|0.00104986|20|3|225
70,v,-1,6530.315455,0.002|0.51|0|0.49|0.00104986|20|3|225
70,v,-0.7,6432.67,0.002|0.51|0|0.49|0.00104986|20|3|225
70,v,-0.35,6338.887246,0.002|0.51|0|0.49|0.00104986|20|3|225
70,v,-0.15,6293.504668,0.002|0.51|0|0.49|0.00104986|20|3|225
70,v,-0.05,6272.77572,0.002|0.51|0|0.49|0.00104986|20|3|225
70,v,0.05,6253.253931,0.002|0.51|0|0.49|0.00104986|20|3|225
70,v,0.15,6234.869004,0.002|0.51|0|0.49|0.00104986|20|3|225
70,v,0.35,6201.248763,0.002|0.51|0|0.49|0.00104986|20|3|225
70,v,0.7,6151.300837,0.002|0.51|0|0.49|0.00104986|20|3|225
70,v,1,6116.09038,0.002|0.51|0|0.49|0.00104986|20|3|225
70,v,1.5,6069.817026,0.002|0.51|0|0.49|0.00104986|20|3|225
70,d4,0.004,6310.306317,0.002|0.51|0|0.49|0.00104986|20|3|225
70,d4,0.008,6358.494258,0.002|0.51|0|0.49|0.00104986|20|3|225
70,d4,0.012,6407.450245,0.002|0.51|0|0.49|0.00104986|20|3|225
70,d4,0.017,6469.753655,0.002|0.51|0|0.49|0.00104986|20|3|225
70,d4,0.025,6572.090231,0.002|0.51|0|0.49|0.00104986|20|3|225
70,d4,0.04,6773.287634,0.002|0.51|0|0.49|0.00104986|20|3|225
70,d4,0.06,7062.252179,0.002|0.51|0|0.49|0.00104986|20|3|225
70,d4,0.1,7724.084548,0.002|0.51|0|0.49|0.00104986|20|3|225
70,d4,0.15,8756.550124,0.002|0.51|0|0.49|0.00104986|20|3|225
70,dc,-0.15,5043.306593,0.002|0.51|0|0.49|0.00104986|20|3|225
70,dc,-0.1,5383.779508,0.002|0.51|0|0.49|0.00104986|20|3|225
70,dc,-0.06,5698.731208,0.002|0.51|0|0.49|0.00104986|20|3|225
70,dc,-0.04,5873.221461,0.002|0.51|0|0.49|0.00104986|20|3|225
70,dc,-0.025,6012.571217,0.002|0.51|0|0.49|0.00104986|20|3|225
70,dc,-0.017,6090.105228,0.002|0.51|0|0.49|0.00104986|20|3|225
70,dc,-0.012,6139.760029,0.002|0.51|0|0.49|0.00104986|20|3|225
70,dc,-0.008,6180.167932,0.002|0.51|0|0.49|0.00104986|20|3|225
70,dc,-0.004,6221.199197,0.002|0.51|0|0.49|0.00104986|20|3|225
70,dc,0.004,6305.190669,0.002|0.51|0|0.49|0.00104986|20|3|225
70,dc,0.008,6348.181473,0.002|0.51|0|0.49|0.00104986|20|3|225
70,dc,0.012,6391.856871,0.002|0.51|0|0.49|0.00104986|20|3|225
70,dc,0.017,6447.439095,0.002|0.51|0|0.49|0.00104986|20|3|225
70,dc,0.025,6538.733646,0.002|0.51|0|0.49|0.00104986|20|3|225
70,dc,0.04,6718.214511,0.002|0.51|0|0.49|0.00104986|20|3|225
70,dc,0.06,6975.972521,0.002|0.51|0|0.49|0.00104986|20|3|225
70,dc,0.1,7566.26195,0.002|0.51|0|0.49|0.00104986|20|3|225
70,dc,0.15,8486.95057,0.002|0.51|0|0.49|0.00104986|20|3|225
71,f0,0,6020.750378,0.001|1|0|0|0.00102928|20|3|200
71,u,-2.5,58143.53519,0.001|1|0|0|0.00102928|20|3|200
71,u,-1.5,22378.9913,0.001|1|0|0|0.00102928|20|3|200
71,u,-1,14128.44196,0.001|1|0|0|0.00102928|20|3|200
71,u,-0.7,10816.55432,0.001|1|0|0|0.00102928|20|3|200
71,u,-0.5,9094.980502,0.001|1|0|0|0.00102928|20|3|200
71,u,-0.35,8009.225111,0.001|1|0|0|0.00102928|20|3|200
71,u,-0.25,7369.59656,0.001|1|0|0|0.00102928|20|3|200
71,u,-0.2,7072.644078,0.001|1|0|0|0.00102928|20|3|200
71,u,-0.15,6789.955419,0.001|1|0|0|0.00102928|20|3|200
71,u,-0.1,6520.841857,0.001|1|0|0|0.00102928|20|3|200
71,u,-0.075,6391.169681,0.001|1|0|0|0.00102928|20|3|200
71,u,-0.05,6264.648041,0.001|1|0|0|0.00102928|20|3|200
71,u,-0.03,6165.647327,0.001|1|0|0|0.00102928|20|3|200
71,u,-0.02,6116.87254,0.001|1|0|0|0.00102928|20|3|200
71,u,-0.01,6068.575123,0.001|1|0|0|0.00102928|20|3|200
71,u,0.01,5973.393651,0.001|1|0|0|0.00102928|20|3|200
71,u,0.02,5926.500337,0.001|1|0|0|0.00102928|20|3|200
71,u,0.03,5880.065875,0.001|1|0|0|0.00102928|20|3|200
71,u,0.05,5788.555487,0.001|1|0|0|0.00102928|20|3|200
71,u,0.075,5676.669049,0.001|1|0|0|0.00102928|20|3|200
71,u,0.1,5567.498735,0.001|1|0|0|0.00102928|20|3|200
71,u,0.15,5357.042838,0.001|1|0|0|0.00102928|20|3|200
71,u,0.2,5156.676532,0.001|1|0|0|0.00102928|20|3|200
71,u,0.25,4965.913313,0.001|1|0|0|0.00102928|20|3|200
71,u,0.35,4611.366746,0.001|1|0|0|0.00102928|20|3|200
71,u,0.5,4140.702193,0.001|1|0|0|0.00102928|20|3|200
71,u,0.7,3611.713233,0.001|1|0|0|0.00102928|20|3|200
71,u,1,2989.243403,0.001|1|0|0|0.00102928|20|3|200
71,u,1.5,2282.814573,0.001|1|0|0|0.00102928|20|3|200
71,v,-2.5,7166.927934,0.001|1|0|0|0.00102928|20|3|200
71,v,-1.5,6501.254034,0.001|1|0|0|0.00102928|20|3|200
71,v,-1,6291.393189,0.001|1|0|0|0.00102928|20|3|200
71,v,-0.7,6192.580949,0.001|1|0|0|0.00102928|20|3|200
71,v,-0.35,6097.677565,0.001|1|0|0|0.00102928|20|3|200
71,v,-0.15,6051.752701,0.001|1|0|0|0.00102928|20|3|200
71,v,-0.05,6030.776059,0.001|1|0|0|0.00102928|20|3|200
71,v,0.05,6011.021001,0.001|1|0|0|0.00102928|20|3|200
71,v,0.15,5992.416388,0.001|1|0|0|0.00102928|20|3|200
71,v,0.35,5958.394412,0.001|1|0|0|0.00102928|20|3|200
71,v,0.7,5907.849648,0.001|1|0|0|0.00102928|20|3|200
71,v,1,5872.218454,0.001|1|0|0|0.00102928|20|3|200
71,v,1.5,5825.39217,0.001|1|0|0|0.00102928|20|3|200
71,d4,0.004,6043.880855,0.001|1|0|0|0.00102928|20|3|200
71,d4,0.008,6067.196389,0.001|1|0|0|0.00102928|20|3|200
71,d4,0.012,6090.699218,0.001|1|0|0|0.00102928|20|3|200
71,d4,0.017,6120.344608,0.001|1|0|0|0.00102928|20|3|200
71,d4,0.025,6168.404665,0.001|1|0|0|0.00102928|20|3|200
71,d4,0.04,6260.659122,0.001|1|0|0|0.00102928|20|3|200
71,d4,0.06,6388.208803,0.001|1|0|0|0.00102928|20|3|200
71,d4,0.1,6660.179396,0.001|1|0|0|0.00102928|20|3|200
71,d4,0.15,7035.852384,0.001|1|0|0|0.00102928|20|3|200
71,dc,0.004,6041.281426,0.001|1|0|0|0.00102928|20|3|200
71,dc,0.008,6061.976577,0.001|1|0|0|0.00102928|20|3|200
71,dc,0.012,6082.837815,0.001|1|0|0|0.00102928|20|3|200
71,dc,0.017,6109.150997,0.001|1|0|0|0.00102928|20|3|200
71,dc,0.025,6151.808468,0.001|1|0|0|0.00102928|20|3|200
71,dc,0.04,6233.690489,0.001|1|0|0|0.00102928|20|3|200
71,dc,0.06,6346.89554,0.001|1|0|0|0.00102928|20|3|200
71,dc,0.1,6588.265105,0.001|1|0|0|0.00102928|20|3|200
71,dc,0.15,6921.638447,0.001|1|0|0|0.00102928|20|3|200
72,f0,0,6020.750378,0.001|1|0|0|0.00102928|20|3|175
72,u,-2.5,58143.53519,0.001|1|0|0|0.00102928|20|3|175
72,u,-1.5,22378.9913,0.001|1|0|0|0.00102928|20|3|175
72,u,-1,14128.44196,0.001|1|0|0|0.00102928|20|3|175
72,u,-0.7,10816.55432,0.001|1|0|0|0.00102928|20|3|175
72,u,-0.5,9094.980502,0.001|1|0|0|0.00102928|20|3|175
72,u,-0.35,8009.225111,0.001|1|0|0|0.00102928|20|3|175
72,u,-0.25,7369.59656,0.001|1|0|0|0.00102928|20|3|175
72,u,-0.2,7072.644078,0.001|1|0|0|0.00102928|20|3|175
72,u,-0.15,6789.955419,0.001|1|0|0|0.00102928|20|3|175
72,u,-0.1,6520.841857,0.001|1|0|0|0.00102928|20|3|175
72,u,-0.075,6391.169681,0.001|1|0|0|0.00102928|20|3|175
72,u,-0.05,6264.648041,0.001|1|0|0|0.00102928|20|3|175
72,u,-0.03,6165.647327,0.001|1|0|0|0.00102928|20|3|175
72,u,-0.02,6116.87254,0.001|1|0|0|0.00102928|20|3|175
72,u,-0.01,6068.575123,0.001|1|0|0|0.00102928|20|3|175
72,u,0.01,5973.393651,0.001|1|0|0|0.00102928|20|3|175
72,u,0.02,5926.500337,0.001|1|0|0|0.00102928|20|3|175
72,u,0.03,5880.065875,0.001|1|0|0|0.00102928|20|3|175
72,u,0.05,5788.555487,0.001|1|0|0|0.00102928|20|3|175
72,u,0.075,5676.669049,0.001|1|0|0|0.00102928|20|3|175
72,u,0.1,5567.498735,0.001|1|0|0|0.00102928|20|3|175
72,u,0.15,5357.042838,0.001|1|0|0|0.00102928|20|3|175
72,u,0.2,5156.676532,0.001|1|0|0|0.00102928|20|3|175
72,u,0.25,4965.913313,0.001|1|0|0|0.00102928|20|3|175
72,u,0.35,4611.366746,0.001|1|0|0|0.00102928|20|3|175
72,u,0.5,4140.702193,0.001|1|0|0|0.00102928|20|3|175
72,u,0.7,3611.713233,0.001|1|0|0|0.00102928|20|3|175
72,u,1,2989.243403,0.001|1|0|0|0.00102928|20|3|175
72,u,1.5,2282.814573,0.001|1|0|0|0.00102928|20|3|175
72,v,-2.5,7166.927934,0.001|1|0|0|0.00102928|20|3|175
72,v,-1.5,6501.254034,0.001|1|0|0|0.00102928|20|3|175
72,v,-1,6291.393189,0.001|1|0|0|0.00102928|20|3|175
72,v,-0.7,6192.580949,0.001|1|0|0|0.00102928|20|3|175
72,v,-0.35,6097.677565,0.001|1|0|0|0.00102928|20|3|175
72,v,-0.15,6051.752701,0.001|1|0|0|0.00102928|20|3|175
72,v,-0.05,6030.776059,0.001|1|0|0|0.00102928|20|3|175
72,v,0.05,6011.021001,0.001|1|0|0|0.00102928|20|3|175
72,v,0.15,5992.416388,0.001|1|0|0|0.00102928|20|3|175
72,v,0.35,5958.394412,0.001|1|0|0|0.00102928|20|3|175
72,v,0.7,5907.849648,0.001|1|0|0|0.00102928|20|3|175
72,v,1,5872.218454,0.001|1|0|0|0.00102928|20|3|175
72,v,1.5,5825.39217,0.001|1|0|0|0.00102928|20|3|175
72,d4,0.004,6043.880855,0.001|1|0|0|0.00102928|20|3|175
72,d4,0.008,6067.196389,0.001|1|0|0|0.00102928|20|3|175
72,d4,0.012,6090.699218,0.001|1|0|0|0.00102928|20|3|175
72,d4,0.017,6120.344608,0.001|1|0|0|0.00102928|20|3|175
72,d4,0.025,6168.404665,0.001|1|0|0|0.00102928|20|3|175
72,d4,0.04,6260.659122,0.001|1|0|0|0.00102928|20|3|175
72,d4,0.06,6388.208803,0.001|1|0|0|0.00102928|20|3|175
72,d4,0.1,6660.179396,0.001|1|0|0|0.00102928|20|3|175
72,d4,0.15,7035.852384,0.001|1|0|0|0.00102928|20|3|175
72,dc,0.004,6041.281426,0.001|1|0|0|0.00102928|20|3|175
72,dc,0.008,6061.976577,0.001|1|0|0|0.00102928|20|3|175
72,dc,0.012,6082.837815,0.001|1|0|0|0.00102928|20|3|175
72,dc,0.017,6109.150997,0.001|1|0|0|0.00102928|20|3|175
72,dc,0.025,6151.808468,0.001|1|0|0|0.00102928|20|3|175
72,dc,0.04,6233.690489,0.001|1|0|0|0.00102928|20|3|175
72,dc,0.06,6346.89554,0.001|1|0|0|0.00102928|20|3|175
72,dc,0.1,6588.265105,0.001|1|0|0|0.00102928|20|3|175
72,dc,0.15,6921.638447,0.001|1|0|0|0.00102928|20|3|175
73,f0,0,6020.750378,0.001|1|0|0|0.00102928|20|3|200
73,u,-2.5,58143.53519,0.001|1|0|0|0.00102928|20|3|200
73,u,-1.5,22378.9913,0.001|1|0|0|0.00102928|20|3|200
73,u,-1,14128.44196,0.001|1|0|0|0.00102928|20|3|200
73,u,-0.7,10816.55432,0.001|1|0|0|0.00102928|20|3|200
73,u,-0.5,9094.980502,0.001|1|0|0|0.00102928|20|3|200
73,u,-0.35,8009.225111,0.001|1|0|0|0.00102928|20|3|200
73,u,-0.25,7369.59656,0.001|1|0|0|0.00102928|20|3|200
73,u,-0.2,7072.644078,0.001|1|0|0|0.00102928|20|3|200
73,u,-0.15,6789.955419,0.001|1|0|0|0.00102928|20|3|200
73,u,-0.1,6520.841857,0.001|1|0|0|0.00102928|20|3|200
73,u,-0.075,6391.169681,0.001|1|0|0|0.00102928|20|3|200
73,u,-0.05,6264.648041,0.001|1|0|0|0.00102928|20|3|200
73,u,-0.03,6165.647327,0.001|1|0|0|0.00102928|20|3|200
73,u,-0.02,6116.87254,0.001|1|0|0|0.00102928|20|3|200
73,u,-0.01,6068.575123,0.001|1|0|0|0.00102928|20|3|200
73,u,0.01,5973.393651,0.001|1|0|0|0.00102928|20|3|200
73,u,0.02,5926.500337,0.001|1|0|0|0.00102928|20|3|200
73,u,0.03,5880.065875,0.001|1|0|0|0.00102928|20|3|200
73,u,0.05,5788.555487,0.001|1|0|0|0.00102928|20|3|200
73,u,0.075,5676.669049,0.001|1|0|0|0.00102928|20|3|200
73,u,0.1,5567.498735,0.001|1|0|0|0.00102928|20|3|200
73,u,0.15,5357.042838,0.001|1|0|0|0.00102928|20|3|200
73,u,0.2,5156.676532,0.001|1|0|0|0.00102928|20|3|200
73,u,0.25,4965.913313,0.001|1|0|0|0.00102928|20|3|200
73,u,0.35,4611.366746,0.001|1|0|0|0.00102928|20|3|200
73,u,0.5,4140.702193,0.001|1|0|0|0.00102928|20|3|200
73,u,0.7,3611.713233,0.001|1|0|0|0.00102928|20|3|200
73,u,1,2989.243403,0.001|1|0|0|0.00102928|20|3|200
73,u,1.5,2282.814573,0.001|1|0|0|0.00102928|20|3|200
73,v,-2.5,7166.927934,0.001|1|0|0|0.00102928|20|3|200
73,v,-1.5,6501.254034,0.001|1|0|0|0.00102928|20|3|200
73,v,-1,6291.393189,0.001|1|0|0|0.00102928|20|3|200
73,v,-0.7,6192.580949,0.001|1|0|0|0.00102928|20|3|200
73,v,-0.35,6097.677565,0.001|1|0|0|0.00102928|20|3|200
73,v,-0.15,6051.752701,0.001|1|0|0|0.00102928|20|3|200
73,v,-0.05,6030.776059,0.001|1|0|0|0.00102928|20|3|200
73,v,0.05,6011.021001,0.001|1|0|0|0.00102928|20|3|200
73,v,0.15,5992.416388,0.001|1|0|0|0.00102928|20|3|200
73,v,0.35,5958.394412,0.001|1|0|0|0.00102928|20|3|200
73,v,0.7,5907.849648,0.001|1|0|0|0.00102928|20|3|200
73,v,1,5872.218454,0.001|1|0|0|0.00102928|20|3|200
73,v,1.5,5825.39217,0.001|1|0|0|0.00102928|20|3|200
73,d4,0.004,6043.880855,0.001|1|0|0|0.00102928|20|3|200
73,d4,0.008,6067.196389,0.001|1|0|0|0.00102928|20|3|200
73,d4,0.012,6090.699218,0.001|1|0|0|0.00102928|20|3|200
73,d4,0.017,6120.344608,0.001|1|0|0|0.00102928|20|3|200
73,d4,0.025,6168.404665,0.001|1|0|0|0.00102928|20|3|200
73,d4,0.04,6260.659122,0.001|1|0|0|0.00102928|20|3|200
73,d4,0.06,6388.208803,0.001|1|0|0|0.00102928|20|3|200
73,d4,0.1,6660.179396,0.001|1|0|0|0.00102928|20|3|200
73,d4,0.15,7035.852384,0.001|1|0|0|0.00102928|20|3|200
73,dc,0.004,6041.281426,0.001|1|0|0|0.00102928|20|3|200
73,dc,0.008,6061.976577,0.001|1|0|0|0.00102928|20|3|200
73,dc,0.012,6082.837815,0.001|1|0|0|0.00102928|20|3|200
73,dc,0.017,6109.150997,0.001|1|0|0|0.00102928|20|3|200
73,dc,0.025,6151.808468,0.001|1|0|0|0.00102928|20|3|200
73,dc,0.04,6233.690489,0.001|1|0|0|0.00102928|20|3|200
73,dc,0.06,6346.89554,0.001|1|0|0|0.00102928|20|3|200
73,dc,0.1,6588.265105,0.001|1|0|0|0.00102928|20|3|200
73,dc,0.15,6921.638447,0.001|1|0|0|0.00102928|20|3|200
74,f0,0,6020.750378,0.001|1|0|0|0.00102928|20|3|200
74,u,-2.5,58143.53519,0.001|1|0|0|0.00102928|20|3|200
74,u,-1.5,22378.9913,0.001|1|0|0|0.00102928|20|3|200
74,u,-1,14128.44196,0.001|1|0|0|0.00102928|20|3|200
74,u,-0.7,10816.55432,0.001|1|0|0|0.00102928|20|3|200
74,u,-0.5,9094.980502,0.001|1|0|0|0.00102928|20|3|200
74,u,-0.35,8009.225111,0.001|1|0|0|0.00102928|20|3|200
74,u,-0.25,7369.59656,0.001|1|0|0|0.00102928|20|3|200
74,u,-0.2,7072.644078,0.001|1|0|0|0.00102928|20|3|200
74,u,-0.15,6789.955419,0.001|1|0|0|0.00102928|20|3|200
74,u,-0.1,6520.841857,0.001|1|0|0|0.00102928|20|3|200
74,u,-0.075,6391.169681,0.001|1|0|0|0.00102928|20|3|200
74,u,-0.05,6264.648041,0.001|1|0|0|0.00102928|20|3|200
74,u,-0.03,6165.647327,0.001|1|0|0|0.00102928|20|3|200
74,u,-0.02,6116.87254,0.001|1|0|0|0.00102928|20|3|200
74,u,-0.01,6068.575123,0.001|1|0|0|0.00102928|20|3|200
74,u,0.01,5973.393651,0.001|1|0|0|0.00102928|20|3|200
74,u,0.02,5926.500337,0.001|1|0|0|0.00102928|20|3|200
74,u,0.03,5880.065875,0.001|1|0|0|0.00102928|20|3|200
74,u,0.05,5788.555487,0.001|1|0|0|0.00102928|20|3|200
74,u,0.075,5676.669049,0.001|1|0|0|0.00102928|20|3|200
74,u,0.1,5567.498735,0.001|1|0|0|0.00102928|20|3|200
74,u,0.15,5357.042838,0.001|1|0|0|0.00102928|20|3|200
74,u,0.2,5156.676532,0.001|1|0|0|0.00102928|20|3|200
74,u,0.25,4965.913313,0.001|1|0|0|0.00102928|20|3|200
74,u,0.35,4611.366746,0.001|1|0|0|0.00102928|20|3|200
74,u,0.5,4140.702193,0.001|1|0|0|0.00102928|20|3|200
74,u,0.7,3611.713233,0.001|1|0|0|0.00102928|20|3|200
74,u,1,2989.243403,0.001|1|0|0|0.00102928|20|3|200
74,u,1.5,2282.814573,0.001|1|0|0|0.00102928|20|3|200
74,v,-2.5,7166.927934,0.001|1|0|0|0.00102928|20|3|200
74,v,-1.5,6501.254034,0.001|1|0|0|0.00102928|20|3|200
74,v,-1,6291.393189,0.001|1|0|0|0.00102928|20|3|200
74,v,-0.7,6192.580949,0.001|1|0|0|0.00102928|20|3|200
74,v,-0.35,6097.677565,0.001|1|0|0|0.00102928|20|3|200
74,v,-0.15,6051.752701,0.001|1|0|0|0.00102928|20|3|200
74,v,-0.05,6030.776059,0.001|1|0|0|0.00102928|20|3|200
74,v,0.05,6011.021001,0.001|1|0|0|0.00102928|20|3|200
74,v,0.15,5992.416388,0.001|1|0|0|0.00102928|20|3|200
74,v,0.35,5958.394412,0.001|1|0|0|0.00102928|20|3|200
74,v,0.7,5907.849648,0.001|1|0|0|0.00102928|20|3|200
74,v,1,5872.218454,0.001|1|0|0|0.00102928|20|3|200
74,v,1.5,5825.39217,0.001|1|0|0|0.00102928|20|3|200
74,d4,0.004,6043.880855,0.001|1|0|0|0.00102928|20|3|200
74,d4,0.008,6067.196389,0.001|1|0|0|0.00102928|20|3|200
74,d4,0.012,6090.699218,0.001|1|0|0|0.00102928|20|3|200
74,d4,0.017,6120.344608,0.001|1|0|0|0.00102928|20|3|200
74,d4,0.025,6168.404665,0.001|1|0|0|0.00102928|20|3|200
74,d4,0.04,6260.659122,0.001|1|0|0|0.00102928|20|3|200
74,d4,0.06,6388.208803,0.001|1|0|0|0.00102928|20|3|200
74,d4,0.1,6660.179396,0.001|1|0|0|0.00102928|20|3|200
74,d4,0.15,7035.852384,0.001|1|0|0|0.00102928|20|3|200
74,dc,0.004,6041.281426,0.001|1|0|0|0.00102928|20|3|200
74,dc,0.008,6061.976577,0.001|1|0|0|0.00102928|20|3|200
74,dc,0.012,6082.837815,0.001|1|0|0|0.00102928|20|3|200
74,dc,0.017,6109.150997,0.001|1|0|0|0.00102928|20|3|200
74,dc,0.025,6151.808468,0.001|1|0|0|0.00102928|20|3|200
74,dc,0.04,6233.690489,0.001|1|0|0|0.00102928|20|3|200
74,dc,0.06,6346.89554,0.001|1|0|0|0.00102928|20|3|200
74,dc,0.1,6588.265105,0.001|1|0|0|0.00102928|20|3|200
74,dc,0.15,6921.638447,0.001|1|0|0|0.00102928|20|3|200
75,f0,0,9809.88039,0.003|0.3|0|0.7|0.00092635|20|3|250
75,u,-2.5,65230.83788,0.003|0.3|0|0.7|0.00092635|20|3|250
75,u,-1.5,25531.51088,0.003|0.3|0|0.7|0.00092635|20|3|250
75,u,-1,16378.32545,0.003|0.3|0|0.7|0.00092635|20|3|250
75,u,-0.7,12705.83019,0.003|0.3|0|0.7|0.00092635|20|3|250
75,u,-0.5,10797.55123,0.003|0.3|0|0.7|0.00092635|20|3|250
75,u,-0.35,10738.70294,0.003|0.3|0|0.7|0.00092635|20|3|250
75,u,-0.25,9919.825794,0.003|0.3|0|0.7|0.00092635|20|3|250
75,u,-0.2,10527.15464,0.003|0.3|0|0.7|0.00092635|20|3|250
75,u,-0.15,10116.75355,0.003|0.3|0|0.7|0.00092635|20|3|250
75,u,-0.1,9726.143937,0.003|0.3|0|0.7|0.00092635|20|3|250
75,u,-0.075,9537.960005,0.003|0.3|0|0.7|0.00092635|20|3|250
75,u,-0.05,10205.59906,0.003|0.3|0|0.7|0.00092635|20|3|250
75,u,-0.03,10044.9601,0.003|0.3|0|0.7|0.00092635|20|3|250
75,u,-0.02,9965.824127,0.003|0.3|0|0.7|0.00092635|20|3|250
75,u,-0.01,9887.466784,0.003|0.3|0|0.7|0.00092635|20|3|250
75,u,0.01,9733.057338,0.003|0.3|0|0.7|0.00092635|20|3|250
75,u,0.02,9656.990097,0.003|0.3|0|0.7|0.00092635|20|3|250
75,u,0.03,9581.67121,0.003|0.3|0|0.7|0.00092635|20|3|250
75,u,0.05,9433.249039,0.003|0.3|0|0.7|0.00092635|20|3|250
75,u,0.075,10003.92917,0.003|0.3|0|0.7|0.00092635|20|3|250
75,u,0.1,9808.207498,0.003|0.3|0|0.7|0.00092635|20|3|250
75,u,0.15,9430.986818,0.003|0.3|0|0.7|0.00092635|20|3|250
75,u,0.2,9736.267383,0.003|0.3|0|0.7|0.00092635|20|3|250
75,u,0.25,9361.955018,0.003|0.3|0|0.7|0.00092635|20|3|250
75,u,0.35,9238.6514,0.003|0.3|0|0.7|0.00092635|20|3|250
75,u,0.5,9221.619236,0.003|0.3|0|0.7|0.00092635|20|3|250
75,u,0.7,9128.016211,0.003|0.3|0|0.7|0.00092635|20|3|250
75,u,1,8776.658584,0.003|0.3|0|0.7|0.00092635|20|3|250
75,u,1.5,8273.242496,0.003|0.3|0|0.7|0.00092635|20|3|250
75,v,-2.5,11030.85591,0.003|0.3|0|0.7|0.00092635|20|3|250
75,v,-1.5,10321.74105,0.003|0.3|0|0.7|0.00092635|20|3|250
75,v,-1,10098.18498,0.003|0.3|0|0.7|0.00092635|20|3|250
75,v,-0.7,9992.924387,0.003|0.3|0|0.7|0.00092635|20|3|250
75,v,-0.35,9891.827739,0.003|0.3|0|0.7|0.00092635|20|3|250
75,v,-0.15,9842.905882,0.003|0.3|0|0.7|0.00092635|20|3|250
75,v,-0.05,9820.560333,0.003|0.3|0|0.7|0.00092635|20|3|250
75,v,0.05,9799.516087,0.003|0.3|0|0.7|0.00092635|20|3|250
75,v,0.15,9779.697363,0.003|0.3|0|0.7|0.00092635|20|3|250
75,v,0.35,9743.455159,0.003|0.3|0|0.7|0.00092635|20|3|250
75,v,0.7,9689.611914,0.003|0.3|0|0.7|0.00092635|20|3|250
75,v,1,9651.655478,0.003|0.3|0|0.7|0.00092635|20|3|250
75,v,1.5,9601.773375,0.003|0.3|0|0.7|0.00092635|20|3|250
75,d4,0.004,9937.789009,0.003|0.3|0|0.7|0.00092635|20|3|250
75,d4,0.008,10069.18074,0.003|0.3|0|0.7|0.00092635|20|3|250
75,d4,0.012,10204.20023,0.003|0.3|0|0.7|0.00092635|20|3|250
75,d4,0.017,10378.30974,0.003|0.3|0|0.7|0.00092635|20|3|250
75,d4,0.025,10669.97478,0.003|0.3|0|0.7|0.00092635|20|3|250
75,d4,0.04,11264.9306,0.003|0.3|0|0.7|0.00092635|20|3|250
75,d4,0.06,13184.58932,0.003|0.3|0|0.7|0.00092635|20|3|250
75,d4,0.1,15742.78065,0.003|0.3|0|0.7|0.00092635|20|3|250
75,d4,0.15,22462.05788,0.003|0.3|0|0.7|0.00092635|20|3|250
75,dc,-0.15,5777.816008,0.003|0.3|0|0.7|0.00092635|20|3|250
75,dc,-0.1,6991.115639,0.003|0.3|0|0.7|0.00092635|20|3|250
75,dc,-0.06,7661.866961,0.003|0.3|0|0.7|0.00092635|20|3|250
75,dc,-0.04,8771.256819,0.003|0.3|0|0.7|0.00092635|20|3|250
75,dc,-0.025,9130.975666,0.003|0.3|0|0.7|0.00092635|20|3|250
75,dc,-0.017,9336.649974,0.003|0.3|0|0.7|0.00092635|20|3|250
75,dc,-0.012,9470.51665,0.003|0.3|0|0.7|0.00092635|20|3|250
75,dc,-0.008,9580.718635,0.003|0.3|0|0.7|0.00092635|20|3|250
75,dc,-0.004,9693.801604,0.003|0.3|0|0.7|0.00092635|20|3|250
75,dc,0.004,9929.076018,0.003|0.3|0|0.7|0.00092635|20|3|250
75,dc,0.008,10051.51613,0.003|0.3|0|0.7|0.00092635|20|3|250
75,dc,0.012,10177.33544,0.003|0.3|0|0.7|0.00092635|20|3|250
75,dc,0.017,10339.57912,0.003|0.3|0|0.7|0.00092635|20|3|250
75,dc,0.025,10611.36165,0.003|0.3|0|0.7|0.00092635|20|3|250
75,dc,0.04,11165.7411,0.003|0.3|0|0.7|0.00092635|20|3|250
75,dc,0.06,13023.58764,0.003|0.3|0|0.7|0.00092635|20|3|250
75,dc,0.1,15420.79643,0.003|0.3|0|0.7|0.00092635|20|3|250
75,dc,0.15,21818.84054,0.003|0.3|0|0.7|0.00092635|20|3|250
76,f0,0,7783.175383,0.002|0.4|0|0.6|0.000823423|20|3|250
76,u,-2.5,72794.50005,0.002|0.4|0|0.6|0.000823423|20|3|250
76,u,-1.5,28169.02831,0.002|0.4|0|0.6|0.000823423|20|3|250
76,u,-1,17881.88364,0.002|0.4|0|0.6|0.000823423|20|3|250
76,u,-0.7,13754.665,0.002|0.4|0|0.6|0.000823423|20|3|250
76,u,-0.5,11610.13514,0.002|0.4|0|0.6|0.000823423|20|3|250
76,u,-0.35,10258.07118,0.002|0.4|0|0.6|0.000823423|20|3|250
76,u,-0.25,9461.763427,0.002|0.4|0|0.6|0.000823423|20|3|250
76,u,-0.2,9092.132978,0.002|0.4|0|0.6|0.000823423|20|3|250
76,u,-0.15,8740.298054,0.002|0.4|0|0.6|0.000823423|20|3|250
76,u,-0.1,8405.398911,0.002|0.4|0|0.6|0.000823423|20|3|250
76,u,-0.075,8244.043041,0.002|0.4|0|0.6|0.000823423|20|3|250
76,u,-0.05,8086.617488,0.002|0.4|0|0.6|0.000823423|20|3|250
76,u,-0.03,7963.44223,0.002|0.4|0|0.6|0.000823423|20|3|250
76,u,-0.02,7902.759733,0.002|0.4|0|0.6|0.000823423|20|3|250
76,u,-0.01,7842.672739,0.002|0.4|0|0.6|0.000823423|20|3|250
76,u,0.01,7724.261859,0.002|0.4|0|0.6|0.000823423|20|3|250
76,u,0.02,7665.926415,0.002|0.4|0|0.6|0.000823423|20|3|250
76,u,0.03,7608.163361,0.002|0.4|0|0.6|0.000823423|20|3|250
76,u,0.05,7494.331927,0.002|0.4|0|0.6|0.000823423|20|3|250
76,u,0.075,7355.163095,0.002|0.4|0|0.6|0.000823423|20|3|250
76,u,0.1,7219.382343,0.002|0.4|0|0.6|0.000823423|20|3|250
76,u,0.15,7741.196551,0.002|0.4|0|0.6|0.000823423|20|3|250
76,u,0.2,7453.402187,0.002|0.4|0|0.6|0.000823423|20|3|250
76,u,0.25,7179.458099,0.002|0.4|0|0.6|0.000823423|20|3|250
76,u,0.35,7313.216193,0.002|0.4|0|0.6|0.000823423|20|3|250
76,u,0.5,7101.56265,0.002|0.4|0|0.6|0.000823423|20|3|250
76,u,0.7,6594.445169,0.002|0.4|0|0.6|0.000823423|20|3|250
76,u,1,6356.614509,0.002|0.4|0|0.6|0.000823423|20|3|250
76,u,1.5,6179.771785,0.002|0.4|0|0.6|0.000823423|20|3|250
76,v,-2.5,9093.558306,0.002|0.4|0|0.6|0.000823423|20|3|250
76,v,-1.5,8332.517657,0.002|0.4|0|0.6|0.000823423|20|3|250
76,v,-1,8092.591421,0.002|0.4|0|0.6|0.000823423|20|3|250
76,v,-0.7,7979.622997,0.002|0.4|0|0.6|0.000823423|20|3|250
76,v,-0.35,7871.123426,0.002|0.4|0|0.6|0.000823423|20|3|250
76,v,-0.15,7818.619207,0.002|0.4|0|0.6|0.000823423|20|3|250
76,v,-0.05,7794.637378,0.002|0.4|0|0.6|0.000823423|20|3|250
76,v,0.05,7772.052142,0.002|0.4|0|0.6|0.000823423|20|3|250
76,v,0.15,7750.782168,0.002|0.4|0|0.6|0.000823423|20|3|250
76,v,0.35,7711.886086,0.002|0.4|0|0.6|0.000823423|20|3|250
76,v,0.7,7654.100104,0.002|0.4|0|0.6|0.000823423|20|3|250
76,v,1,7613.364262,0.002|0.4|0|0.6|0.000823423|20|3|250
76,v,1.5,7559.829482,0.002|0.4|0|0.6|0.000823423|20|3|250
76,d4,0.004,7858.383682,0.002|0.4|0|0.6|0.000823423|20|3|250
76,d4,0.008,7935.115676,0.002|0.4|0|0.6|0.000823423|20|3|250
76,d4,0.012,8013.418309,0.002|0.4|0|0.6|0.000823423|20|3|250
76,d4,0.017,8113.579989,0.002|0.4|0|0.6|0.000823423|20|3|250
76,d4,0.025,8279.354153,0.002|0.4|0|0.6|0.000823423|20|3|250
76,d4,0.04,8609.894733,0.002|0.4|0|0.6|0.000823423|20|3|250
76,d4,0.06,9095.653731,0.002|0.4|0|0.6|0.000823423|20|3|250
76,d4,0.1,11470.11082,0.002|0.4|0|0.6|0.000823423|20|3|250
76,d4,0.15,13684.11396,0.002|0.4|0|0.6|0.000823423|20|3|250
76,dc,-0.15,5924.271267,0.002|0.4|0|0.6|0.000823423|20|3|250
76,dc,-0.1,6420.982382,0.002|0.4|0|0.6|0.000823423|20|3|250
76,dc,-0.06,6895.364977,0.002|0.4|0|0.6|0.000823423|20|3|250
76,dc,-0.04,7164.613513,0.002|0.4|0|0.6|0.000823423|20|3|250
76,dc,-0.025,7383.038331,0.002|0.4|0|0.6|0.000823423|20|3|250
76,dc,-0.017,7505.903575,0.002|0.4|0|0.6|0.000823423|20|3|250
76,dc,-0.012,7585.097642,0.002|0.4|0|0.6|0.000823423|20|3|250
76,dc,-0.008,7649.839169,0.002|0.4|0|0.6|0.000823423|20|3|250
76,dc,-0.004,7715.852419,0.002|0.4|0|0.6|0.000823423|20|3|250
76,dc,0.004,7851.84758,0.002|0.4|0|0.6|0.000823423|20|3|250
76,dc,0.008,7921.910137,0.002|0.4|0|0.6|0.000823423|20|3|250
76,dc,0.012,7993.405874,0.002|0.4|0|0.6|0.000823423|20|3|250
76,dc,0.017,8084.859075,0.002|0.4|0|0.6|0.000823423|20|3|250
76,dc,0.025,8236.216833,0.002|0.4|0|0.6|0.000823423|20|3|250
76,dc,0.04,8538.000377,0.002|0.4|0|0.6|0.000823423|20|3|250
76,dc,0.06,8981.471161,0.002|0.4|0|0.6|0.000823423|20|3|250
76,dc,0.1,11254.70393,0.002|0.4|0|0.6|0.000823423|20|3|250
76,dc,0.15,13296.40708,0.002|0.4|0|0.6|0.000823423|20|3|250
77,f0,0,2364.71202,0.045|0.668|0.017|0.315|0.204205|40|3|325
77,u,-2.5,2871.22979,0.045|0.668|0.017|0.315|0.204205|40|3|325
77,u,-1.5,2625.293767,0.045|0.668|0.017|0.315|0.204205|40|3|325
77,u,-1,2477.228941,0.045|0.668|0.017|0.315|0.204205|40|3|325
77,u,-0.7,2452.307681,0.045|0.668|0.017|0.315|0.204205|40|3|325
77,u,-0.5,2437.638816,0.045|0.668|0.017|0.315|0.204205|40|3|325
77,u,-0.35,2414.331544,0.045|0.668|0.017|0.315|0.204205|40|3|325
77,u,-0.25,2406.82481,0.045|0.668|0.017|0.315|0.204205|40|3|325
77,u,-0.2,2398.410825,0.045|0.668|0.017|0.315|0.204205|40|3|325
77,u,-0.15,2387.297175,0.045|0.668|0.017|0.315|0.204205|40|3|325
77,u,-0.1,2373.761341,0.045|0.668|0.017|0.315|0.204205|40|3|325
77,u,-0.075,2366.166121,0.045|0.668|0.017|0.315|0.204205|40|3|325
77,u,-0.05,2383.629305,0.045|0.668|0.017|0.315|0.204205|40|3|325
77,u,-0.03,2356.236674,0.045|0.668|0.017|0.315|0.204205|40|3|325
77,u,-0.02,2367.530722,0.045|0.668|0.017|0.315|0.204205|40|3|325
77,u,-0.01,2353.914118,0.045|0.668|0.017|0.315|0.204205|40|3|325
77,u,0.01,2351.112478,0.045|0.668|0.017|0.315|0.204205|40|3|325
77,u,0.02,2361.429082,0.045|0.668|0.017|0.315|0.204205|40|3|325
77,u,0.03,2347.851191,0.045|0.668|0.017|0.315|0.204205|40|3|325
77,u,0.05,2344.14911,0.045|0.668|0.017|0.315|0.204205|40|3|325
77,u,0.075,2355.776004,0.045|0.668|0.017|0.315|0.204205|40|3|325
77,u,0.1,2344.027263,0.045|0.668|0.017|0.315|0.204205|40|3|325
77,u,0.15,2340.423594,0.045|0.668|0.017|0.315|0.204205|40|3|325
77,u,0.2,2333.670336,0.045|0.668|0.017|0.315|0.204205|40|3|325
77,u,0.25,2324.075465,0.045|0.668|0.017|0.315|0.204205|40|3|325
77,u,0.35,2297.481,0.045|0.668|0.017|0.315|0.204205|40|3|325
77,u,0.5,2271.507531,0.045|0.668|0.017|0.315|0.204205|40|3|325
77,u,0.7,2231.829669,0.045|0.668|0.017|0.315|0.204205|40|3|325
77,u,1,,0.045|0.668|0.017|0.315|0.204205|40|3|325
77,u,1.5,,0.045|0.668|0.017|0.315|0.204205|40|3|325
77,v,-2.5,2412.655792,0.045|0.668|0.017|0.315|0.204205|40|3|325
77,v,-1.5,2384.811138,0.045|0.668|0.017|0.315|0.204205|40|3|325
77,v,-1,2376.032812,0.045|0.668|0.017|0.315|0.204205|40|3|325
77,v,-0.7,2371.899568,0.045|0.668|0.017|0.315|0.204205|40|3|325
77,v,-0.35,2367.929829,0.045|0.668|0.017|0.315|0.204205|40|3|325
77,v,-0.15,2366.008825,0.045|0.668|0.017|0.315|0.204205|40|3|325
77,v,-0.05,2365.131387,0.045|0.668|0.017|0.315|0.204205|40|3|325
77,v,0.05,2364.305048,0.045|0.668|0.017|0.315|0.204205|40|3|325
77,v,0.15,2363.52683,0.045|0.668|0.017|0.315|0.204205|40|3|325
77,v,0.35,2362.103716,0.045|0.668|0.017|0.315|0.204205|40|3|325
77,v,0.7,2359.989465,0.045|0.668|0.017|0.315|0.204205|40|3|325
77,v,1,2358.499038,0.045|0.668|0.017|0.315|0.204205|40|3|325
77,v,1.5,2356.540329,0.045|0.668|0.017|0.315|0.204205|40|3|325
77,d4,-0.017,2232.845173,0.045|0.668|0.017|0.315|0.204205|40|3|325
77,d4,-0.012,2273.770087,0.045|0.668|0.017|0.315|0.204205|40|3|325
77,d4,-0.008,2311.735149,0.045|0.668|0.017|0.315|0.204205|40|3|325
77,d4,-0.004,2325.998301,0.045|0.668|0.017|0.315|0.204205|40|3|325
77,d4,0.004,2403.878843,0.045|0.668|0.017|0.315|0.204205|40|3|325
77,d4,0.008,2418.947467,0.045|0.668|0.017|0.315|0.204205|40|3|325
77,d4,0.012,2458.903747,0.045|0.668|0.017|0.315|0.204205|40|3|325
77,d4,0.017,2478.413598,0.045|0.668|0.017|0.315|0.204205|40|3|325
77,d4,0.025,2560.627014,0.045|0.668|0.017|0.315|0.204205|40|3|325
77,d4,0.04,2675.200127,0.045|0.668|0.017|0.315|0.204205|40|3|325
77,d4,0.06,2845.456663,0.045|0.668|0.017|0.315|0.204205|40|3|325
77,d4,0.1,3192.901493,0.045|0.668|0.017|0.315|0.204205|40|3|325
77,d4,0.15,3724.78045,0.045|0.668|0.017|0.315|0.204205|40|3|325
77,dc,-0.15,1591.401625,0.045|0.668|0.017|0.315|0.204205|40|3|325
77,dc,-0.1,1809.006402,0.045|0.668|0.017|0.315|0.204205|40|3|325
77,dc,-0.06,2013.181966,0.045|0.668|0.017|0.315|0.204205|40|3|325
77,dc,-0.04,2123.807234,0.045|0.668|0.017|0.315|0.204205|40|3|325
77,dc,-0.025,2205.06487,0.045|0.668|0.017|0.315|0.204205|40|3|325
77,dc,-0.017,2271.950326,0.045|0.668|0.017|0.315|0.204205|40|3|325
77,dc,-0.012,2284.722008,0.045|0.668|0.017|0.315|0.204205|40|3|325
77,dc,-0.008,2319.071644,0.045|0.668|0.017|0.315|0.204205|40|3|325
77,dc,-0.004,2329.688362,0.045|0.668|0.017|0.315|0.204205|40|3|325
77,dc,0.004,2400.152451,0.045|0.668|0.017|0.315|0.204205|40|3|325
77,dc,0.008,2411.449558,0.045|0.668|0.017|0.315|0.204205|40|3|325
77,dc,0.012,2447.600637,0.045|0.668|0.017|0.315|0.204205|40|3|325
77,dc,0.017,2462.277992,0.045|0.668|0.017|0.315|0.204205|40|3|325
77,dc,0.025,2536.65534,0.045|0.668|0.017|0.315|0.204205|40|3|325
77,dc,0.04,2636.015489,0.045|0.668|0.017|0.315|0.204205|40|3|325
77,dc,0.06,2758.302654,0.045|0.668|0.017|0.315|0.204205|40|3|325
77,dc,0.1,3085.542652,0.045|0.668|0.017|0.315|0.204205|40|3|325
77,dc,0.15,3549.56245,0.045|0.668|0.017|0.315|0.204205|40|3|325
78,f0,0,2321.980597,0.044|0.676|0.014|0.31|0.202058|40|3|325
78,u,-2.5,2881.129723,0.044|0.676|0.014|0.31|0.202058|40|3|325
78,u,-1.5,2520.546267,0.044|0.676|0.014|0.31|0.202058|40|3|325
78,u,-1,2483.992832,0.044|0.676|0.014|0.31|0.202058|40|3|325
78,u,-0.7,2408.70229,0.044|0.676|0.014|0.31|0.202058|40|3|325
78,u,-0.5,2403.302217,0.044|0.676|0.014|0.31|0.202058|40|3|325
78,u,-0.35,2350.484671,0.044|0.676|0.014|0.31|0.202058|40|3|325
78,u,-0.25,2349.856621,0.044|0.676|0.014|0.31|0.202058|40|3|325
78,u,-0.2,2344.581831,0.044|0.676|0.014|0.31|0.202058|40|3|325
78,u,-0.15,2336.422627,0.044|0.676|0.014|0.31|0.202058|40|3|325
78,u,-0.1,2325.667175,0.044|0.676|0.014|0.31|0.202058|40|3|325
78,u,-0.075,2319.400043,0.044|0.676|0.014|0.31|0.202058|40|3|325
78,u,-0.05,2312.582335,0.044|0.676|0.014|0.31|0.202058|40|3|325
78,u,-0.03,2311.820301,0.044|0.676|0.014|0.31|0.202058|40|3|325
78,u,-0.02,2323.780151,0.044|0.676|0.014|0.31|0.202058|40|3|325
78,u,-0.01,2310.532717,0.044|0.676|0.014|0.31|0.202058|40|3|325
78,u,0.01,2308.740262,0.044|0.676|0.014|0.31|0.202058|40|3|325
78,u,0.02,2319.691392,0.044|0.676|0.014|0.31|0.202058|40|3|325
78,u,0.03,2306.462997,0.044|0.676|0.014|0.31|0.202058|40|3|325
78,u,0.05,2303.720387,0.044|0.676|0.014|0.31|0.202058|40|3|325
78,u,0.075,2293.984471,0.044|0.676|0.014|0.31|0.202058|40|3|325
78,u,0.1,2306.022498,0.044|0.676|0.014|0.31|0.202058|40|3|325
78,u,0.15,2283.66841,0.044|0.676|0.014|0.31|0.202058|40|3|325
78,u,0.2,2280.110586,0.044|0.676|0.014|0.31|0.202058|40|3|325
78,u,0.25,2273.523679,0.044|0.676|0.014|0.31|0.202058|40|3|325
78,u,0.35,2252.425607,0.044|0.676|0.014|0.31|0.202058|40|3|325
78,u,0.5,2233.894761,0.044|0.676|0.014|0.31|0.202058|40|3|325
78,u,0.7,2190.779045,0.044|0.676|0.014|0.31|0.202058|40|3|325
78,u,1,,0.044|0.676|0.014|0.31|0.202058|40|3|325
78,u,1.5,,0.044|0.676|0.014|0.31|0.202058|40|3|325
78,v,-2.5,2370.229383,0.044|0.676|0.014|0.31|0.202058|40|3|325
78,v,-1.5,2342.207583,0.044|0.676|0.014|0.31|0.202058|40|3|325
78,v,-1,2333.37341,0.044|0.676|0.014|0.31|0.202058|40|3|325
78,v,-0.7,2329.213871,0.044|0.676|0.014|0.31|0.202058|40|3|325
78,v,-0.35,2325.218876,0.044|0.676|0.014|0.31|0.202058|40|3|325
78,v,-0.15,2323.285651,0.044|0.676|0.014|0.31|0.202058|40|3|325
78,v,-0.05,2322.402631,0.044|0.676|0.014|0.31|0.202058|40|3|325
78,v,0.05,2321.571035,0.044|0.676|0.014|0.31|0.202058|40|3|325
78,v,0.15,2320.787866,0.044|0.676|0.014|0.31|0.202058|40|3|325
78,v,0.35,2319.355698,0.044|0.676|0.014|0.31|0.202058|40|3|325
78,v,0.7,2317.227997,0.044|0.676|0.014|0.31|0.202058|40|3|325
78,v,1,2315.728088,0.044|0.676|0.014|0.31|0.202058|40|3|325
78,v,1.5,2313.756917,0.044|0.676|0.014|0.31|0.202058|40|3|325
78,d4,-0.014,2224.977789,0.044|0.676|0.014|0.31|0.202058|40|3|325
78,d4,-0.012,2231.697703,0.044|0.676|0.014|0.31|0.202058|40|3|325
78,d4,-0.008,2269.544858,0.044|0.676|0.014|0.31|0.202058|40|3|325
78,d4,-0.004,2283.398632,0.044|0.676|0.014|0.31|0.202058|40|3|325
78,d4,0.004,2336.304663,0.044|0.676|0.014|0.31|0.202058|40|3|325
78,d4,0.008,2375.646376,0.044|0.676|0.014|0.31|0.202058|40|3|325
78,d4,0.012,2390.459442,0.044|0.676|0.014|0.31|0.202058|40|3|325
78,d4,0.017,2434.400128,0.044|0.676|0.014|0.31|0.202058|40|3|325
78,d4,0.025,2490.794104,0.044|0.676|0.014|0.31|0.202058|40|3|325
78,d4,0.04,2603.539592,0.044|0.676|0.014|0.31|0.202058|40|3|325
78,d4,0.06,2771.19961,0.044|0.676|0.014|0.31|0.202058|40|3|325
78,d4,0.1,3140.789971,0.044|0.676|0.014|0.31|0.202058|40|3|325
78,d4,0.15,3664.823061,0.044|0.676|0.014|0.31|0.202058|40|3|325
78,dc,-0.15,1553.538908,0.044|0.676|0.014|0.31|0.202058|40|3|325
78,dc,-0.1,1770.014476,0.044|0.676|0.014|0.31|0.202058|40|3|325
78,dc,-0.06,1973.029062,0.044|0.676|0.014|0.31|0.202058|40|3|325
78,dc,-0.04,2082.920819,0.044|0.676|0.014|0.31|0.202058|40|3|325
78,dc,-0.025,2163.478814,0.044|0.676|0.014|0.31|0.202058|40|3|325
78,dc,-0.017,2206.255789,0.044|0.676|0.014|0.31|0.202058|40|3|325
78,dc,-0.012,2242.54576,0.044|0.676|0.014|0.31|0.202058|40|3|325
78,dc,-0.008,2276.811287,0.044|0.676|0.014|0.31|0.202058|40|3|325
78,dc,-0.004,2287.053197,0.044|0.676|0.014|0.31|0.202058|40|3|325
78,dc,0.004,2332.610633,0.044|0.676|0.014|0.31|0.202058|40|3|325
78,dc,0.008,2368.222159,0.044|0.676|0.014|0.31|0.202058|40|3|325
78,dc,0.012,2379.256098,0.044|0.676|0.014|0.31|0.202058|40|3|325
78,dc,0.017,2418.42573,0.044|0.676|0.014|0.31|0.202058|40|3|325
78,dc,0.025,2467.039694,0.044|0.676|0.014|0.31|0.202058|40|3|325
78,dc,0.04,2564.721312,0.044|0.676|0.014|0.31|0.202058|40|3|325
78,dc,0.06,2711.279113,0.044|0.676|0.014|0.31|0.202058|40|3|325
78,dc,0.1,3034.689823,0.044|0.676|0.014|0.31|0.202058|40|3|325
78,dc,0.15,3460.404449,0.044|0.676|0.014|0.31|0.202058|40|3|325
79,f0,0,2892.093528,0.049|0.589|0.022|0.389|0.19606|40|3|350
79,u,-2.5,3650.844363,0.049|0.589|0.022|0.389|0.19606|40|3|350
79,u,-1.5,3226.078483,0.049|0.589|0.022|0.389|0.19606|40|3|350
79,u,-1,3097.937221,0.049|0.589|0.022|0.389|0.19606|40|3|350
79,u,-0.7,3046.288853,0.049|0.589|0.022|0.389|0.19606|40|3|350
79,u,-0.5,2987.124657,0.049|0.589|0.022|0.389|0.19606|40|3|350
79,u,-0.35,2974.949498,0.049|0.589|0.022|0.389|0.19606|40|3|350
79,u,-0.25,2957.242511,0.049|0.589|0.022|0.389|0.19606|40|3|350
79,u,-0.2,2958.104605,0.049|0.589|0.022|0.389|0.19606|40|3|350
79,u,-0.15,2924.696219,0.049|0.589|0.022|0.389|0.19606|40|3|350
79,u,-0.1,2917.747785,0.049|0.589|0.022|0.389|0.19606|40|3|350
79,u,-0.075,2926.328145,0.049|0.589|0.022|0.389|0.19606|40|3|350
79,u,-0.05,2906.74579,0.049|0.589|0.022|0.389|0.19606|40|3|350
79,u,-0.03,2896.108568,0.049|0.589|0.022|0.389|0.19606|40|3|350
79,u,-0.02,2903.507048,0.049|0.589|0.022|0.389|0.19606|40|3|350
79,u,-0.01,2910.555695,0.049|0.589|0.022|0.389|0.19606|40|3|350
79,u,0.01,2898.721721,0.049|0.589|0.022|0.389|0.19606|40|3|350
79,u,0.02,2905.015619,0.049|0.589|0.022|0.389|0.19606|40|3|350
79,u,0.03,2886.58596,0.049|0.589|0.022|0.389|0.19606|40|3|350
79,u,0.05,2898.058691,0.049|0.589|0.022|0.389|0.19606|40|3|350
79,u,0.075,2875.721183,0.049|0.589|0.022|0.389|0.19606|40|3|350
79,u,0.1,2875.987834,0.049|0.589|0.022|0.389|0.19606|40|3|350
79,u,0.15,2872.894425,0.049|0.589|0.022|0.389|0.19606|40|3|350
79,u,0.2,2844.916326,0.049|0.589|0.022|0.389|0.19606|40|3|350
79,u,0.25,2834.392964,0.049|0.589|0.022|0.389|0.19606|40|3|350
79,u,0.35,2820.152584,0.049|0.589|0.022|0.389|0.19606|40|3|350
79,u,0.5,2763.500106,0.049|0.589|0.022|0.389|0.19606|40|3|350
79,u,0.7,,0.049|0.589|0.022|0.389|0.19606|40|3|350
79,u,1,,0.049|0.589|0.022|0.389|0.19606|40|3|350
79,u,1.5,,0.049|0.589|0.022|0.389|0.19606|40|3|350
79,v,-2.5,2941.222607,0.049|0.589|0.022|0.389|0.19606|40|3|350
79,v,-1.5,2912.689553,0.049|0.589|0.022|0.389|0.19606|40|3|350
79,v,-1,2903.694202,0.049|0.589|0.022|0.389|0.19606|40|3|350
79,v,-0.7,2899.458772,0.049|0.589|0.022|0.389|0.19606|40|3|350
79,v,-0.35,2895.39089,0.049|0.589|0.022|0.389|0.19606|40|3|350
79,v,-0.15,2893.422393,0.049|0.589|0.022|0.389|0.19606|40|3|350
79,v,-0.05,2892.523263,0.049|0.589|0.022|0.389|0.19606|40|3|350
79,v,0.05,2891.676494,0.049|0.589|0.022|0.389|0.19606|40|3|350
79,v,0.15,2890.879037,0.049|0.589|0.022|0.389|0.19606|40|3|350
79,v,0.35,2889.420739,0.049|0.589|0.022|0.389|0.19606|40|3|350
79,v,0.7,2887.254218,0.049|0.589|0.022|0.389|0.19606|40|3|350
79,v,1,2885.726943,0.049|0.589|0.022|0.389|0.19606|40|3|350
79,v,1.5,2883.719809,0.049|0.589|0.022|0.389|0.19606|40|3|350
79,d4,-0.022,2712.529078,0.049|0.589|0.022|0.389|0.19606|40|3|350
79,d4,-0.017,2760.004233,0.049|0.589|0.022|0.389|0.19606|40|3|350
79,d4,-0.012,2808.253291,0.049|0.589|0.022|0.389|0.19606|40|3|350
79,d4,-0.008,2827.549803,0.049|0.589|0.022|0.389|0.19606|40|3|350
79,d4,-0.004,2872.109203,0.049|0.589|0.022|0.389|0.19606|40|3|350
79,d4,0.004,2937.684232,0.049|0.589|0.022|0.389|0.19606|40|3|350
79,d4,0.008,2983.889369,0.049|0.589|0.022|0.389|0.19606|40|3|350
79,d4,0.012,3005.049776,0.049|0.589|0.022|0.389|0.19606|40|3|350
79,d4,0.017,3057.804618,0.049|0.589|0.022|0.389|0.19606|40|3|350
79,d4,0.025,3128.375836,0.049|0.589|0.022|0.389|0.19606|40|3|350
79,d4,0.04,3269.527916,0.049|0.589|0.022|0.389|0.19606|40|3|350
79,d4,0.06,3479.312724,0.049|0.589|0.022|0.389|0.19606|40|3|350
79,d4,0.1,3949.619051,0.049|0.589|0.022|0.389|0.19606|40|3|350
79,d4,0.15,4673.15971,0.049|0.589|0.022|0.389|0.19606|40|3|350
79,dc,-0.15,1951.464093,0.049|0.589|0.022|0.389|0.19606|40|3|350
79,dc,-0.1,2227.039506,0.049|0.589|0.022|0.389|0.19606|40|3|350
79,dc,-0.06,2468.636561,0.049|0.589|0.022|0.389|0.19606|40|3|350
79,dc,-0.04,2600.870152,0.049|0.589|0.022|0.389|0.19606|40|3|350
79,dc,-0.025,2723.773576,0.049|0.589|0.022|0.389|0.19606|40|3|350
79,dc,-0.017,2777.112511,0.049|0.589|0.022|0.389|0.19606|40|3|350
79,dc,-0.012,2820.41677,0.049|0.589|0.022|0.389|0.19606|40|3|350
79,dc,-0.008,2835.713073,0.049|0.589|0.022|0.389|0.19606|40|3|350
79,dc,-0.004,2876.213843,0.049|0.589|0.022|0.389|0.19606|40|3|350
79,dc,0.004,2933.528072,0.049|0.589|0.022|0.389|0.19606|40|3|350
79,dc,0.008,2975.529055,0.049|0.589|0.022|0.389|0.19606|40|3|350
79,dc,0.012,2992.422442,0.049|0.589|0.022|0.389|0.19606|40|3|350
79,dc,0.017,3039.779479,0.049|0.589|0.022|0.389|0.19606|40|3|350
79,dc,0.025,3101.522152,0.049|0.589|0.022|0.389|0.19606|40|3|350
79,dc,0.04,3225.486175,0.049|0.589|0.022|0.389|0.19606|40|3|350
79,dc,0.06,3410.981102,0.049|0.589|0.022|0.389|0.19606|40|3|350
79,dc,0.1,3827.240701,0.049|0.589|0.022|0.389|0.19606|40|3|350
79,dc,0.15,4436.801024,0.049|0.589|0.022|0.389|0.19606|40|3|350
80,f0,0,2385.15492,0.043|0.665|0.016|0.319|0.194253|40|3|325
80,u,-2.5,2964.156019,0.043|0.665|0.016|0.319|0.194253|40|3|325
80,u,-1.5,2590.068778,0.043|0.665|0.016|0.319|0.194253|40|3|325
80,u,-1,2552.481162,0.043|0.665|0.016|0.319|0.194253|40|3|325
80,u,-0.7,2474.464758,0.043|0.665|0.016|0.319|0.194253|40|3|325
80,u,-0.5,2469.068833,0.043|0.665|0.016|0.319|0.194253|40|3|325
80,u,-0.35,2450.944032,0.043|0.665|0.016|0.319|0.194253|40|3|325
80,u,-0.25,2413.783541,0.043|0.665|0.016|0.319|0.194253|40|3|325
80,u,-0.2,2408.365282,0.043|0.665|0.016|0.319|0.194253|40|3|325
80,u,-0.15,2399.948014,0.043|0.665|0.016|0.319|0.194253|40|3|325
80,u,-0.1,2417.175268,0.043|0.665|0.016|0.319|0.194253|40|3|325
80,u,-0.075,2409.971396,0.043|0.665|0.016|0.319|0.194253|40|3|325
80,u,-0.05,2402.212904,0.043|0.665|0.016|0.319|0.194253|40|3|325
80,u,-0.03,2400.901228,0.043|0.665|0.016|0.319|0.194253|40|3|325
80,u,-0.02,2386.99462,0.043|0.665|0.016|0.319|0.194253|40|3|325
80,u,-0.01,2399.054097,0.043|0.665|0.016|0.319|0.194253|40|3|325
80,u,0.01,2396.692789,0.043|0.665|0.016|0.319|0.194253|40|3|325
80,u,0.02,2382.806126,0.043|0.665|0.016|0.319|0.194253|40|3|325
80,u,0.03,2393.837946,0.043|0.665|0.016|0.319|0.194253|40|3|325
80,u,0.05,2390.509592,0.043|0.665|0.016|0.319|0.194253|40|3|325
80,u,0.075,2379.799818,0.043|0.665|0.016|0.319|0.194253|40|3|325
80,u,0.1,2368.719685,0.043|0.665|0.016|0.319|0.194253|40|3|325
80,u,0.15,2367.424721,0.043|0.665|0.016|0.319|0.194253|40|3|325
80,u,0.2,2362.705572,0.043|0.665|0.016|0.319|0.194253|40|3|325
80,u,0.25,2354.891579,0.043|0.665|0.016|0.319|0.194253|40|3|325
80,u,0.35,2331.177482,0.043|0.665|0.016|0.319|0.194253|40|3|325
80,u,0.5,2294.481629,0.043|0.665|0.016|0.319|0.194253|40|3|325
80,u,0.7,2262.367397,0.043|0.665|0.016|0.319|0.194253|40|3|325
80,u,1,,0.043|0.665|0.016|0.319|0.194253|40|3|325
80,u,1.5,,0.043|0.665|0.016|0.319|0.194253|40|3|325
80,v,-2.5,2434.557699,0.043|0.665|0.016|0.319|0.194253|40|3|325
80,v,-1.5,2405.865686,0.043|0.665|0.016|0.319|0.194253|40|3|325
80,v,-1,2396.820221,0.043|0.665|0.016|0.319|0.194253|40|3|325
80,v,-0.7,2392.561196,0.043|0.665|0.016|0.319|0.194253|40|3|325
80,v,-0.35,2388.470651,0.043|0.665|0.016|0.319|0.194253|40|3|325
80,v,-0.15,2386.491188,0.043|0.665|0.016|0.319|0.194253|40|3|325
80,v,-0.05,2385.587048,0.043|0.665|0.016|0.319|0.194253|40|3|325
80,v,0.05,2384.735562,0.043|0.665|0.016|0.319|0.194253|40|3|325
80,v,0.15,2383.933662,0.043|0.665|0.016|0.319|0.194253|40|3|325
80,v,0.35,2382.46724,0.043|0.665|0.016|0.319|0.194253|40|3|325
80,v,0.7,2380.288649,0.043|0.665|0.016|0.319|0.194253|40|3|325
80,v,1,2378.752866,0.043|0.665|0.016|0.319|0.194253|40|3|325
80,v,1.5,2376.73455,0.043|0.665|0.016|0.319|0.194253|40|3|325
80,d4,-0.016,2277.187299,0.043|0.665|0.016|0.319|0.194253|40|3|325
80,d4,-0.012,2291.145284,0.043|0.665|0.016|0.319|0.194253|40|3|325
80,d4,-0.008,2330.542498,0.043|0.665|0.016|0.319|0.194253|40|3|325
80,d4,-0.004,2370.39691,0.043|0.665|0.016|0.319|0.194253|40|3|325
80,d4,0.004,2425.802589,0.043|0.665|0.016|0.319|0.194253|40|3|325
80,d4,0.008,2441.070573,0.043|0.665|0.016|0.319|0.194253|40|3|325
80,d4,0.012,2482.539029,0.043|0.665|0.016|0.319|0.194253|40|3|325
80,d4,0.017,2528.523887,0.043|0.665|0.016|0.319|0.194253|40|3|325
80,d4,0.025,2587.647773,0.043|0.665|0.016|0.319|0.194253|40|3|325
80,d4,0.04,2705.901076,0.043|0.665|0.016|0.319|0.194253|40|3|325
80,d4,0.06,2853.862187,0.043|0.665|0.016|0.319|0.194253|40|3|325
80,d4,0.1,3240.555749,0.043|0.665|0.016|0.319|0.194253|40|3|325
80,d4,0.15,3790.619245,0.043|0.665|0.016|0.319|0.194253|40|3|325
80,dc,-0.15,1605.254009,0.043|0.665|0.016|0.319|0.194253|40|3|325
80,dc,-0.1,1831.714564,0.043|0.665|0.016|0.319|0.194253|40|3|325
80,dc,-0.06,2044.380888,0.043|0.665|0.016|0.319|0.194253|40|3|325
80,dc,-0.04,2159.639504,0.043|0.665|0.016|0.319|0.194253|40|3|325
80,dc,-0.025,2244.254341,0.043|0.665|0.016|0.319|0.194253|40|3|325
80,dc,-0.017,2289.226271,0.043|0.665|0.016|0.319|0.194253|40|3|325
80,dc,-0.012,2302.169379,0.043|0.665|0.016|0.319|0.194253|40|3|325
80,dc,-0.008,2337.927546,0.043|0.665|0.016|0.319|0.194253|40|3|325
80,dc,-0.004,2374.107475,0.043|0.665|0.016|0.319|0.194253|40|3|325
80,dc,0.004,2422.051222,0.043|0.665|0.016|0.319|0.194253|40|3|325
80,dc,0.008,2433.522207,0.043|0.665|0.016|0.319|0.194253|40|3|325
80,dc,0.012,2471.159519,0.043|0.665|0.016|0.319|0.194253|40|3|325
80,dc,0.017,2486.072399,0.043|0.665|0.016|0.319|0.194253|40|3|325
80,dc,0.025,2563.511752,0.043|0.665|0.016|0.319|0.194253|40|3|325
80,dc,0.04,2666.443248,0.043|0.665|0.016|0.319|0.194253|40|3|325
80,dc,0.06,2792.853454,0.043|0.665|0.016|0.319|0.194253|40|3|325
80,dc,0.1,3132.392092,0.043|0.665|0.016|0.319|0.194253|40|3|325
80,dc,0.15,3581.074287,0.043|0.665|0.016|0.319|0.194253|40|3|325
81,f0,0,2667.808023,0.044|0.621|0.014|0.365|0.185618|40|3|350
81,u,-2.5,3419.378438,0.044|0.621|0.014|0.365|0.185618|40|3|350
81,u,-1.5,2939.967797,0.044|0.621|0.014|0.365|0.185618|40|3|350
81,u,-1,2877.748305,0.044|0.621|0.014|0.365|0.185618|40|3|350
81,u,-0.7,2792.703861,0.044|0.621|0.014|0.365|0.185618|40|3|350
81,u,-0.5,2746.830833,0.044|0.621|0.014|0.365|0.185618|40|3|350
81,u,-0.35,2740.860039,0.044|0.621|0.014|0.365|0.185618|40|3|350
81,u,-0.25,2717.978131,0.044|0.621|0.014|0.365|0.185618|40|3|350
81,u,-0.2,2701.959657,0.044|0.621|0.014|0.365|0.185618|40|3|350
81,u,-0.15,2714.491643,0.044|0.621|0.014|0.365|0.185618|40|3|350
81,u,-0.1,2691.94296,0.044|0.621|0.014|0.365|0.185618|40|3|350
81,u,-0.075,2679.904069,0.044|0.621|0.014|0.365|0.185618|40|3|350
81,u,-0.05,2695.522548,0.044|0.621|0.014|0.365|0.185618|40|3|350
81,u,-0.03,2690.135817,0.044|0.621|0.014|0.365|0.185618|40|3|350
81,u,-0.02,2673.627803,0.044|0.621|0.014|0.365|0.185618|40|3|350
81,u,-0.01,2684.269345,0.044|0.621|0.014|0.365|0.185618|40|3|350
81,u,0.01,2677.94376,0.044|0.621|0.014|0.365|0.185618|40|3|350
81,u,0.02,2661.533672,0.044|0.621|0.014|0.365|0.185618|40|3|350
81,u,0.03,2671.179061,0.044|0.621|0.014|0.365|0.185618|40|3|350
81,u,0.05,2663.994634,0.044|0.621|0.014|0.365|0.185618|40|3|350
81,u,0.075,2672.987323,0.044|0.621|0.014|0.365|0.185618|40|3|350
81,u,0.1,2656.359921,0.044|0.621|0.014|0.365|0.185618|40|3|350
81,u,0.15,2645.27752,0.044|0.621|0.014|0.365|0.185618|40|3|350
81,u,0.2,2631.093591,0.044|0.621|0.014|0.365|0.185618|40|3|350
81,u,0.25,2634.72771,0.044|0.621|0.014|0.365|0.185618|40|3|350
81,u,0.35,2610.1241,0.044|0.621|0.014|0.365|0.185618|40|3|350
81,u,0.5,2560.582868,0.044|0.621|0.014|0.365|0.185618|40|3|350
81,u,0.7,2519.339285,0.044|0.621|0.014|0.365|0.185618|40|3|350
81,u,1,,0.044|0.621|0.014|0.365|0.185618|40|3|350
81,u,1.5,,0.044|0.621|0.014|0.365|0.185618|40|3|350
81,v,-2.5,2718.577182,0.044|0.621|0.014|0.365|0.185618|40|3|350
81,v,-1.5,2689.091607,0.044|0.621|0.014|0.365|0.185618|40|3|350
81,v,-1,2679.795963,0.044|0.621|0.014|0.365|0.185618|40|3|350
81,v,-0.7,2675.419142,0.044|0.621|0.014|0.365|0.185618|40|3|350
81,v,-0.35,2671.215461,0.044|0.621|0.014|0.365|0.185618|40|3|350
81,v,-0.15,2669.18125,0.044|0.621|0.014|0.365|0.185618|40|3|350
81,v,-0.05,2668.252104,0.044|0.621|0.014|0.365|0.185618|40|3|350
81,v,0.05,2667.377067,0.044|0.621|0.014|0.365|0.185618|40|3|350
81,v,0.15,2666.552988,0.044|0.621|0.014|0.365|0.185618|40|3|350
81,v,0.35,2665.046008,0.044|0.621|0.014|0.365|0.185618|40|3|350
81,v,0.7,2662.807162,0.044|0.621|0.014|0.365|0.185618|40|3|350
81,v,1,2661.228902,0.044|0.621|0.014|0.365|0.185618|40|3|350
81,v,1.5,2659.154764,0.044|0.621|0.014|0.365|0.185618|40|3|350
81,d4,-0.014,2555.028204,0.044|0.621|0.014|0.365|0.185618|40|3|350
81,d4,-0.012,2589.569642,0.044|0.621|0.014|0.365|0.185618|40|3|350
81,d4,-0.008,2606.528247,0.044|0.621|0.014|0.365|0.185618|40|3|350
81,d4,-0.004,2650.247717,0.044|0.621|0.014|0.365|0.185618|40|3|350
81,d4,0.004,2712.47154,0.044|0.621|0.014|0.365|0.185618|40|3|350
81,d4,0.008,2757.703846,0.044|0.621|0.014|0.365|0.185618|40|3|350
81,d4,0.012,2776.302006,0.044|0.621|0.014|0.365|0.185618|40|3|350
81,d4,0.017,2827.327604,0.044|0.621|0.014|0.365|0.185618|40|3|350
81,d4,0.025,2894.040555,0.044|0.621|0.014|0.365|0.185618|40|3|350
81,d4,0.04,3027.559521,0.044|0.621|0.014|0.365|0.185618|40|3|350
81,d4,0.06,3226.334564,0.044|0.621|0.014|0.365|0.185618|40|3|350
81,d4,0.1,3637.277393,0.044|0.621|0.014|0.365|0.185618|40|3|350
81,d4,0.15,4273.958898,0.044|0.621|0.014|0.365|0.185618|40|3|350
81,dc,-0.15,1800.381655,0.044|0.621|0.014|0.365|0.185618|40|3|350
81,dc,-0.1,2049.842157,0.044|0.621|0.014|0.365|0.185618|40|3|350
81,dc,-0.06,2285.205449,0.044|0.621|0.014|0.365|0.185618|40|3|350
81,dc,-0.04,2413.456767,0.044|0.621|0.014|0.365|0.185618|40|3|350
81,dc,-0.025,2508.386914,0.044|0.621|0.014|0.365|0.185618|40|3|350
81,dc,-0.017,2559.092779,0.044|0.621|0.014|0.365|0.185618|40|3|350
81,dc,-0.012,2601.257829,0.044|0.621|0.014|0.365|0.185618|40|3|350
81,dc,-0.008,2614.369876,0.044|0.621|0.014|0.365|0.185618|40|3|350
81,dc,-0.004,2654.189316,0.044|0.621|0.014|0.365|0.185618|40|3|350
81,dc,0.004,2708.483222,0.044|0.621|0.014|0.365|0.185618|40|3|350
81,dc,0.008,2722.630637,0.044|0.621|0.014|0.365|0.185618|40|3|350
81,dc,0.012,2764.193208,0.044|0.621|0.014|0.365|0.185618|40|3|350
81,dc,0.017,2810.050423,0.044|0.621|0.014|0.365|0.185618|40|3|350
81,dc,0.025,2868.320249,0.044|0.621|0.014|0.365|0.185618|40|3|350
81,dc,0.04,2985.437542,0.044|0.621|0.014|0.365|0.185618|40|3|350
81,dc,0.06,3161.115284,0.044|0.621|0.014|0.365|0.185618|40|3|350
81,dc,0.1,3520.88027,0.044|0.621|0.014|0.365|0.185618|40|3|350
81,dc,0.15,4082.327492,0.044|0.621|0.014|0.365|0.185618|40|3|350
82,f0,0,2210.172612,0.034|0.698|0.012|0.29|0.161217|40|3|325
82,u,-2.5,3319.490838,0.034|0.698|0.012|0.29|0.161217|40|3|325
82,u,-1.5,2453.130001,0.034|0.698|0.012|0.29|0.161217|40|3|325
82,u,-1,2322.500237,0.034|0.698|0.012|0.29|0.161217|40|3|325
82,u,-0.7,2301.852891,0.034|0.698|0.012|0.29|0.161217|40|3|325
82,u,-0.5,2275.161087,0.034|0.698|0.012|0.29|0.161217|40|3|325
82,u,-0.35,2276.235615,0.034|0.698|0.012|0.29|0.161217|40|3|325
82,u,-0.25,2235.254807,0.034|0.698|0.012|0.29|0.161217|40|3|325
82,u,-0.2,2251.23837,0.034|0.698|0.012|0.29|0.161217|40|3|325
82,u,-0.15,2226.319245,0.034|0.698|0.012|0.29|0.161217|40|3|325
82,u,-0.1,2235.146791,0.034|0.698|0.012|0.29|0.161217|40|3|325
82,u,-0.075,2238.045158,0.034|0.698|0.012|0.29|0.161217|40|3|325
82,u,-0.05,2239.995251,0.034|0.698|0.012|0.29|0.161217|40|3|325
82,u,-0.03,2215.282251,0.034|0.698|0.012|0.29|0.161217|40|3|325
82,u,-0.02,2234.806814,0.034|0.698|0.012|0.29|0.161217|40|3|325
82,u,-0.01,2222.42914,0.034|0.698|0.012|0.29|0.161217|40|3|325
82,u,0.01,2228.774933,0.034|0.698|0.012|0.29|0.161217|40|3|325
82,u,0.02,2216.445203,0.034|0.698|0.012|0.29|0.161217|40|3|325
82,u,0.03,2204.236155,0.034|0.698|0.012|0.29|0.161217|40|3|325
82,u,0.05,2209.678937,0.034|0.698|0.012|0.29|0.161217|40|3|325
82,u,0.075,2208.271128,0.034|0.698|0.012|0.29|0.161217|40|3|325
82,u,0.1,2206.13952,0.034|0.698|0.012|0.29|0.161217|40|3|325
82,u,0.15,2199.847158,0.034|0.698|0.012|0.29|0.161217|40|3|325
82,u,0.2,2191.073257,0.034|0.698|0.012|0.29|0.161217|40|3|325
82,u,0.25,2180.069235,0.034|0.698|0.012|0.29|0.161217|40|3|325
82,u,0.35,2173.920257,0.034|0.698|0.012|0.29|0.161217|40|3|325
82,u,0.5,2154.670222,0.034|0.698|0.012|0.29|0.161217|40|3|325
82,u,0.7,2118.805787,0.034|0.698|0.012|0.29|0.161217|40|3|325
82,u,1,2066.485726,0.034|0.698|0.012|0.29|0.161217|40|3|325
82,u,1.5,,0.034|0.698|0.012|0.29|0.161217|40|3|325
82,v,-2.5,2265.421752,0.034|0.698|0.012|0.29|0.161217|40|3|325
82,v,-1.5,2233.334306,0.034|0.698|0.012|0.29|0.161217|40|3|325
82,v,-1,2223.218394,0.034|0.698|0.012|0.29|0.161217|40|3|325
82,v,-0.7,2218.455353,0.034|0.698|0.012|0.29|0.161217|40|3|325
82,v,-0.35,2213.88073,0.034|0.698|0.012|0.29|0.161217|40|3|325
82,v,-0.15,2211.667016,0.034|0.698|0.012|0.29|0.161217|40|3|325
82,v,-0.05,2210.65588,0.034|0.698|0.012|0.29|0.161217|40|3|325
82,v,0.05,2209.703627,0.034|0.698|0.012|0.29|0.161217|40|3|325
82,v,0.15,2208.80683,0.034|0.698|0.012|0.29|0.161217|40|3|325
82,v,0.35,2207.166871,0.034|0.698|0.012|0.29|0.161217|40|3|325
82,v,0.7,2204.730464,0.034|0.698|0.012|0.29|0.161217|40|3|325
82,v,1,2203.012935,0.034|0.698|0.012|0.29|0.161217|40|3|325
82,v,1.5,2200.75577,0.034|0.698|0.012|0.29|0.161217|40|3|325
82,d4,-0.012,2140.780188,0.034|0.698|0.012|0.29|0.161217|40|3|325
82,d4,-0.008,2153.413988,0.034|0.698|0.012|0.29|0.161217|40|3|325
82,d4,-0.004,2197.078891,0.034|0.698|0.012|0.29|0.161217|40|3|325
82,d4,0.004,2254.643906,0.034|0.698|0.012|0.29|0.161217|40|3|325
82,d4,0.008,2268.215562,0.034|0.698|0.012|0.29|0.161217|40|3|325
82,d4,0.012,2313.519836,0.034|0.698|0.012|0.29|0.161217|40|3|325
82,d4,0.017,2331.131068,0.034|0.698|0.012|0.29|0.161217|40|3|325
82,d4,0.025,2392.011703,0.034|0.698|0.012|0.29|0.161217|40|3|325
82,d4,0.04,2514.173187,0.034|0.698|0.012|0.29|0.161217|40|3|325
82,d4,0.06,2663.229588,0.034|0.698|0.012|0.29|0.161217|40|3|325
82,d4,0.1,3026.758145,0.034|0.698|0.012|0.29|0.161217|40|3|325
82,d4,0.15,3505.443409,0.034|0.698|0.012|0.29|0.161217|40|3|325
82,dc,-0.15,1478.187949,0.034|0.698|0.012|0.29|0.161217|40|3|325
82,dc,-0.1,1701.331259,0.034|0.698|0.012|0.29|0.161217|40|3|325
82,dc,-0.06,1906.22385,0.034|0.698|0.012|0.29|0.161217|40|3|325
82,dc,-0.04,2002.127504,0.034|0.698|0.012|0.29|0.161217|40|3|325
82,dc,-0.025,2062.479405,0.034|0.698|0.012|0.29|0.161217|40|3|325
82,dc,-0.017,2109.84714,0.034|0.698|0.012|0.29|0.161217|40|3|325
82,dc,-0.012,2151.439549,0.034|0.698|0.012|0.29|0.161217|40|3|325
82,dc,-0.008,2160.560444,0.034|0.698|0.012|0.29|0.161217|40|3|325
82,dc,-0.004,2200.668603,0.034|0.698|0.012|0.29|0.161217|40|3|325
82,dc,0.004,2251.016757,0.034|0.698|0.012|0.29|0.161217|40|3|325
82,dc,0.008,2260.919257,0.034|0.698|0.012|0.29|0.161217|40|3|325
82,dc,0.012,2302.523446,0.034|0.698|0.012|0.29|0.161217|40|3|325
82,dc,0.017,2315.438599,0.034|0.698|0.012|0.29|0.161217|40|3|325
82,dc,0.025,2368.685591,0.034|0.698|0.012|0.29|0.161217|40|3|325
82,dc,0.04,2476.083481,0.034|0.698|0.012|0.29|0.161217|40|3|325
82,dc,0.06,2604.432501,0.034|0.698|0.012|0.29|0.161217|40|3|325
82,dc,0.1,2886.626554,0.034|0.698|0.012|0.29|0.161217|40|3|325
82,dc,0.15,3336.171,0.034|0.698|0.012|0.29|0.161217|40|3|325
83,f0,0,1571.428909,0.027|0.833|0.004|0.163|0.152787|40|3|300
83,u,-2.5,3357.293865,0.027|0.833|0.004|0.163|0.152787|40|3|300
83,u,-1.5,1847.066761,0.027|0.833|0.004|0.163|0.152787|40|3|300
83,u,-1,1675.614285,0.027|0.833|0.004|0.163|0.152787|40|3|300
83,u,-0.7,1619.707516,0.027|0.833|0.004|0.163|0.152787|40|3|300
83,u,-0.5,1605.726624,0.027|0.833|0.004|0.163|0.152787|40|3|300
83,u,-0.35,1606.420229,0.027|0.833|0.004|0.163|0.152787|40|3|300
83,u,-0.25,1584.645145,0.027|0.833|0.004|0.163|0.152787|40|3|300
83,u,-0.2,1593.199499,0.027|0.833|0.004|0.163|0.152787|40|3|300
83,u,-0.15,1560.623352,0.027|0.833|0.004|0.163|0.152787|40|3|300
83,u,-0.1,1566.325604,0.027|0.833|0.004|0.163|0.152787|40|3|300
83,u,-0.075,1550.452935,0.027|0.833|0.004|0.163|0.152787|40|3|300
83,u,-0.05,1569.86264,0.027|0.833|0.004|0.163|0.152787|40|3|300
83,u,-0.03,1557.038932,0.027|0.833|0.004|0.163|0.152787|40|3|300
83,u,-0.02,1550.72044,0.027|0.833|0.004|0.163|0.152787|40|3|300
83,u,-0.01,1544.463378,0.027|0.833|0.004|0.163|0.152787|40|3|300
83,u,0.01,1564.95776,0.027|0.833|0.004|0.163|0.152787|40|3|300
83,u,0.02,1558.549548,0.027|0.833|0.004|0.163|0.152787|40|3|300
83,u,0.03,1552.203659,0.027|0.833|0.004|0.163|0.152787|40|3|300
83,u,0.05,1539.696419,0.027|0.833|0.004|0.163|0.152787|40|3|300
83,u,0.075,1555.119827,0.027|0.833|0.004|0.163|0.152787|40|3|300
83,u,0.1,1539.422847,0.027|0.833|0.004|0.163|0.152787|40|3|300
83,u,0.15,1537.606062,0.027|0.833|0.004|0.163|0.152787|40|3|300
83,u,0.2,1534.394211,0.027|0.833|0.004|0.163|0.152787|40|3|300
83,u,0.25,1529.924675,0.027|0.833|0.004|0.163|0.152787|40|3|300
83,u,0.35,1540.865306,0.027|0.833|0.004|0.163|0.152787|40|3|300
83,u,0.5,1512.676861,0.027|0.833|0.004|0.163|0.152787|40|3|300
83,u,0.7,1499.554137,0.027|0.833|0.004|0.163|0.152787|40|3|300
83,u,1,1485.007909,0.027|0.833|0.004|0.163|0.152787|40|3|300
83,u,1.5,1433.64013,0.027|0.833|0.004|0.163|0.152787|40|3|300
83,v,-2.5,1628.487387,0.027|0.833|0.004|0.163|0.152787|40|3|300
83,v,-1.5,1595.349119,0.027|0.833|0.004|0.163|0.152787|40|3|300
83,v,-1,1584.901924,0.027|0.833|0.004|0.163|0.152787|40|3|300
83,v,-0.7,1579.982899,0.027|0.833|0.004|0.163|0.152787|40|3|300
83,v,-0.35,1575.258463,0.027|0.833|0.004|0.163|0.152787|40|3|300
83,v,-0.15,1572.972253,0.027|0.833|0.004|0.163|0.152787|40|3|300
83,v,-0.05,1571.928003,0.027|0.833|0.004|0.163|0.152787|40|3|300
83,v,0.05,1570.944566,0.027|0.833|0.004|0.163|0.152787|40|3|300
83,v,0.15,1570.0184,0.027|0.833|0.004|0.163|0.152787|40|3|300
83,v,0.35,1568.324734,0.027|0.833|0.004|0.163|0.152787|40|3|300
83,v,0.7,1565.808538,0.027|0.833|0.004|0.163|0.152787|40|3|300
83,v,1,1564.034762,0.027|0.833|0.004|0.163|0.152787|40|3|300
83,v,1.5,1561.703678,0.027|0.833|0.004|0.163|0.152787|40|3|300
83,d4,-0.004,1530.386315,0.027|0.833|0.004|0.163|0.152787|40|3|300
83,d4,0.004,1579.537197,0.027|0.833|0.004|0.163|0.152787|40|3|300
83,d4,0.008,1587.723285,0.027|0.833|0.004|0.163|0.152787|40|3|300
83,d4,0.012,1629.601188,0.027|0.833|0.004|0.163|0.152787|40|3|300
83,d4,0.017,1640.241819,0.027|0.833|0.004|0.163|0.152787|40|3|300
83,d4,0.025,1691.657223,0.027|0.833|0.004|0.163|0.152787|40|3|300
83,d4,0.04,1760.363915,0.027|0.833|0.004|0.163|0.152787|40|3|300
83,d4,0.06,1879.715364,0.027|0.833|0.004|0.163|0.152787|40|3|300
83,d4,0.1,2137.347788,0.027|0.833|0.004|0.163|0.152787|40|3|300
83,d4,0.15,2460.661877,0.027|0.833|0.004|0.163|0.152787|40|3|300
83,dc,-0.15,1043.124796,0.027|0.833|0.004|0.163|0.152787|40|3|300
83,dc,-0.1,1162.064786,0.027|0.833|0.004|0.163|0.152787|40|3|300
83,dc,-0.06,1315.437931,0.027|0.833|0.004|0.163|0.152787|40|3|300
83,dc,-0.04,1397.035738,0.027|0.833|0.004|0.163|0.152787|40|3|300
83,dc,-0.025,1444.480237,0.027|0.833|0.004|0.163|0.152787|40|3|300
83,dc,-0.017,1485.626347,0.027|0.833|0.004|0.163|0.152787|40|3|300
83,dc,-0.012,1523.987786,0.027|0.833|0.004|0.163|0.152787|40|3|300
83,dc,-0.008,1528.703052,0.027|0.833|0.004|0.163|0.152787|40|3|300
83,dc,-0.004,1533.462627,0.027|0.833|0.004|0.163|0.152787|40|3|300
83,dc,0.004,1576.434599,0.027|0.833|0.004|0.163|0.152787|40|3|300
83,dc,0.008,1581.488047,0.027|0.833|0.004|0.163|0.152787|40|3|300
83,dc,0.012,1620.212972,0.027|0.833|0.004|0.163|0.152787|40|3|300
83,dc,0.017,1626.860464,0.027|0.833|0.004|0.163|0.152787|40|3|300
83,dc,0.025,1671.805609,0.027|0.833|0.004|0.163|0.152787|40|3|300
83,dc,0.04,1728.036171,0.027|0.833|0.004|0.163|0.152787|40|3|300
83,dc,0.06,1830.077607,0.027|0.833|0.004|0.163|0.152787|40|3|300
83,dc,0.1,2050.482879,0.027|0.833|0.004|0.163|0.152787|40|3|300
83,dc,0.15,2321.43532,0.027|0.833|0.004|0.163|0.152787|40|3|300
84,f0,0,3806.284938,0.043|0.509|0.145|0.346|0.148684|40|3|350
84,u,-2.5,4690.253824,0.043|0.509|0.145|0.346|0.148684|40|3|350
84,u,-1.5,4138.048244,0.043|0.509|0.145|0.346|0.148684|40|3|350
84,u,-1,4064.13658,0.043|0.509|0.145|0.346|0.148684|40|3|350
84,u,-0.7,4041.503286,0.043|0.509|0.145|0.346|0.148684|40|3|350
84,u,-0.5,3939.712777,0.043|0.509|0.145|0.346|0.148684|40|3|350
84,u,-0.35,3908.781226,0.043|0.509|0.145|0.346|0.148684|40|3|350
84,u,-0.25,3876.803099,0.043|0.509|0.145|0.346|0.148684|40|3|350
84,u,-0.2,3873.946365,0.043|0.509|0.145|0.346|0.148684|40|3|350
84,u,-0.15,3864.886635,0.043|0.509|0.145|0.346|0.148684|40|3|350
84,u,-0.1,3850.225196,0.043|0.509|0.145|0.346|0.148684|40|3|350
84,u,-0.075,3823.064327,0.043|0.509|0.145|0.346|0.148684|40|3|350
84,u,-0.05,3830.519275,0.043|0.509|0.145|0.346|0.148684|40|3|350
84,u,-0.03,3814.504759,0.043|0.509|0.145|0.346|0.148684|40|3|350
84,u,-0.02,3823.256822,0.043|0.509|0.145|0.346|0.148684|40|3|350
84,u,-0.01,3831.559729,0.043|0.509|0.145|0.346|0.148684|40|3|350
84,u,0.01,3814.055847,0.043|0.509|0.145|0.346|0.148684|40|3|350
84,u,0.02,3821.397693,0.043|0.509|0.145|0.346|0.148684|40|3|350
84,u,0.03,3796.195764,0.043|0.509|0.145|0.346|0.148684|40|3|350
84,u,0.05,3809.463877,0.043|0.509|0.145|0.346|0.148684|40|3|350
84,u,0.075,3777.807308,0.043|0.509|0.145|0.346|0.148684|40|3|350
84,u,0.1,3775.978945,0.043|0.509|0.145|0.346|0.148684|40|3|350
84,u,0.15,3767.728541,0.043|0.509|0.145|0.346|0.148684|40|3|350
84,u,0.2,3753.847725,0.043|0.509|0.145|0.346|0.148684|40|3|350
84,u,0.25,3734.891793,0.043|0.509|0.145|0.346|0.148684|40|3|350
84,u,0.35,3683.773757,0.043|0.509|0.145|0.346|0.148684|40|3|350
84,u,0.5,3639.595833,0.043|0.509|0.145|0.346|0.148684|40|3|350
84,u,0.7,3536.121634,0.043|0.509|0.145|0.346|0.148684|40|3|350
84,u,1,,0.043|0.509|0.145|0.346|0.148684|40|3|350
84,u,1.5,,0.043|0.509|0.145|0.346|0.148684|40|3|350
84,v,-2.5,3864.283,0.043|0.509|0.145|0.346|0.148684|40|3|350
84,v,-1.5,3830.599043,0.043|0.509|0.145|0.346|0.148684|40|3|350
84,v,-1,3819.979813,0.043|0.509|0.145|0.346|0.148684|40|3|350
84,v,-0.7,3814.979787,0.043|0.509|0.145|0.346|0.148684|40|3|350
84,v,-0.35,3810.177553,0.043|0.509|0.145|0.346|0.148684|40|3|350
84,v,-0.15,3807.853696,0.043|0.509|0.145|0.346|0.148684|40|3|350
84,v,-0.05,3806.792251,0.043|0.509|0.145|0.346|0.148684|40|3|350
84,v,0.05,3805.792619,0.043|0.509|0.145|0.346|0.148684|40|3|350
84,v,0.15,3804.851202,0.043|0.509|0.145|0.346|0.148684|40|3|350
84,v,0.35,3803.129646,0.043|0.509|0.145|0.346|0.148684|40|3|350
84,v,0.7,3800.572016,0.043|0.509|0.145|0.346|0.148684|40|3|350
84,v,1,3798.769032,0.043|0.509|0.145|0.346|0.148684|40|3|350
84,v,1.5,3796.399561,0.043|0.509|0.145|0.346|0.148684|40|3|350
84,d4,-0.1,2809.827479,0.043|0.509|0.145|0.346|0.148684|40|3|350
84,d4,-0.06,3161.036115,0.043|0.509|0.145|0.346|0.148684|40|3|350
84,d4,-0.04,3370.926387,0.043|0.509|0.145|0.346|0.148684|40|3|350
84,d4,-0.025,3530.595246,0.043|0.509|0.145|0.346|0.148684|40|3|350
84,d4,-0.017,3617.284103,0.043|0.509|0.145|0.346|0.148684|40|3|350
84,d4,-0.012,3684.946721,0.043|0.509|0.145|0.346|0.148684|40|3|350
84,d4,-0.008,3713.894105,0.043|0.509|0.145|0.346|0.148684|40|3|350
84,d4,-0.004,3776.176703,0.043|0.509|0.145|0.346|0.148684|40|3|350
84,d4,0.004,3870.260843,0.043|0.509|0.145|0.346|0.148684|40|3|350
84,d4,0.008,3901.589614,0.043|0.509|0.145|0.346|0.148684|40|3|350
84,d4,0.012,3967.336674,0.043|0.509|0.145|0.346|0.148684|40|3|350
84,d4,0.017,4042.436994,0.043|0.509|0.145|0.346|0.148684|40|3|350
84,d4,0.025,4144.89801,0.043|0.509|0.145|0.346|0.148684|40|3|350
84,d4,0.04,4350.810735,0.043|0.509|0.145|0.346|0.148684|40|3|350
84,d4,0.06,4621.550655,0.043|0.509|0.145|0.346|0.148684|40|3|350
84,d4,0.1,5282.69756,0.043|0.509|0.145|0.346|0.148684|40|3|350
84,d4,0.15,6349.180883,0.043|0.509|0.145|0.346|0.148684|40|3|350
84,dc,-0.15,2551.580476,0.043|0.509|0.145|0.346|0.148684|40|3|350
84,dc,-0.1,2910.837553,0.043|0.509|0.145|0.346|0.148684|40|3|350
84,dc,-0.06,3225.546494,0.043|0.509|0.145|0.346|0.148684|40|3|350
84,dc,-0.04,3415.352847,0.043|0.509|0.145|0.346|0.148684|40|3|350
84,dc,-0.025,3559.078661,0.043|0.509|0.145|0.346|0.148684|40|3|350
84,dc,-0.017,3636.925628,0.043|0.509|0.145|0.346|0.148684|40|3|350
84,dc,-0.012,3698.928933,0.043|0.509|0.145|0.346|0.148684|40|3|350
84,dc,-0.008,3723.28764,0.043|0.509|0.145|0.346|0.148684|40|3|350
84,dc,-0.004,3780.904871,0.043|0.509|0.145|0.346|0.148684|40|3|350
84,dc,0.004,3865.463107,0.043|0.509|0.145|0.346|0.148684|40|3|350
84,dc,0.008,3891.917593,0.043|0.509|0.145|0.346|0.148684|40|3|350
84,dc,0.012,3952.728037,0.043|0.509|0.145|0.346|0.148684|40|3|350
84,dc,0.017,4021.554258,0.043|0.509|0.145|0.346|0.148684|40|3|350
84,dc,0.025,4113.715256,0.043|0.509|0.145|0.346|0.148684|40|3|350
84,dc,0.04,4299.437268,0.043|0.509|0.145|0.346|0.148684|40|3|350
84,dc,0.06,4541.238141,0.043|0.509|0.145|0.346|0.148684|40|3|350
84,dc,0.1,5136.573847,0.043|0.509|0.145|0.346|0.148684|40|3|350
84,dc,0.15,6101.428511,0.043|0.509|0.145|0.346|0.148684|40|3|350
85,f0,0,2347.513122,0.03|0.682|0.015|0.303|0.13899|40|3|325
85,u,-2.5,3693.5551,0.03|0.682|0.015|0.303|0.13899|40|3|325
85,u,-1.5,2530.361366,0.03|0.682|0.015|0.303|0.13899|40|3|325
85,u,-1,2445.707614,0.03|0.682|0.015|0.303|0.13899|40|3|325
85,u,-0.7,2448.993475,0.03|0.682|0.015|0.303|0.13899|40|3|325
85,u,-0.5,2432.404419,0.03|0.682|0.015|0.303|0.13899|40|3|325
85,u,-0.35,2391.306163,0.03|0.682|0.015|0.303|0.13899|40|3|325
85,u,-0.25,2354.205893,0.03|0.682|0.015|0.303|0.13899|40|3|325
85,u,-0.2,2377.681928,0.03|0.682|0.015|0.303|0.13899|40|3|325
85,u,-0.15,2353.411476,0.03|0.682|0.015|0.303|0.13899|40|3|325
85,u,-0.1,2368.153437,0.03|0.682|0.015|0.303|0.13899|40|3|325
85,u,-0.075,2334.703391,0.03|0.682|0.015|0.303|0.13899|40|3|325
85,u,-0.05,2340.076748,0.03|0.682|0.015|0.303|0.13899|40|3|325
85,u,-0.03,2351.013287,0.03|0.682|0.015|0.303|0.13899|40|3|325
85,u,-0.02,2337.678566,0.03|0.682|0.015|0.303|0.13899|40|3|325
85,u,-0.01,2324.474384,0.03|0.682|0.015|0.303|0.13899|40|3|325
85,u,0.01,2334.201014,0.03|0.682|0.015|0.303|0.13899|40|3|325
85,u,0.02,2321.019232,0.03|0.682|0.015|0.303|0.13899|40|3|325
85,u,0.03,2342.988225,0.03|0.682|0.015|0.303|0.13899|40|3|325
85,u,0.05,2316.559549,0.03|0.682|0.015|0.303|0.13899|40|3|325
85,u,0.075,2317.694222,0.03|0.682|0.015|0.303|0.13899|40|3|325
85,u,0.1,2317.925682,0.03|0.682|0.015|0.303|0.13899|40|3|325
85,u,0.15,2315.85021,0.03|0.682|0.015|0.303|0.13899|40|3|325
85,u,0.2,2310.660046,0.03|0.682|0.015|0.303|0.13899|40|3|325
85,u,0.25,2302.658317,0.03|0.682|0.015|0.303|0.13899|40|3|325
85,u,0.35,2279.322975,0.03|0.682|0.015|0.303|0.13899|40|3|325
85,u,0.5,2272.745933,0.03|0.682|0.015|0.303|0.13899|40|3|325
85,u,0.7,2231.73266,0.03|0.682|0.015|0.303|0.13899|40|3|325
85,u,1,2172.749194,0.03|0.682|0.015|0.303|0.13899|40|3|325
85,u,1.5,,0.03|0.682|0.015|0.303|0.13899|40|3|325
85,v,-2.5,2407.905466,0.03|0.682|0.015|0.303|0.13899|40|3|325
85,v,-1.5,2372.830964,0.03|0.682|0.015|0.303|0.13899|40|3|325
85,v,-1,2361.77335,0.03|0.682|0.015|0.303|0.13899|40|3|325
85,v,-0.7,2356.566912,0.03|0.682|0.015|0.303|0.13899|40|3|325
85,v,-0.35,2351.566432,0.03|0.682|0.015|0.303|0.13899|40|3|325
85,v,-0.15,2349.146641,0.03|0.682|0.015|0.303|0.13899|40|3|325
85,v,-0.05,2348.041377,0.03|0.682|0.015|0.303|0.13899|40|3|325
85,v,0.05,2347.000479,0.03|0.682|0.015|0.303|0.13899|40|3|325
85,v,0.15,2346.020198,0.03|0.682|0.015|0.303|0.13899|40|3|325
85,v,0.35,2344.227572,0.03|0.682|0.015|0.303|0.13899|40|3|325
85,v,0.7,2341.564358,0.03|0.682|0.015|0.303|0.13899|40|3|325
85,v,1,2339.686943,0.03|0.682|0.015|0.303|0.13899|40|3|325
85,v,1.5,2337.219655,0.03|0.682|0.015|0.303|0.13899|40|3|325
85,d4,-0.015,2224.460532,0.03|0.682|0.015|0.303|0.13899|40|3|325
85,d4,-0.012,2234.449799,0.03|0.682|0.015|0.303|0.13899|40|3|325
85,d4,-0.008,2283.616481,0.03|0.682|0.015|0.303|0.13899|40|3|325
85,d4,-0.004,2297.427634,0.03|0.682|0.015|0.303|0.13899|40|3|325
85,d4,0.004,2361.855843,0.03|0.682|0.015|0.303|0.13899|40|3|325
85,d4,0.008,2412.890908,0.03|0.682|0.015|0.303|0.13899|40|3|325
85,d4,0.012,2427.786742,0.03|0.682|0.015|0.303|0.13899|40|3|325
85,d4,0.017,2446.656511,0.03|0.682|0.015|0.303|0.13899|40|3|325
85,d4,0.025,2514.877464,0.03|0.682|0.015|0.303|0.13899|40|3|325
85,d4,0.04,2652.059347,0.03|0.682|0.015|0.303|0.13899|40|3|325
85,d4,0.06,2818.737694,0.03|0.682|0.015|0.303|0.13899|40|3|325
85,d4,0.1,3185.859848,0.03|0.682|0.015|0.303|0.13899|40|3|325
85,d4,0.15,3721.15745,0.03|0.682|0.015|0.303|0.13899|40|3|325
85,dc,-0.15,1576.562213,0.03|0.682|0.015|0.303|0.13899|40|3|325
85,dc,-0.1,1801.319567,0.03|0.682|0.015|0.303|0.13899|40|3|325
85,dc,-0.06,2002.421915,0.03|0.682|0.015|0.303|0.13899|40|3|325
85,dc,-0.04,2111.174484,0.03|0.682|0.015|0.303|0.13899|40|3|325
85,dc,-0.025,2179.279982,0.03|0.682|0.015|0.303|0.13899|40|3|325
85,dc,-0.017,2233.235062,0.03|0.682|0.015|0.303|0.13899|40|3|325
85,dc,-0.012,2280.890946,0.03|0.682|0.015|0.303|0.13899|40|3|325
85,dc,-0.008,2290.943807,0.03|0.682|0.015|0.303|0.13899|40|3|325
85,dc,-0.004,2301.112635,0.03|0.682|0.015|0.303|0.13899|40|3|325
85,dc,0.004,2358.131406,0.03|0.682|0.015|0.303|0.13899|40|3|325
85,dc,0.008,2368.87439,0.03|0.682|0.015|0.303|0.13899|40|3|325
85,dc,0.012,2416.492287,0.03|0.682|0.015|0.303|0.13899|40|3|325
85,dc,0.017,2430.535866,0.03|0.682|0.015|0.303|0.13899|40|3|325
85,dc,0.025,2490.908005,0.03|0.682|0.015|0.303|0.13899|40|3|325
85,dc,0.04,2612.897258,0.03|0.682|0.015|0.303|0.13899|40|3|325
85,dc,0.06,2758.237791,0.03|0.682|0.015|0.303|0.13899|40|3|325
85,dc,0.1,3078.56615,0.03|0.682|0.015|0.303|0.13899|40|3|325
85,dc,0.15,3499.93841,0.03|0.682|0.015|0.303|0.13899|40|3|325
86,f0,0,2825.135348,0.033|0.612|0.021|0.367|0.137196|40|3|350
86,u,-2.5,3792.041596,0.033|0.612|0.021|0.367|0.137196|40|3|350
86,u,-1.5,3110.271207,0.033|0.612|0.021|0.367|0.137196|40|3|350
86,u,-1,3028.048643,0.033|0.612|0.021|0.367|0.137196|40|3|350
86,u,-0.7,2899.633601,0.033|0.612|0.021|0.367|0.137196|40|3|350
86,u,-0.5,2875.066632,0.033|0.612|0.021|0.367|0.137196|40|3|350
86,u,-0.35,2885.988877,0.033|0.612|0.021|0.367|0.137196|40|3|350
86,u,-0.25,2855.049207,0.033|0.612|0.021|0.367|0.137196|40|3|350
86,u,-0.2,2857.591437,0.033|0.612|0.021|0.367|0.137196|40|3|350
86,u,-0.15,2812.979247,0.033|0.612|0.021|0.367|0.137196|40|3|350
86,u,-0.1,2808.69767,0.033|0.612|0.021|0.367|0.137196|40|3|350
86,u,-0.075,2805.055617,0.033|0.612|0.021|0.367|0.137196|40|3|350
86,u,-0.05,2800.47923,0.033|0.612|0.021|0.367|0.137196|40|3|350
86,u,-0.03,2803.689842,0.033|0.612|0.021|0.367|0.137196|40|3|350
86,u,-0.02,2823.56325,0.033|0.612|0.021|0.367|0.137196|40|3|350
86,u,-0.01,2806.051704,0.033|0.612|0.021|0.367|0.137196|40|3|350
86,u,0.01,2807.596724,0.033|0.612|0.021|0.367|0.137196|40|3|350
86,u,0.02,2790.230122,0.033|0.612|0.021|0.367|0.137196|40|3|350
86,u,0.03,2808.355875,0.033|0.612|0.021|0.367|0.137196|40|3|350
86,u,0.05,2808.359217,0.033|0.612|0.021|0.367|0.137196|40|3|350
86,u,0.075,2798.913705,0.033|0.612|0.021|0.367|0.137196|40|3|350
86,u,0.1,2788.815295,0.033|0.612|0.021|0.367|0.137196|40|3|350
86,u,0.15,2766.807034,0.033|0.612|0.021|0.367|0.137196|40|3|350
86,u,0.2,2772.272793,0.033|0.612|0.021|0.367|0.137196|40|3|350
86,u,0.25,2772.832011,0.033|0.612|0.021|0.367|0.137196|40|3|350
86,u,0.35,2735.632163,0.033|0.612|0.021|0.367|0.137196|40|3|350
86,u,0.5,2716.931073,0.033|0.612|0.021|0.367|0.137196|40|3|350
86,u,0.7,2657.829767,0.033|0.612|0.021|0.367|0.137196|40|3|350
86,u,1,2577.614068,0.033|0.612|0.021|0.367|0.137196|40|3|350
86,u,1.5,,0.033|0.612|0.021|0.367|0.137196|40|3|350
86,v,-2.5,2886.000281,0.033|0.612|0.021|0.367|0.137196|40|3|350
86,v,-1.5,2850.65131,0.033|0.612|0.021|0.367|0.137196|40|3|350
86,v,-1,2839.507167,0.033|0.612|0.021|0.367|0.137196|40|3|350
86,v,-0.7,2834.259987,0.033|0.612|0.021|0.367|0.137196|40|3|350
86,v,-0.35,2829.220377,0.033|0.612|0.021|0.367|0.137196|40|3|350
86,v,-0.15,2826.78165,0.033|0.612|0.021|0.367|0.137196|40|3|350
86,v,-0.05,2825.667737,0.033|0.612|0.021|0.367|0.137196|40|3|350
86,v,0.05,2824.618693,0.033|0.612|0.021|0.367|0.137196|40|3|350
86,v,0.15,2823.630741,0.033|0.612|0.021|0.367|0.137196|40|3|350
86,v,0.35,2821.824088,0.033|0.612|0.021|0.367|0.137196|40|3|350
86,v,0.7,2819.140033,0.033|0.612|0.021|0.367|0.137196|40|3|350
86,v,1,2817.247926,0.033|0.612|0.021|0.367|0.137196|40|3|350
86,v,1.5,2814.761332,0.033|0.612|0.021|0.367|0.137196|40|3|350
86,d4,-0.021,2623.240366,0.033|0.612|0.021|0.367|0.137196|40|3|350
86,d4,-0.017,2675.879994,0.033|0.612|0.021|0.367|0.137196|40|3|350
86,d4,-0.012,2697.922442,0.033|0.612|0.021|0.367|0.137196|40|3|350
86,d4,-0.008,2751.78052,0.033|0.612|0.021|0.367|0.137196|40|3|350
86,d4,-0.004,2770.127199,0.033|0.612|0.021|0.367|0.137196|40|3|350
86,d4,0.004,2844.196919,0.033|0.612|0.021|0.367|0.137196|40|3|350
86,d4,0.008,2863.509094,0.033|0.612|0.021|0.367|0.137196|40|3|350
86,d4,0.012,2920.206288,0.033|0.612|0.021|0.367|0.137196|40|3|350
86,d4,0.017,2945.3383,0.033|0.612|0.021|0.367|0.137196|40|3|350
86,d4,0.025,3024.361121,0.033|0.612|0.021|0.367|0.137196|40|3|350
86,d4,0.04,3183.247068,0.033|0.612|0.021|0.367|0.137196|40|3|350
86,d4,0.06,3381.468102,0.033|0.612|0.021|0.367|0.137196|40|3|350
86,d4,0.1,3823.715117,0.033|0.612|0.021|0.367|0.137196|40|3|350
86,d4,0.15,4482.812558,0.033|0.612|0.021|0.367|0.137196|40|3|350
86,dc,-0.15,1877.996599,0.033|0.612|0.021|0.367|0.137196|40|3|350
86,dc,-0.1,2160.407084,0.033|0.612|0.021|0.367|0.137196|40|3|350
86,dc,-0.06,2389.536567,0.033|0.612|0.021|0.367|0.137196|40|3|350
86,dc,-0.04,2514.515617,0.033|0.612|0.021|0.367|0.137196|40|3|350
86,dc,-0.025,2630.852033,0.033|0.612|0.021|0.367|0.137196|40|3|350
86,dc,-0.017,2692.777543,0.033|0.612|0.021|0.367|0.137196|40|3|350
86,dc,-0.012,2709.945595,0.033|0.612|0.021|0.367|0.137196|40|3|350
86,dc,-0.008,2759.838938,0.033|0.612|0.021|0.367|0.137196|40|3|350
86,dc,-0.004,2774.182544,0.033|0.612|0.021|0.367|0.137196|40|3|350
86,dc,0.004,2840.092691,0.033|0.612|0.021|0.367|0.137196|40|3|350
86,dc,0.008,2855.246333,0.033|0.612|0.021|0.367|0.137196|40|3|350
86,dc,0.012,2907.743034,0.033|0.612|0.021|0.367|0.137196|40|3|350
86,dc,0.017,2927.533807,0.033|0.612|0.021|0.367|0.137196|40|3|350
86,dc,0.025,2997.850149,0.033|0.612|0.021|0.367|0.137196|40|3|350
86,dc,0.04,3139.812071,0.033|0.612|0.021|0.367|0.137196|40|3|350
86,dc,0.06,3314.102976,0.033|0.612|0.021|0.367|0.137196|40|3|350
86,dc,0.1,3703.1995,0.033|0.612|0.021|0.367|0.137196|40|3|350
86,dc,0.15,4283.576744,0.033|0.612|0.021|0.367|0.137196|40|3|350
87,f0,0,3506.261758,0.033|0.536|0.043|0.421|0.120159|40|3|350
87,u,-2.5,4272.927467,0.033|0.536|0.043|0.421|0.120159|40|3|350
87,u,-1.5,3874.943137,0.033|0.536|0.043|0.421|0.120159|40|3|350
87,u,-1,3747.063831,0.033|0.536|0.043|0.421|0.120159|40|3|350
87,u,-0.7,3680.66237,0.033|0.536|0.043|0.421|0.120159|40|3|350
87,u,-0.5,3575.541514,0.033|0.536|0.043|0.421|0.120159|40|3|350
87,u,-0.35,3598.761738,0.033|0.536|0.043|0.421|0.120159|40|3|350
87,u,-0.25,3529.284895,0.033|0.536|0.043|0.421|0.120159|40|3|350
87,u,-0.2,3516.309911,0.033|0.536|0.043|0.421|0.120159|40|3|350
87,u,-0.15,3547.13529,0.033|0.536|0.043|0.421|0.120159|40|3|350
87,u,-0.1,3523.093349,0.033|0.536|0.043|0.421|0.120159|40|3|350
87,u,-0.075,3509.717627,0.033|0.536|0.043|0.421|0.120159|40|3|350
87,u,-0.05,3495.506628,0.033|0.536|0.043|0.421|0.120159|40|3|350
87,u,-0.03,3492.126177,0.033|0.536|0.043|0.421|0.120159|40|3|350
87,u,-0.02,3511.297987,0.033|0.536|0.043|0.421|0.120159|40|3|350
87,u,-0.01,3487.919554,0.033|0.536|0.043|0.421|0.120159|40|3|350
87,u,0.01,3482.920265,0.033|0.536|0.043|0.421|0.120159|40|3|350
87,u,0.02,3500.457765,0.033|0.536|0.043|0.421|0.120159|40|3|350
87,u,0.03,3477.16081,0.033|0.536|0.043|0.421|0.120159|40|3|350
87,u,0.05,3470.67271,0.033|0.536|0.043|0.421|0.120159|40|3|350
87,u,0.075,3451.978919,0.033|0.536|0.043|0.421|0.120159|40|3|350
87,u,0.1,3470.186583,0.033|0.536|0.043|0.421|0.120159|40|3|350
87,u,0.15,3463.912458,0.033|0.536|0.043|0.421|0.120159|40|3|350
87,u,0.2,3452.406876,0.033|0.536|0.043|0.421|0.120159|40|3|350
87,u,0.25,3436.185692,0.033|0.536|0.043|0.421|0.120159|40|3|350
87,u,0.35,3391.472394,0.033|0.536|0.043|0.421|0.120159|40|3|350
87,u,0.5,3349.412023,0.033|0.536|0.043|0.421|0.120159|40|3|350
87,u,0.7,3286.805686,0.033|0.536|0.043|0.421|0.120159|40|3|350
87,u,1,3172.764,0.033|0.536|0.043|0.421|0.120159|40|3|350
87,u,1.5,,0.033|0.536|0.043|0.421|0.120159|40|3|350
87,v,-2.5,3572.166739,0.033|0.536|0.043|0.421|0.120159|40|3|350
87,v,-1.5,3533.890622,0.033|0.536|0.043|0.421|0.120159|40|3|350
87,v,-1,3521.823665,0.033|0.536|0.043|0.421|0.120159|40|3|350
87,v,-0.7,3516.141981,0.033|0.536|0.043|0.421|0.120159|40|3|350
87,v,-0.35,3510.685056,0.033|0.536|0.043|0.421|0.120159|40|3|350
87,v,-0.15,3508.044385,0.033|0.536|0.043|0.421|0.120159|40|3|350
87,v,-0.05,3506.838232,0.033|0.536|0.043|0.421|0.120159|40|3|350
87,v,0.05,3505.702321,0.033|0.536|0.043|0.421|0.120159|40|3|350
87,v,0.15,3504.632559,0.033|0.536|0.043|0.421|0.120159|40|3|350
87,v,0.35,3502.676302,0.033|0.536|0.043|0.421|0.120159|40|3|350
87,v,0.7,3499.769988,0.033|0.536|0.043|0.421|0.120159|40|3|350
87,v,1,3497.721202,0.033|0.536|0.043|0.421|0.120159|40|3|350
87,v,1.5,3495.0287,0.033|0.536|0.043|0.421|0.120159|40|3|350
87,d4,-0.043,3048.986396,0.033|0.536|0.043|0.421|0.120159|40|3|350
87,d4,-0.04,3065.210176,0.033|0.536|0.043|0.421|0.120159|40|3|350
87,d4,-0.025,3228.307422,0.033|0.536|0.043|0.421|0.120159|40|3|350
87,d4,-0.017,3316.168225,0.033|0.536|0.043|0.421|0.120159|40|3|350
87,d4,-0.012,3346.984904,0.033|0.536|0.043|0.421|0.120159|40|3|350
87,d4,-0.008,3412.941491,0.033|0.536|0.043|0.421|0.120159|40|3|350
87,d4,-0.004,3438.665468,0.033|0.536|0.043|0.421|0.120159|40|3|350
87,d4,0.004,3533.062788,0.033|0.536|0.043|0.421|0.120159|40|3|350
87,d4,0.008,3560.267152,0.033|0.536|0.043|0.421|0.120159|40|3|350
87,d4,0.012,3630.301166,0.033|0.536|0.043|0.421|0.120159|40|3|350
87,d4,0.017,3665.817712,0.033|0.536|0.043|0.421|0.120159|40|3|350
87,d4,0.025,3767.550321,0.033|0.536|0.043|0.421|0.120159|40|3|350
87,d4,0.04,3972.618176,0.033|0.536|0.043|0.421|0.120159|40|3|350
87,d4,0.06,4234.8241,0.033|0.536|0.043|0.421|0.120159|40|3|350
87,d4,0.1,4830.573696,0.033|0.536|0.043|0.421|0.120159|40|3|350
87,d4,0.15,5747.030735,0.033|0.536|0.043|0.421|0.120159|40|3|350
87,dc,-0.15,2340.991548,0.033|0.536|0.043|0.421|0.120159|40|3|350
87,dc,-0.1,2657.222208,0.033|0.536|0.043|0.421|0.120159|40|3|350
87,dc,-0.06,2947.999349,0.033|0.536|0.043|0.421|0.120159|40|3|350
87,dc,-0.04,3108.390902,0.033|0.536|0.043|0.421|0.120159|40|3|350
87,dc,-0.025,3255.956518,0.033|0.536|0.043|0.421|0.120159|40|3|350
87,dc,-0.017,3335.220746,0.033|0.536|0.043|0.421|0.120159|40|3|350
87,dc,-0.012,3360.556329,0.033|0.536|0.043|0.421|0.120159|40|3|350
87,dc,-0.008,3422.045728,0.033|0.536|0.043|0.421|0.120159|40|3|350
87,dc,-0.004,3443.251272,0.033|0.536|0.043|0.421|0.120159|40|3|350
87,dc,0.004,3528.41312,0.033|0.536|0.043|0.421|0.120159|40|3|350
87,dc,0.008,3550.897435,0.033|0.536|0.043|0.421|0.120159|40|3|350
87,dc,0.012,3616.154716,0.033|0.536|0.043|0.421|0.120159|40|3|350
87,dc,0.017,3645.584022,0.033|0.536|0.043|0.421|0.120159|40|3|350
87,dc,0.025,3737.362189,0.033|0.536|0.043|0.421|0.120159|40|3|350
87,dc,0.04,3922.96553,0.033|0.536|0.043|0.421|0.120159|40|3|350
87,dc,0.06,4157.386861,0.033|0.536|0.043|0.421|0.120159|40|3|350
87,dc,0.1,4690.293194,0.033|0.536|0.043|0.421|0.120159|40|3|350
87,dc,0.15,5510.669665,0.033|0.536|0.043|0.421|0.120159|40|3|350
88,f0,0,3062.887493,0.027|0.598|0.118|0.284|0.109684|40|3|325
88,u,-2.5,4570.674089,0.027|0.598|0.118|0.284|0.109684|40|3|325
88,u,-1.5,3313.474222,0.027|0.598|0.118|0.284|0.109684|40|3|325
88,u,-1,3252.177927,0.027|0.598|0.118|0.284|0.109684|40|3|325
88,u,-0.7,3191.839526,0.027|0.598|0.118|0.284|0.109684|40|3|325
88,u,-0.5,3137.576368,0.027|0.598|0.118|0.284|0.109684|40|3|325
88,u,-0.35,3129.938411,0.027|0.598|0.118|0.284|0.109684|40|3|325
88,u,-0.25,3123.409569,0.027|0.598|0.118|0.284|0.109684|40|3|325
88,u,-0.2,3085.614127,0.027|0.598|0.118|0.284|0.109684|40|3|325
88,u,-0.15,3099.975436,0.027|0.598|0.118|0.284|0.109684|40|3|325
88,u,-0.1,3057.677603,0.027|0.598|0.118|0.284|0.109684|40|3|325
88,u,-0.075,3060.951105,0.027|0.598|0.118|0.284|0.109684|40|3|325
88,u,-0.05,3062.868219,0.027|0.598|0.118|0.284|0.109684|40|3|325
88,u,-0.03,3072.879458,0.027|0.598|0.118|0.284|0.109684|40|3|325
88,u,-0.02,3054.152855,0.027|0.598|0.118|0.284|0.109684|40|3|325
88,u,-0.01,3081.714324,0.027|0.598|0.118|0.284|0.109684|40|3|325
88,u,0.01,3044.245325,0.027|0.598|0.118|0.284|0.109684|40|3|325
88,u,0.02,3070.499187,0.027|0.598|0.118|0.284|0.109684|40|3|325
88,u,0.03,3051.7689,0.027|0.598|0.118|0.284|0.109684|40|3|325
88,u,0.05,3058.220826,0.027|0.598|0.118|0.284|0.109684|40|3|325
88,u,0.075,3054.27228,0.027|0.598|0.118|0.284|0.109684|40|3|325
88,u,0.1,3049.318475,0.027|0.598|0.118|0.284|0.109684|40|3|325
88,u,0.15,3036.597831,0.027|0.598|0.118|0.284|0.109684|40|3|325
88,u,0.2,3020.445574,0.027|0.598|0.118|0.284|0.109684|40|3|325
88,u,0.25,3001.219685,0.027|0.598|0.118|0.284|0.109684|40|3|325
88,u,0.35,2986.707914,0.027|0.598|0.118|0.284|0.109684|40|3|325
88,u,0.5,2951.582892,0.027|0.598|0.118|0.284|0.109684|40|3|325
88,u,0.7,2914.198331,0.027|0.598|0.118|0.284|0.109684|40|3|325
88,u,1,2841.631507,0.027|0.598|0.118|0.284|0.109684|40|3|325
88,u,1.5,,0.027|0.598|0.118|0.284|0.109684|40|3|325
88,v,-2.5,3132.499804,0.027|0.598|0.118|0.284|0.109684|40|3|325
88,v,-1.5,3092.070554,0.027|0.598|0.118|0.284|0.109684|40|3|325
88,v,-1,3079.324799,0.027|0.598|0.118|0.284|0.109684|40|3|325
88,v,-0.7,3073.323505,0.027|0.598|0.118|0.284|0.109684|40|3|325
88,v,-0.35,3067.559613,0.027|0.598|0.118|0.284|0.109684|40|3|325
88,v,-0.15,3064.770398,0.027|0.598|0.118|0.284|0.109684|40|3|325
88,v,-0.05,3063.496395,0.027|0.598|0.118|0.284|0.109684|40|3|325
88,v,0.05,3062.296585,0.027|0.598|0.118|0.284|0.109684|40|3|325
88,v,0.15,3061.166647,0.027|0.598|0.118|0.284|0.109684|40|3|325
88,v,0.35,3059.100346,0.027|0.598|0.118|0.284|0.109684|40|3|325
88,v,0.7,3056.030544,0.027|0.598|0.118|0.284|0.109684|40|3|325
88,v,1,3053.866508,0.027|0.598|0.118|0.284|0.109684|40|3|325
88,v,1.5,3051.022545,0.027|0.598|0.118|0.284|0.109684|40|3|325
88,d4,-0.1,2260.334588,0.027|0.598|0.118|0.284|0.109684|40|3|325
88,d4,-0.06,2569.256944,0.027|0.598|0.118|0.284|0.109684|40|3|325
88,d4,-0.04,2695.07717,0.027|0.598|0.118|0.284|0.109684|40|3|325
88,d4,-0.025,2849.497194,0.027|0.598|0.118|0.284|0.109684|40|3|325
88,d4,-0.017,2887.498665,0.027|0.598|0.118|0.284|0.109684|40|3|325
88,d4,-0.012,2956.519992,0.027|0.598|0.118|0.284|0.109684|40|3|325
88,d4,-0.008,2976.49765,0.027|0.598|0.118|0.284|0.109684|40|3|325
88,d4,-0.004,3042.080737,0.027|0.598|0.118|0.284|0.109684|40|3|325
88,d4,0.004,3083.972449,0.027|0.598|0.118|0.284|0.109684|40|3|325
88,d4,0.008,3151.577581,0.027|0.598|0.118|0.284|0.109684|40|3|325
88,d4,0.012,3173.544977,0.027|0.598|0.118|0.284|0.109684|40|3|325
88,d4,0.017,3248.356281,0.027|0.598|0.118|0.284|0.109684|40|3|325
88,d4,0.025,3294.613439,0.027|0.598|0.118|0.284|0.109684|40|3|325
88,d4,0.04,3482.520654,0.027|0.598|0.118|0.284|0.109684|40|3|325
88,d4,0.06,3664.809599,0.027|0.598|0.118|0.284|0.109684|40|3|325
88,d4,0.1,4181.911484,0.027|0.598|0.118|0.284|0.109684|40|3|325
88,d4,0.15,4895.992187,0.027|0.598|0.118|0.284|0.109684|40|3|325
88,dc,-0.15,2084.25775,0.027|0.598|0.118|0.284|0.109684|40|3|325
88,dc,-0.1,2351.257489,0.027|0.598|0.118|0.284|0.109684|40|3|325
88,dc,-0.06,2626.875823,0.027|0.598|0.118|0.284|0.109684|40|3|325
88,dc,-0.04,2734.65014,0.027|0.598|0.118|0.284|0.109684|40|3|325
88,dc,-0.025,2874.770962,0.027|0.598|0.118|0.284|0.109684|40|3|325
88,dc,-0.017,2949.301559,0.027|0.598|0.118|0.284|0.109684|40|3|325
88,dc,-0.012,2968.896392,0.027|0.598|0.118|0.284|0.109684|40|3|325
88,dc,-0.008,2984.802984,0.027|0.598|0.118|0.284|0.109684|40|3|325
88,dc,-0.004,3046.256492,0.027|0.598|0.118|0.284|0.109684|40|3|325
88,dc,0.004,3079.740516,0.027|0.598|0.118|0.284|0.109684|40|3|325
88,dc,0.008,3143.065519,0.027|0.598|0.118|0.284|0.109684|40|3|325
88,dc,0.012,3160.689824,0.027|0.598|0.118|0.284|0.109684|40|3|325
88,dc,0.017,3230.007928,0.027|0.598|0.118|0.284|0.109684|40|3|325
88,dc,0.025,3267.254245,0.027|0.598|0.118|0.284|0.109684|40|3|325
88,dc,0.04,3437.666734,0.027|0.598|0.118|0.284|0.109684|40|3|325
88,dc,0.06,3595.105004,0.027|0.598|0.118|0.284|0.109684|40|3|325
88,dc,0.1,4056.95345,0.027|0.598|0.118|0.284|0.109684|40|3|325
88,dc,0.15,4688.551431,0.027|0.598|0.118|0.284|0.109684|40|3|325
89,f0,0,2474.005749,0.024|0.668|0.039|0.293|0.108909|40|3|300
89,u,-2.5,4444.807587,0.024|0.668|0.039|0.293|0.108909|40|3|300
89,u,-1.5,2762.680748,0.024|0.668|0.039|0.293|0.108909|40|3|300
89,u,-1,2614.269431,0.024|0.668|0.039|0.293|0.108909|40|3|300
89,u,-0.7,2593.058087,0.024|0.668|0.039|0.293|0.108909|40|3|300
89,u,-0.5,2548.231041,0.024|0.668|0.039|0.293|0.108909|40|3|300
89,u,-0.35,2540.202239,0.024|0.668|0.039|0.293|0.108909|40|3|300
89,u,-0.25,2519.081136,0.024|0.668|0.039|0.293|0.108909|40|3|300
89,u,-0.2,2504.711505,0.024|0.668|0.039|0.293|0.108909|40|3|300
89,u,-0.15,2488.159826,0.024|0.668|0.039|0.293|0.108909|40|3|300
89,u,-0.1,2520.868172,0.024|0.668|0.039|0.293|0.108909|40|3|300
89,u,-0.075,2484.72692,0.024|0.668|0.039|0.293|0.108909|40|3|300
89,u,-0.05,2498.128987,0.024|0.668|0.039|0.293|0.108909|40|3|300
89,u,-0.03,2469.561584,0.024|0.668|0.039|0.293|0.108909|40|3|300
89,u,-0.02,2502.68798,0.024|0.668|0.039|0.293|0.108909|40|3|300
89,u,-0.01,2488.276324,0.024|0.668|0.039|0.293|0.108909|40|3|300
89,u,0.01,2459.874871,0.024|0.668|0.039|0.293|0.108909|40|3|300
89,u,0.02,2491.200736,0.024|0.668|0.039|0.293|0.108909|40|3|300
89,u,0.03,2476.888664,0.024|0.668|0.039|0.293|0.108909|40|3|300
89,u,0.05,2492.636438,0.024|0.668|0.039|0.293|0.108909|40|3|300
89,u,0.075,2457.052186,0.024|0.668|0.039|0.293|0.108909|40|3|300
89,u,0.1,2464.104973,0.024|0.668|0.039|0.293|0.108909|40|3|300
89,u,0.15,2474.497467,0.024|0.668|0.039|0.293|0.108909|40|3|300
89,u,0.2,2442.599826,0.024|0.668|0.039|0.293|0.108909|40|3|300
89,u,0.25,2446.13104,0.024|0.668|0.039|0.293|0.108909|40|3|300
89,u,0.35,2441.948022,0.024|0.668|0.039|0.293|0.108909|40|3|300
89,u,0.5,2412.62533,0.024|0.668|0.039|0.293|0.108909|40|3|300
89,u,0.7,2387.315298,0.024|0.668|0.039|0.293|0.108909|40|3|300
89,u,1,2328.68531,0.024|0.668|0.039|0.293|0.108909|40|3|300
89,u,1.5,2208.921992,0.024|0.668|0.039|0.293|0.108909|40|3|300
89,v,-2.5,2543.914857,0.024|0.668|0.039|0.293|0.108909|40|3|300
89,v,-1.5,2503.313235,0.024|0.668|0.039|0.293|0.108909|40|3|300
89,v,-1,2490.513137,0.024|0.668|0.039|0.293|0.108909|40|3|300
89,v,-0.7,2484.486256,0.024|0.668|0.039|0.293|0.108909|40|3|300
89,v,-0.35,2478.697789,0.024|0.668|0.039|0.293|0.108909|40|3|300
89,v,-0.15,2475.896682,0.024|0.668|0.039|0.293|0.108909|40|3|300
89,v,-0.05,2474.617248,0.024|0.668|0.039|0.293|0.108909|40|3|300
89,v,0.05,2473.412323,0.024|0.668|0.039|0.293|0.108909|40|3|300
89,v,0.15,2472.277567,0.024|0.668|0.039|0.293|0.108909|40|3|300
89,v,0.35,2470.202456,0.024|0.668|0.039|0.293|0.108909|40|3|300
89,v,0.7,2467.119566,0.024|0.668|0.039|0.293|0.108909|40|3|300
89,v,1,2464.946303,0.024|0.668|0.039|0.293|0.108909|40|3|300
89,v,1.5,2462.090215,0.024|0.668|0.039|0.293|0.108909|40|3|300
89,d4,-0.039,2201.726683,0.024|0.668|0.039|0.293|0.108909|40|3|300
89,d4,-0.025,2292.579602,0.024|0.668|0.039|0.293|0.108909|40|3|300
89,d4,-0.017,2365.475925,0.024|0.668|0.039|0.293|0.108909|40|3|300
89,d4,-0.012,2383.471425,0.024|0.668|0.039|0.293|0.108909|40|3|300
89,d4,-0.008,2443.779542,0.024|0.668|0.039|0.293|0.108909|40|3|300
89,d4,-0.004,2458.803421,0.024|0.668|0.039|0.293|0.108909|40|3|300
89,d4,0.004,2535.906469,0.024|0.668|0.039|0.293|0.108909|40|3|300
89,d4,0.008,2551.750374,0.024|0.668|0.039|0.293|0.108909|40|3|300
89,d4,0.012,2567.785942,0.024|0.668|0.039|0.293|0.108909|40|3|300
89,d4,0.017,2635.51801,0.024|0.668|0.039|0.293|0.108909|40|3|300
89,d4,0.025,2669.256792,0.024|0.668|0.039|0.293|0.108909|40|3|300
89,d4,0.04,2783.913345,0.024|0.668|0.039|0.293|0.108909|40|3|300
89,d4,0.06,2979.218307,0.024|0.668|0.039|0.293|0.108909|40|3|300
89,d4,0.1,3356.242416,0.024|0.668|0.039|0.293|0.108909|40|3|300
89,d4,0.15,3923.014098,0.024|0.668|0.039|0.293|0.108909|40|3|300
89,dc,-0.15,1666.260112,0.024|0.668|0.039|0.293|0.108909|40|3|300
89,dc,-0.1,1901.137663,0.024|0.668|0.039|0.293|0.108909|40|3|300
89,dc,-0.06,2103.214407,0.024|0.668|0.039|0.293|0.108909|40|3|300
89,dc,-0.04,2234.505173,0.024|0.668|0.039|0.293|0.108909|40|3|300
89,dc,-0.025,2315.547382,0.024|0.668|0.039|0.293|0.108909|40|3|300
89,dc,-0.017,2381.25928,0.024|0.668|0.039|0.293|0.108909|40|3|300
89,dc,-0.012,2394.694436,0.024|0.668|0.039|0.293|0.108909|40|3|300
89,dc,-0.008,2451.297716,0.024|0.668|0.039|0.293|0.108909|40|3|300
89,dc,-0.004,2462.584856,0.024|0.668|0.039|0.293|0.108909|40|3|300
89,dc,0.004,2532.083623,0.024|0.668|0.039|0.293|0.108909|40|3|300
89,dc,0.008,2544.0584,0.024|0.668|0.039|0.293|0.108909|40|3|300
89,dc,0.012,2556.177712,0.024|0.668|0.039|0.293|0.108909|40|3|300
89,dc,0.017,2618.964581,0.024|0.668|0.039|0.293|0.108909|40|3|300
89,dc,0.025,2644.611003,0.024|0.668|0.039|0.293|0.108909|40|3|300
89,dc,0.04,2743.582484,0.024|0.668|0.039|0.293|0.108909|40|3|300
89,dc,0.06,2916.867844,0.024|0.668|0.039|0.293|0.108909|40|3|300
89,dc,0.1,3245.371621,0.024|0.668|0.039|0.293|0.108909|40|3|300
89,dc,0.15,3741.451975,0.024|0.668|0.039|0.293|0.108909|40|3|300
90,f0,0,5732.867833,0.043|0.368|0.055|0.577|0.107496|40|3|325
90,u,-2.5,7236.068857,0.043|0.368|0.055|0.577|0.107496|40|3|325
90,u,-1.5,6391.168036,0.043|0.368|0.055|0.577|0.107496|40|3|325
90,u,-1,6260.421601,0.043|0.368|0.055|0.577|0.107496|40|3|325
90,u,-0.7,6061.356027,0.043|0.368|0.055|0.577|0.107496|40|3|325
90,u,-0.5,5998.669396,0.043|0.368|0.055|0.577|0.107496|40|3|325
90,u,-0.35,5894.351123,0.043|0.368|0.055|0.577|0.107496|40|3|325
90,u,-0.25,5887.969235,0.043|0.368|0.055|0.577|0.107496|40|3|325
90,u,-0.2,5840.763153,0.043|0.368|0.055|0.577|0.107496|40|3|325
90,u,-0.15,5840.741462,0.043|0.368|0.055|0.577|0.107496|40|3|325
90,u,-0.1,5778.825258,0.043|0.368|0.055|0.577|0.107496|40|3|325
90,u,-0.075,5770.805525,0.043|0.368|0.055|0.577|0.107496|40|3|325
90,u,-0.05,5760.392751,0.043|0.368|0.055|0.577|0.107496|40|3|325
90,u,-0.03,5769.36479,0.043|0.368|0.055|0.577|0.107496|40|3|325
90,u,-0.02,5773.033644,0.043|0.368|0.055|0.577|0.107496|40|3|325
90,u,-0.01,5729.775924,0.043|0.368|0.055|0.577|0.107496|40|3|325
90,u,0.01,5735.44385,0.043|0.368|0.055|0.577|0.107496|40|3|325
90,u,0.02,5737.513791,0.043|0.368|0.055|0.577|0.107496|40|3|325
90,u,0.03,5739.087326,0.043|0.368|0.055|0.577|0.107496|40|3|325
90,u,0.05,5697.165549,0.043|0.368|0.055|0.577|0.107496|40|3|325
90,u,0.075,5719.024018,0.043|0.368|0.055|0.577|0.107496|40|3|325
90,u,0.1,5695.560642,0.043|0.368|0.055|0.577|0.107496|40|3|325
90,u,0.15,5643.898896,0.043|0.368|0.055|0.577|0.107496|40|3|325
90,u,0.2,5623.878225,0.043|0.368|0.055|0.577|0.107496|40|3|325
90,u,0.25,5595.03141,0.043|0.368|0.055|0.577|0.107496|40|3|325
90,u,0.35,5514.35191,0.043|0.368|0.055|0.577|0.107496|40|3|325
90,u,0.5,5401.995569,0.043|0.368|0.055|0.577|0.107496|40|3|325
90,u,0.7,5242.285644,0.043|0.368|0.055|0.577|0.107496|40|3|325
90,u,1,4960.482967,0.043|0.368|0.055|0.577|0.107496|40|3|325
90,u,1.5,,0.043|0.368|0.055|0.577|0.107496|40|3|325
90,v,-2.5,5803.326859,0.043|0.368|0.055|0.577|0.107496|40|3|325
90,v,-1.5,5762.405856,0.043|0.368|0.055|0.577|0.107496|40|3|325
90,v,-1,5749.505071,0.043|0.368|0.055|0.577|0.107496|40|3|325
90,v,-0.7,5743.430781,0.043|0.368|0.055|0.577|0.107496|40|3|325
90,v,-0.35,5737.596781,0.043|0.368|0.055|0.577|0.107496|40|3|325
90,v,-0.15,5734.77364,0.043|0.368|0.055|0.577|0.107496|40|3|325
90,v,-0.05,5733.484142,0.043|0.368|0.055|0.577|0.107496|40|3|325
90,v,0.05,5732.269738,0.043|0.368|0.055|0.577|0.107496|40|3|325
90,v,0.15,5731.126056,0.043|0.368|0.055|0.577|0.107496|40|3|325
90,v,0.35,5729.034621,0.043|0.368|0.055|0.577|0.107496|40|3|325
90,v,0.7,5725.927481,0.043|0.368|0.055|0.577|0.107496|40|3|325
90,v,1,5723.737123,0.043|0.368|0.055|0.577|0.107496|40|3|325
90,v,1.5,5720.858568,0.043|0.368|0.055|0.577|0.107496|40|3|325
90,d4,-0.055,4703.744522,0.043|0.368|0.055|0.577|0.107496|40|3|325
90,d4,-0.04,4960.923374,0.043|0.368|0.055|0.577|0.107496|40|3|325
90,d4,-0.025,5237.534996,0.043|0.368|0.055|0.577|0.107496|40|3|325
90,d4,-0.017,5390.860509,0.043|0.368|0.055|0.577|0.107496|40|3|325
90,d4,-0.012,5506.624005,0.043|0.368|0.055|0.577|0.107496|40|3|325
90,d4,-0.008,5565.458926,0.043|0.368|0.055|0.577|0.107496|40|3|325
90,d4,-0.004,5670.989294,0.043|0.368|0.055|0.577|0.107496|40|3|325
90,d4,0.004,5842.516029,0.043|0.368|0.055|0.577|0.107496|40|3|325
90,d4,0.008,5907.652411,0.043|0.368|0.055|0.577|0.107496|40|3|325
90,d4,0.012,6021.685725,0.043|0.368|0.055|0.577|0.107496|40|3|325
90,d4,0.017,6107.714432,0.043|0.368|0.055|0.577|0.107496|40|3|325
90,d4,0.025,6299.758052,0.043|0.368|0.055|0.577|0.107496|40|3|325
90,d4,0.04,6691.311027,0.043|0.368|0.055|0.577|0.107496|40|3|325
90,d4,0.06,7290.461073,0.043|0.368|0.055|0.577|0.107496|40|3|325
90,d4,0.1,8692.120063,0.043|0.368|0.055|0.577|0.107496|40|3|325
90,d4,0.15,11142.9848,0.043|0.368|0.055|0.577|0.107496|40|3|325
90,dc,-0.15,3615.265655,0.043|0.368|0.055|0.577|0.107496|40|3|325
90,dc,-0.1,4195.174144,0.043|0.368|0.055|0.577|0.107496|40|3|325
90,dc,-0.06,4732.365539,0.043|0.368|0.055|0.577|0.107496|40|3|325
90,dc,-0.04,5019.521689,0.043|0.368|0.055|0.577|0.107496|40|3|325
90,dc,-0.025,5275.471358,0.043|0.368|0.055|0.577|0.107496|40|3|325
90,dc,-0.017,5417.1636,0.043|0.368|0.055|0.577|0.107496|40|3|325
90,dc,-0.012,5525.414082,0.043|0.368|0.055|0.577|0.107496|40|3|325
90,dc,-0.008,5578.118812,0.043|0.368|0.055|0.577|0.107496|40|3|325
90,dc,-0.004,5677.380126,0.043|0.368|0.055|0.577|0.107496|40|3|325
90,dc,0.004,5835.99212,0.043|0.368|0.055|0.577|0.107496|40|3|325
90,dc,0.008,5894.459717,0.043|0.368|0.055|0.577|0.107496|40|3|325
90,dc,0.012,6001.696821,0.043|0.368|0.055|0.577|0.107496|40|3|325
90,dc,0.017,6078.993709,0.043|0.368|0.055|0.577|0.107496|40|3|325
90,dc,0.025,6256.585535,0.043|0.368|0.055|0.577|0.107496|40|3|325
90,dc,0.04,6619.239655,0.043|0.368|0.055|0.577|0.107496|40|3|325
90,dc,0.06,7175.725434,0.043|0.368|0.055|0.577|0.107496|40|3|325
90,dc,0.1,8473.604781,0.043|0.368|0.055|0.577|0.107496|40|3|325
90,dc,0.15,10742.80709,0.043|0.368|0.055|0.577|0.107496|40|3|325
91,f0,0,2942.1622,0.026|0.601|0.036|0.363|0.106151|40|3|325
91,u,-2.5,4587.562877,0.026|0.601|0.036|0.363|0.106151|40|3|325
91,u,-1.5,3290.620105,0.026|0.601|0.036|0.363|0.106151|40|3|325
91,u,-1,3098.677873,0.026|0.601|0.036|0.363|0.106151|40|3|325
91,u,-0.7,3071.040958,0.026|0.601|0.036|0.363|0.106151|40|3|325
91,u,-0.5,3033.172969,0.026|0.601|0.036|0.363|0.106151|40|3|325
91,u,-0.35,3036.940296,0.026|0.601|0.036|0.363|0.106151|40|3|325
91,u,-0.25,2976.172767,0.026|0.601|0.036|0.363|0.106151|40|3|325
91,u,-0.2,3001.257997,0.026|0.601|0.036|0.363|0.106151|40|3|325
91,u,-0.15,2964.169112,0.026|0.601|0.036|0.363|0.106151|40|3|325
91,u,-0.1,2978.430624,0.026|0.601|0.036|0.363|0.106151|40|3|325
91,u,-0.075,2983.269693,0.026|0.601|0.036|0.363|0.106151|40|3|325
91,u,-0.05,2986.674669,0.026|0.601|0.036|0.363|0.106151|40|3|325
91,u,-0.03,2949.408173,0.026|0.601|0.036|0.363|0.106151|40|3|325
91,u,-0.02,2979.310574,0.026|0.601|0.036|0.363|0.106151|40|3|325
91,u,-0.01,2960.644859,0.026|0.601|0.036|0.363|0.106151|40|3|325
91,u,0.01,2970.670378,0.026|0.601|0.036|0.363|0.106151|40|3|325
91,u,0.02,2952.07666,0.026|0.601|0.036|0.363|0.106151|40|3|325
91,u,0.03,2933.665297,0.026|0.601|0.036|0.363|0.106151|40|3|325
91,u,0.05,2942.324789,0.026|0.601|0.036|0.363|0.106151|40|3|325
91,u,0.075,2940.650191,0.026|0.601|0.036|0.363|0.106151|40|3|325
91,u,0.1,2937.880859,0.026|0.601|0.036|0.363|0.106151|40|3|325
91,u,0.15,2929.27305,0.026|0.601|0.036|0.363|0.106151|40|3|325
91,u,0.2,2916.911695,0.026|0.601|0.036|0.363|0.106151|40|3|325
91,u,0.25,2901.176929,0.026|0.601|0.036|0.363|0.106151|40|3|325
91,u,0.35,2894.02192,0.026|0.601|0.036|0.363|0.106151|40|3|325
91,u,0.5,2868.29648,0.026|0.601|0.036|0.363|0.106151|40|3|325
91,u,0.7,2819.03303,0.026|0.601|0.036|0.363|0.106151|40|3|325
91,u,1,2749.122076,0.026|0.601|0.036|0.363|0.106151|40|3|325
91,u,1.5,3297.668312,0.026|0.601|0.036|0.363|0.106151|40|3|325
91,v,-2.5,3013.155533,0.026|0.601|0.036|0.363|0.106151|40|3|325
91,v,-1.5,2971.924217,0.026|0.601|0.036|0.363|0.106151|40|3|325
91,v,-1,2958.925602,0.026|0.601|0.036|0.363|0.106151|40|3|325
91,v,-0.7,2952.80525,0.026|0.601|0.036|0.363|0.106151|40|3|325
91,v,-0.35,2946.927009,0.026|0.601|0.036|0.363|0.106151|40|3|325
91,v,-0.15,2944.082459,0.026|0.601|0.036|0.363|0.106151|40|3|325
91,v,-0.05,2942.783183,0.026|0.601|0.036|0.363|0.106151|40|3|325
91,v,0.05,2941.55957,0.026|0.601|0.036|0.363|0.106151|40|3|325
91,v,0.15,2940.407215,0.026|0.601|0.036|0.363|0.106151|40|3|325
91,v,0.35,2938.299921,0.026|0.601|0.036|0.363|0.106151|40|3|325
91,v,0.7,2935.169218,0.026|0.601|0.036|0.363|0.106151|40|3|325
91,v,1,2932.96225,0.026|0.601|0.036|0.363|0.106151|40|3|325
91,v,1.5,2930.061867,0.026|0.601|0.036|0.363|0.106151|40|3|325
91,d4,-0.036,2637.848813,0.026|0.601|0.036|0.363|0.106151|40|3|325
91,d4,-0.025,2730.969517,0.026|0.601|0.036|0.363|0.106151|40|3|325
91,d4,-0.017,2813.29154,0.026|0.601|0.036|0.363|0.106151|40|3|325
91,d4,-0.012,2836.818379,0.026|0.601|0.036|0.363|0.106151|40|3|325
91,d4,-0.008,2902.602489,0.026|0.601|0.036|0.363|0.106151|40|3|325
91,d4,-0.004,2922.252545,0.026|0.601|0.036|0.363|0.106151|40|3|325
91,d4,0.004,3009.932791,0.026|0.601|0.036|0.363|0.106151|40|3|325
91,d4,0.008,3030.691622,0.026|0.601|0.036|0.363|0.106151|40|3|325
91,d4,0.012,3051.730323,0.026|0.601|0.036|0.363|0.106151|40|3|325
91,d4,0.017,3127.055803,0.026|0.601|0.036|0.363|0.106151|40|3|325
91,d4,0.025,3171.395356,0.026|0.601|0.036|0.363|0.106151|40|3|325
91,d4,0.04,3359.045003,0.026|0.601|0.036|0.363|0.106151|40|3|325
91,d4,0.06,3537.863088,0.026|0.601|0.036|0.363|0.106151|40|3|325
91,d4,0.1,4050.764303,0.026|0.601|0.036|0.363|0.106151|40|3|325
91,d4,0.15,4755.564952,0.026|0.601|0.036|0.363|0.106151|40|3|325
91,dc,-0.15,1971.946695,0.026|0.601|0.036|0.363|0.106151|40|3|325
91,dc,-0.1,2276.965816,0.026|0.601|0.036|0.363|0.106151|40|3|325
91,dc,-0.06,2510.567791,0.026|0.601|0.036|0.363|0.106151|40|3|325
91,dc,-0.04,2660.353318,0.026|0.601|0.036|0.363|0.106151|40|3|325
91,dc,-0.025,2756.177342,0.026|0.601|0.036|0.363|0.106151|40|3|325
91,dc,-0.017,2830.635918,0.026|0.601|0.036|0.363|0.106151|40|3|325
91,dc,-0.012,2849.161218,0.026|0.601|0.036|0.363|0.106151|40|3|325
91,dc,-0.008,2910.876169,0.026|0.601|0.036|0.363|0.106151|40|3|325
91,dc,-0.004,2926.416705,0.026|0.601|0.036|0.363|0.106151|40|3|325
91,dc,0.004,3005.717411,0.026|0.601|0.036|0.363|0.106151|40|3|325
91,dc,0.008,3022.204055,0.026|0.601|0.036|0.363|0.106151|40|3|325
91,dc,0.012,3038.912607,0.026|0.601|0.036|0.363|0.106151|40|3|325
91,dc,0.017,3108.761687,0.026|0.601|0.036|0.363|0.106151|40|3|325
91,dc,0.025,3144.118999,0.026|0.601|0.036|0.363|0.106151|40|3|325
91,dc,0.04,3314.33314,0.026|0.601|0.036|0.363|0.106151|40|3|325
91,dc,0.06,3468.393083,0.026|0.601|0.036|0.363|0.106151|40|3|325
91,dc,0.1,3926.282084,0.026|0.601|0.036|0.363|0.106151|40|3|325
91,dc,0.15,4549.051679,0.026|0.601|0.036|0.363|0.106151|40|3|325
92,f0,0,1439.171668,0.017|0.873|0.008|0.119|0.100818|40|3|300
92,u,-2.5,4560.116251,0.017|0.873|0.008|0.119|0.100818|40|3|300
92,u,-1.5,2292.881415,0.017|0.873|0.008|0.119|0.100818|40|3|300
92,u,-1,1763.360463,0.017|0.873|0.008|0.119|0.100818|40|3|300
92,u,-0.7,1549.27857,0.017|0.873|0.008|0.119|0.100818|40|3|300
92,u,-0.5,1521.332235,0.017|0.873|0.008|0.119|0.100818|40|3|300
92,u,-0.35,1510.975019,0.017|0.873|0.008|0.119|0.100818|40|3|300
92,u,-0.25,1455.337236,0.017|0.873|0.008|0.119|0.100818|40|3|300
92,u,-0.2,1429.478268,0.017|0.873|0.008|0.119|0.100818|40|3|300
92,u,-0.15,1463.864323,0.017|0.873|0.008|0.119|0.100818|40|3|300
92,u,-0.1,1437.490173,0.017|0.873|0.008|0.119|0.100818|40|3|300
92,u,-0.075,1424.775521,0.017|0.873|0.008|0.119|0.100818|40|3|300
92,u,-0.05,1465.733155,0.017|0.873|0.008|0.119|0.100818|40|3|300
92,u,-0.03,1454.953431,0.017|0.873|0.008|0.119|0.100818|40|3|300
92,u,-0.02,1449.641639,0.017|0.873|0.008|0.119|0.100818|40|3|300
92,u,-0.01,1444.381218,0.017|0.873|0.008|0.119|0.100818|40|3|300
92,u,0.01,1434.012495,0.017|0.873|0.008|0.119|0.100818|40|3|300
92,u,0.02,1428.903207,0.017|0.873|0.008|0.119|0.100818|40|3|300
92,u,0.03,1423.843319,0.017|0.873|0.008|0.119|0.100818|40|3|300
92,u,0.05,1413.869824,0.017|0.873|0.008|0.119|0.100818|40|3|300
92,u,0.075,1448.711256,0.017|0.873|0.008|0.119|0.100818|40|3|300
92,u,0.1,1435.632745,0.017|0.873|0.008|0.119|0.100818|40|3|300
92,u,0.15,1410.410414,0.017|0.873|0.008|0.119|0.100818|40|3|300
92,u,0.2,1427.832919,0.017|0.873|0.008|0.119|0.100818|40|3|300
92,u,0.25,1402.899675,0.017|0.873|0.008|0.119|0.100818|40|3|300
92,u,0.35,1427.71057,0.017|0.873|0.008|0.119|0.100818|40|3|300
92,u,0.5,1386.553551,0.017|0.873|0.008|0.119|0.100818|40|3|300
92,u,0.7,1374.890707,0.017|0.873|0.008|0.119|0.100818|40|3|300
92,u,1,1362.816945,0.017|0.873|0.008|0.119|0.100818|40|3|300
92,u,1.5,1330.733978,0.017|0.873|0.008|0.119|0.100818|40|3|300
92,v,-2.5,1512.394948,0.017|0.873|0.008|0.119|0.100818|40|3|300
92,v,-1.5,1469.86853,0.017|0.873|0.008|0.119|0.100818|40|3|300
92,v,-1,1456.46162,0.017|0.873|0.008|0.119|0.100818|40|3|300
92,v,-0.7,1450.149023,0.017|0.873|0.008|0.119|0.100818|40|3|300
92,v,-0.35,1444.086143,0.017|0.873|0.008|0.119|0.100818|40|3|300
92,v,-0.15,1441.152244,0.017|0.873|0.008|0.119|0.100818|40|3|300
92,v,-0.05,1439.812157,0.017|0.873|0.008|0.119|0.100818|40|3|300
92,v,0.05,1438.55011,0.017|0.873|0.008|0.119|0.100818|40|3|300
92,v,0.15,1437.361558,0.017|0.873|0.008|0.119|0.100818|40|3|300
92,v,0.35,1435.188072,0.017|0.873|0.008|0.119|0.100818|40|3|300
92,v,0.7,1431.959032,0.017|0.873|0.008|0.119|0.100818|40|3|300
92,v,1,1429.682742,0.017|0.873|0.008|0.119|0.100818|40|3|300
92,v,1.5,1426.691256,0.017|0.873|0.008|0.119|0.100818|40|3|300
92,d4,-0.008,1425.039305,0.017|0.873|0.008|0.119|0.100818|40|3|300
92,d4,-0.004,1432.073668,0.017|0.873|0.008|0.119|0.100818|40|3|300
92,d4,0.004,1446.33418,0.017|0.873|0.008|0.119|0.100818|40|3|300
92,d4,0.008,1453.562093,0.017|0.873|0.008|0.119|0.100818|40|3|300
92,d4,0.012,1512.252634,0.017|0.873|0.008|0.119|0.100818|40|3|300
92,d4,0.017,1521.744643,0.017|0.873|0.008|0.119|0.100818|40|3|300
92,d4,0.025,1537.161878,0.017|0.873|0.008|0.119|0.100818|40|3|300
92,d4,0.04,1619.868224,0.017|0.873|0.008|0.119|0.100818|40|3|300
92,d4,0.06,1770.843877,0.017|0.873|0.008|0.119|0.100818|40|3|300
92,d4,0.1,1981.509734,0.017|0.873|0.008|0.119|0.100818|40|3|300
92,d4,0.15,2307.043607,0.017|0.873|0.008|0.119|0.100818|40|3|300
92,dc,-0.1,1161.858247,0.017|0.873|0.008|0.119|0.100818|40|3|300
92,dc,-0.06,1189.875595,0.017|0.873|0.008|0.119|0.100818|40|3|300
92,dc,-0.04,1302.05752,0.017|0.873|0.008|0.119|0.100818|40|3|300
92,dc,-0.025,1364.488807,0.017|0.873|0.008|0.119|0.100818|40|3|300
92,dc,-0.017,1372.007351,0.017|0.873|0.008|0.119|0.100818|40|3|300
92,dc,-0.012,1376.773893,0.017|0.873|0.008|0.119|0.100818|40|3|300
92,dc,-0.008,1430.935494,0.017|0.873|0.008|0.119|0.100818|40|3|300
92,dc,-0.004,1435.035188,0.017|0.873|0.008|0.119|0.100818|40|3|300
92,dc,0.004,1443.34544,0.017|0.873|0.008|0.119|0.100818|40|3|300
92,dc,0.008,1447.557016,0.017|0.873|0.008|0.119|0.100818|40|3|300
92,dc,0.012,1503.213472,0.017|0.873|0.008|0.119|0.100818|40|3|300
92,dc,0.017,1508.864482,0.017|0.873|0.008|0.119|0.100818|40|3|300
92,dc,0.025,1518.042051,0.017|0.873|0.008|0.119|0.100818|40|3|300
92,dc,0.04,1588.761317,0.017|0.873|0.008|0.119|0.100818|40|3|300
92,dc,0.06,1723.143046,0.017|0.873|0.008|0.119|0.100818|40|3|300
92,dc,0.1,1898.08322,0.017|0.873|0.008|0.119|0.100818|40|3|300
92,dc,0.15,2173.696194,0.017|0.873|0.008|0.119|0.100818|40|3|300
93,f0,0,1292.611272,0.015|0.916|0|0.084|0.0933391|40|3|275
93,u,-2.5,4821.803085,0.015|0.916|0|0.084|0.0933391|40|3|275
93,u,-1.5,2376.626307,0.015|0.916|0|0.084|0.0933391|40|3|275
93,u,-1,1805.660589,0.015|0.916|0|0.084|0.0933391|40|3|275
93,u,-0.7,1574.826841,0.015|0.916|0|0.084|0.0933391|40|3|275
93,u,-0.5,1454.269845,0.015|0.916|0|0.084|0.0933391|40|3|275
93,u,-0.35,1377.97787,0.015|0.916|0|0.084|0.0933391|40|3|275
93,u,-0.25,1332.920931,0.015|0.916|0|0.084|0.0933391|40|3|275
93,u,-0.2,1311.9709,0.015|0.916|0|0.084|0.0933391|40|3|275
93,u,-0.15,1292.006783,0.015|0.916|0|0.084|0.0933391|40|3|275
93,u,-0.1,1272.981768,0.015|0.916|0|0.084|0.0933391|40|3|275
93,u,-0.075,1263.807411,0.015|0.916|0|0.084|0.0933391|40|3|275
93,u,-0.05,1254.851285,0.015|0.916|0|0.084|0.0933391|40|3|275
93,u,-0.03,1304.572907,0.015|0.916|0|0.084|0.0933391|40|3|275
93,u,-0.02,1300.547136,0.015|0.916|0|0.084|0.0933391|40|3|275
93,u,-0.01,1296.560049,0.015|0.916|0|0.084|0.0933391|40|3|275
93,u,0.01,1288.700432,0.015|0.916|0|0.084|0.0933391|40|3|275
93,u,0.02,1284.827163,0.015|0.916|0|0.084|0.0933391|40|3|275
93,u,0.03,1280.991099,0.015|0.916|0|0.084|0.0933391|40|3|275
93,u,0.05,1273.429149,0.015|0.916|0|0.084|0.0933391|40|3|275
93,u,0.075,1264.179648,0.015|0.916|0|0.084|0.0933391|40|3|275
93,u,0.1,1255.150566,0.015|0.916|0|0.084|0.0933391|40|3|275
93,u,0.15,1285.065922,0.015|0.916|0|0.084|0.0933391|40|3|275
93,u,0.2,1266.131487,0.015|0.916|0|0.084|0.0933391|40|3|275
93,u,0.25,1248.09004,0.015|0.916|0|0.084|0.0933391|40|3|275
93,u,0.35,1253.186581,0.015|0.916|0|0.084|0.0933391|40|3|275
93,u,0.5,1236.266603,0.015|0.916|0|0.084|0.0933391|40|3|275
93,u,0.7,1227.81637,0.015|0.916|0|0.084|0.0933391|40|3|275
93,u,1,1219.102877,0.015|0.916|0|0.084|0.0933391|40|3|275
93,u,1.5,1192.19475,0.015|0.916|0|0.084|0.0933391|40|3|275
93,v,-2.5,1369.30041,0.015|0.916|0|0.084|0.0933391|40|3|275
93,v,-1.5,1324.7611,0.015|0.916|0|0.084|0.0933391|40|3|275
93,v,-1,1310.719604,0.015|0.916|0|0.084|0.0933391|40|3|275
93,v,-0.7,1304.108215,0.015|0.916|0|0.084|0.0933391|40|3|275
93,v,-0.35,1297.758363,0.015|0.916|0|0.084|0.0933391|40|3|275
93,v,-0.15,1294.685594,0.015|0.916|0|0.084|0.0933391|40|3|275
93,v,-0.05,1293.282076,0.015|0.916|0|0.084|0.0933391|40|3|275
93,v,0.05,1291.960293,0.015|0.916|0|0.084|0.0933391|40|3|275
93,v,0.15,1290.715484,0.015|0.916|0|0.084|0.0933391|40|3|275
93,v,0.35,1288.439122,0.015|0.916|0|0.084|0.0933391|40|3|275
93,v,0.7,1285.057242,0.015|0.916|0|0.084|0.0933391|40|3|275
93,v,1,1282.673209,0.015|0.916|0|0.084|0.0933391|40|3|275
93,v,1.5,1279.540127,0.015|0.916|0|0.084|0.0933391|40|3|275
93,d4,0.004,1298.851779,0.015|0.916|0|0.084|0.0933391|40|3|275
93,d4,0.008,1305.146425,0.015|0.916|0|0.084|0.0933391|40|3|275
93,d4,0.012,1311.495925,0.015|0.916|0|0.084|0.0933391|40|3|275
93,d4,0.017,1375.508259,0.015|0.916|0|0.084|0.0933391|40|3|275
93,d4,0.025,1388.963972,0.015|0.916|0|0.084|0.0933391|40|3|275
93,d4,0.04,1472.196492,0.015|0.916|0|0.084|0.0933391|40|3|275
93,d4,0.06,1567.920917,0.015|0.916|0|0.084|0.0933391|40|3|275
93,d4,0.1,1772.82376,0.015|0.916|0|0.084|0.0933391|40|3|275
93,d4,0.15,2090.514714,0.015|0.916|0|0.084|0.0933391|40|3|275
93,dc,-0.06,1193.001717,0.015|0.916|0|0.084|0.0933391|40|3|275
93,dc,-0.04,1207.256807,0.015|0.916|0|0.084|0.0933391|40|3|275
93,dc,-0.025,1218.332768,0.015|0.916|0|0.084|0.0933391|40|3|275
93,dc,-0.017,1224.380911,0.015|0.916|0|0.084|0.0933391|40|3|275
93,dc,-0.012,1228.212286,0.015|0.916|0|0.084|0.0933391|40|3|275
93,dc,-0.008,1231.306308,0.015|0.916|0|0.084|0.0933391|40|3|275
93,dc,-0.004,1289.257261,0.015|0.916|0|0.084|0.0933391|40|3|275
93,dc,0.004,1295.993911,0.015|0.916|0|0.084|0.0933391|40|3|275
93,dc,0.008,1299.405554,0.015|0.916|0|0.084|0.0933391|40|3|275
93,dc,0.012,1302.846582,0.015|0.916|0|0.084|0.0933391|40|3|275
93,dc,0.017,1363.201782,0.015|0.916|0|0.084|0.0933391|40|3|275
93,dc,0.025,1370.703991,0.015|0.916|0|0.084|0.0933391|40|3|275
93,dc,0.04,1442.515811,0.015|0.916|0|0.084|0.0933391|40|3|275
93,dc,0.06,1522.413617,0.015|0.916|0|0.084|0.0933391|40|3|275
93,dc,0.1,1693.445035,0.015|0.916|0|0.084|0.0933391|40|3|275
93,dc,0.15,1964.105021,0.015|0.916|0|0.084|0.0933391|40|3|275
94,f0,0,9107.569944,0.05|0.254|0.154|0.592|0.0862741|40|3|350
94,u,-2.5,10720.53316,0.05|0.254|0.154|0.592|0.0862741|40|3|350
94,u,-1.5,10331.16777,0.05|0.254|0.154|0.592|0.0862741|40|3|350
94,u,-1,9968.40933,0.05|0.254|0.154|0.592|0.0862741|40|3|350
94,u,-0.7,9686.945101,0.05|0.254|0.154|0.592|0.0862741|40|3|350
94,u,-0.5,9547.720089,0.05|0.254|0.154|0.592|0.0862741|40|3|350
94,u,-0.35,9403.561464,0.05|0.254|0.154|0.592|0.0862741|40|3|350
94,u,-0.25,9365.778981,0.05|0.254|0.154|0.592|0.0862741|40|3|350
94,u,-0.2,9287.733868,0.05|0.254|0.154|0.592|0.0862741|40|3|350
94,u,-0.15,9265.207476,0.05|0.254|0.154|0.592|0.0862741|40|3|350
94,u,-0.1,9163.823266,0.05|0.254|0.154|0.592|0.0862741|40|3|350
94,u,-0.075,9171.220539,0.05|0.254|0.154|0.592|0.0862741|40|3|350
94,u,-0.05,9113.944597,0.05|0.254|0.154|0.592|0.0862741|40|3|350
94,u,-0.03,9090.23473,0.05|0.254|0.154|0.592|0.0862741|40|3|350
94,u,-0.02,9077.620043,0.05|0.254|0.154|0.592|0.0862741|40|3|350
94,u,-0.01,9121.746313,0.05|0.254|0.154|0.592|0.0862741|40|3|350
94,u,0.01,9092.929063,0.05|0.254|0.154|0.592|0.0862741|40|3|350
94,u,0.02,9077.83408,0.05|0.254|0.154|0.592|0.0862741|40|3|350
94,u,0.03,9062.295245,0.05|0.254|0.154|0.592|0.0862741|40|3|350
94,u,0.05,9029.926221,0.05|0.254|0.154|0.592|0.0862741|40|3|350
94,u,0.075,9013.349191,0.05|0.254|0.154|0.592|0.0862741|40|3|350
94,u,0.1,8941.923573,0.05|0.254|0.154|0.592|0.0862741|40|3|350
94,u,0.15,8893.21024,0.05|0.254|0.154|0.592|0.0862741|40|3|350
94,u,0.2,8831.462394,0.05|0.254|0.154|0.592|0.0862741|40|3|350
94,u,0.25,8758.034301,0.05|0.254|0.154|0.592|0.0862741|40|3|350
94,u,0.35,8620.390912,0.05|0.254|0.154|0.592|0.0862741|40|3|350
94,u,0.5,8424.275699,0.05|0.254|0.154|0.592|0.0862741|40|3|350
94,u,0.7,8075.479678,0.05|0.254|0.154|0.592|0.0862741|40|3|350
94,u,1,,0.05|0.254|0.154|0.592|0.0862741|40|3|350
94,u,1.5,,0.05|0.254|0.154|0.592|0.0862741|40|3|350
94,v,-2.5,9187.967669,0.05|0.254|0.154|0.592|0.0862741|40|3|350
94,v,-1.5,9141.274496,0.05|0.254|0.154|0.592|0.0862741|40|3|350
94,v,-1,9126.553972,0.05|0.254|0.154|0.592|0.0862741|40|3|350
94,v,-0.7,9119.622865,0.05|0.254|0.154|0.592|0.0862741|40|3|350
94,v,-0.35,9112.965941,0.05|0.254|0.154|0.592|0.0862741|40|3|350
94,v,-0.15,9109.744578,0.05|0.254|0.154|0.592|0.0862741|40|3|350
94,v,-0.05,9108.273188,0.05|0.254|0.154|0.592|0.0862741|40|3|350
94,v,0.05,9106.887485,0.05|0.254|0.154|0.592|0.0862741|40|3|350
94,v,0.15,9105.582479,0.05|0.254|0.154|0.592|0.0862741|40|3|350
94,v,0.35,9103.196034,0.05|0.254|0.154|0.592|0.0862741|40|3|350
94,v,0.7,9099.650611,0.05|0.254|0.154|0.592|0.0862741|40|3|350
94,v,1,9097.151289,0.05|0.254|0.154|0.592|0.0862741|40|3|350
94,v,1.5,9093.866696,0.05|0.254|0.154|0.592|0.0862741|40|3|350
94,d4,-0.15,4937.35893,0.05|0.254|0.154|0.592|0.0862741|40|3|350
94,d4,-0.1,5924.007026,0.05|0.254|0.154|0.592|0.0862741|40|3|350
94,d4,-0.06,6955.815498,0.05|0.254|0.154|0.592|0.0862741|40|3|350
94,d4,-0.04,7576.13272,0.05|0.254|0.154|0.592|0.0862741|40|3|350
94,d4,-0.025,8086.388,0.05|0.254|0.154|0.592|0.0862741|40|3|350
94,d4,-0.017,8377.921049,0.05|0.254|0.154|0.592|0.0862741|40|3|350
94,d4,-0.012,8589.273694,0.05|0.254|0.154|0.592|0.0862741|40|3|350
94,d4,-0.008,8720.172074,0.05|0.254|0.154|0.592|0.0862741|40|3|350
94,d4,-0.004,8910.889703,0.05|0.254|0.154|0.592|0.0862741|40|3|350
94,d4,0.004,9252.962016,0.05|0.254|0.154|0.592|0.0862741|40|3|350
94,d4,0.008,9461.521309,0.05|0.254|0.154|0.592|0.0862741|40|3|350
94,d4,0.012,9617.514342,0.05|0.254|0.154|0.592|0.0862741|40|3|350
94,d4,0.017,9880.527916,0.05|0.254|0.154|0.592|0.0862741|40|3|350
94,d4,0.025,10287.44193,0.05|0.254|0.154|0.592|0.0862741|40|3|350
94,d4,0.04,11140.32273,0.05|0.254|0.154|0.592|0.0862741|40|3|350
94,d4,0.06,12506.12836,0.05|0.254|0.154|0.592|0.0862741|40|3|350
94,d4,0.1,16202.94871,0.05|0.254|0.154|0.592|0.0862741|40|3|350
94,d4,0.15,24903.47178,0.05|0.254|0.154|0.592|0.0862741|40|3|350
94,dc,-0.15,5156.075069,0.05|0.254|0.154|0.592|0.0862741|40|3|350
94,dc,-0.1,6129.763561,0.05|0.254|0.154|0.592|0.0862741|40|3|350
94,dc,-0.06,7066.716625,0.05|0.254|0.154|0.592|0.0862741|40|3|350
94,dc,-0.04,7654.823771,0.05|0.254|0.154|0.592|0.0862741|40|3|350
94,dc,-0.025,8138.094289,0.05|0.254|0.154|0.592|0.0862741|40|3|350
94,dc,-0.017,8414.077299,0.05|0.254|0.154|0.592|0.0862741|40|3|350
94,dc,-0.012,8615.24546,0.05|0.254|0.154|0.592|0.0862741|40|3|350
94,dc,-0.008,8737.750793,0.05|0.254|0.154|0.592|0.0862741|40|3|350
94,dc,-0.004,8919.805029,0.05|0.254|0.154|0.592|0.0862741|40|3|350
94,dc,0.004,9243.772103,0.05|0.254|0.154|0.592|0.0862741|40|3|350
94,dc,0.008,9442.864229,0.05|0.254|0.154|0.592|0.0862741|40|3|350
94,dc,0.012,9589.066379,0.05|0.254|0.154|0.592|0.0862741|40|3|350
94,dc,0.017,9839.424131,0.05|0.254|0.154|0.592|0.0862741|40|3|350
94,dc,0.025,10224.95654,0.05|0.254|0.154|0.592|0.0862741|40|3|350
94,dc,0.04,11033.58826,0.05|0.254|0.154|0.592|0.0862741|40|3|350
94,dc,0.06,12330.14059,0.05|0.254|0.154|0.592|0.0862741|40|3|350
94,dc,0.1,15835.62424,0.05|0.254|0.154|0.592|0.0862741|40|3|350
94,dc,0.15,24094.3457,0.05|0.254|0.154|0.592|0.0862741|40|3|350
95,f0,0,1913.808935,0.015|0.768|0.019|0.213|0.0782581|40|3|300
95,u,-2.5,5648.240826,0.015|0.768|0.019|0.213|0.0782581|40|3|300
95,u,-1.5,2743.988677,0.015|0.768|0.019|0.213|0.0782581|40|3|300
95,u,-1,2066.935504,0.015|0.768|0.019|0.213|0.0782581|40|3|300
95,u,-0.7,2055.94651,0.015|0.768|0.019|0.213|0.0782581|40|3|300
95,u,-0.5,1972.861229,0.015|0.768|0.019|0.213|0.0782581|40|3|300
95,u,-0.35,2022.371594,0.015|0.768|0.019|0.213|0.0782581|40|3|300
95,u,-0.25,2008.423846,0.015|0.768|0.019|0.213|0.0782581|40|3|300
95,u,-0.2,1958.978453,0.015|0.768|0.019|0.213|0.0782581|40|3|300
95,u,-0.15,1987.557006,0.015|0.768|0.019|0.213|0.0782581|40|3|300
95,u,-0.1,1939.007597,0.015|0.768|0.019|0.213|0.0782581|40|3|300
95,u,-0.075,1985.767164,0.015|0.768|0.019|0.213|0.0782581|40|3|300
95,u,-0.05,1961.191906,0.015|0.768|0.019|0.213|0.0782581|40|3|300
95,u,-0.03,1941.960069,0.015|0.768|0.019|0.213|0.0782581|40|3|300
95,u,-0.02,1932.484387,0.015|0.768|0.019|0.213|0.0782581|40|3|300
95,u,-0.01,1923.100976,0.015|0.768|0.019|0.213|0.0782581|40|3|300
95,u,0.01,1969.003208,0.015|0.768|0.019|0.213|0.0782581|40|3|300
95,u,0.02,1959.246466,0.015|0.768|0.019|0.213|0.0782581|40|3|300
95,u,0.03,1949.584778,0.015|0.768|0.019|0.213|0.0782581|40|3|300
95,u,0.05,1930.54285,0.015|0.768|0.019|0.213|0.0782581|40|3|300
95,u,0.075,1907.258736,0.015|0.768|0.019|0.213|0.0782581|40|3|300
95,u,0.1,1943.341709,0.015|0.768|0.019|0.213|0.0782581|40|3|300
95,u,0.15,1952.54522,0.015|0.768|0.019|0.213|0.0782581|40|3|300
95,u,0.2,1905.330025,0.015|0.768|0.019|0.213|0.0782581|40|3|300
95,u,0.25,1910.897178,0.015|0.768|0.019|0.213|0.0782581|40|3|300
95,u,0.35,1913.773589,0.015|0.768|0.019|0.213|0.0782581|40|3|300
95,u,0.5,1901.073892,0.015|0.768|0.019|0.213|0.0782581|40|3|300
95,u,0.7,1860.831303,0.015|0.768|0.019|0.213|0.0782581|40|3|300
95,u,1,1840.60932,0.015|0.768|0.019|0.213|0.0782581|40|3|300
95,u,1.5,1784.910589,0.015|0.768|0.019|0.213|0.0782581|40|3|300
95,v,-2.5,1999.051094,0.015|0.768|0.019|0.213|0.0782581|40|3|300
95,v,-1.5,1949.544383,0.015|0.768|0.019|0.213|0.0782581|40|3|300
95,v,-1,1933.936861,0.015|0.768|0.019|0.213|0.0782581|40|3|300
95,v,-0.7,1926.588114,0.015|0.768|0.019|0.213|0.0782581|40|3|300
95,v,-0.35,1919.530072,0.015|0.768|0.019|0.213|0.0782581|40|3|300
95,v,-0.15,1916.114603,0.015|0.768|0.019|0.213|0.0782581|40|3|300
95,v,-0.05,1914.554553,0.015|0.768|0.019|0.213|0.0782581|40|3|300
95,v,0.05,1913.085353,0.015|0.768|0.019|0.213|0.0782581|40|3|300
95,v,0.15,1911.701713,0.015|0.768|0.019|0.213|0.0782581|40|3|300
95,v,0.35,1909.171471,0.015|0.768|0.019|0.213|0.0782581|40|3|300
95,v,0.7,1905.412415,0.015|0.768|0.019|0.213|0.0782581|40|3|300
95,v,1,1902.762494,0.015|0.768|0.019|0.213|0.0782581|40|3|300
95,v,1.5,1899.279985,0.015|0.768|0.019|0.213|0.0782581|40|3|300
95,d4,-0.019,1801.788475,0.015|0.768|0.019|0.213|0.0782581|40|3|300
95,d4,-0.017,1870.332139,0.015|0.768|0.019|0.213|0.0782581|40|3|300
95,d4,-0.012,1882.924723,0.015|0.768|0.019|0.213|0.0782581|40|3|300
95,d4,-0.008,1893.114417,0.015|0.768|0.019|0.213|0.0782581|40|3|300
95,d4,-0.004,1903.408613,0.015|0.768|0.019|0.213|0.0782581|40|3|300
95,d4,0.004,1989.692042,0.015|0.768|0.019|0.213|0.0782581|40|3|300
95,d4,0.008,2000.641069,0.015|0.768|0.019|0.213|0.0782581|40|3|300
95,d4,0.012,2011.704807,0.015|0.768|0.019|0.213|0.0782581|40|3|300
95,d4,0.017,2025.69857,0.015|0.768|0.019|0.213|0.0782581|40|3|300
95,d4,0.025,2115.618947,0.015|0.768|0.019|0.213|0.0782581|40|3|300
95,d4,0.04,2229.465835,0.015|0.768|0.019|0.213|0.0782581|40|3|300
95,d4,0.06,2365.135506,0.015|0.768|0.019|0.213|0.0782581|40|3|300
95,d4,0.1,2660.329571,0.015|0.768|0.019|0.213|0.0782581|40|3|300
95,d4,0.15,3041.933381,0.015|0.768|0.019|0.213|0.0782581|40|3|300
95,dc,-0.15,1306.873401,0.015|0.768|0.019|0.213|0.0782581|40|3|300
95,dc,-0.1,1467.584393,0.015|0.768|0.019|0.213|0.0782581|40|3|300
95,dc,-0.06,1633.58852,0.015|0.768|0.019|0.213|0.0782581|40|3|300
95,dc,-0.04,1722.511026,0.015|0.768|0.019|0.213|0.0782581|40|3|300
95,dc,-0.025,1807.818992,0.015|0.768|0.019|0.213|0.0782581|40|3|300
95,dc,-0.017,1884.328358,0.015|0.768|0.019|0.213|0.0782581|40|3|300
95,dc,-0.012,1892.867647,0.015|0.768|0.019|0.213|0.0782581|40|3|300
95,dc,-0.008,1899.777151,0.015|0.768|0.019|0.213|0.0782581|40|3|300
95,dc,-0.004,1906.757216,0.015|0.768|0.019|0.213|0.0782581|40|3|300
95,dc,0.004,1986.312137,0.015|0.768|0.019|0.213|0.0782581|40|3|300
95,dc,0.008,1993.845732,0.015|0.768|0.019|0.213|0.0782581|40|3|300
95,dc,0.012,2001.457947,0.015|0.768|0.019|0.213|0.0782581|40|3|300
95,dc,0.017,2011.085677,0.015|0.768|0.019|0.213|0.0782581|40|3|300
95,dc,0.025,2093.922054,0.015|0.768|0.019|0.213|0.0782581|40|3|300
95,dc,0.04,2194.075049,0.015|0.768|0.019|0.213|0.0782581|40|3|300
95,dc,0.06,2310.610932,0.015|0.768|0.019|0.213|0.0782581|40|3|300
95,dc,0.1,2564.228839,0.015|0.768|0.019|0.213|0.0782581|40|3|300
95,dc,0.15,2886.46951,0.015|0.768|0.019|0.213|0.0782581|40|3|300
96,f0,0,1656.590901,0.013|0.834|0.014|0.152|0.0736523|40|3|300
96,u,-2.5,5894.484109,0.013|0.834|0.014|0.152|0.0736523|40|3|300
96,u,-1.5,2811.686833,0.013|0.834|0.014|0.152|0.0736523|40|3|300
96,u,-1,2092.998619,0.013|0.834|0.014|0.152|0.0736523|40|3|300
96,u,-0.7,1802.750242,0.013|0.834|0.014|0.152|0.0736523|40|3|300
96,u,-0.5,1765.853261,0.013|0.834|0.014|0.152|0.0736523|40|3|300
96,u,-0.35,1654.000829,0.013|0.834|0.014|0.152|0.0736523|40|3|300
96,u,-0.25,1677.193252,0.013|0.834|0.014|0.152|0.0736523|40|3|300
96,u,-0.2,1642.137131,0.013|0.834|0.014|0.152|0.0736523|40|3|300
96,u,-0.15,1689.45572,0.013|0.834|0.014|0.152|0.0736523|40|3|300
96,u,-0.1,1653.687976,0.013|0.834|0.014|0.152|0.0736523|40|3|300
96,u,-0.075,1636.446506,0.013|0.834|0.014|0.152|0.0736523|40|3|300
96,u,-0.05,1619.619519,0.013|0.834|0.014|0.152|0.0736523|40|3|300
96,u,-0.03,1677.999038,0.013|0.834|0.014|0.152|0.0736523|40|3|300
96,u,-0.02,1670.79335,0.013|0.834|0.014|0.152|0.0736523|40|3|300
96,u,-0.01,1663.657531,0.013|0.834|0.014|0.152|0.0736523|40|3|300
96,u,0.01,1649.592784,0.013|0.834|0.014|0.152|0.0736523|40|3|300
96,u,0.02,1642.662512,0.013|0.834|0.014|0.152|0.0736523|40|3|300
96,u,0.03,1635.799424,0.013|0.834|0.014|0.152|0.0736523|40|3|300
96,u,0.05,1622.272184,0.013|0.834|0.014|0.152|0.0736523|40|3|300
96,u,0.075,1605.729508,0.013|0.834|0.014|0.152|0.0736523|40|3|300
96,u,0.1,1652.360762,0.013|0.834|0.014|0.152|0.0736523|40|3|300
96,u,0.15,1618.142502,0.013|0.834|0.014|0.152|0.0736523|40|3|300
96,u,0.2,1642.30693,0.013|0.834|0.014|0.152|0.0736523|40|3|300
96,u,0.25,1608.475327,0.013|0.834|0.014|0.152|0.0736523|40|3|300
96,u,0.35,1594.342404,0.013|0.834|0.014|0.152|0.0736523|40|3|300
96,u,0.5,1587.691107,0.013|0.834|0.014|0.152|0.0736523|40|3|300
96,u,0.7,1573.09546,0.013|0.834|0.014|0.152|0.0736523|40|3|300
96,u,1,1558.915992,0.013|0.834|0.014|0.152|0.0736523|40|3|300
96,u,1.5,1519.919786,0.013|0.834|0.014|0.152|0.0736523|40|3|300
96,v,-2.5,1744.992523,0.013|0.834|0.014|0.152|0.0736523|40|3|300
96,v,-1.5,1693.650868,0.013|0.834|0.014|0.152|0.0736523|40|3|300
96,v,-1,1677.46486,0.013|0.834|0.014|0.152|0.0736523|40|3|300
96,v,-0.7,1669.843735,0.013|0.834|0.014|0.152|0.0736523|40|3|300
96,v,-0.35,1662.52409,0.013|0.834|0.014|0.152|0.0736523|40|3|300
96,v,-0.15,1658.982027,0.013|0.834|0.014|0.152|0.0736523|40|3|300
96,v,-0.05,1657.364155,0.013|0.834|0.014|0.152|0.0736523|40|3|300
96,v,0.05,1655.8405,0.013|0.834|0.014|0.152|0.0736523|40|3|300
96,v,0.15,1654.405576,0.013|0.834|0.014|0.152|0.0736523|40|3|300
96,v,0.35,1651.781551,0.013|0.834|0.014|0.152|0.0736523|40|3|300
96,v,0.7,1647.883168,0.013|0.834|0.014|0.152|0.0736523|40|3|300
96,v,1,1645.135029,0.013|0.834|0.014|0.152|0.0736523|40|3|300
96,v,1.5,1641.523443,0.013|0.834|0.014|0.152|0.0736523|40|3|300
96,d4,-0.014,1559.170418,0.013|0.834|0.014|0.152|0.0736523|40|3|300
96,d4,-0.012,1563.114203,0.013|0.834|0.014|0.152|0.0736523|40|3|300
96,d4,-0.008,1571.057277,0.013|0.834|0.014|0.152|0.0736523|40|3|300
96,d4,-0.004,1648.185746,0.013|0.834|0.014|0.152|0.0736523|40|3|300
96,d4,0.004,1665.076113,0.013|0.834|0.014|0.152|0.0736523|40|3|300
96,d4,0.008,1673.642539,0.013|0.834|0.014|0.152|0.0736523|40|3|300
96,d4,0.012,1682.291358,0.013|0.834|0.014|0.152|0.0736523|40|3|300
96,d4,0.017,1764.008483,0.013|0.834|0.014|0.152|0.0736523|40|3|300
96,d4,0.025,1782.43603,0.013|0.834|0.014|0.152|0.0736523|40|3|300
96,d4,0.04,1890.712103,0.013|0.834|0.014|0.152|0.0736523|40|3|300
96,d4,0.06,2016.54044,0.013|0.834|0.014|0.152|0.0736523|40|3|300
96,d4,0.1,2209.768113,0.013|0.834|0.014|0.152|0.0736523|40|3|300
96,d4,0.15,2629.336632,0.013|0.834|0.014|0.152|0.0736523|40|3|300
96,dc,-0.15,1248.516334,0.013|0.834|0.014|0.152|0.0736523|40|3|300
96,dc,-0.1,1287.584074,0.013|0.834|0.014|0.152|0.0736523|40|3|300
96,dc,-0.06,1386.854098,0.013|0.834|0.014|0.152|0.0736523|40|3|300
96,dc,-0.04,1472.85813,0.013|0.834|0.014|0.152|0.0736523|40|3|300
96,dc,-0.025,1556.719902,0.013|0.834|0.014|0.152|0.0736523|40|3|300
96,dc,-0.017,1566.272745,0.013|0.834|0.014|0.152|0.0736523|40|3|300
96,dc,-0.012,1572.333234,0.013|0.834|0.014|0.152|0.0736523|40|3|300
96,dc,-0.008,1577.232448,0.013|0.834|0.014|0.152|0.0736523|40|3|300
96,dc,-0.004,1651.284481,0.013|0.834|0.014|0.152|0.0736523|40|3|300
96,dc,0.004,1661.947556,0.013|0.834|0.014|0.152|0.0736523|40|3|300
96,dc,0.008,1667.355172,0.013|0.834|0.014|0.152|0.0736523|40|3|300
96,dc,0.012,1672.814486,0.013|0.834|0.014|0.152|0.0736523|40|3|300
96,dc,0.017,1750.516175,0.013|0.834|0.014|0.152|0.0736523|40|3|300
96,dc,0.025,1762.398491,0.013|0.834|0.014|0.152|0.0736523|40|3|300
96,dc,0.04,1858.083873,0.013|0.834|0.014|0.152|0.0736523|40|3|300
96,dc,0.06,1891.810047,0.013|0.834|0.014|0.152|0.0736523|40|3|300
96,dc,0.1,2121.734715,0.013|0.834|0.014|0.152|0.0736523|40|3|300
96,dc,0.15,2488.110438,0.013|0.834|0.014|0.152|0.0736523|40|3|300
97,f0,0,1335.155316,0.011|0.948|0|0.052|0.0708399|40|3|250
97,u,-2.5,6028.134614,0.011|0.948|0|0.052|0.0708399|40|3|250
97,u,-1.5,2824.513265,0.011|0.948|0|0.052|0.0708399|40|3|250
97,u,-1,2077.488041,0.011|0.948|0|0.052|0.0708399|40|3|250
97,u,-0.7,1775.702191,0.011|0.948|0|0.052|0.0708399|40|3|250
97,u,-0.5,1618.162235,0.011|0.948|0|0.052|0.0708399|40|3|250
97,u,-0.35,1518.497941,0.011|0.948|0|0.052|0.0708399|40|3|250
97,u,-0.25,1459.650634,0.011|0.948|0|0.052|0.0708399|40|3|250
97,u,-0.2,1432.292056,0.011|0.948|0|0.052|0.0708399|40|3|250
97,u,-0.15,1406.223155,0.011|0.948|0|0.052|0.0708399|40|3|250
97,u,-0.1,1381.382554,0.011|0.948|0|0.052|0.0708399|40|3|250
97,u,-0.075,1369.404494,0.011|0.948|0|0.052|0.0708399|40|3|250
97,u,-0.05,1357.711819,0.011|0.948|0|0.052|0.0708399|40|3|250
97,u,-0.03,1348.558534,0.011|0.948|0|0.052|0.0708399|40|3|250
97,u,-0.02,1344.047657,0.011|0.948|0|0.052|0.0708399|40|3|250
97,u,-0.01,1339.580057,0.011|0.948|0|0.052|0.0708399|40|3|250
97,u,0.01,1330.773016,0.011|0.948|0|0.052|0.0708399|40|3|250
97,u,0.02,1326.432748,0.011|0.948|0|0.052|0.0708399|40|3|250
97,u,0.03,1322.134104,0.011|0.948|0|0.052|0.0708399|40|3|250
97,u,0.05,1313.660077,0.011|0.948|0|0.052|0.0708399|40|3|250
97,u,0.075,1303.294576,0.011|0.948|0|0.052|0.0708399|40|3|250
97,u,0.1,1293.175671,0.011|0.948|0|0.052|0.0708399|40|3|250
97,u,0.15,1273.654084,0.011|0.948|0|0.052|0.0708399|40|3|250
97,u,0.2,1255.049598,0.011|0.948|0|0.052|0.0708399|40|3|250
97,u,0.25,1237.318687,0.011|0.948|0|0.052|0.0708399|40|3|250
97,u,0.35,1204.313793,0.011|0.948|0|0.052|0.0708399|40|3|250
97,u,0.5,1160.384634,0.011|0.948|0|0.052|0.0708399|40|3|250
97,u,0.7,1146.842847,0.011|0.948|0|0.052|0.0708399|40|3|250
97,u,1,1131.775067,0.011|0.948|0|0.052|0.0708399|40|3|250
97,u,1.5,1095.76512,0.011|0.948|0|0.052|0.0708399|40|3|250
97,v,-2.5,1425.646288,0.011|0.948|0|0.052|0.0708399|40|3|250
97,v,-1.5,1373.091186,0.011|0.948|0|0.052|0.0708399|40|3|250
97,v,-1,1356.522626,0.011|0.948|0|0.052|0.0708399|40|3|250
97,v,-0.7,1348.721377,0.011|0.948|0|0.052|0.0708399|40|3|250
97,v,-0.35,1341.228734,0.011|0.948|0|0.052|0.0708399|40|3|250
97,v,-0.15,1337.602956,0.011|0.948|0|0.052|0.0708399|40|3|250
97,v,-0.05,1335.946845,0.011|0.948|0|0.052|0.0708399|40|3|250
97,v,0.05,1334.387179,0.011|0.948|0|0.052|0.0708399|40|3|250
97,v,0.15,1332.918341,0.011|0.948|0|0.052|0.0708399|40|3|250
97,v,0.35,1330.232298,0.011|0.948|0|0.052|0.0708399|40|3|250
97,v,0.7,1326.241778,0.011|0.948|0|0.052|0.0708399|40|3|250
97,v,1,1323.428687,0.011|0.948|0|0.052|0.0708399|40|3|250
97,v,1.5,1319.731742,0.011|0.948|0|0.052|0.0708399|40|3|250
97,d4,0.004,1341.356119,0.011|0.948|0|0.052|0.0708399|40|3|250
97,d4,0.008,1347.608866,0.011|0.948|0|0.052|0.0708399|40|3|250
97,d4,0.012,1353.914219,0.011|0.948|0|0.052|0.0708399|40|3|250
97,d4,0.017,1361.870917,0.011|0.948|0|0.052|0.0708399|40|3|250
97,d4,0.025,1374.778152,0.011|0.948|0|0.052|0.0708399|40|3|250
97,d4,0.04,1399.582745,0.011|0.948|0|0.052|0.0708399|40|3|250
97,d4,0.06,1433.939038,0.011|0.948|0|0.052|0.0708399|40|3|250
97,d4,0.1,1668.72609,0.011|0.948|0|0.052|0.0708399|40|3|250
97,d4,0.15,1951.043007,0.011|0.948|0|0.052|0.0708399|40|3|250
97,dc,-0.052,1292.914487,0.011|0.948|0|0.052|0.0708399|40|3|250
97,dc,-0.04,1302.278542,0.011|0.948|0|0.052|0.0708399|40|3|250
97,dc,-0.025,1314.299225,0.011|0.948|0|0.052|0.0708399|40|3|250
97,dc,-0.017,1320.858797,0.011|0.948|0|0.052|0.0708399|40|3|250
97,dc,-0.012,1325.012518,0.011|0.948|0|0.052|0.0708399|40|3|250
97,dc,-0.008,1328.365923,0.011|0.948|0|0.052|0.0708399|40|3|250
97,dc,-0.004,1331.746741,0.011|0.948|0|0.052|0.0708399|40|3|250
97,dc,0.004,1338.591996,0.011|0.948|0|0.052|0.0708399|40|3|250
97,dc,0.008,1342.057138,0.011|0.948|0|0.052|0.0708399|40|3|250
97,dc,0.012,1345.551103,0.011|0.948|0|0.052|0.0708399|40|3|250
97,dc,0.017,1349.959651,0.011|0.948|0|0.052|0.0708399|40|3|250
97,dc,0.025,1357.11003,0.011|0.948|0|0.052|0.0708399|40|3|250
97,dc,0.04,1370.847572,0.011|0.948|0|0.052|0.0708399|40|3|250
97,dc,0.06,1389.867202,0.011|0.948|0|0.052|0.0708399|40|3|250
97,dc,0.1,1592.002518,0.011|0.948|0|0.052|0.0708399|40|3|250
97,dc,0.15,1829.041508,0.011|0.948|0|0.052|0.0708399|40|3|250
98,f0,0,1880.5309,0.013|0.786|0.024|0.19|0.0694133|40|3|275
98,u,-2.5,6224.017923,0.013|0.786|0.024|0.19|0.0694133|40|3|275
98,u,-1.5,2957.223808,0.013|0.786|0.024|0.19|0.0694133|40|3|275
98,u,-1,2196.018828,0.013|0.786|0.024|0.19|0.0694133|40|3|275
98,u,-0.7,2036.821049,0.013|0.786|0.024|0.19|0.0694133|40|3|275
98,u,-0.5,1970.785266,0.013|0.786|0.024|0.19|0.0694133|40|3|275
98,u,-0.35,1939.791439,0.013|0.786|0.024|0.19|0.0694133|40|3|275
98,u,-0.25,1944.38844,0.013|0.786|0.024|0.19|0.0694133|40|3|275
98,u,-0.2,1898.014928,0.013|0.786|0.024|0.19|0.0694133|40|3|275
98,u,-0.15,1939.285738,0.013|0.786|0.024|0.19|0.0694133|40|3|275
98,u,-0.1,1893.03906,0.013|0.786|0.024|0.19|0.0694133|40|3|275
98,u,-0.075,1870.749148,0.013|0.786|0.024|0.19|0.0694133|40|3|275
98,u,-0.05,1848.996928,0.013|0.786|0.024|0.19|0.0694133|40|3|275
98,u,-0.03,1907.70076,0.013|0.786|0.024|0.19|0.0694133|40|3|275
98,u,-0.02,1898.55548,0.013|0.786|0.024|0.19|0.0694133|40|3|275
98,u,-0.01,1889.49915,0.013|0.786|0.024|0.19|0.0694133|40|3|275
98,u,0.01,1871.649869,0.013|0.786|0.024|0.19|0.0694133|40|3|275
98,u,0.02,1862.855204,0.013|0.786|0.024|0.19|0.0694133|40|3|275
98,u,0.03,1854.146062,0.013|0.786|0.024|0.19|0.0694133|40|3|275
98,u,0.05,1836.981009,0.013|0.786|0.024|0.19|0.0694133|40|3|275
98,u,0.075,1884.122229,0.013|0.786|0.024|0.19|0.0694133|40|3|275
98,u,0.1,1861.946139,0.013|0.786|0.024|0.19|0.0694133|40|3|275
98,u,0.15,1882.354744,0.013|0.786|0.024|0.19|0.0694133|40|3|275
98,u,0.2,1838.533426,0.013|0.786|0.024|0.19|0.0694133|40|3|275
98,u,0.25,1853.906696,0.013|0.786|0.024|0.19|0.0694133|40|3|275
98,u,0.35,1822.458132,0.013|0.786|0.024|0.19|0.0694133|40|3|275
98,u,0.5,1837.885393,0.013|0.786|0.024|0.19|0.0694133|40|3|275
98,u,0.7,1789.786058,0.013|0.786|0.024|0.19|0.0694133|40|3|275
98,u,1,1763.130636,0.013|0.786|0.024|0.19|0.0694133|40|3|275
98,u,1.5,1731.370144,0.013|0.786|0.024|0.19|0.0694133|40|3|275
98,v,-2.5,1972.133206,0.013|0.786|0.024|0.19|0.0694133|40|3|275
98,v,-1.5,1918.932666,0.013|0.786|0.024|0.19|0.0694133|40|3|275
98,v,-1,1902.160625,0.013|0.786|0.024|0.19|0.0694133|40|3|275
98,v,-0.7,1894.263569,0.013|0.786|0.024|0.19|0.0694133|40|3|275
98,v,-0.35,1886.678907,0.013|0.786|0.024|0.19|0.0694133|40|3|275
98,v,-0.15,1883.0086,0.013|0.786|0.024|0.19|0.0694133|40|3|275
98,v,-0.05,1881.332151,0.013|0.786|0.024|0.19|0.0694133|40|3|275
98,v,0.05,1879.75333,0.013|0.786|0.024|0.19|0.0694133|40|3|275
98,v,0.15,1878.266453,0.013|0.786|0.024|0.19|0.0694133|40|3|275
98,v,0.35,1875.547422,0.013|0.786|0.024|0.19|0.0694133|40|3|275
98,v,0.7,1871.507894,0.013|0.786|0.024|0.19|0.0694133|40|3|275
98,v,1,1868.660255,0.013|0.786|0.024|0.19|0.0694133|40|3|275
98,v,1.5,1864.917907,0.013|0.786|0.024|0.19|0.0694133|40|3|275
98,d4,-0.024,1750.612461,0.013|0.786|0.024|0.19|0.0694133|40|3|275
98,d4,-0.017,1766.729856,0.013|0.786|0.024|0.19|0.0694133|40|3|275
98,d4,-0.012,1778.413451,0.013|0.786|0.024|0.19|0.0694133|40|3|275
98,d4,-0.008,1860.634605,0.013|0.786|0.024|0.19|0.0694133|40|3|275
98,d4,-0.004,1870.532919,0.013|0.786|0.024|0.19|0.0694133|40|3|275
98,d4,0.004,1890.630069,0.013|0.786|0.024|0.19|0.0694133|40|3|275
98,d4,0.008,1900.831979,0.013|0.786|0.024|0.19|0.0694133|40|3|275
98,d4,0.012,1985.698774,0.013|0.786|0.024|0.19|0.0694133|40|3|275
98,d4,0.017,1999.19646,0.013|0.786|0.024|0.19|0.0694133|40|3|275
98,d4,0.025,2021.157901,0.013|0.786|0.024|0.19|0.0694133|40|3|275
98,d4,0.04,2140.833495,0.013|0.786|0.024|0.19|0.0694133|40|3|275
98,d4,0.06,2281.449411,0.013|0.786|0.024|0.19|0.0694133|40|3|275
98,d4,0.1,2586.696804,0.013|0.786|0.024|0.19|0.0694133|40|3|275
98,d4,0.15,2976.074148,0.013|0.786|0.024|0.19|0.0694133|40|3|275
98,dc,-0.15,1293.832636,0.013|0.786|0.024|0.19|0.0694133|40|3|275
98,dc,-0.1,1402.87047,0.013|0.786|0.024|0.19|0.0694133|40|3|275
98,dc,-0.06,1580.934956,0.013|0.786|0.024|0.19|0.0694133|40|3|275
98,dc,-0.04,1676.133663,0.013|0.786|0.024|0.19|0.0694133|40|3|275
98,dc,-0.025,1768.320918,0.013|0.786|0.024|0.19|0.0694133|40|3|275
98,dc,-0.017,1780.457232,0.013|0.786|0.024|0.19|0.0694133|40|3|275
98,dc,-0.012,1788.163985,0.013|0.786|0.024|0.19|0.0694133|40|3|275
98,dc,-0.008,1867.160339,0.013|0.786|0.024|0.19|0.0694133|40|3|275
98,dc,-0.004,1873.812283,0.013|0.786|0.024|0.19|0.0694133|40|3|275
98,dc,0.004,1887.317207,0.013|0.786|0.024|0.19|0.0694133|40|3|275
98,dc,0.008,1894.17224,0.013|0.786|0.024|0.19|0.0694133|40|3|275
98,dc,0.012,1901.097058,0.013|0.786|0.024|0.19|0.0694133|40|3|275
98,dc,0.017,1984.895031,0.013|0.786|0.024|0.19|0.0694133|40|3|275
98,dc,0.025,1999.905617,0.013|0.786|0.024|0.19|0.0694133|40|3|275
98,dc,0.04,2106.185355,0.013|0.786|0.024|0.19|0.0694133|40|3|275
98,dc,0.06,2228.106032,0.013|0.786|0.024|0.19|0.0694133|40|3|275
98,dc,0.1,2408.982302,0.013|0.786|0.024|0.19|0.0694133|40|3|275
98,dc,0.15,2824.530227,0.013|0.786|0.024|0.19|0.0694133|40|3|275
99,f0,0,1407.071738,0.01|0.92|0|0.08|0.0624978|40|3|275
99,u,-2.5,6711.139406,0.01|0.92|0|0.08|0.0624978|40|3|275
99,u,-1.5,3089.002899,0.01|0.92|0|0.08|0.0624978|40|3|275
99,u,-1,2245.024981,0.01|0.92|0|0.08|0.0624978|40|3|275
99,u,-0.7,1904.232845,0.01|0.92|0|0.08|0.0624978|40|3|275
99,u,-0.5,1726.38969,0.01|0.92|0|0.08|0.0624978|40|3|275
99,u,-0.35,1613.909599,0.01|0.92|0|0.08|0.0624978|40|3|275
99,u,-0.25,1547.508089,0.01|0.92|0|0.08|0.0624978|40|3|275
99,u,-0.2,1516.6413,0.01|0.92|0|0.08|0.0624978|40|3|275
99,u,-0.15,1487.232039,0.01|0.92|0|0.08|0.0624978|40|3|275
99,u,-0.1,1459.210889,0.01|0.92|0|0.08|0.0624978|40|3|275
99,u,-0.075,1445.700077,0.01|0.92|0|0.08|0.0624978|40|3|275
99,u,-0.05,1432.511762,0.01|0.92|0|0.08|0.0624978|40|3|275
99,u,-0.03,1422.18808,0.01|0.92|0|0.08|0.0624978|40|3|275
99,u,-0.02,1417.100555,0.01|0.92|0|0.08|0.0624978|40|3|275
99,u,-0.01,1412.061932,0.01|0.92|0|0.08|0.0624978|40|3|275
99,u,0.01,1402.129503,0.01|0.92|0|0.08|0.0624978|40|3|275
99,u,0.02,1397.234761,0.01|0.92|0|0.08|0.0624978|40|3|275
99,u,0.03,1392.387053,0.01|0.92|0|0.08|0.0624978|40|3|275
99,u,0.05,1382.830915,0.01|0.92|0|0.08|0.0624978|40|3|275
99,u,0.075,1371.142274,0.01|0.92|0|0.08|0.0624978|40|3|275
99,u,0.1,1359.732263,0.01|0.92|0|0.08|0.0624978|40|3|275
99,u,0.15,1337.721483,0.01|0.92|0|0.08|0.0624978|40|3|275
99,u,0.2,1316.74688,0.01|0.92|0|0.08|0.0624978|40|3|275
99,u,0.25,1296.759234,0.01|0.92|0|0.08|0.0624978|40|3|275
99,u,0.35,1259.559605,0.01|0.92|0|0.08|0.0624978|40|3|275
99,u,0.5,1259.890084,0.01|0.92|0|0.08|0.0624978|40|3|275
99,u,0.7,1235.632986,0.01|0.92|0|0.08|0.0624978|40|3|275
99,u,1,1238.223311,0.01|0.92|0|0.08|0.0624978|40|3|275
99,u,1.5,1191.880297,0.01|0.92|0|0.08|0.0624978|40|3|275
99,v,-2.5,1504.627558,0.01|0.92|0|0.08|0.0624978|40|3|275
99,v,-1.5,1447.969353,0.01|0.92|0|0.08|0.0624978|40|3|275
99,v,-1,1430.107245,0.01|0.92|0|0.08|0.0624978|40|3|275
99,v,-0.7,1421.696935,0.01|0.92|0|0.08|0.0624978|40|3|275
99,v,-0.35,1413.619323,0.01|0.92|0|0.08|0.0624978|40|3|275
99,v,-0.15,1409.710471,0.01|0.92|0|0.08|0.0624978|40|3|275
99,v,-0.05,1407.925064,0.01|0.92|0|0.08|0.0624978|40|3|275
99,v,0.05,1406.243631,0.01|0.92|0|0.08|0.0624978|40|3|275
99,v,0.15,1404.660117,0.01|0.92|0|0.08|0.0624978|40|3|275
99,v,0.35,1401.764369,0.01|0.92|0|0.08|0.0624978|40|3|275
99,v,0.7,1397.462299,0.01|0.92|0|0.08|0.0624978|40|3|275
99,v,1,1394.429583,0.01|0.92|0|0.08|0.0624978|40|3|275
99,v,1.5,1390.444009,0.01|0.92|0|0.08|0.0624978|40|3|275
99,d4,0.004,1413.750367,0.01|0.92|0|0.08|0.0624978|40|3|275
99,d4,0.008,1420.486698,0.01|0.92|0|0.08|0.0624978|40|3|275
99,d4,0.012,1427.281488,0.01|0.92|0|0.08|0.0624978|40|3|275
99,d4,0.017,1435.858361,0.01|0.92|0|0.08|0.0624978|40|3|275
99,d4,0.025,1449.777709,0.01|0.92|0|0.08|0.0624978|40|3|275
99,d4,0.04,1476.548452,0.01|0.92|0|0.08|0.0624978|40|3|275
99,d4,0.06,1601.305019,0.01|0.92|0|0.08|0.0624978|40|3|275
99,d4,0.1,1776.475121,0.01|0.92|0|0.08|0.0624978|40|3|275
99,d4,0.15,2093.207328,0.01|0.92|0|0.08|0.0624978|40|3|275
99,dc,-0.06,1353.278575,0.01|0.92|0|0.08|0.0624978|40|3|275
99,dc,-0.04,1370.481585,0.01|0.92|0|0.08|0.0624978|40|3|275
99,dc,-0.025,1383.849105,0.01|0.92|0|0.08|0.0624978|40|3|275
99,dc,-0.017,1391.148922,0.01|0.92|0|0.08|0.0624978|40|3|275
99,dc,-0.012,1395.77332,0.01|0.92|0|0.08|0.0624978|40|3|275
99,dc,-0.008,1399.507807,0.01|0.92|0|0.08|0.0624978|40|3|275
99,dc,-0.004,1403.273811,0.01|0.92|0|0.08|0.0624978|40|3|275
99,dc,0.004,1410.902003,0.01|0.92|0|0.08|0.0624978|40|3|275
99,dc,0.008,1414.765026,0.01|0.92|0|0.08|0.0624978|40|3|275
99,dc,0.012,1418.661238,0.01|0.92|0|0.08|0.0624978|40|3|275
99,dc,0.017,1423.578837,0.01|0.92|0|0.08|0.0624978|40|3|275
99,dc,0.025,1431.558453,0.01|0.92|0|0.08|0.0624978|40|3|275
99,dc,0.04,1446.901615,0.01|0.92|0|0.08|0.0624978|40|3|275
99,dc,0.06,1555.859267,0.01|0.92|0|0.08|0.0624978|40|3|275
99,dc,0.1,1697.139059,0.01|0.92|0|0.08|0.0624978|40|3|275
99,dc,0.15,1966.781513,0.01|0.92|0|0.08|0.0624978|40|3|275
100,f0,0,1441.885765,0.01|0.889|0.005|0.106|0.0603919|40|3|275
100,u,-2.5,6926.193821,0.01|0.889|0.005|0.106|0.0603919|40|3|275
100,u,-1.5,3180.426295,0.01|0.889|0.005|0.106|0.0603919|40|3|275
100,u,-1,2307.878195,0.01|0.889|0.005|0.106|0.0603919|40|3|275
100,u,-0.7,1955.618047,0.01|0.889|0.005|0.106|0.0603919|40|3|275
100,u,-0.5,1771.817651,0.01|0.889|0.005|0.106|0.0603919|40|3|275
100,u,-0.35,1655.583849,0.01|0.889|0.005|0.106|0.0603919|40|3|275
100,u,-0.25,1586.973014,0.01|0.889|0.005|0.106|0.0603919|40|3|275
100,u,-0.2,1555.081222,0.01|0.889|0.005|0.106|0.0603919|40|3|275
100,u,-0.15,1524.696692,0.01|0.889|0.005|0.106|0.0603919|40|3|275
100,u,-0.1,1495.747627,0.01|0.889|0.005|0.106|0.0603919|40|3|275
100,u,-0.075,1481.789904,0.01|0.889|0.005|0.106|0.0603919|40|3|275
100,u,-0.05,1468.165676,0.01|0.889|0.005|0.106|0.0603919|40|3|275
100,u,-0.03,1457.501004,0.01|0.889|0.005|0.106|0.0603919|40|3|275
100,u,-0.02,1452.245517,0.01|0.889|0.005|0.106|0.0603919|40|3|275
100,u,-0.01,1447.040601,0.01|0.889|0.005|0.106|0.0603919|40|3|275
100,u,0.01,1436.780522,0.01|0.889|0.005|0.106|0.0603919|40|3|275
100,u,0.02,1431.724393,0.01|0.889|0.005|0.106|0.0603919|40|3|275
100,u,0.03,1426.7169,0.01|0.889|0.005|0.106|0.0603919|40|3|275
100,u,0.05,1416.845942,0.01|0.889|0.005|0.106|0.0603919|40|3|275
100,u,0.075,1404.772519,0.01|0.889|0.005|0.106|0.0603919|40|3|275
100,u,0.1,1392.987224,0.01|0.889|0.005|0.106|0.0603919|40|3|275
100,u,0.15,1443.393914,0.01|0.889|0.005|0.106|0.0603919|40|3|275
100,u,0.2,1418.133962,0.01|0.889|0.005|0.106|0.0603919|40|3|275
100,u,0.25,1394.067445,0.01|0.889|0.005|0.106|0.0603919|40|3|275
100,u,0.35,1409.127013,0.01|0.889|0.005|0.106|0.0603919|40|3|275
100,u,0.5,1392.608136,0.01|0.889|0.005|0.106|0.0603919|40|3|275
100,u,0.7,1348.649689,0.01|0.889|0.005|0.106|0.0603919|40|3|275
100,u,1,1360.097086,0.01|0.889|0.005|0.106|0.0603919|40|3|275
100,u,1.5,1311.831205,0.01|0.889|0.005|0.106|0.0603919|40|3|275
100,v,-2.5,1541.468673,0.01|0.889|0.005|0.106|0.0603919|40|3|275
100,v,-1.5,1483.633181,0.01|0.889|0.005|0.106|0.0603919|40|3|275
100,v,-1,1465.399921,0.01|0.889|0.005|0.106|0.0603919|40|3|275
100,v,-0.7,1456.814855,0.01|0.889|0.005|0.106|0.0603919|40|3|275
100,v,-0.35,1448.5694,0.01|0.889|0.005|0.106|0.0603919|40|3|275
100,v,-0.15,1444.579328,0.01|0.889|0.005|0.106|0.0603919|40|3|275
100,v,-0.05,1442.756822,0.01|0.889|0.005|0.106|0.0603919|40|3|275
100,v,0.05,1441.040451,0.01|0.889|0.005|0.106|0.0603919|40|3|275
100,v,0.15,1439.424033,0.01|0.889|0.005|0.106|0.0603919|40|3|275
100,v,0.35,1436.468115,0.01|0.889|0.005|0.106|0.0603919|40|3|275
100,v,0.7,1432.076654,0.01|0.889|0.005|0.106|0.0603919|40|3|275
100,v,1,1428.980922,0.01|0.889|0.005|0.106|0.0603919|40|3|275
100,v,1.5,1424.912532,0.01|0.889|0.005|0.106|0.0603919|40|3|275
100,d4,-0.005,1433.147914,0.01|0.889|0.005|0.106|0.0603919|40|3|275
100,d4,-0.004,1434.887772,0.01|0.889|0.005|0.106|0.0603919|40|3|275
100,d4,0.004,1448.946074,0.01|0.889|0.005|0.106|0.0603919|40|3|275
100,d4,0.008,1456.069545,0.01|0.889|0.005|0.106|0.0603919|40|3|275
100,d4,0.012,1463.257037,0.01|0.889|0.005|0.106|0.0603919|40|3|275
100,d4,0.017,1558.893442,0.01|0.889|0.005|0.106|0.0603919|40|3|275
100,d4,0.025,1574.356484,0.01|0.889|0.005|0.106|0.0603919|40|3|275
100,d4,0.04,1604.124564,0.01|0.889|0.005|0.106|0.0603919|40|3|275
100,d4,0.06,1736.248982,0.01|0.889|0.005|0.106|0.0603919|40|3|275
100,d4,0.1,2019.804635,0.01|0.889|0.005|0.106|0.0603919|40|3|275
100,d4,0.15,2263.909067,0.01|0.889|0.005|0.106|0.0603919|40|3|275
100,dc,-0.1,1349.638492,0.01|0.889|0.005|0.106|0.0603919|40|3|275
100,dc,-0.06,1384.263181,0.01|0.889|0.005|0.106|0.0603919|40|3|275
100,dc,-0.04,1402.66415,0.01|0.889|0.005|0.106|0.0603919|40|3|275
100,dc,-0.025,1416.979842,0.01|0.889|0.005|0.106|0.0603919|40|3|275
100,dc,-0.017,1424.803844,0.01|0.889|0.005|0.106|0.0603919|40|3|275
100,dc,-0.012,1429.762654,0.01|0.889|0.005|0.106|0.0603919|40|3|275
100,dc,-0.008,1433.768527,0.01|0.889|0.005|0.106|0.0603919|40|3|275
100,dc,-0.004,1437.809407,0.01|0.889|0.005|0.106|0.0603919|40|3|275
100,dc,0.004,1445.998075,0.01|0.889|0.005|0.106|0.0603919|40|3|275
100,dc,0.008,1450.146823,0.01|0.889|0.005|0.106|0.0603919|40|3|275
100,dc,0.012,1454.332503,0.01|0.889|0.005|0.106|0.0603919|40|3|275
100,dc,0.017,1546.193906,0.01|0.889|0.005|0.106|0.0603919|40|3|275
100,dc,0.025,1555.508058,0.01|0.889|0.005|0.106|0.0603919|40|3|275
100,dc,0.04,1573.43515,0.01|0.889|0.005|0.106|0.0603919|40|3|275
100,dc,0.06,1689.162814,0.01|0.889|0.005|0.106|0.0603919|40|3|275
100,dc,0.1,1842.245246,0.01|0.889|0.005|0.106|0.0603919|40|3|275
100,dc,0.15,2132.335621,0.01|0.889|0.005|0.106|0.0603919|40|3|275
101,f0,0,1521.698668,0.008|0.932|0|0.068|0.0506504|40|3|250
101,u,-2.5,8037.905306,0.008|0.932|0|0.068|0.0506504|40|3|250
101,u,-1.5,3585.822619,0.008|0.932|0|0.068|0.0506504|40|3|250
101,u,-1,2549.544872,0.008|0.932|0|0.068|0.0506504|40|3|250
101,u,-0.7,2131.348805,0.008|0.932|0|0.068|0.0506504|40|3|250
101,u,-0.5,1913.194588,0.008|0.932|0|0.068|0.0506504|40|3|250
101,u,-0.35,1775.256132,0.008|0.932|0|0.068|0.0506504|40|3|250
101,u,-0.25,1693.841393,0.008|0.932|0|0.068|0.0506504|40|3|250
101,u,-0.2,1656.000151,0.008|0.932|0|0.068|0.0506504|40|3|250
101,u,-0.15,1619.948592,0.008|0.932|0|0.068|0.0506504|40|3|250
101,u,-0.1,1585.601352,0.008|0.932|0|0.068|0.0506504|40|3|250
101,u,-0.075,1569.041301,0.008|0.932|0|0.068|0.0506504|40|3|250
101,u,-0.05,1552.877165,0.008|0.932|0|0.068|0.0506504|40|3|250
101,u,-0.03,1540.224489,0.008|0.932|0|0.068|0.0506504|40|3|250
101,u,-0.02,1533.989379,0.008|0.932|0|0.068|0.0506504|40|3|250
101,u,-0.01,1527.814299,0.008|0.932|0|0.068|0.0506504|40|3|250
101,u,0.01,1515.641906,0.008|0.932|0|0.068|0.0506504|40|3|250
101,u,0.02,1509.643443,0.008|0.932|0|0.068|0.0506504|40|3|250
101,u,0.03,1503.702712,0.008|0.932|0|0.068|0.0506504|40|3|250
101,u,0.05,1491.992208,0.008|0.932|0|0.068|0.0506504|40|3|250
101,u,0.075,1477.668948,0.008|0.932|0|0.068|0.0506504|40|3|250
101,u,0.1,1463.687669,0.008|0.932|0|0.068|0.0506504|40|3|250
101,u,0.15,1436.718295,0.008|0.932|0|0.068|0.0506504|40|3|250
101,u,0.2,1411.020535,0.008|0.932|0|0.068|0.0506504|40|3|250
101,u,0.25,1386.533882,0.008|0.932|0|0.068|0.0506504|40|3|250
101,u,0.35,1340.966239,0.008|0.932|0|0.068|0.0506504|40|3|250
101,u,0.5,1280.344929,0.008|0.932|0|0.068|0.0506504|40|3|250
101,u,0.7,1212.001503,0.008|0.932|0|0.068|0.0506504|40|3|250
101,u,1,1205.671047,0.008|0.932|0|0.068|0.0506504|40|3|250
101,u,1.5,1172.810064,0.008|0.932|0|0.068|0.0506504|40|3|250
101,v,-2.5,1632.366727,0.008|0.932|0|0.068|0.0506504|40|3|250
101,v,-1.5,1568.093231,0.008|0.932|0|0.068|0.0506504|40|3|250
101,v,-1,1547.830321,0.008|0.932|0|0.068|0.0506504|40|3|250
101,v,-0.7,1538.289601,0.008|0.932|0|0.068|0.0506504|40|3|250
101,v,-0.35,1529.126298,0.008|0.932|0|0.068|0.0506504|40|3|250
101,v,-0.15,1524.692067,0.008|0.932|0|0.068|0.0506504|40|3|250
101,v,-0.05,1522.666688,0.008|0.932|0|0.068|0.0506504|40|3|250
101,v,0.05,1520.759257,0.008|0.932|0|0.068|0.0506504|40|3|250
101,v,0.15,1518.962907,0.008|0.932|0|0.068|0.0506504|40|3|250
101,v,0.35,1515.677948,0.008|0.932|0|0.068|0.0506504|40|3|250
101,v,0.7,1510.797648,0.008|0.932|0|0.068|0.0506504|40|3|250
101,v,1,1507.357312,0.008|0.932|0|0.068|0.0506504|40|3|250
101,v,1.5,1502.836046,0.008|0.932|0|0.068|0.0506504|40|3|250
101,d4,0.004,1528.744066,0.008|0.932|0|0.068|0.0506504|40|3|250
101,d4,0.008,1535.84959,0.008|0.932|0|0.068|0.0506504|40|3|250
101,d4,0.012,1543.01602,0.008|0.932|0|0.068|0.0506504|40|3|250
101,d4,0.017,1552.060918,0.008|0.932|0|0.068|0.0506504|40|3|250
101,d4,0.025,1566.737234,0.008|0.932|0|0.068|0.0506504|40|3|250
101,d4,0.04,1594.954821,0.008|0.932|0|0.068|0.0506504|40|3|250
101,d4,0.06,1634.067101,0.008|0.932|0|0.068|0.0506504|40|3|250
101,d4,0.1,1830.940449,0.008|0.932|0|0.068|0.0506504|40|3|250
101,d4,0.15,2074.269319,0.008|0.932|0|0.068|0.0506504|40|3|250
101,dc,-0.06,1462.193208,0.008|0.932|0|0.068|0.0506504|40|3|250
101,dc,-0.04,1481.230939,0.008|0.932|0|0.068|0.0506504|40|3|250
101,dc,-0.025,1496.019005,0.008|0.932|0|0.068|0.0506504|40|3|250
101,dc,-0.017,1504.092653,0.008|0.932|0|0.068|0.0506504|40|3|250
101,dc,-0.012,1509.206566,0.008|0.932|0|0.068|0.0506504|40|3|250
101,dc,-0.008,1513.335967,0.008|0.932|0|0.068|0.0506504|40|3|250
101,dc,-0.004,1517.499854,0.008|0.932|0|0.068|0.0506504|40|3|250
101,dc,0.004,1525.932855,0.008|0.932|0|0.068|0.0506504|40|3|250
101,dc,0.008,1530.20287,0.008|0.932|0|0.068|0.0506504|40|3|250
101,dc,0.012,1534.509176,0.008|0.932|0|0.068|0.0506504|40|3|250
101,dc,0.017,1539.943812,0.008|0.932|0|0.068|0.0506504|40|3|250
101,dc,0.025,1548.761057,0.008|0.932|0|0.068|0.0506504|40|3|250
101,dc,0.04,1565.710095,0.008|0.932|0|0.068|0.0506504|40|3|250
101,dc,0.06,1589.195591,0.008|0.932|0|0.068|0.0506504|40|3|250
101,dc,0.1,1752.663389,0.008|0.932|0|0.068|0.0506504|40|3|250
101,dc,0.15,1949.508803,0.008|0.932|0|0.068|0.0506504|40|3|250
102,f0,0,1538.055219,0.0082|0.903|0|0.097|0.0503012|40|3|275
102,u,-2.5,8097.988544,0.0082|0.903|0|0.097|0.0503012|40|3|275
102,u,-1.5,3615.753806,0.0082|0.903|0|0.097|0.0503012|40|3|275
102,u,-1,2572.565488,0.0082|0.903|0|0.097|0.0503012|40|3|275
102,u,-0.7,2151.617863,0.0082|0.903|0|0.097|0.0503012|40|3|275
102,u,-0.5,1932.044579,0.0082|0.903|0|0.097|0.0503012|40|3|275
102,u,-0.35,1793.217679,0.0082|0.903|0|0.097|0.0503012|40|3|275
102,u,-0.25,1711.282878,0.0082|0.903|0|0.097|0.0503012|40|3|275
102,u,-0.2,1673.201248,0.0082|0.903|0|0.097|0.0503012|40|3|275
102,u,-0.15,1636.921569,0.0082|0.903|0|0.097|0.0503012|40|3|275
102,u,-0.1,1602.357896,0.0082|0.903|0|0.097|0.0503012|40|3|275
102,u,-0.075,1585.693837,0.0082|0.903|0|0.097|0.0503012|40|3|275
102,u,-0.05,1569.428409,0.0082|0.903|0|0.097|0.0503012|40|3|275
102,u,-0.03,1556.696612,0.0082|0.903|0|0.097|0.0503012|40|3|275
102,u,-0.02,1550.422567,0.0082|0.903|0|0.097|0.0503012|40|3|275
102,u,-0.01,1544.208965,0.0082|0.903|0|0.097|0.0503012|40|3|275
102,u,0.01,1531.960747,0.0082|0.903|0|0.097|0.0503012|40|3|275
102,u,0.02,1525.924973,0.0082|0.903|0|0.097|0.0503012|40|3|275
102,u,0.03,1519.947328,0.0082|0.903|0|0.097|0.0503012|40|3|275
102,u,0.05,1508.16417,0.0082|0.903|0|0.097|0.0503012|40|3|275
102,u,0.075,1493.752255,0.0082|0.903|0|0.097|0.0503012|40|3|275
102,u,0.1,1479.68467,0.0082|0.903|0|0.097|0.0503012|40|3|275
102,u,0.15,1452.549511,0.0082|0.903|0|0.097|0.0503012|40|3|275
102,u,0.2,1426.694706,0.0082|0.903|0|0.097|0.0503012|40|3|275
102,u,0.25,1402.059341,0.0082|0.903|0|0.097|0.0503012|40|3|275
102,u,0.35,1356.217725,0.0082|0.903|0|0.097|0.0503012|40|3|275
102,u,0.5,1357.141818,0.0082|0.903|0|0.097|0.0503012|40|3|275
102,u,0.7,1327.680884,0.0082|0.903|0|0.097|0.0503012|40|3|275
102,u,1,1294.569956,0.0082|0.903|0|0.097|0.0503012|40|3|275
102,u,1.5,1276.185173,0.0082|0.903|0|0.097|0.0503012|40|3|275
102,v,-2.5,1649.183606,0.0082|0.903|0|0.097|0.0503012|40|3|275
102,v,-1.5,1584.642762,0.0082|0.903|0|0.097|0.0503012|40|3|275
102,v,-1,1564.295568,0.0082|0.903|0|0.097|0.0503012|40|3|275
102,v,-0.7,1554.715163,0.0082|0.903|0|0.097|0.0503012|40|3|275
102,v,-0.35,1545.513744,0.0082|0.903|0|0.097|0.0503012|40|3|275
102,v,-0.15,1541.061069,0.0082|0.903|0|0.097|0.0503012|40|3|275
102,v,-0.05,1539.027265,0.0082|0.903|0|0.097|0.0503012|40|3|275
102,v,0.05,1537.1119,0.0082|0.903|0|0.097|0.0503012|40|3|275
102,v,0.15,1535.308078,0.0082|0.903|0|0.097|0.0503012|40|3|275
102,v,0.35,1532.009455,0.0082|0.903|0|0.097|0.0503012|40|3|275
102,v,0.7,1527.108855,0.0082|0.903|0|0.097|0.0503012|40|3|275
102,v,1,1523.65421,0.0082|0.903|0|0.097|0.0503012|40|3|275
102,v,1.5,1519.114137,0.0082|0.903|0|0.097|0.0503012|40|3|275
102,d4,0.004,1545.396921,0.0082|0.903|0|0.097|0.0503012|40|3|275
102,d4,0.008,1552.803314,0.0082|0.903|0|0.097|0.0503012|40|3|275
102,d4,0.012,1560.275264,0.0082|0.903|0|0.097|0.0503012|40|3|275
102,d4,0.017,1569.708736,0.0082|0.903|0|0.097|0.0503012|40|3|275
102,d4,0.025,1585.022617,0.0082|0.903|0|0.097|0.0503012|40|3|275
102,d4,0.04,1614.490614,0.0082|0.903|0|0.097|0.0503012|40|3|275
102,d4,0.06,1764.396209,0.0082|0.903|0|0.097|0.0503012|40|3|275
102,d4,0.1,1971.434349,0.0082|0.903|0|0.097|0.0503012|40|3|275
102,d4,0.15,2229.813705,0.0082|0.903|0|0.097|0.0503012|40|3|275
102,dc,-0.06,1475.786877,0.0082|0.903|0|0.097|0.0503012|40|3|275
102,dc,-0.04,1495.682654,0.0082|0.903|0|0.097|0.0503012|40|3|275
102,dc,-0.025,1511.154018,0.0082|0.903|0|0.097|0.0503012|40|3|275
102,dc,-0.017,1519.606924,0.0082|0.903|0|0.097|0.0503012|40|3|275
102,dc,-0.012,1524.963334,0.0082|0.903|0|0.097|0.0503012|40|3|275
102,dc,-0.008,1529.289835,0.0082|0.903|0|0.097|0.0503012|40|3|275
102,dc,-0.004,1533.653633,0.0082|0.903|0|0.097|0.0503012|40|3|275
102,dc,0.004,1542.495092,0.0082|0.903|0|0.097|0.0503012|40|3|275
102,dc,0.008,1546.973763,0.0082|0.903|0|0.097|0.0503012|40|3|275
102,dc,0.012,1551.491747,0.0082|0.903|0|0.097|0.0503012|40|3|275
102,dc,0.017,1557.195317,0.0082|0.903|0|0.097|0.0503012|40|3|275
102,dc,0.025,1566.453142,0.0082|0.903|0|0.097|0.0503012|40|3|275
102,dc,0.04,1584.26391,0.0082|0.903|0|0.097|0.0503012|40|3|275
102,dc,0.06,1608.975776,0.0082|0.903|0|0.097|0.0503012|40|3|275
102,dc,0.1,1890.430227,0.0082|0.903|0|0.097|0.0503012|40|3|275
102,dc,0.15,2100.403826,0.0082|0.903|0|0.097|0.0503012|40|3|275
103,f0,0,1729.723915,0.007|0.84|0|0.16|0.0399442|40|3|250
103,u,-2.5,9952.199396,0.007|0.84|0|0.16|0.0399442|40|3|250
103,u,-1.5,4330.57363,0.007|0.84|0|0.16|0.0399442|40|3|250
103,u,-1,3023.824818,0.007|0.84|0|0.16|0.0399442|40|3|250
103,u,-0.7,2496.926889,0.007|0.84|0|0.16|0.0399442|40|3|250
103,u,-0.5,2222.232704,0.007|0.84|0|0.16|0.0399442|40|3|250
103,u,-0.35,2048.624049,0.007|0.84|0|0.16|0.0399442|40|3|250
103,u,-0.25,1946.192102,0.007|0.84|0|0.16|0.0399442|40|3|250
103,u,-0.2,1898.592783,0.007|0.84|0|0.16|0.0399442|40|3|250
103,u,-0.15,1853.25159,0.007|0.84|0|0.16|0.0399442|40|3|250
103,u,-0.1,1810.060671,0.007|0.84|0|0.16|0.0399442|40|3|250
103,u,-0.075,1789.239285,0.007|0.84|0|0.16|0.0399442|40|3|250
103,u,-0.05,1768.917358,0.007|0.84|0|0.16|0.0399442|40|3|250
103,u,-0.03,1753.011309,0.007|0.84|0|0.16|0.0399442|40|3|250
103,u,-0.02,1745.173365,0.007|0.84|0|0.16|0.0399442|40|3|250
103,u,-0.01,1737.411146,0.007|0.84|0|0.16|0.0399442|40|3|250
103,u,0.01,1722.110944,0.007|0.84|0|0.16|0.0399442|40|3|250
103,u,0.02,1714.57151,0.007|0.84|0|0.16|0.0399442|40|3|250
103,u,0.03,1707.104896,0.007|0.84|0|0.16|0.0399442|40|3|250
103,u,0.05,1692.387307,0.007|0.84|0|0.16|0.0399442|40|3|250
103,u,0.075,1674.387469,0.007|0.84|0|0.16|0.0399442|40|3|250
103,u,0.1,1656.818963,0.007|0.84|0|0.16|0.0399442|40|3|250
103,u,0.15,1733.270755,0.007|0.84|0|0.16|0.0399442|40|3|250
103,u,0.2,1695.580282,0.007|0.84|0|0.16|0.0399442|40|3|250
103,u,0.25,1659.677362,0.007|0.84|0|0.16|0.0399442|40|3|250
103,u,0.35,1683.225322,0.007|0.84|0|0.16|0.0399442|40|3|250
103,u,0.5,1659.515341,0.007|0.84|0|0.16|0.0399442|40|3|250
103,u,0.7,1594.721827,0.007|0.84|0|0.16|0.0399442|40|3|250
103,u,1,1567.680569,0.007|0.84|0|0.16|0.0399442|40|3|250
103,u,1.5,1546.391617,0.007|0.84|0|0.16|0.0399442|40|3|250
103,v,-2.5,1857.338345,0.007|0.84|0|0.16|0.0399442|40|3|250
103,v,-1.5,1783.222782,0.007|0.84|0|0.16|0.0399442|40|3|250
103,v,-1,1759.857055,0.007|0.84|0|0.16|0.0399442|40|3|250
103,v,-0.7,1748.855384,0.007|0.84|0|0.16|0.0399442|40|3|250
103,v,-0.35,1738.288923,0.007|0.84|0|0.16|0.0399442|40|3|250
103,v,-0.15,1733.175688,0.007|0.84|0|0.16|0.0399442|40|3|250
103,v,-0.05,1730.840166,0.007|0.84|0|0.16|0.0399442|40|3|250
103,v,0.05,1728.640655,0.007|0.84|0|0.16|0.0399442|40|3|250
103,v,0.15,1726.569233,0.007|0.84|0|0.16|0.0399442|40|3|250
103,v,0.35,1722.781255,0.007|0.84|0|0.16|0.0399442|40|3|250
103,v,0.7,1717.153645,0.007|0.84|0|0.16|0.0399442|40|3|250
103,v,1,1713.186498,0.007|0.84|0|0.16|0.0399442|40|3|250
103,v,1.5,1707.9729,0.007|0.84|0|0.16|0.0399442|40|3|250
103,d4,0.004,1738.473892,0.007|0.84|0|0.16|0.0399442|40|3|250
103,d4,0.008,1747.306876,0.007|0.84|0|0.16|0.0399442|40|3|250
103,d4,0.012,1756.224064,0.007|0.84|0|0.16|0.0399442|40|3|250
103,d4,0.017,1767.49082,0.007|0.84|0|0.16|0.0399442|40|3|250
103,d4,0.025,1785.801354,0.007|0.84|0|0.16|0.0399442|40|3|250
103,d4,0.04,1955.368927,0.007|0.84|0|0.16|0.0399442|40|3|250
103,d4,0.06,2007.758937,0.007|0.84|0|0.16|0.0399442|40|3|250
103,d4,0.1,2265.672225,0.007|0.84|0|0.16|0.0399442|40|3|250
103,d4,0.15,2745.323927,0.007|0.84|0|0.16|0.0399442|40|3|250
103,dc,-0.15,1550.834385,0.007|0.84|0|0.16|0.0399442|40|3|250
103,dc,-0.1,1604.251774,0.007|0.84|0|0.16|0.0399442|40|3|250
103,dc,-0.06,1651.163231,0.007|0.84|0|0.16|0.0399442|40|3|250
103,dc,-0.04,1676.183855,0.007|0.84|0|0.16|0.0399442|40|3|250
103,dc,-0.025,1695.692769,0.007|0.84|0|0.16|0.0399442|40|3|250
103,dc,-0.017,1706.371036,0.007|0.84|0|0.16|0.0399442|40|3|250
103,dc,-0.012,1713.144721,0.007|0.84|0|0.16|0.0399442|40|3|250
103,dc,-0.008,1718.620022,0.007|0.84|0|0.16|0.0399442|40|3|250
103,dc,-0.004,1724.14618,0.007|0.84|0|0.16|0.0399442|40|3|250
103,dc,0.004,1735.353961,0.007|0.84|0|0.16|0.0399442|40|3|250
103,dc,0.008,1741.037065,0.007|0.84|0|0.16|0.0399442|40|3|250
103,dc,0.012,1746.773989,0.007|0.84|0|0.16|0.0399442|40|3|250
103,dc,0.017,1754.022013,0.007|0.84|0|0.16|0.0399442|40|3|250
103,dc,0.025,1765.800179,0.007|0.84|0|0.16|0.0399442|40|3|250
103,dc,0.04,1922.808951,0.007|0.84|0|0.16|0.0399442|40|3|250
103,dc,0.06,1957.668651,0.007|0.84|0|0.16|0.0399442|40|3|250
103,dc,0.1,2177.78898,0.007|0.84|0|0.16|0.0399442|40|3|250
103,dc,0.15,2449.116711,0.007|0.84|0|0.16|0.0399442|40|3|250
104,f0,0,1703.17216,0.006|0.953|0|0.047|0.0388437|40|3|250
104,u,-2.5,10156.47552,0.006|0.953|0|0.047|0.0388437|40|3|250
104,u,-1.5,4377.47785,0.006|0.953|0|0.047|0.0388437|40|3|250
104,u,-1,3034.042014,0.006|0.953|0|0.047|0.0388437|40|3|250
104,u,-0.7,2492.27785,0.006|0.953|0|0.047|0.0388437|40|3|250
104,u,-0.5,2209.793981,0.006|0.953|0|0.047|0.0388437|40|3|250
104,u,-0.35,2031.23884,0.006|0.953|0|0.047|0.0388437|40|3|250
104,u,-0.25,1925.876345,0.006|0.953|0|0.047|0.0388437|40|3|250
104,u,-0.2,1876.911396,0.006|0.953|0|0.047|0.0388437|40|3|250
104,u,-0.15,1830.266728,0.006|0.953|0|0.047|0.0388437|40|3|250
104,u,-0.1,1785.831478,0.006|0.953|0|0.047|0.0388437|40|3|250
104,u,-0.075,1764.409203,0.006|0.953|0|0.047|0.0388437|40|3|250
104,u,-0.05,1743.500109,0.006|0.953|0|0.047|0.0388437|40|3|250
104,u,-0.03,1727.13398,0.006|0.953|0|0.047|0.0388437|40|3|250
104,u,-0.02,1719.069155,0.006|0.953|0|0.047|0.0388437|40|3|250
104,u,-0.01,1711.082134,0.006|0.953|0|0.047|0.0388437|40|3|250
104,u,0.01,1695.338482,0.006|0.953|0|0.047|0.0388437|40|3|250
104,u,0.02,1687.580358,0.006|0.953|0|0.047|0.0388437|40|3|250
104,u,0.03,1679.897053,0.006|0.953|0|0.047|0.0388437|40|3|250
104,u,0.05,1664.751993,0.006|0.953|0|0.047|0.0388437|40|3|250
104,u,0.075,1646.228705,0.006|0.953|0|0.047|0.0388437|40|3|250
104,u,0.1,1628.148568,0.006|0.953|0|0.047|0.0388437|40|3|250
104,u,0.15,1593.275216,0.006|0.953|0|0.047|0.0388437|40|3|250
104,u,0.2,1560.049429,0.006|0.953|0|0.047|0.0388437|40|3|250
104,u,0.25,1528.39266,0.006|0.953|0|0.047|0.0388437|40|3|250
104,u,0.35,1469.490657,0.006|0.953|0|0.047|0.0388437|40|3|250
104,u,0.5,1391.148899,0.006|0.953|0|0.047|0.0388437|40|3|250
104,u,0.7,1302.857209,0.006|0.953|0|0.047|0.0388437|40|3|250
104,u,1,1198.540209,0.006|0.953|0|0.047|0.0388437|40|3|250
104,u,1.5,1108.777686,0.006|0.953|0|0.047|0.0388437|40|3|250
104,v,-2.5,1832.943762,0.006|0.953|0|0.047|0.0388437|40|3|250
104,v,-1.5,1757.575362,0.006|0.953|0|0.047|0.0388437|40|3|250
104,v,-1,1733.814664,0.006|0.953|0|0.047|0.0388437|40|3|250
104,v,-0.7,1722.627024,0.006|0.953|0|0.047|0.0388437|40|3|250
104,v,-0.35,1711.881948,0.006|0.953|0|0.047|0.0388437|40|3|250
104,v,-0.15,1706.68228,0.006|0.953|0|0.047|0.0388437|40|3|250
104,v,-0.05,1704.307279,0.006|0.953|0|0.047|0.0388437|40|3|250
104,v,0.05,1702.070588,0.006|0.953|0|0.047|0.0388437|40|3|250
104,v,0.15,1699.964151,0.006|0.953|0|0.047|0.0388437|40|3|250
104,v,0.35,1696.112142,0.006|0.953|0|0.047|0.0388437|40|3|250
104,v,0.7,1690.389403,0.006|0.953|0|0.047|0.0388437|40|3|250
104,v,1,1686.355197,0.006|0.953|0|0.047|0.0388437|40|3|250
104,v,1.5,1681.053468,0.006|0.953|0|0.047|0.0388437|40|3|250
104,d4,0.004,1710.769639,0.006|0.953|0|0.047|0.0388437|40|3|250
104,d4,0.008,1718.430571,0.006|0.953|0|0.047|0.0388437|40|3|250
104,d4,0.012,1726.155759,0.006|0.953|0|0.047|0.0388437|40|3|250
104,d4,0.017,1735.903851,0.006|0.953|0|0.047|0.0388437|40|3|250
104,d4,0.025,1751.71637,0.006|0.953|0|0.047|0.0388437|40|3|250
104,d4,0.04,1782.101759,0.006|0.953|0|0.047|0.0388437|40|3|250
104,d4,0.06,1824.182366,0.006|0.953|0|0.047|0.0388437|40|3|250
104,d4,0.1,1914.184749,0.006|0.953|0|0.047|0.0388437|40|3|250
104,d4,0.15,2039.130987,0.006|0.953|0|0.047|0.0388437|40|3|250
104,dc,-0.047,1649.046121,0.006|0.953|0|0.047|0.0388437|40|3|250
104,dc,-0.04,1656.789307,0.006|0.953|0|0.047|0.0388437|40|3|250
104,dc,-0.025,1673.7473,0.006|0.953|0|0.047|0.0388437|40|3|250
104,dc,-0.017,1683.001574,0.006|0.953|0|0.047|0.0388437|40|3|250
104,dc,-0.012,1688.861817,0.006|0.953|0|0.047|0.0388437|40|3|250
104,dc,-0.008,1693.593023,0.006|0.953|0|0.047|0.0388437|40|3|250
104,dc,-0.004,1698.362976,0.006|0.953|0|0.047|0.0388437|40|3|250
104,dc,0.004,1708.021065,0.006|0.953|0|0.047|0.0388437|40|3|250
104,dc,0.008,1712.910193,0.006|0.953|0|0.047|0.0388437|40|3|250
104,dc,0.012,1717.84005,0.006|0.953|0|0.047|0.0388437|40|3|250
104,dc,0.017,1724.060438,0.006|0.953|0|0.047|0.0388437|40|3|250
104,dc,0.025,1734.149688,0.006|0.953|0|0.047|0.0388437|40|3|250
104,dc,0.04,1753.534056,0.006|0.953|0|0.047|0.0388437|40|3|250
104,dc,0.06,1780.372673,0.006|0.953|0|0.047|0.0388437|40|3|250
104,dc,0.1,1837.750288,0.006|0.953|0|0.047|0.0388437|40|3|250
104,dc,0.15,1917.352079,0.006|0.953|0|0.047|0.0388437|40|3|250
105,f0,0,2840.732491,0.008|0.65|0.027|0.323|0.0353248|40|3|300
105,u,-2.5,11250.94827,0.008|0.65|0.027|0.323|0.0353248|40|3|300
105,u,-1.5,4908.573589,0.008|0.65|0.027|0.323|0.0353248|40|3|300
105,u,-1,3435.748733,0.008|0.65|0.027|0.323|0.0353248|40|3|300
105,u,-0.7,3131.75344,0.008|0.65|0.027|0.323|0.0353248|40|3|300
105,u,-0.5,3007.022612,0.008|0.65|0.027|0.323|0.0353248|40|3|300
105,u,-0.35,2949.553961,0.008|0.65|0.027|0.323|0.0353248|40|3|300
105,u,-0.25,2775.817223,0.008|0.65|0.027|0.323|0.0353248|40|3|300
105,u,-0.2,2870.896454,0.008|0.65|0.027|0.323|0.0353248|40|3|300
105,u,-0.15,2785.474549,0.008|0.65|0.027|0.323|0.0353248|40|3|300
105,u,-0.1,2863.187871,0.008|0.65|0.027|0.323|0.0353248|40|3|300
105,u,-0.075,2820.057,0.008|0.65|0.027|0.323|0.0353248|40|3|300
105,u,-0.05,2777.971103,0.008|0.65|0.027|0.323|0.0353248|40|3|300
105,u,-0.03,2745.037663,0.008|0.65|0.027|0.323|0.0353248|40|3|300
105,u,-0.02,2875.622796,0.008|0.65|0.027|0.323|0.0353248|40|3|300
105,u,-0.01,2858.092029,0.008|0.65|0.027|0.323|0.0353248|40|3|300
105,u,0.01,2823.542503,0.008|0.65|0.027|0.323|0.0353248|40|3|300
105,u,0.02,2806.520401,0.008|0.65|0.027|0.323|0.0353248|40|3|300
105,u,0.03,2789.664541,0.008|0.65|0.027|0.323|0.0353248|40|3|300
105,u,0.05,2756.445038,0.008|0.65|0.027|0.323|0.0353248|40|3|300
105,u,0.075,2849.30809,0.008|0.65|0.027|0.323|0.0353248|40|3|300
105,u,0.1,2806.372542,0.008|0.65|0.027|0.323|0.0353248|40|3|300
105,u,0.15,2723.599069,0.008|0.65|0.027|0.323|0.0353248|40|3|300
105,u,0.2,2762.546355,0.008|0.65|0.027|0.323|0.0353248|40|3|300
105,u,0.25,2793.738359,0.008|0.65|0.027|0.323|0.0353248|40|3|300
105,u,0.35,2734.172272,0.008|0.65|0.027|0.323|0.0353248|40|3|300
105,u,0.5,2680.704728,0.008|0.65|0.027|0.323|0.0353248|40|3|300
105,u,0.7,2677.927555,0.008|0.65|0.027|0.323|0.0353248|40|3|300
105,u,1,2633.295736,0.008|0.65|0.027|0.323|0.0353248|40|3|300
105,u,1.5,2556.059978,0.008|0.65|0.027|0.323|0.0353248|40|3|300
105,v,-2.5,2978.112706,0.008|0.65|0.027|0.323|0.0353248|40|3|300
105,v,-1.5,2898.325397,0.008|0.65|0.027|0.323|0.0353248|40|3|300
105,v,-1,2873.17159,0.008|0.65|0.027|0.323|0.0353248|40|3|300
105,v,-0.7,2861.328009,0.008|0.65|0.027|0.323|0.0353248|40|3|300
105,v,-0.35,2849.952942,0.008|0.65|0.027|0.323|0.0353248|40|3|300
105,v,-0.15,2844.448412,0.008|0.65|0.027|0.323|0.0353248|40|3|300
105,v,-0.05,2841.934163,0.008|0.65|0.027|0.323|0.0353248|40|3|300
105,v,0.05,2839.566333,0.008|0.65|0.027|0.323|0.0353248|40|3|300
105,v,0.15,2837.336394,0.008|0.65|0.027|0.323|0.0353248|40|3|300
105,v,0.35,2833.258539,0.008|0.65|0.027|0.323|0.0353248|40|3|300
105,v,0.7,2827.200271,0.008|0.65|0.027|0.323|0.0353248|40|3|300
105,v,1,2822.929536,0.008|0.65|0.027|0.323|0.0353248|40|3|300
105,v,1.5,2817.316963,0.008|0.65|0.027|0.323|0.0353248|40|3|300
105,d4,-0.027,2586.865869,0.008|0.65|0.027|0.323|0.0353248|40|3|300
105,d4,-0.025,2594.712781,0.008|0.65|0.027|0.323|0.0353248|40|3|300
105,d4,-0.017,2626.566404,0.008|0.65|0.027|0.323|0.0353248|40|3|300
105,d4,-0.012,2646.862061,0.008|0.65|0.027|0.323|0.0353248|40|3|300
105,d4,-0.008,2805.514119,0.008|0.65|0.027|0.323|0.0353248|40|3|300
105,d4,-0.004,2823.016596,0.008|0.65|0.027|0.323|0.0353248|40|3|300
105,d4,0.004,2858.66575,0.008|0.65|0.027|0.323|0.0353248|40|3|300
105,d4,0.008,2876.820418,0.008|0.65|0.027|0.323|0.0353248|40|3|300
105,d4,0.012,2895.200639,0.008|0.65|0.027|0.323|0.0353248|40|3|300
105,d4,0.017,2918.499582,0.008|0.65|0.027|0.323|0.0353248|40|3|300
105,d4,0.025,2956.546174,0.008|0.65|0.027|0.323|0.0353248|40|3|300
105,d4,0.04,3183.646035,0.008|0.65|0.027|0.323|0.0353248|40|3|300
105,d4,0.06,3293.185522,0.008|0.65|0.027|0.323|0.0353248|40|3|300
105,d4,0.1,3874.788813,0.008|0.65|0.027|0.323|0.0353248|40|3|300
105,d4,0.15,4451.6252,0.008|0.65|0.027|0.323|0.0353248|40|3|300
105,dc,-0.15,1947.863567,0.008|0.65|0.027|0.323|0.0353248|40|3|300
105,dc,-0.1,2164.954479,0.008|0.65|0.027|0.323|0.0353248|40|3|300
105,dc,-0.06,2386.479113,0.008|0.65|0.027|0.323|0.0353248|40|3|300
105,dc,-0.04,2574.531078,0.008|0.65|0.027|0.323|0.0353248|40|3|300
105,dc,-0.025,2618.716367,0.008|0.65|0.027|0.323|0.0353248|40|3|300
105,dc,-0.017,2643.084338,0.008|0.65|0.027|0.323|0.0353248|40|3|300
105,dc,-0.012,2658.60972,0.008|0.65|0.027|0.323|0.0353248|40|3|300
105,dc,-0.008,2813.384606,0.008|0.65|0.027|0.323|0.0353248|40|3|300
105,dc,-0.004,2826.975875,0.008|0.65|0.027|0.323|0.0353248|40|3|300
105,dc,0.004,2854.657508,0.008|0.65|0.027|0.323|0.0353248|40|3|300
105,dc,0.008,2868.754054,0.008|0.65|0.027|0.323|0.0353248|40|3|300
105,dc,0.012,2883.025337,0.008|0.65|0.027|0.323|0.0353248|40|3|300
105,dc,0.017,2901.115181,0.008|0.65|0.027|0.323|0.0353248|40|3|300
105,dc,0.025,2930.654089,0.008|0.65|0.027|0.323|0.0353248|40|3|300
105,dc,0.04,3141.248442,0.008|0.65|0.027|0.323|0.0353248|40|3|300
105,dc,0.06,3227.43621,0.008|0.65|0.027|0.323|0.0353248|40|3|300
105,dc,0.1,3757.505103,0.008|0.65|0.027|0.323|0.0353248|40|3|300
105,dc,0.15,4258.339815,0.008|0.65|0.027|0.323|0.0353248|40|3|300
106,f0,0,1924.826979,0.0049|0.925|0|0.075|0.0307903|40|3|250
106,u,-2.5,12543.90122,0.0049|0.925|0|0.075|0.0307903|40|3|250
106,u,-1.5,5280.372506,0.0049|0.925|0|0.075|0.0307903|40|3|250
106,u,-1,3593.721312,0.0049|0.925|0|0.075|0.0307903|40|3|250
106,u,-0.7,2914.005516,0.0049|0.925|0|0.075|0.0307903|40|3|250
106,u,-0.5,2559.751516,0.0049|0.925|0|0.075|0.0307903|40|3|250
106,u,-0.35,2335.905858,0.0049|0.925|0|0.075|0.0307903|40|3|250
106,u,-0.25,2203.851082,0.0049|0.925|0|0.075|0.0307903|40|3|250
106,u,-0.2,2142.490942,0.0049|0.925|0|0.075|0.0307903|40|3|250
106,u,-0.15,2084.04455,0.0049|0.925|0|0.075|0.0307903|40|3|250
106,u,-0.1,2028.372495,0.0049|0.925|0|0.075|0.0307903|40|3|250
106,u,-0.075,2001.535122,0.0049|0.925|0|0.075|0.0307903|40|3|250
106,u,-0.05,1975.342077,0.0049|0.925|0|0.075|0.0307903|40|3|250
106,u,-0.03,1954.841065,0.0049|0.925|0|0.075|0.0307903|40|3|250
106,u,-0.02,1944.739008,0.0049|0.925|0|0.075|0.0307903|40|3|250
106,u,-0.01,1934.73463,0.0049|0.925|0|0.075|0.0307903|40|3|250
106,u,0.01,1915.015114,0.0049|0.925|0|0.075|0.0307903|40|3|250
106,u,0.02,1905.2981,0.0049|0.925|0|0.075|0.0307903|40|3|250
106,u,0.03,1895.675012,0.0049|0.925|0|0.075|0.0307903|40|3|250
106,u,0.05,1876.706965,0.0049|0.925|0|0.075|0.0307903|40|3|250
106,u,0.075,1853.509128,0.0049|0.925|0|0.075|0.0307903|40|3|250
106,u,0.1,1830.867577,0.0049|0.925|0|0.075|0.0307903|40|3|250
106,u,0.15,1787.199865,0.0049|0.925|0|0.075|0.0307903|40|3|250
106,u,0.2,1745.600113,0.0049|0.925|0|0.075|0.0307903|40|3|250
106,u,0.25,1705.969592,0.0049|0.925|0|0.075|0.0307903|40|3|250
106,u,0.35,1632.24481,0.0049|0.925|0|0.075|0.0307903|40|3|250
106,u,0.5,1534.21944,0.0049|0.925|0|0.075|0.0307903|40|3|250
106,u,0.7,1423.796483,0.0049|0.925|0|0.075|0.0307903|40|3|250
106,u,1,1293.427091,0.0049|0.925|0|0.075|0.0307903|40|3|250
106,u,1.5,1218.837486,0.0049|0.925|0|0.075|0.0307903|40|3|250
106,v,-2.5,2074.011467,0.0049|0.925|0|0.075|0.0307903|40|3|250
106,v,-1.5,1987.368504,0.0049|0.925|0|0.075|0.0307903|40|3|250
106,v,-1,1960.053379,0.0049|0.925|0|0.075|0.0307903|40|3|250
106,v,-0.7,1947.192149,0.0049|0.925|0|0.075|0.0307903|40|3|250
106,v,-0.35,1934.839689,0.0049|0.925|0|0.075|0.0307903|40|3|250
106,v,-0.15,1928.862188,0.0049|0.925|0|0.075|0.0307903|40|3|250
106,v,-0.05,1926.131905,0.0049|0.925|0|0.075|0.0307903|40|3|250
106,v,0.05,1923.56062,0.0049|0.925|0|0.075|0.0307903|40|3|250
106,v,0.15,1921.139076,0.0049|0.925|0|0.075|0.0307903|40|3|250
106,v,0.35,1916.710835,0.0049|0.925|0|0.075|0.0307903|40|3|250
106,v,0.7,1910.132016,0.0049|0.925|0|0.075|0.0307903|40|3|250
106,v,1,1905.494321,0.0049|0.925|0|0.075|0.0307903|40|3|250
106,v,1.5,1899.399493,0.0049|0.925|0|0.075|0.0307903|40|3|250
106,d4,0.004,1933.556638,0.0049|0.925|0|0.075|0.0307903|40|3|250
106,d4,0.008,1942.361485,0.0049|0.925|0|0.075|0.0307903|40|3|250
106,d4,0.012,1951.242502,0.0049|0.925|0|0.075|0.0307903|40|3|250
106,d4,0.017,1962.452413,0.0049|0.925|0|0.075|0.0307903|40|3|250
106,d4,0.025,1980.644061,0.0049|0.925|0|0.075|0.0307903|40|3|250
106,d4,0.04,2015.628629,0.0049|0.925|0|0.075|0.0307903|40|3|250
106,d4,0.06,2064.138292,0.0049|0.925|0|0.075|0.0307903|40|3|250
106,d4,0.1,2168.124353,0.0049|0.925|0|0.075|0.0307903|40|3|250
106,d4,0.15,2313.012274,0.0049|0.925|0|0.075|0.0307903|40|3|250
106,dc,-0.06,1842.004472,0.0049|0.925|0|0.075|0.0307903|40|3|250
106,dc,-0.04,1868.488562,0.0049|0.925|0|0.075|0.0307903|40|3|250
106,dc,-0.025,1889.069635,0.0049|0.925|0|0.075|0.0307903|40|3|250
106,dc,-0.017,1900.309238,0.0049|0.925|0|0.075|0.0307903|40|3|250
106,dc,-0.012,1907.42966,0.0049|0.925|0|0.075|0.0307903|40|3|250
106,dc,-0.008,1913.179943,0.0049|0.925|0|0.075|0.0307903|40|3|250
106,dc,-0.004,1918.978841,0.0049|0.925|0|0.075|0.0307903|40|3|250
106,dc,0.004,1930.724995,0.0049|0.925|0|0.075|0.0307903|40|3|250
106,dc,0.008,1936.673535,0.0049|0.925|0|0.075|0.0307903|40|3|250
106,dc,0.012,1942.673258,0.0049|0.925|0|0.075|0.0307903|40|3|250
106,dc,0.017,1950.245908,0.0049|0.925|0|0.075|0.0307903|40|3|250
106,dc,0.025,1962.534013,0.0049|0.925|0|0.075|0.0307903|40|3|250
106,dc,0.04,1986.16222,0.0049|0.925|0|0.075|0.0307903|40|3|250
106,dc,0.06,2018.91836,0.0049|0.925|0|0.075|0.0307903|40|3|250
106,dc,0.1,2089.109539,0.0049|0.925|0|0.075|0.0307903|40|3|250
106,dc,0.15,2186.855684,0.0049|0.925|0|0.075|0.0307903|40|3|250
107,f0,0,2112.410522,0.005|0.812|0.023|0.165|0.0275805|40|3|275
107,u,-2.5,13942.82599,0.005|0.812|0.023|0.165|0.0275805|40|3|275
107,u,-1.5,5848.054719,0.005|0.812|0.023|0.165|0.0275805|40|3|275
107,u,-1,3969.57994,0.005|0.812|0.023|0.165|0.0275805|40|3|275
107,u,-0.7,3212.889745,0.005|0.812|0.023|0.165|0.0275805|40|3|275
107,u,-0.5,2818.645188,0.005|0.812|0.023|0.165|0.0275805|40|3|275
107,u,-0.35,2569.593645,0.005|0.812|0.023|0.165|0.0275805|40|3|275
107,u,-0.25,2422.698295,0.005|0.812|0.023|0.165|0.0275805|40|3|275
107,u,-0.2,2354.451102,0.005|0.812|0.023|0.165|0.0275805|40|3|275
107,u,-0.15,2289.450436,0.005|0.812|0.023|0.165|0.0275805|40|3|275
107,u,-0.1,2227.540883,0.005|0.812|0.023|0.165|0.0275805|40|3|275
107,u,-0.075,2197.698764,0.005|0.812|0.023|0.165|0.0275805|40|3|275
107,u,-0.05,2168.574514,0.005|0.812|0.023|0.165|0.0275805|40|3|275
107,u,-0.03,2145.780286,0.005|0.812|0.023|0.165|0.0275805|40|3|275
107,u,-0.02,2134.54856,0.005|0.812|0.023|0.165|0.0275805|40|3|275
107,u,-0.01,2123.425659,0.005|0.812|0.023|0.165|0.0275805|40|3|275
107,u,0.01,2101.502099,0.005|0.812|0.023|0.165|0.0275805|40|3|275
107,u,0.02,2090.699348,0.005|0.812|0.023|0.165|0.0275805|40|3|275
107,u,0.03,2080.001239,0.005|0.812|0.023|0.165|0.0275805|40|3|275
107,u,0.05,2058.914876,0.005|0.812|0.023|0.165|0.0275805|40|3|275
107,u,0.075,2033.127571,0.005|0.812|0.023|0.165|0.0275805|40|3|275
107,u,0.1,2007.959997,0.005|0.812|0.023|0.165|0.0275805|40|3|275
107,u,0.15,1959.424442,0.005|0.812|0.023|0.165|0.0275805|40|3|275
107,u,0.2,1913.192612,0.005|0.812|0.023|0.165|0.0275805|40|3|275
107,u,0.25,1869.154464,0.005|0.812|0.023|0.165|0.0275805|40|3|275
107,u,0.35,1917.862975,0.005|0.812|0.023|0.165|0.0275805|40|3|275
107,u,0.5,1790.697381,0.005|0.812|0.023|0.165|0.0275805|40|3|275
107,u,0.7,1831.590387,0.005|0.812|0.023|0.165|0.0275805|40|3|275
107,u,1,1750.952535,0.005|0.812|0.023|0.165|0.0275805|40|3|275
107,u,1.5,1696.858765,0.005|0.812|0.023|0.165|0.0275805|40|3|275
107,v,-2.5,2271.782051,0.005|0.812|0.023|0.165|0.0275805|40|3|275
107,v,-1.5,2179.222686,0.005|0.812|0.023|0.165|0.0275805|40|3|275
107,v,-1,2150.042352,0.005|0.812|0.023|0.165|0.0275805|40|3|275
107,v,-0.7,2136.302894,0.005|0.812|0.023|0.165|0.0275805|40|3|275
107,v,-0.35,2123.106948,0.005|0.812|0.023|0.165|0.0275805|40|3|275
107,v,-0.15,2116.721275,0.005|0.812|0.023|0.165|0.0275805|40|3|275
107,v,-0.05,2113.804554,0.005|0.812|0.023|0.165|0.0275805|40|3|275
107,v,0.05,2111.05769,0.005|0.812|0.023|0.165|0.0275805|40|3|275
107,v,0.15,2108.470791,0.005|0.812|0.023|0.165|0.0275805|40|3|275
107,v,0.35,2103.740168,0.005|0.812|0.023|0.165|0.0275805|40|3|275
107,v,0.7,2096.712115,0.005|0.812|0.023|0.165|0.0275805|40|3|275
107,v,1,2091.757736,0.005|0.812|0.023|0.165|0.0275805|40|3|275
107,v,1.5,2085.246723,0.005|0.812|0.023|0.165|0.0275805|40|3|275
107,d4,-0.023,2052.098006,0.005|0.812|0.023|0.165|0.0275805|40|3|275
107,d4,-0.017,2067.513019,0.005|0.812|0.023|0.165|0.0275805|40|3|275
107,d4,-0.012,2080.528216,0.005|0.812|0.023|0.165|0.0275805|40|3|275
107,d4,-0.008,2091.053238,0.005|0.812|0.023|0.165|0.0275805|40|3|275
107,d4,-0.004,2101.680175,0.005|0.812|0.023|0.165|0.0275805|40|3|275
107,d4,0.004,2123.245807,0.005|0.812|0.023|0.165|0.0275805|40|3|275
107,d4,0.008,2134.187587,0.005|0.812|0.023|0.165|0.0275805|40|3|275
107,d4,0.012,2145.23745,0.005|0.812|0.023|0.165|0.0275805|40|3|275
107,d4,0.017,2159.204241,0.005|0.812|0.023|0.165|0.0275805|40|3|275
107,d4,0.025,2181.915753,0.005|0.812|0.023|0.165|0.0275805|40|3|275
107,d4,0.04,2225.753099,0.005|0.812|0.023|0.165|0.0275805|40|3|275
107,d4,0.06,2286.890293,0.005|0.812|0.023|0.165|0.0275805|40|3|275
107,d4,0.1,2629.645354,0.005|0.812|0.023|0.165|0.0275805|40|3|275
107,d4,0.15,3058.548203,0.005|0.812|0.023|0.165|0.0275805|40|3|275
107,dc,-0.15,1872.07482,0.005|0.812|0.023|0.165|0.0275805|40|3|275
107,dc,-0.1,1943.554163,0.005|0.812|0.023|0.165|0.0275805|40|3|275
107,dc,-0.06,2006.529015,0.005|0.812|0.023|0.165|0.0275805|40|3|275
107,dc,-0.04,2040.193953,0.005|0.812|0.023|0.165|0.0275805|40|3|275
107,dc,-0.025,2066.479953,0.005|0.812|0.023|0.165|0.0275805|40|3|275
107,dc,-0.017,2080.881402,0.005|0.812|0.023|0.165|0.0275805|40|3|275
107,dc,-0.012,2090.021891,0.005|0.812|0.023|0.165|0.0275805|40|3|275
107,dc,-0.008,2097.413181,0.005|0.812|0.023|0.165|0.0275805|40|3|275
107,dc,-0.004,2104.875709,0.005|0.812|0.023|0.165|0.0275805|40|3|275
107,dc,0.004,2120.018683,0.005|0.812|0.023|0.165|0.0275805|40|3|275
107,dc,0.008,2127.701279,0.005|0.812|0.023|0.165|0.0275805|40|3|275
107,dc,0.012,2135.459417,0.005|0.812|0.023|0.165|0.0275805|40|3|275
107,dc,0.017,2145.265044,0.005|0.812|0.023|0.165|0.0275805|40|3|275
107,dc,0.025,2161.208887,0.005|0.812|0.023|0.165|0.0275805|40|3|275
107,dc,0.04,2191.979388,0.005|0.812|0.023|0.165|0.0275805|40|3|275
107,dc,0.06,2234.88448,0.005|0.812|0.023|0.165|0.0275805|40|3|275
107,dc,0.1,2538.221989,0.005|0.812|0.023|0.165|0.0275805|40|3|275
107,dc,0.15,2911.248503,0.005|0.812|0.023|0.165|0.0275805|40|3|275
108,f0,0,2702.533349,0.003|0.866|0.01|0.124|0.0176488|40|3|250
108,u,-2.5,21064.52543,0.003|0.866|0.01|0.124|0.0176488|40|3|250
108,u,-1.5,8490.388399,0.003|0.866|0.01|0.124|0.0176488|40|3|250
108,u,-1,5577.532935,0.003|0.866|0.01|0.124|0.0176488|40|3|250
108,u,-0.7,4405.330831,0.003|0.866|0.01|0.124|0.0176488|40|3|250
108,u,-0.5,3794.982446,0.003|0.866|0.01|0.124|0.0176488|40|3|250
108,u,-0.35,3409.583523,0.003|0.866|0.01|0.124|0.0176488|40|3|250
108,u,-0.25,3182.339289,0.003|0.866|0.01|0.124|0.0176488|40|3|250
108,u,-0.2,3076.782074,0.003|0.866|0.01|0.124|0.0176488|40|3|250
108,u,-0.15,2976.258698,0.003|0.866|0.01|0.124|0.0176488|40|3|250
108,u,-0.1,2880.527564,0.003|0.866|0.01|0.124|0.0176488|40|3|250
108,u,-0.075,2834.386791,0.003|0.866|0.01|0.124|0.0176488|40|3|250
108,u,-0.05,2789.35873,0.003|0.866|0.01|0.124|0.0176488|40|3|250
108,u,-0.03,2754.119258,0.003|0.866|0.01|0.124|0.0176488|40|3|250
108,u,-0.02,2736.755848,0.003|0.866|0.01|0.124|0.0176488|40|3|250
108,u,-0.01,2719.561095,0.003|0.866|0.01|0.124|0.0176488|40|3|250
108,u,0.01,2685.670978,0.003|0.866|0.01|0.124|0.0176488|40|3|250
108,u,0.02,2668.972364,0.003|0.866|0.01|0.124|0.0176488|40|3|250
108,u,0.03,2652.435906,0.003|0.866|0.01|0.124|0.0176488|40|3|250
108,u,0.05,2619.843131,0.003|0.866|0.01|0.124|0.0176488|40|3|250
108,u,0.075,2579.986376,0.003|0.866|0.01|0.124|0.0176488|40|3|250
108,u,0.1,2541.089827,0.003|0.866|0.01|0.124|0.0176488|40|3|250
108,u,0.15,2466.084748,0.003|0.866|0.01|0.124|0.0176488|40|3|250
108,u,0.2,2394.6483,0.003|0.866|0.01|0.124|0.0176488|40|3|250
108,u,0.25,2326.609544,0.003|0.866|0.01|0.124|0.0176488|40|3|250
108,u,0.35,2200.082127,0.003|0.866|0.01|0.124|0.0176488|40|3|250
108,u,0.5,2031.952955,0.003|0.866|0.01|0.124|0.0176488|40|3|250
108,u,0.7,1842.729928,0.003|0.866|0.01|0.124|0.0176488|40|3|250
108,u,1,1619.629451,0.003|0.866|0.01|0.124|0.0176488|40|3|250
108,u,1.5,1559.713888,0.003|0.866|0.01|0.124|0.0176488|40|3|250
108,v,-2.5,2910.859079,0.003|0.866|0.01|0.124|0.0176488|40|3|250
108,v,-1.5,2789.868225,0.003|0.866|0.01|0.124|0.0176488|40|3|250
108,v,-1,2751.72456,0.003|0.866|0.01|0.124|0.0176488|40|3|250
108,v,-0.7,2733.764749,0.003|0.866|0.01|0.124|0.0176488|40|3|250
108,v,-0.35,2716.5154,0.003|0.866|0.01|0.124|0.0176488|40|3|250
108,v,-0.15,2708.168237,0.003|0.866|0.01|0.124|0.0176488|40|3|250
108,v,-0.05,2704.355587,0.003|0.866|0.01|0.124|0.0176488|40|3|250
108,v,0.05,2700.764968,0.003|0.866|0.01|0.124|0.0176488|40|3|250
108,v,0.15,2697.38345,0.003|0.866|0.01|0.124|0.0176488|40|3|250
108,v,0.35,2691.19972,0.003|0.866|0.01|0.124|0.0176488|40|3|250
108,v,0.7,2682.012858,0.003|0.866|0.01|0.124|0.0176488|40|3|250
108,v,1,2675.536641,0.003|0.866|0.01|0.124|0.0176488|40|3|250
108,v,1.5,2667.025639,0.003|0.866|0.01|0.124|0.0176488|40|3|250
108,d4,-0.01,2671.179602,0.003|0.866|0.01|0.124|0.0176488|40|3|250
108,d4,-0.008,2677.393595,0.003|0.866|0.01|0.124|0.0176488|40|3|250
108,d4,-0.004,2689.906327,0.003|0.866|0.01|0.124|0.0176488|40|3|250
108,d4,0.004,2715.276244,0.003|0.866|0.01|0.124|0.0176488|40|3|250
108,d4,0.008,2728.136623,0.003|0.866|0.01|0.124|0.0176488|40|3|250
108,d4,0.012,2741.116128,0.003|0.866|0.01|0.124|0.0176488|40|3|250
108,d4,0.017,2757.51058,0.003|0.866|0.01|0.124|0.0176488|40|3|250
108,d4,0.025,2784.142657,0.003|0.866|0.01|0.124|0.0176488|40|3|250
108,d4,0.04,2835.452726,0.003|0.866|0.01|0.124|0.0176488|40|3|250
108,d4,0.06,2906.803842,0.003|0.866|0.01|0.124|0.0176488|40|3|250
108,d4,0.1,3060.558679,0.003|0.866|0.01|0.124|0.0176488|40|3|250
108,d4,0.15,3276.641244,0.003|0.866|0.01|0.124|0.0176488|40|3|250
108,dc,-0.1,2485.371315,0.003|0.866|0.01|0.124|0.0176488|40|3|250
108,dc,-0.06,2566.689219,0.003|0.866|0.01|0.124|0.0176488|40|3|250
108,dc,-0.04,2610.00008,0.003|0.866|0.01|0.124|0.0176488|40|3|250
108,dc,-0.025,2643.740357,0.003|0.866|0.01|0.124|0.0176488|40|3|250
108,dc,-0.017,2662.197064,0.003|0.866|0.01|0.124|0.0176488|40|3|250
108,dc,-0.012,2673.900839,0.003|0.866|0.01|0.124|0.0176488|40|3|250
108,dc,-0.008,2683.358891,0.003|0.866|0.01|0.124|0.0176488|40|3|250
108,dc,-0.004,2692.902668,0.003|0.866|0.01|0.124|0.0176488|40|3|250
108,dc,0.004,2712.252137,0.003|0.866|0.01|0.124|0.0176488|40|3|250
108,dc,0.008,2722.060254,0.003|0.866|0.01|0.124|0.0176488|40|3|250
108,dc,0.012,2731.958946,0.003|0.866|0.01|0.124|0.0176488|40|3|250
108,dc,0.017,2744.461619,0.003|0.866|0.01|0.124|0.0176488|40|3|250
108,dc,0.025,2764.770739,0.003|0.866|0.01|0.124|0.0176488|40|3|250
108,dc,0.04,2803.895629,0.003|0.866|0.01|0.124|0.0176488|40|3|250
108,dc,0.06,2858.295357,0.003|0.866|0.01|0.124|0.0176488|40|3|250
108,dc,0.1,2975.495693,0.003|0.866|0.01|0.124|0.0176488|40|3|250
108,dc,0.15,3140.149723,0.003|0.866|0.01|0.124|0.0176488|40|3|250
