group,doi,n,mismatch,regret,sty_leader,cost_leader,base,mode,cost_col
10.1002/anie.201600943 | 50 bar | H2/CO2 4 | 26 NL/g/h,10.1002/anie.201600943,2,False,0,"In2O3 [Figure 1a, In2O3, 573 K]","In2O3 [Figure 1a, In2O3, 573 K]",orig,all,lab
10.1002/anie.202401168 | 30 bar | H2/CO2 3 | 9 NL/g/h,10.1002/anie.202401168,44,True,0.00350652,"Ir1Pd1-In2O3(CP-PD) [SI Figure S29, t=10 h, 275 °C]","Ir1Pd1-In2O3(CP-PD) [Text page 9, Ir1Pd1-In2O3(CP-PD), 300 °C]",orig,all,lab
10.1002/cctc.202000974 | 20 bar | H2/CO2 3 | 3.6 NL/g/h,10.1002/cctc.202000974,29,True,0.00853637,"physical mixture of Pd/ZnO and TiO2 [Text, physical mixture Pd/ZnO and TiO2, 250°C]","PdZn/ZnTiO3 [SI Table S2, PdZn/ZnTiO3, 250 °C]",orig,all,lab
10.1002/ente.201800747 | 40 bar | H2/CO2 3 | 21.6 NL/g/h,10.1002/ente.201800747,32,False,0,"Cat-4.5 [Figure 5a left; Cat-4.5 at 325 °C, last point]","Cat-4.5 [Figure 5a left; Cat-4.5 at 325 °C, last point]",orig,all,lab
10.1016/j.apcata.2018.04.036 | 30 bar | H2/CO2 3 | 2.4 NL/g/h,10.1016/j.apcata.2018.04.036,13,False,0,"0.5Ca5P5ZC [Fig 10a,b, 0.5Ca5P5ZC, 250 °C]","0.5Ca5P5ZC [Fig 10a,b, 0.5Ca5P5ZC, 250 °C]",orig,all,lab
10.1016/j.apcata.2019.117144 | 40 bar | H2/CO2 4 | 52 NL/g/h,10.1016/j.apcata.2019.117144,20,False,0,"In2O3/ZrO2 [Fig. 5/Table 1, 573 K, In2O3/ZrO2]","In2O3/ZrO2 [Fig. 5/Table 1, 573 K, In2O3/ZrO2]",orig,all,lab
10.1016/j.apcatb.2017.06.069 | 50 bar | H2/CO2 4 | 21 NL/g/h,10.1016/j.apcatb.2017.06.069,15,False,0,"Pd-P/In2O3 [Text/Fig. 1, Pd-P/In2O3, 300 °C, 5 MPa]","Pd-P/In2O3 [Text/Fig. 1, Pd-P/In2O3, 300 °C, 5 MPa]",orig,all,lab
10.1016/j.apcatb.2019.118367 | 30 bar | H2/CO2 3 | 6 NL/g/h,10.1016/j.apcatb.2019.118367,9,False,0,"Pd/ZnO-3.93Al [Fig. 4, Pd/ZnO-3.93Al]","Pd/ZnO-3.93Al [Fig. 4, Pd/ZnO-3.93Al]",orig,all,lab
10.1016/j.cattod.2019.05.040 | 10 bar | H2/CO2 3 | 2.4 NL/g/h,10.1016/j.cattod.2019.05.040,2,False,0,"0.5Ca5P5ZZr-IMP [Figure 7d-e, 0.5Ca5P5ZZr-IMP at 250 °C and 10 bar]","0.5Ca5P5ZZr-IMP [Figure 7d-e, 0.5Ca5P5ZZr-IMP at 250 °C and 10 bar]",orig,all,lab
10.1016/j.cattod.2019.05.040 | 20 bar | H2/CO2 3 | 2.4 NL/g/h,10.1016/j.cattod.2019.05.040,2,False,0,"0.5Ca5P5ZZr-IMP [Figure 7d-e, 0.5Ca5P5ZZr-IMP at 250 °C and 20 bar]","0.5Ca5P5ZZr-IMP [Figure 7d-e, 0.5Ca5P5ZZr-IMP at 250 °C and 20 bar]",orig,all,lab
10.1016/j.cattod.2019.05.040 | 30 bar | H2/CO2 3 | 2.4 NL/g/h,10.1016/j.cattod.2019.05.040,13,False,0,"0.5Ca5P5ZZr-IMP [Figure 7a-c, 0.5Ca5P5ZZr-IMP at 270 °C]","0.5Ca5P5ZZr-IMP [Figure 7a-c, 0.5Ca5P5ZZr-IMP at 270 °C]",orig,all,lab
10.1016/j.cattod.2020.05.049 | 41 bar | H2/CO2 3 | 3.6 NL/g/h,10.1016/j.cattod.2020.05.049,12,True,0.0138623,Pd-Cu/Ti0.1Zr0.9O2 [Table 1 row 9],Pd-Cu/Ti0.8Zr0.2O2 [Table 1 row 5],orig,all,lab
10.1016/j.cej.2022.135090 | 40 bar | H2/CO2 3 | 6 NL/g/h,10.1016/j.cej.2022.135090,7,False,0,"In2O3/HZSM-5 [Fig. 2/Fig. 7, In2O3/HZSM-5 = 2:1, 400 °C]","In2O3/HZSM-5 [Fig. 2/Fig. 7, In2O3/HZSM-5 = 2:1, 400 °C]",orig,all,lab
10.1016/j.cej.2024.149370 | 50 bar | H2/CO2 4 | 21 NL/g/h,10.1016/j.cej.2024.149370,25,False,0,"Pd-Pt/In2O3 [Fig. 1a,b/text, Pd-Pt/In2O3, 300 °C]","Pd-Pt/In2O3 [Fig. 1a,b/text, Pd-Pt/In2O3, 300 °C]",orig,all,lab
10.1016/j.fuel.2022.125878 | 30 bar | H2/CO2 3 | 12000 h-1,10.1016/j.fuel.2022.125878,17,False,0,"In13/ZrO2 [Fig. 9/text, In13/ZrO2, 573 K]","In13/ZrO2 [Fig. 9/text, In13/ZrO2, 573 K]",orig,all,lab
10.1016/j.fuel.2023.127927 | 20 bar | H2/CO2 3 | 2.4 NL/g/h,10.1016/j.fuel.2023.127927,20,True,0.00332303,"0.5Ca-PZC [Table 1, 0.5Ca-PZC]","0.7Ca-PZC [Figure 6A, 250 °C, 0.7Ca-PZC]",orig,all,lab
10.1016/j.fuel.2023.128376 | 50 bar | H2/CO2 4 | 24 NL/g/h,10.1016/j.fuel.2023.128376,17,True,0.0073074,"5.0% Zn-CdZrOx [Fig. 1/text, 5.0% Zn-CdZrOx, 320℃]","5.0% Zn-CdZrOx [Fig. 1/text, 5.0% Zn-CdZrOx, 340℃]",orig,all,lab
10.1016/j.fuel.2023.128376 | 50 bar | H2/CO2 4 | 24000 h-1,10.1016/j.fuel.2023.128376,18,True,0.1002,"10.0% Zn-CdZrOx [SI Figure S1, 10.0% Zn-CdZrOx, 320 °C]","10.0% Zn-CdZrOx [SI Figure S1, 10.0% Zn-CdZrOx, 360 °C]",orig,all,lab
10.1016/j.fuel.2024.131111 | 40 bar | H2/CO2 5 | 12 NL/g/h,10.1016/j.fuel.2024.131111,20,False,0,"5InNi3C0.5/Fe3O4-400/425 [Fig. 6A, 260 °C]","5InNi3C0.5/Fe3O4-400/425 [Fig. 6A, 260 °C]",orig,all,lab
10.1016/j.fuel.2024.131111 | 40 bar | H2/CO2 5 | 18 NL/g/h,10.1016/j.fuel.2024.131111,2,False,0,"5InNi3C0.5/Fe3O4-400/425 [Fig. 6B, H2/CO2 = 5/1]","5InNi3C0.5/Fe3O4-400/425 [Fig. 6B, H2/CO2 = 5/1]",orig,all,lab
10.1016/j.fuel.2024.131111 | 60 bar | H2/CO2 10 | 116 NL/g/h,10.1016/j.fuel.2024.131111,2,True,0.00220117,"5InNi3C0.5/Fe3O4-400/425 [Fig. 7A stability, 120 h]","5InNi3C0.5/Fe3O4-400/425 [Figure 7A, stability first point]",orig,all,lab
10.1016/j.jcat.2012.05.020 | 30 bar | H2/CO2 3 | 13.4 NL/g/h,10.1016/j.jcat.2012.05.020,3,False,0,"PdMgGa [Table 2, PdMgGa]","PdMgGa [Table 2, PdMgGa]",orig,all,lab
10.1016/j.jcat.2016.03.017 | 20 bar | H2/CO2 3 | 3.6 NL/g/h,10.1016/j.jcat.2016.03.017,26,False,0,"5% Pd/ZnO SI [Figure 9b, first point]","5% Pd/ZnO SI [Figure 9b, first point]",orig,all,lab
10.1016/j.jcou.2016.11.015 | 40 bar | H2/CO2 3.04 | 1.5 NL/g/h,10.1016/j.jcou.2016.11.015,10,False,0,"CZA-5 [Text, 513 K, 55.3 wt.% catalyst]","CZA-5 [Text, 513 K, 55.3 wt.% catalyst]",orig,all,lab
10.1016/j.jcou.2022.102209 | 40 bar | H2/CO2 3 | 24 NL/g/h,10.1016/j.jcou.2022.102209,35,True,0.010479,"CoIn-73-BP-1 [SI Fig. S2, CoIn-73-BP-1, 285 °C]","CoIn-73-BP-1 [SI Fig. S2, CoIn-73-BP-1, 270 °C]",orig,all,lab
10.1016/j.jes.2023.05.010 | 30 bar | H2/CO2 4 | 18 NL/g/h,10.1016/j.jes.2023.05.010,15,False,0,"Au/In2O3-NS [Fig. 6a,b and text, Au/In2O3-NS, 300°C]","Au/In2O3-NS [Fig. 6a,b and text, Au/In2O3-NS, 300°C]",orig,all,lab
10.1016/j.jes.2023.05.010 | 30 bar | H2/CO2 4 | 18000 h-1,10.1016/j.jes.2023.05.010,15,False,0,In2O3-NS [SI Table S5 row In2O3-NS],In2O3-NS [SI Table S5 row In2O3-NS],orig,all,lab
10.1016/j.mcat.2020.111105 | 30 bar | H2/CO2 3 | 10000 h-1,10.1016/j.mcat.2020.111105,36,True,0.0869502,"35-CuO [Fig. 7/Table 2, 35-CuO, 280 °C]","35-CuO [Fig. 7, 35-CuO, 260 °C]",orig,all,lab
10.1021/acs.iecr.7b01464 | 20 bar | H2/CO2 3.03 | 0.873 NL/g/h,10.1021/acs.iecr.7b01464,3,False,0,"CZA400 [Fig 7, CZA400, 2 MPa, internal cooling]","CZA400 [Fig 7, CZA400, 2 MPa, internal cooling]",orig,all,lab
10.1021/acs.iecr.7b01464 | 30 bar | H2/CO2 3.03 | 0.873 NL/g/h,10.1021/acs.iecr.7b01464,15,False,0,"CZA400 [Text/Fig 6, CZA400, 260 °C, internal cooling]","CZA400 [Text/Fig 6, CZA400, 260 °C, internal cooling]",orig,all,lab
10.1021/acs.iecr.7b01464 | 40 bar | H2/CO2 3.03 | 0.873 NL/g/h,10.1021/acs.iecr.7b01464,3,False,0,"CZA400 [Text/Fig 7, CZA400, 4 MPa, internal cooling]","CZA400 [Text/Fig 7, CZA400, 4 MPa, internal cooling]",orig,all,lab
10.1021/acsaem.1c01502 | 50 bar | H2/CO2 3 | 30 NL/g/h,10.1021/acsaem.1c01502,15,False,0,"CP-Pd/ZnZr [Figure 1, CP-Pd/ZnZr, 340 °C]","CP-Pd/ZnZr [Figure 1, CP-Pd/ZnZr, 340 °C]",orig,all,lab
10.1021/acsami.1c05586 | 30 bar | H2/CO2 3 | 7.2 NL/g/h,10.1021/acsami.1c05586,36,False,0,"0.92In-4.6Cu/CeO2 [Table 6/Fig 7, 0.92In-4.6Cu/CeO2, 290 °C]","0.92In-4.6Cu/CeO2 [Table 6/Fig 7, 0.92In-4.6Cu/CeO2, 290 °C]",orig,all,lab
10.1021/acscatal.0c03324 | 30 bar | H2/CO2 3 | 10 NL/g/h,10.1021/acscatal.0c03324,2,False,0,"2Pd/CeO2-O [SI Fig S7, O GHSV 10]","2Pd/CeO2-O [SI Fig S7, O GHSV 10]",orig,all,lab
10.1021/acscatal.0c03324 | 30 bar | H2/CO2 3 | 14 NL/g/h,10.1021/acscatal.0c03324,2,False,0,"2Pd/CeO2-O [SI Fig S7, O GHSV 14]","2Pd/CeO2-O [SI Fig S7, O GHSV 14]",orig,all,lab
10.1021/acscatal.0c03324 | 30 bar | H2/CO2 3 | 18 NL/g/h,10.1021/acscatal.0c03324,2,False,0,"2Pd/CeO2-O [SI Fig S7, O GHSV 18]","2Pd/CeO2-O [SI Fig S7, O GHSV 18]",orig,all,lab
10.1021/acscatal.0c03324 | 30 bar | H2/CO2 3 | 2 NL/g/h,10.1021/acscatal.0c03324,6,False,0,2Pd/CeO2-R [Figure 10a; 2Pd/CeO2-R; 280 °C],2Pd/CeO2-R [Figure 10a; 2Pd/CeO2-R; 280 °C],orig,all,lab
10.1021/acscatal.0c03324 | 30 bar | H2/CO2 3 | 6 NL/g/h,10.1021/acscatal.0c03324,4,False,0,"2Pd/CeO2-O [SI Fig S7, O GHSV 6]","2Pd/CeO2-O [SI Fig S7, O GHSV 6]",orig,all,lab
10.1021/acscatal.0c05628 | 50 bar | H2/CO2 4 | 21 NL/g/h,10.1021/acscatal.0c05628,20,False,0,"Ir/In2O3-10 [Text/Figure 1, Ir/In2O3-10, 300 °C]","Ir/In2O3-10 [Text/Figure 1, Ir/In2O3-10, 300 °C]",orig,all,lab
10.1021/acscatal.1c03170 | 30 bar | H2/CO2 3 | 60 NL/g/h,10.1021/acscatal.1c03170,14,True,0.00741564,"NiO(6)−In2O3 [Fig 4a,b, NiO content 6 wt%]","NiO(6)−In2O3 [Figure 4c,d, NiO(6)−In2O3 first TOS point]",orig,all,lab
10.1021/acscatal.5b00682 | 30 bar | H2/CO2 4 | 12 NL/g/h,10.1021/acscatal.5b00682,2,True,0.0412288,"Cu/SiO2-AE [SI Figure S3(II), AE, 380 °C, WHSV 12 L/g/h]","Cu/SiO2-AE [SI Figure S3(I), AE, 390 °C, WHSV 12 L/g/h]",orig,all,lab
10.1021/acscatal.5b00682 | 30 bar | H2/CO2 4 | 16 NL/g/h,10.1021/acscatal.5b00682,8,True,0.0432269,"Cu/SiO2-AE [Figure 1, 320 °C]","Cu/SiO2-AE [Figure 1, 300 °C]",orig,all,lab
10.1021/acscatal.5b00682 | 30 bar | H2/CO2 4 | 3 NL/g/h,10.1021/acscatal.5b00682,2,False,0,"Cu/SiO2-AE [SI Figure S3(II), AE, 380 °C, WHSV 3 L/g/h]","Cu/SiO2-AE [SI Figure S3(II), AE, 380 °C, WHSV 3 L/g/h]",orig,all,lab
10.1021/acscatal.5b00682 | 30 bar | H2/CO2 4 | 6 NL/g/h,10.1021/acscatal.5b00682,2,True,0.0902059,"Cu/SiO2-AE [SI Figure S3(II), AE, 380 °C, WHSV 6 L/g/h]","Cu/SiO2-AE [SI Figure S3(I), AE, 390 °C, WHSV 6 L/g/h]",orig,all,lab
10.1021/acscatal.5b00682 | 30 bar | H2/CO2 4 | 9 NL/g/h,10.1021/acscatal.5b00682,2,True,0.0439357,"Cu/SiO2-AE [SI Figure S3(II), AE, 380 °C, WHSV 9 L/g/h]","Cu/SiO2-AE [SI Figure S3(I), AE, 390 °C, WHSV 9 L/g/h]",orig,all,lab
10.1021/acscatal.5c05984 | 100 bar | H2/CO2 4 | 10 NL/g/h,10.1021/acscatal.5c05984,9,True,0.0175227,5 wt % Re/TiO2 [Table 4 row 11],1 wt % Re/TiO2 [Table 4 row 3],orig,all,lab
10.1021/acscatal.5c05984 | 100 bar | H2/CO2 4 | 20 NL/g/h,10.1021/acscatal.5c05984,2,False,0,5 wt % Re/TiO2 [Table 4 row 12],5 wt % Re/TiO2 [Table 4 row 12],orig,all,lab
10.1021/acscatal.5c05984 | 100 bar | H2/CO2 4 | 40 NL/g/h,10.1021/acscatal.5c05984,2,False,0,5 wt % Re/TiO2 [Table 4 row 14],5 wt % Re/TiO2 [Table 4 row 14],orig,all,lab
10.1021/acscatal.9b01869 | 50 bar | H2/CO2 0.25 | 24000 h-1,10.1021/acscatal.9b01869,3,True,0.00494313,"PM-800 [SI Figure S9a, PM-800, 290 °C]","PM-600 [SI Figure S9a, PM-600, 290 °C]",orig,all,lab
10.1021/acscatal.9b01869 | 50 bar | H2/CO2 4 | 24000 h-1,10.1021/acscatal.9b01869,16,False,0,"In2.5/ZrO2 [Fig 5, In2.5/ZrO2, 280 °C]","In2.5/ZrO2 [Fig 5, In2.5/ZrO2, 280 °C]",orig,all,lab
10.1021/acscatal.9b03305 | 50 bar | H2/CO2 4 | 24 NL/g/h,10.1021/acscatal.9b03305,12,True,0.00625936,"In2O3/m-ZrO2 [Figure 8/text, 5 wt % In2O3/m-ZrO2, 553 K]","50In2O3−50ZrO2 [Figure 3/text, 50In2O3-50ZrO2, 553 K]",orig,all,lab
10.1021/cs500979c | 80 bar | H2/CO2 3 | 3600 h-1,10.1021/cs500979c,18,False,0,"Cu/ZrO2(III) [Table 6, Cu/ZrO2(III), 533 K]","Cu/ZrO2(III) [Table 6, Cu/ZrO2(III), 533 K]",orig,all,lab
10.1038/s41467-019-11349-9 | 50 bar | H2/CO2 4 | 48 NL/g/h,10.1038/s41467-019-11349-9,3,False,0,"Pd–In2O3 CP [Table 2 Pd–In2O3 CP, WHSV 48,000 initial]","Pd–In2O3 CP [Table 2 Pd–In2O3 CP, WHSV 48,000 initial]",orig,all,lab
10.1038/s41467-021-22224-x | 50 bar | H2/CO2 4 | 24 NL/g/h,10.1038/s41467-021-22224-x,11,False,0,"1Ni-In2O3 [Fig. 1b, 1Ni-In2O3 DI]","1Ni-In2O3 [Fig. 1b, 1Ni-In2O3 DI]",orig,all,lab
10.1039/c2cy20604h | 100 bar | H2/CO2 3.8 | 10.6 NL/g/h,10.1039/c2cy20604h,11,True,0.167776,"Cu–Ba/Al2O3 [Fig 8, Cu-Ba/Al2O3, 473 K, 10 MPa]","Cu–K/Al2O3 [Fig 7, Cu-K/Al2O3, 553 K, 10 MPa]",orig,all,lab
10.1039/c2cy20604h | 100 bar | H2/CO2 3.8 | 4000 h-1,10.1039/c2cy20604h,4,False,0,"Cu–Ba/Al2O3 [SI Table 3, 553 K, 10 MPa]","Cu–Ba/Al2O3 [SI Table 3, 553 K, 10 MPa]",orig,all,lab
10.1039/c2cy20604h | 30 bar | H2/CO2 3.8 | 10.6 NL/g/h,10.1039/c2cy20604h,11,True,0.57546,"Cu–Ba/Al2O3 [Fig 8, Cu-Ba/Al2O3, 473 K, 3 MPa]","Cu–K/Al2O3 [Fig 7, Cu-K/Al2O3, 533 K, 3 MPa]",orig,all,lab
10.1039/c2cy20604h | 30 bar | H2/CO2 3.8 | 4000 h-1,10.1039/c2cy20604h,4,True,0.147162,"Cu–Ba/Al2O3 [SI Table 3, 503 K, 3 MPa]","Cu–Ba/Al2O3 [SI Table 3, 553 K, 3 MPa]",orig,all,lab
10.1039/c2cy20604h | 360 bar | H2/CO2 3.8 | 10.6 NL/g/h,10.1039/c2cy20604h,11,True,0.0501492,"Cu/Al2O3 [Fig 5/Fig 6, Cu/Al2O3, 473 K, 36 MPa]","Cu–K/Al2O3 [Fig 7, Cu-K/Al2O3, 553 K, 36 MPa]",orig,all,lab
10.1039/c2cy20604h | 360 bar | H2/CO2 3.8 | 4000 h-1,10.1039/c2cy20604h,4,True,0.0354367,"Cu–Ba/Al2O3 [SI Table 3, 503 K, 36 MPa]","Cu–Ba/Al2O3 [SI Table 3, 553 K, 36 MPa]",orig,all,lab
10.1039/c2cy20604h | 4 bar | H2/CO2 3.8 | 10.6 NL/g/h,10.1039/c2cy20604h,11,True,1.81543,"Cu–Ba/Al2O3 [Fig 8, Cu-Ba/Al2O3, 473 K, 0.40 MPa]","Cu–K/Al2O3 [Fig 7, Cu-K/Al2O3, 553 K, 0.40 MPa]",orig,all,lab
10.1039/c2cy20604h | 4 bar | H2/CO2 3.8 | 4000 h-1,10.1039/c2cy20604h,4,True,0.05854,"Cu–Ba/Al2O3 [SI Table 3, 533 K, 0.4 MPa]","Cu–Ba/Al2O3 [SI Table 3, 553 K, 0.4 MPa]",orig,all,lab
10.1039/c4cy00848k | 7 bar | H2/CO2 9 | 2 NL/g/h,10.1039/c4cy00848k,6,False,0,Cu(15)ZnO [SI Fig S7/S8 Cu(15)ZnO point 1],Cu(15)ZnO [SI Fig S7/S8 Cu(15)ZnO point 1],orig,all,lab
10.1039/c4cy00848k | 7 bar | H2/CO2 9 | 4 NL/g/h,10.1039/c4cy00848k,6,False,0,"Cu(15)ZnO [Table 3, Cu(15)ZnO at 180 °C]","Cu(15)ZnO [Table 3, Cu(15)ZnO at 180 °C]",orig,all,lab
10.1039/c5cy00372e | 10 bar | H2/CO2 3.04 | 10 NL/g/h,10.1039/c5cy00372e,3,False,0,"CHT-Y0.1 [Fig. 8 CHT-Y0.1, 1 MPa]","CHT-Y0.1 [Fig. 8 CHT-Y0.1, 1 MPa]",orig,all,lab
10.1039/c5cy00372e | 3 bar | H2/CO2 3.04 | 10 NL/g/h,10.1039/c5cy00372e,3,False,0,"CHT-Y0.1 [Fig. 8 CHT-Y0.1, 0.3 MPa]","CHT-Y0.1 [Fig. 8 CHT-Y0.1, 0.3 MPa]",orig,all,lab
10.1039/c5cy00372e | 30 bar | H2/CO2 3.04 | 10 NL/g/h,10.1039/c5cy00372e,3,False,0,"CHT-Y0.1 [Fig. 8 CHT-Y0.1, 3 MPa]","CHT-Y0.1 [Fig. 8 CHT-Y0.1, 3 MPa]",orig,all,lab
10.1039/c5cy00372e | 50 bar | H2/CO2 3.04 | 10 NL/g/h,10.1039/c5cy00372e,5,False,0,CHT-Y0.1 [Table 6 row CHT-Y0.1],CHT-Y0.1 [Table 6 row CHT-Y0.1],orig,all,lab
10.1039/c5cy00372e | 70 bar | H2/CO2 3.04 | 10 NL/g/h,10.1039/c5cy00372e,3,False,0,"CHT-Y0.1 [Fig. 8 CHT-Y0.1, 7 MPa]","CHT-Y0.1 [Fig. 8 CHT-Y0.1, 7 MPa]",orig,all,lab
10.1039/c5cy00372e | 90 bar | H2/CO2 3.04 | 10 NL/g/h,10.1039/c5cy00372e,3,False,0,"CHT-Y0.1 [Fig. 8/text CHT-Y0.1, 9.0 MPa]","CHT-Y0.1 [Fig. 8/text CHT-Y0.1, 9.0 MPa]",orig,all,lab
10.1039/c5ra04774a | 30 bar | H2/CO2 3 | 3.6 NL/g/h,10.1039/c5ra04774a,24,True,0.00128494,"CZ/CNTs-3 [Table 1 row 9 / Fig. 1, 260 °C]","CZ/CNTs-3 [Fig. 1, 280 °C, CZ/CNTs-3]",orig,all,lab
10.1039/c6ra28305e | 30 bar | H2/CO2 3 | 3600 h-1,10.1039/c6ra28305e,4,True,0.012303,"CZ-450 [Table 2, CZ-450]","CZ-350 [Table 2, CZ-350]",orig,all,lab
10.1039/d0gc01597k | 50 bar | H2/CO2 4 | 21 NL/g/h,10.1039/d0gc01597k,10,False,0,"Pt/In2O3 [Fig. 1a,b/text, Pt/In2O3, 300 °C]","Pt/In2O3 [Fig. 1a,b/text, Pt/In2O3, 300 °C]",orig,all,lab
10.1126/sciadv.1701290 | 20 bar | H2/CO2 3 | 24 NL/g/h,10.1126/sciadv.1701290,10,True,0.0394496,"13% ZnO-ZrO2 [SI Figure S2, p=2 MPa]","13% ZnO-ZrO2 [SI Figure S17A, 380 °C]",orig,all,lab
10.1126/sciadv.1701290 | 50 bar | H2/CO2 3 | 24 NL/g/h,10.1126/sciadv.1701290,24,True,0.00211643,"13% ZnO-ZrO2 [SI Figure S2, p=5 MPa]","13% ZnO-ZrO2 [Figure 1B, H2/CO2=3:1, 380°C]",orig,all,lab
10.1126/sciadv.1701290 | 50 bar | H2/CO2 4 | 24 NL/g/h,10.1126/sciadv.1701290,11,True,0.0179074,"13% ZnO-ZrO2 [Figure 1B, H2/CO2=4:1, 340°C]","13% ZnO-ZrO2 [Figure 1B, H2/CO2=4:1, 380°C]",orig,all,lab
10.1126/sciadv.aaz2060 | 50 bar | H2/CO2 3 | 9 NL/g/h,10.1126/sciadv.aaz2060,2,False,0,"c–In2O3-S [Fig. 5A, c–In2O3-S, standard conditions, 44 h]","c–In2O3-S [Fig. 5A, c–In2O3-S, standard conditions, 44 h]",orig,all,lab
10.1126/sciadv.aaz2060 | 50 bar | H2/CO2 3.04 | 9 NL/g/h,10.1126/sciadv.aaz2060,18,True,0.0209248,"h–In2O3-R [Fig. 5B/C, h–In2O3-R, 360°C, standard feed]","c–In2O3-S [Fig. 5B/C, c–In2O3-S, 360°C, standard feed]",orig,all,lab
10.1126/sciadv.abi6012 | 40 bar | H2/CO2 3 | 12 NL/g/h,10.1126/sciadv.abi6012,18,True,0.0199462,"InNi3C0.5/Fe3O4 [Figure 5E, InNi3C0.5/Fe3O4, last point]","InNi3C0.5/m-ZrO2 [SI Figure S5A, H2/CO2=3/1, 350 °C]",orig,all,lab
10.1126/sciadv.abi6012 | 40 bar | H2/CO2 3 | 24 NL/g/h,10.1126/sciadv.abi6012,4,False,0,"InNi3C0.5/m-ZrO2 [Fig. 2B, InNi3C0.5/m-ZrO2, 24000 ml gcat-1 hour-1]","InNi3C0.5/m-ZrO2 [Fig. 2B, InNi3C0.5/m-ZrO2, 24000 ml gcat-1 hour-1]",orig,all,lab
10.1126/sciadv.abi6012 | 40 bar | H2/CO2 4 | 12 NL/g/h,10.1126/sciadv.abi6012,5,False,0,"InNi3C0.5/m-ZrO2 [SI Figure S5A, H2/CO2=4/1, 350 °C]","InNi3C0.5/m-ZrO2 [SI Figure S5A, H2/CO2=4/1, 350 °C]",orig,all,lab
10.1126/sciadv.abi6012 | 40 bar | H2/CO2 5 | 12 NL/g/h,10.1126/sciadv.abi6012,5,False,0,"InNi3C0.5/m-ZrO2 [SI Figure S5A, H2/CO2=5/1, 350 °C]","InNi3C0.5/m-ZrO2 [SI Figure S5A, H2/CO2=5/1, 350 °C]",orig,all,lab
10.1126/sciadv.abi6012 | 40 bar | H2/CO2 8 | 30 NL/g/h,10.1126/sciadv.abi6012,2,True,0.0103983,"InNi3C0.5/Fe3O4 [Text/Table S7, InNi3C0.5/Fe3O4, 325C, 4.0 MPa, H2/CO2 8:1, GHSV 30000]","CuZnAl [SI Table S7 row CuZnAl, 325 °C]",orig,all,lab
10.1002/anie.201600943 | 50 bar | H2/CO2 4 | 26 NL/g/h,10.1002/anie.201600943,2,False,0,"In2O3 [Figure 1a, In2O3, 573 K]","In2O3 [Figure 1a, In2O3, 573 K]",orig,all,cost_f0.95
10.1002/anie.202401168 | 30 bar | H2/CO2 3 | 9 NL/g/h,10.1002/anie.202401168,44,True,0.0257811,"Ir1Pd1-In2O3(CP-PD) [SI Figure S29, t=10 h, 275 °C]","Ir1Pd1-In2O3(CP-PD) [Text page 9, Ir1Pd1-In2O3(CP-PD), 200 °C]",orig,all,cost_f0.95
10.1002/cctc.202000974 | 20 bar | H2/CO2 3 | 3.6 NL/g/h,10.1002/cctc.202000974,29,True,0.00853637,"physical mixture of Pd/ZnO and TiO2 [Text, physical mixture Pd/ZnO and TiO2, 250°C]","PdZn/ZnTiO3 [SI Table S2, PdZn/ZnTiO3, 250 °C]",orig,all,cost_f0.95
10.1002/ente.201800747 | 40 bar | H2/CO2 3 | 21.6 NL/g/h,10.1002/ente.201800747,32,True,0.103893,"Cat-4.5 [Figure 5a left; Cat-4.5 at 325 °C, last point]","Cat-4.5 [SI Table S1, Cat-4.5, 250 °C]",orig,all,cost_f0.95
10.1016/j.apcata.2018.04.036 | 30 bar | H2/CO2 3 | 2.4 NL/g/h,10.1016/j.apcata.2018.04.036,13,True,0.00533548,"0.5Ca5P5ZC [Fig 10a,b, 0.5Ca5P5ZC, 250 °C]","0.5Ca5P5ZC [Fig 10a,b/text, 0.5Ca5P5ZC, 230 °C, 30 bar]",orig,all,cost_f0.95
10.1016/j.apcata.2019.117144 | 40 bar | H2/CO2 4 | 52 NL/g/h,10.1016/j.apcata.2019.117144,20,True,0.0158634,"In2O3/ZrO2 [Fig. 5/Table 1, 573 K, In2O3/ZrO2]","In2O3/ZrO2 [Fig. 5, 543 K, In2O3/ZrO2]",orig,all,cost_f0.95
10.1016/j.apcatb.2017.06.069 | 50 bar | H2/CO2 4 | 21 NL/g/h,10.1016/j.apcatb.2017.06.069,15,True,0.00416307,"Pd-P/In2O3 [Text/Fig. 1, Pd-P/In2O3, 300 °C, 5 MPa]","Pd-P/In2O3 [Figure 1a,b, 250 °C, Pd-P/In2O3]",orig,all,cost_f0.95
10.1016/j.apcatb.2019.118367 | 30 bar | H2/CO2 3 | 6 NL/g/h,10.1016/j.apcatb.2019.118367,9,True,0.00221921,"Pd/ZnO-3.93Al [Fig. 4, Pd/ZnO-3.93Al]","Pd/ZnO [Fig. 4, Pd/ZnO]",orig,all,cost_f0.95
10.1016/j.cattod.2019.05.040 | 10 bar | H2/CO2 3 | 2.4 NL/g/h,10.1016/j.cattod.2019.05.040,2,False,0,"0.5Ca5P5ZZr-IMP [Figure 7d-e, 0.5Ca5P5ZZr-IMP at 250 °C and 10 bar]","0.5Ca5P5ZZr-IMP [Figure 7d-e, 0.5Ca5P5ZZr-IMP at 250 °C and 10 bar]",orig,all,cost_f0.95
10.1016/j.cattod.2019.05.040 | 20 bar | H2/CO2 3 | 2.4 NL/g/h,10.1016/j.cattod.2019.05.040,2,False,0,"0.5Ca5P5ZZr-IMP [Figure 7d-e, 0.5Ca5P5ZZr-IMP at 250 °C and 20 bar]","0.5Ca5P5ZZr-IMP [Figure 7d-e, 0.5Ca5P5ZZr-IMP at 250 °C and 20 bar]",orig,all,cost_f0.95
10.1016/j.cattod.2019.05.040 | 30 bar | H2/CO2 3 | 2.4 NL/g/h,10.1016/j.cattod.2019.05.040,13,True,0.0115717,"0.5Ca5P5ZZr-IMP [Figure 7a-c, 0.5Ca5P5ZZr-IMP at 270 °C]","0.5Ca5P5ZZr-IMP [Table 3, 0.5Ca5P5ZZr-IMP at 230 °C]",orig,all,cost_f0.95
10.1016/j.cattod.2020.05.049 | 41 bar | H2/CO2 3 | 3.6 NL/g/h,10.1016/j.cattod.2020.05.049,12,False,0,Pd-Cu/Ti0.1Zr0.9O2 [Table 1 row 9],Pd-Cu/Ti0.1Zr0.9O2 [Table 1 row 9],orig,all,cost_f0.95
10.1016/j.cej.2022.135090 | 40 bar | H2/CO2 3 | 6 NL/g/h,10.1016/j.cej.2022.135090,7,False,0,"In2O3/HZSM-5 [Fig. 2/Fig. 7, In2O3/HZSM-5 = 2:1, 400 °C]","In2O3/HZSM-5 [Fig. 2/Fig. 7, In2O3/HZSM-5 = 2:1, 400 °C]",orig,all,cost_f0.95
10.1016/j.cej.2024.149370 | 50 bar | H2/CO2 4 | 21 NL/g/h,10.1016/j.cej.2024.149370,25,True,0.0125097,"Pd-Pt/In2O3 [Fig. 1a,b/text, Pd-Pt/In2O3, 300 °C]","Pd-Pt/In2O3 [Fig. 1a,b, Pd-Pt/In2O3, 240 °C]",orig,all,cost_f0.95
10.1016/j.fuel.2022.125878 | 30 bar | H2/CO2 3 | 12000 h-1,10.1016/j.fuel.2022.125878,17,False,0,"In13/ZrO2 [Fig. 9/text, In13/ZrO2, 573 K]","In13/ZrO2 [Fig. 9/text, In13/ZrO2, 573 K]",orig,all,cost_f0.95
10.1016/j.fuel.2023.127927 | 20 bar | H2/CO2 3 | 2.4 NL/g/h,10.1016/j.fuel.2023.127927,20,True,0.00332303,"0.5Ca-PZC [Table 1, 0.5Ca-PZC]","0.7Ca-PZC [Figure 6A, 250 °C, 0.7Ca-PZC]",orig,all,cost_f0.95
10.1016/j.fuel.2023.128376 | 50 bar | H2/CO2 4 | 24 NL/g/h,10.1016/j.fuel.2023.128376,17,True,0.0401391,"5.0% Zn-CdZrOx [Fig. 1/text, 5.0% Zn-CdZrOx, 320℃]","5.0% Zn-CdZrOx [Fig. 1/text, 5.0% Zn-CdZrOx, 280℃]",orig,all,cost_f0.95
10.1016/j.fuel.2023.128376 | 50 bar | H2/CO2 4 | 24000 h-1,10.1016/j.fuel.2023.128376,18,True,0.0160297,"10.0% Zn-CdZrOx [SI Figure S1, 10.0% Zn-CdZrOx, 320 °C]","10.0% Zn-CdZrOx [SI Figure S1, 10.0% Zn-CdZrOx, 300 °C]",orig,all,cost_f0.95
10.1016/j.fuel.2024.131111 | 40 bar | H2/CO2 5 | 12 NL/g/h,10.1016/j.fuel.2024.131111,20,True,0.00929945,"5InNi3C0.5/Fe3O4-400/425 [Fig. 6A, 260 °C]","5InNi3C0.5/Fe3O4-400/425 [Fig. 6A, 200 °C]",orig,all,cost_f0.95
10.1016/j.fuel.2024.131111 | 40 bar | H2/CO2 5 | 18 NL/g/h,10.1016/j.fuel.2024.131111,2,False,0,"5InNi3C0.5/Fe3O4-400/425 [Fig. 6B, H2/CO2 = 5/1]","5InNi3C0.5/Fe3O4-400/425 [Fig. 6B, H2/CO2 = 5/1]",orig,all,cost_f0.95
10.1016/j.fuel.2024.131111 | 60 bar | H2/CO2 10 | 116 NL/g/h,10.1016/j.fuel.2024.131111,2,False,0,"5InNi3C0.5/Fe3O4-400/425 [Fig. 7A stability, 120 h]","5InNi3C0.5/Fe3O4-400/425 [Fig. 7A stability, 120 h]",orig,all,cost_f0.95
10.1016/j.jcat.2012.05.020 | 30 bar | H2/CO2 3 | 13.4 NL/g/h,10.1016/j.jcat.2012.05.020,3,False,0,"PdMgGa [Table 2, PdMgGa]","PdMgGa [Table 2, PdMgGa]",orig,all,cost_f0.95
10.1016/j.jcat.2016.03.017 | 20 bar | H2/CO2 3 | 3.6 NL/g/h,10.1016/j.jcat.2016.03.017,26,False,0,"5% Pd/ZnO SI [Figure 9b, first point]","5% Pd/ZnO SI [Figure 9b, first point]",orig,all,cost_f0.95
10.1016/j.jcou.2016.11.015 | 40 bar | H2/CO2 3.04 | 1.5 NL/g/h,10.1016/j.jcou.2016.11.015,10,False,0,"CZA-5 [Text, 513 K, 55.3 wt.% catalyst]","CZA-5 [Text, 513 K, 55.3 wt.% catalyst]",orig,all,cost_f0.95
10.1016/j.jcou.2022.102209 | 40 bar | H2/CO2 3 | 24 NL/g/h,10.1016/j.jcou.2022.102209,35,True,0.0926805,"CoIn-73-BP-1 [SI Fig. S2, CoIn-73-BP-1, 285 °C]","CoIn-64-BP-1 [SI Fig. S2, CoIn-64-BP-1, 240 °C]",orig,all,cost_f0.95
10.1016/j.jes.2023.05.010 | 30 bar | H2/CO2 4 | 18 NL/g/h,10.1016/j.jes.2023.05.010,15,False,0,"Au/In2O3-NS [Fig. 6a,b and text, Au/In2O3-NS, 300°C]","Au/In2O3-NS [Fig. 6a,b and text, Au/In2O3-NS, 300°C]",orig,all,cost_f0.95
10.1016/j.jes.2023.05.010 | 30 bar | H2/CO2 4 | 18000 h-1,10.1016/j.jes.2023.05.010,15,True,0.0218983,In2O3-NS [SI Table S5 row In2O3-NS],"In2O3-NS [SI Figure S4a,b, In2O3-NS, 250 °C]",orig,all,cost_f0.95
10.1016/j.mcat.2020.111105 | 30 bar | H2/CO2 3 | 10000 h-1,10.1016/j.mcat.2020.111105,36,True,0.101827,"35-CuO [Fig. 7/Table 2, 35-CuO, 280 °C]","35-CuO [Fig. 7, 35-CuO, 260 °C]",orig,all,cost_f0.95
10.1021/acs.iecr.7b01464 | 20 bar | H2/CO2 3.03 | 0.873 NL/g/h,10.1021/acs.iecr.7b01464,3,False,0,"CZA400 [Fig 7, CZA400, 2 MPa, internal cooling]","CZA400 [Fig 7, CZA400, 2 MPa, internal cooling]",orig,all,cost_f0.95
10.1021/acs.iecr.7b01464 | 30 bar | H2/CO2 3.03 | 0.873 NL/g/h,10.1021/acs.iecr.7b01464,15,False,0,"CZA400 [Text/Fig 6, CZA400, 260 °C, internal cooling]","CZA400 [Text/Fig 6, CZA400, 260 °C, internal cooling]",orig,all,cost_f0.95
10.1021/acs.iecr.7b01464 | 40 bar | H2/CO2 3.03 | 0.873 NL/g/h,10.1021/acs.iecr.7b01464,3,False,0,"CZA400 [Text/Fig 7, CZA400, 4 MPa, internal cooling]","CZA400 [Text/Fig 7, CZA400, 4 MPa, internal cooling]",orig,all,cost_f0.95
10.1021/acsaem.1c01502 | 50 bar | H2/CO2 3 | 30 NL/g/h,10.1021/acsaem.1c01502,15,True,0.00304207,"CP-Pd/ZnZr [Figure 1, CP-Pd/ZnZr, 340 °C]","CP-Pd/ZnZr [Figure 1/text, CP-Pd/ZnZr, 320 °C]",orig,all,cost_f0.95
10.1021/acsami.1c05586 | 30 bar | H2/CO2 3 | 7.2 NL/g/h,10.1021/acsami.1c05586,36,True,0.00398776,"0.92In-4.6Cu/CeO2 [Table 6/Fig 7, 0.92In-4.6Cu/CeO2, 290 °C]","0.92In-4.6Cu/CeO2 [Table 6/Fig 7, 0.92In-4.6Cu/CeO2, 210 °C]",orig,all,cost_f0.95
10.1021/acscatal.0c03324 | 30 bar | H2/CO2 3 | 10 NL/g/h,10.1021/acscatal.0c03324,2,True,0.0248322,"2Pd/CeO2-O [SI Fig S7, O GHSV 10]",2Pd/CeO2-R [Figure 10c; 2Pd/CeO2-R; GHSV 10 L gcat−1 h−1],orig,all,cost_f0.95
10.1021/acscatal.0c03324 | 30 bar | H2/CO2 3 | 14 NL/g/h,10.1021/acscatal.0c03324,2,True,0.038749,"2Pd/CeO2-O [SI Fig S7, O GHSV 14]",2Pd/CeO2-R [Figure 10c; 2Pd/CeO2-R; GHSV 14 L gcat−1 h−1],orig,all,cost_f0.95
10.1021/acscatal.0c03324 | 30 bar | H2/CO2 3 | 18 NL/g/h,10.1021/acscatal.0c03324,2,False,0,"2Pd/CeO2-O [SI Fig S7, O GHSV 18]","2Pd/CeO2-O [SI Fig S7, O GHSV 18]",orig,all,cost_f0.95
10.1021/acscatal.0c03324 | 30 bar | H2/CO2 3 | 2 NL/g/h,10.1021/acscatal.0c03324,6,True,0.00389161,2Pd/CeO2-R [Figure 10a; 2Pd/CeO2-R; 280 °C],2Pd/CeO2-R [Table 3 row 1; standard conditions],orig,all,cost_f0.95
10.1021/acscatal.0c03324 | 30 bar | H2/CO2 3 | 6 NL/g/h,10.1021/acscatal.0c03324,4,True,0.0234188,"2Pd/CeO2-O [SI Fig S7, O GHSV 6]",2Pd/CeO2-R [Text section 3.5; stability test at 100 h],orig,all,cost_f0.95
10.1021/acscatal.0c05628 | 50 bar | H2/CO2 4 | 21 NL/g/h,10.1021/acscatal.0c05628,20,True,0.013895,"Ir/In2O3-10 [Text/Figure 1, Ir/In2O3-10, 300 °C]","Ir/In2O3-10 [Text/Figure 1a, Ir/In2O3-10, 250 °C]",orig,all,cost_f0.95
10.1021/acscatal.1c03170 | 30 bar | H2/CO2 3 | 60 NL/g/h,10.1021/acscatal.1c03170,14,False,0,"NiO(6)−In2O3 [Fig 4a,b, NiO content 6 wt%]","NiO(6)−In2O3 [Fig 4a,b, NiO content 6 wt%]",orig,all,cost_f0.95
10.1021/acscatal.5b00682 | 30 bar | H2/CO2 4 | 12 NL/g/h,10.1021/acscatal.5b00682,2,True,0.0412288,"Cu/SiO2-AE [SI Figure S3(II), AE, 380 °C, WHSV 12 L/g/h]","Cu/SiO2-AE [SI Figure S3(I), AE, 390 °C, WHSV 12 L/g/h]",orig,all,cost_f0.95
10.1021/acscatal.5b00682 | 30 bar | H2/CO2 4 | 16 NL/g/h,10.1021/acscatal.5b00682,8,True,0.0432269,"Cu/SiO2-AE [Figure 1, 320 °C]","Cu/SiO2-AE [Figure 1, 300 °C]",orig,all,cost_f0.95
10.1021/acscatal.5b00682 | 30 bar | H2/CO2 4 | 3 NL/g/h,10.1021/acscatal.5b00682,2,False,0,"Cu/SiO2-AE [SI Figure S3(II), AE, 380 °C, WHSV 3 L/g/h]","Cu/SiO2-AE [SI Figure S3(II), AE, 380 °C, WHSV 3 L/g/h]",orig,all,cost_f0.95
10.1021/acscatal.5b00682 | 30 bar | H2/CO2 4 | 6 NL/g/h,10.1021/acscatal.5b00682,2,True,0.0902059,"Cu/SiO2-AE [SI Figure S3(II), AE, 380 °C, WHSV 6 L/g/h]","Cu/SiO2-AE [SI Figure S3(I), AE, 390 °C, WHSV 6 L/g/h]",orig,all,cost_f0.95
10.1021/acscatal.5b00682 | 30 bar | H2/CO2 4 | 9 NL/g/h,10.1021/acscatal.5b00682,2,True,0.0439357,"Cu/SiO2-AE [SI Figure S3(II), AE, 380 °C, WHSV 9 L/g/h]","Cu/SiO2-AE [SI Figure S3(I), AE, 390 °C, WHSV 9 L/g/h]",orig,all,cost_f0.95
10.1021/acscatal.5c05984 | 100 bar | H2/CO2 4 | 10 NL/g/h,10.1021/acscatal.5c05984,9,True,0.0360374,5 wt % Re/TiO2 [Table 4 row 11],1 wt % Re/TiO2 [Table 4 row 3],orig,all,cost_f0.95
10.1021/acscatal.5c05984 | 100 bar | H2/CO2 4 | 20 NL/g/h,10.1021/acscatal.5c05984,2,False,0,5 wt % Re/TiO2 [Table 4 row 12],5 wt % Re/TiO2 [Table 4 row 12],orig,all,cost_f0.95
10.1021/acscatal.5c05984 | 100 bar | H2/CO2 4 | 40 NL/g/h,10.1021/acscatal.5c05984,2,False,0,5 wt % Re/TiO2 [Table 4 row 14],5 wt % Re/TiO2 [Table 4 row 14],orig,all,cost_f0.95
10.1021/acscatal.9b01869 | 50 bar | H2/CO2 0.25 | 24000 h-1,10.1021/acscatal.9b01869,3,True,0.00494313,"PM-800 [SI Figure S9a, PM-800, 290 °C]","PM-600 [SI Figure S9a, PM-600, 290 °C]",orig,all,cost_f0.95
10.1021/acscatal.9b01869 | 50 bar | H2/CO2 4 | 24000 h-1,10.1021/acscatal.9b01869,16,False,0,"In2.5/ZrO2 [Fig 5, In2.5/ZrO2, 280 °C]","In2.5/ZrO2 [Fig 5, In2.5/ZrO2, 280 °C]",orig,all,cost_f0.95
10.1021/acscatal.9b03305 | 50 bar | H2/CO2 4 | 24 NL/g/h,10.1021/acscatal.9b03305,12,False,0,"In2O3/m-ZrO2 [Figure 8/text, 5 wt % In2O3/m-ZrO2, 553 K]","In2O3/m-ZrO2 [Figure 8/text, 5 wt % In2O3/m-ZrO2, 553 K]",orig,all,cost_f0.95
10.1021/cs500979c | 80 bar | H2/CO2 3 | 3600 h-1,10.1021/cs500979c,18,False,0,"Cu/ZrO2(III) [Table 6, Cu/ZrO2(III), 533 K]","Cu/ZrO2(III) [Table 6, Cu/ZrO2(III), 533 K]",orig,all,cost_f0.95
10.1038/s41467-019-11349-9 | 50 bar | H2/CO2 4 | 48 NL/g/h,10.1038/s41467-019-11349-9,3,False,0,"Pd–In2O3 CP [Table 2 Pd–In2O3 CP, WHSV 48,000 initial]","Pd–In2O3 CP [Table 2 Pd–In2O3 CP, WHSV 48,000 initial]",orig,all,cost_f0.95
10.1038/s41467-021-22224-x | 50 bar | H2/CO2 4 | 24 NL/g/h,10.1038/s41467-021-22224-x,11,False,0,"1Ni-In2O3 [Fig. 1b, 1Ni-In2O3 DI]","1Ni-In2O3 [Fig. 1b, 1Ni-In2O3 DI]",orig,all,cost_f0.95
10.1039/c2cy20604h | 100 bar | H2/CO2 3.8 | 10.6 NL/g/h,10.1039/c2cy20604h,11,False,0,"Cu–Ba/Al2O3 [Fig 8, Cu-Ba/Al2O3, 473 K, 10 MPa]","Cu–Ba/Al2O3 [Fig 8, Cu-Ba/Al2O3, 473 K, 10 MPa]",orig,all,cost_f0.95
10.1039/c2cy20604h | 100 bar | H2/CO2 3.8 | 4000 h-1,10.1039/c2cy20604h,4,False,0,"Cu–Ba/Al2O3 [SI Table 3, 553 K, 10 MPa]","Cu–Ba/Al2O3 [SI Table 3, 553 K, 10 MPa]",orig,all,cost_f0.95
10.1039/c2cy20604h | 30 bar | H2/CO2 3.8 | 10.6 NL/g/h,10.1039/c2cy20604h,11,False,0,"Cu–Ba/Al2O3 [Fig 8, Cu-Ba/Al2O3, 473 K, 3 MPa]","Cu–Ba/Al2O3 [Fig 8, Cu-Ba/Al2O3, 473 K, 3 MPa]",orig,all,cost_f0.95
10.1039/c2cy20604h | 30 bar | H2/CO2 3.8 | 4000 h-1,10.1039/c2cy20604h,4,True,0.0102126,"Cu–Ba/Al2O3 [SI Table 3, 503 K, 3 MPa]","Cu–Ba/Al2O3 [SI Table 3, 553 K, 3 MPa]",orig,all,cost_f0.95
10.1039/c2cy20604h | 360 bar | H2/CO2 3.8 | 10.6 NL/g/h,10.1039/c2cy20604h,11,True,0.00599858,"Cu/Al2O3 [Fig 5/Fig 6, Cu/Al2O3, 473 K, 36 MPa]","Cu/Al2O3 [Fig 5/Fig 6, Cu/Al2O3, 503 K, 36 MPa]",orig,all,cost_f0.95
10.1039/c2cy20604h | 360 bar | H2/CO2 3.8 | 4000 h-1,10.1039/c2cy20604h,4,False,0,"Cu–Ba/Al2O3 [SI Table 3, 503 K, 36 MPa]","Cu–Ba/Al2O3 [SI Table 3, 503 K, 36 MPa]",orig,all,cost_f0.95
10.1039/c2cy20604h | 4 bar | H2/CO2 3.8 | 10.6 NL/g/h,10.1039/c2cy20604h,11,True,0.0522767,"Cu–Ba/Al2O3 [Fig 8, Cu-Ba/Al2O3, 473 K, 0.40 MPa]","Cu–K/Al2O3 [Fig 7, Cu-K/Al2O3, 553 K, 0.40 MPa]",orig,all,cost_f0.95
10.1039/c2cy20604h | 4 bar | H2/CO2 3.8 | 4000 h-1,10.1039/c2cy20604h,4,True,0.05854,"Cu–Ba/Al2O3 [SI Table 3, 533 K, 0.4 MPa]","Cu–Ba/Al2O3 [SI Table 3, 553 K, 0.4 MPa]",orig,all,cost_f0.95
10.1039/c4cy00848k | 7 bar | H2/CO2 9 | 2 NL/g/h,10.1039/c4cy00848k,6,False,0,Cu(15)ZnO [SI Fig S7/S8 Cu(15)ZnO point 1],Cu(15)ZnO [SI Fig S7/S8 Cu(15)ZnO point 1],orig,all,cost_f0.95
10.1039/c4cy00848k | 7 bar | H2/CO2 9 | 4 NL/g/h,10.1039/c4cy00848k,6,False,0,"Cu(15)ZnO [Table 3, Cu(15)ZnO at 180 °C]","Cu(15)ZnO [Table 3, Cu(15)ZnO at 180 °C]",orig,all,cost_f0.95
10.1039/c5cy00372e | 10 bar | H2/CO2 3.04 | 10 NL/g/h,10.1039/c5cy00372e,3,False,0,"CHT-Y0.1 [Fig. 8 CHT-Y0.1, 1 MPa]","CHT-Y0.1 [Fig. 8 CHT-Y0.1, 1 MPa]",orig,all,cost_f0.95
10.1039/c5cy00372e | 3 bar | H2/CO2 3.04 | 10 NL/g/h,10.1039/c5cy00372e,3,False,0,"CHT-Y0.1 [Fig. 8 CHT-Y0.1, 0.3 MPa]","CHT-Y0.1 [Fig. 8 CHT-Y0.1, 0.3 MPa]",orig,all,cost_f0.95
10.1039/c5cy00372e | 30 bar | H2/CO2 3.04 | 10 NL/g/h,10.1039/c5cy00372e,3,False,0,"CHT-Y0.1 [Fig. 8 CHT-Y0.1, 3 MPa]","CHT-Y0.1 [Fig. 8 CHT-Y0.1, 3 MPa]",orig,all,cost_f0.95
10.1039/c5cy00372e | 50 bar | H2/CO2 3.04 | 10 NL/g/h,10.1039/c5cy00372e,5,False,0,CHT-Y0.1 [Table 6 row CHT-Y0.1],CHT-Y0.1 [Table 6 row CHT-Y0.1],orig,all,cost_f0.95
10.1039/c5cy00372e | 70 bar | H2/CO2 3.04 | 10 NL/g/h,10.1039/c5cy00372e,3,False,0,"CHT-Y0.1 [Fig. 8 CHT-Y0.1, 7 MPa]","CHT-Y0.1 [Fig. 8 CHT-Y0.1, 7 MPa]",orig,all,cost_f0.95
10.1039/c5cy00372e | 90 bar | H2/CO2 3.04 | 10 NL/g/h,10.1039/c5cy00372e,3,False,0,"CHT-Y0.1 [Fig. 8/text CHT-Y0.1, 9.0 MPa]","CHT-Y0.1 [Fig. 8/text CHT-Y0.1, 9.0 MPa]",orig,all,cost_f0.95
10.1039/c5ra04774a | 30 bar | H2/CO2 3 | 3.6 NL/g/h,10.1039/c5ra04774a,24,True,0.00128494,"CZ/CNTs-3 [Table 1 row 9 / Fig. 1, 260 °C]","CZ/CNTs-3 [Fig. 1, 280 °C, CZ/CNTs-3]",orig,all,cost_f0.95
10.1039/c6ra28305e | 30 bar | H2/CO2 3 | 3600 h-1,10.1039/c6ra28305e,4,False,0,"CZ-450 [Table 2, CZ-450]","CZ-450 [Table 2, CZ-450]",orig,all,cost_f0.95
10.1039/d0gc01597k | 50 bar | H2/CO2 4 | 21 NL/g/h,10.1039/d0gc01597k,10,True,0.0111191,"Pt/In2O3 [Fig. 1a,b/text, Pt/In2O3, 300 °C]","Pt/In2O3 [Fig. 1a,b, Pt/In2O3, 250 °C]",orig,all,cost_f0.95
10.1126/sciadv.1701290 | 20 bar | H2/CO2 3 | 24 NL/g/h,10.1126/sciadv.1701290,10,True,0.0394496,"13% ZnO-ZrO2 [SI Figure S2, p=2 MPa]","13% ZnO-ZrO2 [SI Figure S17A, 380 °C]",orig,all,cost_f0.95
10.1126/sciadv.1701290 | 50 bar | H2/CO2 3 | 24 NL/g/h,10.1126/sciadv.1701290,24,True,0.00211643,"13% ZnO-ZrO2 [SI Figure S2, p=5 MPa]","13% ZnO-ZrO2 [Figure 1B, H2/CO2=3:1, 380°C]",orig,all,cost_f0.95
10.1126/sciadv.1701290 | 50 bar | H2/CO2 4 | 24 NL/g/h,10.1126/sciadv.1701290,11,True,0.0211831,"13% ZnO-ZrO2 [Figure 1B, H2/CO2=4:1, 340°C]","13% ZnO-ZrO2 [Figure 1B, H2/CO2=4:1, 280°C]",orig,all,cost_f0.95
10.1126/sciadv.aaz2060 | 50 bar | H2/CO2 3 | 9 NL/g/h,10.1126/sciadv.aaz2060,2,False,0,"c–In2O3-S [Fig. 5A, c–In2O3-S, standard conditions, 44 h]","c–In2O3-S [Fig. 5A, c–In2O3-S, standard conditions, 44 h]",orig,all,cost_f0.95
10.1126/sciadv.aaz2060 | 50 bar | H2/CO2 3.04 | 9 NL/g/h,10.1126/sciadv.aaz2060,18,True,0.0209248,"h–In2O3-R [Fig. 5B/C, h–In2O3-R, 360°C, standard feed]","c–In2O3-S [Fig. 5B/C, c–In2O3-S, 360°C, standard feed]",orig,all,cost_f0.95
10.1126/sciadv.abi6012 | 40 bar | H2/CO2 3 | 12 NL/g/h,10.1126/sciadv.abi6012,18,True,0.0222199,"InNi3C0.5/Fe3O4 [Figure 5E, InNi3C0.5/Fe3O4, last point]","InNi3C0.5/Fe3O4 [Figure 5E, InNi3C0.5/Fe3O4, first point]",orig,all,cost_f0.95
10.1126/sciadv.abi6012 | 40 bar | H2/CO2 3 | 24 NL/g/h,10.1126/sciadv.abi6012,4,False,0,"InNi3C0.5/m-ZrO2 [Fig. 2B, InNi3C0.5/m-ZrO2, 24000 ml gcat-1 hour-1]","InNi3C0.5/m-ZrO2 [Fig. 2B, InNi3C0.5/m-ZrO2, 24000 ml gcat-1 hour-1]",orig,all,cost_f0.95
10.1126/sciadv.abi6012 | 40 bar | H2/CO2 4 | 12 NL/g/h,10.1126/sciadv.abi6012,5,False,0,"InNi3C0.5/m-ZrO2 [SI Figure S5A, H2/CO2=4/1, 350 °C]","InNi3C0.5/m-ZrO2 [SI Figure S5A, H2/CO2=4/1, 350 °C]",orig,all,cost_f0.95
10.1126/sciadv.abi6012 | 40 bar | H2/CO2 5 | 12 NL/g/h,10.1126/sciadv.abi6012,5,True,0.00192597,"InNi3C0.5/m-ZrO2 [SI Figure S5A, H2/CO2=5/1, 350 °C]","InNi3C0.5/m-ZrO2 [SI Figure S5A, H2/CO2=5/1, 250 °C]",orig,all,cost_f0.95
10.1126/sciadv.abi6012 | 40 bar | H2/CO2 8 | 30 NL/g/h,10.1126/sciadv.abi6012,2,True,0.0103983,"InNi3C0.5/Fe3O4 [Text/Table S7, InNi3C0.5/Fe3O4, 325C, 4.0 MPa, H2/CO2 8:1, GHSV 30000]","CuZnAl [SI Table S7 row CuZnAl, 325 °C]",orig,all,cost_f0.95
10.1002/anie.201600943 | 50 bar | H2/CO2 4 | 26 NL/g/h,10.1002/anie.201600943,2,False,0,"In2O3 [Figure 1a, In2O3, 573 K]","In2O3 [Figure 1a, In2O3, 573 K]",orig,all,cost_f0.9
10.1002/anie.202401168 | 30 bar | H2/CO2 3 | 9 NL/g/h,10.1002/anie.202401168,44,True,0.0257811,"Ir1Pd1-In2O3(CP-PD) [SI Figure S29, t=10 h, 275 °C]","Ir1Pd1-In2O3(CP-PD) [Text page 9, Ir1Pd1-In2O3(CP-PD), 200 °C]",orig,all,cost_f0.9
10.1002/cctc.202000974 | 20 bar | H2/CO2 3 | 3.6 NL/g/h,10.1002/cctc.202000974,29,True,0.00853637,"physical mixture of Pd/ZnO and TiO2 [Text, physical mixture Pd/ZnO and TiO2, 250°C]","PdZn/ZnTiO3 [SI Table S2, PdZn/ZnTiO3, 250 °C]",orig,all,cost_f0.9
10.1002/ente.201800747 | 40 bar | H2/CO2 3 | 21.6 NL/g/h,10.1002/ente.201800747,32,True,0.103893,"Cat-4.5 [Figure 5a left; Cat-4.5 at 325 °C, last point]","Cat-4.5 [SI Table S1, Cat-4.5, 250 °C]",orig,all,cost_f0.9
10.1016/j.apcata.2018.04.036 | 30 bar | H2/CO2 3 | 2.4 NL/g/h,10.1016/j.apcata.2018.04.036,13,True,0.00533548,"0.5Ca5P5ZC [Fig 10a,b, 0.5Ca5P5ZC, 250 °C]","0.5Ca5P5ZC [Fig 10a,b/text, 0.5Ca5P5ZC, 230 °C, 30 bar]",orig,all,cost_f0.9
10.1016/j.apcata.2019.117144 | 40 bar | H2/CO2 4 | 52 NL/g/h,10.1016/j.apcata.2019.117144,20,True,0.0158634,"In2O3/ZrO2 [Fig. 5/Table 1, 573 K, In2O3/ZrO2]","In2O3/ZrO2 [Fig. 5, 543 K, In2O3/ZrO2]",orig,all,cost_f0.9
10.1016/j.apcatb.2017.06.069 | 50 bar | H2/CO2 4 | 21 NL/g/h,10.1016/j.apcatb.2017.06.069,15,True,0.00416307,"Pd-P/In2O3 [Text/Fig. 1, Pd-P/In2O3, 300 °C, 5 MPa]","Pd-P/In2O3 [Figure 1a,b, 250 °C, Pd-P/In2O3]",orig,all,cost_f0.9
10.1016/j.apcatb.2019.118367 | 30 bar | H2/CO2 3 | 6 NL/g/h,10.1016/j.apcatb.2019.118367,9,True,0.00221921,"Pd/ZnO-3.93Al [Fig. 4, Pd/ZnO-3.93Al]","Pd/ZnO [Fig. 4, Pd/ZnO]",orig,all,cost_f0.9
10.1016/j.cattod.2019.05.040 | 10 bar | H2/CO2 3 | 2.4 NL/g/h,10.1016/j.cattod.2019.05.040,2,False,0,"0.5Ca5P5ZZr-IMP [Figure 7d-e, 0.5Ca5P5ZZr-IMP at 250 °C and 10 bar]","0.5Ca5P5ZZr-IMP [Figure 7d-e, 0.5Ca5P5ZZr-IMP at 250 °C and 10 bar]",orig,all,cost_f0.9
10.1016/j.cattod.2019.05.040 | 20 bar | H2/CO2 3 | 2.4 NL/g/h,10.1016/j.cattod.2019.05.040,2,False,0,"0.5Ca5P5ZZr-IMP [Figure 7d-e, 0.5Ca5P5ZZr-IMP at 250 °C and 20 bar]","0.5Ca5P5ZZr-IMP [Figure 7d-e, 0.5Ca5P5ZZr-IMP at 250 °C and 20 bar]",orig,all,cost_f0.9
10.1016/j.cattod.2019.05.040 | 30 bar | H2/CO2 3 | 2.4 NL/g/h,10.1016/j.cattod.2019.05.040,13,True,0.0115717,"0.5Ca5P5ZZr-IMP [Figure 7a-c, 0.5Ca5P5ZZr-IMP at 270 °C]","0.5Ca5P5ZZr-IMP [Table 3, 0.5Ca5P5ZZr-IMP at 230 °C]",orig,all,cost_f0.9
10.1016/j.cattod.2020.05.049 | 41 bar | H2/CO2 3 | 3.6 NL/g/h,10.1016/j.cattod.2020.05.049,12,False,0,Pd-Cu/Ti0.1Zr0.9O2 [Table 1 row 9],Pd-Cu/Ti0.1Zr0.9O2 [Table 1 row 9],orig,all,cost_f0.9
10.1016/j.cej.2022.135090 | 40 bar | H2/CO2 3 | 6 NL/g/h,10.1016/j.cej.2022.135090,7,False,0,"In2O3/HZSM-5 [Fig. 2/Fig. 7, In2O3/HZSM-5 = 2:1, 400 °C]","In2O3/HZSM-5 [Fig. 2/Fig. 7, In2O3/HZSM-5 = 2:1, 400 °C]",orig,all,cost_f0.9
10.1016/j.cej.2024.149370 | 50 bar | H2/CO2 4 | 21 NL/g/h,10.1016/j.cej.2024.149370,25,True,0.0125097,"Pd-Pt/In2O3 [Fig. 1a,b/text, Pd-Pt/In2O3, 300 °C]","Pd-Pt/In2O3 [Fig. 1a,b, Pd-Pt/In2O3, 240 °C]",orig,all,cost_f0.9
10.1016/j.fuel.2022.125878 | 30 bar | H2/CO2 3 | 12000 h-1,10.1016/j.fuel.2022.125878,17,False,0,"In13/ZrO2 [Fig. 9/text, In13/ZrO2, 573 K]","In13/ZrO2 [Fig. 9/text, In13/ZrO2, 573 K]",orig,all,cost_f0.9
10.1016/j.fuel.2023.127927 | 20 bar | H2/CO2 3 | 2.4 NL/g/h,10.1016/j.fuel.2023.127927,20,True,0.00332303,"0.5Ca-PZC [Table 1, 0.5Ca-PZC]","0.7Ca-PZC [Figure 6A, 250 °C, 0.7Ca-PZC]",orig,all,cost_f0.9
10.1016/j.fuel.2023.128376 | 50 bar | H2/CO2 4 | 24 NL/g/h,10.1016/j.fuel.2023.128376,17,True,0.0401391,"5.0% Zn-CdZrOx [Fig. 1/text, 5.0% Zn-CdZrOx, 320℃]","5.0% Zn-CdZrOx [Fig. 1/text, 5.0% Zn-CdZrOx, 280℃]",orig,all,cost_f0.9
10.1016/j.fuel.2023.128376 | 50 bar | H2/CO2 4 | 24000 h-1,10.1016/j.fuel.2023.128376,18,True,0.0160297,"10.0% Zn-CdZrOx [SI Figure S1, 10.0% Zn-CdZrOx, 320 °C]","10.0% Zn-CdZrOx [SI Figure S1, 10.0% Zn-CdZrOx, 300 °C]",orig,all,cost_f0.9
10.1016/j.fuel.2024.131111 | 40 bar | H2/CO2 5 | 12 NL/g/h,10.1016/j.fuel.2024.131111,20,True,0.00929945,"5InNi3C0.5/Fe3O4-400/425 [Fig. 6A, 260 °C]","5InNi3C0.5/Fe3O4-400/425 [Fig. 6A, 200 °C]",orig,all,cost_f0.9
10.1016/j.fuel.2024.131111 | 40 bar | H2/CO2 5 | 18 NL/g/h,10.1016/j.fuel.2024.131111,2,False,0,"5InNi3C0.5/Fe3O4-400/425 [Fig. 6B, H2/CO2 = 5/1]","5InNi3C0.5/Fe3O4-400/425 [Fig. 6B, H2/CO2 = 5/1]",orig,all,cost_f0.9
10.1016/j.fuel.2024.131111 | 60 bar | H2/CO2 10 | 116 NL/g/h,10.1016/j.fuel.2024.131111,2,False,0,"5InNi3C0.5/Fe3O4-400/425 [Fig. 7A stability, 120 h]","5InNi3C0.5/Fe3O4-400/425 [Fig. 7A stability, 120 h]",orig,all,cost_f0.9
10.1016/j.jcat.2012.05.020 | 30 bar | H2/CO2 3 | 13.4 NL/g/h,10.1016/j.jcat.2012.05.020,3,False,0,"PdMgGa [Table 2, PdMgGa]","PdMgGa [Table 2, PdMgGa]",orig,all,cost_f0.9
10.1016/j.jcat.2016.03.017 | 20 bar | H2/CO2 3 | 3.6 NL/g/h,10.1016/j.jcat.2016.03.017,26,False,0,"5% Pd/ZnO SI [Figure 9b, first point]","5% Pd/ZnO SI [Figure 9b, first point]",orig,all,cost_f0.9
10.1016/j.jcou.2016.11.015 | 40 bar | H2/CO2 3.04 | 1.5 NL/g/h,10.1016/j.jcou.2016.11.015,10,False,0,"CZA-5 [Text, 513 K, 55.3 wt.% catalyst]","CZA-5 [Text, 513 K, 55.3 wt.% catalyst]",orig,all,cost_f0.9
10.1016/j.jcou.2022.102209 | 40 bar | H2/CO2 3 | 24 NL/g/h,10.1016/j.jcou.2022.102209,35,True,0.0926805,"CoIn-73-BP-1 [SI Fig. S2, CoIn-73-BP-1, 285 °C]","CoIn-64-BP-1 [SI Fig. S2, CoIn-64-BP-1, 240 °C]",orig,all,cost_f0.9
10.1016/j.jes.2023.05.010 | 30 bar | H2/CO2 4 | 18 NL/g/h,10.1016/j.jes.2023.05.010,15,False,0,"Au/In2O3-NS [Fig. 6a,b and text, Au/In2O3-NS, 300°C]","Au/In2O3-NS [Fig. 6a,b and text, Au/In2O3-NS, 300°C]",orig,all,cost_f0.9
10.1016/j.jes.2023.05.010 | 30 bar | H2/CO2 4 | 18000 h-1,10.1016/j.jes.2023.05.010,15,True,0.0218983,In2O3-NS [SI Table S5 row In2O3-NS],"In2O3-NS [SI Figure S4a,b, In2O3-NS, 250 °C]",orig,all,cost_f0.9
10.1016/j.mcat.2020.111105 | 30 bar | H2/CO2 3 | 10000 h-1,10.1016/j.mcat.2020.111105,36,True,0.101827,"35-CuO [Fig. 7/Table 2, 35-CuO, 280 °C]","35-CuO [Fig. 7, 35-CuO, 260 °C]",orig,all,cost_f0.9
10.1021/acs.iecr.7b01464 | 20 bar | H2/CO2 3.03 | 0.873 NL/g/h,10.1021/acs.iecr.7b01464,3,False,0,"CZA400 [Fig 7, CZA400, 2 MPa, internal cooling]","CZA400 [Fig 7, CZA400, 2 MPa, internal cooling]",orig,all,cost_f0.9
10.1021/acs.iecr.7b01464 | 30 bar | H2/CO2 3.03 | 0.873 NL/g/h,10.1021/acs.iecr.7b01464,15,False,0,"CZA400 [Text/Fig 6, CZA400, 260 °C, internal cooling]","CZA400 [Text/Fig 6, CZA400, 260 °C, internal cooling]",orig,all,cost_f0.9
10.1021/acs.iecr.7b01464 | 40 bar | H2/CO2 3.03 | 0.873 NL/g/h,10.1021/acs.iecr.7b01464,3,False,0,"CZA400 [Text/Fig 7, CZA400, 4 MPa, internal cooling]","CZA400 [Text/Fig 7, CZA400, 4 MPa, internal cooling]",orig,all,cost_f0.9
10.1021/acsaem.1c01502 | 50 bar | H2/CO2 3 | 30 NL/g/h,10.1021/acsaem.1c01502,15,True,0.00304207,"CP-Pd/ZnZr [Figure 1, CP-Pd/ZnZr, 340 °C]","CP-Pd/ZnZr [Figure 1/text, CP-Pd/ZnZr, 320 °C]",orig,all,cost_f0.9
10.1021/acsami.1c05586 | 30 bar | H2/CO2 3 | 7.2 NL/g/h,10.1021/acsami.1c05586,36,True,0.00398776,"0.92In-4.6Cu/CeO2 [Table 6/Fig 7, 0.92In-4.6Cu/CeO2, 290 °C]","0.92In-4.6Cu/CeO2 [Table 6/Fig 7, 0.92In-4.6Cu/CeO2, 210 °C]",orig,all,cost_f0.9
10.1021/acscatal.0c03324 | 30 bar | H2/CO2 3 | 10 NL/g/h,10.1021/acscatal.0c03324,2,True,0.0248322,"2Pd/CeO2-O [SI Fig S7, O GHSV 10]",2Pd/CeO2-R [Figure 10c; 2Pd/CeO2-R; GHSV 10 L gcat−1 h−1],orig,all,cost_f0.9
10.1021/acscatal.0c03324 | 30 bar | H2/CO2 3 | 14 NL/g/h,10.1021/acscatal.0c03324,2,True,0.038749,"2Pd/CeO2-O [SI Fig S7, O GHSV 14]",2Pd/CeO2-R [Figure 10c; 2Pd/CeO2-R; GHSV 14 L gcat−1 h−1],orig,all,cost_f0.9
10.1021/acscatal.0c03324 | 30 bar | H2/CO2 3 | 18 NL/g/h,10.1021/acscatal.0c03324,2,False,0,"2Pd/CeO2-O [SI Fig S7, O GHSV 18]","2Pd/CeO2-O [SI Fig S7, O GHSV 18]",orig,all,cost_f0.9
10.1021/acscatal.0c03324 | 30 bar | H2/CO2 3 | 2 NL/g/h,10.1021/acscatal.0c03324,6,True,0.00389161,2Pd/CeO2-R [Figure 10a; 2Pd/CeO2-R; 280 °C],2Pd/CeO2-R [Table 3 row 1; standard conditions],orig,all,cost_f0.9
10.1021/acscatal.0c03324 | 30 bar | H2/CO2 3 | 6 NL/g/h,10.1021/acscatal.0c03324,4,True,0.0234188,"2Pd/CeO2-O [SI Fig S7, O GHSV 6]",2Pd/CeO2-R [Text section 3.5; stability test at 100 h],orig,all,cost_f0.9
10.1021/acscatal.0c05628 | 50 bar | H2/CO2 4 | 21 NL/g/h,10.1021/acscatal.0c05628,20,True,0.013895,"Ir/In2O3-10 [Text/Figure 1, Ir/In2O3-10, 300 °C]","Ir/In2O3-10 [Text/Figure 1a, Ir/In2O3-10, 250 °C]",orig,all,cost_f0.9
10.1021/acscatal.1c03170 | 30 bar | H2/CO2 3 | 60 NL/g/h,10.1021/acscatal.1c03170,14,False,0,"NiO(6)−In2O3 [Fig 4a,b, NiO content 6 wt%]","NiO(6)−In2O3 [Fig 4a,b, NiO content 6 wt%]",orig,all,cost_f0.9
10.1021/acscatal.5b00682 | 30 bar | H2/CO2 4 | 12 NL/g/h,10.1021/acscatal.5b00682,2,True,0.0412288,"Cu/SiO2-AE [SI Figure S3(II), AE, 380 °C, WHSV 12 L/g/h]","Cu/SiO2-AE [SI Figure S3(I), AE, 390 °C, WHSV 12 L/g/h]",orig,all,cost_f0.9
10.1021/acscatal.5b00682 | 30 bar | H2/CO2 4 | 16 NL/g/h,10.1021/acscatal.5b00682,8,True,0.0432269,"Cu/SiO2-AE [Figure 1, 320 °C]","Cu/SiO2-AE [Figure 1, 300 °C]",orig,all,cost_f0.9
10.1021/acscatal.5b00682 | 30 bar | H2/CO2 4 | 3 NL/g/h,10.1021/acscatal.5b00682,2,False,0,"Cu/SiO2-AE [SI Figure S3(II), AE, 380 °C, WHSV 3 L/g/h]","Cu/SiO2-AE [SI Figure S3(II), AE, 380 °C, WHSV 3 L/g/h]",orig,all,cost_f0.9
10.1021/acscatal.5b00682 | 30 bar | H2/CO2 4 | 6 NL/g/h,10.1021/acscatal.5b00682,2,True,0.0902059,"Cu/SiO2-AE [SI Figure S3(II), AE, 380 °C, WHSV 6 L/g/h]","Cu/SiO2-AE [SI Figure S3(I), AE, 390 °C, WHSV 6 L/g/h]",orig,all,cost_f0.9
10.1021/acscatal.5b00682 | 30 bar | H2/CO2 4 | 9 NL/g/h,10.1021/acscatal.5b00682,2,True,0.0439357,"Cu/SiO2-AE [SI Figure S3(II), AE, 380 °C, WHSV 9 L/g/h]","Cu/SiO2-AE [SI Figure S3(I), AE, 390 °C, WHSV 9 L/g/h]",orig,all,cost_f0.9
10.1021/acscatal.5c05984 | 100 bar | H2/CO2 4 | 10 NL/g/h,10.1021/acscatal.5c05984,9,True,0.0360374,5 wt % Re/TiO2 [Table 4 row 11],1 wt % Re/TiO2 [Table 4 row 3],orig,all,cost_f0.9
10.1021/acscatal.5c05984 | 100 bar | H2/CO2 4 | 20 NL/g/h,10.1021/acscatal.5c05984,2,False,0,5 wt % Re/TiO2 [Table 4 row 12],5 wt % Re/TiO2 [Table 4 row 12],orig,all,cost_f0.9
10.1021/acscatal.5c05984 | 100 bar | H2/CO2 4 | 40 NL/g/h,10.1021/acscatal.5c05984,2,False,0,5 wt % Re/TiO2 [Table 4 row 14],5 wt % Re/TiO2 [Table 4 row 14],orig,all,cost_f0.9
10.1021/acscatal.9b01869 | 50 bar | H2/CO2 0.25 | 24000 h-1,10.1021/acscatal.9b01869,3,True,0.00494313,"PM-800 [SI Figure S9a, PM-800, 290 °C]","PM-600 [SI Figure S9a, PM-600, 290 °C]",orig,all,cost_f0.9
10.1021/acscatal.9b01869 | 50 bar | H2/CO2 4 | 24000 h-1,10.1021/acscatal.9b01869,16,False,0,"In2.5/ZrO2 [Fig 5, In2.5/ZrO2, 280 °C]","In2.5/ZrO2 [Fig 5, In2.5/ZrO2, 280 °C]",orig,all,cost_f0.9
10.1021/acscatal.9b03305 | 50 bar | H2/CO2 4 | 24 NL/g/h,10.1021/acscatal.9b03305,12,False,0,"In2O3/m-ZrO2 [Figure 8/text, 5 wt % In2O3/m-ZrO2, 553 K]","In2O3/m-ZrO2 [Figure 8/text, 5 wt % In2O3/m-ZrO2, 553 K]",orig,all,cost_f0.9
10.1021/cs500979c | 80 bar | H2/CO2 3 | 3600 h-1,10.1021/cs500979c,18,False,0,"Cu/ZrO2(III) [Table 6, Cu/ZrO2(III), 533 K]","Cu/ZrO2(III) [Table 6, Cu/ZrO2(III), 533 K]",orig,all,cost_f0.9
10.1038/s41467-019-11349-9 | 50 bar | H2/CO2 4 | 48 NL/g/h,10.1038/s41467-019-11349-9,3,False,0,"Pd–In2O3 CP [Table 2 Pd–In2O3 CP, WHSV 48,000 initial]","Pd–In2O3 CP [Table 2 Pd–In2O3 CP, WHSV 48,000 initial]",orig,all,cost_f0.9
10.1038/s41467-021-22224-x | 50 bar | H2/CO2 4 | 24 NL/g/h,10.1038/s41467-021-22224-x,11,False,0,"1Ni-In2O3 [Fig. 1b, 1Ni-In2O3 DI]","1Ni-In2O3 [Fig. 1b, 1Ni-In2O3 DI]",orig,all,cost_f0.9
10.1039/c2cy20604h | 100 bar | H2/CO2 3.8 | 10.6 NL/g/h,10.1039/c2cy20604h,11,False,0,"Cu–Ba/Al2O3 [Fig 8, Cu-Ba/Al2O3, 473 K, 10 MPa]","Cu–Ba/Al2O3 [Fig 8, Cu-Ba/Al2O3, 473 K, 10 MPa]",orig,all,cost_f0.9
10.1039/c2cy20604h | 100 bar | H2/CO2 3.8 | 4000 h-1,10.1039/c2cy20604h,4,False,0,"Cu–Ba/Al2O3 [SI Table 3, 553 K, 10 MPa]","Cu–Ba/Al2O3 [SI Table 3, 553 K, 10 MPa]",orig,all,cost_f0.9
10.1039/c2cy20604h | 30 bar | H2/CO2 3.8 | 10.6 NL/g/h,10.1039/c2cy20604h,11,False,0,"Cu–Ba/Al2O3 [Fig 8, Cu-Ba/Al2O3, 473 K, 3 MPa]","Cu–Ba/Al2O3 [Fig 8, Cu-Ba/Al2O3, 473 K, 3 MPa]",orig,all,cost_f0.9
10.1039/c2cy20604h | 30 bar | H2/CO2 3.8 | 4000 h-1,10.1039/c2cy20604h,4,True,0.0102126,"Cu–Ba/Al2O3 [SI Table 3, 503 K, 3 MPa]","Cu–Ba/Al2O3 [SI Table 3, 553 K, 3 MPa]",orig,all,cost_f0.9
10.1039/c2cy20604h | 360 bar | H2/CO2 3.8 | 10.6 NL/g/h,10.1039/c2cy20604h,11,True,0.00599858,"Cu/Al2O3 [Fig 5/Fig 6, Cu/Al2O3, 473 K, 36 MPa]","Cu/Al2O3 [Fig 5/Fig 6, Cu/Al2O3, 503 K, 36 MPa]",orig,all,cost_f0.9
10.1039/c2cy20604h | 360 bar | H2/CO2 3.8 | 4000 h-1,10.1039/c2cy20604h,4,False,0,"Cu–Ba/Al2O3 [SI Table 3, 503 K, 36 MPa]","Cu–Ba/Al2O3 [SI Table 3, 503 K, 36 MPa]",orig,all,cost_f0.9
10.1039/c2cy20604h | 4 bar | H2/CO2 3.8 | 10.6 NL/g/h,10.1039/c2cy20604h,11,True,0.0522767,"Cu–Ba/Al2O3 [Fig 8, Cu-Ba/Al2O3, 473 K, 0.40 MPa]","Cu–K/Al2O3 [Fig 7, Cu-K/Al2O3, 553 K, 0.40 MPa]",orig,all,cost_f0.9
10.1039/c2cy20604h | 4 bar | H2/CO2 3.8 | 4000 h-1,10.1039/c2cy20604h,4,True,0.05854,"Cu–Ba/Al2O3 [SI Table 3, 533 K, 0.4 MPa]","Cu–Ba/Al2O3 [SI Table 3, 553 K, 0.4 MPa]",orig,all,cost_f0.9
10.1039/c4cy00848k | 7 bar | H2/CO2 9 | 2 NL/g/h,10.1039/c4cy00848k,6,False,0,Cu(15)ZnO [SI Fig S7/S8 Cu(15)ZnO point 1],Cu(15)ZnO [SI Fig S7/S8 Cu(15)ZnO point 1],orig,all,cost_f0.9
10.1039/c4cy00848k | 7 bar | H2/CO2 9 | 4 NL/g/h,10.1039/c4cy00848k,6,False,0,"Cu(15)ZnO [Table 3, Cu(15)ZnO at 180 °C]","Cu(15)ZnO [Table 3, Cu(15)ZnO at 180 °C]",orig,all,cost_f0.9
10.1039/c5cy00372e | 10 bar | H2/CO2 3.04 | 10 NL/g/h,10.1039/c5cy00372e,3,False,0,"CHT-Y0.1 [Fig. 8 CHT-Y0.1, 1 MPa]","CHT-Y0.1 [Fig. 8 CHT-Y0.1, 1 MPa]",orig,all,cost_f0.9
10.1039/c5cy00372e | 3 bar | H2/CO2 3.04 | 10 NL/g/h,10.1039/c5cy00372e,3,False,0,"CHT-Y0.1 [Fig. 8 CHT-Y0.1, 0.3 MPa]","CHT-Y0.1 [Fig. 8 CHT-Y0.1, 0.3 MPa]",orig,all,cost_f0.9
10.1039/c5cy00372e | 30 bar | H2/CO2 3.04 | 10 NL/g/h,10.1039/c5cy00372e,3,False,0,"CHT-Y0.1 [Fig. 8 CHT-Y0.1, 3 MPa]","CHT-Y0.1 [Fig. 8 CHT-Y0.1, 3 MPa]",orig,all,cost_f0.9
10.1039/c5cy00372e | 50 bar | H2/CO2 3.04 | 10 NL/g/h,10.1039/c5cy00372e,5,False,0,CHT-Y0.1 [Table 6 row CHT-Y0.1],CHT-Y0.1 [Table 6 row CHT-Y0.1],orig,all,cost_f0.9
10.1039/c5cy00372e | 70 bar | H2/CO2 3.04 | 10 NL/g/h,10.1039/c5cy00372e,3,False,0,"CHT-Y0.1 [Fig. 8 CHT-Y0.1, 7 MPa]","CHT-Y0.1 [Fig. 8 CHT-Y0.1, 7 MPa]",orig,all,cost_f0.9
10.1039/c5cy00372e | 90 bar | H2/CO2 3.04 | 10 NL/g/h,10.1039/c5cy00372e,3,False,0,"CHT-Y0.1 [Fig. 8/text CHT-Y0.1, 9.0 MPa]","CHT-Y0.1 [Fig. 8/text CHT-Y0.1, 9.0 MPa]",orig,all,cost_f0.9
10.1039/c5ra04774a | 30 bar | H2/CO2 3 | 3.6 NL/g/h,10.1039/c5ra04774a,24,True,0.00128494,"CZ/CNTs-3 [Table 1 row 9 / Fig. 1, 260 °C]","CZ/CNTs-3 [Fig. 1, 280 °C, CZ/CNTs-3]",orig,all,cost_f0.9
10.1039/c6ra28305e | 30 bar | H2/CO2 3 | 3600 h-1,10.1039/c6ra28305e,4,False,0,"CZ-450 [Table 2, CZ-450]","CZ-450 [Table 2, CZ-450]",orig,all,cost_f0.9
10.1039/d0gc01597k | 50 bar | H2/CO2 4 | 21 NL/g/h,10.1039/d0gc01597k,10,True,0.0111191,"Pt/In2O3 [Fig. 1a,b/text, Pt/In2O3, 300 °C]","Pt/In2O3 [Fig. 1a,b, Pt/In2O3, 250 °C]",orig,all,cost_f0.9
10.1126/sciadv.1701290 | 20 bar | H2/CO2 3 | 24 NL/g/h,10.1126/sciadv.1701290,10,True,0.0394496,"13% ZnO-ZrO2 [SI Figure S2, p=2 MPa]","13% ZnO-ZrO2 [SI Figure S17A, 380 °C]",orig,all,cost_f0.9
10.1126/sciadv.1701290 | 50 bar | H2/CO2 3 | 24 NL/g/h,10.1126/sciadv.1701290,24,True,0.00211643,"13% ZnO-ZrO2 [SI Figure S2, p=5 MPa]","13% ZnO-ZrO2 [Figure 1B, H2/CO2=3:1, 380°C]",orig,all,cost_f0.9
10.1126/sciadv.1701290 | 50 bar | H2/CO2 4 | 24 NL/g/h,10.1126/sciadv.1701290,11,True,0.0211831,"13% ZnO-ZrO2 [Figure 1B, H2/CO2=4:1, 340°C]","13% ZnO-ZrO2 [Figure 1B, H2/CO2=4:1, 280°C]",orig,all,cost_f0.9
10.1126/sciadv.aaz2060 | 50 bar | H2/CO2 3 | 9 NL/g/h,10.1126/sciadv.aaz2060,2,False,0,"c–In2O3-S [Fig. 5A, c–In2O3-S, standard conditions, 44 h]","c–In2O3-S [Fig. 5A, c–In2O3-S, standard conditions, 44 h]",orig,all,cost_f0.9
10.1126/sciadv.aaz2060 | 50 bar | H2/CO2 3.04 | 9 NL/g/h,10.1126/sciadv.aaz2060,18,True,0.0209248,"h–In2O3-R [Fig. 5B/C, h–In2O3-R, 360°C, standard feed]","c–In2O3-S [Fig. 5B/C, c–In2O3-S, 360°C, standard feed]",orig,all,cost_f0.9
10.1126/sciadv.abi6012 | 40 bar | H2/CO2 3 | 12 NL/g/h,10.1126/sciadv.abi6012,18,True,0.0222199,"InNi3C0.5/Fe3O4 [Figure 5E, InNi3C0.5/Fe3O4, last point]","InNi3C0.5/Fe3O4 [Figure 5E, InNi3C0.5/Fe3O4, first point]",orig,all,cost_f0.9
10.1126/sciadv.abi6012 | 40 bar | H2/CO2 3 | 24 NL/g/h,10.1126/sciadv.abi6012,4,False,0,"InNi3C0.5/m-ZrO2 [Fig. 2B, InNi3C0.5/m-ZrO2, 24000 ml gcat-1 hour-1]","InNi3C0.5/m-ZrO2 [Fig. 2B, InNi3C0.5/m-ZrO2, 24000 ml gcat-1 hour-1]",orig,all,cost_f0.9
10.1126/sciadv.abi6012 | 40 bar | H2/CO2 4 | 12 NL/g/h,10.1126/sciadv.abi6012,5,False,0,"InNi3C0.5/m-ZrO2 [SI Figure S5A, H2/CO2=4/1, 350 °C]","InNi3C0.5/m-ZrO2 [SI Figure S5A, H2/CO2=4/1, 350 °C]",orig,all,cost_f0.9
10.1126/sciadv.abi6012 | 40 bar | H2/CO2 5 | 12 NL/g/h,10.1126/sciadv.abi6012,5,True,0.00192597,"InNi3C0.5/m-ZrO2 [SI Figure S5A, H2/CO2=5/1, 350 °C]","InNi3C0.5/m-ZrO2 [SI Figure S5A, H2/CO2=5/1, 250 °C]",orig,all,cost_f0.9
10.1126/sciadv.abi6012 | 40 bar | H2/CO2 8 | 30 NL/g/h,10.1126/sciadv.abi6012,2,True,0.0103983,"InNi3C0.5/Fe3O4 [Text/Table S7, InNi3C0.5/Fe3O4, 325C, 4.0 MPa, H2/CO2 8:1, GHSV 30000]","CuZnAl [SI Table S7 row CuZnAl, 325 °C]",orig,all,cost_f0.9
10.1002/anie.201600943 | 50 bar | H2/CO2 4 | 26 NL/g/h,10.1002/anie.201600943,2,False,0,"In2O3 [Figure 1a, In2O3, 573 K]","In2O3 [Figure 1a, In2O3, 573 K]",orig,all,cost_f0.99
10.1002/anie.202401168 | 30 bar | H2/CO2 3 | 9 NL/g/h,10.1002/anie.202401168,44,True,0.0257811,"Ir1Pd1-In2O3(CP-PD) [SI Figure S29, t=10 h, 275 °C]","Ir1Pd1-In2O3(CP-PD) [Text page 9, Ir1Pd1-In2O3(CP-PD), 200 °C]",orig,all,cost_f0.99
10.1002/cctc.202000974 | 20 bar | H2/CO2 3 | 3.6 NL/g/h,10.1002/cctc.202000974,29,True,0.00853637,"physical mixture of Pd/ZnO and TiO2 [Text, physical mixture Pd/ZnO and TiO2, 250°C]","PdZn/ZnTiO3 [SI Table S2, PdZn/ZnTiO3, 250 °C]",orig,all,cost_f0.99
10.1002/ente.201800747 | 40 bar | H2/CO2 3 | 21.6 NL/g/h,10.1002/ente.201800747,32,True,0.103893,"Cat-4.5 [Figure 5a left; Cat-4.5 at 325 °C, last point]","Cat-4.5 [SI Table S1, Cat-4.5, 250 °C]",orig,all,cost_f0.99
10.1016/j.apcata.2018.04.036 | 30 bar | H2/CO2 3 | 2.4 NL/g/h,10.1016/j.apcata.2018.04.036,13,True,0.00533548,"0.5Ca5P5ZC [Fig 10a,b, 0.5Ca5P5ZC, 250 °C]","0.5Ca5P5ZC [Fig 10a,b/text, 0.5Ca5P5ZC, 230 °C, 30 bar]",orig,all,cost_f0.99
10.1016/j.apcata.2019.117144 | 40 bar | H2/CO2 4 | 52 NL/g/h,10.1016/j.apcata.2019.117144,20,True,0.0158634,"In2O3/ZrO2 [Fig. 5/Table 1, 573 K, In2O3/ZrO2]","In2O3/ZrO2 [Fig. 5, 543 K, In2O3/ZrO2]",orig,all,cost_f0.99
10.1016/j.apcatb.2017.06.069 | 50 bar | H2/CO2 4 | 21 NL/g/h,10.1016/j.apcatb.2017.06.069,15,True,0.00416307,"Pd-P/In2O3 [Text/Fig. 1, Pd-P/In2O3, 300 °C, 5 MPa]","Pd-P/In2O3 [Figure 1a,b, 250 °C, Pd-P/In2O3]",orig,all,cost_f0.99
10.1016/j.apcatb.2019.118367 | 30 bar | H2/CO2 3 | 6 NL/g/h,10.1016/j.apcatb.2019.118367,9,True,0.00221921,"Pd/ZnO-3.93Al [Fig. 4, Pd/ZnO-3.93Al]","Pd/ZnO [Fig. 4, Pd/ZnO]",orig,all,cost_f0.99
10.1016/j.cattod.2019.05.040 | 10 bar | H2/CO2 3 | 2.4 NL/g/h,10.1016/j.cattod.2019.05.040,2,False,0,"0.5Ca5P5ZZr-IMP [Figure 7d-e, 0.5Ca5P5ZZr-IMP at 250 °C and 10 bar]","0.5Ca5P5ZZr-IMP [Figure 7d-e, 0.5Ca5P5ZZr-IMP at 250 °C and 10 bar]",orig,all,cost_f0.99
10.1016/j.cattod.2019.05.040 | 20 bar | H2/CO2 3 | 2.4 NL/g/h,10.1016/j.cattod.2019.05.040,2,False,0,"0.5Ca5P5ZZr-IMP [Figure 7d-e, 0.5Ca5P5ZZr-IMP at 250 °C and 20 bar]","0.5Ca5P5ZZr-IMP [Figure 7d-e, 0.5Ca5P5ZZr-IMP at 250 °C and 20 bar]",orig,all,cost_f0.99
10.1016/j.cattod.2019.05.040 | 30 bar | H2/CO2 3 | 2.4 NL/g/h,10.1016/j.cattod.2019.05.040,13,True,0.0115717,"0.5Ca5P5ZZr-IMP [Figure 7a-c, 0.5Ca5P5ZZr-IMP at 270 °C]","0.5Ca5P5ZZr-IMP [Table 3, 0.5Ca5P5ZZr-IMP at 230 °C]",orig,all,cost_f0.99
10.1016/j.cattod.2020.05.049 | 41 bar | H2/CO2 3 | 3.6 NL/g/h,10.1016/j.cattod.2020.05.049,12,False,0,Pd-Cu/Ti0.1Zr0.9O2 [Table 1 row 9],Pd-Cu/Ti0.1Zr0.9O2 [Table 1 row 9],orig,all,cost_f0.99
10.1016/j.cej.2022.135090 | 40 bar | H2/CO2 3 | 6 NL/g/h,10.1016/j.cej.2022.135090,7,False,0,"In2O3/HZSM-5 [Fig. 2/Fig. 7, In2O3/HZSM-5 = 2:1, 400 °C]","In2O3/HZSM-5 [Fig. 2/Fig. 7, In2O3/HZSM-5 = 2:1, 400 °C]",orig,all,cost_f0.99
10.1016/j.cej.2024.149370 | 50 bar | H2/CO2 4 | 21 NL/g/h,10.1016/j.cej.2024.149370,25,True,0.0125097,"Pd-Pt/In2O3 [Fig. 1a,b/text, Pd-Pt/In2O3, 300 °C]","Pd-Pt/In2O3 [Fig. 1a,b, Pd-Pt/In2O3, 240 °C]",orig,all,cost_f0.99
10.1016/j.fuel.2022.125878 | 30 bar | H2/CO2 3 | 12000 h-1,10.1016/j.fuel.2022.125878,17,False,0,"In13/ZrO2 [Fig. 9/text, In13/ZrO2, 573 K]","In13/ZrO2 [Fig. 9/text, In13/ZrO2, 573 K]",orig,all,cost_f0.99
10.1016/j.fuel.2023.127927 | 20 bar | H2/CO2 3 | 2.4 NL/g/h,10.1016/j.fuel.2023.127927,20,True,0.00332303,"0.5Ca-PZC [Table 1, 0.5Ca-PZC]","0.7Ca-PZC [Figure 6A, 250 °C, 0.7Ca-PZC]",orig,all,cost_f0.99
10.1016/j.fuel.2023.128376 | 50 bar | H2/CO2 4 | 24 NL/g/h,10.1016/j.fuel.2023.128376,17,True,0.0401391,"5.0% Zn-CdZrOx [Fig. 1/text, 5.0% Zn-CdZrOx, 320℃]","5.0% Zn-CdZrOx [Fig. 1/text, 5.0% Zn-CdZrOx, 280℃]",orig,all,cost_f0.99
10.1016/j.fuel.2023.128376 | 50 bar | H2/CO2 4 | 24000 h-1,10.1016/j.fuel.2023.128376,18,True,0.0160297,"10.0% Zn-CdZrOx [SI Figure S1, 10.0% Zn-CdZrOx, 320 °C]","10.0% Zn-CdZrOx [SI Figure S1, 10.0% Zn-CdZrOx, 300 °C]",orig,all,cost_f0.99
10.1016/j.fuel.2024.131111 | 40 bar | H2/CO2 5 | 12 NL/g/h,10.1016/j.fuel.2024.131111,20,True,0.00929945,"5InNi3C0.5/Fe3O4-400/425 [Fig. 6A, 260 °C]","5InNi3C0.5/Fe3O4-400/425 [Fig. 6A, 200 °C]",orig,all,cost_f0.99
10.1016/j.fuel.2024.131111 | 40 bar | H2/CO2 5 | 18 NL/g/h,10.1016/j.fuel.2024.131111,2,False,0,"5InNi3C0.5/Fe3O4-400/425 [Fig. 6B, H2/CO2 = 5/1]","5InNi3C0.5/Fe3O4-400/425 [Fig. 6B, H2/CO2 = 5/1]",orig,all,cost_f0.99
10.1016/j.fuel.2024.131111 | 60 bar | H2/CO2 10 | 116 NL/g/h,10.1016/j.fuel.2024.131111,2,False,0,"5InNi3C0.5/Fe3O4-400/425 [Fig. 7A stability, 120 h]","5InNi3C0.5/Fe3O4-400/425 [Fig. 7A stability, 120 h]",orig,all,cost_f0.99
10.1016/j.jcat.2012.05.020 | 30 bar | H2/CO2 3 | 13.4 NL/g/h,10.1016/j.jcat.2012.05.020,3,False,0,"PdMgGa [Table 2, PdMgGa]","PdMgGa [Table 2, PdMgGa]",orig,all,cost_f0.99
10.1016/j.jcat.2016.03.017 | 20 bar | H2/CO2 3 | 3.6 NL/g/h,10.1016/j.jcat.2016.03.017,26,False,0,"5% Pd/ZnO SI [Figure 9b, first point]","5% Pd/ZnO SI [Figure 9b, first point]",orig,all,cost_f0.99
10.1016/j.jcou.2016.11.015 | 40 bar | H2/CO2 3.04 | 1.5 NL/g/h,10.1016/j.jcou.2016.11.015,10,False,0,"CZA-5 [Text, 513 K, 55.3 wt.% catalyst]","CZA-5 [Text, 513 K, 55.3 wt.% catalyst]",orig,all,cost_f0.99
10.1016/j.jcou.2022.102209 | 40 bar | H2/CO2 3 | 24 NL/g/h,10.1016/j.jcou.2022.102209,35,True,0.0926805,"CoIn-73-BP-1 [SI Fig. S2, CoIn-73-BP-1, 285 °C]","CoIn-64-BP-1 [SI Fig. S2, CoIn-64-BP-1, 240 °C]",orig,all,cost_f0.99
10.1016/j.jes.2023.05.010 | 30 bar | H2/CO2 4 | 18 NL/g/h,10.1016/j.jes.2023.05.010,15,False,0,"Au/In2O3-NS [Fig. 6a,b and text, Au/In2O3-NS, 300°C]","Au/In2O3-NS [Fig. 6a,b and text, Au/In2O3-NS, 300°C]",orig,all,cost_f0.99
10.1016/j.jes.2023.05.010 | 30 bar | H2/CO2 4 | 18000 h-1,10.1016/j.jes.2023.05.010,15,True,0.0218983,In2O3-NS [SI Table S5 row In2O3-NS],"In2O3-NS [SI Figure S4a,b, In2O3-NS, 250 °C]",orig,all,cost_f0.99
10.1016/j.mcat.2020.111105 | 30 bar | H2/CO2 3 | 10000 h-1,10.1016/j.mcat.2020.111105,36,True,0.101827,"35-CuO [Fig. 7/Table 2, 35-CuO, 280 °C]","35-CuO [Fig. 7, 35-CuO, 260 °C]",orig,all,cost_f0.99
10.1021/acs.iecr.7b01464 | 20 bar | H2/CO2 3.03 | 0.873 NL/g/h,10.1021/acs.iecr.7b01464,3,False,0,"CZA400 [Fig 7, CZA400, 2 MPa, internal cooling]","CZA400 [Fig 7, CZA400, 2 MPa, internal cooling]",orig,all,cost_f0.99
10.1021/acs.iecr.7b01464 | 30 bar | H2/CO2 3.03 | 0.873 NL/g/h,10.1021/acs.iecr.7b01464,15,False,0,"CZA400 [Text/Fig 6, CZA400, 260 °C, internal cooling]","CZA400 [Text/Fig 6, CZA400, 260 °C, internal cooling]",orig,all,cost_f0.99
10.1021/acs.iecr.7b01464 | 40 bar | H2/CO2 3.03 | 0.873 NL/g/h,10.1021/acs.iecr.7b01464,3,False,0,"CZA400 [Text/Fig 7, CZA400, 4 MPa, internal cooling]","CZA400 [Text/Fig 7, CZA400, 4 MPa, internal cooling]",orig,all,cost_f0.99
10.1021/acsaem.1c01502 | 50 bar | H2/CO2 3 | 30 NL/g/h,10.1021/acsaem.1c01502,15,True,0.00304207,"CP-Pd/ZnZr [Figure 1, CP-Pd/ZnZr, 340 °C]","CP-Pd/ZnZr [Figure 1/text, CP-Pd/ZnZr, 320 °C]",orig,all,cost_f0.99
10.1021/acsami.1c05586 | 30 bar | H2/CO2 3 | 7.2 NL/g/h,10.1021/acsami.1c05586,36,True,0.00398776,"0.92In-4.6Cu/CeO2 [Table 6/Fig 7, 0.92In-4.6Cu/CeO2, 290 °C]","0.92In-4.6Cu/CeO2 [Table 6/Fig 7, 0.92In-4.6Cu/CeO2, 210 °C]",orig,all,cost_f0.99
10.1021/acscatal.0c03324 | 30 bar | H2/CO2 3 | 10 NL/g/h,10.1021/acscatal.0c03324,2,True,0.0248322,"2Pd/CeO2-O [SI Fig S7, O GHSV 10]",2Pd/CeO2-R [Figure 10c; 2Pd/CeO2-R; GHSV 10 L gcat−1 h−1],orig,all,cost_f0.99
10.1021/acscatal.0c03324 | 30 bar | H2/CO2 3 | 14 NL/g/h,10.1021/acscatal.0c03324,2,True,0.038749,"2Pd/CeO2-O [SI Fig S7, O GHSV 14]",2Pd/CeO2-R [Figure 10c; 2Pd/CeO2-R; GHSV 14 L gcat−1 h−1],orig,all,cost_f0.99
10.1021/acscatal.0c03324 | 30 bar | H2/CO2 3 | 18 NL/g/h,10.1021/acscatal.0c03324,2,False,0,"2Pd/CeO2-O [SI Fig S7, O GHSV 18]","2Pd/CeO2-O [SI Fig S7, O GHSV 18]",orig,all,cost_f0.99
10.1021/acscatal.0c03324 | 30 bar | H2/CO2 3 | 2 NL/g/h,10.1021/acscatal.0c03324,6,True,0.00389161,2Pd/CeO2-R [Figure 10a; 2Pd/CeO2-R; 280 °C],2Pd/CeO2-R [Table 3 row 1; standard conditions],orig,all,cost_f0.99
10.1021/acscatal.0c03324 | 30 bar | H2/CO2 3 | 6 NL/g/h,10.1021/acscatal.0c03324,4,True,0.0234188,"2Pd/CeO2-O [SI Fig S7, O GHSV 6]",2Pd/CeO2-R [Text section 3.5; stability test at 100 h],orig,all,cost_f0.99
10.1021/acscatal.0c05628 | 50 bar | H2/CO2 4 | 21 NL/g/h,10.1021/acscatal.0c05628,20,True,0.013895,"Ir/In2O3-10 [Text/Figure 1, Ir/In2O3-10, 300 °C]","Ir/In2O3-10 [Text/Figure 1a, Ir/In2O3-10, 250 °C]",orig,all,cost_f0.99
10.1021/acscatal.1c03170 | 30 bar | H2/CO2 3 | 60 NL/g/h,10.1021/acscatal.1c03170,14,False,0,"NiO(6)−In2O3 [Fig 4a,b, NiO content 6 wt%]","NiO(6)−In2O3 [Fig 4a,b, NiO content 6 wt%]",orig,all,cost_f0.99
10.1021/acscatal.5b00682 | 30 bar | H2/CO2 4 | 12 NL/g/h,10.1021/acscatal.5b00682,2,True,0.0412288,"Cu/SiO2-AE [SI Figure S3(II), AE, 380 °C, WHSV 12 L/g/h]","Cu/SiO2-AE [SI Figure S3(I), AE, 390 °C, WHSV 12 L/g/h]",orig,all,cost_f0.99
10.1021/acscatal.5b00682 | 30 bar | H2/CO2 4 | 16 NL/g/h,10.1021/acscatal.5b00682,8,True,0.0432269,"Cu/SiO2-AE [Figure 1, 320 °C]","Cu/SiO2-AE [Figure 1, 300 °C]",orig,all,cost_f0.99
10.1021/acscatal.5b00682 | 30 bar | H2/CO2 4 | 3 NL/g/h,10.1021/acscatal.5b00682,2,False,0,"Cu/SiO2-AE [SI Figure S3(II), AE, 380 °C, WHSV 3 L/g/h]","Cu/SiO2-AE [SI Figure S3(II), AE, 380 °C, WHSV 3 L/g/h]",orig,all,cost_f0.99
10.1021/acscatal.5b00682 | 30 bar | H2/CO2 4 | 6 NL/g/h,10.1021/acscatal.5b00682,2,True,0.0902059,"Cu/SiO2-AE [SI Figure S3(II), AE, 380 °C, WHSV 6 L/g/h]","Cu/SiO2-AE [SI Figure S3(I), AE, 390 °C, WHSV 6 L/g/h]",orig,all,cost_f0.99
10.1021/acscatal.5b00682 | 30 bar | H2/CO2 4 | 9 NL/g/h,10.1021/acscatal.5b00682,2,True,0.0439357,"Cu/SiO2-AE [SI Figure S3(II), AE, 380 °C, WHSV 9 L/g/h]","Cu/SiO2-AE [SI Figure S3(I), AE, 390 °C, WHSV 9 L/g/h]",orig,all,cost_f0.99
10.1021/acscatal.5c05984 | 100 bar | H2/CO2 4 | 10 NL/g/h,10.1021/acscatal.5c05984,9,True,0.0360374,5 wt % Re/TiO2 [Table 4 row 11],1 wt % Re/TiO2 [Table 4 row 3],orig,all,cost_f0.99
10.1021/acscatal.5c05984 | 100 bar | H2/CO2 4 | 20 NL/g/h,10.1021/acscatal.5c05984,2,False,0,5 wt % Re/TiO2 [Table 4 row 12],5 wt % Re/TiO2 [Table 4 row 12],orig,all,cost_f0.99
10.1021/acscatal.5c05984 | 100 bar | H2/CO2 4 | 40 NL/g/h,10.1021/acscatal.5c05984,2,False,0,5 wt % Re/TiO2 [Table 4 row 14],5 wt % Re/TiO2 [Table 4 row 14],orig,all,cost_f0.99
10.1021/acscatal.9b01869 | 50 bar | H2/CO2 0.25 | 24000 h-1,10.1021/acscatal.9b01869,3,True,0.00494313,"PM-800 [SI Figure S9a, PM-800, 290 °C]","PM-600 [SI Figure S9a, PM-600, 290 °C]",orig,all,cost_f0.99
10.1021/acscatal.9b01869 | 50 bar | H2/CO2 4 | 24000 h-1,10.1021/acscatal.9b01869,16,False,0,"In2.5/ZrO2 [Fig 5, In2.5/ZrO2, 280 °C]","In2.5/ZrO2 [Fig 5, In2.5/ZrO2, 280 °C]",orig,all,cost_f0.99
10.1021/acscatal.9b03305 | 50 bar | H2/CO2 4 | 24 NL/g/h,10.1021/acscatal.9b03305,12,False,0,"In2O3/m-ZrO2 [Figure 8/text, 5 wt % In2O3/m-ZrO2, 553 K]","In2O3/m-ZrO2 [Figure 8/text, 5 wt % In2O3/m-ZrO2, 553 K]",orig,all,cost_f0.99
10.1021/cs500979c | 80 bar | H2/CO2 3 | 3600 h-1,10.1021/cs500979c,18,False,0,"Cu/ZrO2(III) [Table 6, Cu/ZrO2(III), 533 K]","Cu/ZrO2(III) [Table 6, Cu/ZrO2(III), 533 K]",orig,all,cost_f0.99
10.1038/s41467-019-11349-9 | 50 bar | H2/CO2 4 | 48 NL/g/h,10.1038/s41467-019-11349-9,3,False,0,"Pd–In2O3 CP [Table 2 Pd–In2O3 CP, WHSV 48,000 initial]","Pd–In2O3 CP [Table 2 Pd–In2O3 CP, WHSV 48,000 initial]",orig,all,cost_f0.99
10.1038/s41467-021-22224-x | 50 bar | H2/CO2 4 | 24 NL/g/h,10.1038/s41467-021-22224-x,11,False,0,"1Ni-In2O3 [Fig. 1b, 1Ni-In2O3 DI]","1Ni-In2O3 [Fig. 1b, 1Ni-In2O3 DI]",orig,all,cost_f0.99
10.1039/c2cy20604h | 100 bar | H2/CO2 3.8 | 10.6 NL/g/h,10.1039/c2cy20604h,11,False,0,"Cu–Ba/Al2O3 [Fig 8, Cu-Ba/Al2O3, 473 K, 10 MPa]","Cu–Ba/Al2O3 [Fig 8, Cu-Ba/Al2O3, 473 K, 10 MPa]",orig,all,cost_f0.99
10.1039/c2cy20604h | 100 bar | H2/CO2 3.8 | 4000 h-1,10.1039/c2cy20604h,4,False,0,"Cu–Ba/Al2O3 [SI Table 3, 553 K, 10 MPa]","Cu–Ba/Al2O3 [SI Table 3, 553 K, 10 MPa]",orig,all,cost_f0.99
10.1039/c2cy20604h | 30 bar | H2/CO2 3.8 | 10.6 NL/g/h,10.1039/c2cy20604h,11,False,0,"Cu–Ba/Al2O3 [Fig 8, Cu-Ba/Al2O3, 473 K, 3 MPa]","Cu–Ba/Al2O3 [Fig 8, Cu-Ba/Al2O3, 473 K, 3 MPa]",orig,all,cost_f0.99
10.1039/c2cy20604h | 30 bar | H2/CO2 3.8 | 4000 h-1,10.1039/c2cy20604h,4,True,0.0102126,"Cu–Ba/Al2O3 [SI Table 3, 503 K, 3 MPa]","Cu–Ba/Al2O3 [SI Table 3, 553 K, 3 MPa]",orig,all,cost_f0.99
10.1039/c2cy20604h | 360 bar | H2/CO2 3.8 | 10.6 NL/g/h,10.1039/c2cy20604h,11,True,0.00599858,"Cu/Al2O3 [Fig 5/Fig 6, Cu/Al2O3, 473 K, 36 MPa]","Cu/Al2O3 [Fig 5/Fig 6, Cu/Al2O3, 503 K, 36 MPa]",orig,all,cost_f0.99
10.1039/c2cy20604h | 360 bar | H2/CO2 3.8 | 4000 h-1,10.1039/c2cy20604h,4,False,0,"Cu–Ba/Al2O3 [SI Table 3, 503 K, 36 MPa]","Cu–Ba/Al2O3 [SI Table 3, 503 K, 36 MPa]",orig,all,cost_f0.99
10.1039/c2cy20604h | 4 bar | H2/CO2 3.8 | 10.6 NL/g/h,10.1039/c2cy20604h,11,True,0.0522767,"Cu–Ba/Al2O3 [Fig 8, Cu-Ba/Al2O3, 473 K, 0.40 MPa]","Cu–K/Al2O3 [Fig 7, Cu-K/Al2O3, 553 K, 0.40 MPa]",orig,all,cost_f0.99
10.1039/c2cy20604h | 4 bar | H2/CO2 3.8 | 4000 h-1,10.1039/c2cy20604h,4,True,0.05854,"Cu–Ba/Al2O3 [SI Table 3, 533 K, 0.4 MPa]","Cu–Ba/Al2O3 [SI Table 3, 553 K, 0.4 MPa]",orig,all,cost_f0.99
10.1039/c4cy00848k | 7 bar | H2/CO2 9 | 2 NL/g/h,10.1039/c4cy00848k,6,False,0,Cu(15)ZnO [SI Fig S7/S8 Cu(15)ZnO point 1],Cu(15)ZnO [SI Fig S7/S8 Cu(15)ZnO point 1],orig,all,cost_f0.99
10.1039/c4cy00848k | 7 bar | H2/CO2 9 | 4 NL/g/h,10.1039/c4cy00848k,6,False,0,"Cu(15)ZnO [Table 3, Cu(15)ZnO at 180 °C]","Cu(15)ZnO [Table 3, Cu(15)ZnO at 180 °C]",orig,all,cost_f0.99
10.1039/c5cy00372e | 10 bar | H2/CO2 3.04 | 10 NL/g/h,10.1039/c5cy00372e,3,False,0,"CHT-Y0.1 [Fig. 8 CHT-Y0.1, 1 MPa]","CHT-Y0.1 [Fig. 8 CHT-Y0.1, 1 MPa]",orig,all,cost_f0.99
10.1039/c5cy00372e | 3 bar | H2/CO2 3.04 | 10 NL/g/h,10.1039/c5cy00372e,3,False,0,"CHT-Y0.1 [Fig. 8 CHT-Y0.1, 0.3 MPa]","CHT-Y0.1 [Fig. 8 CHT-Y0.1, 0.3 MPa]",orig,all,cost_f0.99
10.1039/c5cy00372e | 30 bar | H2/CO2 3.04 | 10 NL/g/h,10.1039/c5cy00372e,3,False,0,"CHT-Y0.1 [Fig. 8 CHT-Y0.1, 3 MPa]","CHT-Y0.1 [Fig. 8 CHT-Y0.1, 3 MPa]",orig,all,cost_f0.99
10.1039/c5cy00372e | 50 bar | H2/CO2 3.04 | 10 NL/g/h,10.1039/c5cy00372e,5,False,0,CHT-Y0.1 [Table 6 row CHT-Y0.1],CHT-Y0.1 [Table 6 row CHT-Y0.1],orig,all,cost_f0.99
10.1039/c5cy00372e | 70 bar | H2/CO2 3.04 | 10 NL/g/h,10.1039/c5cy00372e,3,False,0,"CHT-Y0.1 [Fig. 8 CHT-Y0.1, 7 MPa]","CHT-Y0.1 [Fig. 8 CHT-Y0.1, 7 MPa]",orig,all,cost_f0.99
10.1039/c5cy00372e | 90 bar | H2/CO2 3.04 | 10 NL/g/h,10.1039/c5cy00372e,3,False,0,"CHT-Y0.1 [Fig. 8/text CHT-Y0.1, 9.0 MPa]","CHT-Y0.1 [Fig. 8/text CHT-Y0.1, 9.0 MPa]",orig,all,cost_f0.99
10.1039/c5ra04774a | 30 bar | H2/CO2 3 | 3.6 NL/g/h,10.1039/c5ra04774a,24,True,0.00128494,"CZ/CNTs-3 [Table 1 row 9 / Fig. 1, 260 °C]","CZ/CNTs-3 [Fig. 1, 280 °C, CZ/CNTs-3]",orig,all,cost_f0.99
10.1039/c6ra28305e | 30 bar | H2/CO2 3 | 3600 h-1,10.1039/c6ra28305e,4,False,0,"CZ-450 [Table 2, CZ-450]","CZ-450 [Table 2, CZ-450]",orig,all,cost_f0.99
10.1039/d0gc01597k | 50 bar | H2/CO2 4 | 21 NL/g/h,10.1039/d0gc01597k,10,True,0.0111191,"Pt/In2O3 [Fig. 1a,b/text, Pt/In2O3, 300 °C]","Pt/In2O3 [Fig. 1a,b, Pt/In2O3, 250 °C]",orig,all,cost_f0.99
10.1126/sciadv.1701290 | 20 bar | H2/CO2 3 | 24 NL/g/h,10.1126/sciadv.1701290,10,True,0.0394496,"13% ZnO-ZrO2 [SI Figure S2, p=2 MPa]","13% ZnO-ZrO2 [SI Figure S17A, 380 °C]",orig,all,cost_f0.99
10.1126/sciadv.1701290 | 50 bar | H2/CO2 3 | 24 NL/g/h,10.1126/sciadv.1701290,24,True,0.00211643,"13% ZnO-ZrO2 [SI Figure S2, p=5 MPa]","13% ZnO-ZrO2 [Figure 1B, H2/CO2=3:1, 380°C]",orig,all,cost_f0.99
10.1126/sciadv.1701290 | 50 bar | H2/CO2 4 | 24 NL/g/h,10.1126/sciadv.1701290,11,True,0.0211831,"13% ZnO-ZrO2 [Figure 1B, H2/CO2=4:1, 340°C]","13% ZnO-ZrO2 [Figure 1B, H2/CO2=4:1, 280°C]",orig,all,cost_f0.99
10.1126/sciadv.aaz2060 | 50 bar | H2/CO2 3 | 9 NL/g/h,10.1126/sciadv.aaz2060,2,False,0,"c–In2O3-S [Fig. 5A, c–In2O3-S, standard conditions, 44 h]","c–In2O3-S [Fig. 5A, c–In2O3-S, standard conditions, 44 h]",orig,all,cost_f0.99
10.1126/sciadv.aaz2060 | 50 bar | H2/CO2 3.04 | 9 NL/g/h,10.1126/sciadv.aaz2060,18,True,0.0209248,"h–In2O3-R [Fig. 5B/C, h–In2O3-R, 360°C, standard feed]","c–In2O3-S [Fig. 5B/C, c–In2O3-S, 360°C, standard feed]",orig,all,cost_f0.99
10.1126/sciadv.abi6012 | 40 bar | H2/CO2 3 | 12 NL/g/h,10.1126/sciadv.abi6012,18,True,0.0222199,"InNi3C0.5/Fe3O4 [Figure 5E, InNi3C0.5/Fe3O4, last point]","InNi3C0.5/Fe3O4 [Figure 5E, InNi3C0.5/Fe3O4, first point]",orig,all,cost_f0.99
10.1126/sciadv.abi6012 | 40 bar | H2/CO2 3 | 24 NL/g/h,10.1126/sciadv.abi6012,4,False,0,"InNi3C0.5/m-ZrO2 [Fig. 2B, InNi3C0.5/m-ZrO2, 24000 ml gcat-1 hour-1]","InNi3C0.5/m-ZrO2 [Fig. 2B, InNi3C0.5/m-ZrO2, 24000 ml gcat-1 hour-1]",orig,all,cost_f0.99
10.1126/sciadv.abi6012 | 40 bar | H2/CO2 4 | 12 NL/g/h,10.1126/sciadv.abi6012,5,False,0,"InNi3C0.5/m-ZrO2 [SI Figure S5A, H2/CO2=4/1, 350 °C]","InNi3C0.5/m-ZrO2 [SI Figure S5A, H2/CO2=4/1, 350 °C]",orig,all,cost_f0.99
10.1126/sciadv.abi6012 | 40 bar | H2/CO2 5 | 12 NL/g/h,10.1126/sciadv.abi6012,5,True,0.00192597,"InNi3C0.5/m-ZrO2 [SI Figure S5A, H2/CO2=5/1, 350 °C]","InNi3C0.5/m-ZrO2 [SI Figure S5A, H2/CO2=5/1, 250 °C]",orig,all,cost_f0.99
10.1126/sciadv.abi6012 | 40 bar | H2/CO2 8 | 30 NL/g/h,10.1126/sciadv.abi6012,2,True,0.0103983,"InNi3C0.5/Fe3O4 [Text/Table S7, InNi3C0.5/Fe3O4, 325C, 4.0 MPa, H2/CO2 8:1, GHSV 30000]","CuZnAl [SI Table S7 row CuZnAl, 325 °C]",orig,all,cost_f0.99
10.1002/anie.201600943 | 50 bar | H2/CO2 4 | 26 NL/g/h,10.1002/anie.201600943,2,False,0,"In2O3 [Figure 1a, In2O3, 573 K]","In2O3 [Figure 1a, In2O3, 573 K]",orig,all,cost_two_sided
10.1002/anie.202401168 | 30 bar | H2/CO2 3 | 9 NL/g/h,10.1002/anie.202401168,44,True,0.0257811,"Ir1Pd1-In2O3(CP-PD) [SI Figure S29, t=10 h, 275 °C]","Ir1Pd1-In2O3(CP-PD) [Text page 9, Ir1Pd1-In2O3(CP-PD), 200 °C]",orig,all,cost_two_sided
10.1002/cctc.202000974 | 20 bar | H2/CO2 3 | 3.6 NL/g/h,10.1002/cctc.202000974,29,True,0.00853637,"physical mixture of Pd/ZnO and TiO2 [Text, physical mixture Pd/ZnO and TiO2, 250°C]","PdZn/ZnTiO3 [SI Table S2, PdZn/ZnTiO3, 250 °C]",orig,all,cost_two_sided
10.1002/ente.201800747 | 40 bar | H2/CO2 3 | 21.6 NL/g/h,10.1002/ente.201800747,32,True,0.103893,"Cat-4.5 [Figure 5a left; Cat-4.5 at 325 °C, last point]","Cat-4.5 [SI Table S1, Cat-4.5, 250 °C]",orig,all,cost_two_sided
10.1016/j.apcata.2018.04.036 | 30 bar | H2/CO2 3 | 2.4 NL/g/h,10.1016/j.apcata.2018.04.036,13,True,0.00533548,"0.5Ca5P5ZC [Fig 10a,b, 0.5Ca5P5ZC, 250 °C]","0.5Ca5P5ZC [Fig 10a,b/text, 0.5Ca5P5ZC, 230 °C, 30 bar]",orig,all,cost_two_sided
10.1016/j.apcata.2019.117144 | 40 bar | H2/CO2 4 | 52 NL/g/h,10.1016/j.apcata.2019.117144,20,True,0.0158634,"In2O3/ZrO2 [Fig. 5/Table 1, 573 K, In2O3/ZrO2]","In2O3/ZrO2 [Fig. 5, 543 K, In2O3/ZrO2]",orig,all,cost_two_sided
10.1016/j.apcatb.2017.06.069 | 50 bar | H2/CO2 4 | 21 NL/g/h,10.1016/j.apcatb.2017.06.069,15,True,0.00416307,"Pd-P/In2O3 [Text/Fig. 1, Pd-P/In2O3, 300 °C, 5 MPa]","Pd-P/In2O3 [Figure 1a,b, 250 °C, Pd-P/In2O3]",orig,all,cost_two_sided
10.1016/j.apcatb.2019.118367 | 30 bar | H2/CO2 3 | 6 NL/g/h,10.1016/j.apcatb.2019.118367,9,True,0.00221921,"Pd/ZnO-3.93Al [Fig. 4, Pd/ZnO-3.93Al]","Pd/ZnO [Fig. 4, Pd/ZnO]",orig,all,cost_two_sided
10.1016/j.cattod.2019.05.040 | 10 bar | H2/CO2 3 | 2.4 NL/g/h,10.1016/j.cattod.2019.05.040,2,False,0,"0.5Ca5P5ZZr-IMP [Figure 7d-e, 0.5Ca5P5ZZr-IMP at 250 °C and 10 bar]","0.5Ca5P5ZZr-IMP [Figure 7d-e, 0.5Ca5P5ZZr-IMP at 250 °C and 10 bar]",orig,all,cost_two_sided
10.1016/j.cattod.2019.05.040 | 20 bar | H2/CO2 3 | 2.4 NL/g/h,10.1016/j.cattod.2019.05.040,2,False,0,"0.5Ca5P5ZZr-IMP [Figure 7d-e, 0.5Ca5P5ZZr-IMP at 250 °C and 20 bar]","0.5Ca5P5ZZr-IMP [Figure 7d-e, 0.5Ca5P5ZZr-IMP at 250 °C and 20 bar]",orig,all,cost_two_sided
10.1016/j.cattod.2019.05.040 | 30 bar | H2/CO2 3 | 2.4 NL/g/h,10.1016/j.cattod.2019.05.040,13,True,0.0115717,"0.5Ca5P5ZZr-IMP [Figure 7a-c, 0.5Ca5P5ZZr-IMP at 270 °C]","0.5Ca5P5ZZr-IMP [Table 3, 0.5Ca5P5ZZr-IMP at 230 °C]",orig,all,cost_two_sided
10.1016/j.cattod.2020.05.049 | 41 bar | H2/CO2 3 | 3.6 NL/g/h,10.1016/j.cattod.2020.05.049,12,False,0,Pd-Cu/Ti0.1Zr0.9O2 [Table 1 row 9],Pd-Cu/Ti0.1Zr0.9O2 [Table 1 row 9],orig,all,cost_two_sided
10.1016/j.cej.2022.135090 | 40 bar | H2/CO2 3 | 6 NL/g/h,10.1016/j.cej.2022.135090,7,False,0,"In2O3/HZSM-5 [Fig. 2/Fig. 7, In2O3/HZSM-5 = 2:1, 400 °C]","In2O3/HZSM-5 [Fig. 2/Fig. 7, In2O3/HZSM-5 = 2:1, 400 °C]",orig,all,cost_two_sided
10.1016/j.cej.2024.149370 | 50 bar | H2/CO2 4 | 21 NL/g/h,10.1016/j.cej.2024.149370,25,True,0.0125097,"Pd-Pt/In2O3 [Fig. 1a,b/text, Pd-Pt/In2O3, 300 °C]","Pd-Pt/In2O3 [Fig. 1a,b, Pd-Pt/In2O3, 240 °C]",orig,all,cost_two_sided
10.1016/j.fuel.2022.125878 | 30 bar | H2/CO2 3 | 12000 h-1,10.1016/j.fuel.2022.125878,17,False,0,"In13/ZrO2 [Fig. 9/text, In13/ZrO2, 573 K]","In13/ZrO2 [Fig. 9/text, In13/ZrO2, 573 K]",orig,all,cost_two_sided
10.1016/j.fuel.2023.127927 | 20 bar | H2/CO2 3 | 2.4 NL/g/h,10.1016/j.fuel.2023.127927,20,True,0.00332303,"0.5Ca-PZC [Table 1, 0.5Ca-PZC]","0.7Ca-PZC [Figure 6A, 250 °C, 0.7Ca-PZC]",orig,all,cost_two_sided
10.1016/j.fuel.2023.128376 | 50 bar | H2/CO2 4 | 24 NL/g/h,10.1016/j.fuel.2023.128376,17,True,0.0401391,"5.0% Zn-CdZrOx [Fig. 1/text, 5.0% Zn-CdZrOx, 320℃]","5.0% Zn-CdZrOx [Fig. 1/text, 5.0% Zn-CdZrOx, 280℃]",orig,all,cost_two_sided
10.1016/j.fuel.2023.128376 | 50 bar | H2/CO2 4 | 24000 h-1,10.1016/j.fuel.2023.128376,18,True,0.0160297,"10.0% Zn-CdZrOx [SI Figure S1, 10.0% Zn-CdZrOx, 320 °C]","10.0% Zn-CdZrOx [SI Figure S1, 10.0% Zn-CdZrOx, 300 °C]",orig,all,cost_two_sided
10.1016/j.fuel.2024.131111 | 40 bar | H2/CO2 5 | 12 NL/g/h,10.1016/j.fuel.2024.131111,20,True,0.00929945,"5InNi3C0.5/Fe3O4-400/425 [Fig. 6A, 260 °C]","5InNi3C0.5/Fe3O4-400/425 [Fig. 6A, 200 °C]",orig,all,cost_two_sided
10.1016/j.fuel.2024.131111 | 40 bar | H2/CO2 5 | 18 NL/g/h,10.1016/j.fuel.2024.131111,2,False,0,"5InNi3C0.5/Fe3O4-400/425 [Fig. 6B, H2/CO2 = 5/1]","5InNi3C0.5/Fe3O4-400/425 [Fig. 6B, H2/CO2 = 5/1]",orig,all,cost_two_sided
10.1016/j.fuel.2024.131111 | 60 bar | H2/CO2 10 | 116 NL/g/h,10.1016/j.fuel.2024.131111,2,False,0,"5InNi3C0.5/Fe3O4-400/425 [Fig. 7A stability, 120 h]","5InNi3C0.5/Fe3O4-400/425 [Fig. 7A stability, 120 h]",orig,all,cost_two_sided
10.1016/j.jcat.2012.05.020 | 30 bar | H2/CO2 3 | 13.4 NL/g/h,10.1016/j.jcat.2012.05.020,3,False,0,"PdMgGa [Table 2, PdMgGa]","PdMgGa [Table 2, PdMgGa]",orig,all,cost_two_sided
10.1016/j.jcat.2016.03.017 | 20 bar | H2/CO2 3 | 3.6 NL/g/h,10.1016/j.jcat.2016.03.017,26,False,0,"5% Pd/ZnO SI [Figure 9b, first point]","5% Pd/ZnO SI [Figure 9b, first point]",orig,all,cost_two_sided
10.1016/j.jcou.2016.11.015 | 40 bar | H2/CO2 3.04 | 1.5 NL/g/h,10.1016/j.jcou.2016.11.015,10,False,0,"CZA-5 [Text, 513 K, 55.3 wt.% catalyst]","CZA-5 [Text, 513 K, 55.3 wt.% catalyst]",orig,all,cost_two_sided
10.1016/j.jcou.2022.102209 | 40 bar | H2/CO2 3 | 24 NL/g/h,10.1016/j.jcou.2022.102209,35,True,0.0926805,"CoIn-73-BP-1 [SI Fig. S2, CoIn-73-BP-1, 285 °C]","CoIn-64-BP-1 [SI Fig. S2, CoIn-64-BP-1, 240 °C]",orig,all,cost_two_sided
10.1016/j.jes.2023.05.010 | 30 bar | H2/CO2 4 | 18 NL/g/h,10.1016/j.jes.2023.05.010,15,False,0,"Au/In2O3-NS [Fig. 6a,b and text, Au/In2O3-NS, 300°C]","Au/In2O3-NS [Fig. 6a,b and text, Au/In2O3-NS, 300°C]",orig,all,cost_two_sided
10.1016/j.jes.2023.05.010 | 30 bar | H2/CO2 4 | 18000 h-1,10.1016/j.jes.2023.05.010,15,True,0.0218983,In2O3-NS [SI Table S5 row In2O3-NS],"In2O3-NS [SI Figure S4a,b, In2O3-NS, 250 °C]",orig,all,cost_two_sided
10.1016/j.mcat.2020.111105 | 30 bar | H2/CO2 3 | 10000 h-1,10.1016/j.mcat.2020.111105,36,True,0.101827,"35-CuO [Fig. 7/Table 2, 35-CuO, 280 °C]","35-CuO [Fig. 7, 35-CuO, 260 °C]",orig,all,cost_two_sided
10.1021/acs.iecr.7b01464 | 20 bar | H2/CO2 3.03 | 0.873 NL/g/h,10.1021/acs.iecr.7b01464,3,False,0,"CZA400 [Fig 7, CZA400, 2 MPa, internal cooling]","CZA400 [Fig 7, CZA400, 2 MPa, internal cooling]",orig,all,cost_two_sided
10.1021/acs.iecr.7b01464 | 30 bar | H2/CO2 3.03 | 0.873 NL/g/h,10.1021/acs.iecr.7b01464,15,False,0,"CZA400 [Text/Fig 6, CZA400, 260 °C, internal cooling]","CZA400 [Text/Fig 6, CZA400, 260 °C, internal cooling]",orig,all,cost_two_sided
10.1021/acs.iecr.7b01464 | 40 bar | H2/CO2 3.03 | 0.873 NL/g/h,10.1021/acs.iecr.7b01464,3,False,0,"CZA400 [Text/Fig 7, CZA400, 4 MPa, internal cooling]","CZA400 [Text/Fig 7, CZA400, 4 MPa, internal cooling]",orig,all,cost_two_sided
10.1021/acsaem.1c01502 | 50 bar | H2/CO2 3 | 30 NL/g/h,10.1021/acsaem.1c01502,15,True,0.00304207,"CP-Pd/ZnZr [Figure 1, CP-Pd/ZnZr, 340 °C]","CP-Pd/ZnZr [Figure 1/text, CP-Pd/ZnZr, 320 °C]",orig,all,cost_two_sided
10.1021/acsami.1c05586 | 30 bar | H2/CO2 3 | 7.2 NL/g/h,10.1021/acsami.1c05586,36,True,0.00398776,"0.92In-4.6Cu/CeO2 [Table 6/Fig 7, 0.92In-4.6Cu/CeO2, 290 °C]","0.92In-4.6Cu/CeO2 [Table 6/Fig 7, 0.92In-4.6Cu/CeO2, 210 °C]",orig,all,cost_two_sided
10.1021/acscatal.0c03324 | 30 bar | H2/CO2 3 | 10 NL/g/h,10.1021/acscatal.0c03324,2,True,0.0248322,"2Pd/CeO2-O [SI Fig S7, O GHSV 10]",2Pd/CeO2-R [Figure 10c; 2Pd/CeO2-R; GHSV 10 L gcat−1 h−1],orig,all,cost_two_sided
10.1021/acscatal.0c03324 | 30 bar | H2/CO2 3 | 14 NL/g/h,10.1021/acscatal.0c03324,2,True,0.038749,"2Pd/CeO2-O [SI Fig S7, O GHSV 14]",2Pd/CeO2-R [Figure 10c; 2Pd/CeO2-R; GHSV 14 L gcat−1 h−1],orig,all,cost_two_sided
10.1021/acscatal.0c03324 | 30 bar | H2/CO2 3 | 18 NL/g/h,10.1021/acscatal.0c03324,2,False,0,"2Pd/CeO2-O [SI Fig S7, O GHSV 18]","2Pd/CeO2-O [SI Fig S7, O GHSV 18]",orig,all,cost_two_sided
10.1021/acscatal.0c03324 | 30 bar | H2/CO2 3 | 2 NL/g/h,10.1021/acscatal.0c03324,6,True,0.00389161,2Pd/CeO2-R [Figure 10a; 2Pd/CeO2-R; 280 °C],2Pd/CeO2-R [Table 3 row 1; standard conditions],orig,all,cost_two_sided
10.1021/acscatal.0c03324 | 30 bar | H2/CO2 3 | 6 NL/g/h,10.1021/acscatal.0c03324,4,True,0.0234188,"2Pd/CeO2-O [SI Fig S7, O GHSV 6]",2Pd/CeO2-R [Text section 3.5; stability test at 100 h],orig,all,cost_two_sided
10.1021/acscatal.0c05628 | 50 bar | H2/CO2 4 | 21 NL/g/h,10.1021/acscatal.0c05628,20,True,0.013895,"Ir/In2O3-10 [Text/Figure 1, Ir/In2O3-10, 300 °C]","Ir/In2O3-10 [Text/Figure 1a, Ir/In2O3-10, 250 °C]",orig,all,cost_two_sided
10.1021/acscatal.1c03170 | 30 bar | H2/CO2 3 | 60 NL/g/h,10.1021/acscatal.1c03170,14,False,0,"NiO(6)−In2O3 [Fig 4a,b, NiO content 6 wt%]","NiO(6)−In2O3 [Fig 4a,b, NiO content 6 wt%]",orig,all,cost_two_sided
10.1021/acscatal.5b00682 | 30 bar | H2/CO2 4 | 12 NL/g/h,10.1021/acscatal.5b00682,2,True,0.0412288,"Cu/SiO2-AE [SI Figure S3(II), AE, 380 °C, WHSV 12 L/g/h]","Cu/SiO2-AE [SI Figure S3(I), AE, 390 °C, WHSV 12 L/g/h]",orig,all,cost_two_sided
10.1021/acscatal.5b00682 | 30 bar | H2/CO2 4 | 16 NL/g/h,10.1021/acscatal.5b00682,8,True,0.0432269,"Cu/SiO2-AE [Figure 1, 320 °C]","Cu/SiO2-AE [Figure 1, 300 °C]",orig,all,cost_two_sided
10.1021/acscatal.5b00682 | 30 bar | H2/CO2 4 | 3 NL/g/h,10.1021/acscatal.5b00682,2,False,0,"Cu/SiO2-AE [SI Figure S3(II), AE, 380 °C, WHSV 3 L/g/h]","Cu/SiO2-AE [SI Figure S3(II), AE, 380 °C, WHSV 3 L/g/h]",orig,all,cost_two_sided
10.1021/acscatal.5b00682 | 30 bar | H2/CO2 4 | 6 NL/g/h,10.1021/acscatal.5b00682,2,True,0.0902059,"Cu/SiO2-AE [SI Figure S3(II), AE, 380 °C, WHSV 6 L/g/h]","Cu/SiO2-AE [SI Figure S3(I), AE, 390 °C, WHSV 6 L/g/h]",orig,all,cost_two_sided
10.1021/acscatal.5b00682 | 30 bar | H2/CO2 4 | 9 NL/g/h,10.1021/acscatal.5b00682,2,True,0.0439357,"Cu/SiO2-AE [SI Figure S3(II), AE, 380 °C, WHSV 9 L/g/h]","Cu/SiO2-AE [SI Figure S3(I), AE, 390 °C, WHSV 9 L/g/h]",orig,all,cost_two_sided
10.1021/acscatal.5c05984 | 100 bar | H2/CO2 4 | 10 NL/g/h,10.1021/acscatal.5c05984,9,True,0.0360374,5 wt % Re/TiO2 [Table 4 row 11],1 wt % Re/TiO2 [Table 4 row 3],orig,all,cost_two_sided
10.1021/acscatal.5c05984 | 100 bar | H2/CO2 4 | 20 NL/g/h,10.1021/acscatal.5c05984,2,False,0,5 wt % Re/TiO2 [Table 4 row 12],5 wt % Re/TiO2 [Table 4 row 12],orig,all,cost_two_sided
10.1021/acscatal.5c05984 | 100 bar | H2/CO2 4 | 40 NL/g/h,10.1021/acscatal.5c05984,2,False,0,5 wt % Re/TiO2 [Table 4 row 14],5 wt % Re/TiO2 [Table 4 row 14],orig,all,cost_two_sided
10.1021/acscatal.9b01869 | 50 bar | H2/CO2 0.25 | 24000 h-1,10.1021/acscatal.9b01869,3,True,0.00494313,"PM-800 [SI Figure S9a, PM-800, 290 °C]","PM-600 [SI Figure S9a, PM-600, 290 °C]",orig,all,cost_two_sided
10.1021/acscatal.9b01869 | 50 bar | H2/CO2 4 | 24000 h-1,10.1021/acscatal.9b01869,16,False,0,"In2.5/ZrO2 [Fig 5, In2.5/ZrO2, 280 °C]","In2.5/ZrO2 [Fig 5, In2.5/ZrO2, 280 °C]",orig,all,cost_two_sided
10.1021/acscatal.9b03305 | 50 bar | H2/CO2 4 | 24 NL/g/h,10.1021/acscatal.9b03305,12,False,0,"In2O3/m-ZrO2 [Figure 8/text, 5 wt % In2O3/m-ZrO2, 553 K]","In2O3/m-ZrO2 [Figure 8/text, 5 wt % In2O3/m-ZrO2, 553 K]",orig,all,cost_two_sided
10.1021/cs500979c | 80 bar | H2/CO2 3 | 3600 h-1,10.1021/cs500979c,18,False,0,"Cu/ZrO2(III) [Table 6, Cu/ZrO2(III), 533 K]","Cu/ZrO2(III) [Table 6, Cu/ZrO2(III), 533 K]",orig,all,cost_two_sided
10.1038/s41467-019-11349-9 | 50 bar | H2/CO2 4 | 48 NL/g/h,10.1038/s41467-019-11349-9,3,False,0,"Pd–In2O3 CP [Table 2 Pd–In2O3 CP, WHSV 48,000 initial]","Pd–In2O3 CP [Table 2 Pd–In2O3 CP, WHSV 48,000 initial]",orig,all,cost_two_sided
10.1038/s41467-021-22224-x | 50 bar | H2/CO2 4 | 24 NL/g/h,10.1038/s41467-021-22224-x,11,False,0,"1Ni-In2O3 [Fig. 1b, 1Ni-In2O3 DI]","1Ni-In2O3 [Fig. 1b, 1Ni-In2O3 DI]",orig,all,cost_two_sided
10.1039/c2cy20604h | 100 bar | H2/CO2 3.8 | 10.6 NL/g/h,10.1039/c2cy20604h,11,False,0,"Cu–Ba/Al2O3 [Fig 8, Cu-Ba/Al2O3, 473 K, 10 MPa]","Cu–Ba/Al2O3 [Fig 8, Cu-Ba/Al2O3, 473 K, 10 MPa]",orig,all,cost_two_sided
10.1039/c2cy20604h | 100 bar | H2/CO2 3.8 | 4000 h-1,10.1039/c2cy20604h,4,False,0,"Cu–Ba/Al2O3 [SI Table 3, 553 K, 10 MPa]","Cu–Ba/Al2O3 [SI Table 3, 553 K, 10 MPa]",orig,all,cost_two_sided
10.1039/c2cy20604h | 30 bar | H2/CO2 3.8 | 10.6 NL/g/h,10.1039/c2cy20604h,11,False,0,"Cu–Ba/Al2O3 [Fig 8, Cu-Ba/Al2O3, 473 K, 3 MPa]","Cu–Ba/Al2O3 [Fig 8, Cu-Ba/Al2O3, 473 K, 3 MPa]",orig,all,cost_two_sided
10.1039/c2cy20604h | 30 bar | H2/CO2 3.8 | 4000 h-1,10.1039/c2cy20604h,4,True,0.0102126,"Cu–Ba/Al2O3 [SI Table 3, 503 K, 3 MPa]","Cu–Ba/Al2O3 [SI Table 3, 553 K, 3 MPa]",orig,all,cost_two_sided
10.1039/c2cy20604h | 360 bar | H2/CO2 3.8 | 10.6 NL/g/h,10.1039/c2cy20604h,11,True,0.00599858,"Cu/Al2O3 [Fig 5/Fig 6, Cu/Al2O3, 473 K, 36 MPa]","Cu/Al2O3 [Fig 5/Fig 6, Cu/Al2O3, 503 K, 36 MPa]",orig,all,cost_two_sided
10.1039/c2cy20604h | 360 bar | H2/CO2 3.8 | 4000 h-1,10.1039/c2cy20604h,4,False,0,"Cu–Ba/Al2O3 [SI Table 3, 503 K, 36 MPa]","Cu–Ba/Al2O3 [SI Table 3, 503 K, 36 MPa]",orig,all,cost_two_sided
10.1039/c2cy20604h | 4 bar | H2/CO2 3.8 | 10.6 NL/g/h,10.1039/c2cy20604h,11,True,0.0522767,"Cu–Ba/Al2O3 [Fig 8, Cu-Ba/Al2O3, 473 K, 0.40 MPa]","Cu–K/Al2O3 [Fig 7, Cu-K/Al2O3, 553 K, 0.40 MPa]",orig,all,cost_two_sided
10.1039/c2cy20604h | 4 bar | H2/CO2 3.8 | 4000 h-1,10.1039/c2cy20604h,4,True,0.05854,"Cu–Ba/Al2O3 [SI Table 3, 533 K, 0.4 MPa]","Cu–Ba/Al2O3 [SI Table 3, 553 K, 0.4 MPa]",orig,all,cost_two_sided
10.1039/c4cy00848k | 7 bar | H2/CO2 9 | 2 NL/g/h,10.1039/c4cy00848k,6,False,0,Cu(15)ZnO [SI Fig S7/S8 Cu(15)ZnO point 1],Cu(15)ZnO [SI Fig S7/S8 Cu(15)ZnO point 1],orig,all,cost_two_sided
10.1039/c4cy00848k | 7 bar | H2/CO2 9 | 4 NL/g/h,10.1039/c4cy00848k,6,False,0,"Cu(15)ZnO [Table 3, Cu(15)ZnO at 180 °C]","Cu(15)ZnO [Table 3, Cu(15)ZnO at 180 °C]",orig,all,cost_two_sided
10.1039/c5cy00372e | 10 bar | H2/CO2 3.04 | 10 NL/g/h,10.1039/c5cy00372e,3,False,0,"CHT-Y0.1 [Fig. 8 CHT-Y0.1, 1 MPa]","CHT-Y0.1 [Fig. 8 CHT-Y0.1, 1 MPa]",orig,all,cost_two_sided
10.1039/c5cy00372e | 3 bar | H2/CO2 3.04 | 10 NL/g/h,10.1039/c5cy00372e,3,False,0,"CHT-Y0.1 [Fig. 8 CHT-Y0.1, 0.3 MPa]","CHT-Y0.1 [Fig. 8 CHT-Y0.1, 0.3 MPa]",orig,all,cost_two_sided
10.1039/c5cy00372e | 30 bar | H2/CO2 3.04 | 10 NL/g/h,10.1039/c5cy00372e,3,False,0,"CHT-Y0.1 [Fig. 8 CHT-Y0.1, 3 MPa]","CHT-Y0.1 [Fig. 8 CHT-Y0.1, 3 MPa]",orig,all,cost_two_sided
10.1039/c5cy00372e | 50 bar | H2/CO2 3.04 | 10 NL/g/h,10.1039/c5cy00372e,5,False,0,CHT-Y0.1 [Table 6 row CHT-Y0.1],CHT-Y0.1 [Table 6 row CHT-Y0.1],orig,all,cost_two_sided
10.1039/c5cy00372e | 70 bar | H2/CO2 3.04 | 10 NL/g/h,10.1039/c5cy00372e,3,False,0,"CHT-Y0.1 [Fig. 8 CHT-Y0.1, 7 MPa]","CHT-Y0.1 [Fig. 8 CHT-Y0.1, 7 MPa]",orig,all,cost_two_sided
10.1039/c5cy00372e | 90 bar | H2/CO2 3.04 | 10 NL/g/h,10.1039/c5cy00372e,3,False,0,"CHT-Y0.1 [Fig. 8/text CHT-Y0.1, 9.0 MPa]","CHT-Y0.1 [Fig. 8/text CHT-Y0.1, 9.0 MPa]",orig,all,cost_two_sided
10.1039/c5ra04774a | 30 bar | H2/CO2 3 | 3.6 NL/g/h,10.1039/c5ra04774a,24,True,0.00128494,"CZ/CNTs-3 [Table 1 row 9 / Fig. 1, 260 °C]","CZ/CNTs-3 [Fig. 1, 280 °C, CZ/CNTs-3]",orig,all,cost_two_sided
10.1039/c6ra28305e | 30 bar | H2/CO2 3 | 3600 h-1,10.1039/c6ra28305e,4,False,0,"CZ-450 [Table 2, CZ-450]","CZ-450 [Table 2, CZ-450]",orig,all,cost_two_sided
10.1039/d0gc01597k | 50 bar | H2/CO2 4 | 21 NL/g/h,10.1039/d0gc01597k,10,True,0.0111191,"Pt/In2O3 [Fig. 1a,b/text, Pt/In2O3, 300 °C]","Pt/In2O3 [Fig. 1a,b, Pt/In2O3, 250 °C]",orig,all,cost_two_sided
10.1126/sciadv.1701290 | 20 bar | H2/CO2 3 | 24 NL/g/h,10.1126/sciadv.1701290,10,True,0.0394496,"13% ZnO-ZrO2 [SI Figure S2, p=2 MPa]","13% ZnO-ZrO2 [SI Figure S17A, 380 °C]",orig,all,cost_two_sided
10.1126/sciadv.1701290 | 50 bar | H2/CO2 3 | 24 NL/g/h,10.1126/sciadv.1701290,24,True,0.00211643,"13% ZnO-ZrO2 [SI Figure S2, p=5 MPa]","13% ZnO-ZrO2 [Figure 1B, H2/CO2=3:1, 380°C]",orig,all,cost_two_sided
10.1126/sciadv.1701290 | 50 bar | H2/CO2 4 | 24 NL/g/h,10.1126/sciadv.1701290,11,True,0.0211831,"13% ZnO-ZrO2 [Figure 1B, H2/CO2=4:1, 340°C]","13% ZnO-ZrO2 [Figure 1B, H2/CO2=4:1, 280°C]",orig,all,cost_two_sided
10.1126/sciadv.aaz2060 | 50 bar | H2/CO2 3 | 9 NL/g/h,10.1126/sciadv.aaz2060,2,False,0,"c–In2O3-S [Fig. 5A, c–In2O3-S, standard conditions, 44 h]","c–In2O3-S [Fig. 5A, c–In2O3-S, standard conditions, 44 h]",orig,all,cost_two_sided
10.1126/sciadv.aaz2060 | 50 bar | H2/CO2 3.04 | 9 NL/g/h,10.1126/sciadv.aaz2060,18,True,0.0209248,"h–In2O3-R [Fig. 5B/C, h–In2O3-R, 360°C, standard feed]","c–In2O3-S [Fig. 5B/C, c–In2O3-S, 360°C, standard feed]",orig,all,cost_two_sided
10.1126/sciadv.abi6012 | 40 bar | H2/CO2 3 | 12 NL/g/h,10.1126/sciadv.abi6012,18,True,0.0222199,"InNi3C0.5/Fe3O4 [Figure 5E, InNi3C0.5/Fe3O4, last point]","InNi3C0.5/Fe3O4 [Figure 5E, InNi3C0.5/Fe3O4, first point]",orig,all,cost_two_sided
10.1126/sciadv.abi6012 | 40 bar | H2/CO2 3 | 24 NL/g/h,10.1126/sciadv.abi6012,4,False,0,"InNi3C0.5/m-ZrO2 [Fig. 2B, InNi3C0.5/m-ZrO2, 24000 ml gcat-1 hour-1]","InNi3C0.5/m-ZrO2 [Fig. 2B, InNi3C0.5/m-ZrO2, 24000 ml gcat-1 hour-1]",orig,all,cost_two_sided
10.1126/sciadv.abi6012 | 40 bar | H2/CO2 4 | 12 NL/g/h,10.1126/sciadv.abi6012,5,False,0,"InNi3C0.5/m-ZrO2 [SI Figure S5A, H2/CO2=4/1, 350 °C]","InNi3C0.5/m-ZrO2 [SI Figure S5A, H2/CO2=4/1, 350 °C]",orig,all,cost_two_sided
10.1126/sciadv.abi6012 | 40 bar | H2/CO2 5 | 12 NL/g/h,10.1126/sciadv.abi6012,5,True,0.00192597,"InNi3C0.5/m-ZrO2 [SI Figure S5A, H2/CO2=5/1, 350 °C]","InNi3C0.5/m-ZrO2 [SI Figure S5A, H2/CO2=5/1, 250 °C]",orig,all,cost_two_sided
10.1126/sciadv.abi6012 | 40 bar | H2/CO2 8 | 30 NL/g/h,10.1126/sciadv.abi6012,2,True,0.0103983,"InNi3C0.5/Fe3O4 [Text/Table S7, InNi3C0.5/Fe3O4, 325C, 4.0 MPa, H2/CO2 8:1, GHSV 30000]","CuZnAl [SI Table S7 row CuZnAl, 325 °C]",orig,all,cost_two_sided
10.1002/anie.201600943 | 50 bar | H2/CO2 4 | 26 NL/g/h,10.1002/anie.201600943,2,False,0,"In2O3 [Figure 1a, In2O3, 573 K]","In2O3 [Figure 1a, In2O3, 573 K]",orig,printed,lab
10.1002/cctc.202000974 | 20 bar | H2/CO2 3 | 3.6 NL/g/h,10.1002/cctc.202000974,29,True,0.00853637,"physical mixture of Pd/ZnO and TiO2 [Text, physical mixture Pd/ZnO and TiO2, 250°C]","PdZn/ZnTiO3 [SI Table S2, PdZn/ZnTiO3, 250 °C]",orig,printed,lab
10.1002/ente.201800747 | 40 bar | H2/CO2 3 | 21.6 NL/g/h,10.1002/ente.201800747,30,False,0,"Cat-4.5 [Figure 4c/text, Cat-4.5 at 325 °C]","Cat-4.5 [Figure 4c/text, Cat-4.5 at 325 °C]",orig,printed,lab
10.1016/j.apcata.2018.04.036 | 30 bar | H2/CO2 3 | 2.4 NL/g/h,10.1016/j.apcata.2018.04.036,4,False,0,"0.5Ca5P5ZC [Fig 10a,b/text, 0.5Ca5P5ZC, 270 °C]","0.5Ca5P5ZC [Fig 10a,b/text, 0.5Ca5P5ZC, 270 °C]",orig,printed,lab
10.1016/j.apcatb.2017.06.069 | 50 bar | H2/CO2 4 | 21 NL/g/h,10.1016/j.apcatb.2017.06.069,2,False,0,"Pd-I/In2O3 [SI Table S2, Pd-I/In2O3 This work]","Pd-I/In2O3 [SI Table S2, Pd-I/In2O3 This work]",orig,printed,lab
10.1016/j.cattod.2019.05.040 | 30 bar | H2/CO2 3 | 2.4 NL/g/h,10.1016/j.cattod.2019.05.040,2,False,0,"0.5Ca5P5ZZr-IMP [Table 3, 0.5Ca5P5ZZr-IMP at 230 °C]","0.5Ca5P5ZZr-IMP [Table 3, 0.5Ca5P5ZZr-IMP at 230 °C]",orig,printed,lab
10.1016/j.cattod.2020.05.049 | 41 bar | H2/CO2 3 | 3.6 NL/g/h,10.1016/j.cattod.2020.05.049,10,True,0.0138623,Pd-Cu/Ti0.1Zr0.9O2 [Table 1 row 9],Pd-Cu/Ti0.8Zr0.2O2 [Table 1 row 5],orig,printed,lab
10.1016/j.fuel.2022.125878 | 30 bar | H2/CO2 3 | 12000 h-1,10.1016/j.fuel.2022.125878,2,False,0,"In13/ZrO2 [Fig. 9/text, In13/ZrO2, 573 K]","In13/ZrO2 [Fig. 9/text, In13/ZrO2, 573 K]",orig,printed,lab
10.1016/j.fuel.2023.127927 | 20 bar | H2/CO2 3 | 2.4 NL/g/h,10.1016/j.fuel.2023.127927,5,False,0,"0.5Ca-PZC [Table 1, 0.5Ca-PZC]","0.5Ca-PZC [Table 1, 0.5Ca-PZC]",orig,printed,lab
10.1016/j.fuel.2024.131111 | 40 bar | H2/CO2 5 | 12 NL/g/h,10.1016/j.fuel.2024.131111,11,True,0.00163138,"5InNi3C0.5/Fe3O4-450/425 [Fig. 2A, calcination 450 °C]","5InNi3C0.5/Fe3O4-400/450 [Fig. 2B, carburization 450 °C]",orig,printed,lab
10.1016/j.jcat.2012.05.020 | 30 bar | H2/CO2 3 | 13.4 NL/g/h,10.1016/j.jcat.2012.05.020,3,False,0,"PdMgGa [Table 2, PdMgGa]","PdMgGa [Table 2, PdMgGa]",orig,printed,lab
10.1016/j.jcat.2016.03.017 | 20 bar | H2/CO2 3 | 3.6 NL/g/h,10.1016/j.jcat.2016.03.017,17,False,0,5% Pd/ZnO SI [Table 5 row 3],5% Pd/ZnO SI [Table 5 row 3],orig,printed,lab
10.1016/j.jcou.2016.11.015 | 40 bar | H2/CO2 3.04 | 1.5 NL/g/h,10.1016/j.jcou.2016.11.015,10,False,0,"CZA-5 [Text, 513 K, 55.3 wt.% catalyst]","CZA-5 [Text, 513 K, 55.3 wt.% catalyst]",orig,printed,lab
10.1016/j.jes.2023.05.010 | 30 bar | H2/CO2 4 | 18 NL/g/h,10.1016/j.jes.2023.05.010,3,False,0,"Au/In2O3-NS [Fig. 6a,b and text, Au/In2O3-NS, 300°C]","Au/In2O3-NS [Fig. 6a,b and text, Au/In2O3-NS, 300°C]",orig,printed,lab
10.1016/j.jes.2023.05.010 | 30 bar | H2/CO2 4 | 18000 h-1,10.1016/j.jes.2023.05.010,3,False,0,In2O3-NS [SI Table S5 row In2O3-NS],In2O3-NS [SI Table S5 row In2O3-NS],orig,printed,lab
10.1021/acs.iecr.7b01464 | 30 bar | H2/CO2 3.03 | 0.873 NL/g/h,10.1021/acs.iecr.7b01464,5,False,0,"CZA400 [Text/Fig 6, CZA400, 260 °C, internal cooling]","CZA400 [Text/Fig 6, CZA400, 260 °C, internal cooling]",orig,printed,lab
10.1021/acscatal.0c05628 | 50 bar | H2/CO2 4 | 21 NL/g/h,10.1021/acscatal.0c05628,8,False,0,"Ir/In2O3-10 [Text/Figure 1, Ir/In2O3-10, 300 °C]","Ir/In2O3-10 [Text/Figure 1, Ir/In2O3-10, 300 °C]",orig,printed,lab
10.1021/acscatal.1c03170 | 30 bar | H2/CO2 3 | 60 NL/g/h,10.1021/acscatal.1c03170,4,False,0,"Ni-In2O3 [Fig 1, Ni-In2O3 screening catalyst]","Ni-In2O3 [Fig 1, Ni-In2O3 screening catalyst]",orig,printed,lab
10.1021/acscatal.5c05984 | 100 bar | H2/CO2 4 | 10 NL/g/h,10.1021/acscatal.5c05984,9,True,0.0175227,5 wt % Re/TiO2 [Table 4 row 11],1 wt % Re/TiO2 [Table 4 row 3],orig,printed,lab
10.1021/acscatal.5c05984 | 100 bar | H2/CO2 4 | 20 NL/g/h,10.1021/acscatal.5c05984,2,False,0,5 wt % Re/TiO2 [Table 4 row 12],5 wt % Re/TiO2 [Table 4 row 12],orig,printed,lab
10.1021/acscatal.5c05984 | 100 bar | H2/CO2 4 | 40 NL/g/h,10.1021/acscatal.5c05984,2,False,0,5 wt % Re/TiO2 [Table 4 row 14],5 wt % Re/TiO2 [Table 4 row 14],orig,printed,lab
10.1021/acscatal.9b01869 | 50 bar | H2/CO2 4 | 24000 h-1,10.1021/acscatal.9b01869,16,False,0,"In2.5/ZrO2 [Fig 5, In2.5/ZrO2, 280 °C]","In2.5/ZrO2 [Fig 5, In2.5/ZrO2, 280 °C]",orig,printed,lab
10.1021/acscatal.9b03305 | 50 bar | H2/CO2 4 | 24 NL/g/h,10.1021/acscatal.9b03305,12,True,0.00625936,"In2O3/m-ZrO2 [Figure 8/text, 5 wt % In2O3/m-ZrO2, 553 K]","50In2O3−50ZrO2 [Figure 3/text, 50In2O3-50ZrO2, 553 K]",orig,printed,lab
10.1021/cs500979c | 80 bar | H2/CO2 3 | 3600 h-1,10.1021/cs500979c,18,False,0,"Cu/ZrO2(III) [Table 6, Cu/ZrO2(III), 533 K]","Cu/ZrO2(III) [Table 6, Cu/ZrO2(III), 533 K]",orig,printed,lab
10.1038/s41467-019-11349-9 | 50 bar | H2/CO2 4 | 48 NL/g/h,10.1038/s41467-019-11349-9,3,False,0,"Pd–In2O3 CP [Table 2 Pd–In2O3 CP, WHSV 48,000 initial]","Pd–In2O3 CP [Table 2 Pd–In2O3 CP, WHSV 48,000 initial]",orig,printed,lab
10.1039/c2cy20604h | 100 bar | H2/CO2 3.8 | 10.6 NL/g/h,10.1039/c2cy20604h,11,True,0.167776,"Cu–Ba/Al2O3 [Fig 8, Cu-Ba/Al2O3, 473 K, 10 MPa]","Cu–K/Al2O3 [Fig 7, Cu-K/Al2O3, 553 K, 10 MPa]",orig,printed,lab
10.1039/c2cy20604h | 100 bar | H2/CO2 3.8 | 4000 h-1,10.1039/c2cy20604h,4,False,0,"Cu–Ba/Al2O3 [SI Table 3, 553 K, 10 MPa]","Cu–Ba/Al2O3 [SI Table 3, 553 K, 10 MPa]",orig,printed,lab
10.1039/c2cy20604h | 30 bar | H2/CO2 3.8 | 10.6 NL/g/h,10.1039/c2cy20604h,11,True,0.57546,"Cu–Ba/Al2O3 [Fig 8, Cu-Ba/Al2O3, 473 K, 3 MPa]","Cu–K/Al2O3 [Fig 7, Cu-K/Al2O3, 533 K, 3 MPa]",orig,printed,lab
10.1039/c2cy20604h | 30 bar | H2/CO2 3.8 | 4000 h-1,10.1039/c2cy20604h,4,True,0.147162,"Cu–Ba/Al2O3 [SI Table 3, 503 K, 3 MPa]","Cu–Ba/Al2O3 [SI Table 3, 553 K, 3 MPa]",orig,printed,lab
10.1039/c2cy20604h | 360 bar | H2/CO2 3.8 | 10.6 NL/g/h,10.1039/c2cy20604h,11,True,0.0501492,"Cu/Al2O3 [Fig 5/Fig 6, Cu/Al2O3, 473 K, 36 MPa]","Cu–K/Al2O3 [Fig 7, Cu-K/Al2O3, 553 K, 36 MPa]",orig,printed,lab
10.1039/c2cy20604h | 360 bar | H2/CO2 3.8 | 4000 h-1,10.1039/c2cy20604h,4,True,0.0354367,"Cu–Ba/Al2O3 [SI Table 3, 503 K, 36 MPa]","Cu–Ba/Al2O3 [SI Table 3, 553 K, 36 MPa]",orig,printed,lab
10.1039/c2cy20604h | 4 bar | H2/CO2 3.8 | 10.6 NL/g/h,10.1039/c2cy20604h,11,True,1.81543,"Cu–Ba/Al2O3 [Fig 8, Cu-Ba/Al2O3, 473 K, 0.40 MPa]","Cu–K/Al2O3 [Fig 7, Cu-K/Al2O3, 553 K, 0.40 MPa]",orig,printed,lab
10.1039/c2cy20604h | 4 bar | H2/CO2 3.8 | 4000 h-1,10.1039/c2cy20604h,4,True,0.05854,"Cu–Ba/Al2O3 [SI Table 3, 533 K, 0.4 MPa]","Cu–Ba/Al2O3 [SI Table 3, 553 K, 0.4 MPa]",orig,printed,lab
10.1039/c5cy00372e | 50 bar | H2/CO2 3.04 | 10 NL/g/h,10.1039/c5cy00372e,5,False,0,CHT-Y0.1 [Table 6 row CHT-Y0.1],CHT-Y0.1 [Table 6 row CHT-Y0.1],orig,printed,lab
10.1039/c6ra28305e | 30 bar | H2/CO2 3 | 3600 h-1,10.1039/c6ra28305e,4,True,0.012303,"CZ-450 [Table 2, CZ-450]","CZ-350 [Table 2, CZ-350]",orig,printed,lab
10.1039/d0gc01597k | 50 bar | H2/CO2 4 | 21 NL/g/h,10.1039/d0gc01597k,4,False,0,"Pt/In2O3 [Fig. 1a,b/text, Pt/In2O3, 300 °C]","Pt/In2O3 [Fig. 1a,b/text, Pt/In2O3, 300 °C]",orig,printed,lab
10.1126/sciadv.aaz2060 | 50 bar | H2/CO2 3.04 | 9 NL/g/h,10.1126/sciadv.aaz2060,4,False,0,"h–In2O3-R [Fig. 5B/C, h–In2O3-R, 360°C, standard feed]","h–In2O3-R [Fig. 5B/C, h–In2O3-R, 360°C, standard feed]",orig,printed,lab
10.1126/sciadv.abi6012 | 40 bar | H2/CO2 3 | 12 NL/g/h,10.1126/sciadv.abi6012,12,False,0,"InNi3C0.5/m-ZrO2 [Fig. 2A, InNi3C0.5/m-ZrO2, 12000 ml gcat-1 hour-1]","InNi3C0.5/m-ZrO2 [Fig. 2A, InNi3C0.5/m-ZrO2, 12000 ml gcat-1 hour-1]",orig,printed,lab
10.1126/sciadv.abi6012 | 40 bar | H2/CO2 3 | 24 NL/g/h,10.1126/sciadv.abi6012,4,False,0,"InNi3C0.5/m-ZrO2 [Fig. 2B, InNi3C0.5/m-ZrO2, 24000 ml gcat-1 hour-1]","InNi3C0.5/m-ZrO2 [Fig. 2B, InNi3C0.5/m-ZrO2, 24000 ml gcat-1 hour-1]",orig,printed,lab
10.1126/sciadv.abi6012 | 40 bar | H2/CO2 8 | 30 NL/g/h,10.1126/sciadv.abi6012,2,True,0.0103983,"InNi3C0.5/Fe3O4 [Text/Table S7, InNi3C0.5/Fe3O4, 325C, 4.0 MPa, H2/CO2 8:1, GHSV 30000]","CuZnAl [SI Table S7 row CuZnAl, 325 °C]",orig,printed,lab
10.1002/anie.201600943 | 50 bar | H2/CO2 4 | 26 NL/g/h,10.1002/anie.201600943,2,False,0,"In2O3 [Figure 1a, In2O3, 573 K]","In2O3 [Figure 1a, In2O3, 573 K]",orig,printed,cost_f0.95
10.1002/cctc.202000974 | 20 bar | H2/CO2 3 | 3.6 NL/g/h,10.1002/cctc.202000974,29,True,0.00853637,"physical mixture of Pd/ZnO and TiO2 [Text, physical mixture Pd/ZnO and TiO2, 250°C]","PdZn/ZnTiO3 [SI Table S2, PdZn/ZnTiO3, 250 °C]",orig,printed,cost_f0.95
10.1002/ente.201800747 | 40 bar | H2/CO2 3 | 21.6 NL/g/h,10.1002/ente.201800747,30,True,0.0811246,"Cat-4.5 [Figure 4c/text, Cat-4.5 at 325 °C]","Cat-4.5 [SI Table S1, Cat-4.5, 250 °C]",orig,printed,cost_f0.95
10.1016/j.apcata.2018.04.036 | 30 bar | H2/CO2 3 | 2.4 NL/g/h,10.1016/j.apcata.2018.04.036,4,True,0.0171224,"0.5Ca5P5ZC [Fig 10a,b/text, 0.5Ca5P5ZC, 270 °C]","0.5Ca5P5ZC [Table 6, 0.5Ca5P5ZC, 220 °C]",orig,printed,cost_f0.95
10.1016/j.apcatb.2017.06.069 | 50 bar | H2/CO2 4 | 21 NL/g/h,10.1016/j.apcatb.2017.06.069,2,False,0,"Pd-I/In2O3 [SI Table S2, Pd-I/In2O3 This work]","Pd-I/In2O3 [SI Table S2, Pd-I/In2O3 This work]",orig,printed,cost_f0.95
10.1016/j.cattod.2019.05.040 | 30 bar | H2/CO2 3 | 2.4 NL/g/h,10.1016/j.cattod.2019.05.040,2,False,0,"0.5Ca5P5ZZr-IMP [Table 3, 0.5Ca5P5ZZr-IMP at 230 °C]","0.5Ca5P5ZZr-IMP [Table 3, 0.5Ca5P5ZZr-IMP at 230 °C]",orig,printed,cost_f0.95
10.1016/j.cattod.2020.05.049 | 41 bar | H2/CO2 3 | 3.6 NL/g/h,10.1016/j.cattod.2020.05.049,10,False,0,Pd-Cu/Ti0.1Zr0.9O2 [Table 1 row 9],Pd-Cu/Ti0.1Zr0.9O2 [Table 1 row 9],orig,printed,cost_f0.95
10.1016/j.fuel.2022.125878 | 30 bar | H2/CO2 3 | 12000 h-1,10.1016/j.fuel.2022.125878,2,False,0,"In13/ZrO2 [Fig. 9/text, In13/ZrO2, 573 K]","In13/ZrO2 [Fig. 9/text, In13/ZrO2, 573 K]",orig,printed,cost_f0.95
10.1016/j.fuel.2023.127927 | 20 bar | H2/CO2 3 | 2.4 NL/g/h,10.1016/j.fuel.2023.127927,5,False,0,"0.5Ca-PZC [Table 1, 0.5Ca-PZC]","0.5Ca-PZC [Table 1, 0.5Ca-PZC]",orig,printed,cost_f0.95
10.1016/j.fuel.2024.131111 | 40 bar | H2/CO2 5 | 12 NL/g/h,10.1016/j.fuel.2024.131111,11,True,0.0086211,"5InNi3C0.5/Fe3O4-450/425 [Fig. 2A, calcination 450 °C]","5InNi3C0.5/Fe3O4-400/450 [Fig. 2B, carburization 450 °C]",orig,printed,cost_f0.95
10.1016/j.jcat.2012.05.020 | 30 bar | H2/CO2 3 | 13.4 NL/g/h,10.1016/j.jcat.2012.05.020,3,False,0,"PdMgGa [Table 2, PdMgGa]","PdMgGa [Table 2, PdMgGa]",orig,printed,cost_f0.95
10.1016/j.jcat.2016.03.017 | 20 bar | H2/CO2 3 | 3.6 NL/g/h,10.1016/j.jcat.2016.03.017,17,False,0,5% Pd/ZnO SI [Table 5 row 3],5% Pd/ZnO SI [Table 5 row 3],orig,printed,cost_f0.95
10.1016/j.jcou.2016.11.015 | 40 bar | H2/CO2 3.04 | 1.5 NL/g/h,10.1016/j.jcou.2016.11.015,10,False,0,"CZA-5 [Text, 513 K, 55.3 wt.% catalyst]","CZA-5 [Text, 513 K, 55.3 wt.% catalyst]",orig,printed,cost_f0.95
10.1016/j.jes.2023.05.010 | 30 bar | H2/CO2 4 | 18 NL/g/h,10.1016/j.jes.2023.05.010,3,False,0,"Au/In2O3-NS [Fig. 6a,b and text, Au/In2O3-NS, 300°C]","Au/In2O3-NS [Fig. 6a,b and text, Au/In2O3-NS, 300°C]",orig,printed,cost_f0.95
10.1016/j.jes.2023.05.010 | 30 bar | H2/CO2 4 | 18000 h-1,10.1016/j.jes.2023.05.010,3,False,0,In2O3-NS [SI Table S5 row In2O3-NS],In2O3-NS [SI Table S5 row In2O3-NS],orig,printed,cost_f0.95
10.1021/acs.iecr.7b01464 | 30 bar | H2/CO2 3.03 | 0.873 NL/g/h,10.1021/acs.iecr.7b01464,5,False,0,"CZA400 [Text/Fig 6, CZA400, 260 °C, internal cooling]","CZA400 [Text/Fig 6, CZA400, 260 °C, internal cooling]",orig,printed,cost_f0.95
10.1021/acscatal.0c05628 | 50 bar | H2/CO2 4 | 21 NL/g/h,10.1021/acscatal.0c05628,8,True,0.013895,"Ir/In2O3-10 [Text/Figure 1, Ir/In2O3-10, 300 °C]","Ir/In2O3-10 [Text/Figure 1a, Ir/In2O3-10, 250 °C]",orig,printed,cost_f0.95
10.1021/acscatal.1c03170 | 30 bar | H2/CO2 3 | 60 NL/g/h,10.1021/acscatal.1c03170,4,False,0,"Ni-In2O3 [Fig 1, Ni-In2O3 screening catalyst]","Ni-In2O3 [Fig 1, Ni-In2O3 screening catalyst]",orig,printed,cost_f0.95
10.1021/acscatal.5c05984 | 100 bar | H2/CO2 4 | 10 NL/g/h,10.1021/acscatal.5c05984,9,True,0.0360374,5 wt % Re/TiO2 [Table 4 row 11],1 wt % Re/TiO2 [Table 4 row 3],orig,printed,cost_f0.95
10.1021/acscatal.5c05984 | 100 bar | H2/CO2 4 | 20 NL/g/h,10.1021/acscatal.5c05984,2,False,0,5 wt % Re/TiO2 [Table 4 row 12],5 wt % Re/TiO2 [Table 4 row 12],orig,printed,cost_f0.95
10.1021/acscatal.5c05984 | 100 bar | H2/CO2 4 | 40 NL/g/h,10.1021/acscatal.5c05984,2,False,0,5 wt % Re/TiO2 [Table 4 row 14],5 wt % Re/TiO2 [Table 4 row 14],orig,printed,cost_f0.95
10.1021/acscatal.9b01869 | 50 bar | H2/CO2 4 | 24000 h-1,10.1021/acscatal.9b01869,16,False,0,"In2.5/ZrO2 [Fig 5, In2.5/ZrO2, 280 °C]","In2.5/ZrO2 [Fig 5, In2.5/ZrO2, 280 °C]",orig,printed,cost_f0.95
10.1021/acscatal.9b03305 | 50 bar | H2/CO2 4 | 24 NL/g/h,10.1021/acscatal.9b03305,12,False,0,"In2O3/m-ZrO2 [Figure 8/text, 5 wt % In2O3/m-ZrO2, 553 K]","In2O3/m-ZrO2 [Figure 8/text, 5 wt % In2O3/m-ZrO2, 553 K]",orig,printed,cost_f0.95
10.1021/cs500979c | 80 bar | H2/CO2 3 | 3600 h-1,10.1021/cs500979c,18,False,0,"Cu/ZrO2(III) [Table 6, Cu/ZrO2(III), 533 K]","Cu/ZrO2(III) [Table 6, Cu/ZrO2(III), 533 K]",orig,printed,cost_f0.95
10.1038/s41467-019-11349-9 | 50 bar | H2/CO2 4 | 48 NL/g/h,10.1038/s41467-019-11349-9,3,False,0,"Pd–In2O3 CP [Table 2 Pd–In2O3 CP, WHSV 48,000 initial]","Pd–In2O3 CP [Table 2 Pd–In2O3 CP, WHSV 48,000 initial]",orig,printed,cost_f0.95
10.1039/c2cy20604h | 100 bar | H2/CO2 3.8 | 10.6 NL/g/h,10.1039/c2cy20604h,11,False,0,"Cu–Ba/Al2O3 [Fig 8, Cu-Ba/Al2O3, 473 K, 10 MPa]","Cu–Ba/Al2O3 [Fig 8, Cu-Ba/Al2O3, 473 K, 10 MPa]",orig,printed,cost_f0.95
10.1039/c2cy20604h | 100 bar | H2/CO2 3.8 | 4000 h-1,10.1039/c2cy20604h,4,False,0,"Cu–Ba/Al2O3 [SI Table 3, 553 K, 10 MPa]","Cu–Ba/Al2O3 [SI Table 3, 553 K, 10 MPa]",orig,printed,cost_f0.95
10.1039/c2cy20604h | 30 bar | H2/CO2 3.8 | 10.6 NL/g/h,10.1039/c2cy20604h,11,False,0,"Cu–Ba/Al2O3 [Fig 8, Cu-Ba/Al2O3, 473 K, 3 MPa]","Cu–Ba/Al2O3 [Fig 8, Cu-Ba/Al2O3, 473 K, 3 MPa]",orig,printed,cost_f0.95
10.1039/c2cy20604h | 30 bar | H2/CO2 3.8 | 4000 h-1,10.1039/c2cy20604h,4,True,0.0102126,"Cu–Ba/Al2O3 [SI Table 3, 503 K, 3 MPa]","Cu–Ba/Al2O3 [SI Table 3, 553 K, 3 MPa]",orig,printed,cost_f0.95
10.1039/c2cy20604h | 360 bar | H2/CO2 3.8 | 10.6 NL/g/h,10.1039/c2cy20604h,11,True,0.00599858,"Cu/Al2O3 [Fig 5/Fig 6, Cu/Al2O3, 473 K, 36 MPa]","Cu/Al2O3 [Fig 5/Fig 6, Cu/Al2O3, 503 K, 36 MPa]",orig,printed,cost_f0.95
10.1039/c2cy20604h | 360 bar | H2/CO2 3.8 | 4000 h-1,10.1039/c2cy20604h,4,False,0,"Cu–Ba/Al2O3 [SI Table 3, 503 K, 36 MPa]","Cu–Ba/Al2O3 [SI Table 3, 503 K, 36 MPa]",orig,printed,cost_f0.95
10.1039/c2cy20604h | 4 bar | H2/CO2 3.8 | 10.6 NL/g/h,10.1039/c2cy20604h,11,True,0.0522767,"Cu–Ba/Al2O3 [Fig 8, Cu-Ba/Al2O3, 473 K, 0.40 MPa]","Cu–K/Al2O3 [Fig 7, Cu-K/Al2O3, 553 K, 0.40 MPa]",orig,printed,cost_f0.95
10.1039/c2cy20604h | 4 bar | H2/CO2 3.8 | 4000 h-1,10.1039/c2cy20604h,4,True,0.05854,"Cu–Ba/Al2O3 [SI Table 3, 533 K, 0.4 MPa]","Cu–Ba/Al2O3 [SI Table 3, 553 K, 0.4 MPa]",orig,printed,cost_f0.95
10.1039/c5cy00372e | 50 bar | H2/CO2 3.04 | 10 NL/g/h,10.1039/c5cy00372e,5,False,0,CHT-Y0.1 [Table 6 row CHT-Y0.1],CHT-Y0.1 [Table 6 row CHT-Y0.1],orig,printed,cost_f0.95
10.1039/c6ra28305e | 30 bar | H2/CO2 3 | 3600 h-1,10.1039/c6ra28305e,4,False,0,"CZ-450 [Table 2, CZ-450]","CZ-450 [Table 2, CZ-450]",orig,printed,cost_f0.95
10.1039/d0gc01597k | 50 bar | H2/CO2 4 | 21 NL/g/h,10.1039/d0gc01597k,4,True,0.0111191,"Pt/In2O3 [Fig. 1a,b/text, Pt/In2O3, 300 °C]","Pt/In2O3 [Fig. 1a,b, Pt/In2O3, 250 °C]",orig,printed,cost_f0.95
10.1126/sciadv.aaz2060 | 50 bar | H2/CO2 3.04 | 9 NL/g/h,10.1126/sciadv.aaz2060,4,False,0,"h–In2O3-R [Fig. 5B/C, h–In2O3-R, 360°C, standard feed]","h–In2O3-R [Fig. 5B/C, h–In2O3-R, 360°C, standard feed]",orig,printed,cost_f0.95
10.1126/sciadv.abi6012 | 40 bar | H2/CO2 3 | 12 NL/g/h,10.1126/sciadv.abi6012,12,False,0,"InNi3C0.5/m-ZrO2 [Fig. 2A, InNi3C0.5/m-ZrO2, 12000 ml gcat-1 hour-1]","InNi3C0.5/m-ZrO2 [Fig. 2A, InNi3C0.5/m-ZrO2, 12000 ml gcat-1 hour-1]",orig,printed,cost_f0.95
10.1126/sciadv.abi6012 | 40 bar | H2/CO2 3 | 24 NL/g/h,10.1126/sciadv.abi6012,4,False,0,"InNi3C0.5/m-ZrO2 [Fig. 2B, InNi3C0.5/m-ZrO2, 24000 ml gcat-1 hour-1]","InNi3C0.5/m-ZrO2 [Fig. 2B, InNi3C0.5/m-ZrO2, 24000 ml gcat-1 hour-1]",orig,printed,cost_f0.95
10.1126/sciadv.abi6012 | 40 bar | H2/CO2 8 | 30 NL/g/h,10.1126/sciadv.abi6012,2,True,0.0103983,"InNi3C0.5/Fe3O4 [Text/Table S7, InNi3C0.5/Fe3O4, 325C, 4.0 MPa, H2/CO2 8:1, GHSV 30000]","CuZnAl [SI Table S7 row CuZnAl, 325 °C]",orig,printed,cost_f0.95
10.1002/anie.201600943 | 50 bar | H2/CO2 4 | 26 NL/g/h,10.1002/anie.201600943,2,False,0,"In2O3 [Figure 1a, In2O3, 573 K]","In2O3 [Figure 1a, In2O3, 573 K]",orig,printed,cost_f0.9
10.1002/cctc.202000974 | 20 bar | H2/CO2 3 | 3.6 NL/g/h,10.1002/cctc.202000974,29,True,0.00853637,"physical mixture of Pd/ZnO and TiO2 [Text, physical mixture Pd/ZnO and TiO2, 250°C]","PdZn/ZnTiO3 [SI Table S2, PdZn/ZnTiO3, 250 °C]",orig,printed,cost_f0.9
10.1002/ente.201800747 | 40 bar | H2/CO2 3 | 21.6 NL/g/h,10.1002/ente.201800747,30,True,0.0811246,"Cat-4.5 [Figure 4c/text, Cat-4.5 at 325 °C]","Cat-4.5 [SI Table S1, Cat-4.5, 250 °C]",orig,printed,cost_f0.9
10.1016/j.apcata.2018.04.036 | 30 bar | H2/CO2 3 | 2.4 NL/g/h,10.1016/j.apcata.2018.04.036,4,True,0.0171224,"0.5Ca5P5ZC [Fig 10a,b/text, 0.5Ca5P5ZC, 270 °C]","0.5Ca5P5ZC [Table 6, 0.5Ca5P5ZC, 220 °C]",orig,printed,cost_f0.9
10.1016/j.apcatb.2017.06.069 | 50 bar | H2/CO2 4 | 21 NL/g/h,10.1016/j.apcatb.2017.06.069,2,False,0,"Pd-I/In2O3 [SI Table S2, Pd-I/In2O3 This work]","Pd-I/In2O3 [SI Table S2, Pd-I/In2O3 This work]",orig,printed,cost_f0.9
10.1016/j.cattod.2019.05.040 | 30 bar | H2/CO2 3 | 2.4 NL/g/h,10.1016/j.cattod.2019.05.040,2,False,0,"0.5Ca5P5ZZr-IMP [Table 3, 0.5Ca5P5ZZr-IMP at 230 °C]","0.5Ca5P5ZZr-IMP [Table 3, 0.5Ca5P5ZZr-IMP at 230 °C]",orig,printed,cost_f0.9
10.1016/j.cattod.2020.05.049 | 41 bar | H2/CO2 3 | 3.6 NL/g/h,10.1016/j.cattod.2020.05.049,10,False,0,Pd-Cu/Ti0.1Zr0.9O2 [Table 1 row 9],Pd-Cu/Ti0.1Zr0.9O2 [Table 1 row 9],orig,printed,cost_f0.9
10.1016/j.fuel.2022.125878 | 30 bar | H2/CO2 3 | 12000 h-1,10.1016/j.fuel.2022.125878,2,False,0,"In13/ZrO2 [Fig. 9/text, In13/ZrO2, 573 K]","In13/ZrO2 [Fig. 9/text, In13/ZrO2, 573 K]",orig,printed,cost_f0.9
10.1016/j.fuel.2023.127927 | 20 bar | H2/CO2 3 | 2.4 NL/g/h,10.1016/j.fuel.2023.127927,5,False,0,"0.5Ca-PZC [Table 1, 0.5Ca-PZC]","0.5Ca-PZC [Table 1, 0.5Ca-PZC]",orig,printed,cost_f0.9
10.1016/j.fuel.2024.131111 | 40 bar | H2/CO2 5 | 12 NL/g/h,10.1016/j.fuel.2024.131111,11,True,0.0086211,"5InNi3C0.5/Fe3O4-450/425 [Fig. 2A, calcination 450 °C]","5InNi3C0.5/Fe3O4-400/450 [Fig. 2B, carburization 450 °C]",orig,printed,cost_f0.9
10.1016/j.jcat.2012.05.020 | 30 bar | H2/CO2 3 | 13.4 NL/g/h,10.1016/j.jcat.2012.05.020,3,False,0,"PdMgGa [Table 2, PdMgGa]","PdMgGa [Table 2, PdMgGa]",orig,printed,cost_f0.9
10.1016/j.jcat.2016.03.017 | 20 bar | H2/CO2 3 | 3.6 NL/g/h,10.1016/j.jcat.2016.03.017,17,False,0,5% Pd/ZnO SI [Table 5 row 3],5% Pd/ZnO SI [Table 5 row 3],orig,printed,cost_f0.9
10.1016/j.jcou.2016.11.015 | 40 bar | H2/CO2 3.04 | 1.5 NL/g/h,10.1016/j.jcou.2016.11.015,10,False,0,"CZA-5 [Text, 513 K, 55.3 wt.% catalyst]","CZA-5 [Text, 513 K, 55.3 wt.% catalyst]",orig,printed,cost_f0.9
10.1016/j.jes.2023.05.010 | 30 bar | H2/CO2 4 | 18 NL/g/h,10.1016/j.jes.2023.05.010,3,False,0,"Au/In2O3-NS [Fig. 6a,b and text, Au/In2O3-NS, 300°C]","Au/In2O3-NS [Fig. 6a,b and text, Au/In2O3-NS, 300°C]",orig,printed,cost_f0.9
10.1016/j.jes.2023.05.010 | 30 bar | H2/CO2 4 | 18000 h-1,10.1016/j.jes.2023.05.010,3,False,0,In2O3-NS [SI Table S5 row In2O3-NS],In2O3-NS [SI Table S5 row In2O3-NS],orig,printed,cost_f0.9
10.1021/acs.iecr.7b01464 | 30 bar | H2/CO2 3.03 | 0.873 NL/g/h,10.1021/acs.iecr.7b01464,5,False,0,"CZA400 [Text/Fig 6, CZA400, 260 °C, internal cooling]","CZA400 [Text/Fig 6, CZA400, 260 °C, internal cooling]",orig,printed,cost_f0.9
10.1021/acscatal.0c05628 | 50 bar | H2/CO2 4 | 21 NL/g/h,10.1021/acscatal.0c05628,8,True,0.013895,"Ir/In2O3-10 [Text/Figure 1, Ir/In2O3-10, 300 °C]","Ir/In2O3-10 [Text/Figure 1a, Ir/In2O3-10, 250 °C]",orig,printed,cost_f0.9
10.1021/acscatal.1c03170 | 30 bar | H2/CO2 3 | 60 NL/g/h,10.1021/acscatal.1c03170,4,False,0,"Ni-In2O3 [Fig 1, Ni-In2O3 screening catalyst]","Ni-In2O3 [Fig 1, Ni-In2O3 screening catalyst]",orig,printed,cost_f0.9
10.1021/acscatal.5c05984 | 100 bar | H2/CO2 4 | 10 NL/g/h,10.1021/acscatal.5c05984,9,True,0.0360374,5 wt % Re/TiO2 [Table 4 row 11],1 wt % Re/TiO2 [Table 4 row 3],orig,printed,cost_f0.9
10.1021/acscatal.5c05984 | 100 bar | H2/CO2 4 | 20 NL/g/h,10.1021/acscatal.5c05984,2,False,0,5 wt % Re/TiO2 [Table 4 row 12],5 wt % Re/TiO2 [Table 4 row 12],orig,printed,cost_f0.9
10.1021/acscatal.5c05984 | 100 bar | H2/CO2 4 | 40 NL/g/h,10.1021/acscatal.5c05984,2,False,0,5 wt % Re/TiO2 [Table 4 row 14],5 wt % Re/TiO2 [Table 4 row 14],orig,printed,cost_f0.9
10.1021/acscatal.9b01869 | 50 bar | H2/CO2 4 | 24000 h-1,10.1021/acscatal.9b01869,16,False,0,"In2.5/ZrO2 [Fig 5, In2.5/ZrO2, 280 °C]","In2.5/ZrO2 [Fig 5, In2.5/ZrO2, 280 °C]",orig,printed,cost_f0.9
10.1021/acscatal.9b03305 | 50 bar | H2/CO2 4 | 24 NL/g/h,10.1021/acscatal.9b03305,12,False,0,"In2O3/m-ZrO2 [Figure 8/text, 5 wt % In2O3/m-ZrO2, 553 K]","In2O3/m-ZrO2 [Figure 8/text, 5 wt % In2O3/m-ZrO2, 553 K]",orig,printed,cost_f0.9
10.1021/cs500979c | 80 bar | H2/CO2 3 | 3600 h-1,10.1021/cs500979c,18,False,0,"Cu/ZrO2(III) [Table 6, Cu/ZrO2(III), 533 K]","Cu/ZrO2(III) [Table 6, Cu/ZrO2(III), 533 K]",orig,printed,cost_f0.9
10.1038/s41467-019-11349-9 | 50 bar | H2/CO2 4 | 48 NL/g/h,10.1038/s41467-019-11349-9,3,False,0,"Pd–In2O3 CP [Table 2 Pd–In2O3 CP, WHSV 48,000 initial]","Pd–In2O3 CP [Table 2 Pd–In2O3 CP, WHSV 48,000 initial]",orig,printed,cost_f0.9
10.1039/c2cy20604h | 100 bar | H2/CO2 3.8 | 10.6 NL/g/h,10.1039/c2cy20604h,11,False,0,"Cu–Ba/Al2O3 [Fig 8, Cu-Ba/Al2O3, 473 K, 10 MPa]","Cu–Ba/Al2O3 [Fig 8, Cu-Ba/Al2O3, 473 K, 10 MPa]",orig,printed,cost_f0.9
10.1039/c2cy20604h | 100 bar | H2/CO2 3.8 | 4000 h-1,10.1039/c2cy20604h,4,False,0,"Cu–Ba/Al2O3 [SI Table 3, 553 K, 10 MPa]","Cu–Ba/Al2O3 [SI Table 3, 553 K, 10 MPa]",orig,printed,cost_f0.9
10.1039/c2cy20604h | 30 bar | H2/CO2 3.8 | 10.6 NL/g/h,10.1039/c2cy20604h,11,False,0,"Cu–Ba/Al2O3 [Fig 8, Cu-Ba/Al2O3, 473 K, 3 MPa]","Cu–Ba/Al2O3 [Fig 8, Cu-Ba/Al2O3, 473 K, 3 MPa]",orig,printed,cost_f0.9
10.1039/c2cy20604h | 30 bar | H2/CO2 3.8 | 4000 h-1,10.1039/c2cy20604h,4,True,0.0102126,"Cu–Ba/Al2O3 [SI Table 3, 503 K, 3 MPa]","Cu–Ba/Al2O3 [SI Table 3, 553 K, 3 MPa]",orig,printed,cost_f0.9
10.1039/c2cy20604h | 360 bar | H2/CO2 3.8 | 10.6 NL/g/h,10.1039/c2cy20604h,11,True,0.00599858,"Cu/Al2O3 [Fig 5/Fig 6, Cu/Al2O3, 473 K, 36 MPa]","Cu/Al2O3 [Fig 5/Fig 6, Cu/Al2O3, 503 K, 36 MPa]",orig,printed,cost_f0.9
10.1039/c2cy20604h | 360 bar | H2/CO2 3.8 | 4000 h-1,10.1039/c2cy20604h,4,False,0,"Cu–Ba/Al2O3 [SI Table 3, 503 K, 36 MPa]","Cu–Ba/Al2O3 [SI Table 3, 503 K, 36 MPa]",orig,printed,cost_f0.9
10.1039/c2cy20604h | 4 bar | H2/CO2 3.8 | 10.6 NL/g/h,10.1039/c2cy20604h,11,True,0.0522767,"Cu–Ba/Al2O3 [Fig 8, Cu-Ba/Al2O3, 473 K, 0.40 MPa]","Cu–K/Al2O3 [Fig 7, Cu-K/Al2O3, 553 K, 0.40 MPa]",orig,printed,cost_f0.9
10.1039/c2cy20604h | 4 bar | H2/CO2 3.8 | 4000 h-1,10.1039/c2cy20604h,4,True,0.05854,"Cu–Ba/Al2O3 [SI Table 3, 533 K, 0.4 MPa]","Cu–Ba/Al2O3 [SI Table 3, 553 K, 0.4 MPa]",orig,printed,cost_f0.9
10.1039/c5cy00372e | 50 bar | H2/CO2 3.04 | 10 NL/g/h,10.1039/c5cy00372e,5,False,0,CHT-Y0.1 [Table 6 row CHT-Y0.1],CHT-Y0.1 [Table 6 row CHT-Y0.1],orig,printed,cost_f0.9
10.1039/c6ra28305e | 30 bar | H2/CO2 3 | 3600 h-1,10.1039/c6ra28305e,4,False,0,"CZ-450 [Table 2, CZ-450]","CZ-450 [Table 2, CZ-450]",orig,printed,cost_f0.9
10.1039/d0gc01597k | 50 bar | H2/CO2 4 | 21 NL/g/h,10.1039/d0gc01597k,4,True,0.0111191,"Pt/In2O3 [Fig. 1a,b/text, Pt/In2O3, 300 °C]","Pt/In2O3 [Fig. 1a,b, Pt/In2O3, 250 °C]",orig,printed,cost_f0.9
10.1126/sciadv.aaz2060 | 50 bar | H2/CO2 3.04 | 9 NL/g/h,10.1126/sciadv.aaz2060,4,False,0,"h–In2O3-R [Fig. 5B/C, h–In2O3-R, 360°C, standard feed]","h–In2O3-R [Fig. 5B/C, h–In2O3-R, 360°C, standard feed]",orig,printed,cost_f0.9
10.1126/sciadv.abi6012 | 40 bar | H2/CO2 3 | 12 NL/g/h,10.1126/sciadv.abi6012,12,False,0,"InNi3C0.5/m-ZrO2 [Fig. 2A, InNi3C0.5/m-ZrO2, 12000 ml gcat-1 hour-1]","InNi3C0.5/m-ZrO2 [Fig. 2A, InNi3C0.5/m-ZrO2, 12000 ml gcat-1 hour-1]",orig,printed,cost_f0.9
10.1126/sciadv.abi6012 | 40 bar | H2/CO2 3 | 24 NL/g/h,10.1126/sciadv.abi6012,4,False,0,"InNi3C0.5/m-ZrO2 [Fig. 2B, InNi3C0.5/m-ZrO2, 24000 ml gcat-1 hour-1]","InNi3C0.5/m-ZrO2 [Fig. 2B, InNi3C0.5/m-ZrO2, 24000 ml gcat-1 hour-1]",orig,printed,cost_f0.9
10.1126/sciadv.abi6012 | 40 bar | H2/CO2 8 | 30 NL/g/h,10.1126/sciadv.abi6012,2,True,0.0103983,"InNi3C0.5/Fe3O4 [Text/Table S7, InNi3C0.5/Fe3O4, 325C, 4.0 MPa, H2/CO2 8:1, GHSV 30000]","CuZnAl [SI Table S7 row CuZnAl, 325 °C]",orig,printed,cost_f0.9
10.1002/anie.201600943 | 50 bar | H2/CO2 4 | 26 NL/g/h,10.1002/anie.201600943,2,False,0,"In2O3 [Figure 1a, In2O3, 573 K]","In2O3 [Figure 1a, In2O3, 573 K]",orig,printed,cost_f0.99
10.1002/cctc.202000974 | 20 bar | H2/CO2 3 | 3.6 NL/g/h,10.1002/cctc.202000974,29,True,0.00853637,"physical mixture of Pd/ZnO and TiO2 [Text, physical mixture Pd/ZnO and TiO2, 250°C]","PdZn/ZnTiO3 [SI Table S2, PdZn/ZnTiO3, 250 °C]",orig,printed,cost_f0.99
10.1002/ente.201800747 | 40 bar | H2/CO2 3 | 21.6 NL/g/h,10.1002/ente.201800747,30,True,0.0811246,"Cat-4.5 [Figure 4c/text, Cat-4.5 at 325 °C]","Cat-4.5 [SI Table S1, Cat-4.5, 250 °C]",orig,printed,cost_f0.99
10.1016/j.apcata.2018.04.036 | 30 bar | H2/CO2 3 | 2.4 NL/g/h,10.1016/j.apcata.2018.04.036,4,True,0.0171224,"0.5Ca5P5ZC [Fig 10a,b/text, 0.5Ca5P5ZC, 270 °C]","0.5Ca5P5ZC [Table 6, 0.5Ca5P5ZC, 220 °C]",orig,printed,cost_f0.99
10.1016/j.apcatb.2017.06.069 | 50 bar | H2/CO2 4 | 21 NL/g/h,10.1016/j.apcatb.2017.06.069,2,False,0,"Pd-I/In2O3 [SI Table S2, Pd-I/In2O3 This work]","Pd-I/In2O3 [SI Table S2, Pd-I/In2O3 This work]",orig,printed,cost_f0.99
10.1016/j.cattod.2019.05.040 | 30 bar | H2/CO2 3 | 2.4 NL/g/h,10.1016/j.cattod.2019.05.040,2,False,0,"0.5Ca5P5ZZr-IMP [Table 3, 0.5Ca5P5ZZr-IMP at 230 °C]","0.5Ca5P5ZZr-IMP [Table 3, 0.5Ca5P5ZZr-IMP at 230 °C]",orig,printed,cost_f0.99
10.1016/j.cattod.2020.05.049 | 41 bar | H2/CO2 3 | 3.6 NL/g/h,10.1016/j.cattod.2020.05.049,10,False,0,Pd-Cu/Ti0.1Zr0.9O2 [Table 1 row 9],Pd-Cu/Ti0.1Zr0.9O2 [Table 1 row 9],orig,printed,cost_f0.99
10.1016/j.fuel.2022.125878 | 30 bar | H2/CO2 3 | 12000 h-1,10.1016/j.fuel.2022.125878,2,False,0,"In13/ZrO2 [Fig. 9/text, In13/ZrO2, 573 K]","In13/ZrO2 [Fig. 9/text, In13/ZrO2, 573 K]",orig,printed,cost_f0.99
10.1016/j.fuel.2023.127927 | 20 bar | H2/CO2 3 | 2.4 NL/g/h,10.1016/j.fuel.2023.127927,5,False,0,"0.5Ca-PZC [Table 1, 0.5Ca-PZC]","0.5Ca-PZC [Table 1, 0.5Ca-PZC]",orig,printed,cost_f0.99
10.1016/j.fuel.2024.131111 | 40 bar | H2/CO2 5 | 12 NL/g/h,10.1016/j.fuel.2024.131111,11,True,0.0086211,"5InNi3C0.5/Fe3O4-450/425 [Fig. 2A, calcination 450 °C]","5InNi3C0.5/Fe3O4-400/450 [Fig. 2B, carburization 450 °C]",orig,printed,cost_f0.99
10.1016/j.jcat.2012.05.020 | 30 bar | H2/CO2 3 | 13.4 NL/g/h,10.1016/j.jcat.2012.05.020,3,False,0,"PdMgGa [Table 2, PdMgGa]","PdMgGa [Table 2, PdMgGa]",orig,printed,cost_f0.99
10.1016/j.jcat.2016.03.017 | 20 bar | H2/CO2 3 | 3.6 NL/g/h,10.1016/j.jcat.2016.03.017,17,False,0,5% Pd/ZnO SI [Table 5 row 3],5% Pd/ZnO SI [Table 5 row 3],orig,printed,cost_f0.99
10.1016/j.jcou.2016.11.015 | 40 bar | H2/CO2 3.04 | 1.5 NL/g/h,10.1016/j.jcou.2016.11.015,10,False,0,"CZA-5 [Text, 513 K, 55.3 wt.% catalyst]","CZA-5 [Text, 513 K, 55.3 wt.% catalyst]",orig,printed,cost_f0.99
10.1016/j.jes.2023.05.010 | 30 bar | H2/CO2 4 | 18 NL/g/h,10.1016/j.jes.2023.05.010,3,False,0,"Au/In2O3-NS [Fig. 6a,b and text, Au/In2O3-NS, 300°C]","Au/In2O3-NS [Fig. 6a,b and text, Au/In2O3-NS, 300°C]",orig,printed,cost_f0.99
10.1016/j.jes.2023.05.010 | 30 bar | H2/CO2 4 | 18000 h-1,10.1016/j.jes.2023.05.010,3,False,0,In2O3-NS [SI Table S5 row In2O3-NS],In2O3-NS [SI Table S5 row In2O3-NS],orig,printed,cost_f0.99
10.1021/acs.iecr.7b01464 | 30 bar | H2/CO2 3.03 | 0.873 NL/g/h,10.1021/acs.iecr.7b01464,5,False,0,"CZA400 [Text/Fig 6, CZA400, 260 °C, internal cooling]","CZA400 [Text/Fig 6, CZA400, 260 °C, internal cooling]",orig,printed,cost_f0.99
10.1021/acscatal.0c05628 | 50 bar | H2/CO2 4 | 21 NL/g/h,10.1021/acscatal.0c05628,8,True,0.013895,"Ir/In2O3-10 [Text/Figure 1, Ir/In2O3-10, 300 °C]","Ir/In2O3-10 [Text/Figure 1a, Ir/In2O3-10, 250 °C]",orig,printed,cost_f0.99
10.1021/acscatal.1c03170 | 30 bar | H2/CO2 3 | 60 NL/g/h,10.1021/acscatal.1c03170,4,False,0,"Ni-In2O3 [Fig 1, Ni-In2O3 screening catalyst]","Ni-In2O3 [Fig 1, Ni-In2O3 screening catalyst]",orig,printed,cost_f0.99
10.1021/acscatal.5c05984 | 100 bar | H2/CO2 4 | 10 NL/g/h,10.1021/acscatal.5c05984,9,True,0.0360374,5 wt % Re/TiO2 [Table 4 row 11],1 wt % Re/TiO2 [Table 4 row 3],orig,printed,cost_f0.99
10.1021/acscatal.5c05984 | 100 bar | H2/CO2 4 | 20 NL/g/h,10.1021/acscatal.5c05984,2,False,0,5 wt % Re/TiO2 [Table 4 row 12],5 wt % Re/TiO2 [Table 4 row 12],orig,printed,cost_f0.99
10.1021/acscatal.5c05984 | 100 bar | H2/CO2 4 | 40 NL/g/h,10.1021/acscatal.5c05984,2,False,0,5 wt % Re/TiO2 [Table 4 row 14],5 wt % Re/TiO2 [Table 4 row 14],orig,printed,cost_f0.99
10.1021/acscatal.9b01869 | 50 bar | H2/CO2 4 | 24000 h-1,10.1021/acscatal.9b01869,16,False,0,"In2.5/ZrO2 [Fig 5, In2.5/ZrO2, 280 °C]","In2.5/ZrO2 [Fig 5, In2.5/ZrO2, 280 °C]",orig,printed,cost_f0.99
10.1021/acscatal.9b03305 | 50 bar | H2/CO2 4 | 24 NL/g/h,10.1021/acscatal.9b03305,12,False,0,"In2O3/m-ZrO2 [Figure 8/text, 5 wt % In2O3/m-ZrO2, 553 K]","In2O3/m-ZrO2 [Figure 8/text, 5 wt % In2O3/m-ZrO2, 553 K]",orig,printed,cost_f0.99
10.1021/cs500979c | 80 bar | H2/CO2 3 | 3600 h-1,10.1021/cs500979c,18,False,0,"Cu/ZrO2(III) [Table 6, Cu/ZrO2(III), 533 K]","Cu/ZrO2(III) [Table 6, Cu/ZrO2(III), 533 K]",orig,printed,cost_f0.99
10.1038/s41467-019-11349-9 | 50 bar | H2/CO2 4 | 48 NL/g/h,10.1038/s41467-019-11349-9,3,False,0,"Pd–In2O3 CP [Table 2 Pd–In2O3 CP, WHSV 48,000 initial]","Pd–In2O3 CP [Table 2 Pd–In2O3 CP, WHSV 48,000 initial]",orig,printed,cost_f0.99
10.1039/c2cy20604h | 100 bar | H2/CO2 3.8 | 10.6 NL/g/h,10.1039/c2cy20604h,11,False,0,"Cu–Ba/Al2O3 [Fig 8, Cu-Ba/Al2O3, 473 K, 10 MPa]","Cu–Ba/Al2O3 [Fig 8, Cu-Ba/Al2O3, 473 K, 10 MPa]",orig,printed,cost_f0.99
10.1039/c2cy20604h | 100 bar | H2/CO2 3.8 | 4000 h-1,10.1039/c2cy20604h,4,False,0,"Cu–Ba/Al2O3 [SI Table 3, 553 K, 10 MPa]","Cu–Ba/Al2O3 [SI Table 3, 553 K, 10 MPa]",orig,printed,cost_f0.99
10.1039/c2cy20604h | 30 bar | H2/CO2 3.8 | 10.6 NL/g/h,10.1039/c2cy20604h,11,False,0,"Cu–Ba/Al2O3 [Fig 8, Cu-Ba/Al2O3, 473 K, 3 MPa]","Cu–Ba/Al2O3 [Fig 8, Cu-Ba/Al2O3, 473 K, 3 MPa]",orig,printed,cost_f0.99
10.1039/c2cy20604h | 30 bar | H2/CO2 3.8 | 4000 h-1,10.1039/c2cy20604h,4,True,0.0102126,"Cu–Ba/Al2O3 [SI Table 3, 503 K, 3 MPa]","Cu–Ba/Al2O3 [SI Table 3, 553 K, 3 MPa]",orig,printed,cost_f0.99
10.1039/c2cy20604h | 360 bar | H2/CO2 3.8 | 10.6 NL/g/h,10.1039/c2cy20604h,11,True,0.00599858,"Cu/Al2O3 [Fig 5/Fig 6, Cu/Al2O3, 473 K, 36 MPa]","Cu/Al2O3 [Fig 5/Fig 6, Cu/Al2O3, 503 K, 36 MPa]",orig,printed,cost_f0.99
10.1039/c2cy20604h | 360 bar | H2/CO2 3.8 | 4000 h-1,10.1039/c2cy20604h,4,False,0,"Cu–Ba/Al2O3 [SI Table 3, 503 K, 36 MPa]","Cu–Ba/Al2O3 [SI Table 3, 503 K, 36 MPa]",orig,printed,cost_f0.99
10.1039/c2cy20604h | 4 bar | H2/CO2 3.8 | 10.6 NL/g/h,10.1039/c2cy20604h,11,True,0.0522767,"Cu–Ba/Al2O3 [Fig 8, Cu-Ba/Al2O3, 473 K, 0.40 MPa]","Cu–K/Al2O3 [Fig 7, Cu-K/Al2O3, 553 K, 0.40 MPa]",orig,printed,cost_f0.99
10.1039/c2cy20604h | 4 bar | H2/CO2 3.8 | 4000 h-1,10.1039/c2cy20604h,4,True,0.05854,"Cu–Ba/Al2O3 [SI Table 3, 533 K, 0.4 MPa]","Cu–Ba/Al2O3 [SI Table 3, 553 K, 0.4 MPa]",orig,printed,cost_f0.99
10.1039/c5cy00372e | 50 bar | H2/CO2 3.04 | 10 NL/g/h,10.1039/c5cy00372e,5,False,0,CHT-Y0.1 [Table 6 row CHT-Y0.1],CHT-Y0.1 [Table 6 row CHT-Y0.1],orig,printed,cost_f0.99
10.1039/c6ra28305e | 30 bar | H2/CO2 3 | 3600 h-1,10.1039/c6ra28305e,4,False,0,"CZ-450 [Table 2, CZ-450]","CZ-450 [Table 2, CZ-450]",orig,printed,cost_f0.99
10.1039/d0gc01597k | 50 bar | H2/CO2 4 | 21 NL/g/h,10.1039/d0gc01597k,4,True,0.0111191,"Pt/In2O3 [Fig. 1a,b/text, Pt/In2O3, 300 °C]","Pt/In2O3 [Fig. 1a,b, Pt/In2O3, 250 °C]",orig,printed,cost_f0.99
10.1126/sciadv.aaz2060 | 50 bar | H2/CO2 3.04 | 9 NL/g/h,10.1126/sciadv.aaz2060,4,False,0,"h–In2O3-R [Fig. 5B/C, h–In2O3-R, 360°C, standard feed]","h–In2O3-R [Fig. 5B/C, h–In2O3-R, 360°C, standard feed]",orig,printed,cost_f0.99
10.1126/sciadv.abi6012 | 40 bar | H2/CO2 3 | 12 NL/g/h,10.1126/sciadv.abi6012,12,False,0,"InNi3C0.5/m-ZrO2 [Fig. 2A, InNi3C0.5/m-ZrO2, 12000 ml gcat-1 hour-1]","InNi3C0.5/m-ZrO2 [Fig. 2A, InNi3C0.5/m-ZrO2, 12000 ml gcat-1 hour-1]",orig,printed,cost_f0.99
10.1126/sciadv.abi6012 | 40 bar | H2/CO2 3 | 24 NL/g/h,10.1126/sciadv.abi6012,4,False,0,"InNi3C0.5/m-ZrO2 [Fig. 2B, InNi3C0.5/m-ZrO2, 24000 ml gcat-1 hour-1]","InNi3C0.5/m-ZrO2 [Fig. 2B, InNi3C0.5/m-ZrO2, 24000 ml gcat-1 hour-1]",orig,printed,cost_f0.99
10.1126/sciadv.abi6012 | 40 bar | H2/CO2 8 | 30 NL/g/h,10.1126/sciadv.abi6012,2,True,0.0103983,"InNi3C0.5/Fe3O4 [Text/Table S7, InNi3C0.5/Fe3O4, 325C, 4.0 MPa, H2/CO2 8:1, GHSV 30000]","CuZnAl [SI Table S7 row CuZnAl, 325 °C]",orig,printed,cost_f0.99
10.1002/anie.201600943 | 50 bar | H2/CO2 4 | 26 NL/g/h,10.1002/anie.201600943,2,False,0,"In2O3 [Figure 1a, In2O3, 573 K]","In2O3 [Figure 1a, In2O3, 573 K]",orig,printed,cost_two_sided
10.1002/cctc.202000974 | 20 bar | H2/CO2 3 | 3.6 NL/g/h,10.1002/cctc.202000974,29,True,0.00853637,"physical mixture of Pd/ZnO and TiO2 [Text, physical mixture Pd/ZnO and TiO2, 250°C]","PdZn/ZnTiO3 [SI Table S2, PdZn/ZnTiO3, 250 °C]",orig,printed,cost_two_sided
10.1002/ente.201800747 | 40 bar | H2/CO2 3 | 21.6 NL/g/h,10.1002/ente.201800747,30,True,0.0811246,"Cat-4.5 [Figure 4c/text, Cat-4.5 at 325 °C]","Cat-4.5 [SI Table S1, Cat-4.5, 250 °C]",orig,printed,cost_two_sided
10.1016/j.apcata.2018.04.036 | 30 bar | H2/CO2 3 | 2.4 NL/g/h,10.1016/j.apcata.2018.04.036,4,True,0.0171224,"0.5Ca5P5ZC [Fig 10a,b/text, 0.5Ca5P5ZC, 270 °C]","0.5Ca5P5ZC [Table 6, 0.5Ca5P5ZC, 220 °C]",orig,printed,cost_two_sided
10.1016/j.apcatb.2017.06.069 | 50 bar | H2/CO2 4 | 21 NL/g/h,10.1016/j.apcatb.2017.06.069,2,False,0,"Pd-I/In2O3 [SI Table S2, Pd-I/In2O3 This work]","Pd-I/In2O3 [SI Table S2, Pd-I/In2O3 This work]",orig,printed,cost_two_sided
10.1016/j.cattod.2019.05.040 | 30 bar | H2/CO2 3 | 2.4 NL/g/h,10.1016/j.cattod.2019.05.040,2,False,0,"0.5Ca5P5ZZr-IMP [Table 3, 0.5Ca5P5ZZr-IMP at 230 °C]","0.5Ca5P5ZZr-IMP [Table 3, 0.5Ca5P5ZZr-IMP at 230 °C]",orig,printed,cost_two_sided
10.1016/j.cattod.2020.05.049 | 41 bar | H2/CO2 3 | 3.6 NL/g/h,10.1016/j.cattod.2020.05.049,10,False,0,Pd-Cu/Ti0.1Zr0.9O2 [Table 1 row 9],Pd-Cu/Ti0.1Zr0.9O2 [Table 1 row 9],orig,printed,cost_two_sided
10.1016/j.fuel.2022.125878 | 30 bar | H2/CO2 3 | 12000 h-1,10.1016/j.fuel.2022.125878,2,False,0,"In13/ZrO2 [Fig. 9/text, In13/ZrO2, 573 K]","In13/ZrO2 [Fig. 9/text, In13/ZrO2, 573 K]",orig,printed,cost_two_sided
10.1016/j.fuel.2023.127927 | 20 bar | H2/CO2 3 | 2.4 NL/g/h,10.1016/j.fuel.2023.127927,5,False,0,"0.5Ca-PZC [Table 1, 0.5Ca-PZC]","0.5Ca-PZC [Table 1, 0.5Ca-PZC]",orig,printed,cost_two_sided
10.1016/j.fuel.2024.131111 | 40 bar | H2/CO2 5 | 12 NL/g/h,10.1016/j.fuel.2024.131111,11,True,0.0086211,"5InNi3C0.5/Fe3O4-450/425 [Fig. 2A, calcination 450 °C]","5InNi3C0.5/Fe3O4-400/450 [Fig. 2B, carburization 450 °C]",orig,printed,cost_two_sided
10.1016/j.jcat.2012.05.020 | 30 bar | H2/CO2 3 | 13.4 NL/g/h,10.1016/j.jcat.2012.05.020,3,False,0,"PdMgGa [Table 2, PdMgGa]","PdMgGa [Table 2, PdMgGa]",orig,printed,cost_two_sided
10.1016/j.jcat.2016.03.017 | 20 bar | H2/CO2 3 | 3.6 NL/g/h,10.1016/j.jcat.2016.03.017,17,False,0,5% Pd/ZnO SI [Table 5 row 3],5% Pd/ZnO SI [Table 5 row 3],orig,printed,cost_two_sided
10.1016/j.jcou.2016.11.015 | 40 bar | H2/CO2 3.04 | 1.5 NL/g/h,10.1016/j.jcou.2016.11.015,10,False,0,"CZA-5 [Text, 513 K, 55.3 wt.% catalyst]","CZA-5 [Text, 513 K, 55.3 wt.% catalyst]",orig,printed,cost_two_sided
10.1016/j.jes.2023.05.010 | 30 bar | H2/CO2 4 | 18 NL/g/h,10.1016/j.jes.2023.05.010,3,False,0,"Au/In2O3-NS [Fig. 6a,b and text, Au/In2O3-NS, 300°C]","Au/In2O3-NS [Fig. 6a,b and text, Au/In2O3-NS, 300°C]",orig,printed,cost_two_sided
10.1016/j.jes.2023.05.010 | 30 bar | H2/CO2 4 | 18000 h-1,10.1016/j.jes.2023.05.010,3,False,0,In2O3-NS [SI Table S5 row In2O3-NS],In2O3-NS [SI Table S5 row In2O3-NS],orig,printed,cost_two_sided
10.1021/acs.iecr.7b01464 | 30 bar | H2/CO2 3.03 | 0.873 NL/g/h,10.1021/acs.iecr.7b01464,5,False,0,"CZA400 [Text/Fig 6, CZA400, 260 °C, internal cooling]","CZA400 [Text/Fig 6, CZA400, 260 °C, internal cooling]",orig,printed,cost_two_sided
10.1021/acscatal.0c05628 | 50 bar | H2/CO2 4 | 21 NL/g/h,10.1021/acscatal.0c05628,8,True,0.013895,"Ir/In2O3-10 [Text/Figure 1, Ir/In2O3-10, 300 °C]","Ir/In2O3-10 [Text/Figure 1a, Ir/In2O3-10, 250 °C]",orig,printed,cost_two_sided
10.1021/acscatal.1c03170 | 30 bar | H2/CO2 3 | 60 NL/g/h,10.1021/acscatal.1c03170,4,False,0,"Ni-In2O3 [Fig 1, Ni-In2O3 screening catalyst]","Ni-In2O3 [Fig 1, Ni-In2O3 screening catalyst]",orig,printed,cost_two_sided
10.1021/acscatal.5c05984 | 100 bar | H2/CO2 4 | 10 NL/g/h,10.1021/acscatal.5c05984,9,True,0.0360374,5 wt % Re/TiO2 [Table 4 row 11],1 wt % Re/TiO2 [Table 4 row 3],orig,printed,cost_two_sided
10.1021/acscatal.5c05984 | 100 bar | H2/CO2 4 | 20 NL/g/h,10.1021/acscatal.5c05984,2,False,0,5 wt % Re/TiO2 [Table 4 row 12],5 wt % Re/TiO2 [Table 4 row 12],orig,printed,cost_two_sided
10.1021/acscatal.5c05984 | 100 bar | H2/CO2 4 | 40 NL/g/h,10.1021/acscatal.5c05984,2,False,0,5 wt % Re/TiO2 [Table 4 row 14],5 wt % Re/TiO2 [Table 4 row 14],orig,printed,cost_two_sided
10.1021/acscatal.9b01869 | 50 bar | H2/CO2 4 | 24000 h-1,10.1021/acscatal.9b01869,16,False,0,"In2.5/ZrO2 [Fig 5, In2.5/ZrO2, 280 °C]","In2.5/ZrO2 [Fig 5, In2.5/ZrO2, 280 °C]",orig,printed,cost_two_sided
10.1021/acscatal.9b03305 | 50 bar | H2/CO2 4 | 24 NL/g/h,10.1021/acscatal.9b03305,12,False,0,"In2O3/m-ZrO2 [Figure 8/text, 5 wt % In2O3/m-ZrO2, 553 K]","In2O3/m-ZrO2 [Figure 8/text, 5 wt % In2O3/m-ZrO2, 553 K]",orig,printed,cost_two_sided
10.1021/cs500979c | 80 bar | H2/CO2 3 | 3600 h-1,10.1021/cs500979c,18,False,0,"Cu/ZrO2(III) [Table 6, Cu/ZrO2(III), 533 K]","Cu/ZrO2(III) [Table 6, Cu/ZrO2(III), 533 K]",orig,printed,cost_two_sided
10.1038/s41467-019-11349-9 | 50 bar | H2/CO2 4 | 48 NL/g/h,10.1038/s41467-019-11349-9,3,False,0,"Pd–In2O3 CP [Table 2 Pd–In2O3 CP, WHSV 48,000 initial]","Pd–In2O3 CP [Table 2 Pd–In2O3 CP, WHSV 48,000 initial]",orig,printed,cost_two_sided
10.1039/c2cy20604h | 100 bar | H2/CO2 3.8 | 10.6 NL/g/h,10.1039/c2cy20604h,11,False,0,"Cu–Ba/Al2O3 [Fig 8, Cu-Ba/Al2O3, 473 K, 10 MPa]","Cu–Ba/Al2O3 [Fig 8, Cu-Ba/Al2O3, 473 K, 10 MPa]",orig,printed,cost_two_sided
10.1039/c2cy20604h | 100 bar | H2/CO2 3.8 | 4000 h-1,10.1039/c2cy20604h,4,False,0,"Cu–Ba/Al2O3 [SI Table 3, 553 K, 10 MPa]","Cu–Ba/Al2O3 [SI Table 3, 553 K, 10 MPa]",orig,printed,cost_two_sided
10.1039/c2cy20604h | 30 bar | H2/CO2 3.8 | 10.6 NL/g/h,10.1039/c2cy20604h,11,False,0,"Cu–Ba/Al2O3 [Fig 8, Cu-Ba/Al2O3, 473 K, 3 MPa]","Cu–Ba/Al2O3 [Fig 8, Cu-Ba/Al2O3, 473 K, 3 MPa]",orig,printed,cost_two_sided
10.1039/c2cy20604h | 30 bar | H2/CO2 3.8 | 4000 h-1,10.1039/c2cy20604h,4,True,0.0102126,"Cu–Ba/Al2O3 [SI Table 3, 503 K, 3 MPa]","Cu–Ba/Al2O3 [SI Table 3, 553 K, 3 MPa]",orig,printed,cost_two_sided
10.1039/c2cy20604h | 360 bar | H2/CO2 3.8 | 10.6 NL/g/h,10.1039/c2cy20604h,11,True,0.00599858,"Cu/Al2O3 [Fig 5/Fig 6, Cu/Al2O3, 473 K, 36 MPa]","Cu/Al2O3 [Fig 5/Fig 6, Cu/Al2O3, 503 K, 36 MPa]",orig,printed,cost_two_sided
10.1039/c2cy20604h | 360 bar | H2/CO2 3.8 | 4000 h-1,10.1039/c2cy20604h,4,False,0,"Cu–Ba/Al2O3 [SI Table 3, 503 K, 36 MPa]","Cu–Ba/Al2O3 [SI Table 3, 503 K, 36 MPa]",orig,printed,cost_two_sided
10.1039/c2cy20604h | 4 bar | H2/CO2 3.8 | 10.6 NL/g/h,10.1039/c2cy20604h,11,True,0.0522767,"Cu–Ba/Al2O3 [Fig 8, Cu-Ba/Al2O3, 473 K, 0.40 MPa]","Cu–K/Al2O3 [Fig 7, Cu-K/Al2O3, 553 K, 0.40 MPa]",orig,printed,cost_two_sided
10.1039/c2cy20604h | 4 bar | H2/CO2 3.8 | 4000 h-1,10.1039/c2cy20604h,4,True,0.05854,"Cu–Ba/Al2O3 [SI Table 3, 533 K, 0.4 MPa]","Cu–Ba/Al2O3 [SI Table 3, 553 K, 0.4 MPa]",orig,printed,cost_two_sided
10.1039/c5cy00372e | 50 bar | H2/CO2 3.04 | 10 NL/g/h,10.1039/c5cy00372e,5,False,0,CHT-Y0.1 [Table 6 row CHT-Y0.1],CHT-Y0.1 [Table 6 row CHT-Y0.1],orig,printed,cost_two_sided
10.1039/c6ra28305e | 30 bar | H2/CO2 3 | 3600 h-1,10.1039/c6ra28305e,4,False,0,"CZ-450 [Table 2, CZ-450]","CZ-450 [Table 2, CZ-450]",orig,printed,cost_two_sided
10.1039/d0gc01597k | 50 bar | H2/CO2 4 | 21 NL/g/h,10.1039/d0gc01597k,4,True,0.0111191,"Pt/In2O3 [Fig. 1a,b/text, Pt/In2O3, 300 °C]","Pt/In2O3 [Fig. 1a,b, Pt/In2O3, 250 °C]",orig,printed,cost_two_sided
10.1126/sciadv.aaz2060 | 50 bar | H2/CO2 3.04 | 9 NL/g/h,10.1126/sciadv.aaz2060,4,False,0,"h–In2O3-R [Fig. 5B/C, h–In2O3-R, 360°C, standard feed]","h–In2O3-R [Fig. 5B/C, h–In2O3-R, 360°C, standard feed]",orig,printed,cost_two_sided
10.1126/sciadv.abi6012 | 40 bar | H2/CO2 3 | 12 NL/g/h,10.1126/sciadv.abi6012,12,False,0,"InNi3C0.5/m-ZrO2 [Fig. 2A, InNi3C0.5/m-ZrO2, 12000 ml gcat-1 hour-1]","InNi3C0.5/m-ZrO2 [Fig. 2A, InNi3C0.5/m-ZrO2, 12000 ml gcat-1 hour-1]",orig,printed,cost_two_sided
10.1126/sciadv.abi6012 | 40 bar | H2/CO2 3 | 24 NL/g/h,10.1126/sciadv.abi6012,4,False,0,"InNi3C0.5/m-ZrO2 [Fig. 2B, InNi3C0.5/m-ZrO2, 24000 ml gcat-1 hour-1]","InNi3C0.5/m-ZrO2 [Fig. 2B, InNi3C0.5/m-ZrO2, 24000 ml gcat-1 hour-1]",orig,printed,cost_two_sided
10.1126/sciadv.abi6012 | 40 bar | H2/CO2 8 | 30 NL/g/h,10.1126/sciadv.abi6012,2,True,0.0103983,"InNi3C0.5/Fe3O4 [Text/Table S7, InNi3C0.5/Fe3O4, 325C, 4.0 MPa, H2/CO2 8:1, GHSV 30000]","CuZnAl [SI Table S7 row CuZnAl, 325 °C]",orig,printed,cost_two_sided
10.1002/anie.201600943 | 50 bar | H2/CO2 4 | 26 NL/g/h,10.1002/anie.201600943,2,False,0,"In2O3 [Figure 1a, In2O3, 573 K]","In2O3 [Figure 1a, In2O3, 573 K]",thermo,all,lab
10.1002/anie.202401168 | 30 bar | H2/CO2 3 | 9 NL/g/h,10.1002/anie.202401168,44,True,0.0082888,"Ir1Pd1-In2O3(CP-PD) [SI Figure S29, t=10 h, 275 °C]","Ir1Pd1-In2O3(CP-PD) [Text/Figure 4e, Ir1Pd1-In2O3(CP-PD), 100 h stability]",thermo,all,lab
10.1002/cctc.202000974 | 20 bar | H2/CO2 3 | 3.6 NL/g/h,10.1002/cctc.202000974,29,False,0,"physical mixture of Pd/ZnO and TiO2 [Text, physical mixture Pd/ZnO and TiO2, 250°C]","physical mixture of Pd/ZnO and TiO2 [Text, physical mixture Pd/ZnO and TiO2, 250°C]",thermo,all,lab
10.1002/ente.201800747 | 40 bar | H2/CO2 3 | 21.6 NL/g/h,10.1002/ente.201800747,32,False,0,"Cat-4.5 [Figure 5a left; Cat-4.5 at 325 °C, last point]","Cat-4.5 [Figure 5a left; Cat-4.5 at 325 °C, last point]",thermo,all,lab
10.1016/j.apcata.2018.04.036 | 30 bar | H2/CO2 3 | 2.4 NL/g/h,10.1016/j.apcata.2018.04.036,13,False,0,"0.5Ca5P5ZC [Fig 10a,b, 0.5Ca5P5ZC, 250 °C]","0.5Ca5P5ZC [Fig 10a,b, 0.5Ca5P5ZC, 250 °C]",thermo,all,lab
10.1016/j.apcata.2019.117144 | 40 bar | H2/CO2 4 | 52 NL/g/h,10.1016/j.apcata.2019.117144,20,False,0,"In2O3/ZrO2 [Fig. 5/Table 1, 573 K, In2O3/ZrO2]","In2O3/ZrO2 [Fig. 5/Table 1, 573 K, In2O3/ZrO2]",thermo,all,lab
10.1016/j.apcatb.2017.06.069 | 50 bar | H2/CO2 4 | 21 NL/g/h,10.1016/j.apcatb.2017.06.069,15,True,0.00118775,"Pd-P/In2O3 [Text/Fig. 1, Pd-P/In2O3, 300 °C, 5 MPa]","Pd-P/In2O3 [Figure 1a,b, 275 °C, Pd-P/In2O3]",thermo,all,lab
10.1016/j.apcatb.2019.118367 | 30 bar | H2/CO2 3 | 6 NL/g/h,10.1016/j.apcatb.2019.118367,9,False,0,"Pd/ZnO-3.93Al [Fig. 4, Pd/ZnO-3.93Al]","Pd/ZnO-3.93Al [Fig. 4, Pd/ZnO-3.93Al]",thermo,all,lab
10.1016/j.cattod.2019.05.040 | 10 bar | H2/CO2 3 | 2.4 NL/g/h,10.1016/j.cattod.2019.05.040,2,False,0,"0.5Ca5P5ZZr-IMP [Figure 7d-e, 0.5Ca5P5ZZr-IMP at 250 °C and 10 bar]","0.5Ca5P5ZZr-IMP [Figure 7d-e, 0.5Ca5P5ZZr-IMP at 250 °C and 10 bar]",thermo,all,lab
10.1016/j.cattod.2019.05.040 | 20 bar | H2/CO2 3 | 2.4 NL/g/h,10.1016/j.cattod.2019.05.040,2,False,0,"0.5Ca5P5ZZr-IMP [Figure 7d-e, 0.5Ca5P5ZZr-IMP at 250 °C and 20 bar]","0.5Ca5P5ZZr-IMP [Figure 7d-e, 0.5Ca5P5ZZr-IMP at 250 °C and 20 bar]",thermo,all,lab
10.1016/j.cattod.2019.05.040 | 30 bar | H2/CO2 3 | 2.4 NL/g/h,10.1016/j.cattod.2019.05.040,13,False,0,"0.5Ca5P5ZZr-IMP [Figure 7a-c, 0.5Ca5P5ZZr-IMP at 270 °C]","0.5Ca5P5ZZr-IMP [Figure 7a-c, 0.5Ca5P5ZZr-IMP at 270 °C]",thermo,all,lab
10.1016/j.cattod.2020.05.049 | 41 bar | H2/CO2 3 | 3.6 NL/g/h,10.1016/j.cattod.2020.05.049,12,True,0.0138623,Pd-Cu/Ti0.1Zr0.9O2 [Table 1 row 9],Pd-Cu/Ti0.8Zr0.2O2 [Table 1 row 5],thermo,all,lab
10.1016/j.cej.2022.135090 | 40 bar | H2/CO2 3 | 6 NL/g/h,10.1016/j.cej.2022.135090,7,True,0.490365,"In2O3/HZSM-5 [Fig. 2/Fig. 7, In2O3/HZSM-5 = 2:1, 400 °C]","In2O3/HZSM-5 [Fig. 2/Fig. 7, In2O3/HZSM-5 = 2:1, 320 °C]",thermo,all,lab
10.1016/j.cej.2024.149370 | 50 bar | H2/CO2 4 | 21 NL/g/h,10.1016/j.cej.2024.149370,25,False,0,"Pd-Pt/In2O3 [Fig. 1a,b/text, Pd-Pt/In2O3, 300 °C]","Pd-Pt/In2O3 [Fig. 1a,b/text, Pd-Pt/In2O3, 300 °C]",thermo,all,lab
10.1016/j.fuel.2022.125878 | 30 bar | H2/CO2 3 | 12000 h-1,10.1016/j.fuel.2022.125878,17,True,0.00640206,"In13/ZrO2 [Fig. 9/text, In13/ZrO2, 573 K]","In13/ZrO2 [Fig. 9/text, In13/ZrO2, 553 K]",thermo,all,lab
10.1016/j.fuel.2023.127927 | 20 bar | H2/CO2 3 | 2.4 NL/g/h,10.1016/j.fuel.2023.127927,20,True,0.0072698,"0.5Ca-PZC [Table 1, 0.5Ca-PZC]","0.7Ca-PZC [Figure 6A, 220 °C, 0.7Ca-PZC]",thermo,all,lab
10.1016/j.fuel.2023.128376 | 50 bar | H2/CO2 4 | 24 NL/g/h,10.1016/j.fuel.2023.128376,17,True,0.0073074,"5.0% Zn-CdZrOx [Fig. 1/text, 5.0% Zn-CdZrOx, 320℃]","5.0% Zn-CdZrOx [Fig. 1/text, 5.0% Zn-CdZrOx, 340℃]",thermo,all,lab
10.1016/j.fuel.2023.128376 | 50 bar | H2/CO2 4 | 24000 h-1,10.1016/j.fuel.2023.128376,18,True,0.1002,"10.0% Zn-CdZrOx [SI Figure S1, 10.0% Zn-CdZrOx, 320 °C]","10.0% Zn-CdZrOx [SI Figure S1, 10.0% Zn-CdZrOx, 360 °C]",thermo,all,lab
10.1016/j.fuel.2024.131111 | 40 bar | H2/CO2 5 | 12 NL/g/h,10.1016/j.fuel.2024.131111,20,False,0,"5InNi3C0.5/Fe3O4-400/425 [Fig. 6A, 260 °C]","5InNi3C0.5/Fe3O4-400/425 [Fig. 6A, 260 °C]",thermo,all,lab
10.1016/j.fuel.2024.131111 | 40 bar | H2/CO2 5 | 18 NL/g/h,10.1016/j.fuel.2024.131111,2,False,0,"5InNi3C0.5/Fe3O4-400/425 [Fig. 6B, H2/CO2 = 5/1]","5InNi3C0.5/Fe3O4-400/425 [Fig. 6B, H2/CO2 = 5/1]",thermo,all,lab
10.1016/j.fuel.2024.131111 | 60 bar | H2/CO2 10 | 116 NL/g/h,10.1016/j.fuel.2024.131111,2,True,0.00220117,"5InNi3C0.5/Fe3O4-400/425 [Fig. 7A stability, 120 h]","5InNi3C0.5/Fe3O4-400/425 [Figure 7A, stability first point]",thermo,all,lab
10.1016/j.jcat.2012.05.020 | 30 bar | H2/CO2 3 | 13.4 NL/g/h,10.1016/j.jcat.2012.05.020,3,False,0,"PdMgGa [Table 2, PdMgGa]","PdMgGa [Table 2, PdMgGa]",thermo,all,lab
10.1016/j.jcat.2016.03.017 | 20 bar | H2/CO2 3 | 3.6 NL/g/h,10.1016/j.jcat.2016.03.017,26,False,0,"5% Pd/ZnO SI [Figure 9b, first point]","5% Pd/ZnO SI [Figure 9b, first point]",thermo,all,lab
10.1016/j.jcou.2016.11.015 | 40 bar | H2/CO2 3.04 | 1.5 NL/g/h,10.1016/j.jcou.2016.11.015,10,False,0,"CZA-5 [Text, 513 K, 55.3 wt.% catalyst]","CZA-5 [Text, 513 K, 55.3 wt.% catalyst]",thermo,all,lab
10.1016/j.jcou.2022.102209 | 40 bar | H2/CO2 3 | 24 NL/g/h,10.1016/j.jcou.2022.102209,35,True,0.010479,"CoIn-73-BP-1 [SI Fig. S2, CoIn-73-BP-1, 285 °C]","CoIn-73-BP-1 [SI Fig. S2, CoIn-73-BP-1, 270 °C]",thermo,all,lab
10.1016/j.jes.2023.05.010 | 30 bar | H2/CO2 4 | 18 NL/g/h,10.1016/j.jes.2023.05.010,15,False,0,"Au/In2O3-NS [Fig. 6a,b and text, Au/In2O3-NS, 300°C]","Au/In2O3-NS [Fig. 6a,b and text, Au/In2O3-NS, 300°C]",thermo,all,lab
10.1016/j.jes.2023.05.010 | 30 bar | H2/CO2 4 | 18000 h-1,10.1016/j.jes.2023.05.010,15,False,0,In2O3-NS [SI Table S5 row In2O3-NS],In2O3-NS [SI Table S5 row In2O3-NS],thermo,all,lab
10.1016/j.mcat.2020.111105 | 30 bar | H2/CO2 3 | 10000 h-1,10.1016/j.mcat.2020.111105,36,True,0.130665,"35-CuO [Fig. 7/Table 2, 35-CuO, 280 °C]","35-CuO [Fig. 7, 35-CuO, 260 °C]",thermo,all,lab
10.1021/acs.iecr.7b01464 | 20 bar | H2/CO2 3.03 | 0.873 NL/g/h,10.1021/acs.iecr.7b01464,3,False,0,"CZA400 [Fig 7, CZA400, 2 MPa, internal cooling]","CZA400 [Fig 7, CZA400, 2 MPa, internal cooling]",thermo,all,lab
10.1021/acs.iecr.7b01464 | 30 bar | H2/CO2 3.03 | 0.873 NL/g/h,10.1021/acs.iecr.7b01464,15,True,0.013812,"CZA400 [Text/Fig 6, CZA400, 260 °C, internal cooling]","CZA400 [Text/Fig 6, CZA400, 220 °C, internal cooling]",thermo,all,lab
10.1021/acs.iecr.7b01464 | 40 bar | H2/CO2 3.03 | 0.873 NL/g/h,10.1021/acs.iecr.7b01464,3,False,0,"CZA400 [Text/Fig 7, CZA400, 4 MPa, internal cooling]","CZA400 [Text/Fig 7, CZA400, 4 MPa, internal cooling]",thermo,all,lab
10.1021/acsaem.1c01502 | 50 bar | H2/CO2 3 | 30 NL/g/h,10.1021/acsaem.1c01502,15,True,0.0110166,"CP-Pd/ZnZr [Figure 1, CP-Pd/ZnZr, 340 °C]","CP-Pd/ZnZr [Figure 1/text, CP-Pd/ZnZr, 320 °C]",thermo,all,lab
10.1021/acsami.1c05586 | 30 bar | H2/CO2 3 | 7.2 NL/g/h,10.1021/acsami.1c05586,36,True,0.0248146,"0.92In-4.6Cu/CeO2 [Table 6/Fig 7, 0.92In-4.6Cu/CeO2, 290 °C]","0.92In-4.6Cu/CeO2 [Table 6/Fig 7, 0.92In-4.6Cu/CeO2, 250 °C]",thermo,all,lab
10.1021/acscatal.0c03324 | 30 bar | H2/CO2 3 | 10 NL/g/h,10.1021/acscatal.0c03324,2,False,0,"2Pd/CeO2-O [SI Fig S7, O GHSV 10]","2Pd/CeO2-O [SI Fig S7, O GHSV 10]",thermo,all,lab
10.1021/acscatal.0c03324 | 30 bar | H2/CO2 3 | 14 NL/g/h,10.1021/acscatal.0c03324,2,False,0,"2Pd/CeO2-O [SI Fig S7, O GHSV 14]","2Pd/CeO2-O [SI Fig S7, O GHSV 14]",thermo,all,lab
10.1021/acscatal.0c03324 | 30 bar | H2/CO2 3 | 18 NL/g/h,10.1021/acscatal.0c03324,2,False,0,"2Pd/CeO2-O [SI Fig S7, O GHSV 18]","2Pd/CeO2-O [SI Fig S7, O GHSV 18]",thermo,all,lab
10.1021/acscatal.0c03324 | 30 bar | H2/CO2 3 | 2 NL/g/h,10.1021/acscatal.0c03324,6,True,0.0133729,2Pd/CeO2-R [Figure 10a; 2Pd/CeO2-R; 280 °C],2Pd/CeO2-R [Figure 10a; 2Pd/CeO2-R; 260 °C],thermo,all,lab
10.1021/acscatal.0c03324 | 30 bar | H2/CO2 3 | 6 NL/g/h,10.1021/acscatal.0c03324,4,False,0,"2Pd/CeO2-O [SI Fig S7, O GHSV 6]","2Pd/CeO2-O [SI Fig S7, O GHSV 6]",thermo,all,lab
10.1021/acscatal.0c05628 | 50 bar | H2/CO2 4 | 21 NL/g/h,10.1021/acscatal.0c05628,20,False,0,"Ir/In2O3-10 [Text/Figure 1, Ir/In2O3-10, 300 °C]","Ir/In2O3-10 [Text/Figure 1, Ir/In2O3-10, 300 °C]",thermo,all,lab
10.1021/acscatal.1c03170 | 30 bar | H2/CO2 3 | 60 NL/g/h,10.1021/acscatal.1c03170,14,True,0.00741564,"NiO(6)−In2O3 [Fig 4a,b, NiO content 6 wt%]","NiO(6)−In2O3 [Figure 4c,d, NiO(6)−In2O3 first TOS point]",thermo,all,lab
10.1021/acscatal.5b00682 | 30 bar | H2/CO2 4 | 12 NL/g/h,10.1021/acscatal.5b00682,2,False,0,"Cu/SiO2-AE [SI Figure S3(II), AE, 380 °C, WHSV 12 L/g/h]","Cu/SiO2-AE [SI Figure S3(II), AE, 380 °C, WHSV 12 L/g/h]",thermo,all,lab
10.1021/acscatal.5b00682 | 30 bar | H2/CO2 4 | 16 NL/g/h,10.1021/acscatal.5b00682,8,True,0.177636,"Cu/SiO2-AE [Figure 1, 320 °C]","Cu/SiO2-AE [Figure 1, 280 °C]",thermo,all,lab
10.1021/acscatal.5b00682 | 30 bar | H2/CO2 4 | 3 NL/g/h,10.1021/acscatal.5b00682,2,False,0,"Cu/SiO2-AE [SI Figure S3(II), AE, 380 °C, WHSV 3 L/g/h]","Cu/SiO2-AE [SI Figure S3(II), AE, 380 °C, WHSV 3 L/g/h]",thermo,all,lab
10.1021/acscatal.5b00682 | 30 bar | H2/CO2 4 | 6 NL/g/h,10.1021/acscatal.5b00682,2,False,0,"Cu/SiO2-AE [SI Figure S3(II), AE, 380 °C, WHSV 6 L/g/h]","Cu/SiO2-AE [SI Figure S3(II), AE, 380 °C, WHSV 6 L/g/h]",thermo,all,lab
10.1021/acscatal.5b00682 | 30 bar | H2/CO2 4 | 9 NL/g/h,10.1021/acscatal.5b00682,2,False,0,"Cu/SiO2-AE [SI Figure S3(II), AE, 380 °C, WHSV 9 L/g/h]","Cu/SiO2-AE [SI Figure S3(II), AE, 380 °C, WHSV 9 L/g/h]",thermo,all,lab
10.1021/acscatal.5c05984 | 100 bar | H2/CO2 4 | 10 NL/g/h,10.1021/acscatal.5c05984,9,True,0.0175227,5 wt % Re/TiO2 [Table 4 row 11],1 wt % Re/TiO2 [Table 4 row 3],thermo,all,lab
10.1021/acscatal.5c05984 | 100 bar | H2/CO2 4 | 20 NL/g/h,10.1021/acscatal.5c05984,2,False,0,5 wt % Re/TiO2 [Table 4 row 12],5 wt % Re/TiO2 [Table 4 row 12],thermo,all,lab
10.1021/acscatal.5c05984 | 100 bar | H2/CO2 4 | 40 NL/g/h,10.1021/acscatal.5c05984,2,False,0,5 wt % Re/TiO2 [Table 4 row 14],5 wt % Re/TiO2 [Table 4 row 14],thermo,all,lab
10.1021/acscatal.9b01869 | 50 bar | H2/CO2 0.25 | 24000 h-1,10.1021/acscatal.9b01869,3,False,0,"PM-800 [SI Figure S9a, PM-800, 290 °C]","PM-800 [SI Figure S9a, PM-800, 290 °C]",thermo,all,lab
10.1021/acscatal.9b01869 | 50 bar | H2/CO2 4 | 24000 h-1,10.1021/acscatal.9b01869,16,False,0,"In2.5/ZrO2 [Fig 5, In2.5/ZrO2, 280 °C]","In2.5/ZrO2 [Fig 5, In2.5/ZrO2, 280 °C]",thermo,all,lab
10.1021/acscatal.9b03305 | 50 bar | H2/CO2 4 | 24 NL/g/h,10.1021/acscatal.9b03305,12,True,0.00625936,"In2O3/m-ZrO2 [Figure 8/text, 5 wt % In2O3/m-ZrO2, 553 K]","50In2O3−50ZrO2 [Figure 3/text, 50In2O3-50ZrO2, 553 K]",thermo,all,lab
10.1021/cs500979c | 80 bar | H2/CO2 3 | 3600 h-1,10.1021/cs500979c,18,False,0,"Cu/ZrO2(III) [Table 6, Cu/ZrO2(III), 533 K]","Cu/ZrO2(III) [Table 6, Cu/ZrO2(III), 533 K]",thermo,all,lab
10.1038/s41467-019-11349-9 | 50 bar | H2/CO2 4 | 48 NL/g/h,10.1038/s41467-019-11349-9,3,False,0,"Pd–In2O3 CP [Table 2 Pd–In2O3 CP, WHSV 48,000 initial]","Pd–In2O3 CP [Table 2 Pd–In2O3 CP, WHSV 48,000 initial]",thermo,all,lab
10.1038/s41467-021-22224-x | 50 bar | H2/CO2 4 | 24 NL/g/h,10.1038/s41467-021-22224-x,11,False,0,"1Ni-In2O3 [Fig. 1b, 1Ni-In2O3 DI]","1Ni-In2O3 [Fig. 1b, 1Ni-In2O3 DI]",thermo,all,lab
10.1039/c2cy20604h | 100 bar | H2/CO2 3.8 | 10.6 NL/g/h,10.1039/c2cy20604h,11,True,0.167776,"Cu–Ba/Al2O3 [Fig 8, Cu-Ba/Al2O3, 473 K, 10 MPa]","Cu–K/Al2O3 [Fig 7, Cu-K/Al2O3, 553 K, 10 MPa]",thermo,all,lab
10.1039/c2cy20604h | 100 bar | H2/CO2 3.8 | 4000 h-1,10.1039/c2cy20604h,4,False,0,"Cu–Ba/Al2O3 [SI Table 3, 553 K, 10 MPa]","Cu–Ba/Al2O3 [SI Table 3, 553 K, 10 MPa]",thermo,all,lab
10.1039/c2cy20604h | 30 bar | H2/CO2 3.8 | 10.6 NL/g/h,10.1039/c2cy20604h,11,True,0.57546,"Cu–Ba/Al2O3 [Fig 8, Cu-Ba/Al2O3, 473 K, 3 MPa]","Cu–K/Al2O3 [Fig 7, Cu-K/Al2O3, 533 K, 3 MPa]",thermo,all,lab
10.1039/c2cy20604h | 30 bar | H2/CO2 3.8 | 4000 h-1,10.1039/c2cy20604h,4,True,0.116837,"Cu–Ba/Al2O3 [SI Table 3, 503 K, 3 MPa]","Cu–Ba/Al2O3 [SI Table 3, 553 K, 3 MPa]",thermo,all,lab
10.1039/c2cy20604h | 360 bar | H2/CO2 3.8 | 10.6 NL/g/h,10.1039/c2cy20604h,11,True,0.0501492,"Cu/Al2O3 [Fig 5/Fig 6, Cu/Al2O3, 473 K, 36 MPa]","Cu–K/Al2O3 [Fig 7, Cu-K/Al2O3, 553 K, 36 MPa]",thermo,all,lab
10.1039/c2cy20604h | 360 bar | H2/CO2 3.8 | 4000 h-1,10.1039/c2cy20604h,4,True,0.0354367,"Cu–Ba/Al2O3 [SI Table 3, 503 K, 36 MPa]","Cu–Ba/Al2O3 [SI Table 3, 553 K, 36 MPa]",thermo,all,lab
10.1039/c2cy20604h | 4 bar | H2/CO2 3.8 | 10.6 NL/g/h,10.1039/c2cy20604h,11,True,0.828627,"Cu–Ba/Al2O3 [Fig 8, Cu-Ba/Al2O3, 473 K, 0.40 MPa]","Cu–K/Al2O3 [Fig 7, Cu-K/Al2O3, 503 K, 0.40 MPa]",thermo,all,lab
10.1039/c2cy20604h | 4 bar | H2/CO2 3.8 | 4000 h-1,10.1039/c2cy20604h,4,True,0.334351,"Cu–Ba/Al2O3 [SI Table 3, 533 K, 0.4 MPa]","Cu–Ba/Al2O3 [SI Table 3, 503 K, 0.4 MPa]",thermo,all,lab
10.1039/c4cy00848k | 7 bar | H2/CO2 9 | 2 NL/g/h,10.1039/c4cy00848k,6,False,0,Cu(15)ZnO [SI Fig S7/S8 Cu(15)ZnO point 1],Cu(15)ZnO [SI Fig S7/S8 Cu(15)ZnO point 1],thermo,all,lab
10.1039/c4cy00848k | 7 bar | H2/CO2 9 | 4 NL/g/h,10.1039/c4cy00848k,6,False,0,"Cu(15)ZnO [Table 3, Cu(15)ZnO at 180 °C]","Cu(15)ZnO [Table 3, Cu(15)ZnO at 180 °C]",thermo,all,lab
10.1039/c5cy00372e | 10 bar | H2/CO2 3.04 | 10 NL/g/h,10.1039/c5cy00372e,3,False,0,"CHT-Y0.1 [Fig. 8 CHT-Y0.1, 1 MPa]","CHT-Y0.1 [Fig. 8 CHT-Y0.1, 1 MPa]",thermo,all,lab
10.1039/c5cy00372e | 3 bar | H2/CO2 3.04 | 10 NL/g/h,10.1039/c5cy00372e,3,False,0,"CHT-Y0.1 [Fig. 8 CHT-Y0.1, 0.3 MPa]","CHT-Y0.1 [Fig. 8 CHT-Y0.1, 0.3 MPa]",thermo,all,lab
10.1039/c5cy00372e | 30 bar | H2/CO2 3.04 | 10 NL/g/h,10.1039/c5cy00372e,3,False,0,"CHT-Y0.1 [Fig. 8 CHT-Y0.1, 3 MPa]","CHT-Y0.1 [Fig. 8 CHT-Y0.1, 3 MPa]",thermo,all,lab
10.1039/c5cy00372e | 50 bar | H2/CO2 3.04 | 10 NL/g/h,10.1039/c5cy00372e,5,False,0,CHT-Y0.1 [Table 6 row CHT-Y0.1],CHT-Y0.1 [Table 6 row CHT-Y0.1],thermo,all,lab
10.1039/c5cy00372e | 70 bar | H2/CO2 3.04 | 10 NL/g/h,10.1039/c5cy00372e,3,False,0,"CHT-Y0.1 [Fig. 8 CHT-Y0.1, 7 MPa]","CHT-Y0.1 [Fig. 8 CHT-Y0.1, 7 MPa]",thermo,all,lab
10.1039/c5cy00372e | 90 bar | H2/CO2 3.04 | 10 NL/g/h,10.1039/c5cy00372e,3,False,0,"CHT-Y0.1 [Fig. 8/text CHT-Y0.1, 9.0 MPa]","CHT-Y0.1 [Fig. 8/text CHT-Y0.1, 9.0 MPa]",thermo,all,lab
10.1039/c5ra04774a | 30 bar | H2/CO2 3 | 3.6 NL/g/h,10.1039/c5ra04774a,24,True,0.00967964,"CZ/CNTs-3 [Table 1 row 9 / Fig. 1, 260 °C]","CZ/CNTs-1 [Table 1 row 7 / Fig. 1, 260 °C]",thermo,all,lab
10.1039/c6ra28305e | 30 bar | H2/CO2 3 | 3600 h-1,10.1039/c6ra28305e,4,True,0.012303,"CZ-450 [Table 2, CZ-450]","CZ-350 [Table 2, CZ-350]",thermo,all,lab
10.1039/d0gc01597k | 50 bar | H2/CO2 4 | 21 NL/g/h,10.1039/d0gc01597k,10,False,0,"Pt/In2O3 [Fig. 1a,b/text, Pt/In2O3, 300 °C]","Pt/In2O3 [Fig. 1a,b/text, Pt/In2O3, 300 °C]",thermo,all,lab
10.1126/sciadv.1701290 | 20 bar | H2/CO2 3 | 24 NL/g/h,10.1126/sciadv.1701290,10,True,0.0611393,"13% ZnO-ZrO2 [SI Figure S2, p=2 MPa]","13% ZnO-ZrO2 [SI Figure S17A, 320 °C]",thermo,all,lab
10.1126/sciadv.1701290 | 50 bar | H2/CO2 3 | 24 NL/g/h,10.1126/sciadv.1701290,24,True,0.0157162,"13% ZnO-ZrO2 [SI Figure S2, p=5 MPa]","13% ZnO-ZrO2 [Figure 1C, stability last point]",thermo,all,lab
10.1126/sciadv.1701290 | 50 bar | H2/CO2 4 | 24 NL/g/h,10.1126/sciadv.1701290,11,True,0.018136,"13% ZnO-ZrO2 [Figure 1B, H2/CO2=4:1, 340°C]","13% ZnO-ZrO2 [Figure 1B, H2/CO2=4:1, 320°C]",thermo,all,lab
10.1126/sciadv.aaz2060 | 50 bar | H2/CO2 3 | 9 NL/g/h,10.1126/sciadv.aaz2060,2,False,0,"c–In2O3-S [Fig. 5A, c–In2O3-S, standard conditions, 44 h]","c–In2O3-S [Fig. 5A, c–In2O3-S, standard conditions, 44 h]",thermo,all,lab
10.1126/sciadv.aaz2060 | 50 bar | H2/CO2 3.04 | 9 NL/g/h,10.1126/sciadv.aaz2060,18,True,0.124836,"h–In2O3-R [Fig. 5B/C, h–In2O3-R, 360°C, standard feed]","c–In2O3-S [Fig. 5B/C, c–In2O3-S, 320°C, standard feed]",thermo,all,lab
10.1126/sciadv.abi6012 | 40 bar | H2/CO2 3 | 12 NL/g/h,10.1126/sciadv.abi6012,18,False,0,"InNi3C0.5/Fe3O4 [Figure 5E, InNi3C0.5/Fe3O4, last point]","InNi3C0.5/Fe3O4 [Figure 5E, InNi3C0.5/Fe3O4, last point]",thermo,all,lab
10.1126/sciadv.abi6012 | 40 bar | H2/CO2 3 | 24 NL/g/h,10.1126/sciadv.abi6012,4,False,0,"InNi3C0.5/m-ZrO2 [Fig. 2B, InNi3C0.5/m-ZrO2, 24000 ml gcat-1 hour-1]","InNi3C0.5/m-ZrO2 [Fig. 2B, InNi3C0.5/m-ZrO2, 24000 ml gcat-1 hour-1]",thermo,all,lab
10.1126/sciadv.abi6012 | 40 bar | H2/CO2 4 | 12 NL/g/h,10.1126/sciadv.abi6012,5,True,0.130021,"InNi3C0.5/m-ZrO2 [SI Figure S5A, H2/CO2=4/1, 350 °C]","InNi3C0.5/m-ZrO2 [SI Figure S5A, H2/CO2=4/1, 300 °C]",thermo,all,lab
10.1126/sciadv.abi6012 | 40 bar | H2/CO2 5 | 12 NL/g/h,10.1126/sciadv.abi6012,5,True,0.121143,"InNi3C0.5/m-ZrO2 [SI Figure S5A, H2/CO2=5/1, 350 °C]","InNi3C0.5/m-ZrO2 [SI Fig. S5A note, 300 °C H2/CO2=5/1]",thermo,all,lab
10.1126/sciadv.abi6012 | 40 bar | H2/CO2 8 | 30 NL/g/h,10.1126/sciadv.abi6012,2,True,0.000191829,"InNi3C0.5/Fe3O4 [Text/Table S7, InNi3C0.5/Fe3O4, 325C, 4.0 MPa, H2/CO2 8:1, GHSV 30000]","CuZnAl [SI Table S7 row CuZnAl, 325 °C]",thermo,all,lab
10.1002/anie.201600943 | 50 bar | H2/CO2 4 | 26 NL/g/h,10.1002/anie.201600943,2,False,0,"In2O3 [Figure 1a, In2O3, 573 K]","In2O3 [Figure 1a, In2O3, 573 K]",thermo,all,cost_f0.95
10.1002/anie.202401168 | 30 bar | H2/CO2 3 | 9 NL/g/h,10.1002/anie.202401168,44,True,0.0422762,"Ir1Pd1-In2O3(CP-PD) [SI Figure S29, t=10 h, 275 °C]","Ir1Pd1-In2O3(CP-PD) [Text page 9, Ir1Pd1-In2O3(CP-PD), 200 °C]",thermo,all,cost_f0.95
10.1002/cctc.202000974 | 20 bar | H2/CO2 3 | 3.6 NL/g/h,10.1002/cctc.202000974,29,True,0.00881952,"physical mixture of Pd/ZnO and TiO2 [Text, physical mixture Pd/ZnO and TiO2, 250°C]","PdZn/ZnTiO3 [Table 1 row 5, 225°C]",thermo,all,cost_f0.95
10.1002/ente.201800747 | 40 bar | H2/CO2 3 | 21.6 NL/g/h,10.1002/ente.201800747,32,True,0.103893,"Cat-4.5 [Figure 5a left; Cat-4.5 at 325 °C, last point]","Cat-4.5 [SI Table S1, Cat-4.5, 250 °C]",thermo,all,cost_f0.95
10.1016/j.apcata.2018.04.036 | 30 bar | H2/CO2 3 | 2.4 NL/g/h,10.1016/j.apcata.2018.04.036,13,True,0.00533548,"0.5Ca5P5ZC [Fig 10a,b, 0.5Ca5P5ZC, 250 °C]","0.5Ca5P5ZC [Fig 10a,b/text, 0.5Ca5P5ZC, 230 °C, 30 bar]",thermo,all,cost_f0.95
10.1016/j.apcata.2019.117144 | 40 bar | H2/CO2 4 | 52 NL/g/h,10.1016/j.apcata.2019.117144,20,True,0.0158634,"In2O3/ZrO2 [Fig. 5/Table 1, 573 K, In2O3/ZrO2]","In2O3/ZrO2 [Fig. 5, 543 K, In2O3/ZrO2]",thermo,all,cost_f0.95
10.1016/j.apcatb.2017.06.069 | 50 bar | H2/CO2 4 | 21 NL/g/h,10.1016/j.apcatb.2017.06.069,15,True,0.0177331,"Pd-P/In2O3 [Text/Fig. 1, Pd-P/In2O3, 300 °C, 5 MPa]","Pd-P/In2O3 [Figure 1a,b, 250 °C, Pd-P/In2O3]",thermo,all,cost_f0.95
10.1016/j.apcatb.2019.118367 | 30 bar | H2/CO2 3 | 6 NL/g/h,10.1016/j.apcatb.2019.118367,9,True,0.00923763,"Pd/ZnO-3.93Al [Fig. 4, Pd/ZnO-3.93Al]","Pd/ZnO [Fig. 4, Pd/ZnO]",thermo,all,cost_f0.95
10.1016/j.cattod.2019.05.040 | 10 bar | H2/CO2 3 | 2.4 NL/g/h,10.1016/j.cattod.2019.05.040,2,False,0,"0.5Ca5P5ZZr-IMP [Figure 7d-e, 0.5Ca5P5ZZr-IMP at 250 °C and 10 bar]","0.5Ca5P5ZZr-IMP [Figure 7d-e, 0.5Ca5P5ZZr-IMP at 250 °C and 10 bar]",thermo,all,cost_f0.95
10.1016/j.cattod.2019.05.040 | 20 bar | H2/CO2 3 | 2.4 NL/g/h,10.1016/j.cattod.2019.05.040,2,False,0,"0.5Ca5P5ZZr-IMP [Figure 7d-e, 0.5Ca5P5ZZr-IMP at 250 °C and 20 bar]","0.5Ca5P5ZZr-IMP [Figure 7d-e, 0.5Ca5P5ZZr-IMP at 250 °C and 20 bar]",thermo,all,cost_f0.95
10.1016/j.cattod.2019.05.040 | 30 bar | H2/CO2 3 | 2.4 NL/g/h,10.1016/j.cattod.2019.05.040,13,True,0.0115717,"0.5Ca5P5ZZr-IMP [Figure 7a-c, 0.5Ca5P5ZZr-IMP at 270 °C]","0.5Ca5P5ZZr-IMP [Table 3, 0.5Ca5P5ZZr-IMP at 230 °C]",thermo,all,cost_f0.95
10.1016/j.cattod.2020.05.049 | 41 bar | H2/CO2 3 | 3.6 NL/g/h,10.1016/j.cattod.2020.05.049,12,False,0,Pd-Cu/Ti0.1Zr0.9O2 [Table 1 row 9],Pd-Cu/Ti0.1Zr0.9O2 [Table 1 row 9],thermo,all,cost_f0.95
10.1016/j.cej.2022.135090 | 40 bar | H2/CO2 3 | 6 NL/g/h,10.1016/j.cej.2022.135090,7,True,0.490365,"In2O3/HZSM-5 [Fig. 2/Fig. 7, In2O3/HZSM-5 = 2:1, 400 °C]","In2O3/HZSM-5 [Fig. 2/Fig. 7, In2O3/HZSM-5 = 2:1, 320 °C]",thermo,all,cost_f0.95
10.1016/j.cej.2024.149370 | 50 bar | H2/CO2 4 | 21 NL/g/h,10.1016/j.cej.2024.149370,25,True,0.0195911,"Pd-Pt/In2O3 [Fig. 1a,b/text, Pd-Pt/In2O3, 300 °C]","Pd-Pt/In2O3 [Fig. 1a,b, Pd-Pt/In2O3, 240 °C]",thermo,all,cost_f0.95
10.1016/j.fuel.2022.125878 | 30 bar | H2/CO2 3 | 12000 h-1,10.1016/j.fuel.2022.125878,17,True,0.0401756,"In13/ZrO2 [Fig. 9/text, In13/ZrO2, 573 K]","In13/ZrO2 [Figure 9, 533 K]",thermo,all,cost_f0.95
10.1016/j.fuel.2023.127927 | 20 bar | H2/CO2 3 | 2.4 NL/g/h,10.1016/j.fuel.2023.127927,20,True,0.0072698,"0.5Ca-PZC [Table 1, 0.5Ca-PZC]","0.7Ca-PZC [Figure 6A, 220 °C, 0.7Ca-PZC]",thermo,all,cost_f0.95
10.1016/j.fuel.2023.128376 | 50 bar | H2/CO2 4 | 24 NL/g/h,10.1016/j.fuel.2023.128376,17,True,0.0401391,"5.0% Zn-CdZrOx [Fig. 1/text, 5.0% Zn-CdZrOx, 320℃]","5.0% Zn-CdZrOx [Fig. 1/text, 5.0% Zn-CdZrOx, 280℃]",thermo,all,cost_f0.95
10.1016/j.fuel.2023.128376 | 50 bar | H2/CO2 4 | 24000 h-1,10.1016/j.fuel.2023.128376,18,True,0.0160297,"10.0% Zn-CdZrOx [SI Figure S1, 10.0% Zn-CdZrOx, 320 °C]","10.0% Zn-CdZrOx [SI Figure S1, 10.0% Zn-CdZrOx, 300 °C]",thermo,all,cost_f0.95
10.1016/j.fuel.2024.131111 | 40 bar | H2/CO2 5 | 12 NL/g/h,10.1016/j.fuel.2024.131111,20,True,0.00929945,"5InNi3C0.5/Fe3O4-400/425 [Fig. 6A, 260 °C]","5InNi3C0.5/Fe3O4-400/425 [Fig. 6A, 200 °C]",thermo,all,cost_f0.95
10.1016/j.fuel.2024.131111 | 40 bar | H2/CO2 5 | 18 NL/g/h,10.1016/j.fuel.2024.131111,2,False,0,"5InNi3C0.5/Fe3O4-400/425 [Fig. 6B, H2/CO2 = 5/1]","5InNi3C0.5/Fe3O4-400/425 [Fig. 6B, H2/CO2 = 5/1]",thermo,all,cost_f0.95
10.1016/j.fuel.2024.131111 | 60 bar | H2/CO2 10 | 116 NL/g/h,10.1016/j.fuel.2024.131111,2,False,0,"5InNi3C0.5/Fe3O4-400/425 [Fig. 7A stability, 120 h]","5InNi3C0.5/Fe3O4-400/425 [Fig. 7A stability, 120 h]",thermo,all,cost_f0.95
10.1016/j.jcat.2012.05.020 | 30 bar | H2/CO2 3 | 13.4 NL/g/h,10.1016/j.jcat.2012.05.020,3,False,0,"PdMgGa [Table 2, PdMgGa]","PdMgGa [Table 2, PdMgGa]",thermo,all,cost_f0.95
10.1016/j.jcat.2016.03.017 | 20 bar | H2/CO2 3 | 3.6 NL/g/h,10.1016/j.jcat.2016.03.017,26,False,0,"5% Pd/ZnO SI [Figure 9b, first point]","5% Pd/ZnO SI [Figure 9b, first point]",thermo,all,cost_f0.95
10.1016/j.jcou.2016.11.015 | 40 bar | H2/CO2 3.04 | 1.5 NL/g/h,10.1016/j.jcou.2016.11.015,10,False,0,"CZA-5 [Text, 513 K, 55.3 wt.% catalyst]","CZA-5 [Text, 513 K, 55.3 wt.% catalyst]",thermo,all,cost_f0.95
10.1016/j.jcou.2022.102209 | 40 bar | H2/CO2 3 | 24 NL/g/h,10.1016/j.jcou.2022.102209,35,True,0.0926805,"CoIn-73-BP-1 [SI Fig. S2, CoIn-73-BP-1, 285 °C]","CoIn-64-BP-1 [SI Fig. S2, CoIn-64-BP-1, 240 °C]",thermo,all,cost_f0.95
10.1016/j.jes.2023.05.010 | 30 bar | H2/CO2 4 | 18 NL/g/h,10.1016/j.jes.2023.05.010,15,True,0.0264184,"Au/In2O3-NS [Fig. 6a,b and text, Au/In2O3-NS, 300°C]","Au/In2O3-NS [Fig. 6a,b, Au/In2O3-NS, 250°C]",thermo,all,cost_f0.95
10.1016/j.jes.2023.05.010 | 30 bar | H2/CO2 4 | 18000 h-1,10.1016/j.jes.2023.05.010,15,True,0.0218983,In2O3-NS [SI Table S5 row In2O3-NS],"In2O3-NS [SI Figure S4a,b, In2O3-NS, 250 °C]",thermo,all,cost_f0.95
10.1016/j.mcat.2020.111105 | 30 bar | H2/CO2 3 | 10000 h-1,10.1016/j.mcat.2020.111105,36,True,0.14614,"35-CuO [Fig. 7/Table 2, 35-CuO, 280 °C]","35-CuO [Fig. 7, 35-CuO, 260 °C]",thermo,all,cost_f0.95
10.1021/acs.iecr.7b01464 | 20 bar | H2/CO2 3.03 | 0.873 NL/g/h,10.1021/acs.iecr.7b01464,3,False,0,"CZA400 [Fig 7, CZA400, 2 MPa, internal cooling]","CZA400 [Fig 7, CZA400, 2 MPa, internal cooling]",thermo,all,cost_f0.95
10.1021/acs.iecr.7b01464 | 30 bar | H2/CO2 3.03 | 0.873 NL/g/h,10.1021/acs.iecr.7b01464,15,True,0.013812,"CZA400 [Text/Fig 6, CZA400, 260 °C, internal cooling]","CZA400 [Text/Fig 6, CZA400, 220 °C, internal cooling]",thermo,all,cost_f0.95
10.1021/acs.iecr.7b01464 | 40 bar | H2/CO2 3.03 | 0.873 NL/g/h,10.1021/acs.iecr.7b01464,3,False,0,"CZA400 [Text/Fig 7, CZA400, 4 MPa, internal cooling]","CZA400 [Text/Fig 7, CZA400, 4 MPa, internal cooling]",thermo,all,cost_f0.95
10.1021/acsaem.1c01502 | 50 bar | H2/CO2 3 | 30 NL/g/h,10.1021/acsaem.1c01502,15,True,0.0373065,"CP-Pd/ZnZr [Figure 1, CP-Pd/ZnZr, 340 °C]","CP-Pd/ZnZr [Figure 1/text, CP-Pd/ZnZr, 320 °C]",thermo,all,cost_f0.95
10.1021/acsami.1c05586 | 30 bar | H2/CO2 3 | 7.2 NL/g/h,10.1021/acsami.1c05586,36,True,0.0444969,"0.92In-4.6Cu/CeO2 [Table 6/Fig 7, 0.92In-4.6Cu/CeO2, 290 °C]","0.92In-4.6Cu/CeO2 [Table 6/Fig 7, 0.92In-4.6Cu/CeO2, 210 °C]",thermo,all,cost_f0.95
10.1021/acscatal.0c03324 | 30 bar | H2/CO2 3 | 10 NL/g/h,10.1021/acscatal.0c03324,2,True,0.0248322,"2Pd/CeO2-O [SI Fig S7, O GHSV 10]",2Pd/CeO2-R [Figure 10c; 2Pd/CeO2-R; GHSV 10 L gcat−1 h−1],thermo,all,cost_f0.95
10.1021/acscatal.0c03324 | 30 bar | H2/CO2 3 | 14 NL/g/h,10.1021/acscatal.0c03324,2,True,0.038749,"2Pd/CeO2-O [SI Fig S7, O GHSV 14]",2Pd/CeO2-R [Figure 10c; 2Pd/CeO2-R; GHSV 14 L gcat−1 h−1],thermo,all,cost_f0.95
10.1021/acscatal.0c03324 | 30 bar | H2/CO2 3 | 18 NL/g/h,10.1021/acscatal.0c03324,2,False,0,"2Pd/CeO2-O [SI Fig S7, O GHSV 18]","2Pd/CeO2-O [SI Fig S7, O GHSV 18]",thermo,all,cost_f0.95
10.1021/acscatal.0c03324 | 30 bar | H2/CO2 3 | 2 NL/g/h,10.1021/acscatal.0c03324,6,True,0.032437,2Pd/CeO2-R [Figure 10a; 2Pd/CeO2-R; 280 °C],2Pd/CeO2-R [Table 3 row 1; standard conditions],thermo,all,cost_f0.95
10.1021/acscatal.0c03324 | 30 bar | H2/CO2 3 | 6 NL/g/h,10.1021/acscatal.0c03324,4,True,0.0234188,"2Pd/CeO2-O [SI Fig S7, O GHSV 6]",2Pd/CeO2-R [Text section 3.5; stability test at 100 h],thermo,all,cost_f0.95
10.1021/acscatal.0c05628 | 50 bar | H2/CO2 4 | 21 NL/g/h,10.1021/acscatal.0c05628,20,True,0.0209871,"Ir/In2O3-10 [Text/Figure 1, Ir/In2O3-10, 300 °C]","Ir/In2O3-10 [Text/Figure 1a, Ir/In2O3-10, 250 °C]",thermo,all,cost_f0.95
10.1021/acscatal.1c03170 | 30 bar | H2/CO2 3 | 60 NL/g/h,10.1021/acscatal.1c03170,14,False,0,"NiO(6)−In2O3 [Fig 4a,b, NiO content 6 wt%]","NiO(6)−In2O3 [Fig 4a,b, NiO content 6 wt%]",thermo,all,cost_f0.95
10.1021/acscatal.5b00682 | 30 bar | H2/CO2 4 | 12 NL/g/h,10.1021/acscatal.5b00682,2,False,0,"Cu/SiO2-AE [SI Figure S3(II), AE, 380 °C, WHSV 12 L/g/h]","Cu/SiO2-AE [SI Figure S3(II), AE, 380 °C, WHSV 12 L/g/h]",thermo,all,cost_f0.95
10.1021/acscatal.5b00682 | 30 bar | H2/CO2 4 | 16 NL/g/h,10.1021/acscatal.5b00682,8,True,0.191367,"Cu/SiO2-AE [Figure 1, 320 °C]","Cu/SiO2-AE [Figure 1, 260 °C]",thermo,all,cost_f0.95
10.1021/acscatal.5b00682 | 30 bar | H2/CO2 4 | 3 NL/g/h,10.1021/acscatal.5b00682,2,False,0,"Cu/SiO2-AE [SI Figure S3(II), AE, 380 °C, WHSV 3 L/g/h]","Cu/SiO2-AE [SI Figure S3(II), AE, 380 °C, WHSV 3 L/g/h]",thermo,all,cost_f0.95
10.1021/acscatal.5b00682 | 30 bar | H2/CO2 4 | 6 NL/g/h,10.1021/acscatal.5b00682,2,False,0,"Cu/SiO2-AE [SI Figure S3(II), AE, 380 °C, WHSV 6 L/g/h]","Cu/SiO2-AE [SI Figure S3(II), AE, 380 °C, WHSV 6 L/g/h]",thermo,all,cost_f0.95
10.1021/acscatal.5b00682 | 30 bar | H2/CO2 4 | 9 NL/g/h,10.1021/acscatal.5b00682,2,False,0,"Cu/SiO2-AE [SI Figure S3(II), AE, 380 °C, WHSV 9 L/g/h]","Cu/SiO2-AE [SI Figure S3(II), AE, 380 °C, WHSV 9 L/g/h]",thermo,all,cost_f0.95
10.1021/acscatal.5c05984 | 100 bar | H2/CO2 4 | 10 NL/g/h,10.1021/acscatal.5c05984,9,True,0.0360374,5 wt % Re/TiO2 [Table 4 row 11],1 wt % Re/TiO2 [Table 4 row 3],thermo,all,cost_f0.95
10.1021/acscatal.5c05984 | 100 bar | H2/CO2 4 | 20 NL/g/h,10.1021/acscatal.5c05984,2,False,0,5 wt % Re/TiO2 [Table 4 row 12],5 wt % Re/TiO2 [Table 4 row 12],thermo,all,cost_f0.95
10.1021/acscatal.5c05984 | 100 bar | H2/CO2 4 | 40 NL/g/h,10.1021/acscatal.5c05984,2,False,0,5 wt % Re/TiO2 [Table 4 row 14],5 wt % Re/TiO2 [Table 4 row 14],thermo,all,cost_f0.95
10.1021/acscatal.9b01869 | 50 bar | H2/CO2 0.25 | 24000 h-1,10.1021/acscatal.9b01869,3,False,0,"PM-800 [SI Figure S9a, PM-800, 290 °C]","PM-800 [SI Figure S9a, PM-800, 290 °C]",thermo,all,cost_f0.95
10.1021/acscatal.9b01869 | 50 bar | H2/CO2 4 | 24000 h-1,10.1021/acscatal.9b01869,16,False,0,"In2.5/ZrO2 [Fig 5, In2.5/ZrO2, 280 °C]","In2.5/ZrO2 [Fig 5, In2.5/ZrO2, 280 °C]",thermo,all,cost_f0.95
10.1021/acscatal.9b03305 | 50 bar | H2/CO2 4 | 24 NL/g/h,10.1021/acscatal.9b03305,12,False,0,"In2O3/m-ZrO2 [Figure 8/text, 5 wt % In2O3/m-ZrO2, 553 K]","In2O3/m-ZrO2 [Figure 8/text, 5 wt % In2O3/m-ZrO2, 553 K]",thermo,all,cost_f0.95
10.1021/cs500979c | 80 bar | H2/CO2 3 | 3600 h-1,10.1021/cs500979c,18,False,0,"Cu/ZrO2(III) [Table 6, Cu/ZrO2(III), 533 K]","Cu/ZrO2(III) [Table 6, Cu/ZrO2(III), 533 K]",thermo,all,cost_f0.95
10.1038/s41467-019-11349-9 | 50 bar | H2/CO2 4 | 48 NL/g/h,10.1038/s41467-019-11349-9,3,False,0,"Pd–In2O3 CP [Table 2 Pd–In2O3 CP, WHSV 48,000 initial]","Pd–In2O3 CP [Table 2 Pd–In2O3 CP, WHSV 48,000 initial]",thermo,all,cost_f0.95
10.1038/s41467-021-22224-x | 50 bar | H2/CO2 4 | 24 NL/g/h,10.1038/s41467-021-22224-x,11,False,0,"1Ni-In2O3 [Fig. 1b, 1Ni-In2O3 DI]","1Ni-In2O3 [Fig. 1b, 1Ni-In2O3 DI]",thermo,all,cost_f0.95
10.1039/c2cy20604h | 100 bar | H2/CO2 3.8 | 10.6 NL/g/h,10.1039/c2cy20604h,11,False,0,"Cu–Ba/Al2O3 [Fig 8, Cu-Ba/Al2O3, 473 K, 10 MPa]","Cu–Ba/Al2O3 [Fig 8, Cu-Ba/Al2O3, 473 K, 10 MPa]",thermo,all,cost_f0.95
10.1039/c2cy20604h | 100 bar | H2/CO2 3.8 | 4000 h-1,10.1039/c2cy20604h,4,False,0,"Cu–Ba/Al2O3 [SI Table 3, 553 K, 10 MPa]","Cu–Ba/Al2O3 [SI Table 3, 553 K, 10 MPa]",thermo,all,cost_f0.95
10.1039/c2cy20604h | 30 bar | H2/CO2 3.8 | 10.6 NL/g/h,10.1039/c2cy20604h,11,False,0,"Cu–Ba/Al2O3 [Fig 8, Cu-Ba/Al2O3, 473 K, 3 MPa]","Cu–Ba/Al2O3 [Fig 8, Cu-Ba/Al2O3, 473 K, 3 MPa]",thermo,all,cost_f0.95
10.1039/c2cy20604h | 30 bar | H2/CO2 3.8 | 4000 h-1,10.1039/c2cy20604h,4,False,0,"Cu–Ba/Al2O3 [SI Table 3, 503 K, 3 MPa]","Cu–Ba/Al2O3 [SI Table 3, 503 K, 3 MPa]",thermo,all,cost_f0.95
10.1039/c2cy20604h | 360 bar | H2/CO2 3.8 | 10.6 NL/g/h,10.1039/c2cy20604h,11,True,0.00599858,"Cu/Al2O3 [Fig 5/Fig 6, Cu/Al2O3, 473 K, 36 MPa]","Cu/Al2O3 [Fig 5/Fig 6, Cu/Al2O3, 503 K, 36 MPa]",thermo,all,cost_f0.95
10.1039/c2cy20604h | 360 bar | H2/CO2 3.8 | 4000 h-1,10.1039/c2cy20604h,4,False,0,"Cu–Ba/Al2O3 [SI Table 3, 503 K, 36 MPa]","Cu–Ba/Al2O3 [SI Table 3, 503 K, 36 MPa]",thermo,all,cost_f0.95
10.1039/c2cy20604h | 4 bar | H2/CO2 3.8 | 10.6 NL/g/h,10.1039/c2cy20604h,11,True,0.0032936,"Cu–Ba/Al2O3 [Fig 8, Cu-Ba/Al2O3, 473 K, 0.40 MPa]","Cu–K/Al2O3 [Fig 7, Cu-K/Al2O3, 443 K, 0.40 MPa]",thermo,all,cost_f0.95
10.1039/c2cy20604h | 4 bar | H2/CO2 3.8 | 4000 h-1,10.1039/c2cy20604h,4,True,0.513393,"Cu–Ba/Al2O3 [SI Table 3, 533 K, 0.4 MPa]","Cu–Ba/Al2O3 [SI Table 3, 443 K, 0.4 MPa]",thermo,all,cost_f0.95
10.1039/c4cy00848k | 7 bar | H2/CO2 9 | 2 NL/g/h,10.1039/c4cy00848k,6,False,0,Cu(15)ZnO [SI Fig S7/S8 Cu(15)ZnO point 1],Cu(15)ZnO [SI Fig S7/S8 Cu(15)ZnO point 1],thermo,all,cost_f0.95
10.1039/c4cy00848k | 7 bar | H2/CO2 9 | 4 NL/g/h,10.1039/c4cy00848k,6,False,0,"Cu(15)ZnO [Table 3, Cu(15)ZnO at 180 °C]","Cu(15)ZnO [Table 3, Cu(15)ZnO at 180 °C]",thermo,all,cost_f0.95
10.1039/c5cy00372e | 10 bar | H2/CO2 3.04 | 10 NL/g/h,10.1039/c5cy00372e,3,False,0,"CHT-Y0.1 [Fig. 8 CHT-Y0.1, 1 MPa]","CHT-Y0.1 [Fig. 8 CHT-Y0.1, 1 MPa]",thermo,all,cost_f0.95
10.1039/c5cy00372e | 3 bar | H2/CO2 3.04 | 10 NL/g/h,10.1039/c5cy00372e,3,False,0,"CHT-Y0.1 [Fig. 8 CHT-Y0.1, 0.3 MPa]","CHT-Y0.1 [Fig. 8 CHT-Y0.1, 0.3 MPa]",thermo,all,cost_f0.95
10.1039/c5cy00372e | 30 bar | H2/CO2 3.04 | 10 NL/g/h,10.1039/c5cy00372e,3,False,0,"CHT-Y0.1 [Fig. 8 CHT-Y0.1, 3 MPa]","CHT-Y0.1 [Fig. 8 CHT-Y0.1, 3 MPa]",thermo,all,cost_f0.95
10.1039/c5cy00372e | 50 bar | H2/CO2 3.04 | 10 NL/g/h,10.1039/c5cy00372e,5,False,0,CHT-Y0.1 [Table 6 row CHT-Y0.1],CHT-Y0.1 [Table 6 row CHT-Y0.1],thermo,all,cost_f0.95
10.1039/c5cy00372e | 70 bar | H2/CO2 3.04 | 10 NL/g/h,10.1039/c5cy00372e,3,False,0,"CHT-Y0.1 [Fig. 8 CHT-Y0.1, 7 MPa]","CHT-Y0.1 [Fig. 8 CHT-Y0.1, 7 MPa]",thermo,all,cost_f0.95
10.1039/c5cy00372e | 90 bar | H2/CO2 3.04 | 10 NL/g/h,10.1039/c5cy00372e,3,False,0,"CHT-Y0.1 [Fig. 8/text CHT-Y0.1, 9.0 MPa]","CHT-Y0.1 [Fig. 8/text CHT-Y0.1, 9.0 MPa]",thermo,all,cost_f0.95
10.1039/c5ra04774a | 30 bar | H2/CO2 3 | 3.6 NL/g/h,10.1039/c5ra04774a,24,True,0.00967964,"CZ/CNTs-3 [Table 1 row 9 / Fig. 1, 260 °C]","CZ/CNTs-1 [Table 1 row 7 / Fig. 1, 260 °C]",thermo,all,cost_f0.95
10.1039/c6ra28305e | 30 bar | H2/CO2 3 | 3600 h-1,10.1039/c6ra28305e,4,False,0,"CZ-450 [Table 2, CZ-450]","CZ-450 [Table 2, CZ-450]",thermo,all,cost_f0.95
10.1039/d0gc01597k | 50 bar | H2/CO2 4 | 21 NL/g/h,10.1039/d0gc01597k,10,True,0.0168466,"Pt/In2O3 [Fig. 1a,b/text, Pt/In2O3, 300 °C]","Pt/In2O3 [Fig. 1a,b, Pt/In2O3, 250 °C]",thermo,all,cost_f0.95
10.1126/sciadv.1701290 | 20 bar | H2/CO2 3 | 24 NL/g/h,10.1126/sciadv.1701290,10,True,0.24733,"13% ZnO-ZrO2 [SI Figure S2, p=2 MPa]","13% ZnO-ZrO2 [SI Figure S17A, 240 °C]",thermo,all,cost_f0.95
10.1126/sciadv.1701290 | 50 bar | H2/CO2 3 | 24 NL/g/h,10.1126/sciadv.1701290,24,True,0.0416186,"13% ZnO-ZrO2 [SI Figure S2, p=5 MPa]","13% ZnO-ZrO2 [Figure 1B, H2/CO2=3:1, 260°C]",thermo,all,cost_f0.95
10.1126/sciadv.1701290 | 50 bar | H2/CO2 4 | 24 NL/g/h,10.1126/sciadv.1701290,11,True,0.0598771,"13% ZnO-ZrO2 [Figure 1B, H2/CO2=4:1, 340°C]","13% ZnO-ZrO2 [Figure 1B, H2/CO2=4:1, 280°C]",thermo,all,cost_f0.95
10.1126/sciadv.aaz2060 | 50 bar | H2/CO2 3 | 9 NL/g/h,10.1126/sciadv.aaz2060,2,False,0,"c–In2O3-S [Fig. 5A, c–In2O3-S, standard conditions, 44 h]","c–In2O3-S [Fig. 5A, c–In2O3-S, standard conditions, 44 h]",thermo,all,cost_f0.95
10.1126/sciadv.aaz2060 | 50 bar | H2/CO2 3.04 | 9 NL/g/h,10.1126/sciadv.aaz2060,18,True,0.163138,"h–In2O3-R [Fig. 5B/C, h–In2O3-R, 360°C, standard feed]","c–In2O3-S [Fig. 5B/C, c–In2O3-S, 240°C, standard feed]",thermo,all,cost_f0.95
10.1126/sciadv.abi6012 | 40 bar | H2/CO2 3 | 12 NL/g/h,10.1126/sciadv.abi6012,18,True,0.0284145,"InNi3C0.5/Fe3O4 [Figure 5E, InNi3C0.5/Fe3O4, last point]","InNi3C0.5/Fe3O4 [Figure 5E, InNi3C0.5/Fe3O4, first point]",thermo,all,cost_f0.95
10.1126/sciadv.abi6012 | 40 bar | H2/CO2 3 | 24 NL/g/h,10.1126/sciadv.abi6012,4,False,0,"InNi3C0.5/m-ZrO2 [Fig. 2B, InNi3C0.5/m-ZrO2, 24000 ml gcat-1 hour-1]","InNi3C0.5/m-ZrO2 [Fig. 2B, InNi3C0.5/m-ZrO2, 24000 ml gcat-1 hour-1]",thermo,all,cost_f0.95
10.1126/sciadv.abi6012 | 40 bar | H2/CO2 4 | 12 NL/g/h,10.1126/sciadv.abi6012,5,True,0.162433,"InNi3C0.5/m-ZrO2 [SI Figure S5A, H2/CO2=4/1, 350 °C]","InNi3C0.5/m-ZrO2 [SI Figure S5A, H2/CO2=4/1, 250 °C]",thermo,all,cost_f0.95
10.1126/sciadv.abi6012 | 40 bar | H2/CO2 5 | 12 NL/g/h,10.1126/sciadv.abi6012,5,True,0.145085,"InNi3C0.5/m-ZrO2 [SI Figure S5A, H2/CO2=5/1, 350 °C]","InNi3C0.5/m-ZrO2 [SI Figure S5A, H2/CO2=5/1, 250 °C]",thermo,all,cost_f0.95
10.1126/sciadv.abi6012 | 40 bar | H2/CO2 8 | 30 NL/g/h,10.1126/sciadv.abi6012,2,True,0.000191829,"InNi3C0.5/Fe3O4 [Text/Table S7, InNi3C0.5/Fe3O4, 325C, 4.0 MPa, H2/CO2 8:1, GHSV 30000]","CuZnAl [SI Table S7 row CuZnAl, 325 °C]",thermo,all,cost_f0.95
10.1002/anie.201600943 | 50 bar | H2/CO2 4 | 26 NL/g/h,10.1002/anie.201600943,2,False,0,"In2O3 [Figure 1a, In2O3, 573 K]","In2O3 [Figure 1a, In2O3, 573 K]",thermo,all,cost_f0.9
10.1002/anie.202401168 | 30 bar | H2/CO2 3 | 9 NL/g/h,10.1002/anie.202401168,44,True,0.0422762,"Ir1Pd1-In2O3(CP-PD) [SI Figure S29, t=10 h, 275 °C]","Ir1Pd1-In2O3(CP-PD) [Text page 9, Ir1Pd1-In2O3(CP-PD), 200 °C]",thermo,all,cost_f0.9
10.1002/cctc.202000974 | 20 bar | H2/CO2 3 | 3.6 NL/g/h,10.1002/cctc.202000974,29,True,0.00881952,"physical mixture of Pd/ZnO and TiO2 [Text, physical mixture Pd/ZnO and TiO2, 250°C]","PdZn/ZnTiO3 [Table 1 row 5, 225°C]",thermo,all,cost_f0.9
10.1002/ente.201800747 | 40 bar | H2/CO2 3 | 21.6 NL/g/h,10.1002/ente.201800747,32,True,0.103893,"Cat-4.5 [Figure 5a left; Cat-4.5 at 325 °C, last point]","Cat-4.5 [SI Table S1, Cat-4.5, 250 °C]",thermo,all,cost_f0.9
10.1016/j.apcata.2018.04.036 | 30 bar | H2/CO2 3 | 2.4 NL/g/h,10.1016/j.apcata.2018.04.036,13,True,0.00533548,"0.5Ca5P5ZC [Fig 10a,b, 0.5Ca5P5ZC, 250 °C]","0.5Ca5P5ZC [Fig 10a,b/text, 0.5Ca5P5ZC, 230 °C, 30 bar]",thermo,all,cost_f0.9
10.1016/j.apcata.2019.117144 | 40 bar | H2/CO2 4 | 52 NL/g/h,10.1016/j.apcata.2019.117144,20,True,0.0158634,"In2O3/ZrO2 [Fig. 5/Table 1, 573 K, In2O3/ZrO2]","In2O3/ZrO2 [Fig. 5, 543 K, In2O3/ZrO2]",thermo,all,cost_f0.9
10.1016/j.apcatb.2017.06.069 | 50 bar | H2/CO2 4 | 21 NL/g/h,10.1016/j.apcatb.2017.06.069,15,True,0.0177331,"Pd-P/In2O3 [Text/Fig. 1, Pd-P/In2O3, 300 °C, 5 MPa]","Pd-P/In2O3 [Figure 1a,b, 250 °C, Pd-P/In2O3]",thermo,all,cost_f0.9
10.1016/j.apcatb.2019.118367 | 30 bar | H2/CO2 3 | 6 NL/g/h,10.1016/j.apcatb.2019.118367,9,True,0.00923763,"Pd/ZnO-3.93Al [Fig. 4, Pd/ZnO-3.93Al]","Pd/ZnO [Fig. 4, Pd/ZnO]",thermo,all,cost_f0.9
10.1016/j.cattod.2019.05.040 | 10 bar | H2/CO2 3 | 2.4 NL/g/h,10.1016/j.cattod.2019.05.040,2,False,0,"0.5Ca5P5ZZr-IMP [Figure 7d-e, 0.5Ca5P5ZZr-IMP at 250 °C and 10 bar]","0.5Ca5P5ZZr-IMP [Figure 7d-e, 0.5Ca5P5ZZr-IMP at 250 °C and 10 bar]",thermo,all,cost_f0.9
10.1016/j.cattod.2019.05.040 | 20 bar | H2/CO2 3 | 2.4 NL/g/h,10.1016/j.cattod.2019.05.040,2,False,0,"0.5Ca5P5ZZr-IMP [Figure 7d-e, 0.5Ca5P5ZZr-IMP at 250 °C and 20 bar]","0.5Ca5P5ZZr-IMP [Figure 7d-e, 0.5Ca5P5ZZr-IMP at 250 °C and 20 bar]",thermo,all,cost_f0.9
10.1016/j.cattod.2019.05.040 | 30 bar | H2/CO2 3 | 2.4 NL/g/h,10.1016/j.cattod.2019.05.040,13,True,0.0115717,"0.5Ca5P5ZZr-IMP [Figure 7a-c, 0.5Ca5P5ZZr-IMP at 270 °C]","0.5Ca5P5ZZr-IMP [Table 3, 0.5Ca5P5ZZr-IMP at 230 °C]",thermo,all,cost_f0.9
10.1016/j.cattod.2020.05.049 | 41 bar | H2/CO2 3 | 3.6 NL/g/h,10.1016/j.cattod.2020.05.049,12,False,0,Pd-Cu/Ti0.1Zr0.9O2 [Table 1 row 9],Pd-Cu/Ti0.1Zr0.9O2 [Table 1 row 9],thermo,all,cost_f0.9
10.1016/j.cej.2022.135090 | 40 bar | H2/CO2 3 | 6 NL/g/h,10.1016/j.cej.2022.135090,7,True,0.490365,"In2O3/HZSM-5 [Fig. 2/Fig. 7, In2O3/HZSM-5 = 2:1, 400 °C]","In2O3/HZSM-5 [Fig. 2/Fig. 7, In2O3/HZSM-5 = 2:1, 320 °C]",thermo,all,cost_f0.9
10.1016/j.cej.2024.149370 | 50 bar | H2/CO2 4 | 21 NL/g/h,10.1016/j.cej.2024.149370,25,True,0.0195911,"Pd-Pt/In2O3 [Fig. 1a,b/text, Pd-Pt/In2O3, 300 °C]","Pd-Pt/In2O3 [Fig. 1a,b, Pd-Pt/In2O3, 240 °C]",thermo,all,cost_f0.9
10.1016/j.fuel.2022.125878 | 30 bar | H2/CO2 3 | 12000 h-1,10.1016/j.fuel.2022.125878,17,True,0.0401756,"In13/ZrO2 [Fig. 9/text, In13/ZrO2, 573 K]","In13/ZrO2 [Figure 9, 533 K]",thermo,all,cost_f0.9
10.1016/j.fuel.2023.127927 | 20 bar | H2/CO2 3 | 2.4 NL/g/h,10.1016/j.fuel.2023.127927,20,True,0.0072698,"0.5Ca-PZC [Table 1, 0.5Ca-PZC]","0.7Ca-PZC [Figure 6A, 220 °C, 0.7Ca-PZC]",thermo,all,cost_f0.9
10.1016/j.fuel.2023.128376 | 50 bar | H2/CO2 4 | 24 NL/g/h,10.1016/j.fuel.2023.128376,17,True,0.0401391,"5.0% Zn-CdZrOx [Fig. 1/text, 5.0% Zn-CdZrOx, 320℃]","5.0% Zn-CdZrOx [Fig. 1/text, 5.0% Zn-CdZrOx, 280℃]",thermo,all,cost_f0.9
10.1016/j.fuel.2023.128376 | 50 bar | H2/CO2 4 | 24000 h-1,10.1016/j.fuel.2023.128376,18,True,0.0160297,"10.0% Zn-CdZrOx [SI Figure S1, 10.0% Zn-CdZrOx, 320 °C]","10.0% Zn-CdZrOx [SI Figure S1, 10.0% Zn-CdZrOx, 300 °C]",thermo,all,cost_f0.9
10.1016/j.fuel.2024.131111 | 40 bar | H2/CO2 5 | 12 NL/g/h,10.1016/j.fuel.2024.131111,20,True,0.00929945,"5InNi3C0.5/Fe3O4-400/425 [Fig. 6A, 260 °C]","5InNi3C0.5/Fe3O4-400/425 [Fig. 6A, 200 °C]",thermo,all,cost_f0.9
10.1016/j.fuel.2024.131111 | 40 bar | H2/CO2 5 | 18 NL/g/h,10.1016/j.fuel.2024.131111,2,False,0,"5InNi3C0.5/Fe3O4-400/425 [Fig. 6B, H2/CO2 = 5/1]","5InNi3C0.5/Fe3O4-400/425 [Fig. 6B, H2/CO2 = 5/1]",thermo,all,cost_f0.9
10.1016/j.fuel.2024.131111 | 60 bar | H2/CO2 10 | 116 NL/g/h,10.1016/j.fuel.2024.131111,2,False,0,"5InNi3C0.5/Fe3O4-400/425 [Fig. 7A stability, 120 h]","5InNi3C0.5/Fe3O4-400/425 [Fig. 7A stability, 120 h]",thermo,all,cost_f0.9
10.1016/j.jcat.2012.05.020 | 30 bar | H2/CO2 3 | 13.4 NL/g/h,10.1016/j.jcat.2012.05.020,3,False,0,"PdMgGa [Table 2, PdMgGa]","PdMgGa [Table 2, PdMgGa]",thermo,all,cost_f0.9
10.1016/j.jcat.2016.03.017 | 20 bar | H2/CO2 3 | 3.6 NL/g/h,10.1016/j.jcat.2016.03.017,26,False,0,"5% Pd/ZnO SI [Figure 9b, first point]","5% Pd/ZnO SI [Figure 9b, first point]",thermo,all,cost_f0.9
10.1016/j.jcou.2016.11.015 | 40 bar | H2/CO2 3.04 | 1.5 NL/g/h,10.1016/j.jcou.2016.11.015,10,False,0,"CZA-5 [Text, 513 K, 55.3 wt.% catalyst]","CZA-5 [Text, 513 K, 55.3 wt.% catalyst]",thermo,all,cost_f0.9
10.1016/j.jcou.2022.102209 | 40 bar | H2/CO2 3 | 24 NL/g/h,10.1016/j.jcou.2022.102209,35,True,0.0926805,"CoIn-73-BP-1 [SI Fig. S2, CoIn-73-BP-1, 285 °C]","CoIn-64-BP-1 [SI Fig. S2, CoIn-64-BP-1, 240 °C]",thermo,all,cost_f0.9
10.1016/j.jes.2023.05.010 | 30 bar | H2/CO2 4 | 18 NL/g/h,10.1016/j.jes.2023.05.010,15,True,0.0264184,"Au/In2O3-NS [Fig. 6a,b and text, Au/In2O3-NS, 300°C]","Au/In2O3-NS [Fig. 6a,b, Au/In2O3-NS, 250°C]",thermo,all,cost_f0.9
10.1016/j.jes.2023.05.010 | 30 bar | H2/CO2 4 | 18000 h-1,10.1016/j.jes.2023.05.010,15,True,0.0218983,In2O3-NS [SI Table S5 row In2O3-NS],"In2O3-NS [SI Figure S4a,b, In2O3-NS, 250 °C]",thermo,all,cost_f0.9
10.1016/j.mcat.2020.111105 | 30 bar | H2/CO2 3 | 10000 h-1,10.1016/j.mcat.2020.111105,36,True,0.14614,"35-CuO [Fig. 7/Table 2, 35-CuO, 280 °C]","35-CuO [Fig. 7, 35-CuO, 260 °C]",thermo,all,cost_f0.9
10.1021/acs.iecr.7b01464 | 20 bar | H2/CO2 3.03 | 0.873 NL/g/h,10.1021/acs.iecr.7b01464,3,False,0,"CZA400 [Fig 7, CZA400, 2 MPa, internal cooling]","CZA400 [Fig 7, CZA400, 2 MPa, internal cooling]",thermo,all,cost_f0.9
10.1021/acs.iecr.7b01464 | 30 bar | H2/CO2 3.03 | 0.873 NL/g/h,10.1021/acs.iecr.7b01464,15,True,0.013812,"CZA400 [Text/Fig 6, CZA400, 260 °C, internal cooling]","CZA400 [Text/Fig 6, CZA400, 220 °C, internal cooling]",thermo,all,cost_f0.9
10.1021/acs.iecr.7b01464 | 40 bar | H2/CO2 3.03 | 0.873 NL/g/h,10.1021/acs.iecr.7b01464,3,False,0,"CZA400 [Text/Fig 7, CZA400, 4 MPa, internal cooling]","CZA400 [Text/Fig 7, CZA400, 4 MPa, internal cooling]",thermo,all,cost_f0.9
10.1021/acsaem.1c01502 | 50 bar | H2/CO2 3 | 30 NL/g/h,10.1021/acsaem.1c01502,15,True,0.0373065,"CP-Pd/ZnZr [Figure 1, CP-Pd/ZnZr, 340 °C]","CP-Pd/ZnZr [Figure 1/text, CP-Pd/ZnZr, 320 °C]",thermo,all,cost_f0.9
10.1021/acsami.1c05586 | 30 bar | H2/CO2 3 | 7.2 NL/g/h,10.1021/acsami.1c05586,36,True,0.0444969,"0.92In-4.6Cu/CeO2 [Table 6/Fig 7, 0.92In-4.6Cu/CeO2, 290 °C]","0.92In-4.6Cu/CeO2 [Table 6/Fig 7, 0.92In-4.6Cu/CeO2, 210 °C]",thermo,all,cost_f0.9
10.1021/acscatal.0c03324 | 30 bar | H2/CO2 3 | 10 NL/g/h,10.1021/acscatal.0c03324,2,True,0.0248322,"2Pd/CeO2-O [SI Fig S7, O GHSV 10]",2Pd/CeO2-R [Figure 10c; 2Pd/CeO2-R; GHSV 10 L gcat−1 h−1],thermo,all,cost_f0.9
10.1021/acscatal.0c03324 | 30 bar | H2/CO2 3 | 14 NL/g/h,10.1021/acscatal.0c03324,2,True,0.038749,"2Pd/CeO2-O [SI Fig S7, O GHSV 14]",2Pd/CeO2-R [Figure 10c; 2Pd/CeO2-R; GHSV 14 L gcat−1 h−1],thermo,all,cost_f0.9
10.1021/acscatal.0c03324 | 30 bar | H2/CO2 3 | 18 NL/g/h,10.1021/acscatal.0c03324,2,False,0,"2Pd/CeO2-O [SI Fig S7, O GHSV 18]","2Pd/CeO2-O [SI Fig S7, O GHSV 18]",thermo,all,cost_f0.9
10.1021/acscatal.0c03324 | 30 bar | H2/CO2 3 | 2 NL/g/h,10.1021/acscatal.0c03324,6,True,0.032437,2Pd/CeO2-R [Figure 10a; 2Pd/CeO2-R; 280 °C],2Pd/CeO2-R [Table 3 row 1; standard conditions],thermo,all,cost_f0.9
10.1021/acscatal.0c03324 | 30 bar | H2/CO2 3 | 6 NL/g/h,10.1021/acscatal.0c03324,4,True,0.0234188,"2Pd/CeO2-O [SI Fig S7, O GHSV 6]",2Pd/CeO2-R [Text section 3.5; stability test at 100 h],thermo,all,cost_f0.9
10.1021/acscatal.0c05628 | 50 bar | H2/CO2 4 | 21 NL/g/h,10.1021/acscatal.0c05628,20,True,0.0209871,"Ir/In2O3-10 [Text/Figure 1, Ir/In2O3-10, 300 °C]","Ir/In2O3-10 [Text/Figure 1a, Ir/In2O3-10, 250 °C]",thermo,all,cost_f0.9
10.1021/acscatal.1c03170 | 30 bar | H2/CO2 3 | 60 NL/g/h,10.1021/acscatal.1c03170,14,False,0,"NiO(6)−In2O3 [Fig 4a,b, NiO content 6 wt%]","NiO(6)−In2O3 [Fig 4a,b, NiO content 6 wt%]",thermo,all,cost_f0.9
10.1021/acscatal.5b00682 | 30 bar | H2/CO2 4 | 12 NL/g/h,10.1021/acscatal.5b00682,2,False,0,"Cu/SiO2-AE [SI Figure S3(II), AE, 380 °C, WHSV 12 L/g/h]","Cu/SiO2-AE [SI Figure S3(II), AE, 380 °C, WHSV 12 L/g/h]",thermo,all,cost_f0.9
10.1021/acscatal.5b00682 | 30 bar | H2/CO2 4 | 16 NL/g/h,10.1021/acscatal.5b00682,8,True,0.191367,"Cu/SiO2-AE [Figure 1, 320 °C]","Cu/SiO2-AE [Figure 1, 260 °C]",thermo,all,cost_f0.9
10.1021/acscatal.5b00682 | 30 bar | H2/CO2 4 | 3 NL/g/h,10.1021/acscatal.5b00682,2,False,0,"Cu/SiO2-AE [SI Figure S3(II), AE, 380 °C, WHSV 3 L/g/h]","Cu/SiO2-AE [SI Figure S3(II), AE, 380 °C, WHSV 3 L/g/h]",thermo,all,cost_f0.9
10.1021/acscatal.5b00682 | 30 bar | H2/CO2 4 | 6 NL/g/h,10.1021/acscatal.5b00682,2,False,0,"Cu/SiO2-AE [SI Figure S3(II), AE, 380 °C, WHSV 6 L/g/h]","Cu/SiO2-AE [SI Figure S3(II), AE, 380 °C, WHSV 6 L/g/h]",thermo,all,cost_f0.9
10.1021/acscatal.5b00682 | 30 bar | H2/CO2 4 | 9 NL/g/h,10.1021/acscatal.5b00682,2,False,0,"Cu/SiO2-AE [SI Figure S3(II), AE, 380 °C, WHSV 9 L/g/h]","Cu/SiO2-AE [SI Figure S3(II), AE, 380 °C, WHSV 9 L/g/h]",thermo,all,cost_f0.9
10.1021/acscatal.5c05984 | 100 bar | H2/CO2 4 | 10 NL/g/h,10.1021/acscatal.5c05984,9,True,0.0360374,5 wt % Re/TiO2 [Table 4 row 11],1 wt % Re/TiO2 [Table 4 row 3],thermo,all,cost_f0.9
10.1021/acscatal.5c05984 | 100 bar | H2/CO2 4 | 20 NL/g/h,10.1021/acscatal.5c05984,2,False,0,5 wt % Re/TiO2 [Table 4 row 12],5 wt % Re/TiO2 [Table 4 row 12],thermo,all,cost_f0.9
10.1021/acscatal.5c05984 | 100 bar | H2/CO2 4 | 40 NL/g/h,10.1021/acscatal.5c05984,2,False,0,5 wt % Re/TiO2 [Table 4 row 14],5 wt % Re/TiO2 [Table 4 row 14],thermo,all,cost_f0.9
10.1021/acscatal.9b01869 | 50 bar | H2/CO2 0.25 | 24000 h-1,10.1021/acscatal.9b01869,3,False,0,"PM-800 [SI Figure S9a, PM-800, 290 °C]","PM-800 [SI Figure S9a, PM-800, 290 °C]",thermo,all,cost_f0.9
10.1021/acscatal.9b01869 | 50 bar | H2/CO2 4 | 24000 h-1,10.1021/acscatal.9b01869,16,False,0,"In2.5/ZrO2 [Fig 5, In2.5/ZrO2, 280 °C]","In2.5/ZrO2 [Fig 5, In2.5/ZrO2, 280 °C]",thermo,all,cost_f0.9
10.1021/acscatal.9b03305 | 50 bar | H2/CO2 4 | 24 NL/g/h,10.1021/acscatal.9b03305,12,False,0,"In2O3/m-ZrO2 [Figure 8/text, 5 wt % In2O3/m-ZrO2, 553 K]","In2O3/m-ZrO2 [Figure 8/text, 5 wt % In2O3/m-ZrO2, 553 K]",thermo,all,cost_f0.9
10.1021/cs500979c | 80 bar | H2/CO2 3 | 3600 h-1,10.1021/cs500979c,18,False,0,"Cu/ZrO2(III) [Table 6, Cu/ZrO2(III), 533 K]","Cu/ZrO2(III) [Table 6, Cu/ZrO2(III), 533 K]",thermo,all,cost_f0.9
10.1038/s41467-019-11349-9 | 50 bar | H2/CO2 4 | 48 NL/g/h,10.1038/s41467-019-11349-9,3,False,0,"Pd–In2O3 CP [Table 2 Pd–In2O3 CP, WHSV 48,000 initial]","Pd–In2O3 CP [Table 2 Pd–In2O3 CP, WHSV 48,000 initial]",thermo,all,cost_f0.9
10.1038/s41467-021-22224-x | 50 bar | H2/CO2 4 | 24 NL/g/h,10.1038/s41467-021-22224-x,11,False,0,"1Ni-In2O3 [Fig. 1b, 1Ni-In2O3 DI]","1Ni-In2O3 [Fig. 1b, 1Ni-In2O3 DI]",thermo,all,cost_f0.9
10.1039/c2cy20604h | 100 bar | H2/CO2 3.8 | 10.6 NL/g/h,10.1039/c2cy20604h,11,False,0,"Cu–Ba/Al2O3 [Fig 8, Cu-Ba/Al2O3, 473 K, 10 MPa]","Cu–Ba/Al2O3 [Fig 8, Cu-Ba/Al2O3, 473 K, 10 MPa]",thermo,all,cost_f0.9
10.1039/c2cy20604h | 100 bar | H2/CO2 3.8 | 4000 h-1,10.1039/c2cy20604h,4,False,0,"Cu–Ba/Al2O3 [SI Table 3, 553 K, 10 MPa]","Cu–Ba/Al2O3 [SI Table 3, 553 K, 10 MPa]",thermo,all,cost_f0.9
10.1039/c2cy20604h | 30 bar | H2/CO2 3.8 | 10.6 NL/g/h,10.1039/c2cy20604h,11,False,0,"Cu–Ba/Al2O3 [Fig 8, Cu-Ba/Al2O3, 473 K, 3 MPa]","Cu–Ba/Al2O3 [Fig 8, Cu-Ba/Al2O3, 473 K, 3 MPa]",thermo,all,cost_f0.9
10.1039/c2cy20604h | 30 bar | H2/CO2 3.8 | 4000 h-1,10.1039/c2cy20604h,4,False,0,"Cu–Ba/Al2O3 [SI Table 3, 503 K, 3 MPa]","Cu–Ba/Al2O3 [SI Table 3, 503 K, 3 MPa]",thermo,all,cost_f0.9
10.1039/c2cy20604h | 360 bar | H2/CO2 3.8 | 10.6 NL/g/h,10.1039/c2cy20604h,11,True,0.00599858,"Cu/Al2O3 [Fig 5/Fig 6, Cu/Al2O3, 473 K, 36 MPa]","Cu/Al2O3 [Fig 5/Fig 6, Cu/Al2O3, 503 K, 36 MPa]",thermo,all,cost_f0.9
10.1039/c2cy20604h | 360 bar | H2/CO2 3.8 | 4000 h-1,10.1039/c2cy20604h,4,False,0,"Cu–Ba/Al2O3 [SI Table 3, 503 K, 36 MPa]","Cu–Ba/Al2O3 [SI Table 3, 503 K, 36 MPa]",thermo,all,cost_f0.9
10.1039/c2cy20604h | 4 bar | H2/CO2 3.8 | 10.6 NL/g/h,10.1039/c2cy20604h,11,True,0.0032936,"Cu–Ba/Al2O3 [Fig 8, Cu-Ba/Al2O3, 473 K, 0.40 MPa]","Cu–K/Al2O3 [Fig 7, Cu-K/Al2O3, 443 K, 0.40 MPa]",thermo,all,cost_f0.9
10.1039/c2cy20604h | 4 bar | H2/CO2 3.8 | 4000 h-1,10.1039/c2cy20604h,4,True,0.513393,"Cu–Ba/Al2O3 [SI Table 3, 533 K, 0.4 MPa]","Cu–Ba/Al2O3 [SI Table 3, 443 K, 0.4 MPa]",thermo,all,cost_f0.9
10.1039/c4cy00848k | 7 bar | H2/CO2 9 | 2 NL/g/h,10.1039/c4cy00848k,6,False,0,Cu(15)ZnO [SI Fig S7/S8 Cu(15)ZnO point 1],Cu(15)ZnO [SI Fig S7/S8 Cu(15)ZnO point 1],thermo,all,cost_f0.9
10.1039/c4cy00848k | 7 bar | H2/CO2 9 | 4 NL/g/h,10.1039/c4cy00848k,6,False,0,"Cu(15)ZnO [Table 3, Cu(15)ZnO at 180 °C]","Cu(15)ZnO [Table 3, Cu(15)ZnO at 180 °C]",thermo,all,cost_f0.9
10.1039/c5cy00372e | 10 bar | H2/CO2 3.04 | 10 NL/g/h,10.1039/c5cy00372e,3,False,0,"CHT-Y0.1 [Fig. 8 CHT-Y0.1, 1 MPa]","CHT-Y0.1 [Fig. 8 CHT-Y0.1, 1 MPa]",thermo,all,cost_f0.9
10.1039/c5cy00372e | 3 bar | H2/CO2 3.04 | 10 NL/g/h,10.1039/c5cy00372e,3,False,0,"CHT-Y0.1 [Fig. 8 CHT-Y0.1, 0.3 MPa]","CHT-Y0.1 [Fig. 8 CHT-Y0.1, 0.3 MPa]",thermo,all,cost_f0.9
10.1039/c5cy00372e | 30 bar | H2/CO2 3.04 | 10 NL/g/h,10.1039/c5cy00372e,3,False,0,"CHT-Y0.1 [Fig. 8 CHT-Y0.1, 3 MPa]","CHT-Y0.1 [Fig. 8 CHT-Y0.1, 3 MPa]",thermo,all,cost_f0.9
10.1039/c5cy00372e | 50 bar | H2/CO2 3.04 | 10 NL/g/h,10.1039/c5cy00372e,5,False,0,CHT-Y0.1 [Table 6 row CHT-Y0.1],CHT-Y0.1 [Table 6 row CHT-Y0.1],thermo,all,cost_f0.9
10.1039/c5cy00372e | 70 bar | H2/CO2 3.04 | 10 NL/g/h,10.1039/c5cy00372e,3,False,0,"CHT-Y0.1 [Fig. 8 CHT-Y0.1, 7 MPa]","CHT-Y0.1 [Fig. 8 CHT-Y0.1, 7 MPa]",thermo,all,cost_f0.9
10.1039/c5cy00372e | 90 bar | H2/CO2 3.04 | 10 NL/g/h,10.1039/c5cy00372e,3,False,0,"CHT-Y0.1 [Fig. 8/text CHT-Y0.1, 9.0 MPa]","CHT-Y0.1 [Fig. 8/text CHT-Y0.1, 9.0 MPa]",thermo,all,cost_f0.9
10.1039/c5ra04774a | 30 bar | H2/CO2 3 | 3.6 NL/g/h,10.1039/c5ra04774a,24,True,0.00967964,"CZ/CNTs-3 [Table 1 row 9 / Fig. 1, 260 °C]","CZ/CNTs-1 [Table 1 row 7 / Fig. 1, 260 °C]",thermo,all,cost_f0.9
10.1039/c6ra28305e | 30 bar | H2/CO2 3 | 3600 h-1,10.1039/c6ra28305e,4,False,0,"CZ-450 [Table 2, CZ-450]","CZ-450 [Table 2, CZ-450]",thermo,all,cost_f0.9
10.1039/d0gc01597k | 50 bar | H2/CO2 4 | 21 NL/g/h,10.1039/d0gc01597k,10,True,0.0168466,"Pt/In2O3 [Fig. 1a,b/text, Pt/In2O3, 300 °C]","Pt/In2O3 [Fig. 1a,b, Pt/In2O3, 250 °C]",thermo,all,cost_f0.9
10.1126/sciadv.1701290 | 20 bar | H2/CO2 3 | 24 NL/g/h,10.1126/sciadv.1701290,10,True,0.24733,"13% ZnO-ZrO2 [SI Figure S2, p=2 MPa]","13% ZnO-ZrO2 [SI Figure S17A, 240 °C]",thermo,all,cost_f0.9
10.1126/sciadv.1701290 | 50 bar | H2/CO2 3 | 24 NL/g/h,10.1126/sciadv.1701290,24,True,0.0416186,"13% ZnO-ZrO2 [SI Figure S2, p=5 MPa]","13% ZnO-ZrO2 [Figure 1B, H2/CO2=3:1, 260°C]",thermo,all,cost_f0.9
10.1126/sciadv.1701290 | 50 bar | H2/CO2 4 | 24 NL/g/h,10.1126/sciadv.1701290,11,True,0.0598771,"13% ZnO-ZrO2 [Figure 1B, H2/CO2=4:1, 340°C]","13% ZnO-ZrO2 [Figure 1B, H2/CO2=4:1, 280°C]",thermo,all,cost_f0.9
10.1126/sciadv.aaz2060 | 50 bar | H2/CO2 3 | 9 NL/g/h,10.1126/sciadv.aaz2060,2,False,0,"c–In2O3-S [Fig. 5A, c–In2O3-S, standard conditions, 44 h]","c–In2O3-S [Fig. 5A, c–In2O3-S, standard conditions, 44 h]",thermo,all,cost_f0.9
10.1126/sciadv.aaz2060 | 50 bar | H2/CO2 3.04 | 9 NL/g/h,10.1126/sciadv.aaz2060,18,True,0.163138,"h–In2O3-R [Fig. 5B/C, h–In2O3-R, 360°C, standard feed]","c–In2O3-S [Fig. 5B/C, c–In2O3-S, 240°C, standard feed]",thermo,all,cost_f0.9
10.1126/sciadv.abi6012 | 40 bar | H2/CO2 3 | 12 NL/g/h,10.1126/sciadv.abi6012,18,True,0.0284145,"InNi3C0.5/Fe3O4 [Figure 5E, InNi3C0.5/Fe3O4, last point]","InNi3C0.5/Fe3O4 [Figure 5E, InNi3C0.5/Fe3O4, first point]",thermo,all,cost_f0.9
10.1126/sciadv.abi6012 | 40 bar | H2/CO2 3 | 24 NL/g/h,10.1126/sciadv.abi6012,4,False,0,"InNi3C0.5/m-ZrO2 [Fig. 2B, InNi3C0.5/m-ZrO2, 24000 ml gcat-1 hour-1]","InNi3C0.5/m-ZrO2 [Fig. 2B, InNi3C0.5/m-ZrO2, 24000 ml gcat-1 hour-1]",thermo,all,cost_f0.9
10.1126/sciadv.abi6012 | 40 bar | H2/CO2 4 | 12 NL/g/h,10.1126/sciadv.abi6012,5,True,0.162433,"InNi3C0.5/m-ZrO2 [SI Figure S5A, H2/CO2=4/1, 350 °C]","InNi3C0.5/m-ZrO2 [SI Figure S5A, H2/CO2=4/1, 250 °C]",thermo,all,cost_f0.9
10.1126/sciadv.abi6012 | 40 bar | H2/CO2 5 | 12 NL/g/h,10.1126/sciadv.abi6012,5,True,0.145085,"InNi3C0.5/m-ZrO2 [SI Figure S5A, H2/CO2=5/1, 350 °C]","InNi3C0.5/m-ZrO2 [SI Figure S5A, H2/CO2=5/1, 250 °C]",thermo,all,cost_f0.9
10.1126/sciadv.abi6012 | 40 bar | H2/CO2 8 | 30 NL/g/h,10.1126/sciadv.abi6012,2,True,0.000191829,"InNi3C0.5/Fe3O4 [Text/Table S7, InNi3C0.5/Fe3O4, 325C, 4.0 MPa, H2/CO2 8:1, GHSV 30000]","CuZnAl [SI Table S7 row CuZnAl, 325 °C]",thermo,all,cost_f0.9
10.1002/anie.201600943 | 50 bar | H2/CO2 4 | 26 NL/g/h,10.1002/anie.201600943,2,False,0,"In2O3 [Figure 1a, In2O3, 573 K]","In2O3 [Figure 1a, In2O3, 573 K]",thermo,all,cost_f0.99
10.1002/anie.202401168 | 30 bar | H2/CO2 3 | 9 NL/g/h,10.1002/anie.202401168,44,True,0.0422762,"Ir1Pd1-In2O3(CP-PD) [SI Figure S29, t=10 h, 275 °C]","Ir1Pd1-In2O3(CP-PD) [Text page 9, Ir1Pd1-In2O3(CP-PD), 200 °C]",thermo,all,cost_f0.99
10.1002/cctc.202000974 | 20 bar | H2/CO2 3 | 3.6 NL/g/h,10.1002/cctc.202000974,29,True,0.00881952,"physical mixture of Pd/ZnO and TiO2 [Text, physical mixture Pd/ZnO and TiO2, 250°C]","PdZn/ZnTiO3 [Table 1 row 5, 225°C]",thermo,all,cost_f0.99
10.1002/ente.201800747 | 40 bar | H2/CO2 3 | 21.6 NL/g/h,10.1002/ente.201800747,32,True,0.103893,"Cat-4.5 [Figure 5a left; Cat-4.5 at 325 °C, last point]","Cat-4.5 [SI Table S1, Cat-4.5, 250 °C]",thermo,all,cost_f0.99
10.1016/j.apcata.2018.04.036 | 30 bar | H2/CO2 3 | 2.4 NL/g/h,10.1016/j.apcata.2018.04.036,13,True,0.00533548,"0.5Ca5P5ZC [Fig 10a,b, 0.5Ca5P5ZC, 250 °C]","0.5Ca5P5ZC [Fig 10a,b/text, 0.5Ca5P5ZC, 230 °C, 30 bar]",thermo,all,cost_f0.99
10.1016/j.apcata.2019.117144 | 40 bar | H2/CO2 4 | 52 NL/g/h,10.1016/j.apcata.2019.117144,20,True,0.0158634,"In2O3/ZrO2 [Fig. 5/Table 1, 573 K, In2O3/ZrO2]","In2O3/ZrO2 [Fig. 5, 543 K, In2O3/ZrO2]",thermo,all,cost_f0.99
10.1016/j.apcatb.2017.06.069 | 50 bar | H2/CO2 4 | 21 NL/g/h,10.1016/j.apcatb.2017.06.069,15,True,0.0177331,"Pd-P/In2O3 [Text/Fig. 1, Pd-P/In2O3, 300 °C, 5 MPa]","Pd-P/In2O3 [Figure 1a,b, 250 °C, Pd-P/In2O3]",thermo,all,cost_f0.99
10.1016/j.apcatb.2019.118367 | 30 bar | H2/CO2 3 | 6 NL/g/h,10.1016/j.apcatb.2019.118367,9,True,0.00923763,"Pd/ZnO-3.93Al [Fig. 4, Pd/ZnO-3.93Al]","Pd/ZnO [Fig. 4, Pd/ZnO]",thermo,all,cost_f0.99
10.1016/j.cattod.2019.05.040 | 10 bar | H2/CO2 3 | 2.4 NL/g/h,10.1016/j.cattod.2019.05.040,2,False,0,"0.5Ca5P5ZZr-IMP [Figure 7d-e, 0.5Ca5P5ZZr-IMP at 250 °C and 10 bar]","0.5Ca5P5ZZr-IMP [Figure 7d-e, 0.5Ca5P5ZZr-IMP at 250 °C and 10 bar]",thermo,all,cost_f0.99
10.1016/j.cattod.2019.05.040 | 20 bar | H2/CO2 3 | 2.4 NL/g/h,10.1016/j.cattod.2019.05.040,2,False,0,"0.5Ca5P5ZZr-IMP [Figure 7d-e, 0.5Ca5P5ZZr-IMP at 250 °C and 20 bar]","0.5Ca5P5ZZr-IMP [Figure 7d-e, 0.5Ca5P5ZZr-IMP at 250 °C and 20 bar]",thermo,all,cost_f0.99
10.1016/j.cattod.2019.05.040 | 30 bar | H2/CO2 3 | 2.4 NL/g/h,10.1016/j.cattod.2019.05.040,13,True,0.0115717,"0.5Ca5P5ZZr-IMP [Figure 7a-c, 0.5Ca5P5ZZr-IMP at 270 °C]","0.5Ca5P5ZZr-IMP [Table 3, 0.5Ca5P5ZZr-IMP at 230 °C]",thermo,all,cost_f0.99
10.1016/j.cattod.2020.05.049 | 41 bar | H2/CO2 3 | 3.6 NL/g/h,10.1016/j.cattod.2020.05.049,12,False,0,Pd-Cu/Ti0.1Zr0.9O2 [Table 1 row 9],Pd-Cu/Ti0.1Zr0.9O2 [Table 1 row 9],thermo,all,cost_f0.99
10.1016/j.cej.2022.135090 | 40 bar | H2/CO2 3 | 6 NL/g/h,10.1016/j.cej.2022.135090,7,True,0.490365,"In2O3/HZSM-5 [Fig. 2/Fig. 7, In2O3/HZSM-5 = 2:1, 400 °C]","In2O3/HZSM-5 [Fig. 2/Fig. 7, In2O3/HZSM-5 = 2:1, 320 °C]",thermo,all,cost_f0.99
10.1016/j.cej.2024.149370 | 50 bar | H2/CO2 4 | 21 NL/g/h,10.1016/j.cej.2024.149370,25,True,0.0195911,"Pd-Pt/In2O3 [Fig. 1a,b/text, Pd-Pt/In2O3, 300 °C]","Pd-Pt/In2O3 [Fig. 1a,b, Pd-Pt/In2O3, 240 °C]",thermo,all,cost_f0.99
10.1016/j.fuel.2022.125878 | 30 bar | H2/CO2 3 | 12000 h-1,10.1016/j.fuel.2022.125878,17,True,0.0401756,"In13/ZrO2 [Fig. 9/text, In13/ZrO2, 573 K]","In13/ZrO2 [Figure 9, 533 K]",thermo,all,cost_f0.99
10.1016/j.fuel.2023.127927 | 20 bar | H2/CO2 3 | 2.4 NL/g/h,10.1016/j.fuel.2023.127927,20,True,0.0072698,"0.5Ca-PZC [Table 1, 0.5Ca-PZC]","0.7Ca-PZC [Figure 6A, 220 °C, 0.7Ca-PZC]",thermo,all,cost_f0.99
10.1016/j.fuel.2023.128376 | 50 bar | H2/CO2 4 | 24 NL/g/h,10.1016/j.fuel.2023.128376,17,True,0.0401391,"5.0% Zn-CdZrOx [Fig. 1/text, 5.0% Zn-CdZrOx, 320℃]","5.0% Zn-CdZrOx [Fig. 1/text, 5.0% Zn-CdZrOx, 280℃]",thermo,all,cost_f0.99
10.1016/j.fuel.2023.128376 | 50 bar | H2/CO2 4 | 24000 h-1,10.1016/j.fuel.2023.128376,18,True,0.0160297,"10.0% Zn-CdZrOx [SI Figure S1, 10.0% Zn-CdZrOx, 320 °C]","10.0% Zn-CdZrOx [SI Figure S1, 10.0% Zn-CdZrOx, 300 °C]",thermo,all,cost_f0.99
10.1016/j.fuel.2024.131111 | 40 bar | H2/CO2 5 | 12 NL/g/h,10.1016/j.fuel.2024.131111,20,True,0.00929945,"5InNi3C0.5/Fe3O4-400/425 [Fig. 6A, 260 °C]","5InNi3C0.5/Fe3O4-400/425 [Fig. 6A, 200 °C]",thermo,all,cost_f0.99
10.1016/j.fuel.2024.131111 | 40 bar | H2/CO2 5 | 18 NL/g/h,10.1016/j.fuel.2024.131111,2,False,0,"5InNi3C0.5/Fe3O4-400/425 [Fig. 6B, H2/CO2 = 5/1]","5InNi3C0.5/Fe3O4-400/425 [Fig. 6B, H2/CO2 = 5/1]",thermo,all,cost_f0.99
10.1016/j.fuel.2024.131111 | 60 bar | H2/CO2 10 | 116 NL/g/h,10.1016/j.fuel.2024.131111,2,False,0,"5InNi3C0.5/Fe3O4-400/425 [Fig. 7A stability, 120 h]","5InNi3C0.5/Fe3O4-400/425 [Fig. 7A stability, 120 h]",thermo,all,cost_f0.99
10.1016/j.jcat.2012.05.020 | 30 bar | H2/CO2 3 | 13.4 NL/g/h,10.1016/j.jcat.2012.05.020,3,False,0,"PdMgGa [Table 2, PdMgGa]","PdMgGa [Table 2, PdMgGa]",thermo,all,cost_f0.99
10.1016/j.jcat.2016.03.017 | 20 bar | H2/CO2 3 | 3.6 NL/g/h,10.1016/j.jcat.2016.03.017,26,False,0,"5% Pd/ZnO SI [Figure 9b, first point]","5% Pd/ZnO SI [Figure 9b, first point]",thermo,all,cost_f0.99
10.1016/j.jcou.2016.11.015 | 40 bar | H2/CO2 3.04 | 1.5 NL/g/h,10.1016/j.jcou.2016.11.015,10,False,0,"CZA-5 [Text, 513 K, 55.3 wt.% catalyst]","CZA-5 [Text, 513 K, 55.3 wt.% catalyst]",thermo,all,cost_f0.99
10.1016/j.jcou.2022.102209 | 40 bar | H2/CO2 3 | 24 NL/g/h,10.1016/j.jcou.2022.102209,35,True,0.0926805,"CoIn-73-BP-1 [SI Fig. S2, CoIn-73-BP-1, 285 °C]","CoIn-64-BP-1 [SI Fig. S2, CoIn-64-BP-1, 240 °C]",thermo,all,cost_f0.99
10.1016/j.jes.2023.05.010 | 30 bar | H2/CO2 4 | 18 NL/g/h,10.1016/j.jes.2023.05.010,15,True,0.0264184,"Au/In2O3-NS [Fig. 6a,b and text, Au/In2O3-NS, 300°C]","Au/In2O3-NS [Fig. 6a,b, Au/In2O3-NS, 250°C]",thermo,all,cost_f0.99
10.1016/j.jes.2023.05.010 | 30 bar | H2/CO2 4 | 18000 h-1,10.1016/j.jes.2023.05.010,15,True,0.0218983,In2O3-NS [SI Table S5 row In2O3-NS],"In2O3-NS [SI Figure S4a,b, In2O3-NS, 250 °C]",thermo,all,cost_f0.99
10.1016/j.mcat.2020.111105 | 30 bar | H2/CO2 3 | 10000 h-1,10.1016/j.mcat.2020.111105,36,True,0.14614,"35-CuO [Fig. 7/Table 2, 35-CuO, 280 °C]","35-CuO [Fig. 7, 35-CuO, 260 °C]",thermo,all,cost_f0.99
10.1021/acs.iecr.7b01464 | 20 bar | H2/CO2 3.03 | 0.873 NL/g/h,10.1021/acs.iecr.7b01464,3,False,0,"CZA400 [Fig 7, CZA400, 2 MPa, internal cooling]","CZA400 [Fig 7, CZA400, 2 MPa, internal cooling]",thermo,all,cost_f0.99
10.1021/acs.iecr.7b01464 | 30 bar | H2/CO2 3.03 | 0.873 NL/g/h,10.1021/acs.iecr.7b01464,15,True,0.013812,"CZA400 [Text/Fig 6, CZA400, 260 °C, internal cooling]","CZA400 [Text/Fig 6, CZA400, 220 °C, internal cooling]",thermo,all,cost_f0.99
10.1021/acs.iecr.7b01464 | 40 bar | H2/CO2 3.03 | 0.873 NL/g/h,10.1021/acs.iecr.7b01464,3,False,0,"CZA400 [Text/Fig 7, CZA400, 4 MPa, internal cooling]","CZA400 [Text/Fig 7, CZA400, 4 MPa, internal cooling]",thermo,all,cost_f0.99
10.1021/acsaem.1c01502 | 50 bar | H2/CO2 3 | 30 NL/g/h,10.1021/acsaem.1c01502,15,True,0.0373065,"CP-Pd/ZnZr [Figure 1, CP-Pd/ZnZr, 340 °C]","CP-Pd/ZnZr [Figure 1/text, CP-Pd/ZnZr, 320 °C]",thermo,all,cost_f0.99
10.1021/acsami.1c05586 | 30 bar | H2/CO2 3 | 7.2 NL/g/h,10.1021/acsami.1c05586,36,True,0.0444969,"0.92In-4.6Cu/CeO2 [Table 6/Fig 7, 0.92In-4.6Cu/CeO2, 290 °C]","0.92In-4.6Cu/CeO2 [Table 6/Fig 7, 0.92In-4.6Cu/CeO2, 210 °C]",thermo,all,cost_f0.99
10.1021/acscatal.0c03324 | 30 bar | H2/CO2 3 | 10 NL/g/h,10.1021/acscatal.0c03324,2,True,0.0248322,"2Pd/CeO2-O [SI Fig S7, O GHSV 10]",2Pd/CeO2-R [Figure 10c; 2Pd/CeO2-R; GHSV 10 L gcat−1 h−1],thermo,all,cost_f0.99
10.1021/acscatal.0c03324 | 30 bar | H2/CO2 3 | 14 NL/g/h,10.1021/acscatal.0c03324,2,True,0.038749,"2Pd/CeO2-O [SI Fig S7, O GHSV 14]",2Pd/CeO2-R [Figure 10c; 2Pd/CeO2-R; GHSV 14 L gcat−1 h−1],thermo,all,cost_f0.99
10.1021/acscatal.0c03324 | 30 bar | H2/CO2 3 | 18 NL/g/h,10.1021/acscatal.0c03324,2,False,0,"2Pd/CeO2-O [SI Fig S7, O GHSV 18]","2Pd/CeO2-O [SI Fig S7, O GHSV 18]",thermo,all,cost_f0.99
10.1021/acscatal.0c03324 | 30 bar | H2/CO2 3 | 2 NL/g/h,10.1021/acscatal.0c03324,6,True,0.032437,2Pd/CeO2-R [Figure 10a; 2Pd/CeO2-R; 280 °C],2Pd/CeO2-R [Table 3 row 1; standard conditions],thermo,all,cost_f0.99
10.1021/acscatal.0c03324 | 30 bar | H2/CO2 3 | 6 NL/g/h,10.1021/acscatal.0c03324,4,True,0.0234188,"2Pd/CeO2-O [SI Fig S7, O GHSV 6]",2Pd/CeO2-R [Text section 3.5; stability test at 100 h],thermo,all,cost_f0.99
10.1021/acscatal.0c05628 | 50 bar | H2/CO2 4 | 21 NL/g/h,10.1021/acscatal.0c05628,20,True,0.0209871,"Ir/In2O3-10 [Text/Figure 1, Ir/In2O3-10, 300 °C]","Ir/In2O3-10 [Text/Figure 1a, Ir/In2O3-10, 250 °C]",thermo,all,cost_f0.99
10.1021/acscatal.1c03170 | 30 bar | H2/CO2 3 | 60 NL/g/h,10.1021/acscatal.1c03170,14,False,0,"NiO(6)−In2O3 [Fig 4a,b, NiO content 6 wt%]","NiO(6)−In2O3 [Fig 4a,b, NiO content 6 wt%]",thermo,all,cost_f0.99
10.1021/acscatal.5b00682 | 30 bar | H2/CO2 4 | 12 NL/g/h,10.1021/acscatal.5b00682,2,False,0,"Cu/SiO2-AE [SI Figure S3(II), AE, 380 °C, WHSV 12 L/g/h]","Cu/SiO2-AE [SI Figure S3(II), AE, 380 °C, WHSV 12 L/g/h]",thermo,all,cost_f0.99
10.1021/acscatal.5b00682 | 30 bar | H2/CO2 4 | 16 NL/g/h,10.1021/acscatal.5b00682,8,True,0.191367,"Cu/SiO2-AE [Figure 1, 320 °C]","Cu/SiO2-AE [Figure 1, 260 °C]",thermo,all,cost_f0.99
10.1021/acscatal.5b00682 | 30 bar | H2/CO2 4 | 3 NL/g/h,10.1021/acscatal.5b00682,2,False,0,"Cu/SiO2-AE [SI Figure S3(II), AE, 380 °C, WHSV 3 L/g/h]","Cu/SiO2-AE [SI Figure S3(II), AE, 380 °C, WHSV 3 L/g/h]",thermo,all,cost_f0.99
10.1021/acscatal.5b00682 | 30 bar | H2/CO2 4 | 6 NL/g/h,10.1021/acscatal.5b00682,2,False,0,"Cu/SiO2-AE [SI Figure S3(II), AE, 380 °C, WHSV 6 L/g/h]","Cu/SiO2-AE [SI Figure S3(II), AE, 380 °C, WHSV 6 L/g/h]",thermo,all,cost_f0.99
10.1021/acscatal.5b00682 | 30 bar | H2/CO2 4 | 9 NL/g/h,10.1021/acscatal.5b00682,2,False,0,"Cu/SiO2-AE [SI Figure S3(II), AE, 380 °C, WHSV 9 L/g/h]","Cu/SiO2-AE [SI Figure S3(II), AE, 380 °C, WHSV 9 L/g/h]",thermo,all,cost_f0.99
10.1021/acscatal.5c05984 | 100 bar | H2/CO2 4 | 10 NL/g/h,10.1021/acscatal.5c05984,9,True,0.0360374,5 wt % Re/TiO2 [Table 4 row 11],1 wt % Re/TiO2 [Table 4 row 3],thermo,all,cost_f0.99
10.1021/acscatal.5c05984 | 100 bar | H2/CO2 4 | 20 NL/g/h,10.1021/acscatal.5c05984,2,False,0,5 wt % Re/TiO2 [Table 4 row 12],5 wt % Re/TiO2 [Table 4 row 12],thermo,all,cost_f0.99
10.1021/acscatal.5c05984 | 100 bar | H2/CO2 4 | 40 NL/g/h,10.1021/acscatal.5c05984,2,False,0,5 wt % Re/TiO2 [Table 4 row 14],5 wt % Re/TiO2 [Table 4 row 14],thermo,all,cost_f0.99
10.1021/acscatal.9b01869 | 50 bar | H2/CO2 0.25 | 24000 h-1,10.1021/acscatal.9b01869,3,False,0,"PM-800 [SI Figure S9a, PM-800, 290 °C]","PM-800 [SI Figure S9a, PM-800, 290 °C]",thermo,all,cost_f0.99
10.1021/acscatal.9b01869 | 50 bar | H2/CO2 4 | 24000 h-1,10.1021/acscatal.9b01869,16,False,0,"In2.5/ZrO2 [Fig 5, In2.5/ZrO2, 280 °C]","In2.5/ZrO2 [Fig 5, In2.5/ZrO2, 280 °C]",thermo,all,cost_f0.99
10.1021/acscatal.9b03305 | 50 bar | H2/CO2 4 | 24 NL/g/h,10.1021/acscatal.9b03305,12,False,0,"In2O3/m-ZrO2 [Figure 8/text, 5 wt % In2O3/m-ZrO2, 553 K]","In2O3/m-ZrO2 [Figure 8/text, 5 wt % In2O3/m-ZrO2, 553 K]",thermo,all,cost_f0.99
10.1021/cs500979c | 80 bar | H2/CO2 3 | 3600 h-1,10.1021/cs500979c,18,False,0,"Cu/ZrO2(III) [Table 6, Cu/ZrO2(III), 533 K]","Cu/ZrO2(III) [Table 6, Cu/ZrO2(III), 533 K]",thermo,all,cost_f0.99
10.1038/s41467-019-11349-9 | 50 bar | H2/CO2 4 | 48 NL/g/h,10.1038/s41467-019-11349-9,3,False,0,"Pd–In2O3 CP [Table 2 Pd–In2O3 CP, WHSV 48,000 initial]","Pd–In2O3 CP [Table 2 Pd–In2O3 CP, WHSV 48,000 initial]",thermo,all,cost_f0.99
10.1038/s41467-021-22224-x | 50 bar | H2/CO2 4 | 24 NL/g/h,10.1038/s41467-021-22224-x,11,False,0,"1Ni-In2O3 [Fig. 1b, 1Ni-In2O3 DI]","1Ni-In2O3 [Fig. 1b, 1Ni-In2O3 DI]",thermo,all,cost_f0.99
10.1039/c2cy20604h | 100 bar | H2/CO2 3.8 | 10.6 NL/g/h,10.1039/c2cy20604h,11,False,0,"Cu–Ba/Al2O3 [Fig 8, Cu-Ba/Al2O3, 473 K, 10 MPa]","Cu–Ba/Al2O3 [Fig 8, Cu-Ba/Al2O3, 473 K, 10 MPa]",thermo,all,cost_f0.99
10.1039/c2cy20604h | 100 bar | H2/CO2 3.8 | 4000 h-1,10.1039/c2cy20604h,4,False,0,"Cu–Ba/Al2O3 [SI Table 3, 553 K, 10 MPa]","Cu–Ba/Al2O3 [SI Table 3, 553 K, 10 MPa]",thermo,all,cost_f0.99
10.1039/c2cy20604h | 30 bar | H2/CO2 3.8 | 10.6 NL/g/h,10.1039/c2cy20604h,11,False,0,"Cu–Ba/Al2O3 [Fig 8, Cu-Ba/Al2O3, 473 K, 3 MPa]","Cu–Ba/Al2O3 [Fig 8, Cu-Ba/Al2O3, 473 K, 3 MPa]",thermo,all,cost_f0.99
10.1039/c2cy20604h | 30 bar | H2/CO2 3.8 | 4000 h-1,10.1039/c2cy20604h,4,False,0,"Cu–Ba/Al2O3 [SI Table 3, 503 K, 3 MPa]","Cu–Ba/Al2O3 [SI Table 3, 503 K, 3 MPa]",thermo,all,cost_f0.99
10.1039/c2cy20604h | 360 bar | H2/CO2 3.8 | 10.6 NL/g/h,10.1039/c2cy20604h,11,True,0.00599858,"Cu/Al2O3 [Fig 5/Fig 6, Cu/Al2O3, 473 K, 36 MPa]","Cu/Al2O3 [Fig 5/Fig 6, Cu/Al2O3, 503 K, 36 MPa]",thermo,all,cost_f0.99
10.1039/c2cy20604h | 360 bar | H2/CO2 3.8 | 4000 h-1,10.1039/c2cy20604h,4,False,0,"Cu–Ba/Al2O3 [SI Table 3, 503 K, 36 MPa]","Cu–Ba/Al2O3 [SI Table 3, 503 K, 36 MPa]",thermo,all,cost_f0.99
10.1039/c2cy20604h | 4 bar | H2/CO2 3.8 | 10.6 NL/g/h,10.1039/c2cy20604h,11,True,0.0032936,"Cu–Ba/Al2O3 [Fig 8, Cu-Ba/Al2O3, 473 K, 0.40 MPa]","Cu–K/Al2O3 [Fig 7, Cu-K/Al2O3, 443 K, 0.40 MPa]",thermo,all,cost_f0.99
10.1039/c2cy20604h | 4 bar | H2/CO2 3.8 | 4000 h-1,10.1039/c2cy20604h,4,True,0.513393,"Cu–Ba/Al2O3 [SI Table 3, 533 K, 0.4 MPa]","Cu–Ba/Al2O3 [SI Table 3, 443 K, 0.4 MPa]",thermo,all,cost_f0.99
10.1039/c4cy00848k | 7 bar | H2/CO2 9 | 2 NL/g/h,10.1039/c4cy00848k,6,False,0,Cu(15)ZnO [SI Fig S7/S8 Cu(15)ZnO point 1],Cu(15)ZnO [SI Fig S7/S8 Cu(15)ZnO point 1],thermo,all,cost_f0.99
10.1039/c4cy00848k | 7 bar | H2/CO2 9 | 4 NL/g/h,10.1039/c4cy00848k,6,False,0,"Cu(15)ZnO [Table 3, Cu(15)ZnO at 180 °C]","Cu(15)ZnO [Table 3, Cu(15)ZnO at 180 °C]",thermo,all,cost_f0.99
10.1039/c5cy00372e | 10 bar | H2/CO2 3.04 | 10 NL/g/h,10.1039/c5cy00372e,3,False,0,"CHT-Y0.1 [Fig. 8 CHT-Y0.1, 1 MPa]","CHT-Y0.1 [Fig. 8 CHT-Y0.1, 1 MPa]",thermo,all,cost_f0.99
10.1039/c5cy00372e | 3 bar | H2/CO2 3.04 | 10 NL/g/h,10.1039/c5cy00372e,3,False,0,"CHT-Y0.1 [Fig. 8 CHT-Y0.1, 0.3 MPa]","CHT-Y0.1 [Fig. 8 CHT-Y0.1, 0.3 MPa]",thermo,all,cost_f0.99
10.1039/c5cy00372e | 30 bar | H2/CO2 3.04 | 10 NL/g/h,10.1039/c5cy00372e,3,False,0,"CHT-Y0.1 [Fig. 8 CHT-Y0.1, 3 MPa]","CHT-Y0.1 [Fig. 8 CHT-Y0.1, 3 MPa]",thermo,all,cost_f0.99
10.1039/c5cy00372e | 50 bar | H2/CO2 3.04 | 10 NL/g/h,10.1039/c5cy00372e,5,False,0,CHT-Y0.1 [Table 6 row CHT-Y0.1],CHT-Y0.1 [Table 6 row CHT-Y0.1],thermo,all,cost_f0.99
10.1039/c5cy00372e | 70 bar | H2/CO2 3.04 | 10 NL/g/h,10.1039/c5cy00372e,3,False,0,"CHT-Y0.1 [Fig. 8 CHT-Y0.1, 7 MPa]","CHT-Y0.1 [Fig. 8 CHT-Y0.1, 7 MPa]",thermo,all,cost_f0.99
10.1039/c5cy00372e | 90 bar | H2/CO2 3.04 | 10 NL/g/h,10.1039/c5cy00372e,3,False,0,"CHT-Y0.1 [Fig. 8/text CHT-Y0.1, 9.0 MPa]","CHT-Y0.1 [Fig. 8/text CHT-Y0.1, 9.0 MPa]",thermo,all,cost_f0.99
10.1039/c5ra04774a | 30 bar | H2/CO2 3 | 3.6 NL/g/h,10.1039/c5ra04774a,24,True,0.00967964,"CZ/CNTs-3 [Table 1 row 9 / Fig. 1, 260 °C]","CZ/CNTs-1 [Table 1 row 7 / Fig. 1, 260 °C]",thermo,all,cost_f0.99
10.1039/c6ra28305e | 30 bar | H2/CO2 3 | 3600 h-1,10.1039/c6ra28305e,4,False,0,"CZ-450 [Table 2, CZ-450]","CZ-450 [Table 2, CZ-450]",thermo,all,cost_f0.99
10.1039/d0gc01597k | 50 bar | H2/CO2 4 | 21 NL/g/h,10.1039/d0gc01597k,10,True,0.0168466,"Pt/In2O3 [Fig. 1a,b/text, Pt/In2O3, 300 °C]","Pt/In2O3 [Fig. 1a,b, Pt/In2O3, 250 °C]",thermo,all,cost_f0.99
10.1126/sciadv.1701290 | 20 bar | H2/CO2 3 | 24 NL/g/h,10.1126/sciadv.1701290,10,True,0.24733,"13% ZnO-ZrO2 [SI Figure S2, p=2 MPa]","13% ZnO-ZrO2 [SI Figure S17A, 240 °C]",thermo,all,cost_f0.99
10.1126/sciadv.1701290 | 50 bar | H2/CO2 3 | 24 NL/g/h,10.1126/sciadv.1701290,24,True,0.0416186,"13% ZnO-ZrO2 [SI Figure S2, p=5 MPa]","13% ZnO-ZrO2 [Figure 1B, H2/CO2=3:1, 260°C]",thermo,all,cost_f0.99
10.1126/sciadv.1701290 | 50 bar | H2/CO2 4 | 24 NL/g/h,10.1126/sciadv.1701290,11,True,0.0598771,"13% ZnO-ZrO2 [Figure 1B, H2/CO2=4:1, 340°C]","13% ZnO-ZrO2 [Figure 1B, H2/CO2=4:1, 280°C]",thermo,all,cost_f0.99
10.1126/sciadv.aaz2060 | 50 bar | H2/CO2 3 | 9 NL/g/h,10.1126/sciadv.aaz2060,2,False,0,"c–In2O3-S [Fig. 5A, c–In2O3-S, standard conditions, 44 h]","c–In2O3-S [Fig. 5A, c–In2O3-S, standard conditions, 44 h]",thermo,all,cost_f0.99
10.1126/sciadv.aaz2060 | 50 bar | H2/CO2 3.04 | 9 NL/g/h,10.1126/sciadv.aaz2060,18,True,0.163138,"h–In2O3-R [Fig. 5B/C, h–In2O3-R, 360°C, standard feed]","c–In2O3-S [Fig. 5B/C, c–In2O3-S, 240°C, standard feed]",thermo,all,cost_f0.99
10.1126/sciadv.abi6012 | 40 bar | H2/CO2 3 | 12 NL/g/h,10.1126/sciadv.abi6012,18,True,0.0284145,"InNi3C0.5/Fe3O4 [Figure 5E, InNi3C0.5/Fe3O4, last point]","InNi3C0.5/Fe3O4 [Figure 5E, InNi3C0.5/Fe3O4, first point]",thermo,all,cost_f0.99
10.1126/sciadv.abi6012 | 40 bar | H2/CO2 3 | 24 NL/g/h,10.1126/sciadv.abi6012,4,False,0,"InNi3C0.5/m-ZrO2 [Fig. 2B, InNi3C0.5/m-ZrO2, 24000 ml gcat-1 hour-1]","InNi3C0.5/m-ZrO2 [Fig. 2B, InNi3C0.5/m-ZrO2, 24000 ml gcat-1 hour-1]",thermo,all,cost_f0.99
10.1126/sciadv.abi6012 | 40 bar | H2/CO2 4 | 12 NL/g/h,10.1126/sciadv.abi6012,5,True,0.162433,"InNi3C0.5/m-ZrO2 [SI Figure S5A, H2/CO2=4/1, 350 °C]","InNi3C0.5/m-ZrO2 [SI Figure S5A, H2/CO2=4/1, 250 °C]",thermo,all,cost_f0.99
10.1126/sciadv.abi6012 | 40 bar | H2/CO2 5 | 12 NL/g/h,10.1126/sciadv.abi6012,5,True,0.145085,"InNi3C0.5/m-ZrO2 [SI Figure S5A, H2/CO2=5/1, 350 °C]","InNi3C0.5/m-ZrO2 [SI Figure S5A, H2/CO2=5/1, 250 °C]",thermo,all,cost_f0.99
10.1126/sciadv.abi6012 | 40 bar | H2/CO2 8 | 30 NL/g/h,10.1126/sciadv.abi6012,2,True,0.000191829,"InNi3C0.5/Fe3O4 [Text/Table S7, InNi3C0.5/Fe3O4, 325C, 4.0 MPa, H2/CO2 8:1, GHSV 30000]","CuZnAl [SI Table S7 row CuZnAl, 325 °C]",thermo,all,cost_f0.99
10.1002/anie.201600943 | 50 bar | H2/CO2 4 | 26 NL/g/h,10.1002/anie.201600943,2,False,0,"In2O3 [Figure 1a, In2O3, 573 K]","In2O3 [Figure 1a, In2O3, 573 K]",thermo,all,cost_two_sided
10.1002/anie.202401168 | 30 bar | H2/CO2 3 | 9 NL/g/h,10.1002/anie.202401168,44,True,0.0422762,"Ir1Pd1-In2O3(CP-PD) [SI Figure S29, t=10 h, 275 °C]","Ir1Pd1-In2O3(CP-PD) [Text page 9, Ir1Pd1-In2O3(CP-PD), 200 °C]",thermo,all,cost_two_sided
10.1002/cctc.202000974 | 20 bar | H2/CO2 3 | 3.6 NL/g/h,10.1002/cctc.202000974,29,True,0.00881952,"physical mixture of Pd/ZnO and TiO2 [Text, physical mixture Pd/ZnO and TiO2, 250°C]","PdZn/ZnTiO3 [Table 1 row 5, 225°C]",thermo,all,cost_two_sided
10.1002/ente.201800747 | 40 bar | H2/CO2 3 | 21.6 NL/g/h,10.1002/ente.201800747,32,True,0.103893,"Cat-4.5 [Figure 5a left; Cat-4.5 at 325 °C, last point]","Cat-4.5 [SI Table S1, Cat-4.5, 250 °C]",thermo,all,cost_two_sided
10.1016/j.apcata.2018.04.036 | 30 bar | H2/CO2 3 | 2.4 NL/g/h,10.1016/j.apcata.2018.04.036,13,True,0.00533548,"0.5Ca5P5ZC [Fig 10a,b, 0.5Ca5P5ZC, 250 °C]","0.5Ca5P5ZC [Fig 10a,b/text, 0.5Ca5P5ZC, 230 °C, 30 bar]",thermo,all,cost_two_sided
10.1016/j.apcata.2019.117144 | 40 bar | H2/CO2 4 | 52 NL/g/h,10.1016/j.apcata.2019.117144,20,True,0.0158634,"In2O3/ZrO2 [Fig. 5/Table 1, 573 K, In2O3/ZrO2]","In2O3/ZrO2 [Fig. 5, 543 K, In2O3/ZrO2]",thermo,all,cost_two_sided
10.1016/j.apcatb.2017.06.069 | 50 bar | H2/CO2 4 | 21 NL/g/h,10.1016/j.apcatb.2017.06.069,15,True,0.0177331,"Pd-P/In2O3 [Text/Fig. 1, Pd-P/In2O3, 300 °C, 5 MPa]","Pd-P/In2O3 [Figure 1a,b, 250 °C, Pd-P/In2O3]",thermo,all,cost_two_sided
10.1016/j.apcatb.2019.118367 | 30 bar | H2/CO2 3 | 6 NL/g/h,10.1016/j.apcatb.2019.118367,9,True,0.00923763,"Pd/ZnO-3.93Al [Fig. 4, Pd/ZnO-3.93Al]","Pd/ZnO [Fig. 4, Pd/ZnO]",thermo,all,cost_two_sided
10.1016/j.cattod.2019.05.040 | 10 bar | H2/CO2 3 | 2.4 NL/g/h,10.1016/j.cattod.2019.05.040,2,False,0,"0.5Ca5P5ZZr-IMP [Figure 7d-e, 0.5Ca5P5ZZr-IMP at 250 °C and 10 bar]","0.5Ca5P5ZZr-IMP [Figure 7d-e, 0.5Ca5P5ZZr-IMP at 250 °C and 10 bar]",thermo,all,cost_two_sided
10.1016/j.cattod.2019.05.040 | 20 bar | H2/CO2 3 | 2.4 NL/g/h,10.1016/j.cattod.2019.05.040,2,False,0,"0.5Ca5P5ZZr-IMP [Figure 7d-e, 0.5Ca5P5ZZr-IMP at 250 °C and 20 bar]","0.5Ca5P5ZZr-IMP [Figure 7d-e, 0.5Ca5P5ZZr-IMP at 250 °C and 20 bar]",thermo,all,cost_two_sided
10.1016/j.cattod.2019.05.040 | 30 bar | H2/CO2 3 | 2.4 NL/g/h,10.1016/j.cattod.2019.05.040,13,True,0.0115717,"0.5Ca5P5ZZr-IMP [Figure 7a-c, 0.5Ca5P5ZZr-IMP at 270 °C]","0.5Ca5P5ZZr-IMP [Table 3, 0.5Ca5P5ZZr-IMP at 230 °C]",thermo,all,cost_two_sided
10.1016/j.cattod.2020.05.049 | 41 bar | H2/CO2 3 | 3.6 NL/g/h,10.1016/j.cattod.2020.05.049,12,False,0,Pd-Cu/Ti0.1Zr0.9O2 [Table 1 row 9],Pd-Cu/Ti0.1Zr0.9O2 [Table 1 row 9],thermo,all,cost_two_sided
10.1016/j.cej.2022.135090 | 40 bar | H2/CO2 3 | 6 NL/g/h,10.1016/j.cej.2022.135090,7,True,0.490365,"In2O3/HZSM-5 [Fig. 2/Fig. 7, In2O3/HZSM-5 = 2:1, 400 °C]","In2O3/HZSM-5 [Fig. 2/Fig. 7, In2O3/HZSM-5 = 2:1, 320 °C]",thermo,all,cost_two_sided
10.1016/j.cej.2024.149370 | 50 bar | H2/CO2 4 | 21 NL/g/h,10.1016/j.cej.2024.149370,25,True,0.0195911,"Pd-Pt/In2O3 [Fig. 1a,b/text, Pd-Pt/In2O3, 300 °C]","Pd-Pt/In2O3 [Fig. 1a,b, Pd-Pt/In2O3, 240 °C]",thermo,all,cost_two_sided
10.1016/j.fuel.2022.125878 | 30 bar | H2/CO2 3 | 12000 h-1,10.1016/j.fuel.2022.125878,17,True,0.0401756,"In13/ZrO2 [Fig. 9/text, In13/ZrO2, 573 K]","In13/ZrO2 [Figure 9, 533 K]",thermo,all,cost_two_sided
10.1016/j.fuel.2023.127927 | 20 bar | H2/CO2 3 | 2.4 NL/g/h,10.1016/j.fuel.2023.127927,20,True,0.0072698,"0.5Ca-PZC [Table 1, 0.5Ca-PZC]","0.7Ca-PZC [Figure 6A, 220 °C, 0.7Ca-PZC]",thermo,all,cost_two_sided
10.1016/j.fuel.2023.128376 | 50 bar | H2/CO2 4 | 24 NL/g/h,10.1016/j.fuel.2023.128376,17,True,0.0401391,"5.0% Zn-CdZrOx [Fig. 1/text, 5.0% Zn-CdZrOx, 320℃]","5.0% Zn-CdZrOx [Fig. 1/text, 5.0% Zn-CdZrOx, 280℃]",thermo,all,cost_two_sided
10.1016/j.fuel.2023.128376 | 50 bar | H2/CO2 4 | 24000 h-1,10.1016/j.fuel.2023.128376,18,True,0.0160297,"10.0% Zn-CdZrOx [SI Figure S1, 10.0% Zn-CdZrOx, 320 °C]","10.0% Zn-CdZrOx [SI Figure S1, 10.0% Zn-CdZrOx, 300 °C]",thermo,all,cost_two_sided
10.1016/j.fuel.2024.131111 | 40 bar | H2/CO2 5 | 12 NL/g/h,10.1016/j.fuel.2024.131111,20,True,0.00929945,"5InNi3C0.5/Fe3O4-400/425 [Fig. 6A, 260 °C]","5InNi3C0.5/Fe3O4-400/425 [Fig. 6A, 200 °C]",thermo,all,cost_two_sided
10.1016/j.fuel.2024.131111 | 40 bar | H2/CO2 5 | 18 NL/g/h,10.1016/j.fuel.2024.131111,2,False,0,"5InNi3C0.5/Fe3O4-400/425 [Fig. 6B, H2/CO2 = 5/1]","5InNi3C0.5/Fe3O4-400/425 [Fig. 6B, H2/CO2 = 5/1]",thermo,all,cost_two_sided
10.1016/j.fuel.2024.131111 | 60 bar | H2/CO2 10 | 116 NL/g/h,10.1016/j.fuel.2024.131111,2,False,0,"5InNi3C0.5/Fe3O4-400/425 [Fig. 7A stability, 120 h]","5InNi3C0.5/Fe3O4-400/425 [Fig. 7A stability, 120 h]",thermo,all,cost_two_sided
10.1016/j.jcat.2012.05.020 | 30 bar | H2/CO2 3 | 13.4 NL/g/h,10.1016/j.jcat.2012.05.020,3,False,0,"PdMgGa [Table 2, PdMgGa]","PdMgGa [Table 2, PdMgGa]",thermo,all,cost_two_sided
10.1016/j.jcat.2016.03.017 | 20 bar | H2/CO2 3 | 3.6 NL/g/h,10.1016/j.jcat.2016.03.017,26,False,0,"5% Pd/ZnO SI [Figure 9b, first point]","5% Pd/ZnO SI [Figure 9b, first point]",thermo,all,cost_two_sided
10.1016/j.jcou.2016.11.015 | 40 bar | H2/CO2 3.04 | 1.5 NL/g/h,10.1016/j.jcou.2016.11.015,10,False,0,"CZA-5 [Text, 513 K, 55.3 wt.% catalyst]","CZA-5 [Text, 513 K, 55.3 wt.% catalyst]",thermo,all,cost_two_sided
10.1016/j.jcou.2022.102209 | 40 bar | H2/CO2 3 | 24 NL/g/h,10.1016/j.jcou.2022.102209,35,True,0.0926805,"CoIn-73-BP-1 [SI Fig. S2, CoIn-73-BP-1, 285 °C]","CoIn-64-BP-1 [SI Fig. S2, CoIn-64-BP-1, 240 °C]",thermo,all,cost_two_sided
10.1016/j.jes.2023.05.010 | 30 bar | H2/CO2 4 | 18 NL/g/h,10.1016/j.jes.2023.05.010,15,True,0.0264184,"Au/In2O3-NS [Fig. 6a,b and text, Au/In2O3-NS, 300°C]","Au/In2O3-NS [Fig. 6a,b, Au/In2O3-NS, 250°C]",thermo,all,cost_two_sided
10.1016/j.jes.2023.05.010 | 30 bar | H2/CO2 4 | 18000 h-1,10.1016/j.jes.2023.05.010,15,True,0.0218983,In2O3-NS [SI Table S5 row In2O3-NS],"In2O3-NS [SI Figure S4a,b, In2O3-NS, 250 °C]",thermo,all,cost_two_sided
10.1016/j.mcat.2020.111105 | 30 bar | H2/CO2 3 | 10000 h-1,10.1016/j.mcat.2020.111105,36,True,0.14614,"35-CuO [Fig. 7/Table 2, 35-CuO, 280 °C]","35-CuO [Fig. 7, 35-CuO, 260 °C]",thermo,all,cost_two_sided
10.1021/acs.iecr.7b01464 | 20 bar | H2/CO2 3.03 | 0.873 NL/g/h,10.1021/acs.iecr.7b01464,3,False,0,"CZA400 [Fig 7, CZA400, 2 MPa, internal cooling]","CZA400 [Fig 7, CZA400, 2 MPa, internal cooling]",thermo,all,cost_two_sided
10.1021/acs.iecr.7b01464 | 30 bar | H2/CO2 3.03 | 0.873 NL/g/h,10.1021/acs.iecr.7b01464,15,True,0.013812,"CZA400 [Text/Fig 6, CZA400, 260 °C, internal cooling]","CZA400 [Text/Fig 6, CZA400, 220 °C, internal cooling]",thermo,all,cost_two_sided
10.1021/acs.iecr.7b01464 | 40 bar | H2/CO2 3.03 | 0.873 NL/g/h,10.1021/acs.iecr.7b01464,3,False,0,"CZA400 [Text/Fig 7, CZA400, 4 MPa, internal cooling]","CZA400 [Text/Fig 7, CZA400, 4 MPa, internal cooling]",thermo,all,cost_two_sided
10.1021/acsaem.1c01502 | 50 bar | H2/CO2 3 | 30 NL/g/h,10.1021/acsaem.1c01502,15,True,0.0373065,"CP-Pd/ZnZr [Figure 1, CP-Pd/ZnZr, 340 °C]","CP-Pd/ZnZr [Figure 1/text, CP-Pd/ZnZr, 320 °C]",thermo,all,cost_two_sided
10.1021/acsami.1c05586 | 30 bar | H2/CO2 3 | 7.2 NL/g/h,10.1021/acsami.1c05586,36,True,0.0444969,"0.92In-4.6Cu/CeO2 [Table 6/Fig 7, 0.92In-4.6Cu/CeO2, 290 °C]","0.92In-4.6Cu/CeO2 [Table 6/Fig 7, 0.92In-4.6Cu/CeO2, 210 °C]",thermo,all,cost_two_sided
10.1021/acscatal.0c03324 | 30 bar | H2/CO2 3 | 10 NL/g/h,10.1021/acscatal.0c03324,2,True,0.0248322,"2Pd/CeO2-O [SI Fig S7, O GHSV 10]",2Pd/CeO2-R [Figure 10c; 2Pd/CeO2-R; GHSV 10 L gcat−1 h−1],thermo,all,cost_two_sided
10.1021/acscatal.0c03324 | 30 bar | H2/CO2 3 | 14 NL/g/h,10.1021/acscatal.0c03324,2,True,0.038749,"2Pd/CeO2-O [SI Fig S7, O GHSV 14]",2Pd/CeO2-R [Figure 10c; 2Pd/CeO2-R; GHSV 14 L gcat−1 h−1],thermo,all,cost_two_sided
10.1021/acscatal.0c03324 | 30 bar | H2/CO2 3 | 18 NL/g/h,10.1021/acscatal.0c03324,2,False,0,"2Pd/CeO2-O [SI Fig S7, O GHSV 18]","2Pd/CeO2-O [SI Fig S7, O GHSV 18]",thermo,all,cost_two_sided
10.1021/acscatal.0c03324 | 30 bar | H2/CO2 3 | 2 NL/g/h,10.1021/acscatal.0c03324,6,True,0.032437,2Pd/CeO2-R [Figure 10a; 2Pd/CeO2-R; 280 °C],2Pd/CeO2-R [Table 3 row 1; standard conditions],thermo,all,cost_two_sided
10.1021/acscatal.0c03324 | 30 bar | H2/CO2 3 | 6 NL/g/h,10.1021/acscatal.0c03324,4,True,0.0234188,"2Pd/CeO2-O [SI Fig S7, O GHSV 6]",2Pd/CeO2-R [Text section 3.5; stability test at 100 h],thermo,all,cost_two_sided
10.1021/acscatal.0c05628 | 50 bar | H2/CO2 4 | 21 NL/g/h,10.1021/acscatal.0c05628,20,True,0.0209871,"Ir/In2O3-10 [Text/Figure 1, Ir/In2O3-10, 300 °C]","Ir/In2O3-10 [Text/Figure 1a, Ir/In2O3-10, 250 °C]",thermo,all,cost_two_sided
10.1021/acscatal.1c03170 | 30 bar | H2/CO2 3 | 60 NL/g/h,10.1021/acscatal.1c03170,14,False,0,"NiO(6)−In2O3 [Fig 4a,b, NiO content 6 wt%]","NiO(6)−In2O3 [Fig 4a,b, NiO content 6 wt%]",thermo,all,cost_two_sided
10.1021/acscatal.5b00682 | 30 bar | H2/CO2 4 | 12 NL/g/h,10.1021/acscatal.5b00682,2,False,0,"Cu/SiO2-AE [SI Figure S3(II), AE, 380 °C, WHSV 12 L/g/h]","Cu/SiO2-AE [SI Figure S3(II), AE, 380 °C, WHSV 12 L/g/h]",thermo,all,cost_two_sided
10.1021/acscatal.5b00682 | 30 bar | H2/CO2 4 | 16 NL/g/h,10.1021/acscatal.5b00682,8,True,0.191367,"Cu/SiO2-AE [Figure 1, 320 °C]","Cu/SiO2-AE [Figure 1, 260 °C]",thermo,all,cost_two_sided
10.1021/acscatal.5b00682 | 30 bar | H2/CO2 4 | 3 NL/g/h,10.1021/acscatal.5b00682,2,False,0,"Cu/SiO2-AE [SI Figure S3(II), AE, 380 °C, WHSV 3 L/g/h]","Cu/SiO2-AE [SI Figure S3(II), AE, 380 °C, WHSV 3 L/g/h]",thermo,all,cost_two_sided
10.1021/acscatal.5b00682 | 30 bar | H2/CO2 4 | 6 NL/g/h,10.1021/acscatal.5b00682,2,False,0,"Cu/SiO2-AE [SI Figure S3(II), AE, 380 °C, WHSV 6 L/g/h]","Cu/SiO2-AE [SI Figure S3(II), AE, 380 °C, WHSV 6 L/g/h]",thermo,all,cost_two_sided
10.1021/acscatal.5b00682 | 30 bar | H2/CO2 4 | 9 NL/g/h,10.1021/acscatal.5b00682,2,False,0,"Cu/SiO2-AE [SI Figure S3(II), AE, 380 °C, WHSV 9 L/g/h]","Cu/SiO2-AE [SI Figure S3(II), AE, 380 °C, WHSV 9 L/g/h]",thermo,all,cost_two_sided
10.1021/acscatal.5c05984 | 100 bar | H2/CO2 4 | 10 NL/g/h,10.1021/acscatal.5c05984,9,True,0.0360374,5 wt % Re/TiO2 [Table 4 row 11],1 wt % Re/TiO2 [Table 4 row 3],thermo,all,cost_two_sided
10.1021/acscatal.5c05984 | 100 bar | H2/CO2 4 | 20 NL/g/h,10.1021/acscatal.5c05984,2,False,0,5 wt % Re/TiO2 [Table 4 row 12],5 wt % Re/TiO2 [Table 4 row 12],thermo,all,cost_two_sided
10.1021/acscatal.5c05984 | 100 bar | H2/CO2 4 | 40 NL/g/h,10.1021/acscatal.5c05984,2,False,0,5 wt % Re/TiO2 [Table 4 row 14],5 wt % Re/TiO2 [Table 4 row 14],thermo,all,cost_two_sided
10.1021/acscatal.9b01869 | 50 bar | H2/CO2 0.25 | 24000 h-1,10.1021/acscatal.9b01869,3,False,0,"PM-800 [SI Figure S9a, PM-800, 290 °C]","PM-800 [SI Figure S9a, PM-800, 290 °C]",thermo,all,cost_two_sided
10.1021/acscatal.9b01869 | 50 bar | H2/CO2 4 | 24000 h-1,10.1021/acscatal.9b01869,16,False,0,"In2.5/ZrO2 [Fig 5, In2.5/ZrO2, 280 °C]","In2.5/ZrO2 [Fig 5, In2.5/ZrO2, 280 °C]",thermo,all,cost_two_sided
10.1021/acscatal.9b03305 | 50 bar | H2/CO2 4 | 24 NL/g/h,10.1021/acscatal.9b03305,12,False,0,"In2O3/m-ZrO2 [Figure 8/text, 5 wt % In2O3/m-ZrO2, 553 K]","In2O3/m-ZrO2 [Figure 8/text, 5 wt % In2O3/m-ZrO2, 553 K]",thermo,all,cost_two_sided
10.1021/cs500979c | 80 bar | H2/CO2 3 | 3600 h-1,10.1021/cs500979c,18,False,0,"Cu/ZrO2(III) [Table 6, Cu/ZrO2(III), 533 K]","Cu/ZrO2(III) [Table 6, Cu/ZrO2(III), 533 K]",thermo,all,cost_two_sided
10.1038/s41467-019-11349-9 | 50 bar | H2/CO2 4 | 48 NL/g/h,10.1038/s41467-019-11349-9,3,False,0,"Pd–In2O3 CP [Table 2 Pd–In2O3 CP, WHSV 48,000 initial]","Pd–In2O3 CP [Table 2 Pd–In2O3 CP, WHSV 48,000 initial]",thermo,all,cost_two_sided
10.1038/s41467-021-22224-x | 50 bar | H2/CO2 4 | 24 NL/g/h,10.1038/s41467-021-22224-x,11,False,0,"1Ni-In2O3 [Fig. 1b, 1Ni-In2O3 DI]","1Ni-In2O3 [Fig. 1b, 1Ni-In2O3 DI]",thermo,all,cost_two_sided
10.1039/c2cy20604h | 100 bar | H2/CO2 3.8 | 10.6 NL/g/h,10.1039/c2cy20604h,11,False,0,"Cu–Ba/Al2O3 [Fig 8, Cu-Ba/Al2O3, 473 K, 10 MPa]","Cu–Ba/Al2O3 [Fig 8, Cu-Ba/Al2O3, 473 K, 10 MPa]",thermo,all,cost_two_sided
10.1039/c2cy20604h | 100 bar | H2/CO2 3.8 | 4000 h-1,10.1039/c2cy20604h,4,False,0,"Cu–Ba/Al2O3 [SI Table 3, 553 K, 10 MPa]","Cu–Ba/Al2O3 [SI Table 3, 553 K, 10 MPa]",thermo,all,cost_two_sided
10.1039/c2cy20604h | 30 bar | H2/CO2 3.8 | 10.6 NL/g/h,10.1039/c2cy20604h,11,False,0,"Cu–Ba/Al2O3 [Fig 8, Cu-Ba/Al2O3, 473 K, 3 MPa]","Cu–Ba/Al2O3 [Fig 8, Cu-Ba/Al2O3, 473 K, 3 MPa]",thermo,all,cost_two_sided
10.1039/c2cy20604h | 30 bar | H2/CO2 3.8 | 4000 h-1,10.1039/c2cy20604h,4,False,0,"Cu–Ba/Al2O3 [SI Table 3, 503 K, 3 MPa]","Cu–Ba/Al2O3 [SI Table 3, 503 K, 3 MPa]",thermo,all,cost_two_sided
10.1039/c2cy20604h | 360 bar | H2/CO2 3.8 | 10.6 NL/g/h,10.1039/c2cy20604h,11,True,0.00599858,"Cu/Al2O3 [Fig 5/Fig 6, Cu/Al2O3, 473 K, 36 MPa]","Cu/Al2O3 [Fig 5/Fig 6, Cu/Al2O3, 503 K, 36 MPa]",thermo,all,cost_two_sided
10.1039/c2cy20604h | 360 bar | H2/CO2 3.8 | 4000 h-1,10.1039/c2cy20604h,4,False,0,"Cu–Ba/Al2O3 [SI Table 3, 503 K, 36 MPa]","Cu–Ba/Al2O3 [SI Table 3, 503 K, 36 MPa]",thermo,all,cost_two_sided
10.1039/c2cy20604h | 4 bar | H2/CO2 3.8 | 10.6 NL/g/h,10.1039/c2cy20604h,11,True,0.0032936,"Cu–Ba/Al2O3 [Fig 8, Cu-Ba/Al2O3, 473 K, 0.40 MPa]","Cu–K/Al2O3 [Fig 7, Cu-K/Al2O3, 443 K, 0.40 MPa]",thermo,all,cost_two_sided
10.1039/c2cy20604h | 4 bar | H2/CO2 3.8 | 4000 h-1,10.1039/c2cy20604h,4,True,0.513393,"Cu–Ba/Al2O3 [SI Table 3, 533 K, 0.4 MPa]","Cu–Ba/Al2O3 [SI Table 3, 443 K, 0.4 MPa]",thermo,all,cost_two_sided
10.1039/c4cy00848k | 7 bar | H2/CO2 9 | 2 NL/g/h,10.1039/c4cy00848k,6,False,0,Cu(15)ZnO [SI Fig S7/S8 Cu(15)ZnO point 1],Cu(15)ZnO [SI Fig S7/S8 Cu(15)ZnO point 1],thermo,all,cost_two_sided
10.1039/c4cy00848k | 7 bar | H2/CO2 9 | 4 NL/g/h,10.1039/c4cy00848k,6,False,0,"Cu(15)ZnO [Table 3, Cu(15)ZnO at 180 °C]","Cu(15)ZnO [Table 3, Cu(15)ZnO at 180 °C]",thermo,all,cost_two_sided
10.1039/c5cy00372e | 10 bar | H2/CO2 3.04 | 10 NL/g/h,10.1039/c5cy00372e,3,False,0,"CHT-Y0.1 [Fig. 8 CHT-Y0.1, 1 MPa]","CHT-Y0.1 [Fig. 8 CHT-Y0.1, 1 MPa]",thermo,all,cost_two_sided
10.1039/c5cy00372e | 3 bar | H2/CO2 3.04 | 10 NL/g/h,10.1039/c5cy00372e,3,False,0,"CHT-Y0.1 [Fig. 8 CHT-Y0.1, 0.3 MPa]","CHT-Y0.1 [Fig. 8 CHT-Y0.1, 0.3 MPa]",thermo,all,cost_two_sided
10.1039/c5cy00372e | 30 bar | H2/CO2 3.04 | 10 NL/g/h,10.1039/c5cy00372e,3,False,0,"CHT-Y0.1 [Fig. 8 CHT-Y0.1, 3 MPa]","CHT-Y0.1 [Fig. 8 CHT-Y0.1, 3 MPa]",thermo,all,cost_two_sided
10.1039/c5cy00372e | 50 bar | H2/CO2 3.04 | 10 NL/g/h,10.1039/c5cy00372e,5,False,0,CHT-Y0.1 [Table 6 row CHT-Y0.1],CHT-Y0.1 [Table 6 row CHT-Y0.1],thermo,all,cost_two_sided
10.1039/c5cy00372e | 70 bar | H2/CO2 3.04 | 10 NL/g/h,10.1039/c5cy00372e,3,False,0,"CHT-Y0.1 [Fig. 8 CHT-Y0.1, 7 MPa]","CHT-Y0.1 [Fig. 8 CHT-Y0.1, 7 MPa]",thermo,all,cost_two_sided
10.1039/c5cy00372e | 90 bar | H2/CO2 3.04 | 10 NL/g/h,10.1039/c5cy00372e,3,False,0,"CHT-Y0.1 [Fig. 8/text CHT-Y0.1, 9.0 MPa]","CHT-Y0.1 [Fig. 8/text CHT-Y0.1, 9.0 MPa]",thermo,all,cost_two_sided
10.1039/c5ra04774a | 30 bar | H2/CO2 3 | 3.6 NL/g/h,10.1039/c5ra04774a,24,True,0.00967964,"CZ/CNTs-3 [Table 1 row 9 / Fig. 1, 260 °C]","CZ/CNTs-1 [Table 1 row 7 / Fig. 1, 260 °C]",thermo,all,cost_two_sided
10.1039/c6ra28305e | 30 bar | H2/CO2 3 | 3600 h-1,10.1039/c6ra28305e,4,False,0,"CZ-450 [Table 2, CZ-450]","CZ-450 [Table 2, CZ-450]",thermo,all,cost_two_sided
10.1039/d0gc01597k | 50 bar | H2/CO2 4 | 21 NL/g/h,10.1039/d0gc01597k,10,True,0.0168466,"Pt/In2O3 [Fig. 1a,b/text, Pt/In2O3, 300 °C]","Pt/In2O3 [Fig. 1a,b, Pt/In2O3, 250 °C]",thermo,all,cost_two_sided
10.1126/sciadv.1701290 | 20 bar | H2/CO2 3 | 24 NL/g/h,10.1126/sciadv.1701290,10,True,0.24733,"13% ZnO-ZrO2 [SI Figure S2, p=2 MPa]","13% ZnO-ZrO2 [SI Figure S17A, 240 °C]",thermo,all,cost_two_sided
10.1126/sciadv.1701290 | 50 bar | H2/CO2 3 | 24 NL/g/h,10.1126/sciadv.1701290,24,True,0.0416186,"13% ZnO-ZrO2 [SI Figure S2, p=5 MPa]","13% ZnO-ZrO2 [Figure 1B, H2/CO2=3:1, 260°C]",thermo,all,cost_two_sided
10.1126/sciadv.1701290 | 50 bar | H2/CO2 4 | 24 NL/g/h,10.1126/sciadv.1701290,11,True,0.0598771,"13% ZnO-ZrO2 [Figure 1B, H2/CO2=4:1, 340°C]","13% ZnO-ZrO2 [Figure 1B, H2/CO2=4:1, 280°C]",thermo,all,cost_two_sided
10.1126/sciadv.aaz2060 | 50 bar | H2/CO2 3 | 9 NL/g/h,10.1126/sciadv.aaz2060,2,False,0,"c–In2O3-S [Fig. 5A, c–In2O3-S, standard conditions, 44 h]","c–In2O3-S [Fig. 5A, c–In2O3-S, standard conditions, 44 h]",thermo,all,cost_two_sided
10.1126/sciadv.aaz2060 | 50 bar | H2/CO2 3.04 | 9 NL/g/h,10.1126/sciadv.aaz2060,18,True,0.163138,"h–In2O3-R [Fig. 5B/C, h–In2O3-R, 360°C, standard feed]","c–In2O3-S [Fig. 5B/C, c–In2O3-S, 240°C, standard feed]",thermo,all,cost_two_sided
10.1126/sciadv.abi6012 | 40 bar | H2/CO2 3 | 12 NL/g/h,10.1126/sciadv.abi6012,18,True,0.0284145,"InNi3C0.5/Fe3O4 [Figure 5E, InNi3C0.5/Fe3O4, last point]","InNi3C0.5/Fe3O4 [Figure 5E, InNi3C0.5/Fe3O4, first point]",thermo,all,cost_two_sided
10.1126/sciadv.abi6012 | 40 bar | H2/CO2 3 | 24 NL/g/h,10.1126/sciadv.abi6012,4,False,0,"InNi3C0.5/m-ZrO2 [Fig. 2B, InNi3C0.5/m-ZrO2, 24000 ml gcat-1 hour-1]","InNi3C0.5/m-ZrO2 [Fig. 2B, InNi3C0.5/m-ZrO2, 24000 ml gcat-1 hour-1]",thermo,all,cost_two_sided
10.1126/sciadv.abi6012 | 40 bar | H2/CO2 4 | 12 NL/g/h,10.1126/sciadv.abi6012,5,True,0.162433,"InNi3C0.5/m-ZrO2 [SI Figure S5A, H2/CO2=4/1, 350 °C]","InNi3C0.5/m-ZrO2 [SI Figure S5A, H2/CO2=4/1, 250 °C]",thermo,all,cost_two_sided
10.1126/sciadv.abi6012 | 40 bar | H2/CO2 5 | 12 NL/g/h,10.1126/sciadv.abi6012,5,True,0.145085,"InNi3C0.5/m-ZrO2 [SI Figure S5A, H2/CO2=5/1, 350 °C]","InNi3C0.5/m-ZrO2 [SI Figure S5A, H2/CO2=5/1, 250 °C]",thermo,all,cost_two_sided
10.1126/sciadv.abi6012 | 40 bar | H2/CO2 8 | 30 NL/g/h,10.1126/sciadv.abi6012,2,True,0.000191829,"InNi3C0.5/Fe3O4 [Text/Table S7, InNi3C0.5/Fe3O4, 325C, 4.0 MPa, H2/CO2 8:1, GHSV 30000]","CuZnAl [SI Table S7 row CuZnAl, 325 °C]",thermo,all,cost_two_sided
10.1002/anie.201600943 | 50 bar | H2/CO2 4 | 26 NL/g/h,10.1002/anie.201600943,2,False,0,"In2O3 [Figure 1a, In2O3, 573 K]","In2O3 [Figure 1a, In2O3, 573 K]",thermo,printed,lab
10.1002/cctc.202000974 | 20 bar | H2/CO2 3 | 3.6 NL/g/h,10.1002/cctc.202000974,29,False,0,"physical mixture of Pd/ZnO and TiO2 [Text, physical mixture Pd/ZnO and TiO2, 250°C]","physical mixture of Pd/ZnO and TiO2 [Text, physical mixture Pd/ZnO and TiO2, 250°C]",thermo,printed,lab
10.1002/ente.201800747 | 40 bar | H2/CO2 3 | 21.6 NL/g/h,10.1002/ente.201800747,30,False,0,"Cat-4.5 [Figure 4c/text, Cat-4.5 at 325 °C]","Cat-4.5 [Figure 4c/text, Cat-4.5 at 325 °C]",thermo,printed,lab
10.1016/j.apcata.2018.04.036 | 30 bar | H2/CO2 3 | 2.4 NL/g/h,10.1016/j.apcata.2018.04.036,4,False,0,"0.5Ca5P5ZC [Fig 10a,b/text, 0.5Ca5P5ZC, 270 °C]","0.5Ca5P5ZC [Fig 10a,b/text, 0.5Ca5P5ZC, 270 °C]",thermo,printed,lab
10.1016/j.apcatb.2017.06.069 | 50 bar | H2/CO2 4 | 21 NL/g/h,10.1016/j.apcatb.2017.06.069,2,False,0,"Pd-I/In2O3 [SI Table S2, Pd-I/In2O3 This work]","Pd-I/In2O3 [SI Table S2, Pd-I/In2O3 This work]",thermo,printed,lab
10.1016/j.cattod.2019.05.040 | 30 bar | H2/CO2 3 | 2.4 NL/g/h,10.1016/j.cattod.2019.05.040,2,False,0,"0.5Ca5P5ZZr-IMP [Table 3, 0.5Ca5P5ZZr-IMP at 230 °C]","0.5Ca5P5ZZr-IMP [Table 3, 0.5Ca5P5ZZr-IMP at 230 °C]",thermo,printed,lab
10.1016/j.cattod.2020.05.049 | 41 bar | H2/CO2 3 | 3.6 NL/g/h,10.1016/j.cattod.2020.05.049,10,True,0.0138623,Pd-Cu/Ti0.1Zr0.9O2 [Table 1 row 9],Pd-Cu/Ti0.8Zr0.2O2 [Table 1 row 5],thermo,printed,lab
10.1016/j.fuel.2022.125878 | 30 bar | H2/CO2 3 | 12000 h-1,10.1016/j.fuel.2022.125878,2,False,0,"In13/ZrO2 [Fig. 9/text, In13/ZrO2, 573 K]","In13/ZrO2 [Fig. 9/text, In13/ZrO2, 573 K]",thermo,printed,lab
10.1016/j.fuel.2023.127927 | 20 bar | H2/CO2 3 | 2.4 NL/g/h,10.1016/j.fuel.2023.127927,5,False,0,"0.5Ca-PZC [Table 1, 0.5Ca-PZC]","0.5Ca-PZC [Table 1, 0.5Ca-PZC]",thermo,printed,lab
10.1016/j.fuel.2024.131111 | 40 bar | H2/CO2 5 | 12 NL/g/h,10.1016/j.fuel.2024.131111,11,True,0.00163138,"5InNi3C0.5/Fe3O4-450/425 [Fig. 2A, calcination 450 °C]","5InNi3C0.5/Fe3O4-400/450 [Fig. 2B, carburization 450 °C]",thermo,printed,lab
10.1016/j.jcat.2012.05.020 | 30 bar | H2/CO2 3 | 13.4 NL/g/h,10.1016/j.jcat.2012.05.020,3,False,0,"PdMgGa [Table 2, PdMgGa]","PdMgGa [Table 2, PdMgGa]",thermo,printed,lab
10.1016/j.jcat.2016.03.017 | 20 bar | H2/CO2 3 | 3.6 NL/g/h,10.1016/j.jcat.2016.03.017,17,False,0,5% Pd/ZnO SI [Table 5 row 3],5% Pd/ZnO SI [Table 5 row 3],thermo,printed,lab
10.1016/j.jcou.2016.11.015 | 40 bar | H2/CO2 3.04 | 1.5 NL/g/h,10.1016/j.jcou.2016.11.015,10,False,0,"CZA-5 [Text, 513 K, 55.3 wt.% catalyst]","CZA-5 [Text, 513 K, 55.3 wt.% catalyst]",thermo,printed,lab
10.1016/j.jes.2023.05.010 | 30 bar | H2/CO2 4 | 18 NL/g/h,10.1016/j.jes.2023.05.010,3,False,0,"Au/In2O3-NS [Fig. 6a,b and text, Au/In2O3-NS, 300°C]","Au/In2O3-NS [Fig. 6a,b and text, Au/In2O3-NS, 300°C]",thermo,printed,lab
10.1016/j.jes.2023.05.010 | 30 bar | H2/CO2 4 | 18000 h-1,10.1016/j.jes.2023.05.010,3,False,0,In2O3-NS [SI Table S5 row In2O3-NS],In2O3-NS [SI Table S5 row In2O3-NS],thermo,printed,lab
10.1021/acs.iecr.7b01464 | 30 bar | H2/CO2 3.03 | 0.873 NL/g/h,10.1021/acs.iecr.7b01464,5,True,0.013812,"CZA400 [Text/Fig 6, CZA400, 260 °C, internal cooling]","CZA400 [Text/Fig 6, CZA400, 220 °C, internal cooling]",thermo,printed,lab
10.1021/acscatal.0c05628 | 50 bar | H2/CO2 4 | 21 NL/g/h,10.1021/acscatal.0c05628,8,False,0,"Ir/In2O3-10 [Text/Figure 1, Ir/In2O3-10, 300 °C]","Ir/In2O3-10 [Text/Figure 1, Ir/In2O3-10, 300 °C]",thermo,printed,lab
10.1021/acscatal.1c03170 | 30 bar | H2/CO2 3 | 60 NL/g/h,10.1021/acscatal.1c03170,4,False,0,"Ni-In2O3 [Fig 1, Ni-In2O3 screening catalyst]","Ni-In2O3 [Fig 1, Ni-In2O3 screening catalyst]",thermo,printed,lab
10.1021/acscatal.5c05984 | 100 bar | H2/CO2 4 | 10 NL/g/h,10.1021/acscatal.5c05984,9,True,0.0175227,5 wt % Re/TiO2 [Table 4 row 11],1 wt % Re/TiO2 [Table 4 row 3],thermo,printed,lab
10.1021/acscatal.5c05984 | 100 bar | H2/CO2 4 | 20 NL/g/h,10.1021/acscatal.5c05984,2,False,0,5 wt % Re/TiO2 [Table 4 row 12],5 wt % Re/TiO2 [Table 4 row 12],thermo,printed,lab
10.1021/acscatal.5c05984 | 100 bar | H2/CO2 4 | 40 NL/g/h,10.1021/acscatal.5c05984,2,False,0,5 wt % Re/TiO2 [Table 4 row 14],5 wt % Re/TiO2 [Table 4 row 14],thermo,printed,lab
10.1021/acscatal.9b01869 | 50 bar | H2/CO2 4 | 24000 h-1,10.1021/acscatal.9b01869,16,False,0,"In2.5/ZrO2 [Fig 5, In2.5/ZrO2, 280 °C]","In2.5/ZrO2 [Fig 5, In2.5/ZrO2, 280 °C]",thermo,printed,lab
10.1021/acscatal.9b03305 | 50 bar | H2/CO2 4 | 24 NL/g/h,10.1021/acscatal.9b03305,12,True,0.00625936,"In2O3/m-ZrO2 [Figure 8/text, 5 wt % In2O3/m-ZrO2, 553 K]","50In2O3−50ZrO2 [Figure 3/text, 50In2O3-50ZrO2, 553 K]",thermo,printed,lab
10.1021/cs500979c | 80 bar | H2/CO2 3 | 3600 h-1,10.1021/cs500979c,18,False,0,"Cu/ZrO2(III) [Table 6, Cu/ZrO2(III), 533 K]","Cu/ZrO2(III) [Table 6, Cu/ZrO2(III), 533 K]",thermo,printed,lab
10.1038/s41467-019-11349-9 | 50 bar | H2/CO2 4 | 48 NL/g/h,10.1038/s41467-019-11349-9,3,False,0,"Pd–In2O3 CP [Table 2 Pd–In2O3 CP, WHSV 48,000 initial]","Pd–In2O3 CP [Table 2 Pd–In2O3 CP, WHSV 48,000 initial]",thermo,printed,lab
10.1039/c2cy20604h | 100 bar | H2/CO2 3.8 | 10.6 NL/g/h,10.1039/c2cy20604h,11,True,0.167776,"Cu–Ba/Al2O3 [Fig 8, Cu-Ba/Al2O3, 473 K, 10 MPa]","Cu–K/Al2O3 [Fig 7, Cu-K/Al2O3, 553 K, 10 MPa]",thermo,printed,lab
10.1039/c2cy20604h | 100 bar | H2/CO2 3.8 | 4000 h-1,10.1039/c2cy20604h,4,False,0,"Cu–Ba/Al2O3 [SI Table 3, 553 K, 10 MPa]","Cu–Ba/Al2O3 [SI Table 3, 553 K, 10 MPa]",thermo,printed,lab
10.1039/c2cy20604h | 30 bar | H2/CO2 3.8 | 10.6 NL/g/h,10.1039/c2cy20604h,11,True,0.57546,"Cu–Ba/Al2O3 [Fig 8, Cu-Ba/Al2O3, 473 K, 3 MPa]","Cu–K/Al2O3 [Fig 7, Cu-K/Al2O3, 533 K, 3 MPa]",thermo,printed,lab
10.1039/c2cy20604h | 30 bar | H2/CO2 3.8 | 4000 h-1,10.1039/c2cy20604h,4,True,0.116837,"Cu–Ba/Al2O3 [SI Table 3, 503 K, 3 MPa]","Cu–Ba/Al2O3 [SI Table 3, 553 K, 3 MPa]",thermo,printed,lab
10.1039/c2cy20604h | 360 bar | H2/CO2 3.8 | 10.6 NL/g/h,10.1039/c2cy20604h,11,True,0.0501492,"Cu/Al2O3 [Fig 5/Fig 6, Cu/Al2O3, 473 K, 36 MPa]","Cu–K/Al2O3 [Fig 7, Cu-K/Al2O3, 553 K, 36 MPa]",thermo,printed,lab
10.1039/c2cy20604h | 360 bar | H2/CO2 3.8 | 4000 h-1,10.1039/c2cy20604h,4,True,0.0354367,"Cu–Ba/Al2O3 [SI Table 3, 503 K, 36 MPa]","Cu–Ba/Al2O3 [SI Table 3, 553 K, 36 MPa]",thermo,printed,lab
10.1039/c2cy20604h | 4 bar | H2/CO2 3.8 | 10.6 NL/g/h,10.1039/c2cy20604h,11,True,0.828627,"Cu–Ba/Al2O3 [Fig 8, Cu-Ba/Al2O3, 473 K, 0.40 MPa]","Cu–K/Al2O3 [Fig 7, Cu-K/Al2O3, 503 K, 0.40 MPa]",thermo,printed,lab
10.1039/c2cy20604h | 4 bar | H2/CO2 3.8 | 4000 h-1,10.1039/c2cy20604h,4,True,0.334351,"Cu–Ba/Al2O3 [SI Table 3, 533 K, 0.4 MPa]","Cu–Ba/Al2O3 [SI Table 3, 503 K, 0.4 MPa]",thermo,printed,lab
10.1039/c5cy00372e | 50 bar | H2/CO2 3.04 | 10 NL/g/h,10.1039/c5cy00372e,5,False,0,CHT-Y0.1 [Table 6 row CHT-Y0.1],CHT-Y0.1 [Table 6 row CHT-Y0.1],thermo,printed,lab
10.1039/c6ra28305e | 30 bar | H2/CO2 3 | 3600 h-1,10.1039/c6ra28305e,4,True,0.012303,"CZ-450 [Table 2, CZ-450]","CZ-350 [Table 2, CZ-350]",thermo,printed,lab
10.1039/d0gc01597k | 50 bar | H2/CO2 4 | 21 NL/g/h,10.1039/d0gc01597k,4,False,0,"Pt/In2O3 [Fig. 1a,b/text, Pt/In2O3, 300 °C]","Pt/In2O3 [Fig. 1a,b/text, Pt/In2O3, 300 °C]",thermo,printed,lab
10.1126/sciadv.aaz2060 | 50 bar | H2/CO2 3.04 | 9 NL/g/h,10.1126/sciadv.aaz2060,4,True,0.115626,"h–In2O3-R [Fig. 5B/C, h–In2O3-R, 360°C, standard feed]","h–In2O3-R [Fig. 5E/text, h–In2O3-R stability, initial]",thermo,printed,lab
10.1126/sciadv.abi6012 | 40 bar | H2/CO2 3 | 12 NL/g/h,10.1126/sciadv.abi6012,12,False,0,"InNi3C0.5/m-ZrO2 [Fig. 2A, InNi3C0.5/m-ZrO2, 12000 ml gcat-1 hour-1]","InNi3C0.5/m-ZrO2 [Fig. 2A, InNi3C0.5/m-ZrO2, 12000 ml gcat-1 hour-1]",thermo,printed,lab
10.1126/sciadv.abi6012 | 40 bar | H2/CO2 3 | 24 NL/g/h,10.1126/sciadv.abi6012,4,False,0,"InNi3C0.5/m-ZrO2 [Fig. 2B, InNi3C0.5/m-ZrO2, 24000 ml gcat-1 hour-1]","InNi3C0.5/m-ZrO2 [Fig. 2B, InNi3C0.5/m-ZrO2, 24000 ml gcat-1 hour-1]",thermo,printed,lab
10.1126/sciadv.abi6012 | 40 bar | H2/CO2 8 | 30 NL/g/h,10.1126/sciadv.abi6012,2,True,0.000191829,"InNi3C0.5/Fe3O4 [Text/Table S7, InNi3C0.5/Fe3O4, 325C, 4.0 MPa, H2/CO2 8:1, GHSV 30000]","CuZnAl [SI Table S7 row CuZnAl, 325 °C]",thermo,printed,lab
10.1002/anie.201600943 | 50 bar | H2/CO2 4 | 26 NL/g/h,10.1002/anie.201600943,2,False,0,"In2O3 [Figure 1a, In2O3, 573 K]","In2O3 [Figure 1a, In2O3, 573 K]",thermo,printed,cost_f0.95
10.1002/cctc.202000974 | 20 bar | H2/CO2 3 | 3.6 NL/g/h,10.1002/cctc.202000974,29,True,0.00881952,"physical mixture of Pd/ZnO and TiO2 [Text, physical mixture Pd/ZnO and TiO2, 250°C]","PdZn/ZnTiO3 [Table 1 row 5, 225°C]",thermo,printed,cost_f0.95
10.1002/ente.201800747 | 40 bar | H2/CO2 3 | 21.6 NL/g/h,10.1002/ente.201800747,30,True,0.0811246,"Cat-4.5 [Figure 4c/text, Cat-4.5 at 325 °C]","Cat-4.5 [SI Table S1, Cat-4.5, 250 °C]",thermo,printed,cost_f0.95
10.1016/j.apcata.2018.04.036 | 30 bar | H2/CO2 3 | 2.4 NL/g/h,10.1016/j.apcata.2018.04.036,4,True,0.0171224,"0.5Ca5P5ZC [Fig 10a,b/text, 0.5Ca5P5ZC, 270 °C]","0.5Ca5P5ZC [Table 6, 0.5Ca5P5ZC, 220 °C]",thermo,printed,cost_f0.95
10.1016/j.apcatb.2017.06.069 | 50 bar | H2/CO2 4 | 21 NL/g/h,10.1016/j.apcatb.2017.06.069,2,False,0,"Pd-I/In2O3 [SI Table S2, Pd-I/In2O3 This work]","Pd-I/In2O3 [SI Table S2, Pd-I/In2O3 This work]",thermo,printed,cost_f0.95
10.1016/j.cattod.2019.05.040 | 30 bar | H2/CO2 3 | 2.4 NL/g/h,10.1016/j.cattod.2019.05.040,2,False,0,"0.5Ca5P5ZZr-IMP [Table 3, 0.5Ca5P5ZZr-IMP at 230 °C]","0.5Ca5P5ZZr-IMP [Table 3, 0.5Ca5P5ZZr-IMP at 230 °C]",thermo,printed,cost_f0.95
10.1016/j.cattod.2020.05.049 | 41 bar | H2/CO2 3 | 3.6 NL/g/h,10.1016/j.cattod.2020.05.049,10,False,0,Pd-Cu/Ti0.1Zr0.9O2 [Table 1 row 9],Pd-Cu/Ti0.1Zr0.9O2 [Table 1 row 9],thermo,printed,cost_f0.95
10.1016/j.fuel.2022.125878 | 30 bar | H2/CO2 3 | 12000 h-1,10.1016/j.fuel.2022.125878,2,True,0.00862116,"In13/ZrO2 [Fig. 9/text, In13/ZrO2, 573 K]","In13/ZrO2 [Fig. 9/text, In13/ZrO2, 493 K]",thermo,printed,cost_f0.95
10.1016/j.fuel.2023.127927 | 20 bar | H2/CO2 3 | 2.4 NL/g/h,10.1016/j.fuel.2023.127927,5,False,0,"0.5Ca-PZC [Table 1, 0.5Ca-PZC]","0.5Ca-PZC [Table 1, 0.5Ca-PZC]",thermo,printed,cost_f0.95
10.1016/j.fuel.2024.131111 | 40 bar | H2/CO2 5 | 12 NL/g/h,10.1016/j.fuel.2024.131111,11,True,0.0086211,"5InNi3C0.5/Fe3O4-450/425 [Fig. 2A, calcination 450 °C]","5InNi3C0.5/Fe3O4-400/450 [Fig. 2B, carburization 450 °C]",thermo,printed,cost_f0.95
10.1016/j.jcat.2012.05.020 | 30 bar | H2/CO2 3 | 13.4 NL/g/h,10.1016/j.jcat.2012.05.020,3,False,0,"PdMgGa [Table 2, PdMgGa]","PdMgGa [Table 2, PdMgGa]",thermo,printed,cost_f0.95
10.1016/j.jcat.2016.03.017 | 20 bar | H2/CO2 3 | 3.6 NL/g/h,10.1016/j.jcat.2016.03.017,17,False,0,5% Pd/ZnO SI [Table 5 row 3],5% Pd/ZnO SI [Table 5 row 3],thermo,printed,cost_f0.95
10.1016/j.jcou.2016.11.015 | 40 bar | H2/CO2 3.04 | 1.5 NL/g/h,10.1016/j.jcou.2016.11.015,10,False,0,"CZA-5 [Text, 513 K, 55.3 wt.% catalyst]","CZA-5 [Text, 513 K, 55.3 wt.% catalyst]",thermo,printed,cost_f0.95
10.1016/j.jes.2023.05.010 | 30 bar | H2/CO2 4 | 18 NL/g/h,10.1016/j.jes.2023.05.010,3,False,0,"Au/In2O3-NS [Fig. 6a,b and text, Au/In2O3-NS, 300°C]","Au/In2O3-NS [Fig. 6a,b and text, Au/In2O3-NS, 300°C]",thermo,printed,cost_f0.95
10.1016/j.jes.2023.05.010 | 30 bar | H2/CO2 4 | 18000 h-1,10.1016/j.jes.2023.05.010,3,False,0,In2O3-NS [SI Table S5 row In2O3-NS],In2O3-NS [SI Table S5 row In2O3-NS],thermo,printed,cost_f0.95
10.1021/acs.iecr.7b01464 | 30 bar | H2/CO2 3.03 | 0.873 NL/g/h,10.1021/acs.iecr.7b01464,5,True,0.013812,"CZA400 [Text/Fig 6, CZA400, 260 °C, internal cooling]","CZA400 [Text/Fig 6, CZA400, 220 °C, internal cooling]",thermo,printed,cost_f0.95
10.1021/acscatal.0c05628 | 50 bar | H2/CO2 4 | 21 NL/g/h,10.1021/acscatal.0c05628,8,True,0.0209871,"Ir/In2O3-10 [Text/Figure 1, Ir/In2O3-10, 300 °C]","Ir/In2O3-10 [Text/Figure 1a, Ir/In2O3-10, 250 °C]",thermo,printed,cost_f0.95
10.1021/acscatal.1c03170 | 30 bar | H2/CO2 3 | 60 NL/g/h,10.1021/acscatal.1c03170,4,False,0,"Ni-In2O3 [Fig 1, Ni-In2O3 screening catalyst]","Ni-In2O3 [Fig 1, Ni-In2O3 screening catalyst]",thermo,printed,cost_f0.95
10.1021/acscatal.5c05984 | 100 bar | H2/CO2 4 | 10 NL/g/h,10.1021/acscatal.5c05984,9,True,0.0360374,5 wt % Re/TiO2 [Table 4 row 11],1 wt % Re/TiO2 [Table 4 row 3],thermo,printed,cost_f0.95
10.1021/acscatal.5c05984 | 100 bar | H2/CO2 4 | 20 NL/g/h,10.1021/acscatal.5c05984,2,False,0,5 wt % Re/TiO2 [Table 4 row 12],5 wt % Re/TiO2 [Table 4 row 12],thermo,printed,cost_f0.95
10.1021/acscatal.5c05984 | 100 bar | H2/CO2 4 | 40 NL/g/h,10.1021/acscatal.5c05984,2,False,0,5 wt % Re/TiO2 [Table 4 row 14],5 wt % Re/TiO2 [Table 4 row 14],thermo,printed,cost_f0.95
10.1021/acscatal.9b01869 | 50 bar | H2/CO2 4 | 24000 h-1,10.1021/acscatal.9b01869,16,False,0,"In2.5/ZrO2 [Fig 5, In2.5/ZrO2, 280 °C]","In2.5/ZrO2 [Fig 5, In2.5/ZrO2, 280 °C]",thermo,printed,cost_f0.95
10.1021/acscatal.9b03305 | 50 bar | H2/CO2 4 | 24 NL/g/h,10.1021/acscatal.9b03305,12,False,0,"In2O3/m-ZrO2 [Figure 8/text, 5 wt % In2O3/m-ZrO2, 553 K]","In2O3/m-ZrO2 [Figure 8/text, 5 wt % In2O3/m-ZrO2, 553 K]",thermo,printed,cost_f0.95
10.1021/cs500979c | 80 bar | H2/CO2 3 | 3600 h-1,10.1021/cs500979c,18,False,0,"Cu/ZrO2(III) [Table 6, Cu/ZrO2(III), 533 K]","Cu/ZrO2(III) [Table 6, Cu/ZrO2(III), 533 K]",thermo,printed,cost_f0.95
10.1038/s41467-019-11349-9 | 50 bar | H2/CO2 4 | 48 NL/g/h,10.1038/s41467-019-11349-9,3,False,0,"Pd–In2O3 CP [Table 2 Pd–In2O3 CP, WHSV 48,000 initial]","Pd–In2O3 CP [Table 2 Pd–In2O3 CP, WHSV 48,000 initial]",thermo,printed,cost_f0.95
10.1039/c2cy20604h | 100 bar | H2/CO2 3.8 | 10.6 NL/g/h,10.1039/c2cy20604h,11,False,0,"Cu–Ba/Al2O3 [Fig 8, Cu-Ba/Al2O3, 473 K, 10 MPa]","Cu–Ba/Al2O3 [Fig 8, Cu-Ba/Al2O3, 473 K, 10 MPa]",thermo,printed,cost_f0.95
10.1039/c2cy20604h | 100 bar | H2/CO2 3.8 | 4000 h-1,10.1039/c2cy20604h,4,False,0,"Cu–Ba/Al2O3 [SI Table 3, 553 K, 10 MPa]","Cu–Ba/Al2O3 [SI Table 3, 553 K, 10 MPa]",thermo,printed,cost_f0.95
10.1039/c2cy20604h | 30 bar | H2/CO2 3.8 | 10.6 NL/g/h,10.1039/c2cy20604h,11,False,0,"Cu–Ba/Al2O3 [Fig 8, Cu-Ba/Al2O3, 473 K, 3 MPa]","Cu–Ba/Al2O3 [Fig 8, Cu-Ba/Al2O3, 473 K, 3 MPa]",thermo,printed,cost_f0.95
10.1039/c2cy20604h | 30 bar | H2/CO2 3.8 | 4000 h-1,10.1039/c2cy20604h,4,False,0,"Cu–Ba/Al2O3 [SI Table 3, 503 K, 3 MPa]","Cu–Ba/Al2O3 [SI Table 3, 503 K, 3 MPa]",thermo,printed,cost_f0.95
10.1039/c2cy20604h | 360 bar | H2/CO2 3.8 | 10.6 NL/g/h,10.1039/c2cy20604h,11,True,0.00599858,"Cu/Al2O3 [Fig 5/Fig 6, Cu/Al2O3, 473 K, 36 MPa]","Cu/Al2O3 [Fig 5/Fig 6, Cu/Al2O3, 503 K, 36 MPa]",thermo,printed,cost_f0.95
10.1039/c2cy20604h | 360 bar | H2/CO2 3.8 | 4000 h-1,10.1039/c2cy20604h,4,False,0,"Cu–Ba/Al2O3 [SI Table 3, 503 K, 36 MPa]","Cu–Ba/Al2O3 [SI Table 3, 503 K, 36 MPa]",thermo,printed,cost_f0.95
10.1039/c2cy20604h | 4 bar | H2/CO2 3.8 | 10.6 NL/g/h,10.1039/c2cy20604h,11,True,0.0032936,"Cu–Ba/Al2O3 [Fig 8, Cu-Ba/Al2O3, 473 K, 0.40 MPa]","Cu–K/Al2O3 [Fig 7, Cu-K/Al2O3, 443 K, 0.40 MPa]",thermo,printed,cost_f0.95
10.1039/c2cy20604h | 4 bar | H2/CO2 3.8 | 4000 h-1,10.1039/c2cy20604h,4,True,0.513393,"Cu–Ba/Al2O3 [SI Table 3, 533 K, 0.4 MPa]","Cu–Ba/Al2O3 [SI Table 3, 443 K, 0.4 MPa]",thermo,printed,cost_f0.95
10.1039/c5cy00372e | 50 bar | H2/CO2 3.04 | 10 NL/g/h,10.1039/c5cy00372e,5,False,0,CHT-Y0.1 [Table 6 row CHT-Y0.1],CHT-Y0.1 [Table 6 row CHT-Y0.1],thermo,printed,cost_f0.95
10.1039/c6ra28305e | 30 bar | H2/CO2 3 | 3600 h-1,10.1039/c6ra28305e,4,False,0,"CZ-450 [Table 2, CZ-450]","CZ-450 [Table 2, CZ-450]",thermo,printed,cost_f0.95
10.1039/d0gc01597k | 50 bar | H2/CO2 4 | 21 NL/g/h,10.1039/d0gc01597k,4,True,0.0168466,"Pt/In2O3 [Fig. 1a,b/text, Pt/In2O3, 300 °C]","Pt/In2O3 [Fig. 1a,b, Pt/In2O3, 250 °C]",thermo,printed,cost_f0.95
10.1126/sciadv.aaz2060 | 50 bar | H2/CO2 3.04 | 9 NL/g/h,10.1126/sciadv.aaz2060,4,True,0.15541,"h–In2O3-R [Fig. 5B/C, h–In2O3-R, 360°C, standard feed]","h–In2O3-R [Fig. 5B/C, h–In2O3-R, 240°C, standard feed]",thermo,printed,cost_f0.95
10.1126/sciadv.abi6012 | 40 bar | H2/CO2 3 | 12 NL/g/h,10.1126/sciadv.abi6012,12,False,0,"InNi3C0.5/m-ZrO2 [Fig. 2A, InNi3C0.5/m-ZrO2, 12000 ml gcat-1 hour-1]","InNi3C0.5/m-ZrO2 [Fig. 2A, InNi3C0.5/m-ZrO2, 12000 ml gcat-1 hour-1]",thermo,printed,cost_f0.95
10.1126/sciadv.abi6012 | 40 bar | H2/CO2 3 | 24 NL/g/h,10.1126/sciadv.abi6012,4,False,0,"InNi3C0.5/m-ZrO2 [Fig. 2B, InNi3C0.5/m-ZrO2, 24000 ml gcat-1 hour-1]","InNi3C0.5/m-ZrO2 [Fig. 2B, InNi3C0.5/m-ZrO2, 24000 ml gcat-1 hour-1]",thermo,printed,cost_f0.95
10.1126/sciadv.abi6012 | 40 bar | H2/CO2 8 | 30 NL/g/h,10.1126/sciadv.abi6012,2,True,0.000191829,"InNi3C0.5/Fe3O4 [Text/Table S7, InNi3C0.5/Fe3O4, 325C, 4.0 MPa, H2/CO2 8:1, GHSV 30000]","CuZnAl [SI Table S7 row CuZnAl, 325 °C]",thermo,printed,cost_f0.95
10.1002/anie.201600943 | 50 bar | H2/CO2 4 | 26 NL/g/h,10.1002/anie.201600943,2,False,0,"In2O3 [Figure 1a, In2O3, 573 K]","In2O3 [Figure 1a, In2O3, 573 K]",thermo,printed,cost_f0.9
10.1002/cctc.202000974 | 20 bar | H2/CO2 3 | 3.6 NL/g/h,10.1002/cctc.202000974,29,True,0.00881952,"physical mixture of Pd/ZnO and TiO2 [Text, physical mixture Pd/ZnO and TiO2, 250°C]","PdZn/ZnTiO3 [Table 1 row 5, 225°C]",thermo,printed,cost_f0.9
10.1002/ente.201800747 | 40 bar | H2/CO2 3 | 21.6 NL/g/h,10.1002/ente.201800747,30,True,0.0811246,"Cat-4.5 [Figure 4c/text, Cat-4.5 at 325 °C]","Cat-4.5 [SI Table S1, Cat-4.5, 250 °C]",thermo,printed,cost_f0.9
10.1016/j.apcata.2018.04.036 | 30 bar | H2/CO2 3 | 2.4 NL/g/h,10.1016/j.apcata.2018.04.036,4,True,0.0171224,"0.5Ca5P5ZC [Fig 10a,b/text, 0.5Ca5P5ZC, 270 °C]","0.5Ca5P5ZC [Table 6, 0.5Ca5P5ZC, 220 °C]",thermo,printed,cost_f0.9
10.1016/j.apcatb.2017.06.069 | 50 bar | H2/CO2 4 | 21 NL/g/h,10.1016/j.apcatb.2017.06.069,2,False,0,"Pd-I/In2O3 [SI Table S2, Pd-I/In2O3 This work]","Pd-I/In2O3 [SI Table S2, Pd-I/In2O3 This work]",thermo,printed,cost_f0.9
10.1016/j.cattod.2019.05.040 | 30 bar | H2/CO2 3 | 2.4 NL/g/h,10.1016/j.cattod.2019.05.040,2,False,0,"0.5Ca5P5ZZr-IMP [Table 3, 0.5Ca5P5ZZr-IMP at 230 °C]","0.5Ca5P5ZZr-IMP [Table 3, 0.5Ca5P5ZZr-IMP at 230 °C]",thermo,printed,cost_f0.9
10.1016/j.cattod.2020.05.049 | 41 bar | H2/CO2 3 | 3.6 NL/g/h,10.1016/j.cattod.2020.05.049,10,False,0,Pd-Cu/Ti0.1Zr0.9O2 [Table 1 row 9],Pd-Cu/Ti0.1Zr0.9O2 [Table 1 row 9],thermo,printed,cost_f0.9
10.1016/j.fuel.2022.125878 | 30 bar | H2/CO2 3 | 12000 h-1,10.1016/j.fuel.2022.125878,2,True,0.00862116,"In13/ZrO2 [Fig. 9/text, In13/ZrO2, 573 K]","In13/ZrO2 [Fig. 9/text, In13/ZrO2, 493 K]",thermo,printed,cost_f0.9
10.1016/j.fuel.2023.127927 | 20 bar | H2/CO2 3 | 2.4 NL/g/h,10.1016/j.fuel.2023.127927,5,False,0,"0.5Ca-PZC [Table 1, 0.5Ca-PZC]","0.5Ca-PZC [Table 1, 0.5Ca-PZC]",thermo,printed,cost_f0.9
10.1016/j.fuel.2024.131111 | 40 bar | H2/CO2 5 | 12 NL/g/h,10.1016/j.fuel.2024.131111,11,True,0.0086211,"5InNi3C0.5/Fe3O4-450/425 [Fig. 2A, calcination 450 °C]","5InNi3C0.5/Fe3O4-400/450 [Fig. 2B, carburization 450 °C]",thermo,printed,cost_f0.9
10.1016/j.jcat.2012.05.020 | 30 bar | H2/CO2 3 | 13.4 NL/g/h,10.1016/j.jcat.2012.05.020,3,False,0,"PdMgGa [Table 2, PdMgGa]","PdMgGa [Table 2, PdMgGa]",thermo,printed,cost_f0.9
10.1016/j.jcat.2016.03.017 | 20 bar | H2/CO2 3 | 3.6 NL/g/h,10.1016/j.jcat.2016.03.017,17,False,0,5% Pd/ZnO SI [Table 5 row 3],5% Pd/ZnO SI [Table 5 row 3],thermo,printed,cost_f0.9
10.1016/j.jcou.2016.11.015 | 40 bar | H2/CO2 3.04 | 1.5 NL/g/h,10.1016/j.jcou.2016.11.015,10,False,0,"CZA-5 [Text, 513 K, 55.3 wt.% catalyst]","CZA-5 [Text, 513 K, 55.3 wt.% catalyst]",thermo,printed,cost_f0.9
10.1016/j.jes.2023.05.010 | 30 bar | H2/CO2 4 | 18 NL/g/h,10.1016/j.jes.2023.05.010,3,False,0,"Au/In2O3-NS [Fig. 6a,b and text, Au/In2O3-NS, 300°C]","Au/In2O3-NS [Fig. 6a,b and text, Au/In2O3-NS, 300°C]",thermo,printed,cost_f0.9
10.1016/j.jes.2023.05.010 | 30 bar | H2/CO2 4 | 18000 h-1,10.1016/j.jes.2023.05.010,3,False,0,In2O3-NS [SI Table S5 row In2O3-NS],In2O3-NS [SI Table S5 row In2O3-NS],thermo,printed,cost_f0.9
10.1021/acs.iecr.7b01464 | 30 bar | H2/CO2 3.03 | 0.873 NL/g/h,10.1021/acs.iecr.7b01464,5,True,0.013812,"CZA400 [Text/Fig 6, CZA400, 260 °C, internal cooling]","CZA400 [Text/Fig 6, CZA400, 220 °C, internal cooling]",thermo,printed,cost_f0.9
10.1021/acscatal.0c05628 | 50 bar | H2/CO2 4 | 21 NL/g/h,10.1021/acscatal.0c05628,8,True,0.0209871,"Ir/In2O3-10 [Text/Figure 1, Ir/In2O3-10, 300 °C]","Ir/In2O3-10 [Text/Figure 1a, Ir/In2O3-10, 250 °C]",thermo,printed,cost_f0.9
10.1021/acscatal.1c03170 | 30 bar | H2/CO2 3 | 60 NL/g/h,10.1021/acscatal.1c03170,4,False,0,"Ni-In2O3 [Fig 1, Ni-In2O3 screening catalyst]","Ni-In2O3 [Fig 1, Ni-In2O3 screening catalyst]",thermo,printed,cost_f0.9
10.1021/acscatal.5c05984 | 100 bar | H2/CO2 4 | 10 NL/g/h,10.1021/acscatal.5c05984,9,True,0.0360374,5 wt % Re/TiO2 [Table 4 row 11],1 wt % Re/TiO2 [Table 4 row 3],thermo,printed,cost_f0.9
10.1021/acscatal.5c05984 | 100 bar | H2/CO2 4 | 20 NL/g/h,10.1021/acscatal.5c05984,2,False,0,5 wt % Re/TiO2 [Table 4 row 12],5 wt % Re/TiO2 [Table 4 row 12],thermo,printed,cost_f0.9
10.1021/acscatal.5c05984 | 100 bar | H2/CO2 4 | 40 NL/g/h,10.1021/acscatal.5c05984,2,False,0,5 wt % Re/TiO2 [Table 4 row 14],5 wt % Re/TiO2 [Table 4 row 14],thermo,printed,cost_f0.9
10.1021/acscatal.9b01869 | 50 bar | H2/CO2 4 | 24000 h-1,10.1021/acscatal.9b01869,16,False,0,"In2.5/ZrO2 [Fig 5, In2.5/ZrO2, 280 °C]","In2.5/ZrO2 [Fig 5, In2.5/ZrO2, 280 °C]",thermo,printed,cost_f0.9
10.1021/acscatal.9b03305 | 50 bar | H2/CO2 4 | 24 NL/g/h,10.1021/acscatal.9b03305,12,False,0,"In2O3/m-ZrO2 [Figure 8/text, 5 wt % In2O3/m-ZrO2, 553 K]","In2O3/m-ZrO2 [Figure 8/text, 5 wt % In2O3/m-ZrO2, 553 K]",thermo,printed,cost_f0.9
10.1021/cs500979c | 80 bar | H2/CO2 3 | 3600 h-1,10.1021/cs500979c,18,False,0,"Cu/ZrO2(III) [Table 6, Cu/ZrO2(III), 533 K]","Cu/ZrO2(III) [Table 6, Cu/ZrO2(III), 533 K]",thermo,printed,cost_f0.9
10.1038/s41467-019-11349-9 | 50 bar | H2/CO2 4 | 48 NL/g/h,10.1038/s41467-019-11349-9,3,False,0,"Pd–In2O3 CP [Table 2 Pd–In2O3 CP, WHSV 48,000 initial]","Pd–In2O3 CP [Table 2 Pd–In2O3 CP, WHSV 48,000 initial]",thermo,printed,cost_f0.9
10.1039/c2cy20604h | 100 bar | H2/CO2 3.8 | 10.6 NL/g/h,10.1039/c2cy20604h,11,False,0,"Cu–Ba/Al2O3 [Fig 8, Cu-Ba/Al2O3, 473 K, 10 MPa]","Cu–Ba/Al2O3 [Fig 8, Cu-Ba/Al2O3, 473 K, 10 MPa]",thermo,printed,cost_f0.9
10.1039/c2cy20604h | 100 bar | H2/CO2 3.8 | 4000 h-1,10.1039/c2cy20604h,4,False,0,"Cu–Ba/Al2O3 [SI Table 3, 553 K, 10 MPa]","Cu–Ba/Al2O3 [SI Table 3, 553 K, 10 MPa]",thermo,printed,cost_f0.9
10.1039/c2cy20604h | 30 bar | H2/CO2 3.8 | 10.6 NL/g/h,10.1039/c2cy20604h,11,False,0,"Cu–Ba/Al2O3 [Fig 8, Cu-Ba/Al2O3, 473 K, 3 MPa]","Cu–Ba/Al2O3 [Fig 8, Cu-Ba/Al2O3, 473 K, 3 MPa]",thermo,printed,cost_f0.9
10.1039/c2cy20604h | 30 bar | H2/CO2 3.8 | 4000 h-1,10.1039/c2cy20604h,4,False,0,"Cu–Ba/Al2O3 [SI Table 3, 503 K, 3 MPa]","Cu–Ba/Al2O3 [SI Table 3, 503 K, 3 MPa]",thermo,printed,cost_f0.9
10.1039/c2cy20604h | 360 bar | H2/CO2 3.8 | 10.6 NL/g/h,10.1039/c2cy20604h,11,True,0.00599858,"Cu/Al2O3 [Fig 5/Fig 6, Cu/Al2O3, 473 K, 36 MPa]","Cu/Al2O3 [Fig 5/Fig 6, Cu/Al2O3, 503 K, 36 MPa]",thermo,printed,cost_f0.9
10.1039/c2cy20604h | 360 bar | H2/CO2 3.8 | 4000 h-1,10.1039/c2cy20604h,4,False,0,"Cu–Ba/Al2O3 [SI Table 3, 503 K, 36 MPa]","Cu–Ba/Al2O3 [SI Table 3, 503 K, 36 MPa]",thermo,printed,cost_f0.9
10.1039/c2cy20604h | 4 bar | H2/CO2 3.8 | 10.6 NL/g/h,10.1039/c2cy20604h,11,True,0.0032936,"Cu–Ba/Al2O3 [Fig 8, Cu-Ba/Al2O3, 473 K, 0.40 MPa]","Cu–K/Al2O3 [Fig 7, Cu-K/Al2O3, 443 K, 0.40 MPa]",thermo,printed,cost_f0.9
10.1039/c2cy20604h | 4 bar | H2/CO2 3.8 | 4000 h-1,10.1039/c2cy20604h,4,True,0.513393,"Cu–Ba/Al2O3 [SI Table 3, 533 K, 0.4 MPa]","Cu–Ba/Al2O3 [SI Table 3, 443 K, 0.4 MPa]",thermo,printed,cost_f0.9
10.1039/c5cy00372e | 50 bar | H2/CO2 3.04 | 10 NL/g/h,10.1039/c5cy00372e,5,False,0,CHT-Y0.1 [Table 6 row CHT-Y0.1],CHT-Y0.1 [Table 6 row CHT-Y0.1],thermo,printed,cost_f0.9
10.1039/c6ra28305e | 30 bar | H2/CO2 3 | 3600 h-1,10.1039/c6ra28305e,4,False,0,"CZ-450 [Table 2, CZ-450]","CZ-450 [Table 2, CZ-450]",thermo,printed,cost_f0.9
10.1039/d0gc01597k | 50 bar | H2/CO2 4 | 21 NL/g/h,10.1039/d0gc01597k,4,True,0.0168466,"Pt/In2O3 [Fig. 1a,b/text, Pt/In2O3, 300 °C]","Pt/In2O3 [Fig. 1a,b, Pt/In2O3, 250 °C]",thermo,printed,cost_f0.9
10.1126/sciadv.aaz2060 | 50 bar | H2/CO2 3.04 | 9 NL/g/h,10.1126/sciadv.aaz2060,4,True,0.15541,"h–In2O3-R [Fig. 5B/C, h–In2O3-R, 360°C, standard feed]","h–In2O3-R [Fig. 5B/C, h–In2O3-R, 240°C, standard feed]",thermo,printed,cost_f0.9
10.1126/sciadv.abi6012 | 40 bar | H2/CO2 3 | 12 NL/g/h,10.1126/sciadv.abi6012,12,False,0,"InNi3C0.5/m-ZrO2 [Fig. 2A, InNi3C0.5/m-ZrO2, 12000 ml gcat-1 hour-1]","InNi3C0.5/m-ZrO2 [Fig. 2A, InNi3C0.5/m-ZrO2, 12000 ml gcat-1 hour-1]",thermo,printed,cost_f0.9
10.1126/sciadv.abi6012 | 40 bar | H2/CO2 3 | 24 NL/g/h,10.1126/sciadv.abi6012,4,False,0,"InNi3C0.5/m-ZrO2 [Fig. 2B, InNi3C0.5/m-ZrO2, 24000 ml gcat-1 hour-1]","InNi3C0.5/m-ZrO2 [Fig. 2B, InNi3C0.5/m-ZrO2, 24000 ml gcat-1 hour-1]",thermo,printed,cost_f0.9
10.1126/sciadv.abi6012 | 40 bar | H2/CO2 8 | 30 NL/g/h,10.1126/sciadv.abi6012,2,True,0.000191829,"InNi3C0.5/Fe3O4 [Text/Table S7, InNi3C0.5/Fe3O4, 325C, 4.0 MPa, H2/CO2 8:1, GHSV 30000]","CuZnAl [SI Table S7 row CuZnAl, 325 °C]",thermo,printed,cost_f0.9
10.1002/anie.201600943 | 50 bar | H2/CO2 4 | 26 NL/g/h,10.1002/anie.201600943,2,False,0,"In2O3 [Figure 1a, In2O3, 573 K]","In2O3 [Figure 1a, In2O3, 573 K]",thermo,printed,cost_f0.99
10.1002/cctc.202000974 | 20 bar | H2/CO2 3 | 3.6 NL/g/h,10.1002/cctc.202000974,29,True,0.00881952,"physical mixture of Pd/ZnO and TiO2 [Text, physical mixture Pd/ZnO and TiO2, 250°C]","PdZn/ZnTiO3 [Table 1 row 5, 225°C]",thermo,printed,cost_f0.99
10.1002/ente.201800747 | 40 bar | H2/CO2 3 | 21.6 NL/g/h,10.1002/ente.201800747,30,True,0.0811246,"Cat-4.5 [Figure 4c/text, Cat-4.5 at 325 °C]","Cat-4.5 [SI Table S1, Cat-4.5, 250 °C]",thermo,printed,cost_f0.99
10.1016/j.apcata.2018.04.036 | 30 bar | H2/CO2 3 | 2.4 NL/g/h,10.1016/j.apcata.2018.04.036,4,True,0.0171224,"0.5Ca5P5ZC [Fig 10a,b/text, 0.5Ca5P5ZC, 270 °C]","0.5Ca5P5ZC [Table 6, 0.5Ca5P5ZC, 220 °C]",thermo,printed,cost_f0.99
10.1016/j.apcatb.2017.06.069 | 50 bar | H2/CO2 4 | 21 NL/g/h,10.1016/j.apcatb.2017.06.069,2,False,0,"Pd-I/In2O3 [SI Table S2, Pd-I/In2O3 This work]","Pd-I/In2O3 [SI Table S2, Pd-I/In2O3 This work]",thermo,printed,cost_f0.99
10.1016/j.cattod.2019.05.040 | 30 bar | H2/CO2 3 | 2.4 NL/g/h,10.1016/j.cattod.2019.05.040,2,False,0,"0.5Ca5P5ZZr-IMP [Table 3, 0.5Ca5P5ZZr-IMP at 230 °C]","0.5Ca5P5ZZr-IMP [Table 3, 0.5Ca5P5ZZr-IMP at 230 °C]",thermo,printed,cost_f0.99
10.1016/j.cattod.2020.05.049 | 41 bar | H2/CO2 3 | 3.6 NL/g/h,10.1016/j.cattod.2020.05.049,10,False,0,Pd-Cu/Ti0.1Zr0.9O2 [Table 1 row 9],Pd-Cu/Ti0.1Zr0.9O2 [Table 1 row 9],thermo,printed,cost_f0.99
10.1016/j.fuel.2022.125878 | 30 bar | H2/CO2 3 | 12000 h-1,10.1016/j.fuel.2022.125878,2,True,0.00862116,"In13/ZrO2 [Fig. 9/text, In13/ZrO2, 573 K]","In13/ZrO2 [Fig. 9/text, In13/ZrO2, 493 K]",thermo,printed,cost_f0.99
10.1016/j.fuel.2023.127927 | 20 bar | H2/CO2 3 | 2.4 NL/g/h,10.1016/j.fuel.2023.127927,5,False,0,"0.5Ca-PZC [Table 1, 0.5Ca-PZC]","0.5Ca-PZC [Table 1, 0.5Ca-PZC]",thermo,printed,cost_f0.99
10.1016/j.fuel.2024.131111 | 40 bar | H2/CO2 5 | 12 NL/g/h,10.1016/j.fuel.2024.131111,11,True,0.0086211,"5InNi3C0.5/Fe3O4-450/425 [Fig. 2A, calcination 450 °C]","5InNi3C0.5/Fe3O4-400/450 [Fig. 2B, carburization 450 °C]",thermo,printed,cost_f0.99
10.1016/j.jcat.2012.05.020 | 30 bar | H2/CO2 3 | 13.4 NL/g/h,10.1016/j.jcat.2012.05.020,3,False,0,"PdMgGa [Table 2, PdMgGa]","PdMgGa [Table 2, PdMgGa]",thermo,printed,cost_f0.99
10.1016/j.jcat.2016.03.017 | 20 bar | H2/CO2 3 | 3.6 NL/g/h,10.1016/j.jcat.2016.03.017,17,False,0,5% Pd/ZnO SI [Table 5 row 3],5% Pd/ZnO SI [Table 5 row 3],thermo,printed,cost_f0.99
10.1016/j.jcou.2016.11.015 | 40 bar | H2/CO2 3.04 | 1.5 NL/g/h,10.1016/j.jcou.2016.11.015,10,False,0,"CZA-5 [Text, 513 K, 55.3 wt.% catalyst]","CZA-5 [Text, 513 K, 55.3 wt.% catalyst]",thermo,printed,cost_f0.99
10.1016/j.jes.2023.05.010 | 30 bar | H2/CO2 4 | 18 NL/g/h,10.1016/j.jes.2023.05.010,3,False,0,"Au/In2O3-NS [Fig. 6a,b and text, Au/In2O3-NS, 300°C]","Au/In2O3-NS [Fig. 6a,b and text, Au/In2O3-NS, 300°C]",thermo,printed,cost_f0.99
10.1016/j.jes.2023.05.010 | 30 bar | H2/CO2 4 | 18000 h-1,10.1016/j.jes.2023.05.010,3,False,0,In2O3-NS [SI Table S5 row In2O3-NS],In2O3-NS [SI Table S5 row In2O3-NS],thermo,printed,cost_f0.99
10.1021/acs.iecr.7b01464 | 30 bar | H2/CO2 3.03 | 0.873 NL/g/h,10.1021/acs.iecr.7b01464,5,True,0.013812,"CZA400 [Text/Fig 6, CZA400, 260 °C, internal cooling]","CZA400 [Text/Fig 6, CZA400, 220 °C, internal cooling]",thermo,printed,cost_f0.99
10.1021/acscatal.0c05628 | 50 bar | H2/CO2 4 | 21 NL/g/h,10.1021/acscatal.0c05628,8,True,0.0209871,"Ir/In2O3-10 [Text/Figure 1, Ir/In2O3-10, 300 °C]","Ir/In2O3-10 [Text/Figure 1a, Ir/In2O3-10, 250 °C]",thermo,printed,cost_f0.99
10.1021/acscatal.1c03170 | 30 bar | H2/CO2 3 | 60 NL/g/h,10.1021/acscatal.1c03170,4,False,0,"Ni-In2O3 [Fig 1, Ni-In2O3 screening catalyst]","Ni-In2O3 [Fig 1, Ni-In2O3 screening catalyst]",thermo,printed,cost_f0.99
10.1021/acscatal.5c05984 | 100 bar | H2/CO2 4 | 10 NL/g/h,10.1021/acscatal.5c05984,9,True,0.0360374,5 wt % Re/TiO2 [Table 4 row 11],1 wt % Re/TiO2 [Table 4 row 3],thermo,printed,cost_f0.99
10.1021/acscatal.5c05984 | 100 bar | H2/CO2 4 | 20 NL/g/h,10.1021/acscatal.5c05984,2,False,0,5 wt % Re/TiO2 [Table 4 row 12],5 wt % Re/TiO2 [Table 4 row 12],thermo,printed,cost_f0.99
10.1021/acscatal.5c05984 | 100 bar | H2/CO2 4 | 40 NL/g/h,10.1021/acscatal.5c05984,2,False,0,5 wt % Re/TiO2 [Table 4 row 14],5 wt % Re/TiO2 [Table 4 row 14],thermo,printed,cost_f0.99
10.1021/acscatal.9b01869 | 50 bar | H2/CO2 4 | 24000 h-1,10.1021/acscatal.9b01869,16,False,0,"In2.5/ZrO2 [Fig 5, In2.5/ZrO2, 280 °C]","In2.5/ZrO2 [Fig 5, In2.5/ZrO2, 280 °C]",thermo,printed,cost_f0.99
10.1021/acscatal.9b03305 | 50 bar | H2/CO2 4 | 24 NL/g/h,10.1021/acscatal.9b03305,12,False,0,"In2O3/m-ZrO2 [Figure 8/text, 5 wt % In2O3/m-ZrO2, 553 K]","In2O3/m-ZrO2 [Figure 8/text, 5 wt % In2O3/m-ZrO2, 553 K]",thermo,printed,cost_f0.99
10.1021/cs500979c | 80 bar | H2/CO2 3 | 3600 h-1,10.1021/cs500979c,18,False,0,"Cu/ZrO2(III) [Table 6, Cu/ZrO2(III), 533 K]","Cu/ZrO2(III) [Table 6, Cu/ZrO2(III), 533 K]",thermo,printed,cost_f0.99
10.1038/s41467-019-11349-9 | 50 bar | H2/CO2 4 | 48 NL/g/h,10.1038/s41467-019-11349-9,3,False,0,"Pd–In2O3 CP [Table 2 Pd–In2O3 CP, WHSV 48,000 initial]","Pd–In2O3 CP [Table 2 Pd–In2O3 CP, WHSV 48,000 initial]",thermo,printed,cost_f0.99
10.1039/c2cy20604h | 100 bar | H2/CO2 3.8 | 10.6 NL/g/h,10.1039/c2cy20604h,11,False,0,"Cu–Ba/Al2O3 [Fig 8, Cu-Ba/Al2O3, 473 K, 10 MPa]","Cu–Ba/Al2O3 [Fig 8, Cu-Ba/Al2O3, 473 K, 10 MPa]",thermo,printed,cost_f0.99
10.1039/c2cy20604h | 100 bar | H2/CO2 3.8 | 4000 h-1,10.1039/c2cy20604h,4,False,0,"Cu–Ba/Al2O3 [SI Table 3, 553 K, 10 MPa]","Cu–Ba/Al2O3 [SI Table 3, 553 K, 10 MPa]",thermo,printed,cost_f0.99
10.1039/c2cy20604h | 30 bar | H2/CO2 3.8 | 10.6 NL/g/h,10.1039/c2cy20604h,11,False,0,"Cu–Ba/Al2O3 [Fig 8, Cu-Ba/Al2O3, 473 K, 3 MPa]","Cu–Ba/Al2O3 [Fig 8, Cu-Ba/Al2O3, 473 K, 3 MPa]",thermo,printed,cost_f0.99
10.1039/c2cy20604h | 30 bar | H2/CO2 3.8 | 4000 h-1,10.1039/c2cy20604h,4,False,0,"Cu–Ba/Al2O3 [SI Table 3, 503 K, 3 MPa]","Cu–Ba/Al2O3 [SI Table 3, 503 K, 3 MPa]",thermo,printed,cost_f0.99
10.1039/c2cy20604h | 360 bar | H2/CO2 3.8 | 10.6 NL/g/h,10.1039/c2cy20604h,11,True,0.00599858,"Cu/Al2O3 [Fig 5/Fig 6, Cu/Al2O3, 473 K, 36 MPa]","Cu/Al2O3 [Fig 5/Fig 6, Cu/Al2O3, 503 K, 36 MPa]",thermo,printed,cost_f0.99
10.1039/c2cy20604h | 360 bar | H2/CO2 3.8 | 4000 h-1,10.1039/c2cy20604h,4,False,0,"Cu–Ba/Al2O3 [SI Table 3, 503 K, 36 MPa]","Cu–Ba/Al2O3 [SI Table 3, 503 K, 36 MPa]",thermo,printed,cost_f0.99
10.1039/c2cy20604h | 4 bar | H2/CO2 3.8 | 10.6 NL/g/h,10.1039/c2cy20604h,11,True,0.0032936,"Cu–Ba/Al2O3 [Fig 8, Cu-Ba/Al2O3, 473 K, 0.40 MPa]","Cu–K/Al2O3 [Fig 7, Cu-K/Al2O3, 443 K, 0.40 MPa]",thermo,printed,cost_f0.99
10.1039/c2cy20604h | 4 bar | H2/CO2 3.8 | 4000 h-1,10.1039/c2cy20604h,4,True,0.513393,"Cu–Ba/Al2O3 [SI Table 3, 533 K, 0.4 MPa]","Cu–Ba/Al2O3 [SI Table 3, 443 K, 0.4 MPa]",thermo,printed,cost_f0.99
10.1039/c5cy00372e | 50 bar | H2/CO2 3.04 | 10 NL/g/h,10.1039/c5cy00372e,5,False,0,CHT-Y0.1 [Table 6 row CHT-Y0.1],CHT-Y0.1 [Table 6 row CHT-Y0.1],thermo,printed,cost_f0.99
10.1039/c6ra28305e | 30 bar | H2/CO2 3 | 3600 h-1,10.1039/c6ra28305e,4,False,0,"CZ-450 [Table 2, CZ-450]","CZ-450 [Table 2, CZ-450]",thermo,printed,cost_f0.99
10.1039/d0gc01597k | 50 bar | H2/CO2 4 | 21 NL/g/h,10.1039/d0gc01597k,4,True,0.0168466,"Pt/In2O3 [Fig. 1a,b/text, Pt/In2O3, 300 °C]","Pt/In2O3 [Fig. 1a,b, Pt/In2O3, 250 °C]",thermo,printed,cost_f0.99
10.1126/sciadv.aaz2060 | 50 bar | H2/CO2 3.04 | 9 NL/g/h,10.1126/sciadv.aaz2060,4,True,0.15541,"h–In2O3-R [Fig. 5B/C, h–In2O3-R, 360°C, standard feed]","h–In2O3-R [Fig. 5B/C, h–In2O3-R, 240°C, standard feed]",thermo,printed,cost_f0.99
10.1126/sciadv.abi6012 | 40 bar | H2/CO2 3 | 12 NL/g/h,10.1126/sciadv.abi6012,12,False,0,"InNi3C0.5/m-ZrO2 [Fig. 2A, InNi3C0.5/m-ZrO2, 12000 ml gcat-1 hour-1]","InNi3C0.5/m-ZrO2 [Fig. 2A, InNi3C0.5/m-ZrO2, 12000 ml gcat-1 hour-1]",thermo,printed,cost_f0.99
10.1126/sciadv.abi6012 | 40 bar | H2/CO2 3 | 24 NL/g/h,10.1126/sciadv.abi6012,4,False,0,"InNi3C0.5/m-ZrO2 [Fig. 2B, InNi3C0.5/m-ZrO2, 24000 ml gcat-1 hour-1]","InNi3C0.5/m-ZrO2 [Fig. 2B, InNi3C0.5/m-ZrO2, 24000 ml gcat-1 hour-1]",thermo,printed,cost_f0.99
10.1126/sciadv.abi6012 | 40 bar | H2/CO2 8 | 30 NL/g/h,10.1126/sciadv.abi6012,2,True,0.000191829,"InNi3C0.5/Fe3O4 [Text/Table S7, InNi3C0.5/Fe3O4, 325C, 4.0 MPa, H2/CO2 8:1, GHSV 30000]","CuZnAl [SI Table S7 row CuZnAl, 325 °C]",thermo,printed,cost_f0.99
10.1002/anie.201600943 | 50 bar | H2/CO2 4 | 26 NL/g/h,10.1002/anie.201600943,2,False,0,"In2O3 [Figure 1a, In2O3, 573 K]","In2O3 [Figure 1a, In2O3, 573 K]",thermo,printed,cost_two_sided
10.1002/cctc.202000974 | 20 bar | H2/CO2 3 | 3.6 NL/g/h,10.1002/cctc.202000974,29,True,0.00881952,"physical mixture of Pd/ZnO and TiO2 [Text, physical mixture Pd/ZnO and TiO2, 250°C]","PdZn/ZnTiO3 [Table 1 row 5, 225°C]",thermo,printed,cost_two_sided
10.1002/ente.201800747 | 40 bar | H2/CO2 3 | 21.6 NL/g/h,10.1002/ente.201800747,30,True,0.0811246,"Cat-4.5 [Figure 4c/text, Cat-4.5 at 325 °C]","Cat-4.5 [SI Table S1, Cat-4.5, 250 °C]",thermo,printed,cost_two_sided
10.1016/j.apcata.2018.04.036 | 30 bar | H2/CO2 3 | 2.4 NL/g/h,10.1016/j.apcata.2018.04.036,4,True,0.0171224,"0.5Ca5P5ZC [Fig 10a,b/text, 0.5Ca5P5ZC, 270 °C]","0.5Ca5P5ZC [Table 6, 0.5Ca5P5ZC, 220 °C]",thermo,printed,cost_two_sided
10.1016/j.apcatb.2017.06.069 | 50 bar | H2/CO2 4 | 21 NL/g/h,10.1016/j.apcatb.2017.06.069,2,False,0,"Pd-I/In2O3 [SI Table S2, Pd-I/In2O3 This work]","Pd-I/In2O3 [SI Table S2, Pd-I/In2O3 This work]",thermo,printed,cost_two_sided
10.1016/j.cattod.2019.05.040 | 30 bar | H2/CO2 3 | 2.4 NL/g/h,10.1016/j.cattod.2019.05.040,2,False,0,"0.5Ca5P5ZZr-IMP [Table 3, 0.5Ca5P5ZZr-IMP at 230 °C]","0.5Ca5P5ZZr-IMP [Table 3, 0.5Ca5P5ZZr-IMP at 230 °C]",thermo,printed,cost_two_sided
10.1016/j.cattod.2020.05.049 | 41 bar | H2/CO2 3 | 3.6 NL/g/h,10.1016/j.cattod.2020.05.049,10,False,0,Pd-Cu/Ti0.1Zr0.9O2 [Table 1 row 9],Pd-Cu/Ti0.1Zr0.9O2 [Table 1 row 9],thermo,printed,cost_two_sided
10.1016/j.fuel.2022.125878 | 30 bar | H2/CO2 3 | 12000 h-1,10.1016/j.fuel.2022.125878,2,True,0.00862116,"In13/ZrO2 [Fig. 9/text, In13/ZrO2, 573 K]","In13/ZrO2 [Fig. 9/text, In13/ZrO2, 493 K]",thermo,printed,cost_two_sided
10.1016/j.fuel.2023.127927 | 20 bar | H2/CO2 3 | 2.4 NL/g/h,10.1016/j.fuel.2023.127927,5,False,0,"0.5Ca-PZC [Table 1, 0.5Ca-PZC]","0.5Ca-PZC [Table 1, 0.5Ca-PZC]",thermo,printed,cost_two_sided
10.1016/j.fuel.2024.131111 | 40 bar | H2/CO2 5 | 12 NL/g/h,10.1016/j.fuel.2024.131111,11,True,0.0086211,"5InNi3C0.5/Fe3O4-450/425 [Fig. 2A, calcination 450 °C]","5InNi3C0.5/Fe3O4-400/450 [Fig. 2B, carburization 450 °C]",thermo,printed,cost_two_sided
10.1016/j.jcat.2012.05.020 | 30 bar | H2/CO2 3 | 13.4 NL/g/h,10.1016/j.jcat.2012.05.020,3,False,0,"PdMgGa [Table 2, PdMgGa]","PdMgGa [Table 2, PdMgGa]",thermo,printed,cost_two_sided
10.1016/j.jcat.2016.03.017 | 20 bar | H2/CO2 3 | 3.6 NL/g/h,10.1016/j.jcat.2016.03.017,17,False,0,5% Pd/ZnO SI [Table 5 row 3],5% Pd/ZnO SI [Table 5 row 3],thermo,printed,cost_two_sided
10.1016/j.jcou.2016.11.015 | 40 bar | H2/CO2 3.04 | 1.5 NL/g/h,10.1016/j.jcou.2016.11.015,10,False,0,"CZA-5 [Text, 513 K, 55.3 wt.% catalyst]","CZA-5 [Text, 513 K, 55.3 wt.% catalyst]",thermo,printed,cost_two_sided
10.1016/j.jes.2023.05.010 | 30 bar | H2/CO2 4 | 18 NL/g/h,10.1016/j.jes.2023.05.010,3,False,0,"Au/In2O3-NS [Fig. 6a,b and text, Au/In2O3-NS, 300°C]","Au/In2O3-NS [Fig. 6a,b and text, Au/In2O3-NS, 300°C]",thermo,printed,cost_two_sided
10.1016/j.jes.2023.05.010 | 30 bar | H2/CO2 4 | 18000 h-1,10.1016/j.jes.2023.05.010,3,False,0,In2O3-NS [SI Table S5 row In2O3-NS],In2O3-NS [SI Table S5 row In2O3-NS],thermo,printed,cost_two_sided
10.1021/acs.iecr.7b01464 | 30 bar | H2/CO2 3.03 | 0.873 NL/g/h,10.1021/acs.iecr.7b01464,5,True,0.013812,"CZA400 [Text/Fig 6, CZA400, 260 °C, internal cooling]","CZA400 [Text/Fig 6, CZA400, 220 °C, internal cooling]",thermo,printed,cost_two_sided
10.1021/acscatal.0c05628 | 50 bar | H2/CO2 4 | 21 NL/g/h,10.1021/acscatal.0c05628,8,True,0.0209871,"Ir/In2O3-10 [Text/Figure 1, Ir/In2O3-10, 300 °C]","Ir/In2O3-10 [Text/Figure 1a, Ir/In2O3-10, 250 °C]",thermo,printed,cost_two_sided
10.1021/acscatal.1c03170 | 30 bar | H2/CO2 3 | 60 NL/g/h,10.1021/acscatal.1c03170,4,False,0,"Ni-In2O3 [Fig 1, Ni-In2O3 screening catalyst]","Ni-In2O3 [Fig 1, Ni-In2O3 screening catalyst]",thermo,printed,cost_two_sided
10.1021/acscatal.5c05984 | 100 bar | H2/CO2 4 | 10 NL/g/h,10.1021/acscatal.5c05984,9,True,0.0360374,5 wt % Re/TiO2 [Table 4 row 11],1 wt % Re/TiO2 [Table 4 row 3],thermo,printed,cost_two_sided
10.1021/acscatal.5c05984 | 100 bar | H2/CO2 4 | 20 NL/g/h,10.1021/acscatal.5c05984,2,False,0,5 wt % Re/TiO2 [Table 4 row 12],5 wt % Re/TiO2 [Table 4 row 12],thermo,printed,cost_two_sided
10.1021/acscatal.5c05984 | 100 bar | H2/CO2 4 | 40 NL/g/h,10.1021/acscatal.5c05984,2,False,0,5 wt % Re/TiO2 [Table 4 row 14],5 wt % Re/TiO2 [Table 4 row 14],thermo,printed,cost_two_sided
10.1021/acscatal.9b01869 | 50 bar | H2/CO2 4 | 24000 h-1,10.1021/acscatal.9b01869,16,False,0,"In2.5/ZrO2 [Fig 5, In2.5/ZrO2, 280 °C]","In2.5/ZrO2 [Fig 5, In2.5/ZrO2, 280 °C]",thermo,printed,cost_two_sided
10.1021/acscatal.9b03305 | 50 bar | H2/CO2 4 | 24 NL/g/h,10.1021/acscatal.9b03305,12,False,0,"In2O3/m-ZrO2 [Figure 8/text, 5 wt % In2O3/m-ZrO2, 553 K]","In2O3/m-ZrO2 [Figure 8/text, 5 wt % In2O3/m-ZrO2, 553 K]",thermo,printed,cost_two_sided
10.1021/cs500979c | 80 bar | H2/CO2 3 | 3600 h-1,10.1021/cs500979c,18,False,0,"Cu/ZrO2(III) [Table 6, Cu/ZrO2(III), 533 K]","Cu/ZrO2(III) [Table 6, Cu/ZrO2(III), 533 K]",thermo,printed,cost_two_sided
10.1038/s41467-019-11349-9 | 50 bar | H2/CO2 4 | 48 NL/g/h,10.1038/s41467-019-11349-9,3,False,0,"Pd–In2O3 CP [Table 2 Pd–In2O3 CP, WHSV 48,000 initial]","Pd–In2O3 CP [Table 2 Pd–In2O3 CP, WHSV 48,000 initial]",thermo,printed,cost_two_sided
10.1039/c2cy20604h | 100 bar | H2/CO2 3.8 | 10.6 NL/g/h,10.1039/c2cy20604h,11,False,0,"Cu–Ba/Al2O3 [Fig 8, Cu-Ba/Al2O3, 473 K, 10 MPa]","Cu–Ba/Al2O3 [Fig 8, Cu-Ba/Al2O3, 473 K, 10 MPa]",thermo,printed,cost_two_sided
10.1039/c2cy20604h | 100 bar | H2/CO2 3.8 | 4000 h-1,10.1039/c2cy20604h,4,False,0,"Cu–Ba/Al2O3 [SI Table 3, 553 K, 10 MPa]","Cu–Ba/Al2O3 [SI Table 3, 553 K, 10 MPa]",thermo,printed,cost_two_sided
10.1039/c2cy20604h | 30 bar | H2/CO2 3.8 | 10.6 NL/g/h,10.1039/c2cy20604h,11,False,0,"Cu–Ba/Al2O3 [Fig 8, Cu-Ba/Al2O3, 473 K, 3 MPa]","Cu–Ba/Al2O3 [Fig 8, Cu-Ba/Al2O3, 473 K, 3 MPa]",thermo,printed,cost_two_sided
10.1039/c2cy20604h | 30 bar | H2/CO2 3.8 | 4000 h-1,10.1039/c2cy20604h,4,False,0,"Cu–Ba/Al2O3 [SI Table 3, 503 K, 3 MPa]","Cu–Ba/Al2O3 [SI Table 3, 503 K, 3 MPa]",thermo,printed,cost_two_sided
10.1039/c2cy20604h | 360 bar | H2/CO2 3.8 | 10.6 NL/g/h,10.1039/c2cy20604h,11,True,0.00599858,"Cu/Al2O3 [Fig 5/Fig 6, Cu/Al2O3, 473 K, 36 MPa]","Cu/Al2O3 [Fig 5/Fig 6, Cu/Al2O3, 503 K, 36 MPa]",thermo,printed,cost_two_sided
10.1039/c2cy20604h | 360 bar | H2/CO2 3.8 | 4000 h-1,10.1039/c2cy20604h,4,False,0,"Cu–Ba/Al2O3 [SI Table 3, 503 K, 36 MPa]","Cu–Ba/Al2O3 [SI Table 3, 503 K, 36 MPa]",thermo,printed,cost_two_sided
10.1039/c2cy20604h | 4 bar | H2/CO2 3.8 | 10.6 NL/g/h,10.1039/c2cy20604h,11,True,0.0032936,"Cu–Ba/Al2O3 [Fig 8, Cu-Ba/Al2O3, 473 K, 0.40 MPa]","Cu–K/Al2O3 [Fig 7, Cu-K/Al2O3, 443 K, 0.40 MPa]",thermo,printed,cost_two_sided
10.1039/c2cy20604h | 4 bar | H2/CO2 3.8 | 4000 h-1,10.1039/c2cy20604h,4,True,0.513393,"Cu–Ba/Al2O3 [SI Table 3, 533 K, 0.4 MPa]","Cu–Ba/Al2O3 [SI Table 3, 443 K, 0.4 MPa]",thermo,printed,cost_two_sided
10.1039/c5cy00372e | 50 bar | H2/CO2 3.04 | 10 NL/g/h,10.1039/c5cy00372e,5,False,0,CHT-Y0.1 [Table 6 row CHT-Y0.1],CHT-Y0.1 [Table 6 row CHT-Y0.1],thermo,printed,cost_two_sided
10.1039/c6ra28305e | 30 bar | H2/CO2 3 | 3600 h-1,10.1039/c6ra28305e,4,False,0,"CZ-450 [Table 2, CZ-450]","CZ-450 [Table 2, CZ-450]",thermo,printed,cost_two_sided
10.1039/d0gc01597k | 50 bar | H2/CO2 4 | 21 NL/g/h,10.1039/d0gc01597k,4,True,0.0168466,"Pt/In2O3 [Fig. 1a,b/text, Pt/In2O3, 300 °C]","Pt/In2O3 [Fig. 1a,b, Pt/In2O3, 250 °C]",thermo,printed,cost_two_sided
10.1126/sciadv.aaz2060 | 50 bar | H2/CO2 3.04 | 9 NL/g/h,10.1126/sciadv.aaz2060,4,True,0.15541,"h–In2O3-R [Fig. 5B/C, h–In2O3-R, 360°C, standard feed]","h–In2O3-R [Fig. 5B/C, h–In2O3-R, 240°C, standard feed]",thermo,printed,cost_two_sided
10.1126/sciadv.abi6012 | 40 bar | H2/CO2 3 | 12 NL/g/h,10.1126/sciadv.abi6012,12,False,0,"InNi3C0.5/m-ZrO2 [Fig. 2A, InNi3C0.5/m-ZrO2, 12000 ml gcat-1 hour-1]","InNi3C0.5/m-ZrO2 [Fig. 2A, InNi3C0.5/m-ZrO2, 12000 ml gcat-1 hour-1]",thermo,printed,cost_two_sided
10.1126/sciadv.abi6012 | 40 bar | H2/CO2 3 | 24 NL/g/h,10.1126/sciadv.abi6012,4,False,0,"InNi3C0.5/m-ZrO2 [Fig. 2B, InNi3C0.5/m-ZrO2, 24000 ml gcat-1 hour-1]","InNi3C0.5/m-ZrO2 [Fig. 2B, InNi3C0.5/m-ZrO2, 24000 ml gcat-1 hour-1]",thermo,printed,cost_two_sided
10.1126/sciadv.abi6012 | 40 bar | H2/CO2 8 | 30 NL/g/h,10.1126/sciadv.abi6012,2,True,0.000191829,"InNi3C0.5/Fe3O4 [Text/Table S7, InNi3C0.5/Fe3O4, 325C, 4.0 MPa, H2/CO2 8:1, GHSV 30000]","CuZnAl [SI Table S7 row CuZnAl, 325 °C]",thermo,printed,cost_two_sided
