X,SMeOH,SCH4,SCO,STY,P_bar,h2_co2,T_C,main,lock_uncapped,lock_capped,lock_capped_limited
0.0001,0.68,0.001,0.319,0.000291628803426,30,3,219.85,65777.9583494,65777.9583494,65777.9583494,65777.9583494
0.0002,0.39,0.0035,0.6065,0.000334515392166,30,3,299.85,57951.2855292,57951.2855292,57951.2855292,57951.2855292
0.0002,0.6,0.0005,0.3995,0.00051463906487,30,3,219.85,38101.2411862,38101.2411862,38101.2411862,38101.2411862
0.0002,0.65,0.002,0.348,0.000557525653609,30,3,279.85,35259.2852432,35259.2852432,35259.2852432,35259.2852432
0.0002,0.85,0.002,0.148,0.000729072008566,30,3,219.85,27213.9019987,27213.9019987,27213.9019987,27213.9019987
0.0005,0.84,0,0.16,0.002,30,4,200,14765.1177326,14765.1177326,14765.1177326,14765.1177326
0.0005,0.84,0,0.16,0.00216148407245,30,4,200,14755.0584379,14755.0584379,14755.0584379,14755.0584379
0.001,0.18,0.0002,0.8198,0.000771958597305,30,3,299.85,27230.6118089,27230.6118089,27230.6118089,27230.6118089
0.001,0.278,0,0.722,0.001,4,3.8,169.85,43645.8273807,43645.8273807,43645.8273807,43645.8273807
0.001,0.53,0,0.47,0.00272758704381,30,4,200,12170.2451645,12170.2451645,12170.2451645,12170.2451645
0.001,0.53,0,0.47,0.003,30,4,200,12160.0607467,12160.0607467,12160.0607467,12160.0607467
0.001,0.69,0,0.31,0.003,30,4,200,9535.33087417,9535.33087417,9535.33087417,9535.33087417
0.001,0.94,0,0.06,0.00564387507808,50,4,200,6898.16090127,6898.16090127,6898.16090127,6898.16090127
0.001,0.99,0,0.01,0.00594408119925,50,4,200,6584.39356061,6584.39356061,6584.39356061,6584.39356061
0.001,1,0,0,0.00102927812974,20,3,175,6020.75073667,6020.75073667,6020.75073667,6020.75073667
0.001,1,0,0,0.00102927812974,20,3,200,6020.75073667,6020.75073667,6020.75073667,6020.75073667
0.002,0.4,0,0.6,0.000823422503792,20,3,250,7783.1755195,7783.1755195,7783.1755195,7783.1755195
0.002,0.51,0,0.49,0.00104986369234,20,3,225,6262.86773666,6262.86773666,6262.86773666,6262.86773666
0.002,0.58,0,0.42,0.0011939626305,20,3,250,5591.79758592,5591.79758592,5591.79758592,5591.79758592
0.002,0.61,0,0.39,0.00251143863657,30,3,190,4987.19157696,4987.19157696,4987.19157696,4987.19157696
0.002,0.61,0,0.39,0.004,30,4,200,5987.14792908,5987.14792908,5987.14792908,5987.14792908
0.002,0.61,0,0.39,0.00627859659142,30,4,200,5952.59268245,5952.59268245,5952.59268245,5952.59268245
0.002,0.7,0,0.3,0.004,30,4,200,5312.10579712,5312.10579712,5312.10579712,5312.10579712
0.002,0.8,0,0.2,0.00164684500758,20,3,225,4237.47865305,4237.47865305,4237.47865305,4237.47865305
0.002,0.81,0,0.19,0.00166743057018,20,3,225,4193.12444583,4193.12444583,4193.12444583,4193.12444583
0.002,0.96,0,0.04,0.0115279150531,50,4,200,3879.40240422,3879.40240422,3879.40240422,3879.40240422
0.0021,0.78,0.012,0.208,0.00702482323548,30,3,299.85,3851.33641234,3851.33641234,3851.33641234,3851.33641234
0.0021,0.804,0.008,0.188,0.00724097164272,30,3,279.85,3751.07784461,3751.07784461,3751.07784461,3751.07784461
0.0023,0.77,0,0.23,0.00106123104,7,9,180,11416.117961,11416.117961,11416.117961,11416.117961
0.0028,0.92,0,0.08,0.00174180312,7,9,180,8108.97453595,8108.97453595,8108.97453595,8108.97453595
0.003,0.04,0,0.96,0.000576756,30,3,249.85,45761.7765311,45761.7765311,45761.7765311,81937.6841871
0.003,0.3,0,0.7,0.000926350316766,20,3,250,7392.29297232,7392.29297232,7392.29297232,9809.880318
0.003,0.42,0,0.58,0.006,30,4,200,6058.21418541,6058.21418541,6058.21418541,6813.42432225
0.003,0.468,0,0.532,0.007,50,4,250,5321.27274955,5321.27274955,5321.27274955,5321.27274955
0.003,0.468,0,0.532,0.00722553247078,50,4,250,5319.30868209,5319.30868209,5319.30868209,5319.30868209
0.003,0.75,0,0.25,0.00163798704,7,9,180,9226.96739564,9226.96739564,9226.96739564,9226.96739564
0.003,0.866,0.01,0.124,0.017648826235,40,3,250,2702.53329613,2702.53329613,2702.53329613,2702.53329613
0.003,0.866,0.01,0.124,0.018,40,3,250,2701.83012636,2701.83012636,2701.83012636,2701.83012636
0.003,0.91,0,0.09,0.012,30,4,225,3122.6884409,3122.6884409,3122.6884409,3122.6884409
0.003,0.94,0,0.06,0.0169316252342,50,4,225,2951.36870376,2951.36870376,2951.36870376,2951.36870376
0.003,0.97,0,0.03,0.0174719962523,50,4,200,2878.16586179,2878.16586179,2878.16586179,2878.16586179
0.003,0.98,1.73472347598e-17,0.02,0.0252173141786,20,3,220,2580.92626296,2580.92626296,2580.92626296,2580.92626296
0.003,0.99,0,0.01,0.0178322435978,50,4,200,2831.78916922,2831.78916922,2831.78916922,2831.78916922
0.0034,0.97,2.77555756156e-17,0.03,0.00280303416,7,9,180,6511.43552512,6511.43552512,6511.43552512,6511.43552512
0.0035,0.9,0,0.1,0.012,30,4,225,2842.7689441,2842.7689441,2842.7689441,2842.7689441
0.0035,0.9,0,0.1,0.0162111305434,30,4,225,2830.3154961,2830.3154961,2830.3154961,2830.3154961
0.0039,0.96,3.46944695195e-17,0.04,0.002018646,7,9,180,5911.03495305,5911.03495305,5911.03495305,5911.03495305
0.004,0.12,0,0.88,0.0039524280182,50,3,320,12287.2373552,12287.2373552,12287.2373552,24585.5068786
0.004,0.231,0,0.769,0.003,50,4,250,8127.24382341,8127.24382341,8127.24382341,12285.5429529
0.004,0.231,0,0.769,0.0047552649594,50,4,250,8085.40420899,8085.40420899,8085.40420899,12243.7033384
0.004,0.298,0,0.702,0.0039,4,3.8,169.85,12041.4337643,12041.4337643,12041.4337643,14763.04924
0.004,0.603,0,0.397,0.0103442452039,40,3,300,3018.90017818,3018.90017818,3018.90017818,3328.12358729
0.004,0.724,0.008,0.268,0.0124199560989,40,3,300,2618.7711514,2618.7711514,2618.7711514,2618.7711514
0.004,0.771,0.005,0.224,0.0098,30,3.8,169.85,2876.5079451,2876.5079451,2876.5079451,2876.5079451
0.004,0.82,0,0.18,0.03,50,4,279.85,2709.3193128,2709.3193128,2709.3193128,2709.3193128
0.004,0.91,0,0.09,0.0218550056215,50,4,225,2509.36969954,2509.36969954,2509.36969954,2509.36969954
0.004,0.94,0,0.06,0.014,30,4,225,2519.05530562,2519.05530562,2519.05530562,2519.05530562
0.004,1,0,0,0.0329369001517,50,3,200,2012.81414366,2012.81414366,2012.81414366,2012.81414366
0.004,1,0,0,0.045,50,4,200,2318.92939715,2318.92939715,2318.92939715,2318.92939715
0.0042,0.6,0,0.4,0.00518756177389,30,3,210,3032.02662306,3032.02662306,3032.02662306,3618.06466108
0.0042,0.96,3.46944695195e-17,0.04,0.00339132528,7,9,180,5511.38284013,5511.38284013,5511.38284013,5511.38284013
0.0045,0.86,0,0.14,0.015,30,4,225,2506.33497846,2506.33497846,2506.33497846,2506.33497846
0.0045,0.86,0,0.14,0.0199165318105,30,4,225,2496.01643963,2496.01643963,2496.01643963,2496.01643963
0.0049,0.925,0,0.075,0.0307903406121,40,3,250,1924.82694542,1924.82694542,1924.82694542,1924.82694542
0.0049,0.925,0,0.075,0.031,40,3,250,1924.65283446,1924.65283446,1924.65283446,1924.65283446
0.005,0.112,0.009,0.879,0.0018,4,3.8,169.85,26148.3796143,26148.3796143,26148.3796143,39093.7758613
0.005,0.47,0,0.53,0.0403133934148,30,3,250,3231.63564819,3231.63564819,3231.63564819,4795.41680018
0.005,0.47,0,0.53,0.04229544,30,3,250,3230.60092033,3230.60092033,3230.60092033,4794.38207231
0.005,0.503,0,0.497,0.0129431724815,50,4,250,3510.6935941,3510.6935941,3510.6935941,4666.5078436
0.005,0.503,0,0.497,0.014,50,4,250,3507.37823145,3507.37823145,3507.37823145,4663.19248096
0.005,0.638,0,0.362,0.016,50,4,250,2894.44319154,2894.44319154,2894.44319154,3199.46551199
0.005,0.638,0,0.362,0.0164169861694,50,4,250,2893.47107901,2893.47107901,2893.47107901,3198.49339947
0.005,0.705,0.009,0.286,0.0151175225306,40,3,300,2352.074627,2352.074627,2352.074627,2564.51829085
0.005,0.759,0,0.241,0.0195305525118,50,4,250,2524.33434197,2524.33434197,2524.33434197,2524.33434197
0.005,0.759,0,0.241,0.021,50,4,250,2521.93617533,2521.93617533,2521.93617533,2521.93617533
0.005,0.8,0,0.2,0.04,50,4,279.85,2406.24302541,2406.24302541,2406.24302541,2406.24302541
0.005,0.812,0.023,0.165,0.0275805367645,40,3,275,2112.41048547,2112.41048547,2112.41048547,2112.41048547
0.005,0.812,0.023,0.165,0.028,40,3,275,2111.99780307,2111.99780307,2111.99780307,2111.99780307
0.005,0.83,0,0.17,0.05,50,4,279.85,2335.7183996,2335.7183996,2335.7183996,2335.7183996
0.005,0.88,0,0.12,0.017,30,4,225,2309.95475349,2309.95475349,2309.95475349,2309.95475349
0.005,0.88,0,0.12,0.0226441188543,30,4,225,2300.28411842,2300.28411842,2300.28411842,2300.28411842
0.005,0.96,0,0.04,0.0288197876327,50,4,200,2109.49617165,2109.49617165,2109.49617165,2109.49617165
0.005,1,0,0,0.00643298831088,80,3,259.85,1851.50821865,1851.50821865,1851.50821865,1851.50821865
0.005,1,0,0,0.0326107922294,50,4,200,2045.14197856,2045.14197856,2045.14197856,2045.14197856
0.006,0.23,0,0.77,0.02178856,30,3,250,5342.51577935,5342.51577935,5342.51577935,11684.2309275
0.006,0.23,0,0.77,0.023673396984,30,3,250,5339.95521272,5339.95521272,5339.95521272,11681.6703609
0.006,0.45,0,0.55,0.0555532423848,50,0.25,290,1662.54985582,1662.54985582,1662.54985582,3267.3595962
0.006,0.59,0,0.41,0.00728728915856,30,3,190,2500.11896308,2500.11896308,2500.11896308,3333.18668902
0.006,0.6,0,0.4,0.017494932,30,3,249.85,2427.3223866,2427.3223866,2427.3223866,3246.93863658
0.006,0.719,0.021,0.26,0.0137,100,3.8,169.85,2323.64250648,2323.64250648,2323.64250648,2543.38950887
0.006,0.779,0,0.221,0.024,50,4,250,2228.64411144,2228.64411144,2228.64411144,2228.64411144
0.006,0.779,0,0.221,0.024054229892,50,4,250,2228.57677505,2228.57677505,2228.57677505,2228.57677505
0.006,0.82,0.001,0.179,0.0211002016597,30,3,279.85,1925.13388421,1925.13388421,1925.13388421,1925.13388421
0.006,0.953,0,0.047,0.0388437214826,40,3,250,1703.17214734,1703.17214734,1703.17214734,1703.17214734
0.006,0.953,0,0.047,0.039,40,3,250,1703.08246147,1703.08246147,1703.08246147,1703.08246147
0.006,1,0,0,0.0257319532435,30,3,219.85,1672.33194881,1672.33194881,1672.33194881,1672.33194881
0.0061,0.64,0,0.36,0.00803660363701,30,3,210,2328.35234666,2328.35234666,2328.35234666,3085.63231126
0.007,0.148,0.205,0.647,0.0033,4,3.8,199.85,16353.0637171,16353.0637171,16353.0637171,26399.8901782
0.007,0.26,0,0.74,0.002210898,20,3,250,4756.98654511,4756.98654511,4756.98654511,10320.9955697
0.007,0.26,0,0.74,0.00234160774516,20,3,250,4749.9373949,4749.9373949,4749.9373949,10313.9464195
0.007,0.56,0.04,0.4,0.005,50,4,280,2753.60585064,2753.60585064,2753.60585064,3743.42136398
0.007,0.56,0.04,0.4,0.0268984684572,50,4,280,2672.54656315,2672.54656315,2672.54656315,3662.36207649
0.007,0.603,0.042,0.355,0.0132,30,3.8,169.85,2540.98108263,2540.98108263,2540.98108263,3404.91696009
0.007,0.625,0.007,0.368,0.0187628825734,40,3,300,2160.52696359,2160.52696359,2160.52696359,3013.31356339
0.007,0.693,5.55111512313e-17,0.307,0.0249651410369,50,4,250,2237.75904217,2237.75904217,2237.75904217,2639.69206881
0.007,0.693,5.55111512313e-17,0.307,0.084,50,4,250,2212.62982786,2212.62982786,2212.62982786,2614.5628545
0.007,0.84,0,0.16,0.039944225659,40,3,250,1729.72390134,1729.72390134,1729.72390134,1729.72390134
0.007,0.84,0,0.16,0.04,40,3,250,1729.69322832,1729.69322832,1729.69322832,1729.69322832
0.008,0.52,0,0.48,0.071363283662,30,3,250,2311.331946,2311.331946,2311.331946,3901.65174143
0.008,0.53,0.03,0.44,0.015,50,4,300,2608.95063095,2608.95063095,2608.95063095,3980.11883601
0.008,0.53,0.03,0.44,0.0290942618007,50,4,300,2587.31353762,2587.31353762,2587.31353762,3958.48174267
0.008,0.65,0.027,0.323,0.0353248254127,40,3,300,1979.29787842,1979.29787842,1979.29787842,2840.73247383
0.008,0.65,0.027,0.323,0.036,40,3,300,1978.85218194,1978.85218194,1978.85218194,2840.28677735
0.008,0.8,0.041,0.159,0.0195,100,3.8,169.85,1882.44652844,1882.44652844,1882.44652844,2031.09272018
0.008,0.932,0,0.068,0.0506503650533,40,3,250,1521.69868092,1521.69868092,1521.69868092,1521.69868092
0.008,0.932,0,0.068,0.051,40,3,250,1521.56775508,1521.56775508,1521.56775508,1521.56775508
0.008,0.94,0,0.06,0.0451510006246,50,4,225,1679.82850965,1679.82850965,1679.82850965,1679.82850965
0.008,0.96,3.46944695195e-17,0.04,0.0658738003034,20,3,240,1536.26027955,1536.26027955,1536.26027955,1536.26027955
0.008,0.99,0,0.01,0.047552649594,50,4,200,1621.92862871,1621.92862871,1621.92862871,1621.92862871
0.008,0.99,0,0.01,0.06,50,4,225,1617.63006136,1617.63006136,1617.63006136,1617.63006136
0.008,0.99,0,0.01,0.0652150623003,50,3,220,1455.37126494,1455.37126494,1455.37126494,1455.37126494
0.008,1,0,0,0.05,50,4,200,1610.24635257,1610.24635257,1610.24635257,1610.24635257
0.0082,0.903,0,0.097,0.05,40,3,275,1538.17044419,1538.17044419,1538.17044419,1538.17044419
0.0082,0.903,0,0.097,0.0503011927405,40,3,275,1538.0552213,1538.0552213,1538.0552213,1538.0552213
0.0085,0.38,0,0.62,0.00664913671812,30,3,230,2951.96643872,2951.96643872,2951.96643872,6123.82581423
0.009,0.1,0.08,0.82,0.0154391719461,30,3,250,9486.35583742,9486.35583742,9486.35583742,28792.0296262
0.009,0.248,0,0.752,0.0066,30,3.8,169.85,2592.60953118,2592.60953118,2592.60953118,10982.2362313
0.009,0.66,0,0.34,0.034,30,4,250,2074.24404829,2074.24404829,2074.24404829,2879.72805589
0.009,0.738,0,0.262,0.0341823266887,50,4,250,1885.86711125,1885.86711125,1885.86711125,2326.87020946
0.009,0.738,0,0.262,0.035,50,4,250,1885.30033596,1885.30033596,1885.30033596,2326.30343418
0.009,0.88,0,0.12,0.035,50,4,280,1672.12225093,1672.12225093,1672.12225093,1672.12225093
0.009,0.99,0,0.01,0.0581124317528,50,4,220,1537.86939225,1537.86939225,1537.86939225,1537.86939225
0.01,0.017,0.003,0.98,0.0023,30,3,240,46143.2578632,46143.2578632,46143.2578632,173093.871612
0.01,0.47,0,0.53,0.02018646,30,3,249.85,2285.41601779,2285.41601779,2285.41601779,4469.16839679
0.01,0.48,0,0.52,0.017,30,4,225,2527.2502279,2527.2502279,2527.2502279,4507.87247145
0.01,0.62,0.01,0.37,0.0177264566789,40,5,250,2281.68184071,2281.68184071,2281.68184071,3237.29642572
0.01,0.69,0,0.31,0.00710201909521,20,3,175,1834.91896384,1834.91896384,1834.91896384,2577.77647859
0.01,0.889,0.005,0.106,0.06,40,3,275,1441.99770957,1441.99770957,1441.99770957,1441.99770957
0.01,0.889,0.005,0.106,0.0603918649844,40,3,275,1441.88577467,1441.88577467,1441.88577467,1441.88577467
0.01,0.92,0,0.08,0.0624977680378,40,3,275,1407.07174645,1407.07174645,1407.07174645,1407.07174645
0.01,0.92,0,0.08,0.063,40,3,275,1406.93750926,1406.93750926,1406.93750926,1406.93750926
0.01,1,0,0,0.14,40,4,254.85,1456.18075721,1456.18075721,1456.18075721,1456.18075721
0.0105,0.52,0,0.48,0.0936643098064,30,3,250,2045.48011513,2045.48011513,2045.48011513,3928.35120286
0.0105,0.75,0.002,0.248,0.0337731886321,30,3,299.85,1599.77672058,1599.77672058,1599.77672058,2069.884679
0.011,0.213,0,0.787,0.0120579932899,50,4,280,4576.0445122,4576.0445122,4576.0445122,12757.8542147
0.011,0.213,0,0.787,0.014,50,4,280,4569.59980239,4569.59980239,4569.59980239,12751.4095049
0.011,0.24,0,0.76,0.00543458852503,30,3,250,3803.55693429,3803.55693429,3803.55693429,10695.19478
0.011,0.329,0,0.671,0.0118811736,30,3,220,2909.9163963,2909.9163963,2909.9163963,7346.73746217
0.011,0.58,5.55111512313e-17,0.42,0.0050754528,7,9,225,4148.63524023,4148.63524023,4148.63524023,4759.97043252
0.011,0.64,0,0.36,0.031,30,4,250,1937.61322082,1937.61322082,1937.61322082,2887.26161572
0.011,0.64,0,0.36,0.0362305901669,30,4,250,1933.80209895,1933.80209895,1933.80209895,2883.45049385
0.011,0.948,0,0.052,0.0708398614238,40,3,250,1335.15532413,1335.15532413,1335.15532413,1335.15532413
0.011,0.948,0,0.052,0.071,40,3,250,1335.12013566,1335.12013566,1335.12013566,1335.12013566
0.011,1,0,0,0.06,40,4,254.85,1414.33190819,1414.33190819,1414.33190819,1414.33190819
0.012,0.135,0.865,0,0.00578968947979,30,3,200,10108.1902144,10108.1902144,10108.1902144,24284.5257629
0.012,0.143,0.087,0.77,0.00338529576872,30,3,250,6108.0546895,6108.0546895,6108.0546895,19187.6997877
0.012,0.27,0,0.73,0.0166743057018,50,4,280,3582.07164866,3582.07164866,3582.07164866,9508.06366786
0.012,0.27,0,0.73,0.017,50,4,280,3581.35724813,3581.35724813,3581.35724813,9507.34926734
0.012,0.426,0.107,0.467,0.0149,30,3.8,199.85,2660.799911,2660.799911,2660.799911,5491.4459824
0.012,0.55,0,0.45,0.0566102971357,40,3,240,1856.13605389,1856.13605389,1856.13605389,3543.21505299
0.012,0.75,0,0.25,0.052,30,4,250,1661.97920155,1661.97920155,1661.97920155,2087.89165233
0.012,0.76,0,0.24,0.0077285304,7,9,225,3086.92228868,3086.92228868,3086.92228868,3086.92228868
0.012,0.77,0,0.23,0.06,50,4,279.85,1614.05143399,1614.05143399,1614.05143399,2036.91125421
0.012,0.86,0,0.14,0.0619625434104,50,4,250,1501.56996162,1501.56996162,1501.56996162,1596.70830211
0.012,1,0,0,0.07,40,4,254.85,1367.24623384,1367.24623384,1367.24623384,1367.24623384
0.012,1,0,0,0.08,40,4,254.85,1365.23076352,1365.23076352,1365.23076352,1365.23076352
0.013,0.293,0.004,0.703,0.0118,4,3.8,199.85,3134.48315259,3134.48315259,3134.48315259,10255.3650371
0.013,0.59,0,0.41,0.034,30,4,250,1912.48768471,1912.48768471,1912.48768471,3278.8512626
0.013,0.59,0,0.41,0.0394728162755,30,4,250,1909.02936919,1909.02936919,1909.02936919,3275.39294708
0.013,0.786,0.024,0.19,0.069,40,3,275,1440.75654026,1440.75654026,1440.75654026,1880.62534195
0.013,0.786,0.024,0.19,0.0694132819359,40,3,275,1440.66210243,1440.66210243,1440.66210243,1880.53090413
0.013,0.8,0,0.2,0.0544714,30,4,249.85,1542.20758659,1542.20758659,1542.20758659,1819.18300113
0.013,0.81,0,0.19,0.14,40,4,254.85,1508.68416816,1508.68416816,1508.68416816,1785.5138762
0.013,0.82,0,0.18,0.427568448,30,3,249.85,1370.74450401,1370.74450401,1370.74450401,1649.18010002
0.013,0.834,0.014,0.152,0.0736522609855,40,3,300,1379.3416389,1379.3416389,1379.3416389,1656.59090888
0.013,0.834,0.014,0.152,0.074,40,3,300,1379.26998296,1379.26998296,1379.26998296,1656.51925294
0.013,0.98,0,0.02,0.104904026983,50,3,240,1236.67520517,1236.67520517,1236.67520517,1236.67520517
0.014,0.153,0,0.847,0.0066,4,3.8,199.85,2741.9764863,2741.9764863,2741.9764863,20755.1818356
0.014,0.66,0,0.34,0.047552649594,50,4,280,1692.88811707,1692.88811707,1692.88811707,2638.95524219
0.014,0.66,0,0.34,0.056,50,4,280,1689.80312503,1689.80312503,1689.80312503,2635.87025015
0.014,0.94,5.55111512313e-17,0.06,0.112877501562,20,3,260,1264.29807424,1264.29807424,1264.29807424,1264.29807424
0.014,0.95,0.04,0.01,0.145,50,3,260,1256.90542323,1256.90542323,1256.90542323,1256.90542323
0.014,0.96,0.04,0,0.15,50,3,260,1248.85363737,1248.85363737,1248.85363737,1248.85363737
0.014,0.99,0,0.01,0.145,50,4,225,1293.99437088,1293.99437088,1293.99437088,1293.99437088
0.015,0.002,0.828,0.17,6.43298831088e-05,40,3,250,570726.571368,570726.571368,570726.571368,1687102.77778
0.015,0.33,0,0.67,0.0035758872,7,9,225,5576.81724338,5576.81724338,5576.81724338,9494.1763156
0.015,0.768,0.019,0.213,0.078,40,3,300,1394.92960603,1394.92960603,1394.92960603,1913.85751061
0.015,0.768,0.019,0.213,0.0782580747604,40,3,300,1394.88103474,1394.88103474,1394.88103474,1913.80893931
0.015,0.79,0,0.21,0.0085359888,7,9,225,2600.58563712,2600.58563712,2600.58563712,2600.58563712
0.015,0.916,0,0.084,0.093,40,3,275,1237.62104968,1237.62104968,1237.62104968,1292.65942507
0.015,0.916,0,0.084,0.0933390579174,40,3,275,1237.5729026,1237.5729026,1237.5729026,1292.611278
0.015,0.95,0,0.05,0.0855587445347,50,4,225,1303.67887419,1303.67887419,1303.67887419,1303.67887419
0.015,0.96,0,0.04,0.0411711251896,40,5,250,1400.51049205,1400.51049205,1400.51049205,1400.51049205
0.015,0.99,0,0.01,0.0968540529213,50,4,240,1270.57595313,1270.57595313,1270.57595313,1270.57595313
0.015,1,0,0,0.0192989649326,80,3,199.85,1215.16841399,1215.16841399,1215.16841399,1215.16841399
0.0158,0.5246,0.0054,0.47,0.045,50,4,320,1905.43043416,1905.43043416,1905.43043416,3886.68210383
0.016,0.05,0.005,0.945,0.0078,30,3,240,2026.24046935,2026.24046935,2026.24046935,55298.8191626
0.016,0.49,0,0.51,0.067246171143,40,3,255,1822.36909327,1822.36909327,1822.36909327,4084.1712812
0.016,0.628,0.008,0.364,0.03,30,3.8,199.85,1590.43341413,1590.43341413,1590.43341413,2944.4201901
0.016,0.92,0,0.08,0.0883806820737,50,4,225,1302.19335427,1302.19335427,1302.19335427,1302.19335427
0.017,0.052,0,0.948,0.0027,100,3.8,169.85,1489.71735261,1489.71735261,1489.71735261,56428.4539703
0.017,0.57,0,0.43,0.166228417953,30,3,250,1610.6008326,1610.6008326,1610.6008326,3273.04604832
0.017,0.65,0,0.35,0.189558722227,30,3,250,1473.8661557,1473.8661557,1473.8661557,2603.33850248
0.017,0.701,0.023,0.276,0.0102215895601,30,3,220,1493.14125952,1493.14125952,1493.14125952,2357.03335878
0.017,0.723,0.103,0.174,0.0371,360,3.8,169.85,1599.23543364,1599.23543364,1599.23543364,2388.19895372
0.017,0.76,0,0.24,0.01313722,20,3,250,1416.84309056,1416.84309056,1416.84309056,2039.25512984
0.017,0.76,0,0.24,0.0166228417953,20,3,250,1407.43707708,1407.43707708,1407.43707708,2029.84911637
0.017,0.873,0.008,0.119,0.1,40,3,300,1236.65077384,1236.65077384,1236.65077384,1439.27472023
0.017,0.873,0.008,0.119,0.100818410375,40,3,300,1236.54767072,1236.54767072,1236.54767072,1439.17161712
0.017,0.96,0,0.04,0.12,40,4,269.85,1244.16595852,1244.16595852,1244.16595852,1244.16595852
0.0175,0.61,0,0.39,0.0056522088,7,9,225,2965.13582846,2965.13582846,2965.13582846,4063.9774735
0.018,0.05,0.4,0.55,0.0154391719461,30,3,250,4278.05291137,4278.05291137,4278.05291137,60348.4881379
0.018,0.132,0.788,0.08,0.00849154457036,30,3,220,8983.54474871,8983.54474871,8983.54474871,23683.1877195
0.018,0.32,0,0.68,0.0042679944,7,9,225,5095.37242317,5095.37242317,5095.37242317,9465.37193079
0.018,0.52,0.005,0.475,0.0802836941197,40,3,240,1603.68451473,1603.68451473,1603.68451473,3743.44842743
0.018,0.62,0,0.38,0.049,30,4,250,1633.04351542,1633.04351542,1633.04351542,2911.26432239
0.018,0.62,0,0.38,0.0574337196395,30,4,250,1630.09658406,1630.09658406,1630.09658406,2908.31739102
0.018,0.682,0,0.318,0.0631770916035,50,4,280,1517.52225122,1517.52225122,1517.52225122,2465.94511988
0.018,0.682,0,0.318,0.071,50,4,280,1515.639082,1515.639082,1515.639082,2464.06195065
0.018,0.76,0.01,0.23,0.08,50,4,280,1422.03243697,1422.03243697,1422.03243697,1991.26144924
0.018,0.76,0.01,0.23,0.0938701654323,50,4,280,1419.82227093,1419.82227093,1419.82227093,1989.0512832
0.018,0.88,0,0.12,0.0326075311502,30,3,190,1228.09662493,1228.09662493,1228.09662493,1415.74617251
0.018,0.9,0,0.1,0.0694762737575,30,3,239.85,1197.19042848,1197.19042848,1197.19042848,1335.10389779
0.018,0.97,0,0.03,0.13,40,4,269.85,1215.63339075,1215.63339075,1215.63339075,1215.63339075
0.0181,1,0,0,0.0155249451236,30,3,220,1164.20509569,1164.20509569,1164.20509569,1164.20509569
0.019,0.24,0.01,0.75,0.01,50,4,340,3291.44065427,3291.44065427,3291.44065427,10841.0420279
0.019,0.24,0.01,0.75,0.0312900551441,50,4,340,3249.74099143,3249.74099143,3249.74099143,10799.3423651
0.019,0.387,0,0.613,0.0378414104399,50,4,280,2219.87113963,2219.87113963,2219.87113963,5877.7965311
0.019,0.387,0,0.613,0.042,50,4,280,2217.5750958,2217.5750958,2217.5750958,5875.50048727
0.019,0.64,0.36,0,0.0434584099224,30,3,200,1828.12991583,1828.12991583,1828.12991583,3025.58914687
0.019,0.72,0,0.28,0.2274982,30,3,250,1337.36569614,1337.36569614,1337.36569614,2143.4395192
0.019,0.72,0,0.28,0.234675413581,30,3,250,1337.12739751,1337.12739751,1337.12739751,2143.20122057
0.019,0.97,0.02,0.01,0.1,50,4,280,1214.33970008,1214.33970008,1214.33970008,1214.33970008
0.02,0.493,0,0.507,0.05,50,4,280,1829.22207441,1829.22207441,1829.22207441,4173.43744196
0.02,0.493,0,0.507,0.0507434117962,50,4,280,1828.93966414,1828.93966414,1828.93966414,4173.15503169
0.02,0.73,0.04,0.23,0.125228839118,40,3,240,1348.10373968,1348.10373968,1348.10373968,2111.22433097
0.02,0.83,2.77555756156e-17,0.17,0.0196489194967,30,3,200,1243.18391985,1243.18391985,1243.18391985,1609.65315522
0.02,0.83,0.02,0.15,0.095,50,4,280,1313.42393398,1313.42393398,1313.42393398,1666.22405967
0.02,0.83,0.02,0.15,0.113906779691,50,4,280,1311.1751335,1311.1751335,1311.1751335,1663.97525919
0.02,0.84,0,0.16,0.1,50,4,250,1287.76140037,1287.76140037,1287.76140037,1578.51598465
0.02,0.96,0,0.04,0.158097120728,50,3,260,1118.49752335,1118.49752335,1118.49752335,1118.49752335
0.021,0.109,0,0.891,0.0130889868832,50,4,299.85,6107.20424462,6107.20424462,6107.20424462,25630.2164103
0.021,0.44,0,0.56,0.0190210598376,30,3,230,1327.63875329,1327.63875329,1327.63875329,4770.2153271
0.021,0.706,0,0.294,0.0152600775515,20,3,175,1194.84198658,1194.84198658,1194.84198658,2279.95817718
0.021,0.84,0,0.16,0.10591271955,50,4,250,1270.48129823,1270.48129823,1270.48129823,1602.63343673
0.022,0.083,0,0.917,0.0054,360,3.8,169.85,1335.50020526,1335.50020526,1335.50020526,34831.6139016
0.022,0.105,0.156,0.739,0.007,4,3.8,229.85,2428.33727266,2428.33727266,2428.33727266,29646.502985
0.022,0.108,0,0.892,0.0073,30,3.8,199.85,1326.91621548,1326.91621548,1326.91621548,25290.8418325
0.022,0.48,0,0.52,0.0905764754171,40,3,270,1594.98820479,1594.98820479,1594.98820479,4192.7240458
0.022,0.607,5.55111512313e-17,0.393,0.0687249007228,50,4,280,1540.98962285,1540.98962285,1540.98962285,2986.97208255
0.022,0.607,5.55111512313e-17,0.393,0.171,50,4,280,1529.83945961,1529.83945961,1529.83945961,2975.82191932
0.022,0.949,0.001,0.05,0.18,40,3,300,1101.28449922,1101.28449922,1101.28449922,1137.52273359
0.022,0.95,0.045,0.005,0.22,50,3,280,1130.91965731,1130.91965731,1130.91965731,1167.35113994
0.022,1,0,0,0.0283051485679,80,3,239.85,1107.60419413,1107.60419413,1107.60419413,1107.60419413
0.023,0.26,0,0.74,0.0492406657268,50,3,320,2606.52344217,2606.52344217,2606.52344217,9125.71188913
0.023,0.564,0,0.436,0.0277996392,30,3,220,1212.57303157,1212.57303157,1212.57303157,3266.70384842
0.023,0.88,0,0.12,0.14,50,4,279.85,1205.58269013,1205.58269013,1205.58269013,1398.93836113
0.023,0.94,0,0.06,0.129809126796,50,4,225,1162.15343172,1162.15343172,1162.15343172,1162.15343172
0.023,0.94,0.04,0.02,0.21,50,3,280,1124.71788838,1124.71788838,1124.71788838,1194.98814617
0.024,0.14,0,0.86,0.00691674903186,30,3,270,1507.1960202,1507.1960202,1507.1960202,18366.9337532
0.024,0.16,0.006,0.834,0.0195,30,3,240,1275.94380345,1275.94380345,1275.94380345,15761.0318336
0.024,0.466,0.081,0.453,0.0337,100,3.8,199.85,1363.00923765,1363.00923765,1363.00923765,4646.98361625
0.024,0.63,0.07,0.3,0.129689044347,40,3,255,1439.76471979,1439.76471979,1439.76471979,2765.80813844
0.024,0.665,0,0.335,0.0881155,50,4,249.85,1416.96520324,1416.96520324,1416.96520324,2567.48176153
0.024,0.668,0.039,0.293,0.108909154042,40,3,300,1368.59686994,1368.59686994,1368.59686994,2474.00573229
0.024,0.668,0.039,0.293,0.11,40,3,300,1368.47716008,1368.47716008,1368.47716008,2473.88602243
0.024,0.768,0,0.232,0.0189716544874,20,3,175,1140.29313609,1140.29313609,1140.29313609,1911.19856333
0.024,1,0,0,0.0308783438922,80,3,199.85,1087.98415692,1087.98415692,1087.98415692,1087.98415692
0.024,1,0,0,0.0308783438922,80,3,219.85,1087.98415692,1087.98415692,1087.98415692,1087.98415692
0.025,0.05,0.01,0.94,0.005,50,4,360,11801.9215654,11801.9215654,11801.9215654,57203.6630351
0.025,0.05,0.01,0.94,0.00857731774784,50,4,360,11766.6461964,11766.6461964,11766.6461964,57168.3876661
0.025,0.28,0,0.72,0.12008244847,30,3,250,1241.25033964,1241.25033964,1241.25033964,8313.49426444
0.025,0.6,0,0.4,0.0771958597305,50,4,280,1498.54242608,1498.54242608,1498.54242608,3040.41017016
0.025,0.6,0,0.4,0.087,50,4,280,1496.83364406,1496.83364406,1496.83364406,3038.70138813
0.025,0.605,0.295,0.1,0.0540549712233,30,3,220,1731.57384015,1731.57384015,1731.57384015,3214.66008756
0.025,0.65,0,0.35,0.078,30,4,250,1430.0675809,1430.0675809,1430.0675809,2655.51000345
0.025,0.712,0,0.288,0.0183211507094,20,3,175,1129.05919769,1129.05919769,1129.05919769,2224.92739229
0.025,0.84,0.16,0,0.0750515302936,30,3,200,1280.13393091,1280.13393091,1280.13393091,1664.50377647
0.025,0.9,0,0.1,0.0964948246632,40,3,300,1111.60044874,1111.60044874,1111.60044874,1311.47759249
0.025,0.92,0,0.08,0.1972783082,20,3,280,1100.77890272,1100.77890272,1100.77890272,1228.74067122
0.026,0.047,0,0.953,0.0037,4,3.8,229.85,1714.11878641,1714.11878641,1714.11878641,63941.6952791
0.026,0.19,0.002,0.808,0.00508463396092,20,3,175,1188.11512706,1188.11512706,1188.11512706,1998.07435316
0.026,0.43,0.007,0.563,0.0958944124208,40,3,255,1249.36939187,1249.36939187,1249.36939187,4834.02884438
0.026,0.54,0,0.46,0.067,30,4,275,1601.60735059,1601.60735059,1601.60735059,3552.50216785
0.026,0.54,0,0.46,0.0722553247078,30,4,275,1600.41690081,1600.41690081,1600.41690081,3551.31171807
0.026,0.601,0.036,0.363,0.106151100365,40,3,325,1435.94140383,1435.94140383,1435.94140383,2942.16218835
0.026,0.601,0.036,0.363,0.11,40,3,325,1435.51028059,1435.51028059,1435.51028059,2941.73106511
0.026,0.68,0,0.32,0.0151646977782,30,3,230,1194.88473213,1194.88473213,1194.88473213,2372.58725966
0.026,0.85,2.77555756156e-17,0.15,0.12,50,4,300,1196.90408867,1196.90408867,1196.90408867,1549.65706656
0.026,0.892,0.002,0.106,0.2,40,3,300,1102.72415785,1102.72415785,1102.72415785,1328.55200442
0.027,0.112,0.002,0.886,0.0094,4,3.8,229.85,1606.13400596,1606.13400596,1606.13400596,25818.0519064
0.027,0.537,0,0.463,0.0149235036031,20,3,200,1139.10724233,1139.10724233,1139.10724233,3504.96472067
0.027,0.598,0.118,0.284,0.109,40,3,325,1518.70635989,1518.70635989,1518.70635989,3062.96267789
0.027,0.598,0.118,0.284,0.109683582906,40,3,325,1518.63122018,1518.63122018,1518.63122018,3062.88753818
0.027,0.828,0,0.172,0.046021083737,30,3,210,1108.76358256,1108.76358256,1108.76358256,1584.89359311
0.027,0.833,0.004,0.163,0.15,40,3,300,1141.77881164,1141.77881164,1141.77881164,1571.61093158
0.027,0.833,0.004,0.163,0.152786663146,40,3,300,1141.59681119,1141.59681119,1141.59681119,1571.42893113
0.027,0.84,0,0.16,0.16,40,4,269.85,1191.35390663,1191.35390663,1191.35390663,1574.82074026
0.028,0.13,0.76,0.11,0.0130089319176,30,3,240,7701.84509305,7701.84509305,7701.84509305,23167.1889434
0.028,0.28,0.001,0.719,0.0336230855715,30,3,279.85,1319.40769689,1319.40769689,1319.40769689,8178.35877589
0.028,0.4,0,0.6,0.192131917552,30,3,250,1159.28908674,1159.28908674,1159.28908674,5228.17599027
0.028,0.49,0,0.51,0.11297356752,50,3,320,1565.32882972,1565.32882972,1565.32882972,3985.65219113
0.028,0.53,0,0.47,0.254574790756,30,3,250,1157.07003255,1157.07003255,1157.07003255,3490.07349251
0.028,0.53,0,0.47,0.25569516,30,3,250,1157.03828838,1157.03828838,1157.03828838,3490.04174835
0.028,0.53,0,0.47,0.318218488445,30,3,250,1155.55828348,1155.55828348,1155.55828348,3488.56174344
0.028,0.622,0.01,0.368,0.0519,100,3.8,199.85,1170.17134434,1170.17134434,1170.17134434,2880.80431525
0.028,0.8,0,0.2,0.21,40,4,284.85,1213.40005183,1213.40005183,1213.40005183,1729.37566505
0.028,0.86,0,0.14,0.0495700347283,30,3,190,1073.37324789,1073.37324789,1073.37324789,1460.62990964
0.028,0.91,0.01,0.08,0.147,50,4,280,1138.93834323,1138.93834323,1138.93834323,1292.5386112
0.028,0.91,0.01,0.08,0.174840044972,50,4,280,1137.28071029,1137.28071029,1137.28071029,1290.88097826
0.028,0.94,0.03,0.03,0.15,50,4,300,1132.52623516,1132.52623516,1132.52623516,1169.82440184
0.028,0.94,0.04,0.02,0.31,50,3,260,1083.33780995,1083.33780995,1083.33780995,1169.57839222
0.028,0.97,0,0.03,0.17714182339,50,4,260,1091.28349255,1091.28349255,1091.28349255,1091.28349255
0.0285,0.52,0,0.48,0.254231698046,30,3,250,1147.05215299,1147.05215299,1147.05215299,3602.73036756
0.029,0.91,0,0.09,0.241,40,4,269.85,1117.88184686,1117.88184686,1117.88184686,1265.07195204
0.029,0.95,0,0.05,0.165413572767,50,4,225,1096.53900267,1096.53900267,1096.53900267,1132.24471394
0.03,0.13,0.025,0.845,0.0205,30,3,280,1308.20504071,1308.20504071,1308.20504071,19402.9295291
0.03,0.56,0.01,0.43,0.0518756177389,30,3,250,1154.17657816,1154.17657816,1154.17657816,3255.89139403
0.03,0.682,0.015,0.303,0.138989601528,40,3,325,1268.84620494,1268.84620494,1268.84620494,2347.51315171
0.03,0.682,0.015,0.303,0.14,40,3,325,1268.77098429,1268.77098429,1268.77098429,2347.43793106
0.03,0.75,0.01,0.24,0.026632571607,30,3,200,1091.30704473,1091.30704473,1091.30704473,1968.93624309
0.03,0.76,0,0.24,0.26,40,4,269.85,1230.42224906,1230.42224906,1230.42224906,1946.2558854
0.03,0.77,0,0.23,0.1217596,50,1,300,991.874872258,991.874872258,991.874872258,1623.78150545
0.03,0.78,0,0.22,0.391383008834,50,4,279.85,1209.69493023,1209.69493023,1209.69493023,1830.05491553
0.03,0.88,0.015,0.105,0.226441188543,40,3,240,1092.06021174,1092.06021174,1092.06021174,1374.06174828
0.03,0.89,0,0.11,0.10305647274,50,4,279.85,1133.82275558,1133.82275558,1133.82275558,1353.00626743
0.03,0.89,0,0.11,0.16,50,4,279.85,1129.00787766,1129.00787766,1129.00787766,1348.19138951
0.03,0.91,0.04,0.05,0.3,50,3,300,1090.6366469,1090.6366469,1090.6366469,1283.45787418
0.03,0.97,0,0.03,0.528319886678,50,4,279.85,1069.36858839,1069.36858839,1069.36858839,1069.36858839
0.031,0.128,0.722,0.15,0.0141811653431,30,3,260,6523.73893168,6523.73893168,6523.73893168,23116.5885828
0.031,0.66,0,0.34,0.09,30,4,275,1342.9592829,1342.9592829,1342.9592829,2543.90713464
0.031,0.726,0.184,0.09,0.0804337971803,30,3,220,1362.60114622,1362.60114622,1362.60114622,2240.96903053
0.031,0.82,0.01,0.17,0.141,50,4,300,1183.44847389,1183.44847389,1183.44847389,1640.94319425
0.031,0.82,0.01,0.17,0.17442833372,50,4,300,1181.38758226,1181.38758226,1181.38758226,1638.88230262
0.031,0.89,0,0.11,0.19,50,4,279.85,1120.2519771,1120.2519771,1120.2519771,1332.21964202
0.031,0.9,0,0.1,0.167515015615,50,4,250,1114.53811774,1114.53811774,1114.53811774,1324.39942319
0.031,0.94,0.04,0.02,0.32,50,3,300,1065.85331705,1065.85331705,1065.85331705,1169.45747088
0.031,0.98,0,0.02,0.21,50,4,220,1062.66200189,1062.66200189,1062.66200189,1062.66200189
0.032,0.2,0.008,0.792,0.0208,30,3,240,1126.36143001,1126.36143001,1126.36143001,12017.6608573
0.032,0.22,0,0.78,0.00865134,20,3,250,1181.94135891,1181.94135891,1181.94135891,10811.4287438
0.032,0.22,0,0.78,0.00905764754171,20,3,250,1179.44857439,1179.44857439,1179.44857439,10808.9359593
0.032,0.44,0,0.56,0.12076863389,40,3,285,1202.65349337,1202.65349337,1202.65349337,4593.81749129
0.032,0.5,0.1,0.4,0.137237083965,40,3,270,1316.87922479,1316.87922479,1316.87922479,3957.39341959
0.032,0.52,0,0.48,0.08,30,4,275,1309.3065933,1309.3065933,1309.3065933,3762.56907051
0.032,0.52,0,0.48,0.0856359403944,30,4,275,1308.33954279,1308.33954279,1308.33954279,3761.60201999
0.032,0.57,5.55111512313e-17,0.43,0.375293015222,50,0.25,290,888.004682436,1178.63606002,1039.1970824,2217.78720916
0.032,0.62,0.01,0.37,0.0612626342821,30,3,250,1121.64563036,1121.64563036,1121.64563036,2723.28383323
0.032,0.979,0,0.021,0.0967356757455,50,3.04166666667,240,1024.17889932,1024.17889932,1024.17889932,1024.17889932
0.032,0.98,0,0.02,0.22,50,4,220,1056.09775201,1056.09775201,1056.09775201,1056.09775201
0.033,0.15,0.02,0.83,0.021,30,3,280,1225.72113202,1225.72113202,1225.72113202,16469.6062935
0.033,0.29,0,0.71,0.0197003834032,30,3,250,1122.91574779,1122.91574779,1122.91574779,7808.93633018
0.033,0.33,0.013,0.657,0.0934069902739,40,3,270,1156.13840346,1156.13840346,1156.13840346,6697.68614176
0.033,0.536,0.043,0.421,0.12,40,3,350,1484.19141157,1484.19141157,1484.19141157,3506.27680237
0.033,0.536,0.043,0.421,0.120158752288,40,3,350,1484.1763904,1484.1763904,1484.1763904,3506.26178119
0.033,0.54,0,0.46,0.018341736272,20,3,200,1075.16849404,1075.16849404,1075.16849404,3422.69849697
0.033,0.572,2e-05,0.42798,0.019428653977,20,3,200,1073.2085869,1073.2085869,1073.2085869,3146.54717582
0.033,0.612,0.021,0.367,0.137196187314,40,3,350,1339.16680676,1339.16680676,1339.16680676,2825.13533366
0.033,0.612,0.021,0.367,0.14,40,3,350,1338.95589467,1338.95589467,1338.95589467,2824.92442156
0.033,0.641,0,0.359,0.0217723202784,20,3,200,1069.4525909,1069.4525909,1069.4525909,2591.41735488
0.033,0.8,0.02,0.18,0.0312488840189,30,3,200,1076.25396171,1076.25396171,1076.25396171,1717.16672831
0.033,0.88,0,0.12,0.18,50,4,279.85,1114.4782593,1114.4782593,1114.4782593,1382.41917836
0.033,1,0,0,0.0424577228518,80,3,259.85,1028.04467892,1028.04467892,1028.04467892,1028.04467892
0.034,0.698,0.012,0.29,0.16,40,3,325,1221.02565272,1221.02565272,1221.02565272,2210.2449222
0.034,0.698,0.012,0.29,0.161217068595,40,3,325,1220.95333864,1220.95333864,1220.95333864,2210.17260812
0.034,0.72,0,0.28,0.138,50,4,300,1244.30458722,1244.30458722,1244.30458722,2148.71616012
0.034,0.72,0,0.28,0.167978190774,50,4,300,1242.36644443,1242.36644443,1242.36644443,2146.77801733
0.034,0.79,0,0.21,0.161270728295,50,4,275,1178.01917752,1178.01917752,1178.01917752,1789.32457726
0.034,0.79,0,0.21,0.24,40,4,284.85,1173.53394608,1173.53394608,1173.53394608,1780.53405561
0.034,0.8,0.025,0.175,0.233303042741,40,3,255,1116.35103999,1116.35103999,1116.35103999,1705.61829439
0.034,0.87,0,0.13,0.248,20,3,300,1072.36415486,1072.36415486,1072.36415486,1391.3607737
0.034,0.87,0,0.13,0.253717058981,20,3,300,1072.19771441,1072.19771441,1072.19771441,1391.19433326
0.034,0.87,0.13,0,0.105715441242,30,3,200,1166.90309305,1166.90309305,1166.90309305,1487.56407021
0.034,0.98,0,0.02,0.17,50,4,220,1046.98618246,1046.98618246,1046.98618246,1046.98618246
0.035,0.003,0.797,0.2,0.000225154590881,40,3,280,13281.4689052,13281.4689052,13281.4689052,1037837.83568
0.035,0.49,0,0.51,0.352865965518,50,0.25,290,883.636751577,1283.09448288,1039.55706148,2670.59982979
0.035,0.79,0,0.21,0.189730268582,50,4,279.85,1170.24720581,1170.24720581,1170.24720581,1763.65752287
0.035,0.859,0.004,0.137,0.128938529044,40,3,300,1077.22726337,1077.22726337,1077.22726337,1421.75636382
0.035,0.86,0.005,0.135,0.25817726421,40,3,240,1054.6932256,1054.6932256,1054.6932256,1415.28456907
0.035,1,0,0,0.0450309181761,80,3,239.85,1018.73494174,1018.73494174,1018.73494174,1018.73494174
0.036,0.042,0,0.958,0.0046,100,3.8,199.85,1183.21956718,1183.21956718,1183.21956718,65521.3600459
0.036,0.6,0,0.4,0.177859260819,50,3,320,1263.63407013,1263.63407013,1263.63407013,2877.82235861
0.036,0.695,0.036,0.269,0.075,360,3.8,169.85,1133.33515667,1133.33515667,1133.33515667,2325.35273378
0.036,0.7,0,0.3,0.0518756177389,30,3,230,1043.93343964,1043.93343964,1043.93343964,2187.93124454
0.036,0.79,0,0.21,0.16,50,4,279.85,1165.84303086,1165.84303086,1165.84303086,1776.33838506
0.036,0.79,0,0.21,0.195151133399,50,4,279.85,1164.05232939,1164.05232939,1164.05232939,1774.54768359
0.036,1,0,0,0.0463175158383,80,3,219.85,1014.44908602,1014.44908602,1014.44908602,1014.44908602
0.037,0.55,0.27,0.18,0.0727285067369,30,3,240,1518.41724144,1518.41724144,1518.41724144,3566.64800066
0.037,0.67,0,0.33,0.107,30,4,275,1184.02091919,1184.02091919,1184.02091919,2458.33833141
0.038,0.06,0,0.94,0.00469350827162,30,3,290,1221.54258758,1221.54258758,1221.54258758,42361.0554096
0.038,0.11,0,0.89,0.00860476516463,30,3,290,1181.15731576,1181.15731576,1181.15731576,22585.9747504
0.038,0.315,0.005,0.68,0.0045,30,3,200,1121.58794358,1121.58794358,1121.58794358,7058.7948288
0.038,0.85,0,0.15,0.0664913671812,30,3,210,1012.09563723,1012.09563723,1012.09563723,1456.19331517
0.038,0.94,0,0.06,0.294126518355,50,3,280,1008.57082891,1008.57082891,1008.57082891,1134.77002579
0.038,1,0,0,0.0325938074418,30,3,220,999.026670732,999.026670732,999.026670732,999.026670732
0.039,0.84,0,0.16,0.22,50,4,279.85,1108.71124436,1108.71124436,1108.71124436,1550.89300043
0.039,0.9,0,0.1,0.19,50,4,320,1069.36137376,1069.36137376,1069.36137376,1290.6280359
0.039,0.9,0.002,0.098,0.3,40,3,300,1026.40267116,1026.40267116,1026.40267116,1258.44545047
0.039,0.98,0,0.02,0.24,50,4,220,1020.79521196,1020.79521196,1020.79521196,1020.79521196
0.04,0.06,0.079,0.861,0.0074,4,3.8,259.85,1532.87154332,2828.97318475,2502.83249022,47055.514381
0.04,0.188,0.19,0.622,0.0226,30,3.8,229.85,1382.59722388,1382.59722388,1382.59722388,13788.0459548
0.04,0.259,0.01,0.731,0.0215487953779,30,3,240,1061.48763754,1061.48763754,1061.48763754,8728.33135971
0.04,0.38,0,0.62,0.0299863028464,30,3,250,1048.90469648,1048.90469648,1048.90469648,5451.14991024
0.04,0.42,0.03,0.55,0.115279150531,50,4,279.85,1202.54163934,1202.54163934,1202.54163934,5082.98154906
0.04,0.68,0.02,0.3,0.0321958198983,30,3,220,1047.46318178,1047.46318178,1047.46318178,2327.77351983
0.04,0.8,0.015,0.185,0.274474167931,40,3,255,1046.88839561,1046.88839561,1046.88839561,1673.98773899
0.04,0.86,0,0.14,0.187,50,4,300,1091.46971296,1091.46971296,1091.46971296,1456.7240735
0.04,0.86,0,0.14,0.23604778442,50,4,300,1089.57627313,1089.57627313,1089.57627313,1454.83063367
0.04,0.9,0,0.1,0.0741080253413,30,3,190,991.920328806,991.920328806,991.920328806,1227.47649892
0.04,0.91,0.005,0.085,0.312214366021,40,3,240,1017.96800356,1017.96800356,1017.96800356,1222.40411954
0.04,0.96,0,0.04,0.118572840546,50,3.04166666667,260,1000.70168804,1000.70168804,1000.70168804,1060.28780947
0.04,0.97,0.03,0,0.1,100,4,150,1062.20897971,1062.20897971,1062.20897971,1087.96098858
0.04,0.98,0,0.02,0.22,50,4,220,1017.48497593,1017.48497593,1017.48497593,1017.48497593
0.041,0.55,0,0.45,0.101,30,4,275,1125.73592224,1125.73592224,1125.73592224,3373.74553402
0.041,0.55,0,0.45,0.116051109128,30,4,275,1124.05595105,1124.05595105,1124.05595105,3372.06556283
0.041,0.585,0.015,0.4,0.0283903213331,30,3,220,1039.55745829,1039.55745829,1039.55745829,2968.89904312
0.041,0.87,0.13,0,0.127480385027,30,3,200,1136.37841455,1136.37841455,1136.37841455,1461.2333134
0.042,0.026,0,0.974,0.0033,30,3.8,229.85,1179.70104117,1179.70104117,1179.70104117,103378.217014
0.042,0.21,0.015,0.775,0.0265,30,3,280,1095.55135635,1095.55135635,1095.55135635,11032.2951671
0.042,0.539,0,0.461,0.0452176704,30,3,220,1005.71078122,1005.71078122,1005.71078122,3353.23662048
0.042,0.65,0,0.35,0.0561985858838,30,3,230,1007.53189755,1007.53189755,1007.53189755,2472.78216481
0.042,0.66,0.23,0.11,0.0990680199875,30,3,240,1375.18724822,1375.18724822,1375.18724822,2623.55115494
0.042,0.7912,0.0072,0.2016,0.187,50,4,320,1139.57454689,1139.57454689,1139.57454689,1775.56443557
0.042,0.82,0.01,0.17,0.295402823235,40,3,255,1026.92373349,1026.92373349,1026.92373349,1585.6514701
0.042,0.87,0,0.13,0.2,50,4,280,1075.89014575,1075.89014575,1075.89014575,1419.59154166
0.042,0.93,0.03,0.04,0.42,50,3,280,1020.33330661,1020.33330661,1020.33330661,1173.19101748
0.043,0.368,0.055,0.577,0.107496161025,40,3,325,1228.70782611,1228.70782611,1228.70782611,5732.86781449
0.043,0.368,0.055,0.577,0.11,40,3,325,1228.43017141,1228.43017141,1228.43017141,5732.59015979
0.043,0.38,0.14,0.48,0.140153372,40,3,285,1268.91542264,1268.91542264,1268.91542264,5655.52872391
0.043,0.509,0.145,0.346,0.148683548809,40,3,350,1541.23554322,1541.23554322,1541.23554322,3806.28496872
0.043,0.509,0.145,0.346,0.149,40,3,350,1541.21430683,1541.21430683,1541.21430683,3806.26373234
0.043,0.572,0.045,0.383,0.0741,360,3.8,199.85,1126.41697349,1126.41697349,1126.41697349,3343.97304119
0.043,0.655,0.025,0.32,0.0333380613028,30,3,220,1038.93000811,1038.93000811,1038.93000811,2484.36322714
0.043,0.665,0.016,0.319,0.194252573592,40,3,325,1157.91002328,1157.91002328,1157.91002328,2385.15493824
0.043,0.69,0.048,0.262,0.254489017578,40,3,270,1090.04152264,1090.04152264,1090.04152264,2271.00624443
0.043,0.84,0,0.16,0.25,50,4,279.85,1090.73419132,1090.73419132,1090.73419132,1517.31866458
0.043,0.92,0.015,0.065,0.113106230035,40,5,250,1088.63782451,1088.63782451,1088.63782451,1238.63027204
0.044,0.37,0,0.63,0.139638732935,40,3,300,1066.44098995,1066.44098995,1066.44098995,5605.68101032
0.044,0.5,0,0.5,0.0452882377086,30,3,250,1016.43781938,1016.43781938,1016.43781938,3723.56579236
0.044,0.621,0.014,0.365,0.185618371072,40,3,350,1231.64295004,1231.64295004,1231.64295004,2667.80800588
0.044,0.621,0.014,0.365,0.19,40,3,350,1231.44024575,1231.44024575,1231.44024575,2667.6053016
0.044,0.676,0.014,0.31,0.2,40,3,325,1140.12757692,1140.12757692,1140.12757692,2322.06597979
0.044,0.676,0.014,0.31,0.202058001361,40,3,325,1140.04219363,1140.04219363,1140.04219363,2321.9805965
0.044,0.72,0,0.28,0.190210598376,50,4,275,1094.03834471,1094.03834471,1094.03834471,2122.39831956
0.044,0.76,0,0.24,0.15,50,4,320,1152.96107558,1152.96107558,1152.96107558,1897.81923867
0.045,0.25,0.016,0.734,0.0241237061658,30,3,240,1039.87580368,1039.87580368,1039.87580368,8991.54106449
0.045,0.265,0.018,0.717,0.0248039946797,30,3,240,1041.55962621,1041.55962621,1041.55962621,8399.95560428
0.045,0.61,0,0.39,0.0235447372178,30,3,250,1027.92011169,1027.92011169,1027.92011169,2752.49579025
0.045,0.668,0.017,0.315,0.204204663828,40,3,325,1131.45729798,1131.45729798,1131.45729798,2364.712034
0.045,0.68,0,0.32,0.131232961542,30,3,259.85,1003.61773584,1003.61773584,1003.61773584,2258.42336518
0.045,0.718,0.222,0.06,0.11547214018,30,3,220,1317.11334029,1317.11334029,1317.11334029,2247.80775353
0.045,0.73,0,0.27,0.33,40,4,299.85,1132.26581829,1132.26581829,1132.26581829,2063.56445483
0.045,0.75,0,0.25,0.104214410636,50,3.04166666667,300,1067.92290443,1067.92290443,1067.92290443,1916.98058805
0.045,0.76,0,0.24,0.105603936111,50,3.04166666667,300,1067.75970769,1067.75970769,1067.75970769,1855.1294025
0.045,0.88,0,0.12,0.23776324797,50,4,250,1048.05956263,1048.05956263,1048.05956263,1373.86968939
0.045,0.924,0.006,0.07,0.434,50,3,320,998.381987588,998.381987588,998.381987588,1177.39341639
0.045,0.959,0,0.041,0.133255493067,50,3.04166666667,240,985.88264374,985.88264374,985.88264374,1056.25585758
0.046,0.2,0,0.8,0.0189387175872,30,3,270,1047.18161687,1047.18161687,1047.18161687,11553.0970783
0.046,0.413,0,0.587,0.0385273008,30,3,220,993.487850733,993.487850733,993.487850733,4826.55922955
0.046,0.62,0,0.38,0.158,50,4,320,1190.77313447,1190.77313447,1190.77313447,2790.04766645
0.046,0.62,0,0.38,0.195700081735,50,4,320,1188.83783996,1188.83783996,1188.83783996,2788.11237194
0.046,0.62,0.01,0.37,0.0562637734987,30,3,250,1015.17629231,1015.17629231,1015.17629231,2670.11127499
0.046,0.87,0,0.13,0.27,50,4,279.85,1059.25045478,1059.25045478,1059.25045478,1396.25625752
0.046,0.93,0.03,0.04,0.46,50,3,320,1009.21137576,1009.21137576,1009.21137576,1165.63189175
0.047,0.107,0.703,0.19,0.0179730545641,30,3,280,4502.19429489,4502.19429489,4502.19429489,26477.1731806
0.047,0.113,0.004,0.883,0.00546649614705,20,3,200,1075.83709658,1075.83709658,1075.83709658,1469.90303194
0.047,0.297,0.007,0.696,0.0425,30,3.8,229.85,1033.79133559,1033.79133559,1033.79133559,7597.35224512
0.047,0.84,0,0.16,0.237042753279,50,4,250,1036.13367371,1036.13367371,1036.13367371,1514.8380912
0.047,0.84,0,0.16,0.27,50,4,279.85,1073.86317956,1073.86317956,1073.86317956,1513.8919943
0.047,0.863,0.004,0.133,0.173952292585,40,3,300,1031.04011082,1031.04011082,1031.04011082,1392.02821046
0.048,0.48,0.03,0.49,0.135,50,4,340,1293.21752394,1293.21752394,1293.21752394,4173.5181189
0.048,0.67,0.025,0.305,0.27584653877,40,3,270,1028.6645016,1028.6645016,1028.6645016,2347.07645625
0.048,0.72,0,0.28,0.205,50,4,275,1061.01819741,1061.01819741,1061.01819741,2108.71735054
0.048,0.75,0,0.25,0.197,50,4,320,1144.03068833,1144.03068833,1144.03068833,1939.87747684
0.048,0.75,0,0.25,0.247026751138,50,4,320,1142.24430481,1142.24430481,1142.24430481,1938.09109331
0.048,0.82,0.01,0.17,0.0465892452646,30,3,200,987.824926704,987.824926704,987.824926704,1466.0484035
0.048,0.84,0,0.16,0.28,50,4,279.85,1065.88068686,1065.88068686,1065.88068686,1524.8741252
0.048,0.915,0,0.085,0.188357897742,40,3,250,984.923746512,984.923746512,984.923746512,1195.19924912
0.049,0.25,0.018,0.732,0.105072142411,40,3,285,1038.25684404,1038.25684404,1038.25684404,8957.78148452
0.049,0.53,0.31,0.16,0.0928137257964,30,3,260,1540.46418165,1540.46418165,1540.46418165,3743.33349565
0.049,0.589,0.022,0.389,0.19,40,3,350,1158.1895836,1158.1895836,1158.1895836,2892.36186493
0.049,0.589,0.022,0.389,0.196059574276,40,3,350,1157.92126507,1157.92126507,1157.92126507,2892.09354641
0.049,0.982,1.38777878078e-17,0.018,0.137574458463,40,5,250,1017.20895483,1017.20895483,1017.20895483,1017.20895483
0.05,0.012,0,0.988,0.0018,4,3.8,259.85,1379.42550087,2827.50555317,2301.37862116,227600.753094
0.05,0.254,0.154,0.592,0.086,40,3,350,1400.93868976,1425.76021007,1419.0973151,9107.61407472
0.05,0.254,0.154,0.592,0.0862740928348,40,3,350,1400.89456038,1425.7160807,1419.05318573,9107.56994535
0.05,0.67,0.22,0.11,0.11972506023,30,3,240,1304.94830408,1304.94830408,1304.94830408,2527.25441466
0.05,0.72,0.01,0.27,0.111162038012,30,3,250,989.070725061,989.070725061,989.070725061,2030.83282073
0.05,0.73,0.025,0.245,0.313072097796,40,3,270,1018.59155877,1018.59155877,1018.59155877,2007.81236374
0.05,0.77,0,0.23,0.3,40,4,284.85,1055.24006627,1055.24006627,1055.24006627,1829.62382073
0.05,0.8,0.001,0.199,0.171546354957,20,3,300,1023.20983054,1023.20983054,1023.20983054,1637.32306386
0.05,0.85,0.005,0.145,0.131232961542,30,3,250,981.117209154,981.117209154,981.117209154,1437.69666553
0.05,0.94,0,0.06,0.0967521441956,30,3,190,956.568299601,956.568299601,956.568299601,1025.00127972
0.05,0.98,0.01,0.01,0.3,20,4,200,987.834043148,987.834043148,987.834043148,1007.29819947
0.051,0.7,0,0.3,0.293961833854,50,3,320,1041.5587821,1041.5587821,1041.5587821,2139.51764854
0.051,0.85,0.005,0.145,0.133857620773,30,3,250,977.422892965,977.422892965,977.422892965,1426.77434337
0.051,0.951,0,0.049,0.3332368,50,3,300,967.924525816,967.924525816,967.924525816,1075.34620539
0.052,0.23,0.015,0.755,0.025646180066,30,3,280,1036.75891457,1036.75891457,1036.75891457,9735.01389913
0.052,0.59,0.057,0.353,0.263152108504,40,3,285,1067.22003289,1067.22003289,1067.22003289,2910.41177937
0.052,0.9,0.01,0.09,0.401418470599,40,3,240,972.737188003,972.737188003,972.737188003,1245.96459713
0.052,1,0,0,0.297347015258,50,4,299.85,969.355561917,969.355561917,969.355561917,969.355561917
0.053,0.307,0.008,0.685,0.0074,30,3,220,1045.46421534,1045.46421534,1045.46421534,6974.37720278
0.053,0.55,0,0.45,0.157,50,4,340,1156.17395914,1156.17395914,1156.17395914,3335.95722519
0.053,0.55,0,0.45,0.20002304988,50,4,340,1153.99337983,1153.99337983,1153.99337983,3333.77664589
0.053,0.835,0.004,0.161,0.189794598465,40,3,300,1009.33506849,1009.33506849,1009.33506849,1494.15228712
0.053,0.93,0,0.07,0.15,10,5,250,1067.76683102,1067.76683102,1067.76683102,1205.71094283
0.053,1,0,0,0.0681896760953,80,3,199.85,965.330391038,965.330391038,965.330391038,965.330391038
0.054,0.45,0,0.55,0.132,50,4,340,1145.5017501,1145.5017501,1145.5017501,4451.85883161
0.054,0.45,0,0.55,0.166743057018,50,4,340,1143.16144704,1143.16144704,1143.16144704,4449.51852856
0.054,0.8,0,0.2,0.34,40,4,284.85,1029.65602355,1029.65602355,1029.65602355,1671.7559929
0.054,0.84,0,0.16,0.09337611193,30,3,210,952.195749977,952.195749977,952.195749977,1471.73690358
0.054,0.89,0,0.11,0.29,50,4,240,995.950323385,995.950323385,995.950323385,1303.69593587
0.054,0.96,0,0.04,0.338108693834,50,4,280,984.115120472,984.115120472,984.115120472,1059.00942096
0.054,0.96,0.01,0.03,0.160073334737,30,3,250,960.442006545,960.442006545,960.442006545,1044.83354509
0.0543,0.5323,0,0.4677,0.12,30,4,300,1051.79061618,1051.79061618,1051.79061618,3470.58006428
0.0543,0.5323,0,0.4677,0.148750709207,30,4,300,1049.50008795,1049.50008795,1049.50008795,3468.28953604
0.055,0.09,0,0.91,0.03,3,3.0416666667,229.85,1124.12107455,2009.67620912,1796.33337337,27610.5058533
0.055,0.28,0.08,0.64,0.105672554653,50,4,279.85,1144.0644279,1144.0644279,1144.0644279,8358.49945886
0.055,0.47,0.03,0.5,0.11,50,4,340,1183.21001862,1183.21001862,1183.21001862,4233.52990596
0.055,0.68,0,0.32,0.320791683769,10,3,330,1053.03977088,1200.84841242,1439.62242263,2372.21793247
0.055,0.68,0.01,0.31,0.115485006157,30,3,250,972.718749605,972.718749605,972.718749605,2245.58088737
0.055,0.82,0,0.18,0.1858436,50,2,300,950.714650672,950.714650672,950.714650672,1493.07436185
0.055,0.91,0,0.09,0.154546111181,50,3.04166666667,260,974.40605305,974.40605305,974.40605305,1212.69591679
0.055,0.93,0,0.07,0.157942729009,50,3.04166666667,280,978.36050373,978.36050373,978.36050373,1153.79202619
0.055,0.94,0,0.06,0.0443447327563,50,3,230,978.409554115,978.409554115,978.409554115,1133.49612488
0.055,0.94,5.55111512313e-17,0.06,0.04,10,3,250,999.387108079,1002.87742045,1007.4531194,1140.98088794
0.055,0.96,0.01,0.03,0.163037655751,30,3,250,958.48815211,958.48815211,958.48815211,1041.25700203
0.055,0.972,0,0.028,0.152847802266,40,5,250,1004.23689806,1004.23689806,1004.23689806,1026.52841971
0.055,0.98,0.02,0,0.192632261087,30,3,200,953.505844029,953.505844029,953.505844029,980.706324643
0.055,1,0,0,0.0707628714196,80,3,259.85,961.453883979,961.453883979,961.453883979,961.453883979
0.055,1,0,0,0.169830891407,30,3,200,931.825257679,931.825257679,931.825257679,931.825257679
0.056,0.663,0.006,0.331,0.159229326671,40,3,300,1000.04144959,1000.04144959,1000.04144959,2353.18588416
0.056,0.72,0,0.28,0.0448588,20,3,250,976.809873206,976.809873206,976.809873206,2029.86933279
0.056,0.72,0,0.28,0.0518756177389,20,3,250,973.955043588,973.955043588,973.955043588,2027.01450318
0.057,0.148,0.652,0.2,0.0301492718836,30,3,280,3377.21797446,3377.21797446,3377.21797446,18104.8982879
0.057,0.6,0.25,0.15,0.122226777907,30,3,260,1352.37976524,1352.37976524,1352.37976524,2997.86722352
0.057,0.759,0.191,0.05,0.154616874052,30,3,220,1211.85050634,1211.85050634,1211.85050634,1971.27492227
0.057,0.9,0,0.1,0.3,50,4,240,985.894110601,985.894110601,985.894110601,1273.01725918
0.057,0.91,0.02,0.07,0.55,50,3,300,990.522459223,990.522459223,990.522459223,1216.86751769
0.057,0.94,0,0.06,0.0459572684929,40,3,230,969.094992505,969.094992505,969.094992505,1119.34313707
0.057,1,0,0,0.0488907111627,30,3,230,945.641342892,945.641342892,945.641342892,945.641342892
0.058,0.17,0.0017,0.8283,0.0422861764968,30,3,299.85,1000.08382449,1000.08382449,1000.08382449,13311.3036138
0.058,0.42,0,0.58,0.0501464304809,30,3,270,974.8972237,974.8972237,974.8972237,4579.86316705
0.058,0.516,0.01,0.474,0.0590414520782,30,3,250,974.441039825,974.441039825,974.441039825,3455.43407226
0.058,0.57,0,0.43,0.0680558699384,30,3,230,953.438752539,953.438752539,953.438752539,2971.64519196
0.058,0.64,0,0.36,0.16,30,4,275,1001.39086079,1001.39086079,1001.39086079,2569.42745701
0.058,0.65,0,0.35,0.36,40,4,284.85,1009.66615849,1009.66615849,1009.66615849,2498.61292524
0.058,0.68,0.22,0.1,0.140953921656,30,3,240,1272.52367513,1272.52367513,1272.52367513,2419.23253672
0.058,0.71,0.01,0.28,0.127157020148,30,3,250,963.745309469,963.745309469,963.745309469,2073.69947257
0.058,0.79,0.01,0.2,0.141484571714,30,3,250,962.609949116,962.609949116,962.609949116,1680.65181385
0.058,0.84,0.02,0.14,0.417886920675,40,3,255,974.925578004,974.925578004,974.925578004,1473.86762952
0.058,1,0,0,0.0746226644062,80,3,239.85,956.112892573,956.112892573,956.112892573,956.112892573
0.059,0.477,0.03,0.493,0.0179,50,3,240,1033.30748793,1033.30748793,1033.30748793,3978.98455997
0.059,0.56,0.01,0.43,0.183,50,4,340,1107.04977279,1107.04977279,1107.04977279,3213.95583116
0.059,0.56,0.01,0.43,0.226715662711,50,4,340,1105.27601987,1105.27601987,1105.27601987,3212.18207824
0.059,0.69,0,0.31,0.125705737985,30,3,250,949.733535942,949.733535942,949.733535942,2160.67088411
0.059,0.72,0,0.28,0.37,40,4,299.85,1020.70561733,1020.70561733,1020.70561733,2083.67942022
0.059,0.73,0.01,0.26,0.132993027144,30,3,250,960.853587617,960.853587617,960.853587617,1962.27440978
0.06,0.004,0.756,0.24,0.00051463906487,40,3,300,5792.58004984,5792.58004984,5792.58004984,713419.990321
0.06,0.55,0,0.45,0.0679323565629,30,3,250,955.686432696,955.686432696,955.686432696,3123.37318219
0.06,0.56,0.06,0.38,0.288197876327,40,3,285,1039.52789395,1039.52789395,1039.52789395,3126.01897888
0.06,0.74,0,0.26,0.507777210672,20,2,330,938.775412663,1052.72998842,1149.12261809,1848.86908077
0.06,0.8,0.001,0.199,0.205855625948,25,3,300,972.064319155,972.064319155,972.064319155,1615.89551765
0.06,0.82,5.55111512313e-17,0.18,0.422004033194,20,3,320,986.250789029,1024.98425134,1067.80972996,1531.24531084
0.06,0.9,0,0.1,0.33,50,4,240,976.687204442,976.687204442,976.687204442,1270.54005183
0.061,0.27,0.2,0.53,0.141268423307,40,3,300,1280.49788488,1280.49788488,1280.49788488,8352.84084553
0.061,0.402,5e-05,0.59795,0.0252399582975,20,3,225,970.831565672,970.831565672,970.831565672,4834.9335312
0.061,0.47,0,0.53,0.024591169983,30,3,270,984.031876006,984.031876006,984.031876006,3944.83132941
0.061,0.6,0.05,0.35,0.313929829571,40,3,285,1022.52221446,1022.52221446,1022.52221446,2793.49937912
0.061,0.72,0.01,0.27,0.135617686375,30,3,250,956.127601217,956.127601217,956.127601217,1996.83692657
0.062,0.12,0.005,0.875,0.0045,10,3,240,1080.56309434,1082.33766731,1085.88982463,19350.1865798
0.062,0.78,0.01,0.21,0.149327671063,30,3,250,953.014794516,953.014794516,953.014794516,1718.70124876
0.062,0.8,0,0.2,0.297804472205,50,4,275,991.270994148,991.270994148,991.270994148,1677.17170009
0.062,0.92,0,0.08,0.2691528,50,3.04166666667,300,968.351766611,968.351766611,968.351766611,1176.37205645
0.062,0.93,0,0.07,0.18,20,5,250,1009.0452868,1009.0452868,1009.0452868,1171.37205557
0.062,0.93,0,0.07,0.197827256536,40,4,250,975.890866164,975.890866164,975.890866164,1149.847371
0.063,0.42,0.01,0.57,0.145,50,4,360,1119.47559669,1119.47559669,1119.47559669,4851.91082894
0.063,0.42,0.01,0.57,0.181564662086,50,4,360,1117.34112665,1117.34112665,1117.34112665,4849.7763589
0.063,0.64,0,0.36,0.0518756177389,20,3,250,957.084236066,957.084236066,957.084236066,2466.85850795
0.063,0.64,0,0.36,0.0544714,20,3,250,956.179611281,956.179611281,956.179611281,2465.95388316
0.063,0.73,0.01,0.26,0.14200950356,30,3,250,951.481579531,951.481579531,951.481579531,1943.03990105
0.063,0.78,0.01,0.21,0.151736181886,30,3,250,950.814278548,950.814278548,950.814278548,1705.73039576
0.063,0.96,0,0.04,0.259378088695,40,3,250,941.265730723,941.265730723,941.265730723,1038.91621679
0.063,1,0,0,0.0540371018114,30,3,220,935.146765473,935.146765473,935.146765473,935.146765473
0.0634,0.5729,0,0.4271,0.13,30,4,300,1004.20147246,1004.20147246,1004.20147246,3045.70456289
0.0634,0.5729,0,0.4271,0.155772067206,30,4,300,1002.34470502,1002.34470502,1002.34470502,3043.84779545
0.0634,0.5729,0,0.4271,0.157,30,4,300,1002.26856801,1002.26856801,1002.26856801,3043.77165845
0.064,0.16,0,0.84,0.055,50,4,360,1109.51436256,1109.51436256,1109.51436256,15115.1402006
0.064,0.16,0,0.84,0.0702653869903,50,4,360,1105.37947774,1105.37947774,1105.37947774,15111.0053158
0.064,0.28,0,0.72,0.1,50,4,360,1100.39565914,1100.39565914,1100.39565914,7998.35087746
0.064,0.588,0,0.412,0.0576756,41,3,219.85,949.773962902,949.773962902,949.773962902,1643.36513462
0.064,0.81,0.01,0.18,0.160073334737,30,3,250,948.33067872,948.33067872,948.33067872,1580.32863173
0.064,0.84,0,0.16,0.285,50,4,300,1004.53703955,1004.53703955,1004.53703955,1493.85181146
0.064,0.87,0.01,0.12,0.58,50,3,340,995.479914256,995.479914256,995.479914256,1347.50477321
0.064,0.95,4.16333634234e-17,0.05,0.0782251378603,80,3,219.85,957.718107783,957.718107783,957.718107783,1093.48253777
0.065,0.3,0.016,0.684,0.012,30,3,240,1010.06703402,1010.06703402,1010.06703402,6961.09420891
0.065,0.302,0,0.698,0.0202047296868,20,3,225,970.39699472,970.39699472,970.39699472,2485.96292645
0.065,0.55,0,0.45,0.245311287588,50,4,279.85,986.53902092,986.53902092,986.53902092,3285.85713279
0.065,0.73,0,0.27,0.146517741769,30,3,250,935.735967705,935.735967705,935.735967705,1933.34613789
0.065,0.76,0.01,0.23,0.152539018828,30,3,250,946.908039394,946.908039394,946.908039394,1798.50796418
0.065,0.81,0.01,0.18,0.162574480592,30,3,250,946.292753478,946.292753478,946.292753478,1583.26043796
0.065,0.87,0,0.13,0.17461703471,30,3,250,934.056812469,934.056812469,934.056812469,1337.31267192
0.065,0.9,0.03,0.07,0.61,50,3,340,991.415160038,991.415160038,991.415160038,1252.23920611
0.065,0.91,0,0.09,0.487054410993,50,3,300,959.450082507,959.450082507,959.450082507,1199.35086105
0.066,0.04,0.74,0.22,0.00943504952262,30,3,300,4734.99496471,5520.91204334,5307.30769489,69183.2458417
0.066,0.235,0.01,0.755,0.0095,20,3,240,1015.49593972,1015.49593972,1015.49593972,9200.20152471
0.066,0.26,0.015,0.725,0.011,30,3,280,1025.20519717,1025.20519717,1025.20519717,8218.48581568
0.066,0.34,0,0.66,0.035758872,41,3,249.85,963.440555283,963.440555283,963.440555283,5962.07506929
0.066,0.47,0.09,0.44,0.266068396538,40,3,300,1074.0763925,1074.0763925,1074.0763925,4017.90540205
0.066,0.78,0.01,0.21,0.158961714357,30,3,250,944.686114785,944.686114785,944.686114785,1710.71093655
0.066,0.84,0,0.16,0.316,50,4,250,966.457665307,966.457665307,966.457665307,1492.28502415
0.066,0.925,0,0.075,0.174548416168,40,5,250,995.553354283,995.553354283,995.553354283,1177.34114085
0.067,0.02,0,0.98,0.001666184,20,3,250,1164.59200278,1164.59200278,1164.59200278,118029.750314
0.067,0.02,0,0.98,0.00172404086732,20,3,250,1159.59328872,1159.59328872,1159.59328872,118024.7516
0.067,0.294,0,0.706,0.029991312,41,3,249.85,966.104269193,966.104269193,966.104269193,7094.0967063
0.067,0.885,0,0.115,0.254296027929,40,3,275,942.524119821,942.524119821,942.524119821,1279.98537902
0.067,0.995,0,0.005,0.3652788,50,4,300,943.556585605,943.556585605,943.556585605,943.556585605
0.068,0.4,0.02,0.58,0.0163,40,3,240,1003.87012163,1003.87012163,1003.87012163,4902.37419271
0.068,0.75,0.03,0.22,0.43744320514,40,3,270,971.049704589,971.049704589,971.049704589,1868.64192803
0.068,0.81,0.001,0.189,0.236219330775,30,3,300,946.893804953,946.893804953,946.893804953,1568.83153252
0.068,0.88,0,0.12,0.2339066,50,3.04166666667,300,958.075982759,958.075982759,958.075982759,1314.47831666
0.068,0.91,0,0.09,0.32,50,4,240,958.444401316,958.444401316,958.444401316,1216.84929455
0.068,0.998,0,0.002,0.19403036388,40,5,200,961.85345198,961.85345198,961.85345198,961.85345198
0.069,0.05,0.71,0.24,0.0123298942625,30,3,300,4083.08871639,4921.46753614,4653.25582014,54347.3812485
0.069,0.18,0.024,0.796,0.106530286428,40,3,300,986.779897969,986.779897969,986.779897969,12312.6388968
0.069,0.685,0.015,0.3,0.0559461554225,30,3,220,952.827210645,952.827210645,952.827210645,1514.33933151
0.069,0.91,0,0.09,0.37,50,4,240,955.624483076,955.624483076,955.624483076,1226.18689349
0.07,0.02,0,0.98,0.00180123672705,20,3,250,1148.2169955,1148.2169955,1148.2169955,117066.770719
0.07,0.12,0,0.88,0.049,3,3.0416666667,229.85,1046.16062494,2270.40414236,1785.23516496,18827.2482159
0.07,0.21,0.01,0.78,0.045,50,4,360,1086.49519068,1086.49519068,1086.49519068,11114.62748
0.07,0.8,0.2,0,0.15,100,4,200,1234.68078338,1234.68078338,1234.68078338,1862.68974212
0.07,0.82,0,0.18,0.177241693941,50,3.04166666667,280,947.200598285,947.200598285,947.200598285,1540.16044032
0.07,0.964,0.016,0.02,0.24116558401,30,3,220,935.131577724,935.131577724,935.131577724,1021.67589963
0.07,0.98,0,0.02,0.79,40,5,250,959.348851102,959.348851102,959.348851102,976.629869581
0.071,0.335,0.0001,0.6649,0.0244813803159,20,3,225,955.31971775,955.31971775,955.31971775,1386.45528091
0.071,0.6,0.01,0.39,0.131541744981,30,3,250,938.42358509,938.42358509,938.42358509,2696.67665874
0.071,0.96,3.46944695195e-17,0.04,0.0584629977693,30,3,250,938.207556704,938.207556704,938.207556704,1038.08554767
0.072,0.22,0,0.78,0.01730268,20,3,250,970.330177401,970.330177401,970.330177401,9695.98601045
0.072,0.22,0,0.78,0.0203797069689,20,3,250,964.666410537,964.666410537,964.666410537,9690.32224358
0.072,0.221,0.559,0.22,0.0568676166682,30,3,280,2419.38932949,2589.12458272,2545.5320417,11038.010558
0.072,0.303,0,0.697,0.0449094633568,30,3,290,954.274694439,954.274694439,954.274694439,6693.08520768
0.072,0.402,0,0.598,0.047293992,41,3,249.85,948.053820614,948.053820614,948.053820614,4773.71457236
0.072,0.83,0,0.17,0.39,50,4,260,956.562611106,956.562611106,956.562611106,1531.6594404
0.072,1,0,0,0.0617566877844,30,3,230,922.500514579,922.500514579,922.500514579,922.500514579
0.073,0.33,0,0.67,0.13,50,4,360,1040.63915665,1040.63915665,1040.63915665,6468.91733822
0.073,0.33,0,0.67,0.165302067636,50,4,360,1038.21540485,1038.21540485,1038.21540485,6466.49358642
0.073,0.75,0.01,0.24,0.16905893281,30,3,250,933.014321363,933.014321363,933.014321363,1833.1584891
0.073,0.978,0,0.022,0.72,40,5,250,956.076228149,956.076228149,956.076228149,989.211861778
0.074,0.028,0,0.972,0.0063,100,3.8,229.85,1054.67603102,1054.67603102,1054.67603102,8932.80492076
0.074,0.19,0.008,0.802,0.0424,100,3.8,229.85,988.249892112,988.249892112,988.249892112,9404.44103565
0.074,0.64,0,0.36,0.389972897796,50,3,320,950.502783045,950.502783045,950.502783045,2433.63448485
0.074,0.77,0,0.23,0.469186142661,50,3,320,949.521867699,949.521867699,949.521867699,1744.15395319
0.074,0.89,0,0.11,0.225960858749,40,4,275,958.333608283,958.333608283,958.333608283,1287.22805849
0.074,0.96,3.46944695195e-17,0.04,0.055,10,3,250,947.839497534,955.581447701,989.73627066,1070.15732637
0.074,0.98,0.01,0.01,0.223929749906,30,3,225,921.181348264,921.181348264,921.181348264,970.869061749
0.0746,0.4761,0,0.5239,0.15,30,4,300,967.349769903,967.349769903,967.349769903,3949.64972172
0.0746,0.4761,0,0.5239,0.182784665453,30,4,300,965.49655025,965.49655025,965.49655025,3947.79650207
0.075,0.387,0,0.613,0.0298747977157,20,3,225,944.448413676,944.448413676,944.448413676,1207.62703629
0.075,0.74,0,0.26,0.476041135005,20,3,340,951.283078558,1062.59920422,1167.12359819,1912.284595
0.075,0.8,0,0.2,0.707628714196,20,3,330,943.091235052,1014.93377362,1094.85831219,1630.43041242
0.075,0.85,0,0.15,0.196849442313,50,3.04166666667,300,945.208212973,945.208212973,945.208212973,1416.33508402
0.075,0.85,0,0.15,0.1986604,50,3,300,943.890009118,943.890009118,943.890009118,1421.2145851
0.075,0.854,0,0.146,0.19777579263,50,3.04166666667,300,945.16861596,945.16861596,945.16861596,1400.7181649
0.075,0.9,0.005,0.095,0.192989649326,40,5,250,978.500243396,978.500243396,978.500243396,1281.91476902
0.076,0.039,0.041,0.92,0.009,4,3.8,279.85,1169.84886999,7583.76316216,3985.97325489,64551.8448851
0.076,0.69,0,0.31,0.42,40,4,299.85,962.53784768,962.53784768,962.53784768,2205.90273618
0.076,0.77,0.01,0.22,0.180700068457,30,3,250,928.391106199,928.391106199,928.391106199,1726.68355181
0.076,0.79,0.01,0.2,0.185393576729,30,3,250,928.164860225,928.164860225,928.164860225,1648.6328373
0.076,0.91,0.01,0.08,0.213554626359,30,3,250,926.977813945,926.977813945,926.977813945,1190.07592045
0.076,0.95,0,0.05,0.148627761935,30,3,210,912.601076841,912.601076841,912.601076841,988.45066618
0.077,0.45,0.08,0.47,0.297204059963,40,3,300,1033.56346301,1033.56346301,1033.56346301,4151.46713064
0.077,0.66,0,0.34,0.42,40,4,299.85,960.261792071,960.261792071,960.261792071,2394.05264973
0.077,0.91,0.01,0.08,0.216364555653,30,3,250,925.614690705,925.614690705,925.614690705,1185.69957993
0.077,0.975,2.08166817117e-17,0.025,0.0643942129919,30,3,250,928.478488626,928.478488626,928.478488626,985.935886414
0.077,0.976,0,0.024,0.65,40,5,250,951.854693804,951.854693804,951.854693804,998.935963819
0.077,0.98,0.01,0.01,0.233007983011,30,3,225,918.083607344,918.083607344,918.083607344,965.683223828
0.077,1,0,0,0.0660453466583,30,3,220,916.67632547,916.67632547,916.67632547,916.67632547
0.078,0.48,0.065,0.455,0.321134776479,40,3,300,1011.14399275,1011.14399275,1011.14399275,3776.4868572
0.078,0.54,0,0.46,0.289021298831,50,4,279.85,954.994164257,954.994164257,954.994164257,3314.29112084
0.078,0.54,0,0.46,0.31,50,4,279.85,954.533884592,954.533884592,954.533884592,3313.83084117
0.078,0.67,0.01,0.32,0.161370225181,30,3,250,926.952753437,926.952753437,926.952753437,2235.56522233
0.078,0.801,0,0.199,0.267946829125,40,3,300,932.195193661,932.195193661,932.195193661,1593.34698399
0.078,0.895,0,0.105,0.199594183992,40,5,275,977.262084868,977.262084868,977.262084868,1283.44605135
0.078,0.972,0,0.028,0.216765974123,40,5,250,958.92630484,958.92630484,958.92630484,1005.48937141
0.078,0.983,1.38777878078e-17,0.017,0.0657657260998,30,3,250,923.648818425,923.648818425,923.648818425,961.171804763
0.078,1,0,0,0.10035461765,80,3,219.85,930.499704118,930.499704118,930.499704118,930.499704118
0.079,0.58,0,0.42,0.0589519048809,20,3,250,929.299718074,929.299718074,929.299718074,2808.24228512
0.079,0.58,0,0.42,0.0672882,20,3,250,927.085836377,927.085836377,927.085836377,2806.02840342
0.079,0.735,0.0013,0.2637,0.249020977514,30,3,279.85,919.236961831,919.236961831,919.236961831,1875.57331581
0.079,0.8,0,0.2,0.195151133399,30,3,250,912.728246101,912.728246101,912.728246101,1586.92988115
0.079,0.96,3.46944695195e-17,0.04,0.216834592665,40,5,250,963.648283639,963.648283639,963.648283639,1056.38519679
0.079,1,0,0,0.3138,20,3,230,899.853515289,899.853515289,899.853515289,899.853515289
0.08,0.21,0,0.79,0.0216148407245,20,3,200,945.370075217,945.370075217,945.370075217,984.800452315
0.08,0.27,0,0.73,0.027790509503,20,3,225,940.662093542,940.662093542,940.662093542,1112.59571848
0.08,0.53,0.02,0.45,0.0501876016061,30,3,240,950.466448877,950.466448877,950.466448877,3224.75811764
0.08,0.64,0,0.36,0.18,50,4,279.85,955.129850061,955.129850061,955.129850061,2524.02417855
0.08,0.64,0,0.36,0.33,50,4,279.85,950.601311609,950.601311609,950.601311609,2519.4956401
0.08,0.64,0,0.36,0.351326934951,50,4,279.85,950.220565034,950.220565034,950.220565034,2519.11489353
0.08,0.64,0.05,0.31,0.439158668689,40,3,285,981.225339823,981.225339823,981.225339823,2454.63889193
0.08,0.65,0.11,0.24,0.185841884536,30,3,260,1052.57071666,1052.57071666,1052.57071666,2439.09939724
0.08,0.7,0,0.3,0.384263835103,50,4,279.85,949.700029658,949.700029658,949.700029658,2146.85188824
0.08,0.76,0,0.24,0.521500919068,20,3,330,933.383644213,1040.30797816,1133.0948209,1816.0704562
0.08,0.84,0,0.16,0.43,50,4,260,942.330394527,942.330394527,942.330394527,1484.26231401
0.08,0.98,0.01,0.01,0.45,40,4,200,936.503999805,936.503999805,936.503999805,972.924303394
0.08,0.985,1.38777878078e-17,0.015,0.0675892638529,30,3,250,920.581742503,920.581742503,920.581742503,957.071664895
0.0803,0.5483,0,0.4517,0.188,30,4,300,952.450348955,952.450348955,952.450348955,3195.40075914
0.0803,0.5483,0,0.4517,0.188823174344,30,4,300,952.412465081,952.412465081,952.412465081,3195.36287527
0.0803,0.5483,0,0.4517,0.19,30,4,300,952.358762167,952.358762167,952.358762167,3195.30917235
0.081,0.87,0,0.13,0.735,50,3,320,934.316032344,934.316032344,934.316032344,1323.54086
0.081,0.88,0.01,0.11,0.220100835264,30,3,250,920.804708716,920.804708716,920.804708716,1291.29607638
0.082,0.402,0.01,0.588,0.150796107861,30,4,260,947.81370601,947.81370601,947.81370601,4935.64585498
0.082,0.712,0,0.288,0.350544683573,50,4,300,955.280096561,955.280096561,955.280096561,2091.18930542
0.082,0.712,0,0.288,0.352,50,4,300,955.255375809,955.255375809,955.255375809,2091.16458467
0.082,0.84,0,0.16,0.43,50,4,260,939.413243993,939.413243993,939.413243993,1483.3722221
0.082,0.94,0,0.06,0.502727973008,50,4,300,950.838937566,950.838937566,950.838937566,1110.54260889
0.082,0.98,1.73472347598e-17,0.02,0.062,20,3,250,924.290689123,924.290689123,924.290689123,977.207413065
0.083,0.46,0,0.54,0.078595677987,30,3,270,922.502389821,922.502389821,922.502389821,3881.27696324
0.083,0.83,0.001,0.169,0.295445709824,35,3,300,922.5559688,922.5559688,922.5559688,1468.89250101
0.083,0.87,0,0.13,0.4335576802,50,4,250,935.441859426,935.441859426,935.441859426,1365.04123304
0.083,0.973,0,0.027,0.58,40,5,250,946.360775008,946.360775008,946.360775008,1004.51217561
0.083,0.982,1.38777878078e-17,0.018,0.0699102860355,30,3,250,919.030876678,919.030876678,919.030876678,962.916642915
0.084,0.373,0.026,0.601,0.1034,360,3.8,199.85,1005.11739662,1005.11739662,1005.11739662,1321.89312402
0.084,0.45,0,0.55,0.0778134266084,30,3,250,917.766181269,917.766181269,917.766181269,3978.01795281
0.084,0.945,0,0.055,0.06266,5,3,230,953.041181017,982.474685864,1124.0306722,1202.84930226
0.085,0.01,0,0.99,0.00109360801285,20,3,250,1211.00425722,1211.00425722,1211.00425722,18043.1453706
0.085,0.01,0,0.99,0.00176231,20,3,250,1131.9762832,1131.9762832,1131.9762832,17964.1173965
0.085,0.25,0,0.75,0.08,10,3.0416666667,229.85,923.957215822,928.648567529,944.490843693,1309.47298321
0.085,0.314,0,0.686,0.041526432,41,3,249.85,935.712564014,935.712564014,935.712564014,6300.98237996
0.085,0.52,0.23,0.25,0.157965601856,30,3,260,1241.88531405,1247.07121064,1250.42831871,3517.24377592
0.085,0.79,0,0.21,0.1505974,50,3.04166666667,300,932.593422621,932.593422621,932.593422621,1645.46754314
0.085,0.82,0,0.18,0.215222056929,50,3.04166666667,320,936.20007504,936.20007504,936.20007504,1518.38137598
0.085,0.83,0,0.17,0.423590836977,50,4,275,939.68144275,939.68144275,939.68144275,1513.65772213
0.085,0.879,0.001,0.12,0.62,40,3,300,918.752365764,918.752365764,918.752365764,1288.91445101
0.085,0.89,0.02,0.09,0.233594671545,30,3,250,927.653351884,927.653351884,927.653351884,1259.946741
0.085,0.94,0,0.06,0.228442562684,40,5,250,953.260861919,953.260861919,953.260861919,1111.77631948
0.085,0.97,0,0.03,0.0707199848309,20,3,230,916.715716166,916.715716166,916.715716166,1001.31998195
0.0852,0.8082,0.01,0.1818,0.375,50,4,320,970.921608504,970.921608504,970.921608504,1615.41527909
0.0852,0.8082,0.01,0.1818,0.453598030052,50,4,320,969.889883774,969.889883774,969.889883774,1614.38355436
0.086,0.845,0.01,0.145,1.29099,30,3,250,907.051694094,907.051694094,907.051694094,1405.3337179
0.086,0.92,0,0.08,0.101795607031,80,3,259.85,935.026036408,935.026036408,935.026036408,1181.51048941
0.086,0.94,0,0.06,0.28,30,5,250,943.892504621,943.892504621,943.892504621,1113.96550954
0.087,0.01,0,0.99,0.00111933996609,20,3,250,1204.59967787,1204.59967787,1204.59967787,7710.37146578
0.087,0.01,0,0.99,0.00176231,20,3,250,1129.97057074,1129.97057074,1129.97057074,7635.74235865
0.087,0.0217,0,0.9783,0.001666184,20,3,250,1138.13063374,1138.13063374,1138.13063374,7643.90242166
0.087,0.0217,0,0.9783,0.00242896772642,20,3,250,1088.2219437,1088.2219437,1088.2219437,7593.99373162
0.087,0.085,0.009,0.906,0.00761151176943,20,3,225,997.595884956,997.595884956,997.595884956,1202.95727606
0.087,0.48,0,0.52,0.0537283183724,20,3,250,922.236411538,922.236411538,922.236411538,3637.6580823
0.087,0.48,0,0.52,0.0608798,20,3,250,920.020219805,920.020219805,920.020219805,3635.44189057
0.088,0.07,0,0.93,0.0220151155528,30,3,300,952.118248145,959.253871072,963.976571006,31344.7478274
0.088,0.85,0,0.15,0.49,50,4,260,930.948449486,930.948449486,930.948449486,1431.17974623
0.088,0.985,0,0.015,0.247827300794,40,5,220,940.026604765,940.026604765,940.026604765,967.174102518
0.089,0.041,0,0.959,0.011,360,3.8,199.85,1028.57043408,1028.57043408,1028.57043408,1100.80472339
0.089,0.61,0,0.39,0.325963806371,50,4,300,944.036469567,944.036469567,944.036469567,2694.50452786
0.089,0.94,0,0.06,0.239192800928,40,5,250,947.07226017,947.07226017,947.07226017,1114.08301318
0.09,0.005,0.725,0.27,0.000964948246632,40,3,320,4390.98848979,6247.23997807,5461.27761098,520176.364664
0.09,0.43,0.06,0.51,0.265553757473,50,4,279.85,1010.29451342,1010.29451342,1010.29451342,4570.92527469
0.09,0.5,0,0.5,0.23,50,4,340,963.87816662,963.87816662,963.87816662,3648.00531524
0.09,0.6,0,0.4,0.289484473989,20,3,330,919.688854935,1187.41767483,1301.41339807,2733.99518513
0.09,0.72,0,0.28,0.200091668422,50,3.04166666667,300,924.072530211,924.072530211,924.072530211,1961.56500727
0.09,0.85,0,0.15,0.44,50,4,260,929.16596247,929.16596247,929.16596247,1431.72767275
0.09,0.862,0.001,0.137,0.582249772017,40,3,300,913.111522521,913.111522521,913.111522521,1344.11861089
0.09,0.98,0,0.02,0.0756519425359,30,3,230,910.200906777,910.200906777,910.200906777,970.069862943
0.091,0.602,0.001,0.397,0.234941310431,40,3,300,917.343509924,917.343509924,917.343509924,2616.18525292
0.091,0.93,0.02,0.05,0.302457667083,30,3,240,918.970552701,918.970552701,918.970552701,1118.12685294
0.0915,0.4408,0,0.5592,0.17,30,4,300,934.291819101,934.291819101,934.291819101,4271.55484192
0.0915,0.4408,0,0.5592,0.207570403312,30,4,300,932.55631301,932.55631301,932.55631301,4269.81933583
0.092,0.35,0,0.65,0.0662855115553,30,3,290,919.952471198,921.10172631,922.412064677,5408.80995433
0.092,0.78,0,0.22,0.14772199718,30,3,230,900.387412466,900.387412466,900.387412466,1036.72980342
0.092,0.78,0,0.22,0.96,50,4,279.85,928.511586012,928.511586012,928.511586012,1718.35940476
0.092,0.82,0,0.18,0.621189936861,50,3,320,919.617178147,919.617178147,919.617178147,1504.08659464
0.092,0.926,5.55111512313e-17,0.074,0.243572951191,40,5,250,942.949111444,942.949111444,942.949111444,1169.11893475
0.092,0.97,0,0.03,0.54,40,5,250,938.244278756,938.244278756,938.244278756,1004.07321321
0.093,0.044,0.001,0.955,0.0126,4,3.8,259.85,1036.00489621,3870.41891692,2143.14588825,53903.1533435
0.093,0.439,0,0.561,0.064596672,41,3,249.85,920.485074051,920.485074051,920.485074051,3000.13425977
0.093,0.71,0,0.29,0.20388970472,50,3.04166666667,300,920.745892037,920.745892037,920.745892037,2001.81309084
0.093,0.901,0.01,0.089,1.0349556279,30,3,250,901.54682692,901.54682692,901.54682692,1202.99763871
0.094,0.627,0,0.373,0.335,50,4,300,936.908702259,936.908702259,936.908702259,2562.85023426
0.094,0.992,0,0.008,0.079981772535,30,3,250,904.928504638,904.928504638,904.928504638,927.846793998
0.095,0.03,0,0.97,0.0036668033372,20,3,175,1033.11057678,1033.11057678,1033.11057678,1056.89750861
0.095,0.44,0.01,0.55,0.0494773996966,30,3,240,925.842119643,925.842119643,925.842119643,1367.21172659
0.095,0.92,0.01,0.07,0.269876725618,30,3,250,906.425024397,906.425024397,906.425024397,1147.60994681
0.095,0.937,0,0.063,0.274863578157,30,3,250,895.126735681,895.126735681,895.126735681,1081.86065076
0.095,0.94,0,0.06,0.0765954474882,30,3,230,906.270518479,906.270518479,906.270518479,1028.04751171
0.095,0.992,6.93889390391e-18,0.008,0.0808326424556,30,3,250,904.178043703,904.178043703,904.178043703,926.83087977
0.096,0.36,0,0.64,0.185,50,4,360,965.791698394,1036.04789928,1010.82569274,5580.02181805
0.096,0.89,0,0.11,0.0732846028375,30,3,270,911.061646196,911.061646196,911.061646196,1246.3978413
0.096,0.983,0,0.017,0.0809424321228,30,3,230,904.763911204,904.763911204,904.763911204,952.553704311
0.097,0.51,0.07,0.42,0.424319908985,40,3,300,990.816186627,999.264202658,1003.14052802,3386.99105202
0.097,0.75,0,0.25,1.01,50,4,279.85,922.721004723,922.721004723,922.721004723,1862.79349673
0.097,0.78,0,0.22,1.01,50,4,279.85,922.721004723,922.721004723,922.721004723,1712.77645797
0.097,0.92,0.01,0.07,0.275558340894,30,3,250,904.782402864,904.782402864,904.782402864,1141.34523283
0.097,0.937,0.007,0.056,0.259861277594,40,5,250,944.487421325,944.487421325,944.487421325,1124.66912643
0.097,0.96,0,0.04,0.4,40,3,250,898.741254491,898.741254491,898.741254491,1016.50173562
0.097,0.99,0,0.01,0.4,40,3,250,896.489080504,896.489080504,896.489080504,926.387517027
0.098,0.328,0,0.672,0.114878875703,30,3,280,905.039675075,905.039675075,905.039675075,5760.99083789
0.098,0.857,0.001,0.142,0.540280956277,40,3,300,905.551788028,905.551788028,905.551788028,1359.90014681
0.099,0.151,0,0.849,0.0512889292045,3,3.0416666667,229.85,978.418876694,2786.6285822,1784.35904063,15773.3149966
0.099,0.151,0,0.849,0.075,3,3.0416666667,229.85,971.98686495,2780.19657045,1777.92702889,15766.8829849
0.1,0.01,0,0.99,0.00128659766218,20,3,150,1164.5155375,1164.5155375,1164.5155375,1194.63599314
0.1,0.208,0.032,0.76,0.0743367538146,30,3,280,945.965057517,949.524859463,953.748704008,9732.70762923
0.1,0.3,0.13,0.57,0.205855625948,50,4,279.85,1096.42381253,1096.42381253,1096.42381253,7172.41207772
0.1,0.32,0,0.68,0.274474167931,20,3,360,917.703098819,1790.83569134,2121.35157068,6411.76715791
0.1,0.45,0,0.55,0.0964948246632,20,3,330,917.592670457,1423.92882666,1311.83593025,4099.9930035
0.1,0.72,0,0.28,0.1089428,50,3.04166666667,300,920.560014262,920.560014262,920.560014262,1942.32262376
0.1,0.78,0,0.22,0.535224627465,20,4,330,928.552971645,1027.0970434,1120.80817956,1746.94088814
0.1,0.82,0,0.18,0.67520645311,50,3,320,910.84997549,910.84997549,910.84997549,1496.41578083
0.1,0.85,2.77555756156e-17,0.15,0.303780003569,30,3,260,892.03352608,892.03352608,892.03352608,1372.46046966
0.1,0.86,0,0.14,0.708143353261,50,3,320,910.660678579,910.660678579,910.660678579,1352.19184955
0.1,0.88,0,0.12,0.2146814,50,4,300,932.865020717,932.865020717,932.865020717,1320.23872649
0.1,0.9,0,0.1,1.35,40,3,325,905.219551104,933.355050679,937.38591052,1202.80923876
0.1,0.91,0,0.09,0.593516418575,50,4,315,931.427797296,931.427797296,931.427797296,1205.8997697
0.101,0.265,0.035,0.7,0.0148,30,3,260,986.988957683,986.988957683,986.988957683,6361.7746583
0.101,0.446,1.11022302463e-16,0.554,0.071517744,41,3,249.85,913.183198279,913.183198279,913.183198279,1551.13226427
0.101,0.79,0,0.21,0.657008815776,50,3,320,910.029895685,910.029895685,910.029895685,1615.60913854
0.101,0.88,0,0.12,0.0762352001428,50,3,230,914.52969753,914.52969753,914.52969753,1012.4326822
0.101,0.94,0,0.06,1.3,50,4,280,917.996822429,917.996822429,917.996822429,1099.06374052
0.101,0.946,0.01,0.044,0.590060449105,30,3,250,897.765556974,897.765556974,897.765556974,1057.32092453
0.102,0.512,0.018,0.47,0.0618159742047,30,3,240,926.067694236,926.067694236,926.067694236,1304.95243289
0.102,0.8,0,0.2,0.85,50,3,340,913.406564925,951.664475447,944.609024193,1576.46463618
0.102,0.855,0.001,0.144,0.467517425493,40,3,300,902.872533479,902.872533479,902.872533479,1358.96990697
0.103,0.019,0,0.981,0.0058,30,3.8,259.85,1009.50386991,1009.50386991,1009.50386991,55781.6643514
0.103,0.37,0,0.63,0.0784515790488,30,3,270,904.821713815,904.821713815,904.821713815,4939.77267525
0.103,0.54,0,0.46,0.06696778,20,3,250,905.499446543,905.977941826,907.507068123,1337.56767856
0.103,0.54,0,0.46,0.0715605619702,20,3,250,904.450564994,904.929060278,906.458186575,1336.51879702
0.104,0.359,1.11022302463e-16,0.641,0.0192145641258,40,3.0416666667,219.85,940.029439717,940.029439717,940.029439717,1001.7128594
0.104,0.99,8.67361737988e-18,0.01,0.08,20,3,250,900.883209115,900.883209115,902.370899529,934.749508977
0.105,0.255,0.0018,0.7432,0.0275589219238,20,3,250,925.116917054,926.032761958,928.920154982,1315.25560701
0.105,0.27,0,0.73,0.09,10,3.0416666667,229.85,904.306796945,913.008707773,942.842276509,1307.82441602
0.105,0.38,0,0.62,0.061136136,41,3,249.85,913.253949302,913.253949302,913.253949302,1329.53418461
0.105,0.53,0,0.47,0.465,40,4,299.85,918.215513373,918.215513373,918.215513373,3270.16994458
0.105,0.64,0.07,0.29,0.132571023111,30,3,250,977.141509305,977.141509305,977.141509305,2383.18604749
0.105,0.69,5.55111512313e-17,0.31,0.0932140006246,80,3,239.85,919.815283461,919.815283461,919.815283461,1109.40499259
0.105,0.8,0,0.2,0.720494690818,30,3,330,896.415765281,984.734291905,1024.47143014,1585.47710757
0.105,0.97,0.01,0.02,0.314495932542,30,3,250,898.545056605,898.545056605,898.545056605,983.934317711
0.105,0.982,0,0.018,0.221101808245,20,3,230,888.688937003,888.688937003,888.688937003,946.822382283
0.106,0.32,0.02,0.66,0.0669168021415,30,3,250,925.518577681,925.518577681,925.518577681,1618.55829013
0.106,0.86,0,0.14,0.0781908285893,30,3,250,900.705865184,900.705865184,900.705865184,1258.09344266
0.106,0.87,0,0.13,0.759360232997,50,3,320,905.143198896,907.044596727,908.336453593,1307.23289301
0.106,0.89,0,0.11,0.776816790078,50,3,320,905.058383882,906.959781714,908.251638581,1237.22345864
0.107,0.01,0,0.99,0.0031,4,3.8,279.85,1113.32190327,8933.75564351,3789.61223151,231522.495425
0.107,0.6,0,0.4,0.07754164,20,3,250,900.665994471,901.749015794,905.243480624,1205.30247887
0.107,0.6,0,0.4,0.077637766,20,3,250,900.647701354,901.730722676,905.225187506,1205.28418575
0.107,0.6,0,0.4,0.0825995699117,20,3,250,899.750091139,900.833112462,904.327577292,1204.38657554
0.107,0.73,0,0.27,0.46,50,4,280,916.566768861,916.566768861,916.566768861,1940.94400264
0.107,0.96,0,0.04,0.45,40,4,250,907.419888402,907.419888402,907.419888402,1026.54152253
0.107,0.97,0,0.03,0.296746603016,40,5,240,923.880368283,923.880368283,923.880368283,1007.71415742
0.107,0.97,2.77555756156e-17,0.03,0.133535971357,80,3,239.85,914.441928076,914.441928076,914.441928076,1006.01289695
0.108,0.6,0,0.4,0.07593954,20,3,250,900.366402111,901.591773688,905.553804724,1183.16735361
0.108,0.6,0,0.4,0.083371528509,20,3,250,899.008248844,900.233620421,904.195651456,1181.80920034
0.108,0.83,0,0.17,0.738115932399,50,3,320,903.665938725,906.527810787,908.443978347,1453.99463434
0.108,0.84,0,0.16,0.544693986259,50,4,275,914.025504698,914.025504698,914.025504698,1460.52277487
0.108,0.91,0,0.09,0.0842978788257,30,3,250,898.458237738,898.458237738,898.458237738,1172.57235363
0.109,0.7,0,0.3,0.065444934416,30,3,270,903.763944313,903.763944313,903.763944313,2001.38356387
0.109,0.83,0.01,0.16,0.279356377193,30,3,250,896.972425219,896.972425219,896.972425219,1335.91886492
0.109,0.91,0,0.09,0.0850784147408,30,3,270,899.794061676,899.794061676,899.794061676,1176.46442092
0.109,0.965,0,0.035,0.47,40,5,250,921.035075757,921.035075757,921.035075757,1015.74933969
0.11,0.13,0.66,0.21,0.0981245150352,50,4,279.85,3092.44586669,3170.17710109,3155.49250537,19881.1120421
0.11,0.267,0.0006,0.7324,0.0302298986705,20,3,250,918.246759873,919.793555678,924.781049634,1176.68984621
0.11,0.62,0,0.38,0.0877459605604,20,3,250,897.112473367,898.6130473,903.483407523,1147.46604288
0.11,0.83,0.01,0.16,0.281919279736,30,3,250,896.350529236,896.350529236,896.350529236,1310.19626035
0.11,0.89,0,0.11,0.587803585259,50,4,250,908.54863033,908.54863033,908.54863033,1264.98790059
0.11,0.89,0,0.11,0.638519311852,50,4,320,921.713729983,921.713729983,921.713729983,1264.63417083
0.11,0.99,0,0.01,0.0934069902739,20,3,220,894.078820527,894.078820527,894.078820527,927.532299959
0.111,0.32,0.1,0.58,0.0700732550727,30,3,250,1020.75065178,1022.15621109,1024.97715589,2457.0810383
0.111,0.54,0.03,0.43,0.0709491707611,30,3,240,932.363801967,932.363801967,932.363801967,1313.39435664
0.111,0.59,0,0.41,0.07914374,20,3,250,897.997974821,899.63166992,904.943248732,1148.92588408
0.111,0.59,0,0.41,0.0842592808959,20,3,250,897.101058423,898.734753523,904.046332335,1148.02896768
0.111,0.78,0,0.22,0.519836919425,50,4,275,911.93581381,911.93581381,911.93581381,1707.8656952
0.112,0.67,0,0.33,0.154474061711,30,3,250,889.12647066,889.12647066,889.12647066,1117.72030639
0.112,0.854,0.001,0.145,0.410201643973,40,3,300,896.390275531,899.074835571,902.111023399,1359.40330835
0.112,0.92,0,0.08,0.441903410369,40,3,300,894.88427546,897.407900052,900.307181426,1135.80117033
0.1125,0.78,0,0.22,0.0752659632373,30,3,270,899.530588811,899.530588811,899.530588811,1636.3524349
0.113,0.06,0.147,0.793,0.0205,30,3.8,259.85,1130.05990856,1132.95145607,1136.80027655,7787.2735522
0.114,0.75,0,0.25,0.52,50,4,280,910.561418599,910.561418599,910.561418599,1840.64554244
0.115,0.24,0,0.76,0.035510095476,20,3,300,916.46076445,1321.07094418,1030.11398667,7964.57346121
0.115,0.46,0,0.54,0.17,30,3.0416666667,229.85,885.898813475,885.898813475,885.898813475,954.594923768
0.115,0.57,0.08,0.35,0.129315931025,30,3,250,984.207517404,985.26545839,987.695752699,2026.59078605
0.116,0.73,0,0.27,0.508429086821,50,4,300,912.800478992,912.800478992,912.800478992,1925.42195812
0.117,0.341,0,0.659,0.056522088,41,3,249.85,908.291901452,908.291901452,908.291901452,1095.18715849
0.118,0.1,0.004,0.896,0.0355,30,3.8,259.85,926.154783407,926.154783407,926.154783407,2082.17503999
0.118,0.562,0,0.438,0.0341288042256,40,3.0416666667,219.85,916.579383492,916.579383492,916.579383492,962.765673209
0.118,0.94,0,0.06,0.317132028197,40,5,250,916.131819242,916.131819242,916.131819242,1101.07752571
0.118,0.952,0,0.048,0.0963541566521,10,3,230,894.455372595,905.631347953,942.231788463,1069.31850738
0.119,0.189,1.11022302463e-16,0.811,0.032298336,41,3,249.85,919.246510578,919.246510578,919.246510578,1087.16829703
0.119,0.74,0,0.26,0.499,50,4,275,906.637327418,906.637327418,906.637327418,1880.97825881
0.119,0.955,4.16333634234e-17,0.045,0.0896,20,3,230,890.732818233,890.732818233,890.732818233,948.696049024
0.119,0.955,4.16333634234e-17,0.045,0.0974769275453,20,3,230,889.619959478,889.619959478,889.619959478,947.583190269
0.12,0.01,0,0.99,0.00154391719461,20,3,250,1127.08771925,1129.80597648,1138.73667735,1382.7193127
0.12,0.39,0.03,0.58,0.0553957489426,30,3,260,933.608085963,934.647947134,937.233201846,1771.42281718
0.12,0.51,0,0.49,0.0787397769251,20,3,275,895.530245766,919.667887674,938.868261705,3220.08783827
0.12,0.719,0,0.281,0.2659486,50,3,300,898.044501189,898.044501189,898.044501189,1898.16781458
0.12,0.77,0,0.23,0.53,50,4,280,906.424770707,906.424770707,906.424770707,1740.29591052
0.121,0.119,0.115,0.766,0.0435,100,3.8,229.85,1081.52892928,1081.52892928,1081.52892928,2004.28418976
0.121,0.2,0.0002,0.7998,0.0249085307397,20,3,250,917.382258481,920.228544451,929.562732513,1173.57940322
0.121,0.91,0,0.09,0.0944448457214,20,3,220,888.618429333,888.618429333,888.618429333,931.976133164
0.122,0.865,0,0.135,0.362065736772,40,4,300,905.697397666,905.697397666,905.697397666,1345.57545543
0.123,0.181,0,0.819,0.0229148190024,20,3,250,918.730613417,921.772630128,931.782848738,1175.76548409
0.123,0.76,0,0.24,0.53,50,4,280,904.572919662,904.572919662,904.572919662,1774.46245392
0.123,0.956,0,0.044,0.336196546444,40,5,250,912.308637569,912.308637569,912.308637569,1051.71156425
0.123,0.956,3.46944695195e-17,0.044,0.336196546444,40,5,250,912.308637569,912.308637569,912.308637569,1051.71156425
0.123,0.96,0,0.04,0.55,40,5,250,909.697769042,909.697769042,909.697769042,1027.45077271
0.124,0.151,0.009,0.84,0.0565,360,3.8,229.85,969.225348891,969.225348891,969.225348891,1199.70158411
0.124,0.271,0,0.729,0.047293992,41,3,249.85,908.56901493,908.56901493,908.56901493,1046.81099325
0.125,0.3,0,0.7,0.13,10,3.0416666667,229.85,887.908105823,899.695101157,938.384883189,1303.36702271
0.125,0.77,0,0.23,0.297204059963,50,3.04166666667,340,901.239537294,1010.10339264,949.310350534,1691.68669859
0.125,0.82,0,0.18,0.879175069153,40,3,330,888.797927734,968.187486687,952.303518071,1495.98073612
0.126,0.96,3.46944695195e-17,0.04,0.345837451593,40,5,250,910.206778571,910.206778571,910.206778571,1034.99545552
0.127,0.22,2e-05,0.77998,0.0287580309449,20,3,250,910.474608706,913.927029664,925.293013072,1169.27904825
0.127,0.573,0.0021,0.4249,0.312089994914,30,3,299.85,883.209219319,920.98816117,925.12197514,2696.77216844
0.127,0.587,0,0.413,0.0383658276467,40,3.0416666667,219.85,910.257410225,910.257410225,910.257410225,952.46598775
0.127,0.598,0,0.402,0.32,30,4,300,895.776649008,908.440212117,919.687514116,2638.59372001
0.127,0.598,0,0.402,0.325706486839,30,4,300,895.665701544,908.329264653,919.576566652,2638.48277254
0.127,0.72,0,0.28,0.752937537468,50,3,340,894.647462074,1038.80582617,945.0506679,1901.33987387
0.127,0.78,0,0.22,0.61,50,4,280,901.632169067,901.632169067,901.632169067,1686.66957873
0.127,0.96,0,0.04,0.34,50,5,250,914.183158599,914.183158599,914.183158599,1038.76721262
0.128,0.28,0,0.72,0.0737786563398,30,3,290,894.064619213,908.020797758,920.728673256,6525.7368047
0.128,0.745,0,0.255,0.408966510217,40,3,325,889.73914502,1020.21658779,942.029618025,1797.04099799
0.128,0.83,0.01,0.16,0.328051525511,30,3,275,888.739884052,893.721978369,902.59452589,1424.70119114
0.129,0.83,0.01,0.16,0.330614428054,30,3,275,888.26251465,893.408200249,902.546258525,1424.65292375
0.129,0.919,0,0.081,1.16,50,4,300,900.989480445,900.989480445,900.989480445,1158.10548579
0.13,0.22,0.04,0.74,0.0175,30,3,280,972.534128961,987.731115744,1000.18788905,4368.22548787
0.13,0.96,0.02,0.02,1.8,100,1,200,891.937393626,891.937393626,891.937393626,954.340106468
0.131,0.134,0.01,0.856,0.0534,360,3.8,229.85,968.233125162,968.233125162,968.233125162,1173.89294396
0.131,0.903,0,0.097,1.01,50,3,320,888.576158894,901.155519778,907.351475532,1187.23725847
0.132,0.718,0.079,0.203,0.338718277862,30,3,280,969.596028774,999.250070638,1008.59088681,1937.46969077
0.133,0.065,0.017,0.918,0.00889810943161,20,3,250,972.73954587,978.788943545,994.595359159,1418.9516837
0.133,0.881,9.71445146547e-17,0.119,0.0907,20,3,230,884.790746764,885.131625715,887.327350159,935.188380123
0.133,0.881,9.71445146547e-17,0.119,0.100503005247,20,3,230,883.452483723,883.793362674,885.989087118,933.850117083
0.134,0.305,1.11022302463e-16,0.695,0.058829112,41,3,249.85,900.697454651,900.697454651,900.697454651,1001.06105869
0.134,0.581,0.003,0.416,0.25,50,3.0416666667,229.85,890.960292402,890.960292402,890.960292402,960.428326918
0.134,0.93,0,0.07,0.356301779245,40,5,260,906.402121803,906.402121803,906.402121803,1131.23043481
0.135,0.5,0,0.5,0.2,30,3.0416666667,229.85,876.420246773,876.420246773,876.420246773,926.945959945
0.135,0.56,0,0.44,0.155626853217,30,3,270,880.347486731,883.225484539,890.365053754,1385.39663234
0.135,0.904,0.001,0.095,1.83,40,6,325,926.717939296,929.226841314,931.301271058,1226.97153639
0.135,0.967,0,0.033,0.36,60,5,250,912.94888857,912.94888857,912.94888857,1018.92991964
0.137,0.01,0,0.99,0.0043,30,3.8,279.85,1014.10331577,1016.87592128,1022.80441259,4972.08215313
0.137,0.908,0.006,0.086,0.106698401856,40,3,230,896.051377785,896.051377785,896.051377785,973.373866813
0.138,0.03,0.06,0.91,0.014795873115,30,3,300,1001.57430503,1149.8969139,1071.79730562,66275.5061864
0.138,0.765,0,0.235,0.362202973856,40,4,325,900.037774244,933.861128919,937.232280072,1742.03242869
0.138,0.8,0,0.2,0.720046292425,50,4,340,904.169744464,940.146665816,938.429909793,1597.33146638
0.14,0.007,0.693,0.3,0.00210144284822,40,3,340,3560.74511866,10091.9319668,5684.05073043,324828.532447
0.14,0.62,0,0.38,0.111676677077,80,3,259.85,904.135264733,904.135264733,904.135264733,1069.58657189
0.14,0.84,0,0.16,1.00869256715,50,3,330,885.753170111,941.357660044,922.525865744,1408.89096868
0.14,0.86,0,0.14,0.103270905684,20,3,250,881.557505523,886.196768816,901.354817621,1145.33745297
0.14,0.915,0.001,0.084,0.105,20,3,230,881.570208782,882.269731957,886.782215357,939.713402185
0.14,0.915,0.001,0.084,0.10987544035,20,3,230,881.018828367,881.718351542,886.230834943,939.16202177
0.14,0.96,0,0.04,0.115279150531,20,3,220,878.991718577,878.991718577,878.991718577,915.20070506
0.14,0.97,0,0.03,0.116479975016,20,3,220,878.871433999,878.871433999,878.871433999,915.080420482
0.14,0.98,0.01,0.01,0.8,60,4,200,903.907185894,903.907185894,903.907185894,967.079619297
0.141,0.01,0,0.99,0.0044,100,3.8,259.85,1035.48720019,1035.48720019,1035.48720019,1297.31057863
0.141,0.336,0,0.664,0.0243815403371,40,3.0416666667,239.85,918.082319058,918.082319058,918.082319058,978.216146864
0.142,0.49,0.03,0.48,0.137266246846,30,3,250,911.597570478,913.043477174,917.981383217,1186.35632213
0.142,0.71,0,0.29,0.605335622736,50,4,300,896.479582181,896.479582181,896.479582181,1986.62906379
0.142,0.968,0,0.032,0.176850568252,20,3,230,874.301089452,875.046846038,879.929893502,927.548989988
0.143,0.713,0.01,0.277,0.314832506491,30,3,300,885.158692319,973.037778454,937.29296261,1938.5188394
0.144,0.365,0.005,0.63,0.062213687274,30,3,260,893.998920861,895.780687089,901.622986245,1089.59020724
0.144,0.97,0,0.03,0.119807974302,20,3,220,877.286378926,877.358242005,878.001887773,912.250793946
0.145,0.06,0,0.94,0.0746226644062,20,3,380,897.959530351,6943.20179071,3941.26344295,34576.5133578
0.146,0.907,0.002,0.091,1.98,60,6,325,926.649648203,926.649648203,926.649648203,1228.30966298
0.148,0.16,0.02,0.82,0.084629535112,30,3,300,907.351976373,1028.35491026,965.30411292,11590.8472041
0.148,0.683,0,0.317,0.607,50,4,300,893.787695156,893.787695156,893.787695156,2114.73088477
0.148,0.97,0,0.03,0.65,40,8,250,927.849330598,927.849330598,927.849330598,1009.65681733
0.149,0.015,0,0.985,0.0069,360,3.8,229.85,1024.57329852,1024.57329852,1024.57329852,1106.21141922
0.149,0.401,0.019,0.58,0.0707230898199,30,3,260,905.949037564,909.263371137,918.25734359,1220.75797545
0.15,0.53,0,0.47,0.24,30,3.0416666667,229.85,870.391548146,870.391548146,870.391548146,914.662348459
0.15,0.589,0,0.411,0.0454683613809,40,3.0416666667,219.85,899.444818154,899.444818154,899.444818154,938.759017291
0.15,0.78,0,0.22,0.10035461765,20,3,270,879.684488697,906.521816766,926.775703833,1656.06116927
0.15,0.86,0,0.14,0.165971098421,80,3,259.85,896.980696041,896.980696041,896.980696041,1019.74581661
0.15,0.872,0,0.128,0.373971053806,40,5,300,902.573816392,902.573816392,902.573816392,1328.30497482
0.151,0.521,0,0.479,0.16194867949,30,3,290,875.850765276,898.159136209,911.18976434,3015.95988396
0.151,0.666,0.003,0.331,0.29,50,3.0416666667,229.85,884.89902337,884.89902337,884.89902337,944.652057922
0.151,0.923,0.014,0.063,0.119544650647,30,3,230,891.54022028,891.54022028,891.54022028,993.564983566
0.152,0.916,0.001,0.083,2.09,40,8,325,938.793125127,938.793125127,938.793125127,1199.979873
0.154,0.52,0,0.48,0.659396741037,50,3,360,885.249340795,1238.14922492,1025.39078654,3154.50393895
0.154,0.734,0,0.266,0.34903644802,50,3.04166666667,360,888.998408769,1024.74381123,1027.2078925,1875.65821052
0.156,0.41,0.16,0.43,0.22858551798,30,3,300,1077.48464939,1455.68965637,1199.10370684,4382.44408196
0.156,0.513,0,0.487,0.0411855350831,40,3.0416666667,239.85,900.581247198,900.581247198,900.581247198,953.424759725
0.156,0.72,0,0.28,0.0963404329437,20,3,250,877.503281534,883.430594018,902.237106892,1146.21974224
0.156,0.81,0,0.19,0.758680909432,50,4,275,887.581409337,887.581409337,887.581409337,1338.80935656
0.157,0.94,0.001,0.059,0.1164,20,3,230,875.339302797,876.68913976,885.551376233,938.482563057
0.157,0.94,0.001,0.059,0.126584055323,20,3,230,874.392396547,875.74223351,884.604469983,937.535656807
0.158,0.589,0.001,0.41,0.558,50,4,300,891.312084354,891.415393858,891.62455115,2650.22009263
0.159,0.947,0.001,0.052,0.1221,20,3,230,874.277373888,875.694239579,885.005810911,937.936997734
0.159,0.947,0.001,0.052,0.129151246524,20,3,230,873.656345764,875.073211455,884.384782786,937.31596961
0.16,0.29,0.01,0.7,0.2122600232,30,4,280,892.251067922,898.636321668,910.826704692,1903.14433151
0.16,0.7,0,0.3,0.144098938164,20,3,250,871.792340534,878.026576472,897.599064829,1141.58170018
0.16,0.78,0,0.22,0.107044925493,20,3,250,875.106434119,881.340670057,900.913158414,1144.89579376
0.161,0.925,0.001,0.074,2.23,40,10,325,955.07758623,955.07758623,955.07758623,1175.12454308
0.162,0.019,0,0.981,0.0093,4,3.8,279.85,978.711151367,12193.5365537,3707.60377433,113237.150426
0.163,0.045,0.103,0.852,0.0222,100,3.8,259.85,1067.49027074,1067.49027074,1067.49027074,2009.18035731
0.163,0.435,0.015,0.55,0.0839281106576,30,3,260,895.143075593,899.167178227,910.35037591,1182.06656541
0.164,0.62,0,0.38,0.663173070777,50,4,360,894.401830413,1128.92444276,1003.00685312,2527.67882726
0.165,0.56,0,0.44,0.285315897564,50,3.04166666667,320,882.658630884,911.721574627,913.20642835,2702.15227093
0.165,0.6,0,0.4,0.424577228518,40,3,350,877.383766692,1135.51416959,1049.17300861,2621.5467379
0.168,0.65,0,0.35,0.62,50,4,300,886.339232854,887.473952092,889.816084856,2255.74705631
0.168,0.7,0,0.3,0.32,70,3.0416666667,229.85,884.193999094,884.193999094,884.193999094,923.737715255
0.17,0.25,0.03,0.72,0.0503059685911,30,3,280,919.733281379,946.228679641,957.546786217,2579.023259
0.17,0.55,0,0.45,0.0801979209423,20,3,270,877.216825737,920.740828683,929.812463358,2885.15196752
0.17,0.78,0,0.22,0.379117444454,40,5,325,896.55460488,926.537766534,935.418086701,1706.83626431
0.17,0.84,0,0.16,0.122484097439,20,3,250,871.078101651,878.071881006,899.337614654,1143.32025
0.17,0.99,0.01,0,1,80,4,200,899.184496178,899.184496178,899.184496178,942.432563639
0.171,0.065,0.006,0.929,0.0335,100,3.8,259.85,935.755887198,935.755887198,935.755887198,1087.5276647
0.172,0.82,0,0.18,0.120974489515,20,3,250,870.762774498,877.908631519,899.477372716,1143.46000807
0.173,0.25,0,0.75,0.35613023289,50,3,380,883.882496431,2005.77048443,1216.75157224,7421.77550906
0.173,0.54,0,0.46,0.542,50,4,300,885.394970248,887.030894827,890.410248111,2958.66737684
0.173,0.923,0.002,0.075,2.4,60,8,325,931.417685114,931.417685114,931.417685114,1174.75224766
0.174,0.542,0,0.458,0.0485345809294,40,3.0416666667,239.85,893.150900041,893.150900041,893.150900041,939.078492673
0.174,0.632,0.002,0.366,0.33,50,3.0416666667,229.85,877.783446231,877.783446231,877.783446231,923.51954241
0.175,0.61,0,0.39,0.0915628669582,20,3,270,874.205445539,927.322049892,927.968334343,2491.39629441
0.176,0.924,0,0.076,0.288378,50,6,300,907.598091946,907.598091946,907.598091946,1155.24530864
0.177,0.683,0,0.317,0.725,50,4,300,883.006916524,885.021878484,889.182426113,2067.35569362
0.177,0.69,0,0.31,0.73,50,4,300,882.980420906,884.995382866,889.155930495,2029.68533325
0.177,0.71,0,0.29,0.754538064959,50,4,300,882.854482635,884.869444594,889.029992224,1937.13000228
0.178,0.67,0,0.33,0.102293091461,20,3,270,872.105067412,931.014283017,926.53500053,2163.62881261
0.178,0.705,0.001,0.294,0.35,50,3.0416666667,229.85,875.576866627,875.576866627,875.576866627,915.960458786
0.18,0.7,0,0.3,0.108074203623,20,3,270,870.996940248,934.18456909,925.858520465,2008.88225845
0.18,0.97,0,0.03,2.62,60,10,250,931.302434316,931.302434316,931.302434316,1002.40149411
0.18,0.98,0.02,0,0.4,100,4,200,916.663627744,916.663627744,916.663627744,982.993781833
0.18,0.98,0.02,0,1.75,100,2,200,894.914758829,894.914758829,894.914758829,956.161035988
0.181,0.562,0,0.438,0.0523501149563,40,3.0416666667,239.85,890.349675002,890.349675002,890.349675002,933.994391221
0.181,0.983,0,0.017,0.76,40,10,250,926.410208174,926.410208174,926.410208174,965.966353165
0.182,0.064,0.002,0.934,0.035,30,3.8,279.85,901.17292622,909.590395175,925.642191437,1902.24056385
0.183,0.565,5.55111512313e-17,0.435,0.0532111061118,40,3.0416666667,239.85,889.678812963,889.678812963,889.678812963,932.706242924
0.184,0.727,0,0.273,0.803159448345,50,4,300,880.728856447,883.367222908,888.798823489,1843.70202974
0.184,0.727,0,0.273,0.814,50,4,300,880.680345288,883.31871175,888.75031233,1843.65351858
0.184,0.97,0,0.03,2.55,60,10,250,929.256977439,929.256977439,929.256977439,998.469997288
0.185,0.55,0,0.45,0.0305176054425,30,3.0345,220,893.103186863,893.103186863,893.103186863,926.846856192
0.185,0.571,0,0.429,0.0543638976171,40,3.0416666667,239.85,888.925268059,888.925268059,888.925268059,931.349927048
0.186,0.903,0,0.097,0.308,50,6,280,901.442159857,901.442159857,901.442159857,1224.24764239
0.188,0.928,0.002,0.07,2.62,60,10,325,941.67441339,941.67441339,941.67441339,1162.62504372
0.19,0.99,0,0.01,0.55,100,4,200,891.802198348,891.802198348,891.802198348,921.462422136
0.192,0.36,0,0.64,0.450811591779,50,4,380,888.263246656,1565.47360828,1150.53934863,5247.09606604
0.2,0.14,0.03,0.83,0.0331427557776,30,3,300,923.520341871,1258.34707161,998.414623775,5870.78922471
0.2,0.7,0,0.3,0.840577139288,50,4,300,876.786906277,880.705223878,888.635637534,1639.90654405
0.2,0.912,0.002,0.086,0.87,40,8,325,911.470141406,924.005697265,937.485349577,1206.9161199
0.202,0.693,0.002,0.305,0.39,50,3.0416666667,229.85,872.092370039,872.092370039,872.092370039,913.260088608
0.203,0.057,0.016,0.927,0.0352,360,3.8,259.85,965.357317078,965.357317078,965.357317078,1179.62879515
0.205,0.615,0,0.385,0.432554134023,40,4,350,876.881452032,1121.19557635,1023.45729358,2590.04856817
0.205,0.77,0,0.23,0.38,70,3.0416666667,229.85,876.906254568,876.906254568,876.906254568,910.942357646
0.207,0.009,0,0.991,0.0055,100,3.8,279.85,1002.0514943,1002.0514943,1002.0514943,1118.48929052
0.21,0.008,0.652,0.34,0.00360247345409,40,3,370,2995.27168958,28013.533082,7545.09959376,
0.21,0.46,0.53,0.01,0.28,100,4,250,2083.16977014,2091.41143635,2096.69366857,4160.08196374
0.21,0.64,0,0.36,0.384263835103,40,5,350,885.404636389,1106.02805042,1011.91466958,2482.19811292
0.212,0.24,0.02,0.74,0.0602251219274,30,3,280,897.250929231,947.592708309,940.045195884,2477.03511994
0.213,0.036,0.102,0.862,0.0231,30,3.8,279.85,1025.83468163,1098.93912203,1084.40967423,2886.09845545
0.217,0.26,0.02,0.72,0.0667826528919,30,3,280,894.809336787,950.354974948,938.322546641,2475.31247069
0.218,0.27,0.02,0.71,0.069670807324,30,3,280,893.99434699,950.733242429,937.647146213,2474.63707026
0.22,0.26,0.02,0.72,0.261665373427,30,4,300,887.949171359,1041.65763574,950.890536235,4830.11055347
0.22,0.94,0.05,0.01,2.45,100,4,250,940.121383695,940.121383695,940.121383695,1112.51807992
0.22,0.98,0.01,0.01,1.6,100,3,200,887.31448031,887.31448031,887.31448031,941.736742737
0.224,0.03,0.134,0.836,0.0201,100,3.8,279.85,1100.63088063,1102.03811393,1104.6727405,1957.4814752
0.224,0.583,0.001,0.416,0.62,40,8,325,902.089899334,919.647112441,937.305547491,2897.08444344
0.228,0.015,0,0.985,0.0106,360,3.8,259.85,985.349956091,985.349956091,985.349956091,1086.45971359
0.229,0.058,0.004,0.938,0.0402,360,3.8,259.85,944.845848781,944.845848781,944.845848781,1062.19997773
0.23,0.38,0,0.62,0.269876725618,50,3.04166666667,340,871.240851513,1485.25229908,949.96535866,4440.38073408
0.23,0.78,0,0.22,0.4,90,3.0416666667,229.85,878.835605615,878.835605615,878.835605615,911.255610536
0.23,0.8,0,0.2,0.45,70,3.0416666667,229.85,872.908156882,872.908156882,872.908156882,905.07478691
0.23,0.97,0.01,0.02,0.65,100,4,250,896.438398589,896.438398589,896.438398589,982.367484386
0.235,0.62,0,0.38,0.0436994114297,30,3.0345,220,878.037247887,878.074245438,883.214024705,916.8840127
0.242,0.922,0.002,0.076,1.06,60,8,325,903.932620887,905.475220605,908.642976453,1165.74660129
0.245,0.45,0,0.55,0.0330669877153,20,3.0345,240,882.278876988,888.256074501,913.045511784,994.856341193
0.25,0.009,0.501,0.49,0.00482474123316,40,3,400,2042.74511088,45825.4786454,8139.29489187,
0.25,0.52,0,0.48,0.0389905524081,30,3.0345,230,879.235150535,879.697835489,889.142757197,924.153241478
0.252,0.093,0.011,0.896,0.0707,100,3.8,279.85,913.62063174,913.62063174,913.62063174,1088.45938338
0.256,0.14,0.02,0.84,0.0424227273954,30,3,300,899.491154074,1445.93176692,977.297050897,5742.0422801
0.257,0.902,0.002,0.096,1.09,60,10,325,912.825804751,912.825804751,912.825804751,1251.3117459
0.26,0.99,0.01,0,2.95,100,4,200,887.675970843,887.675970843,887.675970843,933.568117417
0.262,0.15,0.03,0.82,0.0465182250736,30,3,300,908.35566051,1503.81322477,990.868853741,5863.24345474
0.265,0.85,0,0.15,0.48,90,3.0416666667,229.85,874.562077171,874.562077171,874.562077171,906.154159506
0.267,0.15,0.03,0.82,0.0474059774605,30,3,300,907.565666423,1524.65985451,990.491580499,5862.86618147
0.28,0.178,0,0.822,0.153897665959,50,3.04166666667,360,870.777594278,2537.80283293,1033.54202109,9803.47527302
0.28,0.213,0.06,0.727,0.272827322923,30,4,320,926.332492476,2053.8315382,1072.62266098,8996.87468936
0.28,0.99,0.01,0,2.4,100,4,200,886.175987665,886.175987665,886.175987665,930.963277451
0.286,0.021,0,0.979,0.0182,360,3.8,279.85,957.118639319,957.118639319,957.118639319,1127.45411078
0.29,0.89,0.11,0,1.5,100,4,250,1007.69910432,1007.69910432,1009.23282243,1280.25043957
0.295,0.11,0.08,0.81,0.148444779156,30,4,340,955.069690341,3810.33254126,1249.27177409,17630.6495375
0.296,0.045,0.038,0.917,0.0399,360,3.8,279.85,977.719906291,977.719906291,977.719906291,1444.3062178
0.299,0.897,0,0.103,0.57,90,3.0416666667,229.85,871.266291792,871.266291792,871.266291792,899.936486911
0.305,0.517,0,0.483,0.0472940404344,20,3.0345,240,869.220696034,879.196821183,905.113077274,986.923906684
0.313,0.507,0,0.493,0.0475957673245,30,3.0345,240,870.350916629,872.555386931,889.092172808,933.865814387
0.32,0.085,0.09,0.825,0.124428289462,30,4,360,967.697307472,5421.65716534,1581.98367847,23499.9521707
0.325,0.6,0,0.4,0.0584858286121,30,3.0345,230,865.61151249,866.74008402,881.112042099,915.987907753
0.33,0.97,0.03,0,0.9,100,4,200,907.428981751,907.428981751,907.428981751,996.806434121
0.33,0.98,0.02,0,1.85,100,4,200,894.122324572,894.122324572,894.122324572,961.580184705
0.337,0.041,0.005,0.954,0.0419,360,3.8,279.85,936.054652054,936.054652054,936.054652054,1259.22012687
0.341,0.672,0,0.328,0.068728946657,30,3.0345,220,861.903112383,862.436512657,874.862749505,905.108582228
0.343,0.115,0.035,0.85,0.342843395878,30,4,380,890.854787016,3827.23204409,1978.68259908,18305.4530094
0.347,0.064,0.095,0.841,0.120640545944,30,4,380,972.628710154,7017.71001959,2257.19937629,31784.5269827
0.35,0.059,0.12,0.821,0.0944648594628,30,4,380,1008.62744949,7831.42122584,2386.12760997,34466.7138989
0.35,0.06,0.22,0.72,0.0342234978139,30,4,380,1180.34516793,8802.8400791,3010.52068622,35324.5227729
0.35,0.08,0.255,0.665,0.0228156652092,30,4,380,1254.49036216,7053.38044316,3282.23239537,27635.3489446
0.35,0.49,0,0.51,0.051437536446,30,3.0345,250,866.875323572,873.347783143,892.488189621,959.347822073
0.352,0.05,0.175,0.775,0.0430238258231,30,4,380,1101.55487581,9844.67237822,2710.09074001,40703.140466
0.355,0.055,0.165,0.78,0.0636394090301,30,4,380,1078.66492393,8880.56830638,2642.46221413,37307.0444008
0.363,0.035,0.15,0.815,0.0207052161774,30,4,390,1082.68096942,13309.6970971,3199.89213795,56308.8938144
0.365,0.028,0.135,0.837,0.0249831534041,30,4,390,1055.19421771,16098.3950116,3087.9887814,67638.6466348
0.365,0.045,0.26,0.695,0.0133838321808,30,4,390,1282.19024129,12094.907845,4164.95260219,47209.3580634
0.366,0.026,0.12,0.854,0.0413550228821,30,4,390,1021.61436252,16892.4672301,2973.75077471,71660.642686
0.368,0.025,0.125,0.85,0.0299863028464,30,4,390,1035.95380577,17669.2145482,3014.7532248,
0.4,0.48,0,0.52,0.0575860466335,30,3.0345,260,862.682741213,916.171414202,896.32232276,1037.89253134
0.4,0.536,0,0.464,0.0643044187407,20,3.0345,240,858.669365413,906.336910684,899.537146319,981.347975729
0.4,0.65,0.35,0,0.65,100,4,250,1436.47744481,1436.47744481,1459.37183387,2169.77018622
0.4,0.74,0.25,0.01,0.8,100,4,250,1223.3038131,1232.08799784,1242.25295316,1765.1390014
0.401,0.581,5.55111512313e-17,0.419,0.0698773683891,30,3.0345,240,859.198243271,863.610746141,882.302467404,927.076108983
0.415,0.63,0,0.37,0.0784159994392,40,3.0345,240,865.360425942,867.058921565,881.001434386,914.42265119
0.425,0.652,0,0.348,0.0831098620944,30,3.0345,230,855.595634549,858.052105272,875.569589168,910.445454823
0.46,0.575,0,0.425,0.0793307777841,30,3.0345,250,855.336371907,886.853927918,885.279016581,952.138649032
0.5,0.642,0,0.358,0.0962766717153,30,3.0345,240,851.450594488,865.442853866,877.718394219,922.492035797
0.513,0.716,0,0.284,0.110165706338,40,3.0345,240,857.895309929,861.843226846,876.489368623,909.910585426
0.53,0.57,0,0.43,0.0906080452498,30,3.0345,260,851.707007051,1071.05855107,889.314620837,1030.88482941
0.54,0.632,0,0.368,0.102359197891,30,3.0345,250,849.769084935,948.074694977,881.83558972,948.695222169
0.585,0.622,0,0.378,0.10913455619,30,3.0345,260,848.109980797,1073.59007782,886.946395549,1028.51660413
0.595,0.734,0,0.266,0.130987261178,40,3.0345,240,854.242170335,864.49182047,874.522030072,907.943246878
