dataset,doi,catalyst_name,field,dataset_value,paper_value,rel_diff,evidence,rule,proposed_class,human_check
TheMeCat,10.1039/c2cy20604h,Cu/Al2O3,pressure_bar,36.0,360.0,0.9,"PDF p1 abstract and p4 Experimental: tests at 0.40, 3, 10 and 36 MPa (= 4, 30, 100, 360 bar); TheMeCat stores 0.4/3/10/36 as bar","TheMeCat | 10.1039/c2cy20604h | pressure_bar | PDF p1 abstract and p4 Experimental: tests at 0.40, 3, 10 and 36 MPa (= 4, 30, 100, 360 bar); TheMeCat stores 0.4/3/10/36 as bar",E-unit,
TheMeCat,10.1039/c2cy20604h,Cu/Al2O3,pressure_bar,36.0,360.0,0.9,"PDF p1 abstract and p4 Experimental: tests at 0.40, 3, 10 and 36 MPa (= 4, 30, 100, 360 bar); TheMeCat stores 0.4/3/10/36 as bar","TheMeCat | 10.1039/c2cy20604h | pressure_bar | PDF p1 abstract and p4 Experimental: tests at 0.40, 3, 10 and 36 MPa (= 4, 30, 100, 360 bar); TheMeCat stores 0.4/3/10/36 as bar",E-unit,
TheMeCat,10.1039/c2cy20604h,Cu/Al2O3,pressure_bar,36.0,360.0,0.9,"PDF p1 abstract and p4 Experimental: tests at 0.40, 3, 10 and 36 MPa (= 4, 30, 100, 360 bar); TheMeCat stores 0.4/3/10/36 as bar","TheMeCat | 10.1039/c2cy20604h | pressure_bar | PDF p1 abstract and p4 Experimental: tests at 0.40, 3, 10 and 36 MPa (= 4, 30, 100, 360 bar); TheMeCat stores 0.4/3/10/36 as bar",E-unit,
TheMeCat,10.1039/c2cy20604h,Cu/Al2O3,pressure_bar,10.0,100.0,0.9,"PDF p1 abstract and p4 Experimental: tests at 0.40, 3, 10 and 36 MPa (= 4, 30, 100, 360 bar); TheMeCat stores 0.4/3/10/36 as bar","TheMeCat | 10.1039/c2cy20604h | pressure_bar | PDF p1 abstract and p4 Experimental: tests at 0.40, 3, 10 and 36 MPa (= 4, 30, 100, 360 bar); TheMeCat stores 0.4/3/10/36 as bar",E-unit,
TheMeCat,10.1039/c2cy20604h,Cu/Al2O3,pressure_bar,36.0,360.0,0.9,"PDF p1 abstract and p4 Experimental: tests at 0.40, 3, 10 and 36 MPa (= 4, 30, 100, 360 bar); TheMeCat stores 0.4/3/10/36 as bar","TheMeCat | 10.1039/c2cy20604h | pressure_bar | PDF p1 abstract and p4 Experimental: tests at 0.40, 3, 10 and 36 MPa (= 4, 30, 100, 360 bar); TheMeCat stores 0.4/3/10/36 as bar",E-unit,
TheMeCat,10.1039/c2cy20604h,Cu/Al2O3,pressure_bar,36.0,360.0,0.9,"PDF p1 abstract and p4 Experimental: tests at 0.40, 3, 10 and 36 MPa (= 4, 30, 100, 360 bar); TheMeCat stores 0.4/3/10/36 as bar","TheMeCat | 10.1039/c2cy20604h | pressure_bar | PDF p1 abstract and p4 Experimental: tests at 0.40, 3, 10 and 36 MPa (= 4, 30, 100, 360 bar); TheMeCat stores 0.4/3/10/36 as bar",E-unit,
TheMeCat,10.1039/c2cy20604h,Cu/Al2O3,pressure_bar,10.0,100.0,0.9,"PDF p1 abstract and p4 Experimental: tests at 0.40, 3, 10 and 36 MPa (= 4, 30, 100, 360 bar); TheMeCat stores 0.4/3/10/36 as bar","TheMeCat | 10.1039/c2cy20604h | pressure_bar | PDF p1 abstract and p4 Experimental: tests at 0.40, 3, 10 and 36 MPa (= 4, 30, 100, 360 bar); TheMeCat stores 0.4/3/10/36 as bar",E-unit,
TheMeCat,10.1039/c2cy20604h,Cu/Al2O3,pressure_bar,3.0,30.0,0.9,"PDF p1 abstract and p4 Experimental: tests at 0.40, 3, 10 and 36 MPa (= 4, 30, 100, 360 bar); TheMeCat stores 0.4/3/10/36 as bar","TheMeCat | 10.1039/c2cy20604h | pressure_bar | PDF p1 abstract and p4 Experimental: tests at 0.40, 3, 10 and 36 MPa (= 4, 30, 100, 360 bar); TheMeCat stores 0.4/3/10/36 as bar",E-unit,
TheMeCat,10.1039/c2cy20604h,Cu/Al2O3,pressure_bar,3.0,30.0,0.9,"PDF p1 abstract and p4 Experimental: tests at 0.40, 3, 10 and 36 MPa (= 4, 30, 100, 360 bar); TheMeCat stores 0.4/3/10/36 as bar","TheMeCat | 10.1039/c2cy20604h | pressure_bar | PDF p1 abstract and p4 Experimental: tests at 0.40, 3, 10 and 36 MPa (= 4, 30, 100, 360 bar); TheMeCat stores 0.4/3/10/36 as bar",E-unit,
TheMeCat,10.1039/c2cy20604h,Cu/Al2O3,pressure_bar,3.0,30.0,0.9,"PDF p1 abstract and p4 Experimental: tests at 0.40, 3, 10 and 36 MPa (= 4, 30, 100, 360 bar); TheMeCat stores 0.4/3/10/36 as bar","TheMeCat | 10.1039/c2cy20604h | pressure_bar | PDF p1 abstract and p4 Experimental: tests at 0.40, 3, 10 and 36 MPa (= 4, 30, 100, 360 bar); TheMeCat stores 0.4/3/10/36 as bar",E-unit,
TheMeCat,10.1039/c2cy20604h,Cu/Al2O3,pressure_bar,10.0,100.0,0.9,"PDF p1 abstract and p4 Experimental: tests at 0.40, 3, 10 and 36 MPa (= 4, 30, 100, 360 bar); TheMeCat stores 0.4/3/10/36 as bar","TheMeCat | 10.1039/c2cy20604h | pressure_bar | PDF p1 abstract and p4 Experimental: tests at 0.40, 3, 10 and 36 MPa (= 4, 30, 100, 360 bar); TheMeCat stores 0.4/3/10/36 as bar",E-unit,
TheMeCat,10.1039/c2cy20604h,Cu/Al2O3,pressure_bar,10.0,100.0,0.9,"PDF p1 abstract and p4 Experimental: tests at 0.40, 3, 10 and 36 MPa (= 4, 30, 100, 360 bar); TheMeCat stores 0.4/3/10/36 as bar","TheMeCat | 10.1039/c2cy20604h | pressure_bar | PDF p1 abstract and p4 Experimental: tests at 0.40, 3, 10 and 36 MPa (= 4, 30, 100, 360 bar); TheMeCat stores 0.4/3/10/36 as bar",E-unit,
TheMeCat,10.1039/c2cy20604h,Cu/Al2O3,pressure_bar,10.0,100.0,0.9,"PDF p1 abstract and p4 Experimental: tests at 0.40, 3, 10 and 36 MPa (= 4, 30, 100, 360 bar); TheMeCat stores 0.4/3/10/36 as bar","TheMeCat | 10.1039/c2cy20604h | pressure_bar | PDF p1 abstract and p4 Experimental: tests at 0.40, 3, 10 and 36 MPa (= 4, 30, 100, 360 bar); TheMeCat stores 0.4/3/10/36 as bar",E-unit,
TheMeCat,10.1039/c2cy20604h,Cu/Al2O3,pressure_bar,3.0,30.0,0.9,"PDF p1 abstract and p4 Experimental: tests at 0.40, 3, 10 and 36 MPa (= 4, 30, 100, 360 bar); TheMeCat stores 0.4/3/10/36 as bar","TheMeCat | 10.1039/c2cy20604h | pressure_bar | PDF p1 abstract and p4 Experimental: tests at 0.40, 3, 10 and 36 MPa (= 4, 30, 100, 360 bar); TheMeCat stores 0.4/3/10/36 as bar",E-unit,
TheMeCat,10.1039/c2cy20604h,Cu/Al2O3,pressure_bar,3.0,30.0,0.9,"PDF p1 abstract and p4 Experimental: tests at 0.40, 3, 10 and 36 MPa (= 4, 30, 100, 360 bar); TheMeCat stores 0.4/3/10/36 as bar","TheMeCat | 10.1039/c2cy20604h | pressure_bar | PDF p1 abstract and p4 Experimental: tests at 0.40, 3, 10 and 36 MPa (= 4, 30, 100, 360 bar); TheMeCat stores 0.4/3/10/36 as bar",E-unit,
TheMeCat,10.1039/c2cy20604h,Cu/Al2O3,pressure_bar,0.4,4.0,0.9,"PDF p1 abstract and p4 Experimental: tests at 0.40, 3, 10 and 36 MPa (= 4, 30, 100, 360 bar); TheMeCat stores 0.4/3/10/36 as bar","TheMeCat | 10.1039/c2cy20604h | pressure_bar | PDF p1 abstract and p4 Experimental: tests at 0.40, 3, 10 and 36 MPa (= 4, 30, 100, 360 bar); TheMeCat stores 0.4/3/10/36 as bar",E-unit,
TheMeCat,10.1039/c2cy20604h,Cu/Al2O3,pressure_bar,0.4,4.0,0.9,"PDF p1 abstract and p4 Experimental: tests at 0.40, 3, 10 and 36 MPa (= 4, 30, 100, 360 bar); TheMeCat stores 0.4/3/10/36 as bar","TheMeCat | 10.1039/c2cy20604h | pressure_bar | PDF p1 abstract and p4 Experimental: tests at 0.40, 3, 10 and 36 MPa (= 4, 30, 100, 360 bar); TheMeCat stores 0.4/3/10/36 as bar",E-unit,
TheMeCat,10.1039/c2cy20604h,Cu/Al2O3,pressure_bar,0.4,4.0,0.9,"PDF p1 abstract and p4 Experimental: tests at 0.40, 3, 10 and 36 MPa (= 4, 30, 100, 360 bar); TheMeCat stores 0.4/3/10/36 as bar","TheMeCat | 10.1039/c2cy20604h | pressure_bar | PDF p1 abstract and p4 Experimental: tests at 0.40, 3, 10 and 36 MPa (= 4, 30, 100, 360 bar); TheMeCat stores 0.4/3/10/36 as bar",E-unit,
TheMeCat,10.1039/c2cy20604h,Cu/Al2O3,pressure_bar,0.4,4.0,0.9,"PDF p1 abstract and p4 Experimental: tests at 0.40, 3, 10 and 36 MPa (= 4, 30, 100, 360 bar); TheMeCat stores 0.4/3/10/36 as bar","TheMeCat | 10.1039/c2cy20604h | pressure_bar | PDF p1 abstract and p4 Experimental: tests at 0.40, 3, 10 and 36 MPa (= 4, 30, 100, 360 bar); TheMeCat stores 0.4/3/10/36 as bar",E-unit,
TheMeCat,10.1039/c2cy20604h,Cu/Al2O3,pressure_bar,0.4,4.0,0.9,"PDF p1 abstract and p4 Experimental: tests at 0.40, 3, 10 and 36 MPa (= 4, 30, 100, 360 bar); TheMeCat stores 0.4/3/10/36 as bar","TheMeCat | 10.1039/c2cy20604h | pressure_bar | PDF p1 abstract and p4 Experimental: tests at 0.40, 3, 10 and 36 MPa (= 4, 30, 100, 360 bar); TheMeCat stores 0.4/3/10/36 as bar",E-unit,
TheMeCat,10.1039/c2cy20604h,Cu-K/Al2O3,pressure_bar,36.0,360.0,0.9,"PDF p1 abstract and p4 Experimental: tests at 0.40, 3, 10 and 36 MPa (= 4, 30, 100, 360 bar); TheMeCat stores 0.4/3/10/36 as bar","TheMeCat | 10.1039/c2cy20604h | pressure_bar | PDF p1 abstract and p4 Experimental: tests at 0.40, 3, 10 and 36 MPa (= 4, 30, 100, 360 bar); TheMeCat stores 0.4/3/10/36 as bar",E-unit,
TheMeCat,10.1039/c2cy20604h,Cu-K/Al2O3,pressure_bar,36.0,360.0,0.9,"PDF p1 abstract and p4 Experimental: tests at 0.40, 3, 10 and 36 MPa (= 4, 30, 100, 360 bar); TheMeCat stores 0.4/3/10/36 as bar","TheMeCat | 10.1039/c2cy20604h | pressure_bar | PDF p1 abstract and p4 Experimental: tests at 0.40, 3, 10 and 36 MPa (= 4, 30, 100, 360 bar); TheMeCat stores 0.4/3/10/36 as bar",E-unit,
TheMeCat,10.1039/c2cy20604h,Cu-K/Al2O3,pressure_bar,36.0,360.0,0.9,"PDF p1 abstract and p4 Experimental: tests at 0.40, 3, 10 and 36 MPa (= 4, 30, 100, 360 bar); TheMeCat stores 0.4/3/10/36 as bar","TheMeCat | 10.1039/c2cy20604h | pressure_bar | PDF p1 abstract and p4 Experimental: tests at 0.40, 3, 10 and 36 MPa (= 4, 30, 100, 360 bar); TheMeCat stores 0.4/3/10/36 as bar",E-unit,
TheMeCat,10.1039/c2cy20604h,Cu-K/Al2O3,pressure_bar,3.0,30.0,0.9,"PDF p1 abstract and p4 Experimental: tests at 0.40, 3, 10 and 36 MPa (= 4, 30, 100, 360 bar); TheMeCat stores 0.4/3/10/36 as bar","TheMeCat | 10.1039/c2cy20604h | pressure_bar | PDF p1 abstract and p4 Experimental: tests at 0.40, 3, 10 and 36 MPa (= 4, 30, 100, 360 bar); TheMeCat stores 0.4/3/10/36 as bar",E-unit,
TheMeCat,10.1039/c2cy20604h,Cu-K/Al2O3,pressure_bar,0.4,4.0,0.9,"PDF p1 abstract and p4 Experimental: tests at 0.40, 3, 10 and 36 MPa (= 4, 30, 100, 360 bar); TheMeCat stores 0.4/3/10/36 as bar","TheMeCat | 10.1039/c2cy20604h | pressure_bar | PDF p1 abstract and p4 Experimental: tests at 0.40, 3, 10 and 36 MPa (= 4, 30, 100, 360 bar); TheMeCat stores 0.4/3/10/36 as bar",E-unit,
TheMeCat,10.1039/c2cy20604h,Cu-K/Al2O3,pressure_bar,3.0,30.0,0.9,"PDF p1 abstract and p4 Experimental: tests at 0.40, 3, 10 and 36 MPa (= 4, 30, 100, 360 bar); TheMeCat stores 0.4/3/10/36 as bar","TheMeCat | 10.1039/c2cy20604h | pressure_bar | PDF p1 abstract and p4 Experimental: tests at 0.40, 3, 10 and 36 MPa (= 4, 30, 100, 360 bar); TheMeCat stores 0.4/3/10/36 as bar",E-unit,
TheMeCat,10.1039/c2cy20604h,Cu-K/Al2O3,pressure_bar,36.0,360.0,0.9,"PDF p1 abstract and p4 Experimental: tests at 0.40, 3, 10 and 36 MPa (= 4, 30, 100, 360 bar); TheMeCat stores 0.4/3/10/36 as bar","TheMeCat | 10.1039/c2cy20604h | pressure_bar | PDF p1 abstract and p4 Experimental: tests at 0.40, 3, 10 and 36 MPa (= 4, 30, 100, 360 bar); TheMeCat stores 0.4/3/10/36 as bar",E-unit,
TheMeCat,10.1039/c2cy20604h,Cu-K/Al2O3,pressure_bar,10.0,100.0,0.9,"PDF p1 abstract and p4 Experimental: tests at 0.40, 3, 10 and 36 MPa (= 4, 30, 100, 360 bar); TheMeCat stores 0.4/3/10/36 as bar","TheMeCat | 10.1039/c2cy20604h | pressure_bar | PDF p1 abstract and p4 Experimental: tests at 0.40, 3, 10 and 36 MPa (= 4, 30, 100, 360 bar); TheMeCat stores 0.4/3/10/36 as bar",E-unit,
TheMeCat,10.1039/c2cy20604h,Cu-K/Al2O3,pressure_bar,10.0,100.0,0.9,"PDF p1 abstract and p4 Experimental: tests at 0.40, 3, 10 and 36 MPa (= 4, 30, 100, 360 bar); TheMeCat stores 0.4/3/10/36 as bar","TheMeCat | 10.1039/c2cy20604h | pressure_bar | PDF p1 abstract and p4 Experimental: tests at 0.40, 3, 10 and 36 MPa (= 4, 30, 100, 360 bar); TheMeCat stores 0.4/3/10/36 as bar",E-unit,
TheMeCat,10.1039/c2cy20604h,Cu-K/Al2O3,pressure_bar,3.0,30.0,0.9,"PDF p1 abstract and p4 Experimental: tests at 0.40, 3, 10 and 36 MPa (= 4, 30, 100, 360 bar); TheMeCat stores 0.4/3/10/36 as bar","TheMeCat | 10.1039/c2cy20604h | pressure_bar | PDF p1 abstract and p4 Experimental: tests at 0.40, 3, 10 and 36 MPa (= 4, 30, 100, 360 bar); TheMeCat stores 0.4/3/10/36 as bar",E-unit,
TheMeCat,10.1039/c2cy20604h,Cu-K/Al2O3,pressure_bar,36.0,360.0,0.9,"PDF p1 abstract and p4 Experimental: tests at 0.40, 3, 10 and 36 MPa (= 4, 30, 100, 360 bar); TheMeCat stores 0.4/3/10/36 as bar","TheMeCat | 10.1039/c2cy20604h | pressure_bar | PDF p1 abstract and p4 Experimental: tests at 0.40, 3, 10 and 36 MPa (= 4, 30, 100, 360 bar); TheMeCat stores 0.4/3/10/36 as bar",E-unit,
TheMeCat,10.1039/c2cy20604h,Cu-K/Al2O3,pressure_bar,10.0,100.0,0.9,"PDF p1 abstract and p4 Experimental: tests at 0.40, 3, 10 and 36 MPa (= 4, 30, 100, 360 bar); TheMeCat stores 0.4/3/10/36 as bar","TheMeCat | 10.1039/c2cy20604h | pressure_bar | PDF p1 abstract and p4 Experimental: tests at 0.40, 3, 10 and 36 MPa (= 4, 30, 100, 360 bar); TheMeCat stores 0.4/3/10/36 as bar",E-unit,
TheMeCat,10.1039/c2cy20604h,Cu-K/Al2O3,pressure_bar,0.4,4.0,0.9,"PDF p1 abstract and p4 Experimental: tests at 0.40, 3, 10 and 36 MPa (= 4, 30, 100, 360 bar); TheMeCat stores 0.4/3/10/36 as bar","TheMeCat | 10.1039/c2cy20604h | pressure_bar | PDF p1 abstract and p4 Experimental: tests at 0.40, 3, 10 and 36 MPa (= 4, 30, 100, 360 bar); TheMeCat stores 0.4/3/10/36 as bar",E-unit,
TheMeCat,10.1039/c2cy20604h,Cu-K/Al2O3,pressure_bar,10.0,100.0,0.9,"PDF p1 abstract and p4 Experimental: tests at 0.40, 3, 10 and 36 MPa (= 4, 30, 100, 360 bar); TheMeCat stores 0.4/3/10/36 as bar","TheMeCat | 10.1039/c2cy20604h | pressure_bar | PDF p1 abstract and p4 Experimental: tests at 0.40, 3, 10 and 36 MPa (= 4, 30, 100, 360 bar); TheMeCat stores 0.4/3/10/36 as bar",E-unit,
TheMeCat,10.1039/c2cy20604h,Cu-K/Al2O3,pressure_bar,0.4,4.0,0.9,"PDF p1 abstract and p4 Experimental: tests at 0.40, 3, 10 and 36 MPa (= 4, 30, 100, 360 bar); TheMeCat stores 0.4/3/10/36 as bar","TheMeCat | 10.1039/c2cy20604h | pressure_bar | PDF p1 abstract and p4 Experimental: tests at 0.40, 3, 10 and 36 MPa (= 4, 30, 100, 360 bar); TheMeCat stores 0.4/3/10/36 as bar",E-unit,
TheMeCat,10.1039/c2cy20604h,Cu-K/Al2O3,pressure_bar,3.0,30.0,0.9,"PDF p1 abstract and p4 Experimental: tests at 0.40, 3, 10 and 36 MPa (= 4, 30, 100, 360 bar); TheMeCat stores 0.4/3/10/36 as bar","TheMeCat | 10.1039/c2cy20604h | pressure_bar | PDF p1 abstract and p4 Experimental: tests at 0.40, 3, 10 and 36 MPa (= 4, 30, 100, 360 bar); TheMeCat stores 0.4/3/10/36 as bar",E-unit,
TheMeCat,10.1039/c2cy20604h,Cu-K/Al2O3,pressure_bar,0.4,4.0,0.9,"PDF p1 abstract and p4 Experimental: tests at 0.40, 3, 10 and 36 MPa (= 4, 30, 100, 360 bar); TheMeCat stores 0.4/3/10/36 as bar","TheMeCat | 10.1039/c2cy20604h | pressure_bar | PDF p1 abstract and p4 Experimental: tests at 0.40, 3, 10 and 36 MPa (= 4, 30, 100, 360 bar); TheMeCat stores 0.4/3/10/36 as bar",E-unit,
TheMeCat,10.1039/c2cy20604h,Cu-K/Al2O3,pressure_bar,10.0,100.0,0.9,"PDF p1 abstract and p4 Experimental: tests at 0.40, 3, 10 and 36 MPa (= 4, 30, 100, 360 bar); TheMeCat stores 0.4/3/10/36 as bar","TheMeCat | 10.1039/c2cy20604h | pressure_bar | PDF p1 abstract and p4 Experimental: tests at 0.40, 3, 10 and 36 MPa (= 4, 30, 100, 360 bar); TheMeCat stores 0.4/3/10/36 as bar",E-unit,
TheMeCat,10.1039/c2cy20604h,Cu-K/Al2O3,pressure_bar,3.0,30.0,0.9,"PDF p1 abstract and p4 Experimental: tests at 0.40, 3, 10 and 36 MPa (= 4, 30, 100, 360 bar); TheMeCat stores 0.4/3/10/36 as bar","TheMeCat | 10.1039/c2cy20604h | pressure_bar | PDF p1 abstract and p4 Experimental: tests at 0.40, 3, 10 and 36 MPa (= 4, 30, 100, 360 bar); TheMeCat stores 0.4/3/10/36 as bar",E-unit,
TheMeCat,10.1039/c2cy20604h,Cu-K/Al2O3,pressure_bar,0.4,4.0,0.9,"PDF p1 abstract and p4 Experimental: tests at 0.40, 3, 10 and 36 MPa (= 4, 30, 100, 360 bar); TheMeCat stores 0.4/3/10/36 as bar","TheMeCat | 10.1039/c2cy20604h | pressure_bar | PDF p1 abstract and p4 Experimental: tests at 0.40, 3, 10 and 36 MPa (= 4, 30, 100, 360 bar); TheMeCat stores 0.4/3/10/36 as bar",E-unit,
TheMeCat,10.1039/c2cy20604h,Cu-Ba/Al2O3,pressure_bar,36.0,360.0,0.9,"PDF p1 abstract and p4 Experimental: tests at 0.40, 3, 10 and 36 MPa (= 4, 30, 100, 360 bar); TheMeCat stores 0.4/3/10/36 as bar","TheMeCat | 10.1039/c2cy20604h | pressure_bar | PDF p1 abstract and p4 Experimental: tests at 0.40, 3, 10 and 36 MPa (= 4, 30, 100, 360 bar); TheMeCat stores 0.4/3/10/36 as bar",E-unit,
TheMeCat,10.1039/c2cy20604h,Cu-Ba/Al2O3,pressure_bar,3.0,30.0,0.9,"PDF p1 abstract and p4 Experimental: tests at 0.40, 3, 10 and 36 MPa (= 4, 30, 100, 360 bar); TheMeCat stores 0.4/3/10/36 as bar","TheMeCat | 10.1039/c2cy20604h | pressure_bar | PDF p1 abstract and p4 Experimental: tests at 0.40, 3, 10 and 36 MPa (= 4, 30, 100, 360 bar); TheMeCat stores 0.4/3/10/36 as bar",E-unit,
TheMeCat,10.1039/c2cy20604h,Cu-Ba/Al2O3,pressure_bar,36.0,360.0,0.9,"PDF p1 abstract and p4 Experimental: tests at 0.40, 3, 10 and 36 MPa (= 4, 30, 100, 360 bar); TheMeCat stores 0.4/3/10/36 as bar","TheMeCat | 10.1039/c2cy20604h | pressure_bar | PDF p1 abstract and p4 Experimental: tests at 0.40, 3, 10 and 36 MPa (= 4, 30, 100, 360 bar); TheMeCat stores 0.4/3/10/36 as bar",E-unit,
TheMeCat,10.1039/c2cy20604h,Cu-Ba/Al2O3,pressure_bar,10.0,100.0,0.9,"PDF p1 abstract and p4 Experimental: tests at 0.40, 3, 10 and 36 MPa (= 4, 30, 100, 360 bar); TheMeCat stores 0.4/3/10/36 as bar","TheMeCat | 10.1039/c2cy20604h | pressure_bar | PDF p1 abstract and p4 Experimental: tests at 0.40, 3, 10 and 36 MPa (= 4, 30, 100, 360 bar); TheMeCat stores 0.4/3/10/36 as bar",E-unit,
TheMeCat,10.1039/c2cy20604h,Cu-Ba/Al2O3,pressure_bar,36.0,360.0,0.9,"PDF p1 abstract and p4 Experimental: tests at 0.40, 3, 10 and 36 MPa (= 4, 30, 100, 360 bar); TheMeCat stores 0.4/3/10/36 as bar","TheMeCat | 10.1039/c2cy20604h | pressure_bar | PDF p1 abstract and p4 Experimental: tests at 0.40, 3, 10 and 36 MPa (= 4, 30, 100, 360 bar); TheMeCat stores 0.4/3/10/36 as bar",E-unit,
TheMeCat,10.1039/c2cy20604h,Cu-Ba/Al2O3,pressure_bar,10.0,100.0,0.9,"PDF p1 abstract and p4 Experimental: tests at 0.40, 3, 10 and 36 MPa (= 4, 30, 100, 360 bar); TheMeCat stores 0.4/3/10/36 as bar","TheMeCat | 10.1039/c2cy20604h | pressure_bar | PDF p1 abstract and p4 Experimental: tests at 0.40, 3, 10 and 36 MPa (= 4, 30, 100, 360 bar); TheMeCat stores 0.4/3/10/36 as bar",E-unit,
TheMeCat,10.1039/c2cy20604h,Cu-Ba/Al2O3,pressure_bar,3.0,30.0,0.9,"PDF p1 abstract and p4 Experimental: tests at 0.40, 3, 10 and 36 MPa (= 4, 30, 100, 360 bar); TheMeCat stores 0.4/3/10/36 as bar","TheMeCat | 10.1039/c2cy20604h | pressure_bar | PDF p1 abstract and p4 Experimental: tests at 0.40, 3, 10 and 36 MPa (= 4, 30, 100, 360 bar); TheMeCat stores 0.4/3/10/36 as bar",E-unit,
TheMeCat,10.1039/c2cy20604h,Cu-Ba/Al2O3,pressure_bar,10.0,100.0,0.9,"PDF p1 abstract and p4 Experimental: tests at 0.40, 3, 10 and 36 MPa (= 4, 30, 100, 360 bar); TheMeCat stores 0.4/3/10/36 as bar","TheMeCat | 10.1039/c2cy20604h | pressure_bar | PDF p1 abstract and p4 Experimental: tests at 0.40, 3, 10 and 36 MPa (= 4, 30, 100, 360 bar); TheMeCat stores 0.4/3/10/36 as bar",E-unit,
TheMeCat,10.1039/c2cy20604h,Cu-Ba/Al2O3,pressure_bar,36.0,360.0,0.9,"PDF p1 abstract and p4 Experimental: tests at 0.40, 3, 10 and 36 MPa (= 4, 30, 100, 360 bar); TheMeCat stores 0.4/3/10/36 as bar","TheMeCat | 10.1039/c2cy20604h | pressure_bar | PDF p1 abstract and p4 Experimental: tests at 0.40, 3, 10 and 36 MPa (= 4, 30, 100, 360 bar); TheMeCat stores 0.4/3/10/36 as bar",E-unit,
TheMeCat,10.1039/c2cy20604h,Cu-Ba/Al2O3,pressure_bar,36.0,360.0,0.9,"PDF p1 abstract and p4 Experimental: tests at 0.40, 3, 10 and 36 MPa (= 4, 30, 100, 360 bar); TheMeCat stores 0.4/3/10/36 as bar","TheMeCat | 10.1039/c2cy20604h | pressure_bar | PDF p1 abstract and p4 Experimental: tests at 0.40, 3, 10 and 36 MPa (= 4, 30, 100, 360 bar); TheMeCat stores 0.4/3/10/36 as bar",E-unit,
TheMeCat,10.1039/c2cy20604h,Cu-Ba/Al2O3,pressure_bar,3.0,30.0,0.9,"PDF p1 abstract and p4 Experimental: tests at 0.40, 3, 10 and 36 MPa (= 4, 30, 100, 360 bar); TheMeCat stores 0.4/3/10/36 as bar","TheMeCat | 10.1039/c2cy20604h | pressure_bar | PDF p1 abstract and p4 Experimental: tests at 0.40, 3, 10 and 36 MPa (= 4, 30, 100, 360 bar); TheMeCat stores 0.4/3/10/36 as bar",E-unit,
TheMeCat,10.1039/c2cy20604h,Cu-Ba/Al2O3,pressure_bar,10.0,100.0,0.9,"PDF p1 abstract and p4 Experimental: tests at 0.40, 3, 10 and 36 MPa (= 4, 30, 100, 360 bar); TheMeCat stores 0.4/3/10/36 as bar","TheMeCat | 10.1039/c2cy20604h | pressure_bar | PDF p1 abstract and p4 Experimental: tests at 0.40, 3, 10 and 36 MPa (= 4, 30, 100, 360 bar); TheMeCat stores 0.4/3/10/36 as bar",E-unit,
TheMeCat,10.1039/c2cy20604h,Cu-Ba/Al2O3,pressure_bar,3.0,30.0,0.9,"PDF p1 abstract and p4 Experimental: tests at 0.40, 3, 10 and 36 MPa (= 4, 30, 100, 360 bar); TheMeCat stores 0.4/3/10/36 as bar","TheMeCat | 10.1039/c2cy20604h | pressure_bar | PDF p1 abstract and p4 Experimental: tests at 0.40, 3, 10 and 36 MPa (= 4, 30, 100, 360 bar); TheMeCat stores 0.4/3/10/36 as bar",E-unit,
TheMeCat,10.1039/c2cy20604h,Cu-Ba/Al2O3,pressure_bar,10.0,100.0,0.9,"PDF p1 abstract and p4 Experimental: tests at 0.40, 3, 10 and 36 MPa (= 4, 30, 100, 360 bar); TheMeCat stores 0.4/3/10/36 as bar","TheMeCat | 10.1039/c2cy20604h | pressure_bar | PDF p1 abstract and p4 Experimental: tests at 0.40, 3, 10 and 36 MPa (= 4, 30, 100, 360 bar); TheMeCat stores 0.4/3/10/36 as bar",E-unit,
TheMeCat,10.1039/c2cy20604h,Cu-Ba/Al2O3,pressure_bar,0.4,4.0,0.9,"PDF p1 abstract and p4 Experimental: tests at 0.40, 3, 10 and 36 MPa (= 4, 30, 100, 360 bar); TheMeCat stores 0.4/3/10/36 as bar","TheMeCat | 10.1039/c2cy20604h | pressure_bar | PDF p1 abstract and p4 Experimental: tests at 0.40, 3, 10 and 36 MPa (= 4, 30, 100, 360 bar); TheMeCat stores 0.4/3/10/36 as bar",E-unit,
TheMeCat,10.1039/c2cy20604h,Cu-Ba/Al2O3,pressure_bar,0.4,4.0,0.9,"PDF p1 abstract and p4 Experimental: tests at 0.40, 3, 10 and 36 MPa (= 4, 30, 100, 360 bar); TheMeCat stores 0.4/3/10/36 as bar","TheMeCat | 10.1039/c2cy20604h | pressure_bar | PDF p1 abstract and p4 Experimental: tests at 0.40, 3, 10 and 36 MPa (= 4, 30, 100, 360 bar); TheMeCat stores 0.4/3/10/36 as bar",E-unit,
TheMeCat,10.1039/c2cy20604h,Cu-Ba/Al2O3,pressure_bar,3.0,30.0,0.9,"PDF p1 abstract and p4 Experimental: tests at 0.40, 3, 10 and 36 MPa (= 4, 30, 100, 360 bar); TheMeCat stores 0.4/3/10/36 as bar","TheMeCat | 10.1039/c2cy20604h | pressure_bar | PDF p1 abstract and p4 Experimental: tests at 0.40, 3, 10 and 36 MPa (= 4, 30, 100, 360 bar); TheMeCat stores 0.4/3/10/36 as bar",E-unit,
TheMeCat,10.1039/c2cy20604h,Cu-Ba/Al2O3,pressure_bar,0.4,4.0,0.9,"PDF p1 abstract and p4 Experimental: tests at 0.40, 3, 10 and 36 MPa (= 4, 30, 100, 360 bar); TheMeCat stores 0.4/3/10/36 as bar","TheMeCat | 10.1039/c2cy20604h | pressure_bar | PDF p1 abstract and p4 Experimental: tests at 0.40, 3, 10 and 36 MPa (= 4, 30, 100, 360 bar); TheMeCat stores 0.4/3/10/36 as bar",E-unit,
TheMeCat,10.1039/c2cy20604h,Cu-Ba/Al2O3,pressure_bar,0.4,4.0,0.9,"PDF p1 abstract and p4 Experimental: tests at 0.40, 3, 10 and 36 MPa (= 4, 30, 100, 360 bar); TheMeCat stores 0.4/3/10/36 as bar","TheMeCat | 10.1039/c2cy20604h | pressure_bar | PDF p1 abstract and p4 Experimental: tests at 0.40, 3, 10 and 36 MPa (= 4, 30, 100, 360 bar); TheMeCat stores 0.4/3/10/36 as bar",E-unit,
TheMeCat,10.1039/c2cy20604h,Cu-Ba/Al2O3,pressure_bar,0.4,4.0,0.9,"PDF p1 abstract and p4 Experimental: tests at 0.40, 3, 10 and 36 MPa (= 4, 30, 100, 360 bar); TheMeCat stores 0.4/3/10/36 as bar","TheMeCat | 10.1039/c2cy20604h | pressure_bar | PDF p1 abstract and p4 Experimental: tests at 0.40, 3, 10 and 36 MPa (= 4, 30, 100, 360 bar); TheMeCat stores 0.4/3/10/36 as bar",E-unit,
TheMeCat,10.1021/acs.iecr.7b01464,CZA200,CO2_conversion,49.3,31.3,0.365112,"PDF p4 Table 1: CZA200 CO2 conversion 31.3 %, CO selectivity 49.3 %; TheMeCat stores the CO selectivity (49.3) as conversion","TheMeCat | 10.1021/acs.iecr.7b01464 | CO2_conversion | PDF p4 Table 1: CZA200 CO2 conversion 31.3 %, CO selectivity 49.3 %; TheMeCat stores the CO selectivity (49.3) as conversion",E-value,
TheMeCat,10.1039/c2cy20604h,Cu/Al2O3,STY_g_per_gcath,0.0912,0.1034,0.117988,PDF p6 text: highest methanol yield of 103.4 mg gcat-1 h-1 at 473 K and 36 MPa (TheMeCat 0.0912),TheMeCat | 10.1039/c2cy20604h | STY_g_per_gcath | PDF p6 text: highest methanol yield of 103.4 mg gcat-1 h-1 at 473 K and 36 MPa (TheMeCat 0.0912),E-value,
TheMeCat,10.1039/c2cy20604h,Cu/Al2O3,STY_g_per_gcath,0.0735,0.075,0.02,"PDF p6 text: methanol yield of 75.0 mg gcat-1 h-1 at 443 K, 36 MPa (TheMeCat 0.0735)","TheMeCat | 10.1039/c2cy20604h | STY_g_per_gcath | PDF p6 text: methanol yield of 75.0 mg gcat-1 h-1 at 443 K, 36 MPa (TheMeCat 0.0735)",E-value,
TheMeCat,10.1039/c6ra28305e,CZ-550,STY_g_per_gcath,0.0261,0.0278,0.0611511,PDF p5 Table 2: CH3OH productivity 2.41e-7 mol s-1 g-1 = 0.0278 g g-1 h-1 (TheMeCat 0.0261),TheMeCat | 10.1039/c6ra28305e | STY_g_per_gcath | PDF p5 Table 2: CH3OH productivity 2.41e-7 mol s-1 g-1 = 0.0278 g g-1 h-1 (TheMeCat 0.0261),E-value,
TheMeCat,10.1039/c6ra28305e,CZ-650,STY_g_per_gcath,0.0073,0.01188,0.385522,PDF p5 Table 2: CH3OH productivity 1.03e-7 mol s-1 g-1 = 0.0119 g g-1 h-1 (TheMeCat 0.0073),TheMeCat | 10.1039/c6ra28305e | STY_g_per_gcath | PDF p5 Table 2: CH3OH productivity 1.03e-7 mol s-1 g-1 = 0.0119 g g-1 h-1 (TheMeCat 0.0073),E-value,
TheMeCat,10.1039/c6ra28305e,CZ-350,pH2_pCO2_ratio,3.1,3.0,0.0322581,PDF p5 Table 2 footnote: CO2:H2 = 1:3; p3 Experimental: 25% CO2/H2 (TheMeCat 3.1),TheMeCat | 10.1039/c6ra28305e | pH2_pCO2_ratio | PDF p5 Table 2 footnote: CO2:H2 = 1:3; p3 Experimental: 25% CO2/H2 (TheMeCat 3.1),E-value,
TheMeCat,10.1039/c6ra28305e,CZ-450,pH2_pCO2_ratio,3.1,3.0,0.0322581,PDF p5 Table 2 footnote: CO2:H2 = 1:3; p3 Experimental: 25% CO2/H2 (TheMeCat 3.1),TheMeCat | 10.1039/c6ra28305e | pH2_pCO2_ratio | PDF p5 Table 2 footnote: CO2:H2 = 1:3; p3 Experimental: 25% CO2/H2 (TheMeCat 3.1),E-value,
TheMeCat,10.1039/c6ra28305e,CZ-550,pH2_pCO2_ratio,3.1,3.0,0.0322581,PDF p5 Table 2 footnote: CO2:H2 = 1:3; p3 Experimental: 25% CO2/H2 (TheMeCat 3.1),TheMeCat | 10.1039/c6ra28305e | pH2_pCO2_ratio | PDF p5 Table 2 footnote: CO2:H2 = 1:3; p3 Experimental: 25% CO2/H2 (TheMeCat 3.1),E-value,
TheMeCat,10.1039/c6ra28305e,CZ-650,pH2_pCO2_ratio,3.1,3.0,0.0322581,PDF p5 Table 2 footnote: CO2:H2 = 1:3; p3 Experimental: 25% CO2/H2 (TheMeCat 3.1),TheMeCat | 10.1039/c6ra28305e | pH2_pCO2_ratio | PDF p5 Table 2 footnote: CO2:H2 = 1:3; p3 Experimental: 25% CO2/H2 (TheMeCat 3.1),E-value,
TheMeCat,10.1016/j.jcat.2016.03.017,5% Pd/ZnO IM,GHSV_nlph_gcat,36.2,3.6,0.900552,"PDF p3 Section 2 and Table 4-6 footnotes p10-11: 0.5 g catalyst, 30 ml/min feed = 1.8 NL h-1 / 0.5 g = 3.6 NL g-1 h-1 (TheMeCat 36.2, 10x)","TheMeCat | 10.1016/j.jcat.2016.03.017 | GHSV_nlph_gcat | PDF p3 Section 2 and Table 4-6 footnotes p10-11: 0.5 g catalyst, 30 ml/min feed = 1.8 NL h-1 / 0.5 g = 3.6 NL g-1 h-1 (TheMeCat 36.2, 10x)",E-unit,
TheMeCat,10.1016/j.jcat.2016.03.017,5% Pd/ZnO IM,GHSV_nlph_gcat,36.2,3.6,0.900552,"PDF p3 Section 2 and Table 4-6 footnotes p10-11: 0.5 g catalyst, 30 ml/min feed = 1.8 NL h-1 / 0.5 g = 3.6 NL g-1 h-1 (TheMeCat 36.2, 10x)","TheMeCat | 10.1016/j.jcat.2016.03.017 | GHSV_nlph_gcat | PDF p3 Section 2 and Table 4-6 footnotes p10-11: 0.5 g catalyst, 30 ml/min feed = 1.8 NL h-1 / 0.5 g = 3.6 NL g-1 h-1 (TheMeCat 36.2, 10x)",E-unit,
TheMeCat,10.1016/j.jcat.2016.03.017,5% Pd/ZnO IM,GHSV_nlph_gcat,36.2,3.6,0.900552,"PDF p3 Section 2 and Table 4-6 footnotes p10-11: 0.5 g catalyst, 30 ml/min feed = 1.8 NL h-1 / 0.5 g = 3.6 NL g-1 h-1 (TheMeCat 36.2, 10x)","TheMeCat | 10.1016/j.jcat.2016.03.017 | GHSV_nlph_gcat | PDF p3 Section 2 and Table 4-6 footnotes p10-11: 0.5 g catalyst, 30 ml/min feed = 1.8 NL h-1 / 0.5 g = 3.6 NL g-1 h-1 (TheMeCat 36.2, 10x)",E-unit,
TheMeCat,10.1016/j.jcat.2016.03.017,5% Pd/ZnO  IM,GHSV_nlph_gcat,36.2,3.6,0.900552,"PDF p3 Section 2 and Table 4-6 footnotes p10-11: 0.5 g catalyst, 30 ml/min feed = 1.8 NL h-1 / 0.5 g = 3.6 NL g-1 h-1 (TheMeCat 36.2, 10x)","TheMeCat | 10.1016/j.jcat.2016.03.017 | GHSV_nlph_gcat | PDF p3 Section 2 and Table 4-6 footnotes p10-11: 0.5 g catalyst, 30 ml/min feed = 1.8 NL h-1 / 0.5 g = 3.6 NL g-1 h-1 (TheMeCat 36.2, 10x)",E-unit,
TheMeCat,10.1016/j.jcat.2016.03.017,"5% Pd, IM",GHSV_nlph_gcat,36.2,3.6,0.900552,"PDF p3 Section 2 and Table 4-6 footnotes p10-11: 0.5 g catalyst, 30 ml/min feed = 1.8 NL h-1 / 0.5 g = 3.6 NL g-1 h-1 (TheMeCat 36.2, 10x)","TheMeCat | 10.1016/j.jcat.2016.03.017 | GHSV_nlph_gcat | PDF p3 Section 2 and Table 4-6 footnotes p10-11: 0.5 g catalyst, 30 ml/min feed = 1.8 NL h-1 / 0.5 g = 3.6 NL g-1 h-1 (TheMeCat 36.2, 10x)",E-unit,
TheMeCat,10.1016/j.jcat.2016.03.017,5% Pd/ZnO IM,GHSV_nlph_gcat,36.2,3.6,0.900552,"PDF p3 Section 2 and Table 4-6 footnotes p10-11: 0.5 g catalyst, 30 ml/min feed = 1.8 NL h-1 / 0.5 g = 3.6 NL g-1 h-1 (TheMeCat 36.2, 10x)","TheMeCat | 10.1016/j.jcat.2016.03.017 | GHSV_nlph_gcat | PDF p3 Section 2 and Table 4-6 footnotes p10-11: 0.5 g catalyst, 30 ml/min feed = 1.8 NL h-1 / 0.5 g = 3.6 NL g-1 h-1 (TheMeCat 36.2, 10x)",E-unit,
TheMeCat,10.1016/j.jcat.2016.03.017,5% Pd/ZnO IM,GHSV_nlph_gcat,36.2,3.6,0.900552,"PDF p3 Section 2 and Table 4-6 footnotes p10-11: 0.5 g catalyst, 30 ml/min feed = 1.8 NL h-1 / 0.5 g = 3.6 NL g-1 h-1 (TheMeCat 36.2, 10x)","TheMeCat | 10.1016/j.jcat.2016.03.017 | GHSV_nlph_gcat | PDF p3 Section 2 and Table 4-6 footnotes p10-11: 0.5 g catalyst, 30 ml/min feed = 1.8 NL h-1 / 0.5 g = 3.6 NL g-1 h-1 (TheMeCat 36.2, 10x)",E-unit,
TheMeCat,10.1016/j.jcat.2016.03.017,5% Pd/ZnO  IM,GHSV_nlph_gcat,36.2,3.6,0.900552,"PDF p3 Section 2 and Table 4-6 footnotes p10-11: 0.5 g catalyst, 30 ml/min feed = 1.8 NL h-1 / 0.5 g = 3.6 NL g-1 h-1 (TheMeCat 36.2, 10x)","TheMeCat | 10.1016/j.jcat.2016.03.017 | GHSV_nlph_gcat | PDF p3 Section 2 and Table 4-6 footnotes p10-11: 0.5 g catalyst, 30 ml/min feed = 1.8 NL h-1 / 0.5 g = 3.6 NL g-1 h-1 (TheMeCat 36.2, 10x)",E-unit,
TheMeCat,10.1016/j.jcat.2016.03.017,"1% Pd, IM",GHSV_nlph_gcat,36.2,3.6,0.900552,"PDF p3 Section 2 and Table 4-6 footnotes p10-11: 0.5 g catalyst, 30 ml/min feed = 1.8 NL h-1 / 0.5 g = 3.6 NL g-1 h-1 (TheMeCat 36.2, 10x)","TheMeCat | 10.1016/j.jcat.2016.03.017 | GHSV_nlph_gcat | PDF p3 Section 2 and Table 4-6 footnotes p10-11: 0.5 g catalyst, 30 ml/min feed = 1.8 NL h-1 / 0.5 g = 3.6 NL g-1 h-1 (TheMeCat 36.2, 10x)",E-unit,
TheMeCat,10.1016/j.jcat.2016.03.017,"1% Pd, SI",GHSV_nlph_gcat,36.2,3.6,0.900552,"PDF p3 Section 2 and Table 4-6 footnotes p10-11: 0.5 g catalyst, 30 ml/min feed = 1.8 NL h-1 / 0.5 g = 3.6 NL g-1 h-1 (TheMeCat 36.2, 10x)","TheMeCat | 10.1016/j.jcat.2016.03.017 | GHSV_nlph_gcat | PDF p3 Section 2 and Table 4-6 footnotes p10-11: 0.5 g catalyst, 30 ml/min feed = 1.8 NL h-1 / 0.5 g = 3.6 NL g-1 h-1 (TheMeCat 36.2, 10x)",E-unit,
TheMeCat,10.1016/j.jcat.2016.03.017,5% Pd/ZnO SI,GHSV_nlph_gcat,36.2,3.6,0.900552,"PDF p3 Section 2 and Table 4-6 footnotes p10-11: 0.5 g catalyst, 30 ml/min feed = 1.8 NL h-1 / 0.5 g = 3.6 NL g-1 h-1 (TheMeCat 36.2, 10x)","TheMeCat | 10.1016/j.jcat.2016.03.017 | GHSV_nlph_gcat | PDF p3 Section 2 and Table 4-6 footnotes p10-11: 0.5 g catalyst, 30 ml/min feed = 1.8 NL h-1 / 0.5 g = 3.6 NL g-1 h-1 (TheMeCat 36.2, 10x)",E-unit,
TheMeCat,10.1016/j.jcat.2016.03.017,5% Pd/ZnO SI,GHSV_nlph_gcat,36.2,3.6,0.900552,"PDF p3 Section 2 and Table 4-6 footnotes p10-11: 0.5 g catalyst, 30 ml/min feed = 1.8 NL h-1 / 0.5 g = 3.6 NL g-1 h-1 (TheMeCat 36.2, 10x)","TheMeCat | 10.1016/j.jcat.2016.03.017 | GHSV_nlph_gcat | PDF p3 Section 2 and Table 4-6 footnotes p10-11: 0.5 g catalyst, 30 ml/min feed = 1.8 NL h-1 / 0.5 g = 3.6 NL g-1 h-1 (TheMeCat 36.2, 10x)",E-unit,
TheMeCat,10.1016/j.jcat.2016.03.017,5% Pd/ZnO SI,GHSV_nlph_gcat,36.2,3.6,0.900552,"PDF p3 Section 2 and Table 4-6 footnotes p10-11: 0.5 g catalyst, 30 ml/min feed = 1.8 NL h-1 / 0.5 g = 3.6 NL g-1 h-1 (TheMeCat 36.2, 10x)","TheMeCat | 10.1016/j.jcat.2016.03.017 | GHSV_nlph_gcat | PDF p3 Section 2 and Table 4-6 footnotes p10-11: 0.5 g catalyst, 30 ml/min feed = 1.8 NL h-1 / 0.5 g = 3.6 NL g-1 h-1 (TheMeCat 36.2, 10x)",E-unit,
TheMeCat,10.1016/j.jcat.2016.03.017,5% Pd/ZnO SI,GHSV_nlph_gcat,36.2,3.6,0.900552,"PDF p3 Section 2 and Table 4-6 footnotes p10-11: 0.5 g catalyst, 30 ml/min feed = 1.8 NL h-1 / 0.5 g = 3.6 NL g-1 h-1 (TheMeCat 36.2, 10x)","TheMeCat | 10.1016/j.jcat.2016.03.017 | GHSV_nlph_gcat | PDF p3 Section 2 and Table 4-6 footnotes p10-11: 0.5 g catalyst, 30 ml/min feed = 1.8 NL h-1 / 0.5 g = 3.6 NL g-1 h-1 (TheMeCat 36.2, 10x)",E-unit,
TheMeCat,10.1016/j.jcat.2016.03.017,5% Pd/ZnO SI,GHSV_nlph_gcat,36.2,3.6,0.900552,"PDF p3 Section 2 and Table 4-6 footnotes p10-11: 0.5 g catalyst, 30 ml/min feed = 1.8 NL h-1 / 0.5 g = 3.6 NL g-1 h-1 (TheMeCat 36.2, 10x)","TheMeCat | 10.1016/j.jcat.2016.03.017 | GHSV_nlph_gcat | PDF p3 Section 2 and Table 4-6 footnotes p10-11: 0.5 g catalyst, 30 ml/min feed = 1.8 NL h-1 / 0.5 g = 3.6 NL g-1 h-1 (TheMeCat 36.2, 10x)",E-unit,
TheMeCat,10.1016/j.jcat.2016.03.017,5% Pd/ZnO SI,GHSV_nlph_gcat,36.2,3.6,0.900552,"PDF p3 Section 2 and Table 4-6 footnotes p10-11: 0.5 g catalyst, 30 ml/min feed = 1.8 NL h-1 / 0.5 g = 3.6 NL g-1 h-1 (TheMeCat 36.2, 10x)","TheMeCat | 10.1016/j.jcat.2016.03.017 | GHSV_nlph_gcat | PDF p3 Section 2 and Table 4-6 footnotes p10-11: 0.5 g catalyst, 30 ml/min feed = 1.8 NL h-1 / 0.5 g = 3.6 NL g-1 h-1 (TheMeCat 36.2, 10x)",E-unit,
TheMeCat,10.1016/j.jcat.2016.03.017,5% Pd/ZnO SI,GHSV_nlph_gcat,36.2,3.6,0.900552,"PDF p3 Section 2 and Table 4-6 footnotes p10-11: 0.5 g catalyst, 30 ml/min feed = 1.8 NL h-1 / 0.5 g = 3.6 NL g-1 h-1 (TheMeCat 36.2, 10x)","TheMeCat | 10.1016/j.jcat.2016.03.017 | GHSV_nlph_gcat | PDF p3 Section 2 and Table 4-6 footnotes p10-11: 0.5 g catalyst, 30 ml/min feed = 1.8 NL h-1 / 0.5 g = 3.6 NL g-1 h-1 (TheMeCat 36.2, 10x)",E-unit,
TheMeCat,10.1016/j.jcat.2016.03.017,5% Pd/ZnO SI,GHSV_nlph_gcat,36.2,3.6,0.900552,"PDF p3 Section 2 and Table 4-6 footnotes p10-11: 0.5 g catalyst, 30 ml/min feed = 1.8 NL h-1 / 0.5 g = 3.6 NL g-1 h-1 (TheMeCat 36.2, 10x)","TheMeCat | 10.1016/j.jcat.2016.03.017 | GHSV_nlph_gcat | PDF p3 Section 2 and Table 4-6 footnotes p10-11: 0.5 g catalyst, 30 ml/min feed = 1.8 NL h-1 / 0.5 g = 3.6 NL g-1 h-1 (TheMeCat 36.2, 10x)",E-unit,
TheMeCat,10.1016/j.jcat.2016.03.017,5% Pd/ZnO SI,GHSV_nlph_gcat,36.2,3.6,0.900552,"PDF p3 Section 2 and Table 4-6 footnotes p10-11: 0.5 g catalyst, 30 ml/min feed = 1.8 NL h-1 / 0.5 g = 3.6 NL g-1 h-1 (TheMeCat 36.2, 10x)","TheMeCat | 10.1016/j.jcat.2016.03.017 | GHSV_nlph_gcat | PDF p3 Section 2 and Table 4-6 footnotes p10-11: 0.5 g catalyst, 30 ml/min feed = 1.8 NL h-1 / 0.5 g = 3.6 NL g-1 h-1 (TheMeCat 36.2, 10x)",E-unit,
TheMeCat,10.1016/j.jcat.2016.03.017,5% Pd/ZnO  IM,STY_g_per_gcath,0.0102,0.001762,0.827255,"PDF p10 Table 5 (5% Pd/ZnO IM, 500 C air): CH3OH rate 55 mmol kgcat-1 h-1 = 0.00176 g g-1 h-1 (TheMeCat 0.0102)","TheMeCat | 10.1016/j.jcat.2016.03.017 | STY_g_per_gcath | PDF p10 Table 5 (5% Pd/ZnO IM, 500 C air): CH3OH rate 55 mmol kgcat-1 h-1 = 0.00176 g g-1 h-1 (TheMeCat 0.0102)",E-value,
TheMeCat,10.1016/j.jcat.2016.03.017,"5% Pd, IM",STY_g_per_gcath,0.0105,0.001762,0.83219,"PDF p10 Table 4 (5% Pd, IM): 55 mmol kgcat-1 h-1 = 0.00176 (TheMeCat 0.0105)","TheMeCat | 10.1016/j.jcat.2016.03.017 | STY_g_per_gcath | PDF p10 Table 4 (5% Pd, IM): 55 mmol kgcat-1 h-1 = 0.00176 (TheMeCat 0.0105)",E-value,
TheMeCat,10.1016/j.jcat.2016.03.017,5% Pd/ZnO IM,STY_g_per_gcath,0.0162,0.001666,0.89716,"PDF p11 Table 6 (5% Pd/ZnO IM, 400 C H2): 52 mmol kgcat-1 h-1 = 0.00167 (TheMeCat 0.0162)","TheMeCat | 10.1016/j.jcat.2016.03.017 | STY_g_per_gcath | PDF p11 Table 6 (5% Pd/ZnO IM, 400 C H2): 52 mmol kgcat-1 h-1 = 0.00167 (TheMeCat 0.0162)",E-value,
TheMeCat,10.1016/j.jcat.2016.03.017,5% Pd/ZnO IM,STY_g_per_gcath,0.0219,0.002211,0.899041,"PDF p11 Table 6 (5% Pd/ZnO IM, 700 C H2): 69 mmol kgcat-1 h-1 = 0.00221 (TheMeCat 0.0219)","TheMeCat | 10.1016/j.jcat.2016.03.017 | STY_g_per_gcath | PDF p11 Table 6 (5% Pd/ZnO IM, 700 C H2): 69 mmol kgcat-1 h-1 = 0.00221 (TheMeCat 0.0219)",E-value,
TheMeCat,10.1016/j.jcat.2016.03.017,5% Pd/ZnO  IM,STY_g_per_gcath,0.0228,0.001666,0.92693,"PDF p10 Table 5 (5% Pd/ZnO IM, 120 C air): 52 mmol kgcat-1 h-1 = 0.00167 (TheMeCat 0.0228)","TheMeCat | 10.1016/j.jcat.2016.03.017 | STY_g_per_gcath | PDF p10 Table 5 (5% Pd/ZnO IM, 120 C air): 52 mmol kgcat-1 h-1 = 0.00167 (TheMeCat 0.0228)",E-value,
TheMeCat,10.1016/j.jcat.2016.03.017,"1% Pd, IM",STY_g_per_gcath,0.0849,0.008651,0.898104,"PDF p10 Table 4 (1% Pd, IM): 270 mmol kgcat-1 h-1 = 0.00865 (TheMeCat 0.0849)","TheMeCat | 10.1016/j.jcat.2016.03.017 | STY_g_per_gcath | PDF p10 Table 4 (1% Pd, IM): 270 mmol kgcat-1 h-1 = 0.00865 (TheMeCat 0.0849)",E-value,
TheMeCat,10.1016/j.jcat.2016.03.017,"1% Pd, SI",STY_g_per_gcath,0.1557,0.013137,0.915626,"PDF p10 Table 4 (1% Pd, SI): 410 mmol kgcat-1 h-1 = 0.0131 (TheMeCat 0.1557)","TheMeCat | 10.1016/j.jcat.2016.03.017 | STY_g_per_gcath | PDF p10 Table 4 (1% Pd, SI): 410 mmol kgcat-1 h-1 = 0.0131 (TheMeCat 0.1557)",E-value,
TheMeCat,10.1016/j.jcat.2016.03.017,5% Pd/ZnO SI,STY_g_per_gcath,0.1909,0.017303,0.909361,"PDF p10 Table 5 (5% Pd/ZnO SI, 700 C air): 540 mmol kgcat-1 h-1 = 0.0173 (TheMeCat 0.1909)","TheMeCat | 10.1016/j.jcat.2016.03.017 | STY_g_per_gcath | PDF p10 Table 5 (5% Pd/ZnO SI, 700 C air): 540 mmol kgcat-1 h-1 = 0.0173 (TheMeCat 0.1909)",E-value,
TheMeCat,10.1016/j.jcat.2016.03.017,5% Pd/ZnO SI,STY_g_per_gcath,0.486,0.044859,0.907698,"PDF p11 Table 6 (5% Pd/ZnO SI, 700 C H2): 1400 mmol kgcat-1 h-1 = 0.0449 (TheMeCat 0.4860)","TheMeCat | 10.1016/j.jcat.2016.03.017 | STY_g_per_gcath | PDF p11 Table 6 (5% Pd/ZnO SI, 700 C H2): 1400 mmol kgcat-1 h-1 = 0.0449 (TheMeCat 0.4860)",E-value,
TheMeCat,10.1016/j.jcat.2016.03.017,5% Pd/ZnO SI,STY_g_per_gcath,0.486,0.054471,0.88792,"PDF p11 Table 6 (5% Pd/ZnO SI, 550 C H2): 1700 mmol kgcat-1 h-1 = 0.0545 (TheMeCat 0.4860)","TheMeCat | 10.1016/j.jcat.2016.03.017 | STY_g_per_gcath | PDF p11 Table 6 (5% Pd/ZnO SI, 550 C H2): 1700 mmol kgcat-1 h-1 = 0.0545 (TheMeCat 0.4860)",E-value,
TheMeCat,10.1016/j.jcat.2016.03.017,5% Pd/ZnO SI,STY_g_per_gcath,0.5034,0.06088,0.879062,"PDF p11 Table 6 (5% Pd/ZnO SI, 150 C H2): 1900 mmol kgcat-1 h-1 = 0.0609 (TheMeCat 0.5034)","TheMeCat | 10.1016/j.jcat.2016.03.017 | STY_g_per_gcath | PDF p11 Table 6 (5% Pd/ZnO SI, 150 C H2): 1900 mmol kgcat-1 h-1 = 0.0609 (TheMeCat 0.5034)",E-value,
TheMeCat,10.1016/j.jcat.2016.03.017,5% Pd/ZnO SI,STY_g_per_gcath,0.5523,0.067288,0.878168,"PDF p11 Table 6 (5% Pd/ZnO SI, 250 C H2): 2100 mmol kgcat-1 h-1 = 0.0673 (TheMeCat 0.5523)","TheMeCat | 10.1016/j.jcat.2016.03.017 | STY_g_per_gcath | PDF p11 Table 6 (5% Pd/ZnO SI, 250 C H2): 2100 mmol kgcat-1 h-1 = 0.0673 (TheMeCat 0.5523)",E-value,
TheMeCat,10.1016/j.jcat.2016.03.017,5% Pd/ZnO SI,STY_g_per_gcath,0.6705,0.066968,0.900122,"PDF p10 Table 5 (5% Pd/ZnO SI, 500 C air): 2090 mmol kgcat-1 h-1 = 0.0670 (TheMeCat 0.6705)","TheMeCat | 10.1016/j.jcat.2016.03.017 | STY_g_per_gcath | PDF p10 Table 5 (5% Pd/ZnO SI, 500 C air): 2090 mmol kgcat-1 h-1 = 0.0670 (TheMeCat 0.6705)",E-value,
TheMeCat,10.1016/j.jcat.2016.03.017,5% Pd/ZnO SI,STY_g_per_gcath,0.7739,0.077638,0.89968,PDF p10 Table 5 and p11 Table 6 (5% Pd/ZnO SI reference run): 2423 mmol kgcat-1 h-1 = 0.0776 (TheMeCat 0.7739),TheMeCat | 10.1016/j.jcat.2016.03.017 | STY_g_per_gcath | PDF p10 Table 5 and p11 Table 6 (5% Pd/ZnO SI reference run): 2423 mmol kgcat-1 h-1 = 0.0776 (TheMeCat 0.7739),E-value,
TheMeCat,10.1016/j.jcat.2016.03.017,5% Pd/ZnO SI,STY_g_per_gcath,0.7811,0.07594,0.902778,"PDF p10 Table 5 (5% Pd/ZnO SI, 250 C air): 2370 mmol kgcat-1 h-1 = 0.0759 (TheMeCat 0.7811)","TheMeCat | 10.1016/j.jcat.2016.03.017 | STY_g_per_gcath | PDF p10 Table 5 (5% Pd/ZnO SI, 250 C air): 2370 mmol kgcat-1 h-1 = 0.0759 (TheMeCat 0.7811)",E-value,
TheMeCat,10.1016/j.jcat.2016.03.017,5% Pd/ZnO SI,STY_g_per_gcath,0.7895,0.079144,0.899754,"PDF p10 Table 5 (5% Pd/ZnO SI, 400 C air): 2470 mmol kgcat-1 h-1 = 0.0791 (TheMeCat 0.7895)","TheMeCat | 10.1016/j.jcat.2016.03.017 | STY_g_per_gcath | PDF p10 Table 5 (5% Pd/ZnO SI, 400 C air): 2470 mmol kgcat-1 h-1 = 0.0791 (TheMeCat 0.7895)",E-value,
TheMeCat,10.1002/cphc.202300530,"In0.25Cr1,75O3",CO2_conversion,1.5,1.8,0.166667,PDF p7 Fig. 9a: In0.25Cr1.75O3 (blue triangles) reads 1.75 / 3.25 / 4.75 / 7.25 % at 240-300 C. TheMeCat lists the In0.12Cr1.88O3 curve under In0.25 and vice versa; corrected values are TheMeCat's own numbers moved to the right catalyst. TheMeCat STY of both rows already follows Fig. 9b under the correct names,TheMeCat | 10.1002/cphc.202300530 | CO2_conversion | PDF p7 Fig. 9a: In0.25Cr1.75O3 (blue triangles) reads 1.75 / 3.25 / 4.75 / 7.25 % at 240-300 C. TheMeCat lists the In0.12Cr1.88O3 curve under In0.25 and vice versa; corrected values are TheMeCat's own numbers moved to the right catalyst. TheMeCat STY of both rows already follows Fig. 9b under the correct names,E-assignment,
TheMeCat,10.1002/cphc.202300530,"In0.25Cr1,75O3",CO2_conversion,1.8,3.3,0.454545,"PDF p7 Fig. 9a, as above (X swapped between In0.25 and In0.12)","TheMeCat | 10.1002/cphc.202300530 | CO2_conversion | PDF p7 Fig. 9a, as above (X swapped between In0.25 and In0.12)",E-assignment,
TheMeCat,10.1002/cphc.202300530,"In0.25Cr1,75O3",CO2_conversion,2.3,4.7,0.510638,"PDF p7 Fig. 9a, as above","TheMeCat | 10.1002/cphc.202300530 | CO2_conversion | PDF p7 Fig. 9a, as above",E-value,
TheMeCat,10.1002/cphc.202300530,"In0.25Cr1,75O3",CO2_conversion,3.5,7.3,0.520548,"PDF p7 Fig. 9a, as above","TheMeCat | 10.1002/cphc.202300530 | CO2_conversion | PDF p7 Fig. 9a, as above",E-value,
TheMeCat,10.1002/cphc.202300530,"In0.12Cr1,88O3",CO2_conversion,1.8,1.5,0.166667,PDF p7 Fig. 9a: In0.12Cr1.88O3 (dark red circles) reads 1.45 / 1.8 / 2.2 / 3.5 % at 240-300 C (X swapped between In0.25 and In0.12),TheMeCat | 10.1002/cphc.202300530 | CO2_conversion | PDF p7 Fig. 9a: In0.12Cr1.88O3 (dark red circles) reads 1.45 / 1.8 / 2.2 / 3.5 % at 240-300 C (X swapped between In0.25 and In0.12),E-assignment,
TheMeCat,10.1002/cphc.202300530,"In0.12Cr1,88O3",CO2_conversion,3.3,1.8,0.454545,"PDF p7 Fig. 9a, as above","TheMeCat | 10.1002/cphc.202300530 | CO2_conversion | PDF p7 Fig. 9a, as above",E-value,
TheMeCat,10.1002/cphc.202300530,"In0.12Cr1,88O3",CO2_conversion,4.7,2.3,0.510638,"PDF p7 Fig. 9a, as above","TheMeCat | 10.1002/cphc.202300530 | CO2_conversion | PDF p7 Fig. 9a, as above",E-value,
TheMeCat,10.1002/cphc.202300530,"In0.12Cr1,88O3",CO2_conversion,7.3,3.5,0.520548,"PDF p7 Fig. 9a, as above","TheMeCat | 10.1002/cphc.202300530 | CO2_conversion | PDF p7 Fig. 9a, as above",E-value,
TheMeCat,10.1002/cphc.202300530,In2O3,STY_g_per_gcath,0.0227,0.0182,0.198238,PDF p7 Fig. 9b: In2O3 (orange squares) reads 0.12 / 0.57 / 0.43 / 0.72 mmol g-1 h-1 at 240 / 260 / 280 / 300 C. TheMeCat rotates the 260-300 C values (533 K: 0.0227 = 0.71 mmol); corrected with TheMeCat's own numbers reassigned (0.0182 = 0.57 mmol),TheMeCat | 10.1002/cphc.202300530 | STY_g_per_gcath | PDF p7 Fig. 9b: In2O3 (orange squares) reads 0.12 / 0.57 / 0.43 / 0.72 mmol g-1 h-1 at 240 / 260 / 280 / 300 C. TheMeCat rotates the 260-300 C values (533 K: 0.0227 = 0.71 mmol); corrected with TheMeCat's own numbers reassigned (0.0182 = 0.57 mmol),E-value,
TheMeCat,10.1002/cphc.202300530,In2O3,STY_g_per_gcath,0.0182,0.0137,0.247253,"PDF p7 Fig. 9b, as above (553 K: 0.43 mmol g-1 h-1; TheMeCat 0.0182)","TheMeCat | 10.1002/cphc.202300530 | STY_g_per_gcath | PDF p7 Fig. 9b, as above (553 K: 0.43 mmol g-1 h-1; TheMeCat 0.0182)",E-value,
TheMeCat,10.1002/cphc.202300530,In2O3,STY_g_per_gcath,0.0137,0.0227,0.396476,PDF p7 Fig. 9b and p7 text (In1.25Cr0.75O3 2.03 mmol is 2.8x In2O3): 0.72 mmol g-1 h-1 = 0.0231 (TheMeCat 0.0137),TheMeCat | 10.1002/cphc.202300530 | STY_g_per_gcath | PDF p7 Fig. 9b and p7 text (In1.25Cr0.75O3 2.03 mmol is 2.8x In2O3): 0.72 mmol g-1 h-1 = 0.0231 (TheMeCat 0.0137),E-value,
TheMeCat,10.1002/anie.202401168,Ir1Pd1-In2O3(CP-PD) ,CO2_conversion,5.6,5.5,0.0178571,"PDF p9 text: at 200 C CO2 conversion, methanol selectivity and CO selectivity were 5.5 %, 100 %, 0 % (TheMeCat 5.6)","TheMeCat | 10.1002/anie.202401168 | CO2_conversion | PDF p9 text: at 200 C CO2 conversion, methanol selectivity and CO selectivity were 5.5 %, 100 %, 0 % (TheMeCat 5.6)",N-minor,
TheMeCat,10.1002/anie.202401168,Ir1Pd1-In2O3(CP-PD) ,selectivity_CH3OH,99.7,100.0,0.003,PDF p9 text: 100 % at 200 C (TheMeCat 99.7),TheMeCat | 10.1002/anie.202401168 | selectivity_CH3OH | PDF p9 text: 100 % at 200 C (TheMeCat 99.7),N-minor,
TheMeCat,10.1002/anie.202401168,Ir1Pd1-In2O3(CP-PD) ,CO2_conversion,14.4,14.3,0.00694444,"PDF p9 text: at 300 C 14.3 %, 71.3 %, 27.7 % (TheMeCat 14.4)","TheMeCat | 10.1002/anie.202401168 | CO2_conversion | PDF p9 text: at 300 C 14.3 %, 71.3 %, 27.7 % (TheMeCat 14.4)",N-minor,
TheMeCat,10.1002/anie.202401168,Ir1Pd1-In2O3(CP-PD) ,selectivity_CH3OH,71.2,71.3,0.00140252,PDF p9 text: 71.3 % at 300 C (TheMeCat 71.2),TheMeCat | 10.1002/anie.202401168 | selectivity_CH3OH | PDF p9 text: 71.3 % at 300 C (TheMeCat 71.2),N-minor,
TheMeCat,10.1016/j.jes.2023.05.010,Au/In2O3-NS,STY_g_per_gcath,0.3028,0.32,0.05375,PDF p8 Section 2.2: Au/In2O3-NS at 300 C keeps 59.8 % selectivity with a highest STY of 0.32 gCH3OH/(hr gcat) (TheMeCat 0.3028),TheMeCat | 10.1016/j.jes.2023.05.010 | STY_g_per_gcath | PDF p8 Section 2.2: Au/In2O3-NS at 300 C keeps 59.8 % selectivity with a highest STY of 0.32 gCH3OH/(hr gcat) (TheMeCat 0.3028),E-value,
TheMeCat,10.1016/j.cej.2022.135090,In2O3/HZSM(Zeolite),selectivity_CH3OH,38.0,0.38,0.99,"PDF p5 Fig. 2b: methanol selectivity of In2O3/HZSM-5 is plotted on the 0-1 % segment of the broken axis (about 0-1.0 %); TheMeCat stores 0 / 90 / 60 / 80 / 50 / 40 / 38, i.e. 100x","TheMeCat | 10.1016/j.cej.2022.135090 | selectivity_CH3OH | PDF p5 Fig. 2b: methanol selectivity of In2O3/HZSM-5 is plotted on the 0-1 % segment of the broken axis (about 0-1.0 %); TheMeCat stores 0 / 90 / 60 / 80 / 50 / 40 / 38, i.e. 100x",E-unit,
TheMeCat,10.1016/j.cej.2022.135090,In2O3/HZSM(Zeolite),selectivity_CH3OH,80.0,0.8,0.99,"PDF p5 Fig. 2b: methanol selectivity of In2O3/HZSM-5 is plotted on the 0-1 % segment of the broken axis (about 0-1.0 %); TheMeCat stores 0 / 90 / 60 / 80 / 50 / 40 / 38, i.e. 100x","TheMeCat | 10.1016/j.cej.2022.135090 | selectivity_CH3OH | PDF p5 Fig. 2b: methanol selectivity of In2O3/HZSM-5 is plotted on the 0-1 % segment of the broken axis (about 0-1.0 %); TheMeCat stores 0 / 90 / 60 / 80 / 50 / 40 / 38, i.e. 100x",E-unit,
TheMeCat,10.1016/j.cej.2022.135090,In2O3/HZSM(Zeolite),selectivity_CH3OH,40.0,0.4,0.99,"PDF p5 Fig. 2b: methanol selectivity of In2O3/HZSM-5 is plotted on the 0-1 % segment of the broken axis (about 0-1.0 %); TheMeCat stores 0 / 90 / 60 / 80 / 50 / 40 / 38, i.e. 100x","TheMeCat | 10.1016/j.cej.2022.135090 | selectivity_CH3OH | PDF p5 Fig. 2b: methanol selectivity of In2O3/HZSM-5 is plotted on the 0-1 % segment of the broken axis (about 0-1.0 %); TheMeCat stores 0 / 90 / 60 / 80 / 50 / 40 / 38, i.e. 100x",E-unit,
TheMeCat,10.1016/j.cej.2022.135090,In2O3/HZSM(Zeolite),selectivity_CH3OH,50.0,0.5,0.99,"PDF p5 Fig. 2b: methanol selectivity of In2O3/HZSM-5 is plotted on the 0-1 % segment of the broken axis (about 0-1.0 %); TheMeCat stores 0 / 90 / 60 / 80 / 50 / 40 / 38, i.e. 100x","TheMeCat | 10.1016/j.cej.2022.135090 | selectivity_CH3OH | PDF p5 Fig. 2b: methanol selectivity of In2O3/HZSM-5 is plotted on the 0-1 % segment of the broken axis (about 0-1.0 %); TheMeCat stores 0 / 90 / 60 / 80 / 50 / 40 / 38, i.e. 100x",E-unit,
TheMeCat,10.1016/j.cej.2022.135090,In2O3/HZSM(Zeolite),selectivity_CH3OH,60.0,0.6,0.99,"PDF p5 Fig. 2b: methanol selectivity of In2O3/HZSM-5 is plotted on the 0-1 % segment of the broken axis (about 0-1.0 %); TheMeCat stores 0 / 90 / 60 / 80 / 50 / 40 / 38, i.e. 100x","TheMeCat | 10.1016/j.cej.2022.135090 | selectivity_CH3OH | PDF p5 Fig. 2b: methanol selectivity of In2O3/HZSM-5 is plotted on the 0-1 % segment of the broken axis (about 0-1.0 %); TheMeCat stores 0 / 90 / 60 / 80 / 50 / 40 / 38, i.e. 100x",E-unit,
TheMeCat,10.1016/j.cej.2022.135090,In2O3/HZSM(Zeolite),selectivity_CH3OH,90.0,0.9,0.99,"PDF p5 Fig. 2b: methanol selectivity of In2O3/HZSM-5 is plotted on the 0-1 % segment of the broken axis (about 0-1.0 %); TheMeCat stores 0 / 90 / 60 / 80 / 50 / 40 / 38, i.e. 100x","TheMeCat | 10.1016/j.cej.2022.135090 | selectivity_CH3OH | PDF p5 Fig. 2b: methanol selectivity of In2O3/HZSM-5 is plotted on the 0-1 % segment of the broken axis (about 0-1.0 %); TheMeCat stores 0 / 90 / 60 / 80 / 50 / 40 / 38, i.e. 100x",E-unit,
TheMeCat,10.1016/j.cej.2022.135090,In2O3/HZSM(Zeolite),selectivity_CH3OH,0.0,0.0,,"PDF p5 Fig. 2b: methanol selectivity of In2O3/HZSM-5 is plotted on the 0-1 % segment of the broken axis (about 0-1.0 %); TheMeCat stores 0 / 90 / 60 / 80 / 50 / 40 / 38, i.e. 100x","TheMeCat | 10.1016/j.cej.2022.135090 | selectivity_CH3OH | PDF p5 Fig. 2b: methanol selectivity of In2O3/HZSM-5 is plotted on the 0-1 % segment of the broken axis (about 0-1.0 %); TheMeCat stores 0 / 90 / 60 / 80 / 50 / 40 / 38, i.e. 100x",E-unit,
TheMeCat,10.1016/j.cej.2022.135090,In2O3/HZSM(Zeolite),STY_g_per_gcath,0.1974,0.001974,0.99,"STY is not printed; TheMeCat computes it from X x S x feed (it scales with S), so the 100x selectivity error carries into it","TheMeCat | 10.1016/j.cej.2022.135090 | STY_g_per_gcath | STY is not printed; TheMeCat computes it from X x S x feed (it scales with S), so the 100x selectivity error carries into it",C-derived,
TheMeCat,10.1016/j.cej.2022.135090,In2O3/HZSM(Zeolite),STY_g_per_gcath,0.1439,0.001439,0.99,"STY is not printed; TheMeCat computes it from X x S x feed (it scales with S), so the 100x selectivity error carries into it","TheMeCat | 10.1016/j.cej.2022.135090 | STY_g_per_gcath | STY is not printed; TheMeCat computes it from X x S x feed (it scales with S), so the 100x selectivity error carries into it",C-derived,
TheMeCat,10.1016/j.cej.2022.135090,In2O3/HZSM(Zeolite),STY_g_per_gcath,0.1399,0.001399,0.99,"STY is not printed; TheMeCat computes it from X x S x feed (it scales with S), so the 100x selectivity error carries into it","TheMeCat | 10.1016/j.cej.2022.135090 | STY_g_per_gcath | STY is not printed; TheMeCat computes it from X x S x feed (it scales with S), so the 100x selectivity error carries into it",C-derived,
TheMeCat,10.1016/j.cej.2022.135090,In2O3/HZSM(Zeolite),STY_g_per_gcath,0.1349,0.001349,0.99,"STY is not printed; TheMeCat computes it from X x S x feed (it scales with S), so the 100x selectivity error carries into it","TheMeCat | 10.1016/j.cej.2022.135090 | STY_g_per_gcath | STY is not printed; TheMeCat computes it from X x S x feed (it scales with S), so the 100x selectivity error carries into it",C-derived,
TheMeCat,10.1016/j.cej.2022.135090,In2O3/HZSM(Zeolite),STY_g_per_gcath,0.0839,0.000839,0.99,"STY is not printed; TheMeCat computes it from X x S x feed (it scales with S), so the 100x selectivity error carries into it","TheMeCat | 10.1016/j.cej.2022.135090 | STY_g_per_gcath | STY is not printed; TheMeCat computes it from X x S x feed (it scales with S), so the 100x selectivity error carries into it",C-derived,
TheMeCat,10.1016/j.cej.2022.135090,In2O3/HZSM(Zeolite),STY_g_per_gcath,0.0719,0.000719,0.99,"STY is not printed; TheMeCat computes it from X x S x feed (it scales with S), so the 100x selectivity error carries into it","TheMeCat | 10.1016/j.cej.2022.135090 | STY_g_per_gcath | STY is not printed; TheMeCat computes it from X x S x feed (it scales with S), so the 100x selectivity error carries into it",C-derived,
TheMeCat,10.1016/j.cej.2022.135090,In2O3/HZSM(Zeolite),STY_g_per_gcath,0.0,0.0,,"STY is not printed; TheMeCat computes it from X x S x feed (it scales with S), so the 100x selectivity error carries into it","TheMeCat | 10.1016/j.cej.2022.135090 | STY_g_per_gcath | STY is not printed; TheMeCat computes it from X x S x feed (it scales with S), so the 100x selectivity error carries into it",C-derived,
TheMeCat,10.1016/j.apcatb.2017.06.069,Pd-I/In2O3,STY_g_per_gcath,0.0112,0.021917,0.488981,PDF p8 Table 2: MeOH formation rate 1.9e-7 mol s-1 gcat-1 at 200 C (MeOH yield 0.36 %) = 0.0219 g g-1 h-1 (TheMeCat 0.0112),TheMeCat | 10.1016/j.apcatb.2017.06.069 | STY_g_per_gcath | PDF p8 Table 2: MeOH formation rate 1.9e-7 mol s-1 gcat-1 at 200 C (MeOH yield 0.36 %) = 0.0219 g g-1 h-1 (TheMeCat 0.0112),E-value,
TheMeCat,10.1016/j.apcatb.2017.06.069,Pd-I/In2O3,STY_g_per_gcath,0.0835,0.08536,0.0217901,PDF p8 Table 2: 7.4e-7 mol s-1 gcat-1 at 225 C = 0.0854 (TheMeCat 0.0835),TheMeCat | 10.1016/j.apcatb.2017.06.069 | STY_g_per_gcath | PDF p8 Table 2: 7.4e-7 mol s-1 gcat-1 at 225 C = 0.0854 (TheMeCat 0.0835),E-value,
TheMeCat,10.1016/j.apcatb.2017.06.069,Pd-P/In2O3,STY_g_per_gcath,0.0448,0.047294,0.052734,PDF p8 Table 2: 4.1e-7 mol s-1 gcat-1 at 200 C = 0.0473 (TheMeCat 0.0448),TheMeCat | 10.1016/j.apcatb.2017.06.069 | STY_g_per_gcath | PDF p8 Table 2: 4.1e-7 mol s-1 gcat-1 at 200 C = 0.0473 (TheMeCat 0.0448),E-value,
TheMeCat,10.1016/j.apcatb.2017.06.069,Pd-P/In2O3,STY_g_per_gcath,0.1658,0.192637,0.139314,PDF p8 Table 2: 16.7e-7 mol s-1 gcat-1 at 225 C = 0.1926 (TheMeCat 0.1658),TheMeCat | 10.1016/j.apcatb.2017.06.069 | STY_g_per_gcath | PDF p8 Table 2: 16.7e-7 mol s-1 gcat-1 at 225 C = 0.1926 (TheMeCat 0.1658),E-value,
TheMeCat,10.1016/j.apcatb.2017.06.069,Pd-P/In2O3,STY_g_per_gcath,0.8269,0.89,0.0708989,PDF p1 abstract and p3 Section 3.1: STY up to 0.89 gMeOH h-1 gcat-1 at 300 C and 5 MPa (TheMeCat 0.8269),TheMeCat | 10.1016/j.apcatb.2017.06.069 | STY_g_per_gcath | PDF p1 abstract and p3 Section 3.1: STY up to 0.89 gMeOH h-1 gcat-1 at 300 C and 5 MPa (TheMeCat 0.8269),E-value,
TheMeCat,10.1016/j.fuel.2022.125878,In13/ZrO2,CO2_conversion,0.68,0.6,0.117647,PDF p8 Section 3.3: In13/ZrO2 shows 100 % CH3OH selectivity with 0.6 % CO2 conversion at 493 K (TheMeCat 0.68),TheMeCat | 10.1016/j.fuel.2022.125878 | CO2_conversion | PDF p8 Section 3.3: In13/ZrO2 shows 100 % CH3OH selectivity with 0.6 % CO2 conversion at 493 K (TheMeCat 0.68),E-value,
TheMeCat,10.1016/j.fuel.2022.125878,In13/ZrO2,CO2_conversion,8.1,7.9,0.0246914,PDF p8 Section 3.3: conversion rises to 7.9 % over In13/ZrO2 at 553 K (TheMeCat 8.1),TheMeCat | 10.1016/j.fuel.2022.125878 | CO2_conversion | PDF p8 Section 3.3: conversion rises to 7.9 % over In13/ZrO2 at 553 K (TheMeCat 8.1),E-value,
TheMeCat,10.1016/j.fuel.2022.125878,In13/ZrO2,CO2_conversion,12.8,12.7,0.0078125,PDF p8 Section 3.3: 12.7 % at 573 K with 57.3 % CH3OH and 42.3 % CO selectivity (TheMeCat 12.8),TheMeCat | 10.1016/j.fuel.2022.125878 | CO2_conversion | PDF p8 Section 3.3: 12.7 % at 573 K with 57.3 % CH3OH and 42.3 % CO selectivity (TheMeCat 12.8),N-minor,
TheMeCat,10.1016/j.fuel.2022.125878,In13/ZrO2,STY_g_per_gcath,0.1498,0.17,0.118824,PDF p8 Section 3.3: maximum methanol STY at 553 K and 3.0 MPa was 0.17 gMeOH h-1 gcat-1 over In13/ZrO2 (TheMeCat 0.1498),TheMeCat | 10.1016/j.fuel.2022.125878 | STY_g_per_gcath | PDF p8 Section 3.3: maximum methanol STY at 553 K and 3.0 MPa was 0.17 gMeOH h-1 gcat-1 over In13/ZrO2 (TheMeCat 0.1498),E-value,
TheMeCat,10.1016/j.fuel.2022.125878,In13CeO2,STY_g_per_gcath,0.004,0.007,0.428571,PDF p8 Section 3.3: 0.007 gMeOH h-1 gcat-1 over In13/CeO2 at 553 K (TheMeCat 0.0040),TheMeCat | 10.1016/j.fuel.2022.125878 | STY_g_per_gcath | PDF p8 Section 3.3: 0.007 gMeOH h-1 gcat-1 over In13/CeO2 at 553 K (TheMeCat 0.0040),E-value,
TheMeCat,10.1016/j.fuel.2023.127927,PZC(PdZn/CeO2),STY_g_per_gcath,0.1024,0.105,0.0247619,PDF p3 Table 1: PZC STY 105.0 g/kgcat/h (TheMeCat 0.1024),TheMeCat | 10.1016/j.fuel.2023.127927 | STY_g_per_gcath | PDF p3 Table 1: PZC STY 105.0 g/kgcat/h (TheMeCat 0.1024),E-value,
TheMeCat,10.1016/j.fuel.2023.127927,0.3Ca-PZC,STY_g_per_gcath,0.0908,0.0896,0.0132159,PDF p3 Table 1: 0.3Ca-PZC STY 89.6 g/kgcat/h (TheMeCat 0.0908),TheMeCat | 10.1016/j.fuel.2023.127927 | STY_g_per_gcath | PDF p3 Table 1: 0.3Ca-PZC STY 89.6 g/kgcat/h (TheMeCat 0.0908),N-minor,
TheMeCat,10.1016/j.fuel.2023.127927,0.5Ca-PZC,STY_g_per_gcath,0.1203,0.1221,0.014742,PDF p3 Table 1: 0.5Ca-PZC STY 122.1 g/kgcat/h (TheMeCat 0.1203),TheMeCat | 10.1016/j.fuel.2023.127927 | STY_g_per_gcath | PDF p3 Table 1: 0.5Ca-PZC STY 122.1 g/kgcat/h (TheMeCat 0.1203),N-minor,
TheMeCat,10.1016/j.fuel.2023.127927,0.7Ca-PZC,STY_g_per_gcath,0.1179,0.1164,0.0127226,PDF p3 Table 1: 0.7Ca-PZC STY 116.4 g/kgcat/h (TheMeCat 0.1179),TheMeCat | 10.1016/j.fuel.2023.127927 | STY_g_per_gcath | PDF p3 Table 1: 0.7Ca-PZC STY 116.4 g/kgcat/h (TheMeCat 0.1179),N-minor,
TheMeCat,10.1016/j.fuel.2023.127927,1.0Ca-PZC,STY_g_per_gcath,0.0936,0.0907,0.0309829,PDF p3 Table 1: 1.0Ca-PZC STY 90.7 g/kgcat/h (TheMeCat 0.0936),TheMeCat | 10.1016/j.fuel.2023.127927 | STY_g_per_gcath | PDF p3 Table 1: 1.0Ca-PZC STY 90.7 g/kgcat/h (TheMeCat 0.0936),E-value,
TheMeCat,10.1016/j.fuel.2023.127927,0.5Ca-PZC,CO2_conversion,2.5,8.4,0.702381,PDF p8 Fig. 7b (8.4 % at 5 bar) and p7 text (conversion of ~9 % at pressure as low as 5 bar); TheMeCat 2.5,TheMeCat | 10.1016/j.fuel.2023.127927 | CO2_conversion | PDF p8 Fig. 7b (8.4 % at 5 bar) and p7 text (conversion of ~9 % at pressure as low as 5 bar); TheMeCat 2.5,E-value,
TheMeCat,10.1016/j.fuel.2023.127927,0.5Ca-PZC,STY_g_per_gcath,0.0188,0.06266,0.699968,PDF p7 text: methanol STY 62.66 g/kgcat/h at 5 bar (TheMeCat 0.0188),TheMeCat | 10.1016/j.fuel.2023.127927 | STY_g_per_gcath | PDF p7 text: methanol STY 62.66 g/kgcat/h at 5 bar (TheMeCat 0.0188),E-value,
TheMeCat,10.1016/j.fuel.2023.127927,0.5Ca-PZC,CO2_conversion,8.6,11.8,0.271186,PDF p8 Fig. 7b: 11.8 % at 10 bar (TheMeCat 8.6),TheMeCat | 10.1016/j.fuel.2023.127927 | CO2_conversion | PDF p8 Fig. 7b: 11.8 % at 10 bar (TheMeCat 8.6),E-value,
TheMeCat,10.1016/j.fuel.2023.127927,0.5Ca-PZC,CO2_conversion,11.8,13.7,0.138686,PDF p8 Fig. 7b (13.7 % at 40 bar) and p7 text (~14 % in the Ca-doped sample at 40 bar); TheMeCat 11.8,TheMeCat | 10.1016/j.fuel.2023.127927 | CO2_conversion | PDF p8 Fig. 7b (13.7 % at 40 bar) and p7 text (~14 % in the Ca-doped sample at 40 bar); TheMeCat 11.8,E-value,
TheMeCat,10.1016/j.fuel.2023.127927,0.5Ca-PZC,CO2_conversion,5.4,10.0,0.46,PDF p8 Fig. 7b: 10.0 % at 50 bar (TheMeCat 5.4),TheMeCat | 10.1016/j.fuel.2023.127927 | CO2_conversion | PDF p8 Fig. 7b: 10.0 % at 50 bar (TheMeCat 5.4),E-value,
TheMeCat,10.1016/j.jcat.2020.01.014,Cat-A(In2O3/ZrO2),STY_g_per_gcath,0.0815,0.08812,0.0751248,"PDF p3 text: CH3OH STY 2.75 mol kg-1 h-1 at 0 mol% H2O (= 0.0881 g g-1 h-1, catalyst basis as TheMeCat assumes); TheMeCat 0.0815","TheMeCat | 10.1016/j.jcat.2020.01.014 | STY_g_per_gcath | PDF p3 text: CH3OH STY 2.75 mol kg-1 h-1 at 0 mol% H2O (= 0.0881 g g-1 h-1, catalyst basis as TheMeCat assumes); TheMeCat 0.0815",E-value,
TheMeCat,10.1016/j.jcat.2012.05.020,PdMgGa,STY_g_per_gcath,0.0229,0.020186,0.118515,PDF p11 Table 2: PdMgGa MeOH rate 10.5 umol min-1 gcat-1 = 0.0202 g g-1 h-1 (TheMeCat 0.0229),TheMeCat | 10.1016/j.jcat.2012.05.020 | STY_g_per_gcath | PDF p11 Table 2: PdMgGa MeOH rate 10.5 umol min-1 gcat-1 = 0.0202 g g-1 h-1 (TheMeCat 0.0229),E-value,
TheMeCat,10.1016/j.jes.2023.05.010,Au/In2O3-NS,STY_g_per_gcath,0.141,0.161,0.124224,"PDF p9 Fig. 6b: Au/In2O3-NS bar at 275 C reads 0.161 g/(hr gcat) (TheMeCat 0.1410, computed from X x S x feed)","TheMeCat | 10.1016/j.jes.2023.05.010 | STY_g_per_gcath | PDF p9 Fig. 6b: Au/In2O3-NS bar at 275 C reads 0.161 g/(hr gcat) (TheMeCat 0.1410, computed from X x S x feed)",C-convention,
TheMeCat,10.1016/j.jes.2023.05.010,Au/In2O3-NP,STY_g_per_gcath,0.0665,0.106,0.372642,PDF p9 Fig. 6b: Au/In2O3-NP bar at 275 C reads 0.106 g/(hr gcat) (TheMeCat 0.0665),TheMeCat | 10.1016/j.jes.2023.05.010 | STY_g_per_gcath | PDF p9 Fig. 6b: Au/In2O3-NP bar at 275 C reads 0.106 g/(hr gcat) (TheMeCat 0.0665),E-value,
TheMeCat,10.1016/j.jes.2023.05.010,Au/In2O3-HM,STY_g_per_gcath,0.0639,0.089,0.282022,PDF p9 Fig. 6b: Au/In2O3-HM bar at 275 C reads 0.089 g/(hr gcat) (TheMeCat 0.0639),TheMeCat | 10.1016/j.jes.2023.05.010 | STY_g_per_gcath | PDF p9 Fig. 6b: Au/In2O3-HM bar at 275 C reads 0.089 g/(hr gcat) (TheMeCat 0.0639),E-value,
TheMeCat,10.1021/acscatal.9b01869,In0.1/ZrO2,catalyst_name,In0.1/ZrO2,Bulk In2O3,,"SI Table S5 (p7): X 2.2 %, S(MeOH) 60.7 % at 280 C belong to bulk In2O3; TheMeCat lists them as a second In0.1/ZrO2 row (replaces the earlier drop of this row)","TheMeCat | 10.1021/acscatal.9b01869 | catalyst_name | SI Table S5 (p7): X 2.2 %, S(MeOH) 60.7 % at 280 C belong to bulk In2O3; TheMeCat lists them as a second In0.1/ZrO2 row (replaces the earlier drop of this row)",E-assignment,
TheMeCat,10.1021/acscatal.9b01869,Bulk In2O3,STY_g_per_gcath,0.064,0.171,0.625731,"SI Table S5 (p7): bulk In2O3 at 280 C, STY 0.171 g h-1 gcat-1 (TheMeCat 0.0640)","TheMeCat | 10.1021/acscatal.9b01869 | STY_g_per_gcath | SI Table S5 (p7): bulk In2O3 at 280 C, STY 0.171 g h-1 gcat-1 (TheMeCat 0.0640)",E-value,
TheMeCat,10.1039/c2cy20604h,Cu/Al2O3,STY_g_per_gcath,0.0029,0.0018,0.37931,"ESI Table S1 (p2): CH3OH yield 1.8 mg gcat-1 h-1 at 443 K, 0.4 MPa (TheMeCat 0.0029)","TheMeCat | 10.1039/c2cy20604h | STY_g_per_gcath | ESI Table S1 (p2): CH3OH yield 1.8 mg gcat-1 h-1 at 443 K, 0.4 MPa (TheMeCat 0.0029)",E-value,
TheMeCat,10.1039/c2cy20604h,Cu/Al2O3,STY_g_per_gcath,0.0029,0.0033,0.121212,"ESI Table S1 (p2): CH3OH yield 3.3 mg gcat-1 h-1 at 473 K, 0.4 MPa (TheMeCat 0.0029)","TheMeCat | 10.1039/c2cy20604h | STY_g_per_gcath | ESI Table S1 (p2): CH3OH yield 3.3 mg gcat-1 h-1 at 473 K, 0.4 MPa (TheMeCat 0.0029)",E-value,
TheMeCat,10.1039/c2cy20604h,Cu/Al2O3,STY_g_per_gcath,0.0059,0.007,0.157143,"ESI Table S1 (p2): CH3OH yield 7.0 mg gcat-1 h-1 at 503 K, 0.4 MPa (TheMeCat 0.0059)","TheMeCat | 10.1039/c2cy20604h | STY_g_per_gcath | ESI Table S1 (p2): CH3OH yield 7.0 mg gcat-1 h-1 at 503 K, 0.4 MPa (TheMeCat 0.0059)",E-value,
TheMeCat,10.1039/c2cy20604h,Cu/Al2O3,STY_g_per_gcath,0.0059,0.0074,0.202703,"ESI Table S1 (p2): CH3OH yield 7.4 mg gcat-1 h-1 at 533 K, 0.4 MPa (TheMeCat 0.0059)","TheMeCat | 10.1039/c2cy20604h | STY_g_per_gcath | ESI Table S1 (p2): CH3OH yield 7.4 mg gcat-1 h-1 at 533 K, 0.4 MPa (TheMeCat 0.0059)",E-value,
TheMeCat,10.1039/c2cy20604h,Cu/Al2O3,STY_g_per_gcath,0.0088,0.009,0.0222222,"ESI Table S1 (p2): CH3OH yield 9.0 mg gcat-1 h-1 at 553 K, 0.4 MPa (TheMeCat 0.0088)","TheMeCat | 10.1039/c2cy20604h | STY_g_per_gcath | ESI Table S1 (p2): CH3OH yield 9.0 mg gcat-1 h-1 at 553 K, 0.4 MPa (TheMeCat 0.0088)",E-value,
TheMeCat,10.1039/c2cy20604h,Cu/Al2O3,STY_g_per_gcath,0.0118,0.0132,0.106061,"ESI Table S1 (p2): CH3OH yield 13.2 mg gcat-1 h-1 at 443 K, 3 MPa (TheMeCat 0.0118)","TheMeCat | 10.1039/c2cy20604h | STY_g_per_gcath | ESI Table S1 (p2): CH3OH yield 13.2 mg gcat-1 h-1 at 443 K, 3 MPa (TheMeCat 0.0118)",E-value,
TheMeCat,10.1039/c2cy20604h,Cu/Al2O3,STY_g_per_gcath,0.0147,0.0149,0.0134228,"ESI Table S1 (p2): CH3OH yield 14.9 mg gcat-1 h-1 at 473 K, 3 MPa (TheMeCat 0.0147)","TheMeCat | 10.1039/c2cy20604h | STY_g_per_gcath | ESI Table S1 (p2): CH3OH yield 14.9 mg gcat-1 h-1 at 473 K, 3 MPa (TheMeCat 0.0147)",N-minor,
TheMeCat,10.1039/c2cy20604h,Cu/Al2O3,STY_g_per_gcath,0.0235,0.022600000000000002,0.0382979,"ESI Table S1 (p2): CH3OH yield 22.6 mg gcat-1 h-1 at 503 K, 3 MPa (TheMeCat 0.0235)","TheMeCat | 10.1039/c2cy20604h | STY_g_per_gcath | ESI Table S1 (p2): CH3OH yield 22.6 mg gcat-1 h-1 at 503 K, 3 MPa (TheMeCat 0.0235)",E-value,
TheMeCat,10.1039/c2cy20604h,Cu/Al2O3,STY_g_per_gcath,0.0235,0.023100000000000002,0.0170213,"ESI Table S1 (p2): CH3OH yield 23.1 mg gcat-1 h-1 at 553 K, 3 MPa (TheMeCat 0.0235)","TheMeCat | 10.1039/c2cy20604h | STY_g_per_gcath | ESI Table S1 (p2): CH3OH yield 23.1 mg gcat-1 h-1 at 553 K, 3 MPa (TheMeCat 0.0235)",N-minor,
TheMeCat,10.1039/c2cy20604h,Cu/Al2O3,STY_g_per_gcath,0.0176,0.0195,0.0974359,"ESI Table S1 (p2): CH3OH yield 19.5 mg gcat-1 h-1 at 443 K, 10 MPa (TheMeCat 0.0176)","TheMeCat | 10.1039/c2cy20604h | STY_g_per_gcath | ESI Table S1 (p2): CH3OH yield 19.5 mg gcat-1 h-1 at 443 K, 10 MPa (TheMeCat 0.0176)",E-value,
TheMeCat,10.1039/c2cy20604h,Cu/Al2O3,STY_g_per_gcath,0.0324,0.0337,0.0385757,"ESI Table S1 (p2): CH3OH yield 33.7 mg gcat-1 h-1 at 473 K, 10 MPa (TheMeCat 0.0324)","TheMeCat | 10.1039/c2cy20604h | STY_g_per_gcath | ESI Table S1 (p2): CH3OH yield 33.7 mg gcat-1 h-1 at 473 K, 10 MPa (TheMeCat 0.0324)",E-value,
TheMeCat,10.1039/c2cy20604h,Cu/Al2O3,STY_g_per_gcath,0.0412,0.0435,0.0528736,"ESI Table S1 (p2): CH3OH yield 43.5 mg gcat-1 h-1 at 503 K, 10 MPa (TheMeCat 0.0412)","TheMeCat | 10.1039/c2cy20604h | STY_g_per_gcath | ESI Table S1 (p2): CH3OH yield 43.5 mg gcat-1 h-1 at 503 K, 10 MPa (TheMeCat 0.0412)",E-value,
TheMeCat,10.1039/c2cy20604h,Cu/Al2O3,STY_g_per_gcath,0.0206,0.0222,0.0720721,"ESI Table S1 (p2): CH3OH yield 22.2 mg gcat-1 h-1 at 533 K, 10 MPa (TheMeCat 0.0206)","TheMeCat | 10.1039/c2cy20604h | STY_g_per_gcath | ESI Table S1 (p2): CH3OH yield 22.2 mg gcat-1 h-1 at 533 K, 10 MPa (TheMeCat 0.0206)",E-value,
TheMeCat,10.1039/c2cy20604h,Cu/Al2O3,STY_g_per_gcath,0.0206,0.0201,0.0242718,"ESI Table S1 (p2): CH3OH yield 20.1 mg gcat-1 h-1 at 553 K, 10 MPa (TheMeCat 0.0206)","TheMeCat | 10.1039/c2cy20604h | STY_g_per_gcath | ESI Table S1 (p2): CH3OH yield 20.1 mg gcat-1 h-1 at 553 K, 10 MPa (TheMeCat 0.0206)",E-value,
TheMeCat,10.1039/c2cy20604h,Cu/Al2O3,STY_g_per_gcath,0.0382,0.0399,0.0426065,"ESI Table S1 (p2): CH3OH yield 39.9 mg gcat-1 h-1 at 553 K, 36 MPa (TheMeCat 0.0382)","TheMeCat | 10.1039/c2cy20604h | STY_g_per_gcath | ESI Table S1 (p2): CH3OH yield 39.9 mg gcat-1 h-1 at 553 K, 36 MPa (TheMeCat 0.0382)",E-value,
TheMeCat,10.1039/c2cy20604h,Cu-K/Al2O3,STY_g_per_gcath,0.0029,0.0039,0.25641,"ESI Table S2 (p3): CH3OH yield 3.9 mg gcat-1 h-1 at 443 K, 0.4 MPa (TheMeCat 0.0029)","TheMeCat | 10.1039/c2cy20604h | STY_g_per_gcath | ESI Table S2 (p3): CH3OH yield 3.9 mg gcat-1 h-1 at 443 K, 0.4 MPa (TheMeCat 0.0029)",E-value,
TheMeCat,10.1039/c2cy20604h,Cu-K/Al2O3,STY_g_per_gcath,0.0059,0.0066,0.106061,"ESI Table S2 (p3): CH3OH yield 6.6 mg gcat-1 h-1 at 473 K, 0.4 MPa (TheMeCat 0.0059)","TheMeCat | 10.1039/c2cy20604h | STY_g_per_gcath | ESI Table S2 (p3): CH3OH yield 6.6 mg gcat-1 h-1 at 473 K, 0.4 MPa (TheMeCat 0.0059)",E-value,
TheMeCat,10.1039/c2cy20604h,Cu-K/Al2O3,STY_g_per_gcath,0.0029,0.0037,0.216216,"ESI Table S2 (p3): CH3OH yield 3.7 mg gcat-1 h-1 at 503 K, 0.4 MPa (TheMeCat 0.0029)","TheMeCat | 10.1039/c2cy20604h | STY_g_per_gcath | ESI Table S2 (p3): CH3OH yield 3.7 mg gcat-1 h-1 at 503 K, 0.4 MPa (TheMeCat 0.0029)",E-value,
TheMeCat,10.1039/c2cy20604h,Cu-K/Al2O3,STY_g_per_gcath,0.0029,0.0018,0.37931,"ESI Table S2 (p3): CH3OH yield 1.8 mg gcat-1 h-1 at 533 K, 0.4 MPa (TheMeCat 0.0029)","TheMeCat | 10.1039/c2cy20604h | STY_g_per_gcath | ESI Table S2 (p3): CH3OH yield 1.8 mg gcat-1 h-1 at 533 K, 0.4 MPa (TheMeCat 0.0029)",E-value,
TheMeCat,10.1039/c2cy20604h,Cu-K/Al2O3,STY_g_per_gcath,0.0029,0.0031,0.0645161,"ESI Table S2 (p3): CH3OH yield 3.1 mg gcat-1 h-1 at 553 K, 0.4 MPa (TheMeCat 0.0029)","TheMeCat | 10.1039/c2cy20604h | STY_g_per_gcath | ESI Table S2 (p3): CH3OH yield 3.1 mg gcat-1 h-1 at 553 K, 0.4 MPa (TheMeCat 0.0029)",E-value,
TheMeCat,10.1039/c2cy20604h,Cu-K/Al2O3,STY_g_per_gcath,0.0059,0.0066,0.106061,"ESI Table S2 (p3): CH3OH yield 6.6 mg gcat-1 h-1 at 443 K, 3 MPa (TheMeCat 0.0059)","TheMeCat | 10.1039/c2cy20604h | STY_g_per_gcath | ESI Table S2 (p3): CH3OH yield 6.6 mg gcat-1 h-1 at 443 K, 3 MPa (TheMeCat 0.0059)",E-value,
TheMeCat,10.1039/c2cy20604h,Cu-K/Al2O3,STY_g_per_gcath,0.0059,0.0073,0.191781,"ESI Table S2 (p3): CH3OH yield 7.3 mg gcat-1 h-1 at 473 K, 3 MPa (TheMeCat 0.0059)","TheMeCat | 10.1039/c2cy20604h | STY_g_per_gcath | ESI Table S2 (p3): CH3OH yield 7.3 mg gcat-1 h-1 at 473 K, 3 MPa (TheMeCat 0.0059)",E-value,
TheMeCat,10.1039/c2cy20604h,Cu-K/Al2O3,STY_g_per_gcath,0.0029,0.0033,0.121212,"ESI Table S2 (p3): CH3OH yield 3.3 mg gcat-1 h-1 at 503 K, 3 MPa (TheMeCat 0.0029)","TheMeCat | 10.1039/c2cy20604h | STY_g_per_gcath | ESI Table S2 (p3): CH3OH yield 3.3 mg gcat-1 h-1 at 503 K, 3 MPa (TheMeCat 0.0029)",E-value,
TheMeCat,10.1039/c2cy20604h,Cu-K/Al2O3,STY_g_per_gcath,0.0059,0.0058,0.0169492,"ESI Table S2 (p3): CH3OH yield 5.8 mg gcat-1 h-1 at 533 K, 3 MPa (TheMeCat 0.0059)","TheMeCat | 10.1039/c2cy20604h | STY_g_per_gcath | ESI Table S2 (p3): CH3OH yield 5.8 mg gcat-1 h-1 at 533 K, 3 MPa (TheMeCat 0.0059)",N-minor,
TheMeCat,10.1039/c2cy20604h,Cu-K/Al2O3,STY_g_per_gcath,0.0029,0.0043,0.325581,"ESI Table S2 (p3): CH3OH yield 4.3 mg gcat-1 h-1 at 553 K, 3 MPa (TheMeCat 0.0029)","TheMeCat | 10.1039/c2cy20604h | STY_g_per_gcath | ESI Table S2 (p3): CH3OH yield 4.3 mg gcat-1 h-1 at 553 K, 3 MPa (TheMeCat 0.0029)",E-value,
TheMeCat,10.1039/c2cy20604h,Cu-K/Al2O3,STY_g_per_gcath,0.0029,0.0027,0.0689655,"ESI Table S2 (p3): CH3OH yield 2.7 mg gcat-1 h-1 at 443 K, 10 MPa (TheMeCat 0.0029)","TheMeCat | 10.1039/c2cy20604h | STY_g_per_gcath | ESI Table S2 (p3): CH3OH yield 2.7 mg gcat-1 h-1 at 443 K, 10 MPa (TheMeCat 0.0029)",E-value,
TheMeCat,10.1039/c2cy20604h,Cu-K/Al2O3,STY_g_per_gcath,0.0059,0.0046,0.220339,"ESI Table S2 (p3): CH3OH yield 4.6 mg gcat-1 h-1 at 473 K, 10 MPa (TheMeCat 0.0059)","TheMeCat | 10.1039/c2cy20604h | STY_g_per_gcath | ESI Table S2 (p3): CH3OH yield 4.6 mg gcat-1 h-1 at 473 K, 10 MPa (TheMeCat 0.0059)",E-value,
TheMeCat,10.1039/c2cy20604h,Cu-K/Al2O3,STY_g_per_gcath,0.0059,0.0063,0.0634921,"ESI Table S2 (p3): CH3OH yield 6.3 mg gcat-1 h-1 at 503 K, 10 MPa (TheMeCat 0.0059)","TheMeCat | 10.1039/c2cy20604h | STY_g_per_gcath | ESI Table S2 (p3): CH3OH yield 6.3 mg gcat-1 h-1 at 503 K, 10 MPa (TheMeCat 0.0059)",E-value,
TheMeCat,10.1039/c2cy20604h,Cu-K/Al2O3,STY_g_per_gcath,0.0029,0.0044,0.340909,"ESI Table S2 (p3): CH3OH yield 4.4 mg gcat-1 h-1 at 533 K, 10 MPa (TheMeCat 0.0029)","TheMeCat | 10.1039/c2cy20604h | STY_g_per_gcath | ESI Table S2 (p3): CH3OH yield 4.4 mg gcat-1 h-1 at 533 K, 10 MPa (TheMeCat 0.0029)",E-value,
TheMeCat,10.1039/c2cy20604h,Cu-K/Al2O3,STY_g_per_gcath,0.0059,0.0055,0.0677966,"ESI Table S2 (p3): CH3OH yield 5.5 mg gcat-1 h-1 at 553 K, 10 MPa (TheMeCat 0.0059)","TheMeCat | 10.1039/c2cy20604h | STY_g_per_gcath | ESI Table S2 (p3): CH3OH yield 5.5 mg gcat-1 h-1 at 553 K, 10 MPa (TheMeCat 0.0059)",E-value,
TheMeCat,10.1039/c2cy20604h,Cu-K/Al2O3,STY_g_per_gcath,0.0059,0.0054,0.0847458,"ESI Table S2 (p3): CH3OH yield 5.4 mg gcat-1 h-1 at 443 K, 36 MPa (TheMeCat 0.0059)","TheMeCat | 10.1039/c2cy20604h | STY_g_per_gcath | ESI Table S2 (p3): CH3OH yield 5.4 mg gcat-1 h-1 at 443 K, 36 MPa (TheMeCat 0.0059)",E-value,
TheMeCat,10.1039/c2cy20604h,Cu-K/Al2O3,STY_g_per_gcath,0.0118,0.011,0.0677966,"ESI Table S2 (p3): CH3OH yield 11.0 mg gcat-1 h-1 at 473 K, 36 MPa (TheMeCat 0.0118)","TheMeCat | 10.1039/c2cy20604h | STY_g_per_gcath | ESI Table S2 (p3): CH3OH yield 11.0 mg gcat-1 h-1 at 473 K, 36 MPa (TheMeCat 0.0118)",E-value,
TheMeCat,10.1039/c2cy20604h,Cu-K/Al2O3,STY_g_per_gcath,0.0059,0.006900000000000001,0.144928,"ESI Table S2 (p3): CH3OH yield 6.9 mg gcat-1 h-1 at 503 K, 36 MPa (TheMeCat 0.0059)","TheMeCat | 10.1039/c2cy20604h | STY_g_per_gcath | ESI Table S2 (p3): CH3OH yield 6.9 mg gcat-1 h-1 at 503 K, 36 MPa (TheMeCat 0.0059)",E-value,
TheMeCat,10.1039/c2cy20604h,Cu-K/Al2O3,STY_g_per_gcath,0.0088,0.0106,0.169811,"ESI Table S2 (p3): CH3OH yield 10.6 mg gcat-1 h-1 at 533 K, 36 MPa (TheMeCat 0.0088)","TheMeCat | 10.1039/c2cy20604h | STY_g_per_gcath | ESI Table S2 (p3): CH3OH yield 10.6 mg gcat-1 h-1 at 533 K, 36 MPa (TheMeCat 0.0088)",E-value,
TheMeCat,10.1039/c2cy20604h,Cu-K/Al2O3,STY_g_per_gcath,0.0176,0.0182,0.032967,"ESI Table S2 (p3): CH3OH yield 18.2 mg gcat-1 h-1 at 553 K, 36 MPa (TheMeCat 0.0176)","TheMeCat | 10.1039/c2cy20604h | STY_g_per_gcath | ESI Table S2 (p3): CH3OH yield 18.2 mg gcat-1 h-1 at 553 K, 36 MPa (TheMeCat 0.0176)",E-value,
TheMeCat,10.1039/c2cy20604h,Cu-Ba/Al2O3,STY_g_per_gcath,0.0008,0.001,0.2,"ESI Table S3 (p4): CH3OH yield 1.0 mg gcat-1 h-1 at 443 K, 0.4 MPa (TheMeCat 0.0008)","TheMeCat | 10.1039/c2cy20604h | STY_g_per_gcath | ESI Table S3 (p4): CH3OH yield 1.0 mg gcat-1 h-1 at 443 K, 0.4 MPa (TheMeCat 0.0008)",E-value,
TheMeCat,10.1039/c2cy20604h,Cu-Ba/Al2O3,STY_g_per_gcath,0.0088,0.0094,0.0638298,"ESI Table S3 (p4): CH3OH yield 9.4 mg gcat-1 h-1 at 503 K, 0.4 MPa (TheMeCat 0.0088)","TheMeCat | 10.1039/c2cy20604h | STY_g_per_gcath | ESI Table S3 (p4): CH3OH yield 9.4 mg gcat-1 h-1 at 503 K, 0.4 MPa (TheMeCat 0.0088)",E-value,
TheMeCat,10.1039/c2cy20604h,Cu-Ba/Al2O3,STY_g_per_gcath,0.0118,0.0126,0.0634921,"ESI Table S3 (p4): CH3OH yield 12.6 mg gcat-1 h-1 at 533 K, 0.4 MPa (TheMeCat 0.0118)","TheMeCat | 10.1039/c2cy20604h | STY_g_per_gcath | ESI Table S3 (p4): CH3OH yield 12.6 mg gcat-1 h-1 at 533 K, 0.4 MPa (TheMeCat 0.0118)",E-value,
TheMeCat,10.1039/c2cy20604h,Cu-Ba/Al2O3,STY_g_per_gcath,0.0088,0.009300000000000001,0.0537634,"ESI Table S3 (p4): CH3OH yield 9.3 mg gcat-1 h-1 at 553 K, 0.4 MPa (TheMeCat 0.0088)","TheMeCat | 10.1039/c2cy20604h | STY_g_per_gcath | ESI Table S3 (p4): CH3OH yield 9.3 mg gcat-1 h-1 at 553 K, 0.4 MPa (TheMeCat 0.0088)",E-value,
TheMeCat,10.1039/c2cy20604h,Cu-Ba/Al2O3,STY_g_per_gcath,0.0088,0.009800000000000001,0.102041,"ESI Table S3 (p4): CH3OH yield 9.8 mg gcat-1 h-1 at 443 K, 3 MPa (TheMeCat 0.0088)","TheMeCat | 10.1039/c2cy20604h | STY_g_per_gcath | ESI Table S3 (p4): CH3OH yield 9.8 mg gcat-1 h-1 at 443 K, 3 MPa (TheMeCat 0.0088)",E-value,
TheMeCat,10.1039/c2cy20604h,Cu-Ba/Al2O3,STY_g_per_gcath,0.0294,0.03,0.02,"ESI Table S3 (p4): CH3OH yield 30.0 mg gcat-1 h-1 at 473 K, 3 MPa (TheMeCat 0.0294)","TheMeCat | 10.1039/c2cy20604h | STY_g_per_gcath | ESI Table S3 (p4): CH3OH yield 30.0 mg gcat-1 h-1 at 473 K, 3 MPa (TheMeCat 0.0294)",N-minor,
TheMeCat,10.1039/c2cy20604h,Cu-Ba/Al2O3,STY_g_per_gcath,0.0412,0.0425,0.0305882,"ESI Table S3 (p4): CH3OH yield 42.5 mg gcat-1 h-1 at 503 K, 3 MPa (TheMeCat 0.0412)","TheMeCat | 10.1039/c2cy20604h | STY_g_per_gcath | ESI Table S3 (p4): CH3OH yield 42.5 mg gcat-1 h-1 at 503 K, 3 MPa (TheMeCat 0.0412)",E-value,
TheMeCat,10.1039/c2cy20604h,Cu-Ba/Al2O3,STY_g_per_gcath,0.3412,0.035,0.897421,"ESI Table S3 (p4): CH3OH yield 35.0 mg gcat-1 h-1 at 553 K, 3 MPa (TheMeCat 0.3412)","TheMeCat | 10.1039/c2cy20604h | STY_g_per_gcath | ESI Table S3 (p4): CH3OH yield 35.0 mg gcat-1 h-1 at 553 K, 3 MPa (TheMeCat 0.3412)",E-value,
TheMeCat,10.1039/c2cy20604h,Cu-Ba/Al2O3,STY_g_per_gcath,0.0118,0.013699999999999999,0.138686,"ESI Table S3 (p4): CH3OH yield 13.7 mg gcat-1 h-1 at 443 K, 10 MPa (TheMeCat 0.0118)","TheMeCat | 10.1039/c2cy20604h | STY_g_per_gcath | ESI Table S3 (p4): CH3OH yield 13.7 mg gcat-1 h-1 at 443 K, 10 MPa (TheMeCat 0.0118)",E-value,
TheMeCat,10.1039/c2cy20604h,Cu-Ba/Al2O3,STY_g_per_gcath,0.05,0.0519,0.0366089,"ESI Table S3 (p4): CH3OH yield 51.9 mg gcat-1 h-1 at 473 K, 10 MPa (TheMeCat 0.05)","TheMeCat | 10.1039/c2cy20604h | STY_g_per_gcath | ESI Table S3 (p4): CH3OH yield 51.9 mg gcat-1 h-1 at 473 K, 10 MPa (TheMeCat 0.05)",E-value,
TheMeCat,10.1039/c2cy20604h,Cu-Ba/Al2O3,STY_g_per_gcath,0.0412,0.0424,0.0283019,"ESI Table S3 (p4): CH3OH yield 42.4 mg gcat-1 h-1 at 503 K, 10 MPa (TheMeCat 0.0412)","TheMeCat | 10.1039/c2cy20604h | STY_g_per_gcath | ESI Table S3 (p4): CH3OH yield 42.4 mg gcat-1 h-1 at 503 K, 10 MPa (TheMeCat 0.0412)",E-value,
TheMeCat,10.1039/c2cy20604h,Cu-Ba/Al2O3,STY_g_per_gcath,0.0324,0.0335,0.0328358,"ESI Table S3 (p4): CH3OH yield 33.5 mg gcat-1 h-1 at 533 K, 10 MPa (TheMeCat 0.0324)","TheMeCat | 10.1039/c2cy20604h | STY_g_per_gcath | ESI Table S3 (p4): CH3OH yield 33.5 mg gcat-1 h-1 at 533 K, 10 MPa (TheMeCat 0.0324)",E-value,
TheMeCat,10.1039/c2cy20604h,Cu-Ba/Al2O3,STY_g_per_gcath,0.0677,0.0707,0.0424328,"ESI Table S3 (p4): CH3OH yield 70.7 mg gcat-1 h-1 at 553 K, 10 MPa (TheMeCat 0.0677)","TheMeCat | 10.1039/c2cy20604h | STY_g_per_gcath | ESI Table S3 (p4): CH3OH yield 70.7 mg gcat-1 h-1 at 553 K, 10 MPa (TheMeCat 0.0677)",E-value,
TheMeCat,10.1039/c2cy20604h,Cu-Ba/Al2O3,STY_g_per_gcath,0.0353,0.0371,0.0485175,"ESI Table S3 (p4): CH3OH yield 37.1 mg gcat-1 h-1 at 443 K, 36 MPa (TheMeCat 0.0353)","TheMeCat | 10.1039/c2cy20604h | STY_g_per_gcath | ESI Table S3 (p4): CH3OH yield 37.1 mg gcat-1 h-1 at 443 K, 36 MPa (TheMeCat 0.0353)",E-value,
TheMeCat,10.1039/c2cy20604h,Cu-Ba/Al2O3,STY_g_per_gcath,0.0559,0.0565,0.0106195,"ESI Table S3 (p4): CH3OH yield 56.5 mg gcat-1 h-1 at 503 K, 36 MPa (TheMeCat 0.0559)","TheMeCat | 10.1039/c2cy20604h | STY_g_per_gcath | ESI Table S3 (p4): CH3OH yield 56.5 mg gcat-1 h-1 at 503 K, 36 MPa (TheMeCat 0.0559)",N-minor,
TheMeCat,10.1039/c2cy20604h,Cu-Ba/Al2O3,STY_g_per_gcath,0.0382,0.0402,0.0497512,"ESI Table S3 (p4): CH3OH yield 40.2 mg gcat-1 h-1 at 533 K, 36 MPa (TheMeCat 0.0382)","TheMeCat | 10.1039/c2cy20604h | STY_g_per_gcath | ESI Table S3 (p4): CH3OH yield 40.2 mg gcat-1 h-1 at 533 K, 36 MPa (TheMeCat 0.0382)",E-value,
TheMeCat,10.1039/c2cy20604h,Cu-Ba/Al2O3,STY_g_per_gcath,0.4059,0.0419,0.896773,"ESI Table S3 (p4): CH3OH yield 41.9 mg gcat-1 h-1 at 553 K, 36 MPa (TheMeCat 0.4059)","TheMeCat | 10.1039/c2cy20604h | STY_g_per_gcath | ESI Table S3 (p4): CH3OH yield 41.9 mg gcat-1 h-1 at 553 K, 36 MPa (TheMeCat 0.4059)",E-value,
TheMeCat,10.1021/acscatal.9b01869,In0.1/ZrO2,STY_g_per_gcath,0.0044,0.003,0.318182,SI Table S5 (p7): STY 0.003 g h-1 gcat-1 (TheMeCat 0.0044; not the printed value),TheMeCat | 10.1021/acscatal.9b01869 | STY_g_per_gcath | SI Table S5 (p7): STY 0.003 g h-1 gcat-1 (TheMeCat 0.0044; not the printed value),E-value,
TheMeCat,10.1021/acscatal.9b01869,In0.1/ZrO2,STY_g_per_gcath,0.0112,0.014,0.2,SI Table S5 (p7): STY 0.014 g h-1 gcat-1 (TheMeCat 0.0112; not the printed value),TheMeCat | 10.1021/acscatal.9b01869 | STY_g_per_gcath | SI Table S5 (p7): STY 0.014 g h-1 gcat-1 (TheMeCat 0.0112; not the printed value),E-value,
TheMeCat,10.1021/acscatal.9b01869,In0.25/ZrO2,STY_g_per_gcath,0.0067,0.007,0.0428571,SI Table S5 (p7): STY 0.007 g h-1 gcat-1 (TheMeCat 0.0067; not the printed value),TheMeCat | 10.1021/acscatal.9b01869 | STY_g_per_gcath | SI Table S5 (p7): STY 0.007 g h-1 gcat-1 (TheMeCat 0.0067; not the printed value),E-value,
TheMeCat,10.1021/acscatal.9b01869,In0.25/ZrO2,STY_g_per_gcath,0.0155,0.017,0.0882353,SI Table S5 (p7): STY 0.017 g h-1 gcat-1 (TheMeCat 0.0155; not the printed value),TheMeCat | 10.1021/acscatal.9b01869 | STY_g_per_gcath | SI Table S5 (p7): STY 0.017 g h-1 gcat-1 (TheMeCat 0.0155; not the printed value),E-value,
TheMeCat,10.1021/acscatal.9b01869,In0.5/ZrO2,STY_g_per_gcath,0.0121,0.014,0.135714,SI Table S5 (p7): STY 0.014 g h-1 gcat-1 (TheMeCat 0.0121; not the printed value),TheMeCat | 10.1021/acscatal.9b01869 | STY_g_per_gcath | SI Table S5 (p7): STY 0.014 g h-1 gcat-1 (TheMeCat 0.0121; not the printed value),E-value,
TheMeCat,10.1021/acscatal.9b01869,In0.5/ZrO2,STY_g_per_gcath,0.0353,0.042,0.159524,SI Table S5 (p7): STY 0.042 g h-1 gcat-1 (TheMeCat 0.0353; not the printed value),TheMeCat | 10.1021/acscatal.9b01869 | STY_g_per_gcath | SI Table S5 (p7): STY 0.042 g h-1 gcat-1 (TheMeCat 0.0353; not the printed value),E-value,
TheMeCat,10.1021/acscatal.9b01869,In1/ZrO2,STY_g_per_gcath,0.0153,0.016,0.04375,SI Table S5 (p7): STY 0.016 g h-1 gcat-1 (TheMeCat 0.0153; not the printed value),TheMeCat | 10.1021/acscatal.9b01869 | STY_g_per_gcath | SI Table S5 (p7): STY 0.016 g h-1 gcat-1 (TheMeCat 0.0153; not the printed value),E-value,
TheMeCat,10.1021/acscatal.9b01869,In1/ZrO2,STY_g_per_gcath,0.0473,0.05,0.054,SI Table S5 (p7): STY 0.05 g h-1 gcat-1 (TheMeCat 0.0473; not the printed value),TheMeCat | 10.1021/acscatal.9b01869 | STY_g_per_gcath | SI Table S5 (p7): STY 0.05 g h-1 gcat-1 (TheMeCat 0.0473; not the printed value),E-value,
TheMeCat,10.1021/acscatal.9b01869,In2.5/ZrO2,STY_g_per_gcath,0.0319,0.035,0.0885714,SI Table S5 (p7): STY 0.035 g h-1 gcat-1 (TheMeCat 0.0319; not the printed value),TheMeCat | 10.1021/acscatal.9b01869 | STY_g_per_gcath | SI Table S5 (p7): STY 0.035 g h-1 gcat-1 (TheMeCat 0.0319; not the printed value),E-value,
TheMeCat,10.1021/acscatal.9b01869,In2.5/ZrO2,STY_g_per_gcath,0.0719,0.087,0.173563,SI Table S5 (p7): STY 0.087 g h-1 gcat-1 (TheMeCat 0.0719; not the printed value),TheMeCat | 10.1021/acscatal.9b01869 | STY_g_per_gcath | SI Table S5 (p7): STY 0.087 g h-1 gcat-1 (TheMeCat 0.0719; not the printed value),E-value,
TheMeCat,10.1021/acscatal.9b01869,In5/ZrO2,STY_g_per_gcath,0.0224,0.024,0.0666667,SI Table S5 (p7): STY 0.024 g h-1 gcat-1 (TheMeCat 0.0224; not the printed value),TheMeCat | 10.1021/acscatal.9b01869 | STY_g_per_gcath | SI Table S5 (p7): STY 0.024 g h-1 gcat-1 (TheMeCat 0.0224; not the printed value),E-value,
TheMeCat,10.1021/acscatal.9b01869,In5/ZrO2,STY_g_per_gcath,0.0589,0.071,0.170423,SI Table S5 (p7): STY 0.071 g h-1 gcat-1 (TheMeCat 0.0589; not the printed value),TheMeCat | 10.1021/acscatal.9b01869 | STY_g_per_gcath | SI Table S5 (p7): STY 0.071 g h-1 gcat-1 (TheMeCat 0.0589; not the printed value),E-value,
TheMeCat,10.1021/acscatal.9b01869,In10/ZrO2,STY_g_per_gcath,0.0182,0.021,0.133333,SI Table S5 (p7): STY 0.021 g h-1 gcat-1 (TheMeCat 0.0182; not the printed value),TheMeCat | 10.1021/acscatal.9b01869 | STY_g_per_gcath | SI Table S5 (p7): STY 0.021 g h-1 gcat-1 (TheMeCat 0.0182; not the printed value),E-value,
TheMeCat,10.1021/acscatal.9b01869,In10/ZrO2,STY_g_per_gcath,0.0443,0.056,0.208929,SI Table S5 (p7): STY 0.056 g h-1 gcat-1 (TheMeCat 0.0443; not the printed value),TheMeCat | 10.1021/acscatal.9b01869 | STY_g_per_gcath | SI Table S5 (p7): STY 0.056 g h-1 gcat-1 (TheMeCat 0.0443; not the printed value),E-value,
TheMeCat,10.1021/acscatal.9b01869,Bulk In2O3,STY_g_per_gcath,0.0233,0.084,0.722619,SI Table S5 (p7): STY 0.084 g h-1 gcat-1 (TheMeCat 0.0233; not the printed value),TheMeCat | 10.1021/acscatal.9b01869 | STY_g_per_gcath | SI Table S5 (p7): STY 0.084 g h-1 gcat-1 (TheMeCat 0.0233; not the printed value),E-value,
TheMeCat,10.1002/ente.201800747,Cat-1.5 H-In2O3/Al2O3/Al-fiber,STY_g_per_gcath,0.0326,0.031,0.0490798,SI Table S1 (p1): STY 0.031 gMeOH gcat-1 h-1 at 250 C (TheMeCat 0.0326; the printed value matches X x S x F),TheMeCat | 10.1002/ente.201800747 | STY_g_per_gcath | SI Table S1 (p1): STY 0.031 gMeOH gcat-1 h-1 at 250 C (TheMeCat 0.0326; the printed value matches X x S x F),C-convention,
TheMeCat,10.1002/ente.201800747,Cat-1.5 H-In2O3/Al2O3/Al-fiber),STY_g_per_gcath,0.0533,0.05,0.0619137,SI Table S1 (p1): STY 0.050 gMeOH gcat-1 h-1 at 275 C (TheMeCat 0.0533; the printed value matches X x S x F),TheMeCat | 10.1002/ente.201800747 | STY_g_per_gcath | SI Table S1 (p1): STY 0.050 gMeOH gcat-1 h-1 at 275 C (TheMeCat 0.0533; the printed value matches X x S x F),C-convention,
TheMeCat,10.1002/ente.201800747,Cat-1.5 H-In2O3/Al2O3/Al-fiber,STY_g_per_gcath,0.078,0.074,0.0512821,SI Table S1 (p1): STY 0.074 gMeOH gcat-1 h-1 at 300 C (TheMeCat 0.078; the printed value matches X x S x F),TheMeCat | 10.1002/ente.201800747 | STY_g_per_gcath | SI Table S1 (p1): STY 0.074 gMeOH gcat-1 h-1 at 300 C (TheMeCat 0.078; the printed value matches X x S x F),C-convention,
TheMeCat,10.1002/ente.201800747,Cat-1.5 H-In2O3/Al2O3/Al-fiber,STY_g_per_gcath,0.1472,0.14,0.048913,SI Table S1 (p1): STY 0.14 gMeOH gcat-1 h-1 at 325 C (TheMeCat 0.1472; the printed value matches X x S x F),TheMeCat | 10.1002/ente.201800747 | STY_g_per_gcath | SI Table S1 (p1): STY 0.14 gMeOH gcat-1 h-1 at 325 C (TheMeCat 0.1472; the printed value matches X x S x F),C-convention,
TheMeCat,10.1002/ente.201800747,Cat-1.5 H-In2O3/Al2O3/Al-fiber,STY_g_per_gcath,0.1453,0.14,0.0364763,SI Table S1 (p1): STY 0.14 gMeOH gcat-1 h-1 at 350 C (TheMeCat 0.1453; the printed value matches X x S x F),TheMeCat | 10.1002/ente.201800747 | STY_g_per_gcath | SI Table S1 (p1): STY 0.14 gMeOH gcat-1 h-1 at 350 C (TheMeCat 0.1453; the printed value matches X x S x F),C-convention,
TheMeCat,10.1002/ente.201800747,Cat-3.0 H-In2O3/Al2O3/Al-fiber,STY_g_per_gcath,0.0411,0.039,0.0510949,SI Table S1 (p1): STY 0.039 gMeOH gcat-1 h-1 at 250 C (TheMeCat 0.0411; the printed value matches X x S x F),TheMeCat | 10.1002/ente.201800747 | STY_g_per_gcath | SI Table S1 (p1): STY 0.039 gMeOH gcat-1 h-1 at 250 C (TheMeCat 0.0411; the printed value matches X x S x F),C-convention,
TheMeCat,10.1002/ente.201800747,Cat-3.0 H-In2O3/Al2O3/Al-fiber,STY_g_per_gcath,0.0662,0.063,0.0483384,SI Table S1 (p1): STY 0.063 gMeOH gcat-1 h-1 at 275 C (TheMeCat 0.0662; the printed value matches X x S x F),TheMeCat | 10.1002/ente.201800747 | STY_g_per_gcath | SI Table S1 (p1): STY 0.063 gMeOH gcat-1 h-1 at 275 C (TheMeCat 0.0662; the printed value matches X x S x F),C-convention,
TheMeCat,10.1002/ente.201800747,Cat-3.0 H-In2O3/Al2O3/Al-fiber,STY_g_per_gcath,0.1067,0.1,0.0627929,SI Table S1 (p1): STY 0.10 gMeOH gcat-1 h-1 at 300 C (TheMeCat 0.1067; the printed value matches X x S x F),TheMeCat | 10.1002/ente.201800747 | STY_g_per_gcath | SI Table S1 (p1): STY 0.10 gMeOH gcat-1 h-1 at 300 C (TheMeCat 0.1067; the printed value matches X x S x F),C-convention,
TheMeCat,10.1002/ente.201800747,Cat-3.0 H-In2O3/Al2O3/Al-fiber,STY_g_per_gcath,0.1707,0.16,0.0626831,SI Table S1 (p1): STY 0.16 gMeOH gcat-1 h-1 at 325 C (TheMeCat 0.1707; the printed value matches X x S x F),TheMeCat | 10.1002/ente.201800747 | STY_g_per_gcath | SI Table S1 (p1): STY 0.16 gMeOH gcat-1 h-1 at 325 C (TheMeCat 0.1707; the printed value matches X x S x F),C-convention,
TheMeCat,10.1002/ente.201800747,Cat-3.0 H-In2O3/Al2O3/Al-fiber,STY_g_per_gcath,0.1965,0.19,0.0330789,SI Table S1 (p1): STY 0.19 gMeOH gcat-1 h-1 at 350 C (TheMeCat 0.1965; the printed value matches X x S x F),TheMeCat | 10.1002/ente.201800747 | STY_g_per_gcath | SI Table S1 (p1): STY 0.19 gMeOH gcat-1 h-1 at 350 C (TheMeCat 0.1965; the printed value matches X x S x F),C-convention,
TheMeCat,10.1002/ente.201800747,Cat-4.5 H-In2O3/Al2O3/Al-fiber,STY_g_per_gcath,0.075,0.071,0.0533333,SI Table S1 (p1): STY 0.071 gMeOH gcat-1 h-1 at 250 C (TheMeCat 0.075; the printed value matches X x S x F),TheMeCat | 10.1002/ente.201800747 | STY_g_per_gcath | SI Table S1 (p1): STY 0.071 gMeOH gcat-1 h-1 at 250 C (TheMeCat 0.075; the printed value matches X x S x F),C-convention,
TheMeCat,10.1002/ente.201800747,Cat-4.5 H-In2O3/Al2O3/Al-fiber,STY_g_per_gcath,0.0988,0.093,0.0587045,SI Table S1 (p1): STY 0.093 gMeOH gcat-1 h-1 at 275 C (TheMeCat 0.0988; the printed value matches X x S x F),TheMeCat | 10.1002/ente.201800747 | STY_g_per_gcath | SI Table S1 (p1): STY 0.093 gMeOH gcat-1 h-1 at 275 C (TheMeCat 0.0988; the printed value matches X x S x F),C-convention,
TheMeCat,10.1002/ente.201800747,Cat-4.5 H-In2O3/Al2O3/Al-fiber,STY_g_per_gcath,0.1618,0.15,0.0729295,SI Table S1 (p1): STY 0.15 gMeOH gcat-1 h-1 at 300 C (TheMeCat 0.1618; the printed value matches X x S x F),TheMeCat | 10.1002/ente.201800747 | STY_g_per_gcath | SI Table S1 (p1): STY 0.15 gMeOH gcat-1 h-1 at 300 C (TheMeCat 0.1618; the printed value matches X x S x F),C-convention,
TheMeCat,10.1002/ente.201800747,Cat-4.5 H-In2O3/Al2O3/Al-fiber,STY_g_per_gcath,0.2139,0.2,0.0649836,SI Table S1 (p1): STY 0.20 gMeOH gcat-1 h-1 at 325 C (TheMeCat 0.2139; the printed value matches X x S x F),TheMeCat | 10.1002/ente.201800747 | STY_g_per_gcath | SI Table S1 (p1): STY 0.20 gMeOH gcat-1 h-1 at 325 C (TheMeCat 0.2139; the printed value matches X x S x F),C-convention,
TheMeCat,10.1002/ente.201800747,Cat-4.5 H-In2O3/Al2O3/Al-fiber,STY_g_per_gcath,0.2076,0.19,0.0847784,SI Table S1 (p1): STY 0.19 gMeOH gcat-1 h-1 at 350 C (TheMeCat 0.2076; the printed value matches X x S x F),TheMeCat | 10.1002/ente.201800747 | STY_g_per_gcath | SI Table S1 (p1): STY 0.19 gMeOH gcat-1 h-1 at 350 C (TheMeCat 0.2076; the printed value matches X x S x F),C-convention,
TheMeCat,10.1002/ente.201800747,Cat-6.0 H-In2O3/Al2O3/Al-fiber ,STY_g_per_gcath,0.0187,0.018,0.0374332,SI Table S1 (p1): STY 0.018 gMeOH gcat-1 h-1 at 250 C (TheMeCat 0.0187; the printed value matches X x S x F),TheMeCat | 10.1002/ente.201800747 | STY_g_per_gcath | SI Table S1 (p1): STY 0.018 gMeOH gcat-1 h-1 at 250 C (TheMeCat 0.0187; the printed value matches X x S x F),C-convention,
TheMeCat,10.1002/ente.201800747,Cat-6.0 H-In2O3/Al2O3/Al-fiber ,STY_g_per_gcath,0.0292,0.028,0.0410959,SI Table S1 (p1): STY 0.028 gMeOH gcat-1 h-1 at 275 C (TheMeCat 0.0292; the printed value matches X x S x F),TheMeCat | 10.1002/ente.201800747 | STY_g_per_gcath | SI Table S1 (p1): STY 0.028 gMeOH gcat-1 h-1 at 275 C (TheMeCat 0.0292; the printed value matches X x S x F),C-convention,
TheMeCat,10.1002/ente.201800747,Cat-6.0 H-In2O3/Al2O3/Al-fiber ,STY_g_per_gcath,0.0374,0.036,0.0374332,SI Table S1 (p1): STY 0.036 gMeOH gcat-1 h-1 at 300 C (TheMeCat 0.0374; the printed value matches X x S x F),TheMeCat | 10.1002/ente.201800747 | STY_g_per_gcath | SI Table S1 (p1): STY 0.036 gMeOH gcat-1 h-1 at 300 C (TheMeCat 0.0374; the printed value matches X x S x F),C-convention,
TheMeCat,10.1002/ente.201800747,Cat-6.0 H-In2O3/Al2O3/Al-fiber,STY_g_per_gcath,0.1124,0.11,0.0213523,SI Table S1 (p1): STY 0.11 gMeOH gcat-1 h-1 at 325 C (TheMeCat 0.1124; the printed value matches X x S x F),TheMeCat | 10.1002/ente.201800747 | STY_g_per_gcath | SI Table S1 (p1): STY 0.11 gMeOH gcat-1 h-1 at 325 C (TheMeCat 0.1124; the printed value matches X x S x F),C-convention,
TheMeCat,10.1002/ente.201800747,Cat-6.0 H-In2O3/Al2O3/Al-fiber,STY_g_per_gcath,0.1272,0.12,0.0566038,SI Table S1 (p1): STY 0.12 gMeOH gcat-1 h-1 at 350 C (TheMeCat 0.1272; the printed value matches X x S x F),TheMeCat | 10.1002/ente.201800747 | STY_g_per_gcath | SI Table S1 (p1): STY 0.12 gMeOH gcat-1 h-1 at 350 C (TheMeCat 0.1272; the printed value matches X x S x F),C-convention,
TheMeCat,10.1002/ente.201800747,In2O3-IWI/Al2O3/Al-fiber,STY_g_per_gcath,0.0423,0.04,0.0543735,SI Table S1 (p1): STY 0.040 gMeOH gcat-1 h-1 at 250 C (TheMeCat 0.0423; the printed value matches X x S x F),TheMeCat | 10.1002/ente.201800747 | STY_g_per_gcath | SI Table S1 (p1): STY 0.040 gMeOH gcat-1 h-1 at 250 C (TheMeCat 0.0423; the printed value matches X x S x F),C-convention,
TheMeCat,10.1002/ente.201800747,In2O3-IWI/Al2O3/Al-fiber,STY_g_per_gcath,0.0735,0.069,0.0612245,SI Table S1 (p1): STY 0.069 gMeOH gcat-1 h-1 at 275 C (TheMeCat 0.0735; the printed value matches X x S x F),TheMeCat | 10.1002/ente.201800747 | STY_g_per_gcath | SI Table S1 (p1): STY 0.069 gMeOH gcat-1 h-1 at 275 C (TheMeCat 0.0735; the printed value matches X x S x F),C-convention,
TheMeCat,10.1002/ente.201800747,In2O3-IWI/Al2O3/Al-fiber,STY_g_per_gcath,0.1153,0.11,0.045967,SI Table S1 (p1): STY 0.11 gMeOH gcat-1 h-1 at 300 C (TheMeCat 0.1153; the printed value matches X x S x F),TheMeCat | 10.1002/ente.201800747 | STY_g_per_gcath | SI Table S1 (p1): STY 0.11 gMeOH gcat-1 h-1 at 300 C (TheMeCat 0.1153; the printed value matches X x S x F),C-convention,
TheMeCat,10.1002/ente.201800747,In2O3-IWI/Al2O3/Al-fiber ,STY_g_per_gcath,0.1138,0.11,0.0333919,SI Table S1 (p1): STY 0.11 gMeOH gcat-1 h-1 at 325 C (TheMeCat 0.1138; the printed value matches X x S x F),TheMeCat | 10.1002/ente.201800747 | STY_g_per_gcath | SI Table S1 (p1): STY 0.11 gMeOH gcat-1 h-1 at 325 C (TheMeCat 0.1138; the printed value matches X x S x F),C-convention,
TheMeCat,10.1002/ente.201800747,In2O3-IWI/Al2O3/Al-fiber ,STY_g_per_gcath,0.0913,0.086,0.0580504,SI Table S1 (p1): STY 0.086 gMeOH gcat-1 h-1 at 350 C (TheMeCat 0.0913; the printed value matches X x S x F),TheMeCat | 10.1002/ente.201800747 | STY_g_per_gcath | SI Table S1 (p1): STY 0.086 gMeOH gcat-1 h-1 at 350 C (TheMeCat 0.0913; the printed value matches X x S x F),C-convention,
TheMeCat,10.1002/ente.201800747,H-In2O3/Al2O3,STY_g_per_gcath,0.0536,0.051,0.0485075,SI Table S1 (p1): STY 0.051 gMeOH gcat-1 h-1 at 250 C (TheMeCat 0.0536; the printed value matches X x S x F),TheMeCat | 10.1002/ente.201800747 | STY_g_per_gcath | SI Table S1 (p1): STY 0.051 gMeOH gcat-1 h-1 at 250 C (TheMeCat 0.0536; the printed value matches X x S x F),C-convention,
TheMeCat,10.1002/ente.201800747,H-In2O3/Al2O3,STY_g_per_gcath,0.0639,0.06,0.0610329,SI Table S1 (p1): STY 0.060 gMeOH gcat-1 h-1 at 275 C (TheMeCat 0.0639; the printed value matches X x S x F),TheMeCat | 10.1002/ente.201800747 | STY_g_per_gcath | SI Table S1 (p1): STY 0.060 gMeOH gcat-1 h-1 at 275 C (TheMeCat 0.0639; the printed value matches X x S x F),C-convention,
TheMeCat,10.1002/ente.201800747,H-In2O3/Al2O3,STY_g_per_gcath,0.0829,0.078,0.0591074,SI Table S1 (p1): STY 0.078 gMeOH gcat-1 h-1 at 300 C (TheMeCat 0.0829; the printed value matches X x S x F),TheMeCat | 10.1002/ente.201800747 | STY_g_per_gcath | SI Table S1 (p1): STY 0.078 gMeOH gcat-1 h-1 at 300 C (TheMeCat 0.0829; the printed value matches X x S x F),C-convention,
TheMeCat,10.1002/ente.201800747,H-In2O3/Al2O3,STY_g_per_gcath,0.1161,0.109,0.0611542,SI Table S1 (p1): STY 0.109 gMeOH gcat-1 h-1 at 325 C (TheMeCat 0.1161; the printed value matches X x S x F),TheMeCat | 10.1002/ente.201800747 | STY_g_per_gcath | SI Table S1 (p1): STY 0.109 gMeOH gcat-1 h-1 at 325 C (TheMeCat 0.1161; the printed value matches X x S x F),C-convention,
TheMeCat,10.1002/ente.201800747,H-In2O3/Al2O3 ,STY_g_per_gcath,0.1574,0.149,0.0533672,SI Table S1 (p1): STY 0.149 gMeOH gcat-1 h-1 at 350 C (TheMeCat 0.1574; the printed value matches X x S x F),TheMeCat | 10.1002/ente.201800747 | STY_g_per_gcath | SI Table S1 (p1): STY 0.149 gMeOH gcat-1 h-1 at 350 C (TheMeCat 0.1574; the printed value matches X x S x F),C-convention,
TheMeCat,10.1016/j.fuel.2022.125878,In1ZrO2,selectivity_CH3OH,66.1,70.0,0.0557143,"PDF p9 Fig. 10b: the red series (ZrO2, In1/ZrO2, In13/ZrO2) use the right-hand axis (red arrow); the axis is confirmed by the printed In13/ZrO2 selectivity of 57.3 % at 573 K (p8 text), which sits at 57 on the right axis. TheMeCat read In1ZrO2 on the left axis: 66.1 -> 70.0 % at 493 K","TheMeCat | 10.1016/j.fuel.2022.125878 | selectivity_CH3OH | PDF p9 Fig. 10b: the red series (ZrO2, In1/ZrO2, In13/ZrO2) use the right-hand axis (red arrow); the axis is confirmed by the printed In13/ZrO2 selectivity of 57.3 % at 573 K (p8 text), which sits at 57 on the right axis. TheMeCat read In1ZrO2 on the left axis: 66.1 -> 70.0 % at 493 K",E-value,
TheMeCat,10.1016/j.fuel.2022.125878,In1ZrO2,selectivity_CH3OH,26.8,34.0,0.211765,"PDF p9 Fig. 10b: the red series (ZrO2, In1/ZrO2, In13/ZrO2) use the right-hand axis (red arrow); the axis is confirmed by the printed In13/ZrO2 selectivity of 57.3 % at 573 K (p8 text), which sits at 57 on the right axis. TheMeCat read In1ZrO2 on the left axis: 26.8 -> 34.0 % at 553 K","TheMeCat | 10.1016/j.fuel.2022.125878 | selectivity_CH3OH | PDF p9 Fig. 10b: the red series (ZrO2, In1/ZrO2, In13/ZrO2) use the right-hand axis (red arrow); the axis is confirmed by the printed In13/ZrO2 selectivity of 57.3 % at 573 K (p8 text), which sits at 57 on the right axis. TheMeCat read In1ZrO2 on the left axis: 26.8 -> 34.0 % at 553 K",E-value,
TheMeCat,10.1016/j.fuel.2022.125878,In1ZrO2,selectivity_CH3OH,15.6,24.0,0.35,"PDF p9 Fig. 10b: the red series (ZrO2, In1/ZrO2, In13/ZrO2) use the right-hand axis (red arrow); the axis is confirmed by the printed In13/ZrO2 selectivity of 57.3 % at 573 K (p8 text), which sits at 57 on the right axis. TheMeCat read In1ZrO2 on the left axis: 15.6 -> 24.0 % at 573 K","TheMeCat | 10.1016/j.fuel.2022.125878 | selectivity_CH3OH | PDF p9 Fig. 10b: the red series (ZrO2, In1/ZrO2, In13/ZrO2) use the right-hand axis (red arrow); the axis is confirmed by the printed In13/ZrO2 selectivity of 57.3 % at 573 K (p8 text), which sits at 57 on the right axis. TheMeCat read In1ZrO2 on the left axis: 15.6 -> 24.0 % at 573 K",E-value,
TheMeCat,10.1016/j.fuel.2022.125878,ZrO2,selectivity_CH3OH,32.5,38.0,0.144737,"PDF p9 Fig. 10b: the red series (ZrO2, In1/ZrO2, In13/ZrO2) use the right-hand axis (red arrow); the axis is confirmed by the printed In13/ZrO2 selectivity of 57.3 % at 573 K (p8 text), which sits at 57 on the right axis. TheMeCat read ZrO2 on the left axis: 32.5 -> 38.0 % at 493 K","TheMeCat | 10.1016/j.fuel.2022.125878 | selectivity_CH3OH | PDF p9 Fig. 10b: the red series (ZrO2, In1/ZrO2, In13/ZrO2) use the right-hand axis (red arrow); the axis is confirmed by the printed In13/ZrO2 selectivity of 57.3 % at 573 K (p8 text), which sits at 57 on the right axis. TheMeCat read ZrO2 on the left axis: 32.5 -> 38.0 % at 493 K",E-value,
TheMeCat,10.1016/j.fuel.2022.125878,ZrO2,selectivity_CH3OH,23.4,30.0,0.22,"PDF p9 Fig. 10b: the red series (ZrO2, In1/ZrO2, In13/ZrO2) use the right-hand axis (red arrow); the axis is confirmed by the printed In13/ZrO2 selectivity of 57.3 % at 573 K (p8 text), which sits at 57 on the right axis. TheMeCat read ZrO2 on the left axis: 23.4 -> 30.0 % at 553 K","TheMeCat | 10.1016/j.fuel.2022.125878 | selectivity_CH3OH | PDF p9 Fig. 10b: the red series (ZrO2, In1/ZrO2, In13/ZrO2) use the right-hand axis (red arrow); the axis is confirmed by the printed In13/ZrO2 selectivity of 57.3 % at 573 K (p8 text), which sits at 57 on the right axis. TheMeCat read ZrO2 on the left axis: 23.4 -> 30.0 % at 553 K",E-value,
TheMeCat,10.1016/j.fuel.2022.125878,ZrO2,selectivity_CH3OH,19.0,26.0,0.269231,"PDF p9 Fig. 10b: the red series (ZrO2, In1/ZrO2, In13/ZrO2) use the right-hand axis (red arrow); the axis is confirmed by the printed In13/ZrO2 selectivity of 57.3 % at 573 K (p8 text), which sits at 57 on the right axis. TheMeCat read ZrO2 on the left axis: 19.0 -> 26.0 % at 573 K","TheMeCat | 10.1016/j.fuel.2022.125878 | selectivity_CH3OH | PDF p9 Fig. 10b: the red series (ZrO2, In1/ZrO2, In13/ZrO2) use the right-hand axis (red arrow); the axis is confirmed by the printed In13/ZrO2 selectivity of 57.3 % at 573 K (p8 text), which sits at 57 on the right axis. TheMeCat read ZrO2 on the left axis: 19.0 -> 26.0 % at 573 K",E-value,
TheMeCat,10.1016/j.apcatb.2017.06.069,In2O3,STY_g_per_gcath,0.3266,0.352,0.0721591,"SI Table S1 (p2): In2O3 this work, 300 C, 5.0 MPa, 21000 cm3 h-1 gcat-1: STY 0.352 gMeOH h-1 gcat-1 (TheMeCat 0.3266; X x S x F gives 0.350)","TheMeCat | 10.1016/j.apcatb.2017.06.069 | STY_g_per_gcath | SI Table S1 (p2): In2O3 this work, 300 C, 5.0 MPa, 21000 cm3 h-1 gcat-1: STY 0.352 gMeOH h-1 gcat-1 (TheMeCat 0.3266; X x S x F gives 0.350)",E-value,
TheMeCat,10.1016/j.apcatb.2017.06.069,Pd-I/In2O3,STY_g_per_gcath,0.7484,0.814,0.0805897,"SI Table S2 (p3): Pd-I/In2O3 this work, 300 C: STY 0.814 gMeOH h-1 gcat-1 (TheMeCat 0.7484)","TheMeCat | 10.1016/j.apcatb.2017.06.069 | STY_g_per_gcath | SI Table S2 (p3): Pd-I/In2O3 this work, 300 C: STY 0.814 gMeOH h-1 gcat-1 (TheMeCat 0.7484)",E-value,
TheMeCat,10.1126/sciadv.1701290,13%ZnO-ZrO2 ,STY_g_per_gcath,0.2364,0.248,0.0467742,"SI table S2 (p8): STY(CH3OH) 248 mg/(g h) at 300 C, 2 MPa, 24000 mL/(g h) (TheMeCat 0.2364; X x S x F matches the printed value)","TheMeCat | 10.1126/sciadv.1701290 | STY_g_per_gcath | SI table S2 (p8): STY(CH3OH) 248 mg/(g h) at 300 C, 2 MPa, 24000 mL/(g h) (TheMeCat 0.2364; X x S x F matches the printed value)",E-value,
TheMeCat,10.1126/sciadv.1701290,13%ZnO/ZrO2 ,STY_g_per_gcath,0.0783,0.082,0.045122,"SI table S2 (p8): STY(CH3OH) 82 mg/(g h) at 300 C, 2 MPa, 24000 mL/(g h) (TheMeCat 0.0783; X x S x F matches the printed value)","TheMeCat | 10.1126/sciadv.1701290 | STY_g_per_gcath | SI table S2 (p8): STY(CH3OH) 82 mg/(g h) at 300 C, 2 MPa, 24000 mL/(g h) (TheMeCat 0.0783; X x S x F matches the printed value)",E-value,
TheMeCat,10.1126/sciadv.1701290,ZnO+ZrO2(13:87) ,STY_g_per_gcath,0.032,0.033,0.030303,"SI table S2 (p8): STY(CH3OH) 33 mg/(g h) at 300 C, 2 MPa, 24000 mL/(g h) (TheMeCat 0.032; X x S x F matches the printed value)","TheMeCat | 10.1126/sciadv.1701290 | STY_g_per_gcath | SI table S2 (p8): STY(CH3OH) 33 mg/(g h) at 300 C, 2 MPa, 24000 mL/(g h) (TheMeCat 0.032; X x S x F matches the printed value)",E-value,
TheMeCat,10.1126/sciadv.1701290,ZnO+ZrO2-500-3h ,STY_g_per_gcath,0.0468,0.05,0.064,"SI table S2 (p8): STY(CH3OH) 50 mg/(g h) at 300 C, 2 MPa, 24000 mL/(g h) (TheMeCat 0.0468; X x S x F matches the printed value)","TheMeCat | 10.1126/sciadv.1701290 | STY_g_per_gcath | SI table S2 (p8): STY(CH3OH) 50 mg/(g h) at 300 C, 2 MPa, 24000 mL/(g h) (TheMeCat 0.0468; X x S x F matches the printed value)",E-value,
TheMeCat,10.1126/sciadv.1701290,ZnO+ZrO2-500-24h,STY_g_per_gcath,0.0635,0.068,0.0661765,"SI table S2 (p8): STY(CH3OH) 68 mg/(g h) at 300 C, 2 MPa, 24000 mL/(g h) (TheMeCat 0.0635; X x S x F matches the printed value)","TheMeCat | 10.1126/sciadv.1701290 | STY_g_per_gcath | SI table S2 (p8): STY(CH3OH) 68 mg/(g h) at 300 C, 2 MPa, 24000 mL/(g h) (TheMeCat 0.0635; X x S x F matches the printed value)",E-value,
TheMeCat,10.1016/j.cattod.2020.05.049,Pd-Cu/TiO2-C ,STY_g_per_gcath,0.0274,0.0323,0.151703,PDF p4 Table 1: Pd-Cu/TiO2-C CH3OH formation rate 0.28 umol gcat-1 s-1 (= 0.0323 g gcat-1 h-1); TheMeCat 0.0274 is recomputed from X x S x F,TheMeCat | 10.1016/j.cattod.2020.05.049 | STY_g_per_gcath | PDF p4 Table 1: Pd-Cu/TiO2-C CH3OH formation rate 0.28 umol gcat-1 s-1 (= 0.0323 g gcat-1 h-1); TheMeCat 0.0274 is recomputed from X x S x F,C-convention,
TheMeCat,10.1016/j.cattod.2020.05.049,Pd-Cu/Ti0.8Ce0.2O2 ,STY_g_per_gcath,0.041,0.04729,0.133009,PDF p4 Table 1: Pd-Cu/Ti0.8Ce0.2O2 CH3OH formation rate 0.41 umol gcat-1 s-1 (= 0.0473 g gcat-1 h-1); TheMeCat 0.041 is recomputed from X x S x F,TheMeCat | 10.1016/j.cattod.2020.05.049 | STY_g_per_gcath | PDF p4 Table 1: Pd-Cu/Ti0.8Ce0.2O2 CH3OH formation rate 0.41 umol gcat-1 s-1 (= 0.0473 g gcat-1 h-1); TheMeCat 0.041 is recomputed from X x S x F,C-convention,
TheMeCat,10.1016/j.cattod.2020.05.049,Pd-Cu/Ti0.2Ce0.8O2,STY_g_per_gcath,0.0325,0.04153,0.217433,PDF p4 Table 1: Pd-Cu/Ti0.2Ce0.8O2 CH3OH formation rate 0.36 umol gcat-1 s-1 (= 0.0415 g gcat-1 h-1); TheMeCat 0.0325 is recomputed from X x S x F,TheMeCat | 10.1016/j.cattod.2020.05.049 | STY_g_per_gcath | PDF p4 Table 1: Pd-Cu/Ti0.2Ce0.8O2 CH3OH formation rate 0.36 umol gcat-1 s-1 (= 0.0415 g gcat-1 h-1); TheMeCat 0.0325 is recomputed from X x S x F,C-convention,
TheMeCat,10.1016/j.cattod.2020.05.049,Pd-Cu/CeO2-C,STY_g_per_gcath,0.024,0.02999,0.199733,PDF p4 Table 1: Pd-Cu/CeO2-C CH3OH formation rate 0.26 umol gcat-1 s-1 (= 0.0300 g gcat-1 h-1); TheMeCat 0.024 is recomputed from X x S x F,TheMeCat | 10.1016/j.cattod.2020.05.049 | STY_g_per_gcath | PDF p4 Table 1: Pd-Cu/CeO2-C CH3OH formation rate 0.26 umol gcat-1 s-1 (= 0.0300 g gcat-1 h-1); TheMeCat 0.024 is recomputed from X x S x F,C-convention,
TheMeCat,10.1016/j.cattod.2020.05.049,Pd-Cu/Ti0.8Zr0.2O2,STY_g_per_gcath,0.0498,0.05883,0.153493,PDF p4 Table 1: Pd-Cu/Ti0.8Zr0.2O2 CH3OH formation rate 0.51 umol gcat-1 s-1 (= 0.0588 g gcat-1 h-1); TheMeCat 0.0498 is recomputed from X x S x F,TheMeCat | 10.1016/j.cattod.2020.05.049 | STY_g_per_gcath | PDF p4 Table 1: Pd-Cu/Ti0.8Zr0.2O2 CH3OH formation rate 0.51 umol gcat-1 s-1 (= 0.0588 g gcat-1 h-1); TheMeCat 0.0498 is recomputed from X x S x F,C-convention,
TheMeCat,10.1016/j.cattod.2020.05.049,Pd-Cu/Ti0.5Zr0.5O2,STY_g_per_gcath,0.0486,0.06114,0.205103,PDF p4 Table 1: Pd-Cu/Ti0.5Zr0.5O2 CH3OH formation rate 0.53 umol gcat-1 s-1 (= 0.0611 g gcat-1 h-1); TheMeCat 0.0486 is recomputed from X x S x F,TheMeCat | 10.1016/j.cattod.2020.05.049 | STY_g_per_gcath | PDF p4 Table 1: Pd-Cu/Ti0.5Zr0.5O2 CH3OH formation rate 0.53 umol gcat-1 s-1 (= 0.0611 g gcat-1 h-1); TheMeCat 0.0486 is recomputed from X x S x F,C-convention,
TheMeCat,10.1016/j.cattod.2020.05.049,Pd-Cu/Ti0.3Zr0.7O2,STY_g_per_gcath,0.0486,0.05652,0.140127,PDF p4 Table 1: Pd-Cu/Ti0.3Zr0.7O2 CH3OH formation rate 0.49 umol gcat-1 s-1 (= 0.0565 g gcat-1 h-1); TheMeCat 0.0486 is recomputed from X x S x F,TheMeCat | 10.1016/j.cattod.2020.05.049 | STY_g_per_gcath | PDF p4 Table 1: Pd-Cu/Ti0.3Zr0.7O2 CH3OH formation rate 0.49 umol gcat-1 s-1 (= 0.0565 g gcat-1 h-1); TheMeCat 0.0486 is recomputed from X x S x F,C-convention,
TheMeCat,10.1016/j.cattod.2020.05.049,Pd-Cu/Ti0.2Zr0.8O2 ,STY_g_per_gcath,0.0498,0.0646,0.229102,PDF p4 Table 1: Pd-Cu/Ti0.2Zr0.8O2 CH3OH formation rate 0.56 umol gcat-1 s-1 (= 0.0646 g gcat-1 h-1); TheMeCat 0.0498 is recomputed from X x S x F,TheMeCat | 10.1016/j.cattod.2020.05.049 | STY_g_per_gcath | PDF p4 Table 1: Pd-Cu/Ti0.2Zr0.8O2 CH3OH formation rate 0.56 umol gcat-1 s-1 (= 0.0646 g gcat-1 h-1); TheMeCat 0.0498 is recomputed from X x S x F,C-convention,
TheMeCat,10.1016/j.cattod.2020.05.049,Pd-Cu/Ti0.1Zr0.9O2 ,STY_g_per_gcath,0.0549,0.07152,0.232383,PDF p4 Table 1: Pd-Cu/Ti0.1Zr0.9O2 CH3OH formation rate 0.62 umol gcat-1 s-1 (= 0.0715 g gcat-1 h-1); TheMeCat 0.0549 is recomputed from X x S x F,TheMeCat | 10.1016/j.cattod.2020.05.049 | STY_g_per_gcath | PDF p4 Table 1: Pd-Cu/Ti0.1Zr0.9O2 CH3OH formation rate 0.62 umol gcat-1 s-1 (= 0.0715 g gcat-1 h-1); TheMeCat 0.0549 is recomputed from X x S x F,C-convention,
TheMeCat,10.1016/j.cattod.2020.05.049,Pd-Cu/ZrO2-C ,STY_g_per_gcath,0.0353,0.04729,0.253542,PDF p4 Table 1: Pd-Cu/ZrO2-C CH3OH formation rate 0.41 umol gcat-1 s-1 (= 0.0473 g gcat-1 h-1); TheMeCat 0.0353 is recomputed from X x S x F,TheMeCat | 10.1016/j.cattod.2020.05.049 | STY_g_per_gcath | PDF p4 Table 1: Pd-Cu/ZrO2-C CH3OH formation rate 0.41 umol gcat-1 s-1 (= 0.0473 g gcat-1 h-1); TheMeCat 0.0353 is recomputed from X x S x F,C-convention,
TheMeCat,10.1016/j.jcou.2016.11.015,CZA-1,STY_g_per_gcath,0.0182,0.0198,0.0808081,PDF p7 Table 4: CZA-1 at 493 K CH3OH yield 19.8 g kgcat-1 h-1; TheMeCat is recomputed from X x S x F,TheMeCat | 10.1016/j.jcou.2016.11.015 | STY_g_per_gcath | PDF p7 Table 4: CZA-1 at 493 K CH3OH yield 19.8 g kgcat-1 h-1; TheMeCat is recomputed from X x S x F,C-convention,
TheMeCat,10.1016/j.jcou.2016.11.015,CZA-2,STY_g_per_gcath,0.0322,0.0349,0.0773639,PDF p7 Table 4: CZA-2 at 493 K CH3OH yield 34.9 g kgcat-1 h-1; TheMeCat is recomputed from X x S x F,TheMeCat | 10.1016/j.jcou.2016.11.015 | STY_g_per_gcath | PDF p7 Table 4: CZA-2 at 493 K CH3OH yield 34.9 g kgcat-1 h-1; TheMeCat is recomputed from X x S x F,C-convention,
TheMeCat,10.1016/j.jcou.2016.11.015,CZA-3,STY_g_per_gcath,0.0362,0.0393,0.0788804,PDF p7 Table 4: CZA-3 at 493 K CH3OH yield 39.3 g kgcat-1 h-1; TheMeCat is recomputed from X x S x F,TheMeCat | 10.1016/j.jcou.2016.11.015 | STY_g_per_gcath | PDF p7 Table 4: CZA-3 at 493 K CH3OH yield 39.3 g kgcat-1 h-1; TheMeCat is recomputed from X x S x F,C-convention,
TheMeCat,10.1016/j.jcou.2016.11.015,CZA-4,STY_g_per_gcath,0.043,0.0468,0.0811966,PDF p7 Table 4: CZA-4 at 493 K CH3OH yield 46.8 g kgcat-1 h-1; TheMeCat is recomputed from X x S x F,TheMeCat | 10.1016/j.jcou.2016.11.015 | STY_g_per_gcath | PDF p7 Table 4: CZA-4 at 493 K CH3OH yield 46.8 g kgcat-1 h-1; TheMeCat is recomputed from X x S x F,C-convention,
TheMeCat,10.1016/j.jcou.2016.11.015,CZA-1,STY_g_per_gcath,0.023,0.0252,0.0873016,PDF p7 Table 4: CZA-1 at 513 K CH3OH yield 25.2 g kgcat-1 h-1; TheMeCat is recomputed from X x S x F,TheMeCat | 10.1016/j.jcou.2016.11.015 | STY_g_per_gcath | PDF p7 Table 4: CZA-1 at 513 K CH3OH yield 25.2 g kgcat-1 h-1; TheMeCat is recomputed from X x S x F,C-convention,
TheMeCat,10.1016/j.jcou.2016.11.015,CZA-2,STY_g_per_gcath,0.0389,0.0424,0.0825472,PDF p7 Table 4: CZA-2 at 513 K CH3OH yield 42.4 g kgcat-1 h-1; TheMeCat is recomputed from X x S x F,TheMeCat | 10.1016/j.jcou.2016.11.015 | STY_g_per_gcath | PDF p7 Table 4: CZA-2 at 513 K CH3OH yield 42.4 g kgcat-1 h-1; TheMeCat is recomputed from X x S x F,C-convention,
TheMeCat,10.1016/j.jcou.2016.11.015,CZA-3,STY_g_per_gcath,0.0459,0.05,0.082,PDF p7 Table 4: CZA-3 at 513 K CH3OH yield 50.0 g kgcat-1 h-1; TheMeCat is recomputed from X x S x F,TheMeCat | 10.1016/j.jcou.2016.11.015 | STY_g_per_gcath | PDF p7 Table 4: CZA-3 at 513 K CH3OH yield 50.0 g kgcat-1 h-1; TheMeCat is recomputed from X x S x F,C-convention,
TheMeCat,10.1016/j.jcou.2016.11.015,CZA-4,STY_g_per_gcath,0.0503,0.0548,0.0821168,PDF p7 Table 4: CZA-4 at 513 K CH3OH yield 54.8 g kgcat-1 h-1; TheMeCat is recomputed from X x S x F,TheMeCat | 10.1016/j.jcou.2016.11.015 | STY_g_per_gcath | PDF p7 Table 4: CZA-4 at 513 K CH3OH yield 54.8 g kgcat-1 h-1; TheMeCat is recomputed from X x S x F,C-convention,
Suvarna 2022,10.1039/c4cy00848k,Cu 13.79 wt% /ZnO,pressure_bar,70.0,7.0,0.9,PDF p1 abstract and p4 Experimental: 'a pressure of 7 bar'; Suvarna stores 7.0 MPa,Suvarna 2022 | 10.1039/c4cy00848k | pressure_bar | PDF p1 abstract and p4 Experimental: 'a pressure of 7 bar'; Suvarna stores 7.0 MPa,E-unit,
Suvarna 2022,10.1039/c4cy00848k,Cu 7.54 wt% /ZnO,pressure_bar,70.0,7.0,0.9,PDF p1 abstract and p4 Experimental: 'a pressure of 7 bar'; Suvarna stores 7.0 MPa,Suvarna 2022 | 10.1039/c4cy00848k | pressure_bar | PDF p1 abstract and p4 Experimental: 'a pressure of 7 bar'; Suvarna stores 7.0 MPa,E-unit,
Suvarna 2022,10.1039/c4cy00848k,Cu 4.74 wt% /ZnO,pressure_bar,70.0,7.0,0.9,PDF p1 abstract and p4 Experimental: 'a pressure of 7 bar'; Suvarna stores 7.0 MPa,Suvarna 2022 | 10.1039/c4cy00848k | pressure_bar | PDF p1 abstract and p4 Experimental: 'a pressure of 7 bar'; Suvarna stores 7.0 MPa,E-unit,
Suvarna 2022,10.1039/c4cy00848k,Cu 13.79 wt% /ZnO,pressure_bar,70.0,7.0,0.9,PDF p1 abstract and p4 Experimental: 'a pressure of 7 bar'; Suvarna stores 7.0 MPa,Suvarna 2022 | 10.1039/c4cy00848k | pressure_bar | PDF p1 abstract and p4 Experimental: 'a pressure of 7 bar'; Suvarna stores 7.0 MPa,E-unit,
Suvarna 2022,10.1039/c4cy00848k,Cu 2.76 wt% /ZnO,pressure_bar,70.0,7.0,0.9,PDF p1 abstract and p4 Experimental: 'a pressure of 7 bar'; Suvarna stores 7.0 MPa,Suvarna 2022 | 10.1039/c4cy00848k | pressure_bar | PDF p1 abstract and p4 Experimental: 'a pressure of 7 bar'; Suvarna stores 7.0 MPa,E-unit,
Suvarna 2022,10.1039/c4cy00848k,Cu 7.54 wt% /ZnO,pressure_bar,70.0,7.0,0.9,PDF p1 abstract and p4 Experimental: 'a pressure of 7 bar'; Suvarna stores 7.0 MPa,Suvarna 2022 | 10.1039/c4cy00848k | pressure_bar | PDF p1 abstract and p4 Experimental: 'a pressure of 7 bar'; Suvarna stores 7.0 MPa,E-unit,
Suvarna 2022,10.1039/c4cy00848k,Cu 0.5 wt% /ZnO,pressure_bar,70.0,7.0,0.9,PDF p1 abstract and p4 Experimental: 'a pressure of 7 bar'; Suvarna stores 7.0 MPa,Suvarna 2022 | 10.1039/c4cy00848k | pressure_bar | PDF p1 abstract and p4 Experimental: 'a pressure of 7 bar'; Suvarna stores 7.0 MPa,E-unit,
Suvarna 2022,10.1039/c4cy00848k,Cu 13.79 wt% /ZnO,pressure_bar,70.0,7.0,0.9,PDF p1 abstract and p4 Experimental: 'a pressure of 7 bar'; Suvarna stores 7.0 MPa,Suvarna 2022 | 10.1039/c4cy00848k | pressure_bar | PDF p1 abstract and p4 Experimental: 'a pressure of 7 bar'; Suvarna stores 7.0 MPa,E-unit,
Suvarna 2022,10.1039/c4cy00848k,Cu 4.74 wt% /ZnO,pressure_bar,70.0,7.0,0.9,PDF p1 abstract and p4 Experimental: 'a pressure of 7 bar'; Suvarna stores 7.0 MPa,Suvarna 2022 | 10.1039/c4cy00848k | pressure_bar | PDF p1 abstract and p4 Experimental: 'a pressure of 7 bar'; Suvarna stores 7.0 MPa,E-unit,
Suvarna 2022,10.1039/c4cy00848k,Cu 13.79 wt% /ZnO,pressure_bar,70.0,7.0,0.9,PDF p1 abstract and p4 Experimental: 'a pressure of 7 bar'; Suvarna stores 7.0 MPa,Suvarna 2022 | 10.1039/c4cy00848k | pressure_bar | PDF p1 abstract and p4 Experimental: 'a pressure of 7 bar'; Suvarna stores 7.0 MPa,E-unit,
Suvarna 2022,10.1039/c4cy00848k,Cu 2.76 wt% /ZnO,pressure_bar,70.0,7.0,0.9,PDF p1 abstract and p4 Experimental: 'a pressure of 7 bar'; Suvarna stores 7.0 MPa,Suvarna 2022 | 10.1039/c4cy00848k | pressure_bar | PDF p1 abstract and p4 Experimental: 'a pressure of 7 bar'; Suvarna stores 7.0 MPa,E-unit,
Suvarna 2022,10.1039/c4cy00848k,Cu 7.54 wt% /ZnO,pressure_bar,70.0,7.0,0.9,PDF p1 abstract and p4 Experimental: 'a pressure of 7 bar'; Suvarna stores 7.0 MPa,Suvarna 2022 | 10.1039/c4cy00848k | pressure_bar | PDF p1 abstract and p4 Experimental: 'a pressure of 7 bar'; Suvarna stores 7.0 MPa,E-unit,
Suvarna 2022,10.1039/c4cy00848k,Cu 7.54 wt% /ZnO,pressure_bar,70.0,7.0,0.9,PDF p1 abstract and p4 Experimental: 'a pressure of 7 bar'; Suvarna stores 7.0 MPa,Suvarna 2022 | 10.1039/c4cy00848k | pressure_bar | PDF p1 abstract and p4 Experimental: 'a pressure of 7 bar'; Suvarna stores 7.0 MPa,E-unit,
Suvarna 2022,10.1039/c4cy00848k,Cu 4.74 wt% /ZnO,pressure_bar,70.0,7.0,0.9,PDF p1 abstract and p4 Experimental: 'a pressure of 7 bar'; Suvarna stores 7.0 MPa,Suvarna 2022 | 10.1039/c4cy00848k | pressure_bar | PDF p1 abstract and p4 Experimental: 'a pressure of 7 bar'; Suvarna stores 7.0 MPa,E-unit,
Suvarna 2022,10.1039/c4cy00848k,Cu 4.74 wt% /ZnO,pressure_bar,70.0,7.0,0.9,PDF p1 abstract and p4 Experimental: 'a pressure of 7 bar'; Suvarna stores 7.0 MPa,Suvarna 2022 | 10.1039/c4cy00848k | pressure_bar | PDF p1 abstract and p4 Experimental: 'a pressure of 7 bar'; Suvarna stores 7.0 MPa,E-unit,
Suvarna 2022,10.1039/c4cy00848k,Cu 0.5 wt% /ZnO,pressure_bar,70.0,7.0,0.9,PDF p1 abstract and p4 Experimental: 'a pressure of 7 bar'; Suvarna stores 7.0 MPa,Suvarna 2022 | 10.1039/c4cy00848k | pressure_bar | PDF p1 abstract and p4 Experimental: 'a pressure of 7 bar'; Suvarna stores 7.0 MPa,E-unit,
Suvarna 2022,10.1039/c4cy00848k,Cu 2.76 wt% /ZnO,pressure_bar,70.0,7.0,0.9,PDF p1 abstract and p4 Experimental: 'a pressure of 7 bar'; Suvarna stores 7.0 MPa,Suvarna 2022 | 10.1039/c4cy00848k | pressure_bar | PDF p1 abstract and p4 Experimental: 'a pressure of 7 bar'; Suvarna stores 7.0 MPa,E-unit,
Suvarna 2022,10.1039/c4cy00848k,Cu 2.76 wt% /ZnO,pressure_bar,70.0,7.0,0.9,PDF p1 abstract and p4 Experimental: 'a pressure of 7 bar'; Suvarna stores 7.0 MPa,Suvarna 2022 | 10.1039/c4cy00848k | pressure_bar | PDF p1 abstract and p4 Experimental: 'a pressure of 7 bar'; Suvarna stores 7.0 MPa,E-unit,
Suvarna 2022,10.1039/c4cy00848k,Cu 0.5 wt% /ZnO,pressure_bar,70.0,7.0,0.9,PDF p1 abstract and p4 Experimental: 'a pressure of 7 bar'; Suvarna stores 7.0 MPa,Suvarna 2022 | 10.1039/c4cy00848k | pressure_bar | PDF p1 abstract and p4 Experimental: 'a pressure of 7 bar'; Suvarna stores 7.0 MPa,E-unit,
Suvarna 2022,10.1039/c4cy00848k,Cu 0.5 wt% /ZnO,pressure_bar,70.0,7.0,0.9,PDF p1 abstract and p4 Experimental: 'a pressure of 7 bar'; Suvarna stores 7.0 MPa,Suvarna 2022 | 10.1039/c4cy00848k | pressure_bar | PDF p1 abstract and p4 Experimental: 'a pressure of 7 bar'; Suvarna stores 7.0 MPa,E-unit,
Suvarna 2022,10.1039/c4cy00848k,Cu 13.79 wt% /ZnO,temperature_k,473.0,498.0,0.0502008,PDF p6 Fig. 3a (2000 L kg-1 h-1): Cu(15)ZnO methanol rate 0.075 umol g-1 s-1 at 225 C; Suvarna lists this rate (8.66 mg g-1 h-1) at 473 K. Every 2000 L kg-1 h-1 row is one temperature step low,Suvarna 2022 | 10.1039/c4cy00848k | temperature_k | PDF p6 Fig. 3a (2000 L kg-1 h-1): Cu(15)ZnO methanol rate 0.075 umol g-1 s-1 at 225 C; Suvarna lists this rate (8.66 mg g-1 h-1) at 473 K. Every 2000 L kg-1 h-1 row is one temperature step low,E-assignment,
Suvarna 2022,10.1039/c4cy00848k,Cu 7.54 wt% /ZnO,temperature_k,473.0,498.0,0.0502008,PDF p6 Fig. 3a (2000 L kg-1 h-1): Cu(15)ZnO methanol rate 0.075 umol g-1 s-1 at 225 C; Suvarna lists this rate (8.66 mg g-1 h-1) at 473 K. Every 2000 L kg-1 h-1 row is one temperature step low,Suvarna 2022 | 10.1039/c4cy00848k | temperature_k | PDF p6 Fig. 3a (2000 L kg-1 h-1): Cu(15)ZnO methanol rate 0.075 umol g-1 s-1 at 225 C; Suvarna lists this rate (8.66 mg g-1 h-1) at 473 K. Every 2000 L kg-1 h-1 row is one temperature step low,E-assignment,
Suvarna 2022,10.1039/c4cy00848k,Cu 4.74 wt% /ZnO,temperature_k,473.0,498.0,0.0502008,PDF p6 Fig. 3a (2000 L kg-1 h-1): Cu(15)ZnO methanol rate 0.075 umol g-1 s-1 at 225 C; Suvarna lists this rate (8.66 mg g-1 h-1) at 473 K. Every 2000 L kg-1 h-1 row is one temperature step low,Suvarna 2022 | 10.1039/c4cy00848k | temperature_k | PDF p6 Fig. 3a (2000 L kg-1 h-1): Cu(15)ZnO methanol rate 0.075 umol g-1 s-1 at 225 C; Suvarna lists this rate (8.66 mg g-1 h-1) at 473 K. Every 2000 L kg-1 h-1 row is one temperature step low,E-assignment,
Suvarna 2022,10.1039/c4cy00848k,Cu 2.76 wt% /ZnO,temperature_k,473.0,498.0,0.0502008,PDF p6 Fig. 3a (2000 L kg-1 h-1): Cu(15)ZnO methanol rate 0.075 umol g-1 s-1 at 225 C; Suvarna lists this rate (8.66 mg g-1 h-1) at 473 K. Every 2000 L kg-1 h-1 row is one temperature step low,Suvarna 2022 | 10.1039/c4cy00848k | temperature_k | PDF p6 Fig. 3a (2000 L kg-1 h-1): Cu(15)ZnO methanol rate 0.075 umol g-1 s-1 at 225 C; Suvarna lists this rate (8.66 mg g-1 h-1) at 473 K. Every 2000 L kg-1 h-1 row is one temperature step low,E-assignment,
Suvarna 2022,10.1039/c4cy00848k,Cu 0.5 wt% /ZnO,temperature_k,473.0,498.0,0.0502008,PDF p6 Fig. 3a (2000 L kg-1 h-1): Cu(15)ZnO methanol rate 0.075 umol g-1 s-1 at 225 C; Suvarna lists this rate (8.66 mg g-1 h-1) at 473 K. Every 2000 L kg-1 h-1 row is one temperature step low,Suvarna 2022 | 10.1039/c4cy00848k | temperature_k | PDF p6 Fig. 3a (2000 L kg-1 h-1): Cu(15)ZnO methanol rate 0.075 umol g-1 s-1 at 225 C; Suvarna lists this rate (8.66 mg g-1 h-1) at 473 K. Every 2000 L kg-1 h-1 row is one temperature step low,E-assignment,
Suvarna 2022,10.1039/c4cy00848k,Cu 13.79 wt% /ZnO,temperature_k,453.0,473.0,0.0422833,PDF p6 Fig. 3a: Cu(15)ZnO 0.046 umol g-1 s-1 at 200 C; Suvarna lists 5.28 mg g-1 h-1 (0.046) at 453 K,Suvarna 2022 | 10.1039/c4cy00848k | temperature_k | PDF p6 Fig. 3a: Cu(15)ZnO 0.046 umol g-1 s-1 at 200 C; Suvarna lists 5.28 mg g-1 h-1 (0.046) at 453 K,E-value,
Suvarna 2022,10.1039/c4cy00848k,Cu 7.54 wt% /ZnO,temperature_k,453.0,473.0,0.0422833,PDF p6 Fig. 3a: Cu(15)ZnO 0.046 umol g-1 s-1 at 200 C; Suvarna lists 5.28 mg g-1 h-1 (0.046) at 453 K,Suvarna 2022 | 10.1039/c4cy00848k | temperature_k | PDF p6 Fig. 3a: Cu(15)ZnO 0.046 umol g-1 s-1 at 200 C; Suvarna lists 5.28 mg g-1 h-1 (0.046) at 453 K,E-value,
Suvarna 2022,10.1039/c4cy00848k,Cu 4.74 wt% /ZnO,temperature_k,453.0,473.0,0.0422833,PDF p6 Fig. 3a: Cu(15)ZnO 0.046 umol g-1 s-1 at 200 C; Suvarna lists 5.28 mg g-1 h-1 (0.046) at 453 K,Suvarna 2022 | 10.1039/c4cy00848k | temperature_k | PDF p6 Fig. 3a: Cu(15)ZnO 0.046 umol g-1 s-1 at 200 C; Suvarna lists 5.28 mg g-1 h-1 (0.046) at 453 K,E-value,
Suvarna 2022,10.1039/c4cy00848k,Cu 2.76 wt% /ZnO,temperature_k,453.0,473.0,0.0422833,PDF p6 Fig. 3a: Cu(15)ZnO 0.046 umol g-1 s-1 at 200 C; Suvarna lists 5.28 mg g-1 h-1 (0.046) at 453 K,Suvarna 2022 | 10.1039/c4cy00848k | temperature_k | PDF p6 Fig. 3a: Cu(15)ZnO 0.046 umol g-1 s-1 at 200 C; Suvarna lists 5.28 mg g-1 h-1 (0.046) at 453 K,E-value,
Suvarna 2022,10.1039/c4cy00848k,Cu 0.5 wt% /ZnO,temperature_k,453.0,473.0,0.0422833,PDF p6 Fig. 3a: Cu(15)ZnO 0.046 umol g-1 s-1 at 200 C; Suvarna lists 5.28 mg g-1 h-1 (0.046) at 453 K,Suvarna 2022 | 10.1039/c4cy00848k | temperature_k | PDF p6 Fig. 3a: Cu(15)ZnO 0.046 umol g-1 s-1 at 200 C; Suvarna lists 5.28 mg g-1 h-1 (0.046) at 453 K,E-value,
Suvarna 2022,10.1039/c4cy00848k,Cu 13.79 wt% /ZnO,temperature_k,433.0,453.0,0.0441501,PDF p6 Fig. 3a: Cu(15)ZnO 0.030 umol g-1 s-1 at 180 C; Suvarna lists 3.42 mg g-1 h-1 (0.030) at 433 K,Suvarna 2022 | 10.1039/c4cy00848k | temperature_k | PDF p6 Fig. 3a: Cu(15)ZnO 0.030 umol g-1 s-1 at 180 C; Suvarna lists 3.42 mg g-1 h-1 (0.030) at 433 K,E-value,
Suvarna 2022,10.1039/c4cy00848k,Cu 7.54 wt% /ZnO,temperature_k,433.0,453.0,0.0441501,PDF p6 Fig. 3a: Cu(15)ZnO 0.030 umol g-1 s-1 at 180 C; Suvarna lists 3.42 mg g-1 h-1 (0.030) at 433 K,Suvarna 2022 | 10.1039/c4cy00848k | temperature_k | PDF p6 Fig. 3a: Cu(15)ZnO 0.030 umol g-1 s-1 at 180 C; Suvarna lists 3.42 mg g-1 h-1 (0.030) at 433 K,E-value,
Suvarna 2022,10.1039/c4cy00848k,Cu 4.74 wt% /ZnO,temperature_k,433.0,453.0,0.0441501,PDF p6 Fig. 3a: Cu(15)ZnO 0.030 umol g-1 s-1 at 180 C; Suvarna lists 3.42 mg g-1 h-1 (0.030) at 433 K,Suvarna 2022 | 10.1039/c4cy00848k | temperature_k | PDF p6 Fig. 3a: Cu(15)ZnO 0.030 umol g-1 s-1 at 180 C; Suvarna lists 3.42 mg g-1 h-1 (0.030) at 433 K,E-value,
Suvarna 2022,10.1039/c4cy00848k,Cu 2.76 wt% /ZnO,temperature_k,433.0,453.0,0.0441501,PDF p6 Fig. 3a: Cu(15)ZnO 0.030 umol g-1 s-1 at 180 C; Suvarna lists 3.42 mg g-1 h-1 (0.030) at 433 K,Suvarna 2022 | 10.1039/c4cy00848k | temperature_k | PDF p6 Fig. 3a: Cu(15)ZnO 0.030 umol g-1 s-1 at 180 C; Suvarna lists 3.42 mg g-1 h-1 (0.030) at 433 K,E-value,
Suvarna 2022,10.1039/c4cy00848k,Cu 0.5 wt% /ZnO,temperature_k,433.0,453.0,0.0441501,PDF p6 Fig. 3a: Cu(15)ZnO 0.030 umol g-1 s-1 at 180 C; Suvarna lists 3.42 mg g-1 h-1 (0.030) at 433 K,Suvarna 2022 | 10.1039/c4cy00848k | temperature_k | PDF p6 Fig. 3a: Cu(15)ZnO 0.030 umol g-1 s-1 at 180 C; Suvarna lists 3.42 mg g-1 h-1 (0.030) at 433 K,E-value,
Suvarna 2022,10.1021/acsami.1c05586,Cu 4.6 wt% /CeO2 +In 0.92 wt%,(row dropped),,,,PDF p7 Table 6 and Figure 7: tests at 190-290 C in 20 C steps (463-563 K); 533 K and 573 K were not tested,Suvarna 2022 | 10.1021/acsami.1c05586 | (row dropped) | PDF p7 Table 6 and Figure 7: tests at 190-290 C in 20 C steps (463-563 K); 533 K and 573 K were not tested,E-assignment,
Suvarna 2022,10.1021/acsami.1c05586,Cu 4.6 wt% /CeO2 +In 0.92 wt%,(row dropped),,,,PDF p7 Table 6 and Figure 7: tests at 190-290 C in 20 C steps (463-563 K); 533 K and 573 K were not tested,Suvarna 2022 | 10.1021/acsami.1c05586 | (row dropped) | PDF p7 Table 6 and Figure 7: tests at 190-290 C in 20 C steps (463-563 K); 533 K and 573 K were not tested,E-assignment,
Suvarna 2022,10.1021/acsami.1c05586,Cu 4.7 wt% /CeO2 +In 1.7 wt%,(row dropped),,,,PDF p7 Table 6 and Figure 7: tests at 190-290 C in 20 C steps (463-563 K); 533 K and 573 K were not tested,Suvarna 2022 | 10.1021/acsami.1c05586 | (row dropped) | PDF p7 Table 6 and Figure 7: tests at 190-290 C in 20 C steps (463-563 K); 533 K and 573 K were not tested,E-assignment,
Suvarna 2022,10.1021/acsami.1c05586,Cu 4.7 wt% /CeO2 +In 1.7 wt%,(row dropped),,,,PDF p7 Table 6 and Figure 7: tests at 190-290 C in 20 C steps (463-563 K); 533 K and 573 K were not tested,Suvarna 2022 | 10.1021/acsami.1c05586 | (row dropped) | PDF p7 Table 6 and Figure 7: tests at 190-290 C in 20 C steps (463-563 K); 533 K and 573 K were not tested,E-assignment,
Suvarna 2022,10.1021/acsami.1c05586,Cu 4.7 wt% /CeO2 +In 0.46 wt%,(row dropped),,,,PDF p7 Table 6 and Figure 7: tests at 190-290 C in 20 C steps (463-563 K); 533 K and 573 K were not tested,Suvarna 2022 | 10.1021/acsami.1c05586 | (row dropped) | PDF p7 Table 6 and Figure 7: tests at 190-290 C in 20 C steps (463-563 K); 533 K and 573 K were not tested,E-assignment,
Suvarna 2022,10.1021/acsami.1c05586,Cu 4.7 wt% /CeO2 +In 0.46 wt%,(row dropped),,,,PDF p7 Table 6 and Figure 7: tests at 190-290 C in 20 C steps (463-563 K); 533 K and 573 K were not tested,Suvarna 2022 | 10.1021/acsami.1c05586 | (row dropped) | PDF p7 Table 6 and Figure 7: tests at 190-290 C in 20 C steps (463-563 K); 533 K and 573 K were not tested,E-assignment,
Suvarna 2022,10.1021/acsami.1c05586,Cu 4.8 wt% /CeO2,(row dropped),,,,PDF p7 Table 6 and Figure 7: tests at 190-290 C in 20 C steps (463-563 K); 533 K and 573 K were not tested,Suvarna 2022 | 10.1021/acsami.1c05586 | (row dropped) | PDF p7 Table 6 and Figure 7: tests at 190-290 C in 20 C steps (463-563 K); 533 K and 573 K were not tested,E-assignment,
Suvarna 2022,10.1021/acsami.1c05586,Cu 4.8 wt% /CeO2,(row dropped),,,,PDF p7 Table 6 and Figure 7: tests at 190-290 C in 20 C steps (463-563 K); 533 K and 573 K were not tested,Suvarna 2022 | 10.1021/acsami.1c05586 | (row dropped) | PDF p7 Table 6 and Figure 7: tests at 190-290 C in 20 C steps (463-563 K); 533 K and 573 K were not tested,E-assignment,
Suvarna 2022,10.1021/acsami.1c05586,Cu 4.8 wt% /CeO2,STY_g_per_gcath,0.16578772717717408,,,"Paper internally inconsistent, STY not scored: PDF p7 Table 6 and Fig. 7D give the rate per g Cu, the text below Table 6 gives the same numbers per g catalyst, and neither matches X x S x F. Suvarna follows the text (x 32.04 g/mol), the extraction the table","Suvarna 2022 | 10.1021/acsami.1c05586 | STY_g_per_gcath | Paper internally inconsistent, STY not scored: PDF p7 Table 6 and Fig. 7D give the rate per g Cu, the text below Table 6 gives the same numbers per g catalyst, and neither matches X x S x F. Suvarna follows the text (x 32.04 g/mol), the extraction the table",C-convention,
Suvarna 2022,10.1021/acsami.1c05586,Cu 4.7 wt% /CeO2 +In 1.7 wt%,STY_g_per_gcath,0.2836124035392816,,,"Paper internally inconsistent, STY not scored: PDF p7 Table 6 and Fig. 7D give the rate per g Cu, the text below Table 6 gives the same numbers per g catalyst, and neither matches X x S x F. Suvarna follows the text (x 32.04 g/mol), the extraction the table","Suvarna 2022 | 10.1021/acsami.1c05586 | STY_g_per_gcath | Paper internally inconsistent, STY not scored: PDF p7 Table 6 and Fig. 7D give the rate per g Cu, the text below Table 6 gives the same numbers per g catalyst, and neither matches X x S x F. Suvarna follows the text (x 32.04 g/mol), the extraction the table",C-convention,
Suvarna 2022,10.1021/acsami.1c05586,Cu 4.6 wt% /CeO2 +In 0.92 wt%,STY_g_per_gcath,0.534955583159744,,,"Paper internally inconsistent, STY not scored: PDF p7 Table 6 and Fig. 7D give the rate per g Cu, the text below Table 6 gives the same numbers per g catalyst, and neither matches X x S x F. Suvarna follows the text (x 32.04 g/mol), the extraction the table","Suvarna 2022 | 10.1021/acsami.1c05586 | STY_g_per_gcath | Paper internally inconsistent, STY not scored: PDF p7 Table 6 and Fig. 7D give the rate per g Cu, the text below Table 6 gives the same numbers per g catalyst, and neither matches X x S x F. Suvarna follows the text (x 32.04 g/mol), the extraction the table",C-convention,
Suvarna 2022,10.1021/acsami.1c05586,Cu 4.7 wt% /CeO2 +In 0.46 wt%,STY_g_per_gcath,0.24205877042444607,,,"Paper internally inconsistent, STY not scored: PDF p7 Table 6 and Fig. 7D give the rate per g Cu, the text below Table 6 gives the same numbers per g catalyst, and neither matches X x S x F. Suvarna follows the text (x 32.04 g/mol), the extraction the table","Suvarna 2022 | 10.1021/acsami.1c05586 | STY_g_per_gcath | Paper internally inconsistent, STY not scored: PDF p7 Table 6 and Fig. 7D give the rate per g Cu, the text below Table 6 gives the same numbers per g catalyst, and neither matches X x S x F. Suvarna follows the text (x 32.04 g/mol), the extraction the table",C-convention,
Suvarna 2022,10.1021/acscatal.0c05628,In2O3 99 wt% +Ir 1.01 wt%,catalyst_name,In2O3 99 wt% +Ir 1.01 wt%,In2O3 100 wt%,,SI p2 comparison table (this work rows) and main text 3.1: 0.326 gMeOH h-1 gcat-1 at 300 C is pristine In2O3 (Ir/In2O3-1 gives 0.512); Suvarna labels it Ir/In2O3-1 (Ir 1.01 wt%),Suvarna 2022 | 10.1021/acscatal.0c05628 | catalyst_name | SI p2 comparison table (this work rows) and main text 3.1: 0.326 gMeOH h-1 gcat-1 at 300 C is pristine In2O3 (Ir/In2O3-1 gives 0.512); Suvarna labels it Ir/In2O3-1 (Ir 1.01 wt%),E-assignment,
Suvarna 2022,10.1021/acscatal.0c05628,In2O3 94.3 wt% +Ir 10.8 wt%,catalyst_name,In2O3 94.3 wt% +Ir 10.8 wt%,In2O3 94.3 wt% +Ir 5.67 wt%,,Main text 3.1 / Figure 1: 0.608 gMeOH h-1 gcat-1 at 300 C is Ir/In2O3-5; Suvarna gives this row In2O3 94.3 wt% with Ir 10.8 wt%,Suvarna 2022 | 10.1021/acscatal.0c05628 | catalyst_name | Main text 3.1 / Figure 1: 0.608 gMeOH h-1 gcat-1 at 300 C is Ir/In2O3-5; Suvarna gives this row In2O3 94.3 wt% with Ir 10.8 wt%,E-assignment,
Suvarna 2022,10.1021/acsomega.8b00211,In2O3 7.98 wt% /ZrO2 +Ni 5.65 wt%,catalyst_name,In2O3 7.98 wt% /ZrO2 +Ni 5.65 wt%,In2O3 7.98 wt% /ZrO2 +Ni 5.65 wt% +Sn 10 wt%,,PDF p5-6: 5Ni/10InZrO2 shows no observable methanol (99 % CH4); 0.093 umol gcat-1 s-1 (= 10.7 mg g-1 h-1) is 5Ni10Sn/10InZrO2. Suvarna gives the Sn-free composition,Suvarna 2022 | 10.1021/acsomega.8b00211 | catalyst_name | PDF p5-6: 5Ni/10InZrO2 shows no observable methanol (99 % CH4); 0.093 umol gcat-1 s-1 (= 10.7 mg g-1 h-1) is 5Ni10Sn/10InZrO2. Suvarna gives the Sn-free composition,E-assignment,
Humphreys 2021 review,,,catalyst_as_printed,Ru/TiH2,TiH2 (Ru-free),,"ref. 104, Results: the 2.8 mmol g-1 h-1 are measured on commercial TiH2 without Ru; the 0.9 wt% Ru catalyst of that paper is Ru/BaTiO3 (4.1 mmol g-1 h-1)",Humphreys | p11 row 6 | Ru-free row,E-assignment,
Humphreys 2021 review,,,active_metals,Ru,none,,"ref. 104, Results: TiH2 alone; Ru-free, so the row leaves the Ru set",Humphreys | p11 row 6 | Ru-free row,E-assignment,
Humphreys 2021 review,,,metal_content_wt_pct,0.9,none,,"ref. 104, Results: no Ru in TiH2; the 0.9 wt% belongs to Ru/BaTiO3",Humphreys | p11 row 6 | Ru-free row,E-assignment,
Humphreys 2021 review,,,catalyst_as_printed,Ru/BaTiO2.5H0.5,BaTiO2.5H0.5 (Ru-free),,"ref. 104, Results: the 1.4 mmol g-1 h-1 are measured on BaTiO2.5H0.5 without Ru",Humphreys | p11 row 7 | Ru-free row,E-assignment,
Humphreys 2021 review,,,active_metals,Ru,none,,"ref. 104, Results: BaTiO2.5H0.5 alone; Ru-free, so the row leaves the Ru set",Humphreys | p11 row 7 | Ru-free row,E-assignment,
Humphreys 2021 review,,,metal_content_wt_pct,0.9,none,,"ref. 104, Results: no Ru in BaTiO2.5H0.5",Humphreys | p11 row 7 | Ru-free row,E-assignment,
Humphreys 2021 review,,,metal_content_wt_pct,1,0.86,0.14,"ref. 81, text p2: 'from 0.86 wt% (nominally 1 wt%)'",Humphreys | p11 row 8 | metal_content_wt_pct,E-value,
Humphreys 2021 review,,,whsv_mL_g_h,36000,66000,0.454545,"ref. 81, Experimental: 0.1 g, 110 mL min-1 (the review's Fe and Co rows of the same paper print 66000)",Humphreys | p11 row 8 | whsv_mL_g_h,E-value,
Humphreys 2021 review,,,rate_value,5700,5500,0.0350877,"ref. 81, text p2: '0.014 vs 5.5 mmol g-1 h-1'",Humphreys | p16 row 13 | rate_value,E-value,
Humphreys 2021 review,,,whsv_mL_g_h,26400,12000,0.545455,"ref. 159, Experimental: 200 NmL min-1 over 1 g; 26400 is the reduction flow (440 NmL min-1)",Humphreys | p6 row 20 | whsv_mL_g_h,E-assignment,
Humphreys 2021 review,,,whsv_mL_g_h,70000,24000,0.657143,"ref. 186, p3 Experimental: 'WHSV = 24000 mL g-1 h-1'",Humphreys | p11 row 0 | whsv_mL_g_h,E-value,
Humphreys 2021 review,,,whsv_mL_g_h,6000,60000,0.9,"ref. 199, Table 1 note and Fig. 5 caption: 60000 mL g-1 h-1",Humphreys | p16 row 7 | whsv_mL_g_h,E-value,
Humphreys 2021 review,,,metal_content_wt_pct,3.4,3.73,0.0884718,"ref. 200, text p2: ICP-AES 'the loading of Co is 3.73 wt%'",Humphreys | p16 row 8 | metal_content_wt_pct,E-value,
Humphreys 2021 review,,,whsv_mL_g_h,70000,233333,0.7,"ref. 100, p2 Experimental: 0.30 g, Sv = 70 dm3 h-1 (70000 mL h-1 / 0.30 g); the review prints the volumetric flow as a space velocity",Humphreys | p11 row 10 | whsv_mL_g_h,E-assignment,
