group,doi,entry,STY,bound,cost_recycled_opt,cost_inert_opt
10.1002/anie.201600943 | 50 bar | H2/CO2 4 | 26 NL/g/h,10.1002/anie.201600943,"Figure 1a, In2O3, 573 K",0.297347,969.356,969.356,969.356
10.1002/anie.201600943 | 50 bar | H2/CO2 4 | 26 NL/g/h,10.1002/anie.201600943,"Figure 1a, Cu-ZnO-Al2O3, 573 K",0.013089,1201.71,6107.2,6107.2
10.1002/anie.202401168 | 30 bar | H2/CO2 3 | 9 NL/g/h,10.1002/anie.202401168,"SI Figure S29, t=10 h, 275 °C",0.330614,882.839,888.263,966.511
10.1002/anie.202401168 | 30 bar | H2/CO2 3 | 9 NL/g/h,10.1002/anie.202401168,"SI Figure S29, t=0 h, 275 °C",0.328052,883.218,888.74,966.932
10.1002/anie.202401168 | 30 bar | H2/CO2 3 | 9 NL/g/h,10.1002/anie.202401168,"Text page 9, Ir1Pd1-In2O3(CP-PD), 300 °C",0.314833,878.904,885.159,1044.01
10.1002/anie.202401168 | 30 bar | H2/CO2 3 | 9 NL/g/h,10.1002/anie.202401168,"Figure 4a, Ir1Pd1-In2O3(CP-PD), 250 °C, 9000 mL gcat−1 hour−1",0.314496,892.846,898.545,902.097
10.1002/anie.202401168 | 30 bar | H2/CO2 3 | 9 NL/g/h,10.1002/anie.202401168,"Figure 4e, Ir1Pd1-In2O3(CP-PD), first stability point",0.314496,892.846,898.545,902.097
10.1002/anie.202401168 | 30 bar | H2/CO2 3 | 9 NL/g/h,10.1002/anie.202401168,"SI Figure S25, t=10 h, Pd1Pd1-In2O3(CP-PD)",0.281919,891.149,896.351,975.747
10.1002/anie.202401168 | 30 bar | H2/CO2 3 | 9 NL/g/h,10.1002/anie.202401168,"SI Figure S25, t=0 h, Pd1Pd1-In2O3(CP-PD)",0.279356,891.662,896.972,976.319
10.1002/anie.202401168 | 30 bar | H2/CO2 3 | 9 NL/g/h,10.1002/anie.202401168,"SI Figure S26, t=10 h, 2Ir1Pd1-In2O3(CP-PD)",0.275558,897.911,904.782,932.01
10.1002/anie.202401168 | 30 bar | H2/CO2 3 | 9 NL/g/h,10.1002/anie.202401168,"Text/Figure 4e, Ir1Pd1-In2O3(CP-PD), 100 h stability",0.274864,888.081,895.127,917.636
10.1002/anie.202401168 | 30 bar | H2/CO2 3 | 9 NL/g/h,10.1002/anie.202401168,"SI Figure S26, t=0 h, 2Ir1Pd1-In2O3(CP-PD)",0.269877,899.216,906.425,933.374
10.1002/anie.202401168 | 30 bar | H2/CO2 3 | 9 NL/g/h,10.1002/anie.202401168,"Figure 4a, Ir1Pd1-In2O3(PD-PD), 250 °C",0.233595,918.123,927.653,964.897
10.1002/anie.202401168 | 30 bar | H2/CO2 3 | 9 NL/g/h,10.1002/anie.202401168,"SI Figure S29, t=10 h, 225 °C",0.233008,913.379,918.084,918.084
10.1002/anie.202401168 | 30 bar | H2/CO2 3 | 9 NL/g/h,10.1002/anie.202401168,"SI Figure S29, t=0 h, 225 °C",0.22393,916.457,921.181,921.181
10.1002/anie.202401168 | 30 bar | H2/CO2 3 | 9 NL/g/h,10.1002/anie.202401168,"SI Figure S22, t=0 h, Ir1Pd1-In2O3(PD-PD)",0.220101,910.385,920.805,967.084
10.1002/anie.202401168 | 30 bar | H2/CO2 3 | 9 NL/g/h,10.1002/anie.202401168,"SI Figure S26, t=10 h, 4Ir1Pd1-In2O3(CP-PD)",0.216365,913.923,925.615,954.141
10.1002/anie.202401168 | 30 bar | H2/CO2 3 | 9 NL/g/h,10.1002/anie.202401168,"SI Figure S26, t=0 h, 4Ir1Pd1-In2O3(CP-PD)",0.213555,914.928,926.978,955.204
10.1002/anie.202401168 | 30 bar | H2/CO2 3 | 9 NL/g/h,10.1002/anie.202401168,"Figure 4a, Ir1Pd1-In2O3(CP-AP), 250 °C",0.195151,901.886,912.728,1012.05
10.1002/anie.202401168 | 30 bar | H2/CO2 3 | 9 NL/g/h,10.1002/anie.202401168,"SI Figure S22, t=0 h, Ir1Pd1-In2O3(CP-AP)",0.185394,916.056,928.165,1030.68
10.1002/anie.202401168 | 30 bar | H2/CO2 3 | 9 NL/g/h,10.1002/anie.202401168,"Figure 4a, Ir1Pd1-In2O3(AP-AP), 250 °C",0.1807,916.273,928.391,1045.4
10.1002/anie.202401168 | 30 bar | H2/CO2 3 | 9 NL/g/h,10.1002/anie.202401168,"Figure 4a, Ir1Pd1-In2O3(GM), 250 °C",0.174617,917.11,934.057,985.015
10.1002/anie.202401168 | 30 bar | H2/CO2 3 | 9 NL/g/h,10.1002/anie.202401168,"Text page 9, Ir1Pd1-In2O3(CP-PD), 200 °C",0.169831,931.825,931.825,931.825
10.1002/anie.202401168 | 30 bar | H2/CO2 3 | 9 NL/g/h,10.1002/anie.202401168,"SI Figure S22, t=0 h, Ir1Pd1-In2O3(AP-AP)",0.169059,919.714,933.014,1064.78
10.1002/anie.202401168 | 30 bar | H2/CO2 3 | 9 NL/g/h,10.1002/anie.202401168,"SI Figure S25, t=10 h, Ir1Ir1-In2O3(CP-PD)",0.163038,943.485,958.488,958.488
10.1002/anie.202401168 | 30 bar | H2/CO2 3 | 9 NL/g/h,10.1002/anie.202401168,"SI Figure S26, t=10 h, 10Ir1Pd1-In2O3(CP-PD)",0.162574,928.939,946.293,1031.76
10.1002/anie.202401168 | 30 bar | H2/CO2 3 | 9 NL/g/h,10.1002/anie.202401168,"SI Figure S21, t=10 h, Pd1-In2O3(PD)",0.16137,915.484,926.953,1128.7
10.1002/anie.202401168 | 30 bar | H2/CO2 3 | 9 NL/g/h,10.1002/anie.202401168,"SI Figure S25, t=0 h, Ir1Ir1-In2O3(CP-PD)",0.160073,945.397,960.442,960.442
10.1002/anie.202401168 | 30 bar | H2/CO2 3 | 9 NL/g/h,10.1002/anie.202401168,"SI Figure S26, t=0 h, 10Ir1Pd1-In2O3(CP-PD)",0.160073,930.34,948.331,1033.38
10.1002/anie.202401168 | 30 bar | H2/CO2 3 | 9 NL/g/h,10.1002/anie.202401168,"SI Figure S21, t=10 h, Ir1-In2O3(PD)",0.158962,927.923,944.686,1051.91
10.1002/anie.202401168 | 30 bar | H2/CO2 3 | 9 NL/g/h,10.1002/anie.202401168,"SI Figure S21, t=10 h, Pd1-In2O3(CP)",0.152539,929.533,946.908,1068.96
10.1002/anie.202401168 | 30 bar | H2/CO2 3 | 9 NL/g/h,10.1002/anie.202401168,"SI Figure S25, t=10 h, Pd1Ir1-In2O3(CP-PD)",0.151736,932.14,950.814,1056.94
10.1002/anie.202401168 | 30 bar | H2/CO2 3 | 9 NL/g/h,10.1002/anie.202401168,"SI Figure S25, t=0 h, Pd1Ir1-In2O3(CP-PD)",0.149328,933.631,953.015,1058.71
10.1002/anie.202401168 | 30 bar | H2/CO2 3 | 9 NL/g/h,10.1002/anie.202401168,"Figure 4a, Ir1Pd1-In2O3(CP-CP), 250 °C",0.146518,918.722,935.736,1084.73
10.1002/anie.202401168 | 30 bar | H2/CO2 3 | 9 NL/g/h,10.1002/anie.202401168,"SI Figure S23, t=0 h, Ir1Pd1-In2O3(PM)",0.14201,932.786,951.482,1097.19
10.1002/anie.202401168 | 30 bar | H2/CO2 3 | 9 NL/g/h,10.1002/anie.202401168,"SI Figure S21, t=10 h, Ir1-In2O3(CP)",0.141485,939.959,962.61,1058.85
10.1002/anie.202401168 | 30 bar | H2/CO2 3 | 9 NL/g/h,10.1002/anie.202401168,"SI Figure S22, t=0 h, Ir1Pd1-In2O3(CP-CP)",0.135618,935.971,956.128,1109.76
10.1002/anie.202401168 | 30 bar | H2/CO2 3 | 9 NL/g/h,10.1002/anie.202401168,"Figure 4b, 0.5Ir1Pd1-In2O3(CP-PD), 250 °C",0.133858,947.068,977.423,1028.32
10.1002/anie.202401168 | 30 bar | H2/CO2 3 | 9 NL/g/h,10.1002/anie.202401168,"SI Figure S21, t=0 h, Ir1-In2O3(PD)",0.132993,939.069,960.854,1105.1
10.1002/anie.202401168 | 30 bar | H2/CO2 3 | 9 NL/g/h,10.1002/anie.202401168,"SI Figure S21, t=0 h, Pd1-In2O3(PD)",0.131542,924.178,938.424,1216.02
10.1002/anie.202401168 | 30 bar | H2/CO2 3 | 9 NL/g/h,10.1002/anie.202401168,"SI Figure S26, t=0 h, 0.5Ir1Pd1-In2O3(CP-PD)",0.131233,949.287,981.117,1030.81
10.1002/anie.202401168 | 30 bar | H2/CO2 3 | 9 NL/g/h,10.1002/anie.202401168,"SI Figure S21, t=0 h, Pd1-In2O3(CP)",0.127157,941.064,963.745,1125.1
10.1002/anie.202401168 | 30 bar | H2/CO2 3 | 9 NL/g/h,10.1002/anie.202401168,"Figure 4a, Ir1Pd1-In2O3(PM), 250 °C",0.125706,928.405,949.734,1132.31
10.1002/anie.202401168 | 30 bar | H2/CO2 3 | 9 NL/g/h,10.1002/anie.202401168,"SI Figure S23, t=0 h, Ir1Pd1-In2O3(GM)",0.115485,947.009,972.719,1161.08
10.1002/anie.202401168 | 30 bar | H2/CO2 3 | 9 NL/g/h,10.1002/anie.202401168,"SI Figure S21, t=0 h, Ir1-In2O3(CP)",0.111162,956.842,989.071,1136.4
10.1002/anie.202401168 | 30 bar | H2/CO2 3 | 9 NL/g/h,10.1002/anie.202401168,"SI Figure S21, t=10 h, In2O3",0.0612626,1022.41,1121.65,1335.6
10.1002/anie.202401168 | 30 bar | H2/CO2 3 | 9 NL/g/h,10.1002/anie.202401168,"SI Figure S21, t=0 h, In2O3",0.0518756,1035.83,1154.18,1444.39
10.1002/cctc.202000974 | 20 bar | H2/CO2 3 | 3.6 NL/g/h,10.1002/cctc.202000974,"Text, physical mixture Pd/ZnO and TiO2, 250°C",0.0302299,912.56,918.247,2061.07
10.1002/cctc.202000974 | 20 bar | H2/CO2 3 | 3.6 NL/g/h,10.1002/cctc.202000974,"Table 1 row 5, 225°C",0.0298748,936.225,944.448,1640.86
10.1002/cctc.202000974 | 20 bar | H2/CO2 3 | 3.6 NL/g/h,10.1002/cctc.202000974,"SI Table S2, PdZn/ZnTiO3, 250 °C",0.028758,906.191,910.475,2352.96
10.1002/cctc.202000974 | 20 bar | H2/CO2 3 | 3.6 NL/g/h,10.1002/cctc.202000974,"SI Table S2, Pd/ZnTiO3, 250 °C",0.0275589,918.835,925.117,2147.71
10.1002/cctc.202000974 | 20 bar | H2/CO2 3 | 3.6 NL/g/h,10.1002/cctc.202000974,"Table 1 row 4, 225°C",0.02524,957.869,970.832,1641.85
10.1002/cctc.202000974 | 20 bar | H2/CO2 3 | 3.6 NL/g/h,10.1002/cctc.202000974,"Text/Figure 2 discussion, PdZn/TiO2, 250°C",0.0249085,912.652,917.382,2548.51
10.1002/cctc.202000974 | 20 bar | H2/CO2 3 | 3.6 NL/g/h,10.1002/cctc.202000974,"Table 1 row 3, 225°C",0.0244814,946.021,955.32,1831.24
10.1002/cctc.202000974 | 20 bar | H2/CO2 3 | 3.6 NL/g/h,10.1002/cctc.202000974,"Figure 1, Pd/ZnO, 250°C",0.0229148,914.137,918.731,2754.47
10.1002/cctc.202000974 | 20 bar | H2/CO2 3 | 3.6 NL/g/h,10.1002/cctc.202000974,"SI Table S2, PdZn/ZnTiO3, 200 °C",0.0217723,1037.34,1069.45,1336.32
10.1002/cctc.202000974 | 20 bar | H2/CO2 3 | 3.6 NL/g/h,10.1002/cctc.202000974,"Table 1 row 2, 225°C",0.0202047,959.093,970.397,1999.96
10.1002/cctc.202000974 | 20 bar | H2/CO2 3 | 3.6 NL/g/h,10.1002/cctc.202000974,"SI Table S2, PdZn/TiO2, 200 °C",0.0194287,1041.08,1073.21,1438.81
10.1002/cctc.202000974 | 20 bar | H2/CO2 3 | 3.6 NL/g/h,10.1002/cctc.202000974,"SI Table S2, PdZn/ZnTiO3, 175 °C",0.0189717,1101.67,1140.29,1280.21
10.1002/cctc.202000974 | 20 bar | H2/CO2 3 | 3.6 NL/g/h,10.1002/cctc.202000974,"SI Table S2, Pd/ZnTiO3, 200 °C",0.0183417,1043.04,1075.17,1494.9
10.1002/cctc.202000974 | 20 bar | H2/CO2 3 | 3.6 NL/g/h,10.1002/cctc.202000974,"SI Table S2, Pd/ZnTiO3, 175 °C",0.0183212,1094.17,1129.06,1329.42
10.1002/cctc.202000974 | 20 bar | H2/CO2 3 | 3.6 NL/g/h,10.1002/cctc.202000974,"SI Table S2, PdZn/TiO2, 175 °C",0.0152601,1140.67,1194.84,1397.76
10.1002/cctc.202000974 | 20 bar | H2/CO2 3 | 3.6 NL/g/h,10.1002/cctc.202000974,"Figure 1, Pd/ZnO, 200°C",0.0149235,1086.3,1139.11,1570.96
10.1002/cctc.202000974 | 20 bar | H2/CO2 3 | 3.6 NL/g/h,10.1002/cctc.202000974,"SI Table S2, Pd/TiO2, 250 °C",0.00889811,968.674,972.74,6750.66
10.1002/cctc.202000974 | 20 bar | H2/CO2 3 | 3.6 NL/g/h,10.1002/cctc.202000974,"Table 1 row 1, 225°C",0.00761151,991.342,997.596,5534.25
10.1002/cctc.202000974 | 20 bar | H2/CO2 3 | 3.6 NL/g/h,10.1002/cctc.202000974,"Figure 1, Pd/ZnO, 175°C",0.00710202,1446.15,1834.92,1834.92
10.1002/cctc.202000974 | 20 bar | H2/CO2 3 | 3.6 NL/g/h,10.1002/cctc.202000974,"SI Table S2, Pd/TiO2, 200 °C",0.0054665,1061.58,1075.84,4734.34
10.1002/cctc.202000974 | 20 bar | H2/CO2 3 | 3.6 NL/g/h,10.1002/cctc.202000974,"SI Table S2, Pd/TiO2, 175 °C",0.00508463,1156.36,1188.12,3517.93
10.1002/cctc.202000974 | 20 bar | H2/CO2 3 | 3.6 NL/g/h,10.1002/cctc.202000974,"SI Table S3, ZnO, 225 °C",0.00166743,3547.56,4193.12,4193.12
10.1002/cctc.202000974 | 20 bar | H2/CO2 3 | 3.6 NL/g/h,10.1002/cctc.202000974,"SI Table S3, TiO2, 225 °C",0.00164685,3549.51,4237.48,4237.48
10.1002/cctc.202000974 | 20 bar | H2/CO2 3 | 3.6 NL/g/h,10.1002/cctc.202000974,"SI Table S3, ZnO, 250 °C",0.00119396,3604.81,5591.8,5591.8
10.1002/cctc.202000974 | 20 bar | H2/CO2 3 | 3.6 NL/g/h,10.1002/cctc.202000974,"SI Table S3, ZnTiO3, 225 °C",0.00104986,3629.76,6262.87,6262.87
10.1002/cctc.202000974 | 20 bar | H2/CO2 3 | 3.6 NL/g/h,10.1002/cctc.202000974,"SI Table S3, TiO2, 200 °C",0.00102928,6020.75,6020.75,6020.75
10.1002/cctc.202000974 | 20 bar | H2/CO2 3 | 3.6 NL/g/h,10.1002/cctc.202000974,"SI Table S3, ZnO, 175 °C",0.00102928,6020.75,6020.75,6020.75
10.1002/cctc.202000974 | 20 bar | H2/CO2 3 | 3.6 NL/g/h,10.1002/cctc.202000974,"SI Table S3, ZnO, 200 °C",0.00102928,6020.75,6020.75,6020.75
10.1002/cctc.202000974 | 20 bar | H2/CO2 3 | 3.6 NL/g/h,10.1002/cctc.202000974,"SI Table S3, ZnTiO3, 200 °C",0.00102928,6020.75,6020.75,6020.75
10.1002/cctc.202000974 | 20 bar | H2/CO2 3 | 3.6 NL/g/h,10.1002/cctc.202000974,"SI Table S3, ZnTiO3, 250 °C",0.00092635,2847.92,7392.29,7392.29
10.1002/cctc.202000974 | 20 bar | H2/CO2 3 | 3.6 NL/g/h,10.1002/cctc.202000974,"SI Table S3, TiO2, 250 °C",0.000823423,3682.04,7783.18,7783.18
10.1002/ente.201800747 | 40 bar | H2/CO2 3 | 21.6 NL/g/h,10.1002/ente.201800747,"Figure 5a left; Cat-4.5 at 325 °C, last point",0.204205,976.14,1131.46,1205.63
10.1002/ente.201800747 | 40 bar | H2/CO2 3 | 21.6 NL/g/h,10.1002/ente.201800747,"Figure 4c/text, Cat-4.5 at 325 °C",0.202058,975.244,1140.04,1197.97
10.1002/ente.201800747 | 40 bar | H2/CO2 3 | 21.6 NL/g/h,10.1002/ente.201800747,"SI Table S1, Cat-4.5, 350 °C",0.19606,973.215,1157.92,1291.4
10.1002/ente.201800747 | 40 bar | H2/CO2 3 | 21.6 NL/g/h,10.1002/ente.201800747,"Figure 5a left; Cat-4.5 at 325 °C, first point",0.194253,980.55,1157.91,1215.52
10.1002/ente.201800747 | 40 bar | H2/CO2 3 | 21.6 NL/g/h,10.1002/ente.201800747,"SI Table S1, Cat-3.0, 350 °C",0.185618,975.957,1231.64,1260.32
10.1002/ente.201800747 | 40 bar | H2/CO2 3 | 21.6 NL/g/h,10.1002/ente.201800747,"Figure 4c, Cat-3.0 at 325 °C",0.161217,1007.95,1220.95,1220.95
10.1002/ente.201800747 | 40 bar | H2/CO2 3 | 21.6 NL/g/h,10.1002/ente.201800747,"SI Table S1, Cat-4.5, 300 °C",0.152787,1035.95,1141.6,1141.6
10.1002/ente.201800747 | 40 bar | H2/CO2 3 | 21.6 NL/g/h,10.1002/ente.201800747,"SI Table S1, H-In2O3/Al2O3, 350 °C",0.148684,1156.64,1541.24,1600.24
10.1002/ente.201800747 | 40 bar | H2/CO2 3 | 21.6 NL/g/h,10.1002/ente.201800747,"Figure 4c, Cat-1.5 at 325 °C",0.13899,1032.24,1268.85,1268.85
10.1002/ente.201800747 | 40 bar | H2/CO2 3 | 21.6 NL/g/h,10.1002/ente.201800747,"SI Table S1, Cat-1.5, 350 °C",0.137196,1024.78,1339.17,1339.17
10.1002/ente.201800747 | 40 bar | H2/CO2 3 | 21.6 NL/g/h,10.1002/ente.201800747,"SI Table S1, Cat-6.0, 350 °C",0.120159,1053.59,1484.18,1484.18
10.1002/ente.201800747 | 40 bar | H2/CO2 3 | 21.6 NL/g/h,10.1002/ente.201800747,"SI Table S1, H-In2O3/Al2O3, 325 °C",0.109684,1194.12,1518.63,1518.63
10.1002/ente.201800747 | 40 bar | H2/CO2 3 | 21.6 NL/g/h,10.1002/ente.201800747,"SI Table S1, In2O3-IWI/Al2O3/Al-fiber, 300 °C",0.108909,1106.23,1368.6,1368.6
10.1002/ente.201800747 | 40 bar | H2/CO2 3 | 21.6 NL/g/h,10.1002/ente.201800747,"Text, In2O3-IWI/Al2O3/Al-fiber at 325 °C",0.107496,1034.22,1228.71,1856.85
10.1002/ente.201800747 | 40 bar | H2/CO2 3 | 21.6 NL/g/h,10.1002/ente.201800747,"Figure 4c, Cat-6.0 at 325 °C",0.106151,1086.81,1435.94,1435.94
10.1002/ente.201800747 | 40 bar | H2/CO2 3 | 21.6 NL/g/h,10.1002/ente.201800747,"SI Table S1, Cat-3.0, 300 °C",0.100818,1149.39,1236.55,1236.55
10.1002/ente.201800747 | 40 bar | H2/CO2 3 | 21.6 NL/g/h,10.1002/ente.201800747,"SI Table S1, Cat-4.5, 275 °C",0.0933391,1176.69,1237.57,1237.57
10.1002/ente.201800747 | 40 bar | H2/CO2 3 | 21.6 NL/g/h,10.1002/ente.201800747,"SI Table S1, In2O3-IWI/Al2O3/Al-fiber, 350 °C",0.0862741,1158.78,1400.89,2645.74
10.1002/ente.201800747 | 40 bar | H2/CO2 3 | 21.6 NL/g/h,10.1002/ente.201800747,"SI Table S1, H-In2O3/Al2O3, 300 °C",0.0782581,1204.81,1394.88,1394.88
10.1002/ente.201800747 | 40 bar | H2/CO2 3 | 21.6 NL/g/h,10.1002/ente.201800747,"SI Table S1, Cat-1.5, 300 °C",0.0736523,1247.2,1379.34,1379.34
10.1002/ente.201800747 | 40 bar | H2/CO2 3 | 21.6 NL/g/h,10.1002/ente.201800747,"SI Table S1, Cat-4.5, 250 °C",0.0708399,1292.98,1335.16,1335.16
10.1002/ente.201800747 | 40 bar | H2/CO2 3 | 21.6 NL/g/h,10.1002/ente.201800747,"SI Table S1, In2O3-IWI/Al2O3/Al-fiber, 275 °C",0.0694133,1262.33,1440.66,1440.66
10.1002/ente.201800747 | 40 bar | H2/CO2 3 | 21.6 NL/g/h,10.1002/ente.201800747,"SI Table S1, Cat-3.0, 275 °C",0.0624978,1336.87,1407.07,1407.07
10.1002/ente.201800747 | 40 bar | H2/CO2 3 | 21.6 NL/g/h,10.1002/ente.201800747,"SI Table S1, H-In2O3/Al2O3, 275 °C",0.0603919,1344.84,1441.89,1441.89
10.1002/ente.201800747 | 40 bar | H2/CO2 3 | 21.6 NL/g/h,10.1002/ente.201800747,"SI Table S1, H-In2O3/Al2O3, 250 °C",0.0506504,1454.93,1521.7,1521.7
10.1002/ente.201800747 | 40 bar | H2/CO2 3 | 21.6 NL/g/h,10.1002/ente.201800747,"SI Table S1, Cat-1.5, 275 °C",0.0503012,1441.22,1538.06,1538.06
10.1002/ente.201800747 | 40 bar | H2/CO2 3 | 21.6 NL/g/h,10.1002/ente.201800747,"SI Table S1, In2O3-IWI/Al2O3/Al-fiber, 250 °C",0.0399442,1541.17,1729.72,1729.72
10.1002/ente.201800747 | 40 bar | H2/CO2 3 | 21.6 NL/g/h,10.1002/ente.201800747,"SI Table S1, Cat-3.0, 250 °C",0.0388437,1649.19,1703.17,1703.17
10.1002/ente.201800747 | 40 bar | H2/CO2 3 | 21.6 NL/g/h,10.1002/ente.201800747,"SI Table S1, Cat-6.0, 300 °C",0.0353248,1506.79,1979.3,1979.3
10.1002/ente.201800747 | 40 bar | H2/CO2 3 | 21.6 NL/g/h,10.1002/ente.201800747,"SI Table S1, Cat-1.5, 250 °C",0.0307903,1823.11,1924.83,1924.83
10.1002/ente.201800747 | 40 bar | H2/CO2 3 | 21.6 NL/g/h,10.1002/ente.201800747,"SI Table S1, Cat-6.0, 275 °C",0.0275805,1852.69,2112.41,2112.41
10.1002/ente.201800747 | 40 bar | H2/CO2 3 | 21.6 NL/g/h,10.1002/ente.201800747,"SI Table S1, Cat-6.0, 250 °C",0.0176488,2440.53,2702.53,2702.53
10.1016/j.apcata.2018.04.036 | 30 bar | H2/CO2 3 | 2.4 NL/g/h,10.1016/j.apcata.2018.04.036,"Fig 10a,b, 0.5Ca5P5ZC, 250 °C",0.0842979,893.192,898.458,936.086
10.1016/j.apcata.2018.04.036 | 30 bar | H2/CO2 3 | 2.4 NL/g/h,10.1016/j.apcata.2018.04.036,"Fig 10a,b/text, 0.5Ca5P5ZC, 230 °C, 30 bar",0.0809424,899.997,904.764,907.643
10.1016/j.apcata.2018.04.036 | 30 bar | H2/CO2 3 | 2.4 NL/g/h,10.1016/j.apcata.2018.04.036,"Fig 10a,b, 5P5ZC, 250 °C",0.0781908,895.177,900.706,965.407
10.1016/j.apcata.2018.04.036 | 30 bar | H2/CO2 3 | 2.4 NL/g/h,10.1016/j.apcata.2018.04.036,"Fig 10a,b, 5P5ZC, 230 °C",0.0765954,901.361,906.271,929.431
10.1016/j.apcata.2018.04.036 | 30 bar | H2/CO2 3 | 2.4 NL/g/h,10.1016/j.apcata.2018.04.036,"Fig 10d, 0.5Ca5P5ZC stability, 15 h",0.0756519,904.672,910.201,913.736
10.1016/j.apcata.2018.04.036 | 30 bar | H2/CO2 3 | 2.4 NL/g/h,10.1016/j.apcata.2018.04.036,"Fig 10d, 0.5Ca5P5ZC stability, 30 h",0.0756519,904.672,910.201,913.736
10.1016/j.apcata.2018.04.036 | 30 bar | H2/CO2 3 | 2.4 NL/g/h,10.1016/j.apcata.2018.04.036,"Fig 10d, 0.5Ca5P5ZC stability, 45 h",0.0756519,904.672,910.201,913.736
10.1016/j.apcata.2018.04.036 | 30 bar | H2/CO2 3 | 2.4 NL/g/h,10.1016/j.apcata.2018.04.036,"Fig 10d/text, 0.5Ca5P5ZC stability, 62 h",0.0756519,904.672,910.201,913.736
10.1016/j.apcata.2018.04.036 | 30 bar | H2/CO2 3 | 2.4 NL/g/h,10.1016/j.apcata.2018.04.036,"Fig 10a,b/text, 0.5Ca5P5ZC, 270 °C",0.075266,892.763,899.531,1012.7
10.1016/j.apcata.2018.04.036 | 30 bar | H2/CO2 3 | 2.4 NL/g/h,10.1016/j.apcata.2018.04.036,"Table 6, 0.5Ca5P5ZC, 220 °C",0.0660453,916.676,916.676,916.676
10.1016/j.apcata.2018.04.036 | 30 bar | H2/CO2 3 | 2.4 NL/g/h,10.1016/j.apcata.2018.04.036,"Fig 10a,b, 5P5ZC, 270 °C",0.0654449,896.439,903.764,1077.49
10.1016/j.apcata.2018.04.036 | 30 bar | H2/CO2 3 | 2.4 NL/g/h,10.1016/j.apcata.2018.04.036,"Table 6, 5P5ZC, 220 °C",0.0540371,935.147,935.147,935.147
10.1016/j.apcata.2018.04.036 | 30 bar | H2/CO2 3 | 2.4 NL/g/h,10.1016/j.apcata.2018.04.036,"Fig 10a,b, 5PC, 270 °C",0.0245912,956.052,984.032,1455.65
10.1016/j.apcata.2018.04.036 | 30 bar | H2/CO2 3 | 2.4 NL/g/h,10.1016/j.apcata.2018.04.036,"Fig 10a,b, 5PC, 250 °C",0.0235447,987.22,1027.92,1290
10.1016/j.apcata.2018.04.036 | 30 bar | H2/CO2 3 | 2.4 NL/g/h,10.1016/j.apcata.2018.04.036,"Fig 10a,b, 5PC, 230 °C",0.0151647,1083.41,1194.88,1340.74
10.1016/j.apcata.2018.04.036 | 30 bar | H2/CO2 3 | 2.4 NL/g/h,10.1016/j.apcata.2018.04.036,"Table 6, 5PC, 220 °C",0.0102216,1230.5,1493.14,1493.14
10.1016/j.apcata.2019.117144 | 40 bar | H2/CO2 4 | 52 NL/g/h,10.1016/j.apcata.2019.117144,"Fig. 5/Table 1, 573 K, In2O3/ZrO2",0.465,900.772,918.216,1274.36
10.1016/j.apcata.2019.117144 | 40 bar | H2/CO2 4 | 52 NL/g/h,10.1016/j.apcata.2019.117144,"Fig. 5/Table 1, 573 K, 1.5Y9In/ZrO2",0.42,925.036,962.538,1125.76
10.1016/j.apcata.2019.117144 | 40 bar | H2/CO2 4 | 52 NL/g/h,10.1016/j.apcata.2019.117144,"Fig. 5/Table 1, 573 K, 3La10In/ZrO2",0.42,923.922,960.262,1153.04
10.1016/j.apcata.2019.117144 | 40 bar | H2/CO2 4 | 52 NL/g/h,10.1016/j.apcata.2019.117144,"Fig. 5, 573 K, 2Y8In/ZrO2",0.37,949.98,1020.71,1131.98
10.1016/j.apcata.2019.117144 | 40 bar | H2/CO2 4 | 52 NL/g/h,10.1016/j.apcata.2019.117144,"Fig. 5, 558 K, In2O3/ZrO2",0.36,951.973,1009.67,1203.51
10.1016/j.apcata.2019.117144 | 40 bar | H2/CO2 4 | 52 NL/g/h,10.1016/j.apcata.2019.117144,"Fig. 5, 558 K, 3La10In/ZrO2",0.34,960.431,1029.66,1080.19
10.1016/j.apcata.2019.117144 | 40 bar | H2/CO2 4 | 52 NL/g/h,10.1016/j.apcata.2019.117144,"Fig. 5, 573 K, 3Y8In/ZrO2",0.33,983.851,1132.27,1167.58
10.1016/j.apcata.2019.117144 | 40 bar | H2/CO2 4 | 52 NL/g/h,10.1016/j.apcata.2019.117144,"Fig. 5, 558 K, 1.5Y9In/ZrO2",0.3,970.542,1055.24,1115.71
10.1016/j.apcata.2019.117144 | 40 bar | H2/CO2 4 | 52 NL/g/h,10.1016/j.apcata.2019.117144,"Fig. 5, 543 K, In2O3/ZrO2",0.26,1054.09,1230.42,1230.42
10.1016/j.apcata.2019.117144 | 40 bar | H2/CO2 4 | 52 NL/g/h,10.1016/j.apcata.2019.117144,"Fig. 5/Table 1, 543 K, 3La10In/ZrO2",0.241,1061.64,1117.88,1117.88
10.1016/j.apcata.2019.117144 | 40 bar | H2/CO2 4 | 52 NL/g/h,10.1016/j.apcata.2019.117144,"Fig. 5, 558 K, 2Y8In/ZrO2",0.24,1030.6,1173.53,1173.53
10.1016/j.apcata.2019.117144 | 40 bar | H2/CO2 4 | 52 NL/g/h,10.1016/j.apcata.2019.117144,"Fig. 5, 558 K, 3Y8In/ZrO2",0.21,1070.26,1213.4,1213.4
10.1016/j.apcata.2019.117144 | 40 bar | H2/CO2 4 | 52 NL/g/h,10.1016/j.apcata.2019.117144,"Fig. 5, 543 K, 1.5Y9In/ZrO2",0.16,1080.71,1191.35,1191.35
10.1016/j.apcata.2019.117144 | 40 bar | H2/CO2 4 | 52 NL/g/h,10.1016/j.apcata.2019.117144,"Fig. 5, 528 K, In2O3/ZrO2",0.14,1320.81,1508.68,1508.68
10.1016/j.apcata.2019.117144 | 40 bar | H2/CO2 4 | 52 NL/g/h,10.1016/j.apcata.2019.117144,"Fig. 5, 528 K, 3La10In/ZrO2",0.14,1456.18,1456.18,1456.18
10.1016/j.apcata.2019.117144 | 40 bar | H2/CO2 4 | 52 NL/g/h,10.1016/j.apcata.2019.117144,"Fig. 5, 543 K, 2Y8In/ZrO2",0.13,1194.41,1215.63,1215.63
10.1016/j.apcata.2019.117144 | 40 bar | H2/CO2 4 | 52 NL/g/h,10.1016/j.apcata.2019.117144,"Fig. 5, 543 K, 3Y8In/ZrO2",0.12,1214.83,1244.17,1244.17
10.1016/j.apcata.2019.117144 | 40 bar | H2/CO2 4 | 52 NL/g/h,10.1016/j.apcata.2019.117144,"Fig. 5, 528 K, 1.5Y9In/ZrO2",0.08,1365.23,1365.23,1365.23
10.1016/j.apcata.2019.117144 | 40 bar | H2/CO2 4 | 52 NL/g/h,10.1016/j.apcata.2019.117144,"Fig. 5, 528 K, 2Y8In/ZrO2",0.07,1367.25,1367.25,1367.25
10.1016/j.apcata.2019.117144 | 40 bar | H2/CO2 4 | 52 NL/g/h,10.1016/j.apcata.2019.117144,"Fig. 5, 528 K, 3Y8In/ZrO2",0.06,1414.33,1414.33,1414.33
10.1016/j.apcatb.2017.06.069 | 50 bar | H2/CO2 4 | 21 NL/g/h,10.1016/j.apcatb.2017.06.069,"Text/Fig. 1, Pd-P/In2O3, 300 °C, 5 MPa",0.840577,872.887,876.787,1045.63
10.1016/j.apcatb.2017.06.069 | 50 bar | H2/CO2 4 | 21 NL/g/h,10.1016/j.apcatb.2017.06.069,"SI Table S2, Pd-I/In2O3 This work",0.803159,876.019,880.729,1028.64
10.1016/j.apcatb.2017.06.069 | 50 bar | H2/CO2 4 | 21 NL/g/h,10.1016/j.apcatb.2017.06.069,"Figure 1a,b, 275 °C, Pd-P/In2O3",0.758681,882.834,887.581,980.218
10.1016/j.apcatb.2017.06.069 | 50 bar | H2/CO2 4 | 21 NL/g/h,10.1016/j.apcatb.2017.06.069,"Figure 1a,b, 275 °C, Pd-I/In2O3",0.519837,901.517,911.936,1021.57
10.1016/j.apcatb.2017.06.069 | 50 bar | H2/CO2 4 | 21 NL/g/h,10.1016/j.apcatb.2017.06.069,"Figure 1a,b, 250 °C, Pd-P/In2O3",0.433558,922.024,935.442,988.405
10.1016/j.apcatb.2017.06.069 | 50 bar | H2/CO2 4 | 21 NL/g/h,10.1016/j.apcatb.2017.06.069,"SI Table S1, In2O3 This work",0.350545,924.085,955.28,1101.54
10.1016/j.apcatb.2017.06.069 | 50 bar | H2/CO2 4 | 21 NL/g/h,10.1016/j.apcatb.2017.06.069,"Figure 1a,b, 250 °C, Pd-I/In2O3",0.237043,983.567,1036.13,1076.97
10.1016/j.apcatb.2017.06.069 | 50 bar | H2/CO2 4 | 21 NL/g/h,10.1016/j.apcatb.2017.06.069,"Table 2, Pd-P/In2O3, 225 °C",0.165414,1066.87,1096.54,1096.54
10.1016/j.apcatb.2017.06.069 | 50 bar | H2/CO2 4 | 21 NL/g/h,10.1016/j.apcatb.2017.06.069,"Figure 1a,b, 275 °C, In2O3",0.161271,1036.53,1178.02,1178.02
10.1016/j.apcatb.2017.06.069 | 50 bar | H2/CO2 4 | 21 NL/g/h,10.1016/j.apcatb.2017.06.069,"Table 2, Pd-I/In2O3, 225 °C",0.0883807,1240.02,1302.19,1302.19
10.1016/j.apcatb.2017.06.069 | 50 bar | H2/CO2 4 | 21 NL/g/h,10.1016/j.apcatb.2017.06.069,"Figure 1a,b, 250 °C, In2O3",0.0619625,1366.92,1501.57,1501.57
10.1016/j.apcatb.2017.06.069 | 50 bar | H2/CO2 4 | 21 NL/g/h,10.1016/j.apcatb.2017.06.069,"Table 2, Pd-P/In2O3, 200 °C",0.0475526,1611.25,1621.93,1621.93
10.1016/j.apcatb.2017.06.069 | 50 bar | H2/CO2 4 | 21 NL/g/h,10.1016/j.apcatb.2017.06.069,"Table 2, Pd-I/In2O3, 200 °C",0.0178322,2809.73,2831.79,2831.79
10.1016/j.apcatb.2017.06.069 | 50 bar | H2/CO2 4 | 21 NL/g/h,10.1016/j.apcatb.2017.06.069,"Figure 1a,b, 225 °C, In2O3",0.0169316,2812.03,2951.37,2951.37
10.1016/j.apcatb.2017.06.069 | 50 bar | H2/CO2 4 | 21 NL/g/h,10.1016/j.apcatb.2017.06.069,"Figure 1a,b, 200 °C, In2O3",0.00594408,6526.32,6584.39,6584.39
10.1016/j.apcatb.2019.118367 | 30 bar | H2/CO2 3 | 6 NL/g/h,10.1016/j.apcatb.2019.118367,"Fig. 4, Pd/ZnO-3.93Al",0.137266,908.392,911.598,1335.24
10.1016/j.apcatb.2019.118367 | 30 bar | H2/CO2 3 | 6 NL/g/h,10.1016/j.apcatb.2019.118367,"Fig. 4, Pd/ZnO-0.35Al",0.132571,970.525,977.142,1196.54
10.1016/j.apcatb.2019.118367 | 30 bar | H2/CO2 3 | 6 NL/g/h,10.1016/j.apcatb.2019.118367,"Fig. 4, Pd/ZnO-1.85Al",0.129316,978.711,984.208,1288.27
10.1016/j.apcatb.2019.118367 | 30 bar | H2/CO2 3 | 6 NL/g/h,10.1016/j.apcatb.2019.118367,"Fig. 4, Pd/ZnO-7.49Al",0.0700733,1014.53,1020.75,1955.48
10.1016/j.apcatb.2019.118367 | 30 bar | H2/CO2 3 | 6 NL/g/h,10.1016/j.apcatb.2019.118367,"Fig. 4, Pd/ZnO-12.14Al",0.0669168,919.467,925.519,1800.62
10.1016/j.apcatb.2019.118367 | 30 bar | H2/CO2 3 | 6 NL/g/h,10.1016/j.apcatb.2019.118367,"Fig. 4, Pd/ZnO",0.0590415,951.686,974.441,1373.67
10.1016/j.apcatb.2019.118367 | 30 bar | H2/CO2 3 | 6 NL/g/h,10.1016/j.apcatb.2019.118367,"Fig. 5d, Pd/ZnAl2O4",0.0562638,975.74,1015.18,1263.91
10.1016/j.apcatb.2019.118367 | 30 bar | H2/CO2 3 | 6 NL/g/h,10.1016/j.apcatb.2019.118367,"Fig. 5d, Pd/ZnO/Al2O3",0.0299863,994.402,1048.9,1772.66
10.1016/j.apcatb.2019.118367 | 30 bar | H2/CO2 3 | 6 NL/g/h,10.1016/j.apcatb.2019.118367,"Fig. 4 / Fig. 5d, Pd/Al2O3",0.0033853,1530.08,6108.05,6108.05
10.1016/j.cattod.2019.05.040 | 10 bar | H2/CO2 3 | 2.4 NL/g/h,10.1016/j.cattod.2019.05.040,"Figure 7d-e, 0.5Ca5P5ZZr-IMP at 250 °C and 10 bar",0.055,933.352,947.839,955.581
10.1016/j.cattod.2019.05.040 | 10 bar | H2/CO2 3 | 2.4 NL/g/h,10.1016/j.cattod.2019.05.040,"Figure 7d-e, 5P5ZZr-IMP at 250 °C and 10 bar",0.04,970.232,999.387,1005.74
10.1016/j.cattod.2019.05.040 | 20 bar | H2/CO2 3 | 2.4 NL/g/h,10.1016/j.cattod.2019.05.040,"Figure 7d-e, 0.5Ca5P5ZZr-IMP at 250 °C and 20 bar",0.08,896.255,900.883,900.883
10.1016/j.cattod.2019.05.040 | 20 bar | H2/CO2 3 | 2.4 NL/g/h,10.1016/j.cattod.2019.05.040,"Figure 7d-e, 5P5ZZr-IMP at 250 °C and 20 bar",0.062,914.77,924.291,924.291
10.1016/j.cattod.2019.05.040 | 30 bar | H2/CO2 3 | 2.4 NL/g/h,10.1016/j.cattod.2019.05.040,"Figure 7a-c, 0.5Ca5P5ZZr-IMP at 270 °C",0.0850784,892.607,899.794,935.473
10.1016/j.cattod.2019.05.040 | 30 bar | H2/CO2 3 | 2.4 NL/g/h,10.1016/j.cattod.2019.05.040,"Figure 7f, 0.5Ca5P5ZZr-IMP stability at 0 h",0.0808326,900.605,904.178,904.178
10.1016/j.cattod.2019.05.040 | 30 bar | H2/CO2 3 | 2.4 NL/g/h,10.1016/j.cattod.2019.05.040,"Figure 7f, 0.5Ca5P5ZZr-IMP, first stability point",0.0808326,900.605,904.178,904.178
10.1016/j.cattod.2019.05.040 | 30 bar | H2/CO2 3 | 2.4 NL/g/h,10.1016/j.cattod.2019.05.040,"Figure 7a-c, 0.5Ca5P5ZZr-IMP at 250 °C and 30 bar",0.0799818,901.353,904.929,904.929
10.1016/j.cattod.2019.05.040 | 30 bar | H2/CO2 3 | 2.4 NL/g/h,10.1016/j.cattod.2019.05.040,"Figure 7a-c, 5P5ZZr-IMP at 270 °C",0.0732846,901.414,911.062,955.368
10.1016/j.cattod.2019.05.040 | 30 bar | H2/CO2 3 | 2.4 NL/g/h,10.1016/j.cattod.2019.05.040,"Figure 7f, 0.5Ca5P5ZZr-IMP stability at 20 h",0.0699103,910.83,919.031,919.031
10.1016/j.cattod.2019.05.040 | 30 bar | H2/CO2 3 | 2.4 NL/g/h,10.1016/j.cattod.2019.05.040,"Figure 7f, 0.5Ca5P5ZZr-IMP stability at 50 h",0.0675893,913.742,920.582,920.582
10.1016/j.cattod.2019.05.040 | 30 bar | H2/CO2 3 | 2.4 NL/g/h,10.1016/j.cattod.2019.05.040,"Figure 7f, 0.5Ca5P5ZZr-IMP stability at 75 h",0.0657657,915.864,923.649,923.649
10.1016/j.cattod.2019.05.040 | 30 bar | H2/CO2 3 | 2.4 NL/g/h,10.1016/j.cattod.2019.05.040,"Figure 7f, 0.5Ca5P5ZZr-IMP stability at 100 h",0.0643942,917.078,928.478,928.623
10.1016/j.cattod.2019.05.040 | 30 bar | H2/CO2 3 | 2.4 NL/g/h,10.1016/j.cattod.2019.05.040,"Table 3, 0.5Ca5P5ZZr-IMP at 230 °C",0.0617567,922.501,922.501,922.501
10.1016/j.cattod.2019.05.040 | 30 bar | H2/CO2 3 | 2.4 NL/g/h,10.1016/j.cattod.2019.05.040,"Figure 7a-c, 5P5ZZr-IMP at 250 °C and 30 bar",0.058463,924.442,938.208,943.338
10.1016/j.cattod.2019.05.040 | 30 bar | H2/CO2 3 | 2.4 NL/g/h,10.1016/j.cattod.2019.05.040,"Table 3, 5P5ZZr-IMP at 230 °C",0.0488907,945.641,945.641,945.641
10.1016/j.cattod.2019.05.040 | 30 bar | H2/CO2 3 | 2.4 NL/g/h,10.1016/j.cattod.2019.05.040,"Figure 7a-c, 0.5Ca5P5ZZr-IMP at 220 °C",0.0325938,999.027,999.027,999.027
10.1016/j.cattod.2019.05.040 | 30 bar | H2/CO2 3 | 2.4 NL/g/h,10.1016/j.cattod.2019.05.040,"Figure 7a-c, 5P5ZZr-IMP at 220 °C",0.0155249,1164.21,1164.21,1164.21
10.1016/j.cattod.2020.05.049 | 41 bar | H2/CO2 3 | 3.6 NL/g/h,10.1016/j.cattod.2020.05.049,Table 1 row 9,0.0715177,906.813,913.183,1412.86
10.1016/j.cattod.2020.05.049 | 41 bar | H2/CO2 3 | 3.6 NL/g/h,10.1016/j.cattod.2020.05.049,Table 1 row 8,0.0645967,912.857,920.485,1437.55
10.1016/j.cattod.2020.05.049 | 41 bar | H2/CO2 3 | 3.6 NL/g/h,10.1016/j.cattod.2020.05.049,Table 1 row 6,0.0611361,907.356,913.254,1564.51
10.1016/j.cattod.2020.05.049 | 41 bar | H2/CO2 3 | 3.6 NL/g/h,10.1016/j.cattod.2020.05.049,Table 1 row 5,0.0588291,897.103,900.697,1786.72
10.1016/j.cattod.2020.05.049 | 41 bar | H2/CO2 3 | 3.6 NL/g/h,10.1016/j.cattod.2020.05.049,"Figure 7, Pd-Cu/Ti0.1Zr0.9O2, 493 K",0.0576756,939.718,949.774,1245.84
10.1016/j.cattod.2020.05.049 | 41 bar | H2/CO2 3 | 3.6 NL/g/h,10.1016/j.cattod.2020.05.049,Table 1 row 7,0.0565221,903.577,908.292,1670.4
10.1016/j.cattod.2020.05.049 | 41 bar | H2/CO2 3 | 3.6 NL/g/h,10.1016/j.cattod.2020.05.049,Table 1 row 2,0.047294,904.342,908.569,1956.26
10.1016/j.cattod.2020.05.049 | 41 bar | H2/CO2 3 | 3.6 NL/g/h,10.1016/j.cattod.2020.05.049,Table 1 row 10,0.047294,934.565,948.054,1562.35
10.1016/j.cattod.2020.05.049 | 41 bar | H2/CO2 3 | 3.6 NL/g/h,10.1016/j.cattod.2020.05.049,Table 1 row 3,0.0415264,926.348,935.713,1819.69
10.1016/j.cattod.2020.05.049 | 41 bar | H2/CO2 3 | 3.6 NL/g/h,10.1016/j.cattod.2020.05.049,"Figure 7, Pd-Cu/SiO2 benchmark",0.0357589,946.985,963.441,1771.01
10.1016/j.cattod.2020.05.049 | 41 bar | H2/CO2 3 | 3.6 NL/g/h,10.1016/j.cattod.2020.05.049,Table 1 row 1,0.0322983,914.597,919.247,2576.84
10.1016/j.cattod.2020.05.049 | 41 bar | H2/CO2 3 | 3.6 NL/g/h,10.1016/j.cattod.2020.05.049,Table 1 row 4,0.0299913,950.179,966.104,1961.76
10.1016/j.cej.2022.135090 | 40 bar | H2/CO2 3 | 6 NL/g/h,10.1016/j.cej.2022.135090,"Fig. 2/Fig. 7, In2O3/HZSM-5 = 2:1, 400 °C",0.00482474,2025.02,2042.75,74815.9
10.1016/j.cej.2022.135090 | 40 bar | H2/CO2 3 | 6 NL/g/h,10.1016/j.cej.2022.135090,"Fig. 2/Fig. 7, In2O3/HZSM-5 = 2:1, 370 °C",0.00360247,2951.64,2995.27,96821.7
10.1016/j.cej.2022.135090 | 40 bar | H2/CO2 3 | 6 NL/g/h,10.1016/j.cej.2022.135090,"Fig. 2/Fig. 7, In2O3/HZSM-5 = 2:1, 340 °C",0.00210144,3441.24,3560.75,116006
10.1016/j.cej.2022.135090 | 40 bar | H2/CO2 3 | 6 NL/g/h,10.1016/j.cej.2022.135090,"Fig. 2/Fig. 7, In2O3/HZSM-5 = 2:1, 320 °C",0.000964948,4025.71,4390.99,169435
10.1016/j.cej.2022.135090 | 40 bar | H2/CO2 3 | 6 NL/g/h,10.1016/j.cej.2022.135090,"Fig. 2/Fig. 7, In2O3/HZSM-5 = 2:1, 300 °C",0.000514639,4768.95,5792.58,222341
10.1016/j.cej.2022.135090 | 40 bar | H2/CO2 3 | 6 NL/g/h,10.1016/j.cej.2022.135090,"Fig. 2/Fig. 7, In2O3/HZSM-5 = 2:1, 280 °C",0.000225155,6235.48,13281.5,321454
10.1016/j.cej.2022.135090 | 40 bar | H2/CO2 3 | 6 NL/g/h,10.1016/j.cej.2022.135090,"Fig. 2/Fig. 7, In2O3/HZSM-5 = 2:1, 250 °C",6.43299e-05,9118.14,570727,570727
10.1016/j.cej.2024.149370 | 50 bar | H2/CO2 4 | 21 NL/g/h,10.1016/j.cej.2024.149370,"Fig. 1a,b/text, Pd-Pt/In2O3, 300 °C",0.73,877.803,882.98,1059.99
10.1016/j.cej.2024.149370 | 50 bar | H2/CO2 4 | 21 NL/g/h,10.1016/j.cej.2024.149370,"Fig. 1a,b, Pd-Pt/In2O3-n(3:1), 300 °C",0.725,877.825,883.007,1065.87
10.1016/j.cej.2024.149370 | 50 bar | H2/CO2 4 | 21 NL/g/h,10.1016/j.cej.2024.149370,"Fig. 1a,b, Pd-Pt/In2O3-n(1:3), 300 °C",0.62,880.474,886.339,1098.54
10.1016/j.cej.2024.149370 | 50 bar | H2/CO2 4 | 21 NL/g/h,10.1016/j.cej.2024.149370,"Fig. 1a,b, Pd-Pt/In2O3, 280 °C",0.61,893.379,901.632,1011.91
10.1016/j.cej.2024.149370 | 50 bar | H2/CO2 4 | 21 NL/g/h,10.1016/j.cej.2024.149370,"Fig. 1a,b, Pd/In2O3, 300 °C",0.607,885.96,893.788,1076.43
10.1016/j.cej.2024.149370 | 50 bar | H2/CO2 4 | 21 NL/g/h,10.1016/j.cej.2024.149370,"Fig. 1a,b, Pt/In2O3, 300 °C",0.558,884.509,891.312,1166.42
10.1016/j.cej.2024.149370 | 50 bar | H2/CO2 4 | 21 NL/g/h,10.1016/j.cej.2024.149370,"Fig. 1a,b, Pd-Pt/In2O3-n(3:1), 280 °C",0.53,897.013,906.425,1023.05
10.1016/j.cej.2024.149370 | 50 bar | H2/CO2 4 | 21 NL/g/h,10.1016/j.cej.2024.149370,"Fig. 1a,b, Pd-Pt/In2O3-n(1:3), 280 °C",0.53,895.676,904.573,1028.47
10.1016/j.cej.2024.149370 | 50 bar | H2/CO2 4 | 21 NL/g/h,10.1016/j.cej.2024.149370,"Fig. 1a,b, Pd/In2O3, 280 °C",0.52,899.955,910.561,1041
10.1016/j.cej.2024.149370 | 50 bar | H2/CO2 4 | 21 NL/g/h,10.1016/j.cej.2024.149370,"Fig. 1a,b, Pd-Pt/In2O3, 260 °C",0.49,917.022,930.948,994.681
10.1016/j.cej.2024.149370 | 50 bar | H2/CO2 4 | 21 NL/g/h,10.1016/j.cej.2024.149370,"Fig. 1a,b, Pt/In2O3, 280 °C",0.46,904.277,916.567,1061.5
10.1016/j.cej.2024.149370 | 50 bar | H2/CO2 4 | 21 NL/g/h,10.1016/j.cej.2024.149370,"Fig. 1a,b, Pd-Pt/In2O3-n(3:1), 260 °C",0.44,915.948,929.166,993.391
10.1016/j.cej.2024.149370 | 50 bar | H2/CO2 4 | 21 NL/g/h,10.1016/j.cej.2024.149370,"Fig. 1a,b, Pd/In2O3, 260 °C",0.43,922.991,939.413,1007.51
10.1016/j.cej.2024.149370 | 50 bar | H2/CO2 4 | 21 NL/g/h,10.1016/j.cej.2024.149370,"Fig. 1a,b, Pd-Pt/In2O3-n(1:3), 260 °C",0.43,924.932,942.33,1009.74
10.1016/j.cej.2024.149370 | 50 bar | H2/CO2 4 | 21 NL/g/h,10.1016/j.cej.2024.149370,"Fig. 1a,b, Pt/In2O3, 260 °C",0.39,934.264,956.563,1026.8
10.1016/j.cej.2024.149370 | 50 bar | H2/CO2 4 | 21 NL/g/h,10.1016/j.cej.2024.149370,"Fig. 1a,b, Pd-Pt/In2O3, 240 °C",0.37,938.402,955.624,983.688
10.1016/j.cej.2024.149370 | 50 bar | H2/CO2 4 | 21 NL/g/h,10.1016/j.cej.2024.149370,"Fig. 1a,b, Pd-Pt/In2O3-n(1:3), 240 °C",0.33,952.72,976.687,1004.77
10.1016/j.cej.2024.149370 | 50 bar | H2/CO2 4 | 21 NL/g/h,10.1016/j.cej.2024.149370,"Fig. 1a,b, Pd-Pt/In2O3-n(3:1), 240 °C",0.32,940.621,958.444,986.012
10.1016/j.cej.2024.149370 | 50 bar | H2/CO2 4 | 21 NL/g/h,10.1016/j.cej.2024.149370,"Fig. 1a,b, Pd/In2O3, 240 °C",0.3,958.799,985.894,1011.35
10.1016/j.cej.2024.149370 | 50 bar | H2/CO2 4 | 21 NL/g/h,10.1016/j.cej.2024.149370,"Fig. 1a,b, Pt/In2O3, 240 °C",0.29,965.082,995.95,1024.11
10.1016/j.cej.2024.149370 | 50 bar | H2/CO2 4 | 21 NL/g/h,10.1016/j.cej.2024.149370,"Fig. 1a,b, Pd-Pt/In2O3, 220 °C",0.24,1010.23,1020.8,1020.8
10.1016/j.cej.2024.149370 | 50 bar | H2/CO2 4 | 21 NL/g/h,10.1016/j.cej.2024.149370,"Fig. 1a,b, Pd-Pt/In2O3-n(3:1), 220 °C",0.22,1006.99,1017.48,1017.48
10.1016/j.cej.2024.149370 | 50 bar | H2/CO2 4 | 21 NL/g/h,10.1016/j.cej.2024.149370,"Fig. 1a,b, Pd-Pt/In2O3-n(1:3), 220 °C",0.22,1044.93,1056.1,1056.1
10.1016/j.cej.2024.149370 | 50 bar | H2/CO2 4 | 21 NL/g/h,10.1016/j.cej.2024.149370,"Fig. 1a,b, Pt/In2O3, 220 °C",0.21,1051.38,1062.66,1062.66
10.1016/j.cej.2024.149370 | 50 bar | H2/CO2 4 | 21 NL/g/h,10.1016/j.cej.2024.149370,"Fig. 1a,b, Pd/In2O3, 220 °C",0.17,1036.02,1046.99,1046.99
10.1016/j.fuel.2022.125878 | 30 bar | H2/CO2 3 | 12000 h-1,10.1016/j.fuel.2022.125878,"Fig. 9/text, In13/ZrO2, 573 K",0.31209,875.026,883.209,1181.71
10.1016/j.fuel.2022.125878 | 30 bar | H2/CO2 3 | 12000 h-1,10.1016/j.fuel.2022.125878,"Fig. 9/text, In13/ZrO2, 553 K",0.249021,901.356,919.237,1058.94
10.1016/j.fuel.2022.125878 | 30 bar | H2/CO2 3 | 12000 h-1,10.1016/j.fuel.2022.125878,"Figure 9, 533 K",0.131233,954.863,1003.62,1178.86
10.1016/j.fuel.2022.125878 | 30 bar | H2/CO2 3 | 12000 h-1,10.1016/j.fuel.2022.125878,"Figure 9, 513 K",0.0694763,1127.41,1197.19,1197.19
10.1016/j.fuel.2022.125878 | 30 bar | H2/CO2 3 | 12000 h-1,10.1016/j.fuel.2022.125878,"Figure 10, In1/ZrO2, 573 K",0.0422862,948.588,1000.08,3059.66
10.1016/j.fuel.2022.125878 | 30 bar | H2/CO2 3 | 12000 h-1,10.1016/j.fuel.2022.125878,"Figure 10, In2O3, 573 K",0.0337732,1334.28,1599.78,1599.78
10.1016/j.fuel.2022.125878 | 30 bar | H2/CO2 3 | 12000 h-1,10.1016/j.fuel.2022.125878,"Figure 10, In1/ZrO2, 553 K",0.0336231,1046.18,1319.41,2383.65
10.1016/j.fuel.2022.125878 | 30 bar | H2/CO2 3 | 12000 h-1,10.1016/j.fuel.2022.125878,"Fig. 9/text, In13/ZrO2, 493 K",0.025732,1672.33,1672.33,1672.33
10.1016/j.fuel.2022.125878 | 30 bar | H2/CO2 3 | 12000 h-1,10.1016/j.fuel.2022.125878,"Fig. 10/text, bulk In2O3, 553 K",0.0211002,1680.69,1925.13,1925.13
10.1016/j.fuel.2022.125878 | 30 bar | H2/CO2 3 | 12000 h-1,10.1016/j.fuel.2022.125878,"Fig. 10/text, In13/CeO2, 553 K",0.00724097,3165.85,3751.08,3751.08
10.1016/j.fuel.2022.125878 | 30 bar | H2/CO2 3 | 12000 h-1,10.1016/j.fuel.2022.125878,"Figure 10, In13/CeO2, 573 K",0.00702482,3180.76,3851.34,3851.34
10.1016/j.fuel.2022.125878 | 30 bar | H2/CO2 3 | 12000 h-1,10.1016/j.fuel.2022.125878,"Figure 10, ZrO2, 573 K",0.000771959,5790.21,27230.6,27230.6
10.1016/j.fuel.2022.125878 | 30 bar | H2/CO2 3 | 12000 h-1,10.1016/j.fuel.2022.125878,"Fig. 10/text, In13/CeO2, 493 K selectivity statement",0.000729072,23378.6,27213.9,27213.9
10.1016/j.fuel.2022.125878 | 30 bar | H2/CO2 3 | 12000 h-1,10.1016/j.fuel.2022.125878,"Figure 10, In1/CeO2, 553 K",0.000557526,23471,35259.3,35259.3
10.1016/j.fuel.2022.125878 | 30 bar | H2/CO2 3 | 12000 h-1,10.1016/j.fuel.2022.125878,"Figure 10, In2O3, 493 K",0.000514639,23465.7,38101.2,38101.2
10.1016/j.fuel.2022.125878 | 30 bar | H2/CO2 3 | 12000 h-1,10.1016/j.fuel.2022.125878,"Figure 10, In1/CeO2, 573 K",0.000334515,23704.2,57951.3,57951.3
10.1016/j.fuel.2022.125878 | 30 bar | H2/CO2 3 | 12000 h-1,10.1016/j.fuel.2022.125878,"Fig. 10/text, In1/CeO2, 493 K selectivity statement",0.000291629,45410.5,65778,65778
10.1016/j.fuel.2023.127927 | 20 bar | H2/CO2 3 | 2.4 NL/g/h,10.1016/j.fuel.2023.127927,"Table 1, 0.5Ca-PZC",0.129151,872.108,873.656,896.602
10.1016/j.fuel.2023.127927 | 20 bar | H2/CO2 3 | 2.4 NL/g/h,10.1016/j.fuel.2023.127927,"Table 1, 0.7Ca-PZC",0.126584,872.792,874.392,900.762
10.1016/j.fuel.2023.127927 | 20 bar | H2/CO2 3 | 2.4 NL/g/h,10.1016/j.fuel.2023.127927,"Figure 6A, 250 °C, 0.5Ca-PZC",0.122484,869.109,871.078,952.023
10.1016/j.fuel.2023.127927 | 20 bar | H2/CO2 3 | 2.4 NL/g/h,10.1016/j.fuel.2023.127927,"Figure 6A, 250 °C, 0.7Ca-PZC",0.120974,868.827,870.763,964.029
10.1016/j.fuel.2023.127927 | 20 bar | H2/CO2 3 | 2.4 NL/g/h,10.1016/j.fuel.2023.127927,"Figure 6A, 220 °C, 0.7Ca-PZC",0.119808,875.692,877.286,889.574
10.1016/j.fuel.2023.127927 | 20 bar | H2/CO2 3 | 2.4 NL/g/h,10.1016/j.fuel.2023.127927,"Figure 6A, 220 °C, 0.5Ca-PZC",0.11648,877.169,878.871,891.067
10.1016/j.fuel.2023.127927 | 20 bar | H2/CO2 3 | 2.4 NL/g/h,10.1016/j.fuel.2023.127927,"Figure 6A, 220 °C, PZC",0.115279,877.282,878.992,895.967
10.1016/j.fuel.2023.127927 | 20 bar | H2/CO2 3 | 2.4 NL/g/h,10.1016/j.fuel.2023.127927,"Table 1, PZC",0.109875,878.914,881.019,919.837
10.1016/j.fuel.2023.127927 | 20 bar | H2/CO2 3 | 2.4 NL/g/h,10.1016/j.fuel.2023.127927,"Figure 6A, 270 °C, 0.5Ca-PZC",0.108074,868.513,870.997,1050.83
10.1016/j.fuel.2023.127927 | 20 bar | H2/CO2 3 | 2.4 NL/g/h,10.1016/j.fuel.2023.127927,"Figure 6A, 250 °C, PZC",0.107045,872.799,875.106,994.833
10.1016/j.fuel.2023.127927 | 20 bar | H2/CO2 3 | 2.4 NL/g/h,10.1016/j.fuel.2023.127927,"Figure 6A, 250 °C, 0.3Ca-PZC",0.103271,878.525,881.558,950.295
10.1016/j.fuel.2023.127927 | 20 bar | H2/CO2 3 | 2.4 NL/g/h,10.1016/j.fuel.2023.127927,"Figure 6A, 270 °C, 0.7Ca-PZC",0.102293,869.534,872.105,1078.15
10.1016/j.fuel.2023.127927 | 20 bar | H2/CO2 3 | 2.4 NL/g/h,10.1016/j.fuel.2023.127927,"Table 1, 1.0Ca-PZC",0.100503,881.064,883.452,940.976
10.1016/j.fuel.2023.127927 | 20 bar | H2/CO2 3 | 2.4 NL/g/h,10.1016/j.fuel.2023.127927,"Figure 6A, 270 °C, 0.3Ca-PZC",0.100355,876.043,879.684,998.508
10.1016/j.fuel.2023.127927 | 20 bar | H2/CO2 3 | 2.4 NL/g/h,10.1016/j.fuel.2023.127927,"Table 1, 0.3Ca-PZC",0.0974769,886.609,889.62,907.894
10.1016/j.fuel.2023.127927 | 20 bar | H2/CO2 3 | 2.4 NL/g/h,10.1016/j.fuel.2023.127927,"Figure 6A, 250 °C, 1.0Ca-PZC",0.0963404,875.015,877.503,1042.16
10.1016/j.fuel.2023.127927 | 20 bar | H2/CO2 3 | 2.4 NL/g/h,10.1016/j.fuel.2023.127927,"Figure 6A, 220 °C, 1.0Ca-PZC",0.0944448,886.188,888.618,930.5
10.1016/j.fuel.2023.127927 | 20 bar | H2/CO2 3 | 2.4 NL/g/h,10.1016/j.fuel.2023.127927,"Figure 6A, 220 °C, 0.3Ca-PZC",0.093407,891.125,894.079,895.736
10.1016/j.fuel.2023.127927 | 20 bar | H2/CO2 3 | 2.4 NL/g/h,10.1016/j.fuel.2023.127927,"Figure 6A, 270 °C, 1.0Ca-PZC",0.0915629,871.487,874.205,1139.77
10.1016/j.fuel.2023.127927 | 20 bar | H2/CO2 3 | 2.4 NL/g/h,10.1016/j.fuel.2023.127927,"Figure 6A, 270 °C, PZC",0.0801979,874.275,877.217,1215.14
10.1016/j.fuel.2023.128376 | 50 bar | H2/CO2 4 | 24 NL/g/h,10.1016/j.fuel.2023.128376,"Fig. 1/text, 5.0% Zn-CdZrOx, 320℃",0.375,931.972,970.922,1033.38
10.1016/j.fuel.2023.128376 | 50 bar | H2/CO2 4 | 24 NL/g/h,10.1016/j.fuel.2023.128376,"Fig. 1/text, 5.0% Zn-CdZrOx, 300℃",0.285,947.13,1004.54,1034.94
10.1016/j.fuel.2023.128376 | 50 bar | H2/CO2 4 | 24 NL/g/h,10.1016/j.fuel.2023.128376,"Fig. 1/text, 5.0% Zn-CdZrOx, 340℃",0.23,919.921,963.878,1344.67
10.1016/j.fuel.2023.128376 | 50 bar | H2/CO2 4 | 24 NL/g/h,10.1016/j.fuel.2023.128376,"Fig. 1/text, 5.0% Zn-CdZrOx, 280℃",0.2,1000.48,1075.89,1075.89
10.1016/j.fuel.2023.128376 | 50 bar | H2/CO2 4 | 24 NL/g/h,10.1016/j.fuel.2023.128376,"Fig. 1, 13.0% Zn-CdZrOx, 320℃",0.19,1012.11,1069.36,1069.36
10.1016/j.fuel.2023.128376 | 50 bar | H2/CO2 4 | 24 NL/g/h,10.1016/j.fuel.2023.128376,"Text, 7.5% Zn-CdZrOx, 320℃",0.187,1009.5,1139.57,1139.57
10.1016/j.fuel.2023.128376 | 50 bar | H2/CO2 4 | 24 NL/g/h,10.1016/j.fuel.2023.128376,"Fig. 1/text, 5.0% Zn-CdZrOx, 360℃",0.185,917.173,965.792,1654.85
10.1016/j.fuel.2023.128376 | 50 bar | H2/CO2 4 | 24 NL/g/h,10.1016/j.fuel.2023.128376,"Fig. 1, 0% Zn-CdZrOx, 320℃",0.15,996.462,1152.96,1152.96
10.1016/j.fuel.2023.128376 | 50 bar | H2/CO2 4 | 24 NL/g/h,10.1016/j.fuel.2023.128376,"Fig. 1, 13.0% Zn-CdZrOx, 300℃",0.15,1113.15,1132.53,1132.53
10.1016/j.fuel.2023.128376 | 50 bar | H2/CO2 4 | 24 NL/g/h,10.1016/j.fuel.2023.128376,"Fig. 1, 13.0% Zn-CdZrOx, 340℃",0.135,1021.43,1293.22,1542.47
10.1016/j.fuel.2023.128376 | 50 bar | H2/CO2 4 | 24 NL/g/h,10.1016/j.fuel.2023.128376,"Fig. 1, 0% Zn-CdZrOx, 300℃",0.12,1094.07,1196.9,1196.9
10.1016/j.fuel.2023.128376 | 50 bar | H2/CO2 4 | 24 NL/g/h,10.1016/j.fuel.2023.128376,"Fig. 1, 0% Zn-CdZrOx, 340℃",0.11,1006.87,1183.21,1533.74
10.1016/j.fuel.2023.128376 | 50 bar | H2/CO2 4 | 24 NL/g/h,10.1016/j.fuel.2023.128376,"Fig. 1, 13.0% Zn-CdZrOx, 280℃",0.1,1207.24,1214.34,1214.34
10.1016/j.fuel.2023.128376 | 50 bar | H2/CO2 4 | 24 NL/g/h,10.1016/j.fuel.2023.128376,"Fig. 1, 13.0% Zn-CdZrOx, 360℃",0.1,956.814,1100.4,2085.8
10.1016/j.fuel.2023.128376 | 50 bar | H2/CO2 4 | 24 NL/g/h,10.1016/j.fuel.2023.128376,"Fig. 1, 0% Zn-CdZrOx, 360℃",0.045,972.647,1086.5,2601.68
10.1016/j.fuel.2023.128376 | 50 bar | H2/CO2 4 | 24 NL/g/h,10.1016/j.fuel.2023.128376,"Text, 20.0% Zn-CdZrOx, 320℃",0.045,1263.94,1905.43,1905.43
10.1016/j.fuel.2023.128376 | 50 bar | H2/CO2 4 | 24 NL/g/h,10.1016/j.fuel.2023.128376,"Fig. 1, 0% Zn-CdZrOx, 280℃",0.035,1538.63,1672.12,1672.12
10.1016/j.fuel.2023.128376 | 50 bar | H2/CO2 4 | 24000 h-1,10.1016/j.fuel.2023.128376,"SI Figure S1, 10.0% Zn-CdZrOx, 320 °C",0.197,982.299,1144.03,1144.03
10.1016/j.fuel.2023.128376 | 50 bar | H2/CO2 4 | 24000 h-1,10.1016/j.fuel.2023.128376,"SI Figure S1, 10.0% Zn-CdZrOx, 300 °C",0.187,1008.34,1091.47,1091.47
10.1016/j.fuel.2023.128376 | 50 bar | H2/CO2 4 | 24000 h-1,10.1016/j.fuel.2023.128376,"SI Figure S1, 10.0% Zn-CdZrOx, 340 °C",0.183,970.201,1107.05,1330.4
10.1016/j.fuel.2023.128376 | 50 bar | H2/CO2 4 | 24000 h-1,10.1016/j.fuel.2023.128376,"SI Figure S1, 2.5% Zn-CdZrOx, 320 °C",0.158,989.858,1190.77,1287.63
10.1016/j.fuel.2023.128376 | 50 bar | H2/CO2 4 | 24000 h-1,10.1016/j.fuel.2023.128376,"SI Figure S1, 7.5% Zn-CdZrOx, 340 °C",0.157,972.144,1156.17,1355.05
10.1016/j.fuel.2023.128376 | 50 bar | H2/CO2 4 | 24000 h-1,10.1016/j.fuel.2023.128376,"SI Figure S1, 10.0% Zn-CdZrOx, 280 °C",0.147,1087.82,1138.94,1138.94
10.1016/j.fuel.2023.128376 | 50 bar | H2/CO2 4 | 24000 h-1,10.1016/j.fuel.2023.128376,"SI Figure S1, 7.5% Zn-CdZrOx, 360 °C",0.145,965.576,1119.48,1586.92
10.1016/j.fuel.2023.128376 | 50 bar | H2/CO2 4 | 24000 h-1,10.1016/j.fuel.2023.128376,"SI Figure S1, 7.5% Zn-CdZrOx, 300 °C",0.141,1067.29,1183.45,1183.45
10.1016/j.fuel.2023.128376 | 50 bar | H2/CO2 4 | 24000 h-1,10.1016/j.fuel.2023.128376,"SI Figure S1, 2.5% Zn-CdZrOx, 300 °C",0.138,1038.09,1244.3,1244.3
10.1016/j.fuel.2023.128376 | 50 bar | H2/CO2 4 | 24000 h-1,10.1016/j.fuel.2023.128376,"SI Figure S1, 2.5% Zn-CdZrOx, 340 °C",0.132,971.718,1145.5,1536.83
10.1016/j.fuel.2023.128376 | 50 bar | H2/CO2 4 | 24000 h-1,10.1016/j.fuel.2023.128376,"SI Figure S1, 10.0% Zn-CdZrOx, 360 °C",0.13,941.589,1040.64,1816.95
10.1016/j.fuel.2023.128376 | 50 bar | H2/CO2 4 | 24000 h-1,10.1016/j.fuel.2023.128376,"SI Figure S1, 7.5% Zn-CdZrOx, 280 °C",0.095,1192.19,1313.42,1313.42
10.1016/j.fuel.2023.128376 | 50 bar | H2/CO2 4 | 24000 h-1,10.1016/j.fuel.2023.128376,"SI Figure S1, 2.5% Zn-CdZrOx, 280 °C",0.08,1214.27,1422.03,1422.03
10.1016/j.fuel.2023.128376 | 50 bar | H2/CO2 4 | 24000 h-1,10.1016/j.fuel.2023.128376,"SI Figure S1, 2.5% Zn-CdZrOx, 360 °C",0.055,965.895,1109.51,3231.52
10.1016/j.fuel.2023.128376 | 50 bar | H2/CO2 4 | 24000 h-1,10.1016/j.fuel.2023.128376,"SI Figure S1, 20.0% Zn-CdZrOx, 300 °C",0.015,1698.59,2608.95,2608.95
10.1016/j.fuel.2023.128376 | 50 bar | H2/CO2 4 | 24000 h-1,10.1016/j.fuel.2023.128376,"SI Figure S1, 20.0% Zn-CdZrOx, 340 °C",0.01,1257.28,3291.44,3291.44
10.1016/j.fuel.2023.128376 | 50 bar | H2/CO2 4 | 24000 h-1,10.1016/j.fuel.2023.128376,"SI Figure S1, 20.0% Zn-CdZrOx, 280 °C",0.005,1884.62,2753.61,2753.61
10.1016/j.fuel.2023.128376 | 50 bar | H2/CO2 4 | 24000 h-1,10.1016/j.fuel.2023.128376,"SI Figure S1, 20.0% Zn-CdZrOx, 360 °C",0.005,1224.88,11801.9,11801.9
10.1016/j.fuel.2024.131111 | 40 bar | H2/CO2 5 | 12 NL/g/h,10.1016/j.fuel.2024.131111,"Fig. 6A, 260 °C",0.356302,899.634,906.402,932.552
10.1016/j.fuel.2024.131111 | 40 bar | H2/CO2 5 | 12 NL/g/h,10.1016/j.fuel.2024.131111,"Fig. 2C, In loading 7 wt%",0.345837,903.633,910.207,922.032
10.1016/j.fuel.2024.131111 | 40 bar | H2/CO2 5 | 12 NL/g/h,10.1016/j.fuel.2024.131111,"Fig. 2A, calcination 400 °C",0.336197,905.352,912.309,925.714
10.1016/j.fuel.2024.131111 | 40 bar | H2/CO2 5 | 12 NL/g/h,10.1016/j.fuel.2024.131111,"Fig. 2B, carburization 425 °C",0.336197,905.352,912.309,925.714
10.1016/j.fuel.2024.131111 | 40 bar | H2/CO2 5 | 12 NL/g/h,10.1016/j.fuel.2024.131111,"Fig. 2C, In loading 5 wt%",0.336197,905.352,912.309,925.714
10.1016/j.fuel.2024.131111 | 40 bar | H2/CO2 5 | 12 NL/g/h,10.1016/j.fuel.2024.131111,"Fig. 6A, 250 °C",0.336197,905.352,912.309,925.714
10.1016/j.fuel.2024.131111 | 40 bar | H2/CO2 5 | 12 NL/g/h,10.1016/j.fuel.2024.131111,"Fig. 6C, pressure 4.0 MPa",0.336197,905.352,912.309,925.714
10.1016/j.fuel.2024.131111 | 40 bar | H2/CO2 5 | 12 NL/g/h,10.1016/j.fuel.2024.131111,"Fig. 6D, GHSV 12000",0.336197,905.352,912.309,925.714
10.1016/j.fuel.2024.131111 | 40 bar | H2/CO2 5 | 12 NL/g/h,10.1016/j.fuel.2024.131111,"Fig. 2C, In loading 3 wt%",0.317132,908.46,916.132,936.766
10.1016/j.fuel.2024.131111 | 40 bar | H2/CO2 5 | 12 NL/g/h,10.1016/j.fuel.2024.131111,"Fig. 6A, 240 °C",0.296747,915.833,923.88,929.747
10.1016/j.fuel.2024.131111 | 40 bar | H2/CO2 5 | 12 NL/g/h,10.1016/j.fuel.2024.131111,"Fig. 2A, calcination 450 °C",0.259861,932.165,944.487,959.741
10.1016/j.fuel.2024.131111 | 40 bar | H2/CO2 5 | 12 NL/g/h,10.1016/j.fuel.2024.131111,"Fig. 6A, 220 °C",0.247827,932.986,940.027,940.027
10.1016/j.fuel.2024.131111 | 40 bar | H2/CO2 5 | 12 NL/g/h,10.1016/j.fuel.2024.131111,"Fig. 2B, carburization 450 °C",0.243573,929.217,942.949,965.723
10.1016/j.fuel.2024.131111 | 40 bar | H2/CO2 5 | 12 NL/g/h,10.1016/j.fuel.2024.131111,"Fig. 2B, carburization 400 °C",0.239193,932.232,947.072,961.57
10.1016/j.fuel.2024.131111 | 40 bar | H2/CO2 5 | 12 NL/g/h,10.1016/j.fuel.2024.131111,"Fig. 2B, carburization 375 °C",0.228443,936.72,953.261,966.262
10.1016/j.fuel.2024.131111 | 40 bar | H2/CO2 5 | 12 NL/g/h,10.1016/j.fuel.2024.131111,"Fig. 2B, carburization 475 °C",0.216835,944.102,963.648,963.648
10.1016/j.fuel.2024.131111 | 40 bar | H2/CO2 5 | 12 NL/g/h,10.1016/j.fuel.2024.131111,"Fig. 2A, calcination 350 °C",0.216766,945.371,958.926,958.926
10.1016/j.fuel.2024.131111 | 40 bar | H2/CO2 5 | 12 NL/g/h,10.1016/j.fuel.2024.131111,"Fig. 6A, 200 °C",0.19403,960.885,961.853,961.853
10.1016/j.fuel.2024.131111 | 40 bar | H2/CO2 5 | 12 NL/g/h,10.1016/j.fuel.2024.131111,SI Table S3 row 10,0.19299,955.957,978.5,1006.25
10.1016/j.fuel.2024.131111 | 40 bar | H2/CO2 5 | 12 NL/g/h,10.1016/j.fuel.2024.131111,"Fig. 2A, calcination 300 °C",0.152848,989.705,1004.24,1004.24
10.1016/j.fuel.2024.131111 | 40 bar | H2/CO2 5 | 12 NL/g/h,10.1016/j.fuel.2024.131111,"Fig. 2A, calcination 500 °C",0.137574,1007.69,1017.21,1017.21
10.1016/j.fuel.2024.131111 | 40 bar | H2/CO2 5 | 12 NL/g/h,10.1016/j.fuel.2024.131111,"Fig. 2C, In loading 1 wt%",0.113106,1049.51,1088.64,1088.64
10.1016/j.fuel.2024.131111 | 40 bar | H2/CO2 5 | 12 NL/g/h,10.1016/j.fuel.2024.131111,SI Table S3 row 11,0.0411711,1365.93,1400.51,1400.51
10.1016/j.fuel.2024.131111 | 40 bar | H2/CO2 5 | 12 NL/g/h,10.1016/j.fuel.2024.131111,SI Table S3 row 12,0.0177265,1646.36,2281.68,2281.68
10.1016/j.fuel.2024.131111 | 40 bar | H2/CO2 5 | 18 NL/g/h,10.1016/j.fuel.2024.131111,"Fig. 6B, H2/CO2 = 5/1",0.55,902.744,909.698,921.186
10.1016/j.fuel.2024.131111 | 40 bar | H2/CO2 5 | 18 NL/g/h,10.1016/j.fuel.2024.131111,"Fig. 6D, GHSV 18000",0.47,911.817,921.035,928.09
10.1016/j.fuel.2024.131111 | 60 bar | H2/CO2 10 | 116 NL/g/h,10.1016/j.fuel.2024.131111,"Fig. 7A stability, 120 h",2.62,924.997,931.302,938.961
10.1016/j.fuel.2024.131111 | 60 bar | H2/CO2 10 | 116 NL/g/h,10.1016/j.fuel.2024.131111,"Figure 7A, stability first point",2.55,923.279,929.257,937.202
10.1016/j.jcat.2012.05.020 | 30 bar | H2/CO2 3 | 13.4 NL/g/h,10.1016/j.jcat.2012.05.020,"Table 2, PdMgGa",0.0201865,1368.98,2285.42,2285.42
10.1016/j.jcat.2012.05.020 | 30 bar | H2/CO2 3 | 13.4 NL/g/h,10.1016/j.jcat.2012.05.020,"Table 2, PdZnAl",0.0174949,1685.98,2427.32,2427.32
10.1016/j.jcat.2012.05.020 | 30 bar | H2/CO2 3 | 13.4 NL/g/h,10.1016/j.jcat.2012.05.020,"Table 2, PdMgAl",0.000576756,2861.84,45761.8,45761.8
10.1016/j.jcat.2016.03.017 | 20 bar | H2/CO2 3 | 3.6 NL/g/h,10.1016/j.jcat.2016.03.017,"Figure 9b, first point",0.144099,869.418,871.792,1052.89
10.1016/j.jcat.2016.03.017 | 20 bar | H2/CO2 3 | 3.6 NL/g/h,10.1016/j.jcat.2016.03.017,"Figure 9b, last point",0.087746,891.692,897.112,1158.89
10.1016/j.jcat.2016.03.017 | 20 bar | H2/CO2 3 | 3.6 NL/g/h,10.1016/j.jcat.2016.03.017,Table 5 row 3,0.0842593,891.765,897.101,1193.52
10.1016/j.jcat.2016.03.017 | 20 bar | H2/CO2 3 | 3.6 NL/g/h,10.1016/j.jcat.2016.03.017,Table 5 row 2,0.0833715,893.351,899.008,1183.87
10.1016/j.jcat.2016.03.017 | 20 bar | H2/CO2 3 | 3.6 NL/g/h,10.1016/j.jcat.2016.03.017,Table 4 row 3,0.0825996,893.977,899.75,1184.75
10.1016/j.jcat.2016.03.017 | 20 bar | H2/CO2 3 | 3.6 NL/g/h,10.1016/j.jcat.2016.03.017,Table 5 row 1,0.0825996,893.977,899.75,1184.75
10.1016/j.jcat.2016.03.017 | 20 bar | H2/CO2 3 | 3.6 NL/g/h,10.1016/j.jcat.2016.03.017,Table 6 row 8,0.0825996,893.977,899.75,1184.75
10.1016/j.jcat.2016.03.017 | 20 bar | H2/CO2 3 | 3.6 NL/g/h,10.1016/j.jcat.2016.03.017,"Figure 10a, 275 °C",0.0787398,888.799,895.53,1299.63
10.1016/j.jcat.2016.03.017 | 20 bar | H2/CO2 3 | 3.6 NL/g/h,10.1016/j.jcat.2016.03.017,Table 5 row 4,0.0715606,898.132,904.451,1268.76
10.1016/j.jcat.2016.03.017 | 20 bar | H2/CO2 3 | 3.6 NL/g/h,10.1016/j.jcat.2016.03.017,Table 6 row 7,0.0589519,917.966,929.3,1243.86
10.1016/j.jcat.2016.03.017 | 20 bar | H2/CO2 3 | 3.6 NL/g/h,10.1016/j.jcat.2016.03.017,Table 6 row 6,0.0537283,913.038,922.236,1390.26
10.1016/j.jcat.2016.03.017 | 20 bar | H2/CO2 3 | 3.6 NL/g/h,10.1016/j.jcat.2016.03.017,Table 6 row 9,0.0518756,938.133,957.084,1200.82
10.1016/j.jcat.2016.03.017 | 20 bar | H2/CO2 3 | 3.6 NL/g/h,10.1016/j.jcat.2016.03.017,Table 6 row 10,0.0518756,949.051,973.955,1135.33
10.1016/j.jcat.2016.03.017 | 20 bar | H2/CO2 3 | 3.6 NL/g/h,10.1016/j.jcat.2016.03.017,"Figure 10a, 300 °C",0.0355101,905.618,916.461,2216.76
10.1016/j.jcat.2016.03.017 | 20 bar | H2/CO2 3 | 3.6 NL/g/h,10.1016/j.jcat.2016.03.017,"Figure 10a, 225 °C",0.0277905,933.431,940.662,2109.88
10.1016/j.jcat.2016.03.017 | 20 bar | H2/CO2 3 | 3.6 NL/g/h,10.1016/j.jcat.2016.03.017,"Figure 10a, 200 °C",0.0216148,940.809,945.37,2564.39
10.1016/j.jcat.2016.03.017 | 20 bar | H2/CO2 3 | 3.6 NL/g/h,10.1016/j.jcat.2016.03.017,Table 5 row 5,0.0203797,950.471,964.666,2506.01
10.1016/j.jcat.2016.03.017 | 20 bar | H2/CO2 3 | 3.6 NL/g/h,10.1016/j.jcat.2016.03.017,Table 4 row 1,0.0166228,1195.27,1407.44,1407.44
10.1016/j.jcat.2016.03.017 | 20 bar | H2/CO2 3 | 3.6 NL/g/h,10.1016/j.jcat.2016.03.017,Table 4 row 2,0.00905765,1078.84,1179.45,2925.12
10.1016/j.jcat.2016.03.017 | 20 bar | H2/CO2 3 | 3.6 NL/g/h,10.1016/j.jcat.2016.03.017,"Figure 10a, 175 °C",0.0036668,1030.19,1033.11,14053
10.1016/j.jcat.2016.03.017 | 20 bar | H2/CO2 3 | 3.6 NL/g/h,10.1016/j.jcat.2016.03.017,Table 5 row 6,0.00242897,1078.72,1088.22,19379.7
10.1016/j.jcat.2016.03.017 | 20 bar | H2/CO2 3 | 3.6 NL/g/h,10.1016/j.jcat.2016.03.017,Table 6 row 5,0.00234161,1759.83,4749.94,4749.94
10.1016/j.jcat.2016.03.017 | 20 bar | H2/CO2 3 | 3.6 NL/g/h,10.1016/j.jcat.2016.03.017,"Figure 9a, last point",0.00180124,1132.98,1148.22,21640.5
10.1016/j.jcat.2016.03.017 | 20 bar | H2/CO2 3 | 3.6 NL/g/h,10.1016/j.jcat.2016.03.017,Table 6 row 3,0.00172404,1142.8,1159.59,21796.3
10.1016/j.jcat.2016.03.017 | 20 bar | H2/CO2 3 | 3.6 NL/g/h,10.1016/j.jcat.2016.03.017,"Figure 9a, first point",0.00154392,1122.13,1127.09,39213.5
10.1016/j.jcat.2016.03.017 | 20 bar | H2/CO2 3 | 3.6 NL/g/h,10.1016/j.jcat.2016.03.017,"Figure 10a, 150 °C",0.0012866,1161.52,1164.52,40144.2
10.1016/j.jcat.2016.03.017 | 20 bar | H2/CO2 3 | 3.6 NL/g/h,10.1016/j.jcat.2016.03.017,Table 4 row 4,0.00111934,1195.09,1204.6,40973.7
10.1016/j.jcat.2016.03.017 | 20 bar | H2/CO2 3 | 3.6 NL/g/h,10.1016/j.jcat.2016.03.017,Table 5 row 7,0.00109361,1201.01,1211,41105.3
10.1016/j.jcou.2016.11.015 | 40 bar | H2/CO2 3.04 | 1.5 NL/g/h,10.1016/j.jcou.2016.11.015,"Text, 513 K, 55.3 wt.% catalyst",0.0543639,887.375,888.925,1184.95
10.1016/j.jcou.2016.11.015 | 40 bar | H2/CO2 3.04 | 1.5 NL/g/h,10.1016/j.jcou.2016.11.015,"Table 4, 513 K, CZA-4",0.0532111,888.092,889.679,1192.98
10.1016/j.jcou.2016.11.015 | 40 bar | H2/CO2 3.04 | 1.5 NL/g/h,10.1016/j.jcou.2016.11.015,"Fig. 9 text, CZA-4 after 200 h",0.0523501,888.727,890.35,1197.42
10.1016/j.jcou.2016.11.015 | 40 bar | H2/CO2 3.04 | 1.5 NL/g/h,10.1016/j.jcou.2016.11.015,"Table 4, 513 K, CZA-3",0.0485346,891.386,893.151,1225.97
10.1016/j.jcou.2016.11.015 | 40 bar | H2/CO2 3.04 | 1.5 NL/g/h,10.1016/j.jcou.2016.11.015,"Table 4, 493 K, CZA-4",0.0454684,897.753,899.445,1178.11
10.1016/j.jcou.2016.11.015 | 40 bar | H2/CO2 3.04 | 1.5 NL/g/h,10.1016/j.jcou.2016.11.015,"Table 4, 513 K, CZA-2",0.0411855,898.377,900.581,1275.4
10.1016/j.jcou.2016.11.015 | 40 bar | H2/CO2 3.04 | 1.5 NL/g/h,10.1016/j.jcou.2016.11.015,"Table 4, 493 K, CZA-3",0.0383658,907.908,910.257,1193.84
10.1016/j.jcou.2016.11.015 | 40 bar | H2/CO2 3.04 | 1.5 NL/g/h,10.1016/j.jcou.2016.11.015,"Table 4, 493 K, CZA-2",0.0341288,913.836,916.579,1231.55
10.1016/j.jcou.2016.11.015 | 40 bar | H2/CO2 3.04 | 1.5 NL/g/h,10.1016/j.jcou.2016.11.015,"Table 4, 513 K, CZA-1",0.0243815,915.264,918.082,1688.52
10.1016/j.jcou.2016.11.015 | 40 bar | H2/CO2 3.04 | 1.5 NL/g/h,10.1016/j.jcou.2016.11.015,"Table 4, 493 K, CZA-1",0.0192146,936.344,940.029,1656.02
10.1016/j.jcou.2022.102209 | 40 bar | H2/CO2 3 | 24 NL/g/h,10.1016/j.jcou.2022.102209,"SI Fig. S2, CoIn-73-BP-1, 285 °C",0.439159,960.308,981.225,1193.65
10.1016/j.jcou.2022.102209 | 40 bar | H2/CO2 3 | 24 NL/g/h,10.1016/j.jcou.2022.102209,"SI Fig. S2, CoIn-73-BP-1, 270 °C",0.437443,948.111,971.05,1086.73
10.1016/j.jcou.2022.102209 | 40 bar | H2/CO2 3 | 24 NL/g/h,10.1016/j.jcou.2022.102209,"SI Fig. S2, CoIn-73-BP-1, 300 °C",0.42432,973.303,990.816,1377.18
10.1016/j.jcou.2022.102209 | 40 bar | H2/CO2 3 | 24 NL/g/h,10.1016/j.jcou.2022.102209,"SI Fig. S2, CoIn-73-BP-1, 255 °C",0.417887,949.746,974.926,1028.96
10.1016/j.jcou.2022.102209 | 40 bar | H2/CO2 3 | 24 NL/g/h,10.1016/j.jcou.2022.102209,"SI Fig. S2, CoIn-73-BP-1, 240 °C",0.401418,948.526,972.737,995.977
10.1016/j.jcou.2022.102209 | 40 bar | H2/CO2 3 | 24 NL/g/h,10.1016/j.jcou.2022.102209,"SI Fig. S2, CoIn-64-BP-1, 300 °C",0.321135,982.231,1011.14,1450.87
10.1016/j.jcou.2022.102209 | 40 bar | H2/CO2 3 | 24 NL/g/h,10.1016/j.jcou.2022.102209,"SI Fig. S2, CoIn-64-BP-1, 285 °C",0.31393,982.744,1022.52,1272.74
10.1016/j.jcou.2022.102209 | 40 bar | H2/CO2 3 | 24 NL/g/h,10.1016/j.jcou.2022.102209,"SI Fig. S2, CoIn-64-BP-1, 270 °C",0.313072,971.26,1018.59,1135.18
10.1016/j.jcou.2022.102209 | 40 bar | H2/CO2 3 | 24 NL/g/h,10.1016/j.jcou.2022.102209,"SI Fig. S2, CoIn-64-BP-1, 240 °C",0.312214,972.908,1017.97,1018.94
10.1016/j.jcou.2022.102209 | 40 bar | H2/CO2 3 | 24 NL/g/h,10.1016/j.jcou.2022.102209,"SI Fig. S2, CoIn-82-BP-1, 300 °C",0.297204,1002.67,1033.56,1537.64
10.1016/j.jcou.2022.102209 | 40 bar | H2/CO2 3 | 24 NL/g/h,10.1016/j.jcou.2022.102209,"SI Fig. S2, CoIn-64-BP-1, 255 °C",0.295403,973.168,1026.92,1074.86
10.1016/j.jcou.2022.102209 | 40 bar | H2/CO2 3 | 24 NL/g/h,10.1016/j.jcou.2022.102209,"SI Fig. S2, CoIn-82-BP-1, 285 °C",0.288198,997.133,1039.53,1342.38
10.1016/j.jcou.2022.102209 | 40 bar | H2/CO2 3 | 24 NL/g/h,10.1016/j.jcou.2022.102209,"SI Fig. S2, CoIn-82-BP-1, 270 °C",0.275847,976.307,1028.66,1199.31
10.1016/j.jcou.2022.102209 | 40 bar | H2/CO2 3 | 24 NL/g/h,10.1016/j.jcou.2022.102209,"SI Fig. S2, CoIn-82-BP-1, 255 °C",0.274474,985.411,1046.89,1101.16
10.1016/j.jcou.2022.102209 | 40 bar | H2/CO2 3 | 24 NL/g/h,10.1016/j.jcou.2022.102209,"Fig. 1/Table 1, CoIn-N, 300 °C",0.266068,1028.27,1074.08,1529.73
10.1016/j.jcou.2022.102209 | 40 bar | H2/CO2 3 | 24 NL/g/h,10.1016/j.jcou.2022.102209,"Fig. 1, CoIn-N, 285 °C",0.263152,1007.44,1067.22,1317.2
10.1016/j.jcou.2022.102209 | 40 bar | H2/CO2 3 | 24 NL/g/h,10.1016/j.jcou.2022.102209,"SI Fig. S2, CoIn-82-BP-1, 240 °C",0.258177,991.686,1054.69,1071.13
10.1016/j.jcou.2022.102209 | 40 bar | H2/CO2 3 | 24 NL/g/h,10.1016/j.jcou.2022.102209,"Fig. 1, CoIn-N, 270 °C",0.254489,1017.21,1090.04,1217.76
10.1016/j.jcou.2022.102209 | 40 bar | H2/CO2 3 | 24 NL/g/h,10.1016/j.jcou.2022.102209,"Fig. 1, CoIn-N, 255 °C",0.233303,1020.46,1116.35,1136.62
10.1016/j.jcou.2022.102209 | 40 bar | H2/CO2 3 | 24 NL/g/h,10.1016/j.jcou.2022.102209,"Fig. 1, CoIn-N, 240 °C",0.226441,1027.82,1092.06,1092.06
10.1016/j.jcou.2022.102209 | 40 bar | H2/CO2 3 | 24 NL/g/h,10.1016/j.jcou.2022.102209,"SI Fig. S2, CoIn-91-BP-1, 300 °C",0.141268,1206.88,1280.5,2567.17
10.1016/j.jcou.2022.102209 | 40 bar | H2/CO2 3 | 24 NL/g/h,10.1016/j.jcou.2022.102209,"SI Fig. S2, CoIn-91-BP-1, 285 °C",0.140153,1149.67,1268.92,1957.92
10.1016/j.jcou.2022.102209 | 40 bar | H2/CO2 3 | 24 NL/g/h,10.1016/j.jcou.2022.102209,"SI Fig. S2, In-BP-1, 300 °C",0.139639,962.484,1066.44,1743.41
10.1016/j.jcou.2022.102209 | 40 bar | H2/CO2 3 | 24 NL/g/h,10.1016/j.jcou.2022.102209,"SI Fig. S2, CoIn-91-BP-1, 270 °C",0.137237,1134.12,1316.88,1635.01
10.1016/j.jcou.2022.102209 | 40 bar | H2/CO2 3 | 24 NL/g/h,10.1016/j.jcou.2022.102209,"SI Fig. S2, CoIn-91-BP-1, 255 °C",0.129689,1146.25,1439.76,1450.01
10.1016/j.jcou.2022.102209 | 40 bar | H2/CO2 3 | 24 NL/g/h,10.1016/j.jcou.2022.102209,"SI Fig. S2, CoIn-91-BP-1, 240 °C",0.125229,1146.95,1348.1,1348.1
10.1016/j.jcou.2022.102209 | 40 bar | H2/CO2 3 | 24 NL/g/h,10.1016/j.jcou.2022.102209,"SI Fig. S2, In-BP-1, 285 °C",0.120769,1005.74,1202.65,1639.56
10.1016/j.jcou.2022.102209 | 40 bar | H2/CO2 3 | 24 NL/g/h,10.1016/j.jcou.2022.102209,"SI Fig. S1, 1.04 wt% K/CoIn-N, 300 °C",0.10653,951.459,986.78,2893.06
10.1016/j.jcou.2022.102209 | 40 bar | H2/CO2 3 | 24 NL/g/h,10.1016/j.jcou.2022.102209,"SI Fig. S1, 1.04 wt% K/CoIn-N, 285 °C",0.105072,974.857,1038.26,2329.44
10.1016/j.jcou.2022.102209 | 40 bar | H2/CO2 3 | 24 NL/g/h,10.1016/j.jcou.2022.102209,"SI Fig. S1, 1.04 wt% K/CoIn-N, 255 °C",0.0958944,1051.78,1249.37,1754.58
10.1016/j.jcou.2022.102209 | 40 bar | H2/CO2 3 | 24 NL/g/h,10.1016/j.jcou.2022.102209,"SI Fig. S1, 1.04 wt% K/CoIn-N, 270 °C",0.093407,1019.66,1156.14,2023.35
10.1016/j.jcou.2022.102209 | 40 bar | H2/CO2 3 | 24 NL/g/h,10.1016/j.jcou.2022.102209,"SI Fig. S2, In-BP-1, 270 °C",0.0905765,1077.45,1594.99,1684.64
10.1016/j.jcou.2022.102209 | 40 bar | H2/CO2 3 | 24 NL/g/h,10.1016/j.jcou.2022.102209,"SI Fig. S1, 1.04 wt% K/CoIn-N, 240 °C",0.0802837,1133.33,1603.68,1691.97
10.1016/j.jcou.2022.102209 | 40 bar | H2/CO2 3 | 24 NL/g/h,10.1016/j.jcou.2022.102209,"SI Fig. S2, In-BP-1, 255 °C",0.0672462,1162.29,1822.37,1822.37
10.1016/j.jcou.2022.102209 | 40 bar | H2/CO2 3 | 24 NL/g/h,10.1016/j.jcou.2022.102209,"SI Fig. S2, In-BP-1, 240 °C",0.0566103,1262.21,1856.14,1856.14
10.1016/j.jes.2023.05.010 | 30 bar | H2/CO2 4 | 18 NL/g/h,10.1016/j.jes.2023.05.010,"Fig. 6a,b and text, Au/In2O3-NS, 300°C",0.32,884.456,895.777,1168.03
10.1016/j.jes.2023.05.010 | 30 bar | H2/CO2 4 | 18 NL/g/h,10.1016/j.jes.2023.05.010,"Fig. 6a,b, Au/In2O3-NP, 300°C",0.188,919.203,952.45,1285.5
10.1016/j.jes.2023.05.010 | 30 bar | H2/CO2 4 | 18 NL/g/h,10.1016/j.jes.2023.05.010,"Fig. 6a,b, Au/In2O3-NS, 275°C",0.16,952.15,1001.39,1219.08
10.1016/j.jes.2023.05.010 | 30 bar | H2/CO2 4 | 18 NL/g/h,10.1016/j.jes.2023.05.010,"Fig. 6a,b, Au/In2O3-HM, 300°C",0.157,942.73,1002.27,1288.63
10.1016/j.jes.2023.05.010 | 30 bar | H2/CO2 4 | 18 NL/g/h,10.1016/j.jes.2023.05.010,"Fig. 6a,b, Au/In2O3-NP, 275°C",0.107,1019.33,1184.02,1280.57
10.1016/j.jes.2023.05.010 | 30 bar | H2/CO2 4 | 18 NL/g/h,10.1016/j.jes.2023.05.010,"Fig. 6a,b, Au/In2O3-HM, 275°C",0.09,1054.62,1342.96,1342.96
10.1016/j.jes.2023.05.010 | 30 bar | H2/CO2 4 | 18 NL/g/h,10.1016/j.jes.2023.05.010,"Fig. 6a,b, Au/In2O3-NS, 250°C",0.078,1105.15,1430.07,1430.07
10.1016/j.jes.2023.05.010 | 30 bar | H2/CO2 4 | 18 NL/g/h,10.1016/j.jes.2023.05.010,"Fig. 6a,b, Au/In2O3-NP, 250°C",0.052,1377.54,1661.98,1661.98
10.1016/j.jes.2023.05.010 | 30 bar | H2/CO2 4 | 18 NL/g/h,10.1016/j.jes.2023.05.010,"Fig. 6a,b, Au/In2O3-HM, 250°C",0.034,1554.29,2074.24,2074.24
10.1016/j.jes.2023.05.010 | 30 bar | H2/CO2 4 | 18 NL/g/h,10.1016/j.jes.2023.05.010,"Fig. 6a,b, Au/In2O3-NS, 225°C",0.017,1508.69,2527.25,2527.25
10.1016/j.jes.2023.05.010 | 30 bar | H2/CO2 4 | 18 NL/g/h,10.1016/j.jes.2023.05.010,"Fig. 6a,b, Au/In2O3-NP, 225°C",0.014,2403.85,2519.06,2519.06
10.1016/j.jes.2023.05.010 | 30 bar | H2/CO2 4 | 18 NL/g/h,10.1016/j.jes.2023.05.010,"Fig. 6a,b, Au/In2O3-HM, 225°C",0.012,2897.66,3122.69,3122.69
10.1016/j.jes.2023.05.010 | 30 bar | H2/CO2 4 | 18 NL/g/h,10.1016/j.jes.2023.05.010,"Fig. 6a,b, Au/In2O3-NS, 200°C",0.006,2940.92,6058.21,6058.21
10.1016/j.jes.2023.05.010 | 30 bar | H2/CO2 4 | 18 NL/g/h,10.1016/j.jes.2023.05.010,"Fig. 6a,b, Au/In2O3-NP, 200°C",0.004,3937.37,5312.11,5312.11
10.1016/j.jes.2023.05.010 | 30 bar | H2/CO2 4 | 18 NL/g/h,10.1016/j.jes.2023.05.010,"Fig. 6a,b, Au/In2O3-HM, 200°C",0.003,6836.68,9535.33,9535.33
10.1016/j.jes.2023.05.010 | 30 bar | H2/CO2 4 | 18000 h-1,10.1016/j.jes.2023.05.010,SI Table S5 row In2O3-NS,0.20757,908.153,932.556,1455.92
10.1016/j.jes.2023.05.010 | 30 bar | H2/CO2 4 | 18000 h-1,10.1016/j.jes.2023.05.010,SI Table S5 row In2O3-NP,0.182785,925.719,965.497,1417.66
10.1016/j.jes.2023.05.010 | 30 bar | H2/CO2 4 | 18000 h-1,10.1016/j.jes.2023.05.010,SI Table S5 row In2O3-HM,0.148751,960.461,1049.5,1379.83
10.1016/j.jes.2023.05.010 | 30 bar | H2/CO2 4 | 18000 h-1,10.1016/j.jes.2023.05.010,"SI Figure S4a,b, In2O3-NS, 275 °C",0.116051,1001.57,1124.06,1420.17
10.1016/j.jes.2023.05.010 | 30 bar | H2/CO2 4 | 18000 h-1,10.1016/j.jes.2023.05.010,"SI Figure S4a,b, In2O3-NP, 275 °C",0.0856359,1048.97,1308.34,1556.24
10.1016/j.jes.2023.05.010 | 30 bar | H2/CO2 4 | 18000 h-1,10.1016/j.jes.2023.05.010,"SI Figure S4a,b, In2O3-HM, 275 °C",0.0722553,1096.74,1600.42,1600.42
10.1016/j.jes.2023.05.010 | 30 bar | H2/CO2 4 | 18000 h-1,10.1016/j.jes.2023.05.010,"SI Figure S4a,b, In2O3-NS, 250 °C",0.0574337,1206.42,1630.1,1630.1
10.1016/j.jes.2023.05.010 | 30 bar | H2/CO2 4 | 18000 h-1,10.1016/j.jes.2023.05.010,"SI Figure S4a,b, In2O3-NP, 250 °C",0.0394728,1344.53,1909.03,1909.03
10.1016/j.jes.2023.05.010 | 30 bar | H2/CO2 4 | 18000 h-1,10.1016/j.jes.2023.05.010,"SI Figure S4a,b, In2O3-HM, 250 °C",0.0362306,1431.16,1933.8,1933.8
10.1016/j.jes.2023.05.010 | 30 bar | H2/CO2 4 | 18000 h-1,10.1016/j.jes.2023.05.010,"SI Figure S4a,b, In2O3-NS, 225 °C",0.0226441,2092.98,2300.28,2300.28
10.1016/j.jes.2023.05.010 | 30 bar | H2/CO2 4 | 18000 h-1,10.1016/j.jes.2023.05.010,"SI Figure S4a,b, In2O3-NP, 225 °C",0.0199165,2228.1,2496.02,2496.02
10.1016/j.jes.2023.05.010 | 30 bar | H2/CO2 4 | 18000 h-1,10.1016/j.jes.2023.05.010,"SI Figure S4a,b, In2O3-HM, 225 °C",0.0162111,2607.42,2830.32,2830.32
10.1016/j.jes.2023.05.010 | 30 bar | H2/CO2 4 | 18000 h-1,10.1016/j.jes.2023.05.010,"SI Figure S4a,b, In2O3-NS, 200 °C",0.0062786,3904.05,5952.59,5952.59
10.1016/j.jes.2023.05.010 | 30 bar | H2/CO2 4 | 18000 h-1,10.1016/j.jes.2023.05.010,"SI Figure S4a,b, In2O3-NP, 200 °C",0.00272759,6851.31,12170.2,12170.2
10.1016/j.jes.2023.05.010 | 30 bar | H2/CO2 4 | 18000 h-1,10.1016/j.jes.2023.05.010,"SI Figure S4a,b, In2O3-HM, 200 °C",0.00216148,12549.4,14755.1,14755.1
10.1016/j.mcat.2020.111105 | 30 bar | H2/CO2 3 | 10000 h-1,10.1016/j.mcat.2020.111105,"Fig. 7/Table 2, 35-CuO, 280 °C",0.338718,963.158,969.596,1105.79
10.1016/j.mcat.2020.111105 | 30 bar | H2/CO2 3 | 10000 h-1,10.1016/j.mcat.2020.111105,"Fig. 7, 35-CuO, 260 °C",0.30378,884.553,892.034,960.947
10.1016/j.mcat.2020.111105 | 30 bar | H2/CO2 3 | 10000 h-1,10.1016/j.mcat.2020.111105,"Fig. 7, 35-CuO, 240 °C",0.302458,912.166,918.971,936.99
10.1016/j.mcat.2020.111105 | 30 bar | H2/CO2 3 | 10000 h-1,10.1016/j.mcat.2020.111105,"Fig. 7, 35-CuO, 220 °C",0.241166,926.726,935.132,936.507
10.1016/j.mcat.2020.111105 | 30 bar | H2/CO2 3 | 10000 h-1,10.1016/j.mcat.2020.111105,"Fig. 7, 35-CuO, 300 °C",0.228586,1070.61,1077.48,1691.16
10.1016/j.mcat.2020.111105 | 30 bar | H2/CO2 3 | 10000 h-1,10.1016/j.mcat.2020.111105,"Fig. 7, 35-CuO, 200 °C",0.192632,953.506,953.506,953.506
10.1016/j.mcat.2020.111105 | 30 bar | H2/CO2 3 | 10000 h-1,10.1016/j.mcat.2020.111105,"Fig. 7, 25-CuO, 260 °C",0.185842,1036.48,1052.57,1244.47
10.1016/j.mcat.2020.111105 | 30 bar | H2/CO2 3 | 10000 h-1,10.1016/j.mcat.2020.111105,"Fig. 7, 40-CuO, 260 °C",0.157966,1222.97,1241.89,1577.75
10.1016/j.mcat.2020.111105 | 30 bar | H2/CO2 3 | 10000 h-1,10.1016/j.mcat.2020.111105,"Fig. 7, 25-CuO, 220 °C",0.154617,1191.05,1211.85,1237.97
10.1016/j.mcat.2020.111105 | 30 bar | H2/CO2 3 | 10000 h-1,10.1016/j.mcat.2020.111105,"Fig. 7, 25-CuO, 240 °C",0.140954,1240.77,1272.52,1352.1
10.1016/j.mcat.2020.111105 | 30 bar | H2/CO2 3 | 10000 h-1,10.1016/j.mcat.2020.111105,"Fig. 7, 40-CuO, 200 °C",0.12748,1136.38,1136.38,1136.38
10.1016/j.mcat.2020.111105 | 30 bar | H2/CO2 3 | 10000 h-1,10.1016/j.mcat.2020.111105,"Fig. 7, 15-CuO, 260 °C",0.122227,1300.74,1352.38,1503.47
10.1016/j.mcat.2020.111105 | 30 bar | H2/CO2 3 | 10000 h-1,10.1016/j.mcat.2020.111105,"Fig. 7, 40-CuO, 240 °C",0.119725,1259.94,1304.95,1386.71
10.1016/j.mcat.2020.111105 | 30 bar | H2/CO2 3 | 10000 h-1,10.1016/j.mcat.2020.111105,"Fig. 7, 40-CuO, 220 °C",0.115472,1277.92,1317.11,1343.92
10.1016/j.mcat.2020.111105 | 30 bar | H2/CO2 3 | 10000 h-1,10.1016/j.mcat.2020.111105,"Fig. 7, 25-CuO, 280 °C",0.114879,893.91,905.04,1733.56
10.1016/j.mcat.2020.111105 | 30 bar | H2/CO2 3 | 10000 h-1,10.1016/j.mcat.2020.111105,"Fig. 7, 25-CuO, 200 °C",0.105715,1166.9,1166.9,1166.9
10.1016/j.mcat.2020.111105 | 30 bar | H2/CO2 3 | 10000 h-1,10.1016/j.mcat.2020.111105,"Fig. 7, 15-CuO, 240 °C",0.099068,1304.9,1375.19,1440.15
10.1016/j.mcat.2020.111105 | 30 bar | H2/CO2 3 | 10000 h-1,10.1016/j.mcat.2020.111105,"Fig. 7, 5-CuO, 260 °C",0.0928137,1451.63,1540.46,1738.72
10.1016/j.mcat.2020.111105 | 30 bar | H2/CO2 3 | 10000 h-1,10.1016/j.mcat.2020.111105,"Fig. 7, 25-CuO, 300 °C",0.0846295,901.123,907.352,2974.06
10.1016/j.mcat.2020.111105 | 30 bar | H2/CO2 3 | 10000 h-1,10.1016/j.mcat.2020.111105,"Fig. 7, 15-CuO, 220 °C",0.0804338,1275.5,1362.6,1371.99
10.1016/j.mcat.2020.111105 | 30 bar | H2/CO2 3 | 10000 h-1,10.1016/j.mcat.2020.111105,"Fig. 7, 15-CuO, 200 °C",0.0750515,1280.13,1280.13,1280.13
10.1016/j.mcat.2020.111105 | 30 bar | H2/CO2 3 | 10000 h-1,10.1016/j.mcat.2020.111105,"Fig. 7, 40-CuO, 280 °C",0.0743368,934.621,945.965,2529.54
10.1016/j.mcat.2020.111105 | 30 bar | H2/CO2 3 | 10000 h-1,10.1016/j.mcat.2020.111105,"Fig. 7, 5-CuO, 240 °C",0.0727285,1410.94,1518.42,1707.31
10.1016/j.mcat.2020.111105 | 30 bar | H2/CO2 3 | 10000 h-1,10.1016/j.mcat.2020.111105,"Fig. 7, 15-CuO, 280 °C",0.0568676,2293.4,2419.39,4040.66
10.1016/j.mcat.2020.111105 | 30 bar | H2/CO2 3 | 10000 h-1,10.1016/j.mcat.2020.111105,"Fig. 7, 5-CuO, 220 °C",0.054055,1559.18,1731.57,1731.57
10.1016/j.mcat.2020.111105 | 30 bar | H2/CO2 3 | 10000 h-1,10.1016/j.mcat.2020.111105,"Fig. 7, 5-CuO, 200 °C",0.0434584,1828.13,1828.13,1828.13
10.1016/j.mcat.2020.111105 | 30 bar | H2/CO2 3 | 10000 h-1,10.1016/j.mcat.2020.111105,"Fig. 7, 5-CuO, 280 °C",0.0301493,3003.82,3377.22,6287.9
10.1016/j.mcat.2020.111105 | 30 bar | H2/CO2 3 | 10000 h-1,10.1016/j.mcat.2020.111105,"Fig. 7, 15-CuO, 300 °C",0.0220151,932.884,952.118,6197.54
10.1016/j.mcat.2020.111105 | 30 bar | H2/CO2 3 | 10000 h-1,10.1016/j.mcat.2020.111105,"Fig. 7, 2-CuO, 280 °C",0.0179731,3611.92,4502.19,8946.03
10.1016/j.mcat.2020.111105 | 30 bar | H2/CO2 3 | 10000 h-1,10.1016/j.mcat.2020.111105,"Fig. 7, 40-CuO, 300 °C",0.0147959,993.826,1001.57,14212.2
10.1016/j.mcat.2020.111105 | 30 bar | H2/CO2 3 | 10000 h-1,10.1016/j.mcat.2020.111105,"Fig. 7, 2-CuO, 260 °C",0.0141812,4053.45,6523.74,8071.56
10.1016/j.mcat.2020.111105 | 30 bar | H2/CO2 3 | 10000 h-1,10.1016/j.mcat.2020.111105,"Fig. 7, 2-CuO, 240 °C",0.0130089,4772.1,7701.85,8269.02
10.1016/j.mcat.2020.111105 | 30 bar | H2/CO2 3 | 10000 h-1,10.1016/j.mcat.2020.111105,"Fig. 7, 5-CuO, 300 °C",0.0123299,3610.16,4083.09,17888.7
10.1016/j.mcat.2020.111105 | 30 bar | H2/CO2 3 | 10000 h-1,10.1016/j.mcat.2020.111105,"Fig. 7, 2-CuO, 300 °C",0.00943505,4059.29,4734.99,22747.4
10.1016/j.mcat.2020.111105 | 30 bar | H2/CO2 3 | 10000 h-1,10.1016/j.mcat.2020.111105,"Fig. 7, 2-CuO, 220 °C",0.00849154,5851.1,8983.54,8983.54
10.1016/j.mcat.2020.111105 | 30 bar | H2/CO2 3 | 10000 h-1,10.1016/j.mcat.2020.111105,"Fig. 7, 2-CuO, 200 °C",0.00578969,10108.2,10108.2,10108.2
10.1021/acs.iecr.7b01464 | 20 bar | H2/CO2 3.03 | 0.873 NL/g/h,10.1021/acs.iecr.7b01464,"Fig 7, CZA400, 2 MPa, internal cooling",0.0643044,857.147,858.669,1190.34
10.1021/acs.iecr.7b01464 | 20 bar | H2/CO2 3.03 | 0.873 NL/g/h,10.1021/acs.iecr.7b01464,"Fig 7, CZA300, 2 MPa, internal cooling",0.047294,867.667,869.221,1234.95
10.1021/acs.iecr.7b01464 | 20 bar | H2/CO2 3.03 | 0.873 NL/g/h,10.1021/acs.iecr.7b01464,"Fig 7, CZA200, 2 MPa, internal cooling",0.033067,880.535,882.279,1365.03
10.1021/acs.iecr.7b01464 | 30 bar | H2/CO2 3.03 | 0.873 NL/g/h,10.1021/acs.iecr.7b01464,"Text/Fig 6, CZA400, 260 °C, internal cooling",0.109135,846.901,848.11,1073.59
10.1021/acs.iecr.7b01464 | 30 bar | H2/CO2 3.03 | 0.873 NL/g/h,10.1021/acs.iecr.7b01464,"Fig 6, CZA400, 250 °C, internal cooling",0.102359,848.6,849.769,1067.71
10.1021/acs.iecr.7b01464 | 30 bar | H2/CO2 3.03 | 0.873 NL/g/h,10.1021/acs.iecr.7b01464,"Table 1, CZA400, internal cooling",0.0962767,850.321,851.451,1061.93
10.1021/acs.iecr.7b01464 | 30 bar | H2/CO2 3.03 | 0.873 NL/g/h,10.1021/acs.iecr.7b01464,"Fig 6, CZA300, 260 °C, internal cooling",0.090608,850.343,851.707,1131.29
10.1021/acs.iecr.7b01464 | 30 bar | H2/CO2 3.03 | 0.873 NL/g/h,10.1021/acs.iecr.7b01464,"Fig 6, CZA400, 230 °C, internal cooling",0.0831099,854.512,855.596,1060.06
10.1021/acs.iecr.7b01464 | 30 bar | H2/CO2 3.03 | 0.873 NL/g/h,10.1021/acs.iecr.7b01464,"Fig 6, CZA300, 250 °C, internal cooling",0.0793308,854.004,855.336,1132.61
10.1021/acs.iecr.7b01464 | 30 bar | H2/CO2 3.03 | 0.873 NL/g/h,10.1021/acs.iecr.7b01464,"Table 1, CZA300, internal cooling",0.0698774,857.899,859.198,1132.87
10.1021/acs.iecr.7b01464 | 30 bar | H2/CO2 3.03 | 0.873 NL/g/h,10.1021/acs.iecr.7b01464,"Text/Fig 6, CZA400, 220 °C, internal cooling",0.0687289,860.899,861.903,1052.79
10.1021/acs.iecr.7b01464 | 30 bar | H2/CO2 3.03 | 0.873 NL/g/h,10.1021/acs.iecr.7b01464,"Fig 6, CZA300, 230 °C, internal cooling",0.0584858,864.391,865.612,1123.46
10.1021/acs.iecr.7b01464 | 30 bar | H2/CO2 3.03 | 0.873 NL/g/h,10.1021/acs.iecr.7b01464,"Fig 6, CZA200, 260 °C, internal cooling",0.057586,861.07,862.683,1266.86
10.1021/acs.iecr.7b01464 | 30 bar | H2/CO2 3.03 | 0.873 NL/g/h,10.1021/acs.iecr.7b01464,"Fig 6, CZA200, 250 °C, internal cooling",0.0514375,865.31,866.875,1259.69
10.1021/acs.iecr.7b01464 | 30 bar | H2/CO2 3.03 | 0.873 NL/g/h,10.1021/acs.iecr.7b01464,"Table 1, CZA200, internal cooling",0.0475958,868.85,870.351,1241.41
10.1021/acs.iecr.7b01464 | 30 bar | H2/CO2 3.03 | 0.873 NL/g/h,10.1021/acs.iecr.7b01464,"Fig 6, CZA300, 220 °C, internal cooling",0.0436994,876.904,878.037,1121.18
10.1021/acs.iecr.7b01464 | 30 bar | H2/CO2 3.03 | 0.873 NL/g/h,10.1021/acs.iecr.7b01464,"Fig 6, CZA200, 230 °C, internal cooling",0.0389906,877.797,879.235,1238.05
10.1021/acs.iecr.7b01464 | 30 bar | H2/CO2 3.03 | 0.873 NL/g/h,10.1021/acs.iecr.7b01464,"Fig 6, CZA200, 220 °C, internal cooling",0.0305176,891.781,893.103,1219.54
10.1021/acs.iecr.7b01464 | 40 bar | H2/CO2 3.03 | 0.873 NL/g/h,10.1021/acs.iecr.7b01464,"Text/Fig 7, CZA400, 4 MPa, internal cooling",0.130987,853.41,854.242,991.625
10.1021/acs.iecr.7b01464 | 40 bar | H2/CO2 3.03 | 0.873 NL/g/h,10.1021/acs.iecr.7b01464,"Fig 7, CZA300, 4 MPa, internal cooling",0.110166,857.018,857.895,1009.34
10.1021/acs.iecr.7b01464 | 40 bar | H2/CO2 3.03 | 0.873 NL/g/h,10.1021/acs.iecr.7b01464,"Fig 7, CZA200, 4 MPa, internal cooling",0.078416,864.237,865.36,1088.79
10.1021/acsaem.1c01502 | 50 bar | H2/CO2 3 | 30 NL/g/h,10.1021/acsaem.1c01502,"Figure 1, CP-Pd/ZnZr, 340 °C",0.85,890.667,913.407,995.616
10.1021/acsaem.1c01502 | 50 bar | H2/CO2 3 | 30 NL/g/h,10.1021/acsaem.1c01502,"Figure 1/text, CP-Pd/ZnZr, 320 °C",0.735,904.162,934.316,968.752
10.1021/acsaem.1c01502 | 50 bar | H2/CO2 3 | 30 NL/g/h,10.1021/acsaem.1c01502,"Figure 1, IM-Pd/ZnZr, 340 °C",0.61,954.285,991.415,991.415
10.1021/acsaem.1c01502 | 50 bar | H2/CO2 3 | 30 NL/g/h,10.1021/acsaem.1c01502,"Figure 1, ZnZr, 340 °C",0.58,932.708,995.48,995.48
10.1021/acsaem.1c01502 | 50 bar | H2/CO2 3 | 30 NL/g/h,10.1021/acsaem.1c01502,"Figure 1, CP-Pd/ZnZr, 300 °C",0.55,953.977,990.522,990.522
10.1021/acsaem.1c01502 | 50 bar | H2/CO2 3 | 30 NL/g/h,10.1021/acsaem.1c01502,"Figure 1/text, IM-Pd/ZnZr, 320 °C",0.46,987.535,1009.21,1009.21
10.1021/acsaem.1c01502 | 50 bar | H2/CO2 3 | 30 NL/g/h,10.1021/acsaem.1c01502,"Figure 1/text, ZnZr, 320 °C",0.434,962.121,998.382,998.382
10.1021/acsaem.1c01502 | 50 bar | H2/CO2 3 | 30 NL/g/h,10.1021/acsaem.1c01502,"Figure 1, CP-Pd/ZnZr, 280 °C",0.42,998.291,1020.33,1020.33
10.1021/acsaem.1c01502 | 50 bar | H2/CO2 3 | 30 NL/g/h,10.1021/acsaem.1c01502,"Figure 1, IM-Pd/ZnZr, 300 °C",0.32,1053.93,1065.85,1065.85
10.1021/acsaem.1c01502 | 50 bar | H2/CO2 3 | 30 NL/g/h,10.1021/acsaem.1c01502,"Figure 1, CP-Pd/ZnZr, 260 °C",0.31,1071.1,1083.34,1083.34
10.1021/acsaem.1c01502 | 50 bar | H2/CO2 3 | 30 NL/g/h,10.1021/acsaem.1c01502,"Figure 1, ZnZr, 300 °C",0.3,1059.64,1090.64,1090.64
10.1021/acsaem.1c01502 | 50 bar | H2/CO2 3 | 30 NL/g/h,10.1021/acsaem.1c01502,"Figure 1, IM-Pd/ZnZr, 280 °C",0.22,1127.63,1130.92,1130.92
10.1021/acsaem.1c01502 | 50 bar | H2/CO2 3 | 30 NL/g/h,10.1021/acsaem.1c01502,"Figure 1, ZnZr, 280 °C",0.21,1111.76,1124.72,1124.72
10.1021/acsaem.1c01502 | 50 bar | H2/CO2 3 | 30 NL/g/h,10.1021/acsaem.1c01502,"Figure 1, IM-Pd/ZnZr, 260 °C",0.15,1248.85,1248.85,1248.85
10.1021/acsaem.1c01502 | 50 bar | H2/CO2 3 | 30 NL/g/h,10.1021/acsaem.1c01502,"Figure 1, ZnZr, 260 °C",0.145,1249.21,1256.91,1256.91
10.1021/acsami.1c05586 | 30 bar | H2/CO2 3 | 7.2 NL/g/h,10.1021/acsami.1c05586,"Table 6/Fig 7, 0.92In-4.6Cu/CeO2, 290 °C",0.161949,870.993,875.851,1242.37
10.1021/acsami.1c05586 | 30 bar | H2/CO2 3 | 7.2 NL/g/h,10.1021/acsami.1c05586,"Table 6/Fig 7, 0.92In-4.6Cu/CeO2, 270 °C",0.155627,875.717,880.347,1197.03
10.1021/acsami.1c05586 | 30 bar | H2/CO2 3 | 7.2 NL/g/h,10.1021/acsami.1c05586,"Table 6/Fig 7, 0.92In-4.6Cu/CeO2, 250 °C",0.154474,884.122,889.126,1091.03
10.1021/acsami.1c05586 | 30 bar | H2/CO2 3 | 7.2 NL/g/h,10.1021/acsami.1c05586,"Table 6/Fig 7, 0.92In-4.6Cu/CeO2, 210 °C",0.148628,907.098,912.601,930.761
10.1021/acsami.1c05586 | 30 bar | H2/CO2 3 | 7.2 NL/g/h,10.1021/acsami.1c05586,"Table 6/Fig 7, 0.92In-4.6Cu/CeO2, 230 °C",0.147722,895.009,900.387,1017.06
10.1021/acsami.1c05586 | 30 bar | H2/CO2 3 | 7.2 NL/g/h,10.1021/acsami.1c05586,"Table 6/Fig 7, 0.92In-4.6Cu/CeO2, 190 °C",0.0967521,947.264,956.568,977.633
10.1021/acsami.1c05586 | 30 bar | H2/CO2 3 | 7.2 NL/g/h,10.1021/acsami.1c05586,"Table 6/Fig 7, 1.7In-4.7Cu/CeO2, 210 °C",0.0933761,940.125,952.196,1028.88
10.1021/acsami.1c05586 | 30 bar | H2/CO2 3 | 7.2 NL/g/h,10.1021/acsami.1c05586,"Table 6/Fig 7, 0.46In-4.7Cu/CeO2, 270 °C",0.0785957,908.754,922.502,1406.36
10.1021/acsami.1c05586 | 30 bar | H2/CO2 3 | 7.2 NL/g/h,10.1021/acsami.1c05586,"Table 6/Fig 7, 1.7In-4.7Cu/CeO2, 270 °C",0.0784516,896.285,904.822,1593.98
10.1021/acsami.1c05586 | 30 bar | H2/CO2 3 | 7.2 NL/g/h,10.1021/acsami.1c05586,"Table 6/Fig 7, 1.7In-4.7Cu/CeO2, 250 °C",0.0778134,908.138,917.766,1424.94
10.1021/acsami.1c05586 | 30 bar | H2/CO2 3 | 7.2 NL/g/h,10.1021/acsami.1c05586,"Table 6/Fig 7, 1.7In-4.7Cu/CeO2, 190 °C",0.074108,976.287,991.92,1031.3
10.1021/acsami.1c05586 | 30 bar | H2/CO2 3 | 7.2 NL/g/h,10.1021/acsami.1c05586,"Table 6/Fig 7, 1.7In-4.7Cu/CeO2, 290 °C",0.0737787,886.889,894.065,1907.63
10.1021/acsami.1c05586 | 30 bar | H2/CO2 3 | 7.2 NL/g/h,10.1021/acsami.1c05586,"Table 6/Fig 7, 1.7In-4.7Cu/CeO2, 230 °C",0.0680559,938.058,953.439,1278
10.1021/acsami.1c05586 | 30 bar | H2/CO2 3 | 7.2 NL/g/h,10.1021/acsami.1c05586,"Table 6/Fig 7, 0.46In-4.7Cu/CeO2, 250 °C",0.0679324,935.116,955.686,1301.15
10.1021/acsami.1c05586 | 30 bar | H2/CO2 3 | 7.2 NL/g/h,10.1021/acsami.1c05586,"Table 6/Fig 7, 0.46In-4.7Cu/CeO2, 210 °C",0.0664914,984.584,1012.1,1072.66
10.1021/acsami.1c05586 | 30 bar | H2/CO2 3 | 7.2 NL/g/h,10.1021/acsami.1c05586,"Table 6/Fig 7, 0.46In-4.7Cu/CeO2, 290 °C",0.0662855,905.073,919.952,1673.55
10.1021/acsami.1c05586 | 30 bar | H2/CO2 3 | 7.2 NL/g/h,10.1021/acsami.1c05586,"Table 6/Fig 7, 0.46In-4.7Cu/CeO2, 230 °C",0.0561986,974.793,1007.53,1234.24
10.1021/acsami.1c05586 | 30 bar | H2/CO2 3 | 7.2 NL/g/h,10.1021/acsami.1c05586,"Table 6/Fig 7, 4.8Cu/CeO2, 230 °C",0.0518756,996.217,1043.93,1210.8
10.1021/acsami.1c05586 | 30 bar | H2/CO2 3 | 7.2 NL/g/h,10.1021/acsami.1c05586,"Table 6/Fig 7, 4.8Cu/CeO2, 270 °C",0.0501464,943.347,974.897,1557.39
10.1021/acsami.1c05586 | 30 bar | H2/CO2 3 | 7.2 NL/g/h,10.1021/acsami.1c05586,"Table 6/Fig 7, 0.46In-4.7Cu/CeO2, 190 °C",0.04957,1036.52,1073.37,1124.42
10.1021/acsami.1c05586 | 30 bar | H2/CO2 3 | 7.2 NL/g/h,10.1021/acsami.1c05586,"Table 6/Fig 7, 4.8Cu/CeO2, 210 °C",0.0460211,1044.51,1108.76,1157.69
10.1021/acsami.1c05586 | 30 bar | H2/CO2 3 | 7.2 NL/g/h,10.1021/acsami.1c05586,"Table 6/Fig 7, 4.8Cu/CeO2, 250 °C",0.0452882,973.408,1016.44,1445.21
10.1021/acsami.1c05586 | 30 bar | H2/CO2 3 | 7.2 NL/g/h,10.1021/acsami.1c05586,"Table 6/Fig 7, 4.8Cu/CeO2, 290 °C",0.0449095,928.08,954.275,1904.81
10.1021/acsami.1c05586 | 30 bar | H2/CO2 3 | 7.2 NL/g/h,10.1021/acsami.1c05586,"Table 6/Fig 7, 4.8Cu/CeO2, 190 °C",0.0326075,1142.53,1228.1,1228.1
10.1021/acsami.1c05586 | 30 bar | H2/CO2 3 | 7.2 NL/g/h,10.1021/acsami.1c05586,"SI Figure S4, Cu/In2O3, 250 °C",0.0197004,1033.46,1122.92,2248.45
10.1021/acsami.1c05586 | 30 bar | H2/CO2 3 | 7.2 NL/g/h,10.1021/acsami.1c05586,"SI Figure S4, Cu/In2O3, 230 °C",0.0190211,1119.98,1327.64,1857.43
10.1021/acsami.1c05586 | 30 bar | H2/CO2 3 | 7.2 NL/g/h,10.1021/acsami.1c05586,"SI Figure S4, Cu/In2O3, 270 °C",0.0189387,991.662,1047.18,2804.97
10.1021/acsami.1c05586 | 30 bar | H2/CO2 3 | 7.2 NL/g/h,10.1021/acsami.1c05586,"Text/Fig S4 summary, Cu/In2O3, 290 °C",0.00860477,1049.51,1181.16,4823.57
10.1021/acsami.1c05586 | 30 bar | H2/CO2 3 | 7.2 NL/g/h,10.1021/acsami.1c05586,"Text/Fig S4 summary, Cu/In2O3, 210 °C",0.0080366,1708.93,2328.35,2328.35
10.1021/acsami.1c05586 | 30 bar | H2/CO2 3 | 7.2 NL/g/h,10.1021/acsami.1c05586,"SI Figure S4, Cu/In2O3, 190 °C",0.00728729,1727.59,2500.12,2500.12
10.1021/acsami.1c05586 | 30 bar | H2/CO2 3 | 7.2 NL/g/h,10.1021/acsami.1c05586,"SI Figure S4, In2O3, 270 °C",0.00691675,1138.67,1507.2,4436.5
10.1021/acsami.1c05586 | 30 bar | H2/CO2 3 | 7.2 NL/g/h,10.1021/acsami.1c05586,"SI Figure S4, In2O3, 230 °C",0.00664914,1504.68,2951.97,2951.97
10.1021/acsami.1c05586 | 30 bar | H2/CO2 3 | 7.2 NL/g/h,10.1021/acsami.1c05586,"SI Figure S4, In2O3, 250 °C",0.00543459,1392.3,3803.56,3803.56
10.1021/acsami.1c05586 | 30 bar | H2/CO2 3 | 7.2 NL/g/h,10.1021/acsami.1c05586,"Text/Fig S4 summary, In2O3, 210 °C",0.00518756,2080.73,3032.03,3032.03
10.1021/acsami.1c05586 | 30 bar | H2/CO2 3 | 7.2 NL/g/h,10.1021/acsami.1c05586,"Text/Fig S4 summary, In2O3, 290 °C",0.00469351,1089.89,1221.54,8303.5
10.1021/acsami.1c05586 | 30 bar | H2/CO2 3 | 7.2 NL/g/h,10.1021/acsami.1c05586,"SI Figure S4, In2O3, 190 °C",0.00251144,3340.74,4987.19,4987.19
10.1021/acscatal.0c03324 | 30 bar | H2/CO2 3 | 10 NL/g/h,10.1021/acscatal.0c03324,"SI Fig S7, O GHSV 10",0.0265,1009.13,1095.55,2780.05
10.1021/acscatal.0c03324 | 30 bar | H2/CO2 3 | 10 NL/g/h,10.1021/acscatal.0c03324,Figure 10c; 2Pd/CeO2-R; GHSV 10 L gcat−1 h−1,0.0208,1045.87,1126.36,3043.59
10.1021/acscatal.0c03324 | 30 bar | H2/CO2 3 | 14 NL/g/h,10.1021/acscatal.0c03324,"SI Fig S7, O GHSV 14",0.021,1055.27,1225.72,3880.45
10.1021/acscatal.0c03324 | 30 bar | H2/CO2 3 | 14 NL/g/h,10.1021/acscatal.0c03324,Figure 10c; 2Pd/CeO2-R; GHSV 14 L gcat−1 h−1,0.0195,1097.44,1275.94,3941.43
10.1021/acscatal.0c03324 | 30 bar | H2/CO2 3 | 18 NL/g/h,10.1021/acscatal.0c03324,"SI Fig S7, O GHSV 18",0.0205,1077.62,1308.21,4512.71
10.1021/acscatal.0c03324 | 30 bar | H2/CO2 3 | 18 NL/g/h,10.1021/acscatal.0c03324,Figure 10c; 2Pd/CeO2-R; GHSV 18 L gcat−1 h−1,0.0078,1239.43,2026.24,13019.3
10.1021/acscatal.0c03324 | 30 bar | H2/CO2 3 | 2 NL/g/h,10.1021/acscatal.0c03324,Figure 10a; 2Pd/CeO2-R; 280 °C,0.0175,966.128,972.534,2431.6
10.1021/acscatal.0c03324 | 30 bar | H2/CO2 3 | 2 NL/g/h,10.1021/acscatal.0c03324,Figure 10a; 2Pd/CeO2-R; 260 °C,0.0148,978.853,986.989,2148.55
10.1021/acscatal.0c03324 | 30 bar | H2/CO2 3 | 2 NL/g/h,10.1021/acscatal.0c03324,Table 3 row 1; standard conditions,0.012,995.185,1010.07,2017.31
10.1021/acscatal.0c03324 | 30 bar | H2/CO2 3 | 2 NL/g/h,10.1021/acscatal.0c03324,"SI Fig S7, O GHSV 2",0.011,996.841,1025.21,2235.04
10.1021/acscatal.0c03324 | 30 bar | H2/CO2 3 | 2 NL/g/h,10.1021/acscatal.0c03324,Figure 10a; 2Pd/CeO2-R; 220 °C,0.0074,1029.55,1045.46,2045.58
10.1021/acscatal.0c03324 | 30 bar | H2/CO2 3 | 2 NL/g/h,10.1021/acscatal.0c03324,Figure 10a; 2Pd/CeO2-R; 200 °C,0.0045,1099.13,1121.59,2147.12
10.1021/acscatal.0c03324 | 30 bar | H2/CO2 3 | 6 NL/g/h,10.1021/acscatal.0c03324,"SI Fig S7, O GHSV 6",0.0256462,986.476,1036.76,2498.33
10.1021/acscatal.0c03324 | 30 bar | H2/CO2 3 | 6 NL/g/h,10.1021/acscatal.0c03324,Figure 10c; 2Pd/CeO2-R; GHSV 6 L gcat−1 h−1,0.024804,1006.42,1041.56,2303.34
10.1021/acscatal.0c03324 | 30 bar | H2/CO2 3 | 6 NL/g/h,10.1021/acscatal.0c03324,"SI Figure S8, first plotted point",0.0241237,1004.89,1039.88,2403.14
10.1021/acscatal.0c03324 | 30 bar | H2/CO2 3 | 6 NL/g/h,10.1021/acscatal.0c03324,Text section 3.5; stability test at 100 h,0.0215488,1015.53,1061.49,2377.03
10.1021/acscatal.0c05628 | 50 bar | H2/CO2 4 | 21 NL/g/h,10.1021/acscatal.0c05628,"Text/Figure 1, Ir/In2O3-10, 300 °C",0.754538,877.69,882.854,1043.73
10.1021/acscatal.0c05628 | 50 bar | H2/CO2 4 | 21 NL/g/h,10.1021/acscatal.0c05628,"Text/Figure 1, Ir/In2O3-5, 300 °C",0.605336,887.884,896.48,1056.58
10.1021/acscatal.0c05628 | 50 bar | H2/CO2 4 | 21 NL/g/h,10.1021/acscatal.0c05628,"Text/Figure 1a, Ir/In2O3-10, 250 °C",0.587804,901.549,908.549,954.847
10.1021/acscatal.0c05628 | 50 bar | H2/CO2 4 | 21 NL/g/h,10.1021/acscatal.0c05628,"Figure 1a, Ir/In2O3-10, 275 °C",0.544694,902.957,914.026,984.78
10.1021/acscatal.0c05628 | 50 bar | H2/CO2 4 | 21 NL/g/h,10.1021/acscatal.0c05628,"Text/Figure 1, Ir/In2O3-1, 300 °C",0.508429,899.065,912.8,1054.97
10.1021/acscatal.0c05628 | 50 bar | H2/CO2 4 | 21 NL/g/h,10.1021/acscatal.0c05628,"Figure 1a, Ir/In2O3-5, 275 °C",0.423591,920.321,939.681,1010.69
10.1021/acscatal.0c05628 | 50 bar | H2/CO2 4 | 21 NL/g/h,10.1021/acscatal.0c05628,"Text/Figure 1, In2O3, 300 °C",0.325964,918.352,944.036,1193.14
10.1021/acscatal.0c05628 | 50 bar | H2/CO2 4 | 21 NL/g/h,10.1021/acscatal.0c05628,"Figure 1a, Ir/In2O3-1, 275 °C",0.297804,949.984,991.271,1065.53
10.1021/acscatal.0c05628 | 50 bar | H2/CO2 4 | 21 NL/g/h,10.1021/acscatal.0c05628,"Text/Figure 1a, Ir/In2O3-5, 250 °C",0.237763,989.369,1048.06,1057.09
10.1021/acscatal.0c05628 | 50 bar | H2/CO2 4 | 21 NL/g/h,10.1021/acscatal.0c05628,"Figure 1a, In2O3, 275 °C",0.190211,994.257,1094.04,1186.5
10.1021/acscatal.0c05628 | 50 bar | H2/CO2 4 | 21 NL/g/h,10.1021/acscatal.0c05628,"Text/Figure 1a, Ir/In2O3-1, 250 °C",0.167515,1053.37,1114.54,1114.54
10.1021/acscatal.0c05628 | 50 bar | H2/CO2 4 | 21 NL/g/h,10.1021/acscatal.0c05628,"Figure 1a, Ir/In2O3-10, 225 °C",0.129809,1123.09,1162.15,1162.15
10.1021/acscatal.0c05628 | 50 bar | H2/CO2 4 | 21 NL/g/h,10.1021/acscatal.0c05628,"Text/Figure 1a, In2O3, 250 °C",0.105913,1150.07,1270.48,1270.48
10.1021/acscatal.0c05628 | 50 bar | H2/CO2 4 | 21 NL/g/h,10.1021/acscatal.0c05628,"Figure 1a, Ir/In2O3-5, 225 °C",0.0855587,1264.82,1303.68,1303.68
10.1021/acscatal.0c05628 | 50 bar | H2/CO2 4 | 21 NL/g/h,10.1021/acscatal.0c05628,"Figure 1a, Ir/In2O3-1, 225 °C",0.045151,1612.44,1679.83,1679.83
10.1021/acscatal.0c05628 | 50 bar | H2/CO2 4 | 21 NL/g/h,10.1021/acscatal.0c05628,"Figure 1a, Ir/In2O3-10, 200 °C",0.0288198,2048.52,2109.5,2109.5
10.1021/acscatal.0c05628 | 50 bar | H2/CO2 4 | 21 NL/g/h,10.1021/acscatal.0c05628,"Figure 1a, In2O3, 225 °C",0.021855,2338,2509.37,2509.37
10.1021/acscatal.0c05628 | 50 bar | H2/CO2 4 | 21 NL/g/h,10.1021/acscatal.0c05628,"Figure 1a, Ir/In2O3-5, 200 °C",0.017472,2810.63,2878.17,2878.17
10.1021/acscatal.0c05628 | 50 bar | H2/CO2 4 | 21 NL/g/h,10.1021/acscatal.0c05628,"Figure 1a, Ir/In2O3-1, 200 °C",0.0115279,3751.12,3879.4,3879.4
10.1021/acscatal.0c05628 | 50 bar | H2/CO2 4 | 21 NL/g/h,10.1021/acscatal.0c05628,"Figure 1a, In2O3, 200 °C",0.00564388,6531.27,6898.16,6898.16
10.1021/acscatal.1c03170 | 30 bar | H2/CO2 3 | 60 NL/g/h,10.1021/acscatal.1c03170,"Fig 4a,b, NiO content 6 wt%",0.254575,1016.39,1157.07,1486.37
10.1021/acscatal.1c03170 | 30 bar | H2/CO2 3 | 60 NL/g/h,10.1021/acscatal.1c03170,"Fig 1, Ni-In2O3 screening catalyst",0.254575,1016.39,1157.07,1486.37
10.1021/acscatal.1c03170 | 30 bar | H2/CO2 3 | 60 NL/g/h,10.1021/acscatal.1c03170,"Figure 4c,d, NiO(6)−In2O3 first TOS point",0.254232,1013.31,1147.05,1499.64
10.1021/acscatal.1c03170 | 30 bar | H2/CO2 3 | 60 NL/g/h,10.1021/acscatal.1c03170,"Fig 1, Pd-In2O3 screening catalyst",0.234675,1099.71,1337.13,1337.13
10.1021/acscatal.1c03170 | 30 bar | H2/CO2 3 | 60 NL/g/h,10.1021/acscatal.1c03170,"Fig 4a,b, NiO content 25 wt%",0.192132,1018.62,1159.29,1806.34
10.1021/acscatal.1c03170 | 30 bar | H2/CO2 3 | 60 NL/g/h,10.1021/acscatal.1c03170,"Figure 4c,d, NiO(1)−In2O3 first TOS point",0.189559,1131.44,1473.87,1473.87
10.1021/acscatal.1c03170 | 30 bar | H2/CO2 3 | 60 NL/g/h,10.1021/acscatal.1c03170,"Fig 4a,b, NiO content 1 wt%",0.166228,1132.66,1610.6,1610.6
10.1021/acscatal.1c03170 | 30 bar | H2/CO2 3 | 60 NL/g/h,10.1021/acscatal.1c03170,"Fig 4a,b, NiO content 50 wt%",0.120082,1044.42,1241.25,2429.56
10.1021/acscatal.1c03170 | 30 bar | H2/CO2 3 | 60 NL/g/h,10.1021/acscatal.1c03170,"Figure 4c,d, In2O3 first TOS point",0.0936643,1313.13,2045.48,2045.48
10.1021/acscatal.1c03170 | 30 bar | H2/CO2 3 | 60 NL/g/h,10.1021/acscatal.1c03170,"Fig 4a,b, NiO content 0 wt%",0.0713633,1457.35,2311.33,2311.33
10.1021/acscatal.1c03170 | 30 bar | H2/CO2 3 | 60 NL/g/h,10.1021/acscatal.1c03170,"Fig 1, Cu-In2O3 screening catalyst",0.0403134,1817.28,3231.64,3231.64
10.1021/acscatal.1c03170 | 30 bar | H2/CO2 3 | 60 NL/g/h,10.1021/acscatal.1c03170,"Fig 1, Co-In2O3 screening catalyst",0.0236734,1677.13,5339.96,5339.96
10.1021/acscatal.1c03170 | 30 bar | H2/CO2 3 | 60 NL/g/h,10.1021/acscatal.1c03170,"Fig 4a,b, NiO content 75 wt%",0.0154392,1564.77,9486.36,9486.36
10.1021/acscatal.1c03170 | 30 bar | H2/CO2 3 | 60 NL/g/h,10.1021/acscatal.1c03170,"Fig 4a,b, NiO content 100 wt%",0.0154392,2015.2,4278.05,17485.8
10.1021/acscatal.5b00682 | 30 bar | H2/CO2 4 | 12 NL/g/h,10.1021/acscatal.5b00682,"SI Figure S3(II), AE, 380 °C, WHSV 12 L/g/h",0.0636394,1075.74,1078.66,8880.57
10.1021/acscatal.5b00682 | 30 bar | H2/CO2 4 | 12 NL/g/h,10.1021/acscatal.5b00682,"SI Figure S3(I), AE, 390 °C, WHSV 12 L/g/h",0.0299863,1033.05,1035.95,17669.2
10.1021/acscatal.5b00682 | 30 bar | H2/CO2 4 | 16 NL/g/h,10.1021/acscatal.5b00682,"Figure 1, 320 °C",0.272827,923.634,926.332,2422.55
10.1021/acscatal.5b00682 | 30 bar | H2/CO2 4 | 16 NL/g/h,10.1021/acscatal.5b00682,"Figure 1, 300 °C",0.261665,884.41,887.949,2010.06
10.1021/acscatal.5b00682 | 30 bar | H2/CO2 4 | 16 NL/g/h,10.1021/acscatal.5b00682,"Figure 1, 280 °C",0.21226,886.955,892.251,1874.01
10.1021/acscatal.5b00682 | 30 bar | H2/CO2 4 | 16 NL/g/h,10.1021/acscatal.5b00682,"Figure 1, 260 °C",0.150796,930.696,947.814,1585.9
10.1021/acscatal.5b00682 | 30 bar | H2/CO2 4 | 16 NL/g/h,10.1021/acscatal.5b00682,"Figure 1, 340 °C",0.148445,952.025,955.07,4283.5
10.1021/acscatal.5b00682 | 30 bar | H2/CO2 4 | 16 NL/g/h,10.1021/acscatal.5b00682,"Figure 1, 360 °C",0.124428,964.597,967.697,5421.66
10.1021/acscatal.5b00682 | 30 bar | H2/CO2 4 | 16 NL/g/h,10.1021/acscatal.5b00682,"Figure 1, 380 °C",0.0944649,1005.6,1008.63,7831.42
10.1021/acscatal.5b00682 | 30 bar | H2/CO2 4 | 16 NL/g/h,10.1021/acscatal.5b00682,"SI Figure S3(I), AE, 390 °C, WHSV 16 L/g/h",0.041355,1018.66,1021.61,16892.5
10.1021/acscatal.5b00682 | 30 bar | H2/CO2 4 | 3 NL/g/h,10.1021/acscatal.5b00682,"SI Figure S3(II), AE, 380 °C, WHSV 3 L/g/h",0.0228157,1250.84,1254.49,7053.38
10.1021/acscatal.5b00682 | 30 bar | H2/CO2 4 | 3 NL/g/h,10.1021/acscatal.5b00682,"SI Figure S3(I), AE, 390 °C, WHSV 3 L/g/h",0.0133838,1278.47,1282.19,12094.9
10.1021/acscatal.5b00682 | 30 bar | H2/CO2 4 | 6 NL/g/h,10.1021/acscatal.5b00682,"SI Figure S3(II), AE, 380 °C, WHSV 6 L/g/h",0.0342235,1177.16,1180.35,8802.84
10.1021/acscatal.5b00682 | 30 bar | H2/CO2 4 | 6 NL/g/h,10.1021/acscatal.5b00682,"SI Figure S3(I), AE, 390 °C, WHSV 6 L/g/h",0.0207052,1079.64,1082.68,13309.7
10.1021/acscatal.5b00682 | 30 bar | H2/CO2 4 | 9 NL/g/h,10.1021/acscatal.5b00682,"SI Figure S3(II), AE, 380 °C, WHSV 9 L/g/h",0.0430238,1098.54,1101.55,9844.67
10.1021/acscatal.5b00682 | 30 bar | H2/CO2 4 | 9 NL/g/h,10.1021/acscatal.5b00682,"SI Figure S3(I), AE, 390 °C, WHSV 9 L/g/h",0.0249832,1052.21,1055.19,16098.4
10.1021/acscatal.5c05984 | 100 bar | H2/CO2 4 | 10 NL/g/h,10.1021/acscatal.5c05984,Table 4 row 11,0.9,907.429,907.429,907.429
10.1021/acscatal.5c05984 | 100 bar | H2/CO2 4 | 10 NL/g/h,10.1021/acscatal.5c05984,Table 4 row 10,0.8,1222.79,1223.3,1232.57
10.1021/acscatal.5c05984 | 100 bar | H2/CO2 4 | 10 NL/g/h,10.1021/acscatal.5c05984,Table 4 row 4,0.65,895.145,896.438,903.916
10.1021/acscatal.5c05984 | 100 bar | H2/CO2 4 | 10 NL/g/h,10.1021/acscatal.5c05984,Table 4 row 7,0.65,1436.48,1436.48,1436.48
10.1021/acscatal.5c05984 | 100 bar | H2/CO2 4 | 10 NL/g/h,10.1021/acscatal.5c05984,Table 4 row 3,0.55,891.017,891.802,895.255
10.1021/acscatal.5c05984 | 100 bar | H2/CO2 4 | 10 NL/g/h,10.1021/acscatal.5c05984,Table 4 row 6,0.4,916.664,916.664,916.664
10.1021/acscatal.5c05984 | 100 bar | H2/CO2 4 | 10 NL/g/h,10.1021/acscatal.5c05984,Table 4 row 2,0.28,2074.88,2083.17,2108.27
10.1021/acscatal.5c05984 | 100 bar | H2/CO2 4 | 10 NL/g/h,10.1021/acscatal.5c05984,Table 4 row 1,0.15,1234.68,1234.68,1234.68
10.1021/acscatal.5c05984 | 100 bar | H2/CO2 4 | 10 NL/g/h,10.1021/acscatal.5c05984,Table 4 row 5,0.1,1062.21,1062.21,1062.21
10.1021/acscatal.5c05984 | 100 bar | H2/CO2 4 | 20 NL/g/h,10.1021/acscatal.5c05984,Table 4 row 12,1.85,894.122,894.122,894.122
10.1021/acscatal.5c05984 | 100 bar | H2/CO2 4 | 20 NL/g/h,10.1021/acscatal.5c05984,Table 4 row 8,1.5,1007.7,1007.7,1007.7
10.1021/acscatal.5c05984 | 100 bar | H2/CO2 4 | 40 NL/g/h,10.1021/acscatal.5c05984,Table 4 row 14,2.95,887.676,887.676,887.676
10.1021/acscatal.5c05984 | 100 bar | H2/CO2 4 | 40 NL/g/h,10.1021/acscatal.5c05984,Table 4 row 9,2.45,938.527,940.121,943.471
10.1021/acscatal.9b01869 | 50 bar | H2/CO2 0.25 | 24000 h-1,10.1021/acscatal.9b01869,"SI Figure S9a, PM-800, 290 °C",0.375293,880.503,888.005,1178.64
10.1021/acscatal.9b01869 | 50 bar | H2/CO2 0.25 | 24000 h-1,10.1021/acscatal.9b01869,"SI Figure S9a, PM-600, 290 °C",0.352866,877.657,883.637,1283.09
10.1021/acscatal.9b01869 | 50 bar | H2/CO2 0.25 | 24000 h-1,10.1021/acscatal.9b01869,"SI Figure S9a, Physical Mixture, 290 °C",0.0555532,1044.84,1662.55,1662.55
10.1021/acscatal.9b01869 | 50 bar | H2/CO2 4 | 24000 h-1,10.1021/acscatal.9b01869,"Fig 5a, bulk In2O3-b, 280 °C",0.171,1132.27,1529.84,1529.84
10.1021/acscatal.9b01869 | 50 bar | H2/CO2 4 | 24000 h-1,10.1021/acscatal.9b01869,"Fig 5, In2.5/ZrO2, 280 °C",0.087,1107.41,1496.83,1496.83
10.1021/acscatal.9b01869 | 50 bar | H2/CO2 4 | 24000 h-1,10.1021/acscatal.9b01869,"Fig 5a, bulk In2O3-b, 250 °C",0.084,1704.57,2212.63,2212.63
10.1021/acscatal.9b01869 | 50 bar | H2/CO2 4 | 24000 h-1,10.1021/acscatal.9b01869,"Fig 5, In5/ZrO2, 280 °C",0.071,1202.64,1515.64,1515.64
10.1021/acscatal.9b01869 | 50 bar | H2/CO2 4 | 24000 h-1,10.1021/acscatal.9b01869,"Fig 5a, In10/ZrO2, 280 °C",0.056,1299.72,1689.8,1689.8
10.1021/acscatal.9b01869 | 50 bar | H2/CO2 4 | 24000 h-1,10.1021/acscatal.9b01869,"Fig 5, In1/ZrO2, 280 °C",0.05,1176.03,1829.22,1829.22
10.1021/acscatal.9b01869 | 50 bar | H2/CO2 4 | 24000 h-1,10.1021/acscatal.9b01869,"Fig 5, In0.5/ZrO2, 280 °C",0.042,1195.22,2217.58,2217.58
10.1021/acscatal.9b01869 | 50 bar | H2/CO2 4 | 24000 h-1,10.1021/acscatal.9b01869,"Fig 5, In2.5/ZrO2, 250 °C",0.035,1538.98,1885.3,1885.3
10.1021/acscatal.9b01869 | 50 bar | H2/CO2 4 | 24000 h-1,10.1021/acscatal.9b01869,"Fig 5, In5/ZrO2, 250 °C",0.024,1865.96,2228.64,2228.64
10.1021/acscatal.9b01869 | 50 bar | H2/CO2 4 | 24000 h-1,10.1021/acscatal.9b01869,"Fig 5a, In10/ZrO2, 250 °C",0.021,2058.83,2521.94,2521.94
10.1021/acscatal.9b01869 | 50 bar | H2/CO2 4 | 24000 h-1,10.1021/acscatal.9b01869,"Fig 5, In0.25/ZrO2, 280 °C",0.017,1400.92,3581.36,3581.36
10.1021/acscatal.9b01869 | 50 bar | H2/CO2 4 | 24000 h-1,10.1021/acscatal.9b01869,"Fig 5, In1/ZrO2, 250 °C",0.016,2068.97,2894.44,2894.44
10.1021/acscatal.9b01869 | 50 bar | H2/CO2 4 | 24000 h-1,10.1021/acscatal.9b01869,"Fig 5, In0.1/ZrO2, 280 °C",0.014,1452.58,4569.6,4569.6
10.1021/acscatal.9b01869 | 50 bar | H2/CO2 4 | 24000 h-1,10.1021/acscatal.9b01869,"Fig 5, In0.5/ZrO2, 250 °C",0.014,2074.93,3507.38,3507.38
10.1021/acscatal.9b01869 | 50 bar | H2/CO2 4 | 24000 h-1,10.1021/acscatal.9b01869,"Fig 5, In0.25/ZrO2, 250 °C",0.007,2858.93,5321.27,5321.27
10.1021/acscatal.9b01869 | 50 bar | H2/CO2 4 | 24000 h-1,10.1021/acscatal.9b01869,"Fig 5, In0.1/ZrO2, 250 °C",0.003,2462.89,8127.24,8127.24
10.1021/acscatal.9b03305 | 50 bar | H2/CO2 4 | 24 NL/g/h,10.1021/acscatal.9b03305,"Figure 8/text, 5 wt % In2O3/m-ZrO2, 553 K",0.28,979.636,1065.88,1072.6
10.1021/acscatal.9b03305 | 50 bar | H2/CO2 4 | 24 NL/g/h,10.1021/acscatal.9b03305,"Figure 3/text, 50In2O3-50ZrO2, 553 K",0.27,985.473,1059.25,1059.25
10.1021/acscatal.9b03305 | 50 bar | H2/CO2 4 | 24 NL/g/h,10.1021/acscatal.9b03305,"Figure 3, 95In2O3-5ZrO2, 553 K",0.27,982.621,1073.86,1076.03
10.1021/acscatal.9b03305 | 50 bar | H2/CO2 4 | 24 NL/g/h,10.1021/acscatal.9b03305,"Figure 3, 75In2O3-25ZrO2, 553 K",0.25,995.339,1090.73,1090.73
10.1021/acscatal.9b03305 | 50 bar | H2/CO2 4 | 24 NL/g/h,10.1021/acscatal.9b03305,"Figure 3/text, 100In2O3-0ZrO2, 553 K",0.22,1010.9,1108.71,1108.71
10.1021/acscatal.9b03305 | 50 bar | H2/CO2 4 | 24 NL/g/h,10.1021/acscatal.9b03305,"Figure 3, 25In2O3-75ZrO2, 553 K",0.19,1052.24,1120.25,1120.25
10.1021/acscatal.9b03305 | 50 bar | H2/CO2 4 | 24 NL/g/h,10.1021/acscatal.9b03305,"Figure 3/text, 99In2O3-1ZrO2, 553 K",0.18,1040.91,1114.48,1114.48
10.1021/acscatal.9b03305 | 50 bar | H2/CO2 4 | 24 NL/g/h,10.1021/acscatal.9b03305,"Figure 3, 5In2O3-95ZrO2, 553 K",0.14,1122.32,1205.58,1205.58
10.1021/acscatal.9b03305 | 50 bar | H2/CO2 4 | 24 NL/g/h,10.1021/acscatal.9b03305,"Figure 3, 1In2O3-99ZrO2, 553 K",0.06,1367.61,1614.05,1614.05
10.1021/acscatal.9b03305 | 50 bar | H2/CO2 4 | 24 NL/g/h,10.1021/acscatal.9b03305,"Figure 8, 5 wt % In2O3/t-ZrO2, 553 K",0.05,2036.61,2335.72,2335.72
10.1021/acscatal.9b03305 | 50 bar | H2/CO2 4 | 24 NL/g/h,10.1021/acscatal.9b03305,"Figure 8, 5 wt % In2O3/Al2O3, 553 K",0.04,2041.34,2406.24,2406.24
10.1021/acscatal.9b03305 | 50 bar | H2/CO2 4 | 24 NL/g/h,10.1021/acscatal.9b03305,"Figure 8, 5 wt % In2O3/CeO2, 553 K",0.03,2329.45,2709.32,2709.32
10.1021/cs500979c | 80 bar | H2/CO2 3 | 3600 h-1,10.1021/cs500979c,"Table 6, Cu/ZrO2(III), 533 K",0.165971,893.983,896.981,960.586
10.1021/cs500979c | 80 bar | H2/CO2 3 | 3600 h-1,10.1021/cs500979c,"Table 6, Cu/ZrO2(III), 513 K",0.133536,909.886,914.442,922.998
10.1021/cs500979c | 80 bar | H2/CO2 3 | 3600 h-1,10.1021/cs500979c,"Table 6, Cu/ZrO2(V), 533 K",0.111677,900.477,904.135,1144.27
10.1021/cs500979c | 80 bar | H2/CO2 3 | 3600 h-1,10.1021/cs500979c,"Table 6, Cu/ZrO2(IV), 533 K",0.101796,924.396,935.026,961.612
10.1021/cs500979c | 80 bar | H2/CO2 3 | 3600 h-1,10.1021/cs500979c,"Table 6, Cu/ZrO2(III), 493 K",0.100355,930.5,930.5,930.5
10.1021/cs500979c | 80 bar | H2/CO2 3 | 3600 h-1,10.1021/cs500979c,"Table 6, Cu/ZrO2(V), 513 K",0.093214,914.905,919.815,1098.96
10.1021/cs500979c | 80 bar | H2/CO2 3 | 3600 h-1,10.1021/cs500979c,"Table 6, Cu/ZrO2(V), 493 K",0.0782251,947.575,957.718,970.903
10.1021/cs500979c | 80 bar | H2/CO2 3 | 3600 h-1,10.1021/cs500979c,"Table 6, Cu/ZrO2(IV), 513 K",0.0746227,956.113,956.113,956.113
10.1021/cs500979c | 80 bar | H2/CO2 3 | 3600 h-1,10.1021/cs500979c,"Table 6, Cu/ZrO2(II), 533 K",0.0707629,961.454,961.454,961.454
10.1021/cs500979c | 80 bar | H2/CO2 3 | 3600 h-1,10.1021/cs500979c,"Table 6, Cu/ZrO2(III), 473 K",0.0681897,965.33,965.33,965.33
10.1021/cs500979c | 80 bar | H2/CO2 3 | 3600 h-1,10.1021/cs500979c,"Table 6, Cu/ZrO2(IV), 493 K",0.0463175,1014.45,1014.45,1014.45
10.1021/cs500979c | 80 bar | H2/CO2 3 | 3600 h-1,10.1021/cs500979c,"Table 6, Cu/ZrO2(II), 513 K",0.0450309,1018.73,1018.73,1018.73
10.1021/cs500979c | 80 bar | H2/CO2 3 | 3600 h-1,10.1021/cs500979c,"Table 6, Cu/ZrO2(I), 533 K",0.0424577,1028.04,1028.04,1028.04
10.1021/cs500979c | 80 bar | H2/CO2 3 | 3600 h-1,10.1021/cs500979c,"Table 6, Cu/ZrO2(II), 493 K",0.0308783,1087.98,1087.98,1087.98
10.1021/cs500979c | 80 bar | H2/CO2 3 | 3600 h-1,10.1021/cs500979c,"Table 6, Cu/ZrO2(IV), 473 K",0.0308783,1087.98,1087.98,1087.98
10.1021/cs500979c | 80 bar | H2/CO2 3 | 3600 h-1,10.1021/cs500979c,"Table 6, Cu/ZrO2(V), 473 K",0.0308783,1087.98,1087.98,1087.98
10.1021/cs500979c | 80 bar | H2/CO2 3 | 3600 h-1,10.1021/cs500979c,"Table 6, Cu/ZrO2(I), 513 K",0.0283051,1107.6,1107.6,1107.6
10.1021/cs500979c | 80 bar | H2/CO2 3 | 3600 h-1,10.1021/cs500979c,"Table 6, Cu/ZrO2(II), 473 K",0.019299,1215.17,1215.17,1215.17
10.1021/cs500979c | 80 bar | H2/CO2 3 | 3600 h-1,10.1021/cs500979c,"Table 6, ZrO2, 533 K",0.00643299,1851.51,1851.51,1851.51
10.1038/s41467-019-11349-9 | 50 bar | H2/CO2 4 | 48 NL/g/h,10.1038/s41467-019-11349-9,"Table 2 Pd–In2O3 CP, WHSV 48,000 initial",1.01,907.351,922.721,1029.18
10.1038/s41467-019-11349-9 | 50 bar | H2/CO2 4 | 48 NL/g/h,10.1038/s41467-019-11349-9,"Fig. 6/text Pd–In2O3 CP stability, start",1.01,907.336,922.721,1050.9
10.1038/s41467-019-11349-9 | 50 bar | H2/CO2 4 | 48 NL/g/h,10.1038/s41467-019-11349-9,"Fig. 6/text Pd–In2O3 CP stability, after 500 h",0.96,911.118,928.512,1033.73
10.1038/s41467-021-22224-x | 50 bar | H2/CO2 4 | 24000 cmSTP3 h−1 gcat−1,10.1038/s41467-021-22224-x,"Fig. 1b, 5Ni-In2O3 DI",0.33,926.365,950.601,1172.48
10.1038/s41467-021-22224-x | 50 bar | H2/CO2 4 | 24000 cmSTP3 h−1 gcat−1,10.1038/s41467-021-22224-x,"Fig. 1b, 10Ni-In2O3 DI",0.31,928.759,954.534,1299.63
10.1038/s41467-021-22224-x | 50 bar | H2/CO2 4 | 24000 cmSTP3 h−1 gcat−1,10.1038/s41467-021-22224-x,"Fig. 1b, 2.5Ni-In2O3 DI",0.18,930.894,955.13,1177
10.1038/s41467-021-22224-x | 50 bar | H2/CO2 4 | 24000 cmSTP3 h−1 gcat−1,10.1038/s41467-021-22224-x,"Fig. 1a/text, In2O3 STY",0.16,1026.69,1165.84,1165.84
10.1039/c2cy20604h | 100 bar | H2/CO2 3.8 | 10.6 NL/g/h,10.1039/c2cy20604h,"Fig 8, Cu-Ba/Al2O3, 473 K, 10 MPa",0.0519,1102.38,1170.17,1431.26
10.1039/c2cy20604h | 100 bar | H2/CO2 3.8 | 10.6 NL/g/h,10.1039/c2cy20604h,"Fig 5/Fig 6, Cu/Al2O3, 503 K, 10 MPa",0.0435,1076.51,1081.53,4396.89
10.1039/c2cy20604h | 100 bar | H2/CO2 3.8 | 10.6 NL/g/h,10.1039/c2cy20604h,"Fig 5/Fig 6, Cu/Al2O3, 473 K, 10 MPa",0.0337,1242.67,1363.01,1899.48
10.1039/c2cy20604h | 100 bar | H2/CO2 3.8 | 10.6 NL/g/h,10.1039/c2cy20604h,"Fig 5/Fig 6, Cu/Al2O3, 533 K, 10 MPa",0.0222,1063.33,1067.49,10115.2
10.1039/c2cy20604h | 100 bar | H2/CO2 3.8 | 10.6 NL/g/h,10.1039/c2cy20604h,"Fig 5/Fig 6, Cu/Al2O3, 553 K, 10 MPa",0.0201,1097.96,1100.63,15186.6
10.1039/c2cy20604h | 100 bar | H2/CO2 3.8 | 10.6 NL/g/h,10.1039/c2cy20604h,"Fig 5/Fig 6, Cu/Al2O3, 443 K, 10 MPa",0.0195,1669.97,1882.45,1882.45
10.1039/c2cy20604h | 100 bar | H2/CO2 3.8 | 10.6 NL/g/h,10.1039/c2cy20604h,"Fig 7, Cu-K/Al2O3, 503 K, 10 MPa",0.0063,1042.6,1054.68,14721
10.1039/c2cy20604h | 100 bar | H2/CO2 3.8 | 10.6 NL/g/h,10.1039/c2cy20604h,"Fig 7, Cu-K/Al2O3, 553 K, 10 MPa",0.0055,998.957,1002.05,38911.2
10.1039/c2cy20604h | 100 bar | H2/CO2 3.8 | 10.6 NL/g/h,10.1039/c2cy20604h,"Fig 7/Fig 8, Cu-K/Al2O3, 473 K, 10 MPa",0.0046,1148.15,1183.22,11823.8
10.1039/c2cy20604h | 100 bar | H2/CO2 3.8 | 10.6 NL/g/h,10.1039/c2cy20604h,"Fig 7, Cu-K/Al2O3, 533 K, 10 MPa",0.0044,1030.45,1035.49,36267.7
10.1039/c2cy20604h | 100 bar | H2/CO2 3.8 | 10.6 NL/g/h,10.1039/c2cy20604h,"Fig 7, Cu-K/Al2O3, 443 K, 10 MPa",0.0027,1371.51,1489.72,12747.9
10.1039/c2cy20604h | 100 bar | H2/CO2 3.8 | 4000 h-1,10.1039/c2cy20604h,"SI Table 3, 553 K, 10 MPa",0.0707,911.119,913.621,4461.04
10.1039/c2cy20604h | 100 bar | H2/CO2 3.8 | 4000 h-1,10.1039/c2cy20604h,"SI Table 3, 503 K, 10 MPa",0.0424,976.019,988.25,2756.78
10.1039/c2cy20604h | 100 bar | H2/CO2 3.8 | 4000 h-1,10.1039/c2cy20604h,"SI Table 3, 533 K, 10 MPa",0.0335,932.332,935.756,6208.56
10.1039/c2cy20604h | 100 bar | H2/CO2 3.8 | 4000 h-1,10.1039/c2cy20604h,"SI Table 3, 443 K, 10 MPa",0.0137,1873.04,2323.64,2323.64
10.1039/c2cy20604h | 30 bar | H2/CO2 3.8 | 10.6 NL/g/h,10.1039/c2cy20604h,"Fig 8, Cu-Ba/Al2O3, 473 K, 3 MPa",0.03,1257.26,1590.43,1678.09
10.1039/c2cy20604h | 30 bar | H2/CO2 3.8 | 10.6 NL/g/h,10.1039/c2cy20604h,"Fig 5/Fig 6, Cu/Al2O3, 553 K, 3 MPa",0.0231,1022.91,1025.83,12492.2
10.1039/c2cy20604h | 30 bar | H2/CO2 3.8 | 10.6 NL/g/h,10.1039/c2cy20604h,"Fig 5/Fig 6, Cu/Al2O3, 503 K, 3 MPa",0.0226,1304.81,1382.6,3810.99
10.1039/c2cy20604h | 30 bar | H2/CO2 3.8 | 10.6 NL/g/h,10.1039/c2cy20604h,"Fig 5/Fig 6, Cu/Al2O3, 533 K, 3 MPa",0.0205,1119.92,1130.06,8671.34
10.1039/c2cy20604h | 30 bar | H2/CO2 3.8 | 10.6 NL/g/h,10.1039/c2cy20604h,"Fig 5/Fig 6, Cu/Al2O3, 473 K, 3 MPa",0.0149,1568.89,2660.8,2660.8
10.1039/c2cy20604h | 30 bar | H2/CO2 3.8 | 10.6 NL/g/h,10.1039/c2cy20604h,"Fig 5/Fig 6, Cu/Al2O3, 443 K, 3 MPa",0.0132,1816.92,2540.98,2540.98
10.1039/c2cy20604h | 30 bar | H2/CO2 3.8 | 10.6 NL/g/h,10.1039/c2cy20604h,"Fig 7, Cu-K/Al2O3, 473 K, 3 MPa",0.0073,1204,1326.92,6131.07
10.1039/c2cy20604h | 30 bar | H2/CO2 3.8 | 10.6 NL/g/h,10.1039/c2cy20604h,"Fig 7, Cu-K/Al2O3, 443 K, 3 MPa",0.0066,1593.32,2592.61,4515.55
10.1039/c2cy20604h | 30 bar | H2/CO2 3.8 | 10.6 NL/g/h,10.1039/c2cy20604h,"Fig 7, Cu-K/Al2O3, 533 K, 3 MPa",0.0058,999.86,1009.5,21097.5
10.1039/c2cy20604h | 30 bar | H2/CO2 3.8 | 10.6 NL/g/h,10.1039/c2cy20604h,"Fig 7, Cu-K/Al2O3, 553 K, 3 MPa",0.0043,1007.01,1014.1,37935
10.1039/c2cy20604h | 30 bar | H2/CO2 3.8 | 10.6 NL/g/h,10.1039/c2cy20604h,"Fig 7, Cu-K/Al2O3, 503 K, 3 MPa",0.0033,1135.4,1179.7,18622
10.1039/c2cy20604h | 30 bar | H2/CO2 3.8 | 4000 h-1,10.1039/c2cy20604h,"SI Table 3, 503 K, 3 MPa",0.0425,999.668,1033.79,2139.01
10.1039/c2cy20604h | 30 bar | H2/CO2 3.8 | 4000 h-1,10.1039/c2cy20604h,"SI Table 3, 533 K, 3 MPa",0.0355,918.944,926.155,4500.56
10.1039/c2cy20604h | 30 bar | H2/CO2 3.8 | 4000 h-1,10.1039/c2cy20604h,"SI Table 3, 553 K, 3 MPa",0.035,897.216,901.173,6388.59
10.1039/c2cy20604h | 30 bar | H2/CO2 3.8 | 4000 h-1,10.1039/c2cy20604h,"SI Table 3, 443 K, 3 MPa",0.0098,2368.24,2876.51,2876.51
10.1039/c2cy20604h | 360 bar | H2/CO2 3.8 | 10.6 NL/g/h,10.1039/c2cy20604h,"Fig 5/Fig 6, Cu/Al2O3, 473 K, 36 MPa",0.1034,998.293,1005.12,1719.37
10.1039/c2cy20604h | 360 bar | H2/CO2 3.8 | 10.6 NL/g/h,10.1039/c2cy20604h,"Fig 5/Fig 6, Cu/Al2O3, 443 K, 36 MPa",0.075,1108.5,1133.34,1322.42
10.1039/c2cy20604h | 360 bar | H2/CO2 3.8 | 10.6 NL/g/h,10.1039/c2cy20604h,"Fig 8, Cu-Ba/Al2O3, 473 K, 36 MPa",0.0741,1093.86,1126.42,1453.09
10.1039/c2cy20604h | 360 bar | H2/CO2 3.8 | 10.6 NL/g/h,10.1039/c2cy20604h,"Fig 5/Fig 6, Cu/Al2O3, 503 K, 36 MPa",0.0534,963.781,968.233,3475.09
10.1039/c2cy20604h | 360 bar | H2/CO2 3.8 | 10.6 NL/g/h,10.1039/c2cy20604h,"Fig 5/Fig 6, Cu/Al2O3, 553 K, 36 MPa",0.0399,975.136,977.72,8929.74
10.1039/c2cy20604h | 360 bar | H2/CO2 3.8 | 10.6 NL/g/h,10.1039/c2cy20604h,"Fig 5/Fig 6, Cu/Al2O3, 533 K, 36 MPa",0.0352,962.412,965.357,7086.94
10.1039/c2cy20604h | 360 bar | H2/CO2 3.8 | 10.6 NL/g/h,10.1039/c2cy20604h,"Fig 7, Cu-K/Al2O3, 553 K, 36 MPa",0.0182,954.4,957.119,17022.8
10.1039/c2cy20604h | 360 bar | H2/CO2 3.8 | 10.6 NL/g/h,10.1039/c2cy20604h,"Fig 7/Fig 8, Cu-K/Al2O3, 473 K, 36 MPa",0.011,1022.85,1028.57,10094
10.1039/c2cy20604h | 360 bar | H2/CO2 3.8 | 10.6 NL/g/h,10.1039/c2cy20604h,"Fig 7, Cu-K/Al2O3, 533 K, 36 MPa",0.0106,982.653,985.35,23753.6
10.1039/c2cy20604h | 360 bar | H2/CO2 3.8 | 10.6 NL/g/h,10.1039/c2cy20604h,"Fig 7, Cu-K/Al2O3, 503 K, 36 MPa",0.0069,1021.13,1024.57,24534.3
10.1039/c2cy20604h | 360 bar | H2/CO2 3.8 | 10.6 NL/g/h,10.1039/c2cy20604h,"Fig 7, Cu-K/Al2O3, 443 K, 36 MPa",0.0054,1258.78,1335.5,7485.83
10.1039/c2cy20604h | 360 bar | H2/CO2 3.8 | 4000 h-1,10.1039/c2cy20604h,"SI Table 3, 503 K, 36 MPa",0.0565,964.27,969.225,3165.64
10.1039/c2cy20604h | 360 bar | H2/CO2 3.8 | 4000 h-1,10.1039/c2cy20604h,"SI Table 3, 553 K, 36 MPa",0.0419,933.376,936.055,9132.79
10.1039/c2cy20604h | 360 bar | H2/CO2 3.8 | 4000 h-1,10.1039/c2cy20604h,"SI Table 3, 533 K, 36 MPa",0.0402,942.274,944.846,6787.02
10.1039/c2cy20604h | 360 bar | H2/CO2 3.8 | 4000 h-1,10.1039/c2cy20604h,"Text, Cu-Ba/Al2O3, 443 K, 36 MPa",0.0371,1402.83,1599.24,1599.24
10.1039/c2cy20604h | 4 bar | H2/CO2 3.8 | 10.6 NL/g/h,10.1039/c2cy20604h,"Fig 8, Cu-Ba/Al2O3, 473 K, 0.40 MPa",0.0118,1827.71,3134.48,5404.93
10.1039/c2cy20604h | 4 bar | H2/CO2 3.8 | 10.6 NL/g/h,10.1039/c2cy20604h,"Fig 5/Fig 6, Cu/Al2O3, 553 K, 0.40 MPa",0.009,1122.36,1169.85,17677
10.1039/c2cy20604h | 4 bar | H2/CO2 3.8 | 10.6 NL/g/h,10.1039/c2cy20604h,"Fig 5/Fig 6, Cu/Al2O3, 533 K, 0.40 MPa",0.0074,1353.5,1532.87,15114.5
10.1039/c2cy20604h | 4 bar | H2/CO2 3.8 | 10.6 NL/g/h,10.1039/c2cy20604h,"Fig 5/Fig 6, Cu/Al2O3, 503 K, 0.40 MPa",0.007,1803.6,2428.34,11856.7
10.1039/c2cy20604h | 4 bar | H2/CO2 3.8 | 10.6 NL/g/h,10.1039/c2cy20604h,"Fig 7, Cu-K/Al2O3, 473 K, 0.40 MPa",0.0066,1785.68,2741.98,9585.64
10.1039/c2cy20604h | 4 bar | H2/CO2 3.8 | 10.6 NL/g/h,10.1039/c2cy20604h,"Fig 7, Cu-K/Al2O3, 443 K, 0.40 MPa",0.0039,3921.58,12041.4,12041.4
10.1039/c2cy20604h | 4 bar | H2/CO2 3.8 | 10.6 NL/g/h,10.1039/c2cy20604h,"Fig 7, Cu-K/Al2O3, 503 K, 0.40 MPa",0.0037,1434.81,1714.12,21876.8
10.1039/c2cy20604h | 4 bar | H2/CO2 3.8 | 10.6 NL/g/h,10.1039/c2cy20604h,"Fig 5/Fig 6, Cu/Al2O3, 473 K, 0.40 MPa",0.0033,3437.93,16353.1,16353.1
10.1039/c2cy20604h | 4 bar | H2/CO2 3.8 | 10.6 NL/g/h,10.1039/c2cy20604h,"Fig 7, Cu-K/Al2O3, 553 K, 0.40 MPa",0.0031,1092.66,1113.32,57515.9
10.1039/c2cy20604h | 4 bar | H2/CO2 3.8 | 10.6 NL/g/h,10.1039/c2cy20604h,"Fig 5/Fig 6, Cu/Al2O3, 443 K, 0.40 MPa",0.0018,3460.32,26148.4,26148.4
10.1039/c2cy20604h | 4 bar | H2/CO2 3.8 | 10.6 NL/g/h,10.1039/c2cy20604h,"Fig 7, Cu-K/Al2O3, 533 K, 0.40 MPa",0.0018,1291.71,1379.43,62687.7
10.1039/c2cy20604h | 4 bar | H2/CO2 3.8 | 4000 h-1,10.1039/c2cy20604h,"SI Table 3, 533 K, 0.4 MPa",0.0126,1015.38,1036,14198.6
10.1039/c2cy20604h | 4 bar | H2/CO2 3.8 | 4000 h-1,10.1039/c2cy20604h,"SI Table 3, 503 K, 0.4 MPa",0.0094,1355.5,1606.13,9315.04
10.1039/c2cy20604h | 4 bar | H2/CO2 3.8 | 4000 h-1,10.1039/c2cy20604h,"SI Table 3, 553 K, 0.4 MPa",0.0093,969.813,978.711,27282.3
10.1039/c2cy20604h | 4 bar | H2/CO2 3.8 | 4000 h-1,10.1039/c2cy20604h,"SI Table 3, 443 K, 0.4 MPa",0.001,12746.6,43645.8,43645.8
10.1039/c4cy00848k | 7 bar | H2/CO2 9 | 2 NL/g/h,10.1039/c4cy00848k,SI Fig S7/S8 Cu(15)ZnO point 1,0.00853599,2156.94,2600.59,2600.59
10.1039/c4cy00848k | 7 bar | H2/CO2 9 | 2 NL/g/h,10.1039/c4cy00848k,SI Fig S7/S8 Cu(8)ZnO point 1,0.00772853,2467.14,3086.92,3086.92
10.1039/c4cy00848k | 7 bar | H2/CO2 9 | 2 NL/g/h,10.1039/c4cy00848k,SI Fig S7/S8 Cu(5)ZnO point 1,0.00565221,2008.98,2965.14,2965.14
10.1039/c4cy00848k | 7 bar | H2/CO2 9 | 2 NL/g/h,10.1039/c4cy00848k,SI Fig S7/S8 Cu(3)ZnO point 1,0.00507545,2634.48,4148.64,4148.64
10.1039/c4cy00848k | 7 bar | H2/CO2 9 | 2 NL/g/h,10.1039/c4cy00848k,SI Fig S7/S8 Cu(1)ZnO point 1,0.00426799,2002.61,5095.37,5095.37
10.1039/c4cy00848k | 7 bar | H2/CO2 9 | 2 NL/g/h,10.1039/c4cy00848k,SI Fig S7/S8 Cu(0.5)ZnO point 1,0.00357589,2222.51,5576.82,5576.82
10.1039/c4cy00848k | 7 bar | H2/CO2 9 | 4 NL/g/h,10.1039/c4cy00848k,"Table 3, Cu(15)ZnO at 180 °C",0.00339133,5316.04,5511.38,5511.38
10.1039/c4cy00848k | 7 bar | H2/CO2 9 | 4 NL/g/h,10.1039/c4cy00848k,"Table 3, Cu(8)ZnO at 180 °C",0.00280303,6336.09,6511.44,6511.44
10.1039/c4cy00848k | 7 bar | H2/CO2 9 | 4 NL/g/h,10.1039/c4cy00848k,"Table 3, Cu(5)ZnO at 180 °C",0.00201865,5702.32,5911.03,5911.03
10.1039/c4cy00848k | 7 bar | H2/CO2 9 | 4 NL/g/h,10.1039/c4cy00848k,"Table 3, Cu(3)ZnO at 180 °C",0.0017418,7520.18,8108.97,8108.97
10.1039/c4cy00848k | 7 bar | H2/CO2 9 | 4 NL/g/h,10.1039/c4cy00848k,"Table 3, Cu(1)ZnO at 180 °C",0.00163799,7109.99,9226.97,9226.97
10.1039/c4cy00848k | 7 bar | H2/CO2 9 | 4 NL/g/h,10.1039/c4cy00848k,"Table 3, Cu(0.5)ZnO at 180 °C",0.00106123,8989.36,11416.1,11416.1
10.1039/c5cy00372e | 10 bar | H2/CO2 3.04 | 10 NL/g/h,10.1039/c5cy00372e,"Fig. 8 CHT-Y0.1, 1 MPa",0.13,884.195,887.908,1945.17
10.1039/c5cy00372e | 10 bar | H2/CO2 3.04 | 10 NL/g/h,10.1039/c5cy00372e,"Fig. 8 CHT-Y0.5, 1 MPa",0.09,899.1,904.307,2158.61
10.1039/c5cy00372e | 10 bar | H2/CO2 3.04 | 10 NL/g/h,10.1039/c5cy00372e,"Fig. 8 CHT-Y0, 1 MPa",0.08,915.948,923.957,2363.25
10.1039/c5cy00372e | 3 bar | H2/CO2 3.04 | 10 NL/g/h,10.1039/c5cy00372e,"Fig. 8 CHT-Y0.1, 0.3 MPa",0.075,961.117,971.987,4602.82
10.1039/c5cy00372e | 3 bar | H2/CO2 3.04 | 10 NL/g/h,10.1039/c5cy00372e,"Fig. 8 CHT-Y0.5, 0.3 MPa",0.049,1024.25,1046.16,6364.36
10.1039/c5cy00372e | 3 bar | H2/CO2 3.04 | 10 NL/g/h,10.1039/c5cy00372e,"Fig. 8 CHT-Y0, 0.3 MPa",0.03,1086.79,1124.12,9122.65
10.1039/c5cy00372e | 30 bar | H2/CO2 3.04 | 10 NL/g/h,10.1039/c5cy00372e,"Fig. 8 CHT-Y0.1, 3 MPa",0.24,868.343,870.392,1227.38
10.1039/c5cy00372e | 30 bar | H2/CO2 3.04 | 10 NL/g/h,10.1039/c5cy00372e,"Fig. 8 CHT-Y0.5, 3 MPa",0.2,873.88,876.42,1280.39
10.1039/c5cy00372e | 30 bar | H2/CO2 3.04 | 10 NL/g/h,10.1039/c5cy00372e,"Fig. 8 CHT-Y0, 3 MPa",0.17,882.362,885.899,1363.78
10.1039/c5cy00372e | 50 bar | H2/CO2 3.04 | 10 NL/g/h,10.1039/c5cy00372e,Table 6 row CHT-Y0.1,0.39,871.037,872.092,1046.95
10.1039/c5cy00372e | 50 bar | H2/CO2 3.04 | 10 NL/g/h,10.1039/c5cy00372e,Table 6 row CHT-Y0.2,0.35,874.234,875.577,1041.71
10.1039/c5cy00372e | 50 bar | H2/CO2 3.04 | 10 NL/g/h,10.1039/c5cy00372e,Table 6 row CHT-Y0.05,0.33,876.326,877.783,1107.53
10.1039/c5cy00372e | 50 bar | H2/CO2 3.04 | 10 NL/g/h,10.1039/c5cy00372e,Table 6 row CHT-Y0.5,0.29,882.987,884.899,1084.34
10.1039/c5cy00372e | 50 bar | H2/CO2 3.04 | 10 NL/g/h,10.1039/c5cy00372e,Table 6 row CHT-Y0,0.25,888.454,890.96,1177.91
10.1039/c5cy00372e | 70 bar | H2/CO2 3.04 | 10 NL/g/h,10.1039/c5cy00372e,"Fig. 8 CHT-Y0.1, 7 MPa",0.45,872.151,872.908,972.071
10.1039/c5cy00372e | 70 bar | H2/CO2 3.04 | 10 NL/g/h,10.1039/c5cy00372e,"Fig. 8 CHT-Y0.5, 7 MPa",0.38,875.927,876.906,995.15
10.1039/c5cy00372e | 70 bar | H2/CO2 3.04 | 10 NL/g/h,10.1039/c5cy00372e,"Fig. 8 CHT-Y0, 7 MPa",0.32,882.666,884.194,1053.46
10.1039/c5cy00372e | 90 bar | H2/CO2 3.04 | 10 NL/g/h,10.1039/c5cy00372e,"Fig. 8/text CHT-Y0.1, 9.0 MPa",0.57,870.875,871.266,917.4
10.1039/c5cy00372e | 90 bar | H2/CO2 3.04 | 10 NL/g/h,10.1039/c5cy00372e,"Fig. 8 CHT-Y0.5, 9 MPa",0.48,874.018,874.562,944.821
10.1039/c5cy00372e | 90 bar | H2/CO2 3.04 | 10 NL/g/h,10.1039/c5cy00372e,"Fig. 8 CHT-Y0, 9 MPa",0.4,878.053,878.836,990.101
10.1039/c5ra04774a | 30 bar | H2/CO2 3 | 3.6 NL/g/h,10.1039/c5ra04774a,"Table 1 row 9 / Fig. 1, 260 °C",0.0839281,892.355,895.143,1414.47
10.1039/c5ra04774a | 30 bar | H2/CO2 3 | 3.6 NL/g/h,10.1039/c5ra04774a,"Table 1 row 6 / Fig. 1, 240 °C",0.0709492,927.764,932.364,1283.27
10.1039/c5ra04774a | 30 bar | H2/CO2 3 | 3.6 NL/g/h,10.1039/c5ra04774a,"Table 1 row 8 / Fig. 1, 260 °C",0.0707231,902.556,905.949,1507.56
10.1039/c5ra04774a | 30 bar | H2/CO2 3 | 3.6 NL/g/h,10.1039/c5ra04774a,"Fig. 1, 280 °C, CZ/CNTs-3",0.0696708,891.863,893.994,1941.37
10.1039/c5ra04774a | 30 bar | H2/CO2 3 | 3.6 NL/g/h,10.1039/c5ra04774a,"Fig. 1, 280 °C, CZ/CNTs-2",0.0667827,892.652,894.809,1996.52
10.1039/c5ra04774a | 30 bar | H2/CO2 3 | 3.6 NL/g/h,10.1039/c5ra04774a,"Table 1 row 7 / Fig. 1, 260 °C",0.0622137,890.376,893.999,1585.71
10.1039/c5ra04774a | 30 bar | H2/CO2 3 | 3.6 NL/g/h,10.1039/c5ra04774a,"Table 1 row 5 / Fig. 1, 240 °C",0.061816,920.626,926.068,1320.51
10.1039/c5ra04774a | 30 bar | H2/CO2 3 | 3.6 NL/g/h,10.1039/c5ra04774a,"Fig. 1, 280 °C, CZ/CNTs-1",0.0602251,894.981,897.251,2122.28
10.1039/c5ra04774a | 30 bar | H2/CO2 3 | 3.6 NL/g/h,10.1039/c5ra04774a,"Table 1 row 3 / Fig. 1, 220 °C",0.0559462,944.04,952.827,1145.27
10.1039/c5ra04774a | 30 bar | H2/CO2 3 | 3.6 NL/g/h,10.1039/c5ra04774a,"Table 1 row 4 / Fig. 1, 240 °C",0.0494774,919.532,925.842,1453.3
10.1039/c5ra04774a | 30 bar | H2/CO2 3 | 3.6 NL/g/h,10.1039/c5ra04774a,"Fig. 1, 300 °C, CZ/CNTs-3",0.047406,905.076,907.566,3065.5
10.1039/c5ra04774a | 30 bar | H2/CO2 3 | 3.6 NL/g/h,10.1039/c5ra04774a,"Fig. 1, 200 °C, CZ/CNTs-3",0.0465892,974.734,987.825,1075.47
10.1039/c5ra04774a | 30 bar | H2/CO2 3 | 3.6 NL/g/h,10.1039/c5ra04774a,"Fig. 1, 300 °C, CZ/CNTs-2",0.0465182,905.868,908.356,3069.22
10.1039/c5ra04774a | 30 bar | H2/CO2 3 | 3.6 NL/g/h,10.1039/c5ra04774a,"Fig. 1, 300 °C, CZ/CNTs-1",0.0424227,896.954,899.491,3207.47
10.1039/c5ra04774a | 30 bar | H2/CO2 3 | 3.6 NL/g/h,10.1039/c5ra04774a,"Table 1 row 2 / Fig. 1, 220 °C",0.0333381,1012.21,1038.93,1260.31
10.1039/c5ra04774a | 30 bar | H2/CO2 3 | 3.6 NL/g/h,10.1039/c5ra04774a,"Fig. 1, 200 °C, CZ/CNTs-2",0.0312489,1043.82,1076.25,1164.84
10.1039/c5ra04774a | 30 bar | H2/CO2 3 | 3.6 NL/g/h,10.1039/c5ra04774a,"Table 1 row 1 / Fig. 1, 220 °C",0.0283903,1010.27,1039.56,1351.45
10.1039/c5ra04774a | 30 bar | H2/CO2 3 | 3.6 NL/g/h,10.1039/c5ra04774a,"Fig. 1, 200 °C, CZ/CNTs-1",0.0266326,1051.23,1091.31,1223.4
10.1039/c6ra28305e | 30 bar | H2/CO2 3 | 3600 h-1,10.1039/c6ra28305e,"Table 2, CZ-450",0.0452177,978.925,1005.71,1387.72
10.1039/c6ra28305e | 30 bar | H2/CO2 3 | 3600 h-1,10.1039/c6ra28305e,"Table 2, CZ-350",0.0385273,971.831,993.488,1631.38
10.1039/c6ra28305e | 30 bar | H2/CO2 3 | 3600 h-1,10.1039/c6ra28305e,"Table 2, CZ-550",0.0277996,1088.07,1212.57,1525.15
10.1039/c6ra28305e | 30 bar | H2/CO2 3 | 3600 h-1,10.1039/c6ra28305e,"Table 2, CZ-650",0.0118812,1346.74,2909.92,2909.92
10.1039/d0gc01597k | 50 bar | H2/CO2 4 | 21 NL/g/h,10.1039/d0gc01597k,"Fig. 1a,b/text, Pt/In2O3, 300 °C",0.542,879.84,885.395,1219.71
10.1039/d0gc01597k | 50 bar | H2/CO2 4 | 21 NL/g/h,10.1039/d0gc01597k,"Fig. 1a,b/text, Pt/In2O3, 275 °C",0.499,897.74,906.637,1045.63
10.1039/d0gc01597k | 50 bar | H2/CO2 4 | 21 NL/g/h,10.1039/d0gc01597k,"Fig. 1a,b/text, In2O3, 300 °C",0.335,914.351,936.909,1168.6
10.1039/d0gc01597k | 50 bar | H2/CO2 4 | 21 NL/g/h,10.1039/d0gc01597k,"Fig. 1a,b, Pt/In2O3, 250 °C",0.316,943.48,966.458,1030.83
10.1039/d0gc01597k | 50 bar | H2/CO2 4 | 21 NL/g/h,10.1039/d0gc01597k,"Fig. 1a,b, In2O3, 275 °C",0.205,981.962,1061.02,1170.28
10.1039/d0gc01597k | 50 bar | H2/CO2 4 | 21 NL/g/h,10.1039/d0gc01597k,"Fig. 1a,b, Pt/In2O3, 225 °C",0.145,1286.27,1293.99,1293.99
10.1039/d0gc01597k | 50 bar | H2/CO2 4 | 21 NL/g/h,10.1039/d0gc01597k,"Fig. 1a,b, In2O3, 250 °C",0.1,1164.89,1287.76,1287.76
10.1039/d0gc01597k | 50 bar | H2/CO2 4 | 21 NL/g/h,10.1039/d0gc01597k,"Fig. 1a,b, In2O3, 225 °C",0.06,1606.96,1617.63,1617.63
10.1039/d0gc01597k | 50 bar | H2/CO2 4 | 21 NL/g/h,10.1039/d0gc01597k,"Fig. 1a,b, Pt/In2O3, 200 °C",0.05,1610.25,1610.25,1610.25
10.1039/d0gc01597k | 50 bar | H2/CO2 4 | 21 NL/g/h,10.1039/d0gc01597k,"Fig. 1a,b, In2O3, 200 °C",0.045,2318.93,2318.93,2318.93
10.1126/sciadv.1701290 | 20 bar | H2/CO2 3 | 24 NL/g/h,10.1126/sciadv.1701290,"SI Figure S2, p=2 MPa",0.521501,896.023,933.384,1040.31
10.1126/sciadv.1701290 | 20 bar | H2/CO2 3 | 24 NL/g/h,10.1126/sciadv.1701290,"SI Figure S17A, 340 °C",0.476041,901.097,951.283,1062.6
10.1126/sciadv.1701290 | 20 bar | H2/CO2 3 | 24 NL/g/h,10.1126/sciadv.1701290,"SI Figure S17A, 320 °C",0.422004,920.163,986.251,1024.98
10.1126/sciadv.1701290 | 20 bar | H2/CO2 3 | 24 NL/g/h,10.1126/sciadv.1701290,"SI Figure S17A, 360 °C",0.274474,885.329,917.703,1790.84
10.1126/sciadv.1701290 | 20 bar | H2/CO2 3 | 24 NL/g/h,10.1126/sciadv.1701290,SI Table S2 row 1,0.253717,991.979,1072.2,1072.2
10.1126/sciadv.1701290 | 20 bar | H2/CO2 3 | 24 NL/g/h,10.1126/sciadv.1701290,"SI Figure S17A, 280 °C",0.197278,1049.7,1100.78,1100.78
10.1126/sciadv.1701290 | 20 bar | H2/CO2 3 | 24 NL/g/h,10.1126/sciadv.1701290,"SI Figure S17A, 260 °C",0.112878,1217.33,1264.3,1264.3
10.1126/sciadv.1701290 | 20 bar | H2/CO2 3 | 24 NL/g/h,10.1126/sciadv.1701290,"SI Figure S17A, 380 °C",0.0746227,880.9,897.96,6943.2
10.1126/sciadv.1701290 | 20 bar | H2/CO2 3 | 24 NL/g/h,10.1126/sciadv.1701290,"SI Figure S17A, 240 °C",0.0658738,1495,1536.26,1536.26
10.1126/sciadv.1701290 | 20 bar | H2/CO2 3 | 24 NL/g/h,10.1126/sciadv.1701290,"SI Figure S17A, 220 °C",0.0252173,2540.63,2580.93,2580.93
10.1126/sciadv.1701290 | 50 bar | H2/CO2 3 | 24 NL/g/h,10.1126/sciadv.1701290,"SI Figure S2, p=5 MPa",1.00869,876.309,885.753,954.986
10.1126/sciadv.1701290 | 50 bar | H2/CO2 3 | 24 NL/g/h,10.1126/sciadv.1701290,"Figure 1C, stability last point",0.776817,889.144,905.058,941.458
10.1126/sciadv.1701290 | 50 bar | H2/CO2 3 | 24 NL/g/h,10.1126/sciadv.1701290,"Figure 1C, stability first point",0.75936,889.217,905.143,952.296
10.1126/sciadv.1701290 | 50 bar | H2/CO2 3 | 24 NL/g/h,10.1126/sciadv.1701290,"Figure 1B, H2/CO2=3:1, 340°C",0.752938,881.075,894.647,1040.12
10.1126/sciadv.1701290 | 50 bar | H2/CO2 3 | 24 NL/g/h,10.1126/sciadv.1701290,"Figure 1A, Zn/(Zn+Zr)=17%",0.738116,888.402,903.666,974.304
10.1126/sciadv.1701290 | 50 bar | H2/CO2 3 | 24 NL/g/h,10.1126/sciadv.1701290,"Text/Fig. 1B, 13% ZnO-ZrO2, 320°C, H2/CO2 = 3:1",0.708143,892.384,910.661,961.328
10.1126/sciadv.1701290 | 50 bar | H2/CO2 3 | 24 NL/g/h,10.1126/sciadv.1701290,"Figure 1A, Zn/(Zn+Zr)=20%",0.675206,892.551,910.85,985.07
10.1126/sciadv.1701290 | 50 bar | H2/CO2 3 | 24 NL/g/h,10.1126/sciadv.1701290,"Figure 1B, H2/CO2=3:1, 360°C",0.659397,874.197,885.249,1238.15
10.1126/sciadv.1701290 | 50 bar | H2/CO2 3 | 24 NL/g/h,10.1126/sciadv.1701290,"Figure 1A, Zn/(Zn+Zr)=10%",0.657009,892.137,910.03,1003.69
10.1126/sciadv.1701290 | 50 bar | H2/CO2 3 | 24 NL/g/h,10.1126/sciadv.1701290,"Figure 1A, Zn/(Zn+Zr)=25%",0.62119,897.335,919.617,990.535
10.1126/sciadv.1701290 | 50 bar | H2/CO2 3 | 24 NL/g/h,10.1126/sciadv.1701290,"Figure 1B, H2/CO2=3:1, 300°C",0.487054,921.171,959.45,965.201
10.1126/sciadv.1701290 | 50 bar | H2/CO2 3 | 24 NL/g/h,10.1126/sciadv.1701290,"Figure 1A, Zn/(Zn+Zr)=33%",0.469186,911.957,949.522,1041.07
10.1126/sciadv.1701290 | 50 bar | H2/CO2 3 | 24 NL/g/h,10.1126/sciadv.1701290,"Figure 1A, Zn/(Zn+Zr)=5%",0.389973,912.876,950.503,1153.08
10.1126/sciadv.1701290 | 50 bar | H2/CO2 3 | 24 NL/g/h,10.1126/sciadv.1701290,"Figure 1B, H2/CO2=3:1, 380°C",0.35613,873.248,883.882,2005.77
10.1126/sciadv.1701290 | 50 bar | H2/CO2 3 | 24 NL/g/h,10.1126/sciadv.1701290,"Figure 1B, H2/CO2=3:1, 280°C",0.294127,977.363,1008.57,1008.57
10.1126/sciadv.1701290 | 50 bar | H2/CO2 3 | 24 NL/g/h,10.1126/sciadv.1701290,"Figure 1A, Zn/(Zn+Zr)=50%",0.293962,944.797,1041.56,1139.28
10.1126/sciadv.1701290 | 50 bar | H2/CO2 3 | 24 NL/g/h,10.1126/sciadv.1701290,"Figure 1A, Zn/(Zn+Zr)=67%",0.177859,988.23,1263.63,1310.98
10.1126/sciadv.1701290 | 50 bar | H2/CO2 3 | 24 NL/g/h,10.1126/sciadv.1701290,"Figure 1B, H2/CO2=3:1, 260°C",0.158097,1094.03,1118.5,1118.5
10.1126/sciadv.1701290 | 50 bar | H2/CO2 3 | 24 NL/g/h,10.1126/sciadv.1701290,"Figure 1A, Zn/(Zn+Zr)=80%",0.112974,1030.73,1565.33,1565.33
10.1126/sciadv.1701290 | 50 bar | H2/CO2 3 | 24 NL/g/h,10.1126/sciadv.1701290,"Figure 1B, H2/CO2=3:1, 240°C",0.104904,1222.37,1236.68,1236.68
10.1126/sciadv.1701290 | 50 bar | H2/CO2 3 | 24 NL/g/h,10.1126/sciadv.1701290,"Figure 1B, H2/CO2=3:1, 220°C",0.0652151,1446.24,1455.37,1455.37
10.1126/sciadv.1701290 | 50 bar | H2/CO2 3 | 24 NL/g/h,10.1126/sciadv.1701290,"Figure 1A, Zn/(Zn+Zr)=100%",0.0492407,1080.05,2606.52,2606.52
10.1126/sciadv.1701290 | 50 bar | H2/CO2 3 | 24 NL/g/h,10.1126/sciadv.1701290,"Figure 1B, H2/CO2=3:1, 200°C",0.0329369,2012.81,2012.81,2012.81
10.1126/sciadv.1701290 | 50 bar | H2/CO2 3 | 24 NL/g/h,10.1126/sciadv.1701290,"Figure 1A, Zn/(Zn+Zr)=0%",0.00395243,2122.67,12287.2,12287.2
10.1126/sciadv.1701290 | 50 bar | H2/CO2 4 | 24 NL/g/h,10.1126/sciadv.1701290,"Figure 1B, H2/CO2=4:1, 340°C",0.720046,888.579,904.17,993.165
10.1126/sciadv.1701290 | 50 bar | H2/CO2 4 | 24 NL/g/h,10.1126/sciadv.1701290,"Figure 1B, H2/CO2=4:1, 360°C",0.663173,881.149,894.402,1128.92
10.1126/sciadv.1701290 | 50 bar | H2/CO2 4 | 24 NL/g/h,10.1126/sciadv.1701290,"Figure 1B, H2/CO2=4:1, 320°C",0.638519,901.195,921.714,954.494
10.1126/sciadv.1701290 | 50 bar | H2/CO2 4 | 24 NL/g/h,10.1126/sciadv.1701290,"Text/Fig. 1B, 13% ZnO-ZrO2, 315°C, H2/CO2 = 4:1",0.593516,907.403,931.428,950.559
10.1126/sciadv.1701290 | 50 bar | H2/CO2 4 | 24 NL/g/h,10.1126/sciadv.1701290,"Figure 1B, H2/CO2=4:1, 300°C",0.502728,922.245,950.839,950.839
10.1126/sciadv.1701290 | 50 bar | H2/CO2 4 | 24 NL/g/h,10.1126/sciadv.1701290,"Figure 1B, H2/CO2=4:1, 380°C",0.450812,876.745,888.263,1565.47
10.1126/sciadv.1701290 | 50 bar | H2/CO2 4 | 24 NL/g/h,10.1126/sciadv.1701290,"Figure 1B, H2/CO2=4:1, 280°C",0.338109,964.116,984.115,984.115
10.1126/sciadv.1701290 | 50 bar | H2/CO2 4 | 24 NL/g/h,10.1126/sciadv.1701290,"Figure 1B, H2/CO2=4:1, 260°C",0.177142,1073.63,1091.28,1091.28
10.1126/sciadv.1701290 | 50 bar | H2/CO2 4 | 24 NL/g/h,10.1126/sciadv.1701290,"Figure 1B, H2/CO2=4:1, 240°C",0.0968541,1263.11,1270.58,1270.58
10.1126/sciadv.1701290 | 50 bar | H2/CO2 4 | 24 NL/g/h,10.1126/sciadv.1701290,"Figure 1B, H2/CO2=4:1, 220°C",0.0581124,1527.96,1537.87,1537.87
10.1126/sciadv.1701290 | 50 bar | H2/CO2 4 | 24 NL/g/h,10.1126/sciadv.1701290,"Figure 1B, H2/CO2=4:1, 200°C",0.0326108,2045.14,2045.14,2045.14
10.1126/sciadv.aaz2060 | 50 bar | H2/CO2 3 | 9 NL/g/h,10.1126/sciadv.aaz2060,"Fig. 5A, c–In2O3-S, standard conditions, 44 h",0.265949,888.925,898.045,1049.39
10.1126/sciadv.aaz2060 | 50 bar | H2/CO2 3 | 9 NL/g/h,10.1126/sciadv.aaz2060,"Fig. 5D, h–In2O3-R, H2/CO2 = 3",0.19866,916.733,943.89,993.491
10.1126/sciadv.aaz2060 | 50 bar | H2/CO2 3.04 | 9 NL/g/h,10.1126/sciadv.aaz2060,"Fig. 5B/C, h–In2O3-R, 360°C, standard feed",0.349036,877.911,888.998,1024.74
10.1126/sciadv.aaz2060 | 50 bar | H2/CO2 3.04 | 9 NL/g/h,10.1126/sciadv.aaz2060,"Fig. 5B/C, h–In2O3-R, 340°C, standard feed",0.297204,886.951,901.24,1010.1
10.1126/sciadv.aaz2060 | 50 bar | H2/CO2 3.04 | 9 NL/g/h,10.1126/sciadv.aaz2060,"Fig. 5B/C, c–In2O3-S, 320°C, standard feed",0.285316,876.747,882.659,1186.98
10.1126/sciadv.aaz2060 | 50 bar | H2/CO2 3.04 | 9 NL/g/h,10.1126/sciadv.aaz2060,"Fig. 5B/C, c–In2O3-S, 340°C, standard feed",0.269877,867.615,871.241,1485.25
10.1126/sciadv.aaz2060 | 50 bar | H2/CO2 3.04 | 9 NL/g/h,10.1126/sciadv.aaz2060,"Fig. 5B/C, h–In2O3-R, 320°C, standard feed",0.215222,908.855,936.2,1002.89
10.1126/sciadv.aaz2060 | 50 bar | H2/CO2 3.04 | 9 NL/g/h,10.1126/sciadv.aaz2060,"Fig. 5E/text, h–In2O3-R stability, initial",0.20389,904.04,920.746,1075.45
10.1126/sciadv.aaz2060 | 50 bar | H2/CO2 3.04 | 9 NL/g/h,10.1126/sciadv.aaz2060,"Fig. 5B/C, c–In2O3-S, 300°C, standard feed",0.200092,906.046,924.073,1069.95
10.1126/sciadv.aaz2060 | 50 bar | H2/CO2 3.04 | 9 NL/g/h,10.1126/sciadv.aaz2060,"Fig. 5A, h–In2O3-R, standard conditions, 44 h",0.197776,917.556,945.169,992.051
10.1126/sciadv.aaz2060 | 50 bar | H2/CO2 3.04 | 9 NL/g/h,10.1126/sciadv.aaz2060,"Fig. 5B/C, h–In2O3-R, 300°C, standard feed",0.197776,917.556,945.169,992.051
10.1126/sciadv.aaz2060 | 50 bar | H2/CO2 3.04 | 9 NL/g/h,10.1126/sciadv.aaz2060,"Fig. 5E/text, h–In2O3-R stability, 44 h",0.196849,917.593,945.208,994.459
10.1126/sciadv.aaz2060 | 50 bar | H2/CO2 3.04 | 9 NL/g/h,10.1126/sciadv.aaz2060,"Fig. 5B/C, c–In2O3-S, 280°C, standard feed",0.177242,923.313,947.201,1019.44
10.1126/sciadv.aaz2060 | 50 bar | H2/CO2 3.04 | 9 NL/g/h,10.1126/sciadv.aaz2060,"Fig. 5B/C, h–In2O3-R, 280°C, standard feed",0.157943,943.931,978.361,978.361
10.1126/sciadv.aaz2060 | 50 bar | H2/CO2 3.04 | 9 NL/g/h,10.1126/sciadv.aaz2060,"Fig. 5B/C, c–In2O3-S, 260°C, standard feed",0.154546,944.135,974.406,989.297
10.1126/sciadv.aaz2060 | 50 bar | H2/CO2 3.04 | 9 NL/g/h,10.1126/sciadv.aaz2060,"Fig. 5B/C, c–In2O3-S, 360°C, standard feed",0.153898,867.758,870.778,2537.8
10.1126/sciadv.aaz2060 | 50 bar | H2/CO2 3.04 | 9 NL/g/h,10.1126/sciadv.aaz2060,"Fig. 5B/C, c–In2O3-S, 240°C, standard feed",0.133255,965.603,985.883,985.883
10.1126/sciadv.aaz2060 | 50 bar | H2/CO2 3.04 | 9 NL/g/h,10.1126/sciadv.aaz2060,"Fig. 5B/C, h–In2O3-R, 260°C, standard feed",0.118573,980.472,1000.7,1000.7
10.1126/sciadv.aaz2060 | 50 bar | H2/CO2 3.04 | 9 NL/g/h,10.1126/sciadv.aaz2060,"Fig. 5A, c–In2O3-P, standard conditions, 44 h",0.105604,968.216,1067.76,1115.88
10.1126/sciadv.aaz2060 | 50 bar | H2/CO2 3.04 | 9 NL/g/h,10.1126/sciadv.aaz2060,"Fig. 5A, h–In2O3-L, standard conditions, 44 h",0.104214,968.377,1067.92,1124.13
10.1126/sciadv.aaz2060 | 50 bar | H2/CO2 3.04 | 9 NL/g/h,10.1126/sciadv.aaz2060,"Fig. 5B/C, h–In2O3-R, 240°C, standard feed",0.0967357,1013.2,1024.18,1024.18
10.1126/sciadv.abi6012 | 40 bar | H2/CO2 3 | 12 NL/g/h,10.1126/sciadv.abi6012,"Figure 5E, InNi3C0.5/Fe3O4, last point",0.441903,884.313,894.884,921.44
10.1126/sciadv.abi6012 | 40 bar | H2/CO2 3 | 12 NL/g/h,10.1126/sciadv.abi6012,"SI Figure S5A, H2/CO2=3/1, 350 °C",0.424577,869.034,877.384,1135.51
10.1126/sciadv.abi6012 | 40 bar | H2/CO2 3 | 12 NL/g/h,10.1126/sciadv.abi6012,"Fig. 2A, InNi3C0.5/m-ZrO2, 12000 ml gcat-1 hour-1",0.410202,885.754,896.39,957.756
10.1126/sciadv.abi6012 | 40 bar | H2/CO2 3 | 12 NL/g/h,10.1126/sciadv.abi6012,"SI Figure S5A, H2/CO2=3/1, 325 °C",0.408967,878.727,889.739,1020.22
10.1126/sciadv.abi6012 | 40 bar | H2/CO2 3 | 12 NL/g/h,10.1126/sciadv.abi6012,SI Table S2 row InNi3C0.5/ZnO,0.267947,907.406,932.195,1015.39
10.1126/sciadv.abi6012 | 40 bar | H2/CO2 3 | 12 NL/g/h,10.1126/sciadv.abi6012,"Figure 5E, InNi3C0.5/Fe3O4, first point",0.259378,923.187,941.266,942.068
10.1126/sciadv.abi6012 | 40 bar | H2/CO2 3 | 12 NL/g/h,10.1126/sciadv.abi6012,"SI Figure S5A, H2/CO2=3/1, 275 °C",0.254296,918.516,942.524,976.508
10.1126/sciadv.abi6012 | 40 bar | H2/CO2 3 | 12 NL/g/h,10.1126/sciadv.abi6012,"SI Table S7 row CuZnAl, 300 °C",0.234941,899.938,917.344,1176.95
10.1126/sciadv.abi6012 | 40 bar | H2/CO2 3 | 12 NL/g/h,10.1126/sciadv.abi6012,SI Table S2 row InNi3C0.5/CeO2,0.189795,945.085,1009.34,1034.57
10.1126/sciadv.abi6012 | 40 bar | H2/CO2 3 | 12 NL/g/h,10.1126/sciadv.abi6012,"SI Figure S5A, H2/CO2=3/1, 250 °C",0.188358,950.438,984.924,994.153
10.1126/sciadv.abi6012 | 40 bar | H2/CO2 3 | 12 NL/g/h,10.1126/sciadv.abi6012,"Fig. 2A, InNi3C0.5/t-ZrO2, 12000 ml gcat-1 hour-1",0.173952,957.855,1031.04,1031.04
10.1126/sciadv.abi6012 | 40 bar | H2/CO2 3 | 12 NL/g/h,10.1126/sciadv.abi6012,SI Table S2 row InNi3C0.5/TiO2,0.159229,943.817,1000.04,1171.42
10.1126/sciadv.abi6012 | 40 bar | H2/CO2 3 | 12 NL/g/h,10.1126/sciadv.abi6012,"Fig. 2A, InNi3C0.5/a-ZrO2, 12000 ml gcat-1 hour-1",0.128939,996.699,1077.23,1077.23
10.1126/sciadv.abi6012 | 40 bar | H2/CO2 3 | 12 NL/g/h,10.1126/sciadv.abi6012,"Fig. 2A, InNi3C0.5/SiO2, 12000 ml gcat-1 hour-1",0.0964948,1050.53,1111.6,1111.6
10.1126/sciadv.abi6012 | 40 bar | H2/CO2 3 | 12 NL/g/h,10.1126/sciadv.abi6012,SI Table S2 row m-ZrO2,0.0187629,1574.35,2160.53,2160.53
10.1126/sciadv.abi6012 | 40 bar | H2/CO2 3 | 12 NL/g/h,10.1126/sciadv.abi6012,SI Table S2 row t-ZrO2,0.0151175,1845.63,2352.07,2352.07
10.1126/sciadv.abi6012 | 40 bar | H2/CO2 3 | 12 NL/g/h,10.1126/sciadv.abi6012,SI Table S2 row a-ZrO2,0.01242,2077.36,2618.77,2618.77
10.1126/sciadv.abi6012 | 40 bar | H2/CO2 3 | 12 NL/g/h,10.1126/sciadv.abi6012,SI Table S2 row SiO2,0.0103442,2069.5,3018.9,3018.9
10.1126/sciadv.abi6012 | 40 bar | H2/CO2 3 | 24 NL/g/h,10.1126/sciadv.abi6012,"Fig. 2B, InNi3C0.5/m-ZrO2, 24000 ml gcat-1 hour-1",0.62,898.505,918.752,957.933
10.1126/sciadv.abi6012 | 40 bar | H2/CO2 3 | 24 NL/g/h,10.1126/sciadv.abi6012,"Fig. 2B, InNi3C0.5/t-ZrO2, 24000 ml gcat-1 hour-1",0.3,972.853,1026.4,1026.4
10.1126/sciadv.abi6012 | 40 bar | H2/CO2 3 | 24 NL/g/h,10.1126/sciadv.abi6012,"Fig. 2B, InNi3C0.5/a-ZrO2, 24000 ml gcat-1 hour-1",0.2,1037.93,1102.72,1102.72
10.1126/sciadv.abi6012 | 40 bar | H2/CO2 3 | 24 NL/g/h,10.1126/sciadv.abi6012,"Fig. 2B, InNi3C0.5/SiO2, 24000 ml gcat-1 hour-1",0.18,1070.98,1101.28,1101.28
10.1126/sciadv.abi6012 | 40 bar | H2/CO2 4 | 12 NL/g/h,10.1126/sciadv.abi6012,"SI Figure S5A, H2/CO2=4/1, 350 °C",0.432554,869.914,876.881,1121.2
10.1126/sciadv.abi6012 | 40 bar | H2/CO2 4 | 12 NL/g/h,10.1126/sciadv.abi6012,"SI Figure S5A, H2/CO2=4/1, 325 °C",0.362203,887.132,900.038,1016.17
10.1126/sciadv.abi6012 | 40 bar | H2/CO2 4 | 12 NL/g/h,10.1126/sciadv.abi6012,"SI Figure S5A, H2/CO2=4/1, 300 °C",0.362066,893.54,905.697,960.572
10.1126/sciadv.abi6012 | 40 bar | H2/CO2 4 | 12 NL/g/h,10.1126/sciadv.abi6012,"SI Figure S5A, H2/CO2=4/1, 275 °C",0.225961,931.43,958.334,987.822
10.1126/sciadv.abi6012 | 40 bar | H2/CO2 4 | 12 NL/g/h,10.1126/sciadv.abi6012,"SI Figure S5A, H2/CO2=4/1, 250 °C",0.197827,949.232,975.891,984.689
10.1126/sciadv.abi6012 | 40 bar | H2/CO2 5 | 12 NL/g/h,10.1126/sciadv.abi6012,"SI Figure S5A, H2/CO2=5/1, 350 °C",0.384264,876.934,885.405,1106.03
10.1126/sciadv.abi6012 | 40 bar | H2/CO2 5 | 12 NL/g/h,10.1126/sciadv.abi6012,"SI Figure S5A, H2/CO2=5/1, 325 °C",0.379117,886.357,896.555,1005.01
10.1126/sciadv.abi6012 | 40 bar | H2/CO2 5 | 12 NL/g/h,10.1126/sciadv.abi6012,"SI Fig. S5A note, 300 °C H2/CO2=5/1",0.373971,892.886,902.574,955.983
10.1126/sciadv.abi6012 | 40 bar | H2/CO2 5 | 12 NL/g/h,10.1126/sciadv.abi6012,"SI Figure S5A, H2/CO2=5/1, 275 °C",0.199594,946.02,977.262,1000.88
10.1126/sciadv.abi6012 | 40 bar | H2/CO2 5 | 12 NL/g/h,10.1126/sciadv.abi6012,"SI Figure S5A, H2/CO2=5/1, 250 °C",0.174548,965.231,995.553,1004.43
10.1126/sciadv.abi6012 | 40 bar | H2/CO2 8 | 30 NL/g/h,10.1126/sciadv.abi6012,"Text/Table S7, InNi3C0.5/Fe3O4, 325C, 4.0 MPa, H2/CO2 8:1, GHSV 30000",0.87,899.603,911.47,941.119
10.1126/sciadv.abi6012 | 40 bar | H2/CO2 8 | 30 NL/g/h,10.1126/sciadv.abi6012,"SI Table S7 row CuZnAl, 325 °C",0.62,892.952,902.09,1192.01
