cathub_id,surface_composition,bulk_composition,facet,site,E_N_eV
UmVhY3Rpb246MzM5MDI5,Ag,Ag12,111,hollow|A_A_A|FCC,3.112394
UmVhY3Rpb246MzM5MDMw,Ag,Ag12,111,hollow|A_A_A|HCP,3.206737
UmVhY3Rpb246MzM5MDMy,Ag,Ag12,111,top|A,4.745673
UmVhY3Rpb246Mzk5MTk2,Ag3Al,Ag9Al3,111,bridge|A_B|A,1.481899
UmVhY3Rpb246MzQwNjU5,Ag3Al,Ag9Al3,111,hollow|A_A_A|FCC,3.477133
UmVhY3Rpb246MzQwNjYw,Ag3Al,Ag9Al3,111,hollow|A_A_A|HCP,3.620748
UmVhY3Rpb246MzQwNjYx,Ag3Al,Ag9Al3,111,hollow|A_A_B|FCC,1.389554
UmVhY3Rpb246MzQwNjYy,Ag3Al,Ag9Al3,111,hollow|A_A_B|HCP,1.388179
UmVhY3Rpb246MzY3NzY2,Ag3Al,Ag9Al3,111,top|B,2.666809
UmVhY3Rpb246MzQ2NzY5,Ag3Au,Ag9Au3,111,hollow|A_A_A|FCC,3.415765
UmVhY3Rpb246MzQ2Nzcw,Ag3Au,Ag9Au3,111,hollow|A_A_A|HCP,3.587311
UmVhY3Rpb246MzQ2Nzcx,Ag3Au,Ag9Au3,111,hollow|A_A_B|FCC,2.960265
UmVhY3Rpb246MzQ2Nzcy,Ag3Au,Ag9Au3,111,hollow|A_A_B|HCP,3.073900
UmVhY3Rpb246MzYwMTUy,Ag3Au,Ag9Au3,111,top|B,4.305507
UmVhY3Rpb246MzQwMDE0,Ag3Bi,Ag9Bi3,111,hollow|A_A_A|FCC,3.138657
UmVhY3Rpb246MzQwMDE1,Ag3Bi,Ag9Bi3,111,hollow|A_A_A|HCP,3.205281
UmVhY3Rpb246MzQwMDE2,Ag3Bi,Ag9Bi3,111,hollow|A_A_B|HCP,2.918279
UmVhY3Rpb246NDI1OTUz,Ag3Bi,Ag9Bi3,111,top|B,4.063332
UmVhY3Rpb246MzQ0MDU5,Ag3Co,Ag9Co3,111,hollow-tilt|A_A_B|FCC,0.868362
UmVhY3Rpb246MzQ0MDYw,Ag3Co,Ag9Co3,111,hollow-tilt|A_A_B|HCP,0.850619
UmVhY3Rpb246MzQ0MDU3,Ag3Co,Ag9Co3,111,hollow|A_A_A|FCC,3.268740
UmVhY3Rpb246MzQ0MDU4,Ag3Co,Ag9Co3,111,hollow|A_A_A|HCP,3.463952
UmVhY3Rpb246NDI2MDEw,Ag3Co,Ag9Co3,111,top|B,1.069522
UmVhY3Rpb246NDAxODE3,Ag3Cr,Ag9Cr3,111,bridge-tilt|A_B|A,-1.221796
UmVhY3Rpb246MzQ0MjMx,Ag3Cr,Ag9Cr3,111,hollow-tilt|A_A_B|FCC,-1.226966
UmVhY3Rpb246MzQ0MjI5,Ag3Cr,Ag9Cr3,111,hollow|A_A_A|FCC,3.173282
UmVhY3Rpb246MzQ0MjMw,Ag3Cr,Ag9Cr3,111,hollow|A_A_A|HCP,3.455231
UmVhY3Rpb246MzUzNjkx,Ag3Cr,Ag9Cr3,111,top-tilt|B,-1.211499
UmVhY3Rpb246MzUzNjg5,Ag3Cr,Ag9Cr3,111,top|B,-1.203867
UmVhY3Rpb246MzQ4MTk3,Ag3Cu,Ag9Cu3,111,hollow|A_A_A|FCC,3.285662
UmVhY3Rpb246MzQ4MTk4,Ag3Cu,Ag9Cu3,111,hollow|A_A_A|HCP,3.423781
UmVhY3Rpb246MzQ4MTk5,Ag3Cu,Ag9Cu3,111,hollow|A_A_B|FCC,2.364193
UmVhY3Rpb246MzQ4MjAw,Ag3Cu,Ag9Cu3,111,hollow|A_A_B|HCP,2.432819
UmVhY3Rpb246MzgzMzA3,Ag3Cu,Ag9Cu3,111,top|B,3.473466
UmVhY3Rpb246NDAyMDAz,Ag3Fe,Ag9Fe3,111,bridge-tilt|A_B|A,0.853683
UmVhY3Rpb246NDAyMDA4,Ag3Fe,Ag9Fe3,111,hollow-tilt|A_A_B|FCC,0.830446
UmVhY3Rpb246NDAyMDA5,Ag3Fe,Ag9Fe3,111,hollow-tilt|A_A_B|HCP,0.819161
UmVhY3Rpb246MzQyODk3,Ag3Ga,Ag9Ga3,111,hollow|A_A_A|HCP,3.397040
UmVhY3Rpb246MzQyODk4,Ag3Ga,Ag9Ga3,111,hollow|A_A_B|FCC,1.921118
UmVhY3Rpb246MzQyODk5,Ag3Ga,Ag9Ga3,111,hollow|A_A_B|HCP,1.915677
UmVhY3Rpb246NDAxNzc3,Ag3Hf,Ag9Hf3,111,hollow|A_A_B|FCC,-0.315634
UmVhY3Rpb246NDAxNzc4,Ag3Hf,Ag9Hf3,111,hollow|A_A_B|HCP,-0.387860
UmVhY3Rpb246Mzk5MTEx,Ag3Hg,Ag9Hg3,111,hollow|A_A_B|FCC,3.163325
UmVhY3Rpb246MzYwNTQz,Ag3Hg,Ag9Hg3,111,top|B,5.109744
UmVhY3Rpb246NDAxOTAx,Ag3Ir,Ag9Ir3,111,hollow-tilt|A_A_B|FCC,0.296701
UmVhY3Rpb246NDAxOTAy,Ag3Ir,Ag9Ir3,111,hollow-tilt|A_A_B|HCP,0.289016
UmVhY3Rpb246MzQ0OTM1,Ag3Ir,Ag9Ir3,111,hollow|A_A_A|FCC,3.446807
UmVhY3Rpb246MzU0NDU1,Ag3Ir,Ag9Ir3,111,top|B,0.292982
UmVhY3Rpb246MzQwMjU0,Ag3La,Ag9La3,111,hollow|A_A_A|FCC,2.504287
UmVhY3Rpb246MzQwMjU1,Ag3La,Ag9La3,111,hollow|A_A_A|HCP,0.818792
UmVhY3Rpb246MzQwMjU2,Ag3La,Ag9La3,111,hollow|A_A_B|HCP,0.413345
UmVhY3Rpb246MzQ4MDY1,Ag3Mo,Ag9Mo3,111,hollow|A_A_A|FCC,3.087581
UmVhY3Rpb246MzQ4MDY2,Ag3Mo,Ag9Mo3,111,hollow|A_A_A|HCP,3.499482
UmVhY3Rpb246NDAxODI0,Ag3Mo,Ag9Mo3,111,top-tilt|B,-1.624490
UmVhY3Rpb246NDAxODIy,Ag3Mo,Ag9Mo3,111,top|A,4.596225
UmVhY3Rpb246NDAxODIz,Ag3Mo,Ag9Mo3,111,top|B,-1.639095
UmVhY3Rpb246NDAxODAx,Ag3Nb,Ag9Nb3,111,hollow-tilt|A_A_B|FCC,-1.255806
UmVhY3Rpb246NDAxODAy,Ag3Nb,Ag9Nb3,111,hollow-tilt|A_A_B|HCP,-1.281913
UmVhY3Rpb246MzQ3MzQ4,Ag3Nb,Ag9Nb3,111,hollow|A_A_A|FCC,2.967331
UmVhY3Rpb246MzQ3MzQ5,Ag3Nb,Ag9Nb3,111,hollow|A_A_A|HCP,3.348018
UmVhY3Rpb246NDAxODAz,Ag3Nb,Ag9Nb3,111,top|B,-1.173535
UmVhY3Rpb246NDAxOTU1,Ag3Ni,Ag9Ni3,111,hollow|A_A_B|FCC,1.543240
UmVhY3Rpb246NDAxOTU2,Ag3Ni,Ag9Ni3,111,hollow|A_A_B|HCP,1.553429
UmVhY3Rpb246MzQwNTk3,Ag3Os,Ag9Os3,111,hollow|A_A_A|FCC,3.327642
UmVhY3Rpb246MzY4NjU0,Ag3Os,Ag9Os3,111,top|B,-1.241316
UmVhY3Rpb246MzQ5MTM5,Ag3Pb,Ag9Pb3,111,top|B,4.713405
UmVhY3Rpb246MzQ2OTc0,Ag3Pd,Ag9Pd3,111,hollow|A_A_A|FCC,3.463588
UmVhY3Rpb246MzQ2OTc1,Ag3Pd,Ag9Pd3,111,hollow|A_A_A|HCP,3.685486
UmVhY3Rpb246MzQ2OTc2,Ag3Pd,Ag9Pd3,111,hollow|A_A_B|FCC,2.643537
UmVhY3Rpb246MzQ2OTc3,Ag3Pd,Ag9Pd3,111,hollow|A_A_B|HCP,2.662926
UmVhY3Rpb246MzYwMTM5,Ag3Pd,Ag9Pd3,111,top|B,3.461440
UmVhY3Rpb246MzQ0OTY5,Ag3Pt,Ag9Pt3,111,hollow|A_A_A|FCC,3.562969
UmVhY3Rpb246MzQ0OTcw,Ag3Pt,Ag9Pt3,111,hollow|A_A_A|HCP,3.981139
UmVhY3Rpb246MzQ0OTcx,Ag3Pt,Ag9Pt3,111,hollow|A_A_B|FCC,2.000840
UmVhY3Rpb246MzQ0OTcy,Ag3Pt,Ag9Pt3,111,hollow|A_A_B|HCP,1.985229
UmVhY3Rpb246MzU0NDY2,Ag3Pt,Ag9Pt3,111,top|B,2.474645
UmVhY3Rpb246MzQyNzgy,Ag3Re,Ag9Re3,111,hollow|A_A_A|FCC,3.223440
UmVhY3Rpb246MzQyNzgz,Ag3Re,Ag9Re3,111,hollow|A_A_A|HCP,3.766046
UmVhY3Rpb246MzQ5Njky,Ag3Re,Ag9Re3,111,top|B,-1.873122
UmVhY3Rpb246MzQ0MzM0,Ag3Rh,Ag9Rh3,111,hollow-tilt|A_A_B|FCC,1.086311
UmVhY3Rpb246MzQ0MzM1,Ag3Rh,Ag9Rh3,111,hollow-tilt|A_A_B|HCP,1.035316
UmVhY3Rpb246MzQ0MzMy,Ag3Rh,Ag9Rh3,111,hollow|A_A_A|FCC,3.409676
UmVhY3Rpb246MzQ0MzMz,Ag3Rh,Ag9Rh3,111,hollow|A_A_A|HCP,3.729989
UmVhY3Rpb246MzUzODc1,Ag3Rh,Ag9Rh3,111,top|B,1.245068
UmVhY3Rpb246MzQ3Nzkx,Ag3Ru,Ag9Ru3,111,hollow|A_A_A|FCC,3.299083
UmVhY3Rpb246MzQ3Nzky,Ag3Ru,Ag9Ru3,111,hollow|A_A_A|HCP,3.690158
UmVhY3Rpb246NDAxODgx,Ag3Ru,Ag9Ru3,111,top|B,-0.512574
UmVhY3Rpb246MzQ4MzY0,Ag3Sc,Ag9Sc3,111,hollow|A_A_B|FCC,0.648384
UmVhY3Rpb246NDAxNzU4,Ag3Sc,Ag9Sc3,111,hollow|A_A_B|HCP,0.602218
UmVhY3Rpb246MzYwNDA3,Ag3Sc,Ag9Sc3,111,top|B,2.068933
UmVhY3Rpb246MzQ0ODYx,Ag3Sn,Ag9Sn3,111,hollow|A_A_A|FCC,3.240437
UmVhY3Rpb246MzQ0ODYy,Ag3Sn,Ag9Sn3,111,hollow|A_A_A|HCP,3.460819
UmVhY3Rpb246MzQ0ODYz,Ag3Sn,Ag9Sn3,111,hollow|A_A_B|FCC,2.549570
UmVhY3Rpb246MzQ0ODY0,Ag3Sn,Ag9Sn3,111,hollow|A_A_B|HCP,2.531666
UmVhY3Rpb246MzU0NDA4,Ag3Sn,Ag9Sn3,111,top|B,4.048293
UmVhY3Rpb246NDAxNzkx,Ag3Ta,Ag9Ta3,111,hollow-tilt|A_A_B|FCC,-1.358596
UmVhY3Rpb246NDAxNzky,Ag3Ta,Ag9Ta3,111,hollow-tilt|A_A_B|HCP,-1.385339
UmVhY3Rpb246MzQ0MTQx,Ag3Ta,Ag9Ta3,111,hollow|A_A_A|HCP,3.491267
UmVhY3Rpb246MzUzNTQ1,Ag3Ta,Ag9Ta3,111,top|B,-1.149824
UmVhY3Rpb246MzQ0Nzkz,Ag3Tc,Ag9Tc3,111,hollow|A_A_A|FCC,3.201045
UmVhY3Rpb246MzU0Mzcx,Ag3Tc,Ag9Tc3,111,top|B,-1.438043
UmVhY3Rpb246MzQzNzcx,Ag3Ti,Ag9Ti3,111,hollow-tilt|A_A_B|FCC,-0.482376
UmVhY3Rpb246NDAxNzg1,Ag3Ti,Ag9Ti3,111,hollow-tilt|A_A_B|HCP,-0.518673
UmVhY3Rpb246MzUwNjEx,Ag3Ti,Ag9Ti3,111,top|B,-0.094299
UmVhY3Rpb246NDAxODEy,Ag3V,Ag9V3,111,hollow-tilt|A_A_B|FCC,-1.108994
UmVhY3Rpb246NDAxODEz,Ag3V,Ag9V3,111,hollow-tilt|A_A_B|HCP,-1.109251
UmVhY3Rpb246MzQ4NzM3,Ag3V,Ag9V3,111,hollow|A_A_A|HCP,3.379793
UmVhY3Rpb246MzY4NzU2,Ag3V,Ag9V3,111,top|B,-0.996762
UmVhY3Rpb246NDAxODMy,Ag3W,Ag9W3,111,bridge-tilt|A_B|A,-1.841597
UmVhY3Rpb246NDAxODMz,Ag3W,Ag9W3,111,hollow-tilt|A_A_B|HCP,-1.854003
UmVhY3Rpb246MzQzMDA0,Ag3W,Ag9W3,111,hollow|A_A_A|FCC,3.110938
UmVhY3Rpb246MzQzMDA1,Ag3W,Ag9W3,111,hollow|A_A_A|HCP,3.633404
UmVhY3Rpb246NDAxODM0,Ag3W,Ag9W3,111,top-tilt|B,-1.826449
UmVhY3Rpb246MzQ5ODUx,Ag3W,Ag9W3,111,top|B,-1.818399
UmVhY3Rpb246MzQzODk4,Ag3Y,Ag9Y3,111,hollow|A_A_A|HCP,1.211716
UmVhY3Rpb246NDAxNzQz,Ag3Y,Ag9Y3,111,hollow|A_A_B|FCC,0.863840
UmVhY3Rpb246NDAxNzQ0,Ag3Y,Ag9Y3,111,hollow|A_A_B|HCP,0.837712
UmVhY3Rpb246MzUwNzk3,Ag3Y,Ag9Y3,111,top|B,2.816690
UmVhY3Rpb246MzQxMTQx,Ag3Zn,Ag9Zn3,111,hollow|A_A_A|FCC,3.401903
UmVhY3Rpb246MzQxMTQy,Ag3Zn,Ag9Zn3,111,hollow|A_A_A|HCP,3.449856
UmVhY3Rpb246Mzk5MDQ0,Ag3Zn,Ag9Zn3,111,hollow|A_A_B|FCC,2.398808
UmVhY3Rpb246Mzk5MDQ1,Ag3Zn,Ag9Zn3,111,hollow|A_A_B|HCP,2.485510
UmVhY3Rpb246MzY4NjMy,Ag3Zn,Ag9Zn3,111,top|B,3.838883
UmVhY3Rpb246NDAxNzY3,Ag3Zr,Ag9Zr3,111,hollow|A_A_B|FCC,-0.320549
UmVhY3Rpb246NDAxNzY4,Ag3Zr,Ag9Zr3,111,hollow|A_A_B|HCP,-0.418609
UmVhY3Rpb246MzU0MDgz,Ag3Zr,Ag9Zr3,111,top|B,0.240993
UmVhY3Rpb246Mzk5MjQ0,AgAl,Ag6Al6,101,bridge|A_B|B,2.113124
UmVhY3Rpb246MzUwODcy,AgAl,Ag6Al6,101,hollow|A_A_B|FCC,1.870435
UmVhY3Rpb246MzUwODcz,AgAl,Ag6Al6,101,hollow|A_A_B|HCP,1.812957
UmVhY3Rpb246MzUwODc0,AgAl,Ag6Al6,101,hollow|A_B_B|HCP,-0.107950
UmVhY3Rpb246MzUzNDgx,AgAu,Ag6Au6,101,hollow|A_A_B|FCC,3.184274
UmVhY3Rpb246MzUzNDgy,AgAu,Ag6Au6,101,hollow|A_A_B|HCP,3.411597
UmVhY3Rpb246MzUzNDgz,AgAu,Ag6Au6,101,hollow|A_B_B|FCC,2.790710
UmVhY3Rpb246MzUzNDg0,AgAu,Ag6Au6,101,hollow|A_B_B|HCP,2.913537
UmVhY3Rpb246MzQ5ODYx,AgBi,Ag6Bi6,101,4fold|A_A_B_B,2.518776
UmVhY3Rpb246MzQ5ODYz,AgBi,Ag6Bi6,101,hollow|A_A_B|HCP,2.185171
UmVhY3Rpb246NDI2MDY0,AgBi,Ag6Bi6,101,hollow|A_B_B|FCC,2.451592
UmVhY3Rpb246Mzk5MDk1,AgCd,Ag6Cd6,101,bridge|A_A|B,2.893660
UmVhY3Rpb246MzUxNTEz,AgCd,Ag6Cd6,101,hollow|A_A_B|FCC,2.868922
UmVhY3Rpb246Mzk5MTA0,AgCd,Ag6Cd6,101,hollow|A_A_B|HCP,2.666338
UmVhY3Rpb246MzUxNTE0,AgCd,Ag6Cd6,101,hollow|A_B_B|FCC,2.602915
UmVhY3Rpb246MzUxNTE1,AgCd,Ag6Cd6,101,hollow|A_B_B|HCP,2.661722
UmVhY3Rpb246MzUzMDY0,AgCo,Ag6Co6,101,bridge|B_B|A,0.007205
UmVhY3Rpb246MzUzMDY1,AgCo,Ag6Co6,101,hollow-tilt|A_A_B|FCC,1.369263
UmVhY3Rpb246MzUzMDY2,AgCo,Ag6Co6,101,hollow-tilt|A_A_B|HCP,1.319082
UmVhY3Rpb246NDI2MDky,AgCo,Ag6Co6,101,top|A,4.859870
UmVhY3Rpb246MzUzMDY3,AgCo,Ag6Co6,101,top|B,1.626931
UmVhY3Rpb246MzU4NjYy,AgCr,Ag6Cr6,101,bridge|B_B|A,-0.707108
UmVhY3Rpb246MzUwNjU3,AgCu,Ag6Cu6,101,bridge|B_B|A,1.630291
UmVhY3Rpb246MzUwNjYz,AgCu,Ag6Cu6,101,hollow|A_A_B|FCC,2.529821
UmVhY3Rpb246MzUwNjY1,AgCu,Ag6Cu6,101,hollow|A_A_B|HCP,2.673546
UmVhY3Rpb246MzUwNjY5,AgCu,Ag6Cu6,101,top|A,4.823777
UmVhY3Rpb246NDI3NTkz,AgFe,Ag6Fe6,101,bridge|A_A|B,-0.116873
UmVhY3Rpb246MzU5NTc5,AgFe,Ag6Fe6,101,bridge|B_B|A,-0.115942
UmVhY3Rpb246MzU5NTgw,AgFe,Ag6Fe6,101,hollow-tilt|A_A_B|FCC,1.012782
UmVhY3Rpb246NDI3NTk0,AgFe,Ag6Fe6,101,hollow-tilt|A_B_B|FCC,1.012964
UmVhY3Rpb246MzU5NTgx,AgFe,Ag6Fe6,101,top-tilt|B,0.986753
UmVhY3Rpb246MzgzNDcy,AgGa,Ag6Ga6,101,hollow|A_A_B|FCC,2.068140
UmVhY3Rpb246MzgzNDc2,AgGa,Ag6Ga6,101,hollow|A_A_B|HCP,2.013244
UmVhY3Rpb246MzgzNDc3,AgGa,Ag6Ga6,101,hollow|A_B_B|FCC,1.497019
UmVhY3Rpb246MzgzNDc4,AgGa,Ag6Ga6,101,hollow|A_B_B|HCP,1.282761
UmVhY3Rpb246NDA2NzE5,AgHf,Ag6Hf6,101,bridge|A_A|B,-1.989881
UmVhY3Rpb246MzU0ODk0,AgHf,Ag6Hf6,101,bridge|B_B|A,-1.949039
UmVhY3Rpb246MzU0ODk1,AgHf,Ag6Hf6,101,hollow|A_A_B|FCC,0.218036
UmVhY3Rpb246MzU0ODk2,AgHf,Ag6Hf6,101,hollow|A_A_B|HCP,0.506259
UmVhY3Rpb246MzU0ODk4,AgHf,Ag6Hf6,101,hollow|A_B_B|HCP,-2.005414
UmVhY3Rpb246MzUxNjAw,AgHg,Ag6Hg6,101,hollow|A_A_B|FCC,2.958446
UmVhY3Rpb246MzU5MDI1,AgIn,Ag6In6,101,hollow|A_A_B|FCC,2.458759
UmVhY3Rpb246MzU5MDI2,AgIn,Ag6In6,101,hollow|A_A_B|HCP,1.838362
UmVhY3Rpb246MzU5MDI3,AgIn,Ag6In6,101,hollow|A_B_B|FCC,2.222253
UmVhY3Rpb246MzU5MDI4,AgIn,Ag6In6,101,hollow|A_B_B|HCP,2.073193
UmVhY3Rpb246NDE4OTE1,AgIr,Ag6Ir6,101,bridge|A_A|A,-0.103531
UmVhY3Rpb246NDE4OTE2,AgIr,Ag6Ir6,101,bridge|A_A|B,-0.134650
UmVhY3Rpb246MzU5NTM4,AgIr,Ag6Ir6,101,bridge|B_B|A,-0.136713
UmVhY3Rpb246MzU5NTM5,AgIr,Ag6Ir6,101,bridge|B_B|B,-0.107873
UmVhY3Rpb246MzU5NTQw,AgIr,Ag6Ir6,101,hollow-tilt|A_A_B|HCP,1.088731
UmVhY3Rpb246NDE4OTE3,AgIr,Ag6Ir6,101,hollow-tilt|A_B_B|HCP,1.089267
UmVhY3Rpb246MzU3MTQz,AgLa,Ag6La6,101,bridge|B_B|A,-1.483061
UmVhY3Rpb246MzU3MTQ0,AgLa,Ag6La6,101,bridge|B_B|B,-1.560978
UmVhY3Rpb246MzU3MTQ1,AgLa,Ag6La6,101,hollow|A_B_B|HCP,-1.477172
UmVhY3Rpb246MzU3MTQ2,AgLa,Ag6La6,101,top|B,1.625355
UmVhY3Rpb246NDA5ODEy,AgMo,Ag6Mo6,101,bridge-tilt|A_B|A,-0.318350
UmVhY3Rpb246NDA5ODEx,AgMo,Ag6Mo6,101,bridge|B_B|A,-1.156400
UmVhY3Rpb246MzU0MTg2,AgMo,Ag6Mo6,101,bridge|B_B|B,-1.166941
UmVhY3Rpb246MzU0MTg5,AgMo,Ag6Mo6,101,hollow-tilt|A_A_B|FCC,-0.318719
UmVhY3Rpb246NDA5ODEz,AgMo,Ag6Mo6,101,hollow|A_B_B|FCC,-1.235543
UmVhY3Rpb246MzU0MTg4,AgMo,Ag6Mo6,101,hollow|A_B_B|HCP,-1.234408
UmVhY3Rpb246MzUxNDUy,AgNb,Ag6Nb6,101,bridge-tilt|B_B|A,-1.322422
UmVhY3Rpb246MzUxNDUx,AgNb,Ag6Nb6,101,bridge|B_B|A,-1.345857
UmVhY3Rpb246MzUxNDUz,AgNb,Ag6Nb6,101,hollow-tilt|A_A_B|FCC,-0.050841
UmVhY3Rpb246MzUxNDU0,AgNb,Ag6Nb6,101,hollow-tilt|A_A_B|HCP,0.097188
UmVhY3Rpb246NDA3NTI4,AgNb,Ag6Nb6,101,hollow-tilt|A_B_B|HCP,-1.324115
UmVhY3Rpb246NDIyMDEz,AgNi,Ag6Ni6,101,bridge|B_B|A,0.333604
UmVhY3Rpb246NDIyMDE1,AgNi,Ag6Ni6,101,hollow-tilt|A_A_B|FCC,1.856067
UmVhY3Rpb246NDIyMDE2,AgNi,Ag6Ni6,101,hollow-tilt|A_A_B|HCP,1.865594
UmVhY3Rpb246NDEzMDY1,AgOs,Ag6Os6,101,bridge-tilt|A_B|A,1.153156
UmVhY3Rpb246MzU4Mjk4,AgOs,Ag6Os6,101,hollow-tilt|A_A_B|HCP,1.162683
UmVhY3Rpb246NDEzMDY2,AgOs,Ag6Os6,101,hollow|A_A_B|FCC,0.177381
UmVhY3Rpb246MzU4Mjk5,AgOs,Ag6Os6,101,top-tilt|B,1.154590
UmVhY3Rpb246Mzk2NTIx,AgPb,Ag6Pb6,101,hollow|A_A_B|FCC,2.484238
UmVhY3Rpb246MzU2MTEz,AgPb,Ag6Pb6,101,hollow|A_B_B|FCC,2.467777
UmVhY3Rpb246MzU2MTE0,AgPb,Ag6Pb6,101,top|B,4.498062
UmVhY3Rpb246NDI1MTgw,AgPd,Ag6Pd6,101,bridge|B_B|A,1.842974
UmVhY3Rpb246MzUxODE2,AgPd,Ag6Pd6,101,hollow|A_A_B|FCC,2.584367
UmVhY3Rpb246MzUxODE3,AgPd,Ag6Pd6,101,hollow|A_A_B|HCP,2.652513
UmVhY3Rpb246MzUxODE4,AgPd,Ag6Pd6,101,hollow|A_B_B|FCC,1.758970
UmVhY3Rpb246MzUxODE5,AgPd,Ag6Pd6,101,hollow|A_B_B|HCP,1.759224
UmVhY3Rpb246MzUwMjQ2,AgPt,Ag6Pt6,101,bridge|B_B|A,1.072977
UmVhY3Rpb246MzUwMjUz,AgPt,Ag6Pt6,101,hollow-tilt|A_A_B|HCP,2.292101
UmVhY3Rpb246MzUwMjQ5,AgPt,Ag6Pt6,101,hollow|A_A_B|FCC,2.213635
UmVhY3Rpb246NDI1MTk4,AgPt,Ag6Pt6,101,hollow|A_B_B|FCC,1.078736
UmVhY3Rpb246MzUwMjUy,AgPt,Ag6Pt6,101,hollow|A_B_B|HCP,1.009894
UmVhY3Rpb246MzU2ODU0,AgRe,Ag6Re6,101,bridge|B_B|B,-1.249470
UmVhY3Rpb246MzU2ODU1,AgRe,Ag6Re6,101,top|B,-0.261331
UmVhY3Rpb246MzU2MzU0,AgRh,Ag6Rh6,101,bridge|B_B|A,0.060058
UmVhY3Rpb246MzU2MzU2,AgRh,Ag6Rh6,101,hollow-tilt|A_A_B|HCP,1.486389
UmVhY3Rpb246MzU2MzU1,AgRh,Ag6Rh6,101,hollow|A_A_B|FCC,1.686823
UmVhY3Rpb246NDE2Nzc1,AgRu,Ag6Ru6,101,bridge-tilt|A_A|A,-0.137325
UmVhY3Rpb246NDE2Njk0,AgRu,Ag6Ru6,101,bridge-tilt|A_B|B,0.869509
UmVhY3Rpb246NDE2NzY5,AgRu,Ag6Ru6,101,bridge|A_A|A,-0.136541
UmVhY3Rpb246MzYzNTYw,AgRu,Ag6Ru6,101,bridge|B_B|B,-0.135999
UmVhY3Rpb246MzYzNTYx,AgRu,Ag6Ru6,101,hollow-tilt|A_A_B|FCC,1.245646
UmVhY3Rpb246NDI2MTM4,AgRu,Ag6Ru6,101,hollow-tilt|A_B_B|FCC,-0.136065
UmVhY3Rpb246MzYzNTYy,AgRu,Ag6Ru6,101,top-tilt|B,0.869245
UmVhY3Rpb246MzUzNzIz,AgSc,Ag6Sc6,101,4fold|A_A_B_B,-1.580378
UmVhY3Rpb246MzUzNzI0,AgSc,Ag6Sc6,101,hollow|A_B_B|HCP,-1.606165
UmVhY3Rpb246MzU2MzA1,AgSn,Ag6Sn6,101,hollow|A_A_B|HCP,1.952195
UmVhY3Rpb246MzU2MzA2,AgSn,Ag6Sn6,101,hollow|A_B_B|FCC,2.006399
UmVhY3Rpb246MzU2MzA3,AgSn,Ag6Sn6,101,hollow|A_B_B|HCP,2.020991
UmVhY3Rpb246MzUyMjg5,AgTa,Ag6Ta6,101,bridge|B_B|A,-1.815682
UmVhY3Rpb246MzUyMjkw,AgTa,Ag6Ta6,101,hollow-tilt|A_A_B|FCC,-0.008040
UmVhY3Rpb246MzUyMjkx,AgTa,Ag6Ta6,101,hollow-tilt|A_A_B|HCP,0.022588
UmVhY3Rpb246NDExMTQz,AgTc,Ag6Tc6,101,bridge|B_B|A,-0.662506
UmVhY3Rpb246MzU3NTU4,AgTc,Ag6Tc6,101,bridge|B_B|B,-0.703702
UmVhY3Rpb246MzU3NTU5,AgTc,Ag6Tc6,101,top|B,0.131236
UmVhY3Rpb246NDA2OTgw,AgTi,Ag6Ti6,101,bridge|A_A|B,-1.846038
UmVhY3Rpb246MzU4OTc5,AgTi,Ag6Ti6,101,bridge|B_B|A,-1.843347
UmVhY3Rpb246NDI2MTQ0,AgTi,Ag6Ti6,101,hollow-tilt|A_A_B|FCC,-0.069111
UmVhY3Rpb246MzU4OTgw,AgTi,Ag6Ti6,101,hollow-tilt|A_A_B|HCP,0.297390
UmVhY3Rpb246NDA2OTgy,AgTi,Ag6Ti6,101,hollow-tilt|A_B_B|FCC,-0.069389
UmVhY3Rpb246NDA2OTgx,AgTi,Ag6Ti6,101,hollow|A_A_B|HCP,-1.844770
UmVhY3Rpb246MzU2Mjg2,AgTl,Ag6Tl6,101,4fold|A_A_B_B,2.351874
UmVhY3Rpb246MzU2Mjg3,AgTl,Ag6Tl6,101,hollow|A_A_B|HCP,2.348961
UmVhY3Rpb246NDA4NDg0,AgV,Ag6V6,101,bridge-tilt|A_B|A,-0.194426
UmVhY3Rpb246MzUyMjI3,AgV,Ag6V6,101,bridge-tilt|B_B|A,-1.529580
UmVhY3Rpb246MzUyMjI2,AgV,Ag6V6,101,bridge|B_B|A,-1.493290
UmVhY3Rpb246NDA4NDgz,AgV,Ag6V6,101,bridge|B_B|B,-1.487038
UmVhY3Rpb246MzUyMjI4,AgV,Ag6V6,101,hollow-tilt|A_A_B|FCC,-0.190074
UmVhY3Rpb246MzUyMjI5,AgV,Ag6V6,101,hollow-tilt|A_A_B|HCP,-0.088325
UmVhY3Rpb246MzUxOTQ3,AgW,Ag6W6,101,bridge|B_B|A,-1.533194
UmVhY3Rpb246MzUxOTQ4,AgW,Ag6W6,101,bridge|B_B|B,-1.556898
UmVhY3Rpb246MzUxOTQ5,AgW,Ag6W6,101,hollow-tilt|A_A_B|FCC,-0.311776
UmVhY3Rpb246NDEwMTE5,AgW,Ag6W6,101,top-tilt|A,-0.190483
UmVhY3Rpb246MzUxOTUx,AgW,Ag6W6,101,top-tilt|B,-0.181169
UmVhY3Rpb246MzUxOTUw,AgW,Ag6W6,101,top|B,-0.158171
UmVhY3Rpb246MzUwNDIy,AgY,Ag6Y6,101,4fold|A_A_B_B,-1.609135
UmVhY3Rpb246NDA1NTYy,AgY,Ag6Y6,101,bridge|B_B|A,-1.196094
UmVhY3Rpb246MzUwNDI3,AgY,Ag6Y6,101,hollow|A_B_B|HCP,-1.275483
UmVhY3Rpb246MzUwNDI5,AgY,Ag6Y6,101,top|A,3.171630
UmVhY3Rpb246MzUwNDMw,AgY,Ag6Y6,101,top|B,2.214285
UmVhY3Rpb246Mzk5MDgy,AgZn,Ag6Zn6,101,bridge|A_A|B,1.360124
UmVhY3Rpb246MzU2MzI1,AgZn,Ag6Zn6,101,bridge|B_B|A,1.358598
UmVhY3Rpb246NDA2NDM3,AgZr,Ag6Zr6,101,bridge|B_B|A,-1.673150
UmVhY3Rpb246NDA2NDM4,AgZr,Ag6Zr6,101,hollow|A_A_B|FCC,0.172852
UmVhY3Rpb246NDA2NDM5,AgZr,Ag6Zr6,101,hollow|A_A_B|HCP,0.509713
UmVhY3Rpb246NDI2MTQ4,AgZr,Ag6Zr6,101,hollow|A_B_B|HCP,-1.759847
UmVhY3Rpb246MzM5NTkx,Al,Al12,111,hollow|A_A_A|FCC,-1.127564
UmVhY3Rpb246MzM5NTky,Al,Al12,111,hollow|A_A_A|HCP,-0.931726
UmVhY3Rpb246MzM5NTk0,Al,Al12,111,top|A,2.844930
UmVhY3Rpb246MzQ4Mjk3,Al3Ag,Ag3Al9,111,hollow|A_A_A|FCC,-0.959583
UmVhY3Rpb246MzQ4Mjk4,Al3Ag,Ag3Al9,111,hollow|A_A_A|HCP,-1.208687
UmVhY3Rpb246NDAzNDkw,Al3Ag,Ag3Al9,111,hollow|A_A_B|FCC,0.198468
UmVhY3Rpb246MzQyNjI0,Al3Au,Al9Au3,111,hollow|A_A_A|FCC,-1.211854
UmVhY3Rpb246MzQyNjI1,Al3Au,Al9Au3,111,hollow|A_A_A|HCP,-1.375480
UmVhY3Rpb246MzQwMTU1,Al3Bi,Al9Bi3,111,hollow|A_A_A|HCP,-0.900804
UmVhY3Rpb246MzQ2MTg2,Al3Cd,Al9Cd3,111,hollow|A_A_A|FCC,-1.148559
UmVhY3Rpb246NDI4NDMz,Al3Co,Al9Co3,111,hollow|A_A_A|FCC,-0.211618
UmVhY3Rpb246NDI4NDM0,Al3Co,Al9Co3,111,hollow|A_A_A|HCP,-0.437615
UmVhY3Rpb246NDI4NDM1,Al3Co,Al9Co3,111,hollow|A_A_B|HCP,0.188314
UmVhY3Rpb246NDI4NDM2,Al3Co,Al9Co3,111,top|B,2.434640
UmVhY3Rpb246MzQ2MzIz,Al3Cr,Al9Cr3,111,hollow|A_A_A|HCP,0.035279
UmVhY3Rpb246MzQ2MzI0,Al3Cr,Al9Cr3,111,hollow|A_A_B|FCC,-0.320942
UmVhY3Rpb246MzQ2MzI1,Al3Cr,Al9Cr3,111,hollow|A_A_B|HCP,-0.325347
UmVhY3Rpb246MzY4NTc5,Al3Cr,Al9Cr3,111,top|B,0.444887
UmVhY3Rpb246MzQzOTM2,Al3Cu,Al9Cu3,111,hollow|A_A_A|FCC,-0.907637
UmVhY3Rpb246MzQzOTM3,Al3Cu,Al9Cu3,111,hollow|A_A_A|HCP,-1.053970
UmVhY3Rpb246MzQzOTM4,Al3Cu,Al9Cu3,111,hollow|A_A_B|FCC,0.120997
UmVhY3Rpb246MzQzOTM5,Al3Cu,Al9Cu3,111,hollow|A_A_B|HCP,-0.302480
UmVhY3Rpb246MzUwODI2,Al3Cu,Al9Cu3,111,top|B,3.705195
UmVhY3Rpb246NDAzMzkz,Al3Fe,Al9Fe3,111,hollow|A_A_A|FCC,-0.081200
UmVhY3Rpb246MzQ4NzYy,Al3Fe,Al9Fe3,111,hollow|A_A_A|HCP,-0.380521
UmVhY3Rpb246NDAzMzk0,Al3Fe,Al9Fe3,111,hollow|A_A_B|FCC,0.148672
UmVhY3Rpb246NDAyNTQ3,Al3Ga,Al9Ga3,111,hollow|A_A_A|FCC,-1.206956
UmVhY3Rpb246NDAyNTQ4,Al3Ga,Al9Ga3,111,hollow|A_A_A|HCP,-1.132540
UmVhY3Rpb246NDAyNTQ5,Al3Ga,Al9Ga3,111,hollow|A_A_B|FCC,-0.423636
UmVhY3Rpb246MzQyMTE1,Al3Hf,Al9Hf3,111,hollow|A_A_A|FCC,0.360023
UmVhY3Rpb246MzQyMTE2,Al3Hf,Al9Hf3,111,hollow|A_A_A|HCP,0.071670
UmVhY3Rpb246MzQyMTE3,Al3Hf,Al9Hf3,111,hollow|A_A_B|FCC,-1.168675
UmVhY3Rpb246MzQyMTE4,Al3Hf,Al9Hf3,111,hollow|A_A_B|HCP,-1.172014
UmVhY3Rpb246MzQ5Mjky,Al3Hf,Al9Hf3,111,top|B,2.152511
UmVhY3Rpb246MzQyMzMz,Al3Hg,Al9Hg3,111,hollow|A_A_A|FCC,-1.255727
UmVhY3Rpb246NDAyNTc3,Al3In,Al9In3,111,hollow|A_A_A|FCC,-1.025772
UmVhY3Rpb246MzQ4Njg0,Al3In,Al9In3,111,hollow|A_A_A|HCP,-1.010917
UmVhY3Rpb246NDAyNTc4,Al3In,Al9In3,111,hollow|A_A_B|FCC,-0.336517
UmVhY3Rpb246NDAyNTc5,Al3In,Al9In3,111,top|B,4.675887
UmVhY3Rpb246NDAzMzA0,Al3Ir,Al9Ir3,111,hollow|A_A_A|FCC,-0.391203
UmVhY3Rpb246MzQ2MDU4,Al3Ir,Al9Ir3,111,hollow|A_A_A|HCP,-0.541762
UmVhY3Rpb246NDAzMzA1,Al3Ir,Al9Ir3,111,hollow|A_A_B|FCC,0.602296
UmVhY3Rpb246NDAzMTQ1,Al3La,Al9La3,111,bridge|A_A|B,-1.026386
UmVhY3Rpb246MzQ2NjE4,Al3La,Al9La3,111,hollow|A_A_A|FCC,-0.969279
UmVhY3Rpb246NDAzMTQ2,Al3La,Al9La3,111,hollow|A_A_B|HCP,-0.869547
UmVhY3Rpb246NDAzMTQ3,Al3La,Al9La3,111,top|B,3.599269
UmVhY3Rpb246MzQwNDIw,Al3Mn,Al9Mn3,111,hollow|A_A_A|HCP,-0.180686
UmVhY3Rpb246NDAzNDA3,Al3Mn,Al9Mn3,111,hollow|A_A_B|FCC,-0.182968
UmVhY3Rpb246NDAzNDA4,Al3Mn,Al9Mn3,111,hollow|A_A_B|HCP,-0.235047
UmVhY3Rpb246NDAzNDA5,Al3Mn,Al9Mn3,111,top|B,1.148918
UmVhY3Rpb246MzQ4Njkz,Al3Mo,Al9Mo3,111,hollow|A_A_A|FCC,0.430826
UmVhY3Rpb246MzQ4Njk0,Al3Mo,Al9Mo3,111,hollow|A_A_A|HCP,0.032595
UmVhY3Rpb246NDAzMjAz,Al3Mo,Al9Mo3,111,hollow|A_A_B|FCC,0.015822
UmVhY3Rpb246NDAzMjA0,Al3Mo,Al9Mo3,111,hollow|A_A_B|HCP,-0.100941
UmVhY3Rpb246MzQ3NjU0,Al3Nb,Al9Nb3,111,hollow|A_A_A|HCP,0.499285
UmVhY3Rpb246NDAzMTcz,Al3Nb,Al9Nb3,111,hollow|A_A_B|FCC,-0.535165
UmVhY3Rpb246NDAzMTc0,Al3Nb,Al9Nb3,111,hollow|A_A_B|HCP,-0.388142
UmVhY3Rpb246NDAzMTc1,Al3Nb,Al9Nb3,111,top|B,1.634557
UmVhY3Rpb246MzQ4OTI4,Al3Ni,Al9Ni3,111,hollow|A_A_A|HCP,-0.801852
UmVhY3Rpb246NDAzMzY0,Al3Ni,Al9Ni3,111,top|B,3.381204
UmVhY3Rpb246MzQxNjgw,Al3Os,Al9Os3,111,hollow|A_A_A|HCP,-0.479337
UmVhY3Rpb246NDAzMjQx,Al3Os,Al9Os3,111,hollow|A_A_B|HCP,0.332166
UmVhY3Rpb246MzQ3NTE2,Al3Pb,Al9Pb3,111,hollow|A_A_A|FCC,-0.925554
UmVhY3Rpb246MzQ3NTE3,Al3Pb,Al9Pb3,111,hollow|A_A_A|HCP,-0.879680
UmVhY3Rpb246MzQ2NTIx,Al3Pd,Al9Pd3,111,hollow|A_A_A|FCC,-0.738253
UmVhY3Rpb246MzQ2NTIy,Al3Pd,Al9Pd3,111,hollow|A_A_A|HCP,-1.102609
UmVhY3Rpb246MzQ2NTIz,Al3Pd,Al9Pd3,111,hollow|A_A_B|FCC,0.532460
UmVhY3Rpb246MzQ2NTI0,Al3Pd,Al9Pd3,111,hollow|A_A_B|HCP,0.432189
UmVhY3Rpb246MzYwNDE4,Al3Pd,Al9Pd3,111,top|B,4.725737
UmVhY3Rpb246MzQ4MDgx,Al3Pt,Al9Pt3,111,hollow|A_A_A|FCC,-0.822080
UmVhY3Rpb246MzQ4MDgy,Al3Pt,Al9Pt3,111,hollow|A_A_A|HCP,-0.976025
UmVhY3Rpb246MzQ4MDgz,Al3Pt,Al9Pt3,111,hollow|A_A_B|FCC,0.519327
UmVhY3Rpb246MzQ4MDg0,Al3Pt,Al9Pt3,111,hollow|A_A_B|HCP,0.481009
UmVhY3Rpb246MzY4NTg5,Al3Pt,Al9Pt3,111,top|B,4.316081
UmVhY3Rpb246MzQwMzM1,Al3Re,Al9Re3,111,hollow|A_A_A|FCC,0.102871
UmVhY3Rpb246MzQwMzM2,Al3Re,Al9Re3,111,hollow|A_A_A|HCP,-0.242282
UmVhY3Rpb246MzQwMzM3,Al3Re,Al9Re3,111,hollow|A_A_B|FCC,0.063988
UmVhY3Rpb246MzQwMzM4,Al3Re,Al9Re3,111,hollow|A_A_B|HCP,-0.283406
UmVhY3Rpb246NDAzMzM1,Al3Rh,Al9Rh3,111,hollow|A_A_A|FCC,-0.410034
UmVhY3Rpb246NDAzMzM2,Al3Rh,Al9Rh3,111,hollow|A_A_A|HCP,-0.610499
UmVhY3Rpb246NDAzMjY5,Al3Ru,Al9Ru3,111,hollow|A_A_A|FCC,-0.262020
UmVhY3Rpb246MzQ4OTcw,Al3Ru,Al9Ru3,111,hollow|A_A_A|HCP,-0.514409
UmVhY3Rpb246MzQ4OTcx,Al3Ru,Al9Ru3,111,hollow|A_A_B|FCC,0.483639
UmVhY3Rpb246NDAzMTU4,Al3Sc,Al9Sc3,111,hollow|A_A_B|FCC,-1.031940
UmVhY3Rpb246NDAzMTU5,Al3Sc,Al9Sc3,111,hollow|A_A_B|HCP,-1.039210
UmVhY3Rpb246NDAyNjA4,Al3Sn,Al9Sn3,111,hollow|A_A_A|FCC,-1.162286
UmVhY3Rpb246NDAyNjA5,Al3Sn,Al9Sn3,111,hollow|A_A_A|HCP,-0.988355
UmVhY3Rpb246MzQ0MjQ2,Al3Ta,Al9Ta3,111,hollow|A_A_A|FCC,0.798931
UmVhY3Rpb246MzQ0MjQ3,Al3Ta,Al9Ta3,111,hollow|A_A_A|HCP,0.615407
UmVhY3Rpb246MzQ0MjQ4,Al3Ta,Al9Ta3,111,hollow|A_A_B|FCC,-0.829727
UmVhY3Rpb246MzQ0MjQ5,Al3Ta,Al9Ta3,111,hollow|A_A_B|HCP,-0.651408
UmVhY3Rpb246NDAzMjE1,Al3Tc,Al9Tc3,111,hollow|A_A_A|FCC,0.023939
UmVhY3Rpb246NDAzMjE2,Al3Tc,Al9Tc3,111,hollow|A_A_A|HCP,-0.336645
UmVhY3Rpb246MzQwMjIy,Al3Ti,Al9Ti3,111,hollow|A_A_A|FCC,0.325415
UmVhY3Rpb246MzQwMjIz,Al3Ti,Al9Ti3,111,hollow|A_A_A|HCP,0.182674
UmVhY3Rpb246MzQwMjI0,Al3Ti,Al9Ti3,111,hollow|A_A_B|FCC,-1.039241
UmVhY3Rpb246MzQwMjI1,Al3Ti,Al9Ti3,111,hollow|A_A_B|HCP,-1.036202
UmVhY3Rpb246MzY4NjYy,Al3Ti,Al9Ti3,111,top|B,1.696316
UmVhY3Rpb246MzQ1MDgz,Al3Tl,Al9Tl3,111,hollow|A_A_A|FCC,-0.893683
UmVhY3Rpb246MzQ1MDg0,Al3Tl,Al9Tl3,111,hollow|A_A_A|HCP,-1.018258
UmVhY3Rpb246MzU0NTIz,Al3Tl,Al9Tl3,111,top|B,5.358490
UmVhY3Rpb246NDAzMTg1,Al3V,Al9V3,111,hollow|A_A_A|HCP,0.330387
UmVhY3Rpb246NDAzMTg2,Al3V,Al9V3,111,hollow|A_A_B|HCP,-0.575475
UmVhY3Rpb246MzQxMjIz,Al3W,Al9W3,111,hollow|A_A_A|FCC,0.599984
UmVhY3Rpb246NDI2MTc4,Al3W,Al9W3,111,hollow|A_A_A|HCP,0.203510
UmVhY3Rpb246NDAzMjEw,Al3W,Al9W3,111,hollow|A_A_B|FCC,-0.303400
UmVhY3Rpb246MzQxMjI0,Al3W,Al9W3,111,hollow|A_A_B|HCP,-0.304527
UmVhY3Rpb246MzQzOTc2,Al3Y,Al9Y3,111,hollow|A_A_A|FCC,-0.434779
UmVhY3Rpb246MzQzOTc3,Al3Y,Al9Y3,111,hollow|A_A_A|HCP,-0.951712
UmVhY3Rpb246MzQzOTc4,Al3Y,Al9Y3,111,hollow|A_A_B|FCC,-1.002880
UmVhY3Rpb246MzQzOTc5,Al3Y,Al9Y3,111,hollow|A_A_B|HCP,-0.948912
UmVhY3Rpb246MzUzMzc4,Al3Y,Al9Y3,111,top|B,3.565825
UmVhY3Rpb246MzQwNzUw,Al3Zn,Al9Zn3,111,hollow|A_A_A|FCC,-1.200746
UmVhY3Rpb246MzQwNzUx,Al3Zn,Al9Zn3,111,hollow|A_A_A|HCP,-1.250895
UmVhY3Rpb246MzQwNzUy,Al3Zn,Al9Zn3,111,hollow|A_A_B|HCP,-0.420326
UmVhY3Rpb246MzY4NzMx,Al3Zn,Al9Zn3,111,top|B,3.727511
UmVhY3Rpb246MzQzNzUz,Al3Zr,Al9Zr3,111,hollow|A_A_A|FCC,0.300610
UmVhY3Rpb246MzQzNzU0,Al3Zr,Al9Zr3,111,hollow|A_A_A|HCP,0.024823
UmVhY3Rpb246MzQzNzU1,Al3Zr,Al9Zr3,111,hollow|A_A_B|FCC,-0.985376
UmVhY3Rpb246MzQzNzU2,Al3Zr,Al9Zr3,111,hollow|A_A_B|HCP,-0.986834
UmVhY3Rpb246MzUwNjAx,Al3Zr,Al9Zr3,111,top|B,2.356519
UmVhY3Rpb246MzUzNTcx,AlAu,Al6Au6,101,hollow|A_B_B|FCC,1.653644
UmVhY3Rpb246MzQ5OTQ0,AlBi,Al6Bi6,101,hollow|A_A_B|FCC,-0.389612
UmVhY3Rpb246MzQ5OTQ1,AlBi,Al6Bi6,101,hollow|A_B_B|FCC,0.788027
UmVhY3Rpb246NDAyNTI2,AlCd,Al6Cd6,101,hollow|A_A_B|FCC,1.071441
UmVhY3Rpb246MzU3ODI1,AlCd,Al6Cd6,101,hollow|A_A_B|HCP,-0.550762
UmVhY3Rpb246MzU3ODI2,AlCd,Al6Cd6,101,hollow|A_B_B|FCC,1.053263
UmVhY3Rpb246NDIzMDIx,AlCo,Al6Co6,101,4fold|A_A_B_B,-0.017320
UmVhY3Rpb246MzU2ODM4,AlCo,Al6Co6,101,hollow|A_B_B|HCP,0.159781
UmVhY3Rpb246MzU5NjQ3,AlCr,Al6Cr6,101,hollow|A_A_B|FCC,-0.498443
UmVhY3Rpb246MzU5NjQ4,AlCr,Al6Cr6,101,hollow|A_A_B|HCP,-0.582102
UmVhY3Rpb246MzU5NjQ5,AlCr,Al6Cr6,101,hollow|A_B_B|FCC,-0.903564
UmVhY3Rpb246MzU5NjUw,AlCr,Al6Cr6,101,hollow|A_B_B|HCP,-0.945294
UmVhY3Rpb246MzU5NjUx,AlCr,Al6Cr6,101,top|B,0.334038
UmVhY3Rpb246MzU5NDk5,AlCu,Al6Cu6,101,hollow|A_A_B|FCC,0.429547
UmVhY3Rpb246MzU5NTAw,AlCu,Al6Cu6,101,hollow|A_A_B|HCP,0.271750
UmVhY3Rpb246MzU5NTAx,AlCu,Al6Cu6,101,hollow|A_B_B|HCP,1.351003
UmVhY3Rpb246MzU3ODA5,AlFe,Al6Fe6,101,4fold|A_A_B_B,-0.294104
UmVhY3Rpb246MzU3ODEw,AlFe,Al6Fe6,101,top|B,0.882875
UmVhY3Rpb246MzUxMTEz,AlGa,Al6Ga6,101,hollow|A_A_B|FCC,-0.441206
UmVhY3Rpb246MzUxMTE0,AlGa,Al6Ga6,101,hollow|A_A_B|HCP,-0.360444
UmVhY3Rpb246MzUxMTE1,AlGa,Al6Ga6,101,hollow|A_B_B|FCC,0.339156
UmVhY3Rpb246MzUxMTE2,AlGa,Al6Ga6,101,hollow|A_B_B|HCP,0.616188
UmVhY3Rpb246MzU1Mjk2,AlHf,Al6Hf6,101,bridge|A_A|B,-1.265075
UmVhY3Rpb246MzU1Mjk3,AlHf,Al6Hf6,101,hollow|A_A_B|FCC,-0.862963
UmVhY3Rpb246MzU1Mjk4,AlHf,Al6Hf6,101,hollow|A_A_B|HCP,-1.265826
UmVhY3Rpb246MzU1Mjk5,AlHf,Al6Hf6,101,hollow|A_B_B|FCC,-2.058365
UmVhY3Rpb246MzU1MzAw,AlHf,Al6Hf6,101,hollow|A_B_B|HCP,-2.036589
UmVhY3Rpb246MzU1NzQ0,AlIn,Al6In6,101,hollow|A_B_B|FCC,0.529485
UmVhY3Rpb246MzU1NzQ1,AlIn,Al6In6,101,hollow|A_B_B|HCP,0.881461
UmVhY3Rpb246MzU1NTMy,AlIr,Al6Ir6,101,bridge|A_A|B,0.470466
UmVhY3Rpb246MzU1NTMz,AlIr,Al6Ir6,101,hollow|A_B_B|FCC,0.905089
UmVhY3Rpb246MzUxNjA0,AlLa,Al6La6,101,bridge|A_A|B,-1.985028
UmVhY3Rpb246MzUxNjA1,AlLa,Al6La6,101,hollow|A_A_B|FCC,-1.168007
UmVhY3Rpb246MzU2NTIz,AlMn,Al6Mn6,101,4fold|A_A_B_B,-0.443134
UmVhY3Rpb246MzU2NTI0,AlMn,Al6Mn6,101,hollow|A_B_B|HCP,-0.487141
UmVhY3Rpb246MzU2NTI1,AlMn,Al6Mn6,101,top|B,0.628577
UmVhY3Rpb246MzU0OTUx,AlMo,Al6Mo6,101,hollow|A_A_B|FCC,-0.356013
UmVhY3Rpb246MzU0OTUy,AlMo,Al6Mo6,101,hollow|A_A_B|HCP,-0.529377
UmVhY3Rpb246MzU0OTUz,AlMo,Al6Mo6,101,hollow|A_B_B|FCC,-0.826820
UmVhY3Rpb246MzU0OTU0,AlMo,Al6Mo6,101,hollow|A_B_B|HCP,-0.961522
UmVhY3Rpb246MzU0OTU1,AlMo,Al6Mo6,101,top|B,0.226661
UmVhY3Rpb246MzU2ODEw,AlNb,Al6Nb6,101,hollow|A_A_B|FCC,-0.665109
UmVhY3Rpb246MzU2ODEx,AlNb,Al6Nb6,101,hollow|A_A_B|HCP,-0.661191
UmVhY3Rpb246MzU2ODEy,AlNb,Al6Nb6,101,hollow|A_B_B|FCC,-1.337977
UmVhY3Rpb246MzU2ODEz,AlNb,Al6Nb6,101,hollow|A_B_B|HCP,-1.275993
UmVhY3Rpb246NDIyMzQ1,AlNi,Al6Ni6,101,4fold|A_A_B_B,0.260888
UmVhY3Rpb246NDIyMzQ5,AlNi,Al6Ni6,101,bridge|A_A|B,0.213867
UmVhY3Rpb246MzUzMTQ3,AlOs,Al6Os6,101,4fold|A_A_B_B,-0.132542
UmVhY3Rpb246MzUzMTQ4,AlOs,Al6Os6,101,hollow|A_B_B|FCC,-0.617957
UmVhY3Rpb246MzUzMTQ5,AlOs,Al6Os6,101,top|A,3.232999
UmVhY3Rpb246MzUzMTUw,AlOs,Al6Os6,101,top|B,0.335135
UmVhY3Rpb246MzUxMDQ0,AlPb,Al6Pb6,101,hollow|A_A_B|FCC,-0.108786
UmVhY3Rpb246MzUxMDQ1,AlPb,Al6Pb6,101,hollow|A_B_B|FCC,1.161641
UmVhY3Rpb246NDI3NjYz,AlPd,Al6Pd6,101,4fold|A_A_B_B,1.825497
UmVhY3Rpb246MzU3NTcz,AlPd,Al6Pd6,101,bridge|A_A|B,0.236754
UmVhY3Rpb246NDI3NjY0,AlPd,Al6Pd6,101,bridge|B_B|A,0.236658
UmVhY3Rpb246NDI2MzA2,AlPd,Al6Pd6,101,hollow|A_B_B|FCC,1.787604
UmVhY3Rpb246MzU3NTc0,AlPd,Al6Pd6,101,top|A,3.151452
UmVhY3Rpb246MzU3NTc1,AlPd,Al6Pd6,101,top|B,4.205740
UmVhY3Rpb246NDI3Njg1,AlPt,Al6Pt6,101,hollow|A_A_B|FCC,1.657842
UmVhY3Rpb246MzU3MjI2,AlPt,Al6Pt6,101,hollow|A_A_B|HCP,0.537426
UmVhY3Rpb246MzU3MjI3,AlPt,Al6Pt6,101,hollow|A_B_B|FCC,1.657526
UmVhY3Rpb246MzU3MjI4,AlPt,Al6Pt6,101,hollow|A_B_B|HCP,1.660607
UmVhY3Rpb246NDEwNDM0,AlRe,Al6Re6,101,hollow|A_A_B|FCC,0.005491
UmVhY3Rpb246NDEwNDM1,AlRe,Al6Re6,101,hollow|A_A_B|HCP,-0.565025
UmVhY3Rpb246NDEwNDM2,AlRe,Al6Re6,101,hollow|A_B_B|FCC,-0.663945
UmVhY3Rpb246NDEwNDM3,AlRe,Al6Re6,101,hollow|A_B_B|HCP,-0.610104
UmVhY3Rpb246NDEwNDM4,AlRe,Al6Re6,101,top|B,0.000437
UmVhY3Rpb246MzUyMDM0,AlRh,Al6Rh6,101,bridge|A_A|B,0.399489
UmVhY3Rpb246MzUyMDM1,AlRh,Al6Rh6,101,hollow|A_B_B|FCC,1.202149
UmVhY3Rpb246MzUyMDM2,AlRh,Al6Rh6,101,top|A,3.381612
UmVhY3Rpb246MzUyMDM3,AlRh,Al6Rh6,101,top|B,2.755095
UmVhY3Rpb246NDE3MTIy,AlRu,Al6Ru6,101,4fold|A_A_B_B,-0.120626
UmVhY3Rpb246NDE3MTIz,AlRu,Al6Ru6,101,bridge|B_B|A,-0.167359
UmVhY3Rpb246MzU5NzQ4,AlRu,Al6Ru6,101,hollow|A_B_B|FCC,-0.401193
UmVhY3Rpb246MzU5NzQ5,AlRu,Al6Ru6,101,top|A,3.027893
UmVhY3Rpb246MzU5NzUw,AlRu,Al6Ru6,101,top|B,0.858290
UmVhY3Rpb246MzU2NTAy,AlSc,Al6Sc6,101,bridge|B_B|B,-1.705051
UmVhY3Rpb246NDA2MTE1,AlSc,Al6Sc6,101,hollow|A_A_B|FCC,-1.544255
UmVhY3Rpb246NDA2MTE2,AlSc,Al6Sc6,101,hollow|A_A_B|HCP,-1.757882
UmVhY3Rpb246MzU2NTAz,AlSc,Al6Sc6,101,hollow|A_B_B|FCC,-1.546033
UmVhY3Rpb246MzU2NTA0,AlSc,Al6Sc6,101,hollow|A_B_B|HCP,-1.758375
UmVhY3Rpb246NDAyNjE5,AlSn,Al6Sn6,101,bridge|A_A|B,0.287316
UmVhY3Rpb246MzUwODMw,AlSn,Al6Sn6,101,hollow|A_A_B|FCC,-0.286876
UmVhY3Rpb246MzUwODMx,AlSn,Al6Sn6,101,hollow|A_B_B|FCC,0.649284
UmVhY3Rpb246MzU3NDM3,AlTa,Al6Ta6,101,hollow|A_A_B|FCC,-0.725889
UmVhY3Rpb246MzU3NDM4,AlTa,Al6Ta6,101,hollow|A_A_B|HCP,-0.744433
UmVhY3Rpb246MzU3NDM5,AlTa,Al6Ta6,101,hollow|A_B_B|FCC,-1.621832
UmVhY3Rpb246MzU3NDQw,AlTa,Al6Ta6,101,hollow|A_B_B|HCP,-1.506709
UmVhY3Rpb246NDExNDI3,AlTc,Al6Tc6,101,4fold|A_A_B_B,-0.776203
UmVhY3Rpb246NDExNDMx,AlTc,Al6Tc6,101,bridge|B_B|A,-1.005457
UmVhY3Rpb246MzU5NDE2,AlTc,Al6Tc6,101,hollow|A_B_B|FCC,-1.315389
UmVhY3Rpb246MzU5NDE3,AlTc,Al6Tc6,101,top|A,2.800414
UmVhY3Rpb246MzU5NDE4,AlTc,Al6Tc6,101,top|B,0.021381
UmVhY3Rpb246NDI2MzMx,AlTi,Al6Ti6,101,hollow|A_A_B|FCC,-0.933143
UmVhY3Rpb246MzU4NzM4,AlTi,Al6Ti6,101,hollow|A_A_B|HCP,-0.906893
UmVhY3Rpb246NDA3MDI5,AlTi,Al6Ti6,101,hollow|A_B_B|FCC,-1.825723
UmVhY3Rpb246MzU4NzM5,AlTi,Al6Ti6,101,hollow|A_B_B|HCP,-1.806631
UmVhY3Rpb246MzUxNzg2,AlV,Al6V6,101,hollow|A_A_B|FCC,-0.773509
UmVhY3Rpb246MzUxNzg3,AlV,Al6V6,101,hollow|A_A_B|HCP,-0.835720
UmVhY3Rpb246MzUxNzg4,AlV,Al6V6,101,hollow|A_B_B|FCC,-1.353923
UmVhY3Rpb246MzUxNzg5,AlV,Al6V6,101,hollow|A_B_B|HCP,-1.310403
UmVhY3Rpb246NDEwMTcw,AlW,Al6W6,101,hollow|A_A_B|FCC,-0.449415
UmVhY3Rpb246NDEwMTcx,AlW,Al6W6,101,hollow|A_A_B|HCP,-0.611993
UmVhY3Rpb246NDEwMTcy,AlW,Al6W6,101,hollow|A_B_B|FCC,-1.038839
UmVhY3Rpb246NDEwMTcz,AlW,Al6W6,101,hollow|A_B_B|HCP,-1.167600
UmVhY3Rpb246NDEwMTc0,AlW,Al6W6,101,top|B,0.243222
UmVhY3Rpb246MzU3MjQ2,AlY,Al6Y6,101,bridge|A_A|B,-2.282637
UmVhY3Rpb246NDA1NjEx,AlY,Al6Y6,101,hollow|A_A_B|FCC,-1.754524
UmVhY3Rpb246MzU3MjQ3,AlY,Al6Y6,101,hollow|A_B_B|HCP,-1.768462
UmVhY3Rpb246MzU3MjQ4,AlY,Al6Y6,101,top|B,2.981282
UmVhY3Rpb246MzUwMDkz,AlZn,Al6Zn6,101,hollow|A_A_B|HCP,-0.506609
UmVhY3Rpb246NDA2NDg1,AlZr,Al6Zr6,101,bridge|A_A|B,-1.377363
UmVhY3Rpb246NDA2NDg2,AlZr,Al6Zr6,101,hollow|A_B_B|FCC,-1.831126
UmVhY3Rpb246NDA2NDg3,AlZr,Al6Zr6,101,hollow|A_B_B|HCP,-1.839279
UmVhY3Rpb246MzM5MDY0,Au,Au12,111,hollow|A_A_A|FCC,2.802847
UmVhY3Rpb246MzM5MDY1,Au,Au12,111,hollow|A_A_A|HCP,3.029652
UmVhY3Rpb246MzM5MDY3,Au,Au12,111,top|A,4.699255
UmVhY3Rpb246MzQyNTIz,Au3Ag,Ag3Au9,111,hollow|A_A_A|FCC,2.662811
UmVhY3Rpb246MzQyNTI0,Au3Ag,Ag3Au9,111,hollow|A_A_A|HCP,2.769695
UmVhY3Rpb246MzQyNTI1,Au3Ag,Ag3Au9,111,hollow|A_A_B|FCC,3.009130
UmVhY3Rpb246MzQyNTI2,Au3Ag,Ag3Au9,111,hollow|A_A_B|HCP,3.243421
UmVhY3Rpb246MzQ5NTYy,Au3Ag,Ag3Au9,111,top|B,5.296609
UmVhY3Rpb246NDI2MzUy,Au3Al,Al3Au9,111,hollow|A_A_B|HCP,1.288773
UmVhY3Rpb246MzUxOTA2,Au3Al,Al3Au9,111,top|B,3.157776
UmVhY3Rpb246MzM5ODUx,Au3Bi,Au9Bi3,111,hollow|A_A_A|FCC,2.417570
UmVhY3Rpb246MzM5ODUy,Au3Bi,Au9Bi3,111,hollow|A_A_A|HCP,2.075405
UmVhY3Rpb246MzM5ODUz,Au3Bi,Au9Bi3,111,hollow|A_A_B|FCC,2.687286
UmVhY3Rpb246MzM5ODU0,Au3Bi,Au9Bi3,111,hollow|A_A_B|HCP,2.789442
UmVhY3Rpb246MzQ4Mzgy,Au3Cd,Au9Cd3,111,hollow|A_A_A|FCC,2.889654
UmVhY3Rpb246MzQ4Mzgz,Au3Cd,Au9Cd3,111,hollow|A_A_A|HCP,3.040133
UmVhY3Rpb246MzQ4Mzg0,Au3Cd,Au9Cd3,111,hollow|A_A_B|FCC,2.786350
UmVhY3Rpb246MzQ4Mzg1,Au3Cd,Au9Cd3,111,hollow|A_A_B|HCP,2.989782
UmVhY3Rpb246MzY4NzI2,Au3Cd,Au9Cd3,111,top|B,5.386037
UmVhY3Rpb246NDI4NDM3,Au3Co,Au9Co3,111,hollow-tilt|A_A_B|HCP,1.452403
UmVhY3Rpb246NDI4NDM4,Au3Co,Au9Co3,111,hollow|A_A_A|FCC,2.967818
UmVhY3Rpb246NDI4NDM5,Au3Co,Au9Co3,111,hollow|A_A_A|HCP,3.186495
UmVhY3Rpb246NDI4NDQw,Au3Co,Au9Co3,111,hollow|A_A_B|FCC,1.391625
UmVhY3Rpb246NDI4NDQx,Au3Co,Au9Co3,111,top|B,1.717355
UmVhY3Rpb246MzYwNTM0,Au3Cr,Au9Cr3,111,top|B,-0.686923
UmVhY3Rpb246MzQ1MTMz,Au3Cu,Au9Cu3,111,hollow|A_A_A|FCC,2.875641
UmVhY3Rpb246MzQ1MTM0,Au3Cu,Au9Cu3,111,hollow|A_A_A|HCP,3.063635
UmVhY3Rpb246MzQ1MTM1,Au3Cu,Au9Cu3,111,hollow|A_A_B|FCC,2.489019
UmVhY3Rpb246MzQ1MTM2,Au3Cu,Au9Cu3,111,hollow|A_A_B|HCP,2.657001
UmVhY3Rpb246MzU0NTY5,Au3Cu,Au9Cu3,111,top|B,4.147795
UmVhY3Rpb246NDAxNjY0,Au3Fe,Au9Fe3,111,bridge|A_B|A,1.460522
UmVhY3Rpb246NDAxNjcw,Au3Fe,Au9Fe3,111,hollow-tilt|A_A_B|HCP,1.430985
UmVhY3Rpb246NDAxNjY5,Au3Fe,Au9Fe3,111,hollow|A_A_B|FCC,1.377261
UmVhY3Rpb246NDI2NDM1,Au3Ga,Au9Ga3,111,hollow|A_A_B|FCC,1.805231
UmVhY3Rpb246NDAxNDU2,Au3Hf,Au9Hf3,111,bridge|A_B|A,0.609124
UmVhY3Rpb246NDAxNDU3,Au3Hf,Au9Hf3,111,hollow|A_A_B|FCC,0.431049
UmVhY3Rpb246NDAxNDU4,Au3Hf,Au9Hf3,111,hollow|A_A_B|HCP,0.398781
UmVhY3Rpb246MzQ5NDIw,Au3Hf,Au9Hf3,111,top|B,1.329122
UmVhY3Rpb246NDI2NDY1,Au3Hg,Au9Hg3,111,top|B,5.588669
UmVhY3Rpb246MzQyMjMx,Au3In,Au9In3,111,hollow|A_A_A|HCP,2.942979
UmVhY3Rpb246MzQyMjMy,Au3In,Au9In3,111,hollow|A_A_B|FCC,2.378116
UmVhY3Rpb246MzQ5MzU3,Au3In,Au9In3,111,top|B,4.786705
UmVhY3Rpb246NDAxNjI4,Au3Ir,Au9Ir3,111,hollow-tilt|A_A_B|FCC,0.805314
UmVhY3Rpb246MzQxMzIy,Au3Ir,Au9Ir3,111,hollow-tilt|A_A_B|HCP,0.785355
UmVhY3Rpb246MzQxMzIw,Au3Ir,Au9Ir3,111,hollow|A_A_A|FCC,2.810908
UmVhY3Rpb246MzQxMzIx,Au3Ir,Au9Ir3,111,hollow|A_A_A|HCP,3.487942
UmVhY3Rpb246NDI2NDg1,Au3Ir,Au9Ir3,111,hollow|A_A_B|FCC,0.804008
UmVhY3Rpb246MzY4NTk4,Au3Ir,Au9Ir3,111,top|A,4.700432
UmVhY3Rpb246MzY4NTk5,Au3Ir,Au9Ir3,111,top|B,0.682204
UmVhY3Rpb246MzQzMTEy,Au3La,Au9La3,111,hollow|A_A_A|HCP,1.335105
UmVhY3Rpb246NDAxNDQx,Au3La,Au9La3,111,hollow|A_A_B|FCC,1.064857
UmVhY3Rpb246NDAxNDQy,Au3La,Au9La3,111,hollow|A_A_B|HCP,1.142555
UmVhY3Rpb246MzQ5OTUz,Au3La,Au9La3,111,top|B,3.405191
UmVhY3Rpb246NDAxNjgy,Au3Mn,Au9Mn3,111,bridge|A_B|A,1.661345
UmVhY3Rpb246NDAxNjg0,Au3Mn,Au9Mn3,111,hollow-tilt|A_A_B|HCP,1.669651
UmVhY3Rpb246NDAxNjgz,Au3Mn,Au9Mn3,111,hollow|A_A_B|FCC,1.620575
UmVhY3Rpb246MzYwMzQx,Au3Mo,Au9Mo3,111,top|B,-1.154251
UmVhY3Rpb246NDAxNDk0,Au3Nb,Au9Nb3,111,top|B,-0.664837
UmVhY3Rpb246NDI4NDQy,Au3Ni,Au9Ni3,111,hollow|A_A_B|HCP,1.906504
UmVhY3Rpb246MzYwNTIx,Au3Os,Au9Os3,111,top|A,4.654705
UmVhY3Rpb246MzYwNTIy,Au3Os,Au9Os3,111,top|B,-0.752112
UmVhY3Rpb246NDI2NTY5,Au3Pb,Au9Pb3,111,hollow|A_A_A|FCC,2.324152
UmVhY3Rpb246MzQ0MTc3,Au3Pb,Au9Pb3,111,hollow|A_A_A|HCP,2.086038
UmVhY3Rpb246NDI2NTc1,Au3Pb,Au9Pb3,111,hollow|A_A_B|FCC,2.871982
UmVhY3Rpb246MzQxOTE2,Au3Pd,Au9Pd3,111,hollow|A_A_A|FCC,2.919599
UmVhY3Rpb246MzQxOTE3,Au3Pd,Au9Pd3,111,hollow|A_A_A|HCP,3.147648
UmVhY3Rpb246MzQxOTE4,Au3Pd,Au9Pd3,111,hollow|A_A_B|FCC,2.507344
UmVhY3Rpb246MzQxOTE5,Au3Pd,Au9Pd3,111,hollow|A_A_B|HCP,2.671751
UmVhY3Rpb246MzQ5MTc4,Au3Pd,Au9Pd3,111,top|A,4.659838
UmVhY3Rpb246MzQ5MTc5,Au3Pd,Au9Pd3,111,top|B,3.759211
UmVhY3Rpb246MzQ3NDI3,Au3Pt,Au9Pt3,111,hollow|A_A_A|FCC,2.884327
UmVhY3Rpb246MzQ3NDI4,Au3Pt,Au9Pt3,111,hollow|A_A_A|HCP,3.379155
UmVhY3Rpb246MzQ3NDI5,Au3Pt,Au9Pt3,111,hollow|A_A_B|FCC,2.001864
UmVhY3Rpb246MzQ3NDMw,Au3Pt,Au9Pt3,111,hollow|A_A_B|HCP,2.117960
UmVhY3Rpb246MzYwMTI3,Au3Pt,Au9Pt3,111,top|B,2.708051
UmVhY3Rpb246MzQzNjcy,Au3Re,Au9Re3,111,hollow|A_A_A|FCC,2.853937
UmVhY3Rpb246MzQzNjcz,Au3Re,Au9Re3,111,hollow|A_A_A|HCP,3.511790
UmVhY3Rpb246MzUwNDI2,Au3Re,Au9Re3,111,top|A,4.585307
UmVhY3Rpb246MzUwNDI4,Au3Re,Au9Re3,111,top|B,-1.353483
UmVhY3Rpb246NDAxNjQ2,Au3Rh,Au9Rh3,111,bridge|A_B|A,1.478050
UmVhY3Rpb246MzQxMDkx,Au3Rh,Au9Rh3,111,hollow|A_A_A|FCC,2.840414
UmVhY3Rpb246MzQxMDky,Au3Rh,Au9Rh3,111,hollow|A_A_A|HCP,3.279169
UmVhY3Rpb246MzQxMDkz,Au3Rh,Au9Rh3,111,hollow|A_A_B|FCC,1.335369
UmVhY3Rpb246MzQxMDk0,Au3Rh,Au9Rh3,111,hollow|A_A_B|HCP,1.376420
UmVhY3Rpb246MzYwMjAx,Au3Rh,Au9Rh3,111,top|B,1.577675
UmVhY3Rpb246MzQ4ODc0,Au3Ru,Au9Ru3,111,hollow|A_A_A|FCC,2.811592
UmVhY3Rpb246MzQ4ODc1,Au3Ru,Au9Ru3,111,hollow|A_A_A|HCP,3.319459
UmVhY3Rpb246NDAxNjA2,Au3Ru,Au9Ru3,111,top|B,-0.117977
UmVhY3Rpb246MzQyMjkw,Au3Sc,Au9Sc3,111,hollow|A_A_A|FCC,2.583556
UmVhY3Rpb246MzQyMjkx,Au3Sc,Au9Sc3,111,hollow|A_A_A|HCP,2.970600
UmVhY3Rpb246MzQyMjky,Au3Sc,Au9Sc3,111,hollow|A_A_B|FCC,1.146470
UmVhY3Rpb246MzQyMjkz,Au3Sc,Au9Sc3,111,hollow|A_A_B|HCP,1.139152
UmVhY3Rpb246MzQ5Mzc4,Au3Sc,Au9Sc3,111,top|B,2.957794
UmVhY3Rpb246MzQyMTkw,Au3Sn,Au9Sn3,111,hollow|A_A_A|HCP,2.750944
UmVhY3Rpb246MzQ5MzI3,Au3Sn,Au9Sn3,111,top|B,4.480166
UmVhY3Rpb246NDAxNDc4,Au3Ta,Au9Ta3,111,bridge|A_B|A,-0.641801
UmVhY3Rpb246MzQ4NjQ0,Au3Ta,Au9Ta3,111,hollow-tilt|A_A_B|FCC,-0.643372
UmVhY3Rpb246NDAxNDc5,Au3Ta,Au9Ta3,111,hollow-tilt|A_A_B|HCP,-0.639547
UmVhY3Rpb246NDAxNDgw,Au3Ta,Au9Ta3,111,top|B,-0.539448
UmVhY3Rpb246MzQ2MTE5,Au3Tc,Au9Tc3,111,hollow|A_A_A|FCC,2.811958
UmVhY3Rpb246MzQ2MTIw,Au3Tc,Au9Tc3,111,hollow|A_A_A|HCP,3.320549
UmVhY3Rpb246NDAxNTQ5,Au3Tc,Au9Tc3,111,top|B,-0.969978
UmVhY3Rpb246NDAxNDY3,Au3Ti,Au9Ti3,111,bridge|A_B|A,0.301738
UmVhY3Rpb246MzQ2NTc0,Au3Ti,Au9Ti3,111,hollow|A_A_A|FCC,2.769629
UmVhY3Rpb246NDAxNDY4,Au3Ti,Au9Ti3,111,hollow|A_A_B|FCC,0.229324
UmVhY3Rpb246NDAxNDY5,Au3Ti,Au9Ti3,111,hollow|A_A_B|HCP,0.200571
UmVhY3Rpb246MzUwMjkz,Au3Tl,Au9Tl3,111,top|B,5.601225
UmVhY3Rpb246NDAxNTA4,Au3V,Au9V3,111,bridge-tilt|A_B|A,-0.434423
UmVhY3Rpb246NDAxNTA5,Au3V,Au9V3,111,hollow-tilt|A_A_B|FCC,-0.432320
UmVhY3Rpb246NDAxNTEw,Au3V,Au9V3,111,top|B,-0.444446
UmVhY3Rpb246NDAxNTM2,Au3W,Au9W3,111,bridge-tilt|A_B|A,-1.203311
UmVhY3Rpb246NDAxNTM3,Au3W,Au9W3,111,hollow-tilt|A_A_B|HCP,-1.189120
UmVhY3Rpb246NDAxNTM4,Au3W,Au9W3,111,top|B,-1.278190
UmVhY3Rpb246MzQ2ODg4,Au3Y,Au9Y3,111,hollow|A_A_A|FCC,2.408050
UmVhY3Rpb246MzQ2ODg5,Au3Y,Au9Y3,111,hollow|A_A_A|HCP,1.562577
UmVhY3Rpb246MzQ2ODkw,Au3Y,Au9Y3,111,hollow|A_A_B|FCC,1.373322
UmVhY3Rpb246MzQ2ODkx,Au3Y,Au9Y3,111,hollow|A_A_B|HCP,1.358356
UmVhY3Rpb246NDI2NjYz,Au3Zn,Au9Zn3,111,hollow|A_A_B|FCC,2.385004
UmVhY3Rpb246NDI2NjY0,Au3Zn,Au9Zn3,111,hollow|A_A_B|HCP,2.536645
UmVhY3Rpb246MzQ2ODI5,Au3Zr,Au9Zr3,111,hollow|A_A_A|FCC,2.651241
UmVhY3Rpb246MzQ2ODMw,Au3Zr,Au9Zr3,111,hollow|A_A_A|HCP,3.151737
UmVhY3Rpb246MzQ2ODMx,Au3Zr,Au9Zr3,111,hollow|A_A_B|FCC,0.405641
UmVhY3Rpb246MzQ2ODMy,Au3Zr,Au9Zr3,111,hollow|A_A_B|HCP,0.274060
UmVhY3Rpb246MzY4NTQ5,Au3Zr,Au9Zr3,111,top|B,1.029195
UmVhY3Rpb246MzQ5OTEw,AuBi,Au6Bi6,101,4fold|A_A_B_B,1.849210
UmVhY3Rpb246MzUyMDY3,AuCd,Au6Cd6,101,hollow|A_A_B|HCP,2.533410
UmVhY3Rpb246MzUyMDY4,AuCd,Au6Cd6,101,hollow|A_B_B|FCC,2.529079
UmVhY3Rpb246MzUyMDY5,AuCd,Au6Cd6,101,hollow|A_B_B|HCP,2.635466
UmVhY3Rpb246Mzk3ODAw,AuCo,Au6Co6,101,bridge|A_A|B,0.451925
UmVhY3Rpb246MzU2MDY0,AuCo,Au6Co6,101,bridge|B_B|A,0.443660
UmVhY3Rpb246MzU2MDY2,AuCo,Au6Co6,101,hollow-tilt|A_A_B|HCP,1.626332
UmVhY3Rpb246MzU2MDY1,AuCo,Au6Co6,101,hollow|A_A_B|FCC,1.594592
UmVhY3Rpb246Mzk3ODAz,AuCo,Au6Co6,101,hollow|A_B_B|FCC,1.594088
UmVhY3Rpb246NDA5NTMx,AuCr,Au6Cr6,101,bridge|A_A|B,-0.284916
UmVhY3Rpb246MzU1OTU4,AuCr,Au6Cr6,101,bridge|B_B|A,-0.284761
UmVhY3Rpb246MzU1OTU5,AuCr,Au6Cr6,101,top|B,0.976718
UmVhY3Rpb246MzU5MjU0,AuCu,Au6Cu6,101,hollow|A_A_B|FCC,2.455773
UmVhY3Rpb246MzU5MjU1,AuCu,Au6Cu6,101,hollow|A_A_B|HCP,2.587119
UmVhY3Rpb246MzU5MjU2,AuCu,Au6Cu6,101,hollow|A_B_B|FCC,2.068678
UmVhY3Rpb246MzU5MjU3,AuCu,Au6Cu6,101,hollow|A_B_B|HCP,2.168537
UmVhY3Rpb246MzUyMzE2,AuFe,Au6Fe6,101,bridge|B_B|A,0.435965
UmVhY3Rpb246MzUyMzE3,AuFe,Au6Fe6,101,hollow-tilt|A_A_B|FCC,1.382464
UmVhY3Rpb246MzUyMzE4,AuFe,Au6Fe6,101,top|B,1.419494
UmVhY3Rpb246NDA2NzEw,AuHf,Au6Hf6,101,4fold|A_A_B_B,0.523186
UmVhY3Rpb246NDA2NzEx,AuHf,Au6Hf6,101,bridge|A_A|B,-1.956401
UmVhY3Rpb246MzU4NTA2,AuHf,Au6Hf6,101,bridge|B_B|A,-1.951842
UmVhY3Rpb246MzU4NTA3,AuHf,Au6Hf6,101,hollow|A_A_B|FCC,0.551230
UmVhY3Rpb246MzU2OTcx,AuIn,Au6In6,101,4fold|A_A_B_B,1.928907
UmVhY3Rpb246MzU2OTcy,AuIn,Au6In6,101,hollow|A_A_B|FCC,2.311786
UmVhY3Rpb246MzU2OTcz,AuIn,Au6In6,101,hollow|A_B_B|FCC,2.158748
UmVhY3Rpb246NDI2Njk2,AuIr,Au6Ir6,101,bridge|B_B|A,0.191815
UmVhY3Rpb246MzU1NDY4,AuIr,Au6Ir6,101,top-tilt|B,1.317540
UmVhY3Rpb246MzUyODk0,AuLa,Au6La6,101,4fold|A_A_B_B,-0.696745
UmVhY3Rpb246MzUyODk1,AuLa,Au6La6,101,bridge|B_B|A,-1.031816
UmVhY3Rpb246MzUyODQ1,AuMo,Au6Mo6,101,hollow|A_B_B|HCP,-1.149217
UmVhY3Rpb246MzUyODQ2,AuMo,Au6Mo6,101,top|B,-0.126109
UmVhY3Rpb246NDI4NDQz,AuNb,Au6Nb6,101,bridge|A_A|B,-1.344500
UmVhY3Rpb246MzU2MjI1,AuNb,Au6Nb6,101,bridge|B_B|A,-1.344908
UmVhY3Rpb246MzU2MjI2,AuNb,Au6Nb6,101,hollow-tilt|A_A_B|FCC,0.247273
UmVhY3Rpb246NDI2NzAz,AuNb,Au6Nb6,101,hollow-tilt|A_A_B|HCP,0.592334
UmVhY3Rpb246NDA3NDk5,AuNb,Au6Nb6,101,top|A,0.425241
UmVhY3Rpb246NDIxOTc1,AuNi,Au6Ni6,101,bridge|A_A|B,0.742202
UmVhY3Rpb246MzUyNjM4,AuNi,Au6Ni6,101,bridge|B_B|A,0.735062
UmVhY3Rpb246MzUyNjM5,AuNi,Au6Ni6,101,hollow|A_A_B|FCC,1.835132
UmVhY3Rpb246MzUyNjQw,AuNi,Au6Ni6,101,hollow|A_A_B|HCP,1.941448
UmVhY3Rpb246NDI3NjQw,AuPb,Au6Pb6,101,4fold|A_A_B_B,2.269077
UmVhY3Rpb246MzU5MTk2,AuPb,Au6Pb6,101,hollow|A_A_B|FCC,2.695338
UmVhY3Rpb246NDI2NzA3,AuPb,Au6Pb6,101,hollow|A_B_B|FCC,2.531279
UmVhY3Rpb246MzU5MTk3,AuPb,Au6Pb6,101,top|B,4.701923
UmVhY3Rpb246NDAxMTA0,AuPd,Au6Pd6,101,hollow|A_A_B|FCC,2.367752
UmVhY3Rpb246NDI2NzA5,AuPd,Au6Pd6,101,hollow|A_A_B|HCP,2.499683
UmVhY3Rpb246NDAxMTA1,AuPd,Au6Pd6,101,hollow|A_B_B|FCC,1.815092
UmVhY3Rpb246MzU1MTUy,AuPd,Au6Pd6,101,hollow|A_B_B|HCP,1.958571
UmVhY3Rpb246MzU1Nzcy,AuPt,Au6Pt6,101,hollow|A_A_B|FCC,2.077179
UmVhY3Rpb246NDI2Nzk2,AuPt,Au6Pt6,101,hollow|A_A_B|HCP,2.246527
UmVhY3Rpb246NDI2Nzk3,AuPt,Au6Pt6,101,hollow|A_B_B|FCC,1.208602
UmVhY3Rpb246MzU1Nzcz,AuPt,Au6Pt6,101,hollow|A_B_B|HCP,1.329137
UmVhY3Rpb246MzUyNDYx,AuRe,Au6Re6,101,bridge|B_B|A,0.199325
UmVhY3Rpb246MzUyNDYy,AuRe,Au6Re6,101,top|B,0.837021
UmVhY3Rpb246MzUyNTY1,AuRh,Au6Rh6,101,bridge|B_B|A,0.261887
UmVhY3Rpb246MzUyNTY2,AuRh,Au6Rh6,101,hollow|A_A_B|FCC,1.706101
UmVhY3Rpb246MzUyNTY3,AuRh,Au6Rh6,101,hollow|A_A_B|HCP,1.616596
UmVhY3Rpb246MzUzMDUx,AuRu,Au6Ru6,101,bridge|B_B|A,0.456486
UmVhY3Rpb246MzUzMDUy,AuRu,Au6Ru6,101,top|B,1.305042
UmVhY3Rpb246MzUzOTU3,AuSc,Au6Sc6,101,4fold|A_A_B_B,-0.934822
UmVhY3Rpb246NDA2MDU3,AuSc,Au6Sc6,101,bridge|B_B|A,-1.049136
UmVhY3Rpb246NDA2MDU4,AuSc,Au6Sc6,101,hollow|A_A_B|HCP,-1.102718
UmVhY3Rpb246MzUzOTU5,AuSc,Au6Sc6,101,hollow|A_B_B|HCP,-1.113841
UmVhY3Rpb246NDI2ODg4,AuSn,Au6Sn6,101,4fold|A_A_B_B,2.338650
UmVhY3Rpb246MzU2NDg0,AuSn,Au6Sn6,101,hollow|A_A_B|FCC,2.185497
UmVhY3Rpb246MzU2NDg1,AuSn,Au6Sn6,101,hollow|A_B_B|FCC,2.043384
UmVhY3Rpb246NDA3MjEz,AuTa,Au6Ta6,101,bridge|A_A|B,-1.666908
UmVhY3Rpb246MzU3MjA5,AuTa,Au6Ta6,101,bridge|B_B|A,-1.669191
UmVhY3Rpb246MzU3MjEx,AuTa,Au6Ta6,101,hollow-tilt|A_A_B|HCP,0.560406
UmVhY3Rpb246MzU3MjEw,AuTa,Au6Ta6,101,hollow|A_A_B|FCC,0.279648
UmVhY3Rpb246MzUwOTc1,AuTc,Au6Tc6,101,bridge|B_B|A,0.417993
UmVhY3Rpb246MzUwOTc2,AuTc,Au6Tc6,101,top|B,1.013111
UmVhY3Rpb246NDA2OTY1,AuTi,Au6Ti6,101,bridge|A_A|B,-1.678829
UmVhY3Rpb246MzU1Njkz,AuTi,Au6Ti6,101,bridge|B_B|A,-1.678886
UmVhY3Rpb246NDI2OTE0,AuTi,Au6Ti6,101,hollow-tilt|A_A_B|FCC,0.324630
UmVhY3Rpb246NDA2OTY2,AuTi,Au6Ti6,101,hollow-tilt|A_B_B|FCC,0.324533
UmVhY3Rpb246NDI2OTE3,AuTl,Au6Tl6,101,4fold|A_A_B_B,2.836477
UmVhY3Rpb246MzUwOTIw,AuTl,Au6Tl6,101,hollow|A_A_B|FCC,2.607036
UmVhY3Rpb246NDA4NDQ3,AuV,Au6V6,101,bridge|A_A|B,-1.395091
UmVhY3Rpb246NDA4NDMw,AuV,Au6V6,101,bridge|B_B|A,-1.394880
UmVhY3Rpb246NDA4NDM1,AuV,Au6V6,101,hollow-tilt|A_A_B|FCC,0.082532
UmVhY3Rpb246NDA4NDQ4,AuV,Au6V6,101,hollow-tilt|A_B_B|FCC,0.080814
UmVhY3Rpb246NDEwMTE1,AuW,Au6W6,101,bridge|B_B|A,-1.368557
UmVhY3Rpb246MzU3ODM2,AuW,Au6W6,101,hollow|A_B_B|HCP,-1.407757
UmVhY3Rpb246MzU3ODM4,AuW,Au6W6,101,top-tilt|B,-0.031519
UmVhY3Rpb246MzU3ODM3,AuW,Au6W6,101,top|B,-0.127056
UmVhY3Rpb246MzU0Nzc5,AuY,Au6Y6,101,4fold|A_A_B_B,-0.836228
UmVhY3Rpb246NDA1NTU0,AuY,Au6Y6,101,bridge|B_B|A,-0.686567
UmVhY3Rpb246MzU0Nzgx,AuY,Au6Y6,101,hollow|A_B_B|FCC,-0.788598
UmVhY3Rpb246MzU0Nzgy,AuY,Au6Y6,101,hollow|A_B_B|HCP,-0.792134
UmVhY3Rpb246MzU0Nzgz,AuY,Au6Y6,101,top|B,2.528132
UmVhY3Rpb246NDI3NzEx,AuZn,Au6Zn6,101,bridge|A_A|B,1.878683
UmVhY3Rpb246MzU4MDE5,AuZn,Au6Zn6,101,hollow|A_A_B|FCC,2.360889
UmVhY3Rpb246NDI3NzEy,AuZn,Au6Zn6,101,hollow|A_B_B|HCP,2.373956
UmVhY3Rpb246MzU5NDgy,AuZr,Au6Zr6,101,hollow|A_A_B|FCC,0.506818
UmVhY3Rpb246MzU5NDgz,AuZr,Au6Zr6,101,hollow|A_A_B|HCP,0.817142
UmVhY3Rpb246MzU5NDg0,AuZr,Au6Zr6,101,hollow|A_B_B|HCP,-1.668167
UmVhY3Rpb246MzM5NjEy,Bi,Bi12,111,hollow|A_A_A|FCC,1.637297
UmVhY3Rpb246MzM5NjEz,Bi,Bi12,111,hollow|A_A_A|HCP,1.671157
UmVhY3Rpb246MzM5OTQw,Bi3Ag,Ag3Bi9,111,hollow|A_A_A|FCC,1.913521
UmVhY3Rpb246MzM5OTQx,Bi3Ag,Ag3Bi9,111,hollow|A_A_A|HCP,2.249977
UmVhY3Rpb246MzQwMTY1,Bi3Au,Au3Bi9,111,hollow|A_A_A|FCC,1.759779
UmVhY3Rpb246MzQwMTY2,Bi3Au,Au3Bi9,111,hollow|A_A_A|HCP,2.168533
UmVhY3Rpb246MzQwMTY3,Bi3Au,Au3Bi9,111,hollow|A_A_B|HCP,2.258347
UmVhY3Rpb246MzQwMDc4,Bi3Cu,Bi9Cu3,111,hollow|A_A_A|FCC,1.996350
UmVhY3Rpb246MzQwMDc5,Bi3Cu,Bi9Cu3,111,hollow|A_A_A|HCP,2.370612
UmVhY3Rpb246MzM5OTI3,Bi3Hf,Bi9Hf3,111,hollow-tilt|A_A_B|HCP,0.393839
UmVhY3Rpb246MzM5OTI0,Bi3Hf,Bi9Hf3,111,hollow|A_A_A|FCC,2.506477
UmVhY3Rpb246MzM5OTI1,Bi3Hf,Bi9Hf3,111,hollow|A_A_A|HCP,2.446591
UmVhY3Rpb246MzM5OTI2,Bi3Hf,Bi9Hf3,111,hollow|A_A_B|FCC,0.286835
UmVhY3Rpb246NDA0OTg0,Bi3Nb,Bi9Nb3,111,top|B,-0.892416
UmVhY3Rpb246MzQwMDU4,Bi3Pd,Bi9Pd3,111,hollow|A_A_A|FCC,2.216299
UmVhY3Rpb246MzQwMDU5,Bi3Pd,Bi9Pd3,111,hollow|A_A_A|HCP,2.397882
UmVhY3Rpb246MzQwMDYw,Bi3Pd,Bi9Pd3,111,hollow|A_A_B|FCC,2.070891
UmVhY3Rpb246MzM5OTgy,Bi3Pt,Bi9Pt3,111,hollow|A_A_A|FCC,2.136573
UmVhY3Rpb246MzM5OTgz,Bi3Pt,Bi9Pt3,111,hollow|A_A_A|HCP,2.319856
UmVhY3Rpb246MzM5OTg0,Bi3Pt,Bi9Pt3,111,hollow|A_A_B|FCC,1.761874
UmVhY3Rpb246MzQwMTEy,Bi3Re,Bi9Re3,111,hollow|A_A_A|FCC,2.639069
UmVhY3Rpb246MzQwMTEz,Bi3Re,Bi9Re3,111,hollow|A_A_A|HCP,2.426614
UmVhY3Rpb246NDA0OTg4,Bi3Re,Bi9Re3,111,top-tilt|B,-1.604780
UmVhY3Rpb246MzQwMDky,Bi3Rh,Bi9Rh3,111,hollow|A_A_A|FCC,2.554306
UmVhY3Rpb246MzQwMDkz,Bi3Rh,Bi9Rh3,111,hollow|A_A_A|HCP,2.455515
UmVhY3Rpb246MzQwMDk0,Bi3Rh,Bi9Rh3,111,hollow|A_A_B|FCC,1.883566
UmVhY3Rpb246MzQwMTMx,Bi3Ru,Bi9Ru3,111,hollow|A_A_A|FCC,2.683732
UmVhY3Rpb246MzQwMTMy,Bi3Ru,Bi9Ru3,111,hollow|A_A_A|HCP,2.483222
UmVhY3Rpb246MzM5OTY3,Bi3Ta,Bi9Ta3,111,hollow|A_A_A|FCC,2.509202
UmVhY3Rpb246MzM5OTcy,Bi3Tl,Bi9Tl3,111,hollow|A_A_B|HCP,2.108645
UmVhY3Rpb246MzM5OTAy,Bi3W,Bi9W3,111,hollow|A_A_A|FCC,2.566527
UmVhY3Rpb246MzM5OTAz,Bi3W,Bi9W3,111,hollow|A_A_A|HCP,2.423576
UmVhY3Rpb246MzQ5NDU2,BiCu,Bi6Cu6,101,hollow|A_A_B|FCC,2.125870
UmVhY3Rpb246NDAzOTQz,BiGa,Bi6Ga6,101,hollow|A_A_B|FCC,1.542354
UmVhY3Rpb246NDA0MTU1,BiIn,Bi6In6,101,hollow|A_B_B|FCC,1.830789
UmVhY3Rpb246NDE5NzAz,BiIr,Bi6Ir6,101,top-tilt|B,1.392965
UmVhY3Rpb246NDA1ODQ5,BiLa,Bi6La6,101,hollow|A_B_B|FCC,-0.822467
UmVhY3Rpb246NDA1ODUw,BiLa,Bi6La6,101,hollow|A_B_B|HCP,-0.812120
UmVhY3Rpb246NDA5ODc5,BiMo,Bi6Mo6,101,bridge|B_B|A,-0.761482
UmVhY3Rpb246NDA5ODgw,BiMo,Bi6Mo6,101,top|B,-0.452085
UmVhY3Rpb246NDA3OTQ5,BiNb,Bi6Nb6,101,bridge|A_A|B,-0.812497
UmVhY3Rpb246NDA3OTI5,BiNb,Bi6Nb6,101,bridge|B_B|A,-0.815820
UmVhY3Rpb246MzQ5ODAx,BiOs,Bi6Os6,101,bridge|B_B|A,-0.230786
UmVhY3Rpb246NDA0MzAz,BiPb,Bi6Pb6,101,hollow|A_A_B|FCC,1.948163
UmVhY3Rpb246NDA0MzA0,BiPb,Bi6Pb6,101,hollow|A_B_B|FCC,1.666099
UmVhY3Rpb246NDI3NTM0,BiPd,Bi6Pd6,101,bridge|B_B|A,2.646267
UmVhY3Rpb246NDI3NTM1,BiPd,Bi6Pd6,101,bridge|B_B|B,3.206502
UmVhY3Rpb246MzQ5OTc5,BiPd,Bi6Pd6,101,hollow|A_A_B|FCC,2.841309
UmVhY3Rpb246MzQ5OTgw,BiPd,Bi6Pd6,101,hollow|A_B_B|HCP,2.662005
UmVhY3Rpb246MzQ5NTc5,BiPt,Bi6Pt6,101,bridge|B_B|A,2.079118
UmVhY3Rpb246MzYwMDUz,BiPt,Bi6Pt6,101,hollow|A_A_B|FCC,2.466351
UmVhY3Rpb246MzQ5NDgz,BiRe,Bi6Re6,101,bridge|B_B|A,-0.916658
UmVhY3Rpb246MzQ5NDg1,BiRe,Bi6Re6,101,top|B,-0.568044
UmVhY3Rpb246NDIxNzM2,BiRh,Bi6Rh6,101,bridge|A_A|B,1.340155
UmVhY3Rpb246MzQ5Mzk4,BiRh,Bi6Rh6,101,bridge|B_B|A,1.337096
UmVhY3Rpb246MzQ5NDA0,BiRh,Bi6Rh6,101,hollow-tilt|A_A_B|FCC,2.137852
UmVhY3Rpb246NDIxNzQw,BiRh,Bi6Rh6,101,hollow-tilt|A_B_B|FCC,2.114189
UmVhY3Rpb246NDE3NTAw,BiRu,Bi6Ru6,101,bridge|A_A|B,3.215624
UmVhY3Rpb246MzYwMDcy,BiRu,Bi6Ru6,101,bridge|B_B|A,0.454683
UmVhY3Rpb246MzYwMDcz,BiRu,Bi6Ru6,101,top|B,0.975509
UmVhY3Rpb246NDA2MTk4,BiSc,Bi6Sc6,101,hollow|A_B_B|FCC,-1.096595
UmVhY3Rpb246NDA0OTc1,BiSn,Bi6Sn6,101,hollow|A_A_B|FCC,1.644502
UmVhY3Rpb246NDA0OTc2,BiSn,Bi6Sn6,101,hollow|A_B_B|FCC,1.138039
UmVhY3Rpb246NDExNTgw,BiTc,Bi6Tc6,101,bridge|A_A|B,3.090090
UmVhY3Rpb246NDExNTg0,BiTc,Bi6Tc6,101,bridge|B_B|A,-0.164326
UmVhY3Rpb246NDExNTg5,BiTc,Bi6Tc6,101,top|B,-0.074790
UmVhY3Rpb246NDA3MDY1,BiTi,Bi6Ti6,101,bridge|B_B|A,-1.144723
UmVhY3Rpb246MzQ5ODIx,BiTl,Bi6Tl6,101,hollow|A_A_B|FCC,2.071687
UmVhY3Rpb246MzQ5ODIz,BiTl,Bi6Tl6,101,hollow|A_B_B|FCC,2.342713
UmVhY3Rpb246MzQ5ODI1,BiTl,Bi6Tl6,101,hollow|A_B_B|HCP,2.305103
UmVhY3Rpb246NDA4NzAy,BiV,Bi6V6,101,bridge|B_B|A,-1.079194
UmVhY3Rpb246NDA4NzAz,BiV,Bi6V6,101,top|B,-0.014330
UmVhY3Rpb246NDEwMjQ1,BiW,Bi6W6,101,bridge|B_B|A,-1.147580
UmVhY3Rpb246MzUwMDEx,BiY,Bi6Y6,101,hollow|A_B_B|FCC,-0.774753
UmVhY3Rpb246NDI3NTM2,BiZn,Bi6Zn6,101,hollow|A_B_B|HCP,1.162655
UmVhY3Rpb246NDA2NTYz,BiZr,Bi6Zr6,101,hollow|A_B_B|FCC,-1.102368
UmVhY3Rpb246NDAzMDAx,Cd3Ag,Ag3Cd9,111,hollow|A_A_A|FCC,2.449586
UmVhY3Rpb246MzQ1NTYz,Cd3Ag,Ag3Cd9,111,hollow|A_A_A|HCP,2.404604
UmVhY3Rpb246NDAzMDAy,Cd3Ag,Ag3Cd9,111,hollow|A_A_B|FCC,2.636535
UmVhY3Rpb246MzQ4NjU4,Cd3Al,Al3Cd9,111,hollow|A_A_A|FCC,2.538330
UmVhY3Rpb246NDAyNTE3,Cd3Al,Al3Cd9,111,hollow|A_A_B|FCC,1.109765
UmVhY3Rpb246NDAyNTE4,Cd3Al,Al3Cd9,111,hollow|A_A_B|HCP,0.634398
UmVhY3Rpb246MzQ1NDky,Cd3Au,Au3Cd9,111,hollow|A_A_A|FCC,2.316636
UmVhY3Rpb246MzQ1NDkz,Cd3Au,Au3Cd9,111,hollow|A_A_A|HCP,2.330571
UmVhY3Rpb246MzQ1NDk0,Cd3Au,Au3Cd9,111,hollow|A_A_B|FCC,2.554347
UmVhY3Rpb246MzQ1NDk1,Cd3Au,Au3Cd9,111,hollow|A_A_B|HCP,2.542986
UmVhY3Rpb246MzM5OTA5,Cd3Bi,Bi3Cd9,111,hollow|A_A_A|FCC,1.912706
UmVhY3Rpb246MzM5OTEw,Cd3Bi,Bi3Cd9,111,hollow|A_A_A|HCP,1.453145
UmVhY3Rpb246NDI4NDQ0,Cd3Co,Cd9Co3,111,hollow|A_A_A|FCC,2.854910
UmVhY3Rpb246NDI4NDQ1,Cd3Co,Cd9Co3,111,hollow|A_A_A|HCP,3.006782
UmVhY3Rpb246NDAyOTA5,Cd3Cr,Cd9Cr3,111,bridge-tilt|A_B|A,-0.819098
UmVhY3Rpb246MzQyNDI4,Cd3Cr,Cd9Cr3,111,hollow-tilt|A_A_B|FCC,-0.821705
UmVhY3Rpb246MzQyNDI5,Cd3Cr,Cd9Cr3,111,hollow-tilt|A_A_B|HCP,-0.843362
UmVhY3Rpb246MzQyNDI2,Cd3Cr,Cd9Cr3,111,hollow|A_A_A|FCC,2.848417
UmVhY3Rpb246MzQyNDI3,Cd3Cr,Cd9Cr3,111,hollow|A_A_A|HCP,3.227638
UmVhY3Rpb246MzQ5NDcw,Cd3Cr,Cd9Cr3,111,top|B,-0.785053
UmVhY3Rpb246MzQzNjMz,Cd3Cu,Cd9Cu3,111,hollow|A_A_A|FCC,2.560878
UmVhY3Rpb246MzQzNjM0,Cd3Cu,Cd9Cu3,111,hollow|A_A_A|HCP,2.602775
UmVhY3Rpb246MzQzNjM1,Cd3Cu,Cd9Cu3,111,hollow|A_A_B|FCC,2.029424
UmVhY3Rpb246MzQzNjM2,Cd3Cu,Cd9Cu3,111,hollow|A_A_B|HCP,1.739940
UmVhY3Rpb246NDAyOTYx,Cd3Fe,Cd9Fe3,111,hollow-tilt|A_A_B|FCC,0.908110
UmVhY3Rpb246NDAyOTYy,Cd3Fe,Cd9Fe3,111,hollow-tilt|A_A_B|HCP,0.860056
UmVhY3Rpb246MzQ3ODcy,Cd3Fe,Cd9Fe3,111,hollow|A_A_A|FCC,2.654852
UmVhY3Rpb246NDAyOTYz,Cd3Fe,Cd9Fe3,111,top|B,1.101457
UmVhY3Rpb246NDI3NTM3,Cd3Ga,Cd9Ga3,111,hollow|A_A_A|FCC,2.341174
UmVhY3Rpb246NDI3NTM4,Cd3Ga,Cd9Ga3,111,hollow|A_A_A|HCP,2.174786
UmVhY3Rpb246MzQ3MDU2,Cd3Hf,Cd9Hf3,111,hollow|A_A_A|FCC,2.542502
UmVhY3Rpb246MzQ3MDU3,Cd3Hf,Cd9Hf3,111,hollow|A_A_A|HCP,2.842479
UmVhY3Rpb246MzQ3MDU4,Cd3Hf,Cd9Hf3,111,hollow|A_A_B|FCC,-0.630254
UmVhY3Rpb246NDAyODc5,Cd3Hf,Cd9Hf3,111,hollow|A_A_B|HCP,-0.712849
UmVhY3Rpb246MzYwMjg2,Cd3Hf,Cd9Hf3,111,top|B,0.388908
UmVhY3Rpb246MzQ0MTEz,Cd3In,Cd9In3,111,hollow|A_A_A|FCC,2.297996
UmVhY3Rpb246MzQ0MTE0,Cd3In,Cd9In3,111,hollow|A_A_A|HCP,1.599063
UmVhY3Rpb246NDI3NTM5,Cd3In,Cd9In3,111,hollow|A_A_B|FCC,2.129938
UmVhY3Rpb246MzQ0MTE1,Cd3In,Cd9In3,111,hollow|A_A_B|HCP,1.699542
UmVhY3Rpb246MzQyMDk1,Cd3Ir,Cd9Ir3,111,hollow|A_A_A|FCC,2.938828
UmVhY3Rpb246MzQyMDk2,Cd3Ir,Cd9Ir3,111,hollow|A_A_A|HCP,3.089563
UmVhY3Rpb246MzQyMDk3,Cd3Ir,Cd9Ir3,111,hollow|A_A_B|FCC,1.454328
UmVhY3Rpb246MzQyMDk4,Cd3Ir,Cd9Ir3,111,hollow|A_A_B|HCP,1.425254
UmVhY3Rpb246NDAyODQz,Cd3La,Cd9La3,111,hollow|A_A_B|HCP,0.271644
UmVhY3Rpb246NDAyOTc3,Cd3Mn,Cd9Mn3,111,hollow-tilt|A_A_B|HCP,0.933922
UmVhY3Rpb246MzQyNzM3,Cd3Mo,Cd9Mo3,111,hollow-tilt|A_A_B|FCC,-0.999925
UmVhY3Rpb246MzQyNzM4,Cd3Mo,Cd9Mo3,111,hollow-tilt|A_A_B|HCP,-1.043035
UmVhY3Rpb246MzQyNzM1,Cd3Mo,Cd9Mo3,111,hollow|A_A_A|FCC,2.860940
UmVhY3Rpb246MzQyNzM2,Cd3Mo,Cd9Mo3,111,hollow|A_A_A|HCP,3.345759
UmVhY3Rpb246MzQ0MDk0,Cd3Nb,Cd9Nb3,111,hollow-tilt|A_A_B|FCC,-1.010106
UmVhY3Rpb246MzQ0MDk1,Cd3Nb,Cd9Nb3,111,hollow-tilt|A_A_B|HCP,-1.116055
UmVhY3Rpb246MzQ0MDky,Cd3Nb,Cd9Nb3,111,hollow|A_A_A|FCC,2.566325
UmVhY3Rpb246MzQ0MDkz,Cd3Nb,Cd9Nb3,111,hollow|A_A_A|HCP,3.118989
UmVhY3Rpb246NDAyOTQ5,Cd3Ni,Cd9Ni3,111,bridge|A_B|A,1.688097
UmVhY3Rpb246NDAyOTUw,Cd3Ni,Cd9Ni3,111,hollow|A_A_A|HCP,2.832415
UmVhY3Rpb246MzQyMTk4,Cd3Os,Cd9Os3,111,hollow|A_A_A|FCC,3.226253
UmVhY3Rpb246NDI3NTQw,Cd3Pb,Cd9Pb3,111,hollow|A_A_B|FCC,2.115323
UmVhY3Rpb246NDI3NTQx,Cd3Pb,Cd9Pb3,111,top|B,4.400626
UmVhY3Rpb246MzQzNjkz,Cd3Pd,Cd9Pd3,111,hollow|A_A_A|FCC,2.570624
UmVhY3Rpb246NDAyOTkw,Cd3Pd,Cd9Pd3,111,hollow|A_A_A|HCP,2.646251
UmVhY3Rpb246MzUwNDYx,Cd3Pd,Cd9Pd3,111,top|B,3.949761
UmVhY3Rpb246NDAyOTgz,Cd3Pt,Cd9Pt3,111,hollow|A_A_A|FCC,2.665103
UmVhY3Rpb246MzQ1MjUy,Cd3Pt,Cd9Pt3,111,hollow|A_A_A|HCP,2.707418
UmVhY3Rpb246MzQyMzEw,Cd3Re,Cd9Re3,111,hollow|A_A_A|FCC,3.270621
UmVhY3Rpb246MzQyMzEx,Cd3Re,Cd9Re3,111,hollow|A_A_A|HCP,3.609001
UmVhY3Rpb246MzQ5NDAz,Cd3Re,Cd9Re3,111,top|B,-1.212607
UmVhY3Rpb246MzQzNTUx,Cd3Rh,Cd9Rh3,111,hollow|A_A_A|FCC,2.727336
UmVhY3Rpb246NDAyOTM5,Cd3Rh,Cd9Rh3,111,hollow|A_A_A|HCP,2.895816
UmVhY3Rpb246MzUwMzE2,Cd3Rh,Cd9Rh3,111,top|B,2.280680
UmVhY3Rpb246MzQ2MjY2,Cd3Ru,Cd9Ru3,111,hollow|A_A_A|FCC,2.957191
UmVhY3Rpb246MzQ2MjY3,Cd3Ru,Cd9Ru3,111,hollow|A_A_A|HCP,3.207629
UmVhY3Rpb246MzY4NjA2,Cd3Ru,Cd9Ru3,111,top|B,0.544542
UmVhY3Rpb246MzQ2MTU1,Cd3Sc,Cd9Sc3,111,hollow|A_A_A|FCC,2.417988
UmVhY3Rpb246NDAyODU1,Cd3Sc,Cd9Sc3,111,hollow|A_A_B|HCP,0.177018
UmVhY3Rpb246NDAyODU2,Cd3Sc,Cd9Sc3,111,top|B,1.715939
UmVhY3Rpb246NDI3NTQy,Cd3Sn,Cd9Sn3,111,hollow|A_A_B|HCP,1.742401
UmVhY3Rpb246NDAyODk5,Cd3Ta,Cd9Ta3,111,hollow-tilt|A_A_B|FCC,-1.251696
UmVhY3Rpb246NDAyOTAw,Cd3Ta,Cd9Ta3,111,hollow-tilt|A_A_B|HCP,-1.349077
UmVhY3Rpb246MzQ1NjAz,Cd3Ta,Cd9Ta3,111,hollow|A_A_A|FCC,2.738734
UmVhY3Rpb246MzU0OTM5,Cd3Ta,Cd9Ta3,111,top|B,-0.679060
UmVhY3Rpb246NDAyOTE5,Cd3Tc,Cd9Tc3,111,top|B,-0.380868
UmVhY3Rpb246NDAyODg4,Cd3Ti,Cd9Ti3,111,hollow-tilt|A_A_B|FCC,-0.583594
UmVhY3Rpb246NDAyODg5,Cd3Ti,Cd9Ti3,111,hollow-tilt|A_A_B|HCP,-0.657399
UmVhY3Rpb246MzQzNzQy,Cd3Ti,Cd9Ti3,111,hollow|A_A_A|FCC,2.520565
UmVhY3Rpb246MzUwNTg5,Cd3Ti,Cd9Ti3,111,top|B,0.065706
UmVhY3Rpb246NDI3NTQz,Cd3Tl,Cd9Tl3,111,hollow|A_A_A|FCC,2.156696
UmVhY3Rpb246MzQzNDQw,Cd3Tl,Cd9Tl3,111,hollow|A_A_A|HCP,1.802433
UmVhY3Rpb246MzQ1NjMz,Cd3V,Cd9V3,111,hollow-tilt|A_A_B|FCC,-0.918832
UmVhY3Rpb246MzQ1NjM0,Cd3V,Cd9V3,111,hollow-tilt|A_A_B|HCP,-0.990961
UmVhY3Rpb246MzQ1NjMx,Cd3V,Cd9V3,111,hollow|A_A_A|FCC,2.689328
UmVhY3Rpb246MzQ1NjMy,Cd3V,Cd9V3,111,hollow|A_A_A|HCP,3.128815
UmVhY3Rpb246MzU1MDMw,Cd3V,Cd9V3,111,top|B,-0.633811
UmVhY3Rpb246NDAyOTE0,Cd3W,Cd9W3,111,hollow-tilt|A_A_B|FCC,-1.343566
UmVhY3Rpb246NDAyOTE1,Cd3W,Cd9W3,111,hollow-tilt|A_A_B|HCP,-1.410791
UmVhY3Rpb246MzQ0ODkx,Cd3W,Cd9W3,111,hollow|A_A_A|FCC,3.053282
UmVhY3Rpb246MzU0NDMx,Cd3W,Cd9W3,111,top|B,-1.205018
UmVhY3Rpb246MzQ4Njk3,Cd3Y,Cd9Y3,111,hollow|A_A_B|HCP,0.417479
UmVhY3Rpb246NDAyODMy,Cd3Y,Cd9Y3,111,top|B,2.271141
UmVhY3Rpb246NDAzMDE3,Cd3Zn,Cd9Zn3,111,hollow|A_A_A|FCC,2.238881
UmVhY3Rpb246NDAzMDE4,Cd3Zn,Cd9Zn3,111,hollow|A_A_A|HCP,2.105160
UmVhY3Rpb246MzQwNDAz,Cd3Zn,Cd9Zn3,111,hollow|A_A_B|FCC,1.696436
UmVhY3Rpb246NDAzMDE5,Cd3Zn,Cd9Zn3,111,hollow|A_A_B|HCP,1.204404
UmVhY3Rpb246MzQ0MTA1,Cd3Zr,Cd9Zr3,111,hollow|A_A_A|FCC,2.382214
UmVhY3Rpb246NDAyODY4,Cd3Zr,Cd9Zr3,111,hollow|A_A_B|FCC,-0.481237
UmVhY3Rpb246NDAyODY5,Cd3Zr,Cd9Zr3,111,hollow|A_A_B|HCP,-0.585079
UmVhY3Rpb246MzUzNTA1,Cd3Zr,Cd9Zr3,111,top|B,0.350608
UmVhY3Rpb246MzU5MTEz,CdCo,Cd6Co6,101,bridge|B_B|A,0.066413
UmVhY3Rpb246MzU5MTE0,CdCo,Cd6Co6,101,hollow-tilt|A_A_B|FCC,1.417572
UmVhY3Rpb246NDAyNTA3,CdCu,Cd6Cu6,101,bridge|B_B|A,1.170243
UmVhY3Rpb246NDAyNTA4,CdCu,Cd6Cu6,101,hollow|A_A_B|FCC,2.195820
UmVhY3Rpb246MzU4NTM4,CdFe,Cd6Fe6,101,bridge|B_B|A,-0.057910
UmVhY3Rpb246MzU4NTM5,CdFe,Cd6Fe6,101,hollow-tilt|A_A_B|FCC,1.037976
UmVhY3Rpb246MzU4NTQw,CdFe,Cd6Fe6,101,hollow-tilt|A_A_B|HCP,1.029705
UmVhY3Rpb246MzU2NjY3,CdGa,Cd6Ga6,101,hollow|A_A_B|HCP,1.615243
UmVhY3Rpb246MzU2NjY4,CdGa,Cd6Ga6,101,hollow|A_B_B|FCC,1.287609
UmVhY3Rpb246MzU2NjY5,CdGa,Cd6Ga6,101,hollow|A_B_B|HCP,1.045440
UmVhY3Rpb246MzUzNjY0,CdHf,Cd6Hf6,101,bridge|B_B|A,-2.167128
UmVhY3Rpb246MzUzNjY2,CdHf,Cd6Hf6,101,hollow|A_A_B|FCC,0.033046
UmVhY3Rpb246MzUzNjY3,CdHf,Cd6Hf6,101,hollow|A_A_B|HCP,0.155379
UmVhY3Rpb246MzUzNjY4,CdHf,Cd6Hf6,101,hollow|A_B_B|FCC,-2.193848
UmVhY3Rpb246MzUzNjY5,CdHf,Cd6Hf6,101,top|A,4.350209
UmVhY3Rpb246MzUyNzk5,CdHg,Cd6Hg6,101,hollow|A_A_B|FCC,2.407917
UmVhY3Rpb246MzUyODAw,CdHg,Cd6Hg6,101,hollow|A_A_B|HCP,2.366383
UmVhY3Rpb246MzUxOTY3,CdIn,Cd6In6,101,hollow|A_B_B|FCC,1.920594
UmVhY3Rpb246MzUxOTY4,CdIn,Cd6In6,101,hollow|A_B_B|HCP,1.581035
UmVhY3Rpb246MzU3ODQ4,CdIr,Cd6Ir6,101,bridge|B_B|A,0.070374
UmVhY3Rpb246MzU3ODUw,CdIr,Cd6Ir6,101,top-tilt|B,1.253570
UmVhY3Rpb246MzU3ODQ5,CdIr,Cd6Ir6,101,top|A,5.409957
UmVhY3Rpb246NDA1ODAy,CdLa,Cd6La6,101,bridge|B_B|A,-1.396569
UmVhY3Rpb246NDA1ODAz,CdLa,Cd6La6,101,bridge|B_B|B,-1.650156
UmVhY3Rpb246NDA1ODA0,CdLa,Cd6La6,101,hollow|A_B_B|HCP,-1.462586
UmVhY3Rpb246NDA1ODA1,CdLa,Cd6La6,101,top|B,1.787584
UmVhY3Rpb246MzU0OTc2,CdMn,Cd6Mn6,101,bridge|B_B|A,0.104287
UmVhY3Rpb246MzUxMDA5,CdMo,Cd6Mo6,101,bridge|B_B|A,-0.994699
UmVhY3Rpb246MzUxMDEw,CdMo,Cd6Mo6,101,hollow-tilt|A_A_B|FCC,0.120378
UmVhY3Rpb246MzUxMDEx,CdMo,Cd6Mo6,101,top|B,-0.037355
UmVhY3Rpb246MzUyMTY0,CdNb,Cd6Nb6,101,bridge|B_B|A,-1.255935
UmVhY3Rpb246MzUyMTY1,CdNb,Cd6Nb6,101,bridge|B_B|B,-1.469557
UmVhY3Rpb246MzUyMTY3,CdNb,Cd6Nb6,101,hollow-tilt|A_A_B|HCP,-0.030910
UmVhY3Rpb246NDA3NjE3,CdNb,Cd6Nb6,101,hollow-tilt|A_B_B|HCP,-1.255010
UmVhY3Rpb246MzUyMTY2,CdNb,Cd6Nb6,101,hollow|A_A_B|FCC,-0.084378
UmVhY3Rpb246MzU1Njg0,CdNi,Cd6Ni6,101,bridge|B_B|A,0.551735
UmVhY3Rpb246MzU1Njg1,CdNi,Cd6Ni6,101,hollow-tilt|A_A_B|FCC,1.787473
UmVhY3Rpb246MzU4Mjkz,CdOs,Cd6Os6,101,bridge|B_B|A,-0.043500
UmVhY3Rpb246MzU4Mjk0,CdOs,Cd6Os6,101,top-tilt|B,0.644698
UmVhY3Rpb246MzUyMDUx,CdPb,Cd6Pb6,101,hollow|A_A_B|FCC,2.176350
UmVhY3Rpb246MzUyMDUy,CdPb,Cd6Pb6,101,hollow|A_A_B|HCP,1.721471
UmVhY3Rpb246MzUyMDUz,CdPb,Cd6Pb6,101,hollow|A_B_B|HCP,2.073782
UmVhY3Rpb246NDI3NTQ0,CdPd,Cd6Pd6,101,bridge|B_B|A,2.434937
UmVhY3Rpb246MzUwNzM2,CdPd,Cd6Pd6,101,hollow|A_A_B|FCC,2.544202
UmVhY3Rpb246MzUwNzM4,CdPd,Cd6Pd6,101,hollow|A_A_B|HCP,2.681060
UmVhY3Rpb246MzUwNzM5,CdPd,Cd6Pd6,101,hollow|A_B_B|FCC,2.408553
UmVhY3Rpb246MzUwNzQx,CdPd,Cd6Pd6,101,hollow|A_B_B|HCP,2.387704
UmVhY3Rpb246MzU0MTMy,CdPt,Cd6Pt6,101,hollow|A_A_B|FCC,2.197723
UmVhY3Rpb246MzU0MTM0,CdPt,Cd6Pt6,101,hollow|A_A_B|HCP,2.515347
UmVhY3Rpb246MzU0MTM1,CdPt,Cd6Pt6,101,hollow|A_B_B|FCC,1.793330
UmVhY3Rpb246MzU0MTM2,CdPt,Cd6Pt6,101,hollow|A_B_B|HCP,1.794568
UmVhY3Rpb246NDI3NTQ1,CdRe,Cd6Re6,101,bridge|B_B|A,-0.819716
UmVhY3Rpb246MzU4NzI2,CdRe,Cd6Re6,101,top|B,-0.088518
UmVhY3Rpb246NDIxMjM5,CdRh,Cd6Rh6,101,4fold|A_A_B_B,1.830981
UmVhY3Rpb246MzU1NzM0,CdRh,Cd6Rh6,101,bridge|B_B|A,0.166814
UmVhY3Rpb246MzU1NzM1,CdRh,Cd6Rh6,101,hollow-tilt|A_A_B|FCC,1.599584
UmVhY3Rpb246MzU2OTI3,CdRu,Cd6Ru6,101,bridge|B_B|A,-0.117883
UmVhY3Rpb246MzU2OTI4,CdRu,Cd6Ru6,101,top-tilt|B,0.791505
UmVhY3Rpb246MzU3MDQy,CdSc,Cd6Sc6,101,4fold|A_A_B_B,-1.631431
UmVhY3Rpb246NDA2MDk2,CdSc,Cd6Sc6,101,bridge|A_A|B,-1.661733
UmVhY3Rpb246NDA2MDk0,CdSc,Cd6Sc6,101,bridge|B_B|A,-1.623302
UmVhY3Rpb246MzU3MDQz,CdSc,Cd6Sc6,101,hollow|A_B_B|HCP,-1.658516
UmVhY3Rpb246MzUxNDY4,CdSn,Cd6Sn6,101,hollow|A_A_B|HCP,1.401614
UmVhY3Rpb246MzUxNDY5,CdSn,Cd6Sn6,101,hollow|A_B_B|FCC,1.542393
UmVhY3Rpb246MzUxNDcw,CdSn,Cd6Sn6,101,hollow|A_B_B|HCP,1.709405
UmVhY3Rpb246NDA3MjYw,CdTa,Cd6Ta6,101,bridge|B_B|A,-1.748687
UmVhY3Rpb246MzUyMTk2,CdTa,Cd6Ta6,101,bridge|B_B|B,-1.919581
UmVhY3Rpb246MzUyMTk4,CdTa,Cd6Ta6,101,hollow-tilt|A_A_B|HCP,-0.229779
UmVhY3Rpb246MzUyMTk3,CdTa,Cd6Ta6,101,hollow|A_A_B|FCC,-0.106140
UmVhY3Rpb246NDExMzQ1,CdTc,Cd6Tc6,101,top-tilt|B,0.515117
UmVhY3Rpb246MzU0ODQ5,CdTc,Cd6Tc6,101,top|B,0.384486
UmVhY3Rpb246MzU1NjM2,CdTi,Cd6Ti6,101,bridge|B_B|A,-2.005879
UmVhY3Rpb246MzU1NjM3,CdTi,Cd6Ti6,101,hollow-tilt|A_A_B|FCC,-0.142924
UmVhY3Rpb246MzU1NjM4,CdTi,Cd6Ti6,101,hollow-tilt|A_A_B|HCP,0.009254
UmVhY3Rpb246NDI3NzAw,CdTl,Cd6Tl6,101,4fold|A_A_B_B,2.231914
UmVhY3Rpb246NDA4NjIw,CdV,Cd6V6,101,bridge|A_A|A,-1.592631
UmVhY3Rpb246NDA4NTc2,CdV,Cd6V6,101,bridge|B_B|A,-1.546588
UmVhY3Rpb246NDA4NTc3,CdV,Cd6V6,101,bridge|B_B|B,-1.592425
UmVhY3Rpb246NDA4NTc4,CdV,Cd6V6,101,hollow-tilt|A_A_B|FCC,-0.109095
UmVhY3Rpb246MzU4MTM4,CdW,Cd6W6,101,bridge|B_B|B,-1.387051
UmVhY3Rpb246MzU4MTM5,CdW,Cd6W6,101,hollow-tilt|A_A_B|FCC,-0.030397
UmVhY3Rpb246MzU4MTQw,CdW,Cd6W6,101,hollow-tilt|A_A_B|HCP,-0.243921
UmVhY3Rpb246MzUxMjk2,CdY,Cd6Y6,101,4fold|A_A_B_B,-1.495670
UmVhY3Rpb246MzUxMjk3,CdY,Cd6Y6,101,hollow|A_B_B|HCP,-1.287682
UmVhY3Rpb246NDI3NTQ2,CdZn,Cd6Zn6,101,hollow|A_A_B|FCC,1.810127
UmVhY3Rpb246NDI4NDQ2,CdZn,Cd6Zn6,101,hollow|A_A_B|HCP,0.840057
UmVhY3Rpb246MzU1MTc1,CdZn,Cd6Zn6,101,hollow|A_B_B|HCP,0.838458
UmVhY3Rpb246MzU3NTI2,CdZr,Cd6Zr6,101,hollow|A_A_B|FCC,0.008422
UmVhY3Rpb246MzU3NTI3,CdZr,Cd6Zr6,101,hollow|A_A_B|HCP,0.226584
UmVhY3Rpb246MzU3NTI4,CdZr,Cd6Zr6,101,hollow|A_B_B|FCC,-1.912856
UmVhY3Rpb246NDA1MTQ1,Co,Co12,111,hollow|A_A_A|FCC,-0.064991
UmVhY3Rpb246NDA1MTQ2,Co,Co12,111,hollow|A_A_A|HCP,-0.406989
UmVhY3Rpb246NDA1MTQ3,Co,Co12,111,top|A,1.780485
UmVhY3Rpb246MzQ0Mjkw,Co3Ag,Ag3Co9,111,hollow|A_A_A|FCC,-0.218299
UmVhY3Rpb246MzQ0Mjkx,Co3Ag,Ag3Co9,111,hollow|A_A_A|HCP,-0.411461
UmVhY3Rpb246NDI3NTQ3,Co3Ag,Ag3Co9,111,top|B,4.234124
UmVhY3Rpb246MzQ3Mzc4,Co3Al,Al3Co9,111,hollow|A_A_A|FCC,-0.344996
UmVhY3Rpb246MzQ3MTk2,Co3Au,Au3Co9,111,hollow|A_A_A|FCC,-0.039837
UmVhY3Rpb246MzQ3MTk3,Co3Au,Au3Co9,111,hollow|A_A_A|HCP,-0.010249
UmVhY3Rpb246MzgzMTUy,Co3Au,Au3Co9,111,top|A,1.886144
UmVhY3Rpb246NDI3NTQ4,Co3Au,Au3Co9,111,top|B,3.941917
UmVhY3Rpb246NDIyOTg4,Co3Cd,Cd3Co9,111,hollow|A_A_A|FCC,-0.314938
UmVhY3Rpb246NDIyOTg5,Co3Cd,Cd3Co9,111,hollow|A_A_A|HCP,-0.492348
UmVhY3Rpb246MzYwMzA1,Co3Cu,Co9Cu3,111,bridge|A_A|A,0.360143
UmVhY3Rpb246MzQ4MjYx,Co3Cu,Co9Cu3,111,hollow|A_A_A|FCC,-0.164698
UmVhY3Rpb246MzQ4MjYy,Co3Cu,Co9Cu3,111,hollow|A_A_A|HCP,-0.225645
UmVhY3Rpb246MzQ4MjYz,Co3Cu,Co9Cu3,111,hollow|A_A_B|FCC,0.411076
UmVhY3Rpb246NDI3NTQ5,Co3Cu,Co9Cu3,111,top|B,3.461090
UmVhY3Rpb246Mzk3NDA2,Co3Fe,Co9Fe3,111,hollow|A_A_B|FCC,0.077773
UmVhY3Rpb246Mzk3NDA5,Co3Fe,Co9Fe3,111,hollow|A_A_B|HCP,-0.046738
UmVhY3Rpb246Mzk5NjI2,Co3Hf,Co9Hf3,111,bridge|A_A|B,-0.754710
UmVhY3Rpb246Mzk5NjI5,Co3Hf,Co9Hf3,111,hollow|A_A_B|HCP,-0.530279
UmVhY3Rpb246NDIyOTk5,Co3Hg,Co9Hg3,111,hollow|A_A_A|FCC,-0.109485
UmVhY3Rpb246NDIzMDAw,Co3Hg,Co9Hg3,111,hollow|A_A_A|HCP,-0.123102
UmVhY3Rpb246NDIzNTU2,Co3In,Co9In3,111,hollow|A_A_A|HCP,-0.273883
UmVhY3Rpb246NDAwMDU5,Co3Ir,Co9Ir3,111,hollow|A_A_B|FCC,0.032187
UmVhY3Rpb246NDAwMDYz,Co3Ir,Co9Ir3,111,hollow|A_A_B|HCP,-0.159150
UmVhY3Rpb246Mzk5NTI1,Co3La,Co9La3,111,hollow|A_A_A|HCP,-1.514014
UmVhY3Rpb246Mzk5NzY0,Co3Mo,Co9Mo3,111,hollow|A_A_B|FCC,-0.715221
UmVhY3Rpb246Mzk5NzY4,Co3Mo,Co9Mo3,111,hollow|A_A_B|HCP,-0.756552
UmVhY3Rpb246Mzk5NzE2,Co3Nb,Co9Nb3,111,hollow|A_A_B|FCC,-0.676332
UmVhY3Rpb246Mzk5NzE3,Co3Nb,Co9Nb3,111,hollow|A_A_B|HCP,-0.591341
UmVhY3Rpb246NDAwMzA4,Co3Ni,Co9Ni3,111,hollow|A_A_A|FCC,0.005363
UmVhY3Rpb246Mzk5OTE2,Co3Os,Co9Os3,111,hollow|A_A_B|FCC,-0.499694
UmVhY3Rpb246Mzk5OTIw,Co3Os,Co9Os3,111,hollow|A_A_B|HCP,-0.726696
UmVhY3Rpb246Mzk3NjY2,Co3Pd,Co9Pd3,111,bridge|A_A|A,0.412321
UmVhY3Rpb246Mzk3NjY3,Co3Pd,Co9Pd3,111,bridge|A_B|A,1.269143
UmVhY3Rpb246MzQwODQy,Co3Pd,Co9Pd3,111,hollow|A_A_A|HCP,-0.041983
UmVhY3Rpb246MzQ1MjE4,Co3Pt,Co9Pt3,111,hollow|A_A_A|FCC,0.204855
UmVhY3Rpb246MzQ1MjE5,Co3Pt,Co9Pt3,111,hollow|A_A_A|HCP,0.280222
UmVhY3Rpb246MzQ1MjIw,Co3Pt,Co9Pt3,111,hollow|A_A_B|FCC,0.529700
UmVhY3Rpb246MzQ1MjIx,Co3Pt,Co9Pt3,111,hollow|A_A_B|HCP,0.424205
UmVhY3Rpb246NDI3NTUw,Co3Pt,Co9Pt3,111,top|A,1.781699
UmVhY3Rpb246MzQ4Nzcy,Co3Re,Co9Re3,111,hollow|A_A_A|FCC,0.352263
UmVhY3Rpb246MzQ4Nzcz,Co3Re,Co9Re3,111,hollow|A_A_A|HCP,0.000942
UmVhY3Rpb246MzQ4Nzc0,Co3Re,Co9Re3,111,hollow|A_A_B|FCC,-0.747950
UmVhY3Rpb246MzQ4Nzc1,Co3Re,Co9Re3,111,hollow|A_A_B|HCP,-0.871874
UmVhY3Rpb246NDI3NTUx,Co3Re,Co9Re3,111,top|B,-0.246442
UmVhY3Rpb246MzQ1OTk3,Co3Rh,Co9Rh3,111,hollow|A_A_A|FCC,0.138115
UmVhY3Rpb246MzQ1OTk4,Co3Rh,Co9Rh3,111,hollow|A_A_A|HCP,0.096376
UmVhY3Rpb246MzQ1OTk5,Co3Rh,Co9Rh3,111,hollow|A_A_B|FCC,0.141390
UmVhY3Rpb246MzQ2MDAw,Co3Rh,Co9Rh3,111,hollow|A_A_B|HCP,-0.013460
UmVhY3Rpb246MzQzMDYw,Co3Ru,Co9Ru3,111,hollow|A_A_A|FCC,0.049109
UmVhY3Rpb246Mzk5OTY5,Co3Ru,Co9Ru3,111,hollow|A_A_B|FCC,-0.292199
UmVhY3Rpb246Mzk5OTcy,Co3Ru,Co9Ru3,111,hollow|A_A_B|HCP,-0.486506
UmVhY3Rpb246Mzk5NTUw,Co3Sc,Co9Sc3,111,hollow|A_A_A|HCP,-1.412002
UmVhY3Rpb246NDI3NTUy,Co3Sn,Co9Sn3,111,top|B,4.143969
UmVhY3Rpb246MzQ3ODAx,Co3Ta,Co9Ta3,111,hollow|A_A_B|FCC,-0.691034
UmVhY3Rpb246Mzk5Njkz,Co3Ta,Co9Ta3,111,hollow|A_A_B|HCP,-0.590621
UmVhY3Rpb246Mzk5ODEy,Co3Tc,Co9Tc3,111,hollow|A_A_B|HCP,-0.768369
UmVhY3Rpb246Mzk5NjYx,Co3Ti,Co9Ti3,111,hollow|A_A_B|FCC,-0.643562
UmVhY3Rpb246Mzk5NjY0,Co3Ti,Co9Ti3,111,hollow|A_A_B|HCP,-0.551195
UmVhY3Rpb246Mzk5NzM2,Co3V,Co9V3,111,hollow|A_A_B|FCC,-0.641238
UmVhY3Rpb246Mzk5Nzkz,Co3W,Co9W3,111,hollow|A_A_B|FCC,-0.774954
UmVhY3Rpb246Mzk5Nzk0,Co3W,Co9W3,111,hollow|A_A_B|HCP,-0.783052
UmVhY3Rpb246Mzk5NDk3,Co3Y,Co9Y3,111,hollow|A_A_A|HCP,-1.525993
UmVhY3Rpb246NDIyOTY1,Co3Zn,Co9Zn3,111,hollow|A_A_A|FCC,-0.330229
UmVhY3Rpb246Mzk5NTg5,Co3Zr,Co9Zr3,111,bridge|A_A|A,-0.510080
UmVhY3Rpb246Mzk5NTkw,Co3Zr,Co9Zr3,111,bridge|A_A|B,-0.759470
UmVhY3Rpb246NDI4NDQ3,CoCr,Co6Cr6,101,hollow|A_A_B|FCC,-0.952031
UmVhY3Rpb246NDI4NDQ4,CoCr,Co6Cr6,101,hollow|A_B_B|HCP,-1.435865
UmVhY3Rpb246NDIyOTI4,CoCu,Co6Cu6,101,bridge|A_A|B,0.122274
UmVhY3Rpb246MzU5MjIx,CoCu,Co6Cu6,101,hollow|A_A_B|FCC,0.028145
UmVhY3Rpb246MzU5MjIy,CoCu,Co6Cu6,101,hollow|A_A_B|HCP,0.001377
UmVhY3Rpb246MzU5MjIz,CoCu,Co6Cu6,101,hollow|A_B_B|FCC,0.796073
UmVhY3Rpb246MzU5MjI0,CoCu,Co6Cu6,101,hollow|A_B_B|HCP,0.830281
UmVhY3Rpb246MzU5MjI1,CoCu,Co6Cu6,101,top|B,3.487667
UmVhY3Rpb246NDIzNTIy,CoGa,Co6Ga6,101,4fold|A_A_B_B,1.454906
UmVhY3Rpb246NDIzNTIz,CoGa,Co6Ga6,101,bridge|B_B|A,0.868899
UmVhY3Rpb246MzU4NTgw,CoGa,Co6Ga6,101,hollow|A_A_B|HCP,0.664392
UmVhY3Rpb246MzU4NTgx,CoGa,Co6Ga6,101,hollow|A_B_B|FCC,1.259095
UmVhY3Rpb246MzU4MjE1,CoHf,Co6Hf6,101,bridge|A_A|B,-1.981769
UmVhY3Rpb246NDA2Njc4,CoHf,Co6Hf6,101,bridge|B_B|A,-1.982563
UmVhY3Rpb246NDA2Njc5,CoHf,Co6Hf6,101,hollow|A_A_B|FCC,-1.681696
UmVhY3Rpb246NDA2Njc0,CoHf,Co6Hf6,101,hollow|A_B_B|FCC,-1.684990
UmVhY3Rpb246MzUyNjYy,CoHg,Co6Hg6,101,bridge|A_A|B,0.014431
UmVhY3Rpb246MzUyNjYz,CoHg,Co6Hg6,101,top|A,1.678553
UmVhY3Rpb246NDIzNTY2,CoIn,Co6In6,101,4fold|A_A_B_B,2.177573
UmVhY3Rpb246MzUwMzQ0,CoIn,Co6In6,101,bridge|A_A|B,0.300705
UmVhY3Rpb246MzUwMzQ1,CoIn,Co6In6,101,hollow-tilt|A_B_B|FCC,1.319309
UmVhY3Rpb246MzU3MDE2,CoIr,Co6Ir6,101,hollow|A_A_B|FCC,0.203416
UmVhY3Rpb246MzU3MDE3,CoIr,Co6Ir6,101,hollow|A_A_B|HCP,0.096900
UmVhY3Rpb246MzU3MDE4,CoIr,Co6Ir6,101,hollow|A_B_B|FCC,-0.031895
UmVhY3Rpb246MzU3MDE5,CoIr,Co6Ir6,101,hollow|A_B_B|HCP,-0.216038
UmVhY3Rpb246MzU3MDIw,CoIr,Co6Ir6,101,top|B,1.175139
UmVhY3Rpb246MzU4OTU2,CoLa,Co6La6,101,bridge|A_A|B,-1.545153
UmVhY3Rpb246NDI3NTUz,CoLa,Co6La6,101,hollow-tilt|A_B_B|FCC,-1.024104
UmVhY3Rpb246NDI4NDQ5,CoMo,Co6Mo6,101,hollow|A_A_B|FCC,-0.711834
UmVhY3Rpb246NDI4NDUw,CoMo,Co6Mo6,101,hollow|A_A_B|HCP,-0.951771
UmVhY3Rpb246NDI4NDUx,CoMo,Co6Mo6,101,hollow|A_B_B|FCC,-1.155360
UmVhY3Rpb246NDI4NDUy,CoMo,Co6Mo6,101,hollow|A_B_B|HCP,-1.202657
UmVhY3Rpb246Mzk3MjY4,CoNi,Co6Ni6,101,bridge|A_A|B,0.427626
UmVhY3Rpb246Mzk3Mjc5,CoNi,Co6Ni6,101,hollow|A_A_B|FCC,0.114579
UmVhY3Rpb246MzUyMzk1,CoNi,Co6Ni6,101,hollow|A_A_B|HCP,0.054001
UmVhY3Rpb246NDI3NTU0,CoNi,Co6Ni6,101,hollow|A_B_B|FCC,0.319890
UmVhY3Rpb246Mzk3Mjgz,CoNi,Co6Ni6,101,hollow|A_B_B|HCP,0.257077
UmVhY3Rpb246NDI3NTU1,CoOs,Co6Os6,101,hollow|A_A_B|FCC,0.108004
UmVhY3Rpb246MzU3OTM0,CoOs,Co6Os6,101,hollow|A_A_B|HCP,-0.267700
UmVhY3Rpb246MzU3OTM1,CoOs,Co6Os6,101,hollow|A_B_B|FCC,-0.504532
UmVhY3Rpb246MzU3OTM2,CoOs,Co6Os6,101,hollow|A_B_B|HCP,-0.766168
UmVhY3Rpb246MzU3OTM3,CoOs,Co6Os6,101,top|B,0.357604
UmVhY3Rpb246MzU5OTU3,CoPb,Co6Pb6,101,bridge|A_A|B,0.229740
UmVhY3Rpb246MzU5OTU5,CoPb,Co6Pb6,101,top-tilt|A,1.553317
UmVhY3Rpb246MzU5OTU4,CoPb,Co6Pb6,101,top|A,1.696928
UmVhY3Rpb246MzUzMjc4,CoPd,Co6Pd6,101,hollow|A_A_B|FCC,0.372253
UmVhY3Rpb246MzUzMjc5,CoPd,Co6Pd6,101,hollow|A_A_B|HCP,0.315533
UmVhY3Rpb246MzUzMjgw,CoPd,Co6Pd6,101,hollow|A_B_B|FCC,0.963176
UmVhY3Rpb246MzUzMjgx,CoPd,Co6Pd6,101,hollow|A_B_B|HCP,0.901665
UmVhY3Rpb246MzU5NjA1,CoPt,Co6Pt6,101,hollow|A_A_B|FCC,0.501857
UmVhY3Rpb246MzU5NjA2,CoPt,Co6Pt6,101,hollow|A_A_B|HCP,0.619047
UmVhY3Rpb246MzU5NjA3,CoPt,Co6Pt6,101,hollow|A_B_B|FCC,0.942059
UmVhY3Rpb246MzU5NjA4,CoPt,Co6Pt6,101,hollow|A_B_B|HCP,0.784904
UmVhY3Rpb246MzUyNzI3,CoRe,Co6Re6,101,hollow|A_A_B|HCP,-0.637156
UmVhY3Rpb246MzUyNzI4,CoRe,Co6Re6,101,hollow|A_B_B|FCC,-0.927755
UmVhY3Rpb246MzUyNzI5,CoRe,Co6Re6,101,hollow|A_B_B|HCP,-1.226455
UmVhY3Rpb246MzU5ODQ5,CoRh,Co6Rh6,101,hollow|A_A_B|FCC,0.116706
UmVhY3Rpb246MzU5ODUw,CoRh,Co6Rh6,101,hollow|A_A_B|HCP,-0.024826
UmVhY3Rpb246MzU5ODUx,CoRh,Co6Rh6,101,hollow|A_B_B|FCC,0.095106
UmVhY3Rpb246MzU5ODUy,CoRh,Co6Rh6,101,hollow|A_B_B|HCP,-0.117950
UmVhY3Rpb246NDI3NTU2,CoRu,Co6Ru6,101,hollow|A_A_B|FCC,-0.095132
UmVhY3Rpb246NDI3NTU3,CoRu,Co6Ru6,101,hollow|A_A_B|HCP,-0.411838
UmVhY3Rpb246MzUwMDU0,CoRu,Co6Ru6,101,hollow|A_B_B|FCC,-0.404400
UmVhY3Rpb246MzUwMDU1,CoRu,Co6Ru6,101,hollow|A_B_B|HCP,-0.648961
UmVhY3Rpb246MzUyNTI0,CoSc,Co6Sc6,101,4fold|A_A_B_B,-0.148384
UmVhY3Rpb246MzUyNTI1,CoSc,Co6Sc6,101,bridge|A_A|B,-2.011395
UmVhY3Rpb246NDA2MDI2,CoSc,Co6Sc6,101,hollow|A_A_B|FCC,-0.950994
UmVhY3Rpb246MzUyNTI2,CoSc,Co6Sc6,101,hollow|A_B_B|FCC,-0.950272
UmVhY3Rpb246MzUyNTI3,CoSc,Co6Sc6,101,top|A,0.566496
UmVhY3Rpb246MzUyNTI4,CoSc,Co6Sc6,101,top|B,2.832058
UmVhY3Rpb246NDI3NTU4,CoSn,Co6Sn6,101,bridge|A_A|B,1.135496
UmVhY3Rpb246NDI3NTU5,CoSn,Co6Sn6,101,hollow-tilt|A_B_B|FCC,1.650825
UmVhY3Rpb246NDI3NTYw,CoSn,Co6Sn6,101,hollow|A_A_B|HCP,0.784364
UmVhY3Rpb246NDI4NDUz,CoSn,Co6Sn6,101,hollow|A_B_B|HCP,0.789302
UmVhY3Rpb246NDI3NTYx,CoSn,Co6Sn6,101,top|A,2.271757
UmVhY3Rpb246MzUzMjU2,CoTi,Co6Ti6,101,4fold|A_A_B_B,-1.807269
UmVhY3Rpb246NDA2OTMx,CoTi,Co6Ti6,101,bridge|B_B|A,-1.206501
UmVhY3Rpb246MzUzMjU3,CoTi,Co6Ti6,101,hollow|A_B_B|FCC,-1.697006
UmVhY3Rpb246MzUzMjU4,CoTi,Co6Ti6,101,top|B,1.633707
UmVhY3Rpb246NDI3NTYy,CoTl,Co6Tl6,101,bridge|A_A|B,0.208445
UmVhY3Rpb246NDI3NTYz,CoTl,Co6Tl6,101,hollow-tilt|A_B_B|FCC,1.703952
UmVhY3Rpb246MzUxMjQw,CoV,Co6V6,101,hollow|A_A_B|FCC,-1.058892
UmVhY3Rpb246MzUxMjQx,CoV,Co6V6,101,hollow|A_A_B|HCP,-1.181901
UmVhY3Rpb246NDI3NTY0,CoV,Co6V6,101,hollow|A_B_B|FCC,-1.765807
UmVhY3Rpb246MzU5ODIw,CoW,Co6W6,101,hollow|A_A_B|FCC,-0.648138
UmVhY3Rpb246MzU5ODIx,CoW,Co6W6,101,hollow|A_A_B|HCP,-0.836278
UmVhY3Rpb246MzU5ODIy,CoW,Co6W6,101,hollow|A_B_B|FCC,-1.355098
UmVhY3Rpb246MzU5ODIz,CoW,Co6W6,101,hollow|A_B_B|HCP,-1.325225
UmVhY3Rpb246MzU3MzI2,CoY,Co6Y6,101,bridge|A_A|B,-1.990968
UmVhY3Rpb246MzU3MzI3,CoY,Co6Y6,101,hollow-tilt|A_B_B|FCC,-1.040379
UmVhY3Rpb246MzU3MzI4,CoY,Co6Y6,101,top|A,0.356619
UmVhY3Rpb246MzU3MzI5,CoY,Co6Y6,101,top|B,2.947468
UmVhY3Rpb246MzU2MDgz,CoZn,Co6Zn6,101,bridge|A_A|B,0.074521
UmVhY3Rpb246NDI4NDU0,CoZn,Co6Zn6,101,bridge|B_B|A,0.080274
UmVhY3Rpb246NDI4NDU1,CoZn,Co6Zn6,101,hollow|A_A_B|FCC,1.159574
UmVhY3Rpb246MzU2MDg0,CoZn,Co6Zn6,101,hollow|A_B_B|FCC,1.159685
UmVhY3Rpb246MzU2MDg1,CoZn,Co6Zn6,101,hollow|A_B_B|HCP,1.152081
UmVhY3Rpb246MzM5NTIy,Cr,Cr12,111,hollow|A_A_A|FCC,-2.316238
UmVhY3Rpb246MzM5NTIz,Cr,Cr12,111,hollow|A_A_A|HCP,-2.284971
UmVhY3Rpb246MzM5NTI1,Cr,Cr12,111,top|A,0.209363
UmVhY3Rpb246NDA5NTM1,Cr3Ag,Ag3Cr9,111,hollow|A_A_A|FCC,-1.726541
UmVhY3Rpb246MzQ4NTg3,Cr3Ag,Ag3Cr9,111,hollow|A_A_A|HCP,-2.147432
UmVhY3Rpb246MzYwMzMx,Cr3Ag,Ag3Cr9,111,top|B,4.309295
UmVhY3Rpb246NDA5NTU4,Cr3Al,Al3Cr9,111,hollow|A_A_A|FCC,-1.573251
UmVhY3Rpb246MzQ3MTE0,Cr3Al,Al3Cr9,111,hollow|A_A_A|HCP,-1.650295
UmVhY3Rpb246NDA5NTU5,Cr3Al,Al3Cr9,111,top|B,3.238764
UmVhY3Rpb246NDA5NTI1,Cr3Au,Au3Cr9,111,hollow|A_A_A|FCC,-1.715874
UmVhY3Rpb246MzQ3NjI3,Cr3Au,Au3Cr9,111,hollow|A_A_A|HCP,-1.834662
UmVhY3Rpb246MzYwNDIz,Cr3Au,Au3Cr9,111,top|B,3.802168
UmVhY3Rpb246MzQ1Nzc5,Cr3Cd,Cd3Cr9,111,hollow|A_A_A|FCC,-1.449145
UmVhY3Rpb246MzQ1Nzgw,Cr3Cd,Cd3Cr9,111,hollow|A_A_A|HCP,-1.932364
UmVhY3Rpb246MzU1MzE5,Cr3Cd,Cd3Cr9,111,top|B,4.938809
UmVhY3Rpb246NDA5NTQy,Cr3Cu,Cr9Cu3,111,bridge|A_A|B,-1.285164
UmVhY3Rpb246MzQyNjEy,Cr3Cu,Cr9Cu3,111,hollow|A_A_A|FCC,-1.979714
UmVhY3Rpb246NDA5NTQz,Cr3Cu,Cr9Cu3,111,hollow|A_A_A|HCP,-2.006850
UmVhY3Rpb246NDA5NTY5,Cr3Ga,Cr9Ga3,111,hollow|A_A_A|FCC,-1.485477
UmVhY3Rpb246MzQwMzgw,Cr3Ga,Cr9Ga3,111,hollow|A_A_A|HCP,-1.553974
UmVhY3Rpb246NDA4NzMx,Cr3Hf,Cr9Hf3,111,top|B,2.747307
UmVhY3Rpb246MzQyMDA3,Cr3Hg,Cr9Hg3,111,hollow|A_A_A|FCC,-1.304467
UmVhY3Rpb246MzQyMDA4,Cr3Hg,Cr9Hg3,111,hollow|A_A_A|HCP,-1.625326
UmVhY3Rpb246MzQ5MjI0,Cr3Hg,Cr9Hg3,111,top|B,4.921833
UmVhY3Rpb246NDA5NTc3,Cr3In,Cr9In3,111,hollow|A_A_A|FCC,-1.201152
UmVhY3Rpb246MzQyNDM3,Cr3In,Cr9In3,111,hollow|A_A_A|HCP,-1.511451
UmVhY3Rpb246MzQ5NDc4,Cr3In,Cr9In3,111,top|B,4.992592
UmVhY3Rpb246NDA1Mjk3,Cr3Ir,Cr9Ir3,111,hollow|A_A_A|FCC,-1.671961
UmVhY3Rpb246MzQ1ODgx,Cr3Ir,Cr9Ir3,111,hollow|A_A_A|HCP,-1.769265
UmVhY3Rpb246NDA1Mjk4,Cr3Ir,Cr9Ir3,111,hollow|A_A_B|HCP,-1.365256
UmVhY3Rpb246MzU1NDc0,Cr3Ir,Cr9Ir3,111,top|B,1.225121
UmVhY3Rpb246NDA4NzA3,Cr3La,Cr9La3,111,bridge|A_A|B,-1.877547
UmVhY3Rpb246MzQ4OTIx,Cr3La,Cr9La3,111,hollow|A_A_A|FCC,-2.006344
UmVhY3Rpb246MzQ4OTIy,Cr3La,Cr9La3,111,hollow|A_A_A|HCP,-1.829101
UmVhY3Rpb246MzQ3NTc3,Cr3Mo,Cr9Mo3,111,hollow|A_A_A|FCC,-2.347840
UmVhY3Rpb246MzQ3NTc4,Cr3Mo,Cr9Mo3,111,hollow|A_A_A|HCP,-2.366937
UmVhY3Rpb246NDA1MjM2,Cr3Mo,Cr9Mo3,111,hollow|A_A_B|HCP,-2.061810
UmVhY3Rpb246MzgyODQ4,Cr3Mo,Cr9Mo3,111,top|B,0.385408
UmVhY3Rpb246MzUwNzkw,Cr3Nb,Cr9Nb3,111,top|B,1.034758
UmVhY3Rpb246MzQwOTY4,Cr3Os,Cr9Os3,111,hollow|A_A_A|HCP,-1.771144
UmVhY3Rpb246NDA1Mjc2,Cr3Os,Cr9Os3,111,hollow|A_A_B|HCP,-1.648217
UmVhY3Rpb246MzgyOTM3,Cr3Os,Cr9Os3,111,top|B,0.371163
UmVhY3Rpb246MzQyNDQz,Cr3Pb,Cr9Pb3,111,hollow|A_A_A|FCC,-0.928717
UmVhY3Rpb246MzQyNDQ0,Cr3Pb,Cr9Pb3,111,hollow|A_A_A|HCP,-1.097739
UmVhY3Rpb246MzQ5NDg3,Cr3Pb,Cr9Pb3,111,top|A,0.683466
UmVhY3Rpb246MzQ5NDg4,Cr3Pb,Cr9Pb3,111,top|B,5.466506
UmVhY3Rpb246NDA5NTE2,Cr3Pd,Cr9Pd3,111,bridge|A_A|A,-1.416952
UmVhY3Rpb246NDA5NTE3,Cr3Pd,Cr9Pd3,111,hollow|A_A_A|FCC,-1.940813
UmVhY3Rpb246NDA5NTE4,Cr3Pd,Cr9Pd3,111,hollow|A_A_A|HCP,-2.074298
UmVhY3Rpb246MzU0NjI3,Cr3Pt,Cr9Pt3,111,bridge|A_A|B,-1.210622
UmVhY3Rpb246MzQ1MjQz,Cr3Pt,Cr9Pt3,111,hollow|A_A_A|FCC,-1.826339
UmVhY3Rpb246MzQ1MjQ0,Cr3Pt,Cr9Pt3,111,hollow|A_A_A|HCP,-1.848902
UmVhY3Rpb246MzQ1MjQ1,Cr3Pt,Cr9Pt3,111,hollow|A_A_B|HCP,-1.226198
UmVhY3Rpb246MzU0NjI4,Cr3Pt,Cr9Pt3,111,top|B,2.364945
UmVhY3Rpb246MzQwNDc4,Cr3Re,Cr9Re3,111,hollow|A_A_A|FCC,-2.044312
UmVhY3Rpb246MzQwNDc5,Cr3Re,Cr9Re3,111,hollow|A_A_A|HCP,-2.045895
UmVhY3Rpb246MzQwNDgw,Cr3Re,Cr9Re3,111,hollow|A_A_B|FCC,-2.052236
UmVhY3Rpb246NDA1MjQ1,Cr3Re,Cr9Re3,111,hollow|A_A_B|HCP,-2.058385
UmVhY3Rpb246MzY3MzI1,Cr3Re,Cr9Re3,111,top|A,0.284598
UmVhY3Rpb246MzY3MzI4,Cr3Re,Cr9Re3,111,top|B,0.101541
UmVhY3Rpb246NDA1MzEx,Cr3Rh,Cr9Rh3,111,hollow|A_A_A|FCC,-1.816719
UmVhY3Rpb246MzQzNDI4,Cr3Rh,Cr9Rh3,111,hollow|A_A_A|HCP,-1.928927
UmVhY3Rpb246MzQzNDI5,Cr3Rh,Cr9Rh3,111,hollow|A_A_B|FCC,-1.421451
UmVhY3Rpb246NDA1MzEy,Cr3Rh,Cr9Rh3,111,hollow|A_A_B|HCP,-1.460185
UmVhY3Rpb246MzUwMjEz,Cr3Rh,Cr9Rh3,111,top|B,1.798596
UmVhY3Rpb246NDA1Mjg2,Cr3Ru,Cr9Ru3,111,bridge|A_A|A,-1.471008
UmVhY3Rpb246MzQ1ODg2,Cr3Ru,Cr9Ru3,111,hollow|A_A_A|FCC,-1.763187
UmVhY3Rpb246MzQ1ODg3,Cr3Ru,Cr9Ru3,111,hollow|A_A_A|HCP,-1.872991
UmVhY3Rpb246NDI3NTY1,Cr3Ru,Cr9Ru3,111,hollow|A_A_B|FCC,-1.595974
UmVhY3Rpb246MzQ1ODg4,Cr3Ru,Cr9Ru3,111,hollow|A_A_B|HCP,-1.623176
UmVhY3Rpb246MzU1NDg2,Cr3Ru,Cr9Ru3,111,top|B,0.842350
UmVhY3Rpb246MzQ1MzI1,Cr3Sc,Cr9Sc3,111,hollow|A_A_A|FCC,-2.078654
UmVhY3Rpb246MzQ1MzI2,Cr3Sc,Cr9Sc3,111,hollow|A_A_A|HCP,-2.502264
UmVhY3Rpb246MzQ1Njk5,Cr3Sn,Cr9Sn3,111,hollow|A_A_A|FCC,-1.090852
UmVhY3Rpb246MzQ1NzAw,Cr3Sn,Cr9Sn3,111,hollow|A_A_A|HCP,-1.222843
UmVhY3Rpb246MzU1MTUw,Cr3Sn,Cr9Sn3,111,top|A,0.666043
UmVhY3Rpb246MzU1MTUx,Cr3Sn,Cr9Sn3,111,top|B,4.980238
UmVhY3Rpb246MzQwODMz,Cr3Tc,Cr9Tc3,111,hollow|A_A_A|HCP,-2.043398
UmVhY3Rpb246NDA1MjYw,Cr3Tc,Cr9Tc3,111,hollow|A_A_B|HCP,-1.949884
UmVhY3Rpb246MzgyOTEz,Cr3Tc,Cr9Tc3,111,top|B,0.348048
UmVhY3Rpb246NDA4NzQ0,Cr3Ti,Cr9Ti3,111,hollow|A_A_A|HCP,-2.345113
UmVhY3Rpb246MzU0MzUy,Cr3Ti,Cr9Ti3,111,top|B,1.736840
UmVhY3Rpb246NDA5NTgz,Cr3Tl,Cr9Tl3,111,hollow|A_A_A|FCC,-1.021066
UmVhY3Rpb246MzQ0MDE1,Cr3Tl,Cr9Tl3,111,hollow|A_A_A|HCP,-1.333833
UmVhY3Rpb246MzUzNDEw,Cr3Tl,Cr9Tl3,111,top|B,5.414292
UmVhY3Rpb246NDA4NzQ5,Cr3V,Cr9V3,111,hollow|A_A_A|HCP,-2.557303
UmVhY3Rpb246NDA4NzU0,Cr3V,Cr9V3,111,hollow|A_A_B|HCP,-2.417350
UmVhY3Rpb246NDA1MjQz,Cr3W,Cr9W3,111,bridge|A_A|B,-2.071817
UmVhY3Rpb246Mzc3MjEy,Cr3W,Cr9W3,111,top|B,0.423176
UmVhY3Rpb246NDA4NzA0,Cr3Y,Cr9Y3,111,bridge|A_A|B,-2.272095
UmVhY3Rpb246MzQwNzg5,Cr3Zn,Cr9Zn3,111,hollow|A_A_A|FCC,-1.782265
UmVhY3Rpb246MzQwNzkw,Cr3Zn,Cr9Zn3,111,hollow|A_A_A|HCP,-1.905517
UmVhY3Rpb246MzQ1ODM1,Cr3Zr,Cr9Zr3,111,hollow|A_A_A|FCC,-2.073592
UmVhY3Rpb246NDA4NzE4,Cr3Zr,Cr9Zr3,111,top|B,2.432064
UmVhY3Rpb246NDA5NTUx,CrCu,Cr6Cu6,101,bridge|B_B|A,-1.145522
UmVhY3Rpb246MzU0ODA3,CrCu,Cr6Cu6,101,hollow|A_A_B|FCC,-1.209501
UmVhY3Rpb246MzU0ODA4,CrCu,Cr6Cu6,101,hollow|A_A_B|HCP,-1.374192
UmVhY3Rpb246MzU0ODA5,CrCu,Cr6Cu6,101,hollow|A_B_B|FCC,-0.469120
UmVhY3Rpb246MzU0ODEw,CrCu,Cr6Cu6,101,hollow|A_B_B|HCP,-0.210670
UmVhY3Rpb246MzUxMDU3,CrFe,Cr6Fe6,101,hollow|A_A_B|FCC,-1.363572
UmVhY3Rpb246NDA5NDgz,CrFe,Cr6Fe6,101,hollow|A_A_B|HCP,-1.340620
UmVhY3Rpb246MzUxMDU4,CrFe,Cr6Fe6,101,hollow|A_B_B|FCC,-1.094956
UmVhY3Rpb246MzUxMDU5,CrFe,Cr6Fe6,101,hollow|A_B_B|HCP,-1.251421
UmVhY3Rpb246MzU3Njgy,CrGa,Cr6Ga6,101,hollow|A_A_B|FCC,-0.462268
UmVhY3Rpb246NDA5NTc0,CrGa,Cr6Ga6,101,hollow|A_A_B|HCP,0.453436
UmVhY3Rpb246MzU3Njgz,CrGa,Cr6Ga6,101,hollow|A_B_B|FCC,0.584347
UmVhY3Rpb246MzU3Njg0,CrGa,Cr6Ga6,101,hollow|A_B_B|HCP,0.455684
UmVhY3Rpb246MzU3Njg1,CrGa,Cr6Ga6,101,top|A,0.322001
UmVhY3Rpb246MzUyNDEy,CrHf,Cr6Hf6,101,bridge|A_A|B,-3.207424
UmVhY3Rpb246MzUyNDEz,CrHf,Cr6Hf6,101,hollow|A_B_B|FCC,-2.141327
UmVhY3Rpb246MzgzMDA4,CrIr,Cr6Ir6,101,hollow|A_A_B|FCC,-0.962650
UmVhY3Rpb246MzgzMDA5,CrIr,Cr6Ir6,101,hollow|A_A_B|HCP,-1.105838
UmVhY3Rpb246MzgzMDEw,CrIr,Cr6Ir6,101,hollow|A_B_B|FCC,-0.173428
UmVhY3Rpb246MzgzMDEx,CrIr,Cr6Ir6,101,hollow|A_B_B|HCP,-0.612479
UmVhY3Rpb246MzgzMDEy,CrIr,Cr6Ir6,101,top|B,1.343844
UmVhY3Rpb246MzU3MzY3,CrLa,Cr6La6,101,bridge|A_A|B,-2.519455
UmVhY3Rpb246MzU3MzY4,CrLa,Cr6La6,101,top|A,-1.478610
UmVhY3Rpb246MzU3MzY5,CrLa,Cr6La6,101,top|B,3.034819
UmVhY3Rpb246MzU3MzA2,CrMn,Cr6Mn6,101,4fold|A_A_B_B,-2.920364
UmVhY3Rpb246NDA5NTAz,CrMn,Cr6Mn6,101,bridge|B_B|A,-2.993657
UmVhY3Rpb246MzU3MzA3,CrMn,Cr6Mn6,101,hollow|A_A_B|HCP,-3.022495
UmVhY3Rpb246NDA5NTA0,CrMn,Cr6Mn6,101,hollow|A_B_B|HCP,-3.023794
UmVhY3Rpb246MzU3MzA4,CrMn,Cr6Mn6,101,top|A,-1.324852
UmVhY3Rpb246MzU3MzA5,CrMn,Cr6Mn6,101,top|B,-1.044083
UmVhY3Rpb246NDA1MjM4,CrMo,Cr6Mo6,101,bridge|B_B|A,-0.904003
UmVhY3Rpb246MzUyOTgw,CrMo,Cr6Mo6,101,hollow|A_A_B|FCC,-1.987639
UmVhY3Rpb246MzUyOTgx,CrMo,Cr6Mo6,101,hollow|A_B_B|FCC,-1.918478
UmVhY3Rpb246MzUyOTgy,CrMo,Cr6Mo6,101,hollow|A_B_B|HCP,-1.858723
UmVhY3Rpb246MzUyOTgz,CrMo,Cr6Mo6,101,top|B,0.258529
UmVhY3Rpb246MzUyNjk3,CrNb,Cr6Nb6,101,bridge|A_A|B,-2.265273
UmVhY3Rpb246NDA3MzY2,CrNb,Cr6Nb6,101,bridge|B_B|A,-1.478777
UmVhY3Rpb246MzUyNjk4,CrNb,Cr6Nb6,101,hollow|A_B_B|FCC,-1.886640
UmVhY3Rpb246MzUyNjk5,CrNb,Cr6Nb6,101,top|A,-0.138572
UmVhY3Rpb246MzUyNzAw,CrNb,Cr6Nb6,101,top|B,1.324025
UmVhY3Rpb246MzUzOTky,CrNi,Cr6Ni6,101,hollow|A_B_B|FCC,-0.476088
UmVhY3Rpb246MzU4MTE2,CrOs,Cr6Os6,101,hollow|A_A_B|FCC,-1.115453
UmVhY3Rpb246MzU4MTE3,CrOs,Cr6Os6,101,hollow|A_A_B|HCP,-1.370592
UmVhY3Rpb246MzU4MTE4,CrOs,Cr6Os6,101,hollow|A_B_B|FCC,-0.876009
UmVhY3Rpb246MzU4MTE5,CrOs,Cr6Os6,101,hollow|A_B_B|HCP,-1.238639
UmVhY3Rpb246MzU4MTIw,CrOs,Cr6Os6,101,top|A,0.584021
UmVhY3Rpb246MzU4MTIx,CrOs,Cr6Os6,101,top|B,0.403529
UmVhY3Rpb246NDA5NTk0,CrPb,Cr6Pb6,101,bridge|A_A|B,-1.146722
UmVhY3Rpb246NDA5NTk1,CrPb,Cr6Pb6,101,top|A,-0.314051
UmVhY3Rpb246NDA5NTk2,CrPb,Cr6Pb6,101,top|B,4.894521
UmVhY3Rpb246MzU4NTI0,CrPd,Cr6Pd6,101,hollow-tilt|A_B_B|FCC,-0.299572
UmVhY3Rpb246MzU4NTIy,CrPd,Cr6Pd6,101,hollow|A_A_B|HCP,-1.409068
UmVhY3Rpb246MzU4NTIz,CrPd,Cr6Pd6,101,hollow|A_B_B|HCP,-0.206724
UmVhY3Rpb246MzUxNzY2,CrPt,Cr6Pt6,101,bridge|A_A|B,-0.884326
UmVhY3Rpb246MzUxNzcw,CrPt,Cr6Pt6,101,hollow-tilt|A_B_B|FCC,0.036461
UmVhY3Rpb246MzUxNzY3,CrPt,Cr6Pt6,101,hollow|A_A_B|FCC,-0.883968
UmVhY3Rpb246MzUxNzY4,CrPt,Cr6Pt6,101,hollow|A_A_B|HCP,-1.064140
UmVhY3Rpb246MzUxNzY5,CrPt,Cr6Pt6,101,hollow|A_B_B|HCP,0.155890
UmVhY3Rpb246NDA1MjQ4,CrRe,Cr6Re6,101,4fold|A_A_B_B,-1.624991
UmVhY3Rpb246NDA1MjU1,CrRe,Cr6Re6,101,bridge|A_A|B,-1.413896
UmVhY3Rpb246MzUzMzA3,CrRe,Cr6Re6,101,hollow|A_A_B|HCP,-1.410550
UmVhY3Rpb246MzUzMzA5,CrRe,Cr6Re6,101,hollow|A_B_B|HCP,-1.551014
UmVhY3Rpb246MzUzMzEw,CrRe,Cr6Re6,101,top|A,0.369637
UmVhY3Rpb246MzUzMzEx,CrRe,Cr6Re6,101,top|B,-0.056089
UmVhY3Rpb246MzUwMTcz,CrRh,Cr6Rh6,101,bridge|A_A|B,-1.197282
UmVhY3Rpb246MzUwMTc0,CrRh,Cr6Rh6,101,hollow|A_A_B|HCP,-1.327300
UmVhY3Rpb246MzUwMTc2,CrRh,Cr6Rh6,101,hollow|A_B_B|FCC,-0.328125
UmVhY3Rpb246MzUwMTc3,CrRh,Cr6Rh6,101,hollow|A_B_B|HCP,-0.628127
UmVhY3Rpb246MzUzMTE5,CrRu,Cr6Ru6,101,hollow|A_A_B|FCC,-1.270872
UmVhY3Rpb246MzUzMTIw,CrRu,Cr6Ru6,101,hollow|A_A_B|HCP,-1.461535
UmVhY3Rpb246MzUzMTIx,CrRu,Cr6Ru6,101,hollow|A_B_B|FCC,-0.827115
UmVhY3Rpb246MzUzMTIy,CrRu,Cr6Ru6,101,hollow|A_B_B|HCP,-1.169072
UmVhY3Rpb246MzUzMTIz,CrRu,Cr6Ru6,101,top|A,0.336592
UmVhY3Rpb246MzUzMTI0,CrRu,Cr6Ru6,101,top|B,0.763897
UmVhY3Rpb246MzU4NDE4,CrSc,Cr6Sc6,101,bridge|A_A|B,-2.625582
UmVhY3Rpb246MzU4NDE5,CrSc,Cr6Sc6,101,hollow|A_B_B|FCC,-2.079452
UmVhY3Rpb246MzU4NjE4,CrSn,Cr6Sn6,101,hollow|A_A_B|HCP,-0.837893
UmVhY3Rpb246MzU4NjE5,CrSn,Cr6Sn6,101,top|A,-0.044073
UmVhY3Rpb246MzU4NjIw,CrSn,Cr6Sn6,101,top|B,4.409888
UmVhY3Rpb246MzU0OTkw,CrTa,Cr6Ta6,101,bridge|A_A|B,-2.310991
UmVhY3Rpb246NDA3MTA1,CrTa,Cr6Ta6,101,bridge|B_B|A,-1.776450
UmVhY3Rpb246MzU0OTkx,CrTa,Cr6Ta6,101,hollow|A_B_B|FCC,-2.045843
UmVhY3Rpb246MzU0OTky,CrTa,Cr6Ta6,101,top|A,0.023552
UmVhY3Rpb246MzU0OTkz,CrTa,Cr6Ta6,101,top|B,1.351089
UmVhY3Rpb246NDA1MjY4,CrTc,Cr6Tc6,101,4fold|A_A_B_B,-1.684150
UmVhY3Rpb246MzU1NDEw,CrTc,Cr6Tc6,101,bridge|A_A|B,-1.684430
UmVhY3Rpb246NDA1MjY5,CrTc,Cr6Tc6,101,bridge|B_B|A,-1.034410
UmVhY3Rpb246MzU1NDEy,CrTc,Cr6Tc6,101,hollow|A_B_B|HCP,-1.318114
UmVhY3Rpb246MzU1NDEz,CrTc,Cr6Tc6,101,top|A,0.156782
UmVhY3Rpb246MzU1NDE0,CrTc,Cr6Tc6,101,top|B,0.220066
UmVhY3Rpb246MzUzMjAw,CrTi,Cr6Ti6,101,4fold|A_A_B_B,-2.932365
UmVhY3Rpb246NDA2ODUz,CrTi,Cr6Ti6,101,hollow|A_A_B|FCC,-1.953965
UmVhY3Rpb246MzUzMjAx,CrTi,Cr6Ti6,101,hollow|A_B_B|FCC,-1.953905
UmVhY3Rpb246MzUyOTIx,CrTl,Cr6Tl6,101,bridge|A_A|B,-1.544908
UmVhY3Rpb246MzUyOTIy,CrTl,Cr6Tl6,101,top|A,-0.371978
UmVhY3Rpb246MzUyOTIz,CrTl,Cr6Tl6,101,top|B,5.063220
UmVhY3Rpb246NDA4MDMy,CrV,Cr6V6,101,4fold|A_A_B_B,-2.302239
UmVhY3Rpb246MzUyNDQ3,CrV,Cr6V6,101,hollow|A_A_B|FCC,-2.100699
UmVhY3Rpb246MzUyNDQ4,CrV,Cr6V6,101,hollow|A_A_B|HCP,-2.075604
UmVhY3Rpb246MzUyNDQ5,CrV,Cr6V6,101,hollow|A_B_B|FCC,-2.093801
UmVhY3Rpb246MzUyNDUw,CrV,Cr6V6,101,hollow|A_B_B|HCP,-2.008363
UmVhY3Rpb246MzU1OTk0,CrW,Cr6W6,101,4fold|A_A_B_B,-1.842219
UmVhY3Rpb246MzU1OTk1,CrW,Cr6W6,101,hollow|A_B_B|HCP,-1.956502
UmVhY3Rpb246MzU1OTk2,CrW,Cr6W6,101,top|A,0.414767
UmVhY3Rpb246MzU1OTk3,CrW,Cr6W6,101,top|B,0.555637
UmVhY3Rpb246MzU4MTgx,CrY,Cr6Y6,101,bridge|A_A|B,-1.341801
UmVhY3Rpb246MzU4MTgy,CrY,Cr6Y6,101,hollow-tilt|A_B_B|FCC,-2.013952
UmVhY3Rpb246MzUyNzgy,CrZn,Cr6Zn6,101,bridge|A_A|A,-1.072020
UmVhY3Rpb246MzUyNzgz,CrZn,Cr6Zn6,101,bridge|A_A|B,-1.073087
UmVhY3Rpb246MzUyNzg2,CrZn,Cr6Zn6,101,hollow-tilt|A_B_B|HCP,-0.064953
UmVhY3Rpb246MzUyNzg0,CrZn,Cr6Zn6,101,hollow|A_B_B|FCC,-0.039688
UmVhY3Rpb246MzUyNzg1,CrZn,Cr6Zn6,101,hollow|A_B_B|HCP,-0.067685
UmVhY3Rpb246NDA2MjU2,CrZr,Cr6Zr6,101,4fold|A_A_B_B,-1.380220
UmVhY3Rpb246MzU1NjU1,CrZr,Cr6Zr6,101,bridge|A_A|B,-3.074756
UmVhY3Rpb246MzU1NjU2,CrZr,Cr6Zr6,101,hollow|A_B_B|FCC,-2.026001
UmVhY3Rpb246MzU1NjU3,CrZr,Cr6Zr6,101,top|A,-0.708323
UmVhY3Rpb246MzU1NjU4,CrZr,Cr6Zr6,101,top|B,2.048569
UmVhY3Rpb246MzM5NTYw,Cu,Cu12,111,hollow|A_A_A|FCC,1.502068
UmVhY3Rpb246MzM5NTYx,Cu,Cu12,111,hollow|A_A_A|HCP,1.606429
UmVhY3Rpb246MzM5NTYz,Cu,Cu12,111,top|A,3.656763
UmVhY3Rpb246NDAyNDc5,Cu3Ag,Ag3Cu9,111,bridge|A_A|B,1.833857
UmVhY3Rpb246MzQ3NDU0,Cu3Ag,Ag3Cu9,111,hollow|A_A_A|FCC,1.306076
UmVhY3Rpb246MzQ3NDU1,Cu3Ag,Ag3Cu9,111,hollow|A_A_A|HCP,1.283845
UmVhY3Rpb246NDAyNDgz,Cu3Ag,Ag3Cu9,111,top|B,4.892562
UmVhY3Rpb246MzQ3Njc1,Cu3Al,Al3Cu9,111,hollow|A_A_A|FCC,2.017302
UmVhY3Rpb246MzQ3Njc2,Cu3Al,Al3Cu9,111,hollow|A_A_A|HCP,2.133081
UmVhY3Rpb246MzQ3Njc3,Cu3Al,Al3Cu9,111,hollow|A_A_B|FCC,1.075027
UmVhY3Rpb246MzQ3Njc4,Cu3Al,Al3Cu9,111,hollow|A_A_B|HCP,1.112465
UmVhY3Rpb246MzQ4Nzk2,Cu3Au,Au3Cu9,111,hollow|A_A_A|FCC,1.627872
UmVhY3Rpb246MzQ4Nzk3,Cu3Au,Au3Cu9,111,hollow|A_A_A|HCP,1.771717
UmVhY3Rpb246MzQ4Nzk4,Cu3Au,Au3Cu9,111,hollow|A_A_B|FCC,2.029901
UmVhY3Rpb246MzQ4Nzk5,Cu3Au,Au3Cu9,111,hollow|A_A_B|HCP,2.125708
UmVhY3Rpb246MzYwMjY4,Cu3Au,Au3Cu9,111,top|B,4.474737
UmVhY3Rpb246NDI3NTY2,Cu3Bi,Bi3Cu9,111,bridge|A_A|A,2.153711
UmVhY3Rpb246MzM5ODY5,Cu3Bi,Bi3Cu9,111,hollow|A_A_A|FCC,1.652881
UmVhY3Rpb246MzM5ODcw,Cu3Bi,Bi3Cu9,111,hollow|A_A_A|HCP,1.318822
UmVhY3Rpb246NDAyNDk1,Cu3Cd,Cd3Cu9,111,bridge|A_A|B,1.832019
UmVhY3Rpb246NDAyNDk2,Cu3Cd,Cd3Cu9,111,hollow|A_A_A|FCC,1.580315
UmVhY3Rpb246MzQ1NzMy,Cu3Cd,Cd3Cu9,111,hollow|A_A_A|HCP,1.574263
UmVhY3Rpb246MzU1MjIy,Cu3Cd,Cd3Cu9,111,top|B,5.116771
UmVhY3Rpb246NDI4NDU2,Cu3Co,Co3Cu9,111,hollow|A_A_A|FCC,1.589323
UmVhY3Rpb246NDI4NDU3,Cu3Co,Co3Cu9,111,hollow|A_A_A|HCP,1.790090
UmVhY3Rpb246NDI4NDU4,Cu3Co,Co3Cu9,111,hollow|A_A_B|FCC,0.378892
UmVhY3Rpb246NDI4NDU5,Cu3Co,Co3Cu9,111,hollow|A_A_B|HCP,0.360821
UmVhY3Rpb246NDI4NDYw,Cu3Co,Co3Cu9,111,top|A,3.507381
UmVhY3Rpb246NDI4NDYx,Cu3Co,Co3Cu9,111,top|B,1.234023
UmVhY3Rpb246MzQ2NjQw,Cu3Cr,Cr3Cu9,111,hollow|A_A_B|FCC,-1.005825
UmVhY3Rpb246NDAyMTU2,Cu3Cr,Cr3Cu9,111,hollow|A_A_B|HCP,-1.098805
UmVhY3Rpb246NDAyMTU3,Cu3Cr,Cr3Cu9,111,top|B,-0.686726
UmVhY3Rpb246NDAyMzU0,Cu3Fe,Cu9Fe3,111,hollow|A_A_B|FCC,0.326031
UmVhY3Rpb246NDAyMzU1,Cu3Fe,Cu9Fe3,111,hollow|A_A_B|HCP,0.309322
UmVhY3Rpb246MzQ0ODQ1,Cu3Ga,Cu9Ga3,111,hollow|A_A_A|FCC,2.023228
UmVhY3Rpb246MzQ0ODQ2,Cu3Ga,Cu9Ga3,111,hollow|A_A_A|HCP,2.095750
UmVhY3Rpb246NDI3NTY3,Cu3Ga,Cu9Ga3,111,hollow|A_A_B|FCC,1.559441
UmVhY3Rpb246NDI3NTY4,Cu3Ga,Cu9Ga3,111,hollow|A_A_B|HCP,1.601337
UmVhY3Rpb246MzU0Mzk1,Cu3Ga,Cu9Ga3,111,top|B,3.788042
UmVhY3Rpb246MzQ1NzE3,Cu3Hf,Cu9Hf3,111,hollow|A_A_A|FCC,1.302888
UmVhY3Rpb246MzQ1NzE4,Cu3Hf,Cu9Hf3,111,hollow|A_A_A|HCP,0.187132
UmVhY3Rpb246MzQ1NzE5,Cu3Hf,Cu9Hf3,111,hollow|A_A_B|FCC,-0.296704
UmVhY3Rpb246MzQ1NzIw,Cu3Hf,Cu9Hf3,111,hollow|A_A_B|HCP,-0.448825
UmVhY3Rpb246NDI3NTY5,Cu3Hg,Cu9Hg3,111,bridge|A_A|B,2.098204
UmVhY3Rpb246MzQ3MDI2,Cu3Hg,Cu9Hg3,111,hollow|A_A_A|FCC,1.804715
UmVhY3Rpb246MzQ3MDI3,Cu3Hg,Cu9Hg3,111,hollow|A_A_A|HCP,1.798914
UmVhY3Rpb246MzQxODI5,Cu3In,Cu9In3,111,hollow|A_A_A|HCP,1.693551
UmVhY3Rpb246NDI3NTcw,Cu3In,Cu9In3,111,hollow|A_A_B|FCC,1.840407
UmVhY3Rpb246MzQyNzU5,Cu3Ir,Cu9Ir3,111,hollow|A_A_A|FCC,1.729036
UmVhY3Rpb246MzQyNzYw,Cu3Ir,Cu9Ir3,111,hollow|A_A_A|HCP,2.225531
UmVhY3Rpb246MzQyNzYx,Cu3Ir,Cu9Ir3,111,hollow|A_A_B|FCC,0.383024
UmVhY3Rpb246MzQyNzYy,Cu3Ir,Cu9Ir3,111,hollow|A_A_B|HCP,0.243157
UmVhY3Rpb246MzQ5Njgz,Cu3Ir,Cu9Ir3,111,top|B,0.779635
UmVhY3Rpb246MzQxOTM1,Cu3La,Cu9La3,111,hollow|A_A_A|FCC,1.339761
UmVhY3Rpb246MzQxOTM2,Cu3La,Cu9La3,111,hollow|A_A_A|HCP,-0.010322
UmVhY3Rpb246NDAyMDk2,Cu3La,Cu9La3,111,hollow|A_A_B|FCC,-0.772882
UmVhY3Rpb246NDAyMDk3,Cu3La,Cu9La3,111,hollow|A_A_B|HCP,0.180061
UmVhY3Rpb246NDAyMzY1,Cu3Mn,Cu9Mn3,111,hollow|A_A_B|FCC,0.473707
UmVhY3Rpb246NDAyMTY2,Cu3Mo,Cu9Mo3,111,hollow|A_A_B|FCC,-1.010100
UmVhY3Rpb246NDAyMTY3,Cu3Mo,Cu9Mo3,111,hollow|A_A_B|HCP,-1.143592
UmVhY3Rpb246NDAyMTY4,Cu3Mo,Cu9Mo3,111,top|A,3.249830
UmVhY3Rpb246NDAyMTY5,Cu3Mo,Cu9Mo3,111,top|B,-0.831597
UmVhY3Rpb246NDAyMTM0,Cu3Nb,Cu9Nb3,111,hollow|A_A_B|FCC,-0.778697
UmVhY3Rpb246NDAyMTM1,Cu3Nb,Cu9Nb3,111,hollow|A_A_B|HCP,-0.903419
UmVhY3Rpb246MzUzNTY4,Cu3Nb,Cu9Nb3,111,top|B,-0.229160
UmVhY3Rpb246NDAyMjI0,Cu3Os,Cu9Os3,111,hollow|A_A_A|FCC,1.672016
UmVhY3Rpb246NDAyMjI1,Cu3Os,Cu9Os3,111,hollow|A_A_B|FCC,-0.595935
UmVhY3Rpb246NDAyMjI2,Cu3Os,Cu9Os3,111,hollow|A_A_B|HCP,-0.771859
UmVhY3Rpb246NDI3NTcx,Cu3Pb,Cu9Pb3,111,hollow|A_A_A|HCP,1.406368
UmVhY3Rpb246MzQ3NzQ3,Cu3Pd,Cu9Pd3,111,hollow|A_A_A|FCC,1.633323
UmVhY3Rpb246MzQ3NzQ4,Cu3Pd,Cu9Pd3,111,hollow|A_A_A|HCP,1.795428
UmVhY3Rpb246MzQ3NzQ5,Cu3Pd,Cu9Pd3,111,hollow|A_A_B|FCC,1.778828
UmVhY3Rpb246MzQ3NzUw,Cu3Pd,Cu9Pd3,111,hollow|A_A_B|HCP,1.800338
UmVhY3Rpb246NDAyNDI1,Cu3Pd,Cu9Pd3,111,top|B,3.651592
UmVhY3Rpb246MzQzMTMz,Cu3Pt,Cu9Pt3,111,hollow|A_A_A|FCC,1.771493
UmVhY3Rpb246MzQzMTM0,Cu3Pt,Cu9Pt3,111,hollow|A_A_A|HCP,2.163158
UmVhY3Rpb246MzQzMTM1,Cu3Pt,Cu9Pt3,111,hollow|A_A_B|FCC,1.456733
UmVhY3Rpb246MzQzMTM2,Cu3Pt,Cu9Pt3,111,hollow|A_A_B|HCP,1.429210
UmVhY3Rpb246NDI3NTcy,Cu3Pt,Cu9Pt3,111,top|B,2.705663
UmVhY3Rpb246MzQ3OTg0,Cu3Re,Cu9Re3,111,hollow|A_A_A|FCC,1.577886
UmVhY3Rpb246MzQ3OTg1,Cu3Re,Cu9Re3,111,hollow|A_A_A|HCP,2.114300
UmVhY3Rpb246MzQ3OTg2,Cu3Re,Cu9Re3,111,hollow|A_A_B|FCC,-1.179399
UmVhY3Rpb246MzQ3OTg3,Cu3Re,Cu9Re3,111,hollow|A_A_B|HCP,-1.340840
UmVhY3Rpb246NDAyMTg1,Cu3Re,Cu9Re3,111,top|B,-1.070688
UmVhY3Rpb246MzQ3NTk4,Cu3Rh,Cu9Rh3,111,hollow|A_A_A|FCC,1.610399
UmVhY3Rpb246MzQ3NTk5,Cu3Rh,Cu9Rh3,111,hollow|A_A_A|HCP,1.939450
UmVhY3Rpb246MzQ3NjAw,Cu3Rh,Cu9Rh3,111,hollow|A_A_B|FCC,0.795639
UmVhY3Rpb246MzQ3NjAx,Cu3Rh,Cu9Rh3,111,hollow|A_A_B|HCP,0.681956
UmVhY3Rpb246NDAyMjk3,Cu3Rh,Cu9Rh3,111,top|B,1.652096
UmVhY3Rpb246MzQxMDUy,Cu3Ru,Cu9Ru3,111,hollow|A_A_A|FCC,1.576261
UmVhY3Rpb246MzQxMDUz,Cu3Ru,Cu9Ru3,111,hollow|A_A_A|HCP,1.971760
UmVhY3Rpb246MzQxMDU0,Cu3Ru,Cu9Ru3,111,hollow|A_A_B|FCC,-0.093450
UmVhY3Rpb246MzQxMDU1,Cu3Ru,Cu9Ru3,111,hollow|A_A_B|HCP,-0.293197
UmVhY3Rpb246MzYwMjE0,Cu3Ru,Cu9Ru3,111,top|B,0.114939
UmVhY3Rpb246MzQ2NDU1,Cu3Sc,Cu9Sc3,111,hollow|A_A_A|HCP,0.271430
UmVhY3Rpb246NDAyMTA2,Cu3Sc,Cu9Sc3,111,hollow|A_A_B|FCC,0.119614
UmVhY3Rpb246NDAyMTA3,Cu3Sc,Cu9Sc3,111,hollow|A_A_B|HCP,0.119986
UmVhY3Rpb246NDAyMTA4,Cu3Sc,Cu9Sc3,111,top|B,2.989187
UmVhY3Rpb246NDI3NTcz,Cu3Sn,Cu9Sn3,111,hollow|A_A_B|FCC,1.983155
UmVhY3Rpb246NDI3NTc0,Cu3Sn,Cu9Sn3,111,top|B,4.431764
UmVhY3Rpb246NDAyMTI0,Cu3Ta,Cu9Ta3,111,hollow|A_A_B|FCC,-0.905859
UmVhY3Rpb246NDAyMTI1,Cu3Ta,Cu9Ta3,111,hollow|A_A_B|HCP,-1.022095
UmVhY3Rpb246MzYwMjkx,Cu3Ta,Cu9Ta3,111,top|B,-0.143246
UmVhY3Rpb246NDAyMTkw,Cu3Tc,Cu9Tc3,111,hollow|A_A_B|FCC,-0.754589
UmVhY3Rpb246MzQ5MDU0,Cu3Tc,Cu9Tc3,111,hollow|A_A_B|HCP,-0.942159
UmVhY3Rpb246MzY4NjY2,Cu3Tc,Cu9Tc3,111,top|B,-0.701385
UmVhY3Rpb246MzQyNzk3,Cu3Ti,Cu9Ti3,111,hollow|A_A_A|FCC,1.324924
UmVhY3Rpb246MzQyNzk4,Cu3Ti,Cu9Ti3,111,hollow|A_A_A|HCP,0.523873
UmVhY3Rpb246MzQyNzk5,Cu3Ti,Cu9Ti3,111,hollow|A_A_B|FCC,-0.428202
UmVhY3Rpb246MzQyODAw,Cu3Ti,Cu9Ti3,111,hollow|A_A_B|HCP,-0.524790
UmVhY3Rpb246MzQ2NTQy,Cu3V,Cu9V3,111,hollow|A_A_B|FCC,-0.869233
UmVhY3Rpb246NDAyMTQz,Cu3V,Cu9V3,111,hollow|A_A_B|HCP,-0.938917
UmVhY3Rpb246NDAyMTQ0,Cu3V,Cu9V3,111,top|B,-0.329512
UmVhY3Rpb246NDAyMTc4,Cu3W,Cu9W3,111,hollow|A_A_B|HCP,-1.378833
UmVhY3Rpb246NDAyMTc5,Cu3W,Cu9W3,111,top|B,-0.961769
UmVhY3Rpb246MzQ0Mzc4,Cu3Y,Cu9Y3,111,hollow|A_A_A|HCP,-0.125952
UmVhY3Rpb246NDAyMDkw,Cu3Y,Cu9Y3,111,hollow|A_A_B|HCP,0.404927
UmVhY3Rpb246MzUzOTMz,Cu3Y,Cu9Y3,111,top|B,3.729910
UmVhY3Rpb246MzQxNzEz,Cu3Zn,Cu9Zn3,111,hollow|A_A_A|FCC,1.759304
UmVhY3Rpb246MzQxNzE0,Cu3Zn,Cu9Zn3,111,hollow|A_A_A|HCP,1.805386
UmVhY3Rpb246MzQxNzE1,Cu3Zn,Cu9Zn3,111,hollow|A_A_B|FCC,1.668650
UmVhY3Rpb246MzQxNzE2,Cu3Zn,Cu9Zn3,111,hollow|A_A_B|HCP,1.794080
UmVhY3Rpb246MzQwNzY3,Cu3Zr,Cu9Zr3,111,hollow|A_A_A|FCC,1.229191
UmVhY3Rpb246MzQwNzY4,Cu3Zr,Cu9Zr3,111,hollow|A_A_A|HCP,0.048098
UmVhY3Rpb246NDAyMTE1,Cu3Zr,Cu9Zr3,111,hollow|A_A_B|FCC,-0.329041
UmVhY3Rpb246MzQwNzY5,Cu3Zr,Cu9Zr3,111,hollow|A_A_B|HCP,-0.456602
UmVhY3Rpb246MzUwNTM3,CuFe,Cu6Fe6,101,hollow|A_A_B|FCC,0.436727
UmVhY3Rpb246MzUwNTM5,CuFe,Cu6Fe6,101,hollow|A_A_B|HCP,0.509730
UmVhY3Rpb246MzUwNTQw,CuFe,Cu6Fe6,101,hollow|A_B_B|FCC,-0.150755
UmVhY3Rpb246MzUwNTQx,CuFe,Cu6Fe6,101,hollow|A_B_B|HCP,-0.191909
UmVhY3Rpb246MzU2Njg1,CuGa,Cu6Ga6,101,hollow|A_B_B|FCC,1.439281
UmVhY3Rpb246MzU2Njg2,CuGa,Cu6Ga6,101,hollow|A_B_B|HCP,1.278784
UmVhY3Rpb246MzUwMzYy,CuHf,Cu6Hf6,101,4fold|A_A_B_B,-2.397110
UmVhY3Rpb246NDA2NzMy,CuHf,Cu6Hf6,101,bridge|B_B|A,-2.049891
UmVhY3Rpb246MzUwMzY1,CuHf,Cu6Hf6,101,hollow|A_B_B|HCP,-2.144793
UmVhY3Rpb246MzU3NTEz,CuIn,Cu6In6,101,hollow|A_A_B|HCP,1.182784
UmVhY3Rpb246MzU3NTE0,CuIn,Cu6In6,101,hollow|A_B_B|FCC,1.939548
UmVhY3Rpb246MzU3NTE1,CuIn,Cu6In6,101,hollow|A_B_B|HCP,1.809300
UmVhY3Rpb246MzUxNDI4,CuIr,Cu6Ir6,101,hollow|A_A_B|FCC,1.052140
UmVhY3Rpb246MzUxNDI5,CuIr,Cu6Ir6,101,hollow|A_A_B|HCP,0.834607
UmVhY3Rpb246MzUxNDMw,CuIr,Cu6Ir6,101,hollow|A_B_B|FCC,-0.178712
UmVhY3Rpb246MzUxNDMx,CuIr,Cu6Ir6,101,hollow|A_B_B|HCP,-0.129782
UmVhY3Rpb246MzUxNDMy,CuIr,Cu6Ir6,101,top-tilt|B,1.023156
UmVhY3Rpb246MzUyODI4,CuLa,Cu6La6,101,4fold|A_A_B_B,-1.449907
UmVhY3Rpb246NDA1NzY0,CuLa,Cu6La6,101,bridge|B_B|A,-0.923736
UmVhY3Rpb246MzUyODI5,CuLa,Cu6La6,101,hollow|A_B_B|FCC,-1.186794
UmVhY3Rpb246MzUyODMw,CuLa,Cu6La6,101,top|B,1.867878
UmVhY3Rpb246NDI3NjIz,CuMn,Cu6Mn6,101,bridge|A_A|B,0.417735
UmVhY3Rpb246NDI3NTc1,CuMn,Cu6Mn6,101,hollow|A_B_B|HCP,0.391741
UmVhY3Rpb246NDA5ODI4,CuMo,Cu6Mo6,101,bridge|B_B|A,-0.950384
UmVhY3Rpb246MzU1NTUz,CuMo,Cu6Mo6,101,hollow|A_A_B|FCC,-0.321947
UmVhY3Rpb246MzU1NTU0,CuMo,Cu6Mo6,101,hollow|A_A_B|HCP,0.000759
UmVhY3Rpb246MzU1NTU1,CuMo,Cu6Mo6,101,hollow|A_B_B|FCC,-0.989168
UmVhY3Rpb246MzU1NTU2,CuMo,Cu6Mo6,101,hollow|A_B_B|HCP,-1.198596
UmVhY3Rpb246MzUxNTU1,CuNb,Cu6Nb6,101,hollow|A_A_B|FCC,-0.308716
UmVhY3Rpb246MzUxNTU2,CuNb,Cu6Nb6,101,hollow|A_A_B|HCP,-0.090401
UmVhY3Rpb246MzUxNTU3,CuNb,Cu6Nb6,101,hollow|A_B_B|FCC,-1.265735
UmVhY3Rpb246MzUxNTU4,CuNb,Cu6Nb6,101,hollow|A_B_B|HCP,-1.331366
UmVhY3Rpb246MzU1NjEx,CuNi,Cu6Ni6,101,hollow|A_A_B|FCC,1.140894
UmVhY3Rpb246MzU1NjEy,CuNi,Cu6Ni6,101,hollow|A_A_B|HCP,1.195311
UmVhY3Rpb246MzU1NjEz,CuNi,Cu6Ni6,101,hollow|A_B_B|FCC,0.400823
UmVhY3Rpb246MzU1NjE0,CuNi,Cu6Ni6,101,hollow|A_B_B|HCP,0.406134
UmVhY3Rpb246MzU1MTA4,CuOs,Cu6Os6,101,hollow|A_A_B|FCC,0.775522
UmVhY3Rpb246MzU1MTA5,CuOs,Cu6Os6,101,hollow|A_A_B|HCP,0.423566
UmVhY3Rpb246MzU1MTEw,CuOs,Cu6Os6,101,hollow|A_B_B|FCC,-0.466721
UmVhY3Rpb246MzU1MTEy,CuOs,Cu6Os6,101,hollow|A_B_B|HCP,-0.280060
UmVhY3Rpb246MzU1MTE0,CuOs,Cu6Os6,101,top|B,0.341685
UmVhY3Rpb246NDI3NTc2,CuPb,Cu6Pb6,101,bridge|A_A|B,1.550686
UmVhY3Rpb246MzYwMDI5,CuPd,Cu6Pd6,101,4fold|A_A_B_B,1.225897
UmVhY3Rpb246NDI3NTc3,CuPd,Cu6Pd6,101,bridge|B_B|A,1.623642
UmVhY3Rpb246NDI4NDYy,CuPd,Cu6Pd6,101,hollow|A_A_B|HCP,1.591805
UmVhY3Rpb246MzYwMDMw,CuPd,Cu6Pd6,101,hollow|A_B_B|HCP,1.589250
UmVhY3Rpb246MzYwMDMx,CuPd,Cu6Pd6,101,top|A,3.720838
UmVhY3Rpb246MzYwMDMy,CuPd,Cu6Pd6,101,top|B,3.454566
UmVhY3Rpb246MzU4Nzk3,CuPt,Cu6Pt6,101,hollow|A_A_B|FCC,1.460438
UmVhY3Rpb246MzU4Nzk4,CuPt,Cu6Pt6,101,hollow|A_A_B|HCP,1.636472
UmVhY3Rpb246MzU4Nzk5,CuPt,Cu6Pt6,101,hollow|A_B_B|FCC,1.039414
UmVhY3Rpb246MzU4ODAw,CuPt,Cu6Pt6,101,hollow|A_B_B|HCP,0.973053
UmVhY3Rpb246MzU4ODAx,CuPt,Cu6Pt6,101,top|B,2.594599
UmVhY3Rpb246MzUyNDc0,CuRe,Cu6Re6,101,bridge|B_B|A,-1.079535
UmVhY3Rpb246MzUyNDc1,CuRe,Cu6Re6,101,hollow|A_A_B|FCC,0.001403
UmVhY3Rpb246MzUyNDc2,CuRe,Cu6Re6,101,hollow|A_B_B|FCC,-1.075729
UmVhY3Rpb246MzUyNDc3,CuRe,Cu6Re6,101,hollow|A_B_B|HCP,-1.034363
UmVhY3Rpb246MzUyNDc4,CuRe,Cu6Re6,101,top|B,-0.291358
UmVhY3Rpb246NDIxMDc1,CuRh,Cu6Rh6,101,bridge|B_B|A,0.251942
UmVhY3Rpb246MzU0MDkz,CuRh,Cu6Rh6,101,hollow|A_A_B|FCC,1.088558
UmVhY3Rpb246MzU0MDk0,CuRh,Cu6Rh6,101,hollow|A_A_B|HCP,1.000090
UmVhY3Rpb246MzU0MDk1,CuRh,Cu6Rh6,101,hollow|A_B_B|FCC,0.107106
UmVhY3Rpb246MzU0MDk2,CuRh,Cu6Rh6,101,hollow|A_B_B|HCP,0.113712
UmVhY3Rpb246MzU2NTgz,CuRu,Cu6Ru6,101,hollow|A_A_B|FCC,0.833160
UmVhY3Rpb246MzU2NTg0,CuRu,Cu6Ru6,101,hollow|A_A_B|HCP,0.678965
UmVhY3Rpb246MzU2NTg1,CuRu,Cu6Ru6,101,hollow|A_B_B|FCC,-0.226603
UmVhY3Rpb246MzU2NTg2,CuRu,Cu6Ru6,101,hollow|A_B_B|HCP,-0.130786
UmVhY3Rpb246MzU2NTg3,CuRu,Cu6Ru6,101,top|B,0.734615
UmVhY3Rpb246MzUwNDcx,CuSc,Cu6Sc6,101,4fold|A_A_B_B,-1.968461
UmVhY3Rpb246NDA2MDY2,CuSc,Cu6Sc6,101,bridge|B_B|A,-1.061738
UmVhY3Rpb246MzUwNDcz,CuSc,Cu6Sc6,101,hollow|A_B_B|HCP,-1.352565
UmVhY3Rpb246MzU4NTQ5,CuSn,Cu6Sn6,101,hollow|A_A_B|HCP,1.297278
UmVhY3Rpb246NDI3NTc4,CuSn,Cu6Sn6,101,hollow|A_B_B|FCC,1.796153
UmVhY3Rpb246MzUzNTQ2,CuTa,Cu6Ta6,101,hollow|A_A_B|FCC,-0.346081
UmVhY3Rpb246MzUzNTQ4,CuTa,Cu6Ta6,101,hollow|A_A_B|HCP,-0.187725
UmVhY3Rpb246MzUzNTQ5,CuTa,Cu6Ta6,101,hollow|A_B_B|FCC,-1.703081
UmVhY3Rpb246MzUzNTUw,CuTa,Cu6Ta6,101,hollow|A_B_B|HCP,-1.701522
UmVhY3Rpb246NDExMjIw,CuTc,Cu6Tc6,101,bridge|B_B|A,-0.628847
UmVhY3Rpb246NDExMjIx,CuTc,Cu6Tc6,101,hollow|A_A_B|FCC,0.226294
UmVhY3Rpb246NDExMjI2,CuTc,Cu6Tc6,101,hollow|A_A_B|HCP,0.325240
UmVhY3Rpb246NDExMjMw,CuTc,Cu6Tc6,101,hollow|A_B_B|FCC,-0.652960
UmVhY3Rpb246NDExMjM1,CuTc,Cu6Tc6,101,hollow|A_B_B|HCP,-0.710449
UmVhY3Rpb246NDA2OTky,CuTi,Cu6Ti6,101,bridge|A_A|B,-0.437364
UmVhY3Rpb246MzU4NDkx,CuTi,Cu6Ti6,101,hollow|A_A_B|FCC,-0.430935
UmVhY3Rpb246MzU4NDky,CuTi,Cu6Ti6,101,hollow|A_A_B|HCP,-0.200861
UmVhY3Rpb246MzU4NDkz,CuTi,Cu6Ti6,101,hollow|A_B_B|FCC,-1.576001
UmVhY3Rpb246MzU4NDk0,CuTi,Cu6Ti6,101,hollow|A_B_B|HCP,-1.693893
UmVhY3Rpb246NDA4NTI2,CuV,Cu6V6,101,hollow|A_A_B|FCC,-0.472477
UmVhY3Rpb246NDA4NTI3,CuV,Cu6V6,101,hollow|A_A_B|HCP,-0.298694
UmVhY3Rpb246NDA4NTI4,CuV,Cu6V6,101,hollow|A_B_B|FCC,-1.235938
UmVhY3Rpb246NDA4NTI5,CuV,Cu6V6,101,hollow|A_B_B|HCP,-1.325870
UmVhY3Rpb246NDEwMTM0,CuW,Cu6W6,101,bridge|B_B|A,-1.378580
UmVhY3Rpb246MzUxNzI2,CuW,Cu6W6,101,hollow|A_A_B|FCC,-0.358395
UmVhY3Rpb246MzUxNzI3,CuW,Cu6W6,101,hollow|A_A_B|HCP,-0.185824
UmVhY3Rpb246MzUxNzI4,CuW,Cu6W6,101,hollow|A_B_B|FCC,-1.396397
UmVhY3Rpb246MzUxNzI5,CuW,Cu6W6,101,hollow|A_B_B|HCP,-1.464844
UmVhY3Rpb246MzU2Mjcy,CuY,Cu6Y6,101,4fold|A_A_B_B,-1.705597
UmVhY3Rpb246NDA1NTcz,CuY,Cu6Y6,101,bridge|B_B|A,-0.650604
UmVhY3Rpb246MzU2Mjcz,CuY,Cu6Y6,101,hollow|A_B_B|FCC,-1.099660
UmVhY3Rpb246MzU3NzE1,CuZn,Cu6Zn6,101,bridge|A_A|B,1.706755
UmVhY3Rpb246MzU3NzE2,CuZn,Cu6Zn6,101,hollow|A_B_B|FCC,1.689839
UmVhY3Rpb246MzU3NzE3,CuZn,Cu6Zn6,101,hollow|A_B_B|HCP,1.770064
UmVhY3Rpb246MzUwOTYz,CuZr,Cu6Zr6,101,4fold|A_A_B_B,-2.321720
UmVhY3Rpb246MzUwOTY0,CuZr,Cu6Zr6,101,hollow|A_B_B|HCP,-1.945068
UmVhY3Rpb246MzUwOTY1,CuZr,Cu6Zr6,101,top|A,2.127928
UmVhY3Rpb246MzUwOTY2,CuZr,Cu6Zr6,101,top|B,0.992023
UmVhY3Rpb246NDI3NTk2,Fe,Fe12,111,hollow|A_A_A|HCP,-1.496760
UmVhY3Rpb246NDI3NTc5,Fe3Ag,Ag3Fe9,111,hollow|A_A_A|HCP,-0.440284
UmVhY3Rpb246NDI3NTgw,Fe3Al,Al3Fe9,111,hollow|A_A_A|FCC,-0.583024
UmVhY3Rpb246NDI3NTgx,Fe3Al,Al3Fe9,111,hollow|A_A_A|HCP,-0.649122
UmVhY3Rpb246NDI3NTgy,Fe3Al,Al3Fe9,111,hollow|A_A_B|FCC,-0.189432
UmVhY3Rpb246NDI3NTgz,Fe3Cd,Cd3Fe9,111,hollow|A_A_A|HCP,-0.443174
UmVhY3Rpb246NDI3NTg0,Fe3Cu,Cu3Fe9,111,hollow|A_A_A|FCC,-0.322270
UmVhY3Rpb246NDI3NTg1,Fe3Cu,Cu3Fe9,111,hollow|A_A_A|HCP,-0.469739
UmVhY3Rpb246NDI3NTg2,Fe3Ga,Fe9Ga3,111,hollow|A_A_A|FCC,-0.403914
UmVhY3Rpb246NDI3NTg3,Fe3Ga,Fe9Ga3,111,hollow|A_A_A|HCP,-0.413401
UmVhY3Rpb246MzQ3MzQx,Fe3Hf,Fe9Hf3,111,hollow|A_A_B|FCC,-1.131389
UmVhY3Rpb246NDAwNTUw,Fe3Hf,Fe9Hf3,111,hollow|A_A_B|HCP,-0.919602
UmVhY3Rpb246NDAwNTUx,Fe3Hf,Fe9Hf3,111,top|B,2.642985
UmVhY3Rpb246NDAwNTE4,Fe3La,Fe9La3,111,hollow|A_A_A|HCP,-1.150107
UmVhY3Rpb246NDAwNjAw,Fe3Mo,Fe9Mo3,111,hollow|A_A_B|FCC,-1.032415
UmVhY3Rpb246NDAwNjAx,Fe3Mo,Fe9Mo3,111,hollow|A_A_B|HCP,-1.011380
UmVhY3Rpb246MzQyNjE2,Fe3Nb,Fe9Nb3,111,hollow|A_A_B|FCC,-1.129063
UmVhY3Rpb246NDAwNTgy,Fe3Nb,Fe9Nb3,111,hollow|A_A_B|HCP,-0.994932
UmVhY3Rpb246NDAwNTI5,Fe3Sc,Fe9Sc3,111,bridge|A_A|B,-1.045406
UmVhY3Rpb246NDAwNTMw,Fe3Sc,Fe9Sc3,111,hollow|A_A_A|FCC,-1.059060
UmVhY3Rpb246NDI3NTg4,Fe3Sn,Fe9Sn3,111,hollow|A_A_A|FCC,0.205125
UmVhY3Rpb246MzYwNTky,Fe3Sn,Fe9Sn3,111,top|A,1.691911
UmVhY3Rpb246MzYwNTkz,Fe3Sn,Fe9Sn3,111,top|B,4.480766
UmVhY3Rpb246MzQwMjM1,Fe3Ta,Fe9Ta3,111,hollow|A_A_B|FCC,-1.198717
UmVhY3Rpb246NDAwNTcy,Fe3Ta,Fe9Ta3,111,hollow|A_A_B|HCP,-1.032545
UmVhY3Rpb246NDAwNTcz,Fe3Ta,Fe9Ta3,111,top|B,1.306846
UmVhY3Rpb246NDAwNTYx,Fe3Ti,Fe9Ti3,111,hollow|A_A_B|FCC,-1.132257
UmVhY3Rpb246NDAwNTYy,Fe3Ti,Fe9Ti3,111,hollow|A_A_B|HCP,-1.035642
UmVhY3Rpb246NDI3NTg5,Fe3Tl,Fe9Tl3,111,hollow|A_A_A|FCC,-0.026966
UmVhY3Rpb246NDI3NTkw,Fe3Tl,Fe9Tl3,111,hollow|A_A_A|HCP,0.045526
UmVhY3Rpb246NDAwNTkw,Fe3V,Fe9V3,111,hollow|A_A_B|FCC,-1.109445
UmVhY3Rpb246NDAwNTkx,Fe3V,Fe9V3,111,hollow|A_A_B|HCP,-1.014132
UmVhY3Rpb246NDAwNjEx,Fe3W,Fe9W3,111,hollow|A_A_B|FCC,-1.105554
UmVhY3Rpb246NDAwNjEy,Fe3W,Fe9W3,111,hollow|A_A_B|HCP,-1.061985
UmVhY3Rpb246MzYwNjQ0,Fe3W,Fe9W3,111,top|B,0.553682
UmVhY3Rpb246NDAwNTA4,Fe3Y,Fe9Y3,111,hollow|A_A_A|HCP,-1.292431
UmVhY3Rpb246NDI3NTkx,Fe3Zn,Fe9Zn3,111,hollow|A_A_A|FCC,-0.447605
UmVhY3Rpb246NDI3NTky,Fe3Zn,Fe9Zn3,111,hollow|A_A_A|HCP,-0.651242
UmVhY3Rpb246NDAwNTM5,Fe3Zr,Fe9Zr3,111,bridge|A_A|B,-1.088824
UmVhY3Rpb246MzQ0Njk4,Fe3Zr,Fe9Zr3,111,hollow|A_A_A|HCP,-1.177376
UmVhY3Rpb246NDAwNTQw,Fe3Zr,Fe9Zr3,111,hollow|A_A_B|HCP,-0.900776
UmVhY3Rpb246MzU0MzIw,Fe3Zr,Fe9Zr3,111,top|B,2.619195
UmVhY3Rpb246MzU3Mzgz,FeGa,Fe6Ga6,101,hollow|A_B_B|FCC,1.061338
UmVhY3Rpb246MzU3Mzg0,FeGa,Fe6Ga6,101,hollow|A_B_B|HCP,1.081571
UmVhY3Rpb246MzU3NDY3,FeHf,Fe6Hf6,101,4fold|A_A_B_B,-2.296258
UmVhY3Rpb246MzU3NDY4,FeHf,Fe6Hf6,101,hollow|A_B_B|FCC,-1.621382
UmVhY3Rpb246MzU3NDY5,FeHf,Fe6Hf6,101,top|A,0.419718
UmVhY3Rpb246MzU3NDcw,FeHf,Fe6Hf6,101,top|B,2.159313
UmVhY3Rpb246MzU4MjQx,FeHg,Fe6Hg6,101,hollow-tilt|A_B_B|FCC,1.547837
UmVhY3Rpb246MzU4MjQy,FeHg,Fe6Hg6,101,top|A,1.556897
UmVhY3Rpb246MzUxMDk4,FeIn,Fe6In6,101,hollow-tilt|A_B_B|HCP,1.260092
UmVhY3Rpb246NDI3NTk1,FeIn,Fe6In6,101,hollow|A_B_B|FCC,1.283370
UmVhY3Rpb246MzU2MTM3,FeIr,Fe6Ir6,101,hollow|A_A_B|FCC,-0.001897
UmVhY3Rpb246MzU2MTM4,FeIr,Fe6Ir6,101,hollow|A_A_B|HCP,-0.041568
UmVhY3Rpb246MzU2MTM5,FeIr,Fe6Ir6,101,hollow|A_B_B|FCC,-0.035728
UmVhY3Rpb246MzU2MTQw,FeIr,Fe6Ir6,101,hollow|A_B_B|HCP,-0.238106
UmVhY3Rpb246MzU2MTQx,FeIr,Fe6Ir6,101,top|B,1.264714
UmVhY3Rpb246MzU1MjU3,FeLa,Fe6La6,101,bridge|A_A|B,-1.883553
UmVhY3Rpb246MzU1MjU4,FeLa,Fe6La6,101,hollow-tilt|A_B_B|FCC,-1.272412
UmVhY3Rpb246NDI4Mjg1,FeNb,Fe6Nb6,101,4fold|A_A_B_B,-2.122765
UmVhY3Rpb246NDI4Mjg2,FeNb,Fe6Nb6,101,bridge|B_B|A,-1.521891
UmVhY3Rpb246NDI4NDYz,FeNb,Fe6Nb6,101,hollow|A_A_B|FCC,-2.028143
UmVhY3Rpb246MzU4OTM0,FeNi,Fe6Ni6,101,hollow|A_A_B|FCC,-0.055920
UmVhY3Rpb246MzU4OTM1,FeNi,Fe6Ni6,101,hollow|A_A_B|HCP,-0.096054
UmVhY3Rpb246MzU4OTM2,FeNi,Fe6Ni6,101,hollow|A_B_B|FCC,0.164885
UmVhY3Rpb246MzU4OTM3,FeNi,Fe6Ni6,101,hollow|A_B_B|HCP,0.116389
UmVhY3Rpb246MzU4NDU3,FeOs,Fe6Os6,101,hollow|A_A_B|FCC,-0.215061
UmVhY3Rpb246MzU4NDU4,FeOs,Fe6Os6,101,hollow|A_A_B|HCP,-0.541240
UmVhY3Rpb246MzU4NDU5,FeOs,Fe6Os6,101,hollow|A_B_B|FCC,-0.643018
UmVhY3Rpb246MzU4NDYw,FeOs,Fe6Os6,101,hollow|A_B_B|HCP,-0.925659
UmVhY3Rpb246MzUyNzQx,FePb,Fe6Pb6,101,bridge|A_A|B,0.599734
UmVhY3Rpb246MzU5Njc3,FePd,Fe6Pd6,101,hollow|A_A_B|FCC,0.369624
UmVhY3Rpb246MzU5Njc4,FePd,Fe6Pd6,101,hollow|A_A_B|HCP,0.330635
UmVhY3Rpb246MzU5Njc5,FePd,Fe6Pd6,101,hollow|A_B_B|FCC,0.896169
UmVhY3Rpb246MzU5Njgw,FePd,Fe6Pd6,101,hollow|A_B_B|HCP,0.870477
UmVhY3Rpb246MzUyMDkz,FePt,Fe6Pt6,101,hollow|A_A_B|FCC,0.457348
UmVhY3Rpb246MzUyMDk0,FePt,Fe6Pt6,101,hollow|A_A_B|HCP,0.596461
UmVhY3Rpb246MzUyMDk1,FePt,Fe6Pt6,101,hollow|A_B_B|FCC,0.973950
UmVhY3Rpb246MzUyMDk2,FePt,Fe6Pt6,101,hollow|A_B_B|HCP,0.836593
UmVhY3Rpb246MzUzMzg1,FeRh,Fe6Rh6,101,hollow|A_A_B|HCP,0.865450
UmVhY3Rpb246NDE2MDU2,FeRu,Fe6Ru6,101,hollow|A_A_B|FCC,-0.328070
UmVhY3Rpb246NDI3NTk3,FeRu,Fe6Ru6,101,hollow|A_A_B|HCP,-0.591353
UmVhY3Rpb246NDE2MDY1,FeRu,Fe6Ru6,101,hollow|A_B_B|FCC,-0.549283
UmVhY3Rpb246NDE2MDcx,FeRu,Fe6Ru6,101,hollow|A_B_B|HCP,-0.788138
UmVhY3Rpb246NDI4NDY0,FeSc,Fe6Sc6,101,4fold|A_A_B_B,-2.343599
UmVhY3Rpb246NDI4NDY1,FeSc,Fe6Sc6,101,hollow|A_A_B|FCC,-1.327173
UmVhY3Rpb246NDI4NDY2,FeSc,Fe6Sc6,101,hollow|A_B_B|FCC,-1.327725
UmVhY3Rpb246MzU4NDA0,FeSn,Fe6Sn6,101,hollow-tilt|A_B_B|HCP,1.308803
UmVhY3Rpb246MzU4NDAz,FeSn,Fe6Sn6,101,hollow|A_A_B|HCP,0.524963
UmVhY3Rpb246MzU2MjM3,FeTa,Fe6Ta6,101,4fold|A_A_B_B,-1.978299
UmVhY3Rpb246NDA3MTgz,FeTa,Fe6Ta6,101,bridge|B_B|A,-1.731213
UmVhY3Rpb246MzU2MjM4,FeTa,Fe6Ta6,101,hollow|A_B_B|FCC,-2.127941
UmVhY3Rpb246MzUxMTYw,FeTc,Fe6Tc6,101,hollow|A_A_B|FCC,-0.699082
UmVhY3Rpb246MzUxMTYx,FeTc,Fe6Tc6,101,hollow|A_B_B|FCC,-0.877177
UmVhY3Rpb246NDI4NDY3,FeTi,Fe6Ti6,101,4fold|A_A_B_B,-1.952905
UmVhY3Rpb246NDI4NDY4,FeTi,Fe6Ti6,101,bridge|A_A|B,-1.201515
UmVhY3Rpb246NDI4NDY5,FeTi,Fe6Ti6,101,hollow|A_A_B|FCC,-1.490286
UmVhY3Rpb246NDI4NDcw,FeTi,Fe6Ti6,101,hollow|A_B_B|FCC,-1.490709
UmVhY3Rpb246NDI4NDcx,FeV,Fe6V6,101,4fold|A_A_B_B,-1.736452
UmVhY3Rpb246NDI4NDcy,FeV,Fe6V6,101,hollow|A_A_B|FCC,-2.145308
UmVhY3Rpb246NDI4NDcz,FeV,Fe6V6,101,hollow|A_B_B|FCC,-2.165202
UmVhY3Rpb246NDI3NTk4,FeW,Fe6W6,101,hollow|A_A_B|FCC,-1.118342
UmVhY3Rpb246NDI3NTk5,FeW,Fe6W6,101,hollow|A_B_B|FCC,-1.479595
UmVhY3Rpb246NDI4NDc0,FeY,Fe6Y6,101,4fold|A_A_B_B,-1.004813
UmVhY3Rpb246MzU5OTMz,FeY,Fe6Y6,101,bridge|A_A|B,-2.374253
UmVhY3Rpb246NDI4NDc1,FeY,Fe6Y6,101,bridge|B_B|A,-2.375034
UmVhY3Rpb246NDI4NDc2,FeY,Fe6Y6,101,hollow|A_A_B|FCC,-1.499523
UmVhY3Rpb246MzU5OTM0,FeY,Fe6Y6,101,hollow|A_B_B|FCC,-1.496469
UmVhY3Rpb246NDI3NjAw,FeZn,Fe6Zn6,101,bridge|A_A|B,-0.027304
UmVhY3Rpb246NDI3NjAx,FeZn,Fe6Zn6,101,hollow|A_A_B|FCC,-0.026617
UmVhY3Rpb246MzU3Njk3,FeZn,Fe6Zn6,101,hollow|A_A_B|HCP,-0.002456
UmVhY3Rpb246NDI3NjAy,FeZn,Fe6Zn6,101,hollow|A_B_B|FCC,0.688183
UmVhY3Rpb246MzU3Njk4,FeZn,Fe6Zn6,101,hollow|A_B_B|HCP,0.754869
UmVhY3Rpb246MzU5MzU0,FeZr,Fe6Zr6,101,4fold|A_A_B_B,-2.272458
UmVhY3Rpb246MzU5MzU1,FeZr,Fe6Zr6,101,bridge|A_A|B,-2.272586
UmVhY3Rpb246MzU5MzU2,FeZr,Fe6Zr6,101,hollow|A_B_B|FCC,-1.583578
UmVhY3Rpb246MzU5MzU3,FeZr,Fe6Zr6,101,top|B,1.973511
UmVhY3Rpb246MzM5MDk2,Ga,Ga12,111,hollow|A_A_A|FCC,1.011756
UmVhY3Rpb246MzM5MDk3,Ga,Ga12,111,hollow|A_A_A|HCP,1.029165
UmVhY3Rpb246NDI3NjAz,Ga,Ga12,111,top|A,3.115292
UmVhY3Rpb246MzQ1ODIx,Ga3Ag,Ag3Ga9,111,hollow|A_A_A|FCC,1.029574
UmVhY3Rpb246MzQ1ODIy,Ga3Ag,Ag3Ga9,111,hollow|A_A_A|HCP,0.835870
UmVhY3Rpb246MzQ1ODIz,Ga3Ag,Ag3Ga9,111,hollow|A_A_B|FCC,1.511649
UmVhY3Rpb246NDAzNzgz,Ga3Ag,Ag3Ga9,111,hollow|A_A_B|HCP,1.393487
UmVhY3Rpb246MzQyMTUz,Ga3Al,Al3Ga9,111,hollow|A_A_A|FCC,1.057115
UmVhY3Rpb246MzQyMTU0,Ga3Al,Al3Ga9,111,hollow|A_A_A|HCP,1.364188
UmVhY3Rpb246MzQyMTU1,Ga3Al,Al3Ga9,111,hollow|A_A_B|FCC,0.303436
UmVhY3Rpb246MzQyMTU2,Ga3Al,Al3Ga9,111,hollow|A_A_B|HCP,0.373854
UmVhY3Rpb246MzQ3MTY5,Ga3Au,Au3Ga9,111,hollow|A_A_A|FCC,1.041226
UmVhY3Rpb246MzQ3MTcw,Ga3Au,Au3Ga9,111,hollow|A_A_A|HCP,0.989526
UmVhY3Rpb246MzQ3MTcx,Ga3Au,Au3Ga9,111,hollow|A_A_B|FCC,1.615786
UmVhY3Rpb246MzQ2NjQ3,Ga3Cd,Cd3Ga9,111,hollow|A_A_A|FCC,0.974291
UmVhY3Rpb246MzQ2NjQ4,Ga3Cd,Cd3Ga9,111,hollow|A_A_B|FCC,1.227278
UmVhY3Rpb246MzQ2NjQ5,Ga3Cd,Cd3Ga9,111,hollow|A_A_B|HCP,1.101969
UmVhY3Rpb246NDAzNTk5,Ga3Cr,Cr3Ga9,111,hollow|A_A_A|HCP,1.497790
UmVhY3Rpb246NDAzNjAw,Ga3Cr,Cr3Ga9,111,hollow|A_A_B|HCP,0.401075
UmVhY3Rpb246NDAzODA1,Ga3Cu,Cu3Ga9,111,hollow|A_A_A|HCP,1.006329
UmVhY3Rpb246NDAzODA2,Ga3Cu,Cu3Ga9,111,hollow|A_A_B|HCP,0.918937
UmVhY3Rpb246NDAzNTU3,Ga3Hf,Ga9Hf3,111,hollow|A_A_B|FCC,-0.179324
UmVhY3Rpb246NDAzODMx,Ga3Hg,Ga9Hg3,111,hollow|A_A_A|FCC,0.856797
UmVhY3Rpb246MzQ5MDY5,Ga3In,Ga9In3,111,hollow|A_A_A|FCC,1.042762
UmVhY3Rpb246MzQ5MDcw,Ga3In,Ga9In3,111,hollow|A_A_A|HCP,1.002213
UmVhY3Rpb246MzQ5MDcx,Ga3In,Ga9In3,111,hollow|A_A_B|FCC,1.173208
UmVhY3Rpb246MzQ5MDcy,Ga3In,Ga9In3,111,hollow|A_A_B|HCP,1.229266
UmVhY3Rpb246MzQyNjM2,Ga3La,Ga9La3,111,hollow|A_A_A|FCC,0.515403
UmVhY3Rpb246MzQyNjM3,Ga3La,Ga9La3,111,hollow|A_A_A|HCP,0.458250
UmVhY3Rpb246MzQyNjM4,Ga3La,Ga9La3,111,hollow|A_A_B|HCP,0.132628
UmVhY3Rpb246NDAzNTM5,Ga3La,Ga9La3,111,top|B,3.386625
UmVhY3Rpb246NDAzNzI2,Ga3Mn,Ga9Mn3,111,hollow|A_A_B|FCC,0.601680
UmVhY3Rpb246NDAzNzI3,Ga3Mn,Ga9Mn3,111,hollow|A_A_B|HCP,0.490511
UmVhY3Rpb246MzQ0MTY3,Ga3Mo,Ga9Mo3,111,hollow|A_A_A|HCP,1.386748
UmVhY3Rpb246NDAzNjA2,Ga3Mo,Ga9Mo3,111,hollow|A_A_B|FCC,0.833927
UmVhY3Rpb246NDAzNTc5,Ga3Nb,Ga9Nb3,111,hollow|A_A_B|FCC,0.448135
UmVhY3Rpb246NDAzNTgw,Ga3Nb,Ga9Nb3,111,hollow|A_A_B|HCP,0.409235
UmVhY3Rpb246NDAzNzA3,Ga3Ni,Ga9Ni3,111,hollow|A_A_A|HCP,1.113171
UmVhY3Rpb246NDAzNzA4,Ga3Ni,Ga9Ni3,111,hollow|A_A_B|HCP,0.931452
UmVhY3Rpb246MzQyMTI4,Ga3Os,Ga9Os3,111,hollow|A_A_A|HCP,0.995561
UmVhY3Rpb246MzQ3ODk2,Ga3Pb,Ga9Pb3,111,hollow|A_A_A|FCC,1.099019
UmVhY3Rpb246MzQ3ODk3,Ga3Pb,Ga9Pb3,111,hollow|A_A_A|HCP,1.194757
UmVhY3Rpb246MzQ3ODk4,Ga3Pb,Ga9Pb3,111,hollow|A_A_B|FCC,1.262916
UmVhY3Rpb246MzQ3ODk5,Ga3Pb,Ga9Pb3,111,hollow|A_A_B|HCP,1.489257
UmVhY3Rpb246MzQ3NDA3,Ga3Pd,Ga9Pd3,111,hollow|A_A_A|FCC,1.185062
UmVhY3Rpb246MzQ3NDA4,Ga3Pd,Ga9Pd3,111,hollow|A_A_A|HCP,0.990443
UmVhY3Rpb246MzQ3NDA5,Ga3Pd,Ga9Pd3,111,hollow|A_A_B|HCP,1.492443
UmVhY3Rpb246MzQ1Mjcx,Ga3Pt,Ga9Pt3,111,hollow|A_A_A|FCC,1.131997
UmVhY3Rpb246MzQ1Mjcy,Ga3Pt,Ga9Pt3,111,hollow|A_A_A|HCP,1.126810
UmVhY3Rpb246MzQ1Mjcz,Ga3Pt,Ga9Pt3,111,hollow|A_A_B|HCP,1.283339
UmVhY3Rpb246NDAzNjIy,Ga3Re,Ga9Re3,111,hollow|A_A_B|FCC,0.673484
UmVhY3Rpb246NDAzNjg3,Ga3Rh,Ga9Rh3,111,hollow|A_A_A|HCP,0.967364
UmVhY3Rpb246MzQ0NDMy,Ga3Ru,Ga9Ru3,111,hollow|A_A_A|FCC,1.005333
UmVhY3Rpb246MzQ0NDMz,Ga3Ru,Ga9Ru3,111,hollow|A_A_A|HCP,1.032680
UmVhY3Rpb246NDAzOTAz,Ga3Sn,Ga9Sn3,111,hollow|A_A_B|FCC,1.107030
UmVhY3Rpb246NDAzOTA0,Ga3Sn,Ga9Sn3,111,hollow|A_A_B|HCP,1.400659
UmVhY3Rpb246MzQxOTk0,Ga3Ta,Ga9Ta3,111,hollow|A_A_A|HCP,1.981778
UmVhY3Rpb246MzQxOTk1,Ga3Ta,Ga9Ta3,111,hollow|A_A_B|FCC,0.113722
UmVhY3Rpb246MzQxOTk2,Ga3Ta,Ga9Ta3,111,hollow|A_A_B|HCP,0.081379
UmVhY3Rpb246MzQyNDc1,Ga3Tc,Ga9Tc3,111,hollow|A_A_A|FCC,1.303427
UmVhY3Rpb246NDAzNjI4,Ga3Tc,Ga9Tc3,111,hollow|A_A_A|HCP,1.142197
UmVhY3Rpb246NDAzNjI5,Ga3Tc,Ga9Tc3,111,hollow|A_A_B|FCC,0.975997
UmVhY3Rpb246MzQ3NjIy,Ga3Ti,Ga9Ti3,111,hollow|A_A_A|HCP,1.854927
UmVhY3Rpb246MzQ3NjIz,Ga3Ti,Ga9Ti3,111,hollow|A_A_B|FCC,-0.017852
UmVhY3Rpb246NDAzNTY4,Ga3Ti,Ga9Ti3,111,hollow|A_A_B|HCP,-0.073399
UmVhY3Rpb246NDAzODYx,Ga3Tl,Ga9Tl3,111,hollow|A_A_A|FCC,0.952740
UmVhY3Rpb246MzQzNDM2,Ga3Tl,Ga9Tl3,111,hollow|A_A_A|HCP,0.858090
UmVhY3Rpb246MzQ1NzQ1,Ga3V,Ga9V3,111,hollow|A_A_A|FCC,1.893611
UmVhY3Rpb246NDAzNTg4,Ga3V,Ga9V3,111,hollow|A_A_B|FCC,0.298067
UmVhY3Rpb246NDAzNTg5,Ga3V,Ga9V3,111,hollow|A_A_B|HCP,0.275738
UmVhY3Rpb246NDAzNTkw,Ga3V,Ga9V3,111,top|B,0.900757
UmVhY3Rpb246NDAzNjEz,Ga3W,Ga9W3,111,hollow|A_A_B|FCC,0.520269
UmVhY3Rpb246NDAzNjE0,Ga3W,Ga9W3,111,hollow|A_A_B|HCP,0.259737
UmVhY3Rpb246MzQ1NTUw,Ga3Y,Ga9Y3,111,hollow|A_A_A|FCC,1.044903
UmVhY3Rpb246MzU0ODIy,Ga3Y,Ga9Y3,111,top|B,3.552780
UmVhY3Rpb246NDAzODE5,Ga3Zn,Ga9Zn3,111,hollow|A_A_B|FCC,0.947475
UmVhY3Rpb246NDAzODIw,Ga3Zn,Ga9Zn3,111,hollow|A_A_B|HCP,0.735457
UmVhY3Rpb246MzQyMTM3,Ga3Zr,Ga9Zr3,111,hollow|A_A_A|FCC,1.751142
UmVhY3Rpb246MzQyMTM4,Ga3Zr,Ga9Zr3,111,hollow|A_A_B|FCC,0.035046
UmVhY3Rpb246MzQyMTM5,Ga3Zr,Ga9Zr3,111,hollow|A_A_B|HCP,-0.034136
UmVhY3Rpb246MzQ5MzA0,Ga3Zr,Ga9Zr3,111,top|B,2.428308
UmVhY3Rpb246MzU2NzM5,GaHf,Ga6Hf6,101,hollow|A_A_B|FCC,0.162802
UmVhY3Rpb246MzU2NzQw,GaHf,Ga6Hf6,101,hollow|A_A_B|HCP,0.286484
UmVhY3Rpb246MzU2NzQx,GaHf,Ga6Hf6,101,hollow|A_B_B|FCC,-1.581891
UmVhY3Rpb246MzU2NzQy,GaHf,Ga6Hf6,101,hollow|A_B_B|HCP,-1.578942
UmVhY3Rpb246MzU0ODcy,GaIn,Ga6In6,101,hollow|A_A_B|FCC,1.137923
UmVhY3Rpb246MzU0ODcz,GaIn,Ga6In6,101,hollow|A_B_B|FCC,1.455135
UmVhY3Rpb246MzU0ODc0,GaIn,Ga6In6,101,hollow|A_B_B|HCP,1.442983
UmVhY3Rpb246MzU1Mzgz,GaIr,Ga6Ir6,101,hollow|A_A_B|HCP,1.439061
UmVhY3Rpb246MzU1Mzg0,GaIr,Ga6Ir6,101,hollow|A_B_B|FCC,1.020703
UmVhY3Rpb246NDE5NDQz,GaIr,Ga6Ir6,101,hollow|A_B_B|HCP,1.438683
UmVhY3Rpb246MzU1Njcy,GaLa,Ga6La6,101,bridge|A_A|B,-1.503859
UmVhY3Rpb246MzU1Njcz,GaLa,Ga6La6,101,bridge|B_B|B,-1.492141
UmVhY3Rpb246MzU1Njc0,GaLa,Ga6La6,101,hollow|A_B_B|FCC,-1.370887
UmVhY3Rpb246MzU5OTkx,GaMn,Ga6Mn6,101,hollow|A_A_B|FCC,0.860488
UmVhY3Rpb246MzU5OTky,GaMn,Ga6Mn6,101,hollow|A_A_B|HCP,0.927208
UmVhY3Rpb246NDI4NDc3,GaMn,Ga6Mn6,101,hollow|A_B_B|FCC,0.859938
UmVhY3Rpb246MzU5OTkz,GaMn,Ga6Mn6,101,hollow|A_B_B|HCP,0.054443
UmVhY3Rpb246MzU2NDQ2,GaMo,Ga6Mo6,101,hollow|A_A_B|FCC,0.563001
UmVhY3Rpb246MzU2NDQ3,GaMo,Ga6Mo6,101,hollow|A_B_B|FCC,-0.504791
UmVhY3Rpb246MzU2NDQ4,GaMo,Ga6Mo6,101,hollow|A_B_B|HCP,-0.480998
UmVhY3Rpb246MzU2NDQ5,GaMo,Ga6Mo6,101,top|B,-0.078680
UmVhY3Rpb246MzU2Mzc1,GaNb,Ga6Nb6,101,hollow|A_A_B|FCC,0.458116
UmVhY3Rpb246MzU2Mzc2,GaNb,Ga6Nb6,101,hollow|A_A_B|HCP,0.298890
UmVhY3Rpb246MzU2Mzc3,GaNb,Ga6Nb6,101,hollow|A_B_B|FCC,-0.881209
UmVhY3Rpb246MzU2Mzc4,GaNb,Ga6Nb6,101,hollow|A_B_B|HCP,-0.812307
UmVhY3Rpb246NDEzNTQz,GaOs,Ga6Os6,101,4fold|A_A_B_B,1.412183
UmVhY3Rpb246NDEzNTQ3,GaOs,Ga6Os6,101,bridge|B_B|A,0.219946
UmVhY3Rpb246MzUzNDM5,GaOs,Ga6Os6,101,hollow|A_B_B|FCC,-0.070835
UmVhY3Rpb246MzUzNDQw,GaOs,Ga6Os6,101,top|A,4.176637
UmVhY3Rpb246MzUzNDQx,GaOs,Ga6Os6,101,top|B,0.491419
UmVhY3Rpb246MzU4NjAw,GaPd,Ga6Pd6,101,hollow|A_A_B|FCC,1.550715
UmVhY3Rpb246MzU4NjAx,GaPd,Ga6Pd6,101,top|B,4.328592
UmVhY3Rpb246MzU3OTY2,GaPt,Ga6Pt6,101,hollow|A_A_B|FCC,1.396966
UmVhY3Rpb246MzUyMjY0,GaRe,Ga6Re6,101,top|B,-0.175562
UmVhY3Rpb246NDIxNDY5,GaRh,Ga6Rh6,101,bridge|A_A|B,1.702202
UmVhY3Rpb246NDIxNDcw,GaRh,Ga6Rh6,101,bridge|B_B|A,2.254033
UmVhY3Rpb246MzQ5Nzcz,GaRh,Ga6Rh6,101,hollow|A_A_B|HCP,1.588282
UmVhY3Rpb246NDA2MTMw,GaSc,Ga6Sc6,101,hollow|A_B_B|HCP,-1.269797
UmVhY3Rpb246MzUyMzc1,GaTa,Ga6Ta6,101,hollow|A_A_B|FCC,0.391535
UmVhY3Rpb246MzUyMzc2,GaTa,Ga6Ta6,101,hollow|A_A_B|HCP,0.193485
UmVhY3Rpb246MzUyMzc3,GaTa,Ga6Ta6,101,hollow|A_B_B|FCC,-1.158991
UmVhY3Rpb246MzUyMzc4,GaTa,Ga6Ta6,101,hollow|A_B_B|HCP,-1.035430
UmVhY3Rpb246NDExNDU3,GaTc,Ga6Tc6,101,4fold|A_A_B_B,0.767570
UmVhY3Rpb246MzU5MTQ0,GaTc,Ga6Tc6,101,hollow|A_B_B|FCC,-0.659674
UmVhY3Rpb246NDExNDYy,GaTc,Ga6Tc6,101,hollow|A_B_B|HCP,-0.628857
UmVhY3Rpb246MzU5MTQ1,GaTc,Ga6Tc6,101,top|B,-0.103721
UmVhY3Rpb246MzUxMTc2,GaTi,Ga6Ti6,101,hollow|A_A_B|FCC,0.153056
UmVhY3Rpb246MzUxMTc3,GaTi,Ga6Ti6,101,hollow|A_A_B|HCP,0.264428
UmVhY3Rpb246MzUxMTc4,GaTi,Ga6Ti6,101,hollow|A_B_B|FCC,-1.314381
UmVhY3Rpb246MzUxMTc5,GaTi,Ga6Ti6,101,hollow|A_B_B|HCP,-1.307346
UmVhY3Rpb246MzU2NzE4,GaTl,Ga6Tl6,101,bridge|A_A|B,1.159409
UmVhY3Rpb246MzUyODU4,GaV,Ga6V6,101,hollow|A_A_B|FCC,0.380575
UmVhY3Rpb246MzUyODU5,GaV,Ga6V6,101,hollow|A_A_B|HCP,0.259120
UmVhY3Rpb246MzUyODYw,GaV,Ga6V6,101,hollow|A_B_B|FCC,-0.842679
UmVhY3Rpb246MzUyODYx,GaV,Ga6V6,101,hollow|A_B_B|HCP,-0.720504
UmVhY3Rpb246NDEwMjAw,GaW,Ga6W6,101,hollow|A_A_B|FCC,0.408358
UmVhY3Rpb246NDEwMjAx,GaW,Ga6W6,101,hollow|A_A_B|HCP,0.189628
UmVhY3Rpb246NDEwMjAy,GaW,Ga6W6,101,hollow|A_B_B|FCC,-0.751690
UmVhY3Rpb246NDEwMjA3,GaW,Ga6W6,101,hollow|A_B_B|HCP,0.188288
UmVhY3Rpb246MzU1OTIw,GaY,Ga6Y6,101,4fold|A_A_B_B,-1.436987
UmVhY3Rpb246MzUxMzE3,GaZn,Ga6Zn6,101,hollow|A_A_B|FCC,1.070166
UmVhY3Rpb246MzUxMzE4,GaZn,Ga6Zn6,101,hollow|A_A_B|HCP,0.838256
UmVhY3Rpb246MzUxMzE5,GaZn,Ga6Zn6,101,hollow|A_B_B|HCP,0.694201
UmVhY3Rpb246MzUxMzUz,GaZr,Ga6Zr6,101,hollow|A_A_B|FCC,0.184861
UmVhY3Rpb246MzUxMzU0,GaZr,Ga6Zr6,101,hollow|A_B_B|FCC,-1.443907
UmVhY3Rpb246MzUxMzU1,GaZr,Ga6Zr6,101,hollow|A_B_B|HCP,-1.488829
UmVhY3Rpb246MzM5MTMx,Hf,Hf12,111,hollow|A_A_A|FCC,-3.026106
UmVhY3Rpb246MzM5MTMy,Hf,Hf12,111,hollow|A_A_A|HCP,-2.926484
UmVhY3Rpb246MzM5MTM0,Hf,Hf12,111,top|A,0.944416
UmVhY3Rpb246NDA2NzEz,Hf3Ag,Ag3Hf9,111,hollow|A_A_A|FCC,-3.162317
UmVhY3Rpb246MzQ4Mjgx,Hf3Ag,Ag3Hf9,111,hollow|A_A_A|HCP,-2.899315
UmVhY3Rpb246MzY3NTcz,Hf3Ag,Ag3Hf9,111,top|B,3.765310
UmVhY3Rpb246MzQ3Mjg4,Hf3Al,Al3Hf9,111,hollow|A_A_A|FCC,-2.919968
UmVhY3Rpb246MzQ3Mjg5,Hf3Al,Al3Hf9,111,hollow|A_A_A|HCP,-2.694517
UmVhY3Rpb246MzQ3Mjkw,Hf3Al,Al3Hf9,111,hollow|A_A_B|FCC,-1.941667
UmVhY3Rpb246MzQ3Mjkx,Hf3Al,Al3Hf9,111,hollow|A_A_B|HCP,-1.905529
UmVhY3Rpb246MzYwMzI1,Hf3Al,Al3Hf9,111,top|B,1.827580
UmVhY3Rpb246MzQyNTA0,Hf3Au,Au3Hf9,111,hollow|A_A_A|FCC,-3.228737
UmVhY3Rpb246MzQyNTA1,Hf3Au,Au3Hf9,111,hollow|A_A_A|HCP,-2.908195
UmVhY3Rpb246MzQ5NTM3,Hf3Au,Au3Hf9,111,top|B,3.640155
UmVhY3Rpb246NDA2NzQ4,Hf3Cd,Cd3Hf9,111,hollow|A_A_A|FCC,-3.204098
UmVhY3Rpb246MzQ2NDY1,Hf3Cd,Cd3Hf9,111,hollow|A_A_A|HCP,-2.932120
UmVhY3Rpb246NDA2NzQ5,Hf3Cd,Cd3Hf9,111,hollow|A_A_B|FCC,-1.818030
UmVhY3Rpb246NDA2NzUw,Hf3Cd,Cd3Hf9,111,top|B,3.883942
UmVhY3Rpb246NDI4NDc4,Hf3Co,Co3Hf9,111,hollow|A_A_A|HCP,-2.820702
UmVhY3Rpb246NDA1MjI3,Hf3Cr,Cr3Hf9,111,hollow|A_A_A|FCC,-2.898765
UmVhY3Rpb246MzQ4NDk5,Hf3Cr,Cr3Hf9,111,hollow|A_A_A|HCP,-2.748584
UmVhY3Rpb246NDA1MjI4,Hf3Cr,Cr3Hf9,111,hollow|A_A_B|HCP,-2.662875
UmVhY3Rpb246NDA2NzI1,Hf3Cu,Cu3Hf9,111,hollow|A_A_A|FCC,-2.943537
UmVhY3Rpb246MzQ4MzI4,Hf3Cu,Cu3Hf9,111,hollow|A_A_A|HCP,-2.668766
UmVhY3Rpb246NDA2NzYw,Hf3Ga,Ga3Hf9,111,hollow|A_A_A|FCC,-2.977231
UmVhY3Rpb246MzQ2NzI1,Hf3Ga,Ga3Hf9,111,hollow|A_A_A|HCP,-2.694792
UmVhY3Rpb246NDA2NzYx,Hf3Ga,Ga3Hf9,111,hollow|A_A_B|FCC,-1.479371
UmVhY3Rpb246MzYwNjI4,Hf3Ga,Ga3Hf9,111,top|B,2.443333
UmVhY3Rpb246MzQzMjQ0,Hf3Hg,Hf9Hg3,111,hollow|A_A_A|FCC,-3.278435
UmVhY3Rpb246MzQzMjQ1,Hf3Hg,Hf9Hg3,111,hollow|A_A_A|HCP,-2.948721
UmVhY3Rpb246MzU0MzQ4,Hf3In,Hf9In3,111,bridge|A_A|A,-1.611331
UmVhY3Rpb246MzQ0NzU1,Hf3In,Hf9In3,111,hollow|A_A_A|FCC,-3.139358
UmVhY3Rpb246MzQ0NzU2,Hf3In,Hf9In3,111,hollow|A_A_A|HCP,-2.943710
UmVhY3Rpb246MzQ0NzU3,Hf3In,Hf9In3,111,hollow|A_A_B|FCC,-1.625766
UmVhY3Rpb246MzQ1MjAz,Hf3Ir,Hf9Ir3,111,hollow|A_A_A|FCC,-3.181265
UmVhY3Rpb246MzQ1MjA0,Hf3Ir,Hf9Ir3,111,hollow|A_A_A|HCP,-2.949911
UmVhY3Rpb246MzQ1MjA1,Hf3Ir,Hf9Ir3,111,hollow|A_A_B|FCC,-1.772795
UmVhY3Rpb246NDI3NjA0,Hf3Ir,Hf9Ir3,111,hollow|A_A_B|HCP,-1.741296
UmVhY3Rpb246MzU0NjA0,Hf3Ir,Hf9Ir3,111,top|B,1.623121
UmVhY3Rpb246MzQ3NDQy,Hf3La,Hf9La3,111,hollow|A_A_A|FCC,-3.115421
UmVhY3Rpb246NDA2NTcw,Hf3La,Hf9La3,111,hollow|A_A_B|FCC,-2.313499
UmVhY3Rpb246NDA2NTcx,Hf3La,Hf9La3,111,hollow|A_A_B|HCP,-2.419082
UmVhY3Rpb246Mzg0MTU5,Hf3La,Hf9La3,111,top|B,3.043963
UmVhY3Rpb246NDA2Njg0,Hf3Mn,Hf9Mn3,111,hollow|A_A_A|FCC,-2.806758
UmVhY3Rpb246NDA2Njg1,Hf3Mn,Hf9Mn3,111,hollow|A_A_A|HCP,-2.590240
UmVhY3Rpb246MzQ4MTY2,Hf3Mo,Hf9Mo3,111,hollow|A_A_A|FCC,-3.036662
UmVhY3Rpb246MzQ4MTY3,Hf3Mo,Hf9Mo3,111,hollow|A_A_A|HCP,-2.945709
UmVhY3Rpb246MzQ4MTY4,Hf3Mo,Hf9Mo3,111,hollow|A_A_B|FCC,-2.559859
UmVhY3Rpb246MzQ4MTY5,Hf3Mo,Hf9Mo3,111,hollow|A_A_B|HCP,-2.445539
UmVhY3Rpb246NDA2NTgx,Hf3Mo,Hf9Mo3,111,top|B,0.157567
UmVhY3Rpb246NDA1MTk1,Hf3Nb,Hf9Nb3,111,hollow|A_A_A|FCC,-2.977425
UmVhY3Rpb246NDA1MTk2,Hf3Nb,Hf9Nb3,111,hollow|A_A_A|HCP,-2.793526
UmVhY3Rpb246NDA1MTk3,Hf3Nb,Hf9Nb3,111,hollow|A_A_B|FCC,-2.813746
UmVhY3Rpb246NDA2NjMz,Hf3Os,Hf9Os3,111,hollow|A_A_A|FCC,-3.131159
UmVhY3Rpb246NDA2NjM0,Hf3Os,Hf9Os3,111,hollow|A_A_A|HCP,-3.047613
UmVhY3Rpb246NDA2NjM1,Hf3Os,Hf9Os3,111,hollow|A_A_B|FCC,-2.057179
UmVhY3Rpb246MzQ5ODEw,Hf3Os,Hf9Os3,111,top|B,0.600327
UmVhY3Rpb246MzQ4MzU2,Hf3Pb,Hf9Pb3,111,hollow|A_A_A|FCC,-3.141060
UmVhY3Rpb246NDA2Nzc2,Hf3Pb,Hf9Pb3,111,hollow|A_A_A|HCP,-2.890373
UmVhY3Rpb246NDA2Njk5,Hf3Pd,Hf9Pd3,111,hollow|A_A_A|FCC,-3.142338
UmVhY3Rpb246MzQ1NTY3,Hf3Pd,Hf9Pd3,111,hollow|A_A_A|HCP,-2.904756
UmVhY3Rpb246NDI3NjA1,Hf3Pd,Hf9Pd3,111,hollow|A_A_B|HCP,-1.679630
UmVhY3Rpb246MzU0ODY2,Hf3Pd,Hf9Pd3,111,top|B,3.083652
UmVhY3Rpb246NDA2Njkw,Hf3Pt,Hf9Pt3,111,hollow|A_A_A|FCC,-3.159836
UmVhY3Rpb246MzQ0NzAy,Hf3Pt,Hf9Pt3,111,hollow|A_A_A|HCP,-2.859469
UmVhY3Rpb246MzU0MzI0,Hf3Pt,Hf9Pt3,111,top|B,2.833285
UmVhY3Rpb246NDA2NjE0,Hf3Re,Hf9Re3,111,hollow|A_A_A|FCC,-3.028372
UmVhY3Rpb246MzQ1NjU0,Hf3Re,Hf9Re3,111,hollow|A_A_A|HCP,-2.987490
UmVhY3Rpb246NDA2NjE1,Hf3Re,Hf9Re3,111,hollow|A_A_B|FCC,-2.416617
UmVhY3Rpb246MzU1MDYy,Hf3Re,Hf9Re3,111,top|B,0.039030
UmVhY3Rpb246NDA2NjY1,Hf3Rh,Hf9Rh3,111,hollow|A_A_A|FCC,-3.193263
UmVhY3Rpb246NDA2NjY2,Hf3Rh,Hf9Rh3,111,hollow|A_A_A|HCP,-2.987674
UmVhY3Rpb246MzQ3NDYx,Hf3Rh,Hf9Rh3,111,hollow|A_A_B|FCC,-1.831621
UmVhY3Rpb246MzQ3NDYy,Hf3Rh,Hf9Rh3,111,hollow|A_A_B|HCP,-1.881201
UmVhY3Rpb246NDA2NjY3,Hf3Rh,Hf9Rh3,111,top|B,2.113749
UmVhY3Rpb246NDA2NjQ2,Hf3Ru,Hf9Ru3,111,hollow|A_A_A|FCC,-3.209065
UmVhY3Rpb246NDA2NjQ3,Hf3Ru,Hf9Ru3,111,hollow|A_A_A|HCP,-3.117657
UmVhY3Rpb246NDA2NjQ4,Hf3Ru,Hf9Ru3,111,top|B,1.108132
UmVhY3Rpb246MzQwMzkx,Hf3Sc,Hf9Sc3,111,hollow|A_A_A|FCC,-3.037064
UmVhY3Rpb246MzQwMzky,Hf3Sc,Hf9Sc3,111,hollow|A_A_A|HCP,-3.052025
UmVhY3Rpb246MzQwMzkz,Hf3Sc,Hf9Sc3,111,hollow|A_A_B|FCC,-2.774165
UmVhY3Rpb246MzQwMzk0,Hf3Sc,Hf9Sc3,111,hollow|A_A_B|HCP,-2.748873
UmVhY3Rpb246Mzg0MTY0,Hf3Sc,Hf9Sc3,111,top|A,0.622534
UmVhY3Rpb246Mzg0MTY1,Hf3Sc,Hf9Sc3,111,top|B,1.803628
UmVhY3Rpb246MzQ2NTYx,Hf3Sn,Hf9Sn3,111,hollow|A_A_A|FCC,-3.030361
UmVhY3Rpb246MzQ2NTYy,Hf3Sn,Hf9Sn3,111,hollow|A_A_A|HCP,-2.767155
UmVhY3Rpb246NDA2Nzg1,Hf3Sn,Hf9Sn3,111,top|B,3.740404
UmVhY3Rpb246MzQwNTMy,Hf3Ta,Hf9Ta3,111,hollow|A_A_A|FCC,-2.903770
UmVhY3Rpb246MzQwNTMz,Hf3Ta,Hf9Ta3,111,hollow|A_A_A|HCP,-2.673390
UmVhY3Rpb246MzQwNTM0,Hf3Ta,Hf9Ta3,111,hollow|A_A_B|FCC,-2.979038
UmVhY3Rpb246MzQwNTM1,Hf3Ta,Hf9Ta3,111,hollow|A_A_B|HCP,-2.766991
UmVhY3Rpb246MzgyNzA3,Hf3Ta,Hf9Ta3,111,top|B,0.200102
UmVhY3Rpb246MzQzMTY5,Hf3Tc,Hf9Tc3,111,hollow|A_A_A|FCC,-3.137243
UmVhY3Rpb246MzQzMTcw,Hf3Tc,Hf9Tc3,111,hollow|A_A_A|HCP,-3.102286
UmVhY3Rpb246MzQzMTcx,Hf3Tc,Hf9Tc3,111,hollow|A_A_B|FCC,-2.236767
UmVhY3Rpb246MzQzMTcy,Hf3Tc,Hf9Tc3,111,hollow|A_A_B|HCP,-2.250212
UmVhY3Rpb246MzQyMjQ3,Hf3Ti,Hf9Ti3,111,hollow|A_A_A|FCC,-2.883698
UmVhY3Rpb246MzQyMjQ4,Hf3Ti,Hf9Ti3,111,hollow|A_A_A|HCP,-2.734444
UmVhY3Rpb246MzQyMjQ5,Hf3Ti,Hf9Ti3,111,hollow|A_A_B|FCC,-2.893264
UmVhY3Rpb246MzQyMjUw,Hf3Ti,Hf9Ti3,111,hollow|A_A_B|HCP,-2.821627
UmVhY3Rpb246MzQ5MzYz,Hf3Ti,Hf9Ti3,111,top|B,0.336548
UmVhY3Rpb246MzQxNDUz,Hf3Tl,Hf9Tl3,111,hollow|A_A_A|FCC,-3.234485
UmVhY3Rpb246MzQxNDU0,Hf3Tl,Hf9Tl3,111,hollow|A_A_A|HCP,-3.014501
UmVhY3Rpb246NDA2Nzcw,Hf3Tl,Hf9Tl3,111,top|B,4.241678
UmVhY3Rpb246NDA1MjEw,Hf3V,Hf9V3,111,hollow|A_A_A|FCC,-2.854751
UmVhY3Rpb246MzQwMjc3,Hf3V,Hf9V3,111,hollow|A_A_A|HCP,-2.670517
UmVhY3Rpb246NDA1MjEx,Hf3V,Hf9V3,111,hollow|A_A_B|HCP,-2.768259
UmVhY3Rpb246MzgyNzkw,Hf3V,Hf9V3,111,top|B,-0.272034
UmVhY3Rpb246NDA2NjAz,Hf3W,Hf9W3,111,hollow|A_A_A|FCC,-2.938422
UmVhY3Rpb246MzQ3NDk1,Hf3W,Hf9W3,111,hollow|A_A_A|HCP,-2.794184
UmVhY3Rpb246MzQ3NDk2,Hf3W,Hf9W3,111,hollow|A_A_B|FCC,-2.745052
UmVhY3Rpb246MzYwNDc2,Hf3W,Hf9W3,111,top|B,-0.048833
UmVhY3Rpb246MzQ0MDI1,Hf3Y,Hf9Y3,111,hollow|A_A_A|FCC,-3.104269
UmVhY3Rpb246MzQ0MDI2,Hf3Y,Hf9Y3,111,hollow|A_A_A|HCP,-3.256908
UmVhY3Rpb246MzQ0MDI3,Hf3Y,Hf9Y3,111,hollow|A_A_B|FCC,-2.630996
UmVhY3Rpb246MzQ0MDI4,Hf3Y,Hf9Y3,111,hollow|A_A_B|HCP,-2.654713
UmVhY3Rpb246MzUzNDE3,Hf3Y,Hf9Y3,111,top|B,2.665035
UmVhY3Rpb246MzQ2OTIy,Hf3Zn,Hf9Zn3,111,hollow|A_A_A|FCC,-3.002349
UmVhY3Rpb246MzQ2OTIz,Hf3Zn,Hf9Zn3,111,hollow|A_A_A|HCP,-2.666830
UmVhY3Rpb246MzQ2OTI0,Hf3Zn,Hf9Zn3,111,hollow|A_A_B|FCC,-1.677470
UmVhY3Rpb246MzQ2OTI1,Hf3Zn,Hf9Zn3,111,hollow|A_A_B|HCP,-1.612111
UmVhY3Rpb246NDA2NzM3,Hf3Zn,Hf9Zn3,111,top|B,2.650571
UmVhY3Rpb246MzQ4ODky,Hf3Zr,Hf9Zr3,111,hollow|A_A_A|FCC,-3.012149
UmVhY3Rpb246MzQ4ODkz,Hf3Zr,Hf9Zr3,111,hollow|A_A_A|HCP,-2.911026
UmVhY3Rpb246MzQ4ODk0,Hf3Zr,Hf9Zr3,111,hollow|A_A_B|FCC,-2.857845
UmVhY3Rpb246MzQ4ODk1,Hf3Zr,Hf9Zr3,111,hollow|A_A_B|HCP,-2.733031
UmVhY3Rpb246Mzg0MTcz,Hf3Zr,Hf9Zr3,111,top|B,1.075031
UmVhY3Rpb246MzUwMDc2,HfHg,Hf6Hg6,101,bridge|A_A|B,-2.019733
UmVhY3Rpb246MzUwMDc4,HfHg,Hf6Hg6,101,hollow|A_B_B|FCC,0.475000
UmVhY3Rpb246MzUwMDc5,HfHg,Hf6Hg6,101,hollow|A_B_B|HCP,0.669397
UmVhY3Rpb246MzU4NjY5,HfIn,Hf6In6,101,hollow|A_A_B|FCC,-1.786253
UmVhY3Rpb246MzU4Njcw,HfIn,Hf6In6,101,hollow|A_A_B|HCP,-1.684339
UmVhY3Rpb246MzU4Njcx,HfIn,Hf6In6,101,hollow|A_B_B|FCC,0.284308
UmVhY3Rpb246NDA2NzY1,HfIn,Hf6In6,101,hollow|A_B_B|HCP,0.285109
UmVhY3Rpb246MzUzMDQz,HfIr,Hf6Ir6,101,hollow|A_A_B|FCC,-1.419194
UmVhY3Rpb246NDA2NjU5,HfIr,Hf6Ir6,101,hollow|A_B_B|FCC,-1.413301
UmVhY3Rpb246MzUzMDQ0,HfIr,Hf6Ir6,101,hollow|A_B_B|HCP,0.583183
UmVhY3Rpb246MzUyOTU1,HfLa,Hf6La6,101,hollow|A_A_B|FCC,-2.774215
UmVhY3Rpb246MzUyOTU2,HfLa,Hf6La6,101,hollow|A_A_B|HCP,-2.942863
UmVhY3Rpb246MzUyOTU3,HfLa,Hf6La6,101,hollow|A_B_B|FCC,-1.993880
UmVhY3Rpb246MzUyOTU4,HfLa,Hf6La6,101,hollow|A_B_B|HCP,-2.101493
UmVhY3Rpb246NDA2NTg5,HfMo,Hf6Mo6,101,4fold|A_A_B_B,-2.563519
UmVhY3Rpb246NDA2NTkw,HfMo,Hf6Mo6,101,hollow|A_A_B|FCC,-1.770718
UmVhY3Rpb246NDA2NTkx,HfMo,Hf6Mo6,101,hollow|A_A_B|HCP,-1.770287
UmVhY3Rpb246NDI3NjA2,HfMo,Hf6Mo6,101,hollow|A_B_B|HCP,-2.125392
UmVhY3Rpb246NDA1MjA1,HfNb,Hf6Nb6,101,bridge|A_A|B,-1.542952
UmVhY3Rpb246MzUxNjkw,HfNb,Hf6Nb6,101,hollow|A_A_B|FCC,-2.788338
UmVhY3Rpb246MzUxNjkx,HfNb,Hf6Nb6,101,hollow|A_A_B|HCP,-2.515717
UmVhY3Rpb246MzUxNjky,HfNb,Hf6Nb6,101,hollow|A_B_B|FCC,-2.523709
UmVhY3Rpb246MzUxNjkz,HfNb,Hf6Nb6,101,hollow|A_B_B|HCP,-2.375914
UmVhY3Rpb246MzU2OTM2,HfNi,Hf6Ni6,101,4fold|A_A_B_B,-2.265177
UmVhY3Rpb246MzU2OTM3,HfNi,Hf6Ni6,101,bridge|A_A|B,-1.607234
UmVhY3Rpb246MzU2OTM4,HfNi,Hf6Ni6,101,hollow|A_A_B|FCC,-1.977658
UmVhY3Rpb246MzU3NjY4,HfOs,Hf6Os6,101,4fold|A_A_B_B,-1.199689
UmVhY3Rpb246MzU3NjY5,HfOs,Hf6Os6,101,hollow|A_A_B|FCC,-1.116444
UmVhY3Rpb246MzU3Njcw,HfOs,Hf6Os6,101,top|B,0.350755
UmVhY3Rpb246MzU5Mzc4,HfPb,Hf6Pb6,101,bridge|A_A|B,-1.536333
UmVhY3Rpb246NDA2Nzc5,HfPb,Hf6Pb6,101,bridge|B_B|A,-1.534746
UmVhY3Rpb246NDA2Nzgw,HfPb,Hf6Pb6,101,hollow-tilt|A_A_B|HCP,0.567496
UmVhY3Rpb246MzU5Mzgw,HfPb,Hf6Pb6,101,hollow-tilt|A_B_B|HCP,0.568085
UmVhY3Rpb246MzU5Mzc5,HfPb,Hf6Pb6,101,hollow|A_B_B|FCC,1.092712
UmVhY3Rpb246MzU2ODY0,HfPd,Hf6Pd6,101,4fold|A_A_B_B,-1.381768
UmVhY3Rpb246MzU2ODY1,HfPd,Hf6Pd6,101,hollow|A_A_B|HCP,-2.202314
UmVhY3Rpb246NDA2NzA2,HfPd,Hf6Pd6,101,hollow|A_B_B|HCP,-2.206593
UmVhY3Rpb246MzUzOTc0,HfPt,Hf6Pt6,101,4fold|A_A_B_B,-0.972065
UmVhY3Rpb246MzUzOTc1,HfPt,Hf6Pt6,101,hollow|A_A_B|FCC,-1.940303
UmVhY3Rpb246NDA2Njk1,HfPt,Hf6Pt6,101,hollow|A_B_B|FCC,-1.940196
UmVhY3Rpb246NDA2NjIz,HfRe,Hf6Re6,101,bridge|A_A|B,-0.994818
UmVhY3Rpb246MzUxMDI1,HfRe,Hf6Re6,101,bridge|B_B|A,-2.179959
UmVhY3Rpb246MzUxMDI2,HfRe,Hf6Re6,101,hollow|A_A_B|FCC,-1.592334
UmVhY3Rpb246MzUxMDI3,HfRe,Hf6Re6,101,top|A,2.625291
UmVhY3Rpb246MzUxMDI4,HfRe,Hf6Re6,101,top|B,-0.530026
UmVhY3Rpb246MzU2ODg4,HfRh,Hf6Rh6,101,4fold|A_A_B_B,-0.620860
UmVhY3Rpb246MzU2ODg5,HfRh,Hf6Rh6,101,hollow|A_A_B|FCC,-1.745976
UmVhY3Rpb246MzUyMTQ5,HfRu,Hf6Ru6,101,bridge|B_B|A,-0.743203
UmVhY3Rpb246MzUyMTUw,HfRu,Hf6Ru6,101,hollow|A_A_B|HCP,-1.065541
UmVhY3Rpb246MzUzOTI3,HfSc,Hf6Sc6,101,hollow|A_A_B|FCC,-2.861764
UmVhY3Rpb246MzUzOTI5,HfSc,Hf6Sc6,101,hollow|A_A_B|HCP,-2.969379
UmVhY3Rpb246MzUzOTMx,HfSc,Hf6Sc6,101,hollow|A_B_B|FCC,-2.539222
UmVhY3Rpb246MzUzOTMy,HfSc,Hf6Sc6,101,hollow|A_B_B|HCP,-2.575083
UmVhY3Rpb246MzUwMjAy,HfSn,Hf6Sn6,101,hollow|A_A_B|FCC,-1.320403
UmVhY3Rpb246MzUwMjAz,HfSn,Hf6Sn6,101,hollow|A_A_B|HCP,-1.119125
UmVhY3Rpb246MzUwMjA0,HfSn,Hf6Sn6,101,hollow|A_B_B|FCC,0.925633
UmVhY3Rpb246MzUwMjA1,HfSn,Hf6Sn6,101,hollow|A_B_B|HCP,0.498790
UmVhY3Rpb246MzU1ODUx,HfTa,Hf6Ta6,101,hollow|A_A_B|FCC,-2.913416
UmVhY3Rpb246MzU1ODUy,HfTa,Hf6Ta6,101,hollow|A_A_B|HCP,-2.587547
UmVhY3Rpb246MzU1ODUz,HfTa,Hf6Ta6,101,hollow|A_B_B|FCC,-2.865905
UmVhY3Rpb246MzU1ODU0,HfTa,Hf6Ta6,101,hollow|A_B_B|HCP,-2.663584
UmVhY3Rpb246NDA2NjI5,HfTc,Hf6Tc6,101,bridge|A_A|B,-0.981220
UmVhY3Rpb246MzU3Mjkw,HfTc,Hf6Tc6,101,bridge|B_B|A,-1.748825
UmVhY3Rpb246MzU3Mjkx,HfTc,Hf6Tc6,101,hollow|A_A_B|FCC,-1.314163
UmVhY3Rpb246MzU4Mjc4,HfTi,Hf6Ti6,101,hollow|A_A_B|FCC,-2.791283
UmVhY3Rpb246MzU4Mjc5,HfTi,Hf6Ti6,101,hollow|A_A_B|HCP,-2.695610
UmVhY3Rpb246MzU4Mjgw,HfTi,Hf6Ti6,101,hollow|A_B_B|FCC,-2.816831
UmVhY3Rpb246MzU4Mjgx,HfTi,Hf6Ti6,101,hollow|A_B_B|HCP,-2.777417
UmVhY3Rpb246NDA2Nzc0,HfTl,Hf6Tl6,101,bridge-tilt|A_A|B,-1.734777
UmVhY3Rpb246MzU4MDYz,HfTl,Hf6Tl6,101,bridge|A_A|B,-1.733718
UmVhY3Rpb246MzU4MDY1,HfTl,Hf6Tl6,101,hollow-tilt|A_B_B|HCP,0.659614
UmVhY3Rpb246MzU4MDY0,HfTl,Hf6Tl6,101,hollow|A_B_B|FCC,0.769018
UmVhY3Rpb246NDA1MjE5,HfV,Hf6V6,101,4fold|A_A_B_B,-2.106168
UmVhY3Rpb246NDA1MjIw,HfV,Hf6V6,101,bridge|B_B|A,-3.383134
UmVhY3Rpb246MzUyMDAy,HfV,Hf6V6,101,hollow|A_A_B|FCC,-2.452203
UmVhY3Rpb246MzUyMDAz,HfV,Hf6V6,101,hollow|A_B_B|HCP,-2.674019
UmVhY3Rpb246NDA2NjA5,HfW,Hf6W6,101,bridge|A_A|B,-1.184864
UmVhY3Rpb246MzU4MjUz,HfW,Hf6W6,101,hollow|A_A_B|FCC,-2.519140
UmVhY3Rpb246MzU4MjU0,HfW,Hf6W6,101,hollow|A_A_B|HCP,-2.284185
UmVhY3Rpb246MzU4MjU1,HfW,Hf6W6,101,hollow|A_B_B|FCC,-2.317102
UmVhY3Rpb246MzU4MjU2,HfW,Hf6W6,101,hollow|A_B_B|HCP,-2.185227
UmVhY3Rpb246MzUzMjE3,HfY,Hf6Y6,101,hollow|A_A_B|FCC,-2.930844
UmVhY3Rpb246MzUzMjE4,HfY,Hf6Y6,101,hollow|A_A_B|HCP,-3.151894
UmVhY3Rpb246MzUzMjE5,HfY,Hf6Y6,101,hollow|A_B_B|FCC,-2.383079
UmVhY3Rpb246MzUzMjIw,HfY,Hf6Y6,101,hollow|A_B_B|HCP,-2.440579
UmVhY3Rpb246MzU4OTE0,HfZn,Hf6Zn6,101,4fold|A_A_B_B,-1.961986
UmVhY3Rpb246NDA2NzQy,HfZn,Hf6Zn6,101,bridge|A_A|B,-2.027197
UmVhY3Rpb246MzU4OTE1,HfZn,Hf6Zn6,101,hollow|A_A_B|HCP,-2.083783
UmVhY3Rpb246MzU2NjEw,HfZr,Hf6Zr6,101,hollow|A_A_B|FCC,-2.898611
UmVhY3Rpb246MzU2NjEx,HfZr,Hf6Zr6,101,hollow|A_A_B|HCP,-2.789660
UmVhY3Rpb246MzU2NjEy,HfZr,Hf6Zr6,101,hollow|A_B_B|FCC,-2.743256
UmVhY3Rpb246MzU2NjEz,HfZr,Hf6Zr6,101,hollow|A_B_B|HCP,-2.616013
UmVhY3Rpb246NDAzMTEw,Hg3Ag,Ag3Hg9,111,hollow|A_A_B|HCP,2.573365
UmVhY3Rpb246NDAzMTMz,Hg3Al,Al3Hg9,111,hollow|A_A_B|HCP,1.462211
UmVhY3Rpb246NDAzMTA1,Hg3Au,Au3Hg9,111,hollow|A_A_B|FCC,2.546444
UmVhY3Rpb246MzQ3ODA0,Hg3Cd,Cd3Hg9,111,hollow|A_A_A|FCC,4.253988
UmVhY3Rpb246MzQ3ODA1,Hg3Cd,Cd3Hg9,111,hollow|A_A_B|FCC,3.652059
UmVhY3Rpb246NDAzMTI3,Hg3Cd,Cd3Hg9,111,hollow|A_A_B|HCP,3.567028
UmVhY3Rpb246MzQyMzc1,Hg3Co,Co3Hg9,111,hollow|A_A_A|FCC,3.511979
UmVhY3Rpb246MzQyMzc2,Hg3Co,Co3Hg9,111,hollow|A_A_A|HCP,3.699605
UmVhY3Rpb246NDAzMDky,Hg3Co,Co3Hg9,111,hollow|A_A_B|FCC,1.490052
UmVhY3Rpb246NDAzMDkz,Hg3Co,Co3Hg9,111,hollow|A_A_B|HCP,1.463016
UmVhY3Rpb246MzQ3MTA2,Hg3Cr,Cr3Hg9,111,hollow|A_A_A|FCC,3.505053
UmVhY3Rpb246MzQ3MTA3,Hg3Cr,Cr3Hg9,111,hollow|A_A_A|HCP,4.011353
UmVhY3Rpb246Mzc3Mjk4,Hg3Cr,Cr3Hg9,111,top|B,-0.601007
UmVhY3Rpb246NDAzMTE0,Hg3Cu,Cu3Hg9,111,hollow|A_A_B|FCC,2.108073
UmVhY3Rpb246NDAzMTE1,Hg3Cu,Cu3Hg9,111,hollow|A_A_B|HCP,1.947824
UmVhY3Rpb246NDAzMDk3,Hg3Fe,Fe3Hg9,111,hollow|A_A_B|FCC,1.178702
UmVhY3Rpb246MzQxOTY4,Hg3Ga,Ga3Hg9,111,hollow|A_A_A|FCC,3.602068
UmVhY3Rpb246MzQxOTY5,Hg3Ga,Ga3Hg9,111,hollow|A_A_B|HCP,2.399643
UmVhY3Rpb246MzQ0NDU5,Hg3Hf,Hf3Hg9,111,hollow|A_A_A|FCC,3.313581
UmVhY3Rpb246MzQ0NDYw,Hg3Hf,Hf3Hg9,111,hollow|A_A_A|HCP,3.913495
UmVhY3Rpb246MzU0MTIw,Hg3Hf,Hf3Hg9,111,top|B,0.609349
UmVhY3Rpb246MzQ2NjEw,Hg3In,Hg9In3,111,hollow|A_A_A|FCC,3.646896
UmVhY3Rpb246MzQ2NjEx,Hg3In,Hg9In3,111,hollow|A_A_B|HCP,2.821569
UmVhY3Rpb246MzQ4NTI2,Hg3La,Hg9La3,111,hollow|A_A_A|FCC,3.172798
UmVhY3Rpb246MzQ4NTI3,Hg3La,Hg9La3,111,hollow|A_A_B|FCC,1.042992
UmVhY3Rpb246NDAzMDMy,Hg3La,Hg9La3,111,hollow|A_A_B|HCP,0.846911
UmVhY3Rpb246NDAzMTAw,Hg3Mn,Hg9Mn3,111,hollow-tilt|A_A_B|FCC,1.244628
UmVhY3Rpb246MzQ0Mzgy,Hg3Mo,Hg9Mo3,111,hollow|A_A_A|FCC,3.507472
UmVhY3Rpb246MzUzOTY0,Hg3Mo,Hg9Mo3,111,top|B,-0.773659
UmVhY3Rpb246NDAzMDU4,Hg3Nb,Hg9Nb3,111,hollow-tilt|A_A_B|FCC,-0.526160
UmVhY3Rpb246MzQ1NjU3,Hg3Nb,Hg9Nb3,111,hollow|A_A_A|FCC,3.325091
UmVhY3Rpb246MzU1MDc5,Hg3Nb,Hg9Nb3,111,top|B,-0.357008
UmVhY3Rpb246NDAzMDkw,Hg3Ni,Hg9Ni3,111,hollow|A_A_B|FCC,1.860004
UmVhY3Rpb246MzQ3MTgy,Hg3Os,Hg9Os3,111,hollow|A_A_A|FCC,3.624434
UmVhY3Rpb246MzQ3MTgz,Hg3Os,Hg9Os3,111,hollow|A_A_A|HCP,4.034948
UmVhY3Rpb246MzQxMDcw,Hg3Pb,Hg9Pb3,111,hollow|A_A_A|FCC,3.582409
UmVhY3Rpb246NDI3NjA3,Hg3Pb,Hg9Pb3,111,top|B,4.112142
UmVhY3Rpb246MzQ1NjYz,Hg3Pd,Hg9Pd3,111,hollow|A_A_A|FCC,3.257306
UmVhY3Rpb246MzQ1NjY0,Hg3Pd,Hg9Pd3,111,hollow|A_A_A|HCP,3.407823
UmVhY3Rpb246MzQzNDY5,Hg3Pt,Hg9Pt3,111,hollow|A_A_A|FCC,3.236633
UmVhY3Rpb246MzQzNDcw,Hg3Pt,Hg9Pt3,111,hollow|A_A_A|HCP,3.348956
UmVhY3Rpb246MzQzNDcx,Hg3Pt,Hg9Pt3,111,hollow|A_A_B|FCC,2.195522
UmVhY3Rpb246MzUwMjU3,Hg3Pt,Hg9Pt3,111,top|B,3.363455
UmVhY3Rpb246MzQ2NTY4,Hg3Re,Hg9Re3,111,hollow|A_A_A|FCC,3.712978
UmVhY3Rpb246NDAzMDcw,Hg3Re,Hg9Re3,111,top|B,-1.151535
UmVhY3Rpb246NDAzMDg5,Hg3Rh,Hg9Rh3,111,hollow|A_A_A|FCC,3.372177
UmVhY3Rpb246MzQ3ODc2,Hg3Rh,Hg9Rh3,111,hollow|A_A_A|HCP,3.656570
UmVhY3Rpb246MzQ0NDgy,Hg3Sc,Hg9Sc3,111,hollow|A_A_A|FCC,3.331837
UmVhY3Rpb246MzU0MTQ0,Hg3Sc,Hg9Sc3,111,top|B,1.795987
UmVhY3Rpb246MzQ1MTcx,Hg3Ta,Hg9Ta3,111,hollow|A_A_A|FCC,3.431749
UmVhY3Rpb246MzQ1MTcy,Hg3Ta,Hg9Ta3,111,hollow|A_A_A|HCP,4.186033
UmVhY3Rpb246MzQ2MDcy,Hg3Tc,Hg9Tc3,111,hollow|A_A_A|FCC,3.568208
UmVhY3Rpb246MzQ2MDcz,Hg3Tc,Hg9Tc3,111,hollow|A_A_A|HCP,4.074197
UmVhY3Rpb246NDAzMDc2,Hg3Tc,Hg9Tc3,111,top|B,-0.598489
UmVhY3Rpb246NDAzMDUy,Hg3Ti,Hg9Ti3,111,hollow-tilt|A_A_B|FCC,-0.155623
UmVhY3Rpb246MzQ2Njg4,Hg3Ti,Hg9Ti3,111,hollow|A_A_A|FCC,3.334766
UmVhY3Rpb246MzQ2Njg5,Hg3Ti,Hg9Ti3,111,hollow|A_A_A|HCP,3.919509
UmVhY3Rpb246MzQzOTIy,Hg3Tl,Hg9Tl3,111,hollow|A_A_A|FCC,3.657487
UmVhY3Rpb246MzQzOTIz,Hg3Tl,Hg9Tl3,111,hollow|A_A_A|HCP,3.288487
UmVhY3Rpb246MzQzOTI0,Hg3Tl,Hg9Tl3,111,hollow|A_A_B|HCP,3.122130
UmVhY3Rpb246MzQ2Njgw,Hg3V,Hg9V3,111,hollow|A_A_A|FCC,3.430963
UmVhY3Rpb246NDAzMDY0,Hg3V,Hg9V3,111,top-tilt|B,-0.467044
UmVhY3Rpb246NDAzMDYz,Hg3V,Hg9V3,111,top|B,-0.393241
UmVhY3Rpb246MzQyOTUy,Hg3W,Hg9W3,111,hollow|A_A_A|FCC,3.619465
UmVhY3Rpb246MzQ5Nzkz,Hg3W,Hg9W3,111,top|B,-0.980307
UmVhY3Rpb246MzQ3NTA0,Hg3Y,Hg9Y3,111,hollow|A_A_A|FCC,3.247573
UmVhY3Rpb246MzQ3NTA1,Hg3Y,Hg9Y3,111,hollow|A_A_B|HCP,1.047360
UmVhY3Rpb246MzY4Njk0,Hg3Y,Hg9Y3,111,top|B,2.281734
UmVhY3Rpb246MzQ2OTM3,Hg3Zn,Hg9Zn3,111,hollow|A_A_A|FCC,4.346142
UmVhY3Rpb246MzQ2OTM4,Hg3Zn,Hg9Zn3,111,hollow|A_A_B|HCP,3.388794
UmVhY3Rpb246MzQ1OTc2,Hg3Zr,Hg9Zr3,111,hollow|A_A_A|FCC,3.208207
UmVhY3Rpb246NDAzMDQy,Hg3Zr,Hg9Zr3,111,top|B,0.521557
UmVhY3Rpb246MzU1MjIx,HgIn,Hg6In6,101,hollow|A_B_B|HCP,2.253729
UmVhY3Rpb246MzU5MDU1,HgIr,Hg6Ir6,101,top|B,1.559020
UmVhY3Rpb246MzUwMzMw,HgLa,Hg6La6,101,bridge|B_B|A,-1.350538
UmVhY3Rpb246MzU3NzYz,HgNb,Hg6Nb6,101,bridge|B_B|A,-1.419822
UmVhY3Rpb246MzU3NzY0,HgNb,Hg6Nb6,101,hollow-tilt|A_A_B|FCC,0.345807
UmVhY3Rpb246MzU3NzY1,HgNb,Hg6Nb6,101,hollow-tilt|A_A_B|HCP,0.265953
UmVhY3Rpb246NDA3Njcx,HgNb,Hg6Nb6,101,hollow-tilt|A_B_B|HCP,0.265418
UmVhY3Rpb246MzUxNjQz,HgNi,Hg6Ni6,101,bridge|B_B|A,1.048733
UmVhY3Rpb246MzU3OTU1,HgPb,Hg6Pb6,101,hollow|A_B_B|HCP,2.174106
UmVhY3Rpb246NDI3NjA4,HgPd,Hg6Pd6,101,hollow|A_A_B|FCC,2.982210
UmVhY3Rpb246MzU5NDcz,HgPd,Hg6Pd6,101,hollow|A_A_B|HCP,3.133064
UmVhY3Rpb246MzUyMzY2,HgPt,Hg6Pt6,101,hollow|A_A_B|FCC,2.468065
UmVhY3Rpb246NDI3Njg2,HgPt,Hg6Pt6,101,hollow|A_B_B|FCC,2.469362
UmVhY3Rpb246MzU1OTMx,HgRh,Hg6Rh6,101,bridge|B_B|A,0.428000
UmVhY3Rpb246MzU1OTMy,HgRh,Hg6Rh6,101,top|B,1.876897
UmVhY3Rpb246NDE3MDA4,HgRu,Hg6Ru6,101,top|B,1.107534
UmVhY3Rpb246NDA2MTA5,HgSc,Hg6Sc6,101,bridge|A_A|B,-1.393735
UmVhY3Rpb246MzU3MTE4,HgSc,Hg6Sc6,101,bridge|B_B|A,-1.392817
UmVhY3Rpb246MzUwNDUx,HgTa,Hg6Ta6,101,bridge|B_B|A,-1.816027
UmVhY3Rpb246MzUwNDUz,HgTa,Hg6Ta6,101,hollow-tilt|A_A_B|FCC,0.350016
UmVhY3Rpb246MzUwNDU0,HgTa,Hg6Ta6,101,hollow-tilt|A_A_B|HCP,0.113357
UmVhY3Rpb246NDExMzg2,HgTc,Hg6Tc6,101,top|B,0.724074
UmVhY3Rpb246MzU4NzE0,HgTi,Hg6Ti6,101,bridge|B_B|A,-1.856396
UmVhY3Rpb246MzU4NzE1,HgTi,Hg6Ti6,101,hollow-tilt|A_A_B|FCC,0.298251
UmVhY3Rpb246MzU4NzE2,HgTi,Hg6Ti6,101,hollow-tilt|A_A_B|HCP,0.526523
UmVhY3Rpb246MzU4ODg3,HgTl,Hg6Tl6,101,bridge|B_B|B,2.787684
UmVhY3Rpb246NDA1NTky,HgY,Hg6Y6,101,bridge|B_B|A,-0.978352
UmVhY3Rpb246MzUwNzA3,HgY,Hg6Y6,101,hollow|A_B_B|HCP,-1.048921
UmVhY3Rpb246MzUwNDA0,HgZn,Hg6Zn6,101,hollow|A_B_B|FCC,1.566395
UmVhY3Rpb246NDI3NjA5,HgZn,Hg6Zn6,101,hollow|A_B_B|HCP,1.951143
UmVhY3Rpb246MzU0OTI0,HgZr,Hg6Zr6,101,bridge|B_B|A,-1.769412
UmVhY3Rpb246MzU0OTI3,HgZr,Hg6Zr6,101,hollow-tilt|A_A_B|FCC,0.703418
UmVhY3Rpb246MzU0OTI2,HgZr,Hg6Zr6,101,hollow|A_A_B|FCC,0.449323
UmVhY3Rpb246MzM5NzY2,In,In12,111,hollow|A_A_A|FCC,1.784445
UmVhY3Rpb246MzM5NzY3,In,In12,111,hollow|A_A_A|HCP,1.854818
UmVhY3Rpb246MzQ1Njcz,In3Ag,Ag3In9,111,hollow|A_A_A|FCC,1.791538
UmVhY3Rpb246MzQ1Njc0,In3Ag,Ag3In9,111,hollow|A_A_A|HCP,1.691566
UmVhY3Rpb246MzQ1Njc1,In3Ag,Ag3In9,111,hollow|A_A_B|FCC,2.074980
UmVhY3Rpb246MzU1MTE1,In3Ag,Ag3In9,111,top|B,4.296519
UmVhY3Rpb246NDA0MTA2,In3Al,Al3In9,111,hollow|A_A_A|FCC,1.791662
UmVhY3Rpb246NDA0MTA3,In3Al,Al3In9,111,hollow|A_A_B|FCC,0.699944
UmVhY3Rpb246MzQ5NDMw,In3Al,Al3In9,111,top|B,2.259285
UmVhY3Rpb246MzQzMzk2,In3Au,Au3In9,111,hollow|A_A_A|HCP,1.731551
UmVhY3Rpb246MzUwMTYy,In3Au,Au3In9,111,top|B,4.007935
UmVhY3Rpb246MzQ4ODUz,In3Cd,Cd3In9,111,hollow|A_A_A|FCC,1.692509
UmVhY3Rpb246MzQ4ODU0,In3Cd,Cd3In9,111,hollow|A_A_B|FCC,1.869985
UmVhY3Rpb246MzQ4ODU1,In3Cd,Cd3In9,111,hollow|A_A_B|HCP,1.427611
UmVhY3Rpb246NDI4NDc5,In3Co,Co3In9,111,hollow|A_A_A|HCP,1.847165
UmVhY3Rpb246MzQ2NTA1,In3Cr,Cr3In9,111,hollow-tilt|A_A_B|HCP,0.130121
UmVhY3Rpb246MzQ2NTAz,In3Cr,Cr3In9,111,hollow|A_A_A|FCC,2.129448
UmVhY3Rpb246MzQ2NTA0,In3Cr,Cr3In9,111,hollow|A_A_A|HCP,2.074092
UmVhY3Rpb246NDA0MDc5,In3Cu,Cu3In9,111,hollow|A_A_A|HCP,1.772105
UmVhY3Rpb246NDA0MDQx,In3Fe,Fe3In9,111,hollow|A_A_A|HCP,1.982774
UmVhY3Rpb246NDA0MTE3,In3Ga,Ga3In9,111,hollow|A_A_A|FCC,1.739193
UmVhY3Rpb246NDA0MTE4,In3Ga,Ga3In9,111,hollow|A_A_A|HCP,1.738629
UmVhY3Rpb246NDA0MTE5,In3Ga,Ga3In9,111,hollow|A_A_B|FCC,1.431356
UmVhY3Rpb246MzQ0NzYz,In3Hf,Hf3In9,111,hollow|A_A_A|FCC,2.328971
UmVhY3Rpb246NDAzOTcz,In3Hf,Hf3In9,111,hollow|A_A_B|FCC,-0.246920
UmVhY3Rpb246MzQ0NzY0,In3Hf,Hf3In9,111,hollow|A_A_B|HCP,-0.307894
UmVhY3Rpb246MzU0MzU4,In3Hf,Hf3In9,111,top|B,1.451378
UmVhY3Rpb246NDA0MDk4,In3Hg,Hg3In9,111,hollow|A_A_A|FCC,1.588859
UmVhY3Rpb246MzQ4Mzk0,In3Hg,Hg3In9,111,hollow|A_A_A|HCP,1.430817
UmVhY3Rpb246MzQ0NDc0,In3Ir,In9Ir3,111,hollow|A_A_A|FCC,1.730613
UmVhY3Rpb246MzQ0NDc1,In3Ir,In9Ir3,111,hollow|A_A_A|HCP,1.728405
UmVhY3Rpb246MzQ0NDc2,In3Ir,In9Ir3,111,hollow|A_A_B|HCP,1.259527
UmVhY3Rpb246MzQ1MzUx,In3La,In9La3,111,hollow|A_A_A|FCC,1.548529
UmVhY3Rpb246NDAzOTU5,In3La,In9La3,111,hollow|A_A_B|FCC,0.317161
UmVhY3Rpb246NDAzOTYw,In3La,In9La3,111,hollow|A_A_B|HCP,0.329376
UmVhY3Rpb246MzU0Njgy,In3La,In9La3,111,top|B,2.896847
UmVhY3Rpb246MzQ1ODcy,In3Mo,In9Mo3,111,hollow|A_A_A|FCC,2.265457
UmVhY3Rpb246MzQ1ODcz,In3Mo,In9Mo3,111,hollow|A_A_A|HCP,2.060285
UmVhY3Rpb246NDA0MDA2,In3Mo,In9Mo3,111,hollow|A_A_B|HCP,0.443441
UmVhY3Rpb246MzQwNTUx,In3Nb,In9Nb3,111,hollow|A_A_A|FCC,2.493663
UmVhY3Rpb246MzQwNTUy,In3Nb,In9Nb3,111,hollow|A_A_A|HCP,2.367910
UmVhY3Rpb246NDAzOTg4,In3Nb,In9Nb3,111,hollow|A_A_B|FCC,0.017326
UmVhY3Rpb246MzQwNTUz,In3Nb,In9Nb3,111,hollow|A_A_B|HCP,0.175778
UmVhY3Rpb246MzYwNTk4,In3Nb,In9Nb3,111,top|B,0.328494
UmVhY3Rpb246NDA0MDIw,In3Os,In9Os3,111,hollow|A_A_A|HCP,1.772142
UmVhY3Rpb246MzQ2NDM2,In3Pb,In9Pb3,111,hollow|A_A_A|FCC,1.800278
UmVhY3Rpb246MzQ2NDM3,In3Pb,In9Pb3,111,hollow|A_A_A|HCP,1.742269
UmVhY3Rpb246MzQ2NDM4,In3Pb,In9Pb3,111,hollow|A_A_B|FCC,1.797032
UmVhY3Rpb246MzQ2NDM5,In3Pb,In9Pb3,111,hollow|A_A_B|HCP,1.944060
UmVhY3Rpb246NDA0MTM1,In3Pb,In9Pb3,111,top|B,4.211499
UmVhY3Rpb246MzQ4NTc2,In3Pd,In9Pd3,111,hollow|A_A_A|FCC,1.977102
UmVhY3Rpb246MzQ4NTc3,In3Pd,In9Pd3,111,hollow|A_A_A|HCP,1.819950
UmVhY3Rpb246MzQ4NTc4,In3Pd,In9Pd3,111,hollow|A_A_B|FCC,2.055634
UmVhY3Rpb246MzQyMzYy,In3Pt,In9Pt3,111,hollow|A_A_A|FCC,1.937072
UmVhY3Rpb246MzQyMzYz,In3Pt,In9Pt3,111,hollow|A_A_A|HCP,1.896626
UmVhY3Rpb246MzQyMzY0,In3Pt,In9Pt3,111,hollow|A_A_B|FCC,1.782309
UmVhY3Rpb246MzQyMzY1,In3Pt,In9Pt3,111,hollow|A_A_B|HCP,1.501196
UmVhY3Rpb246MzQ5NDQy,In3Pt,In9Pt3,111,top|B,3.126535
UmVhY3Rpb246MzQ4MTI0,In3Re,In9Re3,111,hollow|A_A_A|HCP,1.904702
UmVhY3Rpb246MzQwNDYw,In3Rh,In9Rh3,111,hollow|A_A_A|FCC,1.785237
UmVhY3Rpb246MzQwNDYx,In3Rh,In9Rh3,111,hollow|A_A_A|HCP,1.762975
UmVhY3Rpb246MzQwNDYy,In3Rh,In9Rh3,111,hollow|A_A_B|HCP,1.551268
UmVhY3Rpb246NDA0MDI1,In3Ru,In9Ru3,111,hollow|A_A_A|HCP,1.783460
UmVhY3Rpb246MzQzODI4,In3Sc,In9Sc3,111,hollow|A_A_A|FCC,2.010984
UmVhY3Rpb246MzQzODI5,In3Sc,In9Sc3,111,hollow|A_A_B|FCC,0.194339
UmVhY3Rpb246MzQzODMw,In3Sc,In9Sc3,111,hollow|A_A_B|HCP,0.167269
UmVhY3Rpb246MzUwNjc5,In3Sc,In9Sc3,111,top|B,2.395460
UmVhY3Rpb246MzQ4Mjcz,In3Sn,In9Sn3,111,hollow|A_A_A|FCC,1.808618
UmVhY3Rpb246NDI3NjEw,In3Sn,In9Sn3,111,hollow|A_A_A|HCP,1.977936
UmVhY3Rpb246NDA0MTQ3,In3Sn,In9Sn3,111,hollow|A_A_B|FCC,1.515665
UmVhY3Rpb246MzQ1NjQ1,In3Ta,In9Ta3,111,hollow|A_A_A|FCC,2.543334
UmVhY3Rpb246MzQ1NjQ2,In3Ta,In9Ta3,111,hollow|A_A_A|HCP,2.450361
UmVhY3Rpb246NDAzOTg3,In3Ta,In9Ta3,111,hollow|A_A_B|FCC,-0.332498
UmVhY3Rpb246MzQ1NjQ3,In3Ta,In9Ta3,111,hollow|A_A_B|HCP,-0.237427
UmVhY3Rpb246MzU1MDQ0,In3Ta,In9Ta3,111,top|B,0.196991
UmVhY3Rpb246NDI3NjEx,In3Tc,In9Tc3,111,hollow|A_A_A|FCC,1.994906
UmVhY3Rpb246MzQ0NzEw,In3Tc,In9Tc3,111,hollow|A_A_A|HCP,1.887905
UmVhY3Rpb246NDI3NjEy,In3Tc,In9Tc3,111,hollow|A_A_B|HCP,0.712441
UmVhY3Rpb246MzQyNTk0,In3Ti,In9Ti3,111,hollow|A_A_A|FCC,2.259313
UmVhY3Rpb246NDI3NjEz,In3Ti,In9Ti3,111,hollow|A_A_A|HCP,2.380487
UmVhY3Rpb246NDAzOTgw,In3Ti,In9Ti3,111,hollow|A_A_B|FCC,-0.116617
UmVhY3Rpb246NDAzOTgx,In3Ti,In9Ti3,111,hollow|A_A_B|HCP,-0.140052
UmVhY3Rpb246MzQ5NjA2,In3Ti,In9Ti3,111,top|B,1.003155
UmVhY3Rpb246MzQ4NjMy,In3Tl,In9Tl3,111,hollow|A_A_A|FCC,1.675799
UmVhY3Rpb246MzQ4NjMz,In3Tl,In9Tl3,111,hollow|A_A_A|HCP,1.554456
UmVhY3Rpb246NDAzOTky,In3V,In9V3,111,hollow-tilt|A_A_B|FCC,-0.156805
UmVhY3Rpb246NDAzOTkz,In3V,In9V3,111,hollow-tilt|A_A_B|HCP,-0.029662
UmVhY3Rpb246MzQyOTYw,In3W,In9W3,111,hollow|A_A_A|FCC,2.353935
UmVhY3Rpb246MzQyOTYx,In3W,In9W3,111,hollow|A_A_A|HCP,2.149489
UmVhY3Rpb246NDA0MDEx,In3W,In9W3,111,hollow|A_A_B|HCP,0.047081
UmVhY3Rpb246MzQ3NTYx,In3Y,In9Y3,111,hollow|A_A_A|FCC,1.917335
UmVhY3Rpb246MzQ3NTYy,In3Y,In9Y3,111,hollow|A_A_B|FCC,0.368169
UmVhY3Rpb246MzQ3NTYz,In3Y,In9Y3,111,hollow|A_A_B|HCP,0.366777
UmVhY3Rpb246NDAzOTUx,In3Y,In9Y3,111,top|B,3.018718
UmVhY3Rpb246MzQwMzA0,In3Zn,In9Zn3,111,hollow|A_A_A|FCC,1.710461
UmVhY3Rpb246MzQwMzA1,In3Zn,In9Zn3,111,hollow|A_A_A|HCP,1.655825
UmVhY3Rpb246MzQwMzA2,In3Zn,In9Zn3,111,hollow|A_A_B|FCC,1.508527
UmVhY3Rpb246MzQwMzA3,In3Zn,In9Zn3,111,hollow|A_A_B|HCP,1.093396
UmVhY3Rpb246MzQ4MTEx,In3Zr,In9Zr3,111,hollow|A_A_A|FCC,2.355191
UmVhY3Rpb246MzQ4MTEy,In3Zr,In9Zr3,111,hollow|A_A_A|HCP,2.460373
UmVhY3Rpb246MzQ4MTEz,In3Zr,In9Zr3,111,hollow|A_A_B|FCC,0.036704
UmVhY3Rpb246MzQ4MTE0,In3Zr,In9Zr3,111,hollow|A_A_B|HCP,-0.024226
UmVhY3Rpb246MzYwNDk4,In3Zr,In9Zr3,111,top|B,1.640248
UmVhY3Rpb246NDE5NTEz,InIr,In6Ir6,101,bridge|A_A|B,3.127056
UmVhY3Rpb246NDE5NTE0,InIr,In6Ir6,101,bridge|A_B|A,1.718579
UmVhY3Rpb246MzU4ODU3,InIr,In6Ir6,101,hollow|A_A_B|FCC,1.751695
UmVhY3Rpb246MzU4ODU4,InIr,In6Ir6,101,hollow|A_B_B|HCP,0.966988
UmVhY3Rpb246MzUzODQ5,InLa,In6La6,101,hollow|A_A_B|FCC,0.324965
UmVhY3Rpb246MzUzODUw,InLa,In6La6,101,hollow|A_B_B|FCC,-1.170965
UmVhY3Rpb246MzUzODUx,InLa,In6La6,101,hollow|A_B_B|HCP,-1.270723
UmVhY3Rpb246MzUxMTQw,InMn,In6Mn6,101,hollow|A_A_B|FCC,1.422363
UmVhY3Rpb246NDI3NjE0,InMn,In6Mn6,101,hollow|A_B_B|HCP,0.453487
UmVhY3Rpb246MzUzNTI3,InMo,In6Mo6,101,bridge|B_B|A,-0.516821
UmVhY3Rpb246MzUzNTI4,InMo,In6Mo6,101,top|B,0.040539
UmVhY3Rpb246MzUwOTA2,InNb,In6Nb6,101,bridge|B_B|A,-1.004320
UmVhY3Rpb246MzUwOTA5,InNb,In6Nb6,101,hollow-tilt|A_A_B|HCP,0.265621
UmVhY3Rpb246MzUwOTA3,InNb,In6Nb6,101,hollow|A_A_B|FCC,0.440516
UmVhY3Rpb246MzUwOTA4,InNb,In6Nb6,101,hollow|A_B_B|HCP,-0.778860
UmVhY3Rpb246NDIyNTM3,InNi,In6Ni6,101,bridge|B_B|A,1.035430
UmVhY3Rpb246NDIyNTM4,InNi,In6Ni6,101,hollow|A_A_B|FCC,1.676834
UmVhY3Rpb246MzUyMzU0,InOs,In6Os6,101,bridge|B_B|A,-0.423840
UmVhY3Rpb246MzUyMzU1,InOs,In6Os6,101,top|A,4.987188
UmVhY3Rpb246MzUyMzU2,InOs,In6Os6,101,top|B,0.025056
UmVhY3Rpb246MzU1NTc2,InPb,In6Pb6,101,hollow|A_A_B|FCC,1.804491
UmVhY3Rpb246MzU5Mjcy,InPd,In6Pd6,101,hollow|A_A_B|FCC,2.140500
UmVhY3Rpb246MzU5Mjcz,InPd,In6Pd6,101,hollow|A_B_B|HCP,2.355129
UmVhY3Rpb246MzU1NzU1,InPt,In6Pt6,101,hollow|A_A_B|FCC,1.862168
UmVhY3Rpb246MzU1NzU2,InPt,In6Pt6,101,hollow|A_B_B|HCP,2.016148
UmVhY3Rpb246MzU1NzU3,InPt,In6Pt6,101,top|A,4.762505
UmVhY3Rpb246MzU2MTc4,InRe,In6Re6,101,top|B,0.307568
UmVhY3Rpb246MzU5Njk4,InRh,In6Rh6,101,hollow|A_A_B|FCC,1.924889
UmVhY3Rpb246MzU5Njk5,InRh,In6Rh6,101,hollow|A_B_B|FCC,1.551599
UmVhY3Rpb246MzU5NzAw,InRh,In6Rh6,101,hollow|A_B_B|HCP,1.508809
UmVhY3Rpb246NDE3Mjg0,InRu,In6Ru6,101,4fold|A_A_B_B,2.014538
UmVhY3Rpb246NDI4NDgw,InRu,In6Ru6,101,bridge|A_A|B,-0.210183
UmVhY3Rpb246NDE3Mjg1,InRu,In6Ru6,101,bridge|B_B|A,-0.209383
UmVhY3Rpb246NDE3Mjg2,InRu,In6Ru6,101,top|B,0.637500
UmVhY3Rpb246NDA2MTM5,InSc,In6Sc6,101,4fold|A_A_B_B,0.789002
UmVhY3Rpb246NDA2MTQw,InSc,In6Sc6,101,hollow|A_A_B|FCC,0.516478
UmVhY3Rpb246NDA2MTQx,InSc,In6Sc6,101,hollow|A_B_B|FCC,-1.325024
UmVhY3Rpb246NDA2MTQy,InSc,In6Sc6,101,hollow|A_B_B|HCP,-1.428153
UmVhY3Rpb246MzU4Mzg0,InSn,In6Sn6,101,hollow|A_A_B|FCC,1.538832
UmVhY3Rpb246MzU4Mzg1,InSn,In6Sn6,101,hollow|A_B_B|FCC,1.290212
UmVhY3Rpb246NDA3MzA0,InTa,In6Ta6,101,bridge|B_B|A,-1.313971
UmVhY3Rpb246NDA3MzA1,InTa,In6Ta6,101,bridge|B_B|B,-1.310823
UmVhY3Rpb246NDA3MzA2,InTa,In6Ta6,101,hollow|A_A_B|FCC,0.349211
UmVhY3Rpb246NDA3MzA3,InTa,In6Ta6,101,hollow|A_A_B|HCP,0.080013
UmVhY3Rpb246NDA3MzA4,InTa,In6Ta6,101,hollow|A_B_B|HCP,-1.048717
UmVhY3Rpb246MzUwMzkx,InTc,In6Tc6,101,bridge|B_B|A,-1.040009
UmVhY3Rpb246MzU5MDQx,InTi,In6Ti6,101,bridge|B_B|A,-1.586872
UmVhY3Rpb246MzU5MDQy,InTi,In6Ti6,101,hollow|A_A_B|FCC,0.228080
UmVhY3Rpb246MzU5MDQz,InTi,In6Ti6,101,hollow|A_A_B|HCP,0.227877
UmVhY3Rpb246NDA3MDM3,InTi,In6Ti6,101,hollow|A_B_B|FCC,-1.586887
UmVhY3Rpb246MzU5MDQ0,InTi,In6Ti6,101,hollow|A_B_B|HCP,-1.531624
UmVhY3Rpb246NDA0MTI4,InTl,In6Tl6,101,hollow|A_A_B|HCP,1.796653
UmVhY3Rpb246MzU5MTA0,InV,In6V6,101,bridge|B_B|A,-1.121202
UmVhY3Rpb246NDI3NjE1,InV,In6V6,101,hollow-tilt|A_A_B|FCC,0.389082
UmVhY3Rpb246MzU5MTA1,InV,In6V6,101,hollow-tilt|A_A_B|HCP,0.226002
UmVhY3Rpb246MzU2MDk4,InW,In6W6,101,bridge|B_B|A,-0.831320
UmVhY3Rpb246MzU2MDk5,InW,In6W6,101,top|B,-0.047265
UmVhY3Rpb246MzUxMTQ4,InY,In6Y6,101,hollow|A_B_B|HCP,-1.218468
UmVhY3Rpb246NDI3NjE2,InZn,In6Zn6,101,hollow|A_A_B|HCP,1.503047
UmVhY3Rpb246NDI3NjE3,InZn,In6Zn6,101,hollow|A_B_B|HCP,0.946861
UmVhY3Rpb246NDA2NTIw,InZr,In6Zr6,101,hollow|A_A_B|FCC,0.328465
UmVhY3Rpb246NDA2NTIx,InZr,In6Zr6,101,hollow|A_A_B|HCP,0.402209
UmVhY3Rpb246NDA2NTIy,InZr,In6Zr6,101,hollow|A_B_B|FCC,-1.534702
UmVhY3Rpb246NDA2NTIz,InZr,In6Zr6,101,hollow|A_B_B|HCP,-1.478570
UmVhY3Rpb246MzM5ODM2,Ir,Ir12,111,hollow|A_A_A|FCC,0.340008
UmVhY3Rpb246MzM5ODM3,Ir,Ir12,111,hollow|A_A_A|HCP,0.134911
UmVhY3Rpb246MzM5ODM4,Ir,Ir12,111,top|A,1.462831
UmVhY3Rpb246MzQ4NTQ1,Ir3Ag,Ag3Ir9,111,hollow|A_A_A|FCC,-0.398171
UmVhY3Rpb246MzQ4NTQ2,Ir3Ag,Ag3Ir9,111,hollow|A_A_A|HCP,-0.925349
UmVhY3Rpb246Mzc3Mjg4,Ir3Ag,Ag3Ir9,111,top|B,5.162792
UmVhY3Rpb246MzQ5MDg2,Ir3Al,Al3Ir9,111,hollow|A_A_A|FCC,0.047963
UmVhY3Rpb246MzQ5MDg3,Ir3Al,Al3Ir9,111,hollow|A_A_A|HCP,-0.357940
UmVhY3Rpb246MzQ5MDg4,Ir3Al,Al3Ir9,111,hollow|A_A_B|FCC,0.348214
UmVhY3Rpb246MzQ5MDg5,Ir3Al,Al3Ir9,111,hollow|A_A_B|HCP,0.400716
UmVhY3Rpb246NDE5MTc0,Ir3Al,Al3Ir9,111,top|A,1.309114
UmVhY3Rpb246NDE5MTc1,Ir3Al,Al3Ir9,111,top|B,3.612501
UmVhY3Rpb246MzQxMTk2,Ir3Au,Au3Ir9,111,hollow|A_A_A|FCC,-0.376209
UmVhY3Rpb246MzQxMTk3,Ir3Au,Au3Ir9,111,hollow|A_A_A|HCP,-0.639680
UmVhY3Rpb246NDE4NzU3,Ir3Au,Au3Ir9,111,top-tilt|A,1.233115
UmVhY3Rpb246MzYwNDM3,Ir3Au,Au3Ir9,111,top|A,1.234004
UmVhY3Rpb246MzYwNDM4,Ir3Au,Au3Ir9,111,top|B,4.565027
UmVhY3Rpb246MzQ3MDcx,Ir3Cd,Cd3Ir9,111,hollow|A_A_A|FCC,-0.173564
UmVhY3Rpb246NDE5MDEy,Ir3Cd,Cd3Ir9,111,hollow|A_A_A|HCP,-0.816540
UmVhY3Rpb246NDE5MDE0,Ir3Cd,Cd3Ir9,111,top-tilt|A,1.204118
UmVhY3Rpb246NDE5MDEz,Ir3Cd,Cd3Ir9,111,top|B,5.613627
UmVhY3Rpb246NDI4NDgx,Ir3Co,Co3Ir9,111,hollow|A_A_A|FCC,0.130703
UmVhY3Rpb246NDI4NDgy,Ir3Co,Co3Ir9,111,hollow|A_A_A|HCP,-0.126017
UmVhY3Rpb246NDI4NDgz,Ir3Co,Co3Ir9,111,hollow|A_A_B|HCP,0.175608
UmVhY3Rpb246NDI4NDg0,Ir3Co,Co3Ir9,111,top|A,1.387663
UmVhY3Rpb246NDI4NDg1,Ir3Co,Co3Ir9,111,top|B,2.069205
UmVhY3Rpb246NDE3NjUw,Ir3Cr,Cr3Ir9,111,bridge|A_B|A,0.044537
UmVhY3Rpb246MzQwNDE2,Ir3Cr,Cr3Ir9,111,hollow|A_A_A|FCC,0.829553
UmVhY3Rpb246NDE3NjUx,Ir3Cr,Cr3Ir9,111,hollow|A_A_B|FCC,-0.093257
UmVhY3Rpb246NDE3NjUy,Ir3Cr,Cr3Ir9,111,hollow|A_A_B|HCP,-0.367766
UmVhY3Rpb246MzYwMzE5,Ir3Cr,Cr3Ir9,111,top|A,1.544819
UmVhY3Rpb246MzYwMzIw,Ir3Cr,Cr3Ir9,111,top|B,0.470361
UmVhY3Rpb246NDE4OTQx,Ir3Cu,Cu3Ir9,111,hollow|A_A_A|FCC,-0.283877
UmVhY3Rpb246NDE4OTQy,Ir3Cu,Cu3Ir9,111,hollow|A_A_A|HCP,-0.572571
UmVhY3Rpb246NDE4OTQz,Ir3Cu,Cu3Ir9,111,hollow|A_A_B|HCP,0.425042
UmVhY3Rpb246NDE4Mjkz,Ir3Fe,Fe3Ir9,111,bridge|A_A|A,0.566368
UmVhY3Rpb246NDE4Mjk4,Ir3Fe,Fe3Ir9,111,hollow|A_A_A|HCP,-0.234515
UmVhY3Rpb246NDE4Mjk5,Ir3Fe,Fe3Ir9,111,hollow|A_A_B|HCP,0.075439
UmVhY3Rpb246NDE5MzIy,Ir3Ga,Ga3Ir9,111,bridge|A_A|A,0.704433
UmVhY3Rpb246NDE5MzU3,Ir3Ga,Ga3Ir9,111,hollow|A_A_A|FCC,0.043770
UmVhY3Rpb246NDE5MzU4,Ir3Ga,Ga3Ir9,111,hollow|A_A_A|HCP,-0.270163
UmVhY3Rpb246NDE3NjA1,Ir3Hf,Hf3Ir9,111,hollow|A_A_B|FCC,-0.164776
UmVhY3Rpb246NDE3NjA2,Ir3Hf,Hf3Ir9,111,hollow|A_A_B|HCP,0.022516
UmVhY3Rpb246MzkzOTY5,Ir3Hf,Hf3Ir9,111,top|A,1.226313
UmVhY3Rpb246MzkzOTcw,Ir3Hf,Hf3Ir9,111,top|B,3.259373
UmVhY3Rpb246MzQ0NTM4,Ir3Hg,Hg3Ir9,111,hollow|A_A_A|FCC,-0.151060
UmVhY3Rpb246MzQ0NTM5,Ir3Hg,Hg3Ir9,111,hollow|A_A_A|HCP,-0.629920
UmVhY3Rpb246NDE5MDI5,Ir3Hg,Hg3Ir9,111,top|A,1.337641
UmVhY3Rpb246MzQ1OTI5,Ir3In,In3Ir9,111,hollow|A_A_A|FCC,0.110104
UmVhY3Rpb246MzQ1OTMw,Ir3In,In3Ir9,111,hollow|A_A_A|HCP,-0.382946
UmVhY3Rpb246NDE5NDc5,Ir3In,In3Ir9,111,top-tilt|A,1.415163
UmVhY3Rpb246NDE5NDc3,Ir3In,In3Ir9,111,top|A,1.413290
UmVhY3Rpb246NDE5NDc4,Ir3In,In3Ir9,111,top|B,5.244500
UmVhY3Rpb246NDE3NTY4,Ir3La,Ir9La3,111,bridge|A_A|A,0.154186
UmVhY3Rpb246MzQyNDUz,Ir3La,Ir9La3,111,hollow|A_A_A|FCC,-0.167571
UmVhY3Rpb246MzQyNDU0,Ir3La,Ir9La3,111,hollow|A_A_A|HCP,-1.058738
UmVhY3Rpb246NDE4MzM4,Ir3Mn,Ir9Mn3,111,bridge|A_A|A,0.448110
UmVhY3Rpb246MzQ3ODQ0,Ir3Mn,Ir9Mn3,111,hollow|A_A_A|FCC,0.002517
UmVhY3Rpb246MzQ3ODQ1,Ir3Mn,Ir9Mn3,111,hollow|A_A_A|HCP,-0.312194
UmVhY3Rpb246MzQ3ODQ2,Ir3Mn,Ir9Mn3,111,hollow|A_A_B|FCC,0.118064
UmVhY3Rpb246MzQ3ODQ3,Ir3Mn,Ir9Mn3,111,hollow|A_A_B|HCP,-0.017111
UmVhY3Rpb246NDE4MzM5,Ir3Mn,Ir9Mn3,111,top|A,1.287317
UmVhY3Rpb246NDE4MzQw,Ir3Mn,Ir9Mn3,111,top|B,1.048828
UmVhY3Rpb246MzQ0MTk3,Ir3Mo,Ir9Mo3,111,hollow|A_A_A|FCC,1.225459
UmVhY3Rpb246MzQ0MTk4,Ir3Mo,Ir9Mo3,111,hollow|A_A_A|HCP,0.456359
UmVhY3Rpb246MzQ0MTk5,Ir3Mo,Ir9Mo3,111,hollow|A_A_B|FCC,-0.118705
UmVhY3Rpb246MzQ0MjAw,Ir3Mo,Ir9Mo3,111,hollow|A_A_B|HCP,-0.290158
UmVhY3Rpb246MzUzNjU5,Ir3Mo,Ir9Mo3,111,top|A,1.707867
UmVhY3Rpb246MzUzNjYx,Ir3Mo,Ir9Mo3,111,top|B,0.350524
UmVhY3Rpb246MzQ1NDI3,Ir3Nb,Ir9Nb3,111,hollow|A_A_A|FCC,0.821213
UmVhY3Rpb246MzQ1NDI4,Ir3Nb,Ir9Nb3,111,hollow|A_A_A|HCP,0.059749
UmVhY3Rpb246MzQ1NDI5,Ir3Nb,Ir9Nb3,111,hollow|A_A_B|FCC,-0.129385
UmVhY3Rpb246MzQ1NDMw,Ir3Nb,Ir9Nb3,111,hollow|A_A_B|HCP,-0.200823
UmVhY3Rpb246MzU0NzE2,Ir3Nb,Ir9Nb3,111,top|A,1.454272
UmVhY3Rpb246MzU0NzE3,Ir3Nb,Ir9Nb3,111,top|B,1.565541
UmVhY3Rpb246NDE4MTEw,Ir3Ni,Ir9Ni3,111,hollow|A_A_A|FCC,-0.139068
UmVhY3Rpb246NDE4MTE0,Ir3Ni,Ir9Ni3,111,hollow|A_A_A|HCP,-0.353706
UmVhY3Rpb246NDE4MTE4,Ir3Ni,Ir9Ni3,111,hollow|A_A_B|HCP,0.213952
UmVhY3Rpb246MzUzNTgy,Ir3Ni,Ir9Ni3,111,top|A,1.321708
UmVhY3Rpb246MzUzNTgz,Ir3Ni,Ir9Ni3,111,top|B,2.917190
UmVhY3Rpb246MzQ1MDQ4,Ir3Os,Ir9Os3,111,hollow|A_A_A|FCC,0.902869
UmVhY3Rpb246MzQ1MDQ5,Ir3Os,Ir9Os3,111,hollow|A_A_A|HCP,0.565299
UmVhY3Rpb246MzQ1MDUw,Ir3Os,Ir9Os3,111,hollow|A_A_B|FCC,0.103911
UmVhY3Rpb246MzQ1MDUx,Ir3Os,Ir9Os3,111,hollow|A_A_B|HCP,-0.166795
UmVhY3Rpb246MzU0NTEx,Ir3Os,Ir9Os3,111,top|A,1.689342
UmVhY3Rpb246MzU0NTEy,Ir3Os,Ir9Os3,111,top|B,0.235229
UmVhY3Rpb246NDE5NTM3,Ir3Pb,Ir9Pb3,111,top-tilt|A,1.543599
UmVhY3Rpb246NDE4NTcz,Ir3Pd,Ir9Pd3,111,hollow|A_A_A|FCC,-0.255723
UmVhY3Rpb246NDE4NTc0,Ir3Pd,Ir9Pd3,111,hollow|A_A_A|HCP,-0.550757
UmVhY3Rpb246NDE4NTc1,Ir3Pd,Ir9Pd3,111,hollow|A_A_B|HCP,0.298736
UmVhY3Rpb246NDE4NTc4,Ir3Pd,Ir9Pd3,111,top|A,1.229248
UmVhY3Rpb246NDE4NTc5,Ir3Pd,Ir9Pd3,111,top|B,3.691932
UmVhY3Rpb246MzQ2NDc4,Ir3Pt,Ir9Pt3,111,hollow|A_A_A|FCC,-0.117781
UmVhY3Rpb246MzQ2NDc5,Ir3Pt,Ir9Pt3,111,hollow|A_A_A|HCP,-0.231155
UmVhY3Rpb246MzQ2NDgw,Ir3Pt,Ir9Pt3,111,hollow|A_A_B|FCC,0.448308
UmVhY3Rpb246MzQ2NDgx,Ir3Pt,Ir9Pt3,111,hollow|A_A_B|HCP,0.383454
UmVhY3Rpb246NDE4Mzgx,Ir3Pt,Ir9Pt3,111,top|A,1.291687
UmVhY3Rpb246NDE4Mzgy,Ir3Pt,Ir9Pt3,111,top|B,2.911003
UmVhY3Rpb246MzQ2Mjg3,Ir3Re,Ir9Re3,111,hollow|A_A_A|FCC,1.373713
UmVhY3Rpb246MzQ2Mjg4,Ir3Re,Ir9Re3,111,hollow|A_A_A|HCP,0.783394
UmVhY3Rpb246MzQ2Mjg5,Ir3Re,Ir9Re3,111,hollow|A_A_B|FCC,-0.154361
UmVhY3Rpb246MzQ2Mjkw,Ir3Re,Ir9Re3,111,hollow|A_A_B|HCP,-0.350959
UmVhY3Rpb246MzYwNDY0,Ir3Re,Ir9Re3,111,top|A,1.852418
UmVhY3Rpb246MzYwNDY1,Ir3Re,Ir9Re3,111,top|B,-0.187444
UmVhY3Rpb246MzQzNzkz,Ir3Rh,Ir9Rh3,111,hollow|A_A_A|FCC,0.133488
UmVhY3Rpb246MzQzNzk0,Ir3Rh,Ir9Rh3,111,hollow|A_A_A|HCP,-0.171596
UmVhY3Rpb246MzQzNzk1,Ir3Rh,Ir9Rh3,111,hollow|A_A_B|FCC,0.355220
UmVhY3Rpb246MzQzNzk2,Ir3Rh,Ir9Rh3,111,hollow|A_A_B|HCP,0.175263
UmVhY3Rpb246MzUwNjU0,Ir3Rh,Ir9Rh3,111,top|A,1.372863
UmVhY3Rpb246MzUwNjU1,Ir3Rh,Ir9Rh3,111,top|B,2.237350
UmVhY3Rpb246NDE3ODM5,Ir3Ru,Ir9Ru3,111,hollow|A_A_B|FCC,0.242069
UmVhY3Rpb246NDE3ODQw,Ir3Ru,Ir9Ru3,111,hollow|A_A_B|HCP,-0.043171
UmVhY3Rpb246MzU0Nzg2,Ir3Ru,Ir9Ru3,111,top|A,1.555730
UmVhY3Rpb246MzU0Nzg4,Ir3Ru,Ir9Ru3,111,top|B,0.862985
UmVhY3Rpb246MzkzOTU2,Ir3Sc,Ir9Sc3,111,bridge|A_A|B,-0.298635
UmVhY3Rpb246MzQ3NjQz,Ir3Sc,Ir9Sc3,111,hollow|A_A_A|FCC,-0.091452
UmVhY3Rpb246MzQ3NjQ0,Ir3Sc,Ir9Sc3,111,hollow|A_A_A|HCP,-0.801351
UmVhY3Rpb246MzQ3NjQ1,Ir3Sc,Ir9Sc3,111,hollow|A_A_B|HCP,0.055011
UmVhY3Rpb246MzQ2MDIx,Ir3Sn,Ir9Sn3,111,hollow|A_A_A|FCC,0.245954
UmVhY3Rpb246MzQ2MDIy,Ir3Sn,Ir9Sn3,111,hollow|A_A_A|HCP,-0.000718
UmVhY3Rpb246MzQxMDMy,Ir3Ta,Ir9Ta3,111,hollow|A_A_A|FCC,0.855553
UmVhY3Rpb246MzQxMDMz,Ir3Ta,Ir9Ta3,111,hollow|A_A_A|HCP,0.155031
UmVhY3Rpb246MzQxMDM0,Ir3Ta,Ir9Ta3,111,hollow|A_A_B|FCC,-0.128860
UmVhY3Rpb246MzQxMDM1,Ir3Ta,Ir9Ta3,111,hollow|A_A_B|HCP,-0.181383
UmVhY3Rpb246MzY3OTc4,Ir3Ta,Ir9Ta3,111,top|A,1.492232
UmVhY3Rpb246MzY3OTgy,Ir3Ta,Ir9Ta3,111,top|B,1.819680
UmVhY3Rpb246NDE3NjU5,Ir3Tc,Ir9Tc3,111,bridge|A_B|A,0.197142
UmVhY3Rpb246MzQxNTg4,Ir3Tc,Ir9Tc3,111,hollow|A_A_A|FCC,1.078348
UmVhY3Rpb246MzQxNTg5,Ir3Tc,Ir9Tc3,111,hollow|A_A_A|HCP,0.503284
UmVhY3Rpb246MzQxNTkw,Ir3Tc,Ir9Tc3,111,hollow|A_A_B|FCC,0.052213
UmVhY3Rpb246MzQxNTkx,Ir3Tc,Ir9Tc3,111,hollow|A_A_B|HCP,-0.210904
UmVhY3Rpb246MzUxODc2,Ir3Tc,Ir9Tc3,111,top|A,1.729644
UmVhY3Rpb246MzUxODc3,Ir3Tc,Ir9Tc3,111,top|B,0.174207
UmVhY3Rpb246MzQ3ODE5,Ir3Ti,Ir9Ti3,111,hollow|A_A_A|FCC,0.301231
UmVhY3Rpb246MzQ3ODIw,Ir3Ti,Ir9Ti3,111,hollow|A_A_A|HCP,-0.343143
UmVhY3Rpb246MzQ3ODIx,Ir3Ti,Ir9Ti3,111,hollow|A_A_B|FCC,-0.109620
UmVhY3Rpb246MzQ3ODIy,Ir3Ti,Ir9Ti3,111,hollow|A_A_B|HCP,-0.145572
UmVhY3Rpb246MzYwNjM1,Ir3Ti,Ir9Ti3,111,top|A,1.241557
UmVhY3Rpb246MzYwNjM2,Ir3Ti,Ir9Ti3,111,top|B,2.471457
UmVhY3Rpb246MzU0NzM1,Ir3Tl,Ir9Tl3,111,top|A,1.523442
UmVhY3Rpb246MzQ2MTcz,Ir3V,Ir9V3,111,hollow|A_A_A|FCC,0.723349
UmVhY3Rpb246MzQ2MTc0,Ir3V,Ir9V3,111,hollow|A_A_A|HCP,0.081946
UmVhY3Rpb246MzQ2MTc1,Ir3V,Ir9V3,111,hollow|A_A_B|FCC,-0.131236
UmVhY3Rpb246MzQ2MTc2,Ir3V,Ir9V3,111,hollow|A_A_B|HCP,-0.345930
UmVhY3Rpb246MzYwNDU2,Ir3V,Ir9V3,111,top|A,1.427406
UmVhY3Rpb246MzYwNDU3,Ir3V,Ir9V3,111,top|B,1.129918
UmVhY3Rpb246MzQ2ODQ3,Ir3W,Ir9W3,111,hollow|A_A_A|FCC,1.389165
UmVhY3Rpb246MzQ2ODQ4,Ir3W,Ir9W3,111,hollow|A_A_A|HCP,0.627021
UmVhY3Rpb246MzQ2ODQ5,Ir3W,Ir9W3,111,hollow|A_A_B|FCC,-0.235389
UmVhY3Rpb246MzQ2ODUw,Ir3W,Ir9W3,111,hollow|A_A_B|HCP,-0.357046
UmVhY3Rpb246Mzk0MDE1,Ir3W,Ir9W3,111,top|A,1.764767
UmVhY3Rpb246Mzk0MDE2,Ir3W,Ir9W3,111,top|B,0.388091
UmVhY3Rpb246MzkzOTQ4,Ir3Y,Ir9Y3,111,bridge|A_A|A,0.020616
UmVhY3Rpb246MzQ2NjI1,Ir3Y,Ir9Y3,111,hollow|A_A_A|FCC,-0.189847
UmVhY3Rpb246MzQ2NjI2,Ir3Y,Ir9Y3,111,hollow|A_A_A|HCP,-1.022011
UmVhY3Rpb246MzkzOTQ5,Ir3Y,Ir9Y3,111,top|B,4.827716
UmVhY3Rpb246MzQyMjc0,Ir3Zn,Ir9Zn3,111,hollow|A_A_A|FCC,-0.147590
UmVhY3Rpb246MzQyMjc1,Ir3Zn,Ir9Zn3,111,hollow|A_A_A|HCP,-0.595197
UmVhY3Rpb246NDE4OTY5,Ir3Zn,Ir9Zn3,111,hollow|A_A_B|HCP,0.769426
UmVhY3Rpb246MzQ5Mzcx,Ir3Zn,Ir9Zn3,111,top|B,4.754602
UmVhY3Rpb246MzQ2ODA5,Ir3Zr,Ir9Zr3,111,hollow|A_A_A|FCC,0.180514
UmVhY3Rpb246MzQ2ODEw,Ir3Zr,Ir9Zr3,111,hollow|A_A_A|HCP,-0.545593
UmVhY3Rpb246MzQ2ODEx,Ir3Zr,Ir9Zr3,111,hollow|A_A_B|FCC,-0.195748
UmVhY3Rpb246MzQ2ODEy,Ir3Zr,Ir9Zr3,111,hollow|A_A_B|HCP,0.015822
UmVhY3Rpb246MzkzOTYz,Ir3Zr,Ir9Zr3,111,top|B,3.227231
UmVhY3Rpb246MzU3NjUy,IrLa,Ir6La6,101,4fold|A_A_B_B,-0.606793
UmVhY3Rpb246MzU3NjUz,IrLa,Ir6La6,101,bridge|A_A|B,-0.607176
UmVhY3Rpb246MzU3NjU0,IrLa,Ir6La6,101,hollow|A_B_B|FCC,-0.222782
UmVhY3Rpb246MzUzNzA0,IrMn,Ir6Mn6,101,hollow|A_B_B|FCC,-0.111929
UmVhY3Rpb246MzU3NDk2,IrMo,Ir6Mo6,101,hollow|A_A_B|FCC,-0.009063
UmVhY3Rpb246MzU3NDk3,IrMo,Ir6Mo6,101,hollow|A_A_B|HCP,-0.539371
UmVhY3Rpb246NDA5NzAz,IrMo,Ir6Mo6,101,hollow|A_B_B|FCC,-0.883462
UmVhY3Rpb246MzU3NDk4,IrMo,Ir6Mo6,101,hollow|A_B_B|HCP,-1.056022
UmVhY3Rpb246MzU1NzAy,IrNb,Ir6Nb6,101,hollow|A_A_B|FCC,-0.256704
UmVhY3Rpb246MzU1NzAz,IrNb,Ir6Nb6,101,hollow|A_A_B|HCP,-0.582975
UmVhY3Rpb246MzU1NzA0,IrNb,Ir6Nb6,101,hollow|A_B_B|FCC,-1.496916
UmVhY3Rpb246NDA3NDM0,IrNb,Ir6Nb6,101,hollow|A_B_B|HCP,-0.582938
UmVhY3Rpb246MzU1ODEx,IrNi,Ir6Ni6,101,hollow|A_A_B|FCC,-0.121790
UmVhY3Rpb246MzU1ODEy,IrNi,Ir6Ni6,101,hollow|A_A_B|HCP,-0.218367
UmVhY3Rpb246MzU1ODEz,IrNi,Ir6Ni6,101,hollow|A_B_B|FCC,0.408329
UmVhY3Rpb246MzU1ODE0,IrNi,Ir6Ni6,101,hollow|A_B_B|HCP,0.312831
UmVhY3Rpb246NDEyMDcy,IrOs,Ir6Os6,101,bridge|A_B|B,1.009642
UmVhY3Rpb246MzUxMzkz,IrOs,Ir6Os6,101,hollow|A_A_B|FCC,0.604816
UmVhY3Rpb246MzUxMzk0,IrOs,Ir6Os6,101,hollow|A_A_B|HCP,0.236372
UmVhY3Rpb246MzUxMzk1,IrOs,Ir6Os6,101,hollow|A_B_B|FCC,-0.037859
UmVhY3Rpb246MzUxMzk2,IrOs,Ir6Os6,101,hollow|A_B_B|HCP,-0.442702
UmVhY3Rpb246MzU3MTk4,IrPb,Ir6Pb6,101,hollow-tilt|A_B_B|FCC,1.660748
UmVhY3Rpb246MzU5MTY3,IrPd,Ir6Pd6,101,hollow|A_A_B|FCC,-0.118411
UmVhY3Rpb246MzU5MTY4,IrPd,Ir6Pd6,101,hollow|A_A_B|HCP,-0.207955
UmVhY3Rpb246MzU5MTY5,IrPd,Ir6Pd6,101,hollow|A_B_B|FCC,0.783933
UmVhY3Rpb246MzU5MTcw,IrPd,Ir6Pd6,101,hollow|A_B_B|HCP,0.674309
UmVhY3Rpb246NDE4NDI2,IrPt,Ir6Pt6,101,bridge|A_A|B,0.365830
UmVhY3Rpb246MzU1MzQy,IrPt,Ir6Pt6,101,hollow|A_A_B|FCC,0.079754
UmVhY3Rpb246NDE4NDMy,IrPt,Ir6Pt6,101,hollow|A_A_B|HCP,0.086657
UmVhY3Rpb246MzU1MzQ0,IrPt,Ir6Pt6,101,hollow|A_B_B|FCC,0.697593
UmVhY3Rpb246MzU1MzQ2,IrPt,Ir6Pt6,101,hollow|A_B_B|HCP,0.702384
UmVhY3Rpb246MzU1MzQ5,IrPt,Ir6Pt6,101,top|A,1.175300
UmVhY3Rpb246MzUyODc3,IrRe,Ir6Re6,101,hollow|A_A_B|FCC,0.333745
UmVhY3Rpb246MzUyODc4,IrRe,Ir6Re6,101,hollow|A_A_B|HCP,-0.124104
UmVhY3Rpb246MzUyODc5,IrRe,Ir6Re6,101,hollow|A_B_B|FCC,-0.518999
UmVhY3Rpb246MzUyODgw,IrRe,Ir6Re6,101,hollow|A_B_B|HCP,-0.919378
UmVhY3Rpb246MzUxNjYy,IrRh,Ir6Rh6,101,hollow|A_A_B|FCC,0.150658
UmVhY3Rpb246MzUxNjYz,IrRh,Ir6Rh6,101,hollow|A_A_B|HCP,-0.120857
UmVhY3Rpb246MzUxNjY0,IrRh,Ir6Rh6,101,hollow|A_B_B|FCC,0.411543
UmVhY3Rpb246MzUxNjY1,IrRh,Ir6Rh6,101,hollow|A_B_B|HCP,0.239205
UmVhY3Rpb246MzUwOTM3,IrRu,Ir6Ru6,101,hollow|A_A_B|FCC,0.460118
UmVhY3Rpb246MzUwOTM4,IrRu,Ir6Ru6,101,hollow|A_A_B|HCP,-0.004271
UmVhY3Rpb246MzUwOTM5,IrRu,Ir6Ru6,101,hollow|A_B_B|FCC,0.120033
UmVhY3Rpb246MzUwOTQw,IrRu,Ir6Ru6,101,hollow|A_B_B|HCP,-0.235351
UmVhY3Rpb246MzU1NTA4,IrSc,Ir6Sc6,101,4fold|A_A_B_B,-0.625006
UmVhY3Rpb246NDI3NjE4,IrSc,Ir6Sc6,101,hollow|A_B_B|FCC,-0.212803
UmVhY3Rpb246MzU3NDEw,IrSn,Ir6Sn6,101,hollow|A_A_B|HCP,1.346651
UmVhY3Rpb246MzU3NDEx,IrSn,Ir6Sn6,101,hollow|A_B_B|FCC,1.615612
UmVhY3Rpb246NDI3NjE5,IrTa,Ir6Ta6,101,hollow|A_A_B|FCC,-0.185386
UmVhY3Rpb246NDA3MTU2,IrTa,Ir6Ta6,101,hollow|A_A_B|HCP,-0.420374
UmVhY3Rpb246MzU5NTE2,IrTa,Ir6Ta6,101,hollow|A_B_B|FCC,-1.820944
UmVhY3Rpb246MzU3MDk5,IrTc,Ir6Tc6,101,hollow|A_A_B|FCC,0.345330
UmVhY3Rpb246MzU3MTAw,IrTc,Ir6Tc6,101,hollow|A_A_B|HCP,-0.219001
UmVhY3Rpb246MzU3MTAx,IrTc,Ir6Tc6,101,hollow|A_B_B|FCC,-0.324119
UmVhY3Rpb246MzU3MTAy,IrTc,Ir6Tc6,101,hollow|A_B_B|HCP,-0.714709
UmVhY3Rpb246MzU3MTAz,IrTc,Ir6Tc6,101,top|A,1.674222
UmVhY3Rpb246MzU3MTA0,IrTc,Ir6Tc6,101,top|B,0.312554
UmVhY3Rpb246MzUyMTE2,IrTi,Ir6Ti6,101,hollow|A_A_B|HCP,0.106874
UmVhY3Rpb246MzUyMTE3,IrTi,Ir6Ti6,101,hollow|A_B_B|FCC,-1.436469
UmVhY3Rpb246MzUzMzMw,IrV,Ir6V6,101,hollow|A_A_B|FCC,-0.329698
UmVhY3Rpb246MzUzMzMx,IrV,Ir6V6,101,hollow|A_A_B|HCP,-0.729006
UmVhY3Rpb246MzUzMzMy,IrV,Ir6V6,101,hollow|A_B_B|FCC,-1.520109
UmVhY3Rpb246NDA4MjIw,IrV,Ir6V6,101,hollow|A_B_B|HCP,-0.728928
UmVhY3Rpb246NDEwMDE1,IrW,Ir6W6,101,bridge|B_B|A,-0.885834
UmVhY3Rpb246MzU3MDU2,IrW,Ir6W6,101,hollow|A_A_B|FCC,0.060544
UmVhY3Rpb246MzU3MDU3,IrW,Ir6W6,101,hollow|A_A_B|HCP,-0.404944
UmVhY3Rpb246MzU3MDU4,IrW,Ir6W6,101,hollow|A_B_B|FCC,-1.071500
UmVhY3Rpb246MzU3MDU5,IrW,Ir6W6,101,hollow|A_B_B|HCP,-1.182171
UmVhY3Rpb246NDA1NTA3,IrY,Ir6Y6,101,4fold|A_A_B_B,-0.844710
UmVhY3Rpb246NDA1NTA4,IrY,Ir6Y6,101,bridge|A_A|B,-0.847153
UmVhY3Rpb246NDA1NTA5,IrY,Ir6Y6,101,hollow|A_B_B|FCC,-0.143382
UmVhY3Rpb246NDE4OTcz,IrZn,Ir6Zn6,101,4fold|A_A_B_B,0.990634
UmVhY3Rpb246NDE4OTc0,IrZn,Ir6Zn6,101,bridge|A_A|B,0.175260
UmVhY3Rpb246MzUwODkx,IrZn,Ir6Zn6,101,hollow|A_A_B|HCP,0.179568
UmVhY3Rpb246MzUwODky,IrZn,Ir6Zn6,101,hollow|A_B_B|HCP,1.063434
UmVhY3Rpb246MzUxNTAw,IrZr,Ir6Zr6,101,hollow|A_B_B|FCC,-1.412809
UmVhY3Rpb246MzM5MTY5,La,La12,111,hollow|A_A_A|FCC,-1.977588
UmVhY3Rpb246MzM5MTcw,La,La12,111,hollow|A_A_A|HCP,-2.160344
UmVhY3Rpb246MzM5MTcy,La,La12,111,top|A,1.248354
UmVhY3Rpb246MzQzMjY2,La3Ag,Ag3La9,111,hollow|A_A_A|FCC,-2.446800
UmVhY3Rpb246MzQzMjY3,La3Ag,Ag3La9,111,hollow|A_A_A|HCP,-2.210265
UmVhY3Rpb246MzQ3NTMw,La3Al,Al3La9,111,hollow|A_A_A|FCC,-2.065857
UmVhY3Rpb246MzQ3NTMx,La3Al,Al3La9,111,hollow|A_A_A|HCP,-1.824040
UmVhY3Rpb246MzQ3NTMy,La3Al,Al3La9,111,hollow|A_A_B|FCC,-1.329176
UmVhY3Rpb246MzQ3NTMz,La3Al,Al3La9,111,hollow|A_A_B|HCP,-1.709352
UmVhY3Rpb246NDA1ODE4,La3Al,Al3La9,111,top|B,1.355856
UmVhY3Rpb246MzQxNDA4,La3Au,Au3La9,111,hollow|A_A_A|FCC,-2.532426
UmVhY3Rpb246MzQxNDA5,La3Au,Au3La9,111,hollow|A_A_A|HCP,-2.127743
UmVhY3Rpb246NDA1NzU1,La3Au,Au3La9,111,top|B,2.611608
UmVhY3Rpb246NDA1Nzg4,La3Cd,Cd3La9,111,hollow|A_A_A|FCC,-2.300813
UmVhY3Rpb246MzQ4NzA0,La3Cd,Cd3La9,111,hollow|A_A_A|HCP,-2.163444
UmVhY3Rpb246NDA1Nzg5,La3Cd,Cd3La9,111,top|B,3.165950
UmVhY3Rpb246MzQ0NjU2,La3Cr,Cr3La9,111,hollow|A_A_A|FCC,-1.834128
UmVhY3Rpb246MzQ0NjU3,La3Cr,Cr3La9,111,hollow|A_A_A|HCP,-1.689782
UmVhY3Rpb246MzQ0NjU4,La3Cr,Cr3La9,111,hollow|A_A_B|HCP,-2.577585
UmVhY3Rpb246MzQwODAy,La3Cu,Cu3La9,111,hollow|A_A_A|FCC,-2.297259
UmVhY3Rpb246MzQwODAz,La3Cu,Cu3La9,111,hollow|A_A_A|HCP,-2.025729
UmVhY3Rpb246MzQwODA0,La3Cu,Cu3La9,111,hollow|A_A_B|FCC,-1.219059
UmVhY3Rpb246MzQwODA1,La3Cu,Cu3La9,111,hollow|A_A_B|HCP,-1.661203
UmVhY3Rpb246NDA1NzIx,La3Fe,Fe3La9,111,hollow|A_A_A|FCC,-2.066204
UmVhY3Rpb246NDA1NzIy,La3Fe,Fe3La9,111,hollow|A_A_A|HCP,-1.847586
UmVhY3Rpb246MzQxMjM1,La3Ga,Ga3La9,111,hollow|A_A_A|FCC,-2.130746
UmVhY3Rpb246MzQxMjM2,La3Ga,Ga3La9,111,hollow|A_A_A|HCP,-1.853999
UmVhY3Rpb246MzQxNTEy,La3Ga,Ga3La9,111,hollow|A_A_B|FCC,-0.892066
UmVhY3Rpb246MzUxODQ1,La3Ga,Ga3La9,111,top|B,1.834363
UmVhY3Rpb246MzQyOTkw,La3Hf,Hf3La9,111,hollow|A_A_A|FCC,-1.677659
UmVhY3Rpb246MzQyOTkx,La3Hf,Hf3La9,111,hollow|A_A_A|HCP,-1.676255
UmVhY3Rpb246MzQyOTky,La3Hf,Hf3La9,111,hollow|A_A_B|FCC,-2.398485
UmVhY3Rpb246MzQyOTkz,La3Hf,Hf3La9,111,hollow|A_A_B|HCP,-2.601409
UmVhY3Rpb246MzQ1ODk3,La3Hg,Hg3La9,111,hollow|A_A_A|FCC,-2.370018
UmVhY3Rpb246MzQ1ODk4,La3Hg,Hg3La9,111,hollow|A_A_A|HCP,-2.225811
UmVhY3Rpb246MzU1NDk4,La3Hg,Hg3La9,111,top|B,3.249733
UmVhY3Rpb246MzQwNjE3,La3In,In3La9,111,hollow|A_A_A|FCC,-2.254280
UmVhY3Rpb246MzQwNjE4,La3In,In3La9,111,hollow|A_A_A|HCP,-2.068877
UmVhY3Rpb246MzQwNjE5,La3In,In3La9,111,hollow|A_A_B|FCC,-0.912895
UmVhY3Rpb246MzQwNjIw,La3In,In3La9,111,hollow|A_A_B|HCP,-1.397594
UmVhY3Rpb246MzYwMzk4,La3In,In3La9,111,top|B,2.897885
UmVhY3Rpb246MzQ1NTk2,La3Ir,Ir3La9,111,hollow|A_A_A|FCC,-2.215129
UmVhY3Rpb246MzQ1NTk3,La3Ir,Ir3La9,111,hollow|A_A_A|HCP,-1.840865
UmVhY3Rpb246MzU0OTMx,La3Ir,Ir3La9,111,top|B,1.078367
UmVhY3Rpb246MzQzNDgz,La3Mn,La9Mn3,111,hollow|A_A_A|FCC,-2.127954
UmVhY3Rpb246MzQzNDg0,La3Mn,La9Mn3,111,hollow|A_A_A|HCP,-2.056148
UmVhY3Rpb246MzQzNDg1,La3Mn,La9Mn3,111,hollow|A_A_B|FCC,-1.769366
UmVhY3Rpb246MzQzNDg2,La3Mn,La9Mn3,111,hollow|A_A_B|HCP,-2.185632
UmVhY3Rpb246NDA1Njcx,La3Mo,La9Mo3,111,bridge-tilt|A_B|A,-2.066279
UmVhY3Rpb246NDA1Njcy,La3Mo,La9Mo3,111,hollow|A_A_A|FCC,-1.765824
UmVhY3Rpb246MzUzNzA1,La3Mo,La9Mo3,111,top|B,-1.220401
UmVhY3Rpb246MzQ0NDk5,La3Nb,La9Nb3,111,hollow-tilt|A_A_B|FCC,-2.322126
UmVhY3Rpb246MzQ0NDk2,La3Nb,La9Nb3,111,hollow|A_A_A|FCC,-1.689615
UmVhY3Rpb246MzQ0NDk3,La3Nb,La9Nb3,111,hollow|A_A_A|HCP,-1.632411
UmVhY3Rpb246MzQ0NDk4,La3Nb,La9Nb3,111,hollow|A_A_B|HCP,-2.427569
UmVhY3Rpb246MzU0MTg3,La3Nb,La9Nb3,111,top|B,-1.178404
UmVhY3Rpb246NDA1NzA5,La3Ni,La9Ni3,111,hollow|A_A_A|FCC,-2.268438
UmVhY3Rpb246MzQxOTc1,La3Os,La9Os3,111,hollow|A_A_A|FCC,-2.016019
UmVhY3Rpb246MzQxOTc2,La3Os,La9Os3,111,hollow|A_A_A|HCP,-1.746649
UmVhY3Rpb246MzQ5MjE2,La3Os,La9Os3,111,top|B,-0.080798
UmVhY3Rpb246MzQ1MzY4,La3Pb,La9Pb3,111,hollow|A_A_A|FCC,-2.399629
UmVhY3Rpb246MzQ1MzY5,La3Pb,La9Pb3,111,hollow|A_A_A|HCP,-2.164719
UmVhY3Rpb246MzQwNDUw,La3Pd,La9Pd3,111,hollow|A_A_A|FCC,-2.419923
UmVhY3Rpb246MzQwNDUx,La3Pd,La9Pd3,111,hollow|A_A_A|HCP,-2.089766
UmVhY3Rpb246NDA1NzM3,La3Pt,La9Pt3,111,hollow|A_A_A|FCC,-2.353098
UmVhY3Rpb246MzQ4ODM0,La3Pt,La9Pt3,111,hollow|A_A_A|HCP,-1.953788
UmVhY3Rpb246MzY4NjQx,La3Pt,La9Pt3,111,top|B,1.762621
UmVhY3Rpb246MzQxMzk4,La3Re,La9Re3,111,hollow-tilt|A_A_B|FCC,-2.068542
UmVhY3Rpb246MzQxMzk2,La3Re,La9Re3,111,hollow|A_A_A|FCC,-1.759787
UmVhY3Rpb246MzQxMzk3,La3Re,La9Re3,111,hollow|A_A_A|HCP,-1.581254
UmVhY3Rpb246NDA1Njg5,La3Re,La9Re3,111,top|B,-1.070207
UmVhY3Rpb246MzQyMTcw,La3Rh,La9Rh3,111,hollow|A_A_A|FCC,-2.305507
UmVhY3Rpb246MzQyMTcx,La3Rh,La9Rh3,111,hollow|A_A_A|HCP,-1.951784
UmVhY3Rpb246MzQwOTQz,La3Ru,La9Ru3,111,hollow|A_A_A|FCC,-2.171914
UmVhY3Rpb246MzQwOTQ0,La3Ru,La9Ru3,111,hollow|A_A_A|HCP,-1.884316
UmVhY3Rpb246MzQxNTU1,La3Sc,La9Sc3,111,hollow|A_A_A|FCC,-1.895046
UmVhY3Rpb246MzQxNTU2,La3Sc,La9Sc3,111,hollow|A_A_A|HCP,-1.960998
UmVhY3Rpb246MzQxNTU3,La3Sc,La9Sc3,111,hollow|A_A_B|FCC,-2.217647
UmVhY3Rpb246MzQxNTU4,La3Sc,La9Sc3,111,hollow|A_A_B|HCP,-2.458525
UmVhY3Rpb246MzUxODY1,La3Sc,La9Sc3,111,top|B,0.697814
UmVhY3Rpb246MzQ0ODMz,La3Sn,La9Sn3,111,hollow|A_A_A|FCC,-2.299915
UmVhY3Rpb246MzQ0ODM0,La3Sn,La9Sn3,111,hollow|A_A_A|HCP,-2.023165
UmVhY3Rpb246MzQ0ODM1,La3Sn,La9Sn3,111,hollow|A_A_B|FCC,-0.629837
UmVhY3Rpb246MzU0Mzg3,La3Sn,La9Sn3,111,top|B,2.756534
UmVhY3Rpb246MzQ3MjEw,La3Ta,La9Ta3,111,hollow|A_A_A|FCC,-1.580130
UmVhY3Rpb246MzQ3MjEx,La3Ta,La9Ta3,111,hollow|A_A_A|HCP,-1.515886
UmVhY3Rpb246MzQ3MjEy,La3Ta,La9Ta3,111,hollow|A_A_B|FCC,-2.498278
UmVhY3Rpb246MzQ3MjEz,La3Ta,La9Ta3,111,hollow|A_A_B|HCP,-2.627799
UmVhY3Rpb246MzQ4NDAz,La3Tc,La9Tc3,111,hollow|A_A_A|FCC,-1.973520
UmVhY3Rpb246MzQ4NDA0,La3Tc,La9Tc3,111,hollow|A_A_A|HCP,-1.771364
UmVhY3Rpb246MzQ4NDA1,La3Tc,La9Tc3,111,hollow|A_A_B|HCP,-2.070105
UmVhY3Rpb246MzQ1OTEx,La3Ti,La9Ti3,111,hollow|A_A_A|FCC,-1.757583
UmVhY3Rpb246MzQ1OTEy,La3Ti,La9Ti3,111,hollow|A_A_A|HCP,-1.745275
UmVhY3Rpb246MzQ1OTEz,La3Ti,La9Ti3,111,hollow|A_A_B|FCC,-2.387558
UmVhY3Rpb246MzQ1OTE0,La3Ti,La9Ti3,111,hollow|A_A_B|HCP,-2.635079
UmVhY3Rpb246NDA1NjQz,La3Ti,La9Ti3,111,top|B,-0.790483
UmVhY3Rpb246NDA1ODM1,La3Tl,La9Tl3,111,bridge|A_A|B,-1.101803
UmVhY3Rpb246NDA1ODM2,La3Tl,La9Tl3,111,hollow|A_A_A|FCC,-2.334271
UmVhY3Rpb246MzQzODY0,La3Tl,La9Tl3,111,hollow|A_A_A|HCP,-2.153374
UmVhY3Rpb246MzUwNzE4,La3Tl,La9Tl3,111,top|B,3.309802
UmVhY3Rpb246MzQzMzg2,La3V,La9V3,111,hollow-tilt|A_A_B|FCC,-2.458888
UmVhY3Rpb246MzQzMzgz,La3V,La9V3,111,hollow|A_A_A|FCC,-1.754098
UmVhY3Rpb246MzQzMzg0,La3V,La9V3,111,hollow|A_A_A|HCP,-1.677155
UmVhY3Rpb246MzQzMzg1,La3V,La9V3,111,hollow|A_A_B|HCP,-2.668506
UmVhY3Rpb246MzUwMTQw,La3V,La9V3,111,top|B,-1.390255
UmVhY3Rpb246MzQzNTEw,La3W,La9W3,111,hollow-tilt|A_A_B|FCC,-2.369006
UmVhY3Rpb246MzQzNTA3,La3W,La9W3,111,hollow|A_A_A|FCC,-1.612247
UmVhY3Rpb246MzQzNTA4,La3W,La9W3,111,hollow|A_A_A|HCP,-1.503184
UmVhY3Rpb246MzQzNTA5,La3W,La9W3,111,hollow|A_A_B|HCP,-2.406435
UmVhY3Rpb246MzUwMjcx,La3W,La9W3,111,top|B,-1.519700
UmVhY3Rpb246MzQ1NDcz,La3Y,La9Y3,111,hollow|A_A_A|FCC,-1.954477
UmVhY3Rpb246MzQ1NDc0,La3Y,La9Y3,111,hollow|A_A_A|HCP,-2.223985
UmVhY3Rpb246MzQ1NDc1,La3Y,La9Y3,111,hollow|A_A_B|FCC,-2.134604
UmVhY3Rpb246MzQ1NDc2,La3Y,La9Y3,111,hollow|A_A_B|HCP,-2.317940
UmVhY3Rpb246MzU0NzM3,La3Y,La9Y3,111,top|B,1.256248
UmVhY3Rpb246MzQ0NDE2,La3Zn,La9Zn3,111,hollow|A_A_A|FCC,-2.191881
UmVhY3Rpb246MzQ0NDE3,La3Zn,La9Zn3,111,hollow|A_A_A|HCP,-1.990355
UmVhY3Rpb246MzQ0NDE4,La3Zn,La9Zn3,111,hollow|A_A_B|FCC,-1.074801
UmVhY3Rpb246MzQ0NDE5,La3Zn,La9Zn3,111,hollow|A_A_B|HCP,-1.491352
UmVhY3Rpb246MzU0MDMx,La3Zn,La9Zn3,111,top|B,2.120493
UmVhY3Rpb246MzQyOTEz,La3Zr,La9Zr3,111,hollow|A_A_A|FCC,-1.740290
UmVhY3Rpb246MzQyOTE0,La3Zr,La9Zr3,111,hollow|A_A_A|HCP,-1.749598
UmVhY3Rpb246MzQyOTE1,La3Zr,La9Zr3,111,hollow|A_A_B|FCC,-2.282758
UmVhY3Rpb246MzQyOTE2,La3Zr,La9Zr3,111,hollow|A_A_B|HCP,-2.462036
UmVhY3Rpb246MzQ5NzU0,La3Zr,La9Zr3,111,top|B,-0.382176
UmVhY3Rpb246MzU3MzUx,LaMn,La6Mn6,101,bridge|A_A|A,-1.780701
UmVhY3Rpb246NDI3NjIw,LaMn,La6Mn6,101,bridge|B_B|A,-1.783693
UmVhY3Rpb246NDA1NzMx,LaMn,La6Mn6,101,hollow-tilt|A_A_B|FCC,-1.438408
UmVhY3Rpb246MzU3MzUy,LaMn,La6Mn6,101,hollow|A_A_B|FCC,-1.467183
UmVhY3Rpb246NDA1NzM1,LaMn,La6Mn6,101,hollow|A_B_B|FCC,-1.465566
UmVhY3Rpb246NDA1Njgx,LaMo,La6Mo6,101,bridge|A_A|B,-2.189833
UmVhY3Rpb246MzU5NDAy,LaMo,La6Mo6,101,hollow-tilt|A_A_B|HCP,-1.292896
UmVhY3Rpb246NDA1Njgy,LaMo,La6Mo6,101,hollow-tilt|A_B_B|HCP,-1.173583
UmVhY3Rpb246MzU5NDAz,LaMo,La6Mo6,101,top|B,0.073908
UmVhY3Rpb246MzUwODUw,LaNb,La6Nb6,101,bridge|B_B|B,-2.382440
UmVhY3Rpb246MzUwODUz,LaNb,La6Nb6,101,hollow-tilt|A_A_B|HCP,-1.739009
UmVhY3Rpb246MzUwODUx,LaNb,La6Nb6,101,hollow|A_A_B|FCC,-1.727692
UmVhY3Rpb246MzUwODUy,LaNb,La6Nb6,101,hollow|A_B_B|HCP,-2.456507
UmVhY3Rpb246NDA1NzE2,LaNi,La6Ni6,101,4fold|A_A_B_B,-1.231864
UmVhY3Rpb246NDA1NzEy,LaNi,La6Ni6,101,bridge|A_A|B,-0.212931
UmVhY3Rpb246MzU5OTA4,LaNi,La6Ni6,101,bridge|B_B|A,-1.225888
UmVhY3Rpb246MzU5OTA5,LaNi,La6Ni6,101,hollow|A_A_B|FCC,-1.045514
UmVhY3Rpb246NDA1NzE3,LaNi,La6Ni6,101,hollow|A_B_B|FCC,-1.044065
UmVhY3Rpb246MzU5MTg2,LaOs,La6Os6,101,bridge|B_B|A,-1.558732
UmVhY3Rpb246MzU3MTI4,LaPb,La6Pb6,101,hollow|A_A_B|FCC,-1.114092
UmVhY3Rpb246MzU3MTI5,LaPb,La6Pb6,101,hollow|A_A_B|HCP,-1.146081
UmVhY3Rpb246MzUyOTA3,LaPd,La6Pd6,101,4fold|A_A_B_B,-1.116854
UmVhY3Rpb246NDA1NzUx,LaPd,La6Pd6,101,bridge|B_B|A,-0.703746
UmVhY3Rpb246MzUyOTA4,LaPd,La6Pd6,101,hollow|A_A_B|FCC,-0.921998
UmVhY3Rpb246NDA1NzUy,LaPd,La6Pd6,101,hollow|A_B_B|FCC,-0.921311
UmVhY3Rpb246MzUyOTA5,LaPd,La6Pd6,101,top|A,2.087565
UmVhY3Rpb246NDI3NjIx,LaPt,La6Pt6,101,4fold|A_A_B_B,-0.590566
UmVhY3Rpb246NDA1NzQy,LaPt,La6Pt6,101,hollow|A_A_B|FCC,-0.544837
UmVhY3Rpb246MzU4NzU0,LaRe,La6Re6,101,bridge|B_B|A,-2.201200
UmVhY3Rpb246MzU4NzU1,LaRe,La6Re6,101,top|B,-1.514996
UmVhY3Rpb246MzU5NDM0,LaRh,La6Rh6,101,4fold|A_A_B_B,-0.695413
UmVhY3Rpb246NDA1NzA2,LaRh,La6Rh6,101,bridge|A_A|B,0.441493
UmVhY3Rpb246MzU5NDM1,LaRh,La6Rh6,101,hollow|A_A_B|FCC,-0.518834
UmVhY3Rpb246MzU5NDM2,LaRh,La6Rh6,101,top|A,3.113297
UmVhY3Rpb246MzU4ODk4,LaRu,La6Ru6,101,bridge|B_B|A,-1.187282
UmVhY3Rpb246MzU4ODk5,LaRu,La6Ru6,101,hollow-tilt|A_A_B|FCC,-0.500522
UmVhY3Rpb246NDA1MTgy,LaSc,La6Sc6,101,bridge|A_A|B,-2.723411
UmVhY3Rpb246MzU5NzY4,LaSc,La6Sc6,101,bridge|B_B|A,-2.724362
UmVhY3Rpb246MzU5NzY5,LaSc,La6Sc6,101,hollow|A_A_B|FCC,-2.026197
UmVhY3Rpb246NDI3NjIy,LaSc,La6Sc6,101,hollow|A_A_B|HCP,-2.157558
UmVhY3Rpb246MzU5Nzcw,LaSc,La6Sc6,101,hollow|A_B_B|FCC,-2.437728
UmVhY3Rpb246NDA1MTgz,LaSc,La6Sc6,101,hollow|A_B_B|HCP,-2.154671
UmVhY3Rpb246MzU5Mjgx,LaSn,La6Sn6,101,hollow|A_A_B|FCC,-0.982545
UmVhY3Rpb246MzU5Mjgy,LaSn,La6Sn6,101,hollow|A_A_B|HCP,-1.024880
UmVhY3Rpb246MzUyNjc4,LaTa,La6Ta6,101,bridge|B_B|B,-2.708586
UmVhY3Rpb246MzUyNjgx,LaTa,La6Ta6,101,hollow-tilt|A_A_B|HCP,-1.858969
UmVhY3Rpb246MzUyNjc5,LaTa,La6Ta6,101,hollow|A_A_B|FCC,-1.813323
UmVhY3Rpb246MzUyNjgw,LaTa,La6Ta6,101,hollow|A_B_B|HCP,-2.792305
UmVhY3Rpb246NDI4NDg2,LaTc,La6Tc6,101,bridge-tilt|A_B|A,-1.441784
UmVhY3Rpb246NDI4NDg3,LaTc,La6Tc6,101,bridge|A_A|A,-0.038343
UmVhY3Rpb246NDA1Njk3,LaTc,La6Tc6,101,bridge|A_A|B,-1.673651
UmVhY3Rpb246MzU0Mjgz,LaTc,La6Tc6,101,bridge|B_B|A,-1.673681
UmVhY3Rpb246MzU0Mjg0,LaTc,La6Tc6,101,hollow-tilt|A_A_B|FCC,-1.445119
UmVhY3Rpb246NDA1Njk4,LaTc,La6Tc6,101,hollow-tilt|A_B_B|FCC,-1.445294
UmVhY3Rpb246NDA1NjQ3,LaTi,La6Ti6,101,4fold|A_A_B_B,-2.216414
UmVhY3Rpb246MzU3OTA3,LaTi,La6Ti6,101,bridge|B_B|A,-2.999082
UmVhY3Rpb246NDA1NjQ4,LaTi,La6Ti6,101,hollow-tilt|A_A_B|FCC,-1.970390
UmVhY3Rpb246NDA1NjQ5,LaTi,La6Ti6,101,hollow-tilt|A_A_B|HCP,-2.227730
UmVhY3Rpb246MzU4NDc2,LaTl,La6Tl6,101,hollow|A_A_B|FCC,-1.298218
UmVhY3Rpb246MzU4NDc3,LaTl,La6Tl6,101,hollow|A_A_B|HCP,-1.347963
UmVhY3Rpb246NDA1ODQy,LaTl,La6Tl6,101,hollow|A_B_B|FCC,-1.299004
UmVhY3Rpb246NDA1ODQz,LaTl,La6Tl6,101,hollow|A_B_B|HCP,-1.346123
UmVhY3Rpb246NDI4NDg4,LaV,La6V6,101,bridge|A_A|B,-2.676242
UmVhY3Rpb246MzU2MTA0,LaV,La6V6,101,bridge|B_B|A,-2.742078
UmVhY3Rpb246NDA1Njg1,LaW,La6W6,101,bridge|A_A|B,0.543502
UmVhY3Rpb246MzUyOTcw,LaW,La6W6,101,bridge|B_B|A,-2.440457
UmVhY3Rpb246MzUyOTcx,LaW,La6W6,101,hollow-tilt|A_A_B|FCC,-1.560722
UmVhY3Rpb246MzU1MDQ1,LaY,La6Y6,101,hollow|A_A_B|FCC,-2.058716
UmVhY3Rpb246MzU1MDQ2,LaY,La6Y6,101,hollow|A_A_B|HCP,-2.215999
UmVhY3Rpb246MzU1MDQ3,LaY,La6Y6,101,hollow|A_B_B|FCC,-2.237203
UmVhY3Rpb246MzU1MDQ5,LaY,La6Y6,101,hollow|A_B_B|HCP,-2.425182
UmVhY3Rpb246NDA1Nzgx,LaZn,La6Zn6,101,4fold|A_A_B_B,-1.493210
UmVhY3Rpb246NDA1Nzgy,LaZn,La6Zn6,101,bridge|B_B|A,-1.024162
UmVhY3Rpb246NDA1Nzc0,LaZn,La6Zn6,101,hollow|A_A_B|FCC,-1.261518
UmVhY3Rpb246NDA1Nzc1,LaZn,La6Zn6,101,hollow|A_A_B|HCP,-1.263336
UmVhY3Rpb246NDA1Nzgz,LaZn,La6Zn6,101,hollow|A_B_B|FCC,-1.247530
UmVhY3Rpb246MzU1MTk2,LaZr,La6Zr6,101,hollow|A_A_B|FCC,-1.952215
UmVhY3Rpb246MzU1MTk3,LaZr,La6Zr6,101,hollow|A_A_B|HCP,-2.003348
UmVhY3Rpb246MzU1MTk4,LaZr,La6Zr6,101,hollow|A_B_B|FCC,-2.541428
UmVhY3Rpb246MzU1MTk5,LaZr,La6Zr6,101,hollow|A_B_B|HCP,-2.669324
UmVhY3Rpb246NDI4NDg5,Mn3Co,Co3Mn9,111,hollow|A_A_A|FCC,-1.305845
UmVhY3Rpb246NDI4NDkw,Mn3Co,Co3Mn9,111,hollow|A_A_A|HCP,-1.221534
UmVhY3Rpb246NDI4NDkx,Mn3Ni,Mn9Ni3,111,hollow|A_A_A|FCC,-1.325402
UmVhY3Rpb246NDI4NDky,Mn3Ni,Mn9Ni3,111,hollow|A_A_A|HCP,-1.271056
UmVhY3Rpb246NDAwNzM5,Mn3Os,Mn9Os3,111,hollow|A_A_B|HCP,-1.253211
UmVhY3Rpb246NDAwNzIx,Mn3Re,Mn9Re3,111,hollow|A_A_B|HCP,-1.469486
UmVhY3Rpb246NDAwNzMw,Mn3Tc,Mn9Tc3,111,hollow|A_A_B|HCP,-1.383176
UmVhY3Rpb246NDI3NjI0,MnMo,Mn6Mo6,101,hollow|A_A_B|FCC,-1.432896
UmVhY3Rpb246NDI3NjI1,MnMo,Mn6Mo6,101,hollow|A_A_B|HCP,-1.490881
UmVhY3Rpb246MzUxMzY4,MnMo,Mn6Mo6,101,hollow|A_B_B|FCC,-1.434502
UmVhY3Rpb246MzUxMzY5,MnMo,Mn6Mo6,101,hollow|A_B_B|HCP,-1.417307
UmVhY3Rpb246MzUxNTcy,MnNb,Mn6Nb6,101,bridge|A_A|B,-1.951171
UmVhY3Rpb246MzUxNTcz,MnNb,Mn6Nb6,101,hollow|A_B_B|FCC,-1.865248
UmVhY3Rpb246MzUyODEz,MnRe,Mn6Re6,101,hollow|A_A_B|FCC,-0.949020
UmVhY3Rpb246MzUyODE0,MnRe,Mn6Re6,101,hollow|A_A_B|HCP,-1.152012
UmVhY3Rpb246MzUyODE1,MnRe,Mn6Re6,101,hollow|A_B_B|FCC,-1.068112
UmVhY3Rpb246NDEwMzY1,MnRe,Mn6Re6,101,hollow|A_B_B|HCP,-1.351058
UmVhY3Rpb246MzU4ODM3,MnRh,Mn6Rh6,101,4fold|A_A_B_B,1.352213
UmVhY3Rpb246NDIwMjky,MnRh,Mn6Rh6,101,bridge|B_B|A,0.899193
UmVhY3Rpb246MzU4ODM4,MnRh,Mn6Rh6,101,hollow|A_A_B|HCP,0.746679
UmVhY3Rpb246MzUwNzY4,MnRu,Mn6Ru6,101,4fold|A_A_B_B,-0.737750
UmVhY3Rpb246MzUwNzY5,MnRu,Mn6Ru6,101,bridge|A_A|B,-0.736937
UmVhY3Rpb246MzUwNzcx,MnRu,Mn6Ru6,101,hollow|A_B_B|HCP,-0.430065
UmVhY3Rpb246NDI4NDkz,MnSc,Mn6Sc6,101,bridge|A_A|B,-2.312593
UmVhY3Rpb246NDI4NDk0,MnSc,Mn6Sc6,101,hollow|A_B_B|FCC,-1.469322
UmVhY3Rpb246MzUzMjQw,MnSn,Mn6Sn6,101,hollow|A_A_B|HCP,0.686467
UmVhY3Rpb246NDI3NjI2,MnSn,Mn6Sn6,101,hollow|A_B_B|FCC,2.065563
UmVhY3Rpb246MzUwODEx,MnTa,Mn6Ta6,101,bridge|A_A|B,-2.013496
UmVhY3Rpb246NDA3MjAx,MnTa,Mn6Ta6,101,bridge|B_B|A,-1.651493
UmVhY3Rpb246NDA3MjAy,MnTa,Mn6Ta6,101,hollow|A_B_B|FCC,-1.982388
UmVhY3Rpb246NDI4NDk1,MnTi,Mn6Ti6,101,bridge|A_A|B,-1.859608
UmVhY3Rpb246NDI4NDk2,MnTi,Mn6Ti6,101,bridge|B_B|A,-1.859875
UmVhY3Rpb246NDI4NDk3,MnTi,Mn6Ti6,101,hollow|A_A_B|FCC,-1.521925
UmVhY3Rpb246NDI4NDk4,MnTi,Mn6Ti6,101,hollow|A_B_B|FCC,-1.521851
UmVhY3Rpb246NDI4NDk5,MnV,Mn6V6,101,bridge|A_A|B,-2.274535
UmVhY3Rpb246NDI4NTAw,MnV,Mn6V6,101,bridge|B_B|A,-2.274933
UmVhY3Rpb246MzUxMDM5,MnW,Mn6W6,101,4fold|A_A_B_B,-1.867802
UmVhY3Rpb246NDI3NjI3,MnW,Mn6W6,101,hollow|A_B_B|HCP,-2.143821
UmVhY3Rpb246NDA1NTM5,MnY,Mn6Y6,101,4fold|A_A_B_B,-1.204682
UmVhY3Rpb246MzU5NTU3,MnY,Mn6Y6,101,bridge|A_A|B,-2.299090
UmVhY3Rpb246MzU5NTU4,MnY,Mn6Y6,101,hollow|A_B_B|FCC,-1.612923
UmVhY3Rpb246MzUwMTIz,MnZn,Mn6Zn6,101,bridge|A_A|B,-0.340277
UmVhY3Rpb246MzUwMTI0,MnZn,Mn6Zn6,101,hollow|A_B_B|FCC,0.528274
UmVhY3Rpb246MzUwMTI2,MnZn,Mn6Zn6,101,hollow|A_B_B|HCP,0.498636
UmVhY3Rpb246NDA2Mzk2,MnZr,Mn6Zr6,101,bridge|A_A|B,-2.324717
UmVhY3Rpb246NDA2Mzk3,MnZr,Mn6Zr6,101,bridge|B_B|A,-1.086444
UmVhY3Rpb246MzU4ODcy,MnZr,Mn6Zr6,101,hollow|A_B_B|FCC,-1.646397
UmVhY3Rpb246MzU4ODcz,MnZr,Mn6Zr6,101,top|A,-0.017490
UmVhY3Rpb246MzU4ODc0,MnZr,Mn6Zr6,101,top|B,1.793599
UmVhY3Rpb246MzM5NzE0,Mo,Mo12,111,hollow|A_A_A|FCC,-1.906268
UmVhY3Rpb246MzM5NzE1,Mo,Mo12,111,hollow|A_A_A|HCP,-1.965960
UmVhY3Rpb246MzM5NzE2,Mo,Mo12,111,top|A,0.343223
UmVhY3Rpb246MzQwNTg0,Mo3Ag,Ag3Mo9,111,hollow|A_A_A|FCC,-1.766746
UmVhY3Rpb246MzQwNTg1,Mo3Ag,Ag3Mo9,111,hollow|A_A_A|HCP,-1.970779
UmVhY3Rpb246NDA5ODA1,Mo3Ag,Ag3Mo9,111,top|A,0.178849
UmVhY3Rpb246NDA5ODA2,Mo3Ag,Ag3Mo9,111,top|B,4.140992
UmVhY3Rpb246MzQzMTAw,Mo3Al,Al3Mo9,111,hollow|A_A_A|FCC,-1.441993
UmVhY3Rpb246MzQzMTAx,Mo3Al,Al3Mo9,111,hollow|A_A_A|HCP,-1.403387
UmVhY3Rpb246NDA5ODQ1,Mo3Al,Al3Mo9,111,hollow|A_A_B|HCP,-0.869038
UmVhY3Rpb246MzQ5OTI5,Mo3Al,Al3Mo9,111,top|A,0.472861
UmVhY3Rpb246MzQ5OTMw,Mo3Al,Al3Mo9,111,top|B,3.342047
UmVhY3Rpb246MzQ4ODQw,Mo3Au,Au3Mo9,111,hollow|A_A_A|FCC,-1.781061
UmVhY3Rpb246MzQ4ODQx,Mo3Au,Au3Mo9,111,hollow|A_A_A|HCP,-1.830386
UmVhY3Rpb246NDA5Nzk4,Mo3Au,Au3Mo9,111,top|A,0.193597
UmVhY3Rpb246NDA5Nzk5,Mo3Au,Au3Mo9,111,top|B,3.864277
UmVhY3Rpb246NDA5ODM5,Mo3Cd,Cd3Mo9,111,bridge-tilt|A_B|A,0.297506
UmVhY3Rpb246MzQ0ODIw,Mo3Cd,Cd3Mo9,111,hollow|A_A_A|FCC,-1.501744
UmVhY3Rpb246MzQ0ODIx,Mo3Cd,Cd3Mo9,111,hollow|A_A_A|HCP,-1.763916
UmVhY3Rpb246NDI4NTAx,Mo3Co,Co3Mo9,111,top|A,0.373569
UmVhY3Rpb246NDI4NTAy,Mo3Co,Co3Mo9,111,top|B,1.168811
UmVhY3Rpb246MzQ0MzA1,Mo3Cr,Cr3Mo9,111,hollow|A_A_A|FCC,-1.969703
UmVhY3Rpb246MzQ0MzA2,Mo3Cr,Cr3Mo9,111,hollow|A_A_A|HCP,-1.917607
UmVhY3Rpb246MzQ0MzA3,Mo3Cr,Cr3Mo9,111,hollow|A_A_B|FCC,-2.341402
UmVhY3Rpb246MzQ0MzA4,Mo3Cr,Cr3Mo9,111,hollow|A_A_B|HCP,-2.356515
UmVhY3Rpb246MzUzODA3,Mo3Cr,Cr3Mo9,111,top|B,0.029079
UmVhY3Rpb246NDA5ODIw,Mo3Cu,Cu3Mo9,111,hollow|A_A_A|FCC,-1.754090
UmVhY3Rpb246NDA5ODIx,Mo3Cu,Cu3Mo9,111,hollow|A_A_A|HCP,-1.719279
UmVhY3Rpb246MzQzNzI0,Mo3Cu,Cu3Mo9,111,hollow|A_A_B|HCP,-1.170569
UmVhY3Rpb246MzUwNTMz,Mo3Cu,Cu3Mo9,111,top|A,0.245609
UmVhY3Rpb246MzUwNTM0,Mo3Cu,Cu3Mo9,111,top|B,2.674510
UmVhY3Rpb246NDA5NzQy,Mo3Fe,Fe3Mo9,111,hollow|A_A_A|HCP,-1.609068
UmVhY3Rpb246NDA5NzQz,Mo3Fe,Fe3Mo9,111,top|A,0.297100
UmVhY3Rpb246NDA5NzQ0,Mo3Fe,Fe3Mo9,111,top|B,0.609520
UmVhY3Rpb246MzQyMDQ0,Mo3Ga,Ga3Mo9,111,hollow|A_A_A|FCC,-1.423927
UmVhY3Rpb246MzQyMDQ1,Mo3Ga,Ga3Mo9,111,hollow|A_A_A|HCP,-1.358475
UmVhY3Rpb246MzQ5MjQ3,Mo3Ga,Ga3Mo9,111,top|A,0.485072
UmVhY3Rpb246MzQ5MjQ4,Mo3Ga,Ga3Mo9,111,top|B,4.018666
UmVhY3Rpb246MzQyNDgx,Mo3Hg,Hg3Mo9,111,hollow|A_A_A|FCC,-1.440067
UmVhY3Rpb246MzQyNDgy,Mo3Hg,Hg3Mo9,111,hollow|A_A_A|HCP,-1.639614
UmVhY3Rpb246MzQ5NTEx,Mo3Hg,Hg3Mo9,111,top|B,4.834992
UmVhY3Rpb246NDA5ODUy,Mo3In,In3Mo9,111,hollow|A_A_A|FCC,-1.260509
UmVhY3Rpb246NDA5ODUz,Mo3In,In3Mo9,111,hollow|A_A_A|HCP,-1.436198
UmVhY3Rpb246NDA5ODU0,Mo3In,In3Mo9,111,top|B,4.931219
UmVhY3Rpb246NDA5Njky,Mo3Ir,Ir3Mo9,111,hollow|A_A_A|FCC,-1.555442
UmVhY3Rpb246MzQ2Mzk2,Mo3Ir,Ir3Mo9,111,hollow|A_A_A|HCP,-1.637910
UmVhY3Rpb246NDA5Njkz,Mo3Ir,Ir3Mo9,111,hollow|A_A_B|HCP,-1.284714
UmVhY3Rpb246Mzg4NDAy,Mo3Ir,Ir3Mo9,111,top|A,0.422052
UmVhY3Rpb246Mzg4NDA3,Mo3Ir,Ir3Mo9,111,top|B,1.302103
UmVhY3Rpb246NDA5NjA2,Mo3La,La3Mo9,111,bridge|A_A|B,-1.529466
UmVhY3Rpb246MzQyODE4,Mo3La,La3Mo9,111,hollow|A_A_A|FCC,-1.834260
UmVhY3Rpb246MzQyODE5,Mo3La,La3Mo9,111,hollow|A_A_A|HCP,-1.671913
UmVhY3Rpb246MzQ5NzA0,Mo3La,La3Mo9,111,top|A,-0.766531
UmVhY3Rpb246NDA5NzU4,Mo3Mn,Mn3Mo9,111,hollow|A_A_A|FCC,-1.733648
UmVhY3Rpb246NDA5NzU5,Mo3Mn,Mn3Mo9,111,hollow|A_A_A|HCP,-1.692159
UmVhY3Rpb246MzQ4NDIy,Mo3Mn,Mn3Mo9,111,hollow|A_A_B|HCP,-1.810242
UmVhY3Rpb246NDA5NzYw,Mo3Mn,Mn3Mo9,111,top|B,0.514812
UmVhY3Rpb246MzQ1ODQy,Mo3Nb,Mo9Nb3,111,hollow|A_A_A|FCC,-2.297435
UmVhY3Rpb246MzQ1ODQz,Mo3Nb,Mo9Nb3,111,hollow|A_A_A|HCP,-2.240834
UmVhY3Rpb246NDA5NjIz,Mo3Nb,Mo9Nb3,111,hollow|A_A_B|HCP,-2.250395
UmVhY3Rpb246MzU1NDI5,Mo3Nb,Mo9Nb3,111,top|B,0.919050
UmVhY3Rpb246NDA5NzMx,Mo3Ni,Mo9Ni3,111,hollow|A_A_A|FCC,-1.692063
UmVhY3Rpb246NDA5NzMy,Mo3Ni,Mo9Ni3,111,hollow|A_A_A|HCP,-1.558574
UmVhY3Rpb246MzQ5MjMw,Mo3Ni,Mo9Ni3,111,top|A,0.308904
UmVhY3Rpb246MzQ5MjMx,Mo3Ni,Mo9Ni3,111,top|B,1.909686
UmVhY3Rpb246NDA5Njc0,Mo3Os,Mo9Os3,111,hollow|A_A_A|FCC,-1.483801
UmVhY3Rpb246NDA5Njc1,Mo3Os,Mo9Os3,111,hollow|A_A_A|HCP,-1.567634
UmVhY3Rpb246NDA5Njc2,Mo3Os,Mo9Os3,111,hollow|A_A_B|HCP,-1.554616
UmVhY3Rpb246MzU1MDg0,Mo3Os,Mo9Os3,111,top|A,0.459340
UmVhY3Rpb246MzU1MDg1,Mo3Os,Mo9Os3,111,top|B,0.321406
UmVhY3Rpb246MzQxNDcz,Mo3Pb,Mo9Pb3,111,hollow|A_A_A|FCC,-1.104317
UmVhY3Rpb246MzQxNDc0,Mo3Pb,Mo9Pb3,111,hollow|A_A_A|HCP,-1.210488
UmVhY3Rpb246MzY4NzM1,Mo3Pb,Mo9Pb3,111,top|A,0.534681
UmVhY3Rpb246MzY4NzM2,Mo3Pb,Mo9Pb3,111,top|B,5.498294
UmVhY3Rpb246MzQ2NTk3,Mo3Pd,Mo9Pd3,111,hollow|A_A_A|FCC,-1.858733
UmVhY3Rpb246MzQ2NTk4,Mo3Pd,Mo9Pd3,111,hollow|A_A_A|HCP,-1.863445
UmVhY3Rpb246MzQ2NTk5,Mo3Pd,Mo9Pd3,111,hollow|A_A_B|HCP,-1.307286
UmVhY3Rpb246NDA5Nzg3,Mo3Pd,Mo9Pd3,111,top|A,0.116956
UmVhY3Rpb246NDA5Nzg4,Mo3Pd,Mo9Pd3,111,top|B,3.195359
UmVhY3Rpb246NDA5Nzc2,Mo3Pt,Mo9Pt3,111,hollow|A_A_A|FCC,-1.763974
UmVhY3Rpb246NDA5Nzc3,Mo3Pt,Mo9Pt3,111,hollow|A_A_A|HCP,-1.722360
UmVhY3Rpb246NDA5Nzc4,Mo3Pt,Mo9Pt3,111,hollow|A_A_B|HCP,-0.508298
UmVhY3Rpb246MzYwNTEy,Mo3Pt,Mo9Pt3,111,top|A,0.257658
UmVhY3Rpb246MzYwNTEz,Mo3Pt,Mo9Pt3,111,top|B,2.563920
UmVhY3Rpb246NDA5NjQ4,Mo3Re,Mo9Re3,111,hollow|A_A_A|FCC,-1.755176
UmVhY3Rpb246NDA5NjQ5,Mo3Re,Mo9Re3,111,hollow|A_A_A|HCP,-1.779552
UmVhY3Rpb246NDA5NjUw,Mo3Re,Mo9Re3,111,hollow|A_A_B|HCP,-1.908283
UmVhY3Rpb246Mzg4MTg5,Mo3Re,Mo9Re3,111,top|A,0.327296
UmVhY3Rpb246Mzg4MTkw,Mo3Re,Mo9Re3,111,top|B,-0.101315
UmVhY3Rpb246NDA5NzEx,Mo3Rh,Mo9Rh3,111,hollow|A_A_A|FCC,-1.681623
UmVhY3Rpb246NDA5NzEy,Mo3Rh,Mo9Rh3,111,hollow|A_A_A|HCP,-1.725897
UmVhY3Rpb246NDA5NzEz,Mo3Rh,Mo9Rh3,111,hollow|A_A_B|HCP,-1.378292
UmVhY3Rpb246NDA5NzE0,Mo3Rh,Mo9Rh3,111,top|A,0.273678
UmVhY3Rpb246NDA5NzE1,Mo3Rh,Mo9Rh3,111,top|B,1.846760
UmVhY3Rpb246NDA5Njg1,Mo3Ru,Mo9Ru3,111,bridge|A_A|A,-1.181687
UmVhY3Rpb246MzQ2ODY4,Mo3Ru,Mo9Ru3,111,hollow|A_A_A|FCC,-1.563757
UmVhY3Rpb246MzQ2ODY5,Mo3Ru,Mo9Ru3,111,hollow|A_A_A|HCP,-1.650164
UmVhY3Rpb246MzQ2ODcw,Mo3Ru,Mo9Ru3,111,hollow|A_A_B|FCC,-1.301957
UmVhY3Rpb246MzQ2ODcx,Mo3Ru,Mo9Ru3,111,hollow|A_A_B|HCP,-1.532838
UmVhY3Rpb246Mzg4MzUz,Mo3Ru,Mo9Ru3,111,top|A,0.355757
UmVhY3Rpb246Mzg4MzU0,Mo3Ru,Mo9Ru3,111,top|B,0.791401
UmVhY3Rpb246MzQ2NTgy,Mo3Sc,Mo9Sc3,111,hollow|A_A_A|FCC,-1.830626
UmVhY3Rpb246MzQ2NTgz,Mo3Sc,Mo9Sc3,111,hollow|A_A_A|HCP,-1.994741
UmVhY3Rpb246NDA5NjEw,Mo3Sc,Mo9Sc3,111,hollow|A_A_B|FCC,-0.894690
UmVhY3Rpb246MzQzODU5,Mo3Sn,Mo9Sn3,111,hollow|A_A_A|FCC,-1.209659
UmVhY3Rpb246NDA5ODY3,Mo3Sn,Mo9Sn3,111,hollow|A_A_A|HCP,-1.272125
UmVhY3Rpb246MzUwNzAz,Mo3Sn,Mo9Sn3,111,top|A,0.554403
UmVhY3Rpb246MzUwNzA1,Mo3Sn,Mo9Sn3,111,top|B,5.000069
UmVhY3Rpb246MzQ4MDI4,Mo3Ta,Mo9Ta3,111,hollow|A_A_A|FCC,-2.207440
UmVhY3Rpb246MzQ4MDI5,Mo3Ta,Mo9Ta3,111,hollow|A_A_A|HCP,-2.226691
UmVhY3Rpb246NDA5NjIw,Mo3Ta,Mo9Ta3,111,hollow|A_A_B|HCP,-2.308032
UmVhY3Rpb246Mzg4MTM0,Mo3Ta,Mo9Ta3,111,top|B,1.085641
UmVhY3Rpb246NDA5NjY0,Mo3Tc,Mo9Tc3,111,hollow|A_A_A|HCP,-1.740761
UmVhY3Rpb246MzQwOTY1,Mo3Tc,Mo9Tc3,111,hollow|A_A_B|FCC,-1.680994
UmVhY3Rpb246NDA5NjY1,Mo3Tc,Mo9Tc3,111,hollow|A_A_B|HCP,-1.823374
UmVhY3Rpb246Mzg4MjU4,Mo3Tc,Mo9Tc3,111,top|A,0.285898
UmVhY3Rpb246Mzg4MjU5,Mo3Tc,Mo9Tc3,111,top|B,0.176056
UmVhY3Rpb246MzQ4NDM4,Mo3Ti,Mo9Ti3,111,hollow|A_A_A|FCC,-2.006671
UmVhY3Rpb246MzQ4NDM5,Mo3Ti,Mo9Ti3,111,hollow|A_A_A|HCP,-2.027293
UmVhY3Rpb246MzQ4NDQw,Mo3Ti,Mo9Ti3,111,hollow|A_A_B|HCP,-2.280809
UmVhY3Rpb246Mzg4MTI4,Mo3Ti,Mo9Ti3,111,top|A,-0.136526
UmVhY3Rpb246Mzg4MTI5,Mo3Ti,Mo9Ti3,111,top|B,1.667555
UmVhY3Rpb246MzQ1NzM5,Mo3Tl,Mo9Tl3,111,hollow|A_A_A|FCC,-1.163345
UmVhY3Rpb246MzQ1NzQw,Mo3Tl,Mo9Tl3,111,hollow|A_A_A|HCP,-1.372947
UmVhY3Rpb246MzU1MjM3,Mo3Tl,Mo9Tl3,111,top|B,5.380977
UmVhY3Rpb246MzQ2MDA5,Mo3V,Mo9V3,111,hollow|A_A_A|FCC,-2.225076
UmVhY3Rpb246NDA5NjI4,Mo3V,Mo9V3,111,hollow|A_A_A|HCP,-2.200913
UmVhY3Rpb246NDA5NjI5,Mo3V,Mo9V3,111,hollow|A_A_B|HCP,-2.467574
UmVhY3Rpb246Mzg4MTM5,Mo3V,Mo9V3,111,top|B,0.549871
UmVhY3Rpb246NDA5NjM2,Mo3W,Mo9W3,111,bridge|A_A|A,-1.483235
UmVhY3Rpb246MzQ3MDUy,Mo3W,Mo9W3,111,hollow|A_A_A|HCP,-2.134028
UmVhY3Rpb246NDA5NjM3,Mo3W,Mo9W3,111,hollow|A_A_B|HCP,-2.223275
UmVhY3Rpb246Mzg4MTQ1,Mo3W,Mo9W3,111,top|A,0.258079
UmVhY3Rpb246Mzg4MTQ2,Mo3W,Mo9W3,111,top|B,0.210728
UmVhY3Rpb246MzQ2MDY2,Mo3Zn,Mo9Zn3,111,hollow|A_A_A|FCC,-1.674587
UmVhY3Rpb246NDA5ODMy,Mo3Zn,Mo9Zn3,111,hollow|A_A_A|HCP,-1.648232
UmVhY3Rpb246MzYwNjAz,Mo3Zn,Mo9Zn3,111,top|A,0.357356
UmVhY3Rpb246MzUzODc4,MoNb,Mo6Nb6,101,hollow|A_A_B|FCC,-1.957914
UmVhY3Rpb246MzUzODc5,MoNb,Mo6Nb6,101,hollow|A_A_B|HCP,-2.006911
UmVhY3Rpb246MzUzODgw,MoNb,Mo6Nb6,101,hollow|A_B_B|FCC,-2.068140
UmVhY3Rpb246MzUzODgx,MoNb,Mo6Nb6,101,hollow|A_B_B|HCP,-1.960249
UmVhY3Rpb246MzU3ODk1,MoNi,Mo6Ni6,101,hollow|A_A_B|FCC,-0.929441
UmVhY3Rpb246MzU3ODk2,MoNi,Mo6Ni6,101,hollow|A_A_B|HCP,-1.210914
UmVhY3Rpb246MzU3ODk3,MoNi,Mo6Ni6,101,hollow|A_B_B|HCP,-0.420514
UmVhY3Rpb246MzUyNzYz,MoOs,Mo6Os6,101,hollow|A_A_B|FCC,-1.037891
UmVhY3Rpb246MzUyNzY0,MoOs,Mo6Os6,101,hollow|A_A_B|HCP,-1.258775
UmVhY3Rpb246MzUyNzY1,MoOs,Mo6Os6,101,hollow|A_B_B|FCC,-0.794171
UmVhY3Rpb246MzUyNzY2,MoOs,Mo6Os6,101,hollow|A_B_B|HCP,-1.280009
UmVhY3Rpb246MzU2Mjkx,MoPb,Mo6Pb6,101,bridge|A_A|B,0.361309
UmVhY3Rpb246NDA5ODY0,MoPb,Mo6Pb6,101,bridge|B_B|A,0.370738
UmVhY3Rpb246MzUyNDMw,MoPd,Mo6Pd6,101,hollow-tilt|A_B_B|FCC,-0.258987
UmVhY3Rpb246MzUyNDI4,MoPd,Mo6Pd6,101,hollow|A_A_B|HCP,-1.344136
UmVhY3Rpb246MzUyNDI5,MoPd,Mo6Pd6,101,hollow|A_B_B|HCP,-0.083402
UmVhY3Rpb246MzUxMjI1,MoPt,Mo6Pt6,101,hollow|A_A_B|FCC,-0.691666
UmVhY3Rpb246MzUxMjI2,MoPt,Mo6Pt6,101,hollow|A_A_B|HCP,-1.121377
UmVhY3Rpb246MzUxMjI3,MoPt,Mo6Pt6,101,hollow|A_B_B|HCP,0.282324
UmVhY3Rpb246MzUxMjI4,MoPt,Mo6Pt6,101,top|A,-0.004468
UmVhY3Rpb246MzU0MjI5,MoRe,Mo6Re6,101,hollow|A_A_B|FCC,-1.424372
UmVhY3Rpb246MzU0MjMw,MoRe,Mo6Re6,101,hollow|A_A_B|HCP,-1.558293
UmVhY3Rpb246MzU0MjMx,MoRe,Mo6Re6,101,hollow|A_B_B|FCC,-1.477616
UmVhY3Rpb246MzU0MjMy,MoRe,Mo6Re6,101,hollow|A_B_B|HCP,-1.695253
UmVhY3Rpb246MzU0MjMz,MoRe,Mo6Re6,101,top|A,0.580741
UmVhY3Rpb246MzU0MjM0,MoRe,Mo6Re6,101,top|B,0.092489
UmVhY3Rpb246MzU3NTQy,MoRh,Mo6Rh6,101,hollow|A_A_B|FCC,-1.045102
UmVhY3Rpb246MzU3NTQz,MoRh,Mo6Rh6,101,hollow|A_A_B|HCP,-1.218152
UmVhY3Rpb246MzU3NTQ0,MoRh,Mo6Rh6,101,hollow|A_B_B|FCC,-0.204950
UmVhY3Rpb246MzU3NTQ1,MoRh,Mo6Rh6,101,hollow|A_B_B|HCP,-0.559866
UmVhY3Rpb246MzUxMzM2,MoRu,Mo6Ru6,101,hollow|A_A_B|FCC,-1.135839
UmVhY3Rpb246MzUxMzM3,MoRu,Mo6Ru6,101,hollow|A_A_B|HCP,-1.285292
UmVhY3Rpb246MzUxMzM4,MoRu,Mo6Ru6,101,hollow|A_B_B|FCC,-0.697299
UmVhY3Rpb246MzUxMzM5,MoRu,Mo6Ru6,101,hollow|A_B_B|HCP,-1.174485
UmVhY3Rpb246MzUyNjE2,MoSc,Mo6Sc6,101,hollow|A_A_B|FCC,-1.923611
UmVhY3Rpb246MzUyNjE3,MoSc,Mo6Sc6,101,hollow|A_A_B|HCP,-2.068545
UmVhY3Rpb246MzUyNjE4,MoSc,Mo6Sc6,101,hollow|A_B_B|FCC,-2.106121
UmVhY3Rpb246MzUyNjE5,MoSc,Mo6Sc6,101,hollow|A_B_B|HCP,-1.889028
UmVhY3Rpb246NDA5ODcz,MoSn,Mo6Sn6,101,4fold|A_A_B_B,2.109834
UmVhY3Rpb246NDA5ODc0,MoSn,Mo6Sn6,101,bridge|A_A|B,-0.497386
UmVhY3Rpb246MzU2NTYy,MoSn,Mo6Sn6,101,hollow|A_A_B|FCC,-0.648842
UmVhY3Rpb246MzU2NTYz,MoSn,Mo6Sn6,101,hollow|A_A_B|HCP,-0.635962
UmVhY3Rpb246MzUyMjc2,MoTa,Mo6Ta6,101,hollow|A_A_B|HCP,-1.915731
UmVhY3Rpb246MzUyMjc3,MoTa,Mo6Ta6,101,hollow|A_B_B|HCP,-1.870171
UmVhY3Rpb246MzUwNTc0,MoTc,Mo6Tc6,101,hollow|A_A_B|FCC,-1.320947
UmVhY3Rpb246MzUwNTc1,MoTc,Mo6Tc6,101,hollow|A_A_B|HCP,-1.491994
UmVhY3Rpb246MzUwNTc2,MoTc,Mo6Tc6,101,hollow|A_B_B|FCC,-1.275392
UmVhY3Rpb246MzUwNTc3,MoTc,Mo6Tc6,101,hollow|A_B_B|HCP,-1.565236
UmVhY3Rpb246MzUwNTc4,MoTc,Mo6Tc6,101,top|A,0.473807
UmVhY3Rpb246MzUwNTc5,MoTc,Mo6Tc6,101,top|B,0.281305
UmVhY3Rpb246NDA2ODU4,MoTi,Mo6Ti6,101,bridge|B_B|A,-1.170707
UmVhY3Rpb246MzU2NDYx,MoTi,Mo6Ti6,101,hollow|A_A_B|FCC,-1.929698
UmVhY3Rpb246MzU2NDYy,MoTi,Mo6Ti6,101,hollow|A_A_B|HCP,-1.948578
UmVhY3Rpb246MzU2NDYz,MoTi,Mo6Ti6,101,hollow|A_B_B|FCC,-2.256357
UmVhY3Rpb246MzU2NDY0,MoTi,Mo6Ti6,101,hollow|A_B_B|HCP,-2.141501
UmVhY3Rpb246NDA4MDQz,MoV,Mo6V6,101,4fold|A_A_B_B,-2.002361
UmVhY3Rpb246MzU4MzYw,MoV,Mo6V6,101,hollow|A_A_B|FCC,-1.999107
UmVhY3Rpb246MzU4MzYx,MoV,Mo6V6,101,hollow|A_A_B|HCP,-1.958011
UmVhY3Rpb246MzU4MzYy,MoV,Mo6V6,101,hollow|A_B_B|FCC,-2.086556
UmVhY3Rpb246MzU4MzYz,MoV,Mo6V6,101,hollow|A_B_B|HCP,-2.073738
UmVhY3Rpb246MzU3MjY4,MoW,Mo6W6,101,hollow|A_A_B|FCC,-1.961904
UmVhY3Rpb246MzU3MjY5,MoW,Mo6W6,101,hollow|A_A_B|HCP,-2.014911
UmVhY3Rpb246MzU3Mjcw,MoW,Mo6W6,101,hollow|A_B_B|FCC,-1.940841
UmVhY3Rpb246MzU3Mjcx,MoW,Mo6W6,101,hollow|A_B_B|HCP,-2.085834
UmVhY3Rpb246MzUzNjM3,MoY,Mo6Y6,101,bridge|A_A|A,-2.120835
UmVhY3Rpb246MzUzNjM4,MoY,Mo6Y6,101,hollow|A_A_B|HCP,-2.231969
UmVhY3Rpb246MzUzNjM5,MoY,Mo6Y6,101,hollow|A_B_B|FCC,-1.920196
UmVhY3Rpb246MzUzNjQw,MoY,Mo6Y6,101,hollow|A_B_B|HCP,-1.765380
UmVhY3Rpb246MzU4ODIy,MoZn,Mo6Zn6,101,hollow|A_A_B|FCC,-0.908333
UmVhY3Rpb246MzU4ODIz,MoZn,Mo6Zn6,101,hollow|A_A_B|HCP,-0.789260
UmVhY3Rpb246MzU4ODI0,MoZn,Mo6Zn6,101,hollow|A_B_B|FCC,0.065912
UmVhY3Rpb246MzU4ODI1,MoZn,Mo6Zn6,101,hollow|A_B_B|HCP,0.084337
UmVhY3Rpb246NDA2MjY5,MoZr,Mo6Zr6,101,4fold|A_A_B_B,-1.288849
UmVhY3Rpb246MzU3ODgw,MoZr,Mo6Zr6,101,bridge|A_A|B,-2.155609
UmVhY3Rpb246NDA2Mjc0,MoZr,Mo6Zr6,101,bridge|B_B|A,-2.155623
UmVhY3Rpb246NDA2Mjc1,MoZr,Mo6Zr6,101,hollow|A_A_B|FCC,-1.719070
UmVhY3Rpb246MzU3ODgx,MoZr,Mo6Zr6,101,hollow|A_B_B|FCC,-1.720527
UmVhY3Rpb246MzM5MTk3,Nb,Nb12,111,hollow|A_A_A|FCC,-2.750777
UmVhY3Rpb246MzM5MTk4,Nb,Nb12,111,hollow|A_A_A|HCP,-2.629254
UmVhY3Rpb246MzM5MjAw,Nb,Nb12,111,top|A,0.594223
UmVhY3Rpb246NDA3NTA5,Nb3Ag,Ag3Nb9,111,bridge|A_A|B,-1.538937
UmVhY3Rpb246MzQ2MDg3,Nb3Ag,Ag3Nb9,111,hollow|A_A_A|FCC,-2.647167
UmVhY3Rpb246MzQ2MDg4,Nb3Ag,Ag3Nb9,111,hollow|A_A_A|HCP,-2.169335
UmVhY3Rpb246MzQ4OTU3,Nb3Al,Al3Nb9,111,hollow|A_A_A|FCC,-2.162982
UmVhY3Rpb246MzQ4OTU4,Nb3Al,Al3Nb9,111,hollow|A_A_A|HCP,-1.819840
UmVhY3Rpb246MzQ4OTU5,Nb3Al,Al3Nb9,111,hollow|A_A_B|FCC,-1.508613
UmVhY3Rpb246NDA3Njg2,Nb3Al,Al3Nb9,111,top|B,2.354633
UmVhY3Rpb246MzQ5MzE3,Nb3Au,Au3Nb9,111,bridge|A_A|B,-1.415960
UmVhY3Rpb246MzQyMTgy,Nb3Au,Au3Nb9,111,hollow|A_A_A|FCC,-2.612417
UmVhY3Rpb246MzQyMTgz,Nb3Au,Au3Nb9,111,hollow|A_A_A|HCP,-2.115831
UmVhY3Rpb246MzQ5MzE4,Nb3Au,Au3Nb9,111,top|B,3.732863
UmVhY3Rpb246MzU0NjY3,Nb3Cd,Cd3Nb9,111,bridge|A_A|B,-1.477739
UmVhY3Rpb246MzQ1MzE2,Nb3Cd,Cd3Nb9,111,hollow|A_A_A|FCC,-2.586163
UmVhY3Rpb246MzQ1MzE3,Nb3Cd,Cd3Nb9,111,hollow|A_A_A|HCP,-2.242018
UmVhY3Rpb246MzU0NjY4,Nb3Cd,Cd3Nb9,111,top|B,4.215655
UmVhY3Rpb246NDI4NTAz,Nb3Co,Co3Nb9,111,hollow|A_A_A|HCP,-1.977218
UmVhY3Rpb246NDA3MzYw,Nb3Cr,Cr3Nb9,111,hollow|A_A_A|HCP,-2.501591
UmVhY3Rpb246MzU0MDE1,Nb3Cr,Cr3Nb9,111,top|B,-0.129540
UmVhY3Rpb246NDA3NTM2,Nb3Cu,Cu3Nb9,111,hollow|A_A_A|FCC,-2.361961
UmVhY3Rpb246MzQwNDcw,Nb3Cu,Cu3Nb9,111,hollow|A_A_A|HCP,-1.878901
UmVhY3Rpb246NDA3NTQx,Nb3Cu,Cu3Nb9,111,hollow|A_A_B|HCP,-1.647949
UmVhY3Rpb246NDA3NDYw,Nb3Fe,Fe3Nb9,111,hollow|A_A_A|HCP,-2.065220
UmVhY3Rpb246NDA3NzI2,Nb3Ga,Ga3Nb9,111,hollow|A_A_A|FCC,-2.172619
UmVhY3Rpb246NDA3NzI3,Nb3Ga,Ga3Nb9,111,hollow|A_A_A|HCP,-1.790385
UmVhY3Rpb246NDA3NzI4,Nb3Ga,Ga3Nb9,111,top|A,0.842674
UmVhY3Rpb246NDA3NzMy,Nb3Ga,Ga3Nb9,111,top|B,2.909445
UmVhY3Rpb246MzQ3NjY1,Nb3Hf,Hf3Nb9,111,hollow|A_A_A|HCP,-2.462885
UmVhY3Rpb246NDA3MzM3,Nb3Hf,Hf3Nb9,111,hollow|A_A_B|HCP,-2.598524
UmVhY3Rpb246MzQ1MDk2,Nb3Hg,Hg3Nb9,111,hollow|A_A_A|FCC,-2.589209
UmVhY3Rpb246NDA3NjQ5,Nb3Hg,Hg3Nb9,111,hollow|A_A_A|HCP,-2.192958
UmVhY3Rpb246MzU0NTQ2,Nb3Hg,Hg3Nb9,111,top|B,4.351246
UmVhY3Rpb246NDA3Nzgx,Nb3In,In3Nb9,111,hollow|A_A_A|FCC,-2.344150
UmVhY3Rpb246NDA3Nzg1,Nb3In,In3Nb9,111,hollow|A_A_A|HCP,-2.034143
UmVhY3Rpb246NDA3NDI3,Nb3Ir,Ir3Nb9,111,hollow|A_A_A|HCP,-2.057156
UmVhY3Rpb246MzUwNjI2,Nb3Ir,Ir3Nb9,111,top|B,1.273760
UmVhY3Rpb246MzQ0MjE5,Nb3La,La3Nb9,111,hollow|A_A_A|FCC,-2.175751
UmVhY3Rpb246NDA3NDY5,Nb3Mn,Mn3Nb9,111,hollow|A_A_A|HCP,-2.063123
UmVhY3Rpb246NDA3Mzcy,Nb3Mo,Mo3Nb9,111,hollow|A_A_A|HCP,-2.753420
UmVhY3Rpb246MzQ4NjU2,Nb3Ni,Nb9Ni3,111,hollow|A_A_A|HCP,-1.911074
UmVhY3Rpb246NDA3NDQ3,Nb3Ni,Nb9Ni3,111,hollow|A_A_B|HCP,-1.703378
UmVhY3Rpb246NDA3NDQ4,Nb3Ni,Nb9Ni3,111,top|B,1.644642
UmVhY3Rpb246MzQxODky,Nb3Os,Nb9Os3,111,hollow|A_A_A|FCC,-2.516201
UmVhY3Rpb246MzQxODkz,Nb3Os,Nb9Os3,111,hollow|A_A_A|HCP,-2.248988
UmVhY3Rpb246MzQxODk0,Nb3Os,Nb9Os3,111,hollow|A_A_B|FCC,-2.149872
UmVhY3Rpb246MzQxODk1,Nb3Os,Nb9Os3,111,hollow|A_A_B|HCP,-2.231529
UmVhY3Rpb246MzQ5MTYy,Nb3Os,Nb9Os3,111,top|B,0.281203
UmVhY3Rpb246MzQ2MDI5,Nb3Pb,Nb9Pb3,111,hollow|A_A_A|FCC,-2.213303
UmVhY3Rpb246NDA3ODQ2,Nb3Pb,Nb9Pb3,111,hollow|A_A_A|HCP,-1.880053
UmVhY3Rpb246NDA3ODQ3,Nb3Pb,Nb9Pb3,111,top|B,5.146384
UmVhY3Rpb246NDA3NDgy,Nb3Pd,Nb9Pd3,111,bridge|A_A|A,-1.784131
UmVhY3Rpb246MzQ3NTQ1,Nb3Pd,Nb9Pd3,111,hollow|A_A_A|FCC,-2.558231
UmVhY3Rpb246MzQ3NTQ2,Nb3Pd,Nb9Pd3,111,hollow|A_A_A|HCP,-2.076325
UmVhY3Rpb246MzQ3NTQ3,Nb3Pd,Nb9Pd3,111,hollow|A_A_B|FCC,-1.573596
UmVhY3Rpb246NDA3NDgz,Nb3Pd,Nb9Pd3,111,top|B,3.078274
UmVhY3Rpb246MzQ0MjEz,Nb3Pt,Nb9Pt3,111,hollow|A_A_A|FCC,-2.472006
UmVhY3Rpb246NDA3NDc1,Nb3Pt,Nb9Pt3,111,hollow|A_A_A|HCP,-2.039677
UmVhY3Rpb246MzQ0MjE0,Nb3Pt,Nb9Pt3,111,hollow|A_A_B|FCC,-1.459487
UmVhY3Rpb246NDA3NDc2,Nb3Pt,Nb9Pt3,111,hollow|A_A_B|HCP,-1.540349
UmVhY3Rpb246NDA3NDEw,Nb3Re,Nb9Re3,111,hollow|A_A_A|HCP,-2.582503
UmVhY3Rpb246MzQ5ODY4,Nb3Re,Nb9Re3,111,top|B,-0.137756
UmVhY3Rpb246MzQyMjY5,Nb3Rh,Nb9Rh3,111,hollow|A_A_A|FCC,-2.439800
UmVhY3Rpb246NDA3NDM5,Nb3Rh,Nb9Rh3,111,hollow|A_A_A|HCP,-2.064749
UmVhY3Rpb246NDA3NDQw,Nb3Rh,Nb9Rh3,111,hollow|A_A_B|HCP,-1.784873
UmVhY3Rpb246NDA3NDIw,Nb3Ru,Nb9Ru3,111,hollow|A_A_A|HCP,-2.306391
UmVhY3Rpb246MzUwNDQx,Nb3Ru,Nb9Ru3,111,top|B,0.749443
UmVhY3Rpb246MzQ2MjM2,Nb3Sc,Nb9Sc3,111,hollow|A_A_A|FCC,-2.472075
UmVhY3Rpb246MzQ2MjM3,Nb3Sc,Nb9Sc3,111,hollow|A_A_A|HCP,-2.500943
UmVhY3Rpb246NDA3MzI4,Nb3Sc,Nb9Sc3,111,hollow|A_A_B|FCC,-2.599774
UmVhY3Rpb246Mzg1NjYy,Nb3Sc,Nb9Sc3,111,top|B,2.596504
UmVhY3Rpb246MzQ4MjUx,Nb3Sn,Nb9Sn3,111,hollow|A_A_A|FCC,-2.157946
UmVhY3Rpb246NDA3ODg4,Nb3Sn,Nb9Sn3,111,hollow|A_A_A|HCP,-1.817059
UmVhY3Rpb246NDA3MzUw,Nb3Ta,Nb9Ta3,111,hollow|A_A_A|HCP,-2.638348
UmVhY3Rpb246MzQzNjg1,Nb3Tc,Nb9Tc3,111,hollow|A_A_A|FCC,-2.752338
UmVhY3Rpb246MzQzNjg2,Nb3Tc,Nb9Tc3,111,hollow|A_A_A|HCP,-2.538635
UmVhY3Rpb246MzQzNjg3,Nb3Tc,Nb9Tc3,111,hollow|A_A_B|HCP,-2.527461
UmVhY3Rpb246MzUwNDUw,Nb3Tc,Nb9Tc3,111,top|B,0.162000
UmVhY3Rpb246MzQwNDg2,Nb3Ti,Nb9Ti3,111,hollow|A_A_A|FCC,-2.933131
UmVhY3Rpb246NDA3MzQz,Nb3Ti,Nb9Ti3,111,hollow|A_A_A|HCP,-2.423338
UmVhY3Rpb246NDA3MzQ0,Nb3Ti,Nb9Ti3,111,hollow|A_A_B|FCC,-2.701633
UmVhY3Rpb246NDA3MzQ1,Nb3Ti,Nb9Ti3,111,hollow|A_A_B|HCP,-2.623951
UmVhY3Rpb246Mzg1Njc2,Nb3Ti,Nb9Ti3,111,top|B,0.853865
UmVhY3Rpb246MzQxNzM2,Nb3Tl,Nb9Tl3,111,hollow|A_A_A|FCC,-2.377702
UmVhY3Rpb246MzQxNzM3,Nb3Tl,Nb9Tl3,111,hollow|A_A_A|HCP,-2.059306
UmVhY3Rpb246MzQ5MTA5,Nb3Tl,Nb9Tl3,111,top|B,4.823169
UmVhY3Rpb246NDA3MzU2,Nb3V,Nb9V3,111,hollow|A_A_A|HCP,-2.529745
UmVhY3Rpb246Mzg0NjUx,Nb3V,Nb9V3,111,top|B,0.031551
UmVhY3Rpb246MzUwMzIz,Nb3W,Nb9W3,111,top|B,-0.020949
UmVhY3Rpb246MzQ0Mzgw,Nb3Y,Nb9Y3,111,hollow|A_A_A|FCC,-2.286293
UmVhY3Rpb246NDA3MzIw,Nb3Y,Nb9Y3,111,hollow|A_A_B|FCC,-2.289212
UmVhY3Rpb246MzUzOTUw,Nb3Y,Nb9Y3,111,top|B,3.548971
UmVhY3Rpb246NDA3NTc1,Nb3Zn,Nb9Zn3,111,hollow|A_A_A|FCC,-2.368471
UmVhY3Rpb246NDA3NTc2,Nb3Zn,Nb9Zn3,111,hollow|A_A_A|HCP,-1.920423
UmVhY3Rpb246NDA3NTc3,Nb3Zn,Nb9Zn3,111,hollow|A_A_B|FCC,-1.341423
UmVhY3Rpb246MzQ2NTUw,Nb3Zr,Nb9Zr3,111,hollow|A_A_A|FCC,-2.635059
UmVhY3Rpb246NDA3MzMz,Nb3Zr,Nb9Zr3,111,hollow|A_A_B|HCP,-2.645977
UmVhY3Rpb246Mzg1Njcw,Nb3Zr,Nb9Zr3,111,top|B,1.718136
UmVhY3Rpb246MzU2NzI4,NbNi,Nb6Ni6,101,hollow|A_A_B|FCC,-1.286965
UmVhY3Rpb246NDA3NDU3,NbNi,Nb6Ni6,101,hollow|A_B_B|FCC,-1.286172
UmVhY3Rpb246MzU5MDA4,NbOs,Nb6Os6,101,4fold|A_A_B_B,-0.595286
UmVhY3Rpb246MzU5MDA5,NbOs,Nb6Os6,101,hollow|A_A_B|FCC,-1.834318
UmVhY3Rpb246MzU5MDEw,NbOs,Nb6Os6,101,hollow|A_B_B|HCP,-0.490614
UmVhY3Rpb246MzU5OTIx,NbPb,Nb6Pb6,101,bridge|A_A|B,-0.815840
UmVhY3Rpb246NDI4NTA0,NbPb,Nb6Pb6,101,bridge|B_B|A,-0.833083
UmVhY3Rpb246MzU5OTIy,NbPb,Nb6Pb6,101,top|A,0.073006
UmVhY3Rpb246NDA3NDg5,NbPd,Nb6Pd6,101,bridge|A_A|B,-1.276053
UmVhY3Rpb246MzU3MDc4,NbPd,Nb6Pd6,101,hollow|A_A_B|FCC,-1.314365
UmVhY3Rpb246MzU3MDc5,NbPd,Nb6Pd6,101,hollow|A_A_B|HCP,-1.422037
UmVhY3Rpb246MzU3MDgw,NbPd,Nb6Pd6,101,hollow|A_B_B|FCC,0.025970
UmVhY3Rpb246MzU3MDgx,NbPd,Nb6Pd6,101,hollow|A_B_B|HCP,0.098642
UmVhY3Rpb246MzU4MzQw,NbPt,Nb6Pt6,101,hollow|A_A_B|FCC,-0.987363
UmVhY3Rpb246MzU4MzQx,NbPt,Nb6Pt6,101,hollow|A_A_B|HCP,-1.210675
UmVhY3Rpb246MzU4MzQy,NbPt,Nb6Pt6,101,hollow|A_B_B|FCC,0.300428
UmVhY3Rpb246MzU4MzQz,NbPt,Nb6Pt6,101,hollow|A_B_B|HCP,0.445780
UmVhY3Rpb246MzYwMDEx,NbRe,Nb6Re6,101,bridge|B_B|A,-1.572687
UmVhY3Rpb246MzYwMDEy,NbRe,Nb6Re6,101,hollow|A_A_B|HCP,-1.630644
UmVhY3Rpb246MzYwMDEz,NbRe,Nb6Re6,101,top|A,1.554118
UmVhY3Rpb246MzYwMDE0,NbRe,Nb6Re6,101,top|B,-0.093965
UmVhY3Rpb246MzUwNDkz,NbRh,Nb6Rh6,101,hollow|A_A_B|FCC,-1.599141
UmVhY3Rpb246MzUwNDk1,NbRh,Nb6Rh6,101,hollow|A_B_B|FCC,-0.277394
UmVhY3Rpb246MzUwNDk2,NbRh,Nb6Rh6,101,hollow|A_B_B|HCP,-0.574766
UmVhY3Rpb246NDA3NDIz,NbRu,Nb6Ru6,101,4fold|A_A_B_B,-0.817251
UmVhY3Rpb246MzU2ODc2,NbRu,Nb6Ru6,101,hollow|A_A_B|FCC,-1.995750
UmVhY3Rpb246MzU2ODc3,NbRu,Nb6Ru6,101,hollow|A_B_B|HCP,-0.465853
UmVhY3Rpb246MzU4MDk0,NbSc,Nb6Sc6,101,hollow|A_A_B|FCC,-2.265221
UmVhY3Rpb246MzU4MDk1,NbSc,Nb6Sc6,101,hollow|A_A_B|HCP,-2.376445
UmVhY3Rpb246MzU4MDk2,NbSc,Nb6Sc6,101,hollow|A_B_B|FCC,-2.383979
UmVhY3Rpb246MzU4MDk3,NbSc,Nb6Sc6,101,hollow|A_B_B|HCP,-2.243871
UmVhY3Rpb246NDI3NjI4,NbSn,Nb6Sn6,101,hollow-tilt|A_B_B|FCC,0.259491
UmVhY3Rpb246NDA3OTA4,NbSn,Nb6Sn6,101,hollow|A_A_B|FCC,-0.853896
UmVhY3Rpb246MzU1NDk5,NbSn,Nb6Sn6,101,hollow|A_A_B|HCP,-0.881378
UmVhY3Rpb246Mzg0NjM3,NbTa,Nb6Ta6,101,hollow|A_A_B|FCC,-2.346733
UmVhY3Rpb246Mzg0NjM4,NbTa,Nb6Ta6,101,hollow|A_A_B|HCP,-2.199364
UmVhY3Rpb246Mzg0NjM5,NbTa,Nb6Ta6,101,hollow|A_B_B|FCC,-2.565962
UmVhY3Rpb246Mzg0NjQw,NbTa,Nb6Ta6,101,hollow|A_B_B|HCP,-2.349162
UmVhY3Rpb246NDA3NDE3,NbTc,Nb6Tc6,101,bridge|A_A|B,-1.494664
UmVhY3Rpb246NDA3NDE4,NbTc,Nb6Tc6,101,bridge|B_B|A,-1.205170
UmVhY3Rpb246MzUwNjE0,NbTc,Nb6Tc6,101,hollow|A_A_B|HCP,-1.627938
UmVhY3Rpb246MzUwNjE1,NbTc,Nb6Tc6,101,hollow|A_B_B|HCP,-1.207193
UmVhY3Rpb246MzU1NzIx,NbTi,Nb6Ti6,101,hollow|A_A_B|FCC,-2.279280
UmVhY3Rpb246NDI3NjI5,NbTi,Nb6Ti6,101,hollow|A_A_B|HCP,-2.180483
UmVhY3Rpb246NDA2ODMz,NbTi,Nb6Ti6,101,hollow|A_B_B|FCC,-2.635931
UmVhY3Rpb246MzU1NzIy,NbTi,Nb6Ti6,101,hollow|A_B_B|HCP,-2.431058
UmVhY3Rpb246NDA3ODM3,NbTl,Nb6Tl6,101,bridge|A_A|B,-0.994487
UmVhY3Rpb246NDA3ODM5,NbTl,Nb6Tl6,101,top-tilt|A,0.357986
UmVhY3Rpb246MzU0MjY2,NbV,Nb6V6,101,hollow|A_A_B|FCC,-2.197011
UmVhY3Rpb246MzU0MjY3,NbV,Nb6V6,101,hollow|A_A_B|HCP,-2.057379
UmVhY3Rpb246MzU0MjY4,NbV,Nb6V6,101,hollow|A_B_B|FCC,-2.391940
UmVhY3Rpb246MzU0Mjcw,NbV,Nb6V6,101,hollow|A_B_B|HCP,-2.229495
UmVhY3Rpb246NDA3Mzky,NbW,Nb6W6,101,bridge|B_B|A,-1.510017
UmVhY3Rpb246NDA3Mzkz,NbW,Nb6W6,101,hollow|A_A_B|FCC,-2.187215
UmVhY3Rpb246NDA3Mzk0,NbW,Nb6W6,101,hollow|A_A_B|HCP,-2.506175
UmVhY3Rpb246NDA3Mzk1,NbW,Nb6W6,101,hollow|A_B_B|FCC,-2.177079
UmVhY3Rpb246NDA3Mzk2,NbW,Nb6W6,101,hollow|A_B_B|HCP,-2.171764
UmVhY3Rpb246MzU4NDMw,NbY,Nb6Y6,101,hollow|A_A_B|FCC,-2.404333
UmVhY3Rpb246MzU4NDMx,NbY,Nb6Y6,101,hollow|A_A_B|HCP,-2.602474
UmVhY3Rpb246MzU4NDMy,NbY,Nb6Y6,101,hollow|A_B_B|FCC,-2.190988
UmVhY3Rpb246MzU4NDMz,NbY,Nb6Y6,101,hollow|A_B_B|HCP,-2.111058
UmVhY3Rpb246MzUyOTM2,NbZn,Nb6Zn6,101,hollow|A_A_B|FCC,-1.524756
UmVhY3Rpb246MzUyOTM3,NbZn,Nb6Zn6,101,hollow|A_A_B|HCP,-1.395106
UmVhY3Rpb246MzUyOTM4,NbZn,Nb6Zn6,101,hollow|A_B_B|FCC,-0.213105
UmVhY3Rpb246MzUyOTM5,NbZn,Nb6Zn6,101,hollow|A_B_B|HCP,-0.073050
UmVhY3Rpb246MzU1OTQ1,NbZr,Nb6Zr6,101,hollow|A_A_B|FCC,-2.379454
UmVhY3Rpb246MzU1OTQ2,NbZr,Nb6Zr6,101,hollow|A_A_B|HCP,-2.249699
UmVhY3Rpb246MzU1OTQ3,NbZr,Nb6Zr6,101,hollow|A_B_B|FCC,-2.429103
UmVhY3Rpb246MzU1OTQ4,NbZr,Nb6Zr6,101,hollow|A_B_B|HCP,-2.227131
UmVhY3Rpb246NDIxOTkx,Ni3Ag,Ag3Ni9,111,hollow|A_A_A|FCC,-0.148113
UmVhY3Rpb246NDIxOTky,Ni3Ag,Ag3Ni9,111,hollow|A_A_A|HCP,-0.195434
UmVhY3Rpb246MzQ4OTM1,Ni3Al,Al3Ni9,111,hollow|A_A_A|HCP,0.192405
UmVhY3Rpb246NDIyMjYw,Ni3Al,Al3Ni9,111,hollow|A_A_B|FCC,0.417466
UmVhY3Rpb246NDIyMjYx,Ni3Al,Al3Ni9,111,hollow|A_A_B|HCP,0.474257
UmVhY3Rpb246NDIxOTQ3,Ni3Au,Au3Ni9,111,bridge|A_A|B,0.931943
UmVhY3Rpb246NDIxOTUx,Ni3Au,Au3Ni9,111,hollow|A_A_A|FCC,0.016705
UmVhY3Rpb246NDIxOTUy,Ni3Au,Au3Ni9,111,hollow|A_A_A|HCP,0.163071
UmVhY3Rpb246NDIyMTM5,Ni3Cd,Cd3Ni9,111,hollow|A_A_A|HCP,-0.285202
UmVhY3Rpb246Mzk3MjEz,Ni3Co,Co3Ni9,111,hollow|A_A_B|FCC,0.169044
UmVhY3Rpb246Mzk3MjE2,Ni3Co,Co3Ni9,111,hollow|A_A_B|HCP,0.152115
UmVhY3Rpb246NDIyMDM4,Ni3Cu,Cu3Ni9,111,hollow|A_A_A|FCC,0.007095
UmVhY3Rpb246NDIxODI2,Ni3Fe,Fe3Ni9,111,hollow|A_A_B|FCC,0.165950
UmVhY3Rpb246NDIxODI3,Ni3Fe,Fe3Ni9,111,hollow|A_A_B|HCP,0.175647
UmVhY3Rpb246NDIyNDcz,Ni3Ga,Ga3Ni9,111,hollow|A_A_A|FCC,0.357414
UmVhY3Rpb246NDIyNDc4,Ni3Ga,Ga3Ni9,111,hollow|A_A_A|HCP,0.333634
UmVhY3Rpb246NDIyNDgz,Ni3Ga,Ga3Ni9,111,hollow|A_A_B|FCC,0.892569
UmVhY3Rpb246Mzk1OTg0,Ni3Hf,Hf3Ni9,111,hollow|A_A_B|FCC,-0.050478
UmVhY3Rpb246NDIyNTI1,Ni3In,In3Ni9,111,hollow|A_A_A|FCC,0.199061
UmVhY3Rpb246NDIyNTI2,Ni3In,In3Ni9,111,hollow|A_A_A|HCP,0.179297
UmVhY3Rpb246Mzk3MDEz,Ni3Ir,Ir3Ni9,111,hollow|A_A_B|FCC,-0.018377
UmVhY3Rpb246Mzk3MDE2,Ni3Ir,Ir3Ni9,111,hollow|A_A_B|HCP,-0.136853
UmVhY3Rpb246Mzk2NzMw,Ni3Mo,Mo3Ni9,111,hollow|A_A_B|HCP,-0.697900
UmVhY3Rpb246Mzk2MDUw,Ni3Nb,Nb3Ni9,111,hollow|A_A_B|FCC,-0.542568
UmVhY3Rpb246Mzk2NzA3,Ni3Nb,Nb3Ni9,111,hollow|A_A_B|HCP,-0.402057
UmVhY3Rpb246Mzk2ODc0,Ni3Os,Ni9Os3,111,hollow|A_A_B|FCC,-0.580113
UmVhY3Rpb246Mzk2ODc3,Ni3Os,Ni9Os3,111,hollow|A_A_B|HCP,-0.716151
UmVhY3Rpb246NDIxOTA0,Ni3Pd,Ni9Pd3,111,hollow|A_A_A|FCC,0.092155
UmVhY3Rpb246NDIxOTA1,Ni3Pd,Ni9Pd3,111,hollow|A_A_B|FCC,0.621353
UmVhY3Rpb246NDIxOTA2,Ni3Pd,Ni9Pd3,111,hollow|A_A_B|HCP,0.582806
UmVhY3Rpb246NDIxODcy,Ni3Pt,Ni9Pt3,111,hollow|A_A_A|FCC,0.309546
UmVhY3Rpb246Mzk2NzU3,Ni3Re,Ni9Re3,111,bridge|A_B|A,-0.792381
UmVhY3Rpb246Mzk2NzYw,Ni3Re,Ni9Re3,111,hollow|A_A_B|FCC,-0.915111
UmVhY3Rpb246Mzk2NzY0,Ni3Re,Ni9Re3,111,hollow|A_A_B|HCP,-0.959707
UmVhY3Rpb246Mzk3MTEy,Ni3Rh,Ni9Rh3,111,hollow|A_A_B|FCC,0.174872
UmVhY3Rpb246Mzk3MTE1,Ni3Rh,Ni9Rh3,111,hollow|A_A_B|HCP,0.081016
UmVhY3Rpb246Mzk1OTYw,Ni3Sc,Ni9Sc3,111,bridge|A_A|B,-0.174397
UmVhY3Rpb246NDIyNTcy,Ni3Sn,Ni9Sn3,111,hollow|A_A_A|HCP,0.806599
UmVhY3Rpb246Mzk2MDMx,Ni3Ta,Ni9Ta3,111,hollow|A_A_B|FCC,-0.559966
UmVhY3Rpb246Mzk2MDEx,Ni3Ti,Ni9Ti3,111,hollow|A_A_B|FCC,-0.234775
UmVhY3Rpb246Mzk2NzIz,Ni3V,Ni9V3,111,hollow|A_A_B|FCC,-0.610119
UmVhY3Rpb246Mzk2NzI0,Ni3V,Ni9V3,111,hollow|A_A_B|HCP,-0.504061
UmVhY3Rpb246Mzk2NzM3,Ni3W,Ni9W3,111,hollow|A_A_B|FCC,-0.903704
UmVhY3Rpb246Mzk1OTQ2,Ni3Y,Ni9Y3,111,hollow|A_A_A|FCC,-0.217480
UmVhY3Rpb246NDIyMTAw,Ni3Zn,Ni9Zn3,111,hollow|A_A_A|FCC,-0.033873
UmVhY3Rpb246NDIyMTAx,Ni3Zn,Ni9Zn3,111,hollow|A_A_A|HCP,-0.103211
UmVhY3Rpb246MzU3NjA1,NiOs,Ni6Os6,101,hollow|A_A_B|FCC,0.340171
UmVhY3Rpb246MzU3NjA2,NiOs,Ni6Os6,101,hollow|A_A_B|HCP,0.095174
UmVhY3Rpb246MzU3NjA3,NiOs,Ni6Os6,101,hollow|A_B_B|FCC,-0.544223
UmVhY3Rpb246MzU3NjA4,NiOs,Ni6Os6,101,hollow|A_B_B|HCP,-0.670360
UmVhY3Rpb246NDIyNTUw,NiPb,Ni6Pb6,101,bridge|A_A|B,1.057156
UmVhY3Rpb246NDIyNTUx,NiPb,Ni6Pb6,101,hollow-tilt|A_B_B|FCC,1.988864
UmVhY3Rpb246NDI3NjMw,NiPb,Ni6Pb6,101,hollow|A_A_B|HCP,0.919084
UmVhY3Rpb246NDIxOTMy,NiPd,Ni6Pd6,101,hollow|A_A_B|FCC,0.406309
UmVhY3Rpb246MzUxMTky,NiPd,Ni6Pd6,101,hollow|A_A_B|HCP,0.425296
UmVhY3Rpb246MzUxMTkz,NiPd,Ni6Pd6,101,hollow|A_B_B|FCC,0.983980
UmVhY3Rpb246NDIxOTMz,NiPd,Ni6Pd6,101,hollow|A_B_B|HCP,0.943429
UmVhY3Rpb246MzU2NzY3,NiPt,Ni6Pt6,101,hollow|A_A_B|FCC,0.494486
UmVhY3Rpb246MzU2NzY4,NiPt,Ni6Pt6,101,hollow|A_A_B|HCP,0.670590
UmVhY3Rpb246MzU2NzY5,NiPt,Ni6Pt6,101,hollow|A_B_B|FCC,0.772798
UmVhY3Rpb246MzU2Nzcw,NiPt,Ni6Pt6,101,hollow|A_B_B|HCP,0.677668
UmVhY3Rpb246MzUwMTUw,NiRe,Ni6Re6,101,hollow|A_A_B|FCC,-0.190863
UmVhY3Rpb246NDEwMzQ2,NiRe,Ni6Re6,101,hollow|A_A_B|HCP,-0.237774
UmVhY3Rpb246MzUwMTUx,NiRe,Ni6Re6,101,hollow|A_B_B|FCC,-0.914509
UmVhY3Rpb246MzUwMTUy,NiRe,Ni6Re6,101,hollow|A_B_B|HCP,-1.248215
UmVhY3Rpb246MzU2Nzkw,NiRh,Ni6Rh6,101,hollow|A_A_B|FCC,0.322932
UmVhY3Rpb246MzU2Nzkx,NiRh,Ni6Rh6,101,hollow|A_A_B|HCP,0.245340
UmVhY3Rpb246MzU2Nzky,NiRh,Ni6Rh6,101,hollow|A_B_B|FCC,0.073381
UmVhY3Rpb246MzU2Nzkz,NiRh,Ni6Rh6,101,hollow|A_B_B|HCP,-0.026276
UmVhY3Rpb246MzU2MDM3,NiRu,Ni6Ru6,101,hollow|A_A_B|FCC,0.216012
UmVhY3Rpb246MzU2MDM4,NiRu,Ni6Ru6,101,hollow|A_A_B|HCP,0.026051
UmVhY3Rpb246MzU2MDM5,NiRu,Ni6Ru6,101,hollow|A_B_B|FCC,-0.376076
UmVhY3Rpb246MzU2MDQw,NiRu,Ni6Ru6,101,hollow|A_B_B|HCP,-0.562329
UmVhY3Rpb246MzU1NTE5,NiSn,Ni6Sn6,101,bridge|A_A|B,1.525943
UmVhY3Rpb246NDIyNTg3,NiSn,Ni6Sn6,101,hollow|A_B_B|FCC,1.899856
UmVhY3Rpb246NDI3NjMx,NiTa,Ni6Ta6,101,bridge|A_A|B,-0.956746
UmVhY3Rpb246NDI3NjMy,NiTa,Ni6Ta6,101,hollow|A_A_B|HCP,-0.600792
UmVhY3Rpb246MzU2NDE4,NiTa,Ni6Ta6,101,hollow|A_B_B|FCC,-1.612007
UmVhY3Rpb246NDI3NjMz,NiTa,Ni6Ta6,101,hollow|A_B_B|HCP,-1.661217
UmVhY3Rpb246NDI4NTA1,NiTi,Ni6Ti6,101,4fold|A_A_B_B,-2.147167
UmVhY3Rpb246NDI4NTA2,NiTi,Ni6Ti6,101,hollow|A_B_B|FCC,-1.915449
UmVhY3Rpb246NDI4NTA3,NiV,Ni6V6,101,hollow|A_A_B|FCC,-1.400485
UmVhY3Rpb246NDI4NTA4,NiV,Ni6V6,101,hollow|A_A_B|HCP,-0.684927
UmVhY3Rpb246NDI4NTA5,NiV,Ni6V6,101,hollow|A_B_B|FCC,-1.400455
UmVhY3Rpb246NDI4NTEw,NiV,Ni6V6,101,hollow|A_B_B|HCP,-1.423854
UmVhY3Rpb246MzU0Njg4,NiW,Ni6W6,101,hollow|A_A_B|HCP,-0.342432
UmVhY3Rpb246MzU0Njg5,NiW,Ni6W6,101,hollow|A_B_B|FCC,-1.184561
UmVhY3Rpb246MzU0NzU3,NiW,Ni6W6,101,hollow|A_B_B|HCP,-1.372956
UmVhY3Rpb246MzU5OTcy,NiY,Ni6Y6,101,bridge|A_A|B,-1.581781
UmVhY3Rpb246NDI4NTEx,NiY,Ni6Y6,101,bridge|B_B|A,-1.581645
UmVhY3Rpb246MzU5OTcz,NiY,Ni6Y6,101,hollow|A_B_B|FCC,-0.926114
UmVhY3Rpb246MzU2MjQ4,NiZn,Ni6Zn6,101,bridge|A_A|B,0.819505
UmVhY3Rpb246MzU2MjQ5,NiZn,Ni6Zn6,101,hollow|A_B_B|FCC,1.440017
UmVhY3Rpb246MzUxMzA0,NiZr,Ni6Zr6,101,4fold|A_A_B_B,-2.238676
UmVhY3Rpb246NDA2MzY5,NiZr,Ni6Zr6,101,bridge|B_B|A,-1.463221
UmVhY3Rpb246NDA2Mzcw,NiZr,Ni6Zr6,101,hollow|A_B_B|FCC,-1.855674
UmVhY3Rpb246MzM5NjQ5,Os,Os12,111,hollow|A_A_A|FCC,0.071760
UmVhY3Rpb246MzM5NjUw,Os,Os12,111,hollow|A_A_A|HCP,-0.540672
UmVhY3Rpb246MzM5NjUx,Os,Os12,111,top|A,0.724363
UmVhY3Rpb246MzQ3MDQx,Os3Ag,Ag3Os9,111,hollow|A_A_A|FCC,-0.871666
UmVhY3Rpb246MzQ3MDQy,Os3Ag,Ag3Os9,111,hollow|A_A_A|HCP,-1.503501
UmVhY3Rpb246NDEzMDQy,Os3Ag,Ag3Os9,111,top|B,5.090522
UmVhY3Rpb246NDEzMzkx,Os3Al,Al3Os9,111,hollow|A_A_A|FCC,-0.882057
UmVhY3Rpb246NDEzMzky,Os3Al,Al3Os9,111,hollow|A_A_A|HCP,-1.259501
UmVhY3Rpb246NDEzMzkz,Os3Al,Al3Os9,111,hollow|A_A_B|HCP,-0.256639
UmVhY3Rpb246NDEzMzk2,Os3Al,Al3Os9,111,top|A,0.334365
UmVhY3Rpb246NDEzMzk3,Os3Al,Al3Os9,111,top|B,3.811568
UmVhY3Rpb246MzQwMTc5,Os3Cd,Cd3Os9,111,hollow|A_A_A|FCC,-0.870350
UmVhY3Rpb246MzQwMTgw,Os3Cd,Cd3Os9,111,hollow|A_A_A|HCP,-1.507662
UmVhY3Rpb246NDEzMjU4,Os3Cd,Cd3Os9,111,top|B,5.613633
UmVhY3Rpb246NDEyNDU5,Os3Co,Co3Os9,111,hollow|A_A_A|HCP,-0.809306
UmVhY3Rpb246NDEyNDYx,Os3Co,Co3Os9,111,hollow|A_A_B|HCP,-0.316657
UmVhY3Rpb246NDExNzMz,Os3Cr,Cr3Os9,111,hollow|A_A_A|HCP,-0.968907
UmVhY3Rpb246NDExNzM0,Os3Cr,Cr3Os9,111,hollow|A_A_B|HCP,-1.028232
UmVhY3Rpb246MzY4NzA3,Os3Cr,Cr3Os9,111,top|A,0.464186
UmVhY3Rpb246MzY4NzA4,Os3Cr,Cr3Os9,111,top|B,0.696075
UmVhY3Rpb246MzQ2NzE0,Os3Cu,Cu3Os9,111,hollow|A_A_A|FCC,-0.865890
UmVhY3Rpb246MzQ2NzE1,Os3Cu,Cu3Os9,111,hollow|A_A_A|HCP,-1.220337
UmVhY3Rpb246NDEzMTU2,Os3Cu,Cu3Os9,111,top|A,0.360695
UmVhY3Rpb246NDEzMTYw,Os3Cu,Cu3Os9,111,top|B,4.217971
UmVhY3Rpb246NDEyNjEw,Os3Fe,Fe3Os9,111,hollow|A_A_A|HCP,-0.938622
UmVhY3Rpb246NDEyNjEx,Os3Fe,Fe3Os9,111,hollow|A_A_B|HCP,-0.582355
UmVhY3Rpb246NDEyNjEz,Os3Fe,Fe3Os9,111,top|B,1.363326
UmVhY3Rpb246NDEzNDc1,Os3Ga,Ga3Os9,111,bridge|A_A|A,0.055013
UmVhY3Rpb246MzQyOTc1,Os3Ga,Ga3Os9,111,hollow|A_A_A|FCC,-0.862726
UmVhY3Rpb246MzQyOTc2,Os3Ga,Ga3Os9,111,hollow|A_A_A|HCP,-1.173306
UmVhY3Rpb246NDExNjc0,Os3Hf,Hf3Os9,111,bridge|A_A|B,-1.236810
UmVhY3Rpb246NDExNjc1,Os3Hf,Hf3Os9,111,hollow|A_A_B|FCC,-0.724254
UmVhY3Rpb246NDExNjc2,Os3Hf,Hf3Os9,111,hollow|A_A_B|HCP,-1.029981
UmVhY3Rpb246NDEzMjkx,Os3Hg,Hg3Os9,111,hollow|A_A_A|FCC,-0.844721
UmVhY3Rpb246NDEzMjky,Os3Hg,Hg3Os9,111,hollow|A_A_A|HCP,-1.353722
UmVhY3Rpb246NDEzMjkz,Os3Hg,Hg3Os9,111,top|B,5.648863
UmVhY3Rpb246MzQwNjMx,Os3In,In3Os9,111,hollow|A_A_A|FCC,-0.758307
UmVhY3Rpb246MzQwNjMy,Os3In,In3Os9,111,hollow|A_A_A|HCP,-1.317104
UmVhY3Rpb246NDEzNTcx,Os3In,In3Os9,111,top|B,5.243222
UmVhY3Rpb246NDEyMDI2,Os3Ir,Ir3Os9,111,bridge|A_A|A,0.196209
UmVhY3Rpb246MzQ1OTYy,Os3Ir,Ir3Os9,111,hollow|A_A_A|FCC,-0.189257
UmVhY3Rpb246MzQ1OTYz,Os3Ir,Ir3Os9,111,hollow|A_A_A|HCP,-0.711598
UmVhY3Rpb246MzQ1OTY0,Os3Ir,Ir3Os9,111,hollow|A_A_B|FCC,0.372181
UmVhY3Rpb246MzQ1OTY1,Os3Ir,Ir3Os9,111,hollow|A_A_B|HCP,-0.117616
UmVhY3Rpb246Mzg5NDM2,Os3Ir,Ir3Os9,111,top|A,0.705501
UmVhY3Rpb246Mzg5NDM3,Os3Ir,Ir3Os9,111,top|B,2.040516
UmVhY3Rpb246NDExNjI3,Os3La,La3Os9,111,bridge|A_A|A,-0.431313
UmVhY3Rpb246NDExNjI4,Os3La,La3Os9,111,hollow|A_A_A|HCP,-2.108115
UmVhY3Rpb246NDEyNzA4,Os3Mn,Mn3Os9,111,hollow|A_A_A|HCP,-0.970912
UmVhY3Rpb246NDEyNzA5,Os3Mn,Mn3Os9,111,hollow|A_A_B|HCP,-0.647354
UmVhY3Rpb246MzUwNzUx,Os3Mn,Mn3Os9,111,top|A,0.443686
UmVhY3Rpb246MzUwNzUz,Os3Mn,Mn3Os9,111,top|B,1.071046
UmVhY3Rpb246MzQwNTEy,Os3Mo,Mo3Os9,111,hollow|A_A_A|FCC,-0.290976
UmVhY3Rpb246MzQwNTEz,Os3Mo,Mo3Os9,111,hollow|A_A_A|HCP,-1.139242
UmVhY3Rpb246MzQwNTE0,Os3Mo,Mo3Os9,111,hollow|A_A_B|FCC,-0.588312
UmVhY3Rpb246MzQwNTE1,Os3Mo,Mo3Os9,111,hollow|A_A_B|HCP,-1.004966
UmVhY3Rpb246MzkyNzUy,Os3Mo,Mo3Os9,111,top|A,0.422564
UmVhY3Rpb246MzkyNzUz,Os3Mo,Mo3Os9,111,top|B,0.686480
UmVhY3Rpb246MzQ0OTAy,Os3Nb,Nb3Os9,111,hollow|A_A_A|FCC,-0.658696
UmVhY3Rpb246MzQ0OTAz,Os3Nb,Nb3Os9,111,hollow|A_A_A|HCP,-1.402446
UmVhY3Rpb246MzQ0OTA0,Os3Nb,Nb3Os9,111,hollow|A_A_B|FCC,-0.879155
UmVhY3Rpb246MzQ0OTA1,Os3Nb,Nb3Os9,111,hollow|A_A_B|HCP,-0.981023
UmVhY3Rpb246MzU0NDM4,Os3Nb,Nb3Os9,111,top|A,0.338152
UmVhY3Rpb246MzU0NDM5,Os3Nb,Nb3Os9,111,top|B,1.842101
UmVhY3Rpb246MzQ5MzUw,Os3Ni,Ni3Os9,111,top|A,0.460639
UmVhY3Rpb246MzQxMDAw,Os3Pd,Os9Pd3,111,hollow|A_A_A|FCC,-0.618519
UmVhY3Rpb246MzQxMDAx,Os3Pd,Os9Pd3,111,hollow|A_A_A|HCP,-1.224879
UmVhY3Rpb246NDEyOTU2,Os3Pd,Os9Pd3,111,top|A,0.371487
UmVhY3Rpb246NDEyOTU3,Os3Pd,Os9Pd3,111,top|B,3.972627
UmVhY3Rpb246MzQyMDcy,Os3Pt,Os9Pt3,111,hollow|A_A_A|FCC,-0.470615
UmVhY3Rpb246MzQyMDcz,Os3Pt,Os9Pt3,111,hollow|A_A_A|HCP,-0.997648
UmVhY3Rpb246MzQ5Mjc0,Os3Pt,Os9Pt3,111,top|A,0.472150
UmVhY3Rpb246MzQ5Mjc1,Os3Pt,Os9Pt3,111,top|B,3.325146
UmVhY3Rpb246NDExNzQ2,Os3Re,Os9Re3,111,hollow|A_A_A|HCP,-0.755785
UmVhY3Rpb246NDExNzQ3,Os3Re,Os9Re3,111,hollow|A_A_B|HCP,-0.901137
UmVhY3Rpb246NDEyMTgx,Os3Rh,Os9Rh3,111,bridge|A_B|A,0.784227
UmVhY3Rpb246NDEyMTg2,Os3Rh,Os9Rh3,111,hollow|A_A_A|HCP,-0.953649
UmVhY3Rpb246NDEyMTg3,Os3Rh,Os9Rh3,111,hollow|A_A_B|HCP,-0.127167
UmVhY3Rpb246NDExODcy,Os3Ru,Os9Ru3,111,hollow|A_A_A|HCP,-0.806226
UmVhY3Rpb246NDExODc2,Os3Ru,Os9Ru3,111,hollow|A_A_B|HCP,-0.523968
UmVhY3Rpb246MzU0NTM1,Os3Ru,Os9Ru3,111,top|A,0.654592
UmVhY3Rpb246MzU0NTM2,Os3Ru,Os9Ru3,111,top|B,1.277322
UmVhY3Rpb246NDExNjM1,Os3Sc,Os9Sc3,111,bridge|A_A|B,-1.200235
UmVhY3Rpb246NDExNjM5,Os3Sc,Os9Sc3,111,bridge|A_B|A,-0.165533
UmVhY3Rpb246MzQxNTI2,Os3Sc,Os9Sc3,111,hollow|A_A_A|HCP,-1.703535
UmVhY3Rpb246MzQxNTI3,Os3Sc,Os9Sc3,111,hollow|A_A_B|HCP,-0.980969
UmVhY3Rpb246NDEzNzEy,Os3Sn,Os9Sn3,111,hollow|A_A_A|FCC,-0.700019
UmVhY3Rpb246MzQ4NDE2,Os3Sn,Os9Sn3,111,hollow|A_A_A|HCP,-1.133977
UmVhY3Rpb246NDEzNzE0,Os3Sn,Os9Sn3,111,top|A,0.350576
UmVhY3Rpb246NDExNzI0,Os3Ta,Os9Ta3,111,hollow|A_A_B|FCC,-0.862257
UmVhY3Rpb246NDExNzI1,Os3Ta,Os9Ta3,111,hollow|A_A_B|HCP,-0.969014
UmVhY3Rpb246MzYwNTgx,Os3Ta,Os9Ta3,111,top|A,0.370957
UmVhY3Rpb246MzYwNTgy,Os3Ta,Os9Ta3,111,top|B,2.017698
UmVhY3Rpb246NDExNzY1,Os3Tc,Os9Tc3,111,hollow|A_A_A|HCP,-0.914955
UmVhY3Rpb246NDExNzcw,Os3Tc,Os9Tc3,111,hollow|A_A_B|HCP,-0.850796
UmVhY3Rpb246MzU0NzI0,Os3Tc,Os9Tc3,111,top|A,0.550885
UmVhY3Rpb246MzU0NzI1,Os3Tc,Os9Tc3,111,top|B,0.499868
UmVhY3Rpb246NDExNzE0,Os3Ti,Os9Ti3,111,hollow|A_A_A|HCP,-1.476526
UmVhY3Rpb246NDExNzE2,Os3Ti,Os9Ti3,111,hollow|A_A_B|HCP,-1.007587
UmVhY3Rpb246MzQyMjA5,Os3V,Os9V3,111,hollow|A_A_A|FCC,-0.598451
UmVhY3Rpb246MzQyMjEw,Os3V,Os9V3,111,hollow|A_A_A|HCP,-1.180962
UmVhY3Rpb246MzQyMjEx,Os3V,Os9V3,111,hollow|A_A_B|FCC,-0.697992
UmVhY3Rpb246MzQyMjEy,Os3V,Os9V3,111,hollow|A_A_B|HCP,-1.041207
UmVhY3Rpb246MzQ5MzQw,Os3V,Os9V3,111,top|A,0.400320
UmVhY3Rpb246MzQ5MzQx,Os3V,Os9V3,111,top|B,1.397241
UmVhY3Rpb246NDExNzM5,Os3W,Os9W3,111,bridge|A_A|B,-0.261962
UmVhY3Rpb246MzQ2MzA3,Os3W,Os9W3,111,hollow|A_A_A|FCC,-0.199210
UmVhY3Rpb246MzQ2MzA4,Os3W,Os9W3,111,hollow|A_A_A|HCP,-1.031982
UmVhY3Rpb246MzQ2MzA5,Os3W,Os9W3,111,hollow|A_A_B|FCC,-0.597684
UmVhY3Rpb246MzQ2MzEw,Os3W,Os9W3,111,hollow|A_A_B|HCP,-0.989714
UmVhY3Rpb246MzU0NjQw,Os3Y,Os9Y3,111,bridge|A_A|A,-0.821754
UmVhY3Rpb246MzU0NjQx,Os3Y,Os9Y3,111,bridge|A_A|B,-1.494729
UmVhY3Rpb246MzQ1MjU5,Os3Y,Os9Y3,111,hollow|A_A_A|FCC,-0.887800
UmVhY3Rpb246MzQ1MjYw,Os3Y,Os9Y3,111,hollow|A_A_A|HCP,-1.900674
UmVhY3Rpb246MzU0NjQy,Os3Y,Os9Y3,111,top|B,4.735749
UmVhY3Rpb246MzQ0MDM5,Os3Zn,Os9Zn3,111,hollow|A_A_A|FCC,-0.915317
UmVhY3Rpb246MzQ0MDQw,Os3Zn,Os9Zn3,111,hollow|A_A_A|HCP,-1.312348
UmVhY3Rpb246MzUzNDMw,Os3Zn,Os9Zn3,111,top|B,4.879043
UmVhY3Rpb246MzQ5NTk3,Os3Zr,Os9Zr3,111,bridge|A_A|B,-1.296383
UmVhY3Rpb246MzQyNTcx,Os3Zr,Os9Zr3,111,hollow|A_A_A|FCC,-0.999919
UmVhY3Rpb246MzQyNTcy,Os3Zr,Os9Zr3,111,hollow|A_A_A|HCP,-1.730810
UmVhY3Rpb246MzQyNTcz,Os3Zr,Os9Zr3,111,hollow|A_A_B|HCP,-1.012560
UmVhY3Rpb246MzQ5NTk4,Os3Zr,Os9Zr3,111,top|A,0.166223
UmVhY3Rpb246MzQ5NTk5,Os3Zr,Os9Zr3,111,top|B,3.234656
UmVhY3Rpb246NDEzNjEz,OsPb,Os6Pb6,101,bridge|A_A|B,0.067991
UmVhY3Rpb246NDEzNjU1,OsPb,Os6Pb6,101,bridge|B_B|A,0.074538
UmVhY3Rpb246NDI3NjM0,OsPb,Os6Pb6,101,top|A,0.181136
UmVhY3Rpb246MzU2NTQ1,OsPd,Os6Pd6,101,bridge|A_A|B,-0.588660
UmVhY3Rpb246MzU2NTQ4,OsPd,Os6Pd6,101,hollow-tilt|A_B_B|HCP,0.285519
UmVhY3Rpb246MzU2NTQ2,OsPd,Os6Pd6,101,hollow|A_A_B|HCP,-0.742974
UmVhY3Rpb246MzU2NTQ3,OsPd,Os6Pd6,101,hollow|A_B_B|FCC,0.510603
UmVhY3Rpb246NDEyOTg5,OsPd,Os6Pd6,101,hollow|A_B_B|HCP,-0.743087
UmVhY3Rpb246MzUzNzc4,OsPt,Os6Pt6,101,hollow|A_A_B|FCC,-0.342385
UmVhY3Rpb246MzUzNzc5,OsPt,Os6Pt6,101,hollow|A_A_B|HCP,-0.540708
UmVhY3Rpb246MzUzNzgw,OsPt,Os6Pt6,101,hollow|A_B_B|FCC,0.690515
UmVhY3Rpb246MzUzNzgx,OsPt,Os6Pt6,101,hollow|A_B_B|HCP,0.566695
UmVhY3Rpb246MzU3NjI0,OsRe,Os6Re6,101,hollow|A_A_B|FCC,-0.302723
UmVhY3Rpb246MzU3NjI1,OsRe,Os6Re6,101,hollow|A_A_B|HCP,-1.036989
UmVhY3Rpb246NDI3NjM1,OsRe,Os6Re6,101,hollow|A_B_B|FCC,-0.662625
UmVhY3Rpb246MzU3NjI2,OsRe,Os6Re6,101,hollow|A_B_B|HCP,-1.147353
UmVhY3Rpb246MzU2OTA3,OsRh,Os6Rh6,101,hollow|A_A_B|FCC,-0.327451
UmVhY3Rpb246MzU2OTA4,OsRh,Os6Rh6,101,hollow|A_A_B|HCP,-0.720851
UmVhY3Rpb246MzU2OTA5,OsRh,Os6Rh6,101,hollow|A_B_B|FCC,0.447298
UmVhY3Rpb246MzU2OTEw,OsRh,Os6Rh6,101,hollow|A_B_B|HCP,0.168470
UmVhY3Rpb246MzUxNjI0,OsRu,Os6Ru6,101,hollow|A_A_B|FCC,-0.159462
UmVhY3Rpb246MzUxNjI1,OsRu,Os6Ru6,101,hollow|A_A_B|HCP,-0.758846
UmVhY3Rpb246MzUxNjI2,OsRu,Os6Ru6,101,hollow|A_B_B|FCC,0.105089
UmVhY3Rpb246MzUxNjI3,OsRu,Os6Ru6,101,hollow|A_B_B|HCP,-0.457013
UmVhY3Rpb246NDA1OTkx,OsSc,Os6Sc6,101,4fold|A_A_B_B,-0.386766
UmVhY3Rpb246MzUwMjc3,OsSc,Os6Sc6,101,bridge|A_A|B,-1.767909
UmVhY3Rpb246MzUwMjc5,OsSc,Os6Sc6,101,hollow|A_B_B|FCC,-0.897856
UmVhY3Rpb246NDEzNzUw,OsSn,Os6Sn6,101,bridge|A_A|B,1.002299
UmVhY3Rpb246NDEzNzUx,OsSn,Os6Sn6,101,bridge|B_B|A,2.593410
UmVhY3Rpb246MzU1MDE4,OsSn,Os6Sn6,101,top|A,0.609216
UmVhY3Rpb246NDEzODIx,OsSn,Os6Sn6,101,top|B,0.604029
UmVhY3Rpb246MzU1MjQx,OsTa,Os6Ta6,101,hollow|A_A_B|HCP,-0.343322
UmVhY3Rpb246MzU1MjQz,OsTa,Os6Ta6,101,hollow|A_B_B|FCC,-1.924153
UmVhY3Rpb246NDI3NjM2,OsTc,Os6Tc6,101,hollow|A_A_B|FCC,-0.445500
UmVhY3Rpb246MzU5Mzky,OsTc,Os6Tc6,101,hollow|A_A_B|HCP,-1.120109
UmVhY3Rpb246NDI3NjM3,OsTc,Os6Tc6,101,hollow|A_B_B|FCC,-0.571175
UmVhY3Rpb246NDEwNzgw,OsTc,Os6Tc6,101,hollow|A_B_B|HCP,-1.076566
UmVhY3Rpb246NDA2ODk5,OsTi,Os6Ti6,101,bridge|A_A|B,-1.057276
UmVhY3Rpb246NDA2OTAw,OsTi,Os6Ti6,101,bridge|B_B|A,-0.937460
UmVhY3Rpb246MzU0MDA3,OsTi,Os6Ti6,101,hollow|A_A_B|HCP,-0.939621
UmVhY3Rpb246MzU0MDA4,OsTi,Os6Ti6,101,hollow|A_B_B|HCP,-1.187711
UmVhY3Rpb246NDI3NjM4,OsTl,Os6Tl6,101,bridge|A_A|B,-0.452587
UmVhY3Rpb246MzU2MTk5,OsV,Os6V6,101,hollow|A_A_B|HCP,-0.627352
UmVhY3Rpb246MzU2MjAw,OsV,Os6V6,101,hollow|A_B_B|HCP,-1.664420
UmVhY3Rpb246NDA5OTgw,OsW,Os6W6,101,hollow|A_A_B|FCC,-0.764988
UmVhY3Rpb246NDA5OTgx,OsW,Os6W6,101,hollow|A_A_B|HCP,-1.221973
UmVhY3Rpb246NDA5OTgy,OsW,Os6W6,101,hollow|A_B_B|FCC,-1.218134
UmVhY3Rpb246NDA5OTgz,OsW,Os6W6,101,hollow|A_B_B|HCP,-1.357382
UmVhY3Rpb246NDA1NDc3,OsY,Os6Y6,101,4fold|A_A_B_B,0.284161
UmVhY3Rpb246MzUyNjUz,OsY,Os6Y6,101,bridge|A_A|B,-1.887718
UmVhY3Rpb246MzUyNjU0,OsY,Os6Y6,101,hollow-tilt|A_B_B|FCC,-1.049543
UmVhY3Rpb246NDEzMjI5,OsZn,Os6Zn6,101,hollow|A_A_B|FCC,-0.184765
UmVhY3Rpb246NDI3NjM5,OsZn,Os6Zn6,101,hollow|A_A_B|HCP,-0.021161
UmVhY3Rpb246NDEzMjUy,OsZn,Os6Zn6,101,hollow|A_B_B|HCP,-0.030096
UmVhY3Rpb246NDEzMjM4,OsZn,Os6Zn6,101,top|A,0.245185
UmVhY3Rpb246MzU1NDM3,OsZr,Os6Zr6,101,4fold|A_A_B_B,-1.316762
UmVhY3Rpb246NDA2MzE5,OsZr,Os6Zr6,101,bridge|A_A|B,-0.511045
UmVhY3Rpb246NDA2MzIw,OsZr,Os6Zr6,101,hollow|A_A_B|FCC,-1.129785
UmVhY3Rpb246MzU1NDM5,OsZr,Os6Zr6,101,hollow|A_B_B|FCC,-1.130722
UmVhY3Rpb246MzU1NDQw,OsZr,Os6Zr6,101,top|A,0.267052
UmVhY3Rpb246MzU1NDQx,OsZr,Os6Zr6,101,top|B,2.769404
UmVhY3Rpb246MzM5Njk0,Pb,Pb12,111,hollow|A_A_A|FCC,1.999613
UmVhY3Rpb246MzM5Njk1,Pb,Pb12,111,hollow|A_A_A|HCP,2.035971
UmVhY3Rpb246MzM5Njk2,Pb,Pb12,111,top|A,4.265287
UmVhY3Rpb246NDA0NTAz,Pb3Ag,Ag3Pb9,111,hollow|A_A_A|FCC,2.162393
UmVhY3Rpb246MzQxOTQx,Pb3Ag,Ag3Pb9,111,hollow|A_A_A|HCP,2.241836
UmVhY3Rpb246MzQ5MTk2,Pb3Ag,Ag3Pb9,111,top|B,4.273482
UmVhY3Rpb246MzQ3ODYw,Pb3Al,Al3Pb9,111,hollow|A_A_A|FCC,1.900368
UmVhY3Rpb246MzQ3ODYx,Pb3Al,Al3Pb9,111,hollow|A_A_A|HCP,1.981495
UmVhY3Rpb246NDA0NTQ3,Pb3Al,Al3Pb9,111,hollow|A_A_B|FCC,0.759899
UmVhY3Rpb246MzQ3ODYy,Pb3Al,Al3Pb9,111,hollow|A_A_B|HCP,0.900435
UmVhY3Rpb246NDA0NDkx,Pb3Au,Au3Pb9,111,hollow|A_A_A|FCC,2.081653
UmVhY3Rpb246NDA0NDky,Pb3Au,Au3Pb9,111,hollow|A_A_A|HCP,2.077813
UmVhY3Rpb246NDA0NDkz,Pb3Au,Au3Pb9,111,hollow|A_A_B|FCC,2.285938
UmVhY3Rpb246MzM5OTk2,Pb3Bi,Bi3Pb9,111,hollow|A_A_A|HCP,1.748091
UmVhY3Rpb246MzQyNDY2,Pb3Cd,Cd3Pb9,111,hollow|A_A_A|FCC,1.864040
UmVhY3Rpb246MzQyNDY3,Pb3Cd,Cd3Pb9,111,hollow|A_A_A|HCP,1.988859
UmVhY3Rpb246MzQyNDY4,Pb3Cd,Cd3Pb9,111,hollow|A_A_B|FCC,2.083935
UmVhY3Rpb246MzQyNDY5,Pb3Cd,Cd3Pb9,111,hollow|A_A_B|HCP,2.191609
UmVhY3Rpb246NDA0NDAx,Pb3Cr,Cr3Pb9,111,top-tilt|B,-0.807488
UmVhY3Rpb246MzU0Njc1,Pb3Cr,Cr3Pb9,111,top|B,-0.827084
UmVhY3Rpb246NDA0NTEx,Pb3Cu,Cu3Pb9,111,hollow|A_A_A|FCC,2.252761
UmVhY3Rpb246MzQ1ODEy,Pb3Cu,Cu3Pb9,111,hollow|A_A_A|HCP,2.264231
UmVhY3Rpb246MzU1Mzc0,Pb3Cu,Cu3Pb9,111,top|B,3.011012
UmVhY3Rpb246NDA0NDU3,Pb3Fe,Fe3Pb9,111,hollow|A_A_A|HCP,2.384131
UmVhY3Rpb246MzQyMDI0,Pb3Ga,Ga3Pb9,111,hollow|A_A_A|FCC,1.841844
UmVhY3Rpb246MzQyMDI1,Pb3Ga,Ga3Pb9,111,hollow|A_A_A|HCP,1.952095
UmVhY3Rpb246MzQ5MjM4,Pb3Ga,Ga3Pb9,111,top|B,3.290962
UmVhY3Rpb246MzQ2NTM0,Pb3Hf,Hf3Pb9,111,hollow|A_A_A|FCC,2.867288
UmVhY3Rpb246MzQ2NTM1,Pb3Hf,Hf3Pb9,111,hollow|A_A_A|HCP,2.502753
UmVhY3Rpb246NDA0MzU5,Pb3Hf,Hf3Pb9,111,hollow|A_A_B|FCC,-0.015888
UmVhY3Rpb246MzQ2NTM2,Pb3Hf,Hf3Pb9,111,hollow|A_A_B|HCP,0.089780
UmVhY3Rpb246NDA0MzYw,Pb3Hf,Hf3Pb9,111,top|B,0.695230
UmVhY3Rpb246NDA0NTM2,Pb3Hg,Hg3Pb9,111,hollow|A_A_A|FCC,1.769584
UmVhY3Rpb246NDA0NTM3,Pb3Hg,Hg3Pb9,111,hollow|A_A_A|HCP,1.909799
UmVhY3Rpb246NDA0NTM4,Pb3Hg,Hg3Pb9,111,hollow|A_A_B|FCC,2.470528
UmVhY3Rpb246MzQ4Nzgy,Pb3In,In3Pb9,111,hollow|A_A_A|FCC,1.796793
UmVhY3Rpb246NDA0NTU4,Pb3In,In3Pb9,111,hollow|A_A_A|HCP,1.990639
UmVhY3Rpb246NDA0NDQx,Pb3Ir,Ir3Pb9,111,bridge-tilt|A_B|A,0.763928
UmVhY3Rpb246MzU0ODU3,Pb3Ir,Ir3Pb9,111,top|B,1.069213
UmVhY3Rpb246MzQ0MTAy,Pb3La,La3Pb9,111,hollow|A_A_A|FCC,2.595001
UmVhY3Rpb246NDA0MzIy,Pb3La,La3Pb9,111,hollow|A_A_B|FCC,0.817664
UmVhY3Rpb246NDA0MzIz,Pb3La,La3Pb9,111,hollow|A_A_B|HCP,0.733511
UmVhY3Rpb246MzUzNDk0,Pb3La,La3Pb9,111,top|B,2.974309
UmVhY3Rpb246NDA0NDY1,Pb3Mn,Mn3Pb9,111,hollow-tilt|A_A_B|FCC,0.903526
UmVhY3Rpb246NDA0NDY2,Pb3Mn,Mn3Pb9,111,hollow-tilt|A_A_B|HCP,0.934626
UmVhY3Rpb246MzQyNDA0,Pb3Mo,Mo3Pb9,111,hollow|A_A_A|HCP,2.640802
UmVhY3Rpb246MzQ0MzUx,Pb3Nb,Nb3Pb9,111,hollow|A_A_A|FCC,2.890437
UmVhY3Rpb246MzQ0MzUy,Pb3Nb,Nb3Pb9,111,hollow|A_A_A|HCP,2.595756
UmVhY3Rpb246NDA0Mzg1,Pb3Nb,Nb3Pb9,111,top-tilt|B,-0.525480
UmVhY3Rpb246MzUzODk4,Pb3Nb,Nb3Pb9,111,top|B,-0.760486
UmVhY3Rpb246NDA0NDU0,Pb3Ni,Ni3Pb9,111,hollow|A_A_A|FCC,2.397442
UmVhY3Rpb246NDA0NDgw,Pb3Pd,Pb9Pd3,111,hollow|A_A_A|FCC,2.360266
UmVhY3Rpb246NDA0NDc0,Pb3Pt,Pb9Pt3,111,hollow|A_A_A|FCC,2.347401
UmVhY3Rpb246NDA0NDIx,Pb3Re,Pb9Re3,111,top-tilt|B,-1.323823
UmVhY3Rpb246MzU0Njk3,Pb3Re,Pb9Re3,111,top|B,-1.317393
UmVhY3Rpb246MzQxMzYw,Pb3Rh,Pb9Rh3,111,hollow-tilt|A_A_B|FCC,1.571321
UmVhY3Rpb246NDA0NDQ5,Pb3Rh,Pb9Rh3,111,hollow-tilt|A_A_B|HCP,1.550863
UmVhY3Rpb246MzQxMzU4,Pb3Rh,Pb9Rh3,111,hollow|A_A_A|FCC,2.581918
UmVhY3Rpb246MzQxMzU5,Pb3Rh,Pb9Rh3,111,hollow|A_A_A|HCP,2.517063
UmVhY3Rpb246NDA0NDUw,Pb3Rh,Pb9Rh3,111,top|B,1.931176
UmVhY3Rpb246NDA0NDM3,Pb3Ru,Pb9Ru3,111,top-tilt|B,0.197791
UmVhY3Rpb246MzQyODEw,Pb3Sc,Pb9Sc3,111,hollow|A_A_A|FCC,2.750835
UmVhY3Rpb246NDA0MzMy,Pb3Sc,Pb9Sc3,111,hollow|A_A_B|FCC,0.535022
UmVhY3Rpb246NDA0MzMz,Pb3Sc,Pb9Sc3,111,hollow|A_A_B|HCP,0.513047
UmVhY3Rpb246MzQ5NzAx,Pb3Sc,Pb9Sc3,111,top|B,2.077465
UmVhY3Rpb246NDA0Mjg2,Pb3Sn,Pb9Sn3,111,hollow|A_A_A|FCC,1.827199
UmVhY3Rpb246NDA0Mjg3,Pb3Sn,Pb9Sn3,111,hollow|A_A_A|HCP,1.878754
UmVhY3Rpb246NDA0Mjg4,Pb3Sn,Pb9Sn3,111,hollow|A_A_B|FCC,1.547873
UmVhY3Rpb246MzQ2MDUz,Pb3Ta,Pb9Ta3,111,hollow|A_A_A|HCP,2.519014
UmVhY3Rpb246NDA0Mzgy,Pb3Ta,Pb9Ta3,111,top-tilt|B,-0.639584
UmVhY3Rpb246MzU2NDI5,Pb3Ta,Pb9Ta3,111,top|B,-0.743851
UmVhY3Rpb246NDA0NDI4,Pb3Tc,Pb9Tc3,111,hollow|A_A_A|HCP,2.566021
UmVhY3Rpb246MzQ5NjM2,Pb3Tc,Pb9Tc3,111,top|B,-0.854494
UmVhY3Rpb246NDA0Mzcx,Pb3Ti,Pb9Ti3,111,hollow-tilt|A_A_B|FCC,-0.080556
UmVhY3Rpb246NDA0Mzcy,Pb3Ti,Pb9Ti3,111,hollow-tilt|A_A_B|HCP,0.029186
UmVhY3Rpb246NDA0Mzcz,Pb3Ti,Pb9Ti3,111,top|B,0.147797
UmVhY3Rpb246MzQ1Mzkz,Pb3Tl,Pb9Tl3,111,hollow|A_A_A|FCC,1.759896
UmVhY3Rpb246MzQ1Mzk0,Pb3Tl,Pb9Tl3,111,hollow|A_A_A|HCP,1.858142
UmVhY3Rpb246MzU0NzA0,Pb3Tl,Pb9Tl3,111,top|B,4.848912
UmVhY3Rpb246NDA0Mzk0,Pb3V,Pb9V3,111,top|B,-0.691419
UmVhY3Rpb246NDA0NDEz,Pb3W,Pb9W3,111,hollow|A_A_A|HCP,2.572322
UmVhY3Rpb246NDA0NDE0,Pb3W,Pb9W3,111,top|B,-1.344432
UmVhY3Rpb246MzQ1Mzc2,Pb3Y,Pb9Y3,111,hollow|A_A_A|FCC,2.771031
UmVhY3Rpb246NDA0MzEw,Pb3Y,Pb9Y3,111,hollow|A_A_B|FCC,0.829770
UmVhY3Rpb246NDA0MzEx,Pb3Y,Pb9Y3,111,hollow|A_A_B|HCP,0.775432
UmVhY3Rpb246MzU0Njkz,Pb3Y,Pb9Y3,111,top|B,2.894367
UmVhY3Rpb246NDA0NTIw,Pb3Zn,Pb9Zn3,111,hollow|A_A_A|FCC,1.880789
UmVhY3Rpb246NDA0NTIx,Pb3Zn,Pb9Zn3,111,hollow|A_A_A|HCP,2.028437
UmVhY3Rpb246NDA0NTIy,Pb3Zn,Pb9Zn3,111,hollow|A_A_B|FCC,1.642807
UmVhY3Rpb246NDA0MzQ4,Pb3Zr,Pb9Zr3,111,hollow-tilt|A_A_B|FCC,0.176770
UmVhY3Rpb246NDA0MzQ5,Pb3Zr,Pb9Zr3,111,hollow-tilt|A_A_B|HCP,0.281307
UmVhY3Rpb246MzQ4MDU0,Pb3Zr,Pb9Zr3,111,hollow|A_A_A|HCP,2.558556
UmVhY3Rpb246NDA0MzQ3,Pb3Zr,Pb9Zr3,111,hollow|A_A_B|FCC,0.187208
UmVhY3Rpb246NDA0MzUw,Pb3Zr,Pb9Zr3,111,top|B,0.655376
UmVhY3Rpb246MzU5ODc2,PbPd,Pb6Pd6,101,bridge|B_B|A,2.228783
UmVhY3Rpb246MzU5ODc3,PbPd,Pb6Pd6,101,hollow|A_A_B|FCC,2.540039
UmVhY3Rpb246NDI3NjQx,PbPt,Pb6Pt6,101,bridge|B_B|A,1.858797
UmVhY3Rpb246MzU1ODk4,PbPt,Pb6Pt6,101,hollow-tilt|A_A_B|FCC,2.182053
UmVhY3Rpb246MzU1ODk3,PbPt,Pb6Pt6,101,hollow|A_B_B|HCP,1.700688
UmVhY3Rpb246MzU2MjU5,PbRh,Pb6Rh6,101,hollow-tilt|A_A_B|FCC,2.192197
UmVhY3Rpb246NDE3MzE3,PbRu,Pb6Ru6,101,bridge|A_A|B,3.398233
UmVhY3Rpb246MzU3NjM5,PbRu,Pb6Ru6,101,bridge|B_B|A,0.481627
UmVhY3Rpb246NDE3MzE5,PbRu,Pb6Ru6,101,top|A,0.918437
UmVhY3Rpb246NDE3MzE4,PbRu,Pb6Ru6,101,top|B,0.918645
UmVhY3Rpb246MzU2MTg3,PbSc,Pb6Sc6,101,hollow|A_A_B|FCC,1.124645
UmVhY3Rpb246NDI3NjQy,PbSc,Pb6Sc6,101,hollow|A_A_B|HCP,1.018181
UmVhY3Rpb246MzU2MTg4,PbSc,Pb6Sc6,101,hollow|A_B_B|FCC,-1.194407
UmVhY3Rpb246MzU2MTg5,PbSc,Pb6Sc6,101,hollow|A_B_B|HCP,-1.223165
UmVhY3Rpb246MzUyNTg0,PbSn,Pb6Sn6,101,hollow|A_A_B|FCC,1.526580
UmVhY3Rpb246MzUyNTg1,PbSn,Pb6Sn6,101,hollow|A_A_B|HCP,1.611763
UmVhY3Rpb246MzUyNTg2,PbSn,Pb6Sn6,101,hollow|A_B_B|FCC,1.300675
UmVhY3Rpb246MzUyNTg3,PbSn,Pb6Sn6,101,hollow|A_B_B|HCP,1.205055
UmVhY3Rpb246MzU0MjA2,PbTa,Pb6Ta6,101,bridge|B_B|A,-1.254771
UmVhY3Rpb246MzU0MjA3,PbTa,Pb6Ta6,101,top-tilt|B,0.105752
UmVhY3Rpb246MzUzNTkz,PbTc,Pb6Tc6,101,bridge|B_B|A,-0.441761
UmVhY3Rpb246MzUzNTk0,PbTc,Pb6Tc6,101,top|A,4.964928
UmVhY3Rpb246MzUzNTk1,PbTc,Pb6Tc6,101,top|B,-0.174417
UmVhY3Rpb246MzUzNDAw,PbTi,Pb6Ti6,101,bridge|B_B|A,-1.171946
UmVhY3Rpb246MzUzNDAx,PbTi,Pb6Ti6,101,hollow-tilt|A_A_B|HCP,0.537428
UmVhY3Rpb246MzU4MDA3,PbTl,Pb6Tl6,101,hollow|A_B_B|FCC,2.489207
UmVhY3Rpb246MzUwNzIx,PbV,Pb6V6,101,bridge|B_B|A,-0.348404
UmVhY3Rpb246MzU5OTY2,PbW,Pb6W6,101,top|B,-0.007449
UmVhY3Rpb246MzUxMjA4,PbY,Pb6Y6,101,hollow|A_A_B|FCC,1.252989
UmVhY3Rpb246MzUxMjA5,PbY,Pb6Y6,101,hollow|A_B_B|FCC,-0.955386
UmVhY3Rpb246MzUxMjEw,PbY,Pb6Y6,101,hollow|A_B_B|HCP,-0.978389
UmVhY3Rpb246NDI3NjQz,PbZn,Pb6Zn6,101,bridge|B_B|A,1.386214
UmVhY3Rpb246MzU5NDUx,PbZn,Pb6Zn6,101,hollow|A_A_B|FCC,1.908207
UmVhY3Rpb246MzU5NDUy,PbZn,Pb6Zn6,101,hollow|A_B_B|HCP,1.346857
UmVhY3Rpb246MzUxMDg4,PbZr,Pb6Zr6,101,bridge|B_B|A,-1.263035
UmVhY3Rpb246MzUxMDg5,PbZr,Pb6Zr6,101,hollow-tilt|A_A_B|FCC,1.131203
UmVhY3Rpb246MzUxMDkw,PbZr,Pb6Zr6,101,hollow-tilt|A_A_B|HCP,0.633448
UmVhY3Rpb246MzM5MjMy,Pd,Pd12,111,hollow|A_A_A|FCC,1.057575
UmVhY3Rpb246MzM5MjMz,Pd,Pd12,111,hollow|A_A_A|HCP,1.096350
UmVhY3Rpb246MzM5MjM1,Pd,Pd12,111,top|A,3.185918
UmVhY3Rpb246MzYwMjQz,Pd3Ag,Ag3Pd9,111,bridge|A_A|A,1.908809
UmVhY3Rpb246MzQ5MDQw,Pd3Ag,Ag3Pd9,111,hollow|A_A_A|FCC,1.167931
UmVhY3Rpb246MzQ5MDQx,Pd3Ag,Ag3Pd9,111,hollow|A_A_A|HCP,1.063380
UmVhY3Rpb246MzQ5MDQy,Pd3Ag,Ag3Pd9,111,hollow|A_A_B|FCC,1.816116
UmVhY3Rpb246MzQ1NzY5,Pd3Al,Al3Pd9,111,hollow|A_A_A|HCP,1.742657
UmVhY3Rpb246NDI3NjQ0,Pd3Al,Al3Pd9,111,hollow|A_A_B|FCC,1.261874
UmVhY3Rpb246NDI3NjQ1,Pd3Al,Al3Pd9,111,hollow|A_A_B|HCP,1.302585
UmVhY3Rpb246MzU1MzAx,Pd3Al,Al3Pd9,111,top|B,3.436057
UmVhY3Rpb246MzQ1Nzk1,Pd3Au,Au3Pd9,111,hollow|A_A_A|FCC,1.114495
UmVhY3Rpb246MzQ1Nzk2,Pd3Au,Au3Pd9,111,hollow|A_A_A|HCP,1.243603
UmVhY3Rpb246MzQ1Nzk3,Pd3Au,Au3Pd9,111,hollow|A_A_B|FCC,1.756640
UmVhY3Rpb246MzQ1Nzk4,Pd3Au,Au3Pd9,111,hollow|A_A_B|HCP,1.837634
UmVhY3Rpb246MzU1MzU0,Pd3Au,Au3Pd9,111,top|B,4.269254
UmVhY3Rpb246MzQwMDM5,Pd3Bi,Bi3Pd9,111,hollow|A_A_A|FCC,2.103451
UmVhY3Rpb246MzQwMDQw,Pd3Bi,Bi3Pd9,111,hollow|A_A_A|HCP,2.051925
UmVhY3Rpb246MzQwMDQx,Pd3Bi,Bi3Pd9,111,hollow|A_A_B|FCC,2.270162
UmVhY3Rpb246MzQwMDQy,Pd3Bi,Bi3Pd9,111,hollow|A_A_B|HCP,2.340711
UmVhY3Rpb246NDI3NjQ2,Pd3Cd,Cd3Pd9,111,hollow|A_A_A|FCC,1.343395
UmVhY3Rpb246MzQxNTI0,Pd3Cd,Cd3Pd9,111,hollow|A_A_A|HCP,1.296529
UmVhY3Rpb246NDI3NjQ3,Pd3Cd,Cd3Pd9,111,hollow|A_A_B|FCC,1.948713
UmVhY3Rpb246MzQ4NDg2,Pd3Co,Co3Pd9,111,hollow|A_A_A|HCP,1.494393
UmVhY3Rpb246MzQ4NDg3,Pd3Co,Co3Pd9,111,hollow|A_A_B|FCC,0.742598
UmVhY3Rpb246MzQ4NDg4,Pd3Co,Co3Pd9,111,hollow|A_A_B|HCP,0.734052
UmVhY3Rpb246NDAxMTgx,Pd3Cr,Cr3Pd9,111,hollow-tilt|A_A_B|FCC,-0.523657
UmVhY3Rpb246NDAxMTgy,Pd3Cr,Cr3Pd9,111,hollow-tilt|A_A_B|HCP,-0.533504
UmVhY3Rpb246MzQyMzUz,Pd3Cr,Cr3Pd9,111,hollow|A_A_A|HCP,1.845970
UmVhY3Rpb246MzQ5NDM1,Pd3Cr,Cr3Pd9,111,top|B,-0.403774
UmVhY3Rpb246MzQ2MTQy,Pd3Cu,Cu3Pd9,111,hollow|A_A_A|FCC,1.280190
UmVhY3Rpb246MzQ2MTQz,Pd3Cu,Cu3Pd9,111,hollow|A_A_A|HCP,1.224219
UmVhY3Rpb246MzQ2MTQ0,Pd3Cu,Cu3Pd9,111,hollow|A_A_B|FCC,1.477998
UmVhY3Rpb246MzQ2MTQ1,Pd3Cu,Cu3Pd9,111,hollow|A_A_B|HCP,1.553420
UmVhY3Rpb246MzYwMzky,Pd3Cu,Cu3Pd9,111,top|B,3.720756
UmVhY3Rpb246NDAxMzk2,Pd3Fe,Fe3Pd9,111,hollow|A_A_A|HCP,1.511019
UmVhY3Rpb246NDAxMzk3,Pd3Fe,Fe3Pd9,111,hollow|A_A_B|HCP,0.828695
UmVhY3Rpb246MzQ0NjM2,Pd3Ga,Ga3Pd9,111,hollow|A_A_A|FCC,1.745927
UmVhY3Rpb246MzQ0NjM3,Pd3Ga,Ga3Pd9,111,hollow|A_A_A|HCP,1.813403
UmVhY3Rpb246NDI3NjQ4,Pd3Ga,Ga3Pd9,111,hollow|A_A_B|FCC,1.676884
UmVhY3Rpb246MzQ0NjM4,Pd3Ga,Ga3Pd9,111,hollow|A_A_B|HCP,1.725591
UmVhY3Rpb246MzQwMzU1,Pd3Hf,Hf3Pd9,111,hollow|A_A_A|FCC,2.638596
UmVhY3Rpb246MzQwMzU2,Pd3Hf,Hf3Pd9,111,hollow|A_A_A|HCP,2.248896
UmVhY3Rpb246MzQwMzU3,Pd3Hf,Hf3Pd9,111,hollow|A_A_B|FCC,0.846734
UmVhY3Rpb246MzQwMzU4,Pd3Hf,Hf3Pd9,111,hollow|A_A_B|HCP,0.913698
UmVhY3Rpb246NDAxMTQ1,Pd3Hf,Hf3Pd9,111,top|B,2.622483
UmVhY3Rpb246MzQ4NjQw,Pd3Hg,Hg3Pd9,111,hollow|A_A_A|FCC,1.400211
UmVhY3Rpb246NDI3NjQ5,Pd3Hg,Hg3Pd9,111,hollow|A_A_A|HCP,1.507264
UmVhY3Rpb246NDI3NjUw,Pd3Hg,Hg3Pd9,111,hollow|A_A_B|FCC,2.216176
UmVhY3Rpb246NDI3NjUx,Pd3Hg,Hg3Pd9,111,top|B,5.447231
UmVhY3Rpb246NDI3NjUy,Pd3In,In3Pd9,111,hollow|A_A_A|FCC,1.748440
UmVhY3Rpb246MzQ2NjM1,Pd3In,In3Pd9,111,hollow|A_A_A|HCP,1.808719
UmVhY3Rpb246NDI3NjUz,Pd3In,In3Pd9,111,hollow|A_A_B|FCC,2.030193
UmVhY3Rpb246MzY4Njgx,Pd3In,In3Pd9,111,top|B,4.950015
UmVhY3Rpb246MzQ0Mzg4,Pd3Ir,Ir3Pd9,111,hollow|A_A_A|HCP,1.728768
UmVhY3Rpb246NDAxMjk2,Pd3Ir,Ir3Pd9,111,hollow|A_A_B|FCC,0.183288
UmVhY3Rpb246NDAxMjk3,Pd3Ir,Ir3Pd9,111,hollow|A_A_B|HCP,0.113115
UmVhY3Rpb246MzUzOTkz,Pd3Ir,Ir3Pd9,111,top|B,0.700743
UmVhY3Rpb246MzQ1NjE4,Pd3La,La3Pd9,111,hollow|A_A_A|HCP,1.154913
UmVhY3Rpb246MzQ1NjE5,Pd3La,La3Pd9,111,hollow|A_A_B|FCC,1.288199
UmVhY3Rpb246NDAxMTIx,Pd3La,La3Pd9,111,hollow|A_A_B|HCP,1.647932
UmVhY3Rpb246MzU1MDE1,Pd3La,La3Pd9,111,top|B,4.300178
UmVhY3Rpb246NDAxNDA5,Pd3Mn,Mn3Pd9,111,hollow|A_A_B|HCP,0.865439
UmVhY3Rpb246NDAxMTg3,Pd3Mo,Mo3Pd9,111,hollow-tilt|A_A_B|FCC,-0.752224
UmVhY3Rpb246MzQyODc3,Pd3Mo,Mo3Pd9,111,hollow|A_A_A|FCC,2.559915
UmVhY3Rpb246MzQ5NzE5,Pd3Mo,Mo3Pd9,111,top|B,-0.896464
UmVhY3Rpb246MzQ3ODg1,Pd3Nb,Nb3Pd9,111,hollow|A_A_A|FCC,2.716764
UmVhY3Rpb246MzQ3ODg2,Pd3Nb,Nb3Pd9,111,hollow|A_A_A|HCP,2.387156
UmVhY3Rpb246MzQ3ODg3,Pd3Nb,Nb3Pd9,111,hollow|A_A_B|FCC,-0.329518
UmVhY3Rpb246NDAxMTY3,Pd3Nb,Nb3Pd9,111,top|B,-0.025982
UmVhY3Rpb246NDAxMzQy,Pd3Ni,Ni3Pd9,111,hollow|A_A_B|FCC,0.793430
UmVhY3Rpb246NDAxMjQ1,Pd3Os,Os3Pd9,111,hollow-tilt|A_A_B|FCC,-0.556286
UmVhY3Rpb246MzQ4OTQy,Pd3Os,Os3Pd9,111,hollow|A_A_A|HCP,2.105972
UmVhY3Rpb246MzQ4OTQz,Pd3Os,Os3Pd9,111,hollow|A_A_B|FCC,-0.552791
UmVhY3Rpb246NDAxMjQ0,Pd3Os,Os3Pd9,111,hollow|A_A_B|HCP,-0.620576
UmVhY3Rpb246NDAxMjQ4,Pd3Os,Os3Pd9,111,top|B,-0.607571
UmVhY3Rpb246NDI3NjU0,Pd3Pb,Pb3Pd9,111,hollow|A_A_A|FCC,2.061526
UmVhY3Rpb246MzQ0ODgw,Pd3Pb,Pb3Pd9,111,hollow|A_A_A|HCP,2.109001
UmVhY3Rpb246NDI3NjU1,Pd3Pb,Pb3Pd9,111,hollow|A_A_B|FCC,2.280866
UmVhY3Rpb246MzU0NDE3,Pd3Pb,Pb3Pd9,111,top|B,5.061723
UmVhY3Rpb246MzQ3NDgy,Pd3Pt,Pd9Pt3,111,hollow|A_A_A|FCC,1.218358
UmVhY3Rpb246MzQ3NDgz,Pd3Pt,Pd9Pt3,111,hollow|A_A_A|HCP,1.413931
UmVhY3Rpb246MzQ3NDg0,Pd3Pt,Pd9Pt3,111,hollow|A_A_B|FCC,0.863736
UmVhY3Rpb246MzQ3NDg1,Pd3Pt,Pd9Pt3,111,hollow|A_A_B|HCP,0.879879
UmVhY3Rpb246NDAxMjAx,Pd3Re,Pd9Re3,111,hollow-tilt|A_A_B|HCP,-1.050621
UmVhY3Rpb246MzQ1MTkw,Pd3Re,Pd9Re3,111,hollow|A_A_A|FCC,2.592021
UmVhY3Rpb246MzQ1MTkx,Pd3Re,Pd9Re3,111,hollow|A_A_A|HCP,2.422587
UmVhY3Rpb246MzU0NTk2,Pd3Re,Pd9Re3,111,top|B,-1.215352
UmVhY3Rpb246MzQ3MjY4,Pd3Rh,Pd9Rh3,111,hollow|A_A_A|FCC,1.413534
UmVhY3Rpb246MzQ3MjY5,Pd3Rh,Pd9Rh3,111,hollow|A_A_A|HCP,1.407007
UmVhY3Rpb246MzQ3Mjcw,Pd3Rh,Pd9Rh3,111,hollow|A_A_B|FCC,0.434570
UmVhY3Rpb246MzQ3Mjcx,Pd3Rh,Pd9Rh3,111,hollow|A_A_B|HCP,0.391706
UmVhY3Rpb246MzQ3OTQ4,Pd3Ru,Pd9Ru3,111,hollow|A_A_A|FCC,1.847887
UmVhY3Rpb246MzQ3OTQ5,Pd3Ru,Pd9Ru3,111,hollow|A_A_A|HCP,1.734824
UmVhY3Rpb246MzQ3OTUw,Pd3Ru,Pd9Ru3,111,hollow|A_A_B|FCC,-0.140383
UmVhY3Rpb246MzQ3OTUx,Pd3Ru,Pd9Ru3,111,hollow|A_A_B|HCP,-0.209896
UmVhY3Rpb246MzYwMTAx,Pd3Ru,Pd9Ru3,111,top|B,0.071963
UmVhY3Rpb246MzQ2NDEx,Pd3Sc,Pd9Sc3,111,hollow|A_A_A|HCP,1.383706
UmVhY3Rpb246NDAxMTI4,Pd3Sc,Pd9Sc3,111,hollow|A_A_B|FCC,1.109603
UmVhY3Rpb246NDAxMTI5,Pd3Sc,Pd9Sc3,111,hollow|A_A_B|HCP,1.223353
UmVhY3Rpb246MzY4NzAw,Pd3Sc,Pd9Sc3,111,top|B,3.723288
UmVhY3Rpb246MzQ0MjY5,Pd3Sn,Pd9Sn3,111,hollow|A_A_A|HCP,2.288762
UmVhY3Rpb246NDI3NjU2,Pd3Sn,Pd9Sn3,111,hollow|A_A_B|FCC,2.086815
UmVhY3Rpb246NDI3NjU3,Pd3Sn,Pd9Sn3,111,hollow|A_A_B|HCP,2.135975
UmVhY3Rpb246MzUzNzM5,Pd3Sn,Pd9Sn3,111,top|B,4.441046
UmVhY3Rpb246MzQ0OTg0,Pd3Ta,Pd9Ta3,111,hollow|A_A_A|HCP,2.623231
UmVhY3Rpb246NDAxMTYx,Pd3Ta,Pd9Ta3,111,hollow|A_A_B|FCC,-0.353704
UmVhY3Rpb246NDAxMTYy,Pd3Ta,Pd9Ta3,111,hollow|A_A_B|HCP,-0.238607
UmVhY3Rpb246MzU0NDc1,Pd3Ta,Pd9Ta3,111,top|B,0.207048
UmVhY3Rpb246NDAxMjA1,Pd3Tc,Pd9Tc3,111,bridge|A_B|A,-0.620862
UmVhY3Rpb246NDAxMjA2,Pd3Tc,Pd9Tc3,111,hollow-tilt|A_A_B|FCC,-0.619823
UmVhY3Rpb246NDAxMjA3,Pd3Tc,Pd9Tc3,111,hollow-tilt|A_A_B|HCP,-0.636338
UmVhY3Rpb246NDAxMTUy,Pd3Ti,Pd9Ti3,111,hollow|A_A_B|FCC,0.398783
UmVhY3Rpb246NDAxMTUz,Pd3Ti,Pd9Ti3,111,hollow|A_A_B|HCP,0.419308
UmVhY3Rpb246NDI3NjU4,Pd3Tl,Pd9Tl3,111,hollow|A_A_A|FCC,1.747935
UmVhY3Rpb246NDI3NjU5,Pd3Tl,Pd9Tl3,111,hollow|A_A_A|HCP,1.865228
UmVhY3Rpb246NDI3NjYw,Pd3Tl,Pd9Tl3,111,hollow|A_A_B|FCC,2.283002
UmVhY3Rpb246MzU1MjEw,Pd3Tl,Pd9Tl3,111,top|A,3.642694
UmVhY3Rpb246MzU1MjEx,Pd3Tl,Pd9Tl3,111,top|B,5.464468
UmVhY3Rpb246MzQzNTQy,Pd3V,Pd9V3,111,hollow|A_A_A|HCP,1.961800
UmVhY3Rpb246MzQzNTQz,Pd3V,Pd9V3,111,hollow|A_A_B|FCC,-0.271844
UmVhY3Rpb246MzQzNTQ0,Pd3V,Pd9V3,111,hollow|A_A_B|HCP,-0.238615
UmVhY3Rpb246MzUwMzAz,Pd3V,Pd9V3,111,top|B,0.054777
UmVhY3Rpb246MzQ4MDE5,Pd3W,Pd9W3,111,hollow-tilt|A_A_B|FCC,-0.981091
UmVhY3Rpb246NDAxMTk1,Pd3W,Pd9W3,111,top|B,-1.074435
UmVhY3Rpb246MzQxMzQz,Pd3Y,Pd9Y3,111,hollow|A_A_A|FCC,1.774354
UmVhY3Rpb246MzQxMzQ0,Pd3Y,Pd9Y3,111,hollow|A_A_A|HCP,1.296769
UmVhY3Rpb246MzQxMzQ1,Pd3Y,Pd9Y3,111,hollow|A_A_B|FCC,1.306092
UmVhY3Rpb246MzQxMzQ2,Pd3Y,Pd9Y3,111,hollow|A_A_B|HCP,1.545322
UmVhY3Rpb246NDAxMTE0,Pd3Y,Pd9Y3,111,top|B,4.415251
UmVhY3Rpb246MzQ4MzAz,Pd3Zn,Pd9Zn3,111,hollow|A_A_A|FCC,1.390068
UmVhY3Rpb246NDI3NjYx,Pd3Zn,Pd9Zn3,111,hollow|A_A_A|HCP,1.391716
UmVhY3Rpb246NDI3NjYy,Pd3Zn,Pd9Zn3,111,hollow|A_A_B|FCC,1.769719
UmVhY3Rpb246MzYwNDcx,Pd3Zn,Pd9Zn3,111,top|B,4.462299
UmVhY3Rpb246MzQ0NTQ3,Pd3Zr,Pd9Zr3,111,hollow|A_A_A|HCP,2.137191
UmVhY3Rpb246MzQ0NTQ4,Pd3Zr,Pd9Zr3,111,hollow|A_A_B|FCC,0.706409
UmVhY3Rpb246NDAxMTM3,Pd3Zr,Pd9Zr3,111,hollow|A_A_B|HCP,0.813917
UmVhY3Rpb246MzU0MjIy,Pd3Zr,Pd9Zr3,111,top|B,2.317206
UmVhY3Rpb246NDAxMDQ1,PdPt,Pd6Pt6,101,bridge|B_B|A,1.076345
UmVhY3Rpb246MzUzMDA1,PdPt,Pd6Pt6,101,hollow|A_A_B|FCC,0.951914
UmVhY3Rpb246MzUzMDA2,PdPt,Pd6Pt6,101,hollow|A_A_B|HCP,1.130601
UmVhY3Rpb246MzUzMDA3,PdPt,Pd6Pt6,101,hollow|A_B_B|FCC,0.704962
UmVhY3Rpb246MzUzMDA4,PdPt,Pd6Pt6,101,hollow|A_B_B|HCP,0.713711
UmVhY3Rpb246NDI3NjY1,PdPt,Pd6Pt6,101,top|A,3.448420
UmVhY3Rpb246NDI3NjY2,PdPt,Pd6Pt6,101,top|B,2.413646
UmVhY3Rpb246MzUxMjU0,PdRe,Pd6Re6,101,hollow|A_B_B|HCP,-1.340398
UmVhY3Rpb246MzUxMjU1,PdRe,Pd6Re6,101,top|B,-0.333596
UmVhY3Rpb246MzU1ODc3,PdRh,Pd6Rh6,101,hollow|A_A_B|FCC,0.770278
UmVhY3Rpb246MzU1ODc4,PdRh,Pd6Rh6,101,hollow|A_A_B|HCP,0.685618
UmVhY3Rpb246NDIwNjM0,PdRh,Pd6Rh6,101,hollow|A_B_B|FCC,0.068224
UmVhY3Rpb246MzU1ODc5,PdRh,Pd6Rh6,101,hollow|A_B_B|HCP,-0.029357
UmVhY3Rpb246MzUzMDky,PdRu,Pd6Ru6,101,hollow|A_A_B|FCC,0.532360
UmVhY3Rpb246MzUzMDkz,PdRu,Pd6Ru6,101,hollow|A_A_B|HCP,0.385392
UmVhY3Rpb246MzUzMDk0,PdRu,Pd6Ru6,101,hollow|A_B_B|FCC,-0.395994
UmVhY3Rpb246MzUzMDk1,PdRu,Pd6Ru6,101,hollow|A_B_B|HCP,-0.587178
UmVhY3Rpb246MzU4OTY2,PdSc,Pd6Sc6,101,4fold|A_A_B_B,-0.966754
UmVhY3Rpb246MzU4OTY3,PdSc,Pd6Sc6,101,hollow|A_B_B|FCC,-1.006725
UmVhY3Rpb246MzU1Nzkw,PdSn,Pd6Sn6,101,hollow|A_A_B|HCP,2.351032
UmVhY3Rpb246MzU1Nzkx,PdSn,Pd6Sn6,101,hollow|A_B_B|FCC,2.217164
UmVhY3Rpb246MzU2NzAz,PdTa,Pd6Ta6,101,hollow|A_A_B|FCC,0.037351
UmVhY3Rpb246MzU2NzA0,PdTa,Pd6Ta6,101,hollow|A_A_B|HCP,0.154058
UmVhY3Rpb246MzU2NzA1,PdTa,Pd6Ta6,101,hollow|A_B_B|FCC,-1.647550
UmVhY3Rpb246MzU2NzA2,PdTa,Pd6Ta6,101,hollow|A_B_B|HCP,-1.711859
UmVhY3Rpb246MzUxNTI5,PdTc,Pd6Tc6,101,hollow|A_A_B|HCP,0.071735
UmVhY3Rpb246MzUxNTMw,PdTc,Pd6Tc6,101,hollow|A_B_B|HCP,-1.081682
UmVhY3Rpb246MzUxNTMx,PdTc,Pd6Tc6,101,top|B,-0.153315
UmVhY3Rpb246MzU5NzMy,PdTi,Pd6Ti6,101,hollow|A_A_B|FCC,0.166178
UmVhY3Rpb246NDI3NjY3,PdTi,Pd6Ti6,101,hollow|A_A_B|HCP,0.210065
UmVhY3Rpb246MzU5NzMz,PdTi,Pd6Ti6,101,hollow|A_B_B|FCC,-1.702821
UmVhY3Rpb246NDI3NzA0,PdTl,Pd6Tl6,101,hollow|A_A_B|FCC,2.755468
UmVhY3Rpb246MzU3Nzc1,PdTl,Pd6Tl6,101,hollow|A_B_B|FCC,2.725479
UmVhY3Rpb246NDA4NDAx,PdV,Pd6V6,101,bridge|A_A|B,-1.463581
UmVhY3Rpb246MzU2MDEz,PdV,Pd6V6,101,bridge|B_B|A,-1.463579
UmVhY3Rpb246MzU2MDE0,PdV,Pd6V6,101,hollow|A_A_B|FCC,-0.183621
UmVhY3Rpb246MzU2MDE1,PdV,Pd6V6,101,hollow|A_A_B|HCP,-0.101351
UmVhY3Rpb246MzU2MDE2,PdV,Pd6V6,101,hollow|A_B_B|HCP,-1.501225
UmVhY3Rpb246MzUyMDE5,PdW,Pd6W6,101,hollow-tilt|A_A_B|FCC,-0.186774
UmVhY3Rpb246MzUyMDE3,PdW,Pd6W6,101,hollow|A_A_B|HCP,-0.053826
UmVhY3Rpb246MzUyMDE4,PdW,Pd6W6,101,hollow|A_B_B|HCP,-1.509219
UmVhY3Rpb246MzUxNTQy,PdY,Pd6Y6,101,4fold|A_A_B_B,-1.118070
UmVhY3Rpb246NDA1NTQ0,PdY,Pd6Y6,101,bridge|B_B|A,-0.273719
UmVhY3Rpb246MzUxNTQz,PdY,Pd6Y6,101,hollow|A_B_B|FCC,-0.729192
UmVhY3Rpb246MzUyNTA5,PdZn,Pd6Zn6,101,hollow|A_A_B|FCC,2.355517
UmVhY3Rpb246MzUyNTEw,PdZn,Pd6Zn6,101,hollow|A_A_B|HCP,2.276350
UmVhY3Rpb246NDI3NjY4,PdZn,Pd6Zn6,101,hollow|A_B_B|FCC,1.915804
UmVhY3Rpb246MzUyNTEx,PdZn,Pd6Zn6,101,hollow|A_B_B|HCP,1.914508
UmVhY3Rpb246MzU4MjAx,PdZr,Pd6Zr6,101,4fold|A_A_B_B,-0.670078
UmVhY3Rpb246MzU4MjAy,PdZr,Pd6Zr6,101,hollow|A_B_B|HCP,-1.895362
UmVhY3Rpb246MzM5ODA0,Pt,Pt12,111,hollow|A_A_A|FCC,0.784928
UmVhY3Rpb246MzM5ODA1,Pt,Pt12,111,hollow|A_A_A|HCP,0.993930
UmVhY3Rpb246MzM5ODA2,Pt,Pt12,111,top|A,2.733748
UmVhY3Rpb246NDI3NjY5,Pt3Ag,Ag3Pt9,111,bridge|A_A|B,1.299428
UmVhY3Rpb246MzQzNTc5,Pt3Ag,Ag3Pt9,111,hollow|A_A_A|FCC,0.748494
UmVhY3Rpb246MzQzNTgw,Pt3Ag,Ag3Pt9,111,hollow|A_A_A|HCP,0.496642
UmVhY3Rpb246NDI3Njcw,Pt3Ag,Ag3Pt9,111,top|A,2.597861
UmVhY3Rpb246NDI3Njcx,Pt3Ag,Ag3Pt9,111,top|B,5.367207
UmVhY3Rpb246NDI3Njcy,Pt3Al,Al3Pt9,111,bridge|A_A|A,1.762032
UmVhY3Rpb246MzQxMTMy,Pt3Al,Al3Pt9,111,hollow|A_A_A|HCP,1.177026
UmVhY3Rpb246NDI3Njcz,Pt3Al,Al3Pt9,111,hollow|A_A_B|FCC,0.871064
UmVhY3Rpb246NDI3Njc0,Pt3Al,Al3Pt9,111,top|B,3.793684
UmVhY3Rpb246MzQyNzA5,Pt3Au,Au3Pt9,111,hollow|A_A_A|FCC,0.706436
UmVhY3Rpb246MzQyNzEw,Pt3Au,Au3Pt9,111,hollow|A_A_A|HCP,0.714684
UmVhY3Rpb246MzQyNzEx,Pt3Au,Au3Pt9,111,hollow|A_A_B|FCC,1.322033
UmVhY3Rpb246MzQyNzEy,Pt3Au,Au3Pt9,111,hollow|A_A_B|HCP,1.550611
UmVhY3Rpb246MzM5ODg0,Pt3Bi,Bi3Pt9,111,hollow|A_A_A|FCC,1.372887
UmVhY3Rpb246MzM5ODg1,Pt3Bi,Bi3Pt9,111,hollow|A_A_A|HCP,1.085330
UmVhY3Rpb246NDI3Njc1,Pt3Bi,Bi3Pt9,111,top|B,4.645210
UmVhY3Rpb246MzY4NTU3,Pt3Cd,Cd3Pt9,111,bridge|A_A|B,1.351064
UmVhY3Rpb246MzQ3MDkz,Pt3Cd,Cd3Pt9,111,hollow|A_A_A|FCC,0.962295
UmVhY3Rpb246MzQ3MDk0,Pt3Cd,Cd3Pt9,111,hollow|A_A_A|HCP,0.722300
UmVhY3Rpb246MzQ3MDgx,Pt3Cr,Cr3Pt9,111,hollow|A_A_A|FCC,1.745688
UmVhY3Rpb246MzQ3MDgy,Pt3Cr,Cr3Pt9,111,hollow|A_A_A|HCP,1.401900
UmVhY3Rpb246MzQ3MDgz,Pt3Cr,Cr3Pt9,111,hollow|A_A_B|FCC,-0.150968
UmVhY3Rpb246MzQ3MDg0,Pt3Cr,Cr3Pt9,111,hollow|A_A_B|HCP,-0.090385
UmVhY3Rpb246MzQzNTkz,Pt3Cu,Cu3Pt9,111,hollow|A_A_A|FCC,0.911594
UmVhY3Rpb246NDI3Njc2,Pt3Cu,Cu3Pt9,111,hollow|A_A_A|HCP,0.742276
UmVhY3Rpb246NDI3Njc3,Pt3Cu,Cu3Pt9,111,hollow|A_A_B|FCC,1.136985
UmVhY3Rpb246MzQzNTk0,Pt3Cu,Cu3Pt9,111,hollow|A_A_B|HCP,1.382953
UmVhY3Rpb246MzUwMzc3,Pt3Cu,Cu3Pt9,111,top|B,4.296066
UmVhY3Rpb246NDAwOTkz,Pt3Fe,Fe3Pt9,111,hollow|A_A_B|FCC,0.747717
UmVhY3Rpb246NDAwOTk0,Pt3Fe,Fe3Pt9,111,hollow|A_A_B|HCP,0.938187
UmVhY3Rpb246NDI3Njc4,Pt3Ga,Ga3Pt9,111,hollow|A_A_A|FCC,1.215300
UmVhY3Rpb246MzQxNjcy,Pt3Ga,Ga3Pt9,111,hollow|A_A_A|HCP,1.230604
UmVhY3Rpb246NDI3Njc5,Pt3Ga,Ga3Pt9,111,hollow|A_A_B|FCC,1.225002
UmVhY3Rpb246MzUxOTIx,Pt3Ga,Ga3Pt9,111,top|B,4.419796
UmVhY3Rpb246NDAwNzg0,Pt3Hf,Hf3Pt9,111,hollow|A_A_B|FCC,0.729860
UmVhY3Rpb246NDAwNzg1,Pt3Hf,Hf3Pt9,111,hollow|A_A_B|HCP,0.912630
UmVhY3Rpb246NDI3Njgw,Pt3Hg,Hg3Pt9,111,hollow|A_A_A|FCC,1.017497
UmVhY3Rpb246MzQwNjk2,Pt3Hg,Hg3Pt9,111,hollow|A_A_A|HCP,0.917888
UmVhY3Rpb246MzYwNDQ5,Pt3Hg,Hg3Pt9,111,top|B,5.803202
UmVhY3Rpb246MzQ4MTMx,Pt3In,In3Pt9,111,hollow|A_A_A|FCC,1.262122
UmVhY3Rpb246MzQ4MTMy,Pt3In,In3Pt9,111,hollow|A_A_A|HCP,1.213888
UmVhY3Rpb246MzQ4MTMz,Pt3In,In3Pt9,111,hollow|A_A_B|FCC,1.504815
UmVhY3Rpb246MzQ4MTM0,Pt3In,In3Pt9,111,hollow|A_A_B|HCP,1.797342
UmVhY3Rpb246MzQxNjEx,Pt3Ir,Ir3Pt9,111,hollow|A_A_A|FCC,1.081504
UmVhY3Rpb246MzQxNjEy,Pt3Ir,Ir3Pt9,111,hollow|A_A_A|HCP,1.199430
UmVhY3Rpb246MzQxNjEz,Pt3Ir,Ir3Pt9,111,hollow|A_A_B|FCC,0.333370
UmVhY3Rpb246MzQxNjE0,Pt3Ir,Ir3Pt9,111,hollow|A_A_B|HCP,0.426544
UmVhY3Rpb246MzUxODkx,Pt3Ir,Ir3Pt9,111,top|B,1.037511
UmVhY3Rpb246MzU0NjU3,Pt3La,La3Pt9,111,bridge|A_A|B,0.926333
UmVhY3Rpb246MzQ1MzAy,Pt3La,La3Pt9,111,hollow|A_A_A|FCC,1.184296
UmVhY3Rpb246MzQ1MzAz,Pt3La,La3Pt9,111,hollow|A_A_A|HCP,0.500026
UmVhY3Rpb246MzQ1MzA0,Pt3La,La3Pt9,111,hollow|A_A_B|HCP,1.487011
UmVhY3Rpb246NDAxMDA1,Pt3Mn,Mn3Pt9,111,hollow|A_A_A|HCP,0.831730
UmVhY3Rpb246NDAxMDA2,Pt3Mn,Mn3Pt9,111,hollow|A_A_B|FCC,0.698213
UmVhY3Rpb246NDAxMDA3,Pt3Mn,Mn3Pt9,111,hollow|A_A_B|HCP,0.883019
UmVhY3Rpb246NDAwODE2,Pt3Mo,Mo3Pt9,111,bridge|A_B|A,-0.136940
UmVhY3Rpb246MzQ3MjQ1,Pt3Mo,Mo3Pt9,111,hollow|A_A_A|FCC,2.170138
UmVhY3Rpb246MzQ3MjQ2,Pt3Mo,Mo3Pt9,111,hollow|A_A_A|HCP,1.901829
UmVhY3Rpb246MzQ3MjQ3,Pt3Mo,Mo3Pt9,111,hollow|A_A_B|FCC,-0.177875
UmVhY3Rpb246MzQ3MjQ4,Pt3Mo,Mo3Pt9,111,hollow|A_A_B|HCP,-0.096285
UmVhY3Rpb246MzQ0MTc0,Pt3Nb,Nb3Pt9,111,hollow|A_A_A|HCP,2.005641
UmVhY3Rpb246NDAwNzk4,Pt3Nb,Nb3Pt9,111,hollow|A_A_B|FCC,0.056759
UmVhY3Rpb246NDAwNzk5,Pt3Nb,Nb3Pt9,111,hollow|A_A_B|HCP,0.268402
UmVhY3Rpb246MzUzNjIz,Pt3Nb,Nb3Pt9,111,top|B,0.603201
UmVhY3Rpb246NDAwOTYy,Pt3Ni,Ni3Pt9,111,hollow|A_A_A|FCC,0.948673
UmVhY3Rpb246NDAwOTYz,Pt3Ni,Ni3Pt9,111,hollow|A_A_A|HCP,0.835725
UmVhY3Rpb246NDAwOTY0,Pt3Ni,Ni3Pt9,111,hollow|A_A_B|FCC,0.660547
UmVhY3Rpb246NDAwODQ4,Pt3Os,Os3Pt9,111,hollow|A_A_B|FCC,-0.085213
UmVhY3Rpb246NDAwODQ5,Pt3Os,Os3Pt9,111,hollow|A_A_B|HCP,-0.082109
UmVhY3Rpb246MzQ1NTEy,Pt3Pd,Pd3Pt9,111,hollow|A_A_A|FCC,0.651952
UmVhY3Rpb246MzQ1NTEz,Pt3Pd,Pd3Pt9,111,hollow|A_A_A|HCP,0.666626
UmVhY3Rpb246MzQ1NTE0,Pt3Pd,Pd3Pt9,111,hollow|A_A_B|FCC,0.808195
UmVhY3Rpb246MzQ1NTE1,Pt3Pd,Pd3Pt9,111,hollow|A_A_B|HCP,0.994267
UmVhY3Rpb246MzQ3OTY4,Pt3Re,Pt9Re3,111,hollow|A_A_A|FCC,2.085804
UmVhY3Rpb246MzQ3OTY5,Pt3Re,Pt9Re3,111,hollow|A_A_A|HCP,1.977608
UmVhY3Rpb246MzQ3OTcw,Pt3Re,Pt9Re3,111,hollow|A_A_B|FCC,-0.387963
UmVhY3Rpb246MzQ3OTcx,Pt3Re,Pt9Re3,111,hollow|A_A_B|HCP,-0.384679
UmVhY3Rpb246NDAwODE5,Pt3Re,Pt9Re3,111,top|B,-0.850253
UmVhY3Rpb246MzQxMTYx,Pt3Rh,Pt9Rh3,111,hollow|A_A_A|FCC,0.910544
UmVhY3Rpb246MzQxMTYy,Pt3Rh,Pt9Rh3,111,hollow|A_A_A|HCP,0.917278
UmVhY3Rpb246MzQxMTYz,Pt3Rh,Pt9Rh3,111,hollow|A_A_B|FCC,0.433626
UmVhY3Rpb246MzQxMTY0,Pt3Rh,Pt9Rh3,111,hollow|A_A_B|HCP,0.551677
UmVhY3Rpb246NDAwOTQx,Pt3Rh,Pt9Rh3,111,top|B,1.810070
UmVhY3Rpb246NDAwODcz,Pt3Ru,Pt9Ru3,111,bridge|A_B|A,0.391080
UmVhY3Rpb246MzQwOTIy,Pt3Ru,Pt9Ru3,111,hollow|A_A_A|FCC,1.326567
UmVhY3Rpb246MzQwOTIz,Pt3Ru,Pt9Ru3,111,hollow|A_A_A|HCP,1.229590
UmVhY3Rpb246MzQwOTI0,Pt3Ru,Pt9Ru3,111,hollow|A_A_B|FCC,0.137217
UmVhY3Rpb246NDAwODc2,Pt3Ru,Pt9Ru3,111,hollow|A_A_B|HCP,0.171189
UmVhY3Rpb246NDAwNzYy,Pt3Sc,Pt9Sc3,111,hollow|A_A_B|FCC,0.768072
UmVhY3Rpb246NDAwNzYz,Pt3Sc,Pt9Sc3,111,hollow|A_A_B|HCP,1.033856
UmVhY3Rpb246NDI3Njgx,Pt3Sn,Pt9Sn3,111,hollow|A_A_A|FCC,1.659159
UmVhY3Rpb246MzQzNTY0,Pt3Ta,Pt9Ta3,111,hollow|A_A_A|FCC,2.565784
UmVhY3Rpb246MzQzNTY1,Pt3Ta,Pt9Ta3,111,hollow|A_A_A|HCP,2.240882
UmVhY3Rpb246NDAwNzky,Pt3Ta,Pt9Ta3,111,hollow|A_A_B|FCC,0.040618
UmVhY3Rpb246MzQzNTY2,Pt3Ta,Pt9Ta3,111,hollow|A_A_B|HCP,0.257652
UmVhY3Rpb246MzQ1NTM0,Pt3Tc,Pt9Tc3,111,hollow|A_A_A|FCC,1.779753
UmVhY3Rpb246MzQ1NTM1,Pt3Tc,Pt9Tc3,111,hollow|A_A_A|HCP,1.586457
UmVhY3Rpb246MzQ1NTM2,Pt3Tc,Pt9Tc3,111,hollow|A_A_B|FCC,-0.109892
UmVhY3Rpb246MzQ1NTM3,Pt3Tc,Pt9Tc3,111,hollow|A_A_B|HCP,-0.099278
UmVhY3Rpb246MzQzODgw,Pt3Ti,Pt9Ti3,111,hollow|A_A_A|FCC,1.881054
UmVhY3Rpb246MzQzODgx,Pt3Ti,Pt9Ti3,111,hollow|A_A_A|HCP,1.437483
UmVhY3Rpb246MzQzODgy,Pt3Ti,Pt9Ti3,111,hollow|A_A_B|FCC,0.384332
UmVhY3Rpb246MzQzODgz,Pt3Ti,Pt9Ti3,111,hollow|A_A_B|HCP,0.517228
UmVhY3Rpb246MzUwNzcw,Pt3Ti,Pt9Ti3,111,top|B,2.245356
UmVhY3Rpb246NDAwODA3,Pt3V,Pt9V3,111,hollow|A_A_B|FCC,-0.009505
UmVhY3Rpb246NDAwODA4,Pt3V,Pt9V3,111,hollow|A_A_B|HCP,0.109375
UmVhY3Rpb246MzQ1NTgx,Pt3W,Pt9W3,111,hollow|A_A_A|FCC,2.459433
UmVhY3Rpb246MzQ1NTgy,Pt3W,Pt9W3,111,hollow|A_A_A|HCP,2.247474
UmVhY3Rpb246MzQ1NTgz,Pt3W,Pt9W3,111,hollow|A_A_B|FCC,-0.343370
UmVhY3Rpb246MzQ1NTg0,Pt3W,Pt9W3,111,hollow|A_A_B|HCP,-0.267416
UmVhY3Rpb246MzU0OTE4,Pt3W,Pt9W3,111,top|B,-0.658797
UmVhY3Rpb246MzQ0MjYy,Pt3Y,Pt9Y3,111,hollow|A_A_A|HCP,0.746776
UmVhY3Rpb246NDAwNzUz,Pt3Y,Pt9Y3,111,hollow|A_A_B|FCC,0.875791
UmVhY3Rpb246NDAwNzU0,Pt3Y,Pt9Y3,111,hollow|A_A_B|HCP,1.291015
UmVhY3Rpb246MzUzNzEz,Pt3Y,Pt9Y3,111,top|B,4.897265
UmVhY3Rpb246NDI3Njgy,Pt3Zn,Pt9Zn3,111,hollow|A_A_A|FCC,0.973794
UmVhY3Rpb246NDI3Njgz,Pt3Zn,Pt9Zn3,111,hollow|A_A_A|HCP,0.817535
UmVhY3Rpb246NDI3Njg0,Pt3Zn,Pt9Zn3,111,hollow|A_A_B|FCC,1.260931
UmVhY3Rpb246NDAwNzcz,Pt3Zr,Pt9Zr3,111,hollow|A_A_B|FCC,0.664399
UmVhY3Rpb246NDAwNzc0,Pt3Zr,Pt9Zr3,111,hollow|A_A_B|HCP,0.868372
UmVhY3Rpb246MzU5MDky,PtRe,Pt6Re6,101,hollow|A_B_B|HCP,-1.013301
UmVhY3Rpb246MzU5MDkz,PtRe,Pt6Re6,101,top|B,-0.233270
UmVhY3Rpb246NDI3Njg3,PtRh,Pt6Rh6,101,hollow|A_A_B|FCC,0.644879
UmVhY3Rpb246MzYzNTM0,PtRh,Pt6Rh6,101,hollow|A_A_B|HCP,0.579095
UmVhY3Rpb246NDIwNDUw,PtRh,Pt6Rh6,101,hollow|A_B_B|FCC,0.213569
UmVhY3Rpb246NDIwNDUx,PtRh,Pt6Rh6,101,hollow|A_B_B|HCP,0.237705
UmVhY3Rpb246MzU4NjQw,PtRu,Pt6Ru6,101,hollow|A_A_B|FCC,0.684074
UmVhY3Rpb246MzU4NjQx,PtRu,Pt6Ru6,101,hollow|A_A_B|HCP,0.546605
UmVhY3Rpb246MzU4NjQy,PtRu,Pt6Ru6,101,hollow|A_B_B|FCC,-0.151090
UmVhY3Rpb246MzU4NjQz,PtRu,Pt6Ru6,101,hollow|A_B_B|HCP,-0.322139
UmVhY3Rpb246MzU2MzM0,PtSc,Pt6Sc6,101,4fold|A_A_B_B,-0.446350
UmVhY3Rpb246NDA2MDQ5,PtSc,Pt6Sc6,101,hollow|A_A_B|FCC,-0.667240
UmVhY3Rpb246MzU2MzM1,PtSc,Pt6Sc6,101,hollow|A_B_B|FCC,-0.669814
UmVhY3Rpb246MzU4MTUw,PtSn,Pt6Sn6,101,hollow|A_A_B|HCP,1.964058
UmVhY3Rpb246MzU4MTUx,PtSn,Pt6Sn6,101,hollow|A_B_B|FCC,2.111569
UmVhY3Rpb246NDA3MjA2,PtTa,Pt6Ta6,101,bridge|B_B|A,-1.243666
UmVhY3Rpb246MzUzNzUw,PtTa,Pt6Ta6,101,hollow|A_A_B|FCC,0.302986
UmVhY3Rpb246MzUzNzUy,PtTa,Pt6Ta6,101,hollow|A_A_B|HCP,0.522910
UmVhY3Rpb246MzUzNzUz,PtTa,Pt6Ta6,101,hollow|A_B_B|FCC,-1.298479
UmVhY3Rpb246MzUzNzU0,PtTa,Pt6Ta6,101,hollow|A_B_B|HCP,-1.488223
UmVhY3Rpb246NDExMDk5,PtTc,Pt6Tc6,101,bridge|B_B|A,-0.487206
UmVhY3Rpb246MzU2Mzk0,PtTc,Pt6Tc6,101,hollow|A_A_B|HCP,0.457252
UmVhY3Rpb246MzU2Mzk1,PtTc,Pt6Tc6,101,hollow|A_B_B|FCC,-0.423039
UmVhY3Rpb246NDExMTAw,PtTc,Pt6Tc6,101,hollow|A_B_B|HCP,-0.748189
UmVhY3Rpb246MzU2Mzk2,PtTc,Pt6Tc6,101,top|B,-0.002757
UmVhY3Rpb246MzUyMjEy,PtTi,Pt6Ti6,101,hollow|A_A_B|FCC,0.466248
UmVhY3Rpb246MzUyMjEz,PtTi,Pt6Ti6,101,hollow|A_A_B|HCP,0.581583
UmVhY3Rpb246MzUyMjE0,PtTi,Pt6Ti6,101,hollow|A_B_B|FCC,-1.362497
UmVhY3Rpb246MzU2OTgx,PtTl,Pt6Tl6,101,hollow-tilt|A_B_B|FCC,2.275349
UmVhY3Rpb246MzU5NjMx,PtV,Pt6V6,101,hollow|A_A_B|FCC,0.114937
UmVhY3Rpb246MzU5NjMy,PtV,Pt6V6,101,hollow|A_A_B|HCP,0.214392
UmVhY3Rpb246MzU5NjMz,PtV,Pt6V6,101,hollow|A_B_B|FCC,-1.148280
UmVhY3Rpb246MzU5NjM0,PtV,Pt6V6,101,hollow|A_B_B|HCP,-1.218906
UmVhY3Rpb246NDEwMDkz,PtW,Pt6W6,101,hollow-tilt|A_A_B|FCC,0.098069
UmVhY3Rpb246NDEwMDkw,PtW,Pt6W6,101,hollow|A_A_B|HCP,0.343828
UmVhY3Rpb246NDEwMDkx,PtW,Pt6W6,101,hollow|A_B_B|FCC,-0.911982
UmVhY3Rpb246NDEwMDky,PtW,Pt6W6,101,hollow|A_B_B|HCP,-1.323295
UmVhY3Rpb246MzU3ODY4,PtY,Pt6Y6,101,4fold|A_A_B_B,-0.623336
UmVhY3Rpb246NDA1NTQy,PtY,Pt6Y6,101,bridge|B_B|A,0.357175
UmVhY3Rpb246MzU3ODY5,PtY,Pt6Y6,101,hollow|A_B_B|FCC,-0.408780
UmVhY3Rpb246NDI3Njg4,PtZn,Pt6Zn6,101,bridge|A_A|B,2.241684
UmVhY3Rpb246MzU0ODMz,PtZn,Pt6Zn6,101,hollow|A_A_B|FCC,1.900718
UmVhY3Rpb246MzU0ODM1,PtZn,Pt6Zn6,101,hollow|A_A_B|HCP,1.730182
UmVhY3Rpb246MzU0ODM2,PtZn,Pt6Zn6,101,hollow|A_B_B|FCC,1.833443
UmVhY3Rpb246MzU5Nzg1,PtZr,Pt6Zr6,101,4fold|A_A_B_B,-1.322821
UmVhY3Rpb246MzU5Nzg2,PtZr,Pt6Zr6,101,hollow|A_B_B|FCC,-1.781051
UmVhY3Rpb246MzM5ODIy,Re,Re12,111,hollow|A_A_A|FCC,-0.887747
UmVhY3Rpb246MzM5ODIz,Re,Re12,111,hollow|A_A_A|HCP,-1.330617
UmVhY3Rpb246MzM5ODI0,Re,Re12,111,top|A,0.369458
UmVhY3Rpb246MzQyOTMy,Re3Ag,Ag3Re9,111,hollow|A_A_A|FCC,-1.002112
UmVhY3Rpb246MzQyOTMz,Re3Ag,Ag3Re9,111,hollow|A_A_A|HCP,-1.613478
UmVhY3Rpb246NDEwMzg3,Re3Ag,Ag3Re9,111,top|A,0.276368
UmVhY3Rpb246MzQ4MDk1,Re3Al,Al3Re9,111,hollow|A_A_A|FCC,-1.147365
UmVhY3Rpb246MzQ4MDk2,Re3Al,Al3Re9,111,hollow|A_A_A|HCP,-1.417246
UmVhY3Rpb246MzQ4MDk3,Re3Al,Al3Re9,111,hollow|A_A_B|FCC,-0.273990
UmVhY3Rpb246MzQ4MDk4,Re3Al,Al3Re9,111,hollow|A_A_B|HCP,-0.484233
UmVhY3Rpb246NDEwNDIx,Re3Al,Al3Re9,111,top|A,0.180332
UmVhY3Rpb246NDEwNDIy,Re3Al,Al3Re9,111,top|B,4.126714
UmVhY3Rpb246MzQ2MzY4,Re3Au,Au3Re9,111,hollow|A_A_A|FCC,-0.917288
UmVhY3Rpb246MzQ2MzY5,Re3Au,Au3Re9,111,hollow|A_A_A|HCP,-1.455879
UmVhY3Rpb246NDEwMzg1,Re3Au,Au3Re9,111,top|A,0.297090
UmVhY3Rpb246MzQzMzI0,Re3Cd,Cd3Re9,111,hollow|A_A_A|FCC,-0.927106
UmVhY3Rpb246MzQzMzI1,Re3Cd,Cd3Re9,111,hollow|A_A_A|HCP,-1.545349
UmVhY3Rpb246MzQ3Njk3,Re3Co,Co3Re9,111,hollow|A_A_A|FCC,-1.189463
UmVhY3Rpb246MzQ3Njk4,Re3Co,Co3Re9,111,hollow|A_A_A|HCP,-1.313085
UmVhY3Rpb246MzQ3Njk5,Re3Co,Co3Re9,111,hollow|A_A_B|FCC,-0.607360
UmVhY3Rpb246MzQ3NzAw,Re3Co,Co3Re9,111,hollow|A_A_B|HCP,-1.126841
UmVhY3Rpb246MzQ0NTY5,Re3Cr,Cr3Re9,111,hollow|A_A_A|FCC,-1.181369
UmVhY3Rpb246MzQ0NTcw,Re3Cr,Cr3Re9,111,hollow|A_A_A|HCP,-1.428520
UmVhY3Rpb246MzQ0NTcx,Re3Cr,Cr3Re9,111,hollow|A_A_B|FCC,-1.239743
UmVhY3Rpb246MzQ0NTcy,Re3Cr,Cr3Re9,111,hollow|A_A_B|HCP,-1.539038
UmVhY3Rpb246MzU0MjQ0,Re3Cr,Cr3Re9,111,top|A,0.325193
UmVhY3Rpb246MzU0MjQ2,Re3Cr,Cr3Re9,111,top|B,0.623027
UmVhY3Rpb246NDEwMzky,Re3Cu,Cu3Re9,111,bridge|A_A|A,-0.498475
UmVhY3Rpb246MzQ2NDAx,Re3Cu,Cu3Re9,111,hollow|A_A_A|FCC,-1.139042
UmVhY3Rpb246MzQ2NDAy,Re3Cu,Cu3Re9,111,hollow|A_A_A|HCP,-1.369794
UmVhY3Rpb246NDEwMzU1,Re3Fe,Fe3Re9,111,hollow|A_A_A|FCC,-1.098679
UmVhY3Rpb246NDEwMzU2,Re3Fe,Fe3Re9,111,hollow|A_A_A|HCP,-1.305684
UmVhY3Rpb246NDEwMzU3,Re3Fe,Fe3Re9,111,hollow|A_A_B|HCP,-1.164984
UmVhY3Rpb246MzQ5MTUw,Re3Fe,Fe3Re9,111,top|A,0.337651
UmVhY3Rpb246MzQ5MTUx,Re3Fe,Fe3Re9,111,top|B,1.200094
UmVhY3Rpb246NDEwNDU1,Re3Ga,Ga3Re9,111,hollow|A_A_A|FCC,-1.135868
UmVhY3Rpb246MzQ2MDUw,Re3Ga,Ga3Re9,111,hollow|A_A_A|HCP,-1.361381
UmVhY3Rpb246NDEwNDU2,Re3Ga,Ga3Re9,111,hollow|A_A_B|HCP,0.057389
UmVhY3Rpb246MzQ3NzE0,Re3Hf,Hf3Re9,111,hollow|A_A_A|FCC,-1.526482
UmVhY3Rpb246MzQ3NzE1,Re3Hf,Hf3Re9,111,hollow|A_A_A|HCP,-1.777450
UmVhY3Rpb246MzQ3NzE2,Re3Hf,Hf3Re9,111,hollow|A_A_B|FCC,-1.915523
UmVhY3Rpb246MzQ3NzE3,Re3Hf,Hf3Re9,111,hollow|A_A_B|HCP,-1.645597
UmVhY3Rpb246NDEwNDEw,Re3Hg,Hg3Re9,111,hollow|A_A_A|FCC,-0.865153
UmVhY3Rpb246NDEwNDEx,Re3Hg,Hg3Re9,111,hollow|A_A_A|HCP,-1.462512
UmVhY3Rpb246NDEwNDYy,Re3In,In3Re9,111,hollow|A_A_A|FCC,-0.881001
UmVhY3Rpb246NDEwNDYz,Re3In,In3Re9,111,hollow|A_A_A|HCP,-1.370232
UmVhY3Rpb246NDEwMzA5,Re3Ir,Ir3Re9,111,hollow|A_A_A|FCC,-1.112045
UmVhY3Rpb246NDEwMzEw,Re3Ir,Ir3Re9,111,hollow|A_A_A|HCP,-1.358028
UmVhY3Rpb246NDEwMzEx,Re3Ir,Ir3Re9,111,hollow|A_A_B|HCP,-0.995528
UmVhY3Rpb246NDEwMzEy,Re3Ir,Ir3Re9,111,top|A,0.204329
UmVhY3Rpb246NDEwMzEz,Re3Ir,Ir3Re9,111,top|B,1.626337
UmVhY3Rpb246MzY4MDMy,Re3La,La3Re9,111,bridge|A_A|B,-1.595710
UmVhY3Rpb246MzQ3OTI4,Re3La,La3Re9,111,hollow|A_A_A|FCC,-1.023339
UmVhY3Rpb246MzQ3OTI5,Re3La,La3Re9,111,hollow|A_A_A|HCP,-1.977055
UmVhY3Rpb246NDI4NTEy,Re3Mn,Mn3Re9,111,hollow|A_A_A|FCC,-1.190767
UmVhY3Rpb246NDI4NTEz,Re3Mn,Mn3Re9,111,hollow|A_A_B|HCP,-1.329105
UmVhY3Rpb246MzQ3MzI4,Re3Mo,Mo3Re9,111,hollow|A_A_A|FCC,-1.147255
UmVhY3Rpb246MzQ3MzI5,Re3Mo,Mo3Re9,111,hollow|A_A_A|HCP,-1.581536
UmVhY3Rpb246MzQ3MzMw,Re3Mo,Mo3Re9,111,hollow|A_A_B|FCC,-1.207835
UmVhY3Rpb246MzQ3MzMx,Re3Mo,Mo3Re9,111,hollow|A_A_B|HCP,-1.468157
UmVhY3Rpb246MzY4NzE2,Re3Mo,Mo3Re9,111,top|A,0.293954
UmVhY3Rpb246MzY4NzE3,Re3Mo,Mo3Re9,111,top|B,0.855050
UmVhY3Rpb246MzQ1MTU4,Re3Nb,Nb3Re9,111,hollow|A_A_A|FCC,-1.527086
UmVhY3Rpb246MzQ1MTU5,Re3Nb,Nb3Re9,111,hollow|A_A_A|HCP,-1.877582
UmVhY3Rpb246MzQ1MTYw,Re3Nb,Nb3Re9,111,hollow|A_A_B|FCC,-1.685367
UmVhY3Rpb246MzQ1MTYx,Re3Nb,Nb3Re9,111,hollow|A_A_B|HCP,-1.636571
UmVhY3Rpb246MzU0NTc4,Re3Nb,Nb3Re9,111,top|A,-0.022414
UmVhY3Rpb246MzU0NTc5,Re3Nb,Nb3Re9,111,top|B,1.497280
UmVhY3Rpb246NDEwMzM1,Re3Ni,Ni3Re9,111,hollow|A_A_A|FCC,-1.125922
UmVhY3Rpb246NDEwMzM2,Re3Ni,Ni3Re9,111,hollow|A_A_A|HCP,-1.307185
UmVhY3Rpb246NDEwMzM3,Re3Ni,Ni3Re9,111,hollow|A_A_B|HCP,-0.756672
UmVhY3Rpb246NDEwMjgz,Re3Os,Os3Re9,111,hollow|A_A_A|HCP,-1.366597
UmVhY3Rpb246NDEwMjg0,Re3Os,Os3Re9,111,hollow|A_A_B|FCC,-0.415829
UmVhY3Rpb246NDEwMjg1,Re3Os,Os3Re9,111,hollow|A_A_B|HCP,-1.252872
UmVhY3Rpb246NDEwMzgy,Re3Pd,Pd3Re9,111,bridge|A_A|A,-0.648431
UmVhY3Rpb246MzQyODQ2,Re3Pd,Pd3Re9,111,hollow|A_A_A|FCC,-1.079415
UmVhY3Rpb246MzQyODQ3,Re3Pd,Pd3Re9,111,hollow|A_A_A|HCP,-1.594248
UmVhY3Rpb246NDEwMzc0,Re3Pt,Pt3Re9,111,hollow|A_A_A|FCC,-1.056920
UmVhY3Rpb246NDEwMzc1,Re3Pt,Pt3Re9,111,hollow|A_A_A|HCP,-1.408802
UmVhY3Rpb246NDEwMzc2,Re3Pt,Pt3Re9,111,hollow|A_A_B|HCP,-0.563758
UmVhY3Rpb246MzUwNDA1,Re3Pt,Pt3Re9,111,top|A,0.271012
UmVhY3Rpb246MzUwNDA2,Re3Pt,Pt3Re9,111,top|B,3.193595
UmVhY3Rpb246MzQ2NjY5,Re3Rh,Re9Rh3,111,hollow|A_A_A|FCC,-1.212216
UmVhY3Rpb246MzQ2Njcw,Re3Rh,Re9Rh3,111,hollow|A_A_A|HCP,-1.507858
UmVhY3Rpb246MzQ2Njcx,Re3Rh,Re9Rh3,111,hollow|A_A_B|HCP,-1.038627
UmVhY3Rpb246MzQ2Mzgy,Re3Ru,Re9Ru3,111,hollow|A_A_A|FCC,-1.098093
UmVhY3Rpb246MzQ2Mzgz,Re3Ru,Re9Ru3,111,hollow|A_A_A|HCP,-1.470881
UmVhY3Rpb246MzQ2Mzg0,Re3Ru,Re9Ru3,111,hollow|A_A_B|FCC,-0.700435
UmVhY3Rpb246MzQ2Mzg1,Re3Ru,Re9Ru3,111,hollow|A_A_B|HCP,-1.267121
UmVhY3Rpb246NDEwMjUy,Re3Sc,Re9Sc3,111,bridge|A_A|B,-1.662190
UmVhY3Rpb246MzQxOTg4,Re3Sc,Re9Sc3,111,hollow|A_A_A|FCC,-1.318435
UmVhY3Rpb246NDEwMjUz,Re3Sc,Re9Sc3,111,hollow|A_A_B|HCP,-1.408681
UmVhY3Rpb246NDEwNTAz,Re3Sn,Re9Sn3,111,hollow|A_A_A|FCC,-0.978277
UmVhY3Rpb246NDEwNTA3,Re3Sn,Re9Sn3,111,hollow|A_A_A|HCP,-1.214072
UmVhY3Rpb246MzQ4NTk4,Re3Ta,Re9Ta3,111,hollow|A_A_A|FCC,-1.592912
UmVhY3Rpb246MzQ4NTk5,Re3Ta,Re9Ta3,111,hollow|A_A_A|HCP,-1.874677
UmVhY3Rpb246MzQ4NjAw,Re3Ta,Re9Ta3,111,hollow|A_A_B|FCC,-1.729246
UmVhY3Rpb246MzQ4NjAx,Re3Ta,Re9Ta3,111,hollow|A_A_B|HCP,-1.701310
UmVhY3Rpb246MzQxNjU4,Re3Tc,Re9Tc3,111,hollow|A_A_A|FCC,-1.020569
UmVhY3Rpb246MzQxNjU5,Re3Tc,Re9Tc3,111,hollow|A_A_A|HCP,-1.502880
UmVhY3Rpb246MzQxNjYw,Re3Tc,Re9Tc3,111,hollow|A_A_B|FCC,-0.910838
UmVhY3Rpb246NDEwMjc1,Re3Tc,Re9Tc3,111,hollow|A_A_B|HCP,-1.387266
UmVhY3Rpb246MzQzMjI2,Re3Ti,Re9Ti3,111,hollow|A_A_A|FCC,-1.503182
UmVhY3Rpb246MzQzMjI3,Re3Ti,Re9Ti3,111,hollow|A_A_A|HCP,-1.726075
UmVhY3Rpb246MzQzMjI4,Re3Ti,Re9Ti3,111,hollow|A_A_B|FCC,-1.664548
UmVhY3Rpb246MzQzMjI5,Re3Ti,Re9Ti3,111,hollow|A_A_B|HCP,-1.670653
UmVhY3Rpb246MzQxNzc1,Re3V,Re9V3,111,hollow|A_A_A|FCC,-1.448480
UmVhY3Rpb246MzQxNzc2,Re3V,Re9V3,111,hollow|A_A_A|HCP,-1.666312
UmVhY3Rpb246MzQxNzc3,Re3V,Re9V3,111,hollow|A_A_B|FCC,-1.520345
UmVhY3Rpb246MzQxNzc4,Re3V,Re9V3,111,hollow|A_A_B|HCP,-1.660887
UmVhY3Rpb246MzQyODMy,Re3W,Re9W3,111,hollow|A_A_A|FCC,-1.149164
UmVhY3Rpb246MzQyODMz,Re3W,Re9W3,111,hollow|A_A_A|HCP,-1.535359
UmVhY3Rpb246MzQyODM0,Re3W,Re9W3,111,hollow|A_A_B|FCC,-1.238330
UmVhY3Rpb246MzQyODM1,Re3W,Re9W3,111,hollow|A_A_B|HCP,-1.508470
UmVhY3Rpb246MzQ5NzA5,Re3W,Re9W3,111,top|A,0.314830
UmVhY3Rpb246MzQ5NzEw,Re3W,Re9W3,111,top|B,0.901446
UmVhY3Rpb246MzkwMTgw,Re3Y,Re9Y3,111,bridge|A_A|A,-1.170344
UmVhY3Rpb246MzkwMTgx,Re3Y,Re9Y3,111,bridge|A_A|B,-1.860992
UmVhY3Rpb246MzQ2MjIy,Re3Y,Re9Y3,111,hollow|A_A_A|FCC,-1.074430
UmVhY3Rpb246MzQ2MjIz,Re3Y,Re9Y3,111,hollow|A_A_A|HCP,-1.997008
UmVhY3Rpb246NDEwMzk1,Re3Zn,Re9Zn3,111,bridge|A_A|A,-0.158696
UmVhY3Rpb246MzQ0NDQ4,Re3Zn,Re9Zn3,111,hollow|A_A_A|FCC,-1.165868
UmVhY3Rpb246MzQ0NDQ5,Re3Zn,Re9Zn3,111,hollow|A_A_A|HCP,-1.439140
UmVhY3Rpb246MzU0MDk3,Re3Zn,Re9Zn3,111,top|A,0.203048
UmVhY3Rpb246MzU0MDk4,Re3Zn,Re9Zn3,111,top|B,4.781306
UmVhY3Rpb246NDEwMjU4,Re3Zr,Re9Zr3,111,bridge|A_A|B,-1.796187
UmVhY3Rpb246MzQ2NDE5,Re3Zr,Re9Zr3,111,hollow|A_A_A|FCC,-1.429245
UmVhY3Rpb246MzQ2NDIw,Re3Zr,Re9Zr3,111,hollow|A_A_A|HCP,-1.768495
UmVhY3Rpb246MzQ2NDIx,Re3Zr,Re9Zr3,111,hollow|A_A_B|FCC,-1.899963
UmVhY3Rpb246MzQ2NDIy,Re3Zr,Re9Zr3,111,hollow|A_A_B|HCP,-1.562128
UmVhY3Rpb246MzUxNDg1,ReRh,Re6Rh6,101,hollow|A_A_B|HCP,-1.184442
UmVhY3Rpb246MzUxNDg2,ReRh,Re6Rh6,101,hollow|A_B_B|FCC,-0.019931
UmVhY3Rpb246MzUxNDg3,ReRh,Re6Rh6,101,hollow|A_B_B|HCP,-0.274394
UmVhY3Rpb246MzU5MzI0,ReRu,Re6Ru6,101,hollow|A_A_B|FCC,-0.855142
UmVhY3Rpb246MzU5MzI1,ReRu,Re6Ru6,101,hollow|A_A_B|HCP,-1.277162
UmVhY3Rpb246MzU5MzI2,ReRu,Re6Ru6,101,hollow|A_B_B|FCC,-0.370807
UmVhY3Rpb246MzU5MzI3,ReRu,Re6Ru6,101,hollow|A_B_B|HCP,-1.002029
UmVhY3Rpb246MzUzMTg0,ReSc,Re6Sc6,101,hollow|A_A_B|FCC,-1.601921
UmVhY3Rpb246MzUzMTg1,ReSc,Re6Sc6,101,hollow|A_A_B|HCP,-1.716040
UmVhY3Rpb246MzUzMTg2,ReSc,Re6Sc6,101,hollow|A_B_B|FCC,-1.791575
UmVhY3Rpb246MzUzMTg3,ReSc,Re6Sc6,101,hollow|A_B_B|HCP,-1.632363
UmVhY3Rpb246MzU5NzIx,ReSn,Re6Sn6,101,hollow|A_A_B|HCP,-0.336034
UmVhY3Rpb246MzU5NzIy,ReSn,Re6Sn6,101,top|A,-0.091181
UmVhY3Rpb246MzUyNzQ5,ReTa,Re6Ta6,101,bridge|A_A|B,-1.496479
UmVhY3Rpb246NDA3MTI1,ReTa,Re6Ta6,101,bridge|B_B|A,-1.583903
UmVhY3Rpb246MzUyNzUw,ReTa,Re6Ta6,101,hollow|A_B_B|HCP,-1.705914
UmVhY3Rpb246MzU4Njkx,ReTc,Re6Tc6,101,hollow|A_A_B|FCC,-1.003419
UmVhY3Rpb246MzU4Njky,ReTc,Re6Tc6,101,hollow|A_A_B|HCP,-1.455730
UmVhY3Rpb246MzU4Njkz,ReTc,Re6Tc6,101,hollow|A_B_B|FCC,-0.864338
UmVhY3Rpb246NDEwMjc3,ReTc,Re6Tc6,101,hollow|A_B_B|HCP,-1.328639
UmVhY3Rpb246MzU4Njk0,ReTc,Re6Tc6,101,top|A,0.232154
UmVhY3Rpb246MzU4Njk1,ReTc,Re6Tc6,101,top|B,0.479550
UmVhY3Rpb246MzU1Mjc3,ReTi,Re6Ti6,101,bridge|A_A|B,-2.136872
UmVhY3Rpb246MzU1Mjc4,ReTi,Re6Ti6,101,hollow|A_B_B|HCP,-1.494386
UmVhY3Rpb246NDA4MTA5,ReV,Re6V6,101,bridge|A_A|B,-1.657713
UmVhY3Rpb246MzUzODEz,ReV,Re6V6,101,bridge|B_B|A,-1.662894
UmVhY3Rpb246MzUzODE1,ReV,Re6V6,101,hollow|A_A_B|HCP,-1.664997
UmVhY3Rpb246Mzg5MTQ4,ReW,Re6W6,101,hollow|A_A_B|FCC,-1.581257
UmVhY3Rpb246Mzg5MTQ5,ReW,Re6W6,101,hollow|A_A_B|HCP,-1.762810
UmVhY3Rpb246Mzg5MTUw,ReW,Re6W6,101,hollow|A_B_B|FCC,-1.645036
UmVhY3Rpb246Mzg5MTUx,ReW,Re6W6,101,hollow|A_B_B|HCP,-1.722903
UmVhY3Rpb246MzU5Mjky,ReY,Re6Y6,101,bridge|A_A|B,-0.767654
UmVhY3Rpb246NDEwMzk5,ReZn,Re6Zn6,101,bridge|A_A|B,-0.651112
UmVhY3Rpb246NDEwNDAw,ReZn,Re6Zn6,101,hollow|A_A_B|FCC,-0.644307
UmVhY3Rpb246NDI3Njg5,ReZn,Re6Zn6,101,hollow|A_B_B|FCC,0.297772
UmVhY3Rpb246NDEwNDAx,ReZn,Re6Zn6,101,top|A,-0.262745
UmVhY3Rpb246NDA2MzAw,ReZr,Re6Zr6,101,bridge|A_A|A,-0.780989
UmVhY3Rpb246MzUyNzE0,ReZr,Re6Zr6,101,bridge|A_A|B,-2.228583
UmVhY3Rpb246MzUyNzE1,ReZr,Re6Zr6,101,hollow|A_B_B|FCC,-1.589083
UmVhY3Rpb246MzM5NzMw,Rh,Rh12,111,hollow|A_A_A|FCC,0.265484
UmVhY3Rpb246MzM5NzMx,Rh,Rh12,111,hollow|A_A_A|HCP,0.050316
UmVhY3Rpb246MzM5NzMy,Rh,Rh12,111,top|A,1.921470
UmVhY3Rpb246MzQ0MTMw,Rh3Ag,Ag3Rh9,111,hollow|A_A_A|FCC,-0.274139
UmVhY3Rpb246MzQ0MTMx,Rh3Ag,Ag3Rh9,111,hollow|A_A_A|HCP,-0.627913
UmVhY3Rpb246MzQwMzc0,Rh3Al,Al3Rh9,111,hollow|A_A_A|FCC,0.081749
UmVhY3Rpb246NDIxMzM5,Rh3Al,Al3Rh9,111,hollow|A_A_A|HCP,-0.194814
UmVhY3Rpb246NDIxMzQw,Rh3Al,Al3Rh9,111,hollow|A_A_B|HCP,0.476845
UmVhY3Rpb246NDIxMzQy,Rh3Al,Al3Rh9,111,top|B,3.376605
UmVhY3Rpb246MzQzNzMy,Rh3Au,Au3Rh9,111,hollow|A_A_A|FCC,-0.272349
UmVhY3Rpb246MzQzNzMz,Rh3Au,Au3Rh9,111,hollow|A_A_A|HCP,-0.366177
UmVhY3Rpb246MzQwMTQ0,Rh3Bi,Bi3Rh9,111,hollow|A_A_A|FCC,0.355679
UmVhY3Rpb246MzQwMTQ1,Rh3Bi,Bi3Rh9,111,hollow|A_A_A|HCP,0.329762
UmVhY3Rpb246MzQwNjA2,Rh3Cd,Cd3Rh9,111,hollow|A_A_A|FCC,-0.163264
UmVhY3Rpb246MzQwNjA3,Rh3Cd,Cd3Rh9,111,hollow|A_A_A|HCP,-0.577950
UmVhY3Rpb246MzQ1NzUx,Rh3Cr,Cr3Rh9,111,hollow|A_A_A|HCP,0.275793
UmVhY3Rpb246MzQ1NzUy,Rh3Cr,Cr3Rh9,111,hollow|A_A_B|FCC,-0.383093
UmVhY3Rpb246NDE5NzY0,Rh3Cr,Cr3Rh9,111,hollow|A_A_B|HCP,-0.617959
UmVhY3Rpb246MzQ1MTA5,Rh3Cu,Cu3Rh9,111,hollow|A_A_A|FCC,-0.096158
UmVhY3Rpb246MzQ1MTEw,Rh3Cu,Cu3Rh9,111,hollow|A_A_A|HCP,-0.318825
UmVhY3Rpb246MzQ1MTEx,Rh3Cu,Cu3Rh9,111,hollow|A_A_B|FCC,0.578382
UmVhY3Rpb246MzQ1MTEy,Rh3Cu,Cu3Rh9,111,hollow|A_A_B|HCP,0.486235
UmVhY3Rpb246NDIwMjAz,Rh3Fe,Fe3Rh9,111,hollow|A_A_A|FCC,0.117433
UmVhY3Rpb246NDIwMjA0,Rh3Fe,Fe3Rh9,111,hollow|A_A_B|HCP,0.000657
UmVhY3Rpb246NDIxNDQz,Rh3Ga,Ga3Rh9,111,hollow|A_A_A|FCC,0.107200
UmVhY3Rpb246NDIxNDQ0,Rh3Ga,Ga3Rh9,111,hollow|A_A_A|HCP,-0.085721
UmVhY3Rpb246NDIxNDQ1,Rh3Ga,Ga3Rh9,111,hollow|A_A_B|HCP,0.901797
UmVhY3Rpb246MzQwMjAz,Rh3Hf,Hf3Rh9,111,hollow|A_A_A|FCC,0.018990
UmVhY3Rpb246MzQwMjA0,Rh3Hf,Hf3Rh9,111,hollow|A_A_A|HCP,-0.466546
UmVhY3Rpb246NDE5NzM1,Rh3Hf,Hf3Rh9,111,hollow|A_A_B|FCC,-0.040121
UmVhY3Rpb246NDE5NzM2,Rh3Hf,Hf3Rh9,111,hollow|A_A_B|HCP,0.053127
UmVhY3Rpb246Mzk1MDIx,Rh3Hf,Hf3Rh9,111,top|B,2.960809
UmVhY3Rpb246NDIxMjUz,Rh3Hg,Hg3Rh9,111,hollow|A_A_A|FCC,-0.198466
UmVhY3Rpb246NDIxMjU0,Rh3Hg,Hg3Rh9,111,hollow|A_A_A|HCP,-0.435832
UmVhY3Rpb246NDIxNDgz,Rh3In,In3Rh9,111,hollow|A_A_A|FCC,0.032688
UmVhY3Rpb246NDIxNDg0,Rh3In,In3Rh9,111,hollow|A_A_A|HCP,-0.284104
UmVhY3Rpb246NDE5ODY0,Rh3Ir,Ir3Rh9,111,hollow|A_A_B|FCC,0.188678
UmVhY3Rpb246NDE5ODY1,Rh3Ir,Ir3Rh9,111,hollow|A_A_B|HCP,-0.058215
UmVhY3Rpb246MzQ3MzU3,Rh3La,La3Rh9,111,hollow|A_A_A|FCC,-0.296990
UmVhY3Rpb246MzQ3MzU4,Rh3La,La3Rh9,111,hollow|A_A_A|HCP,-0.856422
UmVhY3Rpb246NDIwMjE2,Rh3Mn,Mn3Rh9,111,hollow|A_A_A|FCC,0.016572
UmVhY3Rpb246NDIwMjMw,Rh3Mn,Mn3Rh9,111,hollow|A_A_A|HCP,-0.258420
UmVhY3Rpb246NDIwMjQ3,Rh3Mn,Mn3Rh9,111,hollow|A_A_B|HCP,-0.025994
UmVhY3Rpb246NDE5NzY5,Rh3Mo,Mo3Rh9,111,bridge|A_B|A,-0.252833
UmVhY3Rpb246MzQyNjg3,Rh3Mo,Mo3Rh9,111,hollow|A_A_A|FCC,0.892956
UmVhY3Rpb246MzQyNjg4,Rh3Mo,Mo3Rh9,111,hollow|A_A_A|HCP,0.385807
UmVhY3Rpb246MzQyNjg5,Rh3Mo,Mo3Rh9,111,hollow|A_A_B|FCC,-0.379529
UmVhY3Rpb246NDE5Nzcw,Rh3Mo,Mo3Rh9,111,hollow|A_A_B|HCP,-0.543219
UmVhY3Rpb246MzQ1NDQ4,Rh3Nb,Nb3Rh9,111,hollow|A_A_A|FCC,0.508992
UmVhY3Rpb246MzQ1NDQ5,Rh3Nb,Nb3Rh9,111,hollow|A_A_A|HCP,0.009534
UmVhY3Rpb246MzQ1NDUw,Rh3Nb,Nb3Rh9,111,hollow|A_A_B|FCC,-0.188172
UmVhY3Rpb246MzQ1NDUx,Rh3Nb,Nb3Rh9,111,hollow|A_A_B|HCP,-0.311760
UmVhY3Rpb246NDE5ODgw,Rh3Ni,Ni3Rh9,111,hollow|A_A_A|FCC,0.054284
UmVhY3Rpb246NDE5ODgx,Rh3Ni,Ni3Rh9,111,hollow|A_A_A|HCP,-0.126265
UmVhY3Rpb246NDE5ODgy,Rh3Ni,Ni3Rh9,111,hollow|A_A_B|HCP,0.128821
UmVhY3Rpb246MzQwODg4,Rh3Os,Os3Rh9,111,hollow|A_A_A|FCC,0.982485
UmVhY3Rpb246MzQwODg5,Rh3Os,Os3Rh9,111,hollow|A_A_A|HCP,0.669780
UmVhY3Rpb246MzQwODkw,Rh3Os,Os3Rh9,111,hollow|A_A_B|FCC,-0.186657
UmVhY3Rpb246MzQwODkx,Rh3Os,Os3Rh9,111,hollow|A_A_B|HCP,-0.435174
UmVhY3Rpb246MzY4Nzcw,Rh3Os,Os3Rh9,111,top|B,-0.015087
UmVhY3Rpb246NDIxNTEw,Rh3Pb,Pb3Rh9,111,hollow|A_A_A|FCC,0.220653
UmVhY3Rpb246NDIxNTEx,Rh3Pb,Pb3Rh9,111,hollow|A_A_A|HCP,0.096703
UmVhY3Rpb246MzQ4NDYx,Rh3Pd,Pd3Rh9,111,hollow|A_A_A|FCC,-0.126020
UmVhY3Rpb246MzQ4NDYy,Rh3Pd,Pd3Rh9,111,hollow|A_A_A|HCP,-0.305389
UmVhY3Rpb246MzQ4NDYz,Rh3Pd,Pd3Rh9,111,hollow|A_A_B|FCC,0.403720
UmVhY3Rpb246MzQ4NDY0,Rh3Pd,Pd3Rh9,111,hollow|A_A_B|HCP,0.269383
UmVhY3Rpb246MzQ0Nzc1,Rh3Pt,Pt3Rh9,111,hollow|A_A_A|FCC,0.031470
UmVhY3Rpb246MzQ0Nzc2,Rh3Pt,Pt3Rh9,111,hollow|A_A_A|HCP,-0.021907
UmVhY3Rpb246MzQ0Nzc3,Rh3Pt,Pt3Rh9,111,hollow|A_A_B|FCC,0.439244
UmVhY3Rpb246MzQ0Nzc4,Rh3Pt,Pt3Rh9,111,hollow|A_A_B|HCP,0.291066
UmVhY3Rpb246NDE5Nzc0,Rh3Re,Re3Rh9,111,bridge|A_B|A,-0.448130
UmVhY3Rpb246MzQzMDg0,Rh3Re,Re3Rh9,111,hollow|A_A_A|FCC,1.226558
UmVhY3Rpb246MzQzMDg1,Rh3Re,Re3Rh9,111,hollow|A_A_A|HCP,0.760617
UmVhY3Rpb246MzQzMDg2,Rh3Re,Re3Rh9,111,hollow|A_A_B|FCC,-0.490060
UmVhY3Rpb246MzQzMDg3,Rh3Re,Re3Rh9,111,hollow|A_A_B|HCP,-0.651637
UmVhY3Rpb246MzQzMzU5,Rh3Ru,Rh9Ru3,111,hollow|A_A_A|FCC,0.668047
UmVhY3Rpb246MzQzMzYw,Rh3Ru,Rh9Ru3,111,hollow|A_A_A|HCP,0.341913
UmVhY3Rpb246MzQzMzYx,Rh3Ru,Rh9Ru3,111,hollow|A_A_B|FCC,0.007282
UmVhY3Rpb246MzQzMzYy,Rh3Ru,Rh9Ru3,111,hollow|A_A_B|HCP,-0.266772
UmVhY3Rpb246NDE5NzE2,Rh3Sc,Rh9Sc3,111,bridge|A_A|B,-0.087213
UmVhY3Rpb246MzQ1MTQ5,Rh3Sc,Rh9Sc3,111,hollow|A_A_A|HCP,-0.701292
UmVhY3Rpb246NDE5NzE3,Rh3Sc,Rh9Sc3,111,hollow|A_A_B|HCP,0.137699
UmVhY3Rpb246NDIxNTQ4,Rh3Sn,Rh9Sn3,111,hollow|A_A_A|FCC,0.319437
UmVhY3Rpb246NDIxNTQ5,Rh3Sn,Rh9Sn3,111,hollow|A_A_A|HCP,0.142518
UmVhY3Rpb246NDE5NzU1,Rh3Ta,Rh9Ta3,111,hollow|A_A_B|FCC,-0.152850
UmVhY3Rpb246NDE5NzU2,Rh3Ta,Rh9Ta3,111,hollow|A_A_B|HCP,-0.265592
UmVhY3Rpb246NDE5Nzgw,Rh3Tc,Rh9Tc3,111,hollow|A_A_B|FCC,-0.267396
UmVhY3Rpb246NDE5Nzgx,Rh3Tc,Rh9Tc3,111,hollow|A_A_B|HCP,-0.486414
UmVhY3Rpb246NDE5NzQ0,Rh3Ti,Rh9Ti3,111,hollow|A_A_A|HCP,-0.306883
UmVhY3Rpb246NDE5NzQ1,Rh3Ti,Rh9Ti3,111,hollow|A_A_B|HCP,-0.155149
UmVhY3Rpb246NDIxNDk1,Rh3Tl,Rh9Tl3,111,hollow|A_A_A|FCC,0.041692
UmVhY3Rpb246NDIxNDk2,Rh3Tl,Rh9Tl3,111,hollow|A_A_A|HCP,-0.195711
UmVhY3Rpb246MzQ2OTk0,Rh3V,Rh9V3,111,hollow|A_A_A|FCC,0.521262
UmVhY3Rpb246MzQ2OTk1,Rh3V,Rh9V3,111,hollow|A_A_A|HCP,0.082511
UmVhY3Rpb246MzQ2OTk2,Rh3V,Rh9V3,111,hollow|A_A_B|FCC,-0.282327
UmVhY3Rpb246MzQ2OTk3,Rh3V,Rh9V3,111,hollow|A_A_B|HCP,-0.495667
UmVhY3Rpb246MzQ2NzM3,Rh3W,Rh9W3,111,hollow|A_A_A|FCC,1.036945
UmVhY3Rpb246MzQ2NzM4,Rh3W,Rh9W3,111,hollow|A_A_A|HCP,0.550907
UmVhY3Rpb246MzQ2NzM5,Rh3W,Rh9W3,111,hollow|A_A_B|FCC,-0.450896
UmVhY3Rpb246MzQ2NzQw,Rh3W,Rh9W3,111,hollow|A_A_B|HCP,-0.586907
UmVhY3Rpb246MzYwNjUw,Rh3Y,Rh9Y3,111,bridge|A_A|A,0.077987
UmVhY3Rpb246MzQxMDEz,Rh3Y,Rh9Y3,111,hollow|A_A_A|FCC,-0.298996
UmVhY3Rpb246MzQxMDE0,Rh3Y,Rh9Y3,111,hollow|A_A_A|HCP,-0.920333
UmVhY3Rpb246NDIxMTc3,Rh3Zn,Rh9Zn3,111,hollow|A_A_A|FCC,-0.038597
UmVhY3Rpb246NDIxMTc4,Rh3Zn,Rh9Zn3,111,hollow|A_A_A|HCP,-0.320927
UmVhY3Rpb246NDE5NzI0,Rh3Zr,Rh9Zr3,111,bridge|A_A|B,-0.006784
UmVhY3Rpb246NDE5NzI1,Rh3Zr,Rh9Zr3,111,hollow|A_A_B|FCC,-0.087691
UmVhY3Rpb246NDE5NzI2,Rh3Zr,Rh9Zr3,111,hollow|A_A_B|HCP,0.036303
UmVhY3Rpb246NDE1NTQ1,RhRu,Rh6Ru6,101,bridge|A_B|A,0.359822
UmVhY3Rpb246MzU3NzQx,RhRu,Rh6Ru6,101,hollow|A_A_B|FCC,0.370832
UmVhY3Rpb246MzU3NzQy,RhRu,Rh6Ru6,101,hollow|A_A_B|HCP,0.029716
UmVhY3Rpb246MzU3NzQz,RhRu,Rh6Ru6,101,hollow|A_B_B|FCC,-0.145728
UmVhY3Rpb246MzU3NzQ0,RhRu,Rh6Ru6,101,hollow|A_B_B|HCP,-0.517838
UmVhY3Rpb246MzU5Mzcx,RhSc,Rh6Sc6,101,4fold|A_A_B_B,-0.333376
UmVhY3Rpb246NDA2MDEx,RhSc,Rh6Sc6,101,bridge|B_B|A,0.053416
UmVhY3Rpb246NDA2MDEy,RhSc,Rh6Sc6,101,hollow|A_B_B|FCC,-0.377343
UmVhY3Rpb246NDIxNTY0,RhSn,Rh6Sn6,101,bridge|A_A|B,2.342228
UmVhY3Rpb246NDIxNTY5,RhSn,Rh6Sn6,101,bridge|B_B|A,2.583330
UmVhY3Rpb246MzUxMjgw,RhSn,Rh6Sn6,101,hollow|A_B_B|FCC,2.021403
UmVhY3Rpb246MzUxNzA5,RhTa,Rh6Ta6,101,hollow|A_A_B|FCC,-0.269621
UmVhY3Rpb246MzUxNzEw,RhTa,Rh6Ta6,101,hollow|A_A_B|HCP,-0.482786
UmVhY3Rpb246MzUxNzEx,RhTa,Rh6Ta6,101,hollow|A_B_B|FCC,-1.958350
UmVhY3Rpb246MzU4MTY3,RhTc,Rh6Tc6,101,hollow|A_A_B|FCC,0.048482
UmVhY3Rpb246MzU4MTY4,RhTc,Rh6Tc6,101,hollow|A_A_B|HCP,-0.300770
UmVhY3Rpb246MzU4MTY5,RhTc,Rh6Tc6,101,hollow|A_B_B|FCC,-0.598790
UmVhY3Rpb246MzU4MTcw,RhTc,Rh6Tc6,101,hollow|A_B_B|HCP,-0.974391
UmVhY3Rpb246MzU4MTcx,RhTc,Rh6Tc6,101,top|A,2.137860
UmVhY3Rpb246MzU4MTcy,RhTc,Rh6Tc6,101,top|B,0.048913
UmVhY3Rpb246MzUzMDMw,RhTi,Rh6Ti6,101,hollow|A_A_B|HCP,0.005745
UmVhY3Rpb246MzUzMDMx,RhTi,Rh6Ti6,101,hollow|A_B_B|FCC,-1.689311
UmVhY3Rpb246NDIxNTAx,RhTl,Rh6Tl6,101,bridge|A_A|B,1.346082
UmVhY3Rpb246NDIxNTA1,RhTl,Rh6Tl6,101,hollow-tilt|A_A_B|FCC,2.302537
UmVhY3Rpb246MzU2NzU2,RhTl,Rh6Tl6,101,hollow-tilt|A_B_B|FCC,2.279086
UmVhY3Rpb246MzUzNjEw,RhV,Rh6V6,101,hollow|A_A_B|FCC,-0.347493
UmVhY3Rpb246MzUzNjEx,RhV,Rh6V6,101,hollow|A_A_B|HCP,-0.687773
UmVhY3Rpb246MzUzNjEy,RhV,Rh6V6,101,hollow|A_B_B|FCC,-1.641732
UmVhY3Rpb246NDA4MjQz,RhV,Rh6V6,101,hollow|A_B_B|HCP,-0.689208
UmVhY3Rpb246MzU3MTY1,RhW,Rh6W6,101,hollow|A_A_B|FCC,-0.169343
UmVhY3Rpb246MzU3MTY2,RhW,Rh6W6,101,hollow|A_A_B|HCP,-0.475494
UmVhY3Rpb246MzU3MTY3,RhW,Rh6W6,101,hollow|A_B_B|FCC,-1.283725
UmVhY3Rpb246MzU3MTY4,RhW,Rh6W6,101,hollow|A_B_B|HCP,-1.366244
UmVhY3Rpb246MzU5MDYw,RhY,Rh6Y6,101,4fold|A_A_B_B,-0.685859
UmVhY3Rpb246MzU5MDYx,RhY,Rh6Y6,101,hollow|A_B_B|FCC,-0.286052
UmVhY3Rpb246MzU4MDMw,RhZn,Rh6Zn6,101,4fold|A_A_B_B,1.057338
UmVhY3Rpb246NDIxMjE0,RhZn,Rh6Zn6,101,bridge|A_A|B,0.537946
UmVhY3Rpb246MzU4MDMx,RhZn,Rh6Zn6,101,hollow|A_A_B|HCP,0.538679
UmVhY3Rpb246MzU1NTkw,RhZr,Rh6Zr6,101,4fold|A_A_B_B,-0.817470
UmVhY3Rpb246NDA2MzU3,RhZr,Rh6Zr6,101,hollow|A_A_B|FCC,-1.721046
UmVhY3Rpb246MzU1NTkx,RhZr,Rh6Zr6,101,hollow|A_B_B|FCC,-1.720463
UmVhY3Rpb246MzM5Nzg4,Ru,Ru12,111,hollow|A_A_A|FCC,-0.091514
UmVhY3Rpb246MzM5Nzg5,Ru,Ru12,111,hollow|A_A_A|HCP,-0.648111
UmVhY3Rpb246MzM5Nzkw,Ru,Ru12,111,top|A,0.925983
UmVhY3Rpb246MzQ4NzMw,Ru3Ag,Ag3Ru9,111,hollow|A_A_A|FCC,-0.790886
UmVhY3Rpb246MzQ4NzMx,Ru3Ag,Ag3Ru9,111,hollow|A_A_A|HCP,-1.257722
UmVhY3Rpb246NDE3MDgy,Ru3Al,Al3Ru9,111,hollow|A_A_A|FCC,-0.680717
UmVhY3Rpb246NDE3MDgz,Ru3Al,Al3Ru9,111,hollow|A_A_A|HCP,-1.021557
UmVhY3Rpb246NDE3MDg0,Ru3Al,Al3Ru9,111,hollow|A_A_B|HCP,-0.106226
UmVhY3Rpb246MzQwOTU0,Ru3Au,Au3Ru9,111,hollow|A_A_A|FCC,-0.716779
UmVhY3Rpb246MzQwOTU1,Ru3Au,Au3Ru9,111,hollow|A_A_A|HCP,-1.009643
UmVhY3Rpb246NDE2NDkx,Ru3Au,Au3Ru9,111,top|A,0.629969
UmVhY3Rpb246MzM5OTU5,Ru3Bi,Bi3Ru9,111,hollow|A_A_A|FCC,-0.650966
UmVhY3Rpb246MzM5OTYw,Ru3Bi,Bi3Ru9,111,hollow|A_A_A|HCP,-0.873502
UmVhY3Rpb246MzQ0OTE4,Ru3Cd,Cd3Ru9,111,hollow|A_A_A|FCC,-0.758675
UmVhY3Rpb246MzQ0OTE5,Ru3Cd,Cd3Ru9,111,hollow|A_A_A|HCP,-1.301908
UmVhY3Rpb246MzQxODMz,Ru3Co,Co3Ru9,111,hollow|A_A_A|FCC,-0.421739
UmVhY3Rpb246MzQxODM0,Ru3Co,Co3Ru9,111,hollow|A_A_B|FCC,-0.118744
UmVhY3Rpb246MzQxODM1,Ru3Co,Co3Ru9,111,hollow|A_A_B|HCP,-0.513412
UmVhY3Rpb246NDE0MTM0,Ru3Cr,Cr3Ru9,111,hollow|A_A_A|HCP,-0.858345
UmVhY3Rpb246NDE0MTM3,Ru3Cr,Cr3Ru9,111,hollow|A_A_B|HCP,-1.089055
UmVhY3Rpb246MzkzOTEy,Ru3Cr,Cr3Ru9,111,top|A,0.764196
UmVhY3Rpb246MzkzOTEz,Ru3Cr,Cr3Ru9,111,top|B,0.347637
UmVhY3Rpb246MzQ1ODU0,Ru3Cu,Cu3Ru9,111,hollow|A_A_A|FCC,-0.723281
UmVhY3Rpb246MzQ1ODU1,Ru3Cu,Cu3Ru9,111,hollow|A_A_A|HCP,-1.009338
UmVhY3Rpb246MzQ1ODU2,Ru3Cu,Cu3Ru9,111,hollow|A_A_B|HCP,-0.100015
UmVhY3Rpb246NDE1OTIy,Ru3Fe,Fe3Ru9,111,hollow|A_A_A|HCP,-0.853620
UmVhY3Rpb246NDE1OTIz,Ru3Fe,Fe3Ru9,111,hollow|A_A_B|HCP,-0.658960
UmVhY3Rpb246NDE3MTc0,Ru3Ga,Ga3Ru9,111,hollow|A_A_A|FCC,-0.682599
UmVhY3Rpb246NDE3MTg2,Ru3Ga,Ga3Ru9,111,hollow|A_A_A|HCP,-0.921150
UmVhY3Rpb246NDE0MDM3,Ru3Hf,Hf3Ru9,111,bridge|A_A|B,-1.009345
UmVhY3Rpb246NDE0MDQy,Ru3Hf,Hf3Ru9,111,hollow|A_A_A|HCP,-1.596259
UmVhY3Rpb246NDE0MDQ2,Ru3Hf,Hf3Ru9,111,hollow|A_A_B|HCP,-0.861499
UmVhY3Rpb246MzQwNDI3,Ru3Hg,Hg3Ru9,111,hollow|A_A_A|FCC,-0.755492
UmVhY3Rpb246MzQwNDI4,Ru3Hg,Hg3Ru9,111,hollow|A_A_A|HCP,-1.131180
UmVhY3Rpb246NDE3MjQz,Ru3In,In3Ru9,111,hollow|A_A_A|FCC,-0.699820
UmVhY3Rpb246NDE3MjQ0,Ru3In,In3Ru9,111,hollow|A_A_A|HCP,-1.144168
UmVhY3Rpb246MzQ0NTE4,Ru3Ir,Ir3Ru9,111,hollow|A_A_A|FCC,-0.073793
UmVhY3Rpb246MzQ0NTE5,Ru3Ir,Ir3Ru9,111,hollow|A_A_A|HCP,-0.473383
UmVhY3Rpb246MzQ0NTIw,Ru3Ir,Ir3Ru9,111,hollow|A_A_B|FCC,0.237697
UmVhY3Rpb246MzQ0NTIx,Ru3Ir,Ir3Ru9,111,hollow|A_A_B|HCP,-0.276216
UmVhY3Rpb246NDEzOTE2,Ru3La,La3Ru9,111,hollow|A_A_A|FCC,-0.897310
UmVhY3Rpb246NDEzOTE3,Ru3La,La3Ru9,111,hollow|A_A_A|HCP,-1.801261
UmVhY3Rpb246NDE2MTU4,Ru3Mn,Mn3Ru9,111,hollow|A_A_A|HCP,-0.891146
UmVhY3Rpb246NDE2MTYz,Ru3Mn,Mn3Ru9,111,hollow|A_A_B|HCP,-0.624551
UmVhY3Rpb246NDE0MTQ2,Ru3Mo,Mo3Ru9,111,hollow|A_A_A|HCP,-0.985906
UmVhY3Rpb246NDE0MTUw,Ru3Mo,Mo3Ru9,111,hollow|A_A_B|HCP,-1.018399
UmVhY3Rpb246MzQzODQ1,Ru3Nb,Nb3Ru9,111,hollow|A_A_A|FCC,-0.624269
UmVhY3Rpb246MzQzODQ2,Ru3Nb,Nb3Ru9,111,hollow|A_A_A|HCP,-1.286015
UmVhY3Rpb246MzQzODQ3,Ru3Nb,Nb3Ru9,111,hollow|A_A_B|FCC,-0.758122
UmVhY3Rpb246MzQzODQ4,Ru3Nb,Nb3Ru9,111,hollow|A_A_B|HCP,-0.886693
UmVhY3Rpb246NDE1MTE5,Ru3Os,Os3Ru9,111,hollow|A_A_A|HCP,-0.379445
UmVhY3Rpb246NDE1MTIz,Ru3Os,Os3Ru9,111,hollow|A_A_B|HCP,-0.705391
UmVhY3Rpb246MzY4NTEz,Ru3Os,Os3Ru9,111,top|A,1.048691
UmVhY3Rpb246MzY4NTE0,Ru3Os,Os3Ru9,111,top|B,0.419783
UmVhY3Rpb246NDE3MzA5,Ru3Pb,Pb3Ru9,111,hollow|A_A_A|FCC,-0.610553
UmVhY3Rpb246NDE3MzEw,Ru3Pb,Pb3Ru9,111,hollow|A_A_A|HCP,-0.913592
UmVhY3Rpb246NDE3MzEx,Ru3Pb,Pb3Ru9,111,top|A,0.761562
UmVhY3Rpb246MzU0MzQx,Ru3Pd,Pd3Ru9,111,bridge|A_A|A,-0.077676
UmVhY3Rpb246NDE2MzYy,Ru3Pd,Pd3Ru9,111,bridge|A_A|B,-0.186181
UmVhY3Rpb246MzQ0NzI4,Ru3Pd,Pd3Ru9,111,hollow|A_A_A|FCC,-0.568602
UmVhY3Rpb246MzQ0NzI5,Ru3Pd,Pd3Ru9,111,hollow|A_A_A|HCP,-1.003257
UmVhY3Rpb246MzQ3MzEx,Ru3Pt,Pt3Ru9,111,hollow|A_A_A|FCC,-0.398412
UmVhY3Rpb246MzQ3MzEy,Ru3Pt,Pt3Ru9,111,hollow|A_A_A|HCP,-0.742933
UmVhY3Rpb246MzQ3MzEz,Ru3Pt,Pt3Ru9,111,hollow|A_A_B|HCP,0.061801
UmVhY3Rpb246MzQxNjM3,Ru3Re,Re3Ru9,111,hollow|A_A_A|FCC,0.081353
UmVhY3Rpb246MzQxNjM4,Ru3Re,Re3Ru9,111,hollow|A_A_A|HCP,-0.612338
UmVhY3Rpb246MzQxNjM5,Ru3Re,Re3Ru9,111,hollow|A_A_B|FCC,-0.505962
UmVhY3Rpb246MzQxNjQw,Ru3Re,Re3Ru9,111,hollow|A_A_B|HCP,-1.014042
UmVhY3Rpb246MzQxMjgw,Ru3Rh,Rh3Ru9,111,hollow|A_A_A|FCC,-0.280775
UmVhY3Rpb246MzQxMjgx,Ru3Rh,Rh3Ru9,111,hollow|A_A_A|HCP,-0.754993
UmVhY3Rpb246MzQxMjgy,Ru3Rh,Rh3Ru9,111,hollow|A_A_B|FCC,0.161453
UmVhY3Rpb246MzQxMjgz,Ru3Rh,Rh3Ru9,111,hollow|A_A_B|HCP,-0.258696
UmVhY3Rpb246NDEzOTQ2,Ru3Sc,Ru9Sc3,111,hollow|A_A_A|HCP,-1.643956
UmVhY3Rpb246NDEzOTUx,Ru3Sc,Ru9Sc3,111,hollow|A_A_B|HCP,-0.800329
UmVhY3Rpb246NDE3MzQw,Ru3Sn,Ru9Sn3,111,hollow|A_A_A|FCC,-0.559415
UmVhY3Rpb246NDE3MzQ1,Ru3Sn,Ru9Sn3,111,hollow|A_A_A|HCP,-0.943155
UmVhY3Rpb246Mzc3MjQ1,Ru3Sn,Ru9Sn3,111,top|A,0.808782
UmVhY3Rpb246Mzc3MjQ2,Ru3Sn,Ru9Sn3,111,top|B,4.829295
UmVhY3Rpb246NDE0MDk2,Ru3Ta,Ru9Ta3,111,hollow|A_A_A|HCP,-1.249350
UmVhY3Rpb246NDE0MDk3,Ru3Ta,Ru9Ta3,111,hollow|A_A_B|FCC,-0.760662
UmVhY3Rpb246NDE0MDk4,Ru3Ta,Ru9Ta3,111,hollow|A_A_B|HCP,-0.886918
UmVhY3Rpb246MzUwMjM5,Ru3Ta,Ru9Ta3,111,top|A,0.684188
UmVhY3Rpb246MzUwMjQx,Ru3Ta,Ru9Ta3,111,top|B,1.679964
UmVhY3Rpb246NDE1MDI0,Ru3Tc,Ru9Tc3,111,hollow|A_A_A|HCP,-0.764945
UmVhY3Rpb246NDE1MDI5,Ru3Tc,Ru9Tc3,111,hollow|A_A_B|HCP,-0.932948
UmVhY3Rpb246NDE0MDU3,Ru3Ti,Ru9Ti3,111,hollow|A_A_A|FCC,-0.790212
UmVhY3Rpb246NDE0MDU4,Ru3Ti,Ru9Ti3,111,hollow|A_A_A|HCP,-1.381834
UmVhY3Rpb246NDE0MDU5,Ru3Ti,Ru9Ti3,111,hollow|A_A_B|HCP,-0.847993
UmVhY3Rpb246NDE3Mjk4,Ru3Tl,Ru9Tl3,111,hollow|A_A_A|FCC,-0.661351
UmVhY3Rpb246NDE3Mjk5,Ru3Tl,Ru9Tl3,111,hollow|A_A_A|HCP,-1.003468
UmVhY3Rpb246MzQ0NjE1,Ru3V,Ru9V3,111,hollow|A_A_A|FCC,-0.532380
UmVhY3Rpb246MzQ0NjE2,Ru3V,Ru9V3,111,hollow|A_A_A|HCP,-1.076760
UmVhY3Rpb246MzQ0NjE3,Ru3V,Ru9V3,111,hollow|A_A_B|FCC,-0.689056
UmVhY3Rpb246MzQ0NjE4,Ru3V,Ru9V3,111,hollow|A_A_B|HCP,-1.005913
UmVhY3Rpb246NDE0MTEz,Ru3V,Ru9V3,111,top|A,0.745186
UmVhY3Rpb246MzQ2MjUw,Ru3W,Ru9W3,111,hollow|A_A_A|FCC,-0.253508
UmVhY3Rpb246MzQ2MjUx,Ru3W,Ru9W3,111,hollow|A_A_A|HCP,-0.886451
UmVhY3Rpb246MzQ2MjUy,Ru3W,Ru9W3,111,hollow|A_A_B|FCC,-0.644864
UmVhY3Rpb246MzQ2MjUz,Ru3W,Ru9W3,111,hollow|A_A_B|HCP,-1.018035
UmVhY3Rpb246MzkzODk5,Ru3Y,Ru9Y3,111,bridge|A_A|A,-0.732678
UmVhY3Rpb246MzQ4OTkw,Ru3Y,Ru9Y3,111,hollow|A_A_A|FCC,-0.918087
UmVhY3Rpb246MzQ4OTkx,Ru3Y,Ru9Y3,111,hollow|A_A_A|HCP,-1.841205
UmVhY3Rpb246MzQyMDU5,Ru3Zn,Ru9Zn3,111,hollow|A_A_A|FCC,-0.727013
UmVhY3Rpb246MzQyMDYw,Ru3Zn,Ru9Zn3,111,hollow|A_A_A|HCP,-1.070984
UmVhY3Rpb246MzQ5MjYw,Ru3Zn,Ru9Zn3,111,top|A,0.739869
UmVhY3Rpb246MzQ5MjYx,Ru3Zn,Ru9Zn3,111,top|B,4.528693
UmVhY3Rpb246NDEzOTk3,Ru3Zr,Ru9Zr3,111,bridge|A_A|B,-1.050303
UmVhY3Rpb246NDE0MDAx,Ru3Zr,Ru9Zr3,111,hollow|A_A_A|HCP,-1.630710
UmVhY3Rpb246NDE0MDA1,Ru3Zr,Ru9Zr3,111,hollow|A_A_B|HCP,-0.837161
UmVhY3Rpb246NDA1OTk4,RuSc,Ru6Sc6,101,4fold|A_A_B_B,-0.225446
UmVhY3Rpb246MzU4MzEx,RuSc,Ru6Sc6,101,bridge|A_A|B,-1.240511
UmVhY3Rpb246MzU4MzEy,RuSc,Ru6Sc6,101,hollow|A_B_B|FCC,-0.515219
UmVhY3Rpb246NDE3NDAy,RuSn,Ru6Sn6,101,bridge|A_A|B,1.261486
UmVhY3Rpb246NDE3NDAz,RuSn,Ru6Sn6,101,bridge|A_B|B,1.733076
UmVhY3Rpb246NDE3NDA0,RuSn,Ru6Sn6,101,bridge|B_B|A,2.534853
UmVhY3Rpb246MzUzMzYw,RuSn,Ru6Sn6,101,hollow|A_B_B|FCC,1.728329
UmVhY3Rpb246MzUzMTcw,RuTa,Ru6Ta6,101,hollow|A_A_B|HCP,-0.361217
UmVhY3Rpb246MzUzMTcx,RuTa,Ru6Ta6,101,hollow|A_B_B|FCC,-2.133025
UmVhY3Rpb246MzU5MDc0,RuTc,Ru6Tc6,101,hollow|A_A_B|FCC,-0.427441
UmVhY3Rpb246MzU5MDc1,RuTc,Ru6Tc6,101,hollow|A_A_B|HCP,-1.042315
UmVhY3Rpb246NDI3Njkw,RuTc,Ru6Tc6,101,hollow|A_B_B|FCC,-0.703141
UmVhY3Rpb246MzU5MDc2,RuTc,Ru6Tc6,101,hollow|A_B_B|HCP,-1.158980
UmVhY3Rpb246MzU3NDI0,RuTi,Ru6Ti6,101,hollow|A_A_B|HCP,-0.635907
UmVhY3Rpb246MzU3NDI1,RuTi,Ru6Ti6,101,hollow|A_B_B|HCP,-1.230952
UmVhY3Rpb246MzU5OTQ2,RuTl,Ru6Tl6,101,bridge|A_A|B,-0.240284
UmVhY3Rpb246MzU5OTQ3,RuTl,Ru6Tl6,101,top|A,0.594959
UmVhY3Rpb246NDA4MTgx,RuV,Ru6V6,101,4fold|A_A_B_B,-0.912539
UmVhY3Rpb246NDA4MTg2,RuV,Ru6V6,101,bridge|A_A|B,-1.674611
UmVhY3Rpb246MzU4OTky,RuV,Ru6V6,101,hollow|A_A_B|HCP,-0.597987
UmVhY3Rpb246MzU4OTkz,RuV,Ru6V6,101,hollow|A_B_B|HCP,-1.814748
UmVhY3Rpb246NDEwMDAw,RuW,Ru6W6,101,bridge|A_A|B,-1.205950
UmVhY3Rpb246MzU3Nzg2,RuW,Ru6W6,101,hollow|A_A_B|FCC,-0.731076
UmVhY3Rpb246MzU3Nzg3,RuW,Ru6W6,101,hollow|A_A_B|HCP,-1.151422
UmVhY3Rpb246MzU3Nzg4,RuW,Ru6W6,101,hollow|A_B_B|FCC,-1.396557
UmVhY3Rpb246MzU3Nzg5,RuW,Ru6W6,101,hollow|A_B_B|HCP,-1.435417
UmVhY3Rpb246NDA1NDg2,RuY,Ru6Y6,101,4fold|A_A_B_B,0.363632
UmVhY3Rpb246NDA1NDg3,RuY,Ru6Y6,101,bridge|A_A|B,-1.359816
UmVhY3Rpb246NDA1NDk4,RuY,Ru6Y6,101,bridge|B_B|A,-1.361796
UmVhY3Rpb246NDA1NDg4,RuY,Ru6Y6,101,hollow|A_B_B|FCC,-0.575294
UmVhY3Rpb246NDE2OTY0,RuZn,Ru6Zn6,101,4fold|A_A_B_B,0.149079
UmVhY3Rpb246MzU3MTc5,RuZn,Ru6Zn6,101,bridge|A_A|B,-0.751749
UmVhY3Rpb246MzUyMzAy,RuZr,Ru6Zr6,101,bridge|A_A|B,-0.889698
UmVhY3Rpb246NDA2MzMx,RuZr,Ru6Zr6,101,bridge|B_B|A,-0.782246
UmVhY3Rpb246MzUyMzAz,RuZr,Ru6Zr6,101,hollow|A_B_B|FCC,-1.155489
UmVhY3Rpb246MzM5NDk0,Sc,Sc12,111,hollow|A_A_A|FCC,-2.439448
UmVhY3Rpb246MzM5NDk1,Sc,Sc12,111,hollow|A_A_A|HCP,-2.741843
UmVhY3Rpb246MzM5NDk3,Sc,Sc12,111,top|A,0.996605
UmVhY3Rpb246MzQyNjA0,Sc3Ag,Ag3Sc9,111,hollow|A_A_A|FCC,-2.836257
UmVhY3Rpb246MzQyNjA1,Sc3Ag,Ag3Sc9,111,hollow|A_A_A|HCP,-3.056820
UmVhY3Rpb246MzQyODU5,Sc3Al,Al3Sc9,111,hollow|A_A_A|FCC,-2.424098
UmVhY3Rpb246MzQyODYw,Sc3Al,Al3Sc9,111,hollow|A_A_A|HCP,-2.631615
UmVhY3Rpb246MzQyODYx,Sc3Al,Al3Sc9,111,hollow|A_A_B|FCC,-1.595962
UmVhY3Rpb246MzQyODYy,Sc3Al,Al3Sc9,111,hollow|A_A_B|HCP,-1.836129
UmVhY3Rpb246MzQyNTg2,Sc3Au,Au3Sc9,111,hollow|A_A_A|FCC,-2.764188
UmVhY3Rpb246MzQyNTg3,Sc3Au,Au3Sc9,111,hollow|A_A_A|HCP,-2.936457
UmVhY3Rpb246NDA2MDg2,Sc3Cd,Cd3Sc9,111,hollow|A_A_A|FCC,-2.768444
UmVhY3Rpb246NDA2MDg3,Sc3Cd,Cd3Sc9,111,hollow|A_A_A|HCP,-3.004778
UmVhY3Rpb246NDA2MDg4,Sc3Cd,Cd3Sc9,111,hollow|A_A_B|HCP,-1.376121
UmVhY3Rpb246NDA1OTMy,Sc3Cr,Cr3Sc9,111,hollow|A_A_A|HCP,-2.179434
UmVhY3Rpb246NDA1OTMz,Sc3Cr,Cr3Sc9,111,hollow|A_A_B|FCC,-2.527198
UmVhY3Rpb246NDA2MDYx,Sc3Cu,Cu3Sc9,111,hollow|A_A_A|FCC,-2.635228
UmVhY3Rpb246MzQ1Njky,Sc3Cu,Cu3Sc9,111,hollow|A_A_A|HCP,-2.832629
UmVhY3Rpb246MzU1MTM3,Sc3Cu,Cu3Sc9,111,top|B,1.869450
UmVhY3Rpb246NDA2MDMx,Sc3Fe,Fe3Sc9,111,hollow|A_A_A|FCC,-2.516860
UmVhY3Rpb246NDA2MDMy,Sc3Fe,Fe3Sc9,111,hollow|A_A_A|HCP,-2.630888
UmVhY3Rpb246NDA2MTIy,Sc3Ga,Ga3Sc9,111,hollow|A_A_A|FCC,-2.513905
UmVhY3Rpb246NDA2MTIz,Sc3Ga,Ga3Sc9,111,hollow|A_A_A|HCP,-2.685704
UmVhY3Rpb246NDA1MzUz,Sc3Hf,Hf3Sc9,111,hollow|A_A_B|FCC,-2.719070
UmVhY3Rpb246NDA1MzU0,Sc3Hf,Hf3Sc9,111,hollow|A_A_B|HCP,-2.923617
UmVhY3Rpb246NDA2MTAx,Sc3Hg,Hg3Sc9,111,hollow|A_A_A|FCC,-2.792982
UmVhY3Rpb246NDA2MTAy,Sc3Hg,Hg3Sc9,111,hollow|A_A_A|HCP,-2.989185
UmVhY3Rpb246MzQzMzEz,Sc3In,In3Sc9,111,hollow|A_A_A|FCC,-2.701365
UmVhY3Rpb246MzQzMzE0,Sc3In,In3Sc9,111,hollow|A_A_A|HCP,-2.925628
UmVhY3Rpb246NDA2MTMx,Sc3In,In3Sc9,111,hollow|A_A_B|FCC,-1.210803
UmVhY3Rpb246MzQzMzE1,Sc3In,In3Sc9,111,hollow|A_A_B|HCP,-1.278996
UmVhY3Rpb246NDA2MDAy,Sc3Ir,Ir3Sc9,111,hollow|A_A_A|FCC,-2.510302
UmVhY3Rpb246NDA2MDAz,Sc3Ir,Ir3Sc9,111,hollow|A_A_A|HCP,-2.703271
UmVhY3Rpb246MzQ2OTQ5,Sc3La,La3Sc9,111,hollow|A_A_A|FCC,-2.691650
UmVhY3Rpb246NDA1MzMw,Sc3La,La3Sc9,111,hollow|A_A_A|HCP,-2.868398
UmVhY3Rpb246MzQ2OTUw,Sc3La,La3Sc9,111,hollow|A_A_B|FCC,-2.236835
UmVhY3Rpb246MzQ2OTUx,Sc3La,La3Sc9,111,hollow|A_A_B|HCP,-2.519827
UmVhY3Rpb246MzQzNDEz,Sc3Mo,Mo3Sc9,111,hollow|A_A_A|FCC,-2.066658
UmVhY3Rpb246MzQzNDE0,Sc3Mo,Mo3Sc9,111,hollow|A_A_A|HCP,-2.088852
UmVhY3Rpb246MzQzNDE1,Sc3Mo,Mo3Sc9,111,hollow|A_A_B|FCC,-2.299147
UmVhY3Rpb246MzQzNDE2,Sc3Mo,Mo3Sc9,111,hollow|A_A_B|HCP,-2.306400
UmVhY3Rpb246NDA1OTA0,Sc3Nb,Nb3Sc9,111,hollow|A_A_A|FCC,-2.092689
UmVhY3Rpb246NDA1OTA1,Sc3Nb,Nb3Sc9,111,hollow|A_A_A|HCP,-2.088860
UmVhY3Rpb246NDA1OTA2,Sc3Nb,Nb3Sc9,111,hollow|A_A_B|FCC,-2.579053
UmVhY3Rpb246NDA1OTgz,Sc3Os,Os3Sc9,111,hollow|A_A_A|FCC,-2.313842
UmVhY3Rpb246NDA1OTg0,Sc3Os,Os3Sc9,111,hollow|A_A_A|HCP,-2.455755
UmVhY3Rpb246NDA1OTg1,Sc3Os,Os3Sc9,111,hollow|A_A_B|HCP,-1.787058
UmVhY3Rpb246NDA2MTY3,Sc3Pb,Pb3Sc9,111,hollow|A_A_A|FCC,-2.918328
UmVhY3Rpb246NDA2MTY4,Sc3Pb,Pb3Sc9,111,hollow|A_A_A|HCP,-3.095385
UmVhY3Rpb246NDA2MDUz,Sc3Pd,Pd3Sc9,111,hollow|A_A_A|FCC,-2.758612
UmVhY3Rpb246MzQ1Mjg0,Sc3Pd,Pd3Sc9,111,hollow|A_A_A|HCP,-2.965574
UmVhY3Rpb246MzU0NjUx,Sc3Pd,Pd3Sc9,111,top|B,2.568888
UmVhY3Rpb246MzQyNjE0,Sc3Pt,Pt3Sc9,111,hollow|A_A_A|FCC,-2.635016
UmVhY3Rpb246NDA2MDQx,Sc3Pt,Pt3Sc9,111,hollow|A_A_A|HCP,-2.818638
UmVhY3Rpb246MzQzNjU1,Sc3Re,Re3Sc9,111,hollow|A_A_A|FCC,-2.058873
UmVhY3Rpb246MzQzNjU2,Sc3Re,Re3Sc9,111,hollow|A_A_A|HCP,-2.140762
UmVhY3Rpb246MzQzNjU3,Sc3Re,Re3Sc9,111,hollow|A_A_B|FCC,-2.070208
UmVhY3Rpb246MzQzNjU4,Sc3Re,Re3Sc9,111,hollow|A_A_B|HCP,-2.204174
UmVhY3Rpb246MzQyMzQz,Sc3Rh,Rh3Sc9,111,hollow|A_A_A|FCC,-2.641396
UmVhY3Rpb246MzQyMzQ0,Sc3Rh,Rh3Sc9,111,hollow|A_A_A|HCP,-2.841334
UmVhY3Rpb246MzQyMzQ1,Sc3Rh,Rh3Sc9,111,hollow|A_A_B|FCC,-1.135529
UmVhY3Rpb246MzQ4NjE5,Sc3Ru,Ru3Sc9,111,hollow|A_A_A|FCC,-2.468264
UmVhY3Rpb246MzQ4NjIw,Sc3Ru,Ru3Sc9,111,hollow|A_A_A|HCP,-2.621948
UmVhY3Rpb246MzQ4NjIx,Sc3Ru,Ru3Sc9,111,hollow|A_A_B|FCC,-1.369873
UmVhY3Rpb246MzQ4NjIy,Sc3Ru,Ru3Sc9,111,hollow|A_A_B|HCP,-1.675593
UmVhY3Rpb246MzQyNjU0,Sc3Sn,Sc9Sn3,111,hollow|A_A_A|FCC,-2.763326
UmVhY3Rpb246MzQyNjU1,Sc3Sn,Sc9Sn3,111,hollow|A_A_A|HCP,-2.950946
UmVhY3Rpb246MzQyNjU2,Sc3Sn,Sc9Sn3,111,hollow|A_A_B|HCP,-0.919988
UmVhY3Rpb246NDA1ODcx,Sc3Ta,Sc9Ta3,111,hollow|A_A_A|FCC,-2.008573
UmVhY3Rpb246NDA1ODcy,Sc3Ta,Sc9Ta3,111,hollow|A_A_A|HCP,-1.998947
UmVhY3Rpb246NDA1ODcz,Sc3Ta,Sc9Ta3,111,hollow|A_A_B|FCC,-2.791296
UmVhY3Rpb246NDA1OTY5,Sc3Tc,Sc9Tc3,111,hollow|A_A_A|FCC,-2.211275
UmVhY3Rpb246NDA1OTcw,Sc3Tc,Sc9Tc3,111,hollow|A_A_A|HCP,-2.304553
UmVhY3Rpb246NDA1OTcx,Sc3Tc,Sc9Tc3,111,hollow|A_A_B|HCP,-1.967806
UmVhY3Rpb246NDA1ODU2,Sc3Ti,Sc9Ti3,111,hollow|A_A_A|FCC,-2.213094
UmVhY3Rpb246NDA1ODU3,Sc3Ti,Sc9Ti3,111,hollow|A_A_A|HCP,-2.394378
UmVhY3Rpb246NDA1ODU4,Sc3Ti,Sc9Ti3,111,hollow|A_A_B|HCP,-2.923132
UmVhY3Rpb246NDA2MTU3,Sc3Tl,Sc9Tl3,111,hollow|A_A_A|FCC,-2.820021
UmVhY3Rpb246NDA2MTU4,Sc3Tl,Sc9Tl3,111,hollow|A_A_A|HCP,-3.023609
UmVhY3Rpb246NDA1OTE3,Sc3V,Sc9V3,111,hollow|A_A_A|FCC,-2.071146
UmVhY3Rpb246NDA1OTE4,Sc3V,Sc9V3,111,hollow|A_A_A|HCP,-2.127688
UmVhY3Rpb246NDA1OTE5,Sc3V,Sc9V3,111,hollow|A_A_B|FCC,-2.727747
UmVhY3Rpb246NDA1OTUw,Sc3W,Sc9W3,111,hollow|A_A_A|FCC,-1.950110
UmVhY3Rpb246NDA1OTUx,Sc3W,Sc9W3,111,hollow|A_A_A|HCP,-1.946013
UmVhY3Rpb246NDA1OTUy,Sc3W,Sc9W3,111,hollow|A_A_B|FCC,-2.542216
UmVhY3Rpb246NDA1MzIy,Sc3Y,Sc9Y3,111,hollow|A_A_B|FCC,-2.370535
UmVhY3Rpb246MzQzNzY4,Sc3Y,Sc9Y3,111,hollow|A_A_B|HCP,-2.696606
UmVhY3Rpb246NDA2MDcz,Sc3Zn,Sc9Zn3,111,hollow|A_A_A|FCC,-2.583076
UmVhY3Rpb246NDA2MDc0,Sc3Zn,Sc9Zn3,111,hollow|A_A_A|HCP,-2.791233
UmVhY3Rpb246NDA1MzM3,Sc3Zr,Sc9Zr3,111,hollow|A_A_B|FCC,-2.577221
UmVhY3Rpb246NDA1MzM4,Sc3Zr,Sc9Zr3,111,hollow|A_A_B|HCP,-2.726244
UmVhY3Rpb246NDA2MTgz,ScSn,Sc6Sn6,101,hollow|A_A_B|FCC,-1.057372
UmVhY3Rpb246NDA2MTg0,ScSn,Sc6Sn6,101,hollow|A_A_B|HCP,-1.090860
UmVhY3Rpb246NDA2MTg1,ScSn,Sc6Sn6,101,hollow|A_B_B|FCC,0.956307
UmVhY3Rpb246NDA2MTg2,ScSn,Sc6Sn6,101,hollow|A_B_B|HCP,0.886816
UmVhY3Rpb246NDA1ODg4,ScTa,Sc6Ta6,101,hollow|A_A_B|FCC,-2.505290
UmVhY3Rpb246NDA1ODg5,ScTa,Sc6Ta6,101,hollow|A_A_B|HCP,-2.373610
UmVhY3Rpb246NDA1ODkw,ScTa,Sc6Ta6,101,hollow|A_B_B|FCC,-2.588158
UmVhY3Rpb246NDA1ODkx,ScTa,Sc6Ta6,101,hollow|A_B_B|HCP,-2.684764
UmVhY3Rpb246MzU3NDgy,ScTc,Sc6Tc6,101,bridge|B_B|A,-2.083923
UmVhY3Rpb246MzU3NDgz,ScTc,Sc6Tc6,101,hollow|A_A_B|FCC,-1.184432
UmVhY3Rpb246MzU2NjI5,ScTi,Sc6Ti6,101,hollow|A_A_B|FCC,-2.440817
UmVhY3Rpb246MzU2NjMw,ScTi,Sc6Ti6,101,hollow|A_A_B|HCP,-2.523967
UmVhY3Rpb246MzU2NjMx,ScTi,Sc6Ti6,101,hollow|A_B_B|FCC,-2.767100
UmVhY3Rpb246MzU2NjMy,ScTi,Sc6Ti6,101,hollow|A_B_B|HCP,-2.976932
UmVhY3Rpb246MzU2NDM2,ScTl,Sc6Tl6,101,hollow|A_B_B|FCC,0.880190
UmVhY3Rpb246MzUzODI4,ScV,Sc6V6,101,hollow|A_A_B|FCC,-2.327147
UmVhY3Rpb246MzUzODI5,ScV,Sc6V6,101,hollow|A_A_B|HCP,-2.337717
UmVhY3Rpb246MzUzODMw,ScV,Sc6V6,101,hollow|A_B_B|FCC,-2.548594
UmVhY3Rpb246MzUzODMx,ScV,Sc6V6,101,hollow|A_B_B|HCP,-2.788576
UmVhY3Rpb246MzU5MTI1,ScW,Sc6W6,101,hollow|A_A_B|FCC,-2.256158
UmVhY3Rpb246MzU5MTI2,ScW,Sc6W6,101,hollow|A_A_B|HCP,-2.018275
UmVhY3Rpb246MzU5MTI3,ScW,Sc6W6,101,hollow|A_B_B|FCC,-2.191098
UmVhY3Rpb246MzU5MTI4,ScW,Sc6W6,101,hollow|A_B_B|HCP,-2.306424
UmVhY3Rpb246MzU0MDUw,ScY,Sc6Y6,101,hollow|A_A_B|FCC,-2.507518
UmVhY3Rpb246MzU0MDUx,ScY,Sc6Y6,101,hollow|A_A_B|HCP,-2.854673
UmVhY3Rpb246MzU0MDUy,ScY,Sc6Y6,101,hollow|A_B_B|FCC,-2.279806
UmVhY3Rpb246MzU0MDUz,ScY,Sc6Y6,101,hollow|A_B_B|HCP,-2.567930
UmVhY3Rpb246MzUxMjY2,ScZn,Sc6Zn6,101,4fold|A_A_B_B,-1.824449
UmVhY3Rpb246NDA2MDgx,ScZn,Sc6Zn6,101,bridge|A_A|B,-1.204977
UmVhY3Rpb246MzUxMjY3,ScZn,Sc6Zn6,101,hollow|A_A_B|HCP,-1.404720
UmVhY3Rpb246MzUxOTg1,ScZr,Sc6Zr6,101,hollow|A_A_B|FCC,-2.460567
UmVhY3Rpb246MzUxOTg2,ScZr,Sc6Zr6,101,hollow|A_A_B|HCP,-2.466501
UmVhY3Rpb246MzUxOTg3,ScZr,Sc6Zr6,101,hollow|A_B_B|FCC,-2.621521
UmVhY3Rpb246MzUxOTg4,ScZr,Sc6Zr6,101,hollow|A_B_B|HCP,-2.668047
UmVhY3Rpb246NDI3Njkx,Sn,Sn12,111,hollow|A_A_A|FCC,1.249077
UmVhY3Rpb246NDI3Njky,Sn,Sn12,111,hollow|A_A_A|HCP,1.357867
UmVhY3Rpb246NDI3Njkz,Sn,Sn12,111,top|A,3.806759
UmVhY3Rpb246MzQxNDIz,Sn3Ag,Ag3Sn9,111,hollow|A_A_A|FCC,1.524670
UmVhY3Rpb246MzQxNDI0,Sn3Ag,Ag3Sn9,111,hollow|A_A_A|HCP,1.799124
UmVhY3Rpb246MzQxNDI1,Sn3Ag,Ag3Sn9,111,hollow|A_A_B|FCC,1.761076
UmVhY3Rpb246MzQxNDI2,Sn3Ag,Ag3Sn9,111,hollow|A_A_B|HCP,1.807132
UmVhY3Rpb246MzQ4ODIy,Sn3Al,Al3Sn9,111,hollow|A_A_A|FCC,1.347323
UmVhY3Rpb246MzQ4ODIz,Sn3Al,Al3Sn9,111,hollow|A_A_A|HCP,1.533039
UmVhY3Rpb246NDA0ODc5,Sn3Al,Al3Sn9,111,hollow|A_A_B|FCC,0.434474
UmVhY3Rpb246MzQ4ODI0,Sn3Al,Al3Sn9,111,hollow|A_A_B|HCP,0.723108
UmVhY3Rpb246NDA0Nzg4,Sn3Au,Au3Sn9,111,hollow|A_A_A|FCC,1.428479
UmVhY3Rpb246NDA0Nzg5,Sn3Au,Au3Sn9,111,hollow|A_A_A|HCP,1.563996
UmVhY3Rpb246NDA0ODU5,Sn3Cd,Cd3Sn9,111,hollow|A_A_A|FCC,1.204286
UmVhY3Rpb246NDA0ODYw,Sn3Cd,Cd3Sn9,111,hollow|A_A_B|FCC,1.429074
UmVhY3Rpb246NDA0NjM2,Sn3Cr,Cr3Sn9,111,top|B,-0.352379
UmVhY3Rpb246NDA0ODQ3,Sn3Cu,Cu3Sn9,111,hollow-tilt|A_A_B|FCC,1.239503
UmVhY3Rpb246NDA0ODQ1,Sn3Cu,Cu3Sn9,111,hollow|A_A_A|FCC,1.607056
UmVhY3Rpb246NDA0ODQ2,Sn3Cu,Cu3Sn9,111,hollow|A_A_B|FCC,1.381232
UmVhY3Rpb246NDA0NzIw,Sn3Fe,Fe3Sn9,111,hollow-tilt|A_A_B|HCP,0.899216
UmVhY3Rpb246MzQxMTA3,Sn3Ga,Ga3Sn9,111,hollow|A_A_A|FCC,1.289792
UmVhY3Rpb246NDA0OTA5,Sn3Ga,Ga3Sn9,111,hollow|A_A_B|FCC,1.143534
UmVhY3Rpb246MzQxNzUx,Sn3Hf,Hf3Sn9,111,hollow|A_A_A|FCC,2.142314
UmVhY3Rpb246MzQxNzUy,Sn3Hf,Hf3Sn9,111,hollow|A_A_A|HCP,1.878924
UmVhY3Rpb246MzQxNzUz,Sn3Hf,Hf3Sn9,111,hollow|A_A_B|FCC,0.194990
UmVhY3Rpb246NDA0NjAz,Sn3Hf,Hf3Sn9,111,hollow|A_A_B|HCP,0.227773
UmVhY3Rpb246MzQ5MTE4,Sn3Hf,Hf3Sn9,111,top|B,1.382432
UmVhY3Rpb246MzQ1MDA1,Sn3Hg,Hg3Sn9,111,hollow|A_A_A|FCC,1.146569
UmVhY3Rpb246NDA0ODY1,Sn3Hg,Hg3Sn9,111,hollow|A_A_A|HCP,1.384003
UmVhY3Rpb246MzU0NDgx,Sn3Hg,Hg3Sn9,111,top|B,4.888830
UmVhY3Rpb246NDA0OTI0,Sn3In,In3Sn9,111,hollow|A_A_A|FCC,1.189771
UmVhY3Rpb246NDA0Njgx,Sn3Ir,Ir3Sn9,111,top|B,1.743000
UmVhY3Rpb246MzQxMzcz,Sn3La,La3Sn9,111,hollow|A_A_A|FCC,2.027360
UmVhY3Rpb246MzQxMzc0,Sn3La,La3Sn9,111,hollow|A_A_B|FCC,0.646292
UmVhY3Rpb246NDA0NTgw,Sn3La,La3Sn9,111,hollow|A_A_B|HCP,0.571780
UmVhY3Rpb246NDA0NTgx,Sn3La,La3Sn9,111,top|B,3.456441
UmVhY3Rpb246NDA0NzI3,Sn3Mn,Mn3Sn9,111,hollow|A_A_B|FCC,0.793597
UmVhY3Rpb246NDA0NzI4,Sn3Mn,Mn3Sn9,111,hollow|A_A_B|HCP,0.860442
UmVhY3Rpb246MzQwNjkw,Sn3Mo,Mo3Sn9,111,hollow|A_A_A|HCP,2.095962
UmVhY3Rpb246MzYwMjk1,Sn3Mo,Mo3Sn9,111,top|A,4.275810
UmVhY3Rpb246NDA0NjIz,Sn3Nb,Nb3Sn9,111,hollow-tilt|A_A_B|HCP,0.370373
UmVhY3Rpb246MzQ3NTIz,Sn3Nb,Nb3Sn9,111,hollow|A_A_A|HCP,1.985652
UmVhY3Rpb246NDA0NjI0,Sn3Nb,Nb3Sn9,111,top|B,-0.268490
UmVhY3Rpb246NDA0NzEw,Sn3Ni,Ni3Sn9,111,hollow-tilt|A_A_B|FCC,1.259636
UmVhY3Rpb246MzQzMTE3,Sn3Os,Os3Sn9,111,hollow|A_A_A|FCC,1.982147
UmVhY3Rpb246MzQzMTE4,Sn3Os,Os3Sn9,111,hollow|A_A_A|HCP,2.237127
UmVhY3Rpb246NDA0NjYz,Sn3Os,Os3Sn9,111,top|A,3.956961
UmVhY3Rpb246MzQxNTMx,Sn3Pb,Pb3Sn9,111,hollow|A_A_A|FCC,1.166268
UmVhY3Rpb246NDA0OTM5,Sn3Pb,Pb3Sn9,111,hollow|A_A_B|FCC,1.325416
UmVhY3Rpb246NDA0OTQw,Sn3Pb,Pb3Sn9,111,hollow|A_A_B|HCP,1.458576
UmVhY3Rpb246NDA0OTQx,Sn3Pb,Pb3Sn9,111,top|B,4.396134
UmVhY3Rpb246NDA0NzY3,Sn3Pd,Pd3Sn9,111,hollow-tilt|A_A_B|FCC,1.853343
UmVhY3Rpb246NDA0NzY2,Sn3Pd,Pd3Sn9,111,hollow|A_A_A|FCC,1.711064
UmVhY3Rpb246NDI4NTE0,Sn3Pd,Pd3Sn9,111,top|B,4.129962
UmVhY3Rpb246NDA0NzQx,Sn3Pt,Pt3Sn9,111,hollow|A_A_A|FCC,1.665481
UmVhY3Rpb246NDA0NjQ5,Sn3Re,Re3Sn9,111,top|A,4.018836
UmVhY3Rpb246MzUwMTc4,Sn3Rh,Rh3Sn9,111,top|B,2.545252
UmVhY3Rpb246NDA0Njcw,Sn3Ru,Ru3Sn9,111,hollow-tilt|A_A_B|FCC,0.884093
UmVhY3Rpb246MzQzNjk3,Sn3Ru,Ru3Sn9,111,hollow|A_A_A|FCC,2.063357
UmVhY3Rpb246MzUwNDgy,Sn3Ru,Ru3Sn9,111,top|B,0.940126
UmVhY3Rpb246MzQ2MTk0,Sn3Sc,Sc3Sn9,111,hollow|A_A_A|FCC,2.241343
UmVhY3Rpb246MzQ2MTk1,Sn3Sc,Sc3Sn9,111,hollow|A_A_A|HCP,2.113788
UmVhY3Rpb246MzQ2MTk2,Sn3Sc,Sc3Sn9,111,hollow|A_A_B|FCC,0.535854
UmVhY3Rpb246MzQ2MTk3,Sn3Sc,Sc3Sn9,111,hollow|A_A_B|HCP,0.518924
UmVhY3Rpb246NDA0NjE0,Sn3Ta,Sn9Ta3,111,hollow|A_A_A|HCP,1.899843
UmVhY3Rpb246NDA0NjE1,Sn3Ta,Sn9Ta3,111,hollow|A_A_B|HCP,0.146379
UmVhY3Rpb246MzQ2NTg5,Sn3Tc,Sn9Tc3,111,hollow|A_A_A|FCC,1.518747
UmVhY3Rpb246NDA0NjUz,Sn3Tc,Sn9Tc3,111,top|B,-0.285857
UmVhY3Rpb246MzQxOTQ0,Sn3Ti,Sn9Ti3,111,hollow|A_A_A|HCP,2.014834
UmVhY3Rpb246NDA0NjA4,Sn3Ti,Sn9Ti3,111,hollow|A_A_B|FCC,0.264347
UmVhY3Rpb246NDA0NjA5,Sn3Ti,Sn9Ti3,111,hollow|A_A_B|HCP,0.302023
UmVhY3Rpb246MzQ5MjAy,Sn3Ti,Sn9Ti3,111,top|B,0.807680
UmVhY3Rpb246NDA0OTMz,Sn3Tl,Sn9Tl3,111,hollow|A_A_A|FCC,1.219697
UmVhY3Rpb246NDA0NjMx,Sn3V,Sn9V3,111,hollow-tilt|A_A_B|FCC,0.078833
UmVhY3Rpb246NDA0NjMy,Sn3V,Sn9V3,111,top|B,-0.212680
UmVhY3Rpb246MzUzMzg5,Sn3W,Sn9W3,111,top|B,-0.834391
UmVhY3Rpb246NDA0NTcw,Sn3Y,Sn9Y3,111,hollow|A_A_B|FCC,0.705289
UmVhY3Rpb246NDA0NTcx,Sn3Y,Sn9Y3,111,hollow|A_A_B|HCP,0.650072
UmVhY3Rpb246MzQ0NDAx,Sn3Zn,Sn9Zn3,111,hollow|A_A_A|FCC,1.231712
UmVhY3Rpb246MzQ0NDAy,Sn3Zn,Sn9Zn3,111,hollow|A_A_A|HCP,1.529016
UmVhY3Rpb246MzQ0NDAz,Sn3Zn,Sn9Zn3,111,hollow|A_A_B|HCP,1.419490
UmVhY3Rpb246MzQxNDg1,Sn3Zr,Sn9Zr3,111,hollow|A_A_A|FCC,2.183691
UmVhY3Rpb246MzQxNDg2,Sn3Zr,Sn9Zr3,111,hollow|A_A_A|HCP,1.923349
UmVhY3Rpb246MzQxNDg3,Sn3Zr,Sn9Zr3,111,hollow|A_A_B|FCC,0.449906
UmVhY3Rpb246MzQxNDg4,Sn3Zr,Sn9Zr3,111,hollow|A_A_B|HCP,0.390155
UmVhY3Rpb246NDA0NTk4,Sn3Zr,Sn9Zr3,111,top|B,1.348941
UmVhY3Rpb246MzUyMTg0,SnTa,Sn6Ta6,101,hollow-tilt|A_A_B|HCP,0.216786
UmVhY3Rpb246MzUyMTgy,SnTa,Sn6Ta6,101,hollow|A_B_B|FCC,-0.823268
UmVhY3Rpb246MzUyMTgz,SnTa,Sn6Ta6,101,hollow|A_B_B|HCP,-0.704733
UmVhY3Rpb246NDExNTI5,SnTc,Sn6Tc6,101,bridge|B_B|A,-0.017340
UmVhY3Rpb246MzU2OTg4,SnTc,Sn6Tc6,101,hollow|A_B_B|HCP,-0.110540
UmVhY3Rpb246NDExNTU1,SnTc,Sn6Tc6,101,top|A,0.160788
UmVhY3Rpb246MzU2OTg5,SnTc,Sn6Tc6,101,top|B,0.159982
UmVhY3Rpb246NDA3MDYx,SnTi,Sn6Ti6,101,hollow|A_A_B|FCC,-1.002609
UmVhY3Rpb246MzU3OTgy,SnTi,Sn6Ti6,101,hollow|A_A_B|HCP,0.558537
UmVhY3Rpb246MzU3OTgz,SnTi,Sn6Ti6,101,hollow|A_B_B|FCC,-1.001902
UmVhY3Rpb246MzU3OTg0,SnTi,Sn6Ti6,101,hollow|A_B_B|HCP,-0.882099
UmVhY3Rpb246MzU2ODI3,SnTl,Sn6Tl6,101,hollow|A_B_B|FCC,2.171401
UmVhY3Rpb246NDA4NjY3,SnV,Sn6V6,101,hollow|A_A_B|FCC,-0.495291
UmVhY3Rpb246NDA4Njcy,SnV,Sn6V6,101,hollow|A_A_B|HCP,-0.446291
UmVhY3Rpb246NDA4NjU2,SnV,Sn6V6,101,hollow|A_B_B|HCP,-0.448774
UmVhY3Rpb246NDA4Njc2,SnV,Sn6V6,101,top-tilt|A,0.371956
UmVhY3Rpb246NDI3Njk0,SnV,Sn6V6,101,top-tilt|B,0.374123
UmVhY3Rpb246NDEwMjQy,SnW,Sn6W6,101,bridge|A_A|B,-0.594857
UmVhY3Rpb246MzUzOTA2,SnY,Sn6Y6,101,hollow|A_A_B|FCC,0.921433
UmVhY3Rpb246MzUzOTA3,SnY,Sn6Y6,101,hollow|A_B_B|FCC,-0.909852
UmVhY3Rpb246MzUzOTA4,SnY,Sn6Y6,101,hollow|A_B_B|HCP,-0.975744
UmVhY3Rpb246MzU3OTk0,SnZn,Sn6Zn6,101,hollow|A_A_B|HCP,1.395879
UmVhY3Rpb246MzU3OTk1,SnZn,Sn6Zn6,101,hollow|A_B_B|FCC,1.196367
UmVhY3Rpb246MzU3OTk2,SnZn,Sn6Zn6,101,hollow|A_B_B|HCP,0.969192
UmVhY3Rpb246MzU2MTY3,SnZr,Sn6Zr6,101,hollow|A_A_B|FCC,1.017638
UmVhY3Rpb246MzU2MTY4,SnZr,Sn6Zr6,101,hollow|A_A_B|HCP,0.573608
UmVhY3Rpb246MzU2MTY5,SnZr,Sn6Zr6,101,hollow|A_B_B|FCC,-1.079029
UmVhY3Rpb246MzU2MTcw,SnZr,Sn6Zr6,101,hollow|A_B_B|HCP,-0.917767
UmVhY3Rpb246MzU2MTcx,SnZr,Sn6Zr6,101,top|B,1.806842
UmVhY3Rpb246MzM5MjY1,Ta,Ta12,111,hollow|A_A_A|FCC,-3.125021
UmVhY3Rpb246MzM5MjY2,Ta,Ta12,111,hollow|A_A_A|HCP,-2.770702
UmVhY3Rpb246MzM5MjY4,Ta,Ta12,111,top|A,0.780927
UmVhY3Rpb246MzQ5NDY1,Ta3Ag,Ag3Ta9,111,bridge|A_A|B,-1.724753
UmVhY3Rpb246MzQyNDEy,Ta3Ag,Ag3Ta9,111,hollow|A_A_A|FCC,-3.048191
UmVhY3Rpb246MzQyNDEz,Ta3Ag,Ag3Ta9,111,hollow|A_A_A|HCP,-2.532345
UmVhY3Rpb246MzQ4NzEy,Ta3Al,Al3Ta9,111,hollow|A_A_A|FCC,-2.458204
UmVhY3Rpb246MzQ4NzEz,Ta3Al,Al3Ta9,111,hollow|A_A_A|HCP,-2.119184
UmVhY3Rpb246MzQ4NzE0,Ta3Al,Al3Ta9,111,hollow|A_A_B|FCC,-1.555324
UmVhY3Rpb246NDA3Mjc1,Ta3Al,Al3Ta9,111,hollow|A_A_B|HCP,-1.567132
UmVhY3Rpb246MzQxNDY0,Ta3Au,Au3Ta9,111,hollow|A_A_A|FCC,-3.107491
UmVhY3Rpb246MzQxNDY1,Ta3Au,Au3Ta9,111,hollow|A_A_A|HCP,-2.555425
UmVhY3Rpb246NDA3MjU1,Ta3Cd,Cd3Ta9,111,bridge|A_A|B,-0.967100
UmVhY3Rpb246MzQyMTQ2,Ta3Cd,Cd3Ta9,111,hollow|A_A_A|FCC,-2.900821
UmVhY3Rpb246NDA3MDk5,Ta3Cr,Cr3Ta9,111,hollow|A_A_A|HCP,-2.806700
UmVhY3Rpb246MzQyMzc5,Ta3Cr,Cr3Ta9,111,hollow|A_A_B|HCP,-2.820448
UmVhY3Rpb246NDA3MjI1,Ta3Cu,Cu3Ta9,111,hollow|A_A_A|FCC,-2.816579
UmVhY3Rpb246NDA3MjI2,Ta3Cu,Cu3Ta9,111,hollow|A_A_A|HCP,-2.224027
UmVhY3Rpb246NDA3MjI3,Ta3Cu,Cu3Ta9,111,hollow|A_A_B|HCP,-1.798949
UmVhY3Rpb246NDA3MTc3,Ta3Fe,Fe3Ta9,111,hollow|A_A_A|HCP,-2.461842
UmVhY3Rpb246NDA3Mjgz,Ta3Ga,Ga3Ta9,111,hollow|A_A_A|FCC,-2.473648
UmVhY3Rpb246NDA3Mjg0,Ta3Ga,Ga3Ta9,111,hollow|A_A_A|HCP,-2.108616
UmVhY3Rpb246NDA3MjY4,Ta3Hg,Hg3Ta9,111,hollow|A_A_A|FCC,-2.895573
UmVhY3Rpb246NDA3MjY5,Ta3Hg,Hg3Ta9,111,hollow|A_A_A|HCP,-2.545904
UmVhY3Rpb246NDA3Mjkz,Ta3In,In3Ta9,111,hollow|A_A_A|FCC,-2.592137
UmVhY3Rpb246NDA3Mjk0,Ta3In,In3Ta9,111,hollow|A_A_A|HCP,-2.355246
UmVhY3Rpb246NDA3MTQ5,Ta3Ir,Ir3Ta9,111,hollow|A_A_A|FCC,-2.902665
UmVhY3Rpb246NDA3MTUw,Ta3Ir,Ir3Ta9,111,hollow|A_A_A|HCP,-2.448945
UmVhY3Rpb246MzQ0MTgz,Ta3La,La3Ta9,111,hollow|A_A_A|FCC,-2.291563
UmVhY3Rpb246MzQ0MTg0,Ta3La,La3Ta9,111,hollow|A_A_A|HCP,-2.448480
UmVhY3Rpb246NDA3MDY5,Ta3La,La3Ta9,111,hollow|A_A_B|HCP,-1.200054
UmVhY3Rpb246NDA3MTg5,Ta3Mn,Mn3Ta9,111,hollow|A_A_A|FCC,-2.899282
UmVhY3Rpb246NDA3MTkw,Ta3Mn,Mn3Ta9,111,hollow|A_A_A|HCP,-2.373384
UmVhY3Rpb246NDA3MTEx,Ta3Mo,Mo3Ta9,111,hollow|A_A_A|HCP,-3.033756
UmVhY3Rpb246NDA3MDg5,Ta3Nb,Nb3Ta9,111,hollow|A_A_B|FCC,-3.019088
UmVhY3Rpb246MzUwMzEx,Ta3Ni,Ni3Ta9,111,top|B,1.926346
UmVhY3Rpb246MzQ5MDEw,Ta3Os,Os3Ta9,111,hollow|A_A_A|FCC,-2.985621
UmVhY3Rpb246MzQ5MDEx,Ta3Os,Os3Ta9,111,hollow|A_A_A|HCP,-2.614248
UmVhY3Rpb246MzQ5MDEy,Ta3Os,Os3Ta9,111,hollow|A_A_B|FCC,-2.316548
UmVhY3Rpb246MzQ5MDEz,Ta3Os,Os3Ta9,111,hollow|A_A_B|HCP,-2.312393
UmVhY3Rpb246Mzc3MjU4,Ta3Os,Os3Ta9,111,top|B,0.441474
UmVhY3Rpb246MzQ3NjMz,Ta3Pb,Pb3Ta9,111,hollow|A_A_A|FCC,-2.495685
UmVhY3Rpb246MzQ3NjM0,Ta3Pb,Pb3Ta9,111,hollow|A_A_A|HCP,-2.209596
UmVhY3Rpb246MzQ2MzU1,Ta3Pd,Pd3Ta9,111,hollow|A_A_A|FCC,-2.999173
UmVhY3Rpb246MzQ2MzU2,Ta3Pd,Pd3Ta9,111,hollow|A_A_A|HCP,-2.469722
UmVhY3Rpb246MzQ2MzU3,Ta3Pd,Pd3Ta9,111,hollow|A_A_B|FCC,-1.809024
UmVhY3Rpb246MzQyNTU2,Ta3Pt,Pt3Ta9,111,hollow|A_A_A|FCC,-2.953557
UmVhY3Rpb246MzQyNTU3,Ta3Pt,Pt3Ta9,111,hollow|A_A_A|HCP,-2.460905
UmVhY3Rpb246MzQyNTU4,Ta3Pt,Pt3Ta9,111,hollow|A_A_B|FCC,-1.719490
UmVhY3Rpb246NDA3MTIw,Ta3Re,Re3Ta9,111,hollow|A_A_A|HCP,-2.902388
UmVhY3Rpb246NDA3MTYy,Ta3Rh,Rh3Ta9,111,hollow|A_A_A|FCC,-2.917623
UmVhY3Rpb246NDA3MTYz,Ta3Rh,Rh3Ta9,111,hollow|A_A_A|HCP,-2.449764
UmVhY3Rpb246NDA3MTY0,Ta3Rh,Rh3Ta9,111,hollow|A_A_B|HCP,-1.966437
UmVhY3Rpb246MzQ4MjM4,Ta3Sc,Sc3Ta9,111,hollow|A_A_A|FCC,-2.850059
UmVhY3Rpb246NDI3Njk1,Ta3Sc,Sc3Ta9,111,hollow|A_A_B|FCC,-2.766314
UmVhY3Rpb246NDI3Njk2,Ta3Sc,Sc3Ta9,111,hollow|A_A_B|HCP,-2.502630
UmVhY3Rpb246Mzg1MTUx,Ta3Sc,Sc3Ta9,111,top|B,2.784875
UmVhY3Rpb246MzQ4MDQ5,Ta3Sn,Sn3Ta9,111,hollow|A_A_A|FCC,-2.437688
UmVhY3Rpb246MzQ4MDUw,Ta3Sn,Sn3Ta9,111,hollow|A_A_A|HCP,-2.099846
UmVhY3Rpb246NDA3MTI5,Ta3Tc,Ta9Tc3,111,hollow|A_A_A|HCP,-2.859456
UmVhY3Rpb246NDA3MDg0,Ta3Ti,Ta9Ti3,111,hollow|A_A_B|FCC,-3.011506
UmVhY3Rpb246MzQzOTkz,Ta3Tl,Ta9Tl3,111,hollow|A_A_A|FCC,-2.624906
UmVhY3Rpb246MzQzOTk0,Ta3Tl,Ta9Tl3,111,hollow|A_A_A|HCP,-2.402877
UmVhY3Rpb246MzQ3NzY2,Ta3V,Ta9V3,111,hollow|A_A_A|FCC,-3.088429
UmVhY3Rpb246MzQ3NzY3,Ta3V,Ta9V3,111,hollow|A_A_A|HCP,-2.710703
UmVhY3Rpb246MzQ3NzY4,Ta3V,Ta9V3,111,hollow|A_A_B|FCC,-3.081492
UmVhY3Rpb246MzQ3NzY5,Ta3V,Ta9V3,111,hollow|A_A_B|HCP,-2.818022
UmVhY3Rpb246MzQxODcw,Ta3W,Ta9W3,111,hollow|A_A_A|FCC,-3.181277
UmVhY3Rpb246MzQxODcx,Ta3W,Ta9W3,111,hollow|A_A_A|HCP,-2.941290
UmVhY3Rpb246MzQxODcy,Ta3W,Ta9W3,111,hollow|A_A_B|FCC,-2.998280
UmVhY3Rpb246MzQxODcz,Ta3W,Ta9W3,111,hollow|A_A_B|HCP,-2.763383
UmVhY3Rpb246MzQ5MTQy,Ta3W,Ta9W3,111,top|B,0.157186
UmVhY3Rpb246MzQzMDM1,Ta3Y,Ta9Y3,111,hollow|A_A_A|FCC,-2.547180
UmVhY3Rpb246MzQzMDM2,Ta3Y,Ta9Y3,111,hollow|A_A_A|HCP,-2.868666
UmVhY3Rpb246MzQzMDM3,Ta3Y,Ta9Y3,111,hollow|A_A_B|FCC,-2.481339
UmVhY3Rpb246NDA3MDY3,Ta3Y,Ta9Y3,111,hollow|A_A_B|HCP,-2.204772
UmVhY3Rpb246NDA3MjQw,Ta3Zn,Ta9Zn3,111,hollow|A_A_A|FCC,-2.742248
UmVhY3Rpb246NDA3MjQx,Ta3Zn,Ta9Zn3,111,hollow|A_A_A|HCP,-2.271874
UmVhY3Rpb246NDA3MjQy,Ta3Zn,Ta9Zn3,111,hollow|A_A_B|FCC,-1.431398
UmVhY3Rpb246NDA3MDc2,Ta3Zr,Ta9Zr3,111,hollow|A_A_B|FCC,-2.943160
UmVhY3Rpb246NDA3MDc3,Ta3Zr,Ta9Zr3,111,hollow|A_A_B|HCP,-2.557976
UmVhY3Rpb246NDA3MTM1,TaTc,Ta6Tc6,101,bridge|A_A|B,-1.694896
UmVhY3Rpb246NDA3MTM2,TaTc,Ta6Tc6,101,bridge|B_B|A,-1.105206
UmVhY3Rpb246MzUzNjg0,TaTc,Ta6Tc6,101,hollow|A_A_B|HCP,-1.729209
UmVhY3Rpb246MzUzNjg1,TaTc,Ta6Tc6,101,hollow|A_B_B|HCP,-1.147547
UmVhY3Rpb246Mzg0NjE3,TaTi,Ta6Ti6,101,hollow|A_A_B|FCC,-2.680368
UmVhY3Rpb246Mzg0NjE4,TaTi,Ta6Ti6,101,hollow|A_A_B|HCP,-2.500652
UmVhY3Rpb246Mzg0NjE5,TaTi,Ta6Ti6,101,hollow|A_B_B|FCC,-2.799070
UmVhY3Rpb246Mzg0NjIw,TaTi,Ta6Ti6,101,hollow|A_B_B|HCP,-2.562849
UmVhY3Rpb246MzU3ODU4,TaTl,Ta6Tl6,101,bridge|A_A|B,-1.321033
UmVhY3Rpb246NDA3MzE1,TaTl,Ta6Tl6,101,hollow-tilt|A_A_B|HCP,0.292991
UmVhY3Rpb246MzU3ODU5,TaTl,Ta6Tl6,101,hollow-tilt|A_B_B|HCP,0.293788
UmVhY3Rpb246NDI4NTE1,TaV,Ta6V6,101,4fold|A_A_B_B,-2.802869
UmVhY3Rpb246NDA3MDk0,TaV,Ta6V6,101,bridge|B_B|A,-2.042568
UmVhY3Rpb246MzU1MDY5,TaV,Ta6V6,101,hollow|A_A_B|HCP,-2.282494
UmVhY3Rpb246MzU1MDcw,TaV,Ta6V6,101,hollow|A_B_B|HCP,-2.231934
UmVhY3Rpb246MzU2OTUz,TaW,Ta6W6,101,hollow|A_A_B|FCC,-2.429105
UmVhY3Rpb246MzU2OTU0,TaW,Ta6W6,101,hollow|A_A_B|HCP,-2.252859
UmVhY3Rpb246MzU2OTU1,TaW,Ta6W6,101,hollow|A_B_B|FCC,-2.269114
UmVhY3Rpb246MzU2OTU2,TaW,Ta6W6,101,hollow|A_B_B|HCP,-2.195977
UmVhY3Rpb246MzU2MjEw,TaY,Ta6Y6,101,hollow|A_A_B|FCC,-2.748050
UmVhY3Rpb246MzU2MjEx,TaY,Ta6Y6,101,hollow|A_A_B|HCP,-2.918416
UmVhY3Rpb246MzU2MjEy,TaY,Ta6Y6,101,hollow|A_B_B|FCC,-2.316299
UmVhY3Rpb246MzU2MjEz,TaY,Ta6Y6,101,hollow|A_B_B|HCP,-2.256381
UmVhY3Rpb246MzUwMjk1,TaZn,Ta6Zn6,101,bridge|A_A|B,-1.732904
UmVhY3Rpb246MzUwMjk2,TaZn,Ta6Zn6,101,hollow|A_A_B|FCC,-1.887193
UmVhY3Rpb246MzUwMjk3,TaZn,Ta6Zn6,101,hollow|A_B_B|FCC,-0.252243
UmVhY3Rpb246MzUwMjk4,TaZn,Ta6Zn6,101,hollow|A_B_B|HCP,-0.199617
UmVhY3Rpb246MzUyMzM2,TaZr,Ta6Zr6,101,hollow|A_A_B|FCC,-2.741615
UmVhY3Rpb246MzUyMzM3,TaZr,Ta6Zr6,101,hollow|A_A_B|HCP,-2.586514
UmVhY3Rpb246MzUyMzM4,TaZr,Ta6Zr6,101,hollow|A_B_B|FCC,-2.557448
UmVhY3Rpb246MzUyMzM5,TaZr,Ta6Zr6,101,hollow|A_B_B|HCP,-2.337960
UmVhY3Rpb246MzM5NDU4,Tc,Tc12,111,hollow|A_A_A|FCC,-0.869190
UmVhY3Rpb246MzM5NDU5,Tc,Tc12,111,hollow|A_A_A|HCP,-1.336276
UmVhY3Rpb246MzM5NDYx,Tc,Tc12,111,top|A,0.312204
UmVhY3Rpb246MzQ1Mjky,Tc3Ag,Ag3Tc9,111,hollow|A_A_A|FCC,-0.922065
UmVhY3Rpb246MzQ1Mjkz,Tc3Ag,Ag3Tc9,111,hollow|A_A_A|HCP,-1.443866
UmVhY3Rpb246NDExMTM2,Tc3Ag,Ag3Tc9,111,top|A,0.214605
UmVhY3Rpb246NDExMzkz,Tc3Al,Al3Tc9,111,hollow|A_A_A|FCC,-0.953027
UmVhY3Rpb246NDExMzk0,Tc3Al,Al3Tc9,111,hollow|A_A_A|HCP,-1.226467
UmVhY3Rpb246NDExMzk1,Tc3Al,Al3Tc9,111,hollow|A_A_B|HCP,-0.397400
UmVhY3Rpb246MzQwODUz,Tc3Au,Au3Tc9,111,hollow|A_A_A|FCC,-0.840371
UmVhY3Rpb246MzQwODU0,Tc3Au,Au3Tc9,111,hollow|A_A_A|HCP,-1.269663
UmVhY3Rpb246NDExMTE2,Tc3Au,Au3Tc9,111,top|A,0.273250
UmVhY3Rpb246MzQwMDAz,Tc3Bi,Bi3Tc9,111,hollow|A_A_A|FCC,-0.986666
UmVhY3Rpb246NDExMzEy,Tc3Cd,Cd3Tc9,111,hollow|A_A_A|FCC,-0.860119
UmVhY3Rpb246NDExMzE3,Tc3Cd,Cd3Tc9,111,hollow|A_A_A|HCP,-1.364394
UmVhY3Rpb246NDI4NTE2,Tc3Co,Co3Tc9,111,hollow|A_A_B|HCP,-1.154959
UmVhY3Rpb246NDEwNjc1,Tc3Cr,Cr3Tc9,111,hollow|A_A_A|HCP,-1.274881
UmVhY3Rpb246NDEwNjc2,Tc3Cr,Cr3Tc9,111,hollow|A_A_B|HCP,-1.479630
UmVhY3Rpb246NDExMTcz,Tc3Cu,Cu3Tc9,111,hollow|A_A_A|FCC,-1.045684
UmVhY3Rpb246NDExMTc0,Tc3Cu,Cu3Tc9,111,hollow|A_A_A|HCP,-1.237505
UmVhY3Rpb246NDExMTc2,Tc3Cu,Cu3Tc9,111,hollow|A_A_B|HCP,0.164130
UmVhY3Rpb246NDEwOTg2,Tc3Fe,Fe3Tc9,111,hollow|A_A_A|FCC,-0.967626
UmVhY3Rpb246NDEwOTkx,Tc3Fe,Fe3Tc9,111,hollow|A_A_A|HCP,-1.195591
UmVhY3Rpb246NDEwOTk2,Tc3Fe,Fe3Tc9,111,hollow|A_A_B|HCP,-1.124646
UmVhY3Rpb246NDExNDM1,Tc3Ga,Ga3Tc9,111,hollow|A_A_A|FCC,-0.977006
UmVhY3Rpb246NDExNDM2,Tc3Ga,Ga3Tc9,111,hollow|A_A_A|HCP,-1.157298
UmVhY3Rpb246NDEwNjIy,Tc3Hf,Hf3Tc9,111,hollow|A_A_B|FCC,-1.667996
UmVhY3Rpb246NDEwNjIz,Tc3Hf,Hf3Tc9,111,hollow|A_A_B|HCP,-1.486430
UmVhY3Rpb246NDExMzU0,Tc3Hg,Hg3Tc9,111,hollow|A_A_A|FCC,-0.807350
UmVhY3Rpb246NDExMzU5,Tc3Hg,Hg3Tc9,111,hollow|A_A_A|HCP,-1.221373
UmVhY3Rpb246MzQ3MzY4,Tc3In,In3Tc9,111,hollow|A_A_A|FCC,-0.828697
UmVhY3Rpb246MzQ3MzY5,Tc3In,In3Tc9,111,hollow|A_A_A|HCP,-1.200522
UmVhY3Rpb246MzQ4NTU5,Tc3Ir,Ir3Tc9,111,hollow|A_A_A|FCC,-0.928155
UmVhY3Rpb246MzQ4NTYw,Tc3Ir,Ir3Tc9,111,hollow|A_A_A|HCP,-1.232378
UmVhY3Rpb246MzQ4NTYx,Tc3Ir,Ir3Tc9,111,hollow|A_A_B|FCC,-0.401936
UmVhY3Rpb246MzQ4NTYy,Tc3Ir,Ir3Tc9,111,hollow|A_A_B|HCP,-0.984658
UmVhY3Rpb246NDEwODY3,Tc3Ir,Ir3Tc9,111,top|B,1.357096
UmVhY3Rpb246NDExMDM4,Tc3Mn,Mn3Tc9,111,hollow|A_A_A|HCP,-1.280939
UmVhY3Rpb246NDExMDQy,Tc3Mn,Mn3Tc9,111,hollow|A_A_B|HCP,-1.214658
UmVhY3Rpb246MzQ0Njcy,Tc3Mo,Mo3Tc9,111,hollow|A_A_A|FCC,-0.999584
UmVhY3Rpb246MzQ0Njcz,Tc3Mo,Mo3Tc9,111,hollow|A_A_A|HCP,-1.443219
UmVhY3Rpb246MzQ0Njc0,Tc3Mo,Mo3Tc9,111,hollow|A_A_B|FCC,-1.051958
UmVhY3Rpb246MzQ0Njc1,Tc3Mo,Mo3Tc9,111,hollow|A_A_B|HCP,-1.375841
UmVhY3Rpb246MzU0MzA4,Tc3Mo,Mo3Tc9,111,top|A,0.339926
UmVhY3Rpb246MzU0MzA5,Tc3Mo,Mo3Tc9,111,top|B,0.615221
UmVhY3Rpb246MzQwODE4,Tc3Nb,Nb3Tc9,111,hollow|A_A_A|FCC,-1.346822
UmVhY3Rpb246MzQwODE5,Tc3Nb,Nb3Tc9,111,hollow|A_A_A|HCP,-1.774989
UmVhY3Rpb246MzQwODIw,Tc3Nb,Nb3Tc9,111,hollow|A_A_B|FCC,-1.383157
UmVhY3Rpb246MzQwODIx,Tc3Nb,Nb3Tc9,111,hollow|A_A_B|HCP,-1.441113
UmVhY3Rpb246NDEwOTQy,Tc3Ni,Ni3Tc9,111,hollow|A_A_A|HCP,-1.196741
UmVhY3Rpb246NDEwOTQ3,Tc3Ni,Ni3Tc9,111,hollow|A_A_B|HCP,-0.761509
UmVhY3Rpb246NDEwNzU1,Tc3Os,Os3Tc9,111,hollow|A_A_A|HCP,-1.250147
UmVhY3Rpb246NDEwNzU5,Tc3Os,Os3Tc9,111,hollow|A_A_B|HCP,-1.264859
UmVhY3Rpb246NDExNTE2,Tc3Pb,Pb3Tc9,111,hollow|A_A_A|FCC,-0.792533
UmVhY3Rpb246NDExNTE3,Tc3Pb,Pb3Tc9,111,hollow|A_A_A|HCP,-0.980307
UmVhY3Rpb246MzYwNjIw,Tc3Pd,Pd3Tc9,111,bridge|A_A|A,-0.585240
UmVhY3Rpb246MzQ3MTU1,Tc3Pd,Pd3Tc9,111,hollow|A_A_A|FCC,-0.975517
UmVhY3Rpb246MzQ3MTU2,Tc3Pd,Pd3Tc9,111,hollow|A_A_A|HCP,-1.430098
UmVhY3Rpb246NDExMTAx,Tc3Pd,Pd3Tc9,111,hollow|A_A_B|HCP,-0.581169
UmVhY3Rpb246MzYwNjIx,Tc3Pd,Pd3Tc9,111,top|A,0.210341
UmVhY3Rpb246MzYwNjIy,Tc3Pd,Pd3Tc9,111,top|B,3.510624
UmVhY3Rpb246NDExMDcw,Tc3Pt,Pt3Tc9,111,hollow|A_A_A|FCC,-0.930134
UmVhY3Rpb246NDExMDc1,Tc3Pt,Pt3Tc9,111,hollow|A_A_A|HCP,-1.255069
UmVhY3Rpb246NDExMDc5,Tc3Pt,Pt3Tc9,111,hollow|A_A_B|HCP,-0.534025
UmVhY3Rpb246MzU0OTY2,Tc3Pt,Pt3Tc9,111,top|A,0.254694
UmVhY3Rpb246MzU0OTY3,Tc3Pt,Pt3Tc9,111,top|B,2.835379
UmVhY3Rpb246NDEwNzMw,Tc3Re,Re3Tc9,111,hollow|A_A_A|HCP,-1.270395
UmVhY3Rpb246NDEwNzMx,Tc3Re,Re3Tc9,111,hollow|A_A_B|HCP,-1.415481
UmVhY3Rpb246MzkxOTUx,Tc3Re,Re3Tc9,111,top|A,0.403103
UmVhY3Rpb246MzkxOTU4,Tc3Re,Re3Tc9,111,top|B,0.146206
UmVhY3Rpb246NDEwODkz,Tc3Rh,Rh3Tc9,111,hollow|A_A_A|FCC,-1.045140
UmVhY3Rpb246NDEwODk3,Tc3Rh,Rh3Tc9,111,hollow|A_A_A|HCP,-1.359816
UmVhY3Rpb246NDEwOTAy,Tc3Rh,Rh3Tc9,111,hollow|A_A_B|HCP,-0.995327
UmVhY3Rpb246NDEwOTA2,Tc3Rh,Rh3Tc9,111,top|A,0.164567
UmVhY3Rpb246NDEwOTEw,Tc3Rh,Rh3Tc9,111,top|B,1.917518
UmVhY3Rpb246MzQwNzA3,Tc3Ru,Ru3Tc9,111,hollow|A_A_A|FCC,-0.924625
UmVhY3Rpb246MzQwNzA4,Tc3Ru,Ru3Tc9,111,hollow|A_A_A|HCP,-1.330749
UmVhY3Rpb246MzQwNzA5,Tc3Ru,Ru3Tc9,111,hollow|A_A_B|FCC,-0.682297
UmVhY3Rpb246MzQwNzEw,Tc3Ru,Ru3Tc9,111,hollow|A_A_B|HCP,-1.230746
UmVhY3Rpb246NDEwODE1,Tc3Ru,Ru3Tc9,111,top|A,0.232093
UmVhY3Rpb246NDEwODE2,Tc3Ru,Ru3Tc9,111,top|B,0.768286
UmVhY3Rpb246MzY4NjM3,Tc3Sc,Sc3Tc9,111,bridge|A_A|B,-1.419471
UmVhY3Rpb246MzQ3MjI4,Tc3Sc,Sc3Tc9,111,hollow|A_A_A|FCC,-1.128268
UmVhY3Rpb246MzQ3MjI5,Tc3Sc,Sc3Tc9,111,hollow|A_A_A|HCP,-1.647137
UmVhY3Rpb246MzQ3MjMw,Tc3Sc,Sc3Tc9,111,hollow|A_A_B|HCP,-1.254877
UmVhY3Rpb246MzY4NjM4,Tc3Sc,Sc3Tc9,111,top|B,3.998720
UmVhY3Rpb246MzQzMDI0,Tc3Sn,Sn3Tc9,111,hollow|A_A_A|FCC,-0.871177
UmVhY3Rpb246MzQzMDI1,Tc3Sn,Sn3Tc9,111,hollow|A_A_A|HCP,-1.102917
UmVhY3Rpb246MzQ5ODY0,Tc3Sn,Sn3Tc9,111,top|B,4.908815
UmVhY3Rpb246MzQ4MDA0,Tc3Ta,Ta3Tc9,111,hollow|A_A_A|FCC,-1.396130
UmVhY3Rpb246MzQ4MDA1,Tc3Ta,Ta3Tc9,111,hollow|A_A_A|HCP,-1.777557
UmVhY3Rpb246MzQ4MDA2,Tc3Ta,Ta3Tc9,111,hollow|A_A_B|FCC,-1.442988
UmVhY3Rpb246MzQ4MDA3,Tc3Ta,Ta3Tc9,111,hollow|A_A_B|HCP,-1.505354
UmVhY3Rpb246MzQ4MzE0,Tc3Ti,Tc9Ti3,111,hollow|A_A_A|FCC,-1.364225
UmVhY3Rpb246MzQ4MzE1,Tc3Ti,Tc9Ti3,111,hollow|A_A_A|HCP,-1.690991
UmVhY3Rpb246MzQ4MzE2,Tc3Ti,Tc9Ti3,111,hollow|A_A_B|FCC,-1.414187
UmVhY3Rpb246MzQ4MzE3,Tc3Ti,Tc9Ti3,111,hollow|A_A_B|HCP,-1.471107
UmVhY3Rpb246NDExNDc3,Tc3Tl,Tc9Tl3,111,hollow|A_A_A|FCC,-0.704856
UmVhY3Rpb246NDExNDc4,Tc3Tl,Tc9Tl3,111,hollow|A_A_A|HCP,-1.073738
UmVhY3Rpb246NDEwNjM0,Tc3V,Tc9V3,111,hollow|A_A_A|HCP,-1.522041
UmVhY3Rpb246NDEwNjM1,Tc3V,Tc9V3,111,hollow|A_A_B|HCP,-1.487561
UmVhY3Rpb246NDEwNjg4,Tc3W,Tc9W3,111,hollow|A_A_A|HCP,-1.424173
UmVhY3Rpb246NDEwNjg5,Tc3W,Tc9W3,111,hollow|A_A_B|HCP,-1.426534
UmVhY3Rpb246NDEwNjkw,Tc3W,Tc9W3,111,top-tilt|A,0.469330
UmVhY3Rpb246NDEwNTUz,Tc3Y,Tc9Y3,111,bridge|A_A|A,-1.114973
UmVhY3Rpb246NDExMjY2,Tc3Zn,Tc9Zn3,111,bridge|A_A|A,-0.305740
UmVhY3Rpb246NDExMjY3,Tc3Zn,Tc9Zn3,111,hollow|A_A_A|FCC,-1.050443
UmVhY3Rpb246NDExMjcw,Tc3Zn,Tc9Zn3,111,hollow|A_A_A|HCP,-1.272370
UmVhY3Rpb246MzQ4NTM1,Tc3Zr,Tc9Zr3,111,hollow|A_A_B|FCC,-1.653690
UmVhY3Rpb246NDEwNTk2,Tc3Zr,Tc9Zr3,111,hollow|A_A_B|HCP,-1.417021
UmVhY3Rpb246MzU3NDAx,TcTi,Tc6Ti6,101,bridge|B_B|A,-1.394783
UmVhY3Rpb246MzU3NDAy,TcTi,Tc6Ti6,101,hollow|A_A_B|HCP,-1.699398
UmVhY3Rpb246MzU5MzQx,TcTl,Tc6Tl6,101,bridge|A_A|B,-0.942035
UmVhY3Rpb246MzU5MzQy,TcTl,Tc6Tl6,101,top|A,-0.441477
UmVhY3Rpb246MzU5MzQz,TcTl,Tc6Tl6,101,top|B,5.161681
UmVhY3Rpb246MzUxNzQ2,TcV,Tc6V6,101,bridge|B_B|A,-1.686760
UmVhY3Rpb246MzUxNzQ3,TcV,Tc6V6,101,hollow|A_A_B|HCP,-1.354414
UmVhY3Rpb246MzUxNzQ4,TcV,Tc6V6,101,top|A,0.398381
UmVhY3Rpb246MzUxNzQ5,TcV,Tc6V6,101,top|B,0.798604
UmVhY3Rpb246NDA5OTQz,TcW,Tc6W6,101,4fold|A_A_B_B,-1.125198
UmVhY3Rpb246NDA5OTQ0,TcW,Tc6W6,101,bridge|B_B|A,-1.906070
UmVhY3Rpb246MzUyNTQz,TcW,Tc6W6,101,hollow|A_A_B|HCP,-0.861257
UmVhY3Rpb246MzUyNTQ0,TcW,Tc6W6,101,hollow|A_B_B|HCP,-2.017821
UmVhY3Rpb246MzUyNTQ1,TcW,Tc6W6,101,top|A,0.464741
UmVhY3Rpb246MzUyNTQ2,TcW,Tc6W6,101,top|B,0.054413
UmVhY3Rpb246MzU4ODQ2,TcY,Tc6Y6,101,bridge|A_A|B,-2.255034
UmVhY3Rpb246MzU4ODQ3,TcY,Tc6Y6,101,hollow-tilt|A_B_B|FCC,-1.415217
UmVhY3Rpb246NDExMzA0,TcZn,Tc6Zn6,101,bridge|A_A|B,-0.328094
UmVhY3Rpb246NDExMzA1,TcZn,Tc6Zn6,101,hollow|A_A_B|FCC,-0.320569
UmVhY3Rpb246MzU5NDYy,TcZn,Tc6Zn6,101,hollow|A_A_B|HCP,-0.197273
UmVhY3Rpb246MzU5NDYz,TcZn,Tc6Zn6,101,hollow|A_B_B|FCC,0.592457
UmVhY3Rpb246MzU5NDY0,TcZn,Tc6Zn6,101,top|A,0.096780
UmVhY3Rpb246MzU4MDQ4,TcZr,Tc6Zr6,101,bridge|A_A|B,-1.821537
UmVhY3Rpb246NDA2MzA0,TcZr,Tc6Zr6,101,bridge|B_B|A,-0.858714
UmVhY3Rpb246NDA2MzEy,TcZr,Tc6Zr6,101,hollow|A_A_B|FCC,-1.308680
UmVhY3Rpb246NDA2MzA1,TcZr,Tc6Zr6,101,hollow|A_B_B|FCC,-1.308893
UmVhY3Rpb246MzU4MDQ5,TcZr,Tc6Zr6,101,top|A,-0.203836
UmVhY3Rpb246MzU4MDUw,TcZr,Tc6Zr6,101,top|B,2.360709
UmVhY3Rpb246MzM5NjI3,Ti,Ti12,111,hollow|A_A_A|FCC,-2.688395
UmVhY3Rpb246MzM5NjI4,Ti,Ti12,111,hollow|A_A_A|HCP,-2.603791
UmVhY3Rpb246MzM5NjI5,Ti,Ti12,111,top|A,0.348368
UmVhY3Rpb246NDA2OTcx,Ti3Ag,Ag3Ti9,111,hollow|A_A_A|FCC,-2.978903
UmVhY3Rpb246NDA2OTcy,Ti3Ag,Ag3Ti9,111,hollow|A_A_A|HCP,-2.765611
UmVhY3Rpb246MzQ3MzM5,Ti3Al,Al3Ti9,111,hollow|A_A_A|FCC,-2.656363
UmVhY3Rpb246NDA3MDIx,Ti3Al,Al3Ti9,111,hollow|A_A_A|HCP,-2.507954
UmVhY3Rpb246NDA3MDIy,Ti3Al,Al3Ti9,111,hollow|A_A_B|FCC,-1.931965
UmVhY3Rpb246MzQ2MTA0,Ti3Au,Au3Ti9,111,hollow|A_A_A|FCC,-2.939374
UmVhY3Rpb246MzQ2MTA1,Ti3Au,Au3Ti9,111,hollow|A_A_A|HCP,-2.678033
UmVhY3Rpb246NDA3MDAy,Ti3Cd,Cd3Ti9,111,hollow|A_A_A|FCC,-3.017911
UmVhY3Rpb246NDA3MDAz,Ti3Cd,Cd3Ti9,111,hollow|A_A_A|HCP,-2.820383
UmVhY3Rpb246NDI4NTE3,Ti3Co,Co3Ti9,111,hollow|A_A_A|FCC,-2.735463
UmVhY3Rpb246NDI4NTE4,Ti3Co,Co3Ti9,111,hollow|A_A_A|HCP,-2.602727
UmVhY3Rpb246NDA2ODQ1,Ti3Cr,Cr3Ti9,111,hollow|A_A_A|FCC,-2.695223
UmVhY3Rpb246MzQzMDEx,Ti3Cr,Cr3Ti9,111,hollow|A_A_A|HCP,-2.605022
UmVhY3Rpb246MzQzMDEy,Ti3Cr,Cr3Ti9,111,hollow|A_A_B|FCC,-2.580811
UmVhY3Rpb246MzQzMDEz,Ti3Cr,Cr3Ti9,111,hollow|A_A_B|HCP,-2.554596
UmVhY3Rpb246NDA2OTg2,Ti3Cu,Cu3Ti9,111,hollow|A_A_A|FCC,-2.732583
UmVhY3Rpb246NDA2OTg3,Ti3Cu,Cu3Ti9,111,hollow|A_A_A|HCP,-2.525226
UmVhY3Rpb246MzQ2Nzg0,Ti3Cu,Cu3Ti9,111,hollow|A_A_B|FCC,-1.720715
UmVhY3Rpb246NDI3Njk3,Ti3Cu,Cu3Ti9,111,hollow|A_A_B|HCP,-1.654299
UmVhY3Rpb246MzQ2MzQw,Ti3Ga,Ga3Ti9,111,hollow|A_A_A|FCC,-2.693595
UmVhY3Rpb246MzQ2MzQx,Ti3Ga,Ga3Ti9,111,hollow|A_A_A|HCP,-2.488245
UmVhY3Rpb246MzQ2MzQy,Ti3Ga,Ga3Ti9,111,hollow|A_A_B|FCC,-1.461320
UmVhY3Rpb246MzQ2MzQz,Ti3Ga,Ga3Ti9,111,hollow|A_A_B|HCP,-1.440475
UmVhY3Rpb246NDA2ODIw,Ti3Hf,Hf3Ti9,111,hollow|A_A_B|FCC,-2.723253
UmVhY3Rpb246NDA2ODIx,Ti3Hf,Hf3Ti9,111,hollow|A_A_B|HCP,-2.645667
UmVhY3Rpb246NDA3MDEw,Ti3Hg,Hg3Ti9,111,hollow|A_A_A|FCC,-3.038753
UmVhY3Rpb246MzQyMDM2,Ti3Hg,Hg3Ti9,111,hollow|A_A_A|HCP,-2.773142
UmVhY3Rpb246MzQ5MjQz,Ti3Hg,Hg3Ti9,111,top|B,4.099420
UmVhY3Rpb246NDA3MDMx,Ti3In,In3Ti9,111,bridge|A_A|B,-1.804781
UmVhY3Rpb246MzQ1Mzgz,Ti3In,In3Ti9,111,hollow|A_A_A|FCC,-2.899224
UmVhY3Rpb246MzQ1Mzg0,Ti3In,In3Ti9,111,hollow|A_A_A|HCP,-2.751768
UmVhY3Rpb246MzQ0OTQ4,Ti3Ir,Ir3Ti9,111,hollow|A_A_A|FCC,-2.798568
UmVhY3Rpb246MzQ0OTQ5,Ti3Ir,Ir3Ti9,111,hollow|A_A_A|HCP,-2.668938
UmVhY3Rpb246MzQ0OTUw,Ti3Ir,Ir3Ti9,111,hollow|A_A_B|FCC,-1.801111
UmVhY3Rpb246MzQ0OTUx,Ti3Ir,Ir3Ti9,111,hollow|A_A_B|HCP,-1.811921
UmVhY3Rpb246NDA2ODA1,Ti3La,La3Ti9,111,bridge|A_A|B,-2.075915
UmVhY3Rpb246MzQ2MDM0,Ti3La,La3Ti9,111,hollow|A_A_A|FCC,-2.966437
UmVhY3Rpb246MzQ2MDM1,Ti3La,La3Ti9,111,hollow|A_A_A|HCP,-2.843646
UmVhY3Rpb246MzQ2MDM2,Ti3La,La3Ti9,111,hollow|A_A_B|FCC,-2.078946
UmVhY3Rpb246NDA2OTQw,Ti3Mn,Mn3Ti9,111,hollow|A_A_A|FCC,-2.565089
UmVhY3Rpb246NDA2OTQx,Ti3Mn,Mn3Ti9,111,hollow|A_A_A|HCP,-2.504705
UmVhY3Rpb246NDA2ODU0,Ti3Mo,Mo3Ti9,111,hollow|A_A_A|FCC,-2.847062
UmVhY3Rpb246MzQ0ODA1,Ti3Mo,Mo3Ti9,111,hollow|A_A_A|HCP,-2.753992
UmVhY3Rpb246MzQ0ODA2,Ti3Mo,Mo3Ti9,111,hollow|A_A_B|FCC,-2.443221
UmVhY3Rpb246MzQ0ODA3,Ti3Mo,Mo3Ti9,111,hollow|A_A_B|HCP,-2.376421
UmVhY3Rpb246MzQzMjA3,Ti3Nb,Nb3Ti9,111,hollow|A_A_A|FCC,-2.808236
UmVhY3Rpb246MzQzMjA4,Ti3Nb,Nb3Ti9,111,hollow|A_A_A|HCP,-2.638101
UmVhY3Rpb246MzQzMjA5,Ti3Nb,Nb3Ti9,111,hollow|A_A_B|FCC,-2.649547
UmVhY3Rpb246MzQzMjEw,Ti3Nb,Nb3Ti9,111,hollow|A_A_B|HCP,-2.505885
UmVhY3Rpb246NDA2OTIz,Ti3Ni,Ni3Ti9,111,hollow|A_A_A|FCC,-2.677238
UmVhY3Rpb246NDA2OTI0,Ti3Ni,Ni3Ti9,111,hollow|A_A_A|HCP,-2.509849
UmVhY3Rpb246NDA2ODg4,Ti3Os,Os3Ti9,111,hollow|A_A_A|FCC,-2.821578
UmVhY3Rpb246NDA2ODg5,Ti3Os,Os3Ti9,111,hollow|A_A_A|HCP,-2.773477
UmVhY3Rpb246NDA3MDQ2,Ti3Pb,Pb3Ti9,111,hollow|A_A_A|FCC,-2.852814
UmVhY3Rpb246NDA3MDQ3,Ti3Pb,Pb3Ti9,111,hollow|A_A_A|HCP,-2.639165
UmVhY3Rpb246NDA2OTUz,Ti3Pd,Pd3Ti9,111,hollow|A_A_A|FCC,-2.859897
UmVhY3Rpb246NDA2OTU0,Ti3Pd,Pd3Ti9,111,hollow|A_A_A|HCP,-2.675971
UmVhY3Rpb246MzQwMjg4,Ti3Pt,Pt3Ti9,111,hollow|A_A_A|FCC,-2.807972
UmVhY3Rpb246MzQwMjg5,Ti3Pt,Pt3Ti9,111,hollow|A_A_A|HCP,-2.604848
UmVhY3Rpb246NDA2OTQ3,Ti3Pt,Pt3Ti9,111,hollow|A_A_B|FCC,-1.691978
UmVhY3Rpb246NDA2ODc4,Ti3Re,Re3Ti9,111,hollow|A_A_A|FCC,-2.795649
UmVhY3Rpb246NDA2ODc5,Ti3Re,Re3Ti9,111,hollow|A_A_A|HCP,-2.754470
UmVhY3Rpb246NDA2OTE1,Ti3Rh,Rh3Ti9,111,hollow|A_A_A|HCP,-2.725859
UmVhY3Rpb246NDA2OTA4,Ti3Ru,Ru3Ti9,111,hollow|A_A_A|HCP,-2.865092
UmVhY3Rpb246MzQzMTUz,Ti3Sc,Sc3Ti9,111,hollow|A_A_A|FCC,-2.865887
UmVhY3Rpb246NDI3Njk4,Ti3Sc,Sc3Ti9,111,hollow|A_A_A|HCP,-3.046403
UmVhY3Rpb246MzQzMTU0,Ti3Sc,Sc3Ti9,111,hollow|A_A_B|FCC,-2.541899
UmVhY3Rpb246NDA2ODEx,Ti3Sc,Sc3Ti9,111,hollow|A_A_B|HCP,-2.567630
UmVhY3Rpb246MzQxNTA5,Ti3Sn,Sn3Ti9,111,hollow|A_A_A|FCC,-2.742215
UmVhY3Rpb246MzQxNTEw,Ti3Sn,Sn3Ti9,111,hollow|A_A_A|HCP,-2.534593
UmVhY3Rpb246MzQxMjYw,Ti3Ta,Ta3Ti9,111,hollow|A_A_A|FCC,-2.753051
UmVhY3Rpb246MzQxMjYx,Ti3Ta,Ta3Ti9,111,hollow|A_A_A|HCP,-2.545637
UmVhY3Rpb246MzQxMjYy,Ti3Ta,Ta3Ti9,111,hollow|A_A_B|FCC,-2.813694
UmVhY3Rpb246MzQxMjYz,Ti3Ta,Ta3Ti9,111,hollow|A_A_B|HCP,-2.641199
UmVhY3Rpb246MzQxODQ5,Ti3Tc,Tc3Ti9,111,hollow|A_A_A|FCC,-2.909677
UmVhY3Rpb246MzQxODUw,Ti3Tc,Tc3Ti9,111,hollow|A_A_A|HCP,-2.881690
UmVhY3Rpb246MzQxODUx,Ti3Tc,Tc3Ti9,111,hollow|A_A_B|FCC,-2.160272
UmVhY3Rpb246MzQxODUy,Ti3Tc,Tc3Ti9,111,hollow|A_A_B|HCP,-2.199603
UmVhY3Rpb246NDA3MDM5,Ti3Tl,Ti9Tl3,111,bridge|A_A|B,-1.580956
UmVhY3Rpb246MzQzNzc5,Ti3Tl,Ti9Tl3,111,hollow|A_A_A|FCC,-2.972672
UmVhY3Rpb246MzQzNzgw,Ti3Tl,Ti9Tl3,111,hollow|A_A_A|HCP,-2.782804
UmVhY3Rpb246MzQxMzAx,Ti3V,Ti9V3,111,hollow|A_A_A|FCC,-2.675107
UmVhY3Rpb246MzQxMzAy,Ti3V,Ti9V3,111,hollow|A_A_A|HCP,-2.533516
UmVhY3Rpb246MzQxMzAz,Ti3V,Ti9V3,111,hollow|A_A_B|FCC,-2.726846
UmVhY3Rpb246MzQxMzA0,Ti3V,Ti9V3,111,hollow|A_A_B|HCP,-2.632887
UmVhY3Rpb246NDA2ODY1,Ti3W,Ti9W3,111,hollow|A_A_A|FCC,-2.750913
UmVhY3Rpb246NDA2ODY2,Ti3W,Ti9W3,111,hollow|A_A_A|HCP,-2.615289
UmVhY3Rpb246NDA2ODY3,Ti3W,Ti9W3,111,hollow|A_A_B|FCC,-2.624322
UmVhY3Rpb246MzQ3MDY0,Ti3Y,Ti9Y3,111,hollow|A_A_A|FCC,-2.902392
UmVhY3Rpb246NDA2Nzk5,Ti3Y,Ti9Y3,111,hollow|A_A_B|FCC,-2.308042
UmVhY3Rpb246NDA2ODAw,Ti3Y,Ti9Y3,111,hollow|A_A_B|HCP,-2.426263
UmVhY3Rpb246Mzc3MjY4,Ti3Y,Ti9Y3,111,top|B,2.821478
UmVhY3Rpb246MzQ2OTA2,Ti3Zn,Ti9Zn3,111,hollow|A_A_A|FCC,-2.786643
UmVhY3Rpb246MzQ2OTA3,Ti3Zn,Ti9Zn3,111,hollow|A_A_A|HCP,-2.541909
UmVhY3Rpb246MzQ2OTA4,Ti3Zn,Ti9Zn3,111,hollow|A_A_B|FCC,-1.674344
UmVhY3Rpb246MzQ2OTA5,Ti3Zn,Ti9Zn3,111,hollow|A_A_B|HCP,-1.649633
UmVhY3Rpb246MzQzMTg4,Ti3Zr,Ti9Zr3,111,hollow|A_A_A|FCC,-2.841424
UmVhY3Rpb246MzQzMTg5,Ti3Zr,Ti9Zr3,111,hollow|A_A_A|HCP,-2.837024
UmVhY3Rpb246MzQzMTkw,Ti3Zr,Ti9Zr3,111,hollow|A_A_B|FCC,-2.592557
UmVhY3Rpb246MzQzMTkx,Ti3Zr,Ti9Zr3,111,hollow|A_A_B|HCP,-2.518300
UmVhY3Rpb246MzUwNzk0,TiTl,Ti6Tl6,101,bridge|A_A|B,-1.536332
UmVhY3Rpb246MzUwNzk4,TiTl,Ti6Tl6,101,hollow-tilt|A_B_B|FCC,0.663137
UmVhY3Rpb246MzUwODAw,TiTl,Ti6Tl6,101,hollow-tilt|A_B_B|HCP,0.595309
UmVhY3Rpb246MzU0MDI2,TiV,Ti6V6,101,hollow|A_A_B|FCC,-2.495940
UmVhY3Rpb246MzU0MDI3,TiV,Ti6V6,101,hollow|A_A_B|HCP,-2.365038
UmVhY3Rpb246MzU0MDI4,TiV,Ti6V6,101,hollow|A_B_B|FCC,-2.493994
UmVhY3Rpb246MzU0MDMw,TiV,Ti6V6,101,hollow|A_B_B|HCP,-2.422388
UmVhY3Rpb246MzU1OTc1,TiW,Ti6W6,101,hollow|A_A_B|FCC,-2.408749
UmVhY3Rpb246MzU1OTc2,TiW,Ti6W6,101,hollow|A_A_B|HCP,-2.277763
UmVhY3Rpb246MzU1OTc3,TiW,Ti6W6,101,hollow|A_B_B|FCC,-2.210503
UmVhY3Rpb246MzU1OTc4,TiW,Ti6W6,101,hollow|A_B_B|HCP,-2.138902
UmVhY3Rpb246MzUwOTg2,TiY,Ti6Y6,101,hollow|A_A_B|FCC,-2.811727
UmVhY3Rpb246MzUwOTg3,TiY,Ti6Y6,101,hollow|A_A_B|HCP,-3.103987
UmVhY3Rpb246MzUwOTg4,TiY,Ti6Y6,101,hollow|A_B_B|FCC,-2.282793
UmVhY3Rpb246MzUwOTg5,TiY,Ti6Y6,101,hollow|A_B_B|HCP,-2.429022
UmVhY3Rpb246MzU4NTYy,TiZn,Ti6Zn6,101,hollow|A_A_B|FCC,-1.823425
UmVhY3Rpb246MzU4NTYz,TiZn,Ti6Zn6,101,hollow|A_A_B|HCP,-1.835396
UmVhY3Rpb246MzU4NTY0,TiZn,Ti6Zn6,101,hollow|A_B_B|FCC,-0.385707
UmVhY3Rpb246MzU4MDc2,TiZr,Ti6Zr6,101,hollow|A_A_B|FCC,-2.734211
UmVhY3Rpb246MzU4MDc3,TiZr,Ti6Zr6,101,hollow|A_A_B|HCP,-2.716345
UmVhY3Rpb246MzU4MDc4,TiZr,Ti6Zr6,101,hollow|A_B_B|FCC,-2.566040
UmVhY3Rpb246NDA2MjAz,TiZr,Ti6Zr6,101,hollow|A_B_B|HCP,-2.460761
UmVhY3Rpb246NDI3NzAx,Tl,Tl12,111,hollow|A_A_A|FCC,2.925139
UmVhY3Rpb246NDI3NzAy,Tl,Tl12,111,hollow|A_A_A|HCP,2.917558
UmVhY3Rpb246NDI3NzAz,Tl,Tl12,111,top|A,3.787358
UmVhY3Rpb246MzQ3MTQx,Tl3Ag,Ag3Tl9,111,hollow|A_A_A|FCC,2.859094
UmVhY3Rpb246MzQ3MTQy,Tl3Ag,Ag3Tl9,111,hollow|A_A_A|HCP,2.794769
UmVhY3Rpb246NDA0MjYz,Tl3Al,Al3Tl9,111,hollow-tilt|A_A_B|FCC,1.096277
UmVhY3Rpb246MzQwNjgw,Tl3Al,Al3Tl9,111,hollow|A_A_A|FCC,3.008633
UmVhY3Rpb246MzQwNjgx,Tl3Al,Al3Tl9,111,hollow|A_A_A|HCP,3.014596
UmVhY3Rpb246NDA0MjYy,Tl3Al,Al3Tl9,111,hollow|A_A_B|HCP,0.970954
UmVhY3Rpb246MzQ1NzU5,Tl3Au,Au3Tl9,111,hollow|A_A_A|FCC,2.884492
UmVhY3Rpb246MzQ1NzYw,Tl3Au,Au3Tl9,111,hollow|A_A_A|HCP,2.777737
UmVhY3Rpb246MzYwNDAz,Tl3Cr,Cr3Tl9,111,top|B,-0.803162
UmVhY3Rpb246MzQ0NzQ0,Tl3Cu,Cu3Tl9,111,hollow|A_A_A|FCC,2.931559
UmVhY3Rpb246MzQ0NzQ1,Tl3Cu,Cu3Tl9,111,hollow|A_A_A|HCP,2.858686
UmVhY3Rpb246NDA0MjI2,Tl3Fe,Fe3Tl9,111,hollow-tilt|A_A_B|FCC,0.850820
UmVhY3Rpb246MzQxMjA5,Tl3Ga,Ga3Tl9,111,hollow|A_A_A|FCC,2.845458
UmVhY3Rpb246MzQxMjEw,Tl3Ga,Ga3Tl9,111,hollow|A_A_A|HCP,2.789195
UmVhY3Rpb246NDA0MjY2,Tl3Ga,Ga3Tl9,111,hollow|A_A_B|HCP,1.766025
UmVhY3Rpb246MzQ4NjQ3,Tl3Hf,Hf3Tl9,111,hollow|A_A_A|HCP,3.613734
UmVhY3Rpb246NDA0MTc5,Tl3Hf,Hf3Tl9,111,hollow|A_A_B|FCC,-0.149428
UmVhY3Rpb246MzQxOTUy,Tl3Hg,Hg3Tl9,111,hollow|A_A_A|FCC,2.514314
UmVhY3Rpb246MzQxOTUz,Tl3Hg,Hg3Tl9,111,hollow|A_A_A|HCP,2.353045
UmVhY3Rpb246NDA0Mjc0,Tl3In,In3Tl9,111,hollow|A_A_B|FCC,2.326275
UmVhY3Rpb246NDA0Mjc1,Tl3In,In3Tl9,111,hollow|A_A_B|HCP,2.200315
UmVhY3Rpb246MzQ0NTU1,Tl3Ir,Ir3Tl9,111,hollow|A_A_A|FCC,3.507258
UmVhY3Rpb246MzQ0NTU2,Tl3Ir,Ir3Tl9,111,hollow|A_A_A|HCP,3.569105
UmVhY3Rpb246MzQ4MjI2,Tl3La,La3Tl9,111,hollow|A_A_A|FCC,2.453452
UmVhY3Rpb246NDA0MjMx,Tl3Mn,Mn3Tl9,111,hollow-tilt|A_A_B|FCC,0.974413
UmVhY3Rpb246NDA0MjA3,Tl3Mo,Mo3Tl9,111,top|B,-1.036250
UmVhY3Rpb246MzQ2NDkz,Tl3Nb,Nb3Tl9,111,hollow|A_A_A|FCC,3.466511
UmVhY3Rpb246MzQ2NDk0,Tl3Nb,Nb3Tl9,111,hollow|A_A_A|HCP,3.508109
UmVhY3Rpb246NDA0MTk3,Tl3Nb,Nb3Tl9,111,top|B,-0.450051
UmVhY3Rpb246MzQ0OTk0,Tl3Pb,Pb3Tl9,111,hollow|A_A_A|FCC,3.028242
UmVhY3Rpb246NDA0Mjgw,Tl3Pb,Pb3Tl9,111,hollow|A_A_B|FCC,2.313307
UmVhY3Rpb246MzQwNDA5,Tl3Pd,Pd3Tl9,111,hollow|A_A_A|FCC,3.288323
UmVhY3Rpb246MzQwNDEw,Tl3Pd,Pd3Tl9,111,hollow|A_A_A|HCP,3.161839
UmVhY3Rpb246MzQwNjQz,Tl3Pt,Pt3Tl9,111,hollow|A_A_A|FCC,3.456832
UmVhY3Rpb246MzQwNjQ0,Tl3Pt,Pt3Tl9,111,hollow|A_A_A|HCP,3.429980
UmVhY3Rpb246MzQwNjQ1,Tl3Pt,Pt3Tl9,111,hollow|A_A_B|FCC,2.057925
UmVhY3Rpb246MzQwNjQ2,Tl3Pt,Pt3Tl9,111,hollow|A_A_B|HCP,2.065096
UmVhY3Rpb246NDA0MjE0,Tl3Re,Re3Tl9,111,top|B,-1.433618
UmVhY3Rpb246NDI3Njk5,Tl3Sn,Sn3Tl9,111,hollow|A_A_B|FCC,1.939744
UmVhY3Rpb246NDA0MTky,Tl3Ta,Ta3Tl9,111,hollow-tilt|A_A_B|HCP,-0.535522
UmVhY3Rpb246NDA0MTkz,Tl3Ta,Ta3Tl9,111,top|B,-0.514768
UmVhY3Rpb246NDA0MTg2,Tl3Ti,Ti3Tl9,111,hollow-tilt|A_A_B|FCC,-0.191670
UmVhY3Rpb246NDA0MjAx,Tl3V,Tl9V3,111,top|B,-0.622920
UmVhY3Rpb246Mzc3MjIw,Tl3W,Tl9W3,111,top|B,-1.375894
UmVhY3Rpb246NDA0MTc0,Tl3Zr,Tl9Zr3,111,hollow|A_A_B|FCC,0.055668
UmVhY3Rpb246MzU1NjQ2,TlW,Tl6W6,101,top|B,-0.113244
UmVhY3Rpb246MzUxMTI4,TlY,Tl6Y6,101,hollow|A_A_B|FCC,0.940428
UmVhY3Rpb246MzU5NzEw,TlZr,Tl6Zr6,101,bridge|B_B|A,-1.503026
UmVhY3Rpb246NDI3NzA1,TlZr,Tl6Zr6,101,hollow-tilt|A_A_B|HCP,0.733418
UmVhY3Rpb246NDA2NTQy,TlZr,Tl6Zr6,101,hollow-tilt|A_B_B|FCC,-1.503399
UmVhY3Rpb246MzU5NzEx,TlZr,Tl6Zr6,101,hollow|A_A_B|FCC,0.782531
UmVhY3Rpb246MzM5NDE5,V,V12,111,hollow|A_A_A|FCC,-2.790173
UmVhY3Rpb246MzM5NDIw,V,V12,111,hollow|A_A_A|HCP,-2.679899
UmVhY3Rpb246MzM5NDIy,V,V12,111,top|A,0.251727
UmVhY3Rpb246MzYwNTMw,V3Ag,Ag3V9,111,bridge|A_A|B,-1.771059
UmVhY3Rpb246MzQ2MTYw,V3Ag,Ag3V9,111,hollow|A_A_A|FCC,-2.718322
UmVhY3Rpb246MzQ2MTYx,V3Ag,Ag3V9,111,hollow|A_A_A|HCP,-2.462834
UmVhY3Rpb246MzQ1MzU4,V3Al,Al3V9,111,hollow|A_A_A|FCC,-2.249983
UmVhY3Rpb246NDA4NjIz,V3Al,Al3V9,111,hollow|A_A_A|HCP,-2.073128
UmVhY3Rpb246MzQ1MzU5,V3Al,Al3V9,111,hollow|A_A_B|FCC,-1.729859
UmVhY3Rpb246MzQ5NTgw,V3Au,Au3V9,111,bridge|A_A|B,-1.635697
UmVhY3Rpb246MzQyNTQy,V3Au,Au3V9,111,hollow|A_A_A|FCC,-2.638554
UmVhY3Rpb246MzQyNTQz,V3Au,Au3V9,111,hollow|A_A_A|HCP,-2.311415
UmVhY3Rpb246MzQxNzYy,V3Cd,Cd3V9,111,hollow|A_A_A|FCC,-2.597677
UmVhY3Rpb246MzQxNzYz,V3Cd,Cd3V9,111,hollow|A_A_A|HCP,-2.498438
UmVhY3Rpb246NDI4NTE5,V3Co,Co3V9,111,hollow|A_A_A|HCP,-2.198427
UmVhY3Rpb246MzQ2Njk5,V3Cr,Cr3V9,111,hollow|A_A_A|FCC,-2.828383
UmVhY3Rpb246MzQ2NzAw,V3Cr,Cr3V9,111,hollow|A_A_A|HCP,-2.724709
UmVhY3Rpb246MzQ2NzAx,V3Cr,Cr3V9,111,hollow|A_A_B|HCP,-2.712883
UmVhY3Rpb246MzQ1MzQw,V3Cu,Cu3V9,111,hollow|A_A_A|FCC,-2.535203
UmVhY3Rpb246MzQ1MzQx,V3Cu,Cu3V9,111,hollow|A_A_A|HCP,-2.184172
UmVhY3Rpb246MzQ1MzQy,V3Cu,Cu3V9,111,hollow|A_A_B|FCC,-1.685228
UmVhY3Rpb246NDA4NDg4,V3Cu,Cu3V9,111,hollow|A_A_B|HCP,-1.833602
UmVhY3Rpb246NDA4MzE2,V3Fe,Fe3V9,111,hollow|A_A_A|HCP,-2.372810
UmVhY3Rpb246MzQyMzIy,V3Ga,Ga3V9,111,hollow|A_A_A|FCC,-2.231352
UmVhY3Rpb246MzQyMzIz,V3Ga,Ga3V9,111,hollow|A_A_A|HCP,-2.005456
UmVhY3Rpb246MzQyMzI0,V3Ga,Ga3V9,111,hollow|A_A_B|FCC,-1.240553
UmVhY3Rpb246MzQ4MDM5,V3Hf,Hf3V9,111,hollow|A_A_A|FCC,-2.528469
UmVhY3Rpb246MzQ4MDQw,V3Hf,Hf3V9,111,hollow|A_A_A|HCP,-2.587717
UmVhY3Rpb246NDA4MDA3,V3Hf,Hf3V9,111,hollow|A_A_B|HCP,-2.392459
UmVhY3Rpb246MzYwNTA2,V3Hf,Hf3V9,111,top|B,1.847295
UmVhY3Rpb246MzQ3MDEw,V3Hg,Hg3V9,111,hollow|A_A_A|FCC,-2.544992
UmVhY3Rpb246MzQ3MDEx,V3Hg,Hg3V9,111,hollow|A_A_A|HCP,-2.326248
UmVhY3Rpb246MzQzODkz,V3In,In3V9,111,hollow|A_A_A|FCC,-2.301288
UmVhY3Rpb246NDA4NjMx,V3In,In3V9,111,hollow|A_A_A|HCP,-2.217990
UmVhY3Rpb246MzUwNzgy,V3In,In3V9,111,top|B,4.530998
UmVhY3Rpb246NDA4MjA1,V3Ir,Ir3V9,111,hollow|A_A_A|FCC,-2.390912
UmVhY3Rpb246NDA4MjA2,V3Ir,Ir3V9,111,hollow|A_A_A|HCP,-2.196655
UmVhY3Rpb246NDA4MjA3,V3Ir,Ir3V9,111,hollow|A_A_B|HCP,-1.753442
UmVhY3Rpb246NDA3OTgy,V3La,La3V9,111,bridge|A_A|B,-2.000282
UmVhY3Rpb246NDA4MDM4,V3Mo,Mo3V9,111,hollow|A_A_A|HCP,-2.854445
UmVhY3Rpb246MzQ1OTQ1,V3Nb,Nb3V9,111,hollow|A_A_A|FCC,-2.758127
UmVhY3Rpb246MzQ1OTQ2,V3Nb,Nb3V9,111,hollow|A_A_A|HCP,-2.665602
UmVhY3Rpb246NDA4MDIw,V3Nb,Nb3V9,111,hollow|A_A_B|HCP,-2.549798
UmVhY3Rpb246NDA4MjY3,V3Ni,Ni3V9,111,hollow|A_A_A|FCC,-2.406541
UmVhY3Rpb246NDA4Mjcy,V3Ni,Ni3V9,111,hollow|A_A_A|HCP,-2.132927
UmVhY3Rpb246NDA4Mjc3,V3Ni,Ni3V9,111,hollow|A_A_B|HCP,-1.723457
UmVhY3Rpb246NDA4MTQy,V3Os,Os3V9,111,hollow|A_A_A|HCP,-2.391415
UmVhY3Rpb246MzQxMTUw,V3Pb,Pb3V9,111,hollow|A_A_A|FCC,-2.060394
UmVhY3Rpb246MzQxMTUx,V3Pb,Pb3V9,111,hollow|A_A_A|HCP,-1.889544
UmVhY3Rpb246NDA4MzYy,V3Pd,Pd3V9,111,hollow|A_A_A|FCC,-2.585817
UmVhY3Rpb246MzQ3OTk1,V3Pd,Pd3V9,111,hollow|A_A_A|HCP,-2.320746
UmVhY3Rpb246NDA4MzIz,V3Pt,Pt3V9,111,bridge|A_A|A,-1.617955
UmVhY3Rpb246NDA4MzI0,V3Pt,Pt3V9,111,hollow|A_A_A|FCC,-2.456592
UmVhY3Rpb246NDA4MzI1,V3Pt,Pt3V9,111,hollow|A_A_A|HCP,-2.204198
UmVhY3Rpb246MzQyMjYy,V3Re,Re3V9,111,hollow|A_A_A|FCC,-2.740518
UmVhY3Rpb246MzQyMjYz,V3Re,Re3V9,111,hollow|A_A_A|HCP,-2.653127
UmVhY3Rpb246MzQwOTc2,V3Rh,Rh3V9,111,hollow|A_A_A|FCC,-2.450608
UmVhY3Rpb246MzQwOTc3,V3Rh,Rh3V9,111,hollow|A_A_A|HCP,-2.252639
UmVhY3Rpb246MzQwOTc4,V3Rh,Rh3V9,111,hollow|A_A_B|HCP,-1.821530
UmVhY3Rpb246NDA4MTYz,V3Ru,Ru3V9,111,hollow|A_A_A|HCP,-2.451162
UmVhY3Rpb246MzQ4NTA3,V3Sc,Sc3V9,111,hollow|A_A_A|FCC,-2.464458
UmVhY3Rpb246MzQ4NTA4,V3Sc,Sc3V9,111,hollow|A_A_A|HCP,-2.810391
UmVhY3Rpb246MzQ4NTA5,V3Sc,Sc3V9,111,hollow|A_A_B|FCC,-2.335075
UmVhY3Rpb246MzY4NjE0,V3Sc,Sc3V9,111,top|B,2.822058
UmVhY3Rpb246MzQzMDcz,V3Sn,Sn3V9,111,hollow|A_A_A|FCC,-2.071182
UmVhY3Rpb246NDA4NjQ5,V3Sn,Sn3V9,111,hollow|A_A_A|HCP,-1.878839
UmVhY3Rpb246MzQ5NTg2,V3Ta,Ta3V9,111,top|B,0.819822
UmVhY3Rpb246NDA4MTIz,V3Tc,Tc3V9,111,hollow|A_A_A|FCC,-2.761439
UmVhY3Rpb246NDA4MTI0,V3Tc,Tc3V9,111,hollow|A_A_A|HCP,-2.697388
UmVhY3Rpb246MzQ1MzEy,V3Ti,Ti3V9,111,hollow|A_A_A|FCC,-2.682524
UmVhY3Rpb246NDA4MDEw,V3Ti,Ti3V9,111,hollow|A_A_B|FCC,-2.723901
UmVhY3Rpb246NDA4MDEx,V3Ti,Ti3V9,111,hollow|A_A_B|HCP,-2.567321
UmVhY3Rpb246MzU0NjYx,V3Ti,Ti3V9,111,top|B,1.140429
UmVhY3Rpb246MzQxNzI4,V3Tl,Tl3V9,111,hollow|A_A_A|FCC,-2.265348
UmVhY3Rpb246NDA4NjM3,V3Tl,Tl3V9,111,hollow|A_A_A|HCP,-2.145846
UmVhY3Rpb246NDA4MDY4,V3W,V9W3,111,top|B,0.258169
UmVhY3Rpb246NDA3OTYz,V3Y,V9Y3,111,bridge|A_A|B,-2.157032
UmVhY3Rpb246MzQyNjQ4,V3Y,V9Y3,111,hollow|A_A_A|FCC,-2.268797
UmVhY3Rpb246MzQyNjQ5,V3Y,V9Y3,111,hollow|A_A_A|HCP,-2.702934
UmVhY3Rpb246MzQxNTQw,V3Zn,V9Zn3,111,hollow|A_A_A|FCC,-2.534830
UmVhY3Rpb246MzQxNTQx,V3Zn,V9Zn3,111,hollow|A_A_A|HCP,-2.254262
UmVhY3Rpb246MzQxNTQy,V3Zn,V9Zn3,111,hollow|A_A_B|FCC,-1.594263
UmVhY3Rpb246MzQxNjk1,V3Zr,V9Zr3,111,hollow|A_A_A|FCC,-2.532714
UmVhY3Rpb246MzQxNjk2,V3Zr,V9Zr3,111,hollow|A_A_A|HCP,-2.599813
UmVhY3Rpb246MzUxOTQy,V3Zr,V9Zr3,111,top|B,1.945650
UmVhY3Rpb246NDA4MDg1,VW,V6W6,101,bridge|B_B|A,-1.281427
UmVhY3Rpb246MzU0MTYw,VW,V6W6,101,hollow|A_A_B|FCC,-2.236330
UmVhY3Rpb246MzU0MTYx,VW,V6W6,101,hollow|A_A_B|HCP,-2.189373
UmVhY3Rpb246MzU0MTYy,VW,V6W6,101,hollow|A_B_B|FCC,-2.247628
UmVhY3Rpb246MzU0MTY0,VW,V6W6,101,hollow|A_B_B|HCP,-2.139358
UmVhY3Rpb246MzU5Nzk4,VZn,V6Zn6,101,hollow|A_A_B|FCC,-1.445908
UmVhY3Rpb246MzU5Nzk5,VZn,V6Zn6,101,hollow|A_A_B|HCP,-1.351874
UmVhY3Rpb246MzU5ODAw,VZn,V6Zn6,101,hollow|A_B_B|FCC,-0.355457
UmVhY3Rpb246MzU5ODAx,VZn,V6Zn6,101,hollow|A_B_B|HCP,-0.268714
UmVhY3Rpb246NDA2MjUy,VZr,V6Zr6,101,4fold|A_A_B_B,-2.078827
UmVhY3Rpb246MzU4MzI0,VZr,V6Zr6,101,bridge|A_A|B,-3.206177
UmVhY3Rpb246NDA2MjUz,VZr,V6Zr6,101,hollow|A_A_B|FCC,-2.262465
UmVhY3Rpb246MzU4MzI1,VZr,V6Zr6,101,hollow|A_B_B|FCC,-2.255827
UmVhY3Rpb246MzM5MzMy,W,W12,111,hollow|A_A_A|FCC,-2.357720
UmVhY3Rpb246MzM5MzMz,W,W12,111,hollow|A_A_A|HCP,-2.321015
UmVhY3Rpb246MzM5MzM1,W,W12,111,top|A,0.376408
UmVhY3Rpb246MzQ1NTU2,W3Ag,Ag3W9,111,hollow|A_A_A|FCC,-2.059247
UmVhY3Rpb246MzQ1NTU3,W3Ag,Ag3W9,111,hollow|A_A_A|HCP,-2.304304
UmVhY3Rpb246MzU0ODMy,W3Ag,Ag3W9,111,top|A,0.267570
UmVhY3Rpb246MzU0ODM0,W3Ag,Ag3W9,111,top|B,4.475494
UmVhY3Rpb246MzQ0MzYy,W3Al,Al3W9,111,hollow|A_A_A|FCC,-1.621759
UmVhY3Rpb246MzQ0MzYz,W3Al,Al3W9,111,hollow|A_A_A|HCP,-1.497931
UmVhY3Rpb246MzQ0MzY0,W3Al,Al3W9,111,hollow|A_A_B|FCC,-0.903483
UmVhY3Rpb246MzQ0MzY1,W3Al,Al3W9,111,hollow|A_A_B|HCP,-0.957254
UmVhY3Rpb246NDEwMTEy,W3Au,Au3W9,111,hollow-tilt|A_A_A|HCP,-0.209002
UmVhY3Rpb246MzQwMjQy,W3Au,Au3W9,111,hollow|A_A_A|FCC,-2.069522
UmVhY3Rpb246MzQwMjQz,W3Au,Au3W9,111,hollow|A_A_A|HCP,-2.131437
UmVhY3Rpb246NDEwMTUy,W3Cd,Cd3W9,111,hollow|A_A_A|FCC,-1.695426
UmVhY3Rpb246NDEwMTUz,W3Cd,Cd3W9,111,hollow|A_A_A|HCP,-2.050513
UmVhY3Rpb246NDEwMTU0,W3Cd,Cd3W9,111,top|B,5.209220
UmVhY3Rpb246NDI4NTIw,W3Co,Co3W9,111,hollow|A_A_A|FCC,-1.992993
UmVhY3Rpb246NDA5OTEw,W3Cr,Cr3W9,111,hollow|A_A_A|HCP,-2.231248
UmVhY3Rpb246NDA5OTEx,W3Cr,Cr3W9,111,hollow|A_A_B|FCC,-2.515593
UmVhY3Rpb246Mzg5MTI4,W3Cr,Cr3W9,111,top|B,0.216941
UmVhY3Rpb246MzQ0ODg1,W3Cu,Cu3W9,111,hollow|A_A_A|FCC,-2.048392
UmVhY3Rpb246NDEwMTI1,W3Cu,Cu3W9,111,hollow|A_A_A|HCP,-1.964907
UmVhY3Rpb246NDEwMTI2,W3Cu,Cu3W9,111,hollow|A_A_B|HCP,-1.282336
UmVhY3Rpb246MzU0NDIy,W3Cu,Cu3W9,111,top|A,0.397229
UmVhY3Rpb246MzU0NDIz,W3Cu,Cu3W9,111,top|B,2.976373
UmVhY3Rpb246NDEwMDQz,W3Fe,Fe3W9,111,hollow|A_A_A|FCC,-2.048270
UmVhY3Rpb246NDEwMDQ0,W3Fe,Fe3W9,111,hollow|A_A_A|HCP,-1.883668
UmVhY3Rpb246MzQ0ODI2,W3Ga,Ga3W9,111,hollow|A_A_A|FCC,-1.599822
UmVhY3Rpb246NDEwMTg5,W3Ga,Ga3W9,111,hollow|A_A_A|HCP,-1.484590
UmVhY3Rpb246MzU0Mzgx,W3Ga,Ga3W9,111,top|B,4.358159
UmVhY3Rpb246MzQyOTQy,W3Hf,Hf3W9,111,hollow|A_A_A|FCC,-2.303520
UmVhY3Rpb246MzQyOTQz,W3Hf,Hf3W9,111,hollow|A_A_A|HCP,-2.163206
UmVhY3Rpb246MzQ5Nzcx,W3Hf,Hf3W9,111,top|A,-0.323575
UmVhY3Rpb246MzQ5Nzcy,W3Hf,Hf3W9,111,top|B,2.583765
UmVhY3Rpb246MzQyNDkw,W3Hg,Hg3W9,111,hollow|A_A_A|FCC,-1.672107
UmVhY3Rpb246MzQyNDkx,W3Hg,Hg3W9,111,hollow|A_A_A|HCP,-1.989746
UmVhY3Rpb246MzQ5NTIz,W3Hg,Hg3W9,111,top|A,0.611165
UmVhY3Rpb246MzQ5NTI0,W3Hg,Hg3W9,111,top|B,5.251743
UmVhY3Rpb246NDEwMjEx,W3In,In3W9,111,hollow|A_A_A|FCC,-1.446399
UmVhY3Rpb246NDEwMjEy,W3In,In3W9,111,hollow|A_A_A|HCP,-1.657056
UmVhY3Rpb246MzUzMzQ3,W3In,In3W9,111,top|A,0.663467
UmVhY3Rpb246MzUzMzQ4,W3In,In3W9,111,top|B,5.381774
UmVhY3Rpb246NDEwMDA1,W3Ir,Ir3W9,111,hollow|A_A_A|FCC,-1.934183
UmVhY3Rpb246NDEwMDA2,W3Ir,Ir3W9,111,hollow|A_A_A|HCP,-1.927676
UmVhY3Rpb246NDEwMDA3,W3Ir,Ir3W9,111,hollow|A_A_B|HCP,-1.403736
UmVhY3Rpb246MzQ5Mzkw,W3Ir,Ir3W9,111,top|A,0.486057
UmVhY3Rpb246MzQzNDA0,W3Mn,Mn3W9,111,hollow|A_A_A|FCC,-2.114061
UmVhY3Rpb246NDEwMDU2,W3Mn,Mn3W9,111,hollow|A_A_A|HCP,-1.931893
UmVhY3Rpb246NDEwMDU3,W3Mn,Mn3W9,111,hollow|A_A_B|HCP,-1.998848
UmVhY3Rpb246MzUwMTk4,W3Mn,Mn3W9,111,top|B,0.590558
UmVhY3Rpb246MzQzMzM4,W3Mo,Mo3W9,111,hollow|A_A_A|FCC,-2.337047
UmVhY3Rpb246MzQzMzM5,W3Mo,Mo3W9,111,hollow|A_A_A|HCP,-2.300912
UmVhY3Rpb246MzQzMzQw,W3Mo,Mo3W9,111,hollow|A_A_B|FCC,-2.304451
UmVhY3Rpb246MzQzMzQx,W3Mo,Mo3W9,111,hollow|A_A_B|HCP,-2.272705
UmVhY3Rpb246MzUwMDk3,W3Mo,Mo3W9,111,top|A,0.311690
UmVhY3Rpb246MzUwMDk5,W3Mo,Mo3W9,111,top|B,0.359546
UmVhY3Rpb246MzQ2MjEw,W3Nb,Nb3W9,111,hollow|A_A_A|FCC,-2.416659
UmVhY3Rpb246MzQ2MjEx,W3Nb,Nb3W9,111,hollow|A_A_A|HCP,-2.371152
UmVhY3Rpb246MzQ2MjEy,W3Nb,Nb3W9,111,hollow|A_A_B|HCP,-2.443530
UmVhY3Rpb246Mzg5MTE4,W3Nb,Nb3W9,111,top|B,1.116778
UmVhY3Rpb246MzQzNDAy,W3Ni,Ni3W9,111,hollow|A_A_A|FCC,-2.041004
UmVhY3Rpb246NDEwMDMx,W3Ni,Ni3W9,111,hollow|A_A_A|HCP,-1.819187
UmVhY3Rpb246NDEwMDMy,W3Ni,Ni3W9,111,hollow|A_A_B|HCP,-1.481884
UmVhY3Rpb246MzUwMTg5,W3Ni,Ni3W9,111,top|B,2.212963
UmVhY3Rpb246NDA5OTU1,W3Os,Os3W9,111,hollow|A_A_A|FCC,-1.882460
UmVhY3Rpb246NDA5OTU2,W3Os,Os3W9,111,hollow|A_A_A|HCP,-1.879603
UmVhY3Rpb246NDA5OTU3,W3Os,Os3W9,111,hollow|A_A_B|HCP,-1.685648
UmVhY3Rpb246NDA5OTU4,W3Os,Os3W9,111,top|A,0.461837
UmVhY3Rpb246NDA5OTU5,W3Os,Os3W9,111,top|B,0.393599
UmVhY3Rpb246NDEwMjMw,W3Pb,Pb3W9,111,hollow|A_A_A|FCC,-1.442427
UmVhY3Rpb246NDEwMjMx,W3Pb,Pb3W9,111,hollow|A_A_A|HCP,-1.515681
UmVhY3Rpb246MzY4NzUw,W3Pb,Pb3W9,111,top|A,0.569408
UmVhY3Rpb246NDEwMTAz,W3Pd,Pd3W9,111,bridge|A_A|A,-1.545337
UmVhY3Rpb246NDEwMTA0,W3Pd,Pd3W9,111,hollow|A_A_A|FCC,-2.184624
UmVhY3Rpb246NDEwMTA1,W3Pd,Pd3W9,111,hollow|A_A_A|HCP,-2.149978
UmVhY3Rpb246MzYwNjA5,W3Pd,Pd3W9,111,top|A,0.230468
UmVhY3Rpb246MzYwNjEw,W3Pd,Pd3W9,111,top|B,3.419369
UmVhY3Rpb246NDEwMDY5,W3Pt,Pt3W9,111,hollow|A_A_A|FCC,-2.101162
UmVhY3Rpb246NDEwMDcw,W3Pt,Pt3W9,111,hollow|A_A_A|HCP,-1.993838
UmVhY3Rpb246NDEwMDcx,W3Pt,Pt3W9,111,hollow|A_A_B|HCP,-1.303235
UmVhY3Rpb246NDEwMDcy,W3Pt,Pt3W9,111,top|A,0.355071
UmVhY3Rpb246MzQwODY3,W3Re,Re3W9,111,hollow|A_A_A|FCC,-2.099844
UmVhY3Rpb246MzQwODY4,W3Re,Re3W9,111,hollow|A_A_A|HCP,-2.054502
UmVhY3Rpb246MzQwODY5,W3Re,Re3W9,111,hollow|A_A_B|FCC,-2.014644
UmVhY3Rpb246MzQwODcw,W3Re,Re3W9,111,hollow|A_A_B|HCP,-2.074705
UmVhY3Rpb246Mzg5MTM0,W3Re,Re3W9,111,top|B,-0.002194
UmVhY3Rpb246MzQwNDk0,W3Rh,Rh3W9,111,hollow|A_A_A|FCC,-2.048602
UmVhY3Rpb246MzQwNDk1,W3Rh,Rh3W9,111,hollow|A_A_A|HCP,-2.021471
UmVhY3Rpb246MzQwNDk2,W3Rh,Rh3W9,111,hollow|A_A_B|FCC,-1.316725
UmVhY3Rpb246MzQwNDk3,W3Rh,Rh3W9,111,hollow|A_A_B|HCP,-1.520605
UmVhY3Rpb246NDEwMDIw,W3Rh,Rh3W9,111,top|A,0.357045
UmVhY3Rpb246MzQzNzA4,W3Ru,Ru3W9,111,hollow|A_A_A|FCC,-1.949787
UmVhY3Rpb246MzQzNzA5,W3Ru,Ru3W9,111,hollow|A_A_A|HCP,-1.948749
UmVhY3Rpb246MzQzNzEw,W3Ru,Ru3W9,111,hollow|A_A_B|FCC,-1.558135
UmVhY3Rpb246MzUwNDk3,W3Ru,Ru3W9,111,top|A,0.393246
UmVhY3Rpb246MzUwNDk4,W3Ru,Ru3W9,111,top|B,0.878489
UmVhY3Rpb246MzQzMjU1,W3Sc,Sc3W9,111,hollow|A_A_A|FCC,-2.058797
UmVhY3Rpb246MzQzMjU2,W3Sc,Sc3W9,111,hollow|A_A_A|HCP,-2.123854
UmVhY3Rpb246MzUwMDQx,W3Sc,Sc3W9,111,top|A,-0.316128
UmVhY3Rpb246MzUwMDQy,W3Sc,Sc3W9,111,top|B,3.772057
UmVhY3Rpb246MzQ4NDI3,W3Sn,Sn3W9,111,hollow|A_A_A|FCC,-1.496982
UmVhY3Rpb246MzQ4NDI4,W3Sn,Sn3W9,111,hollow|A_A_A|HCP,-1.471692
UmVhY3Rpb246MzYwNTU2,W3Sn,Sn3W9,111,top|A,0.564956
UmVhY3Rpb246NDA5ODk3,W3Ta,Ta3W9,111,hollow|A_A_B|FCC,-2.846256
UmVhY3Rpb246NDA5ODk4,W3Ta,Ta3W9,111,hollow|A_A_B|HCP,-2.488620
UmVhY3Rpb246NDA5OTI3,W3Tc,Tc3W9,111,hollow|A_A_A|HCP,-2.037489
UmVhY3Rpb246NDA5OTI4,W3Tc,Tc3W9,111,hollow|A_A_B|HCP,-2.014246
UmVhY3Rpb246NDA5OTI5,W3Tc,Tc3W9,111,top|B,0.273764
UmVhY3Rpb246NDA5ODky,W3Ti,Ti3W9,111,hollow|A_A_B|HCP,-2.443648
UmVhY3Rpb246NDEwMjE5,W3Tl,Tl3W9,111,hollow|A_A_A|FCC,-1.390133
UmVhY3Rpb246NDEwMjIw,W3Tl,Tl3W9,111,hollow|A_A_A|HCP,-1.703236
UmVhY3Rpb246NDEwMjIx,W3Tl,Tl3W9,111,top|A,0.726440
UmVhY3Rpb246NDEwMjIy,W3Tl,Tl3W9,111,top|B,5.796353
UmVhY3Rpb246MzQzOTA2,W3V,V3W9,111,hollow|A_A_A|FCC,-2.349215
UmVhY3Rpb246MzQzOTA3,W3V,V3W9,111,hollow|A_A_A|HCP,-2.242197
UmVhY3Rpb246MzQzOTA4,W3V,V3W9,111,hollow|A_A_B|FCC,-2.761000
UmVhY3Rpb246MzQzOTA5,W3V,V3W9,111,hollow|A_A_B|HCP,-2.651068
UmVhY3Rpb246MzUwODA4,W3V,V3W9,111,top|B,0.763092
UmVhY3Rpb246MzQyMDg2,W3Y,W9Y3,111,hollow|A_A_A|HCP,-2.279217
UmVhY3Rpb246MzQ5Mjg0,W3Y,W9Y3,111,top|A,-0.666591
UmVhY3Rpb246NDEwMTM5,W3Zn,W9Zn3,111,hollow|A_A_A|FCC,-1.840054
UmVhY3Rpb246NDEwMTQw,W3Zn,W9Zn3,111,hollow|A_A_A|HCP,-1.834502
UmVhY3Rpb246MzQ1Njg0,W3Zr,W9Zr3,111,hollow|A_A_A|FCC,-2.269908
UmVhY3Rpb246MzQ1Njg1,W3Zr,W9Zr3,111,hollow|A_A_A|HCP,-2.204696
UmVhY3Rpb246MzU1MTI5,W3Zr,W9Zr3,111,top|A,-0.449535
UmVhY3Rpb246MzU1MTMw,W3Zr,W9Zr3,111,top|B,2.474898
UmVhY3Rpb246MzU4MjI4,WY,W6Y6,101,bridge|A_A|A,-2.429275
UmVhY3Rpb246MzU4MjI5,WY,W6Y6,101,hollow|A_A_B|HCP,-2.514619
UmVhY3Rpb246MzU4MjMw,WY,W6Y6,101,hollow|A_B_B|FCC,-2.071657
UmVhY3Rpb246MzU4MjMx,WY,W6Y6,101,hollow|A_B_B|HCP,-1.884744
UmVhY3Rpb246MzU2NjQ3,WZn,W6Zn6,101,hollow|A_A_B|FCC,-1.275781
UmVhY3Rpb246MzU2NjQ4,WZn,W6Zn6,101,hollow|A_A_B|HCP,-1.056184
UmVhY3Rpb246MzU2NjQ5,WZn,W6Zn6,101,hollow|A_B_B|FCC,-0.072755
UmVhY3Rpb246MzU2NjUw,WZn,W6Zn6,101,hollow|A_B_B|HCP,-0.144490
UmVhY3Rpb246MzUyMTMy,WZr,W6Zr6,101,hollow|A_A_B|FCC,-2.160798
UmVhY3Rpb246MzUyMTMz,WZr,W6Zr6,101,hollow|A_A_B|HCP,-2.175811
UmVhY3Rpb246MzUyMTM0,WZr,W6Zr6,101,hollow|A_B_B|FCC,-2.242476
UmVhY3Rpb246MzUyMTM1,WZr,W6Zr6,101,hollow|A_B_B|HCP,-2.045062
UmVhY3Rpb246MzM5MzY5,Y,Y12,111,hollow|A_A_A|FCC,-2.285178
UmVhY3Rpb246MzM5Mzcw,Y,Y12,111,hollow|A_A_A|HCP,-2.578611
UmVhY3Rpb246MzM5Mzcy,Y,Y12,111,top|A,1.435442
UmVhY3Rpb246NDA1NTU4,Y3Ag,Ag3Y9,111,hollow|A_A_A|FCC,-2.632410
UmVhY3Rpb246MzQxOTAz,Y3Ag,Ag3Y9,111,hollow|A_A_A|HCP,-2.768299
UmVhY3Rpb246MzQ5MTY4,Y3Ag,Ag3Y9,111,top|B,3.139334
UmVhY3Rpb246NDA1NjAw,Y3Al,Al3Y9,111,hollow|A_A_A|FCC,-2.274144
UmVhY3Rpb246MzQyOTI2,Y3Al,Al3Y9,111,hollow|A_A_A|HCP,-2.367375
UmVhY3Rpb246NDA1NTQ5,Y3Au,Au3Y9,111,hollow|A_A_A|FCC,-2.603366
UmVhY3Rpb246MzQxNTIw,Y3Au,Au3Y9,111,hollow|A_A_A|HCP,-2.677560
UmVhY3Rpb246MzUxODUx,Y3Au,Au3Y9,111,top|B,2.907687
UmVhY3Rpb246NDA1NTg3,Y3Cd,Cd3Y9,111,hollow|A_A_A|FCC,-2.538377
UmVhY3Rpb246MzQxMjQ5,Y3Cd,Cd3Y9,111,hollow|A_A_A|HCP,-2.705122
UmVhY3Rpb246MzgyNTQ1,Y3Cd,Cd3Y9,111,top|B,3.377944
UmVhY3Rpb246NDA1NDQ2,Y3Cr,Cr3Y9,111,hollow|A_A_A|FCC,-1.950335
UmVhY3Rpb246MzQ3Mzgz,Y3Cr,Cr3Y9,111,hollow|A_A_A|HCP,-2.026497
UmVhY3Rpb246MzgyMjU3,Y3Cr,Cr3Y9,111,top|A,2.561009
UmVhY3Rpb246NDA1NTY3,Y3Cu,Cu3Y9,111,hollow|A_A_A|FCC,-2.486844
UmVhY3Rpb246MzQyMDUx,Y3Cu,Cu3Y9,111,hollow|A_A_A|HCP,-2.560474
UmVhY3Rpb246MzQ5MjUz,Y3Cu,Cu3Y9,111,top|B,1.884554
UmVhY3Rpb246NDA1NjE2,Y3Ga,Ga3Y9,111,hollow|A_A_A|FCC,-2.383292
UmVhY3Rpb246NDA1NjE3,Y3Ga,Ga3Y9,111,hollow|A_A_A|HCP,-2.434455
UmVhY3Rpb246MzQ1MDE3,Y3Hf,Hf3Y9,111,hollow|A_A_A|FCC,-1.940997
UmVhY3Rpb246MzQ1MDE4,Y3Hf,Hf3Y9,111,hollow|A_A_A|HCP,-2.050893
UmVhY3Rpb246MzQ1MDE5,Y3Hf,Hf3Y9,111,hollow|A_A_B|FCC,-2.718943
UmVhY3Rpb246MzQ1MDIw,Y3Hf,Hf3Y9,111,hollow|A_A_B|HCP,-2.955514
UmVhY3Rpb246MzU0NDg1,Y3Hf,Hf3Y9,111,top|B,-0.314389
UmVhY3Rpb246MzQ3Mzkx,Y3Hg,Hg3Y9,111,hollow|A_A_A|FCC,-2.607066
UmVhY3Rpb246MzQ3Mzky,Y3Hg,Hg3Y9,111,hollow|A_A_A|HCP,-2.724646
UmVhY3Rpb246MzQ3Mzkz,Y3Hg,Hg3Y9,111,hollow|A_A_B|HCP,-0.960450
UmVhY3Rpb246NDA1NjI2,Y3In,In3Y9,111,hollow|A_A_A|FCC,-2.510946
UmVhY3Rpb246MzQ2NjU5,Y3In,In3Y9,111,hollow|A_A_A|HCP,-2.639918
UmVhY3Rpb246NDA1NjI3,Y3In,In3Y9,111,hollow|A_A_B|HCP,-1.060170
UmVhY3Rpb246MzgyNTYy,Y3In,In3Y9,111,top|B,3.211849
UmVhY3Rpb246NDA1NDk5,Y3Ir,Ir3Y9,111,hollow|A_A_A|FCC,-2.379201
UmVhY3Rpb246NDA1NTAw,Y3Ir,Ir3Y9,111,hollow|A_A_A|HCP,-2.531058
UmVhY3Rpb246MzQ5NzI1,Y3Ir,Ir3Y9,111,top|B,1.407354
UmVhY3Rpb246MzQ4MjEz,Y3La,La3Y9,111,hollow|A_A_A|FCC,-2.371957
UmVhY3Rpb246MzQ4MjE0,Y3La,La3Y9,111,hollow|A_A_A|HCP,-2.606414
UmVhY3Rpb246NDA1MTcw,Y3La,La3Y9,111,hollow|A_A_B|FCC,-2.176718
UmVhY3Rpb246MzQ4MjE1,Y3La,La3Y9,111,hollow|A_A_B|HCP,-2.416710
UmVhY3Rpb246MzgyMjA5,Y3La,La3Y9,111,top|B,1.493469
UmVhY3Rpb246NDA1NTMw,Y3Mn,Mn3Y9,111,hollow|A_A_A|FCC,-2.417199
UmVhY3Rpb246NDA1NTMx,Y3Mn,Mn3Y9,111,hollow|A_A_A|HCP,-2.580631
UmVhY3Rpb246NDA1NDUz,Y3Mo,Mo3Y9,111,hollow|A_A_A|FCC,-1.876130
UmVhY3Rpb246MzQ3ODEw,Y3Mo,Mo3Y9,111,hollow|A_A_A|HCP,-1.906491
UmVhY3Rpb246NDA1NDU0,Y3Mo,Mo3Y9,111,hollow|A_A_B|HCP,-2.487320
UmVhY3Rpb246MzgyMjkw,Y3Mo,Mo3Y9,111,top|B,-1.005148
UmVhY3Rpb246NDA1NDMw,Y3Nb,Nb3Y9,111,hollow|A_A_A|FCC,-1.852629
UmVhY3Rpb246MzQxNTcz,Y3Nb,Nb3Y9,111,hollow|A_A_A|HCP,-1.869401
UmVhY3Rpb246NDA1NDMx,Y3Nb,Nb3Y9,111,hollow|A_A_B|FCC,-2.248218
UmVhY3Rpb246MzQxNTc0,Y3Nb,Nb3Y9,111,hollow|A_A_B|HCP,-2.736801
UmVhY3Rpb246MzUxODY5,Y3Nb,Nb3Y9,111,top|B,-1.000476
UmVhY3Rpb246NDA1NTIy,Y3Ni,Ni3Y9,111,hollow|A_A_A|FCC,-2.471165
UmVhY3Rpb246MzQ4Mjg2,Y3Os,Os3Y9,111,hollow|A_A_A|FCC,-2.147658
UmVhY3Rpb246MzQ4Mjg3,Y3Os,Os3Y9,111,hollow|A_A_A|HCP,-2.302062
UmVhY3Rpb246MzQ4Mjg4,Y3Os,Os3Y9,111,hollow|A_A_B|FCC,-1.605770
UmVhY3Rpb246MzgyNDE0,Y3Os,Os3Y9,111,top|B,0.159989
UmVhY3Rpb246MzQzOTU1,Y3Pb,Pb3Y9,111,hollow|A_A_A|FCC,-2.722916
UmVhY3Rpb246MzQzOTU2,Y3Pb,Pb3Y9,111,hollow|A_A_A|HCP,-2.840226
UmVhY3Rpb246MzUzMzEy,Y3Pb,Pb3Y9,111,top|B,3.681062
UmVhY3Rpb246MzQwNTcw,Y3Pd,Pd3Y9,111,hollow|A_A_A|FCC,-2.617004
UmVhY3Rpb246MzQwNTcx,Y3Pd,Pd3Y9,111,hollow|A_A_A|HCP,-2.701465
UmVhY3Rpb246MzQwNTcy,Y3Pd,Pd3Y9,111,hollow|A_A_B|FCC,-0.897695
UmVhY3Rpb246MzQwNTcz,Y3Pd,Pd3Y9,111,hollow|A_A_B|HCP,-1.724105
UmVhY3Rpb246MzY3NTEw,Y3Pd,Pd3Y9,111,top|B,2.419076
UmVhY3Rpb246MzQzMjc3,Y3Pt,Pt3Y9,111,hollow|A_A_A|FCC,-2.515750
UmVhY3Rpb246MzQzMjc4,Y3Pt,Pt3Y9,111,hollow|A_A_A|HCP,-2.568012
UmVhY3Rpb246MzQzMjc5,Y3Pt,Pt3Y9,111,hollow|A_A_B|FCC,-0.773781
UmVhY3Rpb246MzQzMjgw,Y3Pt,Pt3Y9,111,hollow|A_A_B|HCP,-1.570001
UmVhY3Rpb246MzQ0MDc3,Y3Re,Re3Y9,111,hollow-tilt|A_A_B|FCC,-2.248723
UmVhY3Rpb246MzQ0MDc0,Y3Re,Re3Y9,111,hollow|A_A_A|FCC,-1.884213
UmVhY3Rpb246MzQ0MDc1,Y3Re,Re3Y9,111,hollow|A_A_A|HCP,-1.944960
UmVhY3Rpb246MzQ0MDc2,Y3Re,Re3Y9,111,hollow|A_A_B|HCP,-2.374800
UmVhY3Rpb246MzUzNDcx,Y3Re,Re3Y9,111,top|B,-0.822379
UmVhY3Rpb246NDA1NTE4,Y3Rh,Rh3Y9,111,hollow|A_A_A|FCC,-2.497858
UmVhY3Rpb246MzQwNzIw,Y3Rh,Rh3Y9,111,hollow|A_A_A|HCP,-2.601433
UmVhY3Rpb246MzgyNDU0,Y3Rh,Rh3Y9,111,top|B,1.764572
UmVhY3Rpb246MzQ0Njg5,Y3Ru,Ru3Y9,111,hollow|A_A_A|FCC,-2.300131
UmVhY3Rpb246MzQ0Njkw,Y3Ru,Ru3Y9,111,hollow|A_A_A|HCP,-2.409724
UmVhY3Rpb246MzQ0Njkx,Y3Ru,Ru3Y9,111,hollow|A_A_B|FCC,-1.468341
UmVhY3Rpb246MzQ0Njky,Y3Ru,Ru3Y9,111,hollow|A_A_B|HCP,-1.868708
UmVhY3Rpb246MzU0MzE2,Y3Ru,Ru3Y9,111,top|B,0.692863
UmVhY3Rpb246NDA1Mzk4,Y3Sc,Sc3Y9,111,hollow|A_A_A|FCC,-2.183392
UmVhY3Rpb246MzQ0Mzc0,Y3Sc,Sc3Y9,111,hollow|A_A_A|HCP,-2.440751
UmVhY3Rpb246MzQ0Mzc1,Y3Sc,Sc3Y9,111,hollow|A_A_B|HCP,-2.724124
UmVhY3Rpb246MzUzOTE2,Y3Sc,Sc3Y9,111,top|B,0.866673
UmVhY3Rpb246NDA1NjM2,Y3Sn,Sn3Y9,111,hollow|A_A_A|FCC,-2.571469
UmVhY3Rpb246MzQwOTky,Y3Sn,Sn3Y9,111,hollow|A_A_A|HCP,-2.678809
UmVhY3Rpb246MzgyNTkz,Y3Sn,Sn3Y9,111,top|B,3.136790
UmVhY3Rpb246MzQ1NDA4,Y3Ta,Ta3Y9,111,hollow|A_A_A|FCC,-1.758984
UmVhY3Rpb246MzQ1NDA5,Y3Ta,Ta3Y9,111,hollow|A_A_A|HCP,-1.767044
UmVhY3Rpb246MzQ1NDEw,Y3Ta,Ta3Y9,111,hollow|A_A_B|FCC,-2.871668
UmVhY3Rpb246MzQ1NDEx,Y3Ta,Ta3Y9,111,hollow|A_A_B|HCP,-2.989665
UmVhY3Rpb246MzU0NzA5,Y3Ta,Ta3Y9,111,top|B,-1.171552
UmVhY3Rpb246MzQwNzMz,Y3Tc,Tc3Y9,111,hollow|A_A_A|FCC,-2.044997
UmVhY3Rpb246MzQwNzM0,Y3Tc,Tc3Y9,111,hollow|A_A_A|HCP,-2.111342
UmVhY3Rpb246MzQwNzM1,Y3Tc,Tc3Y9,111,hollow|A_A_B|FCC,-1.958984
UmVhY3Rpb246MzQwNzM2,Y3Tc,Tc3Y9,111,hollow|A_A_B|HCP,-2.126586
UmVhY3Rpb246MzgyMzc5,Y3Tc,Tc3Y9,111,top|B,-0.348696
UmVhY3Rpb246MzQxNzk1,Y3Ti,Ti3Y9,111,hollow|A_A_A|FCC,-1.972447
UmVhY3Rpb246MzQxNzk2,Y3Ti,Ti3Y9,111,hollow|A_A_A|HCP,-2.106058
UmVhY3Rpb246MzQxNzk3,Y3Ti,Ti3Y9,111,hollow|A_A_B|FCC,-2.686175
UmVhY3Rpb246MzQxNzk4,Y3Ti,Ti3Y9,111,hollow|A_A_B|HCP,-2.944612
UmVhY3Rpb246MzQ5MTIz,Y3Ti,Ti3Y9,111,top|B,-0.652630
UmVhY3Rpb246NDI3NzA2,Y3Tl,Tl3Y9,111,hollow|A_A_A|FCC,-2.605537
UmVhY3Rpb246NDI3NzA3,Y3Tl,Tl3Y9,111,hollow|A_A_A|HCP,-2.735773
UmVhY3Rpb246NDA1NDM5,Y3V,V3Y9,111,hollow|A_A_A|FCC,-1.906402
UmVhY3Rpb246MzQ2MDk1,Y3V,V3Y9,111,hollow|A_A_A|HCP,-1.988672
UmVhY3Rpb246MzQ2MDk2,Y3V,V3Y9,111,hollow|A_A_B|HCP,-2.989417
UmVhY3Rpb246MzgyMjU0,Y3V,V3Y9,111,top|B,-1.255169
UmVhY3Rpb246NDA1NDYx,Y3W,W3Y9,111,hollow|A_A_A|FCC,-1.733498
UmVhY3Rpb246MzQxNDQ0,Y3W,W3Y9,111,hollow|A_A_A|HCP,-1.750213
UmVhY3Rpb246NDA1NDYy,Y3W,W3Y9,111,hollow|A_A_B|HCP,-2.744568
UmVhY3Rpb246MzgyMzIw,Y3W,W3Y9,111,top|B,-1.297898
UmVhY3Rpb246NDA1NTc3,Y3Zn,Y9Zn3,111,hollow|A_A_A|FCC,-2.394076
UmVhY3Rpb246MzQ2NTU0,Y3Zn,Y9Zn3,111,hollow|A_A_A|HCP,-2.500110
UmVhY3Rpb246NDA1NDEx,Y3Zr,Y9Zr3,111,hollow|A_A_A|FCC,-1.995116
UmVhY3Rpb246MzQ1MTc5,Y3Zr,Y9Zr3,111,hollow|A_A_A|HCP,-2.100956
UmVhY3Rpb246MzQ1MTgw,Y3Zr,Y9Zr3,111,hollow|A_A_B|HCP,-2.764810
UmVhY3Rpb246MzU0NTkw,Y3Zr,Y9Zr3,111,top|B,-0.215914
UmVhY3Rpb246MzU5ODk0,YZn,Y6Zn6,101,4fold|A_A_B_B,-1.646855
UmVhY3Rpb246NDA1NTg0,YZn,Y6Zn6,101,bridge|A_A|B,-0.754759
UmVhY3Rpb246MzU5ODk1,YZn,Y6Zn6,101,hollow|A_A_B|FCC,-1.141776
UmVhY3Rpb246MzUyMjQ3,YZr,Y6Zr6,101,hollow|A_A_B|FCC,-2.317695
UmVhY3Rpb246MzUyMjQ4,YZr,Y6Zr6,101,hollow|A_A_B|HCP,-2.338585
UmVhY3Rpb246MzUyMjQ5,YZr,Y6Zr6,101,hollow|A_B_B|FCC,-2.685585
UmVhY3Rpb246MzUyMjUw,YZr,Y6Zr6,101,hollow|A_B_B|HCP,-2.857035
UmVhY3Rpb246MzM5Mzk3,Zn,Zn12,111,hollow|A_A_A|HCP,1.127733
UmVhY3Rpb246NDI3NzEz,Zn,Zn12,111,top|A,3.394413
UmVhY3Rpb246NDAyODA4,Zn3Ag,Ag3Zn9,111,hollow|A_A_A|HCP,1.278460
UmVhY3Rpb246NDAyODA5,Zn3Ag,Ag3Zn9,111,hollow|A_A_B|FCC,1.995304
UmVhY3Rpb246NDAyODAx,Zn3Au,Au3Zn9,111,hollow|A_A_B|FCC,2.038757
UmVhY3Rpb246MzQ3NzI4,Zn3Cd,Cd3Zn9,111,hollow|A_A_A|FCC,1.135146
UmVhY3Rpb246MzQ3NzI5,Zn3Cd,Cd3Zn9,111,hollow|A_A_A|HCP,0.540730
UmVhY3Rpb246NDAyODIz,Zn3Cd,Cd3Zn9,111,hollow|A_A_B|HCP,1.314608
UmVhY3Rpb246NDAyNzA5,Zn3Cr,Cr3Zn9,111,hollow-tilt|A_A_B|FCC,-0.709447
UmVhY3Rpb246MzQzODEz,Zn3Cr,Cr3Zn9,111,hollow|A_A_A|FCC,1.837305
UmVhY3Rpb246MzQzODE0,Zn3Cr,Cr3Zn9,111,hollow|A_A_A|HCP,2.255013
UmVhY3Rpb246NDAyNzA4,Zn3Cr,Cr3Zn9,111,hollow|A_A_B|HCP,-0.782511
UmVhY3Rpb246MzUwNjcw,Zn3Cr,Cr3Zn9,111,top|B,-0.411932
UmVhY3Rpb246MzQ0MTU3,Zn3Cu,Cu3Zn9,111,hollow|A_A_A|FCC,1.690940
UmVhY3Rpb246MzQ0MTU4,Zn3Cu,Cu3Zn9,111,hollow|A_A_A|HCP,1.691105
UmVhY3Rpb246NDAyODE2,Zn3Cu,Cu3Zn9,111,hollow|A_A_B|FCC,1.793570
UmVhY3Rpb246MzQ0MTU5,Zn3Cu,Cu3Zn9,111,hollow|A_A_B|HCP,1.799321
UmVhY3Rpb246NDAyNzcy,Zn3Fe,Fe3Zn9,111,hollow|A_A_B|FCC,0.643707
UmVhY3Rpb246NDAyNzcz,Zn3Fe,Fe3Zn9,111,hollow|A_A_B|HCP,0.629101
UmVhY3Rpb246MzQwOTA5,Zn3Ga,Ga3Zn9,111,hollow|A_A_A|HCP,0.695727
UmVhY3Rpb246NDI3NzA4,Zn3Ga,Ga3Zn9,111,hollow|A_A_B|HCP,1.091598
UmVhY3Rpb246MzQxODg0,Zn3Hf,Hf3Zn9,111,hollow|A_A_B|HCP,-0.737233
UmVhY3Rpb246MzQ5MTU4,Zn3Hf,Hf3Zn9,111,top|B,0.963395
UmVhY3Rpb246NDI3NzA5,Zn3Hg,Hg3Zn9,111,hollow|A_A_A|HCP,0.547180
UmVhY3Rpb246MzQ4OTA3,Zn3In,In3Zn9,111,hollow|A_A_A|FCC,1.245507
UmVhY3Rpb246MzQ4OTA4,Zn3In,In3Zn9,111,hollow|A_A_A|HCP,0.570699
UmVhY3Rpb246MzQxODEz,Zn3Ir,Ir3Zn9,111,hollow|A_A_A|FCC,2.130123
UmVhY3Rpb246MzQxODE0,Zn3Ir,Ir3Zn9,111,hollow|A_A_A|HCP,2.185184
UmVhY3Rpb246MzQxODE1,Zn3Ir,Ir3Zn9,111,hollow|A_A_B|FCC,1.524212
UmVhY3Rpb246MzQxODE2,Zn3Ir,Ir3Zn9,111,hollow|A_A_B|HCP,1.366920
UmVhY3Rpb246NDAyNjQ2,Zn3La,La3Zn9,111,hollow|A_A_B|HCP,0.074654
UmVhY3Rpb246NDAyNzg1,Zn3Mn,Mn3Zn9,111,hollow|A_A_B|FCC,0.575311
UmVhY3Rpb246NDAyNzg2,Zn3Mn,Mn3Zn9,111,hollow|A_A_B|HCP,0.529765
UmVhY3Rpb246MzQ3NDE2,Zn3Mo,Mo3Zn9,111,hollow|A_A_A|FCC,1.785338
UmVhY3Rpb246NDAyNzE1,Zn3Mo,Mo3Zn9,111,hollow|A_A_B|FCC,-0.716410
UmVhY3Rpb246NDAyNzE2,Zn3Mo,Mo3Zn9,111,hollow|A_A_B|HCP,-0.873199
UmVhY3Rpb246MzY4MjUx,Zn3Mo,Mo3Zn9,111,top|B,-0.353997
UmVhY3Rpb246MzQzMjky,Zn3Nb,Nb3Zn9,111,hollow|A_A_A|FCC,1.308504
UmVhY3Rpb246MzQzMjkz,Zn3Nb,Nb3Zn9,111,hollow|A_A_B|FCC,-0.847109
UmVhY3Rpb246MzQzMjk0,Zn3Nb,Nb3Zn9,111,hollow|A_A_B|HCP,-1.015855
UmVhY3Rpb246MzUwMDU2,Zn3Nb,Nb3Zn9,111,top|B,-0.003160
UmVhY3Rpb246NDAyNzYz,Zn3Ni,Ni3Zn9,111,hollow|A_A_A|FCC,1.862030
UmVhY3Rpb246NDAyNzY0,Zn3Ni,Ni3Zn9,111,hollow|A_A_A|HCP,1.948596
UmVhY3Rpb246MzQ2Nzk0,Zn3Os,Os3Zn9,111,hollow|A_A_A|FCC,2.554417
UmVhY3Rpb246MzQ2Nzk1,Zn3Os,Os3Zn9,111,hollow|A_A_A|HCP,2.656581
UmVhY3Rpb246MzQ2Nzk2,Zn3Os,Os3Zn9,111,hollow|A_A_B|FCC,0.747780
UmVhY3Rpb246MzQ2Nzk3,Zn3Os,Os3Zn9,111,hollow|A_A_B|HCP,0.652263
UmVhY3Rpb246MzQxMzMz,Zn3Pb,Pb3Zn9,111,hollow|A_A_A|FCC,1.186564
UmVhY3Rpb246MzQxMzM0,Zn3Pb,Pb3Zn9,111,hollow|A_A_A|HCP,0.626450
UmVhY3Rpb246MzQ4MzM4,Zn3Pd,Pd3Zn9,111,hollow|A_A_A|FCC,1.570873
UmVhY3Rpb246MzQ4MzM5,Zn3Pd,Pd3Zn9,111,hollow|A_A_A|HCP,1.595949
UmVhY3Rpb246MzQxMTgw,Zn3Pt,Pt3Zn9,111,hollow|A_A_A|FCC,1.752551
UmVhY3Rpb246MzQxMTgx,Zn3Pt,Pt3Zn9,111,hollow|A_A_A|HCP,1.752536
UmVhY3Rpb246MzQxMTgy,Zn3Pt,Pt3Zn9,111,hollow|A_A_B|FCC,1.898322
UmVhY3Rpb246NDAyNzI2,Zn3Re,Re3Zn9,111,hollow-tilt|A_A_B|FCC,-0.378364
UmVhY3Rpb246MzQ2NzUx,Zn3Re,Re3Zn9,111,hollow|A_A_A|FCC,2.525152
UmVhY3Rpb246NDAyNzI1,Zn3Re,Re3Zn9,111,hollow|A_A_B|HCP,-0.336420
UmVhY3Rpb246MzYwNTc2,Zn3Re,Re3Zn9,111,top|B,-0.383022
UmVhY3Rpb246MzQ3Njg2,Zn3Rh,Rh3Zn9,111,hollow|A_A_A|FCC,1.811392
UmVhY3Rpb246NDAyNzUz,Zn3Rh,Rh3Zn9,111,hollow|A_A_A|HCP,1.890823
UmVhY3Rpb246NDAyNzU0,Zn3Rh,Rh3Zn9,111,hollow|A_A_B|HCP,1.661216
UmVhY3Rpb246MzQxMDc4,Zn3Ru,Ru3Zn9,111,hollow|A_A_A|FCC,2.126910
UmVhY3Rpb246NDAyNzM5,Zn3Ru,Ru3Zn9,111,hollow|A_A_B|FCC,1.182839
UmVhY3Rpb246NDAyNzQw,Zn3Ru,Ru3Zn9,111,hollow|A_A_B|HCP,1.007265
UmVhY3Rpb246NDAyNzQx,Zn3Ru,Ru3Zn9,111,top|B,1.162022
UmVhY3Rpb246NDAyNjU2,Zn3Sc,Sc3Zn9,111,hollow|A_A_B|HCP,-0.041201
UmVhY3Rpb246NDAyNjg3,Zn3Ta,Ta3Zn9,111,hollow|A_A_B|HCP,-1.243132
UmVhY3Rpb246MzQzNjEx,Zn3Tc,Tc3Zn9,111,hollow|A_A_A|FCC,2.161977
UmVhY3Rpb246MzQzNjEy,Zn3Tc,Tc3Zn9,111,hollow|A_A_A|HCP,2.464600
UmVhY3Rpb246MzQzNjEz,Zn3Tc,Tc3Zn9,111,hollow|A_A_B|FCC,0.128980
UmVhY3Rpb246MzQzNjE0,Zn3Tc,Tc3Zn9,111,hollow|A_A_B|HCP,0.119836
UmVhY3Rpb246MzQ3MTE3,Zn3Ti,Ti3Zn9,111,hollow|A_A_A|FCC,1.309111
UmVhY3Rpb246NDAyNjc3,Zn3Ti,Ti3Zn9,111,hollow|A_A_B|HCP,-0.683950
UmVhY3Rpb246MzQ4OTUw,Zn3Tl,Tl3Zn9,111,hollow|A_A_A|FCC,1.153881
UmVhY3Rpb246NDI3NzEw,Zn3Tl,Tl3Zn9,111,hollow|A_A_A|HCP,0.778223
UmVhY3Rpb246NDAyNjk4,Zn3V,V3Zn9,111,hollow|A_A_B|FCC,-0.883946
UmVhY3Rpb246NDAyNjk5,Zn3V,V3Zn9,111,hollow|A_A_B|HCP,-0.984760
UmVhY3Rpb246MzQ3OTEz,Zn3W,W3Zn9,111,hollow|A_A_A|FCC,2.027847
UmVhY3Rpb246MzQ3OTE0,Zn3W,W3Zn9,111,hollow|A_A_A|HCP,2.485148
UmVhY3Rpb246MzQ3OTE1,Zn3W,W3Zn9,111,hollow|A_A_B|FCC,-1.021966
UmVhY3Rpb246MzQ3OTE2,Zn3W,W3Zn9,111,hollow|A_A_B|HCP,-1.194992
UmVhY3Rpb246MzQ4NzQ3,Zn3Y,Y3Zn9,111,hollow|A_A_A|FCC,1.185737
UmVhY3Rpb246MzQ4NzQ4,Zn3Y,Y3Zn9,111,hollow|A_A_A|HCP,0.353046
UmVhY3Rpb246MzQ4NzQ5,Zn3Y,Y3Zn9,111,hollow|A_A_B|HCP,0.115691
UmVhY3Rpb246MzQ4Njcy,Zn3Zr,Zn9Zr3,111,hollow|A_A_A|FCC,1.165576
UmVhY3Rpb246MzQ4Njcz,Zn3Zr,Zn9Zr3,111,hollow|A_A_A|HCP,0.502573
UmVhY3Rpb246MzQ4Njc0,Zn3Zr,Zn9Zr3,111,hollow|A_A_B|HCP,-0.584043
UmVhY3Rpb246MzUyNjAy,ZnZr,Zn6Zr6,101,4fold|A_A_B_B,-1.870297
UmVhY3Rpb246NDA2NDQ4,ZnZr,Zn6Zr6,101,bridge|B_B|A,-1.793259
UmVhY3Rpb246MzUyNjAz,ZnZr,Zn6Zr6,101,hollow|A_B_B|HCP,-1.862776
UmVhY3Rpb246MzM5MzAx,Zr,Zr12,111,hollow|A_A_A|FCC,-2.718649
UmVhY3Rpb246MzM5MzAy,Zr,Zr12,111,hollow|A_A_A|HCP,-2.601969
UmVhY3Rpb246MzM5MzA0,Zr,Zr12,111,top|A,0.861998
UmVhY3Rpb246NDA2NDI2,Zr3Ag,Ag3Zr9,111,hollow|A_A_A|FCC,-2.898781
UmVhY3Rpb246MzQ2NDUx,Zr3Ag,Ag3Zr9,111,hollow|A_A_A|HCP,-2.519720
UmVhY3Rpb246MzY4NTQy,Zr3Ag,Ag3Zr9,111,top|B,3.554405
UmVhY3Rpb246NDA2NDY5,Zr3Al,Al3Zr9,111,hollow|A_A_A|FCC,-2.661775
UmVhY3Rpb246MzQzODcw,Zr3Al,Al3Zr9,111,hollow|A_A_A|HCP,-2.298828
UmVhY3Rpb246NDA2NDcw,Zr3Al,Al3Zr9,111,hollow|A_A_B|HCP,-1.779170
UmVhY3Rpb246MzUwNzM3,Zr3Al,Al3Zr9,111,top|B,1.724818
UmVhY3Rpb246NDA2NDE3,Zr3Au,Au3Zr9,111,hollow|A_A_A|FCC,-2.938373
UmVhY3Rpb246NDA2NDE4,Zr3Au,Au3Zr9,111,hollow|A_A_A|HCP,-2.503899
UmVhY3Rpb246MzQxNTAw,Zr3Cd,Cd3Zr9,111,hollow|A_A_A|FCC,-2.942500
UmVhY3Rpb246MzQxNTAx,Zr3Cd,Cd3Zr9,111,hollow|A_A_A|HCP,-2.564745
UmVhY3Rpb246MzQxNTAy,Zr3Cd,Cd3Zr9,111,hollow|A_A_B|FCC,-1.644380
UmVhY3Rpb246NDA2NDU1,Zr3Cd,Cd3Zr9,111,top|B,3.717093
UmVhY3Rpb246NDI4NTIx,Zr3Co,Co3Zr9,111,hollow|A_A_A|FCC,-2.722070
UmVhY3Rpb246MzQ0NTg5,Zr3Cr,Cr3Zr9,111,hollow|A_A_A|FCC,-2.622639
UmVhY3Rpb246MzQ0NTkw,Zr3Cr,Cr3Zr9,111,hollow|A_A_A|HCP,-2.478850
UmVhY3Rpb246MzQ0NTkx,Zr3Cr,Cr3Zr9,111,hollow|A_A_B|FCC,-2.618012
UmVhY3Rpb246MzQ0NTky,Zr3Cr,Cr3Zr9,111,hollow|A_A_B|HCP,-2.581694
UmVhY3Rpb246MzU0MjYx,Zr3Cr,Cr3Zr9,111,top|B,-0.581461
UmVhY3Rpb246MzQzNDU1,Zr3Cu,Cu3Zr9,111,hollow|A_A_A|FCC,-2.679682
UmVhY3Rpb246MzQzNDU2,Zr3Cu,Cu3Zr9,111,hollow|A_A_A|HCP,-2.281923
UmVhY3Rpb246MzQzNDU3,Zr3Cu,Cu3Zr9,111,hollow|A_A_B|FCC,-1.536972
UmVhY3Rpb246MzQzNDU4,Zr3Cu,Cu3Zr9,111,hollow|A_A_B|HCP,-1.489107
UmVhY3Rpb246MzUwMjUx,Zr3Cu,Cu3Zr9,111,top|B,2.153866
UmVhY3Rpb246NDA2Mzc2,Zr3Fe,Fe3Zr9,111,hollow|A_A_A|FCC,-2.632527
UmVhY3Rpb246MzQwMzIx,Zr3Ga,Ga3Zr9,111,hollow|A_A_A|FCC,-2.711596
UmVhY3Rpb246MzQwMzIy,Zr3Ga,Ga3Zr9,111,hollow|A_A_A|HCP,-2.288251
UmVhY3Rpb246MzQwMzIz,Zr3Ga,Ga3Zr9,111,hollow|A_A_B|FCC,-1.322582
UmVhY3Rpb246MzQwMzI0,Zr3Ga,Ga3Zr9,111,hollow|A_A_B|HCP,-1.317759
UmVhY3Rpb246NDA2NDk4,Zr3Ga,Ga3Zr9,111,top|B,2.284504
UmVhY3Rpb246MzQyNjY4,Zr3Hf,Hf3Zr9,111,hollow|A_A_A|FCC,-2.648198
UmVhY3Rpb246MzQyNjY5,Zr3Hf,Hf3Zr9,111,hollow|A_A_A|HCP,-2.519543
UmVhY3Rpb246MzQyNjcw,Zr3Hf,Hf3Zr9,111,hollow|A_A_B|FCC,-2.804186
UmVhY3Rpb246MzQyNjcx,Zr3Hf,Hf3Zr9,111,hollow|A_A_B|HCP,-2.692339
UmVhY3Rpb246MzQ4MTUy,Zr3Hg,Hg3Zr9,111,hollow|A_A_A|FCC,-3.005267
UmVhY3Rpb246MzQ4MTUz,Zr3Hg,Hg3Zr9,111,hollow|A_A_A|HCP,-2.572000
UmVhY3Rpb246NDA2NTA2,Zr3In,In3Zr9,111,hollow|A_A_A|FCC,-2.889397
UmVhY3Rpb246NDA2NTA3,Zr3In,In3Zr9,111,hollow|A_A_A|HCP,-2.557000
UmVhY3Rpb246NDA2NTA4,Zr3In,In3Zr9,111,hollow|A_A_B|FCC,-1.480839
UmVhY3Rpb246NDA2MzM5,Zr3Ir,Ir3Zr9,111,hollow|A_A_A|FCC,-2.876371
UmVhY3Rpb246NDA2MzQw,Zr3Ir,Ir3Zr9,111,hollow|A_A_A|HCP,-2.561134
UmVhY3Rpb246MzQ1MDcw,Zr3La,La3Zr9,111,hollow|A_A_A|FCC,-2.829039
UmVhY3Rpb246MzQ1MDcx,Zr3La,La3Zr9,111,hollow|A_A_A|HCP,-2.718452
UmVhY3Rpb246MzQ1MDcy,Zr3La,La3Zr9,111,hollow|A_A_B|FCC,-2.175294
UmVhY3Rpb246MzQ1MDcz,Zr3La,La3Zr9,111,hollow|A_A_B|HCP,-2.195946
UmVhY3Rpb246NDA2Mzg2,Zr3Mn,Mn3Zr9,111,hollow|A_A_A|FCC,-2.650143
UmVhY3Rpb246NDA2Mzg3,Zr3Mn,Mn3Zr9,111,hollow|A_A_A|HCP,-2.332885
UmVhY3Rpb246NDA2MjYx,Zr3Mo,Mo3Zr9,111,hollow|A_A_A|FCC,-2.741841
UmVhY3Rpb246NDA2MjYy,Zr3Mo,Mo3Zr9,111,hollow|A_A_A|HCP,-2.608402
UmVhY3Rpb246NDA2MjYz,Zr3Mo,Mo3Zr9,111,hollow|A_A_B|HCP,-2.439758
UmVhY3Rpb246NDA2MjI3,Zr3Nb,Nb3Zr9,111,hollow|A_A_A|FCC,-2.698178
UmVhY3Rpb246MzQ4MTQ0,Zr3Nb,Nb3Zr9,111,hollow|A_A_A|HCP,-2.494121
UmVhY3Rpb246NDA2MjI4,Zr3Nb,Nb3Zr9,111,hollow|A_A_B|FCC,-2.708726
UmVhY3Rpb246NDA2MjI5,Zr3Nb,Nb3Zr9,111,top|B,-0.005114
UmVhY3Rpb246MzQ0MDA2,Zr3Os,Os3Zr9,111,hollow|A_A_A|FCC,-2.849125
UmVhY3Rpb246MzQ0MDA3,Zr3Os,Os3Zr9,111,hollow|A_A_A|HCP,-2.637643
UmVhY3Rpb246MzQ0MDA4,Zr3Os,Os3Zr9,111,hollow|A_A_B|FCC,-1.999576
UmVhY3Rpb246MzQ0MDA5,Zr3Os,Os3Zr9,111,hollow|A_A_B|HCP,-1.997239
UmVhY3Rpb246NDA2NTQz,Zr3Pb,Pb3Zr9,111,hollow|A_A_A|FCC,-2.857638
UmVhY3Rpb246MzQ3NjE1,Zr3Pb,Pb3Zr9,111,hollow|A_A_A|HCP,-2.499366
UmVhY3Rpb246MzQzNTI4,Zr3Pd,Pd3Zr9,111,hollow|A_A_A|FCC,-2.880701
UmVhY3Rpb246MzQzNTI5,Zr3Pd,Pd3Zr9,111,hollow|A_A_A|HCP,-2.486679
UmVhY3Rpb246MzQzNTMw,Zr3Pd,Pd3Zr9,111,hollow|A_A_B|FCC,-1.601389
UmVhY3Rpb246MzQzNTMx,Zr3Pd,Pd3Zr9,111,hollow|A_A_B|HCP,-1.565551
UmVhY3Rpb246NDA2NDA1,Zr3Pt,Pt3Zr9,111,hollow|A_A_A|FCC,-2.859887
UmVhY3Rpb246NDA2NDA2,Zr3Pt,Pt3Zr9,111,hollow|A_A_A|HCP,-2.452348
UmVhY3Rpb246NDA2Mjky,Zr3Re,Re3Zr9,111,hollow|A_A_A|FCC,-2.742080
UmVhY3Rpb246NDA2Mjkz,Zr3Re,Re3Zr9,111,hollow|A_A_A|HCP,-2.629018
UmVhY3Rpb246NDA2MzQ4,Zr3Rh,Rh3Zr9,111,hollow|A_A_A|FCC,-2.906921
UmVhY3Rpb246NDA2MzQ5,Zr3Rh,Rh3Zr9,111,hollow|A_A_A|HCP,-2.593183
UmVhY3Rpb246NDA2MzI0,Zr3Ru,Ru3Zr9,111,hollow|A_A_A|FCC,-2.921989
UmVhY3Rpb246NDA2MzI1,Zr3Ru,Ru3Zr9,111,hollow|A_A_A|HCP,-2.726286
UmVhY3Rpb246MzYwNTYx,Zr3Ru,Ru3Zr9,111,top|B,0.873990
UmVhY3Rpb246NDA1Mzg1,Zr3Sc,Sc3Zr9,111,hollow|A_A_B|FCC,-2.572343
UmVhY3Rpb246NDA1Mzg2,Zr3Sc,Sc3Zr9,111,hollow|A_A_B|HCP,-2.527881
UmVhY3Rpb246NDA2NTUx,Zr3Sn,Sn3Zr9,111,hollow|A_A_A|FCC,-2.741435
UmVhY3Rpb246NDA2NTUy,Zr3Sn,Sn3Zr9,111,hollow|A_A_A|HCP,-2.383444
UmVhY3Rpb246NDA2MjEw,Zr3Ta,Ta3Zr9,111,hollow|A_A_A|FCC,-2.613660
UmVhY3Rpb246NDA2MjEx,Zr3Ta,Ta3Zr9,111,hollow|A_A_A|HCP,-2.399329
UmVhY3Rpb246NDA2MjEy,Zr3Ta,Ta3Zr9,111,hollow|A_A_B|FCC,-2.865579
UmVhY3Rpb246MzQyMzky,Zr3Tc,Tc3Zr9,111,hollow|A_A_A|FCC,-2.856480
UmVhY3Rpb246MzQyMzkz,Zr3Tc,Tc3Zr9,111,hollow|A_A_A|HCP,-2.709253
UmVhY3Rpb246MzQyMzk0,Zr3Tc,Tc3Zr9,111,hollow|A_A_B|FCC,-2.198700
UmVhY3Rpb246MzQyMzk1,Zr3Tc,Tc3Zr9,111,hollow|A_A_B|HCP,-2.225846
UmVhY3Rpb246MzQxMTE4,Zr3Ti,Ti3Zr9,111,hollow|A_A_A|FCC,-2.567955
UmVhY3Rpb246MzQxMTE5,Zr3Ti,Ti3Zr9,111,hollow|A_A_A|HCP,-2.383086
UmVhY3Rpb246MzQxMTIw,Zr3Ti,Ti3Zr9,111,hollow|A_A_B|FCC,-2.719436
UmVhY3Rpb246MzQxMTIx,Zr3Ti,Ti3Zr9,111,hollow|A_A_B|HCP,-2.662319
UmVhY3Rpb246NDA2NTM1,Zr3Tl,Tl3Zr9,111,bridge|A_A|B,-1.341697
UmVhY3Rpb246NDA2NTM2,Zr3Tl,Tl3Zr9,111,hollow|A_A_A|FCC,-2.983309
UmVhY3Rpb246NDA2NTM3,Zr3Tl,Tl3Zr9,111,hollow|A_A_A|HCP,-2.623602
UmVhY3Rpb246MzQ0MTgw,Zr3V,V3Zr9,111,hollow|A_A_A|FCC,-2.568005
UmVhY3Rpb246NDA2MjQy,Zr3V,V3Zr9,111,hollow|A_A_A|HCP,-2.337452
UmVhY3Rpb246NDA2Mjgx,Zr3W,W3Zr9,111,hollow|A_A_A|FCC,-2.641530
UmVhY3Rpb246NDA2Mjgy,Zr3W,W3Zr9,111,hollow|A_A_A|HCP,-2.482192
UmVhY3Rpb246NDA1Mzcw,Zr3Y,Y3Zr9,111,hollow|A_A_B|FCC,-2.462135
UmVhY3Rpb246NDA1Mzcx,Zr3Y,Y3Zr9,111,hollow|A_A_B|HCP,-2.431257
UmVhY3Rpb246MzQwMTkx,Zr3Zn,Zn3Zr9,111,hollow|A_A_A|FCC,-2.726808
UmVhY3Rpb246MzQwMTky,Zr3Zn,Zn3Zr9,111,hollow|A_A_A|HCP,-2.288912
UmVhY3Rpb246MzQwMTkz,Zr3Zn,Zn3Zr9,111,hollow|A_A_B|FCC,-1.501845
UmVhY3Rpb246MzQwMTk0,Zr3Zn,Zn3Zr9,111,hollow|A_A_B|HCP,-1.470123
