entry,dim,x,cost
0,f0,0,969.3555623
0,u,-0.7,1087.645374
0,u,-0.35,1018.761897
0,u,-0.15,988.5458807
0,u,-0.05,975.4526592
0,u,0.05,963.5394418
0,u,0.15,952.6979888
0,u,0.35,933.8467427
0,u,0.7,908.2693867
0,v,-0.7,975.0922659
0,v,-0.35,971.9238391
0,v,-0.15,970.3906001
0,v,-0.05,969.6902778
0,v,0.05,969.0307391
0,v,0.15,968.4096089
0,v,0.35,967.2737575
0,v,0.7,965.5862794
0,d4,0.008,978.5523253
0,d4,0.025,998.5809126
0,d4,0.06,1042.028877
0,dc,0.008,973.2628634
0,dc,0.025,981.763941
0,dc,0.06,1000.169509
1,f0,0,6107.204202
1,u,-0.7,8515.489633
1,u,-0.35,7104.817104
1,u,-0.15,6492.86985
1,u,-0.05,6229.448701
1,u,0.05,5990.866462
1,u,0.15,3786.405542
1,u,0.35,1766.089494
1,u,0.7,1235.522201
1,v,-0.7,6144.570207
1,v,-0.35,6123.932667
1,v,-0.15,6113.945918
1,v,-0.05,6109.38437
1,v,0.05,6105.088467
1,v,0.15,6101.042737
1,v,0.35,6093.644371
1,v,0.7,6082.652987
1,d4,0.008,6586.747183
1,d4,0.025,7906.175011
1,d4,0.06,13473.84803
1,dc,-0.06,4180.457714
1,dc,-0.025,5096.871211
1,dc,-0.008,5737.392635
1,dc,0.008,6535.002936
1,dc,0.025,7711.799909
1,dc,0.06,12674.6788
2,f0,0,888.2625227
2,u,-0.7,952.1695118
2,u,-0.35,912.51156
2,u,-0.15,897.3197034
2,u,-0.05,891.0932669
2,u,0.05,885.6015384
2,u,0.15,880.7406513
2,u,0.35,872.5813667
2,u,0.7,862.0608498
2,v,-0.7,893.6455652
2,v,-0.35,890.6724682
2,v,-0.15,889.2337516
2,v,-0.05,888.5766034
2,v,0.05,887.9577244
2,v,0.15,887.3748862
2,v,0.35,886.3090588
2,v,0.7,884.7256117
2,d4,-0.01,877.2154833
2,d4,-0.008,879.4085243
2,d4,0.008,897.2502932
2,d4,0.025,916.8110748
2,d4,0.06,959.2042273
2,dc,-0.06,888.2625227
2,dc,-0.025,888.2625227
2,dc,-0.008,888.2625227
2,dc,0.008,888.2625227
2,dc,0.025,888.2625227
2,dc,0.06,888.2625227
3,f0,0,888.7398751
3,u,-0.7,953.3668869
3,u,-0.35,913.2384464
3,u,-0.15,897.8868148
3,u,-0.05,891.5982279
3,u,0.05,886.0533085
3,u,0.15,881.146621
3,u,0.35,872.9131815
3,u,0.7,862.3021246
3,v,-0.7,894.1481024
3,v,-0.35,891.1610957
3,v,-0.15,889.715648
3,v,-0.05,889.0554252
3,v,0.05,888.4336508
3,v,0.15,887.8480858
3,v,0.35,886.7772718
3,v,0.7,885.1864165
3,d4,-0.01,877.6891173
3,d4,-0.008,879.8828828
3,d4,0.008,897.730789
3,d4,0.025,917.2987258
3,d4,0.06,959.7085581
3,dc,-0.06,888.7398751
3,dc,-0.025,888.7398751
3,dc,-0.008,888.7398751
3,dc,0.008,888.7398751
3,dc,0.025,888.7398751
3,dc,0.06,888.7398751
4,f0,0,885.1586823
4,u,-0.7,948.8901743
4,u,-0.35,908.8867175
4,u,-0.15,893.9492804
4,u,-0.05,887.8964381
4,u,0.05,882.5933559
4,u,0.15,877.9283815
4,u,0.35,870.1620262
4,u,0.7,860.2745696
4,v,-0.7,890.7020337
4,v,-0.35,887.6403969
4,v,-0.15,886.1588348
4,v,-0.05,885.4821165
4,v,0.05,884.8448071
4,v,0.15,884.2446118
4,v,0.35,883.1470436
4,v,0.7,881.516441
4,d4,-0.01,874.1147997
4,d4,-0.008,876.3073341
4,d4,0.008,894.1428771
4,d4,0.025,913.6933541
4,d4,0.06,956.0558025
4,dc,-0.06,885.1586823
4,dc,-0.025,885.1586823
4,dc,-0.008,885.1586823
4,dc,0.008,885.1586823
4,dc,0.025,885.1586823
4,dc,0.06,885.1586823
5,f0,0,898.5450552
5,u,-0.7,953.4805503
5,u,-0.35,923.5928233
5,u,-0.15,909.1543583
5,u,-0.05,901.8662939
5,u,0.05,895.4182822
5,u,0.15,889.6941834
5,u,0.35,880.0474407
5,u,0.7,867.5296477
5,v,-0.7,904.0919698
5,v,-0.35,901.028365
5,v,-0.15,899.5458506
5,v,-0.05,898.8686973
5,v,0.05,898.2309783
5,v,0.15,897.6303971
5,v,0.35,896.5321235
5,v,0.7,894.9004727
5,d4,-0.01,887.4390523
5,d4,-0.008,889.643535
5,d4,0.008,907.5830598
5,d4,0.025,927.2591201
5,d4,0.06,969.9237163
5,dc,-0.02,892.8583521
5,dc,-0.008,898.3631982
5,dc,0.008,898.5450552
5,dc,0.025,898.5450552
5,dc,0.06,898.5450552
6,f0,0,898.5450552
6,u,-0.7,953.4805503
6,u,-0.35,923.5928233
6,u,-0.15,909.1543583
6,u,-0.05,901.8662939
6,u,0.05,895.4182822
6,u,0.15,889.6941834
6,u,0.35,880.0474407
6,u,0.7,867.5296477
6,v,-0.7,904.0919698
6,v,-0.35,901.028365
6,v,-0.15,899.5458506
6,v,-0.05,898.8686973
6,v,0.05,898.2309783
6,v,0.15,897.6303971
6,v,0.35,896.5321235
6,v,0.7,894.9004727
6,d4,-0.01,887.4390523
6,d4,-0.008,889.643535
6,d4,0.008,907.5830598
6,d4,0.025,927.2591201
6,d4,0.06,969.9237163
6,dc,-0.02,892.8583521
6,dc,-0.008,898.3631982
6,dc,0.008,898.5450552
6,dc,0.025,898.5450552
6,dc,0.06,898.5450552
7,f0,0,896.350536
7,u,-0.7,965.746614
7,u,-0.35,923.0276625
7,u,-0.15,906.3717619
7,u,-0.05,899.4903823
7,u,0.05,893.3922821
7,u,0.15,887.9710316
7,u,0.35,878.8181591
7,u,0.7,866.9105409
7,v,-0.7,902.2735934
7,v,-0.35,899.002242
7,v,-0.15,897.4191965
7,v,-0.05,896.6961246
7,v,0.05,896.0151611
7,v,0.15,895.3738538
7,v,0.35,894.2011049
7,v,0.7,892.4588099
7,d4,-0.01,885.2705239
7,d4,-0.008,887.4699158
7,d4,0.008,905.3667953
7,d4,0.025,924.9939001
7,d4,0.06,967.5461312
7,dc,-0.06,896.350536
7,dc,-0.025,896.350536
7,dc,-0.008,896.350536
7,dc,0.008,896.350536
7,dc,0.025,896.350536
7,dc,0.06,896.350536
8,f0,0,896.9724345
8,u,-0.7,967.246327
8,u,-0.35,923.9590599
8,u,-0.15,907.1058565
8,u,-0.05,900.1469095
8,u,0.05,893.9819916
8,u,0.15,888.5028495
8,u,0.35,879.2554438
8,u,0.7,867.2308011
8,v,-0.7,902.9280376
8,v,-0.35,899.6387109
8,v,-0.15,898.046967
8,v,-0.05,897.319922
8,v,0.05,896.6352168
8,v,0.15,895.9903857
8,v,0.35,894.8111928
8,v,0.7,893.0593244
8,d4,-0.01,885.8875161
8,d4,-0.008,888.0878683
8,d4,0.008,905.9928042
8,d4,0.025,925.6291766
8,d4,0.06,968.2027242
8,dc,-0.06,896.9724345
8,dc,-0.025,896.9724345
8,dc,-0.008,896.9724345
8,dc,0.008,896.9724345
8,dc,0.025,896.9724345
8,dc,0.06,896.9724345
9,f0,0,904.7824114
9,u,-0.7,987.6664782
9,u,-0.35,936.1519754
9,u,-0.15,916.4960914
9,u,-0.05,908.4435441
9,u,0.05,901.3404787
9,u,0.15,895.0515141
9,u,0.35,884.487911
9,u,0.7,870.8450568
9,v,-0.7,910.7871311
9,v,-0.35,907.4706769
9,v,-0.15,905.8658057
9,v,-0.05,905.1327647
9,v,0.05,904.4424126
9,v,0.15,903.7922636
9,v,0.35,902.6033457
9,v,0.7,900.8370294
9,d4,-0.01,893.6260249
9,d4,-0.008,895.8403961
9,d4,0.008,913.862402
9,d4,0.025,933.6325736
9,d4,0.06,976.5118254
9,dc,-0.06,902.5553555
9,dc,-0.025,904.7824114
9,dc,-0.008,904.7824114
9,dc,0.008,904.7824114
9,dc,0.025,904.7824114
9,dc,0.06,904.7824114
10,f0,0,895.1267251
10,u,-0.7,975.6263363
10,u,-0.35,927.0129231
10,u,-0.15,907.0293586
10,u,-0.05,898.846641
10,u,0.05,891.629613
10,u,0.15,885.2396411
10,u,0.35,874.5034814
10,u,0.7,860.6214185
10,v,-0.7,901.1405369
10,v,-0.35,897.8190611
10,v,-0.15,896.2117598
10,v,-0.05,895.4776088
10,v,0.05,894.7862115
10,v,0.15,894.135078
10,v,0.35,892.9443599
10,v,0.7,891.1753691
10,d4,0.008,904.0464695
10,d4,0.025,923.4619555
10,d4,0.06,965.5454952
10,dc,-0.06,889.4517447
10,dc,-0.025,895.1267251
10,dc,-0.008,895.1267251
10,dc,0.008,895.1267251
10,dc,0.025,895.1267251
10,dc,0.06,895.1267251
11,f0,0,906.4250173
11,u,-0.7,991.8698497
11,u,-0.35,938.6706478
11,u,-0.15,918.4526785
11,u,-0.05,910.1826086
11,u,0.05,902.8937881
11,u,0.15,896.4451268
11,u,0.35,885.6233049
11,u,0.7,871.6653672
11,v,-0.7,912.5052616
11,v,-0.35,909.1470946
11,v,-0.15,907.522038
11,v,-0.05,906.7797771
11,v,0.05,906.0807422
11,v,0.15,905.4224158
11,v,0.35,904.2185443
11,v,0.7,902.4300121
11,d4,-0.01,895.2539997
11,d4,-0.008,897.4712461
11,d4,0.008,915.5171689
11,d4,0.025,935.3145209
11,d4,0.06,978.2555077
11,dc,-0.06,903.8680108
11,dc,-0.025,906.4250173
11,dc,-0.008,906.4250173
11,dc,0.008,906.4250173
11,dc,0.025,906.4250173
11,dc,0.06,906.4250173
12,f0,0,927.6533412
12,u,-0.7,1030.106365
12,u,-0.35,965.6097302
12,u,-0.15,941.7107171
12,u,-0.05,932.0321238
12,u,0.05,923.5491107
12,u,0.15,916.0811907
12,u,0.35,903.6291605
12,u,0.7,887.7243305
12,v,-0.7,934.2837824
12,v,-0.35,930.6217372
12,v,-0.15,928.8496305
12,v,-0.05,928.040203
12,v,0.05,927.2779128
12,v,0.15,926.560015
12,v,0.35,925.2472061
12,v,0.7,923.2968309
12,d4,-0.02,904.9132479
12,d4,-0.008,918.4515722
12,d4,0.008,937.0004319
12,d4,0.025,957.3632289
12,d4,0.06,1001.576
12,dc,-0.06,927.6533412
12,dc,-0.025,927.6533412
12,dc,-0.008,927.6533412
12,dc,0.008,927.6533412
12,dc,0.025,927.6533412
12,dc,0.06,927.6533412
13,f0,0,918.0836068
13,u,-0.7,986.3814104
13,u,-0.35,946.6475103
13,u,-0.15,929.1855293
13,u,-0.05,921.6119014
13,u,0.05,914.7170161
13,u,0.15,908.4392594
13,u,0.35,896.2315565
13,u,0.7,879.6354084
13,v,-0.7,924.7240651
13,v,-0.35,921.0564874
13,v,-0.15,919.2817035
13,v,-0.05,918.4710531
13,v,0.05,917.7076113
13,v,0.15,916.9886289
13,v,0.35,915.6738366
13,v,0.7,913.7205148
13,d4,-0.01,906.8429652
13,d4,-0.008,909.0737804
13,d4,0.008,927.234632
13,d4,0.025,947.1663235
13,d4,0.06,990.4231553
13,dc,-0.01,913.3840145
13,dc,-0.008,914.3171975
13,dc,0.008,920.7234069
13,dc,0.025,920.7234069
13,dc,0.06,920.7234069
14,f0,0,921.1813395
14,u,-0.7,992.0891657
14,u,-0.35,950.8335594
14,u,-0.15,932.7056048
14,u,-0.05,924.8437618
14,u,0.05,917.6868559
14,u,0.15,911.1708513
14,u,0.35,898.8533338
14,u,0.7,881.531021
14,v,-0.7,927.9820328
14,v,-0.35,924.2259561
14,v,-0.15,922.4083464
14,v,-0.05,921.5781349
14,v,0.05,920.7962712
14,v,0.15,920.0599397
14,v,0.35,918.7134213
14,v,0.7,916.7129657
14,d4,-0.01,909.9210621
14,d4,-0.008,912.1557438
14,d4,0.008,930.3486172
14,d4,0.025,950.3164401
14,d4,0.06,993.6545027
14,dc,-0.01,916.4620565
14,dc,-0.008,917.3991173
14,dc,0.008,924.502572
14,dc,0.025,924.502572
14,dc,0.06,924.502572
15,f0,0,920.8047028
15,u,-0.7,1029.861339
15,u,-0.35,960.92072
15,u,-0.15,935.626348
15,u,-0.05,925.4173492
15,u,0.05,916.4845573
15,u,0.15,908.6314776
15,u,0.35,895.5568652
15,u,0.7,878.8816804
15,v,-0.7,927.6761362
15,v,-0.35,923.8809892
15,v,-0.15,922.0444729
15,v,-0.05,921.2056256
15,v,0.05,920.415629
15,v,0.15,919.6716383
15,v,0.35,918.3111135
15,v,0.7,916.2898493
15,d4,-0.01,909.4995152
15,d4,-0.008,911.7431767
15,d4,0.008,930.0079626
15,d4,0.025,950.0526146
15,d4,0.06,993.5518314
15,dc,-0.06,920.8047028
15,dc,-0.025,920.8047028
15,dc,-0.008,920.8047028
15,dc,0.008,920.8047028
15,dc,0.025,920.8047028
15,dc,0.06,920.8047028
16,f0,0,925.6146743
16,u,-0.7,1026.680163
16,u,-0.35,968.7480324
16,u,-0.15,941.4952293
16,u,-0.05,930.5498935
16,u,0.05,920.9980999
16,u,0.15,912.6202148
16,u,0.35,898.7117767
16,u,0.7,881.0446942
16,v,-0.7,932.5570538
16,v,-0.35,928.7227227
16,v,-0.15,926.8672448
16,v,-0.05,926.0197366
16,v,0.05,925.2215834
16,v,0.15,924.4699111
16,v,0.35,923.0953393
16,v,0.7,921.053206
16,d4,-0.01,914.2574296
16,d4,-0.008,916.5113553
16,d4,0.008,934.8609125
16,d4,0.025,955.0008921
16,d4,0.06,998.7141681
16,dc,-0.06,923.4475873
16,dc,-0.025,925.6146743
16,dc,-0.008,925.6146743
16,dc,0.008,925.6146743
16,dc,0.025,925.6146743
16,dc,0.06,925.6146743
17,f0,0,926.9777999
17,u,-0.7,1028.654349
17,u,-0.35,970.9382203
17,u,-0.15,943.1474662
17,u,-0.05,932.0009528
17,u,0.05,922.280528
17,u,0.15,913.7600382
17,u,0.35,899.6257495
17,u,0.7,881.6912391
17,v,-0.7,933.9748455
17,v,-0.35,930.1103219
17,v,-0.15,928.2402334
17,v,-0.05,927.3860517
17,v,0.05,926.5816137
17,v,0.15,925.8240225
17,v,0.35,924.4386269
17,v,0.7,922.3804133
17,d4,-0.01,915.6062741
17,d4,-0.008,917.8630167
17,d4,0.008,936.23582
17,d4,0.025,956.4019106
17,d4,0.06,1000.173745
17,dc,-0.06,924.4654424
17,dc,-0.025,926.9777999
17,dc,-0.008,926.9777999
17,dc,0.008,926.9777999
17,dc,0.025,926.9777999
17,dc,0.06,926.9777999
18,f0,0,912.7282519
18,u,-0.7,1024.714222
18,u,-0.35,953.7845123
18,u,-0.15,927.8823168
18,u,-0.05,917.4427555
18,u,0.05,908.313846
18,u,0.15,900.2917819
18,u,0.35,886.9399514
18,u,0.7,869.9069147
18,v,-0.7,920.1140611
18,v,-0.35,916.0348203
18,v,-0.15,914.0608276
18,v,-0.05,913.1591867
18,v,0.05,912.3100532
18,v,0.15,911.5103694
18,v,0.35,910.0479997
18,v,0.7,907.8754295
18,d4,0.008,921.7748936
18,d4,0.025,941.4730942
18,d4,0.06,984.1956246
18,dc,-0.06,912.7282519
18,dc,-0.025,912.7282519
18,dc,-0.008,912.7282519
18,dc,0.008,912.7282519
18,dc,0.025,912.7282519
18,dc,0.06,912.7282519
19,f0,0,928.1648402
19,u,-0.7,1049.156151
19,u,-0.35,972.1252607
19,u,-0.15,944.3345066
19,u,-0.05,933.1879931
19,u,0.05,923.4675684
19,u,0.15,914.9470785
19,u,0.35,900.8127898
19,u,0.7,882.8782795
19,v,-0.7,935.7814753
19,v,-0.35,931.5747475
19,v,-0.15,929.5390624
19,v,-0.05,928.6092428
19,v,0.05,927.7335717
19,v,0.15,926.9088957
19,v,0.35,925.4008231
19,v,0.7,923.1603544
19,d4,-0.01,916.7933145
19,d4,-0.008,919.050057
19,d4,0.008,937.4228603
19,d4,0.025,957.5889509
19,d4,0.06,1001.360785
19,dc,-0.06,928.1648402
19,dc,-0.025,928.1648402
19,dc,-0.008,928.1648402
19,dc,0.008,928.1648402
19,dc,0.025,928.1648402
19,dc,0.06,928.1648402
20,f0,0,928.3911096
20,u,-0.7,1049.38242
20,u,-0.35,972.35153
20,u,-0.15,944.5607759
20,u,-0.05,933.4142625
20,u,0.05,923.6938377
20,u,0.15,915.1733479
20,u,0.35,901.0390591
20,u,0.7,883.1045488
20,v,-0.7,936.1258485
20,v,-0.35,931.853891
20,v,-0.15,929.7866405
20,v,-0.05,928.8424031
20,v,0.05,927.9531538
20,v,0.15,927.1156903
20,v,0.35,925.5842335
20,v,0.7,923.3090239
20,d4,-0.01,917.0195838
20,d4,-0.008,919.2763264
20,d4,0.008,937.6491297
20,d4,0.025,957.8152203
20,d4,0.06,1001.587055
20,dc,-0.06,928.3911096
20,dc,-0.025,928.3911096
20,dc,-0.008,928.3911096
20,dc,0.008,928.3911096
20,dc,0.025,928.3911096
20,dc,0.06,928.3911096
21,f0,0,934.0568143
21,u,-0.7,1073.669977
21,u,-0.35,989.0154523
21,u,-0.15,954.0238773
21,u,-0.05,940.2297029
21,u,0.05,928.3083444
21,u,0.15,917.9390349
21,u,0.35,900.897279
21,u,0.7,879.5407383
21,v,-0.7,941.9521143
21,v,-0.35,937.5914777
21,v,-0.15,935.4813143
21,v,-0.05,934.5174759
21,v,0.05,933.6097672
21,v,0.15,932.7549193
21,v,0.35,931.1916718
21,v,0.7,928.8692325
21,d4,0.008,943.2972466
21,d4,0.025,963.4245116
21,d4,0.06,1007.107749
21,dc,-0.06,934.0568143
21,dc,-0.025,934.0568143
21,dc,-0.008,934.0568143
21,dc,0.008,934.0568143
21,dc,0.025,934.0568143
21,dc,0.06,934.0568143
22,f0,0,931.8252518
22,u,-0.7,1024.130825
22,u,-0.35,970.4174293
22,u,-0.15,946.8235386
22,u,-0.05,936.5917743
22,u,0.05,927.2771599
22,u,0.15,918.7958965
22,u,0.35,904.0363306
22,u,0.7,883.9790421
22,v,-0.7,939.8533074
22,v,-0.35,935.4193488
22,v,-0.15,933.273704
22,v,-0.05,932.2936592
22,v,0.05,931.3706878
22,v,0.15,930.5014661
22,v,0.35,928.9119334
22,v,0.7,926.5504434
22,d4,0.008,940.8391738
22,d4,0.025,960.4664016
22,d4,0.06,1003.03125
22,dc,0.008,935.6172279
22,dc,0.025,941.1273583
22,dc,0.06,941.1273583
23,f0,0,933.0143177
23,u,-0.7,1062.495824
23,u,-0.35,979.6585873
23,u,-0.15,950.1188556
23,u,-0.05,938.3214168
23,u,0.05,928.0567806
23,u,0.15,919.0771177
23,u,0.35,904.2176743
23,u,0.7,885.4280115
23,v,-0.7,941.0643491
23,v,-0.35,936.6182531
23,v,-0.15,934.4667349
23,v,-0.05,933.4840074
23,v,0.05,932.5585094
23,v,0.15,931.6869083
23,v,0.35,930.0930244
23,v,0.7,927.7250701
23,d4,-0.01,921.5964691
23,d4,-0.008,923.8623509
23,d4,0.008,942.3105335
23,d4,0.025,962.5612198
23,d4,0.06,1006.522594
23,dc,-0.06,933.0143177
23,dc,-0.025,933.0143177
23,dc,-0.008,933.0143177
23,dc,0.008,933.0143177
23,dc,0.025,933.0143177
23,dc,0.06,933.0143177
24,f0,0,958.4881321
24,u,-0.7,1054.034554
24,u,-0.35,998.3879154
24,u,-0.15,973.9827192
24,u,-0.05,963.4103694
24,u,0.05,953.7934612
24,u,0.15,945.0448202
24,u,0.35,926.7966725
24,u,0.7,900.3488625
24,v,-0.7,966.7152411
24,v,-0.35,962.1713438
24,v,-0.15,959.9724983
24,v,-0.05,958.9681536
24,v,0.05,958.0222974
24,v,0.15,957.1315236
24,v,0.35,955.5025788
24,v,0.7,953.0825364
24,d4,-0.01,946.7207314
24,d4,-0.008,949.055437
24,d4,0.008,968.0739122
24,d4,0.025,988.9702039
24,d4,0.06,1034.398945
24,dc,-0.03,943.4959081
24,dc,-0.025,945.9363913
24,dc,-0.008,954.4067235
24,dc,0.008,962.6327832
24,dc,0.025,969.0956168
24,dc,0.06,969.0956168
25,f0,0,946.2927815
25,u,-0.7,1105.444729
25,u,-0.35,1002.0058
25,u,-0.15,966.5202391
25,u,-0.05,952.5441444
25,u,0.05,940.4730729
25,u,0.15,929.9802962
25,u,0.35,912.7527391
25,u,0.7,891.2062881
25,v,-0.7,954.5339709
25,v,-0.35,949.9822968
25,v,-0.15,947.7796881
25,v,-0.05,946.7736245
25,v,0.05,945.8261495
25,v,0.15,944.9338511
25,v,0.35,943.3021185
25,v,0.7,940.8779342
25,d4,-0.01,934.7194865
25,d4,-0.008,937.0160567
25,d4,0.008,955.7170031
25,d4,0.025,976.2507659
25,d4,0.06,1020.844925
25,dc,-0.06,946.2927815
25,dc,-0.025,946.2927815
25,dc,-0.008,946.2927815
25,dc,0.008,946.2927815
25,dc,0.025,946.2927815
25,dc,0.06,946.2927815
26,f0,0,926.9527667
26,u,-0.7,1042.871803
26,u,-0.35,969.2897518
26,u,-0.15,942.5544784
26,u,-0.05,931.8031197
26,u,0.05,922.4141188
26,u,0.15,914.1740484
26,u,0.35,900.4841664
26,u,0.7,883.0763736
26,v,-0.7,935.2307944
26,v,-0.35,930.6587742
26,v,-0.15,928.4463199
26,v,-0.05,927.4357591
26,v,0.05,926.4840489
26,v,0.15,925.5877619
26,v,0.35,923.9487354
26,v,0.7,921.513715
26,d4,-0.01,915.6092711
26,d4,-0.008,917.8604853
26,d4,0.008,936.1876586
26,d4,0.025,956.3024845
26,d4,0.06,999.9593206
26,dc,-0.06,926.9527667
26,dc,-0.025,926.9527667
26,dc,-0.008,926.9527667
26,dc,0.008,926.9527667
26,dc,0.025,926.9527667
26,dc,0.06,926.9527667
27,f0,0,960.4420265
27,u,-0.7,1057.670137
27,u,-0.35,1001.042424
27,u,-0.15,976.2083663
27,u,-0.05,965.4505458
27,u,0.05,955.6651044
27,u,0.15,946.7632973
27,u,0.35,928.7121266
27,u,0.7,901.6446563
27,v,-0.7,968.7602331
27,v,-0.35,964.1660218
27,v,-0.15,961.9428289
27,v,-0.05,960.9273633
27,v,0.05,959.9710337
27,v,0.15,959.0703964
27,v,0.35,957.4234146
27,v,0.7,954.9765753
27,d4,-0.01,948.6600318
27,d4,-0.008,950.9976239
27,d4,0.008,970.039775
27,d4,0.025,990.9623829
27,d4,0.06,1036.449242
27,dc,-0.03,945.4071497
27,dc,-0.025,947.8544946
27,dc,-0.008,956.3488931
27,dc,0.008,964.5986626
27,dc,0.025,972.1481189
27,dc,0.06,972.1481189
28,f0,0,948.3306987
28,u,-0.7,1112.153849
28,u,-0.35,1005.429927
28,u,-0.15,969.0307952
28,u,-0.05,954.7244192
28,u,0.05,942.3814401
28,u,0.15,931.6623266
28,u,0.35,914.0832747
28,u,0.7,892.1321525
28,v,-0.7,956.6489053
28,v,-0.35,952.054694
28,v,-0.15,949.8315011
28,v,-0.05,948.8160354
28,v,0.05,947.8597059
28,v,0.15,946.9590686
28,v,0.35,945.3120868
28,v,0.7,942.8652475
28,d4,-0.01,936.7338789
28,d4,-0.008,939.0350954
28,d4,0.008,957.7742762
28,d4,0.025,978.350802
28,d4,0.06,1023.040415
28,dc,-0.06,948.3306987
28,dc,-0.025,948.3306987
28,dc,-0.008,948.3306987
28,dc,0.008,948.3306987
28,dc,0.025,948.3306987
28,dc,0.06,948.3306987
29,f0,0,944.6860975
29,u,-0.7,1099.420537
29,u,-0.35,999.0781305
29,u,-0.15,964.462016
29,u,-0.05,950.801325
29,u,0.05,938.9903804
29,u,0.15,928.7144751
29,u,0.35,911.8243674
29,u,0.7,890.6674924
29,v,-0.7,953.0391376
29,v,-0.35,948.4256875
29,v,-0.15,946.1931847
29,v,-0.05,945.1734666
29,v,0.05,944.2131324
29,v,0.15,943.3087236
29,v,0.35,941.6548448
29,v,0.7,939.1977591
29,d4,-0.01,933.1352888
29,d4,-0.008,935.4274184
29,d4,0.008,954.0918145
29,d4,0.025,974.5846866
29,d4,0.06,1019.087544
29,dc,-0.06,944.6860975
29,dc,-0.025,944.6860975
29,dc,-0.008,944.6860975
29,dc,0.008,944.6860975
29,dc,0.025,944.6860975
29,dc,0.06,944.6860975
30,f0,0,946.9080406
30,u,-0.7,1106.059988
30,u,-0.35,1002.621059
30,u,-0.15,967.1354983
30,u,-0.05,953.1594036
30,u,0.05,941.088332
30,u,0.15,930.5955553
30,u,0.35,913.3679982
30,u,0.7,891.8215472
30,v,-0.7,955.4703717
30,v,-0.35,950.7413285
30,v,-0.15,948.4528889
30,v,-0.05,947.4076211
30,v,0.05,946.423225
30,v,0.15,945.4961556
30,v,0.35,943.8008378
30,v,0.7,941.2821882
30,d4,-0.01,935.3347456
30,d4,-0.008,937.6313159
30,d4,0.008,956.3322623
30,d4,0.025,976.866025
30,d4,0.06,1021.460184
30,dc,-0.06,946.9080406
30,dc,-0.025,946.9080406
30,dc,-0.008,946.9080406
30,dc,0.008,946.9080406
30,dc,0.025,946.9080406
30,dc,0.06,946.9080406
31,f0,0,950.8142904
31,u,-0.7,1119.584248
31,u,-0.35,1009.369798
31,u,-0.15,972.0096121
31,u,-0.05,957.3570198
31,u,0.05,944.7295465
31,u,0.15,933.7740043
31,u,0.35,915.8285226
31,u,0.7,893.4567385
31,v,-0.7,959.4037803
31,v,-0.35,954.6597371
31,v,-0.15,952.3640387
31,v,-0.05,951.3154555
31,v,0.05,950.327937
31,v,0.15,949.397927
31,v,0.35,947.6972319
31,v,0.7,945.1705933
31,d4,-0.01,939.1928406
31,d4,-0.008,941.498922
31,d4,0.008,960.2781297
31,d4,0.025,980.8994113
31,d4,0.06,1025.688898
31,dc,-0.06,950.8142904
31,dc,-0.025,950.8142904
31,dc,-0.008,950.8142904
31,dc,0.008,950.8142904
31,dc,0.025,950.8142904
31,dc,0.06,950.8142904
32,f0,0,953.0147726
32,u,-0.7,1127.031595
32,u,-0.35,1013.101955
32,u,-0.15,974.7295332
32,u,-0.05,959.7136316
32,u,0.05,946.7881967
32,u,0.15,935.5854521
32,u,0.35,917.2576399
32,u,0.7,894.4482357
32,v,-0.7,961.6871027
32,v,-0.35,956.8973062
32,v,-0.15,954.5794673
32,v,-0.05,953.5207711
32,v,0.05,952.5237286
32,v,0.15,951.5847493
32,v,0.35,949.867652
32,v,0.7,947.3166456
32,d4,-0.01,941.3675155
32,d4,-0.008,943.6786946
32,d4,0.008,962.4998389
32,d4,0.025,983.1680001
32,d4,0.06,1028.062072
32,dc,-0.06,953.0147726
32,dc,-0.025,953.0147726
32,dc,-0.008,953.0147726
32,dc,0.008,953.0147726
32,dc,0.025,953.0147726
32,dc,0.06,953.0147726
33,f0,0,935.7359499
33,u,-0.7,1092.531089
33,u,-0.35,990.694588
33,u,-0.15,955.703013
33,u,-0.05,941.9088386
33,u,0.05,929.9874801
33,u,0.15,919.6181705
33,u,0.35,902.5764146
33,u,0.7,881.219874
33,v,-0.7,944.5076943
33,v,-0.35,939.6629905
33,v,-0.15,937.3185813
33,v,-0.05,936.2477489
33,v,0.05,935.2392769
33,v,0.15,934.2895338
33,v,0.35,932.5527527
33,v,0.7,929.9725032
33,d4,0.008,944.9763822
33,d4,0.025,965.1036473
33,d4,0.06,1008.786885
33,dc,-0.06,935.7359499
33,dc,-0.025,935.7359499
33,dc,-0.008,935.7359499
33,dc,0.008,935.7359499
33,dc,0.025,935.7359499
33,dc,0.06,935.7359499
34,f0,0,951.4815436
34,u,-0.7,1120.251501
34,u,-0.35,1010.037051
34,u,-0.15,972.6768653
34,u,-0.05,958.024273
34,u,0.05,945.3967997
34,u,0.15,934.4412575
34,u,0.35,916.4957758
34,u,0.7,894.1239917
34,v,-0.7,960.4193141
34,v,-0.35,955.4829128
34,v,-0.15,953.0941301
34,v,-0.05,952.0030296
34,v,0.05,950.9754699
34,v,0.15,950.0077506
34,v,0.35,948.2380968
34,v,0.7,945.60901
34,d4,-0.01,939.8600939
34,d4,-0.008,942.1661752
34,d4,0.008,960.9453829
34,d4,0.025,981.5666646
34,d4,0.06,1026.356151
34,dc,-0.06,951.4815436
34,dc,-0.025,951.4815436
34,dc,-0.008,951.4815436
34,dc,0.008,951.4815436
34,dc,0.025,951.4815436
34,dc,0.06,951.4815436
35,f0,0,962.6099179
35,u,-0.7,1161.216164
35,u,-0.35,1029.704875
35,u,-0.15,986.6830529
35,u,-0.05,970.0155619
35,u,0.05,955.7428837
35,u,0.15,943.4276239
35,u,0.35,923.3890139
35,u,0.7,898.6372421
35,v,-0.7,971.5675726
35,v,-0.35,966.6201891
35,v,-0.15,964.226092
35,v,-0.05,963.1325641
35,v,0.05,962.1027183
35,v,0.15,961.1328461
35,v,0.35,959.3592553
35,v,0.7,956.7243195
35,d4,-0.01,950.8459772
35,d4,-0.008,953.1802093
35,d4,0.008,972.1909246
35,d4,0.025,993.070882
35,d4,0.06,1038.437181
35,dc,-0.06,962.6099179
35,dc,-0.025,962.6099179
35,dc,-0.008,962.6099179
35,dc,0.008,962.6099179
35,dc,0.025,962.6099179
35,dc,0.06,962.6099179
36,f0,0,956.1275768
36,u,-0.7,1135.718703
36,u,-0.35,1017.827702
36,u,-0.15,978.3877749
36,u,-0.05,962.9902
36,u,0.05,949.7523729
36,u,0.15,938.2909081
36,u,0.35,919.5638146
36,u,0.7,896.2987853
36,v,-0.7,965.3157707
36,v,-0.35,960.2410585
36,v,-0.15,957.7853456
36,v,-0.05,956.6636741
36,v,0.05,955.6073236
36,v,0.15,954.6124902
36,v,0.35,952.7932533
36,v,0.7,950.0905032
36,d4,-0.01,944.4532564
36,d4,-0.008,946.7697818
36,d4,0.008,965.6349
36,d4,0.025,986.3522066
36,d4,0.06,1031.355892
36,dc,-0.06,956.1275768
36,dc,-0.025,956.1275768
36,dc,-0.008,956.1275768
36,dc,0.008,956.1275768
36,dc,0.025,956.1275768
36,dc,0.06,956.1275768
37,f0,0,977.4228628
37,u,-0.7,1142.57765
37,u,-0.35,1060.951401
37,u,-0.15,1006.907894
37,u,-0.05,986.4373781
37,u,0.05,969.1077013
37,u,0.15,954.2992265
37,u,0.35,930.4820556
37,u,0.7,901.5192201
37,v,-0.7,986.6833525
37,v,-0.35,981.5687108
37,v,-0.15,979.0936755
37,v,-0.05,977.9631783
37,v,0.05,976.8985161
37,v,0.15,975.895855
37,v,0.35,974.0623037
37,v,0.7,971.3382875
37,d4,-0.005,971.4342247
37,d4,0.008,987.1303148
37,d4,0.025,1008.288673
37,d4,0.06,1054.272137
37,dc,-0.06,977.4228628
37,dc,-0.025,977.4228628
37,dc,-0.008,977.4228628
37,dc,0.008,977.4228628
37,dc,0.025,977.4228628
37,dc,0.06,977.4228628
38,f0,0,960.8535898
38,u,-0.7,1152.702523
38,u,-0.35,1026.050029
38,u,-0.15,984.2907029
38,u,-0.05,968.0689545
38,u,0.05,954.1587239
38,u,0.15,942.1419354
38,u,0.35,922.5607487
38,u,0.7,898.3258204
38,v,-0.7,970.1501714
38,v,-0.35,965.0155958
38,v,-0.15,962.5309143
38,v,-0.05,961.3960111
38,v,0.05,960.3271995
38,v,0.15,959.3206306
38,v,0.35,957.4799333
38,v,0.7,954.7453005
38,d4,-0.01,949.1210251
38,d4,-0.008,951.4490577
38,d4,0.008,970.408803
38,d4,0.025,991.2318312
38,d4,0.06,1036.471236
38,dc,-0.06,960.8535898
38,dc,-0.025,960.8535898
38,dc,-0.008,960.8535898
38,dc,0.008,960.8535898
38,dc,0.025,960.8535898
38,dc,0.06,960.8535898
39,f0,0,938.4235642
39,u,-0.7,1074.25079
39,u,-0.35,987.0471518
39,u,-0.15,956.2143785
39,u,-0.05,943.9387243
39,u,0.05,933.2756186
39,u,0.15,923.9607473
39,u,0.35,908.5738766
39,u,0.7,889.1655319
39,v,-0.7,947.7815394
39,v,-0.35,942.6130557
39,v,-0.15,940.1119656
39,v,-0.05,938.9695676
39,v,0.05,937.8936977
39,v,0.15,936.8804816
39,v,0.35,935.0276285
39,v,0.7,932.2749364
39,d4,-0.01,926.9716096
39,d4,-0.008,929.2442224
39,d4,0.008,947.7478849
39,d4,0.025,968.0607732
39,d4,0.06,1012.161361
39,dc,-0.06,938.4235642
39,dc,-0.025,938.4235642
39,dc,-0.008,938.4235642
39,dc,0.008,938.4235642
39,dc,0.025,938.4235642
39,dc,0.06,938.4235642
40,f0,0,981.117206
40,u,-0.7,1147.275406
40,u,-0.35,1067.767158
40,u,-0.15,1011.614303
40,u,-0.05,990.4308226
40,u,0.05,972.534175
40,u,0.15,957.267662
40,u,0.35,932.7646217
40,u,0.7,903.0515156
40,v,-0.7,990.4883955
40,v,-0.35,985.3126134
40,v,-0.15,982.8079915
40,v,-0.05,981.6639804
40,v,0.05,980.5865912
40,v,0.15,979.5719444
40,v,0.35,977.7164748
40,v,0.7,974.9598958
40,d4,-0.005,975.1043624
40,d4,0.008,990.8641368
40,d4,0.025,1012.109561
40,d4,0.06,1058.286879
40,dc,-0.06,981.117206
40,dc,-0.025,981.117206
40,dc,-0.008,981.117206
40,dc,0.008,981.117206
40,dc,0.025,981.117206
40,dc,0.06,981.117206
41,f0,0,963.7453112
41,u,-0.7,1162.351557
41,u,-0.35,1030.840268
41,u,-0.15,987.8184462
41,u,-0.05,971.1509551
41,u,0.05,956.8782769
41,u,0.15,944.5630172
41,u,0.35,924.5244072
41,u,0.7,899.7726353
41,v,-0.7,973.2955975
41,v,-0.35,968.0208988
41,v,-0.15,965.4684101
41,v,-0.05,964.3025352
41,v,0.05,963.2045556
41,v,0.15,962.1705174
41,v,0.35,960.2795872
41,v,0.7,957.470326
41,d4,-0.01,951.9813705
41,d4,-0.008,954.3156025
41,d4,0.008,973.3263179
41,d4,0.025,994.2062753
41,d4,0.06,1039.572574
41,dc,-0.06,963.7453112
41,dc,-0.025,963.7453112
41,dc,-0.008,963.7453112
41,dc,0.008,963.7453112
41,dc,0.025,963.7453112
41,dc,0.06,963.7453112
42,f0,0,949.7335129
42,u,-0.7,1138.637943
42,u,-0.35,1014.010437
42,u,-0.15,972.8553119
42,u,-0.05,956.8540469
42,u,0.05,943.1246147
42,u,0.15,931.2566294
42,u,0.35,911.8994156
42,u,0.7,887.896123
42,v,-0.7,959.3497896
42,v,-0.35,954.0386439
42,v,-0.15,951.468518
42,v,-0.05,950.2945872
42,v,0.05,949.1890208
42,v,0.15,948.1478376
42,v,0.35,946.2438415
42,v,0.7,943.4151689
42,d4,0.008,959.1009672
42,d4,0.025,979.5087578
42,d4,0.06,1023.817724
42,dc,-0.06,949.7335129
42,dc,-0.025,949.7335129
42,dc,-0.008,949.7335129
42,dc,0.008,949.7335129
42,dc,0.025,949.7335129
42,dc,0.06,949.7335129
43,f0,0,972.7187502
43,u,-0.7,1194.665348
43,u,-0.35,1046.220557
43,u,-0.15,998.9228323
43,u,-0.05,980.7601752
43,u,0.05,965.2777726
43,u,0.15,951.9706026
43,u,0.35,930.419806
43,u,0.7,903.9719959
43,v,-0.7,982.8369956
43,v,-0.35,977.2486086
43,v,-0.15,974.5443224
43,v,-0.05,973.3091126
43,v,0.05,972.1458357
43,v,0.15,971.0503029
43,v,0.35,969.0469184
43,v,0.7,966.0705893
43,d4,-0.01,960.8502937
43,d4,-0.008,963.2051788
43,d4,0.008,982.3856579
43,d4,0.025,1003.455163
43,d4,0.06,1049.243821
43,dc,-0.06,972.7187502
43,dc,-0.025,972.7187502
43,dc,-0.008,972.7187502
43,dc,0.008,972.7187502
43,dc,0.025,972.7187502
43,dc,0.06,972.7187502
44,f0,0,989.0707291
44,u,-0.7,1264.254779
44,u,-0.35,1076.381474
44,u,-0.15,1019.790685
44,u,-0.05,998.4509996
44,u,0.05,980.4275246
44,u,0.15,965.0573468
44,u,0.35,940.398996
44,u,0.7,910.5238213
44,v,-0.7,999.423265
44,v,-0.35,993.7054775
44,v,-0.15,990.9385729
44,v,-0.05,989.6747615
44,v,0.05,988.4845487
44,v,0.15,987.3636484
44,v,0.35,985.3138751
44,v,0.7,982.2686284
44,d4,-0.01,976.9844747
44,d4,-0.008,979.3824051
44,d4,0.008,998.9165857
44,d4,0.025,1020.380821
44,d4,0.06,1067.048676
44,dc,-0.06,989.0707291
44,dc,-0.025,989.0707291
44,dc,-0.008,989.0707291
44,dc,0.008,989.0707291
44,dc,0.025,989.0707291
44,dc,0.06,989.0707291
45,f0,0,1121.64564
45,u,-0.7,1576.036244
45,u,-0.35,1367.199764
45,u,-0.15,1198.396817
45,u,-0.05,1144.138999
45,u,0.05,1101.598952
45,u,0.15,1067.461204
45,u,0.35,1016.391668
45,u,0.7,959.9108285
45,v,-0.7,1136.447057
45,v,-0.35,1128.272117
45,v,-0.15,1124.316168
45,v,-0.05,1122.509248
45,v,0.05,1120.807555
45,v,0.15,1119.204961
45,v,0.35,1116.274322
45,v,0.7,1111.920416
45,d4,-0.01,1107.656343
45,d4,-0.008,1110.430339
45,d4,0.008,1133.055671
45,d4,0.025,1157.972742
45,d4,0.06,1212.348384
45,dc,-0.06,1121.64564
45,dc,-0.025,1121.64564
45,dc,-0.008,1121.64564
45,dc,0.008,1121.64564
45,dc,0.025,1121.64564
45,dc,0.06,1121.64564
46,f0,0,1154.176585
46,u,-0.7,1726.415069
46,u,-0.35,1454.465527
46,u,-0.15,1244.978516
46,u,-0.05,1180.513834
46,u,0.05,1130.891451
46,u,0.15,1091.638362
46,u,0.35,1033.834201
46,u,0.7,971.146134
46,v,-0.7,1170.531288
46,v,-0.35,1161.498456
46,v,-0.15,1157.127362
46,v,-0.05,1155.130821
46,v,0.05,1153.25055
46,v,0.15,1151.479777
46,v,0.35,1148.241591
46,v,0.7,1143.430779
46,d4,-0.01,1139.700426
46,d4,-0.008,1142.570576
46,d4,0.008,1165.987316
46,d4,0.025,1191.79062
46,d4,0.06,1248.153062
46,dc,-0.06,1154.176585
46,dc,-0.025,1154.176585
46,dc,-0.008,1154.176585
46,dc,0.008,1154.176585
46,dc,0.025,1154.176585
46,dc,0.06,1154.176585
47,f0,0,918.2467587
47,u,-0.7,990.623687
47,u,-0.35,946.1377537
47,u,-0.15,928.736299
47,u,-0.05,921.5351214
47,u,0.05,915.146974
47,u,0.15,909.4620026
47,u,0.35,899.8492291
47,u,0.7,888.0055419
47,v,-0.7,940.8597767
47,v,-0.35,928.370428
47,v,-0.15,922.3266852
47,v,-0.05,919.566145
47,v,0.05,916.9663662
47,v,0.15,914.5179867
47,v,0.35,910.0406719
47,v,0.7,903.3889472
47,d4,-0.0006,917.5772255
47,d4,0.008,927.2462473
47,d4,0.025,946.8305016
47,d4,0.06,989.2614421
47,dc,-0.06,918.2467587
47,dc,-0.025,918.2467587
47,dc,-0.008,918.2467587
47,dc,0.008,918.2467587
47,dc,0.025,918.2467587
47,dc,0.06,918.2467587
48,f0,0,944.4484117
48,u,-0.7,1050.816863
48,u,-0.35,984.9474117
48,u,-0.15,959.6191596
48,u,-0.05,949.1970743
48,u,0.05,939.9778008
48,u,0.15,931.7925372
48,u,0.35,917.9897379
48,u,0.7,900.044752
48,v,-0.7,967.222319
48,v,-0.35,954.6441099
48,v,-0.15,948.5573664
48,v,-0.05,945.7771853
48,v,0.05,943.1589093
48,v,0.15,940.6931098
48,v,0.35,936.1839393
48,v,0.7,929.4848883
48,d4,0.008,953.6087127
48,d4,0.025,973.5537151
48,d4,0.06,1016.807363
48,dc,-0.06,944.4484117
48,dc,-0.025,944.4484117
48,dc,-0.008,944.4484117
48,dc,0.008,944.4484117
48,dc,0.025,944.4484117
48,dc,0.06,944.4484117
49,f0,0,910.4746375
49,u,-0.7,970.2767692
49,u,-0.35,933.8583473
49,u,-0.15,919.3196903
49,u,-0.05,913.254093
49,u,0.05,907.8490112
49,u,0.15,903.019541
49,u,0.35,894.9765249
49,u,0.7,885.1241061
49,v,-0.7,933.7751432
49,v,-0.35,920.9060896
49,v,-0.15,914.6786031
49,v,-0.05,911.8341362
49,v,0.05,909.1553181
49,v,0.15,906.6325023
49,v,0.35,902.0190668
49,v,0.7,895.1651144
49,d4,-2e-05,910.4524652
49,d4,0.008,919.4096169
49,d4,0.025,938.8472394
49,d4,0.06,980.9371154
49,dc,-0.06,910.4746375
49,dc,-0.025,910.4746375
49,dc,-0.008,910.4746375
49,dc,0.008,910.4746375
49,dc,0.025,910.4746375
49,dc,0.06,910.4746375
50,f0,0,925.1169389
50,u,-0.7,1002.384392
50,u,-0.35,954.7280075
50,u,-0.15,936.2292068
50,u,-0.05,928.5973749
50,u,0.05,921.8387349
50,u,0.15,915.8332304
50,u,0.35,905.6983679
50,u,0.7,893.1204367
50,v,-0.7,949.0205451
50,v,-0.35,935.8183944
50,v,-0.15,929.4297182
50,v,-0.05,926.5116263
50,v,0.05,923.7634708
50,v,0.15,921.1753554
50,v,0.35,916.4425077
50,v,0.7,909.4111505
50,d4,-0.0018,923.1013093
50,d4,0.008,934.15854
50,d4,0.025,953.8370458
50,d4,0.06,996.4826375
50,dc,-0.06,925.1169389
50,dc,-0.025,925.1169389
50,dc,-0.008,925.1169389
50,dc,0.008,925.1169389
50,dc,0.025,925.1169389
50,dc,0.06,925.1169389
51,f0,0,970.8315178
51,u,-0.7,1116.134478
51,u,-0.35,1024.292668
51,u,-0.15,990.6095694
51,u,-0.05,976.9913926
51,u,0.05,965.0576114
51,u,0.15,954.548605
51,u,0.35,937.0054411
51,u,0.7,914.5184349
51,v,-0.7,996.0295684
51,v,-0.35,982.1124857
51,v,-0.15,975.3778457
51,v,-0.05,972.3017312
51,v,0.05,969.4047558
51,v,0.15,966.676487
51,v,0.35,961.6873429
51,v,0.7,954.2752188
51,d4,-5e-05,970.7735653
51,d4,0.008,980.1770425
51,d4,0.025,1000.531788
51,d4,0.06,1044.70109
51,dc,-0.06,970.8315178
51,dc,-0.025,970.8315178
51,dc,-0.008,970.8315178
51,dc,0.008,970.8315178
51,dc,0.025,970.8315178
51,dc,0.06,970.8315178
52,f0,0,917.3822945
52,u,-0.7,981.0777526
52,u,-0.35,942.1744306
52,u,-0.15,926.7430466
52,u,-0.05,920.3215736
52,u,0.05,914.6075646
52,u,0.15,909.5085935
52,u,0.35,900.8686131
52,u,0.7,890.5684102
52,v,-0.7,942.7810249
52,v,-0.35,928.7531052
52,v,-0.15,921.9648298
52,v,-0.05,918.8642169
52,v,0.05,915.9441696
52,v,0.15,913.1941726
52,v,0.35,908.1652945
52,v,0.7,900.6941395
52,d4,-0.0002,917.1601319
52,d4,0.008,926.3368304
52,d4,0.025,945.8191714
52,d4,0.06,988.0138977
52,dc,-0.06,917.3822945
52,dc,-0.025,917.3822945
52,dc,-0.008,917.3822945
52,dc,0.008,917.3822945
52,dc,0.025,917.3822945
52,dc,0.06,917.3822945
53,f0,0,955.319694
53,u,-0.7,1070.478294
53,u,-0.35,998.8190203
53,u,-0.15,971.5664454
53,u,-0.05,960.3991074
53,u,0.05,950.5426841
53,u,0.15,941.8088325
53,u,0.35,927.1166882
53,u,0.7,908.0809186
53,v,-0.7,980.9833665
53,v,-0.35,966.8091172
53,v,-0.15,959.9500312
53,v,-0.05,956.8170748
53,v,0.05,953.8665676
53,v,0.15,951.0878845
53,v,0.35,946.0065486
53,v,0.7,938.4574597
53,d4,-0.0001,955.2055335
53,d4,0.008,964.5243
53,d4,0.025,984.5675038
53,d4,0.06,1028.041289
53,dc,-0.06,955.319694
53,dc,-0.025,955.319694
53,dc,-0.008,955.319694
53,dc,0.008,955.319694
53,dc,0.025,955.319694
53,dc,0.06,955.319694
54,f0,0,918.7306389
54,u,-0.7,981.062612
54,u,-0.35,943.0311121
54,u,-0.15,927.9116298
54,u,-0.05,921.614244
54,u,0.05,916.007816
54,u,0.15,911.0025778
54,u,0.35,902.6292538
54,u,0.7,892.4830426
54,v,-0.7,945.4330766
54,v,-0.35,930.685109
54,v,-0.15,923.548394
54,v,-0.05,920.2886277
54,v,0.05,917.2186955
54,v,0.15,914.3275422
54,v,0.35,909.0405337
54,v,0.7,901.1858871
54,d4,0.008,927.6760331
54,d4,0.025,947.137655
54,d4,0.06,989.2843684
54,dc,-0.06,918.7306389
54,dc,-0.025,918.7306389
54,dc,-0.008,918.7306389
54,dc,0.008,918.7306389
54,dc,0.025,918.7306389
54,dc,0.06,918.7306389
55,f0,0,1069.45262
55,u,-0.7,1405.981941
55,u,-0.35,1181.775683
55,u,-0.15,1109.737873
55,u,-0.05,1081.852558
55,u,0.05,1057.94469
55,u,0.15,1037.272801
55,u,0.35,1003.498637
55,u,0.7,961.4102127
55,v,-0.7,1096.987169
55,v,-0.35,1081.77962
55,v,-0.15,1074.420508
55,v,-0.05,1071.05916
55,v,0.05,1067.893561
55,v,0.15,1064.912313
55,v,0.35,1059.460549
55,v,0.7,1051.361133
55,d4,0.008,1079.615994
55,d4,0.025,1101.769261
55,d4,0.06,1149.917338
55,dc,-0.06,1069.45262
55,dc,-0.025,1069.45262
55,dc,-0.008,1069.45262
55,dc,0.008,1069.45262
55,dc,0.025,1069.45262
55,dc,0.06,1069.45262
56,f0,0,970.3970434
56,u,-0.7,1101.886849
56,u,-0.35,1019.354099
56,u,-0.15,988.5861911
56,u,-0.05,976.0717088
56,u,0.05,965.0700637
56,u,0.15,955.3550566
56,u,0.35,939.0820297
56,u,0.7,918.1237541
56,v,-0.7,999.1941669
56,v,-0.35,983.2892878
56,v,-0.15,975.5927296
56,v,-0.05,972.0772494
56,v,0.05,968.7664949
56,v,0.15,965.6485437
56,v,0.35,959.9467931
56,v,0.7,951.4759849
56,d4,0.008,979.6776772
56,d4,0.025,999.8890856
56,d4,0.06,1043.738795
56,dc,-0.06,970.3970434
56,dc,-0.025,970.3970434
56,dc,-0.008,970.3970434
56,dc,0.008,970.3970434
56,dc,0.025,970.3970434
56,dc,0.06,970.3970434
57,f0,0,1073.208507
57,u,-0.7,1409.747302
57,u,-0.35,1185.534531
57,u,-0.15,1113.494785
57,u,-0.05,1085.608755
57,u,0.05,1061.700293
57,u,0.15,1041.027907
57,u,0.35,1007.252971
57,u,0.7,965.1636821
57,v,-0.7,1102.690328
57,v,-0.35,1086.407285
57,v,-0.15,1078.527729
57,v,-0.05,1074.928662
57,v,0.05,1071.539189
57,v,0.15,1068.347104
57,v,0.35,1062.509785
57,v,0.7,1053.83757
57,d4,-2e-05,1073.183302
57,d4,0.008,1083.37229
57,d4,0.025,1105.526462
57,d4,0.06,1153.676565
57,dc,-0.06,1073.208507
57,dc,-0.025,1073.208507
57,dc,-0.008,1073.208507
57,dc,0.008,1073.208507
57,dc,0.025,1073.208507
57,dc,0.06,1073.208507
58,f0,0,1140.293054
58,u,-0.7,1557.56199
58,u,-0.35,1288.226059
58,u,-0.15,1193.300603
58,u,-0.05,1156.608167
58,u,0.05,1125.149791
58,u,0.15,1097.937871
58,u,0.35,1053.427271
58,u,0.7,997.8058818
58,v,-0.7,1170.198949
58,v,-0.35,1153.681686
58,v,-0.15,1145.688789
58,v,-0.05,1142.037952
58,v,0.05,1138.599724
58,v,0.15,1135.361723
58,v,0.35,1129.440439
58,v,0.7,1120.64348
58,d4,0.008,1150.9674
58,d4,0.025,1174.239223
58,d4,0.06,1224.839442
58,dc,-0.06,1140.293054
58,dc,-0.025,1140.293054
58,dc,-0.008,1140.293054
58,dc,0.008,1140.293054
58,dc,0.025,1140.293054
58,dc,0.06,1140.293054
59,f0,0,1075.168563
59,u,-0.7,1411.697884
59,u,-0.35,1187.491626
59,u,-0.15,1115.453816
59,u,-0.05,1087.568501
59,u,0.05,1063.660634
59,u,0.15,1042.988744
59,u,0.35,1009.21458
59,u,0.7,967.1261558
59,v,-0.7,1105.686615
59,v,-0.35,1088.831254
59,v,-0.15,1080.674746
59,v,-0.05,1076.949179
59,v,0.05,1073.440573
59,v,0.15,1070.136291
59,v,0.35,1064.093802
59,v,0.7,1055.116775
59,d4,0.008,1085.331937
59,d4,0.025,1107.485204
59,d4,0.06,1155.633281
59,dc,-0.06,1075.168563
59,dc,-0.025,1075.168563
59,dc,-0.008,1075.168563
59,dc,0.008,1075.168563
59,dc,0.025,1075.168563
59,dc,0.06,1075.168563
60,f0,0,1129.059103
60,u,-0.7,1538.720355
60,u,-0.35,1267.184396
60,u,-0.15,1178.825845
60,u,-0.05,1144.408461
60,u,0.05,1114.787433
60,u,0.15,1089.082845
60,u,0.35,1046.880102
60,u,0.7,993.8849335
60,v,-0.7,1159.597639
60,v,-0.35,1142.730964
60,v,-0.15,1134.568982
60,v,-0.05,1130.840914
60,v,0.05,1127.329953
60,v,0.15,1124.023454
60,v,0.35,1117.976908
60,v,0.7,1108.993856
60,d4,0.008,1139.61253
60,d4,0.025,1162.618734
60,d4,0.06,1212.632173
60,dc,-0.06,1129.059103
60,dc,-0.025,1129.059103
60,dc,-0.008,1129.059103
60,dc,0.008,1129.059103
60,dc,0.025,1129.059103
60,dc,0.06,1129.059103
61,f0,0,1194.841929
61,u,-0.7,1739.784493
61,u,-0.35,1383.049655
61,u,-0.15,1260.830765
61,u,-0.05,1214.990148
61,u,0.05,1176.265632
61,u,0.15,1143.176699
61,u,0.35,1089.819142
61,u,0.7,1024.35854
61,v,-0.7,1228.920873
61,v,-0.35,1210.098803
61,v,-0.15,1200.990581
61,v,-0.05,1196.83031
61,v,0.05,1192.912314
61,v,0.15,1189.222484
61,v,0.35,1182.474948
61,v,0.7,1172.450467
61,d4,0.008,1205.979545
61,d4,0.025,1230.269618
61,d4,0.06,1283.122117
61,dc,-0.06,1194.841929
61,dc,-0.025,1194.841929
61,dc,-0.008,1194.841929
61,dc,0.008,1194.841929
61,dc,0.025,1194.841929
61,dc,0.06,1194.841929
62,f0,0,1139.107252
62,u,-0.7,1684.480209
62,u,-0.35,1301.524945
62,u,-0.15,1195.481481
62,u,-0.05,1156.250137
62,u,0.05,1123.358099
62,u,0.15,1095.443093
62,u,0.35,1050.819706
62,u,0.7,996.7794932
62,v,-0.7,1173.645328
62,v,-0.35,1154.569675
62,v,-0.15,1145.338743
62,v,-0.05,1141.122421
62,v,0.05,1137.15164
62,v,0.15,1133.412098
62,v,0.35,1126.573655
62,v,0.7,1116.414119
62,d4,0.008,1149.855057
62,d4,0.025,1173.294066
62,d4,0.06,1224.291519
62,dc,-0.06,1139.107252
62,dc,-0.025,1139.107252
62,dc,-0.008,1139.107252
62,dc,0.008,1139.107252
62,dc,0.025,1139.107252
62,dc,0.06,1139.107252
63,f0,0,972.7395424
63,u,-0.7,1030.105113
63,u,-0.35,995.2057871
63,u,-0.15,981.2393809
63,u,-0.05,975.4104466
63,u,0.05,970.2167173
63,u,0.15,965.5775467
63,u,0.35,958.4023266
63,u,0.7,948.9433747
63,v,-0.7,1019.841818
63,v,-0.35,993.8268587
63,v,-0.15,981.2379137
63,v,-0.05,975.4877867
63,v,0.05,970.072521
63,v,0.15,964.9726159
63,v,0.35,955.646496
63,v,0.7,941.7911419
63,d4,-0.017,953.6238181
63,d4,-0.008,963.6686443
63,d4,0.008,981.9482931
63,d4,0.025,1001.992775
63,dc,-0.06,972.7395424
63,dc,-0.025,972.7395424
63,dc,-0.008,972.7395424
63,dc,0.008,972.7395424
63,dc,0.025,972.7395424
64,f0,0,997.5958988
64,u,-0.7,1085.18393
64,u,-0.35,1031.522527
64,u,-0.15,1010.385258
64,u,-0.05,1001.609285
64,u,0.05,993.8092251
64,u,0.15,986.8557745
64,u,0.35,975.0727798
64,u,0.7,960.6512716
64,v,-0.7,1049.325372
64,v,-0.35,1020.754775
64,v,-0.15,1006.929127
64,v,-0.05,1000.614123
64,v,0.05,994.6668766
64,v,0.15,989.0659708
64,v,0.35,978.8236786
64,v,0.7,963.6072126
64,d4,-0.009,987.3890934
64,d4,-0.008,988.5145598
64,d4,0.008,1006.817781
64,d4,0.025,1026.898004
64,d4,0.06,1070.452565
64,dc,-0.06,997.5958988
64,dc,-0.025,997.5958988
64,dc,-0.008,997.5958988
64,dc,0.008,997.5958988
64,dc,0.025,997.5958988
64,dc,0.06,997.5958988
65,f0,0,1834.918956
65,u,-0.7,2555.503968
65,u,-0.35,2134.250515
65,u,-0.15,1950.82203
65,u,-0.05,1871.685946
65,u,0.05,1799.900915
65,u,0.15,1667.101166
65,u,0.35,1453.873832
65,u,0.7,1249.649428
65,v,-0.7,1888.844113
65,v,-0.35,1859.060822
65,v,-0.15,1844.648337
65,v,-0.05,1838.06529
65,v,0.05,1831.86561
65,v,0.15,1826.026971
65,v,0.35,1815.349939
65,v,0.7,1799.487603
65,d4,0.008,1857.133191
65,d4,0.025,1906.090745
65,d4,0.06,2015.100349
65,dc,-0.06,1735.020594
65,dc,-0.025,1791.296344
65,dc,-0.008,1820.626183
65,dc,0.008,1849.540709
65,dc,0.025,1881.758006
65,dc,0.06,1935.721012
66,f0,0,1075.837045
66,u,-0.7,1253.995362
66,u,-0.35,1141.771195
66,u,-0.15,1100.300845
66,u,-0.05,1083.466356
66,u,0.05,1068.677019
66,u,0.15,1055.622338
66,u,0.35,1033.759588
66,u,0.7,1005.598924
66,v,-0.7,1138.932045
66,v,-0.35,1104.084178
66,v,-0.15,1087.220885
66,v,-0.05,1079.518406
66,v,0.05,1072.264485
66,v,0.15,1065.433
66,v,0.35,1052.940365
66,v,0.7,1034.380677
66,d4,-0.004,1071.090378
66,d4,0.008,1085.443415
66,d4,0.025,1106.372711
66,d4,0.06,1151.816322
66,dc,-0.06,1075.837045
66,dc,-0.025,1075.837045
66,dc,-0.008,1075.837045
66,dc,0.008,1075.837045
66,dc,0.025,1075.837045
66,dc,0.06,1075.837045
67,f0,0,1188.115186
67,u,-0.7,1567.372292
67,u,-0.35,1318.000318
67,u,-0.15,1235.138588
67,u,-0.05,1202.644711
67,u,0.05,1174.585198
67,u,0.15,1150.167495
67,u,0.35,1109.946444
67,u,0.7,1059.226388
67,v,-0.7,1254.012079
67,v,-0.35,1217.616704
67,v,-0.15,1200.004553
67,v,-0.05,1191.960027
67,v,0.05,1184.383977
67,v,0.15,1177.249122
67,v,0.35,1164.20172
67,v,0.7,1144.817842
67,d4,-0.002,1185.519712
67,d4,0.008,1198.602508
67,d4,0.025,1221.464099
67,d4,0.06,1271.160953
67,dc,-0.06,1188.115186
67,dc,-0.025,1188.115186
67,dc,-0.008,1188.115186
67,dc,0.008,1188.115186
67,dc,0.025,1188.115186
67,dc,0.06,1188.115186
68,f0,0,4193.124496
68,u,-0.7,7175.228919
68,u,-0.35,5430.150303
68,u,-0.15,4671.762435
68,u,-0.05,4344.907715
68,u,0.05,4048.607665
68,u,0.15,3779.990779
68,u,0.35,3315.650094
68,u,0.7,2692.77749
68,v,-0.7,4321.769223
68,v,-0.35,4250.717723
68,v,-0.15,4216.335066
68,v,-0.05,4200.630442
68,v,0.05,4185.840385
68,v,0.15,4171.911633
68,v,0.35,4146.440334
68,v,0.7,4108.598888
68,d4,0.008,4233.505029
68,d4,0.025,4322.02154
68,d4,0.06,4516.780757
68,dc,-0.06,3958.375775
68,dc,-0.025,4091.257024
68,dc,-0.008,4159.856719
68,dc,0.008,4227.048846
68,dc,0.025,4301.409247
68,dc,0.06,4465.003744
69,f0,0,4237.478201
69,u,-0.7,7256.173204
69,u,-0.35,5489.659139
69,u,-0.15,4721.974874
69,u,-0.05,4391.118487
69,u,0.05,4091.193992
69,u,0.15,3819.294288
69,u,0.35,3349.286995
69,u,0.7,2718.83559
69,v,-0.7,4367.085103
69,v,-0.35,4295.502186
69,v,-0.15,4260.86237
69,v,-0.05,4245.040287
69,v,0.05,4230.13961
69,v,0.15,4216.10668
69,v,0.35,4190.444874
69,v,0.7,4152.320399
69,d4,0.008,4278.788785
69,d4,0.025,4369.37986
69,d4,0.06,4568.877208
69,dc,-0.06,3997.093513
69,dc,-0.025,4133.114457
69,dc,-0.008,4203.386655
69,dc,0.008,4272.251113
69,dc,0.025,4348.501694
69,dc,0.06,4516.400748
70,f0,0,5591.797984
70,u,-0.7,9732.749552
70,u,-0.35,7308.748574
70,u,-0.15,6255.957663
70,u,-0.05,5802.385376
70,u,0.05,5391.318308
70,u,0.15,5018.756584
70,u,0.35,4375.003509
70,u,0.7,3512.197514
70,v,-0.7,5748.988626
70,v,-0.35,5662.170991
70,v,-0.15,5620.158916
70,v,-0.05,5600.969479
70,v,0.05,5582.897548
70,v,0.15,5565.878044
70,v,0.35,5534.754733
70,v,0.7,5488.516373
70,d4,0.008,5666.837773
70,d4,0.025,5833.420797
70,d4,0.06,6210.39516
70,dc,-0.06,5149.01191
70,dc,-0.025,5396.731064
70,dc,-0.008,5527.588668
70,dc,0.008,5657.78663
70,dc,0.025,5804.269974
70,dc,0.06,6135.726296
71,f0,0,6262.868423
71,u,-0.7,10962.79673
71,u,-0.35,8211.283617
71,u,-0.15,7016.497925
71,u,-0.05,6501.813836
71,u,0.05,6035.401777
71,u,0.15,5612.716986
71,u,0.35,4882.457222
71,u,0.7,3903.979219
71,v,-0.7,6432.67
71,v,-0.35,6338.887246
71,v,-0.15,6293.504668
71,v,-0.05,6272.77572
71,v,0.05,6253.253931
71,v,0.15,6234.869004
71,v,0.35,6201.248763
71,v,0.7,6151.300837
71,d4,0.008,6358.494258
71,d4,0.025,6572.090231
71,d4,0.06,7062.252179
71,dc,-0.06,5698.731208
71,dc,-0.025,6012.571217
71,dc,-0.008,6180.167932
71,dc,0.008,6348.181473
71,dc,0.025,6538.733646
71,dc,0.06,6975.972521
72,f0,0,6020.750378
72,u,-0.7,10816.55432
72,u,-0.35,8009.225111
72,u,-0.15,6789.955419
72,u,-0.05,6264.648041
72,u,0.05,5788.555487
72,u,0.15,5357.042838
72,u,0.35,4611.366746
72,u,0.7,3611.713233
72,v,-0.7,6192.580949
72,v,-0.35,6097.677565
72,v,-0.15,6051.752701
72,v,-0.05,6030.776059
72,v,0.05,6011.021001
72,v,0.15,5992.416388
72,v,0.35,5958.394412
72,v,0.7,5907.849648
72,d4,0.008,6067.196389
72,d4,0.025,6168.404665
72,d4,0.06,6388.208803
72,dc,0.008,6061.976577
72,dc,0.025,6151.808468
72,dc,0.06,6346.89554
73,f0,0,6020.750378
73,u,-0.7,10816.55432
73,u,-0.35,8009.225111
73,u,-0.15,6789.955419
73,u,-0.05,6264.648041
73,u,0.05,5788.555487
73,u,0.15,5357.042838
73,u,0.35,4611.366746
73,u,0.7,3611.713233
73,v,-0.7,6192.580949
73,v,-0.35,6097.677565
73,v,-0.15,6051.752701
73,v,-0.05,6030.776059
73,v,0.05,6011.021001
73,v,0.15,5992.416388
73,v,0.35,5958.394412
73,v,0.7,5907.849648
73,d4,0.008,6067.196389
73,d4,0.025,6168.404665
73,d4,0.06,6388.208803
73,dc,0.008,6061.976577
73,dc,0.025,6151.808468
73,dc,0.06,6346.89554
74,f0,0,6020.750378
74,u,-0.7,10816.55432
74,u,-0.35,8009.225111
74,u,-0.15,6789.955419
74,u,-0.05,6264.648041
74,u,0.05,5788.555487
74,u,0.15,5357.042838
74,u,0.35,4611.366746
74,u,0.7,3611.713233
74,v,-0.7,6192.580949
74,v,-0.35,6097.677565
74,v,-0.15,6051.752701
74,v,-0.05,6030.776059
74,v,0.05,6011.021001
74,v,0.15,5992.416388
74,v,0.35,5958.394412
74,v,0.7,5907.849648
74,d4,0.008,6067.196389
74,d4,0.025,6168.404665
74,d4,0.06,6388.208803
74,dc,0.008,6061.976577
74,dc,0.025,6151.808468
74,dc,0.06,6346.89554
75,f0,0,6020.750378
75,u,-0.7,10816.55432
75,u,-0.35,8009.225111
75,u,-0.15,6789.955419
75,u,-0.05,6264.648041
75,u,0.05,5788.555487
75,u,0.15,5357.042838
75,u,0.35,4611.366746
75,u,0.7,3611.713233
75,v,-0.7,6192.580949
75,v,-0.35,6097.677565
75,v,-0.15,6051.752701
75,v,-0.05,6030.776059
75,v,0.05,6011.021001
75,v,0.15,5992.416388
75,v,0.35,5958.394412
75,v,0.7,5907.849648
75,d4,0.008,6067.196389
75,d4,0.025,6168.404665
75,d4,0.06,6388.208803
75,dc,0.008,6061.976577
75,dc,0.025,6151.808468
75,dc,0.06,6346.89554
76,f0,0,7392.293044
76,u,-0.7,12705.83019
76,u,-0.35,9594.443938
76,u,-0.15,8243.914388
76,u,-0.05,7662.28309
76,u,0.05,7135.296982
76,u,0.15,6657.809152
76,u,0.35,5833.12717
76,u,0.7,4728.874958
76,v,-0.7,7575.337041
76,v,-0.35,7474.240394
76,v,-0.15,7425.318536
76,v,-0.05,7402.972987
76,v,0.05,7381.928741
76,v,0.15,7362.110017
76,v,0.35,7325.867814
76,v,0.7,7272.024568
76,d4,0.008,7586.411692
76,d4,0.025,8036.12819
76,d4,0.06,9161.049083
76,dc,-0.06,6317.433297
76,dc,-0.025,6896.610116
76,dc,-0.008,7224.991975
76,dc,0.008,7568.685261
76,dc,0.025,7977.310027
76,dc,0.06,8999.307385
77,f0,0,7783.175383
77,u,-0.7,13754.665
77,u,-0.35,10258.07118
77,u,-0.15,8740.298054
77,u,-0.05,8086.617488
77,u,0.05,7494.331927
77,u,0.15,6957.656012
77,u,0.35,6030.675446
77,u,0.7,4789.187219
77,v,-0.7,7979.622997
77,v,-0.35,7871.123426
77,v,-0.15,7818.619207
77,v,-0.05,7794.637378
77,v,0.05,7772.052142
77,v,0.15,7750.782168
77,v,0.35,7711.886086
77,v,0.7,7654.100104
77,d4,0.008,7935.115676
77,d4,0.025,8279.354153
77,d4,0.06,9095.653731
77,dc,-0.06,6895.364977
77,dc,-0.025,7383.038331
77,dc,-0.008,7649.839169
77,dc,0.008,7921.910137
77,dc,0.025,8236.216833
77,dc,0.06,8981.471161
78,f0,0,1131.457284
78,u,-0.7,1362.059519
78,u,-0.35,1270.6467
78,u,-0.15,1230.805482
78,u,-0.05,1162.060912
78,u,0.05,1105.189294
78,u,0.15,1062.560574
78,u,0.35,1003.564246
78,u,0.7,944.9293144
78,v,-0.7,1138.644832
78,v,-0.35,1134.675093
78,v,-0.15,1132.754089
78,v,-0.05,1131.876651
78,v,0.05,1131.050312
78,v,0.15,1130.272094
78,v,0.35,1128.84898
78,v,0.7,1126.734729
78,d4,-0.017,1105.887542
78,d4,-0.008,1119.302739
78,d4,0.008,1143.834662
78,d4,0.025,1170.906058
78,d4,0.06,1230.186392
78,dc,-0.06,1131.457284
78,dc,-0.025,1131.457284
78,dc,-0.008,1131.457284
78,dc,0.008,1131.457284
78,dc,0.025,1131.457284
78,dc,0.06,1131.457284
79,f0,0,1140.042194
79,u,-0.7,1356.106393
79,u,-0.35,1263.706259
79,u,-0.15,1223.429495
79,u,-0.05,1172.732956
79,u,0.05,1112.11051
79,u,0.15,1067.029716
79,u,0.35,1005.136637
79,u,0.7,944.1803152
79,v,-0.7,1147.275468
79,v,-0.35,1143.280473
79,v,-0.15,1141.347248
79,v,-0.05,1140.464229
79,v,0.05,1139.632632
79,v,0.15,1138.849463
79,v,0.35,1137.417295
79,v,0.7,1135.289594
79,d4,-0.014,1118.696665
79,d4,-0.008,1127.762078
79,d4,0.008,1152.548551
79,d4,0.025,1179.905928
79,d4,0.06,1239.830985
79,dc,-0.06,1140.042194
79,dc,-0.025,1140.042194
79,dc,-0.008,1140.042194
79,dc,0.008,1140.042194
79,dc,0.025,1140.042194
79,dc,0.06,1140.042194
80,f0,0,1157.921247
80,u,-0.7,1453.301189
80,u,-0.35,1358.639391
80,u,-0.15,1291.243475
80,u,-0.05,1194.311478
80,u,0.05,1127.185848
80,u,0.15,1078.284134
80,u,0.35,1012.627947
80,u,0.7,949.8888818
80,v,-0.7,1165.286491
80,v,-0.35,1161.218608
80,v,-0.15,1159.250112
80,v,-0.05,1158.350982
80,v,0.05,1157.504212
80,v,0.15,1156.706755
80,v,0.35,1155.248457
80,v,0.7,1153.081936
80,d4,-0.022,1123.365055
80,d4,-0.008,1145.151954
80,d4,0.008,1170.931543
80,d4,0.025,1199.41162
80,d4,0.06,1261.894451
80,dc,-0.06,1157.921247
80,dc,-0.025,1157.921247
80,dc,-0.008,1157.921247
80,dc,0.008,1157.921247
80,dc,0.025,1157.921247
80,dc,0.06,1157.921247
81,f0,0,1157.910005
81,u,-0.7,1379.719059
81,u,-0.35,1283.769694
81,u,-0.15,1241.951308
81,u,-0.05,1193.330892
81,u,0.05,1127.801367
81,u,0.15,1079.507448
81,u,0.35,1013.804234
81,u,0.7,949.783454
81,v,-0.7,1165.316281
81,v,-0.35,1161.225736
81,v,-0.15,1159.246273
81,v,-0.05,1158.342134
81,v,0.05,1157.490647
81,v,0.15,1156.688747
81,v,0.35,1155.222325
81,v,0.7,1153.043734
81,d4,-0.016,1133.003775
81,d4,-0.008,1145.343014
81,d4,0.008,1170.711338
81,d4,0.025,1198.72385
81,d4,0.06,1260.131137
81,dc,-0.06,1156.264368
81,dc,-0.025,1157.910005
81,dc,-0.008,1157.910005
81,dc,0.008,1157.910005
81,dc,0.025,1157.910005
81,dc,0.06,1157.910005
82,f0,0,1231.642968
82,u,-0.7,1431.475004
82,u,-0.35,1331.430158
82,u,-0.15,1287.852446
82,u,-0.05,1269.053965
82,u,0.05,1187.444989
82,u,0.15,1119.700427
82,u,0.35,1033.374192
82,u,0.7,955.4449096
82,v,-0.7,1239.254086
82,v,-0.35,1235.050405
82,v,-0.15,1233.016194
82,v,-0.05,1232.087048
82,v,0.05,1231.212011
82,v,0.15,1230.387933
82,v,0.35,1228.880952
82,v,0.7,1226.642106
82,d4,-0.014,1207.369294
82,d4,-0.008,1217.671455
82,d4,0.008,1245.890925
82,d4,0.025,1277.125115
82,d4,0.06,1345.865072
82,dc,-0.06,1193.57083
82,dc,-0.025,1231.050956
82,dc,-0.008,1231.642968
82,dc,0.008,1231.642968
82,dc,0.025,1231.642968
82,dc,0.06,1231.642968
83,f0,0,1220.953343
83,u,-0.7,1418.153835
83,u,-0.35,1302.95417
83,u,-0.15,1252.717957
83,u,-0.05,1231.031451
83,u,0.05,1211.353313
83,u,0.15,1193.498194
83,u,0.35,1090.671622
83,u,0.7,984.3083022
83,v,-0.7,1229.236083
83,v,-0.35,1224.66146
83,v,-0.15,1222.447746
83,v,-0.05,1221.43661
83,v,0.05,1220.484358
83,v,0.15,1219.587561
83,v,0.35,1217.947601
83,v,0.7,1215.511194
83,d4,-0.012,1197.808933
83,d4,-0.008,1205.437897
83,d4,0.008,1236.822053
83,d4,0.025,1271.773258
83,d4,0.06,1349.492766
83,dc,-0.06,1164.077446
83,dc,-0.025,1196.147168
83,dc,-0.008,1212.830588
83,dc,0.008,1229.258257
83,dc,0.025,1247.540431
83,dc,0.06,1288.149351
84,f0,0,1141.59679
84,u,-0.7,1350.652555
84,u,-0.35,1228.638833
84,u,-0.15,1175.341048
84,u,-0.05,1152.307401
84,u,0.05,1131.389975
84,u,0.15,1112.393838
84,u,0.35,1079.474626
84,u,0.7,1004.922847
84,v,-0.7,1150.150779
84,v,-0.35,1145.426343
84,v,-0.15,1143.140133
84,v,-0.05,1142.095883
84,v,0.05,1141.112446
84,v,0.15,1140.18628
84,v,0.35,1138.492614
84,v,0.7,1135.976418
84,d4,-0.004,1135.414032
84,d4,0.008,1154.138657
84,d4,0.025,1181.598764
84,d4,0.06,1241.86482
84,dc,-0.06,1098.405679
84,dc,-0.025,1122.895116
84,dc,-0.008,1135.495884
84,dc,0.008,1147.81157
84,dc,0.025,1161.411406
84,dc,0.06,1191.225608
85,f0,0,1541.235513
85,u,-0.7,1811.306995
85,u,-0.35,1687.852323
85,u,-0.15,1634.144415
85,u,-0.05,1610.99207
85,u,0.05,1475.068285
85,u,0.15,1375.470808
85,u,0.35,1252.010972
85,u,0.7,1144.726514
85,v,-0.7,1549.930361
85,v,-0.35,1545.128128
85,v,-0.15,1542.80427
85,v,-0.05,1541.742825
85,v,0.05,1540.743194
85,v,0.15,1539.801776
85,v,0.35,1538.080221
85,v,0.7,1535.52259
85,d4,-0.06,1398.449941
85,d4,-0.025,1478.731865
85,d4,-0.008,1520.729889
85,d4,0.008,1562.240115
85,d4,0.025,1608.618357
85,d4,0.06,1712.321069
85,dc,-0.06,1485.70136
85,dc,-0.025,1541.235513
85,dc,-0.008,1541.235513
85,dc,0.008,1541.235513
85,dc,0.025,1541.235513
85,dc,0.06,1541.235513
86,f0,0,1268.846175
86,u,-0.7,1496.441499
86,u,-0.35,1363.473735
86,u,-0.15,1305.499905
86,u,-0.05,1280.475195
86,u,0.05,1257.769041
86,u,0.15,1237.16724
86,u,0.35,1166.090221
86,u,0.7,1018.250097
86,v,-0.7,1277.899965
86,v,-0.35,1272.899485
86,v,-0.15,1270.479694
86,v,-0.05,1269.37443
86,v,0.05,1268.333532
86,v,0.15,1267.353251
86,v,0.35,1265.560626
86,v,0.7,1262.897411
86,d4,-0.015,1238.441747
86,d4,-0.008,1252.468808
86,d4,0.008,1285.605625
86,d4,0.025,1322.551492
86,d4,0.06,1404.868113
86,dc,-0.06,1207.237931
86,dc,-0.025,1241.945448
86,dc,-0.008,1260.032378
86,dc,0.008,1277.862834
86,dc,0.025,1297.730325
86,dc,0.06,1341.951362
87,f0,0,1339.166821
87,u,-0.7,1568.871463
87,u,-0.35,1434.612126
87,u,-0.15,1376.123759
87,u,-0.05,1350.889876
87,u,0.05,1328.002175
87,u,0.15,1307.243486
87,u,0.35,1192.312337
87,u,0.7,1026.816265
87,v,-0.7,1348.29146
87,v,-0.35,1343.25185
87,v,-0.15,1340.813123
87,v,-0.05,1339.69921
87,v,0.05,1338.650166
87,v,0.15,1337.662214
87,v,0.35,1335.855561
87,v,0.7,1333.171506
87,d4,-0.021,1290.075917
87,d4,-0.008,1320.079862
87,d4,0.008,1358.75111
87,d4,0.025,1402.111353
87,d4,0.06,1499.656392
87,dc,-0.06,1265.164423
87,dc,-0.025,1306.687355
87,dc,-0.008,1328.496437
87,dc,0.008,1350.111981
87,dc,0.025,1374.333608
87,dc,0.06,1428.770324
88,f0,0,1484.176367
88,u,-0.7,1744.605528
88,u,-0.35,1592.324256
88,u,-0.15,1526.038028
88,u,-0.05,1497.453104
88,u,0.05,1471.534042
88,u,0.15,1448.033451
88,u,0.35,1231.639137
88,u,0.7,1058.378895
88,v,-0.7,1494.056591
88,v,-0.35,1488.599665
88,v,-0.15,1485.958994
88,v,-0.05,1484.752842
88,v,0.05,1483.61693
88,v,0.15,1482.547168
88,v,0.35,1480.590911
88,v,0.7,1477.684598
88,d4,-0.043,1364.002182
88,d4,-0.025,1412.100183
88,d4,-0.008,1460.402155
88,d4,0.008,1508.660179
88,d4,0.025,1563.195679
88,d4,0.06,1687.557853
88,dc,-0.06,1386.866274
88,dc,-0.025,1441.163834
88,dc,-0.008,1469.992648
88,dc,0.008,1498.779572
88,dc,0.025,1531.293343
88,dc,0.06,1605.372196
89,f0,0,1518.631175
89,u,-0.7,1804.134745
89,u,-0.35,1637.256202
89,u,-0.15,1564.563352
89,u,-0.05,1533.201328
89,u,0.05,1504.754922
89,u,0.15,1478.953987
89,u,0.35,1434.33108
89,u,0.7,1210.256913
89,v,-0.7,1529.067187
89,v,-0.35,1523.303295
89,v,-0.15,1520.514079
89,v,-0.05,1519.240077
89,v,0.05,1518.040267
89,v,0.15,1516.910329
89,v,0.35,1514.844028
89,v,0.7,1511.774226
89,d4,-0.06,1367.843897
89,d4,-0.025,1452.326765
89,d4,-0.008,1496.827313
89,d4,0.008,1541.017699
89,d4,0.025,1590.634517
89,d4,0.06,1702.517701
89,dc,-0.06,1427.316495
89,dc,-0.025,1478.496659
89,dc,-0.008,1505.436192
89,dc,0.008,1532.175764
89,dc,0.025,1562.185114
89,dc,0.06,1629.804894
90,f0,0,1368.596887
90,u,-0.7,1656.915517
90,u,-0.35,1488.456726
90,u,-0.15,1415.02236
90,u,-0.05,1383.325968
90,u,0.05,1354.566927
90,u,0.15,1328.473453
90,u,0.35,1283.320079
90,u,0.7,1089.489773
90,v,-0.7,1379.077394
90,v,-0.35,1373.288927
90,v,-0.15,1370.48782
90,v,-0.05,1369.208386
90,v,0.05,1368.003461
90,v,0.15,1366.868705
90,v,0.35,1364.793593
90,v,0.7,1361.710703
90,d4,-0.039,1285.536261
90,d4,-0.025,1314.294597
90,d4,-0.008,1350.790172
90,d4,0.008,1386.828418
90,d4,0.025,1427.05294
90,d4,0.06,1516.839823
90,dc,-0.06,1298.204289
90,dc,-0.025,1337.826171
90,dc,-0.008,1358.509301
90,dc,0.008,1378.922492
90,dc,0.025,1401.694886
90,dc,0.06,1452.4833
91,f0,0,1228.707844
91,u,-0.7,2144.45249
91,u,-0.35,1786.773859
91,u,-0.15,1368.563792
91,u,-0.05,1267.164002
91,u,0.05,1196.056683
91,u,0.15,1143.772618
91,u,0.35,1072.88229
91,u,0.7,1004.271597
91,v,-0.7,1239.270793
91,v,-0.35,1233.436793
91,v,-0.15,1230.613652
91,v,-0.05,1229.324153
91,v,0.05,1228.10975
91,v,0.15,1226.966068
91,v,0.35,1224.874633
91,v,0.7,1221.767492
91,d4,-0.055,1139.051486
91,d4,-0.025,1186.517943
91,d4,-0.008,1214.93133
91,d4,0.008,1242.754694
91,d4,0.025,1273.540036
91,d4,0.06,1341.25333
91,dc,-0.06,1228.707844
91,dc,-0.025,1228.707844
91,dc,-0.008,1228.707844
91,dc,0.008,1228.707844
91,dc,0.025,1228.707844
91,dc,0.06,1228.707844
92,f0,0,1435.941415
92,u,-0.7,1730.767529
92,u,-0.35,1558.444569
92,u,-0.15,1483.37645
92,u,-0.05,1450.988499
92,u,0.05,1421.61074
92,u,0.15,1394.964264
92,u,0.35,1334.434
92,u,0.7,1095.731544
92,v,-0.7,1446.584465
92,v,-0.35,1440.706225
92,v,-0.15,1437.861675
92,v,-0.05,1436.562398
92,v,0.05,1435.338785
92,v,0.15,1434.18643
92,v,0.35,1432.079136
92,v,0.7,1428.948433
92,d4,-0.036,1347.246595
92,d4,-0.025,1373.282225
92,d4,-0.008,1415.339409
92,d4,0.008,1457.090774
92,d4,0.025,1503.954081
92,d4,0.06,1609.570468
92,dc,-0.06,1352.612611
92,dc,-0.025,1399.329963
92,dc,-0.008,1423.906948
92,dc,0.008,1448.292476
92,dc,0.025,1475.64934
92,dc,0.06,1537.251965
93,f0,0,1236.547722
93,u,-0.7,1549.27857
93,u,-0.35,1366.727869
93,u,-0.15,1287.012881
93,u,-0.05,1252.565507
93,u,0.05,1221.283293
93,u,0.15,1192.873516
93,u,0.35,1143.634418
93,u,0.7,1077.270257
93,v,-0.7,1247.525077
93,v,-0.35,1241.462197
93,v,-0.15,1238.528298
93,v,-0.05,1237.18821
93,v,0.05,1235.926163
93,v,0.15,1234.737612
93,v,0.35,1232.564126
93,v,0.7,1229.335086
93,d4,-0.008,1224.044979
93,d4,0.008,1249.277739
93,d4,0.025,1277.112864
93,d4,0.06,1338.023561
93,dc,-0.06,1189.875595
93,dc,-0.025,1216.367362
93,dc,-0.008,1229.969309
93,dc,0.008,1243.244028
93,dc,0.025,1257.880208
93,dc,0.06,1289.881678
94,f0,0,1237.572897
94,u,-0.7,1574.826841
94,u,-0.35,1377.97787
94,u,-0.15,1292.006783
94,u,-0.05,1254.851285
94,u,0.05,1221.106199
94,u,0.15,1190.455823
94,u,0.35,1137.321031
94,u,0.7,1065.66443
94,v,-0.7,1249.06984
94,v,-0.35,1242.719987
94,v,-0.15,1239.647219
94,v,-0.05,1238.243701
94,v,0.05,1236.921918
94,v,0.15,1235.677109
94,v,0.35,1233.400746
94,v,0.7,1230.018867
94,d4,0.008,1249.694538
94,d4,0.025,1276.163466
94,d4,0.06,1333.912773
94,dc,-0.06,1193.001717
94,dc,-0.025,1218.332768
94,dc,-0.008,1231.306308
94,dc,0.008,1243.946495
94,dc,0.025,1257.858732
94,dc,0.06,1288.188424
95,f0,0,1400.894559
95,u,-0.7,2999.86034
95,u,-0.35,2091.520415
95,u,-0.15,1570.1007
95,u,-0.05,1447.101939
95,u,0.05,1361.882144
95,u,0.15,1299.899252
95,u,0.35,1217.098685
95,u,0.7,1139.127932
95,v,-0.7,1412.94748
95,v,-0.35,1406.290556
95,v,-0.15,1403.069193
95,v,-0.05,1401.597803
95,v,0.05,1400.2121
95,v,0.15,1398.907094
95,v,0.35,1396.520649
95,v,0.7,1392.975226
95,d4,-0.06,1278.308263
95,d4,-0.025,1347.422903
95,d4,-0.008,1383.384361
95,d4,0.008,1418.79834
95,d4,0.025,1458.214119
95,d4,0.06,1545.777797
95,dc,-0.06,1400.894559
95,dc,-0.025,1400.894559
95,dc,-0.008,1400.894559
95,dc,0.008,1400.894559
95,dc,0.025,1400.894559
95,dc,0.06,1400.894559
96,f0,0,1394.88103
96,u,-0.7,1793.541333
96,u,-0.35,1560.684344
96,u,-0.15,1459.122339
96,u,-0.05,1415.266038
96,u,0.05,1375.459928
96,u,0.15,1339.328671
96,u,0.35,1276.761348
96,u,0.7,1192.583978
96,v,-0.7,1407.66021
96,v,-0.35,1400.602168
96,v,-0.15,1397.186698
96,v,-0.05,1395.626648
96,v,0.05,1394.157448
96,v,0.15,1392.773808
96,v,0.35,1390.243566
96,v,0.7,1386.484511
96,d4,-0.019,1358.100878
96,d4,-0.008,1379.17852
96,d4,0.008,1410.909015
96,d4,0.025,1446.096888
96,d4,0.06,1523.781862
96,dc,-0.06,1331.668936
96,dc,-0.025,1367.410797
96,dc,-0.008,1385.902956
96,dc,0.008,1404.043262
96,dc,0.025,1424.151366
96,dc,0.06,1468.513482
97,f0,0,1379.341631
97,u,-0.7,1802.750242
97,u,-0.35,1555.480775
97,u,-0.15,1447.598913
97,u,-0.05,1401.002936
97,u,0.05,1358.702623
97,u,0.15,1320.299676
97,u,0.35,1253.77533
97,u,0.7,1164.202082
97,v,-0.7,1392.594465
97,v,-0.35,1385.27482
97,v,-0.15,1381.732757
97,v,-0.05,1380.114885
97,v,0.05,1378.59123
97,v,0.15,1377.156306
97,v,0.35,1374.532281
97,v,0.7,1370.633898
97,d4,-0.014,1354.459432
97,d4,-0.008,1365.02348
97,d4,0.008,1393.93283
97,d4,0.025,1425.882505
97,d4,0.06,1496.012465
97,dc,-0.06,1321.890251
97,dc,-0.025,1354.454148
97,dc,-0.008,1371.221045
97,dc,0.008,1387.615427
97,dc,0.025,1405.726502
97,dc,0.06,1445.454438
98,f0,0,1335.155316
98,u,-0.7,1775.702191
98,u,-0.35,1518.497941
98,u,-0.15,1406.223155
98,u,-0.05,1357.711819
98,u,0.05,1313.660077
98,u,0.15,1273.654084
98,u,0.35,1204.313793
98,u,0.7,1110.825469
98,v,-0.7,1348.721377
98,v,-0.35,1341.228734
98,v,-0.15,1337.602956
98,v,-0.05,1335.946845
98,v,0.05,1334.387179
98,v,0.15,1332.918341
98,v,0.35,1330.232298
98,v,0.7,1326.241778
98,d4,0.008,1347.608866
98,d4,0.025,1374.778152
98,d4,0.06,1433.939038
98,dc,-0.052,1292.914487
98,dc,-0.025,1314.299225
98,dc,-0.008,1328.365923
98,dc,0.008,1342.057138
98,dc,0.025,1357.11003
98,dc,0.06,1389.867202
99,f0,0,1440.662098
99,u,-0.7,1888.709026
99,u,-0.35,1626.997711
99,u,-0.15,1512.858262
99,u,-0.05,1463.571368
99,u,0.05,1418.835992
99,u,0.15,1378.229941
99,u,0.35,1307.91066
99,u,0.7,1213.288984
99,v,-0.7,1454.394767
99,v,-0.35,1446.810105
99,v,-0.15,1443.139798
99,v,-0.05,1441.463349
99,v,0.05,1439.884528
99,v,0.15,1438.397651
99,v,0.35,1435.678621
99,v,0.7,1431.639092
99,d4,-0.024,1394.286191
99,d4,-0.008,1424.896654
99,d4,0.008,1456.746897
99,d4,0.025,1492.033168
99,d4,0.06,1569.807115
99,dc,-0.06,1375.846433
99,dc,-0.025,1412.519291
99,dc,-0.008,1431.468333
99,dc,0.008,1450.040304
99,dc,0.025,1470.607693
99,dc,0.06,1515.911313
100,f0,0,1407.071738
100,u,-0.7,1904.232845
100,u,-0.35,1613.909599
100,u,-0.15,1487.232039
100,u,-0.05,1432.511762
100,u,0.05,1382.830915
100,u,0.15,1337.721483
100,u,0.35,1259.559605
100,u,0.7,1154.244064
100,v,-0.7,1421.696935
100,v,-0.35,1413.619323
100,v,-0.15,1409.710471
100,v,-0.05,1407.925064
100,v,0.05,1406.243631
100,v,0.15,1404.660117
100,v,0.35,1401.764369
100,v,0.7,1397.462299
100,d4,0.008,1420.486698
100,d4,0.025,1449.777709
100,d4,0.06,1513.673954
100,dc,-0.06,1353.278575
100,dc,-0.025,1383.849105
100,dc,-0.008,1399.507807
100,dc,0.008,1414.765026
100,dc,0.025,1431.558453
100,dc,0.06,1468.171295
101,f0,0,1441.885765
101,u,-0.7,1955.618047
101,u,-0.35,1655.583849
101,u,-0.15,1524.696692
101,u,-0.05,1468.165676
101,u,0.05,1416.845942
101,u,0.15,1370.253456
101,u,0.35,1289.536292
101,u,0.7,1180.820499
101,v,-0.7,1456.814855
101,v,-0.35,1448.5694
101,v,-0.15,1444.579328
101,v,-0.05,1442.756822
101,v,0.05,1441.040451
101,v,0.15,1439.424033
101,v,0.35,1436.468115
101,v,0.7,1432.076654
101,d4,-0.005,1433.147914
101,d4,0.008,1456.069545
101,d4,0.025,1487.069209
101,d4,0.06,1554.835831
101,dc,-0.06,1384.263181
101,dc,-0.025,1416.979842
101,dc,-0.008,1433.768527
101,dc,0.008,1450.146823
101,dc,0.025,1468.19716
101,dc,0.06,1507.633991
102,f0,0,1521.698668
102,u,-0.7,2131.348805
102,u,-0.35,1775.256132
102,u,-0.15,1619.948592
102,u,-0.05,1552.877165
102,u,0.05,1491.992208
102,u,0.15,1436.718295
102,u,0.35,1340.966239
102,u,0.7,1212.001503
102,v,-0.7,1538.289601
102,v,-0.35,1529.126298
102,v,-0.15,1524.692067
102,v,-0.05,1522.666688
102,v,0.05,1520.759257
102,v,0.15,1518.962907
102,v,0.35,1515.677948
102,v,0.7,1510.797648
102,d4,0.008,1535.84959
102,d4,0.025,1566.737234
102,d4,0.06,1634.067101
102,dc,-0.06,1462.193208
102,dc,-0.025,1496.019005
102,dc,-0.008,1513.335967
102,dc,0.008,1530.20287
102,dc,0.025,1548.761057
102,dc,0.06,1589.195591
103,f0,0,1538.055219
103,u,-0.7,2151.617863
103,u,-0.35,1793.217679
103,u,-0.15,1636.921569
103,u,-0.05,1569.428409
103,u,0.05,1508.16417
103,u,0.15,1452.549511
103,u,0.35,1356.217725
103,u,0.7,1226.504816
103,v,-0.7,1554.715163
103,v,-0.35,1545.513744
103,v,-0.15,1541.061069
103,v,-0.05,1539.027265
103,v,0.05,1537.1119
103,v,0.15,1535.308078
103,v,0.35,1532.009455
103,v,0.7,1527.108855
103,d4,0.008,1552.803314
103,d4,0.025,1585.022617
103,d4,0.06,1655.389697
103,dc,-0.06,1475.786877
103,dc,-0.025,1511.154018
103,dc,-0.008,1529.289835
103,dc,0.008,1546.973763
103,dc,0.025,1566.453142
103,dc,0.06,1608.975776
104,f0,0,1729.723915
104,u,-0.7,2496.926889
104,u,-0.35,2048.624049
104,u,-0.15,1853.25159
104,u,-0.05,1768.917358
104,u,0.05,1692.387307
104,u,0.15,1622.934569
104,u,0.35,1502.687856
104,u,0.7,1340.921234
104,v,-0.7,1748.855384
104,v,-0.35,1738.288923
104,v,-0.15,1733.175688
104,v,-0.05,1730.840166
104,v,0.05,1728.640655
104,v,0.15,1726.569233
104,v,0.35,1722.781255
104,v,0.7,1717.153645
104,d4,0.008,1747.306876
104,d4,0.025,1785.801354
104,d4,0.06,1870.266874
104,dc,-0.06,1651.163231
104,dc,-0.025,1695.692769
104,dc,-0.008,1718.620022
104,dc,0.008,1741.037065
104,dc,0.025,1765.800179
104,dc,0.06,1820.113658
105,f0,0,1703.17216
105,u,-0.7,2492.27785
105,u,-0.35,2031.23884
105,u,-0.15,1830.266728
105,u,-0.05,1743.500109
105,u,0.05,1664.751993
105,u,0.15,1593.275216
105,u,0.35,1469.490657
105,u,0.7,1302.857209
105,v,-0.7,1722.627024
105,v,-0.35,1711.881948
105,v,-0.15,1706.68228
105,v,-0.05,1704.307279
105,v,0.05,1702.070588
105,v,0.15,1699.964151
105,v,0.35,1696.112142
105,v,0.7,1690.389403
105,d4,0.008,1718.430571
105,d4,0.025,1751.71637
105,d4,0.06,1824.182366
105,dc,-0.047,1649.046121
105,dc,-0.025,1673.7473
105,dc,-0.008,1693.593023
105,dc,0.008,1712.910193
105,dc,0.025,1734.149688
105,dc,0.06,1780.372673
106,f0,0,1979.297895
106,u,-0.7,2842.327896
106,u,-0.35,2337.808325
106,u,-0.15,2118.116509
106,u,-0.05,2023.334342
106,u,0.05,1937.356068
106,u,0.15,1859.361146
106,u,0.35,1724.416682
106,u,0.7,1543.1437
106,v,-0.7,1999.893414
106,v,-0.35,1988.518346
106,v,-0.15,1983.013817
106,v,-0.05,1980.499568
106,v,0.05,1978.131738
106,v,0.15,1975.901799
106,v,0.35,1971.823943
106,v,0.7,1965.765676
106,d4,-0.027,1896.806376
106,d4,-0.025,1902.693395
106,d4,-0.008,1954.159186
106,d4,0.008,2005.055162
106,d4,0.025,2061.950955
106,d4,0.06,2189.281732
106,dc,-0.06,1859.496947
106,dc,-0.025,1926.839374
106,dc,-0.008,1962.085203
106,dc,0.008,1996.931931
106,dc,0.025,2035.876487
106,dc,0.06,2122.996683
107,f0,0,1924.826979
107,u,-0.7,2914.005516
107,u,-0.35,2335.905858
107,u,-0.15,2084.04455
107,u,-0.05,1975.342077
107,u,0.05,1876.706965
107,u,0.15,1787.199865
107,u,0.35,1632.24481
107,u,0.7,1423.796483
107,v,-0.7,1947.192149
107,v,-0.35,1934.839689
107,v,-0.15,1928.862188
107,v,-0.05,1926.131905
107,v,0.05,1923.56062
107,v,0.15,1921.139076
107,v,0.35,1916.710835
107,v,0.7,1910.132016
107,d4,0.008,1942.361485
107,d4,0.025,1980.644061
107,d4,0.06,2064.138292
107,dc,-0.06,1842.004472
107,dc,-0.025,1889.069635
107,dc,-0.008,1913.179943
107,dc,0.008,1936.673535
107,dc,0.025,1962.534013
107,dc,0.06,2018.91836
108,f0,0,2112.410522
108,u,-0.7,3212.889745
108,u,-0.35,2569.593645
108,u,-0.15,2289.450436
108,u,-0.05,2168.574514
108,u,0.05,2058.914876
108,u,0.15,1959.424442
108,u,0.35,1787.245248
108,u,0.7,1555.797414
108,v,-0.7,2136.302894
108,v,-0.35,2123.106948
108,v,-0.15,2116.721275
108,v,-0.05,2113.804554
108,v,0.05,2111.05769
108,v,0.15,2108.470791
108,v,0.35,2103.740168
108,v,0.7,2096.712115
108,d4,-0.023,2052.098006
108,d4,-0.008,2091.053238
108,d4,0.008,2134.187587
108,d4,0.025,2181.915753
108,d4,0.06,2286.890293
108,dc,-0.06,2006.529015
108,dc,-0.025,2066.479953
108,dc,-0.008,2097.413181
108,dc,0.008,2127.701279
108,dc,0.025,2161.208887
108,dc,0.06,2234.88448
109,f0,0,2702.533349
109,u,-0.7,4405.330831
109,u,-0.35,3409.583523
109,u,-0.15,2976.258698
109,u,-0.05,2789.35873
109,u,0.05,2619.843131
109,u,0.15,2466.084748
109,u,0.35,2200.082127
109,u,0.7,1842.729928
109,v,-0.7,2733.764749
109,v,-0.35,2716.5154
109,v,-0.15,2708.168237
109,v,-0.05,2704.355587
109,v,0.05,2700.764968
109,v,0.15,2697.38345
109,v,0.35,2691.19972
109,v,0.7,2682.012858
109,d4,-0.01,2671.179602
109,d4,-0.008,2677.393595
109,d4,0.008,2728.136623
109,d4,0.025,2784.142657
109,d4,0.06,2906.803842
109,dc,-0.06,2566.689219
109,dc,-0.025,2643.740357
109,dc,-0.008,2683.358891
109,dc,0.008,2722.060254
109,dc,0.025,2764.770739
109,dc,0.06,2858.295357
110,f0,0,898.4582342
110,u,-0.7,968.8007061
110,u,-0.35,925.4817891
110,u,-0.15,908.6094851
110,u,-0.05,901.6390158
110,u,0.05,895.4611173
110,u,0.15,889.9675335
110,u,0.35,880.6870369
110,u,0.7,868.5924015
110,v,-0.7,910.6799027
110,v,-0.35,903.9297785
110,v,-0.15,900.663314
110,v,-0.05,899.1713235
110,v,0.05,897.7662198
110,v,0.15,896.442943
110,v,0.35,894.0230866
110,v,0.7,890.4280258
110,d4,0.008,907.3134401
110,d4,0.025,926.5837871
110,d4,0.06,968.3347696
110,dc,-0.06,898.4582342
110,dc,-0.025,898.4582342
110,dc,-0.008,898.4582342
110,dc,0.008,898.4582342
110,dc,0.025,898.4582342
110,dc,0.06,898.4582342
111,f0,0,904.7639169
111,u,-0.7,963.005236
111,u,-0.35,930.8146178
111,u,-0.15,915.6341343
111,u,-0.05,908.1775121
111,u,0.05,901.5410202
111,u,0.15,895.6171884
111,u,0.35,885.560564
111,u,0.7,872.3590957
111,v,-0.7,917.2871051
111,v,-0.35,910.3704492
111,v,-0.15,907.023398
111,v,-0.05,905.4945988
111,v,0.05,904.0548299
111,v,0.15,902.6989067
111,v,0.35,900.2193502
111,v,0.7,896.5355959
111,d4,0.008,913.6398099
111,d4,0.025,932.9580565
111,d4,0.06,974.8230344
111,dc,-0.017,900.0076488
111,dc,-0.008,904.0221099
111,dc,0.008,904.7639169
111,dc,0.025,904.7639169
111,dc,0.06,904.7639169
112,f0,0,900.7058706
112,u,-0.7,972.8908384
112,u,-0.35,928.3762923
112,u,-0.15,911.0912495
112,u,-0.05,903.9588687
112,u,0.05,897.6416621
112,u,0.15,892.0275065
112,u,0.35,882.5503856
112,u,0.7,870.2128295
112,v,-0.7,913.4916486
112,v,-0.35,906.4299622
112,v,-0.15,903.0127291
112,v,-0.05,901.4518736
112,v,0.05,899.9819152
112,v,0.15,898.5975606
112,v,0.35,896.066012
112,v,0.7,892.3050158
112,d4,0.008,909.5694631
112,d4,0.025,928.8587597
112,d4,0.06,970.6534518
112,dc,-0.06,900.7058706
112,dc,-0.025,900.7058706
112,dc,-0.008,900.7058706
112,dc,0.008,900.7058706
112,dc,0.025,900.7058706
112,dc,0.06,900.7058706
113,f0,0,906.2705277
113,u,-0.7,981.3167196
113,u,-0.35,935.4270985
113,u,-0.15,917.2753385
113,u,-0.05,909.7257904
113,u,0.05,903.0087914
113,u,0.15,897.0148308
113,u,0.35,886.842857
113,u,0.7,873.4969657
113,v,-0.7,919.2154349
113,v,-0.35,912.0658603
113,v,-0.15,908.606097
113,v,-0.05,907.0258154
113,v,0.05,905.5375622
113,v,0.15,904.1359781
113,v,0.35,901.5729224
113,v,0.7,897.7651176
113,d4,0.008,915.1513702
113,d4,0.025,934.4807354
113,d4,0.06,976.3711426
113,dc,-0.06,901.3983276
113,dc,-0.025,906.2705277
113,dc,-0.008,906.2705277
113,dc,0.008,906.2705277
113,dc,0.025,906.2705277
113,dc,0.06,906.2705277
114,f0,0,910.2009152
114,u,-0.7,972.697291
114,u,-0.35,938.405893
114,u,-0.15,921.9344432
114,u,-0.05,913.8815424
114,u,0.05,906.7293002
114,u,0.15,900.3568527
114,u,0.35,889.5636787
114,u,0.7,875.442433
114,v,-0.7,923.2424484
114,v,-0.35,916.0395064
114,v,-0.15,912.5539181
114,v,-0.05,910.9618406
114,v,0.05,909.4624785
114,v,0.15,908.0504325
114,v,0.35,905.4682451
114,v,0.7,901.6320173
114,d4,0.008,919.1089556
114,d4,0.025,938.4992783
114,d4,0.06,980.528638
114,dc,-0.02,904.6840426
114,dc,-0.008,910.0774988
114,dc,0.008,910.2009152
114,dc,0.025,910.2009152
114,dc,0.06,910.2009152
115,f0,0,910.2009152
115,u,-0.7,972.697291
115,u,-0.35,938.405893
115,u,-0.15,921.9344432
115,u,-0.05,913.8815424
115,u,0.05,906.7293002
115,u,0.15,900.3568527
115,u,0.35,889.5636787
115,u,0.7,875.442433
115,v,-0.7,923.2424484
115,v,-0.35,916.0395064
115,v,-0.15,912.5539181
115,v,-0.05,910.9618406
115,v,0.05,909.4624785
115,v,0.15,908.0504325
115,v,0.35,905.4682451
115,v,0.7,901.6320173
115,d4,0.008,919.1089556
115,d4,0.025,938.4992783
115,d4,0.06,980.528638
115,dc,-0.02,904.6840426
115,dc,-0.008,910.0774988
115,dc,0.008,910.2009152
115,dc,0.025,910.2009152
115,dc,0.06,910.2009152
116,f0,0,910.2009152
116,u,-0.7,972.697291
116,u,-0.35,938.405893
116,u,-0.15,921.9344432
116,u,-0.05,913.8815424
116,u,0.05,906.7293002
116,u,0.15,900.3568527
116,u,0.35,889.5636787
116,u,0.7,875.442433
116,v,-0.7,923.2424484
116,v,-0.35,916.0395064
116,v,-0.15,912.5539181
116,v,-0.05,910.9618406
116,v,0.05,909.4624785
116,v,0.15,908.0504325
116,v,0.35,905.4682451
116,v,0.7,901.6320173
116,d4,0.008,919.1089556
116,d4,0.025,938.4992783
116,d4,0.06,980.528638
116,dc,-0.02,904.6840426
116,dc,-0.008,910.0774988
116,dc,0.008,910.2009152
116,dc,0.025,910.2009152
116,dc,0.06,910.2009152
117,f0,0,910.2009152
117,u,-0.7,972.697291
117,u,-0.35,938.405893
117,u,-0.15,921.9344432
117,u,-0.05,913.8815424
117,u,0.05,906.7293002
117,u,0.15,900.3568527
117,u,0.35,889.5636787
117,u,0.7,875.442433
117,v,-0.7,923.2424484
117,v,-0.35,916.0395064
117,v,-0.15,912.5539181
117,v,-0.05,910.9618406
117,v,0.05,909.4624785
117,v,0.15,908.0504325
117,v,0.35,905.4682451
117,v,0.7,901.6320173
117,d4,0.008,919.1089556
117,d4,0.025,938.4992783
117,d4,0.06,980.528638
117,dc,-0.02,904.6840426
117,dc,-0.008,910.0774988
117,dc,0.008,910.2009152
117,dc,0.025,910.2009152
117,dc,0.06,910.2009152
118,f0,0,899.5305815
118,u,-0.7,974.3220799
118,u,-0.35,927.6351197
118,u,-0.15,909.9928241
118,u,-0.05,902.7963017
118,u,0.05,896.4639729
118,u,0.15,890.8697933
118,u,0.35,881.4990509
118,u,0.7,869.4395328
118,v,-0.7,912.6121931
118,v,-0.35,905.3871155
118,v,-0.15,901.8908155
118,v,-0.05,900.2938453
118,v,0.05,898.7898755
118,v,0.15,897.37349
118,v,0.35,894.7833672
118,v,0.7,890.9353501
118,d4,0.008,908.4022983
118,d4,0.025,927.7084756
118,d4,0.06,969.5375529
118,dc,-0.06,899.5305815
118,dc,-0.025,899.5305815
118,dc,-0.008,899.5305815
118,dc,0.008,899.5305815
118,dc,0.025,899.5305815
118,dc,0.06,899.5305815
119,f0,0,916.676337
119,u,-0.7,983.905968
119,u,-0.35,944.8190317
119,u,-0.15,927.6210114
119,u,-0.05,920.1557564
119,u,0.05,913.3552843
119,u,0.15,907.1591609
119,u,0.35,896.3656191
119,u,0.7,881.6705816
119,v,-0.7,930.825
119,v,-0.35,923.0105815
119,v,-0.15,919.2290924
119,v,-0.05,917.5018593
119,v,0.05,915.8752125
119,v,0.15,914.3432941
119,v,0.35,911.5418981
119,v,0.7,907.3800029
119,d4,0.008,925.5331721
119,d4,0.025,944.8123382
119,d4,0.06,986.5990562
119,dc,0.008,920.3108676
119,dc,0.025,923.1790989
119,dc,0.06,923.1790989
120,f0,0,903.7639529
120,u,-0.7,982.1852651
120,u,-0.35,933.0967909
120,u,-0.15,914.664207
120,u,-0.05,907.1639322
120,u,0.05,900.5733146
120,u,0.15,894.7579962
120,u,0.35,885.0317529
120,u,0.7,872.5426265
120,v,-0.7,917.9903546
120,v,-0.35,910.1330004
120,v,-0.15,906.3307343
120,v,-0.05,904.594011
120,v,0.05,902.9584267
120,v,0.15,901.4180914
120,v,0.35,898.6013033
120,v,0.7,894.4165409
120,d4,0.008,912.6516091
120,d4,0.025,931.993755
120,d4,0.06,973.9056638
120,dc,-0.06,903.7639529
120,dc,-0.025,903.7639529
120,dc,-0.008,903.7639529
120,dc,0.008,903.7639529
120,dc,0.025,903.7639529
120,dc,0.06,903.7639529
121,f0,0,935.1467661
121,u,-0.7,1016.347456
121,u,-0.35,969.1125365
121,u,-0.15,948.3506086
121,u,-0.05,939.3435565
121,u,0.05,931.1417814
121,u,0.15,923.6718502
121,u,0.35,910.6671391
121,u,0.7,892.9814835
121,v,-0.7,951.1057535
121,v,-0.35,942.2914785
121,v,-0.15,938.0261471
121,v,-0.05,936.0779142
121,v,0.05,934.2431375
121,v,0.15,932.51521
121,v,0.35,929.3553747
121,v,0.7,924.6609641
121,d4,0.008,944.0887788
121,d4,0.025,963.5572573
121,d4,0.06,1005.769303
121,dc,0.008,938.8666925
121,dc,0.025,945.4579669
121,dc,0.06,945.4579669
122,f0,0,984.0318401
122,u,-0.7,1211.270729
122,u,-0.35,1056.931862
122,u,-0.15,1009.737358
122,u,-0.05,991.8855582
122,u,0.05,976.7925601
122,u,0.15,963.9146652
122,u,0.35,943.2519529
122,u,0.7,918.2352855
122,v,-0.7,1009.626698
122,v,-0.35,995.4904555
122,v,-0.15,988.6497614
122,v,-0.05,985.5252058
122,v,0.05,982.5826101
122,v,0.15,979.8113778
122,v,0.35,974.743667
122,v,0.7,967.2148202
122,d4,0.008,993.502823
122,d4,0.025,1014.139497
122,d4,0.06,1058.961329
122,dc,-0.06,984.0318401
122,dc,-0.025,984.0318401
122,dc,-0.008,984.0318401
122,dc,0.008,984.0318401
122,dc,0.025,984.0318401
122,dc,0.06,984.0318401
123,f0,0,1027.920159
123,u,-0.7,1381.40127
123,u,-0.35,1133.455959
123,u,-0.15,1064.420478
123,u,-0.05,1038.995334
123,u,0.05,1017.768679
123,u,0.15,999.8405798
123,u,0.35,971.4004567
123,u,0.7,937.4439011
123,v,-0.7,1054.191647
123,v,-0.35,1039.681696
123,v,-0.15,1032.660161
123,v,-0.05,1029.453004
123,v,0.05,1026.432617
123,v,0.15,1023.588124
123,v,0.35,1018.386443
123,v,0.7,1010.658562
123,d4,0.008,1037.805716
123,d4,0.025,1059.356167
123,d4,0.06,1106.209269
123,dc,-0.06,1027.920159
123,dc,-0.025,1027.920159
123,dc,-0.008,1027.920159
123,dc,0.008,1027.920159
123,dc,0.025,1027.920159
123,dc,0.06,1027.920159
124,f0,0,1194.884726
124,u,-0.7,1610.451207
124,u,-0.35,1452.86332
124,u,-0.15,1285.168535
124,u,-0.05,1221.2709
124,u,0.05,1171.411935
124,u,0.15,1131.516256
124,u,0.35,1071.93758
124,u,0.7,1005.979192
124,v,-0.7,1229.092142
124,v,-0.35,1210.199116
124,v,-0.15,1201.056558
124,v,-0.05,1196.880603
124,v,0.05,1192.947837
124,v,0.15,1189.244097
124,v,0.35,1182.471124
124,v,0.7,1172.408853
124,d4,0.008,1206.50626
124,d4,0.025,1231.884984
124,d4,0.06,1287.26553
124,dc,-0.06,1194.884726
124,dc,-0.025,1194.884726
124,dc,-0.008,1194.884726
124,dc,0.008,1194.884726
124,dc,0.025,1194.884726
124,dc,0.06,1194.884726
125,f0,0,1493.141209
125,u,-0.7,1889.256062
125,u,-0.35,1657.805675
125,u,-0.15,1556.922677
125,u,-0.05,1513.377283
125,u,0.05,1473.864913
125,u,0.15,1393.818924
125,u,0.35,1258.730962
125,u,0.7,1128.673609
125,v,-0.7,1536.483236
125,v,-0.35,1512.545092
125,v,-0.15,1500.961142
125,v,-0.05,1495.670056
125,v,0.05,1490.6871
125,v,0.15,1485.994328
125,v,0.35,1477.412727
125,v,0.7,1464.663467
125,d4,-0.023,1443.2429
125,d4,-0.008,1475.423428
125,d4,0.008,1511.262134
125,d4,0.025,1551.172658
125,d4,0.06,1639.911442
125,dc,-0.06,1420.247779
125,dc,-0.025,1461.341212
125,dc,-0.008,1482.727171
125,dc,0.008,1503.789856
125,dc,0.025,1527.234887
125,dc,0.06,1560.911758
126,f0,0,918.2155134
126,u,-0.7,1060.951272
126,u,-0.35,966.8420265
126,u,-0.15,935.675566
126,u,-0.05,923.586174
126,u,0.05,913.2369956
126,u,0.15,904.3147131
126,u,0.35,889.8245075
126,u,0.7,872.0014735
126,v,-0.7,922.6023229
126,v,-0.35,920.1794533
126,v,-0.15,919.0069982
126,v,-0.05,918.4714676
126,v,0.05,917.9671238
126,v,0.15,917.4921507
126,v,0.35,916.6235746
126,v,0.7,915.3331741
126,d4,0.008,927.3704587
126,d4,0.025,947.3067941
126,d4,0.06,990.5577149
126,dc,-0.06,918.2155134
126,dc,-0.025,918.2155134
126,dc,-0.008,918.2155134
126,dc,0.008,918.2155134
126,dc,0.025,918.2155134
126,dc,0.06,918.2155134
127,f0,0,962.5378477
127,u,-0.7,1242.134073
127,u,-0.35,1051.451037
127,u,-0.15,993.0455424
127,u,-0.05,971.7616383
127,u,0.05,954.1115612
127,u,0.15,939.3029556
127,u,0.35,916.0326287
127,u,0.7,888.6937311
127,v,-0.7,967.2009074
127,v,-0.35,964.6254626
127,v,-0.15,963.3791746
127,v,-0.05,962.80992
127,v,0.05,962.2738163
127,v,0.15,961.7689328
127,v,0.35,960.8456599
127,v,0.7,959.4739991
127,d4,0.008,972.2069091
127,d4,0.025,993.2803013
127,d4,0.06,1039.075042
127,dc,-0.06,962.5378477
127,dc,-0.025,962.5378477
127,dc,-0.008,962.5378477
127,dc,0.008,962.5378477
127,dc,0.025,962.5378477
127,dc,0.06,962.5378477
128,f0,0,960.2617921
128,u,-0.7,1252.621273
128,u,-0.35,1046.783052
128,u,-0.15,990.0215334
128,u,-0.05,969.2675325
128,u,0.05,952.0285355
128,u,0.15,937.5447988
128,u,0.35,914.7474797
128,u,0.7,887.9041011
128,v,-0.7,964.9248518
128,v,-0.35,962.349407
128,v,-0.15,961.103119
128,v,-0.05,960.5338644
128,v,0.05,959.9977607
128,v,0.15,959.4928772
128,v,0.35,958.5696043
128,v,0.7,957.1979435
128,d4,0.008,969.9023061
128,d4,0.025,990.9126467
128,d4,0.06,1036.566587
128,dc,-0.06,960.2617921
128,dc,-0.025,960.2617921
128,dc,-0.008,960.2617921
128,dc,0.008,960.2617921
128,dc,0.025,960.2617921
128,dc,0.06,960.2617921
129,f0,0,1020.705617
129,u,-0.7,1275.132184
129,u,-0.35,1182.731431
129,u,-0.15,1072.751613
129,u,-0.05,1036.082957
129,u,0.05,1006.918967
129,u,0.15,983.2758346
129,u,0.35,947.5721231
129,u,0.7,907.7834834
129,v,-0.7,1025.737141
129,v,-0.35,1022.958191
129,v,-0.15,1021.613424
129,v,-0.05,1020.999188
129,v,0.05,1020.420723
129,v,0.15,1019.875945
129,v,0.35,1018.879717
129,v,0.7,1017.399671
129,d4,0.008,1031.138108
129,d4,0.025,1053.897491
129,d4,0.06,1103.458448
129,dc,-0.06,1020.705617
129,dc,-0.025,1020.705617
129,dc,-0.008,1020.705617
129,dc,0.008,1020.705617
129,dc,0.025,1020.705617
129,dc,0.06,1020.705617
130,f0,0,1009.666158
130,u,-0.7,1363.572503
130,u,-0.35,1145.474015
130,u,-0.15,1054.662084
130,u,-0.05,1023.105365
130,u,0.05,997.5096546
130,u,0.15,976.4164073
130,u,0.35,943.9366089
130,u,0.7,906.7459926
130,v,-0.7,1014.781081
130,v,-0.35,1011.956069
130,v,-0.15,1010.589012
130,v,-0.05,1009.964595
130,v,0.05,1009.376542
130,v,0.15,1008.822734
130,v,0.35,1007.809993
130,v,0.7,1006.305415
130,d4,0.008,1019.866493
130,d4,0.025,1042.112148
130,d4,0.06,1090.519889
130,dc,-0.06,1009.666158
130,dc,-0.025,1009.666158
130,dc,-0.008,1009.666158
130,dc,0.008,1009.666158
130,dc,0.025,1009.666158
130,dc,0.06,1009.666158
131,f0,0,1029.656024
131,u,-0.7,1221.784455
131,u,-0.35,1139.124877
131,u,-0.15,1082.362918
131,u,-0.05,1045.2805
131,u,0.05,1015.608122
131,u,0.15,991.423384
131,u,0.35,954.6497425
131,u,0.7,913.2291079
131,v,-0.7,1034.949405
131,v,-0.35,1032.025829
131,v,-0.15,1030.611076
131,v,-0.05,1029.964873
131,v,0.05,1029.356302
131,v,0.15,1028.783172
131,v,0.35,1027.735097
131,v,0.7,1026.178024
131,d4,0.008,1040.118114
131,d4,0.025,1062.9417
131,d4,0.06,1112.640091
131,dc,-0.06,1029.656024
131,dc,-0.025,1029.656024
131,dc,-0.008,1029.656024
131,dc,0.008,1029.656024
131,dc,0.025,1029.656024
131,dc,0.06,1029.656024
132,f0,0,1132.265818
132,u,-0.7,1351.444096
132,u,-0.35,1244.040162
132,u,-0.15,1197.197466
132,u,-0.05,1163.127367
132,u,0.05,1105.576693
132,u,0.15,1061.82934
132,u,0.35,1000.217322
132,u,0.7,937.2428841
132,v,-0.7,1137.654868
132,v,-0.35,1134.678453
132,v,-0.15,1133.238131
132,v,-0.05,1132.580249
132,v,0.05,1131.96068
132,v,0.15,1131.377191
132,v,0.35,1130.310174
132,v,0.7,1128.72496
132,d4,0.008,1144.308972
132,d4,0.025,1170.632056
132,d4,0.06,1228.189117
132,dc,-0.06,1116.398641
132,dc,-0.025,1132.265818
132,dc,-0.008,1132.265818
132,dc,0.008,1132.265818
132,dc,0.025,1132.265818
132,dc,0.06,1132.265818
133,f0,0,1055.240066
133,u,-0.7,1273.704872
133,u,-0.35,1181.444397
133,u,-0.15,1118.528527
133,u,-0.05,1073.821472
133,u,0.05,1038.660737
133,u,0.15,1010.396147
133,u,0.35,968.0820365
133,u,0.7,921.3615402
133,v,-0.7,1060.946277
133,v,-0.35,1057.794692
133,v,-0.15,1056.269602
133,v,-0.05,1055.573003
133,v,0.05,1054.91697
133,v,0.15,1054.299141
133,v,0.35,1053.169327
133,v,0.7,1051.490819
133,d4,0.008,1066.040856
133,d4,0.025,1089.612623
133,d4,0.06,1140.983813
133,dc,-0.06,1055.240066
133,dc,-0.025,1055.240066
133,dc,-0.008,1055.240066
133,dc,0.008,1055.240066
133,dc,0.025,1055.240066
133,dc,0.06,1055.240066
134,f0,0,1230.422249
134,u,-0.7,1492.829324
134,u,-0.35,1339.56648
134,u,-0.15,1272.71081
134,u,-0.05,1243.841072
134,u,0.05,1217.63819
134,u,0.15,1193.855607
134,u,0.35,1092.538869
134,u,0.7,990.1242632
134,v,-0.7,1236.640046
134,v,-0.35,1233.205908
134,v,-0.15,1231.544088
134,v,-0.05,1230.785035
134,v,0.05,1230.070185
134,v,0.15,1229.396966
134,v,0.35,1228.165859
134,v,0.7,1226.336865
134,d4,0.008,1245.106919
134,d4,0.025,1277.354862
134,d4,0.06,1348.595143
134,dc,-0.06,1177.009049
134,dc,-0.025,1207.206783
134,dc,-0.008,1222.834079
134,dc,0.008,1238.166793
134,dc,0.025,1255.166262
134,dc,0.06,1292.684747
135,f0,0,1117.881847
135,u,-0.7,1346.896397
135,u,-0.35,1213.266033
135,u,-0.15,1154.869778
135,u,-0.05,1129.623758
135,u,0.05,1106.690449
135,u,0.15,1085.856371
135,u,0.35,1049.729696
135,u,0.7,997.8165688
135,v,-0.7,1124.389289
135,v,-0.35,1120.795177
135,v,-0.15,1119.055944
135,v,-0.05,1118.261532
135,v,0.05,1117.513383
135,v,0.15,1116.808803
135,v,0.35,1115.520347
135,v,0.7,1113.606153
135,d4,0.008,1129.191229
135,d4,0.025,1153.889177
135,d4,0.06,1207.788252
135,dc,-0.06,1079.259282
135,dc,-0.025,1101.210988
135,dc,-0.008,1112.452256
135,dc,0.008,1123.404018
135,dc,0.025,1135.45741
135,dc,0.06,1161.733992
136,f0,0,1173.533946
136,u,-0.7,1397.658483
136,u,-0.35,1266.787497
136,u,-0.15,1209.672368
136,u,-0.05,1185.002274
136,u,0.05,1162.607151
136,u,0.15,1142.277011
136,u,0.35,1069.835098
136,u,0.7,976.1008945
136,v,-0.7,1180.057643
136,v,-0.35,1176.454554
136,v,-0.15,1174.710976
136,v,-0.05,1173.91458
136,v,0.05,1173.164562
136,v,0.15,1172.458221
136,v,0.35,1171.166547
136,v,0.7,1169.247571
136,d4,0.008,1187.109266
136,d4,0.025,1216.882121
136,d4,0.06,1282.465824
136,dc,-0.06,1125.778415
136,dc,-0.025,1152.812331
136,dc,-0.008,1166.766759
136,dc,0.008,1180.434757
136,dc,0.025,1195.561637
136,dc,0.06,1228.847933
137,f0,0,1213.400052
137,u,-0.7,1480.71734
137,u,-0.35,1324.618374
137,u,-0.15,1256.500075
137,u,-0.05,1227.077674
137,u,0.05,1200.368151
137,u,0.15,1176.120724
137,u,0.35,1134.123745
137,u,0.7,1020.82837
137,v,-0.7,1220.467929
137,v,-0.35,1216.564284
137,v,-0.15,1214.675265
137,v,-0.05,1213.812436
137,v,0.05,1212.999855
137,v,0.15,1212.234595
137,v,0.35,1210.835175
137,v,0.7,1208.756126
137,d4,0.008,1227.165441
137,d4,0.025,1257.343926
137,d4,0.06,1323.76624
137,dc,-0.06,1163.706273
137,dc,-0.025,1191.845216
137,dc,-0.008,1206.362109
137,dc,0.008,1220.575589
137,dc,0.025,1236.299743
137,dc,0.06,1270.875799
138,f0,0,1191.353907
138,u,-0.7,1455.821262
138,u,-0.35,1301.420119
138,u,-0.15,1234.015624
138,u,-0.05,1204.893789
138,u,0.05,1178.451917
138,u,0.15,1154.442316
138,u,0.35,1112.842534
138,u,0.7,1017.866005
138,v,-0.7,1199.67439
138,v,-0.35,1195.078921
138,v,-0.15,1192.85512
138,v,-0.05,1191.839376
138,v,0.05,1190.882785
138,v,0.15,1189.981901
138,v,0.35,1188.334468
138,v,0.7,1185.886959
138,d4,0.008,1204.237364
138,d4,0.025,1232.439425
138,d4,0.06,1294.30457
138,dc,-0.06,1145.401988
138,dc,-0.025,1171.459453
138,dc,-0.008,1184.864379
138,dc,0.008,1197.964048
138,dc,0.025,1212.427149
138,dc,0.06,1244.123935
139,f0,0,1508.684168
139,u,-0.7,2064.971612
139,u,-0.35,1739.943977
139,u,-0.15,1598.26909
139,u,-0.05,1537.108777
139,u,0.05,1481.605653
139,u,0.15,1431.233497
139,u,0.35,1344.019098
139,u,0.7,1226.693756
139,v,-0.7,1517.698712
139,v,-0.35,1512.719908
139,v,-0.15,1510.310606
139,v,-0.05,1509.210134
139,v,0.05,1508.173747
139,v,0.15,1507.197716
139,v,0.35,1505.412861
139,v,0.7,1502.761191
139,d4,0.008,1525.017679
139,d4,0.025,1560.815954
139,d4,0.06,1639.555238
139,dc,-0.06,1440.609362
139,dc,-0.025,1479.158265
139,dc,-0.008,1499.043997
139,dc,0.008,1518.512296
139,dc,0.025,1540.047132
139,dc,0.06,1587.38794
140,f0,0,1456.180757
140,u,-0.7,2042.428646
140,u,-0.35,1700.007942
140,u,-0.15,1550.663115
140,u,-0.05,1486.164301
140,u,0.05,1427.612092
140,u,0.15,1374.452731
140,u,0.35,1282.35208
140,u,0.7,1158.259677
140,v,-0.7,1465.195301
140,v,-0.35,1460.216497
140,v,-0.15,1457.807195
140,v,-0.05,1456.706723
140,v,0.05,1455.670336
140,v,0.15,1454.694305
140,v,0.35,1452.90945
140,v,0.7,1450.25778
140,d4,0.008,1468.980135
140,d4,0.025,1496.866108
140,d4,0.06,1557.408406
140,dc,0.008,1463.72022
140,dc,0.025,1480.142769
140,dc,0.06,1515.780545
141,f0,0,1215.633391
141,u,-0.7,1557.283674
141,u,-0.35,1357.872087
141,u,-0.15,1270.780874
141,u,-0.05,1233.138888
141,u,0.05,1198.949568
141,u,0.15,1167.892755
141,u,0.35,1114.042866
141,u,0.7,1041.381743
141,v,-0.7,1225.057809
141,v,-0.35,1219.852628
141,v,-0.15,1217.33378
141,v,-0.05,1216.183271
141,v,0.05,1215.099762
141,v,0.15,1214.079352
141,v,0.35,1212.213343
141,v,0.7,1209.441107
141,d4,0.008,1226.94128
141,d4,0.025,1251.595312
141,d4,0.06,1305.204581
141,dc,-0.03,1194.386878
141,dc,-0.025,1197.841818
141,dc,-0.008,1209.844271
141,dc,0.008,1221.515756
141,dc,0.025,1234.336098
141,dc,0.06,1262.192225
142,f0,0,1244.165959
142,u,-0.7,1608.77378
142,u,-0.35,1395.934386
142,u,-0.15,1303.001875
142,u,-0.05,1262.841262
142,u,0.05,1226.36821
142,u,0.15,1193.240624
142,u,0.35,1135.810441
142,u,0.7,1058.346795
142,v,-0.7,1254.054035
142,v,-0.35,1248.592772
142,v,-0.15,1245.950003
142,v,-0.05,1244.742891
142,v,0.05,1243.606077
142,v,0.15,1242.535465
142,v,0.35,1240.577653
142,v,0.7,1237.669029
142,d4,0.008,1255.80953
142,d4,0.025,1281.202611
142,d4,0.06,1336.452845
142,dc,-0.04,1214.794738
142,dc,-0.025,1225.537943
142,dc,-0.008,1238.10349
142,dc,0.008,1250.32724
142,dc,0.025,1263.759526
142,dc,0.06,1292.964373
143,f0,0,1365.230764
143,u,-0.7,1856.483918
143,u,-0.35,1569.620449
143,u,-0.15,1444.446913
143,u,-0.05,1390.372114
143,u,0.05,1341.273463
143,u,0.15,1296.688119
143,u,0.35,1219.418601
143,u,0.7,1115.246466
143,v,-0.7,1377.842258
143,v,-0.35,1370.87683
143,v,-0.15,1367.506177
143,v,-0.05,1365.966598
143,v,0.05,1364.516676
143,v,0.15,1363.151192
143,v,0.35,1360.654151
143,v,0.7,1356.944421
143,d4,0.008,1377.282108
143,d4,0.025,1403.537824
143,d4,0.06,1460.538459
143,dc,0.008,1372.021617
143,dc,0.025,1386.812666
143,dc,0.06,1418.90612
144,f0,0,1367.246234
144,u,-0.7,1858.499388
144,u,-0.35,1571.63592
144,u,-0.15,1446.462383
144,u,-0.05,1392.387584
144,u,0.05,1343.288933
144,u,0.15,1298.70359
144,u,0.35,1221.434071
144,u,0.7,1117.261936
144,v,-0.7,1380.909727
144,v,-0.35,1373.363271
144,v,-0.15,1369.711453
144,v,-0.05,1368.043448
144,v,0.05,1366.472581
144,v,0.15,1364.993193
144,v,0.35,1362.28786
144,v,0.7,1358.268679
144,d4,0.008,1379.297578
144,d4,0.025,1405.553295
144,d4,0.06,1462.553929
144,dc,0.008,1374.037088
144,dc,0.025,1388.828136
144,dc,0.06,1420.921591
145,f0,0,1414.331908
145,u,-0.7,1948.809044
145,u,-0.35,1636.667329
145,u,-0.15,1500.495066
145,u,-0.05,1441.676774
145,u,0.05,1388.2761
145,u,0.15,1339.788854
145,u,0.35,1255.769566
145,u,0.7,1142.530621
145,v,-0.7,1429.319429
145,v,-0.35,1421.041703
145,v,-0.15,1417.036014
145,v,-0.05,1415.206375
145,v,0.05,1413.483286
145,v,0.15,1411.860542
145,v,0.35,1408.893054
145,v,0.7,1404.484405
145,d4,0.008,1426.723285
145,d4,0.025,1453.720079
145,d4,0.06,1512.330729
145,dc,0.008,1421.463065
145,dc,0.025,1436.995774
145,dc,0.06,1470.700491
146,f0,0,876.7869069
146,u,-0.7,926.1542502
146,u,-0.35,895.6992831
146,u,-0.15,883.8772907
146,u,-0.05,879.0064388
146,u,0.05,874.6975078
146,u,0.15,870.8730754
146,u,0.35,864.4296742
146,u,0.7,856.1430088
146,v,-0.7,879.8621117
146,v,-0.35,878.1636518
146,v,-0.15,877.341747
146,v,-0.05,876.9663337
146,v,0.05,876.6127829
146,v,0.15,876.2798212
146,v,0.35,875.6709391
146,v,0.7,874.7663533
146,d4,0.008,885.5597323
146,d4,0.025,904.6350537
146,d4,0.06,945.9081611
146,dc,-0.06,876.7869069
146,dc,-0.025,876.7869069
146,dc,-0.008,876.7869069
146,dc,0.008,876.7869069
146,dc,0.025,876.7869069
146,dc,0.06,876.7869069
147,f0,0,880.7288585
147,u,-0.7,936.2646209
147,u,-0.35,901.8004055
147,u,-0.15,888.5984459
147,u,-0.05,883.1883541
147,u,0.05,878.4168836
147,u,0.15,874.1934513
147,u,0.35,867.1027241
147,u,0.7,857.9500697
147,v,-0.7,883.8892409
147,v,-0.35,882.1437367
147,v,-0.15,881.2990667
147,v,-0.05,880.9132551
147,v,0.05,880.5499115
147,v,0.15,880.2077274
147,v,0.35,879.5819805
147,v,0.7,878.6523393
147,d4,0.008,889.5255145
147,d4,0.025,908.6568115
147,d4,0.06,950.0655246
147,dc,-0.06,880.7288585
147,dc,-0.025,880.7288585
147,dc,-0.008,880.7288585
147,dc,0.008,880.7288585
147,dc,0.025,880.7288585
147,dc,0.06,880.7288585
148,f0,0,887.5814089
148,u,-0.7,949.0910523
148,u,-0.35,911.1452996
148,u,-0.15,896.4203427
148,u,-0.05,890.3491721
148,u,0.05,884.9750619
148,u,0.15,880.2019558
148,u,0.35,872.1517699
148,u,0.7,861.6874212
148,v,-0.7,890.8516896
148,v,-0.35,889.0454877
148,v,-0.15,888.1714453
148,v,-0.05,887.7722177
148,v,0.05,887.3962393
148,v,0.15,887.0421562
148,v,0.35,886.3946497
148,v,0.7,885.4326814
148,d4,0.008,896.4035174
148,d4,0.025,915.5962031
148,d4,0.06,957.1585066
148,dc,-0.06,887.5814089
148,dc,-0.025,887.5814089
148,dc,-0.008,887.5814089
148,dc,0.008,887.5814089
148,dc,0.025,887.5814089
148,dc,0.06,887.5814089
149,f0,0,911.9358131
149,u,-0.7,1014.76716
149,u,-0.35,949.3496518
149,u,-0.15,925.6989024
149,u,-0.05,916.2112576
149,u,0.05,907.9379296
149,u,0.15,900.6867284
149,u,0.35,888.6602398
149,u,0.7,873.401579
149,v,-0.7,916.038801
149,v,-0.35,913.7726883
149,v,-0.15,912.6760897
149,v,-0.05,912.1752073
149,v,0.05,911.703494
149,v,0.15,911.2592512
149,v,0.35,910.4468709
149,v,0.7,909.2399579
149,d4,0.008,920.9449709
149,d4,0.025,940.5579288
149,d4,0.06,983.0817082
149,dc,-0.06,911.9358131
149,dc,-0.025,911.9358131
149,dc,-0.008,911.9358131
149,dc,0.008,911.9358131
149,dc,0.025,911.9358131
149,dc,0.06,911.9358131
150,f0,0,935.4418555
150,u,-0.7,1071.710808
150,u,-0.35,984.5058186
150,u,-0.15,953.4417153
150,u,-0.05,941.0285056
150,u,0.05,930.2213488
150,u,0.15,920.7598587
150,u,0.35,905.0824137
150,u,0.7,885.2027859
150,v,-0.7,940.0168675
150,v,-0.35,937.4900522
150,v,-0.15,936.2672966
150,v,-0.05,935.7087906
150,v,0.05,935.1828096
150,v,0.15,934.6874593
150,v,0.35,933.7816196
150,v,0.7,932.4358585
150,d4,0.008,944.617519
150,d4,0.025,964.6005118
150,d4,0.06,1007.956637
150,dc,-0.06,935.4418555
150,dc,-0.025,935.4418555
150,dc,-0.008,935.4418555
150,dc,0.008,935.4418555
150,dc,0.025,935.4418555
150,dc,0.06,935.4418555
151,f0,0,955.2800912
151,u,-0.7,1202.184444
151,u,-0.35,1030.986084
151,u,-0.15,981.5797604
151,u,-0.05,963.2679241
151,u,0.05,947.955103
151,u,0.15,935.0170021
151,u,0.35,914.5158703
151,u,0.7,890.1560313
151,v,-0.7,960.4773493
151,v,-0.35,957.6068625
151,v,-0.15,956.2178002
151,v,-0.05,955.583332
151,v,0.05,954.9858124
151,v,0.15,954.4230896
151,v,0.35,953.394047
151,v,0.7,951.8652492
151,d4,0.008,964.8000097
151,d4,0.025,985.543373
151,d4,0.06,1030.598803
151,dc,-0.06,955.2800912
151,dc,-0.025,955.2800912
151,dc,-0.008,955.2800912
151,dc,0.008,955.2800912
151,dc,0.025,955.2800912
151,dc,0.06,955.2800912
152,f0,0,1036.133666
152,u,-0.7,1229.361357
152,u,-0.35,1140.431203
152,u,-0.15,1082.041494
152,u,-0.05,1049.959542
152,u,0.05,1023.537885
152,u,0.15,1001.467787
152,u,0.35,966.8940905
152,u,0.7,926.2630902
152,v,-0.7,1042.70607
152,v,-0.35,1039.076079
152,v,-0.15,1037.319484
152,v,-0.05,1036.517141
152,v,0.05,1035.761524
152,v,0.15,1035.04991
152,v,0.35,1033.748592
152,v,0.7,1031.815288
152,d4,0.008,1046.396719
152,d4,0.025,1068.777491
152,d4,0.06,1117.470191
152,dc,-0.06,1036.133666
152,dc,-0.025,1036.133666
152,dc,-0.008,1036.133666
152,dc,0.008,1036.133666
152,dc,0.025,1036.133666
152,dc,0.06,1036.133666
153,f0,0,1096.538978
153,u,-0.7,1313.087075
153,u,-0.35,1186.77672
153,u,-0.15,1131.54208
153,u,-0.05,1107.652586
153,u,0.05,1085.944683
153,u,0.15,1066.217079
153,u,0.35,1031.989677
153,u,0.7,980.0183883
153,v,-0.7,1104.694978
153,v,-0.35,1100.190355
153,v,-0.15,1098.010515
153,v,-0.05,1097.014851
153,v,0.05,1096.07717
153,v,0.15,1095.194095
153,v,0.35,1093.57923
153,v,0.7,1091.180105
153,d4,0.008,1107.13674
153,d4,0.025,1130.252933
153,d4,0.06,1180.568605
153,dc,-0.05,1066.853193
153,dc,-0.025,1081.331881
153,dc,-0.008,1091.589999
153,dc,0.008,1101.568513
153,dc,0.025,1112.533228
153,dc,0.06,1136.373082
154,f0,0,1178.019161
154,u,-0.7,1398.5701
154,u,-0.35,1269.792454
154,u,-0.15,1213.585237
154,u,-0.05,1189.30605
154,u,0.05,1167.265065
154,u,0.15,1146.420851
154,u,0.35,1061.417724
154,u,0.7,977.7190381
154,v,-0.7,1186.300238
154,v,-0.35,1181.726534
154,v,-0.15,1179.513265
154,v,-0.05,1178.502332
154,v,0.05,1177.550271
154,v,0.15,1176.653654
154,v,0.35,1175.014024
154,v,0.7,1172.578107
154,d4,0.008,1191.555723
154,d4,0.025,1221.243241
154,d4,0.06,1286.637401
154,dc,-0.06,1130.749083
154,dc,-0.025,1157.508513
154,dc,-0.008,1171.320925
154,dc,0.008,1184.849608
154,dc,0.025,1199.822063
154,dc,0.06,1232.767687
155,f0,0,1302.193351
155,u,-0.7,1698.292034
155,u,-0.35,1467.023964
155,u,-0.15,1366.081882
155,u,-0.05,1322.470558
155,u,0.05,1282.870803
155,u,0.15,1246.910448
155,u,0.35,1184.590013
155,u,0.7,1100.592014
155,v,-0.7,1314.073068
155,v,-0.35,1307.511807
155,v,-0.15,1304.336735
155,v,-0.05,1302.886489
155,v,0.05,1301.520699
155,v,0.15,1300.234446
155,v,0.35,1297.882295
155,v,0.7,1294.387821
155,d4,0.008,1314.750671
155,d4,0.025,1342.168134
155,d4,0.06,1401.973278
155,dc,-0.06,1254.576877
155,dc,-0.025,1281.639687
155,dc,-0.008,1295.499132
155,dc,0.008,1309.00168
155,dc,0.025,1323.862089
155,dc,0.06,1356.254936
156,f0,0,1501.569973
156,u,-0.7,2059.997871
156,u,-0.35,1733.771822
156,u,-0.15,1591.532041
156,u,-0.05,1530.11625
156,u,0.05,1474.373603
156,u,0.15,1423.776508
156,u,0.35,1336.151031
156,u,0.7,1218.208813
156,v,-0.7,1516.270849
156,v,-0.35,1508.151439
156,v,-0.15,1504.222361
156,v,-0.05,1502.427715
156,v,0.05,1500.737582
156,v,0.15,1499.145874
156,v,0.35,1496.235141
156,v,0.7,1491.91081
156,d4,0.008,1516.73457
156,d4,0.025,1549.909964
156,d4,0.06,1622.586606
156,dc,-0.06,1438.859068
156,dc,-0.025,1474.431552
156,dc,-0.008,1492.719567
156,dc,0.008,1510.582718
156,dc,0.025,1530.294908
156,dc,0.06,1573.455547
157,f0,0,1621.928649
157,u,-0.7,2345.130625
157,u,-0.35,1922.615321
157,u,-0.15,1738.421092
157,u,-0.05,1658.893349
157,u,0.05,1586.711741
157,u,0.15,1521.191596
157,u,0.35,1407.711892
157,u,0.7,1254.914339
157,v,-0.7,1639.159868
157,v,-0.35,1629.64293
157,v,-0.15,1625.037571
157,v,-0.05,1622.934027
157,v,0.05,1620.952985
157,v,0.15,1619.087309
157,v,0.35,1615.675575
157,v,0.7,1610.606932
157,d4,0.008,1635.981458
157,d4,0.025,1666.6065
157,d4,0.06,1733.134204
157,dc,-0.01,1611.225603
157,dc,-0.008,1613.349415
157,dc,0.008,1630.644704
157,dc,0.025,1649.635995
157,dc,0.06,1690.875564
158,f0,0,2831.789256
158,u,-0.7,4715.09691
158,u,-0.35,3613.669158
158,u,-0.15,3134.459961
158,u,-0.05,2927.792585
158,u,0.05,2740.361303
158,u,0.15,2570.363753
158,u,0.35,2276.292866
158,u,0.7,1881.279222
158,v,-0.7,2862.827533
158,v,-0.35,2845.684847
158,v,-0.15,2837.3893
158,v,-0.05,2833.600226
158,v,0.05,2830.03181
158,v,0.15,2826.671202
158,v,0.35,2820.525709
158,v,0.7,2811.395656
158,d4,0.008,2855.158086
158,d4,0.025,2906.089102
158,d4,0.06,3016.744827
158,dc,-0.01,2809.642683
158,dc,-0.008,2814.036978
158,dc,0.008,2849.826798
158,dc,0.025,2889.135898
158,dc,0.06,2974.528846
159,f0,0,2951.368759
159,u,-0.7,4932.48624
159,u,-0.35,3773.774403
159,u,-0.15,3269.708926
159,u,-0.05,3052.339312
159,u,0.05,2855.213118
159,u,0.15,2676.433168
159,u,0.35,2367.199747
159,u,0.7,1951.90242
159,v,-0.7,2983.387315
159,v,-0.35,2965.703213
159,v,-0.15,2957.145668
159,v,-0.05,2953.236923
159,v,0.05,2949.555806
159,v,0.15,2946.089061
159,v,0.35,2939.749476
159,v,0.7,2930.331068
159,d4,0.008,2976.973718
159,d4,0.025,3032.854651
159,d4,0.06,3154.627296
159,dc,-0.06,2811.520754
159,dc,-0.025,2891.013968
159,dc,-0.008,2931.713539
159,dc,0.008,2971.356873
159,dc,0.025,3014.97652
159,dc,0.06,3110.016507
160,f0,0,6584.393575
160,u,-0.7,12126.38532
160,u,-0.35,8882.286339
160,u,-0.15,7473.294972
160,u,-0.05,6866.244616
160,u,0.05,6316.066216
160,u,0.15,5817.404662
160,u,0.35,4955.694466
160,u,0.7,3800.508152
160,v,-0.7,6644.396133
160,v,-0.35,6611.256245
160,v,-0.15,6595.219464
160,v,-0.05,6587.894503
160,v,0.05,6580.996114
160,v,0.15,6574.499457
160,v,0.35,6562.619117
160,v,0.7,6544.969085
160,d4,0.008,6637.236381
160,d4,0.025,6752.412581
160,d4,0.06,7002.68926
160,dc,-0.01,6526.055887
160,dc,-0.008,6537.630726
160,dc,0.008,6631.911541
160,dc,0.025,6735.479777
160,dc,0.06,6960.523534
161,f0,0,911.5975893
161,u,-0.7,962.3137777
161,u,-0.35,931.5102128
161,u,-0.15,919.1367395
161,u,-0.05,913.9671471
161,u,0.05,909.3590691
161,u,0.15,905.2421625
161,u,0.35,898.251572
161,u,0.7,889.7293111
161,v,-0.7,920.719436
161,v,-0.35,915.6813679
161,v,-0.15,913.2433875
161,v,-0.05,912.1298155
161,v,0.05,911.0810928
161,v,0.15,910.0934431
161,v,0.35,908.2873427
161,v,0.7,905.604109
161,d4,-0.03,878.0468596
161,d4,-0.025,883.5097386
161,d4,-0.008,902.4654209
161,d4,0.008,920.8708016
161,d4,0.025,941.0633546
161,d4,0.06,984.8744071
161,dc,-0.06,911.5975893
161,dc,-0.025,911.5975893
161,dc,-0.008,911.5975893
161,dc,0.008,911.5975893
161,dc,0.025,911.5975893
161,dc,0.06,911.5975893
162,f0,0,977.1415112
162,u,-0.7,1057.089929
162,u,-0.35,1007.465668
162,u,-0.15,988.4612308
162,u,-0.05,980.6780121
162,u,0.05,973.818607
162,u,0.15,967.7534296
162,u,0.35,957.5933625
162,u,0.7,944.5620496
162,v,-0.7,986.4558372
162,v,-0.35,981.3114612
162,v,-0.15,978.8220372
162,v,-0.05,977.6849678
162,v,0.05,976.6141161
162,v,0.15,975.605626
162,v,0.35,973.7614153
162,v,0.7,971.0215629
162,d4,-0.06,905.7628501
162,d4,-0.025,946.3617911
162,d4,-0.008,967.1209929
162,d4,0.008,987.3290659
162,d4,0.025,1009.553457
162,d4,0.06,1057.952713
162,dc,-0.06,977.1415112
162,dc,-0.025,977.1415112
162,dc,-0.008,977.1415112
162,dc,0.008,977.1415112
162,dc,0.025,977.1415112
162,dc,0.06,977.1415112
163,f0,0,984.2075116
163,u,-0.7,1055.449569
163,u,-0.35,1011.472145
163,u,-0.15,994.4185654
163,u,-0.05,987.4018012
163,u,0.05,981.2027815
163,u,0.15,975.7101436
163,u,0.35,966.4865416
163,u,0.7,954.6195938
163,v,-0.7,993.6618076
163,v,-0.35,988.4401252
163,v,-0.15,985.9132916
163,v,-0.05,984.759135
163,v,0.05,983.6721912
163,v,0.15,982.6485461
163,v,0.35,980.7766217
163,v,0.7,977.9955965
163,d4,-0.06,911.7454505
163,d4,-0.025,952.9514715
163,d4,-0.008,974.0303494
163,d4,0.008,994.5559069
163,d4,0.025,1017.136801
163,d4,0.06,1066.339678
163,dc,-0.06,984.2075116
163,dc,-0.025,984.2075116
163,dc,-0.008,984.2075116
163,dc,0.008,984.2075116
163,dc,0.025,984.2075116
163,dc,0.06,984.2075116
164,f0,0,1020.750642
164,u,-0.7,1097.707581
164,u,-0.35,1050.017909
164,u,-0.15,1031.682057
164,u,-0.05,1024.166251
164,u,0.05,1017.541193
164,u,0.15,1011.683317
164,u,0.35,1001.874108
164,u,0.7,989.8957803
164,v,-0.7,1034.405557
164,v,-0.35,1026.863839
164,v,-0.15,1023.214313
164,v,-0.05,1021.547356
164,v,0.05,1019.977474
164,v,0.15,1018.499015
164,v,0.35,1015.79538
164,v,0.7,1011.778723
164,d4,-0.06,945.1405139
164,d4,-0.025,988.1037236
164,d4,-0.008,1010.115309
164,d4,0.008,1031.570058
164,d4,0.025,1055.19646
164,d4,0.06,1106.759571
164,dc,-0.06,1020.750642
164,dc,-0.025,1020.750642
164,dc,-0.008,1020.750642
164,dc,0.008,1020.750642
164,dc,0.025,1020.750642
164,dc,0.06,1020.750642
165,f0,0,925.5185782
165,u,-0.7,999.4591772
165,u,-0.35,953.7814469
165,u,-0.15,936.1098416
165,u,-0.05,928.833533
165,u,0.05,922.3983712
165,u,0.15,916.6882577
165,u,0.35,907.0727846
165,u,0.7,895.0722326
165,v,-0.7,939.5563913
165,v,-0.35,931.8031961
165,v,-0.15,928.0513337
165,v,-0.05,926.3376329
165,v,0.05,924.7237302
165,v,0.15,923.203814
165,v,0.35,920.424366
165,v,0.7,916.2950778
165,d4,-0.02,903.1045818
165,d4,-0.008,916.4505131
165,d4,0.008,934.7276284
165,d4,0.025,954.7826615
165,d4,0.06,998.2988647
165,dc,-0.06,925.5185782
165,dc,-0.025,925.5185782
165,dc,-0.008,925.5185782
165,dc,0.008,925.5185782
165,dc,0.025,925.5185782
165,dc,0.06,925.5185782
166,f0,0,974.4410257
166,u,-0.7,1173.047271
166,u,-0.35,1041.535983
166,u,-0.15,998.5141607
166,u,-0.05,981.8466696
166,u,0.05,967.5739914
166,u,0.15,955.2587317
166,u,0.35,935.2201217
166,u,0.7,910.4683498
166,v,-0.7,989.5740637
166,v,-0.35,981.2159671
166,v,-0.15,977.1713858
166,v,-0.05,975.3239827
166,v,0.05,973.584164
166,v,0.15,971.9456644
166,v,0.35,968.9493649
166,v,0.7,964.4979112
166,d4,-0.01,962.677085
166,d4,-0.008,965.011317
166,d4,0.008,984.0220324
166,d4,0.025,1004.90199
166,d4,0.06,1050.268289
166,dc,-0.06,974.4410257
166,dc,-0.025,974.4410257
166,dc,-0.008,974.4410257
166,dc,0.008,974.4410257
166,dc,0.025,974.4410257
166,dc,0.06,974.4410257
167,f0,0,1015.176284
167,u,-0.7,1354.148423
167,u,-0.35,1117.738949
167,u,-0.15,1050.770062
167,u,-0.05,1025.989305
167,u,0.05,1005.255588
167,u,0.15,987.7138079
167,u,0.35,959.8356574
167,u,0.7,926.4864149
167,v,-0.7,1030.753259
167,v,-0.35,1022.149972
167,v,-0.15,1017.986741
167,v,-0.05,1016.085143
167,v,0.05,1014.294286
167,v,0.15,1012.60772
167,v,0.35,1009.523522
167,v,0.7,1004.941482
167,d4,-0.01,1002.861376
167,d4,-0.008,1005.304501
167,d4,0.008,1025.209975
167,d4,0.025,1047.088473
167,d4,0.06,1094.678993
167,dc,-0.06,1015.176284
167,dc,-0.025,1015.176284
167,dc,-0.008,1015.176284
167,dc,0.008,1015.176284
167,dc,0.025,1015.176284
167,dc,0.06,1015.176284
168,f0,0,1048.904699
168,u,-0.7,1550.690576
168,u,-0.35,1184.703317
168,u,-0.15,1094.693671
168,u,-0.05,1062.671695
168,u,0.05,1036.380955
168,u,0.15,1014.481859
168,u,0.35,980.3018865
168,u,0.7,940.3622695
168,v,-0.7,1071.627759
168,v,-0.35,1059.077633
168,v,-0.15,1053.00448
168,v,-0.05,1050.230506
168,v,0.05,1047.618076
168,v,0.15,1045.157781
168,v,0.35,1040.658679
168,v,0.7,1033.974584
168,d4,0.008,1059.125149
168,d4,0.025,1081.414126
168,d4,0.06,1129.912118
168,dc,-0.06,1048.904699
168,dc,-0.025,1048.904699
168,dc,-0.008,1048.904699
168,dc,0.008,1048.904699
168,dc,0.025,1048.904699
168,dc,0.06,1048.904699
169,f0,0,6108.054569
169,u,-0.7,8724.977267
169,u,-0.35,7192.380551
169,u,-0.15,6527.309858
169,u,-0.05,6240.956858
169,u,0.05,5981.5636
169,u,0.15,5746.595153
169,u,0.35,2430.33987
169,u,0.7,1574.578769
169,v,-0.7,6192.167401
169,v,-0.35,6145.711218
169,v,-0.15,6123.230525
169,v,-0.05,6112.962243
169,v,0.05,6103.291938
169,v,0.15,6094.184789
169,v,0.35,6077.530682
169,v,0.7,6052.7885
169,d4,-0.06,4330.645145
169,d4,-0.025,5214.470594
169,d4,-0.008,5790.176665
169,d4,0.008,6463.29802
169,d4,0.025,7376.792227
169,d4,0.06,10425.1087
169,dc,-0.06,4521.863829
169,dc,-0.025,5310.737321
169,dc,-0.008,5824.448916
169,dc,0.008,6424.965293
169,dc,0.025,7239.750452
169,dc,0.06,9957.563416
170,f0,0,947.8394975
170,u,-0.7,1047.07934
170,u,-0.35,993.7564296
170,u,-0.15,968.29485
170,u,-0.05,954.1953142
170,u,0.05,941.8947256
170,u,0.15,931.1076444
170,u,0.35,913.2003664
170,u,0.7,890.4470949
170,v,-0.7,963.6302541
170,v,-0.35,954.9088944
170,v,-0.15,950.6885257
170,v,-0.05,948.76083
170,v,0.05,946.9453945
170,v,0.15,945.2356818
170,v,0.35,942.1091558
170,v,0.7,937.4642311
170,d4,0.008,957.6086463
170,d4,0.025,978.8836521
170,d4,0.06,1025.040766
170,dc,-0.04,933.3847988
170,dc,-0.025,941.5184112
170,dc,-0.008,947.8394975
170,dc,0.008,947.8394975
170,dc,0.025,947.8394975
170,dc,0.06,947.8394975
171,f0,0,999.3871081
171,u,-0.7,1129.539707
171,u,-0.35,1057.342335
171,u,-0.15,1025.760067
171,u,-0.05,1009.138828
171,u,0.05,990.353322
171,u,0.15,974.1717478
171,u,0.35,947.8892675
171,u,0.7,915.4875275
171,v,-0.7,1018.502559
171,v,-0.35,1007.944944
171,v,-0.15,1002.83599
171,v,-0.05,1000.502424
171,v,0.05,998.3047545
171,v,0.15,996.235067
171,v,0.35,992.4502607
171,v,0.7,986.8273615
171,d4,0.008,1009.585899
171,d4,0.025,1031.80969
171,d4,0.06,1080.082436
171,dc,-0.06,970.2719973
171,dc,-0.025,990.4671236
171,dc,-0.008,999.3871081
171,dc,0.008,999.3871081
171,dc,0.025,999.3871081
171,dc,0.06,999.3871081
172,f0,0,900.8832091
172,u,-0.7,955.2139587
172,u,-0.35,923.6272803
172,u,-0.15,909.7279466
172,u,-0.05,903.6949128
172,u,0.05,898.1996398
172,u,0.15,892.7416819
172,u,0.35,882.5096208
172,u,0.7,869.1994098
172,v,-0.7,913.4947038
172,v,-0.35,906.5292755
172,v,-0.15,903.1586228
172,v,-0.05,901.6190434
172,v,0.05,900.169122
172,v,0.15,898.8036376
172,v,0.35,896.3065966
172,v,0.7,892.5968666
172,d4,0.008,909.9127957
172,d4,0.025,929.5666325
172,d4,0.06,972.1654187
172,dc,-0.01,896.2621639
172,dc,-0.008,897.1801721
172,dc,0.008,902.1162855
172,dc,0.025,902.1162855
172,dc,0.06,902.1162855
173,f0,0,924.2906891
173,u,-0.7,992.773437
173,u,-0.35,952.9245174
173,u,-0.15,935.4181508
173,u,-0.05,927.8268413
173,u,0.05,920.4959103
173,u,0.15,912.4172033
173,u,0.35,898.9362491
173,u,0.7,881.6764616
173,v,-0.7,938.9862288
173,v,-0.35,930.869766
173,v,-0.15,926.9421141
173,v,-0.05,925.1481197
173,v,0.05,923.4585994
173,v,0.15,921.8674691
173,v,0.35,918.9577931
173,v,0.7,914.6350315
173,d4,0.008,933.5199149
173,d4,0.025,953.6205004
173,d4,0.06,997.238368
173,dc,-0.02,914.7824489
173,dc,-0.008,920.4469156
173,dc,0.008,924.9347606
173,dc,0.025,924.9347606
173,dc,0.06,924.9347606
174,f0,0,899.7940641
174,u,-0.7,978.2153763
174,u,-0.35,929.126902
174,u,-0.15,910.6943182
174,u,-0.05,903.1940434
174,u,0.05,896.6034258
174,u,0.15,890.7881074
174,u,0.35,881.061864
174,u,0.7,868.5727377
174,v,-0.7,911.9483365
174,v,-0.35,905.2354357
174,v,-0.15,901.986984
174,v,-0.05,900.5032211
174,v,0.05,899.1058658
174,v,0.15,897.7898862
174,v,0.35,895.383374
174,v,0.7,891.8081381
174,d4,0.008,908.6817203
174,d4,0.025,928.0238661
174,d4,0.06,969.935775
174,dc,-0.06,899.7940641
174,dc,-0.025,899.7940641
174,dc,-0.008,899.7940641
174,dc,0.008,899.7940641
174,dc,0.025,899.7940641
174,dc,0.06,899.7940641
175,f0,0,904.1780513
175,u,-0.7,959.7156201
175,u,-0.35,927.4341476
175,u,-0.15,913.2235299
175,u,-0.05,907.0538376
175,u,0.05,901.4330579
175,u,0.15,896.3115114
175,u,0.35,886.9940185
175,u,0.7,873.1119557
175,v,-0.7,916.7114433
175,v,-0.35,909.7891518
175,v,-0.15,906.4393734
175,v,-0.05,904.9093285
175,v,0.05,903.4683865
175,v,0.15,902.1113585
175,v,0.35,899.6297816
175,v,0.7,895.9430259
175,d4,0.008,913.0604882
175,d4,0.025,932.3952594
175,d4,0.06,974.3059059
175,dc,-0.008,900.6099264
175,dc,0.008,907.6172622
175,dc,0.025,907.6172622
175,dc,0.06,907.6172622
176,f0,0,904.1780513
176,u,-0.7,959.7156201
176,u,-0.35,927.4341476
176,u,-0.15,913.2235299
176,u,-0.05,907.0538376
176,u,0.05,901.4330579
176,u,0.15,896.3115114
176,u,0.35,886.9940185
176,u,0.7,873.1119557
176,v,-0.7,916.7114433
176,v,-0.35,909.7891518
176,v,-0.15,906.4393734
176,v,-0.05,904.9093285
176,v,0.05,903.4683865
176,v,0.15,902.1113585
176,v,0.35,899.6297816
176,v,0.7,895.9430259
176,d4,0.008,913.0604882
176,d4,0.025,932.3952594
176,d4,0.06,974.3059059
176,dc,-0.008,900.6099264
176,dc,0.008,907.6172622
176,dc,0.025,907.6172622
176,dc,0.06,907.6172622
177,f0,0,904.9284997
177,u,-0.7,961.0197775
177,u,-0.35,928.4156168
177,u,-0.15,914.0636604
177,u,-0.05,907.8327719
177,u,0.05,902.1563401
177,u,0.15,896.9841742
177,u,0.35,887.6555543
177,u,0.7,873.612585
177,v,-0.7,917.5417161
177,v,-0.35,910.5753369
177,v,-0.15,907.204224
177,v,-0.05,905.6644344
177,v,0.05,904.2143151
177,v,0.15,902.8486442
177,v,0.35,900.3512623
177,v,0.7,896.6410259
177,d4,0.008,913.8138989
177,d4,0.025,933.1553849
177,d4,0.06,975.081572
177,dc,-0.008,901.3575305
177,dc,0.008,908.5383139
177,dc,0.025,908.5383139
177,dc,0.06,908.5383139
178,f0,0,911.0616468
178,u,-0.7,1006.702052
178,u,-0.35,946.0902907
178,u,-0.15,923.9761851
178,u,-0.05,915.0769741
178,u,0.05,907.3042109
178,u,0.15,900.482388
178,u,0.35,889.1494461
178,u,0.7,874.7386272
178,v,-0.7,924.3543381
178,v,-0.35,917.0126796
178,v,-0.15,913.4599646
178,v,-0.05,911.8372264
178,v,0.05,910.3089891
178,v,0.15,908.8697494
178,v,0.35,906.2378334
178,v,0.7,902.3277262
178,d4,0.008,920.025258
178,d4,0.025,939.5377486
178,d4,0.06,981.8385299
178,dc,-0.06,911.0616468
178,dc,-0.025,911.0616468
178,dc,-0.008,911.0616468
178,dc,0.008,911.0616468
178,dc,0.025,911.0616468
178,dc,0.06,911.0616468
179,f0,0,919.0308735
179,u,-0.7,982.5641442
179,u,-0.35,945.6101624
179,u,-0.15,929.3631666
179,u,-0.05,922.3148416
179,u,0.05,915.8971592
179,u,0.15,908.7333316
179,u,0.35,896.1525504
179,u,0.7,880.0405524
179,v,-0.7,932.7048823
179,v,-0.35,925.1526191
179,v,-0.15,921.4979901
179,v,-0.05,919.8287016
179,v,0.05,918.2566249
179,v,0.15,916.7760988
179,v,0.35,914.068683
179,v,0.7,910.0464096
179,d4,0.008,928.0748248
179,d4,0.025,947.7704855
179,d4,0.06,990.503326
179,dc,-0.018,910.8402327
179,dc,-0.008,915.3585496
179,dc,0.008,920.4130028
179,dc,0.025,920.4130028
179,dc,0.06,920.4130028
180,f0,0,920.5817339
180,u,-0.7,986.201495
180,u,-0.35,948.0347711
180,u,-0.15,931.2540457
180,u,-0.05,923.9738455
180,u,0.05,917.3447437
180,u,0.15,911.3076612
180,u,0.35,898.7857877
180,u,0.7,881.9931941
180,v,-0.7,934.5355754
180,v,-0.35,926.8287584
180,v,-0.15,923.0993389
180,v,-0.05,921.3958892
180,v,0.05,919.7916406
180,v,0.15,918.2808162
180,v,0.35,915.5179943
180,v,0.7,911.4134068
180,d4,0.008,929.6026695
180,d4,0.025,949.247144
180,d4,0.06,991.8634533
180,dc,-0.015,913.7505315
180,dc,-0.008,916.9159617
180,dc,0.008,924.1737939
180,dc,0.025,924.1737939
180,dc,0.06,924.1737939
181,f0,0,923.6488249
181,u,-0.7,990.9594492
181,u,-0.35,951.8046349
181,u,-0.15,934.5932786
181,u,-0.05,927.1272637
181,u,0.05,920.3296197
181,u,0.15,914.1396796
181,u,0.35,900.7237905
181,u,0.7,883.443003
181,v,-0.7,937.8335487
181,v,-0.35,929.9992136
181,v,-0.15,926.2080866
181,v,-0.05,924.4764513
181,v,0.05,922.8456586
181,v,0.15,921.3098358
181,v,0.35,918.5012999
181,v,0.7,914.3287972
181,d4,0.008,932.7036623
181,d4,0.025,952.4236656
181,d4,0.06,995.211263
181,dc,-0.017,915.8735072
181,dc,-0.008,919.9606604
181,dc,0.008,926.9256144
181,dc,0.025,926.9256144
181,dc,0.06,926.9256144
182,f0,0,928.478492
182,u,-0.7,997.1988934
182,u,-0.35,957.2975144
182,u,-0.15,939.7666766
182,u,-0.05,932.1645845
182,u,0.05,923.9133443
182,u,0.15,915.6245368
182,u,0.35,901.8492502
182,u,0.7,884.3130645
182,v,-0.7,942.8437193
182,v,-0.35,934.9096906
182,v,-0.15,931.0703208
182,v,-0.05,929.3166501
182,v,0.05,927.6651052
182,v,0.15,926.1097388
182,v,0.35,923.2654637
182,v,0.7,919.039865
182,d4,0.008,937.5466517
182,d4,0.025,957.2926033
182,d4,0.06,1000.122422
182,dc,-0.025,917.0912416
182,dc,-0.008,924.8767673
182,dc,0.008,928.478492
182,dc,0.025,928.478492
182,dc,0.06,928.478492
183,f0,0,922.5005112
183,u,-0.7,994.1082856
183,u,-0.35,952.4683485
183,u,-0.15,934.1533604
183,u,-0.05,926.2048151
183,u,0.05,918.9650452
183,u,0.15,912.3695489
183,u,0.35,900.8826288
183,u,0.7,885.249485
183,v,-0.7,937.2307608
183,v,-0.35,929.0951274
183,v,-0.15,925.1581987
183,v,-0.05,923.359967
183,v,0.05,921.6664562
183,v,0.15,920.0715677
183,v,0.35,917.1550192
183,v,0.7,912.8220476
183,d4,0.008,931.3832609
183,d4,0.025,950.720234
183,d4,0.06,992.6375734
183,dc,0.008,926.1610308
183,dc,0.025,931.7133185
183,dc,0.06,931.7133185
184,f0,0,938.207556
184,u,-0.7,1018.315838
184,u,-0.35,974.6655237
184,u,-0.15,955.5069167
184,u,-0.05,943.6565447
184,u,0.05,933.1197168
184,u,0.15,923.909036
184,u,0.35,908.678583
184,u,0.7,889.4274421
184,v,-0.7,953.4302633
184,v,-0.35,945.0226417
184,v,-0.15,940.9540946
184,v,-0.05,939.0957449
184,v,0.05,937.3456171
184,v,0.15,935.6974088
184,v,0.35,932.683355
184,v,0.7,928.2055247
184,d4,0.008,947.3512279
184,d4,0.025,967.2644955
184,d4,0.06,1010.469379
184,dc,-0.04,924.4628161
184,dc,-0.025,931.3804011
184,dc,-0.008,938.207556
184,dc,0.008,938.207556
184,dc,0.025,938.207556
184,dc,0.06,938.207556
185,f0,0,945.6413473
185,u,-0.7,1034.884065
185,u,-0.35,982.9576676
185,u,-0.15,960.1448027
185,u,-0.05,950.2507675
185,u,0.05,941.2430107
185,u,0.15,933.0405951
185,u,0.35,918.7648297
185,u,0.7,899.3612408
185,v,-0.7,962.588034
185,v,-0.35,953.2282449
185,v,-0.15,948.6989328
185,v,-0.05,946.6301241
185,v,0.05,944.6817934
185,v,0.15,942.8469246
185,v,0.35,939.4915277
185,v,0.7,934.5065807
185,d4,0.008,954.6351382
185,d4,0.025,974.2179904
185,d4,0.06,1016.684463
185,dc,0.008,949.413156
185,dc,0.025,957.6150903
185,dc,0.06,961.464747
186,f0,0,999.0266764
186,u,-0.7,1130.088425
186,u,-0.35,1053.754787
186,u,-0.15,1020.281332
186,u,-0.05,1005.779223
186,u,0.05,992.5857124
186,u,0.15,980.5806564
186,u,0.35,959.7101128
186,u,0.7,931.4032325
186,v,-0.7,1020.640896
186,v,-0.35,1008.703191
186,v,-0.15,1002.926396
186,v,-0.05,1000.287786
186,v,0.05,997.8028378
186,v,0.15,995.4626012
186,v,0.35,991.1830457
186,v,0.7,984.8251223
186,d4,0.008,1008.308622
186,d4,0.025,1028.524062
186,d4,0.06,1072.383103
186,dc,0.008,1003.087029
186,dc,0.025,1011.922328
186,dc,0.06,1031.056672
187,f0,0,1164.205208
187,u,-0.7,1430.606829
187,u,-0.35,1275.213798
187,u,-0.15,1207.266484
187,u,-0.05,1177.877693
187,u,0.05,1151.171118
187,u,0.15,1126.8986
187,u,0.35,1084.776741
187,u,0.7,1027.842626
187,v,-0.7,1197.934193
187,v,-0.35,1179.305408
187,v,-0.15,1170.29072
187,v,-0.05,1166.17317
187,v,0.05,1162.295408
187,v,0.15,1158.64347
187,v,0.35,1151.965224
187,v,0.7,1142.043686
187,d4,0.008,1174.501137
187,d4,0.025,1196.930486
187,d4,0.06,1245.615903
187,dc,0.008,1169.280128
187,dc,0.025,1180.330541
187,dc,0.06,1204.293601
188,f0,0,913.1832078
188,u,-0.7,988.7529254
188,u,-0.35,941.9508038
188,u,-0.15,923.9512846
188,u,-0.05,916.5523248
188,u,0.05,910.0127454
188,u,0.15,904.2117664
188,u,0.35,894.4422267
188,u,0.7,881.8026147
188,v,-0.7,926.6719803
188,v,-0.35,919.2220246
188,v,-0.15,915.6169033
188,v,-0.05,913.970228
188,v,0.05,912.4194476
188,v,0.15,910.9589776
188,v,0.35,908.2882381
188,v,0.7,904.3204527
188,d4,0.008,922.0638597
188,d4,0.025,941.3915777
188,d4,0.06,983.2743918
188,dc,-0.06,913.1832078
188,dc,-0.025,913.1832078
188,dc,-0.008,913.1832078
188,dc,0.008,913.1832078
188,dc,0.025,913.1832078
188,dc,0.06,913.1832078
189,f0,0,920.4850669
189,u,-0.7,1005.678084
189,u,-0.35,952.5488197
189,u,-0.15,932.4350078
189,u,-0.05,924.2173307
189,u,0.05,916.9783697
189,u,0.15,910.5759486
189,u,0.35,899.8335828
189,u,0.7,885.970526
189,v,-0.7,934.8232577
189,v,-0.35,926.9041615
189,v,-0.15,923.0720177
189,v,-0.05,921.3216475
189,v,0.05,919.673211
189,v,0.15,918.1207719
189,v,0.35,915.28185
189,v,0.7,911.0642043
189,d4,0.008,929.4106893
189,d4,0.025,948.839207
189,d4,0.06,990.9518721
189,dc,-0.06,920.4850669
189,dc,-0.025,920.4850669
189,dc,-0.008,920.4850669
189,dc,0.008,920.4850669
189,dc,0.025,920.4850669
189,dc,0.06,920.4850669
190,f0,0,913.2539593
190,u,-0.7,984.7921452
190,u,-0.35,940.6201462
190,u,-0.15,923.5167583
190,u,-0.05,916.4674715
190,u,0.05,910.2278555
190,u,0.15,904.6858019
190,u,0.35,895.3370623
190,u,0.7,883.4617935
190,v,-0.7,928.0737447
190,v,-0.35,919.88866
190,v,-0.15,915.9278012
190,v,-0.05,914.1186392
190,v,0.05,912.4148346
190,v,0.15,910.8102518
190,v,0.35,907.8759755
190,v,0.7,903.5166665
190,d4,0.008,922.1159103
190,d4,0.025,941.4015235
190,d4,0.06,983.1877129
190,dc,-0.06,913.2539593
190,dc,-0.025,913.2539593
190,dc,-0.008,913.2539593
190,dc,0.008,913.2539593
190,dc,0.025,913.2539593
190,dc,0.06,913.2539593
191,f0,0,900.6974582
191,u,-0.7,952.3984794
191,u,-0.35,920.9786823
191,u,-0.15,908.3789378
191,u,-0.05,903.1126063
191,u,0.05,898.4148354
191,u,0.15,894.2133152
191,u,0.35,887.1927983
191,u,0.7,878.5787977
191,v,-0.7,915.8632549
191,v,-0.35,907.4870654
191,v,-0.15,903.4337288
191,v,-0.05,901.5823266
191,v,0.05,899.8387416
191,v,0.15,898.1966952
191,v,0.35,895.1939095
191,v,0.7,890.7328197
191,d4,0.008,909.471654
191,d4,0.025,928.556758
191,d4,0.06,969.8734305
191,dc,-0.06,900.6974582
191,dc,-0.025,900.6974582
191,dc,-0.008,900.6974582
191,dc,0.008,900.6974582
191,dc,0.025,900.6974582
191,dc,0.06,900.6974582
192,f0,0,949.7739629
192,u,-0.7,1070.03929
192,u,-0.35,994.7526958
192,u,-0.15,966.5137022
192,u,-0.05,955.0001527
192,u,0.05,944.8648714
192,u,0.15,935.9041017
192,u,0.35,920.870909
192,u,0.7,901.462783
192,v,-0.7,965.1210261
192,v,-0.35,956.6447217
192,v,-0.15,952.5429383
192,v,-0.05,950.6694075
192,v,0.05,948.9049827
192,v,0.15,947.24331
192,v,0.35,944.2046341
192,v,0.7,939.6902239
192,d4,0.008,958.8830425
192,d4,0.025,978.7199782
192,d4,0.06,1021.753518
192,dc,-0.06,949.7739629
192,dc,-0.025,949.7739629
192,dc,-0.008,949.7739629
192,dc,0.008,949.7739629
192,dc,0.025,949.7739629
192,dc,0.06,949.7739629
193,f0,0,908.2918977
193,u,-0.7,969.9910741
193,u,-0.35,932.1845449
193,u,-0.15,917.2948789
193,u,-0.05,911.1164961
193,u,0.05,905.6273711
193,u,0.15,900.7357642
193,u,0.35,892.4495822
193,u,0.7,882.2249146
193,v,-0.7,923.8261223
193,v,-0.35,915.2464471
193,v,-0.15,911.0946414
193,v,-0.05,909.1982624
193,v,0.05,907.41232
193,v,0.15,905.7303828
193,v,0.35,902.6546494
193,v,0.7,898.0851848
193,d4,0.008,917.1090783
193,d4,0.025,936.2932051
193,d4,0.06,977.844277
193,dc,-0.06,908.2918977
193,dc,-0.025,908.2918977
193,dc,-0.008,908.2918977
193,dc,0.008,908.2918977
193,dc,0.025,908.2918977
193,dc,0.06,908.2918977
194,f0,0,908.5690116
194,u,-0.7,965.7060645
194,u,-0.35,930.8243278
194,u,-0.15,916.9743668
194,u,-0.05,911.2086368
194,u,0.05,906.0768537
194,u,0.15,901.4963115
194,u,0.35,893.72112
194,u,0.7,884.3958523
194,v,-0.7,925.8566999
194,v,-0.35,916.3085729
194,v,-0.15,911.6881219
194,v,-0.05,909.5776845
194,v,0.05,907.5901494
194,v,0.15,905.7183594
194,v,0.35,902.2954451
194,v,0.7,897.2101909
194,d4,0.008,917.3661428
194,d4,0.025,936.5043535
194,d4,0.06,977.9475677
194,dc,-0.06,908.5690116
194,dc,-0.025,908.5690116
194,dc,-0.008,908.5690116
194,dc,0.008,908.5690116
194,dc,0.025,908.5690116
194,dc,0.06,908.5690116
195,f0,0,948.0538173
195,u,-0.7,1076.151855
195,u,-0.35,994.0527611
195,u,-0.15,964.9054668
195,u,-0.05,953.2806909
195,u,0.05,943.1724962
195,u,0.15,934.3335872
195,u,0.35,919.7121669
195,u,0.7,901.2208961
195,v,-0.7,965.3415056
195,v,-0.35,955.7933786
195,v,-0.15,951.1729276
195,v,-0.05,949.0624902
195,v,0.05,947.0749551
195,v,0.15,945.2031651
195,v,0.35,941.7802508
195,v,0.7,936.6949966
195,d4,0.008,957.1757773
195,d4,0.025,977.0406683
195,d4,0.06,1020.136044
195,dc,-0.06,948.0538173
195,dc,-0.025,948.0538173
195,dc,-0.008,948.0538173
195,dc,0.008,948.0538173
195,dc,0.025,948.0538173
195,dc,0.06,948.0538173
196,f0,0,935.7125806
196,u,-0.7,1033.366696
196,u,-0.35,971.9467514
196,u,-0.15,949.1451161
196,u,-0.05,939.8988225
196,u,0.05,931.7868191
196,u,0.15,924.637901
196,u,0.35,912.6967829
196,u,0.7,897.3856606
196,v,-0.7,954.4032985
196,v,-0.35,944.0802672
196,v,-0.15,939.0848308
196,v,-0.05,936.8031151
196,v,0.05,934.6542762
196,v,0.15,932.6305759
196,v,0.35,928.9298656
196,v,0.7,923.4319038
196,d4,0.008,944.6963848
196,d4,0.025,964.254676
196,d4,0.06,1006.661143
196,dc,-0.06,935.7125806
196,dc,-0.025,935.7125806
196,dc,-0.008,935.7125806
196,dc,0.008,935.7125806
196,dc,0.025,935.7125806
196,dc,0.06,935.7125806
197,f0,0,963.4405369
197,u,-0.7,1112.964997
197,u,-0.35,1015.985332
197,u,-0.15,982.5458704
197,u,-0.05,969.3487894
197,u,0.05,957.9371225
197,u,0.15,948.0065579
197,u,0.35,931.6769875
197,u,0.7,911.1979363
197,v,-0.7,983.8856757
197,v,-0.35,972.5936638
197,v,-0.15,967.1293264
197,v,-0.05,964.6334354
197,v,0.05,962.2828938
197,v,0.15,960.0692371
197,v,0.35,956.0211564
197,v,0.7,950.0071235
197,d4,0.008,972.6546957
197,d4,0.025,992.7235527
197,d4,0.06,1036.275046
197,dc,-0.06,963.4405369
197,dc,-0.025,963.4405369
197,dc,-0.008,963.4405369
197,dc,0.008,963.4405369
197,dc,0.025,963.4405369
197,dc,0.06,963.4405369
198,f0,0,919.2465384
198,u,-0.7,979.567793
198,u,-0.35,942.6464835
198,u,-0.15,928.0699429
198,u,-0.05,922.0155886
198,u,0.05,916.6337475
198,u,0.15,911.8354373
198,u,0.35,903.7023187
198,u,0.7,894.0274204
198,v,-0.7,940.9791919
198,v,-0.35,928.9760755
198,v,-0.15,923.1676262
198,v,-0.05,920.5145587
198,v,0.05,918.0159938
198,v,0.15,915.662934
198,v,0.35,911.359929
198,v,0.7,904.9671676
198,d4,0.008,928.0576015
198,d4,0.025,947.2277574
198,d4,0.06,988.7461341
198,dc,-0.06,919.2465384
198,dc,-0.025,919.2465384
198,dc,-0.008,919.2465384
198,dc,0.008,919.2465384
198,dc,0.025,919.2465384
198,dc,0.06,919.2465384
199,f0,0,966.1042796
199,u,-0.7,1111.581751
199,u,-0.35,1017.431983
199,u,-0.15,984.7928003
199,u,-0.05,971.8867744
199,u,0.05,960.7154763
199,u,0.15,950.9855453
199,u,0.35,934.9686071
199,u,0.7,914.8512026
199,v,-0.7,988.8250671
199,v,-0.35,976.2761965
199,v,-0.15,970.2036503
199,v,-0.05,967.4299539
199,v,0.05,964.817785
199,v,0.15,962.357737
199,v,0.35,957.8590841
199,v,0.7,951.1756585
199,d4,0.008,975.3013741
199,d4,0.025,995.3325056
199,d4,0.06,1038.799719
199,dc,-0.06,966.1042796
199,dc,-0.025,966.1042796
199,dc,-0.008,966.1042796
199,dc,0.008,966.1042796
199,dc,0.025,966.1042796
199,dc,0.06,966.1042796
200,f0,0,2042.745131
200,u,-0.7,2189.625344
200,u,-0.35,2090.632498
200,u,-0.15,2059.334944
200,u,-0.05,2047.752463
200,u,0.05,2038.191381
200,u,0.15,2029.650629
200,u,0.35,2014.334899
200,u,0.7,2001.655047
200,v,-0.7,2110.749404
200,v,-0.35,2073.190106
200,v,-0.15,2055.01472
200,v,-0.05,2046.71293
200,v,0.05,2038.894598
200,v,0.15,2031.531571
200,v,0.35,2018.066914
200,v,0.7,1998.063139
200,d4,-0.06,1817.609567
200,d4,-0.025,1942.696687
200,d4,-0.008,2009.659213
200,d4,0.008,2076.906719
200,dc,-0.06,2042.745131
200,dc,-0.025,2042.745131
200,dc,-0.008,2042.745131
200,dc,0.008,2042.745131
201,f0,0,2995.271779
201,u,-0.7,3316.439884
201,u,-0.35,3096.738584
201,u,-0.15,3029.995434
201,u,-0.05,3005.698125
201,u,0.05,2985.834602
201,u,0.15,2969.531607
201,u,0.35,2941.924408
201,u,0.7,2911.67905
201,v,-0.7,3076.304483
201,v,-0.35,3031.549479
201,v,-0.15,3009.892007
201,v,-0.05,2999.999739
201,v,0.05,2990.683551
201,v,0.15,2981.909897
201,v,0.35,2965.865646
201,v,0.7,2942.029499
201,d4,-0.06,2549.288233
201,d4,-0.025,2791.885194
201,d4,-0.008,2927.054607
201,dc,-0.06,2995.271779
201,dc,-0.025,2995.271779
201,dc,-0.008,2995.271779
202,f0,0,3560.745293
202,u,-0.7,4336.282453
202,u,-0.35,3789.014897
202,u,-0.15,3637.340439
202,u,-0.05,3583.586786
202,u,0.05,3540.183498
202,u,0.15,3504.90644
202,u,0.35,3452.396399
202,u,0.7,3393.639052
202,v,-0.7,3672.717531
202,v,-0.35,3610.874378
202,v,-0.15,3580.947749
202,v,-0.05,3567.278461
202,v,0.05,3554.40521
202,v,0.15,3542.281639
202,v,0.35,3520.111446
202,v,0.7,3487.174291
202,d4,-0.06,2971.85618
202,d4,-0.025,3288.77166
202,d4,-0.008,3468.872067
202,dc,-0.06,3560.745293
202,dc,-0.025,3560.745293
202,dc,-0.008,3560.745293
203,f0,0,4390.988542
203,u,-0.7,7294.96814
203,u,-0.35,5050.066154
203,u,-0.15,4598.974782
203,u,-0.05,4451.727573
203,u,0.05,4337.214048
203,u,0.15,4246.898014
203,u,0.35,4116.883293
203,u,0.7,3986.399665
203,v,-0.7,4569.603657
203,v,-0.35,4470.953116
203,v,-0.15,4423.214959
203,v,-0.05,4401.410076
203,v,0.05,4380.875011
203,v,0.15,4361.535815
203,v,0.35,4326.170518
203,v,0.7,4273.630049
203,d4,-0.06,3580.638729
203,d4,-0.025,4010.590729
203,d4,-0.008,4261.278388
203,dc,-0.06,4390.988542
203,dc,-0.025,4390.988542
203,dc,-0.008,4390.988542
204,f0,0,5792.580088
204,u,-0.7,76364.73974
204,u,-0.35,8115.230603
204,u,-0.15,6419.211752
204,u,-0.05,5967.32698
204,u,0.05,5643.105764
204,u,0.15,5402.466296
204,u,0.35,5077.240025
204,u,0.7,4773.831381
204,v,-0.7,6053.026834
204,v,-0.35,5909.180036
204,v,-0.15,5839.570877
204,v,-0.05,5807.776196
204,v,0.05,5777.833092
204,v,0.15,5749.633739
204,v,0.35,5698.066006
204,v,0.7,5621.454381
204,d4,-0.06,4525.671522
204,d4,-0.025,5181.691296
204,d4,-0.008,5580.917239
204,dc,-0.06,5792.580088
204,dc,-0.025,5792.580088
204,dc,-0.008,5792.580088
205,f0,0,13281.46801
205,u,-0.7,361558.81
205,u,-0.35,338039.5879
205,u,-0.15,27302.38044
205,u,-0.05,15628.6675
205,u,0.05,11720.32511
205,u,0.15,9783.717205
205,u,0.35,7896.88308
205,u,0.7,6612.120052
205,v,-0.7,13709.16047
205,v,-0.35,13472.94254
205,v,-0.15,13358.63391
205,v,-0.05,13306.42229
205,v,0.05,13257.25124
205,v,0.15,13210.94369
205,v,0.35,13126.26177
205,v,0.7,13000.45404
205,d4,-0.06,8202.538145
205,d4,-0.025,10512.14018
205,d4,-0.008,12238.85981
205,dc,-0.06,13281.46801
205,dc,-0.025,13281.46801
205,dc,-0.008,13281.46801
206,f0,0,570726.5711
206,u,-0.7,710586.9707
206,u,-0.35,628568.2699
206,u,-0.15,593068.8126
206,u,-0.05,577805.626
206,u,0.05,563992.0814
206,u,0.15,551490.562
206,u,0.35,529937.2069
206,u,0.7,16274.75291
206,v,-0.7,571633.4991
206,v,-0.35,571132.5956
206,v,-0.15,570890.2025
206,v,-0.05,570779.487
206,v,0.05,570675.2191
206,v,0.15,570577.0233
206,v,0.35,570397.454
206,v,0.7,570130.6769
206,d4,-0.06,20376.28812
206,d4,-0.025,44383.8517
206,d4,-0.008,116293.4128
206,dc,-0.06,21005.36043
206,dc,-0.025,44985.41471
206,dc,-0.008,116812.9162
207,f0,0,882.9804209
207,u,-0.7,941.7264223
207,u,-0.35,905.1618831
207,u,-0.15,891.2486467
207,u,-0.05,885.5624393
207,u,0.05,880.555
207,u,0.15,876.128692
207,u,0.35,868.71024
207,u,0.7,859.1591039
207,v,-0.7,886.3271984
207,v,-0.35,884.4787467
207,v,-0.15,883.5842592
207,v,-0.05,883.175693
207,v,0.05,882.7909199
207,v,0.15,882.4285543
207,v,0.35,881.7659016
207,v,0.7,880.7814314
207,d4,0.008,891.7900355
207,d4,0.025,910.9513716
207,d4,0.06,952.4317016
207,dc,-0.06,882.9804209
207,dc,-0.025,882.9804209
207,dc,-0.008,882.9804209
207,dc,0.008,882.9804209
207,dc,0.025,882.9804209
207,dc,0.06,882.9804209
208,f0,0,883.0069165
208,u,-0.7,941.7529179
208,u,-0.35,905.1883787
208,u,-0.15,891.2751424
208,u,-0.05,885.588935
208,u,0.05,880.5814956
208,u,0.15,876.1551876
208,u,0.35,868.7367356
208,u,0.7,859.1855995
208,v,-0.7,886.3675237
208,v,-0.35,884.5114338
208,v,-0.15,883.61325
208,v,-0.05,883.2029956
208,v,0.05,882.8166325
208,v,0.15,882.4527694
208,v,0.35,881.7873785
208,v,0.7,880.7988403
208,d4,0.008,891.8165311
208,d4,0.025,910.9778672
208,d4,0.06,952.4581972
208,dc,-0.06,883.0069165
208,dc,-0.025,883.0069165
208,dc,-0.008,883.0069165
208,dc,0.008,883.0069165
208,dc,0.025,883.0069165
208,dc,0.06,883.0069165
209,f0,0,886.3392329
209,u,-0.7,949.7976216
209,u,-0.35,910.1335408
209,u,-0.15,895.1844955
209,u,-0.05,889.0983242
209,u,0.05,883.7500868
209,u,0.15,879.0315571
209,u,0.35,871.1426704
209,u,0.7,861.0224692
209,v,-0.7,890.0305855
209,v,-0.35,887.9918222
209,v,-0.15,887.0052407
209,v,-0.05,886.5546097
209,v,0.05,886.1302214
209,v,0.15,885.7305475
209,v,0.35,884.9996699
209,v,0.7,883.9138413
209,d4,0.008,895.1683525
209,d4,0.025,914.3745456
209,d4,0.06,955.9607566
209,dc,-0.06,886.3392329
209,dc,-0.025,886.3392329
209,dc,-0.008,886.3392329
209,dc,0.008,886.3392329
209,dc,0.025,886.3392329
209,dc,0.06,886.3392329
210,f0,0,901.6321691
210,u,-0.7,987.4859221
210,u,-0.35,933.3708503
210,u,-0.15,913.3743618
210,u,-0.05,905.2881412
210,u,0.05,898.2067712
210,u,0.15,891.9772355
210,u,0.35,881.5978351
210,u,0.7,868.3436841
210,v,-0.7,905.359712
210,v,-0.35,903.3009605
210,v,-0.15,902.3047065
210,v,-0.05,901.8496575
210,v,0.05,901.4211084
210,v,0.15,901.0175161
210,v,0.35,900.279473
210,v,0.7,899.1829988
210,d4,0.008,910.5628501
210,d4,0.025,930.0003179
210,d4,0.06,972.1253778
210,dc,-0.06,901.6321691
210,dc,-0.025,901.6321691
210,dc,-0.008,901.6321691
210,dc,0.008,901.6321691
210,dc,0.025,901.6321691
210,dc,0.06,901.6321691
211,f0,0,893.7876952
211,u,-0.7,970.9602528
211,u,-0.35,922.1705458
211,u,-0.15,904.2607783
211,u,-0.05,897.0445894
211,u,0.05,890.7396651
211,u,0.15,885.2055286
211,u,0.35,876.0132863
211,u,0.7,864.3337167
211,v,-0.7,897.5262808
211,v,-0.35,895.4614304
211,v,-0.15,894.462225
211,v,-0.05,894.0058279
211,v,0.05,893.5760092
211,v,0.15,893.1712213
211,v,0.35,892.4309917
211,v,0.7,891.3312693
211,d4,0.008,902.6754288
211,d4,0.025,922.0147968
211,d4,0.06,963.9104259
211,dc,-0.06,893.7876952
211,dc,-0.025,893.7876952
211,dc,-0.008,893.7876952
211,dc,0.008,893.7876952
211,dc,0.025,893.7876952
211,dc,0.06,893.7876952
212,f0,0,891.3120844
212,u,-0.7,961.061231
212,u,-0.35,917.2287893
212,u,-0.15,900.9122614
212,u,-0.05,894.3022503
212,u,0.05,888.5097751
212,u,0.15,883.4120505
212,u,0.35,874.9166047
212,u,0.7,864.0710786
212,v,-0.7,895.2443245
212,v,-0.35,893.0725172
212,v,-0.15,892.021554
212,v,-0.05,891.5415161
212,v,0.05,891.0894334
212,v,0.15,890.6636779
212,v,0.35,889.8851052
212,v,0.7,888.7284185
212,d4,-0.001,890.2123397
212,d4,0.008,900.1839532
212,d4,0.025,919.4866794
212,d4,0.06,961.2953963
212,dc,-0.06,891.3120844
212,dc,-0.025,891.3120844
212,dc,-0.008,891.3120844
212,dc,0.008,891.3120844
212,dc,0.025,891.3120844
212,dc,0.06,891.3120844
213,f0,0,906.4247707
213,u,-0.7,1000.409038
213,u,-0.35,940.8240156
213,u,-0.15,919.1041416
213,u,-0.05,910.3665879
213,u,0.05,902.7364469
213,u,0.15,896.0409052
213,u,0.35,884.9200869
213,u,0.7,870.7834704
213,v,-0.7,910.4803699
213,v,-0.35,908.2404304
213,v,-0.15,907.1564973
213,v,-0.05,906.6614
213,v,0.05,906.1951349
213,v,0.15,905.756023
213,v,0.35,904.9530256
213,v,0.7,903.7600521
213,d4,0.008,915.392132
213,d4,0.025,934.9116286
213,d4,0.06,977.2231189
213,dc,-0.06,906.4247707
213,dc,-0.025,906.4247707
213,dc,-0.008,906.4247707
213,dc,0.008,906.4247707
213,dc,0.025,906.4247707
213,dc,0.06,906.4247707
214,f0,0,904.5729197
214,u,-0.7,994.8934069
214,u,-0.35,937.779051
214,u,-0.15,916.8327539
214,u,-0.05,908.3868655
214,u,0.05,901.0021424
214,u,0.15,894.5147636
214,u,0.35,883.7246484
214,u,0.7,869.980804
214,v,-0.7,908.6285189
214,v,-0.35,906.3885794
214,v,-0.15,905.3046463
214,v,-0.05,904.8095489
214,v,0.05,904.3432838
214,v,0.15,903.9041719
214,v,0.35,903.1011745
214,v,0.7,901.9082011
214,d4,0.008,913.5237766
214,d4,0.025,933.0063963
214,d4,0.06,975.2341805
214,dc,-0.06,904.5729197
214,dc,-0.025,904.5729197
214,dc,-0.008,904.5729197
214,dc,0.008,904.5729197
214,dc,0.025,904.5729197
214,dc,0.06,904.5729197
215,f0,0,910.5614186
215,u,-0.7,1012.828744
215,u,-0.35,947.6240655
215,u,-0.15,924.1731066
215,u,-0.05,914.7868872
215,u,0.05,906.6127543
215,u,0.15,899.4571632
215,u,0.35,887.6081934
215,u,0.7,872.6114445
215,v,-0.7,914.6636348
215,v,-0.35,912.3979484
215,v,-0.15,911.301556
215,v,-0.05,910.8007678
215,v,0.05,910.3291432
215,v,0.15,909.8849839
215,v,0.35,909.0727565
215,v,0.7,907.8660705
215,d4,0.008,919.5658541
215,d4,0.025,939.1680312
215,d4,0.06,981.66668
215,dc,-0.06,910.5614186
215,dc,-0.025,910.5614186
215,dc,-0.008,910.5614186
215,dc,0.008,910.5614186
215,dc,0.025,910.5614186
215,dc,0.06,910.5614186
216,f0,0,930.9484495
216,u,-0.7,1065.635496
216,u,-0.35,978.9977789
216,u,-0.15,948.511378
216,u,-0.05,936.391063
216,u,0.05,925.8695898
216,u,0.15,916.6826241
216,u,0.35,901.5125887
216,u,0.7,882.3760874
216,v,-0.7,935.199565
216,v,-0.35,932.8516403
216,v,-0.15,931.7154519
216,v,-0.05,931.1964864
216,v,0.05,930.7077432
216,v,0.15,930.2474621
216,v,0.35,929.405753
216,v,0.7,928.1552676
216,d4,0.008,940.1086096
216,d4,0.025,960.0571177
216,d4,0.06,1003.335902
216,dc,-0.06,930.9484495
216,dc,-0.025,930.9484495
216,dc,-0.008,930.9484495
216,dc,0.008,930.9484495
216,dc,0.025,930.9484495
216,dc,0.06,930.9484495
217,f0,0,916.5667689
217,u,-0.7,1030.511526
217,u,-0.35,957.307459
217,u,-0.15,931.4566436
217,u,-0.05,921.1800009
217,u,0.05,912.2630939
217,u,0.15,904.4822926
217,u,0.35,891.6495837
217,u,0.7,875.5007144
217,v,-0.7,920.9821262
217,v,-0.35,918.5434894
217,v,-0.15,917.3634044
217,v,-0.05,916.8243887
217,v,0.05,916.3167628
217,v,0.15,915.8386988
217,v,0.35,914.9644703
217,v,0.7,913.6656724
217,d4,0.008,925.6226903
217,d4,0.025,945.3394103
217,d4,0.06,988.0964265
217,dc,-0.06,916.5667689
217,dc,-0.025,916.5667689
217,dc,-0.008,916.5667689
217,dc,0.008,916.5667689
217,dc,0.025,916.5667689
217,dc,0.06,916.5667689
218,f0,0,929.1659625
218,u,-0.7,1058.678082
218,u,-0.35,975.614928
218,u,-0.15,946.1755991
218,u,-0.05,934.4410192
218,u,0.05,924.2402977
218,u,0.15,915.3226803
218,u,0.35,900.5755194
218,u,0.7,881.9335237
218,v,-0.7,933.7006665
218,v,-0.35,931.1961136
218,v,-0.15,929.984131
218,v,-0.05,929.4305457
218,v,0.05,928.9091988
218,v,0.15,928.4182128
218,v,0.35,927.5203539
218,v,0.7,926.1864496
218,d4,0.008,938.3033425
218,d4,0.025,958.2014319
218,d4,0.06,1001.367399
218,dc,-0.06,929.1659625
218,dc,-0.025,929.1659625
218,dc,-0.008,929.1659625
218,dc,0.008,929.1659625
218,dc,0.025,929.1659625
218,dc,0.06,929.1659625
219,f0,0,939.413244
219,u,-0.7,1092.393189
219,u,-0.35,993.0008378
219,u,-0.15,958.8772647
219,u,-0.05,945.4299731
219,u,0.05,933.8107341
219,u,0.15,923.7060698
219,u,0.35,907.1032658
219,u,0.7,886.3045656
219,v,-0.7,944.0109318
219,v,-0.35,941.4715925
219,v,-0.15,940.2427763
219,v,-0.05,939.6815021
219,v,0.05,939.1529141
219,v,0.15,938.6551086
219,v,0.35,937.7447791
219,v,0.7,936.3923478
219,d4,0.008,948.6517692
219,d4,0.025,968.7735653
219,d4,0.06,1012.439579
219,dc,-0.06,939.413244
219,dc,-0.025,939.413244
219,dc,-0.008,939.413244
219,dc,0.008,939.413244
219,dc,0.025,939.413244
219,dc,0.06,939.413244
220,f0,0,942.3303945
220,u,-0.7,1101.011739
220,u,-0.35,998.0577547
220,u,-0.15,962.5234012
220,u,-0.05,948.5666277
220,u,0.05,936.5281771
220,u,0.15,926.074714
220,u,0.35,908.9305111
220,u,0.7,887.5089179
220,v,-0.7,946.9280824
220,v,-0.35,944.388743
220,v,-0.15,943.1599268
220,v,-0.05,942.5986527
220,v,0.05,942.0700646
220,v,0.15,941.5722591
220,v,0.35,940.6619297
220,v,0.7,939.3094984
220,d4,0.008,951.598949
220,d4,0.025,971.7870979
220,d4,0.06,1015.601215
220,dc,-0.06,942.3303945
220,dc,-0.025,942.3303945
220,dc,-0.008,942.3303945
220,dc,0.008,942.3303945
220,dc,0.025,942.3303945
220,dc,0.06,942.3303945
221,f0,0,956.5626111
221,u,-0.7,1128.908909
221,u,-0.35,1022.856788
221,u,-0.15,980.3126185
221,u,-0.05,963.8649741
221,u,0.05,949.7942021
221,u,0.15,937.6621195
221,u,0.35,917.9357091
221,u,0.7,893.5807
221,v,-0.7,961.4376916
221,v,-0.35,958.7451461
221,v,-0.15,957.4421916
221,v,-0.05,956.8470541
221,v,0.05,956.2865747
221,v,0.15,955.758735
221,v,0.35,954.7934826
221,v,0.7,953.359455
221,d4,0.008,965.9768831
221,d4,0.025,986.4867481
221,d4,0.06,1031.018111
221,dc,-0.06,956.5626111
221,dc,-0.025,956.5626111
221,dc,-0.008,956.5626111
221,dc,0.008,956.5626111
221,dc,0.025,956.5626111
221,dc,0.06,956.5626111
222,f0,0,955.6244831
222,u,-0.7,1081.767553
222,u,-0.35,1016.11981
222,u,-0.15,977.6656824
222,u,-0.05,962.4475097
222,u,0.05,949.2627739
222,u,0.15,937.7668062
222,u,0.35,918.8096712
222,u,0.7,894.9228236
222,v,-0.7,960.6560067
222,v,-0.35,957.8770564
222,v,-0.15,956.5322897
222,v,-0.05,955.9180539
222,v,0.05,955.3395885
222,v,0.15,954.7948103
222,v,0.35,953.7985826
222,v,0.7,952.3185365
222,d4,0.008,964.9652712
222,d4,0.025,985.3128355
222,d4,0.06,1029.480939
222,dc,-0.06,952.6584324
222,dc,-0.025,955.6244831
222,dc,-0.008,955.6244831
222,dc,0.008,955.6244831
222,dc,0.025,955.6244831
222,dc,0.06,955.6244831
223,f0,0,976.6872044
223,u,-0.7,1117.993153
223,u,-0.35,1051.974239
223,u,-0.15,1003.895471
223,u,-0.05,985.0612851
223,u,0.05,968.9177747
223,u,0.15,954.9706473
223,u,0.35,932.2257418
223,u,0.7,903.9995291
223,v,-0.7,982.0762541
223,v,-0.35,979.0998394
223,v,-0.15,977.6595172
223,v,-0.05,977.0016356
223,v,0.05,976.3820661
223,v,0.15,975.7985775
223,v,0.35,974.7315606
223,v,0.7,973.1463465
223,d4,0.008,986.2396795
223,d4,0.025,1007.053824
223,d4,0.06,1052.259071
223,dc,-0.06,972.3457772
223,dc,-0.025,976.6872044
223,dc,-0.008,976.6872044
223,dc,0.008,976.6872044
223,dc,0.025,976.6872044
223,dc,0.06,976.6872044
224,f0,0,958.4444013
224,u,-0.7,1085.471549
224,u,-0.35,1020.32737
224,u,-0.15,980.9598587
224,u,-0.05,965.4104493
224,u,0.05,951.9523776
224,u,0.15,940.228302
224,u,0.35,920.9155012
224,u,0.7,896.6160593
224,v,-0.7,963.9338732
224,v,-0.35,960.9019945
224,v,-0.15,959.4348327
224,v,-0.05,958.7646918
224,v,0.05,958.1335769
224,v,0.15,957.5392152
224,v,0.35,956.452315
224,v,0.7,954.8375613
224,d4,0.008,967.8047959
224,d4,0.025,988.195595
224,d4,0.06,1032.459863
224,dc,-0.06,954.9094667
224,dc,-0.025,958.4444013
224,dc,-0.008,958.4444013
224,dc,0.008,958.4444013
224,dc,0.025,958.4444013
224,dc,0.06,958.4444013
225,f0,0,985.8941106
225,u,-0.7,1130.277119
225,u,-0.35,1060.927449
225,u,-0.15,1015.412394
225,u,-0.05,994.9566954
225,u,0.05,977.5035589
225,u,0.15,962.4836661
225,u,0.35,938.1037209
225,u,0.7,908.0402189
225,v,-0.7,991.6003213
225,v,-0.35,988.448736
225,v,-0.15,986.9236468
225,v,-0.05,986.227047
225,v,0.05,985.571014
225,v,0.15,984.9531854
225,v,0.35,983.8233715
225,v,0.7,982.144863
225,d4,0.008,995.5395204
225,d4,0.025,1016.558414
225,d4,0.06,1062.218552
225,dc,-0.06,978.6070857
225,dc,-0.025,985.8941106
225,dc,-0.008,985.8941106
225,dc,0.008,985.8941106
225,dc,0.025,985.8941106
225,dc,0.06,985.8941106
226,f0,0,995.9503234
226,u,-0.7,1150.632613
226,u,-0.35,1076.844231
226,u,-0.15,1028.206112
226,u,-0.05,1005.825092
226,u,0.05,986.8298901
226,u,0.15,970.5558748
226,u,0.35,944.281031
226,u,0.7,912.1138142
226,v,-0.7,1001.773792
226,v,-0.35,998.5574443
226,v,-0.15,997.0010157
226,v,-0.05,996.2901013
226,v,0.05,995.6205874
226,v,0.15,994.9900629
226,v,0.35,993.8370322
226,v,0.7,992.1240317
226,d4,0.008,1005.704267
226,d4,0.025,1026.962254
226,d4,0.06,1073.153565
226,dc,-0.06,990.3392352
226,dc,-0.025,995.9503234
226,dc,-0.008,995.9503234
226,dc,0.008,995.9503234
226,dc,0.025,995.9503234
226,dc,0.06,995.9503234
227,f0,0,1020.795212
227,u,-0.7,1179.223794
227,u,-0.35,1086.885889
227,u,-0.15,1046.447826
227,u,-0.05,1028.942576
227,u,0.05,1013.026103
227,u,0.15,998.552251
227,u,0.35,973.414524
227,u,0.7,938.839371
227,v,-0.7,1027.318909
227,v,-0.35,1023.71582
227,v,-0.15,1021.972242
227,v,-0.05,1021.175846
227,v,0.05,1020.425828
227,v,0.15,1019.719487
227,v,0.35,1018.427813
227,v,0.7,1016.508837
227,d4,0.008,1030.53245
227,d4,0.025,1051.752124
227,d4,0.06,1097.848458
227,dc,-0.02,1010.233291
227,dc,-0.008,1016.521943
227,dc,0.008,1025.13502
227,dc,0.025,1034.585696
227,dc,0.06,1055.085769
228,f0,0,1017.484976
228,u,-0.7,1172.126228
228,u,-0.35,1081.999988
228,u,-0.15,1042.526915
228,u,-0.05,1025.438527
228,u,0.05,1009.900552
228,u,0.15,995.770403
228,u,0.35,971.2283501
228,u,0.7,936.994215
228,v,-0.7,1024.358302
228,v,-0.35,1020.56211
228,v,-0.15,1018.725087
228,v,-0.05,1017.886009
228,v,0.05,1017.095795
228,v,0.15,1016.351599
228,v,0.35,1014.9907
228,v,0.7,1012.968879
228,d4,0.008,1027.193756
228,d4,0.025,1048.351219
228,d4,0.06,1094.311592
228,dc,-0.02,1006.992157
228,dc,-0.008,1013.239719
228,dc,0.008,1021.796263
228,dc,0.025,1031.184592
228,dc,0.06,1050.217131
229,f0,0,1056.097752
229,u,-0.7,1247.550501
229,u,-0.35,1135.924527
229,u,-0.15,1087.073314
229,u,-0.05,1065.934373
229,u,0.05,1046.719054
229,u,0.15,1029.250006
229,u,0.35,998.9223967
229,u,0.7,957.9034691
229,v,-0.7,1062.971078
229,v,-0.35,1059.174886
229,v,-0.15,1057.337864
229,v,-0.05,1056.498785
229,v,0.05,1055.708571
229,v,0.15,1054.964375
229,v,0.35,1053.603476
229,v,0.7,1051.581655
229,d4,0.008,1066.086011
229,d4,0.025,1087.854118
229,d4,0.06,1135.147711
229,dc,-0.02,1044.925953
229,dc,-0.008,1051.577325
229,dc,0.008,1060.689103
229,dc,0.025,1070.689329
229,dc,0.06,1092.389003
230,f0,0,1062.662002
230,u,-0.7,1260.030457
230,u,-0.35,1144.948836
230,u,-0.15,1094.590757
230,u,-0.05,1072.801104
230,u,0.05,1052.995107
230,u,0.15,1034.989818
230,u,0.35,1003.733233
230,u,0.7,961.4627769
230,v,-0.7,1069.729879
230,v,-0.35,1065.826234
230,v,-0.15,1063.937215
230,v,-0.05,1063.074386
230,v,0.05,1062.261805
230,v,0.15,1061.496545
230,v,0.35,1060.097125
230,v,0.7,1058.018076
230,d4,0.008,1072.695678
230,d4,0.025,1094.562965
230,d4,0.06,1142.072881
230,dc,-0.02,1051.37981
230,dc,-0.008,1058.096849
230,dc,0.008,1067.298859
230,dc,0.025,1077.398455
230,dc,0.06,1099.31485
231,f0,0,1046.986182
231,u,-0.7,1227.637038
231,u,-0.35,1122.320582
231,u,-0.15,1076.221008
231,u,-0.05,1056.270395
231,u,0.05,1038.133821
231,u,0.15,1021.644149
231,u,0.35,993.0133369
231,u,0.7,954.2807228
231,v,-0.7,1055.009449
231,v,-0.35,1050.578135
231,v,-0.15,1048.433771
231,v,-0.05,1047.45431
231,v,0.05,1046.53189
231,v,0.15,1045.663187
231,v,0.35,1044.074602
231,v,0.7,1041.714521
231,d4,0.008,1056.891831
231,d4,0.025,1078.479503
231,d4,0.06,1125.379419
231,dc,-0.02,1036.015149
231,dc,-0.008,1042.547104
231,dc,0.008,1051.494758
231,dc,0.025,1061.314196
231,dc,0.06,1082.619448
232,f0,0,883.2092192
232,u,-0.7,959.1190795
232,u,-0.35,911.0048132
232,u,-0.15,893.4438456
232,u,-0.05,886.3888902
232,u,0.05,880.2361476
232,u,0.15,874.8451825
232,u,0.35,865.9130285
232,u,0.7,854.6111387
232,v,-0.7,888.7817521
232,v,-0.35,885.7039981
232,v,-0.15,884.2146367
232,v,-0.05,883.534356
232,v,0.05,882.8936917
232,v,0.15,882.2903368
232,v,0.35,881.1869907
232,v,0.7,879.5478042
232,d4,-0.0021,880.8935691
232,d4,0.008,892.1144225
232,d4,0.025,911.4923925
232,d4,0.06,953.4751636
232,dc,-0.06,883.2092192
232,dc,-0.025,883.2092192
232,dc,-0.008,883.2092192
232,dc,0.008,883.2092192
232,dc,0.025,883.2092192
232,dc,0.06,883.2092192
233,f0,0,919.2369612
233,u,-0.7,1067.286333
233,u,-0.35,969.9113145
233,u,-0.15,937.469143
233,u,-0.05,924.8500763
233,u,0.05,914.0294837
233,u,0.15,904.6860844
233,u,0.35,889.4794649
233,u,0.7,870.7114715
233,v,-0.7,925.6178175
233,v,-0.35,922.0936201
233,v,-0.15,920.3882195
233,v,-0.05,919.6092606
233,v,0.05,918.8756648
233,v,0.15,918.1847903
233,v,0.35,916.9213984
233,v,0.7,915.0444398
233,d4,-0.0013,917.7558238
233,d4,0.008,928.4345481
233,d4,0.025,948.4666147
233,d4,0.06,991.9370279
233,dc,-0.06,919.2369612
233,dc,-0.025,919.2369612
233,dc,-0.008,919.2369612
233,dc,0.008,919.2369612
233,dc,0.025,919.2369612
233,dc,0.06,919.2369612
234,f0,0,1003.617733
234,u,-0.7,1337.03449
234,u,-0.35,1123.247543
234,u,-0.15,1044.223952
234,u,-0.05,1015.853094
234,u,0.05,992.4685338
234,u,0.15,972.9325923
234,u,0.35,942.3501174
234,u,0.7,906.5081004
234,v,-0.7,1012.988922
234,v,-0.35,1007.81314
234,v,-0.15,1005.308518
234,v,-0.05,1004.164507
234,v,0.05,1003.087118
234,v,0.15,1002.072471
234,v,0.35,1000.217002
234,v,0.7,997.4604224
234,d4,0.008,1013.650328
234,d4,0.025,1035.525804
234,d4,0.06,1083.106734
234,dc,-0.06,1003.617733
234,dc,-0.025,1003.617733
234,dc,-0.008,1003.617733
234,dc,0.008,1003.617733
234,dc,0.025,1003.617733
234,dc,0.06,1003.617733
235,f0,0,1197.190423
235,u,-0.7,1492.846871
235,u,-0.35,1320.279943
235,u,-0.15,1244.911337
235,u,-0.05,1212.337947
235,u,0.05,1182.754554
235,u,0.15,1155.884579
235,u,0.35,1109.305285
235,u,0.7,1046.498923
235,v,-0.7,1210.915618
235,v,-0.35,1203.335084
235,v,-0.15,1199.666774
235,v,-0.05,1197.991237
235,v,0.05,1196.413276
235,v,0.15,1194.927207
235,v,0.35,1192.209657
235,v,0.7,1188.172326
235,d4,0.008,1209.235113
235,d4,0.025,1235.54883
235,d4,0.06,1293.020908
235,dc,-0.06,1153.609249
235,dc,-0.025,1178.367762
235,dc,-0.008,1191.058131
235,dc,0.008,1203.429104
235,dc,0.025,1217.052762
235,dc,0.06,1246.781876
236,f0,0,1000.083813
236,u,-0.7,1434.95105
236,u,-0.35,1114.190863
236,u,-0.15,1038.102461
236,u,-0.05,1011.455266
236,u,0.05,989.7888317
236,u,0.15,971.9126216
236,u,0.35,944.3862657
236,u,0.7,912.9617237
236,v,-0.7,1018.572299
236,v,-0.35,1008.360962
236,v,-0.15,1003.419576
236,v,-0.05,1001.162548
236,v,0.05,999.036959
236,v,0.15,997.035155
236,v,0.35,993.374486
236,v,0.7,987.9360115
236,d4,-0.0017,997.9883235
236,d4,0.008,1010.04295
236,d4,0.025,1031.758687
236,d4,0.06,1078.996029
236,dc,-0.06,1000.083813
236,dc,-0.025,1000.083813
236,dc,-0.008,1000.083813
236,dc,0.008,1000.083813
236,dc,0.025,1000.083813
236,dc,0.06,1000.083813
237,f0,0,1599.776712
237,u,-0.7,2193.15949
237,u,-0.35,1846.407048
237,u,-0.15,1695.303694
237,u,-0.05,1630.084682
237,u,0.05,1570.905992
237,u,0.15,1517.205704
237,u,0.35,1424.250966
237,u,0.7,1299.268385
237,v,-0.7,1620.93484
237,v,-0.35,1609.249039
237,v,-0.15,1603.594142
237,v,-0.05,1601.011211
237,v,0.05,1598.578699
237,v,0.15,1596.287844
237,v,0.35,1592.098594
237,v,0.7,1585.874832
237,d4,-0.002,1595.227282
237,d4,0.008,1618.216399
237,d4,0.025,1658.733765
237,d4,0.06,1748.353933
237,dc,-0.06,1520.889345
237,dc,-0.025,1565.454877
237,dc,-0.008,1588.552684
237,dc,0.008,1611.237601
237,dc,0.025,1636.413912
237,dc,0.06,1692.070515
238,f0,0,1319.407686
238,u,-0.7,2971.650968
238,u,-0.35,2456.987285
238,u,-0.15,1549.892767
238,u,-0.05,1380.113218
238,u,0.05,1269.290452
238,u,0.15,1191.524816
238,u,0.35,1090.285364
238,u,0.7,995.5441751
238,v,-0.7,1340.622436
238,v,-0.35,1328.905362
238,v,-0.15,1323.235332
238,v,-0.05,1320.645489
238,v,0.05,1318.206467
238,v,0.15,1315.909482
238,v,0.35,1311.70902
238,v,0.7,1305.468603
238,d4,-0.001,1317.62691
238,d4,0.008,1333.811606
238,d4,0.025,1365.381319
238,d4,0.06,1434.820095
238,dc,-0.06,1319.407686
238,dc,-0.025,1319.407686
238,dc,-0.008,1319.407686
238,dc,0.008,1319.407686
238,dc,0.025,1319.407686
238,dc,0.06,1319.407686
239,f0,0,1672.331897
239,u,-0.7,2447.473069
239,u,-0.35,1994.58125
239,u,-0.15,1797.172266
239,u,-0.05,1711.944671
239,u,0.05,1634.592864
239,u,0.15,1564.382333
239,u,0.35,1442.785107
239,u,0.7,1279.069734
239,v,-0.7,1697.239757
239,v,-0.35,1683.482949
239,v,-0.15,1676.825867
239,v,-0.05,1673.785179
239,v,0.05,1670.921566
239,v,0.15,1668.224717
239,v,0.35,1663.29303
239,v,0.7,1655.966266
239,d4,0.008,1686.623312
239,d4,0.025,1717.761131
239,d4,0.06,1785.368545
239,dc,0.008,1681.402921
239,dc,0.025,1701.163116
239,dc,0.06,1744.050853
240,f0,0,1925.133887
240,u,-0.7,2864.337525
240,u,-0.35,2315.343489
240,u,-0.15,2076.245163
240,u,-0.05,1973.073308
240,u,0.05,1879.471097
240,u,0.15,1794.545318
240,u,0.35,1647.561767
240,u,0.7,1449.95578
240,v,-0.7,1953.191363
240,v,-0.35,1937.694997
240,v,-0.15,1930.196123
240,v,-0.05,1926.770937
240,v,0.05,1923.545218
240,v,0.15,1920.507351
240,v,0.35,1914.952049
240,v,0.7,1906.698811
240,d4,-0.001,1922.685866
240,d4,0.008,1944.932468
240,d4,0.025,1988.311279
240,d4,0.06,2083.65616
240,dc,-0.06,1832.119011
240,dc,-0.025,1884.801437
240,dc,-0.008,1911.967251
240,dc,0.008,1938.555338
240,dc,0.025,1967.956816
240,dc,0.06,2032.556874
241,f0,0,3751.077859
241,u,-0.7,6426.885825
241,u,-0.35,4861.300659
241,u,-0.15,4180.706352
241,u,-0.05,3887.32779
241,u,0.05,3621.342898
241,u,0.15,3380.179649
241,u,0.35,2963.220134
241,u,0.7,2403.713428
241,v,-0.7,3804.379736
241,v,-0.35,3774.940687
241,v,-0.15,3760.694785
241,v,-0.05,3754.187827
241,v,0.05,3748.059804
241,v,0.15,3742.288649
241,v,0.35,3731.735025
241,v,0.7,3716.05603
241,d4,-0.008,3714.247479
241,d4,0.008,3788.641456
241,d4,0.025,3871.001232
241,d4,0.06,4052.302151
241,dc,-0.06,3536.270397
241,dc,-0.025,3657.839768
241,dc,-0.008,3720.624195
241,dc,0.008,3782.136624
241,dc,0.025,3850.230231
241,dc,0.06,4000.10772
242,f0,0,3851.336441
242,u,-0.7,6607.843403
242,u,-0.35,4994.987037
242,u,-0.15,4293.888365
242,u,-0.05,3991.682882
242,u,0.05,3717.702714
242,u,0.15,3469.297403
242,u,0.35,3039.836107
242,u,0.7,2463.606757
242,v,-0.7,3905.61639
242,v,-0.35,3875.637145
242,v,-0.15,3861.129835
242,v,-0.05,3854.503476
242,v,0.05,3848.263006
242,v,0.15,3842.385953
242,v,0.35,3831.638673
242,v,0.7,3815.671973
242,d4,-0.012,3793.234768
242,d4,-0.008,3812.407222
242,d4,0.008,3891.064826
242,d4,0.025,3978.256533
242,d4,0.06,4170.609388
242,dc,-0.06,3623.509314
242,dc,-0.025,3752.328334
242,dc,-0.008,3818.978077
242,dc,0.008,3884.35785
242,dc,0.025,3956.825517
242,dc,0.06,4116.675816
243,f0,0,27230.61169
243,u,-0.7,51623.35742
243,u,-0.35,37330.58647
243,u,-0.15,31134.54579
243,u,-0.05,28467.98095
243,u,0.05,26053.06877
243,u,0.15,23866.0037
243,u,0.35,20091.26359
243,u,0.7,15043.09855
243,v,-0.7,27434.81558
243,v,-0.35,27322.03215
243,v,-0.15,27267.45493
243,v,-0.05,27242.52623
243,v,0.05,27219.04927
243,v,0.15,27196.9395
243,v,0.35,27156.5077
243,v,0.7,27096.44017
243,d4,-0.0002,27201.05892
243,d4,0.008,28468.80872
243,d4,0.025,31522.2573
243,d4,0.06,40518.54136
243,dc,-0.06,20726.7869
243,dc,-0.025,24060.35846
243,dc,-0.008,26124.85002
243,dc,0.008,28438.72106
243,dc,0.025,31417.92454
243,dc,0.06,40195.13491
244,f0,0,27213.902
244,u,-0.7,53038.27245
244,u,-0.35,37907.27282
244,u,-0.15,31347.3749
244,u,-0.05,28524.05557
244,u,0.05,25967.06218
244,u,0.15,23651.19398
244,u,0.35,19653.75121
244,u,0.7,14306.43923
244,v,-0.7,27425.23061
244,v,-0.35,27308.51215
244,v,-0.15,27252.03071
244,v,-0.05,27226.23225
244,v,0.05,27201.93617
244,v,0.15,27179.05498
244,v,0.35,27137.21251
244,v,0.7,27075.04921
244,d4,-0.002,27151.464
244,d4,0.008,27466.60631
244,d4,0.025,28019.79902
244,d4,0.06,29233.3363
244,dc,-0.06,25502.2864
244,dc,-0.025,26472.33973
244,dc,-0.008,26971.92288
244,dc,0.008,27460.45722
244,dc,0.025,28000.1873
244,dc,0.06,29184.18379
245,f0,0,35259.28507
245,u,-0.7,68958.75174
245,u,-0.35,49211.31098
245,u,-0.15,40651.87923
245,u,-0.05,36968.45411
245,u,0.05,33632.78608
245,u,0.15,30611.95148
245,u,0.35,25398.40616
245,u,0.7,18426.30358
245,v,-0.7,35507.51919
245,v,-0.35,35370.41752
245,v,-0.15,35304.07241
245,v,-0.05,35273.76861
245,v,0.05,35245.22957
245,v,0.15,35218.35252
245,v,0.35,35169.20285
245,v,0.7,35096.18363
245,d4,-0.002,35153.4526
245,d4,0.008,35689.18079
245,d4,0.025,36639.09356
245,d4,0.06,38766.41436
245,dc,-0.06,32397.31899
245,dc,-0.025,34005.23765
245,dc,-0.008,34847.66712
245,dc,0.008,35681.11677
245,dc,0.025,36613.20835
245,dc,0.06,38700.60604
246,f0,0,38101.24122
246,u,-0.7,74587.58558
246,u,-0.35,53206.38645
246,u,-0.15,43939.37741
246,u,-0.05,39951.60015
246,u,0.05,36340.40374
246,u,0.15,33070.13028
246,u,0.35,27426.31269
246,u,0.7,19879.39691
246,v,-0.7,38361.68797
246,v,-0.35,38217.84117
246,v,-0.15,38148.23201
246,v,-0.05,38116.43733
246,v,0.05,38086.49423
246,v,0.15,38058.29488
246,v,0.35,38006.72714
246,v,0.7,37930.11552
246,d4,-0.0005,38070.18732
246,d4,0.008,38605.20813
246,d4,0.025,39722.50562
246,d4,0.06,42243.39858
246,dc,-0.06,34768.24189
246,dc,-0.025,36635.05279
246,dc,-0.008,37618.99773
246,dc,0.008,38596.46325
246,dc,0.025,39694.37025
246,dc,0.06,42171.49891
247,f0,0,57951.28598
247,u,-0.7,113923.2117
247,u,-0.35,81118.22197
247,u,-0.15,66904.18112
247,u,-0.05,60788.67122
247,u,0.05,55251.34132
247,u,0.15,50237.40404
247,u,0.35,41586.06274
247,u,0.7,30021.90223
247,v,-0.7,58288.55092
247,v,-0.35,58102.27683
247,v,-0.15,58012.1366
247,v,-0.05,57970.96415
247,v,0.05,57932.18939
247,v,0.15,57895.6727
247,v,0.35,57828.89518
247,v,0.7,57729.68713
247,d4,-0.0035,57445.63693
247,d4,0.008,59141.72539
247,d4,0.025,61844.05108
247,d4,0.06,68281.12157
247,dc,-0.06,50454.09571
247,dc,-0.025,54564.96467
247,dc,-0.008,56821.54472
247,dc,0.008,59128.17504
247,dc,0.025,61799.73479
247,dc,0.06,68163.48638
248,f0,0,65777.95807
248,u,-0.7,129930.456
248,u,-0.35,92329.41895
248,u,-0.15,76038.50363
248,u,-0.05,69029.72208
248,u,0.05,62683.75022
248,u,0.15,56937.76663
248,u,0.35,47023.72723
248,u,0.7,33772.74783
248,v,-0.7,66144.16126
248,v,-0.35,65941.90434
248,v,-0.15,65844.02983
248,v,-0.05,65799.32467
248,v,0.05,65757.22294
248,v,0.15,65717.57302
248,v,0.35,65645.0658
248,v,0.7,65537.34542
248,d4,-0.001,65683.1476
248,d4,0.008,66546.56586
248,d4,0.025,68241.98529
248,d4,0.06,72024.30656
248,dc,-0.06,60593.90639
248,dc,-0.025,63511.07005
248,dc,-0.008,65034.69075
248,dc,0.008,66538.86182
248,dc,0.025,68217.28556
248,dc,0.06,71961.6822
249,f0,0,873.6563665
249,u,-0.7,916.1893984
249,u,-0.35,890.8312194
249,u,-0.15,880.238837
249,u,-0.05,875.7363045
249,u,0.05,871.6817929
249,u,0.15,868.0249054
249,u,0.35,861.7347519
249,u,0.7,853.3201625
249,v,-0.7,883.1179078
249,v,-0.35,877.8922237
249,v,-0.15,875.3634537
249,v,-0.05,874.2084126
249,v,0.05,873.1206359
249,v,0.15,872.0962063
249,v,0.35,870.2228474
249,v,0.7,867.4396909
249,d4,-0.001,872.554825
249,d4,0.008,882.5403821
249,d4,0.025,901.8567249
249,d4,0.06,943.6477624
249,dc,-0.052,872.1512788
249,dc,-0.025,873.6563665
249,dc,-0.008,873.6563665
249,dc,0.008,873.6563665
249,dc,0.025,873.6563665
249,dc,0.06,873.6563665
250,f0,0,874.3924014
250,u,-0.7,917.5361261
250,u,-0.35,891.802513
250,u,-0.15,881.0632551
250,u,-0.05,876.500029
250,u,0.05,872.3917432
250,u,0.15,868.6870669
250,u,0.35,862.3162866
250,u,0.7,853.7969539
250,v,-0.7,883.9686026
250,v,-0.35,878.6795909
250,v,-0.15,876.1201759
250,v,-0.05,874.9511374
250,v,0.05,873.8501784
250,v,0.15,872.8133343
250,v,0.35,870.917273
250,v,0.7,868.1003888
250,d4,-0.001,873.290623
250,d4,0.008,883.2784471
250,d4,0.025,902.5998338
250,d4,0.06,944.4039087
250,dc,-0.059,872.8409156
250,dc,-0.025,874.3924014
250,dc,-0.008,874.3924014
250,dc,0.008,874.3924014
250,dc,0.025,874.3924014
250,dc,0.06,874.3924014
251,f0,0,871.0781106
251,u,-0.7,912.8768297
251,u,-0.35,887.7863663
251,u,-0.15,877.4546498
251,u,-0.05,873.0893629
251,u,0.05,869.1718142
251,u,0.15,865.6492147
251,u,0.35,859.6134684
251,u,0.7,851.6581515
251,v,-0.7,880.8453748
251,v,-0.35,875.4508375
251,v,-0.15,872.8403574
251,v,-0.05,871.6479945
251,v,0.05,870.5250693
251,v,0.15,869.4675382
251,v,0.35,867.533647
251,v,0.7,864.6605607
251,d4,0.008,879.9455171
251,d4,0.025,899.222039
251,d4,0.06,940.914253
251,dc,-0.06,871.0781106
251,dc,-0.025,871.0781106
251,dc,-0.008,871.0781106
251,dc,0.008,871.0781106
251,dc,0.025,871.0781106
251,dc,0.06,871.0781106
252,f0,0,870.7628203
252,u,-0.7,911.9916006
252,u,-0.35,887.2551967
252,u,-0.15,877.0588467
252,u,-0.05,872.7489278
252,u,0.05,868.8801436
252,u,0.15,865.400644
252,u,0.35,859.4370933
252,u,0.7,851.6298319
252,v,-0.7,880.6030521
252,v,-0.35,875.1682142
252,v,-0.15,872.5382322
252,v,-0.05,871.3369615
252,v,0.05,870.2056474
252,v,0.15,869.1402159
252,v,0.35,867.1918773
252,v,0.7,864.2973273
252,d4,0.008,879.628514
252,d4,0.025,898.9006666
252,d4,0.06,940.5812905
252,dc,-0.06,870.7628203
252,dc,-0.025,870.7628203
252,dc,-0.008,870.7628203
252,dc,0.008,870.7628203
252,dc,0.025,870.7628203
252,dc,0.06,870.7628203
253,f0,0,877.2863765
253,u,-0.7,923.4790021
253,u,-0.35,895.9709468
253,u,-0.15,884.452958
253,u,-0.05,879.5516407
253,u,0.05,875.1352069
253,u,0.15,871.1495498
253,u,0.35,864.288551
253,u,0.7,855.0992396
253,v,-0.7,887.1839574
253,v,-0.35,881.7174452
253,v,-0.15,879.0721356
253,v,-0.05,877.8638639
253,v,0.05,876.7259564
253,v,0.15,875.6543156
253,v,0.35,873.694622
253,v,0.7,870.7832024
253,d4,0.008,886.166644
253,d4,0.025,905.4783974
253,d4,0.06,947.2707973
253,dc,-0.03,875.7165243
253,dc,-0.025,877.2863765
253,dc,-0.008,877.2863765
253,dc,0.008,877.2863765
253,dc,0.025,877.2863765
253,dc,0.06,877.2863765
254,f0,0,878.8714315
254,u,-0.7,926.5443163
254,u,-0.35,898.127287
254,u,-0.15,886.2528356
254,u,-0.05,881.2040263
254,u,0.05,876.6568097
254,u,0.15,872.5548385
254,u,0.35,865.4973984
254,u,0.7,856.0524901
254,v,-0.7,888.9377284
254,v,-0.35,883.378033
254,v,-0.15,880.687631
254,v,-0.05,879.4587629
254,v,0.05,878.3014584
254,v,0.15,877.2115502
254,v,0.35,875.2184513
254,v,0.7,872.2574031
254,d4,0.008,887.7572449
254,d4,0.025,907.0823348
254,d4,0.06,948.9080052
254,dc,-0.03,877.1934595
254,dc,-0.025,878.8714315
254,dc,-0.008,878.8714315
254,dc,0.008,878.8714315
254,dc,0.025,878.8714315
254,dc,0.06,878.8714315
255,f0,0,878.9917338
255,u,-0.7,926.6646186
255,u,-0.35,898.2475893
255,u,-0.15,886.3731379
255,u,-0.05,881.3243285
255,u,0.05,876.777112
255,u,0.15,872.6751407
255,u,0.35,865.6177007
255,u,0.7,856.1727924
255,v,-0.7,889.1208239
255,v,-0.35,883.5264473
255,v,-0.15,880.8192626
255,v,-0.05,879.5827289
255,v,0.05,878.4182052
255,v,0.15,877.3214982
255,v,0.35,875.3159665
255,v,0.7,872.3364474
255,d4,0.008,887.8775472
255,d4,0.025,907.2026371
255,d4,0.06,949.0283074
255,dc,-0.04,877.3137618
255,dc,-0.025,878.9917338
255,dc,-0.008,878.9917338
255,dc,0.008,878.9917338
255,dc,0.025,878.9917338
255,dc,0.06,878.9917338
256,f0,0,881.0188764
256,u,-0.7,930.2055782
256,u,-0.35,900.7410205
256,u,-0.15,888.555929
256,u,-0.05,883.3975636
256,u,0.05,878.7631351
256,u,0.15,874.591792
256,u,0.35,867.4356341
256,u,0.7,857.8997189
256,v,-0.7,891.4440002
256,v,-0.35,885.6861219
256,v,-0.15,882.8998168
256,v,-0.05,881.627144
256,v,0.05,880.4285858
256,v,0.15,879.2998263
256,v,0.35,877.2356808
256,v,0.7,874.169082
256,d4,-0.001,879.9145005
256,d4,0.008,889.9268898
256,d4,0.025,909.3014308
256,d4,0.06,951.2390195
256,dc,-0.06,881.0188764
256,dc,-0.025,881.0188764
256,dc,-0.008,881.0188764
256,dc,0.008,881.0188764
256,dc,0.025,881.0188764
256,dc,0.06,881.0188764
257,f0,0,870.9969631
257,u,-0.7,912.8237763
257,u,-0.35,887.5170277
257,u,-0.15,877.269567
257,u,-0.05,872.9711156
257,u,0.05,869.1295173
257,u,0.15,865.6881774
257,u,0.35,859.8203019
257,u,0.7,852.4131728
257,v,-0.7,881.5259798
257,v,-0.35,875.7107206
257,v,-0.15,872.8966482
257,v,-0.05,871.6112924
257,v,0.05,870.4007899
257,v,0.15,869.2607816
257,v,0.35,867.1760655
257,v,0.7,864.0789061
257,d4,0.008,879.8663458
257,d4,0.025,899.1448122
257,d4,0.06,940.8339043
257,dc,-0.06,870.9969631
257,dc,-0.025,870.9969631
257,dc,-0.008,870.9969631
257,dc,0.008,870.9969631
257,dc,0.025,870.9969631
257,dc,0.06,870.9969631
258,f0,0,875.1064256
258,u,-0.7,920.019924
258,u,-0.35,892.9893818
258,u,-0.15,881.9203041
258,u,-0.05,877.2541619
258,u,0.05,873.0720079
258,u,0.15,869.3158313
258,u,0.35,862.8894551
258,u,0.7,854.5119115
258,v,-0.7,885.6960541
258,v,-0.35,879.8473185
258,v,-0.15,877.0170466
258,v,-0.05,875.7242915
258,v,0.05,874.5068205
258,v,0.15,873.3602496
258,v,0.35,871.2635326
258,v,0.7,868.148544
258,d4,0.008,883.9837996
258,d4,0.025,903.2852298
258,d4,0.06,945.0421769
258,dc,-0.06,875.1064256
258,dc,-0.025,875.1064256
258,dc,-0.008,875.1064256
258,dc,0.008,875.1064256
258,dc,0.025,875.1064256
258,dc,0.06,875.1064256
259,f0,0,881.5574942
259,u,-0.7,934.4163915
259,u,-0.35,902.3989148
259,u,-0.15,889.467167
259,u,-0.05,884.0464716
259,u,0.05,879.2033552
259,u,0.15,874.8658376
259,u,0.35,867.4717559
259,u,0.7,857.7088607
259,v,-0.7,892.3776502
259,v,-0.35,886.4015924
259,v,-0.15,883.5097078
259,v,-0.05,882.1888104
259,v,0.05,880.9448361
259,v,0.15,879.7733053
259,v,0.35,877.6309444
259,v,0.7,874.448145
259,d4,0.008,890.4639016
259,d4,0.025,909.8350174
259,d4,0.06,951.7653514
259,dc,-0.06,881.5574942
259,dc,-0.025,881.5574942
259,dc,-0.008,881.5574942
259,dc,0.008,881.5574942
259,dc,0.025,881.5574942
259,dc,0.06,881.5574942
260,f0,0,872.1050786
260,u,-0.7,914.5144097
260,u,-0.35,888.8411327
260,u,-0.15,878.4574983
260,u,-0.05,874.1040594
260,u,0.05,870.2143946
260,u,0.15,866.7308653
260,u,0.35,860.7929657
260,u,0.7,853.3530593
260,v,-0.7,882.9871859
260,v,-0.35,876.976912
260,v,-0.15,874.0684697
260,v,-0.05,872.7400095
260,v,0.05,871.4889128
260,v,0.15,870.3106743
260,v,0.35,868.1560472
260,v,0.7,864.9550246
260,d4,0.008,880.9761688
260,d4,0.025,900.2590009
260,d4,0.06,941.9596909
260,dc,-0.06,872.1050786
260,dc,-0.025,872.1050786
260,dc,-0.008,872.1050786
260,dc,0.008,872.1050786
260,dc,0.025,872.1050786
260,dc,0.06,872.1050786
261,f0,0,883.4524844
261,u,-0.7,935.6308378
261,u,-0.35,904.310582
261,u,-0.15,891.4140478
261,u,-0.05,885.9638949
261,u,0.05,881.0719283
261,u,0.15,876.6724178
261,u,0.35,869.1325424
261,u,0.7,859.099252
261,v,-0.7,894.4504698
261,v,-0.35,888.3761954
261,v,-0.15,885.4367826
261,v,-0.05,884.0941763
261,v,0.05,882.8297573
261,v,0.15,881.6389723
261,v,0.35,879.4614018
261,v,0.7,876.2262931
261,d4,0.008,892.3561835
261,d4,0.025,911.7227898
261,d4,0.06,953.6477027
261,dc,-0.06,883.4524844
261,dc,-0.025,883.4524844
261,dc,-0.008,883.4524844
261,dc,0.008,883.4524844
261,dc,0.025,883.4524844
261,dc,0.06,883.4524844
262,f0,0,879.6844405
262,u,-0.7,932.4376388
262,u,-0.35,900.2035472
262,u,-0.15,887.4271593
262,u,-0.05,882.1149071
262,u,0.05,877.3907302
262,u,0.15,873.1775868
262,u,0.35,866.0347949
262,u,0.7,856.6800352
262,v,-0.7,890.6921547
262,v,-0.35,884.6125071
262,v,-0.15,881.670494
262,v,-0.05,880.3267001
262,v,0.05,879.0611626
262,v,0.15,877.8693242
262,v,0.35,875.6898274
262,v,0.7,872.4518569
262,d4,0.008,888.5905676
262,d4,0.025,907.9588513
262,d4,0.06,949.8758588
262,dc,-0.06,879.6844405
262,dc,-0.025,879.6844405
262,dc,-0.008,879.6844405
262,dc,0.008,879.6844405
262,dc,0.025,879.6844405
262,dc,0.06,879.6844405
263,f0,0,889.6199631
263,u,-0.7,949.2183773
263,u,-0.35,913.2612619
263,u,-0.15,898.6160319
263,u,-0.05,892.4540373
263,u,0.05,886.9366492
263,u,0.15,881.9854865
263,u,0.35,873.5237541
263,u,0.7,862.3095056
263,v,-0.7,900.8215494
263,v,-0.35,894.6348247
263,v,-0.15,891.6409958
263,v,-0.05,890.2735344
263,v,0.05,888.9857078
263,v,0.15,887.7728783
263,v,0.35,885.5549953
263,v,0.7,882.2599965
263,d4,0.008,898.5550763
263,d4,0.025,917.9946008
263,d4,0.06,960.0938216
263,dc,-0.045,886.6431162
263,dc,-0.025,889.6199631
263,dc,-0.008,889.6199631
263,dc,0.008,889.6199631
263,dc,0.025,889.6199631
263,dc,0.06,889.6199631
264,f0,0,877.503286
264,u,-0.7,923.8022898
264,u,-0.35,895.9060281
264,u,-0.15,884.5102693
264,u,-0.05,879.7112325
264,u,0.05,875.412392
264,u,0.15,871.5533675
264,u,0.35,864.9553238
264,u,0.7,856.4673051
264,v,-0.7,888.7839713
264,v,-0.35,882.5535596
264,v,-0.15,879.53859
264,v,-0.05,878.1614724
264,v,0.05,876.8645519
264,v,0.15,875.6431581
264,v,0.35,873.4096137
264,v,0.7,870.0913475
264,d4,0.008,886.3853872
264,d4,0.025,905.6983967
264,d4,0.06,947.4848127
264,dc,-0.06,877.503286
264,dc,-0.025,877.503286
264,dc,-0.008,877.503286
264,dc,0.008,877.503286
264,dc,0.025,877.503286
264,dc,0.06,877.503286
265,f0,0,888.6184357
265,u,-0.7,944.9470767
265,u,-0.35,911.1829125
265,u,-0.15,897.2392318
265,u,-0.05,891.3388664
265,u,0.05,886.0388353
265,u,0.15,881.2691262
265,u,0.35,873.0877864
265,u,0.7,862.1877332
265,v,-0.7,900.0344294
265,v,-0.35,893.7292858
265,v,-0.15,890.6781526
265,v,-0.05,889.2845169
265,v,0.05,887.9720402
265,v,0.15,886.7359962
265,v,0.35,884.4756611
265,v,0.7,881.1175933
265,d4,0.008,897.539784
265,d4,0.025,916.948275
265,d4,0.06,958.9760867
265,dc,-0.06,888.6184357
265,dc,-0.025,888.6184357
265,dc,-0.008,888.6184357
265,dc,0.008,888.6184357
265,dc,0.025,888.6184357
265,dc,0.06,888.6184357
266,f0,0,894.0788192
266,u,-0.7,947.2814214
266,u,-0.35,917.3180959
266,u,-0.15,903.6419733
266,u,-0.05,897.0934364
266,u,0.05,891.2229537
266,u,0.15,885.9492751
266,u,0.35,876.9239604
266,u,0.7,864.9391584
266,v,-0.7,905.5707472
266,v,-0.35,899.2236645
266,v,-0.15,896.1522364
266,v,-0.05,894.7493308
266,v,0.05,893.4281241
266,v,0.15,892.1838585
266,v,0.35,889.9084886
266,v,0.7,886.5280844
266,d4,0.008,903.0303318
266,d4,0.025,922.5080475
266,d4,0.06,964.6989039
266,dc,-0.01,891.1320219
266,dc,-0.008,892.046782
266,dc,0.008,894.0788192
266,dc,0.025,894.0788192
266,dc,0.06,894.0788192
267,f0,0,874.2054407
267,u,-0.7,917.5205183
267,u,-0.35,891.2766915
267,u,-0.15,880.6816317
267,u,-0.05,876.2429105
267,u,0.05,872.2787429
267,u,0.15,868.7298569
267,u,0.35,862.6835583
267,u,0.7,855.2233733
267,v,-0.7,885.8356848
267,v,-0.35,879.412209
267,v,-0.15,876.3038135
267,v,-0.05,874.8840226
267,v,0.05,873.5469139
267,v,0.15,872.2876724
267,v,0.35,869.9849164
267,v,0.7,866.5638258
267,d4,0.008,883.0792546
267,d4,0.025,902.3689907
267,d4,0.06,944.0878665
267,dc,-0.06,874.2054407
267,dc,-0.025,874.2054407
267,dc,-0.008,874.2054407
267,dc,0.008,874.2054407
267,dc,0.025,874.2054407
267,dc,0.06,874.2054407
268,f0,0,877.2168295
268,u,-0.7,922.1331856
268,u,-0.35,894.8787858
268,u,-0.15,883.9108567
268,u,-0.05,879.3220029
268,u,0.05,875.2268128
268,u,0.15,871.5630946
268,u,0.35,865.3265656
268,u,0.7,857.7275301
268,v,-0.7,889.8096426
268,v,-0.35,882.8545323
268,v,-0.15,879.4888726
268,v,-0.05,877.9515738
268,v,0.05,876.5038002
268,v,0.15,875.1403385
268,v,0.35,872.6469964
268,v,0.7,868.9427618
268,d4,0.008,886.0956498
268,d4,0.025,905.3979122
268,d4,0.06,947.1493613
268,dc,-0.06,877.2168295
268,dc,-0.025,877.2168295
268,dc,-0.008,877.2168295
268,dc,0.008,877.2168295
268,dc,0.025,877.2168295
268,dc,0.06,877.2168295
269,f0,0,970.9216085
269,u,-0.7,1122.249189
269,u,-0.35,1058.439847
269,u,-0.15,1000.683559
269,u,-0.05,979.8865611
269,u,0.05,962.7591267
269,u,0.15,948.4823764
269,u,0.35,926.2471633
269,u,0.7,900.5111954
269,v,-0.7,975.912772
269,v,-0.35,973.1561129
269,v,-0.15,971.8221331
269,v,-0.05,971.2128245
269,v,0.05,970.6389992
269,v,0.15,970.098591
269,v,0.35,969.1103544
269,v,0.7,967.6421804
269,d4,-0.01,958.8540935
269,d4,-0.008,961.2483399
269,d4,0.008,980.7519647
269,d4,0.025,1002.182183
269,d4,0.06,1048.778552
269,dc,-0.06,970.9216085
269,dc,-0.025,970.9216085
269,dc,-0.008,970.9216085
269,dc,0.008,970.9216085
269,dc,0.025,970.9216085
269,dc,0.06,970.9216085
270,f0,0,1004.53704
270,u,-0.7,1148.10554
270,u,-0.35,1082.07124
270,u,-0.15,1047.612565
270,u,-0.05,1017.369594
270,u,0.05,992.9555648
270,u,0.15,972.924016
270,u,0.35,942.2590658
270,u,0.7,907.4776841
270,v,-0.7,1010.421595
270,v,-0.35,1007.171508
270,v,-0.15,1005.598753
270,v,-0.05,1004.880382
270,v,0.05,1004.203845
270,v,0.15,1003.566706
270,v,0.35,1002.401581
270,v,0.7,1000.670611
270,d4,0.008,1014.682986
270,d4,0.025,1036.808955
270,d4,0.06,1084.952275
270,dc,-0.06,998.6132737
270,dc,-0.025,1004.53704
270,dc,-0.008,1004.53704
270,dc,0.008,1004.53704
270,dc,0.025,1004.53704
270,dc,0.06,1004.53704
271,f0,0,963.8781666
271,u,-0.7,1316.4466
271,u,-0.35,1058.52223
271,u,-0.15,995.5117648
271,u,-0.05,973.345451
271,u,0.05,955.3054379
271,u,0.15,940.4217973
271,u,0.35,917.5349938
271,u,0.7,891.5319738
271,v,-0.7,970.5705968
271,v,-0.35,966.8743147
271,v,-0.15,965.0856403
271,v,-0.05,964.2686453
271,v,0.05,963.4992284
271,v,0.15,962.7746188
271,v,0.35,961.4495362
271,v,0.7,959.4809266
271,d4,0.008,973.60012
271,d4,0.025,994.790157
271,d4,0.06,1040.84688
271,dc,-0.06,963.8781666
271,dc,-0.025,963.8781666
271,dc,-0.008,963.8781666
271,dc,0.008,963.8781666
271,dc,0.025,963.8781666
271,dc,0.06,963.8781666
272,f0,0,1075.890146
272,u,-0.7,1240.352423
272,u,-0.35,1144.397895
272,u,-0.15,1102.456123
272,u,-0.05,1084.323429
272,u,0.05,1067.852512
272,u,0.15,1052.890598
272,u,0.35,1006.541705
272,u,0.7,946.9749962
272,v,-0.7,1083.167987
272,v,-0.35,1079.148378
272,v,-0.15,1077.203241
272,v,-0.05,1076.314781
272,v,0.05,1075.47806
272,v,0.15,1074.690067
272,v,0.35,1073.249074
272,v,0.7,1071.108264
272,d4,0.008,1087.320151
272,d4,0.025,1112.311498
272,d4,0.06,1166.99532
272,dc,-0.06,1038.604977
272,dc,-0.025,1059.776158
272,dc,-0.008,1070.638438
272,dc,0.008,1081.234905
272,dc,0.025,1092.913504
272,dc,0.06,1118.43361
273,f0,0,1069.361374
273,u,-0.7,1240.573063
273,u,-0.35,1140.702062
273,u,-0.15,1097.03146
273,u,-0.05,1078.146102
273,u,0.05,1060.987836
273,u,0.15,1045.397816
273,u,0.35,1018.359629
273,u,0.7,978.4836615
273,v,-0.7,1076.86668
273,v,-0.35,1072.72144
273,v,-0.15,1070.71551
273,v,-0.05,1069.799281
273,v,0.05,1068.936409
273,v,0.15,1068.123787
273,v,0.35,1066.637757
273,v,0.7,1064.430036
273,d4,0.008,1080.348457
273,d4,0.025,1104.348097
273,d4,0.06,1156.750598
273,dc,-0.06,1033.653755
273,dc,-0.025,1053.947489
273,dc,-0.008,1064.340904
273,dc,0.008,1074.46775
273,dc,0.025,1085.614756
273,dc,0.06,1109.922023
274,f0,0,1139.574547
274,u,-0.7,1319.081717
274,u,-0.35,1214.278137
274,u,-0.15,1168.526467
274,u,-0.05,1148.762528
274,u,0.05,1130.82024
274,u,0.15,1114.531818
274,u,0.35,1062.218041
274,u,0.7,973.7291391
274,v,-0.7,1147.151866
274,v,-0.35,1142.966853
274,v,-0.15,1140.941676
274,v,-0.05,1140.016656
274,v,0.05,1139.145505
274,v,0.15,1138.325085
274,v,0.35,1136.824797
274,v,0.7,1134.595893
274,d4,-0.0072,1127.938562
274,d4,0.008,1152.749233
274,d4,0.025,1181.640553
274,d4,0.06,1245.269148
274,dc,-0.06,1094.722426
274,dc,-0.025,1120.117324
274,dc,-0.008,1133.221005
274,dc,0.008,1146.052849
274,dc,0.025,1160.251206
274,dc,0.06,1191.483612
275,f0,0,965.7916984
275,u,-0.7,1367.181544
275,u,-0.35,1067.373279
275,u,-0.15,999.2223266
275,u,-0.05,975.7389517
275,u,0.05,956.8287008
275,u,0.15,941.3719338
275,u,0.35,917.8836254
275,u,0.7,891.677624
275,v,-0.7,973.4180622
275,v,-0.35,969.2059611
275,v,-0.15,967.1676759
275,v,-0.05,966.2366686
275,v,0.05,965.359879
275,v,0.15,964.5341497
275,v,0.35,963.0241508
275,v,0.7,960.7808203
275,d4,0.008,975.5759613
275,d4,0.025,996.9038404
275,d4,0.06,1043.270277
275,dc,-0.06,965.7916984
275,dc,-0.025,965.7916984
275,dc,-0.008,965.7916984
275,dc,0.008,965.7916984
275,dc,0.025,965.7916984
275,dc,0.06,965.7916984
276,f0,0,1152.961076
276,u,-0.7,1331.091
276,u,-0.35,1227.067213
276,u,-0.15,1181.675659
276,u,-0.05,1162.07279
276,u,0.05,1144.280351
276,u,0.15,1122.8296
276,u,0.35,1038.589008
276,u,0.7,959.5053279
276,v,-0.7,1161.610074
276,v,-0.35,1156.833164
276,v,-0.15,1154.521561
276,v,-0.05,1153.465713
276,v,0.05,1152.471353
276,v,0.15,1151.5349
276,v,0.35,1149.822422
276,v,0.7,1147.278279
276,d4,0.008,1166.789915
276,d4,0.025,1197.155976
276,d4,0.06,1264.228191
276,dc,-0.06,1105.657021
276,dc,-0.025,1132.407039
276,dc,-0.008,1146.243775
276,dc,0.008,1159.815893
276,dc,0.025,1174.859328
276,dc,0.06,1208.047247
277,f0,0,1132.526235
277,u,-0.7,1358.707894
277,u,-0.35,1226.761093
277,u,-0.15,1169.075838
277,u,-0.05,1144.13022
277,u,0.05,1121.465097
277,u,0.15,1100.869978
277,u,0.35,1065.144097
277,u,0.7,1016.906988
277,v,-0.7,1141.175233
277,v,-0.35,1136.398323
277,v,-0.15,1134.08672
277,v,-0.05,1133.030872
277,v,0.05,1132.036512
277,v,0.15,1131.100059
277,v,0.35,1129.387582
277,v,0.7,1126.843439
277,d4,-0.03,1092.857193
277,d4,-0.025,1099.300932
277,d4,-0.008,1121.707384
277,d4,0.008,1143.527058
277,d4,0.025,1167.529722
277,d4,0.06,1219.809427
277,dc,-0.03,1113.135393
277,dc,-0.025,1116.286769
277,dc,-0.008,1127.240078
277,dc,0.008,1137.899619
277,dc,0.025,1149.618056
277,dc,0.06,1175.115922
278,f0,0,1293.217524
278,u,-0.7,1794.793766
278,u,-0.35,1647.189777
278,u,-0.15,1517.341819
278,u,-0.05,1351.56007
278,u,0.05,1245.453658
278,u,0.15,1172.133746
278,u,0.35,1078.431137
278,u,0.7,993.3653109
278,v,-0.7,1302.430932
278,v,-0.35,1297.342294
278,v,-0.15,1294.879842
278,v,-0.05,1293.755092
278,v,0.05,1292.695843
278,v,0.15,1291.69828
278,v,0.35,1289.874051
278,v,0.7,1287.163884
278,d4,-0.03,1239.281761
278,d4,-0.025,1247.997943
278,d4,-0.008,1278.441796
278,d4,0.008,1308.293063
278,d4,0.025,1341.367634
278,d4,0.06,1414.283229
278,dc,-0.06,1293.217524
278,dc,-0.025,1293.217524
278,dc,-0.008,1293.217524
278,dc,0.008,1293.217524
278,dc,0.025,1293.217524
278,dc,0.06,1293.217524
279,f0,0,1196.904089
279,u,-0.7,1463.831068
279,u,-0.35,1308.007262
279,u,-0.15,1239.970799
279,u,-0.05,1210.573005
279,u,0.05,1183.87866
279,u,0.15,1159.637946
279,u,0.35,1117.632461
279,u,0.7,1061.044547
279,v,-0.7,1206.792165
279,v,-0.35,1201.330902
279,v,-0.15,1198.688133
279,v,-0.05,1197.481021
279,v,0.05,1196.344207
279,v,0.15,1195.273595
279,v,0.35,1193.315783
279,v,0.7,1190.40716
279,d4,0.008,1209.610251
279,d4,0.025,1237.41412
279,d4,0.06,1298.357223
279,dc,-0.06,1151.830546
279,dc,-0.025,1177.398428
279,dc,-0.008,1190.542817
279,dc,0.008,1203.382162
279,dc,0.025,1217.55126
279,dc,0.06,1248.579472
280,f0,0,1183.210019
280,u,-0.7,1758.977242
280,u,-0.35,1627.195483
280,u,-0.15,1310.512059
280,u,-0.05,1218.341332
280,u,0.05,1153.302163
280,u,0.15,1105.249904
280,u,0.35,1039.74417
280,u,0.7,975.8499701
280,v,-0.7,1193.628033
280,v,-0.35,1187.874081
280,v,-0.15,1185.089676
280,v,-0.05,1183.817871
280,v,0.05,1182.620131
280,v,0.15,1181.492141
280,v,0.35,1179.429403
280,v,0.7,1176.364896
280,d4,-0.03,1136.078319
280,d4,-0.025,1143.710945
280,d4,-0.008,1170.321668
280,d4,0.008,1196.341831
280,d4,0.025,1225.088575
280,d4,0.06,1288.159002
280,dc,-0.06,1183.210019
280,dc,-0.025,1183.210019
280,dc,-0.008,1183.210019
280,dc,0.008,1183.210019
280,dc,0.025,1183.210019
280,dc,0.06,1183.210019
281,f0,0,1214.3397
281,u,-0.7,1533.418824
281,u,-0.35,1347.208037
281,u,-0.15,1265.859745
281,u,-0.05,1230.694586
281,u,0.05,1198.751692
281,u,0.15,1169.732535
281,u,0.35,1119.408154
281,u,0.7,1051.485175
281,v,-0.7,1225.370844
281,v,-0.35,1219.278256
281,v,-0.15,1216.329981
281,v,-0.05,1214.983327
281,v,0.05,1213.715096
281,v,0.15,1212.52072
281,v,0.35,1210.336584
281,v,0.7,1207.091722
281,d4,-0.02,1187.017392
281,d4,-0.008,1203.279083
281,d4,0.008,1225.580994
281,d4,0.025,1250.089494
281,d4,0.06,1303.380814
281,dc,-0.01,1207.230637
281,dc,-0.008,1208.641195
281,dc,0.008,1220.129915
281,dc,0.025,1232.749165
281,dc,0.06,1260.167225
282,f0,0,1100.395659
282,u,-0.7,2404.628567
282,u,-0.35,1480.120595
282,u,-0.15,1201.05438
282,u,-0.05,1128.467604
282,u,0.05,1076.319952
282,u,0.15,1037.295037
282,u,0.35,983.4150913
282,u,0.7,930.1090357
282,v,-0.7,1111.426803
282,v,-0.35,1105.334215
282,v,-0.15,1102.38594
282,v,-0.05,1101.039286
282,v,0.05,1099.771055
282,v,0.15,1098.576679
282,v,0.35,1096.392544
282,v,0.7,1093.147681
282,d4,0.008,1112.179086
282,d4,0.025,1137.931944
282,d4,0.06,1194.233551
282,dc,-0.06,1100.395659
282,dc,-0.025,1100.395659
282,dc,-0.008,1100.395659
282,dc,0.008,1100.395659
282,dc,0.025,1100.395659
282,dc,0.06,1100.395659
283,f0,0,1086.495191
283,u,-0.7,2987.101632
283,u,-0.35,1354.613987
283,u,-0.15,1163.356475
283,u,-0.05,1108.388885
283,u,0.05,1067.426799
283,u,0.15,1035.933653
283,u,0.35,991.228596
283,u,0.7,945.5488231
283,v,-0.7,1104.306385
283,v,-0.35,1094.469122
283,v,-0.15,1089.708754
283,v,-0.05,1087.534408
283,v,0.05,1085.486687
283,v,0.15,1083.558215
283,v,0.35,1080.031648
283,v,0.7,1074.792402
283,d4,-0.01,1072.563373
283,d4,-0.008,1075.325734
283,d4,0.008,1097.86065
283,d4,0.025,1122.688264
283,d4,0.06,1176.91118
283,dc,-0.06,1086.495191
283,dc,-0.025,1086.495191
283,dc,-0.008,1086.495191
283,dc,0.008,1086.495191
283,dc,0.025,1086.495191
283,dc,0.06,1086.495191
284,f0,0,1905.430434
284,u,-0.7,2593.042362
284,u,-0.35,2190.949006
284,u,-0.15,2015.954792
284,u,-0.05,1940.486011
284,u,0.05,1872.047538
284,u,0.15,1809.984344
284,u,0.35,1702.664531
284,u,0.7,1558.679096
284,v,-0.7,1923.241629
284,v,-0.35,1913.404365
284,v,-0.15,1908.643997
284,v,-0.05,1906.469652
284,v,0.05,1904.42193
284,v,0.15,1902.493458
284,v,0.35,1898.966891
284,v,0.7,1893.727645
284,d4,-0.0054,1885.080208
284,d4,0.008,1936.350626
284,d4,0.025,2005.300536
284,d4,0.06,2162.933404
284,dc,-0.06,1767.392841
284,dc,-0.025,1844.321661
284,dc,-0.008,1885.263111
284,dc,0.008,1926.210746
284,dc,0.025,1972.53748
284,dc,0.06,2078.391156
285,f0,0,1672.122251
285,u,-0.7,2394.632883
285,u,-0.35,1972.453358
285,u,-0.15,1788.459785
285,u,-0.05,1709.034881
285,u,0.05,1636.957856
285,u,0.15,1571.544105
285,u,0.35,1458.282911
285,u,0.7,1305.887854
285,v,-0.7,1692.832233
285,v,-0.35,1681.393946
285,v,-0.15,1675.858824
285,v,-0.05,1673.330602
285,v,0.05,1670.949612
285,v,0.15,1668.70728
285,v,0.35,1664.606761
285,v,0.7,1658.514823
285,d4,0.008,1688.330729
285,d4,0.025,1723.76692
285,d4,0.06,1801.286201
285,dc,-0.06,1601.053492
285,dc,-0.025,1641.389144
285,dc,-0.008,1662.103292
285,dc,0.008,1682.321235
285,dc,0.025,1704.614674
285,dc,0.06,1753.363194
286,f0,0,1144.030688
286,u,-0.7,1309.777815
286,u,-0.35,1212.977918
286,u,-0.15,1170.744269
286,u,-0.05,1152.507092
286,u,0.05,1127.58365
286,u,0.15,1078.143523
286,u,0.35,1010.665149
286,u,0.7,944.401018
286,v,-0.7,1151.374826
286,v,-0.35,1147.318601
286,v,-0.15,1145.355746
286,v,-0.05,1144.459192
286,v,0.05,1143.614849
286,v,0.15,1142.819677
286,v,0.35,1141.365558
286,v,0.7,1139.205246
286,d4,0.008,1157.984006
286,d4,0.025,1188.63675
286,d4,0.06,1256.407584
286,dc,-0.06,1096.56454
286,dc,-0.025,1123.396081
286,dc,-0.008,1137.28532
286,dc,0.008,1150.915898
286,dc,0.025,1158.369132
286,dc,0.06,1158.369132
287,f0,0,1091.469713
287,u,-0.7,1265.6869
287,u,-0.35,1164.027934
287,u,-0.15,1119.603563
287,u,-0.05,1100.400272
287,u,0.05,1082.958547
287,u,0.15,1067.116328
287,u,0.35,1039.656056
287,u,0.7,962.6098457
287,v,-0.7,1099.047032
287,v,-0.35,1094.862019
287,v,-0.15,1092.836842
287,v,-0.05,1091.911822
287,v,0.05,1091.040671
287,v,0.15,1090.220251
287,v,0.35,1088.719963
287,v,0.7,1086.491059
287,d4,0.008,1103.160902
287,d4,0.025,1128.732463
287,d4,0.06,1184.729463
287,dc,-0.06,1052.897166
287,dc,-0.025,1074.791108
287,dc,-0.008,1086.032629
287,dc,0.008,1097.004477
287,dc,0.025,1109.102937
287,dc,0.06,1135.562705
288,f0,0,1107.049773
288,u,-0.7,1508.514586
288,u,-0.35,1404.346873
288,u,-0.15,1202.880383
288,u,-0.05,1134.038175
288,u,0.05,1083.734775
288,u,0.15,1045.598733
288,u,0.35,992.1921998
288,u,0.7,938.347231
288,v,-0.7,1114.726037
288,v,-0.35,1110.486375
288,v,-0.15,1108.434753
288,v,-0.05,1107.497655
288,v,0.05,1106.615128
288,v,0.15,1105.783996
288,v,0.35,1104.264117
288,v,0.7,1102.006108
288,d4,-0.01,1092.471881
288,d4,-0.008,1095.361809
288,d4,0.008,1118.947255
288,d4,0.025,1144.95242
288,d4,0.06,1201.819238
288,dc,-0.06,1107.049773
288,dc,-0.025,1107.049773
288,dc,-0.008,1107.049773
288,dc,0.008,1107.049773
288,dc,0.025,1107.049773
288,dc,0.06,1107.049773
289,f0,0,1190.773134
289,u,-0.7,1494.022056
289,u,-0.35,1373.375988
289,u,-0.15,1320.826028
289,u,-0.05,1232.728528
289,u,0.05,1155.467049
289,u,0.15,1099.482588
289,u,0.35,1024.461006
289,u,0.7,952.3144846
289,v,-0.7,1199.156652
289,v,-0.35,1194.526369
289,v,-0.15,1192.285721
289,v,-0.05,1191.262282
289,v,0.05,1190.298444
289,v,0.15,1189.390735
289,v,0.35,1187.730822
289,v,0.7,1185.264771
289,d4,0.008,1203.806014
289,d4,0.025,1232.327921
289,d4,0.06,1294.863838
289,dc,-0.06,1190.773134
289,dc,-0.025,1190.773134
289,dc,-0.008,1190.773134
289,dc,0.008,1190.773134
289,dc,0.025,1190.773134
289,dc,0.06,1190.773134
290,f0,0,1156.173959
290,u,-0.7,1556.279398
290,u,-0.35,1438.599219
290,u,-0.15,1293.593331
290,u,-0.05,1193.651947
290,u,0.05,1124.523898
290,u,0.15,1074.144323
290,u,0.35,1006.334588
290,u,0.7,940.9972734
290,v,-0.7,1164.589475
290,v,-0.35,1159.941519
290,v,-0.15,1157.692318
290,v,-0.05,1156.664974
290,v,0.05,1155.697456
290,v,0.15,1154.786283
290,v,0.35,1153.120034
290,v,0.7,1150.644571
290,d4,0.008,1168.818146
290,d4,0.025,1196.479155
290,d4,0.06,1257.079827
290,dc,-0.06,1156.173959
290,dc,-0.025,1156.173959
290,dc,-0.008,1156.173959
290,dc,0.008,1156.173959
290,dc,0.025,1156.173959
290,dc,0.06,1156.173959
291,f0,0,1138.938343
291,u,-0.7,1372.061297
291,u,-0.35,1236.035629
291,u,-0.15,1176.590958
291,u,-0.05,1150.891318
291,u,0.05,1127.545722
291,u,0.15,1106.336886
291,u,0.35,1069.559777
291,u,0.7,1019.943374
291,v,-0.7,1147.692819
291,v,-0.35,1142.857653
291,v,-0.15,1140.517859
291,v,-0.05,1139.449135
291,v,0.05,1138.442648
291,v,0.15,1137.494775
291,v,0.35,1135.761413
291,v,0.7,1133.186243
291,d4,-0.01,1124.951745
291,d4,-0.008,1127.72517
291,d4,0.008,1150.34647
291,d4,0.025,1175.260086
291,d4,0.06,1229.629863
291,dc,-0.06,1099.818806
291,dc,-0.025,1122.052403
291,dc,-0.008,1133.438614
291,dc,0.008,1144.53193
291,dc,0.025,1156.741476
291,dc,0.06,1183.359642
292,f0,0,1119.475597
292,u,-0.7,1806.323973
292,u,-0.35,1536.693189
292,u,-0.15,1228.069857
292,u,-0.05,1149.61622
292,u,0.05,1093.715417
292,u,0.15,1052.138621
292,u,0.35,995.1123021
292,u,0.7,939.1743838
292,v,-0.7,1128.302325
292,v,-0.35,1123.427253
292,v,-0.15,1121.068148
292,v,-0.05,1119.990604
292,v,0.05,1118.97581
292,v,0.15,1118.020114
292,v,0.35,1116.272446
292,v,0.7,1113.676023
292,d4,-0.01,1104.540794
292,d4,-0.008,1107.501101
292,d4,0.008,1131.667881
292,d4,0.025,1158.328504
292,d4,0.06,1216.682329
292,dc,-0.06,1119.475597
292,dc,-0.025,1119.475597
292,dc,-0.008,1119.475597
292,dc,0.008,1119.475597
292,dc,0.025,1119.475597
292,dc,0.06,1119.475597
293,f0,0,1183.448474
293,u,-0.7,1416.349229
293,u,-0.35,1280.381225
293,u,-0.15,1221.019442
293,u,-0.05,1195.372536
293,u,0.05,1172.086362
293,u,0.15,1150.943045
293,u,0.35,1114.313038
293,u,0.7,1029.497501
293,v,-0.7,1192.424603
293,v,-0.35,1187.467016
293,v,-0.15,1185.067981
293,v,-0.05,1183.972198
293,v,0.05,1182.940228
293,v,0.15,1181.968356
293,v,0.35,1180.191107
293,v,0.7,1177.550737
293,d4,-0.01,1167.449754
293,d4,-0.008,1170.619165
293,d4,0.008,1196.525799
293,d4,0.025,1225.172635
293,d4,0.06,1288.112153
293,dc,-0.06,1137.511954
293,dc,-0.025,1163.544229
293,dc,-0.008,1176.952963
293,dc,0.008,1190.067503
293,dc,0.025,1204.559941
293,dc,0.06,1236.368996
294,f0,0,1244.304587
294,u,-0.7,1484.920926
294,u,-0.35,1344.36359
294,u,-0.15,1283.067085
294,u,-0.05,1256.603504
294,u,0.05,1232.588492
294,u,0.15,1210.795765
294,u,0.35,1106.64698
294,u,0.7,995.3178954
294,v,-0.7,1253.397292
294,v,-0.35,1248.375319
294,v,-0.15,1245.945128
294,v,-0.05,1244.835113
294,v,0.05,1243.789741
294,v,0.15,1242.805246
294,v,0.35,1241.004916
294,v,0.7,1238.330254
294,d4,0.008,1259.84997
294,d4,0.025,1294.051206
294,d4,0.06,1369.916292
294,dc,-0.06,1188.133309
294,dc,-0.025,1219.83644
294,dc,-0.008,1236.297788
294,dc,0.008,1252.485619
294,dc,0.025,1270.476034
294,dc,0.06,1310.342595
295,f0,0,1145.50175
295,u,-0.7,1775.882607
295,u,-0.35,1636.010401
295,u,-0.15,1273.462873
295,u,-0.05,1180.632416
295,u,0.05,1115.697312
295,u,0.15,1067.99581
295,u,0.35,1003.282075
295,u,0.7,940.3635837
295,v,-0.7,1154.84023
295,v,-0.35,1149.682514
295,v,-0.15,1147.186634
295,v,-0.05,1146.046616
295,v,0.05,1144.972987
295,v,0.15,1143.961882
295,v,0.35,1142.112889
295,v,0.7,1139.365931
295,d4,0.008,1157.942588
295,d4,0.025,1185.152127
295,d4,0.06,1244.732201
295,dc,-0.06,1145.50175
295,dc,-0.025,1145.50175
295,dc,-0.008,1145.50175
295,dc,0.008,1145.50175
295,dc,0.025,1145.50175
295,dc,0.06,1145.50175
296,f0,0,1040.639157
296,u,-0.7,2055.965842
296,u,-0.35,1266.147835
296,u,-0.15,1107.148696
296,u,-0.05,1059.743986
296,u,0.05,1023.893383
296,u,0.15,996.0140137
296,u,0.35,955.941084
296,u,0.7,914.3253719
296,v,-0.7,1050.063575
296,v,-0.35,1044.858394
296,v,-0.15,1042.339546
296,v,-0.05,1041.189037
296,v,0.05,1040.105528
296,v,0.15,1039.085118
296,v,0.35,1037.219109
296,v,0.7,1034.446873
296,d4,0.008,1051.508065
296,d4,0.025,1075.235218
296,d4,0.06,1126.980216
296,dc,-0.06,1040.639157
296,dc,-0.025,1040.639157
296,dc,-0.008,1040.639157
296,dc,0.008,1040.639157
296,dc,0.025,1040.639157
296,dc,0.06,1040.639157
297,f0,0,1313.423934
297,u,-0.7,1665.338148
297,u,-0.35,1459.830489
297,u,-0.15,1370.16067
297,u,-0.05,1331.429376
297,u,0.05,1296.268143
297,u,0.15,1264.346229
297,u,0.35,1209.04899
297,u,0.7,1134.597853
297,v,-0.7,1324.79985
297,v,-0.35,1318.516842
297,v,-0.15,1315.47642
297,v,-0.05,1314.087677
297,v,0.05,1312.779808
297,v,0.15,1311.548103
297,v,0.35,1309.295703
297,v,0.7,1305.949424
297,d4,-0.02,1279.422761
297,d4,-0.008,1299.631933
297,d4,0.008,1327.479961
297,d4,0.025,1358.26141
297,d4,0.06,1425.844888
297,dc,-0.06,1260.119816
297,dc,-0.025,1290.33109
297,dc,-0.008,1305.888578
297,dc,0.008,1321.10182
297,dc,0.025,1337.909786
297,dc,0.06,1374.786031
298,f0,0,1422.032437
298,u,-0.7,1845.965353
298,u,-0.35,1598.301829
298,u,-0.15,1490.319622
298,u,-0.05,1443.699874
298,u,0.05,1401.390842
298,u,0.15,1362.992552
298,u,0.35,1296.511753
298,u,0.7,1207.098816
298,v,-0.7,1434.643932
298,v,-0.35,1427.678503
298,v,-0.15,1424.307851
298,v,-0.05,1422.768271
298,v,0.05,1421.31835
298,v,0.15,1419.952865
298,v,0.35,1417.455824
298,v,0.7,1413.746094
298,d4,-0.01,1401.971586
298,d4,-0.008,1405.942604
298,d4,0.008,1438.459319
298,d4,0.025,1474.535503
298,d4,0.06,1554.242856
298,dc,-0.06,1356.849876
298,dc,-0.025,1393.693281
298,dc,-0.008,1412.768244
298,dc,0.008,1431.488787
298,dc,0.025,1452.249922
298,dc,0.06,1498.089338
299,f0,0,1109.514363
299,u,-0.7,3780.190444
299,u,-0.35,1489.239299
299,u,-0.15,1210.173084
299,u,-0.05,1137.586307
299,u,0.05,1085.438655
299,u,0.15,1046.413741
299,u,0.35,992.5337947
299,u,0.7,939.2277391
299,v,-0.7,1125.305119
299,v,-0.35,1116.583759
299,v,-0.15,1112.363391
299,v,-0.05,1110.435695
299,v,0.05,1108.62026
299,v,0.15,1106.910547
299,v,0.35,1103.784021
299,v,0.7,1099.139096
299,d4,0.008,1121.297789
299,d4,0.025,1147.050648
299,d4,0.06,1203.352255
299,dc,-0.06,1109.514363
299,dc,-0.025,1109.514363
299,dc,-0.008,1109.514363
299,dc,0.008,1109.514363
299,dc,0.025,1109.514363
299,dc,0.06,1109.514363
300,f0,0,2608.950631
300,u,-0.7,3934.543189
300,u,-0.35,3159.178938
300,u,-0.15,2821.911864
300,u,-0.05,2676.492558
300,u,0.05,2544.634686
300,u,0.15,2425.07017
300,u,0.35,2218.333588
300,u,0.7,1940.949574
300,v,-0.7,2643.382912
300,v,-0.35,2624.365691
300,v,-0.15,2615.163034
300,v,-0.05,2610.959628
300,v,0.05,2607.001009
300,v,0.15,2603.272922
300,v,0.35,2596.455426
300,v,0.7,2586.32701
300,d4,-0.03,2467.061686
300,d4,-0.025,2489.656784
300,d4,-0.008,2569.584288
300,d4,0.008,2649.509682
300,d4,0.025,2739.915119
300,d4,0.06,2946.396542
300,dc,-0.06,2406.007378
300,dc,-0.025,2519.137806
300,dc,-0.008,2579.315717
300,dc,0.008,2639.480563
300,dc,0.025,2707.521154
300,dc,0.06,2862.872924
301,f0,0,3291.440654
301,u,-0.7,4518.306277
301,u,-0.35,3800.112801
301,u,-0.15,3488.181422
301,u,-0.05,3353.815887
301,u,0.05,3232.066172
301,u,0.15,3121.750293
301,u,0.35,2931.236024
301,u,0.7,1735.422452
301,v,-0.7,3335.356429
301,v,-0.35,3311.101399
301,v,-0.15,3299.364105
301,v,-0.05,3294.002978
301,v,0.05,3288.954059
301,v,0.15,3284.199166
301,v,0.35,3275.503964
301,v,0.7,3262.585934
301,d4,-0.01,3159.6757
301,d4,-0.008,3185.187668
301,d4,0.008,3404.940889
301,d4,0.025,3673.864058
301,d4,0.06,4385.647837
301,dc,-0.06,2762.206723
301,dc,-0.025,3042.196828
301,dc,-0.008,3206.287638
301,dc,0.008,3382.38848
301,dc,0.025,3597.82553
301,dc,0.06,4167.73713
302,f0,0,2753.605851
302,u,-0.7,4185.595796
302,u,-0.35,3348.000372
302,u,-0.15,2983.663884
302,u,-0.05,2826.570729
302,u,0.05,2684.125284
302,u,0.15,2554.957357
302,u,0.35,2331.605336
302,u,0.7,2031.889501
302,v,-0.7,2820.169719
302,v,-0.35,2783.405968
302,v,-0.15,2765.615556
302,v,-0.05,2757.489607
302,v,0.05,2749.836877
302,v,0.15,2742.629806
302,v,0.35,2729.450345
302,v,0.7,2709.870273
302,d4,-0.04,2571.610771
302,d4,-0.025,2636.975421
302,d4,-0.008,2715.179783
302,d4,0.008,2793.13307
302,d4,0.025,2881.008811
302,d4,0.06,3080.52912
302,dc,-0.06,2552.662896
302,dc,-0.025,2664.9431
302,dc,-0.008,2724.396769
302,dc,0.008,2783.64945
302,dc,0.025,2850.432623
302,dc,0.06,3002.019552
303,f0,0,11801.92157
303,u,-0.7,16166.70457
303,u,-0.35,13608.89787
303,u,-0.15,12500.25258
303,u,-0.05,12023.23771
303,u,0.05,11591.33038
303,u,0.15,11200.27329
303,u,0.35,3558.156046
303,u,0.7,1420.468014
303,v,-0.7,11868.48543
303,v,-0.35,11831.72168
303,v,-0.15,11813.93127
303,v,-0.05,11805.80532
303,v,0.05,11798.15259
303,v,0.15,11790.94552
303,v,0.35,11777.76606
303,v,0.7,11758.18599
303,d4,-0.01,9865.167895
303,d4,-0.008,10199.45615
303,d4,0.008,14009.98443
303,d4,0.025,23352.47216
303,dc,-0.06,5794.930981
303,dc,-0.025,8140.36836
303,dc,-0.008,10289.50563
303,dc,0.008,13885.67841
303,dc,0.025,22700.21858
304,f0,0,906.4021181
304,u,-0.7,994.6002119
304,u,-0.35,939.8588652
304,u,-0.15,918.9120476
304,u,-0.05,910.3146982
304,u,0.05,902.7214266
304,u,0.15,895.9897065
304,u,0.35,884.6603673
304,u,0.7,869.9750892
304,v,-0.7,911.5488269
304,v,-0.35,908.706259
304,v,-0.15,907.3307069
304,v,-0.05,906.7024096
304,v,0.05,906.1107016
304,v,0.15,905.5534519
304,v,0.35,904.5344179
304,v,0.7,903.0204895
304,d4,0.008,915.3489317
304,d4,0.025,934.8241591
304,d4,0.06,977.039989
304,dc,-0.06,904.1198837
304,dc,-0.025,906.4021181
304,dc,-0.008,906.4021181
304,dc,0.008,906.4021181
304,dc,0.025,906.4021181
304,dc,0.06,906.4021181
305,f0,0,910.2067864
305,u,-0.7,986.9480296
305,u,-0.35,944.8768888
305,u,-0.15,923.202147
305,u,-0.05,914.2754258
305,u,0.05,906.3756891
305,u,0.15,899.3597042
305,u,0.35,887.5244429
305,u,0.7,872.1303768
305,v,-0.7,915.446381
305,v,-0.35,912.5525115
305,v,-0.15,911.152134
305,v,-0.05,910.5124975
305,v,0.05,909.9101105
305,v,0.15,909.3428039
305,v,0.35,908.3053787
305,v,0.7,906.7641275
305,d4,0.008,919.1702247
305,d4,0.025,938.6829415
305,d4,0.06,980.9847773
305,dc,-0.04,903.6540128
305,dc,-0.025,910.2067864
305,dc,-0.008,910.2067864
305,dc,0.008,910.2067864
305,dc,0.025,910.2067864
305,dc,0.06,910.2067864
306,f0,0,912.3086293
306,u,-0.7,992.3529294
306,u,-0.35,948.0716954
306,u,-0.15,925.6972904
306,u,-0.05,916.4983208
306,u,0.05,908.3652705
306,u,0.15,901.1480004
306,u,0.35,888.985662
306,u,0.7,873.1892008
306,v,-0.7,917.6378567
306,v,-0.35,914.6944823
306,v,-0.15,913.2701487
306,v,-0.05,912.6195701
306,v,0.05,912.0068782
306,v,0.15,911.4298667
306,v,0.35,910.3746945
306,v,0.7,908.8070774
306,d4,0.008,921.2875674
306,d4,0.025,940.8347833
306,d4,0.06,983.214442
306,dc,-0.044,905.3752815
306,dc,-0.025,912.3086293
306,dc,-0.008,912.3086293
306,dc,0.008,912.3086293
306,dc,0.025,912.3086293
306,dc,0.06,912.3086293
307,f0,0,912.3086293
307,u,-0.7,992.3529294
307,u,-0.35,948.0716954
307,u,-0.15,925.6972904
307,u,-0.05,916.4983208
307,u,0.05,908.3652705
307,u,0.15,901.1480004
307,u,0.35,888.985662
307,u,0.7,873.1892008
307,v,-0.7,917.6378567
307,v,-0.35,914.6944823
307,v,-0.15,913.2701487
307,v,-0.05,912.6195701
307,v,0.05,912.0068782
307,v,0.15,911.4298667
307,v,0.35,910.3746945
307,v,0.7,908.8070774
307,d4,0.008,921.2875674
307,d4,0.025,940.8347833
307,d4,0.06,983.214442
307,dc,-0.044,905.3752815
307,dc,-0.025,912.3086293
307,dc,-0.008,912.3086293
307,dc,0.008,912.3086293
307,dc,0.025,912.3086293
307,dc,0.06,912.3086293
308,f0,0,912.3086293
308,u,-0.7,992.3529294
308,u,-0.35,948.0716954
308,u,-0.15,925.6972904
308,u,-0.05,916.4983208
308,u,0.05,908.3652705
308,u,0.15,901.1480004
308,u,0.35,888.985662
308,u,0.7,873.1892008
308,v,-0.7,917.6378567
308,v,-0.35,914.6944823
308,v,-0.15,913.2701487
308,v,-0.05,912.6195701
308,v,0.05,912.0068782
308,v,0.15,911.4298667
308,v,0.35,910.3746945
308,v,0.7,908.8070774
308,d4,0.008,921.2875674
308,d4,0.025,940.8347833
308,d4,0.06,983.214442
308,dc,-0.044,905.3752815
308,dc,-0.025,912.3086293
308,dc,-0.008,912.3086293
308,dc,0.008,912.3086293
308,dc,0.025,912.3086293
308,dc,0.06,912.3086293
309,f0,0,912.3086293
309,u,-0.7,992.3529294
309,u,-0.35,948.0716954
309,u,-0.15,925.6972904
309,u,-0.05,916.4983208
309,u,0.05,908.3652705
309,u,0.15,901.1480004
309,u,0.35,888.985662
309,u,0.7,873.1892008
309,v,-0.7,917.6378567
309,v,-0.35,914.6944823
309,v,-0.15,913.2701487
309,v,-0.05,912.6195701
309,v,0.05,912.0068782
309,v,0.15,911.4298667
309,v,0.35,910.3746945
309,v,0.7,908.8070774
309,d4,0.008,921.2875674
309,d4,0.025,940.8347833
309,d4,0.06,983.214442
309,dc,-0.044,905.3752815
309,dc,-0.025,912.3086293
309,dc,-0.008,912.3086293
309,dc,0.008,912.3086293
309,dc,0.025,912.3086293
309,dc,0.06,912.3086293
310,f0,0,912.3086293
310,u,-0.7,992.3529294
310,u,-0.35,948.0716954
310,u,-0.15,925.6972904
310,u,-0.05,916.4983208
310,u,0.05,908.3652705
310,u,0.15,901.1480004
310,u,0.35,888.985662
310,u,0.7,873.1892008
310,v,-0.7,917.6378567
310,v,-0.35,914.6944823
310,v,-0.15,913.2701487
310,v,-0.05,912.6195701
310,v,0.05,912.0068782
310,v,0.15,911.4298667
310,v,0.35,910.3746945
310,v,0.7,908.8070774
310,d4,0.008,921.2875674
310,d4,0.025,940.8347833
310,d4,0.06,983.214442
310,dc,-0.044,905.3752815
310,dc,-0.025,912.3086293
310,dc,-0.008,912.3086293
310,dc,0.008,912.3086293
310,dc,0.025,912.3086293
310,dc,0.06,912.3086293
311,f0,0,912.3086293
311,u,-0.7,992.3529294
311,u,-0.35,948.0716954
311,u,-0.15,925.6972904
311,u,-0.05,916.4983208
311,u,0.05,908.3652705
311,u,0.15,901.1480004
311,u,0.35,888.985662
311,u,0.7,873.1892008
311,v,-0.7,917.6378567
311,v,-0.35,914.6944823
311,v,-0.15,913.2701487
311,v,-0.05,912.6195701
311,v,0.05,912.0068782
311,v,0.15,911.4298667
311,v,0.35,910.3746945
311,v,0.7,908.8070774
311,d4,0.008,921.2875674
311,d4,0.025,940.8347833
311,d4,0.06,983.214442
311,dc,-0.044,905.3752815
311,dc,-0.025,912.3086293
311,dc,-0.008,912.3086293
311,dc,0.008,912.3086293
311,dc,0.025,912.3086293
311,dc,0.06,912.3086293
312,f0,0,916.1318198
312,u,-0.7,1007.04239
312,u,-0.35,953.8835248
312,u,-0.15,930.2338207
312,u,-0.05,920.5407857
312,u,0.05,911.9853376
312,u,0.15,904.4044236
312,u,0.35,891.6527461
312,u,0.7,875.1339813
312,v,-0.7,921.6510247
312,v,-0.35,918.6027242
312,v,-0.15,917.1276157
312,v,-0.05,916.4538451
312,v,0.05,915.8193118
312,v,0.15,915.2217309
312,v,0.35,914.1289437
312,v,0.7,912.5054438
312,d4,0.008,925.1391218
312,d4,0.025,944.7493839
312,d4,0.06,987.2709732
312,dc,-0.06,908.4908003
312,dc,-0.025,916.1318198
312,dc,-0.008,916.1318198
312,dc,0.008,916.1318198
312,dc,0.025,916.1318198
312,dc,0.06,916.1318198
313,f0,0,923.8803595
313,u,-0.7,1004.913187
313,u,-0.35,961.1542624
313,u,-0.15,939.1852415
313,u,-0.05,928.6670877
313,u,0.05,919.3771047
313,u,0.15,911.1399276
313,u,0.35,897.2717875
313,u,0.7,879.2810303
313,v,-0.7,929.6240198
313,v,-0.35,926.4517508
313,v,-0.15,924.9166524
313,v,-0.05,924.2154809
313,v,0.05,923.5551424
313,v,0.15,922.933259
313,v,0.35,921.7960302
313,v,0.7,920.1065057
313,d4,0.008,932.9338951
313,d4,0.025,952.6469669
313,d4,0.06,995.3998393
313,dc,-0.03,915.8469973
313,dc,-0.025,918.1118065
313,dc,-0.008,923.8803595
313,dc,0.008,923.8803595
313,dc,0.025,923.8803595
313,dc,0.06,923.8803595
314,f0,0,944.487429
314,u,-0.7,1044.672307
314,u,-0.35,994.3008972
314,u,-0.15,962.8563666
314,u,-0.05,950.2005505
314,u,0.05,939.1389527
314,u,0.15,929.4213006
314,u,0.35,913.2505461
314,u,0.7,892.6254518
314,v,-0.7,950.7072214
314,v,-0.35,947.2719808
314,v,-0.15,945.6096275
314,v,-0.05,944.8503309
314,v,0.05,944.1352524
314,v,0.15,943.4618167
314,v,0.35,942.2303151
314,v,0.7,940.4007341
314,d4,-0.007,936.4674888
314,d4,0.008,953.7883311
314,d4,0.025,974.0483613
314,d4,0.06,1018.024821
314,dc,-0.056,932.1874122
314,dc,-0.025,944.487429
314,dc,-0.008,944.487429
314,dc,0.008,944.487429
314,dc,0.025,944.487429
314,dc,0.06,944.487429
315,f0,0,940.0266137
315,u,-0.7,1029.353867
315,u,-0.35,977.3504241
315,u,-0.15,954.5263273
315,u,-0.05,944.6337437
315,u,0.05,935.6315421
315,u,0.15,926.6544304
315,u,0.35,910.2854211
315,u,0.7,888.9789302
315,v,-0.7,946.4258976
315,v,-0.35,942.8915225
315,v,-0.15,941.1811968
315,v,-0.05,940.3999883
315,v,0.05,939.6642739
315,v,0.15,938.9714042
315,v,0.35,937.7043637
315,v,0.7,935.8219845
315,d4,0.008,949.2037241
315,d4,0.025,969.1935487
315,d4,0.06,1012.579228
315,dc,-0.015,932.9921189
315,dc,-0.008,936.2509003
315,dc,0.008,941.6528028
315,dc,0.025,941.6528028
315,dc,0.06,941.6528028
316,f0,0,942.94911
316,u,-0.7,1055.963046
316,u,-0.35,996.2627338
316,u,-0.15,962.5374839
316,u,-0.05,949.0329468
316,u,0.05,937.2603817
316,u,0.15,926.9408571
316,u,0.35,909.8125941
316,u,0.7,888.0355238
316,v,-0.7,949.4152196
316,v,-0.35,945.8439361
316,v,-0.15,944.11575
316,v,-0.05,943.3263836
316,v,0.05,942.5829864
316,v,0.15,941.8828812
316,v,0.35,940.6026095
316,v,0.7,938.7005732
316,d4,0.008,952.1801213
316,d4,0.025,972.2854279
316,d4,0.06,1015.913961
316,dc,-0.06,935.7651585
316,dc,-0.025,942.94911
316,dc,-0.008,942.94911
316,dc,0.008,942.94911
316,dc,0.025,942.94911
316,dc,0.06,942.94911
317,f0,0,947.0722539
317,u,-0.7,1053.520395
317,u,-0.35,999.9410442
317,u,-0.15,967.5905651
317,u,-0.05,953.4380385
317,u,0.05,941.1254419
317,u,0.15,930.3513239
317,u,0.35,912.5066247
317,u,0.7,889.8857135
317,v,-0.7,953.6091484
317,v,-0.35,949.9987699
317,v,-0.15,948.2516652
317,v,-0.05,947.4536576
317,v,0.05,946.7021224
317,v,0.15,945.9943532
317,v,0.35,944.7000662
317,v,0.7,942.7772082
317,d4,0.008,956.3414945
317,d4,0.025,976.531181
317,d4,0.06,1020.347655
317,dc,-0.06,932.255936
317,dc,-0.025,947.0722539
317,dc,-0.008,947.0722539
317,dc,0.008,947.0722539
317,dc,0.025,947.0722539
317,dc,0.06,947.0722539
318,f0,0,953.2608471
318,u,-0.7,1062.338222
318,u,-0.35,1006.352125
318,u,-0.15,975.1686533
318,u,-0.05,960.0469136
318,u,0.05,946.930109
318,u,0.15,935.4816022
318,u,0.35,916.5790776
318,u,0.7,892.7205069
318,v,-0.7,959.9806083
318,v,-0.35,956.2692311
318,v,-0.15,954.4732519
318,v,-0.05,953.6529204
318,v,0.05,952.8803613
318,v,0.15,952.1527926
318,v,0.35,950.8222985
318,v,0.7,948.8456494
318,d4,0.008,962.5871278
318,d4,0.025,982.9026519
318,d4,0.06,1026.9992
318,dc,-0.06,936.7423086
318,dc,-0.025,953.2608471
318,dc,-0.008,953.2608471
318,dc,0.008,953.2608471
318,dc,0.025,953.2608471
318,dc,0.06,953.2608471
319,f0,0,963.6482687
319,u,-0.7,1064.815123
319,u,-0.35,1005.877575
319,u,-0.15,980.0438987
319,u,-0.05,968.8562004
319,u,0.05,956.7600513
319,u,0.15,944.1199927
319,u,0.35,923.3626316
319,u,0.7,897.3570546
319,v,-0.7,970.5816155
319,v,-0.35,966.7522732
319,v,-0.15,964.8992094
319,v,-0.05,964.0528039
319,v,0.05,963.2556892
319,v,0.15,962.5049949
319,v,0.35,961.1322115
319,v,0.7,959.0927352
319,d4,0.008,973.1999084
319,d4,0.025,993.7391213
319,d4,0.06,1038.333103
319,dc,-0.04,944.1156659
319,dc,-0.025,951.2695632
319,dc,-0.008,959.6229935
319,dc,0.008,963.7721738
319,dc,0.025,963.7721738
319,dc,0.06,963.7721738
320,f0,0,958.9263039
320,u,-0.7,1060.236215
320,u,-0.35,1001.227105
320,u,-0.15,975.3526808
320,u,-0.05,964.1445103
320,u,0.05,953.9493427
320,u,0.15,944.6745194
320,u,0.35,924.5347653
320,u,0.7,898.1314966
320,v,-0.7,965.8609748
320,v,-0.35,962.0309012
320,v,-0.15,960.1774835
320,v,-0.05,959.3309164
320,v,0.05,958.5336495
320,v,0.15,957.7828118
320,v,0.35,956.4097662
320,v,0.7,954.3699004
320,d4,0.008,968.3465468
320,d4,0.025,988.8752094
320,d4,0.06,1033.472482
320,dc,-0.028,945.37986
320,dc,-0.025,946.7978589
320,dc,-0.008,954.9833333
320,dc,0.008,962.929579
320,dc,0.025,965.6427509
320,dc,0.06,965.6427509
321,f0,0,961.853468
321,u,-0.7,1074.673856
321,u,-0.35,1008.972935
321,u,-0.15,980.1550011
321,u,-0.05,967.6680977
321,u,0.05,956.3068802
321,u,0.15,945.9680894
321,u,0.35,927.9918347
321,u,0.7,903.6047772
321,v,-0.7,969.2648504
321,v,-0.35,965.1714852
321,v,-0.15,963.1906577
321,v,-0.05,962.2858948
321,v,0.05,961.4338212
321,v,0.15,960.6313686
321,v,0.35,959.1639354
321,v,0.7,956.9838427
321,d4,0.008,971.0358806
321,d4,0.025,991.0334829
321,d4,0.06,1034.416096
321,dc,-0.002,960.8855747
321,dc,0.008,965.761208
321,dc,0.025,971.3283175
321,dc,0.06,971.3283175
322,f0,0,978.5002279
322,u,-0.7,1118.75929
322,u,-0.35,1052.257522
322,u,-0.15,1005.067257
322,u,-0.05,986.6875863
322,u,0.05,970.8957137
322,u,0.15,957.2248914
322,u,0.35,934.8782375
322,u,0.7,907.0647215
322,v,-0.7,985.935548
322,v,-0.35,981.8289619
322,v,-0.15,979.8417365
322,v,-0.05,978.9340514
322,v,0.05,978.0792258
322,v,0.15,977.2741813
322,v,0.35,975.8020085
322,v,0.7,973.6148744
322,d4,-0.005,972.5749894
322,d4,0.008,988.1038438
322,d4,0.025,1009.031341
322,d4,0.06,1054.491842
322,dc,-0.06,973.4267622
322,dc,-0.025,978.5002279
322,dc,-0.008,978.5002279
322,dc,0.008,978.5002279
322,dc,0.025,978.5002279
322,dc,0.06,978.5002279
323,f0,0,1004.236885
323,u,-0.7,1145.604166
323,u,-0.35,1063.210885
323,u,-0.15,1027.127103
323,u,-0.05,1011.506855
323,u,0.05,997.3045022
323,u,0.15,984.3897243
323,u,0.35,961.9611392
323,u,0.7,927.5754528
323,v,-0.7,1012.788826
323,v,-0.35,1008.065522
323,v,-0.15,1005.779859
323,v,-0.05,1004.73586
323,v,0.05,1003.752658
323,v,0.15,1002.826714
323,v,0.35,1001.133453
323,v,0.7,998.6178597
323,d4,0.008,1013.949755
323,d4,0.025,1035.119842
323,d4,0.06,1081.125773
323,dc,-0.028,989.708677
323,dc,-0.025,991.2286191
323,dc,-0.008,1000.006405
323,dc,0.008,1008.533419
323,dc,0.025,1017.890586
323,dc,0.06,1037.286345
324,f0,0,1017.20899
324,u,-0.7,1173.635009
324,u,-0.35,1082.456719
324,u,-0.15,1042.532995
324,u,-0.05,1025.25178
324,u,0.05,1009.539784
324,u,0.15,995.2525463
324,u,0.35,970.4405331
324,u,0.7,936.8606159
324,v,-0.7,1026.318578
324,v,-0.35,1021.28728
324,v,-0.15,1018.852576
324,v,-0.05,1017.740501
324,v,0.05,1016.693187
324,v,0.15,1015.706865
324,v,0.35,1013.903192
324,v,0.7,1011.223564
324,d4,0.008,1026.905668
324,d4,0.025,1048.035665
324,d4,0.06,1093.931294
324,dc,-0.018,1007.692552
324,dc,-0.008,1012.939139
324,dc,0.008,1021.545091
324,dc,0.025,1030.986904
324,dc,0.06,1051.46421
325,f0,0,1088.637848
325,u,-0.7,1276.833052
325,u,-0.35,1167.045105
325,u,-0.15,1119.047609
325,u,-0.05,1098.292285
325,u,0.05,1079.435332
325,u,0.15,1062.30179
325,u,0.35,1032.585108
325,u,0.7,975.1795763
325,v,-0.7,1098.883254
325,v,-0.35,1093.224636
325,v,-0.15,1090.486363
325,v,-0.05,1089.23563
325,v,0.05,1088.057734
325,v,0.15,1086.948433
325,v,0.35,1084.919871
325,v,0.7,1081.906137
325,d4,-0.015,1068.676502
325,d4,-0.008,1077.913259
325,d4,0.008,1099.546471
325,d4,0.025,1123.360834
325,d4,0.06,1175.292294
325,dc,-0.06,1052.336053
325,dc,-0.025,1072.97765
325,dc,-0.008,1083.538869
325,dc,0.008,1093.822362
325,dc,0.025,1105.133891
325,dc,0.06,1129.770811
326,f0,0,1400.510505
326,u,-0.7,1900.579755
326,u,-0.35,1608.505578
326,u,-0.15,1481.109855
326,u,-0.05,1426.088575
326,u,0.05,1376.139245
326,u,0.15,1330.78985
326,u,0.35,1252.219828
326,u,0.7,1146.362892
326,v,-0.7,1419.297836
326,v,-0.35,1408.921444
326,v,-0.15,1403.900187
326,v,-0.05,1401.606677
326,v,0.05,1399.446731
326,v,0.15,1397.41257
326,v,0.35,1393.69273
326,v,0.7,1388.16635
326,d4,0.008,1413.261736
326,d4,0.025,1441.071718
326,d4,0.06,1501.5861
326,dc,-0.04,1365.862886
326,dc,-0.025,1378.534325
326,dc,-0.008,1393.357742
326,dc,0.008,1407.780462
326,dc,0.025,1423.631848
326,dc,0.06,1458.105542
327,f0,0,2281.681753
327,u,-0.7,3415.043056
327,u,-0.35,2752.181649
327,u,-0.15,2463.80062
327,u,-0.05,2339.444506
327,u,0.05,2226.675272
327,u,0.15,2124.409449
327,u,0.35,1947.553943
327,u,0.7,1710.174652
327,v,-0.7,2312.830943
327,v,-0.35,2295.626999
327,v,-0.15,2287.301808
327,v,-0.05,2283.499194
327,v,0.05,2279.918026
327,v,0.15,2276.54541
327,v,0.35,2270.377957
327,v,0.7,2261.215277
327,d4,-0.01,2244.497557
327,d4,-0.008,2251.840757
327,d4,0.008,2312.293772
327,d4,0.025,2380.045526
327,d4,0.06,2532.334203
327,dc,-0.06,2132.315087
327,dc,-0.025,2216.122069
327,dc,-0.008,2260.143633
327,dc,0.008,2303.774165
327,dc,0.025,2352.66225
327,dc,0.06,2462.513222
328,f0,0,909.697769
328,u,-0.7,987.6027433
328,u,-0.35,945.4608351
328,u,-0.15,923.0864301
328,u,-0.05,913.8874605
328,u,0.05,905.7544103
328,u,0.15,898.5371402
328,u,0.35,886.3748017
328,u,0.7,870.5783405
328,v,-0.7,913.6642278
328,v,-0.35,911.4735212
328,v,-0.15,910.4134126
328,v,-0.05,909.9291973
328,v,0.05,909.4731805
328,v,0.15,909.0437201
328,v,0.35,908.2583723
328,v,0.7,907.0916199
328,d4,0.008,918.6767071
328,d4,0.025,938.2239231
328,d4,0.06,980.6035817
328,dc,-0.04,902.7644212
328,dc,-0.025,909.5183307
328,dc,-0.008,909.697769
328,dc,0.008,909.697769
328,dc,0.025,909.697769
328,dc,0.06,909.697769
329,f0,0,921.0350758
329,u,-0.7,1002.260197
329,u,-0.35,959.0769175
329,u,-0.15,936.6412114
329,u,-0.05,925.9052328
329,u,0.05,916.4623121
329,u,0.15,908.1205356
329,u,0.35,894.1421545
329,u,0.7,876.1310427
329,v,-0.7,925.3938245
329,v,-0.35,922.9864531
329,v,-0.15,921.8214977
329,v,-0.05,921.2893927
329,v,0.05,920.788275
329,v,0.15,920.3163402
329,v,0.35,919.45332
329,v,0.7,918.1711737
329,d4,0.008,930.1029967
329,d4,0.025,949.8477141
329,d4,0.06,992.6710175
329,dc,-0.035,911.8339094
329,dc,-0.025,916.3741091
329,dc,-0.008,921.0350758
329,dc,0.008,921.0350758
329,dc,0.025,921.0350758
329,dc,0.06,921.0350758
330,f0,0,931.3024343
330,u,-0.7,1021.529405
330,u,-0.35,973.3955018
330,u,-0.15,947.1477588
330,u,-0.05,936.2725642
330,u,0.05,926.6145854
330,u,0.15,918.00931
330,u,0.35,903.4318559
330,u,0.7,884.3535253
330,v,-0.7,932.8571099
330,v,-0.35,931.9984503
330,v,-0.15,931.5829348
330,v,-0.05,931.3931439
330,v,0.05,931.2144056
330,v,0.15,931.0460762
330,v,0.35,930.7382547
330,v,0.7,930.2809397
330,d4,0.008,940.3867167
330,d4,0.025,960.166947
330,d4,0.06,1003.06543
330,dc,-0.03,925.0086852
330,dc,-0.025,927.2814826
330,dc,-0.008,931.3024343
330,dc,0.008,931.3024343
330,dc,0.025,931.3024343
330,dc,0.06,931.3024343
331,f0,0,929.2569774
331,u,-0.7,1018.064189
331,u,-0.35,970.219978
331,u,-0.15,944.6923927
331,u,-0.05,934.1004978
331,u,0.05,924.6869257
331,u,0.15,916.2938457
331,u,0.35,902.0641864
331,u,0.7,883.4196502
331,v,-0.7,930.8371206
331,v,-0.35,929.964395
331,v,-0.15,929.5420729
331,v,-0.05,929.349173
331,v,0.05,929.1675067
331,v,0.15,928.9964198
331,v,0.35,928.6835559
331,v,0.7,928.2187494
331,d4,0.008,938.3243766
331,d4,0.025,958.0672813
331,d4,0.06,1000.882491
331,dc,-0.03,923.2909293
331,dc,-0.025,925.5571921
331,dc,-0.008,929.2569774
331,dc,0.008,929.2569774
331,dc,0.025,929.2569774
331,dc,0.06,929.2569774
332,f0,0,2285.415952
332,u,-0.7,3263.575617
332,u,-0.35,2691.421151
332,u,-0.15,2442.549954
332,u,-0.05,2335.25044
332,u,0.05,2237.963376
332,u,0.15,2149.753708
332,u,0.35,1997.256814
332,u,0.7,1535.242406
332,v,-0.7,2314.228651
332,v,-0.35,2298.315169
332,v,-0.15,2290.614449
332,v,-0.05,2287.097067
332,v,0.05,2283.784522
332,v,0.15,2280.664884
332,v,0.35,2274.96005
332,v,0.7,2266.48466
332,d4,0.008,2326.227214
332,d4,0.025,2417.766913
332,d4,0.06,2629.854323
332,dc,-0.06,2091.452638
332,dc,-0.025,2198.975406
332,dc,-0.008,2256.786755
332,dc,0.008,2315.021005
332,dc,0.025,2381.410316
332,dc,0.06,2535.153327
333,f0,0,2427.322453
333,u,-0.7,3699.593015
333,u,-0.35,2955.501526
333,u,-0.15,2631.770498
333,u,-0.05,2492.167845
333,u,0.05,2365.570836
333,u,0.15,2250.763416
333,u,0.35,2052.214068
333,u,0.7,1785.703814
333,v,-0.7,2458.718406
333,v,-0.35,2441.378173
333,v,-0.15,2432.98703
333,v,-0.05,2429.154291
333,v,0.05,2425.544753
333,v,0.15,2422.145419
333,v,0.35,2415.929107
333,v,0.7,2406.693841
333,d4,0.008,2460.959683
333,d4,0.025,2535.511662
333,d4,0.06,2703.613983
333,dc,-0.06,2259.601879
333,dc,-0.025,2353.585041
333,dc,-0.008,2403.076639
333,dc,0.008,2452.213722
333,dc,0.025,2507.372864
333,dc,0.06,2631.705805
334,f0,0,45761.77653
334,u,-0.7,82213.01368
334,u,-0.35,60848.67546
334,u,-0.15,51591.93032
334,u,-0.05,47609.44844
334,u,0.05,44003.65162
334,u,0.15,40738.87776
334,u,0.35,35106.33948
334,u,0.7,27579.93526
334,v,-0.7,46005.01109
334,v,-0.35,45870.67072
334,v,-0.15,45805.66183
334,v,-0.05,45775.96837
334,v,0.05,45748.00412
334,v,0.15,45721.66839
334,v,0.35,45673.50862
334,v,0.7,45601.96004
334,d4,0.008,56982.43458
334,d4,0.025,120341.0488
334,dc,-0.06,19105.75168
334,dc,-0.025,28701.09085
334,dc,-0.008,38377.32767
334,dc,0.008,56820.77714
334,dc,0.025,119263.4674
335,f0,0,871.7923362
335,u,-0.7,916.7058346
335,u,-0.35,889.6752923
335,u,-0.15,878.6062146
335,u,-0.05,873.9400725
335,u,0.05,869.7579184
335,u,0.15,866.0017418
335,u,0.35,859.5753657
335,u,0.7,851.3784725
335,v,-0.7,880.6521373
335,v,-0.35,875.758799
335,v,-0.15,873.3908551
335,v,-0.05,872.3092729
335,v,0.05,871.2906772
335,v,0.15,870.3313999
335,v,0.35,868.5771838
335,v,0.7,865.971032
335,d4,0.008,880.6697101
335,d4,0.025,899.9711403
335,d4,0.06,941.7280874
335,dc,-0.06,871.7923362
335,dc,-0.025,871.7923362
335,dc,-0.008,871.7923362
335,dc,0.008,871.7923362
335,dc,0.025,871.7923362
335,dc,0.06,871.7923362
336,f0,0,897.1124672
336,u,-0.7,969.4404304
336,u,-0.35,924.9869634
336,u,-0.15,907.5962999
336,u,-0.05,900.3991182
336,u,0.05,894.0142227
336,u,0.15,888.3318678
336,u,0.35,878.7227606
336,u,0.7,866.1830851
336,v,-0.7,909.0436681
336,v,-0.35,902.4539715
336,v,-0.15,899.2651397
336,v,-0.05,897.8086088
336,v,0.05,896.4368997
336,v,0.15,895.1450727
336,v,0.35,892.782728
336,v,0.7,889.2731096
336,d4,0.008,906.1018137
336,d4,0.025,925.6635788
336,d4,0.06,968.0439445
336,dc,-0.06,897.1124672
336,dc,-0.025,897.1124672
336,dc,-0.008,897.1124672
336,dc,0.008,897.1124672
336,dc,0.025,897.1124672
336,dc,0.06,897.1124672
337,f0,0,897.1010552
337,u,-0.7,968.5448686
337,u,-0.35,924.6624566
337,u,-0.15,907.4711792
337,u,-0.05,900.3525833
337,u,0.05,894.0354823
337,u,0.15,888.4119444
337,u,0.35,878.8990492
337,u,0.7,866.4787758
337,v,-0.7,909.3260828
337,v,-0.35,902.5741034
337,v,-0.15,899.3067411
337,v,-0.05,897.8143406
337,v,0.05,896.4088507
337,v,0.15,895.0852102
337,v,0.35,892.6646887
337,v,0.7,889.0686398
337,d4,0.008,906.0864412
337,d4,0.025,925.6392342
337,d4,0.06,967.9988304
337,dc,-0.06,897.1010552
337,dc,-0.025,897.1010552
337,dc,-0.008,897.1010552
337,dc,0.008,897.1010552
337,dc,0.025,897.1010552
337,dc,0.06,897.1010552
338,f0,0,899.0082537
338,u,-0.7,973.1732718
338,u,-0.35,927.5314502
338,u,-0.15,909.7274242
338,u,-0.05,902.367565
338,u,0.05,895.8424468
338,u,0.15,890.0385275
338,u,0.35,880.2307545
338,u,0.7,867.4448661
338,v,-0.7,911.3112242
338,v,-0.35,904.5161963
338,v,-0.15,901.2280023
338,v,-0.05,899.7260867
338,v,0.05,898.3116358
338,v,0.15,896.9795562
338,v,0.35,894.5436022
338,v,0.7,890.924626
338,d4,0.008,908.0058618
338,d4,0.025,927.5863169
338,d4,0.06,970.0098658
338,dc,-0.06,899.0082537
338,dc,-0.025,899.0082537
338,dc,-0.008,899.0082537
338,dc,0.008,899.0082537
338,dc,0.025,899.0082537
338,dc,0.06,899.0082537
339,f0,0,899.750086
339,u,-0.7,974.8698024
339,u,-0.35,928.6094327
339,u,-0.15,910.5910718
339,u,-0.05,903.1469907
339,u,0.05,896.5493372
339,u,0.15,890.6825819
339,u,0.35,880.7722176
339,u,0.7,867.859362
339,v,-0.7,912.1219115
339,v,-0.35,905.2888544
339,v,-0.15,901.9822576
339,v,-0.05,900.4719364
339,v,0.05,899.0495694
339,v,0.15,897.7100346
339,v,0.35,895.2604475
339,v,0.7,891.6212173
339,d4,0.008,908.7520033
339,d4,0.025,928.3421938
339,d4,0.06,970.7881951
339,dc,-0.06,899.750086
339,dc,-0.025,899.750086
339,dc,-0.008,899.750086
339,dc,0.008,899.750086
339,dc,0.025,899.750086
339,dc,0.06,899.750086
340,f0,0,899.750086
340,u,-0.7,974.8698024
340,u,-0.35,928.6094327
340,u,-0.15,910.5910718
340,u,-0.05,903.1469907
340,u,0.05,896.5493372
340,u,0.15,890.6825819
340,u,0.35,880.7722176
340,u,0.7,867.859362
340,v,-0.7,912.1219115
340,v,-0.35,905.2888544
340,v,-0.15,901.9822576
340,v,-0.05,900.4719364
340,v,0.05,899.0495694
340,v,0.15,897.7100346
340,v,0.35,895.2604475
340,v,0.7,891.6212173
340,d4,0.008,908.7520033
340,d4,0.025,928.3421938
340,d4,0.06,970.7881951
340,dc,-0.06,899.750086
340,dc,-0.025,899.750086
340,dc,-0.008,899.750086
340,dc,0.008,899.750086
340,dc,0.025,899.750086
340,dc,0.06,899.750086
341,f0,0,899.750086
341,u,-0.7,974.8698024
341,u,-0.35,928.6094327
341,u,-0.15,910.5910718
341,u,-0.05,903.1469907
341,u,0.05,896.5493372
341,u,0.15,890.6825819
341,u,0.35,880.7722176
341,u,0.7,867.859362
341,v,-0.7,912.1219115
341,v,-0.35,905.2888544
341,v,-0.15,901.9822576
341,v,-0.05,900.4719364
341,v,0.05,899.0495694
341,v,0.15,897.7100346
341,v,0.35,895.2604475
341,v,0.7,891.6212173
341,d4,0.008,908.7520033
341,d4,0.025,928.3421938
341,d4,0.06,970.7881951
341,dc,-0.06,899.750086
341,dc,-0.025,899.750086
341,dc,-0.008,899.750086
341,dc,0.008,899.750086
341,dc,0.025,899.750086
341,dc,0.06,899.750086
342,f0,0,895.5302415
342,u,-0.7,969.3526849
342,u,-0.35,923.3605314
342,u,-0.15,905.9021066
342,u,-0.05,898.769173
342,u,0.05,892.4876524
342,u,0.15,886.934556
342,u,0.35,877.6252506
342,u,0.7,865.6331862
342,v,-0.7,908.2624566
342,v,-0.35,901.2303535
342,v,-0.15,897.827436
342,v,-0.05,896.2731193
342,v,0.05,894.809319
342,v,0.15,893.4307637
342,v,0.35,890.9098205
342,v,0.7,887.16458
342,d4,0.008,904.521277
342,d4,0.025,924.0850729
342,d4,0.06,966.4646514
342,dc,-0.06,895.5302415
342,dc,-0.025,895.5302415
342,dc,-0.008,895.5302415
342,dc,0.008,895.5302415
342,dc,0.025,895.5302415
342,dc,0.06,895.5302415
343,f0,0,904.4505568
343,u,-0.7,983.6534071
343,u,-0.35,934.7401678
343,u,-0.15,915.8088294
343,u,-0.05,908.0069731
343,u,0.05,901.1016517
343,u,0.15,894.968725
343,u,0.35,884.6245235
343,u,0.7,871.1760738
343,v,-0.7,917.9344768
343,v,-0.35,910.4872011
343,v,-0.15,906.8833768
343,v,-0.05,905.2372938
343,v,0.05,903.6870713
343,v,0.15,902.2271267
343,v,0.35,899.5573479
343,v,0.7,895.59099
343,d4,0.008,913.4710016
343,d4,0.025,933.1029615
343,d4,0.06,975.6450048
343,dc,-0.06,904.4505568
343,dc,-0.025,904.4505568
343,dc,-0.008,904.4505568
343,dc,0.008,904.4505568
343,dc,0.025,904.4505568
343,dc,0.06,904.4505568
344,f0,0,929.2997195
344,u,-0.7,1047.12657
344,u,-0.35,972.5673812
344,u,-0.15,945.2803524
344,u,-0.05,934.2726997
344,u,0.05,924.6421966
344,u,0.15,916.1756246
344,u,0.35,902.0763727
344,u,0.7,884.077423
344,v,-0.7,944.4465536
344,v,-0.35,936.0808373
344,v,-0.15,932.0325688
344,v,-0.05,930.1834815
344,v,0.05,928.4420767
344,v,0.15,926.8020833
344,v,0.35,923.8030522
344,v,0.7,919.3475403
344,d4,0.008,938.4960916
344,d4,0.025,958.5206352
344,d4,0.06,1001.95209
344,dc,-0.06,929.2997195
344,dc,-0.025,929.2997195
344,dc,-0.008,929.2997195
344,dc,0.008,929.2997195
344,dc,0.025,929.2997195
344,dc,0.06,929.2997195
345,f0,0,922.2364178
345,u,-0.7,1023.559541
345,u,-0.35,960.0754138
345,u,-0.15,936.2987103
345,u,-0.05,926.6233746
345,u,0.05,918.1187551
345,u,0.15,910.6112342
345,u,0.35,898.04493
345,u,0.7,881.8857238
345,v,-0.7,938.2503761
345,v,-0.35,929.4057403
345,v,-0.15,925.1257169
345,v,-0.05,923.1707733
345,v,0.05,921.3296767
345,v,0.15,919.5957973
345,v,0.35,916.425078
345,v,0.7,911.7144974
345,d4,0.008,931.3581582
345,d4,0.025,951.2167735
345,d4,0.06,994.2743682
345,dc,-0.06,922.2364178
345,dc,-0.025,922.2364178
345,dc,-0.008,922.2364178
345,dc,0.008,922.2364178
345,dc,0.025,922.2364178
345,dc,0.06,922.2364178
346,f0,0,957.0842425
346,u,-0.7,1131.630664
346,u,-0.35,1017.853301
346,u,-0.15,979.1141074
346,u,-0.05,963.8891373
346,u,0.05,950.7517571
346,u,0.15,939.3399205
346,u,0.35,920.614998
346,u,0.7,897.2022278
346,v,-0.7,973.4389459
346,v,-0.35,964.4061139
346,v,-0.15,960.0350201
346,v,-0.05,958.0384792
346,v,0.05,956.1582078
346,v,0.15,954.3874348
346,v,0.35,951.1492489
346,v,0.7,946.3384366
346,d4,0.008,966.5203966
346,d4,0.025,987.0755624
346,d4,0.06,1031.694151
346,dc,-0.06,957.0842425
346,dc,-0.025,957.0842425
346,dc,-0.008,957.0842425
346,dc,0.008,957.0842425
346,dc,0.025,957.0842425
346,dc,0.06,957.0842425
347,f0,0,973.95505
347,u,-0.7,1194.416274
347,u,-0.35,1047.762965
347,u,-0.15,1000.369815
347,u,-0.05,982.0738152
347,u,0.05,966.4321247
347,u,0.15,952.9526051
347,u,0.35,931.0479577
347,u,0.7,904.0233773
347,v,-0.7,990.3097535
347,v,-0.35,981.2769214
347,v,-0.15,976.9058276
347,v,-0.05,974.9092867
347,v,0.05,973.0290153
347,v,0.15,971.2582423
347,v,0.35,968.0200564
347,v,0.7,963.2092441
347,d4,0.008,983.5639044
347,d4,0.025,1004.500255
347,d4,0.06,1049.96833
347,dc,-0.06,973.95505
347,dc,-0.025,973.95505
347,dc,-0.008,973.95505
347,dc,0.008,973.95505
347,dc,0.025,973.95505
347,dc,0.06,973.95505
348,f0,0,916.4607614
348,u,-0.7,1010.240116
348,u,-0.35,950.2390357
348,u,-0.15,928.8237122
348,u,-0.05,920.2923458
348,u,0.05,912.8857383
348,u,0.15,906.4220597
348,u,0.35,895.7660877
348,u,0.7,882.3793635
348,v,-0.7,936.991729
348,v,-0.35,925.6523132
348,v,-0.15,920.1650365
348,v,-0.05,917.6586678
348,v,0.05,915.2982586
348,v,0.15,913.075309
348,v,0.35,909.0102344
348,v,0.7,902.9709545
348,d4,0.008,925.5280461
348,d4,0.025,945.2622639
348,d4,0.06,988.0293867
348,dc,-0.06,916.4607614
348,dc,-0.025,916.4607614
348,dc,-0.008,916.4607614
348,dc,0.008,916.4607614
348,dc,0.025,916.4607614
348,dc,0.06,916.4607614
349,f0,0,940.6621029
349,u,-0.7,1037.81447
349,u,-0.35,977.9661984
349,u,-0.15,954.6804464
349,u,-0.05,945.0557037
349,u,0.05,936.5210837
349,u,0.15,928.9275836
349,u,0.35,916.0887853
349,u,0.7,899.6567881
349,v,-0.7,964.4459846
349,v,-0.35,951.3099586
349,v,-0.15,944.9532811
349,v,-0.05,942.0498048
349,v,0.05,939.3154138
349,v,0.15,936.7402613
349,v,0.35,932.0311188
349,v,0.7,925.034979
349,d4,0.008,949.7773691
349,d4,0.025,969.6223396
349,d4,0.06,1012.651039
349,dc,-0.06,940.6621029
349,dc,-0.025,940.6621029
349,dc,-0.008,940.6621029
349,dc,0.008,940.6621029
349,dc,0.025,940.6621029
349,dc,0.06,940.6621029
350,f0,0,945.3701351
350,u,-0.7,1030.828277
350,u,-0.35,979.2403311
350,u,-0.15,958.2584544
350,u,-0.05,949.4305998
350,u,0.05,941.5254217
350,u,0.15,934.4305055
350,u,0.35,922.3023174
350,u,0.7,907.2084748
350,v,-0.7,973.0248904
350,v,-0.35,957.7509503
350,v,-0.15,950.359711
350,v,-0.05,946.9836882
350,v,0.05,943.8042697
350,v,0.15,940.8100061
350,v,0.35,935.3344413
350,v,0.7,927.1996661
350,d4,0.008,954.437375
350,d4,0.025,974.1760804
350,d4,0.06,1016.966635
350,dc,-0.06,945.3701351
350,dc,-0.025,945.3701351
350,dc,-0.008,945.3701351
350,dc,0.008,945.3701351
350,dc,0.025,945.3701351
350,dc,0.06,945.3701351
351,f0,0,964.6664218
351,u,-0.7,1102.069498
351,u,-0.35,1014.166895
351,u,-0.15,982.8242611
351,u,-0.05,970.3014579
351,u,0.05,959.4014196
351,u,0.15,949.8615183
351,u,0.35,934.0626745
351,u,0.7,914.0512917
351,v,-0.7,993.3149214
351,v,-0.35,977.4921285
351,v,-0.15,969.8352928
351,v,-0.05,966.3379562
351,v,0.05,963.0442887
351,v,0.15,959.9424294
351,v,0.35,954.270106
351,v,0.7,945.8430163
351,d4,0.008,973.9487866
351,d4,0.025,994.1639319
351,d4,0.06,1038.022851
351,dc,-0.06,964.6664218
351,dc,-0.025,964.6664218
351,dc,-0.008,964.6664218
351,dc,0.008,964.6664218
351,dc,0.025,964.6664218
351,dc,0.06,964.6664218
352,f0,0,1407.437171
352,u,-0.7,1799.018314
352,u,-0.35,1570.23998
352,u,-0.15,1470.503783
352,u,-0.05,1427.447525
352,u,0.05,1388.3748
352,u,0.15,1352.916016
352,u,0.35,1291.531434
352,u,0.7,1124.829584
352,v,-0.7,1439.811296
352,v,-0.35,1421.930811
352,v,-0.15,1413.278233
352,v,-0.05,1409.326082
352,v,0.05,1405.604085
352,v,0.15,1402.098841
352,v,0.35,1395.688854
352,v,0.7,1386.165854
352,d4,0.008,1423.663045
352,d4,0.025,1459.298346
352,d4,0.06,1538.034474
352,dc,-0.06,1343.056635
352,dc,-0.025,1379.447437
352,dc,-0.008,1398.28731
352,dc,0.008,1416.776724
352,dc,0.025,1437.281138
352,dc,0.06,1482.552606
353,f0,0,1179.44856
353,u,-0.7,2535.303901
353,u,-0.35,1431.211501
353,u,-0.15,1258.377099
353,u,-0.05,1202.605498
353,u,0.05,1158.791107
353,u,0.15,1123.567662
353,u,0.35,1070.75052
353,u,0.7,1012.116607
353,v,-0.7,1226.051276
353,v,-0.35,1200.312227
353,v,-0.15,1187.856799
353,v,-0.05,1182.167657
353,v,0.05,1176.809824
353,v,0.15,1171.764008
353,v,0.35,1162.5368
353,v,0.7,1148.828393
353,d4,0.008,1190.817288
353,d4,0.025,1215.636904
353,d4,0.06,1269.764534
353,dc,-0.06,1179.44856
353,dc,-0.025,1179.44856
353,dc,-0.008,1179.44856
353,dc,0.008,1179.44856
353,dc,0.025,1179.44856
353,dc,0.06,1179.44856
354,f0,0,1033.110661
354,u,-0.7,1097.27048
354,u,-0.35,1058.899999
354,u,-0.15,1042.704123
354,u,-0.05,1036.160474
354,u,0.05,1030.199722
354,u,0.15,1024.768992
354,u,0.35,1015.310034
354,u,0.7,1002.43777
354,v,-0.7,1113.287369
354,v,-0.35,1069.005139
354,v,-0.15,1047.576446
354,v,-0.05,1037.788676
354,v,0.05,1028.570901
354,v,0.15,1019.889928
354,v,0.35,1004.015162
354,v,0.7,980.4308097
354,d4,0.008,1042.104869
354,d4,0.025,1061.68084
354,dc,-0.06,1032.971185
354,dc,-0.025,1033.052537
354,dc,-0.008,1033.09206
354,dc,0.008,1033.129263
354,dc,0.025,1033.168797
355,f0,0,1088.221833
355,u,-0.7,1189.544956
355,u,-0.35,1126.060829
355,u,-0.15,1102.284126
355,u,-0.05,1092.60879
355,u,0.05,1084.104171
355,u,0.15,1076.59665
355,u,0.35,1064.030345
355,u,0.7,1048.371077
355,v,-0.7,1190.873797
355,v,-0.35,1134.178306
355,v,-0.15,1106.74269
355,v,-0.05,1094.211197
355,v,0.05,1082.409482
355,v,0.15,1071.295045
355,v,0.35,1050.970241
355,v,0.7,1020.774687
355,d4,0.008,1097.343574
355,dc,-0.06,1088.221833
355,dc,-0.025,1088.221833
355,dc,-0.008,1088.221833
355,dc,0.008,1088.221833
356,f0,0,4749.937279
356,u,-0.7,7400.84282
356,u,-0.35,5848.867561
356,u,-0.15,5174.963869
356,u,-0.05,4884.689382
356,u,0.05,4621.666082
356,u,0.15,4383.333885
356,u,0.35,3971.686276
356,u,0.7,3420.52524
356,v,-0.7,4854.870212
356,v,-0.35,4796.914923
356,v,-0.15,4768.869677
356,v,-0.05,4756.059729
356,v,0.05,4743.995774
356,v,0.15,4732.63437
356,v,0.35,4711.85794
356,v,0.7,4680.991428
356,d4,0.008,4897.161226
356,d4,0.025,5242.996592
356,d4,0.06,6138.423412
356,dc,-0.06,3999.934956
356,dc,-0.025,4399.460446
356,dc,-0.008,4630.743319
356,dc,0.008,4876.621479
356,dc,0.025,5174.168439
356,dc,0.06,5944.339652
357,f0,0,1148.216739
357,u,-0.7,1292.457214
357,u,-0.35,1199.844475
357,u,-0.15,1167.111721
357,u,-0.05,1154.07522
357,u,0.05,1142.747271
357,u,0.15,1132.847451
357,u,0.35,1116.48233
357,u,0.7,1095.806573
357,v,-0.7,1271.039146
357,v,-0.35,1203.203359
357,v,-0.15,1170.376823
357,v,-0.05,1155.382974
357,v,0.05,1141.262298
357,v,0.15,1127.963947
357,v,0.35,1103.645451
357,v,0.7,1067.516667
357,d4,0.008,1157.528366
357,dc,-0.06,1148.216739
357,dc,-0.025,1148.216739
357,dc,-0.008,1148.216739
357,dc,0.008,1148.216739
358,f0,0,1159.593362
358,u,-0.7,1315.450712
358,u,-0.35,1214.779319
358,u,-0.15,1179.71481
358,u,-0.05,1165.822842
358,u,0.05,1153.785014
358,u,0.15,1143.290115
358,u,0.35,1125.992619
358,u,0.7,1104.229446
358,v,-0.7,1285.686702
358,v,-0.35,1216.044353
358,v,-0.15,1182.3436
358,v,-0.05,1166.950444
358,v,0.05,1152.453714
358,v,0.15,1138.801209
358,v,0.35,1113.835077
358,v,0.7,1076.744133
358,d4,0.008,1168.95373
358,dc,-0.06,1159.593362
358,dc,-0.025,1159.593362
358,dc,-0.008,1159.593362
358,dc,0.008,1159.593362
359,f0,0,1127.087438
359,u,-0.7,1191.467085
359,u,-0.35,1152.126253
359,u,-0.15,1136.538456
359,u,-0.05,1130.05469
359,u,0.05,1124.286609
359,u,0.15,1119.140447
359,u,0.35,1110.816091
359,u,0.7,1100.436245
359,v,-0.7,1261.811658
359,v,-0.35,1187.402405
359,v,-0.15,1151.394893
359,v,-0.05,1134.9481
359,v,0.05,1119.459094
359,v,0.15,1104.872097
359,v,0.35,1078.197075
359,v,0.7,1038.567318
359,d4,0.008,1136.04166
359,dc,-0.06,1127.087438
359,dc,-0.025,1127.087438
359,dc,-0.008,1127.087438
359,dc,0.008,1127.087438
360,f0,0,1164.515224
360,u,-0.7,1221.789885
360,u,-0.35,1188.030209
360,u,-0.15,1173.660961
360,u,-0.05,1167.422831
360,u,0.05,1161.739897
360,u,0.15,1156.561838
360,u,0.35,1147.541854
360,u,0.7,1135.264322
360,v,-0.7,1314.813647
360,v,-0.35,1231.802639
360,v,-0.15,1191.632635
360,v,-0.05,1173.284583
360,v,0.05,1156.005038
360,v,0.15,1139.731775
360,v,0.35,1109.973105
360,v,0.7,1065.762122
360,d4,0.008,1173.495986
360,dc,-0.06,1164.376262
360,dc,-0.025,1164.457314
360,dc,-0.008,1164.496691
360,dc,0.008,1164.533757
361,f0,0,1204.599672
361,u,-0.7,1305.922795
361,u,-0.35,1242.438668
361,u,-0.15,1218.661965
361,u,-0.05,1208.986629
361,u,0.05,1200.482009
361,u,0.15,1192.974489
361,u,0.35,1180.408184
361,u,0.7,1164.775369
361,v,-0.7,1367.996394
361,v,-0.35,1277.751092
361,v,-0.15,1234.080328
361,v,-0.05,1214.133269
361,v,0.05,1195.347836
361,v,0.15,1177.656381
361,v,0.35,1145.304284
361,v,0.7,1097.240376
361,d4,0.008,1213.721413
361,dc,-0.06,1204.599672
361,dc,-0.025,1204.599672
361,dc,-0.008,1204.599672
361,dc,0.008,1204.599672
362,f0,0,1211.003911
362,u,-0.7,1316.002499
362,u,-0.35,1250.066358
362,u,-0.15,1225.500387
362,u,-0.05,1215.523731
362,u,0.05,1206.76367
362,u,0.15,1199.03795
362,u,0.35,1186.121654
362,u,0.7,1169.968275
362,v,-0.7,1376.696495
362,v,-0.35,1285.18317
362,v,-0.15,1240.898796
362,v,-0.05,1220.671463
362,v,0.05,1201.622079
362,v,0.15,1183.682044
362,v,0.35,1150.875372
362,v,0.7,1102.136126
362,d4,0.008,1220.142403
362,dc,-0.06,1211.003911
362,dc,-0.025,1211.003911
362,dc,-0.008,1211.003911
362,dc,0.008,1211.003911
363,f0,0,888.9252963
363,u,-0.7,923.3882293
363,u,-0.35,902.8476433
363,u,-0.15,894.2624863
363,u,-0.05,890.6119624
363,u,0.05,887.3238599
363,u,0.15,884.421589
363,u,0.35,879.6619339
363,u,0.7,873.1533392
363,v,-0.7,904.8266534
363,v,-0.35,896.0442081
363,v,-0.15,891.7942795
363,v,-0.05,889.8530819
363,v,0.05,888.0249309
363,v,0.15,886.3032431
363,v,0.35,883.1548186
363,v,0.7,878.4773602
363,d4,0.008,897.6393448
363,d4,0.025,916.5781385
363,d4,0.06,957.5254471
363,dc,-0.06,888.9252963
363,dc,-0.025,888.9252963
363,dc,-0.008,888.9252963
363,dc,0.008,888.9252963
363,dc,0.025,888.9252963
363,dc,0.06,888.9252963
364,f0,0,889.6788445
364,u,-0.7,924.5652689
364,u,-0.35,903.7644295
364,u,-0.15,895.0773623
364,u,-0.05,891.3847236
364,u,0.05,888.0593093
364,u,0.15,885.1130561
364,u,0.35,880.3061022
364,u,0.7,873.7332637
364,v,-0.7,905.7860133
364,v,-0.35,896.8898965
364,v,-0.15,892.5849609
364,v,-0.05,890.6186384
364,v,0.05,888.7668256
364,v,0.15,887.022854
364,v,0.35,883.8336792
364,v,0.7,879.0956804
364,d4,0.008,898.3939358
364,d4,0.025,917.3355983
364,d4,0.06,958.2910587
364,dc,-0.06,889.6788445
364,dc,-0.025,889.6788445
364,dc,-0.008,889.6788445
364,dc,0.008,889.6788445
364,dc,0.025,889.6788445
364,dc,0.06,889.6788445
365,f0,0,890.34971
365,u,-0.7,925.670684
365,u,-0.35,904.6026175
365,u,-0.15,895.8110628
365,u,-0.05,892.0752708
365,u,0.05,888.7116379
365,u,0.15,885.7133472
365,u,0.35,880.8580731
365,u,0.7,874.2195653
365,v,-0.7,906.6153084
365,v,-0.35,897.6316898
365,v,-0.15,893.284411
365,v,-0.05,891.2987478
365,v,0.05,889.4287206
365,v,0.15,887.6675953
365,v,0.35,884.447052
365,v,0.7,879.6624504
365,d4,0.008,899.0659039
365,d4,0.025,918.0105651
365,d4,0.06,958.9744661
365,dc,-0.06,890.34971
365,dc,-0.025,890.34971
365,dc,-0.008,890.34971
365,dc,0.008,890.34971
365,dc,0.025,890.34971
365,dc,0.06,890.34971
366,f0,0,893.1509232
366,u,-0.7,930.0865091
366,u,-0.35,908.0239617
366,u,-0.15,898.8449136
366,u,-0.05,894.9493206
366,u,0.05,891.4442773
366,u,0.15,888.2851632
366,u,0.35,883.2372511
366,u,0.7,876.3575824
366,v,-0.7,910.1721039
366,v,-0.35,900.7711712
366,v,-0.15,896.2219492
366,v,-0.05,894.1440464
366,v,0.05,892.1871513
366,v,0.15,890.3442168
366,v,0.35,886.9740703
366,v,0.7,881.9672106
366,d4,0.008,901.871483
366,d4,0.025,920.8277462
366,d4,0.06,961.823645
366,dc,-0.06,893.1509232
366,dc,-0.025,893.1509232
366,dc,-0.008,893.1509232
366,dc,0.008,893.1509232
366,dc,0.025,893.1509232
366,dc,0.06,893.1509232
367,f0,0,899.4448359
367,u,-0.7,940.6851443
367,u,-0.35,916.1443839
367,u,-0.15,905.8533261
367,u,-0.05,901.4709538
367,u,0.05,897.5203365
367,u,0.15,893.9534751
367,u,0.35,888.0849381
367,u,0.7,880.2126529
367,v,-0.7,917.1457116
367,v,-0.35,907.369378
367,v,-0.15,902.6384951
367,v,-0.05,900.4776168
367,v,0.05,898.4425784
367,v,0.15,896.5260513
367,v,0.35,893.021327
367,v,0.7,887.8145319
367,d4,0.008,908.1766783
367,d4,0.025,927.1642009
367,d4,0.06,968.2498566
367,dc,-0.06,899.4448359
367,dc,-0.025,899.4448359
367,dc,-0.008,899.4448359
367,dc,0.008,899.4448359
367,dc,0.025,899.4448359
367,dc,0.06,899.4448359
368,f0,0,900.5813001
368,u,-0.7,942.4801996
368,u,-0.35,917.345363
368,u,-0.15,906.9823767
368,u,-0.05,902.6007753
368,u,0.05,898.6667708
368,u,0.15,895.1277637
368,u,0.35,889.3092757
368,u,0.7,881.7133393
368,v,-0.7,919.3646889
368,v,-0.35,908.9904747
368,v,-0.15,903.9702703
368,v,-0.05,901.6772416
368,v,0.05,899.5177485
368,v,0.15,897.4840145
368,v,0.35,893.7649556
368,v,0.7,888.2397342
368,d4,0.008,909.3175218
368,d4,0.025,928.3132937
368,d4,0.06,969.4129022
368,dc,-0.06,900.5813001
368,dc,-0.025,900.5813001
368,dc,-0.008,900.5813001
368,dc,0.008,900.5813001
368,dc,0.025,900.5813001
368,dc,0.06,900.5813001
369,f0,0,910.2574679
369,u,-0.7,960.056958
369,u,-0.35,930.2406142
369,u,-0.15,917.8977261
369,u,-0.05,912.6692643
369,u,0.05,907.9698283
369,u,0.15,903.7381039
369,u,0.35,896.4735274
369,u,0.7,887.2882647
369,v,-0.7,929.8573744
369,v,-0.35,919.032191
369,v,-0.15,913.7937574
369,v,-0.05,911.4010503
369,v,0.05,909.1476835
369,v,0.15,907.0255427
369,v,0.35,903.1448156
369,v,0.7,897.3794117
369,d4,0.008,919.0225795
369,d4,0.025,938.0894211
369,d4,0.06,979.3710129
369,dc,-0.06,910.2574679
369,dc,-0.025,910.2574679
369,dc,-0.008,910.2574679
369,dc,0.008,910.2574679
369,dc,0.025,910.2574679
369,dc,0.06,910.2574679
370,f0,0,916.5794312
370,u,-0.7,970.8467412
370,u,-0.35,938.2536211
370,u,-0.15,924.8506335
370,u,-0.05,919.188339
370,u,0.05,914.1065692
370,u,0.15,909.5366594
370,u,0.35,901.7048569
370,u,0.7,891.7622073
370,v,-0.7,937.6050091
370,v,-0.35,925.9924161
370,v,-0.15,920.3729457
370,v,-0.05,917.8061962
370,v,0.05,915.3889225
370,v,0.15,913.1124199
370,v,0.35,908.9494139
370,v,0.7,902.7646421
370,d4,0.008,925.3639703
370,d4,0.025,944.4758397
370,d4,0.06,985.8648736
370,dc,-0.06,916.5794312
370,dc,-0.025,916.5794312
370,dc,-0.008,916.5794312
370,dc,0.008,916.5794312
370,dc,0.025,916.5794312
370,dc,0.06,916.5794312
371,f0,0,918.0824063
371,u,-0.7,965.3286793
371,u,-0.35,936.8587501
371,u,-0.15,925.2321519
371,u,-0.05,920.3354704
371,u,0.05,915.94864
371,u,0.15,912.0100291
371,u,0.35,905.67346
371,u,0.7,897.34698
371,v,-0.7,943.8091192
371,v,-0.35,929.6000522
371,v,-0.15,922.7241174
371,v,-0.05,919.5834652
371,v,0.05,916.6257103
371,v,0.15,913.8402017
371,v,0.35,908.7463839
371,v,0.7,901.1787513
371,d4,0.008,926.8383526
371,d4,0.025,945.8816146
371,d4,0.06,987.0998307
371,dc,-0.06,918.0824063
371,dc,-0.025,918.0824063
371,dc,-0.008,918.0824063
371,dc,0.008,918.0824063
371,dc,0.025,918.0824063
371,dc,0.06,918.0824063
372,f0,0,940.0294269
372,u,-0.7,1003.209491
372,u,-0.35,965.0314389
372,u,-0.15,949.5356234
372,u,-0.05,943.0232997
372,u,0.05,937.1955314
372,u,0.15,931.9682167
372,u,0.35,923.0389655
372,u,0.7,911.9532777
372,v,-0.7,969.7079131
372,v,-0.35,953.3162504
372,v,-0.15,945.384132
372,v,-0.05,941.7610573
372,v,0.05,938.348974
372,v,0.15,935.135595
372,v,0.35,929.2593371
372,v,0.7,920.529272
372,d4,0.008,948.8553156
372,d4,0.025,968.0615438
372,d4,0.06,1009.67115
372,dc,-0.06,940.0294269
372,dc,-0.025,940.0294269
372,dc,-0.008,940.0294269
372,dc,0.008,940.0294269
372,dc,0.025,940.0294269
372,dc,0.06,940.0294269
373,f0,0,981.2253359
373,u,-0.7,1144.317677
373,u,-0.35,1035.992016
373,u,-0.15,1000.769315
373,u,-0.05,987.2205745
373,u,0.05,975.6820347
373,u,0.15,965.7847116
373,u,0.35,949.828507
373,u,0.7,930.4643658
373,v,-0.7,985.7652484
373,v,-0.35,983.2578188
373,v,-0.15,982.0444441
373,v,-0.05,981.4902231
373,v,0.05,980.9682773
373,v,0.15,980.4767273
373,v,0.35,979.5778373
373,v,0.7,978.2424008
373,d4,-0.05,921.366871
373,d4,-0.025,950.5487327
373,d4,-0.008,971.2386273
373,d4,0.008,991.3781499
373,d4,0.025,1013.525082
373,d4,0.06,1061.745049
373,dc,-0.06,981.2253359
373,dc,-0.025,981.2253359
373,dc,-0.008,981.2253359
373,dc,0.008,981.2253359
373,dc,0.025,981.2253359
373,dc,0.06,981.2253359
374,f0,0,971.049707
374,u,-0.7,1156.552602
374,u,-0.35,1032.851614
374,u,-0.15,993.081324
374,u,-0.05,977.8076412
374,u,0.05,964.8002982
374,u,0.15,953.6370831
374,u,0.35,935.6112135
374,u,0.7,913.6363261
374,v,-0.7,975.6002966
374,v,-0.35,973.08697
374,v,-0.15,971.8707417
374,v,-0.05,971.3152172
374,v,0.05,970.7920439
374,v,0.15,970.2993379
374,v,0.35,969.3983338
374,v,0.7,968.0597566
374,d4,-0.03,935.406171
374,d4,-0.025,941.2006016
374,d4,-0.008,961.3351926
374,d4,0.008,980.9229848
374,d4,0.025,1002.45018
374,d4,0.06,1049.272681
374,dc,-0.06,971.049707
374,dc,-0.025,971.049707
374,dc,-0.008,971.049707
374,dc,0.008,971.049707
374,dc,0.025,971.049707
374,dc,0.06,971.049707
375,f0,0,990.8161855
375,u,-0.7,1125.276495
375,u,-0.35,1036.710251
375,u,-0.15,1007.259082
375,u,-0.05,995.8662855
375,u,0.05,986.1427895
375,u,0.15,977.7912232
375,u,0.35,964.3175343
375,u,0.7,947.9866096
375,v,-0.7,995.4507022
375,v,-0.35,992.891022
375,v,-0.15,991.6523626
375,v,-0.05,991.0865925
375,v,0.05,990.5537702
375,v,0.15,990.0519772
375,v,0.35,989.1343557
375,v,0.7,987.771091
375,d4,-0.06,917.862563
375,d4,-0.025,959.3412457
375,d4,-0.008,980.5668156
375,d4,0.008,1001.238824
375,d4,0.025,1023.984289
375,d4,0.06,1073.555883
375,dc,-0.06,990.8161855
375,dc,-0.025,990.8161855
375,dc,-0.008,990.8161855
375,dc,0.008,990.8161855
375,dc,0.025,990.8161855
375,dc,0.06,990.8161855
376,f0,0,974.925577
376,u,-0.7,1128.25613
376,u,-0.35,1044.994734
376,u,-0.15,999.8784262
376,u,-0.05,982.5786252
376,u,0.05,967.8480542
376,u,0.15,955.2021064
376,u,0.35,934.7598182
376,u,0.7,909.7600672
376,v,-0.7,979.6027694
376,v,-0.35,977.019519
376,v,-0.15,975.7694538
376,v,-0.05,975.1984739
376,v,0.05,974.6607454
376,v,0.15,974.1543317
376,v,0.35,973.2282605
376,v,0.7,971.8524426
376,d4,-0.02,951.0829307
376,d4,-0.008,965.2742911
376,d4,0.008,984.7337678
376,d4,0.025,1006.115992
376,d4,0.06,1052.607432
376,dc,-0.06,974.925577
376,dc,-0.025,974.925577
376,dc,-0.008,974.925577
376,dc,0.008,974.925577
376,dc,0.025,974.925577
376,dc,0.06,974.925577
377,f0,0,972.7371945
377,u,-0.7,1099.75045
377,u,-0.35,1039.253266
377,u,-0.15,998.6964755
377,u,-0.05,980.7189146
377,u,0.05,965.3388319
377,u,0.15,952.076505
377,u,0.35,930.5079387
377,u,0.7,903.8705472
377,v,-0.7,977.5285947
377,v,-0.35,974.8822664
377,v,-0.15,973.6016771
377,v,-0.05,973.016755
377,v,0.05,972.4658962
377,v,0.15,971.9471169
377,v,0.35,970.9984329
377,v,0.7,969.5890202
377,d4,-0.01,960.8684036
377,d4,-0.008,963.2233754
377,d4,0.008,982.4041814
377,d4,0.025,1003.473234
377,d4,0.06,1049.257779
377,dc,-0.06,963.4433096
377,dc,-0.025,972.7371945
377,dc,-0.008,972.7371945
377,dc,0.008,972.7371945
377,dc,0.025,972.7371945
377,dc,0.06,972.7371945
378,f0,0,1011.143988
378,u,-0.7,1223.630526
378,u,-0.35,1078.495923
378,u,-0.15,1034.704512
378,u,-0.05,1018.313659
378,u,0.05,1004.56123
378,u,0.15,992.9216602
378,u,0.35,974.4774229
378,u,0.7,952.6743022
378,v,-0.7,1016.621811
378,v,-0.35,1013.596366
378,v,-0.15,1012.132318
378,v,-0.05,1011.463599
378,v,0.05,1010.833824
378,v,0.15,1010.240723
378,v,0.35,1009.156129
378,v,0.7,1007.544802
378,d4,-0.06,936.7912878
378,d4,-0.025,979.0515581
378,d4,-0.008,1000.691456
378,d4,0.008,1021.775175
378,d4,0.025,1044.982253
378,d4,0.06,1095.588329
378,dc,-0.06,1011.143988
378,dc,-0.025,1011.143988
378,dc,-0.008,1011.143988
378,dc,0.008,1011.143988
378,dc,0.025,1011.143988
378,dc,0.06,1011.143988
379,f0,0,1022.522211
379,u,-0.7,1330.518447
379,u,-0.35,1113.9834
379,u,-0.15,1053.963516
379,u,-0.05,1032.031483
379,u,0.05,1013.834511
379,u,0.15,998.5696048
379,u,0.35,974.6132186
379,u,0.7,946.6005787
379,v,-0.7,1028.075124
379,v,-0.35,1025.008206
379,v,-0.15,1023.524089
379,v,-0.05,1022.846203
379,v,0.05,1022.207794
379,v,0.15,1021.606564
379,v,0.35,1020.507102
379,v,0.7,1018.873687
379,d4,-0.05,959.8023343
379,d4,-0.025,990.3582332
379,d4,-0.008,1012.046657
379,d4,0.008,1033.176456
379,d4,0.025,1056.432376
379,d4,0.06,1107.136136
379,dc,-0.06,1022.522211
379,dc,-0.025,1022.522211
379,dc,-0.008,1022.522211
379,dc,0.008,1022.522211
379,dc,0.025,1022.522211
379,dc,0.06,1022.522211
380,f0,0,1018.591561
380,u,-0.7,1265.275821
380,u,-0.35,1130.088381
380,u,-0.15,1056.460698
380,u,-0.05,1030.000036
380,u,0.05,1008.19988
380,u,0.15,990.0063197
380,u,0.35,961.5908983
380,u,0.7,928.4786006
380,v,-0.7,1024.1536
380,v,-0.35,1021.081642
380,v,-0.15,1019.595085
380,v,-0.05,1018.916085
380,v,0.05,1018.276627
380,v,0.15,1017.674409
380,v,0.35,1016.573141
380,v,0.7,1014.937041
380,d4,-0.025,987.1361235
380,d4,-0.008,1008.34975
380,d4,0.008,1029.005087
380,d4,0.025,1051.724983
380,d4,0.06,1101.20887
380,dc,-0.06,1018.591561
380,dc,-0.025,1018.591561
380,dc,-0.008,1018.591561
380,dc,0.008,1018.591561
380,dc,0.025,1018.591561
380,dc,0.06,1018.591561
381,f0,0,1017.968011
381,u,-0.7,1151.051891
381,u,-0.35,1074.027215
381,u,-0.15,1040.313692
381,u,-0.05,1025.726713
381,u,0.05,1006.7544
381,u,0.15,986.9902501
381,u,0.35,955.7338603
381,u,0.7,918.5494407
381,v,-0.7,1023.539216
381,v,-0.35,1020.462195
381,v,-0.15,1018.973189
381,v,-0.05,1018.29307
381,v,0.05,1017.652559
381,v,0.15,1017.049348
381,v,0.35,1015.946265
381,v,0.7,1014.307469
381,d4,-0.005,1011.7134
381,d4,0.008,1028.108962
381,d4,0.025,1050.22213
381,d4,0.06,1098.326352
381,dc,-0.06,985.6710679
381,dc,-0.025,1004.589168
381,dc,-0.008,1014.267257
381,dc,0.008,1017.968011
381,dc,0.025,1017.968011
381,dc,0.06,1017.968011
382,f0,0,1033.563464
382,u,-0.7,1259.137476
382,u,-0.35,1104.485794
382,u,-0.15,1058.30079
382,u,-0.05,1041.082182
382,u,0.05,1026.66768
382,u,0.15,1014.493235
382,u,0.35,995.2559436
382,u,0.7,972.6216614
382,v,-0.7,1039.301824
382,v,-0.35,1036.132483
382,v,-0.15,1034.598801
382,v,-0.05,1033.898276
382,v,0.05,1033.238547
382,v,0.15,1032.617238
382,v,0.35,1031.481059
382,v,0.7,1029.793093
382,d4,-0.06,956.7080966
382,d4,-0.025,1000.367465
382,d4,-0.008,1022.747662
382,d4,0.008,1044.567901
382,d4,0.025,1068.602874
382,d4,0.06,1121.076035
382,dc,-0.06,1033.563464
382,dc,-0.025,1033.563464
382,dc,-0.008,1033.563464
382,dc,0.008,1033.563464
382,dc,0.025,1033.563464
382,dc,0.06,1033.563464
383,f0,0,1026.92373
383,u,-0.7,1213.358261
383,u,-0.35,1132.533772
383,u,-0.15,1071.002445
383,u,-0.05,1040.167877
383,u,0.05,1014.883426
383,u,0.15,993.8507261
383,u,0.35,961.0912411
383,u,0.7,922.9626485
383,v,-0.7,1032.683055
383,v,-0.35,1029.502134
383,v,-0.15,1027.962849
383,v,-0.05,1027.259765
383,v,0.05,1026.597625
383,v,0.15,1025.974046
383,v,0.35,1024.833716
383,v,0.7,1023.139583
383,d4,-0.01,1014.210157
383,d4,-0.008,1016.732078
383,d4,0.008,1037.284969
383,d4,0.025,1059.886168
383,d4,0.06,1109.088685
383,dc,-0.06,1026.92373
383,dc,-0.025,1026.92373
383,dc,-0.008,1026.92373
383,dc,0.008,1026.92373
383,dc,0.025,1026.92373
383,dc,0.06,1026.92373
384,f0,0,1039.527891
384,u,-0.7,1368.201549
384,u,-0.35,1135.928967
384,u,-0.15,1072.544141
384,u,-0.05,1049.499149
384,u,0.05,1030.429404
384,u,0.15,1014.469839
384,u,0.35,989.4981034
384,u,0.7,960.431997
384,v,-0.7,1045.37318
384,v,-0.35,1042.144781
384,v,-0.15,1040.58252
384,v,-0.05,1039.868942
384,v,0.05,1039.19692
384,v,0.15,1038.564033
384,v,0.35,1037.406682
384,v,0.7,1035.687263
384,d4,-0.06,963.1758356
384,d4,-0.025,1006.557205
384,d4,-0.008,1028.786944
384,d4,0.008,1050.45467
384,d4,0.025,1074.31458
384,d4,0.06,1126.378147
384,dc,-0.06,1039.527891
384,dc,-0.025,1039.527891
384,dc,-0.008,1039.527891
384,dc,0.008,1039.527891
384,dc,0.025,1039.527891
384,dc,0.06,1039.527891
385,f0,0,1028.66449
385,u,-0.7,1345.812586
385,u,-0.35,1150.807576
385,u,-0.15,1069.768996
385,u,-0.05,1041.006911
385,u,0.05,1017.452552
385,u,0.15,997.8926177
385,u,0.35,967.5203452
385,u,0.7,932.4008452
385,v,-0.7,1034.665434
385,v,-0.35,1031.351065
385,v,-0.15,1029.747203
385,v,-0.05,1029.014623
385,v,0.05,1028.324705
385,v,0.15,1027.674965
385,v,0.35,1026.486794
385,v,0.7,1024.721589
385,d4,-0.025,996.84688
385,d4,-0.008,1018.303793
385,d4,0.008,1039.199838
385,d4,0.025,1062.188782
385,d4,0.06,1112.273851
385,dc,-0.06,1028.66449
385,dc,-0.025,1028.66449
385,dc,-0.008,1028.66449
385,dc,0.008,1028.66449
385,dc,0.025,1028.66449
385,dc,0.06,1028.66449
386,f0,0,1046.8884
386,u,-0.7,1249.641351
386,u,-0.35,1162.971418
386,u,-0.15,1096.058639
386,u,-0.05,1061.594515
386,u,0.05,1033.569401
386,u,0.15,1010.417929
386,u,0.35,974.649716
386,u,0.7,933.4714255
386,v,-0.7,1052.907337
386,v,-0.35,1049.583031
386,v,-0.15,1047.974359
386,v,-0.05,1047.239583
386,v,0.05,1046.547596
386,v,0.15,1045.895908
386,v,0.35,1044.704175
386,v,0.7,1042.933676
386,d4,-0.015,1027.413298
386,d4,-0.008,1036.426415
386,d4,0.008,1057.526743
386,d4,0.025,1080.740298
386,d4,0.06,1131.313069
386,dc,-0.06,1046.8884
386,dc,-0.025,1046.8884
386,dc,-0.008,1046.8884
386,dc,0.008,1046.8884
386,dc,0.025,1046.8884
386,dc,0.06,1046.8884
387,f0,0,1074.076403
387,u,-0.7,1418.564706
387,u,-0.35,1173.239389
387,u,-0.15,1107.79078
387,u,-0.05,1084.226165
387,u,0.05,1064.842167
387,u,0.15,1048.713591
387,u,0.35,1023.685515
387,u,0.7,994.9756568
387,v,-0.7,1080.208725
387,v,-0.35,1076.821795
387,v,-0.15,1075.18282
387,v,-0.05,1074.434201
387,v,0.05,1073.729179
387,v,0.15,1073.065214
387,v,0.35,1071.851031
387,v,0.7,1070.04718
387,d4,-0.06,993.1004737
387,d4,-0.025,1039.064737
387,d4,-0.008,1062.663163
387,d4,0.008,1085.694446
387,d4,0.025,1111.089571
387,d4,0.06,1166.625932
387,dc,-0.06,1074.076403
387,dc,-0.025,1074.076403
387,dc,-0.008,1074.076403
387,dc,0.008,1074.076403
387,dc,0.025,1074.076403
387,dc,0.06,1074.076403
388,f0,0,1067.220036
388,u,-0.7,1469.711519
388,u,-0.35,1199.427395
388,u,-0.15,1111.123208
388,u,-0.05,1080.333823
388,u,0.05,1055.362083
388,u,0.15,1034.808009
388,u,0.35,1003.266102
388,u,0.7,967.4891743
388,v,-0.7,1073.39304
388,v,-0.35,1069.983641
388,v,-0.15,1068.333793
388,v,-0.05,1067.580208
388,v,0.05,1066.870508
388,v,0.15,1066.202139
388,v,0.35,1064.979901
388,v,0.7,1063.164083
388,d4,-0.057,992.1035316
388,d4,-0.025,1033.161691
388,d4,-0.008,1056.121821
388,d4,0.008,1078.513139
388,d4,0.025,1103.182919
388,d4,0.06,1157.060196
388,dc,-0.06,1067.220036
388,dc,-0.025,1067.220036
388,dc,-0.008,1067.220036
388,dc,0.008,1067.220036
388,dc,0.025,1067.220036
388,dc,0.06,1067.220036
389,f0,0,1054.693233
389,u,-0.7,1229.202054
389,u,-0.35,1136.980691
389,u,-0.15,1096.665296
389,u,-0.05,1070.48109
389,u,0.05,1040.378953
389,u,0.15,1015.455083
389,u,0.35,976.8102272
389,u,0.7,932.0135584
389,v,-0.7,1060.937335
389,v,-0.35,1057.488668
389,v,-0.15,1055.819818
389,v,-0.05,1055.057553
389,v,0.05,1054.33968
389,v,0.15,1053.663612
389,v,0.35,1052.427297
389,v,0.7,1050.590565
389,d4,-0.005,1048.170944
389,d4,0.008,1065.270726
389,d4,0.025,1088.346626
389,d4,0.06,1138.595654
389,dc,-0.06,1033.096712
389,dc,-0.025,1054.684981
389,dc,-0.008,1054.693233
389,dc,0.008,1054.693233
389,dc,0.025,1054.693233
389,dc,0.06,1054.693233
390,f0,0,1090.041523
390,u,-0.7,1376.410457
390,u,-0.35,1256.169287
390,u,-0.15,1144.21074
390,u,-0.05,1106.12661
390,u,0.05,1075.562748
390,u,0.15,1050.605784
390,u,0.35,1012.616196
390,u,0.7,969.8742887
390,v,-0.7,1096.339762
390,v,-0.35,1092.861195
390,v,-0.15,1091.177875
390,v,-0.05,1090.409002
390,v,0.05,1089.684905
390,v,0.15,1089.002975
390,v,0.35,1087.755942
390,v,0.7,1085.903285
390,d4,-0.048,1025.129756
390,d4,-0.025,1055.409157
390,d4,-0.008,1078.755495
390,d4,0.008,1101.526454
390,d4,0.025,1126.617667
390,d4,0.06,1181.425702
390,dc,-0.06,1090.041523
390,dc,-0.025,1090.041523
390,dc,-0.008,1090.041523
390,dc,0.008,1090.041523
390,dc,0.025,1090.041523
390,dc,0.06,1090.041523
391,f0,0,1116.351041
391,u,-0.7,1310.335961
391,u,-0.35,1208.931144
391,u,-0.15,1164.646936
391,u,-0.05,1137.645595
391,u,0.05,1097.359773
391,u,0.15,1064.998128
391,u,0.35,1016.566942
391,u,0.7,963.0710929
391,v,-0.7,1122.986461
391,v,-0.35,1119.321666
391,v,-0.15,1117.548229
391,v,-0.05,1116.738194
391,v,0.05,1115.975331
391,v,0.15,1115.256894
391,v,0.35,1113.9431
391,v,0.7,1111.99126
391,d4,-0.025,1081.319335
391,d4,-0.008,1104.935429
391,d4,0.008,1127.967248
391,d4,0.025,1153.343042
391,d4,0.06,1208.761013
391,dc,-0.06,1091.706033
391,dc,-0.025,1116.351041
391,dc,-0.008,1116.351041
391,dc,0.008,1116.351041
391,dc,0.025,1116.351041
391,dc,0.06,1116.351041
392,f0,0,1092.060218
392,u,-0.7,1271.581967
392,u,-0.35,1166.854345
392,u,-0.15,1121.067266
392,u,-0.05,1101.268975
392,u,0.05,1083.282932
392,u,0.15,1066.942502
392,u,0.35,1018.902333
392,u,0.7,961.7326407
392,v,-0.7,1098.815563
392,v,-0.35,1095.084533
392,v,-0.15,1093.279043
392,v,-0.05,1092.454368
392,v,0.05,1091.677718
392,v,0.15,1090.946296
392,v,0.35,1089.608757
392,v,0.7,1087.62164
392,d4,-0.015,1071.065643
392,d4,-0.008,1080.776748
392,d4,0.008,1103.546287
392,d4,0.025,1128.652775
392,d4,0.06,1183.552493
392,dc,-0.06,1053.673484
392,dc,-0.025,1075.474805
392,dc,-0.008,1086.655676
392,dc,0.008,1097.559701
392,dc,0.025,1109.573445
392,dc,0.06,1124.248819
393,f0,0,1280.497916
393,u,-0.7,1850.754637
393,u,-0.35,1430.659362
393,u,-0.15,1330.249351
393,u,-0.05,1295.327185
393,u,0.05,1267.121919
393,u,0.15,1244.035308
393,u,0.35,1208.963899
393,u,0.7,1170.063261
393,v,-0.7,1289.463824
393,v,-0.35,1284.511882
393,v,-0.15,1282.115579
393,v,-0.05,1281.021043
393,v,0.05,1279.990249
393,v,0.15,1279.019483
393,v,0.35,1277.244258
393,v,0.7,1274.606894
393,d4,-0.06,1173.81569
393,d4,-0.025,1234.097304
393,d4,-0.008,1265.325967
393,d4,0.008,1295.988067
393,d4,0.025,1330.009015
393,d4,0.06,1405.190301
393,dc,-0.06,1280.497916
393,dc,-0.025,1280.497916
393,dc,-0.008,1280.497916
393,dc,0.008,1280.497916
393,dc,0.025,1280.497916
393,dc,0.06,1280.497916
394,f0,0,1268.91545
394,u,-0.7,2236.783986
394,u,-0.35,1531.371671
394,u,-0.15,1350.054266
394,u,-0.05,1292.565973
394,u,0.05,1247.949286
394,u,0.15,1212.538535
394,u,0.35,1160.477283
394,u,0.7,1104.841193
394,v,-0.7,1277.924088
394,v,-0.35,1272.948546
394,v,-0.15,1270.540823
394,v,-0.05,1269.441071
394,v,0.05,1268.405364
394,v,0.15,1267.429971
394,v,0.35,1265.646286
394,v,0.7,1262.996353
394,d4,-0.06,1166.517887
394,d4,-0.025,1224.441154
394,d4,-0.008,1254.384013
394,d4,0.008,1283.740968
394,d4,0.025,1316.264258
394,d4,0.06,1387.950956
394,dc,-0.06,1268.91545
394,dc,-0.025,1268.91545
394,dc,-0.008,1268.91545
394,dc,0.008,1268.91545
394,dc,0.025,1268.91545
394,dc,0.06,1268.91545
395,f0,0,1066.44097
395,u,-0.7,2023.138629
395,u,-0.35,1310.615449
395,u,-0.15,1139.461446
395,u,-0.05,1087.524531
395,u,0.05,1047.877687
395,u,0.15,1016.774248
395,u,0.35,971.5183166
395,u,0.7,923.4932931
395,v,-0.7,1075.469489
395,v,-0.35,1070.482967
395,v,-0.15,1068.06993
395,v,-0.05,1066.967751
395,v,0.05,1065.929758
395,v,0.15,1064.952213
395,v,0.35,1063.164591
395,v,0.7,1060.50881
395,d4,0.008,1077.513501
395,d4,0.025,1101.689431
395,d4,0.06,1154.430986
395,dc,-0.06,1066.44097
395,dc,-0.025,1066.44097
395,dc,-0.008,1066.44097
395,dc,0.008,1066.44097
395,dc,0.025,1066.44097
395,dc,0.06,1066.44097
396,f0,0,1316.879231
396,u,-0.7,1921.735161
396,u,-0.35,1754.047514
396,u,-0.15,1448.780433
396,u,-0.05,1354.161718
396,u,0.05,1284.574393
396,u,0.15,1231.514623
396,u,0.35,1156.64259
396,u,0.7,1080.191306
396,v,-0.7,1326.002234
396,v,-0.35,1320.963528
396,v,-0.15,1318.525238
396,v,-0.05,1317.411525
396,v,0.05,1316.362669
396,v,0.15,1315.374894
396,v,0.35,1313.568565
396,v,0.7,1310.884991
396,d4,-0.06,1211.561015
396,d4,-0.025,1271.132058
396,d4,-0.008,1301.931259
396,d4,0.008,1332.130295
396,d4,0.025,1365.588993
396,d4,0.06,1439.345051
396,dc,-0.06,1316.879231
396,dc,-0.025,1316.879231
396,dc,-0.008,1316.879231
396,dc,0.008,1316.879231
396,dc,0.025,1316.879231
396,dc,0.06,1316.879231
397,f0,0,1439.764724
397,u,-0.7,1754.790394
397,u,-0.35,1576.677569
397,u,-0.15,1499.064917
397,u,-0.05,1465.572856
397,u,0.05,1385.985161
397,u,0.15,1301.383362
397,u,0.35,1189.098278
397,u,0.7,1081.769064
397,v,-0.7,1449.202695
397,v,-0.35,1443.990029
397,v,-0.15,1441.467558
397,v,-0.05,1440.315394
397,v,0.05,1439.230327
397,v,0.15,1438.20845
397,v,0.35,1436.339758
397,v,0.7,1433.563534
397,d4,-0.06,1311.991483
397,d4,-0.025,1389.279422
397,d4,-0.008,1423.2547
397,d4,0.008,1456.6232
397,d4,0.025,1493.65619
397,d4,0.06,1575.519019
397,dc,-0.06,1368.7113
397,dc,-0.025,1414.371837
397,dc,-0.008,1438.31023
397,dc,0.008,1439.764724
397,dc,0.025,1439.764724
397,dc,0.06,1439.764724
398,f0,0,1348.103725
398,u,-0.7,1664.537122
398,u,-0.35,1479.704274
398,u,-0.15,1399.090016
398,u,-0.05,1364.282012
398,u,0.05,1332.691157
398,u,0.15,1304.019811
398,u,0.35,1192.49822
398,u,0.7,1069.71079
398,v,-0.7,1357.741963
398,v,-0.35,1352.418688
398,v,-0.15,1349.842693
398,v,-0.05,1348.666081
398,v,0.05,1347.55799
398,v,0.15,1346.514429
398,v,0.35,1344.606085
398,v,0.7,1341.770952
398,d4,-0.04,1270.84156
398,d4,-0.025,1298.87103
398,d4,-0.008,1331.992199
398,d4,0.008,1364.56659
398,d4,0.025,1400.771038
398,d4,0.06,1481.003365
398,dc,-0.06,1284.644776
398,dc,-0.025,1320.470946
398,dc,-0.008,1339.063105
398,dc,0.008,1357.339268
398,dc,0.025,1377.642015
398,dc,0.06,1422.599114
399,f0,0,1202.653459
399,u,-0.7,1963.571249
399,u,-0.35,1774.026694
399,u,-0.15,1354.218521
399,u,-0.05,1244.188731
399,u,0.05,1167.440112
399,u,0.15,1111.084938
399,u,0.35,1034.456869
399,u,0.7,959.2630817
399,v,-0.7,1212.503709
399,v,-0.35,1207.063338
399,v,-0.15,1204.430679
399,v,-0.05,1203.228185
399,v,0.05,1202.095719
399,v,0.15,1201.029203
399,v,0.35,1199.07888
399,v,0.7,1196.181383
399,d4,0.008,1215.635463
399,d4,0.025,1244.041865
399,d4,0.06,1306.302581
399,dc,-0.06,1202.653459
399,dc,-0.025,1202.653459
399,dc,-0.008,1202.653459
399,dc,0.008,1202.653459
399,dc,0.025,1202.653459
399,dc,0.06,1202.653459
400,f0,0,986.7799308
400,u,-0.7,1253.748511
400,u,-0.35,1066.729634
400,u,-0.15,1014.317946
400,u,-0.05,995.1140426
400,u,0.05,979.1620494
400,u,0.15,965.7685921
400,u,0.35,944.7295369
400,u,0.7,920.0974042
400,v,-0.7,997.4002458
400,v,-0.35,991.5345618
400,v,-0.15,988.6960883
400,v,-0.05,987.399587
400,v,0.05,986.1785881
400,v,0.15,985.0286947
400,v,0.35,982.9259018
400,v,0.7,979.8018866
400,d4,-0.024,957.7710617
400,d4,-0.008,976.954257
400,d4,0.008,996.7671533
400,d4,0.025,1018.546178
400,d4,0.06,1065.932554
400,dc,-0.06,986.7799308
400,dc,-0.025,986.7799308
400,dc,-0.008,986.7799308
400,dc,0.008,986.7799308
400,dc,0.025,986.7799308
400,dc,0.06,986.7799308
401,f0,0,1038.256861
401,u,-0.7,1624.494642
401,u,-0.35,1180.526502
401,u,-0.15,1084.859681
401,u,-0.05,1052.115514
401,u,0.05,1025.768036
401,u,0.15,1004.210839
401,u,0.35,971.3270459
401,u,0.7,934.2348984
401,v,-0.7,1048.965354
401,v,-0.35,1043.050968
401,v,-0.15,1040.188928
401,v,-0.05,1038.881662
401,v,0.05,1037.650525
401,v,0.15,1036.491085
401,v,0.35,1034.370833
401,v,0.7,1031.22088
401,d4,-0.018,1015.059571
401,d4,-0.008,1027.839972
401,d4,0.008,1048.849839
401,d4,0.025,1071.966292
401,d4,0.06,1122.33779
401,dc,-0.06,1038.256861
401,dc,-0.025,1038.256861
401,dc,-0.008,1038.256861
401,dc,0.008,1038.256861
401,dc,0.025,1038.256861
401,dc,0.06,1038.256861
402,f0,0,1249.369394
402,u,-0.7,2160.612488
402,u,-0.35,1855.384797
402,u,-0.15,1404.690235
402,u,-0.05,1292.412153
402,u,0.05,1212.575682
402,u,0.15,1153.07384
402,u,0.35,1070.789313
402,u,0.7,988.0834346
402,v,-0.7,1260.681529
402,v,-0.35,1254.433747
402,v,-0.15,1251.410372
402,v,-0.05,1250.029415
402,v,0.05,1248.728879
402,v,0.15,1247.50408
402,v,0.35,1245.264308
402,v,0.7,1241.936791
402,d4,-0.007,1237.929633
402,d4,0.008,1262.672636
402,d4,0.025,1291.785273
402,d4,0.06,1355.60753
402,dc,-0.06,1249.369394
402,dc,-0.025,1249.369394
402,dc,-0.008,1249.369394
402,dc,0.008,1249.369394
402,dc,0.025,1249.369394
402,dc,0.06,1249.369394
403,f0,0,1156.138402
403,u,-0.7,2437.820628
403,u,-0.35,1506.651607
403,u,-0.15,1256.835021
403,u,-0.05,1184.889407
403,u,0.05,1131.028618
403,u,0.15,1089.359763
403,u,0.35,1029.536685
403,u,0.7,966.8594193
403,v,-0.7,1167.63033
403,v,-0.35,1161.283247
403,v,-0.15,1158.211819
403,v,-0.05,1156.808914
403,v,0.05,1155.487707
403,v,0.15,1154.243441
403,v,0.35,1151.968072
403,v,0.7,1148.587667
403,d4,-0.013,1136.870691
403,d4,-0.008,1144.216001
403,d4,0.008,1168.274985
403,d4,0.025,1194.803975
403,d4,0.06,1252.818764
403,dc,-0.06,1156.138402
403,dc,-0.025,1156.138402
403,dc,-0.008,1156.138402
403,dc,0.008,1156.138402
403,dc,0.025,1156.138402
403,dc,0.06,1156.138402
404,f0,0,1594.988201
404,u,-0.7,2114.927431
404,u,-0.35,1863.294075
404,u,-0.15,1753.791796
404,u,-0.05,1706.574876
404,u,0.05,1489.251938
404,u,0.15,1340.07872
404,u,0.35,1168.676941
404,u,0.7,1027.359659
404,v,-0.7,1606.694274
404,v,-0.35,1600.228917
404,v,-0.15,1597.100255
404,v,-0.05,1595.671207
404,v,0.05,1594.325381
404,v,0.15,1593.057929
404,v,0.35,1590.740159
404,v,0.7,1587.296763
404,d4,0.008,1613.826104
404,d4,0.025,1655.32174
404,d4,0.06,1747.580572
404,dc,-0.06,1556.648232
404,dc,-0.025,1594.988201
404,dc,-0.008,1594.988201
404,dc,0.008,1594.988201
404,dc,0.025,1594.988201
404,dc,0.06,1594.988201
405,f0,0,1603.684514
405,u,-0.7,2176.801968
405,u,-0.35,1893.321195
405,u,-0.15,1769.916395
405,u,-0.05,1716.691964
405,u,0.05,1508.930423
405,u,0.15,1370.144705
405,u,0.35,1202.563605
405,u,0.7,1056.671308
405,v,-0.7,1616.26925
405,v,-0.35,1609.318601
405,v,-0.15,1605.9551
405,v,-0.05,1604.418787
405,v,0.05,1602.971942
405,v,0.15,1601.609354
405,v,0.35,1599.117612
405,v,0.7,1595.415753
405,d4,-0.005,1592.483505
405,d4,0.008,1621.928171
405,d4,0.025,1662.064934
405,d4,0.06,1751.059501
405,dc,-0.06,1572.275705
405,dc,-0.025,1603.684514
405,dc,-0.008,1603.684514
405,dc,0.008,1603.684514
405,dc,0.025,1603.684514
405,dc,0.06,1603.684514
406,f0,0,1822.369086
406,u,-0.7,2398.421531
406,u,-0.35,2061.562804
406,u,-0.15,1914.957936
406,u,-0.05,1851.735244
406,u,0.05,1794.40496
406,u,0.15,1742.418687
406,u,0.35,1377.651831
406,u,0.7,1117.463484
406,v,-0.7,1836.365601
406,v,-0.35,1828.635215
406,v,-0.15,1824.894391
406,v,-0.05,1823.185731
406,v,0.05,1821.576577
406,v,0.15,1820.061132
406,v,0.35,1817.289861
406,v,0.7,1813.172721
406,d4,0.008,1854.371653
406,d4,0.025,1925.984544
406,d4,0.06,2091.013255
406,dc,-0.06,1682.791587
406,dc,-0.025,1760.337695
406,dc,-0.008,1801.854587
406,dc,0.008,1843.551388
406,dc,0.025,1890.937045
406,dc,0.06,2000.063995
407,f0,0,1856.136053
407,u,-0.7,2538.794853
407,u,-0.35,2139.666089
407,u,-0.15,1965.905605
407,u,-0.05,1890.954575
407,u,0.05,1822.97668
407,u,0.15,1761.322757
407,u,0.35,1654.688219
407,u,0.7,1237.084099
407,v,-0.7,1871.655751
407,v,-0.35,1863.084099
407,v,-0.15,1858.936176
407,v,-0.05,1857.04157
407,v,0.05,1855.257298
407,v,0.15,1853.576933
407,v,0.35,1850.504076
407,v,0.7,1845.938884
407,d4,0.008,1885.02732
407,d4,0.025,1949.306262
407,d4,0.06,2095.503254
407,dc,-0.06,1727.445039
407,dc,-0.025,1799.314097
407,dc,-0.008,1837.4096
407,dc,0.008,1875.404832
407,dc,0.025,1918.263866
407,dc,0.06,2015.688635
408,f0,0,895.776649
408,u,-0.7,998.0109409
408,u,-0.35,932.3862655
408,u,-0.15,909.153851
408,u,-0.05,899.9202239
408,u,0.05,891.9122463
408,u,0.15,884.9291521
408,u,0.35,873.4255307
408,u,0.7,858.9833792
408,v,-0.7,901.2661209
408,v,-0.35,898.2342422
408,v,-0.15,896.7670804
408,v,-0.05,896.0969395
408,v,0.05,895.4658246
408,v,0.15,894.8714629
408,v,0.35,893.7845627
408,v,0.7,892.169809
408,d4,0.008,904.762947
408,d4,0.025,924.324483
408,d4,0.06,966.7311907
408,dc,-0.06,895.776649
408,dc,-0.025,895.776649
408,dc,-0.008,895.776649
408,dc,0.008,895.776649
408,dc,0.025,895.776649
408,dc,0.06,895.776649
409,f0,0,952.450349
409,u,-0.7,1217.9979
409,u,-0.35,1033.281816
409,u,-0.15,980.4781194
409,u,-0.05,960.9575217
409,u,0.05,944.6531783
409,u,0.15,930.8901714
409,u,0.35,909.104137
409,u,0.7,883.249005
409,v,-0.7,960.0034595
409,v,-0.35,955.8318168
409,v,-0.15,953.8131098
409,v,-0.05,952.8910451
409,v,0.05,952.0226773
409,v,0.15,951.2048793
409,v,0.35,949.7093844
409,v,0.7,947.4876017
409,d4,0.008,962.0102132
409,d4,0.025,982.8429904
409,d4,0.06,1028.102651
409,dc,-0.06,952.450349
409,dc,-0.025,952.450349
409,dc,-0.008,952.450349
409,dc,0.008,952.450349
409,dc,0.025,952.450349
409,dc,0.06,952.450349
410,f0,0,1001.390861
410,u,-0.7,1385.895164
410,u,-0.35,1122.237744
410,u,-0.15,1042.308079
410,u,-0.05,1013.708318
410,u,0.05,990.1758746
410,u,0.15,970.5461109
410,u,0.35,939.8749681
410,u,0.7,904.0300289
410,v,-0.7,1009.711344
410,v,-0.35,1005.115875
410,v,-0.15,1002.892074
410,v,-0.05,1001.87633
410,v,0.05,1000.919739
410,v,0.15,1000.018855
410,v,0.35,998.3714226
410,v,0.7,995.9239136
410,d4,0.008,1011.433223
410,d4,0.025,1033.330019
410,d4,0.06,1080.957632
410,dc,-0.06,1001.390861
410,dc,-0.025,1001.390861
410,dc,-0.008,1001.390861
410,dc,0.008,1001.390861
410,dc,0.025,1001.390861
410,dc,0.06,1001.390861
411,f0,0,1002.268568
411,u,-0.7,1458.288996
411,u,-0.35,1138.865812
411,u,-0.15,1047.217079
411,u,-0.05,1015.658323
411,u,0.05,990.184362
411,u,0.15,969.2826576
411,u,0.35,937.2800036
411,u,0.7,900.9619345
411,v,-0.7,1010.684084
411,v,-0.35,1006.036128
411,v,-0.15,1003.786927
411,v,-0.05,1002.759582
411,v,0.05,1001.792065
411,v,0.15,1000.880892
411,v,0.35,999.2146432
411,v,0.7,996.7391798
411,d4,0.008,1012.441618
411,d4,0.025,1034.628565
411,d4,0.06,1082.91245
411,dc,-0.06,1002.268568
411,dc,-0.025,1002.268568
411,dc,-0.008,1002.268568
411,dc,0.008,1002.268568
411,dc,0.025,1002.268568
411,dc,0.06,1002.268568
412,f0,0,1184.020919
412,u,-0.7,1528.234616
412,u,-0.35,1383.499553
412,u,-0.15,1310.57537
412,u,-0.05,1219.649369
412,u,0.05,1153.219923
412,u,0.15,1102.728302
412,u,0.35,1031.501898
412,u,0.7,958.2640589
412,v,-0.7,1194.61322
412,v,-0.35,1188.763008
412,v,-0.15,1185.932022
412,v,-0.05,1184.638941
412,v,0.05,1183.421163
412,v,0.15,1182.274303
412,v,0.35,1180.177056
412,v,0.7,1177.061282
412,d4,0.008,1196.475016
412,d4,0.025,1223.705015
412,d4,0.06,1283.283842
412,dc,-0.06,1184.020919
412,dc,-0.025,1184.020919
412,dc,-0.008,1184.020919
412,dc,0.008,1184.020919
412,dc,0.025,1184.020919
412,dc,0.06,1184.020919
413,f0,0,1342.959283
413,u,-0.7,1641.436922
413,u,-0.35,1466.993395
413,u,-0.15,1390.991614
413,u,-0.05,1358.196655
413,u,0.05,1288.983831
413,u,0.15,1204.763299
413,u,0.35,1094.99056
413,u,0.7,991.8106762
413,v,-0.7,1354.710289
413,v,-0.35,1348.220115
413,v,-0.15,1345.079444
413,v,-0.05,1343.644911
413,v,0.05,1342.293918
413,v,0.15,1341.021602
413,v,0.35,1338.694935
413,v,0.7,1335.238322
413,d4,0.008,1358.004557
413,d4,0.025,1390.331134
413,d4,0.06,1461.462267
413,dc,-0.06,1272.958778
413,dc,-0.025,1312.343607
413,dc,-0.008,1332.919708
413,dc,0.008,1343.258226
413,dc,0.025,1343.258226
413,dc,0.06,1343.258226
414,f0,0,1430.067581
414,u,-0.7,1803.575689
414,u,-0.35,1585.261745
414,u,-0.15,1490.164003
414,u,-0.05,1449.131777
414,u,0.05,1367.038732
414,u,0.15,1269.232497
414,u,0.35,1142.096668
414,u,0.7,1022.431354
414,v,-0.7,1442.872115
414,v,-0.35,1435.80007
414,v,-0.15,1432.377824
414,v,-0.05,1430.814678
414,v,0.05,1429.342564
414,v,0.15,1427.956178
414,v,0.35,1425.420916
414,v,0.7,1421.654402
414,d4,0.008,1445.792901
414,d4,0.025,1479.856843
414,d4,0.06,1554.895053
414,dc,-0.06,1352.284784
414,dc,-0.025,1396.019834
414,dc,-0.008,1418.89773
414,dc,0.008,1430.262576
414,dc,0.025,1430.262576
414,dc,0.06,1430.262576
415,f0,0,1661.979202
415,u,-0.7,2327.799402
415,u,-0.35,1938.622817
415,u,-0.15,1769.112243
415,u,-0.05,1695.966614
415,u,0.05,1629.6061
415,u,0.15,1569.398327
415,u,0.35,1465.202644
415,u,0.7,1325.159425
415,v,-0.7,1678.310418
415,v,-0.35,1669.290558
415,v,-0.15,1664.925742
415,v,-0.05,1662.932068
415,v,0.05,1661.054497
415,v,0.15,1659.286267
415,v,0.35,1656.052731
415,v,0.7,1651.248827
415,d4,0.008,1681.168588
415,d4,0.025,1723.333954
415,d4,0.06,1816.602469
415,dc,-0.06,1577.940519
415,dc,-0.025,1625.414099
415,dc,-0.008,1650.02124
415,dc,0.008,1674.189836
415,dc,0.025,1701.014245
415,dc,0.06,1760.319398
416,f0,0,2074.244048
416,u,-0.7,3072.431753
416,u,-0.35,2488.707809
416,u,-0.15,2234.690274
416,u,-0.05,2125.135646
416,u,0.05,2025.778228
416,u,0.15,1935.665097
416,u,0.35,1779.799457
416,u,0.7,1570.523261
416,v,-0.7,2095.31738
416,v,-0.35,2083.678412
416,v,-0.15,2078.046179
416,v,-0.05,2075.4736
416,v,0.05,2073.050836
416,v,0.15,2070.769163
416,v,0.35,2066.596702
416,v,0.7,2060.397883
416,d4,0.008,2100.848237
416,d4,0.025,2159.58189
416,d4,0.06,2290.860958
416,dc,-0.06,1947.288297
416,dc,-0.025,2018.688179
416,dc,-0.008,2056.021195
416,dc,0.008,2092.906733
416,dc,0.025,2134.100619
416,dc,0.06,2226.140282
417,f0,0,2527.250228
417,u,-0.7,3754.733055
417,u,-0.35,3036.604044
417,u,-0.15,2724.357629
417,u,-0.05,2589.758652
417,u,0.05,2467.732492
417,u,0.15,2357.102594
417,u,0.35,2165.868164
417,u,0.7,1548.632987
417,v,-0.7,2559.191426
417,v,-0.35,2541.55005
417,v,-0.15,2533.01318
417,v,-0.05,2529.113879
417,v,0.05,2525.441656
417,v,0.15,2521.983286
417,v,0.35,2515.659018
417,v,0.7,2506.263365
417,d4,0.008,2571.100613
417,d4,0.025,2669.346636
417,d4,0.06,2896.384249
417,dc,-0.06,2311.280882
417,dc,-0.025,2431.117746
417,dc,-0.008,2495.431647
417,dc,0.008,2560.131869
417,dc,0.025,2633.789213
417,dc,0.06,2803.938257
418,f0,0,2519.055306
418,u,-0.7,4083.348646
418,u,-0.35,3168.47806
418,u,-0.15,2770.448768
418,u,-0.05,2598.793866
418,u,0.05,2443.117177
418,u,0.15,2301.921262
418,u,0.35,2057.673833
418,u,0.7,1729.584937
418,v,-0.7,2554.942849
418,v,-0.35,2535.121875
418,v,-0.15,2525.530272
418,v,-0.05,2521.149212
418,v,0.05,2517.023284
418,v,0.15,2513.137632
418,v,0.35,2506.031998
418,v,0.7,2495.475509
418,d4,0.008,2541.132429
418,d4,0.025,2589.314374
418,d4,0.06,2694.31104
418,dc,-0.06,2403.458894
418,dc,-0.025,2469.168196
418,dc,-0.008,2502.809215
418,dc,0.008,2535.57635
418,dc,0.025,2571.629197
418,dc,0.06,2650.179301
419,f0,0,3122.688441
419,u,-0.7,5263.501132
419,u,-0.35,4011.072832
419,u,-0.15,3466.502052
419,u,-0.05,3231.728518
419,u,0.05,3018.857463
419,u,0.15,2825.833068
419,u,0.35,2492.051918
419,u,0.7,2044.013441
419,v,-0.7,3162.053581
419,v,-0.35,3140.311903
419,v,-0.15,3129.790849
419,v,-0.05,3124.985252
419,v,0.05,3120.459511
419,v,0.15,3116.197329
419,v,0.35,3108.40314
419,v,0.7,3096.823701
419,d4,0.008,3150.655805
419,d4,0.025,3211.748667
419,d4,0.06,3345.146169
419,dc,-0.06,2967.536998
419,dc,-0.025,3055.652179
419,dc,-0.008,3100.844482
419,dc,0.008,3144.9151
419,dc,0.025,3193.46452
419,dc,0.06,3299.458167
420,f0,0,6058.214185
420,u,-0.7,10633.8042
420,u,-0.35,7954.897124
420,u,-0.15,6791.789436
420,u,-0.05,6290.793834
420,u,0.05,5836.814689
420,u,0.15,5425.425085
420,u,0.35,4714.759162
420,u,0.7,3762.766243
420,v,-0.7,6117.880581
420,v,-0.35,6084.926359
420,v,-0.15,6068.979423
420,v,-0.05,6061.6955
420,v,0.05,6054.835759
420,v,0.15,6048.375499
420,v,0.35,6036.561719
420,v,0.7,6019.01057
420,d4,0.008,6174.538808
420,d4,0.025,6437.248926
420,d4,0.06,7055.614602
420,dc,-0.06,5389.377072
420,dc,-0.025,5757.809591
420,dc,-0.008,5958.300198
420,dc,0.008,6161.974012
420,dc,0.025,6396.294763
420,dc,0.06,6947.772696
421,f0,0,5312.105797
421,u,-0.7,9439.157334
421,u,-0.35,7023.317543
421,u,-0.15,5974.054744
421,u,-0.05,5521.994038
421,u,0.05,5112.289754
421,u,0.15,4740.954999
421,u,0.35,4099.294534
421,u,0.7,3239.193348
421,v,-0.7,5388.20578
421,v,-0.35,5346.175157
421,v,-0.15,5325.836045
421,v,-0.05,5316.545951
421,v,0.05,5307.79687
421,v,0.15,5299.557296
421,v,0.35,5284.48971
421,v,0.7,5262.104545
421,d4,0.008,5372.543073
421,d4,0.025,5505.689678
421,d4,0.06,5801.902082
421,dc,-0.06,4950.164615
421,dc,-0.025,5154.085112
421,dc,-0.008,5260.336332
421,dc,0.008,5365.061072
421,dc,0.025,5481.719827
421,dc,0.06,5741.229812
422,f0,0,9535.330874
422,u,-0.7,17832.05252
422,u,-0.35,12973.27383
422,u,-0.15,10864.77437
422,u,-0.05,9956.795025
422,u,0.05,9134.158115
422,u,0.15,8388.810143
422,u,0.35,7101.506477
422,u,0.7,5377.589756
422,v,-0.7,9625.768218
422,v,-0.35,9575.818958
422,v,-0.15,9551.647923
422,v,-0.05,9540.60756
422,v,0.05,9530.210138
422,v,0.15,9520.418215
422,v,0.35,9502.511871
422,v,0.7,9475.909305
422,d4,0.008,9645.091832
422,d4,0.025,9887.043964
422,d4,0.06,10426.01982
422,dc,-0.06,8838.070852
422,dc,-0.025,9230.686212
422,dc,-0.008,9435.487123
422,dc,0.008,9637.500359
422,dc,0.025,9862.714415
422,dc,0.06,10364.38638
423,f0,0,932.5563289
423,u,-0.7,1126.605526
423,u,-0.35,995.5662757
423,u,-0.15,954.8326114
423,u,-0.05,939.3674665
423,u,0.05,926.2748578
423,u,0.15,915.095087
423,u,0.35,897.1504687
423,u,0.7,875.4398741
423,v,-0.7,939.6737359
423,v,-0.35,935.7427357
423,v,-0.15,933.8404785
423,v,-0.05,932.9716034
423,v,0.05,932.1533276
423,v,0.15,931.3827046
423,v,0.35,929.9734777
423,v,0.7,927.8798593
423,d4,0.008,941.8929097
423,d4,0.025,962.2321022
423,d4,0.06,1006.388298
423,dc,-0.06,932.5563289
423,dc,-0.025,932.5563289
423,dc,-0.008,932.5563289
423,dc,0.008,932.5563289
423,dc,0.025,932.5563289
423,dc,0.06,932.5563289
424,f0,0,965.4965341
424,u,-0.7,1289.839563
424,u,-0.35,1059.573591
424,u,-0.15,997.6826056
424,u,-0.05,975.217734
424,u,0.05,956.6233381
424,u,0.15,941.0464281
424,u,0.35,916.6119643
424,u,0.7,887.9710189
424,v,-0.7,973.1782143
424,v,-0.35,968.9355615
424,v,-0.15,966.882492
424,v,-0.05,965.9447318
424,v,0.05,965.0615826
424,v,0.15,964.229864
424,v,0.35,962.7089126
424,v,0.7,960.4493106
424,d4,0.008,975.2134384
424,d4,0.025,996.3930891
424,d4,0.06,1042.427428
424,dc,-0.06,965.4965341
424,dc,-0.025,965.4965341
424,dc,-0.008,965.4965341
424,dc,0.008,965.4965341
424,dc,0.025,965.4965341
424,dc,0.06,965.4965341
425,f0,0,1049.500068
425,u,-0.7,1591.509653
425,u,-0.35,1257.900513
425,u,-0.15,1114.309651
425,u,-0.05,1068.448289
425,u,0.05,1032.651741
425,u,0.15,1004.06088
425,u,0.35,961.5958277
425,u,0.7,915.2569131
425,v,-0.7,1058.192567
425,v,-0.35,1053.391631
425,v,-0.15,1051.068402
425,v,-0.05,1050.007244
425,v,0.05,1049.007882
425,v,0.15,1048.066719
425,v,0.35,1046.345629
425,v,0.7,1043.78869
425,d4,0.008,1060.311151
425,d4,0.025,1083.907805
425,d4,0.06,1135.344722
425,dc,-0.06,1049.500068
425,dc,-0.025,1049.500068
425,dc,-0.008,1049.500068
425,dc,0.008,1049.500068
425,dc,0.025,1049.500068
425,dc,0.06,1049.500068
426,f0,0,1124.055962
426,u,-0.7,1690.363619
426,u,-0.35,1436.849178
426,u,-0.15,1216.653916
426,u,-0.05,1150.736652
426,u,0.05,1100.589241
426,u,0.15,1061.293081
426,u,0.35,1004.04562
426,u,0.7,942.8551562
426,v,-0.7,1134.144569
426,v,-0.35,1128.572552
426,v,-0.15,1125.876187
426,v,-0.05,1124.644595
426,v,0.05,1123.484726
426,v,0.15,1122.392402
426,v,0.35,1120.394885
426,v,0.7,1117.427275
426,d4,0.008,1135.679257
426,d4,0.025,1161.068883
426,d4,0.06,1216.508293
426,dc,-0.06,1124.055962
426,dc,-0.025,1124.055962
426,dc,-0.008,1124.055962
426,dc,0.008,1124.055962
426,dc,0.025,1124.055962
426,dc,0.06,1124.055962
427,f0,0,1308.339549
427,u,-0.7,1919.586336
427,u,-0.35,1707.083341
427,u,-0.15,1525.579016
427,u,-0.05,1366.435088
427,u,0.05,1259.880936
427,u,0.15,1183.760341
427,u,0.35,1082.828785
427,u,0.7,986.1530481
427,v,-0.7,1320.446284
427,v,-0.35,1313.759639
427,v,-0.15,1310.523892
427,v,-0.05,1309.045933
427,v,0.05,1307.654043
427,v,0.15,1306.34321
427,v,0.35,1303.94611
427,v,0.7,1300.384858
427,d4,0.008,1322.558512
427,d4,0.025,1353.710059
427,d4,0.06,1422.166187
427,dc,-0.06,1308.339549
427,dc,-0.025,1308.339549
427,dc,-0.008,1308.339549
427,dc,0.008,1308.339549
427,dc,0.025,1308.339549
427,dc,0.06,1308.339549
428,f0,0,1600.416906
428,u,-0.7,2029.806193
428,u,-0.35,1778.70679
428,u,-0.15,1669.429073
428,u,-0.05,1622.305015
428,u,0.05,1543.500226
428,u,0.15,1378.830285
428,u,0.35,1191.28381
428,u,0.7,1037.698999
428,v,-0.7,1613.822891
428,v,-0.35,1606.41866
428,v,-0.15,1602.835665
428,v,-0.05,1601.199096
428,v,0.05,1599.657833
428,v,0.15,1598.206327
428,v,0.35,1595.551979
428,v,0.7,1591.608546
428,d4,0.008,1626.386768
428,d4,0.025,1684.215564
428,d4,0.06,1815.999023
428,dc,-0.06,1492.164122
428,dc,-0.025,1552.578777
428,dc,-0.008,1584.644002
428,dc,0.008,1616.654068
428,dc,0.025,1652.797416
428,dc,0.06,1661.105372
429,f0,0,1630.09659
429,u,-0.7,2168.651905
429,u,-0.35,1853.795105
429,u,-0.15,1716.70702
429,u,-0.05,1657.569921
429,u,0.05,1603.931619
429,u,0.15,1555.280276
429,u,0.35,1406.578768
429,u,0.7,1136.85454
429,v,-0.7,1645.482404
429,v,-0.35,1636.984697
429,v,-0.15,1632.872557
429,v,-0.05,1630.994296
429,v,0.05,1629.225416
429,v,0.15,1627.559547
429,v,0.35,1624.513199
429,v,0.7,1619.98739
429,d4,0.008,1652.990239
429,d4,0.025,1703.656302
429,d4,0.06,1817.526758
429,dc,-0.06,1532.462822
429,dc,-0.025,1587.255243
429,dc,-0.008,1616.023977
429,dc,0.008,1644.52949
429,dc,0.025,1676.461429
429,dc,0.06,1748.181952
430,f0,0,1909.029378
430,u,-0.7,2685.650519
430,u,-0.35,2231.50001
430,u,-0.15,2033.860636
430,u,-0.05,1948.623547
430,u,0.05,1871.323466
430,u,0.15,1801.219802
430,u,0.35,1679.980342
430,u,0.7,1383.978194
430,v,-0.7,1928.297607
430,v,-0.35,1917.655612
430,v,-0.15,1912.505825
430,v,-0.05,1910.153608
430,v,0.05,1907.938374
430,v,0.15,1905.852145
430,v,0.35,1902.037089
430,v,0.7,1896.36925
430,d4,0.008,1936.688339
430,d4,0.025,1998.032629
430,d4,0.06,2136.569399
430,dc,-0.06,1782.787187
430,dc,-0.025,1853.489117
430,dc,-0.008,1890.760237
430,dc,0.008,1927.791852
430,dc,0.025,1969.395017
430,dc,0.06,2063.302593
431,f0,0,1933.802093
431,u,-0.7,2778.94345
431,u,-0.35,2284.755195
431,u,-0.15,2069.668278
431,u,-0.05,1976.89797
431,u,0.05,1892.759796
431,u,0.15,1816.447935
431,u,0.35,1684.451161
431,u,0.7,1507.227195
431,v,-0.7,1954.087103
431,v,-0.35,1942.883531
431,v,-0.15,1937.461991
431,v,-0.05,1934.985648
431,v,0.05,1932.653516
431,v,0.15,1930.457197
431,v,0.35,1926.440821
431,v,0.7,1920.473891
431,d4,0.008,1959.550328
431,d4,0.025,2016.462673
431,d4,0.06,2144.012861
431,dc,-0.06,1814.716157
431,dc,-0.025,1881.617937
431,dc,-0.008,1916.672755
431,dc,0.008,1951.3575
431,dc,0.025,1990.152723
431,dc,0.06,2077.060469
432,f0,0,2300.284144
432,u,-0.7,3641.16469
432,u,-0.35,2857.041244
432,u,-0.15,2515.823421
432,u,-0.05,2368.65276
432,u,0.05,2235.171783
432,u,0.15,2114.098671
432,u,0.35,1904.640648
432,u,0.7,1623.241387
432,v,-0.7,2327.177656
432,v,-0.35,2312.324157
432,v,-0.15,2305.136374
432,v,-0.05,2301.853281
432,v,0.05,2298.761382
432,v,0.15,2295.84954
432,v,0.35,2290.5247
432,v,0.7,2282.613848
432,d4,0.008,2322.085097
432,d4,0.025,2369.751675
432,d4,0.06,2474.042639
432,dc,-0.06,2189.796733
432,dc,-0.025,2252.494457
432,dc,-0.008,2284.703097
432,dc,0.008,2316.146772
432,dc,0.025,2350.825614
432,dc,0.06,2426.682275
433,f0,0,2496.016493
433,u,-0.7,4016.304705
433,u,-0.35,3127.148611
433,u,-0.15,2740.323234
433,u,-0.05,2573.506089
433,u,0.05,2422.221333
433,u,0.15,2285.013646
433,u,0.35,2047.680542
433,u,0.7,1728.931583
433,v,-0.7,2525.062922
433,v,-0.35,2509.020349
433,v,-0.15,2501.25716
433,v,-0.05,2497.711245
433,v,0.05,2494.371828
433,v,0.15,2491.226884
433,v,0.35,2485.475772
433,v,0.7,2476.931629
433,d4,0.008,2520.075715
433,d4,0.025,2572.715803
433,d4,0.06,2688.060702
433,dc,-0.06,2370.987213
433,dc,-0.025,2441.890326
433,dc,-0.008,2478.361727
433,dc,0.008,2513.998086
433,dc,0.025,2553.336722
433,dc,0.06,2639.517087
434,f0,0,2830.315567
434,u,-0.7,4690.690273
434,u,-0.35,3602.456571
434,u,-0.15,3129.16971
434,u,-0.05,2925.101105
434,u,0.05,2740.054141
434,u,0.15,2572.244646
434,u,0.35,2282.026237
434,u,0.7,1892.363447
434,v,-0.7,2863.180524
434,v,-0.35,2845.028948
434,v,-0.15,2836.245187
434,v,-0.05,2832.233116
434,v,0.05,2828.45469
434,v,0.15,2824.896303
434,v,0.35,2818.389132
434,v,0.7,2808.721752
434,d4,0.008,2856.14914
434,d4,0.025,2912.597865
434,d4,0.06,3035.936045
434,dc,-0.06,2690.609056
434,dc,-0.025,2769.931032
434,dc,-0.008,2810.635475
434,dc,0.008,2850.344047
434,dc,0.025,2894.104664
434,dc,0.06,2989.703925
435,f0,0,5952.592646
435,u,-0.7,10678.54732
435,u,-0.35,7911.802214
435,u,-0.15,6710.402501
435,u,-0.05,6192.864689
435,u,0.05,5723.861693
435,u,0.15,5298.822756
435,u,0.35,4564.473446
435,u,0.7,3580.428021
435,v,-0.7,6010.6561
435,v,-0.35,5978.587195
435,v,-0.15,5963.068675
435,v,-0.05,5955.980435
435,v,0.05,5949.304982
435,v,0.15,5943.018277
435,v,0.35,5931.521874
435,v,0.7,5914.442239
435,d4,0.008,6030.873335
435,d4,0.025,6204.272301
435,d4,0.06,6594.751998
435,dc,-0.06,5482.592187
435,dc,-0.025,5746.061321
435,dc,-0.008,5884.700637
435,dc,0.008,6022.273173
435,dc,0.025,6176.616139
435,dc,0.06,6524.155227
436,f0,0,12170.24505
436,u,-0.7,22938.99684
436,u,-0.35,16631.48309
436,u,-0.15,13895.16397
436,u,-0.05,12717.04781
436,u,0.05,11649.80233
436,u,0.15,10682.95708
436,u,0.35,9013.449587
436,u,0.7,6778.620337
436,v,-0.7,12265.9982
436,v,-0.35,12213.11298
436,v,-0.15,12187.52119
436,v,-0.05,12175.83189
436,v,0.05,12164.82332
436,v,0.15,12154.45584
436,v,0.35,12135.49698
436,v,0.7,12107.33074
436,d4,0.008,12353.33299
436,d4,0.025,12761.53748
436,d4,0.06,13694.36321
436,dc,-0.06,11020.26838
436,dc,-0.025,11661.06698
436,dc,-0.008,12002.19252
436,dc,0.008,12343.41552
436,dc,0.025,12729.5025
436,dc,0.06,13611.75628
437,f0,0,14755.05868
437,u,-0.7,28314.25963
437,u,-0.35,20371.59541
437,u,-0.15,16926.52405
437,u,-0.05,15443.39596
437,u,0.05,14099.92408
437,u,0.15,12882.91007
437,u,0.35,10781.59625
437,u,0.7,7969.118341
437,v,-0.7,14865.15424
437,v,-0.35,14804.34759
437,v,-0.15,14774.92254
437,v,-0.05,14761.48235
437,v,0.05,14748.82485
437,v,0.15,14736.90448
437,v,0.35,14715.10586
437,v,0.7,14682.72074
437,d4,0.008,14894.22984
437,d4,0.025,15198.98907
437,d4,0.06,15868.02588
437,dc,-0.06,13832.86461
437,dc,-0.025,14355.35553
437,dc,-0.008,14624.60459
437,dc,0.008,14888.00675
437,dc,0.025,15179.13646
437,dc,0.06,15818.24258
438,f0,0,969.5960338
438,u,-0.7,1039.376954
438,u,-0.35,995.6994825
438,u,-0.15,979.275974
438,u,-0.05,972.6112094
438,u,0.05,966.7708664
438,u,0.15,961.6349543
438,u,0.35,953.0967735
438,u,0.7,942.2823722
438,v,-0.7,974.9014271
438,v,-0.35,971.9712164
438,v,-0.15,970.553253
438,v,-0.05,969.9055839
438,v,0.05,969.2956322
438,v,0.15,968.7212013
438,v,0.35,967.6707482
438,v,0.7,966.110142
438,d4,-0.06,897.3979483
438,d4,-0.025,938.4600606
438,d4,-0.008,959.4587913
438,d4,0.008,979.9031211
438,d4,0.025,1002.391665
438,d4,0.06,1051.384828
438,dc,-0.06,969.5960338
438,dc,-0.025,969.5960338
438,dc,-0.008,969.5960338
438,dc,0.008,969.5960338
438,dc,0.025,969.5960338
438,dc,0.06,969.5960338
439,f0,0,892.0335262
439,u,-0.7,975.5671517
439,u,-0.35,923.3531454
439,u,-0.15,903.6862242
439,u,-0.05,895.6702274
439,u,0.05,888.6189638
439,u,0.15,882.3908391
439,u,0.35,871.959538
439,u,0.7,858.5351741
439,v,-0.7,897.697028
439,v,-0.35,894.5690311
439,v,-0.15,893.0553566
439,v,-0.05,892.3639706
439,v,0.05,891.7128478
439,v,0.15,891.0996434
439,v,0.35,889.9782858
439,v,0.7,888.3123403
439,d4,0.008,900.9464945
439,d4,0.025,920.3462124
439,d4,0.06,962.392041
439,dc,-0.06,892.0335262
439,dc,-0.025,892.0335262
439,dc,-0.008,892.0335262
439,dc,0.008,892.0335262
439,dc,0.025,892.0335262
439,dc,0.06,892.0335262
440,f0,0,918.9705455
440,u,-0.7,997.7590015
440,u,-0.35,951.8219497
440,u,-0.15,931.2619117
440,u,-0.05,922.8153558
440,u,0.05,915.3533686
440,u,0.15,908.7378987
440,u,0.35,897.6084702
440,u,0.7,883.2086234
440,v,-0.7,924.648887
440,v,-0.35,921.5126941
440,v,-0.15,919.9950534
440,v,-0.05,919.3018558
440,v,0.05,918.6490269
440,v,0.15,918.0342158
440,v,0.35,916.9099199
440,v,0.7,915.2396093
440,d4,-0.02,896.4054547
440,d4,-0.008,909.8403077
440,d4,0.008,928.2440401
440,d4,0.025,948.4434591
440,d4,0.06,992.2885918
440,dc,-0.05,912.1907701
440,dc,-0.025,918.9705455
440,dc,-0.008,918.9705455
440,dc,0.008,918.9705455
440,dc,0.025,918.9705455
440,dc,0.06,918.9705455
441,f0,0,935.1315648
441,u,-0.7,1012.241085
441,u,-0.35,968.1541322
441,u,-0.15,948.8012195
441,u,-0.05,940.0010638
441,u,0.05,930.5505334
441,u,0.15,922.1718379
441,u,0.35,908.0706634
441,u,0.7,889.8014993
441,v,-0.7,941.6363193
441,v,-0.35,938.0436919
441,v,-0.15,936.3051773
441,v,-0.05,935.5110933
441,v,0.05,934.7632531
441,v,0.15,934.0589638
441,v,0.35,932.7710405
441,v,0.7,930.8576366
441,d4,-0.016,916.8990985
441,d4,-0.008,925.9445335
441,d4,0.008,944.4638466
441,d4,0.025,964.7945684
441,d4,0.06,1008.935929
441,dc,-0.02,926.7341319
441,dc,-0.008,932.5546307
441,dc,0.008,935.1315648
441,dc,0.025,935.1315648
441,dc,0.06,935.1315648
442,f0,0,1077.484633
442,u,-0.7,1147.094731
442,u,-0.35,1103.087436
442,u,-0.15,1086.896608
442,u,-0.05,1080.404462
442,u,0.05,1074.759341
442,u,0.15,1069.833023
442,u,0.35,1061.732786
442,u,0.7,1052.100226
442,v,-0.7,1084.201872
442,v,-0.35,1080.491888
442,v,-0.15,1078.696583
442,v,-0.05,1077.876559
442,v,0.05,1077.10429
442,v,0.15,1076.376995
442,v,0.35,1075.047
442,v,0.7,1073.071093
442,d4,-0.06,992.2969621
442,d4,-0.025,1040.603739
442,d4,-0.008,1065.453578
442,d4,0.008,1089.740215
442,d4,0.025,1116.559889
442,d4,0.06,1175.364652
442,dc,-0.06,1077.484633
442,dc,-0.025,1077.484633
442,dc,-0.008,1077.484633
442,dc,0.008,1077.484633
442,dc,0.025,1077.484633
442,dc,0.06,1077.484633
443,f0,0,953.5058556
443,u,-0.7,1047.392012
443,u,-0.35,992.7344602
443,u,-0.15,968.7453121
443,u,-0.05,958.3479734
443,u,0.05,948.8866798
443,u,0.15,940.2759934
443,u,0.35,925.303545
443,u,0.7,904.995864
443,v,-0.7,960.9494636
443,v,-0.35,956.8383
443,v,-0.15,954.8488596
443,v,-0.05,953.9401627
443,v,0.05,953.0843842
443,v,0.15,952.2784424
443,v,0.35,950.8046287
443,v,0.7,948.6150567
443,d4,-0.02,930.7055378
443,d4,-0.008,944.2790836
443,d4,0.008,962.8790061
443,d4,0.025,983.3000913
443,d4,0.06,1027.640916
443,dc,0.008,957.5497473
443,dc,0.025,963.2484966
443,dc,0.06,963.2484966
444,f0,0,1052.570711
444,u,-0.7,1194.174943
444,u,-0.35,1102.797109
444,u,-0.15,1070.8413
444,u,-0.05,1058.218133
444,u,0.05,1047.314471
444,u,0.15,1037.84542
444,u,0.35,1022.345402
444,u,0.7,1003.133722
444,v,-0.7,1060.176324
444,v,-0.35,1055.975684
444,v,-0.15,1053.942945
444,v,-0.05,1053.014471
444,v,0.05,1052.140067
444,v,0.15,1051.316584
444,v,0.35,1049.810694
444,v,0.7,1047.573467
444,d4,-0.06,973.1028726
444,d4,-0.025,1018.219977
444,d4,-0.008,1041.374326
444,d4,0.008,1063.966657
444,d4,0.025,1088.871689
444,d4,0.06,1143.314988
444,dc,-0.06,1052.570711
444,dc,-0.025,1052.570711
444,dc,-0.008,1052.570711
444,dc,0.008,1052.570711
444,dc,0.025,1052.570711
444,dc,0.06,1052.570711
445,f0,0,1241.88529
445,u,-0.7,1400.548513
445,u,-0.35,1297.905191
445,u,-0.15,1262.189771
445,u,-0.05,1248.149564
445,u,0.05,1236.06594
445,u,0.15,1225.612949
445,u,0.35,1208.605122
445,u,0.7,1187.761672
445,v,-0.7,1250.26989
445,v,-0.35,1245.639009
445,v,-0.15,1243.398071
445,v,-0.05,1242.3745
445,v,0.05,1241.410538
445,v,0.15,1240.502712
445,v,0.35,1238.842584
445,v,0.7,1236.376215
445,d4,-0.06,1137.882952
445,d4,-0.025,1196.661351
445,d4,-0.008,1227.099909
445,d4,0.008,1256.978965
445,d4,0.025,1290.122833
445,d4,0.06,1363.33574
445,dc,-0.06,1241.88529
445,dc,-0.025,1241.88529
445,dc,-0.008,1241.88529
445,dc,0.008,1241.88529
445,dc,0.025,1241.88529
445,dc,0.06,1241.88529
446,f0,0,1211.850498
446,u,-0.7,1351.597839
446,u,-0.35,1282.898768
446,u,-0.15,1237.81562
446,u,-0.05,1219.892977
446,u,0.05,1204.350698
446,u,0.15,1190.802564
446,u,0.35,1168.511396
446,u,0.7,1140.656348
446,v,-0.7,1220.343598
446,v,-0.35,1215.652792
446,v,-0.15,1213.382856
446,v,-0.05,1212.346039
446,v,0.05,1211.369603
446,v,0.15,1210.450029
446,v,0.35,1208.768419
446,v,0.7,1206.270134
446,d4,-0.06,1114.619711
446,d4,-0.025,1169.64942
446,d4,-0.008,1198.066721
446,d4,0.008,1225.908313
446,d4,0.025,1256.73008
446,d4,0.06,1324.581945
446,dc,-0.05,1191.000669
446,dc,-0.025,1211.850498
446,dc,-0.008,1211.850498
446,dc,0.008,1211.850498
446,dc,0.025,1211.850498
446,dc,0.06,1211.850498
447,f0,0,1272.523669
447,u,-0.7,1475.630455
447,u,-0.35,1359.226197
447,u,-0.15,1303.546167
447,u,-0.05,1282.049329
447,u,0.05,1263.709083
447,u,0.15,1247.955417
447,u,0.35,1222.523103
447,u,0.7,1191.638239
447,v,-0.7,1281.501556
447,v,-0.35,1276.542998
447,v,-0.15,1274.143494
447,v,-0.05,1273.047496
447,v,0.05,1272.015324
447,v,0.15,1271.043261
447,v,0.35,1269.265665
447,v,0.7,1266.624778
447,d4,-0.06,1166.962089
447,d4,-0.025,1226.622896
447,d4,-0.008,1257.517326
447,d4,0.008,1287.842527
447,d4,0.025,1321.479282
447,d4,0.06,1395.771545
447,dc,-0.06,1272.523669
447,dc,-0.025,1272.523669
447,dc,-0.008,1272.523669
447,dc,0.008,1272.523669
447,dc,0.025,1272.523669
447,dc,0.06,1272.523669
448,f0,0,1136.378448
448,u,-0.7,1274.413058
448,u,-0.35,1193.890305
448,u,-0.15,1158.682505
448,u,-0.05,1143.45906
448,u,0.05,1129.629818
448,u,0.15,1117.0669
448,u,0.35,1095.28665
448,u,0.7,1065.927059
448,v,-0.7,1145.914208
448,v,-0.35,1140.647532
448,v,-0.15,1138.098926
448,v,-0.05,1136.934824
448,v,0.05,1135.838515
448,v,0.15,1134.806049
448,v,0.35,1132.917995
448,v,0.7,1130.113007
448,d4,-0.06,1052.081698
448,d4,-0.025,1099.913469
448,d4,-0.008,1124.488803
448,d4,0.008,1148.483919
448,d4,0.025,1174.952655
448,d4,0.06,1232.871979
448,dc,0.008,1142.475585
448,dc,0.025,1155.79916
448,dc,0.06,1161.473638
449,f0,0,1352.379745
449,u,-0.7,1644.571672
449,u,-0.35,1470.360109
449,u,-0.15,1393.362662
449,u,-0.05,1364.815833
449,u,0.05,1340.990426
449,u,0.15,1320.923204
449,u,0.35,1289.331346
449,u,0.7,1252.389444
449,v,-0.7,1362.159326
449,v,-0.35,1356.757986
449,v,-0.15,1354.144214
449,v,-0.05,1352.950347
449,v,0.05,1351.826006
449,v,0.15,1350.767141
449,v,0.35,1348.830811
449,v,0.7,1345.954102
449,d4,-0.06,1235.708458
449,d4,-0.025,1301.533163
449,d4,-0.008,1335.736952
449,d4,0.008,1369.388718
449,d4,0.025,1406.806139
449,d4,0.06,1489.788584
449,dc,-0.06,1352.379745
449,dc,-0.025,1352.379745
449,dc,-0.008,1352.379745
449,dc,0.008,1352.379745
449,dc,0.025,1352.379745
449,dc,0.06,1352.379745
450,f0,0,1304.94831
450,u,-0.7,1531.422518
450,u,-0.35,1417.951491
450,u,-0.15,1344.692695
450,u,-0.05,1317.071848
450,u,0.05,1293.792628
450,u,0.15,1274.004503
450,u,0.35,1242.46103
450,u,0.7,1204.81736
450,v,-0.7,1314.850007
450,v,-0.35,1309.381221
450,v,-0.15,1306.734812
450,v,-0.05,1305.526037
450,v,0.05,1304.387657
450,v,0.15,1303.31557
450,v,0.35,1301.355062
450,v,0.7,1298.442431
450,d4,-0.06,1196.332238
450,d4,-0.025,1257.698538
450,d4,-0.008,1289.497452
450,d4,0.008,1320.72441
450,d4,0.025,1355.377395
450,d4,0.06,1431.973166
450,dc,-0.06,1304.94831
450,dc,-0.025,1304.94831
450,dc,-0.008,1304.94831
450,dc,0.008,1304.94831
450,dc,0.025,1304.94831
450,dc,0.06,1304.94831
451,f0,0,1317.113354
451,u,-0.7,1494.304475
451,u,-0.35,1406.45107
451,u,-0.15,1356.396113
451,u,-0.05,1329.165993
451,u,0.05,1305.965716
451,u,0.15,1286.049984
451,u,0.35,1253.895256
451,u,0.7,1214.766284
451,v,-0.7,1327.232283
451,v,-0.35,1321.643519
451,v,-0.15,1318.93905
451,v,-0.05,1317.703757
451,v,0.05,1316.540401
451,v,0.15,1315.444794
451,v,0.35,1313.441275
451,v,0.7,1310.464744
451,d4,-0.06,1208.005868
451,d4,-0.025,1269.652568
451,d4,-0.008,1301.593995
451,d4,0.008,1332.958874
451,d4,0.025,1367.762423
451,d4,0.06,1444.681099
451,dc,-0.06,1277.822802
451,dc,-0.025,1315.120932
451,dc,-0.008,1317.113354
451,dc,0.008,1317.113354
451,dc,0.025,1317.113354
451,dc,0.06,1317.113354
452,f0,0,905.0396625
452,u,-0.7,1005.051531
452,u,-0.35,941.1483466
452,u,-0.15,918.2772052
452,u,-0.05,909.1456675
452,u,0.05,901.2055156
452,u,0.15,894.264953
452,u,0.35,882.7952156
452,u,0.7,868.325173
452,v,-0.7,915.189899
452,v,-0.35,909.5838431
452,v,-0.15,906.8710066
452,v,-0.05,905.6318914
452,v,0.05,904.4649365
452,v,0.15,903.3659399
452,v,0.35,901.3562212
452,v,0.7,898.3704818
452,d4,0.008,914.0181423
452,d4,0.025,933.5633008
452,d4,0.06,975.9366141
452,dc,-0.06,905.0396625
452,dc,-0.025,905.0396625
452,dc,-0.008,905.0396625
452,dc,0.008,905.0396625
452,dc,0.025,905.0396625
452,dc,0.06,905.0396625
453,f0,0,1166.903144
453,u,-0.7,1332.182788
453,u,-0.35,1235.753982
453,u,-0.15,1193.602684
453,u,-0.05,1175.378902
453,u,0.05,1158.824961
453,u,0.15,1143.787386
453,u,0.35,1117.71738
453,u,0.7,1082.572805
453,v,-0.7,1177.57251
453,v,-0.35,1171.679735
453,v,-0.15,1168.828152
453,v,-0.05,1167.525662
453,v,0.05,1166.299024
453,v,0.15,1165.14382
453,v,0.35,1163.031315
453,v,0.7,1159.892872
453,d4,-0.06,1080.998347
453,d4,-0.025,1129.739595
453,d4,-0.008,1154.785284
453,d4,0.008,1179.241381
453,d4,0.025,1206.220397
453,d4,0.06,1265.261905
453,dc,0.008,1173.233183
453,dc,0.025,1187.067316
453,dc,0.06,1205.983564
454,f0,0,1375.187251
454,u,-0.7,1614.072999
454,u,-0.35,1512.430007
454,u,-0.15,1431.004072
454,u,-0.05,1392.03373
454,u,0.05,1359.823315
454,u,0.15,1332.892024
454,u,0.35,1290.802818
454,u,0.7,1241.914838
454,v,-0.7,1386.280545
454,v,-0.35,1380.153631
454,v,-0.15,1377.188745
454,v,-0.05,1375.834504
454,v,0.05,1374.559127
454,v,0.15,1373.358023
454,v,0.35,1371.161581
454,v,0.7,1367.898437
454,d4,-0.06,1258.660817
454,d4,-0.025,1324.430102
454,d4,-0.008,1358.578271
454,d4,0.008,1392.157064
454,d4,0.025,1429.471839
454,d4,0.06,1512.144714
454,dc,-0.06,1361.278426
454,dc,-0.025,1375.187251
454,dc,-0.008,1375.187251
454,dc,0.008,1375.187251
454,dc,0.025,1375.187251
454,dc,0.06,1375.187251
455,f0,0,1540.464185
455,u,-0.7,1922.555824
455,u,-0.35,1728.038579
455,u,-0.15,1603.583185
455,u,-0.05,1559.389355
455,u,0.05,1523.30698
455,u,0.15,1493.487571
455,u,0.35,1447.627006
455,u,0.7,1395.778737
455,v,-0.7,1552.000134
455,v,-0.35,1545.628738
455,v,-0.15,1542.545545
455,v,-0.05,1541.137265
455,v,0.05,1539.810998
455,v,0.15,1538.561966
455,v,0.35,1536.27788
455,v,0.7,1532.884527
455,d4,-0.06,1397.113438
455,d4,-0.025,1477.691402
455,d4,-0.008,1519.866629
455,d4,0.008,1561.566584
455,d4,0.025,1608.173567
455,d4,0.06,1712.449907
455,dc,-0.06,1540.464185
455,dc,-0.025,1540.464185
455,dc,-0.008,1540.464185
455,dc,0.008,1540.464185
455,dc,0.025,1540.464185
455,dc,0.06,1540.464185
456,f0,0,907.3519822
456,u,-0.7,968.6253086
456,u,-0.35,930.2304535
456,u,-0.15,915.834741
456,u,-0.05,909.9945411
456,u,0.05,904.8754231
456,u,0.15,900.3711335
456,u,0.35,892.872188
456,u,0.7,884.2655682
456,v,-0.7,919.5448956
456,v,-0.35,912.8106531
456,v,-0.15,909.5518739
456,v,-0.05,908.0633938
456,v,0.05,906.661596
456,v,0.15,905.3414326
456,v,0.35,902.9272696
456,v,0.7,899.3406672
456,d4,-0.02,885.0889936
456,d4,-0.008,898.3474402
456,d4,0.008,916.493601
456,d4,0.025,936.3931227
456,d4,0.06,979.5407983
456,dc,-0.06,907.3519822
456,dc,-0.025,907.3519822
456,dc,-0.008,907.3519822
456,dc,0.008,907.3519822
456,dc,0.025,907.3519822
456,dc,0.06,907.3519822
457,f0,0,1362.601146
457,u,-0.7,1585.732323
457,u,-0.35,1460.883649
457,u,-0.15,1406.430902
457,u,-0.05,1382.920922
457,u,0.05,1343.028315
457,u,0.15,1308.880634
457,u,0.35,1255.837415
457,u,0.7,1194.460999
457,v,-0.7,1375.171786
457,v,-0.35,1368.228922
457,v,-0.15,1364.869188
457,v,-0.05,1363.334596
457,v,0.05,1361.889372
457,v,0.15,1360.528311
457,v,0.35,1358.039359
457,v,0.7,1354.341646
457,d4,-0.06,1252.256958
457,d4,-0.025,1314.626267
457,d4,-0.008,1346.917799
457,d4,0.008,1378.609929
457,d4,0.025,1413.757138
457,d4,0.06,1491.361409
457,dc,-0.06,1305.18552
457,dc,-0.025,1342.896458
457,dc,-0.008,1362.473347
457,dc,0.008,1362.601146
457,dc,0.025,1362.601146
457,dc,0.06,1362.601146
458,f0,0,1280.133937
458,u,-0.7,1509.802749
458,u,-0.35,1375.742412
458,u,-0.15,1317.196494
458,u,-0.05,1291.897434
458,u,0.05,1268.924061
458,u,0.15,1248.061835
458,u,0.35,1211.910697
458,u,0.7,1163.214627
458,v,-0.7,1293.237968
458,v,-0.35,1286.000508
458,v,-0.15,1282.498216
458,v,-0.05,1280.898509
458,v,0.05,1279.391962
458,v,0.15,1277.973149
458,v,0.35,1275.378587
458,v,0.7,1271.523975
458,d4,-0.06,1184.635558
458,d4,-0.025,1238.76126
458,d4,-0.008,1266.633814
458,d4,0.008,1293.889288
458,d4,0.025,1324.001042
458,d4,0.06,1390.060647
458,dc,0.008,1287.664839
458,dc,0.025,1304.144162
458,dc,0.06,1340.267061
459,f0,0,945.9650481
459,u,-0.7,1047.248041
459,u,-0.35,982.4988453
459,u,-0.15,959.3424933
459,u,-0.05,950.1115544
459,u,0.05,942.0959747
459,u,0.15,935.1007497
459,u,0.35,923.5730326
459,u,0.7,909.1222279
459,v,-0.7,959.1445269
459,v,-0.35,951.8653965
459,v,-0.15,948.3429397
459,v,-0.05,946.7340221
459,v,0.05,945.2188007
459,v,0.15,943.7918189
459,v,0.35,941.1823186
459,v,0.7,937.3055135
459,d4,-0.032,909.2626284
459,d4,-0.025,917.0987946
459,d4,-0.008,936.5742348
459,d4,0.008,955.5058201
459,d4,0.025,976.2965536
459,d4,0.06,1021.468427
459,dc,-0.06,945.9650481
459,dc,-0.025,945.9650481
459,dc,-0.008,945.9650481
459,dc,0.008,945.9650481
459,dc,0.025,945.9650481
459,dc,0.06,945.9650481
460,f0,0,1518.417243
460,u,-0.7,1941.010458
460,u,-0.35,1757.245337
460,u,-0.15,1597.464557
460,u,-0.05,1541.997146
460,u,0.05,1497.12072
460,u,0.15,1460.268842
460,u,0.35,1403.901073
460,u,0.7,1340.349358
460,v,-0.7,1531.770825
460,v,-0.35,1524.395536
460,v,-0.15,1520.826547
460,v,-0.05,1519.196375
460,v,0.05,1517.661137
460,v,0.15,1516.215305
460,v,0.35,1513.571333
460,v,0.7,1509.643314
460,d4,-0.06,1382.859876
460,d4,-0.025,1459.174516
460,d4,-0.008,1498.998151
460,d4,0.008,1538.291889
460,d4,0.025,1582.11412
460,d4,0.06,1679.795988
460,dc,-0.06,1518.417243
460,dc,-0.025,1518.417243
460,dc,-0.008,1518.417243
460,dc,0.008,1518.417243
460,dc,0.025,1518.417243
460,dc,0.06,1518.417243
461,f0,0,2419.389335
461,u,-0.7,3250.475922
461,u,-0.35,2658.516033
461,u,-0.15,2499.928889
461,u,-0.05,2443.501099
461,u,0.05,2397.580624
461,u,0.15,2359.84732
461,u,0.35,2302.499571
461,u,0.7,2239.465632
461,v,-0.7,2434.866863
461,v,-0.35,2426.318502
461,v,-0.15,2422.181849
461,v,-0.05,2420.292391
461,v,0.05,2418.512967
461,v,0.15,2416.837169
461,v,0.35,2413.772661
461,v,0.7,2409.219874
461,d4,-0.06,2098.784942
461,d4,-0.025,2275.346242
461,d4,-0.008,2371.472159
461,d4,0.008,2469.160433
461,d4,0.025,2581.595255
461,d4,0.06,2846.423591
461,dc,-0.06,2419.389335
461,dc,-0.025,2419.389335
461,dc,-0.008,2419.389335
461,dc,0.008,2419.389335
461,dc,0.025,2419.389335
461,dc,0.06,2419.389335
462,f0,0,1731.57383
462,u,-0.7,2044.636786
462,u,-0.35,1861.641123
462,u,-0.15,1781.935568
462,u,-0.05,1747.54901
462,u,0.05,1716.359497
462,u,0.15,1661.563315
462,u,0.35,1564.156207
462,u,0.7,1459.037947
462,v,-0.7,1747.529647
462,v,-0.35,1738.717123
462,v,-0.15,1734.452639
462,v,-0.05,1732.504793
462,v,0.05,1730.670381
462,v,0.15,1728.942797
462,v,0.35,1725.78359
462,v,0.7,1721.090112
462,d4,-0.06,1563.405903
462,d4,-0.025,1657.661016
462,d4,-0.008,1707.274
462,d4,0.008,1756.516838
462,d4,0.025,1811.777242
462,d4,0.06,1936.27078
462,dc,-0.06,1621.804685
462,dc,-0.025,1683.344893
462,dc,-0.008,1715.720643
462,dc,0.008,1747.843943
462,dc,0.025,1766.681141
462,dc,0.06,1766.681141
463,f0,0,1828.129921
463,u,-0.7,2215.864168
463,u,-0.35,1989.253778
463,u,-0.15,1890.526179
463,u,-0.05,1847.924228
463,u,0.05,1809.276662
463,u,0.15,1774.216575
463,u,0.35,1713.559164
463,u,0.7,1632.106306
463,v,-0.7,1846.317559
463,v,-0.35,1836.272383
463,v,-0.15,1831.411403
463,v,-0.05,1829.191102
463,v,0.05,1827.100102
463,v,0.15,1825.130871
463,v,0.35,1821.529769
463,v,0.7,1816.179791
463,d4,-0.06,1660.705995
463,d4,-0.025,1754.742895
463,d4,-0.008,1804.037287
463,d4,0.008,1852.825314
463,d4,0.025,1907.411282
463,d4,0.06,2029.752141
463,dc,0.008,1844.632793
463,dc,0.025,1881.102342
463,dc,0.06,1962.802435
464,f0,0,3377.21795
464,u,-0.7,6829.046539
464,u,-0.35,4083.395762
464,u,-0.15,3596.609546
464,u,-0.05,3441.068131
464,u,0.05,3320.78388
464,u,0.15,3226.066238
464,u,0.35,3089.226567
464,u,0.7,2949.284248
464,v,-0.7,3399.86722
464,v,-0.35,3387.357849
464,v,-0.15,3381.304417
464,v,-0.05,3378.539452
464,v,0.05,3375.935505
464,v,0.15,3373.4832
464,v,0.35,3368.998708
464,v,0.7,3362.336319
464,d4,-0.06,2811.068864
464,d4,-0.025,3116.791522
464,d4,-0.008,3289.445152
464,d4,0.008,3469.622521
464,d4,0.025,3683.142804
464,d4,0.06,4213.883886
464,dc,-0.06,3377.21795
464,dc,-0.025,3377.21795
464,dc,-0.008,3377.21795
464,dc,0.008,3377.21795
464,dc,0.025,3377.21795
464,dc,0.06,3377.21795
465,f0,0,952.1182704
465,u,-0.7,1099.32301
465,u,-0.35,1001.552815
465,u,-0.15,969.7711009
465,u,-0.05,957.5357558
465,u,0.05,947.1066889
465,u,0.15,938.1511033
465,u,0.35,923.6827686
465,u,0.7,906.0305491
465,v,-0.7,979.4702117
465,v,-0.35,964.3635181
465,v,-0.15,957.0532114
465,v,-0.05,953.7141554
465,v,0.05,950.5695509
465,v,0.15,947.6080739
465,v,0.35,942.1924654
465,v,0.7,934.1467643
465,d4,0.008,961.2738177
465,d4,0.025,981.2121904
465,d4,0.06,1024.471035
465,dc,-0.06,952.1182704
465,dc,-0.025,952.1182704
465,dc,-0.008,952.1182704
465,dc,0.008,952.1182704
465,dc,0.025,952.1182704
465,dc,0.06,952.1182704
466,f0,0,4502.194205
466,u,-0.7,9845.816036
466,u,-0.35,6591.411527
466,u,-0.15,5060.927701
466,u,-0.05,4657.79876
466,u,0.05,4369.1437
466,u,0.15,4154.86276
466,u,0.35,3864.313041
466,u,0.7,3589.90147
466,v,-0.7,4533.086257
466,v,-0.35,4516.024333
466,v,-0.15,4507.767866
466,v,-0.05,4503.996643
466,v,0.05,4500.445038
466,v,0.15,4497.100262
466,v,0.35,4490.983722
466,v,0.7,4481.896681
466,d4,-0.06,3579.285231
466,d4,-0.025,4066.719441
466,d4,-0.008,4353.254939
466,d4,0.008,4661.450387
466,d4,0.025,5039.428642
466,d4,0.06,6044.103445
466,dc,-0.06,4502.194205
466,dc,-0.025,4502.194205
466,dc,-0.008,4502.194205
466,dc,0.008,4502.194205
466,dc,0.025,4502.194205
466,dc,0.06,4502.194205
467,f0,0,1001.574233
467,u,-0.7,1073.7917
467,u,-0.35,1028.096337
467,u,-0.15,1011.335552
467,u,-0.05,1004.605088
467,u,0.05,998.7424771
467,u,0.15,993.6150464
467,u,0.35,985.1510749
467,u,0.7,975.6449433
467,v,-0.7,1036.290715
467,v,-0.35,1017.116527
467,v,-0.15,1007.837912
467,v,-0.05,1003.599811
467,v,0.05,999.6085185
467,v,0.15,995.8496605
467,v,0.35,988.9758932
467,v,0.7,978.7638778
467,d4,-0.06,931.9187709
467,d4,-0.025,971.5640757
467,d4,-0.008,991.8080784
467,d4,0.008,1011.499671
467,d4,0.025,1033.140761
467,dc,-0.06,1001.574233
467,dc,-0.025,1001.574233
467,dc,-0.008,1001.574233
467,dc,0.008,1001.574233
467,dc,0.025,1001.574233
468,f0,0,6523.738832
468,u,-0.7,9212.223054
468,u,-0.35,8543.9864
468,u,-0.15,8254.171967
468,u,-0.05,7074.120832
468,u,0.05,6093.049903
468,u,0.15,5465.854094
468,u,0.35,4724.617577
468,u,0.7,4118.045336
468,v,-0.7,6559.350536
468,v,-0.35,6539.68191
468,v,-0.15,6530.16403
468,v,-0.05,6525.816643
468,v,0.05,6521.722428
468,v,0.15,6517.866642
468,v,0.35,6510.815623
468,v,0.7,6500.340274
468,d4,-0.06,4828.029636
468,d4,-0.025,5692.540726
468,d4,-0.008,6232.807729
468,d4,0.008,6842.854365
468,d4,0.025,7635.469448
468,d4,0.06,10018.90897
468,dc,-0.06,5695.051643
468,dc,-0.025,6523.738832
468,dc,-0.008,6523.738832
468,dc,0.008,6523.738832
468,dc,0.025,6523.738832
468,dc,0.06,6523.738832
469,f0,0,7701.845199
469,u,-0.7,9511.659914
469,u,-0.35,8783.718808
469,u,-0.15,8467.98004
469,u,-0.05,8332.081568
469,u,0.05,7191.842122
469,u,0.15,6446.256314
469,u,0.35,5560.123159
469,u,0.7,4829.488156
469,v,-0.7,7739.349079
469,v,-0.35,7718.63539
469,v,-0.15,7708.611791
469,v,-0.05,7704.033412
469,v,0.05,7699.721657
469,v,0.15,7695.660999
469,v,0.35,7688.235335
469,v,0.7,7677.203393
469,d4,-0.06,5474.865517
469,d4,-0.025,6587.408633
469,d4,-0.008,7306.60792
469,d4,0.008,8141.961478
469,d4,0.025,9266.032761
469,d4,0.06,12937.44313
469,dc,-0.06,5856.801
469,dc,-0.025,7038.28615
469,dc,-0.008,7701.845199
469,dc,0.008,7701.845199
469,dc,0.025,7701.845199
469,dc,0.06,7701.845199
470,f0,0,4083.088696
470,u,-0.7,8789.575395
470,u,-0.35,4973.450877
470,u,-0.15,4355.677354
470,u,-0.05,4161.97587
470,u,0.05,4013.707008
470,u,0.15,3898.075456
470,u,0.35,3733.27017
470,u,0.7,3568.874807
470,v,-0.7,4121.818457
470,v,-0.35,4100.427703
470,v,-0.15,4090.076466
470,v,-0.05,4085.348435
470,v,0.05,4080.895742
470,v,0.15,4076.702354
470,v,0.35,4069.033969
470,v,0.7,4057.641429
470,d4,-0.06,3293.599903
470,d4,-0.025,3713.34978
470,d4,-0.008,3957.185131
470,d4,0.008,4217.082938
470,d4,0.025,4532.521381
470,dc,-0.06,4083.088696
470,dc,-0.025,4083.088696
470,dc,-0.008,4083.088696
470,dc,0.008,4083.088696
470,dc,0.025,4083.088696
471,f0,0,4734.994962
471,u,-0.7,14182.12362
471,u,-0.35,6074.749124
471,u,-0.15,5128.826471
471,u,-0.05,4847.530631
471,u,0.05,4636.985245
471,u,0.15,4475.662134
471,u,0.35,4250.213214
471,u,0.7,4031.112429
471,v,-0.7,4780.4701
471,v,-0.35,4755.353822
471,v,-0.15,4743.199759
471,v,-0.05,4737.648269
471,v,0.05,4732.420072
471,v,0.15,4727.496342
471,v,0.35,4718.492391
471,v,0.7,4705.115667
471,d4,-0.06,3716.819441
471,d4,-0.025,4250.963892
471,d4,-0.008,4568.714628
471,d4,0.008,4913.64594
471,d4,0.025,5341.222924
471,dc,-0.06,4734.994962
471,dc,-0.025,4734.994962
471,dc,-0.008,4734.994962
471,dc,0.008,4734.994962
471,dc,0.025,4734.994962
472,f0,0,8983.544779
472,u,-0.7,10879.25934
472,u,-0.35,9768.909328
472,u,-0.15,9287.172773
472,u,-0.05,9079.787967
472,u,0.05,8891.950052
472,u,0.15,8721.820972
472,u,0.35,8428.184801
472,u,0.7,6304.789906
472,v,-0.7,9031.987516
472,v,-0.35,9005.232209
472,v,-0.15,8992.285001
472,v,-0.05,8986.371234
472,v,0.05,8980.801858
472,v,0.15,8975.556817
472,v,0.35,8965.965289
472,v,0.7,8951.715632
472,d4,-0.06,6181.330898
472,d4,-0.025,7557.058276
472,d4,-0.008,8471.92705
472,d4,0.008,9560.832678
472,d4,0.025,11072.66574
472,d4,0.06,16420.09256
472,dc,-0.06,6383.475892
472,dc,-0.025,7660.055513
472,dc,-0.008,8508.887076
472,dc,0.008,9519.105066
472,dc,0.025,10921.55545
472,dc,0.06,15881.18494
473,f0,0,10108.19021
473,u,-0.7,12877.39719
473,u,-0.35,11255.54394
473,u,-0.15,10551.8003
473,u,-0.05,10248.8106
473,u,0.05,9974.355567
473,u,0.15,9725.751409
473,u,0.35,9296.600404
473,u,0.7,8722.648674
473,v,-0.7,10169.14774
473,v,-0.35,10135.48041
473,v,-0.15,10119.1884
473,v,-0.05,10111.74686
473,v,0.05,10104.73868
473,v,0.15,10098.13862
473,v,0.35,10086.0692
473,v,0.7,10068.13826
473,d4,-0.06,7014.978573
473,d4,-0.025,8538.891948
473,d4,-0.008,9546.618063
473,d4,0.008,10740.14973
473,d4,0.025,12386.68214
473,d4,0.06,18113.50364
473,dc,0.008,10699.40837
473,dc,0.025,12239.6948
473,dc,0.06,17596.15605
474,f0,0,858.6693702
474,u,-0.7,874.3923998
474,u,-0.35,865.2794091
474,u,-0.15,861.2476062
474,u,-0.05,859.4901671
474,u,0.05,857.8848717
474,u,0.15,856.4182939
474,u,0.35,853.8535105
474,u,0.7,850.3372872
474,v,-0.7,873.0466306
474,v,-0.35,865.105956
474,v,-0.15,861.2633701
474,v,-0.05,859.5082304
474,v,0.05,857.8553021
474,v,0.15,856.2986329
474,v,0.35,853.4519752
474,v,0.7,849.222837
474,d4,0.008,867.5537254
474,d4,0.025,886.800862
474,d4,0.06,928.2431929
474,dc,-0.06,858.5329391
474,dc,-0.025,858.6125213
474,dc,-0.008,858.6511781
474,dc,0.008,858.6875627
474,dc,0.025,858.7262231
474,dc,0.06,858.8058237
475,f0,0,869.220713
475,u,-0.7,890.3059496
475,u,-0.35,877.6811007
475,u,-0.15,872.5189028
475,u,-0.05,870.2704438
475,u,0.05,868.2176518
475,u,0.15,866.3431679
475,u,0.35,863.0674034
475,u,0.7,858.5825105
475,v,-0.7,886.5084014
475,v,-0.35,876.9602744
475,v,-0.15,872.3398233
475,v,-0.05,870.229386
475,v,0.05,868.2418509
475,v,0.15,866.3700608
475,v,0.35,862.9471465
475,v,0.7,857.8618924
475,d4,0.008,878.0831993
475,d4,0.025,897.3100689
475,d4,0.06,938.7792673
475,dc,-0.06,869.0853038
475,dc,-0.025,869.1642879
475,dc,-0.008,869.2026563
475,dc,0.008,869.2387704
475,dc,0.025,869.2771447
475,dc,0.06,869.3561602
476,f0,0,882.2788678
476,u,-0.7,909.0792392
476,u,-0.35,892.8796619
476,u,-0.15,886.307114
476,u,-0.05,883.5606689
476,u,0.05,881.0543208
476,u,0.15,878.7666747
476,u,0.35,874.7714631
476,u,0.7,869.3080836
476,v,-0.7,903.7069684
476,v,-0.35,891.872059
476,v,-0.15,886.145007
476,v,-0.05,883.5291186
476,v,0.05,881.0655676
476,v,0.15,878.7454827
476,v,0.35,874.5027782
476,v,0.7,868.1996025
476,d4,0.008,891.1361901
476,d4,0.025,910.3697156
476,d4,0.06,951.9043066
476,dc,-0.06,882.1438308
476,dc,-0.025,882.2225966
476,dc,-0.008,882.2608602
476,dc,0.008,882.2968764
476,dc,0.025,882.3351473
476,dc,0.06,882.4139524
477,f0,0,848.1099319
477,u,-0.7,858.6214767
477,u,-0.35,852.5443805
477,u,-0.15,849.8415801
477,u,-0.05,848.6615207
477,u,0.05,847.5824468
477,u,0.15,846.5955249
477,u,0.35,844.866638
477,u,0.7,843.4666628
477,v,-0.7,858.5774114
477,v,-0.35,852.7961397
477,v,-0.15,849.9985142
477,v,-0.05,848.7206707
477,v,0.05,847.5172431
477,v,0.15,846.3838975
477,v,0.35,844.3113656
477,v,0.7,841.2323077
477,d4,0.008,856.9089986
477,d4,0.025,875.9219965
477,d4,0.06,916.5741501
477,dc,-0.06,847.9762104
477,dc,-0.025,848.0542161
477,dc,-0.008,848.0921031
477,dc,0.008,848.1277605
477,dc,0.025,848.1656455
477,dc,0.06,848.2436412
478,f0,0,849.7691091
478,u,-0.7,861.0677987
478,u,-0.35,854.5343048
478,u,-0.15,851.629644
478,u,-0.05,850.3617114
478,u,0.05,849.2024415
478,u,0.15,848.1423187
478,u,0.35,846.2855961
478,u,0.7,844.2224288
478,v,-0.7,860.6470059
478,v,-0.35,854.6390574
478,v,-0.15,851.7317405
478,v,-0.05,850.4037943
478,v,0.05,849.1531817
478,v,0.15,847.9753991
478,v,0.35,845.8216057
478,v,0.7,842.6218216
478,d4,0.008,858.5557196
478,d4,0.025,877.5532261
478,d4,0.06,918.3250876
478,dc,-0.06,849.6359372
478,dc,-0.025,849.7136214
478,dc,-0.008,849.7513531
478,dc,0.008,849.786865
478,dc,0.025,849.8245961
478,dc,0.06,849.9022769
479,f0,0,851.4505907
479,u,-0.7,863.5628421
479,u,-0.35,856.5575245
479,u,-0.15,853.4442747
479,u,-0.05,852.08556
479,u,0.05,850.8434499
479,u,0.15,849.7077214
479,u,0.35,847.7189815
479,u,0.7,844.9721543
479,v,-0.7,862.7357537
479,v,-0.35,856.5028689
479,v,-0.15,853.4867026
479,v,-0.05,852.1090384
479,v,0.05,850.8116031
479,v,0.15,849.5897245
479,v,0.35,847.3552936
479,v,0.7,844.0357102
479,d4,0.008,860.225856
479,d4,0.025,879.2091846
479,d4,0.06,920.0192251
479,dc,-0.06,851.3179153
479,dc,-0.025,851.3953089
479,dc,-0.008,851.4329005
479,dc,0.008,851.4682809
479,dc,0.025,851.5058729
479,dc,0.06,851.5832691
480,f0,0,851.7070138
480,u,-0.7,863.1948005
480,u,-0.35,856.550962
480,u,-0.15,853.5980586
480,u,-0.05,852.3092943
480,u,0.05,851.1311305
480,u,0.15,850.0538829
480,u,0.35,848.167621
480,u,0.7,845.9936502
480,v,-0.7,863.4106449
480,v,-0.35,856.9466369
480,v,-0.15,853.8186273
480,v,-0.05,852.3898775
480,v,0.05,851.0443317
480,v,0.15,849.7771443
480,v,0.35,847.4598578
480,v,0.7,844.0171801
480,d4,0.008,860.4927048
480,d4,0.025,879.4921305
480,d4,0.06,920.3230231
480,dc,-0.06,851.5739678
480,dc,-0.025,851.6515782
480,dc,-0.008,851.6892744
480,dc,0.008,851.7247531
480,dc,0.025,851.7624491
480,dc,0.06,851.8400583
481,f0,0,855.5956281
481,u,-0.7,869.6276246
481,u,-0.35,861.5084152
481,u,-0.15,857.9031791
481,u,-0.05,856.3304504
481,u,0.05,854.8931135
481,u,0.15,853.5792655
481,u,0.35,851.279651
481,u,0.7,848.1217076
481,v,-0.7,867.9218192
481,v,-0.35,861.1139664
481,v,-0.15,857.8195662
481,v,-0.05,856.3148159
481,v,0.05,854.8976955
481,v,0.15,853.5631017
481,v,0.35,851.12255
481,v,0.7,847.4967434
481,d4,0.008,864.3496143
481,d4,0.025,883.3069946
481,d4,0.06,924.1075545
481,dc,-0.06,855.4638904
481,dc,-0.025,855.5407355
481,dc,-0.008,855.5780621
481,dc,0.008,855.6131943
481,dc,0.025,855.6505235
481,dc,0.06,855.7273817
482,f0,0,855.3363678
482,u,-0.7,868.3946945
482,u,-0.35,860.8397596
482,u,-0.15,857.484289
482,u,-0.05,856.0203752
482,u,0.05,854.6824197
482,u,0.15,853.4593677
482,u,0.35,851.3185991
482,u,0.7,848.3741969
482,v,-0.7,868.0115863
482,v,-0.35,861.0109629
482,v,-0.15,857.6232788
482,v,-0.05,856.0759201
482,v,0.05,854.6186726
482,v,0.15,853.2462886
482,v,0.35,850.7366305
482,v,0.7,847.0081559
482,d4,0.008,864.10274
482,d4,0.025,883.0786745
482,d4,0.06,923.9001401
482,dc,-0.06,855.2041808
482,dc,-0.025,855.2812887
482,dc,-0.008,855.3187423
482,dc,0.008,855.3539935
482,dc,0.025,855.3914488
482,dc,0.06,855.4685654
483,f0,0,859.1982362
483,u,-0.7,874.1125064
483,u,-0.35,865.4282504
483,u,-0.15,861.6291229
483,u,-0.05,859.9722594
483,u,0.05,858.4583154
483,u,0.15,857.0747155
483,u,0.35,854.6537819
483,u,0.7,851.3314991
483,v,-0.7,872.8761074
483,v,-0.35,865.3217109
483,v,-0.15,861.6660496
483,v,-0.05,859.9962896
483,v,0.05,858.4237688
483,v,0.15,856.9428245
483,v,0.35,854.234644
483,v,0.7,850.2112344
483,d4,0.008,867.9482563
483,d4,0.025,886.9046182
483,d4,0.06,927.7217512
483,dc,-0.06,859.0667707
483,dc,-0.025,859.1434564
483,dc,-0.008,859.1807063
483,dc,0.008,859.2157664
483,dc,0.025,859.2530194
483,dc,0.06,859.3297221
484,f0,0,861.9031232
484,u,-0.7,879.3876681
484,u,-0.35,869.1198533
484,u,-0.15,864.7183413
484,u,-0.05,862.7994249
484,u,0.05,861.046398
484,u,0.15,859.4446134
484,u,0.35,856.642658
484,u,0.7,852.7991096
484,v,-0.7,875.7176787
484,v,-0.35,868.0877904
484,v,-0.15,864.3955977
484,v,-0.05,862.7091516
484,v,0.05,861.1209165
484,v,0.15,859.625173
484,v,0.35,856.8899293
484,v,0.7,852.8263134
484,d4,0.008,870.6338043
484,d4,0.025,889.5638519
484,d4,0.06,930.3633668
484,dc,-0.06,861.7724003
484,dc,-0.025,861.8486517
484,dc,-0.008,861.8856917
484,dc,0.008,861.9205551
484,dc,0.025,861.9575997
484,dc,0.06,862.0338756
485,f0,0,865.611521
485,u,-0.7,884.0841713
485,u,-0.35,873.1489482
485,u,-0.15,868.5513734
485,u,-0.05,866.5474292
485,u,0.05,864.7170092
485,u,0.15,863.04478
485,u,0.35,860.1203497
485,u,0.7,856.1109561
485,v,-0.7,880.8306674
485,v,-0.35,872.4250125
485,v,-0.15,868.3574172
485,v,-0.05,866.4995022
485,v,0.05,864.7497837
485,v,0.15,863.101961
485,v,0.35,860.0886122
485,v,0.7,855.6118294
485,d4,0.008,874.3413298
485,d4,0.025,893.2747403
485,d4,0.06,934.0957492
485,dc,-0.06,865.4809365
485,dc,-0.025,865.5571069
485,dc,-0.008,865.5941079
485,dc,0.008,865.6289348
485,dc,0.025,865.6659409
485,dc,0.06,865.7421382
486,f0,0,862.6827555
486,u,-0.7,877.8423293
486,u,-0.35,868.924753
486,u,-0.15,865.1180542
486,u,-0.05,863.4581389
486,u,0.05,861.9415792
486,u,0.15,860.5557649
486,u,0.35,858.1314839
486,u,0.7,854.806292
486,v,-0.7,878.0441416
486,v,-0.35,869.5599266
486,v,-0.15,865.4543151
486,v,-0.05,863.5790358
486,v,0.05,861.8129643
486,v,0.15,860.1497408
486,v,0.35,857.108229
486,v,0.7,852.5896056
486,d4,0.008,871.4363335
486,d4,0.025,890.4020182
486,d4,0.06,931.2437654
486,dc,-0.06,862.5512672
486,dc,-0.025,862.6279661
486,dc,-0.008,862.6652225
486,dc,0.008,862.7002889
486,dc,0.025,862.7375486
486,dc,0.06,862.8142651
487,f0,0,866.875337
487,u,-0.7,884.223233
487,u,-0.35,873.9208193
487,u,-0.15,869.6234559
487,u,-0.05,867.7502225
487,u,0.05,866.0391375
487,u,0.15,864.4758988
487,u,0.35,861.7420724
487,u,0.7,857.9943566
487,v,-0.7,883.3134757
487,v,-0.35,874.2345617
487,v,-0.15,869.8411683
487,v,-0.05,867.8344418
487,v,0.05,865.944578
487,v,0.15,864.1647712
487,v,0.35,860.9100654
487,v,0.7,856.0747102
487,d4,0.008,875.6157363
487,d4,0.025,894.5663067
487,d4,0.06,935.409561
487,dc,-0.06,866.744425
487,dc,-0.025,866.8207868
487,dc,-0.008,866.8578804
487,dc,0.008,866.8927941
487,dc,0.025,866.9298922
487,dc,0.06,867.0062781
488,f0,0,870.350903
488,u,-0.7,889.69636
488,u,-0.35,878.1494638
488,u,-0.15,873.3921543
488,u,-0.05,871.3190193
488,u,0.05,869.4256774
488,u,0.15,867.6962325
488,u,0.35,864.6724944
488,u,0.7,860.5291426
488,v,-0.7,887.5727361
488,v,-0.35,878.0609815
488,v,-0.15,873.4581315
488,v,-0.05,871.3557336
488,v,0.05,869.3757698
488,v,0.15,867.5111101
488,v,0.35,864.1012349
488,v,0.7,859.0353524
488,d4,0.008,879.0819901
488,d4,0.025,898.0224235
488,d4,0.06,938.8704724
488,dc,-0.06,870.2203898
488,dc,-0.025,870.2965183
488,dc,-0.008,870.3334993
488,dc,0.008,870.3683074
488,dc,0.025,870.4052938
488,dc,0.06,870.4814512
489,f0,0,878.0372533
489,u,-0.7,903.8326638
489,u,-0.35,888.4546651
489,u,-0.15,881.9851218
489,u,-0.05,879.293677
489,u,0.05,876.8367599
489,u,0.15,874.5935028
489,u,0.35,870.6738085
489,u,0.7,865.3081381
489,v,-0.7,896.1646429
489,v,-0.35,886.1527423
489,v,-0.15,881.3078657
489,v,-0.05,879.0949197
489,v,0.05,877.0108457
489,v,0.15,875.0481387
489,v,0.35,871.4589659
489,v,0.7,866.1267096
489,d4,0.008,886.7510872
489,d4,0.025,905.6753236
489,d4,0.06,946.5482773
489,dc,-0.06,877.9074085
489,dc,-0.025,877.9831457
489,dc,-0.008,878.019938
489,dc,0.008,878.0545695
489,dc,0.025,878.091369
489,dc,0.06,878.1671445
490,f0,0,879.2351233
490,u,-0.7,903.6113954
490,u,-0.35,888.9271093
490,u,-0.15,882.9662753
490,u,-0.05,880.4226106
490,u,0.05,878.1004688
490,u,0.15,875.9801692
490,u,0.35,872.2751426
490,u,0.7,867.2032305
490,v,-0.7,898.6459755
490,v,-0.35,887.9252083
490,v,-0.15,882.7373029
490,v,-0.05,880.367675
490,v,0.05,878.1360435
490,v,0.15,876.0343722
490,v,0.35,872.1910773
490,v,0.7,866.4812846
490,d4,0.008,887.954954
490,d4,0.025,906.8885885
490,d4,0.06,947.7715679
490,dc,-0.06,879.1051302
490,dc,-0.025,879.1809541
490,dc,-0.008,879.2177883
490,dc,0.008,879.2524591
490,dc,0.025,879.2893002
490,dc,0.06,879.3651608
491,f0,0,893.1031915
491,u,-0.7,926.5329073
491,u,-0.35,906.6937912
491,u,-0.15,898.2628932
491,u,-0.05,894.6666064
491,u,0.05,891.6097451
491,u,0.15,888.8201084
491,u,0.35,883.9493036
491,u,0.7,877.2906348
491,v,-0.7,915.5880587
491,v,-0.35,903.1694887
491,v,-0.15,897.1599965
491,v,-0.05,894.4151006
491,v,0.05,891.8300551
491,v,0.15,889.3955508
491,v,0.35,884.9436095
491,v,0.7,878.329581
491,d4,0.008,901.8237582
491,d4,0.025,920.7774009
491,d4,0.06,961.7597344
491,dc,-0.06,892.9798071
491,dc,-0.025,893.0490432
491,dc,-0.008,893.085863
491,dc,0.008,893.1205209
491,dc,0.025,893.1573492
491,dc,0.06,893.2331856
492,f0,0,854.2421918
492,u,-0.7,864.3515997
492,u,-0.35,858.5092835
492,u,-0.15,855.9090169
492,u,-0.05,854.7732187
492,u,0.05,853.734286
492,u,0.15,852.7837498
492,u,0.35,851.1176555
492,u,0.7,849.8273147
492,v,-0.7,863.6239371
492,v,-0.35,858.442325
492,v,-0.15,855.9348819
492,v,-0.05,854.7895821
492,v,0.05,853.7109794
492,v,0.15,852.6951896
492,v,0.35,850.8376301
492,v,0.7,848.077946
492,d4,0.008,863.0364905
492,d4,0.025,882.0358105
492,d4,0.06,922.6975712
492,dc,-0.06,854.1101195
492,dc,-0.025,854.1871636
492,dc,-0.008,854.2245831
492,dc,0.008,854.2598003
492,dc,0.025,854.2972174
492,dc,0.06,854.3742487
493,f0,0,857.895278
493,u,-0.7,869.4466451
493,u,-0.35,862.7679096
493,u,-0.15,859.7979786
493,u,-0.05,858.5013473
493,u,0.05,857.3156965
493,u,0.15,856.2313071
493,u,0.35,854.331669
493,u,0.7,851.8559595
493,v,-0.7,868.3038705
493,v,-0.35,862.5551226
493,v,-0.15,859.7732358
493,v,-0.05,858.5025811
493,v,0.05,857.3059235
493,v,0.15,856.1789539
493,v,0.35,854.1180815
493,v,0.7,851.0563455
493,d4,0.008,866.6674852
493,d4,0.025,885.6409187
493,d4,0.06,926.4224451
493,dc,-0.06,857.7642273
493,dc,-0.025,857.8406736
493,dc,-0.008,857.8778046
493,dc,0.008,857.9127514
493,dc,0.025,857.9498824
493,dc,0.06,858.0263286
494,f0,0,865.3604258
494,u,-0.7,879.503965
494,u,-0.35,871.2547406
494,u,-0.15,867.6608363
494,u,-0.05,866.0929833
494,u,0.05,864.6600691
494,u,0.15,863.3502395
494,u,0.35,861.0576232
494,u,0.7,857.909361
494,v,-0.7,878.1241598
494,v,-0.35,871.0746486
494,v,-0.15,867.6633071
494,v,-0.05,866.1051427
494,v,0.05,864.6377187
494,v,0.15,863.2557508
494,v,0.35,860.7285669
494,v,0.7,856.9740551
494,d4,0.008,874.108197
494,d4,0.025,893.0563828
494,d4,0.06,933.8477577
494,dc,-0.06,865.2305813
494,dc,-0.025,865.3063219
494,dc,-0.008,865.3431122
494,dc,0.008,865.3777398
494,dc,0.025,865.4145329
494,dc,0.06,865.4902879
495,f0,0,913.4065649
495,u,-0.7,1054.741998
495,u,-0.35,964.7537544
495,u,-0.15,931.349956
495,u,-0.05,918.8640694
495,u,0.05,908.3982523
495,u,0.15,899.5486993
495,u,0.35,885.5414401
495,u,0.7,868.9946697
495,v,-0.7,916.4612694
495,v,-0.35,914.7741319
495,v,-0.15,913.9577063
495,v,-0.05,913.5847957
495,v,0.05,913.2336017
495,v,0.15,912.9028596
495,v,0.35,912.2980366
495,v,0.7,911.3994811
495,d4,0.008,922.5987123
495,d4,0.025,942.6153773
495,d4,0.06,986.0408709
495,dc,-0.06,913.4065649
495,dc,-0.025,913.4065649
495,dc,-0.008,913.4065649
495,dc,0.008,913.4065649
495,dc,0.025,913.4065649
495,dc,0.06,913.4065649
496,f0,0,934.3160323
496,u,-0.7,1037.517946
496,u,-0.35,997.4156466
496,u,-0.15,957.5888972
496,u,-0.05,941.3636395
496,u,0.05,927.8712852
496,u,0.15,916.5348248
496,u,0.35,898.7159768
496,u,0.7,877.8388749
496,v,-0.7,937.6491309
496,v,-0.35,935.8082342
496,v,-0.15,934.9174026
496,v,-0.05,934.5105064
496,v,0.05,934.1273059
496,v,0.15,933.7664213
496,v,0.35,933.106477
496,v,0.7,932.1260306
496,d4,0.008,943.7192065
496,d4,0.025,964.2045573
496,d4,0.06,1008.685145
496,dc,-0.06,934.3160323
496,dc,-0.025,934.3160323
496,dc,-0.008,934.3160323
496,dc,0.008,934.3160323
496,dc,0.025,934.3160323
496,dc,0.06,934.3160323
497,f0,0,991.41516
497,u,-0.7,1073.901419
497,u,-0.35,1025.822729
497,u,-0.15,1004.766762
497,u,-0.05,995.654877
497,u,0.05,987.3732047
497,u,0.15,979.8461504
497,u,0.35,961.9781653
497,u,0.7,927.6134036
497,v,-0.7,995.142703
497,v,-0.35,993.0839515
497,v,-0.15,992.0876975
497,v,-0.05,991.6326484
497,v,0.05,991.2040994
497,v,0.15,990.8005071
497,v,0.35,990.062464
497,v,0.7,988.9659898
497,d4,-0.03,953.7214658
497,d4,-0.025,959.8397777
497,d4,-0.008,981.1282523
497,d4,0.008,1001.880548
497,d4,0.025,1024.734706
497,d4,0.06,1074.61178
497,dc,-0.06,959.3002247
497,dc,-0.025,977.5670342
497,dc,-0.008,986.9068734
497,dc,0.008,995.9985707
497,dc,0.025,1005.997411
497,dc,0.06,1027.773752
498,f0,0,995.4799143
498,u,-0.7,1081.681932
498,u,-0.35,1031.412219
498,u,-0.15,1009.417334
498,u,-0.05,999.9047113
498,u,0.05,991.2624166
498,u,0.15,971.8765128
498,u,0.35,940.0947211
498,u,0.7,905.8746808
498,v,-0.7,999.3219708
498,v,-0.35,997.1999726
498,v,-0.15,996.1731127
498,v,-0.05,995.7040841
498,v,0.05,995.2623696
498,v,0.15,994.8463786
498,v,0.35,994.0856621
498,v,0.7,992.9555032
498,d4,-0.01,982.1969227
498,d4,-0.008,984.8300578
498,d4,0.008,1006.321428
498,d4,0.025,1030.021036
498,d4,0.06,1081.857607
498,dc,-0.06,962.2536594
498,dc,-0.025,981.1330094
498,dc,-0.008,990.8060336
498,dc,0.008,1000.234839
498,dc,0.025,1006.023326
498,dc,0.06,1006.023326
499,f0,0,990.5224592
499,u,-0.7,1083.15886
499,u,-0.35,1029.169343
499,u,-0.15,1005.520843
499,u,-0.05,995.2854248
499,u,0.05,985.9813261
499,u,0.15,977.5236505
499,u,0.35,951.5856901
499,u,0.7,919.4133477
499,v,-0.7,994.488918
499,v,-0.35,992.2982114
499,v,-0.15,991.2381028
499,v,-0.05,990.7538875
499,v,0.05,990.2978707
499,v,0.15,989.8684103
499,v,0.35,989.0830625
499,v,0.7,987.9163101
499,d4,-0.02,965.4618385
499,d4,-0.008,980.3713804
499,d4,0.008,1000.847948
499,d4,0.025,1023.390488
499,d4,0.06,1072.557657
499,dc,-0.06,958.9153367
499,dc,-0.025,976.8964512
499,dc,-0.008,986.0870611
499,dc,0.008,995.031166
499,dc,0.025,1004.864844
499,dc,0.06,1009.454869
500,f0,0,1009.211376
500,u,-0.7,1120.761769
500,u,-0.35,1055.756249
500,u,-0.15,1027.277591
500,u,-0.05,1014.949105
500,u,0.05,1003.740315
500,u,0.15,993.5489071
500,u,0.35,975.8554803
500,u,0.7,951.9377563
500,v,-0.7,1013.626733
500,v,-0.35,1011.188096
500,v,-0.15,1010.008011
500,v,-0.05,1009.468996
500,v,0.05,1008.96137
500,v,0.15,1008.483306
500,v,0.35,1007.609077
500,v,0.7,1006.310279
500,d4,-0.03,972.3024086
500,d4,-0.025,978.2976915
500,d4,-0.008,999.1450233
500,d4,0.008,1019.447366
500,d4,0.025,1041.782742
500,d4,0.06,1090.440931
500,dc,-0.04,987.5387593
500,dc,-0.025,995.4669935
500,dc,-0.008,1004.738497
500,dc,0.008,1013.757092
500,dc,0.025,1023.667516
500,dc,0.06,1045.220052
501,f0,0,998.3819876
501,u,-0.7,1112.955279
501,u,-0.35,1046.18086
501,u,-0.15,1016.93326
501,u,-0.05,1004.273498
501,u,0.05,992.7645519
501,u,0.15,982.3012266
501,u,0.35,964.1384668
501,u,0.7,929.8795608
501,v,-0.7,1002.954203
501,v,-0.35,1000.428932
501,v,-0.15,999.2069241
501,v,-0.05,998.6487595
501,v,0.05,998.1230999
501,v,0.15,997.6280524
501,v,0.35,996.7227664
501,v,0.7,995.3778278
501,d4,-0.006,990.8444549
501,d4,0.008,1008.581252
501,d4,0.025,1030.840537
501,d4,0.06,1079.352081
501,dc,-0.06,967.020746
501,dc,-0.025,984.8648048
501,dc,-0.008,993.9825771
501,dc,0.008,1002.853502
501,dc,0.025,1012.603764
501,dc,0.06,1033.815575
502,f0,0,1020.333307
502,u,-0.7,1142.009407
502,u,-0.35,1071.09546
502,u,-0.15,1040.035012
502,u,-0.05,1026.590258
502,u,0.05,1014.367329
502,u,0.15,1003.254443
502,u,0.35,983.9625239
502,u,0.7,954.0284616
502,v,-0.7,1024.996366
502,v,-0.35,1022.420922
502,v,-0.15,1021.174634
502,v,-0.05,1020.605379
502,v,0.05,1020.069275
502,v,0.15,1019.564392
502,v,0.35,1018.641119
502,v,0.7,1017.269458
502,d4,-0.03,983.1458315
502,d4,-0.025,989.186093
502,d4,-0.008,1010.190631
502,d4,0.008,1030.647161
502,d4,0.025,1053.153266
502,d4,0.06,1102.186781
502,dc,-0.04,998.2929398
502,dc,-0.025,1006.354798
502,dc,-0.008,1015.783915
502,dc,0.008,1024.957077
502,dc,0.025,1035.038631
502,dc,0.06,1056.967318
503,f0,0,1065.853317
503,u,-0.7,1226.978517
503,u,-0.35,1133.046474
503,u,-0.15,1091.927513
503,u,-0.05,1074.133449
503,u,0.05,1057.958757
503,u,0.15,1043.254717
503,u,0.35,1017.731537
503,u,0.7,983.2324516
503,v,-0.7,1071.342789
503,v,-0.35,1068.31091
503,v,-0.15,1066.843748
503,v,-0.05,1066.173608
503,v,0.05,1065.542493
503,v,0.15,1064.948131
503,v,0.35,1063.861231
503,v,0.7,1062.246477
503,d4,-0.04,1015.695846
503,d4,-0.025,1034.029497
503,d4,-0.008,1055.491462
503,d4,0.008,1076.388857
503,d4,0.025,1099.374353
503,d4,0.06,1149.430247
503,dc,-0.02,1053.926304
503,dc,-0.008,1061.025037
503,dc,0.008,1070.760533
503,dc,0.025,1081.459902
503,dc,0.06,1104.729948
504,f0,0,1083.33781
504,u,-0.7,1260.964176
504,u,-0.35,1157.397324
504,u,-0.15,1112.073444
504,u,-0.05,1092.462656
504,u,0.05,1074.638284
504,u,0.15,1058.436068
504,u,0.35,1030.31604
504,u,0.7,992.3147611
504,v,-0.7,1088.932854
504,v,-0.35,1085.842667
504,v,-0.15,1084.347289
504,v,-0.05,1083.66426
504,v,0.05,1083.021008
504,v,0.15,1082.415215
504,v,0.35,1081.307412
504,v,0.7,1079.661604
504,d4,-0.04,1032.560298
504,d4,-0.025,1051.119959
504,d4,-0.008,1072.847434
504,d4,0.008,1094.004234
504,d4,0.025,1117.275964
504,d4,0.06,1167.95806
504,dc,-0.02,1071.093176
504,dc,-0.008,1078.380756
504,dc,0.008,1088.376163
504,dc,0.025,1099.362306
504,dc,0.06,1123.259691
505,f0,0,1090.636647
505,u,-0.7,1261.896015
505,u,-0.35,1162.021769
505,u,-0.15,1118.329385
505,u,-0.05,1099.429425
505,u,0.05,1082.25462
505,u,0.15,1066.646461
505,u,0.35,1039.568328
505,u,0.7,1003.009278
505,v,-0.7,1096.342858
505,v,-0.35,1093.191272
505,v,-0.15,1091.666183
505,v,-0.05,1090.969583
505,v,0.05,1090.31355
505,v,0.15,1089.695722
505,v,0.35,1088.565908
505,v,0.7,1086.887399
505,d4,-0.04,1037.970598
505,d4,-0.025,1057.204423
505,d4,-0.008,1079.744705
505,d4,0.008,1101.717485
505,d4,0.025,1125.9148
505,d4,0.06,1178.714805
505,dc,-0.05,1059.628338
505,dc,-0.025,1074.736946
505,dc,-0.008,1085.458741
505,dc,0.008,1095.902351
505,dc,0.025,1107.394323
505,dc,0.06,1132.440046
506,f0,0,1130.919657
506,u,-0.7,1352.610178
506,u,-0.35,1223.316606
506,u,-0.15,1166.763613
506,u,-0.05,1142.300738
506,u,0.05,1120.069927
506,u,0.15,1099.865398
506,u,0.35,1064.806106
506,u,0.7,1017.439356
506,v,-0.7,1137.792983
506,v,-0.35,1133.996791
506,v,-0.15,1132.159769
506,v,-0.05,1131.320691
506,v,0.05,1130.530476
506,v,0.15,1129.786281
506,v,0.35,1128.425381
506,v,0.7,1126.40356
506,d4,-0.045,1072.816576
506,d4,-0.025,1097.991815
506,d4,-0.008,1120.199606
506,d4,0.008,1141.818095
506,d4,0.025,1165.590633
506,d4,0.06,1217.337109
506,dc,-0.005,1127.631576
506,dc,0.008,1136.250376
506,dc,0.025,1147.872536
506,dc,0.06,1173.145559
507,f0,0,1124.717888
507,u,-0.7,1339.237872
507,u,-0.35,1214.124694
507,u,-0.15,1159.401177
507,u,-0.05,1135.730296
507,u,0.05,1114.219774
507,u,0.15,1094.670539
507,u,0.35,1060.750594
507,u,0.7,1014.931613
507,v,-0.7,1131.785765
507,v,-0.35,1127.882121
507,v,-0.15,1125.993102
507,v,-0.05,1125.130273
507,v,0.05,1124.317692
507,v,0.15,1123.552431
507,v,0.35,1122.153011
507,v,0.7,1120.073962
507,d4,-0.04,1072.535566
507,d4,-0.025,1091.607629
507,d4,-0.008,1113.936554
507,d4,0.008,1135.680511
507,d4,0.025,1159.599653
507,d4,0.06,1211.696687
507,dc,-0.02,1111.754113
507,dc,-0.008,1119.469354
507,dc,0.008,1130.052965
507,dc,0.025,1141.68765
507,dc,0.06,1167.002354
508,f0,0,1248.853637
508,u,-0.7,1588.000813
508,u,-0.35,1390.086037
508,u,-0.15,1303.617788
508,u,-0.05,1266.238439
508,u,0.05,1232.283966
508,u,0.15,1201.437303
508,u,0.35,1147.944331
508,u,0.7,1075.749551
508,v,-0.7,1257.502635
508,v,-0.35,1252.725725
508,v,-0.15,1250.414122
508,v,-0.05,1249.358275
508,v,0.05,1248.363914
508,v,0.15,1247.427461
508,v,0.35,1245.714984
508,v,0.7,1243.170841
508,d4,-0.04,1193.283988
508,d4,-0.025,1213.602946
508,d4,-0.008,1237.378755
508,d4,0.008,1260.518048
508,d4,0.025,1285.956306
508,d4,0.06,1341.30361
508,dc,0.008,1255.010093
508,dc,0.025,1268.43174
508,dc,0.06,1297.612918
509,f0,0,1256.905423
509,u,-0.7,1599.423884
509,u,-0.35,1399.531648
509,u,-0.15,1312.207594
509,u,-0.05,1274.46061
509,u,0.05,1240.173757
509,u,0.15,1209.026706
509,u,0.35,1155.017397
509,u,0.7,1082.139722
509,v,-0.7,1265.732151
509,v,-0.35,1260.85708
509,v,-0.15,1258.497975
509,v,-0.05,1257.42043
509,v,0.05,1256.405637
509,v,0.15,1255.44994
509,v,0.35,1253.702273
509,v,0.7,1251.10585
509,d4,-0.04,1200.481745
509,d4,-0.025,1221.107505
509,d4,-0.008,1245.25032
509,d4,0.008,1268.755097
509,d4,0.025,1294.60461
509,d4,0.06,1350.880984
509,dc,-0.01,1249.194142
509,dc,-0.008,1250.723907
509,dc,0.008,1263.188762
509,dc,0.025,1276.890884
509,dc,0.06,1306.700156
510,f0,0,875.8507465
510,u,-0.7,930.673939
510,u,-0.35,896.7047022
510,u,-0.15,883.6467917
510,u,-0.05,878.2882607
510,u,0.05,873.5585947
510,u,0.15,869.3692494
510,u,0.35,862.3294373
510,u,0.7,853.5221907
510,v,-0.7,884.1110041
510,v,-0.35,879.5487985
510,v,-0.15,877.3410935
510,v,-0.05,876.3327021
510,v,0.05,875.3830348
510,v,0.15,874.4886719
510,v,0.35,872.8531638
510,v,0.7,870.4233705
510,d4,0.008,884.6383123
510,d4,0.025,903.7495549
510,d4,0.06,945.1139087
510,dc,-0.06,875.8507465
510,dc,-0.025,875.8507465
510,dc,-0.008,875.8507465
510,dc,0.008,875.8507465
510,dc,0.025,875.8507465
510,dc,0.06,875.8507465
511,f0,0,880.3474776
511,u,-0.7,938.0004041
511,u,-0.35,902.5117671
511,u,-0.15,888.6720997
511,u,-0.05,882.9555378
511,u,0.05,877.8904132
511,u,0.15,873.3879404
511,u,0.35,865.7862183
511,u,0.7,856.0910759
511,v,-0.7,888.8074624
511,v,-0.35,884.1349459
511,v,-0.15,881.8738601
511,v,-0.05,880.8410865
511,v,0.05,879.868457
511,v,0.15,878.9524689
511,v,0.35,877.2774154
511,v,0.7,874.7888714
511,d4,0.008,889.1461884
511,d4,0.025,908.285716
511,d4,0.06,949.7249686
511,dc,-0.06,880.3474776
511,dc,-0.025,880.3474776
511,dc,-0.008,880.3474776
511,dc,0.008,880.3474776
511,dc,0.025,880.3474776
511,dc,0.06,880.3474776
512,f0,0,889.1264746
512,u,-0.7,956.057137
512,u,-0.35,914.9452954
512,u,-0.15,898.8407214
512,u,-0.05,892.1723411
512,u,0.05,886.2547979
512,u,0.15,880.9868926
512,u,0.35,872.0751302
512,u,0.7,860.4373287
512,v,-0.7,897.6242905
512,v,-0.35,892.9308795
512,v,-0.15,890.6596827
512,v,-0.05,889.6222908
512,v,0.05,888.6453119
512,v,0.15,887.7252278
512,v,0.35,886.0426838
512,v,0.7,883.5430117
512,d4,0.008,897.9662734
512,d4,0.025,917.2017136
512,d4,0.06,958.8718745
512,dc,-0.06,889.1264746
512,dc,-0.025,889.1264746
512,dc,-0.008,889.1264746
512,dc,0.008,889.1264746
512,dc,0.025,889.1264746
512,dc,0.06,889.1264746
513,f0,0,912.6010608
513,u,-0.7,1001.653486
513,u,-0.35,947.8527921
513,u,-0.15,925.9232106
513,u,-0.05,916.7863459
513,u,0.05,908.6480454
513,u,0.15,901.3781032
513,u,0.35,889.0232023
513,u,0.7,872.7786775
513,v,-0.7,921.2978747
513,v,-0.35,916.4945556
513,v,-0.15,914.170173
513,v,-0.05,913.1084879
513,v,0.05,912.1086305
513,v,0.15,911.1670003
513,v,0.35,909.4450553
513,v,0.7,906.886847
513,d4,0.008,921.5652511
513,d4,0.025,941.0814951
513,d4,0.06,983.3976554
513,dc,-0.05,907.1254804
513,dc,-0.025,912.6010608
513,dc,-0.008,912.6010608
513,dc,0.008,912.6010608
513,dc,0.025,912.6010608
513,dc,0.06,912.6010608
514,f0,0,900.3874123
514,u,-0.7,978.7076372
514,u,-0.35,930.7114975
514,u,-0.15,911.8177013
514,u,-0.05,903.9743067
514,u,0.05,897.0030505
514,u,0.15,890.7878556
514,u,0.35,880.2525023
514,u,0.7,866.4525634
514,v,-0.7,909.1161902
514,v,-0.35,904.2952171
514,v,-0.15,901.9622915
514,v,-0.05,900.8967043
514,v,0.05,899.8931721
514,v,0.15,898.948081
514,v,0.35,897.2198072
514,v,0.7,894.6521965
514,d4,0.008,909.2840573
514,d4,0.025,928.6488664
514,d4,0.06,970.6201569
514,dc,-0.06,900.3874123
514,dc,-0.025,900.3874123
514,dc,-0.008,900.3874123
514,dc,0.008,900.3874123
514,dc,0.025,900.3874123
514,dc,0.06,900.3874123
515,f0,0,956.5683055
515,u,-0.7,1084.178202
515,u,-0.35,1010.589807
515,u,-0.15,976.8402111
515,u,-0.05,962.919277
515,u,0.05,950.5841074
515,u,0.15,939.6137737
515,u,0.35,921.0695853
515,u,0.7,896.8652048
515,v,-0.7,967.8201653
515,v,-0.35,961.6056742
515,v,-0.15,958.5984087
515,v,-0.05,957.2248101
515,v,0.05,955.9312036
515,v,0.15,954.7129309
515,v,0.35,952.4850938
515,v,0.7,949.1753068
515,d4,0.008,965.8125831
515,d4,0.025,985.9476222
515,d4,0.06,1029.642171
515,dc,-0.06,947.2851603
515,dc,-0.025,956.5683055
515,dc,-0.008,956.5683055
515,dc,0.008,956.5683055
515,dc,0.025,956.5683055
515,dc,0.06,956.5683055
516,f0,0,952.1957517
516,u,-0.7,1099.520064
516,u,-0.35,1006.842812
516,u,-0.15,972.4812486
516,u,-0.05,958.5228443
516,u,0.05,946.2573151
516,u,0.15,935.4289186
516,u,0.35,917.2925782
516,u,0.7,893.9276631
516,v,-0.7,963.6899613
516,v,-0.35,957.3416184
516,v,-0.15,954.2695806
516,v,-0.05,952.8663965
516,v,0.05,951.5449274
516,v,0.15,950.3004148
516,v,0.35,948.0245931
516,v,0.7,944.6435178
516,d4,0.008,961.443089
516,d4,0.025,981.5852682
516,d4,0.06,1025.298287
516,dc,-0.06,952.1957517
516,dc,-0.025,952.1957517
516,dc,-0.008,952.1957517
516,dc,0.008,952.1957517
516,dc,0.025,952.1957517
516,dc,0.06,952.1957517
517,f0,0,922.5023857
517,u,-0.7,1044.854347
517,u,-0.35,965.974121
517,u,-0.15,938.3549145
517,u,-0.05,927.4094852
517,u,0.05,917.9281222
517,u,0.15,909.6668615
517,u,0.35,896.0664956
517,u,0.7,878.9958085
517,v,-0.7,935.2486019
517,v,-0.35,928.2087659
517,v,-0.15,924.8021064
517,v,-0.05,923.2460805
517,v,0.05,921.7806705
517,v,0.15,920.4005993
517,v,0.35,917.8768838
517,v,0.7,914.1275249
517,d4,0.008,931.5813395
517,d4,0.025,951.3506426
517,d4,0.06,994.2315303
517,dc,-0.06,922.5023857
517,dc,-0.025,922.5023857
517,dc,-0.008,922.5023857
517,dc,0.008,922.5023857
517,dc,0.025,922.5023857
517,dc,0.06,922.5023857
518,f0,0,904.8217099
518,u,-0.7,990.3561063
518,u,-0.35,936.533122
518,u,-0.15,916.5664463
518,u,-0.05,908.4800798
518,u,0.05,901.3927395
518,u,0.15,895.1533964
518,u,0.35,884.7480435
518,u,0.7,871.4427504
518,v,-0.7,917.5819683
518,v,-0.35,910.5343767
518,v,-0.15,907.1239641
518,v,-0.05,905.566224
518,v,0.05,904.0991995
518,v,0.15,902.717608
518,v,0.35,900.1911122
518,v,0.7,896.4376227
518,d4,0.008,913.7407477
518,d4,0.025,933.1534518
518,d4,0.06,975.2270195
518,dc,-0.06,904.8217099
518,dc,-0.025,904.8217099
518,dc,-0.008,904.8217099
518,dc,0.008,904.8217099
518,dc,0.025,904.8217099
518,dc,0.06,904.8217099
519,f0,0,917.7661863
519,u,-0.7,1019.355822
519,u,-0.35,955.4284314
519,u,-0.15,931.7243559
519,u,-0.05,922.1157965
519,u,0.05,913.6875759
519,u,0.15,906.2611736
519,u,0.35,893.8589773
519,u,0.7,877.9612165
519,v,-0.7,930.5891354
519,v,-0.35,923.5069192
519,v,-0.15,920.0797514
519,v,-0.05,918.5143582
519,v,0.05,917.0401263
519,v,0.15,915.651747
519,v,0.35,913.1128387
519,v,0.7,909.3409084
519,d4,0.008,926.7654549
519,d4,0.025,946.3583747
519,d4,0.06,988.8438312
519,dc,-0.06,917.7661863
519,dc,-0.025,917.7661863
519,dc,-0.008,917.7661863
519,dc,0.008,917.7661863
519,dc,0.025,917.7661863
519,dc,0.06,917.7661863
520,f0,0,991.920334
520,u,-0.7,1168.398984
520,u,-0.35,1064.694328
520,u,-0.15,1018.844409
520,u,-0.05,1000.308091
520,u,0.05,984.0552823
520,u,0.15,969.7308252
520,u,0.35,945.7811799
520,u,0.7,914.9868177
520,v,-0.7,1005.124212
520,v,-0.35,997.8316057
520,v,-0.15,994.3026277
520,v,-0.05,992.6907316
520,v,0.05,991.1727051
520,v,0.15,989.7430815
520,v,0.35,987.1287503
520,v,0.7,983.2447681
520,d4,0.008,1001.44183
520,d4,0.025,1022.18651
520,d4,0.06,1067.229738
520,dc,-0.06,991.920334
520,dc,-0.025,991.920334
520,dc,-0.008,991.920334
520,dc,0.008,991.920334
520,dc,0.025,991.920334
520,dc,0.06,991.920334
521,f0,0,894.0646102
521,u,-0.7,964.0451342
521,u,-0.35,920.1050236
521,u,-0.15,903.7161001
521,u,-0.05,897.0714783
521,u,0.05,891.246039
521,u,0.15,886.1171684
521,u,0.35,877.5650041
521,u,0.7,867.0179674
521,v,-0.7,907.3038166
521,v,-0.35,899.9916982
521,v,-0.15,896.4532781
521,v,-0.05,894.8370691
521,v,0.05,893.3149809
521,v,0.15,891.8815322
521,v,0.35,889.260206
521,v,0.7,885.3658317
521,d4,0.008,902.9127882
521,d4,0.025,922.1638471
521,d4,0.06,963.8597367
521,dc,-0.06,894.0646102
521,dc,-0.025,894.0646102
521,dc,-0.008,894.0646102
521,dc,0.008,894.0646102
521,dc,0.025,894.0646102
521,dc,0.06,894.0646102
522,f0,0,953.4387455
522,u,-0.7,1110.564169
522,u,-0.35,1009.830271
522,u,-0.15,974.1138527
522,u,-0.05,959.8547503
522,u,0.05,947.4437142
522,u,0.15,936.5789584
522,u,0.35,918.5744591
522,u,0.7,895.7318945
522,v,-0.7,967.3351064
522,v,-0.35,959.6600363
522,v,-0.15,955.9459796
522,v,-0.05,954.2495469
522,v,0.05,952.6519068
522,v,0.15,951.147306
522,v,0.35,948.3958651
522,v,0.7,944.3081858
522,d4,0.008,962.7048853
522,d4,0.025,982.8888188
522,d4,0.06,1026.696929
522,dc,-0.06,953.4387455
522,dc,-0.025,953.4387455
522,dc,-0.008,953.4387455
522,dc,0.008,953.4387455
522,dc,0.025,953.4387455
522,dc,0.06,953.4387455
523,f0,0,955.6864225
523,u,-0.7,1138.379759
523,u,-0.35,1018.199167
523,u,-0.15,978.2150925
523,u,-0.05,962.6292633
523,u,0.05,949.2384964
523,u,0.15,937.6500272
523,u,0.35,918.7224011
523,u,0.7,895.2065106
523,v,-0.7,969.5979359
523,v,-0.35,961.914497
523,v,-0.15,958.1963905
523,v,-0.05,956.498108
523,v,0.05,954.8987258
523,v,0.15,953.3924844
523,v,0.35,950.6380434
523,v,0.7,946.5459068
523,d4,0.008,965.030078
523,d4,0.025,985.3853335
523,d4,0.06,1029.577196
523,dc,-0.06,955.6864225
523,dc,-0.025,955.6864225
523,dc,-0.008,955.6864225
523,dc,0.008,955.6864225
523,dc,0.025,955.6864225
523,dc,0.06,955.6864225
524,f0,0,1012.095629
524,u,-0.7,1224.354757
524,u,-0.35,1104.990216
524,u,-0.15,1045.4794
524,u,-0.05,1022.377602
524,u,0.05,1002.549034
524,u,0.15,985.3917249
524,u,0.35,957.3434835
524,u,0.7,922.3815616
524,v,-0.7,1026.18726
524,v,-0.35,1018.404341
524,v,-0.15,1014.638095
524,v,-0.05,1012.917824
524,v,0.05,1011.297734
524,v,0.15,1009.771991
524,v,0.35,1006.981887
524,v,0.7,1002.836768
524,d4,0.008,1021.873506
524,d4,0.025,1043.183497
524,d4,0.06,1089.485674
524,dc,-0.06,1012.095629
524,dc,-0.025,1012.095629
524,dc,-0.008,1012.095629
524,dc,0.008,1012.095629
524,dc,0.025,1012.095629
524,dc,0.06,1012.095629
525,f0,0,919.952474
525,u,-0.7,1042.037518
525,u,-0.35,962.5126389
525,u,-0.15,935.3539029
525,u,-0.05,924.7044243
525,u,0.05,915.5358477
525,u,0.15,907.5922389
525,u,0.35,894.6125453
525,u,0.7,878.5087581
525,v,-0.7,934.0703522
525,v,-0.35,926.2729364
525,v,-0.15,922.4996752
525,v,-0.05,920.7762002
525,v,0.05,919.1530926
525,v,0.15,917.6245075
525,v,0.35,914.8292068
525,v,0.7,910.676367
525,d4,0.008,929.017581
525,d4,0.025,948.7553387
525,d4,0.06,991.5630959
525,dc,-0.06,919.952474
525,dc,-0.025,919.952474
525,dc,-0.008,919.952474
525,dc,0.008,919.952474
525,dc,0.025,919.952474
525,dc,0.06,919.952474
526,f0,0,1007.531893
526,u,-0.7,1306.366907
526,u,-0.35,1103.326978
526,u,-0.15,1041.398496
526,u,-0.05,1017.895314
526,u,0.05,997.9635196
526,u,0.15,980.8980022
526,u,0.35,953.364979
526,u,0.7,919.6867782
526,v,-0.7,1023.119708
526,v,-0.35,1014.510435
526,v,-0.15,1010.344306
526,v,-0.05,1008.441385
526,v,0.05,1006.649281
526,v,0.15,1004.961541
526,v,0.35,1001.875197
526,v,0.7,997.2899685
526,d4,0.008,1017.322989
526,d4,0.025,1038.663766
526,d4,0.06,1085.042824
526,dc,-0.06,1007.531893
526,dc,-0.025,1007.531893
526,dc,-0.008,1007.531893
526,dc,0.008,1007.531893
526,dc,0.025,1007.531893
526,dc,0.06,1007.531893
527,f0,0,1043.933446
527,u,-0.7,1402.069955
527,u,-0.35,1173.256106
527,u,-0.15,1088.421425
527,u,-0.05,1057.410676
527,u,0.05,1031.594321
527,u,0.15,1009.82998
527,u,0.35,975.3506517
527,u,0.7,934.1869644
527,v,-0.7,1060.28815
527,v,-0.35,1051.255317
527,v,-0.15,1046.884224
527,v,-0.05,1044.887683
527,v,0.05,1043.007411
527,v,0.15,1041.236638
527,v,0.35,1037.998452
527,v,0.7,1033.18764
527,d4,0.008,1054.11909
527,d4,0.025,1076.329075
527,d4,0.06,1124.639943
527,dc,-0.06,1043.933446
527,dc,-0.025,1043.933446
527,dc,-0.008,1043.933446
527,dc,0.008,1043.933446
527,dc,0.025,1043.933446
527,dc,0.06,1043.933446
528,f0,0,974.8972354
528,u,-0.7,1231.05121
528,u,-0.35,1055.053299
528,u,-0.15,1002.950375
528,u,-0.05,983.4440156
528,u,0.05,967.0379233
528,u,0.15,953.1015878
528,u,0.35,930.8596564
528,u,0.7,904.1280455
528,v,-0.7,991.5880178
528,v,-0.35,982.3695667
528,v,-0.15,977.9086496
528,v,-0.05,975.871081
528,v,0.05,973.9521712
528,v,0.15,972.1450099
528,v,0.35,968.8402813
528,v,0.7,963.9306098
528,d4,0.008,984.4596239
528,d4,0.025,1005.298111
528,d4,0.06,1050.570184
528,dc,-0.06,974.8972354
528,dc,-0.025,974.8972354
528,dc,-0.008,974.8972354
528,dc,0.008,974.8972354
528,dc,0.025,974.8972354
528,dc,0.06,974.8972354
529,f0,0,1073.373261
529,u,-0.7,1325.844878
529,u,-0.35,1200.574813
529,u,-0.15,1118.663339
529,u,-0.05,1087.277049
529,u,0.05,1060.497469
529,u,0.15,1037.432591
529,u,0.35,999.9118583
529,u,0.7,953.3963532
529,v,-0.7,1090.180223
529,v,-0.35,1080.897605
529,v,-0.15,1076.405637
529,v,-0.05,1074.353886
529,v,0.05,1072.421619
529,v,0.15,1070.601879
529,v,0.35,1067.274147
529,v,0.7,1062.330301
529,d4,0.008,1083.621033
529,d4,0.025,1105.961897
529,d4,0.06,1154.534357
529,dc,-0.06,1073.373261
529,dc,-0.025,1073.373261
529,dc,-0.008,1073.373261
529,dc,0.008,1073.373261
529,dc,0.025,1073.373261
529,dc,0.06,1073.373261
530,f0,0,1108.763575
530,u,-0.7,1373.793995
530,u,-0.35,1247.649411
530,u,-0.15,1169.43157
530,u,-0.05,1127.029493
530,u,0.05,1092.121205
530,u,0.15,1062.944594
530,u,0.35,1017.14144
530,u,0.7,963.0056611
530,v,-0.7,1126.336594
530,v,-0.35,1116.630877
530,v,-0.15,1111.934166
530,v,-0.05,1109.788896
530,v,0.05,1107.768557
530,v,0.15,1105.865874
530,v,0.35,1102.386465
530,v,0.7,1097.21728
530,d4,0.008,1119.527761
530,d4,0.025,1143.009283
530,d4,0.06,1194.131815
530,dc,-0.06,1108.763575
530,dc,-0.025,1108.763575
530,dc,-0.008,1108.763575
530,dc,0.008,1108.763575
530,dc,0.025,1108.763575
530,dc,0.06,1108.763575
531,f0,0,1016.437836
531,u,-0.7,1392.507931
531,u,-0.35,1126.944969
531,u,-0.15,1054.492097
531,u,-0.05,1027.966217
531,u,0.05,1005.884882
531,u,0.15,987.2801677
531,u,0.35,957.8510545
531,u,0.7,922.8479402
531,v,-0.7,1034.180937
531,v,-0.35,1024.381282
531,v,-0.15,1019.639114
531,v,-0.05,1017.473081
531,v,0.05,1015.433188
531,v,0.15,1013.512089
531,v,0.35,1009.999004
531,v,0.7,1004.779788
531,d4,0.008,1026.380862
531,d4,0.025,1048.05803
531,d4,0.06,1095.193259
531,dc,-0.06,1016.437836
531,dc,-0.025,1016.437836
531,dc,-0.008,1016.437836
531,dc,0.008,1016.437836
531,dc,0.025,1016.437836
531,dc,0.06,1016.437836
532,f0,0,954.2746777
532,u,-0.7,1156.797405
532,u,-0.35,1019.223654
532,u,-0.15,977.1423884
532,u,-0.05,961.2553557
532,u,0.05,947.8458639
532,u,0.15,936.4257161
532,u,0.35,918.1559891
532,u,0.7,896.1584805
532,v,-0.7,972.107399
532,v,-0.35,962.258246
532,v,-0.15,957.4921249
532,v,-0.05,955.3151513
532,v,0.05,953.2649548
532,v,0.15,951.3341524
532,v,0.35,947.8033231
532,v,0.7,942.5577449
532,d4,0.008,963.635107
532,d4,0.025,984.0275623
532,d4,0.06,1028.305206
532,dc,-0.06,954.2746777
532,dc,-0.025,954.2746777
532,dc,-0.008,954.2746777
532,dc,0.008,954.2746777
532,dc,0.025,954.2746777
532,dc,0.06,954.2746777
533,f0,0,1228.096649
533,u,-0.7,1530.081307
533,u,-0.35,1353.800338
533,u,-0.15,1276.826156
533,u,-0.05,1243.563509
533,u,0.05,1213.357241
533,u,0.15,1182.737023
533,u,0.35,1108.984867
533,u,0.7,1025.091719
533,v,-0.7,1249.705419
533,v,-0.35,1237.770724
533,v,-0.15,1231.995385
533,v,-0.05,1229.357441
533,v,0.05,1226.873119
533,v,0.15,1224.533472
533,v,0.35,1220.254995
533,v,0.7,1213.898675
533,d4,0.008,1240.553174
533,d4,0.025,1267.784212
533,d4,0.06,1327.343957
533,dc,-0.06,1182.642723
533,dc,-0.025,1208.449196
533,dc,-0.008,1221.692979
533,dc,0.008,1234.614065
533,dc,0.025,1248.8557
533,dc,0.06,1259.501514
534,f0,0,1122.915719
534,u,-0.7,2230.616791
534,u,-0.35,1343.640118
534,u,-0.15,1192.880749
534,u,-0.05,1143.514844
534,u,0.05,1104.489992
534,u,0.15,1072.964282
534,u,0.35,1025.442718
534,u,0.7,972.3514799
534,v,-0.7,1152.152903
534,v,-0.35,1136.004975
534,v,-0.15,1128.190803
534,v,-0.05,1124.621601
534,v,0.05,1121.260254
534,v,0.15,1118.094656
534,v,0.35,1112.305775
534,v,0.7,1103.705521
534,d4,0.008,1133.919887
534,d4,0.025,1157.938742
534,d4,0.06,1210.297919
534,dc,-0.06,1122.915719
534,dc,-0.025,1122.915719
534,dc,-0.008,1122.915719
534,dc,0.008,1122.915719
534,dc,0.025,1122.915719
534,dc,0.06,1122.915719
535,f0,0,1327.638681
535,u,-0.7,2361.311903
535,u,-0.35,1979.868138
535,u,-0.15,1497.889543
535,u,-0.05,1375.074183
535,u,0.05,1286.915446
535,u,0.15,1220.67637
535,u,0.35,1128.123608
535,u,0.7,1033.517376
535,v,-0.7,1357.49795
535,v,-0.35,1341.00644
535,v,-0.15,1333.026003
535,v,-0.05,1329.380859
535,v,0.05,1325.947992
535,v,0.15,1322.715039
535,v,0.35,1316.802986
535,v,0.7,1308.019743
535,d4,0.008,1341.129546
535,d4,0.025,1370.649537
535,d4,0.06,1435.345183
535,dc,-0.06,1327.638681
535,dc,-0.025,1327.638681
535,dc,-0.008,1327.638681
535,dc,0.008,1327.638681
535,dc,0.025,1327.638681
535,dc,0.06,1327.638681
536,f0,0,1047.181649
536,u,-0.7,1546.606955
536,u,-0.35,1178.035916
536,u,-0.15,1090.883942
536,u,-0.05,1060.271887
536,u,0.05,1035.312716
536,u,0.15,1014.653661
536,u,0.35,982.6751088
536,u,0.7,945.7898011
536,v,-0.7,1077.118799
536,v,-0.35,1060.584274
536,v,-0.15,1052.583023
536,v,-0.05,1048.928371
536,v,0.05,1045.48655
536,v,0.15,1042.245165
536,v,0.35,1036.317692
536,v,0.7,1027.51154
536,d4,0.008,1057.320166
536,d4,0.025,1079.430145
536,d4,0.06,1127.538072
536,dc,-0.06,1047.181649
536,dc,-0.025,1047.181649
536,dc,-0.008,1047.181649
536,dc,0.008,1047.181649
536,dc,0.025,1047.181649
536,dc,0.06,1047.181649
537,f0,0,1181.157285
537,u,-0.7,5821.829626
537,u,-0.35,1514.356167
537,u,-0.15,1276.265232
537,u,-0.05,1208.253808
537,u,0.05,1157.535022
537,u,0.15,1118.431637
537,u,0.35,1062.543608
537,u,0.7,1004.419034
537,v,-0.7,1229.216535
537,v,-0.35,1202.673031
537,v,-0.15,1189.828317
537,v,-0.05,1183.961365
537,v,0.05,1178.436078
537,v,0.15,1173.232558
537,v,0.35,1163.71696
537,v,0.7,1149.580107
537,d4,0.008,1192.809141
537,d4,0.025,1218.267003
537,d4,0.06,1273.88453
537,dc,-0.06,1181.157285
537,dc,-0.025,1181.157285
537,dc,-0.008,1181.157285
537,dc,0.008,1181.157285
537,dc,0.025,1181.157285
537,dc,0.06,1181.157285
538,f0,0,2328.352373
538,u,-0.7,3503.978679
538,u,-0.35,2816.48758
538,u,-0.15,2517.317406
538,u,-0.05,2388.289695
538,u,0.05,2271.272076
538,u,0.15,2165.14212
538,u,0.35,1981.573074
538,u,0.7,1735.099229
538,v,-0.7,2378.422321
538,v,-0.35,2350.768292
538,v,-0.15,2337.386183
538,v,-0.05,2331.27377
538,v,0.05,2325.517316
538,v,0.15,2320.096092
538,v,0.35,2310.182381
538,v,0.7,2295.454073
538,d4,0.008,2358.207443
538,d4,0.025,2424.198833
538,d4,0.06,2572.1037
538,dc,-0.06,2181.434916
538,dc,-0.025,2263.965986
538,dc,-0.008,2307.216656
538,dc,0.008,2350.014812
538,dc,0.025,2397.889503
538,dc,0.06,2505.152828
539,f0,0,2500.118956
539,u,-0.7,3793.388152
539,u,-0.35,3036.99619
539,u,-0.15,2707.929566
539,u,-0.05,2566.030175
539,u,0.05,2437.35302
539,u,0.15,2320.661673
539,u,0.35,2118.861055
539,u,0.7,1739.690592
539,v,-0.7,2553.217293
539,v,-0.35,2523.890662
539,v,-0.15,2509.699159
539,v,-0.05,2503.217048
539,v,0.05,2497.112426
539,v,0.15,2491.363309
539,v,0.35,2480.849986
539,v,0.7,2465.230862
539,d4,0.008,2534.750418
539,d4,0.025,2611.562122
539,d4,0.06,2785.044544
539,dc,-0.06,2327.015715
539,dc,-0.025,2423.949878
539,dc,-0.008,2475.062264
539,dc,0.008,2525.85424
539,dc,0.025,2582.925483
539,dc,0.06,2711.780126
540,f0,0,1507.196011
540,u,-0.7,5782.718512
540,u,-0.35,3944.3654
540,u,-0.15,1859.54985
540,u,-0.05,1595.379892
540,u,0.05,1436.660253
540,u,0.15,1331.021656
540,u,0.35,1199.898595
540,u,0.7,1083.054726
540,v,-0.7,1561.983237
540,v,-0.35,1531.723819
540,v,-0.15,1517.08093
540,v,-0.05,1510.392644
540,v,0.05,1504.093853
540,v,0.15,1498.161876
540,v,0.35,1487.314157
540,v,0.7,1471.198239
540,d4,0.008,1523.319893
540,d4,0.025,1558.726837
540,d4,0.06,1636.92388
540,dc,-0.06,1507.196011
540,dc,-0.025,1507.196011
540,dc,-0.008,1507.196011
540,dc,0.008,1507.196011
540,dc,0.025,1507.196011
540,dc,0.06,1507.196011
541,f0,0,2951.966407
541,u,-0.7,4363.217701
541,u,-0.35,3537.452869
541,u,-0.15,3178.505398
541,u,-0.05,3023.803502
541,u,0.05,2883.571135
541,u,0.15,2756.453953
541,u,0.35,2536.772274
541,u,0.7,1637.671034
541,v,-0.7,3008.066201
541,v,-0.35,2977.081841
541,v,-0.15,2962.088145
541,v,-0.05,2955.239623
541,v,0.05,2948.789929
541,v,0.15,2942.715835
541,v,0.35,2931.608232
541,v,0.7,2915.106216
541,d4,0.008,3015.475081
541,d4,0.025,3159.833707
541,d4,0.06,3504.815657
541,dc,-0.06,2636.806574
541,dc,-0.025,2809.457494
541,dc,-0.008,2904.392443
541,dc,0.008,3001.558967
541,dc,0.025,3114.264254
541,dc,0.06,3383.492301
542,f0,0,3803.556915
542,u,-0.7,5519.511898
542,u,-0.35,4514.993735
542,u,-0.15,4078.725249
542,u,-0.05,3890.798191
542,u,0.05,3720.511212
542,u,0.15,3566.20999
542,u,0.35,2682.461491
542,u,0.7,1462.806909
542,v,-0.7,3866.873937
542,v,-0.35,3831.903445
542,v,-0.15,3814.980812
542,v,-0.05,3807.25123
542,v,0.05,3799.971783
542,v,0.15,3793.116259
542,v,0.35,3780.579664
542,v,0.7,3761.954666
542,d4,0.008,3933.558779
542,d4,0.025,4241.616646
542,d4,0.06,5057.193987
542,dc,-0.06,3177.112421
542,dc,-0.025,3508.480738
542,dc,-0.008,3702.736201
542,dc,0.008,3911.248628
542,dc,0.025,4166.386941
542,dc,0.06,4841.549646
543,f0,0,3032.026649
543,u,-0.7,4836.747526
543,u,-0.35,3781.001631
543,u,-0.15,3321.8915
543,u,-0.05,3123.956724
543,u,0.05,2944.489063
543,u,0.15,2781.758368
543,u,0.35,2500.386588
543,u,0.7,2122.823636
543,v,-0.7,3097.135896
543,v,-0.35,3061.175544
543,v,-0.15,3043.773906
543,v,-0.05,3035.825533
543,v,0.05,3028.340038
543,v,0.15,3021.290464
543,v,0.35,3008.399014
543,v,0.7,2989.246825
543,d4,0.008,3072.755894
543,d4,0.025,3163.029274
543,d4,0.06,3366.594785
543,dc,-0.06,2816.56136
543,dc,-0.025,2937.288914
543,dc,-0.008,3000.874072
543,dc,0.008,3064.010112
543,dc,0.025,3134.891043
543,dc,0.06,3294.688001
544,f0,0,1221.542558
544,u,-0.7,5862.214899
544,u,-0.35,1554.74144
544,u,-0.15,1316.650505
544,u,-0.05,1248.639081
544,u,0.05,1197.920296
544,u,0.15,1158.81691
544,u,0.35,1102.928881
544,u,0.7,1044.804308
544,v,-0.7,1290.681369
544,v,-0.35,1252.495457
544,v,-0.15,1234.016845
544,v,-0.05,1225.576553
544,v,0.05,1217.627786
544,v,0.15,1210.141919
544,v,0.35,1196.452626
544,v,0.7,1176.115123
544,d4,0.008,1233.194414
544,d4,0.025,1258.652277
544,dc,-0.06,1221.542558
544,dc,-0.025,1221.542558
544,dc,-0.008,1221.542558
544,dc,0.008,1221.542558
544,dc,0.025,1221.542558
545,f0,0,4987.191514
545,u,-0.7,8668.569752
545,u,-0.35,6513.93972
545,u,-0.15,5577.851299
545,u,-0.05,5174.485738
545,u,0.05,4808.876013
545,u,0.15,4477.472242
545,u,0.35,3904.727337
545,u,0.7,3136.811209
545,v,-0.7,5087.807473
545,v,-0.35,5032.236483
545,v,-0.15,5005.345027
545,v,-0.05,4993.062085
545,v,0.05,4981.494445
545,v,0.15,4970.600453
545,v,0.35,4950.678772
545,v,0.7,4921.082119
545,d4,0.008,5051.754486
545,d4,0.025,5194.762359
545,d4,0.06,5516.779566
545,dc,-0.06,4609.669843
545,dc,-0.025,4821.308699
545,dc,-0.008,4932.663474
545,dc,0.008,5043.154244
545,dc,0.025,5167.105943
545,dc,0.06,5446.182163
546,f0,0,1095.551356
546,u,-0.7,2109.15263
546,u,-0.35,1295.260239
546,u,-0.15,1158.502198
546,u,-0.05,1114.036502
546,u,0.05,1079.058454
546,u,0.15,1050.948317
546,u,0.35,1008.909192
546,u,0.7,962.6368603
546,v,-0.7,1120.023557
546,v,-0.35,1106.507367
546,v,-0.15,1099.966724
546,v,-0.05,1096.979219
546,v,0.05,1094.165693
546,v,0.15,1091.516014
546,v,0.35,1086.670587
546,v,0.7,1079.471975
546,d4,-0.015,1075.316206
546,d4,-0.008,1084.679303
546,d4,0.008,1106.610896
546,d4,0.025,1130.758281
546,d4,0.06,1183.435529
546,dc,-0.06,1095.551356
546,dc,-0.025,1095.551356
546,dc,-0.008,1095.551356
546,dc,0.008,1095.551356
546,dc,0.025,1095.551356
546,dc,0.06,1095.551356
547,f0,0,1126.36143
547,u,-0.7,2020.66499
547,u,-0.35,1327.907536
547,u,-0.15,1191.725712
547,u,-0.05,1145.755318
547,u,0.05,1108.90546
547,u,0.15,1078.796131
547,u,0.35,1032.808084
547,u,0.7,980.5203374
547,v,-0.7,1154.661177
547,v,-0.35,1139.031003
547,v,-0.15,1131.467378
547,v,-0.05,1128.012616
547,v,0.05,1124.759044
547,v,0.15,1121.694945
547,v,0.35,1116.091674
547,v,0.7,1107.767171
547,d4,-0.008,1115.512641
547,d4,0.008,1137.395212
547,d4,0.025,1161.478823
547,d4,0.06,1213.979486
547,dc,-0.06,1126.36143
547,dc,-0.025,1126.36143
547,dc,-0.008,1126.36143
547,dc,0.008,1126.36143
547,dc,0.025,1126.36143
547,dc,0.06,1126.36143
548,f0,0,1225.721132
548,u,-0.7,4798.57526
548,u,-0.35,1697.063851
548,u,-0.15,1352.418554
548,u,-0.05,1261.232623
548,u,0.05,1195.13057
548,u,0.15,1145.225969
548,u,0.35,1075.436522
548,u,0.7,1004.698556
548,v,-0.7,1253.858857
548,v,-0.35,1238.318169
548,v,-0.15,1230.797847
548,v,-0.05,1227.362865
548,v,0.05,1224.12792
548,v,0.15,1221.081364
548,v,0.35,1215.510172
548,v,0.7,1207.233329
548,d4,-0.02,1194.502802
548,d4,-0.008,1213.063088
548,d4,0.008,1238.614346
548,d4,0.025,1266.824429
548,d4,0.06,1328.644699
548,dc,-0.06,1225.721132
548,dc,-0.025,1225.721132
548,dc,-0.008,1225.721132
548,dc,0.008,1225.721132
548,dc,0.025,1225.721132
548,dc,0.06,1225.721132
549,f0,0,1275.943803
549,u,-0.7,5122.692845
549,u,-0.35,1794.069773
549,u,-0.15,1417.522104
549,u,-0.05,1315.848359
549,u,0.05,1241.405956
549,u,0.15,1184.684244
549,u,0.35,1104.349483
549,u,0.7,1021.083916
549,v,-0.7,1305.360899
549,v,-0.35,1289.113604
549,v,-0.15,1281.251347
549,v,-0.05,1277.660183
549,v,0.05,1274.278151
549,v,0.15,1271.093074
549,v,0.35,1265.26857
549,v,0.7,1256.615395
549,d4,-0.006,1266.350965
549,d4,0.008,1288.940034
549,d4,0.025,1317.366471
549,d4,0.06,1379.614195
549,dc,-0.06,1275.943803
549,dc,-0.025,1275.943803
549,dc,-0.008,1275.943803
549,dc,0.008,1275.943803
549,dc,0.025,1275.943803
549,dc,0.06,1275.943803
550,f0,0,1308.205041
550,u,-0.7,5673.343105
550,u,-0.35,2075.531485
550,u,-0.15,1489.255022
550,u,-0.05,1357.373351
550,u,0.05,1266.781367
550,u,0.15,1200.981887
550,u,0.35,1112.485969
550,u,0.7,1026.761668
550,v,-0.7,1336.752551
550,v,-0.35,1320.985535
550,v,-0.15,1313.355691
550,v,-0.05,1309.870683
550,v,0.05,1306.588626
550,v,0.15,1303.497701
550,v,0.35,1297.845373
550,v,0.7,1289.44799
550,d4,-0.025,1265.578998
550,d4,-0.008,1294.287558
550,d4,0.008,1322.393984
550,d4,0.025,1353.484288
550,d4,0.06,1421.831919
550,dc,-0.06,1308.205041
550,dc,-0.025,1308.205041
550,dc,-0.008,1308.205041
550,dc,0.008,1308.205041
550,dc,0.025,1308.205041
550,dc,0.06,1308.205041
551,f0,0,2026.240469
551,u,-0.7,18562.0971
551,u,-0.35,15313.97791
551,u,-0.15,3272.644308
551,u,-0.05,2274.460724
551,u,0.05,1849.163413
551,u,0.15,1613.357712
551,u,0.35,1360.206509
551,u,0.7,1163.226778
551,v,-0.7,2077.216239
551,v,-0.35,2049.061918
551,v,-0.15,2035.437711
551,v,-0.05,2029.214718
551,v,0.05,2023.354123
551,v,0.15,2017.834823
551,v,0.35,2007.741762
551,v,0.7,1992.747002
551,d4,-0.005,2011.905357
551,d4,0.008,2049.659907
551,d4,0.025,2101.486582
551,dc,-0.06,2026.240469
551,dc,-0.025,2026.240469
551,dc,-0.008,2026.240469
551,dc,0.008,2026.240469
551,dc,0.025,2026.240469
552,f0,0,972.534129
552,u,-0.7,1040.177987
552,u,-0.35,997.9366005
552,u,-0.15,981.9755801
552,u,-0.05,975.4783296
552,u,0.05,969.7723999
552,u,0.15,964.7433217
552,u,0.35,956.3536631
552,u,0.7,946.4031125
552,v,-0.7,1003.924592
552,v,-0.35,986.587391
552,v,-0.15,978.1977154
552,v,-0.05,974.3656469
552,v,0.05,970.7567406
552,v,0.15,967.3580007
552,v,0.35,961.1427761
552,v,0.7,951.9091249
552,d4,-0.04,927.0389003
552,d4,-0.025,943.6956583
552,d4,-0.008,963.1537701
552,d4,0.008,982.0631524
552,d4,0.025,1002.825122
552,d4,0.06,1047.924713
552,dc,-0.06,972.534129
552,dc,-0.025,972.534129
552,dc,-0.008,972.534129
552,dc,0.008,972.534129
552,dc,0.025,972.534129
552,dc,0.06,972.534129
553,f0,0,986.9889577
553,u,-0.7,1073.170738
553,u,-0.35,1019.186008
553,u,-0.15,998.9422937
553,u,-0.05,990.7154168
553,u,0.05,983.4939526
553,u,0.15,977.1299439
553,u,0.35,966.5098182
553,u,0.7,953.1642574
553,v,-0.7,1021.69967
553,v,-0.35,1002.528669
553,v,-0.15,993.251596
553,v,-0.05,989.0141999
553,v,0.05,985.0235704
553,v,0.15,981.2653372
553,v,0.35,974.3927125
553,v,0.7,964.1823946
553,d4,-0.035,946.9869539
553,d4,-0.025,958.1424276
553,d4,-0.008,977.6046737
553,d4,0.008,996.5229987
553,d4,0.025,1017.298764
553,d4,0.06,1062.436955
553,dc,-0.06,986.9889577
553,dc,-0.025,986.9889577
553,dc,-0.008,986.9889577
553,dc,0.008,986.9889577
553,dc,0.025,986.9889577
553,dc,0.06,986.9889577
554,f0,0,1010.067034
554,u,-0.7,1155.403632
554,u,-0.35,1062.22785
554,u,-0.15,1029.175814
554,u,-0.05,1015.994064
554,u,0.05,1004.531799
554,u,0.15,994.5088207
554,u,0.35,977.9302127
554,u,0.7,956.9776085
554,v,-0.7,1049.432175
554,v,-0.35,1027.690496
554,v,-0.15,1017.169442
554,v,-0.05,1012.363845
554,v,0.05,1007.838104
554,v,0.15,1003.575922
554,v,0.35,995.7817333
554,v,0.7,984.2022937
554,d4,-0.016,991.5442154
554,d4,-0.008,1000.732993
554,d4,0.008,1019.550078
554,d4,0.025,1040.214061
554,d4,0.06,1085.100578
554,dc,-0.06,1010.067034
554,dc,-0.025,1010.067034
554,dc,-0.008,1010.067034
554,dc,0.008,1010.067034
554,dc,0.025,1010.067034
554,dc,0.06,1010.067034
555,f0,0,1025.205197
555,u,-0.7,1247.844413
555,u,-0.35,1096.288403
555,u,-0.15,1050.204412
555,u,-0.05,1032.833555
555,u,0.05,1018.182144
555,u,0.15,1005.711583
555,u,0.35,985.7756138
555,u,0.7,961.8023849
555,v,-0.7,1066.680058
555,v,-0.35,1043.773165
555,v,-0.15,1032.688249
555,v,-0.05,1027.625103
555,v,0.05,1022.856811
555,v,0.15,1018.366203
555,v,0.35,1010.154295
555,v,0.7,997.9542715
555,d4,-0.015,1007.415234
555,d4,-0.008,1015.651223
555,d4,0.008,1034.913771
555,d4,0.025,1056.076438
555,d4,0.06,1102.080196
555,dc,-0.06,1025.205197
555,dc,-0.025,1025.205197
555,dc,-0.008,1025.205197
555,dc,0.008,1025.205197
555,dc,0.025,1025.205197
555,dc,0.06,1025.205197
556,f0,0,1045.464215
556,u,-0.7,1213.678405
556,u,-0.35,1106.060093
556,u,-0.15,1067.716029
556,u,-0.05,1052.374182
556,u,0.05,1039.003712
556,u,0.15,1027.285517
556,u,0.35,1007.838239
556,u,0.7,983.116318
556,v,-0.7,1098.075817
556,v,-0.35,1069.018013
556,v,-0.15,1054.9566
556,v,-0.05,1048.533908
556,v,0.05,1042.485245
556,v,0.15,1036.788829
556,v,0.35,1026.371878
556,v,0.7,1010.89593
556,d4,-0.008,1036.143686
556,d4,0.008,1054.933184
556,d4,0.025,1075.565025
556,d4,0.06,1120.372875
556,dc,-0.06,1045.464215
556,dc,-0.025,1045.464215
556,dc,-0.008,1045.464215
556,dc,0.008,1045.464215
556,dc,0.025,1045.464215
556,dc,0.06,1045.464215
557,f0,0,1121.587944
557,u,-0.7,1365.226566
557,u,-0.35,1206.918758
557,u,-0.15,1152.659012
557,u,-0.05,1131.20683
557,u,0.05,1112.617546
557,u,0.15,1096.399869
557,u,0.35,1069.621414
557,u,0.7,1035.782318
557,v,-0.7,1192.495586
557,v,-0.35,1153.332734
557,v,-0.15,1134.381369
557,v,-0.05,1125.725143
557,v,0.05,1117.573017
557,v,0.15,1109.895633
557,v,0.35,1095.856116
557,v,0.7,1074.998303
557,d4,-0.005,1115.555376
557,d4,0.008,1131.366263
557,d4,0.025,1152.677374
557,d4,0.06,1198.982651
557,dc,-0.06,1121.587944
557,dc,-0.025,1121.587944
557,dc,-0.008,1121.587944
557,dc,0.008,1121.587944
557,dc,0.025,1121.587944
557,dc,0.06,1121.587944
558,f0,0,1036.758892
558,u,-0.7,1461.427585
558,u,-0.35,1152.710734
558,u,-0.15,1075.816092
558,u,-0.05,1048.489441
558,u,0.05,1026.101128
558,u,0.15,1007.505297
558,u,0.35,978.6278913
558,u,0.7,945.2447498
558,v,-0.7,1061.716717
558,v,-0.35,1047.932313
558,v,-0.15,1041.261878
558,v,-0.05,1038.215089
558,v,0.05,1035.345732
558,v,0.15,1032.643473
558,v,0.35,1027.701893
558,v,0.7,1020.360433
558,d4,-0.015,1017.993086
558,d4,-0.008,1026.678896
558,d4,0.008,1047.006568
558,d4,0.025,1069.359993
558,d4,0.06,1118.023818
558,dc,-0.06,1036.758892
558,dc,-0.025,1036.758892
558,dc,-0.008,1036.758892
558,dc,0.008,1036.758892
558,dc,0.025,1036.758892
558,dc,0.06,1036.758892
559,f0,0,1041.55962
559,u,-0.7,1348.12512
559,u,-0.35,1138.169089
559,u,-0.15,1075.501563
559,u,-0.05,1051.919176
559,u,0.05,1032.017048
559,u,0.15,1015.053305
559,u,0.35,987.8485094
559,u,0.7,954.8920185
559,v,-0.7,1067.0225
559,v,-0.35,1052.95915
559,v,-0.15,1046.153729
559,v,-0.05,1043.045285
559,v,0.05,1040.117863
559,v,0.15,1037.36092
559,v,0.35,1032.319341
559,v,0.7,1024.829316
559,d4,-0.018,1019.379331
559,d4,-0.008,1031.601949
559,d4,0.008,1051.681369
559,d4,0.025,1073.754508
559,d4,0.06,1121.780593
559,dc,-0.06,1041.55962
559,dc,-0.025,1041.55962
559,dc,-0.008,1041.55962
559,dc,0.008,1041.55962
559,dc,0.025,1041.55962
559,dc,0.06,1041.55962
560,f0,0,1039.875811
560,u,-0.7,1345.433222
560,u,-0.35,1136.191044
560,u,-0.15,1073.718487
560,u,-0.05,1050.205658
560,u,0.05,1030.360086
560,u,0.15,1013.442681
560,u,0.35,986.3076822
560,u,0.7,953.4252694
560,v,-0.7,1065.767132
560,v,-0.35,1051.467151
560,v,-0.15,1044.547222
560,v,-0.05,1041.386474
560,v,0.05,1038.409795
560,v,0.15,1035.606464
560,v,0.35,1030.480054
560,v,0.7,1022.864001
560,d4,-0.016,1020.200159
560,d4,-0.008,1029.958511
560,d4,0.008,1049.956148
560,d4,0.025,1071.937657
560,d4,0.06,1119.758178
560,dc,-0.06,1039.875811
560,dc,-0.025,1039.875811
560,dc,-0.008,1039.875811
560,dc,0.008,1039.875811
560,dc,0.025,1039.875811
560,dc,0.06,1039.875811
561,f0,0,1061.487631
561,u,-0.7,1472.743825
561,u,-0.35,1181.887306
561,u,-0.15,1102.930685
561,u,-0.05,1074.042113
561,u,0.05,1049.9951
561,u,0.15,1029.731719
561,u,0.35,997.6668413
561,u,0.7,959.4953365
561,v,-0.7,1089.193176
561,v,-0.35,1073.891184
561,v,-0.15,1066.48637
561,v,-0.05,1063.104147
561,v,0.05,1059.918889
561,v,0.15,1056.919127
561,v,0.35,1051.433506
561,v,0.7,1043.28379
561,d4,-0.01,1048.901764
561,d4,-0.008,1051.398479
561,d4,0.008,1071.743605
561,d4,0.025,1094.111394
561,d4,0.06,1142.787088
561,dc,-0.06,1061.487631
561,dc,-0.025,1061.487631
561,dc,-0.008,1061.487631
561,dc,0.008,1061.487631
561,dc,0.025,1061.487631
561,dc,0.06,1061.487631
562,f0,0,882.854483
562,u,-0.7,941.6004844
562,u,-0.35,905.0359451
562,u,-0.15,891.1227088
562,u,-0.05,885.4365014
562,u,0.05,880.429062
562,u,0.15,876.002754
562,u,0.35,868.584302
562,u,0.7,859.0331659
562,v,-0.7,886.1355257
562,v,-0.35,884.3233798
562,v,-0.15,883.4464611
562,v,-0.05,883.0459197
562,v,0.05,882.668704
562,v,0.15,882.3134556
562,v,0.35,881.6638183
562,v,0.7,880.6986843
562,d4,0.008,891.6640975
562,d4,0.025,910.8254336
562,d4,0.06,952.3057637
562,dc,-0.06,882.854483
562,dc,-0.025,882.854483
562,dc,-0.008,882.854483
562,dc,0.008,882.854483
562,dc,0.025,882.854483
562,dc,0.06,882.854483
563,f0,0,896.4795795
563,u,-0.7,978.9762101
563,u,-0.35,926.6038681
563,u,-0.15,907.5653207
563,u,-0.05,899.9231994
563,u,0.05,893.2599307
563,u,0.15,887.4220047
563,u,0.35,877.7477672
563,u,0.7,865.4976405
563,v,-0.7,900.224328
563,v,-0.35,898.1560738
563,v,-0.15,897.1552212
563,v,-0.05,896.6980718
563,v,0.05,896.2675446
563,v,0.15,895.8620895
563,v,0.35,895.1206397
563,v,0.7,894.0191044
563,d4,0.008,905.3903821
563,d4,0.025,924.7817396
563,d4,0.06,966.7968372
563,dc,-0.06,896.4795795
563,dc,-0.025,896.4795795
563,dc,-0.008,896.4795795
563,dc,0.008,896.4795795
563,dc,0.025,896.4795795
563,dc,0.06,896.4795795
564,f0,0,908.5486272
564,u,-0.7,996.1107598
564,u,-0.35,941.7154974
564,u,-0.15,920.9431631
564,u,-0.05,912.4242252
564,u,0.05,904.9034594
564,u,0.15,898.2385232
564,u,0.35,887.026694
564,u,0.7,872.5023511
564,v,-0.7,912.3599965
564,v,-0.35,910.2549471
564,v,-0.15,909.2362889
564,v,-0.05,908.7710066
564,v,0.05,908.3328202
564,v,0.15,907.9201518
564,v,0.35,907.1655112
564,v,0.7,906.0443792
564,d4,0.008,917.4960726
564,d4,0.025,936.972844
564,d4,0.06,979.1927135
564,dc,-0.06,908.5486272
564,dc,-0.025,908.5486272
564,dc,-0.008,908.5486272
564,dc,0.008,908.5486272
564,dc,0.025,908.5486272
564,dc,0.06,908.5486272
565,f0,0,914.0255046
565,u,-0.7,1021.662877
565,u,-0.35,952.971929
565,u,-0.15,928.3236471
565,u,-0.05,918.463574
565,u,0.05,909.878484
565,u,0.15,902.3640257
565,u,0.35,889.9215797
565,u,0.7,874.1726108
565,v,-0.7,918.0151013
565,v,-0.35,915.8116155
565,v,-0.15,914.7453228
565,v,-0.05,914.2582829
565,v,0.05,913.7996059
565,v,0.15,913.3676403
565,v,0.35,912.5777112
565,v,0.7,911.4041527
565,d4,0.008,923.0561964
565,d4,0.025,942.7170657
565,d4,0.06,985.3489211
565,dc,-0.06,914.0255046
565,dc,-0.025,914.0255046
565,dc,-0.008,914.0255046
565,dc,0.008,914.0255046
565,dc,0.025,914.0255046
565,dc,0.06,914.0255046
566,f0,0,912.8004798
566,u,-0.7,1029.946452
566,u,-0.35,953.7686323
566,u,-0.15,927.6426967
566,u,-0.05,917.3819979
566,u,0.05,908.5405398
566,u,0.15,900.8744933
566,u,0.35,888.3361975
566,u,0.7,872.7580239
566,v,-0.7,916.9584595
566,v,-0.35,914.6619744
566,v,-0.15,913.5506783
566,v,-0.05,913.0430826
566,v,0.05,912.565047
566,v,0.15,912.11485
566,v,0.35,911.2915816
566,v,0.7,910.0684925
566,d4,0.008,921.8591857
566,d4,0.025,941.5811266
566,d4,0.06,984.3471227
566,dc,-0.06,912.8004798
566,dc,-0.025,912.8004798
566,dc,-0.008,912.8004798
566,dc,0.008,912.8004798
566,dc,0.025,912.8004798
566,dc,0.06,912.8004798
567,f0,0,939.6814407
567,u,-0.7,1097.689489
567,u,-0.35,996.3864796
567,u,-0.15,960.0529473
567,u,-0.05,945.9506771
567,u,0.05,933.8666826
567,u,0.15,923.4357869
567,u,0.35,906.4588243
567,u,0.7,885.4866581
567,v,-0.7,944.3207414
567,v,-0.35,941.7584189
567,v,-0.15,940.5184809
567,v,-0.05,939.9521268
567,v,0.05,939.4187546
567,v,0.15,938.9164435
567,v,0.35,937.9978749
567,v,0.7,936.633203
567,d4,0.008,948.9602872
567,d4,0.025,969.1710177
567,d4,0.06,1013.035704
567,dc,-0.06,939.6814407
567,dc,-0.025,939.6814407
567,dc,-0.008,939.6814407
567,dc,0.008,939.6814407
567,dc,0.025,939.6814407
567,dc,0.06,939.6814407
568,f0,0,944.0364659
568,u,-0.7,1146.37405
568,u,-0.35,1008.699654
568,u,-0.15,966.7796945
568,u,-0.05,950.9764257
568,u,0.05,937.6472483
568,u,0.15,926.3023612
568,u,0.35,908.1659675
568,u,0.7,886.3497145
568,v,-0.7,949.4654525
568,v,-0.35,946.4669802
568,v,-0.15,945.0159842
568,v,-0.05,944.3532272
568,v,0.05,943.7290662
568,v,0.15,943.1412535
568,v,0.35,942.0663292
568,v,0.7,940.4693675
568,d4,0.008,953.4149149
568,d4,0.025,973.8455626
568,d4,0.06,1018.201951
568,dc,-0.06,944.0364659
568,dc,-0.025,944.0364659
568,dc,-0.008,944.0364659
568,dc,0.008,944.0364659
568,dc,0.025,944.0364659
568,dc,0.06,944.0364659
569,f0,0,991.2710046
569,u,-0.7,1187.462664
569,u,-0.35,1093.575742
569,u,-0.15,1026.33956
569,u,-0.05,1001.87426
569,u,0.05,981.5819821
569,u,0.15,964.5433048
569,u,0.35,937.7175865
569,u,0.7,906.0538406
569,v,-0.7,997.0024246
569,v,-0.35,993.836916
569,v,-0.15,992.3050891
569,v,-0.05,991.6054118
569,v,0.05,990.9464806
569,v,0.15,990.3259225
569,v,0.35,989.1911172
569,v,0.7,987.5051933
569,d4,0.008,1001.130124
569,d4,0.025,1022.621798
569,d4,0.06,1069.34315
569,dc,-0.06,991.2710046
569,dc,-0.025,991.2710046
569,dc,-0.008,991.2710046
569,dc,0.008,991.2710046
569,dc,0.025,991.2710046
569,dc,0.06,991.2710046
570,f0,0,1048.05957
570,u,-0.7,1209.383452
570,u,-0.35,1120.539635
570,u,-0.15,1081.694647
570,u,-0.05,1063.097308
570,u,0.05,1034.403287
570,u,0.15,1010.574133
570,u,0.35,973.4948817
570,u,0.7,930.3006438
570,v,-0.7,1054.620026
570,v,-0.35,1050.996635
570,v,-0.15,1049.243233
570,v,-0.05,1048.442349
570,v,0.05,1047.688105
570,v,0.15,1046.977785
570,v,0.35,1045.678833
570,v,0.7,1043.749044
570,d4,0.008,1058.471018
570,d4,0.025,1081.179032
570,d4,0.06,1130.600687
570,dc,-0.06,1021.190745
570,dc,-0.025,1041.580407
570,dc,-0.008,1048.05957
570,dc,0.008,1048.05957
570,dc,0.025,1048.05957
570,dc,0.06,1048.05957
571,f0,0,1094.038327
571,u,-0.7,1373.826126
571,u,-0.35,1264.400211
571,u,-0.15,1169.120464
571,u,-0.05,1115.909355
571,u,0.05,1074.641247
571,u,0.15,1041.820557
571,u,0.35,993.2399559
571,u,0.7,940.3019322
571,v,-0.7,1101.538636
571,v,-0.35,1097.396156
571,v,-0.15,1095.391561
571,v,-0.05,1094.475942
571,v,0.05,1093.613645
571,v,0.15,1092.801564
571,v,0.35,1091.316523
571,v,0.7,1089.110272
571,d4,0.008,1105.224623
571,d4,0.025,1129.646886
571,d4,0.06,1182.914705
571,dc,-0.06,1094.038327
571,dc,-0.025,1094.038327
571,dc,-0.008,1094.038327
571,dc,0.008,1094.038327
571,dc,0.025,1094.038327
571,dc,0.06,1094.038327
572,f0,0,1114.538119
572,u,-0.7,1328.076156
572,u,-0.35,1203.48397
572,u,-0.15,1149.0305
572,u,-0.05,1125.487933
572,u,0.05,1104.101599
572,u,0.15,1084.672678
572,u,0.35,1050.982699
572,u,0.7,980.0662365
572,v,-0.7,1122.632587
572,v,-0.35,1118.161948
572,v,-0.15,1115.998553
572,v,-0.05,1115.010401
572,v,0.05,1114.079794
572,v,0.15,1113.203382
572,v,0.35,1111.6007
572,v,0.7,1109.219674
572,d4,0.008,1125.88047
572,d4,0.025,1150.657576
572,d4,0.06,1204.763735
572,dc,-0.06,1076.359291
572,dc,-0.025,1098.053488
572,dc,-0.008,1109.168283
572,dc,0.008,1120.000413
572,dc,0.025,1131.926284
572,dc,0.06,1157.94017
573,f0,0,1162.153442
573,u,-0.7,1435.516547
573,u,-0.35,1276.001943
573,u,-0.15,1206.301215
573,u,-0.05,1176.168354
573,u,0.05,1148.79544
573,u,0.15,1123.927233
573,u,0.35,1080.800885
573,u,0.7,1022.599554
573,v,-0.7,1171.586178
573,v,-0.35,1166.376404
573,v,-0.15,1163.855332
573,v,-0.05,1162.703808
573,v,0.05,1161.619343
573,v,0.15,1160.598032
573,v,0.35,1158.730376
573,v,0.7,1155.955693
573,d4,0.008,1173.360029
573,d4,0.025,1197.81245
573,d4,0.06,1251.075147
573,dc,-0.06,1123.054647
573,dc,-0.025,1145.293136
573,dc,-0.008,1156.66487
573,dc,0.008,1167.732885
573,dc,0.025,1179.90171
573,dc,0.06,1206.383884
574,f0,0,1270.481266
574,u,-0.7,1602.365986
574,u,-0.35,1408.573504
574,u,-0.15,1323.999972
574,u,-0.05,1287.466088
574,u,0.05,1254.297347
574,u,0.15,1224.182151
574,u,0.35,1172.008795
574,u,0.7,1074.828469
574,v,-0.7,1281.138659
574,v,-0.35,1275.252496
574,v,-0.15,1272.404113
574,v,-0.05,1271.103085
574,v,0.05,1269.877824
574,v,0.15,1268.723916
574,v,0.35,1266.613781
574,v,0.7,1263.478859
574,d4,0.008,1283.984771
574,d4,0.025,1313.545028
574,d4,0.06,1378.393392
574,dc,-0.06,1220.43357
574,dc,-0.025,1248.810205
574,dc,-0.008,1263.411687
574,dc,0.008,1277.682738
574,dc,0.025,1293.441357
574,dc,0.06,1327.984704
575,f0,0,1303.678881
575,u,-0.7,1712.624873
575,u,-0.35,1473.866926
575,u,-0.15,1369.647218
575,u,-0.05,1324.616776
575,u,0.05,1283.726138
575,u,0.15,1246.591058
575,u,0.35,1182.226898
575,u,0.7,1095.447272
575,v,-0.7,1315.79217
575,v,-0.35,1309.101905
575,v,-0.15,1305.864407
575,v,-0.05,1304.385647
575,v,0.05,1302.993004
575,v,0.15,1301.681462
575,v,0.35,1299.283064
575,v,0.7,1295.719884
575,d4,0.008,1315.84374
575,d4,0.025,1342.381312
575,d4,0.06,1400.15779
575,dc,-0.05,1264.762064
575,dc,-0.025,1283.735872
575,dc,-0.008,1297.187091
575,dc,0.008,1310.277819
575,dc,0.025,1324.668893
575,dc,0.06,1355.980174
576,f0,0,1679.82851
576,u,-0.7,2440.110617
576,u,-0.35,1995.875011
576,u,-0.15,1802.258273
576,u,-0.05,1718.675006
576,u,0.05,1642.820924
576,u,0.15,1573.975543
576,u,0.35,1454.760404
576,u,0.7,1294.311077
576,v,-0.7,1697.60394
576,v,-0.35,1687.78643
576,v,-0.15,1683.035621
576,v,-0.05,1680.865641
576,v,0.05,1678.822031
576,v,0.15,1676.897432
576,v,0.35,1673.377946
576,v,0.7,1668.14922
576,d4,0.008,1695.102521
576,d4,0.025,1728.434422
576,d4,0.06,1801.058194
576,dc,-0.06,1612.268231
576,dc,-0.025,1650.678623
576,dc,-0.008,1670.336708
576,dc,0.008,1689.479922
576,dc,0.025,1710.538066
576,dc,0.06,1756.402403
577,f0,0,2109.49616
577,u,-0.7,3287.222987
577,u,-0.35,2598.75656
577,u,-0.15,2298.958176
577,u,-0.05,2169.601355
577,u,0.05,2052.245919
577,u,0.15,1945.770221
577,u,0.35,1761.488442
577,u,0.7,1513.708757
577,v,-0.7,2132.766674
577,v,-0.35,2119.914185
577,v,-0.15,2113.694715
577,v,-0.05,2110.853909
577,v,0.05,2108.178539
577,v,0.15,2105.65897
577,v,0.35,2101.051473
577,v,0.7,2094.206343
577,d4,0.008,2127.838132
577,d4,0.025,2167.844068
577,d4,0.06,2254.908906
577,dc,-0.04,2048.328138
577,dc,-0.025,2070.693753
577,dc,-0.008,2096.864995
577,dc,0.008,2122.336045
577,dc,0.025,2150.338077
577,dc,0.06,2211.264031
578,f0,0,2509.369708
578,u,-0.7,4052.317556
578,u,-0.35,3150.07742
578,u,-0.15,2757.418545
578,u,-0.05,2588.051678
578,u,0.05,2434.433944
578,u,0.15,2295.09133
578,u,0.35,2054.015646
578,u,0.7,1730.11306
578,v,-0.7,2536.841694
578,v,-0.35,2521.668699
578,v,-0.15,2514.326308
578,v,-0.05,2510.972597
578,v,0.05,2507.814191
578,v,0.15,2504.839716
578,v,0.35,2499.400339
578,v,0.7,2491.319326
578,d4,0.008,2532.092395
578,d4,0.025,2581.726292
578,d4,0.06,2690.092293
578,dc,-0.06,2391.256704
578,dc,-0.025,2458.34141
578,dc,-0.008,2492.742765
578,dc,0.008,2526.287196
578,dc,0.025,2563.237261
578,dc,0.06,2643.89511
579,f0,0,2878.165854
579,u,-0.7,4799.394997
579,u,-0.35,3675.757991
579,u,-0.15,3186.911793
579,u,-0.05,2976.095038
579,u,0.05,2784.904915
579,u,0.15,2611.502307
579,u,0.35,2311.552681
579,u,0.7,1908.674775
579,v,-0.7,2909.586491
579,v,-0.35,2892.232625
579,v,-0.15,2883.834884
579,v,-0.05,2879.999132
579,v,0.05,2876.386757
579,v,0.15,2872.98475
579,v,0.35,2866.763551
579,v,0.7,2857.521025
579,d4,0.008,2902.389547
579,d4,0.025,2955.211682
579,d4,0.06,3070.10868
579,dc,-0.03,2810.375228
579,dc,-0.025,2821.393631
579,dc,-0.008,2859.687259
579,dc,0.008,2896.947596
579,dc,0.025,2937.900243
579,dc,0.06,3026.966333
580,f0,0,3879.402465
580,u,-0.7,6767.908436
580,u,-0.35,5077.93343
580,u,-0.15,4343.217855
580,u,-0.05,4026.496544
580,u,0.05,3739.339602
580,u,0.15,3478.971132
580,u,0.35,3028.780325
580,u,0.7,2424.598315
580,v,-0.7,3919.727099
580,v,-0.35,3897.455484
580,v,-0.15,3886.677988
580,v,-0.05,3881.755259
580,v,0.05,3877.119206
580,v,0.15,3872.753137
580,v,0.35,3864.768971
580,v,0.7,3852.907292
580,d4,0.008,3911.944216
580,d4,0.025,3982.926095
580,d4,0.06,4137.424682
580,dc,-0.04,3750.594794
580,dc,-0.025,3797.685818
580,dc,-0.008,3852.799198
580,dc,0.008,3906.447688
580,dc,0.025,3965.4377
580,dc,0.06,4093.823216
581,f0,0,6898.160839
581,u,-0.7,12730.37616
581,u,-0.35,9316.242921
581,u,-0.15,7833.523099
581,u,-0.05,7194.73849
581,u,0.05,6615.818318
581,u,0.15,6091.124643
581,u,0.35,5184.479322
581,u,0.7,3969.187197
581,v,-0.7,6960.058451
581,v,-0.35,6925.87191
581,v,-0.15,6909.328641
581,v,-0.05,6901.772337
581,v,0.05,6894.656077
581,v,0.15,6887.954237
581,v,0.35,6875.698682
581,v,0.7,6857.49121
581,d4,0.008,6956.453304
581,d4,0.025,7083.68194
581,d4,0.06,7360.975683
581,dc,-0.06,6529.686525
581,dc,-0.025,6739.110415
581,dc,-0.008,6846.359988
581,dc,0.008,6950.843195
581,dc,0.025,7065.825134
581,dc,0.06,7316.417497
582,f0,0,1157.070027
582,u,-0.7,1804.332051
582,u,-0.35,1532.160848
582,u,-0.15,1265.547893
582,u,-0.05,1188.123565
582,u,0.05,1129.885982
582,u,0.15,1084.620981
582,u,0.35,1019.197115
582,u,0.7,949.8070415
582,v,-0.7,1163.366989
582,v,-0.35,1159.889127
582,v,-0.15,1158.206148
582,v,-0.05,1157.437431
582,v,0.05,1156.71348
582,v,0.15,1156.031689
582,v,0.35,1154.784908
582,v,0.7,1152.932627
582,d4,0.008,1169.124397
582,d4,0.025,1195.465982
582,d4,0.06,1253.032047
582,dc,-0.06,1157.070027
582,dc,-0.025,1157.070027
582,dc,-0.008,1157.070027
582,dc,0.008,1157.070027
582,dc,0.025,1157.070027
582,dc,0.06,1157.070027
583,f0,0,1157.070027
583,u,-0.7,1804.332051
583,u,-0.35,1532.160848
583,u,-0.15,1265.547893
583,u,-0.05,1188.123565
583,u,0.05,1129.885982
583,u,0.15,1084.620981
583,u,0.35,1019.197115
583,u,0.7,949.8070415
583,v,-0.7,1163.366989
583,v,-0.35,1159.889127
583,v,-0.15,1158.206148
583,v,-0.05,1157.437431
583,v,0.05,1156.71348
583,v,0.15,1156.031689
583,v,0.35,1154.784908
583,v,0.7,1152.932627
583,d4,0.008,1169.124397
583,d4,0.025,1195.465982
583,d4,0.06,1253.032047
583,dc,-0.06,1157.070027
583,dc,-0.025,1157.070027
583,dc,-0.008,1157.070027
583,dc,0.008,1157.070027
583,dc,0.025,1157.070027
583,dc,0.06,1157.070027
584,f0,0,1147.052144
584,u,-0.7,1817.881527
584,u,-0.35,1498.72184
584,u,-0.15,1250.060449
584,u,-0.05,1176.649257
584,u,0.05,1121.070869
584,u,0.15,1077.658876
584,u,0.35,1014.581984
584,u,0.7,947.2526984
584,v,-0.7,1153.354203
584,v,-0.35,1149.873526
584,v,-0.15,1148.189186
584,v,-0.05,1147.419846
584,v,0.05,1146.69531
584,v,0.15,1146.012967
584,v,0.35,1144.765177
584,v,0.7,1142.911397
584,d4,0.008,1158.969107
584,d4,0.025,1185.006463
584,d4,0.06,1241.889003
584,dc,-0.06,1147.052144
584,dc,-0.025,1147.052144
584,dc,-0.008,1147.052144
584,dc,0.008,1147.052144
584,dc,0.025,1147.052144
584,dc,0.06,1147.052144
585,f0,0,1337.127411
585,u,-0.7,1683.691315
585,u,-0.35,1481.222563
585,u,-0.15,1392.947334
585,u,-0.05,1354.838376
585,u,0.05,1320.255673
585,u,0.15,1288.872534
585,u,0.35,1180.728816
585,u,0.7,1030.208024
585,v,-0.7,1343.739527
585,v,-0.35,1340.087603
585,v,-0.15,1338.320394
585,v,-0.05,1337.513204
585,v,0.05,1336.75302
585,v,0.15,1336.037107
585,v,0.35,1334.727926
585,v,0.7,1332.782941
585,d4,0.008,1353.842366
585,d4,0.025,1390.619905
585,d4,0.06,1472.213876
585,dc,-0.06,1272.329698
585,dc,-0.025,1308.894739
585,dc,-0.008,1327.887645
585,dc,0.008,1346.569284
585,dc,0.025,1367.335891
585,dc,0.06,1413.370498
586,f0,0,1159.289083
586,u,-0.7,2222.838276
586,u,-0.35,1534.379904
586,u,-0.15,1267.766949
586,u,-0.05,1190.342621
586,u,0.05,1132.105039
586,u,0.15,1086.840038
586,u,0.35,1021.416171
586,u,0.7,952.0260979
586,v,-0.7,1166.744308
586,v,-0.35,1162.626728
586,v,-0.15,1160.634183
586,v,-0.05,1159.724068
586,v,0.05,1158.866954
586,v,0.15,1158.059754
586,v,0.35,1156.583641
586,v,0.7,1154.390651
586,d4,0.008,1171.343453
586,d4,0.025,1197.685038
586,d4,0.06,1255.251103
586,dc,-0.06,1159.289083
586,dc,-0.025,1159.289083
586,dc,-0.008,1159.289083
586,dc,0.008,1159.289083
586,dc,0.025,1159.289083
586,dc,0.06,1159.289083
587,f0,0,1473.866143
587,u,-0.7,1899.646446
587,u,-0.35,1650.805404
587,u,-0.15,1542.389176
587,u,-0.05,1495.604504
587,u,0.05,1453.1608
587,u,0.15,1414.65509
587,u,0.35,1266.975647
587,u,0.7,1067.580836
587,v,-0.7,1481.38192
587,v,-0.35,1477.230897
587,v,-0.15,1475.222168
587,v,-0.05,1474.304661
587,v,0.05,1473.440585
587,v,0.15,1472.626829
587,v,0.35,1471.138726
587,v,0.7,1468.927925
587,d4,0.008,1493.999504
587,d4,0.025,1538.470059
587,d4,0.06,1637.982684
587,dc,-0.06,1391.835058
587,dc,-0.025,1437.956681
587,dc,-0.008,1462.085196
587,dc,0.008,1485.933853
587,dc,0.025,1512.579685
587,dc,0.06,1572.161682
588,f0,0,1610.600856
588,u,-0.7,2093.549129
588,u,-0.35,1811.199895
588,u,-0.15,1688.264802
588,u,-0.05,1635.235639
588,u,0.05,1587.140015
588,u,0.15,1533.694469
588,u,0.35,1268.156262
588,u,0.7,1068.76145
588,v,-0.7,1618.732869
588,v,-0.35,1614.241494
588,v,-0.15,1612.068065
588,v,-0.05,1611.075329
588,v,0.05,1610.140406
588,v,0.15,1609.259928
588,v,0.35,1607.649813
588,v,0.7,1605.257743
588,d4,0.008,1635.444204
588,d4,0.025,1690.625465
588,d4,0.06,1815.661799
588,dc,-0.06,1505.777388
588,dc,-0.025,1564.410862
588,dc,-0.008,1595.39455
588,dc,0.008,1626.230946
588,dc,0.025,1660.936418
588,dc,0.06,1739.520654
589,f0,0,1241.250382
589,u,-0.7,3087.042969
589,u,-0.35,1844.514206
589,u,-0.15,1397.554895
589,u,-0.05,1284.693842
589,u,0.05,1204.030973
589,u,0.15,1143.666857
589,u,0.35,1059.787948
589,u,0.7,974.8776097
589,v,-0.7,1251.134406
589,v,-0.35,1245.675382
589,v,-0.15,1243.033695
589,v,-0.05,1241.827078
589,v,0.05,1240.69073
589,v,0.15,1239.620557
589,v,0.35,1237.663547
589,v,0.7,1234.756115
589,d4,0.008,1254.38308
589,d4,0.025,1283.115604
589,d4,0.06,1346.06981
589,dc,-0.06,1241.250382
589,dc,-0.025,1241.250382
589,dc,-0.008,1241.250382
589,dc,0.008,1241.250382
589,dc,0.025,1241.250382
589,dc,0.06,1241.250382
590,f0,0,2045.480117
590,u,-0.7,2890.812615
590,u,-0.35,2396.443056
590,u,-0.15,2181.330767
590,u,-0.05,2088.567666
590,u,0.05,2004.449191
590,u,0.15,1928.168863
590,u,0.35,1796.267787
590,u,0.7,1425.120257
590,v,-0.7,2056.953093
590,v,-0.35,2050.616477
590,v,-0.15,2047.550114
590,v,-0.05,2046.149522
590,v,0.05,2044.830495
590,v,0.15,2043.588281
590,v,0.35,2041.316663
590,v,0.7,2037.941834
590,d4,0.008,2079.182334
590,d4,0.025,2154.373205
590,d4,0.06,2326.466115
590,dc,-0.06,1888.972361
590,dc,-0.025,1976.153022
590,dc,-0.008,2022.593292
590,dc,0.008,2069.070043
590,dc,0.025,2121.687534
590,dc,0.06,2242.054699
591,f0,0,2311.331942
591,u,-0.7,3414.618147
591,u,-0.35,2769.31837
591,u,-0.15,2488.597151
591,u,-0.05,2367.553337
591,u,0.05,2257.795312
591,u,0.15,2158.268612
591,u,0.35,1986.177237
591,u,0.7,1755.28461
591,v,-0.7,2324.838218
591,v,-0.35,2317.378595
591,v,-0.15,2313.768796
591,v,-0.05,2312.119984
591,v,0.05,2310.567191
591,v,0.15,2309.104826
591,v,0.35,2306.430621
591,v,0.7,2302.457687
591,d4,0.008,2348.990539
591,d4,0.025,2433.010511
591,d4,0.06,2625.321709
591,dc,-0.06,2128.608537
591,dc,-0.025,2230.384665
591,dc,-0.008,2284.607709
591,dc,0.008,2338.878411
591,dc,0.025,2400.325356
591,dc,0.06,2540.911565
592,f0,0,3231.635645
592,u,-0.7,5162.619006
592,u,-0.35,4032.787111
592,u,-0.15,3541.641058
592,u,-0.05,3329.944676
592,u,0.05,3138.032219
592,u,0.15,2964.049459
592,u,0.35,2663.312802
592,u,0.7,2260.024469
592,v,-0.7,3250.661794
592,v,-0.35,3240.153501
592,v,-0.15,3235.068415
592,v,-0.05,3232.74575
592,v,0.05,3230.558347
592,v,0.15,3228.498329
592,v,0.35,3224.731204
592,v,0.7,3219.134574
592,d4,0.008,3288.683527
592,d4,0.025,3416.651523
592,d4,0.06,3713.18535
592,dc,-0.06,2931.425827
592,dc,-0.025,3097.816019
592,dc,-0.008,3187.309452
592,dc,0.008,3277.477732
592,dc,0.025,3380.296241
592,dc,0.06,3618.487622
593,f0,0,5339.955209
593,u,-0.7,8592.488348
593,u,-0.35,6688.200735
593,u,-0.15,5861.391792
593,u,-0.05,5505.271271
593,u,0.05,5182.591962
593,u,0.15,4890.210706
593,u,0.35,4385.223868
593,u,0.7,3709.111295
593,v,-0.7,5366.140908
593,v,-0.35,5351.678339
593,v,-0.15,5344.679732
593,v,-0.05,5341.483048
593,v,0.05,5338.472524
593,v,0.15,5335.63732
593,v,0.35,5330.452624
593,v,0.7,5322.749979
593,d4,0.008,5532.504338
593,d4,0.025,5991.131366
593,d4,0.06,7221.544444
593,dc,-0.06,4365.851948
593,dc,-0.025,4878.929781
593,dc,-0.008,5181.992783
593,dc,0.008,5509.190105
593,dc,0.025,5912.234908
593,dc,0.06,6993.223928
594,f0,0,9486.355767
594,u,-0.7,14433.42183
594,u,-0.35,11535.52115
594,u,-0.15,10278.54282
594,u,-0.05,9737.458205
594,u,0.05,9247.382452
594,u,0.15,8803.509467
594,u,0.35,8037.372614
594,u,0.7,2025.674013
594,v,-0.7,9520.196961
594,v,-0.35,9501.506202
594,v,-0.15,9492.461523
594,v,-0.05,9488.330276
594,v,0.05,9484.439613
594,v,0.15,9480.775525
594,v,0.35,9474.075063
594,v,0.7,9464.120518
594,d4,-0.06,5944.594673
594,d4,-0.025,7600.429
594,d4,-0.008,8788.536369
594,d4,0.008,10304.66081
594,d4,0.025,12618.88332
594,d4,0.06,23522.7473
594,dc,-0.06,6187.182321
594,dc,-0.025,7729.798604
594,dc,-0.008,8836.44889
594,dc,0.008,10248.4183
594,dc,0.025,12403.29901
594,dc,0.06,22552.76055
595,f0,0,4278.052841
595,u,-0.7,22416.89992
595,u,-0.35,19527.2151
595,u,-0.15,9401.314781
595,u,-0.05,5092.649347
595,u,0.05,3743.841725
595,u,0.15,3087.412849
595,u,0.35,2448.902297
595,u,0.7,2003.13398
595,v,-0.7,4311.894035
595,v,-0.35,4293.203276
595,v,-0.15,4284.158597
595,v,-0.05,4280.02735
595,v,0.05,4276.136687
595,v,0.15,4272.472599
595,v,0.35,4265.772137
595,v,0.7,4255.817592
595,d4,-0.06,3556.004808
595,d4,-0.025,3944.546865
595,d4,-0.008,4165.392441
595,d4,0.008,4396.939464
595,d4,0.025,4672.750904
595,dc,-0.06,4278.052841
595,dc,-0.025,4278.052841
595,dc,-0.008,4278.052841
595,dc,0.008,4278.052841
595,dc,0.025,4278.052841
596,f0,0,1078.664926
596,u,-0.7,1118.634607
596,u,-0.35,1093.270939
596,u,-0.15,1084.005084
596,u,-0.05,1080.316817
596,u,0.05,1077.254894
596,u,0.15,1075.210548
596,u,0.35,1071.460182
596,u,0.7,1065.563544
596,v,-0.7,1093.13214
596,v,-0.35,1085.141784
596,v,-0.15,1081.275156
596,v,-0.05,1079.509035
596,v,0.05,1077.845765
596,v,0.15,1076.279356
596,v,0.35,1073.414888
596,v,0.7,1069.159289
596,d4,-0.06,993.8786812
596,d4,-0.025,1041.968195
596,d4,-0.008,1066.695216
596,d4,0.008,1090.856987
596,d4,0.025,1117.534719
596,dc,-0.06,1078.664926
596,dc,-0.025,1078.664926
596,dc,-0.008,1078.664926
596,dc,0.008,1078.664926
596,dc,0.025,1078.664926
597,f0,0,1035.953808
597,u,-0.7,1073.087779
597,u,-0.35,1049.536077
597,u,-0.15,1040.922316
597,u,-0.05,1037.491126
597,u,0.05,1034.770744
597,u,0.15,1032.856706
597,u,0.35,1029.547256
597,u,0.7,1024.365036
597,v,-0.7,1058.676869
597,v,-0.35,1046.126743
597,v,-0.15,1040.053589
597,v,-0.05,1037.279615
597,v,0.05,1034.667185
597,v,0.15,1032.206891
597,v,0.35,1027.707788
597,v,0.7,1021.023694
597,d4,-0.06,958.1393397
597,d4,-0.025,1002.352778
597,d4,-0.008,1025.006221
597,d4,0.008,1047.092803
597,dc,-0.06,1035.953808
597,dc,-0.025,1035.953808
597,dc,-0.008,1035.953808
597,dc,0.008,1035.953808
598,f0,0,926.3325007
598,u,-0.7,963.7763126
598,u,-0.35,940.7207651
598,u,-0.15,931.7222447
598,u,-0.05,928.0182
598,u,0.05,924.7473953
598,u,0.15,922.1713087
598,u,0.35,918.0071477
598,u,0.7,912.3943153
598,v,-0.7,932.3732129
598,v,-0.35,929.0368798
598,v,-0.15,927.4223889
598,v,-0.05,926.684954
598,v,0.05,925.990464
598,v,0.15,925.3364179
598,v,0.35,924.1403736
598,v,0.7,922.36347
598,d4,-0.06,857.6610915
598,d4,-0.025,896.7902606
598,d4,-0.008,916.7241375
598,d4,0.008,936.0928813
598,d4,0.025,957.3597642
598,d4,0.06,1003.571075
598,dc,-0.06,926.3325007
598,dc,-0.025,926.3325007
598,dc,-0.008,926.3325007
598,dc,0.008,926.3325007
598,dc,0.025,926.3325007
598,dc,0.06,926.3325007
599,f0,0,887.9491815
599,u,-0.7,933.6224119
599,u,-0.35,905.5735511
599,u,-0.15,894.5719813
599,u,-0.05,890.0239956
599,u,0.05,885.9948528
599,u,0.15,882.4153472
599,u,0.35,876.8064106
599,u,0.7,869.7849752
599,v,-0.7,894.1432096
599,v,-0.35,890.7221989
599,v,-0.15,889.0667316
599,v,-0.05,888.3105802
599,v,0.05,887.5984637
599,v,0.15,886.9278177
599,v,0.35,885.7014173
599,v,0.7,883.879415
599,d4,-0.02,865.8239723
599,d4,-0.008,879.0026602
599,d4,0.008,897.0291552
599,d4,0.025,916.7863533
599,d4,0.06,959.5957219
599,dc,-0.06,887.9491815
599,dc,-0.025,887.9491815
599,dc,-0.008,887.9491815
599,dc,0.008,887.9491815
599,dc,0.025,887.9491815
599,dc,0.06,887.9491815
600,f0,0,892.2510688
600,u,-0.7,955.8405272
600,u,-0.35,916.5389461
600,u,-0.15,901.347736
600,u,-0.05,895.0974819
600,u,0.05,889.5725356
600,u,0.15,884.672401
600,u,0.35,876.4257605
600,u,0.7,866.4904848
600,v,-0.7,899.2736967
600,v,-0.35,895.3950438
600,v,-0.15,893.518118
600,v,-0.05,892.6608133
600,v,0.05,891.8534341
600,v,0.15,891.0930731
600,v,0.35,889.7026122
600,v,0.7,887.6368735
600,d4,-0.01,881.2018802
600,d4,-0.008,883.3953541
600,d4,0.008,901.2405297
600,d4,0.025,920.8048063
600,d4,0.06,963.2046411
600,dc,-0.06,892.2510688
600,dc,-0.025,892.2510688
600,dc,-0.008,892.2510688
600,dc,0.008,892.2510688
600,dc,0.025,892.2510688
600,dc,0.06,892.2510688
601,f0,0,947.8137131
601,u,-0.7,1107.10182
601,u,-0.35,1003.712384
601,u,-0.15,968.1275461
601,u,-0.05,954.0941803
601,u,0.05,941.9649274
601,u,0.15,931.4148019
601,u,0.35,914.0789989
601,u,0.7,892.3720502
601,v,-0.7,956.4352891
601,v,-0.35,951.6735245
601,v,-0.15,949.3692505
601,v,-0.05,948.3167503
601,v,0.05,947.3255429
601,v,0.15,946.3920589
601,v,0.35,944.6850108
601,v,0.7,942.148934
601,d4,-0.01,936.2346013
601,d4,-0.008,938.5323404
601,d4,0.008,957.2425406
601,d4,0.025,977.7859566
601,d4,0.06,1022.399438
601,dc,-0.06,947.8137131
601,dc,-0.025,947.8137131
601,dc,-0.008,947.8137131
601,dc,0.008,947.8137131
601,dc,0.025,947.8137131
601,dc,0.06,947.8137131
602,f0,0,955.0696755
602,u,-0.7,993.8924022
602,u,-0.35,969.739109
602,u,-0.15,960.5220127
602,u,-0.05,956.7690095
602,u,0.05,953.4769179
602,u,0.15,950.9996983
602,u,0.35,947.0034056
602,u,0.7,941.6281722
602,v,-0.7,963.7729204
602,v,-0.35,958.9660494
602,v,-0.15,956.6399479
602,v,-0.05,955.5774777
602,v,0.05,954.576881
602,v,0.15,953.6345545
602,v,0.35,951.9113361
602,v,0.7,949.351236
602,d4,-0.06,883.7594762
602,d4,-0.025,924.352812
602,d4,-0.008,945.0734997
602,d4,0.008,965.2293966
602,d4,0.025,987.3843981
602,d4,0.06,1035.605446
602,dc,-0.06,955.0696755
602,dc,-0.025,955.0696755
602,dc,-0.008,955.0696755
602,dc,0.008,955.0696755
602,dc,0.025,955.0696755
602,dc,0.06,955.0696755
603,f0,0,967.6973333
603,u,-0.7,1005.876127
603,u,-0.35,981.9437948
603,u,-0.15,972.960907
603,u,-0.05,969.3334109
603,u,0.05,966.1677255
603,u,0.15,963.891803
603,u,0.35,960.1790081
603,u,0.7,955.1681713
603,v,-0.7,977.3727501
603,v,-0.35,972.0289409
603,v,-0.15,969.4430087
603,v,-0.05,968.2618583
603,v,0.05,967.1494927
603,v,0.15,966.1019062
603,v,0.35,964.1862005
603,v,0.7,961.3401315
603,d4,-0.06,895.0419357
603,d4,-0.025,936.3853887
603,d4,-0.008,957.5050523
603,d4,0.008,978.0587256
603,d4,0.025,1000.661576
603,d4,0.06,1049.894553
603,dc,-0.06,967.6973333
603,dc,-0.025,967.6973333
603,dc,-0.008,967.6973333
603,dc,0.008,967.6973333
603,dc,0.025,967.6973333
603,dc,0.06,967.6973333
604,f0,0,1008.627444
604,u,-0.7,1046.71178
604,u,-0.35,1022.628303
604,u,-0.15,1013.762303
604,u,-0.05,1010.218132
604,u,0.05,1007.171011
604,u,0.15,1005.168027
604,u,0.35,1001.70402
604,u,0.7,996.5371993
604,v,-0.7,1020.04198
604,v,-0.35,1013.737641
604,v,-0.15,1010.686898
604,v,-0.05,1009.29344
604,v,0.05,1007.981131
604,v,0.15,1006.745245
604,v,0.35,1004.485198
604,v,0.7,1001.127559
604,d4,-0.06,931.5560071
604,d4,-0.025,975.3551164
604,d4,-0.008,997.7882241
604,d4,0.008,1019.654932
604,d4,0.025,1043.739473
604,dc,-0.06,1008.627444
604,dc,-0.025,1008.627444
604,dc,-0.008,1008.627444
604,dc,0.008,1008.627444
604,dc,0.025,1008.627444
605,f0,0,1021.614374
605,u,-0.7,1058.789489
605,u,-0.35,1035.216128
605,u,-0.15,1026.591056
605,u,-0.05,1023.154383
605,u,0.05,1020.384079
605,u,0.15,1018.466403
605,u,0.35,1015.150236
605,u,0.7,1010.064105
605,v,-0.7,1040.351533
605,v,-0.35,1030.002852
605,v,-0.15,1024.995004
605,v,-0.05,1022.707619
605,v,0.05,1020.55344
605,v,0.15,1018.524712
605,v,0.35,1014.814806
605,v,0.7,1009.303184
605,d4,-0.06,944.5861855
605,d4,-0.025,988.3625385
605,d4,-0.008,1010.782062
605,d4,0.008,1032.634639
605,dc,-0.06,1021.614374
605,dc,-0.025,1021.614374
605,dc,-0.008,1021.614374
605,dc,0.008,1021.614374
606,f0,0,1254.490315
606,u,-0.7,1302.631373
606,u,-0.35,1271.809308
606,u,-0.15,1260.774006
606,u,-0.05,1256.42727
606,u,0.05,1252.596428
606,u,0.15,1249.67046
606,u,0.35,1244.887036
606,u,0.7,1237.345479
606,v,-0.7,1281.262282
606,v,-0.35,1266.475913
606,v,-0.15,1259.320615
606,v,-0.05,1256.052361
606,v,0.05,1252.974435
606,v,0.15,1250.075754
606,v,0.35,1244.774979
606,v,0.7,1236.89988
606,d4,-0.06,1149.6384
606,d4,-0.025,1208.871369
606,d4,-0.008,1239.571057
606,d4,0.008,1269.725622
606,d4,0.025,1303.182079
606,d4,0.06,1376.884745
606,dc,-0.06,1254.490315
606,dc,-0.025,1254.490315
606,dc,-0.008,1254.490315
606,dc,0.008,1254.490315
606,dc,0.025,1254.490315
606,dc,0.06,1254.490315
607,f0,0,1282.190343
607,u,-0.7,1329.992885
607,u,-0.35,1299.290881
607,u,-0.15,1288.386289
607,u,-0.05,1284.109542
607,u,0.05,1280.125263
607,u,0.15,1277.586152
607,u,0.35,1272.839814
607,u,0.7,1265.3893
607,v,-0.7,1319.060322
607,v,-0.35,1298.696741
607,v,-0.15,1288.842565
607,v,-0.05,1284.341571
607,v,0.05,1280.102694
607,v,0.15,1276.110671
607,v,0.35,1268.810517
607,v,0.7,1257.965041
607,d4,-0.06,1176.101484
607,d4,-0.025,1236.029514
607,d4,-0.008,1267.103333
607,d4,0.008,1297.542181
607,d4,0.025,1331.282438
607,dc,-0.06,1282.190343
607,dc,-0.025,1282.190343
607,dc,-0.008,1282.190343
607,dc,0.008,1282.190343
607,dc,0.025,1282.190343
608,f0,0,1180.345166
608,u,-0.7,1225.372688
608,u,-0.35,1196.633913
608,u,-0.15,1186.271338
608,u,-0.05,1182.174227
608,u,0.05,1178.646472
608,u,0.15,1176.249701
608,u,0.35,1171.871352
608,u,0.7,1164.935104
608,v,-0.7,1201.335817
608,v,-0.35,1189.742515
608,v,-0.15,1184.132379
608,v,-0.05,1181.569894
608,v,0.05,1179.156635
608,v,0.15,1176.883914
608,v,0.35,1172.727824
608,v,0.7,1166.553326
608,d4,-0.06,1084.109656
608,d4,-0.025,1138.562266
608,d4,-0.008,1166.694988
608,d4,0.008,1194.270062
608,d4,0.025,1224.813297
608,dc,-0.06,1180.345166
608,dc,-0.025,1180.345166
608,dc,-0.008,1180.345166
608,dc,0.008,1180.345166
608,dc,0.025,1180.345166
609,f0,0,1082.680995
609,u,-0.7,1122.168838
609,u,-0.35,1097.043661
609,u,-0.15,1087.920845
609,u,-0.05,1084.300288
609,u,0.05,1081.278262
609,u,0.15,1079.302198
609,u,0.35,1075.775169
609,u,0.7,1070.155798
609,v,-0.7,1111.058414
609,v,-0.35,1095.385341
609,v,-0.15,1087.800957
609,v,-0.05,1084.336713
609,v,0.05,1081.074211
609,v,0.15,1078.001702
609,v,0.35,1072.383052
609,v,0.7,1064.035702
609,d4,-0.06,1000.625046
609,d4,-0.025,1047.196396
609,d4,-0.008,1071.111526
609,d4,0.008,1094.460646
609,d4,0.025,1120.21964
609,dc,-0.06,1082.680995
609,dc,-0.025,1082.680995
609,dc,-0.008,1082.680995
609,dc,0.008,1082.680995
609,dc,0.025,1082.680995
610,f0,0,1101.554888
610,u,-0.7,1142.755043
610,u,-0.35,1116.573956
610,u,-0.15,1107.039777
610,u,-0.05,1103.250674
610,u,0.05,1100.045387
610,u,0.15,1097.96622
610,u,0.35,1094.081248
610,u,0.7,1088.001276
610,v,-0.7,1119.852537
610,v,-0.35,1109.746601
610,v,-0.15,1104.85622
610,v,-0.05,1102.622489
610,v,0.05,1100.51884
610,v,0.15,1098.537699
610,v,0.35,1094.914815
610,v,0.7,1089.532476
610,d4,-0.06,1014.845011
610,d4,-0.025,1064.004175
610,d4,-0.008,1089.303163
610,d4,0.008,1114.037592
610,d4,0.025,1141.363032
610,dc,-0.06,1101.554888
610,dc,-0.025,1101.554888
610,dc,-0.008,1101.554888
610,dc,0.008,1101.554888
610,dc,0.025,1101.554888
611,f0,0,1055.194163
611,u,-0.7,1093.405833
611,u,-0.35,1069.135384
611,u,-0.15,1060.287863
611,u,-0.05,1056.769363
611,u,0.05,1053.903751
611,u,0.15,1051.960527
611,u,0.35,1048.601286
611,u,0.7,1043.200618
611,v,-0.7,1080.547301
611,v,-0.35,1066.544563
611,v,-0.15,1059.768473
611,v,-0.05,1056.673426
611,v,0.05,1053.75862
611,v,0.15,1051.013559
611,v,0.35,1045.993709
611,v,0.7,1038.535965
611,d4,-0.06,975.7258926
611,d4,-0.025,1020.858419
611,d4,-0.008,1044.003989
611,d4,0.008,1066.583067
611,d4,0.025,1091.471928
611,dc,-0.06,1055.194163
611,dc,-0.025,1055.194163
611,dc,-0.008,1055.194163
611,dc,0.008,1055.194163
611,dc,0.025,1055.194163
612,f0,0,907.4289818
612,u,-0.7,928.111715
612,u,-0.35,916.08991
612,u,-0.15,910.7964219
612,u,-0.05,908.4992709
612,u,0.05,906.4077292
612,u,0.15,904.5035174
612,u,0.35,901.1920266
612,u,0.7,896.7056913
612,v,-0.7,910.380701
612,v,-0.35,908.7504431
612,v,-0.15,907.9615421
612,v,-0.05,907.6012037
612,v,0.05,907.2618497
612,v,0.15,906.9422582
612,v,0.35,906.357826
612,v,0.7,905.489564
612,d4,-0.03,874.0442662
612,d4,-0.025,879.4906549
612,d4,-0.008,898.3555485
612,d4,0.008,916.6345479
612,d4,0.025,936.6568276
612,d4,0.06,980.0188552
612,dc,0.008,907.6381439
612,dc,0.025,907.6381439
612,dc,0.06,907.6381439
613,f0,0,1223.303813
613,u,-0.7,1246.703902
613,u,-0.35,1232.673761
613,u,-0.15,1226.872614
613,u,-0.05,1224.42774
613,u,0.05,1222.240459
613,u,0.15,1220.264715
613,u,0.35,1216.217964
613,u,0.7,1209.210033
613,v,-0.7,1226.471677
613,v,-0.35,1224.722041
613,v,-0.15,1223.875371
613,v,-0.05,1223.488646
613,v,0.05,1223.124443
613,v,0.15,1222.781448
613,v,0.35,1222.15422
613,v,0.7,1221.222378
613,d4,-0.06,1120.034356
613,d4,-0.025,1178.396206
613,d4,-0.008,1208.62099
613,d4,0.008,1238.293904
613,d4,0.025,1271.215036
613,d4,0.06,1343.964791
613,dc,-0.01,1222.777298
613,dc,-0.008,1223.303813
613,dc,0.008,1223.303813
613,dc,0.025,1223.303813
613,dc,0.06,1223.303813
614,f0,0,896.4383986
614,u,-0.7,930.6119302
614,u,-0.35,910.1877328
614,u,-0.15,901.6985059
614,u,-0.05,898.0990945
614,u,0.05,894.8631053
614,u,0.15,891.9491887
614,u,0.35,886.9490831
614,u,0.7,880.2913064
614,v,-0.7,900.0265647
614,v,-0.35,898.0447922
614,v,-0.15,897.0857891
614,v,-0.05,896.6477549
614,v,0.05,896.2352297
614,v,0.15,895.8467282
614,v,0.35,895.1362813
614,v,0.7,894.0808055
614,d4,-0.01,885.4680464
614,d4,-0.008,887.6466666
614,d4,0.008,905.3569949
614,d4,0.025,924.7498548
614,d4,0.06,966.7173196
614,dc,-0.02,895.1567134
614,dc,-0.008,896.4383986
614,dc,0.008,896.4383986
614,dc,0.025,896.4383986
614,dc,0.06,896.4383986
615,f0,0,1436.477445
615,u,-0.7,1459.541357
615,u,-0.35,1446.080927
615,u,-0.15,1440.240898
615,u,-0.05,1437.727268
615,u,0.05,1435.166951
615,u,0.15,1432.733093
615,u,0.35,1427.798132
615,u,0.7,1418.896075
615,v,-0.7,1440.065611
615,v,-0.35,1438.083838
615,v,-0.15,1437.124835
615,v,-0.05,1436.686801
615,v,0.05,1436.274276
615,v,0.15,1435.885774
615,v,0.35,1435.175327
615,v,0.7,1434.119852
615,d4,-0.06,1301.750706
615,d4,-0.025,1377.5437
615,d4,-0.008,1417.156986
615,d4,0.008,1456.269946
615,d4,0.025,1499.979084
615,d4,0.06,1597.752629
615,dc,0.008,1437.27278
615,dc,0.025,1437.27278
615,dc,0.06,1437.27278
616,f0,0,891.8021983
616,u,-0.7,929.0651298
616,u,-0.35,907.1071997
616,u,-0.15,897.7101391
616,u,-0.05,893.6746949
616,u,0.05,890.0196672
616,u,0.15,886.7058137
616,u,0.35,880.9671099
616,u,0.7,873.2129759
616,v,-0.7,895.7686571
616,v,-0.35,893.5779505
616,v,-0.15,892.5178419
616,v,-0.05,892.0336266
616,v,0.05,891.5776098
616,v,0.15,891.1481494
616,v,0.35,890.3628016
616,v,0.7,889.1960493
616,d4,0.008,900.5655035
616,d4,0.025,919.6197539
616,d4,0.06,960.8436412
616,dc,-0.01,891.0229929
616,dc,-0.008,891.8021983
616,dc,0.008,891.8021983
616,dc,0.025,891.8021983
616,dc,0.06,891.8021983
617,f0,0,916.6636277
617,u,-0.7,952.9474506
617,u,-0.35,931.8629135
617,u,-0.15,922.5757856
617,u,-0.05,918.5432339
617,u,0.05,914.8695762
617,u,0.15,911.522621
617,u,0.35,905.694505
617,u,0.7,897.7730782
617,v,-0.7,921.465212
617,v,-0.35,918.8132591
617,v,-0.15,917.5299478
617,v,-0.05,916.9437825
617,v,0.05,916.3917528
617,v,0.15,915.8718708
617,v,0.35,914.9211705
617,v,0.7,913.508762
617,d4,-0.02,894.5451268
617,d4,-0.008,907.7182815
617,d4,0.008,925.7441003
617,d4,0.025,945.506865
617,d4,0.06,988.3408122
617,dc,0.008,917.6024725
617,dc,0.025,917.6024725
617,dc,0.06,917.6024725
618,f0,0,2083.16977
618,u,-0.7,2167.774477
618,u,-0.35,2118.642782
618,u,-0.15,2096.292356
618,u,-0.05,2087.250124
618,u,0.05,2079.354098
618,u,0.15,2072.440327
618,u,0.35,2061.031751
618,u,0.7,2045.449418
618,v,-0.7,2089.117151
618,v,-0.35,2085.832365
618,v,-0.15,2084.242819
618,v,-0.05,2083.516778
618,v,0.05,2082.833018
618,v,0.15,2082.189077
618,v,0.35,2081.011512
618,v,0.7,2079.262063
618,d4,-0.06,1831.342267
618,d4,-0.025,1970.892437
618,d4,-0.008,2045.974465
618,d4,0.008,2121.642292
618,d4,0.025,2207.951724
618,d4,0.06,2408.010988
618,dc,-0.01,2074.763713
618,dc,-0.008,2081.352924
618,dc,0.008,2083.16977
618,dc,0.025,2083.16977
618,dc,0.06,2083.16977
619,f0,0,1234.680783
619,u,-0.7,1340.02509
619,u,-0.35,1278.529175
619,u,-0.15,1251.674883
619,u,-0.05,1240.073843
619,u,0.05,1229.542416
619,u,0.15,1219.982475
619,u,0.35,1203.428868
619,u,0.7,1181.172662
619,v,-0.7,1243.329781
619,v,-0.35,1238.552871
619,v,-0.15,1236.241268
619,v,-0.05,1235.185421
619,v,0.05,1234.19106
619,v,0.15,1233.254607
619,v,0.35,1231.54213
619,v,0.7,1228.997987
619,d4,-0.06,1138.175395
619,d4,-0.025,1192.805435
619,d4,-0.008,1221.005253
619,d4,0.008,1248.626332
619,d4,0.025,1279.195325
619,d4,0.06,1346.458367
619,dc,0.008,1241.918617
619,dc,0.025,1248.156877
619,dc,0.06,1248.156877
620,f0,0,1062.20898
620,u,-0.7,1213.92313
620,u,-0.35,1125.500152
620,u,-0.15,1086.774787
620,u,-0.05,1070.011092
620,u,0.05,1054.769199
620,u,0.15,1040.909269
620,u,0.35,1016.839742
620,u,0.7,984.2695415
620,v,-0.7,1073.240124
620,v,-0.35,1067.147536
620,v,-0.15,1064.199261
620,v,-0.05,1062.852606
620,v,0.05,1061.584375
620,v,0.15,1060.39
620,v,0.35,1058.205864
620,v,0.7,1054.961002
620,d4,-0.03,1025.988943
620,d4,-0.025,1031.877951
620,d4,-0.008,1052.338773
620,d4,0.008,1072.239108
620,d4,0.025,1094.102669
620,d4,0.06,1141.62428
620,dc,0.008,1066.712568
620,dc,0.025,1071.522391
620,dc,0.06,1071.522391
621,f0,0,894.1223246
621,u,-0.7,914.7368747
621,u,-0.35,902.7660835
621,u,-0.15,897.4857894
621,u,-0.05,895.1917909
621,u,0.05,893.1014308
621,u,0.15,891.1966535
621,u,0.35,887.8796149
621,u,0.7,883.3731926
621,v,-0.7,896.0379805
621,v,-0.35,894.9799486
621,v,-0.15,894.4679545
621,v,-0.05,894.234096
621,v,0.05,894.0138564
621,v,0.15,893.8064426
621,v,0.35,893.427148
621,v,0.7,892.8636489
621,d4,-0.02,872.0593244
621,d4,-0.008,885.2071607
621,d4,0.008,903.1634828
621,d4,0.025,922.816623
621,d4,0.06,965.334553
621,dc,0.008,894.3261548
621,dc,0.025,894.3261548
621,dc,0.06,894.3261548
622,f0,0,1007.699104
622,u,-0.7,1032.213963
622,u,-0.35,1017.908081
622,u,-0.15,1011.655989
622,u,-0.05,1008.954794
622,u,0.05,1006.502772
622,u,0.15,1004.277244
622,u,0.35,1000.424978
622,u,0.7,995.250929
622,v,-0.7,1009.871634
622,v,-0.35,1008.671729
622,v,-0.15,1008.09108
622,v,-0.05,1007.825863
622,v,0.05,1007.576091
622,v,0.15,1007.340865
622,v,0.35,1006.91071
622,v,0.7,1006.27165
622,d4,-0.06,932.0949202
622,d4,-0.025,975.0764411
622,d4,-0.008,997.0743071
622,d4,0.008,1018.505655
622,d4,0.025,1042.09778
622,d4,0.06,1093.565757
622,dc,0.008,1008.613615
622,dc,0.025,1008.613615
622,dc,0.06,1008.613615
623,f0,0,887.6759708
623,u,-0.7,913.3090175
623,u,-0.35,898.4344457
623,u,-0.15,891.8652754
623,u,-0.05,889.0085501
623,u,0.05,886.4033809
623,u,0.15,884.0273722
623,u,0.35,879.883257
623,u,0.7,874.2329951
623,v,-0.7,889.1238334
623,v,-0.35,888.3241675
623,v,-0.15,887.9371997
623,v,-0.05,887.7604483
623,v,0.05,887.5939901
623,v,0.15,887.4372256
623,v,0.35,887.1505529
623,v,0.7,886.7246573
623,d4,-0.01,876.7431386
623,d4,-0.008,878.9145836
623,d4,0.008,896.5617591
623,d4,0.025,915.8774957
623,d4,0.06,957.6580843
623,dc,0.008,888.0476796
623,dc,0.025,888.0476796
623,dc,0.06,888.0476796
624,f0,0,940.1213837
624,u,-0.7,974.2875538
624,u,-0.35,955.0172978
624,u,-0.15,945.7953757
624,u,-0.05,941.9090296
624,u,0.05,938.4290932
624,u,0.15,935.3082475
624,u,0.35,929.9858988
624,u,0.7,922.9817588
624,v,-0.7,941.7399143
624,v,-0.35,940.845987
624,v,-0.15,940.4134051
624,v,-0.05,940.215819
624,v,0.05,940.0297394
624,v,0.15,939.8544962
624,v,0.35,939.5340317
624,v,0.7,939.0579333
624,d4,-0.05,883.1600541
624,d4,-0.025,910.9787393
624,d4,-0.008,930.6437997
624,d4,0.008,949.7479053
624,d4,0.025,970.7190295
624,d4,0.06,1016.26472
624,dc,-0.01,938.5303733
624,dc,-0.008,939.5115102
624,dc,0.008,940.1213837
624,dc,0.025,940.1213837
624,dc,0.06,940.1213837
625,f0,0,888.0046827
625,u,-0.7,960.3941959
625,u,-0.35,913.8397634
625,u,-0.15,897.4168916
625,u,-0.05,890.9157123
625,u,0.05,885.2937639
625,u,0.15,880.4056921
625,u,0.35,872.3865526
625,u,0.7,862.6475537
625,v,-0.7,892.9935077
625,v,-0.35,890.2381402
625,v,-0.15,888.9047854
625,v,-0.05,888.2957622
625,v,0.05,887.7222058
625,v,0.15,887.1820507
625,v,0.35,886.1942772
625,v,0.7,884.726791
625,d4,0.008,896.7688327
625,d4,0.025,915.8443484
625,d4,0.06,957.1845762
625,dc,-0.06,888.0046827
625,dc,-0.025,888.0046827
625,dc,-0.008,888.0046827
625,dc,0.008,888.0046827
625,dc,0.025,888.0046827
625,dc,0.06,888.0046827
626,f0,0,883.636751
626,u,-0.7,945.8150103
626,u,-0.35,906.1958079
626,u,-0.15,891.9073071
626,u,-0.05,886.2013534
626,u,0.05,881.2429091
626,u,0.15,876.9126563
626,u,0.35,869.7678935
626,u,0.7,861.4832731
626,v,-0.7,888.8134709
626,v,-0.35,885.9543275
626,v,-0.15,884.5707544
626,v,-0.05,883.9387935
626,v,0.05,883.3436352
626,v,0.15,882.7831361
626,v,0.35,881.75816
626,v,0.7,880.2354037
626,d4,0.008,892.3636569
626,d4,0.025,911.3546531
626,d4,0.06,952.4982695
626,dc,-0.06,883.636751
626,dc,-0.025,883.636751
626,dc,-0.008,883.636751
626,dc,0.008,883.636751
626,dc,0.025,883.636751
626,dc,0.06,883.636751
627,f0,0,1662.54987
627,u,-0.7,2006.270681
627,u,-0.35,1805.756751
627,u,-0.15,1718.07791
627,u,-0.05,1680.175414
627,u,0.05,1645.753332
627,u,0.15,1614.494295
627,u,0.35,1259.789593
627,u,0.7,1049.300687
627,v,-0.7,1678.246091
627,v,-0.35,1669.576944
627,v,-0.15,1665.381841
627,v,-0.05,1663.465686
627,v,0.05,1661.661119
627,v,0.15,1659.961642
627,v,0.35,1656.853834
627,v,0.7,1652.236717
627,d4,0.008,1694.330438
627,d4,0.025,1765.773722
627,d4,0.06,1932.16119
627,dc,-0.06,1532.61056
627,dc,-0.025,1604.517121
627,dc,-0.008,1643.306673
627,dc,0.008,1682.472949
627,dc,0.025,1727.240216
627,dc,0.06,1831.400036
628,f0,0,1529.83946
628,u,-0.7,1962.225491
628,u,-0.35,1709.480038
628,u,-0.15,1599.398249
628,u,-0.05,1551.904715
628,u,0.05,1508.824389
628,u,0.15,1469.747395
628,u,0.35,1366.98937
628,u,0.7,1101.714177
628,v,-0.7,1537.834541
628,v,-0.35,1533.418794
628,v,-0.15,1531.281963
628,v,-0.05,1530.305943
628,v,0.05,1529.386763
628,v,0.15,1528.521111
628,v,0.35,1526.938107
628,v,0.7,1524.586317
628,d4,0.008,1551.941847
628,d4,0.025,1600.89718
628,d4,0.06,1711.127754
628,dc,-0.06,1439.678617
628,dc,-0.025,1490.241125
628,dc,-0.008,1516.825829
628,dc,0.008,1543.192699
628,dc,0.025,1572.759265
628,dc,0.06,1639.285508
629,f0,0,1496.833644
629,u,-0.7,1882.784367
629,u,-0.35,1657.179194
629,u,-0.15,1558.919634
629,u,-0.05,1516.528076
629,u,0.05,1478.07691
629,u,0.15,1443.200363
629,u,0.35,1242.148358
629,u,0.7,1061.464133
629,v,-0.7,1508.826124
629,v,-0.35,1502.202582
629,v,-0.15,1498.997373
629,v,-0.05,1497.533361
629,v,0.05,1496.154607
629,v,0.15,1494.856145
629,v,0.35,1492.481667
629,v,0.7,1488.954023
629,d4,0.008,1518.67636
629,d4,0.025,1567.079854
629,d4,0.06,1676.186167
629,dc,-0.06,1409.223138
629,dc,-0.025,1458.33515
629,dc,-0.008,1484.177931
629,dc,0.008,1509.823245
629,dc,0.025,1538.59777
629,dc,0.06,1603.408692
630,f0,0,2212.629828
630,u,-0.7,3376.338442
630,u,-0.35,2695.886462
630,u,-0.15,2399.72189
630,u,-0.05,2271.975565
630,u,0.05,2156.11052
630,u,0.15,2051.016702
630,u,0.35,1869.214198
630,u,0.7,1625.039162
630,v,-0.7,2224.877484
630,v,-0.35,2218.113007
630,v,-0.15,2214.839596
630,v,-0.05,2213.344433
630,v,0.05,2211.936342
630,v,0.15,2210.610251
630,v,0.35,2208.18525
630,v,0.7,2204.582544
630,d4,0.008,2239.523457
630,d4,0.025,2298.785094
630,d4,0.06,2430.693929
630,dc,-0.06,2081.103951
630,dc,-0.025,2155.199957
630,dc,-0.008,2193.813845
630,dc,0.008,2231.878165
630,dc,0.025,2274.286781
630,dc,0.06,2368.653693
631,f0,0,1515.639082
631,u,-0.7,1985.876272
631,u,-0.35,1711.072865
631,u,-0.15,1591.330168
631,u,-0.05,1539.652469
631,u,0.05,1492.765779
631,u,0.15,1450.225132
631,u,0.35,1376.606175
631,u,0.7,1228.130305
631,v,-0.7,1529.186781
631,v,-0.35,1521.70428
631,v,-0.15,1518.083409
631,v,-0.05,1516.42954
631,v,0.05,1514.871985
631,v,0.15,1513.405135
631,v,0.35,1510.722728
631,v,0.7,1506.737609
631,d4,0.008,1534.998093
631,d4,0.025,1577.678201
631,d4,0.06,1672.786424
631,dc,-0.06,1436.551895
631,dc,-0.025,1481.093652
631,dc,-0.008,1504.318561
631,dc,0.008,1527.222079
631,dc,0.025,1552.750805
631,dc,0.06,1609.601885
632,f0,0,1689.803125
632,u,-0.7,2309.798932
632,u,-0.35,1947.400999
632,u,-0.15,1789.555485
632,u,-0.05,1721.44794
632,u,0.05,1659.662611
632,u,0.15,1603.611167
632,u,0.35,1506.626918
632,u,0.7,1376.342493
632,v,-0.7,1705.424086
632,v,-0.35,1696.796506
632,v,-0.15,1692.621518
632,v,-0.05,1690.714551
632,v,0.05,1688.918636
632,v,0.15,1687.227308
632,v,0.35,1684.134401
632,v,0.7,1679.539423
632,d4,0.008,1711.807237
632,d4,0.025,1760.38131
632,d4,0.06,1868.933188
632,dc,-0.06,1594.746627
632,dc,-0.025,1648.215176
632,dc,-0.008,1676.163319
632,dc,0.008,1703.770738
632,dc,0.025,1734.596378
632,dc,0.06,1803.447403
633,f0,0,1829.222074
633,u,-0.7,2408.963544
633,u,-0.35,2069.922122
633,u,-0.15,1922.389003
633,u,-0.05,1858.770842
633,u,0.05,1801.084724
633,u,0.15,1748.778231
633,u,0.35,1539.09995
633,u,0.7,1165.395805
633,v,-0.7,1845.942162
633,v,-0.35,1836.707525
633,v,-0.15,1832.238776
633,v,-0.05,1830.19763
633,v,0.05,1828.275351
633,v,0.15,1826.465017
633,v,0.35,1823.154486
633,v,0.7,1818.236194
633,d4,0.008,1860.980891
633,d4,0.025,1932.024719
633,d4,0.06,2095.61786
633,dc,-0.06,1691.021125
633,dc,-0.025,1767.824902
633,dc,-0.008,1808.921299
633,dc,0.008,1850.179563
633,dc,0.025,1897.047093
633,dc,0.06,2004.900736
634,f0,0,2217.575096
634,u,-0.7,2988.150804
634,u,-0.35,2537.323722
634,u,-0.15,2341.300067
634,u,-0.05,2256.809608
634,u,0.05,2180.220269
634,u,0.15,2110.794472
634,u,0.35,1662.233479
634,u,0.7,1199.746484
634,v,-0.7,2236.139071
634,v,-0.35,2225.886041
634,v,-0.15,2220.924479
634,v,-0.05,2218.658235
634,v,0.05,2216.523968
634,v,0.15,2214.51399
634,v,0.35,2210.838375
634,v,0.7,2205.377695
634,d4,0.008,2266.042442
634,d4,0.025,2376.059146
634,d4,0.06,2638.125491
634,dc,-0.06,1996.629551
634,dc,-0.025,2117.827467
634,dc,-0.008,2184.305108
634,dc,0.008,2252.226154
634,dc,0.025,2330.859797
634,dc,0.06,2518.060161
635,f0,0,1885.300336
635,u,-0.7,2741.771287
635,u,-0.35,2241.121547
635,u,-0.15,2023.087919
635,u,-0.05,1929.01156
635,u,0.05,1843.666367
635,u,0.15,1766.238124
635,u,0.35,1632.250425
635,u,0.7,1452.185432
635,v,-0.7,1906.010318
635,v,-0.35,1894.572031
635,v,-0.15,1889.03691
635,v,-0.05,1886.508687
635,v,0.05,1884.127697
635,v,0.15,1881.885365
635,v,0.35,1877.784846
635,v,0.7,1871.692908
635,d4,0.008,1906.904658
635,d4,0.025,1954.402459
635,d4,0.06,2059.59338
635,dc,-0.06,1786.149398
635,dc,-0.025,1842.128116
635,dc,-0.008,1871.176266
635,dc,0.008,1899.728223
635,dc,0.025,1931.442527
635,dc,0.06,2001.651039
636,f0,0,2228.644111
636,u,-0.7,3436.171032
636,u,-0.35,2730.148639
636,u,-0.15,2422.814415
636,u,-0.05,2290.237429
636,u,0.05,2169.981895
636,u,0.15,2060.896323
636,u,0.35,1872.159971
636,u,0.7,1618.581635
636,v,-0.7,2254.615419
636,v,-0.35,2240.27126
636,v,-0.15,2233.329953
636,v,-0.05,2230.159442
636,v,0.05,2227.173566
636,v,0.15,2224.361575
636,v,0.35,2219.219328
636,v,0.7,2211.579747
636,d4,0.008,2252.434829
636,d4,0.025,2304.645895
636,d4,0.06,2419.818102
636,dc,-0.06,2111.332401
636,dc,-0.025,2177.671369
636,dc,-0.008,2211.986223
636,dc,0.008,2245.642072
636,dc,0.025,2282.940909
636,dc,0.06,2365.195578
637,f0,0,2521.936175
637,u,-0.7,4002.197967
637,u,-0.35,3136.546115
637,u,-0.15,2759.863275
637,u,-0.05,2597.404353
637,u,0.05,2450.064363
637,u,0.15,2316.428756
637,u,0.35,2085.265208
637,u,0.7,1774.804578
637,v,-0.7,2550.0739
637,v,-0.35,2534.533212
637,v,-0.15,2527.01289
637,v,-0.05,2523.577908
637,v,0.05,2520.342963
637,v,0.15,2517.296407
637,v,0.35,2511.725216
637,v,0.7,2503.448373
637,d4,0.008,2549.34352
637,d4,0.025,2609.544723
637,d4,0.06,2742.60079
637,dc,-0.06,2381.216905
637,dc,-0.025,2460.725068
637,dc,-0.008,2501.920953
637,dc,0.008,2542.371462
637,dc,0.025,2587.253425
637,dc,0.06,2686.428233
638,f0,0,3581.357248
638,u,-0.7,5300.859181
638,u,-0.35,4294.405843
638,u,-0.15,3857.180659
638,u,-0.05,3668.811248
638,u,0.05,3498.104268
638,u,0.15,3343.404297
638,u,0.35,3076.167111
638,u,0.7,2119.961589
638,v,-0.7,3613.298446
638,v,-0.35,3595.65707
638,v,-0.15,3587.1202
638,v,-0.05,3583.220899
638,v,0.05,3579.548676
638,v,0.15,3576.090306
638,v,0.35,3569.766038
638,v,0.7,3560.370386
638,d4,0.008,3691.149792
638,d4,0.025,3948.012308
638,d4,0.06,4606.35811
638,dc,-0.06,3044.98975
638,dc,-0.025,3331.694789
638,dc,-0.008,3496.640947
638,dc,0.008,3671.182143
638,dc,0.025,3881.291502
638,dc,0.06,4419.588541
639,f0,0,2894.443192
639,u,-0.7,4648.015675
639,u,-0.35,3622.284048
639,u,-0.15,3176.148438
639,u,-0.05,2983.788501
639,u,0.05,2809.364023
639,u,0.15,2651.195463
639,u,0.35,2377.683427
639,u,0.7,2010.59193
639,v,-0.7,2927.567633
639,v,-0.35,2909.272742
639,v,-0.15,2900.419629
639,v,-0.05,2896.375881
639,v,0.05,2892.567622
639,v,0.15,2888.981139
639,v,0.35,2882.422592
639,v,0.7,2872.678883
639,d4,0.008,2931.589677
639,d4,0.025,3013.709441
639,d4,0.06,3197.819357
639,dc,-0.06,2698.95962
639,dc,-0.025,2808.751639
639,dc,-0.008,2866.310198
639,dc,0.008,2923.280855
639,dc,0.025,2987.025681
639,dc,0.06,3129.907899
640,f0,0,4569.599802
640,u,-0.7,6932.971559
640,u,-0.35,5549.33556
640,u,-0.15,4948.519484
640,u,-0.05,4689.732324
640,u,0.05,4455.246998
640,u,0.15,4242.782149
640,u,0.35,3875.841927
640,u,0.7,2934.773644
640,v,-0.7,4605.487346
640,v,-0.35,4585.666372
640,v,-0.15,4576.074769
640,v,-0.05,4571.693708
640,v,0.05,4567.567781
640,v,0.15,4563.682128
640,v,0.35,4556.576494
640,v,0.7,4546.020006
640,d4,0.008,4747.284626
640,d4,0.025,5174.577922
640,d4,0.06,6350.193799
640,dc,-0.06,3709.931926
640,dc,-0.025,4159.328938
640,dc,-0.008,4428.32643
640,dc,0.008,4721.776226
640,dc,0.025,5087.66817
640,dc,0.06,6093.97687
641,f0,0,3507.378231
641,u,-0.7,5719.880205
641,u,-0.35,4425.32928
641,u,-0.15,3862.581497
641,u,-0.05,3620.021011
641,u,0.05,3400.126439
641,u,0.15,3200.77268
641,u,0.35,2856.169235
641,u,0.7,2394.007524
641,v,-0.7,3543.265775
641,v,-0.35,3523.444801
641,v,-0.15,3513.853198
641,v,-0.05,3509.472137
641,v,0.05,3505.34621
641,v,0.15,3501.460557
641,v,0.35,3494.354923
641,v,0.7,3483.798435
641,d4,0.008,3564.217244
641,d4,0.025,3691.251281
641,d4,0.06,3983.166996
641,dc,-0.06,3201.801629
641,dc,-0.025,3371.720441
641,dc,-0.008,3462.541415
641,dc,0.008,3553.646381
641,dc,0.025,3657.044633
641,dc,0.06,3894.596827
642,f0,0,5321.27275
642,u,-0.7,9246.141244
642,u,-0.35,6948.827377
642,u,-0.15,5950.88708
642,u,-0.05,5520.911538
642,u,0.05,5131.212099
642,u,0.15,4778.002425
642,u,0.35,4167.660398
642,u,0.7,3349.606623
642,v,-0.7,5375.668094
642,v,-0.35,5345.625115
642,v,-0.15,5331.086964
642,v,-0.05,5324.446518
642,v,0.05,5318.192781
642,v,0.15,5312.303233
642,v,0.35,5301.533106
642,v,0.7,5285.532462
642,d4,0.008,5412.687098
642,d4,0.025,5617.806219
642,d4,0.06,6093.4398
642,dc,-0.06,4797.533749
642,dc,-0.025,5087.712701
642,dc,-0.008,5243.891
642,dc,0.008,5401.319046
642,dc,0.025,5580.920034
642,dc,0.06,5997.331314
643,f0,0,8127.243823
643,u,-0.7,14048.98513
643,u,-0.35,10581.3827
643,u,-0.15,9076.291355
643,u,-0.05,8428.116754
643,u,0.05,7840.85551
643,u,0.15,7308.771317
643,u,0.35,6389.847739
643,u,0.7,5159.574764
643,v,-0.7,8217.681168
643,v,-0.35,8167.731907
643,v,-0.15,8143.560872
643,v,-0.05,8132.520509
643,v,0.05,8122.123087
643,v,0.15,8112.331164
643,v,0.35,8094.424821
643,v,0.7,8067.822254
643,d4,0.008,8412.163434
643,d4,0.025,9090.507111
643,d4,0.06,10908.24381
643,dc,-0.06,6621.100886
643,dc,-0.025,7414.625973
643,dc,-0.008,7883.123045
643,dc,0.008,8388.731043
643,dc,0.025,9011.24674
643,dc,0.06,10679.14128
644,f0,0,1065.880687
644,u,-0.7,1221.924064
644,u,-0.35,1134.781882
644,u,-0.15,1096.705889
644,u,-0.05,1080.249038
644,u,0.05,1048.934092
644,u,0.15,1020.060506
644,u,0.35,976.8671278
644,u,0.7,929.1981868
644,v,-0.7,1071.828067
644,v,-0.35,1068.543282
644,v,-0.15,1066.953736
644,v,-0.05,1066.227695
644,v,0.05,1065.543935
644,v,0.15,1064.899994
644,v,0.35,1063.722429
644,v,0.7,1061.972979
644,d4,0.008,1076.752396
644,d4,0.025,1100.479944
644,d4,0.06,1152.195515
644,dc,-0.06,1034.082771
644,dc,-0.025,1055.931326
644,dc,-0.008,1065.880687
644,dc,0.008,1065.880687
644,dc,0.025,1065.880687
644,dc,0.06,1065.880687
645,f0,0,1059.250455
645,u,-0.7,1209.923223
645,u,-0.35,1122.020035
645,u,-0.15,1083.592249
645,u,-0.05,1066.9778
645,u,0.05,1051.885543
645,u,0.15,1031.867563
645,u,0.35,985.0255709
645,u,0.7,933.9634241
645,v,-0.7,1065.329037
645,v,-0.35,1061.971788
645,v,-0.15,1060.347176
645,v,-0.05,1059.605118
645,v,0.05,1058.906274
645,v,0.15,1058.248127
645,v,0.35,1057.044585
645,v,0.7,1055.256542
645,d4,0.008,1070.562226
645,d4,0.025,1095.294439
645,d4,0.06,1149.408632
645,dc,-0.06,1022.784427
645,dc,-0.025,1043.492148
645,dc,-0.008,1054.114919
645,dc,0.008,1064.476748
645,dc,0.025,1075.895712
645,dc,0.06,1082.16317
646,f0,0,1073.86318
646,u,-0.7,1228.415268
646,u,-0.35,1139.485114
646,u,-0.15,1100.628674
646,u,-0.05,1083.834611
646,u,0.05,1056.091269
646,u,0.15,1025.902712
646,u,0.35,980.9556426
646,u,0.7,931.6473569
646,v,-0.7,1079.941762
646,v,-0.35,1076.584513
646,v,-0.15,1074.9599
646,v,-0.05,1074.217842
646,v,0.05,1073.518999
646,v,0.15,1072.860852
646,v,0.35,1071.65731
646,v,0.7,1069.869266
646,d4,0.008,1084.842845
646,d4,0.025,1108.808971
646,d4,0.06,1161.058494
646,dc,-0.06,1037.323688
646,dc,-0.025,1059.278426
646,dc,-0.008,1070.563763
646,dc,0.008,1073.86318
646,dc,0.025,1073.86318
646,dc,0.06,1073.86318
647,f0,0,1090.734191
647,u,-0.7,1256.774009
647,u,-0.35,1159.873954
647,u,-0.15,1117.539191
647,u,-0.05,1099.242351
647,u,0.05,1082.626169
647,u,0.15,1052.976295
647,u,0.35,999.4172402
647,u,0.7,942.2765865
647,v,-0.7,1097.100043
647,v,-0.35,1093.584133
647,v,-0.15,1091.882743
647,v,-0.05,1091.105615
647,v,0.05,1090.373745
647,v,0.15,1089.684495
647,v,0.35,1088.424074
647,v,0.7,1086.551528
647,d4,0.008,1102.722122
647,d4,0.025,1128.960997
647,d4,0.06,1186.507259
647,dc,-0.06,1051.191545
647,dc,-0.025,1073.621843
647,dc,-0.008,1085.153304
647,dc,0.008,1096.417744
647,dc,0.025,1108.849909
647,dc,0.06,1111.73628
648,f0,0,1108.711244
648,u,-0.7,1291.152538
648,u,-0.35,1184.674607
648,u,-0.15,1138.160809
648,u,-0.05,1118.058711
648,u,0.05,1099.80346
648,u,0.15,1083.22504
648,u,0.35,1023.835673
648,u,0.7,956.0110665
648,v,-0.7,1115.58457
648,v,-0.35,1111.788378
648,v,-0.15,1109.951356
648,v,-0.05,1109.112278
648,v,0.05,1108.322063
648,v,0.15,1107.577868
648,v,0.35,1106.216968
648,v,0.7,1104.195147
648,d4,0.008,1120.846306
648,d4,0.025,1147.407839
648,d4,0.06,1205.664375
648,dc,-0.06,1068.150595
648,dc,-0.025,1091.15664
648,dc,-0.008,1102.985862
648,dc,0.008,1114.542195
648,dc,0.025,1127.297594
648,dc,0.06,1155.23949
649,f0,0,1120.251977
649,u,-0.7,1336.018631
649,u,-0.35,1210.116527
649,u,-0.15,1155.098308
649,u,-0.05,1131.313772
649,u,0.05,1109.709101
649,u,0.15,1090.083284
649,u,0.35,1056.056064
649,u,0.7,996.730371
649,v,-0.7,1127.757283
649,v,-0.35,1123.612043
649,v,-0.15,1121.606113
649,v,-0.05,1120.689884
649,v,0.05,1119.827012
649,v,0.15,1119.01439
649,v,0.35,1117.52836
649,v,0.7,1115.32064
649,d4,0.008,1131.779984
649,d4,0.025,1156.970724
649,d4,0.06,1212.018695
649,dc,-0.06,1081.272719
649,dc,-0.025,1103.41488
649,dc,-0.008,1114.766181
649,dc,0.008,1125.833363
649,dc,0.025,1138.023223
649,dc,0.06,1164.631877
650,f0,0,1114.478259
650,u,-0.7,1319.771897
650,u,-0.35,1199.979349
650,u,-0.15,1147.631832
650,u,-0.05,1125.002538
650,u,0.05,1104.447859
650,u,0.15,1085.776601
650,u,0.35,1053.406918
650,u,0.7,984.8411093
650,v,-0.7,1122.231032
650,v,-0.35,1117.949114
650,v,-0.15,1115.877044
650,v,-0.05,1114.930605
650,v,0.05,1114.039282
650,v,0.15,1113.199866
650,v,0.35,1111.664839
650,v,0.7,1109.384325
650,d4,0.008,1126.087204
650,d4,0.025,1151.462772
650,d4,0.06,1206.952891
650,dc,-0.06,1075.438917
650,dc,-0.025,1097.609177
650,dc,-0.008,1108.981022
650,dc,0.008,1120.072305
650,dc,0.025,1132.293413
650,dc,0.06,1158.987635
651,f0,0,1205.58269
651,u,-0.7,1496.436844
651,u,-0.35,1326.654852
651,u,-0.15,1252.516913
651,u,-0.05,1220.479729
651,u,0.05,1191.386305
651,u,0.15,1164.964363
651,u,0.35,1119.170525
651,u,0.7,1057.449699
651,v,-0.7,1214.597233
651,v,-0.35,1209.61843
651,v,-0.15,1207.209128
651,v,-0.05,1206.108656
651,v,0.05,1205.072269
651,v,0.15,1204.096238
651,v,0.35,1202.311383
651,v,0.7,1199.659713
651,d4,0.008,1217.937934
651,d4,0.025,1244.946746
651,d4,0.06,1304.016688
651,dc,-0.06,1161.352248
651,dc,-0.025,1186.464795
651,dc,-0.008,1199.351732
651,dc,0.008,1211.924216
651,dc,0.025,1225.781117
651,dc,0.06,1256.060602
652,f0,0,1614.051434
652,u,-0.7,2235.106636
652,u,-0.35,1872.186269
652,u,-0.15,1714.035476
652,u,-0.05,1645.773713
652,u,0.05,1583.833238
652,u,0.15,1527.625835
652,u,0.35,1430.327751
652,u,0.7,1299.491522
652,v,-0.7,1629.038955
652,v,-0.35,1620.761229
652,v,-0.15,1616.755539
652,v,-0.05,1614.925901
652,v,0.05,1613.202812
652,v,0.15,1611.580068
652,v,0.35,1608.61258
652,v,0.7,1604.203931
652,d4,0.008,1632.128721
652,d4,0.025,1671.8138
652,d4,0.06,1759.417624
652,dc,-0.06,1536.791941
652,dc,-0.025,1580.473785
652,dc,-0.008,1603.076867
652,dc,0.008,1625.251482
652,dc,0.025,1649.833106
652,dc,0.06,1704.069203
653,f0,0,2335.7184
653,u,-0.7,3692.490884
653,u,-0.35,2899.164255
653,u,-0.15,2553.863586
653,u,-0.05,2404.915901
653,u,0.05,2269.814647
653,u,0.15,2147.264895
653,u,0.35,1935.237474
653,u,0.7,1650.364408
653,v,-0.7,2352.438487
653,v,-0.35,2343.203851
653,v,-0.15,2338.735101
653,v,-0.05,2336.693955
653,v,0.05,2334.771676
653,v,0.15,2332.961342
653,v,0.35,2329.650811
653,v,0.7,2324.732519
653,d4,0.008,2359.208534
653,d4,0.025,2410.656808
653,d4,0.06,2523.647257
653,dc,-0.06,2216.987438
653,dc,-0.025,2284.253933
653,dc,-0.008,2318.920891
653,dc,0.008,2352.837771
653,dc,0.025,2390.328592
653,dc,0.06,2472.646411
654,f0,0,2406.243025
654,u,-0.7,3812.537606
654,u,-0.35,2990.207109
654,u,-0.15,2632.321343
654,u,-0.05,2477.955257
654,u,0.05,2337.9459
654,u,0.15,2210.950387
654,u,0.35,1991.24884
654,u,0.7,1696.114732
654,v,-0.7,2425.358477
654,v,-0.35,2414.800862
654,v,-0.15,2409.691908
654,v,-0.05,2407.358342
654,v,0.05,2405.160672
654,v,0.15,2403.090984
654,v,0.35,2399.306178
654,v,0.7,2393.683279
654,d4,0.008,2431.268045
654,d4,0.025,2486.141401
654,d4,0.06,2606.960479
654,dc,-0.06,2278.903722
654,dc,-0.025,2350.968856
654,dc,-0.008,2388.188846
654,dc,0.008,2424.656355
654,dc,0.025,2465.027561
654,dc,0.06,2553.895383
655,f0,0,2709.319313
655,u,-0.7,4417.234464
655,u,-0.35,3418.378066
655,u,-0.15,2983.795926
655,u,-0.05,2796.378785
655,u,0.05,2626.410172
655,u,0.15,2472.256239
655,u,0.35,2205.611364
655,u,0.7,1847.511547
655,v,-0.7,2732.036147
655,v,-0.35,2719.48946
655,v,-0.15,2713.41797
655,v,-0.05,2710.644756
655,v,0.05,2708.033042
655,v,0.15,2705.573422
655,v,0.35,2701.075552
655,v,0.7,2694.393289
655,d4,0.008,2736.559518
655,d4,0.025,2796.244717
655,d4,0.06,2927.438189
655,dc,-0.06,2565.262457
655,dc,-0.025,2646.844986
655,dc,-0.008,2688.922882
655,dc,0.008,2730.111953
655,dc,0.025,2775.666064
655,dc,0.06,2875.779392
656,f0,0,896.9807016
656,u,-0.7,942.7424421
656,u,-0.35,914.8864622
656,u,-0.15,903.7543423
656,u,-0.05,899.1092841
656,u,0.05,894.9698986
656,u,0.15,891.2712433
656,u,0.35,884.9847434
656,u,0.7,876.7186098
656,v,-0.7,905.1202672
656,v,-0.35,900.6247207
656,v,-0.15,898.4492729
656,v,-0.05,897.4556153
656,v,0.05,896.5198237
656,v,0.15,895.6385285
656,v,0.35,894.0269171
656,v,0.7,891.6326259
656,d4,0.008,905.7619791
656,d4,0.025,924.8570932
656,d4,0.06,966.1771409
656,dc,-0.06,896.9807016
656,dc,-0.025,896.9807016
656,dc,-0.008,896.9807016
656,dc,0.008,896.9807016
656,dc,0.025,896.9807016
656,dc,0.06,896.9807016
657,f0,0,914.4419258
657,u,-0.7,970.3607255
657,u,-0.35,939.4768821
657,u,-0.15,923.8753885
657,u,-0.05,917.4016671
657,u,0.05,911.6498079
657,u,0.15,906.5236113
657,u,0.35,897.8386259
657,u,0.7,886.4709603
657,v,-0.7,923.7158071
657,v,-0.35,918.5937691
657,v,-0.15,916.1151546
657,v,-0.05,914.9830226
657,v,0.05,913.9168208
657,v,0.15,912.9127098
657,v,0.35,911.076507
657,v,0.7,908.3485515
657,d4,0.008,923.3057204
657,d4,0.025,942.5931652
657,d4,0.06,984.374911
657,dc,-0.03,909.9031103
657,dc,-0.025,912.0397475
657,dc,-0.008,914.4419258
657,dc,0.008,914.4419258
657,dc,0.025,914.4419258
657,dc,0.06,914.4419258
658,f0,0,904.1352304
658,u,-0.7,954.1883888
658,u,-0.35,923.5964769
658,u,-0.15,911.4785317
658,u,-0.05,906.440357
658,u,0.05,901.959735
658,u,0.15,897.9634429
658,u,0.35,891.1868728
658,u,0.7,882.5076708
658,v,-0.7,914.4590953
658,v,-0.35,908.757143
658,v,-0.15,905.9979013
658,v,-0.05,904.7375899
658,v,0.05,903.5506733
658,v,0.15,902.4328774
658,v,0.35,900.3887809
658,v,0.7,897.3519679
658,d4,0.008,912.9339039
658,d4,0.025,932.0699278
658,d4,0.06,973.489226
658,dc,-0.06,904.1352304
658,dc,-0.025,904.1352304
658,dc,-0.008,904.1352304
658,dc,0.008,904.1352304
658,dc,0.025,904.1352304
658,dc,0.06,904.1352304
659,f0,0,935.025988
659,u,-0.7,1022.263888
659,u,-0.35,972.1894866
659,u,-0.15,948.6900104
659,u,-0.05,939.2698081
659,u,0.05,931.0583535
659,u,0.15,923.8636415
659,u,0.35,911.9351663
659,u,0.7,896.8072307
659,v,-0.7,945.9399421
659,v,-0.35,939.9120789
659,v,-0.15,936.995125
659,v,-0.05,935.662777
659,v,0.05,934.4080189
659,v,0.15,933.2263323
659,v,0.35,931.0653996
659,v,0.7,927.8550091
659,d4,0.008,944.0655983
659,d4,0.025,963.7448033
659,d4,0.06,1006.412208
659,dc,-0.06,933.2271342
659,dc,-0.025,935.025988
659,dc,-0.008,935.025988
659,dc,0.008,935.025988
659,dc,0.025,935.025988
659,dc,0.06,935.025988
660,f0,0,930.4996559
660,u,-0.7,992.799815
660,u,-0.35,956.5900512
660,u,-0.15,940.6485429
660,u,-0.05,933.726448
660,u,0.05,927.4193954
660,u,0.15,921.6715784
660,u,0.35,911.6556831
660,u,0.7,898.0110561
660,v,-0.7,941.5073701
660,v,-0.35,935.4277225
660,v,-0.15,932.4857095
660,v,-0.05,931.1419155
660,v,0.05,929.876378
660,v,0.15,928.6845396
660,v,0.35,926.5050428
660,v,0.7,923.2670723
660,d4,0.008,939.3506249
660,d4,0.025,958.6164765
660,d4,0.06,1000.371726
660,dc,0.008,934.0100198
660,dc,0.025,936.9416946
660,dc,0.06,936.9416946
661,f0,0,919.8152835
661,u,-0.7,986.1479018
661,u,-0.35,945.441143
661,u,-0.15,929.4637207
661,u,-0.05,922.8414765
661,u,0.05,916.9613108
661,u,0.15,911.7236539
661,u,0.35,902.8560254
661,u,0.7,891.2610505
661,v,-0.7,931.3214822
661,v,-0.35,924.9665177
661,v,-0.15,921.8912755
661,v,-0.05,920.4866279
661,v,0.05,919.1637805
661,v,0.15,917.9179697
661,v,0.35,915.6397743
661,v,0.7,912.2551723
661,d4,0.008,928.6870592
661,d4,0.025,947.9925317
661,d4,0.06,989.8158178
661,dc,-0.06,919.8152835
661,dc,-0.025,919.8152835
661,dc,-0.008,919.8152835
661,dc,0.008,919.8152835
661,dc,0.025,919.8152835
661,dc,0.06,919.8152835
662,f0,0,957.7181149
662,u,-0.7,1049.133945
662,u,-0.35,1001.829024
662,u,-0.15,974.1053028
662,u,-0.05,962.8304389
662,u,0.05,952.9191325
662,u,0.15,944.1672396
662,u,0.35,929.5073732
662,u,0.7,910.6232026
662,v,-0.7,970.5005288
662,v,-0.35,963.4407005
662,v,-0.15,960.0243665
662,v,-0.05,958.4639217
662,v,0.05,956.9943501
662,v,0.15,955.6103596
662,v,0.35,953.0794771
662,v,0.7,949.3194705
662,d4,0.008,966.8551942
662,d4,0.025,986.7523514
662,d4,0.06,1029.913745
662,dc,-0.05,947.5942809
662,dc,-0.025,957.7181149
662,dc,-0.008,957.7181149
662,dc,0.008,957.7181149
662,dc,0.025,957.7181149
662,dc,0.06,957.7181149
663,f0,0,956.1128854
663,u,-0.7,1038.411422
663,u,-0.35,990.5405461
663,u,-0.15,969.4967605
663,u,-0.05,960.3669666
663,u,0.05,952.0531675
663,u,0.15,944.4809868
663,u,0.35,931.2977267
663,u,0.7,913.3679921
663,v,-0.7,969.2620444
663,v,-0.35,961.9996599
663,v,-0.15,958.4853065
663,v,-0.05,956.8800904
663,v,0.05,955.3683547
663,v,0.15,953.9446557
663,v,0.35,951.3411587
663,v,0.7,947.4732722
663,d4,0.008,965.0858991
663,d4,0.025,984.6227573
663,d4,0.06,1026.986024
663,dc,0.008,959.7459861
663,dc,0.025,967.6457369
663,dc,0.06,974.7031954
664,f0,0,961.4538777
664,u,-0.7,1047.978003
664,u,-0.35,997.642403
664,u,-0.15,975.5208238
664,u,-0.05,965.9248449
664,u,0.05,957.1873981
664,u,0.15,949.2301712
664,u,0.35,935.3786783
664,u,0.7,916.5455981
664,v,-0.7,975.0287946
664,v,-0.35,967.5312606
664,v,-0.15,963.9031157
664,v,-0.05,962.2459241
664,v,0.05,960.6852398
664,v,0.15,959.2154427
664,v,0.35,956.5276468
664,v,0.7,952.5345217
664,d4,0.008,970.4542916
664,d4,0.025,990.0515916
664,d4,0.06,1032.549011
664,dc,0.008,965.1145109
664,dc,0.025,973.0749798
664,dc,0.06,990.2940235
665,f0,0,965.3303854
665,u,-0.7,1054.931975
665,u,-0.35,1002.801194
665,u,-0.15,979.8947204
665,u,-0.05,969.9592765
665,u,0.05,960.9133587
665,u,0.15,952.6757857
665,u,0.35,938.3378124
665,u,0.7,918.8472177
665,v,-0.7,979.2103797
665,v,-0.35,971.5443491
665,v,-0.15,967.8346667
665,v,-0.05,966.140232
665,v,0.05,964.5444735
665,v,0.15,963.0416448
665,v,0.35,960.2934444
665,v,0.7,956.2105794
665,d4,0.008,974.351021
665,d4,0.025,993.9928706
665,d4,0.06,1036.588959
665,dc,0.008,969.0113341
665,dc,0.025,975.6882888
665,dc,0.06,975.6882888
666,f0,0,1014.449093
666,u,-0.7,1143.686759
666,u,-0.35,1068.426571
666,u,-0.15,1035.414366
666,u,-0.05,1021.110019
666,u,0.05,1008.095233
666,u,0.15,996.2517403
666,u,0.35,975.6594069
666,u,0.7,947.7234478
666,v,-0.7,1031.954551
666,v,-0.35,1022.286148
666,v,-0.15,1017.607494
666,v,-0.05,1015.470472
666,v,0.05,1013.4579
666,v,0.15,1011.562532
666,v,0.35,1008.096499
666,v,0.7,1002.947187
666,d4,0.008,1023.744074
666,d4,0.025,1043.987707
666,d4,0.06,1087.9067
666,dc,0.008,1018.405465
666,dc,0.025,1027.014747
666,dc,0.06,1045.660458
667,f0,0,1018.73495
667,u,-0.7,1151.479029
667,u,-0.35,1074.172087
667,u,-0.15,1040.266112
667,u,-0.05,1025.575501
667,u,0.05,1012.209902
667,u,0.15,1000.047755
667,u,0.35,978.9029393
667,u,0.7,950.2215263
667,v,-0.7,1036.53881
667,v,-0.35,1026.705597
667,v,-0.15,1021.94719
667,v,-0.05,1019.77374
667,v,0.05,1017.726861
667,v,0.15,1015.799184
667,v,0.35,1012.274069
667,v,0.7,1007.03698
667,d4,0.008,1028.055083
667,d4,0.025,1048.353748
667,d4,0.06,1092.393168
667,dc,0.008,1022.716561
667,dc,0.025,1031.381058
667,dc,0.06,1050.147582
668,f0,0,1028.04469
668,u,-0.7,1168.427874
668,u,-0.35,1086.661579
668,u,-0.15,1050.808535
668,u,-0.05,1035.276511
668,u,0.05,1021.146758
668,u,0.15,1008.290546
668,u,0.35,985.9424542
668,u,0.7,955.6377445
668,v,-0.7,1046.488332
668,v,-0.35,1036.301763
668,v,-0.15,1031.372362
668,v,-0.05,1029.120809
668,v,0.05,1027.000376
668,v,0.15,1025.003427
668,v,0.35,1021.351637
668,v,0.7,1015.926354
668,d4,0.008,1037.419969
668,d4,0.025,1057.83924
668,d4,0.06,1102.142405
668,dc,0.008,1032.081631
668,dc,0.025,1040.867129
668,dc,0.06,1059.898222
669,f0,0,1087.984193
669,u,-0.7,1278.180605
669,u,-0.35,1167.328131
669,u,-0.15,1118.781528
669,u,-0.05,1097.765678
669,u,0.05,1078.65666
669,u,0.15,1061.278851
669,u,0.35,1031.094495
669,u,0.7,990.2253431
669,v,-0.7,1110.311098
669,v,-0.35,1097.979772
669,v,-0.15,1092.012498
669,v,-0.05,1089.286886
669,v,0.05,1086.720001
669,v,0.15,1084.3026
669,v,0.35,1079.881935
669,v,0.7,1073.314371
669,d4,0.008,1097.727625
669,d4,0.025,1118.951025
669,d4,0.06,1165.00849
669,dc,0.008,1092.390392
669,dc,0.025,1101.982387
669,dc,0.06,1122.77277
670,f0,0,1087.984193
670,u,-0.7,1278.180605
670,u,-0.35,1167.328131
670,u,-0.15,1118.781528
670,u,-0.05,1097.765678
670,u,0.05,1078.65666
670,u,0.15,1061.278851
670,u,0.35,1031.094495
670,u,0.7,990.2253431
670,v,-0.7,1110.311098
670,v,-0.35,1097.979772
670,v,-0.15,1092.012498
670,v,-0.05,1089.286886
670,v,0.05,1086.720001
670,v,0.15,1084.3026
670,v,0.35,1079.881935
670,v,0.7,1073.314371
670,d4,0.008,1097.727625
670,d4,0.025,1118.951025
670,d4,0.06,1165.00849
670,dc,0.008,1092.390392
670,dc,0.025,1101.982387
670,dc,0.06,1122.77277
671,f0,0,1087.984193
671,u,-0.7,1278.180605
671,u,-0.35,1167.328131
671,u,-0.15,1118.781528
671,u,-0.05,1097.765678
671,u,0.05,1078.65666
671,u,0.15,1061.278851
671,u,0.35,1031.094495
671,u,0.7,990.2253431
671,v,-0.7,1110.311098
671,v,-0.35,1097.979772
671,v,-0.15,1092.012498
671,v,-0.05,1089.286886
671,v,0.05,1086.720001
671,v,0.15,1084.3026
671,v,0.35,1079.881935
671,v,0.7,1073.314371
671,d4,0.008,1097.727625
671,d4,0.025,1118.951025
671,d4,0.06,1165.00849
671,dc,0.008,1092.390392
671,dc,0.025,1101.982387
671,dc,0.06,1122.77277
672,f0,0,1107.604241
672,u,-0.7,1314.304786
672,u,-0.35,1193.813162
672,u,-0.15,1141.061823
672,u,-0.05,1118.229952
672,u,0.05,1097.472314
672,u,0.15,1078.597716
672,u,0.35,1045.820126
672,u,0.7,1001.457112
672,v,-0.7,1131.12773
672,v,-0.35,1118.135521
672,v,-0.15,1111.848438
672,v,-0.05,1108.976749
672,v,0.05,1106.272295
672,v,0.15,1103.725336
672,v,0.35,1099.067751
672,v,0.7,1092.148207
672,d4,0.008,1117.471944
672,d4,0.025,1138.966538
672,d4,0.06,1185.61466
672,dc,0.008,1112.135046
672,dc,0.025,1121.998959
672,dc,0.06,1143.381532
673,f0,0,1215.168352
673,u,-0.7,1513.634484
673,u,-0.35,1339.533209
673,u,-0.15,1263.408532
673,u,-0.05,1230.484792
673,u,0.05,1200.5675
673,u,0.15,1173.378654
673,u,0.35,1126.201376
673,u,0.7,1062.451276
673,v,-0.7,1244.768895
673,v,-0.35,1228.420281
673,v,-0.15,1220.508994
673,v,-0.05,1216.895435
673,v,0.05,1213.492313
673,v,0.15,1210.287373
673,v,0.35,1204.426548
673,v,0.7,1195.71941
673,d4,0.008,1225.738404
673,d4,0.025,1248.764759
673,d4,0.06,1298.745064
673,dc,0.008,1220.403188
673,dc,0.025,1231.802493
673,dc,0.06,1256.524986
674,f0,0,1851.508201
674,u,-0.7,2714.90269
674,u,-0.35,2210.51354
674,u,-0.15,1990.599543
674,u,-0.05,1895.644484
674,u,0.05,1809.458301
674,u,0.15,1731.224407
674,u,0.35,1595.722324
674,u,0.7,1413.273726
674,v,-0.7,1908.731492
674,v,-0.35,1877.126616
674,v,-0.15,1861.832645
674,v,-0.05,1854.84697
674,v,0.05,1848.268109
674,v,0.15,1842.072371
674,v,0.35,1830.742318
674,v,0.7,1813.90982
674,d4,0.008,1866.523055
674,d4,0.025,1899.236164
674,d4,0.06,1970.259604
674,dc,0.008,1861.194811
674,dc,0.025,1882.295966
674,dc,0.06,1928.093943
675,f0,0,922.7210047
675,u,-0.7,1058.51055
675,u,-0.35,970.1237839
675,u,-0.15,939.9010401
675,u,-0.05,928.0260652
675,u,0.05,917.7862353
675,u,0.15,908.8994734
675,u,0.35,894.341212
675,u,0.7,876.1956053
675,v,-0.7,925.4754093
675,v,-0.35,923.9541299
675,v,-0.15,923.2179648
675,v,-0.05,922.8817141
675,v,0.05,922.565045
675,v,0.15,922.2668174
675,v,0.35,921.7214529
675,v,0.7,920.911232
675,d4,0.008,931.8701948
675,d4,0.025,951.7938678
675,d4,0.06,995.0158813
675,dc,-0.06,922.7210047
675,dc,-0.025,922.7210047
675,dc,-0.008,922.7210047
675,dc,0.008,922.7210047
675,dc,0.025,922.7210047
675,dc,0.06,922.7210047
676,f0,0,922.7210047
676,u,-0.7,1058.51055
676,u,-0.35,970.1237839
676,u,-0.15,939.9010401
676,u,-0.05,928.0260652
676,u,0.05,917.7862353
676,u,0.15,908.8994734
676,u,0.35,894.341212
676,u,0.7,876.1956053
676,v,-0.7,925.4754093
676,v,-0.35,923.9541299
676,v,-0.15,923.2179648
676,v,-0.05,922.8817141
676,v,0.05,922.565045
676,v,0.15,922.2668174
676,v,0.35,921.7214529
676,v,0.7,920.911232
676,d4,0.008,931.8701948
676,d4,0.025,951.7938678
676,d4,0.06,995.0158813
676,dc,-0.06,922.7210047
676,dc,-0.025,922.7210047
676,dc,-0.008,922.7210047
676,dc,0.008,922.7210047
676,dc,0.025,922.7210047
676,dc,0.06,922.7210047
677,f0,0,928.511586
677,u,-0.7,1078.692821
677,u,-0.35,980.1502309
677,u,-0.15,947.1304034
677,u,-0.05,934.2492526
677,u,0.05,923.1837759
677,u,0.15,913.6120043
677,u,0.35,897.9950851
677,u,0.7,878.6412582
677,v,-0.7,931.3511902
677,v,-0.35,929.7828544
677,v,-0.15,929.0239182
677,v,-0.05,928.6772665
677,v,0.05,928.3508022
677,v,0.15,928.0433497
677,v,0.35,927.4811159
677,v,0.7,926.6458331
677,d4,0.008,937.7196528
677,d4,0.025,957.7737206
677,d4,0.06,1001.2879
677,dc,-0.06,928.511586
677,dc,-0.025,928.511586
677,dc,-0.008,928.511586
677,dc,0.008,928.511586
677,dc,0.025,928.511586
677,dc,0.06,928.511586
678,f0,0,950.6013116
678,u,-0.7,1151.056181
678,u,-0.35,1016.206991
678,u,-0.15,973.8786732
678,u,-0.05,957.7300039
678,u,0.05,944.0171102
678,u,0.15,932.2729388
678,u,0.35,913.3437075
678,u,0.7,890.2813889
678,v,-0.7,955.9903613
678,v,-0.35,953.0139465
678,v,-0.15,951.5736244
678,v,-0.05,950.9157428
678,v,0.05,950.2961733
678,v,0.15,949.7126846
678,v,0.35,948.6456677
678,v,0.7,947.0604536
678,d4,0.008,959.9990854
678,d4,0.025,980.4725916
678,d4,0.06,1024.924264
678,dc,-0.06,950.6013116
678,dc,-0.025,950.6013116
678,dc,-0.008,950.6013116
678,dc,0.008,950.6013116
678,dc,0.025,950.6013116
678,dc,0.06,950.6013116
679,f0,0,954.5338846
679,u,-0.7,1166.638208
679,u,-0.35,1023.208296
679,u,-0.15,978.8181624
679,u,-0.05,961.9613862
679,u,0.05,947.6811987
679,u,0.15,935.4760422
679,u,0.35,915.8522694
679,u,0.7,892.0253586
679,v,-0.7,960.128929
679,v,-0.35,957.0387417
679,v,-0.15,955.5433637
679,v,-0.05,954.8603348
679,v,0.05,954.2170824
679,v,0.15,953.6112901
679,v,0.35,952.5034869
679,v,0.7,950.8576785
679,d4,0.008,963.9722426
679,d4,0.025,984.5353928
679,d4,0.06,1029.187155
679,dc,-0.06,954.5338846
679,dc,-0.025,954.5338846
679,dc,-0.008,954.5338846
679,dc,0.008,954.5338846
679,dc,0.025,954.5338846
679,dc,0.06,954.5338846
680,f0,0,955.1298501
680,u,-0.7,1155.584719
680,u,-0.35,1020.735529
680,u,-0.15,978.4072117
680,u,-0.05,962.2585424
680,u,0.05,948.5456486
680,u,0.15,936.8014772
680,u,0.35,917.8722459
680,u,0.7,894.8099273
680,v,-0.7,962.8826227
680,v,-0.35,958.6007051
680,v,-0.15,956.5286347
680,v,-0.05,955.5821958
680,v,0.05,954.6908732
680,v,0.15,953.8514571
680,v,0.35,952.3164297
680,v,0.7,950.0359154
680,d4,0.008,964.5276238
680,d4,0.025,985.0011301
680,d4,0.06,1029.452803
680,dc,-0.06,955.1298501
680,dc,-0.025,955.1298501
680,dc,-0.008,955.1298501
680,dc,0.008,955.1298501
680,dc,0.025,955.1298501
680,dc,0.06,955.1298501
681,f0,0,1165.843031
681,u,-0.7,1374.52297
681,u,-0.35,1252.679681
681,u,-0.15,1199.49633
681,u,-0.05,1176.522937
681,u,0.05,1155.667245
681,u,0.15,1128.902755
681,u,0.35,1049.585393
681,u,0.7,970.8411234
681,v,-0.7,1174.163514
681,v,-0.35,1169.568046
681,v,-0.15,1167.344244
681,v,-0.05,1166.3285
681,v,0.05,1165.371909
681,v,0.15,1164.471025
681,v,0.35,1162.823593
681,v,0.7,1160.376084
681,d4,0.008,1179.264644
681,d4,0.025,1208.699744
681,d4,0.06,1273.536517
681,dc,-0.06,1119.365733
681,dc,-0.025,1145.677274
681,dc,-0.008,1159.257566
681,dc,0.008,1172.558347
681,dc,0.025,1187.277992
681,dc,0.06,1219.665391
682,f0,0,1170.171344
682,u,-0.7,1741.3709
682,u,-0.35,1365.608952
682,u,-0.15,1236.099089
682,u,-0.05,1190.015894
682,u,0.05,1152.092516
682,u,0.15,1120.397678
682,u,0.35,1070.62367
682,u,0.7,1011.720823
682,v,-0.7,1186.521434
682,v,-0.35,1177.49115
682,v,-0.15,1173.12129
682,v,-0.05,1171.125312
682,v,0.05,1169.245571
682,v,0.15,1167.475297
682,v,0.35,1164.238025
682,v,0.7,1159.42857
682,d4,-0.01,1156.321625
682,d4,-0.008,1159.06854
682,d4,0.008,1181.46197
682,d4,0.025,1206.100863
682,d4,0.06,1259.786101
682,dc,-0.06,1170.171344
682,dc,-0.025,1170.171344
682,dc,-0.008,1170.171344
682,dc,0.008,1170.171344
682,dc,0.025,1170.171344
682,dc,0.06,1170.171344
683,f0,0,1081.528929
683,u,-0.7,1156.694758
683,u,-0.35,1110.632156
683,u,-0.15,1092.480136
683,u,-0.05,1084.961494
683,u,0.05,1078.294443
683,u,0.15,1072.36772
683,u,0.35,1062.441593
683,u,0.7,1050.802497
683,v,-0.7,1099.70613
683,v,-0.35,1089.666718
683,v,-0.15,1084.808529
683,v,-0.05,1082.589502
683,v,0.05,1080.499701
683,v,0.15,1078.531601
683,v,0.35,1074.932566
683,v,0.7,1069.585657
683,d4,-0.06,1003.103197
683,d4,-0.025,1047.643248
683,d4,-0.008,1070.486336
683,d4,0.008,1092.766265
683,d4,0.025,1117.317731
683,d4,0.06,1170.957584
683,dc,-0.06,1081.528929
683,dc,-0.025,1081.528929
683,dc,-0.008,1081.528929
683,dc,0.008,1081.528929
683,dc,0.025,1081.528929
683,dc,0.06,1081.528929
684,f0,0,1363.009238
684,u,-0.7,2374.57092
684,u,-0.35,1687.502019
684,u,-0.15,1466.483641
684,u,-0.05,1393.55693
684,u,0.05,1335.614872
684,u,0.15,1288.566297
684,u,0.35,1217.114735
684,u,0.7,1136.257974
684,v,-0.7,1384.194928
684,v,-0.35,1372.493903
684,v,-0.15,1366.83164
684,v,-0.05,1364.245345
684,v,0.05,1361.809663
684,v,0.15,1359.515825
684,v,0.35,1355.321117
684,v,0.7,1349.089247
684,d4,-0.06,1264.213873
684,d4,-0.025,1320.206091
684,d4,-0.008,1349.041978
684,d4,0.008,1377.240929
684,d4,0.025,1408.396776
684,d4,0.06,1476.753652
684,dc,-0.06,1363.009238
684,dc,-0.025,1363.009238
684,dc,-0.008,1363.009238
684,dc,0.008,1363.009238
684,dc,0.025,1363.009238
684,dc,0.06,1363.009238
685,f0,0,1067.490271
685,u,-0.7,1125.240438
685,u,-0.35,1089.730354
685,u,-0.15,1075.834907
685,u,-0.05,1070.102296
685,u,0.05,1065.032139
685,u,0.15,1060.536461
685,u,0.35,1053.689792
685,u,0.7,1045.035554
685,v,-0.7,1094.705298
685,v,-0.35,1079.674223
685,v,-0.15,1072.400509
685,v,-0.05,1069.078167
685,v,0.05,1065.949304
685,v,0.15,1063.002651
685,v,0.35,1057.614151
685,v,0.7,1049.608724
685,d4,-0.06,991.7312136
685,d4,-0.025,1034.786681
685,d4,-0.008,1056.83747
685,d4,0.008,1078.326607
685,d4,0.025,1101.987376
685,dc,-0.06,1067.490271
685,dc,-0.025,1067.490271
685,dc,-0.008,1067.490271
685,dc,0.008,1067.490271
685,dc,0.025,1067.490271
686,f0,0,1100.630881
686,u,-0.7,1143.764451
686,u,-0.35,1117.27527
686,u,-0.15,1106.874533
686,u,-0.05,1102.584623
686,u,0.05,1098.991104
686,u,0.15,1096.197638
686,u,0.35,1091.363804
686,u,0.7,1084.874664
686,v,-0.7,1129.517912
686,v,-0.35,1113.563376
686,v,-0.15,1105.842788
686,v,-0.05,1102.316333
686,v,0.05,1098.995241
686,v,0.15,1095.867556
686,v,0.35,1090.148003
686,v,0.7,1081.650748
686,d4,-0.06,1020.545284
686,d4,-0.025,1066.017507
686,d4,-0.008,1089.348922
686,d4,0.008,1112.114246
686,d4,0.025,1137.212507
686,dc,-0.06,1100.630881
686,dc,-0.025,1100.630881
686,dc,-0.008,1100.630881
686,dc,0.008,1100.630881
686,dc,0.025,1100.630881
687,f0,0,1882.446528
687,u,-0.7,2707.065656
687,u,-0.35,2225.165761
687,u,-0.15,2015.188686
687,u,-0.05,1924.561561
687,u,0.05,1842.328744
687,u,0.15,1767.708441
687,u,0.35,1638.537566
687,u,0.7,1464.83228
687,v,-0.7,1911.863624
687,v,-0.35,1895.616329
687,v,-0.15,1887.754072
687,v,-0.05,1884.162908
687,v,0.05,1880.780876
687,v,0.15,1877.595799
687,v,0.35,1871.771295
687,v,0.7,1863.11812
687,d4,-0.041,1787.64787
687,d4,-0.025,1823.537019
687,d4,-0.008,1863.204381
687,d4,0.008,1902.072013
687,d4,0.025,1945.102812
687,d4,0.06,2039.834424
687,dc,-0.06,1793.017435
687,dc,-0.025,1843.634542
687,dc,-0.008,1869.770439
687,dc,0.008,1895.373754
687,dc,0.025,1923.713144
687,dc,0.06,1986.079393
688,f0,0,1054.676031
688,u,-0.7,1185.37754
688,u,-0.35,1102.647007
688,u,-0.15,1072.405446
688,u,-0.05,1060.195593
688,u,0.05,1049.504191
688,u,0.15,1040.095656
688,u,0.35,1024.40279
688,u,0.7,1004.309949
688,v,-0.7,1112.621065
688,v,-0.35,1080.617565
688,v,-0.15,1065.130694
688,v,-0.05,1058.05691
688,v,0.05,1051.395072
688,v,0.15,1045.121189
688,v,0.35,1033.648233
688,v,0.7,1016.603431
688,d4,0.008,1063.899788
688,d4,0.025,1083.986735
688,dc,-0.06,1054.676031
688,dc,-0.025,1054.676031
688,dc,-0.008,1054.676031
688,dc,0.008,1054.676031
688,dc,0.025,1054.676031
689,f0,0,1002.051494
689,u,-0.7,1042.678001
689,u,-0.35,1017.962574
689,u,-0.15,1008.071826
689,u,-0.05,1003.943463
689,u,0.05,1000.264149
689,u,0.15,997.367455
689,u,0.35,992.4636361
689,u,0.7,985.7679292
689,v,-0.7,1064.915629
689,v,-0.35,1030.19527
689,v,-0.15,1013.39368
689,v,-0.05,1005.719385
689,v,0.05,998.4920062
689,v,0.15,991.6855172
689,v,0.35,979.2385931
689,v,0.7,960.7468147
689,d4,0.008,1010.83859
689,dc,-0.06,1002.051494
689,dc,-0.025,1002.051494
689,dc,-0.008,1002.051494
689,dc,0.008,1002.051494
690,f0,0,1183.219567
690,u,-0.7,1543.353122
690,u,-0.35,1299.571194
690,u,-0.15,1224.543166
690,u,-0.05,1195.892566
690,u,0.05,1171.494357
690,u,0.15,1150.517473
690,u,0.35,1116.471292
690,u,0.7,1074.407447
690,v,-0.7,1253.198265
690,v,-0.35,1214.548477
690,v,-0.15,1195.845389
690,v,-0.05,1187.302566
690,v,0.05,1179.257239
690,v,0.15,1171.680435
690,v,0.35,1157.824847
690,v,0.7,1137.240287
690,d4,0.008,1193.415121
690,d4,0.025,1215.640432
690,dc,-0.06,1183.219567
690,dc,-0.025,1183.219567
690,dc,-0.008,1183.219567
690,dc,0.008,1183.219567
690,dc,0.025,1183.219567
691,f0,0,1035.4872
691,u,-0.7,1097.021125
691,u,-0.35,1059.190315
691,u,-0.15,1044.399451
691,u,-0.05,1038.280777
691,u,0.05,1032.8541
691,u,0.15,1028.025702
691,u,0.35,1019.996605
691,u,0.7,1010.486547
691,v,-0.7,1107.357416
691,v,-0.35,1067.662927
691,v,-0.15,1048.454297
691,v,-0.05,1039.680563
691,v,0.05,1031.41777
691,v,0.15,1023.636166
691,v,0.35,1009.406063
691,v,0.7,988.2651036
691,d4,0.008,1044.361183
691,dc,-0.06,1035.4872
691,dc,-0.025,1035.4872
691,dc,-0.008,1035.4872
691,dc,0.008,1035.4872
692,f0,0,1489.717353
692,u,-0.7,3292.798426
692,u,-0.35,1855.549014
692,u,-0.15,1607.093758
692,u,-0.05,1524.479241
692,u,0.05,1458.44608
692,u,0.15,1404.479693
692,u,0.35,1321.702773
692,u,0.7,1226.280578
692,v,-0.7,1586.056388
692,v,-0.35,1532.847577
692,v,-0.15,1507.099207
692,v,-0.05,1495.33838
692,v,0.05,1484.262451
692,v,0.15,1473.831534
692,v,0.35,1454.756672
692,v,0.7,1426.418096
692,d4,0.008,1502.467226
692,d4,0.025,1530.310682
692,dc,-0.06,1489.717353
692,dc,-0.025,1489.717353
692,dc,-0.008,1489.717353
692,dc,0.008,1489.717353
692,dc,0.025,1489.717353
693,f0,0,913.6206317
693,u,-0.7,945.3543636
693,u,-0.35,925.9631273
693,u,-0.15,918.065486
693,u,-0.05,914.9374117
693,u,0.05,912.3634148
693,u,0.15,910.0169556
693,u,0.35,905.9276649
693,u,0.7,900.3620814
693,v,-0.7,927.2027937
693,v,-0.35,919.7012582
693,v,-0.15,916.0711769
693,v,-0.05,914.4131009
693,v,0.05,912.8515836
693,v,0.15,911.3810021
693,v,0.35,908.6917717
693,v,0.7,904.6965154
693,d4,-0.011,901.5237221
693,d4,-0.008,904.7997542
693,d4,0.008,922.5684141
693,d4,0.025,942.0240493
693,d4,0.06,984.1278762
693,dc,-0.06,913.4902343
693,dc,-0.025,913.5662927
693,dc,-0.008,913.6032422
693,dc,0.008,913.6380223
693,dc,0.025,913.6749805
693,dc,0.06,913.7510849
694,f0,0,988.2498921
694,u,-0.7,1120.44193
694,u,-0.35,1036.721077
694,u,-0.15,1006.155196
694,u,-0.05,993.8228765
694,u,0.05,983.0292134
694,u,0.15,973.5351858
694,u,0.35,957.7112419
694,u,0.7,937.4800792
694,v,-0.7,1006.708589
694,v,-0.35,996.5137047
694,v,-0.15,991.5802802
694,v,-0.05,989.3268891
694,v,0.05,987.2047252
694,v,0.15,985.2061466
694,v,0.35,981.5513758
694,v,0.7,976.121664
694,d4,-0.008,979.0261352
694,d4,0.008,997.6187533
694,d4,0.025,1018.026639
694,d4,0.06,1062.323706
694,dc,-0.06,988.2498921
694,dc,-0.025,988.2498921
694,dc,-0.008,988.2498921
694,dc,0.008,988.2498921
694,dc,0.025,988.2498921
694,dc,0.06,988.2498921
695,f0,0,935.7558872
695,u,-0.7,983.8210486
695,u,-0.35,954.6019841
695,u,-0.15,942.8907678
695,u,-0.05,937.9986382
695,u,0.05,933.6367425
695,u,0.15,929.7377424
695,u,0.35,923.864407
695,u,0.7,915.8974598
695,v,-0.7,957.0173759
695,v,-0.35,945.2744875
695,v,-0.15,939.5919656
695,v,-0.05,936.9964167
695,v,0.05,934.5520208
695,v,0.15,932.2499755
695,v,0.35,928.0402597
695,v,0.7,921.7860937
695,d4,-0.006,929.1589293
695,d4,0.008,944.66535
695,d4,0.025,964.0457557
695,dc,-0.06,935.7558872
695,dc,-0.025,935.7558872
695,dc,-0.008,935.7558872
695,dc,0.008,935.7558872
695,dc,0.025,935.7558872
696,f0,0,2323.642506
696,u,-0.7,3534.376639
696,u,-0.35,2826.534951
696,u,-0.15,2518.358959
696,u,-0.05,2385.410144
696,u,0.05,2264.813445
696,u,0.15,2155.415851
696,u,0.35,1966.136864
696,u,0.7,1711.8397
696,v,-0.7,2359.999521
696,v,-0.35,2339.919254
696,v,-0.15,2330.202177
696,v,-0.05,2325.763804
696,v,0.05,2321.583902
696,v,0.15,2317.647419
696,v,0.35,2310.448831
696,v,0.7,2299.754246
696,d4,-0.021,2256.796343
696,d4,-0.008,2297.727761
696,d4,0.008,2350.132957
696,d4,0.025,2408.427006
696,d4,0.06,2537.792251
696,dc,-0.06,2193.151776
696,dc,-0.025,2266.75646
696,dc,-0.008,2305.020359
696,dc,0.008,2342.676777
696,dc,0.025,2384.557499
696,dc,0.06,2477.472633
697,f0,0,1590.433414
697,u,-0.7,2248.939405
697,u,-0.35,1915.210655
697,u,-0.15,1769.900012
697,u,-0.05,1672.940794
697,u,0.05,1521.076602
697,u,0.15,1410.967399
697,u,0.35,1262.084533
697,u,0.7,1114.579935
697,v,-0.7,1613.150248
697,v,-0.35,1600.603561
697,v,-0.15,1594.532071
697,v,-0.05,1591.758858
697,v,0.05,1589.147143
697,v,0.15,1586.687523
697,v,0.35,1582.189653
697,v,0.7,1575.507391
697,d4,-0.008,1574.360978
697,d4,0.008,1606.828071
697,d4,0.025,1642.779695
697,d4,0.06,1721.930209
697,dc,-0.06,1578.748625
697,dc,-0.025,1590.433414
697,dc,-0.008,1590.433414
697,dc,0.008,1590.433414
697,dc,0.025,1590.433414
697,dc,0.06,1590.433414
698,f0,0,1025.834682
698,u,-0.7,1071.737096
698,u,-0.35,1043.638098
698,u,-0.15,1032.531358
698,u,-0.05,1027.932903
698,u,0.05,1023.97206
698,u,0.15,1020.903955
698,u,0.35,1015.590255
698,u,0.7,1008.445684
698,v,-0.7,1052.408463
698,v,-0.35,1037.731554
698,v,-0.15,1030.629224
698,v,-0.05,1027.385164
698,v,0.05,1024.330023
698,v,0.15,1021.4528
698,v,0.35,1016.191265
698,v,0.7,1008.374463
698,d4,-0.06,951.1123581
698,d4,-0.025,993.5911264
698,d4,-0.008,1015.333429
698,d4,0.008,1036.515362
698,d4,0.025,1059.831561
698,dc,-0.06,1025.834682
698,dc,-0.025,1025.834682
698,dc,-0.008,1025.834682
698,dc,0.008,1025.834682
698,dc,0.025,1025.834682
699,f0,0,1382.597224
699,u,-0.7,2077.885959
699,u,-0.35,1577.267981
699,u,-0.15,1448.665126
699,u,-0.05,1402.498373
699,u,0.05,1364.470445
699,u,0.15,1332.733704
699,u,0.35,1283.158824
699,u,0.7,1225.395299
699,v,-0.7,1409.52221
699,v,-0.35,1394.651327
699,v,-0.15,1387.455132
699,v,-0.05,1384.168198
699,v,0.05,1381.072679
699,v,0.15,1378.15743
699,v,0.35,1372.826358
699,v,0.7,1364.906247
699,d4,-0.06,1272.532754
699,d4,-0.025,1334.741485
699,d4,-0.008,1366.952391
699,d4,0.008,1398.567139
699,d4,0.025,1433.630621
699,d4,0.06,1511.058084
699,dc,-0.06,1382.597224
699,dc,-0.025,1382.597224
699,dc,-0.008,1382.597224
699,dc,0.008,1382.597224
699,dc,0.025,1382.597224
699,dc,0.06,1382.597224
700,f0,0,1130.059909
700,u,-0.7,1238.534658
700,u,-0.35,1170.126862
700,u,-0.15,1144.850469
700,u,-0.05,1134.658593
700,u,0.05,1125.757861
700,u,0.15,1117.954005
700,u,0.35,1105.028856
700,u,0.7,1089.581929
700,v,-0.7,1158.607419
700,v,-0.35,1142.840403
700,v,-0.15,1135.210559
700,v,-0.05,1131.725551
700,v,0.05,1128.443494
700,v,0.15,1125.352569
700,v,0.35,1119.700241
700,v,0.7,1111.302858
700,d4,-0.06,1045.427248
700,d4,-0.025,1093.426026
700,d4,-0.008,1118.110861
700,d4,0.008,1142.230375
700,d4,0.025,1168.857756
700,dc,-0.06,1130.059909
700,dc,-0.025,1130.059909
700,dc,-0.008,1130.059909
700,dc,0.008,1130.059909
700,dc,0.025,1130.059909
701,f0,0,2660.799911
701,u,-0.7,3763.210736
701,u,-0.35,3118.210753
701,u,-0.15,2837.793834
701,u,-0.05,2716.927469
701,u,0.05,2576.20436
701,u,0.15,2168.458432
701,u,0.35,1741.142645
701,u,0.7,1414.205159
701,v,-0.7,2695.37066
701,v,-0.35,2676.276962
701,v,-0.15,2667.037297
701,v,-0.05,2662.816987
701,v,0.05,2658.842449
701,v,0.15,2655.09937
701,v,0.35,2648.254457
701,v,0.7,2638.08531
701,d4,-0.06,2324.931424
701,d4,-0.025,2510.109705
701,d4,-0.008,2610.709907
701,d4,0.008,2712.787273
701,d4,0.025,2830.076008
701,d4,0.06,3105.498901
701,dc,-0.06,2404.827411
701,dc,-0.025,2545.981949
701,dc,-0.008,2622.638461
701,dc,0.008,2700.402332
701,dc,0.025,2789.733034
701,dc,0.06,2889.221966
702,f0,0,2540.981083
702,u,-0.7,3874.188582
702,u,-0.35,3094.34894
702,u,-0.15,2755.156966
702,u,-0.05,2608.90853
702,u,0.05,2476.29753
702,u,0.15,2356.047552
702,u,0.35,2148.114264
702,u,0.7,1597.679531
702,v,-0.7,2578.158241
702,v,-0.35,2557.625002
702,v,-0.15,2547.688727
702,v,-0.05,2543.150233
702,v,0.05,2538.87604
702,v,0.15,2534.850758
702,v,0.35,2527.489783
702,v,0.7,2516.553949
702,d4,-0.042,2372.074399
702,d4,-0.025,2437.74908
702,d4,-0.008,2507.037615
702,d4,0.008,2575.827503
702,d4,0.025,2653.044494
702,d4,0.06,2827.079765
702,dc,-0.06,2364.740613
702,dc,-0.025,2463.513795
702,dc,-0.008,2515.511609
702,dc,0.008,2567.125744
702,dc,0.025,2625.052082
702,dc,0.06,2755.569707
703,f0,0,1326.916215
703,u,-0.7,3317.186088
703,u,-0.35,1682.125564
703,u,-0.15,1438.322823
703,u,-0.05,1359.650809
703,u,0.05,1297.659197
703,u,0.15,1247.602917
703,u,0.35,1171.933311
703,u,0.7,1086.481473
703,v,-0.7,1379.959064
703,v,-0.35,1350.663079
703,v,-0.15,1336.486407
703,v,-0.05,1330.01107
703,v,0.05,1323.912827
703,v,0.15,1318.169719
703,v,0.35,1307.667382
703,v,0.7,1292.064581
703,d4,0.008,1339.233794
703,d4,0.025,1366.136541
703,d4,0.06,1424.858987
703,dc,-0.06,1326.916215
703,dc,-0.025,1326.916215
703,dc,-0.008,1326.916215
703,dc,0.008,1326.916215
703,dc,0.025,1326.916215
703,dc,0.06,1326.916215
704,f0,0,2592.609531
704,u,-0.7,7000.066313
704,u,-0.35,5545.471969
704,u,-0.15,4016.010992
704,u,-0.05,2903.823189
704,u,0.05,2360.71976
704,u,0.15,2037.756745
704,u,0.35,1669.820401
704,u,0.7,1362.52222
704,v,-0.7,2648.959566
704,v,-0.35,2617.836996
704,v,-0.15,2602.776418
704,v,-0.05,2595.897348
704,v,0.05,2589.418884
704,v,0.15,2583.317696
704,v,0.35,2572.160545
704,v,0.7,2555.58492
704,d4,0.008,2619.265184
704,d4,0.025,2678.252698
704,d4,0.06,2810.577467
704,dc,-0.06,2592.609531
704,dc,-0.025,2592.609531
704,dc,-0.008,2592.609531
704,dc,0.008,2592.609531
704,dc,0.025,2592.609531
704,dc,0.06,2592.609531
705,f0,0,1009.50387
705,u,-0.7,1110.504777
705,u,-0.35,1046.975285
705,u,-0.15,1023.394796
705,u,-0.05,1013.83294
705,u,0.05,1005.444195
705,u,0.15,998.0515094
705,u,0.35,985.7036797
705,u,0.7,970.2806155
705,v,-0.7,1070.396363
705,v,-0.35,1036.764958
705,v,-0.15,1020.490325
705,v,-0.05,1013.056723
705,v,0.05,1006.05602
705,v,0.15,999.4630064
705,v,0.35,987.4064618
705,v,0.7,969.4946508
705,d4,0.008,1018.50231
705,dc,-0.06,1009.50387
705,dc,-0.025,1009.50387
705,dc,-0.008,1009.50387
705,dc,0.008,1009.50387
706,f0,0,1014.103316
706,u,-0.7,1088.816525
706,u,-0.35,1042.198461
706,u,-0.15,1024.564885
706,u,-0.05,1017.369179
706,u,0.05,1011.036288
706,u,0.15,1005.44065
706,u,0.35,996.0655974
706,u,0.7,984.9987993
706,v,-0.7,1086.971757
706,v,-0.35,1046.725941
706,v,-0.15,1027.250516
706,v,-0.05,1018.354921
706,v,0.05,1009.977365
706,v,0.15,1002.087679
706,v,0.35,987.65993
706,v,0.7,966.2253381
706,d4,0.008,1022.976669
706,dc,-0.06,1014.103316
706,dc,-0.025,1014.103316
706,dc,-0.008,1014.103316
706,dc,0.008,1014.103316
707,f0,0,1179.701041
707,u,-0.7,1600.72494
707,u,-0.35,1306.15816
707,u,-0.15,1223.612289
707,u,-0.05,1193.050972
707,u,0.05,1167.441342
707,u,0.15,1145.728418
707,u,0.35,1111.089561
707,u,0.7,1069.324112
707,v,-0.7,1265.111723
707,v,-0.35,1217.938728
707,v,-0.15,1195.11116
707,v,-0.05,1184.68444
707,v,0.05,1174.864924
707,v,0.15,1165.617253
707,v,0.35,1148.706175
707,v,0.7,1123.582224
707,d4,0.008,1189.8731
707,dc,-0.06,1179.701041
707,dc,-0.025,1179.701041
707,dc,-0.008,1179.701041
707,dc,0.008,1179.701041
708,f0,0,1033.791336
708,u,-0.7,1355.166707
708,u,-0.35,1136.920923
708,u,-0.15,1070.279597
708,u,-0.05,1044.961325
708,u,0.05,1023.474429
708,u,0.15,1005.063729
708,u,0.35,975.3290404
708,u,0.7,938.8974827
708,v,-0.7,1052.223961
708,v,-0.35,1042.043476
708,v,-0.15,1037.11702
708,v,-0.05,1034.866811
708,v,0.05,1032.747645
708,v,0.15,1030.751889
708,v,0.35,1027.10228
708,v,0.7,1021.680238
708,d4,-0.007,1025.15297
708,d4,0.008,1043.814638
708,d4,0.025,1065.666931
708,d4,0.06,1113.182604
708,dc,-0.06,1033.791336
708,dc,-0.025,1033.791336
708,dc,-0.008,1033.791336
708,dc,0.008,1033.791336
708,dc,0.025,1033.791336
708,dc,0.06,1033.791336
709,f0,0,926.1547834
709,u,-0.7,1008.925889
709,u,-0.35,957.491282
709,u,-0.15,937.858834
709,u,-0.05,929.8133651
709,u,0.05,922.7148007
709,u,0.15,916.428088
709,u,0.35,905.863334
709,u,0.7,892.9332745
709,v,-0.7,946.6892555
709,v,-0.35,935.3479041
709,v,-0.15,929.8596907
709,v,-0.05,927.3528942
709,v,0.05,924.9920821
709,v,0.15,922.7687531
709,v,0.35,918.7029846
709,v,0.7,912.6626738
709,d4,-0.004,921.7154243
709,d4,0.008,935.1353427
709,d4,0.025,954.6846868
709,d4,0.06,997.0657897
709,dc,-0.06,926.1547834
709,dc,-0.025,926.1547834
709,dc,-0.008,926.1547834
709,dc,0.008,926.1547834
709,dc,0.025,926.1547834
709,dc,0.06,926.1547834
710,f0,0,901.1729262
710,u,-0.7,951.5467454
710,u,-0.35,920.7436631
710,u,-0.15,908.553818
710,u,-0.05,903.489255
710,u,0.05,898.9874254
710,u,0.15,894.9743607
710,u,0.35,888.8438604
710,u,0.7,880.8012456
710,v,-0.7,921.8829085
710,v,-0.35,910.4446215
710,v,-0.15,904.9094998
710,v,-0.05,902.3812774
710,v,0.05,900.0002872
710,v,0.15,897.7579551
710,v,0.35,893.6574361
710,v,0.7,887.5654982
710,d4,-0.002,898.9918352
710,d4,0.008,909.9770826
710,d4,0.025,929.1246092
710,dc,-0.06,901.1729262
710,dc,-0.025,901.1729262
710,dc,-0.008,901.1729262
710,dc,0.008,901.1729262
710,dc,0.025,901.1729262
711,f0,0,2876.507945
711,u,-0.7,4691.885304
711,u,-0.35,3629.937307
711,u,-0.15,3168.109113
711,u,-0.05,2968.991149
711,u,0.05,2788.440998
711,u,0.15,2624.717685
711,u,0.35,2341.592437
711,u,0.7,1961.543239
711,v,-0.7,2920.95929
711,v,-0.35,2896.408461
711,v,-0.15,2884.528025
711,v,-0.05,2879.101517
711,v,0.05,2873.991025
711,v,0.15,2869.178144
711,v,0.35,2860.376901
711,v,0.7,2847.30133
711,d4,-0.005,2857.797247
711,d4,0.008,2906.949891
711,d4,0.025,2973.784566
711,d4,0.06,3121.344603
711,dc,-0.06,2713.42759
711,dc,-0.025,2805.609631
711,dc,-0.008,2853.331872
711,dc,0.008,2900.163647
711,dc,0.025,2952.094511
711,dc,0.06,3066.727147
712,f0,0,1005.117397
712,u,-0.7,1102.517883
712,u,-0.35,1042.75082
712,u,-0.15,1019.292778
712,u,-0.05,1009.564323
712,u,0.05,1000.92285
712,u,0.15,993.2234815
712,u,0.35,980.1865434
712,u,0.7,963.156748
712,v,-0.7,1015.929451
712,v,-0.35,1009.957868
712,v,-0.15,1007.068149
712,v,-0.05,1005.74824
712,v,0.05,1004.505197
712,v,0.15,1003.334544
712,v,0.35,1001.193787
712,v,0.7,998.0133705
712,d4,-0.026,974.5156989
712,d4,-0.025,975.6646132
712,d4,-0.008,995.5367787
712,d4,0.008,1014.849923
712,d4,0.025,1036.054486
712,d4,0.06,1082.104682
712,dc,-0.06,1005.117397
712,dc,-0.025,1005.117397
712,dc,-0.008,1005.117397
712,dc,0.008,1005.117397
712,dc,0.025,1005.117397
712,dc,0.06,1005.117397
713,f0,0,1133.335157
713,u,-0.7,1418.379098
713,u,-0.35,1233.831789
713,u,-0.15,1170.033973
713,u,-0.05,1144.710255
713,u,0.05,1122.715229
713,u,0.15,1103.485938
713,u,0.35,1071.650425
713,u,0.7,1031.27935
713,v,-0.7,1146.444586
713,v,-0.35,1139.204145
713,v,-0.15,1135.70041
713,v,-0.05,1134.100044
713,v,0.05,1132.592876
713,v,0.15,1131.173478
713,v,0.35,1128.577848
713,v,0.7,1124.721648
713,d4,-0.036,1086.112573
713,d4,-0.025,1100.177615
713,d4,-0.008,1122.539329
713,d4,0.008,1144.311717
713,d4,0.025,1168.258787
713,d4,0.06,1220.407344
713,dc,-0.06,1133.335157
713,dc,-0.025,1133.335157
713,dc,-0.008,1133.335157
713,dc,0.008,1133.335157
713,dc,0.025,1133.335157
713,dc,0.06,1133.335157
714,f0,0,1126.416973
714,u,-0.7,1433.017845
714,u,-0.35,1227.858642
714,u,-0.15,1162.652124
714,u,-0.05,1137.549872
714,u,0.05,1116.102626
714,u,0.15,1097.621065
714,u,0.35,1067.570657
714,u,0.7,1030.435362
714,v,-0.7,1139.621707
714,v,-0.35,1132.328628
714,v,-0.15,1128.799422
714,v,-0.05,1127.187421
714,v,0.05,1125.669296
714,v,0.15,1124.23958
714,v,0.35,1121.625079
714,v,0.7,1117.740846
714,d4,-0.045,1066.935652
714,d4,-0.025,1092.69643
714,d4,-0.008,1115.435295
714,d4,0.008,1137.585086
714,d4,0.025,1161.959354
714,d4,0.06,1215.084195
714,dc,-0.06,1126.416973
714,dc,-0.025,1126.416973
714,dc,-0.008,1126.416973
714,dc,0.008,1126.416973
714,dc,0.025,1126.416973
714,dc,0.06,1126.416973
715,f0,0,968.2331252
715,u,-0.7,1030.190155
715,u,-0.35,992.4290502
715,u,-0.15,977.3813057
715,u,-0.05,971.1072677
715,u,0.05,965.5185721
715,u,0.15,960.527014
715,u,0.35,952.0893804
715,u,0.7,941.9883971
715,v,-0.7,984.3060828
715,v,-0.35,975.4288612
715,v,-0.15,971.1330691
715,v,-0.05,969.170923
715,v,0.05,967.3230434
715,v,0.15,965.5827759
715,v,0.35,962.4003749
715,v,0.7,957.6724395
715,d4,-0.01,956.8773916
715,d4,-0.008,959.1317904
715,d4,0.008,977.4713841
715,d4,0.025,997.5755194
715,d4,0.06,1041.139147
715,dc,-0.06,968.2331252
715,dc,-0.025,968.2331252
715,dc,-0.008,968.2331252
715,dc,0.008,968.2331252
715,dc,0.025,968.2331252
715,dc,0.06,968.2331252
716,f0,0,977.7199063
716,u,-0.7,1004.951651
716,u,-0.35,988.026649
716,u,-0.15,981.2745716
716,u,-0.05,978.8492472
716,u,0.05,976.6427392
716,u,0.15,974.6354961
716,u,0.35,971.1492172
716,u,0.7,966.4374594
716,v,-0.7,996.8640884
716,v,-0.35,986.2906052
716,v,-0.15,981.1739722
716,v,-0.05,978.8368988
716,v,0.05,976.6359259
716,v,0.15,974.5631277
716,v,0.35,970.7726328
716,v,0.7,965.1412823
716,d4,-0.038,934.1560955
716,d4,-0.025,948.7285521
716,d4,-0.008,968.2978342
716,d4,0.008,987.2847195
716,d4,0.025,1008.105155
716,dc,-0.06,977.5771198
716,dc,-0.025,977.6604036
716,dc,-0.008,977.7008641
716,dc,0.008,977.7389496
716,dc,0.025,977.7794208
717,f0,0,965.3573171
717,u,-0.7,1005.962374
717,u,-0.35,981.3297838
717,u,-0.15,971.4096395
717,u,-0.05,967.2602724
717,u,0.05,963.5589608
717,u,0.15,960.5825131
717,u,0.35,955.629469
717,u,0.7,948.8990519
717,v,-0.7,985.9966167
717,v,-0.35,974.5973683
717,v,-0.15,969.0811378
717,v,-0.05,966.5615442
717,v,0.05,964.1886803
717,v,0.15,961.9540012
717,v,0.35,957.8674772
717,v,0.7,951.7963309
717,d4,-0.016,947.2982404
717,d4,-0.008,956.2635325
717,d4,0.008,974.584097
717,d4,0.025,994.6528924
717,dc,-0.06,965.3573171
717,dc,-0.025,965.3573171
717,dc,-0.008,965.3573171
717,dc,0.008,965.3573171
717,dc,0.025,965.3573171
718,f0,0,957.1186393
718,u,-0.7,984.4677875
718,u,-0.35,967.5647115
718,u,-0.15,960.7660408
718,u,-0.05,958.279219
718,u,0.05,956.0099437
718,u,0.15,953.9388855
718,u,0.35,950.3227206
718,u,0.7,945.3809893
718,v,-0.7,987.7790325
718,v,-0.35,970.8450549
718,v,-0.15,962.6505038
718,v,-0.05,958.9075603
718,v,0.05,955.3825889
718,v,0.15,952.0628959
718,v,0.35,945.9922231
718,v,0.7,936.9733255
718,d4,0.008,966.0500752
718,dc,-0.06,956.9911995
718,dc,-0.025,957.0655337
718,dc,-0.008,957.1016446
718,dc,0.008,957.1356349
719,f0,0,1028.570434
719,u,-0.7,1115.714496
719,u,-0.35,1062.552177
719,u,-0.15,1041.420179
719,u,-0.05,1032.608325
719,u,0.05,1024.755769
719,u,0.15,1017.73806
719,u,0.35,1005.805274
719,u,0.7,991.0314549
719,v,-0.7,1070.045295
719,v,-0.35,1047.138401
719,v,-0.15,1036.053486
719,v,-0.05,1030.990339
719,v,0.05,1026.222048
719,v,0.15,1021.73144
719,v,0.35,1013.519532
719,v,0.7,1001.319508
719,d4,0.008,1037.78216
719,d4,0.025,1057.833614
719,dc,-0.06,1028.570434
719,dc,-0.025,1028.570434
719,dc,-0.008,1028.570434
719,dc,0.008,1028.570434
719,dc,0.025,1028.570434
720,f0,0,985.3499561
720,u,-0.7,1019.605391
720,u,-0.35,998.7806575
720,u,-0.15,990.2619585
720,u,-0.05,986.7785756
720,u,0.05,983.9854394
720,u,0.15,981.4371426
720,u,0.35,976.9897934
720,u,0.7,970.9168064
720,v,-0.7,1027.756906
720,v,-0.35,1004.335212
720,v,-0.15,993.0011788
720,v,-0.05,987.8242454
720,v,0.05,982.9487931
720,v,0.15,978.3572651
720,v,0.35,969.9608067
720,v,0.7,957.4866047
720,d4,0.008,994.2847217
720,dc,-0.06,985.2224635
720,dc,-0.025,985.2968277
720,dc,-0.008,985.332954
720,dc,0.008,985.3669591
721,f0,0,1024.573299
721,u,-0.7,1076.587415
721,u,-0.35,1045.141666
721,u,-0.15,1032.390208
721,u,-0.05,1027.034616
721,u,0.05,1022.243981
721,u,0.15,1017.972523
721,u,0.35,1011.401383
721,u,0.7,1002.443261
721,v,-0.7,1079.440284
721,v,-0.35,1049.136814
721,v,-0.15,1034.472608
721,v,-0.05,1027.774585
721,v,0.05,1021.466624
721,v,0.15,1015.526011
721,v,0.35,1004.6625
721,v,0.7,988.5231203
721,d4,0.008,1033.590253
721,dc,-0.06,1024.573299
721,dc,-0.025,1024.573299
721,dc,-0.008,1024.573299
721,dc,0.008,1024.573299
722,f0,0,1335.500205
722,u,-0.7,2250.783355
722,u,-0.35,1571.960978
722,u,-0.15,1414.929439
722,u,-0.05,1359.384867
722,u,0.05,1313.752899
722,u,0.15,1275.641743
722,u,0.35,1215.773897
722,u,0.7,1144.741911
722,v,-0.7,1399.060265
722,v,-0.35,1363.955541
722,v,-0.15,1346.967952
722,v,-0.05,1339.208701
722,v,0.05,1331.901313
722,v,0.15,1325.019474
722,v,0.35,1312.434758
722,v,0.7,1293.73827
722,d4,0.008,1347.445546
722,d4,0.025,1373.517081
722,d4,0.06,1430.341965
722,dc,-0.06,1335.500205
722,dc,-0.025,1335.500205
722,dc,-0.008,1335.500205
722,dc,0.008,1335.500205
722,dc,0.025,1335.500205
722,dc,0.06,1335.500205
723,f0,0,969.2253489
723,u,-0.7,1035.708746
723,u,-0.35,995.0536493
723,u,-0.15,978.9710966
723,u,-0.05,972.2847177
723,u,0.05,966.3379403
723,u,0.15,961.0337433
723,u,0.35,952.0398964
723,u,0.7,941.1782997
723,v,-0.7,984.7632189
723,v,-0.35,976.1815304
723,v,-0.15,972.0287503
723,v,-0.05,970.1319264
723,v,0.05,968.3455648
723,v,0.15,966.6632329
723,v,0.35,963.5867777
723,v,0.7,959.0162408
723,d4,-0.009,958.9855917
723,d4,-0.008,960.1149266
723,d4,0.008,978.4731785
723,d4,0.025,998.5991177
723,d4,0.06,1042.213171
723,dc,-0.06,969.2253489
723,dc,-0.025,969.2253489
723,dc,-0.008,969.2253489
723,dc,0.008,969.2253489
723,dc,0.025,969.2253489
723,dc,0.06,969.2253489
724,f0,0,936.0546521
724,u,-0.7,958.1529181
724,u,-0.35,944.2287531
724,u,-0.15,939.1909576
724,u,-0.05,937.0524101
724,u,0.05,935.1017025
724,u,0.15,933.3222137
724,u,0.35,930.2177834
724,u,0.7,925.9842304
724,v,-0.7,954.6451978
724,v,-0.35,944.3774923
724,v,-0.15,939.4088288
724,v,-0.05,937.1393419
724,v,0.05,935.0020196
724,v,0.15,932.9891653
724,v,0.35,929.3082888
724,v,0.7,923.8397931
724,d4,-0.005,930.4847455
724,d4,0.008,945.0647386
724,d4,0.025,964.6348309
724,dc,-0.06,935.9252659
724,dc,-0.025,936.0007357
724,dc,-0.008,936.037398
724,dc,0.008,936.071907
724,dc,0.025,936.1085763
725,f0,0,944.8458488
725,u,-0.7,979.150197
725,u,-0.35,958.3409841
725,u,-0.15,949.8342209
725,u,-0.05,946.2696367
725,u,0.05,943.4861773
725,u,0.15,940.9476166
725,u,0.35,936.5199508
725,u,0.7,930.4821758
725,v,-0.7,963.9041822
725,v,-0.35,953.3781139
725,v,-0.15,948.2844256
725,v,-0.05,945.9578323
725,v,0.05,943.7667293
725,v,0.15,941.7032262
725,v,0.35,937.9297291
725,v,0.7,932.3236314
725,d4,-0.004,940.395693
725,d4,0.008,953.842208
725,d4,0.025,973.4019912
725,dc,-0.06,944.716855
725,dc,-0.025,944.7920946
725,dc,-0.008,944.8286464
725,dc,0.008,944.8630521
725,dc,0.025,944.8996125
726,f0,0,1599.235434
726,u,-0.7,2032.039861
726,u,-0.35,1779.201413
726,u,-0.15,1668.954103
726,u,-0.05,1621.356808
726,u,0.05,1562.802808
726,u,0.15,1487.907382
726,u,0.35,1377.612087
726,u,0.7,1257.134264
726,v,-0.7,1619.233878
726,v,-0.35,1608.188579
726,v,-0.15,1602.843629
726,v,-0.05,1600.402269
726,v,0.05,1598.103083
726,v,0.15,1595.937792
726,v,0.35,1591.978155
726,v,0.7,1586.09552
726,d4,-0.06,1469.803917
726,d4,-0.025,1542.824203
726,d4,-0.008,1580.770905
726,d4,0.008,1618.106424
726,d4,0.025,1659.620229
726,d4,0.06,1750.488359
726,dc,-0.06,1521.773007
726,dc,-0.025,1565.485694
726,dc,-0.008,1588.190326
726,dc,0.008,1607.314307
726,dc,0.025,1607.314307
726,dc,0.06,1607.314307
727,f0,0,3134.483153
727,u,-0.7,8463.68251
727,u,-0.35,6671.757742
727,u,-0.15,4770.378975
727,u,-0.05,3514.911758
727,u,0.05,2842.156756
727,u,0.15,2422.108761
727,u,0.35,1925.271752
727,u,0.7,1496.660103
727,v,-0.7,3174.24727
727,v,-0.35,3152.285233
727,v,-0.15,3141.657546
727,v,-0.05,3136.803242
727,v,0.05,3132.231632
727,v,0.15,3127.926251
727,v,0.35,3120.053066
727,v,0.7,3108.356266
727,d4,-0.004,3118.468889
727,d4,0.008,3167.134646
727,d4,0.025,3239.374106
727,d4,0.06,3401.283474
727,dc,-0.06,3134.483153
727,dc,-0.025,3134.483153
727,dc,-0.008,3134.483153
727,dc,0.008,3134.483153
727,dc,0.025,3134.483153
727,dc,0.06,3134.483153
728,f0,0,1169.84887
728,u,-0.7,1586.835926
728,u,-0.35,1305.887156
728,u,-0.15,1218.075078
728,u,-0.05,1184.612993
728,u,0.05,1156.217
728,u,0.15,1131.91483
728,u,0.35,1092.793895
728,u,0.7,1045.294898
728,v,-0.7,1216.630467
728,v,-0.35,1190.792621
728,v,-0.15,1178.289383
728,v,-0.05,1172.578404
728,v,0.05,1167.200006
728,v,0.15,1162.134822
728,v,0.35,1152.872195
728,v,0.7,1139.11117
728,d4,-0.041,1105.290782
728,d4,-0.025,1129.845218
728,d4,-0.008,1156.822747
728,d4,0.008,1183.094343
728,d4,0.025,1211.995976
728,dc,-0.06,1169.84887
728,dc,-0.025,1169.84887
728,dc,-0.008,1169.84887
728,dc,0.008,1169.84887
728,dc,0.025,1169.84887
729,f0,0,1532.871543
729,u,-0.7,3866.916235
729,u,-0.35,1997.111325
729,u,-0.15,1679.920602
729,u,-0.05,1576.153476
729,u,0.05,1494.166265
729,u,0.15,1427.968952
729,u,0.35,1328.271601
729,u,0.7,1217.15177
729,v,-0.7,1585.483145
729,v,-0.35,1556.425341
729,v,-0.15,1542.363928
729,v,-0.05,1535.941236
729,v,0.05,1529.892573
729,v,0.15,1524.196157
729,v,0.35,1513.779206
729,v,0.7,1498.303258
729,d4,-0.06,1410.889146
729,d4,-0.025,1480.007325
729,d4,-0.008,1515.619193
729,d4,0.008,1550.452219
729,d4,0.025,1588.944564
729,dc,-0.06,1532.871543
729,dc,-0.025,1532.871543
729,dc,-0.008,1532.871543
729,dc,0.008,1532.871543
729,dc,0.025,1532.871543
730,f0,0,2428.337273
730,u,-0.7,16885.85663
730,u,-0.35,4762.486494
730,u,-0.15,2976.532332
730,u,-0.05,2577.264107
730,u,0.05,2302.735336
730,u,0.15,2102.744677
730,u,0.35,1831.912487
730,u,0.7,1565.052939
730,v,-0.7,2482.732617
730,v,-0.35,2452.689638
730,v,-0.15,2438.151487
730,v,-0.05,2431.511041
730,v,0.05,2425.257304
730,v,0.15,2419.367756
730,v,0.35,2408.597629
730,v,0.7,2392.596985
730,d4,-0.06,2216.783245
730,d4,-0.025,2335.757727
730,d4,-0.008,2397.972652
730,d4,0.008,2459.430676
730,d4,0.025,2528.042245
730,d4,0.06,2681.192362
730,dc,-0.06,2428.337273
730,dc,-0.025,2428.337273
730,dc,-0.008,2428.337273
730,dc,0.008,2428.337273
730,dc,0.025,2428.337273
730,dc,0.06,2428.337273
731,f0,0,2741.976486
731,u,-0.7,14988.15827
731,u,-0.35,9782.472562
731,u,-0.15,3773.375045
731,u,-0.05,3001.09465
731,u,0.05,2533.955076
731,u,0.15,2220.540397
731,u,0.35,1826.079262
731,u,0.7,1463.611844
731,v,-0.7,2798.326522
731,v,-0.35,2767.203951
731,v,-0.15,2752.143373
731,v,-0.05,2745.264303
731,v,0.05,2738.785839
731,v,0.15,2732.684651
731,v,0.35,2721.527501
731,v,0.7,2704.951875
731,d4,0.008,2769.912024
731,d4,0.025,2831.488436
731,d4,0.06,2968.452348
731,dc,-0.06,2741.976486
731,dc,-0.025,2741.976486
731,dc,-0.008,2741.976486
731,dc,0.008,2741.976486
731,dc,0.025,2741.976486
731,dc,0.06,2741.976486
732,f0,0,12041.43376
732,u,-0.7,21719.88344
732,u,-0.35,16048.61016
732,u,-0.15,13590.25279
732,u,-0.05,12532.3261
732,u,0.05,11574.28893
732,u,0.15,10706.69494
732,u,0.35,9209.442694
732,u,0.7,5644.589451
732,v,-0.7,12118.69858
732,v,-0.35,12076.02461
732,v,-0.15,12055.37418
732,v,-0.05,12045.94188
732,v,0.05,12037.05888
732,v,0.15,12028.69319
732,v,0.35,12013.39497
732,v,0.7,11990.66716
732,d4,0.008,12376.84416
732,d4,0.025,13154.54208
732,d4,0.06,15103.75337
732,dc,-0.06,10110.10021
732,dc,-0.025,11149.96514
732,dc,-0.008,11740.3962
732,dc,0.008,12358.99545
732,dc,0.025,13095.29294
732,dc,0.06,14940.65239
733,f0,0,1714.118786
733,u,-0.7,11469.02279
733,u,-0.35,2546.336283
733,u,-0.15,1956.130576
733,u,-0.05,1783.583105
733,u,0.05,1653.152633
733,u,0.15,1551.228991
733,u,0.35,1402.67637
733,u,0.7,1242.622134
733,v,-0.7,1793.863062
733,v,-0.35,1749.819668
733,v,-0.15,1728.506551
733,v,-0.05,1718.771571
733,v,0.05,1709.603512
733,v,0.15,1700.96936
733,v,0.35,1685.180214
733,v,0.7,1661.723064
733,d4,0.008,1731.500265
733,d4,0.025,1769.526707
733,dc,-0.06,1714.118786
733,dc,-0.025,1714.118786
733,dc,-0.008,1714.118786
733,dc,0.008,1714.118786
733,dc,0.025,1714.118786
734,f0,0,16353.06372
734,u,-0.7,27468.23728
734,u,-0.35,20953.94682
734,u,-0.15,18131.08887
734,u,-0.05,16916.55831
734,u,0.05,15816.87121
734,u,0.15,14821.16291
734,u,0.35,13103.27451
734,u,0.7,3739.141342
734,v,-0.7,16438.4744
734,v,-0.35,16391.3014
734,v,-0.15,16368.47384
734,v,-0.05,16358.04712
734,v,0.05,16348.2276
734,v,0.15,16338.97993
734,v,0.35,16322.06885
734,v,0.7,16296.9449
734,d4,-0.06,11609.07937
734,d4,-0.025,13978.25938
734,d4,-0.008,15510.66671
734,d4,0.008,17291.31917
734,d4,0.025,19688.57584
734,d4,0.06,27526.6481
734,dc,-0.06,11795.69259
734,dc,-0.025,14071.73987
734,dc,-0.008,15543.83918
734,dc,0.008,17254.35683
734,dc,0.025,19557.10925
734,dc,0.06,27085.67871
735,f0,0,1113.321903
735,u,-0.7,1318.608143
735,u,-0.35,1187.699469
735,u,-0.15,1140.642248
735,u,-0.05,1121.803529
735,u,0.05,1105.395547
735,u,0.15,1091.031516
735,u,0.35,1067.250517
735,u,0.7,1037.262177
735,v,-0.7,1201.997381
735,v,-0.35,1153.021213
735,v,-0.15,1129.321069
735,v,-0.05,1118.495791
735,v,0.05,1108.300927
735,v,0.15,1098.699766
735,v,0.35,1081.142268
735,v,0.7,1055.057963
735,d4,0.008,1124.856709
735,dc,-0.06,1113.321903
735,dc,-0.025,1113.321903
735,dc,-0.008,1113.321903
735,dc,0.008,1113.321903
736,f0,0,26148.37961
736,u,-0.7,46630.39072
736,u,-0.35,34624.74522
736,u,-0.15,29423.75559
736,u,-0.05,27186.36656
736,u,0.05,25160.73026
736,u,0.15,23326.79128
736,u,0.35,11177.13337
736,u,0.7,3398.735439
736,v,-0.7,26271.25278
736,v,-0.35,26203.38896
736,v,-0.15,26170.54886
736,v,-0.05,26155.54881
736,v,0.05,26141.4223
736,v,0.15,26128.11845
736,v,0.35,26103.78991
736,v,0.7,26067.64619
736,d4,-0.009,24209.29328
736,d4,-0.008,24410.43441
736,d4,0.008,28152.68682
736,d4,0.025,33630.96326
736,d4,0.06,56138.04701
736,dc,-0.06,17268.8208
736,dc,-0.025,21507.06699
736,dc,-0.008,24453.55686
736,dc,0.008,28102.93227
736,dc,0.025,33445.10793
736,dc,0.06,55391.86246
737,f0,0,1379.425501
737,u,-0.7,2230.063498
737,u,-0.35,1617.974546
737,u,-0.15,1460.661936
737,u,-0.05,1403.942026
737,u,0.05,1357.051702
737,u,0.15,1317.759967
737,u,0.35,1255.984004
737,u,0.7,1183.073789
737,v,-0.7,1502.298667
737,v,-0.35,1434.434846
737,v,-0.15,1401.594744
737,v,-0.05,1386.594697
737,v,0.05,1372.468186
737,v,0.15,1359.164339
737,v,0.35,1334.835793
737,v,0.7,1298.692078
737,d4,0.008,1392.775833
737,dc,-0.06,1379.425501
737,dc,-0.025,1379.425501
737,dc,-0.008,1379.425501
737,dc,0.008,1379.425501
738,f0,0,1036.004896
738,u,-0.7,1259.031623
738,u,-0.35,1117.614355
738,u,-0.15,1066.110004
738,u,-0.05,1045.368353
738,u,0.05,1027.239702
738,u,0.15,1011.317759
738,u,0.35,984.8437044
738,u,0.7,951.1582216
738,v,-0.7,1074.234362
738,v,-0.35,1053.119926
738,v,-0.15,1042.902401
738,v,-0.05,1038.235445
738,v,0.05,1033.84027
738,v,0.15,1029.701051
738,v,0.35,1022.131723
738,v,0.7,1010.886347
738,d4,-0.001,1034.558579
738,d4,0.008,1047.677255
738,d4,0.025,1073.098923
738,dc,-0.06,1036.004896
738,dc,-0.025,1036.004896
738,dc,-0.008,1036.004896
738,dc,0.008,1036.004896
738,dc,0.025,1036.004896
739,f0,0,1606.134006
739,u,-0.7,7710.619856
739,u,-0.35,2336.419816
739,u,-0.15,1824.157299
739,u,-0.05,1669.198294
739,u,0.05,1550.460986
739,u,0.15,1456.708581
739,u,0.35,1318.549082
739,u,0.7,1167.714398
739,v,-0.7,1651.710807
739,v,-0.35,1626.538379
739,v,-0.15,1614.357145
739,v,-0.05,1608.793244
739,v,0.05,1603.55336
739,v,0.15,1598.618622
739,v,0.35,1589.594542
739,v,0.7,1576.187914
739,d4,-0.002,1601.939488
739,d4,0.008,1623.104322
739,d4,0.025,1660.218042
739,d4,0.06,1741.445242
739,dc,-0.06,1606.134006
739,dc,-0.025,1606.134006
739,dc,-0.008,1606.134006
739,dc,0.008,1606.134006
739,dc,0.025,1606.134006
739,dc,0.06,1606.134006
740,f0,0,978.7111514
740,u,-0.7,1088.863455
740,u,-0.35,1021.145478
740,u,-0.15,994.6579008
740,u,-0.05,983.7078457
740,u,0.05,974.0035439
740,u,0.15,965.3775679
740,u,0.35,951.3802978
740,u,0.7,934.2436737
740,v,-0.7,1024.581367
740,v,-0.35,999.2468842
740,v,-0.15,986.9872297
740,v,-0.05,981.3875095
740,v,0.05,976.1138916
740,v,0.15,971.1473853
740,v,0.35,962.0652098
740,v,0.7,948.5722719
740,d4,0.008,989.8513264
740,dc,-0.06,978.7111514
740,dc,-0.025,978.7111514
740,dc,-0.008,978.7111514
740,dc,0.008,978.7111514
741,f0,0,43645.82738
741,u,-0.7,84770.61304
741,u,-0.35,60663.34492
741,u,-0.15,50221.34359
741,u,-0.05,45729.61716
741,u,0.05,41663.11529
741,u,0.15,37981.51819
741,u,0.35,31630.53667
741,u,0.7,23145.22781
741,v,-0.7,43820.65923
741,v,-0.35,43724.09822
741,v,-0.15,43677.37121
741,v,-0.05,43656.02818
741,v,0.05,43635.92807
741,v,0.15,43616.99849
741,v,0.35,43582.38227
741,v,0.7,43530.95467
741,d4,0.008,44930.18235
741,d4,0.025,47928.31593
741,d4,0.06,55568.73433
741,dc,-0.06,36060.98595
741,dc,-0.025,40121.53583
741,dc,-0.008,42451.21995
741,dc,0.008,44911.01274
741,dc,0.025,47864.38719
741,dc,0.06,55390.68159
742,f0,0,2600.585629
742,u,-0.7,4144.995502
742,u,-0.35,3241.164499
742,u,-0.15,2848.4261
742,u,-0.05,2679.176802
742,u,0.05,2525.759576
742,u,0.15,2386.68655
742,u,0.35,2146.310715
742,u,0.7,1823.96248
742,v,-0.7,2648.876853
742,v,-0.35,2622.205228
742,v,-0.15,2609.298515
742,v,-0.05,2603.403244
742,v,0.05,2597.851287
742,v,0.15,2592.622651
742,v,0.35,2583.061123
742,v,0.7,2568.856034
742,d4,0.008,2628.801762
742,d4,0.025,2690.701863
742,d4,0.06,2827.134614
742,dc,-0.06,2451.432287
742,dc,-0.025,2535.802807
742,dc,-0.008,2579.418937
742,dc,0.008,2622.180078
742,dc,0.025,2669.549491
742,dc,0.06,2773.936164
743,f0,0,3086.922292
743,u,-0.7,5085.232335
743,u,-0.35,3915.532805
743,u,-0.15,3407.462389
743,u,-0.05,3188.559062
743,u,0.05,2990.161932
743,u,0.15,2810.34167
743,u,0.35,2499.608608
743,u,0.7,2083.08832
743,v,-0.7,3138.180381
743,v,-0.35,3109.870133
743,v,-0.15,3096.170471
743,v,-0.05,3089.913012
743,v,0.05,3084.01996
743,v,0.15,3078.470093
743,v,0.35,3068.321133
743,v,0.7,3053.243327
743,d4,0.008,3121.261679
743,d4,0.025,3196.69318
743,d4,0.06,3363.428448
743,dc,-0.06,2897.918642
743,dc,-0.025,3004.698082
743,dc,-0.008,3060.034435
743,dc,0.008,3114.376039
743,dc,0.025,3174.678109
743,dc,0.06,3307.951754
744,f0,0,2965.135813
744,u,-0.7,4675.049602
744,u,-0.35,3674.123657
744,u,-0.15,3239.387167
744,u,-0.05,3052.092651
744,u,0.05,2882.353977
744,u,0.15,2728.520835
744,u,0.35,2462.734298
744,u,0.7,1795.841621
744,v,-0.7,3026.978675
744,v,-0.35,2992.822374
744,v,-0.15,2976.293737
744,v,-0.05,2968.744117
744,v,0.05,2961.634152
744,v,0.15,2954.938239
744,v,0.35,2942.693524
744,v,0.7,2924.502158
744,d4,0.008,3006.180429
744,d4,0.025,3097.09393
744,d4,0.06,3301.804494
744,dc,-0.06,2746.241577
744,dc,-0.025,2868.960585
744,dc,-0.008,2933.522734
744,dc,0.008,2997.579614
744,dc,0.025,3069.4357
744,dc,0.06,3231.202614
745,f0,0,4148.635282
745,u,-0.7,6989.214686
745,u,-0.35,5325.958805
745,u,-0.15,4603.951591
745,u,-0.05,4292.987782
745,u,0.05,4011.226805
745,u,0.15,3755.917624
745,u,0.35,3314.926486
745,u,0.7,2724.313599
745,v,-0.7,4214.603662
745,v,-0.35,4178.168804
745,v,-0.15,4160.537547
745,v,-0.05,4152.484294
745,v,0.05,4144.900026
745,v,0.15,4137.757431
745,v,0.35,4124.695874
745,v,0.7,4105.290968
745,d4,0.008,4207.952496
745,d4,0.025,4339.635458
745,d4,0.06,4637.646435
745,dc,-0.06,3811.35965
745,dc,-0.025,4000.048502
745,dc,-0.008,4099.725283
745,dc,0.008,4198.901008
745,dc,0.025,4310.483545
745,dc,0.06,4562.974865
746,f0,0,5095.37251
746,u,-0.7,8233.016983
746,u,-0.35,6395.276069
746,u,-0.15,5597.965245
746,u,-0.05,5254.692
746,u,0.05,4943.737914
746,u,0.15,4662.057218
746,u,0.35,2745.892225
746,u,0.7,1775.420645
746,v,-0.7,5168.56837
746,v,-0.35,5128.141717
746,v,-0.15,5108.578785
746,v,-0.05,5099.643219
746,v,0.05,5091.22802
746,v,0.15,5083.302884
746,v,0.35,5068.810307
746,v,0.7,5047.279403
746,d4,0.008,5227.604724
746,d4,0.025,5532.237076
746,d4,0.06,6283.919589
746,dc,-0.06,4382.134752
746,dc,-0.025,4768.295561
746,dc,-0.008,4985.32802
746,dc,0.008,5211.013643
746,dc,0.025,5477.403399
746,dc,0.06,6134.610763
747,f0,0,5576.81717
747,u,-0.7,9222.362496
747,u,-0.35,7087.082593
747,u,-0.15,6160.735836
747,u,-0.05,5761.915737
747,u,0.05,5400.647513
747,u,0.15,5073.390577
747,u,0.35,4508.390775
747,u,0.7,2141.019528
747,v,-0.7,5658.210734
747,v,-0.35,5613.256425
747,v,-0.15,5591.502506
747,v,-0.05,5581.566185
747,v,0.05,5572.20851
747,v,0.15,5563.395784
747,v,0.35,5547.280084
747,v,0.7,5523.337788
747,d4,0.008,5716.338377
747,d4,0.025,6036.951898
747,d4,0.06,6823.251698
747,dc,-0.06,4811.283059
747,dc,-0.025,5226.648576
747,dc,-0.008,5459.171635
747,dc,0.008,5700.262488
747,dc,0.025,5983.915815
747,dc,0.06,6679.471947
748,f0,0,5511.382706
748,u,-0.7,9984.235014
748,u,-0.35,7364.89232
748,u,-0.15,6228.149053
748,u,-0.05,5738.617346
748,u,0.05,5295.085053
748,u,0.15,4893.211063
748,u,0.35,4199.088918
748,u,0.7,3269.417582
748,v,-0.7,5595.405771
748,v,-0.35,5548.999168
748,v,-0.15,5526.542466
748,v,-0.05,5516.285142
748,v,0.05,5506.625158
748,v,0.15,5497.527728
748,v,0.35,5480.891394
748,v,0.7,5456.175618
748,d4,0.008,5558.01206
748,d4,0.025,5659.730865
748,d4,0.06,5881.169226
748,dc,-0.04,5315.244761
748,dc,-0.025,5386.943878
748,dc,-0.008,5470.868276
748,dc,0.008,5552.572869
748,dc,0.025,5642.42449
748,dc,0.06,5838.019417
749,f0,0,6511.435686
749,u,-0.7,11967.32892
749,u,-0.35,8771.939185
749,u,-0.15,7385.509649
749,u,-0.05,6788.528664
749,u,0.05,6247.691183
749,u,0.15,5757.695695
749,u,0.35,4911.486851
749,u,0.7,3778.425206
749,v,-0.7,6605.634168
749,v,-0.35,6553.607601
749,v,-0.15,6528.431333
749,v,-0.05,6516.93182
749,v,0.05,6506.101987
749,v,0.15,6495.902834
749,v,0.35,6477.251796
749,v,0.7,6449.542873
749,d4,0.008,6565.618467
749,d4,0.025,6683.783549
749,d4,0.06,6940.877621
749,dc,-0.03,6335.34186
749,dc,-0.025,6363.958534
749,dc,-0.008,6463.428401
749,dc,0.008,6560.235853
749,dc,0.025,6666.660427
749,dc,0.06,6898.202259
750,f0,0,5911.034692
750,u,-0.7,10723.80735
750,u,-0.35,7905.280142
750,u,-0.15,6682.197723
750,u,-0.05,6155.510363
750,u,0.05,5678.329803
750,u,0.15,5245.982914
750,u,0.35,4499.267472
750,u,0.7,3499.2596
750,v,-0.7,6025.740111
750,v,-0.35,5962.387401
750,v,-0.15,5931.730279
750,v,-0.05,5917.72733
750,v,0.05,5904.53985
750,v,0.15,5892.12035
750,v,0.35,5869.408995
750,v,0.7,5835.667861
750,d4,0.008,5960.486481
750,d4,0.025,6068.362701
750,d4,0.06,6303.207669
750,dc,-0.04,5701.45933
750,dc,-0.025,5778.070076
750,dc,-0.008,5867.744282
750,dc,0.008,5955.04731
750,dc,0.025,6051.05639
750,dc,0.06,6260.058016
751,f0,0,8108.974794
751,u,-0.7,15075.72628
751,u,-0.35,10994.89427
751,u,-0.15,9224.75572
751,u,-0.05,8462.672594
751,u,0.05,7772.33417
751,u,0.15,7146.961359
751,u,0.35,6067.146069
751,u,0.7,4621.781871
751,v,-0.7,8234.295139
751,v,-0.35,8165.079721
751,v,-0.15,8131.585566
751,v,-0.05,8116.286774
751,v,0.05,8101.878915
751,v,0.15,8088.310104
751,v,0.35,8063.497024
751,v,0.7,8026.63346
751,d4,0.008,8179.442732
751,d4,0.025,8333.345514
751,d4,0.06,8669.250533
751,dc,-0.06,7656.561777
751,dc,-0.025,7913.531943
751,dc,-0.008,8045.294588
751,dc,0.008,8173.765166
751,dc,0.025,8315.266268
751,dc,0.06,8624.095264
752,f0,0,9226.967126
752,u,-0.7,17191.74763
752,u,-0.35,12525.90687
752,u,-0.15,10502.34282
752,u,-0.05,9631.241272
752,u,0.05,8842.203083
752,u,0.15,8127.471801
752,u,0.35,6893.508982
752,u,0.7,5242.216152
752,v,-0.7,9356.994204
752,v,-0.35,9285.17922
752,v,-0.15,9250.427104
752,v,-0.05,9234.553727
752,v,0.05,9219.604742
752,v,0.15,9205.526319
752,v,0.35,9179.781319
752,v,0.7,9141.533247
752,d4,0.008,9325.389039
752,d4,0.025,9541.707416
752,d4,0.06,10020.44364
752,dc,-0.06,8598.389358
752,dc,-0.025,8953.302552
752,dc,-0.008,9137.442099
752,dc,0.008,9318.411135
752,dc,0.025,9519.390383
752,dc,0.06,9964.167114
753,f0,0,11416.11815
753,u,-0.7,21513.31006
753,u,-0.35,15597.65106
753,u,-0.15,13032.57019
753,u,-0.05,11928.4871
753,u,0.05,10928.49565
753,u,0.15,10022.7516
753,u,0.35,8459.205701
753,u,0.7,6367.360302
753,v,-0.7,11584.82583
753,v,-0.35,11491.64724
753,v,-0.15,11446.55703
753,v,-0.05,11425.96162
753,v,0.05,11406.5656
753,v,0.15,11388.29911
753,v,0.35,11354.89546
753,v,0.7,11305.26931
753,d4,0.008,11533.91659
753,d4,0.025,11792.59527
753,d4,0.06,12363.97259
753,dc,-0.06,10651.44898
753,dc,-0.025,11083.55539
753,dc,-0.008,11307.38524
753,dc,0.008,11527.12184
753,dc,0.025,11770.87737
753,dc,0.06,12309.28134
754,f0,0,887.9081595
754,u,-0.7,954.676074
754,u,-0.35,914.4959553
754,u,-0.15,898.0398316
754,u,-0.05,891.1017572
754,u,0.05,884.8830345
754,u,0.15,879.2978062
754,u,0.35,870.2190508
754,u,0.7,858.304926
754,v,-0.7,897.3325776
754,v,-0.35,892.127397
754,v,-0.15,889.6085488
754,v,-0.05,888.4580396
754,v,0.05,887.3745309
754,v,0.15,886.3541208
754,v,0.35,884.4881122
754,v,0.7,881.7158756
754,d4,0.008,897.2989415
754,d4,0.025,917.7283802
754,d4,0.06,961.9661428
754,dc,-0.06,887.9081595
754,dc,-0.025,887.9081595
754,dc,-0.008,887.9081595
754,dc,0.008,887.9081595
754,dc,0.025,887.9081595
754,dc,0.06,887.9081595
755,f0,0,904.3068615
755,u,-0.7,987.0278075
755,u,-0.35,936.8061904
755,u,-0.15,916.6256283
755,u,-0.05,908.1813164
755,u,0.05,900.6439591
755,u,0.15,893.8993377
755,u,0.35,882.4156877
755,u,0.7,868.2920688
755,v,-0.7,916.0578675
755,v,-0.35,909.5676939
755,v,-0.15,906.4270225
755,v,-0.05,904.9924894
755,v,0.05,903.6414969
755,v,0.15,902.3691801
755,v,0.35,900.0425136
755,v,0.7,896.5859004
755,d4,0.008,913.7708398
755,d4,0.025,934.3666472
755,d4,0.06,978.9909889
755,dc,-0.06,904.3068615
755,dc,-0.025,904.3068615
755,dc,-0.008,904.3068615
755,dc,0.008,904.3068615
755,dc,0.025,904.3068615
755,dc,0.06,904.3068615
756,f0,0,923.957297
756,u,-0.7,1033.237996
756,u,-0.35,965.9664088
756,u,-0.15,939.7483686
756,u,-0.05,928.9068983
756,u,0.05,919.2920371
756,u,0.15,910.7370533
756,u,0.35,896.2740905
756,u,0.7,877.8972524
756,v,-0.7,936.5687917
756,v,-0.35,929.6033634
756,v,-0.15,926.2327107
756,v,-0.05,924.6931313
756,v,0.05,923.2432099
756,v,0.15,921.8777255
756,v,0.35,919.3806845
756,v,0.7,915.6709545
756,d4,0.008,933.5485876
756,d4,0.025,954.4291435
756,d4,0.06,999.7003045
756,dc,-0.06,923.957297
756,dc,-0.025,923.957297
756,dc,-0.008,923.957297
756,dc,0.008,923.957297
756,dc,0.025,923.957297
756,dc,0.06,923.957297
757,f0,0,971.9869942
757,u,-0.7,1145.083825
757,u,-0.35,1039.652088
757,u,-0.15,997.5755812
757,u,-0.05,980.0263431
757,u,0.05,964.3944917
757,u,0.15,950.435805
757,u,0.35,926.7433804
757,u,0.7,897.7375553
757,v,-0.7,985.0964238
757,v,-0.35,977.8559821
757,v,-0.15,974.3522472
757,v,-0.05,972.7518811
757,v,0.05,971.2447131
757,v,0.15,969.8253157
757,v,0.35,967.229685
757,v,0.7,963.3734852
757,d4,0.008,984.6102097
757,d4,0.025,1012.088429
757,d4,0.06,1071.65348
757,dc,-0.06,971.9869942
757,dc,-0.025,971.9869942
757,dc,-0.008,971.9869942
757,dc,0.008,971.9869942
757,dc,0.025,971.9869942
757,dc,0.06,971.9869942
758,f0,0,1046.160816
758,u,-0.7,1326.353236
758,u,-0.35,1151.114052
758,u,-0.15,1085.230202
758,u,-0.05,1058.357952
758,u,0.05,1034.705152
758,u,0.15,1013.801222
758,u,0.35,978.7688522
758,u,0.7,933.712165
758,v,-0.7,1063.084812
758,v,-0.35,1053.737555
758,v,-0.15,1049.214308
758,v,-0.05,1047.148269
758,v,0.05,1045.202547
758,v,0.15,1043.370135
758,v,0.35,1040.019231
758,v,0.7,1035.040959
758,d4,0.008,1059.289689
758,d4,0.025,1087.885662
758,d4,0.06,1149.94255
758,dc,-0.06,1046.160816
758,dc,-0.025,1046.160816
758,dc,-0.008,1046.160816
758,dc,0.008,1046.160816
758,dc,0.025,1046.160816
758,dc,0.06,1046.160816
759,f0,0,1124.121331
759,u,-0.7,1539.316692
759,u,-0.35,1272.034939
759,u,-0.15,1178.231961
759,u,-0.05,1140.898865
759,u,0.05,1108.456427
759,u,0.15,1080.097141
759,u,0.35,1033.197392
759,u,0.7,973.9338562
759,v,-0.7,1146.838165
759,v,-0.35,1134.291478
759,v,-0.15,1128.219988
759,v,-0.05,1125.446775
759,v,0.05,1122.83506
759,v,0.15,1120.37544
759,v,0.35,1115.87757
759,v,0.7,1109.195308
759,d4,0.008,1137.801442
759,d4,0.025,1167.611235
759,d4,0.06,1232.359008
759,dc,-0.06,1124.121331
759,dc,-0.025,1124.121331
759,dc,-0.008,1124.121331
759,dc,0.008,1124.121331
759,dc,0.025,1124.121331
759,dc,0.06,1124.121331
760,f0,0,870.3915844
760,u,-0.7,913.8105409
760,u,-0.35,887.8621048
760,u,-0.15,877.0781687
760,u,-0.05,872.5032425
760,u,0.05,868.3878696
760,u,0.15,864.679419
760,u,0.35,858.5973365
760,u,0.7,850.5274817
760,v,-0.7,876.9152818
760,v,-0.35,873.3121921
760,v,-0.15,871.5686146
760,v,-0.05,870.7722181
760,v,0.05,870.0222001
760,v,0.15,869.3158598
760,v,0.35,868.0241858
760,v,0.7,866.1052098
760,d4,0.008,879.1336193
760,d4,0.025,898.1436971
760,d4,0.06,939.2799007
760,dc,-0.06,870.3915844
760,dc,-0.025,870.3915844
760,dc,-0.008,870.3915844
760,dc,0.008,870.3915844
760,dc,0.025,870.3915844
760,dc,0.06,870.3915844
761,f0,0,876.4202871
761,u,-0.7,925.4768554
761,u,-0.35,896.034322
761,u,-0.15,883.9079122
761,u,-0.05,878.7823513
761,u,0.05,874.1811455
761,u,0.15,870.0425431
761,u,0.35,863.0853654
761,u,0.7,854.2025501
761,v,-0.7,883.698128
761,v,-0.35,879.6785189
761,v,-0.15,877.7333828
761,v,-0.05,876.8449223
761,v,0.05,876.0082018
761,v,0.15,875.220208
761,v,0.35,873.7792157
761,v,0.7,871.6384049
761,d4,0.008,885.1836837
761,d4,0.025,904.2448663
761,d4,0.06,945.5078161
761,dc,-0.06,876.4202871
761,dc,-0.025,876.4202871
761,dc,-0.008,876.4202871
761,dc,0.008,876.4202871
761,dc,0.025,876.4202871
761,dc,0.06,876.4202871
762,f0,0,885.8988611
762,u,-0.7,945.3985609
762,u,-0.35,909.4157623
762,u,-0.15,894.8350456
762,u,-0.05,888.7124586
762,u,0.05,883.2362698
762,u,0.15,878.3266716
762,u,0.35,869.9455198
762,u,0.7,859.4370794
762,v,-0.7,893.9221273
762,v,-0.35,889.4908139
762,v,-0.15,887.3464492
762,v,-0.05,886.3669891
762,v,0.05,885.4445683
762,v,0.15,884.5758652
762,v,0.35,882.9872807
762,v,0.7,880.6271996
762,d4,0.008,894.7070235
762,d4,0.025,913.8719079
762,d4,0.06,955.3821418
762,dc,-0.06,885.8988611
762,dc,-0.025,885.8988611
762,dc,-0.008,885.8988611
762,dc,0.008,885.8988611
762,dc,0.025,885.8988611
762,dc,0.06,885.8988611
763,f0,0,872.0923961
763,u,-0.7,902.268264
763,u,-0.35,884.3932777
763,u,-0.15,876.8255853
763,u,-0.05,873.5905291
763,u,0.05,870.6679773
763,u,0.15,868.1005404
763,u,0.35,863.773397
763,u,0.7,857.85655
763,v,-0.7,876.9674766
763,v,-0.35,874.2749311
763,v,-0.15,872.9719766
763,v,-0.05,872.3768391
763,v,0.05,871.8163597
763,v,0.15,871.28852
763,v,0.35,870.3232676
763,v,0.7,868.88924
763,d4,-0.002,869.9275924
763,d4,0.008,880.8274288
763,d4,0.025,899.8088314
763,d4,0.06,940.8400058
763,dc,-0.06,872.0923961
763,dc,-0.025,872.0923961
763,dc,-0.008,872.0923961
763,dc,0.008,872.0923961
763,dc,0.025,872.0923961
763,dc,0.06,872.0923961
764,f0,0,875.5768961
764,u,-0.7,910.1881056
764,u,-0.35,889.6114823
764,u,-0.15,880.9654923
764,u,-0.05,877.2809229
764,u,0.05,873.958032
764,u,0.15,870.9568722
764,u,0.35,865.9371386
764,u,0.7,859.2980122
764,v,-0.7,880.7790085
764,v,-0.35,877.9058407
764,v,-0.15,876.515481
764,v,-0.05,875.8804202
764,v,0.05,875.2823425
764,v,0.15,874.7190942
764,v,0.35,873.6890904
764,v,0.7,872.1588648
764,d4,-0.001,874.494378
764,d4,0.008,884.3064969
764,d4,0.025,903.2819632
764,d4,0.06,944.3184122
764,dc,-0.06,875.5768961
764,dc,-0.025,875.5768961
764,dc,-0.008,875.5768961
764,dc,0.008,875.5768961
764,dc,0.025,875.5768961
764,dc,0.06,875.5768961
765,f0,0,877.7834764
765,u,-0.7,913.3018004
765,u,-0.35,892.1679308
765,u,-0.15,883.3033709
765,u,-0.05,879.5285999
765,u,0.05,876.1259425
765,u,0.15,873.0540861
765,u,0.35,868.0406681
765,u,0.7,861.2675104
765,v,-0.7,883.1725261
765,v,-0.35,880.1961114
765,v,-0.15,878.7557892
765,v,-0.05,878.0979076
765,v,0.05,877.4783381
765,v,0.15,876.8948494
765,v,0.35,875.8278326
765,v,0.7,874.2426185
765,d4,-0.002,875.6159844
765,d4,0.008,886.5311051
765,d4,0.025,905.5478836
765,d4,0.06,946.6813355
765,dc,-0.06,877.7834764
765,dc,-0.025,877.7834764
765,dc,-0.008,877.7834764
765,dc,0.008,877.7834764
765,dc,0.025,877.7834764
765,dc,0.06,877.7834764
766,f0,0,884.8990582
766,u,-0.7,926.6120562
766,u,-0.35,901.6650819
766,u,-0.15,891.3127172
766,u,-0.05,886.9240472
766,u,0.05,882.9780143
766,u,0.15,879.4237516
766,u,0.35,873.3206523
766,u,0.7,865.5993877
766,v,-0.7,890.722527
766,v,-0.35,887.5061791
766,v,-0.15,885.9497505
766,v,-0.05,885.2388361
766,v,0.05,884.5693222
766,v,0.15,883.9387977
766,v,0.35,882.785767
766,v,0.7,881.0727665
766,d4,-0.003,881.6379123
766,d4,0.008,893.6828455
766,d4,0.025,912.7857433
766,d4,0.06,954.131394
766,dc,-0.06,884.8990582
766,dc,-0.025,884.8990582
766,dc,-0.008,884.8990582
766,dc,0.008,884.8990582
766,dc,0.025,884.8990582
766,dc,0.06,884.8990582
767,f0,0,890.9603317
767,u,-0.7,938.9088392
767,u,-0.35,910.0917129
767,u,-0.15,898.2570712
767,u,-0.05,893.2612587
767,u,0.05,888.7799519
767,u,0.15,884.7520921
767,u,0.35,877.8544225
767,u,0.7,869.1782857
767,v,-0.7,897.3261839
767,v,-0.35,893.8102734
767,v,-0.15,892.1088829
767,v,-0.05,891.3317557
767,v,0.05,890.5998849
767,v,0.15,889.910635
767,v,0.35,888.6502139
767,v,0.7,886.7776688
767,d4,-0.003,887.6904783
767,d4,0.008,899.7687149
767,d4,0.025,918.9300414
767,d4,0.06,960.419381
767,dc,-0.06,890.9603317
767,dc,-0.025,890.9603317
767,dc,-0.008,890.9603317
767,dc,0.008,890.9603317
767,dc,0.025,890.9603317
767,dc,0.06,890.9603317
768,f0,0,872.9081795
768,u,-0.7,898.8158722
768,u,-0.35,883.5191353
768,u,-0.15,876.9995868
768,u,-0.05,874.2043593
768,u,0.05,871.6747386
768,u,0.15,869.3883842
768,u,0.35,865.6002256
768,u,0.7,860.410125
768,v,-0.7,877.3821493
768,v,-0.35,874.9111404
768,v,-0.15,873.7153901
768,v,-0.05,873.1692192
768,v,0.05,872.6548547
768,v,0.15,872.1704446
768,v,0.35,871.284611
768,v,0.7,869.9685719
768,d4,0.008,881.6213487
768,d4,0.025,900.5449959
768,d4,0.06,941.4183075
768,dc,-0.06,872.9081795
768,dc,-0.025,872.9081795
768,dc,-0.008,872.9081795
768,dc,0.008,872.9081795
768,dc,0.025,872.9081795
768,dc,0.06,872.9081795
769,f0,0,876.9062799
769,u,-0.7,906.1856191
769,u,-0.35,888.8459827
769,u,-0.15,881.5015464
769,u,-0.05,878.3609356
769,u,0.05,875.5230233
769,u,0.15,872.9552551
769,u,0.35,868.6742278
769,u,0.7,862.9193085
769,v,-0.7,881.8579351
769,v,-0.35,879.1230967
769,v,-0.15,877.7996763
769,v,-0.05,877.1951907
769,v,0.05,876.6259076
769,v,0.15,876.089777
769,v,0.35,875.1093631
769,v,0.7,873.6528106
769,d4,0.008,885.6230998
769,d4,0.025,904.561914
769,d4,0.06,945.4901536
769,dc,-0.06,876.9062799
769,dc,-0.025,876.9062799
769,dc,-0.008,876.9062799
769,dc,0.008,876.9062799
769,dc,0.025,876.9062799
769,dc,0.06,876.9062799
770,f0,0,884.1940299
770,u,-0.7,920.6164234
770,u,-0.35,898.9128131
770,u,-0.15,889.837538
770,u,-0.05,885.9776434
770,u,0.05,882.5004181
770,u,0.15,879.3628631
770,u,0.35,874.0331707
770,u,0.7,867.1471412
770,v,-0.7,889.6835018
770,v,-0.35,886.651623
770,v,-0.15,885.1844612
770,v,-0.05,884.5143204
770,v,0.05,883.8832054
770,v,0.15,883.2888438
770,v,0.35,882.2019436
770,v,0.7,880.5871898
770,d4,0.008,892.9278822
770,d4,0.025,911.9144727
770,d4,0.06,952.9805515
770,dc,-0.06,884.1940299
770,dc,-0.025,884.1940299
770,dc,-0.008,884.1940299
770,dc,0.008,884.1940299
770,dc,0.025,884.1940299
770,dc,0.06,884.1940299
771,f0,0,871.2663093
771,u,-0.7,890.9120338
771,u,-0.35,879.3749863
771,u,-0.15,874.4032637
771,u,-0.05,872.2615354
771,u,0.05,870.3180228
771,u,0.15,868.5648608
771,u,0.35,865.5969416
771,u,0.7,861.5231842
771,v,-0.7,875.1486678
771,v,-0.35,873.0044105
771,v,-0.15,871.9667791
771,v,-0.05,871.4928306
771,v,0.05,871.0464827
771,v,0.15,870.626128
771,v,0.35,869.8574318
771,v,0.7,868.7154179
771,d4,0.008,880.0021784
771,d4,0.025,898.9555706
771,d4,0.06,939.8371826
771,dc,-0.06,871.2663093
771,dc,-0.025,871.2663093
771,dc,-0.008,871.2663093
771,dc,0.008,871.2663093
771,dc,0.025,871.2663093
771,dc,0.06,871.2943604
772,f0,0,874.5620968
772,u,-0.7,896.7865269
772,u,-0.35,883.7029426
772,u,-0.15,878.0930069
772,u,-0.05,875.6815755
772,u,0.05,873.4960538
772,u,0.15,871.5386834
772,u,0.35,868.2316325
772,u,0.7,863.6963425
772,v,-0.7,878.8661319
772,v,-0.35,876.4889793
772,v,-0.15,875.3386471
772,v,-0.05,874.8132214
772,v,0.05,874.318394
772,v,0.15,873.8523832
772,v,0.35,873.0001962
772,v,0.7,871.7341442
772,d4,0.008,883.2935619
772,d4,0.025,902.2470589
772,d4,0.06,943.155986
772,dc,-0.06,874.5620968
772,dc,-0.025,874.5620968
772,dc,-0.008,874.5620968
772,dc,0.008,874.5620968
772,dc,0.025,874.5620968
772,dc,0.06,874.566896
773,f0,0,878.8356281
773,u,-0.7,904.5970558
773,u,-0.35,889.3811351
773,u,-0.15,882.9008942
773,u,-0.05,880.1234038
773,u,0.05,877.6102898
773,u,0.15,875.3690305
773,u,0.35,871.6124221
773,u,0.7,866.4657195
773,v,-0.7,883.6372124
773,v,-0.35,880.9852594
773,v,-0.15,879.7019481
773,v,-0.05,879.1157828
773,v,0.05,878.5637532
773,v,0.15,878.0438712
773,v,0.35,877.0931708
773,v,0.7,875.6807624
773,d4,0.008,887.5666619
773,d4,0.025,906.5291974
773,d4,0.06,947.4869074
773,dc,-0.06,878.8356281
773,dc,-0.025,878.8356281
773,dc,-0.008,878.8356281
773,dc,0.008,878.8356281
773,dc,0.025,878.8356281
773,dc,0.06,878.8356281
774,f0,0,895.1430774
774,u,-0.7,938.8959399
774,u,-0.35,912.3846804
774,u,-0.15,901.6816273
774,u,-0.05,897.1996673
774,u,0.05,893.1988561
774,u,0.15,889.6195112
774,u,0.35,883.7607744
774,u,0.7,876.380172
774,v,-0.7,907.3970278
774,v,-0.35,900.6290741
774,v,-0.15,897.3539816
774,v,-0.05,895.8580502
774,v,0.05,894.4492352
774,v,0.15,893.1224631
774,v,0.35,890.6962149
774,v,0.7,887.0916582
774,d4,-0.015,878.643881
774,d4,-0.008,886.2876737
774,d4,0.008,904.1299847
774,d4,0.025,923.6824409
774,d4,0.06,966.0365844
774,dc,-0.06,895.1430774
774,dc,-0.025,895.1430774
774,dc,-0.008,895.1430774
774,dc,0.008,895.1430774
774,dc,0.025,895.1430774
774,dc,0.06,895.1430774
775,f0,0,932.3637955
775,u,-0.7,998.9286969
775,u,-0.35,958.2181747
775,u,-0.15,942.1132458
775,u,-0.05,935.4231092
775,u,0.05,929.4777074
775,u,0.15,924.1798088
775,u,0.35,915.2118891
775,u,0.7,903.7226555
775,v,-0.7,945.917314
775,v,-0.35,938.4315986
775,v,-0.15,934.8091728
775,v,-0.05,933.1545934
775,v,0.05,931.5963693
775,v,0.15,930.1288891
775,v,0.35,927.44533
775,v,0.7,923.4584993
775,d4,-0.03,898.5512221
775,d4,-0.025,904.0539651
775,d4,-0.008,923.1566466
775,d4,0.008,941.7155264
775,d4,0.025,962.0862694
775,d4,0.06,1006.310922
775,dc,-0.06,932.3637955
775,dc,-0.025,932.3637955
775,dc,-0.008,932.3637955
775,dc,0.008,932.3637955
775,dc,0.025,932.3637955
775,dc,0.06,932.3637955
776,f0,0,905.9490353
776,u,-0.7,955.1677212
776,u,-0.35,925.1946921
776,u,-0.15,913.2241543
776,u,-0.05,908.2341696
776,u,0.05,903.7914273
776,u,0.15,899.8260999
776,u,0.35,893.1437397
776,u,0.7,885.1206503
776,v,-0.7,919.5285353
776,v,-0.35,912.0284701
776,v,-0.15,908.3991002
776,v,-0.05,906.7413491
776,v,0.05,905.1801379
776,v,0.15,903.7098446
776,v,0.35,901.0211413
776,v,0.7,897.026668
776,d4,-0.019,884.9273981
776,d4,-0.008,897.0080334
776,d4,0.008,915.0250827
776,d4,0.025,934.7784446
776,d4,0.06,977.5948518
776,dc,-0.06,905.9490353
776,dc,-0.025,905.9490353
776,dc,-0.008,905.9490353
776,dc,0.008,905.9490353
776,dc,0.025,905.9490353
776,dc,0.06,905.9490353
777,f0,0,893.9943486
777,u,-0.7,926.9999206
777,u,-0.35,907.0395532
777,u,-0.15,898.9451646
777,u,-0.05,895.5518568
777,u,0.05,892.7128598
777,u,0.15,890.3328977
777,u,0.35,886.1899675
777,u,0.7,880.5650807
777,v,-0.7,907.6965415
777,v,-0.35,900.128712
777,v,-0.15,896.4665502
777,v,-0.05,894.7938211
777,v,0.05,893.2185042
777,v,0.15,891.7349265
777,v,0.35,889.0219304
777,v,0.7,884.9913664
777,d4,-0.02,871.9665884
777,d4,-0.008,885.0902759
777,d4,0.008,903.0343444
777,d4,0.025,922.7083891
777,d4,0.06,965.309913
777,dc,-0.06,893.9943486
777,dc,-0.025,893.9943486
777,dc,-0.008,893.9943486
777,dc,0.008,894.0070664
777,dc,0.025,894.0461009
777,dc,0.06,894.1264813
778,f0,0,894.8093254
778,u,-0.7,928.0022352
778,u,-0.35,907.9246087
778,u,-0.15,899.786121
778,u,-0.05,896.3749253
778,u,0.05,893.526047
778,u,0.15,891.1358432
778,u,0.35,886.9751025
778,u,0.7,881.3260621
778,v,-0.7,908.8640445
778,v,-0.35,901.101512
778,v,-0.15,897.3451311
778,v,-0.05,895.6293665
778,v,0.05,894.0135202
778,v,0.15,892.4917735
778,v,0.35,889.7089781
778,v,0.7,885.5747169
778,d4,-0.02,872.7805911
778,d4,-0.008,885.9047885
778,d4,0.008,903.8538047
778,d4,0.025,923.5297887
778,d4,0.06,966.1363379
778,dc,-0.06,894.8093254
778,dc,-0.025,894.8093254
778,dc,-0.008,894.8093254
778,dc,0.008,894.8257495
778,dc,0.025,894.864789
778,dc,0.06,894.9451797
779,f0,0,893.9989174
779,u,-0.7,944.6883726
779,u,-0.35,913.8069383
779,u,-0.15,901.4874575
779,u,-0.05,896.3514431
779,u,0.05,891.7772246
779,u,0.15,887.6925306
779,u,0.35,880.7813345
779,u,0.7,872.5002194
779,v,-0.7,908.6641493
779,v,-0.35,900.5644257
779,v,-0.15,896.6448742
779,v,-0.05,894.8545797
779,v,0.05,893.1685438
779,v,0.15,891.580695
779,v,0.35,888.6770198
779,v,0.7,884.3631734
779,d4,-0.005,888.5327795
779,d4,0.008,902.8497664
779,d4,0.025,922.103238
779,d4,0.06,963.7934585
779,dc,-0.06,893.9989174
779,dc,-0.025,893.9989174
779,dc,-0.008,893.9989174
779,dc,0.008,893.9989174
779,dc,0.025,893.9989174
779,dc,0.06,893.9989174
780,f0,0,926.0676872
780,u,-0.7,999.5694529
780,u,-0.35,954.4150124
780,u,-0.15,936.7304492
780,u,-0.05,929.4103626
780,u,0.05,922.9168352
780,u,0.15,917.1389523
780,u,0.35,907.3739466
780,u,0.7,894.751218
780,v,-0.7,940.7894567
780,v,-0.35,932.6585069
780,v,-0.15,928.7238447
780,v,-0.05,926.9266482
780,v,0.05,925.2341123
780,v,0.15,923.640142
780,v,0.35,920.7252725
780,v,0.7,916.3947953
780,d4,-0.018,905.9316935
780,d4,-0.008,917.0332058
780,d4,0.008,935.2424205
780,d4,0.025,955.2219005
780,d4,0.06,998.5697468
780,dc,-0.06,926.0676872
780,dc,-0.025,926.0676872
780,dc,-0.008,926.0676872
780,dc,0.008,926.0676872
780,dc,0.025,926.0676872
780,dc,0.06,926.0676872
781,f0,0,897.2509355
781,u,-0.7,931.4138884
781,u,-0.35,910.7284789
781,u,-0.15,902.3619347
781,u,-0.05,898.8583229
781,u,0.05,895.8845822
781,u,0.15,893.441812
781,u,0.35,889.1895787
781,u,0.7,883.4162369
781,v,-0.7,912.2048205
781,v,-0.35,903.9456715
781,v,-0.15,899.9489721
781,v,-0.05,898.1234396
781,v,0.05,896.4042178
781,v,0.15,894.7851157
781,v,0.35,891.8242879
781,v,0.7,887.4255329
781,d4,-0.02,875.2169307
781,d4,-0.008,888.3439158
781,d4,0.008,906.2878008
781,d4,0.025,925.9425908
781,d4,0.06,968.5483106
781,dc,-0.06,897.2509355
781,dc,-0.025,897.2509355
781,dc,-0.008,897.2509355
781,dc,0.008,897.2509355
781,dc,0.025,897.2515347
781,dc,0.06,897.3319608
782,f0,0,952.8271963
782,u,-0.7,1064.868411
782,u,-0.35,995.2091294
782,u,-0.15,968.6626469
782,u,-0.05,957.778574
782,u,0.05,948.1702789
782,u,0.15,939.6555843
782,u,0.35,925.3333217
782,u,0.7,906.7908022
782,v,-0.7,968.4571682
782,v,-0.35,959.8246111
782,v,-0.15,955.6472151
782,v,-0.05,953.7391476
782,v,0.05,951.9421973
782,v,0.15,950.2498932
782,v,0.35,947.1552021
782,v,0.7,942.557573
782,d4,-0.015,935.7297981
782,d4,-0.008,943.646636
782,d4,0.008,962.1528475
782,d4,0.025,982.4689023
782,d4,0.06,1026.577217
782,dc,-0.06,952.8271963
782,dc,-0.025,952.8271963
782,dc,-0.008,952.8271963
782,dc,0.008,952.8271963
782,dc,0.025,952.8271963
782,dc,0.06,952.8271963
783,f0,0,925.8421195
783,u,-0.7,1006.124534
783,u,-0.35,956.5846036
783,u,-0.15,937.3761095
783,u,-0.05,929.4542688
783,u,0.05,922.4401859
783,u,0.15,916.2089349
783,u,0.35,905.6965585
783,u,0.7,892.1116581
783,v,-0.7,942.667947
783,v,-0.35,933.3749094
783,v,-0.15,928.8778991
783,v,-0.05,926.8238446
783,v,0.05,924.8894088
783,v,0.15,923.0676259
783,v,0.35,919.7361587
783,v,0.7,914.7867631
783,d4,-0.01,914.697219
783,d4,-0.008,916.9093103
783,d4,0.008,934.9127529
783,d4,0.025,954.6624652
783,d4,0.06,997.4965777
783,dc,-0.06,925.8421195
783,dc,-0.025,925.8421195
783,dc,-0.008,925.8421195
783,dc,0.008,925.8421195
783,dc,0.025,925.8421195
783,dc,0.06,925.8421195
784,f0,0,907.565657
784,u,-0.7,934.6270839
784,u,-0.35,917.8404493
784,u,-0.15,911.0686374
784,u,-0.05,908.673444
784,u,0.05,906.5087846
784,u,0.15,904.5386161
784,u,0.35,901.1140974
784,u,0.7,896.4791041
784,v,-0.7,924.8288277
784,v,-0.35,915.294242
784,v,-0.15,910.6803437
784,v,-0.05,908.5728994
784,v,0.05,906.5881831
784,v,0.15,904.7190476
784,v,0.35,901.3009877
784,v,0.7,896.2229456
784,d4,-0.03,874.1690583
784,d4,-0.025,879.6165564
784,d4,-0.008,898.4878551
784,d4,0.008,916.7764564
784,d4,0.025,936.8128181
784,d4,0.06,980.2178074
784,dc,-0.06,907.4239767
784,dc,-0.025,907.5066159
784,dc,-0.008,907.5467627
784,dc,0.008,907.5845524
784,dc,0.025,907.6247089
784,dc,0.06,907.7073998
785,f0,0,987.8249462
785,u,-0.7,1152.568879
785,u,-0.35,1048.904472
785,u,-0.15,1010.498903
785,u,-0.05,994.8972906
785,u,0.05,981.1867368
785,u,0.15,969.0815241
785,u,0.35,948.8045409
785,u,0.7,922.6831827
785,v,-0.7,1005.26908
785,v,-0.35,995.6345468
785,v,-0.15,990.9722829
785,v,-0.05,988.8427471
785,v,0.05,986.8372258
785,v,0.15,984.948497
785,v,0.35,981.494607
785,v,0.7,976.3633338
785,d4,-0.01,976.133828
785,d4,-0.008,978.4537064
785,d4,0.008,997.3457155
785,d4,0.025,1018.091286
785,d4,0.06,1063.149309
785,dc,-0.06,987.8249462
785,dc,-0.025,987.8249462
785,dc,-0.008,987.8249462
785,dc,0.008,987.8249462
785,dc,0.025,987.8249462
785,dc,0.06,987.8249462
786,f0,0,908.3556713
786,u,-0.7,936.1488218
786,u,-0.35,918.9467823
786,u,-0.15,912.0190858
786,u,-0.05,909.4833352
786,u,0.05,907.2798275
786,u,0.15,905.2742678
786,u,0.35,901.7881273
786,u,0.7,897.0693985
786,v,-0.7,925.8157748
786,v,-0.35,916.1724215
786,v,-0.15,911.5058894
786,v,-0.05,909.374404
786,v,0.05,907.3670467
786,v,0.15,905.4765888
786,v,0.35,902.0195368
786,v,0.7,896.8835659
786,d4,-0.03,874.9594413
786,d4,-0.025,880.4064875
786,d4,-0.008,899.2774819
786,d4,0.008,917.5671334
786,d4,0.025,937.6056713
786,d4,0.06,981.0177151
786,dc,-0.06,908.2139705
786,dc,-0.025,908.2966217
786,dc,-0.008,908.3367743
786,dc,0.008,908.3745695
786,dc,0.025,908.4147319
786,dc,0.06,908.497435
787,f0,0,899.4911678
787,u,-0.7,927.9548737
787,u,-0.35,910.3955127
787,u,-0.15,903.3190207
787,u,-0.05,900.6419638
787,u,0.05,898.3928358
787,u,0.15,896.3441424
787,u,0.35,892.7785583
787,u,0.7,887.940093
787,v,-0.7,917.9439378
787,v,-0.35,907.752327
787,v,-0.15,902.8204865
787,v,-0.05,900.5678189
787,v,0.05,898.4463365
787,v,0.15,896.4483995
787,v,0.35,892.7948023
787,v,0.7,887.3668339
787,d4,-0.02,877.4207246
787,d4,-0.008,890.5716471
787,d4,0.008,908.5383293
787,d4,0.025,928.209271
787,d4,0.06,970.7843054
787,dc,-0.06,899.3534856
787,dc,-0.025,899.4337932
787,dc,-0.008,899.4728068
787,dc,0.008,899.5095297
787,dc,0.025,899.5485523
787,dc,0.06,899.6289074
788,f0,0,1038.92998
788,u,-0.7,1293.815995
788,u,-0.35,1125.016262
788,u,-0.15,1069.862967
788,u,-0.05,1048.454345
788,u,0.05,1030.09021
788,u,0.15,1014.214309
788,u,0.35,988.3055276
788,u,0.7,956.1360265
788,v,-0.7,1060.25336
788,v,-0.35,1048.476288
788,v,-0.15,1042.777225
788,v,-0.05,1040.17412
788,v,0.05,1037.722609
788,v,0.15,1035.413862
788,v,0.35,1031.191892
788,v,0.7,1024.919521
788,d4,-0.025,1008.286702
788,d4,-0.008,1028.955434
788,d4,0.008,1049.068908
788,d4,0.025,1071.179554
788,d4,0.06,1119.287051
788,dc,-0.06,1038.92998
788,dc,-0.025,1038.92998
788,dc,-0.008,1038.92998
788,dc,0.008,1038.92998
788,dc,0.025,1038.92998
788,dc,0.06,1038.92998
789,f0,0,1076.253949
789,u,-0.7,1348.626281
789,u,-0.35,1185.849649
789,u,-0.15,1115.479444
789,u,-0.05,1088.316966
789,u,0.05,1065.067751
789,u,0.15,1044.996922
789,u,0.35,1012.274904
789,u,0.7,971.6417447
789,v,-0.7,1098.421602
789,v,-0.35,1086.178232
789,v,-0.15,1080.253521
789,v,-0.05,1077.54735
789,v,0.05,1074.998774
789,v,0.15,1072.598615
789,v,0.35,1068.209481
789,v,0.7,1061.688763
789,d4,-0.02,1051.022678
789,d4,-0.008,1066.038407
789,d4,0.008,1086.638418
789,d4,0.025,1109.286346
789,d4,0.06,1158.569956
789,dc,-0.06,1076.253949
789,dc,-0.025,1076.253949
789,dc,-0.008,1076.253949
789,dc,0.008,1076.253949
789,dc,0.025,1076.253949
789,dc,0.06,1076.253949
790,f0,0,1039.557479
790,u,-0.7,1316.92862
790,u,-0.35,1131.590892
790,u,-0.15,1072.449896
790,u,-0.05,1049.664868
790,u,0.05,1030.192276
790,u,0.15,1013.409492
790,u,0.35,986.1166001
790,u,0.7,952.3743133
790,v,-0.7,1063.038585
790,v,-0.35,1050.069784
790,v,-0.15,1043.794029
790,v,-0.05,1040.927515
790,v,0.05,1038.227933
790,v,0.15,1035.685563
790,v,0.35,1031.036369
790,v,0.7,1024.129292
790,d4,-0.015,1021.184263
790,d4,-0.008,1029.689504
790,d4,0.008,1049.586844
790,d4,0.025,1071.454216
790,d4,0.06,1119.011681
790,dc,-0.06,1039.557479
790,dc,-0.025,1039.557479
790,dc,-0.008,1039.557479
790,dc,0.008,1039.557479
790,dc,0.025,1039.557479
790,dc,0.06,1039.557479
791,f0,0,1091.307015
791,u,-0.7,1437.43954
791,u,-0.35,1219.311217
791,u,-0.15,1136.505208
791,u,-0.05,1105.137128
791,u,0.05,1078.535897
791,u,0.15,1055.747354
791,u,0.35,1018.925284
791,u,0.7,973.7212923
791,v,-0.7,1115.706037
791,v,-0.35,1102.230264
791,v,-0.15,1095.709179
791,v,-0.05,1092.730608
791,v,0.05,1089.925495
791,v,0.15,1087.28374
791,v,0.35,1082.452801
791,v,0.7,1075.275715
791,d4,-0.01,1078.516036
791,d4,-0.008,1081.053488
791,d4,0.008,1101.729647
791,d4,0.025,1124.459178
791,d4,0.06,1173.912266
791,dc,-0.06,1091.307015
791,dc,-0.025,1091.307015
791,dc,-0.008,1091.307015
791,dc,0.008,1091.307015
791,dc,0.025,1091.307015
791,dc,0.06,1091.307015
792,f0,0,1005.710768
792,u,-0.7,1263.392614
792,u,-0.35,1092.194796
792,u,-0.15,1036.740463
792,u,-0.05,1015.260617
792,u,0.05,996.8500943
792,u,0.15,980.9416056
792,u,0.35,954.9844977
792,u,0.7,922.7291428
792,v,-0.7,1023.470462
792,v,-0.35,1013.661642
792,v,-0.15,1008.915039
792,v,-0.05,1006.746981
792,v,0.05,1004.70518
792,v,0.15,1002.782284
792,v,0.35,999.2659143
792,v,0.7,994.0418176
792,d4,0.008,1015.393595
792,d4,0.025,1036.495204
792,d4,0.06,1082.339441
792,dc,-0.06,1005.710768
792,dc,-0.025,1005.710768
792,dc,-0.008,1005.710768
792,dc,0.008,1005.710768
792,dc,0.025,1005.710768
792,dc,0.06,1005.710768
793,f0,0,993.4878512
793,u,-0.7,1208.361374
793,u,-0.35,1067.979646
793,u,-0.15,1020.495148
793,u,-0.05,1001.833143
793,u,0.05,985.7183108
793,u,0.15,971.7050554
793,u,0.35,948.6656633
793,u,0.7,919.7392023
793,v,-0.7,1013.038421
793,v,-0.35,1002.240486
793,v,-0.15,997.0152391
793,v,-0.05,994.6285549
793,v,0.05,992.3808604
793,v,0.15,990.2640614
793,v,0.35,986.393103
793,v,0.7,980.6422118
793,d4,0.008,1003.010411
793,d4,0.025,1023.759158
793,d4,0.06,1068.820476
793,dc,-0.06,993.4878512
793,dc,-0.025,993.4878512
793,dc,-0.008,993.4878512
793,dc,0.008,993.4878512
793,dc,0.025,993.4878512
793,dc,0.06,993.4878512
794,f0,0,1212.57307
794,u,-0.7,1888.294703
794,u,-0.35,1549.473212
794,u,-0.15,1315.402325
794,u,-0.05,1242.51012
794,u,0.05,1186.017032
794,u,0.15,1141.034101
794,u,0.35,1074.176005
794,u,0.7,1000.491611
794,v,-0.7,1236.35228
794,v,-0.35,1223.218834
794,v,-0.15,1216.863405
794,v,-0.05,1213.960499
794,v,0.05,1211.226646
794,v,0.15,1208.651999
794,v,0.35,1203.943781
794,v,0.7,1196.949016
794,d4,0.008,1224.557432
794,d4,0.025,1250.735299
794,d4,0.06,1307.891077
794,dc,-0.06,1212.57307
794,dc,-0.025,1212.57307
794,dc,-0.008,1212.57307
794,dc,0.008,1212.57307
794,dc,0.025,1212.57307
794,dc,0.06,1212.57307
795,f0,0,2909.916295
795,u,-0.7,4170.636526
795,u,-0.35,3432.860285
795,u,-0.15,3112.232368
795,u,-0.05,2974.068106
795,u,0.05,2848.842084
795,u,0.15,2324.162568
795,u,0.35,1646.499507
795,u,0.7,1265.047936
795,v,-0.7,2949.517133
795,v,-0.35,2927.645277
795,v,-0.15,2917.061228
795,v,-0.05,2912.226858
795,v,0.05,2907.67402
795,v,0.15,2903.386318
795,v,0.35,2895.545462
795,v,0.7,2883.896691
795,d4,0.008,2983.266911
795,d4,0.025,3151.817837
795,d4,0.06,3565.181715
795,dc,-0.06,2554.855582
795,dc,-0.025,2747.550277
795,dc,-0.008,2855.37378
795,dc,0.008,2967.140526
795,dc,0.025,3098.605967
795,dc,0.06,3420.864123
796,f0,0,885.3949702
796,u,-0.7,946.1466945
796,u,-0.35,908.2652592
796,u,-0.15,893.9099616
796,u,-0.05,888.0527529
796,u,0.05,882.8994634
796,u,0.15,878.3479826
796,u,0.35,870.7277893
796,u,0.7,861.0426416
796,v,-0.7,889.3964533
796,v,-0.35,887.1864026
796,v,-0.15,886.116933
796,v,-0.05,885.628442
796,v,0.05,885.1683986
796,v,0.15,884.735146
796,v,0.35,883.9428634
796,v,0.7,882.7658085
796,d4,0.008,894.2128257
796,d4,0.025,913.3931598
796,d4,0.06,954.9184707
796,dc,-0.06,885.3949702
796,dc,-0.025,885.3949702
796,dc,-0.008,885.3949702
796,dc,0.008,885.3949702
796,dc,0.025,885.3949702
796,dc,0.06,885.3949702
797,f0,0,906.6373274
797,u,-0.7,998.5090084
797,u,-0.35,940.4987005
797,u,-0.15,919.1529709
797,u,-0.05,910.5327442
797,u,0.05,902.9886528
797,u,0.15,896.3555702
797,u,0.35,885.3104012
797,u,0.7,871.2165128
797,v,-0.7,910.8422715
797,v,-0.35,908.5198476
797,v,-0.15,907.3959994
797,v,-0.05,906.8826704
797,v,0.05,906.3992354
797,v,0.15,905.9439535
797,v,0.35,905.1113862
797,v,0.7,903.8744823
797,d4,0.008,915.596847
797,d4,0.025,935.0991377
797,d4,0.06,977.3725295
797,dc,-0.06,906.6373274
797,dc,-0.025,906.6373274
797,dc,-0.008,906.6373274
797,dc,0.008,906.6373274
797,dc,0.025,906.6373274
797,dc,0.06,906.6373274
798,f0,0,936.9087023
798,u,-0.7,1115.738146
798,u,-0.35,995.4003707
798,u,-0.15,957.631122
798,u,-0.05,943.2496064
798,u,0.05,931.057176
798,u,0.15,920.633967
798,u,0.35,903.8812484
798,u,0.7,883.5772119
798,v,-0.7,942.2493467
798,v,-0.35,939.2996666
798,v,-0.15,937.8722816
798,v,-0.05,937.2203092
798,v,0.05,936.6063047
798,v,0.15,936.0280571
798,v,0.35,934.9706243
798,v,0.7,933.3996488
798,d4,0.008,946.2057337
798,d4,0.025,966.4562616
798,d4,0.06,1010.409556
798,dc,-0.06,936.9087023
798,dc,-0.025,936.9087023
798,dc,-0.008,936.9087023
798,dc,0.008,936.9087023
798,dc,0.025,936.9087023
798,dc,0.06,936.9087023
799,f0,0,966.4576653
799,u,-0.7,1140.688887
799,u,-0.35,1036.932653
799,u,-0.15,991.7378022
799,u,-0.05,974.2352776
799,u,0.05,959.2445001
799,u,0.15,946.3038882
799,u,0.35,925.2269407
799,u,0.7,899.1293532
799,v,-0.7,971.9887245
799,v,-0.35,968.9338767
799,v,-0.15,967.4556
799,v,-0.05,966.7803822
799,v,0.05,966.1444861
799,v,0.15,965.5456217
799,v,0.35,964.4504873
799,v,0.7,962.8235005
799,d4,0.008,975.9328671
799,d4,0.025,996.5769799
799,d4,0.06,1041.406003
799,dc,-0.06,966.4576653
799,dc,-0.025,966.4576653
799,dc,-0.008,966.4576653
799,dc,0.008,966.4576653
799,dc,0.025,966.4576653
799,dc,0.06,966.4576653
800,f0,0,1061.018197
800,u,-0.7,1342.425687
800,u,-0.35,1241.864205
800,u,-0.15,1121.420703
800,u,-0.05,1078.833638
800,u,0.05,1045.06314
800,u,0.15,1017.729509
800,u,0.35,976.474627
800,u,0.7,930.3992211
800,v,-0.7,1068.189008
800,v,-0.35,1064.228512
800,v,-0.15,1062.311982
800,v,-0.05,1061.436588
800,v,0.05,1060.612172
800,v,0.15,1059.835767
800,v,0.35,1058.415967
800,v,0.7,1056.306639
800,d4,0.008,1071.756047
800,d4,0.025,1095.187326
800,d4,0.06,1146.237557
800,dc,-0.06,1061.018197
800,dc,-0.025,1061.018197
800,dc,-0.008,1061.018197
800,dc,0.008,1061.018197
800,dc,0.025,1061.018197
800,dc,0.06,1061.018197
801,f0,0,1293.994371
801,u,-0.7,1714.33263
801,u,-0.35,1468.940943
801,u,-0.15,1361.812044
801,u,-0.05,1315.520092
801,u,0.05,1273.480579
801,u,0.15,1235.298595
801,u,0.35,1169.108775
801,u,0.7,1079.830066
801,v,-0.7,1302.821099
801,v,-0.35,1297.946027
801,v,-0.15,1295.586923
801,v,-0.05,1294.509378
801,v,0.05,1293.494585
801,v,0.15,1292.538888
801,v,0.35,1290.79122
801,v,0.7,1288.194797
801,d4,0.008,1305.636853
801,d4,0.025,1331.007607
801,d4,0.06,1386.114632
801,dc,-0.01,1286.253232
801,dc,-0.008,1287.789399
801,dc,0.008,1300.297582
801,dc,0.025,1314.029137
801,dc,0.06,1343.836362
802,f0,0,1287.7614
802,u,-0.7,1635.705922
802,u,-0.35,1432.526777
802,u,-0.15,1343.864566
802,u,-0.05,1305.566177
802,u,0.05,1270.79642
802,u,0.15,1239.228421
802,u,0.35,1184.540032
802,u,0.7,1092.157632
802,v,-0.7,1298.792544
802,v,-0.35,1292.699956
802,v,-0.15,1289.751681
802,v,-0.05,1288.405027
802,v,0.05,1287.136796
802,v,0.15,1285.942421
802,v,0.35,1283.758285
802,v,0.7,1280.513422
802,d4,0.008,1301.413783
802,d4,0.025,1331.30016
802,d4,0.06,1396.864892
802,dc,-0.06,1236.680651
802,dc,-0.025,1265.642359
802,dc,-0.008,1280.545577
802,dc,0.008,1295.111945
802,dc,0.025,1311.197106
802,dc,0.06,1346.45773
803,f0,0,1617.630061
803,u,-0.7,2340.832037
803,u,-0.35,1918.316733
803,u,-0.15,1734.122504
803,u,-0.05,1654.594761
803,u,0.05,1582.413153
803,u,0.15,1516.893008
803,u,0.35,1403.413304
803,u,0.7,1250.615751
803,v,-0.7,1632.617582
803,v,-0.35,1624.339856
803,v,-0.15,1620.334167
803,v,-0.05,1618.504528
803,v,0.05,1616.781439
803,v,0.15,1615.158695
803,v,0.35,1612.191208
803,v,0.7,1607.782558
803,d4,0.008,1631.68287
803,d4,0.025,1662.307912
803,d4,0.06,1728.835616
803,dc,-0.01,1606.927015
803,dc,-0.008,1609.050827
803,dc,0.008,1626.346116
803,dc,0.025,1645.337407
803,dc,0.06,1686.576976
804,f0,0,1610.246353
804,u,-0.7,2326.474373
804,u,-0.35,1908.04425
804,u,-0.15,1725.622171
804,u,-0.05,1646.857151
804,u,0.05,1575.366203
804,u,0.15,1510.471389
804,u,0.35,1398.070169
804,u,0.7,1246.711047
804,v,-0.7,1626.96644
804,v,-0.35,1617.731804
804,v,-0.15,1613.263054
804,v,-0.05,1611.221908
804,v,0.05,1609.299629
804,v,0.15,1607.489295
804,v,0.35,1604.178764
804,v,0.7,1599.260472
804,d4,0.008,1624.074931
804,d4,0.025,1654.20358
804,d4,0.06,1719.616418
804,dc,0.008,1618.791892
804,dc,0.025,1637.40686
804,dc,0.06,1677.806631
805,f0,0,2318.929397
805,u,-0.7,3726.427299
805,u,-0.35,2903.513295
805,u,-0.15,2545.27768
805,u,-0.05,2390.732331
805,u,0.05,2250.540857
805,u,0.15,2123.360382
805,u,0.35,1903.280352
805,u,0.7,1607.455753
805,v,-0.7,2336.740592
805,v,-0.35,2326.903328
805,v,-0.15,2322.14296
805,v,-0.05,2319.968615
805,v,0.05,2317.920893
805,v,0.15,2315.992421
805,v,0.35,2312.465854
805,v,0.7,2307.226608
805,d4,0.008,2338.246941
805,d4,0.025,2380.336764
805,d4,0.06,2471.72872
805,dc,0.008,2332.967632
805,dc,0.025,2363.55185
805,dc,0.06,2429.948041
806,f0,0,933.3836435
806,u,-0.7,1127.371781
806,u,-0.35,1015.288096
806,u,-0.15,961.3094569
806,u,-0.05,941.8016424
806,u,0.05,925.7154626
806,u,0.15,912.2969142
806,u,0.35,891.3915468
806,u,0.7,867.2099481
806,v,-0.7,937.4787713
806,v,-0.35,935.2169998
806,v,-0.15,934.122502
806,v,-0.05,933.6225791
806,v,0.05,933.1517695
806,v,0.15,932.7083777
806,v,0.35,931.8975537
806,v,0.7,930.6929527
806,d4,0.008,943.0405404
806,d4,0.025,964.0844256
806,d4,0.06,1009.802669
806,dc,-0.06,933.3836435
806,dc,-0.025,933.3836435
806,dc,-0.008,933.3836435
806,dc,0.008,933.3836435
806,dc,0.025,933.3836435
806,dc,0.06,933.3836435
807,f0,0,951.28308
807,u,-0.7,1157.547846
807,u,-0.35,1057.305539
807,u,-0.15,986.4039107
807,u,-0.05,961.7592514
807,u,0.05,941.8233122
807,u,0.15,925.4617687
807,u,0.35,900.4675362
807,u,0.7,872.350895
807,v,-0.7,955.6085563
807,v,-0.35,953.2195615
807,v,-0.15,952.0634988
807,v,-0.05,951.5354556
807,v,0.05,951.0381632
807,v,0.15,950.5698308
807,v,0.35,949.7133985
807,v,0.7,948.4410395
807,d4,0.008,961.1969316
807,d4,0.025,982.8094453
807,d4,0.06,1029.802681
807,dc,-0.06,951.28308
807,dc,-0.025,951.28308
807,dc,-0.008,951.28308
807,dc,0.008,951.28308
807,dc,0.025,951.28308
807,dc,0.06,951.28308
808,f0,0,986.2507894
808,u,-0.7,1132.490866
808,u,-0.35,1069.733045
808,u,-0.15,1032.682184
808,u,-0.05,999.9874686
808,u,0.05,973.9262022
808,u,0.15,952.7804468
808,u,0.35,920.8675751
808,u,0.7,885.4599129
808,v,-0.7,990.9005503
808,v,-0.35,988.3324506
808,v,-0.15,987.0897169
808,v,-0.05,986.5220859
808,v,0.05,985.9875111
808,v,0.15,985.4840675
808,v,0.35,984.5634277
808,v,0.7,983.1956789
808,d4,0.008,996.5584304
808,d4,0.025,1019.04101
808,d4,0.06,1067.978691
808,dc,-0.06,985.6394401
808,dc,-0.025,986.2507894
808,dc,-0.008,986.2507894
808,dc,0.008,986.2507894
808,dc,0.025,986.2507894
808,dc,0.06,986.2507894
809,f0,0,917.7031031
809,u,-0.7,1148.741644
809,u,-0.35,986.0256875
809,u,-0.15,941.0774794
809,u,-0.05,924.7544424
809,u,0.05,911.2775779
809,u,0.15,900.0324825
809,u,0.35,882.5298603
809,u,0.7,862.3688326
809,v,-0.7,923.7220405
809,v,-0.35,920.3977337
809,v,-0.15,918.7890626
809,v,-0.05,918.0542859
809,v,0.05,917.3622992
809,v,0.15,916.7106108
809,v,0.35,915.5188779
809,v,0.7,913.7483794
809,d4,0.008,927.1865524
809,d4,0.025,947.845802
809,d4,0.06,992.7003981
809,dc,-0.06,917.7031031
809,dc,-0.025,917.7031031
809,dc,-0.008,917.7031031
809,dc,0.008,917.7031031
809,dc,0.025,917.7031031
809,dc,0.06,917.7031031
810,f0,0,1072.197716
810,u,-0.7,1248.446169
810,u,-0.35,1145.59639
810,u,-0.15,1100.656421
810,u,-0.05,1081.231247
810,u,0.05,1063.588544
810,u,0.15,1047.564248
810,u,0.35,1019.789479
810,u,0.7,947.2618954
810,v,-0.7,1078.507447
810,v,-0.35,1075.022533
810,v,-0.15,1073.336142
810,v,-0.05,1072.565866
810,v,0.05,1071.840447
810,v,0.15,1071.157274
810,v,0.35,1069.907964
810,v,0.7,1068.051928
810,d4,0.008,1083.892281
810,d4,0.025,1109.462821
810,d4,0.06,1165.417472
810,dc,-0.06,1032.536133
810,dc,-0.025,1055.05556
810,dc,-0.008,1066.610733
810,dc,0.008,1077.883872
810,dc,0.025,1090.309069
810,dc,0.06,1117.46357
811,f0,0,1100.778916
811,u,-0.7,1325.877811
811,u,-0.35,1194.535893
811,u,-0.15,1137.136795
811,u,-0.05,1112.320975
811,u,0.05,1089.777842
811,u,0.15,1069.297611
811,u,0.35,1033.782735
811,u,0.7,985.8657794
811,v,-0.7,1108.116842
811,v,-0.35,1104.064048
811,v,-0.15,1102.102852
811,v,-0.05,1101.207057
811,v,0.05,1100.363428
811,v,0.15,1099.568929
811,v,0.35,1098.11604
811,v,0.7,1095.957555
811,d4,0.008,1112.038501
811,d4,0.025,1136.62026
811,d4,0.06,1190.230495
811,dc,-0.06,1061.715926
811,dc,-0.025,1083.924802
811,dc,-0.008,1095.290769
811,dc,0.008,1106.359529
811,dc,0.025,1118.536616
811,dc,0.06,1145.06464
812,f0,0,1264.298022
812,u,-0.7,1650.417592
812,u,-0.35,1424.978236
812,u,-0.15,1326.579167
812,u,-0.05,1284.065344
812,u,0.05,1245.461053
812,u,0.15,1210.40342
812,u,0.35,1149.643244
812,u,0.7,1067.733654
812,v,-0.7,1274.55584
812,v,-0.35,1268.890366
812,v,-0.15,1266.148777
812,v,-0.05,1264.896528
812,v,0.05,1263.717205
812,v,0.15,1262.60656
812,v,0.35,1260.575541
812,v,0.7,1257.558156
812,d4,0.008,1276.568668
812,d4,0.025,1303.344915
812,d4,0.06,1361.678652
812,dc,-0.06,1217.272922
812,dc,-0.025,1244.01453
812,dc,-0.008,1257.694276
812,dc,0.008,1271.011884
812,dc,0.025,1285.657526
812,dc,0.06,1317.541577
813,f0,0,897.9595231
813,u,-0.7,1015.52091
813,u,-0.35,936.6852376
813,u,-0.15,911.6364207
813,u,-0.05,902.1345519
813,u,0.05,894.1171195
813,u,0.15,887.303593
813,u,0.35,876.4641239
813,u,0.7,863.5986296
813,v,-0.7,911.1086822
813,v,-0.35,903.8462976
813,v,-0.15,900.3319443
813,v,-0.05,898.7267281
813,v,0.05,897.2149925
813,v,0.15,895.7912935
813,v,0.35,893.1877965
813,v,0.7,889.31991
813,d4,0.008,907.0824685
813,d4,0.025,926.936656
813,dc,-0.06,897.9595231
813,dc,-0.025,897.9595231
813,dc,-0.008,897.9595231
813,dc,0.008,897.9595231
813,dc,0.025,897.9595231
814,f0,0,1536.26028
814,u,-0.7,2187.461622
814,u,-0.35,1807.007293
814,u,-0.15,1641.152884
814,u,-0.05,1569.544105
814,u,0.05,1504.550284
814,u,0.15,1445.554907
814,u,0.35,1343.377143
814,u,0.7,1205.803197
814,v,-0.7,1550.431032
814,v,-0.35,1542.604414
814,v,-0.15,1538.817021
814,v,-0.05,1537.087091
814,v,0.05,1535.457904
814,v,0.15,1533.923594
814,v,0.35,1531.117825
814,v,0.7,1526.949432
814,d4,0.008,1550.377574
814,d4,0.025,1581.168137
814,d4,0.06,1648.173826
814,dc,-0.04,1494.911576
814,dc,-0.025,1510.032357
814,dc,-0.008,1527.723149
814,dc,0.008,1544.937787
814,dc,0.025,1563.859891
814,dc,0.06,1605.01947
815,f0,0,2580.926279
815,u,-0.7,4243.185239
815,u,-0.35,3271.031672
815,u,-0.15,2848.071341
815,u,-0.05,2665.661593
815,u,0.05,2500.228982
815,u,0.15,2350.182381
815,u,0.35,2090.617871
815,u,0.7,1741.932794
815,v,-0.7,2606.137937
815,v,-0.35,2592.213339
815,v,-0.15,2585.475062
815,v,-0.05,2582.397287
815,v,0.05,2579.498747
815,v,0.15,2576.769005
815,v,0.35,2571.777166
815,v,0.7,2564.36104
815,d4,0.008,2602.887466
815,d4,0.025,2650.763667
815,d4,0.06,2754.844073
815,dc,-0.02,2540.490589
815,dc,-0.008,2564.558275
815,dc,0.008,2597.559977
815,dc,0.025,2633.819046
815,dc,0.06,2712.630615
816,f0,0,885.7531782
816,u,-0.7,963.6695287
816,u,-0.35,913.4128179
816,u,-0.15,895.8069358
816,u,-0.05,888.8593922
816,u,0.05,882.8633517
816,u,0.15,877.6603648
816,u,0.35,869.1500593
816,u,0.7,858.5946489
816,v,-0.7,888.5097285
816,v,-0.35,886.9872639
816,v,-0.15,886.2505254
816,v,-0.05,885.9140127
816,v,0.05,885.597097
816,v,0.15,885.298637
816,v,0.35,884.7528477
816,v,0.7,883.9419956
816,d4,0.008,894.6353838
816,d4,0.025,913.95895
816,d4,0.06,955.8082216
816,dc,-0.06,885.7531782
816,dc,-0.025,885.7531782
816,dc,-0.008,885.7531782
816,dc,0.008,885.7531782
816,dc,0.025,885.7531782
816,dc,0.06,885.7531782
817,f0,0,905.0583829
817,u,-0.7,993.6123909
817,u,-0.35,945.8622295
817,u,-0.15,919.639361
817,u,-0.05,909.5330974
817,u,0.05,900.9196056
817,u,0.15,893.5267879
817,u,0.35,881.598411
817,u,0.7,867.0906765
817,v,-0.7,908.2826374
817,v,-0.35,906.5018561
817,v,-0.15,905.6401151
817,v,-0.05,905.2465063
817,v,0.05,904.8758194
817,v,0.15,904.5267196
817,v,0.35,903.8883262
817,v,0.7,902.9398967
817,d4,0.008,914.1135085
817,d4,0.025,933.8262349
817,d4,0.06,976.5682349
817,dc,-0.06,905.0583829
817,dc,-0.025,905.0583829
817,dc,-0.008,905.0583829
817,dc,0.008,905.0583829
817,dc,0.025,905.0583829
817,dc,0.06,905.0583829
818,f0,0,905.1432
818,u,-0.7,1005.414297
818,u,-0.35,945.9470467
818,u,-0.15,919.7241782
818,u,-0.05,909.6179146
818,u,0.05,901.0044227
818,u,0.15,893.6116051
818,u,0.35,881.6832282
818,u,0.7,867.1754937
818,v,-0.7,908.4117259
818,v,-0.35,906.6064932
818,v,-0.15,905.7329199
818,v,-0.05,905.3339065
818,v,0.05,904.9581298
818,v,0.15,904.6042367
818,v,0.35,903.9570777
818,v,0.7,902.9956255
818,d4,0.008,914.1983257
818,d4,0.025,933.911052
818,d4,0.06,976.6530521
818,dc,-0.06,905.1432
818,dc,-0.025,905.1432
818,dc,-0.008,905.1432
818,dc,0.008,905.1432
818,dc,0.025,905.1432
818,dc,0.06,905.1432
819,f0,0,894.6474598
819,u,-0.7,996.0025539
819,u,-0.35,929.2127318
819,u,-0.15,907.0246892
819,u,-0.05,898.4480954
819,u,0.05,891.1308153
819,u,0.15,884.8470488
819,u,0.35,874.7067259
819,u,0.7,862.3852815
819,v,-0.7,897.932684
819,v,-0.35,896.1182287
819,v,-0.15,895.2401924
819,v,-0.05,894.8391405
819,v,0.05,894.461444
819,v,0.15,894.1057429
819,v,0.35,893.4552776
819,v,0.7,892.4889136
819,d4,0.008,903.6194083
819,d4,0.025,923.1446148
819,d4,0.06,965.4554806
819,dc,-0.06,894.6474598
819,dc,-0.025,894.6474598
819,dc,-0.008,894.6474598
819,dc,0.008,894.6474598
819,dc,0.025,894.6474598
819,dc,0.06,894.6474598
820,f0,0,903.6659384
820,u,-0.7,1019.984064
820,u,-0.35,943.1848352
820,u,-0.15,917.8142559
820,u,-0.05,908.011098
820,u,0.05,899.6444008
820,u,0.15,892.4546907
820,u,0.35,880.8363818
820,u,0.7,866.6744516
820,v,-0.7,906.9905872
820,v,-0.35,905.1543574
820,v,-0.15,904.2657841
820,v,-0.05,903.8599194
820,v,0.05,903.4776904
820,v,0.15,903.1177206
820,v,0.35,902.4594494
820,v,0.7,901.4814884
820,d4,0.008,912.7038277
820,d4,0.025,932.378097
820,d4,0.06,975.0329302
820,dc,-0.06,903.6659384
820,dc,-0.025,903.6659384
820,dc,-0.008,903.6659384
820,dc,0.008,903.6659384
820,dc,0.025,903.6659384
820,dc,0.06,903.6659384
821,f0,0,910.6606805
821,u,-0.7,1018.039855
821,u,-0.35,955.8411024
821,u,-0.15,926.7055784
821,u,-0.05,915.5726422
821,u,0.05,906.1270663
821,u,0.15,898.0522052
821,u,0.35,885.0877531
821,u,0.7,869.4327728
821,v,-0.7,914.0690603
821,v,-0.35,912.1865852
821,v,-0.15,911.2756333
821,v,-0.05,910.8595469
821,v,0.05,910.4676915
821,v,0.15,910.098656
821,v,0.35,909.4238063
821,v,0.7,908.4212155
821,d4,0.008,919.7744355
821,d4,0.025,939.6177596
821,d4,0.06,982.6550841
821,dc,-0.06,910.6606805
821,dc,-0.025,910.6606805
821,dc,-0.008,910.6606805
821,dc,0.008,910.6606805
821,dc,0.025,910.6606805
821,dc,0.06,910.6606805
822,f0,0,910.8499782
822,u,-0.7,1044.086469
822,u,-0.35,956.0304
822,u,-0.15,926.8948761
822,u,-0.05,915.7619398
822,u,0.05,906.316364
822,u,0.15,898.2415029
822,u,0.35,885.2770508
822,u,0.7,869.6220704
822,v,-0.7,914.357164
822,v,-0.35,912.4201176
822,v,-0.15,911.482758
822,v,-0.05,911.0546096
822,v,0.05,910.6513946
822,v,0.15,910.271661
822,v,0.35,909.577248
822,v,0.7,908.5455929
822,d4,0.008,919.9637332
822,d4,0.025,939.8070572
822,d4,0.06,982.8443818
822,dc,-0.06,910.8499782
822,dc,-0.025,910.8499782
822,dc,-0.008,910.8499782
822,dc,0.008,910.8499782
822,dc,0.025,910.8499782
822,dc,0.06,910.8499782
823,f0,0,885.2493392
823,u,-0.7,967.6826924
823,u,-0.35,913.7168065
823,u,-0.15,895.4778175
823,u,-0.05,888.393772
823,u,0.05,882.3372874
823,u,0.15,877.1283217
823,u,0.35,868.7105363
823,u,0.7,858.471617
823,v,-0.7,888.8067365
823,v,-0.35,886.8419578
823,v,-0.15,885.8911783
823,v,-0.05,885.4569002
823,v,0.05,885.0479125
823,v,0.15,884.6627424
823,v,0.35,883.9583876
823,v,0.7,882.9119626
823,d4,0.008,894.1437407
823,d4,0.025,913.4919723
823,d4,0.06,955.3891912
823,dc,-0.06,885.2493392
823,dc,-0.025,885.2493392
823,dc,-0.008,885.2493392
823,dc,0.008,885.2493392
823,dc,0.025,885.2493392
823,dc,0.06,885.2493392
824,f0,0,910.0298945
824,u,-0.7,1043.416605
824,u,-0.35,954.4204636
824,u,-0.15,925.811689
824,u,-0.05,914.8633957
824,u,0.05,905.5670359
824,u,0.15,897.6141781
824,u,0.35,884.8344864
824,u,0.7,869.3831809
824,v,-0.7,913.5950442
824,v,-0.35,911.6259838
824,v,-0.15,910.6731324
824,v,-0.05,910.2379079
824,v,0.05,909.8280289
824,v,0.15,909.4420194
824,v,0.35,908.7361297
824,v,0.7,907.6874243
824,d4,0.008,919.1330864
824,d4,0.025,938.9529023
824,d4,0.06,981.9371359
824,dc,-0.06,910.0298945
824,dc,-0.025,910.0298945
824,dc,-0.008,910.0298945
824,dc,0.008,910.0298945
824,dc,0.025,910.0298945
824,dc,0.06,910.0298945
825,f0,0,919.6171777
825,u,-0.7,1054.501537
825,u,-0.35,972.2121421
825,u,-0.15,938.1092734
825,u,-0.05,925.2564062
825,u,0.05,914.4296167
825,u,0.15,905.23155
825,u,0.35,890.5773594
825,u,0.7,873.0771804
825,v,-0.7,923.3042859
825,v,-0.35,921.2678669
825,v,-0.15,920.2824198
825,v,-0.05,919.8323069
825,v,0.05,919.4084066
825,v,0.15,919.0091923
825,v,0.35,918.2791551
825,v,0.7,917.194575
825,d4,0.008,928.8293657
825,d4,0.025,948.8914158
825,d4,0.06,992.421622
825,dc,-0.06,919.6171777
825,dc,-0.025,919.6171777
825,dc,-0.008,919.6171777
825,dc,0.008,919.6171777
825,dc,0.025,919.6171777
825,dc,0.06,919.6171777
826,f0,0,959.4500866
826,u,-0.7,1046.919998
826,u,-0.35,999.2974664
826,u,-0.15,978.4340235
826,u,-0.05,968.335991
826,u,0.05,951.3508575
826,u,0.15,937.1624175
826,u,0.35,914.996654
826,u,0.7,889.1976376
826,v,-0.7,963.7166115
826,v,-0.35,961.3601761
826,v,-0.15,960.2198693
826,v,-0.05,959.6990227
826,v,0.05,959.2085078
826,v,0.15,958.7465583
826,v,0.35,957.9017982
826,v,0.7,956.64678
826,d4,0.008,969.0947384
826,d4,0.025,990.1143094
826,d4,0.06,1035.790188
826,dc,-0.06,935.0480322
826,dc,-0.025,952.2066241
826,dc,-0.008,959.4500866
826,dc,0.008,959.4500866
826,dc,0.025,959.4500866
826,dc,0.06,959.4500866
827,f0,0,949.5218692
827,u,-0.7,1124.483398
827,u,-0.35,1031.129758
827,u,-0.15,977.2343305
827,u,-0.05,957.8637537
827,u,0.05,941.9316751
827,u,0.15,928.6689351
827,u,0.35,908.0529036
827,u,0.7,884.2684454
827,v,-0.7,953.8851537
827,v,-0.35,951.4752772
827,v,-0.15,950.3091096
827,v,-0.05,949.7764508
827,v,0.05,949.2748117
827,v,0.15,948.8023857
827,v,0.35,947.9384675
827,v,0.7,946.6549871
827,d4,0.008,959.0985852
827,d4,0.025,979.9679434
827,d4,0.06,1025.308734
827,dc,-0.06,949.5218692
827,dc,-0.025,949.5218692
827,dc,-0.008,949.5218692
827,dc,0.008,949.5218692
827,dc,0.025,949.5218692
827,dc,0.06,949.5218692
828,f0,0,950.5027816
828,u,-0.7,1236.630488
828,u,-0.35,1032.11067
828,u,-0.15,978.2152428
828,u,-0.05,958.8446661
828,u,0.05,942.9125874
828,u,0.15,929.6498475
828,u,0.35,909.033816
828,u,0.7,885.2493578
828,v,-0.7,955.3780646
828,v,-0.35,952.6854072
828,v,-0.15,951.3823986
828,v,-0.05,950.7872364
828,v,0.05,950.2267337
828,v,0.15,949.6988721
828,v,0.35,948.7335796
828,v,0.7,947.2994924
828,d4,0.008,960.0794975
828,d4,0.025,980.9488558
828,d4,0.06,1026.289646
828,dc,-0.06,950.5027816
828,dc,-0.025,950.5027816
828,dc,-0.008,950.5027816
828,dc,0.008,950.5027816
828,dc,0.025,950.5027816
828,dc,0.06,950.5027816
829,f0,0,883.8825003
829,u,-0.7,960.8091835
829,u,-0.35,910.3286576
829,u,-0.15,893.3593923
829,u,-0.05,886.7920965
829,u,0.05,881.1913307
829,u,0.15,876.3866093
829,u,0.35,868.6516203
829,u,0.7,859.3599166
829,v,-0.7,889.0307004
829,v,-0.35,886.1873088
829,v,-0.15,884.8113581
829,v,-0.05,884.1828788
829,v,0.05,883.5909993
829,v,0.15,883.0335882
829,v,0.35,882.0142589
829,v,0.7,880.4998918
829,d4,0.008,892.7525998
829,d4,0.025,912.0433722
829,d4,0.06,953.8002685
829,dc,-0.06,883.8825003
829,dc,-0.025,883.8825003
829,dc,-0.008,883.8825003
829,dc,0.008,883.8825003
829,dc,0.025,883.8825003
829,dc,0.06,883.8825003
830,f0,0,1008.570818
830,u,-0.7,1141.194984
830,u,-0.35,1063.900855
830,u,-0.15,1030.046035
830,u,-0.05,1015.391159
830,u,0.05,1002.067476
830,u,0.15,989.9530468
830,u,0.35,968.919707
830,u,0.7,931.5156622
830,v,-0.7,1014.345122
830,v,-0.35,1011.155928
830,v,-0.15,1009.61264
830,v,-0.05,1008.907727
830,v,0.05,1008.243866
830,v,0.15,1007.618665
830,v,0.35,1006.475369
830,v,0.7,1004.77683
830,d4,0.008,1018.644868
830,d4,0.025,1040.621682
830,d4,0.06,1088.473168
830,dc,-0.06,977.3724967
830,dc,-0.025,995.1289538
830,dc,-0.008,1004.196822
830,dc,0.008,1013.01558
830,dc,0.025,1022.70419
830,dc,0.06,1043.765416
831,f0,0,1041.558778
831,u,-0.7,1269.766785
831,u,-0.35,1193.535639
831,u,-0.15,1107.544706
831,u,-0.05,1060.618374
831,u,0.05,1024.77731
831,u,0.15,996.6694446
831,u,0.35,955.8407244
831,u,0.7,912.7356145
831,v,-0.7,1047.335026
831,v,-0.35,1044.144759
831,v,-0.15,1042.600951
831,v,-0.05,1041.895801
831,v,0.05,1041.231716
831,v,0.15,1040.606304
831,v,0.35,1039.462623
831,v,0.7,1037.763513
831,d4,0.008,1052.435699
831,d4,0.025,1076.179756
831,d4,0.06,1127.957894
831,dc,-0.06,1041.558778
831,dc,-0.025,1041.558778
831,dc,-0.008,1041.558778
831,dc,0.008,1041.558778
831,dc,0.025,1041.558778
831,dc,0.06,1041.558778
832,f0,0,1263.634083
832,u,-0.7,1522.428607
832,u,-0.35,1398.830915
832,u,-0.15,1344.992658
832,u,-0.05,1321.766944
832,u,0.05,1214.475266
832,u,0.15,1139.605723
832,u,0.35,1044.849215
832,u,0.7,959.4540524
832,v,-0.7,1271.442717
832,v,-0.35,1267.129947
832,v,-0.15,1265.042947
832,v,-0.05,1264.089688
832,v,0.05,1263.191943
832,v,0.15,1262.346479
832,v,0.35,1260.800391
832,v,0.7,1258.503445
832,d4,0.008,1278.055234
832,d4,0.025,1309.669925
832,d4,0.06,1379.249142
832,dc,-0.06,1238.651657
832,dc,-0.025,1263.634083
832,dc,-0.008,1263.634083
832,dc,0.008,1263.634083
832,dc,0.025,1263.634083
832,dc,0.06,1263.634083
833,f0,0,1118.497531
833,u,-0.7,1359.103729
833,u,-0.35,1218.7689
833,u,-0.15,1157.394641
833,u,-0.05,1130.847832
833,u,0.05,1106.723997
833,u,0.15,1084.799535
833,u,0.35,1046.756556
833,u,0.7,995.3573266
833,v,-0.7,1126.877962
833,v,-0.35,1122.249384
833,v,-0.15,1120.00956
833,v,-0.05,1118.986498
833,v,0.05,1118.023015
833,v,0.15,1117.11564
833,v,0.35,1115.456338
833,v,0.7,1112.991195
833,d4,0.008,1129.140652
833,d4,0.025,1152.349944
833,d4,0.06,1202.840245
833,dc,-0.04,1094.01454
833,dc,-0.025,1102.971924
833,dc,-0.008,1113.445531
833,dc,0.008,1123.631121
833,dc,0.025,1134.820396
833,dc,0.06,1159.137289
834,f0,0,1565.328785
834,u,-0.7,1892.914647
834,u,-0.35,1701.343367
834,u,-0.15,1617.973148
834,u,-0.05,1582.024792
834,u,0.05,1549.43105
834,u,0.15,1407.176889
834,u,0.35,1179.449867
834,u,0.7,1018.380829
834,v,-0.7,1575.581371
834,v,-0.35,1569.918787
834,v,-0.15,1567.178595
834,v,-0.05,1565.926985
834,v,0.05,1564.748263
834,v,0.15,1563.638185
834,v,0.35,1561.608201
834,v,0.7,1558.592355
834,d4,0.008,1593.287939
834,d4,0.025,1655.847947
834,d4,0.06,1799.992033
834,dc,-0.06,1452.682127
834,dc,-0.025,1515.278448
834,dc,-0.008,1548.778583
834,dc,0.008,1582.415747
834,dc,0.025,1620.633013
834,dc,0.06,1708.612499
835,f0,0,1236.675208
835,u,-0.7,1593.932678
835,u,-0.35,1385.448196
835,u,-0.15,1294.363607
835,u,-0.05,1254.988414
835,u,0.05,1219.220525
835,u,0.15,1186.725783
835,u,0.35,1130.372148
835,u,0.7,1054.304941
835,v,-0.7,1247.393988
835,v,-0.35,1241.473921
835,v,-0.15,1238.609131
835,v,-0.05,1237.30061
835,v,0.05,1236.06829
835,v,0.15,1234.907736
835,v,0.35,1232.785447
835,v,0.7,1229.632469
835,d4,0.008,1247.960203
835,d4,0.025,1272.557746
835,d4,0.06,1326.012981
835,dc,-0.02,1222.349727
835,dc,-0.008,1230.877587
835,dc,0.008,1242.565299
835,dc,0.025,1255.399274
835,dc,0.06,1283.269739
836,f0,0,1455.371255
836,u,-0.7,2021.082753
836,u,-0.35,1690.739694
836,u,-0.15,1546.592487
836,u,-0.05,1484.32238
836,u,0.05,1427.784021
836,u,0.15,1376.444655
836,u,0.35,1287.476367
836,u,0.7,1167.556
836,v,-0.7,1469.627714
836,v,-0.35,1461.753759
836,v,-0.15,1457.94346
836,v,-0.05,1456.203067
836,v,0.05,1454.564027
836,v,0.15,1453.020438
836,v,0.35,1450.197699
836,v,0.7,1446.004095
836,d4,0.008,1468.164628
836,d4,0.025,1496.044229
836,d4,0.06,1556.604465
836,dc,-0.01,1446.215878
836,dc,-0.008,1448.03263
836,dc,0.008,1462.826546
836,dc,0.025,1479.069518
836,dc,0.06,1514.335451
837,f0,0,2606.523429
837,u,-0.7,3338.646529
837,u,-0.35,2910.10333
837,u,-0.15,2723.942494
837,u,-0.05,2643.750315
837,u,0.05,2571.087642
837,u,0.15,2106.492099
837,u,0.35,1414.220605
837,u,0.7,1101.974039
837,v,-0.7,2623.397739
837,v,-0.35,2614.077924
837,v,-0.15,2609.567956
837,v,-0.05,2607.507982
837,v,0.05,2605.567973
837,v,0.15,2603.74094
837,v,0.35,2600.399874
837,v,0.7,2595.436217
837,d4,0.008,2691.436949
837,d4,0.025,2890.841309
837,d4,0.06,3406.789552
837,dc,-0.06,2226.333967
837,dc,-0.025,2428.963619
837,dc,-0.008,2546.155425
837,dc,0.008,2670.665471
837,dc,0.025,2821.243989
837,dc,0.06,3210.583261
838,f0,0,2012.814144
838,u,-0.7,3111.47276
838,u,-0.35,2469.400332
838,u,-0.15,2189.660734
838,u,-0.05,2068.92304
838,u,0.05,1959.364885
838,u,0.15,1859.942851
838,u,0.35,1687.813888
838,u,0.7,1456.229336
838,v,-0.7,2034.292989
838,v,-0.35,2022.430053
838,v,-0.15,2016.689438
838,v,-0.05,2014.067355
838,v,0.05,2011.59797
838,v,0.15,2009.272391
838,v,0.35,2005.019639
838,v,0.7,1998.701537
838,d4,0.008,2029.67401
838,d4,0.025,2066.408038
838,d4,0.06,2146.166533
838,dc,0.008,2024.393108
838,dc,0.025,2049.61808
838,dc,0.06,2104.373419
839,f0,0,12287.23731
839,u,-0.7,21065.1153
839,u,-0.35,15923.75487
839,u,-0.15,13693.23871
839,u,-0.05,12732.93093
839,u,0.05,11863.04371
839,u,0.15,11075.05341
839,u,0.35,9714.621654
839,u,0.7,7894.452928
839,v,-0.7,12363.88553
839,v,-0.35,12321.55211
839,v,-0.15,12301.06647
839,v,-0.05,12291.70945
839,v,0.05,12282.89734
839,v,0.15,12274.59841
839,v,0.35,12259.42228
839,v,0.7,12236.87585
839,d4,0.008,13148.20674
839,d4,0.025,15455.63204
839,d4,0.06,24288.60735
839,dc,-0.06,8474.266084
839,dc,-0.025,10317.96935
839,dc,-0.008,11574.00651
839,dc,0.008,13101.58079
839,dc,0.025,15283.88578
839,dc,0.06,23636.29314
840,f0,0,904.169746
840,u,-0.7,1024.054027
840,u,-0.35,944.5832232
840,u,-0.15,918.5956381
840,u,-0.05,908.5947013
840,u,0.05,900.0788708
840,u,0.15,892.7765288
840,u,0.35,881.0094613
840,u,0.7,866.7301796
840,v,-0.7,907.544207
840,v,-0.35,905.6804655
840,v,-0.15,904.7785791
840,v,-0.05,904.3666334
840,v,0.05,903.9786776
840,v,0.15,903.6133145
840,v,0.35,902.9451806
840,v,0.7,901.9525672
840,d4,0.008,913.2187601
840,d4,0.025,932.9168588
840,d4,0.06,975.6222041
840,dc,-0.06,904.169746
840,dc,-0.025,904.169746
840,dc,-0.008,904.169746
840,dc,0.008,904.169746
840,dc,0.025,904.169746
840,dc,0.06,904.169746
841,f0,0,894.4018308
841,u,-0.7,995.2720318
841,u,-0.35,928.7378948
841,u,-0.15,906.6860459
841,u,-0.05,898.1723638
841,u,0.05,890.9143881
841,u,0.15,884.6863531
841,u,0.35,874.6471888
841,u,0.7,862.4727854
841,v,-0.7,897.9470611
841,v,-0.35,895.9890024
841,v,-0.15,895.0414747
841,v,-0.05,894.608682
841,v,0.05,894.2010931
841,v,0.15,893.8172403
841,v,0.35,893.1152946
841,v,0.7,892.0724486
841,d4,0.008,903.3698737
841,d4,0.025,922.8852618
841,d4,0.06,965.1700618
841,dc,-0.06,894.4018308
841,dc,-0.025,894.4018308
841,dc,-0.008,894.4018308
841,dc,0.008,894.4018308
841,dc,0.025,894.4018308
841,dc,0.06,894.4018308
842,f0,0,921.713732
842,u,-0.7,1018.452541
842,u,-0.35,973.658382
842,u,-0.15,940.1071807
842,u,-0.05,927.3393731
842,u,0.05,916.5250808
842,u,0.15,907.2911384
842,u,0.35,892.4810658
842,u,0.7,874.6080708
842,v,-0.7,925.3404707
842,v,-0.35,923.3373942
842,v,-0.15,922.368082
842,v,-0.05,921.9253389
842,v,0.05,921.5083791
842,v,0.15,921.1157012
842,v,0.35,920.397617
842,v,0.7,919.3307949
842,d4,0.008,930.9191341
842,d4,0.025,950.9660699
842,d4,0.06,994.461383
842,dc,-0.06,921.713732
842,dc,-0.025,921.713732
842,dc,-0.008,921.713732
842,dc,0.008,921.713732
842,dc,0.025,921.713732
842,dc,0.06,921.713732
843,f0,0,931.4278004
843,u,-0.7,1019.345756
843,u,-0.35,979.2555456
843,u,-0.15,952.2987905
843,u,-0.05,937.7939915
843,u,0.05,925.5694306
843,u,0.15,915.1749444
843,u,0.35,898.5862513
843,u,0.7,878.7006191
843,v,-0.7,935.2171187
843,v,-0.35,933.1242482
843,v,-0.15,932.1114836
843,v,-0.05,931.6488931
843,v,0.05,931.2132419
843,v,0.15,930.802961
843,v,0.35,930.0526865
843,v,0.7,928.9380408
843,d4,0.008,940.7324105
843,d4,0.025,960.9993825
843,d4,0.06,1004.98893
843,dc,-0.06,921.0240345
843,dc,-0.025,931.4278004
843,dc,-0.008,931.4278004
843,dc,0.008,931.4278004
843,dc,0.025,931.4278004
843,dc,0.06,931.4278004
844,f0,0,950.8389373
844,u,-0.7,1031.738055
844,u,-0.35,984.6122011
844,u,-0.15,963.9513415
844,u,-0.05,955.0038615
844,u,0.05,946.0180809
844,u,0.15,933.0799801
844,u,0.35,912.5788483
844,u,0.7,888.2190093
844,v,-0.7,955.0251444
844,v,-0.35,952.7130691
844,v,-0.15,951.5942287
844,v,-0.05,951.0831871
844,v,0.05,950.6019062
844,v,0.15,950.148653
844,v,0.35,949.3197956
844,v,0.7,948.0884033
844,d4,0.008,960.5305948
844,d4,0.025,981.6676642
844,d4,0.06,1027.668266
844,dc,-0.06,922.2703896
844,dc,-0.025,938.5444789
844,dc,-0.008,946.8403978
844,dc,0.008,953.3430691
844,dc,0.025,953.3430691
844,dc,0.06,953.3430691
845,f0,0,888.263242
845,u,-0.7,974.9676748
845,u,-0.35,917.9658528
845,u,-0.15,898.9024985
845,u,-0.05,891.5297103
845,u,0.05,885.2417047
845,u,0.15,879.8457917
845,u,0.35,871.1521732
845,u,0.7,860.62892
845,v,-0.7,892.7323749
845,v,-0.35,890.2640375
845,v,-0.15,889.0695799
845,v,-0.05,888.5239994
845,v,0.05,888.0101911
845,v,0.15,887.5263046
845,v,0.35,886.6414287
845,v,0.7,885.3268124
845,d4,0.008,897.1714995
845,d4,0.025,916.5503418
845,d4,0.06,958.515753
845,dc,-0.06,888.263242
845,dc,-0.025,888.263242
845,dc,-0.008,888.263242
845,dc,0.008,888.263242
845,dc,0.025,888.263242
845,dc,0.06,888.263242
846,f0,0,984.1151149
846,u,-0.7,1102.394534
846,u,-0.35,1033.47855
846,u,-0.15,1003.278894
846,u,-0.05,990.2020892
846,u,0.05,978.3103432
846,u,0.15,967.4951253
846,u,0.35,948.7096007
846,u,0.7,916.8598639
846,v,-0.7,989.4262398
846,v,-0.35,986.4928636
846,v,-0.15,985.0733682
846,v,-0.05,984.4249995
846,v,0.05,983.8143888
846,v,0.15,983.2393374
846,v,0.35,982.1877494
846,v,0.7,980.6254572
846,d4,0.008,993.8123211
846,d4,0.025,1014.953677
846,d4,0.06,1060.923618
846,dc,-0.04,964.1248956
846,dc,-0.025,971.4441456
846,dc,-0.008,979.9940134
846,dc,0.008,988.3009095
846,dc,0.025,997.4182268
846,dc,0.06,1017.206352
847,f0,0,1091.283484
847,u,-0.7,1310.972942
847,u,-0.35,1182.843358
847,u,-0.15,1126.802917
847,u,-0.05,1102.561635
847,u,0.05,1080.53172
847,u,0.15,1060.509034
847,u,0.35,1025.762182
847,u,0.7,978.804281
847,v,-0.7,1099.111066
847,v,-0.35,1094.78783
847,v,-0.15,1092.695766
847,v,-0.05,1091.740194
847,v,0.05,1090.840271
847,v,0.15,1089.992755
847,v,0.35,1088.442915
847,v,0.7,1086.140396
847,d4,0.008,1101.624943
847,d4,0.025,1124.169711
847,d4,0.06,1173.182942
847,dc,-0.03,1073.617934
847,dc,-0.025,1076.491374
847,dc,-0.008,1086.471233
847,dc,0.008,1096.172406
847,dc,0.025,1106.824777
847,dc,0.06,1129.958046
848,f0,0,1270.575947
848,u,-0.7,1663.793999
848,u,-0.35,1434.258196
848,u,-0.15,1334.032096
848,u,-0.05,1290.71809
848,u,0.05,1251.379941
848,u,0.15,1215.648608
848,u,0.35,1153.699509
848,u,0.7,1070.121003
848,v,-0.7,1281.820695
848,v,-0.35,1275.610132
848,v,-0.15,1272.604767
848,v,-0.05,1271.232036
848,v,0.05,1269.939248
848,v,0.15,1268.721745
848,v,0.35,1266.495316
848,v,0.7,1263.187621
848,d4,0.008,1282.004216
848,d4,0.025,1306.907936
848,d4,0.06,1360.999519
848,dc,-0.01,1263.098073
848,dc,-0.008,1264.58201
848,dc,0.008,1276.664673
848,dc,0.025,1289.928603
848,dc,0.06,1318.719126
849,f0,0,1537.869402
849,u,-0.7,2182.869233
849,u,-0.35,1806.096568
849,u,-0.15,1641.798217
849,u,-0.05,1570.849345
849,u,0.05,1506.447085
849,u,0.15,1447.981713
849,u,0.35,1346.70301
849,u,0.7,1210.287157
849,v,-0.7,1553.147147
849,v,-0.35,1544.709128
849,v,-0.15,1540.625871
849,v,-0.05,1538.760802
849,v,0.05,1537.004347
849,v,0.15,1535.350179
849,v,0.35,1532.325228
849,v,0.7,1527.831208
849,d4,0.008,1551.297687
849,d4,0.025,1580.561405
849,d4,0.06,1644.130478
849,dc,-0.01,1527.933731
849,dc,-0.008,1529.905292
849,dc,0.008,1545.96036
849,dc,0.025,1563.589083
849,dc,0.06,1601.867359
850,f0,0,2045.141973
850,u,-0.7,3177.084184
850,u,-0.35,2515.431543
850,u,-0.15,2227.269059
850,u,-0.05,2102.922067
850,u,0.05,1990.104609
850,u,0.15,1887.739313
850,u,0.35,1710.552188
850,u,0.7,1472.255449
850,v,-0.7,2066.749431
850,v,-0.35,2054.815461
850,v,-0.15,2049.040472
850,v,-0.05,2046.402688
850,v,0.05,2043.918517
850,v,0.15,2041.579012
850,v,0.35,2037.300796
850,v,0.7,2030.944861
850,d4,0.008,2062.26813
850,d4,0.025,2099.58268
850,d4,0.06,2180.603149
850,dc,0.008,2056.987558
850,dc,0.025,2082.79377
850,dc,0.06,2138.812621
851,f0,0,898.0444906
851,u,-0.7,979.0369939
851,u,-0.35,927.3377244
851,u,-0.15,908.7801937
851,u,-0.05,901.3734482
851,u,0.05,894.9370868
851,u,0.15,889.3155914
851,u,0.35,880.0388428
851,u,0.7,868.3677446
851,v,-0.7,904.178459
851,v,-0.35,900.7906197
851,v,-0.15,899.1512044
851,v,-0.05,898.402385
851,v,0.05,897.6971735
851,v,0.15,897.0330303
851,v,0.35,895.8185216
851,v,0.7,894.0141861
851,d4,0.008,906.9445315
851,d4,0.025,926.3113619
851,d4,0.06,968.2696388
851,dc,-0.06,898.0444906
851,dc,-0.025,898.0444906
851,dc,-0.008,898.0444906
851,dc,0.008,898.0444906
851,dc,0.025,898.0444906
851,dc,0.06,898.0444906
852,f0,0,943.890026
852,u,-0.7,1069.014498
852,u,-0.35,1008.465854
852,u,-0.15,966.4527624
852,u,-0.05,950.7562319
852,u,0.05,937.5839671
852,u,0.15,926.4245783
852,u,0.35,908.6936766
852,u,0.7,887.5680138
852,v,-0.7,951.1972816
852,v,-0.35,947.1614265
852,v,-0.15,945.2084288
852,v,-0.05,944.3163775
852,v,0.05,943.4762752
852,v,0.15,942.6850966
852,v,0.35,941.2382803
852,v,0.7,939.088817
852,d4,0.008,953.2633923
852,d4,0.025,973.6831652
852,d4,0.06,1018.017435
852,dc,-0.06,943.890026
852,dc,-0.025,943.890026
852,dc,-0.008,943.890026
852,dc,0.008,943.890026
852,dc,0.025,943.890026
852,dc,0.06,943.890026
853,f0,0,888.998463
853,u,-0.7,972.6940966
853,u,-0.35,917.8631539
853,u,-0.15,899.3650314
853,u,-0.05,892.184795
853,u,0.05,886.0480463
853,u,0.15,880.7715081
853,u,0.35,872.2474036
853,u,0.7,861.8840852
853,v,-0.7,894.2091912
853,v,-0.35,891.3312648
853,v,-0.15,889.9386023
853,v,-0.05,889.3024898
853,v,0.05,888.7034215
853,v,0.15,888.1392403
853,v,0.35,887.1075306
853,v,0.7,885.5747706
853,d4,0.008,897.8978092
853,d4,0.025,917.2573108
853,d4,0.06,959.1808083
853,dc,-0.06,888.998463
853,dc,-0.025,888.998463
853,dc,-0.008,888.998463
853,dc,0.008,888.998463
853,dc,0.025,888.998463
853,dc,0.06,888.998463
854,f0,0,901.2395961
854,u,-0.7,1007.497758
854,u,-0.35,937.2620579
854,u,-0.15,914.1124457
854,u,-0.05,905.1892517
854,u,0.05,897.5876052
854,u,0.15,891.0681644
854,u,0.35,880.5647182
854,u,0.7,867.8323811
854,v,-0.7,906.9779557
854,v,-0.35,903.8086143
854,v,-0.15,902.2749327
854,v,-0.05,901.5744082
854,v,0.05,900.9146791
854,v,0.15,900.2933696
854,v,0.35,899.1571904
854,v,0.7,897.4692251
854,d4,0.008,910.2306869
854,d4,0.025,929.7988647
854,d4,0.06,972.207957
854,dc,-0.06,901.2395961
854,dc,-0.025,901.2395961
854,dc,-0.008,901.2395961
854,dc,0.008,901.2395961
854,dc,0.025,901.2395961
854,dc,0.06,901.2395961
855,f0,0,882.6586659
855,u,-0.7,938.8824721
855,u,-0.35,903.46092
855,u,-0.15,890.3436915
855,u,-0.05,885.0492028
855,u,0.05,880.4211244
855,u,0.15,876.3583213
855,u,0.35,869.6117609
855,u,0.7,861.0904732
855,v,-0.7,888.5393097
855,v,-0.35,885.2913836
855,v,-0.15,883.719674
855,v,-0.05,883.0017798
855,v,0.05,882.3256925
855,v,0.15,881.6889775
855,v,0.35,880.5246264
855,v,0.7,878.7948076
855,d4,0.008,891.4566817
855,d4,0.025,910.5879411
855,d4,0.06,951.9872995
855,dc,-0.06,882.6586659
855,dc,-0.025,882.6586659
855,dc,-0.008,882.6586659
855,dc,0.008,882.6586659
855,dc,0.025,882.6586659
855,dc,0.06,882.6586659
856,f0,0,871.240871
856,u,-0.7,909.2599661
856,u,-0.35,885.5912672
856,u,-0.15,876.5822239
856,u,-0.05,872.9074485
856,u,0.05,869.6767657
856,u,0.15,866.8262983
856,u,0.35,862.167712
856,u,0.7,856.9041626
856,v,-0.7,877.3211153
856,v,-0.35,873.9629482
856,v,-0.15,872.3378917
856,v,-0.05,871.5956308
856,v,0.05,870.8965958
856,v,0.15,870.2382695
856,v,0.35,869.034398
856,v,0.7,867.2458658
856,d4,0.008,879.9817869
856,d4,0.025,898.9695373
856,d4,0.06,939.9952372
856,dc,-0.06,871.240871
856,dc,-0.025,871.240871
856,dc,-0.008,871.240871
856,dc,0.008,871.240871
856,dc,0.025,871.240871
856,dc,0.06,871.240871
857,f0,0,936.2001692
857,u,-0.7,1072.720475
857,u,-0.35,998.3953475
857,u,-0.15,957.8095575
857,u,-0.05,942.760373
857,u,0.05,930.1884628
857,u,0.15,919.5837705
857,u,0.35,902.8350849
857,u,0.7,883.0782793
857,v,-0.7,943.1646469
857,v,-0.35,939.3181108
857,v,-0.15,937.4567267
857,v,-0.05,936.6065208
857,v,0.05,935.8058271
857,v,0.15,935.0517621
857,v,0.35,933.6728148
857,v,0.7,931.6241812
857,d4,0.008,945.537213
857,d4,0.025,965.876091
857,d4,0.06,1010.028092
857,dc,-0.06,936.2001692
857,dc,-0.025,936.2001692
857,dc,-0.008,936.2001692
857,dc,0.008,936.2001692
857,dc,0.025,936.2001692
857,dc,0.06,936.2001692
858,f0,0,920.7459528
858,u,-0.7,1051.575561
858,u,-0.35,965.2158392
858,u,-0.15,936.6881229
858,u,-0.05,925.6458248
858,u,0.05,916.2073701
858,u,0.15,908.0830032
858,u,0.35,894.9191816
858,u,0.7,878.7925689
858,v,-0.7,927.9401609
858,v,-0.35,923.9667429
858,v,-0.15,922.0439591
858,v,-0.05,921.1657083
858,v,0.05,920.3386029
858,v,0.15,919.5596643
858,v,0.35,918.1352311
858,v,0.7,916.0190212
858,d4,0.008,929.8517
858,d4,0.025,949.6782455
858,d4,0.06,992.6807193
858,dc,-0.06,920.7459528
858,dc,-0.025,920.7459528
858,dc,-0.008,920.7459528
858,dc,0.008,920.7459528
858,dc,0.025,920.7459528
858,dc,0.06,920.7459528
859,f0,0,924.0725925
859,u,-0.7,1063.863747
859,u,-0.35,971.1041979
859,u,-0.15,940.8750713
859,u,-0.05,929.2298894
859,u,0.05,919.3011565
859,u,0.15,910.7735319
859,u,0.35,896.99399
859,u,0.7,880.1790795
859,v,-0.7,931.3484254
859,v,-0.35,927.3299253
859,v,-0.15,925.3853258
859,v,-0.05,924.4971105
859,v,0.05,923.6606208
859,v,0.15,922.8728445
859,v,0.35,921.4322498
859,v,0.7,919.2920296
859,d4,0.008,933.2131826
859,d4,0.025,953.1171352
859,d4,0.06,996.2939396
859,dc,-0.06,924.0725925
859,dc,-0.025,924.0725925
859,dc,-0.008,924.0725925
859,dc,0.008,924.0725925
859,dc,0.025,924.0725925
859,dc,0.06,924.0725925
860,f0,0,945.1687065
860,u,-0.7,1068.1282
860,u,-0.35,1010.766406
860,u,-0.15,968.0679267
860,u,-0.05,952.1350147
860,u,0.05,938.7724617
860,u,0.15,927.4575446
860,u,0.35,909.4900583
860,u,0.7,888.0990361
860,v,-0.7,952.4955413
860,v,-0.35,948.4488725
860,v,-0.15,946.4906418
860,v,-0.05,945.5962003
860,v,0.05,944.753847
860,v,0.15,943.9605486
860,v,0.35,942.5098556
860,v,0.7,940.354633
860,d4,0.008,954.5554949
860,d4,0.025,975.0049445
860,d4,0.06,1019.405543
860,dc,-0.06,945.1687065
860,dc,-0.025,945.1687065
860,dc,-0.008,945.1687065
860,dc,0.008,945.1687065
860,dc,0.025,945.1687065
860,dc,0.06,945.1687065
861,f0,0,945.1687065
861,u,-0.7,1068.1282
861,u,-0.35,1010.766406
861,u,-0.15,968.0679267
861,u,-0.05,952.1350147
861,u,0.05,938.7724617
861,u,0.15,927.4575446
861,u,0.35,909.4900583
861,u,0.7,888.0990361
861,v,-0.7,952.4955413
861,v,-0.35,948.4488725
861,v,-0.15,946.4906418
861,v,-0.05,945.5962003
861,v,0.05,944.753847
861,v,0.15,943.9605486
861,v,0.35,942.5098556
861,v,0.7,940.354633
861,d4,0.008,954.5554949
861,d4,0.025,975.0049445
861,d4,0.06,1019.405543
861,dc,-0.06,945.1687065
861,dc,-0.025,945.1687065
861,dc,-0.008,945.1687065
861,dc,0.008,945.1687065
861,dc,0.025,945.1687065
861,dc,0.06,945.1687065
862,f0,0,945.2083313
862,u,-0.7,1070.843805
862,u,-0.35,1010.80603
862,u,-0.15,968.1075515
862,u,-0.05,952.1746396
862,u,0.05,938.8120865
862,u,0.15,927.4971694
862,u,0.35,909.5296831
862,u,0.7,888.1386609
862,v,-0.7,952.5558487
862,v,-0.35,948.4977567
862,v,-0.15,946.5339983
862,v,-0.05,945.6370319
862,v,0.05,944.7923007
862,v,0.15,943.9967629
862,v,0.35,942.5419749
862,v,0.7,940.3806683
862,d4,0.008,954.5951197
862,d4,0.025,975.0445693
862,d4,0.06,1019.445167
862,dc,-0.06,945.2083313
862,dc,-0.025,945.2083313
862,dc,-0.008,945.2083313
862,dc,0.008,945.2083313
862,dc,0.025,945.2083313
862,dc,0.06,945.2083313
863,f0,0,947.2006811
863,u,-0.7,1103.665728
863,u,-0.35,1008.97048
863,u,-0.15,969.0684951
863,u,-0.05,953.8908465
863,u,0.05,941.0274774
863,u,0.15,930.0319936
863,u,0.35,912.3578086
863,u,0.7,890.9230579
863,v,-0.7,955.025613
863,v,-0.35,950.7038412
863,v,-0.15,948.612485
863,v,-0.05,947.657237
863,v,0.05,946.7576184
863,v,0.15,945.9103894
863,v,0.35,944.3610746
863,v,0.7,942.0593344
863,d4,0.008,956.543146
863,d4,0.025,976.8948644
863,d4,0.06,1021.076965
863,dc,-0.06,947.2006811
863,dc,-0.025,947.2006811
863,dc,-0.008,947.2006811
863,dc,0.008,947.2006811
863,dc,0.025,947.2006811
863,dc,0.06,947.2006811
864,f0,0,978.3605762
864,u,-0.7,1073.49765
864,u,-0.35,1018.066968
864,u,-0.15,993.774252
864,u,-0.05,983.2561177
864,u,0.05,973.6923558
864,u,0.15,960.9016971
864,u,0.35,935.4292546
864,u,0.7,905.6924903
864,v,-0.7,986.7459094
864,v,-0.35,982.1146235
864,v,-0.15,979.8734898
864,v,-0.05,978.8498295
864,v,0.05,977.8857825
864,v,0.15,976.9778773
864,v,0.35,975.3176046
864,v,0.7,972.8510197
864,d4,0.008,988.2899586
864,d4,0.025,1009.954332
864,d4,0.06,1057.142599
864,dc,-0.06,948.5973721
864,dc,-0.025,965.5405237
864,dc,-0.008,974.1893428
864,dc,0.008,982.5989631
864,dc,0.025,986.4954746
864,dc,0.06,986.4954746
865,f0,0,974.4061848
865,u,-0.7,1086.241695
865,u,-0.35,1029.739121
865,u,-0.15,1002.230661
865,u,-0.05,982.8943141
865,u,0.05,966.5917449
865,u,0.15,952.7123499
865,u,0.35,930.4953678
865,u,0.7,903.6682731
865,v,-0.7,982.9016251
865,v,-0.35,978.2095262
865,v,-0.15,975.9389643
865,v,-0.05,974.9018624
865,v,0.05,973.9251566
865,v,0.15,973.0053297
865,v,0.35,971.3232561
865,v,0.7,968.8242827
865,d4,0.008,983.9848165
865,d4,0.025,1004.858038
865,d4,0.06,1050.202557
865,dc,-0.06,958.3527067
865,dc,-0.025,974.4061848
865,dc,-0.008,974.4061848
865,dc,0.008,974.4061848
865,dc,0.025,974.4061848
865,dc,0.06,974.4061848
866,f0,0,870.777595
866,u,-0.7,902.1206792
866,u,-0.35,882.6360873
866,u,-0.15,875.1937577
866,u,-0.05,872.1556913
866,u,0.05,869.4841278
866,u,0.15,867.3247339
866,u,0.35,864.1083314
866,u,0.7,859.7061451
866,v,-0.7,879.2944797
866,v,-0.35,874.5905369
866,v,-0.15,872.3142437
866,v,-0.05,871.2745239
866,v,0.05,870.2953526
866,v,0.15,869.3732039
866,v,0.35,867.6868844
866,v,0.7,865.181603
866,d4,0.008,879.5092128
866,d4,0.025,898.4625712
866,d4,0.06,939.3716047
866,dc,-0.06,870.777595
866,dc,-0.025,870.777595
866,dc,-0.008,870.777595
866,dc,0.008,870.777595
866,dc,0.025,870.777595
866,dc,0.06,870.777595
867,f0,0,985.8827883
867,u,-0.7,1098.032354
867,u,-0.35,1032.703484
867,u,-0.15,1004.062579
867,u,-0.05,991.6576925
867,u,0.05,980.3751847
867,u,0.15,970.1124478
867,u,0.35,947.9583009
867,u,0.7,916.2871273
867,v,-0.7,995.1683984
867,v,-0.35,990.0398825
867,v,-0.15,987.5581333
867,v,-0.05,986.4245694
867,v,0.05,985.3570192
867,v,0.15,984.3516382
867,v,0.35,982.5131132
867,v,0.7,979.7817077
867,d4,0.008,995.5445689
867,d4,0.025,1016.608933
867,d4,0.06,1062.412806
867,dc,-0.041,965.6131161
867,dc,-0.025,973.3366154
867,dc,-0.008,981.8023451
867,dc,0.008,990.0272264
867,dc,0.025,999.0542828
867,dc,0.06,999.6154934
868,f0,0,1000.70179
868,u,-0.7,1126.053711
868,u,-0.35,1053.021285
868,u,-0.15,1021.014117
868,u,-0.05,1007.153729
868,u,0.05,994.548828
868,u,0.15,983.0844508
868,u,0.35,963.1697634
868,u,0.7,930.339138
868,v,-0.7,1010.661096
868,v,-0.35,1005.160493
868,v,-0.15,1002.498686
868,v,-0.05,1001.282879
868,v,0.05,1000.137875
868,v,0.15,999.059551
868,v,0.35,997.0876361
868,v,0.7,994.1580599
868,d4,0.008,1010.448329
868,d4,0.025,1031.698
868,d4,0.06,1077.906568
868,dc,-0.04,980.4793753
868,dc,-0.025,987.8828279
868,dc,-0.008,996.5322684
868,dc,0.008,1004.937027
868,dc,0.025,1014.162888
868,dc,0.06,1034.19009
869,f0,0,1067.759955
869,u,-0.7,1254.07037
869,u,-0.35,1173.378504
869,u,-0.15,1137.587099
869,u,-0.05,1087.962764
869,u,0.05,1049.944515
869,u,0.15,1020.036375
869,u,0.35,976.3913573
869,u,0.7,929.9110769
869,v,-0.7,1078.436048
869,v,-0.35,1072.539557
869,v,-0.15,1069.686176
869,v,-0.05,1068.382866
869,v,0.05,1067.155454
869,v,0.15,1065.999521
869,v,0.35,1063.885685
869,v,0.7,1060.745262
869,d4,0.008,1078.764293
869,d4,0.025,1102.788736
869,d4,0.06,1155.187977
869,dc,-0.06,1067.759955
869,dc,-0.025,1067.759955
869,dc,-0.008,1067.759955
869,dc,0.008,1067.759955
869,dc,0.025,1067.759955
869,dc,0.06,1067.759955
870,f0,0,1067.923208
870,u,-0.7,1264.010638
870,u,-0.35,1182.325975
870,u,-0.15,1137.750352
870,u,-0.05,1088.126017
870,u,0.05,1050.107768
870,u,0.15,1020.199628
870,u,0.35,976.5546102
870,u,0.7,930.0743298
870,v,-0.7,1078.684512
870,v,-0.35,1072.740959
870,v,-0.15,1069.864803
870,v,-0.05,1068.55109
870,v,0.05,1067.313882
870,v,0.15,1066.148723
870,v,0.35,1064.018015
870,v,0.7,1060.852527
870,d4,0.008,1078.927545
870,d4,0.025,1102.951989
870,d4,0.06,1155.35123
870,dc,-0.06,1067.923208
870,dc,-0.025,1067.923208
870,dc,-0.008,1067.923208
870,dc,0.008,1067.923208
870,dc,0.025,1067.923208
870,dc,0.06,1067.923208
871,f0,0,1024.179039
871,u,-0.7,1176.568842
871,u,-0.35,1087.770426
871,u,-0.15,1048.865659
871,u,-0.05,1032.020221
871,u,0.05,1016.701324
871,u,0.15,1002.768748
871,u,0.35,978.5656276
871,u,0.7,945.7930323
871,v,-0.7,1035.432043
871,v,-0.35,1029.21692
871,v,-0.15,1026.209349
871,v,-0.05,1024.83561
871,v,0.05,1023.541872
871,v,0.15,1022.323476
871,v,0.35,1020.095412
871,v,0.7,1016.785288
871,d4,0.008,1033.880483
871,d4,0.025,1055.022542
871,d4,0.06,1100.952171
871,dc,-0.021,1013.20538
871,dc,-0.008,1019.946613
871,dc,0.008,1028.477365
871,dc,0.025,1037.83771
871,dc,0.06,1058.141944
872,f0,0,894.8842803
872,u,-0.7,970.4245089
872,u,-0.35,927.7113837
872,u,-0.15,906.8604063
872,u,-0.05,898.5910303
872,u,0.05,891.4298226
872,u,0.15,885.1943332
872,u,0.35,874.944019
872,u,0.7,862.1206477
872,v,-0.7,899.4072573
872,v,-0.35,896.9091813
872,v,-0.15,895.700333
872,v,-0.05,895.1481793
872,v,0.05,894.6281806
872,v,0.15,894.1384643
872,v,0.35,893.2429274
872,v,0.7,891.9124726
872,d4,0.008,903.8247128
872,d4,0.025,923.2830216
872,d4,0.06,965.4531839
872,dc,-0.06,893.148218
872,dc,-0.025,894.8842803
872,dc,-0.008,894.8842803
872,dc,0.008,894.8842803
872,dc,0.025,894.8842803
872,dc,0.06,894.8842803
873,f0,0,877.3837696
873,u,-0.7,945.4657539
873,u,-0.35,901.6238045
873,u,-0.15,886.1969878
873,u,-0.05,880.1065517
873,u,0.05,874.8510202
873,u,0.15,870.2923526
873,u,0.35,862.8424939
873,u,0.7,853.6217122
873,v,-0.7,882.0166029
873,v,-0.35,879.4578524
873,v,-0.15,878.2196429
873,v,-0.05,877.6540783
873,v,0.05,877.1214496
873,v,0.15,876.6198388
873,v,0.35,875.7025507
873,v,0.7,874.3397812
873,d4,0.008,886.2205919
873,d4,0.025,905.4388946
873,d4,0.06,947.0371151
873,dc,-0.06,877.3837696
873,dc,-0.025,877.3837696
873,dc,-0.008,877.3837696
873,dc,0.008,877.3837696
873,dc,0.025,877.3837696
873,dc,0.06,877.3837696
874,f0,0,896.3902708
874,u,-0.7,988.4305528
874,u,-0.35,929.2606463
874,u,-0.15,908.3810096
874,u,-0.05,900.1013641
874,u,0.05,892.9319316
874,u,0.15,886.6898998
874,u,0.35,876.430462
874,u,0.7,863.6000193
874,v,-0.7,901.1198433
874,v,-0.35,898.507663
874,v,-0.15,897.2435982
874,v,-0.05,896.6662239
874,v,0.05,896.1224733
874,v,0.15,895.6103883
874,v,0.35,894.673946
874,v,0.7,893.2827202
874,d4,-0.001,895.2800862
874,d4,0.008,905.3476347
874,d4,0.025,924.8434935
874,d4,0.06,967.0981304
874,dc,-0.06,896.3902708
874,dc,-0.025,896.3902708
874,dc,-0.008,896.3902708
874,dc,0.008,896.3902708
874,dc,0.025,896.3902708
874,dc,0.06,896.3902708
875,f0,0,889.7391385
875,u,-0.7,978.4306706
875,u,-0.35,920.9278816
875,u,-0.15,901.0397035
875,u,-0.05,893.2262627
875,u,0.05,886.4983605
875,u,0.15,880.6717588
875,u,0.35,871.1640963
875,u,0.7,859.410453
875,v,-0.7,894.4772753
875,v,-0.35,891.8603649
875,v,-0.15,890.5940111
875,v,-0.05,890.0155913
875,v,0.05,889.4708561
875,v,0.15,888.9578438
875,v,0.35,888.0197058
875,v,0.7,886.6259608
875,d4,0.008,898.6596456
875,d4,0.025,918.0711181
875,d4,0.06,960.127618
875,dc,-0.06,889.7391385
875,dc,-0.025,889.7391385
875,dc,-0.008,889.7391385
875,dc,0.008,889.7391385
875,dc,0.025,889.7391385
875,dc,0.06,889.7391385
876,f0,0,932.1951892
876,u,-0.7,1093.190633
876,u,-0.35,992.583381
876,u,-0.15,953.4282087
876,u,-0.05,938.6723748
876,u,0.05,926.2341295
876,u,0.15,915.6558812
876,u,0.35,898.7685192
876,u,0.7,878.5119793
876,v,-0.7,938.3016731
876,v,-0.35,934.9290137
876,v,-0.15,933.2969442
876,v,-0.05,932.55148
876,v,0.05,931.8494283
876,v,0.15,931.1882609
876,v,0.35,929.9791941
876,v,0.7,928.1829434
876,d4,0.008,941.5034398
876,d4,0.025,961.779718
876,d4,0.06,1005.794945
876,dc,-0.06,932.1951892
876,dc,-0.025,932.1951892
876,dc,-0.008,932.1951892
876,dc,0.008,932.1951892
876,dc,0.025,932.1951892
876,dc,0.06,932.1951892
877,f0,0,941.2657332
877,u,-0.7,1023.844532
877,u,-0.35,976.2331323
877,u,-0.15,955.3387151
877,u,-0.05,946.2842666
877,u,0.05,935.3734261
877,u,0.15,924.7633203
877,u,0.35,907.3781117
877,u,0.7,885.683099
877,v,-0.7,947.4924723
877,v,-0.35,944.053395
877,v,-0.15,942.3891851
877,v,-0.05,941.6290405
877,v,0.05,940.9131632
877,v,0.15,940.2389755
877,v,0.35,939.0060984
877,v,0.7,937.174474
877,d4,0.008,950.5372343
877,d4,0.025,970.7328256
877,d4,0.06,1014.567336
877,dc,-0.04,923.204583
877,dc,-0.025,930.1160577
877,dc,-0.008,938.1824654
877,dc,0.008,941.2657332
877,dc,0.025,941.2657332
877,dc,0.06,941.2657332
878,f0,0,942.5241206
878,u,-0.7,1059.116345
878,u,-0.35,1005.905778
878,u,-0.15,965.0000873
878,u,-0.05,949.4052977
878,u,0.05,936.1704922
878,u,0.15,924.8430257
878,u,0.35,906.6035152
878,u,0.7,884.4213395
878,v,-0.7,948.8252273
878,v,-0.35,945.3450763
878,v,-0.15,943.6609902
878,v,-0.05,942.891767
878,v,0.05,942.1673398
878,v,0.15,941.4851001
878,v,0.35,940.2374984
878,v,0.7,938.3839985
878,d4,0.008,951.8789785
878,d4,0.025,972.2586701
878,d4,0.06,1016.505278
878,dc,-0.06,942.5241206
878,dc,-0.025,942.5241206
878,dc,-0.008,942.5241206
878,dc,0.008,942.5241206
878,dc,0.025,942.5241206
878,dc,0.06,942.5241206
879,f0,0,917.34352
879,u,-0.7,1052.970658
879,u,-0.35,963.2897322
879,u,-0.15,933.7963969
879,u,-0.05,922.3981129
879,u,0.05,912.663431
879,u,0.15,904.2901764
879,u,0.35,890.7355961
879,u,0.7,874.1534845
879,v,-0.7,923.9511431
879,v,-0.35,920.3017006
879,v,-0.15,918.5356924
879,v,-0.05,917.7290504
879,v,0.05,916.9693836
879,v,0.15,916.2539564
879,v,0.35,914.9456654
879,v,0.7,913.0020022
879,d4,-0.001,916.2116991
879,d4,0.008,926.477117
879,d4,0.025,946.3660649
879,d4,0.06,989.511257
879,dc,-0.06,917.34352
879,dc,-0.025,917.34352
879,dc,-0.008,917.34352
879,dc,0.008,917.34352
879,dc,0.025,917.34352
879,dc,0.06,917.34352
880,f0,0,1009.33505
880,u,-0.7,1143.456951
880,u,-0.35,1079.924869
880,u,-0.15,1052.156129
880,u,-0.05,1022.95632
880,u,0.05,997.0986797
880,u,0.15,976.0659582
880,u,0.35,944.2111638
880,u,0.7,908.646631
880,v,-0.7,1016.845219
880,v,-0.35,1012.697293
880,v,-0.15,1010.690063
880,v,-0.05,1009.773241
880,v,0.05,1008.90981
880,v,0.15,1008.096661
880,v,0.35,1006.609669
880,v,0.7,1004.400518
880,d4,-0.004,1004.248604
880,d4,0.008,1019.635045
880,d4,0.025,1042.103426
880,d4,0.06,1091.022234
880,dc,-0.06,997.7303573
880,dc,-0.025,1009.33505
880,dc,-0.008,1009.33505
880,dc,0.008,1009.33505
880,dc,0.025,1009.33505
880,dc,0.06,1009.33505
881,f0,0,984.9237418
881,u,-0.7,1104.572122
881,u,-0.35,1040.210839
881,u,-0.15,1012.026399
881,u,-0.05,994.653968
881,u,0.05,975.9769276
881,u,0.15,960.1106847
881,u,0.35,934.7696319
881,u,0.7,904.2382677
881,v,-0.7,992.4682357
881,v,-0.35,988.301352
881,v,-0.15,986.284948
881,v,-0.05,985.3639352
881,v,0.05,984.4965581
881,v,0.15,983.679693
881,v,0.35,982.1859042
881,v,0.7,979.9666561
881,d4,0.008,994.6504895
881,d4,0.025,1015.850451
881,d4,0.06,1061.922126
881,dc,-0.06,962.5795322
881,dc,-0.025,980.5407137
881,dc,-0.008,984.9237418
881,dc,0.008,984.9237418
881,dc,0.025,984.9237418
881,dc,0.06,984.9237418
882,f0,0,1031.040126
882,u,-0.7,1149.717505
882,u,-0.35,1080.493682
882,u,-0.15,1050.219857
882,u,-0.05,1037.128964
882,u,0.05,1025.23674
882,u,0.15,1002.647229
882,u,0.35,962.7251629
882,u,0.7,919.5318625
882,v,-0.7,1038.953522
882,v,-0.35,1034.582891
882,v,-0.15,1032.467891
882,v,-0.05,1031.501844
882,v,0.05,1030.592054
882,v,0.15,1029.735247
882,v,0.35,1028.168417
882,v,0.7,1025.840654
882,d4,-0.004,1025.522399
882,d4,0.008,1042.2265
882,d4,0.025,1066.68883
882,d4,0.06,1120.234127
882,dc,-0.06,995.5970523
882,dc,-0.025,1015.723753
882,dc,-0.008,1026.048516
882,dc,0.008,1036.120092
882,dc,0.025,1045.615621
882,dc,0.06,1045.615621
883,f0,0,1000.041469
883,u,-0.7,1298.733355
883,u,-0.35,1123.80819
883,u,-0.15,1040.82121
883,u,-0.05,1012.190403
883,u,0.05,989.0786104
883,u,0.15,970.1251161
883,u,0.35,941.1505791
883,u,0.7,908.4073606
883,v,-0.7,1008.386102
883,v,-0.35,1003.777296
883,v,-0.15,1001.54704
883,v,-0.05,1000.528348
883,v,0.05,999.5689801
883,v,0.15,998.6654815
883,v,0.35,997.0132673
883,v,0.7,994.5586545
883,d4,-0.006,992.533884
883,d4,0.008,1010.196497
883,d4,0.025,1032.344774
883,d4,0.06,1080.548674
883,dc,-0.06,1000.041469
883,dc,-0.025,1000.041469
883,dc,-0.008,1000.041469
883,dc,0.008,1000.041469
883,dc,0.025,1000.041469
883,dc,0.06,1000.041469
884,f0,0,1077.227224
884,u,-0.7,1235.469453
884,u,-0.35,1143.148982
884,u,-0.15,1102.790978
884,u,-0.05,1085.342399
884,u,0.05,1069.492759
884,u,0.15,1055.095227
884,u,0.35,1030.135997
884,u,0.7,957.091586
884,v,-0.7,1086.698096
884,v,-0.35,1081.467258
884,v,-0.15,1078.935994
884,v,-0.05,1077.779814
884,v,0.05,1076.690965
884,v,0.15,1075.665525
884,v,0.35,1073.790318
884,v,0.7,1071.004417
884,d4,-0.004,1071.50815
884,d4,0.008,1088.823062
884,d4,0.025,1114.186564
884,d4,0.06,1169.730648
884,dc,-0.06,1039.163674
884,dc,-0.025,1060.769449
884,dc,-0.008,1071.862229
884,dc,0.008,1082.688517
884,dc,0.025,1094.626119
884,dc,0.06,1120.733211
885,f0,0,1111.600452
885,u,-0.7,1321.152505
885,u,-0.35,1198.903862
885,u,-0.15,1145.459571
885,u,-0.05,1122.349787
885,u,0.05,1101.354503
885,u,0.15,1082.278944
885,u,0.35,1049.19688
885,u,0.7,1004.558948
885,v,-0.7,1122.870304
885,v,-0.35,1116.645876
885,v,-0.15,1113.633801
885,v,-0.05,1112.258006
885,v,0.05,1110.962331
885,v,0.15,1109.742111
885,v,0.35,1107.510711
885,v,0.7,1104.195632
885,d4,0.008,1122.905376
885,d4,0.025,1147.600813
885,d4,0.06,1201.529073
885,dc,-0.06,1073.488207
885,dc,-0.025,1095.144768
885,dc,-0.008,1106.240076
885,dc,0.008,1117.053096
885,dc,0.025,1128.957804
885,dc,0.06,1154.925129
886,f0,0,2160.526931
886,u,-0.7,3181.907341
886,u,-0.35,2584.725086
886,u,-0.15,2324.761461
886,u,-0.05,2212.623016
886,u,0.05,2110.911472
886,u,0.15,2018.653974
886,u,0.35,1859.05762
886,u,0.7,1644.728111
886,v,-0.7,2190.632066
886,v,-0.35,2174.004762
886,v,-0.15,2165.958614
886,v,-0.05,2162.283455
886,v,0.05,2158.822321
886,v,0.15,2155.562747
886,v,0.35,2149.602014
886,v,0.7,2140.746448
886,d4,-0.007,2135.8927
886,d4,0.008,2189.356334
886,d4,0.025,2253.139891
886,d4,0.06,2396.394646
886,dc,-0.06,2022.624662
886,dc,-0.025,2100.026541
886,dc,-0.008,2140.655623
886,dc,0.008,2180.904875
886,dc,0.025,2225.98195
886,dc,0.06,2327.184321
887,f0,0,2352.074686
887,u,-0.7,3614.494129
887,u,-0.35,2876.354963
887,u,-0.15,2555.056708
887,u,-0.05,2416.462007
887,u,0.05,2290.75266
887,u,0.15,2176.724867
887,u,0.35,1979.453642
887,u,0.7,1714.462788
887,v,-0.7,2386.346143
887,v,-0.35,2367.417746
887,v,-0.15,2358.258072
887,v,-0.05,2354.074299
887,v,0.05,2350.13417
887,v,0.15,2346.423496
887,v,0.35,2339.637843
887,v,0.7,2329.556734
887,d4,-0.009,2321.804639
887,d4,-0.008,2325.130686
887,d4,0.008,2379.629823
887,d4,0.025,2440.311555
887,d4,0.06,2575.195654
887,dc,-0.06,2214.700746
887,dc,-0.025,2292.135096
887,dc,-0.008,2332.443921
887,dc,0.008,2372.148969
887,dc,0.025,2416.350344
887,dc,0.06,2514.57305
888,f0,0,2618.770995
888,u,-0.7,4148.957949
888,u,-0.35,3254.133967
888,u,-0.15,2864.736488
888,u,-0.05,2696.789503
888,u,0.05,2544.469846
888,u,0.15,2406.31587
888,u,0.35,2167.332732
888,u,0.7,1846.366985
888,v,-0.7,2657.331933
888,v,-0.35,2636.034422
888,v,-0.15,2625.728306
888,v,-0.05,2621.020883
888,v,0.05,2616.5876
888,v,0.15,2612.412491
888,v,0.35,2604.777533
888,v,0.7,2593.434653
888,d4,-0.008,2589.790044
888,d4,0.008,2648.392139
888,d4,0.025,2713.562487
888,d4,0.06,2858.122872
888,dc,-0.06,2465.553296
888,dc,-0.025,2551.991462
888,dc,-0.008,2596.912562
888,dc,0.008,2641.110699
888,dc,0.025,2690.255421
888,dc,0.06,2799.241889
889,f0,0,3018.900394
889,u,-0.7,4847.952758
889,u,-0.35,3778.086417
889,u,-0.15,3312.740394
889,u,-0.05,3112.094717
889,u,0.05,2930.155705
889,u,0.15,2765.172001
889,u,0.35,2479.873693
889,u,0.7,2096.966532
889,v,-0.7,3061.933472
889,v,-0.35,3038.165963
889,v,-0.15,3026.664585
889,v,-0.05,3021.411216
889,v,0.05,3016.463779
889,v,0.15,3011.804458
889,v,0.35,3003.284028
889,v,0.7,2990.625647
889,d4,0.008,3059.657207
889,d4,0.025,3149.970356
889,d4,0.06,3353.518061
889,dc,-0.06,2803.227555
889,dc,-0.025,2924.09711
889,dc,-0.008,2987.73071
889,dc,0.008,3050.896892
889,dc,0.025,3121.790368
889,dc,0.06,3281.533133
890,f0,0,918.7523658
890,u,-0.7,1024.07574
890,u,-0.35,970.4767647
890,u,-0.15,937.1355301
890,u,-0.05,924.383396
890,u,0.05,913.5517378
890,u,0.15,904.2790442
890,u,0.35,889.3563956
890,u,0.7,871.253233
890,v,-0.7,922.4437184
890,v,-0.35,920.4049552
890,v,-0.15,919.4183736
890,v,-0.05,918.9677426
890,v,0.05,918.5433543
890,v,0.15,918.1436804
890,v,0.35,917.4128028
890,v,0.7,916.3269742
890,d4,-0.001,917.611012
890,d4,0.008,927.9634518
890,d4,0.025,948.0243996
890,d4,0.06,991.5565085
890,dc,-0.06,918.7523658
890,dc,-0.025,918.7523658
890,dc,-0.008,918.7523658
890,dc,0.008,918.7523658
890,dc,0.025,918.7523658
890,dc,0.06,918.7523658
891,f0,0,1026.402671
891,u,-0.7,1163.110966
891,u,-0.35,1083.395142
891,u,-0.15,1048.513138
891,u,-0.05,1033.423108
891,u,0.05,1019.710153
891,u,0.15,1007.248072
891,u,0.35,985.6291493
891,u,0.7,932.8929894
891,v,-0.7,1032.108882
891,v,-0.35,1028.957297
891,v,-0.15,1027.432207
891,v,-0.05,1026.735608
891,v,0.05,1026.079575
891,v,0.15,1025.461746
891,v,0.35,1024.331932
891,v,0.7,1022.653424
891,d4,-0.002,1023.753609
891,d4,0.008,1037.114748
891,d4,0.025,1060.512241
891,d4,0.06,1111.594026
891,dc,-0.06,992.4070897
891,dc,-0.025,1011.732
891,dc,-0.008,1021.624905
891,dc,0.008,1031.261604
891,dc,0.025,1041.866525
891,dc,0.06,1064.983525
892,f0,0,1102.724158
892,u,-0.7,1306.190009
892,u,-0.35,1187.489453
892,u,-0.15,1135.598067
892,u,-0.05,1113.160555
892,u,0.05,1092.776662
892,u,0.15,1074.25729
892,u,0.35,1042.142076
892,u,0.7,998.8165132
892,v,-0.7,1110.001999
892,v,-0.35,1105.98239
892,v,-0.15,1104.037254
892,v,-0.05,1103.148793
892,v,0.05,1102.312073
892,v,0.15,1101.524079
892,v,0.35,1100.083086
892,v,0.7,1097.942276
892,d4,-0.002,1099.905608
892,d4,0.008,1114.123277
892,d4,0.025,1139.030651
892,d4,0.06,1193.451284
892,dc,-0.06,1064.346395
892,dc,-0.025,1086.148992
892,dc,-0.008,1097.324046
892,dc,0.008,1108.218033
892,dc,0.025,1120.21562
892,dc,0.06,1146.399267
893,f0,0,1101.284499
893,u,-0.7,1326.875144
893,u,-0.35,1195.297907
893,u,-0.15,1137.753688
893,u,-0.05,1112.863822
893,u,0.05,1090.246041
893,u,0.15,1069.690783
893,u,0.35,1034.025397
893,u,0.7,985.8460571
893,v,-0.7,1109.037272
893,v,-0.35,1104.755354
893,v,-0.15,1102.683284
893,v,-0.05,1101.736845
893,v,0.05,1100.845522
893,v,0.15,1100.006106
893,v,0.35,1098.471079
893,v,0.7,1096.190565
893,d4,-0.001,1099.961202
893,d4,0.008,1111.970073
893,d4,0.025,1135.278881
893,d4,0.06,1186.018773
893,dc,-0.05,1070.963119
893,dc,-0.025,1085.750854
893,dc,-0.008,1096.229036
893,dc,0.008,1106.422455
893,dc,0.025,1117.624229
893,dc,0.06,1141.982652
894,f0,0,876.8814537
894,u,-0.7,940.2153092
894,u,-0.35,899.8496519
894,u,-0.15,885.2962759
894,u,-0.05,879.4896794
894,u,0.05,874.4480469
894,u,0.15,870.04975
894,u,0.35,862.8066333
894,u,0.7,853.7332376
894,v,-0.7,881.4628341
894,v,-0.35,878.9325014
894,v,-0.15,877.7080437
894,v,-0.05,877.1487603
894,v,0.05,876.6220471
894,v,0.15,876.1260073
894,v,0.35,875.2189067
894,v,0.7,873.8712722
894,d4,0.008,885.7024431
894,d4,0.025,904.8849685
894,d4,0.06,946.4004045
894,dc,-0.06,876.8814537
894,dc,-0.025,876.8814537
894,dc,-0.008,876.8814537
894,dc,0.008,876.8814537
894,dc,0.025,876.8814537
894,dc,0.06,876.8814537
895,f0,0,900.0377738
895,u,-0.7,1006.041573
895,u,-0.35,936.9152992
895,u,-0.15,913.3575613
895,u,-0.05,904.1433731
895,u,0.05,896.2256775
895,u,0.15,889.3797772
895,u,0.35,878.2282884
895,u,0.7,864.4696561
895,v,-0.7,905.1340074
895,v,-0.35,902.3193173
895,v,-0.15,900.9572556
895,v,-0.05,900.3351203
895,v,0.05,899.7492153
895,v,0.15,899.1974307
895,v,0.35,898.1883906
895,v,0.7,896.6893097
895,d4,0.008,909.0326481
895,d4,0.025,928.6114378
895,d4,0.06,971.0512507
895,dc,-0.06,900.0377738
895,dc,-0.025,900.0377738
895,dc,-0.008,900.0377738
895,dc,0.008,900.0377738
895,dc,0.025,900.0377738
895,dc,0.06,900.0377738
896,f0,0,905.6973934
896,u,-0.7,1013.506282
896,u,-0.35,943.9111246
896,u,-0.15,919.6086091
896,u,-0.05,909.9998523
896,u,0.05,901.6901479
896,u,0.15,894.462134
896,u,0.35,882.5927691
896,u,0.7,867.7599141
896,v,-0.7,910.7947839
896,v,-0.35,907.9794548
896,v,-0.15,906.6170839
896,v,-0.05,905.9948074
896,v,0.05,905.4087694
896,v,0.15,904.8568595
896,v,0.35,903.8475904
896,v,0.7,902.3481692
896,d4,0.008,914.7107737
896,d4,0.025,934.3323485
896,d4,0.06,976.8736438
896,dc,-0.06,905.6973934
896,dc,-0.025,905.6973934
896,dc,-0.008,905.6973934
896,dc,0.008,905.6973934
896,dc,0.025,905.6973934
896,dc,0.06,905.6973934
897,f0,0,958.3336034
897,u,-0.7,1082.817772
897,u,-0.35,1027.423575
897,u,-0.15,984.0933351
897,u,-0.05,966.2112045
897,u,0.05,951.0662471
897,u,0.15,938.1231994
897,u,0.35,917.3114472
897,u,0.7,892.0299069
897,v,-0.7,965.0975545
897,v,-0.35,961.3617708
897,v,-0.15,959.5539811
897,v,-0.05,958.7282551
897,v,0.05,957.9506155
897,v,0.15,957.2182622
897,v,0.35,955.8790186
897,v,0.7,953.8893708
897,d4,0.008,967.8186237
897,d4,0.025,988.4852211
897,d4,0.06,1033.369064
897,dc,-0.06,955.5978637
897,dc,-0.025,958.3336034
897,dc,-0.008,958.3336034
897,dc,0.008,958.3336034
897,dc,0.025,958.3336034
897,dc,0.06,958.3336034
898,f0,0,975.8908771
898,u,-0.7,1092.973646
898,u,-0.35,1029.860478
898,u,-0.15,1002.219659
898,u,-0.05,984.5457744
898,u,0.05,967.8825736
898,u,0.15,953.5595434
898,u,0.35,930.3500953
898,u,0.7,901.8110958
898,v,-0.7,983.2165785
898,v,-0.35,979.1705357
898,v,-0.15,977.2126079
898,v,-0.05,976.3183048
898,v,0.05,975.4760818
898,v,0.15,974.6829061
898,v,0.35,973.2324375
898,v,0.7,971.0775483
898,d4,0.008,985.4726152
898,d4,0.025,1006.351898
898,d4,0.06,1051.705152
898,dc,-0.06,954.0318783
898,dc,-0.025,971.4807312
898,dc,-0.008,975.8908771
898,dc,0.008,975.8908771
898,dc,0.025,975.8908771
898,dc,0.06,975.8908771
899,f0,0,885.404634
899,u,-0.7,962.1617985
899,u,-0.35,912.9340421
899,u,-0.15,895.4531481
899,u,-0.05,888.5147732
899,u,0.05,882.5064933
899,u,0.15,877.2767149
899,u,0.35,868.687554
899,u,0.7,857.9674632
899,v,-0.7,890.3232479
899,v,-0.35,887.6066585
899,v,-0.15,886.2920689
899,v,-0.05,885.691617
899,v,0.05,885.1261326
899,v,0.15,884.5935795
899,v,0.35,883.6197076
899,v,0.7,882.1728743
899,d4,0.008,894.2774911
899,d4,0.025,913.5801254
899,d4,0.06,955.3813528
899,dc,-0.06,885.404634
899,dc,-0.025,885.404634
899,dc,-0.008,885.404634
899,dc,0.008,885.404634
899,dc,0.025,885.404634
899,dc,0.06,885.404634
900,f0,0,896.5546116
900,u,-0.7,989.6472346
900,u,-0.35,929.8131833
900,u,-0.15,908.6894044
900,u,-0.05,900.310637
900,u,0.05,893.0540981
900,u,0.15,886.7351611
900,u,0.35,876.3469502
900,u,0.7,863.3509619
900,v,-0.7,901.5131833
900,v,-0.35,898.7745249
900,v,-0.15,897.4492559
900,v,-0.05,896.843926
900,v,0.05,896.2738477
900,v,0.15,895.7369682
900,v,0.35,894.7551848
900,v,0.7,893.2965978
900,d4,0.008,905.5003315
900,d4,0.025,924.9694159
900,d4,0.06,967.1601336
900,dc,-0.06,896.5546116
900,dc,-0.025,896.5546116
900,dc,-0.008,896.5546116
900,dc,0.008,896.5546116
900,dc,0.025,896.5546116
900,dc,0.06,896.5546116
901,f0,0,902.5738172
901,u,-0.7,998.7714464
901,u,-0.35,937.509142
901,u,-0.15,915.4099579
901,u,-0.05,906.5589988
901,u,0.05,898.8494459
901,u,0.15,892.0999829
901,u,0.35,880.9240112
901,u,0.7,866.7842855
901,v,-0.7,907.5732162
901,v,-0.35,904.8120086
901,v,-0.15,903.4758277
901,v,-0.05,902.8655137
901,v,0.05,902.2907416
901,v,0.15,901.7494417
901,v,0.35,900.7595745
901,v,0.7,899.288978
901,d4,0.008,911.5419962
901,d4,0.025,931.0628936
901,d4,0.06,973.3762405
901,dc,-0.06,902.5738172
901,dc,-0.025,902.5738172
901,dc,-0.008,902.5738172
901,dc,0.008,902.5738172
901,dc,0.025,902.5738172
901,dc,0.06,902.5738172
902,f0,0,977.2620926
902,u,-0.7,1109.768862
902,u,-0.35,1046.266435
902,u,-0.15,1007.284519
902,u,-0.05,986.4218247
902,u,0.05,968.8279201
902,u,0.15,953.8430873
902,u,0.35,929.8381893
902,u,0.7,900.8061945
902,v,-0.7,984.5488123
902,v,-0.35,980.5242994
902,v,-0.15,978.5767902
902,v,-0.05,977.6872458
902,v,0.05,976.8495045
902,v,0.15,976.0605494
902,v,0.35,974.6177992
902,v,0.7,972.4743766
902,d4,0.008,986.9133125
902,d4,0.025,1007.946028
902,d4,0.06,1053.642532
902,dc,-0.06,968.1817745
902,dc,-0.025,977.2620926
902,dc,-0.008,977.2620926
902,dc,0.008,977.2620926
902,dc,0.025,977.2620926
902,dc,0.06,977.2620926
903,f0,0,995.5533759
903,u,-0.7,1128.547122
903,u,-0.35,1056.182534
903,u,-0.15,1024.510312
903,u,-0.05,1005.465475
903,u,0.05,986.3944338
903,u,0.15,970.0420527
903,u,0.35,943.6145087
903,u,0.7,911.2168982
903,v,-0.7,1003.450548
903,v,-0.35,999.0888776
903,v,-0.15,996.9782138
903,v,-0.05,996.0141469
903,v,0.05,995.1062228
903,v,0.15,994.2511722
903,v,0.35,992.687554
903,v,0.7,990.3645638
903,d4,0.008,1005.298996
903,d4,0.025,1026.538592
903,d4,0.06,1072.688661
903,dc,-0.06,972.6399257
903,dc,-0.025,990.7279267
903,dc,-0.008,995.5533759
903,dc,0.008,995.5533759
903,dc,0.025,995.5533759
903,dc,0.06,995.5533759
904,f0,0,911.4701414
904,u,-0.7,1006.984241
904,u,-0.35,953.3973719
904,u,-0.15,926.7483013
904,u,-0.05,916.1977282
904,u,0.05,907.064793
904,u,0.15,899.1129343
904,u,0.35,886.0365463
904,u,0.7,869.6583698
904,v,-0.7,914.4825162
904,v,-0.35,912.8187578
904,v,-0.15,912.0136455
904,v,-0.05,911.6459024
904,v,0.05,911.299575
904,v,0.15,910.9734161
904,v,0.35,910.3769742
904,v,0.7,909.4908701
904,d4,-0.002,909.2193073
904,d4,0.008,920.5603512
904,d4,0.025,940.3524559
904,d4,0.06,983.2765517
904,dc,-0.06,911.4701414
904,dc,-0.025,911.4701414
904,dc,-0.008,911.4701414
904,dc,0.008,911.4701414
904,dc,0.025,911.4701414
904,dc,0.06,911.4701414
905,f0,0,902.0898993
905,u,-0.7,999.2301105
905,u,-0.35,937.4116235
905,u,-0.15,915.0744808
905,u,-0.05,906.121993
905,u,0.05,898.3210098
905,u,0.15,891.4892124
905,u,0.35,880.1723807
905,u,0.7,865.847803
905,v,-0.7,905.781252
905,v,-0.35,903.7424887
905,v,-0.15,902.7559072
905,v,-0.05,902.3052762
905,v,0.05,901.8808879
905,v,0.15,901.481214
905,v,0.35,900.7503364
905,v,0.7,899.6645078
905,d4,-0.001,900.9764554
905,d4,0.008,911.0739181
905,d4,0.025,930.6296557
905,d4,0.06,973.0200034
905,dc,-0.06,902.0898993
905,dc,-0.025,902.0898993
905,dc,-0.008,902.0898993
905,dc,0.008,902.0898993
905,dc,0.025,902.0898993
905,dc,0.06,902.0898993
0,u,-2.5,2207.599135
0,u,-1.5,1366.0359
0,u,-1,1168.065558
0,u,1,892.0880416
0,u,1.5,873.3393771
0,v,-2.5,1007.621634
0,v,-1.5,985.3975685
0,v,-1,978.3911931
0,v,1,964.3967029
0,v,1.5,962.8333692
0,d4,0.1,1095.705718
0,d4,0.15,1169.724503
0,dc,0.1,1022.847799
0,dc,0.15,1054.02601
1,u,-2.5,32318.29471
1,u,-1.5,14332.2359
1,u,-1,10181.11907
1,u,1,1096.173533
1,u,1.5,998.0655056
1,v,-2.5,6356.450169
1,v,-1.5,6211.69377
1,v,-1,6166.057761
1,v,1,6074.904683
1,v,1.5,6064.721913
1,dc,-0.15,2952.178692
1,dc,-0.1,3505.570472
2,u,-2.5,1468.577759
2,u,-1.5,1127.187604
2,u,-1,1009.966539
2,u,1,855.7054713
2,u,1.5,848.9129955
2,v,-2.5,924.1695355
2,v,-1.5,903.3155577
2,v,-1,896.7411173
2,v,1,883.6093713
2,v,1.5,882.1424153
2,d4,0.1,1011.543271
2,d4,0.15,1083.720212
2,dc,-0.15,887.4698636
2,dc,-0.1,888.2625227
2,dc,0.1,888.2625227
2,dc,0.15,888.2625227
3,u,-2.5,1472.787404
3,u,-1.5,1128.819093
3,u,-1,1011.985361
3,u,1,855.8948149
3,u,1.5,849.0443301
3,v,-2.5,924.8148806
3,v,-1.5,903.8633365
3,v,-1,897.2581372
3,v,1,884.0649537
3,v,1.5,882.5911345
3,d4,0.1,1012.069831
3,d4,0.15,1084.279567
3,dc,-0.15,887.850345
3,dc,-0.1,888.7398751
3,dc,0.1,888.7398751
3,dc,0.15,888.7398751
4,u,-2.5,1566.653442
4,u,-1.5,1210.30483
4,u,-1,1009.452014
4,u,1,854.5774252
4,u,1.5,848.4398595
4,v,-2.5,922.1350181
4,v,-1.5,900.6600019
4,v,-1,893.8897724
4,v,1,880.3669585
4,v,1.5,878.8563161
4,d4,0.1,1008.347657
4,d4,0.15,1080.451907
4,dc,-0.15,885.1586823
4,dc,-0.1,885.1586823
4,dc,0.1,885.1586823
4,dc,0.15,885.1586823
5,u,-2.5,1433.485271
5,u,-1.5,1073.56604
5,u,-1,988.2699867
5,u,1,859.9189123
5,u,1.5,851.3772524
5,v,-2.5,935.5451593
5,v,-1.5,914.0563389
5,v,-1,907.2817576
5,v,1,893.7502513
5,v,1.5,892.2386379
5,d4,0.1,1022.626278
5,d4,0.15,1095.337746
5,dc,0.1,898.5450552
5,dc,0.15,898.5450552
6,u,-2.5,1433.485271
6,u,-1.5,1073.56604
6,u,-1,988.2699867
6,u,1,859.9189123
6,u,1.5,851.3772524
6,v,-2.5,935.5451593
6,v,-1.5,914.0563389
6,v,-1,907.2817576
6,v,1,893.7502513
6,v,1.5,892.2386379
6,d4,0.1,1022.626278
6,d4,0.15,1095.337746
6,dc,0.1,898.5450552
6,dc,0.15,898.5450552
7,u,-2.5,1561.398572
7,u,-1.5,1163.129402
7,u,-1,1026.463505
7,u,1,859.6541617
7,u,1.5,851.7729237
7,v,-2.5,935.8596611
7,v,-1.5,912.9136583
7,v,-1,905.6796845
7,v,1,891.2305907
7,v,1.5,889.616473
7,d4,0.1,1020.100908
7,d4,0.15,1092.596317
7,dc,-0.15,895.8116804
7,dc,-0.1,896.350536
7,dc,0.1,896.350536
7,dc,0.15,896.350536
8,u,-2.5,1567.164014
8,u,-1.5,1165.359765
8,u,-1,1028.926679
8,u,1,859.9063364
8,u,1.5,851.9482157
8,v,-2.5,936.6986522
8,v,-1.5,913.6265669
8,v,-1,906.3528443
8,v,1,891.8243564
8,v,1.5,890.2013695
8,d4,0.1,1020.785586
8,d4,0.15,1093.322096
8,dc,-0.15,896.3267172
8,dc,-0.1,896.9724345
8,dc,0.1,896.9724345
8,dc,0.15,896.9724345
9,u,-2.5,1533.55957
9,u,-1.5,1125.346185
9,u,-1,1028.915154
9,u,1,862.5850858
9,u,1.5,853.3694904
9,v,-2.5,944.8362558
9,v,-1.5,921.5738924
9,v,-1,914.2401826
9,v,1,899.5918765
9,v,1.5,897.9555047
9,d4,0.1,1029.495229
9,d4,0.15,1102.616011
9,dc,0.1,904.7824114
9,dc,0.15,904.7824114
10,u,-2.5,1521.186694
10,u,-1.5,1111.791062
10,u,-1,1015.017964
10,u,1,852.1946223
10,u,1.5,842.7172094
10,v,-2.5,935.2412177
10,v,-1.5,911.9436312
10,v,-1,904.5988169
10,v,1,889.9283309
10,v,1.5,888.2894813
10,d4,0.1,1017.497262
10,d4,0.15,1089.108883
10,dc,0.1,895.1267251
10,dc,0.15,895.1267251
11,u,-2.5,1547.102145
11,u,-1.5,1130.599179
11,u,-1,1032.224362
11,u,1,863.2245171
11,u,1.5,853.8050509
11,v,-2.5,946.9826405
11,v,-1.5,923.4276938
11,v,-1,916.001744
11,v,1,901.1691983
11,v,1.5,899.5122449
11,d4,0.1,1031.319394
11,d4,0.15,1104.557228
11,dc,0.1,906.4250173
11,dc,0.15,906.4250173
12,u,-2.5,1669.213408
12,u,-1.5,1190.72664
12,u,-1,1077.937917
12,u,1,878.1999903
12,u,1.5,867.6572385
12,v,-2.5,971.8809943
12,v,-1.5,946.1945776
12,v,-1,938.0966589
12,v,1,921.9219269
12,v,1.5,920.115037
12,d4,0.1,1056.290189
12,d4,0.15,1131.937669
12,dc,0.1,927.6533412
12,dc,0.15,927.6533412
13,u,-2.5,1626.877802
13,u,-1.5,1146.280369
13,u,-1,1032.665892
13,u,1,869.5290647
13,u,1.5,858.1649777
13,v,-2.5,962.378078
13,v,-1.5,936.6528548
13,v,-1,928.542702
13,v,1,912.3435336
13,v,1.5,910.5339139
13,d4,0.1,1043.914123
13,d4,0.15,1117.792825
13,dc,0.1,920.7234069
13,dc,0.15,920.7234069
14,u,-2.5,1657.553039
14,u,-1.5,1158.166834
14,u,-1,1040.154708
14,u,1,871.00433
14,u,1.5,859.1861341
14,v,-2.5,966.5446408
14,v,-1.5,940.1986654
14,v,-1,931.8928138
14,v,1,915.3027578
14,v,1.5,913.4494718
14,d4,0.1,1047.249871
14,d4,0.15,1121.277638
14,dc,0.1,924.502572
14,dc,0.15,924.502572
15,u,-2.5,1712.714797
15,u,-1.5,1205.989819
15,u,-1,1086.624361
15,u,1,868.8975374
15,u,1.5,857.8299043
15,v,-2.5,966.6398691
15,v,-1.5,940.0198452
15,v,-1,931.6275969
15,v,1,914.8649726
15,v,1.5,912.9924089
15,d4,0.1,1047.339611
15,d4,0.15,1121.626981
15,dc,-0.1,915.1172072
15,dc,0.1,920.8047028
15,dc,0.15,920.8047028
16,u,-2.5,1713.119944
16,u,-1.5,1197.600813
16,u,-1,1076.066715
16,u,1,870.5043639
16,u,1.5,858.8443167
16,v,-2.5,971.9230785
16,v,-1.5,945.0282088
16,v,-1,936.5493123
16,v,1,919.6136177
16,v,1.5,917.7217202
16,d4,0.1,1052.778274
16,d4,0.15,1127.465236
16,dc,0.1,925.6146743
16,dc,0.15,925.6146743
17,u,-2.5,1723.811257
17,u,-1.5,1201.732451
17,u,-1,1078.662876
17,u,1,871.0015904
17,u,1.5,859.1849996
17,v,-2.5,973.650849
17,v,-1.5,946.5442018
17,v,-1,937.9985402
17,v,1,920.9294893
17,v,1.5,919.0226945
17,d4,0.1,1054.31336
17,d4,0.15,1129.109452
17,dc,0.1,926.9777999
17,dc,0.15,926.9777999
18,u,-2.5,1847.074245
18,u,-1.5,1278.673381
18,u,-1,1138.579341
18,u,1,859.6926792
18,u,1.5,848.5000211
18,v,-2.5,961.9945071
18,v,-1.5,933.3817847
18,v,-1,924.3613167
18,v,1,906.3438906
18,v,1.5,904.3311521
18,d4,0.1,1036.976673
18,d4,0.15,1109.790561
18,dc,-0.15,912.7282519
18,dc,-0.1,912.7282519
18,dc,0.1,912.7282519
18,dc,0.15,912.7282519
19,u,-2.5,1907.961827
19,u,-1.5,1310.668583
19,u,-1,1170.440774
19,u,1,872.1886307
19,u,1.5,860.528672
19,v,-2.5,978.9707948
19,v,-1.5,949.46385
19,v,-1,940.1614688
19,v,1,921.5809509
19,v,1.5,919.5053091
19,d4,0.1,1055.5004
19,d4,0.15,1130.296492
19,dc,-0.15,928.1648402
19,dc,-0.1,928.1648402
19,dc,0.1,928.1648402
19,dc,0.15,928.1648402
20,u,-2.5,1944.120918
20,u,-1.5,1332.020272
20,u,-1,1175.795645
20,u,1,872.4149001
20,u,1.5,860.7995413
20,v,-2.5,979.9848636
20,v,-1.5,950.0203827
20,v,-1,940.5737584
20,v,1,921.7051301
20,v,1.5,919.5973033
20,d4,0.1,1055.72667
20,d4,0.15,1130.522761
20,dc,-0.15,928.3911096
20,dc,-0.1,928.3911096
20,dc,0.1,928.3911096
20,dc,0.15,928.3911096
21,u,-2.5,1917.262492
21,u,-1.5,1283.267815
21,u,-1,1134.163163
21,u,1,866.9354372
21,u,1.5,853.073174
21,v,-2.5,986.721574
21,v,-1.5,956.1350773
21,v,-1,946.4923558
21,v,1,927.2320444
21,v,1.5,925.0804624
21,d4,0.1,1061.125504
21,d4,0.15,1135.724117
21,dc,-0.1,931.3496513
21,dc,0.1,934.0568143
21,dc,0.15,934.0568143
22,u,-2.5,1893.247219
22,u,-1.5,1240.650284
22,u,-1,1086.74996
22,u,1,871.2644475
22,u,1.5,856.4958955
22,v,-2.5,985.3755434
22,v,-1.5,954.2747499
22,v,-1,944.4698908
22,v,1,924.8857267
22,v,1.5,922.697967
22,d4,0.1,1055.599291
22,d4,0.15,1128.067219
22,dc,0.1,941.1273583
22,dc,0.15,941.1273583
23,u,-2.5,2022.864579
23,u,-1.5,1370.102181
23,u,-1,1201.600763
23,u,1,874.2626733
23,u,1.5,862.157627
23,v,-2.5,986.7111966
23,v,-1.5,955.5252685
23,v,-1,945.6935698
23,v,1,926.0557966
23,v,1.5,923.8620481
23,d4,0.1,1060.906416
23,d4,0.15,1136.055294
23,dc,-0.15,933.0143177
23,dc,-0.1,933.0143177
23,dc,0.1,933.0143177
23,dc,0.15,933.0143177
24,u,-2.5,1957.348695
24,u,-1.5,1278.816813
24,u,-1,1118.992134
24,u,1,885.0375159
24,u,1.5,868.4816149
24,v,-2.5,1013.366188
24,v,-1.5,981.4942592
24,v,-1,971.4462914
24,v,1,951.3765436
24,v,1.5,949.1345389
24,d4,0.1,1090.713569
24,d4,0.15,1168.724644
24,dc,0.1,969.0956168
24,dc,0.15,969.0956168
25,u,-2.5,2028.901627
25,u,-1.5,1350.081018
25,u,-1,1190.717743
25,u,1,878.5254505
25,u,1.5,864.642368
25,v,-2.5,1001.26476
25,v,-1.5,969.3382829
25,v,-1,959.2731183
25,v,1,939.1690216
25,v,1.5,936.9231798
25,d4,0.1,1076.042465
25,d4,0.15,1152.365811
25,dc,-0.15,943.6606339
25,dc,-0.1,946.2927815
25,dc,0.1,946.2927815
25,dc,0.15,946.2927815
26,u,-2.5,2128.328767
26,u,-1.5,1446.474362
26,u,-1,1161.96968
26,u,1,872.6810745
26,u,1.5,861.6197268
26,v,-2.5,982.1704703
26,v,-1.5,950.1012818
26,v,-1,939.9911258
26,v,1,919.7971635
26,v,1.5,917.5412828
26,d4,0.1,1053.950617
26,d4,0.15,1128.532329
26,dc,-0.15,926.9527667
26,dc,-0.1,926.9527667
26,dc,0.1,926.9527667
26,dc,0.15,926.9527667
27,u,-2.5,1977.146304
27,u,-1.5,1286.444535
27,u,-1,1123.77739
27,u,1,886.0062557
27,u,1.5,869.12237
27,v,-2.5,1015.927739
27,v,-1.5,983.7028972
27,v,-1,973.5436697
27,v,1,953.2516923
27,v,1.5,950.9848623
27,d4,0.1,1092.837257
27,d4,0.15,1170.951772
27,dc,0.1,972.1481189
27,dc,0.15,972.1481189
28,u,-2.5,2045.63026
28,u,-1.5,1356.508082
28,u,-1,1194.737501
28,u,1,879.2311001
28,u,1.5,865.1218207
28,v,-2.5,1003.816412
28,v,-1.5,971.5915694
28,v,-1,961.4323418
28,v,1,941.1403645
28,v,1.5,938.8735344
28,d4,0.1,1078.360558
28,d4,0.15,1154.860786
28,dc,-0.15,945.0901594
28,dc,-0.1,948.3306987
28,dc,0.1,948.3306987
28,dc,0.15,948.3306987
29,u,-2.5,2070.07044
29,u,-1.5,1376.631663
29,u,-1,1213.964734
29,u,1,878.1991895
29,u,1.5,864.5666151
29,v,-2.5,1000.404163
29,v,-1.5,968.0443757
29,v,-1,957.8426053
29,v,1,937.465653
29,v,1.5,935.1893303
29,d4,0.1,1074.167786
29,d4,0.15,1150.321893
29,dc,-0.15,944.6860975
29,dc,-0.1,944.6860975
29,dc,0.1,944.6860975
29,dc,0.15,944.6860975
30,u,-2.5,2128.063647
30,u,-1.5,1406.506986
30,u,-1,1237.347001
30,u,1,879.1407096
30,u,1.5,865.3147731
30,v,-2.5,1004.02216
30,v,-1.5,970.8515762
30,v,-1,960.3941935
30,v,1,939.506683
30,v,1.5,937.1733255
30,d4,0.1,1076.657724
30,d4,0.15,1152.98107
30,dc,-0.15,946.9080406
30,dc,-0.1,946.9080406
30,dc,0.1,946.9080406
30,dc,0.15,946.9080406
31,u,-2.5,2122.138215
31,u,-1.5,1396.615442
31,u,-1,1226.452705
31,u,1,880.327364
31,u,1.5,865.9840411
31,v,-2.5,1008.10957
31,v,-1.5,974.8337724
31,v,-1,964.34322
31,v,1,943.3894564
31,v,1.5,941.0486977
31,d4,0.1,1081.137295
31,d4,0.15,1157.822546
31,dc,-0.15,950.8142904
31,dc,-0.1,950.8142904
31,dc,0.1,950.8142904
31,dc,0.15,950.8142904
32,u,-2.5,2140.597481
32,u,-1.5,1403.697808
32,u,-1,1230.877602
32,u,1,881.0819723
32,u,1.5,866.4963385
32,v,-2.5,1010.862629
32,v,-1.5,977.2659075
32,v,-1,966.6741802
32,v,1,945.5183307
32,v,1.5,943.1549969
32,d4,0.1,1083.644746
32,d4,0.15,1160.523705
32,dc,-0.15,953.0147726
32,dc,-0.1,953.0147726
32,dc,0.1,953.0147726
32,dc,0.15,953.0147726
33,u,-2.5,2185.097089
33,u,-1.5,1435.102925
33,u,-1,1259.417289
33,u,1,868.6145729
33,u,1.5,854.8908167
33,v,-2.5,994.2469379
33,v,-1.5,960.2650846
33,v,-1,949.5519405
33,v,1,928.1535736
33,v,1.5,925.763148
33,d4,0.1,1062.80464
33,d4,0.15,1137.403253
33,dc,-0.15,935.7359499
33,dc,-0.1,935.7359499
33,dc,0.1,935.7359499
33,dc,0.15,935.7359499
34,u,-2.5,2231.525916
34,u,-1.5,1458.361362
34,u,-1,1277.265228
34,u,1,880.9946172
34,u,1.5,866.733798
34,v,-2.5,1011.099991
34,v,-1.5,976.4749506
34,v,-1,965.5590347
34,v,1,943.7556527
34,v,1.5,941.3199827
34,d4,0.1,1081.804548
34,d4,0.15,1158.489799
34,dc,-0.15,951.4815436
34,dc,-0.1,951.4815436
34,dc,0.1,951.4815436
34,dc,0.15,951.4815436
35,u,-2.5,2199.259123
35,u,-1.5,1422.535514
35,u,-1,1240.377491
35,u,1,884.2272519
35,u,1.5,868.5801457
35,v,-2.5,1022.361001
35,v,-1.5,987.6589286
35,v,-1,976.7187277
35,v,1,954.866839
35,v,1.5,952.4257502
35,d4,0.1,1094.625901
35,d4,0.15,1172.379151
35,dc,-0.15,962.6099179
35,dc,-0.1,962.6099179
35,dc,0.1,962.6099179
35,dc,0.15,962.6099179
36,u,-2.5,2295.722014
36,u,-1.5,1487.229978
36,u,-1,1297.925916
36,u,1,882.6865713
36,u,1.5,867.9085917
36,v,-2.5,1017.416448
36,v,-1.5,981.821263
36,v,-1,970.5994989
36,v,1,948.1852176
36,v,1.5,945.6813035
36,d4,0.1,1087.079272
36,d4,0.15,1164.161212
36,dc,-0.15,956.1275768
36,dc,-0.1,956.1275768
36,dc,0.1,956.1275768
36,dc,0.15,956.1275768
37,u,-2.5,2233.631232
37,u,-1.5,1413.206348
37,u,-1,1220.628144
37,u,1,884.8755293
37,u,1.5,866.9625553
37,v,-2.5,1039.193975
37,v,-1.5,1003.318716
37,v,-1,992.0086548
37,v,1,969.4180104
37,v,1.5,966.8943947
37,d4,0.1,1111.245986
37,d4,0.15,1190.118985
37,dc,-0.1,969.8394751
37,dc,0.1,977.4228628
37,dc,0.15,977.4228628
38,u,-2.5,2314.180752
38,u,-1.5,1490.014263
38,u,-1,1297.011685
38,u,1,884.192343
38,u,1.5,868.8254854
38,v,-2.5,1022.865449
38,v,-1.5,986.8503691
38,v,-1,975.4962285
38,v,1,952.8175393
38,v,1.5,950.2840881
38,d4,0.1,1092.497135
38,d4,0.15,1170.015485
38,dc,-0.15,960.8535898
38,dc,-0.1,960.8535898
38,dc,0.1,960.8535898
38,dc,0.15,960.8535898
39,u,-2.5,2433.21503
39,u,-1.5,1602.18975
39,u,-1,1223.216126
39,u,1,877.6577181
39,u,1.5,865.5026347
39,v,-2.5,1000.844943
39,v,-1.5,964.5920235
39,v,-1,953.1629013
39,v,1,930.3344445
39,v,1.5,927.7842627
39,d4,0.1,1066.724382
39,d4,0.15,1142.132017
39,dc,-0.15,938.4235642
39,dc,-0.1,938.4235642
39,dc,0.1,938.4235642
39,dc,0.15,938.4235642
40,u,-2.5,2259.500793
40,u,-1.5,1423.129966
40,u,-1,1226.830385
40,u,1,886.0179019
40,u,1.5,867.7185153
40,v,-2.5,1043.626729
40,v,-1.5,1007.322617
40,v,-1,995.8773564
40,v,1,973.0166637
40,v,1.5,970.4628808
40,d4,0.1,1115.509327
40,d4,0.15,1194.741134
40,dc,-0.1,972.1333796
40,dc,0.1,981.117206
40,dc,0.15,981.117206
41,u,-2.5,2387.452524
41,u,-1.5,1526.73356
41,u,-1,1325.280777
41,u,1,885.3626452
41,u,1.5,869.7170851
41,v,-2.5,1027.44948
41,v,-1.5,990.4515454
41,v,-1,978.7875491
41,v,1,955.489956
41,v,1.5,952.8873667
41,d4,0.1,1095.761295
41,d4,0.15,1173.514544
41,dc,-0.15,963.7453112
41,dc,-0.1,963.7453112
41,dc,0.1,963.7453112
41,dc,0.15,963.7453112
42,u,-2.5,2408.148564
42,u,-1.5,1538.029136
42,u,-1,1334.464694
42,u,1,873.8596955
42,u,1.5,858.6235835
42,v,-2.5,1013.877864
42,v,-1.5,976.6242813
42,v,-1,964.8796894
42,v,1,941.421115
42,v,1.5,938.8005423
42,d4,0.1,1078.638424
42,d4,0.15,1154.394199
42,dc,-0.15,949.7335129
42,dc,-0.1,949.7335129
42,dc,0.1,949.7335129
42,dc,0.15,949.7335129
43,u,-2.5,2546.451193
43,u,-1.5,1601.463884
43,u,-1,1380.477729
43,u,1,888.6606493
43,u,1.5,872.1047484
43,v,-2.5,1040.21143
43,v,-1.5,1001.013214
43,v,-1,988.6555556
43,v,1,963.972446
43,v,1.5,961.2150797
43,d4,0.1,1105.974398
43,d4,0.15,1184.509492
43,dc,-0.15,972.7187502
43,dc,-0.1,972.7187502
43,dc,0.1,972.7187502
43,dc,0.15,972.7187502
44,u,-2.5,2575.688398
44,u,-1.5,1594.305787
44,u,-1,1364.667966
44,u,1,893.418228
44,u,1.5,875.0742693
44,v,-2.5,1058.126219
44,v,-1.5,1018.020358
44,v,-1,1005.376555
44,v,1,980.1219021
44,v,1.5,977.3006882
44,d4,0.1,1124.907163
44,d4,0.15,1205.070714
44,dc,-0.15,989.0707291
44,dc,-0.1,989.0707291
44,dc,0.1,989.0707291
44,dc,0.15,989.0707291
45,u,-2.5,3905.078376
45,u,-1.5,2150.378451
45,u,-1,1741.188334
45,u,1,929.9209848
45,u,1.5,899.4569717
45,v,-2.5,1220.37692
45,v,-1.5,1163.036034
45,v,-1,1144.958704
45,v,1,1108.851159
45,v,1.5,1104.817561
45,d4,0.1,1280.139238
45,d4,0.15,1374.744491
45,dc,-0.15,1121.64564
45,dc,-0.1,1121.64564
45,dc,0.1,1121.64564
45,dc,0.15,1121.64564
46,u,-2.5,4465.253147
46,u,-1.5,2401.098706
46,u,-1,1920.31853
46,u,1,938.3736207
46,u,1.5,905.4367472
46,v,-2.5,1263.268895
46,v,-1.5,1199.910558
46,v,-1,1179.936162
46,v,1,1140.039429
46,v,1.5,1135.582538
46,d4,0.1,1318.521116
46,d4,0.15,1416.906604
46,dc,-0.15,1154.176585
46,dc,-0.1,1154.176585
46,dc,0.1,1154.176585
46,dc,0.15,1154.176585
47,u,-2.5,3912.258113
47,u,-1.5,1299.737749
47,u,-1,1053.589525
47,u,1,880.8614636
47,u,1.5,872.5479214
47,v,-2.5,1069.084491
47,v,-1.5,981.4813609
47,v,-1,953.8635335
47,v,1,898.6998583
47,v,1.5,892.537488
47,d4,0.1,1041.615737
47,d4,0.15,1113.747223
47,dc,-0.15,918.2467587
47,dc,-0.1,918.2467587
47,dc,0.1,918.2467587
47,dc,0.15,918.2467587
48,u,-2.5,3521.346284
48,u,-1.5,1582.072554
48,u,-1,1147.532932
48,u,1,889.7325801
48,u,1.5,877.9400986
48,v,-2.5,1096.35934
48,v,-1.5,1008.132922
48,v,-1,980.3185963
48,v,1,924.7624369
48,v,1.5,918.556222
48,d4,0.1,1070.234659
48,d4,0.15,1143.918637
48,dc,-0.15,944.4484117
48,dc,-0.1,944.4484117
48,dc,0.1,944.4484117
48,dc,0.15,944.4484117
49,u,-2.5,4298.203577
49,u,-1.5,1196.415954
49,u,-1,1020.043251
49,u,1,878.8584
49,u,1.5,871.5595386
49,v,-2.5,1065.898183
49,v,-1.5,975.6317169
49,v,-1,947.1742441
49,v,1,890.3334664
49,v,1.5,883.9837459
49,d4,0.1,1032.837934
49,d4,0.15,1104.301973
49,dc,-0.15,910.4746375
49,dc,-0.1,910.4746375
49,dc,0.1,910.4746375
49,dc,0.15,910.4746375
50,u,-2.5,4173.473267
50,u,-1.5,1348.797393
50,u,-1,1070.747899
50,u,1,885.6666406
50,u,1.5,877.0014409
50,v,-2.5,1084.563403
50,v,-1.5,991.960517
50,v,-1,962.7664628
50,v,1,904.4544421
50,v,1.5,897.9403681
50,d4,0.1,1049.117927
50,d4,0.15,1121.660485
50,dc,-0.15,925.1169389
50,dc,-0.1,925.1169389
50,dc,0.1,925.1169389
50,dc,0.15,925.1169389
51,u,-2.5,3862.490608
51,u,-1.5,2219.605006
51,u,-1,1263.765608
51,u,1,901.0840594
51,u,1.5,886.837286
51,v,-2.5,1138.912435
51,v,-1.5,1041.294855
51,v,-1,1010.519864
51,v,1,949.0500914
51,v,1.5,942.1832629
51,d4,0.1,1099.303334
51,d4,0.15,1174.675229
51,dc,-0.15,970.8315178
51,dc,-0.1,970.8315178
51,dc,0.1,970.8315178
51,dc,0.15,970.8315178
52,u,-2.5,4786.499257
52,u,-1.5,1231.041569
52,u,-1,1034.826341
52,u,1,884.0203306
52,u,1.5,876.3960855
52,v,-2.5,1086.801826
52,v,-1.5,988.4068087
52,v,-1,957.3867231
52,v,1,895.4273986
52,v,1.5,888.5058819
52,d4,0.1,1040.054992
52,d4,0.15,1111.726221
52,dc,-0.15,917.3822945
52,dc,-0.1,917.3822945
52,dc,0.1,917.3822945
52,dc,0.15,917.3822945
53,u,-2.5,4114.288435
53,u,-1.5,1696.850979
53,u,-1,1177.882034
53,u,1,897.1477202
53,u,1.5,884.7502294
53,v,-2.5,1126.506493
53,v,-1.5,1027.085087
53,v,-1,995.7414212
53,v,1,933.1357798
53,v,1.5,926.1420626
53,d4,0.1,1081.751909
53,d4,0.15,1155.843771
53,dc,-0.15,955.319694
53,dc,-0.1,955.319694
53,dc,0.1,955.319694
53,dc,0.15,955.319694
54,u,-2.5,5183.189559
54,u,-1.5,1222.510548
54,u,-1,1033.40563
54,u,1,886.032039
54,u,1.5,878.519599
54,v,-2.5,1096.846411
54,v,-1.5,993.4008148
54,v,-1,960.7884798
54,v,1,895.6488064
54,v,1.5,888.3720109
54,d4,0.1,1041.261762
54,d4,0.15,1112.839188
54,dc,-0.15,918.7306389
54,dc,-0.1,918.7306389
54,dc,0.1,918.7306389
54,dc,0.15,918.7306389
55,u,-2.5,3916.768839
55,u,-1.5,2154.298939
55,u,-1,1743.453406
55,u,1,936.6337958
55,u,1.5,909.4187941
55,v,-2.5,1253.118902
55,v,-1.5,1146.449696
55,v,-1,1112.821083
55,v,1,1045.651503
55,v,1.5,1038.147946
55,d4,0.1,1209.569862
55,d4,0.15,1292.129992
55,dc,-0.15,1069.45262
55,dc,-0.1,1069.45262
55,dc,0.1,1069.45262
55,dc,0.15,1069.45262
56,u,-2.5,4754.92867
56,u,-1.5,1951.113862
56,u,-1,1230.383927
56,u,1,905.9578819
56,u,1.5,892.5167461
56,v,-2.5,1162.485195
56,v,-1.5,1050.924758
56,v,-1,1015.754132
56,v,1,945.5045452
56,v,1.5,937.6569179
56,d4,0.1,1097.931744
56,d4,0.15,1172.716234
56,dc,-0.15,970.3970434
56,dc,-0.1,970.3970434
56,dc,0.1,970.3970434
56,dc,0.15,970.3970434
57,u,-2.5,4320.579993
57,u,-1.5,2351.150674
57,u,-1,1892.580518
57,u,1,940.3868338
57,u,1.5,913.1714838
57,v,-2.5,1269.863861
57,v,-1.5,1155.650896
57,v,-1,1119.644033
57,v,1,1047.72415
57,v,1.5,1039.689932
57,d4,0.1,1213.33171
57,d4,0.15,1295.895669
57,dc,-0.15,1073.208507
57,dc,-0.1,1073.208507
57,dc,0.1,1073.208507
57,dc,0.15,1073.208507
58,u,-2.5,4237.3036
58,u,-1.5,2218.62022
58,u,-1,1747.747014
58,u,1,964.950562
58,u,1.5,928.7531732
58,v,-2.5,1339.777147
58,v,-1.5,1223.921315
58,v,-1,1187.39652
58,v,1,1114.442123
58,v,1.5,1106.29234
58,d4,0.1,1287.566138
58,d4,0.15,1374.439042
58,dc,-0.15,1140.293054
58,dc,-0.1,1140.293054
58,dc,0.1,1140.293054
58,dc,0.15,1140.293054
59,u,-2.5,4542.3929
59,u,-1.5,2459.146053
59,u,-1,1901.460813
59,u,1,942.3497389
59,u,1.5,915.1947498
59,v,-2.5,1278.735982
59,v,-1.5,1160.508647
59,v,-1,1123.236211
59,v,1,1048.788479
59,v,1.5,1040.471875
59,d4,0.1,1215.285805
59,d4,0.15,1297.845935
59,dc,-0.15,1075.168563
59,dc,-0.1,1075.168563
59,dc,0.1,1075.168563
59,dc,0.15,1075.168563
60,u,-2.5,4387.301291
60,u,-1.5,2299.091726
60,u,-1,1812.293725
60,u,1,962.4581104
60,u,1.5,927.7396791
60,v,-2.5,1332.763157
60,v,-1.5,1214.456468
60,v,-1,1177.159014
60,v,1,1102.661313
60,v,1.5,1094.339126
60,d4,0.1,1274.614406
60,d4,0.15,1360.426111
60,dc,-0.15,1129.059103
60,dc,-0.1,1129.059103
60,dc,0.1,1129.059103
60,dc,0.15,1129.059103
61,u,-2.5,5054.491803
61,u,-1.5,2556.457141
61,u,-1,1974.59231
61,u,1,986.2532199
61,u,1.5,944.69243
61,v,-2.5,1422.1619
61,v,-1.5,1290.139622
61,v,-1,1248.518182
61,v,1,1165.383777
61,v,1.5,1156.096778
61,d4,0.1,1348.711843
61,d4,0.15,1439.675991
61,dc,-0.15,1194.841929
61,dc,-0.1,1194.841929
61,dc,0.1,1194.841929
61,dc,0.15,1194.841929
62,u,-2.5,5301.537546
62,u,-1.5,2750.818851
62,u,-1,2157.554126
62,u,1,965.6997674
62,u,1.5,932.119664
62,v,-2.5,1369.489816
62,v,-1.5,1235.688854
62,v,-1,1193.506664
62,v,1,1109.252222
62,v,1.5,1099.840103
62,d4,0.1,1287.575935
62,d4,0.15,1375.343123
62,dc,-0.15,1139.107252
62,dc,-0.1,1139.107252
62,dc,0.1,1139.107252
62,dc,0.15,1139.107252
63,u,-2.5,12919.4555
63,u,-1.5,1241.824165
63,u,-1,1077.491974
63,u,1,942.9642546
63,u,1.5,936.0690863
63,v,-2.5,1286.930266
63,v,-1.5,1104.455428
63,v,-1,1046.928275
63,v,1,932.0239025
63,v,1.5,919.1878598
63,dc,-0.15,972.7395424
63,dc,-0.1,972.7395424
64,u,-2.5,12687.21017
64,u,-1.5,1452.798806
64,u,-1,1160.509401
64,u,1,951.7816098
64,u,1.5,941.5162371
64,v,-2.5,1342.651854
64,v,-1.5,1142.25119
64,v,-1,1079.072729
64,v,1,952.8804665
64,v,1.5,938.7834463
64,dc,-0.15,997.5958988
64,dc,-0.1,997.5958988
65,u,-2.5,9578.180171
65,u,-1.5,4280.912474
65,u,-1,3051.009235
65,u,1,1150.527404
65,u,1.5,1053.960525
65,v,-2.5,2194.620984
65,v,-1.5,1985.714213
65,v,-1,1919.854111
65,v,1,1788.305555
65,v,1.5,1773.61018
65,d4,0.1,2155.322794
65,d4,0.15,2359.460386
65,dc,-0.15,1611.449852
65,dc,-0.1,1676.696176
65,dc,0.1,1935.721012
65,dc,0.15,1935.721012
66,u,-2.5,14684.20586
66,u,-1.5,2606.339392
66,u,-1,1433.20276
66,u,1,989.2004879
66,u,1.5,971.066208
66,v,-2.5,1496.705533
66,v,-1.5,1252.274671
66,v,-1,1175.215218
66,v,1,1021.297148
66,v,1.5,1004.10286
66,d4,0.1,1208.039695
66,dc,-0.15,1075.837045
66,dc,-0.1,1075.837045
66,dc,0.1,1075.837045
67,u,-2.5,14233.948
67,u,-1.5,6886.078693
67,u,-1,2076.501014
67,u,1,1029.049122
67,u,1.5,996.5204834
67,v,-2.5,1627.673407
67,v,-1.5,1372.387973
67,v,-1,1291.906498
67,v,1,1131.153306
67,v,1.5,1113.195462
67,d4,0.1,1332.747091
67,d4,0.15,1418.004506
67,dc,-0.15,1188.115186
67,dc,-0.1,1188.115186
67,dc,0.1,1188.115186
67,dc,0.15,1188.115186
68,u,-2.5,36522.65232
68,u,-1.5,14353.60234
68,u,-1,9232.548499
68,u,1,2304.650229
68,u,1.5,1863.861173
68,v,-2.5,5051.235467
68,v,-1.5,4552.864099
68,v,-1,4395.747174
68,v,1,4081.922813
68,v,1.5,4046.865289
68,d4,0.1,4762.660069
68,d4,0.15,5111.54167
68,dc,-0.15,3660.717472
68,dc,-0.1,3818.896138
68,dc,0.1,4671.505592
68,dc,0.15,4964.456243
69,u,-2.5,36966.52878
69,u,-1.5,14523.04605
69,u,-1,9338.815996
69,u,1,2326.005954
69,u,1.5,1879.911013
69,v,-2.5,5102.007258
69,v,-1.5,4599.908411
69,v,-1,4441.616359
69,v,1,4125.444805
69,v,1.5,4090.125074
69,d4,0.1,4821.079979
69,d4,0.15,5179.590767
69,dc,-0.15,3692.879545
69,dc,-0.1,3854.459917
69,dc,0.1,4728.62375
69,dc,0.15,5030.243284
70,u,-2.5,50581.77415
70,u,-1.5,19714.96265
70,u,-1,12592.25246
70,u,1,2975.207289
70,u,1.5,2366.427091
70,v,-2.5,6640.32145
70,v,-1.5,6031.362828
70,v,-1,5839.382084
70,v,1,5455.920949
70,v,1.5,5413.084255
70,d4,0.1,6707.978298
70,d4,0.15,7459.06535
70,dc,-0.15,4620.144262
70,dc,-0.1,4896.847135
70,dc,0.1,6573.164078
70,dc,0.15,7233.340193
71,u,-2.5,57364.14551
71,u,-1.5,22298.07664
71,u,-1,14209.34933
71,u,1,3295.230207
71,u,1.5,2605.467735
71,v,-2.5,7395.511793
71,v,-1.5,6737.698241
71,v,-1,6530.315455
71,v,1,6116.09038
71,v,1.5,6069.817026
71,d4,0.1,7724.084548
71,d4,0.15,8756.550124
71,dc,-0.15,5043.306593
71,dc,-0.1,5383.779508
71,dc,0.1,7566.26195
71,dc,0.15,8486.95057
72,u,-2.5,58143.53519
72,u,-1.5,22378.9913
72,u,-1,14128.44196
72,u,1,2989.243403
72,u,1.5,2282.814573
72,v,-2.5,7166.927934
72,v,-1.5,6501.254034
72,v,-1,6291.393189
72,v,1,5872.218454
72,v,1.5,5825.39217
72,d4,0.1,6660.179396
72,d4,0.15,7035.852384
72,dc,0.1,6588.265105
72,dc,0.15,6921.638447
73,u,-2.5,58143.53519
73,u,-1.5,22378.9913
73,u,-1,14128.44196
73,u,1,2989.243403
73,u,1.5,2282.814573
73,v,-2.5,7166.927934
73,v,-1.5,6501.254034
73,v,-1,6291.393189
73,v,1,5872.218454
73,v,1.5,5825.39217
73,d4,0.1,6660.179396
73,d4,0.15,7035.852384
73,dc,0.1,6588.265105
73,dc,0.15,6921.638447
74,u,-2.5,58143.53519
74,u,-1.5,22378.9913
74,u,-1,14128.44196
74,u,1,2989.243403
74,u,1.5,2282.814573
74,v,-2.5,7166.927934
74,v,-1.5,6501.254034
74,v,-1,6291.393189
74,v,1,5872.218454
74,v,1.5,5825.39217
74,d4,0.1,6660.179396
74,d4,0.15,7035.852384
74,dc,0.1,6588.265105
74,dc,0.15,6921.638447
75,u,-2.5,58143.53519
75,u,-1.5,22378.9913
75,u,-1,14128.44196
75,u,1,2989.243403
75,u,1.5,2282.814573
75,v,-2.5,7166.927934
75,v,-1.5,6501.254034
75,v,-1,6291.393189
75,v,1,5872.218454
75,v,1.5,5825.39217
75,d4,0.1,6660.179396
75,d4,0.15,7035.852384
75,dc,0.1,6588.265105
75,dc,0.15,6921.638447
76,u,-2.5,65230.83788
76,u,-1.5,25531.51088
76,u,-1,16378.32545
76,u,1,4042.572023
76,u,1.5,3266.151194
76,v,-2.5,8613.268566
76,v,-1.5,7904.153706
76,v,-1,7680.597632
76,v,1,7234.068132
76,v,1.5,7184.186029
76,d4,0.1,10924.98926
76,d4,0.15,14442.47192
76,dc,-0.15,5238.778769
76,dc,-0.1,5778.653303
76,dc,0.1,10601.52697
76,dc,0.15,13795.60933
77,u,-2.5,72794.50005
77,u,-1.5,28169.02831
77,u,-1,17881.88364
77,u,1,4017.297902
77,u,1.5,3143.441078
77,v,-2.5,9093.558306
77,v,-1.5,8332.517657
77,v,-1,8092.591421
77,v,1,7613.364262
77,v,1.5,7559.829482
77,d4,0.1,10260.03401
77,d4,0.15,12235.55847
77,dc,-0.15,5924.271267
77,dc,-0.1,6420.982382
77,dc,0.1,10044.36627
77,dc,0.15,11847.38281
78,u,-2.5,2871.22979
78,u,-1.5,1735.051128
78,u,-1,1469.402611
78,u,1,916.769858
78,u,1.5,890.5337117
78,v,-2.5,1179.401056
78,v,-1.5,1151.556402
78,v,-1,1142.778076
78,v,1,1125.244302
78,v,1.5,1123.285593
78,d4,0.1,1304.49371
78,d4,0.15,1408.9635
78,dc,-0.15,1075.350979
78,dc,-0.1,1113.341449
78,dc,0.1,1131.457284
78,dc,0.15,1131.457284
79,u,-2.5,2881.129723
79,u,-1.5,1733.052714
79,u,-1,1464.595842
79,u,1,915.0981678
79,u,1.5,888.1080538
79,v,-2.5,1188.29098
79,v,-1.5,1160.26918
79,v,-1,1151.435007
79,v,1,1133.789685
79,v,1.5,1131.818515
79,d4,0.1,1314.982004
79,d4,0.15,1420.704244
79,dc,-0.15,1070.323863
79,dc,-0.1,1107.605763
79,dc,0.1,1140.042194
79,dc,0.15,1140.042194
80,u,-2.5,3021.204296
80,u,-1.5,1840.292387
80,u,-1,1564.583216
80,u,1,920.8326713
80,u,1.5,894.6232368
80,v,-2.5,1207.050326
80,v,-1.5,1178.517272
80,v,-1,1169.521921
80,v,1,1151.554662
80,v,1.5,1149.547528
80,d4,0.1,1340.447056
80,d4,0.15,1451.325964
80,dc,-0.15,1130.759285
80,dc,-0.1,1157.921247
80,dc,0.1,1157.921247
80,dc,0.15,1157.921247
81,u,-2.5,2964.156019
81,u,-1.5,1771.249701
81,u,-1,1492.392112
81,u,1,919.4936903
81,u,1.5,891.5525601
81,v,-2.5,1207.312784
81,v,-1.5,1178.620771
81,v,-1,1169.575306
81,v,1,1151.507951
81,v,1.5,1149.489635
81,d4,0.1,1337.232097
81,d4,0.15,1445.868241
81,dc,-0.15,1083.179275
81,dc,-0.1,1121.745684
81,dc,0.1,1157.910005
81,dc,0.15,1157.910005
82,u,-2.5,3086.485175
82,u,-1.5,1840.137954
82,u,-1,1549.026941
82,u,1,920.7758437
82,u,1.5,890.2609403
82,v,-2.5,1282.412126
82,v,-1.5,1252.926552
82,v,-1,1243.630908
82,v,1,1225.063847
82,v,1.5,1222.989708
82,d4,0.1,1432.701303
82,d4,0.15,1556.06239
82,dc,-0.15,1112.312014
82,dc,-0.1,1155.045809
82,dc,0.1,1231.642968
82,dc,0.15,1231.642968
83,u,-2.5,3319.490838
83,u,-1.5,1887.957885
83,u,-1,1553.374913
83,u,1,938.8336791
83,u,1.5,899.4575312
83,v,-2.5,1276.202482
83,v,-1.5,1244.115036
83,v,-1,1233.999125
83,v,1,1213.793666
83,v,1.5,1211.536501
83,d4,0.1,1449.264914
83,d4,0.15,1594.131097
83,dc,-0.15,1093.352839
83,dc,-0.1,1130.752047
83,dc,0.1,1340.199626
83,dc,0.15,1395.814686
84,u,-2.5,3357.293865
84,u,-1.5,1847.066761
84,u,-1,1493.660837
84,u,1,949.5272811
84,u,1.5,901.7926228
84,v,-2.5,1198.655267
84,v,-1.5,1165.516999
84,v,-1,1155.069804
84,v,1,1134.202642
84,v,1.5,1131.871558
84,d4,0.1,1317.657912
84,d4,0.15,1424.665558
84,dc,-0.15,1043.124796
84,dc,-0.1,1072.578389
84,dc,0.1,1228.662177
84,dc,0.15,1281.417408
85,u,-2.5,3862.700115
85,u,-1.5,2316.805074
85,u,-1,1956.558124
85,u,1,1098.938292
85,u,1.5,1060.474472
85,v,-2.5,1599.233574
85,v,-1.5,1565.549617
85,v,-1,1554.930388
85,v,1,1533.719606
85,v,1.5,1531.350136
85,d4,-0.1,1314.51242
85,d4,0.1,1846.626986
85,d4,0.15,2044.044283
85,dc,-0.15,1352.178223
85,dc,-0.1,1421.610556
85,dc,0.1,1541.235513
85,dc,0.15,1541.235513
86,u,-2.5,3693.5551
86,u,-1.5,2038.982061
86,u,-1,1652.557691
86,u,1,959.8822
86,u,1.5,911.5990903
86,v,-2.5,1329.238519
86,v,-1.5,1294.164017
86,v,-1,1283.106404
86,v,1,1261.019996
86,v,1.5,1258.552709
86,d4,0.1,1510.869129
86,d4,0.15,1665.436713
86,dc,-0.15,1130.980076
86,dc,-0.1,1171.256045
86,dc,0.1,1398.813869
86,dc,0.15,1481.584603
87,u,-2.5,3792.041596
87,u,-1.5,2117.400228
87,u,-1,1726.627367
87,u,1,965.0155249
87,u,1.5,915.8512424
87,v,-2.5,1400.031754
87,v,-1.5,1364.682783
87,v,-1,1353.53864
87,v,1,1331.279399
87,v,1.5,1328.792805
87,d4,0.1,1627.211439
87,d4,0.15,1817.253197
87,dc,-0.15,1175.410044
87,dc,-0.1,1222.564174
87,dc,0.1,1499.854331
87,dc,0.15,1605.57872
88,u,-2.5,4272.927467
88,u,-1.5,2367.679625
88,u,-1,1923.685619
88,u,1,993.9845443
88,u,1.5,943.0921315
88,v,-2.5,1550.081348
88,v,-1.5,1511.805231
88,v,-1,1499.738275
88,v,1,1475.635811
88,v,1.5,1472.943309
88,d4,0.1,1853.781187
88,d4,0.15,2109.336089
88,dc,-0.15,1272.075445
88,dc,-0.1,1331.949882
88,dc,0.1,1704.259975
88,dc,0.15,1856.051261
89,u,-2.5,4570.674089
89,u,-1.5,2486.224302
89,u,-1,2000.253656
89,u,1,1121.033463
89,u,1.5,1052.436396
89,v,-2.5,1588.243486
89,v,-1.5,1547.814236
89,v,-1,1535.068481
89,v,1,1509.61019
89,v,1.5,1506.766227
89,d4,-0.1,1281.511474
89,d4,0.1,1849.370819
89,d4,0.15,2069.318183
89,dc,-0.15,1317.197348
89,dc,-0.1,1374.962016
89,dc,0.1,1718.465421
89,dc,0.15,1851.082001
90,u,-2.5,4444.807587
90,u,-1.5,2344.708076
90,u,-1,1854.76011
90,u,1,1015.005104
90,u,1.5,954.3369334
90,v,-2.5,1438.505995
90,v,-1.5,1397.904372
90,v,-1,1385.104275
90,v,1,1359.53744
90,v,1.5,1356.681353
90,d4,0.1,1632.795893
90,d4,0.15,1802.555968
90,dc,-0.15,1211.469675
90,dc,-0.1,1257.223037
90,dc,0.1,1517.994689
90,dc,0.15,1613.761196
91,u,-2.5,4955.864946
91,u,-1.5,2835.54297
91,u,-1,2342.791825
91,u,1,972.1242578
91,u,1.5,942.8579759
91,v,-2.5,1299.166871
91,v,-1.5,1258.245868
91,v,-1,1245.345082
91,v,1,1219.577134
91,v,1.5,1216.69858
91,d4,0.1,1426.715807
91,d4,0.15,1547.977162
91,dc,-0.15,1228.707844
91,dc,-0.1,1228.707844
91,dc,0.1,1228.707844
91,dc,0.15,1228.707844
92,u,-2.5,4587.562877
92,u,-1.5,2435.083393
92,u,-1,1933.278273
92,u,1,1013.113891
92,u,1.5,949.3839293
92,v,-2.5,1506.934749
92,v,-1.5,1465.703433
92,v,-1,1452.704817
92,v,1,1426.741465
92,v,1.5,1423.841082
92,d4,0.1,1748.077678
92,d4,0.15,1955.272562
92,dc,-0.15,1251.977805
92,dc,-0.1,1304.787812
92,dc,0.1,1617.940244
92,dc,0.15,1738.461879
93,u,-2.5,4560.116251
93,u,-1.5,2292.881415
93,u,-1,1763.360463
93,u,1,1035.684011
93,u,1.5,953.8465968
93,v,-2.5,1309.771001
93,v,-1.5,1267.244583
93,v,-1,1253.837673
93,v,1,1227.058796
93,v,1.5,1224.06731
93,d4,0.1,1414.277966
93,d4,0.15,1521.272174
93,dc,-0.1,1161.858247
93,dc,0.1,1329.897046
93,dc,0.15,1385.963261
94,u,-2.5,4821.803085
94,u,-1.5,2376.626307
94,u,-1,1805.660589
94,u,1,1020.715174
94,u,1.5,952.0360058
94,v,-2.5,1314.262034
94,v,-1.5,1269.722724
94,v,-1,1255.681229
94,v,1,1227.634833
94,v,1.5,1224.501752
94,d4,0.1,1405.87796
94,d4,0.15,1506.235509
94,dc,0.1,1325.941803
94,dc,0.15,1378.518629
95,u,-2.5,6479.371509
95,u,-1.5,3853.317521
95,u,-1,3244.529468
95,u,1,1103.926082
95,u,1.5,1073.315173
95,v,-2.5,1481.292284
95,v,-1.5,1434.599111
95,v,-1,1419.878587
95,v,1,1390.475904
95,v,1.5,1387.191311
95,d4,-0.15,1125.953322
95,d4,-0.1,1206.506733
95,d4,0.1,1658.02846
95,d4,0.15,1820.716108
95,dc,-0.15,1400.894559
95,dc,-0.1,1400.894559
95,dc,0.1,1400.894559
95,dc,0.15,1400.894559
96,u,-2.5,5648.240826
96,u,-1.5,2743.988677
96,u,-1,2066.935504
96,u,1,1134.725129
96,u,1.5,988.9703895
96,v,-2.5,1480.123189
96,v,-1.5,1430.616479
96,v,-1,1415.008956
96,v,1,1383.83459
96,v,1.5,1380.352081
96,d4,0.1,1622.383366
96,d4,0.15,1763.324303
96,dc,-0.15,1251.955867
96,dc,-0.1,1294.258596
96,dc,0.1,1524.763197
96,dc,0.15,1605.067389
97,u,-2.5,5894.484109
97,u,-1.5,2811.686833
97,u,-1,2092.998619
97,u,1,1108.141462
97,u,1.5,1010.707658
97,v,-2.5,1467.743253
97,v,-1.5,1416.401598
97,v,-1,1400.21559
97,v,1,1367.885759
97,v,1.5,1364.274173
97,d4,0.1,1584.22699
97,d4,0.15,1708.791953
97,dc,-0.15,1248.516334
97,dc,-0.1,1287.584074
97,dc,0.1,1495.37962
97,dc,0.15,1565.795736
98,u,-2.5,6028.134614
98,u,-1.5,2824.513265
98,u,-1,2077.488041
98,u,1,1052.184653
98,u,1.5,985.0265412
98,v,-2.5,1425.646288
98,v,-1.5,1373.091186
98,v,-1,1356.522626
98,v,1,1323.428687
98,v,1.5,1319.731742
98,d4,0.1,1507.439143
98,d4,0.15,1609.520914
98,dc,0.1,1430.527416
98,dc,0.15,1486.937417
99,u,-2.5,6224.017923
99,u,-1.5,2957.223808
99,u,-1,2196.018828
99,u,1,1154.125723
99,u,1.5,1006.781023
99,v,-2.5,1532.264404
99,v,-1.5,1479.063865
99,v,-1,1462.291823
99,v,1,1428.791453
99,v,1.5,1425.049105
99,d4,0.1,1668.266977
99,d4,0.15,1808.510654
99,dc,-0.15,1293.832636
99,dc,-0.1,1337.394571
99,dc,0.1,1573.21199
99,dc,0.15,1654.73804
100,u,-2.5,6711.139406
100,u,-1.5,3089.002899
100,u,-1,2245.024981
100,u,1,1088.245026
100,u,1.5,1012.763873
100,v,-2.5,1504.627558
100,v,-1.5,1447.969353
100,v,-1,1430.107245
100,v,1,1394.429583
100,v,1.5,1390.444009
100,d4,0.1,1593.277981
100,d4,0.15,1704.24511
100,dc,0.1,1513.747232
100,dc,0.15,1577.215835
101,u,-2.5,6926.193821
101,u,-1.5,3180.426295
101,u,-1,2307.878195
101,u,1,1112.732672
101,u,1.5,1034.942267
101,v,-2.5,1541.468673
101,v,-1.5,1483.633181
101,v,-1,1465.399921
101,v,1,1428.980922
101,v,1.5,1424.912532
101,d4,0.1,1639.537567
101,d4,0.15,1758.125288
101,dc,-0.1,1349.638492
101,dc,0.1,1556.886384
101,dc,0.15,1625.77473
102,u,-2.5,8037.905306
102,u,-1.5,3585.822619
102,u,-1,2549.544872
102,u,1,1131.217443
102,u,1.5,1038.859402
102,v,-2.5,1632.366727
102,v,-1.5,1568.093231
102,v,-1,1547.830321
102,v,1,1507.357312
102,v,1.5,1502.836046
102,d4,0.1,1717.853586
102,d4,0.15,1834.473242
102,dc,0.1,1639.478374
102,dc,0.15,1709.406319
103,u,-2.5,8097.988544
103,u,-1.5,3615.753806
103,u,-1,2572.565488
103,u,1,1145.286
103,u,1.5,1052.499761
103,v,-2.5,1649.183606
103,v,-1.5,1584.642762
103,v,-1,1564.295568
103,v,1,1523.65421
103,v,1.5,1519.114137
103,d4,0.1,1743.214388
103,d4,0.15,1865.935532
103,dc,0.1,1662.01101
103,dc,0.15,1736.056103
104,u,-2.5,9952.199396
104,u,-1.5,4330.57363
104,u,-1,3023.824818
104,u,1,1239.763322
104,u,1.5,1124.41456
104,v,-2.5,1857.338345
104,v,-1.5,1783.222782
104,v,-1,1759.857055
104,v,1,1713.186498
104,v,1.5,1707.9729
104,d4,0.1,1976.451928
104,d4,0.15,2126.269585
104,dc,-0.15,1550.834385
104,dc,-0.1,1604.251774
104,dc,0.1,1888.352373
104,dc,0.15,1984.559887
105,u,-2.5,10156.47552
105,u,-1.5,4377.47785
105,u,-1,3034.042014
105,u,1,1198.540209
105,u,1.5,1079.345159
105,v,-2.5,1832.943762
105,v,-1.5,1757.575362
105,v,-1,1733.814664
105,v,1,1686.355197
105,v,1.5,1681.053468
105,d4,0.1,1914.184749
105,d4,0.15,2039.130987
105,dc,0.1,1837.750288
105,dc,0.15,1917.352079
106,u,-2.5,11250.94827
106,u,-1.5,4908.573589
106,u,-1,3435.748733
106,u,1,1430.041292
106,u,1.5,1241.330965
106,v,-2.5,2116.678111
106,v,-1.5,2036.890801
106,v,-1,2011.736995
106,v,1,1961.49494
106,v,1.5,1955.882367
106,d4,0.1,2354.396269
106,d4,0.15,2597.482043
106,dc,-0.15,1712.925758
106,dc,-0.1,1790.095026
106,dc,0.1,2235.899424
106,dc,0.15,2401.990284
107,u,-2.5,12543.90122
107,u,-1.5,5280.372506
107,u,-1,3593.721312
107,u,1,1293.427091
107,u,1.5,1144.662651
107,v,-2.5,2074.011467
107,v,-1.5,1987.368504
107,v,-1,1960.053379
107,v,1,1905.494321
107,v,1.5,1899.399493
107,d4,0.1,2168.124353
107,d4,0.15,2313.012274
107,dc,0.1,2089.109539
107,dc,0.15,2186.855684
108,u,-2.5,13942.82599
108,u,-1.5,5848.054719
108,u,-1,3969.57994
108,u,1,1411.207509
108,u,1.5,1246.521689
108,v,-2.5,2271.782051
108,v,-1.5,2179.222686
108,v,-1,2150.042352
108,v,1,2091.757736
108,v,1.5,2085.246723
108,d4,0.1,2419.343394
108,d4,0.15,2607.146951
108,dc,-0.15,1872.07482
108,dc,-0.1,1943.554163
108,dc,0.1,2327.805238
108,dc,0.15,2459.485276
109,u,-2.5,21064.52543
109,u,-1.5,8490.388399
109,u,-1,5577.532935
109,u,1,1619.629451
109,u,1.5,1365.650486
109,v,-2.5,2910.859079
109,v,-1.5,2789.868225
109,v,-1,2751.72456
109,v,1,2675.536641
109,v,1.5,2667.025639
109,d4,0.1,3060.558679
109,d4,0.15,3276.641244
109,dc,-0.1,2485.371315
109,dc,0.1,2975.495693
109,dc,0.15,3140.149723
110,u,-2.5,1484.015972
110,u,-1.5,1112.188531
110,u,-1,1024.331533
110,u,1,861.1975932
110,u,1.5,852.9415946
110,v,-2.5,979.9815748
110,v,-1.5,932.6346696
110,v,-1,917.7080493
110,v,1,887.8937117
110,v,1.5,884.5631325
110,d4,0.1,1019.849912
110,d4,0.15,1090.824155
110,dc,0.1,898.4582342
110,dc,0.15,898.4582342
111,u,-2.5,1479.74656
111,u,-1.5,1092.270346
111,u,-1,1000.459202
111,u,1,864.2339132
111,u,1.5,854.9940837
111,v,-2.5,988.2985125
111,v,-1.5,939.7835161
111,v,-1,924.4886425
111,v,1,893.938758
111,v,1.5,890.5260104
111,d4,0.1,1026.491512
111,d4,0.15,1097.690051
111,dc,0.1,904.7639169
111,dc,0.15,904.7639169
112,u,-2.5,1552.876025
112,u,-1.5,1153.649874
112,u,-1,1036.705169
112,u,1,862.6769722
112,u,1.5,854.3721002
112,v,-2.5,985.9920435
112,v,-1.5,936.4597707
112,v,-1,920.8441899
112,v,1,889.6537266
112,v,1.5,886.1694195
112,d4,0.1,1022.226298
112,d4,0.15,1093.285049
112,dc,-0.1,900.7058706
112,dc,0.1,900.7058706
112,dc,0.15,900.7058706
113,u,-2.5,1531.225341
113,u,-1.5,1123.057278
113,u,-1,1026.560584
113,u,1,865.2868182
113,u,1.5,855.98752
113,v,-2.5,992.6181549
113,v,-1.5,942.4694136
113,v,-1,926.6594844
113,v,1,895.080831
113,v,1.5,891.553159
113,d4,0.1,1028.072932
113,d4,0.15,1099.319964
113,dc,0.1,906.2705277
113,dc,0.15,906.2705277
114,u,-2.5,1524.009703
114,u,-1.5,1110.51296
114,u,-1,1012.614154
114,u,1,866.7774316
114,u,1.5,856.9482966
114,v,-2.5,997.1930757
114,v,-1.5,946.6700041
114,v,-1,930.7420632
114,v,1,898.9276941
114,v,1.5,895.3736902
114,d4,0.1,1032.411937
114,d4,0.15,1103.922749
114,dc,0.1,910.2009152
114,dc,0.15,910.2009152
115,u,-2.5,1524.009703
115,u,-1.5,1110.51296
115,u,-1,1012.614154
115,u,1,866.7774316
115,u,1.5,856.9482966
115,v,-2.5,997.1930757
115,v,-1.5,946.6700041
115,v,-1,930.7420632
115,v,1,898.9276941
115,v,1.5,895.3736902
115,d4,0.1,1032.411937
115,d4,0.15,1103.922749
115,dc,0.1,910.2009152
115,dc,0.15,910.2009152
116,u,-2.5,1524.009703
116,u,-1.5,1110.51296
116,u,-1,1012.614154
116,u,1,866.7774316
116,u,1.5,856.9482966
116,v,-2.5,997.1930757
116,v,-1.5,946.6700041
116,v,-1,930.7420632
116,v,1,898.9276941
116,v,1.5,895.3736902
116,d4,0.1,1032.411937
116,d4,0.15,1103.922749
116,dc,0.1,910.2009152
116,dc,0.15,910.2009152
117,u,-2.5,1524.009703
117,u,-1.5,1110.51296
117,u,-1,1012.614154
117,u,1,866.7774316
117,u,1.5,856.9482966
117,v,-2.5,997.1930757
117,v,-1.5,946.6700041
117,v,-1,930.7420632
117,v,1,898.9276941
117,v,1.5,895.3736902
117,d4,0.1,1032.411937
117,d4,0.15,1103.922749
117,dc,0.1,910.2009152
117,dc,0.15,910.2009152
118,u,-2.5,1619.652394
118,u,-1.5,1206.436815
118,u,-1,1044.220392
118,u,1,862.1522278
118,u,1.5,854.3675927
118,v,-2.5,986.7900812
118,v,-1.5,936.111745
118,v,-1,920.1348554
118,v,1,888.2227162
118,v,1.5,884.6577902
118,d4,0.1,1021.151756
118,d4,0.15,1092.270096
118,dc,-0.15,899.5305815
118,dc,-0.1,899.5305815
118,dc,0.1,899.5305815
118,dc,0.15,899.5305815
119,u,-2.5,1612.474204
119,u,-1.5,1140.955246
119,u,-1,1029.392048
119,u,1,872.3333722
119,u,1.5,861.4568253
119,v,-2.5,1011.05349
119,v,-1.5,956.2413822
119,v,-1,938.9612768
119,v,1,904.4461027
119,v,1.5,900.59039
119,d4,0.1,1038.173084
119,d4,0.15,1109.229522
119,dc,0.1,923.1790989
119,dc,0.15,923.1790989
120,u,-2.5,1769.901576
120,u,-1.5,1297.786675
120,u,-1,1056.520627
120,u,1,865.0690366
120,u,1.5,857.1297791
120,v,-2.5,998.6596533
120,v,-1.5,943.5463852
120,v,-1,926.1713356
120,v,1,891.4665206
120,v,1.5,887.589623
120,d4,0.1,1025.62914
120,d4,0.15,1096.907646
120,dc,-0.15,903.7639529
120,dc,-0.1,903.7639529
120,dc,0.1,903.7639529
120,dc,0.15,903.7639529
121,u,-2.5,1778.79851
121,u,-1.5,1206.509873
121,u,-1,1071.375277
121,u,1,881.7598082
121,u,1.5,868.7104348
121,v,-2.5,1041.599495
121,v,-1.5,979.7741672
121,v,-1,960.2830687
121,v,1,921.3516707
121,v,1.5,917.0026188
121,d4,0.1,1057.889321
121,d4,0.15,1129.723951
121,dc,0.1,945.4579669
121,dc,0.15,945.4579669
122,u,-2.5,3241.467582
122,u,-1.5,2020.478819
122,u,-1,1575.059037
122,u,1,903.9280013
122,u,1.5,888.9951088
122,v,-2.5,1154.759618
122,v,-1.5,1055.604801
122,v,-1,1024.34518
122,v,1,961.9074099
122,v,1.5,954.9324457
122,d4,0.1,1114.44721
122,d4,0.15,1191.179033
122,dc,-0.15,984.0318401
122,dc,-0.1,984.0318401
122,dc,0.1,984.0318401
122,dc,0.15,984.0318401
123,u,-2.5,3160.38184
123,u,-1.5,1883.379578
123,u,-1,1585.350914
123,u,1,918.2243295
123,u,1.5,897.7541555
123,v,-2.5,1203.161321
123,v,-1.5,1101.385233
123,v,-1,1069.299229
123,v,1,1005.210845
123,v,1.5,998.0514893
123,d4,0.1,1164.291742
123,d4,0.15,1244.752538
123,dc,-0.15,1027.920159
123,dc,-0.1,1027.920159
123,dc,0.1,1027.920159
123,dc,0.15,1027.920159
124,u,-2.5,4219.192704
124,u,-1.5,2253.925467
124,u,-1,1795.537351
124,u,1,970.7868057
124,u,1.5,934.7698428
124,v,-2.5,1423.061653
124,v,-1.5,1290.541675
124,v,-1,1248.763329
124,v,1,1165.315522
124,v,1.5,1155.993513
124,d4,0.1,1356.300551
124,d4,0.15,1452.618275
124,dc,-0.15,1194.884726
124,dc,-0.1,1194.884726
124,dc,0.1,1194.884726
124,dc,0.15,1194.884726
125,u,-2.5,5728.185413
125,u,-1.5,2834.985162
125,u,-1,2161.167808
125,u,1,1066.10672
125,u,1.5,1006.204923
125,v,-2.5,1782.249596
125,v,-1.5,1614.342009
125,v,-1,1561.407339
125,v,1,1455.675962
125,v,1.5,1443.86464
125,d4,0.1,1753.805495
125,d4,0.15,1919.112639
125,dc,-0.15,1329.725436
125,dc,-0.1,1377.57287
125,dc,0.1,1560.911758
125,dc,0.15,1560.911758
126,u,-2.5,2437.323049
126,u,-1.5,1642.511683
126,u,-1,1242.383825
126,u,1,861.6757418
126,u,1.5,851.1728216
126,v,-2.5,947.4772602
126,v,-1.5,930.4827021
126,v,-1,925.1249851
126,v,1,914.4235149
126,v,1.5,913.2280466
126,d4,0.1,1044.016312
126,d4,0.15,1117.813778
126,dc,-0.15,918.2155134
126,dc,-0.1,918.2155134
126,dc,0.1,918.2155134
126,dc,0.15,918.2155134
127,u,-2.5,2364.825422
127,u,-1.5,1519.688279
127,u,-1,1322.011138
127,u,1,873.4905515
127,u,1.5,857.5607612
127,v,-2.5,993.642292
127,v,-1.5,975.577537
127,v,-1,969.882429
127,v,1,958.507056
127,v,1.5,957.2363056
127,d4,0.1,1095.812194
127,d4,0.15,1174.361479
127,dc,-0.15,962.5378477
127,dc,-0.1,962.5378477
127,dc,0.1,962.5378477
127,dc,0.15,962.5378477
128,u,-2.5,2429.48374
128,u,-1.5,1558.528234
128,u,-1,1354.951932
128,u,1,872.9471003
128,u,1.5,857.2513257
128,v,-2.5,991.3662363
128,v,-1.5,973.3014813
128,v,-1,967.6063734
128,v,1,956.2310004
128,v,1.5,954.96025
128,d4,0.1,1093.122456
128,d4,0.15,1171.408858
128,dc,-0.15,960.2617921
128,dc,-0.1,960.2617921
128,dc,0.1,960.2617921
128,dc,0.15,960.2617921
129,u,-2.5,2654.505699
129,u,-1.5,1616.149273
129,u,-1,1373.299648
129,u,1,886.6332454
129,u,1.5,865.2161447
129,v,-2.5,1054.267861
129,v,-1.5,1034.775672
129,v,-1,1028.63055
129,v,1,1016.356322
129,v,1.5,1014.98516
129,d4,0.1,1165.051458
129,d4,0.15,1250.662208
129,dc,-0.15,1020.705617
129,dc,-0.1,1020.705617
129,dc,0.1,1020.705617
129,dc,0.15,1020.705617
130,u,-2.5,2911.376232
130,u,-1.5,1745.712254
130,u,-1,1473.495041
130,u,1,886.4810931
130,u,1.5,865.5439962
130,v,-2.5,1043.784705
130,v,-1.5,1023.969428
130,v,-1,1017.722449
130,v,1,1005.244773
130,v,1.5,1003.850883
130,d4,0.1,1150.613486
130,d4,0.15,1234.017556
130,dc,-0.15,1009.666158
130,dc,-0.1,1009.666158
130,dc,0.1,1009.666158
130,dc,0.15,1009.666158
131,u,-2.5,2580.583259
131,u,-1.5,1558.130442
131,u,-1,1318.687203
131,u,1,890.9673011
131,u,1.5,868.1984994
131,v,-2.5,1064.964963
131,v,-1.5,1044.458333
131,v,-1,1037.993397
131,v,1,1025.080376
131,v,1.5,1023.637854
131,d4,0.1,1174.397813
131,d4,0.15,1260.223208
131,dc,-0.15,985.9459298
131,dc,-0.1,1014.054199
131,dc,0.1,1029.656024
131,dc,0.15,1029.656024
132,u,-2.5,3124.133905
132,u,-1.5,1789.407426
132,u,-1,1477.502975
132,u,1,906.0111408
132,u,1.5,875.9046525
132,v,-2.5,1168.212901
132,v,-1.5,1147.335652
132,v,-1,1140.753875
132,v,1,1127.607474
132,v,1.5,1126.138881
132,d4,0.1,1300.168012
132,d4,0.15,1401.039219
132,dc,-0.15,1052.23888
132,dc,-0.1,1086.239644
132,dc,0.1,1132.265818
132,dc,0.15,1132.265818
133,u,-2.5,2793.093276
133,u,-1.5,1649.482699
133,u,-1,1381.921311
133,u,1,896.6598044
133,u,1.5,871.6937707
133,v,-2.5,1093.302738
133,v,-1.5,1071.196802
133,v,-1,1064.227669
133,v,1,1050.307565
133,v,1.5,1048.752541
133,d4,0.1,1204.902505
133,d4,0.15,1293.880499
133,dc,-0.15,1013.253312
133,dc,-0.1,1043.663512
133,dc,0.1,1055.240066
133,dc,0.15,1055.240066
134,u,-2.5,4025.915153
134,u,-1.5,2118.000714
134,u,-1,1672.721829
134,u,1,941.9428303
134,u,1.5,896.763826
134,v,-2.5,1271.897404
134,v,-1.5,1247.809576
134,v,-1,1240.215629
134,v,1,1225.047528
134,v,1.5,1223.35309
134,d4,0.1,1439.110778
134,d4,0.15,1568.683655
134,dc,-0.15,1109.680339
134,dc,-0.1,1145.408892
134,dc,0.1,1337.64956
134,dc,0.15,1337.64956
135,u,-2.5,3545.631808
135,u,-1.5,1890.51114
135,u,-1,1503.490865
135,u,1,946.8647078
135,u,1.5,899.5339956
135,v,-2.5,1161.289049
135,v,-1.5,1136.079132
135,v,-1,1128.131434
135,v,1,1112.256754
135,v,1.5,1110.483383
135,d4,0.1,1274.983972
135,d4,0.15,1368.748317
135,dc,0.1,1194.44353
135,dc,0.15,1240.004363
136,u,-2.5,3556.65235
136,u,-1.5,1930.984255
136,u,-1,1551.189051
136,u,1,932.1250899
136,u,1.5,891.11074
136,v,-2.5,1217.049576
136,v,-1.5,1191.776686
136,v,-1,1183.809136
136,v,1,1167.894802
136,v,1.5,1166.117001
136,d4,0.1,1365.422097
136,d4,0.15,1483.455384
136,dc,-0.15,1065.170614
136,dc,-0.1,1097.390669
136,dc,0.1,1270.888031
136,dc,0.15,1293.354534
137,u,-2.5,4058.826427
137,u,-1.5,2117.143115
137,u,-1,1663.881376
137,u,1,959.0981016
137,u,1.5,904.8945396
137,v,-2.5,1260.545573
137,v,-1.5,1233.164525
137,v,-1,1224.532355
137,v,1,1207.290514
137,v,1.5,1205.364417
137,d4,0.1,1407.673685
137,d4,0.15,1526.84641
137,dc,-0.15,1100.554383
137,dc,-0.1,1134.137636
137,dc,0.1,1314.494926
137,dc,0.15,1376.346219
138,u,-2.5,4003.588593
138,u,-1.5,2084.964726
138,u,-1,1636.929514
138,u,1,960.3191038
138,u,1.5,907.9959585
138,v,-2.5,1246.854807
138,v,-1.5,1214.621144
138,v,-1,1204.459136
138,v,1,1184.161604
138,v,1.5,1181.894154
138,d4,0.1,1372.049993
138,d4,0.15,1481.698991
138,dc,-0.15,1086.564933
138,dc,-0.1,1117.915191
138,dc,0.1,1283.903105
138,dc,0.15,1339.914844
139,u,-2.5,7464.290266
139,u,-1.5,3393.753154
139,u,-1,2446.889316
139,u,1,1151.805124
139,u,1.5,992.8503676
139,v,-2.5,1568.814721
139,v,-1.5,1533.892261
139,v,-1,1522.882581
139,v,1,1500.891914
139,v,1.5,1498.435322
139,d4,0.1,1738.915017
139,d4,0.15,1879.819108
139,dc,-0.15,1354.102315
139,dc,-0.1,1400.101657
139,dc,0.1,1647.079502
139,dc,0.15,1731.647572
140,u,-2.5,7725.157339
140,u,-1.5,3441.322582
140,u,-1,2444.596988
140,u,1,1080.470045
140,u,1.5,991.3966647
140,v,-2.5,1516.31131
140,v,-1.5,1481.38885
140,v,-1,1470.37917
140,v,1,1448.388503
140,v,1.5,1445.931911
140,d4,0.1,1632.283217
140,d4,0.15,1735.648398
140,dc,0.1,1559.825186
140,dc,0.15,1620.578882
141,u,-2.5,4849.352973
141,u,-1.5,2369.758471
141,u,-1,1791.146999
141,u,1,995.7529222
141,u,1.5,943.4106217
141,v,-2.5,1278.497969
141,v,-1.5,1241.987649
141,v,-1,1230.477379
141,v,1,1207.486837
141,v,1.5,1204.918549
141,d4,0.1,1371.666046
141,d4,0.15,1463.714625
141,dc,0.1,1296.688798
141,dc,0.15,1344.40341
142,u,-2.5,5125.392972
142,u,-1.5,2476.340531
142,u,-1,1858.446917
142,u,1,1009.727989
142,u,1.5,954.000336
142,v,-2.5,1310.12332
142,v,-1.5,1271.816782
142,v,-1,1259.740235
142,v,1,1235.618615
142,v,1.5,1232.923973
142,d4,0.1,1405.013103
142,d4,0.15,1500.086123
142,dc,0.1,1329.167181
142,dc,0.15,1379.307001
143,u,-2.5,6608.942204
143,u,-1.5,3027.353813
143,u,-1,2193.233608
143,u,1,1049.89155
143,u,1.5,974.9761934
143,v,-2.5,1449.354398
143,v,-1.5,1400.497301
143,v,-1,1385.094577
143,v,1,1354.329272
143,v,1.5,1350.892459
143,d4,0.1,1531.029325
143,d4,0.15,1628.336458
143,dc,0.1,1458.563604
143,dc,0.15,1513.25494
144,u,-2.5,6610.957675
144,u,-1.5,3029.369283
144,u,-1,2195.249078
144,u,1,1051.907021
144,u,1.5,976.9916637
144,v,-2.5,1458.387109
144,v,-1.5,1405.454558
144,v,-1,1388.767003
144,v,1,1355.435385
144,v,1.5,1351.711888
144,d4,0.1,1533.044795
144,d4,0.15,1630.351928
144,dc,0.1,1460.579075
144,dc,0.15,1515.27041
145,u,-2.5,7124.394245
145,u,-1.5,3223.411299
145,u,-1,2315.321189
145,u,1,1071.515184
145,u,1.5,990.1535559
145,v,-2.5,1514.304573
145,v,-1.5,1456.242719
145,v,-1,1437.938096
145,v,1,1401.376557
145,v,1.5,1397.292244
145,d4,0.1,1584.814599
145,d4,0.15,1684.875944
145,dc,0.1,1512.352485
145,dc,0.15,1569.800053
146,u,-2.5,1514.489885
146,u,-1.5,1136.109654
146,u,-1,969.483969
146,u,1,851.4202599
146,u,1.5,845.8938829
146,v,-2.5,897.2997339
146,v,-1.5,885.3863497
146,v,-1,881.6305274
146,v,1,874.1286715
146,v,1.5,873.2906343
146,d4,0.1,996.7630135
146,d4,0.15,1066.745294
146,dc,-0.15,876.7869069
146,dc,-0.1,876.7869069
146,dc,0.1,876.7869069
146,dc,0.15,876.7869069
147,u,-2.5,1519.596388
147,u,-1.5,1184.92667
147,u,-1,986.4112913
147,u,1,852.712721
147,u,1.5,846.7567617
147,v,-2.5,901.8098533
147,v,-1.5,889.5664902
147,v,-1,885.7066385
147,v,1,877.9969949
147,v,1.5,877.1357456
147,d4,0.1,1001.106041
147,d4,0.15,1071.366112
147,dc,-0.15,880.7288585
147,dc,-0.1,880.7288585
147,dc,0.1,880.7288585
147,dc,0.15,880.7288585
148,u,-2.5,1501.719014
148,u,-1.5,1146.910879
148,u,-1,1003.37255
148,u,1,855.3770676
148,u,1.5,848.4667859
148,v,-2.5,909.3954685
148,v,-1.5,896.726358
148,v,-1,892.7322848
148,v,1,884.7545482
148,v,1.5,883.86335
148,d4,0.1,1008.413685
148,d4,0.15,1078.996606
148,dc,-0.15,887.5814089
148,dc,-0.1,887.5814089
148,dc,0.1,887.5814089
148,dc,0.15,887.5814089
149,u,-2.5,1772.611899
149,u,-1.5,1261.227854
149,u,-1,1121.239951
149,u,1,864.3000823
149,u,1.5,854.4849756
149,v,-2.5,939.304358
149,v,-1.5,923.4093285
149,v,-1,918.3982498
149,v,1,908.3891526
149,v,1.5,907.2710298
149,d4,0.1,1035.597594
149,d4,0.15,1108.020537
149,dc,-0.15,911.9358131
149,dc,-0.1,911.9358131
149,dc,0.1,911.9358131
149,dc,0.15,911.9358131
150,u,-2.5,1886.830089
150,u,-1.5,1275.842841
150,u,-1,1132.140428
150,u,1,873.3430073
150,u,1.5,860.1899499
150,v,-2.5,965.9589863
150,v,-1.5,948.2353297
150,v,-1,942.6477566
150,v,1,931.4871732
150,v,1.5,930.2404171
150,d4,0.1,1061.545728
150,d4,0.15,1135.512333
150,dc,-0.1,935.4418555
150,dc,0.1,935.4418555
150,dc,0.15,935.4418555
151,u,-2.5,2200.188272
151,u,-1.5,1451.174113
151,u,-1,1275.796368
151,u,1,876.4750521
151,u,1.5,862.0299805
151,v,-2.5,989.947849
151,v,-1.5,969.8136024
151,v,-1,963.466065
151,v,1,950.7875335
151,v,1.5,949.3712064
151,d4,0.1,1086.381076
151,d4,0.15,1163.542664
151,dc,-0.15,955.2800912
151,dc,-0.1,955.2800912
151,dc,0.1,955.2800912
151,dc,0.15,955.2800912
152,u,-2.5,2689.17988
152,u,-1.5,1590.876808
152,u,-1,1333.551997
152,u,1,903.5491466
152,u,1.5,879.5609169
152,v,-2.5,1079.97419
152,v,-1.5,1054.512609
152,v,-1,1046.485572
152,v,1,1030.452419
152,v,1.5,1028.661345
152,d4,0.1,1177.897374
152,d4,0.15,1261.721722
152,dc,-0.15,988.5889009
152,dc,-0.1,1015.081578
152,dc,0.1,1036.133666
152,dc,0.15,1036.133666
153,u,-2.5,3387.347603
153,u,-1.5,1826.36682
153,u,-1,1461.010399
153,u,1,942.4759298
153,u,1.5,903.7959424
153,v,-2.5,1150.942707
153,v,-1.5,1119.346257
153,v,-1,1109.385136
153,v,1,1089.488857
153,v,1.5,1087.266231
153,d4,0.1,1243.045556
153,d4,0.15,1329.762331
153,dc,0.1,1165.928624
153,dc,0.15,1178.834274
154,u,-2.5,3521.821353
154,u,-1.5,1923.235379
154,u,-1,1549.626168
154,u,1,937.158467
154,u,1.5,898.4610987
154,v,-2.5,1233.257201
154,v,-1.5,1201.176202
154,v,-1,1191.062322
154,v,1,1170.860923
154,v,1.5,1168.604212
154,d4,0.1,1369.351004
154,d4,0.15,1487.033803
154,dc,-0.15,1070.753387
154,dc,-0.1,1102.648618
154,dc,0.1,1248.051256
154,dc,0.15,1248.051256
155,u,-2.5,5522.494147
155,u,-1.5,2641.466906
155,u,-1,1969.669754
155,u,1,1043.252041
155,u,1.5,959.9177783
155,v,-2.5,1381.43574
155,v,-1.5,1335.41356
155,v,-1,1320.904574
155,v,1,1291.924415
155,v,1.5,1288.687023
155,d4,0.1,1476.473507
155,d4,0.15,1580.315041
155,dc,0.1,1396.567992
155,dc,0.15,1452.691766
156,u,-2.5,7474.305186
156,u,-1.5,3393.013266
156,u,-1,2443.214211
156,u,1,1144.409878
156,u,1.5,1020.163843
156,v,-2.5,1599.630599
156,v,-1.5,1542.679214
156,v,-1,1524.724679
156,v,1,1488.862402
156,v,1.5,1484.856203
156,d4,0.1,1713.723557
156,d4,0.15,1841.881582
156,dc,-0.1,1401.306732
156,dc,0.1,1627.538382
156,dc,0.15,1703.520033
157,u,-2.5,9367.474724
157,u,-1.5,4072.615577
157,u,-1,2841.592964
157,u,1,1159.219011
157,u,1.5,1049.788499
157,v,-2.5,1736.867661
157,v,-1.5,1670.113693
157,v,-1,1649.068788
157,v,1,1607.033826
157,v,1.5,1602.338073
157,d4,0.1,1815.484418
157,d4,0.15,1929.301639
157,dc,0.1,1741.89487
157,dc,0.15,1812.361189
158,u,-2.5,23160.557
158,u,-1.5,9235.915307
158,u,-1,6012.040856
158,u,1,1634.676253
158,u,1.5,1353.880004
158,v,-2.5,3038.82678
158,v,-1.5,2918.584087
158,v,-1,2880.676287
158,v,1,2804.959485
158,v,1.5,2796.501112
158,d4,0.1,3153.747508
158,d4,0.15,3343.148375
158,dc,0.1,3080.231382
158,dc,0.15,3226.322809
159,u,-2.5,24345.64218
159,u,-1.5,9689.543399
159,u,-1,6297.063573
159,u,1,1692.714455
159,u,1.5,1397.730615
159,v,-2.5,3164.945138
159,v,-1.5,3040.904826
159,v,-1,3001.799786
159,v,1,2923.691624
159,v,1.5,2914.96611
159,d4,0.1,3306.085985
159,d4,0.15,3516.744657
159,dc,0.1,3228.200879
159,dc,0.15,3392.536844
160,u,-2.5,66809.63601
160,u,-1.5,25486.9765
160,u,-1,15953.43876
160,u,1,3081.228375
160,u,1.5,2265.034868
160,v,-2.5,6984.63426
160,v,-1.5,6752.183557
160,v,-1,6678.900977
160,v,1,6532.526812
160,v,1.5,6516.175258
160,d4,0.1,7312.624802
160,d4,0.15,7741.213906
160,dc,0.1,7239.19507
160,dc,0.15,7624.523311
161,u,-2.5,2084.548287
161,u,-1.5,1144.062109
161,u,-1,1003.802179
161,u,1,884.4282612
161,u,1.5,878.3371274
161,v,-2.5,972.4438976
161,v,-1.5,937.1057433
161,v,-1,925.9650107
161,v,1,903.7125813
161,v,1.5,901.2267478
161,d4,0.1,1039.054288
161,d4,0.15,1113.931236
161,dc,-0.15,911.5975893
161,dc,-0.1,911.5975893
161,dc,0.1,911.5975893
161,dc,0.15,911.5975893
162,u,-2.5,1977.887586
162,u,-1.5,1429.908067
162,u,-1,1129.373133
162,u,1,936.9893613
162,u,1.5,928.8401842
162,v,-2.5,1039.271733
162,v,-1.5,1003.187911
162,v,-1,991.8120984
162,v,1,969.0901222
162,v,1.5,966.5518354
162,d4,0.1,1118.122024
162,d4,0.15,1201.813485
162,dc,-0.15,977.1415112
162,dc,-0.1,977.1415112
162,dc,0.1,977.1415112
162,dc,0.15,977.1415112
163,u,-2.5,2086.109751
163,u,-1.5,1360.415887
163,u,-1,1118.048348
163,u,1,948.0315718
163,u,1.5,940.3328393
163,v,-2.5,1047.271388
163,v,-1.5,1010.645321
163,v,-1,999.0985594
163,v,1,976.0351313
163,v,1.5,973.4587006
163,d4,0.1,1127.561297
163,d4,0.15,1212.816622
163,dc,-0.15,984.2075116
163,dc,-0.1,984.2075116
163,dc,0.1,984.2075116
163,dc,0.15,984.2075116
164,u,-2.5,3393.112175
164,u,-1.5,1441.458056
164,u,-1,1166.479008
164,u,1,983.009832
164,u,1.5,974.9436741
164,v,-2.5,1111.834303
164,v,-1.5,1058.934981
164,v,-1,1042.257901
164,v,1,1008.947207
164,v,1.5,1005.226048
164,d4,-0.1,899.5398644
164,d4,0.1,1171.070937
164,d4,0.15,1260.905023
164,dc,-0.15,1020.750642
164,dc,-0.1,1020.750642
164,dc,0.1,1020.750642
164,dc,0.15,1020.750642
165,u,-2.5,3305.059008
165,u,-1.5,1332.878287
165,u,-1,1065.190582
165,u,1,888.1025575
165,u,1.5,880.0592704
165,v,-2.5,1019.156318
165,v,-1.5,964.7736448
165,v,-1,947.6289231
165,v,1,913.3841636
165,v,1.5,909.5586591
165,d4,0.1,1052.10741
165,d4,0.15,1126.439143
165,dc,-0.15,925.5185782
165,dc,-0.1,925.5185782
165,dc,0.1,925.5185782
165,dc,0.15,925.5185782
166,u,-2.5,3088.300328
166,u,-1.5,1916.567126
166,u,-1,1438.703111
166,u,1,896.0583597
166,u,1.5,880.8444621
166,v,-2.5,1075.384347
166,v,-1.5,1016.758758
166,v,-1,998.2764116
166,v,1,961.3598886
166,v,1.5,957.2359197
166,d4,0.1,1106.457009
166,d4,0.15,1184.210259
166,dc,-0.15,974.4410257
166,dc,-0.1,974.4410257
166,dc,0.1,974.4410257
166,dc,0.15,974.4410257
167,u,-2.5,3066.11175
167,u,-1.5,1835.808584
167,u,-1,1548.605489
167,u,1,907.5974046
167,u,1.5,887.5027597
167,v,-2.5,1119.080838
167,v,-1.5,1058.735432
167,v,-1,1039.710895
167,v,1,1001.711404
167,v,1.5,997.4664557
167,d4,0.1,1153.721689
167,d4,0.15,1235.596995
167,dc,-0.15,1015.176284
167,dc,-0.1,1015.176284
167,dc,0.1,1015.176284
167,dc,0.15,1015.176284
168,u,-2.5,5093.785672
168,u,-1.5,2821.211029
168,u,-1,2293.286234
168,u,1,918.1623957
168,u,1.5,894.8320833
168,v,-2.5,1200.476458
168,v,-1.5,1112.447022
168,v,-1,1084.694797
168,v,1,1029.262677
168,v,1.5,1023.070318
168,d4,0.1,1190.106552
168,d4,0.15,1273.622918
168,dc,-0.15,1048.904699
168,dc,-0.1,1048.904699
168,dc,0.1,1048.904699
168,dc,0.15,1048.904699
169,u,-2.5,34568.90793
169,u,-1.5,15041.43107
169,u,-1,10534.01213
169,u,1,1364.066285
169,u,1.5,1218.456454
169,v,-2.5,6669.120274
169,v,-1.5,6343.266052
169,v,-1,6240.537009
169,v,1,6035.346664
169,v,1.5,6012.424716
169,d4,0.1,19925.20168
169,dc,-0.15,3352.251472
169,dc,-0.1,3896.239178
169,dc,0.1,18421.32271
170,u,-2.5,1916.213855
170,u,-1.5,1262.940061
170,u,-1,1109.399805
170,u,1,876.8613925
170,u,1.5,861.804858
170,v,-2.5,1053.170061
170,v,-1.5,991.9964613
170,v,-1,972.7108271
170,v,1,934.1898225
170,v,1.5,929.8866158
170,d4,0.1,1082.087897
170,d4,0.15,1160.820244
170,dc,0.1,947.8394975
170,dc,0.15,947.8394975
171,u,-2.5,2312.236844
171,u,-1.5,1422.581682
171,u,-1,1214.042687
171,u,1,896.6437586
171,u,1.5,876.1807581
171,v,-2.5,1126.894695
171,v,-1.5,1052.841184
171,v,-1,1029.495019
171,v,1,982.8635363
171,v,1.5,977.6543028
171,d4,0.1,1139.842156
171,d4,0.15,1222.477786
171,dc,0.1,999.3871081
171,dc,0.15,999.3871081
172,u,-2.5,1462.240574
172,u,-1.5,1082.032794
172,u,-1,991.9600653
172,u,1,861.0769749
172,u,1.5,851.9054702
172,v,-2.5,985.0068438
172,v,-1.5,936.1497468
172,v,-1,920.7470224
172,v,1,889.9817172
172,v,1.5,886.5449049
172,d4,0.1,1024.754918
172,d4,0.15,1097.255158
172,dc,0.1,902.1162855
172,dc,0.15,902.1162855
173,u,-2.5,1635.948188
173,u,-1.5,1153.24116
173,u,-1,1039.208846
173,u,1,871.2946469
173,u,1.5,859.7088801
173,v,-2.5,1022.315724
173,v,-1.5,965.3850096
173,v,-1,947.4369905
173,v,1,911.5877296
173,v,1.5,907.5829852
173,d4,0.1,1050.798117
173,d4,0.15,1124.538916
173,dc,0.1,924.9347606
173,dc,0.15,924.9347606
174,u,-2.5,1478.567448
174,u,-1.5,1110.030021
174,u,-1,1022.945229
174,u,1,861.0413682
174,u,1.5,852.6958796
174,v,-2.5,980.867846
174,v,-1.5,933.7820343
174,v,-1,918.9377265
174,v,1,889.2877994
174,v,1.5,885.9755866
174,d4,0.1,1021.659251
174,d4,0.15,1092.937757
174,dc,0.1,899.7940641
174,dc,0.15,899.7940641
175,u,-2.5,1477.319493
175,u,-1.5,1089.24347
175,u,-1,997.2563711
175,u,1,864.6851595
175,u,1.5,855.2077465
175,v,-2.5,987.7807105
175,v,-1.5,939.2261843
175,v,-1,923.9188485
175,v,1,893.344072
175,v,1.5,889.9285438
175,d4,0.1,1026.047622
175,d4,0.15,1097.374999
175,dc,0.1,907.6172622
175,dc,0.15,907.6172622
176,u,-2.5,1477.319493
176,u,-1.5,1089.24347
176,u,-1,997.2563711
176,u,1,864.6851595
176,u,1.5,855.2077465
176,v,-2.5,987.7807105
176,v,-1.5,939.2261843
176,v,-1,923.9188485
176,v,1,893.344072
176,v,1.5,889.9285438
176,d4,0.1,1026.047622
176,d4,0.15,1097.374999
176,dc,0.1,907.6172622
176,dc,0.15,907.6172622
177,u,-2.5,1483.902836
177,u,-1.5,1091.855853
177,u,-1,998.937893
177,u,1,865.0935442
177,u,1.5,855.5173762
177,v,-2.5,989.0636193
177,v,-1.5,940.1998521
177,v,-1,924.7950248
177,v,1,894.0255195
177,v,1.5,890.5882379
177,d4,0.1,1026.843787
177,d4,0.15,1098.200952
177,dc,0.1,908.5383139
177,dc,0.15,908.5383139
178,u,-2.5,1581.699582
178,u,-1.5,1156.313039
178,u,-1,1055.967829
178,u,1,866.1260574
178,u,1.5,856.6151457
178,v,-2.5,999.7291313
178,v,-1.5,948.2330695
178,v,-1,931.9983831
178,v,1,899.5713223
178,v,1.5,895.9488741
178,d4,0.1,1034.07135
178,d4,0.15,1106.093326
178,dc,-0.1,905.9462364
178,dc,0.1,911.0616468
178,dc,0.15,911.0616468
179,u,-2.5,1577.348696
179,u,-1.5,1131.157492
179,u,-1,1025.591482
179,u,1,870.3447253
179,u,1.5,859.5167008
179,v,-2.5,1010.241895
179,v,-1.5,957.2686049
179,v,-1,940.5682062
179,v,1,907.2109347
179,v,1.5,903.4845721
179,d4,0.1,1043.327384
179,d4,0.15,1116.255984
179,dc,0.1,920.4130028
179,dc,0.15,920.4130028
180,u,-2.5,1600.667475
180,u,-1.5,1139.683163
180,u,-1,1030.641726
180,u,1,871.9139759
180,u,1.5,860.681245
180,v,-2.5,1013.65935
180,v,-1.5,959.6019839
180,v,-1,942.5598189
180,v,1,908.5199052
180,v,1.5,904.7172842
180,d4,0.1,1044.532111
180,d4,0.15,1117.22391
180,dc,0.1,924.1737939
180,dc,0.15,924.1737939
181,u,-2.5,1621.758925
181,u,-1.5,1148.473999
181,u,-1,1036.560049
181,u,1,873.0898788
181,u,1.5,861.5689414
181,v,-2.5,1018.266517
181,v,-1.5,963.3147099
181,v,-1,945.9905626
181,v,1,911.3874193
181,v,1.5,907.5218795
181,d4,0.1,1048.104436
181,d4,0.15,1121.127358
181,dc,0.1,926.9256144
181,dc,0.15,926.9256144
182,u,-2.5,1640.756883
182,u,-1.5,1157.830684
182,u,-1,1043.689096
182,u,1,873.8170095
182,u,1.5,862.1459833
182,v,-2.5,1024.300214
182,v,-1.5,968.6491333
182,v,-1,951.1045327
182,v,1,916.0610575
182,v,1.5,912.146328
182,d4,0.1,1053.041993
182,d4,0.15,1126.056104
182,dc,0.1,928.478492
182,dc,0.15,928.478492
183,u,-2.5,1664.589262
183,u,-1.5,1161.527962
183,u,-1,1042.583274
183,u,1,875.3208957
183,u,1.5,863.762112
183,v,-2.5,1020.757075
183,v,-1.5,963.6918937
183,v,-1,945.7014826
183,v,1,909.7675482
183,v,1.5,905.7533449
183,d4,0.1,1044.380203
183,d4,0.15,1115.677923
183,dc,0.1,931.7133185
183,dc,0.15,931.7133185
184,u,-2.5,1724.327904
184,u,-1.5,1194.326781
184,u,-1,1069.22259
184,u,1,877.9779706
184,u,1.5,865.3110443
184,v,-2.5,1039.749006
184,v,-1.5,980.7760376
184,v,-1,962.1841759
184,v,1,925.0489081
184,v,1.5,920.900503
184,d4,0.1,1063.87224
184,d4,0.15,1137.584135
184,dc,0.1,938.207556
184,dc,0.15,938.207556
185,u,-2.5,1874.561596
185,u,-1.5,1244.131071
185,u,-1,1095.408879
185,u,1,887.0580252
185,u,1.5,872.7630242
185,v,-2.5,1058.682419
185,v,-1.5,993.0307314
185,v,-1,972.3333318
185,v,1,930.9924757
185,v,1.5,926.3742616
185,d4,0.1,1069.127895
185,d4,0.15,1141.420042
185,dc,0.1,961.464747
185,dc,0.15,961.464747
186,u,-2.5,2372.721122
186,u,-1.5,1438.779652
186,u,-1,1219.236626
186,u,1,913.5033323
186,u,1.5,892.7751454
186,v,-2.5,1143.202029
186,v,-1.5,1059.468258
186,v,-1,1033.070287
186,v,1,980.3431466
186,v,1.5,974.4529632
186,d4,0.1,1126.577209
186,d4,0.15,1201.323552
186,dc,0.1,1032.977532
186,dc,0.15,1032.977532
187,u,-2.5,3986.10021
187,u,-1.5,2062.401237
187,u,-1,1612.629555
187,u,1,992.0010228
187,u,1.5,950.7316897
187,v,-2.5,1389.190814
187,v,-1.5,1258.524283
187,v,-1,1217.330256
187,v,1,1135.049564
187,v,1.5,1125.857934
187,d4,0.1,1305.810165
187,d4,0.15,1388.883873
187,dc,0.1,1233.880704
187,dc,0.15,1274.646929
188,u,-2.5,2523.703575
188,u,-1.5,1347.851431
188,u,-1,1056.979034
188,u,1,874.7058989
188,u,1.5,866.4315706
188,v,-2.5,1003.158631
188,v,-1.5,950.9029481
188,v,-1,934.428783
188,v,1,901.523389
188,v,1.5,897.8475059
188,d4,0.1,1034.962729
188,d4,0.15,1106.189174
188,dc,-0.15,913.1832078
188,dc,-0.1,913.1832078
188,dc,0.1,913.1832078
188,dc,0.15,913.1832078
189,u,-2.5,2660.488337
189,u,-1.5,1458.551138
189,u,-1,1085.357473
189,u,1,878.1113062
189,u,1.5,869.19585
189,v,-2.5,1016.126444
189,v,-1.5,960.5801038
189,v,-1,943.0685236
189,v,1,908.0910031
189,v,1.5,904.1836414
189,d4,0.1,1042.940754
189,d4,0.15,1114.604873
189,dc,-0.15,920.4850669
189,dc,-0.1,920.4850669
189,dc,0.1,920.4850669
189,dc,0.15,920.4850669
190,u,-2.5,2811.692919
190,u,-1.5,1309.711404
190,u,-1,1048.41497
190,u,1,876.6120182
190,u,1.5,868.6252874
190,v,-2.5,1012.107762
190,v,-1.5,954.6957181
190,v,-1,936.5959547
190,v,1,900.4436007
190,v,1.5,896.4049976
190,d4,0.1,1034.749034
190,d4,0.15,1105.789925
190,dc,-0.15,913.2539593
190,dc,-0.1,913.2539593
190,dc,0.1,913.2539593
190,dc,0.15,913.2539593
191,u,-2.5,2999.349164
191,u,-1.5,1142.60205
191,u,-1,994.9975463
191,u,1,873.0911423
191,u,1.5,866.68505
191,v,-2.5,1001.859293
191,v,-1.5,943.1067963
191,v,-1,924.5844408
191,v,1,887.5880042
191,v,1.5,883.455108
191,d4,0.1,1020.80757
191,d4,0.15,1090.923685
191,dc,-0.15,900.6974582
191,dc,-0.1,900.6974582
191,dc,0.1,900.6974582
191,dc,0.15,900.6974582
192,u,-2.5,2577.943544
192,u,-1.5,1668.579178
192,u,-1,1185.949743
192,u,1,889.6934282
192,u,1.5,877.0794777
192,v,-2.5,1052.144916
192,v,-1.5,992.6901909
192,v,-1,973.9464504
192,v,1,936.5078205
192,v,1.5,932.3255267
192,d4,0.1,1074.931447
192,d4,0.15,1148.305027
192,dc,-0.15,949.7739629
192,dc,-0.1,949.7739629
192,dc,0.1,949.7739629
192,dc,0.15,949.7739629
193,u,-2.5,2914.967314
193,u,-1.5,1221.873922
193,u,-1,1022.852276
193,u,1,876.0175288
193,u,1.5,868.775941
193,v,-2.5,1011.911291
193,v,-1.5,951.7315003
193,v,-1,932.7591749
193,v,1,894.8639712
193,v,1.5,890.6306732
193,d4,0.1,1029.09414
193,d4,0.15,1099.677978
193,dc,-0.15,908.2918977
193,dc,-0.1,908.2918977
193,dc,0.1,908.2918977
193,dc,0.15,908.2918977
194,u,-2.5,3423.749417
194,u,-1.5,1188.042081
194,u,-1,1013.801406
194,u,1,878.5084553
194,u,1.5,871.63965
194,v,-2.5,1023.884699
194,v,-1.5,956.911966
194,v,-1,935.7980928
194,v,1,893.6253749
194,v,1.5,888.914233
194,d4,0.1,1029.052994
194,d4,0.15,1099.423552
194,dc,-0.15,908.5690116
194,dc,-0.1,908.5690116
194,dc,0.1,908.5690116
194,dc,0.15,908.5690116
195,u,-2.5,3273.560526
195,u,-1.5,2102.914072
195,u,-1,1215.377254
195,u,1,890.2328514
195,u,1.5,878.986757
195,v,-2.5,1063.369505
195,v,-1.5,996.3967717
195,v,-1,975.2828985
195,v,1,933.1101806
195,v,1.5,928.3990387
195,d4,0.1,1073.39625
195,d4,0.15,1146.900217
195,dc,-0.15,948.0538173
195,dc,-0.1,948.0538173
195,dc,0.1,948.0538173
195,dc,0.15,948.0538173
196,u,-2.5,3665.667491
196,u,-1.5,1640.308047
196,u,-1,1128.877177
196,u,1,888.7956508
196,u,1.5,879.1258623
196,v,-2.5,1060.387028
196,v,-1.5,987.9789396
196,v,-1,965.1515123
196,v,1,919.5561523
196,v,1.5,914.4626648
196,d4,0.1,1059.031853
196,d4,0.15,1131.250007
196,dc,-0.15,935.7125806
196,dc,-0.1,935.7125806
196,dc,0.1,935.7125806
196,dc,0.15,935.7125806
197,u,-2.5,3962.928719
197,u,-1.5,2462.566218
197,u,-1,1287.599696
197,u,1,899.1025929
197,u,1.5,886.777554
197,v,-2.5,1099.817662
197,v,-1.5,1020.612924
197,v,-1,995.6427801
197,v,1,945.7675711
197,v,1.5,940.1959789
197,d4,0.1,1090.121775
197,d4,0.15,1164.471764
197,dc,-0.15,963.4405369
197,dc,-0.1,963.4405369
197,dc,0.1,963.4405369
197,dc,0.15,963.4405369
198,u,-2.5,4745.728403
198,u,-1.5,1222.262334
198,u,-1,1030.974709
198,u,1,887.9165343
198,u,1.5,880.7907816
198,v,-2.5,1064.211893
198,v,-1.5,980.0193066
198,v,-1,953.4766897
198,v,1,900.4606331
198,v,1.5,894.5381748
198,d4,0.1,1039.95234
198,d4,0.15,1110.471817
198,dc,-0.15,919.2465384
198,dc,-0.1,919.2465384
198,dc,0.1,919.2465384
198,dc,0.15,919.2465384
199,u,-2.5,4448.797964
199,u,-1.5,2745.601043
199,u,-1,1279.215665
199,u,1,902.9559988
199,u,1.5,890.9488441
199,v,-2.5,1117.660877
199,v,-1.5,1029.640246
199,v,-1,1001.890797
199,v,1,946.4642222
199,v,1.5,940.2724833
199,d4,0.1,1092.53816
199,d4,0.15,1166.732009
199,dc,-0.15,966.1042796
199,dc,-0.1,966.1042796
199,dc,0.1,966.1042796
199,dc,0.15,966.1042796
200,u,-2.5,95931.53388
200,u,-1.5,3561.004087
200,u,-1,2370.54862
200,u,1,1992.4697
200,u,1.5,
200,v,-2.5,2496.360407
200,v,-1.5,2232.910954
200,v,-1,2149.855685
200,v,1,1983.961612
200,v,1.5,1965.429477
200,d4,-0.15,1557.550002
200,d4,-0.1,1692.458209
200,dc,-0.15,2042.745131
200,dc,-0.1,2042.745131
201,u,-2.5,124881.4556
201,u,-1.5,7976.305334
201,u,-1,3748.745569
201,u,1,2897.082951
201,u,1.5,
201,v,-2.5,3535.791815
201,v,-1.5,3221.870051
201,v,-1,3122.902844
201,v,1,2925.226365
201,v,1.5,2903.143797
201,d4,-0.15,2082.588269
201,d4,-0.1,2318.658396
201,dc,-0.15,2995.271779
201,dc,-0.1,2995.271779
202,u,-2.5,163644.9132
202,u,-1.5,130867.1578
202,u,-1,5700.389781
202,u,1,3363.972009
202,u,1.5,3336.030171
202,v,-2.5,4307.6442
202,v,-1.5,3873.862274
202,v,-1,3737.107863
202,v,1,3463.955462
202,v,1.5,3433.441429
202,d4,-0.15,2384.02427
202,d4,-0.1,2677.862845
202,dc,-0.15,3560.745293
202,dc,-0.1,3560.745293
203,u,-2.5,272835.1871
203,u,-1.5,201694.771
203,u,-1,36367.10407
203,u,1,3925.220914
203,u,1.5,3869.592331
203,v,-2.5,5582.421678
203,v,-1.5,4890.464365
203,v,-1,4672.317392
203,v,1,4236.591996
203,v,1.5,4187.916827
203,d4,-0.15,2818.788558
203,d4,-0.1,3194.005224
203,dc,-0.15,4390.988542
203,dc,-0.1,4390.988542
204,u,-2.5,415770.5703
204,u,-1.5,282691.1707
204,u,-1,252148.0421
204,u,1,4642.761121
204,u,1.5,4530.758901
204,v,-2.5,7529.862424
204,v,-1.5,6520.888288
204,v,-1,6202.798358
204,v,1,5567.447527
204,v,1.5,5496.47207
204,d4,-0.15,3444.54951
204,d4,-0.1,3964.670936
204,dc,-0.15,5792.580088
204,dc,-0.1,5792.580088
205,u,-2.5,762397.2088
205,u,-1.5,459020.2282
205,u,-1,389401.8721
205,u,1,6156.931246
205,u,1.5,5828.430542
205,v,-2.5,16134.34511
205,v,-1.5,14477.45887
205,v,-1,13955.10769
205,v,1,12911.76672
205,v,1.5,12795.21442
205,d4,-0.15,5373.137781
205,d4,-0.1,6612.364109
205,dc,-0.15,7792.956
205,dc,-0.1,10892.46275
206,u,-2.5,2108988.329
206,u,-1.5,1050488.965
206,u,-1,807684.6903
206,u,1,10578.62237
206,u,1.5,8430.459058
206,v,-2.5,576776.1381
206,v,-1.5,573262.687
206,v,-1,572155.0337
206,v,1,569942.6142
206,v,1.5,569695.4633
206,d4,-0.15,9333.855204
206,d4,-0.1,13073.828
206,dc,-0.15,9975.847827
206,dc,-0.1,13711.38304
207,u,-2.5,1595.173078
207,u,-1.5,1223.822475
207,u,-1,995.5429945
207,u,1,853.7325782
207,u,1.5,847.5679299
207,v,-2.5,905.3047443
207,v,-1.5,892.3392841
207,v,-1,888.2517836
207,v,1,880.0874357
207,v,1.5,879.1753911
207,d4,0.1,1003.56918
207,d4,0.15,1073.973478
207,dc,-0.15,882.9804209
207,dc,-0.1,882.9804209
207,dc,0.1,882.9804209
207,dc,0.15,882.9804209
208,u,-2.5,1606.16904
208,u,-1.5,1223.848971
208,u,-1,995.5694902
208,u,1,853.7740795
208,u,1.5,847.6097832
208,v,-2.5,905.4234894
208,v,-1.5,892.4044528
208,v,-1,888.3000618
208,v,1,880.1019768
208,v,1.5,879.1861634
208,d4,0.1,1003.595676
208,d4,0.15,1073.999974
208,dc,-0.15,883.0069165
208,dc,-0.1,883.0069165
208,dc,0.1,883.0069165
208,dc,0.15,883.0069165
209,u,-2.5,1693.988896
209,u,-1.5,1274.371755
209,u,-1,1009.154527
209,u,1,855.2960634
209,u,1.5,848.8378176
209,v,-2.5,910.9620084
209,v,-1.5,896.6616594
209,v,-1,892.1533209
209,v,1,883.1483937
209,v,1.5,882.1424474
209,d4,0.1,1007.240552
209,d4,0.15,1077.855719
209,dc,-0.15,886.3392329
209,dc,-0.1,886.3392329
209,dc,0.1,886.3392329
209,dc,0.15,886.3392329
210,u,-2.5,1671.015451
210,u,-1.5,1222.264727
210,u,-1,1071.869713
210,u,1,860.3920326
210,u,1.5,851.8812677
210,v,-2.5,926.4963478
210,v,-1.5,912.0557974
210,v,-1,907.5032588
210,v,1,898.4100467
210,v,1.5,897.3942381
210,d4,0.1,1024.121648
210,d4,0.15,1095.789575
210,dc,-0.15,901.6321691
210,dc,-0.1,901.6321691
210,dc,0.1,901.6321691
210,dc,0.15,901.6321691
211,u,-2.5,1719.580272
211,u,-1.5,1280.894727
211,u,-1,1047.499986
211,u,1,857.4700553
211,u,1.5,850.2305493
211,v,-2.5,918.7255335
211,v,-1.5,904.2422032
211,v,-1,899.6761778
211,v,1,890.5560273
211,v,1.5,889.5372094
211,d4,0.1,1015.601192
211,d4,0.15,1086.82133
211,dc,-0.15,893.7876952
211,dc,-0.1,893.7876952
211,dc,0.1,893.7876952
211,dc,0.15,893.7876952
212,u,-2.5,1860.146034
212,u,-1.5,1349.976038
212,u,-1,1028.097506
212,u,1,857.9836515
212,u,1.5,851.1704436
212,v,-2.5,917.5416743
212,v,-1.5,902.308124
212,v,-1,897.5055837
212,v,1,887.9130198
212,v,1.5,886.8414283
212,d4,0.1,1012.869249
212,d4,0.15,1083.917103
212,dc,-0.15,891.3120844
212,dc,-0.1,891.3120844
212,dc,0.1,891.3120844
212,dc,0.15,891.3120844
213,u,-2.5,1727.851597
213,u,-1.5,1247.884617
213,u,-1,1095.71716
213,u,1,862.337566
213,u,1.5,853.2970266
213,v,-2.5,933.4772142
213,v,-1.5,917.7657693
213,v,-1,912.8125675
213,v,1,902.9190735
213,v,1.5,901.8138648
213,d4,0.1,1029.462563
213,d4,0.15,1101.484435
213,dc,-0.15,906.4247707
213,dc,-0.1,906.4247707
213,dc,0.1,906.4247707
213,dc,0.15,906.4247707
214,u,-2.5,1725.052505
214,u,-1.5,1250.599611
214,u,-1,1085.211216
214,u,1,861.7544406
214,u,1.5,852.9803038
214,v,-2.5,931.6253632
214,v,-1.5,915.9139182
214,v,-1,910.9607165
214,v,1,901.0672224
214,v,1.5,899.9620137
214,d4,0.1,1027.364555
214,d4,0.15,1099.22777
214,dc,-0.15,904.5729197
214,dc,-0.1,904.5729197
214,dc,0.1,904.5729197
214,dc,0.15,904.5729197
215,u,-2.5,1800.283298
215,u,-1.5,1283.022476
215,u,-1,1119.836006
215,u,1,863.6872055
215,u,1.5,854.156419
215,v,-2.5,937.9248158
215,v,-1.5,922.032776
215,v,-1,917.0226398
215,v,1,907.0154252
215,v,1.5,905.8975127
215,d4,0.1,1034.149431
215,d4,0.15,1106.524769
215,dc,-0.15,910.5614186
215,dc,-0.1,910.5614186
215,dc,0.1,910.5614186
215,dc,0.15,910.5614186
216,u,-2.5,1862.396358
216,u,-1.5,1272.152311
216,u,-1,1133.371664
216,u,1,871.0155438
216,u,1.5,858.466135
216,v,-2.5,959.3050636
216,v,-1.5,942.836186
216,v,-1,937.6441955
216,v,1,927.2737462
216,v,1.5,926.1152565
216,d4,0.1,1056.826536
216,d4,0.15,1130.655261
216,dc,-0.15,917.0897158
216,dc,-0.1,930.9484495
216,dc,0.1,930.9484495
216,dc,0.15,930.9484495
217,u,-2.5,1889.793848
217,u,-1.5,1325.316337
217,u,-1,1155.025288
217,u,1,865.9408748
217,u,1.5,855.7449848
217,v,-2.5,946.0189404
217,v,-1.5,928.9137879
217,v,-1,923.5212049
217,v,1,912.7500934
217,v,1.5,911.5468455
217,d4,0.1,1040.91406
217,d4,0.15,1113.775093
217,dc,-0.15,916.5667689
217,dc,-0.1,916.5667689
217,dc,0.1,916.5667689
217,dc,0.15,916.5667689
218,u,-2.5,1842.437939
218,u,-1.5,1264.917254
218,u,-1,1129.112814
218,u,1,870.8459357
218,u,1.5,858.5927128
218,v,-2.5,959.4142237
218,v,-1.5,941.8467204
218,v,-1,936.3083763
218,v,1,925.2461226
218,v,1.5,924.010351
218,d4,0.1,1054.71291
218,d4,0.15,1128.332323
218,dc,-0.15,916.0168872
218,dc,-0.1,929.1659625
218,dc,0.1,929.1659625
218,dc,0.15,929.1659625
219,u,-2.5,1947.02321
219,u,-1.5,1307.743126
219,u,-1,1157.531536
219,u,1,874.0331439
219,u,1.5,860.5430727
219,v,-2.5,970.0816319
219,v,-1.5,952.2701285
219,v,-1,946.6548608
219,v,1,935.4389604
219,v,1.5,934.1860248
219,d4,0.1,1066.427769
219,d4,0.15,1140.97378
219,dc,-0.15,927.6028352
219,dc,-0.1,939.413244
219,dc,0.1,939.413244
219,dc,0.15,939.413244
220,u,-2.5,1971.995504
220,u,-1.5,1317.208952
220,u,-1,1163.372575
220,u,1,874.8987285
220,u,1.5,861.0608994
220,v,-2.5,972.9987824
220,v,-1.5,955.1872791
220,v,-1,949.5720114
220,v,1,938.3561109
220,v,1.5,937.1031754
220,d4,0.1,1069.779532
220,d4,0.15,1144.599542
220,dc,-0.15,929.5563175
220,dc,-0.1,942.3303945
220,dc,0.1,942.3303945
220,dc,0.15,942.3303945
221,u,-2.5,2104.638474
221,u,-1.5,1370.940174
221,u,-1,1198.701033
221,u,1,879.3933315
221,u,1.5,863.9509378
221,v,-2.5,989.0813172
221,v,-1.5,970.195191
221,v,-1,964.241137
221,v,1,952.3485468
221,v,1.5,951.0200177
221,d4,0.1,1086.116399
221,d4,0.15,1162.262025
221,dc,-0.15,943.6616167
221,dc,-0.1,956.5626111
221,dc,0.1,956.5626111
221,dc,0.15,956.5626111
222,u,-2.5,2013.41438
222,u,-1.5,1313.281308
222,u,-1,1148.607551
222,u,1,880.7466576
222,u,1.5,865.0864474
222,v,-2.5,989.1867268
222,v,-1.5,969.6945377
222,v,-1,963.5494158
222,v,1,951.2751878
222,v,1.5,949.9040258
222,d4,0.1,1084.108098
222,d4,0.15,1159.561126
222,dc,0.1,955.6244831
222,dc,0.15,955.6244831
223,u,-2.5,2195.991156
223,u,-1.5,1385.600519
223,u,-1,1195.216161
223,u,1,887.4666789
223,u,1.5,869.3847952
223,v,-2.5,1012.634288
223,v,-1.5,991.7570379
223,v,-1,985.1752608
223,v,1,972.0288604
223,v,1.5,970.5602674
223,d4,0.1,1108.212007
223,d4,0.15,1185.569182
223,dc,-0.1,952.7475662
223,dc,0.1,976.6872044
223,dc,0.15,976.6872044
224,u,-2.5,2030.379007
224,u,-1.5,1320.260947
224,u,-1,1153.254891
224,u,1,882.2133146
224,u,1.5,866.3182989
224,v,-2.5,995.0613401
224,v,-1.5,973.7950534
224,v,-1,967.0906282
224,v,1,953.6992514
224,v,1.5,952.2032919
224,d4,0.1,1087.209992
224,d4,0.15,1162.839595
224,dc,0.1,958.4444013
224,dc,0.15,958.4444013
225,u,-2.5,2263.245944
225,u,-1.5,1411.451677
225,u,-1,1211.40556
225,u,1,890.5265643
225,u,1.5,871.4499658
225,v,-2.5,1023.956782
225,v,-1.5,1001.850847
225,v,-1,994.8817132
225,v,1,980.9616097
225,v,1.5,979.4065858
225,d4,0.1,1118.752923
225,d4,0.15,1196.945745
225,dc,-0.1,958.8239657
225,dc,0.1,985.8941106
225,dc,0.15,985.8941106
226,u,-2.5,2357.433941
226,u,-1.5,1449.980086
226,u,-1,1236.982166
226,u,1,893.4890566
226,u,1.5,873.2946464
226,v,-2.5,1034.795153
226,v,-1.5,1012.234958
226,v,-1,1005.122614
226,v,1,990.9164634
226,v,1.5,989.329485
226,d4,0.1,1130.367033
226,d4,0.15,1209.5365
226,dc,-0.1,969.9630907
226,dc,0.1,995.9503234
226,dc,0.15,995.9503234
227,u,-2.5,2688.337258
227,u,-1.5,1553.474335
227,u,-1,1287.202265
227,u,1,913.3646754
227,u,1.5,885.927599
227,v,-2.5,1064.310842
227,v,-1.5,1039.037952
227,v,-1,1031.070402
227,v,1,1015.156068
227,v,1.5,1013.378267
227,d4,0.1,1154.915267
227,d4,0.15,1233.815546
227,dc,0.1,1056.287974
227,dc,0.15,1056.287974
228,u,-2.5,2644.596881
228,u,-1.5,1537.348261
228,u,-1,1277.508173
228,u,1,912.2596867
228,u,1.5,885.5553055
228,v,-2.5,1063.332767
228,v,-1.5,1036.705411
228,v,-1,1028.310851
228,v,1,1011.54361
228,v,1.5,1009.67053
228,d4,0.1,1151.208802
228,d4,0.15,1229.872791
228,dc,0.1,1050.217131
228,dc,0.15,1050.217131
229,u,-2.5,3076.559044
229,u,-1.5,1700.58222
229,u,-1,1378.180386
229,u,1,929.8117129
229,u,1.5,895.7498499
229,v,-2.5,1101.945543
229,v,-1.5,1075.318187
229,v,-1,1066.923627
229,v,1,1050.156386
229,v,1.5,1048.283306
229,d4,0.1,1193.706021
229,d4,0.15,1274.681701
229,dc,0.1,1119.210384
229,dc,0.15,1121.567751
230,u,-2.5,3146.407563
230,u,-1.5,1727.183855
230,u,-1,1394.719737
230,u,1,933.0718836
230,u,1.5,897.7759443
230,v,-2.5,1109.807523
230,v,-1.5,1082.426475
230,v,-1,1073.794305
230,v,1,1056.552464
230,v,1.5,1054.626367
230,d4,0.1,1200.900387
230,d4,0.15,1282.25026
230,dc,0.1,1126.405901
230,dc,0.15,1134.776934
231,u,-2.5,2951.940446
231,u,-1.5,1654.889947
231,u,-1,1350.855913
231,u,1,926.7921132
231,u,1.5,894.9454155
231,v,-2.5,1100.504527
231,v,-1.5,1069.422287
231,v,-1,1059.623278
231,v,1,1040.050797
231,v,1.5,1037.864343
231,d4,0.1,1183.447631
231,d4,0.15,1263.741787
231,dc,0.1,1101.390651
231,dc,0.15,1101.390651
232,u,-2.5,1902.162672
232,u,-1.5,1409.882568
232,u,-1,1035.108268
232,u,1,848.2286414
232,u,1.5,841.3330636
232,v,-2.5,920.3802076
232,v,-1.5,898.7921415
232,v,-1,891.9862719
232,v,1,878.3922706
232,v,1.5,876.8736758
232,d4,0.1,1005.281669
232,d4,0.15,1076.678707
232,dc,-0.15,883.2092192
232,dc,-0.1,883.2092192
232,dc,0.1,883.2092192
232,dc,0.15,883.2092192
233,u,-2.5,1963.33647
233,u,-1.5,1347.039266
233,u,-1,1202.576547
233,u,1,859.8013284
233,u,1.5,848.1254609
233,v,-2.5,961.7997853
233,v,-1.5,937.0802635
233,v,-1,929.2871688
233,v,1,913.7212903
233,v,1.5,911.9824158
233,d4,0.1,1045.685609
233,d4,0.15,1119.911375
233,dc,-0.15,919.2369612
233,dc,-0.1,919.2369612
233,dc,0.1,919.2369612
233,dc,0.15,919.2369612
234,u,-2.5,2863.63156
234,u,-1.5,1714.20731
234,u,-1,1445.572547
234,u,1,886.5578772
234,u,1.5,865.5881136
234,v,-2.5,1066.127256
234,v,-1.5,1029.823144
234,v,-1,1018.377883
234,v,1,995.5171904
234,v,1.5,992.9634075
234,d4,0.1,1142.131787
234,d4,0.15,1223.972228
234,dc,-0.15,1003.617733
234,dc,-0.1,1003.617733
234,dc,0.1,1003.617733
234,dc,0.15,1003.617733
235,u,-2.5,4338.906083
235,u,-1.5,2195.677603
235,u,-1,1695.196303
235,u,1,981.637794
235,u,1.5,921.2891738
235,v,-2.5,1288.742881
235,v,-1.5,1235.571292
235,v,-1,1218.808377
235,v,1,1185.326237
235,v,1.5,1181.585926
235,d4,0.1,1364.759488
235,d4,0.15,1465.023539
235,dc,-0.1,1127.363897
235,dc,0.1,1283.843505
235,dc,0.15,1335.562756
236,u,-2.5,8112.846439
236,u,-1.5,4647.367865
236,u,-1,3326.740589
236,u,1,895.9436774
236,u,1.5,878.9694209
236,v,-2.5,1123.409296
236,v,-1.5,1051.784655
236,v,-1,1029.204218
236,v,1,984.1021952
236,v,1.5,979.0638187
236,d4,0.1,1137.606605
236,d4,0.15,1218.902396
236,dc,-0.15,1000.083813
236,dc,-0.1,1000.083813
236,dc,0.1,1000.083813
236,dc,0.15,1000.083813
237,u,-2.5,7957.834503
237,u,-1.5,3611.364103
237,u,-1,2600.706236
237,u,1,1221.19323
237,u,1.5,1062.369714
237,v,-2.5,1740.909752
237,v,-1.5,1658.942887
237,v,-1,1633.101953
237,v,1,1581.487433
237,v,1.5,1575.721541
237,d4,0.1,1862.438721
237,d4,0.15,2026.160247
237,dc,-0.15,1421.875526
237,dc,-0.1,1474.355123
237,dc,0.1,1762.863368
237,dc,0.15,1864.356705
238,u,-2.5,8741.75408
238,u,-1.5,4386.806193
238,u,-1,3377.482321
238,u,1,951.4529438
238,u,1.5,910.6098761
238,v,-2.5,1460.918416
238,v,-1.5,1378.732197
238,v,-1,1352.822109
238,v,1,1301.069462
238,v,1.5,1295.28814
238,d4,0.1,1522.438934
238,d4,0.15,1646.673633
238,dc,-0.15,1319.407686
238,dc,-0.1,1319.407686
238,dc,0.1,1319.407686
238,dc,0.15,1319.407686
239,u,-2.5,9981.20689
239,u,-1.5,4299.846817
239,u,-1,2979.725883
239,u,1,1176.5427
239,u,1.5,1059.299533
239,v,-2.5,1838.477134
239,v,-1.5,1741.983752
239,v,-1,1711.563178
239,v,1,1650.801313
239,v,1.5,1644.013566
239,d4,0.1,1868.98998
239,d4,0.15,1984.444391
239,dc,0.1,1797.068175
239,dc,0.15,1870.21891
240,u,-2.5,12019.18342
240,u,-1.5,5112.888274
240,u,-1,3510.048288
240,u,1,1326.486016
240,u,1.5,1185.829239
240,v,-2.5,2112.288302
240,v,-1.5,2003.593267
240,v,-1,1969.32599
240,v,1,1900.880746
240,v,1.5,1893.234683
240,d4,0.1,2203.834334
240,d4,0.15,2373.995535
240,dc,-0.15,1713.805655
240,dc,-0.1,1776.731971
240,dc,0.1,2113.939803
240,dc,0.15,2229.095908
241,u,-2.5,32725.02483
241,u,-1.5,12862.99696
241,u,-1,8271.980919
241,u,1,2054.919849
241,u,1.5,1658.592133
241,v,-2.5,4106.622364
241,v,-1.5,3900.130188
241,v,-1,3835.031312
241,v,1,3705.003226
241,v,1.5,3690.477704
241,d4,0.1,4281.364695
241,d4,0.15,4606.720713
241,dc,-0.15,3264.175082
241,dc,-0.1,3408.731031
241,dc,0.1,4189.433598
241,dc,0.15,4458.286353
242,u,-2.5,33705.83777
242,u,-1.5,13239.05717
242,u,-1,8508.77354
242,u,1,2104.436037
242,u,1.5,1696.398389
242,v,-2.5,4213.405072
242,v,-1.5,4003.123832
242,v,-1,3936.830413
242,v,1,3804.416354
242,v,1.5,3789.624293
242,d4,0.1,4414.456023
242,d4,0.15,4762.397462
242,dc,-0.15,3336.303416
242,dc,-0.1,3488.695768
242,dc,0.1,4319.281558
242,dc,0.15,4608.310653
243,u,-2.5,294118.9677
243,u,-1.5,110692.4193
243,u,-1,68517.222
243,u,1,11910.12116
243,u,1.5,8371.010625
243,v,-2.5,28592.73203
243,v,-1.5,27801.64346
243,v,-1,27552.2443
243,v,1,27054.09597
243,v,1.5,26998.44749
243,d4,0.1,60385.96065
243,d4,0.15,159246.1357
243,dc,-0.15,15388.29921
243,dc,-0.1,17932.83237
243,dc,0.1,59577.53369
243,dc,0.15,156013.1032
244,u,-2.5,309742.4091
244,u,-1.5,115567.7463
244,u,-1,70922.07599
244,u,1,10986.34963
244,u,1.5,7232.753731
244,v,-2.5,28623.54705
244,v,-1.5,27804.85721
244,v,-1,27546.75645
244,v,1,27031.22761
244,v,1.5,26973.63754
244,d4,0.1,30758.26813
244,d4,0.15,32908.35669
244,dc,-0.1,24480.76764
244,dc,0.1,30671.98004
244,dc,0.15,32769.68335
245,u,-2.5,404235.5814
245,u,-1.5,150598.8829
245,u,-1,92304.14111
245,u,1,14099.06215
245,u,1.5,9209.38434
245,v,-2.5,36915.10439
245,v,-1.5,35953.44212
245,v,-1,35650.26777
245,v,1,35044.70921
245,v,1.5,34977.06187
245,d4,0.1,41527.72996
245,d4,0.15,45597.99524
245,dc,-0.15,28906.08265
245,dc,-0.1,30742.68546
245,dc,0.1,41410.076
245,dc,0.15,45403.87354
246,u,-2.5,437679.1868
246,u,-1.5,162992.0041
246,u,-1,99865.99315
246,u,1,15195.89627
246,u,1.5,9904.423073
246,v,-2.5,39838.52356
246,v,-1.5,38829.54942
246,v,-1,38511.45949
246,v,1,37876.10866
246,v,1.5,37805.13321
246,d4,0.1,45554.74528
246,d4,0.15,50518.29332
246,dc,-0.15,30764.78867
246,dc,-0.1,32862.39956
246,dc,0.1,45425.32984
246,dc,0.15,50302.60982
247,u,-2.5,671585.4698
247,u,-1.5,249636.2627
247,u,-1,152719.5968
247,u,1,22849.07327
247,u,1.5,14750.81704
247,v,-2.5,60200.9759
247,v,-1.5,58894.40708
247,v,-1,58482.49723
247,v,1,57659.75107
247,v,1.5,57567.84156
247,d4,0.1,77533.33393
247,d4,0.15,93419.65477
247,dc,-0.15,42322.26605
247,dc,-0.1,46472.5891
247,dc,0.1,77310.24316
247,dc,0.15,93015.32937
248,u,-2.5,769297.2236
248,u,-1.5,285506.9059
248,u,-1,174402.3244
248,u,1,25554.39105
248,u,1.5,16276.55263
248,v,-2.5,68220.67754
248,v,-1.5,66802.00153
248,v,-1,66354.74869
248,v,1,65461.40866
248,v,1.5,65361.61306
248,d4,0.1,76904.00571
248,d4,0.15,84035.88821
248,dc,-0.15,54218.72683
248,dc,-0.1,57579.51174
248,dc,0.1,76792.43656
248,dc,0.15,83852.75294
249,u,-2.5,1285.48587
249,u,-1.5,1022.072423
249,u,-1,948.3665937
249,u,1,848.07591
249,u,1.5,842.0913626
249,v,-2.5,936.768572
249,v,-1.5,900.114436
249,v,-1,888.5588261
249,v,1,865.4777233
249,v,1.5,862.8993182
249,d4,0.1,995.1345428
249,d4,0.15,1065.976555
249,dc,0.1,873.6563665
249,dc,0.15,873.6563665
250,u,-2.5,1296.94791
250,u,-1.5,1028.491243
250,u,-1,950.2396738
250,u,1,848.5006488
250,u,1.5,842.4482842
250,v,-2.5,938.2694338
250,v,-1.5,901.1711037
250,v,-1,889.4754568
250,v,1,866.114645
250,v,1.5,863.5049935
250,d4,0.1,995.9093158
250,d4,0.15,1066.779737
250,dc,0.1,874.3924014
250,dc,0.15,874.3924014
251,u,-2.5,1357.60424
251,u,-1.5,1046.754776
251,u,-1,945.4315007
251,u,1,846.8382859
251,u,1.5,841.1954378
251,v,-2.5,936.2296084
251,v,-1.5,898.3910977
251,v,-1,886.462101
251,v,1,862.6351976
251,v,1.5,859.9734787
251,d4,0.1,992.2634712
251,d4,0.15,1062.897847
251,dc,-0.15,871.0781106
251,dc,-0.1,871.0781106
251,dc,0.1,871.0781106
251,dc,0.15,871.0781106
252,u,-2.5,1373.868177
252,u,-1.5,1043.367753
252,u,-1,944.0331766
252,u,1,846.8610042
252,u,1.5,841.2780137
252,v,-2.5,936.4010404
252,v,-1.5,898.2798525
252,v,-1,886.2617387
252,v,1,862.2568335
252,v,1.5,859.5752298
252,d4,0.1,991.9136986
252,d4,0.15,1062.522236
252,dc,-0.15,870.7628203
252,dc,-0.1,870.7628203
252,dc,0.1,870.7628203
252,dc,0.15,870.7628203
253,u,-2.5,1308.270175
253,u,-1.5,1024.875812
253,u,-1,957.6063417
253,u,1,849.3390687
253,u,1.5,842.745006
253,v,-2.5,943.307138
253,v,-1.5,904.9637788
253,v,-1,892.875623
253,v,1,868.7308166
253,v,1.5,866.0335845
253,d4,0.1,998.7710335
253,d4,0.15,1069.640437
253,dc,0.1,877.2863765
253,dc,0.15,877.2863765
254,u,-2.5,1321.189806
254,u,-1.5,1030.026108
254,u,-1,960.9309973
254,u,1,850.136578
254,u,1.5,843.3649438
254,v,-2.5,946.017595
254,v,-1.5,907.0206278
254,v,-1,894.7264152
254,v,1,870.170032
254,v,1.5,867.4268224
254,d4,0.1,1000.454715
254,d4,0.15,1071.394177
254,dc,0.1,878.8714315
254,dc,0.15,878.8714315
255,u,-2.5,1330.016588
255,u,-1.5,1036.058787
255,u,-1,962.7266813
255,u,1,850.2568803
255,u,1.5,843.5084817
255,v,-2.5,946.5567523
255,v,-1.5,907.3165236
255,v,-1,894.9456202
255,v,1,870.2360553
255,v,1.5,867.4757336
255,d4,0.1,1000.575017
255,d4,0.15,1071.514479
255,dc,0.1,878.9917338
255,dc,0.15,878.9917338
256,u,-2.5,1372.762752
256,u,-1.5,1065.45881
256,u,-1,968.2206778
256,u,1,851.9976052
256,u,1.5,845.2912388
256,v,-2.5,950.5585564
256,v,-1.5,910.1714892
256,v,-1,897.4390326
256,v,1,872.0073036
256,v,1.5,869.1663085
256,d4,0.1,1002.931773
256,d4,0.15,1074.085404
256,dc,0.1,881.0188764
256,dc,0.15,881.0188764
257,u,-2.5,1504.143762
257,u,-1.5,1057.035056
257,u,-1,946.5066828
257,u,1,847.8388736
257,u,1.5,842.4855779
257,v,-2.5,941.2296502
257,v,-1.5,900.4401002
257,v,-1,887.5807565
257,v,1,861.8955842
257,v,1.5,859.0262768
257,d4,0.1,992.1716335
257,d4,0.15,1062.78401
257,dc,-0.15,870.9969631
257,dc,-0.1,870.9969631
257,dc,0.1,870.9969631
257,dc,0.15,870.9969631
258,u,-2.5,1454.919458
258,u,-1.5,1067.984771
258,u,-1,955.4128825
258,u,1,849.42261
258,u,1.5,843.469543
258,v,-2.5,945.7434163
258,v,-1.5,904.719056
258,v,-1,891.7856859
258,v,1,865.9526536
258,v,1.5,863.0668286
258,d4,0.1,996.4841692
258,d4,0.15,1067.260353
258,dc,-0.15,875.1064256
258,dc,-0.1,875.1064256
258,dc,0.1,875.1064256
258,dc,0.15,875.1064256
259,u,-2.5,1429.239097
259,u,-1.5,1103.692116
259,u,-1,977.3127327
259,u,1,851.7788966
259,u,1.5,845.0647745
259,v,-2.5,953.7321948
259,v,-1.5,911.8147674
259,v,-1,898.5998484
259,v,1,872.2044519
259,v,1.5,869.2558049
259,d4,0.1,1003.449166
259,d4,0.15,1074.590104
259,dc,-0.1,881.5574942
259,dc,0.1,881.5574942
259,dc,0.15,881.5574942
260,u,-2.5,1555.662547
260,u,-1.5,1061.616971
260,u,-1,948.7508904
260,u,1,848.7332209
260,u,1.5,843.3281248
260,v,-2.5,944.6930186
260,v,-1.5,902.5355912
260,v,-1,889.2450095
260,v,1,862.6984851
260,v,1.5,859.7329555
260,d4,0.1,993.3142505
260,d4,0.15,1063.952518
260,dc,-0.15,872.1050786
260,dc,-0.1,872.1050786
260,dc,0.1,872.1050786
260,dc,0.15,872.1050786
261,u,-2.5,1433.329731
261,u,-1.5,1098.862146
261,u,-1,976.3402944
261,u,1,852.9470811
261,u,1.5,845.9157365
261,v,-2.5,956.8133767
261,v,-1.5,914.2070361
261,v,-1,900.7749298
261,v,1,873.9457248
261,v,1.5,870.9486167
261,d4,0.1,1005.329124
261,d4,0.15,1076.469222
261,dc,-0.1,883.4524844
261,dc,0.1,883.4524844
261,dc,0.15,883.4524844
262,u,-2.5,1488.327008
262,u,-1.5,1136.279708
262,u,-1,976.8843289
262,u,1,851.205245
262,u,1.5,844.8980257
262,v,-2.5,953.1102277
262,v,-1.5,910.4661977
262,v,-1,897.0222093
262,v,1,870.1692712
262,v,1.5,867.1695119
262,d4,0.1,1001.535469
262,d4,0.15,1072.636763
262,dc,-0.15,879.6844405
262,dc,-0.1,879.6844405
262,dc,0.1,879.6844405
262,dc,0.15,879.6844405
263,u,-2.5,1417.430615
263,u,-1.5,1072.068463
263,u,-1,990.3119068
263,u,1,855.3483677
263,u,1.5,847.4391735
263,v,-2.5,964.3389535
263,v,-1.5,920.9438604
263,v,-1,907.2630914
263,v,1,879.937209
263,v,1.5,876.8846168
263,d4,0.1,1012.011617
263,d4,0.15,1083.502655
263,dc,0.1,889.6199631
263,dc,0.15,889.6199631
264,u,-2.5,1549.849175
264,u,-1.5,1078.265061
264,u,-1,960.4763767
264,u,1,851.2615845
264,u,1.5,845.1755908
264,v,-2.5,952.7498985
264,v,-1.5,909.0483744
264,v,-1,895.2709997
264,v,1,867.7521579
264,v,1.5,864.6780101
264,d4,0.1,998.9685048
264,d4,0.15,1069.808041
264,dc,-0.15,877.503286
264,dc,-0.1,877.503286
264,dc,0.1,877.503286
264,dc,0.15,877.503286
265,u,-2.5,1454.221107
265,u,-1.5,1098.708163
265,u,-1,988.6537969
265,u,1,855.4059012
265,u,1.5,847.7497891
265,v,-2.5,964.7676085
265,v,-1.5,920.5418979
265,v,-1,906.5992678
265,v,1,878.7503458
265,v,1.5,875.6393245
265,d4,0.1,1010.799606
265,d4,0.15,1082.15201
265,dc,0.1,888.6184357
265,dc,0.15,888.6184357
266,u,-2.5,1427.750311
266,u,-1.5,1067.519498
266,u,-1,982.1292366
266,u,1,857.4869523
266,u,1.5,848.9446269
266,v,-2.5,970.7345037
266,v,-1.5,926.2146226
266,v,-1,912.1792521
266,v,1,884.145091
266,v,1.5,881.0133765
266,d4,0.1,1016.741014
266,d4,0.15,1088.41569
266,dc,0.1,894.0788192
266,dc,0.15,894.0788192
267,u,-2.5,1670.564236
267,u,-1.5,1069.179111
267,u,-1,952.6222636
267,u,1,850.5336411
267,u,1.5,845.0494743
267,v,-2.5,951.7837476
267,v,-1.5,906.7280284
267,v,-1,892.5237291
267,v,1,864.1521509
267,v,1.5,860.9827433
267,d4,0.1,995.4686903
267,d4,0.15,1066.147275
267,dc,-0.15,874.2054407
267,dc,-0.1,874.2054407
267,dc,0.1,874.2054407
267,dc,0.15,874.2054407
268,u,-2.5,1817.90755
268,u,-1.5,1082.030031
268,u,-1,958.7781192
268,u,1,852.9147828
268,u,1.5,847.2898828
268,v,-2.5,961.2158502
268,v,-1.5,912.4311262
268,v,-1,897.0512182
268,v,1,866.3314862
268,v,1.5,862.8997649
268,d4,0.1,998.5768776
268,d4,0.15,1069.32689
268,dc,-0.15,877.2168295
268,dc,-0.1,877.2168295
268,dc,0.1,877.2168295
268,dc,0.15,877.2168295
269,u,-2.5,1972.186654
269,u,-1.5,1333.090532
269,u,-1,1183.0368
269,u,1,886.4369585
269,u,1.5,871.9448315
269,v,-2.5,1004.214634
269,v,-1.5,984.8788006
269,v,-1,978.7829716
269,v,1,966.607201
269,v,1.5,965.2470377
269,d4,0.1,1106.561474
269,d4,0.15,1186.659857
269,dc,-0.15,947.2057971
269,dc,-0.1,970.9216085
269,dc,0.1,970.9216085
269,dc,0.15,970.9216085
270,u,-2.5,2229.573375
270,u,-1.5,1416.294908
270,u,-1,1225.439103
270,u,1,888.7157559
270,u,1.5,869.5102972
270,v,-2.5,1043.789339
270,v,-1.5,1020.992495
270,v,-1,1013.805545
270,v,1,999.450376
270,v,1.5,997.8467507
270,d4,0.1,1144.712767
270,d4,0.15,1227.650938
270,dc,-0.15,951.8906354
270,dc,-0.1,976.8217265
270,dc,0.1,1004.53704
270,dc,0.15,1004.53704
271,u,-2.5,2751.510014
271,u,-1.5,1789.897625
271,u,-1,1565.87389
271,u,1,877.5572353
271,u,1.5,863.4728167
271,v,-2.5,1008.519311
271,v,-1.5,982.5927479
271,v,-1,974.4191205
271,v,1,958.0931685
271,v,1.5,956.2693857
271,d4,0.1,1097.92953
271,d4,0.15,1177.004191
271,dc,-0.15,963.8781666
271,dc,-0.1,963.8781666
271,dc,0.1,963.8781666
271,dc,0.15,963.8781666
272,u,-2.5,2814.904479
272,u,-1.5,1630.275626
272,u,-1,1352.741969
272,u,1,916.5254209
272,u,1.5,886.4519144
272,v,-2.5,1124.43621
272,v,-1.5,1096.241758
272,v,-1,1087.353154
272,v,1,1069.599113
272,v,1.5,1067.615798
272,d4,0.1,1235.451426
272,d4,0.15,1331.50842
272,dc,-0.1,1016.188294
272,dc,0.1,1125.185428
272,dc,0.15,1125.185428
273,u,-2.5,2878.484874
273,u,-1.5,1646.23301
273,u,-1,1357.515221
273,u,1,933.2534554
273,u,1.5,893.2118228
273,v,-2.5,1119.424718
273,v,-1.5,1090.349065
273,v,-1,1081.182652
273,v,1,1062.873718
273,v,1.5,1060.828415
273,d4,0.1,1222.1356
273,d4,0.15,1313.480697
273,dc,-0.1,1012.113906
273,dc,0.1,1140.195411
273,dc,0.15,1182.396743
274,u,-2.5,3044.456459
274,u,-1.5,1745.800923
274,u,-1,1441.979675
274,u,1,933.6224105
274,u,1.5,897.4070466
274,v,-2.5,1190.11825
274,v,-1.5,1160.763615
274,v,-1,1151.509251
274,v,1,1133.024642
274,v,1.5,1130.959715
274,d4,0.1,1325.728144
274,d4,0.15,1440.165458
274,dc,-0.15,1037.736759
274,dc,-0.1,1068.041222
274,dc,0.1,1230.910643
274,dc,0.15,1284.820794
275,u,-2.5,3467.961556
275,u,-1.5,2226.766606
275,u,-1,1938.534902
275,u,1,877.8557833
275,u,1.5,864.4371161
275,v,-2.5,1016.662547
275,v,-1.5,987.1179132
275,v,-1,977.8036502
275,v,1,959.1993995
275,v,1.5,957.1211065
275,d4,0.1,1100.757239
275,d4,0.15,1180.431794
275,dc,-0.15,965.7916984
275,dc,-0.1,965.7916984
275,dc,0.1,965.7916984
275,dc,0.15,965.7916984
276,u,-2.5,3045.25287
276,u,-1.5,1754.8983
276,u,-1,1453.121315
276,u,1,922.8735041
276,u,1.5,889.2893266
276,v,-2.5,1210.653297
276,v,-1.5,1177.146965
276,v,-1,1166.583734
276,v,1,1145.484802
276,v,1.5,1143.127827
276,d4,0.1,1349.430004
276,d4,0.15,1471.368255
276,dc,-0.15,1045.942022
276,dc,-0.1,1077.64456
276,dc,0.1,1228.197807
276,dc,0.15,1228.197807
277,u,-2.5,3527.141628
277,u,-1.5,1895.114286
277,u,-1,1513.268896
277,u,1,986.6026486
277,u,1.5,949.292872
277,v,-2.5,1190.218457
277,v,-1.5,1156.712124
277,v,-1,1146.148893
277,v,1,1125.049962
277,v,1.5,1122.692986
277,d4,0.1,1284.790639
277,d4,0.15,1375.103032
277,dc,0.1,1206.763064
277,dc,0.15,1250.671981
278,u,-2.5,4251.793301
278,u,-1.5,2399.628861
278,u,-1,1968.521404
278,u,1,955.2247502
278,u,1.5,921.3532323
278,v,-2.5,1354.674581
278,v,-1.5,1318.981718
278,v,-1,1307.729159
278,v,1,1285.25337
278,v,1.5,1282.742584
278,d4,0.1,1506.637811
278,d4,0.15,1638.30043
278,dc,-0.15,1293.217524
278,dc,-0.1,1293.217524
278,dc,0.1,1293.217524
278,dc,0.15,1293.217524
279,u,-2.5,4033.602057
279,u,-1.5,2098.589245
279,u,-1,1646.579026
279,u,1,990.2905652
279,u,1.5,923.3818132
279,v,-2.5,1262.86145
279,v,-1.5,1224.554912
279,v,-1,1212.478365
279,v,1,1188.356745
279,v,1.5,1185.662103
279,d4,0.1,1374.84929
279,d4,0.15,1482.551426
279,dc,-0.15,1094.017831
279,dc,-0.1,1124.836192
279,dc,0.1,1287.472286
279,dc,0.15,1342.146325
280,u,-2.5,3953.434725
280,u,-1.5,2299.164945
280,u,-1,1914.117808
280,u,1,945.6593461
280,u,1.5,917.9177945
280,v,-2.5,1252.702274
280,v,-1.5,1212.34275
280,v,-1,1199.618977
280,v,1,1174.204591
280,v,1.5,1171.365534
280,d4,0.1,1367.453706
280,d4,0.15,1479.383366
280,dc,-0.15,1183.210019
280,dc,-0.1,1183.210019
280,dc,0.1,1183.210019
280,dc,0.15,1183.210019
281,u,-2.5,4603.853828
281,u,-1.5,2291.667504
281,u,-1,1751.733359
281,u,1,1008.817162
281,u,1.5,959.8519369
281,v,-2.5,1287.921773
281,v,-1.5,1245.186976
281,v,-1,1231.714372
281,v,1,1204.804278
281,v,1.5,1201.798134
281,d4,0.1,1369.445513
281,d4,0.15,1460.940403
281,dc,0.1,1294.119371
281,dc,0.15,1341.077894
282,u,-2.5,5535.743423
282,u,-1.5,3172.815706
282,u,-1,2624.877473
282,u,1,904.6554139
282,u,1.5,881.0659255
282,v,-2.5,1173.977732
282,v,-1.5,1131.242935
282,v,-1,1117.770331
282,v,1,1090.860237
282,v,1.5,1087.854093
282,d4,0.1,1264.634691
282,d4,0.15,1363.298821
282,dc,-0.15,1100.395659
282,dc,-0.1,1100.395659
282,dc,0.1,1100.395659
282,dc,0.15,1100.395659
283,u,-2.5,6784.307312
283,u,-1.5,3917.37087
283,u,-1,3253.640862
283,u,1,923.2095224
283,u,1.5,902.2044685
283,v,-2.5,1205.30287
283,v,-1.5,1136.302067
283,v,-1,1114.548823
283,v,1,1071.099031
283,v,1.5,1066.245226
283,d4,0.1,1244.606025
283,d4,0.15,1339.279007
283,dc,-0.15,1086.495191
283,dc,-0.1,1086.495191
283,dc,0.1,1086.495191
283,dc,0.15,1086.495191
284,u,-2.5,9299.130551
284,u,-1.5,4240.820172
284,u,-1,3066.188503
284,u,1,1277.925266
284,u,1.5,1027.709611
284,v,-2.5,2024.238113
284,v,-1.5,1955.237311
284,v,-1,1933.484067
284,v,1,1890.034274
284,v,1.5,1885.180469
284,d4,0.1,2374.49018
284,d4,0.15,2701.661153
284,dc,-0.15,1605.578354
284,dc,-0.1,1689.836766
284,dc,0.1,2220.340444
284,dc,0.15,2439.638131
285,u,-2.5,9415.565363
285,u,-1.5,4121.422698
285,u,-1,2890.822593
285,u,1,1210.560295
285,u,1.5,1101.794964
285,v,-2.5,1810.265986
285,v,-1.5,1730.035241
285,v,-1,1704.741638
285,v,1,1654.220352
285,v,1.5,1648.576586
285,d4,0.1,1898.281643
285,d4,0.15,2034.273451
285,dc,-0.1,1558.41063
285,dc,0.1,1814.322933
285,dc,0.15,1899.728223
286,u,-2.5,2904.799825
286,u,-1.5,1704.184093
286,u,-1,1423.342634
286,u,1,912.6697975
286,u,1.5,882.9348838
286,v,-2.5,1193.018979
286,v,-1.5,1164.567692
286,v,-1,1155.598118
286,v,1,1137.682348
286,v,1.5,1135.680966
286,d4,0.1,1333.77181
286,d4,0.15,1439.668544
286,dc,-0.15,1036.758748
286,dc,-0.1,1068.494227
286,dc,0.1,1158.369132
286,dc,0.15,1158.369132
287,u,-2.5,2935.275704
287,u,-1.5,1678.979341
287,u,-1,1384.788167
287,u,1,925.3466945
287,u,1.5,890.453625
287,v,-2.5,1142.013416
287,v,-1.5,1112.658781
287,v,-1,1103.404417
287,v,1,1084.919809
287,v,1.5,1082.854881
287,d4,0.1,1254.913499
287,d4,0.15,1353.552067
287,dc,-0.1,1029.73937
287,dc,0.1,1168.666775
287,dc,0.15,1215.09383
288,u,-2.5,3237.32498
288,u,-1.5,1934.778096
288,u,-1,1631.033316
288,u,1,912.1836834
288,u,1.5,887.5833828
288,v,-2.5,1158.253475
288,v,-1.5,1128.515528
288,v,-1,1119.14032
288,v,1,1100.41434
288,v,1.5,1098.322448
288,d4,0.1,1272.951148
288,d4,0.15,1372.679674
288,dc,-0.15,1107.049773
288,dc,-0.1,1107.049773
288,dc,0.1,1107.049773
288,dc,0.15,1107.049773
289,u,-2.5,3492.384336
289,u,-1.5,1987.037081
289,u,-1,1635.801073
289,u,1,918.3017631
289,u,1.5,886.7583675
289,v,-2.5,1246.6945
289,v,-1.5,1214.216641
289,v,-1,1203.977647
289,v,1,1183.526344
289,v,1.5,1181.241716
289,d4,0.1,1373.402407
289,d4,0.15,1484.0974
289,dc,-0.15,1136.430245
289,dc,-0.1,1180.062362
289,dc,0.1,1190.773134
289,dc,0.15,1190.773134
290,u,-2.5,3510.140461
290,u,-1.5,2037.883176
290,u,-1,1694.693834
290,u,1,910.2875685
290,u,1.5,882.0007553
290,v,-2.5,1212.308766
290,v,-1.5,1179.706945
290,v,-1,1169.42887
290,v,1,1148.89951
290,v,1.5,1146.606161
290,d4,0.1,1333.099356
290,d4,0.15,1440.085157
290,dc,-0.15,1156.173959
290,dc,-0.1,1156.173959
290,dc,0.1,1156.173959
290,dc,0.15,1156.173959
291,u,-2.5,3609.666358
291,u,-1.5,1925.372466
291,u,-1,1531.456522
291,u,1,976.0920007
291,u,1.5,923.3113613
291,v,-2.5,1197.334144
291,v,-1.5,1163.419189
291,v,-1,1152.727135
291,v,1,1131.370894
291,v,1.5,1128.985174
291,d4,0.1,1297.412283
291,d4,0.15,1391.994693
291,dc,0.1,1216.496301
291,dc,0.15,1262.654897
292,u,-2.5,3948.833345
292,u,-1.5,2333.302051
292,u,-1,1957.595484
292,u,1,912.6790745
292,u,1.5,888.320986
292,v,-2.5,1178.353349
292,v,-1.5,1144.158487
292,v,-1,1133.37819
292,v,1,1111.845692
292,v,1.5,1109.440282
292,d4,0.1,1289.779722
292,d4,0.15,1392.465073
292,dc,-0.15,1119.475597
292,dc,-0.1,1119.475597
292,dc,0.1,1119.475597
292,dc,0.15,1119.475597
293,u,-2.5,3657.479232
293,u,-1.5,1970.152347
293,u,-1,1575.807645
293,u,1,970.3088259
293,u,1.5,919.1535722
293,v,-2.5,1243.322788
293,v,-1.5,1208.549146
293,v,-1,1197.586382
293,v,1,1175.689426
293,v,1.5,1173.243302
293,d4,0.1,1367.40177
293,d4,0.15,1479.600374
293,dc,-0.15,1078.885307
293,dc,-0.1,1110.097474
293,dc,0.1,1276.383689
293,dc,0.15,1332.90897
294,u,-2.5,3807.853196
294,u,-1.5,2058.368052
294,u,-1,1649.927786
294,u,1,946.1872269
294,u,1.5,902.2442024
294,v,-2.5,1304.956509
294,v,-1.5,1269.73125
294,v,-1,1258.626109
294,v,1,1236.444769
294,v,1.5,1233.966878
294,d4,0.1,1466.929837
294,d4,0.15,1607.034663
294,dc,-0.15,1117.943695
294,dc,-0.1,1155.106092
294,dc,0.1,1361.249749
294,dc,0.15,1411.13645
295,u,-2.5,4106.636866
295,u,-1.5,2349.42654
295,u,-1,1940.577066
295,u,1,910.5901779
295,u,1.5,883.040612
295,v,-2.5,1207.793088
295,v,-1.5,1171.615693
295,v,-1,1160.210381
295,v,1,1137.429482
295,v,1.5,1134.884613
295,d4,0.1,1319.410855
295,d4,0.15,1424.396534
295,dc,-0.15,1145.50175
295,dc,-0.1,1145.50175
295,dc,0.1,1145.50175
295,dc,0.15,1145.50175
296,u,-2.5,4399.672838
296,u,-1.5,2631.465837
296,u,-1,2221.019036
296,u,1,893.6738265
296,u,1.5,873.9972606
296,v,-2.5,1103.503735
296,v,-1.5,1066.993415
296,v,-1,1055.483145
296,v,1,1032.492603
296,v,1.5,1029.924315
296,d4,0.1,1191.439531
296,d4,0.15,1281.326332
296,dc,-0.15,1040.639157
296,dc,-0.1,1040.639157
296,dc,0.1,1040.639157
296,dc,0.15,1040.639157
297,u,-2.5,5063.875212
297,u,-1.5,2503.649113
297,u,-1,1906.534319
297,u,1,1063.597141
297,u,1.5,971.2218854
297,v,-2.5,1389.305775
297,v,-1.5,1345.235325
297,v,-1,1331.341642
297,v,1,1303.590487
297,v,1.5,1300.490388
297,d4,0.1,1510.892053
297,d4,0.15,1631.054835
297,dc,-0.15,1192.060891
297,dc,-0.1,1228.296714
297,dc,0.1,1421.141903
297,dc,0.15,1486.553555
298,u,-2.5,5951.696829
298,u,-1.5,2857.585122
298,u,-1,2136.85728
298,u,1,1085.651334
298,u,1.5,975.1158194
298,v,-2.5,1506.156072
298,v,-1.5,1457.298975
298,v,-1,1441.89625
298,v,1,1411.130945
298,v,1.5,1407.694133
298,d4,0.1,1655.53292
298,d4,0.15,1800.554021
298,dc,-0.15,1274.798954
298,dc,-0.1,1318.321841
298,dc,0.1,1556.284564
298,dc,0.15,1639.506376
299,u,-2.5,9195.792425
299,u,-1.5,5105.616538
299,u,-1,4159.807086
299,u,1,913.7741173
299,u,1.5,890.1846289
299,v,-2.5,1214.844926
299,v,-1.5,1153.671326
299,v,-1,1134.385692
299,v,1,1095.864687
299,v,1.5,1091.561481
299,d4,0.1,1273.753395
299,dc,-0.15,1109.514363
299,dc,-0.1,1109.514363
299,dc,0.1,1109.514363
300,u,-2.5,16910.68377
300,u,-1.5,7116.783864
300,u,-1,4847.591493
300,u,1,1768.138582
300,u,1.5,1442.794018
300,v,-2.5,2838.627503
300,v,-1.5,2705.236391
300,v,-1,2663.18341
300,v,1,2579.187051
300,v,1.5,2569.803762
300,d4,0.1,3223.058159
300,d4,0.15,3649.861281
300,dc,-0.15,2167.838384
300,dc,-0.1,2291.886776
300,dc,0.1,3070.928029
300,dc,0.15,3391.698376
301,u,-2.5,16578.06256
301,u,-1.5,7472.357718
301,u,-1,5365.164694
301,u,1,1258.968703
301,u,1.5,1058.096934
301,v,-2.5,3584.376164
301,v,-1.5,3414.245871
301,v,-1,3360.61047
301,v,1,3253.479455
301,v,1.5,3241.511779
301,d4,0.1,5629.908825
301,d4,0.15,8722.525315
301,dc,-0.15,2270.295769
301,dc,-0.1,2511.91732
301,dc,0.1,5163.146194
301,dc,0.15,7634.109772
302,u,-2.5,18206.72882
302,u,-1.5,7623.534106
302,u,-1,5171.955951
302,u,1,1845.12095
302,u,1.5,1552.18977
302,v,-2.5,3197.613056
302,v,-1.5,2939.743753
302,v,-1,2858.447686
302,v,1,2696.067432
302,v,1.5,2677.927827
302,d4,0.1,3345.306569
302,d4,0.15,3748.117581
302,dc,-0.15,2314.088169
302,dc,-0.1,2438.720585
302,dc,0.1,3203.10115
302,dc,0.15,3508.846138
303,u,-2.5,59472.96062
303,u,-1.5,26731.83027
303,u,-1,19189.61172
303,u,1,1192.490087
303,u,1.5,1065.473861
303,v,-2.5,12245.92877
303,v,-1.5,11988.05947
303,v,-1,11906.7634
303,v,1,11744.38315
303,v,1.5,11726.24354
303,dc,-0.15,3511.860764
303,dc,-0.1,4445.632082
304,u,-2.5,1588.464324
304,u,-1.5,1143.136884
304,u,-1,1038.073547
304,u,1,861.0414825
304,u,1.5,851.0249422
304,v,-2.5,940.7326921
304,v,-1.5,920.7942742
304,v,-1,914.5084739
304,v,1,901.9532558
304,v,1.5,900.5507041
304,d4,0.1,1029.158144
304,d4,0.15,1101.001197
304,dc,0.1,906.4021181
304,dc,0.15,906.4021181
305,u,-2.5,1597.965715
305,u,-1.5,1139.312534
305,u,-1,1031.020367
305,u,1,862.735854
305,u,1.5,852.1294936
305,v,-2.5,945.1569448
305,v,-1.5,924.8586864
305,v,-1,918.4594424
305,v,1,905.6776328
305,v,1.5,904.2497685
305,d4,0.1,1033.215232
305,d4,0.15,1105.21973
305,dc,0.1,910.2067864
305,dc,0.15,910.2067864
306,u,-2.5,1620.167988
306,u,-1.5,1148.853214
306,u,-1,1037.613035
306,u,1,863.5617091
306,u,1.5,852.7037943
306,v,-2.5,947.8566742
306,v,-1.5,927.2111769
306,v,-1,920.7024621
306,v,1,907.7019962
306,v,1.5,906.2497056
306,d4,0.1,1035.545613
306,d4,0.15,1107.69561
306,dc,0.1,912.3086293
306,dc,0.15,912.3086293
307,u,-2.5,1620.167988
307,u,-1.5,1148.853214
307,u,-1,1037.613035
307,u,1,863.5617091
307,u,1.5,852.7037943
307,v,-2.5,947.8566742
307,v,-1.5,927.2111769
307,v,-1,920.7024621
307,v,1,907.7019962
307,v,1.5,906.2497056
307,d4,0.1,1035.545613
307,d4,0.15,1107.69561
307,dc,0.1,912.3086293
307,dc,0.15,912.3086293
308,u,-2.5,1620.167988
308,u,-1.5,1148.853214
308,u,-1,1037.613035
308,u,1,863.5617091
308,u,1.5,852.7037943
308,v,-2.5,947.8566742
308,v,-1.5,927.2111769
308,v,-1,920.7024621
308,v,1,907.7019962
308,v,1.5,906.2497056
308,d4,0.1,1035.545613
308,d4,0.15,1107.69561
308,dc,0.1,912.3086293
308,dc,0.15,912.3086293
309,u,-2.5,1620.167988
309,u,-1.5,1148.853214
309,u,-1,1037.613035
309,u,1,863.5617091
309,u,1.5,852.7037943
309,v,-2.5,947.8566742
309,v,-1.5,927.2111769
309,v,-1,920.7024621
309,v,1,907.7019962
309,v,1.5,906.2497056
309,d4,0.1,1035.545613
309,d4,0.15,1107.69561
309,dc,0.1,912.3086293
309,dc,0.15,912.3086293
310,u,-2.5,1620.167988
310,u,-1.5,1148.853214
310,u,-1,1037.613035
310,u,1,863.5617091
310,u,1.5,852.7037943
310,v,-2.5,947.8566742
310,v,-1.5,927.2111769
310,v,-1,920.7024621
310,v,1,907.7019962
310,v,1.5,906.2497056
310,d4,0.1,1035.545613
310,d4,0.15,1107.69561
310,dc,0.1,912.3086293
310,dc,0.15,912.3086293
311,u,-2.5,1620.167988
311,u,-1.5,1148.853214
311,u,-1,1037.613035
311,u,1,863.5617091
311,u,1.5,852.7037943
311,v,-2.5,947.8566742
311,v,-1.5,927.2111769
311,v,-1,920.7024621
311,v,1,907.7019962
311,v,1.5,906.2497056
311,d4,0.1,1035.545613
311,d4,0.15,1107.69561
311,dc,0.1,912.3086293
311,dc,0.15,912.3086293
312,u,-2.5,1670.89603
312,u,-1.5,1172.378094
312,u,-1,1054.831936
312,u,1,865.0897407
312,u,1.5,853.7830469
312,v,-2.5,952.947089
312,v,-1.5,931.5656166
312,v,-1,924.8248778
312,v,1,911.3609684
312,v,1.5,909.8569063
312,d4,0.1,1039.785499
312,d4,0.15,1112.200103
312,dc,0.1,916.1318198
312,dc,0.15,916.1318198
313,u,-2.5,1713.325807
313,u,-1.5,1181.41211
313,u,-1,1055.951414
313,u,1,868.3269404
313,u,1.5,855.9837929
313,v,-2.5,962.1928353
313,v,-1.5,939.9418192
313,v,-1,932.9269475
313,v,1,918.9154867
313,v,1.5,917.3502572
313,d4,0.1,1048.212032
313,d4,0.15,1121.052781
313,dc,0.1,923.8803595
313,dc,0.15,923.8803595
314,u,-2.5,1849.312557
314,u,-1.5,1244.791717
314,u,-1,1102.480241
314,u,1,880.2649764
314,u,1.5,866.5307441
314,v,-2.5,985.9758931
314,v,-1.5,961.8803351
314,v,-1,954.2839518
314,v,1,939.1109833
314,v,1.5,937.416001
314,d4,0.1,1072.414977
314,d4,0.15,1147.545921
314,dc,0.1,944.487429
314,dc,0.15,944.487429
315,u,-2.5,1872.649615
315,u,-1.5,1239.242679
315,u,-1,1090.024299
315,u,1,875.9660155
315,u,1.5,861.270587
315,v,-2.5,982.712357
315,v,-1.5,957.9214465
315,v,-1,950.1058458
315,v,1,934.4950139
315,v,1.5,932.7511176
315,d4,0.1,1066.226822
315,d4,0.15,1140.303653
315,dc,0.1,941.6528028
315,dc,0.15,941.6528028
316,u,-2.5,1912.394899
316,u,-1.5,1268.823812
316,u,-1,1117.429514
316,u,1,875.0110778
316,u,1.5,860.5395152
316,v,-2.5,986.0806071
316,v,-1.5,961.0308129
316,v,-1,953.1335963
316,v,1,937.3597454
316,v,1.5,935.5976381
316,d4,0.1,1069.850092
316,d4,0.15,1144.309389
316,dc,0.1,942.94911
316,dc,0.15,942.94911
317,u,-2.5,1925.393761
317,u,-1.5,1270.258804
317,u,-1,1116.117459
317,u,1,876.3915009
317,u,1.5,861.4279857
317,v,-2.5,990.6759136
317,v,-1.5,965.3518981
317,v,-1,957.3682303
317,v,1,941.4217023
317,v,1.5,939.6403052
317,d4,0.1,1074.524345
317,d4,0.15,1149.329067
317,dc,0.1,947.0722539
317,dc,0.15,947.0722539
318,u,-2.5,1973.895488
318,u,-1.5,1288.873722
318,u,-1,1127.756144
318,u,1,878.5413809
318,u,1.5,862.8638899
318,v,-2.5,998.0842999
318,v,-1.5,972.0518563
318,v,-1,963.8448489
318,v,1,947.4522238
318,v,1.5,945.6209929
318,d4,0.1,1081.534169
318,d4,0.15,1156.853271
318,dc,0.1,953.2608471
318,dc,0.15,953.2608471
319,u,-2.5,2023.951613
319,u,-1.5,1303.183103
319,u,-1,1133.65906
319,u,1,882.0010902
319,u,1.5,865.1057846
319,v,-2.5,1009.896421
319,v,-1.5,983.0365443
319,v,-1,974.5686797
319,v,1,957.65502
319,v,1.5,955.765584
319,d4,0.1,1093.504018
319,d4,0.15,1169.736105
319,dc,0.1,963.7721738
319,dc,0.15,963.7721738
320,u,-2.5,2019.880576
320,u,-1.5,1298.782719
320,u,-1,1129.143334
320,u,1,882.5590902
320,u,1.5,865.4410226
320,v,-2.5,1005.183289
320,v,-1.5,978.3182823
320,v,-1,969.8488005
320,v,1,952.9319107
320,v,1.5,951.0421138
320,d4,0.1,1088.694621
320,d4,0.15,1165.078576
320,dc,0.1,965.6427509
320,dc,0.15,965.6427509
321,u,-2.5,2143.461212
321,u,-1.5,1340.252532
321,u,-1,1151.385178
321,u,1,888.1800163
321,u,1.5,869.7532596
321,v,-2.5,1011.290307
321,v,-1.5,982.5785132
321,v,-1,973.526812
321,v,1,955.4470009
321,v,1.5,953.4272934
321,d4,0.1,1088.017145
321,d4,0.15,1161.943
321,dc,0.1,971.3283175
321,dc,0.15,971.3283175
322,u,-2.5,2191.383837
322,u,-1.5,1384.857595
322,u,-1,1195.526646
322,u,1,890.7410188
322,u,1.5,872.8797317
322,v,-2.5,1028.09674
322,v,-1.5,999.2922119
322,v,-1,990.2112751
322,v,1,972.0730689
322,v,1.5,970.046838
322,d4,0.1,1110.777906
322,d4,0.15,1188.626838
322,dc,0.1,978.5002279
322,dc,0.15,978.5002279
323,u,-2.5,2492.140273
323,u,-1.5,1479.523476
323,u,-1,1241.949214
323,u,1,904.3297919
323,u,1.5,879.5447206
323,v,-2.5,1061.281699
323,v,-1.5,1028.151366
323,v,-1,1017.706673
323,v,1,996.844509
323,v,1.5,994.5139829
323,d4,0.1,1138.115266
323,d4,0.15,1216.97513
323,dc,0.1,1037.286345
323,dc,0.15,1037.286345
324,u,-2.5,2665.350155
324,u,-1.5,1543.3448
324,u,-1,1280.27982
324,u,1,913.379516
324,u,1.5,885.2129533
324,v,-2.5,1077.973528
324,v,-1.5,1042.682864
324,v,-1,1031.557103
324,v,1,1009.334578
324,v,1.5,1006.852085
324,d4,0.1,1150.738898
324,d4,0.15,1229.262079
324,dc,0.1,1071.589513
324,dc,0.15,1071.589513
325,u,-2.5,3080.589134
325,u,-1.5,1723.094229
325,u,-1,1405.429748
325,u,1,943.0184436
325,u,1.5,909.8896107
325,v,-2.5,1156.978739
325,v,-1.5,1117.287902
325,v,-1,1104.774939
325,v,1,1079.781626
325,v,1.5,1076.989606
325,d4,0.1,1239.961032
325,d4,0.15,1330.06536
325,dc,0.1,1142.779648
325,dc,0.15,1142.779648
326,u,-2.5,6745.982195
326,u,-1.5,3093.586859
326,u,-1,2243.585989
326,u,1,1080.017866
326,u,1.5,1004.098271
326,v,-2.5,1525.829395
326,v,-1.5,1453.047029
326,v,-1,1430.101607
326,v,1,1384.270564
326,v,1.5,1379.150749
326,d4,0.1,1576.687891
326,d4,0.15,1680.846439
326,dc,0.1,1500.855567
326,dc,0.15,1560.088565
327,u,-2.5,14505.01431
327,u,-1.5,6134.958846
327,u,-1,4195.500895
327,u,1,1559.744992
327,u,1.5,1158.852694
327,v,-2.5,2489.459113
327,v,-1.5,2368.78674
327,v,-1,2330.743479
327,v,1,2254.756107
327,v,1.5,2246.267508
327,d4,0.1,2731.187888
327,d4,0.15,3026.808221
327,dc,-0.15,1951.274943
327,dc,-0.1,2046.359313
327,dc,0.1,2605.881921
327,dc,0.15,2818.884041
328,u,-2.5,1612.97563
328,u,-1.5,1143.518823
328,u,-1,1032.698826
328,u,1,860.9508488
328,u,1.5,850.092934
328,v,-2.5,936.1556103
328,v,-1.5,920.7894968
328,v,-1,915.9451646
328,v,1,906.2691257
328,v,1.5,905.188209
328,d4,0.1,1032.934752
328,d4,0.15,1105.08475
328,dc,0.1,909.697769
328,dc,0.15,909.697769
329,u,-2.5,1701.510908
329,u,-1.5,1176.470223
329,u,-1,1052.633609
329,u,1,865.2315115
329,u,1.5,853.0086307
329,v,-2.5,950.1096461
329,v,-1.5,933.2237958
329,v,-1,927.9003502
329,v,1,917.2673333
329,v,1.5,916.079512
329,d4,0.1,1045.574218
329,d4,0.15,1118.548796
329,dc,0.1,921.0350758
329,dc,0.15,921.0350758
330,u,-2.5,1802.2676
330,u,-1.5,1215.761406
330,u,-1,1077.657445
330,u,1,872.6471018
330,u,1.5,859.3888645
330,v,-2.5,941.6727325
330,v,-1.5,935.6498988
330,v,-1,933.7511358
330,v,1,929.9585585
330,v,1.5,929.5348872
330,d4,0.1,1056.05513
330,d4,0.15,1129.132508
330,dc,0.1,931.3024343
330,dc,0.15,931.3024343
331,u,-2.5,1782.388918
331,u,-1.5,1208.243892
331,u,-1,1073.025397
331,u,1,871.9678321
331,u,1.5,858.9954266
331,v,-2.5,939.7971546
331,v,-1.5,933.675659
331,v,-1,931.7457918
331,v,1,927.8910871
331,v,1.5,927.4604756
331,d4,0.1,1053.765654
331,d4,0.15,1126.690624
331,dc,0.1,929.2569774
331,dc,0.15,929.2569774
332,u,-2.5,12831.81138
332,u,-1.5,5611.230429
332,u,-1,3937.272311
332,u,1,1217.579602
332,u,1.5,1033.541164
332,v,-2.5,2477.607996
332,v,-1.5,2365.987221
332,v,-1,2330.797573
332,v,1,2260.509991
332,v,1.5,2252.658119
332,d4,0.1,2920.80473
332,d4,0.15,3385.625861
332,dc,-0.15,1869.880444
332,dc,-0.1,1984.488196
332,dc,0.1,2745.914398
332,dc,0.15,3082.319152
333,u,-2.5,16148.38647
333,u,-1.5,6752.703796
333,u,-1,4575.667799
333,u,1,1619.562677
333,u,1.5,1229.413764
333,v,-2.5,2636.745822
333,v,-1.5,2515.117484
333,v,-1,2476.772845
333,v,1,2400.183502
333,v,1.5,2391.627657
333,d4,0.1,2924.224923
333,d4,0.15,3254.533643
333,dc,-0.15,2057.635219
333,dc,-0.1,2163.531053
333,dc,0.1,2794.794716
333,dc,0.15,3038.826703
334,u,-2.5,445240.0439
334,u,-1.5,170584.3226
334,u,-1,107478.121
334,u,1,22914.59586
334,u,1.5,10441.04328
334,v,-2.5,47384.2468
334,v,-1.5,46441.95291
334,v,-1,46144.88464
334,v,1,45551.52234
334,v,1.5,45485.23745
334,dc,-0.15,10614.96075
334,dc,-0.1,13992.5676
335,u,-2.5,1561.337758
335,u,-1.5,1064.670681
335,u,-1,952.0987931
335,u,1,846.2909876
335,u,1.5,840.3426813
335,v,-2.5,930.8906977
335,v,-1.5,896.5677112
335,v,-1,885.7470211
335,v,1,864.1338427
335,v,1.5,861.7194204
335,d4,0.1,993.1700797
335,d4,0.15,1063.946264
335,dc,-0.15,871.7923362
335,dc,-0.1,871.7923362
335,dc,0.1,871.7923362
335,dc,0.15,871.7923362
336,u,-2.5,1980.344982
336,u,-1.5,1278.263106
336,u,-1,1032.35331
336,u,1,858.9396964
336,u,1.5,850.6091397
336,v,-2.5,976.6982741
336,v,-1.5,930.4766445
336,v,-1,915.9047794
336,v,1,886.7990276
336,v,1.5,883.547605
336,d4,0.1,1020.332577
336,d4,0.15,1092.368037
336,dc,-0.15,897.1124672
336,dc,-0.1,897.1124672
336,dc,0.1,897.1124672
336,dc,0.15,897.1124672
337,u,-2.5,2047.008066
337,u,-1.5,1270.927832
337,u,-1,1030.497579
337,u,1,859.3835786
337,u,1.5,851.1220814
337,v,-2.5,978.6468017
337,v,-1.5,931.2868837
337,v,-1,916.356161
337,v,1,886.5336291
337,v,1.5,883.2021346
337,d4,0.1,1020.259968
337,d4,0.15,1092.255109
337,dc,-0.15,897.1010552
337,dc,-0.1,897.1010552
337,dc,0.1,897.1010552
337,dc,0.15,897.1010552
338,u,-2.5,2046.640812
338,u,-1.5,1295.700248
338,u,-1,1038.096983
338,u,1,860.0803917
338,u,1.5,851.6111277
338,v,-2.5,981.0739108
338,v,-1.5,933.4120405
338,v,-1,918.3861241
338,v,1,888.3734529
338,v,1.5,885.0207178
338,d4,0.1,1022.355576
338,d4,0.15,1094.474661
338,dc,-0.15,899.0082537
338,dc,-0.1,899.0082537
338,dc,0.1,899.0082537
338,dc,0.15,899.0082537
339,u,-2.5,2055.401813
339,u,-1.5,1304.696289
339,u,-1,1040.846984
339,u,1,860.4090994
339,u,1.5,851.8682213
339,v,-2.5,982.275033
339,v,-1.5,934.3464175
339,v,-1,919.2364068
339,v,1,889.0557663
339,v,1.5,885.6842672
339,d4,0.1,1023.163538
339,d4,0.15,1095.325999
339,dc,-0.15,899.750086
339,dc,-0.1,899.750086
339,dc,0.1,899.750086
339,dc,0.15,899.750086
340,u,-2.5,2055.401813
340,u,-1.5,1304.696289
340,u,-1,1040.846984
340,u,1,860.4090994
340,u,1.5,851.8682213
340,v,-2.5,982.275033
340,v,-1.5,934.3464175
340,v,-1,919.2364068
340,v,1,889.0557663
340,v,1.5,885.6842672
340,d4,0.1,1023.163538
340,d4,0.15,1095.325999
340,dc,-0.15,899.750086
340,dc,-0.1,899.750086
340,dc,0.1,899.750086
340,dc,0.15,899.750086
341,u,-2.5,2055.401813
341,u,-1.5,1304.696289
341,u,-1,1040.846984
341,u,1,860.4090994
341,u,1.5,851.8682213
341,v,-2.5,982.275033
341,v,-1.5,934.3464175
341,v,-1,919.2364068
341,v,1,889.0557663
341,v,1.5,885.6842672
341,d4,0.1,1023.163538
341,d4,0.15,1095.325999
341,dc,-0.15,899.750086
341,dc,-0.1,899.750086
341,dc,0.1,899.750086
341,dc,0.15,899.750086
342,u,-2.5,2208.207661
342,u,-1.5,1339.454804
342,u,-1,1037.603447
342,u,1,858.9896607
342,u,1.5,851.2937258
342,v,-2.5,980.4591292
342,v,-1.5,931.1343595
342,v,-1,915.5841963
342,v,1,884.5243977
342,v,1.5,881.0546873
342,d4,0.1,1018.747445
342,d4,0.15,1090.773266
342,dc,-0.15,895.5302415
342,dc,-0.1,895.5302415
342,dc,0.1,895.5302415
342,dc,0.15,895.5302415
343,u,-2.5,2267.990233
343,u,-1.5,1346.141651
343,u,-1,1054.201854
343,u,1,863.4985055
343,u,1.5,854.6598248
343,v,-2.5,994.3936122
343,v,-1.5,942.1567278
343,v,-1,925.6884891
343,v,1,892.7949324
343,v,1.5,889.1203716
343,d4,0.1,1028.146793
343,d4,0.15,1100.494084
343,dc,-0.15,904.4505568
343,dc,-0.1,904.4505568
343,dc,0.1,904.4505568
343,dc,0.15,904.4505568
344,u,-2.5,2453.75525
344,u,-1.5,1627.193644
344,u,-1,1166.404412
344,u,1,873.2792396
344,u,1.5,861.9455603
344,v,-2.5,1030.335066
344,v,-1.5,971.6560309
344,v,-1,953.156835
344,v,1,916.206657
344,v,1.5,912.0789284
344,d4,0.1,1055.61035
344,d4,0.15,1129.635677
344,dc,-0.15,929.2997195
344,dc,-0.1,929.2997195
344,dc,0.1,929.2997195
344,dc,0.15,929.2997195
345,u,-2.5,2710.387591
345,u,-1.5,1613.948148
345,u,-1,1120.769885
345,u,1,872.4942726
345,u,1.5,862.192657
345,v,-2.5,1029.055824
345,v,-1.5,967.0175384
345,v,-1,947.4593027
345,v,1,908.3938051
345,v,1.5,904.0297729
345,d4,0.1,1047.448807
345,d4,0.15,1120.77408
345,dc,-0.15,922.2364178
345,dc,-0.1,922.2364178
345,dc,0.1,922.2364178
345,dc,0.15,922.2364178
346,u,-2.5,2574.409661
346,u,-1.5,1636.702157
346,u,-1,1342.52439
346,u,1,883.4125394
346,u,1.5,868.5890129
346,v,-2.5,1066.176553
346,v,-1.5,1002.818216
346,v,-1,982.8438201
346,v,1,942.9470866
346,v,1.5,938.4901964
346,d4,0.1,1086.879323
346,d4,0.15,1163.106596
346,dc,-0.15,957.0842425
346,dc,-0.1,957.0842425
346,dc,0.1,957.0842425
346,dc,0.15,957.0842425
347,u,-2.5,2511.89452
347,u,-1.5,1572.99835
347,u,-1,1353.424906
347,u,1,888.2913303
347,u,1.5,871.1797066
347,v,-2.5,1083.047361
347,v,-1.5,1019.689024
347,v,-1,999.7146276
347,v,1,959.8178941
347,v,1.5,955.3610039
347,d4,0.1,1106.242673
347,d4,0.15,1184.038756
347,dc,-0.15,973.95505
347,dc,-0.1,973.95505
347,dc,0.1,973.95505
347,dc,0.15,973.95505
348,u,-2.5,4184.201636
348,u,-1.5,1743.169898
348,u,-1,1109.147028
348,u,1,875.3715828
348,u,1.5,867.3838927
348,v,-2.5,1053.410398
348,v,-1.5,973.8731585
348,v,-1,948.7981898
348,v,1,898.7136045
348,v,1.5,893.1186227
348,d4,0.1,1040.819529
348,d4,0.15,1113.589484
348,dc,-0.15,916.4607614
348,dc,-0.1,916.4607614
348,dc,0.1,916.4607614
348,dc,0.15,916.4607614
349,u,-2.5,4613.636801
349,u,-1.5,1483.389476
349,u,-1,1123.804967
349,u,1,890.0894523
349,u,1.5,878.9735056
349,v,-2.5,1099.309958
349,v,-1.5,1007.170886
349,v,-1,978.123054
349,v,1,920.103097
349,v,1.5,913.6216496
349,d4,0.1,1065.788072
349,d4,0.15,1139.053706
349,dc,-0.15,940.6621029
349,dc,-0.1,940.6621029
349,dc,0.1,940.6621029
349,dc,0.15,940.6621029
350,u,-2.5,5764.05017
350,u,-1.5,1333.347201
350,u,-1,1099.552218
350,u,1,897.6406469
350,u,1.5,886.5256603
350,v,-2.5,1129.838241
350,v,-1.5,1022.703353
350,v,-1,988.9279298
350,v,1,921.4651105
350,v,1.5,913.9287949
350,d4,0.1,1069.795565
350,d4,0.15,1142.611886
350,dc,-0.15,945.3701351
350,dc,-0.1,945.3701351
350,dc,0.1,945.3701351
350,dc,0.15,945.3701351
351,u,-2.5,5898.838715
351,u,-1.5,2413.279836
351,u,-1,1250.087547
351,u,1,902.5860691
351,u,1.5,890.3470017
351,v,-2.5,1155.763193
351,v,-1.5,1044.778527
351,v,-1,1009.78942
351,v,1,939.9023956
351,v,1.5,932.0952704
351,d4,0.1,1092.232069
351,d4,0.15,1167.052759
351,dc,-0.15,964.6664218
351,dc,-0.1,964.6664218
351,dc,0.1,964.6664218
351,dc,0.15,964.6664218
352,u,-2.5,5593.454266
352,u,-1.5,2733.698267
352,u,-1,2067.759786
352,u,1,1039.715647
352,u,1.5,965.875476
352,v,-2.5,1623.385333
352,v,-1.5,1497.967544
352,v,-1,1458.428239
352,v,1,1379.452679
352,v,1.5,1370.630268
352,d4,0.1,1638.096279
352,d4,0.15,1781.370774
352,dc,-0.15,1262.00343
352,dc,-0.1,1304.99921
352,dc,0.1,1540.025394
352,dc,0.15,1622.213166
353,u,-2.5,10481.89663
353,u,-1.5,5301.951677
353,u,-1,4103.33077
353,u,1,980.8545229
353,u,1.5,948.9608359
353,v,-2.5,1490.307026
353,v,-1.5,1309.767487
353,v,-1,1252.850459
353,v,1,1139.164744
353,v,1.5,1126.464838
353,d4,0.1,1337.176407
353,d4,0.15,1431.119485
353,dc,-0.15,1179.44856
353,dc,-0.1,1179.44856
353,dc,0.1,1179.44856
353,dc,0.15,1179.44856
354,u,-2.5,3110.741666
354,u,-1.5,1279.568818
354,u,-1,1144.784451
354,u,1,994.2667507
354,u,1.5,984.7690511
354,v,-2.5,1567.920867
354,v,-1.5,1257.315242
354,v,-1,1159.393484
354,v,1,963.8051778
354,v,1.5,941.9558802
354,dc,-0.15,1032.762106
354,dc,-0.1,1032.878241
355,u,-2.5,46952.12843
355,u,-1.5,1779.933564
355,u,-1,1286.7553
355,u,1,1039.51234
355,u,1.5,1029.220523
355,v,-2.5,1772.950847
355,v,-1.5,1375.275783
355,v,-1,1249.904449
355,v,1,999.4885325
355,v,1.5,971.5144067
355,dc,-0.15,1088.221833
355,dc,-0.1,1088.221833
356,u,-2.5,33537.84086
356,u,-1.5,13791.51118
356,u,-1,9231.741331
356,u,1,1830.607706
356,u,1.5,1300.060216
356,v,-2.5,5449.881258
356,v,-1.5,5043.369687
356,v,-1,4915.21255
356,v,1,4659.232287
356,v,1.5,4630.636564
356,d4,0.1,7637.017142
356,d4,0.15,11028.62565
356,dc,-0.15,3282.967206
356,dc,-0.1,3637.536949
356,dc,0.1,7232.707547
356,dc,0.15,10146.60049
357,u,-2.5,58754.89638
357,u,-1.5,2839.869931
357,u,-1,1451.202094
357,u,1,1084.331227
357,u,1.5,1071.773732
357,v,-2.5,1967.490547
357,v,-1.5,1491.674921
357,v,-1,1341.668936
357,v,1,1042.047922
357,v,1.5,1008.577063
357,dc,-0.15,1148.216739
357,dc,-0.1,1148.216739
358,u,-2.5,60564.80639
358,u,-1.5,3415.588814
358,u,-1,1493.276595
358,u,1,1091.997632
358,u,1.5,1078.925432
358,v,-2.5,2000.685586
358,v,-1.5,1512.198319
358,v,-1,1358.197463
358,v,1,1050.59712
358,v,1.5,1016.234884
358,dc,-0.15,1159.593362
358,dc,-0.1,1159.593362
359,u,-2.5,82609.5758
359,u,-1.5,1445.793255
359,u,-1,1245.924582
359,u,1,1093.839745
359,u,1.5,1086.163457
359,v,-2.5,2025.751025
359,v,-1.5,1503.827618
359,v,-1,1339.28566
359,v,1,1010.630584
359,v,1.5,973.916311
359,dc,-0.15,1127.087438
359,dc,-0.1,1127.087438
360,u,-2.5,2126.606356
360,u,-1.5,1372.459306
360,u,-1,1263.201435
360,u,1,1127.468975
360,u,1.5,1118.405941
360,v,-2.5,2167.06488
360,v,-1.5,1584.806803
360,v,-1,1401.243692
360,v,1,1034.595886
360,v,1.5,993.6374192
360,dc,-0.15,1164.167952
360,dc,-0.1,1164.28366
361,u,-2.5,100442.7404
361,u,-1.5,1896.311402
361,u,-1,1403.133139
361,u,1,1155.916579
361,u,1.5,1145.624994
361,v,-2.5,2294.520135
361,v,-1.5,1661.519077
361,v,-1,1461.958697
361,v,1,1063.358045
361,v,1.5,1018.830105
361,dc,-0.15,1204.599672
361,dc,-0.1,1204.599672
362,u,-2.5,101967.3147
362,u,-1.5,1955.014779
362,u,-1,1417.962232
362,u,1,1160.917992
362,u,1.5,1150.405324
362,v,-2.5,2316.238676
362,v,-1.5,1674.343419
362,v,-1,1471.979047
362,v,1,1067.77772
362,v,1.5,1022.624125
362,dc,-0.15,1211.003911
362,dc,-0.1,1211.003911
363,u,-2.5,1677.117358
363,u,-1.5,1026.394303
363,u,-1,949.4228627
363,u,1,868.9968534
363,u,1.5,864.1290177
363,v,-2.5,994.9936084
363,v,-1.5,933.391541
363,v,-1,913.9708279
363,v,1,875.1800172
363,v,1.5,870.8466703
363,d4,0.1,1007.939554
363,d4,0.15,1077.26695
363,dc,-0.15,888.9252963
363,dc,-0.1,888.9252963
363,dc,0.1,888.9252963
363,dc,0.15,888.926708
364,u,-2.5,1695.364464
364,u,-1.5,1029.236118
364,u,-1,950.9634965
364,u,1,869.5361028
364,u,1.5,864.6211878
364,v,-2.5,997.120002
364,v,-1.5,934.7206172
364,v,-1,915.0485411
364,v,1,875.7556597
364,v,1.5,871.3662262
364,d4,0.1,1008.717442
364,d4,0.15,1078.064035
364,dc,-0.15,889.6788445
364,dc,-0.1,889.6788445
364,dc,0.1,889.6788445
364,dc,0.15,889.6788445
365,u,-2.5,1707.784553
365,u,-1.5,1032.06185
365,u,-1,952.4431168
365,u,1,869.9807842
365,u,1.5,865.0176003
365,v,-2.5,998.8476547
365,v,-1.5,935.8345119
365,v,-1,915.9689421
365,v,1,876.2895774
365,v,1.5,871.8569696
365,d4,0.1,1009.413499
365,d4,0.15,1078.779832
365,dc,-0.15,890.34971
365,dc,-0.1,890.34971
365,dc,0.1,890.34971
365,dc,0.15,890.34971
366,u,-2.5,1774.84513
366,u,-1.5,1042.978321
366,u,-1,958.259262
366,u,1,871.9661075
366,u,1.5,866.826131
366,v,-2.5,1006.688899
366,v,-1.5,940.7486207
366,v,-1,919.9602398
366,v,1,878.4376583
366,v,1.5,873.7991436
366,d4,0.1,1012.310127
366,d4,0.15,1081.750157
366,dc,-0.15,893.1509232
366,dc,-0.1,893.1509232
366,dc,0.1,893.1509232
366,dc,0.15,893.1509232
367,u,-2.5,1764.963215
367,u,-1.5,1062.724663
367,u,-1,971.6532621
367,u,1,875.1912659
367,u,1.5,869.3184665
367,v,-2.5,1017.516645
367,v,-1.5,948.9432192
367,v,-1,927.3247104
367,v,1,884.1440365
367,v,1.5,879.3202951
367,d4,0.1,1018.872486
367,d4,0.15,1088.525587
367,dc,-0.15,899.4448359
367,dc,-0.1,899.4448359
367,dc,0.1,899.4448359
367,dc,0.15,899.4448359
368,u,-2.5,1918.85542
368,u,-1.5,1076.471965
368,u,-1,975.055898
368,u,1,876.8681255
368,u,1.5,871.2020627
368,v,-2.5,1025.873898
368,v,-1.5,953.106802
368,v,-1,930.1661936
368,v,1,884.3447663
368,v,1.5,879.2260246
368,d4,0.1,1020.048972
368,d4,0.15,1089.718411
368,dc,-0.15,900.5813001
368,dc,-0.1,900.5813001
368,dc,0.1,900.5813001
368,dc,0.15,900.5813001
369,u,-2.5,1886.559539
369,u,-1.5,1117.537841
369,u,-1,998.5025077
369,u,1,881.4513117
369,u,1.5,874.6326354
369,v,-2.5,1040.99656
369,v,-1.5,965.0662639
369,v,-1,941.1284227
369,v,1,893.3151287
369,v,1.5,887.9738744
369,d4,0.1,1030.265623
369,d4,0.15,1100.327645
369,dc,-0.15,910.2574679
369,dc,-0.1,910.2574679
369,dc,0.1,910.2574679
369,dc,0.15,910.2574679
370,u,-2.5,2007.160539
370,u,-1.5,1148.66396
370,u,-1,1013.348439
370,u,1,885.5233887
370,u,1.5,878.2397076
370,v,-2.5,1056.828314
370,v,-1.5,975.3749471
370,v,-1,949.6958987
370,v,1,898.4047284
370,v,1.5,892.6749583
370,d4,0.1,1036.904996
370,d4,0.15,1107.182893
370,dc,-0.15,916.5794312
370,dc,-0.1,916.5794312
370,dc,0.1,916.5794312
370,dc,0.15,916.5794312
371,u,-2.5,2753.676656
371,u,-1.5,1124.078697
371,u,-1,1002.815436
371,u,1,892.0412395
371,u,1.5,885.845672
371,v,-2.5,1089.68971
371,v,-1.5,990.0240844
371,v,-1,958.6034258
371,v,1,895.8439992
371,v,1.5,888.8331026
371,d4,0.1,1037.901769
371,d4,0.15,1107.821763
371,dc,-0.15,918.0824063
371,dc,-0.1,918.0824063
371,dc,0.1,918.0824063
371,dc,0.15,918.0824063
372,u,-2.5,3004.397014
372,u,-1.5,1225.860164
372,u,-1,1054.123311
372,u,1,904.9571269
372,u,1.5,896.8018541
372,v,-2.5,1137.996614
372,v,-1.5,1023.021767
372,v,-1,986.7747115
372,v,1,914.3750709
372,v,1.5,906.2872596
372,d4,0.1,1061.005315
372,d4,0.15,1131.715496
372,dc,-0.15,940.0294269
372,dc,-0.1,940.0294269
372,dc,0.1,940.0294269
372,dc,0.15,940.0294269
373,u,-2.5,2183.984199
373,u,-1.5,1508.339819
373,u,-1,1350.304891
373,u,1,919.4393087
373,u,1.5,908.074738
373,v,-2.5,1011.508339
373,v,-1.5,993.9206586
373,v,-1,988.3759533
373,v,1,977.3009938
373,v,1.5,976.0638029
373,d4,0.1,1121.665575
373,d4,0.15,1204.9543
373,dc,-0.15,981.2253359
373,dc,-0.1,981.2253359
373,dc,0.1,981.2253359
373,dc,0.15,981.2253359
374,u,-2.5,2084.794321
374,u,-1.5,1404.928979
374,u,-1,1245.465278
374,u,1,901.0341259
374,u,1.5,887.5721811
374,v,-2.5,1001.403931
374,v,-1.5,983.774887
374,v,-1,978.2171416
374,v,1,967.1161356
374,v,1.5,965.8760349
374,d4,0.1,1107.36291
374,d4,0.15,1187.93205
374,dc,-0.15,971.049707
374,dc,-0.1,971.049707
374,dc,0.1,971.049707
374,dc,0.15,971.049707
375,u,-2.5,2395.725529
375,u,-1.5,1699.556339
375,u,-1,1290.808332
375,u,1,938.7276419
375,u,1.5,929.7825869
375,v,-2.5,1021.730236
375,v,-1.5,1003.776058
375,v,-1,998.1158099
375,v,1,986.8100667
375,v,1.5,985.5470947
375,d4,0.1,1135.251327
375,d4,0.15,1221.187531
375,dc,-0.15,990.8161855
375,dc,-0.1,990.8161855
375,dc,0.1,990.8161855
375,dc,0.15,990.8161855
376,u,-2.5,2075.244195
376,u,-1.5,1363.363345
376,u,-1,1196.079754
376,u,1,895.3510187
376,u,1.5,879.8549027
376,v,-2.5,1006.124292
376,v,-1.5,988.0047866
376,v,-1,982.292418
376,v,1,970.8825689
376,v,1.5,969.6079672
376,d4,0.1,1110.254087
376,d4,0.15,1190.142766
376,dc,-0.1,970.1658475
376,dc,0.1,974.925577
376,dc,0.15,974.925577
377,u,-2.5,2085.605676
377,u,-1.5,1344.746849
377,u,-1,1170.480978
377,u,1,888.3553025
377,u,1.5,871.4921455
377,v,-2.5,1004.69772
377,v,-1.5,986.1357725
377,v,-1,980.2839192
377,v,1,968.5954641
377,v,1.5,967.2897391
377,d4,0.1,1105.976934
377,d4,0.15,1184.484029
377,dc,0.1,972.7371945
377,dc,0.15,972.7371945
378,u,-2.5,2787.234031
378,u,-1.5,1873.71438
378,u,-1,1563.934397
378,u,1,940.5825973
378,u,1.5,928.619483
378,v,-2.5,1047.683222
378,v,-1.5,1026.462065
378,v,-1,1019.771867
378,v,1,1006.408908
378,v,1.5,1004.916123
378,d4,0.1,1158.620511
378,d4,0.15,1246.501012
378,dc,-0.15,1011.143988
378,dc,-0.1,1011.143988
378,dc,0.1,1011.143988
378,dc,0.15,1011.143988
379,u,-2.5,2644.830739
379,u,-1.5,1708.280704
379,u,-1,1489.497829
379,u,1,931.162466
379,u,1.5,915.2277873
379,v,-2.5,1059.562326
379,v,-1.5,1038.050268
379,v,-1,1031.268361
379,v,1,1017.722222
379,v,1.5,1016.208974
379,d4,0.1,1170.269154
379,d4,0.15,1258.24483
379,dc,-0.15,1022.522211
379,dc,-0.1,1022.522211
379,dc,0.1,1022.522211
379,dc,0.15,1022.522211
380,u,-2.5,2515.911166
380,u,-1.5,1574.82959
380,u,-1,1354.428334
380,u,1,910.2062968
380,u,1.5,891.2239209
380,v,-2.5,1055.69255
380,v,-1.5,1034.145138
380,v,-1,1027.352085
380,v,1,1013.783683
380,v,1.5,1012.267948
380,d4,0.1,1162.722883
380,d4,0.15,1248.25393
380,dc,-0.15,1018.591561
380,dc,-0.1,1018.591561
380,dc,0.1,1018.591561
380,dc,0.15,1018.591561
381,u,-2.5,2408.90623
381,u,-1.5,1463.254106
381,u,-1,1241.14149
381,u,1,897.558486
381,u,1.5,875.2475283
381,v,-2.5,1055.130141
381,v,-1.5,1033.54722
381,v,-1,1026.742972
381,v,1,1013.15221
381,v,1.5,1011.633978
381,d4,0.1,1158.011372
381,d4,0.15,1240.784484
381,dc,0.1,1017.968011
381,dc,0.15,1017.968011
382,u,-2.5,2977.62639
382,u,-1.5,1992.948311
382,u,-1,1630.129319
382,u,1,960.1349074
382,u,1.5,947.8838016
382,v,-2.5,1071.840582
382,v,-1.5,1049.610101
382,v,-1,1042.601703
382,v,1,1028.603174
382,v,1.5,1027.039389
382,d4,0.1,1186.550741
382,d4,0.15,1278.050995
382,dc,-0.15,1033.563464
382,dc,-0.1,1033.563464
382,dc,0.1,1033.563464
382,dc,0.15,1033.563464
383,u,-2.5,2538.805826
383,u,-1.5,1541.826482
383,u,-1,1308.044034
383,u,1,901.8741838
383,u,1.5,879.8394446
383,v,-2.5,1065.340697
383,v,-1.5,1043.028995
383,v,-1,1035.994991
383,v,1,1021.945316
383,v,1.5,1020.375817
383,d4,0.1,1170.207076
383,d4,0.15,1255.099442
383,dc,-0.15,983.4121074
383,dc,-0.1,1010.76025
383,dc,0.1,1026.92373
383,dc,0.15,1026.92373
384,u,-2.5,2832.159012
384,u,-1.5,1814.808139
384,u,-1,1577.373493
384,u,1,944.4898352
384,u,1.5,928.1124394
384,v,-2.5,1078.518269
384,v,-1.5,1055.873543
384,v,-1,1048.73455
384,v,1,1034.47517
384,v,1.5,1032.882245
384,d4,0.1,1191.28583
384,d4,0.15,1281.883973
384,dc,-0.15,1039.527891
384,dc,-0.1,1039.527891
384,dc,0.1,1039.527891
384,dc,0.15,1039.527891
385,u,-2.5,2758.875925
385,u,-1.5,1695.114184
385,u,-1,1446.341889
385,u,1,913.1477652
385,u,1.5,893.2427424
385,v,-2.5,1068.693151
385,v,-1.5,1045.445414
385,v,-1,1038.116315
385,v,1,1023.477219
385,v,1.5,1021.841876
385,d4,0.1,1174.563604
385,d4,0.15,1261.224439
385,dc,-0.15,1028.66449
385,dc,-0.1,1028.66449
385,dc,0.1,1028.66449
385,dc,0.15,1028.66449
386,u,-2.5,2672.776878
386,u,-1.5,1602.111122
386,u,-1,1351.214863
386,u,1,910.9125624
386,u,1.5,887.5212719
386,v,-2.5,1087.037082
386,v,-1.5,1063.719639
386,v,-1,1056.368565
386,v,1,1041.685575
386,v,1.5,1040.045329
386,d4,0.1,1194.203736
386,d4,0.15,1281.685427
386,dc,-0.15,1004.049121
386,dc,-0.1,1032.999968
386,dc,0.1,1046.8884
386,dc,0.15,1046.8884
387,u,-2.5,3135.874194
387,u,-1.5,2037.933483
387,u,-1,1782.207627
387,u,1,979.4986765
387,u,1.5,964.0042494
387,v,-2.5,1114.981406
387,v,-1.5,1091.224709
387,v,-1,1083.735155
387,v,1,1068.775567
387,v,1.5,1067.104422
387,d4,0.1,1236.099961
387,d4,0.15,1333.513712
387,dc,-0.15,1074.076403
387,dc,-0.1,1074.076403
387,dc,0.1,1074.076403
387,dc,0.15,1074.076403
388,u,-2.5,2946.759979
388,u,-1.5,1834.30796
388,u,-1,1574.552897
388,u,1,948.2908088
388,u,1.5,928.878607
388,v,-2.5,1108.396402
388,v,-1.5,1084.482103
388,v,-1,1076.942864
388,v,1,1061.884035
388,v,1.5,1060.201803
388,d4,0.1,1224.316414
388,d4,0.15,1318.351367
388,dc,-0.15,1067.220036
388,dc,-0.1,1067.220036
388,dc,0.1,1067.220036
388,dc,0.15,1067.220036
389,u,-2.5,2740.871929
389,u,-1.5,1603.786328
389,u,-1,1337.196222
389,u,1,907.2635281
389,u,1.5,881.3622113
389,v,-2.5,1096.343855
389,v,-1.5,1072.154119
389,v,-1,1064.528045
389,v,1,1049.295773
389,v,1.5,1047.594166
389,d4,0.1,1201.036393
389,d4,0.15,1287.80153
389,dc,-0.1,1010.257215
389,dc,0.1,1054.693233
389,dc,0.15,1054.693233
390,u,-2.5,2905.48338
390,u,-1.5,1754.429967
390,u,-1,1485.223056
390,u,1,947.0181932
390,u,1.5,923.879189
390,v,-2.5,1132.053258
390,v,-1.5,1107.653796
390,v,-1,1099.961604
390,v,1,1084.597267
390,v,1.5,1082.880907
390,d4,0.1,1249.861346
390,d4,0.15,1345.573269
390,dc,-0.15,1088.281517
390,dc,-0.1,1090.041523
390,dc,0.1,1090.041523
390,dc,0.15,1090.041523
391,u,-2.5,2977.245691
391,u,-1.5,1722.905847
391,u,-1,1429.200241
391,u,1,934.7624348
391,u,1.5,906.1585514
391,v,-2.5,1160.611899
391,v,-1.5,1134.906198
391,v,-1,1126.8022
391,v,1,1110.615324
391,v,1.5,1108.807078
391,d4,0.1,1277.932973
391,d4,0.15,1374.622062
391,dc,-0.15,1034.548452
391,dc,-0.1,1064.957925
391,dc,0.1,1116.351041
391,dc,0.15,1116.351041
392,u,-2.5,2989.235792
392,u,-1.5,1697.022349
392,u,-1,1394.223517
392,u,1,931.1575064
392,u,1.5,899.9216833
392,v,-2.5,1137.121027
392,v,-1.5,1110.950732
392,v,-1,1102.700266
392,v,1,1086.220836
392,v,1.5,1084.379908
392,d4,0.1,1252.208053
392,d4,0.15,1348.409912
392,dc,-0.1,1030.577393
392,dc,0.1,1124.248819
392,dc,0.15,1124.248819
393,u,-2.5,5536.459333
393,u,-1.5,3502.561438
393,u,-1,3030.94362
393,u,1,1149.837825
393,u,1.5,1130.486937
393,v,-2.5,1340.304052
393,v,-1.5,1305.570006
393,v,-1,1294.619725
393,v,1,1272.747703
393,v,1.5,1270.304365
393,d4,-0.15,1039.699648
393,d4,-0.1,1110.822111
393,d4,0.1,1500.771559
393,d4,0.15,1637.730873
393,dc,-0.15,1280.497916
393,dc,-0.1,1280.497916
393,dc,0.1,1280.497916
393,dc,0.15,1280.497916
394,u,-2.5,4961.591314
394,u,-1.5,2906.711362
394,u,-1,2429.067077
394,u,1,1076.605765
394,u,1.5,1049.399927
394,v,-2.5,1329.006609
394,v,-1.5,1294.107028
394,v,-1,1283.104561
394,v,1,1261.128301
394,v,1.5,1258.673319
394,d4,-0.1,1105.815747
394,d4,0.1,1478.721759
394,d4,0.15,1608.072583
394,dc,-0.15,1268.91545
394,dc,-0.1,1268.91545
394,dc,0.1,1268.91545
394,dc,0.15,1268.91545
395,u,-2.5,4757.411654
395,u,-1.5,2695.306949
395,u,-1,2216.049713
395,u,1,899.0262421
395,u,1.5,875.0536725
395,v,-2.5,1126.664746
395,v,-1.5,1091.688144
395,v,-1,1080.661395
395,v,1,1058.636635
395,v,1.5,1056.176235
395,d4,0.1,1220.159831
395,d4,0.15,1311.856667
395,dc,-0.15,1066.44097
395,dc,-0.1,1066.44097
395,dc,0.1,1066.44097
395,dc,0.15,1066.44097
396,u,-2.5,4709.479252
396,u,-1.5,2608.306732
396,u,-1,2119.004792
396,u,1,1042.51388
396,u,1.5,1006.663527
396,v,-2.5,1377.733254
396,v,-1.5,1342.390619
396,v,-1,1331.248474
396,v,1,1308.993223
396,v,1.5,1306.507075
396,d4,-0.1,1149.147814
396,d4,0.1,1532.747144
396,d4,0.15,1665.860742
396,dc,-0.15,1316.879231
396,dc,-0.1,1316.879231
396,dc,0.1,1316.879231
396,dc,0.15,1316.879231
397,u,-2.5,4705.939374
397,u,-1.5,2482.48455
397,u,-1,1964.053233
397,u,1,1031.084553
397,u,1.5,983.8181808
397,v,-2.5,1502.71971
397,v,-1.5,1466.156883
397,v,-1,1454.63006
397,v,1,1431.606454
397,v,1.5,1429.034472
397,d4,0.1,1679.625293
397,d4,0.15,1828.817966
397,dc,-0.15,1269.654136
397,dc,-0.1,1321.755169
397,dc,0.1,1439.764724
397,dc,0.15,1439.764724
398,u,-2.5,4721.076024
398,u,-1.5,2418.713881
398,u,-1,1881.521956
398,u,1,1012.209983
398,u,1.5,958.4536178
398,v,-2.5,1412.394561
398,v,-1.5,1375.055904
398,v,-1,1363.284491
398,v,1,1339.772345
398,v,1.5,1337.145788
398,d4,0.1,1583.445528
398,d4,0.15,1731.074739
398,dc,-0.15,1205.249379
398,dc,-0.1,1247.297749
398,dc,0.1,1479.935648
398,dc,0.15,1490.370686
399,u,-2.5,5120.840012
399,u,-1.5,2740.442635
399,u,-1,2186.682321
399,u,1,923.0951422
399,u,1.5,888.9248553
399,v,-2.5,1268.358507
399,v,-1.5,1230.198507
399,v,-1,1218.168157
399,v,1,1194.138812
399,v,1.5,1191.454478
399,d4,0.1,1384.447831
399,d4,0.15,1494.487901
399,dc,-0.15,1202.653459
399,dc,-0.1,1202.653459
399,dc,0.1,1202.653459
399,dc,0.15,1202.653459
400,u,-2.5,6799.103725
400,u,-1.5,4120.775166
400,u,-1,1800.04757
400,u,1,906.5006287
400,u,1.5,893.387651
400,v,-2.5,1057.621613
400,v,-1.5,1016.478372
400,v,-1,1003.507524
400,v,1,977.599633
400,v,1.5,974.7054455
400,d4,0.1,1124.753443
400,d4,0.15,1206.394075
400,dc,-0.15,986.7799308
400,dc,-0.1,986.7799308
400,dc,0.1,986.7799308
400,dc,0.15,986.7799308
401,u,-2.5,6301.574324
401,u,-1.5,3580.614031
401,u,-1,2949.847154
401,u,1,914.3516861
401,u,1.5,894.153105
401,v,-2.5,1109.686724
401,v,-1.5,1068.201881
401,v,-1,1055.123339
401,v,1,1029.000341
401,v,1.5,1026.082124
401,d4,0.1,1185.001058
401,d4,0.15,1272.215136
401,dc,-0.15,1038.256861
401,dc,-0.1,1038.256861
401,dc,0.1,1038.256861
401,dc,0.15,1038.256861
402,u,-2.5,6119.279359
402,u,-1.5,3134.212688
402,u,-1,2440.193898
402,u,1,947.3359475
402,u,1.5,908.0035444
402,v,-2.5,1324.825792
402,v,-1.5,1281.002429
402,v,-1,1267.186643
402,v,1,1239.59108
402,v,1.5,1236.508361
402,d4,0.1,1435.733266
402,d4,0.15,1548.588689
402,dc,-0.15,1249.369394
402,dc,-0.1,1249.369394
402,dc,0.1,1249.369394
402,dc,0.15,1249.369394
403,u,-2.5,6493.708197
403,u,-1.5,3434.04066
403,u,-1,2723.673108
403,u,1,935.108339
403,u,1.5,904.0132479
403,v,-2.5,1232.794087
403,v,-1.5,1188.274206
403,v,-1,1174.238835
403,v,1,1146.204674
403,v,1.5,1143.072959
403,d4,0.1,1325.383017
403,d4,0.15,1427.095509
403,dc,-0.15,1156.138402
403,dc,-0.1,1156.138402
403,dc,0.1,1156.138402
403,dc,0.15,1156.138402
404,u,-2.5,6304.033441
404,u,-1.5,3145.593209
404,u,-1,2410.983776
404,u,1,966.8571243
404,u,1.5,913.4088267
404,v,-2.5,1673.072317
404,v,-1.5,1627.722836
404,v,-1,1613.425925
404,v,1,1584.869364
404,v,1.5,1581.679292
404,d4,0.1,1865.898089
404,d4,0.15,2037.263565
404,dc,-0.15,1409.469965
404,dc,-0.1,1485.730853
404,dc,0.1,1594.988201
404,dc,0.15,1594.988201
405,u,-2.5,6894.0754
405,u,-1.5,3337.439185
405,u,-1,2510.234747
405,u,1,991.4382888
405,u,1.5,931.861674
405,v,-2.5,1687.62966
405,v,-1.5,1638.876225
405,v,-1,1623.506181
405,v,1,1592.806152
405,v,1.5,1589.376631
405,d4,0.1,1864.707221
405,d4,0.15,2028.360739
405,dc,-0.15,1432.148699
405,dc,-0.1,1505.091677
405,dc,0.1,1603.684514
405,dc,0.15,1603.684514
406,u,-2.5,8011.004348
406,u,-1.5,3778.412451
406,u,-1,2794.757648
406,u,1,1021.596797
406,u,1.5,942.9341556
406,v,-2.5,1915.73135
406,v,-1.5,1861.508667
406,v,-1,1844.414384
406,v,1,1810.27037
406,v,1.5,1806.45612
406,d4,0.1,2315.408981
406,d4,0.15,2669.201174
406,dc,-0.15,1521.611673
406,dc,-0.1,1605.216895
406,dc,0.1,2148.305135
406,dc,0.15,2381.743131
407,u,-2.5,9188.212472
407,u,-1.5,4173.451814
407,u,-1,3008.295943
407,u,1,1088.481275
407,u,1.5,976.4470965
407,v,-2.5,1959.658552
407,v,-1.5,1899.535035
407,v,-1,1880.580451
407,v,1,1842.720683
407,v,1.5,1838.491344
407,d4,0.1,2290.068984
407,d4,0.15,2587.301945
407,dc,-0.15,1575.040014
407,dc,-0.1,1654.608122
407,dc,0.1,2145.239299
407,dc,0.15,2342.945169
408,u,-2.5,2052.287687
408,u,-1.5,1448.260355
408,u,-1,1108.34928
408,u,1,850.4580586
408,u,1.5,841.8046533
408,v,-2.5,932.3935878
408,v,-1.5,911.1273011
408,v,-1,904.4228759
408,v,1,891.0314991
408,v,1.5,889.5355396
408,d4,0.1,1019.09648
408,d4,0.15,1091.307884
408,dc,-0.15,895.776649
408,dc,-0.1,895.776649
408,dc,0.1,895.776649
408,dc,0.15,895.776649
409,u,-2.5,2790.205101
409,u,-1.5,1761.934552
409,u,-1,1522.323666
409,u,1,868.7415409
409,u,1.5,853.6242319
409,v,-2.5,1002.83257
409,v,-1.5,973.5717201
409,v,-1,964.3469229
409,v,1,945.9213708
409,v,1.5,943.8630403
409,d4,0.1,1084.154066
409,d4,0.15,1161.712741
409,dc,-0.15,952.450349
409,dc,-0.1,952.450349
409,dc,0.1,952.450349
409,dc,0.15,952.450349
410,u,-2.5,3001.389394
410,u,-1.5,1784.465604
410,u,-1,1500.510635
410,u,1,884.1331073
410,u,1.5,863.2707007
410,v,-2.5,1056.891761
410,v,-1.5,1024.658099
410,v,-1,1014.49609
410,v,1,994.1985584
410,v,1.5,991.9311079
410,d4,0.1,1140.041658
410,d4,0.15,1221.966708
410,dc,-0.15,1001.390861
410,dc,-0.1,1001.390861
410,dc,0.1,1001.390861
410,dc,0.15,1001.390861
411,u,-2.5,3106.445658
411,u,-1.5,1864.486548
411,u,-1,1575.021211
411,u,1,881.3561537
411,u,1.5,861.2719248
411,v,-2.5,1058.403374
411,v,-1.5,1025.801553
411,v,-1,1015.523479
411,v,1,994.9941185
411,v,1.5,992.7007701
411,d4,0.1,1142.860043
411,d4,0.15,1226.07623
411,dc,-0.15,1002.268568
411,dc,-0.1,1002.268568
411,dc,0.1,1002.268568
411,dc,0.15,1002.268568
412,u,-2.5,3926.89294
412,u,-1.5,2119.595861
412,u,-1,1698.286217
412,u,1,921.5805952
412,u,1.5,885.7989854
412,v,-2.5,1254.675733
412,v,-1.5,1213.641021
412,v,-1,1200.704388
412,v,1,1174.864837
412,v,1.5,1171.978284
412,d4,0.1,1357.858539
412,d4,0.15,1462.478394
412,dc,-0.15,1136.73262
412,dc,-0.1,1178.653613
412,dc,0.1,1184.020919
412,dc,0.15,1184.020919
413,u,-2.5,4535.871795
413,u,-1.5,2354.528631
413,u,-1,1846.439388
413,u,1,943.4296573
413,u,1.5,898.1975159
413,v,-2.5,1421.343119
413,v,-1.5,1375.819567
413,v,-1,1361.467778
413,v,1,1332.801605
413,v,1.5,1329.599288
413,d4,0.1,1551.262488
413,d4,0.15,1678.661329
413,dc,-0.15,1186.88731
413,dc,-0.1,1232.26646
413,dc,0.1,1343.258226
413,dc,0.15,1343.258226
414,u,-2.5,5431.093645
414,u,-1.5,2696.541137
414,u,-1,2060.207071
414,u,1,965.9293411
414,u,1.5,912.559553
414,v,-2.5,1515.478867
414,v,-1.5,1465.873931
414,v,-1,1450.235443
414,v,1,1418.999224
414,v,1.5,1415.509805
414,d4,0.1,1649.777326
414,d4,0.15,1784.640431
414,dc,-0.15,1256.967829
414,dc,-0.1,1307.175945
414,dc,0.1,1430.262576
414,dc,0.15,1430.262576
415,u,-2.5,8811.26892
415,u,-1.5,3921.151435
415,u,-1,2785.456345
415,u,1,1194.163515
415,u,1.5,1014.277781
415,v,-2.5,1770.914848
415,v,-1.5,1707.647498
415,v,-1,1687.701786
415,v,1,1647.862348
415,v,1.5,1643.411858
415,d4,0.1,1935.33719
415,d4,0.15,2105.741367
415,dc,-0.15,1472.48761
415,dc,-0.1,1528.376045
415,dc,0.1,1835.762421
415,dc,0.15,1943.938713
416,u,-2.5,12830.2764
416,u,-1.5,5466.519295
416,u,-1,3759.533178
416,u,1,1440.012791
416,u,1.5,1103.840983
416,v,-2.5,2214.811467
416,v,-1.5,2133.173102
416,v,-1,2107.435731
416,v,1,2056.028067
416,v,1.5,2050.285283
416,d4,0.1,2460.754619
416,d4,0.15,2710.172265
416,dc,-0.15,1791.574401
416,dc,-0.1,1873.610077
416,dc,0.1,2345.185734
416,dc,0.15,2519.831714
417,u,-2.5,15789.16846
417,u,-1.5,6704.194325
417,u,-1,4600.723994
417,u,1,1257.048345
417,u,1.5,1066.643756
417,v,-2.5,2740.310593
417,v,-1.5,2616.569971
417,v,-1,2577.559411
417,v,1,2499.639963
417,v,1.5,2490.93553
417,d4,0.1,3206.507356
417,d4,0.15,3698.753136
417,dc,-0.15,2063.442704
417,dc,-0.1,2191.784796
417,dc,0.1,3036.219543
417,dc,0.15,3404.637153
418,u,-2.5,19407.59629
418,u,-1.5,7838.779032
418,u,-1,5160.667176
418,u,1,1524.759443
418,u,1.5,1291.533391
418,v,-2.5,2758.43935
418,v,-1.5,2619.410532
418,v,-1,2575.580205
418,v,1,2488.033783
418,v,1.5,2478.253915
418,d4,0.1,2824.906477
418,d4,0.15,3006.551735
418,dc,0.1,2747.85275
418,dc,0.15,2883.659436
419,u,-2.5,26287.07345
419,u,-1.5,10410.33972
419,u,-1,6739.225826
419,u,1,1764.569296
419,u,1.5,1446.784585
419,v,-2.5,3385.269426
419,v,-1.5,3232.768352
419,v,-1,3184.690751
419,v,1,3088.660852
419,v,1.5,3077.933289
419,d4,0.1,3511.576691
419,d4,0.15,3744.009559
419,dc,0.1,3431.671462
419,dc,0.15,3616.270038
420,u,-2.5,55824.5703
420,u,-1.5,21672.06662
420,u,-1,13795.05121
420,u,1,3170.714972
420,u,1.5,2118.658055
420,v,-2.5,6456.212534
420,v,-1.5,6225.06413
420,v,-1,6152.192114
420,v,1,6006.638005
420,v,1.5,5990.37806
420,d4,0.1,7926.610684
420,d4,0.15,9375.363803
420,dc,-0.15,4648.06396
420,dc,-0.1,5028.526617
420,dc,0.1,7724.416517
420,dc,0.15,9015.93073
421,u,-2.5,50153.89119
421,u,-1.5,19387.95058
421,u,-1,12289.03865
421,u,1,2703.766801
421,u,1.5,2096.484902
421,v,-2.5,5819.722643
421,v,-1.5,5524.910304
421,v,-1,5431.967549
421,v,1,5246.324273
421,v,1.5,5225.585941
421,d4,0.1,6182.395187
421,d4,0.15,6735.200172
421,dc,-0.15,4502.230955
421,dc,-0.1,4738.762449
421,dc,0.1,6074.536388
421,dc,0.15,6558.71051
422,u,-2.5,99978.58675
422,u,-1.5,37874.44358
422,u,-1,23568.99559
422,u,1,4305.700838
422,u,1.5,3091.711665
422,v,-2.5,10138.58357
422,v,-1.5,9788.228099
422,v,-1,9677.774777
422,v,1,9457.156003
422,v,1.5,9432.510535
422,d4,0.1,11119.76768
422,d4,0.15,12130.52083
422,dc,-0.15,7977.720323
422,dc,-0.1,8431.671806
422,dc,0.1,11010.08408
422,dc,0.15,11950.7682
423,u,-2.5,3089.996653
423,u,-1.5,1971.990244
423,u,-1,1419.597379
423,u,1,863.0475965
423,u,1.5,850.4778842
423,v,-2.5,980.0322358
423,v,-1.5,952.459307
423,v,-1,943.7666452
423,v,1,926.4039769
423,v,1.5,924.4643819
423,d4,0.1,1061.018306
423,d4,0.15,1136.51731
423,dc,-0.15,932.5563289
423,dc,-0.1,932.5563289
423,dc,0.1,932.5563289
423,dc,0.15,932.5563289
424,u,-2.5,3271.070623
424,u,-1.5,2003.561864
424,u,-1,1708.675994
424,u,1,872.0740459
424,u,1.5,855.6020184
424,v,-2.5,1016.736365
424,v,-1.5,986.9774347
424,v,-1,977.5956123
424,v,1,958.8564192
424,v,1.5,956.7630516
424,d4,0.1,1099.476284
424,d4,0.15,1178.481176
424,dc,-0.15,965.4965341
424,dc,-0.1,965.4965341
424,dc,0.1,965.4965341
424,dc,0.15,965.4965341
425,u,-2.5,3651.403811
425,u,-1.5,2098.715733
425,u,-1,1737.217723
425,u,1,891.0436697
425,u,1.5,866.8270064
425,v,-2.5,1107.482455
425,v,-1.5,1073.807601
425,v,-1,1063.191242
425,v,1,1041.986193
425,v,1.5,1039.617363
425,d4,0.1,1199.367118
425,d4,0.15,1288.529746
425,dc,-0.15,1049.500068
425,dc,-0.1,1049.500068
425,dc,0.1,1049.500068
425,dc,0.15,1049.500068
426,u,-2.5,4318.50603
426,u,-1.5,2337.347985
426,u,-1,1876.245268
426,u,1,911.2732104
426,u,1.5,879.836869
426,v,-2.5,1191.350945
426,v,-1.5,1152.267547
426,v,-1,1139.946086
426,v,1,1115.335277
426,v,1.5,1112.585987
426,d4,0.1,1285.687857
426,d4,0.15,1382.347203
426,dc,-0.15,1124.055962
426,dc,-0.1,1124.055962
426,dc,0.1,1124.055962
426,dc,0.15,1124.055962
427,u,-2.5,5459.713887
427,u,-1.5,2790.235593
427,u,-1,2169.641287
427,u,1,940.2070319
427,u,1.5,896.8881598
427,v,-2.5,1389.096238
427,v,-1.5,1342.194587
427,v,-1,1327.408338
427,v,1,1297.874376
427,v,1.5,1294.575118
427,d4,0.1,1508.41902
427,d4,0.15,1630.470232
427,dc,-0.15,1308.339549
427,dc,-0.1,1308.339549
427,dc,0.1,1308.339549
427,dc,0.15,1308.339549
428,u,-2.5,6213.593056
428,u,-1.5,3058.489584
428,u,-1,2325.245446
428,u,1,972.0560603
428,u,1.5,913.9605008
428,v,-2.5,1689.840104
428,v,-1.5,1637.905141
428,v,-1,1621.532086
428,v,1,1588.82865
428,v,1.5,1585.175327
428,d4,0.1,1942.589612
428,d4,0.15,2121.34542
428,dc,-0.15,1364.367553
428,dc,-0.1,1431.036077
428,dc,0.1,1661.105372
428,dc,0.15,1661.105372
429,u,-2.5,7413.807064
429,u,-1.5,3458.031792
429,u,-1,2538.992414
429,u,1,1034.363035
429,u,1.5,948.4263124
429,v,-2.5,1732.726026
429,v,-1.5,1673.12118
429,v,-1,1654.330112
429,v,1,1616.796951
429,v,1.5,1612.604097
429,d4,0.1,1966.190619
429,d4,0.15,2187.157321
429,dc,-0.15,1413.977205
429,dc,-0.1,1476.230122
429,dc,0.1,1841.73014
429,dc,0.15,1980.615921
430,u,-2.5,10270.02292
430,u,-1.5,4547.631505
430,u,-1,3220.152323
430,u,1,1156.397428
430,u,1.5,1003.913022
430,v,-2.5,2037.55605
430,v,-1.5,1962.910677
430,v,-1,1939.377922
430,v,1,1892.373744
430,v,1.5,1887.122877
430,d4,0.1,2318.838593
430,d4,0.15,2592.730066
430,dc,-0.15,1631.168204
430,dc,-0.1,1710.613163
430,dc,0.1,2186.763865
430,dc,0.15,2372.116146
431,u,-2.5,11032.51143
431,u,-1.5,4804.973691
431,u,-1,3360.533489
431,u,1,1260.498293
431,u,1.5,1041.870608
431,v,-2.5,2069.111099
431,v,-1.5,1990.5267
431,v,-1,1965.752125
431,v,1,1916.267543
431,v,1.5,1910.739588
431,d4,0.1,2309.788282
431,d4,0.15,2554.623475
431,dc,-0.15,1669.444845
431,dc,-0.1,1745.871793
431,dc,0.1,2189.939302
431,dc,0.15,2356.514711
432,u,-2.5,16763.00154
432,u,-1.5,6858.403465
432,u,-1,4564.294334
432,u,1,1447.543505
432,u,1.5,1247.491593
432,v,-2.5,2479.674455
432,v,-1.5,2375.488636
432,v,-1,2342.642937
432,v,1,2277.037146
432,v,1.5,2269.70828
432,d4,0.1,2604.565979
432,d4,0.15,2787.615689
432,dc,-0.1,2123.544249
432,dc,0.1,2521.586115
432,dc,0.15,2654.624697
433,u,-2.5,18909.66016
433,u,-1.5,7666.262775
433,u,-1,5063.36658
433,u,1,1529.996965
433,u,1.5,1303.614897
433,v,-2.5,2689.767607
433,v,-1.5,2577.241359
433,v,-1,2541.766251
433,v,1,2470.908493
433,v,1.5,2462.992927
433,d4,0.1,2832.752478
433,d4,0.15,3036.300834
433,dc,-0.1,2296.196844
433,dc,0.1,2747.59029
433,dc,0.15,2899.565857
434,u,-2.5,22941.75174
434,u,-1.5,9160.71777
434,u,-1,5972.625095
434,u,1,1649.250463
434,u,1.5,1372.675171
434,v,-2.5,3049.537766
434,v,-1.5,2922.218491
434,v,-1,2882.079722
434,v,1,2801.906797
434,v,1.5,2792.950627
434,d4,0.1,3189.973223
434,d4,0.15,3405.391193
434,dc,-0.1,2606.666779
434,dc,0.1,3109.068844
434,dc,0.15,3275.948021
435,u,-2.5,57342.70428
435,u,-1.5,22077.09743
435,u,-1,13943.12898
435,u,1,2968.104292
435,u,1.5,2274.029036
435,v,-2.5,6339.898741
435,v,-1.5,6114.960155
435,v,-1,6044.045851
435,v,1,5902.402064
435,v,1.5,5886.578943
435,d4,0.1,7106.11681
435,d4,0.15,7869.396049
435,dc,-0.15,4915.609332
435,dc,-0.1,5213.019291
435,dc,0.1,6979.23124
435,dc,0.15,7658.388868
436,u,-2.5,129695.0857
436,u,-1.5,48972.59407
436,u,-1,30388.94358
436,u,1,5389.84546
436,u,1.5,3818.200632
436,v,-2.5,12808.9563
436,v,-1.5,12438.0073
436,v,-1,12321.06165
436,v,1,12087.47514
436,v,1.5,12061.38103
436,d4,0.1,14945.24125
436,d4,0.15,16876.88771
436,dc,-0.15,9673.600008
436,dc,-0.1,10374.57068
436,dc,0.1,14794.76114
436,dc,0.15,16621.47991
437,u,-2.5,162843.9264
437,u,-1.5,61108.92629
437,u,-1,37697.38495
437,u,1,6221.584828
437,u,1.5,4243.981682
437,v,-2.5,15489.43943
437,v,-1.5,15062.92776
437,v,-1,14928.46538
437,v,1,14659.89106
437,v,1.5,14629.88845
437,d4,0.1,16709.69322
437,d4,0.15,17898.23103
437,dc,-0.15,12658.01051
437,dc,-0.1,13283.10242
437,dc,0.1,16622.23802
437,dc,0.15,17757.54634
438,u,-2.5,1667.074948
438,u,-1.5,1284.448053
438,u,-1,1104.423743
438,u,1,935.9927407
438,u,1.5,928.757731
438,v,-2.5,1004.985096
438,v,-1.5,984.4319322
438,v,-1,977.9523266
438,v,1,965.010003
438,v,1.5,963.5642076
438,d4,0.1,1112.333578
438,d4,0.15,1197.193932
438,dc,-0.15,969.5960338
438,dc,-0.1,969.5960338
438,dc,0.1,969.5960338
438,dc,0.15,969.5960338
439,u,-2.5,1589.14977
439,u,-1.5,1162.102093
439,u,-1,1054.415809
439,u,1,850.4221405
439,u,1.5,841.5211493
439,v,-2.5,929.8113132
439,v,-1.5,907.8708322
439,v,-1,900.95386
439,v,1,887.1379431
439,v,1.5,885.594558
439,d4,0.1,1014.29312
439,d4,0.15,1085.831273
439,dc,-0.15,884.6470207
439,dc,-0.1,892.0335262
439,dc,0.1,892.0335262
439,dc,0.15,892.0335262
440,u,-2.5,1570.346045
440,u,-1.5,1140.584876
440,u,-1,1039.064547
440,u,1,874.484356
440,u,1.5,864.7386396
440,v,-2.5,956.8473189
440,v,-1.5,934.8493489
440,v,-1,927.9142527
440,v,1,914.062135
440,v,1.5,912.5147058
440,d4,0.1,1046.526448
440,d4,0.15,1121.481325
440,dc,0.1,918.9705455
440,dc,0.15,918.9705455
441,u,-2.5,1725.185916
441,u,-1.5,1189.986083
441,u,-1,1063.651785
441,u,1,878.7078469
441,u,1.5,866.2735963
441,v,-2.5,978.5208377
441,v,-1.5,953.3213332
441,v,-1,945.3769188
441,v,1,929.5087953
441,v,1.5,927.7361569
441,d4,0.1,1063.552658
441,d4,0.15,1139.039198
441,dc,0.1,935.1315648
441,dc,0.15,935.1315648
442,u,-2.5,2501.631835
442,u,-1.5,1507.744063
442,u,-1,1214.099967
442,u,1,1046.320774
442,u,1.5,1037.536008
442,v,-2.5,1122.291259
442,v,-1.5,1096.268588
442,v,-1,1088.064662
442,v,1,1071.67819
442,v,1.5,1069.847647
442,d4,-0.15,883.0466594
442,d4,-0.1,941.3109641
442,d4,0.1,1249.234335
442,d4,0.15,1353.407162
442,dc,-0.15,1077.484633
442,dc,-0.1,1077.484633
442,dc,0.1,1077.484633
442,dc,0.15,1077.484633
443,u,-2.5,1933.255263
443,u,-1.5,1267.955438
443,u,-1,1111.154913
443,u,1,892.1635533
443,u,1.5,877.3426753
443,v,-2.5,1003.157651
443,v,-1.5,974.3210158
443,v,-1,965.2299568
443,v,1,947.0715325
443,v,1.5,945.043043
443,d4,0.1,1082.503834
443,d4,0.15,1158.317461
443,dc,0.1,963.2484966
443,dc,0.15,963.2484966
444,u,-2.5,2248.206658
444,u,-1.5,1563.3499
444,u,-1,1350.613735
444,u,1,991.9993379
444,u,1.5,980.4494699
444,v,-2.5,1103.303145
444,v,-1.5,1073.838899
444,v,-1,1064.54998
444,v,1,1045.996349
444,v,1.5,1043.923711
444,d4,-0.1,925.3429287
444,d4,0.1,1211.382188
444,d4,0.15,1306.75183
444,dc,-0.15,1052.570711
444,dc,-0.1,1052.570711
444,dc,0.1,1052.570711
444,dc,0.15,1052.570711
445,u,-2.5,2748.349334
445,u,-1.5,1948.280311
445,u,-1,1575.298239
445,u,1,1175.845413
445,u,1.5,1162.401312
445,v,-2.5,1297.813877
445,v,-1.5,1265.331823
445,v,-1,1255.091507
445,v,1,1234.637564
445,v,1.5,1232.352641
445,d4,-0.15,1006.993798
445,d4,-0.1,1076.427059
445,d4,0.1,1456.355667
445,d4,0.15,1589.531436
445,dc,-0.15,1241.88529
445,dc,-0.1,1241.88529
445,dc,0.1,1241.88529
445,dc,0.15,1241.88529
446,u,-2.5,2442.747098
446,u,-1.5,1621.794986
446,u,-1,1429.43357
446,u,1,1124.381193
446,u,1.5,1106.844024
446,v,-2.5,1268.502815
446,v,-1.5,1235.600436
446,v,-1,1225.227608
446,v,1,1204.508985
446,v,1.5,1202.194494
446,d4,-0.15,991.3611143
446,d4,-0.1,1056.867952
446,d4,0.1,1410.330055
446,d4,0.15,1532.199714
446,dc,0.1,1211.850498
446,dc,0.15,1211.850498
447,u,-2.5,2667.542139
447,u,-1.5,1770.275105
447,u,-1,1560.4239
447,u,1,1174.084264
447,u,1.5,1155.607986
447,v,-2.5,1332.409707
447,v,-1.5,1297.629256
447,v,-1,1286.664345
447,v,1,1264.763102
447,v,1.5,1262.3165
447,d4,-0.15,1034.123459
447,d4,-0.1,1104.585078
447,d4,0.1,1490.140038
447,d4,0.15,1625.193979
447,dc,-0.1,1240.625512
447,dc,0.1,1272.523669
447,dc,0.15,1272.523669
448,u,-2.5,2593.31271
448,u,-1.5,1601.342433
448,u,-1,1368.686464
448,u,1,1047.53984
448,u,1.5,1026.575102
448,v,-2.5,1199.985722
448,v,-1.5,1163.044061
448,v,-1,1151.397806
448,v,1,1128.135649
448,v,1.5,1125.537018
448,d4,-0.1,1001.540202
448,d4,0.1,1305.384779
448,d4,0.15,1407.147318
448,dc,0.1,1161.473638
448,dc,0.15,1161.473638
449,u,-2.5,3011.876541
449,u,-1.5,1982.004074
449,u,-1,1741.590866
449,u,1,1232.155538
449,u,1.5,1211.517035
449,v,-2.5,1417.613402
449,v,-1.5,1379.727175
449,v,-1,1367.783135
449,v,1,1343.926185
449,v,1.5,1341.261109
449,d4,-0.15,1090.216365
449,d4,-0.1,1167.205784
449,d4,0.1,1595.875054
449,d4,0.15,1749.036282
449,dc,-0.15,1300.453515
449,dc,-0.1,1352.379745
449,dc,0.1,1352.379745
449,dc,0.15,1352.379745
450,u,-2.5,2928.679411
450,u,-1.5,1876.653362
450,u,-1,1630.760464
450,u,1,1183.744509
450,u,1.5,1161.816828
450,v,-2.5,1370.996529
450,v,-1.5,1332.637223
450,v,-1,1320.54404
450,v,1,1296.389192
450,v,1.5,1293.690838
450,d4,-0.15,1059.899647
450,d4,-0.1,1132.231607
450,d4,0.1,1529.38343
450,d4,0.15,1669.013477
450,dc,-0.1,1269.857103
450,dc,0.1,1304.94831
450,dc,0.15,1304.94831
451,u,-2.5,2942.986118
451,u,-1.5,1852.476891
451,u,-1,1597.415737
451,u,1,1192.434975
451,u,1.5,1168.803768
451,v,-2.5,1384.610593
451,v,-1.5,1345.40973
451,v,-1,1333.051236
451,v,1,1308.366459
451,v,1.5,1305.608907
451,d4,-0.15,1070.931026
451,d4,-0.1,1143.605969
451,d4,0.1,1542.480954
451,d4,0.15,1682.625426
451,dc,0.1,1317.113354
451,dc,0.15,1317.113354
452,u,-2.5,3320.51331
452,u,-1.5,1810.458175
452,u,-1,1110.520202
452,u,1,860.269769
452,u,1.5,851.5425551
452,v,-2.5,972.7457366
452,v,-1.5,933.423586
452,v,-1,921.0268558
452,v,1,896.2657047
452,v,1.5,893.4996203
452,d4,0.1,1028.262845
452,d4,0.15,1100.421595
452,dc,-0.15,905.0396625
452,dc,-0.1,905.0396625
452,dc,0.1,905.0396625
452,dc,0.15,905.0396625
453,u,-2.5,2914.342895
453,u,-1.5,1723.995469
453,u,-1,1445.12139
453,u,1,1060.556655
453,u,1.5,1035.439115
453,v,-2.5,1238.072011
453,v,-1.5,1196.738749
453,v,-1,1183.707995
453,v,1,1157.680447
453,v,1.5,1154.772892
453,d4,-0.1,1029.506432
453,d4,0.1,1339.188439
453,d4,0.15,1442.947441
453,dc,0.1,1205.983564
453,dc,0.15,1205.983564
454,u,-2.5,3294.681285
454,u,-1.5,2029.066888
454,u,-1,1733.465048
454,u,1,1215.185473
454,u,1.5,1187.865159
454,v,-2.5,1449.183888
454,v,-1.5,1406.208321
454,v,-1,1392.659812
454,v,1,1365.598106
454,v,1.5,1362.575025
454,d4,-0.15,1113.06309
454,d4,-0.1,1190.146004
454,d4,0.1,1617.668482
454,d4,0.15,1769.681911
454,dc,-0.1,1315.436165
454,dc,0.1,1375.187251
454,dc,0.15,1375.187251
455,u,-2.5,3709.515434
455,u,-1.5,2362.894405
455,u,-1,2049.080405
455,u,1,1368.27586
455,u,1.5,1340.990136
455,v,-2.5,1617.413502
455,v,-1.5,1572.723086
455,v,-1,1558.633953
455,v,1,1530.492406
455,v,1.5,1527.348695
455,d4,-0.15,1221.723009
455,d4,-0.1,1314.071268
455,d4,0.1,1847.621888
455,d4,0.15,2046.553968
455,dc,-0.15,1465.226106
455,dc,-0.1,1540.464185
455,dc,0.1,1540.464185
455,dc,0.15,1540.464185
456,u,-2.5,5101.92218
456,u,-1.5,1280.694279
456,u,-1,1026.233925
456,u,1,879.16181
456,u,1.5,873.2801708
456,v,-2.5,988.6835147
456,v,-1.5,941.4480073
456,v,-1,926.5565064
456,v,1,896.8123159
456,v,1.5,893.4895729
456,d4,0.1,1032.853666
456,dc,-0.15,907.3519822
456,dc,-0.1,907.3519822
456,dc,0.1,907.3519822
457,u,-2.5,3647.362578
457,u,-1.5,2094.897634
457,u,-1,1732.27093
457,u,1,1160.828774
457,u,1.5,1126.201757
457,v,-2.5,1446.452266
457,v,-1.5,1397.753439
457,v,-1,1382.400611
457,v,1,1351.734969
457,v,1.5,1348.30929
457,d4,-0.15,1110.810688
457,d4,-0.1,1187.038798
457,d4,0.1,1589.883161
457,d4,0.15,1730.763992
457,dc,0.1,1362.601146
457,dc,0.15,1362.601146
458,u,-2.5,3718.073763
458,u,-1.5,2055.597839
458,u,-1,1666.982116
458,u,1,1132.735432
458,u,1.5,1097.990283
458,v,-2.5,1367.542986
458,v,-1.5,1316.777795
458,v,-1,1300.773523
458,v,1,1268.806692
458,v,1.5,1265.235656
458,d4,-0.15,1062.717329
458,d4,-0.1,1127.625158
458,d4,0.1,1473.087339
458,d4,0.15,1590.203324
458,dc,0.1,1369.932125
458,dc,0.15,1369.932125
459,u,-2.5,4951.27885
459,u,-1.5,1831.193542
459,u,-1,1153.659631
459,u,1,901.5047943
459,u,1.5,893.0225431
459,v,-2.5,1033.87736
459,v,-1.5,982.8198855
459,v,-1,966.7234683
459,v,1,934.5725855
459,v,1.5,930.9809894
459,d4,0.1,1077.429804
459,d4,0.15,1154.917342
459,dc,-0.15,945.9650481
459,dc,-0.1,945.9650481
459,dc,0.1,945.9650481
459,dc,0.15,945.9650481
460,u,-2.5,4210.659782
460,u,-1.5,2500.263852
460,u,-1,2101.736148
460,u,1,1306.522763
460,u,1.5,1272.681107
460,v,-2.5,1607.490892
460,v,-1.5,1555.758939
460,v,-1,1539.449885
460,v,1,1506.874284
460,v,1.5,1503.235242
460,d4,-0.15,1215.709427
460,d4,-0.1,1303.896329
460,d4,0.1,1805.673457
460,d4,0.15,1989.404811
460,dc,-0.15,1449.570558
460,dc,-0.1,1518.417243
460,dc,0.1,1518.417243
460,dc,0.15,1518.417243
461,u,-2.5,7198.028561
461,u,-1.5,5033.52961
461,u,-1,4532.5155
461,u,1,2206.475938
461,u,1.5,2167.610898
461,v,-2.5,2522.630543
461,v,-1.5,2462.670394
461,v,-1,2443.767312
461,v,1,2406.010417
461,v,1.5,2401.792569
461,d4,-0.15,1743.791486
461,d4,-0.1,1925.949227
461,d4,0.1,3219.911546
461,d4,0.15,3842.450503
461,dc,-0.15,2419.389335
461,dc,-0.1,2419.389335
461,dc,0.1,2419.389335
461,dc,0.15,2419.389335
462,u,-2.5,5081.748207
462,u,-1.5,2792.911119
462,u,-1,2259.735564
462,u,1,1404.861012
462,u,1.5,1351.691408
462,v,-2.5,1838.005408
462,v,-1.5,1776.192364
462,v,-1,1756.705138
462,v,1,1717.781476
462,v,1.5,1713.433288
462,d4,-0.15,1360.664391
462,d4,-0.1,1466.999816
462,d4,0.1,2099.427542
462,d4,0.15,2343.253477
462,dc,-0.1,1558.811845
462,dc,0.1,1766.681141
462,dc,0.15,1766.681141
463,u,-2.5,5978.074529
463,u,-1.5,3142.407147
463,u,-1,2482.195984
463,u,1,1581.33302
463,u,1.5,1523.751152
463,v,-2.5,1949.44863
463,v,-1.5,1878.989478
463,v,-1,1856.776474
463,v,1,1812.408359
463,v,1.5,1807.451968
463,d4,-0.15,1456.710056
463,d4,-0.1,1563.997195
463,d4,0.1,2188.767951
463,d4,0.15,2423.645393
463,dc,0.1,2068.923985
463,dc,0.15,2158.806426
464,u,-2.5,12176.99705
464,u,-1.5,8137.2143
464,u,-1,7203.621088
464,u,1,2882.934169
464,u,1.5,2815.232345
464,v,-2.5,3528.2975
464,v,-1.5,3440.553928
464,v,-1,3412.891824
464,v,1,3357.639713
464,v,1.5,3351.467463
464,d4,-0.15,2237.498992
464,d4,-0.1,2525.267304
464,d4,0.1,5036.598944
464,dc,-0.15,3377.21795
464,dc,-0.1,3377.21795
464,dc,0.1,3377.21795
465,u,-2.5,14193.99915
465,u,-1.5,8701.321139
465,u,-1,1294.516495
465,u,1,896.2409987
465,u,1.5,886.6243092
465,v,-2.5,1134.566487
465,v,-1.5,1028.604705
465,v,-1,995.1991159
465,v,1,928.475001
465,v,1.5,921.0212065
465,dc,-0.15,952.1182704
465,dc,-0.1,952.1182704
466,u,-2.5,18751.21401
466,u,-1.5,12022.21352
466,u,-1,10468.81912
466,u,1,3468.455235
466,u,1.5,3362.952622
466,v,-2.5,4708.256355
466,v,-1.5,4588.580137
466,v,-1,4550.850924
466,v,1,4475.490831
466,v,1.5,4467.072306
466,d4,-0.15,2727.797491
466,d4,-0.1,3145.225433
466,dc,-0.15,4075.413471
466,dc,-0.1,4502.194205
467,u,-2.5,26031.48901
467,u,-1.5,1486.220731
467,u,-1,1144.606667
467,u,1,970.1675376
467,u,1.5,963.8823141
467,v,-2.5,1233.146841
467,v,-1.5,1098.654728
467,v,-1,1056.254645
467,v,1,971.5649858
467,v,1.5,962.1042485
467,dc,-0.15,1001.574233
467,dc,-0.1,1001.574233
468,u,-2.5,20480.41125
468,u,-1.5,11967.67502
468,u,-1,10001.31671
468,u,1,3873.957458
468,u,1.5,3680.6479
468,v,-2.5,6761.282923
468,v,-1.5,6623.322708
468,v,-1,6579.829269
468,v,1,6492.955747
468,v,1.5,6483.251049
468,d4,-0.15,3463.142733
468,d4,-0.1,4110.765017
468,d4,0.1,15554.05414
468,dc,-0.15,4045.495608
468,dc,-0.1,4802.279877
468,dc,0.1,6523.738832
469,u,-2.5,21784.80975
469,u,-1.5,12512.89741
469,u,-1,10371.18105
469,u,1,4532.989705
469,u,1.5,4295.855625
469,v,-2.5,7952.010848
469,v,-1.5,7806.720319
469,v,-1,7760.91592
469,v,1,7669.4265
469,v,1.5,7659.206157
469,d4,-0.15,3808.03396
469,d4,-0.1,4585.761683
469,d4,0.1,23627.48157
469,dc,-0.1,4944.562958
469,dc,0.1,7701.845199
470,u,-2.5,32075.75898
470,u,-1.5,22328.95154
470,u,-1,20084.27418
470,u,1,3493.495407
470,u,1.5,3413.282899
470,v,-2.5,4341.431452
470,v,-1.5,4191.391845
470,v,-1,4144.090248
470,v,1,4049.610334
470,v,1.5,4039.055921
470,d4,-0.15,2545.018009
470,d4,-0.1,2914.467498
470,dc,-0.15,4083.088696
470,dc,-0.1,4083.088696
471,u,-2.5,41233.00503
471,u,-1.5,28530.73114
471,u,-1,25606.71964
471,u,1,3933.107624
471,u,1.5,3832.488224
471,v,-2.5,5038.332039
471,v,-1.5,4862.160752
471,v,-1,4806.620862
471,v,1,4695.685835
471,v,1.5,4683.29321
471,d4,-0.15,2802.532925
471,d4,-0.1,3247.805582
471,dc,-0.15,4734.994962
471,dc,-0.1,4734.994962
472,u,-2.5,29600.60396
472,u,-1.5,15456.06444
472,u,-1,12190.05552
472,u,1,5586.885713
472,u,1.5,5070.510856
472,v,-2.5,9306.67691
472,v,-1.5,9119.009105
472,v,-1,9059.844814
472,v,1,8941.670431
472,v,1.5,8928.469094
472,d4,-0.15,4205.11114
472,d4,-0.1,5114.921713
472,d4,0.1,36760.37403
472,dc,0.1,24614.88099
473,u,-2.5,40235.5768
473,u,-1.5,19562.85999
473,u,-1,14791.96614
473,u,1,8366.601634
473,u,1.5,7964.945345
473,v,-2.5,10514.80094
473,v,-1.5,10278.65066
473,v,-1,10204.20175
473,v,1,10055.49796
473,v,1.5,10038.88616
473,d4,-0.15,4807.873608
473,d4,-0.1,5826.615838
473,d4,0.1,38593.72064
473,dc,0.1,36746.32401
474,u,-2.5,1092.290849
474,u,-1.5,916.2944036
474,u,-1,886.0143172
474,u,1,848.5935614
474,u,1.5,848.5935614
474,v,-2.5,954.5713575
474,v,-1.5,898.8736608
474,v,-1,881.3143638
474,v,1,846.2415342
474,v,1.5,842.3235255
474,d4,0.1,978.9181397
474,d4,0.15,1047.854896
474,dc,-0.15,858.3283335
474,dc,-0.1,858.4419973
474,dc,0.1,858.8968053
474,dc,0.15,859.0105467
475,u,-2.5,1234.629242
475,u,-1.5,947.6409182
475,u,-1,905.8676795
475,u,1,855.7143505
475,u,1.5,854.2290032
475,v,-2.5,984.5364005
475,v,-1.5,917.5636675
475,v,-1,896.4497943
475,v,1,854.2770764
475,v,1.5,849.5659345
475,d4,0.1,989.7350247
475,d4,0.15,1059.636161
475,dc,-0.15,868.8822606
475,dc,-0.1,868.995052
475,dc,0.1,869.4464795
475,dc,0.15,869.5594026
476,u,-2.5,1458.233927
476,u,-1.5,984.3505375
476,u,-1,929.0253177
476,u,1,865.8195788
476,u,1.5,862.3646662
476,v,-2.5,1025.212735
476,v,-1.5,942.1999902
476,v,-1,916.0293312
476,v,1,863.7562208
476,v,1.5,857.9167575
476,d4,0.1,1002.991272
476,d4,0.15,1073.203977
476,dc,-0.15,881.9413639
476,dc,-0.1,882.0538324
476,dc,0.1,882.5040353
476,dc,0.15,882.6166688
477,u,-2.5,993.1752123
477,u,-1.5,885.6811852
477,u,-1,865.9868532
477,u,1,843.4666628
477,u,1.5,843.4666628
477,v,-2.5,917.9321416
477,v,-1.5,877.3809875
477,v,-1,864.5968008
477,v,1,839.0617464
477,v,1.5,836.2092087
477,d4,0.1,965.9242335
477,d4,0.15,1033.27568
477,dc,-0.15,847.7756034
477,dc,-0.1,847.8870556
477,dc,0.1,848.3327744
477,dc,0.15,848.4441845
478,u,-2.5,1003.398257
478,u,-1.5,890.0313429
478,u,-1,869.0218878
478,u,1,844.2224288
478,u,1.5,844.2224288
478,v,-2.5,922.3289631
478,v,-1.5,880.1878474
478,v,-1,866.9024082
478,v,1,840.3661552
478,v,1.5,837.401773
478,d4,0.1,967.8162653
478,d4,0.15,1035.364485
478,dc,-0.15,849.43617
478,dc,-0.1,849.5471533
478,dc,0.1,849.9910536
478,dc,0.15,850.1020228
479,u,-2.5,1013.306683
479,u,-1.5,894.4304991
479,u,-1,872.1020093
479,u,1,844.9721543
479,u,1.5,844.9721543
479,v,-2.5,926.7270707
479,v,-1.5,883.0082003
479,v,-1,869.225357
479,v,1,841.6955921
479,v,1.5,838.6202241
479,d4,0.1,969.7069989
479,d4,0.15,1037.459013
479,dc,-0.15,851.1189062
479,dc,-0.1,851.2294663
479,dc,0.1,851.6717233
479,dc,0.15,851.7822937
480,u,-2.5,1018.299228
480,u,-1.5,893.4436961
480,u,-1,871.4404736
480,u,1,845.9936502
480,u,1.5,845.9936502
480,v,-2.5,929.7748413
480,v,-1.5,884.4348196
480,v,-1,870.140891
480,v,1,841.5902875
480,v,1.5,838.4008809
480,d4,0.1,969.9231971
480,d4,0.15,1037.59999
480,dc,-0.15,851.3743945
480,dc,-0.1,851.4852693
480,dc,0.1,851.9287542
480,dc,0.15,852.039624
481,u,-2.5,1046.722233
481,u,-1.5,905.8107642
481,u,-1,879.7692489
481,u,1,846.9360687
481,u,1.5,846.9360687
481,v,-2.5,937.8161757
481,v,-1.5,890.0643485
481,v,-1,875.0100722
481,v,1,844.9407552
481,v,1.5,841.5816922
481,d4,0.1,974.1538771
481,d4,0.15,1042.320211
481,dc,-0.15,855.2663124
481,dc,-0.1,855.3760738
481,dc,0.1,855.8152265
481,dc,0.15,855.9250429
482,u,-2.5,1047.911271
482,u,-1.5,903.1476144
482,u,-1,878.0031381
482,u,1,847.8398096
482,u,1.5,847.8398096
482,v,-2.5,939.8850651
482,v,-1.5,890.7811014
482,v,-1,875.3005496
482,v,1,844.3797925
482,v,1.5,840.9256145
482,d4,0.1,973.8263803
482,d4,0.15,1041.876886
482,dc,-0.15,855.005919
482,dc,-0.1,855.1160618
482,dc,0.1,855.5567034
482,dc,0.15,855.666883
483,u,-2.5,1080.184589
483,u,-1.5,913.6401974
483,u,-1,885.0731011
483,u,1,849.7424334
483,u,1.5,849.7424334
483,v,-2.5,950.4350222
483,v,-1.5,897.4467684
483,v,-1,880.7416525
483,v,1,847.3749586
483,v,1.5,843.6475434
483,d4,0.1,977.8145935
483,d4,0.15,1046.221954
483,dc,-0.15,858.8696098
483,dc,-0.1,858.9791382
483,dc,0.1,859.4173909
483,dc,0.15,859.5269901
484,u,-2.5,1106.961691
484,u,-1.5,924.2878478
484,u,-1,891.9160212
484,u,1,850.2930828
484,u,1.5,849.7264617
484,v,-2.5,954.0516475
484,v,-1.5,900.5338768
484,v,-1,883.661825
484,v,1,849.9616944
484,v,1.5,846.1970308
484,d4,0.1,980.4677811
484,d4,0.15,1049.259177
484,dc,-0.15,861.5763709
484,dc,-0.1,861.6852681
484,dc,0.1,862.1210606
484,dc,0.15,862.2300606
485,u,-2.5,1149.634482
485,u,-1.5,932.8002155
485,u,-1,897.5112496
485,u,1,853.5422049
485,u,1.5,852.6373001
485,v,-2.5,967.1292187
485,v,-1.5,908.1700449
485,v,-1,889.5825323
485,v,1,852.4559512
485,v,1.5,848.3085165
485,d4,0.1,984.2403614
485,d4,0.15,1053.099734
485,dc,-0.15,865.28512
485,dc,-0.1,865.393898
485,dc,0.1,865.8292345
485,dc,0.15,865.9381255
486,u,-2.5,1121.835924
486,u,-1.5,919.9366125
486,u,-1,889.2917337
486,u,1,853.244989
486,u,1.5,853.244989
486,v,-2.5,965.1492486
486,v,-1.5,905.639036
486,v,-1,886.8778024
486,v,1,849.4042322
486,v,1.5,845.2180352
486,d4,0.1,981.3718938
486,d4,0.15,1049.903842
486,dc,-0.15,862.3540737
486,dc,-0.1,862.4636199
486,dc,0.1,862.9019503
486,dc,0.15,863.0115704
487,u,-2.5,1166.011558
487,u,-1.5,931.9269501
487,u,-1,897.1806752
487,u,1,855.5936758
487,u,1.5,855.2811404
487,v,-2.5,976.524194
487,v,-1.5,912.8426275
487,v,-1,892.7663298
487,v,1,852.6660588
487,v,1.5,848.1864313
487,d4,0.1,985.56931
487,d4,0.15,1054.441934
487,dc,-0.15,866.5481111
487,dc,-0.1,866.6571664
487,dc,0.1,867.0935885
487,dc,0.15,867.2027451
488,u,-2.5,1201.920967
488,u,-1.5,942.312501
488,u,-1,904.0005989
488,u,1,857.8767604
488,u,1.5,856.7371079
488,v,-2.5,985.2273096
488,v,-1.5,918.509701
488,v,-1,897.4762585
488,v,1,855.4641923
488,v,1.5,850.7709969
488,d4,0.1,989.0603796
488,d4,0.15,1057.993913
488,dc,-0.15,870.0246846
488,dc,-0.1,870.1334001
488,dc,0.1,870.5685027
488,dc,0.15,870.6773392
489,u,-2.5,1333.503247
489,u,-1.5,972.6669212
489,u,-1,922.4809392
489,u,1,861.8769927
489,u,1.5,858.1480067
489,v,-2.5,998.9540787
489,v,-1.5,928.728332
489,v,-1,906.5889113
489,v,1,862.3677712
489,v,1.5,857.4277987
489,d4,0.1,996.8264672
489,d4,0.15,1065.929025
489,dc,-0.15,877.7127278
489,dc,-0.1,877.820871
489,dc,0.1,878.2537643
489,dc,0.15,878.3620683
490,u,-2.5,1335.238926
490,u,-1.5,970.0886771
490,u,-1,921.5014875
490,u,1,863.960281
490,u,1.5,860.8961607
490,v,-2.5,1008.713149
490,v,-1.5,933.5152517
490,v,-1,909.808307
490,v,1,862.4562043
490,v,1.5,857.16647
490,d4,0.1,998.0525819
490,d4,0.15,1067.152464
490,dc,-0.15,878.9102233
490,dc,-0.1,879.0184927
490,dc,0.1,879.4518771
490,dc,0.15,879.5603005
491,u,-2.5,1684.490583
491,u,-1.5,1019.574811
491,u,-1,951.0275654
491,u,1,873.0398537
491,u,1.5,868.0638363
491,v,-2.5,1043.086108
491,v,-1.5,955.9794355
491,v,-1,928.5181217
491,v,1,873.6670657
491,v,1.5,867.5396183
491,d4,0.1,1012.222361
491,d4,0.15,1081.626547
491,dc,-0.15,892.9798071
491,dc,-0.1,892.9798071
491,dc,0.1,893.3198784
491,dc,0.15,893.4282782
492,u,-2.5,981.0093133
492,u,-1.5,889.4155824
492,u,-1,871.3077487
492,u,1,849.8273147
492,u,1.5,849.8273147
492,v,-2.5,916.8221262
492,v,-1.5,880.4771212
492,v,-1,869.0189681
492,v,1,846.1325251
492,v,1.5,843.5758655
492,d4,0.1,972.1094527
492,d4,0.15,1039.59966
492,dc,-0.15,853.9119797
492,dc,-0.1,854.0220622
492,dc,0.1,854.4622785
492,dc,0.15,854.5723072
493,u,-2.5,1011.263482
493,u,-1.5,898.9213299
493,u,-1,877.6959363
493,u,1,851.8559595
493,u,1.5,851.8559595
493,v,-2.5,927.3246876
493,v,-1.5,887.001663
493,v,-1,874.2893965
493,v,1,848.8979951
493,v,1.5,846.061505
493,d4,0.1,976.1743942
493,d4,0.15,1044.055335
493,dc,-0.15,857.5676495
493,dc,-0.1,857.6768598
493,dc,0.1,858.113696
493,dc,0.15,858.2229059
494,u,-2.5,1071.378947
494,u,-1.5,916.7007119
494,u,-1,889.8361983
494,u,1,856.628715
494,u,1.5,856.628715
494,v,-2.5,950.4995562
494,v,-1.5,901.0526824
494,v,-1,885.4640245
494,v,1,854.327337
494,v,1.5,850.8490372
494,d4,0.1,983.9011932
494,d4,0.15,1052.420565
494,dc,-0.15,865.0358465
494,dc,-0.1,865.1440279
494,dc,0.1,865.5768725
494,dc,0.15,865.6851148
495,u,-2.5,1619.365063
495,u,-1.5,1195.042261
495,u,-1,1095.203851
495,u,1,859.7946145
495,u,1.5,850.2226141
495,v,-2.5,933.7826462
495,v,-1.5,921.9486809
495,v,-1,918.2178962
495,v,1,910.7660503
495,v,1.5,909.9335998
495,d4,0.1,1039.723223
495,d4,0.15,1113.856164
495,dc,-0.15,913.2818448
495,dc,-0.1,913.4065649
495,dc,0.1,913.4065649
495,dc,0.15,913.4065649
496,u,-2.5,1689.789756
496,u,-1.5,1199.884769
496,u,-1,1084.409952
496,u,1,866.2971165
496,u,1.5,854.2914286
496,v,-2.5,956.5491117
496,v,-1.5,943.636644
496,v,-1,939.5658499
496,v,1,931.4348714
496,v,1.5,930.5265544
496,d4,0.1,1063.734343
496,d4,0.15,1139.853151
496,dc,-0.1,917.7376069
496,dc,0.1,934.3160323
496,dc,0.15,934.3160323
497,u,-2.5,1855.276527
497,u,-1.5,1268.380894
497,u,-1,1130.081696
497,u,1,910.1067133
497,u,1.5,893.1977748
497,v,-2.5,1016.279339
497,v,-1.5,1001.838788
497,v,-1,997.2862497
497,v,1,988.1930377
497,v,1.5,987.177229
497,d4,0.1,1136.80844
497,d4,0.15,1223.648333
497,dc,0.1,1028.164223
497,dc,0.15,1028.164223
498,u,-2.5,1900.649409
498,u,-1.5,1285.323573
498,u,-1,1140.473938
498,u,1,888.3878352
498,u,1.5,871.3844218
498,v,-2.5,1021.107944
498,v,-1.5,1006.223766
498,v,-1,1001.531369
498,v,1,992.1588052
498,v,1.5,991.11179
498,d4,0.1,1146.717157
498,d4,0.15,1237.682734
498,dc,-0.1,942.2171112
498,dc,0.1,1006.023326
498,dc,0.15,1006.023326
499,u,-2.5,1961.043642
499,u,-1.5,1301.562609
499,u,-1,1146.243866
499,u,1,902.1940129
499,u,1.5,884.7710884
499,v,-2.5,1016.980301
499,v,-1.5,1001.614187
499,v,-1,996.7698548
499,v,1,987.0938159
499,v,1.5,986.0128992
499,d4,0.1,1133.810038
499,d4,0.15,1219.218759
499,dc,0.1,1009.454869
499,dc,0.15,1009.454869
500,u,-2.5,2178.841656
500,u,-1.5,1383.794104
500,u,-1,1196.721197
500,u,1,928.9599612
500,u,1.5,903.9840681
500,v,-2.5,1038.663547
500,v,-1.5,1021.558395
500,v,-1,1016.165812
500,v,1,1005.3947
500,v,1.5,1004.191452
500,d4,0.1,1150.946946
500,d4,0.15,1235.102065
500,dc,0.1,1071.956219
500,dc,0.15,1109.040404
501,u,-2.5,2200.482222
501,u,-1.5,1383.237816
501,u,-1,1190.997174
501,u,1,903.2686343
501,u,1.5,878.1579752
501,v,-2.5,1028.880467
501,v,-1.5,1011.167643
501,v,-1,1005.583484
501,v,1,994.4297223
501,v,1.5,993.1837282
501,d4,0.1,1139.712101
501,d4,0.15,1223.73089
501,dc,0.1,1060.143457
501,dc,0.15,1096.68774
502,u,-2.5,2297.481734
502,u,-1.5,1429.095876
502,u,-1,1224.894865
502,u,1,929.9623537
502,u,1.5,905.9982996
502,v,-2.5,1051.437751
502,v,-1.5,1033.372996
502,v,-1,1027.677888
502,v,1,1016.302515
502,v,1.5,1015.031765
502,d4,0.1,1163.164715
502,d4,0.15,1247.983346
502,dc,0.1,1084.176361
502,dc,0.15,1087.121378
503,u,-2.5,2762.178421
503,u,-1.5,1607.799593
503,u,-1,1336.84885
503,u,1,961.5340275
503,u,1.5,933.7699286
503,v,-2.5,1102.470256
503,v,-1.5,1081.203969
503,v,-1,1074.499544
503,v,1,1061.108167
503,v,1.5,1059.612208
503,d4,0.1,1211.633997
503,d4,0.15,1298.066858
503,dc,0.1,1133.594856
503,dc,0.15,1173.617901
504,u,-2.5,2955.627633
504,u,-1.5,1681.095742
504,u,-1,1382.14268
504,u,1,968.4180461
504,u,1.5,935.9143646
504,v,-2.5,1120.658959
504,v,-1.5,1098.983683
504,v,-1,1092.150319
504,v,1,1078.501402
504,v,1.5,1076.976673
504,d4,0.1,1230.944534
504,d4,0.15,1318.471495
504,dc,0.1,1152.908665
504,dc,0.15,1194.027586
505,u,-2.5,2896.924616
505,u,-1.5,1667.205389
505,u,-1,1378.784866
505,u,1,978.3044837
505,u,1.5,936.0312855
505,v,-2.5,1128.699318
505,v,-1.5,1106.593383
505,v,-1,1099.62425
505,v,1,1085.704146
505,v,1.5,1084.149122
505,d4,0.1,1244.529707
505,d4,0.15,1336.351572
505,dc,0.1,1163.606025
505,dc,0.15,1206.999906
506,u,-2.5,3473.277471
506,u,-1.5,1877.717672
506,u,-1,1503.983549
506,u,1,987.6555765
506,u,1.5,953.4590547
506,v,-2.5,1176.767448
506,v,-1.5,1150.140092
506,v,-1,1141.745532
506,v,1,1124.978291
506,v,1.5,1123.105212
506,d4,0.1,1281.594326
506,d4,0.15,1370.787655
506,dc,0.1,1204.484249
506,dc,0.15,1247.91104
507,u,-2.5,3391.009848
507,u,-1.5,1847.343715
507,u,-1,1485.715193
507,u,1,986.1312942
507,u,1.5,953.0869935
507,v,-2.5,1171.86341
507,v,-1.5,1144.482361
507,v,-1,1135.850192
507,v,1,1118.608351
507,v,1.5,1116.682253
507,d4,0.1,1276.449594
507,d4,0.15,1366.442772
507,dc,0.1,1198.420599
507,dc,0.15,1242.009507
508,u,-2.5,4849.183039
508,u,-1.5,2393.676429
508,u,-1,1820.006399
508,u,1,1030.405659
508,u,1.5,978.3886876
508,v,-2.5,1306.545859
508,v,-1.5,1273.039527
508,v,-1,1262.476296
508,v,1,1241.377364
508,v,1.5,1239.020389
508,d4,0.1,1409.982141
508,d4,0.15,1505.215529
508,dc,0.1,1333.785443
508,dc,0.15,1383.881765
509,u,-2.5,4893.967643
509,u,-1.5,2413.263288
509,u,-1,1833.767123
509,u,1,1036.381159
509,u,1.5,983.9168036
509,v,-2.5,1315.783175
509,v,-1.5,1281.588314
509,v,-1,1270.808016
509,v,1,1249.275518
509,v,1.5,1246.870109
509,d4,0.1,1420.777806
509,d4,0.15,1517.820834
509,dc,0.1,1343.686097
509,dc,0.15,1394.972827
510,u,-2.5,1907.894231
510,u,-1.5,1177.53853
510,u,-1,979.8003506
510,u,1,848.4614322
510,u,1.5,842.5457659
510,v,-2.5,930.9499167
510,v,-1.5,898.9495697
510,v,-1,888.8611167
510,v,1,868.7105039
510,v,1.5,866.4594658
510,d4,0.1,996.098928
510,d4,0.15,1066.282853
510,dc,-0.15,875.8507465
510,dc,-0.1,875.8507465
510,dc,0.1,875.8507465
510,dc,0.15,875.8507465
511,u,-2.5,1890.601707
511,u,-1.5,1182.257119
511,u,-1,988.2885137
511,u,1,850.4898605
511,u,1.5,843.9461874
511,v,-2.5,936.7789073
511,v,-1.5,904.0048142
511,v,-1,893.6724294
511,v,1,873.0345889
511,v,1.5,870.7291223
511,d4,0.1,1000.818541
511,d4,0.15,1071.168426
511,dc,-0.15,880.3474776
511,dc,-0.1,880.3474776
511,dc,0.1,880.3474776
511,dc,0.15,880.3474776
512,u,-2.5,1793.722379
512,u,-1.5,1238.89708
512,u,-1,1014.09252
512,u,1,853.6299843
512,u,1.5,845.8837048
512,v,-2.5,945.8102521
512,v,-1.5,912.8896011
512,v,-1,902.5110124
512,v,1,881.7808844
512,v,1.5,879.4651083
512,d4,0.1,1010.279993
512,d4,0.15,1081.097219
512,dc,-0.15,889.1264746
512,dc,-0.1,889.1264746
512,dc,0.1,889.1264746
512,dc,0.15,889.1264746
513,u,-2.5,1669.359738
513,u,-1.5,1168.136445
513,u,-1,1049.802983
513,u,1,862.7668327
513,u,1.5,851.3735355
513,v,-2.5,970.6122329
513,v,-1.5,936.9206613
513,v,-1,926.2990316
513,v,1,905.0834551
513,v,1.5,902.7134491
513,d4,0.1,1035.653775
513,d4,0.15,1107.700663
513,dc,0.1,912.6010608
513,dc,0.15,912.6010608
514,u,-2.5,1754.729049
514,u,-1.5,1252.486404
514,u,-1,1046.14321
514,u,1,857.9792266
514,u,1.5,848.7247562
514,v,-2.5,958.6117977
514,v,-1.5,924.7963967
514,v,-1,914.1357284
514,v,1,892.8421764
514,v,1.5,890.4634598
514,d4,0.1,1022.427701
514,d4,0.15,1093.828509
514,dc,-0.15,900.3874123
514,dc,-0.1,900.3874123
514,dc,0.1,900.3874123
514,dc,0.15,900.3874123
515,u,-2.5,2094.701932
515,u,-1.5,1335.344853
515,u,-1,1156.713401
515,u,1,882.0441444
515,u,1.5,865.272208
515,v,-2.5,1031.62264
515,v,-1.5,988.0327868
515,v,-1,974.2906174
515,v,1,946.8420945
515,v,1.5,943.775802
515,d4,0.1,1083.657124
515,d4,0.15,1158.210068
515,dc,0.1,956.5683055
515,dc,0.15,956.5683055
516,u,-2.5,2182.076113
516,u,-1.5,1397.11435
516,u,-1,1212.849535
516,u,1,879.783949
516,u,1.5,863.9168512
516,v,-2.5,1028.866655
516,v,-1.5,984.3379353
516,v,-1,970.2997782
516,v,1,942.2600512
516,v,1.5,939.127715
516,d4,0.1,1079.343415
516,d4,0.15,1153.954493
516,dc,-0.15,944.9513136
516,dc,-0.1,952.1957517
516,dc,0.1,952.1957517
516,dc,0.15,952.1957517
517,u,-2.5,2754.367707
517,u,-1.5,1832.446902
517,u,-1,1181.336342
517,u,1,868.9136302
517,u,1.5,858.7011709
517,v,-2.5,1007.524666
517,v,-1.5,958.1456561
517,v,-1,942.578393
517,v,1,911.4844393
517,v,1.5,908.0109134
517,d4,0.1,1047.217442
517,d4,0.15,1120.333049
517,dc,-0.15,922.5023857
517,dc,-0.1,922.5023857
517,dc,0.1,922.5023857
517,dc,0.15,922.5023857
518,u,-2.5,2938.953958
518,u,-1.5,1501.837078
518,u,-1,1073.682126
518,u,1,864.12253
518,u,1.5,855.7787432
518,v,-2.5,989.9376573
518,v,-1.5,940.5042476
518,v,-1,924.9198344
518,v,1,893.7916253
518,v,1.5,890.3142727
518,d4,0.1,1027.162872
518,d4,0.15,1098.751915
518,dc,-0.15,904.8217099
518,dc,-0.1,904.8217099
518,dc,0.1,904.8217099
518,dc,0.15,904.8217099
519,u,-2.5,2785.685891
519,u,-1.5,1659.958144
519,u,-1,1119.039169
519,u,1,868.7195101
519,u,1.5,858.6789137
519,v,-2.5,1003.300305
519,v,-1.5,953.624031
519,v,-1,937.9630522
519,v,1,906.6819113
519,v,1.5,903.1874746
519,d4,0.1,1041.318194
519,d4,0.15,1113.688304
519,dc,-0.15,917.7661863
519,dc,-0.1,917.7661863
519,dc,0.1,917.7661863
519,dc,0.15,917.7661863
520,u,-2.5,2476.138957
520,u,-1.5,1492.716063
520,u,-1,1261.950106
520,u,1,896.370847
520,u,1.5,875.5104606
520,v,-2.5,1079.995398
520,v,-1.5,1028.8434
520,v,-1,1012.717184
520,v,1,980.5067807
520,v,1.5,976.9085355
520,d4,0.1,1122.956444
520,d4,0.15,1199.945301
520,dc,-0.1,976.3101601
520,dc,0.1,991.920334
520,dc,0.15,991.920334
521,u,-2.5,3329.216305
521,u,-1.5,1348.735022
521,u,-1,1031.011541
521,u,1,861.1437695
521,u,1.5,854.2915131
521,v,-2.5,982.3753294
521,v,-1.5,931.0864688
521,v,-1,914.9171048
521,v,1,882.6205185
521,v,1.5,879.0126458
521,d4,0.1,1015.292242
521,d4,0.15,1086.141155
521,dc,-0.15,894.0646102
521,dc,-0.1,894.0646102
521,dc,0.1,894.0646102
521,dc,0.15,894.0646102
522,u,-2.5,2835.946923
522,u,-1.5,1771.907761
522,u,-1,1283.431387
522,u,1,882.0934259
522,u,1.5,867.4604081
522,v,-2.5,1046.132944
522,v,-1.5,992.298258
522,v,-1,975.3262953
522,v,1,941.4266035
522,v,1.5,937.6396467
522,d4,0.1,1080.869737
522,d4,0.15,1155.67846
522,dc,-0.15,953.4387455
522,dc,-0.1,953.4387455
522,dc,0.1,953.4387455
522,dc,0.15,953.4387455
523,u,-2.5,2860.966008
523,u,-1.5,1795.420484
523,u,-1,1372.476611
523,u,1,881.4318469
523,u,1.5,866.7913105
523,v,-2.5,1048.481694
523,v,-1.5,994.5883071
523,v,-1,977.5978383
523,v,1,943.6611825
523,v,1.5,939.8700965
523,d4,0.1,1084.247702
523,d4,0.15,1159.787048
523,dc,-0.15,955.6864225
523,dc,-0.1,955.6864225
523,dc,0.1,955.6864225
523,dc,0.15,955.6864225
524,u,-2.5,2676.418455
524,u,-1.5,1584.024069
524,u,-1,1328.029513
524,u,1,901.8039742
524,u,1.5,879.2029678
524,v,-2.5,1106.092357
524,v,-1.5,1051.501192
524,v,-1,1034.290741
524,v,1,999.9146938
524,v,1.5,996.0745231
524,d4,0.1,1146.828981
524,d4,0.15,1226.157715
524,dc,-0.15,984.6145264
524,dc,-0.1,1011.042097
524,dc,0.1,1012.095629
524,dc,0.15,1012.095629
525,u,-2.5,3259.505942
525,u,-1.5,2173.458264
525,u,-1,1185.533522
525,u,1,869.2355199
525,u,1.5,859.9929989
525,v,-2.5,1014.12428
525,v,-1.5,959.4314333
525,v,-1,942.1889261
525,v,1,907.7488504
525,v,1.5,903.901527
525,d4,0.1,1044.453643
525,d4,0.15,1117.43487
525,dc,-0.15,919.952474
525,dc,-0.1,919.952474
525,dc,0.1,919.952474
525,dc,0.15,919.952474
526,u,-2.5,3116.274186
526,u,-1.5,1831.772467
526,u,-1,1531.812759
526,u,1,900.1995507
526,u,1.5,879.0779667
526,v,-2.5,1111.508759
526,v,-1.5,1051.121356
526,v,-1,1032.083579
526,v,1,994.0576422
526,v,1.5,989.8097399
526,d4,0.1,1142.501925
526,d4,0.15,1222.031598
526,dc,-0.15,1007.531893
526,dc,-0.1,1007.531893
526,dc,0.1,1007.531893
526,dc,0.15,1007.531893
527,u,-2.5,3247.682906
527,u,-1.5,1857.930572
527,u,-1,1533.257855
527,u,1,910.8469997
527,u,1.5,885.92257
527,v,-2.5,1153.025757
527,v,-1.5,1089.66742
527,v,-1,1069.693024
527,v,1,1029.79629
527,v,1.5,1025.3394
527,d4,0.1,1184.571451
527,d4,0.15,1267.66351
527,dc,-0.15,1043.933446
527,dc,-0.1,1043.933446
527,dc,0.1,1043.933446
527,dc,0.15,1043.933446
528,u,-2.5,3649.411337
528,u,-1.5,2218.361847
528,u,-1,1683.6914
528,u,1,888.9380721
528,u,1.5,873.1393548
528,v,-2.5,1086.231326
528,v,-1.5,1021.571014
528,v,-1,1001.186156
528,v,1,960.4695697
528,v,1.5,955.9210931
528,d4,0.1,1106.634712
528,d4,0.15,1184.203295
528,dc,-0.15,974.8972354
528,dc,-0.1,974.8972354
528,dc,0.1,974.8972354
528,dc,0.15,974.8972354
529,u,-2.5,3258.649736
529,u,-1.5,1803.955915
529,u,-1,1463.589087
529,u,1,926.1131349
529,u,1.5,896.2057175
529,v,-2.5,1185.482311
529,v,-1.5,1120.37192
529,v,-1,1099.845171
529,v,1,1058.84517
529,v,1.5,1054.265033
529,d4,0.1,1214.743031
529,d4,0.15,1298.125783
529,dc,-0.1,1059.132596
529,dc,0.1,1073.373261
529,dc,0.15,1073.373261
530,u,-2.5,3451.122407
530,u,-1.5,1887.326839
530,u,-1,1521.690618
530,u,1,932.502104
530,u,1.5,900.0255187
530,v,-2.5,1225.982525
530,v,-1.5,1157.90442
530,v,-1,1136.442067
530,v,1,1093.573297
530,v,1.5,1088.784399
530,d4,0.1,1257.634609
530,d4,0.15,1345.822783
530,dc,-0.15,1056.852151
530,dc,-0.1,1086.992071
530,dc,0.1,1108.763575
530,dc,0.15,1108.763575
531,u,-2.5,3762.10995
531,u,-1.5,2178.503802
531,u,-1,1809.734212
531,u,1,903.1001656
531,u,1.5,882.1180973
531,v,-2.5,1134.791303
531,v,-1.5,1066.054297
531,v,-1,1044.384218
531,v,1,1001.100537
531,v,1.5,996.2652888
531,d4,0.1,1153.637706
531,d4,0.15,1234.621607
531,dc,-0.15,1016.437836
531,dc,-0.1,1016.437836
531,dc,0.1,1016.437836
531,dc,0.15,1016.437836
532,u,-2.5,4226.616076
532,u,-1.5,2636.289826
532,u,-1,1476.396708
532,u,1,883.6583695
532,u,1.5,871.2228223
532,v,-2.5,1073.225949
532,v,-1.5,1004.141752
532,v,-1,982.3622165
532,v,1,938.8599096
532,v,1.5,934.0002385
532,d4,0.1,1083.095723
532,d4,0.15,1158.834021
532,dc,-0.15,954.2746777
532,dc,-0.1,954.2746777
532,dc,0.1,954.2746777
532,dc,0.15,954.2746777
533,u,-2.5,4438.982827
533,u,-1.5,2248.272352
533,u,-1,1736.825914
533,u,1,979.1140688
533,u,1.5,930.9815361
533,v,-2.5,1372.235653
533,v,-1.5,1288.522992
533,v,-1,1262.131677
533,v,1,1209.417829
533,v,1.5,1203.529131
533,d4,0.1,1401.850949
533,d4,0.15,1506.288141
533,dc,-0.1,1155.3322
533,dc,0.1,1259.501514
533,dc,0.15,1259.501514
534,u,-2.5,7473.543534
534,u,-1.5,3895.102338
534,u,-1,3065.427167
534,u,1,943.9073131
534,u,1.5,914.7917009
534,v,-2.5,1317.939241
534,v,-1.5,1204.674008
534,v,-1,1168.965927
534,v,1,1097.64283
534,v,1.5,1089.67528
534,d4,0.1,1275.46754
534,d4,0.15,1366.217668
534,dc,-0.15,1122.915719
534,dc,-0.1,1122.915719
534,dc,0.1,1122.915719
534,dc,0.15,1122.915719
535,u,-2.5,7279.639144
535,u,-1.5,3569.913509
535,u,-1,2708.296021
535,u,1,986.0167289
535,u,1.5,939.3072207
535,v,-2.5,1526.811763
535,v,-1.5,1411.136559
535,v,-1,1374.668709
535,v,1,1301.828054
535,v,1.5,1293.690977
535,d4,0.1,1516.518819
535,d4,0.15,1630.736987
535,dc,-0.15,1327.638681
535,dc,-0.1,1327.638681
535,dc,0.1,1327.638681
535,dc,0.15,1327.638681
536,u,-2.5,8223.017251
536,u,-1.5,4508.958055
536,u,-1,3649.396914
536,u,1,925.5573744
536,u,1.5,904.7259476
536,v,-2.5,1246.874226
536,v,-1.5,1130.897311
536,v,-1,1094.334344
536,v,1,1021.303701
536,v,1.5,1013.1454
536,d4,0.1,1187.249496
536,d4,0.15,1270.102237
536,dc,-0.15,1047.181649
536,dc,-0.1,1047.181649
536,dc,0.1,1047.181649
536,dc,0.15,1047.181649
537,u,-2.5,16601.12081
537,u,-1.5,8519.456246
537,u,-1,6653.525589
537,u,1,975.2114022
537,u,1.5,946.810328
537,v,-2.5,1501.731406
537,v,-1.5,1315.549235
537,v,-1,1256.853307
537,v,1,1139.614427
537,v,1.5,1126.517595
537,dc,-0.15,1181.157285
537,dc,-0.1,1181.157285
538,u,-2.5,14997.47307
538,u,-1.5,6323.748614
538,u,-1,4313.236622
538,u,1,1477.256765
538,u,1.5,1166.734742
538,v,-2.5,2662.338639
538,v,-1.5,2468.366999
538,v,-1,2407.215356
538,v,1,2285.07145
538,v,1.5,2271.426674
538,d4,0.1,2764.346209
538,d4,0.15,3048.291234
538,dc,-0.15,2002.291153
538,dc,-0.1,2096.526245
538,dc,0.1,2644.499827
538,dc,0.15,2850.186514
539,u,-2.5,16449.97573
539,u,-1.5,6897.237196
539,u,-1,4683.988553
539,u,1,1385.698949
539,u,1.5,1154.064132
539,v,-2.5,2854.30577
539,v,-1.5,2648.60211
539,v,-1,2583.751823
539,v,1,2454.220265
539,v,1.5,2439.75021
539,d4,0.1,3013.317617
539,d4,0.15,3356.383724
539,dc,-0.15,2119.266697
539,dc,-0.1,2228.099452
539,dc,0.1,2881.246983
539,dc,0.15,3135.776207
540,u,-2.5,19070.78331
540,u,-1.5,9032.653651
540,u,-1,6713.588966
540,u,1,1030.363616
540,u,1.5,982.3552704
540,v,-2.5,1872.648374
540,v,-1.5,1660.401939
540,v,-1,1593.488972
540,v,1,1459.837431
540,v,1.5,1444.907129
540,d4,0.1,1736.198629
540,dc,-0.15,1507.196011
540,dc,-0.1,1507.196011
540,dc,0.1,1507.196011
541,u,-2.5,18209.70973
541,u,-1.5,7756.074391
541,u,-1,5336.243026
541,u,1,1304.820964
541,u,1.5,1106.201416
541,v,-2.5,3326.17412
541,v,-1.5,3108.842777
541,v,-1,3040.326737
541,v,1,2903.47323
541,v,1.5,2888.185235
541,d4,0.1,4003.552322
541,d4,0.15,4868.344917
541,dc,-0.15,2296.254043
541,dc,-0.1,2469.919197
541,dc,0.1,3772.472794
541,dc,0.15,4446.405828
542,u,-2.5,22407.18897
542,u,-1.5,9652.94589
542,u,-1,6704.179664
542,u,1,1231.285207
542,u,1.5,1080.992607
542,v,-2.5,4225.906381
542,v,-1.5,3980.6154
542,v,-1,3903.284785
542,v,1,3748.825099
542,v,1.5,3731.570306
542,d4,0.1,6483.46511
542,d4,0.15,10030.48971
542,dc,-0.15,2595.287894
542,dc,-0.1,2881.009982
542,dc,0.1,6021.410066
542,dc,0.15,8952.507024
543,u,-2.5,22537.14663
543,u,-1.5,9173.098282
543,u,-1,6080.429787
543,u,1,1887.516939
543,u,1.5,1387.669167
543,v,-2.5,3466.33096
543,v,-1.5,3214.096877
543,v,-1,3134.577374
543,v,1,2975.745617
543,v,1.5,2958.002418
543,d4,0.1,3633.772482
543,d4,0.15,4033.850197
543,dc,-0.15,2557.217176
543,dc,-0.1,2693.179956
543,dc,0.1,3504.34468
543,dc,0.15,3818.14704
544,u,-2.5,29724.98976
544,u,-1.5,15014.20894
544,u,-1,11623.75219
544,u,1,1015.596676
544,u,1.5,987.1956016
544,v,-2.5,1682.725646
544,v,-1.5,1414.88098
544,v,-1,1330.440073
544,v,1,1161.778335
544,v,1.5,1142.937022
544,dc,-0.15,1221.542558
544,dc,-0.1,1221.542558
545,u,-2.5,44937.39603
545,u,-1.5,17536.23629
545,u,-1,11209.47489
545,u,1,2658.64949
545,u,1.5,2116.226855
545,v,-2.5,5658.33957
545,v,-1.5,5268.552018
545,v,-1,5145.667307
545,v,1,4900.218155
545,v,1.5,4872.79887
545,d4,0.1,5938.440254
545,d4,0.15,6567.736342
545,dc,-0.15,4154.121651
545,dc,-0.1,4393.097386
545,dc,0.1,5811.553588
545,dc,0.15,6356.727421
546,u,-2.5,8430.479352
546,u,-1.5,4557.640383
546,u,-1,3661.119899
546,u,1,938.2974998
546,u,1.5,913.8727937
546,v,-2.5,1258.790571
546,v,-1.5,1163.984941
546,v,-1,1134.096449
546,v,1,1074.397361
546,v,1.5,1067.728337
546,d4,0.1,1249.077277
546,d4,0.15,1340.633303
546,dc,-0.15,1095.551356
546,dc,-0.1,1095.551356
546,dc,0.1,1095.551356
546,dc,0.15,1095.551356
547,u,-2.5,10796.44917
547,u,-1.5,5482.193557
547,u,-1,4252.414669
547,u,1,952.0846149
547,u,1.5,922.6655342
547,v,-2.5,1315.131884
547,v,-1.5,1205.49829
547,v,-1,1170.935123
547,v,1,1101.898869
547,v,1.5,1094.186784
547,d4,0.1,1279.325248
547,d4,0.15,1370.319512
547,dc,-0.15,1126.36143
547,dc,-0.1,1126.36143
547,dc,0.1,1126.36143
547,dc,0.15,1126.36143
548,u,-2.5,13858.89792
548,u,-1.5,7015.332504
548,u,-1,5433.535801
548,u,1,969.8535701
548,u,1.5,936.4637696
548,v,-2.5,1413.410834
548,v,-1.5,1304.404916
548,v,-1,1270.039631
548,v,1,1201.398624
548,v,1.5,1193.730693
548,d4,0.1,1406.21637
548,dc,-0.15,1225.721132
548,dc,-0.1,1225.721132
548,dc,0.1,1225.721132
549,u,-2.5,16771.50887
549,u,-1.5,7972.939194
549,u,-1,5939.241558
549,u,1,978.9495542
549,u,1.5,937.4179444
549,v,-2.5,1472.16741
549,v,-1.5,1358.205195
549,v,-1,1322.277383
549,v,1,1250.515396
549,v,1.5,1242.498818
549,d4,0.1,1457.623253
549,dc,-0.15,1275.943803
549,dc,-0.1,1275.943803
549,dc,0.1,1275.943803
550,u,-2.5,17136.74881
550,u,-1.5,8476.678171
550,u,-1,6476.180554
550,u,1,985.9628001
550,u,1.5,947.7672584
550,v,-2.5,1498.628173
550,v,-1.5,1388.034741
550,v,-1,1353.168975
550,v,1,1283.528311
550,v,1.5,1275.748707
550,d4,0.1,1508.009933
550,dc,-0.15,1308.205041
550,dc,-0.1,1308.205041
550,dc,0.1,1308.205041
551,u,-2.5,73577.18939
551,u,-1.5,31979.87455
551,u,-1,22400.93201
551,u,1,1081.176759
551,u,1.5,1009.117928
551,v,-2.5,2366.268922
551,v,-1.5,2168.788117
551,v,-1,2106.530173
551,v,1,1982.176546
551,v,1.5,1968.284921
551,dc,-0.15,2026.240469
551,dc,-0.1,2026.240469
552,u,-2.5,4200.879966
552,u,-1.5,1373.576081
552,u,-1,1102.869132
552,u,1,940.6353555
552,u,1.5,934.025938
552,v,-2.5,1181.920877
552,v,-1.5,1060.313808
552,v,-1,1021.975874
552,v,1,945.3999242
552,v,1.5,936.8455748
552,d4,0.1,1103.788407
552,d4,0.15,1181.14193
552,dc,-0.15,972.534129
552,dc,-0.1,972.534129
552,dc,0.1,972.534129
552,dc,0.15,972.534129
553,u,-2.5,4043.020492
553,u,-1.5,1541.705132
553,u,-1,1154.938066
553,u,1,945.8501686
553,u,1.5,937.447215
553,v,-2.5,1218.523073
553,v,-1.5,1084.053316
553,v,-1,1041.660281
553,v,1,956.9846992
553,v,1.5,947.5255346
553,d4,0.1,1118.354901
553,d4,0.15,1195.779862
553,dc,-0.15,986.9889577
553,dc,-0.1,986.9889577
553,dc,0.1,986.9889577
553,dc,0.15,986.9889577
554,u,-2.5,4610.143492
554,u,-1.5,2654.068377
554,u,-1,1314.062965
554,u,1,944.6775009
554,u,1.5,931.9900899
554,v,-2.5,1272.648019
554,v,-1.5,1120.146945
554,v,-1,1072.069344
554,v,1,976.0394449
554,v,1.5,965.3118821
554,d4,0.1,1140.677725
554,d4,0.15,1217.557542
554,dc,-0.15,1010.067034
554,dc,-0.1,1010.067034
554,dc,0.1,1010.067034
554,dc,0.15,1010.067034
555,u,-2.5,5171.122498
555,u,-1.5,3159.301761
555,u,-1,1606.343485
555,u,1,948.2087423
555,u,1.5,934.7093909
555,v,-2.5,1301.85885
555,v,-1.5,1141.18469
555,v,-1,1090.530436
555,v,1,989.353946
555,v,1.5,978.0514542
555,d4,0.1,1159.104887
555,d4,0.15,1238.104176
555,dc,-0.15,1025.205197
555,dc,-0.1,1025.205197
555,dc,0.1,1025.205197
555,dc,0.15,1025.205197
556,u,-2.5,5145.148497
556,u,-1.5,3022.587081
556,u,-1,1397.092712
556,u,1,968.3368349
556,u,1.5,953.0008186
556,v,-2.5,1396.40431
556,v,-1.5,1192.586271
556,v,-1,1128.330446
556,v,1,999.9862637
556,v,1.5,985.6488511
556,d4,0.1,1175.831538
556,d4,0.15,1252.501391
556,dc,-0.15,1045.464215
556,dc,-0.1,1045.464215
556,dc,0.1,1045.464215
556,dc,0.15,1045.464215
557,u,-2.5,6341.334758
557,u,-1.5,3469.593218
557,u,-1,1661.407929
557,u,1,1015.634376
557,u,1.5,994.132501
557,v,-2.5,1594.569834
557,v,-1.5,1319.872691
557,v,-1,1233.271467
557,v,1,1060.294726
557,v,1.5,1040.971381
557,d4,0.1,1256.330872
557,d4,0.15,1335.66794
557,dc,-0.15,1121.587944
557,dc,-0.1,1121.587944
557,dc,0.1,1121.587944
557,dc,0.15,1121.587944
558,u,-2.5,6685.040419
558,u,-1.5,3815.817462
558,u,-1,2906.401253
558,u,1,926.9506256
558,u,1.5,908.3784891
558,v,-2.5,1203.237412
558,v,-1.5,1106.550468
558,v,-1,1076.06887
558,v,1,1015.185119
558,v,1.5,1008.383755
558,d4,0.1,1178.476689
558,d4,0.15,1262.455624
558,dc,-0.15,1036.758892
558,dc,-0.1,1036.758892
558,dc,0.1,1036.758892
558,dc,0.15,1036.758892
559,u,-2.5,6507.246318
559,u,-1.5,3627.417095
559,u,-1,1886.129328
559,u,1,936.0202727
559,u,1.5,916.4028369
559,v,-2.5,1211.407053
559,v,-1.5,1112.76352
559,v,-1,1081.665087
559,v,1,1019.549273
559,v,1.5,1012.610274
559,d4,0.1,1181.386193
559,d4,0.15,1264.082033
559,dc,-0.15,1041.55962
559,dc,-0.1,1041.55962
559,dc,0.1,1041.55962
559,dc,0.15,1041.55962
560,u,-2.5,6853.467239
560,u,-1.5,3804.376089
560,u,-1,1881.441465
560,u,1,934.587866
560,u,1.5,915.0284723
560,v,-2.5,1212.581113
560,v,-1.5,1112.277795
560,v,-1,1080.656097
560,v,1,1017.495116
560,v,1.5,1010.439361
560,d4,0.1,1179.096909
560,d4,0.15,1261.40111
560,dc,-0.15,1039.875811
560,dc,-0.1,1039.875811
560,dc,0.1,1039.875811
560,dc,0.15,1039.875811
561,u,-2.5,7205.384818
561,u,-1.5,3897.670468
561,u,-1,2481.540277
561,u,1,937.9417588
561,u,1.5,915.3308357
561,v,-2.5,1246.294524
561,v,-1.5,1138.962876
561,v,-1,1105.125422
561,v,1,1037.538703
561,v,1.5,1029.988546
561,d4,0.1,1203.213603
561,d4,0.15,1287.072378
561,dc,-0.15,1061.487631
561,dc,-0.1,1061.487631
561,dc,0.1,1061.487631
561,dc,0.15,1061.487631
562,u,-2.5,1564.872674
562,u,-1.5,1209.522851
562,u,-1,995.4170566
562,u,1,853.5637685
562,u,1.5,847.3981109
562,v,-2.5,904.7403296
562,v,-1.5,892.0295268
562,v,-1,888.0223097
562,v,1,880.0183195
562,v,1.5,879.1241885
562,d4,0.1,1003.443242
562,d4,0.15,1073.84754
562,dc,-0.15,882.854483
562,dc,-0.1,882.854483
562,dc,0.1,882.854483
562,dc,0.15,882.854483
563,u,-2.5,1702.266067
563,u,-1.5,1262.067739
563,u,-1,1062.622739
563,u,1,858.2084797
563,u,1.5,850.6673749
563,v,-2.5,921.4585261
563,v,-1.5,906.9513211
563,v,-1,902.3777689
563,v,1,893.2425845
563,v,1.5,892.2220871
563,d4,0.1,1018.64492
563,d4,0.15,1090.095524
563,dc,-0.15,896.4795795
563,dc,-0.1,896.4795795
563,dc,0.1,896.4795795
563,dc,0.15,896.4795795
564,u,-2.5,1624.934069
564,u,-1.5,1169.713068
564,u,-1,1062.397308
564,u,1,863.6703308
564,u,1.5,853.8253659
564,v,-2.5,933.971961
564,v,-1.5,919.206666
564,v,-1,914.5517482
564,v,1,905.2540446
564,v,1.5,904.2153921
564,d4,0.1,1031.316949
564,d4,0.15,1103.170023
564,dc,-0.1,906.0134624
564,dc,0.1,908.5486272
564,dc,0.15,908.5486272
565,u,-2.5,1704.439702
565,u,-1.5,1214.983399
565,u,-1,1099.827979
565,u,1,864.7988673
565,u,1.5,854.5512786
565,v,-2.5,940.6376854
565,v,-1.5,925.181935
565,v,-1,920.3093438
565,v,1,910.5768605
565,v,1.5,909.4896385
565,d4,0.1,1038.00487
565,d4,0.15,1110.630866
565,dc,-0.15,907.4543525
565,dc,-0.1,914.0255046
565,dc,0.1,914.0255046
565,dc,0.15,914.0255046
566,u,-2.5,1820.733331
566,u,-1.5,1298.879017
566,u,-1,1166.239166
566,u,1,863.6497214
566,u,1.5,854.0559703
566,v,-2.5,940.5358414
566,v,-1.5,924.4277731
566,v,-1,919.3495316
566,v,1,909.206284
566,v,1.5,908.0731751
566,d4,0.1,1037.174758
566,d4,0.15,1110.052886
566,dc,-0.15,912.8004798
566,dc,-0.1,912.8004798
566,dc,0.1,912.8004798
566,dc,0.15,912.8004798
567,u,-2.5,1928.344635
567,u,-1.5,1303.869489
567,u,-1,1157.154929
567,u,1,873.2735616
567,u,1.5,859.9896634
567,v,-2.5,970.6274026
567,v,-1.5,952.6546906
567,v,-1,946.9886001
567,v,1,935.6711866
567,v,1.5,934.4069109
567,d4,0.1,1067.281269
567,d4,0.15,1142.205799
567,dc,-0.15,929.5260715
567,dc,-0.1,939.6814407
567,dc,0.1,939.6814407
567,dc,0.15,939.6814407
568,u,-2.5,2368.563762
568,u,-1.5,1566.163592
568,u,-1,1378.743004
568,u,1,873.9626396
568,u,1.5,861.0190768
568,v,-2.5,980.2499439
568,v,-1.5,959.2179781
568,v,-1,952.587425
568,v,1,939.3436
568,v,1.5,937.8641236
568,d4,0.1,1073.083862
568,d4,0.15,1148.940771
568,dc,-0.15,944.0364659
568,dc,-0.1,944.0364659
568,dc,0.1,944.0364659
568,dc,0.15,944.0364659
569,u,-2.5,2356.047025
569,u,-1.5,1476.964721
569,u,-1,1270.893204
569,u,1,888.3322259
569,u,1.5,869.6368752
569,v,-2.5,1029.501833
569,v,-1.5,1007.298236
569,v,-1,1000.298313
569,v,1,986.3167125
569,v,1.5,984.7548187
569,d4,0.1,1127.258288
569,d4,0.15,1207.486803
569,dc,-0.15,974.6371655
569,dc,-0.1,991.2710046
569,dc,0.1,991.2710046
569,dc,0.15,991.2710046
570,u,-2.5,2665.673736
570,u,-1.5,1570.206805
570,u,-1,1313.411951
570,u,1,906.3284736
570,u,1.5,881.1436255
570,v,-2.5,1091.820391
570,v,-1.5,1066.4051
570,v,-1,1058.392657
570,v,1,1042.388653
570,v,1.5,1040.600835
570,d4,0.1,1191.964286
570,d4,0.15,1277.144843
570,dc,-0.1,999.5777276
570,dc,0.1,1048.05957
570,dc,0.15,1048.05957
571,u,-2.5,3179.836589
571,u,-1.5,1820.050987
571,u,-1,1502.262333
571,u,1,912.5701668
571,u,1.5,884.688569
571,v,-2.5,1144.068343
571,v,-1.5,1115.012045
571,v,-1,1105.851735
571,v,1,1087.55499
571,v,1.5,1085.511049
571,d4,0.1,1249.274744
571,d4,0.15,1341.799725
571,dc,-0.15,1068.825728
571,dc,-0.1,1094.038327
571,dc,0.1,1094.038327
571,dc,0.15,1094.038327
572,u,-2.5,3376.166535
572,u,-1.5,1834.722369
572,u,-1,1474.051676
572,u,1,940.5659579
572,u,1.5,901.448808
572,v,-2.5,1168.53141
572,v,-1.5,1137.173332
572,v,-1,1127.287362
572,v,1,1107.541186
572,v,1.5,1105.335328
572,d4,0.1,1272.284252
572,d4,0.15,1366.626949
572,dc,-0.1,1053.346605
572,dc,0.1,1190.35262
572,dc,0.15,1215.528056
573,u,-2.5,4062.475854
573,u,-1.5,2084.685261
573,u,-1,1622.478196
573,u,1,972.5718123
573,u,1.5,921.4377237
573,v,-2.5,1225.073504
573,v,-1.5,1188.530961
573,v,-1,1177.010532
573,v,1,1153.999699
573,v,1.5,1151.429144
573,d4,0.1,1317.283575
573,d4,0.15,1409.309307
573,dc,0.1,1239.259786
573,dc,0.15,1284.884051
574,u,-2.5,4805.024628
574,u,-1.5,2392.612926
574,u,-1,1829.768843
574,u,1,1000.64049
574,u,1.5,934.6017671
574,v,-2.5,1341.570275
574,v,-1.5,1300.283392
574,v,-1,1287.267259
574,v,1,1261.268917
574,v,1.5,1258.364625
574,d4,0.1,1459.893876
574,d4,0.15,1574.847412
574,dc,-0.15,1156.400186
574,dc,-0.1,1190.511462
574,dc,0.1,1371.34874
574,dc,0.15,1432.427659
575,u,-2.5,5660.640805
575,u,-1.5,2686.293373
575,u,-1,1992.778313
575,u,1,1041.013691
575,u,1.5,968.1399637
575,v,-2.5,1384.479282
575,v,-1.5,1337.552244
575,v,-1,1322.757991
575,v,1,1293.208044
575,v,1.5,1289.907
575,d4,0.1,1471.92135
575,d4,0.15,1571.561491
575,dc,0.1,1394.835145
575,dc,0.15,1448.72206
576,u,-2.5,9828.543555
576,u,-1.5,4257.108245
576,u,-1,2962.21257
576,u,1,1193.894383
576,u,1.5,1079.205342
576,v,-2.5,1798.39763
576,v,-1.5,1729.535377
576,v,-1,1707.825813
576,v,1,1664.463264
576,v,1.5,1659.619206
576,d4,0.1,1891.366518
576,d4,0.15,2016.940612
576,dc,0.1,1813.403818
576,dc,0.15,1892.611083
577,u,-2.5,14777.7135
577,u,-1.5,6108.141595
577,u,-1,4097.138232
577,u,1,1358.827275
577,u,1.5,1182.189556
577,v,-2.5,2264.71965
577,v,-1.5,2174.569371
577,v,-1,2146.148528
577,v,1,2089.380914
577,v,1.5,2083.039367
577,d4,0.1,2362.981993
577,d4,0.15,2512.900821
577,dc,0.1,2286.864198
577,dc,0.15,2391.690656
578,u,-2.5,19143.07659
578,u,-1.5,7753.279933
578,u,-1,5114.368181
578,u,1,1527.856551
578,u,1.5,1297.52528
578,v,-2.5,2692.618674
578,v,-1.5,2586.191835
578,v,-1,2552.639631
578,v,1,2485.62267
578,v,1.5,2478.136161
578,d4,0.1,2825.273554
578,d4,0.15,3014.031567
578,dc,0.1,2744.483546
578,dc,0.15,2884.889551
579,u,-2.5,23620.01027
579,u,-1.5,9411.801142
579,u,-1,6122.560226
579,u,1,1657.192545
579,u,1.5,1370.896211
579,v,-2.5,3087.753871
579,v,-1.5,2966.029909
579,v,-1,2927.655124
579,v,1,2851.005567
579,v,1.5,2842.442995
579,d4,0.1,3212.614695
579,d4,0.15,3410.085243
579,dc,0.1,3137.411194
579,dc,0.15,3290.414732
580,u,-2.5,35150.53922
580,u,-1.5,13714.69998
580,u,-1,8759.48643
580,u,1,2047.863964
580,u,1.5,1619.584752
580,v,-2.5,4148.383648
580,v,-1.5,3992.165484
580,v,-1,3942.916031
580,v,1,3844.545481
580,v,1.5,3833.556442
580,d4,0.1,4329.240093
580,d4,0.15,4595.388238
580,dc,0.1,4253.197053
580,dc,0.15,4474.295136
581,u,-2.5,70295.84931
581,u,-1.5,26793.35296
581,u,-1,16758.35649
581,u,1,3212.598218
581,u,1.5,2354.259014
581,v,-2.5,7311.042277
581,v,-1.5,7071.250112
581,v,-1,6995.653058
581,v,1,6844.655975
581,v,1.5,6827.787992
581,d4,0.1,7705.948468
581,d4,0.15,8185.894673
581,dc,0.1,7628.153949
581,dc,0.15,8061.828723
582,u,-2.5,4896.135208
582,u,-1.5,2565.513625
582,u,-1,2023.036776
582,u,1,914.1239195
582,u,1.5,878.612888
582,v,-2.5,1199.073245
582,v,-1.5,1174.678729
582,v,-1,1166.988097
582,v,1,1151.626874
582,v,1.5,1149.910862
582,d4,0.1,1324.954542
582,d4,0.15,1425.605847
582,dc,-0.15,1157.070027
582,dc,-0.1,1157.070027
582,dc,0.1,1157.070027
582,dc,0.15,1157.070027
583,u,-2.5,4896.135208
583,u,-1.5,2565.513625
583,u,-1,2023.036776
583,u,1,914.1239195
583,u,1.5,878.612888
583,v,-2.5,1199.073245
583,v,-1.5,1174.678729
583,v,-1,1166.988097
583,v,1,1151.626874
583,v,1.5,1149.910862
583,d4,0.1,1324.954542
583,d4,0.15,1425.605847
583,dc,-0.15,1157.070027
583,dc,-0.1,1157.070027
583,dc,0.1,1157.070027
583,dc,0.15,1157.070027
584,u,-2.5,4913.405734
584,u,-1.5,2579.898445
584,u,-1,2036.811336
584,u,1,912.457594
584,u,1.5,877.7146063
584,v,-2.5,1189.089355
584,v,-1.5,1164.675098
584,v,-1,1156.978241
584,v,1,1141.604587
584,v,1.5,1139.887186
584,d4,0.1,1312.922104
584,d4,0.15,1412.263957
584,dc,-0.15,1147.052144
584,dc,-0.1,1147.052144
584,dc,0.1,1147.052144
584,dc,0.15,1147.052144
585,u,-2.5,5037.777445
585,u,-1.5,2510.498363
585,u,-1,1921.478873
585,u,1,964.2146416
585,u,1.5,904.7300377
585,v,-2.5,1381.232827
585,v,-1.5,1355.617403
585,v,-1,1347.541865
585,v,1,1331.411837
585,v,1.5,1329.609941
585,d4,0.1,1576.57822
585,d4,0.15,1727.340152
585,dc,-0.15,1191.453268
585,dc,-0.1,1234.259152
585,dc,0.1,1472.182196
585,dc,0.15,1557.017299
586,u,-2.5,6291.85324
586,u,-1.5,3222.692676
586,u,-1,2509.837449
586,u,1,916.3429759
586,u,1.5,880.8319444
586,v,-2.5,1209.018366
586,v,-1.5,1180.136728
586,v,-1,1171.031481
586,v,1,1152.844718
586,v,1.5,1150.813063
586,d4,0.1,1327.173598
586,d4,0.15,1427.824903
586,dc,-0.15,1159.289083
586,dc,-0.1,1159.289083
586,dc,0.1,1159.289083
586,dc,0.15,1159.289083
587,u,-2.5,6032.339823
587,u,-1.5,2917.176558
587,u,-1,2192.111889
587,u,1,986.4883079
587,u,1.5,916.3623884
587,v,-2.5,1523.999337
587,v,-1.5,1494.883116
587,v,-1,1485.703915
587,v,1,1467.369436
587,v,1.5,1465.321279
587,d4,0.1,1767.005904
587,d4,0.15,1956.928519
587,dc,-0.15,1291.340608
587,dc,-0.1,1344.271369
587,dc,0.1,1649.330153
587,dc,0.15,1762.772726
588,u,-2.5,6792.25178
588,u,-1.5,3249.40283
588,u,-1,2425.611489
588,u,1,987.6689222
588,u,1.5,917.5430027
588,v,-2.5,1664.844582
588,v,-1.5,1633.341058
588,v,-1,1623.409233
588,v,1,1603.57147
588,v,1.5,1601.35538
588,d4,0.1,1981.063076
588,d4,0.15,2231.554269
588,dc,-0.15,1380.641955
588,dc,-0.1,1446.109796
588,dc,0.1,1843.366502
588,dc,0.15,1989.942773
589,u,-2.5,9539.067711
589,u,-1.5,4669.254749
589,u,-1,3540.783125
589,u,1,932.7324714
589,u,1.5,891.7599562
589,v,-2.5,1307.180716
589,v,-1.5,1268.889875
589,v,-1,1256.818276
589,v,1,1232.706541
589,v,1.5,1230.013003
589,d4,0.1,1425.034048
589,d4,0.15,1536.109588
589,dc,-0.15,1241.250382
589,dc,-0.1,1241.250382
589,dc,0.1,1241.250382
589,dc,0.15,1241.250382
590,u,-2.5,11147.47298
590,u,-1.5,4917.926755
590,u,-1,3472.703061
590,u,1,1156.146099
590,u,1.5,990.4499412
590,v,-2.5,2122.009386
590,v,-1.5,2077.562924
590,v,-1,2063.550699
590,v,1,2035.56277
590,v,1.5,2032.43622
590,d4,0.1,2557.846008
590,d4,0.15,2916.60471
590,dc,-0.15,1705.943536
590,dc,-0.1,1801.188537
590,dc,0.1,2403.768059
590,dc,0.15,2654.270446
591,u,-2.5,14207.64316
591,u,-1.5,6062.308137
591,u,-1,4174.398656
591,u,1,1390.496215
591,u,1.5,1063.248517
591,v,-2.5,2401.424116
591,v,-1.5,2349.100627
591,v,-1,2332.605086
591,v,1,2299.656994
591,v,1.5,2295.976341
591,d4,0.1,2883.905211
591,d4,0.15,3284.879651
591,dc,-0.15,1915.012123
591,dc,-0.1,2026.150161
591,dc,0.1,2729.829457
591,dc,0.15,3022.548853
592,u,-2.5,24123.65417
592,u,-1.5,9805.958248
592,u,-1,6494.031345
592,u,1,2008.927367
592,u,1.5,1364.287904
592,v,-2.5,3358.54755
592,v,-1.5,3284.839997
592,v,-1,3261.602899
592,v,1,3215.189267
592,v,1.5,3210.004369
592,d4,0.1,4120.072592
592,d4,0.15,4770.286089
592,dc,-0.15,2588.824393
592,dc,-0.1,2765.982883
592,dc,0.1,3945.18796
592,dc,0.15,4466.988522
593,u,-2.5,40678.90038
593,u,-1.5,16435.72277
593,u,-1,10839.28265
593,u,1,2255.332545
593,u,1.5,1219.957261
593,v,-2.5,5514.62413
593,v,-1.5,5413.180387
593,v,-1,5381.199157
593,v,1,5317.32005
593,v,1.5,5310.184073
593,d4,0.1,9431.493809
593,d4,0.15,15272.12939
593,dc,-0.15,3476.7974
593,dc,-0.1,3911.51511
593,dc,0.1,8933.916051
593,dc,0.15,14059.45403
594,u,-2.5,63416.18203
594,u,-1.5,26389.98942
594,u,-1,17855.93733
594,u,1,1451.317505
594,u,1.5,1178.163326
594,v,-2.5,9712.089854
594,v,-1.5,9580.988621
594,v,-1,9539.65755
594,v,1,9457.103128
594,v,1.5,9447.880919
594,dc,-0.15,4192.032221
594,dc,-0.1,5080.844268
595,u,-2.5,71357.96813
595,u,-1.5,34354.16127
595,u,-1,25832.18168
595,u,1,1835.128079
595,u,1.5,1701.254533
595,v,-2.5,4503.786928
595,v,-1.5,4372.685695
595,v,-1,4331.354624
595,v,1,4248.800202
595,v,1.5,4239.577993
595,d4,-0.15,2836.173745
595,d4,-0.1,3195.775373
595,dc,-0.15,4278.052841
595,dc,-0.1,4278.052841
596,u,-2.5,12257.20904
596,u,-1.5,1309.637933
596,u,-1,1156.889303
596,u,1,1060.948451
596,u,1.5,1060.564552
596,v,-2.5,1175.16694
596,v,-1.5,1119.120761
596,v,-1,1101.451602
596,v,1,1066.159334
596,v,1.5,1062.216811
596,d4,-0.15,884.8625011
596,d4,-0.1,943.0691796
596,dc,-0.15,1078.664926
596,dc,-0.1,1078.664926
597,u,-2.5,24773.31268
597,u,-1.5,1250.645005
597,u,-1,1108.587137
597,u,1,1020.496779
597,u,1.5,1020.496779
597,v,-2.5,1187.525568
597,v,-1.5,1099.496131
597,v,-1,1071.743906
597,v,1,1016.311786
597,v,1.5,1010.119428
597,d4,-0.1,911.1618881
597,dc,-0.15,1035.953808
597,dc,-0.1,1035.953808
598,u,-2.5,3534.35882
598,u,-1.5,1108.838187
598,u,-1,995.877786
598,u,1,908.8316452
598,u,1.5,905.9701207
598,v,-2.5,966.6264293
598,v,-1.5,943.2246304
598,v,-1,935.8469621
598,v,1,921.1108536
598,v,1.5,919.4646733
598,d4,0.1,1060.861268
598,d4,0.15,1140.310882
598,dc,-0.15,926.3325007
598,dc,-0.1,926.3325007
598,dc,0.1,926.3325007
598,dc,0.15,926.3325007
599,u,-2.5,3161.949863
599,u,-1.5,1114.366325
599,u,-1,972.7279072
599,u,1,865.350178
599,u,1.5,860.2451921
599,v,-2.5,929.2657876
599,v,-1.5,905.2700409
599,v,-1,897.7051241
599,v,1,882.5950067
599,v,1.5,880.9070456
599,d4,0.1,1012.449971
599,d4,0.15,1085.366111
599,dc,-0.15,887.9491815
599,dc,-0.1,887.9491815
599,dc,0.1,887.9491815
599,dc,0.15,887.9491815
600,u,-2.5,3287.640972
600,u,-1.5,1238.874718
600,u,-1,1012.326855
600,u,1,860.5084006
600,u,1.5,853.5804277
600,v,-2.5,939.0947617
600,v,-1.5,911.8890085
600,v,-1,903.3121026
600,v,1,886.1806447
600,v,1.5,884.2668784
600,d4,0.1,1015.550172
600,d4,0.15,1087.732693
600,dc,-0.15,892.2510688
600,dc,-0.1,892.2510688
600,dc,0.1,892.2510688
600,dc,0.15,892.2510688
601,u,-2.5,3575.579204
601,u,-1.5,2213.822272
601,u,-1,1293.980973
601,u,1,879.5841651
601,u,1.5,866.4756484
601,v,-2.5,1005.323019
601,v,-1.5,971.92292
601,v,-1,961.3931801
601,v,1,940.3611436
601,v,1.5,938.0116411
601,d4,0.1,1077.618121
601,d4,0.15,1153.966195
601,dc,-0.15,947.8137131
601,dc,-0.1,947.8137131
601,dc,0.1,947.8137131
601,dc,0.15,947.8137131
602,u,-2.5,6307.068873
602,u,-1.5,1157.215131
602,u,-1,1028.533607
602,u,1,937.9727466
602,u,1.5,935.5265785
602,v,-2.5,1013.123746
602,v,-1.5,979.40726
602,v,-1,968.7777757
602,v,1,947.5465105
602,v,1.5,945.174752
602,dc,-0.15,955.0696755
602,dc,-0.1,955.0696755
603,u,-2.5,7839.026002
603,u,-1.5,1175.58765
603,u,-1,1040.91133
603,u,1,951.4045906
603,u,1.5,949.874812
603,v,-2.5,1032.236172
603,v,-1.5,994.75348
603,v,-1,982.9366588
603,v,1,959.3338142
603,v,1.5,956.697125
603,dc,-0.15,967.6973333
603,dc,-0.1,967.6973333
604,u,-2.5,11021.20081
604,u,-1.5,1225.818929
604,u,-1,1082.759898
604,u,1,992.5028414
604,u,1.5,991.9736555
604,v,-2.5,1084.766895
604,v,-1.5,1040.54683
604,v,-1,1026.60598
604,v,1,998.7606139
604,v,1.5,995.6499898
604,d4,-0.1,884.9938726
604,dc,-0.15,1008.627444
604,dc,-0.1,1008.627444
605,u,-2.5,23760.02481
605,u,-1.5,1236.708968
605,u,-1,1094.31891
605,u,1,1006.179252
605,u,1.5,1006.179252
605,v,-2.5,1146.598601
605,v,-1.5,1074.0106
605,v,-1,1051.126453
605,v,1,1005.417802
605,v,1.5,1000.311659
605,d4,-0.1,898.0386266
605,dc,-0.15,1021.614374
605,dc,-0.1,1021.614374
606,u,-2.5,9422.906648
606,u,-1.5,1547.446147
606,u,-1,1350.223994
606,u,1,1231.5113
606,u,1.5,1230.766443
606,v,-2.5,1433.069873
606,v,-1.5,1329.35492
606,v,-1,1296.657668
606,v,1,1231.348381
606,v,1.5,1224.052638
606,d4,-0.15,1017.876558
606,d4,-0.1,1087.761318
606,dc,-0.15,1254.490315
606,dc,-0.1,1254.490315
607,u,-2.5,16113.05473
607,u,-1.5,1578.672725
607,u,-1,1377.824007
607,u,1,1259.684137
607,u,1.5,1259.684137
607,v,-2.5,1528.127619
607,v,-1.5,1385.292833
607,v,-1,1340.262633
607,v,1,1250.319595
607,v,1.5,1240.271999
607,d4,-0.15,1042.922959
607,d4,-0.1,1113.536468
607,dc,-0.15,1282.190343
607,dc,-0.1,1282.190343
608,u,-2.5,11945.07986
608,u,-1.5,1449.690221
608,u,-1,1269.394937
608,u,1,1159.608008
608,u,1.5,1158.918839
608,v,-2.5,1320.36107
608,v,-1.5,1239.043012
608,v,-1,1213.406621
608,v,1,1162.200655
608,v,1.5,1156.480403
608,d4,-0.15,962.1056684
608,d4,-0.1,1026.973842
608,dc,-0.15,1180.345166
608,dc,-0.1,1180.345166
609,u,-2.5,18473.06311
609,u,-1.5,1315.649238
609,u,-1,1160.375867
609,u,1,1065.810576
609,u,1.5,1065.76217
609,v,-2.5,1271.969553
609,v,-1.5,1162.035056
609,v,-1,1127.377026
609,v,1,1058.151293
609,v,1.5,1050.418041
609,d4,-0.15,894.6671344
609,d4,-0.1,951.3207759
609,dc,-0.15,1082.680995
609,dc,-0.1,1082.680995
610,u,-2.5,13582.40875
610,u,-1.5,1341.948874
610,u,-1,1182.402932
610,u,1,1083.264731
610,u,1.5,1082.746848
610,v,-2.5,1223.607411
610,v,-1.5,1152.722077
610,v,-1,1130.374715
610,v,1,1085.738232
610,v,1.5,1080.751862
610,d4,-0.15,903.6568603
610,d4,-0.1,962.9727653
610,dc,-0.15,1101.554888
610,dc,-0.1,1101.554888
611,u,-2.5,22499.08247
611,u,-1.5,1278.269051
611,u,-1,1130.139592
611,u,1,1039.089566
611,u,1.5,1039.089566
611,v,-2.5,1224.309573
611,v,-1.5,1126.091183
611,v,-1,1095.126781
611,v,1,1033.278678
611,v,1.5,1026.369586
611,d4,-0.1,927.8444922
611,dc,-0.15,1055.194163
611,dc,-0.1,1055.194163
612,u,-2.5,1118.646596
612,u,-1.5,976.1484126
612,u,-1,942.069527
612,u,1,893.8347146
612,u,1.5,892.8804011
612,v,-2.5,927.1181112
612,v,-1.5,915.6831119
612,v,-1,912.0781055
612,v,1,904.8774885
612,v,1.5,904.0731029
612,d4,0.1,1033.542439
612,d4,0.15,1107.392904
612,dc,0.1,907.657353
612,dc,0.15,907.7716006
613,u,-2.5,1453.053365
613,u,-1.5,1302.587823
613,u,-1,1264.494296
613,u,1,1204.442535
613,u,1.5,1204.442535
613,v,-2.5,1244.434715
613,v,-1.5,1232.162367
613,v,-1,1228.293377
613,v,1,1220.565482
613,v,1.5,1219.702194
613,d4,-0.15,989.9777269
613,d4,-0.1,1059.000696
613,d4,0.1,1436.467545
613,d4,0.15,1568.873336
613,dc,0.1,1223.309727
613,dc,0.15,1223.551985
614,u,-2.5,1201.448906
614,u,-1.5,1000.435519
614,u,-1,952.5255291
614,u,1,876.1504686
614,u,1.5,871.7733952
614,v,-2.5,920.3728792
614,v,-1.5,906.4722763
614,v,-1,902.089962
614,v,1,893.3367548
614,v,1.5,892.3589283
614,d4,0.1,1018.448977
614,d4,0.15,1089.685209
614,dc,0.1,896.4383986
614,dc,0.15,896.4383986
615,u,-2.5,1684.288621
615,u,-1.5,1514.8969
615,u,-1,1475.420937
615,u,1,1412.469112
615,u,1.5,1412.469112
615,v,-2.5,1460.411925
615,v,-1.5,1446.511323
615,v,-1,1442.129008
615,v,1,1433.375801
615,v,1.5,1432.397975
615,d4,-0.15,1136.55339
615,d4,-0.1,1223.582534
615,d4,0.1,1724.467162
615,d4,0.15,1910.919334
615,dc,0.1,1437.275717
615,dc,0.15,1437.633526
616,u,-2.5,1245.975391
616,u,-1.5,1009.107218
616,u,-1,952.6588487
616,u,1,868.3125112
616,u,1.5,862.635022
616,v,-2.5,918.2600396
616,v,-1.5,902.8939262
616,v,-1,898.0495939
616,v,1,888.373555
616,v,1.5,887.2926383
616,d4,0.1,1011.627747
616,d4,0.15,1081.490063
616,dc,0.1,891.8021983
616,dc,0.15,891.8021983
617,u,-2.5,1289.089604
617,u,-1.5,1037.346292
617,u,-1,977.4401758
617,u,1,892.7600642
617,u,1.5,886.9719231
617,v,-2.5,948.6920854
617,v,-1.5,930.0906844
617,v,-1,924.226393
617,v,1,912.5130942
617,v,1.5,911.2045939
617,d4,0.1,1041.233424
617,d4,0.15,1114.195568
617,dc,0.1,917.6024725
617,dc,0.15,917.6024725
618,u,-2.5,2751.932766
618,u,-1.5,2311.291291
618,u,-1,2208.916693
618,u,1,2033.117732
618,u,1.5,2011.598178
618,v,-2.5,2122.84114
618,v,-1.5,2099.800909
618,v,-1,2092.537229
618,v,1,2078.0288
618,v,1.5,2076.408054
618,d4,-0.15,1544.125009
618,d4,-0.1,1692.632552
618,d4,0.1,2682.684961
618,d4,0.15,3122.087514
618,dc,0.1,2083.16977
618,dc,0.15,2083.16977
619,u,-2.5,2348.305148
619,u,-1.5,1590.025415
619,u,-1,1412.090245
619,u,1,1167.285194
619,u,1.5,1151.527356
619,v,-2.5,1292.373005
619,v,-1.5,1258.866673
619,v,-1,1248.303442
619,v,1,1227.20451
619,v,1.5,1224.847535
619,d4,-0.15,1015.713582
619,d4,-0.1,1080.813377
619,d4,0.1,1431.398111
619,d4,0.15,1551.994621
619,dc,0.1,1248.156877
619,dc,0.15,1248.156877
620,u,-2.5,2657.7037
620,u,-1.5,1572.193249
620,u,-1,1317.310363
620,u,1,963.7472748
620,u,1.5,940.1214172
620,v,-2.5,1135.791053
620,v,-1.5,1093.056256
620,v,-1,1079.583652
620,v,1,1052.673558
620,v,1.5,1049.667413
620,d4,0.1,1200.50605
620,d4,0.15,1282.00805
620,dc,0.1,1071.522391
620,dc,0.15,1071.522391
621,u,-2.5,1103.698216
621,u,-1.5,962.4457388
621,u,-1,928.6134191
621,u,1,880.5255848
621,u,1.5,879.6620403
621,v,-2.5,906.900504
621,v,-1.5,899.4792275
621,v,-1,897.1395904
621,v,1,892.466414
621,v,1.5,891.9443704
621,d4,0.1,1017.747192
621,d4,0.15,1089.957554
621,dc,0.1,894.3440703
621,dc,0.15,894.454999
622,u,-2.5,1263.989828
622,u,-1.5,1090.124011
622,u,-1,1048.949093
622,u,1,991.4129686
622,u,1.5,988.0987164
622,v,-2.5,1022.190735
622,v,-1.5,1013.774325
622,v,-1,1011.120961
622,v,1,1005.821149
622,v,1.5,1005.229104
622,d4,-0.1,886.3588277
622,d4,0.1,1157.738419
622,d4,0.15,1247.371944
622,dc,0.1,1008.613615
622,dc,0.15,1008.613615
623,u,-2.5,1148.172527
623,u,-1.5,972.5483141
623,u,-1,930.5395896
623,u,1,870.6424244
623,u,1.5,867.6285199
623,v,-2.5,897.3337843
623,v,-1.5,891.7247455
623,v,-1,889.9564358
623,v,1,886.4244251
623,v,1.5,886.0298619
623,d4,0.1,1009.133892
623,d4,0.15,1079.986986
623,dc,0.1,888.0476796
623,dc,0.15,888.0476796
624,u,-2.5,1262.195621
624,u,-1.5,1046.452121
624,u,-1,995.1951238
624,u,1,918.691958
624,u,1.5,913.3482563
624,v,-2.5,950.9176197
624,v,-1.5,944.647411
624,v,-1,942.6706603
624,v,1,938.722311
624,v,1.5,938.2812383
624,d4,0.1,1072.679088
624,d4,0.15,1150.811267
624,dc,0.1,940.1213837
624,dc,0.15,940.1213837
625,u,-2.5,1757.163175
625,u,-1.5,1364.536852
625,u,-1,1037.926222
625,u,1,
625,u,1.5,
625,v,-2.5,921.2821099
625,v,-1.5,901.9553357
625,v,-1,895.8623627
625,v,1,883.6922965
625,v,1.5,882.3327704
625,d4,0.1,1008.206327
625,d4,0.15,1078.514004
625,dc,-0.15,888.0046827
625,dc,-0.1,888.0046827
625,dc,0.1,888.0046827
625,dc,0.15,888.0046827
626,u,-2.5,1892.859862
626,u,-1.5,1350.484793
626,u,-1,1009.196477
626,u,1,
626,u,1.5,
626,v,-2.5,918.1675106
626,v,-1.5,898.1128295
626,v,-1,891.7903759
626,v,1,879.1619468
626,v,1.5,877.7512167
626,d4,0.1,1003.257639
626,d4,0.15,1073.176562
626,dc,-0.15,883.636751
626,dc,-0.1,883.636751
626,dc,0.1,883.636751
626,dc,0.15,883.636751
627,u,-2.5,5271.158235
627,u,-1.5,2818.756485
627,u,-1,2240.855108
627,u,1,976.2928763
627,u,1.5,919.6394471
627,v,-2.5,1767.249843
627,v,-1.5,1706.442476
627,v,-1,1687.2723
627,v,1,1648.981912
627,v,1.5,1644.704468
627,d4,0.1,2162.425535
627,d4,0.15,2535.285802
627,dc,-0.15,1385.350614
627,dc,-0.1,1461.372148
627,dc,0.1,1975.340527
627,dc,0.15,2207.990309
628,u,-2.5,6162.433209
628,u,-1.5,2996.192092
628,u,-1,2259.364564
628,u,1,1007.147364
628,u,1.5,931.1452269
628,v,-2.5,1583.1698
628,v,-1.5,1552.196749
628,v,-1,1542.432162
628,v,1,1522.928438
628,v,1.5,1520.749664
628,d4,0.1,1855.472046
628,d4,0.15,2070.939232
628,dc,-0.15,1330.645391
628,dc,-0.1,1387.880894
628,dc,0.1,1726.309329
628,dc,0.15,1856.044591
629,u,-2.5,5630.354327
629,u,-1.5,2805.601948
629,u,-1,2148.005226
629,u,1,988.9536145
629,u,1.5,927.1093337
629,v,-2.5,1576.828207
629,v,-1.5,1530.369181
629,v,-1,1515.722474
629,v,1,1486.467234
629,v,1.5,1483.199112
629,d4,0.1,1819.308106
629,d4,0.15,2033.483576
629,dc,-0.15,1303.48843
629,dc,-0.1,1358.963892
629,dc,0.1,1688.330454
629,dc,0.15,1815.236047
630,u,-2.5,14743.94708
630,u,-1.5,6166.216469
630,u,-1,4177.150118
630,u,1,1472.691562
630,u,1.5,1215.5593
630,v,-2.5,2294.326516
630,v,-1.5,2246.878934
630,v,-1,2231.920575
630,v,1,2202.042841
630,v,1.5,2198.70518
630,d4,0.1,2600.281021
630,d4,0.15,2846.979576
630,dc,-0.15,1918.38469
630,dc,-0.1,2004.303606
630,dc,0.1,2489.920089
630,dc,0.15,2666.225711
631,u,-2.5,6549.578778
631,u,-1.5,3109.478424
631,u,-1,2308.832644
631,u,1,1073.938246
631,u,1.5,965.1537606
631,v,-2.5,1606.007569
631,v,-1.5,1553.523604
631,v,-1,1536.97747
631,v,1,1503.928326
631,v,1.5,1500.236385
631,d4,0.1,1795.285309
631,d4,0.15,1973.948734
631,dc,-0.15,1338.829971
631,dc,-0.1,1390.414783
631,dc,0.1,1682.756318
631,dc,0.15,1789.32641
632,u,-2.5,8340.487995
632,u,-1.5,3792.984529
632,u,-1,2735.911691
632,u,1,1197.61573
632,u,1.5,1011.331682
632,v,-2.5,1794.001082
632,v,-1.5,1733.485275
632,v,-1,1714.407016
632,v,1,1676.300223
632,v,1.5,1672.043288
632,d4,0.1,2009.379732
632,d4,0.15,2215.505026
632,dc,-0.15,1478.048582
632,dc,-0.1,1539.545857
632,dc,0.1,1892.457809
632,dc,0.15,2022.96486
633,u,-2.5,8061.824997
633,u,-1.5,3798.362571
633,u,-1,2807.937394
633,u,1,1047.654738
633,u,1.5,958.0847017
633,v,-2.5,1940.751642
633,v,-1.5,1875.977801
633,v,-1,1855.557153
633,v,1,1814.769077
633,v,1.5,1810.212614
633,d4,0.1,2317.784111
633,d4,0.15,2667.413118
633,dc,-0.15,1531.205366
633,dc,-0.1,1614.133045
633,dc,0.1,2151.232914
633,dc,0.15,2381.245211
634,u,-2.5,10526.58111
634,u,-1.5,4838.437994
634,u,-1,3519.110459
634,u,1,1066.029821
634,u,1.5,967.751478
634,v,-2.5,2341.404119
634,v,-1.5,2269.487034
634,v,-1,2246.814401
634,v,1,2201.528225
634,v,1.5,2196.469277
634,d4,0.1,3014.915936
634,d4,0.15,3662.57093
634,dc,-0.15,1756.391731
634,dc,-0.1,1879.100692
634,dc,0.1,2786.973842
634,dc,0.15,3248.668255
635,u,-2.5,11085.89631
635,u,-1.5,4792.01738
635,u,-1,3330.599969
635,u,1,1339.754798
635,u,1.5,1110.167253
635,v,-2.5,2023.444071
635,v,-1.5,1943.213326
635,v,-1,1917.919723
635,v,1,1867.398437
635,v,1.5,1861.754671
635,d4,0.1,2193.759839
635,d4,0.15,2386.810163
635,dc,-0.15,1662.103292
635,dc,-0.1,1727.794039
635,dc,0.1,2091.147533
635,dc,0.15,2219.830953
636,u,-2.5,15229.2831
636,u,-1.5,6330.498616
636,u,-1,4266.997065
636,u,1,1460.271423
636,u,1.5,1280.118211
636,v,-2.5,2401.882955
636,v,-1.5,2301.269768
636,v,-1,2269.550381
636,v,1,2206.194275
636,v,1.5,2199.116723
636,d4,0.1,2565.805488
636,d4,0.15,2774.087813
636,dc,-0.15,1963.341445
636,dc,-0.1,2041.881769
636,dc,0.1,2469.415843
636,dc,0.15,2618.033396
637,u,-2.5,18483.01909
637,u,-1.5,7553.569187
637,u,-1,5021.280899
637,u,1,1581.076479
637,u,1.5,1360.743651
637,v,-2.5,2709.625877
637,v,-1.5,2600.61996
637,v,-1,2566.254674
637,v,1,2497.613668
637,v,1.5,2489.945736
637,d4,0.1,2911.769818
637,d4,0.15,3154.123425
637,dc,-0.15,2204.481412
637,dc,-0.1,2298.167806
637,dc,0.1,2812.477521
637,dc,0.15,2992.980857
638,u,-2.5,22207.00172
638,u,-1.5,9440.349906
638,u,-1,6487.49741
638,u,1,1360.146748
638,u,1.5,1079.817713
638,v,-2.5,3794.417614
638,v,-1.5,3670.676991
638,v,-1,3631.666431
638,v,1,3553.746983
638,v,1.5,3545.042551
638,d4,0.1,5687.047802
638,d4,0.15,8039.929529
638,dc,-0.15,2524.723529
638,dc,-0.1,2782.954513
638,dc,0.1,5302.652415
638,dc,0.15,7223.508346
639,u,-2.5,21832.6621
639,u,-1.5,8859.570661
639,u,-1,5856.108777
639,u,1,1781.746078
639,u,1.5,1521.844623
639,v,-2.5,3115.396257
639,v,-1.5,2987.071733
639,v,-1,2946.616049
639,v,1,2865.81012
639,v,1.5,2856.783237
639,d4,0.1,3437.236236
639,d4,0.15,3791.09482
639,dc,-0.15,2460.840216
639,dc,-0.1,2586.063463
639,dc,0.1,3315.651242
639,dc,0.15,3590.066446
640,u,-2.5,30218.52512
640,u,-1.5,12629.10633
640,u,-1,8565.130771
640,u,1,1482.498519
640,u,1.5,1114.173213
640,v,-2.5,4808.983846
640,v,-1.5,4669.955029
640,v,-1,4626.124701
640,v,1,4538.57828
640,v,1.5,4528.798412
640,d4,0.1,8576.137446
640,d4,0.15,15289.72861
640,dc,-0.15,2948.449508
640,dc,-0.1,3318.120224
640,dc,0.1,7998.199447
640,dc,0.15,13735.93079
641,u,-2.5,27448.71474
641,u,-1.5,11040.50792
641,u,-1,7245.439482
641,u,1,2106.193971
641,u,1.5,1669.089937
641,v,-2.5,3746.762275
641,v,-1.5,3607.733458
641,v,-1,3563.90313
641,v,1,3476.356709
641,v,1.5,3466.576841
641,d4,0.1,4378.219143
641,d4,0.15,4996.630094
641,dc,-0.15,2847.545345
641,dc,-0.1,3031.472441
641,dc,0.1,4215.976944
641,dc,0.15,4718.857738
642,u,-2.5,47924.15914
642,u,-1.5,18702.52119
642,u,-1,11955.5967
642,u,1,2840.49787
642,u,1.5,2263.484084
642,v,-2.5,5684.111111
642,v,-1.5,5473.382829
642,v,-1,5406.948475
642,v,1,5274.252914
642,v,1.5,5259.429406
642,d4,0.1,6746.792553
642,d4,0.15,7792.533371
642,dc,-0.15,4200.892997
642,dc,-0.1,4509.26769
642,dc,0.1,6569.229156
642,dc,0.15,7484.37735
643,u,-2.5,72583.53036
643,u,-1.5,28343.10434
643,u,-1,18141.99893
643,u,1,4395.121044
643,u,1.5,2911.638932
643,v,-2.5,8730.496514
643,v,-1.5,8380.141049
643,v,-1,8269.687726
643,v,1,8049.068952
643,v,1.5,8024.423485
643,d4,0.1,14164.9517
643,d4,0.15,22719.53839
643,dc,-0.15,5245.174
643,dc,-0.1,5918.07977
643,dc,0.1,13666.68865
643,dc,0.15,21511.43427
644,u,-2.5,2652.154463
644,u,-1.5,1576.146038
644,u,-1,1324.016522
644,u,1,903.9892177
644,u,1.5,878.4915485
644,v,-2.5,1105.552057
644,v,-1.5,1082.511826
644,v,-1,1075.248146
644,v,1,1060.739716
644,v,1.5,1059.11897
644,d4,0.1,1216.552322
644,d4,0.15,1306.158588
644,dc,-0.15,984.6371622
644,dc,-0.1,1011.005387
644,dc,0.1,1065.880687
644,dc,0.15,1065.880687
645,u,-2.5,2651.166176
645,u,-1.5,1566.993974
645,u,-1,1312.863066
645,u,1,907.2278839
645,u,1.5,880.3768891
645,v,-2.5,1099.796991
645,v,-1.5,1076.248483
645,v,-1,1068.824564
645,v,1,1053.996072
645,v,1.5,1052.339572
645,d4,0.1,1217.147489
645,d4,0.15,1312.192092
645,dc,-0.1,1000.852713
645,dc,0.1,1082.16317
645,dc,0.15,1082.16317
646,u,-2.5,2688.233791
646,u,-1.5,1589.930719
646,u,-1,1332.605908
646,u,1,905.6976965
646,u,1.5,879.54139
646,v,-2.5,1114.409716
646,v,-1.5,1090.861208
646,v,-1,1083.437288
646,v,1,1068.608797
646,v,1.5,1066.952297
646,d4,0.1,1226.106196
646,d4,0.15,1316.722654
646,dc,-0.15,987.6428119
646,dc,-0.1,1014.135489
646,dc,0.1,1073.86318
646,dc,0.15,1073.86318
647,u,-2.5,2848.555746
647,u,-1.5,1650.809866
647,u,-1,1370.318855
647,u,1,912.8675626
647,u,1.5,883.6840846
647,v,-2.5,1133.196931
647,v,-1.5,1108.535536
647,v,-1,1100.760766
647,v,1,1085.23149
647,v,1.5,1083.496705
647,d4,0.1,1258.804796
647,d4,0.15,1360.739583
647,dc,-0.15,1000.455308
647,dc,-0.1,1027.506622
647,dc,0.1,1111.73628
647,dc,0.15,1111.73628
648,u,-2.5,3041.667776
648,u,-1.5,1724.289053
648,u,-1,1415.941904
648,u,1,922.0775392
648,u,1.5,889.0485637
648,v,-2.5,1154.559035
648,v,-1.5,1127.931679
648,v,-1,1119.537119
648,v,1,1102.769878
648,v,1.5,1100.896799
648,d4,0.1,1278.858487
648,d4,0.15,1382.063537
648,dc,-0.15,1016.133668
648,dc,-0.1,1043.863534
648,dc,0.1,1164.866885
648,dc,0.15,1164.866885
649,u,-2.5,3406.354336
649,u,-1.5,1848.098592
649,u,-1,1483.547463
649,u,1,947.8236852
649,u,1.5,902.8552528
649,v,-2.5,1170.315322
649,v,-1.5,1141.239668
649,v,-1,1132.073256
649,v,1,1113.764322
649,v,1.5,1111.719019
649,d4,0.1,1280.788831
649,d4,0.15,1377.016109
649,dc,-0.1,1057.804609
649,dc,0.1,1197.821735
649,dc,0.15,1244.177072
650,u,-2.5,3289.148136
650,u,-1.5,1806.964304
650,u,-1,1460.138326
650,u,1,940.7717921
650,u,1.5,899.5403606
650,v,-2.5,1166.192305
650,v,-1.5,1136.157962
650,v,-1,1126.689312
650,v,1,1107.776691
650,v,1.5,1105.66395
650,d4,0.1,1276.349742
650,d4,0.15,1373.593964
650,dc,-0.1,1051.957889
650,dc,0.1,1192.318152
650,dc,0.15,1238.934231
651,u,-2.5,4297.105618
651,u,-1.5,2188.074814
651,u,-1,1695.550694
651,u,1,999.3069807
651,u,1.5,928.7607429
651,v,-2.5,1265.713243
651,v,-1.5,1230.790783
651,v,-1,1219.781103
651,v,1,1197.790436
651,v,1.5,1195.333844
651,d4,0.1,1377.904138
651,d4,0.15,1481.461184
651,dc,-0.1,1134.77393
651,dc,0.1,1293.888301
651,dc,0.15,1346.826093
652,u,-2.5,8268.131125
652,u,-1.5,3719.414778
652,u,-1,2661.653243
652,u,1,1217.742436
652,u,1.5,1047.170653
652,v,-2.5,1714.024099
652,v,-1.5,1655.962245
652,v,-1,1637.657622
652,v,1,1601.096083
652,v,1.5,1597.01177
652,d4,0.1,1870.587194
652,d4,0.15,2029.446433
652,dc,-0.15,1439.408238
652,dc,-0.1,1491.080981
652,dc,0.1,1772.84465
652,dc,0.15,1871.03477
653,u,-2.5,16952.35406
653,u,-1.5,6945.661285
653,u,-1,4626.18847
653,u,1,1472.498672
653,u,1.5,1270.022337
653,v,-2.5,2447.247967
653,v,-1.5,2382.474127
653,v,-1,2362.053478
653,v,1,2321.265402
653,v,1.5,2316.70894
653,d4,0.1,2665.888382
653,d4,0.15,2866.946504
653,dc,-0.15,2065.748873
653,dc,-0.1,2146.215924
653,dc,0.1,2576.23873
653,dc,0.15,2722.603948
654,u,-2.5,17561.97676
654,u,-1.5,7185.286528
654,u,-1,4780.475577
654,u,1,1511.88846
654,u,1.5,1302.253715
654,v,-2.5,2533.750612
654,v,-1.5,2459.697101
654,v,-1,2436.350936
654,v,1,2389.719454
654,v,1.5,2384.51022
654,d4,0.1,2759.659262
654,d4,0.15,2976.654484
654,dc,-0.15,2117.618766
654,dc,-0.1,2203.303555
654,dc,0.1,2666.173711
654,dc,0.15,2825.660755
655,u,-2.5,21139.45278
655,u,-1.5,8516.581067
655,u,-1,5593.349979
655,u,1,1624.04693
655,u,1.5,1369.826612
655,v,-2.5,2860.849538
655,v,-1.5,2772.844224
655,v,-1,2745.099603
655,v,1,2689.682673
655,v,1.5,2683.492011
655,d4,0.1,3092.815554
655,d4,0.15,3326.996462
655,dc,-0.15,2382.146545
655,dc,-0.1,2479.520386
655,dc,0.1,3001.943625
655,dc,0.15,3180.535948
656,u,-2.5,1354.016026
656,u,-1.5,1086.896934
656,u,-1,980.6584011
656,u,1,871.7187198
656,u,1.5,866.0944918
656,v,-2.5,951.2748086
656,v,-1.5,919.742024
656,v,-1,909.8009751
656,v,1,889.9447863
656,v,1.5,887.7266385
656,d4,0.1,1017.093068
656,d4,0.15,1087.159128
656,dc,-0.1,896.9807016
656,dc,0.1,896.9807016
656,dc,0.15,896.9807016
657,u,-2.5,1411.516296
657,u,-1.5,1080.885037
657,u,-1,1002.398762
657,u,1,879.4920424
657,u,1.5,871.5691055
657,v,-2.5,976.3023655
657,v,-1.5,940.3752267
657,v,-1,929.0488104
657,v,1,906.4254975
657,v,1.5,903.8982325
657,d4,0.1,1035.918286
657,d4,0.15,1106.916588
657,dc,0.1,914.4419258
657,dc,0.15,914.4419258
658,u,-2.5,1712.572386
658,u,-1.5,1148.984979
658,u,-1,996.4473143
658,u,1,877.4049828
658,u,1.5,871.4362897
658,v,-2.5,972.9994733
658,v,-1.5,933.0046846
658,v,-1,920.3958981
658,v,1,895.2111868
658,v,1.5,892.3977862
658,d4,0.1,1024.541121
658,d4,0.15,1094.810461
658,dc,-0.15,904.1352304
658,dc,-0.1,904.1352304
658,dc,0.1,904.1352304
658,dc,0.15,904.1352304
659,u,-2.5,1593.45511
659,u,-1.5,1164.81398
659,u,-1,1063.492951
659,u,1,887.7855936
659,u,1.5,877.7826515
659,v,-2.5,1007.826359
659,v,-1.5,965.5455565
659,v,-1,952.2160795
659,v,1,925.5918657
659,v,1.5,922.6176574
659,d4,0.1,1059.105879
659,d4,0.15,1131.775404
659,dc,0.1,935.025988
659,dc,0.15,935.025988
660,u,-2.5,1573.509103
660,u,-1.5,1138.105368
660,u,-1,1034.909721
660,u,1,889.3346964
660,u,1.5,879.2188063
660,v,-2.5,1003.925443
660,v,-1.5,961.2814131
660,v,-1,947.8374247
660,v,1,920.9844866
660,v,1.5,917.9847274
660,d4,0.1,1051.901904
660,d4,0.15,1122.888795
660,dc,0.1,936.9416946
660,dc,0.15,936.9416946
661,u,-2.5,1779.260093
661,u,-1.5,1264.826081
661,u,-1,1043.475248
661,u,1,884.3876322
661,u,1.5,876.6570506
661,v,-2.5,996.5661583
661,v,-1.5,951.9909929
661,v,-1,937.9381934
661,v,1,909.8692198
661,v,1.5,906.7336164
661,d4,0.1,1041.413941
661,d4,0.15,1112.492281
661,dc,-0.15,919.8152835
661,dc,-0.1,919.8152835
661,dc,0.1,919.8152835
661,dc,0.15,919.8152835
662,u,-2.5,1785.838215
662,u,-1.5,1232.84751
662,u,-1,1102.266141
662,u,1,899.1938172
662,u,1.5,886.3698561
662,v,-2.5,1042.981848
662,v,-1.5,993.4626078
662,v,-1,977.8511356
662,v,1,946.6688789
662,v,1.5,943.1854886
662,d4,0.1,1083.246062
662,d4,0.15,1156.828964
662,dc,0.1,957.7181149
662,dc,0.15,957.7181149
663,u,-2.5,1810.296618
663,u,-1.5,1231.064941
663,u,-1,1094.171237
663,u,1,901.9904989
663,u,1.5,888.7586688
663,v,-2.5,1043.822953
663,v,-1.5,992.8829372
663,v,-1,976.8235502
663,v,1,944.7466315
663,v,1.5,941.1632979
663,d4,0.1,1079.295684
663,d4,0.15,1151.392515
663,dc,0.1,974.7031954
663,dc,0.15,974.7031954
664,u,-2.5,1860.347731
664,u,-1.5,1250.649551
664,u,-1,1106.624609
664,u,1,904.5992645
664,u,1.5,890.7120984
664,v,-2.5,1052.003918
664,v,-1.5,999.4145105
664,v,-1,982.8351351
664,v,1,949.7195948
664,v,1.5,946.0202361
664,d4,0.1,1085.028813
664,d4,0.15,1157.365912
664,dc,0.1,991.5969303
664,dc,0.15,991.5969303
665,u,-2.5,1896.802907
665,u,-1.5,1264.902076
665,u,-1,1115.681491
665,u,1,906.4869551
665,u,1.5,892.1230839
665,v,-2.5,1057.915411
665,v,-1.5,1004.144131
665,v,-1,987.1921568
665,v,1,953.3323909
665,v,1.5,949.5498943
665,d4,0.1,1089.193623
665,d4,0.15,1161.706731
665,dc,0.1,975.6882888
665,dc,0.15,975.6882888
666,u,-2.5,2366.51873
666,u,-1.5,1447.806864
666,u,-1,1231.549155
666,u,1,930.0532059
666,u,1.5,909.5841759
666,v,-2.5,1131.217392
666,v,-1.5,1063.401015
666,v,-1,1042.021174
666,v,1,999.3172139
666,v,1.5,994.5467265
666,d4,0.1,1142.171926
666,d4,0.15,1217.009885
666,dc,0.1,1053.753811
666,dc,0.15,1053.753811
667,u,-2.5,2408.086141
667,u,-1.5,1463.93887
667,u,-1,1241.742027
667,u,1,932.0830732
667,u,1.5,911.0764678
667,v,-2.5,1137.493707
667,v,-1.5,1068.521318
667,v,-1,1046.777031
667,v,1,1003.34513
667,v,1.5,998.4933235
667,d4,0.1,1146.808792
667,d4,0.15,1221.856371
667,dc,0.1,1073.281519
667,dc,0.15,1082.092414
668,u,-2.5,2498.651751
668,u,-1.5,1499.061627
668,u,-1,1263.921778
668,u,1,936.4799415
668,u,1.5,914.303321
668,v,-2.5,1151.071041
668,v,-1.5,1079.62013
668,v,-1,1057.094463
668,v,1,1012.101837
668,v,1.5,1007.075681
668,d4,0.1,1156.887136
668,d4,0.15,1232.393071
668,dc,0.1,1083.362238
668,dc,0.15,1115.641301
669,u,-2.5,3089.402706
669,u,-1.5,1727.458866
669,u,-1,1407.809993
669,u,1,964.439797
669,u,1.5,934.6655321
669,v,-2.5,1236.91344
669,v,-1.5,1150.418715
669,v,-1,1123.150324
669,v,1,1068.684612
669,v,1.5,1062.600211
669,d4,0.1,1221.936109
669,d4,0.15,1300.474178
669,dc,0.1,1148.425611
669,dc,0.15,1183.744675
670,u,-2.5,3089.402706
670,u,-1.5,1727.458866
670,u,-1,1407.809993
670,u,1,964.439797
670,u,1.5,934.6655321
670,v,-2.5,1236.91344
670,v,-1.5,1150.418715
670,v,-1,1123.150324
670,v,1,1068.684612
670,v,1.5,1062.600211
670,d4,0.1,1221.936109
670,d4,0.15,1300.474178
670,dc,0.1,1148.425611
670,dc,0.15,1158.409477
671,u,-2.5,3089.402706
671,u,-1.5,1727.458866
671,u,-1,1407.809993
671,u,1,964.439797
671,u,1.5,934.6655321
671,v,-2.5,1236.91344
671,v,-1.5,1150.418715
671,v,-1,1123.150324
671,v,1,1068.684612
671,v,1.5,1062.600211
671,d4,0.1,1221.936109
671,d4,0.15,1300.474178
671,dc,0.1,1148.425611
671,dc,0.15,1158.409477
672,u,-2.5,3285.193953
672,u,-1.5,1802.934557
672,u,-1,1455.25187
672,u,1,973.4815539
672,u,1.5,941.1998051
672,v,-2.5,1264.515173
672,v,-1.5,1173.384866
672,v,-1,1144.655058
672,v,1,1087.270321
672,v,1.5,1080.859834
672,d4,0.1,1243.275754
672,d4,0.15,1322.830675
672,dc,0.1,1169.769686
672,dc,0.15,1206.108054
673,u,-2.5,4374.311288
673,u,-1.5,2221.338197
673,u,-1,1717.560202
673,u,1,1022.33543
673,u,1.5,976.1724276
673,v,-2.5,1412.615624
673,v,-1.5,1297.942732
673,v,-1,1261.790871
673,v,1,1189.581371
673,v,1.5,1181.514801
673,d4,0.1,1360.537909
673,d4,0.15,1445.812403
673,dc,0.1,1287.054218
673,dc,0.15,1329.12467
674,u,-2.5,11092.05102
674,u,-1.5,4776.442706
674,u,-1,3307.46832
674,u,1,1299.017031
674,u,1.5,1168.384218
674,v,-2.5,2233.210078
674,v,-1.5,2011.526295
674,v,-1,1941.638102
674,v,1,1802.043863
674,v,1.5,1786.4497
674,d4,0.1,2058.098277
674,d4,0.15,2179.36144
674,dc,0.1,1984.708264
674,dc,0.15,2062.820361
675,u,-2.5,1885.171091
675,u,-1.5,1302.269738
675,u,-1,1165.459937
675,u,1,865.5462569
675,u,1.5,854.0310613
675,v,-2.5,941.0939676
675,v,-1.5,930.4233679
675,v,-1,927.0593468
675,v,1,920.3400721
675,v,1.5,919.5894575
675,d4,0.1,1048.434243
675,d4,0.15,1122.164986
675,dc,-0.15,922.7210047
675,dc,-0.1,922.7210047
675,dc,0.1,922.7210047
675,dc,0.15,922.7210047
676,u,-2.5,1939.122926
676,u,-1.5,1333.973452
676,u,-1,1192.071178
676,u,1,865.5462569
676,u,1.5,854.0951389
676,v,-2.5,941.0939676
676,v,-1.5,930.4233679
676,v,-1,927.0593468
676,v,1,920.3400721
676,v,1.5,919.5894575
676,d4,0.1,1048.434243
676,d4,0.15,1122.164986
676,dc,-0.15,922.7210047
676,dc,-0.1,922.7210047
676,dc,0.1,922.7210047
676,dc,0.15,922.7210047
677,u,-2.5,1934.827098
677,u,-1.5,1321.176519
677,u,-1,1177.174754
677,u,1,867.3411504
677,u,1.5,855.1036817
677,v,-2.5,947.4528641
677,v,-1.5,936.4521999
677,v,-1,932.9841223
677,v,1,926.057006
677,v,1.5,925.2831733
677,d4,0.1,1055.082851
677,d4,0.15,1129.358227
677,dc,-0.15,928.511586
677,dc,-0.1,928.511586
677,dc,0.1,928.511586
677,dc,0.15,928.511586
678,u,-2.5,2418.288624
678,u,-1.5,1568.14601
678,u,-1,1369.454642
678,u,1,877.0185992
678,u,1.5,862.9072369
678,v,-2.5,986.5483948
678,v,-1.5,965.6711451
678,v,-1,959.0893679
678,v,1,945.9429675
678,v,1.5,944.4743745
678,d4,0.1,1079.925295
678,d4,0.15,1155.943854
678,dc,-0.15,950.6013116
678,dc,-0.1,950.6013116
678,dc,0.1,950.6013116
678,dc,0.15,950.6013116
679,u,-2.5,2802.581685
679,u,-1.5,1775.785962
679,u,-1,1494.393674
679,u,1,878.364125
679,u,1.5,864.0257678
679,v,-2.5,991.8550335
679,v,-1.5,970.1797576
679,v,-1,963.3463941
679,v,1,949.6974768
679,v,1.5,948.1727473
679,d4,0.1,1084.445354
679,d4,0.15,1160.835591
679,dc,-0.15,954.5338846
679,dc,-0.1,954.5338846
679,dc,0.1,954.5338846
679,dc,0.15,954.5338846
680,u,-2.5,2422.817162
680,u,-1.5,1572.674549
680,u,-1,1373.98318
680,u,1,881.5471377
680,u,1.5,867.4357753
680,v,-2.5,1006.843896
680,v,-1.5,976.8095523
680,v,-1,967.340903
680,v,1,948.4282821
680,v,1.5,946.3155409
680,d4,0.1,1084.453833
680,d4,0.15,1160.472392
680,dc,-0.15,955.1298501
680,dc,-0.1,955.1298501
680,dc,0.1,955.1298501
680,dc,0.15,955.1298501
681,u,-2.5,3382.628005
681,u,-1.5,1870.850462
681,u,-1,1517.433349
681,u,1,932.4895912
681,u,1.5,895.8193278
681,v,-2.5,1221.343932
681,v,-1.5,1189.110269
681,v,-1,1178.94826
681,v,1,1158.650728
681,v,1.5,1156.383278
681,d4,0.1,1355.542861
681,d4,0.15,1472.216038
681,dc,-0.15,1060.363314
681,dc,-0.1,1091.732622
681,dc,0.1,1222.788777
681,dc,0.15,1222.788777
682,u,-2.5,4743.817101
682,u,-1.5,2481.828202
682,u,-1,1954.307043
682,u,1,978.4745846
682,u,1.5,943.0351658
682,v,-2.5,1279.232879
682,v,-1.5,1215.892416
682,v,-1,1195.923655
682,v,1,1156.038177
682,v,1.5,1151.582544
682,d4,0.1,1326.555332
682,d4,0.15,1419.435171
682,dc,-0.15,1170.171344
682,dc,-0.1,1170.171344
682,dc,0.1,1170.171344
682,dc,0.15,1170.171344
683,u,-2.5,8326.268171
683,u,-1.5,1453.278398
683,u,-1,1220.60382
683,u,1,1043.528429
683,u,1.5,1035.262574
683,v,-2.5,1202.778013
683,v,-1.5,1132.359298
683,v,-1,1110.159042
683,v,1,1065.81639
683,v,1.5,1060.862843
683,d4,-0.1,955.9016334
683,d4,0.1,1237.967173
683,dc,-0.15,1081.528929
683,dc,-0.1,1081.528929
683,dc,0.1,1081.528929
684,u,-2.5,7000.956992
684,u,-1.5,3512.736279
684,u,-1,2701.488283
684,u,1,1092.355547
684,u,1.5,1046.991667
684,v,-2.5,1504.326131
684,v,-1.5,1422.252488
684,v,-1,1396.377891
684,v,1,1344.696133
684,v,1.5,1338.92273
684,d4,0.1,1562.681646
684,d4,0.15,1683.919083
684,dc,-0.15,1363.009238
684,dc,-0.1,1363.009238
684,dc,0.1,1363.009238
684,dc,0.15,1363.009238
685,u,-2.5,17713.55664
685,u,-1.5,1354.424657
685,u,-1,1174.800904
685,u,1,1039.629826
685,u,1.5,1033.491688
685,v,-2.5,1249.025215
685,v,-1.5,1143.593841
685,v,-1,1110.355469
685,v,1,1043.965351
685,v,1.5,1036.548868
685,d4,-0.1,945.9962073
685,dc,-0.15,1067.490271
685,dc,-0.1,1067.490271
686,u,-2.5,23445.78139
686,u,-1.5,1305.470348
686,u,-1,1180.254555
686,u,1,1080.834495
686,u,1.5,1075.699998
686,v,-2.5,1293.318755
686,v,-1.5,1181.410013
686,v,-1,1146.12958
686,v,1,1075.660665
686,v,1.5,1067.788536
686,d4,-0.1,972.3625945
686,dc,-0.15,1100.630881
686,dc,-0.1,1100.630881
687,u,-2.5,10722.32645
687,u,-1.5,4678.494259
687,u,-1,3273.525864
687,u,1,1293.014512
687,u,1.5,1140.834342
687,v,-2.5,2078.670135
687,v,-1.5,1964.70792
687,v,-1,1928.780108
687,v,1,1857.018121
687,v,1.5,1849.001543
687,d4,0.1,2159.539138
687,d4,0.15,2329.608158
687,dc,-0.15,1679.665642
687,dc,-0.1,1739.897769
687,dc,0.1,2064.845022
687,dc,0.15,2176.677034
688,u,-2.5,41331.67677
688,u,-1.5,2199.366936
688,u,-1,1319.047664
688,u,1,993.1119398
688,u,1.5,980.4325541
688,v,-2.5,1441.192222
688,v,-1.5,1216.712394
688,v,-1,1145.942718
688,v,1,1004.587811
688,v,1.5,988.796962
688,dc,-0.15,1054.676031
688,dc,-0.1,1054.676031
689,u,-2.5,68318.03531
689,u,-1.5,1190.892707
689,u,-1,1076.19262
689,u,1,981.5017567
689,u,1.5,976.5245557
689,v,-2.5,1421.38002
689,v,-1.5,1177.843533
689,v,-1,1101.066041
689,v,1,947.711159
689,v,1.5,930.5797849
689,dc,-0.15,1002.051494
689,dc,-0.1,1002.051494
690,u,-2.5,48271.32847
690,u,-1.5,23239.64075
690,u,-1,2139.718459
690,u,1,1049.813803
690,u,1.5,1023.867039
690,v,-2.5,1650.005029
690,v,-1.5,1378.906631
690,v,-1,1293.439951
690,v,1,1122.729338
690,v,1.5,1103.659144
690,dc,-0.15,1183.219567
690,dc,-0.1,1183.219567
691,u,-2.5,75107.80498
691,u,-1.5,1358.177199
691,u,-1,1150.542575
691,u,1,1004.437396
691,u,1.5,997.3908548
691,v,-2.5,1514.889833
691,v,-1.5,1236.463669
691,v,-1,1148.686831
691,v,1,973.3619256
691,v,1.5,953.7762657
691,dc,-0.15,1035.4872
691,dc,-0.1,1035.4872
692,u,-2.5,74869.99225
692,u,-1.5,32210.81035
692,u,-1,22381.13009
692,u,1,1173.310223
692,u,1.5,1117.27997
692,v,-2.5,2132.336649
692,v,-1.5,1759.117952
692,v,-1,1641.456751
692,v,1,1406.441005
692,v,1.5,1380.187242
692,dc,-0.15,1489.717353
692,dc,-0.1,1489.717353
693,u,-2.5,4388.910427
693,u,-1.5,1051.773398
693,u,-1,970.8617836
693,u,1,896.8350354
693,u,1.5,893.6548746
693,v,-2.5,1004.218999
693,v,-1.5,951.6015245
693,v,-1,935.0133006
693,v,1,901.8800862
693,v,1.5,898.1787531
693,dc,-0.15,913.2947423
693,dc,-0.1,913.4033335
694,u,-2.5,6801.068099
694,u,-1.5,2149.493592
694,u,-1,1255.889599
694,u,1,925.8819168
694,u,1.5,913.1982672
694,v,-2.5,1111.376668
694,v,-1.5,1039.867432
694,v,-1,1017.323378
694,v,1,972.2940249
694,v,1.5,967.2637664
694,d4,0.1,1117.110899
694,d4,0.15,1192.793211
694,dc,-0.15,988.2498921
694,dc,-0.1,988.2498921
694,dc,0.1,988.2498921
694,dc,0.15,988.2498921
695,u,-2.5,11255.61699
695,u,-1.5,1159.754696
695,u,-1,1023.410195
695,u,1,910.8380531
695,u,1.5,904.9645517
695,v,-2.5,1077.578387
695,v,-1.5,995.2110993
695,v,-1,969.2439274
695,v,1,917.3772611
695,v,1.5,911.5832018
695,dc,-0.15,935.7558872
695,dc,-0.1,935.7558872
696,u,-2.5,15345.17825
696,u,-1.5,6434.790452
696,u,-1,4367.152068
696,u,1,1438.176733
696,u,1.5,1199.947596
696,v,-2.5,2566.158107
696,v,-1.5,2425.310552
696,v,-1,2380.906849
696,v,1,2292.215169
696,v,1.5,2282.307364
696,d4,0.1,2703.322496
696,d4,0.15,2942.551053
696,dc,-0.15,2030.677494
696,dc,-0.1,2116.610054
696,dc,0.1,2596.313959
696,dc,0.15,2767.977822
697,u,-2.5,7808.725728
697,u,-1.5,3615.58676
697,u,-1,2641.470393
697,u,1,1041.621222
697,u,1.5,970.0572689
697,v,-2.5,1741.963639
697,v,-1.5,1653.958325
697,v,-1,1626.213705
697,v,1,1570.796774
697,v,1.5,1564.606113
697,d4,0.1,1821.904849
697,d4,0.15,1963.765009
697,dc,-0.15,1457.911278
697,dc,-0.1,1521.437465
697,dc,0.1,1590.433414
697,dc,0.15,1590.433414
698,u,-2.5,20413.98761
698,u,-1.5,1241.610696
698,u,-1,1110.193429
698,u,1,1003.989273
698,u,1.5,997.5642039
698,v,-2.5,1203.092269
698,v,-1.5,1100.145087
698,v,-1,1067.689882
698,v,1,1002.86406
698,v,1.5,995.6223255
698,d4,-0.1,905.9335063
698,dc,-0.15,1025.834682
698,dc,-0.1,1025.834682
699,u,-2.5,11923.14836
699,u,-1.5,6360.78989
699,u,-1,4154.94845
699,u,1,1193.577252
699,u,1.5,1160.952668
699,v,-2.5,1562.197482
699,v,-1.5,1457.88973
699,v,-1,1425.005591
699,v,1,1359.323018
699,v,1.5,1351.985575
699,d4,-0.15,1134.021752
699,d4,-0.1,1207.488803
699,d4,0.1,1609.371992
699,d4,0.15,1749.989272
699,dc,-0.15,1382.597224
699,dc,-0.1,1382.597224
699,dc,0.1,1382.597224
699,dc,0.15,1382.597224
700,u,-2.5,17596.75402
700,u,-1.5,1858.730709
700,u,-1,1343.966393
700,u,1,1081.045262
700,u,1.5,1071.194732
700,v,-2.5,1320.483041
700,v,-1.5,1209.889609
700,v,-1,1175.023842
700,v,1,1105.383178
700,v,1.5,1097.603574
700,d4,-0.1,994.760872
700,dc,-0.15,1130.059909
700,dc,-0.1,1130.059909
701,u,-2.5,14570.48572
701,u,-1.5,6412.396028
701,u,-1,4523.0918
701,u,1,1278.413641
701,u,1.5,1158.538496
701,v,-2.5,2891.400419
701,v,-1.5,2757.47288
701,v,-1,2715.250785
701,v,1,2630.916638
701,v,1.5,2621.495615
701,d4,-0.1,2143.167517
701,d4,0.1,3491.928466
701,d4,0.15,3918.492771
701,dc,-0.15,2119.631981
701,dc,-0.1,2266.20583
701,dc,0.1,2889.221966
701,dc,0.15,2889.221966
702,u,-2.5,16935.76436
702,u,-1.5,7075.80041
702,u,-1,4792.63229
702,u,1,1363.542887
702,u,1.5,1170.288495
702,v,-2.5,2788.967367
702,v,-1.5,2644.942564
702,v,-1,2599.537198
702,v,1,2508.844805
702,v,1.5,2498.713499
702,d4,0.1,3055.315217
702,d4,0.15,3396.69275
702,dc,-0.15,2152.347702
702,dc,-0.1,2263.73245
702,dc,0.1,2926.658418
702,dc,0.15,3182.416644
703,u,-2.5,31453.64154
703,u,-1.5,14073.04203
703,u,-1,10063.76092
703,u,1,1039.924441
703,u,1.5,991.3883642
703,v,-2.5,1680.732897
703,v,-1.5,1475.244202
703,v,-1,1410.461684
703,v,1,1281.06549
703,v,1.5,1266.610557
703,dc,-0.15,1326.916215
703,dc,-0.1,1326.916215
704,u,-2.5,31497.74242
704,u,-1.5,12989.98761
704,u,-1,8716.13424
704,u,1,1225.781746
704,u,1.5,1098.517269
704,v,-2.5,2968.486451
704,v,-1.5,2750.18567
704,v,-1,2681.364005
704,v,1,2543.900043
704,v,1.5,2528.543854
704,d4,0.1,2982.249936
704,d4,0.15,3234.021522
704,dc,-0.15,2592.609531
704,dc,-0.1,2592.609531
704,dc,0.1,2592.609531
704,dc,0.15,2592.609531
705,u,-2.5,51621.37528
705,u,-1.5,1741.432203
705,u,-1,1209.368702
705,u,1,961.6646716
705,u,1.5,951.6510761
705,v,-2.5,1415.680774
705,v,-1.5,1179.78245
705,v,-1,1105.412971
705,v,1,956.8678393
705,v,1.5,940.2737654
705,dc,-0.15,1009.50387
705,dc,-0.1,1009.50387
706,u,-2.5,81367.04487
706,u,-1.5,1474.930951
706,u,-1,1158.493711
706,u,1,978.3643674
706,u,1.5,970.6422764
706,v,-2.5,1500.164507
706,v,-1.5,1217.871204
706,v,-1,1128.875208
706,v,1,951.1151656
706,v,1.5,931.257475
706,dc,-0.15,1014.103316
706,dc,-0.1,1014.103316
707,u,-2.5,73227.64112
707,u,-1.5,35695.73427
707,u,-1,2537.160165
707,u,1,1045.431519
707,u,1.5,1020.574875
707,v,-2.5,1749.423916
707,v,-1.5,1418.541806
707,v,-1,1314.227668
707,v,1,1105.871263
707,v,1.5,1082.595633
707,dc,-0.15,1179.701041
707,dc,-0.1,1179.701041
708,u,-2.5,6557.342361
708,u,-1.5,3530.942933
708,u,-1,1889.8329
708,u,1,917.7880254
708,u,1.5,895.4513658
708,v,-2.5,1156.744203
708,v,-1.5,1085.335969
708,v,-1,1062.823757
708,v,1,1017.858005
708,v,1.5,1012.834851
708,d4,0.1,1172.095963
708,d4,0.15,1253.72015
708,dc,-0.15,1033.791336
708,dc,-0.1,1033.791336
708,dc,0.1,1033.791336
708,dc,0.15,1033.791336
709,u,-2.5,9670.675854
709,u,-1.5,1422.921821
709,u,-1,1084.902521
709,u,1,885.3281951
709,u,1.5,876.4998062
709,v,-2.5,1063.127796
709,v,-1.5,983.5769804
709,v,-1,958.4977316
709,v,1,908.4045971
709,v,1.5,902.8086603
709,dc,-0.15,926.1547834
709,dc,-0.1,926.1547834
710,u,-2.5,11620.09104
710,u,-1.5,1147.358875
710,u,-1,994.1118083
710,u,1,875.6868422
710,u,1.5,869.7351449
710,v,-2.5,1039.316661
710,v,-1.5,959.0859166
710,v,-1,933.7923128
710,v,1,883.2710273
710,v,1.5,877.6272614
710,dc,-0.15,901.1729262
710,dc,-0.1,901.1729262
711,u,-2.5,22501.44321
711,u,-1.5,9054.04023
711,u,-1,5942.890426
711,u,1,1724.531115
711,u,1.5,1353.86774
711,v,-2.5,3173.015918
711,v,-1.5,3000.81082
711,v,-1,2946.521313
711,v,1,2838.083794
711,v,1.5,2825.970168
711,d4,0.1,3308.639854
711,d4,0.15,3576.344328
711,dc,-0.15,2508.156542
711,dc,-0.1,2617.031386
711,dc,0.1,3212.186842
711,dc,0.15,3420.021361
712,u,-2.5,3554.807251
712,u,-1.5,1527.502776
712,u,-1,1187.138852
712,u,1,953.4131051
712,u,1.5,942.2180297
712,v,-2.5,1077.238057
712,v,-1.5,1035.352015
712,v,-1,1022.146991
712,v,1,995.7713573
712,v,1.5,992.824918
712,d4,0.1,1139.110991
712,d4,0.15,1217.960754
712,dc,-0.15,1005.117397
712,dc,-0.1,1005.117397
712,dc,0.1,1005.117397
712,dc,0.15,1005.117397
713,u,-2.5,3629.355968
713,u,-1.5,2055.901913
713,u,-1,1687.987656
713,u,1,1007.190718
713,u,1.5,980.5448512
713,v,-2.5,1220.780213
713,v,-1.5,1169.99411
713,v,-1,1153.983245
713,v,1,1122.003245
713,v,1.5,1118.430739
713,d4,0.1,1285.212903
713,d4,0.15,1375.271593
713,dc,-0.15,1133.335157
713,dc,-0.1,1133.335157
713,dc,0.1,1133.335157
713,dc,0.15,1133.335157
714,u,-2.5,3793.381038
714,u,-1.5,2195.681861
714,u,-1,1822.707882
714,u,1,1008.791285
714,u,1.5,985.3013588
714,v,-2.5,1214.497742
714,v,-1.5,1163.342432
714,v,-1,1147.215171
714,v,1,1115.002681
714,v,1.5,1111.404203
714,d4,0.1,1281.19547
714,d4,0.15,1373.248233
714,dc,-0.15,1126.416973
714,dc,-0.1,1126.416973
714,dc,0.1,1126.416973
714,dc,0.15,1126.416973
715,u,-2.5,6676.284193
715,u,-1.5,1268.793217
715,u,-1,1082.011194
715,u,1,935.5869934
715,u,1.5,928.1736619
715,v,-2.5,1075.44608
715,v,-1.5,1013.17923
715,v,-1,993.5489372
715,v,1,954.3395129
715,v,1.5,949.9594025
715,d4,0.1,1094.912177
715,dc,-0.15,968.2331252
715,dc,-0.1,968.2331252
715,dc,0.1,968.2331252
716,u,-2.5,2681.3645
716,u,-1.5,1096.805222
716,u,-1,1027.190567
716,u,1,963.4805058
716,u,1.5,961.8816944
716,v,-2.5,1105.419138
716,v,-1.5,1031.254324
716,v,-1,1007.87307
716,v,1,961.1714994
716,v,1.5,955.9544365
716,dc,-0.15,977.3630676
716,dc,-0.1,977.4819666
717,u,-2.5,11874.54696
717,u,-1.5,1149.068061
717,u,-1,1038.991411
717,u,1,944.6422528
717,u,1.5,939.7329554
717,v,-2.5,1103.029571
717,v,-1.5,1023.072652
717,v,-1,997.8653745
717,v,1,947.5165169
717,v,1.5,941.8920131
717,dc,-0.15,965.3573171
717,dc,-0.1,965.3573171
718,u,-2.5,2934.445808
718,u,-1.5,1075.583862
718,u,-1,1006.546691
718,u,1,942.2299417
718,u,1.5,940.2448929
718,v,-2.5,1161.635533
718,v,-1.5,1042.856765
718,v,-1,1005.410483
718,v,1,930.6155137
718,v,1.5,922.2601188
718,dc,-0.15,956.800128
718,dc,-0.1,956.9062658
719,u,-2.5,25109.71946
719,u,-1.5,1469.889803
719,u,-1,1189.452485
719,u,1,981.897746
719,u,1.5,971.287283
719,v,-2.5,1305.224087
719,v,-1.5,1144.549927
719,v,-1,1093.895673
719,v,1,992.719183
719,v,1.5,981.4166911
719,dc,-0.15,1028.570434
719,dc,-0.1,1028.570434
720,u,-2.5,6163.75191
720,u,-1.5,1133.393286
720,u,-1,1046.893352
720,u,1,967.0473429
720,u,1.5,962.7628002
720,v,-2.5,1268.221005
720,v,-1.5,1103.935923
720,v,-1,1052.143286
720,v,1,948.6929993
720,v,1.5,937.1365
720,dc,-0.15,985.0313249
720,dc,-0.1,985.1374982
721,u,-2.5,48821.1868
721,u,-1.5,1258.936656
721,u,-1,1118.518806
721,u,1,996.7454793
721,u,1.5,990.1093118
721,v,-2.5,1390.557692
721,v,-1.5,1178.002266
721,v,-1,1110.991886
721,v,1,977.1457723
721,v,1.5,962.1937354
721,dc,-0.15,1024.573299
721,dc,-0.1,1024.573299
722,u,-2.5,37410.98846
722,u,-1.5,16879.56235
722,u,-1,8556.890908
722,u,1,1104.46733
722,u,1.5,1061.307851
722,v,-2.5,1759.470828
722,v,-1.5,1513.238317
722,v,-1,1435.610874
722,v,1,1280.558306
722,v,1.5,1263.237282
722,dc,-0.15,1335.500205
722,dc,-0.1,1335.500205
723,u,-2.5,6173.771332
723,u,-1.5,1303.505312
723,u,-1,1092.228601
723,u,1,934.4434288
723,u,1.5,926.6401955
723,v,-2.5,1072.869059
723,v,-1.5,1012.675146
723,v,-1,993.6983679
723,v,1,955.7942713
723,v,1.5,951.5599799
723,d4,0.1,1096.051854
723,dc,-0.15,969.2253489
723,dc,-0.1,969.2253489
723,dc,0.1,969.2253489
724,u,-2.5,1767.444163
724,u,-1.5,1029.311248
724,u,-1,975.9861785
724,u,1,923.2943598
724,u,1.5,922.7109598
724,v,-2.5,1060.060911
724,v,-1.5,988.0408915
724,v,-1,965.335807
724,v,1,919.9848135
724,v,1.5,914.9186244
724,dc,-0.15,935.7312712
724,dc,-0.1,935.8390335
725,u,-2.5,5801.983021
725,u,-1.5,1092.858738
725,u,-1,1006.427555
725,u,1,926.6436689
725,u,1.5,922.4403405
725,v,-2.5,1071.972436
725,v,-1.5,998.1402007
725,v,-1,974.8637956
725,v,1,928.3716502
725,v,1.5,923.1779823
725,dc,-0.15,944.604019
725,dc,-0.1,944.6308899
726,u,-2.5,6216.471704
726,u,-1.5,3064.213446
726,u,-1,2328.943875
726,u,1,1193.293762
726,u,1.5,1128.214426
726,v,-2.5,1732.632929
726,v,-1.5,1655.158692
726,v,-1,1630.734108
726,v,1,1581.948595
726,v,1.5,1576.498733
726,d4,-0.1,1393.83263
726,d4,0.1,1859.885296
726,d4,0.15,2016.069445
726,dc,-0.15,1425.089954
726,dc,-0.1,1476.260145
726,dc,0.1,1607.314307
726,dc,0.15,1607.314307
727,u,-2.5,38782.85842
727,u,-1.5,15860.46646
727,u,-1,10580.49416
727,u,1,1303.070255
727,u,1.5,1122.582992
727,v,-2.5,3399.725472
727,v,-1.5,3245.678755
727,v,-1,3197.113874
727,v,1,3100.110684
727,v,1.5,3089.274394
727,d4,0.1,3610.891146
727,d4,0.15,3917.080192
727,dc,-0.15,3134.483153
727,dc,-0.1,3134.483153
727,dc,0.1,3134.483153
727,dc,0.15,3134.483153
728,u,-2.5,62445.40955
728,u,-1.5,33094.05541
728,u,-1,2215.247158
728,u,1,1018.165218
728,u,1.5,991.1759742
728,v,-2.5,1481.900543
728,v,-1.5,1300.668016
728,v,-1,1243.532517
728,v,1,1129.410427
728,v,1.5,1116.661774
728,dc,-0.15,1169.84887
728,dc,-0.1,1169.84887
729,u,-2.5,68407.34836
729,u,-1.5,32168.4451
729,u,-1,23838.77731
729,u,1,1157.912382
729,u,1.5,1097.885867
729,v,-2.5,1883.811638
729,v,-1.5,1679.993599
729,v,-1,1615.737774
729,v,1,1487.393592
729,v,1.5,1473.056179
729,dc,-0.15,1532.871543
729,dc,-0.1,1532.871543
730,u,-2.5,66680.64859
730,u,-1.5,29017.48703
730,u,-1,20355.08883
730,u,1,1434.921428
730,u,1.5,1309.982882
730,v,-2.5,2791.175634
730,v,-1.5,2580.447352
730,v,-1,2514.012998
730,v,1,2381.317437
730,v,1.5,2366.493929
730,d4,-0.15,1957.902093
730,d4,-0.1,2094.127771
730,dc,-0.15,2428.337273
730,dc,-0.1,2428.337273
731,u,-2.5,68683.98229
731,u,-1.5,28073.43041
731,u,-1,18730.80914
731,u,1,1292.979079
731,u,1.5,1130.184945
731,v,-2.5,3117.853406
731,v,-1.5,2899.552626
731,v,-1,2830.73096
731,v,1,2693.266998
731,v,1.5,2677.910809
731,d4,0.1,3143.863422
731,dc,-0.15,2741.976486
731,dc,-0.1,2741.976486
731,dc,0.1,2741.976486
732,u,-2.5,117939.0383
732,u,-1.5,45159.12283
732,u,-1,28423.54018
732,u,1,2905.515806
732,u,1.5,1812.131445
732,v,-2.5,12556.82052
732,v,-1.5,12257.4956
732,v,-1,12163.1302
732,v,1,11974.64535
732,v,1.5,11953.58958
732,d4,0.1,18170.98357
732,d4,0.15,24324.79209
732,dc,-0.15,8178.857309
732,dc,-0.1,9144.548435
732,dc,0.1,17844.25401
732,dc,0.15,23669.18892
733,u,-2.5,125304.9885
733,u,-1.5,54347.46323
733,u,-1,38045.11929
733,u,1,1158.79634
733,u,1.5,1074.024808
733,v,-2.5,2246.044502
733,v,-1.5,1937.114124
733,v,-1,1839.720505
733,v,1,1645.187102
733,v,1.5,1623.455648
733,dc,-0.15,1714.118786
733,dc,-0.1,1714.118786
734,u,-2.5,138083.3999
734,u,-1.5,54405.29275
734,u,-1,35170.69223
734,u,1,2586.72206
734,u,1.5,1910.685538
734,v,-2.5,16922.78659
734,v,-1.5,16591.90448
734,v,-1,16487.59034
734,v,1,16279.23394
734,v,1.5,16255.95831
734,d4,-0.15,8063.325475
734,d4,-0.1,9717.079783
734,d4,0.1,50408.89264
734,dc,-0.15,8389.003039
734,dc,-0.1,9977.953634
734,dc,0.1,49061.67869
735,u,-2.5,185889.4632
735,u,-1.5,3026.731005
735,u,-1,1534.57354
735,u,1,1021.292436
735,u,1.5,1002.931685
735,v,-2.5,1704.822251
735,v,-1.5,1361.292279
735,v,-1,1252.990767
735,v,1,1036.670006
735,v,1.5,1012.504672
735,dc,-0.15,1113.321903
735,dc,-0.1,1113.321903
736,u,-2.5,250742.5542
736,u,-1.5,96304.91833
736,u,-1,60830.37186
736,u,1,2356.872025
736,u,1.5,1703.935557
736,v,-2.5,26967.99201
736,v,-1.5,26491.97974
736,v,-1,26341.91176
736,v,1,26042.16692
736,v,1.5,26008.68223
736,d4,0.1,241647.4745
736,dc,-0.15,11554.35848
736,dc,-0.1,14132.83159
736,dc,0.1,236259.741
737,u,-2.5,276567.7864
737,u,-1.5,132515.3584
737,u,-1,4875.563473
737,u,1,1142.229519
737,u,1.5,1100.420066
737,v,-2.5,2199.037896
737,v,-1.5,1723.025626
737,v,-1,1572.957647
737,v,1,1273.212807
737,v,1.5,1239.728115
737,dc,-0.15,1379.425501
737,dc,-0.1,1379.425501
738,u,-2.5,47315.55414
738,u,-1.5,2978.154962
738,u,-1,1487.956209
738,u,1,932.7904434
738,u,1.5,911.8344827
738,v,-2.5,1291.010482
738,v,-1.5,1142.909028
738,v,-1,1096.218454
738,v,1,1002.958995
738,v,1.5,992.5409198
738,dc,-0.15,1036.004896
738,dc,-0.1,1036.004896
739,u,-2.5,51327.16935
739,u,-1.5,22514.7223
739,u,-1,15886.27712
739,u,1,1087.935642
739,u,1.5,1006.759535
739,v,-2.5,1910.149213
739,v,-1.5,1733.584084
739,v,-1,1677.920031
739,v,1,1566.737
739,v,1.5,1554.316671
739,d4,0.1,1843.10663
739,dc,-0.15,1606.134006
739,dc,-0.1,1606.134006
739,dc,0.1,1606.134006
740,u,-2.5,75412.60828
740,u,-1.5,1550.217125
740,u,-1,1184.349111
740,u,1,923.4438018
740,u,1.5,911.0034016
740,v,-2.5,1284.68355
740,v,-1.5,1106.981728
740,v,-1,1050.959321
740,v,1,939.0605153
740,v,1.5,926.5602266
740,dc,-0.15,978.7111514
740,dc,-0.1,978.7111514
741,u,-2.5,495005.7361
741,u,-1.5,184558.8771
741,u,-1,113290.0437
741,u,1,17885.62576
741,u,1.5,11953.28546
741,v,-2.5,44812.02465
741,v,-1.5,44134.72376
741,v,-1,43921.19738
741,v,1,43494.70112
741,v,1.5,43447.05695
741,d4,0.1,67968.28423
741,d4,0.15,94331.28708
741,dc,-0.15,28661.02611
741,dc,-0.1,32338.51807
741,dc,0.1,67604.86786
741,dc,0.15,93573.30023
742,u,-2.5,19349.40183
742,u,-1.5,7863.636572
742,u,-1,5210.675909
742,u,1,1581.860895
742,u,1.5,1247.132409
742,v,-2.5,2922.707107
742,v,-1.5,2735.626266
742,v,-1,2676.647023
742,v,1,2558.842252
742,v,1.5,2545.682203
742,d4,0.1,2999.845992
742,d4,0.15,3245.813932
742,dc,-0.15,2262.986018
742,dc,-0.1,2363.035231
742,dc,0.1,2906.044509
742,dc,0.15,3094.12476
743,u,-2.5,24789.97203
743,u,-1.5,9901.301103
743,u,-1,6464.951625
743,u,1,1823.813269
743,u,1.5,1365.010078
743,v,-2.5,3428.833929
743,v,-1.5,3230.259413
743,v,-1,3167.656665
743,v,1,3042.614328
743,v,1.5,3028.645767
743,d4,0.1,3575.44831
743,d4,0.15,3879.240525
743,dc,-0.15,2660.666621
743,dc,-0.1,2786.41364
743,dc,0.1,3477.386153
743,dc,0.15,3720.096257
744,u,-2.5,21532.01274
744,u,-1.5,8795.95835
744,u,-1,5855.686447
744,u,1,1468.665054
744,u,1.5,1215.611787
744,v,-2.5,3377.65205
744,v,-1.5,3138.071986
744,v,-1,3062.541798
744,v,1,2911.678275
744,v,1.5,2894.825212
744,d4,0.1,3569.855589
744,d4,0.15,3969.899582
744,dc,-0.15,2482.01917
744,dc,-0.1,2620.641132
744,dc,0.1,3442.961195
744,dc,0.15,3758.878486
745,u,-2.5,35065.11545
745,u,-1.5,13844.95672
745,u,-1,8952.322772
745,u,1,2137.957035
745,u,1.5,1450.263757
745,v,-2.5,4588.67035
745,v,-1.5,4333.107974
745,v,-1,4252.53919
745,v,1,4091.611608
745,v,1.5,4073.634283
745,d4,0.1,5031.033439
745,d4,0.15,5624.902651
745,dc,-0.15,3408.531776
745,dc,-0.1,3619.288906
745,dc,0.1,4896.214525
745,dc,0.15,5399.170047
746,u,-2.5,39295.80597
746,u,-1.5,15814.17662
746,u,-1,10403.13629
746,u,1,1469.50236
746,u,1.5,1228.170332
746,v,-2.5,5583.617713
746,v,-1.5,5300.055985
746,v,-1,5210.660105
746,v,1,5032.101336
746,v,1.5,5012.154419
746,d4,0.1,7433.668831
746,d4,0.15,9626.124709
746,dc,-0.15,3651.26499
746,dc,-0.1,4018.991133
746,dc,0.1,7139.59439
746,dc,0.15,9055.326794
747,u,-2.5,45328.8519
747,u,-1.5,18032.50256
747,u,-1,11744.0488
747,u,1,1645.280009
747,u,1.5,1310.551523
747,v,-2.5,6119.744283
747,v,-1.5,5804.424543
747,v,-1,5705.016609
747,v,1,5506.459826
747,v,1.5,5484.278918
747,d4,0.1,8012.812383
747,d4,0.15,10237.97689
747,dc,-0.15,4019.368175
747,dc,-0.1,4418.752775
747,dc,0.1,7731.521384
747,dc,0.15,9698.883226
748,u,-2.5,54261.86568
748,u,-1.5,20788.05396
748,u,-1,13076.83855
748,u,1,2691.232831
748,u,1.5,2036.095961
748,v,-2.5,6071.849632
748,v,-1.5,5746.343167
748,v,-1,5643.723759
748,v,1,5438.752396
748,v,1.5,5415.854911
748,d4,0.1,6156.161911
748,d4,0.15,6537.839237
748,dc,0.1,6080.902166
748,dc,0.15,6417.984352
749,u,-2.5,66025.25913
749,u,-1.5,25152.6393
749,u,-1,15740.9316
749,u,1,3074.000848
749,u,1.5,2276.200548
749,v,-2.5,7139.776649
749,v,-1.5,6774.850484
749,v,-1,6659.803592
749,v,1,6430.009652
749,v,1.5,6404.339221
749,d4,0.1,7259.867773
749,d4,0.15,7702.093575
749,dc,0.1,7185.47353
749,dc,0.15,7583.70098
750,u,-2.5,58382.75012
750,u,-1.5,22351.0321
750,u,-1,14051.87604
750,u,1,2877.417621
750,u,1.5,2172.943819
750,v,-2.5,6676.164999
750,v,-1.5,6231.794689
750,v,-1,6091.702178
750,v,1,5811.882273
750,v,1.5,5780.623409
750,d4,0.1,6594.853138
750,d4,0.15,6999.65024
750,dc,0.1,6519.59366
750,dc,0.15,6879.795767
751,u,-2.5,84177.1254
751,u,-1.5,31923.00569
751,u,-1,19896.31781
751,u,1,3723.6183
751,u,1.5,2707.055843
751,v,-2.5,8944.910833
751,v,-1.5,8459.418162
751,v,-1,8306.361384
751,v,1,8000.646737
751,v,1.5,7966.495153
751,d4,0.1,9088.048423
751,d4,0.15,9672.378711
751,dc,0.1,9009.120145
751,dc,0.15,9546.301954
752,u,-2.5,96240.97523
752,u,-1.5,36459.75467
752,u,-1,22704.30016
752,u,1,4216.452133
752,u,1.5,3056.106958
752,v,-2.5,10094.29893
752,v,-1.5,9590.572312
752,v,-1,9431.767086
752,v,1,9114.570524
752,v,1.5,9079.136289
752,d4,0.1,10630.34722
752,d4,0.15,11506.44942
752,dc,-0.15,7811.796791
752,dc,-0.1,8228.356207
752,dc,0.1,10530.78364
752,dc,0.15,11344.66413
753,u,-2.5,121812.0705
753,u,-1.5,45952.16221
753,u,-1,28503.9999
753,u,1,5068.326967
753,u,1.5,3599.413645
753,v,-2.5,12541.46477
753,v,-1.5,11887.889
753,v,-1,11681.84223
753,v,1,11270.28569
753,v,1.5,11224.31044
753,d4,0.1,13089.6954
753,d4,0.15,14127.85922
753,dc,-0.15,9690.515105
753,dc,-0.1,10199.96083
753,dc,0.1,12993.10381
753,dc,0.15,13971.29251
754,u,-2.5,3762.058793
754,u,-1.5,1176.932565
754,u,-1,1007.357392
754,u,1,850.7481219
754,u,1.5,841.9721952
754,v,-2.5,950.7727382
754,v,-1.5,914.2624183
754,v,-1,902.7521479
754,v,1,879.761606
754,v,1.5,877.1933175
754,d4,0.1,1016.514324
754,d4,0.15,1091.619269
754,dc,-0.15,887.9081595
754,dc,-0.1,887.9081595
754,dc,0.1,887.9081595
754,dc,0.15,887.9081595
755,u,-2.5,4532.863111
755,u,-1.5,1294.167418
755,u,-1,1055.087779
755,u,1,859.4178612
755,u,1.5,849.1234555
755,v,-2.5,982.6906978
755,v,-1.5,937.1671454
755,v,-1,922.8153567
755,v,1,894.1491839
755,v,1.5,890.946867
755,d4,0.1,1034.051601
755,d4,0.15,1109.906523
755,dc,-0.15,904.3068615
755,dc,-0.1,904.3068615
755,dc,0.1,904.3068615
755,dc,0.15,904.3068615
756,u,-2.5,5494.847327
756,u,-1.5,1527.149592
756,u,-1,1129.535451
756,u,1,867.1072321
756,u,1.5,854.6069029
756,v,-2.5,1008.080932
756,v,-1.5,959.2238347
756,v,-1,943.8211103
756,v,1,913.0558052
756,v,1.5,909.6189928
756,d4,0.1,1055.602525
756,d4,0.15,1132.67576
756,dc,-0.15,923.957297
756,dc,-0.1,923.957297
756,dc,0.1,923.957297
756,dc,0.15,923.957297
757,u,-2.5,14891.15636
757,u,-1.5,1813.2125
757,u,-1,1289.520252
757,u,1,879.6141179
757,u,1.5,858.8218972
757,v,-2.5,1059.432051
757,v,-1.5,1008.645947
757,v,-1,992.6350829
757,v,1,960.6550828
757,v,1.5,957.0825761
757,d4,0.1,1144.621425
757,dc,-0.15,971.9869942
757,dc,-0.1,971.9869942
757,dc,0.1,971.9869942
758,u,-2.5,23825.67844
758,u,-1.5,3016.991839
758,u,-1,1594.852078
758,u,1,908.4909927
758,u,1.5,879.6029949
758,v,-2.5,1159.05053
758,v,-1.5,1093.486747
758,v,-1,1072.817061
758,v,1,1031.531559
758,v,1.5,1026.919528
758,d4,0.1,1226.663979
758,dc,-0.15,1046.160816
758,dc,-0.1,1046.160816
758,dc,0.1,1046.160816
759,u,-2.5,38031.52526
759,u,-1.5,7553.545896
759,u,-1,2010.474982
759,u,1,939.4098482
759,u,1.5,903.0624225
759,v,-2.5,1275.651556
759,v,-1.5,1187.646242
759,v,-1,1159.901622
759,v,1,1104.484691
759,v,1.5,1098.29403
759,dc,-0.15,1124.121331
759,dc,-0.1,1124.121331
760,u,-2.5,1894.136522
760,u,-1.5,1047.798691
760,u,-1,947.0264657
760,u,1,845.3825105
760,u,1.5,839.3690668
760,v,-2.5,913.9072144
760,v,-1.5,888.6343245
760,v,-1,880.6667746
760,v,1,864.7524404
760,v,1.5,862.9746397
760,d4,0.1,989.9680162
760,d4,0.15,1059.717033
760,dc,-0.15,870.3915844
760,dc,-0.1,870.3915844
760,dc,0.1,870.3915844
760,dc,0.15,870.3915844
761,u,-2.5,2061.805924
761,u,-1.5,1084.077147
761,u,-1,963.7354486
761,u,1,848.5432134
761,u,1.5,841.9341136
761,v,-2.5,924.966351
761,v,-1.5,896.7718994
761,v,-1,887.8832957
761,v,1,870.1292546
761,v,1.5,868.145939
761,d4,0.1,996.3723668
761,d4,0.15,1066.387138
761,dc,-0.15,876.4202871
761,dc,-0.1,876.4202871
761,dc,0.1,876.4202871
761,dc,0.15,876.4202871
762,u,-2.5,2354.147575
762,u,-1.5,1155.604584
762,u,-1,993.4660508
762,u,1,852.8914022
762,u,1.5,845.2564723
762,v,-2.5,939.4172052
762,v,-1.5,908.3349661
762,v,-1,898.5359565
762,v,1,878.9634761
762,v,1.5,876.7770215
762,d4,0.1,1006.581494
762,d4,0.15,1077.093089
762,dc,-0.15,885.8988611
762,dc,-0.1,885.8988611
762,dc,0.1,885.8988611
762,dc,0.15,885.8988611
763,u,-2.5,1418.105078
763,u,-1.5,987.2057475
763,u,-1,924.4612784
763,u,1,854.0793434
763,u,1.5,849.6539387
763,v,-2.5,904.6111022
763,v,-1.5,885.724976
763,v,-1,879.770922
763,v,1,867.8783317
763,v,1.5,866.5498027
763,d4,0.1,991.3509955
763,d4,0.15,1060.810815
763,dc,-0.15,872.0923961
763,dc,-0.1,872.0923961
763,dc,0.1,872.1175317
763,dc,0.15,872.2240435
764,u,-2.5,1454.910988
764,u,-1.5,1011.240566
764,u,-1,936.0530833
764,u,1,855.0593575
764,u,1.5,850.0977255
764,v,-2.5,910.2770335
764,v,-1.5,890.1239816
764,v,-1,883.7705156
764,v,1,871.0801424
764,v,1.5,869.6624925
764,d4,0.1,994.8547573
764,d4,0.15,1064.365243
764,dc,-0.15,875.5768961
764,dc,-0.1,875.5768961
764,dc,0.1,875.5768961
764,dc,0.15,875.5768961
765,u,-2.5,1574.971463
765,u,-1.5,1017.828648
765,u,-1,939.9392222
765,u,1,856.9475197
765,u,1.5,851.8991657
765,v,-2.5,913.7305596
765,v,-1.5,892.8533099
765,v,-1,886.2715327
765,v,1,873.1251323
765,v,1.5,871.6565394
765,d4,0.1,997.3477198
765,d4,0.15,1067.051424
765,dc,-0.15,877.7834764
765,dc,-0.1,877.7834764
765,dc,0.1,877.7834764
765,dc,0.15,877.7834764
766,u,-2.5,1595.509679
766,u,-1.5,1056.018411
766,u,-1,958.610055
766,u,1,860.6912353
766,u,1.5,854.9638555
766,v,-2.5,923.7438879
766,v,-1.5,901.1836928
766,v,-1,894.071349
766,v,1,879.8651982
766,v,1.5,878.2782198
766,d4,0.1,1005.091942
766,d4,0.15,1075.239069
766,dc,-0.15,884.8990582
766,dc,-0.1,884.8990582
766,dc,0.1,884.8990582
766,dc,0.15,884.8990582
767,u,-2.5,1830.671002
767,u,-1.5,1095.893035
767,u,-1,976.517677
767,u,1,863.7090985
767,u,1.5,857.3325265
767,v,-2.5,933.4230718
767,v,-1.5,908.7616765
767,v,-1,900.9869068
767,v,1,885.4576306
767,v,1.5,883.722845
767,d4,0.1,1011.578792
767,d4,0.15,1082.024615
767,dc,-0.15,890.9603317
767,dc,-0.1,890.9603317
767,dc,0.1,890.9603317
767,dc,0.15,890.9603317
768,u,-2.5,1254.499895
768,u,-1.5,969.6035353
768,u,-1,917.6131511
768,u,1,857.0871012
768,u,1.5,853.2832138
768,v,-2.5,902.7513192
768,v,-1.5,885.4191013
768,v,-1,879.9549335
768,v,1,869.0408389
768,v,1.5,867.8216183
768,d4,0.1,991.6955319
768,d4,0.15,1060.788025
768,dc,-0.15,872.9081795
768,dc,-0.1,872.9081795
768,dc,0.1,872.925023
768,dc,0.15,873.0301166
769,u,-2.5,1321.813164
769,u,-1.5,988.51136
769,u,-1,927.7051346
769,u,1,859.2379899
769,u,1.5,854.9081944
769,v,-2.5,909.9357695
769,v,-1.5,890.7529919
769,v,-1,884.7054152
769,v,1,872.6260236
769,v,1.5,871.2766269
769,d4,0.1,995.8588014
769,d4,0.15,1065.099912
769,dc,-0.15,876.9062799
769,dc,-0.1,876.9062799
769,dc,0.1,876.9062799
769,dc,0.15,876.9062799
770,u,-2.5,1485.711637
770,u,-1.5,1029.530324
770,u,-1,948.1179829
770,u,1,862.7490146
770,u,1.5,857.5961547
770,v,-2.5,920.8109687
770,v,-1.5,899.544682
770,v,-1,892.8402568
770,v,1,879.44888
770,v,1.5,877.9529205
770,d4,0.1,1003.55824
770,d4,0.15,1073.127063
770,dc,-0.15,884.1940299
770,dc,-0.1,884.1940299
770,dc,0.1,884.1940299
770,dc,0.15,884.1940299
771,u,-2.5,1114.598974
771,u,-1.5,942.0144729
771,u,-1,904.8462781
771,u,1,858.9083165
771,u,1.5,857.259844
771,v,-2.5,897.1631692
771,v,-1.5,882.1228609
771,v,-1,877.3812423
771,v,1,867.9103629
771,v,1.5,866.8523648
771,d4,0.1,990.0686994
771,d4,0.15,1059.047928
771,dc,-0.1,871.2663093
771,dc,0.1,871.3784859
771,dc,0.15,871.4836647
772,u,-2.5,1176.465307
772,u,-1.5,955.8850427
772,u,-1,912.7126237
772,u,1,860.7888382
772,u,1.5,858.2509895
772,v,-2.5,903.2717058
772,v,-1.5,886.5978167
772,v,-1,881.3411942
772,v,1,870.8416492
772,v,1.5,869.6687382
772,d4,0.1,993.4475072
772,d4,0.15,1062.532306
772,dc,-0.15,874.1264932
772,dc,-0.1,874.5620968
772,dc,0.1,874.6508379
772,dc,0.15,874.7557906
773,u,-2.5,1276.439448
773,u,-1.5,975.216109
773,u,-1,923.3169526
773,u,1,863.1707381
773,u,1.5,859.4425661
773,v,-2.5,910.8640858
773,v,-1.5,892.2626848
773,v,-1,886.3983934
773,v,1,874.6850945
773,v,1.5,873.3765942
773,d4,0.1,997.8684401
773,d4,0.15,1067.104511
773,dc,-0.15,878.8356281
773,dc,-0.1,878.8356281
773,dc,0.1,878.8774511
773,dc,0.15,878.9822725
774,u,-2.5,2147.951038
774,u,-1.5,1091.555735
774,u,-1,974.3174781
774,u,1,871.7061301
774,u,1.5,866.3050532
774,v,-2.5,976.8817509
774,v,-1.5,929.4097852
774,v,-1,914.4437383
774,v,1,884.5506501
774,v,1.5,881.2112736
774,d4,0.1,1018.305041
774,d4,0.15,1090.367551
774,dc,-0.15,895.1430774
774,dc,-0.1,895.1430774
774,dc,0.1,895.1430774
774,dc,0.15,895.1430774
775,u,-2.5,2152.818338
775,u,-1.5,1262.022773
775,u,-1,1055.321779
775,u,1,897.0398313
775,u,1.5,889.3515241
775,v,-2.5,1022.7711
775,v,-1.5,970.2645902
775,v,-1,953.7113492
775,v,1,920.6480097
775,v,1.5,916.9544824
775,d4,0.1,1061.039602
775,d4,0.15,1136.7224
775,dc,-0.15,932.3637955
775,dc,-0.1,932.3637955
775,dc,0.1,932.3637955
775,dc,0.15,932.3637955
776,u,-2.5,2373.199722
776,u,-1.5,1136.673125
776,u,-1,995.9208836
776,u,1,880.0464504
776,u,1.5,874.1933284
776,v,-2.5,996.5296466
776,v,-1.5,943.9224842
776,v,-1,927.3375114
776,v,1,894.2107907
776,v,1.5,890.5101831
776,d4,0.1,1030.474549
776,d4,0.15,1103.439671
776,dc,-0.15,905.9490353
776,dc,-0.1,905.9490353
776,dc,0.1,905.9490353
776,dc,0.15,905.9490353
777,u,-2.5,2822.238592
777,u,-1.5,1037.636391
777,u,-1,953.385282
777,u,1,877.0130325
777,u,1.5,872.6110571
777,v,-2.5,985.3933693
777,v,-1.5,932.3108933
777,v,-1,915.5760728
777,v,1,882.1500473
777,v,1.5,878.4160041
777,d4,0.1,1017.876184
777,d4,0.15,1090.364952
777,dc,-0.15,893.9943486
777,dc,-0.1,893.9943486
777,dc,0.1,894.2183701
777,dc,0.15,894.3332693
778,u,-2.5,2914.354889
778,u,-1.5,1039.498122
778,u,-1,954.5607505
778,u,1,877.7587662
778,u,1.5,873.3560347
778,v,-2.5,988.5598349
778,v,-1.5,934.1116676
778,v,-1,916.9462982
778,v,1,882.6602971
778,v,1.5,878.8301855
778,d4,0.1,1018.709839
778,d4,0.15,1091.209786
778,dc,-0.15,894.8093254
778,dc,-0.1,894.8093254
778,dc,0.1,895.0370803
778,dc,0.15,895.1519943
779,u,-2.5,2565.57894
779,u,-1.5,1134.505286
779,u,-1,986.8393183
779,u,1,867.2360121
779,u,1.5,861.1141805
779,v,-2.5,991.8217879
779,v,-1.5,935.0084858
779,v,-1,917.0974823
779,v,1,881.3221562
779,v,1.5,877.3256711
779,d4,0.1,1015.207742
779,d4,0.15,1086.023983
779,dc,-0.15,893.9989174
779,dc,-0.1,893.9989174
779,dc,0.1,893.9989174
779,dc,0.15,893.9989174
780,u,-2.5,2314.362731
780,u,-1.5,1310.837513
780,u,-1,1063.317992
780,u,1,887.5294304
780,u,1.5,879.1854023
780,v,-2.5,1024.267686
780,v,-1.5,967.2353562
780,v,-1,949.255302
780,v,1,913.3420544
780,v,1.5,909.330162
780,d4,0.1,1052.16062
780,d4,0.15,1126.172619
780,dc,-0.15,926.0676872
780,dc,-0.1,926.0676872
780,dc,0.1,926.0676872
780,dc,0.15,926.0676872
781,u,-2.5,3136.733461
781,u,-1.5,1047.409431
781,u,-1,958.8730833
781,u,1,879.7702705
781,u,1.5,875.3380945
781,v,-2.5,996.9992355
781,v,-1.5,939.0676877
781,v,-1,920.8041452
781,v,1,884.3246599
781,v,1.5,880.2495128
781,d4,0.1,1021.146762
781,d4,0.15,1093.685671
781,dc,-0.15,897.2509355
781,dc,-0.1,897.2509355
781,dc,0.1,897.4239022
781,dc,0.15,897.5388674
782,u,-2.5,2248.243998
782,u,-1.5,1496.029625
782,u,-1,1168.789971
782,u,1,895.536917
782,u,1.5,883.3781083
782,v,-2.5,1057.085262
782,v,-1.5,996.5345448
782,v,-1,977.445281
782,v,1,939.316505
782,v,1.5,935.0571145
782,d4,0.1,1081.150443
782,d4,0.15,1156.571527
782,dc,-0.15,952.8271963
782,dc,-0.1,952.8271963
782,dc,0.1,952.8271963
782,dc,0.15,952.8271963
783,u,-2.5,2685.602069
783,u,-1.5,1371.008963
783,u,-1,1077.393161
783,u,1,884.4028379
783,u,1.5,875.4680149
783,v,-2.5,1038.077013
783,v,-1.5,972.8935352
783,v,-1,952.3437439
783,v,1,911.2977197
783,v,1.5,906.7124415
783,d4,0.1,1050.422008
783,d4,0.15,1123.457598
783,dc,-0.15,925.8421195
783,dc,-0.1,925.8421195
783,dc,0.1,925.8421195
783,dc,0.15,925.8421195
784,u,-2.5,2986.314477
784,u,-1.5,1027.919701
784,u,-1,956.9098901
784,u,1,893.5650862
784,u,1.5,890.8186498
784,v,-2.5,1022.717802
784,v,-1.5,955.8400509
784,v,-1,934.7561216
784,v,1,892.6432136
784,v,1.5,887.9387531
784,d4,0.1,1033.818173
784,dc,-0.15,907.211573
784,dc,-0.1,907.3295577
784,dc,0.1,907.8019298
785,u,-2.5,2398.226955
785,u,-1.5,1497.370738
785,u,-1,1286.132842
785,u,1,906.8816745
785,u,1.5,889.1932444
785,v,-2.5,1104.184184
785,v,-1.5,1036.605381
785,v,-1,1015.300437
785,v,1,972.7460769
785,v,1.5,967.9923015
785,d4,0.1,1118.921503
785,d4,0.15,1196.027942
785,dc,-0.15,984.9061318
785,dc,-0.1,987.8249462
785,dc,0.1,987.8249462
785,dc,0.15,987.8249462
786,u,-2.5,3345.320804
786,u,-1.5,1032.443033
786,u,-1,959.0441906
786,u,1,894.1024209
786,u,1.5,891.1959433
786,v,-2.5,1024.821435
786,v,-1.5,957.180764
786,v,-1,935.856316
786,v,1,893.2629975
786,v,1.5,888.50487
786,d4,0.1,1034.629394
786,dc,-0.15,908.0015369
786,dc,-0.1,908.1195382
786,dc,0.1,908.5919791
787,u,-2.5,3903.01604
787,u,-1.5,1026.626401
787,u,-1,951.3378525
787,u,1,884.8874558
787,u,1.5,882.0098276
787,v,-2.5,1022.578409
787,v,-1.5,951.0921339
787,v,-1,928.5553182
787,v,1,883.5404238
787,v,1.5,878.5117805
787,d4,0.1,1023.297281
787,dc,-0.15,899.1470699
787,dc,-0.1,899.2617294
787,dc,0.1,899.7207658
788,u,-2.5,3086.07814
788,u,-1.5,1840.068229
788,u,-1,1549.048525
788,u,1,937.3081439
788,u,1.5,916.7898502
788,v,-2.5,1181.165319
788,v,-1.5,1098.558263
788,v,-1,1072.515502
788,v,1,1020.497854
788,v,1.5,1014.686929
788,d4,0.1,1178.992295
788,d4,0.15,1261.821736
788,dc,-0.15,1038.92998
788,dc,-0.1,1038.92998
788,dc,0.1,1038.92998
788,dc,0.15,1038.92998
789,u,-2.5,3114.606831
789,u,-1.5,1785.393083
789,u,-1,1474.42658
789,u,1,947.8180191
789,u,1.5,921.7749065
789,v,-2.5,1224.120921
789,v,-1.5,1138.243141
789,v,-1,1111.169249
789,v,1,1057.092026
789,v,1.5,1051.051024
789,d4,0.1,1219.744803
789,d4,0.15,1304.624219
789,dc,-0.15,1060.944065
789,dc,-0.1,1076.253949
789,dc,0.1,1076.253949
789,dc,0.15,1076.253949
790,u,-2.5,3484.42631
790,u,-1.5,2027.679534
790,u,-1,1687.944603
790,u,1,932.6834885
790,u,1.5,911.2676796
790,v,-2.5,1196.185706
790,v,-1.5,1105.219588
790,v,-1,1076.541542
790,v,1,1019.260194
790,v,1.5,1012.861257
790,d4,0.1,1177.994438
790,d4,0.15,1259.74781
790,dc,-0.15,1039.557479
790,dc,-0.1,1039.557479
790,dc,0.1,1039.557479
790,dc,0.15,1039.557479
791,u,-2.5,3500.177157
791,u,-1.5,1947.00695
791,u,-1,1584.119717
791,u,1,947.4494945
791,u,1.5,918.8781717
791,v,-2.5,1254.058095
791,v,-1.5,1159.535963
791,v,-1,1129.736846
791,v,1,1070.216276
791,v,1.5,1063.567195
791,d4,0.1,1235.281071
791,d4,0.15,1320.39757
791,dc,-0.15,1091.307015
791,dc,-0.1,1091.307015
791,dc,0.1,1091.307015
791,dc,0.15,1091.307015
792,u,-2.5,3642.621609
792,u,-1.5,2101.945403
792,u,-1,1624.723276
792,u,1,903.803479
792,u,1.5,883.2635327
792,v,-2.5,1124.174917
792,v,-1.5,1055.373629
792,v,-1,1033.683284
792,v,1,990.3591254
792,v,1.5,985.5193553
792,d4,0.1,1139.107369
792,d4,0.15,1217.628109
792,dc,-0.15,1005.710768
792,dc,-0.1,1005.710768
792,dc,0.1,1005.710768
792,dc,0.15,1005.710768
793,u,-2.5,4301.205853
793,u,-1.5,2474.868712
793,u,-1,1476.223766
793,u,1,902.6174036
793,u,1.5,884.3650439
793,v,-2.5,1123.897845
793,v,-1.5,1048.158682
793,v,-1,1024.281097
793,v,1,976.5881595
793,v,1.5,971.2603502
793,d4,0.1,1124.589571
793,d4,0.15,1201.678143
793,dc,-0.15,993.4878512
793,dc,-0.1,993.4878512
793,dc,0.1,993.4878512
793,dc,0.15,993.4878512
794,u,-2.5,5417.335563
794,u,-1.5,2757.104854
794,u,-1,2137.953947
794,u,1,961.2523255
794,u,1.5,921.0904253
794,v,-2.5,1371.189764
794,v,-1.5,1279.068789
794,v,-1,1250.026663
794,v,1,1192.018102
794,v,1.5,1185.537928
794,d4,0.1,1379.196557
794,d4,0.15,1478.783184
794,dc,-0.15,1212.57307
794,dc,-0.1,1212.57307
794,dc,0.1,1212.57307
794,dc,0.15,1212.57307
795,u,-2.5,16544.00499
795,u,-1.5,7202.646368
795,u,-1,5040.124169
795,u,1,1130.695993
795,u,1.5,1021.282078
795,v,-2.5,3174.069471
795,v,-1.5,3020.655304
795,v,-1,2972.289841
795,v,1,2875.684968
795,v,1.5,2864.893174
795,d4,0.1,4190.639179
795,d4,0.15,5361.355636
795,dc,-0.15,2187.058245
795,dc,-0.1,2372.629013
795,dc,0.1,3908.113882
795,dc,0.15,4449.966403
796,u,-2.5,1908.965463
796,u,-1.5,1245.755822
796,u,-1,1002.299007
796,u,1,855.6617074
796,u,1.5,849.3766206
796,v,-2.5,912.0864375
796,v,-1.5,896.5846394
796,v,-1,891.6975311
796,v,1,881.9360515
796,v,1.5,880.8455903
796,d4,0.1,1006.116546
796,d4,0.15,1076.610737
796,dc,-0.15,885.3949702
796,dc,-0.1,885.3949702
796,dc,0.1,885.3949702
796,dc,0.15,885.3949702
797,u,-2.5,1783.138636
797,u,-1.5,1280.625824
797,u,-1,1089.821171
797,u,1,862.7659577
797,u,1.5,853.7640525
797,v,-2.5,934.68596
797,v,-1.5,918.395951
797,v,-1,913.2603508
797,v,1,903.0025351
797,v,1.5,901.8566278
797,d4,0.1,1029.563098
797,d4,0.15,1101.513745
797,dc,-0.15,906.6373274
797,dc,-0.1,906.6373274
797,dc,0.1,906.6373274
797,dc,0.15,906.6373274
798,u,-2.5,2254.0995
798,u,-1.5,1513.237448
798,u,-1,1340.108923
798,u,1,871.9706523
798,u,1.5,859.8470624
798,v,-2.5,972.5329036
798,v,-1.5,951.8431763
798,v,-1,945.3205176
798,v,1,932.2922001
798,v,1.5,930.8367982
798,d4,0.1,1064.771908
798,d4,0.15,1139.876013
798,dc,-0.15,936.9087023
798,dc,-0.1,936.9087023
798,dc,0.1,936.9087023
798,dc,0.15,936.9087023
799,u,-2.5,2190.333952
799,u,-1.5,1401.021564
799,u,-1,1215.760442
799,u,1,883.8806608
799,u,1.5,867.2390979
799,v,-2.5,1003.352007
799,v,-1.5,981.9246112
799,v,-1,975.1693945
799,v,1,961.676567
799,v,1.5,960.1692744
799,d4,0.1,1096.88218
799,d4,0.15,1173.563764
799,dc,-0.15,948.219389
799,dc,-0.1,966.4576653
799,dc,0.1,966.4576653
799,dc,0.15,966.4576653
800,u,-2.5,3001.478135
800,u,-1.5,1752.45372
800,u,-1,1460.453076
800,u,1,905.777111
800,u,1.5,880.6700304
800,v,-2.5,1108.850326
800,v,-1.5,1081.070512
800,v,-1,1072.312627
800,v,1,1054.819683
800,v,1.5,1052.865535
800,d4,0.1,1209.728777
800,d4,0.15,1298.060199
800,dc,-0.15,1055.051765
800,dc,-0.1,1061.018197
800,dc,0.1,1061.018197
800,dc,0.15,1061.018197
801,u,-2.5,5771.569083
801,u,-1.5,2714.93587
801,u,-1,2002.245269
801,u,1,1023.785864
801,u,1.5,959.5028693
801,v,-2.5,1352.872123
801,v,-1.5,1318.677261
801,v,-1,1307.896964
801,v,1,1286.364466
801,v,1.5,1283.959057
801,d4,0.1,1454.316696
801,d4,0.15,1548.562028
801,dc,0.1,1380.693375
801,dc,0.15,1431.568743
802,u,-2.5,4994.87169
802,u,-1.5,2464.394233
802,u,-1,1874.148206
802,u,1,1010.906594
802,u,1.5,939.9231648
802,v,-2.5,1361.343474
802,v,-1.5,1318.608676
802,v,-1,1305.136072
802,v,1,1278.225978
802,v,1.5,1275.219834
802,d4,0.1,1479.267269
802,d4,0.15,1595.495301
802,dc,-0.15,1171.334665
802,dc,-0.1,1206.143728
802,dc,0.1,1390.72477
802,dc,0.15,1453.079701
803,u,-2.5,9363.176136
803,u,-1.5,4068.316989
803,u,-1,2837.294376
803,u,1,1154.920423
803,u,1.5,1045.489911
803,v,-2.5,1717.602727
803,v,-1.5,1659.540873
803,v,-1,1641.23625
803,v,1,1604.674711
803,v,1.5,1600.590397
803,d4,0.1,1811.18583
803,d4,0.15,1925.003051
803,dc,0.1,1737.596282
803,dc,0.15,1808.062601
804,u,-2.5,9279.970084
804,u,-1.5,4037.124037
804,u,-1,2818.114388
804,u,1,1151.902687
804,u,1.5,1043.458227
804,v,-2.5,1721.77592
804,v,-1.5,1657.00208
804,v,-1,1636.581431
804,v,1,1595.793355
804,v,1.5,1591.236893
804,d4,0.1,1800.517308
804,d4,0.15,1912.205201
804,dc,0.1,1727.744131
804,dc,0.15,1796.638336
805,u,-2.5,17478.22864
805,u,-1.5,7100.361881
805,u,-1,4694.834835
805,u,1,1422.607318
805,u,1.5,1211.866504
805,v,-2.5,2437.737076
805,v,-1.5,2368.736274
805,v,-1,2346.98303
805,v,1,2303.533237
805,v,1.5,2298.679432
805,d4,0.1,2584.777331
805,d4,0.15,2740.875
805,dc,0.1,2512.054239
805,dc,0.15,2625.386482
806,u,-2.5,1964.331249
806,u,-1.5,1334.63828
806,u,-1,1187.065375
806,u,1,854.0046631
806,u,1.5,840.4159213
806,v,-2.5,960.6997585
806,v,-1.5,944.8351791
806,v,-1,939.8337001
806,v,1,929.8437773
806,v,1.5,928.7277965
806,d4,0.1,1066.42552
806,d4,0.15,1144.787781
806,dc,-0.15,933.3836435
806,dc,-0.1,933.3836435
806,dc,0.1,933.3836435
806,dc,0.15,933.3836435
807,u,-2.5,2071.634071
807,u,-1.5,1383.764938
807,u,-1,1222.679513
807,u,1,857.3927107
807,u,1.5,842.3358712
807,v,-2.5,980.1357099
807,v,-1.5,963.3787575
807,v,-1,958.0959484
807,v,1,947.5440985
807,v,1.5,946.3653445
807,d4,0.1,1088.076907
807,d4,0.15,1168.851721
807,dc,-0.15,951.28308
807,dc,-0.1,951.28308
807,dc,0.1,951.28308
807,dc,0.15,951.28308
808,u,-2.5,2162.192171
808,u,-1.5,1387.664805
808,u,-1,1206.038592
808,u,1,866.7932044
808,u,1.5,848.0868907
808,v,-2.5,1017.266525
808,v,-1.5,999.2532899
808,v,-1,993.5744242
808,v,1,982.2314935
808,v,1.5,980.9643673
808,d4,0.1,1128.759109
808,d4,0.15,1213.172519
808,dc,-0.15,935.2028807
808,dc,-0.1,962.0933266
808,dc,0.1,986.2507894
808,dc,0.15,986.2507894
809,u,-2.5,3494.153168
809,u,-1.5,2327.000701
809,u,-1,1629.326257
809,u,1,851.4381989
809,u,1.5,841.2794539
809,v,-2.5,957.8517851
809,v,-1.5,934.5343422
809,v,-1,927.1832679
809,v,1,912.5002783
809,v,1.5,910.8600319
809,d4,0.1,1048.20792
809,d4,0.15,1124.955774
809,dc,-0.15,917.7031031
809,dc,-0.1,917.7031031
809,dc,0.1,917.7031031
809,dc,0.15,917.7031031
810,u,-2.5,2938.860459
810,u,-1.5,1666.702513
810,u,-1,1368.959458
810,u,1,908.194164
810,u,1.5,871.8733105
810,v,-2.5,1114.286103
810,v,-1.5,1089.842123
810,v,-1,1082.135896
810,v,1,1066.743527
810,v,1.5,1065.024035
810,d4,0.1,1235.471062
810,d4,0.15,1333.781474
810,dc,-0.1,1008.695208
810,dc,0.1,1151.3989
810,dc,0.15,1198.921541
811,u,-2.5,3487.056025
811,u,-1.5,1860.162905
811,u,-1,1479.785266
811,u,1,940.8206443
811,u,1.5,890.3055906
811,v,-2.5,1149.725775
811,v,-1.5,1121.298551
811,v,-1,1112.336563
811,v,1,1094.435945
811,v,1.5,1092.436255
811,d4,0.1,1256.998778
811,d4,0.15,1350.042566
811,dc,0.1,1178.052761
811,dc,0.15,1223.938938
812,u,-2.5,5380.068709
812,u,-1.5,2569.946739
812,u,-1,1914.966768
812,u,1,1016.367815
812,u,1.5,949.5968124
812,v,-2.5,1332.721704
812,v,-1.5,1292.982783
812,v,-1,1280.454662
812,v,1,1255.43107
812,v,1.5,1252.635669
812,d4,0.1,1434.206599
812,d4,0.15,1535.041637
812,dc,0.1,1357.143908
812,dc,0.15,1412.135726
813,u,-2.5,13089.49641
813,u,-1.5,6684.840512
813,u,-1,1174.807264
813,u,1,857.4843857
813,u,1.5,851.018719
813,v,-2.5,985.6695907
813,v,-1.5,934.7295749
813,v,-1,918.670188
813,v,1,886.5932693
813,v,1.5,883.0099357
813,dc,-0.15,897.9595231
813,dc,-0.1,897.9595231
814,u,-2.5,8512.488531
814,u,-1.5,3743.125464
814,u,-1,2634.519093
814,u,1,1119.652617
814,u,1.5,1021.172562
814,v,-2.5,1630.78478
814,v,-1.5,1575.887096
814,v,-1,1558.580012
814,v,1,1524.010951
814,v,1.5,1520.149218
814,d4,0.1,1731.341457
814,d4,0.15,1846.702406
814,dc,0.1,1656.074014
814,dc,0.15,1726.835723
815,u,-2.5,20526.98974
815,u,-1.5,8233.698187
815,u,-1,5387.943012
815,u,1,1524.226338
815,u,1.5,1276.282903
815,v,-2.5,2749.097962
815,v,-1.5,2651.427667
815,v,-1,2620.636058
815,v,1,2559.133091
815,v,1.5,2552.262554
815,d4,0.1,2883.823191
815,d4,0.15,3062.34593
815,dc,0.1,2810.270981
815,dc,0.15,2945.374531
816,u,-2.5,1394.270562
816,u,-1.5,1095.775481
816,u,-1,1025.357544
816,u,1,852.4434726
816,u,1.5,846.0196132
816,v,-2.5,904.140454
816,v,-1.5,893.4615417
816,v,-1,890.0948999
816,v,1,883.3703908
816,v,1.5,882.6191914
816,d4,0.1,1007.429303
816,d4,0.15,1078.545367
816,dc,-0.15,880.6930593
816,dc,-0.1,885.7531782
816,dc,0.1,885.7531782
816,dc,0.15,885.7531782
817,u,-2.5,1486.366104
817,u,-1.5,1116.514425
817,u,-1,1029.136351
817,u,1,858.7880984
817,u,1.5,849.9019216
817,v,-2.5,926.5654301
817,v,-1.5,914.0746254
817,v,-1,910.1367651
817,v,1,902.2713076
817,v,1.5,901.3926522
817,d4,0.1,1029.364059
817,d4,0.15,1102.202809
817,dc,-0.1,893.5431745
817,dc,0.1,905.0583829
817,dc,0.15,905.0583829
818,u,-2.5,1508.626045
818,u,-1.5,1130.814036
818,u,-1,1041.63991
818,u,1,858.8729156
818,u,1.5,849.9952811
818,v,-2.5,926.9455542
818,v,-1.5,914.283242
818,v,-1,910.291312
818,v,1,902.3178563
818,v,1.5,901.4271363
818,d4,0.1,1029.448876
818,d4,0.15,1102.287626
818,dc,-0.1,902.5212852
818,dc,0.1,905.1432
818,dc,0.15,905.1432
819,u,-2.5,1596.258675
819,u,-1.5,1217.294527
819,u,-1,1120.528114
819,u,1,855.348639
819,u,1.5,848.2809141
819,v,-2.5,916.5611991
819,v,-1.5,903.8341968
819,v,-1,899.8218727
819,v,1,891.8076817
819,v,1.5,890.9124112
819,d4,0.1,1017.683453
819,d4,0.15,1089.690688
819,dc,-0.15,894.6474598
819,dc,-0.1,894.6474598
819,dc,0.1,894.6474598
819,dc,0.15,894.6474598
820,u,-2.5,1544.800437
820,u,-1.5,1156.983775
820,u,-1,1065.606037
820,u,1,858.5528942
820,u,1.5,849.959072
820,v,-2.5,925.8426551
820,v,-1.5,912.9629216
820,v,-1,908.9024473
820,v,1,900.7920814
820,v,1.5,899.8860671
820,d4,0.1,1027.715125
820,d4,0.15,1100.388032
820,dc,-0.15,897.2352467
820,dc,-0.1,903.6659384
820,dc,0.1,903.6659384
820,dc,0.15,903.6659384
821,u,-2.5,1556.067054
821,u,-1.5,1152.031084
821,u,-1,1056.735734
821,u,1,860.5337223
821,u,1.5,851.0624693
821,v,-2.5,933.3959152
821,v,-1.5,920.1918071
821,v,-1,916.0290703
821,v,1,907.7144458
821,v,1.5,906.7856136
821,d4,0.1,1035.835163
821,d4,0.15,1109.234199
821,dc,-0.1,910.3274628
821,dc,0.1,910.6606805
821,dc,0.15,910.6606805
822,u,-2.5,1606.50844
822,u,-1.5,1183.936402
822,u,-1,1084.436103
822,u,1,860.7230199
822,u,1.5,851.3030683
822,v,-2.5,934.2442884
822,v,-1.5,920.6574042
822,v,-1,916.3739931
822,v,1,907.8183345
822,v,1.5,906.8625763
822,d4,0.1,1036.02446
822,d4,0.15,1109.423496
822,dc,-0.15,905.9327354
822,dc,-0.1,910.8499782
822,dc,0.1,910.8499782
822,dc,0.15,910.8499782
823,u,-2.5,1863.48024
823,u,-1.5,1435.867925
823,u,-1,1064.021347
823,u,1,852.9638915
823,u,1.5,847.3730429
823,v,-2.5,908.9785798
823,v,-1.5,895.1971756
823,v,-1,890.85244
823,v,1,882.1742923
823,v,1.5,881.2048507
823,d4,0.1,1007.065013
823,d4,0.15,1078.256525
823,dc,-0.15,885.2493392
823,dc,-0.1,885.2493392
823,dc,0.1,885.2493392
823,dc,0.15,885.2493392
824,u,-2.5,1640.805697
824,u,-1.5,1207.297373
824,u,-1,1105.340068
824,u,1,860.5895749
824,u,1.5,851.3492336
824,v,-2.5,933.8108462
824,v,-1.5,919.9994094
824,v,-1,915.6452057
824,v,1,906.9481464
824,v,1.5,905.9765923
824,d4,0.1,1035.048209
824,d4,0.15,1108.346679
824,dc,-0.15,910.0298945
824,dc,-0.1,910.0298945
824,dc,0.1,910.0298945
824,dc,0.15,910.0298945
825,u,-2.5,1664.133842
825,u,-1.5,1206.058002
825,u,-1,1098.228251
825,u,1,863.2313247
825,u,1.5,852.8416185
825,v,-2.5,944.2116409
825,v,-1.5,929.9277351
825,v,-1,925.4245804
825,v,1,916.4300075
825,v,1.5,915.4252179
825,d4,0.1,1046.241203
825,d4,0.15,1120.571438
825,dc,-0.15,910.7957565
825,dc,-0.1,919.6171777
825,dc,0.1,919.6171777
825,dc,0.15,919.6171777
826,u,-2.5,1820.231677
826,u,-1.5,1239.453776
826,u,-1,1102.549693
826,u,1,874.9891927
826,u,1.5,860.2292751
826,v,-2.5,987.9094875
826,v,-1.5,971.3809136
826,v,-1,966.1701033
826,v,1,955.7620633
826,v,1.5,954.5993744
826,d4,0.1,1092.378885
826,d4,0.15,1170.72495
826,dc,0.1,959.4500866
826,dc,0.15,959.4500866
827,u,-2.5,1923.143834
827,u,-1.5,1322.615047
827,u,-1,1181.592514
827,u,1,871.3013593
827,u,1.5,857.9639877
827,v,-2.5,978.6266943
827,v,-1.5,961.7232727
827,v,-1,956.3942876
827,v,1,945.7502061
827,v,1.5,944.5611487
827,d4,0.1,1081.469174
827,d4,0.15,1159.204249
827,dc,-0.15,949.5218692
827,dc,-0.1,949.5218692
827,dc,0.1,949.5218692
827,dc,0.15,949.5218692
828,u,-2.5,2203.821399
828,u,-1.5,1487.071151
828,u,-1,1319.376578
828,u,1,872.2822716
828,u,1.5,858.9449001
828,v,-2.5,983.0228385
828,v,-1.5,964.1359278
828,v,-1,958.1816264
828,v,1,946.2885422
828,v,1.5,944.9599579
828,d4,0.1,1082.450086
828,d4,0.15,1160.185161
828,dc,-0.15,950.5027816
828,dc,-0.1,950.5027816
828,dc,0.1,950.5027816
828,dc,0.15,950.5027816
829,u,-2.5,3130.636157
829,u,-1.5,1819.935116
829,u,-1,1051.157893
829,u,1,855.0621872
829,u,1.5,850.039034
829,v,-2.5,918.2230217
829,v,-1.5,898.2788266
829,v,-1,891.9912049
829,v,1,879.4323489
829,v,1.5,878.0293908
829,d4,0.1,1005.282909
829,d4,0.15,1076.184725
829,dc,-0.15,883.8825003
829,dc,-0.1,883.8825003
829,dc,0.1,883.8825003
829,dc,0.15,883.8825003
830,u,-2.5,2401.386696
830,u,-1.5,1454.179914
830,u,-1,1231.545446
830,u,1,904.7844
830,u,1.5,878.3554225
830,v,-2.5,1047.087697
830,v,-1.5,1024.717968
830,v,-1,1017.665671
830,v,1,1003.579457
830,v,1.5,1002.005877
830,d4,0.1,1147.9251
830,d4,0.15,1230.516268
830,dc,0.1,1069.873192
830,dc,0.15,1085.725116
831,u,-2.5,2525.456679
831,u,-1.5,1580.490878
831,u,-1,1359.235344
831,u,1,890.9535627
831,u,1.5,869.8190838
831,v,-2.5,1080.088627
831,v,-1.5,1057.711366
831,v,-1,1050.656694
831,v,1,1036.565736
831,v,1.5,1034.991626
831,d4,0.1,1192.449036
831,d4,0.15,1282.358086
831,dc,-0.15,1025.865968
831,dc,-0.1,1041.558778
831,dc,0.1,1041.558778
831,dc,0.15,1041.558778
832,u,-2.5,3568.365218
832,u,-1.5,2027.392263
832,u,-1,1667.662642
832,u,1,921.1691319
832,u,1.5,886.923932
832,v,-2.5,1315.720744
832,v,-1.5,1285.469994
832,v,-1,1275.93312
832,v,1,1256.884229
832,v,1.5,1254.756265
832,d4,0.1,1467.143731
832,d4,0.15,1591.993568
832,dc,-0.15,1151.233898
832,dc,-0.1,1197.119981
832,dc,0.1,1263.634083
832,dc,0.15,1263.634083
833,u,-2.5,3662.530904
833,u,-1.5,1929.245946
833,u,-1,1523.432202
833,u,1,963.0323235
833,u,1.5,917.363251
833,v,-2.5,1174.398308
833,v,-1.5,1141.932406
833,v,-1,1131.697181
833,v,1,1111.253409
833,v,1.5,1108.969622
833,d4,0.1,1265.479724
833,d4,0.15,1352.32059
833,dc,0.1,1189.261946
833,dc,0.15,1230.953861
834,u,-2.5,5077.561829
834,u,-1.5,2677.19531
834,u,-1,2118.26355
834,u,1,956.4466688
834,u,1.5,905.72269
834,v,-2.5,1633.717574
834,v,-1.5,1593.998918
834,v,-1,1581.477185
834,v,1,1556.466354
834,v,1.5,1553.672378
834,d4,0.1,1995.948023
834,d4,0.15,2304.825107
834,dc,-0.15,1322.451603
834,dc,-0.1,1390.026628
834,dc,0.1,1828.063081
834,dc,0.15,1829.086761
835,u,-2.5,5030.280211
835,u,-1.5,2442.730058
835,u,-1,1838.340231
835,u,1,1006.512637
835,u,1.5,951.6443492
835,v,-2.5,1308.173685
835,v,-1.5,1266.648993
835,v,-1,1253.557888
835,v,1,1227.409797
835,v,1.5,1224.488777
835,d4,0.1,1392.223901
835,d4,0.15,1483.816066
835,dc,0.1,1317.754695
835,dc,0.15,1365.398911
836,u,-2.5,7491.426982
836,u,-1.5,3369.197103
836,u,-1,2408.848255
836,u,1,1092.348194
836,u,1.5,1006.194934
836,v,-2.5,1550.467446
836,v,-1.5,1495.237738
836,v,-1,1477.825979
836,v,1,1443.047842
836,v,1.5,1439.162753
836,d4,0.1,1631.561942
836,d4,0.15,1735.151902
836,dc,0.1,1557.954529
836,dc,0.15,1618.18347
837,u,-2.5,10517.94932
837,u,-1.5,5099.827269
837,u,-1,3843.783124
837,u,1,1005.259769
837,u,1.5,933.6671399
837,v,-2.5,2719.081719
837,v,-1.5,2653.71042
837,v,-1,2633.101416
837,v,1,2591.93712
837,v,1.5,2587.33863
837,d4,0.1,4269.421142
837,d4,0.15,6219.063742
837,dc,-0.15,1861.947494
837,dc,-0.1,2042.291028
837,dc,0.1,3860.816652
837,dc,0.15,5328.095075
838,u,-2.5,13807.69761
838,u,-1.5,5739.716659
838,u,-1,3866.401035
838,u,1,1311.347672
838,u,1.5,1145.91536
838,v,-2.5,2156.086495
838,v,-1.5,2072.877166
838,v,-1,2046.644532
838,v,1,1994.247633
838,v,1.5,1988.394341
838,d4,0.1,2244.817638
838,d4,0.15,2381.023036
838,dc,0.1,2172.073147
838,dc,0.15,2265.501038
839,u,-2.5,107984.9458
839,u,-1.5,42276.49254
839,u,-1,27136.6388
839,u,1,6764.487416
839,u,1.5,5488.194872
839,v,-2.5,12798.51108
839,v,-1.5,12501.57488
839,v,-1,12407.96256
839,v,1,12220.98189
839,v,1.5,12200.09416
839,d4,0.1,71845.24888
839,dc,-0.15,5915.085456
839,dc,-0.1,7080.666878
839,dc,0.1,68586.65388
840,u,-2.5,1587.15407
840,u,-1.5,1182.918488
840,u,-1,1087.880615
840,u,1,858.5793607
840,u,1.5,850.1076001
840,v,-2.5,926.6787292
840,v,-1.5,913.6060228
840,v,-1,909.4847118
840,v,1,901.252831
840,v,1.5,900.3332422
840,d4,0.1,1028.365905
840,d4,0.15,1101.123938
840,dc,-0.15,904.169746
840,dc,-0.1,904.169746
840,dc,0.1,904.169746
840,dc,0.15,904.169746
841,u,-2.5,1766.231969
841,u,-1.5,1331.039896
841,u,-1,1119.687012
841,u,1,855.5362791
841,u,1.5,848.8727714
841,v,-2.5,918.0499126
841,v,-1.5,904.3156437
841,v,-1,899.9857679
841,v,1,891.3373012
841,v,1.5,890.3711753
841,d4,0.1,1017.359406
841,d4,0.15,1089.305237
841,dc,-0.15,894.4018308
841,dc,-0.1,894.4018308
841,dc,0.1,894.4018308
841,dc,0.15,894.4018308
842,u,-2.5,1624.580345
842,u,-1.5,1169.359343
842,u,-1,1062.043584
842,u,1,864.4448206
842,u,1.5,853.6197657
842,v,-2.5,945.9055065
842,v,-1.5,931.8554732
842,v,-1,927.4260493
842,v,1,918.5787458
842,v,1.5,917.5904078
842,d4,0.1,1048.232715
842,d4,0.15,1122.485053
842,dc,-0.1,905.6597377
842,dc,0.1,921.713732
842,dc,0.15,921.713732
843,u,-2.5,1670.2075
843,u,-1.5,1181.427654
843,u,-1,1066.179311
843,u,1,867.4577662
843,u,1.5,855.535242
843,v,-2.5,956.7040457
843,v,-1.5,942.0241763
843,v,-1,937.3961899
843,v,1,928.1522788
843,v,1.5,927.1196354
843,d4,0.1,1059.399063
843,d4,0.15,1134.57773
843,dc,0.1,931.4278004
843,dc,0.15,931.4278004
844,u,-2.5,1796.373761
844,u,-1.5,1222.113456
844,u,-1,1086.757158
844,u,1,874.5380301
844,u,1.5,860.0929585
844,v,-2.5,978.7625867
844,v,-1.5,962.5451651
844,v,-1,957.4324489
844,v,1,947.2203414
844,v,1.5,946.0795402
844,d4,0.1,1084.444053
844,d4,0.15,1161.605642
844,dc,0.1,953.3430691
844,dc,0.15,953.3430691
845,u,-2.5,2482.074181
845,u,-1.5,1854.000845
845,u,-1,1078.729301
845,u,1,855.3922563
845,u,1.5,849.6780597
845,v,-2.5,918.0741181
845,v,-1.5,900.7606381
845,v,-1,895.3023777
845,v,1,884.4000824
845,v,1.5,883.1821799
845,d4,0.1,1010.278733
845,d4,0.15,1081.595094
845,dc,-0.15,888.263242
845,dc,-0.1,888.263242
845,dc,0.1,888.263242
845,dc,0.15,888.263242
846,u,-2.5,2225.010751
846,u,-1.5,1381.274752
846,u,-1,1182.918641
846,u,1,895.3163551
846,u,1.5,873.1397408
846,v,-2.5,1019.542409
846,v,-1.5,998.967041
846,v,-1,992.4804353
846,v,1,979.5241298
846,v,1.5,978.0767724
846,d4,0.1,1117.920931
846,d4,0.15,1196.891585
846,dc,0.1,1027.660082
846,dc,0.15,1027.660082
847,u,-2.5,3414.548021
847,u,-1.5,1831.539167
847,u,-1,1461.00623
847,u,1,949.2601824
847,u,1.5,908.0404601
847,v,-2.5,1143.496537
847,v,-1.5,1113.172381
847,v,-1,1103.612365
847,v,1,1084.51725
847,v,1.5,1082.384122
847,d4,0.1,1233.930765
847,d4,0.15,1318.042181
847,dc,0.1,1158.585237
847,dc,0.15,1198.149448
848,u,-2.5,5456.218073
848,u,-1.5,2599.403531
848,u,-1,1933.049224
848,u,1,1017.638699
848,u,1.5,957.4171232
848,v,-2.5,1345.582847
848,v,-1.5,1302.020542
848,v,-1,1288.287058
848,v,1,1260.855883
848,v,1.5,1257.791528
848,d4,0.1,1427.943152
848,d4,0.15,1520.446925
848,dc,0.1,1354.316183
848,dc,0.15,1403.447939
849,u,-2.5,8438.458429
849,u,-1.5,3722.511507
849,u,-1,2625.454052
849,u,1,1124.812431
849,u,1.5,1027.010406
849,v,-2.5,1639.777978
849,v,-1.5,1580.591791
849,v,-1,1561.93271
849,v,1,1524.663178
849,v,1.5,1520.499775
849,d4,0.1,1722.816025
849,d4,0.15,1831.564504
849,dc,0.1,1649.218767
849,dc,0.15,1714.611986
850,u,-2.5,14215.29913
850,u,-1.5,5887.49038
850,u,-1,3955.349607
850,u,1,1323.246678
850,u,1.5,1153.200438
850,v,-2.5,2189.272226
850,v,-1.5,2105.564647
850,v,-1,2079.174934
850,v,1,2026.464287
850,v,1.5,2020.575946
850,d4,0.1,2280.817903
850,d4,0.15,2419.186879
850,dc,0.1,2208.077866
850,dc,0.15,2303.67186
851,u,-2.5,1637.764436
851,u,-1.5,1236.840988
851,u,-1,1063.179884
851,u,1,861.4665048
851,u,1.5,854.35471
851,v,-2.5,938.9604749
851,v,-1.5,915.1974002
851,v,-1,907.7058358
851,v,1,892.7422319
851,v,1.5,891.0706379
851,d4,0.1,1020.043602
851,d4,0.15,1091.389114
851,dc,-0.15,898.0444906
851,dc,-0.1,898.0444906
851,dc,0.1,898.0444906
851,dc,0.15,898.0444906
852,u,-2.5,1787.137602
852,u,-1.5,1247.597443
852,u,-1,1120.563551
852,u,1,875.6876821
852,u,1.5,863.1396517
852,v,-2.5,992.6322973
852,v,-1.5,964.3238928
852,v,-1,955.3993644
852,v,1,937.5735672
852,v,1.5,935.5822358
852,d4,0.1,1072.876071
852,d4,0.15,1148.710544
852,dc,-0.15,916.8048487
852,dc,-0.1,939.9193794
852,dc,0.1,943.890026
852,dc,0.15,943.890026
853,u,-2.5,1483.05768
853,u,-1.5,1170.779292
853,u,-1,1070.95506
853,u,1,855.9691789
853,u,1.5,850.1711861
853,v,-2.5,923.7560715
853,v,-1.5,903.5696416
853,v,-1,897.2056529
853,v,1,884.4942617
853,v,1.5,883.0742638
853,d4,0.1,1010.891624
853,d4,0.15,1082.134761
853,dc,-0.15,888.998463
853,dc,-0.1,888.998463
853,dc,0.1,888.998463
853,dc,0.15,888.998463
854,u,-2.5,1546.961456
854,u,-1.5,1181.510469
854,u,-1,1095.604836
854,u,1,860.5773933
854,u,1.5,853.1638063
854,v,-2.5,939.516714
854,v,-1.5,917.286233
854,v,-1,910.2778352
854,v,1,896.2793053
854,v,1.5,894.7155203
854,d4,0.1,1024.564834
854,d4,0.15,1096.760884
854,dc,-0.15,901.2395961
854,dc,-0.1,901.2395961
854,dc,0.1,901.2395961
854,dc,0.15,901.2395961
855,u,-2.5,1738.359464
855,u,-1.5,1244.468899
855,u,-1,993.0622433
855,u,1,856.5508657
855,u,1.5,851.2379125
855,v,-2.5,921.8848755
855,v,-1.5,899.1031836
855,v,-1,891.9210106
855,v,1,877.5753833
855,v,1.5,875.9728239
855,d4,0.1,1003.007101
855,d4,0.15,1073.232828
855,dc,-0.15,882.6586659
855,dc,-0.1,882.6586659
855,dc,0.1,882.6586659
855,dc,0.15,882.6586659
856,u,-2.5,2060.945483
856,u,-1.5,1078.881769
856,u,-1,943.6779891
856,u,1,853.5408141
856,u,1.5,849.8581814
856,v,-2.5,911.7984942
856,v,-1.5,888.2435475
856,v,-1,880.8175976
856,v,1,865.9850519
856,v,1.5,864.3280985
856,d4,0.1,990.479886
856,d4,0.15,1059.886604
856,dc,-0.15,871.240871
856,dc,-0.1,871.240871
856,dc,0.1,871.240871
856,dc,0.15,871.240871
857,u,-2.5,1738.447532
857,u,-1.5,1238.17213
857,u,-1,1120.453872
857,u,1,872.0874229
857,u,1.5,860.5959683
857,v,-2.5,982.6559777
857,v,-1.5,955.6754989
857,v,-1,947.1696133
857,v,1,930.1800106
857,v,1.5,928.282091
857,d4,0.1,1064.652288
857,d4,0.15,1140.152564
857,dc,-0.15,922.4139991
857,dc,-0.1,936.2001692
857,dc,0.1,936.2001692
857,dc,0.15,936.2001692
858,u,-2.5,1846.908467
858,u,-1.5,1321.190601
858,u,-1,1197.919538
858,u,1,869.4899292
858,u,1.5,859.744626
858,v,-2.5,968.7341533
858,v,-1.5,940.863696
858,v,-1,932.0772351
858,v,1,914.5272132
858,v,1.5,912.5666888
858,d4,0.1,1045.81745
858,d4,0.15,1119.151092
858,dc,-0.15,920.7459528
858,dc,-0.1,920.7459528
858,dc,0.1,920.7459528
858,dc,0.15,920.7459528
859,u,-2.5,1855.978663
859,u,-1.5,1320.423915
859,u,-1,1194.810912
859,u,1,870.5143335
859,u,1.5,860.3485004
859,v,-2.5,972.6052626
859,v,-1.5,944.4185897
859,v,-1,935.5324385
859,v,1,917.7832956
859,v,1.5,915.8005273
859,d4,0.1,1049.656614
859,d4,0.15,1123.318686
859,dc,-0.15,924.0725925
859,dc,-0.1,924.0725925
859,dc,0.1,924.0725925
859,dc,0.15,924.0725925
860,u,-2.5,1791.349348
860,u,-1.5,1247.985245
860,u,-1,1120.047511
860,u,1,876.0772556
860,u,1.5,863.3860224
860,v,-2.5,994.0415792
860,v,-1.5,965.6573244
860,v,-1,956.7088833
860,v,1,938.8353232
860,v,1.5,936.8386561
860,d4,0.1,1074.349499
860,d4,0.15,1150.307261
860,dc,-0.1,938.8391198
860,dc,0.1,945.1687065
860,dc,0.15,945.1687065
861,u,-2.5,1791.349348
861,u,-1.5,1247.985245
861,u,-1,1120.047511
861,u,1,876.0772556
861,u,1.5,863.3860224
861,v,-2.5,994.0415792
861,v,-1.5,965.6573244
861,v,-1,956.7088833
861,v,1,938.8353232
861,v,1.5,936.8386561
861,d4,0.1,1074.349499
861,d4,0.15,1150.307261
861,dc,-0.1,938.8391198
861,dc,0.1,945.1687065
861,dc,0.15,945.1687065
862,u,-2.5,1797.267643
862,u,-1.5,1251.474623
862,u,-1,1122.982369
862,u,1,876.1168804
862,u,1.5,863.4256472
862,v,-2.5,994.2191653
862,v,-1.5,965.7547857
862,v,-1,956.7810844
862,v,1,938.8570697
862,v,1.5,936.8547663
862,d4,0.1,1074.389124
862,d4,0.15,1150.346886
862,dc,-0.15,917.6651073
862,dc,-0.1,940.8101182
862,dc,0.1,945.2083313
862,dc,0.15,945.2083313
863,u,-2.5,1907.015906
863,u,-1.5,1303.194512
863,u,-1,1161.223381
863,u,1,878.655668
863,u,1.5,865.5009898
863,v,-2.5,999.3960577
863,v,-1.5,969.082168
863,v,-1,959.5253888
863,v,1,940.436738
863,v,1.5,938.3043323
863,d4,0.1,1075.736834
863,d4,0.15,1151.273714
863,dc,-0.15,937.130483
863,dc,-0.1,947.2006811
863,dc,0.1,947.2006811
863,dc,0.15,947.2006811
864,u,-2.5,1974.026362
864,u,-1.5,1297.585249
864,u,-1,1138.238933
864,u,1,889.2351098
864,u,1.5,872.0424937
864,v,-2.5,1034.29405
864,v,-1.5,1001.809158
864,v,-1,991.5679475
864,v,1,971.1122172
864,v,1.5,968.8270941
864,d4,0.1,1115.808215
864,d4,0.15,1197.386112
864,dc,0.1,986.4954746
864,dc,0.15,986.4954746
865,u,-2.5,2005.49956
865,u,-1.5,1314.868232
865,u,-1,1152.271147
865,u,1,888.350889
865,u,1.5,871.9386659
865,v,-2.5,1031.074116
865,v,-1.5,998.1626683
865,v,-1,987.7869809
865,v,1,967.0626481
865,v,1.5,964.7475194
865,d4,0.1,1106.351409
865,d4,0.15,1184.027539
865,dc,0.1,974.4061848
865,dc,0.15,974.4061848
866,u,-2.5,3529.849446
866,u,-1.5,1036.410018
866,u,-1,930.191202
866,u,1,856.8934924
866,u,1.5,854.9801505
866,v,-2.5,927.588569
866,v,-1.5,894.5940452
866,v,-1,884.1921673
866,v,1,863.4155217
866,v,1.5,861.094549
866,d4,0.1,989.6677943
866,d4,0.15,1058.771578
866,dc,-0.15,870.777595
866,dc,-0.1,870.777595
866,dc,0.1,870.777595
866,dc,0.15,870.777595
867,u,-2.5,2159.938184
867,u,-1.5,1362.128598
867,u,-1,1174.324608
867,u,1,898.1299393
867,u,1.5,878.593578
867,v,-2.5,1047.821464
867,v,-1.5,1011.848887
867,v,-1,1000.508146
867,v,1,977.8562216
867,v,1.5,975.3257602
867,d4,0.1,1119.207258
867,d4,0.15,1197.903356
867,dc,0.1,999.6154934
867,dc,0.15,999.6154934
868,u,-2.5,2314.959558
868,u,-1.5,1421.51407
868,u,-1,1211.376484
868,u,1,907.6070075
868,u,1.5,884.1480728
868,v,-2.5,1067.134281
868,v,-1.5,1028.551799
868,v,-1,1016.388257
868,v,1,992.0928746
868,v,1.5,989.3788216
868,d4,0.1,1135.204456
868,d4,0.15,1214.59788
868,dc,0.1,1046.92795
868,dc,0.15,1046.92795
869,u,-2.5,2580.119453
869,u,-1.5,1582.463183
869,u,-1,1348.683473
869,u,1,906.1658027
869,u,1.5,882.8562091
869,v,-2.5,1138.973696
869,v,-1.5,1097.614372
869,v,-1,1084.575401
869,v,1,1058.531442
869,v,1.5,1055.622055
869,d4,0.1,1220.468801
869,d4,0.15,1311.503595
869,dc,-0.15,1014.999825
869,dc,-0.1,1044.907005
869,dc,0.1,1067.759955
869,dc,0.15,1067.759955
870,u,-2.5,2607.013013
870,u,-1.5,1596.536426
870,u,-1,1359.803365
870,u,1,906.3290556
870,u,1.5,883.019462
870,v,-2.5,1139.705344
870,v,-1.5,1098.015909
870,v,-1,1084.872867
870,v,1,1058.621037
870,v,1.5,1055.688428
870,d4,0.1,1220.632054
870,d4,0.15,1311.666848
870,dc,-0.15,1020.893446
870,dc,-0.1,1051.45056
870,dc,0.1,1067.923208
870,dc,0.15,1067.923208
871,u,-2.5,2624.990172
871,u,-1.5,1536.137016
871,u,-1,1280.357248
871,u,1,923.0740402
871,u,1.5,894.5125553
871,v,-2.5,1099.241008
871,v,-1.5,1055.646721
871,v,-1,1041.903154
871,v,1,1014.451839
871,v,1.5,1011.385234
871,d4,0.1,1157.816406
871,d4,0.15,1236.443942
871,dc,0.1,1083.22754
871,dc,0.15,1093.359507
872,u,-2.5,1431.21851
872,u,-1.5,1085.518849
872,u,-1,1003.72177
872,u,1,854.5780115
872,u,1.5,846.3205732
872,v,-2.5,925.0543178
872,v,-1.5,907.5322451
872,v,-1,902.0082235
872,v,1,890.9745774
872,v,1.5,889.7420016
872,d4,0.1,1017.5085
872,d4,0.15,1089.26935
872,dc,0.1,894.8842803
872,dc,0.15,894.8842803
873,u,-2.5,1654.913692
873,u,-1.5,1300.065726
873,u,-1,1018.252947
873,u,1,848.6471225
873,u,1.5,843.3092503
873,v,-2.5,908.2865917
873,v,-1.5,890.3389343
873,v,-1,884.6807425
873,v,1,873.3791059
873,v,1.5,872.1165927
873,d4,0.1,998.3185267
873,d4,0.15,1068.930387
873,dc,-0.15,877.3837696
873,dc,-0.1,877.3837696
873,dc,0.1,877.3837696
873,dc,0.15,877.3837696
874,u,-2.5,1503.232705
874,u,-1.5,1132.609179
874,u,-1,1045.204573
874,u,1,856.0571941
874,u,1.5,847.9491957
874,v,-2.5,927.9383816
874,v,-1.5,909.6159551
874,v,-1,903.8396135
874,v,1,892.3019849
874,v,1.5,891.0131088
874,d4,0.1,1019.263189
874,d4,0.15,1091.184676
874,dc,-0.1,896.3902708
874,dc,0.1,896.3902708
874,dc,0.15,896.3902708
875,u,-2.5,1563.829811
875,u,-1.5,1193.5395
875,u,-1,1077.995048
875,u,1,852.5809812
875,u,1.5,845.6060316
875,v,-2.5,921.3443762
875,v,-1.5,902.9887718
875,v,-1,897.2019704
875,v,1,885.6434495
875,v,1.5,884.3522396
875,d4,0.1,1012.027609
875,d4,0.15,1083.558564
875,dc,-0.15,889.7391385
875,dc,-0.1,889.7391385
875,dc,0.1,889.7391385
875,dc,0.15,889.7391385
876,u,-2.5,1836.62253
876,u,-1.5,1277.759478
876,u,-1,1146.414004
876,u,1,867.0500311
876,u,1.5,854.8834727
876,v,-2.5,972.9278407
876,v,-1.5,949.2712415
876,v,-1,941.8132446
876,v,1,926.9166884
876,v,1.5,925.2525844
876,d4,0.1,1060.245074
876,d4,0.15,1135.490492
876,dc,-0.15,930.2396479
876,dc,-0.1,932.1951892
876,dc,0.1,932.1951892
876,dc,0.15,932.1951892
877,u,-2.5,1794.401404
877,u,-1.5,1215.892985
877,u,-1,1079.380717
877,u,1,872.9257593
877,u,1.5,858.9362459
877,v,-2.5,982.8005346
877,v,-1.5,958.678065
877,v,-1,951.0731974
877,v,1,935.8832827
877,v,1.5,934.1864073
877,d4,0.1,1068.777616
877,d4,0.15,1143.651864
877,dc,0.1,941.2657332
877,dc,0.15,941.2657332
878,u,-2.5,1843.019873
878,u,-1.5,1254.109674
878,u,-1,1115.425469
878,u,1,871.6899373
878,u,1.5,858.0037769
878,v,-2.5,984.5549832
878,v,-1.5,960.1444126
878,v,-1,952.448718
878,v,1,937.0773861
878,v,1.5,935.3602445
878,d4,0.1,1071.250277
878,d4,0.15,1146.911321
878,dc,-0.1,925.4278296
878,dc,0.1,942.5241206
878,dc,0.15,942.5241206
879,u,-2.5,2102.690155
879,u,-1.5,1470.750951
879,u,-1,1227.233058
879,u,1,864.6020283
879,u,1.5,854.826444
879,v,-2.5,961.4189677
879,v,-1.5,935.8209484
879,v,-1,927.750898
879,v,1,911.6318298
879,v,1.5,909.8311582
879,d4,0.1,1042.836393
879,d4,0.15,1116.449023
879,dc,-0.15,917.34352
879,dc,-0.1,917.34352
879,dc,0.1,917.34352
879,dc,0.15,917.34352
880,u,-2.5,2182.831045
880,u,-1.5,1401.371189
880,u,-1,1217.84505
880,u,1,889.7601944
880,u,1.5,870.6986458
880,v,-2.5,1059.430832
880,v,-1.5,1030.336339
880,v,-1,1021.163988
880,v,1,1002.843191
880,v,1.5,1000.796563
880,d4,0.1,1151.802939
880,d4,0.15,1236.262059
880,dc,-0.15,950.3825547
880,dc,-0.1,975.6421724
880,dc,0.1,1009.33505
880,dc,0.15,1009.33505
881,u,-2.5,2153.249379
881,u,-1.5,1365.157448
881,u,-1,1179.806702
881,u,1,886.82501
881,u,1.5,868.1723133
881,v,-2.5,1035.248486
881,v,-1.5,1006.021017
881,v,-1,996.8067439
881,v,1,978.402212
881,v,1.5,976.3462297
881,d4,0.1,1119.001018
881,d4,0.15,1198.011746
881,dc,0.1,984.9237418
881,dc,0.15,984.9237418
882,u,-2.5,2281.373533
882,u,-1.5,1430.556401
882,u,-1,1230.733982
882,u,1,897.1875346
882,u,1.5,875.0694477
882,v,-2.5,1083.825593
882,v,-1.5,1053.168992
882,v,-1,1043.50417
882,v,1,1024.199714
882,v,1.5,1022.043201
882,d4,0.1,1187.305379
882,d4,0.15,1281.502188
882,dc,-0.1,974.2780018
882,dc,0.1,1045.615621
882,dc,0.15,1045.615621
883,u,-2.5,2527.032285
883,u,-1.5,1602.411598
883,u,-1,1386.126806
883,u,1,890.8431633
883,u,1.5,872.9886634
883,v,-2.5,1055.703458
883,v,-1.5,1023.376239
883,v,-1,1013.184736
883,v,1,992.8282916
883,v,1.5,990.5542599
883,d4,0.1,1140.407753
883,d4,0.15,1223.526458
883,dc,-0.15,1000.041469
883,dc,-0.1,1000.041469
883,dc,0.1,1000.041469
883,dc,0.15,1000.041469
884,u,-2.5,2748.830983
884,u,-1.5,1610.466409
884,u,-1,1343.581433
884,u,1,922.0395718
884,u,1.5,889.3960798
884,v,-2.5,1140.40167
884,v,-1.5,1103.711386
884,v,-1,1092.14438
884,v,1,1069.040515
884,v,1.5,1066.459567
884,d4,0.1,1239.353031
884,d4,0.15,1337.215108
884,dc,-0.1,1016.307657
884,dc,0.1,1153.395282
884,dc,0.15,1199.202958
885,u,-2.5,3328.248481
885,u,-1.5,1817.967848
885,u,-1,1464.336338
885,u,1,961.3825053
885,u,1.5,907.783321
885,v,-2.5,1186.774801
885,v,-1.5,1143.115246
885,v,-1,1129.351102
885,v,1,1101.858689
885,v,1.5,1098.787493
885,d4,0.1,1268.828469
885,d4,0.15,1362.863889
885,dc,-0.1,1050.514769
885,dc,0.1,1187.278924
885,dc,0.15,1232.399871
886,u,-2.5,13147.6674
886,u,-1.5,5629.200375
886,u,-1,3884.555822
886,u,1,1511.042363
886,u,1.5,1349.881101
886,v,-2.5,2361.340032
886,v,-1.5,2244.712343
886,v,-1,2207.944211
886,v,1,2134.503776
886,v,1.5,2126.299697
886,d4,0.1,2583.214998
886,d4,0.15,2860.453529
886,dc,-0.15,1855.178374
886,dc,-0.1,1943.164782
886,dc,0.1,2459.089573
886,dc,0.15,2654.696971
887,u,-2.5,15944.34391
887,u,-1.5,6640.586048
887,u,-1,4483.139078
887,u,1,1549.089147
887,u,1.5,1361.028153
887,v,-2.5,2580.678796
887,v,-1.5,2447.910719
887,v,-1,2406.054157
887,v,1,2322.450124
887,v,1.5,2313.110662
887,d4,0.1,2748.231161
887,d4,0.15,2999.189399
887,dc,-0.15,2044.255463
887,dc,-0.1,2134.321295
887,dc,0.1,2640.523565
887,dc,0.15,2823.095086
888,u,-2.5,19114.56747
888,u,-1.5,7819.589942
888,u,-1,5202.318442
888,u,1,1646.089512
888,u,1.5,1418.337097
888,v,-2.5,2875.987636
888,v,-1.5,2726.602051
888,v,-1,2679.506641
888,v,1,2585.438565
888,v,1.5,2574.930159
888,d4,0.1,3042.963963
888,d4,0.15,3309.833108
888,dc,-0.15,2274.627156
888,dc,-0.1,2375.628483
888,dc,0.1,2938.547716
888,dc,0.15,3139.585788
889,u,-2.5,22769.66816
889,u,-1.5,9240.412515
889,u,-1,6107.979612
889,u,1,1858.271817
889,u,1.5,1587.21927
889,v,-2.5,3305.947965
889,v,-1.5,3139.237253
889,v,-1,3086.679912
889,v,1,2981.702207
889,v,1.5,2969.975079
889,d4,0.1,3620.447692
889,d4,0.15,4019.680774
889,dc,-0.15,2543.356092
889,dc,-0.1,2679.633182
889,dc,0.1,3490.945868
889,dc,0.15,3804.018045
890,u,-2.5,1651.015854
890,u,-1.5,1180.174617
890,u,-1,1069.164562
890,u,1,860.9055707
890,u,1.5,849.8352149
890,v,-2.5,943.3751414
890,v,-1.5,929.0747924
890,v,-1,924.5664538
890,v,1,915.5615266
890,v,1.5,914.5555803
890,d4,0.1,1045.382718
890,d4,0.15,1119.723573
890,dc,-0.1,907.5613694
890,dc,0.1,918.7523658
890,dc,0.15,918.7523658
891,u,-2.5,2465.939083
891,u,-1.5,1486.366196
891,u,-1,1256.37245
891,u,1,903.4706024
891,u,1.5,875.3555515
891,v,-2.5,1064.465343
891,v,-1.5,1042.359407
891,v,-1,1035.390274
891,v,1,1021.47017
891,v,1.5,1019.915146
891,d4,0.1,1175.321939
891,d4,0.15,1264.339495
891,dc,0.1,1093.761308
891,dc,0.15,1119.222964
892,u,-2.5,3254.829845
892,u,-1.5,1788.578528
892,u,-1,1445.218902
892,u,1,950.1199525
892,u,1.5,899.6229479
892,v,-2.5,1151.270222
892,v,-1.5,1123.07577
892,v,-1,1114.187166
892,v,1,1096.433125
892,v,1.5,1094.44981
892,d4,0.1,1261.422373
892,d4,0.15,1356.503601
892,dc,-0.1,1041.2317
892,dc,0.1,1179.049252
892,dc,0.15,1224.63339
893,u,-2.5,3486.454764
893,u,-1.5,1861.419348
893,u,-1,1480.946098
893,u,1,955.5563308
893,u,1.5,912.198505
893,v,-2.5,1152.998545
893,v,-1.5,1122.964201
893,v,-1,1113.495552
893,v,1,1094.582931
893,v,1.5,1092.47019
893,d4,0.1,1249.031562
893,d4,0.15,1336.507936
893,dc,0.1,1172.186696
893,dc,0.15,1214.040918
894,u,-2.5,1646.01858
894,u,-1.5,1287.453147
894,u,-1,1004.661191
894,u,1,848.8791338
894,u,1.5,843.4002839
894,v,-2.5,907.4410646
894,v,-1.5,889.6927364
894,v,-1,884.0973854
894,v,1,872.9212664
894,v,1.5,871.6727748
894,d4,0.1,997.571312
894,d4,0.15,1068.017698
894,dc,-0.15,876.8814537
894,dc,-0.1,876.8814537
894,dc,0.1,876.8814537
894,dc,0.15,876.8814537
895,u,-2.5,1645.396244
895,u,-1.5,1216.814434
895,u,-1,1116.219176
895,u,1,856.4860083
895,u,1.5,848.1850768
895,v,-2.5,934.0316583
895,v,-1.5,914.2887821
895,v,-1,908.0646283
895,v,1,895.6325427
895,v,1.5,894.2437463
895,d4,0.1,1023.453969
895,d4,0.15,1095.717811
895,dc,-0.15,900.0377738
895,dc,-0.1,900.0377738
895,dc,0.1,900.0377738
895,dc,0.15,900.0377738
896,u,-2.5,1593.161729
896,u,-1.5,1163.187374
896,u,-1,1061.902309
896,u,1,859.040946
896,u,1.5,849.5855173
896,v,-2.5,939.698995
896,v,-1.5,919.9516368
896,v,-1,913.7260701
896,v,1,901.2911622
896,v,1.5,899.9020505
896,d4,0.1,1029.412135
896,d4,0.15,1101.873051
896,dc,-0.1,905.6973934
896,dc,0.1,905.6973934
896,dc,0.15,905.6973934
897,u,-2.5,1986.576289
897,u,-1.5,1307.303879
897,u,-1,1147.609351
897,u,1,877.5230333
897,u,1.5,861.9249252
897,v,-2.5,1003.45182
897,v,-1.5,977.2481844
897,v,-1,968.9872068
897,v,1,952.4867819
897,v,1.5,950.6435087
897,d4,0.1,1088.926401
897,d4,0.15,1165.748021
897,dc,-0.1,936.1212218
897,dc,0.1,958.3336034
897,dc,0.15,958.3336034
898,u,-2.5,2121.786895
898,u,-1.5,1348.520786
898,u,-1,1166.747761
898,u,1,885.2350083
898,u,1.5,867.2267852
898,v,-2.5,1024.75619
898,v,-1.5,996.3763256
898,v,-1,987.4292688
898,v,1,969.5584735
898,v,1.5,967.5621152
898,d4,0.1,1107.853784
898,d4,0.15,1185.504509
898,dc,0.1,975.8908771
898,dc,0.15,975.8908771
899,u,-2.5,1706.768282
899,u,-1.5,1296.52172
899,u,-1,1043.303663
899,u,1,852.0040601
899,u,1.5,845.6018047
899,v,-2.5,918.2137252
899,v,-1.5,899.1589499
899,v,-1,893.1517275
899,v,1,881.1529389
899,v,1.5,879.8125464
899,d4,0.1,1006.938236
899,d4,0.15,1077.957177
899,dc,-0.15,885.404634
899,dc,-0.1,885.404634
899,dc,0.1,885.404634
899,dc,0.15,885.404634
900,u,-2.5,1618.241094
900,u,-1.5,1200.582602
900,u,-1,1090.238238
900,u,1,855.7083952
900,u,1.5,847.7323985
900,v,-2.5,929.630237
900,v,-1.5,910.4206647
900,v,-1,904.3646408
900,v,1,892.2683766
900,v,1.5,890.917095
900,d4,0.1,1019.236739
900,d4,0.15,1091.021173
900,dc,-0.15,896.5546116
900,dc,-0.1,896.5546116
900,dc,0.1,896.5546116
900,dc,0.15,896.5546116
901,u,-2.5,1580.242282
901,u,-1.5,1155.898699
901,u,-1,1055.962369
901,u,1,858.3757114
901,u,1.5,849.2366857
901,v,-2.5,935.9217767
901,v,-1.5,916.554039
901,v,-1,910.4481517
901,v,1,898.2522908
901,v,1.5,896.8898832
901,d4,0.1,1025.616978
901,d4,0.15,1097.640731
901,dc,-0.1,902.5738172
901,dc,0.1,902.5738172
901,dc,0.15,902.5738172
902,u,-2.5,2147.846541
902,u,-1.5,1367.322834
902,u,-1,1184.072297
902,u,1,884.1993943
902,u,1.5,866.378939
902,v,-2.5,1025.867382
902,v,-1.5,997.6385334
902,v,-1,988.7390859
902,v,1,970.9633851
902,v,1.5,968.97765
902,d4,0.1,1110.236006
902,d4,0.15,1188.540069
902,dc,-0.1,948.4220105
902,dc,0.1,977.2620926
902,dc,0.15,977.2620926
903,u,-2.5,2311.482473
903,u,-1.5,1421.957156
903,u,-1,1213.197221
903,u,1,892.4381985
903,u,1.5,872.0631655
903,v,-2.5,1048.230626
903,v,-1.5,1017.636875
903,v,-1,1007.991867
903,v,1,988.7269874
903,v,1.5,986.5748952
903,d4,0.1,1129.848332
903,d4,0.15,1208.9378
903,dc,0.1,995.5533759
903,dc,0.15,995.5533759
904,u,-2.5,1631.664496
904,u,-1.5,1162.380393
904,u,-1,1051.865501
904,u,1,860.011753
904,u,1.5,849.5729028
904,v,-2.5,931.5638671
904,v,-1.5,919.8938874
904,v,-1,916.2148011
904,v,1,908.866217
904,v,1.5,908.0453018
904,d4,0.1,1036.3077
904,d4,0.15,1109.476638
904,dc,0.1,911.4701414
904,dc,0.15,911.4701414
905,u,-2.5,2135.346027
905,u,-1.5,1490.657958
905,u,-1,1099.565122
905,u,1,857.7265864
905,u,1.5,849.0192667
905,v,-2.5,926.7126749
905,v,-1.5,912.4123259
905,v,-1,907.9039874
905,v,1,898.8990602
905,v,1.5,897.8931139
905,d4,0.1,1025.358142
905,d4,0.15,1097.519651
905,dc,-0.15,902.0898993
905,dc,-0.1,902.0898993
905,dc,0.1,902.0898993
905,dc,0.15,902.0898993
