doi,entry,catalyst,preparation,metal,metal_wt_pct,fused,T_C,P_MPa,H2_N2,WHSV,WHSV_filled,SV_raw,outlet_pct,rate_umol_gcat_h,rate_umol_gmetal_h,rate_printed_per_metal,rate_src,rate_q,TOS,operation_mode,y_out,y_source,y_eq_exp,E_eff_eV,log10_alpha_res,alpha,cost_USD_t,cost_recovery90,cost_bed500,cost_bed2500,cost_alpha_transfer,T_opt_C,P_opt_bar,V_m3,status,location,group,paper_basis,paper_rate,SV_filled
10.1002/adma.201700924,"Fig. 5a, 1.8 wt% Ru",1.8wt%Ru/LaScSi,"LaScSi synthesized by arc melting stoichiometric mixtures of La, Sc, and Si, followed by annealing; Ru-loaded LaScSi.",Ru,1.8,False,400,0.1,3,18000,False,,0.38,2800,155556,False,SI,=,,steady_thermal_catalytic,0.0038,printed outlet,0.00399559,-0.945,0.287874,3.76955,24.9981,21.7911,25.3544,24.7413,20.1473,450,190,7.11786,flagged: outlet near equilibrium,Figure 5a,,,,
10.1002/adma.201700924,"Fig. 5a, 4.4 wt% Ru",4.4wt%Ru/LaScSi,"LaScSi synthesized by arc melting stoichiometric mixtures of La, Sc, and Si, followed by annealing; Ru-loaded LaScSi.",Ru,4.4,False,400,0.1,3,18000,False,,0.41,3000,68181.8,False,SI,=,,steady_thermal_catalytic,0.0041,printed outlet,0.00399559,-0.996684,0,1.84742,24.7794,21.022,24.9655,24.6628,21.1619,450,220,3.01043,flagged: outlet near equilibrium,Figure 5a,,,,
10.1002/adma.201700924,"Text/Fig. 5a, 8.3 wt% Ru at 0.1 MPa",8.3 wt%Ru/LaScSi,"LaScSi synthesized by arc melting stoichiometric mixtures of La, Sc, and Si, followed by annealing; Ru-loaded LaScSi.",Ru,8.3,False,400,0.1,3,36000,False,,0.36,5300,63855.4,False,mixed,=,,steady_thermal_catalytic,0.0036,printed outlet,0.00399559,-1.09754,0,1.37915,22.7745,19.0192,22.8663,22.6529,21.5598,450,220,1.42729,flagged: outlet near equilibrium,Text page 5; Figure 5a,,,,
10.1002/adma.201700924,"Fig. 5d, 8.3 wt% Ru, 0.2 MPa",8.3 wt%Ru/LaScSi,"LaScSi synthesized by arc melting stoichiometric mixtures of La, Sc, and Si, followed by annealing; Ru-loaded LaScSi.",Ru,8.3,False,400,0.2,3,36000,False,,0.72,10600,127711,False,SI,=,,steady_thermal_catalytic,0.0072,printed outlet,0.00792821,-0.97,0.183502,2.3225,24.4624,20.2618,24.5606,24.3978,20.5999,450,210,1.62217,flagged: outlet near equilibrium,Figure 5d,,,,
10.1002/adma.201700924,"Fig. 5d, 8.3 wt% Ru, 0.4 MPa",8.3 wt%Ru/LaScSi,"LaScSi synthesized by arc melting stoichiometric mixtures of La, Sc, and Si, followed by annealing; Ru-loaded LaScSi.",Ru,8.3,False,400,0.4,3,36000,False,,0.93,13800,166265,False,SI,=,,steady_thermal_catalytic,0.0093,printed outlet,0.0156118,-1.11179,0,1.11412,22.5462,18.8845,22.711,22.4007,22.0018,450,410,1.36753,primary,Figure 5d,10.1002/adma.201700924 | 400 C | 0.4 MPa | H2/N2 3 | 3.6e+04 mL/g/h,per g catalyst,13800,False
10.1002/adma.201700924,"Fig. 5d, 8.3 wt% Ru, 0.6 MPa",8.3 wt%Ru/LaScSi,"LaScSi synthesized by arc melting stoichiometric mixtures of La, Sc, and Si, followed by annealing; Ru-loaded LaScSi.",Ru,8.3,False,400,0.6,3,36000,False,,1.05,15500,186747,False,SI,=,,steady_thermal_catalytic,0.0105,printed outlet,0.0230644,-1.17583,0,0.706832,21.7452,18.5001,21.9563,21.609,22.924,450,430,1.4785,primary,Figure 5d,10.1002/adma.201700924 | 400 C | 0.6 MPa | H2/N2 3 | 3.6e+04 mL/g/h,per g catalyst,15500,False
10.1002/adma.201700924,"Fig. 5d, 8.3 wt% Ru, 0.8 MPa",8.3 wt%Ru/LaScSi,"LaScSi synthesized by arc melting stoichiometric mixtures of La, Sc, and Si, followed by annealing; Ru-loaded LaScSi.",Ru,8.3,False,400,0.8,3,36000,False,,1.19,17600,212048,False,SI,=,,steady_thermal_catalytic,0.0119,printed outlet,0.0302988,-1.19333,0,0.591064,21.6304,18.4475,21.8308,21.5007,23.3157,450,430,1.39856,primary,Figure 5d,10.1002/adma.201700924 | 400 C | 0.8 MPa | H2/N2 3 | 3.6e+04 mL/g/h,per g catalyst,17600,False
10.1002/adma.201700924,"Text/Fig. 5d, 8.3 wt% Ru, 1.0 MPa",8.3 wt%Ru/LaScSi,"LaScSi synthesized by arc melting stoichiometric mixtures of La, Sc, and Si, followed by annealing; Ru-loaded LaScSi.",Ru,8.3,False,400,1,3,36000,False,,1.25,18500,222892,False,mixed,=,,steady_thermal_catalytic,0.0125,printed outlet,0.0373265,-1.21176,0,0.453101,21.5762,18.4308,21.7715,21.4495,23.8676,450,430,1.36083,primary,Text page 6; Figure 5d,10.1002/adma.201700924 | 400 C | 1 MPa | H2/N2 3 | 3.6e+04 mL/g/h,per g catalyst,18500,False
10.1002/adma.201700924,"Fig. 5e time course, 0 h",8.3 wt%Ru/LaScSi,"LaScSi synthesized by arc melting stoichiometric mixtures of La, Sc, and Si, followed by annealing; Ru-loaded LaScSi.",Ru,8.3,False,400,0.1,3,18000,False,,0.46,3400,40963.9,False,SI,=,0 h,steady_thermal_catalytic,0.0046,printed outlet,0.00399559,-1.12306,0,1.10994,22.3567,18.7954,22.5578,22.2213,22.009,450,430,1.46908,flagged: outlet near equilibrium,Figure 5e,,,,
10.1002/adma.201700924,"Fig. 5e time course, 10 h",8.3 wt%Ru/LaScSi,"LaScSi synthesized by arc melting stoichiometric mixtures of La, Sc, and Si, followed by annealing; Ru-loaded LaScSi.",Ru,8.3,False,400,0.1,3,,False,,,5250,63253,False,plot,~,10 h,steady_thermal_catalytic,0.00305079,,0.00399559,-1.13428,0,0.986961,22.1968,18.7201,22.3917,22.0704,22.2358,450,430,1.35779,primary: outlet NH3 assumed (median),Figure 5e,,,,
10.1002/adma.201700924,"Fig. 5e time course, 20 h",8.3 wt%Ru/LaScSi,"LaScSi synthesized by arc melting stoichiometric mixtures of La, Sc, and Si, followed by annealing; Ru-loaded LaScSi.",Ru,8.3,False,400,0.1,3,,False,,,5300,63855.4,False,plot,~,20 h,steady_thermal_catalytic,0.00305079,,0.00399559,-1.13357,0,0.99636,22.2062,18.7246,22.402,22.0793,22.2171,450,430,1.36432,primary: outlet NH3 assumed (median),Figure 5e,,,,
10.1002/adma.201700924,"Fig. 5e time course, 30 h",8.3 wt%Ru/LaScSi,"LaScSi synthesized by arc melting stoichiometric mixtures of La, Sc, and Si, followed by annealing; Ru-loaded LaScSi.",Ru,8.3,False,400,0.1,3,,False,,,5250,63253,False,plot,~,30 h,steady_thermal_catalytic,0.00305079,,0.00399559,-1.13428,0,0.986961,22.1968,18.7201,22.3917,22.0704,22.2358,450,430,1.35779,primary: outlet NH3 assumed (median),Figure 5e,,,,
10.1002/adma.201700924,"Fig. 5e time course, 40 h",8.3 wt%Ru/LaScSi,"LaScSi synthesized by arc melting stoichiometric mixtures of La, Sc, and Si, followed by annealing; Ru-loaded LaScSi.",Ru,8.3,False,400,0.1,3,,False,,,5100,61445.8,False,plot,~,40 h,steady_thermal_catalytic,0.00305079,,0.00399559,-1.1364,0,0.958762,22.1698,18.7074,22.3622,22.0441,22.2943,450,430,1.33898,primary: outlet NH3 assumed (median),Figure 5e,,,,
10.1002/adma.201700924,"Fig. 5e time course, 50 h",8.3 wt%Ru/LaScSi,"LaScSi synthesized by arc melting stoichiometric mixtures of La, Sc, and Si, followed by annealing; Ru-loaded LaScSi.",Ru,8.3,False,400,0.1,3,,False,,,5100,61445.8,False,plot,~,50 h,steady_thermal_catalytic,0.00305079,,0.00399559,-1.1364,0,0.958762,22.1698,18.7074,22.3622,22.0441,22.2943,450,430,1.33898,primary: outlet NH3 assumed (median),Figure 5e,,,,
10.1002/adma.201700924,"Fig. 5e time course, 60 h",8.3 wt%Ru/LaScSi,"LaScSi synthesized by arc melting stoichiometric mixtures of La, Sc, and Si, followed by annealing; Ru-loaded LaScSi.",Ru,8.3,False,400,0.1,3,,False,,,5200,62650.6,False,plot,~,60 h,steady_thermal_catalytic,0.00305079,,0.00399559,-1.13499,0,0.977561,22.1875,18.7157,22.3815,22.0613,22.255,450,430,1.35129,primary: outlet NH3 assumed (median),Figure 5e,,,,
10.1002/adma.201700924,"Fig. 5e time course, 70 h",8.3 wt%Ru/LaScSi,"LaScSi synthesized by arc melting stoichiometric mixtures of La, Sc, and Si, followed by annealing; Ru-loaded LaScSi.",Ru,8.3,False,400,0.1,3,,False,,,5250,63253,False,plot,~,70 h,steady_thermal_catalytic,0.00305079,,0.00399559,-1.13428,0,0.986961,22.1968,18.7201,22.3917,22.0704,22.2358,450,430,1.35779,primary: outlet NH3 assumed (median),Figure 5e,,,,
10.1002/adma.201700924,"Fig. 5e time course, 80 h",8.3 wt%Ru/LaScSi,"LaScSi synthesized by arc melting stoichiometric mixtures of La, Sc, and Si, followed by annealing; Ru-loaded LaScSi.",Ru,8.3,False,400,0.1,3,,False,,,5300,63855.4,False,plot,~,80 h,steady_thermal_catalytic,0.00305079,,0.00399559,-1.13357,0,0.99636,22.2062,18.7246,22.402,22.0793,22.2171,450,430,1.36432,primary: outlet NH3 assumed (median),Figure 5e,10.1002/adma.201700924 | 400 C | 0.1 MPa | H2/N2 3 | 3.6e+04 mL/g/h,per g catalyst,5300,True
10.1002/aenm.201801772,"Fig 1a Cs-Ru/MgO, 400 C 5 MPa",Cs-Ru/MgO,Ru/MgO impregnated similarly to Ru catalysts; Cs added from ethanol solution of CsCO3 with Ru:Cs = 1:1.,Ru,1,False,400,5,3,66000,False,,,2740,322353,False,SI,=,,steady_thermal_catalytic,0.000930521,rate / WHSV,0.14665,-1.30758,0,0.00142393,25.7689,23.3598,27.7522,24.3676,63.1408,450,430,14.0618,primary,Figure 1a and Section 2.1 text,10.1002/aenm.201801772 | 400 C | 5 MPa | H2/N2 3 | 6.6e+04 mL/g/h,per g catalyst,2740,False
10.1002/aenm.201801772,"Fig 1a Ru/BaTiO3, 400 C 5 MPa",Ru/BaTiO3,Ru3(CO)12 impregnation/decomposition; reduced under H2 at 400 °C for 2 h before reaction.,Ru,1,False,400,5,3,66000,False,,,4100,410000,False,text,=,,steady_thermal_catalytic,0.00139238,rate / WHSV,0.14665,-1.29879,0,0.00299977,24.9996,22.814,26.6602,23.7448,46.6467,450,430,13.7359,primary,Section 2.1 text / Figure 1a,10.1002/aenm.201801772 | 400 C | 5 MPa | H2/N2 3 | 6.6e+04 mL/g/h,per g catalyst,4100,False
10.1002/aenm.201801772,"Fig 1a Ru/BaTiO2.65H0.35, 400 C 5 MPa",Ru/BaTiO2.65H0.35,Ru3(CO)12 impregnation/decomposition; reduced under H2 at 400 °C for 2 h before reaction.,Ru,1,False,400,5,3,66000,False,,,13000,1.3e+06,False,plot,~,,steady_thermal_catalytic,0.00441488,rate / WHSV,0.14665,-1.26997,0,0.0392053,23.5099,21.56,24.6777,22.5971,30.7988,450,430,8.7911,primary,Figure 1a,10.1002/aenm.201801772 | 400 C | 5 MPa | H2/N2 3 | 6.6e+04 mL/g/h,per g catalyst,13000,False
10.1002/aenm.201801772,"Fig 1a Ru/BaTiO2.5H0.5, 400 C 5 MPa",Ru/BaTiO2.5H0.5,Ru3(CO)12 impregnation/decomposition; reduced under H2 at 400 °C for 2 h before reaction.,Ru,0.86,False,400,5,3,66000,False,,,28200,3.27907e+06,False,text,=,,steady_thermal_catalytic,0.00957689,rate / WHSV,0.14665,-1.22935,0,0.345714,22.9777,21.1416,23.9275,22.151,25.3889,450,415,8.57463,primary,Section 2.1 text / Figure 1a,10.1002/aenm.201801772 | 400 C | 5 MPa | H2/N2 3 | 6.6e+04 mL/g/h,per g catalyst,28200,False
10.1002/aenm.201801772,"Text Ru/BaTiO2.5H0.5 high loading, 400 C 5 MPa",Ru/BaTiO2.5H0.5,Higher Ru loading sample; Ru3(CO)12 impregnation/decomposition; reduced under H2 at 400 °C for 2 h before reaction.,Ru,2.5,False,400,5,3,66000,False,,,50000,2e+06,False,text,=,,steady_thermal_catalytic,0.0169803,rate / WHSV,0.14665,-1.01223,0,0.58907,24.5349,21.3093,24.8157,24.3593,23.7165,450,215,4.74008,primary,Section 2.1 text,10.1002/aenm.201801772 | 400 C | 5 MPa | H2/N2 3 | 6.6e+04 mL/g/h,per g catalyst,50000,False
10.1002/aenm.201801772,"Fig 1a Ru/BaTiO2.5N0.3◻0.2, 400 C 5 MPa",Ru/BaTiO2.5N0.3◻0.2,Oxynitride support explicitly prepared; vacancies denoted by ◻ in Figure 1 caption.,Ru,1,False,400,5,3,66000,False,,,2000,200000,False,plot,~,,steady_thermal_catalytic,0.000679212,rate / WHSV,0.14665,-1.31434,0,0.00083913,26.5156,23.8831,28.7969,24.8497,88.9393,450,585,11.7451,primary,Figure 1a,10.1002/aenm.201801772 | 400 C | 5 MPa | H2/N2 3 | 6.6e+04 mL/g/h,per g catalyst,2000,False
10.1002/aenm.201801772,"Fig 1a Co/BaTiO3, 400 C 5 MPa",Co/BaTiO3,Co(acac)3 impregnation; extended H2 reduction at 400 °C for 3 h before reaction.,Co,1,False,400,5,3,66000,False,,,14,1400,False,text,=,,steady_thermal_catalytic,4.75448e-06,rate / WHSV,0.14665,-0.517549,0,541.086,,,,,,,,,primary; infeasible within bed limit,Section 2.1 text / Figure 1a,,,,
10.1002/aenm.201801772,"Fig 1a Co/BaTiO2.37H0.63, 400 C 5 MPa",Co/BaTiO2.37H0.63,Co(acac)3 impregnation; extended H2 reduction at 400 °C for 3 h before reaction.,Co,1,False,400,5,3,66000,False,,,5500,550000,False,text,=,,steady_thermal_catalytic,0.00186783,rate / WHSV,0.14665,-0.769895,0,224347,33.844,,,25.8751,21.0518,450,225,89.3036,primary,Section 2.1 text / Figure 1a,10.1002/aenm.201801772 | 400 C | 5 MPa | H2/N2 3 | 6.6e+04 mL/g/h,per g catalyst,5500,False
10.1002/aenm.201801772,"Fig 1a Fe/BaTiO3, 400 C 5 MPa",Fe/BaTiO3,Fe(acac)3 impregnation; extended H2 reduction at 400 °C for 3 h before reaction.,Fe,1,False,400,5,3,66000,False,,,200,20000,False,text,=,,steady_thermal_catalytic,6.79212e-05,rate / WHSV,0.14665,-1.38329,0,1.35627,36.1553,,52.4516,25.7491,36.4786,450,430,79.9547,primary,Section 2.1 text / Figure 1a,10.1002/aenm.201801772 | 400 C | 5 MPa | H2/N2 3 | 6.6e+04 mL/g/h,per g catalyst,200,False
10.1002/aenm.201801772,"Fig 1a Fe/BaTiO2.35H0.65, 400 C 5 MPa",Fe/BaTiO2.35H0.65,Fe(acac)3 impregnation; extended H2 reduction at 400 °C for 3 h before reaction.,Fe,1,False,400,5,3,66000,False,,,14000,1.4e+06,False,text,=,,steady_thermal_catalytic,0.00475448,rate / WHSV,0.14665,-1.28168,0,97.4551,19.9401,,21.709,18.0439,15.5975,450,220,31.4472,primary,Section 2.1 text / Figure 1a,10.1002/aenm.201801772 | 400 C | 5 MPa | H2/N2 3 | 6.6e+04 mL/g/h,per g catalyst,14000,False
10.1002/aenm.201801772,"Fig 1b Ru/CaTiO2.77H0.23, 400 C 5 MPa",Ru/CaTiO2.77H0.23,ATiO3 starting oxide prepared by citric acid method; Ru3(CO)12 impregnation/decomposition.,Ru,0.71,False,400,5,3,66000,False,,,5370,756338,False,SI,=,,steady_thermal_catalytic,0.00182368,rate / WHSV,0.14665,-1.28545,0,0.00727849,24.7525,23.0182,26.4703,23.3903,39.3058,450,430,12.5801,primary,Figure 1b,10.1002/aenm.201801772 | 400 C | 5 MPa | H2/N2 3 | 6.6e+04 mL/g/h,per g catalyst,5370,False
10.1002/aenm.201801772,"Fig 1b Ru/SrTiO2.59H0.41, 400 C 5 MPa",Ru/SrTiO2.59H0.41,ATiO3 starting oxide prepared by citric acid method; Ru3(CO)12 impregnation/decomposition.,Ru,1,False,400,5,3,66000,False,,,15000,1.5e+06,False,text,=,,steady_thermal_catalytic,0.00509409,rate / WHSV,0.14665,-1.26539,0,0.0561598,23.3788,21.439,24.4963,22.4853,29.6481,450,430,8.35135,primary,Section 2.2 text / Figure 1b,10.1002/aenm.201801772 | 400 C | 5 MPa | H2/N2 3 | 6.6e+04 mL/g/h,per g catalyst,15000,False
10.1002/aenm.201801772,"Fig 1b Ru/BaTiO2.67H0.33, 400 C 5 MPa",Ru/BaTiO2.67H0.33,ATiO3 starting oxide prepared by citric acid method; Ru3(CO)12 impregnation/decomposition.,Ru,1,False,400,5,3,66000,False,,,30500,3.05e+06,False,text,=,,steady_thermal_catalytic,0.010358,rate / WHSV,0.14665,-1.22908,0,0.368561,22.8115,20.8898,23.7066,22.0461,25.1724,450,410,7.6822,primary,Section 2.2 text / Figure 1b,10.1002/aenm.201801772 | 400 C | 5 MPa | H2/N2 3 | 6.6e+04 mL/g/h,per g catalyst,30500,False
10.1002/aenm.201801772,"Fig 1b Ru/CaTiO3, 400 C 5 MPa",Ru/CaTiO3,ATiO3 starting oxide prepared by citric acid method; Ru3(CO)12 impregnation/decomposition.,Ru,0.73,False,400,5,3,66000,False,,,770,105479,False,SI,=,,steady_thermal_catalytic,0.000261497,rate / WHSV,0.14665,-1.32817,0,0.000292036,29.7915,26.967,34.1814,26.6802,,450,615,18.5862,primary,Figure 1b,10.1002/aenm.201801772 | 400 C | 5 MPa | H2/N2 3 | 6.6e+04 mL/g/h,per g catalyst,770,False
10.1002/aenm.201801772,"Fig 1b Ru/SrTiO3, 400 C 5 MPa",Ru/SrTiO3,ATiO3 starting oxide prepared by citric acid method; Ru3(CO)12 impregnation/decomposition.,Ru,0.66,False,400,5,3,66000,False,,,2030,307576,False,SI,=,,steady_thermal_catalytic,0.0006894,rate / WHSV,0.14665,-1.30532,0,0.00130232,26.5665,24.6254,29.0843,24.6765,82.0611,450,430,17.3974,primary,Figure 1b,10.1002/aenm.201801772 | 400 C | 5 MPa | H2/N2 3 | 6.6e+04 mL/g/h,per g catalyst,2030,False
10.1002/aenm.201801772,"Fig 1b Ru/BaTiO3 citric acid, 400 C 5 MPa",Ru/BaTiO3,BaTiO3 starting oxide prepared by citric acid method; Ru3(CO)12 impregnation/decomposition.,Ru,1,False,400,5,3,66000,False,,,2100,210000,False,plot,~,,steady_thermal_catalytic,0.000713173,rate / WHSV,0.14665,-1.31329,0,0.000908183,26.4051,23.7959,28.6181,24.7727,82.8382,450,580,11.7034,primary,Figure 1b,10.1002/aenm.201801772 | 400 C | 5 MPa | H2/N2 3 | 6.6e+04 mL/g/h,per g catalyst,2100,False
10.1002/aenm.201801772,Fig 2 Ru/BaTiO3 0.1 MPa,Ru/BaTiO3,Ru3(CO)12 impregnation/decomposition; reduced under H2 at 400 °C for 2 h before reaction.,Ru,1,False,400,0.1,3,66000,False,,,2800,280000,False,plot,~,,steady_thermal_catalytic,0.000950897,rate / WHSV,0.00399559,-1.1386,0,0.86749,22.9621,20.9555,23.509,22.5614,23.3347,450,220,9.72314,primary,Figure 2,10.1002/aenm.201801772 | 400 C | 0.1 MPa | H2/N2 3 | 6.6e+04 mL/g/h,per g catalyst,2800,False
10.1002/aenm.201801772,Fig 2 Ru/BaTiO3 1 MPa,Ru/BaTiO3,Ru3(CO)12 impregnation/decomposition; reduced under H2 at 400 °C for 2 h before reaction.,Ru,1,False,400,1,3,66000,False,,,3200,320000,False,plot,~,,steady_thermal_catalytic,0.00108674,rate / WHSV,0.0373265,-1.24411,0,0.0165845,22.9594,21.0587,23.9273,22.1499,33.6119,450,430,9.1143,primary,Figure 2,10.1002/aenm.201801772 | 400 C | 1 MPa | H2/N2 3 | 6.6e+04 mL/g/h,per g catalyst,3200,False
10.1002/aenm.201801772,Fig 2 Ru/BaTiO3 2 MPa,Ru/BaTiO3,Ru3(CO)12 impregnation/decomposition; reduced under H2 at 400 °C for 2 h before reaction.,Ru,1,False,400,2,3,66000,False,,,3800,380000,False,plot,~,,steady_thermal_catalytic,0.0012905,rate / WHSV,0.0697143,-1.26677,0,0.00802017,23.4175,21.4747,24.5497,22.5185,37.1189,450,430,8.48135,primary,Figure 2,10.1002/aenm.201801772 | 400 C | 2 MPa | H2/N2 3 | 6.6e+04 mL/g/h,per g catalyst,3800,False
10.1002/aenm.201801772,Fig 2 Ru/BaTiO3 3 MPa,Ru/BaTiO3,Ru3(CO)12 impregnation/decomposition; reduced under H2 at 400 °C for 2 h before reaction.,Ru,1,False,400,3,3,66000,False,,,4000,400000,False,plot,~,,steady_thermal_catalytic,0.00135842,rate / WHSV,0.0982537,-1.28076,0,0.00513937,23.9113,21.9286,25.2357,22.9111,40.649,450,430,10.1324,primary,Figure 2,10.1002/aenm.201801772 | 400 C | 3 MPa | H2/N2 3 | 6.6e+04 mL/g/h,per g catalyst,4000,False
10.1002/aenm.201801772,Fig 2 Ru/BaTiO3 4 MPa,Ru/BaTiO3,Ru3(CO)12 impregnation/decomposition; reduced under H2 at 400 °C for 2 h before reaction.,Ru,1,False,400,4,3,66000,False,,,4100,410000,False,plot,~,,steady_thermal_catalytic,0.00139238,rate / WHSV,0.123712,-1.29075,0,0.00381905,24.4323,22.4082,25.9247,23.3123,43.5676,450,430,11.8638,primary,Figure 2,10.1002/aenm.201801772 | 400 C | 4 MPa | H2/N2 3 | 6.6e+04 mL/g/h,per g catalyst,4100,False
10.1002/aenm.201801772,Fig 2 Ru/BaTiO2.5H0.5 0.1 MPa,Ru/BaTiO2.5H0.5,Ru3(CO)12 impregnation/decomposition; reduced under H2 at 400 °C for 2 h before reaction.,Ru,0.86,False,400,0.1,3,66000,False,,,5000,581395,False,text,=,,steady_thermal_catalytic,0.00169803,rate / WHSV,0.00399559,-0.975,0.117729,3.57929,25.4207,22.9706,25.9223,24.9484,20.5599,450,175,12.5495,primary,Section 2.3 text / Figure 2,10.1002/aenm.201801772 | 400 C | 0.1 MPa | H2/N2 3 | 6.6e+04 mL/g/h,per g catalyst,5000,False
10.1002/aenm.201801772,Fig 2 Ru/BaTiO2.5H0.5 1 MPa,Ru/BaTiO2.5H0.5,Ru3(CO)12 impregnation/decomposition; reduced under H2 at 400 °C for 2 h before reaction.,Ru,0.86,False,400,1,3,66000,False,,,7500,872093,False,plot,~,,steady_thermal_catalytic,0.00254705,rate / WHSV,0.0373265,-1.2149,0,0.124724,22.9085,21.048,23.7128,22.1192,27.6359,450,415,8.31774,primary,Figure 2,10.1002/aenm.201801772 | 400 C | 1 MPa | H2/N2 3 | 6.6e+04 mL/g/h,per g catalyst,7500,False
10.1002/aenm.201801772,Fig 2 Ru/BaTiO2.5H0.5 2 MPa,Ru/BaTiO2.5H0.5,Ru3(CO)12 impregnation/decomposition; reduced under H2 at 400 °C for 2 h before reaction.,Ru,0.86,False,400,2,3,66000,False,,,12500,1.45349e+06,False,plot,~,,steady_thermal_catalytic,0.00424508,rate / WHSV,0.0697143,-1.22725,0,0.143444,22.9636,21.1248,23.8902,22.1433,27.3344,450,415,8.52241,primary,Figure 2,10.1002/aenm.201801772 | 400 C | 2 MPa | H2/N2 3 | 6.6e+04 mL/g/h,per g catalyst,12500,False
10.1002/aenm.201801772,Fig 2 Ru/BaTiO2.5H0.5 3 MPa,Ru/BaTiO2.5H0.5,Ru3(CO)12 impregnation/decomposition; reduced under H2 at 400 °C for 2 h before reaction.,Ru,0.86,False,400,3,3,66000,False,,,15000,1.74419e+06,False,plot,~,,steady_thermal_catalytic,0.00509409,rate / WHSV,0.0982537,-1.23894,0,0.126267,23.068,21.2398,24.0837,22.2105,27.6077,450,420,8.55973,primary,Figure 2,10.1002/aenm.201801772 | 400 C | 3 MPa | H2/N2 3 | 6.6e+04 mL/g/h,per g catalyst,15000,False
10.1002/aenm.201801772,Fig 2 Ru/BaTiO2.5H0.5 4 MPa,Ru/BaTiO2.5H0.5,Ru3(CO)12 impregnation/decomposition; reduced under H2 at 400 °C for 2 h before reaction.,Ru,0.86,False,400,4,3,66000,False,,,16200,1.88372e+06,False,plot,~,,steady_thermal_catalytic,0.00550162,rate / WHSV,0.123712,-1.24905,0,0.104687,23.2105,21.3846,24.2941,22.3162,28.0781,450,425,8.7377,primary,Figure 2,10.1002/aenm.201801772 | 400 C | 4 MPa | H2/N2 3 | 6.6e+04 mL/g/h,per g catalyst,16200,False
10.1002/aenm.201801772,Fig 2 Co/BaTiO2.4H0.6 0.1 MPa,Co/BaTiO2.4H0.6,Co(acac)3 impregnation; extended H2 reduction at 400 °C for 3 h before reaction.,Co,1,False,400,0.1,3,66000,False,,,300,30000,False,text,=,,steady_thermal_catalytic,0.000101882,rate / WHSV,0.00399559,-0.652655,0,38243,,,,,,,,,primary; infeasible within bed limit,Section 2.3 text / Figure 2,,,,
10.1002/aenm.201801772,Fig 2 Co/BaTiO2.4H0.6 1 MPa,Co/BaTiO2.4H0.6,Co(acac)3 impregnation; extended H2 reduction at 400 °C for 3 h before reaction.,Co,1,False,400,1,3,66000,False,,,3200,320000,False,plot,~,,steady_thermal_catalytic,0.00108674,rate / WHSV,0.0373265,-0.741992,0,165203,,,,29.3165,21.9647,,,,primary; infeasible within bed limit,Figure 2,,,,
10.1002/aenm.201801772,Fig 2 Co/BaTiO2.4H0.6 2 MPa,Co/BaTiO2.4H0.6,Co(acac)3 impregnation; extended H2 reduction at 400 °C for 3 h before reaction.,Co,1,False,400,2,3,66000,False,,,4000,400000,False,plot,~,,steady_thermal_catalytic,0.00135842,rate / WHSV,0.0697143,-0.751999,0,179568,44.1961,,,27.8389,21.7233,450,390,89.85,primary,Figure 2,10.1002/aenm.201801772 | 400 C | 2 MPa | H2/N2 3 | 6.6e+04 mL/g/h,per g catalyst,4000,False
10.1002/aenm.201801772,Fig 2 Co/BaTiO2.4H0.6 3 MPa,Co/BaTiO2.4H0.6,Co(acac)3 impregnation; extended H2 reduction at 400 °C for 3 h before reaction.,Co,1,False,400,3,3,66000,False,,,4800,480000,False,plot,~,,steady_thermal_catalytic,0.00163011,rate / WHSV,0.0982537,-0.761602,0,204371,36.9819,,,26.865,21.3253,450,275,89.8315,primary,Figure 2,10.1002/aenm.201801772 | 400 C | 3 MPa | H2/N2 3 | 6.6e+04 mL/g/h,per g catalyst,4800,False
10.1002/aenm.201801772,Fig 2 Co/BaTiO2.4H0.6 4 MPa,Co/BaTiO2.4H0.6,Co(acac)3 impregnation; extended H2 reduction at 400 °C for 3 h before reaction.,Co,1,False,400,4,3,66000,False,,,5200,520000,False,plot,~,,steady_thermal_catalytic,0.00176595,rate / WHSV,0.123712,-0.766297,0,215362,35.0687,,,26.492,21.1678,450,245,89.2055,primary,Figure 2,10.1002/aenm.201801772 | 400 C | 4 MPa | H2/N2 3 | 6.6e+04 mL/g/h,per g catalyst,5200,False
10.1002/aenm.201801772,Fig 2 Co/BaTiO2.4H0.6 5 MPa,Co/BaTiO2.4H0.6,Co(acac)3 impregnation; extended H2 reduction at 400 °C for 3 h before reaction.,Co,1,False,400,5,3,66000,False,,,4000,400000,False,text,=,,steady_thermal_catalytic,0.00135842,rate / WHSV,0.14665,-0.752906,0,160795,43.2062,,,27.7615,22.0485,450,375,89.7252,primary,Section 2.3 text / Figure 2,10.1002/aenm.201801772 | 400 C | 5 MPa | H2/N2 3 | 6.6e+04 mL/g/h,per g catalyst,4000,False
10.1002/aenm.201801772,Fig 2 Fe/BaTiO2.4H0.6 0.1 MPa,Fe/BaTiO2.4H0.6,Fe(acac)3 impregnation; extended H2 reduction at 400 °C for 3 h before reaction.,Fe,1,False,400,0.1,3,66000,False,,,2700,270000,False,text,=,,steady_thermal_catalytic,0.000916936,rate / WHSV,0.00399559,-1.16017,0,1226.5,19.3302,,20.6261,17.7819,13.8913,450,215,25.0349,primary,Section 2.3 text / Figure 2,10.1002/aenm.201801772 | 400 C | 0.1 MPa | H2/N2 3 | 6.6e+04 mL/g/h,per g catalyst,2700,False
10.1002/aenm.201801772,Fig 2 Fe/BaTiO2.4H0.6 1 MPa,Fe/BaTiO2.4H0.6,Fe(acac)3 impregnation; extended H2 reduction at 400 °C for 3 h before reaction.,Fe,1,False,400,1,3,66000,False,,,5200,520000,False,plot,~,,steady_thermal_catalytic,0.00176595,rate / WHSV,0.0373265,-1.24467,0,210.33,19.39,,20.8254,17.6978,15.0706,450,215,25.9219,primary,Figure 2,10.1002/aenm.201801772 | 400 C | 1 MPa | H2/N2 3 | 6.6e+04 mL/g/h,per g catalyst,5200,False
10.1002/aenm.201801772,Fig 2 Fe/BaTiO2.4H0.6 2 MPa,Fe/BaTiO2.4H0.6,Fe(acac)3 impregnation; extended H2 reduction at 400 °C for 3 h before reaction.,Fe,1,False,400,2,3,66000,False,,,8600,860000,False,plot,~,,steady_thermal_catalytic,0.00292061,rate / WHSV,0.0697143,-1.25903,0,167.857,19.5373,,21.0827,17.7851,15.2783,450,215,28.0862,primary,Figure 2,10.1002/aenm.201801772 | 400 C | 2 MPa | H2/N2 3 | 6.6e+04 mL/g/h,per g catalyst,8600,False
10.1002/aenm.201801772,Fig 2 Fe/BaTiO2.4H0.6 3 MPa,Fe/BaTiO2.4H0.6,Fe(acac)3 impregnation; extended H2 reduction at 400 °C for 3 h before reaction.,Fe,1,False,400,3,3,66000,False,,,11000,1.1e+06,False,plot,~,,steady_thermal_catalytic,0.00373567,rate / WHSV,0.0982537,-1.26841,0,137.811,19.6708,,21.2945,17.8707,15.4328,450,220,27.6473,primary,Figure 2,10.1002/aenm.201801772 | 400 C | 3 MPa | H2/N2 3 | 6.6e+04 mL/g/h,per g catalyst,11000,False
10.1002/aenm.201801772,Fig 2 Fe/BaTiO2.4H0.6 4 MPa,Fe/BaTiO2.4H0.6,Fe(acac)3 impregnation; extended H2 reduction at 400 °C for 3 h before reaction.,Fe,1,False,400,4,3,66000,False,,,12000,1.2e+06,False,plot,~,,steady_thermal_catalytic,0.00407527,rate / WHSV,0.123712,-1.27735,0,108.331,19.8397,,21.5534,17.9796,15.5407,450,220,30.0399,primary,Figure 2,10.1002/aenm.201801772 | 400 C | 4 MPa | H2/N2 3 | 6.6e+04 mL/g/h,per g catalyst,12000,False
10.1002/aenm.201801772,Fig 2 Fe/BaTiO2.4H0.6 5 MPa,Fe/BaTiO2.4H0.6,Fe(acac)3 impregnation; extended H2 reduction at 400 °C for 3 h before reaction.,Fe,1,False,400,5,3,66000,False,,,14000,1.4e+06,False,text,=,,steady_thermal_catalytic,0.00475448,rate / WHSV,0.14665,-1.28168,0,97.4551,19.9401,,21.709,18.0439,15.5975,450,220,31.4472,primary,Section 2.3 text / Figure 2,10.1002/aenm.201801772 | 400 C | 5 MPa | H2/N2 3 | 6.6e+04 mL/g/h,per g catalyst,14000,False
10.1002/anie.201712398,Text p2 Ru/Ba-Ca(NH2)2 260 °C,Ru/Ba-Ca(NH2)2,Prepared using ruthenium(III) acetylacetonate (Ru(acac)3); combined with Ba-doped Ca(NH2)2 under H2 gas flow at 400 °C.,Ru,10,False,260,0.9,,36000,True,,,7500,75000,False,text,=,,steady_thermal_catalytic,0.00466958,rate / WHSV (WHSV of the paper's comparison),0.230124,-1.145,1.82996,68.5482,15.8206,14.7024,15.8492,15.8097,15.8394,450,205,0.395129,flagged: T outside 300-500 C,Text on page 2,,,,
10.1002/anie.201712398,Table 1 Ru/Ba-Ca(NH2)2 300 °C,Ru/Ba-Ca(NH2)2,Prepared using Ru(acac)3 and H2 pretreatment at 400 °C; catalyst described as forming Ru–Ba core–shell nanoparticles on mesoporous Ba-Ca(NH2)2.,Ru,10,False,300,0.9,3,36000,False,36000 mL gcat-1 h-1,,23300,233000,False,table,=,,steady_thermal_catalytic,0.0145068,rate / WHSV,0.133169,-1.135,2.00833,101.973,15.608,14.5596,15.6308,15.6033,15.611,450,200,0.306098,primary,Table 1,10.1002/anie.201712398 | 300 C | 0.9 MPa | H2/N2 3 | 3.6e+04 mL/g/h,per g catalyst,23300,False
10.1002/anie.201712398,Text p2 Ru/Ba-Ca(NH2)2 360 °C,Ru/Ba-Ca(NH2)2,Prepared using ruthenium(III) acetylacetonate (Ru(acac)3); combined with Ba-doped Ca(NH2)2 under H2 gas flow at 400 °C.,Ru,10,False,360,0.9,,36000,True,,,60400,604000,False,text,=,,steady_thermal_catalytic,0.0376057,rate / WHSV (WHSV of the paper's comparison),0.057523,-1.095,1.84968,72.6399,15.9403,14.8011,15.9711,15.9274,15.802,450,210,0.421853,primary,Text on page 2,10.1002/anie.201712398 | 360 C | 0.9 MPa | H2/N2 3 | 3.6e+04 mL/g/h,per g catalyst,60400,False
10.1002/anie.201712398,Table 1 Ru/Ca(NH2)2 300 °C,Ru/Ca(NH2)2,,Ru,10,False,300,0.9,,36000,True,,,5700,57000,False,table,=,,steady_thermal_catalytic,0.00354888,rate / WHSV (WHSV of the paper's comparison),0.133169,-1.115,0.246754,1.82604,21.3083,17.836,21.4624,21.2055,21.0049,450,415,1.12748,primary,Table 1,10.1002/anie.201712398 | 300 C | 0.9 MPa | H2/N2 3 | 3.6e+04 mL/g/h,per g catalyst,5700,False
10.1002/anie.201712398,Table 1 Ru/Ba(NH2)2 300 °C,Ru/Ba(NH2)2,,Ru,10,False,300,0.9,,36000,True,,,300,3000,False,table,=,,steady_thermal_catalytic,0.000186783,rate / WHSV (WHSV of the paper's comparison),0.133169,-1.25308,0,0.00303273,21.7326,18.4731,21.9119,21.6155,39.1592,450,430,1.24159,primary,Table 1,10.1002/anie.201712398 | 300 C | 0.9 MPa | H2/N2 3 | 3.6e+04 mL/g/h,per g catalyst,300,False
10.1002/anie.201712398,Table 1 Cs-Ru/MgO 300 °C,Cs-Ru/MgO,,Ru,10,False,300,0.9,3,36000,False,36000 mL g-1 h-1,,400,4000,False,table,=,,steady_thermal_catalytic,0.000249044,rate / WHSV,0.133169,-1.24789,0,0.00476587,21.6775,18.4368,21.8525,21.5631,36.7801,450,430,1.20925,primary,Table 1,10.1002/anie.201712398 | 300 C | 0.9 MPa | H2/N2 3 | 3.6e+04 mL/g/h,per g catalyst,400,False
10.1002/anie.201712398,Text p2 Cs-Ru/MgO 260 °C,Cs-Ru/MgO,,Ru,10,False,260,0.9,3,36000,False,,,72,720,False,text,=,,steady_thermal_catalytic,4.4828e-05,rate / WHSV,0.230124,-1.24047,0,0.00421903,21.6166,18.3952,21.7868,21.5051,37.4268,450,430,1.17349,flagged: T outside 300-500 C,Text on page 2,,,,
10.1002/asia.201900618,"Fig 6a, 1.25%Ru/BaCeO3-a, 375 C",1.25%Ru/BaCeO3-a,BaCeO3-a support calcined in air at 800 °C for 6 h; Ru/BaCeO3 prepared by incipient wetness impregnation and reduced under H2 at 450 °C for 4 h.,Ru,1.25,False,375,3,3,24000,False,24000 mL g-1 h-1,,8000,640000,False,plot,~,2 h,steady_thermal_catalytic,0.00747133,rate / WHSV,0.130339,-1.23115,0,0.26577,22.5807,20.5058,23.4062,21.9274,25.7251,450,430,6.93776,primary,Figure 6a,10.1002/asia.201900618 | 375 C | 3 MPa | H2/N2 3 | 2.4e+04 mL/g/h,per g catalyst,8000,False
10.1002/asia.201900618,"Fig 6a, 1.25%Ru/BaCeO3-a, 400 C",1.25%Ru/BaCeO3-a,BaCeO3-a support calcined in air at 800 °C for 6 h; Ru/BaCeO3 prepared by incipient wetness impregnation and reduced under H2 at 450 °C for 4 h.,Ru,1.25,False,400,3,3,24000,False,24000 mL g-1 h-1,,12000,960000,False,plot,~,2 h,steady_thermal_catalytic,0.011207,rate / WHSV,0.0982537,-1.23914,0,0.264867,22.6451,20.5762,23.5029,21.9749,25.7329,450,430,7.12946,primary,Figure 6a,10.1002/asia.201900618 | 400 C | 3 MPa | H2/N2 3 | 2.4e+04 mL/g/h,per g catalyst,12000,False
10.1002/asia.201900618,"Fig 6a, 1.25%Ru/BaCeO3-a, 425 C",1.25%Ru/BaCeO3-a,BaCeO3-a support calcined in air at 800 °C for 6 h; Ru/BaCeO3 prepared by incipient wetness impregnation and reduced under H2 at 450 °C for 4 h.,Ru,1.25,False,425,3,3,24000,False,24000 mL g-1 h-1,,18000,1.44e+06,False,plot,~,2 h,steady_thermal_catalytic,0.0168105,rate / WHSV,0.0742991,-1.24302,0,0.30552,22.6869,20.6188,23.5621,22.0072,25.4266,450,430,7.25416,primary,Figure 6a,10.1002/asia.201900618 | 425 C | 3 MPa | H2/N2 3 | 2.4e+04 mL/g/h,per g catalyst,18000,False
10.1002/asia.201900618,"Text/Fig 6a, 1.25%Ru/BaCeO3-a, 450 C",1.25%Ru/BaCeO3-a,BaCeO3-a support calcined in air at 800 °C for 6 h; Ru/BaCeO3 prepared by incipient wetness impregnation and reduced under H2 at 450 °C for 4 h.,Ru,1.25,False,450,3,3,24000,False,24000 mL g-1 h-1,,24000,1.92e+06,False,mixed,=,2 h,steady_thermal_catalytic,0.022414,rate / WHSV,0.0565503,-1.25321,0,0.286968,22.833,20.76,23.7596,22.1229,25.5555,450,430,7.68904,primary,text and Figure 6a,10.1002/asia.201900618 | 450 C | 3 MPa | H2/N2 3 | 2.4e+04 mL/g/h,per g catalyst,24000,False
10.1002/asia.201900618,"Fig 6a, 1.25%Ru/BaCeO3-b, 375 C",1.25%Ru/BaCeO3-b,BaCeO3-b support calcined in air at 900 °C for 6 h; Ru/BaCeO3 prepared by incipient wetness impregnation and reduced under H2 at 450 °C for 4 h.,Ru,1.25,False,375,3,3,24000,False,24000 mL g-1 h-1,,4500,360000,False,plot,~,2 h,steady_thermal_catalytic,0.00420262,rate / WHSV,0.130339,-1.2571,0,0.057696,22.9054,20.8275,23.855,22.181,29.3721,450,430,7.9041,primary,Figure 6a,10.1002/asia.201900618 | 375 C | 3 MPa | H2/N2 3 | 2.4e+04 mL/g/h,per g catalyst,4500,False
10.1002/asia.201900618,"Fig 6a, 1.25%Ru/BaCeO3-b, 400 C",1.25%Ru/BaCeO3-b,BaCeO3-b support calcined in air at 900 °C for 6 h; Ru/BaCeO3 prepared by incipient wetness impregnation and reduced under H2 at 450 °C for 4 h.,Ru,1.25,False,400,3,3,24000,False,24000 mL g-1 h-1,,7000,560000,False,plot,~,2 h,steady_thermal_catalytic,0.00653742,rate / WHSV,0.0982537,-1.26593,0,0.0607544,23.1099,21.0148,24.1157,22.3467,29.2201,450,430,8.5116,primary,Figure 6a,10.1002/asia.201900618 | 400 C | 3 MPa | H2/N2 3 | 2.4e+04 mL/g/h,per g catalyst,7000,False
10.1002/asia.201900618,"Fig 6a, 1.25%Ru/BaCeO3-b, 425 C",1.25%Ru/BaCeO3-b,BaCeO3-b support calcined in air at 900 °C for 6 h; Ru/BaCeO3 prepared by incipient wetness impregnation and reduced under H2 at 450 °C for 4 h.,Ru,1.25,False,425,3,3,24000,False,24000 mL g-1 h-1,,12000,960000,False,plot,~,2 h,steady_thermal_catalytic,0.011207,rate / WHSV,0.0742991,-1.26865,0,0.097368,23.1868,21.0842,24.211,22.4092,27.9873,450,430,8.73956,primary,Figure 6a,10.1002/asia.201900618 | 425 C | 3 MPa | H2/N2 3 | 2.4e+04 mL/g/h,per g catalyst,12000,False
10.1002/asia.201900618,"Text/Fig 6a, 1.25%Ru/BaCeO3-b, 450 C",1.25%Ru/BaCeO3-b,BaCeO3-b support calcined in air at 900 °C for 6 h; Ru/BaCeO3 prepared by incipient wetness impregnation and reduced under H2 at 450 °C for 4 h.,Ru,1.25,False,450,3,3,24000,False,24000 mL g-1 h-1,,18000,1.44e+06,False,mixed,=,2 h,steady_thermal_catalytic,0.0168105,rate / WHSV,0.0565503,-1.27449,0,0.124432,23.3751,21.2534,24.4417,22.5624,27.4118,450,430,9.29733,primary,text and Figure 6a,10.1002/asia.201900618 | 450 C | 3 MPa | H2/N2 3 | 2.4e+04 mL/g/h,per g catalyst,18000,False
10.1002/asia.201900618,"Fig 6b, 2% Ba-1.25%Ru/BaCeO3-a, 375 C",2% Ba-1.25%Ru/BaCeO3-a,Promoter introduced to 1.25%Ru/BaCeO3-a by incipient wetness impregnation with nitrate solution.,Ru,1.25,False,375,3,3,24000,False,24000 mL g-1 h-1,,7000,560000,False,plot,~,2 h,steady_thermal_catalytic,0.00653742,rate / WHSV,0.130339,-1.23901,0,0.184892,22.6439,20.575,23.5011,21.974,26.5528,450,430,7.1259,primary,Figure 6b,10.1002/asia.201900618 | 375 C | 3 MPa | H2/N2 3 | 2.4e+04 mL/g/h,per g catalyst,7000,False
10.1002/asia.201900618,"Fig 6b, 2% Ba-1.25%Ru/BaCeO3-a, 400 C",2% Ba-1.25%Ru/BaCeO3-a,Promoter introduced to 1.25%Ru/BaCeO3-a by incipient wetness impregnation with nitrate solution.,Ru,1.25,False,400,3,3,24000,False,24000 mL g-1 h-1,,10000,800000,False,plot,~,2 h,steady_thermal_catalytic,0.00933917,rate / WHSV,0.0982537,-1.25045,0,0.159678,22.7866,20.7162,23.6976,22.0857,26.8983,450,430,7.551,primary,Figure 6b,10.1002/asia.201900618 | 400 C | 3 MPa | H2/N2 3 | 2.4e+04 mL/g/h,per g catalyst,10000,False
10.1002/asia.201900618,"Fig 6b, 2% Ba-1.25%Ru/BaCeO3-a, 425 C",2% Ba-1.25%Ru/BaCeO3-a,Promoter introduced to 1.25%Ru/BaCeO3-a by incipient wetness impregnation with nitrate solution.,Ru,1.25,False,425,3,3,24000,False,24000 mL g-1 h-1,,16000,1.28e+06,False,plot,~,2 h,steady_thermal_catalytic,0.0149427,rate / WHSV,0.0742991,-1.25234,0,0.218337,22.8182,20.746,23.7398,22.111,26.2174,450,430,7.64495,primary,Figure 6b,10.1002/asia.201900618 | 425 C | 3 MPa | H2/N2 3 | 2.4e+04 mL/g/h,per g catalyst,16000,False
10.1002/asia.201900618,"Fig 6b, 2% Ba-1.25%Ru/BaCeO3-a, 450 C",2% Ba-1.25%Ru/BaCeO3-a,Promoter introduced to 1.25%Ru/BaCeO3-a by incipient wetness impregnation with nitrate solution.,Ru,1.25,False,450,3,3,24000,False,24000 mL g-1 h-1,,21000,1.68e+06,False,plot,~,2 h,steady_thermal_catalytic,0.0196122,rate / WHSV,0.0565503,-1.26441,0,0.194136,23.0695,20.9781,24.0648,22.3139,26.4487,450,430,8.39159,primary,Figure 6b,10.1002/asia.201900618 | 450 C | 3 MPa | H2/N2 3 | 2.4e+04 mL/g/h,per g catalyst,21000,False
10.1002/asia.201900618,"Fig 6b, 2% K-1.25%Ru/BaCeO3-a, 375 C",2% K-1.25%Ru/BaCeO3-a,Promoter introduced to 1.25%Ru/BaCeO3-a by incipient wetness impregnation with nitrate solution.,Ru,1.25,False,375,3,3,24000,False,24000 mL g-1 h-1,,5000,400000,False,plot,~,2 h,steady_thermal_catalytic,0.00466958,rate / WHSV,0.130339,-1.25349,0,0.0757449,22.8377,20.7644,23.7658,22.1266,28.6537,450,430,7.70288,primary,Figure 6b,10.1002/asia.201900618 | 375 C | 3 MPa | H2/N2 3 | 2.4e+04 mL/g/h,per g catalyst,5000,False
10.1002/asia.201900618,"Fig 6b, 2% K-1.25%Ru/BaCeO3-a, 400 C",2% K-1.25%Ru/BaCeO3-a,Promoter introduced to 1.25%Ru/BaCeO3-a by incipient wetness impregnation with nitrate solution.,Ru,1.25,False,400,3,3,24000,False,24000 mL g-1 h-1,,8000,640000,False,plot,~,2 h,steady_thermal_catalytic,0.00747133,rate / WHSV,0.0982537,-1.26081,0,0.0868887,22.9833,20.8994,23.9558,22.244,28.3073,450,430,8.13566,primary,Figure 6b,10.1002/asia.201900618 | 400 C | 3 MPa | H2/N2 3 | 2.4e+04 mL/g/h,per g catalyst,8000,False
10.1002/asia.201900618,"Fig 6b, 2% K-1.25%Ru/BaCeO3-a, 425 C",2% K-1.25%Ru/BaCeO3-a,Promoter introduced to 1.25%Ru/BaCeO3-a by incipient wetness impregnation with nitrate solution.,Ru,1.25,False,425,3,3,24000,False,24000 mL g-1 h-1,,12000,960000,False,plot,~,2 h,steady_thermal_catalytic,0.011207,rate / WHSV,0.0742991,-1.26865,0,0.097368,23.1868,21.0842,24.211,22.4092,27.9873,450,430,8.73956,primary,Figure 6b,10.1002/asia.201900618 | 425 C | 3 MPa | H2/N2 3 | 2.4e+04 mL/g/h,per g catalyst,12000,False
10.1002/asia.201900618,"Fig 6b, 2% K-1.25%Ru/BaCeO3-a, 450 C",2% K-1.25%Ru/BaCeO3-a,Promoter introduced to 1.25%Ru/BaCeO3-a by incipient wetness impregnation with nitrate solution.,Ru,1.25,False,450,3,3,24000,False,24000 mL g-1 h-1,,18000,1.44e+06,False,plot,~,2 h,steady_thermal_catalytic,0.0168105,rate / WHSV,0.0565503,-1.27449,0,0.124432,23.3751,21.2534,24.4417,22.5624,27.4118,450,430,9.29733,primary,Figure 6b,10.1002/asia.201900618 | 450 C | 3 MPa | H2/N2 3 | 2.4e+04 mL/g/h,per g catalyst,18000,False
10.1002/asia.201900618,"Fig 6c, 2% Cs-1.25%Ru/BaCeO3-a, 375 C",2% Cs-1.25%Ru/BaCeO3-a,Promoter introduced to 1.25%Ru/BaCeO3-a by incipient wetness impregnation with nitrate solution.,Ru,1.25,False,375,3,3,24000,False,24000 mL g-1 h-1,,9000,720000,False,plot,~,2 h,steady_thermal_catalytic,0.00840525,rate / WHSV,0.130339,-1.22232,0,0.367346,22.5383,20.4501,23.3334,21.9,25.0277,450,430,6.8111,primary,Figure 6c,10.1002/asia.201900618 | 375 C | 3 MPa | H2/N2 3 | 2.4e+04 mL/g/h,per g catalyst,9000,False
10.1002/asia.201900618,"Fig 6c, 2% Cs-1.25%Ru/BaCeO3-a, 400 C",2% Cs-1.25%Ru/BaCeO3-a,Promoter introduced to 1.25%Ru/BaCeO3-a by incipient wetness impregnation with nitrate solution.,Ru,1.25,False,400,3,3,24000,False,24000 mL g-1 h-1,,13000,1.04e+06,False,plot,~,2 h,steady_thermal_catalytic,0.0121409,rate / WHSV,0.0982537,-1.2328,0,0.33152,22.5922,20.519,23.4242,21.9356,25.2702,450,430,6.97205,primary,Figure 6c,10.1002/asia.201900618 | 400 C | 3 MPa | H2/N2 3 | 2.4e+04 mL/g/h,per g catalyst,13000,False
10.1002/asia.201900618,"Fig 6c, 2% Cs-1.25%Ru/BaCeO3-a, 425 C",2% Cs-1.25%Ru/BaCeO3-a,Promoter introduced to 1.25%Ru/BaCeO3-a by incipient wetness impregnation with nitrate solution.,Ru,1.25,False,425,3,3,24000,False,24000 mL g-1 h-1,,20000,1.6e+06,False,plot,~,2 h,steady_thermal_catalytic,0.0186783,rate / WHSV,0.0742991,-1.23218,0,0.413681,22.5879,20.5141,23.4175,21.9325,24.748,450,430,6.9592,primary,Figure 6c,10.1002/asia.201900618 | 425 C | 3 MPa | H2/N2 3 | 2.4e+04 mL/g/h,per g catalyst,20000,False
10.1002/asia.201900618,"Fig 6c, 2% Cs-1.25%Ru/BaCeO3-a, 450 C",2% Cs-1.25%Ru/BaCeO3-a,Promoter introduced to 1.25%Ru/BaCeO3-a by incipient wetness impregnation with nitrate solution.,Ru,1.25,False,450,3,3,24000,False,24000 mL g-1 h-1,,25500,2.04e+06,False,plot,~,2 h,steady_thermal_catalytic,0.0238149,rate / WHSV,0.0565503,-1.24693,0,0.343303,22.7363,20.6675,23.6298,22.0458,25.2028,450,430,7.40112,primary,Figure 6c,10.1002/asia.201900618 | 450 C | 3 MPa | H2/N2 3 | 2.4e+04 mL/g/h,per g catalyst,25500,False
10.1002/asia.201900618,"Fig 6c, 4% Cs-1.25%Ru/BaCeO3-a, 375 C",4% Cs-1.25%Ru/BaCeO3-a,Promoter introduced to 1.25%Ru/BaCeO3-a by incipient wetness impregnation with nitrate solution.,Ru,1.25,False,375,3,3,24000,False,24000 mL g-1 h-1,,11000,880000,False,plot,~,2 h,steady_thermal_catalytic,0.0102731,rate / WHSV,0.130339,-1.19853,0,0.642146,22.543,20.3868,23.1833,21.9335,23.8047,450,430,6.82521,primary,Figure 6c,10.1002/asia.201900618 | 375 C | 3 MPa | H2/N2 3 | 2.4e+04 mL/g/h,per g catalyst,11000,False
10.1002/asia.201900618,"Fig 6c, 4% Cs-1.25%Ru/BaCeO3-a, 400 C",4% Cs-1.25%Ru/BaCeO3-a,Promoter introduced to 1.25%Ru/BaCeO3-a by incipient wetness impregnation with nitrate solution.,Ru,1.25,False,400,3,3,24000,False,24 L h-1 gcat-1,,14960,1.1968e+06,False,SI,=,2 h,steady_thermal_catalytic,0.0139714,rate / WHSV,0.0982537,-1.21797,0,0.493052,22.5268,20.4298,23.3087,21.8949,24.3917,450,430,6.77696,primary,Figure 6c,10.1002/asia.201900618 | 400 C | 3 MPa | H2/N2 3 | 2.4e+04 mL/g/h,per g catalyst,14960,False
10.1002/asia.201900618,"Fig 6c, 4% Cs-1.25%Ru/BaCeO3-a, 425 C",4% Cs-1.25%Ru/BaCeO3-a,Promoter introduced to 1.25%Ru/BaCeO3-a by incipient wetness impregnation with nitrate solution.,Ru,1.25,False,425,3,3,24000,False,24000 mL g-1 h-1,,22000,1.76e+06,False,plot,~,2 h,steady_thermal_catalytic,0.0205462,rate / WHSV,0.0742991,-1.2188,0,0.545297,22.5283,20.4331,23.3126,21.8953,24.1837,450,430,6.78134,primary,Figure 6c,10.1002/asia.201900618 | 425 C | 3 MPa | H2/N2 3 | 2.4e+04 mL/g/h,per g catalyst,22000,False
10.1002/asia.201900618,"Text/Fig 6c, 4% Cs-1.25%Ru/BaCeO3-a, 450 C",4% Cs-1.25%Ru/BaCeO3-a,Promoter introduced to 1.25%Ru/BaCeO3-a by incipient wetness impregnation with nitrate solution.,Ru,1.25,False,450,3,3,24000,False,24000 mL g-1 h-1,,28000,2.24e+06,False,mixed,=,2 h,steady_thermal_catalytic,0.0261497,rate / WHSV,0.0565503,-1.23487,0,0.453748,22.6067,20.5356,23.4468,21.946,24.5525,450,430,7.01528,primary,text and Figure 6c,10.1002/asia.201900618 | 450 C | 3 MPa | H2/N2 3 | 2.4e+04 mL/g/h,per g catalyst,28000,False
10.1002/asia.201900618,"Fig 6c, 6% Cs-1.25%Ru/BaCeO3-a, 375 C",6% Cs-1.25%Ru/BaCeO3-a,Promoter introduced to 1.25%Ru/BaCeO3-a by incipient wetness impregnation with nitrate solution.,Ru,1.25,False,375,3,3,24000,False,24000 mL g-1 h-1,,5000,400000,False,plot,~,2 h,steady_thermal_catalytic,0.00466958,rate / WHSV,0.130339,-1.25349,0,0.0757449,22.8377,20.7644,23.7658,22.1266,28.6537,450,430,7.70288,primary,Figure 6c,10.1002/asia.201900618 | 375 C | 3 MPa | H2/N2 3 | 2.4e+04 mL/g/h,per g catalyst,5000,False
10.1002/asia.201900618,"Fig 6c, 6% Cs-1.25%Ru/BaCeO3-a, 400 C",6% Cs-1.25%Ru/BaCeO3-a,Promoter introduced to 1.25%Ru/BaCeO3-a by incipient wetness impregnation with nitrate solution.,Ru,1.25,False,400,3,3,24000,False,24000 mL g-1 h-1,,8000,640000,False,plot,~,2 h,steady_thermal_catalytic,0.00747133,rate / WHSV,0.0982537,-1.26081,0,0.0868887,22.9833,20.8994,23.9558,22.244,28.3073,450,430,8.13566,primary,Figure 6c,10.1002/asia.201900618 | 400 C | 3 MPa | H2/N2 3 | 2.4e+04 mL/g/h,per g catalyst,8000,False
10.1002/asia.201900618,"Fig 6c, 6% Cs-1.25%Ru/BaCeO3-a, 425 C",6% Cs-1.25%Ru/BaCeO3-a,Promoter introduced to 1.25%Ru/BaCeO3-a by incipient wetness impregnation with nitrate solution.,Ru,1.25,False,425,3,3,24000,False,24000 mL g-1 h-1,,12000,960000,False,plot,~,2 h,steady_thermal_catalytic,0.011207,rate / WHSV,0.0742991,-1.26865,0,0.097368,23.1868,21.0842,24.211,22.4092,27.9873,450,430,8.73956,primary,Figure 6c,10.1002/asia.201900618 | 425 C | 3 MPa | H2/N2 3 | 2.4e+04 mL/g/h,per g catalyst,12000,False
10.1002/asia.201900618,"Fig 6c, 6% Cs-1.25%Ru/BaCeO3-a, 450 C",6% Cs-1.25%Ru/BaCeO3-a,Promoter introduced to 1.25%Ru/BaCeO3-a by incipient wetness impregnation with nitrate solution.,Ru,1.25,False,450,3,3,24000,False,24000 mL g-1 h-1,,19000,1.52e+06,False,plot,~,2 h,steady_thermal_catalytic,0.0177444,rate / WHSV,0.0565503,-1.27121,0,0.145332,23.2651,21.1547,24.3078,22.473,27.1001,450,430,8.97171,primary,Figure 6c,10.1002/asia.201900618 | 450 C | 3 MPa | H2/N2 3 | 2.4e+04 mL/g/h,per g catalyst,19000,False
10.1007/s10562-019-02674-1,"Fig. 6a, 2.5%Ru/CeO2-CS, 375 °C",2.5%Ru/CeO2–CS,CeO2 cubic spheres support; incipient impregnation; reduced at 450 °C for 4 h in hydrogen (60 mL min−1).,Ru,2.5,False,375,3,3,24000,False,24000 mL g−1 h−1,,10000,400000,False,plot,~,2 h,steady_thermal_catalytic,0.00933917,rate / WHSV,0.130339,-1.2407,0,0.246003,22.1182,19.594,22.6607,21.7216,25.6102,450,430,4.69793,primary,Figure 6a,10.1007/s10562-019-02674-1 | 375 C | 3 MPa | H2/N2 3 | 2.4e+04 mL/g/h,per g catalyst,10000,False
10.1007/s10562-019-02674-1,"Fig. 6a, 2.5%Ru/CeO2-CS, 400 °C",2.5%Ru/CeO2–CS,CeO2 cubic spheres support; incipient impregnation; reduced at 450 °C for 4 h in hydrogen (60 mL min−1).,Ru,2.5,False,400,3,3,24000,False,24000 mL g−1 h−1,,13000,520000,False,plot,~,2 h,steady_thermal_catalytic,0.0121409,rate / WHSV,0.0982537,-1.25791,0,0.16576,22.3372,19.7641,22.9216,21.9063,26.5109,450,430,5.11246,primary,Figure 6a,10.1007/s10562-019-02674-1 | 400 C | 3 MPa | H2/N2 3 | 2.4e+04 mL/g/h,per g catalyst,13000,False
10.1007/s10562-019-02674-1,"Fig. 6a, 2.5%Ru/CeO2-CS, 425 °C",2.5%Ru/CeO2–CS,CeO2 cubic spheres support; incipient impregnation; reduced at 450 °C for 4 h in hydrogen (60 mL min−1).,Ru,2.5,False,425,3,3,24000,False,24000 mL g−1 h−1,,20000,800000,False,plot,~,2 h,steady_thermal_catalytic,0.0186783,rate / WHSV,0.0742991,-1.26222,0,0.20684,22.4185,19.8236,23.0168,21.9749,26.022,450,430,5.2665,primary,Figure 6a,10.1007/s10562-019-02674-1 | 425 C | 3 MPa | H2/N2 3 | 2.4e+04 mL/g/h,per g catalyst,20000,False
10.1007/s10562-019-02674-1,"Text/Fig. 6a, 2.5%Ru/CeO2-CS, 450 °C",2.5%Ru/CeO2–CS,CeO2 cubic spheres support; incipient impregnation; reduced at 450 °C for 4 h in hydrogen (60 mL min−1).,Ru,2.5,False,450,3,3,24000,False,24000 mL g−1 h−1,,27000,1.08e+06,False,text,=,2 h,steady_thermal_catalytic,0.0252157,rate / WHSV,0.0565503,-1.27238,0,0.203481,22.6616,19.9996,23.3039,22.1827,26.0647,450,430,4.54325,primary,Section 3.6 Catalytic Performance for Ammonia Synthesis,10.1007/s10562-019-02674-1 | 450 C | 3 MPa | H2/N2 3 | 2.4e+04 mL/g/h,per g catalyst,27000,False
10.1007/s10562-019-02674-1,"Fig. 6a, 2.5%Ru/CeO2-MS, 375 °C",2.5%Ru/CeO2–MS,CeO2 microspheres support; incipient impregnation; reduced at 450 °C for 4 h in hydrogen (60 mL min−1).,Ru,2.5,False,375,3,3,24000,False,24000 mL g−1 h−1,,8000,320000,False,plot,~,2 h,steady_thermal_catalytic,0.00747133,rate / WHSV,0.130339,-1.25281,0,0.132885,22.2562,19.7034,22.8263,21.838,27.0333,450,430,4.95912,primary,Figure 6a,10.1007/s10562-019-02674-1 | 375 C | 3 MPa | H2/N2 3 | 2.4e+04 mL/g/h,per g catalyst,8000,False
10.1007/s10562-019-02674-1,"Fig. 6a, 2.5%Ru/CeO2-MS, 400 °C",2.5%Ru/CeO2–MS,CeO2 microspheres support; incipient impregnation; reduced at 450 °C for 4 h in hydrogen (60 mL min−1).,Ru,2.5,False,400,3,3,24000,False,24000 mL g−1 h−1,,11000,440000,False,plot,~,2 h,steady_thermal_catalytic,0.0102731,rate / WHSV,0.0982537,-1.2663,0,0.103921,22.5071,19.8874,23.1201,22.0495,27.5211,450,430,5.4341,primary,Figure 6a,10.1007/s10562-019-02674-1 | 400 C | 3 MPa | H2/N2 3 | 2.4e+04 mL/g/h,per g catalyst,11000,False
10.1007/s10562-019-02674-1,"Fig. 6a, 2.5%Ru/CeO2-MS, 425 °C",2.5%Ru/CeO2–MS,CeO2 microspheres support; incipient impregnation; reduced at 450 °C for 4 h in hydrogen (60 mL min−1).,Ru,2.5,False,425,3,3,24000,False,24000 mL g−1 h−1,,15000,600000,False,plot,~,2 h,steady_thermal_catalytic,0.0140087,rate / WHSV,0.0742991,-1.27871,0,0.0909299,22.8439,20.1357,23.5372,22.3515,27.8316,450,430,4.88844,primary,Figure 6a,10.1007/s10562-019-02674-1 | 425 C | 3 MPa | H2/N2 3 | 2.4e+04 mL/g/h,per g catalyst,15000,False
10.1007/s10562-019-02674-1,"Text/Fig. 6a, 2.5%Ru/CeO2-MS, 450 °C",2.5%Ru/CeO2–MS,CeO2 microspheres support; incipient impregnation; reduced at 450 °C for 4 h in hydrogen (60 mL min−1).,Ru,2.5,False,450,3,3,24000,False,24000 mL g−1 h−1,,21000,840000,False,text,=,2 h,steady_thermal_catalytic,0.0196122,rate / WHSV,0.0565503,-1.28915,0,0.0970681,23.2391,20.3609,24.0021,22.7172,27.6745,450,430,5.63648,primary,Section 3.6 Catalytic Performance for Ammonia Synthesis,10.1007/s10562-019-02674-1 | 450 C | 3 MPa | H2/N2 3 | 2.4e+04 mL/g/h,per g catalyst,21000,False
10.1007/s10562-019-02674-1,"Fig. 6a, 2.5%Ru/CeO2-NR, 375 °C",2.5%Ru/CeO2–NR,CeO2 nano rods support; incipient impregnation; reduced at 450 °C for 4 h in hydrogen (60 mL min−1).,Ru,2.5,False,375,3,3,24000,False,24000 mL g−1 h−1,,4500,180000,False,plot,~,2 h,steady_thermal_catalytic,0.00420262,rate / WHSV,0.130339,-1.27311,0,0.028848,22.6808,20.0145,23.3285,22.2005,30.9209,450,430,4.57976,primary,Figure 6a,10.1007/s10562-019-02674-1 | 375 C | 3 MPa | H2/N2 3 | 2.4e+04 mL/g/h,per g catalyst,4500,False
10.1007/s10562-019-02674-1,"Fig. 6a, 2.5%Ru/CeO2-NR, 400 °C",2.5%Ru/CeO2–NR,CeO2 nano rods support; incipient impregnation; reduced at 450 °C for 4 h in hydrogen (60 mL min−1).,Ru,2.5,False,400,3,3,24000,False,24000 mL g−1 h−1,,6000,240000,False,plot,~,2 h,steady_thermal_catalytic,0.0056035,rate / WHSV,0.0982537,-1.28757,0,0.020231,23.1716,20.3228,23.9232,22.6549,31.9499,450,430,5.50872,primary,Figure 6a,10.1007/s10562-019-02674-1 | 400 C | 3 MPa | H2/N2 3 | 2.4e+04 mL/g/h,per g catalyst,6000,False
10.1007/s10562-019-02674-1,"Fig. 6a, 2.5%Ru/CeO2-NR, 425 °C",2.5%Ru/CeO2–NR,CeO2 nano rods support; incipient impregnation; reduced at 450 °C for 4 h in hydrogen (60 mL min−1).,Ru,2.5,False,425,3,3,24000,False,24000 mL g−1 h−1,,9000,360000,False,plot,~,2 h,steady_thermal_catalytic,0.00840525,rate / WHSV,0.0742991,-1.29843,0,0.0221554,23.7232,20.6239,24.5697,23.1631,31.6755,450,430,6.55164,primary,Figure 6a,10.1007/s10562-019-02674-1 | 425 C | 3 MPa | H2/N2 3 | 2.4e+04 mL/g/h,per g catalyst,9000,False
10.1007/s10562-019-02674-1,"Text/Fig. 6a, 2.5%Ru/CeO2-NR, 450 °C",2.5%Ru/CeO2–NR,CeO2 nano rods support; incipient impregnation; reduced at 450 °C for 4 h in hydrogen (60 mL min−1).,Ru,2.5,False,450,3,3,24000,False,24000 mL g−1 h−1,,15000,600000,False,text,=,2 h,steady_thermal_catalytic,0.0140087,rate / WHSV,0.0565503,-1.30544,0,0.0370721,24.1972,20.8711,25.1306,23.5698,30.2549,450,430,7.44663,primary,Section 3.6 Catalytic Performance for Ammonia Synthesis,10.1007/s10562-019-02674-1 | 450 C | 3 MPa | H2/N2 3 | 2.4e+04 mL/g/h,per g catalyst,15000,False
10.1007/s10562-019-02674-1,"Fig. 6b, 1.25%Ru/CeO2-CS, 375 °C",1.25%Ru/CeO2–CS,CeO2 cubic spheres support; incipient impregnation; reduced at 450 °C for 4 h in hydrogen (60 mL min−1).,Ru,1.25,False,375,3,3,24000,False,24000 mL g−1 h−1,,6000,480000,False,plot,~,2 h,steady_thermal_catalytic,0.0056035,rate / WHSV,0.130339,-1.24634,0,0.122339,22.7281,20.6596,23.6188,22.0394,27.4472,450,430,7.37683,primary,Figure 6b,10.1007/s10562-019-02674-1 | 375 C | 3 MPa | H2/N2 3 | 2.4e+04 mL/g/h,per g catalyst,6000,False
10.1007/s10562-019-02674-1,"Fig. 6b, 1.25%Ru/CeO2-CS, 400 °C",1.25%Ru/CeO2–CS,CeO2 cubic spheres support; incipient impregnation; reduced at 450 °C for 4 h in hydrogen (60 mL min−1).,Ru,1.25,False,400,3,3,24000,False,24000 mL g−1 h−1,,7000,560000,False,plot,~,2 h,steady_thermal_catalytic,0.00653742,rate / WHSV,0.0982537,-1.26593,0,0.0607544,23.1099,21.0148,24.1157,22.3467,29.2201,450,430,8.5116,primary,Figure 6b,10.1007/s10562-019-02674-1 | 400 C | 3 MPa | H2/N2 3 | 2.4e+04 mL/g/h,per g catalyst,7000,False
10.1007/s10562-019-02674-1,"Fig. 6b, 1.25%Ru/CeO2-CS, 425 °C",1.25%Ru/CeO2–CS,CeO2 cubic spheres support; incipient impregnation; reduced at 450 °C for 4 h in hydrogen (60 mL min−1).,Ru,1.25,False,425,3,3,24000,False,24000 mL g−1 h−1,,9500,760000,False,plot,~,2 h,steady_thermal_catalytic,0.00887221,rate / WHSV,0.0742991,-1.27842,0,0.0512908,23.5257,21.388,24.6225,22.685,29.7498,450,430,9.74283,primary,Figure 6b,10.1007/s10562-019-02674-1 | 425 C | 3 MPa | H2/N2 3 | 2.4e+04 mL/g/h,per g catalyst,9500,False
10.1007/s10562-019-02674-1,"Fig. 6b, 1.25%Ru/CeO2-CS, 450 °C",1.25%Ru/CeO2–CS,CeO2 cubic spheres support; incipient impregnation; reduced at 450 °C for 4 h in hydrogen (60 mL min−1).,Ru,1.25,False,450,3,3,24000,False,24000 mL g−1 h−1,,11000,880000,False,SI,=,2 h,steady_thermal_catalytic,0.0102731,rate / WHSV,0.0565503,-1.29734,0,0.0313732,24.4939,22.1284,25.9152,23.4783,31.2177,450,430,10.6904,primary,Figure 6b,10.1007/s10562-019-02674-1 | 450 C | 3 MPa | H2/N2 3 | 2.4e+04 mL/g/h,per g catalyst,11000,False
10.1007/s10562-019-02674-1,"Fig. 6b, 3.5%Ru/CeO2-CS, 375 °C",3.5%Ru/CeO2–CS,CeO2 cubic spheres support; incipient impregnation; reduced at 450 °C for 4 h in hydrogen (60 mL min−1).,Ru,3.5,False,375,3,3,24000,False,24000 mL g−1 h−1,,7000,200000,False,plot,~,2 h,steady_thermal_catalytic,0.00653742,rate / WHSV,0.130339,-1.26706,0,0.0660329,22.3068,19.4866,22.7928,21.975,28.5828,450,430,3.90629,primary,Figure 6b,10.1007/s10562-019-02674-1 | 375 C | 3 MPa | H2/N2 3 | 2.4e+04 mL/g/h,per g catalyst,7000,False
10.1007/s10562-019-02674-1,"Fig. 6b, 3.5%Ru/CeO2-CS, 400 °C",3.5%Ru/CeO2–CS,CeO2 cubic spheres support; incipient impregnation; reduced at 450 °C for 4 h in hydrogen (60 mL min−1).,Ru,3.5,False,400,3,3,24000,False,24000 mL g−1 h−1,,9500,271429,False,plot,~,2 h,steady_thermal_catalytic,0.00887221,rate / WHSV,0.0982537,-1.28111,0,0.0495288,22.7018,19.6923,23.2272,22.3227,29.3211,450,430,4.48427,primary,Figure 6b,10.1007/s10562-019-02674-1 | 400 C | 3 MPa | H2/N2 3 | 2.4e+04 mL/g/h,per g catalyst,9500,False
10.1007/s10562-019-02674-1,"Fig. 6b, 3.5%Ru/CeO2-CS, 425 °C",3.5%Ru/CeO2–CS,CeO2 cubic spheres support; incipient impregnation; reduced at 450 °C for 4 h in hydrogen (60 mL min−1).,Ru,3.5,False,425,3,3,24000,False,24000 mL g−1 h−1,,16000,457143,False,plot,~,2 h,steady_thermal_catalytic,0.0149427,rate / WHSV,0.0742991,-1.28568,0,0.0779776,22.8738,19.7765,23.4166,22.474,28.1309,450,430,4.73596,primary,Figure 6b,10.1007/s10562-019-02674-1 | 425 C | 3 MPa | H2/N2 3 | 2.4e+04 mL/g/h,per g catalyst,16000,False
10.1007/s10562-019-02674-1,"Fig. 6b, 3.5%Ru/CeO2-CS, 450 °C",3.5%Ru/CeO2–CS,CeO2 cubic spheres support; incipient impregnation; reduced at 450 °C for 4 h in hydrogen (60 mL min−1).,Ru,3.5,False,450,3,3,24000,False,24000 mL g−1 h−1,,18000,514286,False,SI,=,2 h,steady_thermal_catalytic,0.0168105,rate / WHSV,0.0565503,-1.3079,0,0.04444,24.0788,20.3743,24.812,23.6087,29.6136,450,430,5.58424,primary,Figure 6b,10.1007/s10562-019-02674-1 | 450 C | 3 MPa | H2/N2 3 | 2.4e+04 mL/g/h,per g catalyst,18000,False
10.1021/acs.iecr.8b02126,"Figure 10a, Ru/CeO2-r, 400 °C",Ru/CeO2-r,CeO2-r hydrothermally prepared at 100 °C for 24 h; Ru/CeO2 prepared by impregnation and reduced in hydrogen at 450 °C for 6 h.,Ru,10,False,400,10,3,,False,70 dm3/h,,112000,1.12e+06,False,plot,~,,steady_thermal_catalytic,0.00305079,,0.235441,-1.3004,0,0.0103592,23.1004,19.0681,23.3687,22.9186,33.4404,450,430,2.04685,primary: outlet NH3 assumed (median),Figure 10a,10.1021/acs.iecr.8b02126 | 400 C | 10 MPa | H2/N2 3 | SV not given,per g catalyst,112000,False
10.1021/acs.iecr.8b02126,"Figure 10a, Ru/CeO2-r, 410 °C",Ru/CeO2-r,CeO2-r hydrothermally prepared at 100 °C for 24 h; Ru/CeO2 prepared by impregnation and reduced in hydrogen at 450 °C for 6 h.,Ru,10,False,410,10,3,,False,70 dm3/h,,154000,1.54e+06,False,plot,~,,steady_thermal_catalytic,0.00305079,,0.216139,-1.3023,0,0.00908863,23.2127,19.11,23.4797,23.0256,33.943,450,430,2.11305,primary: outlet NH3 assumed (median),Figure 10a,10.1021/acs.iecr.8b02126 | 410 C | 10 MPa | H2/N2 3 | SV not given,per g catalyst,154000,False
10.1021/acs.iecr.8b02126,"Figure 10a, Ru/CeO2-r, 420 °C",Ru/CeO2-r,CeO2-r hydrothermally prepared at 100 °C for 24 h; Ru/CeO2 prepared by impregnation and reduced in hydrogen at 450 °C for 6 h.,Ru,10,False,420,10,3,,False,70 dm3/h,,198000,1.98e+06,False,plot,~,,steady_thermal_catalytic,0.00305079,,0.198206,-1.30542,0,0.0076255,23.407,19.1802,23.6724,23.2106,34.5645,450,430,2.22761,primary: outlet NH3 assumed (median),Figure 10a,10.1021/acs.iecr.8b02126 | 420 C | 10 MPa | H2/N2 3 | SV not given,per g catalyst,198000,False
10.1021/acs.iecr.8b02126,"Figure 10a, Ru/CeO2-r, 430 °C",Ru/CeO2-r,CeO2-r hydrothermally prepared at 100 °C for 24 h; Ru/CeO2 prepared by impregnation and reduced in hydrogen at 450 °C for 6 h.,Ru,10,False,430,10,3,,False,70 dm3/h,,254000,2.54e+06,False,plot,~,,steady_thermal_catalytic,0.00305079,,0.181608,-1.30836,0,0.00651797,23.5991,19.2544,23.8771,23.4071,35.1923,450,430,1.97237,primary: outlet NH3 assumed (median),Figure 10a,10.1021/acs.iecr.8b02126 | 430 C | 10 MPa | H2/N2 3 | SV not given,per g catalyst,254000,False
10.1021/acs.iecr.8b02126,"Figure 10a, Ru/CeO2-c, 400 °C",Ru/CeO2-c,CeO2-c hydrothermally prepared at 180 °C for 24 h; Ru/CeO2 prepared by impregnation and reduced in hydrogen at 450 °C for 6 h.,Ru,10,False,400,10,3,,False,70 dm3/h,,46000,460000,False,plot,~,,steady_thermal_catalytic,0.00305079,,0.235441,-1.31975,0,0.00425466,24.3441,19.5928,24.665,24.1379,37.3867,450,540,1.62291,primary: outlet NH3 assumed (median),Figure 10a,10.1021/acs.iecr.8b02126 | 400 C | 10 MPa | H2/N2 3 | SV not given,per g catalyst,46000,False
10.1021/acs.iecr.8b02126,"Figure 10a, Ru/CeO2-c, 410 °C",Ru/CeO2-c,CeO2-c hydrothermally prepared at 180 °C for 24 h; Ru/CeO2 prepared by impregnation and reduced in hydrogen at 450 °C for 6 h.,Ru,10,False,410,10,3,,False,70 dm3/h,,64000,640000,False,plot,~,,steady_thermal_catalytic,0.00305079,,0.216139,-1.32161,0,0.00377709,24.4767,19.6591,24.8093,24.2636,37.9718,450,545,1.66133,primary: outlet NH3 assumed (median),Figure 10a,10.1021/acs.iecr.8b02126 | 410 C | 10 MPa | H2/N2 3 | SV not given,per g catalyst,64000,False
10.1021/acs.iecr.8b02126,"Figure 10a, Ru/CeO2-c, 420 °C",Ru/CeO2-c,CeO2-c hydrothermally prepared at 180 °C for 24 h; Ru/CeO2 prepared by impregnation and reduced in hydrogen at 450 °C for 6 h.,Ru,10,False,420,10,3,,False,70 dm3/h,,85000,850000,False,plot,~,,steady_thermal_catalytic,0.00305079,,0.198206,-1.32425,0,0.00327358,24.6737,19.7561,25.024,24.4498,38.7282,450,555,1.69992,primary: outlet NH3 assumed (median),Figure 10a,10.1021/acs.iecr.8b02126 | 420 C | 10 MPa | H2/N2 3 | SV not given,per g catalyst,85000,False
10.1021/acs.iecr.8b02126,"Figure 10a, Ru/CeO2-c, 430 °C",Ru/CeO2-c,CeO2-c hydrothermally prepared at 180 °C for 24 h; Ru/CeO2 prepared by impregnation and reduced in hydrogen at 450 °C for 6 h.,Ru,10,False,430,10,3,,False,70 dm3/h,,106000,1.06e+06,False,plot,~,,steady_thermal_catalytic,0.00305079,,0.181608,-1.32815,0,0.0027201,24.9903,19.9137,25.3709,24.7481,39.8094,450,570,1.77101,primary: outlet NH3 assumed (median),Figure 10a,10.1021/acs.iecr.8b02126 | 430 C | 10 MPa | H2/N2 3 | SV not given,per g catalyst,106000,False
10.1021/acs.iecr.9b01610,Table 2 row 1,Ba−Ru/Al2O3,"Al2O3 support prepared by heating alumina in N2 (100 mL min−1) at 900 °C for 30 min; Ru precursor impregnated, reduced in hydrogen at 450 °C for 6 h, then Ba introduced by incipient wet impregnation.",Ru,5,False,400,1,3,60000,False,60000 mL g−1 h−1,,2796,55920,False,table,=,,steady_thermal_catalytic,0.00104449,rate / WHSV,0.0373265,-1.28283,0,0.00278846,22.5722,19.3103,22.9848,22.2974,40.4708,450,430,3.20298,primary,Table 2,10.1021/acs.iecr.9b01610 | 400 C | 1 MPa | H2/N2 3 | 6e+04 mL/g/h,per g catalyst,2796,False
10.1021/acs.iecr.9b01610,Table 2 row 2,Ba−Ru/sC−Al2O3,"sC−Al2O3 prepared by impregnation of Al2O3 with aqueous sucrose solution (sucrose-to-alumina ratio = 30 wt %) and heating at 600 °C in N2 (100 mL min−1) for 30 min; Ru precursor impregnated, reduced in hydrogen at 450 °C for 6 h, then Ba introduced by incipient wet impregnation.",Ru,5,False,400,1,3,60000,False,60000 mL g−1 h−1,,4778,95560,False,table,=,,steady_thermal_catalytic,0.0017849,rate / WHSV,0.0373265,-1.26946,0,0.0085757,22.1937,19.1328,22.5844,21.9521,34.4246,450,430,2.7902,primary,Table 2,10.1021/acs.iecr.9b01610 | 400 C | 1 MPa | H2/N2 3 | 6e+04 mL/g/h,per g catalyst,4778,False
10.1021/acs.iecr.9b01610,Table 2 row 3,Ba−Ru/gC−Al2O3,"gC−Al2O3 prepared by heating γ-Al2O3 to 900 °C in N2 (100 mL min−1), exposure to acetylene (150 mL min−1) for 10 min at 900 °C, then cooling in N2; Ru precursor impregnated, reduced in hydrogen at 450 °C for 6 h, then Ba introduced by incipient wet impregnation.",Ru,5,False,400,1,3,60000,False,60000 mL g−1 h−1,,5611,112220,False,table,=,,steady_thermal_catalytic,0.00209608,rate / WHSV,0.0373265,-1.26528,0,0.0123433,22.1053,19.0839,22.4827,21.8715,33.1129,450,430,2.69391,primary,Table 2,10.1021/acs.iecr.9b01610 | 400 C | 1 MPa | H2/N2 3 | 6e+04 mL/g/h,per g catalyst,5611,False
10.1021/acs.iecr.9b01610,Text section 3.3 high-carbon Ba−Ru/sC−Al2O3,Ba−Ru/sC−Al2O3,High-carbon “Ba−Ru/sC−Al2O3” catalyst prepared by sucrose pyrolysis with sucrose-to-Al2O3 ratio = 50 wt %; TG result showed carbon content of 13 wt %.,Ru,5,False,400,1,3,60000,False,60000 mL g−1 h−1,,4236,84720,False,text,=,,steady_thermal_catalytic,0.00158243,rate / WHSV,0.0373265,-1.27252,0,0.00658074,22.2673,19.1685,22.6654,22.0193,35.5051,450,430,2.87052,primary,Text section 3.3,10.1021/acs.iecr.9b01610 | 400 C | 1 MPa | H2/N2 3 | 6e+04 mL/g/h,per g catalyst,4236,False
10.1021/acscatal.1c02887,Table 1 entry 1,Co@BaO/MgO-700red,"Sequential impregnation; Ba added to MgO first, then Co; prereduced in pure H2 at 700 °C for 1 h at 0.1 MPa.",Co,20,False,350,1,3,72000,False,72000 mL h−1 gcat−1,,24600,123000,False,table,=,,steady_thermal_catalytic,0.00765812,rate / WHSV,0.0723434,-0.940345,0,2.74096e+06,17.2522,,18.2565,16.1604,14.7344,450,190,22.1568,primary,Table 1,10.1021/acscatal.1c02887 | 350 C | 1 MPa | H2/N2 3 | 7.2e+04 mL/g/h,per g catalyst,24600,False
10.1021/acscatal.1c02887,Table 1 entry 2,Co/Ba/MgO-500red,"Sequential impregnation; Ba added to MgO first, then Co; prereduced in pure H2 at 500 °C for 1 h at 0.1 MPa.",Co,20,False,350,1,3,72000,False,72000 mL h−1 gcat−1,,2300,11500,False,table,=,,steady_thermal_catalytic,0.000716003,rate / WHSV,0.0723434,-0.720584,0,196677,22.7679,,24.3613,21.0006,16.0656,450,110,50.7317,primary,Table 1,10.1021/acscatal.1c02887 | 350 C | 1 MPa | H2/N2 3 | 7.2e+04 mL/g/h,per g catalyst,2300,False
10.1021/acscatal.1c02887,Table 1 entry 3,Co/MgO-700red,Prepared like Co/Ba/MgO but without Ba addition; MgO calcined at 700 °C before Co impregnation; prereduced in pure H2 at 700 °C for 1 h at 0.1 MPa.,Co,20,False,350,1,3,72000,False,72000 mL h−1 gcat−1,,300,1500,False,table,=,,steady_thermal_catalytic,9.33917e-05,rate / WHSV,0.0723434,-0.638725,0,25013.3,29.3347,,,24.5394,19.5014,450,155,88.5501,primary,Table 1,10.1021/acscatal.1c02887 | 350 C | 1 MPa | H2/N2 3 | 7.2e+04 mL/g/h,per g catalyst,300,False
10.1021/acscatal.1c02887,"Fig 1a, Co@BaO/MgO-700red, 150 C",Co@BaO/MgO-700red,Prereduced in pure H2 at 700 °C for 1 h at 0.1 MPa.,Co,20,False,150,1,3,72000,False,72000 mL h−1 gcat−1,,50,250,False,text,=,,steady_thermal_catalytic,1.55653e-05,rate / WHSV,0.693307,-1.11,1.19755,1.0924e+14,14.1222,,14.5703,13.7111,11.0568,400,155,14.7819,flagged: T outside 300-500 C,Text on Figure 1a results,,,,
10.1021/acscatal.1c02887,"Fig 1a, Co@BaO/MgO-700red, 200 C",Co@BaO/MgO-700red,Prereduced in pure H2 at 700 °C for 1 h at 0.1 MPa.,Co,20,False,200,1,3,72000,False,72000 mL h−1 gcat−1,,620,3100,False,SI,=,,steady_thermal_catalytic,0.000193009,rate / WHSV,0.477439,-1.125,0.572433,4.44915e+11,14.8983,,15.3942,14.5319,11.0636,425,175,11.8099,flagged: T outside 300-500 C,Figure 1a,,,,
10.1021/acscatal.1c02887,"Fig 1a, Co@BaO/MgO-700red, 250 C",Co@BaO/MgO-700red,Prereduced in pure H2 at 700 °C for 1 h at 0.1 MPa.,Co,20,False,250,1,3,72000,False,72000 mL h−1 gcat−1,,3100,15500,False,SI,=,,steady_thermal_catalytic,0.000965047,rate / WHSV,0.278145,-1.125,0.065245,3.92242e+09,15.6075,,16.0576,15.1316,11.5203,450,195,9.22631,flagged: T outside 300-500 C,Figure 1a,,,,
10.1021/acscatal.1c02887,"Fig 1a, Co@BaO/MgO-700red, 300 C",Co@BaO/MgO-700red,Prereduced in pure H2 at 700 °C for 1 h at 0.1 MPa.,Co,20,False,300,1,3,72000,False,72000 mL h−1 gcat−1,,10500,52500,False,SI,=,,steady_thermal_catalytic,0.00326871,rate / WHSV,0.144217,-1.04237,0,7.92835e+07,16.0317,,16.7656,15.5042,13.485,450,205,13.6754,primary,Figure 1a,10.1021/acscatal.1c02887 | 300 C | 1 MPa | H2/N2 3 | 7.2e+04 mL/g/h,per g catalyst,10500,False
10.1021/acscatal.1c02887,"Fig 1a, Co@BaO/MgO-700red, 400 C",Co@BaO/MgO-700red,Prereduced in pure H2 at 700 °C for 1 h at 0.1 MPa.,Co,5,False,400,1,3,72000,False,72000 mL h−1 gcat−1,,24100,482000,False,SI,=,,steady_thermal_catalytic,0.00750246,rate / WHSV,0.0373265,-0.821779,0,286312,22.0468,,23.5235,20.4416,17.4375,450,110,57.1794,primary,Figure 1a,10.1021/acscatal.1c02887 | 400 C | 1 MPa | H2/N2 3 | 7.2e+04 mL/g/h,per g catalyst,24100,False
10.1021/acscatal.1c02887,"Fig 1a, Co/Ba/MgO-500red, 300 C",Co/Ba/MgO-500red,Prereduced in pure H2 at 500 °C for 1 h at 0.1 MPa.,Co,20,False,300,1,3,72000,False,72000 mL h−1 gcat−1,,400,2000,False,plot,~,,steady_thermal_catalytic,0.000124522,rate / WHSV,0.144217,-0.772223,0,2.3327e+06,20.9304,,22.2556,19.6244,14.8235,450,110,45.0395,primary,Figure 1a,10.1021/acscatal.1c02887 | 300 C | 1 MPa | H2/N2 3 | 7.2e+04 mL/g/h,per g catalyst,400,False
10.1021/acscatal.1c02887,"Fig 1a, Co/Ba/MgO-500red, 400 C",Co/Ba/MgO-500red,Prereduced in pure H2 at 500 °C for 1 h at 0.1 MPa.,Co,20,False,400,1,3,72000,False,72000 mL h−1 gcat−1,,7300,36500,False,plot,~,,steady_thermal_catalytic,0.00227253,rate / WHSV,0.0373265,-0.658097,0,19329.9,26.1025,,33.9722,23.5512,19.9727,450,110,85.413,primary,Figure 1a,10.1021/acscatal.1c02887 | 400 C | 1 MPa | H2/N2 3 | 7.2e+04 mL/g/h,per g catalyst,7300,False
10.1021/acscatal.1c02887,"Fig 1a, Co/MgO-700red, 400 C",Co/MgO-700red,No Ba; prereduced in pure H2 at 700 °C for 1 h at 0.1 MPa.,Co,20,False,400,1,3,72000,False,72000 mL h−1 gcat−1,,1200,6000,False,plot,~,,steady_thermal_catalytic,0.000373567,rate / WHSV,0.0373265,-0.578028,0,3050.7,,,,37.9535,29.6762,,,,primary; infeasible within bed limit,Figure 1a,,,,
10.1021/acscatal.1c02887,"Fig 1c/text, Co@BaO/MgO-700red, 350 C, 3.0 MPa",Co@BaO/MgO-700red,Prereduced in pure H2 at 700 °C for 1 h at 0.1 MPa.,Co,20,False,350,3,3,72000,False,72000 mL h−1 gcat−1,,48400,242000,False,mixed,=,,steady_thermal_catalytic,0.0150672,rate / WHSV,0.172638,-1.06242,0,7.01481e+06,15.9177,,16.5721,15.4488,14.4089,450,205,11.8422,primary,Figure 1c and text,10.1021/acscatal.1c02887 | 350 C | 3 MPa | H2/N2 3 | 7.2e+04 mL/g/h,per g catalyst,48400,False
10.1021/acscatal.1c02887,"Fig 1c, Co/MgO-700red, 350 C, 3.0 MPa",Co/MgO-700red,No Ba; prereduced in pure H2 at 700 °C for 1 h at 0.1 MPa.,Co,20,False,350,3,3,72000,False,72000 mL h−1 gcat−1,,700,3500,False,plot,~,,steady_thermal_catalytic,0.000217914,rate / WHSV,0.172638,-0.673085,0,53525.1,25.0788,,29.1625,22.8692,18.0121,450,100,72.1548,primary,Figure 1c,10.1021/acscatal.1c02887 | 350 C | 3 MPa | H2/N2 3 | 7.2e+04 mL/g/h,per g catalyst,700,False
10.1021/acscatal.1c02887,"Fig 1c, Ru/La0.5Ce0.5Ox-650red, 350 C, 1.0 MPa",Ru/La0.5Ce0.5Ox-650red,Benchmark Ru catalyst prepared by the authors using a previously reported procedure; prereduced at 650 °C according to catalyst label.,Ru,,False,350,1,3,72000,False,72000 mL h−1 gcat−1,,31000,,False,plot,~,,steady_thermal_catalytic,0.00965047,rate / WHSV,,,,,,,,,,,,,outside: metal content not given,Figure 1c,,,,
10.1021/acscatal.1c02887,"Fig 1c, Ru/La0.5Ce0.5Ox-650red, 350 C, 3.0 MPa",Ru/La0.5Ce0.5Ox-650red,Benchmark Ru catalyst prepared by the authors using a previously reported procedure; prereduced at 650 °C according to catalyst label.,Ru,,False,350,3,3,72000,False,72000 mL h−1 gcat−1,,44000,,False,plot,~,,steady_thermal_catalytic,0.0136974,rate / WHSV,,,,,,,,,,,,,outside: metal content not given,Figure 1c,,,,
10.1021/acscatal.1c02887,"Fig 1c, Ru/CeO2-500red, 350 C, 1.0 MPa",Ru/CeO2-500red,Benchmark Ru catalyst prepared by the authors using a previously reported procedure; prereduced at 500 °C according to catalyst label.,Ru,,False,350,1,3,72000,False,72000 mL h−1 gcat−1,,16000,,False,plot,~,,steady_thermal_catalytic,0.00498089,rate / WHSV,,,,,,,,,,,,,outside: metal content not given,Figure 1c,,,,
10.1021/acscatal.1c02887,"Fig 1c, Ru/CeO2-500red, 350 C, 3.0 MPa",Ru/CeO2-500red,Benchmark Ru catalyst prepared by the authors using a previously reported procedure; prereduced at 500 °C according to catalyst label.,Ru,,False,350,3,3,72000,False,72000 mL h−1 gcat−1,,22000,,False,plot,~,,steady_thermal_catalytic,0.00684872,rate / WHSV,,,,,,,,,,,,,outside: metal content not given,Figure 1c,,,,
10.1021/acscatal.1c02887,"Fig 1c, Cs+/Ru/MgO-500red, 350 C, 1.0 MPa",Cs+/Ru/MgO-500red,Benchmark Ru catalyst prepared by the authors using a previously reported procedure; prereduced at 500 °C according to catalyst label.,Ru,,False,350,1,3,72000,False,72000 mL h−1 gcat−1,,11000,,False,plot,~,,steady_thermal_catalytic,0.00342436,rate / WHSV,,,,,,,,,,,,,outside: metal content not given,Figure 1c,,,,
10.1021/acscatal.1c02887,"Fig 1c, Cs+/Ru/MgO-500red, 350 C, 3.0 MPa",Cs+/Ru/MgO-500red,Benchmark Ru catalyst prepared by the authors using a previously reported procedure; prereduced at 500 °C according to catalyst label.,Ru,,False,350,3,3,72000,False,72000 mL h−1 gcat−1,,11500,,False,plot,~,,steady_thermal_catalytic,0.00358001,rate / WHSV,,,,,,,,,,,,,outside: metal content not given,Figure 1c,,,,
10.1021/acscatal.1c02887,"Text/Fig S4 endpoint, Co@BaO/MgO-700red, 400 C, 0.1 MPa",Co@BaO/MgO-700red,Prereduced in pure H2 at 700 °C for 1 h at 0.1 MPa.,Co,20,False,400,0.1,3,72000,False,72000 mL h−1 gcat−1,,5600,28000,False,text,=,,steady_thermal_catalytic,0.00174331,rate / WHSV,0.00399559,-0.667667,0,38288.1,25.3877,,30.412,23.09,18.6371,450,100,79.9766,primary,Text referring to Figure S4,10.1021/acscatal.1c02887 | 400 C | 0.1 MPa | H2/N2 3 | 7.2e+04 mL/g/h,per g catalyst,5600,False
10.1021/acscatal.1c02887,"Text/Fig S4 endpoint, Co@BaO/MgO-700red, 400 C, 6.0 MPa",Co@BaO/MgO-700red,Prereduced in pure H2 at 700 °C for 1 h at 0.1 MPa.,Co,20,False,400,6,3,72000,False,72000 mL h−1 gcat−1,,141000,705000,False,text,=,,steady_thermal_catalytic,0.0438941,rate / WHSV,0.16749,-1.02129,0,766438,16.1902,,17.028,15.5804,15.2991,450,210,14.6342,primary,Text referring to Figure S4,10.1021/acscatal.1c02887 | 400 C | 6 MPa | H2/N2 3 | 7.2e+04 mL/g/h,per g catalyst,141000,False
10.1021/acscatal.6b01940,"Table 1, Ru/Ca(NH2)2, TEM TOF",Ru/Ca(NH2)2,,Ru,10,False,299.85,0.8,3,36000,False,,,15800,158000,False,table,=,,steady_thermal_catalytic,0.00983726,rate / WHSV,0.121825,-1.125,1.58663,38.7053,16.3046,15.0622,16.3441,16.2828,16.2715,450,220,0.540613,flagged: T outside 300-500 C,Table 1,,,,
10.1021/acscatal.6b01940,"Table 1, Ru/Ca(NH2)2, CO chemisorption TOF",Ru/Ca(NH2)2,,Ru,10,False,299.85,0.8,3,36000,False,,,15800,158000,False,table,=,,steady_thermal_catalytic,0.00983726,rate / WHSV,0.121825,-1.125,1.58663,38.7053,16.3046,15.0622,16.3441,16.2828,16.2715,450,220,0.540613,flagged: T outside 300-500 C,Table 1,,,,
10.1021/acscatal.6b01940,"Table 1, Ru/C12A7:e−",Ru/C12A7:e−,,Ru,1.2,False,299.85,0.8,3,36000,False,,,340,28333.3,False,table,=,,steady_thermal_catalytic,0.000211688,rate / WHSV,0.121825,-1.20931,0,0.0354199,22.5605,20.4637,23.2942,21.9211,30.9009,450,430,7.04047,flagged: T outside 300-500 C,Table 1,,,,
10.1021/acscatal.6b01940,"Table 1, Cs−Ru/MgO",Cs−Ru/MgO (Ru/Cs = 1),,Ru,10,False,299.85,0.8,3,36000,False,,,1280,12800,False,table,=,,steady_thermal_catalytic,0.000796942,rate / WHSV,0.121825,-1.22002,0,0.0511347,21.5408,18.3345,21.7051,21.4329,28.8796,450,430,1.12898,flagged: T outside 300-500 C,Table 1,,,,
10.1021/acscatal.6b01940,"Text/Fig 1d, Ru/Ca(NH2)2, 0.9 MPa",Ru/Ca(NH2)2,,Ru,10,False,339.85,0.9,3,,False,,2.17,31700,317000,False,text,=,,steady_thermal_catalytic,0.0217,printed outlet,0.0760024,-1.11,1.49441,31.7156,16.5942,15.28,16.6444,16.5604,16.4585,450,220,0.718364,primary,Text describing Figure 1d,10.1021/acscatal.6b01940 | 340 C | 0.9 MPa | H2/N2 3 | SV not given,per g catalyst,31700,False
10.1021/acscatal.6b01940,"Text, Ru/Ca(NH2)2, 613 K, 0.1 MPa outlet NH3",Ru/Ca(NH2)2,,Ru,10,False,339.85,0.1,3,36000,False,36000 mL gcat−1 h−1,0.61,400,40000,False,SI-plot,=,,steady_thermal_catalytic,0.0061,printed outlet,0.00970011,-0.975,0.140048,2.01994,24.5303,20.2419,24.6149,24.4733,20.8218,450,210,1.39922,primary,Text describing Figure 1d,,,,
10.1021/acscatal.6b01940,"Text, Ru/Ca(NH2)2, maximum vs Ru loading",Ru/Ca(NH2)2,,Ru,10,False,339.85,0.1,3,36000,True,,,9600,96000,False,text,=,,steady_thermal_catalytic,0.00597707,rate / WHSV (WHSV of the paper's comparison),0.00970011,-0.975,1.50115,46.5195,18.1794,15.7636,18.2456,18.1345,16.1181,450,220,0.990483,primary,Text describing Figure S1b,10.1021/acscatal.6b01940 | 340 C | 0.1 MPa | H2/N2 3 | 3.6e+04 mL/g/h,per g catalyst,9600,False
10.1021/acscatal.6b01940,"Fig 1b, Ru/Ca(NH2)2, 473 K",Ru/Ca(NH2)2,,Ru,10,False,199.85,0.1,3,,False,,,200,2000,False,plot,~,,steady_thermal_catalytic,0.00305079,,0.132187,-1.13,3.27772,1897.48,14.0198,12.9269,14.041,14.0118,14.0082,400,155,0.372656,flagged: T outside 300-500 C; outlet NH3 assumed (median),Figure 1b,,,,
10.1021/acscatal.6b01940,"Fig 1b, Ru/Ca(NH2)2, 523 K",Ru/Ca(NH2)2,,Ru,10,False,249.85,0.1,3,,False,,,1000,10000,False,plot,~,,steady_thermal_catalytic,0.00305079,,0.0484857,-1.075,2.18068,173.552,15.561,14.5403,15.5806,15.5567,15.3935,450,200,0.276457,flagged: T outside 300-500 C; outlet NH3 assumed (median),Figure 1b,,,,
10.1021/acscatal.6b01940,"Fig 1b, Ru/Ca(NH2)2, 543 K",Ru/Ca(NH2)2,,Ru,10,False,269.85,0.1,3,,False,,,1600,16000,False,plot,~,,steady_thermal_catalytic,0.00305079,,0.0329386,-1.055,1.79604,77.6693,16.2432,15.0458,16.2827,16.2207,15.7614,450,215,0.556817,flagged: T outside 300-500 C; outlet NH3 assumed (median),Figure 1b,,,,
10.1021/acscatal.6b01940,"Fig 1b, Ru/Ca(NH2)2, 553 K",Ru/Ca(NH2)2,,Ru,10,False,279.85,0.1,3,,False,,,2100,21000,False,plot,~,,steady_thermal_catalytic,0.00305079,,0.0273048,-1.045,1.64116,56.7237,16.6945,15.3444,16.7483,16.6574,15.9678,450,220,0.779989,flagged: T outside 300-500 C; outlet NH3 assumed (median),Figure 1b,,,,
10.1021/acscatal.6b01940,"Fig 1b, Ru/Ca(NH2)2, 573 K",Ru/Ca(NH2)2,,Ru,10,False,299.85,0.1,3,,False,,,3700,37000,False,plot,~,,steady_thermal_catalytic,0.00305079,,0.019003,-1.025,1.37863,33.7555,17.8594,15.6604,17.9315,17.8084,16.3959,450,220,1.15926,flagged: T outside 300-500 C; outlet NH3 assumed (median),Figure 1b,,,,
10.1021/acscatal.6b01940,"Fig 1b, Ru/Ca(NH2)2, 593 K",Ru/Ca(NH2)2,,Ru,10,False,319.85,0.1,3,,False,,,5700,57000,False,plot,~,,steady_thermal_catalytic,0.00305079,,0.013459,-1.005,1.10246,19.4472,19.2655,16.2555,19.3482,19.2104,17.1097,450,220,1.27198,primary: outlet NH3 assumed (median),Figure 1b,10.1021/acscatal.6b01940 | 320 C | 0.1 MPa | H2/N2 3 | SV not given,per g catalyst,5700,False
10.1021/acscatal.6b01940,"Fig 1b, Ru/Ca(NH2)2, 613 K",Ru/Ca(NH2)2,,Ru,10,False,339.85,0.1,3,36000,True,,,8800,88000,False,plot,~,,steady_thermal_catalytic,0.00547898,rate / WHSV (WHSV of the paper's comparison),0.00970011,-0.975,1.3827,35.8538,18.6744,15.9539,18.7383,18.627,16.339,450,215,0.978684,primary,Figure 1b,,,,
10.1021/acscatal.6b01940,"Fig 1b, Cs−Ru/MgO, 523 K",Ru−Cs/MgO,,Ru,10,False,249.85,0.1,3,,False,,,200,2000,False,plot,~,,steady_thermal_catalytic,0.00305079,,0.0484857,-1.075,1.48171,34.7104,16.9015,15.4003,16.9628,16.8597,16.3692,450,220,0.907386,flagged: T outside 300-500 C; outlet NH3 assumed (median),Figure 1b,,,,
10.1021/acscatal.6b01940,"Fig 1b, Cs−Ru/MgO, 573 K",Ru−Cs/MgO,,Ru,10,False,299.85,0.1,3,,False,,,2700,27000,False,plot,~,,steady_thermal_catalytic,0.00305079,,0.019003,-1.025,1.24179,24.6324,18.3597,15.8546,18.4325,18.3108,16.7556,450,220,1.10163,flagged: T outside 300-500 C; outlet NH3 assumed (median),Figure 1b,,,,
10.1021/acscatal.6b01940,"Fig 1b, Cs−Ru/MgO, 613 K",Ru−Cs/MgO,,Ru,10,False,339.85,0.1,3,36000,False,,,5300,53000,False,plot,~,,steady_thermal_catalytic,0.00329984,rate / WHSV,0.00970011,-0.99,0.71408,8.4696,21.2692,17.6096,21.349,21.2159,18.3942,450,220,1.22244,primary,Figure 1b,10.1021/acscatal.6b01940 | 340 C | 0.1 MPa | H2/N2 3 | 3.6e+04 mL/g/h,per g catalyst,5300,False
10.1021/acscatal.6b01940,"Fig 1d, Ru/Ca(NH2)2, 0.2 MPa",Ru/Ca(NH2)2,,Ru,10,False,339.85,0.2,3,,False,,,13500,135000,False,plot,~,,steady_thermal_catalytic,0.00305079,,0.0190362,-1.03,0.525761,5.0063,21.343,17.7106,21.4255,21.288,19.2757,450,220,1.26796,primary: outlet NH3 assumed (median),Figure 1d,10.1021/acscatal.6b01940 | 340 C | 0.2 MPa | H2/N2 3 | SV not given,per g catalyst,13500,False
10.1021/acscatal.6b01940,"Fig 1d, Ru/Ca(NH2)2, 0.4 MPa",Ru/Ca(NH2)2,,Ru,10,False,339.85,0.4,3,,False,,,19800,198000,False,plot,~,,steady_thermal_catalytic,0.00305079,,0.0367126,-1.06,0.196012,2.09443,22.3839,18.5903,22.4765,22.3226,20.757,450,220,1.44211,primary: outlet NH3 assumed (median),Figure 1d,10.1021/acscatal.6b01940 | 340 C | 0.4 MPa | H2/N2 3 | SV not given,per g catalyst,19800,False
10.1021/acscatal.6b01940,"Fig 1d, Ru/Ca(NH2)2, 0.6 MPa",Ru/Ca(NH2)2,,Ru,10,False,339.85,0.6,3,,False,,,25000,250000,False,plot,~,,steady_thermal_catalytic,0.00305079,,0.0531999,-1.075,0.026018,1.32627,22.9375,19.0631,23.0216,22.8816,21.6016,450,220,1.29533,primary: outlet NH3 assumed (median),Figure 1d,10.1021/acscatal.6b01940 | 340 C | 0.6 MPa | H2/N2 3 | SV not given,per g catalyst,25000,False
10.1021/acscatal.6b01940,"Fig 1d, Cs−Ru/MgO, 0.1 MPa",Ru−Cs/MgO,,Ru,10,False,339.85,0.1,3,36000,True,,,6500,65000,False,plot,~,,steady_thermal_catalytic,0.00404697,rate / WHSV (WHSV of the paper's comparison),0.00970011,-0.985,0.979713,14.9345,20.1878,16.7792,20.2575,20.1407,17.4769,450,215,1.07895,primary,Figure 1d,,,,
10.1021/acscatal.6b01940,"Fig 1d, Cs−Ru/MgO, 0.2 MPa",Ru−Cs/MgO,,Ru,10,False,339.85,0.2,3,,False,,,8800,88000,False,plot,~,,steady_thermal_catalytic,0.00305079,,0.0190362,-1.03,0.33991,3.26337,22.2145,18.4134,22.301,22.157,19.9817,450,220,1.33754,primary: outlet NH3 assumed (median),Figure 1d,10.1021/acscatal.6b01940 | 340 C | 0.2 MPa | H2/N2 3 | SV not given,per g catalyst,8800,False
10.1021/acscatal.6b01940,"Fig 1d, Cs−Ru/MgO, 0.4 MPa",Ru−Cs/MgO,,Ru,10,False,339.85,0.4,3,,False,,,8000,80000,False,plot,~,,steady_thermal_catalytic,0.00305079,,0.0367126,-1.14789,0,0.846235,22.0027,18.5403,22.1578,21.886,22.5262,450,420,1.12297,primary: outlet NH3 assumed (median),Figure 1d,10.1021/acscatal.6b01940 | 340 C | 0.4 MPa | H2/N2 3 | SV not given,per g catalyst,8000,False
10.1021/acscatal.6b01940,"Fig 1d, Cs−Ru/MgO, 0.6 MPa",Ru−Cs/MgO,,Ru,10,False,339.85,0.6,3,,False,,,8200,82000,False,plot,~,,steady_thermal_catalytic,0.00305079,,0.0531999,-1.18442,0,0.435015,21.6449,18.3652,21.8174,21.5321,23.9217,450,430,1.19012,primary: outlet NH3 assumed (median),Figure 1d,10.1021/acscatal.6b01940 | 340 C | 0.6 MPa | H2/N2 3 | SV not given,per g catalyst,8200,False
10.1021/acscatal.6b01940,"Fig 5a, Ru/Ba(NH2)2",Ru/Ba(NH2)2,,Ru,10,False,339.85,0.1,3,36000,False,,,500,5000,False,plot,~,,steady_thermal_catalytic,0.000311306,rate / WHSV,0.00970011,-1.20071,0,0.0448676,21.565,18.333,21.7312,21.456,29.2297,450,430,1.14322,primary,Figure 5a,10.1021/acscatal.6b01940 | 340 C | 0.1 MPa | H2/N2 3 | 3.6e+04 mL/g/h,per g catalyst,500,False
10.1021/acscatal.6b01940,"Fig 5a, Ru/Ba−Ca(NH2)2",Ru/Ba−Ca(NH2)2,Ba-doped Ca(NH2)2; Ba-doping (3 wt %) of Ca(NH2)2,Ru,10,False,339.85,0.1,3,36000,False,,,11300,113000,False,plot,~,,steady_thermal_catalytic,0.00703551,rate / WHSV,0.00970011,-0.97,1.72786,76.8212,17.4226,15.5116,17.4829,17.3815,15.7679,450,220,0.890151,primary,Figure 5a,10.1021/acscatal.6b01940 | 340 C | 0.1 MPa | H2/N2 3 | 3.6e+04 mL/g/h,per g catalyst,11300,False
10.1021/acscatal.6b01940,"Fig 5a, Ru/Ca(NH2)2",Ru/Ca(NH2)2,,Ru,10,False,339.85,0.1,3,36000,False,,,9800,98000,False,plot,~,,steady_thermal_catalytic,0.00610159,rate / WHSV,0.00970011,-0.975,1.52946,49.5147,18.0779,15.7236,18.1404,18.0353,16.0707,450,220,0.927979,primary,Figure 5a,,,,
10.1021/acscatal.7b00284,"Text/Fig 2a inset, 150 °C",3BaH2-10%Co/CNTs,BaH2-Co/CNTs prepared by impregnating Co/CNTs in barium-ammonia solution; Ba(NH2)2-Co/CNTs treated by syngas at 300 °C to convert Ba(NH2)2 to BaH2.,Co,,False,150,1,3,60000,False,60000 mL gcat−1 h−1,,58,,False,text,=,,steady_thermal_catalytic,2.16669e-05,rate / WHSV,,,,,,,,,,,,,outside: metal content not given,Section 3.2 text,,,,
10.1021/acscatal.7b00284,"Fig 2a inset, 175 °C",3BaH2-10%Co/CNTs,,Co,,False,175,1,3,60000,False,60000 mL gcat−1 h−1,,160,,False,plot,~,,steady_thermal_catalytic,5.97707e-05,rate / WHSV,,,,,,,,,,,,,outside: metal content not given,Figure 2a inset,,,,
10.1021/acscatal.7b00284,"Text/Fig 2a, 200 °C",3BaH2-10%Co/CNTs,,Co,,False,200,1,3,60000,False,60000 mL gcat−1 h−1,,480,,False,text,=,,steady_thermal_catalytic,0.000179312,rate / WHSV,,,,,,,,,,,,,outside: metal content not given,Section 3.2 text,,,,
10.1021/acscatal.7b00284,"Fig 2a, 250 °C",3BaH2-10%Co/CNTs,,Co,,False,250,1,3,60000,False,60000 mL gcat−1 h−1,,1800,,False,plot,~,,steady_thermal_catalytic,0.00067242,rate / WHSV,,,,,,,,,,,,,outside: metal content not given,Figure 2a,,,,
10.1021/acscatal.7b00284,"Table 1, 300 °C",BaH2-Co/CNTs,,Co,5.2,False,300,1,3,60000,False,60000 mL g−1 h−1,,4800,92307.7,False,table,=,,steady_thermal_catalytic,0.00179312,rate / WHSV,0.144217,-1.00158,0,1.23988e+08,18.2796,,19.4358,16.9166,13.6952,450,195,28.1522,primary,Table 1,10.1021/acscatal.7b00284 | 300 C | 1 MPa | H2/N2 3 | 6e+04 mL/g/h,per g catalyst,4800,False
10.1021/acscatal.7b00284,"Fig 2a, 350 °C",3BaH2-10%Co/CNTs,,Co,,False,350,1,3,60000,False,60000 mL gcat−1 h−1,,11500,,False,plot,~,,steady_thermal_catalytic,0.00429602,rate / WHSV,,,,,,,,,,,,,outside: metal content not given,Figure 2a,,,,
10.1021/acscatal.7b00284,"Fig 2a, 400 °C",3BaH2-10%Co/CNTs,,Co,,False,400,1,3,60000,False,60000 mL gcat−1 h−1,,21000,,False,plot,~,,steady_thermal_catalytic,0.0078449,rate / WHSV,,,,,,,,,,,,,outside: metal content not given,Figure 2a,,,,
10.1021/acscatal.7b00284,"Fig 2a, 1BaH2-10%Co/CNTs, 200 °C",1BaH2-10%Co/CNTs,,Co,,False,200,1,3,60000,False,60000 mL gcat−1 h−1,,300,,False,plot,~,,steady_thermal_catalytic,0.00011207,rate / WHSV,,,,,,,,,,,,,outside: metal content not given,Figure 2a,,,,
10.1021/acscatal.7b00284,"Fig 2a, 1BaH2-10%Co/CNTs, 250 °C",1BaH2-10%Co/CNTs,,Co,,False,250,1,3,60000,False,60000 mL gcat−1 h−1,,1000,,False,plot,~,,steady_thermal_catalytic,0.000373567,rate / WHSV,,,,,,,,,,,,,outside: metal content not given,Figure 2a,,,,
10.1021/acscatal.7b00284,"Fig 2a, 1BaH2-10%Co/CNTs, 300 °C",1BaH2-10%Co/CNTs,,Co,,False,300,1,3,60000,False,60000 mL gcat−1 h−1,,2800,,False,plot,~,,steady_thermal_catalytic,0.00104599,rate / WHSV,,,,,,,,,,,,,outside: metal content not given,Figure 2a,,,,
10.1021/acscatal.7b00284,"Fig 2a, 1BaH2-10%Co/CNTs, 350 °C",1BaH2-10%Co/CNTs,,Co,,False,350,1,3,60000,False,60000 mL gcat−1 h−1,,6200,,False,plot,~,,steady_thermal_catalytic,0.00231611,rate / WHSV,,,,,,,,,,,,,outside: metal content not given,Figure 2a,,,,
10.1021/acscatal.7b00284,"Fig 2a, 1BaH2-10%Co/CNTs, 400 °C",1BaH2-10%Co/CNTs,,Co,,False,400,1,3,60000,False,60000 mL gcat−1 h−1,,10000,,False,plot,~,,steady_thermal_catalytic,0.00373567,rate / WHSV,,,,,,,,,,,,,outside: metal content not given,Figure 2a,,,,
10.1021/acscatal.7b00284,"Fig 2a, 5BaH2-10%Co/CNTs, 200 °C",5BaH2-10%Co/CNTs,,Co,,False,200,1,3,60000,False,60000 mL gcat−1 h−1,,420,,False,plot,~,,steady_thermal_catalytic,0.000156898,rate / WHSV,,,,,,,,,,,,,outside: metal content not given,Figure 2a,,,,
10.1021/acscatal.7b00284,"Fig 2a, 5BaH2-10%Co/CNTs, 250 °C",5BaH2-10%Co/CNTs,,Co,,False,250,1,3,60000,False,60000 mL gcat−1 h−1,,1200,,False,plot,~,,steady_thermal_catalytic,0.00044828,rate / WHSV,,,,,,,,,,,,,outside: metal content not given,Figure 2a,,,,
10.1021/acscatal.7b00284,"Fig 2a, 5BaH2-10%Co/CNTs, 300 °C",5BaH2-10%Co/CNTs,,Co,,False,300,1,3,60000,False,60000 mL gcat−1 h−1,,3600,,False,plot,~,,steady_thermal_catalytic,0.00134484,rate / WHSV,,,,,,,,,,,,,outside: metal content not given,Figure 2a,,,,
10.1021/acscatal.7b00284,"Fig 2a, 5BaH2-10%Co/CNTs, 350 °C",5BaH2-10%Co/CNTs,,Co,,False,350,1,3,60000,False,60000 mL gcat−1 h−1,,8800,,False,plot,~,,steady_thermal_catalytic,0.00328739,rate / WHSV,,,,,,,,,,,,,outside: metal content not given,Figure 2a,,,,
10.1021/acscatal.7b00284,"Fig 2a, 5BaH2-10%Co/CNTs, 400 °C",5BaH2-10%Co/CNTs,,Co,,False,400,1,3,60000,False,60000 mL gcat−1 h−1,,15000,,False,plot,~,,steady_thermal_catalytic,0.0056035,rate / WHSV,,,,,,,,,,,,,outside: metal content not given,Figure 2a,,,,
10.1021/acscatal.7b00284,"Fig 2a, 3BaH2-5%Co/CNTs, 200 °C",3BaH2-5%Co/CNTs,,Co,,False,200,1,3,60000,False,60000 mL gcat−1 h−1,,250,,False,plot,~,,steady_thermal_catalytic,9.33917e-05,rate / WHSV,,,,,,,,,,,,,outside: metal content not given,Figure 2a,,,,
10.1021/acscatal.7b00284,"Fig 2a, 3BaH2-5%Co/CNTs, 250 °C",3BaH2-5%Co/CNTs,,Co,,False,250,1,3,60000,False,60000 mL gcat−1 h−1,,800,,False,plot,~,,steady_thermal_catalytic,0.000298853,rate / WHSV,,,,,,,,,,,,,outside: metal content not given,Figure 2a,,,,
10.1021/acscatal.7b00284,"Fig 2a, 3BaH2-5%Co/CNTs, 300 °C",3BaH2-5%Co/CNTs,,Co,,False,300,1,3,60000,False,60000 mL gcat−1 h−1,,2300,,False,plot,~,,steady_thermal_catalytic,0.000859203,rate / WHSV,,,,,,,,,,,,,outside: metal content not given,Figure 2a,,,,
10.1021/acscatal.7b00284,"Fig 2a, 3BaH2-5%Co/CNTs, 350 °C",3BaH2-5%Co/CNTs,,Co,,False,350,1,3,60000,False,60000 mL gcat−1 h−1,,5000,,False,plot,~,,steady_thermal_catalytic,0.00186783,rate / WHSV,,,,,,,,,,,,,outside: metal content not given,Figure 2a,,,,
10.1021/acscatal.7b00284,"Fig 2a, 3BaH2-5%Co/CNTs, 400 °C",3BaH2-5%Co/CNTs,,Co,,False,400,1,3,60000,False,60000 mL gcat−1 h−1,,8000,,False,plot,~,,steady_thermal_catalytic,0.00298853,rate / WHSV,,,,,,,,,,,,,outside: metal content not given,Figure 2a,,,,
10.1021/acscatal.7b00284,"Fig 2a, 3BaH2-20%Co/CNTs, 200 °C",3BaH2-20%Co/CNTs,,Co,,False,200,1,3,60000,False,60000 mL gcat−1 h−1,,300,,False,plot,~,,steady_thermal_catalytic,0.00011207,rate / WHSV,,,,,,,,,,,,,outside: metal content not given,Figure 2a,,,,
10.1021/acscatal.7b00284,"Fig 2a, 3BaH2-20%Co/CNTs, 250 °C",3BaH2-20%Co/CNTs,,Co,,False,250,1,3,60000,False,60000 mL gcat−1 h−1,,1100,,False,plot,~,,steady_thermal_catalytic,0.000410923,rate / WHSV,,,,,,,,,,,,,outside: metal content not given,Figure 2a,,,,
10.1021/acscatal.7b00284,"Fig 2a, 3BaH2-20%Co/CNTs, 300 °C",3BaH2-20%Co/CNTs,,Co,,False,300,1,3,60000,False,60000 mL gcat−1 h−1,,3000,,False,plot,~,,steady_thermal_catalytic,0.0011207,rate / WHSV,,,,,,,,,,,,,outside: metal content not given,Figure 2a,,,,
10.1021/acscatal.7b00284,"Fig 2a, 3BaH2-20%Co/CNTs, 350 °C",3BaH2-20%Co/CNTs,,Co,,False,350,1,3,60000,False,60000 mL gcat−1 h−1,,6800,,False,plot,~,,steady_thermal_catalytic,0.00254025,rate / WHSV,,,,,,,,,,,,,outside: metal content not given,Figure 2a,,,,
10.1021/acscatal.7b00284,"Fig 2a, 3BaH2-20%Co/CNTs, 400 °C",3BaH2-20%Co/CNTs,,Co,,False,400,1,3,60000,False,60000 mL gcat−1 h−1,,11500,,False,plot,~,,steady_thermal_catalytic,0.00429602,rate / WHSV,,,,,,,,,,,,,outside: metal content not given,Figure 2a,,,,
10.1021/acscatal.7b00284,"Table 1, BaO-Co/CNTs, 300 °C",BaO-Co/CNTs,"Prepared by impregnating 10%Co/CNTs with aqueous Ba(O2CCH3)2, drying at 100 °C for 10 h, then reducing at 400 °C for 6 h under pure H2; Ba/Co molar ratio 1:1.",Co,3.25,False,300,1,3,60000,False,60000 mL g−1 h−1,,29,892.308,False,table,=,,steady_thermal_catalytic,1.08334e-05,rate / WHSV,0.144217,-0.74163,0,1.0304e+06,27.4543,,35.4119,23.8953,16.1924,450,130,86.822,primary,Table 1,10.1021/acscatal.7b00284 | 300 C | 1 MPa | H2/N2 3 | 6e+04 mL/g/h,per g catalyst,29,False
10.1021/acscatal.7b00284,"Fig 2a, BaO-Co/CNTs, 350 °C",BaO-Co/CNTs,Prepared from 10%Co/CNTs and Ba(O2CCH3)2; reduced at 400 °C for 6 h under pure H2.,Co,3.25,False,350,1,3,60000,False,60000 mL gcat−1 h−1,,350,10769.2,False,plot,~,,steady_thermal_catalytic,0.000130748,rate / WHSV,0.0723434,-0.712282,0,179857,33.8172,,,25.446,19.0835,450,225,88.6647,primary,Figure 2a,10.1021/acscatal.7b00284 | 350 C | 1 MPa | H2/N2 3 | 6e+04 mL/g/h,per g catalyst,350,False
10.1021/acscatal.7b00284,"Fig 2a, BaO-Co/CNTs, 400 °C",BaO-Co/CNTs,Prepared from 10%Co/CNTs and Ba(O2CCH3)2; reduced at 400 °C for 6 h under pure H2.,Co,3.25,False,400,1,3,60000,False,60000 mL gcat−1 h−1,,1800,55384.6,False,plot,~,,steady_thermal_catalytic,0.00067242,rate / WHSV,0.0373265,-0.667506,0,28340.5,,,,34.2125,24.3268,,,,primary; infeasible within bed limit,Figure 2a,,,,
10.1021/acscatal.7b00284,"Fig 2b, Ru/MgO, 250 °C",Ru/MgO,,Ru,,False,250,1,3,60000,False,60000 mL gcat−1 h−1,,120,,False,plot,~,,steady_thermal_catalytic,4.4828e-05,rate / WHSV,,,,,,,,,,,,,outside: metal content not given,Figure 2b,,,,
10.1021/acscatal.7b00284,"Fig 2b, Ru/MgO, 300 °C",Ru/MgO,,Ru,,False,300,1,3,60000,False,60000 mL gcat−1 h−1,,320,,False,plot,~,,steady_thermal_catalytic,0.000119541,rate / WHSV,,,,,,,,,,,,,outside: metal content not given,Figure 2b,,,,
10.1021/acscatal.7b00284,"Fig 2b, Cs-Ru/MgO, 250 °C",Cs-Ru/MgO,,Ru,,False,250,1,3,60000,False,60000 mL gcat−1 h−1,,90,,False,plot,~,,steady_thermal_catalytic,3.3621e-05,rate / WHSV,,,,,,,,,,,,,outside: metal content not given,Figure 2b,,,,
10.1021/acscatal.7b00284,"Fig 2b, Cs-Ru/MgO, 300 °C",Cs-Ru/MgO,,Ru,,False,300,1,3,60000,False,60000 mL gcat−1 h−1,,1500,,False,plot,~,,steady_thermal_catalytic,0.00056035,rate / WHSV,,,,,,,,,,,,,outside: metal content not given,Figure 2b,,,,
10.1021/acscatal.8b02839,"Table 1, Ru/BaO−CaH2",Ru/BaO−CaH2,Ru nanoparticles loaded on a mixture of CaH2 and BaO by chemical vapor deposition using Ru(acac)3; mixture heated at 260 °C for 1 h under N2 and at 340 °C for 5 h under H2.,Ru,10,False,340,0.1,3,36000,False,36000 mL gcat−1 h−1,,10500,105000,False,table,=,,steady_thermal_catalytic,0.00653742,rate / WHSV,0.00967694,-0.97,1.62205,60.7678,17.8213,15.633,17.896,17.7711,15.9202,450,220,1.13573,primary,Table 1,10.1021/acscatal.8b02839 | 340 C | 0.1 MPa | H2/N2 3 | 3.6e+04 mL/g/h,per g catalyst,10500,False
10.1021/acscatal.8b02839,"Table 1, Ru/CaH2",Ru/CaH2,Ru nanoparticles loaded on CaH2 by chemical vapor deposition using Ru(acac)3; mixture heated at 260 °C for 1 h under N2 and at 340 °C for 5 h under H2.,Ru,10,False,340,0.1,3,36000,False,36000 mL gcat−1 h−1,,7400,74000,False,table,=,,steady_thermal_catalytic,0.00460732,rate / WHSV,0.00967694,-0.98,1.14771,21.4742,19.5428,16.392,19.6116,19.4963,16.951,450,220,1.03437,primary,Table 1,10.1021/acscatal.8b02839 | 340 C | 0.1 MPa | H2/N2 3 | 3.6e+04 mL/g/h,per g catalyst,7400,False
10.1021/acscatal.8b02839,"Table 1, Ru/BaH2",Ru/BaH2,Ru nanoparticles loaded on BaH2 by chemical vapor deposition using Ru(acac)3; mixture heated at 260 °C for 1 h under N2 and at 340 °C for 5 h under H2.,Ru,10,False,340,0.1,3,36000,False,36000 mL gcat−1 h−1,,200,2000,False,table,=,,steady_thermal_catalytic,0.000124522,rate / WHSV,0.00967694,-1.22001,0,0.0115048,21.5408,18.3345,21.705,21.4329,33.0823,450,430,1.12898,primary,Table 1,10.1021/acscatal.8b02839 | 340 C | 0.1 MPa | H2/N2 3 | 3.6e+04 mL/g/h,per g catalyst,200,False
10.1021/acscatal.8b02839,"Table 1, Ru/Ba−Ca(NH2)2",Ru/Ba−Ca(NH2)2,,Ru,10,False,340,0.1,3,36000,False,36000 mL gcat−1 h−1,,12400,124000,False,table,=,,steady_thermal_catalytic,0.00772038,rate / WHSV,0.00967694,-0.97,1.85794,102.636,16.976,15.3952,17.04,16.9325,15.6078,450,220,0.953268,primary,Table 1,10.1021/acscatal.8b02839 | 340 C | 0.1 MPa | H2/N2 3 | 3.6e+04 mL/g/h,per g catalyst,12400,False
10.1021/acscatal.8b03554,Table 2 row 1,Ru−Ba/Al2O3-800,Commercial alumina calcined in air for 4 h at 800 °C; Ru introduced by incipient wetness impregnation; as-prepared sample reduced in H2 at 450 °C for 6 h; then impregnated with barium nitrate.,Ru,5,False,400,1,3,60000,False,60000 mL g−1 h−1,,2245,44900,False,table,=,,steady_thermal_catalytic,0.000838657,rate / WHSV,0.0373265,-1.28824,0,0.00183425,22.7772,19.4032,23.1998,22.4843,43.9492,450,430,3.4266,primary,Table 2,10.1021/acscatal.8b03554 | 400 C | 1 MPa | H2/N2 3 | 6e+04 mL/g/h,per g catalyst,2245,False
10.1021/acscatal.8b03554,Table 2 row 2,Ru−Ba/Al2O3-900,Commercial alumina calcined in air for 4 h at 900 °C; Ru introduced by incipient wetness impregnation; as-prepared sample reduced in H2 at 450 °C for 6 h; then impregnated with barium nitrate.,Ru,5,False,400,1,3,60000,False,60000 mL g−1 h−1,,6005,120100,False,table,=,,steady_thermal_catalytic,0.00224327,rate / WHSV,0.0373265,-1.26346,0,0.014447,22.0718,19.0621,22.4441,21.841,32.6036,450,430,2.6574,primary,Table 2,10.1021/acscatal.8b03554 | 400 C | 1 MPa | H2/N2 3 | 6e+04 mL/g/h,per g catalyst,6005,False
10.1021/acscatal.8b03554,Table 2 row 3,Ru−Ba/Al2O3-980,Commercial alumina calcined in air for 4 h at 980 °C; Ru introduced by incipient wetness impregnation; as-prepared sample reduced in H2 at 450 °C for 6 h; then impregnated with barium nitrate.,Ru,5,False,400,1,3,60000,False,60000 mL g−1 h−1,,7217,144340,False,table,=,,steady_thermal_catalytic,0.00269603,rate / WHSV,0.0373265,-1.25835,0,0.0223564,21.9856,19.0056,22.3448,21.7623,31.3187,450,430,2.56344,primary,Table 2,10.1021/acscatal.8b03554 | 400 C | 1 MPa | H2/N2 3 | 6e+04 mL/g/h,per g catalyst,7217,False
10.1021/acscatal.8b03554,Table 2 row 4,Ru−Ba/Al2O3-1300,Commercial alumina calcined in air for 4 h at 1300 °C; Ru introduced by incipient wetness impregnation; as-prepared sample reduced in H2 at 450 °C for 6 h; then impregnated with barium nitrate.,Ru,5,False,400,1,3,60000,False,60000 mL g−1 h−1,,3539,70780,False,table,=,,steady_thermal_catalytic,0.00132205,rate / WHSV,0.0373265,-1.27701,0,0.00449068,22.3878,19.2249,22.7916,22.1292,37.6244,450,430,3.00189,primary,Table 2,10.1021/acscatal.8b03554 | 400 C | 1 MPa | H2/N2 3 | 6e+04 mL/g/h,per g catalyst,3539,False
10.1021/acscatal.8b03554,"Figure 6b, Ru−Ba/Al2O3-800, 3 MPa",Ru−Ba/Al2O3-800,"Alumina calcined in air for 4 h at 800 °C; Ru impregnation, H2 reduction at 450 °C for 6 h, then Ba nitrate impregnation.",Ru,5,False,400,3,3,60000,False,60000 mL g−1 h−1,,2100,42000,False,plot,~,,steady_thermal_catalytic,0.00078449,rate / WHSV,0.0982537,-1.33035,0,0.000336234,25.5804,20.8264,26.3704,25.0983,86.9745,450,585,3.54673,primary,Figure 6b,10.1021/acscatal.8b03554 | 400 C | 3 MPa | H2/N2 3 | 6e+04 mL/g/h,per g catalyst,2100,False
10.1021/acscatal.8b03554,"Figure 6b, Ru−Ba/Al2O3-800, 5 MPa",Ru−Ba/Al2O3-800,"Alumina calcined in air for 4 h at 800 °C; Ru impregnation, H2 reduction at 450 °C for 6 h, then Ba nitrate impregnation.",Ru,5,False,400,5,3,60000,False,60000 mL g−1 h−1,,2100,42000,False,plot,~,,steady_thermal_catalytic,0.00078449,rate / WHSV,0.14665,-1.34871,0,0.000193284,27.9084,22.1488,29.2569,27.1087,128.221,450,675,4.62993,primary,Figure 6b,10.1021/acscatal.8b03554 | 400 C | 5 MPa | H2/N2 3 | 6e+04 mL/g/h,per g catalyst,2100,False
10.1021/acscatal.8b03554,"Figure 6b, Ru−Ba/Al2O3-800, 7 MPa",Ru−Ba/Al2O3-800,"Alumina calcined in air for 4 h at 800 °C; Ru impregnation, H2 reduction at 450 °C for 6 h, then Ba nitrate impregnation.",Ru,5,False,400,7,3,60000,False,60000 mL g−1 h−1,,2000,40000,False,plot,~,,steady_thermal_catalytic,0.000747133,rate / WHSV,0.186557,-1.36178,0,0.000133154,30.4773,23.5897,32.6691,29.1888,188.48,450,760,5.87118,primary,Figure 6b,10.1021/acscatal.8b03554 | 400 C | 7 MPa | H2/N2 3 | 6e+04 mL/g/h,per g catalyst,2000,False
10.1021/acscatal.8b03554,"Figure 6b, Ru−Ba/Al2O3-800, 10 MPa",Ru−Ba/Al2O3-800,"Alumina calcined in air for 4 h at 800 °C; Ru impregnation, H2 reduction at 450 °C for 6 h, then Ba nitrate impregnation.",Ru,5,False,400,10,3,60000,False,60000 mL g−1 h−1,,2000,40000,False,plot,~,,steady_thermal_catalytic,0.000747133,rate / WHSV,0.235441,-1.37422,0,0.000103968,34.1757,25.6367,37.8765,32.0035,,450,825,8.08839,primary,Figure 6b,10.1021/acscatal.8b03554 | 400 C | 10 MPa | H2/N2 3 | 6e+04 mL/g/h,per g catalyst,2000,False
10.1021/acscatal.8b03554,"Figure 6b, Ru−Ba/Al2O3-900, 3 MPa",Ru−Ba/Al2O3-900,"Alumina calcined in air for 4 h at 900 °C; Ru impregnation, H2 reduction at 450 °C for 6 h, then Ba nitrate impregnation.",Ru,5,False,400,3,3,60000,False,60000 mL g−1 h−1,,5900,118000,False,plot,~,,steady_thermal_catalytic,0.00220404,rate / WHSV,0.0982537,-1.30623,0,0.00260396,23.7276,19.8288,24.2591,23.398,40.963,450,430,3.78164,primary,Figure 6b,10.1021/acscatal.8b03554 | 400 C | 3 MPa | H2/N2 3 | 6e+04 mL/g/h,per g catalyst,5900,False
10.1021/acscatal.8b03554,"Figure 6b, Ru−Ba/Al2O3-900, 5 MPa",Ru−Ba/Al2O3-900,"Alumina calcined in air for 4 h at 900 °C; Ru impregnation, H2 reduction at 450 °C for 6 h, then Ba nitrate impregnation.",Ru,5,False,400,5,3,60000,False,60000 mL g−1 h−1,,6000,120000,False,plot,~,,steady_thermal_catalytic,0.0022414,rate / WHSV,0.14665,-1.32453,0,0.00145911,25.0477,20.5253,25.7383,24.6226,46.4457,450,560,3.35302,primary,Figure 6b,10.1021/acscatal.8b03554 | 400 C | 5 MPa | H2/N2 3 | 6e+04 mL/g/h,per g catalyst,6000,False
10.1021/acscatal.8b03554,"Figure 6b, Ru−Ba/Al2O3-900, 7 MPa",Ru−Ba/Al2O3-900,"Alumina calcined in air for 4 h at 900 °C; Ru impregnation, H2 reduction at 450 °C for 6 h, then Ba nitrate impregnation.",Ru,5,False,400,7,3,60000,False,60000 mL g−1 h−1,,5900,118000,False,plot,~,,steady_thermal_catalytic,0.00220404,rate / WHSV,0.186557,-1.33694,0,0.00100392,26.2904,21.2294,27.2288,25.7239,51.8736,450,615,3.8506,primary,Figure 6b,10.1021/acscatal.8b03554 | 400 C | 7 MPa | H2/N2 3 | 6e+04 mL/g/h,per g catalyst,5900,False
10.1021/acscatal.8b03554,"Figure 6b, Ru−Ba/Al2O3-900, 10 MPa",Ru−Ba/Al2O3-900,"Alumina calcined in air for 4 h at 900 °C; Ru impregnation, H2 reduction at 450 °C for 6 h, then Ba nitrate impregnation.",Ru,5,False,400,10,3,60000,False,60000 mL g−1 h−1,,5900,118000,False,plot,~,,steady_thermal_catalytic,0.00220404,rate / WHSV,0.235441,-1.34943,0,0.000746785,28.0244,22.214,29.4062,27.2057,57.8406,450,680,4.67491,primary,Figure 6b,10.1021/acscatal.8b03554 | 400 C | 10 MPa | H2/N2 3 | 6e+04 mL/g/h,per g catalyst,5900,False
10.1021/acscatal.8b03554,"Figure 6b, Ru−Ba/Al2O3-980, 3 MPa",Ru−Ba/Al2O3-980,"Alumina calcined in air for 4 h at 980 °C; Ru impregnation, H2 reduction at 450 °C for 6 h, then Ba nitrate impregnation.",Ru,5,False,400,3,3,60000,False,60000 mL g−1 h−1,,8600,172000,False,plot,~,,steady_thermal_catalytic,0.00321267,rate / WHSV,0.0982537,-1.29721,0,0.00624657,23.2018,19.5906,23.6513,22.8753,35.7528,450,430,3.20795,primary,Figure 6b,10.1021/acscatal.8b03554 | 400 C | 3 MPa | H2/N2 3 | 6e+04 mL/g/h,per g catalyst,8600,False
10.1021/acscatal.8b03554,"Figure 6b, Ru−Ba/Al2O3-980, 5 MPa",Ru−Ba/Al2O3-980,"Alumina calcined in air for 4 h at 980 °C; Ru impregnation, H2 reduction at 450 °C for 6 h, then Ba nitrate impregnation.",Ru,5,False,400,5,3,60000,False,60000 mL g−1 h−1,,9000,180000,False,plot,~,,steady_thermal_catalytic,0.0033621,rate / WHSV,0.14665,-1.31515,0,0.00367779,24.3378,20.1267,24.9109,23.9805,38.7097,450,530,3.05224,primary,Figure 6b,10.1021/acscatal.8b03554 | 400 C | 5 MPa | H2/N2 3 | 6e+04 mL/g/h,per g catalyst,9000,False
10.1021/acscatal.8b03554,"Figure 6b, Ru−Ba/Al2O3-980, 7 MPa",Ru−Ba/Al2O3-980,"Alumina calcined in air for 4 h at 980 °C; Ru impregnation, H2 reduction at 450 °C for 6 h, then Ba nitrate impregnation.",Ru,5,False,400,7,3,60000,False,60000 mL g−1 h−1,,9500,190000,False,plot,~,,steady_thermal_catalytic,0.00354888,rate / WHSV,0.186557,-1.32606,0,0.00292883,25.1812,20.6008,25.8958,24.7423,40.1327,450,565,3.4189,primary,Figure 6b,10.1021/acscatal.8b03554 | 400 C | 7 MPa | H2/N2 3 | 6e+04 mL/g/h,per g catalyst,9500,False
10.1021/acscatal.8b03554,"Figure 6b, Ru−Ba/Al2O3-980, 10 MPa",Ru−Ba/Al2O3-980,"Alumina calcined in air for 4 h at 980 °C; Ru impregnation, H2 reduction at 450 °C for 6 h, then Ba nitrate impregnation.",Ru,5,False,400,10,3,60000,False,60000 mL g−1 h−1,,9700,194000,False,plot,~,,steady_thermal_catalytic,0.0036236,rate / WHSV,0.235441,-1.33818,0,0.00223867,26.4376,21.3128,27.4092,25.8522,42.147,450,620,3.92917,primary,Figure 6b,10.1021/acscatal.8b03554 | 400 C | 10 MPa | H2/N2 3 | 6e+04 mL/g/h,per g catalyst,9700,False
10.1021/acscatal.8b03554,"Figure 6b, Ru−Ba/Al2O3-1300, 3 MPa",Ru−Ba/Al2O3-1300,"Alumina calcined in air for 4 h at 1300 °C; Ru impregnation, H2 reduction at 450 °C for 6 h, then Ba nitrate impregnation.",Ru,5,False,400,3,3,60000,False,60000 mL g−1 h−1,,4700,94000,False,plot,~,,steady_thermal_catalytic,0.00175576,rate / WHSV,0.0982537,-1.31152,0,0.00158585,24.1071,19.9976,24.6454,23.7619,45.4766,450,520,2.95939,primary,Figure 6b,10.1021/acscatal.8b03554 | 400 C | 3 MPa | H2/N2 3 | 6e+04 mL/g/h,per g catalyst,4700,False
10.1021/acscatal.8b03554,"Figure 6b, Ru−Ba/Al2O3-1300, 5 MPa",Ru−Ba/Al2O3-1300,"Alumina calcined in air for 4 h at 1300 °C; Ru impregnation, H2 reduction at 450 °C for 6 h, then Ba nitrate impregnation.",Ru,5,False,400,5,3,60000,False,60000 mL g−1 h−1,,5200,104000,False,plot,~,,steady_thermal_catalytic,0.00194255,rate / WHSV,0.14665,-1.32779,0,0.00107273,25.3382,20.6897,26.0817,24.8826,50.7625,450,575,3.43968,primary,Figure 6b,10.1021/acscatal.8b03554 | 400 C | 5 MPa | H2/N2 3 | 6e+04 mL/g/h,per g catalyst,5200,False
10.1021/acscatal.8b03554,"Figure 6b, Ru−Ba/Al2O3-1300, 7 MPa",Ru−Ba/Al2O3-1300,"Alumina calcined in air for 4 h at 1300 °C; Ru impregnation, H2 reduction at 450 °C for 6 h, then Ba nitrate impregnation.",Ru,5,False,400,7,3,60000,False,60000 mL g−1 h−1,,5500,110000,False,plot,~,,steady_thermal_catalytic,0.00205462,rate / WHSV,0.186557,-1.33853,0,0.000865313,26.4794,21.3365,27.4606,25.8885,54.6473,450,620,3.97001,primary,Figure 6b,10.1021/acscatal.8b03554 | 400 C | 7 MPa | H2/N2 3 | 6e+04 mL/g/h,per g catalyst,5500,False
10.1021/acscatal.8b03554,"Figure 6b, Ru−Ba/Al2O3-1300, 10 MPa",Ru−Ba/Al2O3-1300,"Alumina calcined in air for 4 h at 1300 °C; Ru impregnation, H2 reduction at 450 °C for 6 h, then Ba nitrate impregnation.",Ru,5,False,400,10,3,60000,False,60000 mL g−1 h−1,,5600,112000,False,plot,~,,steady_thermal_catalytic,0.00209197,rate / WHSV,0.235441,-1.3506,0,0.000670171,28.2202,22.3253,29.6592,27.3688,60.5136,450,690,4.73062,primary,Figure 6b,10.1021/acscatal.8b03554 | 400 C | 10 MPa | H2/N2 3 | 6e+04 mL/g/h,per g catalyst,5600,False
10.1021/acscatal.8b03650,Table 1 row 1,Co/C12A7:e−,Co2(CO)8 precursor mixed with C12A7:e−; heated in H2/N2 = 3:1 at 400 °C for 2 h under ambient pressure,Co,2.6,False,400,0.1,3,18000,False,,,1764,67846.2,False,table,=,,steady_thermal_catalytic,0.00219657,rate / WHSV,0.00399559,-0.719424,0,96144.1,35.1535,,,25.7423,20.7878,450,245,89.8055,primary,Table 1,10.1021/acscatal.8b03650 | 400 C | 0.1 MPa | H2/N2 3 | 1.8e+04 mL/g/h,per g catalyst,1764,False
10.1021/acscatal.8b03650,Table 1 row 2,Co/C12A7:O2−,Co loaded on C12A7:O2− support without cage electrons,Co,2.9,False,400,0.1,3,18000,False,,,48,1655.17,False,table,=,,steady_thermal_catalytic,5.97707e-05,rate / WHSV,0.00399559,-0.543837,0,2108.55,,,,,,,,,primary; infeasible within bed limit,Table 1,,,,
10.1021/acscatal.8b03650,Table 1 row 3,Ba−Co/AC,"Ba-promoted Co/activated carbon; reduced before catalysis at 400 °C for 20 h, 470 °C for 24 h, and 520 °C for 24 h in H2/N2 = 3:1",Co,10,False,400,0.1,3,18000,False,,,104,1040,False,table,=,,steady_thermal_catalytic,0.000129503,rate / WHSV,0.00399559,-0.526897,0,1326.38,,,,,,,,,primary; infeasible within bed limit,Table 1,,,,
10.1021/acscatal.8b03650,Table 1 row 4,Cs−Co/MgO (Co/Cs = 1),Cs-promoted Co/MgO prepared from Co(NO3)2/MgO and Cs2CO3; atomic ratio Co/Cs = 1,Co,6,False,400,0.1,3,18000,False,,,149,2483.33,False,table,=,,steady_thermal_catalytic,0.000185538,rate / WHSV,0.00399559,-0.559325,0,3170.39,,,,,,,,,primary; infeasible within bed limit,Table 1,,,,
10.1021/acscatal.8b03650,Table 2 row 1,Co/C12A7:e−,Co2(CO)8 precursor mixed with C12A7:e−; heated in H2/N2 = 3:1 at 400 °C for 2 h under ambient pressure,Co,2.6,False,340,0.1,3,18000,False,18000 mL g−1 h−1,,912,35076.9,False,table,=,,steady_thermal_catalytic,0.00113564,rate / WHSV,0.00967694,-0.826175,0,2.27418e+06,23.3233,,24.9834,21.4636,15.688,450,105,50.1416,primary,Table 2,10.1021/acscatal.8b03650 | 340 C | 0.1 MPa | H2/N2 3 | 1.8e+04 mL/g/h,per g catalyst,912,False
10.1021/acscatal.8b03650,Table 2 row 2,Co/C12A7:e−,Co2(CO)8 precursor mixed with C12A7:e−; heated in H2/N2 = 3:1 at 400 °C for 2 h under ambient pressure,Co,1,False,340,0.1,3,18000,False,18000 mL g−1 h−1,,716,71600,False,table,=,,steady_thermal_catalytic,0.000891579,rate / WHSV,0.00967694,-0.857256,0,4.6004e+06,24.4257,,26.8182,22.4527,15.873,450,110,74.5139,primary,Table 2,10.1021/acscatal.8b03650 | 340 C | 0.1 MPa | H2/N2 3 | 1.8e+04 mL/g/h,per g catalyst,716,False
10.1021/acscatal.8b03650,Table 2 row 4,Co/CeO2,CeO2 and Co2(CO)8 heated in H2/N2 = 3:1 at 400 °C for 2 h under ambient pressure,Co,3,False,340,0.1,3,18000,False,18000 mL g−1 h−1,,206,6866.67,False,table,=,,steady_thermal_catalytic,0.000256516,rate / WHSV,0.00967694,-0.723687,0,431530,31.0599,,,25.0481,17.5854,450,185,89.9112,primary,Table 2,10.1021/acscatal.8b03650 | 340 C | 0.1 MPa | H2/N2 3 | 1.8e+04 mL/g/h,per g catalyst,206,False
10.1021/acscatal.8b03650,"Figure 1B, 0.5 MPa",Co/C12A7:e−,Co2(CO)8 precursor mixed with C12A7:e−; heated in H2/N2 = 3:1 at 400 °C for 2 h under ambient pressure,Co,2.6,False,400,0.5,3,18000,False,,,3000,115385,False,plot,~,,steady_thermal_catalytic,0.00373567,rate / WHSV,0.0193661,-0.722622,0,77351,33.8931,,,25.5398,21.3961,450,225,89.583,primary,Figure 1B,10.1021/acscatal.8b03650 | 400 C | 0.5 MPa | H2/N2 3 | 1.8e+04 mL/g/h,per g catalyst,3000,False
10.1021/acscatal.8b03650,"Figure 1B, 0.9 MPa",Co/C12A7:e−,Co2(CO)8 precursor mixed with C12A7:e−; heated in H2/N2 = 3:1 at 400 °C for 2 h under ambient pressure,Co,2.6,False,400,0.9,3,18000,False,,,3900,150000,False,plot,~,,steady_thermal_catalytic,0.00485637,rate / WHSV,0.0338378,-0.735963,0,86296.6,30.0117,,51.8191,24.8176,21.0697,450,170,88.4347,primary,Figure 1B,,,,
10.1021/acscatal.8b03650,"Figure 1C, stability annotation",Co/C12A7:e−,Co2(CO)8 precursor mixed with C12A7:e−; heated in H2/N2 = 3:1 at 400 °C for 2 h under ambient pressure,Co,2.6,False,400,0.9,3,18000,False,,,3830,147308,False,plot,=,60 h,steady_thermal_catalytic,0.0047692,rate / WHSV,0.0338378,-0.734491,0,84585.8,30.3165,,57.2854,24.8963,21.1262,450,175,88.3565,primary,Figure 1C,10.1021/acscatal.8b03650 | 400 C | 0.9 MPa | H2/N2 3 | 1.8e+04 mL/g/h,per g catalyst,3830,False
10.1021/acscatal.8b03650,"Figure 1D, reduced at 500 C",Co/C12A7:e−,Reduced at 500 °C under N2+H2 gas flow before ammonia synthesis,Co,2.6,False,400,0.1,3,18000,False,,,1680,64615.4,False,plot,~,,steady_thermal_catalytic,0.00209197,rate / WHSV,0.00399559,-0.71444,0,90752.6,37.8789,,,26.1074,20.9337,450,290,89.4362,primary,Figure 1D,10.1021/acscatal.8b03650 | 400 C | 0.1 MPa | H2/N2 3 | 1.8e+04 mL/g/h,per g catalyst,1680,False
10.1021/acscatal.8b03650,"Figure 1D, reduced at 600 C",Co/C12A7:e−,Reduced at 600 °C under N2+H2 gas flow before ammonia synthesis,Co,2.6,False,400,0.1,3,18000,False,,,1640,63076.9,False,plot,~,,steady_thermal_catalytic,0.00204216,rate / WHSV,0.00399559,-0.712102,0,88229.3,39.4719,,,26.6875,21.0088,450,315,89.8218,primary,Figure 1D,10.1021/acscatal.8b03650 | 400 C | 0.1 MPa | H2/N2 3 | 1.8e+04 mL/g/h,per g catalyst,1640,False
10.1021/acscatal.8b03650,"Figure 6, 1 wt% Co",Co/C12A7:e−,Co2(CO)8 precursor mixed with C12A7:e−; heated in H2/N2 = 3:1 at 400 °C for 2 h under ambient pressure,Co,1,False,400,0.1,3,18000,False,,,1390,139000,False,plot,~,,steady_thermal_catalytic,0.00173086,rate / WHSV,0.00399559,-0.748922,0,189907,49.6296,,,28.2034,21.5641,450,465,89.7121,primary,Figure 6,10.1021/acscatal.8b03650 | 400 C | 0.1 MPa | H2/N2 3 | 1.8e+04 mL/g/h,per g catalyst,1390,False
10.1021/acscatal.8b03650,"Figure 6, ca. 1.8 wt% Co",Co/C12A7:e−,Co2(CO)8 precursor mixed with C12A7:e−; heated in H2/N2 = 3:1 at 400 °C for 2 h under ambient pressure,Co,1.8,False,400,0.1,3,18000,False,,,1450,80555.6,False,plot,~,,steady_thermal_catalytic,0.00180557,rate / WHSV,0.00399559,-0.720134,0,110645,55.2728,,,27.9369,21.4171,450,540,89.8546,primary,Figure 6,10.1021/acscatal.8b03650 | 400 C | 0.1 MPa | H2/N2 3 | 1.8e+04 mL/g/h,per g catalyst,1450,False
10.1021/acscatal.8b03650,"Figure 6, 3.6 wt% Co",Co/C12A7:e−,Co2(CO)8 precursor mixed with C12A7:e−; heated in H2/N2 = 3:1 at 400 °C for 2 h under ambient pressure,Co,3.6,False,400,0.1,3,18000,False,,,1800,50000,False,plot,~,,steady_thermal_catalytic,0.0022414,rate / WHSV,0.00399559,-0.703707,0,71135.2,35.186,,,25.6559,20.7397,450,245,89.9791,primary,Figure 6,10.1021/acscatal.8b03650 | 400 C | 0.1 MPa | H2/N2 3 | 1.8e+04 mL/g/h,per g catalyst,1800,False
10.1021/acscatal.8b03650,"Figure 6, ca. 5.2 wt% Co",Co/C12A7:e−,Co2(CO)8 precursor mixed with C12A7:e−; heated in H2/N2 = 3:1 at 400 °C for 2 h under ambient pressure,Co,5.2,False,400,0.1,3,18000,False,,,1600,30769.2,False,plot,~,,steady_thermal_catalytic,0.00199236,rate / WHSV,0.00399559,-0.675395,0,42866.7,44.9182,,,26.8075,21.1178,450,400,89.8948,primary,Figure 6,10.1021/acscatal.8b03650 | 400 C | 0.1 MPa | H2/N2 3 | 1.8e+04 mL/g/h,per g catalyst,1600,False
10.1021/acscatal.8b03650,"Text page 4, Co/CaO at 400 C",Co/CaO,,Co,,False,400,,3,18000,False,,,17,,False,text,=,,steady_thermal_catalytic,2.11688e-05,rate / WHSV,,,,,,,,,,,,,outside: metal content not given; no T or P,"Text, page 4 discussion of CaO impurity phase",,,,
10.1021/acssuschemeng.7b02812,"Fig 5a, FeOOH/Al2O3 (25% Fe), 325 °C",FeOOH/Al2O3 (25% Fe),γ-Al2O3-supported FeOOH nanosheets; x = 25 nominal weight loading of Fe in the reduced catalyst; in-situ activation before test.,Fe,24.7,False,325,9,3,,False,,0.02,17.784,72,True,plot,~,,steady_thermal_catalytic,0.0002,printed outlet,0.404323,-1.43376,0,0.158808,20.7021,,25.6282,17.3643,24.6103,450,220,65.1007,primary,Figure 5a,10.1021/acssuschemeng.7b02812 | 325 C | 9 MPa | H2/N2 3 | SV not given,per g catalyst,17.784,False
10.1021/acssuschemeng.7b02812,"Fig 5a, FeOOH/Al2O3 (25% Fe), 350 °C",FeOOH/Al2O3 (25% Fe),γ-Al2O3-supported FeOOH nanosheets; x = 25 nominal weight loading of Fe in the reduced catalyst; in-situ activation before test.,Fe,24.7,False,350,9,3,,False,,0.04,71.136,288,True,plot,~,,steady_thermal_catalytic,0.0004,printed outlet,0.334795,-1.44167,0,0.14108,21.9904,,28.0111,17.8546,25.4534,450,220,80.0903,primary,Figure 5a,10.1021/acssuschemeng.7b02812 | 350 C | 9 MPa | H2/N2 3 | SV not given,per g catalyst,71.136,False
10.1021/acssuschemeng.7b02812,"Fig 5a, FeOOH/Al2O3 (25% Fe), 375 °C",FeOOH/Al2O3 (25% Fe),γ-Al2O3-supported FeOOH nanosheets; x = 25 nominal weight loading of Fe in the reduced catalyst; in-situ activation before test.,Fe,24.7,False,375,9,3,,False,,0.07,177.84,720,True,plot,~,,steady_thermal_catalytic,0.0007,printed outlet,0.273145,-1.46232,0,0.0871373,26.6703,,38.9766,19.7958,29.9168,450,300,84.3662,primary,Figure 5a,10.1021/acssuschemeng.7b02812 | 375 C | 9 MPa | H2/N2 3 | SV not given,per g catalyst,177.84,False
10.1021/acssuschemeng.7b02812,"Fig 5a, FeOOH/Al2O3 (25% Fe), 400 °C",FeOOH/Al2O3 (25% Fe),γ-Al2O3-supported FeOOH nanosheets; x = 25 nominal weight loading of Fe in the reduced catalyst; in-situ activation before test.,Fe,24.7,False,400,9,3,,False,,0.12,400.14,1620,True,plot,~,,steady_thermal_catalytic,0.0012,printed outlet,0.220346,-1.48599,0,0.053038,38.3284,,83.0529,23.8995,37.157,450,465,89.3216,primary,Figure 5a,10.1021/acssuschemeng.7b02812 | 400 C | 9 MPa | H2/N2 3 | SV not given,per g catalyst,400.14,False
10.1021/acssuschemeng.7b02812,"Fig 5a, FeOOH/Al2O3 (25% Fe), 425 °C",FeOOH/Al2O3 (25% Fe),γ-Al2O3-supported FeOOH nanosheets; x = 25 nominal weight loading of Fe in the reduced catalyst; in-situ activation before test.,Fe,24.7,False,425,9,3,,False,,0.2,755.82,3060,True,plot,~,,steady_thermal_catalytic,0.002,printed outlet,0.176428,-1.51482,0,0.029405,108.816,,,34.162,51.5639,450,980,89.8491,primary,Figure 5a,10.1021/acssuschemeng.7b02812 | 425 C | 9 MPa | H2/N2 3 | SV not given,per g catalyst,755.82,False
10.1021/acssuschemeng.7b02812,"Fig 5a, FeOOH/Al2O3 (25% Fe), 450 °C",FeOOH/Al2O3 (25% Fe),γ-Al2O3-supported FeOOH nanosheets; x = 25 nominal weight loading of Fe in the reduced catalyst; in-situ activation before test.,Fe,24.7,False,450,9,3,,False,,0.35,1378.26,5580,True,plot,~,,steady_thermal_catalytic,0.0035,printed outlet,0.140728,-1.54346,0,0.0170191,,,,75.8863,84.1012,,,,primary; infeasible within bed limit,Figure 5a,,,,
10.1021/acssuschemeng.7b02812,"Fig 5a, FeOOH/Al2O3 (25% Fe), 475 °C",FeOOH/Al2O3 (25% Fe),γ-Al2O3-supported FeOOH nanosheets; x = 25 nominal weight loading of Fe in the reduced catalyst; in-situ activation before test.,Fe,24.7,False,475,9,3,,False,,0.5,2756.52,11160,True,plot,~,,steady_thermal_catalytic,0.005,printed outlet,0.112193,-1.56659,0,0.0115953,,,,,,,,,primary; infeasible within bed limit,Figure 5a,,,,
10.1021/acssuschemeng.7b02812,"Fig 5a, FeOOH/Al2O3 (25% Fe), 500 °C",FeOOH/Al2O3 (25% Fe),γ-Al2O3-supported FeOOH nanosheets; x = 25 nominal weight loading of Fe in the reduced catalyst; in-situ activation before test.,Fe,24.7,False,500,9,3,,False,,0.65,4446,18000,True,plot,~,,steady_thermal_catalytic,0.0065,printed outlet,0.0896361,-1.59667,0,0.00681582,,,,,,,,,primary; infeasible within bed limit,Figure 5a,,,,
10.1021/acssuschemeng.7b02812,"Fig 5a, FeOOH/Al2O3 (15% Fe), 325 °C",FeOOH/Al2O3 (15% Fe),γ-Al2O3-supported FeOOH nanosheets; x = 15 nominal weight loading of Fe in the reduced catalyst; in-situ activation before test.,Fe,17.8,False,325,9,3,,False,,0.02,19.224,108,True,plot,~,,steady_thermal_catalytic,0.0002,printed outlet,0.404323,-1.42367,0,0.238212,21.043,,25.9061,17.5159,24.0868,450,220,69.2728,primary,Figure 5a,10.1021/acssuschemeng.7b02812 | 325 C | 9 MPa | H2/N2 3 | SV not given,per g catalyst,19.224,False
10.1021/acssuschemeng.7b02812,"Fig 5a, FeOOH/Al2O3 (15% Fe), 350 °C",FeOOH/Al2O3 (15% Fe),γ-Al2O3-supported FeOOH nanosheets; x = 15 nominal weight loading of Fe in the reduced catalyst; in-situ activation before test.,Fe,17.8,False,350,9,3,,False,,0.05,76.896,432,True,plot,~,,steady_thermal_catalytic,0.0005,printed outlet,0.334795,-1.43024,0,0.211715,22.1344,,27.9081,17.9366,24.88,450,220,75.0816,primary,Figure 5a,10.1021/acssuschemeng.7b02812 | 350 C | 9 MPa | H2/N2 3 | SV not given,per g catalyst,76.896,False
10.1021/acssuschemeng.7b02812,"Fig 5a, FeOOH/Al2O3 (15% Fe), 375 °C",FeOOH/Al2O3 (15% Fe),γ-Al2O3-supported FeOOH nanosheets; x = 15 nominal weight loading of Fe in the reduced catalyst; in-situ activation before test.,Fe,17.8,False,375,9,3,,False,,0.08,224.28,1260,True,plot,~,,steady_thermal_catalytic,0.0008,printed outlet,0.273145,-1.44433,0,0.152561,25.0312,,33.9614,19.1745,27.4907,450,295,73.6444,primary,Figure 5a,10.1021/acssuschemeng.7b02812 | 375 C | 9 MPa | H2/N2 3 | SV not given,per g catalyst,224.28,False
10.1021/acssuschemeng.7b02812,"Fig 5a, FeOOH/Al2O3 (15% Fe), 400 °C",FeOOH/Al2O3 (15% Fe),γ-Al2O3-supported FeOOH nanosheets; x = 15 nominal weight loading of Fe in the reduced catalyst; in-situ activation before test.,Fe,17.8,False,400,9,3,,False,,0.12,480.6,2700,True,plot,~,,steady_thermal_catalytic,0.0012,printed outlet,0.220346,-1.46792,0,0.0883967,33.819,,60.3848,22.7029,34.0709,450,405,89.1001,primary,Figure 5a,10.1021/acssuschemeng.7b02812 | 400 C | 9 MPa | H2/N2 3 | SV not given,per g catalyst,480.6,False
10.1021/acssuschemeng.7b02812,"Fig 5a, FeOOH/Al2O3 (15% Fe), 425 °C",FeOOH/Al2O3 (15% Fe),γ-Al2O3-supported FeOOH nanosheets; x = 15 nominal weight loading of Fe in the reduced catalyst; in-situ activation before test.,Fe,17.8,False,425,9,3,,False,,0.2,929.16,5220,True,plot,~,,steady_thermal_catalytic,0.002,printed outlet,0.176428,-1.49469,0,0.0501615,68.5732,,,30.3189,45.4537,450,780,89.8716,primary,Figure 5a,10.1021/acssuschemeng.7b02812 | 425 C | 9 MPa | H2/N2 3 | SV not given,per g catalyst,929.16,False
10.1021/acssuschemeng.7b02812,"Fig 5a, FeOOH/Al2O3 (15% Fe), 450 °C",FeOOH/Al2O3 (15% Fe),γ-Al2O3-supported FeOOH nanosheets; x = 15 nominal weight loading of Fe in the reduced catalyst; in-situ activation before test.,Fe,17.8,False,450,9,3,,False,,0.32,1634.04,9180,True,plot,~,,steady_thermal_catalytic,0.0032,printed outlet,0.140728,-1.52389,0,0.0279483,,,,57.7073,69.8668,,,,primary; infeasible within bed limit,Figure 5a,,,,
10.1021/acssuschemeng.7b02812,"Fig 5a, FeOOH/Al2O3 (15% Fe), 475 °C",FeOOH/Al2O3 (15% Fe),γ-Al2O3-supported FeOOH nanosheets; x = 15 nominal weight loading of Fe in the reduced catalyst; in-situ activation before test.,Fe,17.8,False,475,9,3,,False,,0.5,2979.72,16740,True,plot,~,,steady_thermal_catalytic,0.005,printed outlet,0.112193,-1.55002,0,0.0173929,,,,,,,,,primary; infeasible within bed limit,Figure 5a,,,,
10.1021/acssuschemeng.7b02812,"Fig 5a, FeOOH/Al2O3 (15% Fe), 500 °C",FeOOH/Al2O3 (15% Fe),γ-Al2O3-supported FeOOH nanosheets; x = 15 nominal weight loading of Fe in the reduced catalyst; in-situ activation before test.,Fe,17.8,False,500,9,3,,False,,0.75,4421.52,24840,True,plot,~,,steady_thermal_catalytic,0.0075,printed outlet,0.0896361,-1.58282,0,0.00948346,,,,,,,,,primary; infeasible within bed limit,Figure 5a,,,,
10.1021/acssuschemeng.7b02812,"Fig 5a, FeOOH/Al2O3 (5% Fe), 325 °C",FeOOH/Al2O3 (5% Fe),γ-Al2O3-supported FeOOH nanosheets; x = 5 nominal weight loading of Fe in the reduced catalyst; in-situ activation before test.,Fe,5.5,False,325,9,3,,False,,0.01,7.92,144,True,plot,~,,steady_thermal_catalytic,0.0001,printed outlet,0.404323,-1.41688,0,0.317477,28.6406,,40.1979,21.4887,32.5317,450,390,65.6391,primary,Figure 5a,10.1021/acssuschemeng.7b02812 | 325 C | 9 MPa | H2/N2 3 | SV not given,per g catalyst,7.92,False
10.1021/acssuschemeng.7b02812,"Fig 5a, FeOOH/Al2O3 (5% Fe), 350 °C",FeOOH/Al2O3 (5% Fe),γ-Al2O3-supported FeOOH nanosheets; x = 5 nominal weight loading of Fe in the reduced catalyst; in-situ activation before test.,Fe,5.5,False,350,9,3,,False,,0.02,35.64,648,True,plot,~,,steady_thermal_catalytic,0.0002,printed outlet,0.334795,-1.41947,0,0.317148,29.6214,,42.349,21.89,32.5459,450,400,68.3625,primary,Figure 5a,10.1021/acssuschemeng.7b02812 | 350 C | 9 MPa | H2/N2 3 | SV not given,per g catalyst,35.64,False
10.1021/acssuschemeng.7b02812,"Fig 5a, FeOOH/Al2O3 (5% Fe), 375 °C",FeOOH/Al2O3 (5% Fe),γ-Al2O3-supported FeOOH nanosheets; x = 5 nominal weight loading of Fe in the reduced catalyst; in-situ activation before test.,Fe,5.5,False,375,9,3,,False,,0.03,99,1800,True,plot,~,,steady_thermal_catalytic,0.0003,printed outlet,0.273145,-1.43342,0,0.217442,37.1517,,62.0368,24.6051,38.8995,450,450,88.9076,primary,Figure 5a,10.1021/acssuschemeng.7b02812 | 375 C | 9 MPa | H2/N2 3 | SV not given,per g catalyst,99,False
10.1021/acssuschemeng.7b02812,"Fig 5a, FeOOH/Al2O3 (5% Fe), 400 °C",FeOOH/Al2O3 (5% Fe),γ-Al2O3-supported FeOOH nanosheets; x = 5 nominal weight loading of Fe in the reduced catalyst; in-situ activation before test.,Fe,5.5,False,400,9,3,,False,,0.06,227.7,4140,True,plot,~,,steady_thermal_catalytic,0.0006,printed outlet,0.220346,-1.45323,0,0.135143,61.3732,,,31.0125,50.7441,450,725,89.3539,primary,Figure 5a,10.1021/acssuschemeng.7b02812 | 400 C | 9 MPa | H2/N2 3 | SV not given,per g catalyst,227.7,False
10.1021/acssuschemeng.7b02812,"Fig 5a, FeOOH/Al2O3 (5% Fe), 425 °C",FeOOH/Al2O3 (5% Fe),γ-Al2O3-supported FeOOH nanosheets; x = 5 nominal weight loading of Fe in the reduced catalyst; in-situ activation before test.,Fe,5.5,False,425,9,3,,False,,0.1,504.9,9180,True,plot,~,,steady_thermal_catalytic,0.001,printed outlet,0.176428,-1.47382,0,0.0877422,,,,46.4714,71.9681,,,,primary; infeasible within bed limit,Figure 5a,,,,
10.1021/acssuschemeng.7b02812,"Fig 5a, FeOOH/Al2O3 (5% Fe), 450 °C",FeOOH/Al2O3 (5% Fe),γ-Al2O3-supported FeOOH nanosheets; x = 5 nominal weight loading of Fe in the reduced catalyst; in-situ activation before test.,Fe,5.5,False,450,9,3,,False,,0.18,930.6,16920,True,plot,~,,steady_thermal_catalytic,0.0018,printed outlet,0.140728,-1.50012,0,0.0510784,,,,,,,,,primary; infeasible within bed limit,Figure 5a,,,,
10.1021/acssuschemeng.7b02812,"Fig 5a, FeOOH/Al2O3 (5% Fe), 475 °C",FeOOH/Al2O3 (5% Fe),γ-Al2O3-supported FeOOH nanosheets; x = 5 nominal weight loading of Fe in the reduced catalyst; in-situ activation before test.,Fe,5.5,False,475,9,3,,False,,0.28,1524.6,27720,True,plot,~,,steady_thermal_catalytic,0.0028,printed outlet,0.112193,-1.52985,0,0.0283633,,,,,,,,,primary; infeasible within bed limit,Figure 5a,,,,
10.1021/acssuschemeng.7b02812,"Fig 5a, FeOOH/Al2O3 (5% Fe), 500 °C",FeOOH/Al2O3 (5% Fe),γ-Al2O3-supported FeOOH nanosheets; x = 5 nominal weight loading of Fe in the reduced catalyst; in-situ activation before test.,Fe,5.5,False,500,9,3,,False,,0.45,2316.6,42120,True,plot,~,,steady_thermal_catalytic,0.0045,printed outlet,0.0896361,-1.56123,0,0.0156903,,,,,,,,,primary; infeasible within bed limit,Figure 5a,,,,
10.1021/acssuschemeng.7b02812,"Fig 5a, FeOOH−K/Al2O3 (25% Fe), 325 °C",FeOOH−K/Al2O3 (25% Fe),K-promoter introduced into FeOOH/Al2O3 (25% Fe) by impregnation of K2CO3 solution; nominal K loading 5 wt % in reduced catalyst; in-situ activation before test.,Fe,21.8,False,325,9,3,,False,,0.15,549.36,2520,True,plot,~,,steady_thermal_catalytic,0.0015,printed outlet,0.404323,-1.35851,0,5.58999,16.2255,,17.1857,15.5533,15.4886,450,205,17.4945,primary,Figure 5a,10.1021/acssuschemeng.7b02812 | 325 C | 9 MPa | H2/N2 3 | SV not given,per g catalyst,549.36,False
10.1021/acssuschemeng.7b02812,"Fig 5a, FeOOH−K/Al2O3 (25% Fe), 350 °C",FeOOH−K/Al2O3 (25% Fe),K-promoter introduced into FeOOH/Al2O3 (25% Fe) by impregnation of K2CO3 solution; nominal K loading 5 wt % in reduced catalyst; in-situ activation before test.,Fe,21.8,False,350,9,3,,False,,0.45,1491.12,6840,True,plot,~,,steady_thermal_catalytic,0.0045,printed outlet,0.334795,-1.36612,0,3.41227,16.3964,,17.5136,15.6271,15.7684,450,210,18.5695,primary,Figure 5a,10.1021/acssuschemeng.7b02812 | 350 C | 9 MPa | H2/N2 3 | SV not given,per g catalyst,1491.12,False
10.1021/acssuschemeng.7b02812,"Fig 5a, FeOOH−K/Al2O3 (25% Fe), 375 °C",FeOOH−K/Al2O3 (25% Fe),K-promoter introduced into FeOOH/Al2O3 (25% Fe) by impregnation of K2CO3 solution; nominal K loading 5 wt % in reduced catalyst; in-situ activation before test.,Fe,21.8,False,375,9,3,,False,,0.8,3453.12,15840,True,plot,~,,steady_thermal_catalytic,0.008,printed outlet,0.273145,-1.37593,0,1.98256,16.6757,,18.076,15.7493,16.2659,450,210,22.9136,primary,Figure 5a,10.1021/acssuschemeng.7b02812 | 375 C | 9 MPa | H2/N2 3 | SV not given,per g catalyst,3453.12,False
10.1021/acssuschemeng.7b02812,"Fig 5a, FeOOH−K/Al2O3 (25% Fe), 400 °C",FeOOH−K/Al2O3 (25% Fe),K-promoter introduced into FeOOH/Al2O3 (25% Fe) by impregnation of K2CO3 solution; nominal K loading 5 wt % in reduced catalyst; in-situ activation before test.,Fe,21.8,False,400,9,3,,False,,1.3,6513.84,29880,True,plot,~,,steady_thermal_catalytic,0.013,printed outlet,0.220346,-1.39114,0,1.03658,17.2787,,19.3058,16.0143,17.2552,450,220,28.0693,primary,Figure 5a,10.1021/acssuschemeng.7b02812 | 400 C | 9 MPa | H2/N2 3 | SV not given,per g catalyst,6513.84,False
10.1021/acssuschemeng.7b02812,"Fig 5a, FeOOH−K/Al2O3 (25% Fe), 425 °C",FeOOH−K/Al2O3 (25% Fe),K-promoter introduced into FeOOH/Al2O3 (25% Fe) by impregnation of K2CO3 solution; nominal K loading 5 wt % in reduced catalyst; in-situ activation before test.,Fe,21.8,False,425,9,3,,False,,2.2,10437.8,47880,True,plot,~,,steady_thermal_catalytic,0.022,printed outlet,0.176428,-1.41327,0,0.512664,18.8286,,22.2049,16.6453,19.3193,450,220,48.8181,primary,Figure 5a,10.1021/acssuschemeng.7b02812 | 425 C | 9 MPa | H2/N2 3 | SV not given,per g catalyst,10437.8,False
10.1021/acssuschemeng.7b02812,"Fig 5a, FeOOH−K/Al2O3 (25% Fe), 450 °C",FeOOH−K/Al2O3 (25% Fe),K-promoter introduced into FeOOH/Al2O3 (25% Fe) by impregnation of K2CO3 solution; nominal K loading 5 wt % in reduced catalyst; in-situ activation before test.,Fe,21.8,False,450,9,3,,False,,3,14675.8,67320,True,plot,~,,steady_thermal_catalytic,0.03,printed outlet,0.140728,-1.44284,0,0.2418,23.0862,,30.035,18.2983,22.7868,450,275,65.3398,primary,Figure 5a,10.1021/acssuschemeng.7b02812 | 450 C | 9 MPa | H2/N2 3 | SV not given,per g catalyst,14675.8,False
10.1021/acssuschemeng.7b02812,"Fig 5a, FeOOH−K/Al2O3 (25% Fe), 475 °C",FeOOH−K/Al2O3 (25% Fe),K-promoter introduced into FeOOH/Al2O3 (25% Fe) by impregnation of K2CO3 solution; nominal K loading 5 wt % in reduced catalyst; in-situ activation before test.,Fe,21.8,False,475,9,3,,False,,3.8,19620,90000,True,plot,~,,steady_thermal_catalytic,0.038,printed outlet,0.112193,-1.47505,0,0.118901,33.7496,,61.4859,22.5624,27.9261,450,405,88.7029,primary,Figure 5a,10.1021/acssuschemeng.7b02812 | 475 C | 9 MPa | H2/N2 3 | SV not given,per g metal,90000,False
10.1021/acssuschemeng.7b02812,"Fig 5a, FeOOH−K/Al2O3 (25% Fe), 500 °C",FeOOH−K/Al2O3 (25% Fe),K-promoter introduced into FeOOH/Al2O3 (25% Fe) by impregnation of K2CO3 solution; nominal K loading 5 wt % in reduced catalyst; in-situ activation before test.,Fe,21.8,False,500,9,3,,False,,4.8,28645.2,131400,True,plot,~,,steady_thermal_catalytic,0.048,printed outlet,0.0896361,-1.50128,0,0.0720827,66.6569,,,29.8163,34.0983,450,765,89.9843,primary,Figure 5a,10.1021/acssuschemeng.7b02812 | 500 C | 9 MPa | H2/N2 3 | SV not given,per g metal,131400,False
10.1021/cs401044a,"Fig 5/Table 2, Ru/HT-C12A7:e− evacuated 873 K",Ru/HT-C12A7:e−,HT-C12A7 was evacuated at 873 K before reaction with CaH2 at 973 K; Ru loaded from Ru3(CO)12.,Ru,2,False,339.85,0.1,3,18000,False,,,500,25000,False,mixed,~,,steady_thermal_catalytic,0.000622611,rate / WHSV,0.00970011,-1.16075,0,0.396458,22.4387,19.8344,22.8388,22.0261,24.635,450,430,4.8316,primary,Figure 5 and Table 2,10.1021/cs401044a | 340 C | 0.1 MPa | H2/N2 3 | 1.8e+04 mL/g/h,per g catalyst,500,False
10.1021/cs401044a,"Fig 5/Table 2, Ru/HT-C12A7:e− evacuated 973 K",Ru/HT-C12A7:e−,HT-C12A7 was evacuated at 973 K before reaction with CaH2 at 973 K; Ru loaded from Ru3(CO)12.,Ru,2,False,339.85,0.1,3,18000,False,,,850,42500,False,mixed,~,,steady_thermal_catalytic,0.00105844,rate / WHSV,0.00970011,-1.12312,0,1.22441,22.7774,20.0972,23.0985,22.4951,22.2835,450,220,5.17432,primary,Figure 5 and Table 2,10.1021/cs401044a | 340 C | 0.1 MPa | H2/N2 3 | 1.8e+04 mL/g/h,per g catalyst,850,False
10.1021/cs401044a,"Fig 5/Table 2, Ru/HT-C12A7:e− evacuated 1073 K",Ru/HT-C12A7:e−,HT-C12A7 was evacuated at 1073 K before reaction with CaH2 at 973 K; Ru loaded from Ru3(CO)12.,Ru,2,False,339.85,0.1,3,18000,False,,,1600,80000,False,mixed,~,,steady_thermal_catalytic,0.00199236,rate / WHSV,0.00970011,-1,0.468543,5.59147,22.541,19.7306,22.8468,22.3025,19.3912,450,210,5.26293,primary,Figure 5 and Table 2,10.1021/cs401044a | 340 C | 0.1 MPa | H2/N2 3 | 1.8e+04 mL/g/h,per g catalyst,1600,False
10.1021/cs401044a,"Fig 5/Table 2, Ru/HT-C12A7:e− evacuated 1173 K",Ru/HT-C12A7:e−,HT-C12A7 was evacuated at 1173 K before reaction with CaH2 at 973 K; Ru loaded from Ru3(CO)12.,Ru,2,False,339.85,0.1,3,18000,False,,,2290,114500,False,mixed,=,,steady_thermal_catalytic,0.00285156,rate / WHSV,0.00970011,-0.995,0.924105,14.2561,20.4897,17.9923,20.8062,20.2973,17.7945,450,220,5.14496,primary,Figure 5 and Table 2,10.1021/cs401044a | 340 C | 0.1 MPa | H2/N2 3 | 1.8e+04 mL/g/h,per g catalyst,2290,False
10.1021/cs401044a,"Fig 5/Table 2, Ru/HT-C12A7:e− evacuated 1273 K",Ru/HT-C12A7:e−,HT-C12A7 was evacuated at 1273 K before reaction with CaH2 at 973 K; Ru loaded from Ru3(CO)12.,Ru,2,False,339.85,0.1,3,18000,False,,,1700,85000,False,mixed,~,,steady_thermal_catalytic,0.00211688,rate / WHSV,0.00970011,-1,0.544995,6.52663,22.1488,19.42,22.4792,21.9396,19.0916,450,220,5.61208,primary,Figure 5 and Table 2,10.1021/cs401044a | 340 C | 0.1 MPa | H2/N2 3 | 1.8e+04 mL/g/h,per g catalyst,1700,False
10.1021/cs401044a,"Fig 5/Table 2, Ru/SP-C12A7:e−",Ru/SP-C12A7:e−,Conventional C12A7:e− synthesized by solid-phase reaction; Ru loaded from Ru3(CO)12.,Ru,2,False,339.85,0.1,3,18000,False,,,1180,59000,False,mixed,=,,steady_thermal_catalytic,0.00146936,rate / WHSV,0.00970011,-1.01,0.0877474,2.63223,24.2169,21.2226,24.5437,23.9637,20.7861,450,220,6.82415,primary,Figure 5 and Table 2,10.1021/cs401044a | 340 C | 0.1 MPa | H2/N2 3 | 1.8e+04 mL/g/h,per g catalyst,1180,False
10.1021/cs401044a,"Fig 5, Ru/CaO",Ru/CaO,,Ru,2,False,339.85,0.1,3,18000,False,,,300,,False,plot,~,,steady_thermal_catalytic,0.000373567,rate / WHSV,0.00970011,-1.17782,0,0.152907,22.2877,19.7614,22.8021,21.8685,26.7701,450,430,4.49661,primary,Figure 5,10.1021/cs401044a | 340 C | 0.1 MPa | H2/N2 3 | 1.8e+04 mL/g/h,per g catalyst,300,False
10.1021/cs401044a,"Fig 5/Table 2, Cs-Ru/MgO",Cs-Ru/MgO,,Ru,6,False,339.85,0.1,3,18000,False,,,1650,27500,False,mixed,~,,steady_thermal_catalytic,0.00205462,rate / WHSV,0.00970011,-1,0.030195,2.01564,24.4973,20.5562,24.6259,24.4144,20.9178,450,215,2.10672,primary,Figure 5 and Table 2,10.1021/cs401044a | 340 C | 0.1 MPa | H2/N2 3 | 1.8e+04 mL/g/h,per g catalyst,1650,False
10.1021/cs401044a,"Fig 7, Ru/CaO/HT-C12A7:e−",Ru/CaO/HT-C12A7:e−,CaO-deposited HT-C12A7:e− support prepared by heating a mixture of Ca metal and HT-C12A7 in vacuum; HT-C12A7 evacuated at 1173 K before CaH2 treatment.,Ru,2,False,339.85,0.1,3,18000,False,,,780,39000,False,plot,~,,steady_thermal_catalytic,0.000971273,rate / WHSV,0.00970011,-1.13284,0,1.01041,22.7001,20.0273,23.0079,22.3467,22.6778,450,220,4.96663,primary,Figure 7,10.1021/cs401044a | 340 C | 0.1 MPa | H2/N2 3 | 1.8e+04 mL/g/h,per g catalyst,780,False
10.1021/cs401044a,"Fig 7, Ru/HT-C12A7 + CaH2",Ru/HT-C12A7 + CaH2,Ru loaded mixture of CaH2 and dehydrated HT-C12A7; used to test CaH2 promotional effect.,Ru,2,False,339.85,0.1,3,18000,False,,,920,46000,False,plot,~,,steady_thermal_catalytic,0.0011456,rate / WHSV,0.00970011,-1.11084,0,1.46595,22.8966,20.2005,23.2384,22.6837,21.9172,450,220,5.49467,primary,Figure 7,10.1021/cs401044a | 340 C | 0.1 MPa | H2/N2 3 | 1.8e+04 mL/g/h,per g catalyst,920,False
10.1021/cs401044a,"Fig 7, Ru/HT-C12A7",Ru/HT-C12A7,HT-C12A7 without electrons in the cages.,Ru,2,False,339.85,0.1,3,18000,False,,,920,46000,False,plot,~,,steady_thermal_catalytic,0.0011456,rate / WHSV,0.00970011,-1.11084,0,1.46595,22.8966,20.2005,23.2384,22.6837,21.9172,450,220,5.49467,primary,Figure 7,10.1021/cs401044a | 340 C | 0.1 MPa | H2/N2 3 | 1.8e+04 mL/g/h,per g catalyst,920,False
10.1021/cs401044a,"Fig 8, Ru/HT-C12A7:e− 1173 K, ~1 h",Ru-loaded HT-C12A7:e−,HT-C12A7 was evacuated at 1173 K before reaction with CaH2.,Ru,2,False,339.85,0.1,3,18000,False,,,2100,105000,False,plot,~,1 h,steady_thermal_catalytic,0.00261497,rate / WHSV,0.00970011,-0.995,0.813292,11.3185,21.0092,18.4185,21.3029,20.7999,18.1514,450,215,4.93865,primary,Figure 8,,,,
10.1021/cs401044a,"Fig 8, Ru/HT-C12A7:e− 1173 K, ~2 h",Ru-loaded HT-C12A7:e−,HT-C12A7 was evacuated at 1173 K before reaction with CaH2.,Ru,2,False,339.85,0.1,3,18000,False,,,2350,117500,False,plot,~,2 h,steady_thermal_catalytic,0.00292627,rate / WHSV,0.00970011,-0.99,0.957304,15.2816,20.4444,17.948,20.7558,20.2551,17.6737,450,220,5.02314,primary,Figure 8,,,,
10.1021/cs401044a,"Fig 8, Ru/HT-C12A7:e− 1173 K, ~4 h",Ru-loaded HT-C12A7:e−,HT-C12A7 was evacuated at 1173 K before reaction with CaH2.,Ru,2,False,339.85,0.1,3,18000,False,,,2350,117500,False,plot,~,4 h,steady_thermal_catalytic,0.00292627,rate / WHSV,0.00970011,-0.99,0.957304,15.2816,20.4444,17.948,20.7558,20.2551,17.6737,450,220,5.02314,primary,Figure 8,,,,
10.1021/cs401044a,"Fig 8, Ru/HT-C12A7:e− 1173 K, ~15 h",Ru-loaded HT-C12A7:e−,HT-C12A7 was evacuated at 1173 K before reaction with CaH2.,Ru,2,False,339.85,0.1,3,18000,False,,,2200,110000,False,plot,~,15 h,steady_thermal_catalytic,0.00273949,rate / WHSV,0.00970011,-0.995,0.872738,12.8072,20.7301,18.1898,21.0326,20.5145,17.9695,450,220,5.79093,primary,Figure 8,,,,
10.1021/cs401044a,"Fig 8, Ru/HT-C12A7:e− 1173 K, ~20 h",Ru-loaded HT-C12A7:e−,HT-C12A7 was evacuated at 1173 K before reaction with CaH2.,Ru,2,False,339.85,0.1,3,18000,False,,,2170,108500,False,plot,~,20 h,steady_thermal_catalytic,0.00270213,rate / WHSV,0.00970011,-0.995,0.855176,12.3475,20.8191,18.2602,21.1112,20.5948,18.021,450,220,6.02991,primary,Figure 8,,,,
10.1021/cs401044a,"Fig 8, Ru/HT-C12A7:e− 1173 K, ~22 h",Ru-loaded HT-C12A7:e−,HT-C12A7 was evacuated at 1173 K before reaction with CaH2.,Ru,2,False,339.85,0.1,3,18000,False,,,2200,110000,False,plot,~,22 h,steady_thermal_catalytic,0.00273949,rate / WHSV,0.00970011,-0.995,0.872738,12.8072,20.7301,18.1898,21.0326,20.5145,17.9695,450,220,5.79093,primary,Figure 8,,,,
10.1021/cs401044a,"Fig 8, Ru/HT-C12A7:e− 1173 K, ~24 h",Ru-loaded HT-C12A7:e−,HT-C12A7 was evacuated at 1173 K before reaction with CaH2.,Ru,2,False,339.85,0.1,3,18000,False,,,2200,110000,False,plot,~,24 h,steady_thermal_catalytic,0.00273949,rate / WHSV,0.00970011,-0.995,0.872738,12.8072,20.7301,18.1898,21.0326,20.5145,17.9695,450,220,5.79093,primary,Figure 8,,,,
10.1021/cs401044a,"Fig 8, Ru/HT-C12A7:e− 1173 K, ~26 h",Ru-loaded HT-C12A7:e−,HT-C12A7 was evacuated at 1173 K before reaction with CaH2.,Ru,2,False,339.85,0.1,3,18000,False,,,2200,110000,False,plot,~,26 h,steady_thermal_catalytic,0.00273949,rate / WHSV,0.00970011,-0.995,0.872738,12.8072,20.7301,18.1898,21.0326,20.5145,17.9695,450,220,5.79093,primary,Figure 8,,,,
10.1021/cs401044a,"Fig 8, Ru/HT-C12A7:e− 1173 K, ~28 h",Ru-loaded HT-C12A7:e−,HT-C12A7 was evacuated at 1173 K before reaction with CaH2.,Ru,2,False,339.85,0.1,3,18000,False,,,2190,109500,False,plot,~,28 h,steady_thermal_catalytic,0.00272704,rate / WHSV,0.00970011,-0.995,0.866909,12.6527,20.7593,18.2137,21.0594,20.5408,17.9864,450,220,5.86918,primary,Figure 8,,,,
10.1021/cs401044a,"Fig 8, Ru/HT-C12A7:e− 1173 K, ~30 h",Ru-loaded HT-C12A7:e−,HT-C12A7 was evacuated at 1173 K before reaction with CaH2.,Ru,2,False,339.85,0.1,3,18000,False,,,2190,109500,False,plot,~,30 h,steady_thermal_catalytic,0.00272704,rate / WHSV,0.00970011,-0.995,0.866909,12.6527,20.7593,18.2137,21.0594,20.5408,17.9864,450,220,5.86918,primary,Figure 8,,,,
10.1021/cs401044a,"Fig 8, Ru/HT-C12A7:e− 1173 K, 50 h",Ru-loaded HT-C12A7:e−,HT-C12A7 was evacuated at 1173 K before reaction with CaH2.,Ru,2,False,339.85,0.1,3,18000,False,,,2180,109000,False,plot,~,50 h,steady_thermal_catalytic,0.00271458,rate / WHSV,0.00970011,-0.995,0.861055,12.4994,20.7889,18.237,21.0851,20.5676,18.0036,450,220,5.94883,primary,Figure 8,10.1021/cs401044a | 340 C | 0.1 MPa | H2/N2 3 | 1.8e+04 mL/g/h,per g catalyst,2180,False
10.1021/jacs.7b08891,"Results Activity text / Fig 2a, Ru/BaTiO3, 400 C 5 MPa",Ru/BaTiO3,,Ru,0.9,False,400,5.10133,3,66000,False,,,4100,455556,False,mixed,=,,steady_thermal_catalytic,0.00139238,rate / WHSV,0.148851,-1.2973,0,0.00326542,25.0869,23.0369,26.8368,23.7571,46.4017,450,430,12.4519,primary,"Results, Activity paragraph; Figure 2a",10.1021/jacs.7b08891 | 400 C | 5.1 MPa | H2/N2 3 | 6.6e+04 mL/g/h,per g catalyst,4100,False
10.1021/jacs.7b08891,"Results Activity text / Fig 2a, Cs-Ru/MgO, 400 C 5 MPa",Cs−Ru/MgO,,Ru,0.9,False,400,5.10133,3,66000,False,,,2700,300000,False,mixed,=,,steady_thermal_catalytic,0.000916936,rate / WHSV,0.148851,-1.3064,0,0.00151226,25.8799,23.6177,27.9565,24.3927,63.616,450,430,15.1992,primary,"Results, Activity paragraph; Figure 2a",10.1021/jacs.7b08891 | 400 C | 5.1 MPa | H2/N2 3 | 6.6e+04 mL/g/h,per g catalyst,2700,False
10.1021/jacs.7b08891,"Results Activity text / Fig 2a, TiH2, 400 C 5 MPa",TiH2,Commercial TiH2 ball milled for 12 h in a N2-filled Al2O3 pot; catalyst initially treated with flowing H2 (90 mL/min) at 400 °C.,Ti,,False,400,5.10133,3,66000,False,,,2800,,False,mixed,=,,steady_thermal_catalytic,0.000950897,rate / WHSV,,,,,,,,,,,,,outside: not a single model metal; metal content not given,"Results, Activity paragraph; Figure 2a",,,,
10.1021/jacs.7b08891,"Results Activity text / Fig 2a, BaTiO2.5H0.5, 400 C 5 MPa",BaTiO2.5H0.5,BaTiO2.5H0.5 synthesized by CaH2 reduction of BaTiO3 at 560 °C for 1 week; washed with NH4Cl/methanol and dried at 100 °C under vacuum; catalyst initially treated with flowing H2 (90 mL/min) at 400 °C.,Ti,,False,400,5.10133,3,66000,False,,,1400,,False,mixed,=,,steady_thermal_catalytic,0.000475448,rate / WHSV,,,,,,,,,,,,,outside: not a single model metal; metal content not given,"Results, Activity paragraph; Figure 2a",,,,
10.1021/jacs.7b08891,"Fig 2e, TiH2 pressure dependence, 1 MPa",TiH2,Commercial TiH2 ball milled for 12 h in a N2-filled Al2O3 pot; catalyst initially treated with flowing H2 (90 mL/min) at 400 °C.,Ti,,False,400,1.10133,3,66000,False,,,750,,False,plot,~,,steady_thermal_catalytic,0.000254705,rate / WHSV,,,,,,,,,,,,,outside: not a single model metal; metal content not given,Figure 2e,,,,
10.1021/jacs.7b08891,"Fig 2e, TiH2 pressure dependence, 2 MPa",TiH2,Commercial TiH2 ball milled for 12 h in a N2-filled Al2O3 pot; catalyst initially treated with flowing H2 (90 mL/min) at 400 °C.,Ti,,False,400,2.10133,3,66000,False,,,1500,,False,plot,~,,steady_thermal_catalytic,0.000509409,rate / WHSV,,,,,,,,,,,,,outside: not a single model metal; metal content not given,Figure 2e,,,,
10.1021/jacs.7b08891,"Fig 2e, TiH2 pressure dependence, 3 MPa",TiH2,Commercial TiH2 ball milled for 12 h in a N2-filled Al2O3 pot; catalyst initially treated with flowing H2 (90 mL/min) at 400 °C.,Ti,,False,400,3.10133,3,66000,False,,,2000,,False,plot,~,,steady_thermal_catalytic,0.000679212,rate / WHSV,,,,,,,,,,,,,outside: not a single model metal; metal content not given,Figure 2e,,,,
10.1021/jacs.7b08891,"Fig 2e, TiH2 pressure dependence, 4 MPa",TiH2,Commercial TiH2 ball milled for 12 h in a N2-filled Al2O3 pot; catalyst initially treated with flowing H2 (90 mL/min) at 400 °C.,Ti,,False,400,4.10133,3,66000,False,,,2400,,False,plot,~,,steady_thermal_catalytic,0.000815055,rate / WHSV,,,,,,,,,,,,,outside: not a single model metal; metal content not given,Figure 2e,,,,
10.1021/jacs.7b08891,"Fig 2e, BaTiO2.5H0.5 pressure dependence, 1 MPa",BaTiO2.5H0.5,BaTiO2.5H0.5 synthesized by CaH2 reduction of BaTiO3 at 560 °C for 1 week; washed with NH4Cl/methanol and dried at 100 °C under vacuum; catalyst initially treated with flowing H2 (90 mL/min) at 400 °C.,Ti,,False,400,1.10133,3,66000,False,,,100,,False,plot,~,,steady_thermal_catalytic,3.39606e-05,rate / WHSV,,,,,,,,,,,,,outside: not a single model metal; metal content not given,Figure 2e,,,,
10.1021/jacs.7b08891,"Fig 2e, BaTiO2.5H0.5 pressure dependence, 2 MPa",BaTiO2.5H0.5,BaTiO2.5H0.5 synthesized by CaH2 reduction of BaTiO3 at 560 °C for 1 week; washed with NH4Cl/methanol and dried at 100 °C under vacuum; catalyst initially treated with flowing H2 (90 mL/min) at 400 °C.,Ti,,False,400,2.10133,3,66000,False,,,200,,False,plot,~,,steady_thermal_catalytic,6.79212e-05,rate / WHSV,,,,,,,,,,,,,outside: not a single model metal; metal content not given,Figure 2e,,,,
10.1021/jacs.7b08891,"Fig 2e, BaTiO2.5H0.5 pressure dependence, 3 MPa",BaTiO2.5H0.5,BaTiO2.5H0.5 synthesized by CaH2 reduction of BaTiO3 at 560 °C for 1 week; washed with NH4Cl/methanol and dried at 100 °C under vacuum; catalyst initially treated with flowing H2 (90 mL/min) at 400 °C.,Ti,,False,400,3.10133,3,66000,False,,,400,,False,plot,~,,steady_thermal_catalytic,0.000135842,rate / WHSV,,,,,,,,,,,,,outside: not a single model metal; metal content not given,Figure 2e,,,,
10.1021/jacs.7b08891,"Fig 2e, BaTiO2.5H0.5 pressure dependence, 4 MPa",BaTiO2.5H0.5,BaTiO2.5H0.5 synthesized by CaH2 reduction of BaTiO3 at 560 °C for 1 week; washed with NH4Cl/methanol and dried at 100 °C under vacuum; catalyst initially treated with flowing H2 (90 mL/min) at 400 °C.,Ti,,False,400,4.10133,3,66000,False,,,800,,False,plot,~,,steady_thermal_catalytic,0.000271685,rate / WHSV,,,,,,,,,,,,,outside: not a single model metal; metal content not given,Figure 2e,,,,
10.1021/jacs.9b10726,"Fig 4a, Ru/BaCeO3, 300 C",Ru/BaCeO3,,Ru,4.3,False,300,0.9,3,36000,False,,,250,5813.95,False,plot,~,,steady_thermal_catalytic,0.000155653,rate / WHSV,0.133169,-1.24166,0,0.00538485,21.8506,18.9983,22.2345,21.613,36.6755,450,430,2.7411,primary,Figure 4a,10.1021/jacs.9b10726 | 300 C | 0.9 MPa | H2/N2 3 | 3.6e+04 mL/g/h,per g catalyst,250,False
10.1021/jacs.9b10726,"Fig 4a, Ru/BaCeO3−xNyHz support 400 C prep, 300 C reaction",Ru/BaCeO3−xNyHz,BaCeO3−xNyHz support prepared at 400 °C,Ru,,False,300,0.9,3,36000,False,,,750,,False,plot,~,,steady_thermal_catalytic,0.000466958,rate / WHSV,,,,,,,,,,,,,outside: metal content not given,Figure 4a,,,,
10.1021/jacs.9b10726,"Fig 4a, Ru/BaCeO3−xNyHz support 500 C prep, 300 C reaction",Ru/BaCeO3−xNyHz,BaCeO3−xNyHz support prepared at 500 °C,Ru,,False,300,0.9,3,36000,False,,,1550,,False,plot,~,,steady_thermal_catalytic,0.000965047,rate / WHSV,,,,,,,,,,,,,outside: metal content not given,Figure 4a,,,,
10.1021/jacs.9b10726,"Fig 4a, Ru/BaCeO3−xNyHz support 550 C prep, 300 C reaction",Ru/BaCeO3−xNyHz,BaCeO3−xNyHz support prepared at 550 °C,Ru,4.5,False,300,0.9,3,36000,False,,,5200,115556,False,plot,~,,steady_thermal_catalytic,0.00323758,rate / WHSV,0.133169,-1.11,0.481802,3.15907,20.5162,17.4782,20.6747,20.3634,20.1748,450,220,2.55454,primary,Figure 4a,10.1021/jacs.9b10726 | 300 C | 0.9 MPa | H2/N2 3 | 3.6e+04 mL/g/h,per g catalyst,5200,False
10.1021/jacs.9b10726,"Fig 4a, Ru/BaCeO3−xNyHz support 700 C prep, 300 C reaction",Ru/BaCeO3−xNyHz,BaCeO3−xNyHz support prepared at 700 °C,Ru,,False,300,0.9,3,36000,False,,,2100,,False,plot,~,,steady_thermal_catalytic,0.00130748,rate / WHSV,,,,,,,,,,,,,outside: metal content not given,Figure 4a,,,,
10.1021/jacs.9b10726,"Fig 4a, Ru/BaCeO3−xNyHz support 900 C prep, 300 C reaction",Ru/BaCeO3−xNyHz,BaCeO3−xNyHz support prepared at 900 °C,Ru,,False,300,0.9,3,36000,False,,,450,,False,plot,~,,steady_thermal_catalytic,0.000280175,rate / WHSV,,,,,,,,,,,,,outside: metal content not given,Figure 4a,,,,
10.1021/jacs.9b10726,"Text p5, Co/BaCeO3−xNyHz, 400 C",Co(4.7 wt %)/BaCeO3−xNyHz,BaCeO3−xNyHz support; standard sample prepared at 550 °C where specified in text for this material,Co,4.7,False,400,0.9,3,36000,False,,,10100,214894,False,text,=,,steady_thermal_catalytic,0.00628837,rate / WHSV,0.0338378,-0.764896,0,127608,24.2411,,26.8731,22.1693,19.0351,450,110,68.8182,primary,"Text, Catalytic Performance for Ammonia Synthesis",10.1021/jacs.9b10726 | 400 C | 0.9 MPa | H2/N2 3 | 3.6e+04 mL/g/h,per g catalyst,10100,False
10.1021/jacs.9b10726,"Text p5, Fe/BaCeO3−xNyHz, 400 C",Fe(1.2 wt %)/BaCeO3−xNyHz,BaCeO3−xNyHz support; standard sample prepared at 550 °C where specified in text for this material,Fe,1.2,False,400,0.9,3,36000,False,,,6800,566667,False,text,=,,steady_thermal_catalytic,0.00423376,rate / WHSV,0.0338378,-1.22991,0,267.098,18.924,,20.2891,17.3566,14.7824,450,220,26.4431,primary,"Text, Catalytic Performance for Ammonia Synthesis",10.1021/jacs.9b10726 | 400 C | 0.9 MPa | H2/N2 3 | 3.6e+04 mL/g/h,per g catalyst,6800,False
10.1021/jacs.9b10726,"Text p5, Co/BaCeO3, 400 C",Co(4.6 wt %)/BaCeO3,,Co,4.6,False,400,0.9,3,36000,False,,,240,5217.39,False,text,=,,steady_thermal_catalytic,0.000149427,rate / WHSV,0.0338378,-0.572176,0,2713.84,,,,,,,,,primary; infeasible within bed limit,"Text, Catalytic Performance for Ammonia Synthesis",,,,
10.1021/jacs.9b10726,"Text p5, Fe/BaCeO3, 400 C",Fe(1.1 wt %)/BaCeO3,,Fe,1.1,False,400,0.9,3,36000,False,,,30,2727.27,False,text,=,,steady_thermal_catalytic,1.86783e-05,rate / WHSV,0.0338378,-1.38583,0,1.1975,36.1342,,52.5966,25.6596,37.0076,450,430,79.8513,primary,"Text, Catalytic Performance for Ammonia Synthesis",10.1021/jacs.9b10726 | 400 C | 0.9 MPa | H2/N2 3 | 3.6e+04 mL/g/h,per g catalyst,30,False
10.1021/jacs.9b10726,"Text p6, BaCeO3−xNyHz, 400 C",BaCeO3−xNyHz,BaCeO3−xNyHz prepared at 550 °C; no transition-metal nanoparticles,Ce,,False,400,0.9,3,36000,False,36000 mL g−1 h−1,,430,,False,text,=,,steady_thermal_catalytic,0.000267723,rate / WHSV,,,,,,,,,,,,,outside: not a single model metal; metal content not given,"Text, Catalytic Performance for Ammonia Synthesis",,,,
10.1021/jacs.9b10726,"Fig 5a, BaCeO3−xNyHz, TOS ~0 h",BaCeO3−xNyHz,BaCeO3−xNyHz prepared at 550 °C; no transition-metal nanoparticles,Ce,,False,400,0.9,3,36000,False,36000 mL g−1 h−1,,290,,False,plot,~,0 h,steady_thermal_catalytic,0.000180557,rate / WHSV,,,,,,,,,,,,,outside: not a single model metal; metal content not given,Figure 5a,,,,
10.1021/jacs.9b10726,"Fig 5a, BaCeO3−xNyHz, TOS ~10 h",BaCeO3−xNyHz,BaCeO3−xNyHz prepared at 550 °C; no transition-metal nanoparticles,Ce,,False,400,0.9,3,36000,False,36000 mL g−1 h−1,,380,,False,plot,~,10 h,steady_thermal_catalytic,0.000236592,rate / WHSV,,,,,,,,,,,,,outside: not a single model metal; metal content not given,Figure 5a,,,,
10.1021/jacs.9b10726,"Fig 5a, BaCeO3−xNyHz, TOS ~20 h",BaCeO3−xNyHz,BaCeO3−xNyHz prepared at 550 °C; no transition-metal nanoparticles,Ce,,False,400,0.9,3,36000,False,36000 mL g−1 h−1,,350,,False,plot,~,20 h,steady_thermal_catalytic,0.000217914,rate / WHSV,,,,,,,,,,,,,outside: not a single model metal; metal content not given,Figure 5a,,,,
10.1021/jacs.9b10726,"Fig 5a, BaCeO3−xNyHz, TOS ~65 h",BaCeO3−xNyHz,BaCeO3−xNyHz prepared at 550 °C; no transition-metal nanoparticles,Ce,,False,400,0.9,3,36000,False,36000 mL g−1 h−1,,360,,False,plot,~,65 h,steady_thermal_catalytic,0.00022414,rate / WHSV,,,,,,,,,,,,,outside: not a single model metal; metal content not given,Figure 5a,,,,
10.1021/jacs.9b10726,"Fig 5a, BaCeO3−xNyHz, TOS ~90 h",BaCeO3−xNyHz,BaCeO3−xNyHz prepared at 550 °C; no transition-metal nanoparticles,Ce,,False,400,0.9,3,36000,False,36000 mL g−1 h−1,,460,,False,plot,~,90 h,steady_thermal_catalytic,0.000286401,rate / WHSV,,,,,,,,,,,,,outside: not a single model metal; metal content not given,Figure 5a,,,,
10.1021/jacs.9b10726,"Fig 5a, BaCeO3−xNyHz, TOS 168 h",BaCeO3−xNyHz,BaCeO3−xNyHz prepared at 550 °C; no transition-metal nanoparticles,Ce,,False,400,0.9,3,36000,False,36000 mL g−1 h−1,,430,,False,plot,~,168 h,steady_thermal_catalytic,0.000267723,rate / WHSV,,,,,,,,,,,,,outside: not a single model metal; metal content not given,Figure 5a,,,,
10.1021/jacs.9b10726,"Fig 8b, Ru/BaCeO3−xNyHz before dehydrogenation, ~300 C",Ru/BaCeO3−xNyHz,Before dehydrogenation treatment; BaCeO3−xNyHz support prepared at 550 °C,Ru,4.5,False,300,0.9,3,36000,False,,,6000,133333,False,plot,~,,steady_thermal_catalytic,0.00373567,rate / WHSV,0.133169,-1.115,0.656053,4.67115,19.7193,16.8586,19.8698,19.6086,19.5048,450,220,2.42054,primary,Figure 8b,10.1021/jacs.9b10726 | 300 C | 0.9 MPa | H2/N2 3 | 3.6e+04 mL/g/h,per g catalyst,6000,False
10.1021/jacs.9b10726,"Fig 8b, Ru/BaCeO3−xNyHz before dehydrogenation, ~340 C",Ru/BaCeO3−xNyHz,Before dehydrogenation treatment; BaCeO3−xNyHz support prepared at 550 °C,Ru,4.5,False,340,0.9,3,36000,False,,,13500,300000,False,plot,~,,steady_thermal_catalytic,0.00840525,rate / WHSV,0.0758434,-1.095,0.661069,4.83349,19.9082,17.0007,20.0736,19.8036,19.4481,450,220,2.66845,primary,Figure 8b,10.1021/jacs.9b10726 | 340 C | 0.9 MPa | H2/N2 3 | 3.6e+04 mL/g/h,per g catalyst,13500,False
10.1021/jacs.9b10726,"Fig 8b, Ru/BaCeO3−xNyHz before dehydrogenation, ~400 C",Ru/BaCeO3−xNyHz,Before dehydrogenation treatment; BaCeO3−xNyHz support prepared at 550 °C,Ru,4.5,False,400,0.9,3,36000,False,,,27000,600000,False,plot,~,,steady_thermal_catalytic,0.0168105,rate / WHSV,0.0338378,-1.055,0.370309,2.64199,21.7557,18.4714,21.895,21.6537,20.4933,450,220,2.23227,primary,Figure 8b,10.1021/jacs.9b10726 | 400 C | 0.9 MPa | H2/N2 3 | 3.6e+04 mL/g/h,per g catalyst,27000,False
10.1021/jacs.9b10726,"Fig 8b, Ru/BaCeO3−xNy after dehydrogenation, ~300 C",Ru/BaCeO3−xNy,BaCeO3−xNy without H− ions prepared by heating BaCeO3−xNyHz under Ar gas flow; Figure 8a caption/text,Ru,4.5,False,300,0.9,3,36000,False,,,6500,144444,False,plot,~,,steady_thermal_catalytic,0.00404697,rate / WHSV,0.133169,-1.115,0.754001,5.8253,19.3433,16.5716,19.4679,19.2341,19.1229,450,220,2.79678,primary,Figure 8b,10.1021/jacs.9b10726 | 300 C | 0.9 MPa | H2/N2 3 | 3.6e+04 mL/g/h,per g catalyst,6500,False
10.1021/jacs.9b10726,"Fig 8b, Ru/BaCeO3−xNy after dehydrogenation, ~340 C",Ru/BaCeO3−xNy,BaCeO3−xNy without H− ions prepared by heating BaCeO3−xNyHz under Ar gas flow; Figure 8a caption/text,Ru,4.5,False,340,0.9,3,36000,False,,,14500,322222,False,plot,~,,steady_thermal_catalytic,0.00902786,rate / WHSV,0.0758434,-1.1,0.751462,5.92662,19.4787,16.6708,19.6104,19.3939,19.0902,450,220,2.10508,primary,Figure 8b,10.1021/jacs.9b10726 | 340 C | 0.9 MPa | H2/N2 3 | 3.6e+04 mL/g/h,per g catalyst,14500,False
10.1021/jacs.9b10726,"Fig 8b, Ru/BaCeO3−xNy after dehydrogenation, ~400 C",Ru/BaCeO3−xNy,BaCeO3−xNy without H− ions prepared by heating BaCeO3−xNyHz under Ar gas flow; Figure 8a caption/text,Ru,4.5,False,400,0.9,3,36000,False,,,29500,655556,False,plot,~,,steady_thermal_catalytic,0.018367,rate / WHSV,0.0338378,-1.055,0.489316,3.45601,21.1842,18.015,21.3381,21.0863,20.0173,450,220,2.4777,primary,Figure 8b,10.1021/jacs.9b10726 | 400 C | 0.9 MPa | H2/N2 3 | 3.6e+04 mL/g/h,per g catalyst,29500,False
10.1038/nchem.1476,Table 1 row 1,Ru-Ba/AC,,Ru,9.1,False,400,1,3,18000,False,,1.14,8285,91044,False,table,=,,steady_thermal_catalytic,0.0114,printed outlet,0.0373265,-1.2524,0,0.155564,21.7429,18.5215,21.938,21.6163,26.2142,450,430,1.3593,primary,Table 1,10.1038/nchem.1476 | 400 C | 1 MPa | H2/N2 3 | 1.8e+04 mL/g/h,per g catalyst,8285,False
10.1038/nchem.1476,Table 1 row 2,Ru-Cs/MgO,,Ru,6,False,400,1,3,18000,False,,1.67,12117,201950,False,table,=,,steady_thermal_catalytic,0.0167,printed outlet,0.0373265,-1.18617,0,0.720261,21.7493,18.6824,22.0227,21.5734,22.9635,450,430,1.97284,primary,Table 1,10.1038/nchem.1476 | 400 C | 1 MPa | H2/N2 3 | 1.8e+04 mL/g/h,per g catalyst,12117,False
10.1038/nchem.1476,Table 1 row 3,Ru/C12A7:O2−,,Ru,1.2,False,400,1,3,18000,False,,0.12,888,74000,False,table,=,,steady_thermal_catalytic,0.0012,printed outlet,0.0373265,-1.27616,0,0.00423812,23.494,21.4007,24.5917,22.6406,41.4497,450,430,9.8757,primary,Table 1,10.1038/nchem.1476 | 400 C | 1 MPa | H2/N2 3 | 1.8e+04 mL/g/h,per g catalyst,888,False
10.1038/nchem.1476,Table 1 row 4,Ru/C12A7:e−,Ru loading on C12A7:e− conducted using a solvent-free preparation method.,Ru,0.1,False,400,1,3,18000,False,,0.13,994,994000,False,table,=,,steady_thermal_catalytic,0.0013,printed outlet,0.0373265,-1.21815,0,0.0619328,26.2911,25.8024,28.0016,24.5349,35.051,450,220,34.958,primary,Table 1,10.1038/nchem.1476 | 400 C | 1 MPa | H2/N2 3 | 1.8e+04 mL/g/h,per g catalyst,994,False
10.1038/nchem.1476,Table 1 row 5,Ru/C12A7:e−,Ru loading on C12A7:e− conducted using a solvent-free preparation method.,Ru,0.3,False,400,1,3,18000,False,,0.5,3686,1.22867e+06,False,table,=,,steady_thermal_catalytic,0.005,printed outlet,0.0373265,-1.18411,0,0.49103,23.9341,22.9446,25.0096,22.9906,25.6541,450,220,20.5228,primary,Table 1,10.1038/nchem.1476 | 400 C | 1 MPa | H2/N2 3 | 1.8e+04 mL/g/h,per g catalyst,3686,False
10.1038/nchem.1476,Table 1 row 6,Ru/C12A7:e−,Ru loading on C12A7:e− conducted using a solvent-free preparation method.,Ru,1.2,False,400,1,3,18000,False,,1.13,8245,687083,False,table,=,,steady_thermal_catalytic,0.0113,printed outlet,0.0373265,-1.06,0.00325742,1.15479,23.8171,21.5111,24.3156,23.4972,22.6258,450,220,8.62839,primary,Table 1,10.1038/nchem.1476 | 400 C | 1 MPa | H2/N2 3 | 1.8e+04 mL/g/h,per g catalyst,8245,False
10.1038/nchem.1476,Table 1 row 7,Ru/C12A7:e−,Ru loading on C12A7:e− conducted using a solvent-free preparation method.,Ru,4,False,400,1,3,18000,False,,0.83,6089,152225,False,table,=,,steady_thermal_catalytic,0.0083,printed outlet,0.0373265,-1.24379,0,0.145431,21.8975,19.0794,22.3116,21.6414,26.6205,450,430,2.97019,primary,Table 1,10.1038/nchem.1476 | 400 C | 1 MPa | H2/N2 3 | 1.8e+04 mL/g/h,per g catalyst,6089,False
10.1038/nchem.1476,Figure 3a Ru/C12A7:e− 0.1 MPa,Ru/C12A7:e−,Ru loading on C12A7:e− conducted using a solvent-free preparation method.,Ru,1,False,360,0.1,3,18000,False,,,,,False,,,,steady_thermal_catalytic,,,,,,,,,,,,,,,outside: no rate per g catalyst,Figure 3a,,,,
10.1038/nchem.1476,Figure 3a Ru/C12A7:e− 0.3 MPa,Ru/C12A7:e−,Ru loading on C12A7:e− conducted using a solvent-free preparation method.,Ru,1,False,360,0.3,3,18000,False,,,,,False,,,,steady_thermal_catalytic,,,,,,,,,,,,,,,outside: no rate per g catalyst,Figure 3a,,,,
10.1038/nchem.1476,Figure 3a Ru/C12A7:e− 0.5 MPa,Ru/C12A7:e−,Ru loading on C12A7:e− conducted using a solvent-free preparation method.,Ru,1,False,360,0.5,3,18000,False,,,,,False,,,,steady_thermal_catalytic,,,,,,,,,,,,,,,outside: no rate per g catalyst,Figure 3a,,,,
10.1038/nchem.1476,Figure 3a Ru/C12A7:e− 0.7 MPa,Ru/C12A7:e−,Ru loading on C12A7:e− conducted using a solvent-free preparation method.,Ru,1,False,360,0.7,3,18000,False,,,,,False,,,,steady_thermal_catalytic,,,,,,,,,,,,,,,outside: no rate per g catalyst,Figure 3a,,,,
10.1038/nchem.1476,Figure 3a Ru/C12A7:e− 1.0 MPa,Ru/C12A7:e−,Ru loading on C12A7:e− conducted using a solvent-free preparation method.,Ru,1,False,360,1,3,18000,False,,,,,False,,,,steady_thermal_catalytic,,,,,,,,,,,,,,,outside: no rate per g catalyst,Figure 3a and text,,,,
10.1038/nchem.1476,Figure 3a Ru-Cs/MgO 0.1 MPa,Ru-Cs/MgO,,Ru,6,False,360,0.1,3,18000,False,,,,,False,,,,steady_thermal_catalytic,,,,,,,,,,,,,,,outside: no rate per g catalyst,Figure 3a,,,,
10.1038/nchem.1476,Figure 3a Ru-Cs/MgO 0.3 MPa,Ru-Cs/MgO,,Ru,6,False,360,0.3,3,18000,False,,,,,False,,,,steady_thermal_catalytic,,,,,,,,,,,,,,,outside: no rate per g catalyst,Figure 3a,,,,
10.1038/nchem.1476,Figure 3a Ru-Cs/MgO 0.5 MPa,Ru-Cs/MgO,,Ru,6,False,360,0.5,3,18000,False,,,,,False,,,,steady_thermal_catalytic,,,,,,,,,,,,,,,outside: no rate per g catalyst,Figure 3a,,,,
10.1038/nchem.1476,Figure 3a Ru-Cs/MgO 0.7 MPa,Ru-Cs/MgO,,Ru,6,False,360,0.7,3,18000,False,,,,,False,,,,steady_thermal_catalytic,,,,,,,,,,,,,,,outside: no rate per g catalyst,Figure 3a,,,,
10.1038/nchem.1476,Figure 3a Ru-Cs/MgO 1.0 MPa,Ru-Cs/MgO,,Ru,6,False,360,1,3,18000,False,,,,,False,,,,steady_thermal_catalytic,,,,,,,,,,,,,,,outside: no rate per g catalyst,Figure 3a,,,,
10.1038/nchem.1476,Figure 2 Ru/C12A7:e− 400 C,Ru/C12A7:e−,Ru loading on C12A7:e− conducted using a solvent-free preparation method.,Ru,4,False,400,0.1,3,18000,False,,0.29,2122,53050,False,SI,=,,steady_thermal_catalytic,0.0029,printed outlet,0.00399559,-1.15128,0,0.754499,22.1937,19.1339,22.5374,21.9667,23.0001,450,430,2.53873,primary,"Figure 2a,b",10.1038/nchem.1476 | 400 C | 0.1 MPa | H2/N2 3 | 1.8e+04 mL/g/h,per g catalyst,2122,False
10.1038/nchem.1476,Figure 2 Ru/C12A7:O2− 400 C,Ru/C12A7:O2−,,Ru,1.2,False,400,0.1,3,18000,False,,0.11,546,45500,False,SI,=,,steady_thermal_catalytic,0.0011,printed outlet,0.00399559,-1.19169,0,0.164395,22.6025,20.4494,23.1968,21.9907,26.8506,450,405,6.56407,primary,"Figure 2a,b",10.1038/nchem.1476 | 400 C | 0.1 MPa | H2/N2 3 | 1.8e+04 mL/g/h,per g catalyst,546,False
10.1038/nchem.1476,Figure 2 Ru/CA 400 C,Ru/CA,,Ru,1,False,400,0.1,3,18000,False,,0.06,470,47000,False,plot,~,,steady_thermal_catalytic,0.0006,printed outlet,0.00399559,-1.19661,0,0.0966393,22.7554,20.7617,23.413,22.0632,28.172,450,410,7.48738,primary,Figure 2a,10.1038/nchem.1476 | 400 C | 0.1 MPa | H2/N2 3 | 1.8e+04 mL/g/h,per g catalyst,470,False
10.1038/nchem.1476,Figure 2 Ru-Cs/MgO 400 C,Ru-Cs/MgO,,Ru,6,False,400,0.1,3,18000,False,,0.46,3353,55883.3,False,SI,=,,steady_thermal_catalytic,0.0046,printed outlet,0.00399559,-1.07523,0,1.51419,23.1232,19.4922,23.2658,23.032,21.4541,450,220,2.28846,flagged: outlet near equilibrium,"Figure 2a,b",,,,
10.1038/nchem.1476,Figure 2 Ru-Ba/AC 400 C,Ru-Ba/AC,,Ru,9.1,False,400,0.1,3,18000,False,,0.3,2228,24483.5,False,SI,=,,steady_thermal_catalytic,0.003,printed outlet,0.00399559,-1.18549,0,0.370359,21.6555,18.4125,21.8431,21.5335,24.2802,450,430,1.30336,primary,"Figure 2a,b",10.1038/nchem.1476 | 400 C | 0.1 MPa | H2/N2 3 | 1.8e+04 mL/g/h,per g catalyst,2228,False
10.1038/nchem.1476,Figure 2 Ru/CaO 400 C,Ru/CaO,,Ru,1.5,False,400,0.1,3,18000,False,,0.02,158,10533.3,False,SI,=,,steady_thermal_catalytic,0.0002,printed outlet,0.00399559,-1.24132,0,0.0120165,22.4985,20.3252,23.2708,21.9043,34.2478,450,430,5.99748,primary,"Figure 2a,b",10.1038/nchem.1476 | 400 C | 0.1 MPa | H2/N2 3 | 1.8e+04 mL/g/h,per g catalyst,158,False
10.1038/nchem.1476,Figure 2 Ru/γ-Al2O3 400 C,Ru/γ-Al2O3,,Ru,6,False,400,0.1,3,18000,False,,0.01,51,850,False,SI,=,,steady_thermal_catalytic,0.0001,printed outlet,0.00399559,-1.3259,0,0.000811873,25.0471,20.344,25.6415,24.6785,54.7567,450,565,2.83676,primary,Figure 2a,10.1038/nchem.1476 | 400 C | 0.1 MPa | H2/N2 3 | 1.8e+04 mL/g/h,per g catalyst,51,False
10.1038/s41467-020-14287-z,"Fig. 2a, Co–N–C, 250 °C",Co–N–C,N–C plus CoPc in DMF; product dried and heated to 500 °C under Ar for 2 h.,Co,3.73,False,250,1,3,60000,False,60000 mL g−1 h−1,,350,9383.38,False,plot,~,,steady_thermal_catalytic,0.000130748,rate / WHSV,0.278145,-0.96158,0,1.984e+09,19.4832,,20.7275,17.996,12.7256,450,165,31.989,flagged: T outside 300-500 C,Figure 2a,,,,
10.1038/s41467-020-14287-z,"Fig. 2a, Co–N–C, 270 °C",Co–N–C,N–C plus CoPc in DMF; product dried and heated to 500 °C under Ar for 2 h.,Co,3.73,False,270,1,3,60000,False,60000 mL g−1 h−1,,450,12064.3,False,plot,~,,steady_thermal_catalytic,0.000168105,rate / WHSV,0.21589,-0.915699,0,2.81187e+08,20.4113,,21.5547,18.8308,13.552,450,140,39.4737,flagged: T outside 300-500 C,Figure 2a,,,,
10.1038/s41467-020-14287-z,"Fig. 2a, Co–N–C, 300 °C",Co–N–C,N–C plus CoPc in DMF; product dried and heated to 500 °C under Ar for 2 h.,Co,3.73,False,300,1,3,60000,False,60000 mL g−1 h−1,,1550,41555,False,plot,~,,steady_thermal_catalytic,0.000579028,rate / WHSV,0.144217,-0.899043,0,5.04173e+07,20.6865,,21.908,19.1774,14.3466,450,110,41.5806,primary,Figure 2a,10.1038/s41467-020-14287-z | 300 C | 1 MPa | H2/N2 3 | 6e+04 mL/g/h,per g catalyst,1550,False
10.1038/s41467-020-14287-z,"Fig. 2a, Co–N–C, 320 °C",Co–N–C,N–C plus CoPc in DMF; product dried and heated to 500 °C under Ar for 2 h.,Co,3.73,False,320,1,3,60000,False,60000 mL g−1 h−1,,2650,71045.6,False,plot,~,,steady_thermal_catalytic,0.000989952,rate / WHSV,0.109401,-0.876668,0,1.44615e+07,21.1656,,22.4963,19.6774,14.7157,450,110,54.5838,primary,Figure 2a,10.1038/s41467-020-14287-z | 320 C | 1 MPa | H2/N2 3 | 6e+04 mL/g/h,per g catalyst,2650,False
10.1038/s41467-020-14287-z,"Text/Fig. 2a, Co–N–C, 350 °C",Co–N–C,N–C plus CoPc in DMF; product dried and heated to 500 °C under Ar for 2 h.,Co,3.73,False,350,1,3,60000,False,60000 mL g−1 h−1,,4340,116354,False,mixed,=,,steady_thermal_catalytic,0.00162128,rate / WHSV,0.0723434,-0.82633,0,2.06338e+06,22.5448,,24.0033,20.7744,15.5373,450,110,48.3297,primary,Text and Figure 2a,10.1038/s41467-020-14287-z | 350 C | 1 MPa | H2/N2 3 | 6e+04 mL/g/h,per g catalyst,4340,False
10.1038/s41467-020-14287-z,"Text, Co–N–C, 350 °C, per g Co rate",Co–N–C,N–C plus CoPc in DMF; product dried and heated to 500 °C under Ar for 2 h.,Co,3.73,False,350,1,3,60000,False,60000 mL g−1 h−1,,4339.85,116350,True,text,=,,steady_thermal_catalytic,0.00162123,rate / WHSV,0.0723434,-0.826327,0,2.06331e+06,22.5449,,24.0034,20.7744,15.5373,450,110,48.3314,primary,"Text, Ammonia synthesis performance",,,,
10.1038/s41467-020-14287-z,"Text, Co–N–C, 350 °C, surface-area-normalized rate",Co–N–C,N–C plus CoPc in DMF; product dried and heated to 500 °C under Ar for 2 h.,Co,3.73,False,350,1,3,60000,False,60000 mL g−1 h−1,,,,False,,=,,steady_thermal_catalytic,,,,,,,,,,,,,,,outside: no rate per g catalyst,"Text, Ammonia synthesis performance",,,,
10.1038/s41467-020-14287-z,"Text, Co–N–C, 350 °C, TOFCototal",Co–N–C,N–C plus CoPc in DMF; product dried and heated to 500 °C under Ar for 2 h.,Co,3.73,False,350,1,3,60000,False,60000 mL g−1 h−1,,4340,116354,False,text,=,,steady_thermal_catalytic,0.00162128,rate / WHSV,0.0723434,-0.82633,0,2.06338e+06,22.5448,,24.0033,20.7744,15.5373,450,110,48.3297,primary,"Text, Ammonia synthesis performance",,,,
10.1038/s41467-020-14287-z,"Text, Co–N–C, 350 °C, TOFCosur",Co–N–C,N–C plus CoPc in DMF; product dried and heated to 500 °C under Ar for 2 h.,Co,3.73,False,350,1,3,60000,False,60000 mL g−1 h−1,,4340,116354,False,text,=,,steady_thermal_catalytic,0.00162128,rate / WHSV,0.0723434,-0.82633,0,2.06338e+06,22.5448,,24.0033,20.7744,15.5373,450,110,48.3297,primary,"Text, Ammonia synthesis performance",,,,
10.1038/s41467-020-14287-z,"Text, Co–N–C, pressure series, 0.2 MPa",Co–N–C,N–C plus CoPc in DMF; product dried and heated to 500 °C under Ar for 2 h.,Co,3.73,False,350,0.2,3,60000,False,60000 mL g−1 h−1,,2920,78284.2,False,text,=,,steady_thermal_catalytic,0.00109081,rate / WHSV,0.0162707,-0.815367,0,1.92305e+06,22.8722,,24.4736,21.05,15.574,450,110,57.053,primary,"Text, Ammonia synthesis performance",10.1038/s41467-020-14287-z | 350 C | 0.2 MPa | H2/N2 3 | 6e+04 mL/g/h,per g catalyst,2920,False
10.1038/s41467-020-14287-z,"Text, Co–N–C, pressure series, 5.0 MPa",Co–N–C,N–C plus CoPc in DMF; product dried and heated to 500 °C under Ar for 2 h.,Co,3.73,False,350,5,3,60000,False,60000 mL g−1 h−1,,12910,346113,False,text,=,,steady_thermal_catalytic,0.00482275,rate / WHSV,0.2417,-0.925682,0,6.73378e+06,20.195,,21.3868,18.6438,15.182,450,155,38.9038,primary,"Text, Ammonia synthesis performance",10.1038/s41467-020-14287-z | 350 C | 5 MPa | H2/N2 3 | 6e+04 mL/g/h,per g catalyst,12910,False
10.1038/s41467-020-14287-z,"Fig. 2a, N–C, 250 °C",N–C,"N-doped hollow carbon spheres prepared with melamine, calcined at 700 °C under Ar for 2 h, HF etched; denoted N–C.",,,False,250,1,3,60000,False,60000 mL g−1 h−1,,20,,False,plot,~,,steady_thermal_catalytic,7.47133e-06,rate / WHSV,,,,,,,,,,,,,outside: not a single model metal; metal content not given,Figure 2a,,,,
10.1038/s41467-020-14287-z,"Fig. 2a, N–C, 270 °C",N–C,"N-doped hollow carbon spheres prepared with melamine, calcined at 700 °C under Ar for 2 h, HF etched; denoted N–C.",,,False,270,1,3,60000,False,60000 mL g−1 h−1,,30,,False,plot,~,,steady_thermal_catalytic,1.1207e-05,rate / WHSV,,,,,,,,,,,,,outside: not a single model metal; metal content not given,Figure 2a,,,,
10.1038/s41467-020-14287-z,"Fig. 2a, N–C, 300 °C",N–C,"N-doped hollow carbon spheres prepared with melamine, calcined at 700 °C under Ar for 2 h, HF etched; denoted N–C.",,,False,300,1,3,60000,False,60000 mL g−1 h−1,,60,,False,plot,~,,steady_thermal_catalytic,2.2414e-05,rate / WHSV,,,,,,,,,,,,,outside: not a single model metal; metal content not given,Figure 2a,,,,
10.1038/s41467-020-14287-z,"Fig. 2a, N–C, 320 °C",N–C,"N-doped hollow carbon spheres prepared with melamine, calcined at 700 °C under Ar for 2 h, HF etched; denoted N–C.",,,False,320,1,3,60000,False,60000 mL g−1 h−1,,130,,False,plot,~,,steady_thermal_catalytic,4.85637e-05,rate / WHSV,,,,,,,,,,,,,outside: not a single model metal; metal content not given,Figure 2a,,,,
10.1038/s41467-020-14287-z,"Fig. 2a, N–C, 350 °C",N–C,"N-doped hollow carbon spheres prepared with melamine, calcined at 700 °C under Ar for 2 h, HF etched; denoted N–C.",,,False,350,1,3,60000,False,60000 mL g−1 h−1,,250,,False,plot,~,,steady_thermal_catalytic,9.33917e-05,rate / WHSV,,,,,,,,,,,,,outside: not a single model metal; metal content not given,Figure 2a,,,,
10.1038/s41467-020-14287-z,"Fig. 2a, Co/C, 250 °C",Co/C,Nitrogen-free cobalt-doped carbon; also described as 3.8 wt%Co/C synthesized by incipient wetness impregnation using CoCl2·6H2O as cobalt precursor.,Co,3.8,False,250,1,3,60000,False,60000 mL g−1 h−1,,10,263.158,False,plot,~,,steady_thermal_catalytic,3.73567e-06,rate / WHSV,0.278145,-0.829501,0,5.40606e+07,22.4255,,23.8438,20.6781,14.3339,450,110,67.2121,flagged: T outside 300-500 C,Figure 2a,,,,
10.1038/s41467-020-14287-z,"Fig. 2a, Co/C, 270 °C",Co/C,Nitrogen-free cobalt-doped carbon; also described as 3.8 wt%Co/C synthesized by incipient wetness impregnation using CoCl2·6H2O as cobalt precursor.,Co,3.8,False,270,1,3,60000,False,60000 mL g−1 h−1,,10,263.158,False,plot,~,,steady_thermal_catalytic,3.73567e-06,rate / WHSV,0.21589,-0.777011,0,5.98319e+06,24.2504,,26.8529,22.1905,15.1991,450,110,69.304,flagged: T outside 300-500 C,Figure 2a,,,,
10.1038/s41467-020-14287-z,"Fig. 2a, Co/C, 300 °C",Co/C,Nitrogen-free cobalt-doped carbon; also described as 3.8 wt%Co/C synthesized by incipient wetness impregnation using CoCl2·6H2O as cobalt precursor.,Co,3.8,False,300,1,3,60000,False,60000 mL g−1 h−1,,60,1578.95,False,plot,~,,steady_thermal_catalytic,2.2414e-05,rate / WHSV,0.144217,-0.761541,0,1.82516e+06,25.0278,,28.4745,22.7699,15.5927,450,100,75.9418,primary,Figure 2a,10.1038/s41467-020-14287-z | 300 C | 1 MPa | H2/N2 3 | 6e+04 mL/g/h,per g catalyst,60,False
10.1038/s41467-020-14287-z,"Fig. 2a, Co/C, 320 °C",Co/C,Nitrogen-free cobalt-doped carbon; also described as 3.8 wt%Co/C synthesized by incipient wetness impregnation using CoCl2·6H2O as cobalt precursor.,Co,3.8,False,320,1,3,60000,False,60000 mL g−1 h−1,,150,3947.37,False,plot,~,,steady_thermal_catalytic,5.6035e-05,rate / WHSV,0.109401,-0.745507,0,757835,25.947,,31.332,23.4215,16.3831,450,110,87.0599,primary,Figure 2a,10.1038/s41467-020-14287-z | 320 C | 1 MPa | H2/N2 3 | 6e+04 mL/g/h,per g catalyst,150,False
10.1038/s41467-020-14287-z,"Fig. 2a/2b, Co/C, 350 °C",Co/C,Nitrogen-free cobalt-doped carbon; also described as 3.8 wt%Co/C synthesized by incipient wetness impregnation using CoCl2·6H2O as cobalt precursor.,Co,3.8,False,350,1,3,60000,False,60000 mL g−1 h−1,,390,10263.2,False,plot,~,,steady_thermal_catalytic,0.000145691,rate / WHSV,0.0723434,-0.710634,0,171509,31.5531,,,25.0769,18.8494,450,195,88.0808,primary,Figure 2b,10.1038/s41467-020-14287-z | 350 C | 1 MPa | H2/N2 3 | 6e+04 mL/g/h,per g catalyst,390,False
10.1038/s41467-020-14287-z,"Fig. 2b, Ba–Co3O4, 350 °C",Ba–Co3O4,Barium acetate added to cobalt nitrate/dimethylimidazole solution; furfuryl alcohol polymerized in pores; carbonization at 450 °C for 4 h; product denoted Ba–Co3O4.,Co,,False,350,1,3,60000,False,60000 mL g−1 h−1,,550,,False,plot,~,,steady_thermal_catalytic,0.000205462,rate / WHSV,,,,,,,,,,,,,outside: metal content not given,Figure 2b,,,,
10.1038/s41467-020-14287-z,"Fig. 2b, Ba–Co/C, 350 °C",Ba–Co/C,,Co,,False,350,1,3,60000,False,60000 mL g−1 h−1,,2350,,False,plot,~,,steady_thermal_catalytic,0.000877882,rate / WHSV,,,,,,,,,,,,,outside: metal content not given,Figure 2b,,,,
10.1038/s41467-020-14287-z,"Fig. 2b, Co/CeO2@C, 350 °C",Co/CeO2@C,"CeO2@CSs prepared on carbon-sphere templates; cobalt nitrate/HMT added, refluxed, dried and calcined at 450 °C for 4 h under Ar.",Co,4,False,350,1,3,60000,False,60000 mL g−1 h−1,,1350,33750,False,plot,~,,steady_thermal_catalytic,0.000504315,rate / WHSV,0.0723434,-0.759651,0,572283,24.9788,,28.3968,22.7342,16.7075,450,100,74.5446,primary,Figure 2b,10.1038/s41467-020-14287-z | 350 C | 1 MPa | H2/N2 3 | 6e+04 mL/g/h,per g catalyst,1350,False
10.1038/s41467-020-14287-z,"Fig. 2b, Co/CNTs, 350 °C",Co/CNTs,Impregnation of CNTs with aqueous cobalt nitrate; dried at 120 °C overnight and calcined at 450 °C for 4 h.,Co,4,False,350,1,3,60000,False,60000 mL g−1 h−1,,150,3750,False,plot,~,,steady_thermal_catalytic,5.6035e-05,rate / WHSV,0.0723434,-0.672389,0,62438.1,,,,29.2397,20.8043,,,,primary; infeasible within bed limit,Figure 2b,,,,
10.1038/s41467-020-14287-z,"Fig. 2b, Co/AC, 350 °C",Co/AC,Prepared like Co/CNTs but with CNTs replaced by activated carbon (AC).,Co,4,False,350,1,3,60000,False,60000 mL g−1 h−1,,90,2250,False,plot,~,,steady_thermal_catalytic,3.3621e-05,rate / WHSV,0.0723434,-0.653299,0,37428.6,,,,36.4927,22.3246,,,,primary; infeasible within bed limit,Figure 2b,,,,
10.1038/s41467-020-14287-z,"Fig. 2b, Co/CeO2, 350 °C",Co/CeO2,Co/CeO2 prepared by co-precipitation of cobalt and cerium nitrate salts with aqueous ammonia; dried and heat-treated at 450 °C for 4 h.,Co,4,False,350,1,3,60000,False,60000 mL g−1 h−1,,650,16250,False,plot,~,,steady_thermal_catalytic,0.000242818,rate / WHSV,0.0723434,-0.728846,0,272633,27.6103,,36.6822,23.9567,17.8903,450,130,89.7073,primary,Figure 2b,10.1038/s41467-020-14287-z | 350 C | 1 MPa | H2/N2 3 | 6e+04 mL/g/h,per g catalyst,650,False
10.1038/s41586-020-2464-9,"Extended Data Table 1, Ni/LaN NPs, 400 C",Ni/LaN NPs,LaN nanoparticles; Ni loaded using nickelocene precursor; H2 treatment at 250 °C for 1.5 h,Ni,12.5,False,400,0.1,3,36000,False,36000 ml g−1 h−1,0.37,5543,44344,False,mixed,=,,steady_thermal_catalytic,0.0037,printed outlet,0.00399559,-0.731551,0,1.34818e+07,23.2511,,25.0817,21.2425,15.8559,450,110,66.808,flagged: outlet near equilibrium,Extended Data Table 1,,,,
10.1038/s41586-020-2464-9,"Extended Data Table 1, Ni/LaN NPs, 340 C",Ni/LaN NPs,LaN nanoparticles; Ni loaded using nickelocene precursor; H2 treatment at 250 °C for 1.5 h,Ni,12.5,False,340,0.1,3,36000,False,36000 ml g−1 h−1,,2665,21320,False,table,=,,steady_thermal_catalytic,0.00165926,rate / WHSV,0.00967694,-0.819676,0,3.29556e+08,20.4184,,21.6394,18.9671,14.448,450,110,52.9646,primary,Extended Data Table 1,10.1038/s41586-020-2464-9 | 340 C | 0.1 MPa | H2/N2 3 | 3.6e+04 mL/g/h,per g catalyst,2665,False
10.1038/s41586-020-2464-9,"Extended Data Table 1, Ni/LaN bulk, 400 C",Ni/LaN bulk,LaN bulk powder; Ni loaded using nickelocene precursor; H2 treatment at 250 °C for 1.5 h,Ni,5,False,400,0.1,3,36000,False,36000 ml g−1 h−1,0.16,2400,48000,False,mixed,=,,steady_thermal_catalytic,0.0016,printed outlet,0.00399559,-0.690288,0,1.18333e+07,34.1483,,,25.2965,17.2589,450,230,89.1719,primary,Extended Data Table 1,10.1038/s41586-020-2464-9 | 400 C | 0.1 MPa | H2/N2 3 | 3.6e+04 mL/g/h,per g catalyst,2400,False
10.1038/s41586-020-2464-9,"Extended Data Table 1, Ni/LaN bulk, 340 C",Ni/LaN bulk,LaN bulk powder; Ni loaded using nickelocene precursor; H2 treatment at 250 °C for 1.5 h,Ni,5,False,340,0.1,3,36000,False,36000 ml g−1 h−1,,820,16400,False,table,=,,steady_thermal_catalytic,0.000510541,rate / WHSV,0.00967694,-0.763698,0,2.48408e+08,24.0843,,26.6282,21.9913,15.0151,450,105,71.2582,primary,Extended Data Table 1,10.1038/s41586-020-2464-9 | 340 C | 0.1 MPa | H2/N2 3 | 3.6e+04 mL/g/h,per g catalyst,820,False
10.1038/s41586-020-2464-9,"Extended Data Fig. 6a, bulk 1 wt% Ni, 340 C",Ni/LaN bulk,bulk,Ni,1,False,340,0.1,3,36000,False,36000 ml gcat−1 h−1,,380,38000,False,plot,~,,steady_thermal_catalytic,0.000236592,rate / WHSV,0.00967694,-0.788845,0,5.73384e+08,29.4097,,40.3853,24.856,15.2676,450,160,89.2866,primary,Extended Data Fig. 6a,10.1038/s41586-020-2464-9 | 340 C | 0.1 MPa | H2/N2 3 | 3.6e+04 mL/g/h,per g catalyst,380,False
10.1038/s41586-020-2464-9,"Extended Data Fig. 6a, bulk 3.8 wt% Ni, 340 C",Ni/LaN bulk,bulk,Ni,3.8,False,340,0.1,3,36000,False,36000 ml gcat−1 h−1,,710,18684.2,False,plot,~,,steady_thermal_catalytic,0.000442054,rate / WHSV,0.00967694,-0.767084,0,2.82726e+08,24.7172,,27.7711,22.5173,15.1417,450,110,81.6658,primary,Extended Data Fig. 6a,10.1038/s41586-020-2464-9 | 340 C | 0.1 MPa | H2/N2 3 | 3.6e+04 mL/g/h,per g catalyst,710,False
10.1038/s41586-020-2464-9,"Extended Data Fig. 6a, bulk 18.7 wt% Ni, 340 C",Ni/LaN bulk,bulk,Ni,18.7,False,340,0.1,3,36000,False,36000 ml gcat−1 h−1,,640,3422.46,False,plot,~,,steady_thermal_catalytic,0.000398471,rate / WHSV,0.00967694,-0.699775,0,5.1756e+07,23.6475,,25.6772,21.5951,15.1688,450,100,63.3315,primary,Extended Data Fig. 6a,10.1038/s41586-020-2464-9 | 340 C | 0.1 MPa | H2/N2 3 | 3.6e+04 mL/g/h,per g catalyst,640,False
10.1038/s41586-020-2464-9,"Extended Data Fig. 6a, bulk 43.4 wt% Ni, 340 C",Ni/LaN bulk,bulk,Ni,43.4,False,340,0.1,3,36000,False,36000 ml gcat−1 h−1,,500,1152.07,False,plot,~,,steady_thermal_catalytic,0.000311306,rate / WHSV,0.00967694,-0.658291,0,1.74012e+07,23.5434,,25.5117,21.4767,15.2156,450,110,71.4501,primary,Extended Data Fig. 6a,10.1038/s41586-020-2464-9 | 340 C | 0.1 MPa | H2/N2 3 | 3.6e+04 mL/g/h,per g catalyst,500,False
10.1038/s41586-020-2464-9,"Extended Data Fig. 6b, bulk 1 wt% Ni, 400 C",Ni/LaN bulk,bulk,Ni,1,False,400,0.1,3,36000,False,36000 ml gcat−1 h−1,,1200,120000,False,plot,~,,steady_thermal_catalytic,0.000747133,rate / WHSV,0.00399559,-0.71743,0,2.85366e+07,,,,36.974,18.6809,,,,primary; infeasible within bed limit,Extended Data Fig. 6b,,,,
10.1038/s41586-020-2464-9,"Extended Data Fig. 6b, bulk 3.8 wt% Ni, 400 C",Ni/LaN bulk,bulk,Ni,3.8,False,400,0.1,3,36000,False,36000 ml gcat−1 h−1,,2150,56578.9,False,plot,~,,steady_thermal_catalytic,0.00133861,rate / WHSV,0.00399559,-0.693804,0,1.37594e+07,39.7596,,,26.4928,17.4734,450,320,89.8126,primary,Extended Data Fig. 6b,10.1038/s41586-020-2464-9 | 400 C | 0.1 MPa | H2/N2 3 | 3.6e+04 mL/g/h,per g catalyst,2150,False
10.1038/s41586-020-2464-9,"Extended Data Fig. 6b, bulk 18.7 wt% Ni, 400 C",Ni/LaN bulk,bulk,Ni,18.7,False,400,0.1,3,36000,False,36000 ml gcat−1 h−1,,1850,9893.05,False,plot,~,,steady_thermal_catalytic,0.00115183,rate / WHSV,0.00399559,-0.617638,0,2.38595e+06,43.6277,,,25.699,17.7905,450,380,89.9102,primary,Extended Data Fig. 6b,10.1038/s41586-020-2464-9 | 400 C | 0.1 MPa | H2/N2 3 | 3.6e+04 mL/g/h,per g catalyst,1850,False
10.1038/s41586-020-2464-9,"Extended Data Fig. 6b, bulk 43.4 wt% Ni, 400 C",Ni/LaN bulk,bulk,Ni,43.4,False,400,0.1,3,36000,False,36000 ml gcat−1 h−1,,1300,2995.39,False,plot,~,,steady_thermal_catalytic,0.000809394,rate / WHSV,0.00399559,-0.568938,0,713617,,,,27.0856,18.5806,,,,primary; infeasible within bed limit,Extended Data Fig. 6b,,,,
10.1038/s41586-020-2464-9,"Extended Data Fig. 6c, NPs 5.3 wt% Ni, 340 C",Ni/LaN NPs,nanoparticles,Ni,5.3,False,340,0.1,3,36000,False,36000 ml gcat−1 h−1,,1750,33018.9,False,plot,~,,steady_thermal_catalytic,0.00108957,rate / WHSV,0.00967694,-0.819733,0,5.04838e+08,21.9468,,23.4478,20.3068,14.5793,450,110,55.3647,primary,Extended Data Fig. 6c,10.1038/s41586-020-2464-9 | 340 C | 0.1 MPa | H2/N2 3 | 3.6e+04 mL/g/h,per g catalyst,1750,False
10.1038/s41586-020-2464-9,"Extended Data Fig. 6c, NPs 20.7 wt% Ni, 340 C",Ni/LaN NPs,nanoparticles,Ni,20.7,False,340,0.1,3,36000,False,36000 ml gcat−1 h−1,,2400,11594.2,False,plot,~,,steady_thermal_catalytic,0.00149427,rate / WHSV,0.00967694,-0.776252,0,1.7862e+08,20.6712,,21.9581,19.2474,14.4788,450,110,40.6952,primary,Extended Data Fig. 6c,10.1038/s41586-020-2464-9 | 340 C | 0.1 MPa | H2/N2 3 | 3.6e+04 mL/g/h,per g catalyst,2400,False
10.1038/s41586-020-2464-9,"Extended Data Fig. 6c, NPs 28.2 wt% Ni, 340 C",Ni/LaN NPs,nanoparticles,Ni,28.2,False,340,0.1,3,36000,False,36000 ml gcat−1 h−1,,1600,5673.76,False,plot,~,,steady_thermal_catalytic,0.000996178,rate / WHSV,0.00967694,-0.730352,0,8.6607e+07,21.5164,,23.0081,19.9323,14.626,450,110,62.4772,primary,Extended Data Fig. 6c,10.1038/s41586-020-2464-9 | 340 C | 0.1 MPa | H2/N2 3 | 3.6e+04 mL/g/h,per g catalyst,1600,False
10.1038/s41586-020-2464-9,"Extended Data Fig. 6c, NPs 40 wt% Ni, 340 C",Ni/LaN NPs,nanoparticles,Ni,40,False,340,0.1,3,36000,False,36000 ml gcat−1 h−1,,1900,4750,False,plot,~,,steady_thermal_catalytic,0.00118296,rate / WHSV,0.00967694,-0.726285,0,7.27464e+07,20.9509,,22.3684,19.5869,14.5616,450,110,47.1201,primary,Extended Data Fig. 6c,10.1038/s41586-020-2464-9 | 340 C | 0.1 MPa | H2/N2 3 | 3.6e+04 mL/g/h,per g catalyst,1900,False
10.1038/s41586-020-2464-9,"Extended Data Fig. 6d, NPs 5.3 wt% Ni, 400 C",Ni/LaN NPs,nanoparticles,Ni,5.3,False,400,0.1,3,36000,False,36000 ml gcat−1 h−1,,4600,86792.5,False,plot,~,,steady_thermal_catalytic,0.00286401,rate / WHSV,0.00399559,-0.753733,0,2.36989e+07,24.3992,,27.2371,22.2304,16.1343,450,110,73.6732,primary,Extended Data Fig. 6d,10.1038/s41586-020-2464-9 | 400 C | 0.1 MPa | H2/N2 3 | 3.6e+04 mL/g/h,per g catalyst,4600,False
10.1038/s41586-020-2464-9,"Extended Data Fig. 6d, NPs 20.7 wt% Ni, 400 C",Ni/LaN NPs,nanoparticles,Ni,20.7,False,400,0.1,3,36000,False,36000 ml gcat−1 h−1,,5200,25120.8,False,plot,~,,steady_thermal_catalytic,0.00323758,rate / WHSV,0.00399559,-0.68517,0,7.16393e+06,24.0642,,26.8958,21.9138,15.9782,450,100,74.5985,primary,Extended Data Fig. 6d,10.1038/s41586-020-2464-9 | 400 C | 0.1 MPa | H2/N2 3 | 3.6e+04 mL/g/h,per g catalyst,5200,False
10.1038/s41586-020-2464-9,"Extended Data Fig. 6d, NPs 28.2 wt% Ni, 400 C",Ni/LaN NPs,nanoparticles,Ni,28.2,False,400,0.1,3,36000,False,36000 ml gcat−1 h−1,,4100,14539,False,plot,~,,steady_thermal_catalytic,0.00255271,rate / WHSV,0.00399559,-0.647678,0,3.84789e+06,25.3408,,31.2627,22.879,16.3354,450,95,88.4285,primary,Extended Data Fig. 6d,10.1038/s41586-020-2464-9 | 400 C | 0.1 MPa | H2/N2 3 | 3.6e+04 mL/g/h,per g catalyst,4100,False
10.1038/s41586-020-2464-9,"Extended Data Fig. 6d, NPs 40 wt% Ni, 400 C",Ni/LaN NPs,nanoparticles,Ni,40,False,400,0.1,3,36000,False,36000 ml gcat−1 h−1,,4200,10500,False,plot,~,,steady_thermal_catalytic,0.00261497,rate / WHSV,0.00399559,-0.633669,0,2.79538e+06,25.1392,,30.3838,22.7152,16.3084,450,95,81.6527,primary,Extended Data Fig. 6d,10.1038/s41586-020-2464-9 | 400 C | 0.1 MPa | H2/N2 3 | 3.6e+04 mL/g/h,per g catalyst,4200,False
10.1038/s41586-020-2464-9,"Extended Data Fig. 6f, NPs 340 C, 0.3 MPa",Ni/LaN NPs,nanoparticles,Ni,12.5,False,340,0.3,3,36000,False,36000 ml gcat−1 h−1,,3400,27200,False,plot,~,,steady_thermal_catalytic,0.00211688,rate / WHSV,0.0279683,-0.809761,0,2.51766e+08,20.6498,,21.9161,19.201,14.5248,450,110,40.5515,primary,Extended Data Fig. 6f,10.1038/s41586-020-2464-9 | 340 C | 0.3 MPa | H2/N2 3 | 3.6e+04 mL/g/h,per g catalyst,3400,False
10.1038/s41586-020-2464-9,"Extended Data Fig. 6f, NPs 340 C, 0.5 MPa",Ni/LaN NPs,nanoparticles,Ni,12.5,False,340,0.5,3,36000,False,36000 ml gcat−1 h−1,,4150,33200,False,plot,~,,steady_thermal_catalytic,0.00258384,rate / WHSV,0.0449951,-0.820299,0,2.58088e+08,20.401,,21.6238,18.9537,14.5168,450,110,52.5004,primary,Extended Data Fig. 6f,10.1038/s41586-020-2464-9 | 340 C | 0.5 MPa | H2/N2 3 | 3.6e+04 mL/g/h,per g catalyst,4150,False
10.1038/s41586-020-2464-9,"Extended Data Fig. 6f, NPs 340 C, 0.7 MPa",Ni/LaN NPs,nanoparticles,Ni,12.5,False,340,0.7,3,36000,False,36000 ml gcat−1 h−1,,4650,37200,False,plot,~,,steady_thermal_catalytic,0.00289514,rate / WHSV,0.060911,-0.826982,0,2.63136e+08,20.2264,,21.4675,18.7837,14.5107,450,110,47.8017,primary,Extended Data Fig. 6f,10.1038/s41586-020-2464-9 | 340 C | 0.7 MPa | H2/N2 3 | 3.6e+04 mL/g/h,per g catalyst,4650,False
10.1038/s41586-020-2464-9,"Extended Data Fig. 6f, NPs 340 C, 0.9 MPa",Ni/LaN NPs,nanoparticles,Ni,12.5,False,340,0.9,3,36000,False,36000 ml gcat−1 h−1,,5100,40800,False,plot,~,,steady_thermal_catalytic,0.00317532,rate / WHSV,0.0758434,-0.833504,0,2.7208e+08,20.0757,,21.265,18.6271,14.5005,450,110,43.6742,primary,Extended Data Fig. 6f,10.1038/s41586-020-2464-9 | 340 C | 0.9 MPa | H2/N2 3 | 3.6e+04 mL/g/h,per g catalyst,5100,False
10.1038/s41586-020-2464-9,"Extended Data Fig. 6i, Fe on LaN",Fe/LaN,Fe2(CO)9 was used as Fe precursor,Fe,,False,400,0.1,3,36000,False,36000 ml gcat−1 h−1,,1777,,False,plot,=,,steady_thermal_catalytic,0.00110638,rate / WHSV,,,,,,,,,,,,,outside: metal content not given,Extended Data Fig. 6i,,,,
10.1038/s41586-020-2464-9,"Extended Data Fig. 6i, Co on LaN",Co/LaN,Co2(CO)8 was used as Co precursor,Co,,False,400,0.1,3,36000,False,36000 ml gcat−1 h−1,,3160,,False,plot,=,,steady_thermal_catalytic,0.00196745,rate / WHSV,,,,,,,,,,,,,outside: metal content not given,Extended Data Fig. 6i,,,,
10.1038/s41586-020-2464-9,"Extended Data Fig. 6i, Ru on LaN",Ru/LaN,Ru3(CO)12 was used as Ru precursor,Ru,,False,400,0.1,3,36000,False,36000 ml gcat−1 h−1,,3797,,False,plot,=,,steady_thermal_catalytic,0.00236405,rate / WHSV,,,,,,,,,,,,,outside: metal content not given,Extended Data Fig. 6i,,,,
10.1038/s41586-020-2464-9,"Text p394 / Extended Data Fig. 7a, Ni(5 wt%)/YN",Ni(5 wt%)/YN,YN bulk support; Ni loaded using same method as LaN,Ni,5,False,400,0.1,3,36000,False,36000 ml gcat−1 h−1,,125,2500,False,mixed,=,,steady_thermal_catalytic,7.78264e-05,rate / WHSV,0.00399559,-0.559018,0,587537,,,,,,,,,primary; infeasible within bed limit,Text p394; Extended Data Fig. 7a,,,,
10.1038/s41586-020-2464-9,"Text p394 / Extended Data Fig. 7a, Ni(5 wt%)/ScN",Ni(5 wt%)/ScN,ScN bulk support; Ni loaded using same method as LaN,Ni,5,False,400,0.1,3,36000,False,36000 ml gcat−1 h−1,,7,140,False,mixed,=,,steady_thermal_catalytic,4.35828e-06,rate / WHSV,0.00399559,-0.453292,0,32887.6,,,,,,,,,primary; infeasible within bed limit,Text p394; Extended Data Fig. 7a,,,,
10.1039/b202781j,"Table 1, Co/C",Co/C,,Co,,False,400,1,3,,False,,,720,,False,table,=,,steady_thermal_catalytic,,,,,,,,,,,,,,,outside: metal content not given,Table 1,,,,
10.1039/b202781j,"Table 1, Ba0.8Co1.0/C",Ba0.8Co1.0/C,Vulcan XC-72 cleaned at 1373 K for 48 h; incipient wetness impregnation; dried at 333 K for 6 h and 393 K for 18 h after each addition; activated in stoichiometric N2+H2,Co,8,False,400,1,3,,False,,,43200,540000,False,table,=,,steady_thermal_catalytic,0.00305079,,0.0373265,-0.782748,0,290830,22.3754,,23.8777,20.6686,16.7006,450,110,64.8176,primary: outlet NH3 assumed (median),Table 1,10.1039/b202781j | 400 C | 1 MPa | H2/N2 3 | SV not given,per g catalyst,43200,False
10.1039/b202781j,"Table 1, Ni/C",Ni/C,,Ni,10,False,440,1,3,8000,True,,,5.04,50.4,False,table,=,,steady_thermal_catalytic,1.41208e-05,rate / WHSV (WHSV of the paper's comparison),0.0228448,-0.303788,0,261.804,,,,,,,,,primary; infeasible within bed limit,Table 1,,,,
10.1039/b202781j,"Table 1, Ba0.8Ni1.0/C",Ba0.8Ni1.0/C,,Ni,10,False,400,1,3,,False,,,1116,11160,False,table,=,,steady_thermal_catalytic,0.00305079,,0.0373265,-0.611838,0,738954,,,,35.5396,22.364,,,,primary: outlet NH3 assumed (median); infeasible within bed limit,Table 1,,,,
10.1039/b202781j,Text Ni/C outlet at 440 C,Ni/C,,Ni,10,False,440,1,3,8000,False,,0.001,,,False,,,,steady_thermal_catalytic,1e-05,printed outlet,,,,,,,,,,,,,outside: no rate per g catalyst,Text paragraph on carbon-supported nickel catalysts,,,,
10.1039/b202781j,Text Ba0.8Ni1.0/C outlet at 440 C,Ba0.8Ni1.0/C,,Ni,10,False,440,1,3,8000,False,,0.8,,,False,,,,steady_thermal_catalytic,0.008,printed outlet,,,,,,,,,,,,,outside: no rate per g catalyst,Text paragraph on carbon-supported nickel catalysts,,,,
10.1039/b202781j,Fig 1 Ba-Co/C 320 C point 1,Ba–Co/C,Vulcan XC-72; incipient wetness impregnation; activated in stoichiometric N2+H2,Co,8,False,320,1,3,,False,,0.3,14760,184500,False,plot,~,,steady_thermal_catalytic,0.003,printed outlet,0.109401,-1.01285,0,4.23681e+07,17.46,,18.5337,16.2628,14.0285,450,200,22.0383,primary,Fig. 1,10.1039/b202781j | 320 C | 1 MPa | H2/N2 3 | SV not given,per g catalyst,14760,False
10.1039/b202781j,Fig 1 Ba-Co/C 320 C point 2,Ba–Co/C,Vulcan XC-72; incipient wetness impregnation; activated in stoichiometric N2+H2,Co,8,False,320,1,3,,False,,0.55,11520,144000,False,plot,~,,steady_thermal_catalytic,0.0055,printed outlet,0.109401,-1.11,0.175267,3.80678e+07,16.0866,,16.8486,15.5159,14.1055,450,205,15.0135,primary,Fig. 1,,,,
10.1039/b202781j,Fig 1 Ba-Co/C 320 C point 3,Ba–Co/C,Vulcan XC-72; incipient wetness impregnation; activated in stoichiometric N2+H2,Co,8,False,320,1,3,,False,,0.85,7920,99000,False,plot,~,,steady_thermal_catalytic,0.0085,printed outlet,0.109401,-1.115,0.367531,3.06312e+07,15.7372,,16.2898,15.2887,14.2927,450,200,10.593,primary,Fig. 1,,,,
10.1039/b202781j,Fig 1 Ba-Co/C 360 C point 1,Ba–Co/C,Vulcan XC-72; incipient wetness impregnation; activated in stoichiometric N2+H2,Co,8,False,360,1,3,,False,,0.35,29880,373500,False,plot,~,,steady_thermal_catalytic,0.0035,printed outlet,0.0631531,-0.890263,0,3.29912e+06,19.6343,,20.741,18.1659,15.1761,450,145,33.8793,primary,Fig. 1,10.1039/b202781j | 360 C | 1 MPa | H2/N2 3 | SV not given,per g catalyst,29880,False
10.1039/b202781j,Fig 1 Ba-Co/C 360 C point 2,Ba–Co/C,Vulcan XC-72; incipient wetness impregnation; activated in stoichiometric N2+H2,Co,8,False,360,1,3,,False,,0.55,25200,315000,False,plot,~,,steady_thermal_catalytic,0.0055,printed outlet,0.0631531,-0.923174,0,2.97543e+06,18.9333,,20.1188,17.5444,15.1933,450,170,30.7939,primary,Fig. 1,,,,
10.1039/b202781j,Fig 1 Ba-Co/C 360 C point 3,Ba–Co/C,Vulcan XC-72; incipient wetness impregnation; activated in stoichiometric N2+H2,Co,8,False,360,1,3,,False,,0.78,20160,252000,False,plot,~,,steady_thermal_catalytic,0.0078,printed outlet,0.0631531,-0.959679,0,2.56617e+06,18.2661,,19.3984,16.9389,15.2211,450,175,27.4035,primary,Fig. 1,,,,
10.1039/b202781j,Fig 1 Ba-Co/C 360 C point 4,Ba–Co/C,Vulcan XC-72; incipient wetness impregnation; activated in stoichiometric N2+H2,Co,8,False,360,1,3,,False,,1.1,14400,180000,False,plot,~,,steady_thermal_catalytic,0.011,printed outlet,0.0631531,-1.00918,0,2.02865e+06,17.5057,,18.5852,16.2972,15.2742,450,200,22.7711,primary,Fig. 1,,,,
10.1039/b202781j,Fig 1 Ba-Co/C 400 C point 1,Ba–Co/C,Vulcan XC-72; incipient wetness impregnation; activated in stoichiometric N2+H2,Co,8,False,400,1,3,,False,,0.75,55800,697500,False,plot,~,,steady_thermal_catalytic,0.0075,printed outlet,0.0373265,-0.848229,0,414298,20.5463,,21.7281,19.0862,16.2201,450,110,36.9125,primary,Fig. 1,10.1039/b202781j | 400 C | 1 MPa | H2/N2 3 | SV not given,per g catalyst,55800,False
10.1039/b202781j,Fig 1 Ba-Co/C 400 C point 2,Ba–Co/C,Vulcan XC-72; incipient wetness impregnation; activated in stoichiometric N2+H2,Co,8,False,400,1,3,,False,,0.9,48600,607500,False,plot,~,,steady_thermal_catalytic,0.009,printed outlet,0.0373265,-0.857468,0,373218,20.3322,,21.5147,18.8715,16.3504,450,110,49.7371,primary,Fig. 1,,,,
10.1039/b202781j,Fig 1 Ba-Co/C 400 C point 3,Ba–Co/C,Vulcan XC-72; incipient wetness impregnation; activated in stoichiometric N2+H2,Co,8,False,400,1,3,,False,,1.15,39600,495000,False,plot,~,,steady_thermal_catalytic,0.0115,printed outlet,0.0373265,-0.873486,0,321981,19.9923,,21.1078,18.523,16.5572,450,110,40.5771,primary,Fig. 1,,,,
10.1039/b202781j,Fig 1 Ba-Co/C 400 C point 4,Ba–Co/C,Vulcan XC-72; incipient wetness impregnation; activated in stoichiometric N2+H2,Co,8,False,400,1,3,,False,,1.45,31320,391500,False,plot,~,,steady_thermal_catalytic,0.0145,printed outlet,0.0373265,-0.891565,0,273178,19.6086,,20.717,18.141,16.7901,450,145,33.3284,primary,Fig. 1,,,,
10.1039/b202781j,Fig 1 Ba-Co/C 440 C point 1,Ba–Co/C,Vulcan XC-72; incipient wetness impregnation; activated in stoichiometric N2+H2,Co,8,False,440,1,3,8000,True,,1.15,88200,1.1025e+06,False,plot,~,,steady_thermal_catalytic,0.0115,printed outlet,0.0228448,-0.782437,0,64901.5,22.3881,,23.8902,20.6756,19.3532,450,110,65.136,primary,Fig. 1,10.1039/b202781j | 440 C | 1 MPa | H2/N2 3 | 8e+03 mL/g/h,per g catalyst,88200,False
10.1039/b202781j,Fig 1 Ba-Co/C 440 C point 2,Ba–Co/C,Vulcan XC-72; incipient wetness impregnation; activated in stoichiometric N2+H2,Co,8,False,440,1,3,8000,True,,1.35,68400,855000,False,plot,~,,steady_thermal_catalytic,0.0135,printed outlet,0.0228448,-0.779878,0,52918.8,22.4958,,23.9939,20.7346,19.6962,450,110,67.8196,primary,Fig. 1,,,,
10.1039/b202781j,Fig 1 Ba-Co/C 440 C point 3,Ba–Co/C,Vulcan XC-72; incipient wetness impregnation; activated in stoichiometric N2+H2,Co,8,False,440,1,3,8000,True,,1.55,55080,688500,False,plot,~,,steady_thermal_catalytic,0.0155,printed outlet,0.0228448,-0.779152,0,45013.4,22.5276,,24.024,20.752,20.0193,450,110,68.6072,primary,Fig. 1,,,,
10.1039/b202781j,Fig 1 Ba-Co/C 440 C point 4,Ba–Co/C,Vulcan XC-72; incipient wetness impregnation; activated in stoichiometric N2+H2,Co,8,False,440,1,3,8000,True,,1.85,41400,517500,False,plot,~,,steady_thermal_catalytic,0.0185,printed outlet,0.0228448,-0.779983,0,37093.7,22.4913,,23.9895,20.7321,20.4565,450,110,67.7061,primary,Fig. 1,,,,
10.1039/b202781j,Fig 1 Ba-Co/C 440 C point 5,Ba–Co/C,Vulcan XC-72; incipient wetness impregnation; activated in stoichiometric N2+H2,Co,8,False,440,1,3,8000,True,,2.25,25920,324000,False,plot,~,,steady_thermal_catalytic,0.0225,printed outlet,0.0228448,-0.771926,0,26834.6,22.757,,24.3502,20.9387,21.2603,450,110,53.041,flagged: outlet near equilibrium,Fig. 1,,,,
10.1039/b202781j,Fig 2 Ba-Co/C 320 C x0.2,Ba–Co/C,Vulcan XC-72; incipient wetness impregnation; activated in stoichiometric N2+H2,Co,8,False,320,1,0.08,32727.3,False,,0.45,,,False,,,,steady_thermal_catalytic,0.0045,printed outlet,,,,,,,,,,,,,outside: no rate per g catalyst,Fig. 2,,,,
10.1039/b202781j,Fig 2 Ba-Co/C 320 C x0.4,Ba–Co/C,Vulcan XC-72; incipient wetness impregnation; activated in stoichiometric N2+H2,Co,8,False,320,1,0.17,32727.3,False,,0.51,,,False,,,,steady_thermal_catalytic,0.0051,printed outlet,,,,,,,,,,,,,outside: no rate per g catalyst,Fig. 2,,,,
10.1039/b202781j,Fig 2 Ba-Co/C 320 C x0.6,Ba–Co/C,Vulcan XC-72; incipient wetness impregnation; activated in stoichiometric N2+H2,Co,8,False,320,1,0.33,32727.3,False,,0.52,,,False,,,,steady_thermal_catalytic,0.0052,printed outlet,,,,,,,,,,,,,outside: no rate per g catalyst,Fig. 2,,,,
10.1039/b202781j,Fig 2 Ba-Co/C 320 C x0.8,Ba–Co/C,Vulcan XC-72; incipient wetness impregnation; activated in stoichiometric N2+H2,Co,8,False,320,1,0.42,32727.3,False,,0.43,,,False,,,,steady_thermal_catalytic,0.0043,printed outlet,,,,,,,,,,,,,outside: no rate per g catalyst,Fig. 2,,,,
10.1039/b202781j,Fig 2 Ba-Co/C 320 C x0.9,Ba–Co/C,Vulcan XC-72; incipient wetness impregnation; activated in stoichiometric N2+H2,Co,8,False,320,1,0.5,32727.3,False,,0.3,,,False,,,,steady_thermal_catalytic,0.003,printed outlet,,,,,,,,,,,,,outside: no rate per g catalyst,Fig. 2,,,,
10.1039/b202781j,Fig 2 Ba-Co/C 360 C x0.2,Ba–Co/C,Vulcan XC-72; incipient wetness impregnation; activated in stoichiometric N2+H2,Co,8,False,360,1,0.08,32727.3,False,,0.55,,,False,,,,steady_thermal_catalytic,0.0055,printed outlet,,,,,,,,,,,,,outside: no rate per g catalyst,Fig. 2,,,,
10.1039/b202781j,Fig 2 Ba-Co/C 360 C x0.4,Ba–Co/C,Vulcan XC-72; incipient wetness impregnation; activated in stoichiometric N2+H2,Co,8,False,360,1,0.17,32727.3,False,,0.83,,,False,,,,steady_thermal_catalytic,0.0083,printed outlet,,,,,,,,,,,,,outside: no rate per g catalyst,Fig. 2,,,,
10.1039/b202781j,Fig 2 Ba-Co/C 360 C x0.6,Ba–Co/C,Vulcan XC-72; incipient wetness impregnation; activated in stoichiometric N2+H2,Co,8,False,360,1,0.33,32727.3,False,,0.98,,,False,,,,steady_thermal_catalytic,0.0098,printed outlet,,,,,,,,,,,,,outside: no rate per g catalyst,Fig. 2,,,,
10.1039/b202781j,Fig 2 Ba-Co/C 360 C x0.8,Ba–Co/C,Vulcan XC-72; incipient wetness impregnation; activated in stoichiometric N2+H2,Co,8,False,360,1,0.42,32727.3,False,,0.82,,,False,,,,steady_thermal_catalytic,0.0082,printed outlet,,,,,,,,,,,,,outside: no rate per g catalyst,Fig. 2,,,,
10.1039/b202781j,Fig 2 Ba-Co/C 360 C x0.9,Ba–Co/C,Vulcan XC-72; incipient wetness impregnation; activated in stoichiometric N2+H2,Co,8,False,360,1,0.5,32727.3,False,,0.62,,,False,,,,steady_thermal_catalytic,0.0062,printed outlet,,,,,,,,,,,,,outside: no rate per g catalyst,Fig. 2,,,,
10.1039/b202781j,Fig 2 Ba-Co/C 400 C x0.2,Ba–Co/C,Vulcan XC-72; incipient wetness impregnation; activated in stoichiometric N2+H2,Co,8,False,400,1,0.08,32727.3,False,,0.8,,,False,,,,steady_thermal_catalytic,0.008,printed outlet,,,,,,,,,,,,,outside: no rate per g catalyst,Fig. 2,,,,
10.1039/b202781j,Fig 2 Ba-Co/C 400 C x0.4,Ba–Co/C,Vulcan XC-72; incipient wetness impregnation; activated in stoichiometric N2+H2,Co,8,False,400,1,0.17,32727.3,False,,1.25,,,False,,,,steady_thermal_catalytic,0.0125,printed outlet,,,,,,,,,,,,,outside: no rate per g catalyst,Fig. 2,,,,
10.1039/b202781j,Fig 2 Ba-Co/C 400 C x0.6,Ba–Co/C,Vulcan XC-72; incipient wetness impregnation; activated in stoichiometric N2+H2,Co,8,False,400,1,0.33,32727.3,False,,1.55,,,False,,,,steady_thermal_catalytic,0.0155,printed outlet,,,,,,,,,,,,,outside: no rate per g catalyst,Fig. 2,,,,
10.1039/b202781j,Fig 2 Ba-Co/C 400 C x0.8,Ba–Co/C,Vulcan XC-72; incipient wetness impregnation; activated in stoichiometric N2+H2,Co,8,False,400,1,0.42,32727.3,False,,1.5,,,False,,,,steady_thermal_catalytic,0.015,printed outlet,,,,,,,,,,,,,outside: no rate per g catalyst,Fig. 2,,,,
10.1039/b202781j,Fig 2 Ba-Co/C 400 C x0.9,Ba–Co/C,Vulcan XC-72; incipient wetness impregnation; activated in stoichiometric N2+H2,Co,8,False,400,1,0.5,32727.3,False,,1.2,,,False,,,,steady_thermal_catalytic,0.012,printed outlet,,,,,,,,,,,,,outside: no rate per g catalyst,Fig. 2,,,,
10.1039/b202781j,Fig 2 Ba-Co/C 440 C x0.2,Ba–Co/C,Vulcan XC-72; incipient wetness impregnation; activated in stoichiometric N2+H2,Co,8,False,440,1,0.08,32727.3,False,,0.95,,,False,,,,steady_thermal_catalytic,0.0095,printed outlet,,,,,,,,,,,,,outside: no rate per g catalyst,Fig. 2,,,,
10.1039/b202781j,Fig 2 Ba-Co/C 440 C x0.4,Ba–Co/C,Vulcan XC-72; incipient wetness impregnation; activated in stoichiometric N2+H2,Co,8,False,440,1,0.17,32727.3,False,,1.6,,,False,,,,steady_thermal_catalytic,0.016,printed outlet,,,,,,,,,,,,,outside: no rate per g catalyst,Fig. 2,,,,
10.1039/b202781j,Fig 2 Ba-Co/C 440 C x0.6,Ba–Co/C,Vulcan XC-72; incipient wetness impregnation; activated in stoichiometric N2+H2,Co,8,False,440,1,0.33,32727.3,False,,2,,,False,,,,steady_thermal_catalytic,0.02,printed outlet,,,,,,,,,,,,,outside: no rate per g catalyst,Fig. 2,,,,
10.1039/b202781j,Fig 2 Ba-Co/C 440 C x0.7,Ba–Co/C,Vulcan XC-72; incipient wetness impregnation; activated in stoichiometric N2+H2,Co,8,False,440,1,0.42,32727.3,False,,2.05,,,False,,,,steady_thermal_catalytic,0.0205,printed outlet,,,,,,,,,,,,,outside: no rate per g catalyst,Fig. 2,,,,
10.1039/b202781j,Fig 2 Ba-Co/C 440 C x0.8,Ba–Co/C,Vulcan XC-72; incipient wetness impregnation; activated in stoichiometric N2+H2,Co,8,False,440,1,0.5,32727.3,False,,1.95,,,False,,,,steady_thermal_catalytic,0.0195,printed outlet,,,,,,,,,,,,,outside: no rate per g catalyst,Fig. 2,,,,
10.1039/b202781j,Fig 2 Ba-Co/C 440 C x0.9,Ba–Co/C,Vulcan XC-72; incipient wetness impregnation; activated in stoichiometric N2+H2,Co,8,False,440,1,0.58,32727.3,False,,1.75,,,False,,,,steady_thermal_catalytic,0.0175,printed outlet,,,,,,,,,,,,,outside: no rate per g catalyst,Fig. 2,,,,
10.1039/c4ra06175f,Fig. 9a Co/CeO2–H 400 °C,Co/CeO2–H,Coprecipitation; Co/CeO2 further heated at 600 °C for 4 h in hydrogen; named Co/CeO2–H.,Co,7.1,False,400,10,3,240000,False,240000 cm3 gcat-1 h-1,,29,408.451,False,plot,~,40 h,steady_thermal_catalytic,2.70836e-06,rate / WHSV,0.235441,-0.469427,0,152.773,,,,,,,,,primary; infeasible within bed limit,Figure 9a,,,,
10.1039/c4ra06175f,Fig. 9a Co/CeO2–H 410 °C,Co/CeO2–H,Coprecipitation; Co/CeO2 further heated at 600 °C for 4 h in hydrogen; named Co/CeO2–H.,Co,7.1,False,410,10,3,240000,False,240000 cm3 gcat-1 h-1,,40,563.38,False,plot,~,40 h,steady_thermal_catalytic,3.73567e-06,rate / WHSV,0.216139,-0.457756,0,107.81,,,,,,,,,primary; infeasible within bed limit,Figure 9a,,,,
10.1039/c4ra06175f,Fig. 9a Co/CeO2–H 420 °C,Co/CeO2–H,Coprecipitation; Co/CeO2 further heated at 600 °C for 4 h in hydrogen; named Co/CeO2–H.,Co,7.1,False,420,10,3,240000,False,240000 cm3 gcat-1 h-1,,49,690.141,False,plot,~,40 h,steady_thermal_catalytic,4.57619e-06,rate / WHSV,0.198206,-0.441768,0,69.0807,,,,,,,,,primary; infeasible within bed limit,Figure 9a,,,,
10.1039/c4ra06175f,Fig. 9a Co/CeO2–H 430 °C,Co/CeO2–H,Coprecipitation; Co/CeO2 further heated at 600 °C for 4 h in hydrogen; named Co/CeO2–H.,Co,7.1,False,430,10,3,240000,False,240000 cm3 gcat-1 h-1,,59,830.986,False,plot,~,40 h,steady_thermal_catalytic,5.51011e-06,rate / WHSV,0.181608,-0.425498,0,44.4415,,,,,,,,,primary; infeasible within bed limit,Figure 9a,,,,
10.1039/c4ra06175f,Fig. 9a Co/CeO2–O 400 °C,Co/CeO2–O,Coprecipitation; Co/CeO2 further heated at 600 °C for 4 h in air; named Co/CeO2–O.,Co,7.1,False,400,10,3,240000,False,240000 cm3 gcat-1 h-1,,20,281.69,False,plot,~,40 h,steady_thermal_catalytic,1.86783e-06,rate / WHSV,0.235441,-0.454599,0,105.358,,,,,,,,,primary; infeasible within bed limit,Figure 9a,,,,
10.1039/c4ra06175f,Fig. 9a Co/CeO2–O 410 °C,Co/CeO2–O,Coprecipitation; Co/CeO2 further heated at 600 °C for 4 h in air; named Co/CeO2–O.,Co,7.1,False,410,10,3,240000,False,240000 cm3 gcat-1 h-1,,24,338.028,False,plot,~,40 h,steady_thermal_catalytic,2.2414e-06,rate / WHSV,0.216139,-0.437134,0,64.6832,,,,,,,,,primary; infeasible within bed limit,Figure 9a,,,,
10.1039/c4ra06175f,Fig. 9a Co/CeO2–O 420 °C,Co/CeO2–O,Coprecipitation; Co/CeO2 further heated at 600 °C for 4 h in air; named Co/CeO2–O.,Co,7.1,False,420,10,3,240000,False,240000 cm3 gcat-1 h-1,,28,394.366,False,plot,~,40 h,steady_thermal_catalytic,2.61497e-06,rate / WHSV,0.198206,-0.418931,0,39.4725,,,,,,,,,primary; infeasible within bed limit,Figure 9a,,,,
10.1039/c4ra06175f,Fig. 9a Co/CeO2–O 430 °C,Co/CeO2–O,Coprecipitation; Co/CeO2 further heated at 600 °C for 4 h in air; named Co/CeO2–O.,Co,7.1,False,430,10,3,240000,False,240000 cm3 gcat-1 h-1,,31,436.62,False,plot,~,40 h,steady_thermal_catalytic,2.89514e-06,rate / WHSV,0.181608,-0.398969,0,23.3491,,,,,,,,,primary; infeasible within bed limit,Figure 9a,,,,
10.1039/c6cy02089e,"Text p6, 400 °C Ru/r-CeO2",Ru/r-CeO2,"CeO2 nanorods support; Ru/CeO2 prepared by incipient impregnation with Ru3(CO)12 in THF, then calcined/reduced at 300 °C for 3 h in H2.",Ru,4,False,400,1,3,18000,False,,,3830,95750,False,text,=,,steady_thermal_catalytic,0.0047692,rate / WHSV,0.0373265,-1.26447,0,0.0354182,22.184,19.289,22.6261,21.8976,30.1594,450,430,3.34648,primary,"Results text, p6",10.1039/c6cy02089e | 400 C | 1 MPa | H2/N2 3 | 1.8e+04 mL/g/h,per g catalyst,3830,False
10.1039/c6cy02089e,"Text p6, 400 °C Ru/c-CeO2",Ru/c-CeO2,"CeO2 nanocubes support; Ru/CeO2 prepared by incipient impregnation with Ru3(CO)12 in THF, then calcined/reduced at 300 °C for 3 h in H2.",Ru,4,False,400,1,3,18000,False,,,1289,32225,False,text,=,,steady_thermal_catalytic,0.00160509,rate / WHSV,0.0373265,-1.29554,0,0.00254524,23.2279,19.8169,23.7759,22.8474,41.5906,450,430,3.89671,primary,"Results text, p6",10.1039/c6cy02089e | 400 C | 1 MPa | H2/N2 3 | 1.8e+04 mL/g/h,per g catalyst,1289,False
10.1039/c6cy02089e,"Text p6, 400 °C Ru/p-CeO2",Ru/p-CeO2,"CeO2 nanoparticles support; Ru/CeO2 prepared by incipient impregnation with Ru3(CO)12 in THF, then calcined/reduced at 300 °C for 3 h in H2.",Ru,4,False,400,1,3,18000,False,,,529,13225,False,text,=,,steady_thermal_catalytic,0.000658723,rate / WHSV,0.0373265,-1.31995,0,0.000445813,24.8369,20.6505,25.6186,24.3569,77.6286,450,550,3.89768,primary,"Results text, p6",10.1039/c6cy02089e | 400 C | 1 MPa | H2/N2 3 | 1.8e+04 mL/g/h,per g catalyst,529,False
10.1039/c6cy02089e,Fig 8a 2K-Ru/r-CeO2 320 °C,2K–Ru/r-CeO2,"Ru/r-CeO2 promoted by wet impregnation with KNO3, dried at 110 °C for 12 h; K/Ru molar ratio 2.",Ru,4,False,320,1,3,18000,False,,,900,22500,False,plot,~,,steady_thermal_catalytic,0.0011207,rate / WHSV,0.109401,-1.23371,0,0.0343475,21.8272,19.0209,22.2283,21.5786,30.2421,450,430,2.8779,primary,Figure 8a,10.1039/c6cy02089e | 320 C | 1 MPa | H2/N2 3 | 1.8e+04 mL/g/h,per g catalyst,900,False
10.1039/c6cy02089e,Fig 8a 2K-Ru/r-CeO2 340 °C,2K–Ru/r-CeO2,"Ru/r-CeO2 promoted by wet impregnation with KNO3, dried at 110 °C for 12 h; K/Ru molar ratio 2.",Ru,4,False,340,1,3,18000,False,,,2200,55000,False,plot,~,,steady_thermal_catalytic,0.00273949,rate / WHSV,0.0829749,-1.2263,0,0.109092,21.7977,18.9917,22.1901,21.5522,27.3016,450,430,2.83922,primary,Figure 8a,10.1039/c6cy02089e | 340 C | 1 MPa | H2/N2 3 | 1.8e+04 mL/g/h,per g catalyst,2200,False
10.1039/c6cy02089e,Fig 8a 2K-Ru/r-CeO2 360 °C,2K–Ru/r-CeO2,"Ru/r-CeO2 promoted by wet impregnation with KNO3, dried at 110 °C for 12 h; K/Ru molar ratio 2.",Ru,4,False,360,1,3,18000,False,,,4900,122500,False,plot,~,,steady_thermal_catalytic,0.00610159,rate / WHSV,0.0631531,-1.2081,0,0.359109,21.7915,18.96,22.1633,21.5466,24.5873,450,430,2.83106,primary,Figure 8a,10.1039/c6cy02089e | 360 C | 1 MPa | H2/N2 3 | 1.8e+04 mL/g/h,per g catalyst,4900,False
10.1039/c6cy02089e,Fig 8a 2K-Ru/r-CeO2 380 °C,2K–Ru/r-CeO2,"Ru/r-CeO2 promoted by wet impregnation with KNO3, dried at 110 °C for 12 h; K/Ru molar ratio 2.",Ru,4,False,380,1,3,18000,False,,,8800,220000,False,SI,=,,steady_thermal_catalytic,0.010958,rate / WHSV,0.0483619,-1.17228,0,0.77667,22.0004,19.0263,22.3303,21.7385,22.9403,450,420,2.49401,primary,Figure 8a,10.1039/c6cy02089e | 380 C | 1 MPa | H2/N2 3 | 1.8e+04 mL/g/h,per g catalyst,8800,False
10.1039/c6cy02089e,"Text p7, Fig 8a 2K-Ru/r-CeO2 400 °C",2K–Ru/r-CeO2,"Ru/r-CeO2 promoted by wet impregnation with KNO3, dried at 110 °C for 12 h; K/Ru molar ratio 2.",Ru,4,False,400,1,3,18000,False,,,11227,280675,False,mixed,=,,steady_thermal_catalytic,0.0139801,rate / WHSV,0.0373265,-1.18385,0,0.70685,21.9057,18.9883,22.2484,21.6488,23.1413,450,430,2.98102,primary,Text p7 and Figure 8a,10.1039/c6cy02089e | 400 C | 1 MPa | H2/N2 3 | 1.8e+04 mL/g/h,per g catalyst,11227,False
10.1039/c6cy02089e,Fig 8a 2Cs-Ru/r-CeO2 320 °C,2Cs–Ru/r-CeO2,"Ru/r-CeO2 promoted by wet impregnation with CsNO3, dried at 110 °C for 12 h; Cs/Ru molar ratio 2.",Ru,4,False,320,1,3,18000,False,,,2600,65000,False,plot,~,,steady_thermal_catalytic,0.00323758,rate / WHSV,0.109401,-1.18825,0,0.478825,21.8754,18.9779,22.2237,21.6217,23.9716,450,430,2.94123,primary,Figure 8a,10.1039/c6cy02089e | 320 C | 1 MPa | H2/N2 3 | 1.8e+04 mL/g/h,per g catalyst,2600,False
10.1039/c6cy02089e,Fig 8a 2Cs-Ru/r-CeO2 340 °C,2Cs–Ru/r-CeO2,"Ru/r-CeO2 promoted by wet impregnation with CsNO3, dried at 110 °C for 12 h; Cs/Ru molar ratio 2.",Ru,4,False,340,1,3,18000,False,,,5100,127500,False,plot,~,,steady_thermal_catalytic,0.00635063,rate / WHSV,0.0829749,-1.11698,0,1.04774,22.6606,19.3967,22.8339,22.4167,22.322,450,410,2.72723,primary,Figure 8a,10.1039/c6cy02089e | 340 C | 1 MPa | H2/N2 3 | 1.8e+04 mL/g/h,per g catalyst,5100,False
10.1039/c6cy02089e,Fig 8a 2Cs-Ru/r-CeO2 360 °C,2Cs–Ru/r-CeO2,"Ru/r-CeO2 promoted by wet impregnation with CsNO3, dried at 110 °C for 12 h; Cs/Ru molar ratio 2.",Ru,4,False,360,1,3,18000,False,,,9400,235000,False,plot,~,,steady_thermal_catalytic,0.0117051,rate / WHSV,0.0631531,-1.09,0.328596,2.26107,21.4496,18.3179,21.6439,21.3281,20.8116,450,220,3.14692,primary,Figure 8a,10.1039/c6cy02089e | 360 C | 1 MPa | H2/N2 3 | 1.8e+04 mL/g/h,per g catalyst,9400,False
10.1039/c6cy02089e,Fig 8a 2Cs-Ru/r-CeO2 380 °C,2Cs–Ru/r-CeO2,"Ru/r-CeO2 promoted by wet impregnation with CsNO3, dried at 110 °C for 12 h; Cs/Ru molar ratio 2.",Ru,4,False,380,1,3,18000,False,,,13300,332500,False,SI,=,,steady_thermal_catalytic,0.0165615,rate / WHSV,0.0483619,-1.075,0.380115,2.5822,21.4088,18.2777,21.5995,21.2894,20.5675,450,220,3.08724,primary,Figure 8a,10.1039/c6cy02089e | 380 C | 1 MPa | H2/N2 3 | 1.8e+04 mL/g/h,per g catalyst,13300,False
10.1039/c6cy02089e,"Text p7, Fig 8a 2Cs-Ru/r-CeO2 400 °C",2Cs–Ru/r-CeO2,"Ru/r-CeO2 promoted by wet impregnation with CsNO3, dried at 110 °C for 12 h; Cs/Ru molar ratio 2.",Ru,4,False,400,1,3,18000,False,,,14266,356650,False,mixed,=,,steady_thermal_catalytic,0.0177643,rate / WHSV,0.0373265,-1.06,0.113181,1.43906,22.8785,19.5466,23.0621,22.7633,21.679,450,220,2.96962,primary,Text p7 and Figure 8a,10.1039/c6cy02089e | 400 C | 1 MPa | H2/N2 3 | 1.8e+04 mL/g/h,per g catalyst,14266,False
10.1039/c6cy02089e,Fig 8a 2Ba-Ru/r-CeO2 320 °C,2Ba–Ru/r-CeO2,"Ru/r-CeO2 promoted by wet impregnation with Ba(NO3)2, dried at 110 °C for 12 h; Ba/Ru molar ratio 2.",Ru,4,False,320,1,3,18000,False,,,600,15000,False,plot,~,,steady_thermal_catalytic,0.000747133,rate / WHSV,0.109401,-1.24299,0,0.0142547,21.8907,19.074,22.3037,21.6354,32.7587,450,430,2.96128,primary,Figure 8a,10.1039/c6cy02089e | 320 C | 1 MPa | H2/N2 3 | 1.8e+04 mL/g/h,per g catalyst,600,False
10.1039/c6cy02089e,Fig 8a 2Ba-Ru/r-CeO2 340 °C,2Ba–Ru/r-CeO2,"Ru/r-CeO2 promoted by wet impregnation with Ba(NO3)2, dried at 110 °C for 12 h; Ba/Ru molar ratio 2.",Ru,4,False,340,1,3,18000,False,,,1500,37500,False,plot,~,,steady_thermal_catalytic,0.00186783,rate / WHSV,0.0829749,-1.23859,0,0.0419095,21.8566,19.0464,22.2639,21.6049,29.7015,450,430,2.91654,primary,Figure 8a,10.1039/c6cy02089e | 340 C | 1 MPa | H2/N2 3 | 1.8e+04 mL/g/h,per g catalyst,1500,False
10.1039/c6cy02089e,Fig 8a 2Ba-Ru/r-CeO2 360 °C,2Ba–Ru/r-CeO2,"Ru/r-CeO2 promoted by wet impregnation with Ba(NO3)2, dried at 110 °C for 12 h; Ba/Ru molar ratio 2.",Ru,4,False,360,1,3,18000,False,,,3000,75000,False,plot,~,,steady_thermal_catalytic,0.00373567,rate / WHSV,0.0631531,-1.23517,0,0.0957534,21.8344,19.0276,22.2374,21.5851,27.5849,450,430,2.88743,primary,Figure 8a,10.1039/c6cy02089e | 360 C | 1 MPa | H2/N2 3 | 1.8e+04 mL/g/h,per g catalyst,3000,False
10.1039/c6cy02089e,Fig 8a 2Ba-Ru/r-CeO2 380 °C,2Ba–Ru/r-CeO2,"Ru/r-CeO2 promoted by wet impregnation with Ba(NO3)2, dried at 110 °C for 12 h; Ba/Ru molar ratio 2.",Ru,4,False,380,1,3,18000,False,,,4900,122500,False,SI,=,,steady_thermal_catalytic,0.00610159,rate / WHSV,0.0483619,-1.23477,0,0.150726,21.8322,19.0256,22.2347,21.5831,26.5387,450,430,2.88455,primary,Figure 8a,10.1039/c6cy02089e | 380 C | 1 MPa | H2/N2 3 | 1.8e+04 mL/g/h,per g catalyst,4900,False
10.1039/c6cy02089e,"Text p7, Fig 8a 2Ba-Ru/r-CeO2 400 °C",2Ba–Ru/r-CeO2,"Ru/r-CeO2 promoted by wet impregnation with Ba(NO3)2, dried at 110 °C for 12 h; Ba/Ru molar ratio 2.",Ru,4,False,400,1,3,18000,False,,,6638,165950,False,mixed,=,,steady_thermal_catalytic,0.00826579,rate / WHSV,0.0373265,-1.24116,0,0.157376,21.8754,19.0618,22.286,21.6217,26.4409,450,430,2.94129,primary,Text p7 and Figure 8a,10.1039/c6cy02089e | 400 C | 1 MPa | H2/N2 3 | 1.8e+04 mL/g/h,per g catalyst,6638,False
10.1039/c6cy02089e,Fig 8b 2K-Ru/c-CeO2 320 °C,2K–Ru/c-CeO2,"Ru/c-CeO2 promoted by wet impregnation with KNO3, dried at 110 °C for 12 h; K/Ru molar ratio 2.",Ru,4,False,320,1,3,18000,False,,,300,7500,False,plot,~,,steady_thermal_catalytic,0.000373567,rate / WHSV,0.109401,-1.25675,0,0.0038257,22.051,19.1942,22.4816,21.7787,38.7761,450,430,3.1718,primary,Figure 8b,10.1039/c6cy02089e | 320 C | 1 MPa | H2/N2 3 | 1.8e+04 mL/g/h,per g catalyst,300,False
10.1039/c6cy02089e,Fig 8b 2K-Ru/c-CeO2 340 °C,2K–Ru/c-CeO2,"Ru/c-CeO2 promoted by wet impregnation with KNO3, dried at 110 °C for 12 h; K/Ru molar ratio 2.",Ru,4,False,340,1,3,18000,False,,,800,20000,False,plot,~,,steady_thermal_catalytic,0.000996178,rate / WHSV,0.0829749,-1.25373,0,0.00997463,22.0077,19.1627,22.4343,21.74,34.0073,450,430,3.11493,primary,Figure 8b,10.1039/c6cy02089e | 340 C | 1 MPa | H2/N2 3 | 1.8e+04 mL/g/h,per g catalyst,800,False
10.1039/c6cy02089e,Fig 8b 2K-Ru/c-CeO2 360 °C,2K–Ru/c-CeO2,"Ru/c-CeO2 promoted by wet impregnation with KNO3, dried at 110 °C for 12 h; K/Ru molar ratio 2.",Ru,4,False,360,1,3,18000,False,,,1300,32500,False,plot,~,,steady_thermal_catalytic,0.00161879,rate / WHSV,0.0631531,-1.25935,0,0.0121143,22.0914,19.2233,22.5257,21.8149,33.3023,450,430,3.22486,primary,Figure 8b,10.1039/c6cy02089e | 360 C | 1 MPa | H2/N2 3 | 1.8e+04 mL/g/h,per g catalyst,1300,False
10.1039/c6cy02089e,Fig 8b 2K-Ru/c-CeO2 380 °C,2K–Ru/c-CeO2,"Ru/c-CeO2 promoted by wet impregnation with KNO3, dried at 110 °C for 12 h; K/Ru molar ratio 2.",Ru,4,False,380,1,3,18000,False,,,2800,70000,False,plot,~,,steady_thermal_catalytic,0.00348662,rate / WHSV,0.0483619,-1.25615,0,0.0342185,22.0418,19.1876,22.4716,21.7705,30.2523,450,430,3.15974,primary,Figure 8b,10.1039/c6cy02089e | 380 C | 1 MPa | H2/N2 3 | 1.8e+04 mL/g/h,per g catalyst,2800,False
10.1039/c6cy02089e,Fig 8b 2K-Ru/c-CeO2 400 °C,2K–Ru/c-CeO2,"Ru/c-CeO2 promoted by wet impregnation with KNO3, dried at 110 °C for 12 h; K/Ru molar ratio 2.",Ru,4,False,400,1,3,18000,False,,,5000,125000,False,plot,~,,steady_thermal_catalytic,0.00622611,rate / WHSV,0.0373265,-1.25465,0,0.0721792,22.0196,19.1715,22.4474,21.7506,28.3057,450,430,3.13053,primary,Figure 8b,10.1039/c6cy02089e | 400 C | 1 MPa | H2/N2 3 | 1.8e+04 mL/g/h,per g catalyst,5000,False
10.1039/c6cy02089e,Fig 8b 2Cs-Ru/c-CeO2 320 °C,2Cs–Ru/c-CeO2,"Ru/c-CeO2 promoted by wet impregnation with CsNO3, dried at 110 °C for 12 h; Cs/Ru molar ratio 2.",Ru,4,False,320,1,3,18000,False,,,300,7500,False,plot,~,,steady_thermal_catalytic,0.000373567,rate / WHSV,0.109401,-1.25675,0,0.0038257,22.051,19.1942,22.4816,21.7787,38.7761,450,430,3.1718,primary,Figure 8b,10.1039/c6cy02089e | 320 C | 1 MPa | H2/N2 3 | 1.8e+04 mL/g/h,per g catalyst,300,False
10.1039/c6cy02089e,Fig 8b 2Cs-Ru/c-CeO2 340 °C,2Cs–Ru/c-CeO2,"Ru/c-CeO2 promoted by wet impregnation with CsNO3, dried at 110 °C for 12 h; Cs/Ru molar ratio 2.",Ru,4,False,340,1,3,18000,False,,,800,20000,False,plot,~,,steady_thermal_catalytic,0.000996178,rate / WHSV,0.0829749,-1.25373,0,0.00997463,22.0077,19.1627,22.4343,21.74,34.0073,450,430,3.11493,primary,Figure 8b,10.1039/c6cy02089e | 340 C | 1 MPa | H2/N2 3 | 1.8e+04 mL/g/h,per g catalyst,800,False
10.1039/c6cy02089e,Fig 8b 2Cs-Ru/c-CeO2 360 °C,2Cs–Ru/c-CeO2,"Ru/c-CeO2 promoted by wet impregnation with CsNO3, dried at 110 °C for 12 h; Cs/Ru molar ratio 2.",Ru,4,False,360,1,3,18000,False,,,1400,35000,False,plot,~,,steady_thermal_catalytic,0.00174331,rate / WHSV,0.0631531,-1.25759,0,0.0143831,22.064,19.2036,22.4958,21.7904,32.7294,450,430,3.18889,primary,Figure 8b,10.1039/c6cy02089e | 360 C | 1 MPa | H2/N2 3 | 1.8e+04 mL/g/h,per g catalyst,1400,False
10.1039/c6cy02089e,Fig 8b 2Cs-Ru/c-CeO2 380 °C,2Cs–Ru/c-CeO2,"Ru/c-CeO2 promoted by wet impregnation with CsNO3, dried at 110 °C for 12 h; Cs/Ru molar ratio 2.",Ru,4,False,380,1,3,18000,False,,,3700,92500,False,plot,~,,steady_thermal_catalytic,0.00460732,rate / WHSV,0.0483619,-1.24686,0,0.07076,21.927,19.1023,22.345,21.6678,28.3547,450,430,3.00895,primary,Figure 8b,10.1039/c6cy02089e | 380 C | 1 MPa | H2/N2 3 | 1.8e+04 mL/g/h,per g catalyst,3700,False
10.1039/c6cy02089e,"Text p8, Fig 8b 2Cs-Ru/c-CeO2 400 °C",2Cs–Ru/c-CeO2,"Ru/c-CeO2 promoted by wet impregnation with CsNO3, dried at 110 °C for 12 h; Cs/Ru molar ratio 2.",Ru,4,False,400,1,3,18000,False,,,6061,151525,False,mixed,=,,steady_thermal_catalytic,0.00754729,rate / WHSV,0.0373265,-1.24599,0,0.122253,21.9179,19.0953,22.3349,21.6597,27.0298,450,430,2.99703,primary,Text p8 and Figure 8b,10.1039/c6cy02089e | 400 C | 1 MPa | H2/N2 3 | 1.8e+04 mL/g/h,per g catalyst,6061,False
10.1039/c6cy02089e,Fig 8b 2Ba-Ru/c-CeO2 360 °C,2Ba–Ru/c-CeO2,"Ru/c-CeO2 promoted by wet impregnation with Ba(NO3)2, dried at 110 °C for 12 h; Ba/Ru molar ratio 2.",Ru,4,False,360,1,3,18000,False,,,500,12500,False,plot,~,,steady_thermal_catalytic,0.000622611,rate / WHSV,0.0631531,-1.27989,0,0.00167908,22.5813,19.5068,23.0548,22.2525,45.6046,450,430,3.86834,primary,Figure 8b,10.1039/c6cy02089e | 360 C | 1 MPa | H2/N2 3 | 1.8e+04 mL/g/h,per g catalyst,500,False
10.1039/c6cy02089e,Fig 8b 2Ba-Ru/c-CeO2 380 °C,2Ba–Ru/c-CeO2,"Ru/c-CeO2 promoted by wet impregnation with Ba(NO3)2, dried at 110 °C for 12 h; Ba/Ru molar ratio 2.",Ru,4,False,380,1,3,18000,False,,,900,22500,False,plot,~,,steady_thermal_catalytic,0.0011207,rate / WHSV,0.0483619,-1.2847,0,0.00244776,22.7522,19.588,23.2392,22.4051,41.9096,450,430,4.09291,primary,Figure 8b,10.1039/c6cy02089e | 380 C | 1 MPa | H2/N2 3 | 1.8e+04 mL/g/h,per g catalyst,900,False
10.1039/c6cy02089e,Fig 8b 2Ba-Ru/c-CeO2 400 °C,2Ba–Ru/c-CeO2,"Ru/c-CeO2 promoted by wet impregnation with Ba(NO3)2, dried at 110 °C for 12 h; Ba/Ru molar ratio 2.",Ru,4,False,400,1,3,18000,False,,,1800,45000,False,plot,~,,steady_thermal_catalytic,0.0022414,rate / WHSV,0.0373265,-1.28661,0,0.0054071,22.829,19.6245,23.3221,22.4737,36.7276,450,430,4.19388,primary,Figure 8b,10.1039/c6cy02089e | 400 C | 1 MPa | H2/N2 3 | 1.8e+04 mL/g/h,per g catalyst,1800,False
10.1039/c6cy02089e,Fig 8c 2K-Ru/p-CeO2 320 °C,2K–Ru/p-CeO2,"Ru/p-CeO2 promoted by wet impregnation with KNO3, dried at 110 °C for 12 h; K/Ru molar ratio 2.",Ru,4,False,320,1,3,18000,False,,,250,6250,False,plot,~,,steady_thermal_catalytic,0.000311306,rate / WHSV,0.109401,-1.26016,0,0.00281212,22.1045,19.2327,22.5399,21.8265,40.8201,450,430,3.24196,primary,Figure 8c,10.1039/c6cy02089e | 320 C | 1 MPa | H2/N2 3 | 1.8e+04 mL/g/h,per g catalyst,250,False
10.1039/c6cy02089e,Fig 8c 2K-Ru/p-CeO2 340 °C,2K–Ru/p-CeO2,"Ru/p-CeO2 promoted by wet impregnation with KNO3, dried at 110 °C for 12 h; K/Ru molar ratio 2.",Ru,4,False,340,1,3,18000,False,,,600,15000,False,plot,~,,steady_thermal_catalytic,0.000747133,rate / WHSV,0.0829749,-1.25974,0,0.00550818,22.0975,19.2277,22.5323,21.8203,36.62,450,430,3.23279,primary,Figure 8c,10.1039/c6cy02089e | 340 C | 1 MPa | H2/N2 3 | 1.8e+04 mL/g/h,per g catalyst,600,False
10.1039/c6cy02089e,Fig 8c 2K-Ru/p-CeO2 360 °C,2K–Ru/p-CeO2,"Ru/p-CeO2 promoted by wet impregnation with KNO3, dried at 110 °C for 12 h; K/Ru molar ratio 2.",Ru,4,False,360,1,3,18000,False,,,800,20000,False,plot,~,,steady_thermal_catalytic,0.000996178,rate / WHSV,0.0631531,-1.27012,0,0.00419511,22.3066,19.3718,22.7586,22.0072,38.2444,450,430,3.5075,primary,Figure 8c,10.1039/c6cy02089e | 360 C | 1 MPa | H2/N2 3 | 1.8e+04 mL/g/h,per g catalyst,800,False
10.1039/c6cy02089e,Fig 8c 2K-Ru/p-CeO2 380 °C,2K–Ru/p-CeO2,"Ru/p-CeO2 promoted by wet impregnation with KNO3, dried at 110 °C for 12 h; K/Ru molar ratio 2.",Ru,4,False,380,1,3,18000,False,,,1600,40000,False,plot,~,,steady_thermal_catalytic,0.00199236,rate / WHSV,0.0483619,-1.27118,0,0.00867728,22.3336,19.3852,22.7876,22.0313,34.5169,450,430,3.54292,primary,Figure 8c,10.1039/c6cy02089e | 380 C | 1 MPa | H2/N2 3 | 1.8e+04 mL/g/h,per g catalyst,1600,False
10.1039/c6cy02089e,Fig 8c 2K-Ru/p-CeO2 400 °C,2K–Ru/p-CeO2,"Ru/p-CeO2 promoted by wet impregnation with KNO3, dried at 110 °C for 12 h; K/Ru molar ratio 2.",Ru,4,False,400,1,3,18000,False,,,2600,65000,False,plot,~,,steady_thermal_catalytic,0.00323758,rate / WHSV,0.0373265,-1.27642,0,0.0131338,22.4751,19.4552,22.9401,22.1577,33.0281,450,430,3.7288,primary,Figure 8c,10.1039/c6cy02089e | 400 C | 1 MPa | H2/N2 3 | 1.8e+04 mL/g/h,per g catalyst,2600,False
10.1039/c6cy02089e,Fig 8c 2Cs-Ru/p-CeO2 320 °C,2Cs–Ru/p-CeO2,"Ru/p-CeO2 promoted by wet impregnation with CsNO3, dried at 110 °C for 12 h; Cs/Ru molar ratio 2.",Ru,4,False,320,1,3,18000,False,,,400,10000,False,plot,~,,steady_thermal_catalytic,0.000498089,rate / WHSV,0.109401,-1.25124,0,0.00641727,21.9757,19.1391,22.3991,21.7114,35.8049,450,430,3.07293,primary,Figure 8c,10.1039/c6cy02089e | 320 C | 1 MPa | H2/N2 3 | 1.8e+04 mL/g/h,per g catalyst,400,False
10.1039/c6cy02089e,Fig 8c 2Cs-Ru/p-CeO2 340 °C,2Cs–Ru/p-CeO2,"Ru/p-CeO2 promoted by wet impregnation with CsNO3, dried at 110 °C for 12 h; Cs/Ru molar ratio 2.",Ru,4,False,340,1,3,18000,False,,,800,20000,False,plot,~,,steady_thermal_catalytic,0.000996178,rate / WHSV,0.0829749,-1.25373,0,0.00997463,22.0077,19.1627,22.4343,21.74,34.0073,450,430,3.11493,primary,Figure 8c,10.1039/c6cy02089e | 340 C | 1 MPa | H2/N2 3 | 1.8e+04 mL/g/h,per g catalyst,800,False
10.1039/c6cy02089e,Fig 8c 2Cs-Ru/p-CeO2 360 °C,2Cs–Ru/p-CeO2,"Ru/p-CeO2 promoted by wet impregnation with CsNO3, dried at 110 °C for 12 h; Cs/Ru molar ratio 2.",Ru,4,False,360,1,3,18000,False,,,1500,37500,False,plot,~,,steady_thermal_catalytic,0.00186783,rate / WHSV,0.0631531,-1.25592,0,0.0169129,22.0382,19.185,22.4677,21.7673,32.2197,450,430,3.15495,primary,Figure 8c,10.1039/c6cy02089e | 360 C | 1 MPa | H2/N2 3 | 1.8e+04 mL/g/h,per g catalyst,1500,False
10.1039/c6cy02089e,Fig 8c 2Cs-Ru/p-CeO2 380 °C,2Cs–Ru/p-CeO2,"Ru/p-CeO2 promoted by wet impregnation with CsNO3, dried at 110 °C for 12 h; Cs/Ru molar ratio 2.",Ru,4,False,380,1,3,18000,False,,,3100,77500,False,plot,~,,steady_thermal_catalytic,0.00386019,rate / WHSV,0.0483619,-1.25297,0,0.0444831,21.9979,19.1555,22.4235,21.7313,29.5437,450,430,3.1021,primary,Figure 8c,10.1039/c6cy02089e | 380 C | 1 MPa | H2/N2 3 | 1.8e+04 mL/g/h,per g catalyst,3100,False
10.1039/c6cy02089e,"Text p8, Fig 8c 2Cs-Ru/p-CeO2 400 °C",2Cs–Ru/p-CeO2,"Ru/p-CeO2 promoted by wet impregnation with CsNO3, dried at 110 °C for 12 h; Cs/Ru molar ratio 2.",Ru,4,False,400,1,3,18000,False,,,5103,127575,False,mixed,=,,steady_thermal_catalytic,0.00635437,rate / WHSV,0.0373265,-1.25381,0,0.0762861,22.0087,19.1634,22.4354,21.7409,28.1563,450,430,3.11625,primary,Text p8 and Figure 8c,10.1039/c6cy02089e | 400 C | 1 MPa | H2/N2 3 | 1.8e+04 mL/g/h,per g catalyst,5103,False
10.1039/c6cy02089e,Fig 8c 2Ba-Ru/p-CeO2 340 °C,2Ba–Ru/p-CeO2,"Ru/p-CeO2 promoted by wet impregnation with Ba(NO3)2, dried at 110 °C for 12 h; Ba/Ru molar ratio 2.",Ru,4,False,340,1,3,18000,False,,,300,7500,False,plot,~,,steady_thermal_catalytic,0.000373567,rate / WHSV,0.0829749,-1.27329,0,0.00155727,22.3879,19.4121,22.8462,22.0798,46.5053,450,430,3.61433,primary,Figure 8c,10.1039/c6cy02089e | 340 C | 1 MPa | H2/N2 3 | 1.8e+04 mL/g/h,per g catalyst,300,False
10.1039/c6cy02089e,Fig 8c 2Ba-Ru/p-CeO2 360 °C,2Ba–Ru/p-CeO2,"Ru/p-CeO2 promoted by wet impregnation with Ba(NO3)2, dried at 110 °C for 12 h; Ba/Ru molar ratio 2.",Ru,4,False,360,1,3,18000,False,,,600,15000,False,plot,~,,steady_thermal_catalytic,0.000747133,rate / WHSV,0.0631531,-1.27614,0,0.0023641,22.4667,19.451,22.9311,22.1502,42.2023,450,430,3.71781,primary,Figure 8c,10.1039/c6cy02089e | 360 C | 1 MPa | H2/N2 3 | 1.8e+04 mL/g/h,per g catalyst,600,False
10.1039/c6cy02089e,Fig 8c 2Ba-Ru/p-CeO2 380 °C,2Ba–Ru/p-CeO2,"Ru/p-CeO2 promoted by wet impregnation with Ba(NO3)2, dried at 110 °C for 12 h; Ba/Ru molar ratio 2.",Ru,4,False,380,1,3,18000,False,,,850,21250,False,plot,~,,steady_thermal_catalytic,0.00105844,rate / WHSV,0.0483619,-1.28601,0,0.00217774,22.8043,19.6128,23.2954,22.4517,42.9287,450,430,4.16143,primary,Figure 8c,10.1039/c6cy02089e | 380 C | 1 MPa | H2/N2 3 | 1.8e+04 mL/g/h,per g catalyst,850,False
10.1039/c6cy02089e,Fig 8c 2Ba-Ru/p-CeO2 400 °C,2Ba–Ru/p-CeO2,"Ru/p-CeO2 promoted by wet impregnation with Ba(NO3)2, dried at 110 °C for 12 h; Ba/Ru molar ratio 2.",Ru,4,False,400,1,3,18000,False,,,1500,37500,False,plot,~,,steady_thermal_catalytic,0.00186783,rate / WHSV,0.0373265,-1.2915,0,0.0035601,23.0419,19.7243,23.5548,22.6657,39.2143,450,430,3.65239,primary,Figure 8c,10.1039/c6cy02089e | 400 C | 1 MPa | H2/N2 3 | 1.8e+04 mL/g/h,per g catalyst,1500,False
10.1039/c6cy02089e,"Text p8, 2Cs-Ru/r-CeO2 3 MPa 400 °C",2Cs–Ru/r-CeO2,"Ru/r-CeO2 promoted by wet impregnation with CsNO3, dried at 110 °C for 12 h; Cs/Ru molar ratio 2.",Ru,4,False,400,3,3,18000,False,,,33500,837500,False,text,=,,steady_thermal_catalytic,0.0417149,rate / WHSV,0.0982537,-1.13,0.458767,2.87772,20.4086,17.5033,20.6264,20.233,20.3714,450,365,2.44095,primary,Text p8 / Table S4 statement,10.1039/c6cy02089e | 400 C | 3 MPa | H2/N2 3 | 1.8e+04 mL/g/h,per g catalyst,33500,False
10.1039/c6cy02089e,"Text p8, 2Cs-Ru/MgO 1 MPa 400 °C",2Cs–Ru/MgO,2Cs–Ru/MgO synthesized according to previous reports; Cs/Ru molar ratio 2.,Ru,4,False,400,1,3,18000,False,,,10530,,False,text,=,,steady_thermal_catalytic,0.0131122,rate / WHSV,0.0373265,-1.19729,0,0.586174,21.8263,18.9637,22.1856,21.5778,23.5335,450,430,2.87675,primary,Text p8 / Figure S11 statement,10.1039/c6cy02089e | 400 C | 1 MPa | H2/N2 3 | 1.8e+04 mL/g/h,per g catalyst,10530,False
10.1039/c6cy02089e,"Text p8, 6Ba-Ru/AC 1 MPa 400 °C",6Ba–Ru/AC,6Ba–Ru/AC synthesized according to previous reports; Ba/Ru molar ratio 6.,Ru,4,False,400,1,3,18000,False,,,6543,,False,text,=,,steady_thermal_catalytic,0.00814749,rate / WHSV,0.0373265,-1.24197,0,0.151178,21.8822,19.0672,22.2938,21.6278,26.532,450,430,2.95011,primary,Text p8 / Figure S11 statement,10.1039/c6cy02089e | 400 C | 1 MPa | H2/N2 3 | 1.8e+04 mL/g/h,per g catalyst,6543,False
10.1039/c6sc00767h,"Table 1, Ru/Ca2N:e−, 340 °C",Ru/Ca2N:e−,,Ru,1.8,False,340,0.1,3,36000,False,36000 mL gcat−1 h−1,,3386,188111,False,table,=,,steady_thermal_catalytic,0.00210816,rate / WHSV,0.00967694,-1,0.883522,14.2609,20.6085,18.1871,20.944,20.3867,17.827,450,220,5.9617,primary,Table 1,10.1039/c6sc00767h | 340 C | 0.1 MPa | H2/N2 3 | 3.6e+04 mL/g/h,per g catalyst,3386,False
10.1039/c6sc00767h,"Table 1, Ru/Ca2N:e−, 300 °C",Ru/Ca2N:e−,,Ru,1.8,False,300,0.1,3,36000,False,36000 mL gcat−1 h−1,,1674,93000,False,table,=,,steady_thermal_catalytic,0.00104225,rate / WHSV,0.0189526,-1.035,0.890379,15.2264,19.9555,17.6493,20.2715,19.7292,17.7108,450,220,6.08402,primary,Table 1,10.1039/c6sc00767h | 300 C | 0.1 MPa | H2/N2 3 | 3.6e+04 mL/g/h,per g catalyst,1674,False
10.1039/c6sc00767h,"Table 1, Ru/CaNH, 340 °C",Ru/CaNH,,Ru,1.8,False,340,0.1,3,36000,False,36000 mL gcat−1 h−1,,308,17111.1,False,table,=,,steady_thermal_catalytic,0.000191764,rate / WHSV,0.00967694,-1.17833,0,0.116606,22.3538,19.9089,22.8642,21.9023,27.3878,450,430,4.98711,primary,Table 1,10.1039/c6sc00767h | 340 C | 0.1 MPa | H2/N2 3 | 3.6e+04 mL/g/h,per g catalyst,308,False
10.1039/c6sc00767h,"Table 1, Ru/CaNH, 300 °C",Ru/CaNH,,Ru,1.8,False,300,0.1,3,36000,False,36000 mL gcat−1 h−1,,53,2944.44,False,table,=,,steady_thermal_catalytic,3.29984e-05,rate / WHSV,0.0189526,-1.18558,0,0.0508217,22.3064,19.888,22.8657,21.8467,29.5239,450,430,4.87419,primary,Table 1,10.1039/c6sc00767h | 300 C | 0.1 MPa | H2/N2 3 | 3.6e+04 mL/g/h,per g catalyst,53,False
10.1039/c6sc00767h,"Table 1, Ru/C12A7:e−, 340 °C",Ru/C12A7:e−,,Ru,1.8,False,340,0.1,3,36000,False,36000 mL gcat−1 h−1,,2021,112278,False,table,=,,steady_thermal_catalytic,0.0012583,rate / WHSV,0.00967694,-1.01,0.239745,4.02374,23.4808,20.6859,23.8316,23.225,20.0187,450,210,6.09141,primary,Table 1,10.1039/c6sc00767h | 340 C | 0.1 MPa | H2/N2 3 | 3.6e+04 mL/g/h,per g catalyst,2021,False
10.1039/c6sc00767h,"Table 1, Ru/C12A7:e−, 300 °C",Ru/C12A7:e−,,Ru,1.8,False,300,0.1,3,36000,False,36000 mL gcat−1 h−1,,745,41388.9,False,table,=,,steady_thermal_catalytic,0.000463845,rate / WHSV,0.0189526,-1.08242,0,2.54483,23.3261,20.6561,23.6485,23.0572,20.8988,450,220,7.25352,primary,Table 1,10.1039/c6sc00767h | 300 C | 0.1 MPa | H2/N2 3 | 3.6e+04 mL/g/h,per g catalyst,745,False
10.1039/c6sc00767h,"Table 1, Ru/CaH2, 340 °C",Ru/CaH2,,Ru,2,False,340,0.1,3,36000,False,36000 mL gcat−1 h−1,,4002,200100,False,table,=,,steady_thermal_catalytic,0.00249169,rate / WHSV,0.00967694,-0.995,1.04974,19.8036,19.939,17.5266,20.2354,19.7327,17.2898,450,220,5.53204,primary,Table 1,10.1039/c6sc00767h | 340 C | 0.1 MPa | H2/N2 3 | 3.6e+04 mL/g/h,per g catalyst,4002,False
10.1039/c6sc00767h,"Table 1, Ru/CaH2, 300 °C",Ru/CaH2,,Ru,2,False,300,0.1,3,36000,False,36000 mL gcat−1 h−1,,2549,127450,False,table,=,,steady_thermal_catalytic,0.00158704,rate / WHSV,0.0189526,-1.03,1.36714,38.8955,18.0584,16.1747,18.3022,17.9034,16.4073,450,220,3.95138,primary,Table 1,10.1039/c6sc00767h | 300 C | 0.1 MPa | H2/N2 3 | 3.6e+04 mL/g/h,per g catalyst,2549,False
10.1039/c6sc00767h,"Table 1, Ru–Cs/MgO, 340 °C",Ru–Cs/MgO,,Ru,2,False,340,0.1,3,36000,False,36000 mL gcat−1 h−1,,3200,160000,False,table,=,,steady_thermal_catalytic,0.00199236,rate / WHSV,0.00967694,-1,0.766522,11.1128,21.1146,18.5155,21.4174,20.9242,18.1804,450,215,5.22307,primary,Table 1,10.1039/c6sc00767h | 340 C | 0.1 MPa | H2/N2 3 | 3.6e+04 mL/g/h,per g catalyst,3200,False
10.1039/c6sc00767h,"Table 1, Ru–Cs/MgO, 300 °C",Ru–Cs/MgO,,Ru,2,False,300,0.1,3,36000,False,36000 mL gcat−1 h−1,,697,34850,False,table,=,,steady_thermal_catalytic,0.00043396,rate / WHSV,0.0189526,-1.10338,0,2.00526,22.982,20.2734,23.3386,22.7688,21.292,450,220,5.7241,primary,Table 1,10.1039/c6sc00767h | 300 C | 0.1 MPa | H2/N2 3 | 3.6e+04 mL/g/h,per g catalyst,697,False
10.1039/c6sc02382g,"Fig. 1a Ru/Pr2O3, 400 C, 0.1 MPa",Ru/Pr2O3,,Ru,5,False,400,0.1,3,18000,False,,0.88,3500,70000,False,plot,~,,steady_thermal_catalytic,0.0088,printed outlet,0.00399559,-0.970323,0,1.89669,25.5304,21.462,25.6964,25.4257,21.0757,450,210,2.8203,flagged: outlet near equilibrium,Figure 1a,,,,
10.1039/c6sc02382g,"Fig. 1b Ru/Pr2O3, 400 C, 1 MPa",Ru/Pr2O3,,Ru,5,False,400,1,3,18000,False,,4.8,19000,380000,False,mixed,=,,steady_thermal_catalytic,0.048,printed outlet,0.0373265,-1.06,0.874397,8.0461,19.4347,16.5797,19.5519,19.3587,18.5675,450,220,1.85847,flagged: outlet near equilibrium,Figure 1b and text below Figure 1,,,,
10.1039/c6sc02382g,"Fig. 2 Ru/Pr2O3, 310 C",Ru/Pr2O3,after reduction at 400 °C,Ru,5,False,310,0.9,3,18000,False,,,900,18000,False,plot,~,,steady_thermal_catalytic,0.0011207,rate / WHSV,0.115675,-1.22509,0,0.0538951,21.7137,18.8059,22.032,21.5141,28.9573,450,430,2.26735,primary,Figure 2,10.1039/c6sc02382g | 310 C | 0.9 MPa | H2/N2 3 | 1.8e+04 mL/g/h,per g catalyst,900,False
10.1039/c6sc02382g,"Fig. 2 Ru/Pr2O3, 330 C",Ru/Pr2O3,after reduction at 400 °C,Ru,5,False,330,0.9,3,18000,False,,,2800,56000,False,plot,~,,steady_thermal_catalytic,0.00348662,rate / WHSV,0.0872517,-1.20288,0,0.317941,21.7244,18.7812,22.0443,21.5239,24.78,450,430,2.279,primary,Figure 2,10.1039/c6sc02382g | 330 C | 0.9 MPa | H2/N2 3 | 1.8e+04 mL/g/h,per g catalyst,2800,False
10.1039/c6sc02382g,"Fig. 2 Ru/Pr2O3, 350 C",Ru/Pr2O3,after reduction at 400 °C,Ru,5,False,350,0.9,3,18000,False,,,5400,108000,False,plot,~,,steady_thermal_catalytic,0.0067242,rate / WHSV,0.0660022,-1.1749,0,0.710219,21.8934,18.8312,22.1805,21.6781,23.0482,450,430,2.46301,primary,Figure 2,10.1039/c6sc02382g | 350 C | 0.9 MPa | H2/N2 3 | 1.8e+04 mL/g/h,per g catalyst,5400,False
10.1039/c6sc02382g,"Fig. 2 Ru/Pr2O3, 370 C",Ru/Pr2O3,after reduction at 400 °C,Ru,5,False,370,0.9,3,18000,False,,,9900,198000,False,plot,~,,steady_thermal_catalytic,0.0123277,rate / WHSV,0.0502208,-1.08,0.168151,1.60219,22.2844,18.8741,22.449,22.1803,21.3954,450,220,2.65532,primary,Figure 2,10.1039/c6sc02382g | 370 C | 0.9 MPa | H2/N2 3 | 1.8e+04 mL/g/h,per g catalyst,9900,False
10.1039/c6sc02382g,"Fig. 2/Table 1 Ru/Pr2O3, 390 C",Ru/Pr2O3,after reduction at 400 °C,Ru,5,False,390,0.9,3,18000,False,,,15200,304000,False,mixed,=,,steady_thermal_catalytic,0.0189274,rate / WHSV,0.0385125,-1.065,0.355055,2.48875,21.6578,18.312,21.7911,21.5481,20.5751,450,220,2.81267,primary,Figure 2 text and Table 1,10.1039/c6sc02382g | 390 C | 0.9 MPa | H2/N2 3 | 1.8e+04 mL/g/h,per g catalyst,15200,False
10.1039/c6sc02382g,"Fig. 2 Ru/CeO2, 310 C",Ru/CeO2,after reduction at 400 °C,Ru,5,False,310,0.9,3,18000,False,,,400,8000,False,plot,~,,steady_thermal_catalytic,0.000498089,rate / WHSV,0.115675,-1.24341,0,0.00968647,21.8105,18.8853,22.1433,21.6025,33.9876,450,430,2.37274,primary,Figure 2,10.1039/c6sc02382g | 310 C | 0.9 MPa | H2/N2 3 | 1.8e+04 mL/g/h,per g catalyst,400,False
10.1039/c6sc02382g,"Fig. 2 Ru/CeO2, 330 C",Ru/CeO2,after reduction at 400 °C,Ru,5,False,330,0.9,3,18000,False,,,1300,26000,False,plot,~,,steady_thermal_catalytic,0.00161879,rate / WHSV,0.0872517,-1.23415,0,0.0451108,21.7479,18.8373,22.0713,21.5453,29.412,450,430,2.30457,primary,Figure 2,10.1039/c6sc02382g | 330 C | 0.9 MPa | H2/N2 3 | 1.8e+04 mL/g/h,per g catalyst,1300,False
10.1039/c6sc02382g,"Fig. 2 Ru/CeO2, 350 C",Ru/CeO2,after reduction at 400 °C,Ru,5,False,350,0.9,3,18000,False,,,2500,50000,False,plot,~,,steady_thermal_catalytic,0.00311306,rate / WHSV,0.0660022,-1.23277,0,0.0886608,21.7415,18.8319,22.064,21.5395,27.7043,450,430,2.29762,primary,Figure 2,10.1039/c6sc02382g | 350 C | 0.9 MPa | H2/N2 3 | 1.8e+04 mL/g/h,per g catalyst,2500,False
10.1039/c6sc02382g,"Fig. 2 Ru/CeO2, 370 C",Ru/CeO2,after reduction at 400 °C,Ru,5,False,370,0.9,3,18000,False,,,4400,88000,False,plot,~,,steady_thermal_catalytic,0.00547898,rate / WHSV,0.0502208,-1.22984,0,0.163579,21.7283,18.8205,22.0488,21.5275,26.2702,450,430,2.28325,primary,Figure 2,10.1039/c6sc02382g | 370 C | 0.9 MPa | H2/N2 3 | 1.8e+04 mL/g/h,per g catalyst,4400,False
10.1039/c6sc02382g,"Fig. 2/Table 1 Ru/CeO2, 390 C",Ru/CeO2,after reduction at 400 °C,Ru,5,False,390,0.9,3,18000,False,,,7400,148000,False,mixed,=,,steady_thermal_catalytic,0.00921464,rate / WHSV,0.0385125,-1.22197,0,0.303464,21.7083,18.7987,22.0258,21.5093,24.8785,450,430,2.26152,primary,Figure 2 text and Table 1,10.1039/c6sc02382g | 390 C | 0.9 MPa | H2/N2 3 | 1.8e+04 mL/g/h,per g catalyst,7400,False
10.1039/c6sc02382g,"Fig. 2 Ru/MgO, 310 C",Ru/MgO,after reduction at 400 °C,Ru,5,False,310,0.9,3,18000,False,,,100,2000,False,plot,~,,steady_thermal_catalytic,0.000124522,rate / WHSV,0.115675,-1.26884,0,0.00104398,22.1804,19.1264,22.5691,21.94,51.2091,450,430,2.7757,primary,Figure 2,10.1039/c6sc02382g | 310 C | 0.9 MPa | H2/N2 3 | 1.8e+04 mL/g/h,per g catalyst,100,False
10.1039/c6sc02382g,"Fig. 2 Ru/MgO, 330 C",Ru/MgO,after reduction at 400 °C,Ru,5,False,330,0.9,3,18000,False,,,200,4000,False,plot,~,,steady_thermal_catalytic,0.000249044,rate / WHSV,0.0872517,-1.27321,0,0.00115263,22.2844,19.1768,22.6833,22.0349,49.6372,450,430,2.88914,primary,Figure 2,10.1039/c6sc02382g | 330 C | 0.9 MPa | H2/N2 3 | 1.8e+04 mL/g/h,per g catalyst,200,False
10.1039/c6sc02382g,"Fig. 2 Ru/MgO, 350 C",Ru/MgO,after reduction at 400 °C,Ru,5,False,350,0.9,3,18000,False,,,400,8000,False,plot,~,,steady_thermal_catalytic,0.000498089,rate / WHSV,0.0660022,-1.27665,0,0.00156497,22.3772,19.22,22.7804,22.1195,45.6259,450,430,2.99027,primary,Figure 2,10.1039/c6sc02382g | 350 C | 0.9 MPa | H2/N2 3 | 1.8e+04 mL/g/h,per g catalyst,400,False
10.1039/c6sc02382g,"Fig. 2 Ru/MgO, 370 C",Ru/MgO,after reduction at 400 °C,Ru,5,False,370,0.9,3,18000,False,,,800,16000,False,plot,~,,steady_thermal_catalytic,0.000996178,rate / WHSV,0.0502208,-1.27931,0,0.00265636,22.4557,19.2564,22.8628,22.1912,40.817,450,430,3.07594,primary,Figure 2,10.1039/c6sc02382g | 370 C | 0.9 MPa | H2/N2 3 | 1.8e+04 mL/g/h,per g catalyst,800,False
10.1039/c6sc02382g,"Fig. 2/Table 1 Ru/MgO, 390 C",Ru/MgO,after reduction at 400 °C,Ru,5,False,390,0.9,3,18000,False,,,1500,30000,False,mixed,=,,steady_thermal_catalytic,0.00186783,rate / WHSV,0.0385125,-1.28281,0,0.00487509,22.5718,19.3101,22.9843,22.297,37.1259,450,430,3.20254,primary,Figure 2 text and Table 1,10.1039/c6sc02382g | 390 C | 0.9 MPa | H2/N2 3 | 1.8e+04 mL/g/h,per g catalyst,1500,False
10.1039/c7sc05343f,"Fig. 1a, 450red, 300 C",Ru/La0.5Ce0.5O1.75_450red,pre-reduced at 450 °C,Ru,5,False,300,1,3,,False,,,4000,80000,False,plot,~,,steady_thermal_catalytic,0.00305079,,0.144217,-1.115,0.222357,1.7299,21.5735,18.3183,21.7723,21.3817,21.2493,450,425,2.20008,primary: outlet NH3 assumed (median),Fig. 1a,10.1039/c7sc05343f | 300 C | 1 MPa | H2/N2 3 | SV not given,per g catalyst,4000,False
10.1039/c7sc05343f,"Fig. 1a, 450red, 325 C",Ru/La0.5Ce0.5O1.75_450red,pre-reduced at 450 °C,Ru,5,False,325,1,3,,False,,,7000,140000,False,plot,~,,steady_thermal_catalytic,0.00305079,,0.10208,-1.16536,0,0.711857,21.9853,18.8668,22.2596,21.7656,23.0433,450,420,2.05379,primary: outlet NH3 assumed (median),Fig. 1a,10.1039/c7sc05343f | 325 C | 1 MPa | H2/N2 3 | SV not given,per g catalyst,7000,False
10.1039/c7sc05343f,"Fig. 1a, 450red, 350 C",Ru/La0.5Ce0.5O1.75_450red,pre-reduced at 450 °C,Ru,5,False,350,1,3,72000,True,,,13000,260000,False,plot,~,,steady_thermal_catalytic,0.00404697,rate / WHSV (WHSV of the paper's comparison),0.0723434,-1.17622,0,0.599686,21.882,18.8272,22.1712,21.6678,23.4112,450,430,2.45064,primary,Fig. 1a,10.1039/c7sc05343f | 350 C | 1 MPa | H2/N2 3 | 7.2e+04 mL/g/h,per g catalyst,13000,False
10.1039/c7sc05343f,"Fig. 1a, 450red, 375 C",Ru/La0.5Ce0.5O1.75_450red,pre-reduced at 450 °C,Ru,5,False,375,1,3,,False,,,29000,580000,False,plot,~,,steady_thermal_catalytic,0.00305079,,0.0516631,-1.19745,0,0.282944,21.7443,18.7845,22.0605,21.5421,25.028,450,430,2.30067,primary: outlet NH3 assumed (median),Fig. 1a,10.1039/c7sc05343f | 375 C | 1 MPa | H2/N2 3 | SV not given,per g catalyst,29000,False
10.1039/c7sc05343f,"Fig. 1a, 450red, 400 C",Ru/La0.5Ce0.5O1.75_450red,pre-reduced at 450 °C,Ru,5,False,400,1,3,,False,,,48000,960000,False,plot,~,,steady_thermal_catalytic,0.00305079,,0.0373265,-1.20931,0,0.177671,21.7089,18.7817,22.0265,21.5098,26.0692,450,430,2.26216,primary: outlet NH3 assumed (median),Fig. 1a,10.1039/c7sc05343f | 400 C | 1 MPa | H2/N2 3 | SV not given,per g catalyst,48000,False
10.1039/c7sc05343f,"Fig. 1a, 500red, 300 C",Ru/La0.5Ce0.5O1.75_500red,pre-reduced at 500 °C,Ru,5,False,300,1,3,,False,,,7000,140000,False,plot,~,,steady_thermal_catalytic,0.00305079,,0.144217,-1.115,0.465395,3.02732,20.5059,17.4253,20.6686,20.3548,20.2254,450,370,2.02649,primary: outlet NH3 assumed (median),Fig. 1a,10.1039/c7sc05343f | 300 C | 1 MPa | H2/N2 3 | SV not given,per g catalyst,7000,False
10.1039/c7sc05343f,"Fig. 1a, 500red, 325 C",Ru/La0.5Ce0.5O1.75_500red,pre-reduced at 500 °C,Ru,5,False,325,1,3,,False,,,13000,260000,False,plot,~,,steady_thermal_catalytic,0.00305079,,0.10208,-1.1,0.0782348,1.32202,22.4706,19.0233,22.6055,22.2902,21.7775,450,220,2.87711,primary: outlet NH3 assumed (median),Fig. 1a,10.1039/c7sc05343f | 325 C | 1 MPa | H2/N2 3 | SV not given,per g catalyst,13000,False
10.1039/c7sc05343f,"Table 1, 500red, 350 C",Ru/La0.5Ce0.5O1.75_500red,pre-reduced at 500 °C,Ru,5,False,350,1,3,72000,False,72000 NmL h-1 g-1,,22100,442000,False,mixed,=,,steady_thermal_catalytic,0.00687985,rate / WHSV,0.0723434,-1.095,0.374823,2.56104,21.1389,17.9416,21.276,21.0218,20.5236,450,220,2.19485,primary,Table 1,10.1039/c7sc05343f | 350 C | 1 MPa | H2/N2 3 | 7.2e+04 mL/g/h,per g catalyst,22100,False
10.1039/c7sc05343f,"Fig. 1a, 500red, 375 C",Ru/La0.5Ce0.5O1.75_500red,pre-reduced at 500 °C,Ru,5,False,375,1,3,,False,,,37000,740000,False,plot,~,,steady_thermal_catalytic,0.00305079,,0.0516631,-1.18905,0,0.360998,21.7873,18.7957,22.094,21.5813,24.4899,450,430,2.34751,primary: outlet NH3 assumed (median),Fig. 1a,10.1039/c7sc05343f | 375 C | 1 MPa | H2/N2 3 | SV not given,per g catalyst,37000,False
10.1039/c7sc05343f,"Fig. 1a, 500red, 400 C",Ru/La0.5Ce0.5O1.75_500red,pre-reduced at 500 °C,Ru,5,False,400,1,3,,False,,,50000,1e+06,False,plot,~,,steady_thermal_catalytic,0.00305079,,0.0373265,-1.20812,0,0.185074,21.7113,18.7814,22.0293,21.512,25.9759,450,430,2.2648,primary: outlet NH3 assumed (median),Fig. 1a,10.1039/c7sc05343f | 400 C | 1 MPa | H2/N2 3 | SV not given,per g catalyst,50000,False
10.1039/c7sc05343f,"Fig. 1a, 650red, 300 C",Ru/La0.5Ce0.5O1.75_650red,pre-reduced at 650 °C,Ru,5,False,300,1,3,,False,,,10000,200000,False,plot,~,,steady_thermal_catalytic,0.00305079,,0.144217,-1.115,0.620297,4.32474,19.8609,16.9076,20.0082,19.7369,19.6125,450,220,2.36544,primary: outlet NH3 assumed (median),Fig. 1a,10.1039/c7sc05343f | 300 C | 1 MPa | H2/N2 3 | SV not given,per g catalyst,10000,False
10.1039/c7sc05343f,"Fig. 1a, 650red, 325 C",Ru/La0.5Ce0.5O1.75_650red,pre-reduced at 650 °C,Ru,5,False,325,1,3,,False,,,20000,400000,False,plot,~,,steady_thermal_catalytic,0.00305079,,0.10208,-1.1,0.265321,2.03388,21.5987,18.284,21.7424,21.4241,20.9452,450,220,2.7422,primary: outlet NH3 assumed (median),Fig. 1a,10.1039/c7sc05343f | 325 C | 1 MPa | H2/N2 3 | SV not given,per g catalyst,20000,False
10.1039/c7sc05343f,"Table 1, 650red, 350 C, 1.0 MPa",Ru/La0.5Ce0.5O1.75_650red,pre-reduced at 650 °C,Ru,5,False,350,1,3,72000,True,,,31300,626000,False,mixed,=,,steady_thermal_catalytic,0.00974386,rate / WHSV (WHSV of the paper's comparison),0.0723434,-1.095,0.81311,6.85562,19.2679,16.4868,19.4021,19.171,18.8218,450,220,2.44835,primary,Table 1,10.1039/c7sc05343f | 350 C | 1 MPa | H2/N2 3 | 7.2e+04 mL/g/h,per g catalyst,31300,False
10.1039/c7sc05343f,"Fig. 1a, 650red, 375 C",Ru/La0.5Ce0.5O1.75_650red,pre-reduced at 650 °C,Ru,5,False,375,1,3,,False,,,51000,1.02e+06,False,plot,~,,steady_thermal_catalytic,0.00305079,,0.0516631,-1.17638,0,0.497592,21.8807,18.8268,22.1701,21.6665,23.8004,450,430,2.44918,primary: outlet NH3 assumed (median),Fig. 1a,10.1039/c7sc05343f | 375 C | 1 MPa | H2/N2 3 | SV not given,per g catalyst,51000,False
10.1039/c7sc05343f,"Fig. 1a, 650red, 400 C",Ru/La0.5Ce0.5O1.75_650red,pre-reduced at 650 °C,Ru,5,False,400,1,3,,False,,,64000,1.28e+06,False,plot,~,,steady_thermal_catalytic,0.00305079,,0.0373265,-1.20063,0,0.236895,21.7315,18.782,22.0512,21.5304,25.4276,450,430,2.28675,primary: outlet NH3 assumed (median),Fig. 1a,10.1039/c7sc05343f | 400 C | 1 MPa | H2/N2 3 | SV not given,per g catalyst,64000,False
10.1039/c7sc05343f,"Fig. 1a, 800red, 300 C",Ru/La0.5Ce0.5O1.75_800red,pre-reduced at 800 °C,Ru,5,False,300,1,3,,False,,,7000,140000,False,plot,~,,steady_thermal_catalytic,0.00305079,,0.144217,-1.115,0.465395,3.02732,20.5059,17.4253,20.6686,20.3548,20.2254,450,370,2.02649,primary: outlet NH3 assumed (median),Fig. 1a,10.1039/c7sc05343f | 300 C | 1 MPa | H2/N2 3 | SV not given,per g catalyst,7000,False
10.1039/c7sc05343f,"Fig. 1a, 800red, 325 C",Ru/La0.5Ce0.5O1.75_800red,pre-reduced at 800 °C,Ru,5,False,325,1,3,,False,,,13000,260000,False,plot,~,,steady_thermal_catalytic,0.00305079,,0.10208,-1.1,0.0782348,1.32202,22.4706,19.0233,22.6055,22.2902,21.7775,450,220,2.87711,primary: outlet NH3 assumed (median),Fig. 1a,10.1039/c7sc05343f | 325 C | 1 MPa | H2/N2 3 | SV not given,per g catalyst,13000,False
10.1039/c7sc05343f,"Table 1, 800red, 350 C",Ru/La0.5Ce0.5O1.75_800red,pre-reduced at 800 °C,Ru,5,False,350,1,3,72000,True,,,20600,412000,False,mixed,=,,steady_thermal_catalytic,0.00641289,rate / WHSV (WHSV of the paper's comparison),0.0723434,-1.09,0.287034,2.10513,21.6223,18.2982,21.7608,21.4963,20.8814,450,220,2.77037,primary,Table 1,10.1039/c7sc05343f | 350 C | 1 MPa | H2/N2 3 | 7.2e+04 mL/g/h,per g catalyst,20600,False
10.1039/c7sc05343f,"Fig. 1a, 800red, 375 C",Ru/La0.5Ce0.5O1.75_800red,pre-reduced at 800 °C,Ru,5,False,375,1,3,,False,,,34000,680000,False,plot,~,,steady_thermal_catalytic,0.00305079,,0.0516631,-1.19206,0,0.331728,21.7703,18.7909,22.0804,21.5658,24.6859,450,430,2.32899,primary: outlet NH3 assumed (median),Fig. 1a,10.1039/c7sc05343f | 375 C | 1 MPa | H2/N2 3 | SV not given,per g catalyst,34000,False
10.1039/c7sc05343f,"Fig. 1a, 800red, 400 C",Ru/La0.5Ce0.5O1.75_800red,pre-reduced at 800 °C,Ru,5,False,400,1,3,,False,,,45000,900000,False,plot,~,,steady_thermal_catalytic,0.00305079,,0.0373265,-1.21118,0,0.166567,21.7065,18.7829,22.0237,21.5076,26.2248,450,430,2.25953,primary: outlet NH3 assumed (median),Fig. 1a,10.1039/c7sc05343f | 400 C | 1 MPa | H2/N2 3 | SV not given,per g catalyst,45000,False
10.1039/c7sc05343f,"Fig. 1b/text, Ru/La2O3_500red",Ru/La2O3_500red,pre-reduced at 500 °C; optimal pre-reduction temperature for this catalyst,Ru,5,False,350,1,3,72000,False,72000 NmL h-1 g-1,,10800,216000,False,mixed,=,,steady_thermal_catalytic,0.0033621,rate / WHSV,0.0723434,-1.19397,0,0.367525,21.7602,18.7881,22.0725,21.5566,24.4505,450,430,2.31796,primary,Fig. 1b and p. 2 text,10.1039/c7sc05343f | 350 C | 1 MPa | H2/N2 3 | 7.2e+04 mL/g/h,per g catalyst,10800,False
10.1039/c7sc05343f,"Fig. 1b/text, Ru/CeO2_650red",Ru/CeO2_650red,pre-reduced at 650 °C; optimal pre-reduction temperature for this catalyst,Ru,5,False,350,1,3,72000,False,72000 NmL h-1 g-1,,17200,344000,False,mixed,=,,steady_thermal_catalytic,0.00535446,rate / WHSV,0.0723434,-1.09,0.0630552,1.27913,22.6491,19.2032,22.7834,22.5519,21.8495,450,220,2.14725,primary,Fig. 1b and p. 2 text,10.1039/c7sc05343f | 350 C | 1 MPa | H2/N2 3 | 7.2e+04 mL/g/h,per g catalyst,17200,False
10.1039/c7sc05343f,"Fig. 1b/text, Ru/Pr2O3_500red",Ru/Pr2O3_500red,pre-reduced at 500 °C; optimal pre-reduction temperature for this catalyst,Ru,5,False,350,1,3,72000,True,,,15700,314000,False,mixed,=,,steady_thermal_catalytic,0.0048875,rate / WHSV (WHSV of the paper's comparison),0.0723434,-1.13382,0,0.997057,22.3329,19.0514,22.6233,22.1339,22.3464,450,430,2.26106,primary,Fig. 1b and p. 2 text,10.1039/c7sc05343f | 350 C | 1 MPa | H2/N2 3 | 7.2e+04 mL/g/h,per g catalyst,15700,False
10.1039/c7sc05343f,"Fig. 1b/Fig. 1d, Cs+/Ru/MgO_500red, 1.0 MPa",Cs+/Ru/MgO_500red,pre-reduced at 500 °C; benchmark catalyst,Ru,5,False,350,1,3,72000,True,,,4100,82000,False,mixed,=,,steady_thermal_catalytic,0.00127635,rate / WHSV (WHSV of the paper's comparison),0.0723434,-1.23301,0,0.0349372,21.7426,18.8328,22.0652,21.5405,30.1037,450,430,2.29882,primary,Fig. 1b and p. 2 text,10.1039/c7sc05343f | 350 C | 1 MPa | H2/N2 3 | 7.2e+04 mL/g/h,per g catalyst,4100,False
10.1039/c7sc05343f,"Fig. 1d/text, Ru/La0.5Ce0.5O1.75_650red, 0.1 MPa",Ru/La0.5Ce0.5O1.75_650red,pre-reduced at 650 °C,Ru,5,False,350,0.1,3,2.88e+06,False,2880 NL h-1 g-1,,13400,268000,False,mixed,=,,steady_thermal_catalytic,0.000104287,rate / WHSV,0.00826824,-1.13199,0,1.06319,22.3588,19.0656,22.6448,22.1575,22.2163,450,430,2.28924,primary,Fig. 1d and p. 3 text,10.1039/c7sc05343f | 350 C | 0.1 MPa | H2/N2 3 | 2.88e+06 mL/g/h,per g catalyst,13400,False
10.1039/c7sc05343f,"Fig. 1d, Ru/La0.5Ce0.5O1.75_650red, 0.5 MPa",Ru/La0.5Ce0.5O1.75_650red,pre-reduced at 650 °C,Ru,5,False,350,0.5,3,,False,,,24000,480000,False,plot,~,,steady_thermal_catalytic,0.00305079,,0.0388323,-1.065,0.213789,2.1839,22.2916,18.8705,22.4567,22.1871,20.8139,450,220,2.66387,primary: outlet NH3 assumed (median),Fig. 1d,10.1039/c7sc05343f | 350 C | 0.5 MPa | H2/N2 3 | SV not given,per g catalyst,24000,False
10.1039/c7sc05343f,"Fig. 1d/text, Ru/La0.5Ce0.5O1.75_650red, 3.0 MPa",Ru/La0.5Ce0.5O1.75_650red,pre-reduced at 650 °C,Ru,5,False,350,3,3,72000,False,72000 NmL h-1 g-1,,44400,888000,False,mixed,=,50 h,steady_thermal_catalytic,0.013822,rate / WHSV,0.172638,-1.14,0.60823,4.07159,19.657,16.7922,19.8412,19.5344,19.7139,450,330,1.88742,primary,Fig. 1d and p. 3 text,10.1039/c7sc05343f | 350 C | 3 MPa | H2/N2 3 | 7.2e+04 mL/g/h,per g catalyst,44400,False
10.1039/c7sc05343f,"Fig. 1d, Cs+/Ru/MgO_500red, 0.1 MPa",Cs+/Ru/MgO_500red,pre-reduced at 500 °C; benchmark catalyst,Ru,5,False,350,0.1,3,288000,False,288 NL h-1 g-1,,7810,156200,False,SI,=,,steady_thermal_catalytic,0.000607824,rate / WHSV,0.00826824,-1.11361,0,1.66017,22.6395,19.2315,22.8008,22.435,21.3275,450,410,2.23826,primary,Fig. 1d,10.1039/c7sc05343f | 350 C | 0.1 MPa | H2/N2 3 | 2.88e+05 mL/g/h,per g catalyst,7810,False
10.1039/c7sc05343f,"Fig. 1d, Cs+/Ru/MgO_500red, 0.5 MPa",Cs+/Ru/MgO_500red,pre-reduced at 500 °C; benchmark catalyst,Ru,5,False,350,0.5,3,,False,,,4000,80000,False,plot,~,,steady_thermal_catalytic,0.00305079,,0.0388323,-1.18917,0,0.363983,21.7865,18.7954,22.0933,21.5806,24.4717,450,430,2.34663,primary: outlet NH3 assumed (median),Fig. 1d,10.1039/c7sc05343f | 350 C | 0.5 MPa | H2/N2 3 | SV not given,per g catalyst,4000,False
10.1039/c7sc05343f,"Fig. 1d, Cs+/Ru/MgO_500red, 3.0 MPa",Cs+/Ru/MgO_500red,pre-reduced at 500 °C; benchmark catalyst,Ru,5,False,350,3,3,72000,True,,,6000,120000,False,plot,~,,steady_thermal_catalytic,0.00186783,rate / WHSV (WHSV of the paper's comparison),0.172638,-1.26265,0,0.02031,22.0573,19.0527,22.4274,21.8277,31.5872,450,430,2.64162,primary,Fig. 1d,10.1039/c7sc05343f | 350 C | 3 MPa | H2/N2 3 | 7.2e+04 mL/g/h,per g catalyst,6000,False
10.1039/c8cc07130f,"Fig. 1A, Co/CeO2, 360 C",Co/CeO2,conventional Co/CeO2 catalyst,Co,18.4,False,360,1,3,,False,70000 h-1,,1200,,False,plot,~,,steady_thermal_catalytic,0.00305079,,0.0631531,-0.690945,0,56731.7,24.246,,27.0265,22.2138,18.0451,450,105,70.4258,primary: outlet NH3 assumed (median),Figure 1A,10.1039/c8cc07130f | 360 C | 1 MPa | H2/N2 3 | SV not given,per g catalyst,1200,False
10.1039/c8cc07130f,"Fig. 1A, Co/CeO2, 380 C",Co/CeO2,conventional Co/CeO2 catalyst,Co,18.4,False,380,1,3,,False,70000 h-1,,2000,,False,plot,~,,steady_thermal_catalytic,0.00305079,,0.0483619,-0.659694,0,22261.7,26.714,,35.1655,23.6697,19.8412,450,115,85.4323,primary: outlet NH3 assumed (median),Figure 1A,10.1039/c8cc07130f | 380 C | 1 MPa | H2/N2 3 | SV not given,per g catalyst,2000,False
10.1039/c8cc07130f,"Fig. 1A/B, Co/CeO2, 400 C",Co/CeO2,conventional Co/CeO2 catalyst,Co,18.4,False,400,1,3,,False,70000 h-1,,2800,,False,plot,~,,steady_thermal_catalytic,0.00305079,,0.0373265,-0.624874,0,8195.68,36.6279,,,25.7041,22.4936,450,265,89.9,primary: outlet NH3 assumed (median),Figure 1A and Figure 1B,10.1039/c8cc07130f | 400 C | 1 MPa | H2/N2 3 | SV not given,per g catalyst,2800,False
10.1039/c8cc07130f,"Text/Fig. 1A, Co/CeO2, 425 C",Co/CeO2,conventional Co/CeO2 catalyst,Co,18.4,False,425,1,3,,False,70000 h-1,,3810,,False,mixed,=,,steady_thermal_catalytic,0.00305079,,0.0273427,-0.580973,0,2414.16,,,,38.5717,,,,,primary: outlet NH3 assumed (median); infeasible within bed limit,Figure 1A and text,,,,
10.1039/c8cc07130f,"Fig. 1A, Co/CeO2-D-400, 360 C",Co/CeO2-D-400,dopamine-mediated Co/CeO2; D-400 denotes N2 treatment temperature 400 °C,Co,,False,360,1,3,,False,70000 h-1,,4500,,False,plot,~,,steady_thermal_catalytic,,,,,,,,,,,,,,,outside: metal content not given,Figure 1A,,,,
10.1039/c8cc07130f,"Fig. 1A, Co/CeO2-D-400, 380 C",Co/CeO2-D-400,dopamine-mediated Co/CeO2; D-400 denotes N2 treatment temperature 400 °C,Co,,False,380,1,3,,False,70000 h-1,,6000,,False,plot,~,,steady_thermal_catalytic,,,,,,,,,,,,,,,outside: metal content not given,Figure 1A,,,,
10.1039/c8cc07130f,"Fig. 1A/B, Co/CeO2-D-400, 400 C",Co/CeO2-D-400,dopamine-mediated Co/CeO2; D-400 denotes N2 treatment temperature 400 °C,Co,,False,400,1,3,,False,70000 h-1,,8000,,False,plot,~,,steady_thermal_catalytic,,,,,,,,,,,,,,,outside: metal content not given,Figure 1A and Figure 1B,,,,
10.1039/c8cc07130f,"Text/Fig. 1A, Co/CeO2-D-400, 425 C",Co/CeO2-D-400,dopamine-mediated Co/CeO2; D-400 denotes N2 treatment temperature 400 °C,Co,,False,425,1,3,,False,70000 h-1,,11310,,False,mixed,=,,steady_thermal_catalytic,,,,,,,,,,,,,,,outside: metal content not given,Figure 1A and text,,,,
10.1039/c8cc07130f,"Fig. 1A, Co/CeO2-D-500, 360 C",Co/CeO2-D-500,dopamine-mediated Co/CeO2; D-500 denotes N2 treatment temperature 500 °C,Co,,False,360,1,3,,False,70000 h-1,,6500,,False,plot,~,,steady_thermal_catalytic,,,,,,,,,,,,,,,outside: metal content not given,Figure 1A,,,,
10.1039/c8cc07130f,"Fig. 1A, Co/CeO2-D-500, 380 C",Co/CeO2-D-500,dopamine-mediated Co/CeO2; D-500 denotes N2 treatment temperature 500 °C,Co,,False,380,1,3,,False,70000 h-1,,8500,,False,plot,~,,steady_thermal_catalytic,,,,,,,,,,,,,,,outside: metal content not given,Figure 1A,,,,
10.1039/c8cc07130f,"Fig. 1A/B, Co/CeO2-D-500, 400 C",Co/CeO2-D-500,dopamine-mediated Co/CeO2; D-500 denotes N2 treatment temperature 500 °C,Co,,False,400,1,3,,False,70000 h-1,,12000,,False,plot,~,,steady_thermal_catalytic,,,,,,,,,,,,,,,outside: metal content not given,Figure 1A and Figure 1B,,,,
10.1039/c8cc07130f,"Text/Fig. 1A, Co/CeO2-D-500, 425 C",Co/CeO2-D-500,dopamine-mediated Co/CeO2; D-500 denotes N2 treatment temperature 500 °C,Co,,False,425,1,3,,False,70000 h-1,,19120,,False,mixed,=,,steady_thermal_catalytic,,,,,,,,,,,,,,,outside: metal content not given,Figure 1A and text,,,,
10.1039/c8cc07130f,"Fig. 1A, Co/CeO2-D-600, 360 C",Co/CeO2-D-600,dopamine-mediated Co/CeO2; D-600 denotes N2 treatment temperature 600 °C,Co,,False,360,1,3,,False,70000 h-1,,3500,,False,plot,~,,steady_thermal_catalytic,,,,,,,,,,,,,,,outside: metal content not given,Figure 1A,,,,
10.1039/c8cc07130f,"Fig. 1A, Co/CeO2-D-600, 380 C",Co/CeO2-D-600,dopamine-mediated Co/CeO2; D-600 denotes N2 treatment temperature 600 °C,Co,,False,380,1,3,,False,70000 h-1,,5000,,False,plot,~,,steady_thermal_catalytic,,,,,,,,,,,,,,,outside: metal content not given,Figure 1A,,,,
10.1039/c8cc07130f,"Fig. 1A/B, Co/CeO2-D-600, 400 C",Co/CeO2-D-600,dopamine-mediated Co/CeO2; D-600 denotes N2 treatment temperature 600 °C,Co,,False,400,1,3,,False,70000 h-1,,7000,,False,plot,~,,steady_thermal_catalytic,,,,,,,,,,,,,,,outside: metal content not given,Figure 1A and Figure 1B,,,,
10.1039/c8cc07130f,"Text/Fig. 1A, Co/CeO2-D-600, 425 C",Co/CeO2-D-600,dopamine-mediated Co/CeO2; D-600 denotes N2 treatment temperature 600 °C,Co,,False,425,1,3,,False,70000 h-1,,9760,,False,mixed,=,,steady_thermal_catalytic,,,,,,,,,,,,,,,outside: metal content not given,Figure 1A and text,,,,
10.1039/c8cc07130f,"Text/Fig. 1C, Co/CeO2 stability, 45 h",Co/CeO2,conventional Co/CeO2 catalyst,Co,,False,425,1,3,,False,70000 h-1,,3140,,False,mixed,=,45 h,steady_thermal_catalytic,,,,,,,,,,,,,,,outside: metal content not given,Figure 1C and text,,,,
10.1039/c8cc07130f,"Fig. 1C, Co/CeO2-D-500 stability, 50 h",Co/CeO2-D-500,dopamine-mediated Co/CeO2; D-500 denotes N2 treatment temperature 500 °C,Co,,False,425,1,3,,False,70000 h-1,,19000,,False,plot,~,50 h,steady_thermal_catalytic,,,,,,,,,,,,,,,outside: metal content not given,Figure 1C,,,,
10.1039/c8qi01244j,"Text p4, 425 C, Ru@CeO2-7",Ru@CeO2-7,Core–shell Ru@CeO2 nanospheres; CSs-7 template; calcined at 450 °C for 6 h; average diameter around 95 nm; reduced in 10% H2/Ar at 450 °C for 4 h before activity test.,Ru,2.42,False,425,1,3,,False,60000 h−1,,10341,427314,False,text,=,,steady_thermal_catalytic,0.00305079,,0.0273427,-1.25272,0,0.0332398,22.2778,19.7416,22.8607,21.8462,30.556,450,430,5.12044,primary: outlet NH3 assumed (median),"Text on page 4, paragraph discussing Fig. 4A",10.1039/c8qi01244j | 425 C | 1 MPa | H2/N2 3 | SV not given,per g catalyst,10341,False
10.1039/c8qi01244j,"Text p4, 425 C, Ru@CeO2-9",Ru@CeO2-9,Core–shell Ru@CeO2 nanospheres; CSs-9 template; calcined at 450 °C for 6 h; average diameter around 225 nm; reduced in 10% H2/Ar at 450 °C for 4 h before activity test.,Ru,2.48,False,425,1,3,,False,60000 h−1,,13504,544516,False,text,=,,steady_thermal_catalytic,0.00305079,,0.0273427,-1.2465,0,0.0423567,22.1809,19.6501,22.7387,21.7722,29.9226,450,430,4.84522,primary: outlet NH3 assumed (median),"Text on page 4, paragraph discussing Fig. 4A",10.1039/c8qi01244j | 425 C | 1 MPa | H2/N2 3 | SV not given,per g catalyst,13504,False
10.1039/c8qi01244j,"Text p4, 425 C, Ru@CeO2-11",Ru@CeO2-11,Core–shell Ru@CeO2 nanospheres; CSs-11 template; calcined at 450 °C for 6 h; average diameter around 150 nm; reduced in 10% H2/Ar at 450 °C for 4 h before activity test.,Ru,2.5,False,425,1,3,,False,60000 h−1,,9697,387880,False,text,=,,steady_thermal_catalytic,0.00305079,,0.0273427,-1.2552,0,0.0301724,22.291,19.7299,22.8675,21.8673,30.7983,450,430,5.02505,primary: outlet NH3 assumed (median),"Text on page 4, paragraph discussing Fig. 4A",10.1039/c8qi01244j | 425 C | 1 MPa | H2/N2 3 | SV not given,per g catalyst,9697,False
10.1039/c8qi01244j,"Text p4, 425 C, Ru/CeO2-CP",Ru/CeO2-CP,Ru/CeO2-CP synthesized by co-precipitation; nominal 3 wt% Ru against CeO2; calcined at 450 °C for 6 h; reduced in 10% H2/Ar at 450 °C for 4 h before activity test.,Ru,2.48,False,425,1,3,,False,60000 h−1,,7860,316935,False,text,=,,steady_thermal_catalytic,0.00305079,,0.0273427,-1.2604,0,0.0246537,22.3874,19.8069,22.983,21.9461,31.3677,450,430,5.23842,primary: outlet NH3 assumed (median),"Text on page 4, paragraph discussing Fig. 4A",10.1039/c8qi01244j | 425 C | 1 MPa | H2/N2 3 | SV not given,per g catalyst,7860,False
10.1039/c8qi01244j,Table 2 row Ru@CeO2-7,Ru@CeO2-7,Core–shell Ru@CeO2 nanospheres; CSs-7 template; calcined at 450 °C for 6 h; average diameter around 95 nm; reduced in 10% H2/Ar at 450 °C for 4 h before activity test.,Ru,2.42,False,425,1,3,,False,60000 h−1,,5700,235537,False,table,=,,steady_thermal_catalytic,0.00305079,,0.0273427,-1.26812,0,0.0183219,22.5769,19.9632,23.2126,22.0972,32.2839,450,430,5.70011,primary: outlet NH3 assumed (median),Table 2,,,,
10.1039/c8qi01244j,Table 2 row Ru@CeO2-9,Ru@CeO2-9,Core–shell Ru@CeO2 nanospheres; CSs-9 template; calcined at 450 °C for 6 h; average diameter around 225 nm; reduced in 10% H2/Ar at 450 °C for 4 h before activity test.,Ru,2.48,False,425,1,3,,False,60000 h−1,,8500,342742,False,table,=,,steady_thermal_catalytic,0.00305079,,0.0273427,-1.25839,0,0.0266612,22.3512,19.7801,22.9404,21.9156,31.145,450,430,5.16938,primary: outlet NH3 assumed (median),Table 2,,,,
10.1039/c8qi01244j,Table 2 row Ru@CeO2-11,Ru@CeO2-11,Core–shell Ru@CeO2 nanospheres; CSs-11 template; calcined at 450 °C for 6 h; average diameter around 150 nm; reduced in 10% H2/Ar at 450 °C for 4 h before activity test.,Ru,2.5,False,425,1,3,,False,60000 h−1,,3900,156000,False,table,=,,steady_thermal_catalytic,0.00305079,,0.0273427,-1.27908,0,0.0121349,22.8554,20.1424,23.552,22.3622,33.6494,450,430,4.91021,primary: outlet NH3 assumed (median),Table 2,,,,
10.1039/c8qi01244j,Table 2 row Ru/CeO2-CP,Ru/CeO2-CP,Ru/CeO2-CP synthesized by co-precipitation; nominal 3 wt% Ru against CeO2; calcined at 450 °C for 6 h; reduced in 10% H2/Ar at 450 °C for 4 h before activity test.,Ru,2.48,False,425,1,3,,False,60000 h−1,,4000,161290,False,table,=,,steady_thermal_catalytic,0.00305079,,0.0273427,-1.27818,0,0.0125464,22.8328,20.139,23.5273,22.339,33.5391,450,430,4.89631,primary: outlet NH3 assumed (median),Table 2,,,,
10.1039/c9ra03097b,"Table 1, Ba–Ru/N-MC, 400 C",Ba–Ru/N-MC,Ba–Ru/N-MC prepared by impregnation of barium nitrate and RuCl3·xH2O on N-MC; reduced under pure H2 at 400 C for 4 h.,Ru,4.07,False,400,10,3,,False,10000 h-1,,27000,663391,False,table,=,,steady_thermal_catalytic,0.00305079,,0.235441,-1.31184,0,0.00613587,24.2518,20.2879,24.9123,23.8413,36.0149,450,525,3.57115,primary: outlet NH3 assumed (median),Table 1,10.1039/c9ra03097b | 400 C | 10 MPa | H2/N2 3 | SV not given,per g catalyst,27000,False
10.1039/c9ra03097b,"Table 1, Ba/Ru–N-MC, 400 C",Ba/Ru–N-MC,Ru–N-MC prepared by co-impregnation/carbonization of sucrose and urea into RuCl3/SiO2 template; Ba introduced by Ba(NO3)2 impregnation; reduced under pure H2 at 400 C for 4 h.,Ru,3.75,False,400,10,3,,False,10000 h-1,,79000,2.10667e+06,False,table,=,,steady_thermal_catalytic,0.00305079,,0.235441,-1.28631,0,0.0194851,22.8556,19.6989,23.3724,22.4788,31.8263,450,430,4.45611,primary: outlet NH3 assumed (median),Table 1,10.1039/c9ra03097b | 400 C | 10 MPa | H2/N2 3 | SV not given,per g catalyst,79000,False
10.1039/c9ra03097b,"Fig 2a, Ba/Ru–N-MC, 425 C, 0 h",Ba/Ru–N-MC,Ru–N-MC co-doped support followed by Ba(NO3)2 impregnation and H2 reduction at 400 C for 4 h.,Ru,3.75,False,425,10,3,,False,10000 h-1,,112000,2.98667e+06,False,plot,~,0 h,steady_thermal_catalytic,0.00305079,,0.189743,-1.30045,0,0.00936566,23.5299,20.0331,24.1694,23.1229,34.2764,450,430,4.52435,primary: outlet NH3 assumed (median),Figure 2a,,,,
10.1039/c9ra03097b,"Fig 2a, Ba/Ru–N-MC, 425 C, 5 h",Ba/Ru–N-MC,Ru–N-MC co-doped support followed by Ba(NO3)2 impregnation and H2 reduction at 400 C for 4 h.,Ru,3.75,False,425,10,3,,False,10000 h-1,,113000,3.01333e+06,False,plot,~,5 h,steady_thermal_catalytic,0.00305079,,0.189743,-1.30025,0,0.00944928,23.5178,20.0272,24.1548,23.1112,34.2436,450,430,4.50757,primary: outlet NH3 assumed (median),Figure 2a,,,,
10.1039/c9ra03097b,"Fig 2a, Ba/Ru–N-MC, 425 C, 10 h",Ba/Ru–N-MC,Ru–N-MC co-doped support followed by Ba(NO3)2 impregnation and H2 reduction at 400 C for 4 h.,Ru,3.75,False,425,10,3,,False,10000 h-1,,113000,3.01333e+06,False,plot,~,10 h,steady_thermal_catalytic,0.00305079,,0.189743,-1.30025,0,0.00944928,23.5178,20.0272,24.1548,23.1112,34.2436,450,430,4.50757,primary: outlet NH3 assumed (median),Figure 2a,,,,
10.1039/c9ra03097b,"Fig 2a, Ba/Ru–N-MC, 425 C, 15 h",Ba/Ru–N-MC,Ru–N-MC co-doped support followed by Ba(NO3)2 impregnation and H2 reduction at 400 C for 4 h.,Ru,3.75,False,425,10,3,,False,10000 h-1,,112000,2.98667e+06,False,plot,~,15 h,steady_thermal_catalytic,0.00305079,,0.189743,-1.30045,0,0.00936566,23.5299,20.0331,24.1694,23.1229,34.2764,450,430,4.52435,primary: outlet NH3 assumed (median),Figure 2a,,,,
10.1039/c9ra03097b,"Fig 2a, Ba/Ru–N-MC, 425 C, 20 h",Ba/Ru–N-MC,Ru–N-MC co-doped support followed by Ba(NO3)2 impregnation and H2 reduction at 400 C for 4 h.,Ru,3.75,False,425,10,3,,False,10000 h-1,,113000,3.01333e+06,False,plot,~,20 h,steady_thermal_catalytic,0.00305079,,0.189743,-1.30025,0,0.00944928,23.5178,20.0272,24.1548,23.1112,34.2436,450,430,4.50757,primary: outlet NH3 assumed (median),Figure 2a,,,,
10.1039/c9ra03097b,"Fig 2a, Ba/Ru–N-MC, 425 C, 25 h",Ba/Ru–N-MC,Ru–N-MC co-doped support followed by Ba(NO3)2 impregnation and H2 reduction at 400 C for 4 h.,Ru,3.75,False,425,10,3,,False,10000 h-1,,112000,2.98667e+06,False,plot,~,25 h,steady_thermal_catalytic,0.00305079,,0.189743,-1.30045,0,0.00936566,23.5299,20.0331,24.1694,23.1229,34.2764,450,430,4.52435,primary: outlet NH3 assumed (median),Figure 2a,,,,
10.1039/c9ra03097b,"Fig 2a, Ba/Ru–N-MC, 425 C, 30 h",Ba/Ru–N-MC,Ru–N-MC co-doped support followed by Ba(NO3)2 impregnation and H2 reduction at 400 C for 4 h.,Ru,3.75,False,425,10,3,,False,10000 h-1,,113000,3.01333e+06,False,plot,~,30 h,steady_thermal_catalytic,0.00305079,,0.189743,-1.30025,0,0.00944928,23.5178,20.0272,24.1548,23.1112,34.2436,450,430,4.50757,primary: outlet NH3 assumed (median),Figure 2a,,,,
10.1039/c9ra03097b,"Fig 2a, Ba/Ru–N-MC, 425 C, 35 h",Ba/Ru–N-MC,Ru–N-MC co-doped support followed by Ba(NO3)2 impregnation and H2 reduction at 400 C for 4 h.,Ru,3.75,False,425,10,3,,False,10000 h-1,,113000,3.01333e+06,False,plot,~,35 h,steady_thermal_catalytic,0.00305079,,0.189743,-1.30025,0,0.00944928,23.5178,20.0272,24.1548,23.1112,34.2436,450,430,4.50757,primary: outlet NH3 assumed (median),Figure 2a,10.1039/c9ra03097b | 425 C | 10 MPa | H2/N2 3 | SV not given,per g catalyst,113000,False
10.1039/c9ra03097b,"Fig 2a, Ba/Ru-MC, 425 C, 0 h",Ba/Ru-MC,Ru-MC prepared similarly to Ru–N-MC but without urea; Ba introduced by Ba(NO3)2 impregnation and reduced under pure H2 at 400 C for 4 h.,Ru,4.21,False,425,10,3,,False,10000 h-1,,96000,2.28029e+06,False,plot,~,0 h,steady_thermal_catalytic,0.00305079,,0.189743,-1.30654,0,0.00715057,23.8489,20.0579,24.4769,23.467,35.2583,450,430,4.51904,primary: outlet NH3 assumed (median),Figure 2a,,,,
10.1039/c9ra03097b,"Fig 2a, Ba/Ru-MC, 425 C, 5 h",Ba/Ru-MC,Ru-MC prepared similarly to Ru–N-MC but without urea; Ba introduced by Ba(NO3)2 impregnation and reduced under pure H2 at 400 C for 4 h.,Ru,4.21,False,425,10,3,,False,10000 h-1,,96000,2.28029e+06,False,plot,~,5 h,steady_thermal_catalytic,0.00305079,,0.189743,-1.30654,0,0.00715057,23.8489,20.0579,24.4769,23.467,35.2583,450,430,4.51904,primary: outlet NH3 assumed (median),Figure 2a,,,,
10.1039/c9ra03097b,"Fig 2a, Ba/Ru-MC, 425 C, 10 h",Ba/Ru-MC,Ru-MC prepared similarly to Ru–N-MC but without urea; Ba introduced by Ba(NO3)2 impregnation and reduced under pure H2 at 400 C for 4 h.,Ru,4.21,False,425,10,3,,False,10000 h-1,,95000,2.25653e+06,False,plot,~,10 h,steady_thermal_catalytic,0.00305079,,0.189743,-1.30677,0,0.00707609,23.8657,20.0654,24.4951,23.482,35.3045,450,430,4.54018,primary: outlet NH3 assumed (median),Figure 2a,,,,
10.1039/c9ra03097b,"Fig 2a, Ba/Ru-MC, 425 C, 15 h",Ba/Ru-MC,Ru-MC prepared similarly to Ru–N-MC but without urea; Ba introduced by Ba(NO3)2 impregnation and reduced under pure H2 at 400 C for 4 h.,Ru,4.21,False,425,10,3,,False,10000 h-1,,95000,2.25653e+06,False,plot,~,15 h,steady_thermal_catalytic,0.00305079,,0.189743,-1.30677,0,0.00707609,23.8657,20.0654,24.4951,23.482,35.3045,450,430,4.54018,primary: outlet NH3 assumed (median),Figure 2a,,,,
10.1039/c9ra03097b,"Fig 2a, Ba/Ru-MC, 425 C, 20 h",Ba/Ru-MC,Ru-MC prepared similarly to Ru–N-MC but without urea; Ba introduced by Ba(NO3)2 impregnation and reduced under pure H2 at 400 C for 4 h.,Ru,4.21,False,425,10,3,,False,10000 h-1,,96000,2.28029e+06,False,plot,~,20 h,steady_thermal_catalytic,0.00305079,,0.189743,-1.30654,0,0.00715057,23.8489,20.0579,24.4769,23.467,35.2583,450,430,4.51904,primary: outlet NH3 assumed (median),Figure 2a,,,,
10.1039/c9ra03097b,"Fig 2a, Ba/Ru-MC, 425 C, 25 h",Ba/Ru-MC,Ru-MC prepared similarly to Ru–N-MC but without urea; Ba introduced by Ba(NO3)2 impregnation and reduced under pure H2 at 400 C for 4 h.,Ru,4.21,False,425,10,3,,False,10000 h-1,,95000,2.25653e+06,False,plot,~,25 h,steady_thermal_catalytic,0.00305079,,0.189743,-1.30677,0,0.00707609,23.8657,20.0654,24.4951,23.482,35.3045,450,430,4.54018,primary: outlet NH3 assumed (median),Figure 2a,,,,
10.1039/c9ra03097b,"Fig 2a, Ba/Ru-MC, 425 C, 30 h",Ba/Ru-MC,Ru-MC prepared similarly to Ru–N-MC but without urea; Ba introduced by Ba(NO3)2 impregnation and reduced under pure H2 at 400 C for 4 h.,Ru,4.21,False,425,10,3,,False,10000 h-1,,96000,2.28029e+06,False,plot,~,30 h,steady_thermal_catalytic,0.00305079,,0.189743,-1.30654,0,0.00715057,23.8489,20.0579,24.4769,23.467,35.2583,450,430,4.51904,primary: outlet NH3 assumed (median),Figure 2a,,,,
10.1039/c9ra03097b,"Fig 2a, Ba/Ru-MC, 425 C, 35 h",Ba/Ru-MC,Ru-MC prepared similarly to Ru–N-MC but without urea; Ba introduced by Ba(NO3)2 impregnation and reduced under pure H2 at 400 C for 4 h.,Ru,4.21,False,425,10,3,,False,10000 h-1,,96000,2.28029e+06,False,plot,~,35 h,steady_thermal_catalytic,0.00305079,,0.189743,-1.30654,0,0.00715057,23.8489,20.0579,24.4769,23.467,35.2583,450,430,4.51904,primary: outlet NH3 assumed (median),Figure 2a,10.1039/c9ra03097b | 425 C | 10 MPa | H2/N2 3 | SV not given,per g catalyst,96000,False
10.1039/c9ra03097b,"Fig 2a, Ba–Ru/N-MC, 425 C, 0 h",Ba–Ru/N-MC,Ba and Ru impregnated on N-MC; reduced under pure H2 at 400 C for 4 h.,Ru,4.07,False,425,10,3,,False,10000 h-1,,42000,1.03194e+06,False,plot,~,0 h,steady_thermal_catalytic,0.00305079,,0.189743,-1.32433,0,0.00323599,25.1887,20.8378,26.0325,24.6738,39.8007,450,565,4.01398,primary: outlet NH3 assumed (median),Figure 2a,,,,
10.1039/c9ra03097b,"Fig 2a, Ba–Ru/N-MC, 425 C, 5 h",Ba–Ru/N-MC,Ba and Ru impregnated on N-MC; reduced under pure H2 at 400 C for 4 h.,Ru,4.07,False,425,10,3,,False,10000 h-1,,42000,1.03194e+06,False,plot,~,5 h,steady_thermal_catalytic,0.00305079,,0.189743,-1.32433,0,0.00323599,25.1887,20.8378,26.0325,24.6738,39.8007,450,565,4.01398,primary: outlet NH3 assumed (median),Figure 2a,,,,
10.1039/c9ra03097b,"Fig 2a, Ba–Ru/N-MC, 425 C, 10 h",Ba–Ru/N-MC,Ba and Ru impregnated on N-MC; reduced under pure H2 at 400 C for 4 h.,Ru,4.07,False,425,10,3,,False,10000 h-1,,42000,1.03194e+06,False,plot,~,10 h,steady_thermal_catalytic,0.00305079,,0.189743,-1.32433,0,0.00323599,25.1887,20.8378,26.0325,24.6738,39.8007,450,565,4.01398,primary: outlet NH3 assumed (median),Figure 2a,,,,
10.1039/c9ra03097b,"Fig 2a, Ba–Ru/N-MC, 425 C, 15 h",Ba–Ru/N-MC,Ba and Ru impregnated on N-MC; reduced under pure H2 at 400 C for 4 h.,Ru,4.07,False,425,10,3,,False,10000 h-1,,42000,1.03194e+06,False,plot,~,15 h,steady_thermal_catalytic,0.00305079,,0.189743,-1.32433,0,0.00323599,25.1887,20.8378,26.0325,24.6738,39.8007,450,565,4.01398,primary: outlet NH3 assumed (median),Figure 2a,,,,
10.1039/c9ra03097b,"Fig 2a, Ba–Ru/N-MC, 425 C, 20 h",Ba–Ru/N-MC,Ba and Ru impregnated on N-MC; reduced under pure H2 at 400 C for 4 h.,Ru,4.07,False,425,10,3,,False,10000 h-1,,43000,1.05651e+06,False,plot,~,20 h,steady_thermal_catalytic,0.00305079,,0.189743,-1.3238,0,0.00331303,25.1432,20.8113,25.9775,24.6339,39.6456,450,560,4.04376,primary: outlet NH3 assumed (median),Figure 2a,,,,
10.1039/c9ra03097b,"Fig 2a, Ba–Ru/N-MC, 425 C, 25 h",Ba–Ru/N-MC,Ba and Ru impregnated on N-MC; reduced under pure H2 at 400 C for 4 h.,Ru,4.07,False,425,10,3,,False,10000 h-1,,42000,1.03194e+06,False,plot,~,25 h,steady_thermal_catalytic,0.00305079,,0.189743,-1.32433,0,0.00323599,25.1887,20.8378,26.0325,24.6738,39.8007,450,565,4.01398,primary: outlet NH3 assumed (median),Figure 2a,,,,
10.1039/c9ra03097b,"Fig 2a, Ba–Ru/N-MC, 425 C, 30 h",Ba–Ru/N-MC,Ba and Ru impregnated on N-MC; reduced under pure H2 at 400 C for 4 h.,Ru,4.07,False,425,10,3,,False,10000 h-1,,42000,1.03194e+06,False,plot,~,30 h,steady_thermal_catalytic,0.00305079,,0.189743,-1.32433,0,0.00323599,25.1887,20.8378,26.0325,24.6738,39.8007,450,565,4.01398,primary: outlet NH3 assumed (median),Figure 2a,,,,
10.1039/c9ra03097b,"Fig 2a, Ba–Ru/N-MC, 425 C, 35 h",Ba–Ru/N-MC,Ba and Ru impregnated on N-MC; reduced under pure H2 at 400 C for 4 h.,Ru,4.07,False,425,10,3,,False,10000 h-1,,42000,1.03194e+06,False,plot,~,35 h,steady_thermal_catalytic,0.00305079,,0.189743,-1.32433,0,0.00323599,25.1887,20.8378,26.0325,24.6738,39.8007,450,565,4.01398,primary: outlet NH3 assumed (median),Figure 2a,10.1039/c9ra03097b | 425 C | 10 MPa | H2/N2 3 | SV not given,per g catalyst,42000,False
10.1039/d0ta05238h,Table 1 row 1,Magnetite based industrial Fe catalyst,Industrial magnetite based Fe catalyst; feed gas not further purified.,Fe,,True,450,1,3,16000,False,16000 mL g−1 h−1,,1700,,False,table,=,,steady_thermal_catalytic,0.00238149,rate / WHSV,0.0203254,-1.49025,0,0.080859,18.4582,,,,18.5627,450,220,42.0511,primary,Table 1,10.1039/d0ta05238h | 450 C | 1 MPa | H2/N2 3 | 1.6e+04 mL/g/h,per g catalyst,1700,False
10.1039/d0ta05238h,Table 1 row 2,Magnetite based industrial Fe catalyst,Industrial magnetite based Fe catalyst; feed gas passed through O2 and H2O traps.,Fe,,True,450,1,3,16000,False,16000 mL g−1 h−1,,5800,,False,table,=,,steady_thermal_catalytic,0.00812507,rate / WHSV,0.0203254,-1.43564,0,0.327845,15.9428,,,,16.0114,450,195,14.7112,primary,Table 1,10.1039/d0ta05238h | 450 C | 1 MPa | H2/N2 3 | 1.6e+04 mL/g/h,per g catalyst,5800,False
10.1039/d0ta05238h,Table 1 row 3,80% magnetite based industrial Fe catalyst-20% Ce0.8Sm0.2O2−δ,Industrial magnetite based Fe catalyst promoted with 20% Ce0.8Sm0.2O2−δ.,Fe,80,True,450,1,3,16000,False,16000 mL g−1 h−1,,4900,6125,False,table,=,,steady_thermal_catalytic,0.00686429,rate / WHSV,0.0203254,-1.44376,0,0.266055,16.1413,,,,16.2239,450,195,17.9559,primary,Table 1,10.1039/d0ta05238h | 450 C | 1 MPa | H2/N2 3 | 1.6e+04 mL/g/h,per g catalyst,4900,False
10.1039/d0ta05238h,Table 1 row 4,80% Fe–20% Ce0.8Sm0.2O2−δ,Ce0.8Sm0.2O2−δ precipitated and fired at 600 °C for 2 h; mechanically mixed with α-Fe2O3; reduced at 600 °C in 60 mL min−1 H2 and 20 mL min−1 N2 for 18 h.,Fe,80,False,450,1,3,16000,False,16000 mL g−1 h−1,,8700,10875,False,mixed,=,,steady_thermal_catalytic,0.0121876,rate / WHSV,0.0203254,-1.4188,0,0.505851,16.317,,17.4739,15.5855,16.3682,450,200,20.1295,primary,Table 1,10.1039/d0ta05238h | 450 C | 1 MPa | H2/N2 3 | 1.6e+04 mL/g/h,per g catalyst,8700,False
10.1039/d0ta05238h,Table 1 row 5,80% Fe–20% Ce0.8Sm0.2O2−δ,Ce0.8Sm0.2O2−δ precipitated and fired at 600 °C for 2 h; mechanically mixed with α-Fe2O3; reduced at 600 °C in 60 mL min−1 H2 and 20 mL min−1 N2 for 18 h; feed gas passed through O2 and H2O traps.,Fe,80,False,450,1,3,16000,False,16000 mL g−1 h−1,,9700,12125,False,table,=,,steady_thermal_catalytic,0.0135885,rate / WHSV,0.0203254,-1.4125,0,0.594618,16.1417,,17.1386,15.5094,16.1829,450,200,17.2756,primary,Table 1,10.1039/d0ta05238h | 450 C | 1 MPa | H2/N2 3 | 1.6e+04 mL/g/h,per g catalyst,9700,False
10.1039/d0ta05238h,Text p7 optimum at 3 MPa,80 wt% Fe–20 wt% SDC,Ce0.8Sm0.2O2−δ precipitated and fired at 600 °C for 2 h; mechanically mixed with α-Fe2O3; reduced at 600 °C in 60 mL min−1 H2 and 20 mL min−1 N2 for 18 h.,Fe,80,False,450,3,3,16000,False,16000 mL g−1 h−1,,12300,15375,False,text,=,,steady_thermal_catalytic,0.0172308,rate / WHSV,0.0565503,-1.45546,0,0.19196,18.13,,21.2057,16.3579,18.2669,450,220,39.0264,primary,Results text: The effect of the Fe to Ce0.8Sm0.2O2−δ ratio on the activity,10.1039/d0ta05238h | 450 C | 3 MPa | H2/N2 3 | 1.6e+04 mL/g/h,per g catalyst,12300,False
10.1039/d0ta05238h,Text p7 10 MPa non-purified,80 wt% Fe–20 wt% SDC,Ce0.8Sm0.2O2−δ precipitated and fired at 600 °C for 2 h; mechanically mixed with α-Fe2O3; reduced at 600 °C in 60 mL min−1 H2 and 20 mL min−1 N2 for 18 h.,Fe,80,False,450,10,3,16000,False,16000 mL g−1 h−1,,28800,36000,False,text,=,,steady_thermal_catalytic,0.0403452,rate / WHSV,0.152213,-1.46946,0,0.120425,19.4467,,23.9086,16.8946,20.0055,450,220,55.6483,primary,Results text: The effect of the Fe to Ce0.8Sm0.2O2−δ ratio on the activity,10.1039/d0ta05238h | 450 C | 10 MPa | H2/N2 3 | 1.6e+04 mL/g/h,per g catalyst,28800,False
10.1039/d0ta05238h,"Fig 4c, 40 mL min−1",80 wt% Fe–20 wt% Ce0.8Sm0.2O2−δ,As in Experimental; reduced at 600 °C in 60 mL min−1 H2 and 20 mL min−1 N2 for 18 h.,Fe,80,False,450,3,3,8000,False,,2.25,7200,9000,False,plot,~,,steady_thermal_catalytic,0.0225,printed outlet,0.0565503,-1.47419,0,0.120082,20.0341,,24.9992,17.1244,20.0186,450,220,62.7139,primary,Figure 4c,10.1039/d0ta05238h | 450 C | 3 MPa | H2/N2 3 | 8e+03 mL/g/h,per g catalyst,7200,False
10.1039/d0ta05238h,"Fig 4c, 60 mL min−1",80 wt% Fe–20 wt% Ce0.8Sm0.2O2−δ,As in Experimental; reduced at 600 °C in 60 mL min−1 H2 and 20 mL min−1 N2 for 18 h.,Fe,80,False,450,3,3,12000,False,,2.18,10400,13000,False,plot,~,,steady_thermal_catalytic,0.0218,printed outlet,0.0565503,-1.46007,0,0.171897,18.5039,,21.9838,16.5152,18.6375,450,220,43.8716,primary,Figure 4c,10.1039/d0ta05238h | 450 C | 3 MPa | H2/N2 3 | 1.2e+04 mL/g/h,per g catalyst,10400,False
10.1039/d0ta05238h,"Fig 4c, 80 mL min−1",80 wt% Fe–20 wt% Ce0.8Sm0.2O2−δ,As in Experimental; reduced at 600 °C in 60 mL min−1 H2 and 20 mL min−1 N2 for 18 h.,Fe,80,False,450,3,3,16000,False,,2.02,12300,15375,False,mixed,=,,steady_thermal_catalytic,0.0202,printed outlet,0.0565503,-1.4542,0,0.199203,18.0363,,21.0117,16.3183,18.1531,450,220,37.7951,primary,Figure 4c,10.1039/d0ta05238h | 450 C | 3 MPa | H2/N2 3 | 1.6e+04 mL/g/h,per g catalyst,12300,False
10.1039/d0ta05238h,"Fig 4c, 100 mL min−1",80 wt% Fe–20 wt% Ce0.8Sm0.2O2−δ,As in Experimental; reduced at 600 °C in 60 mL min−1 H2 and 20 mL min−1 N2 for 18 h.,Fe,80,False,450,3,3,20000,False,,1.8,14100,17625,False,plot,~,,steady_thermal_catalytic,0.018,printed outlet,0.0565503,-1.44981,0,0.222153,17.7319,,20.3871,16.1907,17.8456,450,215,35.7237,primary,Figure 4c,10.1039/d0ta05238h | 450 C | 3 MPa | H2/N2 3 | 2e+04 mL/g/h,per g catalyst,14100,False
10.1039/d0ta05238h,"Fig 4c, 120 mL min−1",80 wt% Fe–20 wt% Ce0.8Sm0.2O2−δ,As in Experimental; reduced at 600 °C in 60 mL min−1 H2 and 20 mL min−1 N2 for 18 h.,Fe,80,False,450,3,3,24000,False,,1.64,15500,19375,False,plot,~,,steady_thermal_catalytic,0.0164,printed outlet,0.0565503,-1.44679,0,0.239448,17.541,,19.9668,16.1089,17.6561,450,215,33.0976,primary,Figure 4c,10.1039/d0ta05238h | 450 C | 3 MPa | H2/N2 3 | 2.4e+04 mL/g/h,per g catalyst,15500,False
10.1039/d0ta05238h,"Fig 9b, 20 mL min−1",80 wt% Fe–20 wt% Ce0.8Sm0.2O2−δ,As in Experimental; high-pressure reactor with thicker wall.,Fe,80,False,500,10,3,4000,False,4000 mL g−1 h−1,8.3,13000,16250,False,mixed,~,,steady_thermal_catalytic,0.083,printed outlet,0.0978143,-1.58412,0,0.010891,,,,60.1479,46.2166,,,,primary; infeasible within bed limit,Figure 9b,,,,
10.1039/d0ta05238h,"Fig 9b, 40 mL min−1",80 wt% Fe–20 wt% Ce0.8Sm0.2O2−δ,As in Experimental; high-pressure reactor with thicker wall.,Fe,80,False,500,10,3,8000,False,,7,22000,27500,False,plot,~,,steady_thermal_catalytic,0.07,printed outlet,0.0978143,-1.56637,0,0.0160707,,,,38.2934,37.6229,,,,primary; infeasible within bed limit,Figure 9b,,,,
10.1039/d0ta05238h,"Fig 9b, 60 mL min−1",80 wt% Fe–20 wt% Ce0.8Sm0.2O2−δ,As in Experimental; high-pressure reactor with thicker wall.,Fe,80,False,500,10,3,12000,False,,6.5,31500,39375,False,plot,~,,steady_thermal_catalytic,0.065,printed outlet,0.0978143,-1.55278,0,0.02189,73.002,,,30.2962,32.61,450,810,89.9521,primary,Figure 9b,10.1039/d0ta05238h | 500 C | 10 MPa | H2/N2 3 | 1.2e+04 mL/g/h,per g catalyst,31500,False
10.1039/d0ta05238h,"Fig 9b, 80 mL min−1",80 wt% Fe–20 wt% Ce0.8Sm0.2O2−δ,As in Experimental; high-pressure reactor with thicker wall.,Fe,80,False,500,10,3,16000,False,16000 mL g−1 h−1,6.2,38520,48150,False,mixed,=,,steady_thermal_catalytic,0.062,printed outlet,0.0978143,-1.5452,0,0.0259957,55.1584,,,27.5102,30.3871,450,665,89.5785,primary,Figure 9b / text page 12,10.1039/d0ta05238h | 500 C | 10 MPa | H2/N2 3 | 1.6e+04 mL/g/h,per g catalyst,38520,False
10.1039/d0ta05238h,"Fig 9b, 100 mL min−1",80 wt% Fe–20 wt% Ce0.8Sm0.2O2−δ,As in Experimental; high-pressure reactor with thicker wall.,Fe,80,False,500,10,3,20000,False,,5.8,45500,56875,False,plot,~,,steady_thermal_catalytic,0.058,printed outlet,0.0978143,-1.53938,0,0.0295515,46.8028,,,25.8326,28.9283,450,575,89.2382,primary,Figure 9b,10.1039/d0ta05238h | 500 C | 10 MPa | H2/N2 3 | 2e+04 mL/g/h,per g catalyst,45500,False
10.1039/d0ta05238h,"Fig 9b, 120 mL min−1",80 wt% Fe–20 wt% Ce0.8Sm0.2O2−δ,As in Experimental; high-pressure reactor with thicker wall.,Fe,80,False,500,10,3,24000,False,,5.5,52000,65000,False,plot,~,,steady_thermal_catalytic,0.055,printed outlet,0.0978143,-1.53462,0,0.0328328,41.7442,,,24.6603,27.8691,450,510,89.4759,primary,Figure 9b,10.1039/d0ta05238h | 500 C | 10 MPa | H2/N2 3 | 2.4e+04 mL/g/h,per g catalyst,52000,False
10.1039/d0ta05238h,"Fig 9b, 140 mL min−1",80 wt% Fe–20 wt% Ce0.8Sm0.2O2−δ,As in Experimental; high-pressure reactor with thicker wall.,Fe,80,False,500,10,3,28000,False,,5.45,60000,75000,False,plot,~,,steady_thermal_catalytic,0.0545,printed outlet,0.0978143,-1.52871,0,0.0377076,37.0196,,84.3651,23.3556,26.6489,450,445,89.1608,primary,Figure 9b,10.1039/d0ta05238h | 500 C | 10 MPa | H2/N2 3 | 2.8e+04 mL/g/h,per g catalyst,60000,False
10.1039/d0ta05238h,"Fig 9b, 160 mL min−1",80 wt% Fe–20 wt% Ce0.8Sm0.2O2−δ,As in Experimental; high-pressure reactor with thicker wall.,Fe,80,False,500,10,3,32000,False,32000 mL g−1 h−1,5.4,68000,85000,False,mixed,=,,steady_thermal_catalytic,0.054,printed outlet,0.0978143,-1.52356,0,0.0425368,33.3912,,66.0393,22.281,25.692,450,395,89.5821,primary,Figure 9b / text page 12,10.1039/d0ta05238h | 500 C | 10 MPa | H2/N2 3 | 3.2e+04 mL/g/h,per g catalyst,68000,False
10.1039/d0ta05238h,Fig 9c Fe-SDC purified,80 wt% Fe–20 wt% Ce0.8Sm0.2O2−δ,Feed gas passed through O2/H2O traps; impurity after traps estimated as 10 ppm.,Fe,80,False,500,10,3,16000,False,16000 mL g−1 h−1,,38520,48150,False,text,=,,steady_thermal_catalytic,0.0539617,rate / WHSV,0.0978143,-1.54763,0,0.0240873,59.8583,,,28.3037,31.327,450,710,89.4305,primary,Text discussing Figure 9c,10.1039/d0ta05238h | 500 C | 10 MPa | H2/N2 3 | 1.6e+04 mL/g/h,per g catalyst,38520,False
10.1039/d0ta05238h,Fig 9c Fe-SDC zero grade,80 wt% Fe–20 wt% Ce0.8Sm0.2O2−δ,Zero grade feed gas without further purification.,Fe,80,False,500,10,3,16000,False,16000 mL g−1 h−1,,38070,47587.5,False,text,=,,steady_thermal_catalytic,0.0533313,rate / WHSV,0.0978143,-1.54832,0,0.023667,61.167,,,28.5487,31.5569,450,720,89.7819,primary,Text discussing Figure 9c,10.1039/d0ta05238h | 500 C | 10 MPa | H2/N2 3 | 1.6e+04 mL/g/h,per g catalyst,38070,False
10.1039/d0ta05238h,Fig 9c Fe-SDC 103.75 ppm impurity,80 wt% Fe–20 wt% Ce0.8Sm0.2O2−δ,Higher impurity feed prepared by mixing N2 containing O2 with zero grade gases.,Fe,80,False,500,10,3,16000,False,16000 mL g−1 h−1,,28000,35000,False,plot,~,,steady_thermal_catalytic,0.0392245,rate / WHSV,0.0978143,-1.56523,0,0.0153371,,,,37.4157,38.5341,,,,primary; infeasible within bed limit,Figure 9c,,,,
10.1039/d0ta05238h,Fig 9c Fe-SDC 150 ppm impurity,80 wt% Fe–20 wt% Ce0.8Sm0.2O2−δ,Higher impurity feed prepared by mixing N2 containing O2 with zero grade gases.,Fe,80,False,500,10,3,16000,False,16000 mL g−1 h−1,,18200,22750,False,plot,~,,steady_thermal_catalytic,0.0254959,rate / WHSV,0.0978143,-1.58691,0,0.00887492,,,,66.3584,52.4666,,,,primary; infeasible within bed limit,Figure 9c,,,,
10.1039/d0ta05238h,Fig 9c industrial magnetite 150 ppm impurity,magnetite industrial Fe catalysts,Industrial magnetite-based Fe catalyst; higher impurity feed prepared by mixing N2 containing O2 with zero grade gases.,Fe,,True,500,15,3,16000,False,16000 mL g−1 h−1,,2500,,False,plot,~,,steady_thermal_catalytic,0.00350219,rate / WHSV,0.134905,-1.68799,0,0.00070889,,,,,,,,,primary; infeasible within bed limit,Figure 9c,,,,
10.1039/d0ta05238h,Fig 9c industrial wustite 150 ppm impurity,wustite industrial Fe catalysts,Industrial wustite-based Fe catalyst; higher impurity feed prepared by mixing N2 containing O2 with zero grade gases.,Fe,,True,500,15,3,16000,False,16000 mL g−1 h−1,,10000,,False,plot,~,,steady_thermal_catalytic,0.0140088,rate / WHSV,0.134905,-1.62776,0,0.00303822,,,,,64.6937,,,,primary; infeasible within bed limit,Figure 9c,,,,
10.1002/adma.201700924,"SI Table S3 row 260 °C, 0.1 MPa",8.3 wt%Ru/LaScSi,Ru/LaScSi catalysts prepared by chemical vapor deposition of Ru3(CO)12.,Ru,8.3,False,260,0.1,3,36000,False,,0.05,700,8433.73,False,SI,=,,steady_thermal_catalytic,0.0005,printed outlet,0.0397763,-1.06,0.332792,4.32275,21.7671,18.1338,21.8495,21.7121,19.534,450,220,1.26806,flagged: T outside 300-500 C,SI Table S3,,,,
10.1002/adma.201700924,"SI Table S3 row 280 °C, 0.1 MPa",8.3 wt%Ru/LaScSi,Ru/LaScSi catalysts prepared by chemical vapor deposition of Ru3(CO)12.,Ru,8.3,False,280,0.1,3,36000,False,,0.08,1200,14457.8,False,SI,=,,steady_thermal_catalytic,0.0008,printed outlet,0.0272289,-1.05,0.375978,4.53415,21.7351,18.0971,21.8161,21.6758,19.4559,450,220,1.24448,flagged: T outside 300-500 C,SI Table S3,,,,
10.1002/adma.201700924,"SI Table S3 row 300 °C, 0.1 MPa",8.3 wt%Ru/LaScSi,Ru/LaScSi catalysts prepared by chemical vapor deposition of Ru3(CO)12.,Ru,8.3,False,300,0.1,3,36000,False,,0.12,1800,21686.7,False,SI,=,,steady_thermal_catalytic,0.0012,printed outlet,0.0189526,-1.035,0.370881,4.34093,21.9918,18.3123,22.0839,21.9308,19.5272,450,220,1.43372,primary,SI Table S3,10.1002/adma.201700924 | 300 C | 0.1 MPa | H2/N2 3 | 3.6e+04 mL/g/h,per g catalyst,1800,False
10.1002/adma.201700924,"SI Table S3 row 320 °C, 0.1 MPa",8.3 wt%Ru/LaScSi,Ru/LaScSi catalysts prepared by chemical vapor deposition of Ru3(CO)12.,Ru,8.3,False,320,0.1,3,36000,False,,0.18,2600,31325.3,False,SI,=,,steady_thermal_catalytic,0.0018,printed outlet,0.0134251,-1.015,0.398779,4.46608,22.2501,18.5175,22.3535,22.1824,19.4811,450,220,1.62434,primary,SI Table S3,10.1002/adma.201700924 | 320 C | 0.1 MPa | H2/N2 3 | 3.6e+04 mL/g/h,per g catalyst,2600,False
10.1002/adma.201700924,"SI Table S3 row 340 °C, 0.1 MPa",8.3 wt%Ru/LaScSi,Ru/LaScSi catalysts prepared by chemical vapor deposition of Ru3(CO)12.,Ru,8.3,False,340,0.1,3,36000,False,,0.24,3500,42168.7,False,SI,=,,steady_thermal_catalytic,0.0024,printed outlet,0.00967694,-0.995,0.342099,3.92735,22.967,19.0758,23.0671,22.9012,19.6932,450,220,1.56927,primary,SI Table S3,10.1002/adma.201700924 | 340 C | 0.1 MPa | H2/N2 3 | 3.6e+04 mL/g/h,per g catalyst,3500,False
10.1002/adma.201700924,"SI Table S3 row 360 °C, 0.1 MPa",8.3 wt%Ru/LaScSi,Ru/LaScSi catalysts prepared by chemical vapor deposition of Ru3(CO)12.,Ru,8.3,False,360,0.1,3,36000,False,,0.32,4700,56626.5,False,SI,=,,steady_thermal_catalytic,0.0032,printed outlet,0.00709371,-0.975,0.327902,3.7923,23.5615,19.5264,23.657,23.498,19.7512,450,210,1.59105,primary,SI Table S3,10.1002/adma.201700924 | 360 C | 0.1 MPa | H2/N2 3 | 3.6e+04 mL/g/h,per g catalyst,4700,False
10.1002/adma.201700924,"SI Table S3 row 380 °C, 0.1 MPa",8.3 wt%Ru/LaScSi,Ru/LaScSi catalysts prepared by chemical vapor deposition of Ru3(CO)12.,Ru,8.3,False,380,0.1,3,36000,False,,0.35,5200,62650.6,False,SI,=,,steady_thermal_catalytic,0.0035,printed outlet,0.00528394,-0.96,0.106187,2.38499,25.1883,20.836,25.299,25.1085,20.5522,450,220,1.96452,primary,SI Table S3,10.1002/adma.201700924 | 380 C | 0.1 MPa | H2/N2 3 | 3.6e+04 mL/g/h,per g catalyst,5200,False
10.1002/anie.201712398,SI Table S1 row 1,Ru(10%)/Ba-Ca(NH2)2,,Ru,10,False,300,0.9,3,36000,False,36000 mL g-1 h-1,,23300,233000,False,SI,=,,steady_thermal_catalytic,0.0145068,rate / WHSV,0.133169,-1.135,2.00833,101.973,15.608,14.5596,15.6308,15.6033,15.611,450,200,0.306098,primary,SI Table S1,10.1002/anie.201712398 | 300 C | 0.9 MPa | H2/N2 3 | 3.6e+04 mL/g/h,per g catalyst,23300,False
10.1002/anie.201712398,SI Table S1 row 2,Co(8%)/Ba-Ca(NH2)2,,Co,8,False,300,0.9,3,36000,False,36000 mL g-1 h-1,,6600,82500,False,SI,=,,steady_thermal_catalytic,0.00410923,rate / WHSV,0.133169,-1.115,0.288597,1.32482e+08,15.8602,,16.4836,15.4054,13.5534,450,200,12.7044,primary,SI Table S1,10.1002/anie.201712398 | 300 C | 0.9 MPa | H2/N2 3 | 3.6e+04 mL/g/h,per g catalyst,6600,False
10.1002/anie.201712398,SI Table S1 row 3,Industrial Fe catalyst,Industrial Fe catalyst,Fe,,True,300,0.9,3,36000,False,36000 mL g-1 h-1,,5400,,False,SI,=,,steady_thermal_catalytic,0.0033621,rate / WHSV,0.133169,-1.23578,0,1837.89,14.1752,,,,11.1139,400,160,13.3346,primary,SI Table S1,10.1002/anie.201712398 | 300 C | 0.9 MPa | H2/N2 3 | 3.6e+04 mL/g/h,per g catalyst,5400,False
10.1002/anie.201712398,SI Table S1 row 5,Ru(2%)/C12A7:e-,,Ru,2,False,300,0.9,3,36000,False,36000 mL g-1 h-1,,760,38000,False,SI,=,,steady_thermal_catalytic,0.000473184,rate / WHSV,0.133169,-1.20484,0,0.0746442,22.1666,19.7251,22.7408,21.7182,28.477,450,425,4.41312,primary,SI Table S1,10.1002/anie.201712398 | 300 C | 0.9 MPa | H2/N2 3 | 3.6e+04 mL/g/h,per g catalyst,760,False
10.1002/anie.201712398,SI Figure S1 Ru(acac)3 precursor,Ru/Ba-Ca(NH2)2,Ru(acac)3 precursor,Ru,10,False,300,0.1,3,36000,False,36000 mL gcat-1 h-1,,9800,,False,SI-plot,~,,steady_thermal_catalytic,0.00610159,rate / WHSV,0.0189526,-1.02,2.39477,317.111,15.5143,14.5261,15.5342,15.5102,14.9877,450,195,0.281992,primary,SI Figure S1,10.1002/anie.201712398 | 300 C | 0.1 MPa | H2/N2 3 | 3.6e+04 mL/g/h,per g catalyst,9800,False
10.1002/anie.201712398,SI Figure S2 Ca(NH2)2 support,Ru/Ca(NH2)2,Ru(acac)3 precursor,Ru,10,False,300,0.1,3,36000,False,36000 mL gcat-1 h-1,,3900,39000,False,SI-plot,~,,steady_thermal_catalytic,0.00242818,rate / WHSV,0.0189526,-1.03,1.20559,23.8084,18.4323,15.883,18.5077,18.3817,16.8016,450,220,1.14637,primary,SI Figure S2,10.1002/anie.201712398 | 300 C | 0.1 MPa | H2/N2 3 | 3.6e+04 mL/g/h,per g catalyst,3900,False
10.1002/anie.201712398,SI Figure S2 Ba(NH2)2 support,Ru/Ba(NH2)2,Ru(acac)3 precursor,Ru,10,False,300,0.1,3,36000,False,36000 mL gcat-1 h-1,,200,2000,False,SI-plot,~,,steady_thermal_catalytic,0.000124522,rate / WHSV,0.0189526,-1.19083,0,0.0487586,21.6073,18.3491,21.7768,21.4963,29.013,450,430,1.16805,primary,SI Figure S2,10.1002/anie.201712398 | 300 C | 0.1 MPa | H2/N2 3 | 3.6e+04 mL/g/h,per g catalyst,200,False
10.1002/anie.201712398,SI Figure S4 Sr(NH2)2 support,Ru/Sr(NH2)2,Ru3(CO)12 precursor,Ru,10,False,300,0.1,3,36000,False,36000 mL gcat-1 h-1,,2000,20000,False,SI-plot,~,,steady_thermal_catalytic,0.00124522,rate / WHSV,0.0189526,-1.035,0.36553,4.22581,21.9992,18.2369,22.078,21.9465,19.5499,450,220,1.20474,primary,SI Figure S4,10.1002/anie.201712398 | 300 C | 0.1 MPa | H2/N2 3 | 3.6e+04 mL/g/h,per g catalyst,2000,False
10.1002/anie.201712398,SI Figure S4 Eu(NH2)2 support,Ru/Eu(NH2)2,Ru3(CO)12 precursor,Ru,10,False,300,0.1,3,36000,False,36000 mL gcat-1 h-1,,1000,10000,False,SI-plot,~,,steady_thermal_catalytic,0.000622611,rate / WHSV,0.0189526,-1.13961,0,0.846493,22.0965,18.6003,22.2557,21.9899,22.5255,450,425,1.13294,primary,SI Figure S4,10.1002/anie.201712398 | 300 C | 0.1 MPa | H2/N2 3 | 3.6e+04 mL/g/h,per g catalyst,1000,False
10.1002/anie.201712398,SI Figure S4 Yb(NH2)2 support,Ru/Yb(NH2)2,Ru3(CO)12 precursor,Ru,10,False,300,0.1,3,36000,False,36000 mL gcat-1 h-1,,700,7000,False,SI-plot,~,,steady_thermal_catalytic,0.000435828,rate / WHSV,0.0189526,-1.15875,0,0.404477,21.8768,18.4732,22.045,21.7529,24.0844,450,430,1.32637,primary,SI Figure S4,10.1002/anie.201712398 | 300 C | 0.1 MPa | H2/N2 3 | 3.6e+04 mL/g/h,per g catalyst,700,False
10.1002/anie.201712398,SI Figure S4 KNH2 support,Ru/KNH2,Ru3(CO)12 precursor,Ru,10,False,300,0.1,3,36000,False,36000 mL gcat-1 h-1,,100,1000,False,SI-plot,~,,steady_thermal_catalytic,6.22611e-05,rate / WHSV,0.0189526,-1.20346,0,0.019403,21.557,18.3306,21.7225,21.4483,31.5308,450,430,1.13849,primary,SI Figure S4,10.1002/anie.201712398 | 300 C | 0.1 MPa | H2/N2 3 | 3.6e+04 mL/g/h,per g catalyst,100,False
10.1002/anie.201712398,SI Figure S5 Cs-Ru/MgO 240 C 0.1 MPa,Cs-Ru/MgO,,Ru,10,False,240,0.1,3,36000,False,,,50,500,False,SI-plot,~,,steady_thermal_catalytic,3.11306e-05,rate / WHSV,0.0589338,-1.16974,0,0.119979,21.7612,18.4184,21.9428,21.6428,26.7894,450,430,1.2584,flagged: T outside 300-500 C,SI Figure S5,,,,
10.1002/anie.201712398,SI Figure S5 Cs-Ru/MgO 260 C 0.1 MPa,Cs-Ru/MgO,,Ru,10,False,260,0.1,3,36000,False,,,150,1500,False,SI-plot,~,,steady_thermal_catalytic,9.33917e-05,rate / WHSV,0.0397763,-1.16569,0,0.188333,21.801,18.4372,21.9826,21.6807,25.7612,450,430,1.2818,flagged: T outside 300-500 C,SI Figure S5,,,,
10.1002/anie.201712398,SI Figure S5 Cs-Ru/MgO 280 C 0.1 MPa,Cs-Ru/MgO,,Ru,10,False,280,0.1,3,36000,False,,,350,3500,False,SI-plot,~,,steady_thermal_catalytic,0.000217914,rate / WHSV,0.0272289,-1.16253,0,0.279126,21.8345,18.4531,22.0101,21.7126,24.8881,450,430,1.30149,flagged: T outside 300-500 C,SI Figure S5,,,,
10.1002/anie.201712398,SI Figure S5 Cs-Ru/MgO 300 C 0.1 MPa,Cs-Ru/MgO,,Ru,10,False,300,0.1,3,36000,False,,,700,7000,False,SI-plot,~,,steady_thermal_catalytic,0.000435828,rate / WHSV,0.0189526,-1.15875,0,0.404477,21.8768,18.4732,22.045,21.7529,24.0844,450,430,1.32637,primary,SI Figure S5,10.1002/anie.201712398 | 300 C | 0.1 MPa | H2/N2 3 | 3.6e+04 mL/g/h,per g catalyst,700,False
10.1002/anie.201712398,SI Figure S5 Cs-Ru/MgO 320 C 0.1 MPa,Cs-Ru/MgO,,Ru,10,False,320,0.1,3,36000,False,,,1800,18000,False,SI-plot,~,,steady_thermal_catalytic,0.0011207,rate / WHSV,0.0134251,-1.11828,0,1.28855,22.3952,18.7422,22.5689,22.2764,21.6597,450,430,1.26369,primary,SI Figure S5,10.1002/anie.201712398 | 320 C | 0.1 MPa | H2/N2 3 | 3.6e+04 mL/g/h,per g catalyst,1800,False
10.1002/anie.201712398,SI Figure S5 Cs-Ru/MgO 340 C 0.1 MPa,Cs-Ru/MgO,,Ru,10,False,340,0.1,3,36000,False,,,3300,33000,False,SI-plot,~,,steady_thermal_catalytic,0.00205462,rate / WHSV,0.00967694,-1,0.106326,2.40359,24.0254,19.8835,24.1189,23.9636,20.5116,450,220,1.4573,primary,SI Figure S5,10.1002/anie.201712398 | 340 C | 0.1 MPa | H2/N2 3 | 3.6e+04 mL/g/h,per g catalyst,3300,False
10.1002/anie.201712398,SI Figure S5 Cs-Ru/MgO 360 C 0.1 MPa,Cs-Ru/MgO,,Ru,10,False,360,0.1,3,36000,False,,,5100,51000,False,SI-plot,~,,steady_thermal_catalytic,0.00317532,rate / WHSV,0.00709371,-0.975,0.275703,3.37004,23.8005,19.6437,23.886,23.7437,19.9271,450,220,1.31854,primary,SI Figure S5,10.1002/anie.201712398 | 360 C | 0.1 MPa | H2/N2 3 | 3.6e+04 mL/g/h,per g catalyst,5100,False
10.1002/anie.201712398,SI Figure S5 Cs-Ru/MgO 380 C 0.1 MPa,Cs-Ru/MgO,,Ru,10,False,380,0.1,3,36000,False,,,5900,59000,False,SI-plot,~,,steady_thermal_catalytic,0.00367341,rate / WHSV,0.00528394,-0.96,0.125434,2.45931,25.0521,20.6456,25.1517,24.9866,20.4712,450,220,1.55987,primary,SI Figure S5,10.1002/anie.201712398 | 380 C | 0.1 MPa | H2/N2 3 | 3.6e+04 mL/g/h,per g catalyst,5900,False
10.1002/anie.201712398,SI Figure S5 Cs-Ru/MgO 400 C 0.1 MPa,Cs-Ru/MgO,,Ru,10,False,400,0.1,3,36000,False,,,5300,53000,False,SI-plot,~,,steady_thermal_catalytic,0.00329984,rate / WHSV,0.00399559,-1.13644,0,0.960312,22.1353,18.625,22.2972,22.0278,22.2551,450,430,1.11106,primary,SI Figure S5,10.1002/anie.201712398 | 400 C | 0.1 MPa | H2/N2 3 | 3.6e+04 mL/g/h,per g catalyst,5300,False
10.1002/anie.201712398,SI Figure S5 Cs-Ru/MgO 240 C 0.9 MPa,Cs-Ru/MgO,,Ru,10,False,240,0.9,3,36000,False,,,50,500,False,SI-plot,~,,steady_thermal_catalytic,3.11306e-05,rate / WHSV,0.296452,-1.22512,0,0.0103873,21.5488,18.3433,21.7138,21.4406,33.4307,450,430,1.13372,flagged: T outside 300-500 C,SI Figure S5,,,,
10.1002/anie.201712398,SI Figure S5 Cs-Ru/MgO 280 C 0.9 MPa,Cs-Ru/MgO,,Ru,10,False,280,0.9,3,36000,False,,,200,2000,False,SI-plot,~,,steady_thermal_catalytic,0.000124522,rate / WHSV,0.175885,-1.2423,0,0.0049115,21.6302,18.4046,21.8015,21.5181,36.605,450,430,1.18148,flagged: T outside 300-500 C,SI Figure S5,,,,
10.1002/anie.201712398,SI Figure S5 Cs-Ru/MgO 320 C 0.9 MPa,Cs-Ru/MgO,,Ru,10,False,320,0.9,3,36000,False,,,1050,10500,False,SI-plot,~,,steady_thermal_catalytic,0.000653742,rate / WHSV,0.10045,-1.24649,0,0.00997769,21.6644,18.428,21.8384,21.5506,33.5779,450,430,1.20156,primary,SI Figure S5,10.1002/anie.201712398 | 320 C | 0.9 MPa | H2/N2 3 | 3.6e+04 mL/g/h,per g catalyst,1050,False
10.1002/anie.201712398,SI Figure S5 Cs-Ru/MgO 340 C 0.9 MPa,Cs-Ru/MgO,,Ru,10,False,340,0.9,3,36000,False,,,3500,35000,False,SI-plot,~,,steady_thermal_catalytic,0.00217914,rate / WHSV,0.0758434,-1.2349,0,0.0573063,21.5837,18.3715,21.7513,21.4738,28.5847,450,430,1.15416,primary,SI Figure S5,10.1002/anie.201712398 | 340 C | 0.9 MPa | H2/N2 3 | 3.6e+04 mL/g/h,per g catalyst,3500,False
10.1002/anie.201712398,SI Figure S5 Cs-Ru/MgO 360 C 0.9 MPa,Cs-Ru/MgO,,Ru,10,False,360,0.9,3,36000,False,,,6300,63000,False,SI-plot,~,,steady_thermal_catalytic,0.00392245,rate / WHSV,0.057523,-1.2341,0,0.10322,21.5802,18.3689,21.7476,21.4705,27.1611,450,430,1.15214,primary,SI Figure S5,10.1002/anie.201712398 | 360 C | 0.9 MPa | H2/N2 3 | 3.6e+04 mL/g/h,per g catalyst,6300,False
10.1002/anie.201712398,SI Figure S5 Cs-Ru/MgO 380 C 0.9 MPa,Cs-Ru/MgO,,Ru,10,False,380,0.9,3,36000,False,,,11800,118000,False,SI-plot,~,,steady_thermal_catalytic,0.00734681,rate / WHSV,0.0439319,-1.22494,0,0.240783,21.5484,18.3429,21.7133,21.4402,25.2002,450,430,1.13347,primary,SI Figure S5,10.1002/anie.201712398 | 380 C | 0.9 MPa | H2/N2 3 | 3.6e+04 mL/g/h,per g catalyst,11800,False
10.1002/anie.201712398,SI Figure S5 Cs-Ru/MgO 400 C 0.9 MPa,Cs-Ru/MgO,,Ru,10,False,400,0.9,3,36000,False,,,16300,163000,False,SI-plot,~,,steady_thermal_catalytic,0.0101486,rate / WHSV,0.0338378,-1.22843,0,0.271141,21.5583,18.3515,21.7239,21.4496,24.9485,450,430,1.13926,primary,SI Figure S5,10.1002/anie.201712398 | 400 C | 0.9 MPa | H2/N2 3 | 3.6e+04 mL/g/h,per g catalyst,16300,False
10.1002/anie.201712398,SI Figure S6 0.3 MPa,Ru/Ba-Ca(NH2)2,,Ru,10,False,300,0.3,3,36000,False,,,15000,150000,False,SI-plot,~,,steady_thermal_catalytic,0.00933917,rate / WHSV,0.0529819,-1.085,2.14461,149.559,15.5714,14.5455,15.5919,15.5674,15.4454,450,200,0.283105,primary,SI Figure S6,10.1002/anie.201712398 | 300 C | 0.3 MPa | H2/N2 3 | 3.6e+04 mL/g/h,per g catalyst,15000,False
10.1002/anie.201712398,SI Figure S6 0.5 MPa,Ru/Ba-Ca(NH2)2,,Ru,10,False,300,0.5,3,36000,False,,,18600,186000,False,SI-plot,~,,steady_thermal_catalytic,0.0115806,rate / WHSV,0.0828255,-1.11,2.07966,122.436,15.58,14.5456,15.6011,15.5759,15.5284,450,200,0.288572,primary,SI Figure S6,10.1002/anie.201712398 | 300 C | 0.5 MPa | H2/N2 3 | 3.6e+04 mL/g/h,per g catalyst,18600,False
10.1002/anie.201712398,SI Figure S6 0.7 MPa,Ru/Ba-Ca(NH2)2,,Ru,10,False,300,0.7,3,36000,False,,,20400,204000,False,SI-plot,~,,steady_thermal_catalytic,0.0127013,rate / WHSV,0.109347,-1.125,1.98732,97.3936,15.6537,14.5929,15.6782,15.6471,15.6347,450,200,0.334083,primary,SI Figure S6,10.1002/anie.201712398 | 300 C | 0.7 MPa | H2/N2 3 | 3.6e+04 mL/g/h,per g catalyst,20400,False
10.1002/anie.201712398,SI Figure S7 3 h,Ru/Ba-Ca(NH2)2,,Ru,10,False,320,0.9,3,36000,False,,,31500,315000,False,SI-plot,~,3 h,steady_thermal_catalytic,0.0196123,rate / WHSV,0.10045,-1.125,1.87238,74.7138,15.8068,14.699,15.8349,15.7965,15.7846,450,205,0.38667,primary,SI Figure S7,,,,
10.1002/anie.201712398,SI Figure S7 5 h,Ru/Ba-Ca(NH2)2,,Ru,10,False,320,0.9,3,36000,False,,,29800,298000,False,SI-plot,~,5 h,steady_thermal_catalytic,0.0185538,rate / WHSV,0.10045,-1.125,1.80077,63.3891,15.9167,14.7739,15.9467,15.9048,15.8925,450,210,0.40742,primary,SI Figure S7,,,,
10.1002/anie.201712398,SI Figure S7 20 h,Ru/Ba-Ca(NH2)2,,Ru,10,False,320,0.9,3,36000,False,,,33000,330000,False,SI-plot,~,20 h,steady_thermal_catalytic,0.0205462,rate / WHSV,0.10045,-1.125,1.93252,85.777,15.7251,14.6426,15.7503,15.7174,15.706,450,205,0.336664,primary,SI Figure S7,,,,
10.1002/anie.201712398,SI Figure S7 30 h,Ru/Ba-Ca(NH2)2,,Ru,10,False,320,0.9,3,36000,False,,,32200,322000,False,SI-plot,~,30 h,steady_thermal_catalytic,0.0200481,rate / WHSV,0.10045,-1.125,1.90078,79.7483,15.7668,14.6724,15.7935,15.7582,15.7461,450,205,0.36219,primary,SI Figure S7,,,,
10.1002/anie.201712398,SI Figure S7 37 h,Ru/Ba-Ca(NH2)2,,Ru,10,False,320,0.9,3,36000,False,,,33000,330000,False,SI-plot,~,37 h,steady_thermal_catalytic,0.0205462,rate / WHSV,0.10045,-1.125,1.93252,85.777,15.7251,14.6426,15.7503,15.7174,15.706,450,205,0.336664,primary,SI Figure S7,,,,
10.1002/anie.201712398,SI Figure S7 40 h,Ru/Ba-Ca(NH2)2,,Ru,10,False,320,0.9,3,36000,False,,,32300,323000,False,SI-plot,~,40 h,steady_thermal_catalytic,0.0201103,rate / WHSV,0.10045,-1.125,1.90479,80.4857,15.7614,14.6688,15.7879,15.753,15.7409,450,205,0.358862,primary,SI Figure S7,,,,
10.1002/anie.201712398,SI Figure S7 50 h,Ru/Ba-Ca(NH2)2,,Ru,10,False,320,0.9,3,36000,False,,,31800,318000,False,SI-plot,~,50 h,steady_thermal_catalytic,0.019799,rate / WHSV,0.10045,-1.125,1.88462,76.8443,15.7892,14.6873,15.8167,15.7797,15.7677,450,205,0.375918,primary,SI Figure S7,,,,
10.1002/anie.201712398,SI Figure S7 61 h,Ru/Ba-Ca(NH2)2,,Ru,10,False,320,0.9,3,36000,False,,,31900,319000,False,SI-plot,~,61 h,steady_thermal_catalytic,0.0198613,rate / WHSV,0.10045,-1.125,1.88868,77.5635,15.7835,14.6835,15.8108,15.7742,15.7622,450,205,0.372423,primary,SI Figure S7,,,,
10.1002/anie.201712398,SI Figure S7 72 h,Ru/Ba-Ca(NH2)2,,Ru,10,False,320,0.9,3,36000,False,,,31100,311000,False,SI-plot,~,72 h,steady_thermal_catalytic,0.0193632,rate / WHSV,0.10045,-1.125,1.85587,71.9356,15.8312,14.7152,15.8602,15.8199,15.8081,450,205,0.401649,primary,SI Figure S7,,,,
10.1002/anie.201712398,SI Figure S7 100 h,Ru/Ba-Ca(NH2)2,,Ru,10,False,320,0.9,3,36000,False,,,32200,322000,False,SI-plot,~,100 h,steady_thermal_catalytic,0.0200481,rate / WHSV,0.10045,-1.125,1.90078,79.7483,15.7668,14.6724,15.7935,15.7582,15.7461,450,205,0.36219,primary,SI Figure S7,10.1002/anie.201712398 | 320 C | 0.9 MPa | H2/N2 3 | 3.6e+04 mL/g/h,per g catalyst,32200,False
10.1002/asia.201900618,SI Table S4 row 1,4% Cs-1.25%Ru/BaCeO3-a,,Ru,1.25,False,400,0.1,,24000,False,24 L h-1 gcat-1,,3520,281600,False,SI,=,,steady_thermal_catalytic,0.00328739,rate / WHSV,0.00399559,-0.95,0.396193,5.06481,24.4121,21.671,24.8621,24.0741,19.7142,450,200,9.59681,primary,SI Table S4,10.1002/asia.201900618 | 400 C | 0.1 MPa | H2/N2 3 | 2.4e+04 mL/g/h,per g catalyst,3520,False
10.1002/asia.201900618,SI Table S4 row 4,4% Cs-1.25%Ru/BaCeO3-a,,Ru,1.25,False,425,1,,24000,False,24 L h-1 gcat-1,,14570,1.1656e+06,False,SI,=,,steady_thermal_catalytic,0.0136072,rate / WHSV,0.0273427,-1.09079,0,1.13752,23.3739,21.0675,23.7973,23.0133,22.6348,450,215,7.17468,primary,SI Table S4,10.1002/asia.201900618 | 425 C | 1 MPa | H2/N2 3 | 2.4e+04 mL/g/h,per g catalyst,14570,False
10.1002/asia.201900618,"SI Figure S6a 1.0% Ru, 375 C",1.0% Ru/BaCeO3-a,,Ru,1,False,375,3,,24000,False,24 L h-1 gcat-1,,4000,400000,False,SI-plot,~,,steady_thermal_catalytic,0.00373567,rate / WHSV,0.130339,-1.25561,0,0.0534426,23.1517,21.2327,24.1877,22.2979,29.8168,450,420,8.21083,primary,SI Figure S6a,10.1002/asia.201900618 | 375 C | 3 MPa | H2/N2 3 | 2.4e+04 mL/g/h,per g catalyst,4000,False
10.1002/asia.201900618,"SI Figure S6a 1.0% Ru, 400 C",1.0% Ru/BaCeO3-a,,Ru,1,False,400,3,,24000,False,24 L h-1 gcat-1,,8000,800000,False,SI-plot,~,,steady_thermal_catalytic,0.00747133,rate / WHSV,0.0982537,-1.25468,0,0.108611,23.1331,21.216,24.1623,22.2829,27.8586,450,420,8.14752,primary,SI Figure S6a,10.1002/asia.201900618 | 400 C | 3 MPa | H2/N2 3 | 2.4e+04 mL/g/h,per g catalyst,8000,False
10.1002/asia.201900618,"SI Figure S6a 1.0% Ru, 425 C",1.0% Ru/BaCeO3-a,,Ru,1,False,425,3,,24000,False,24 L h-1 gcat-1,,12000,1.2e+06,False,SI-plot,~,,steady_thermal_catalytic,0.011207,rate / WHSV,0.0742991,-1.26195,0,0.12171,23.2919,21.3598,24.3784,22.4129,27.5869,450,425,8.37077,primary,SI Figure S6a,10.1002/asia.201900618 | 425 C | 3 MPa | H2/N2 3 | 2.4e+04 mL/g/h,per g catalyst,12000,False
10.1002/asia.201900618,"SI Figure S6a-b 1.0% Ru, 450 C",1.0% Ru/BaCeO3-a,,Ru,1,False,450,3,,24000,False,24 L h-1 gcat-1,,18000,1.8e+06,False,SI-plot,~,,steady_thermal_catalytic,0.0168105,rate / WHSV,0.0565503,-1.26673,0,0.15554,23.4164,21.4737,24.5482,22.5175,27.0777,450,430,8.47769,primary,SI Figure S6a-b,10.1002/asia.201900618 | 450 C | 3 MPa | H2/N2 3 | 2.4e+04 mL/g/h,per g catalyst,18000,False
10.1002/asia.201900618,"SI Figure S6a 1.5% Ru, 375 C",1.5% Ru/BaCeO3-a,,Ru,1.5,False,375,3,,24000,False,24 L h-1 gcat-1,,9000,600000,False,SI-plot,~,,steady_thermal_catalytic,0.00840525,rate / WHSV,0.130339,-1.22955,0,0.306122,22.4083,20.2349,23.1464,21.8348,25.3426,450,430,5.75598,primary,SI Figure S6a,10.1002/asia.201900618 | 375 C | 3 MPa | H2/N2 3 | 2.4e+04 mL/g/h,per g catalyst,9000,False
10.1002/asia.201900618,"SI Figure S6a 1.5% Ru, 400 C",1.5% Ru/BaCeO3-a,,Ru,1.5,False,400,3,,24000,False,24 L h-1 gcat-1,,13000,866667,False,SI-plot,~,,steady_thermal_catalytic,0.0121409,rate / WHSV,0.0982537,-1.24012,0,0.276267,22.486,20.3136,23.254,21.8942,25.5488,450,430,5.96396,primary,SI Figure S6a,10.1002/asia.201900618 | 400 C | 3 MPa | H2/N2 3 | 2.4e+04 mL/g/h,per g catalyst,13000,False
10.1002/asia.201900618,"SI Figure S6a 1.5% Ru, 425 C",1.5% Ru/BaCeO3-a,,Ru,1.5,False,425,3,,24000,False,24 L h-1 gcat-1,,20000,1.33333e+06,False,SI-plot,~,,steady_thermal_catalytic,0.0186783,rate / WHSV,0.0742991,-1.24119,0,0.344734,22.4971,20.3238,23.2689,21.9032,25.0835,450,430,5.99369,primary,SI Figure S6a,10.1002/asia.201900618 | 425 C | 3 MPa | H2/N2 3 | 2.4e+04 mL/g/h,per g catalyst,20000,False
10.1002/asia.201900618,"SI Figure S6a-b 1.5% Ru, 450 C",1.5% Ru/BaCeO3-a,,Ru,1.5,False,450,3,,24000,False,24 L h-1 gcat-1,,26000,1.73333e+06,False,SI-plot,~,,steady_thermal_catalytic,0.0242818,rate / WHSV,0.0565503,-1.25367,0,0.303068,22.6589,20.4684,23.4792,22.0361,25.3618,450,430,6.42671,primary,SI Figure S6a-b,10.1002/asia.201900618 | 450 C | 3 MPa | H2/N2 3 | 2.4e+04 mL/g/h,per g catalyst,26000,False
10.1002/asia.201900618,"SI Figure S6a 2.5% Ru, 375 C",2.5% Ru/BaCeO3-a,,Ru,2.5,False,375,3,,24000,False,24 L h-1 gcat-1,,11000,440000,False,SI-plot,~,,steady_thermal_catalytic,0.0102731,rate / WHSV,0.130339,-1.23389,0,0.321073,22.0699,19.5506,22.5999,21.6808,25.0417,450,430,4.60651,primary,SI Figure S6a,10.1002/asia.201900618 | 375 C | 3 MPa | H2/N2 3 | 2.4e+04 mL/g/h,per g catalyst,11000,False
10.1002/asia.201900618,"SI Figure S6a 2.5% Ru, 400 C",2.5% Ru/BaCeO3-a,,Ru,2.5,False,400,3,,24000,False,24 L h-1 gcat-1,,15000,600000,False,SI-plot,~,,steady_thermal_catalytic,0.0140087,rate / WHSV,0.0982537,-1.24884,0,0.248403,22.2027,19.6624,22.7629,21.7929,25.5892,450,430,4.85789,primary,SI Figure S6a,10.1002/asia.201900618 | 400 C | 3 MPa | H2/N2 3 | 2.4e+04 mL/g/h,per g catalyst,15000,False
10.1002/asia.201900618,"SI Figure S6a 2.5% Ru, 425 C",2.5% Ru/BaCeO3-a,,Ru,2.5,False,425,3,,24000,False,24 L h-1 gcat-1,,23000,920000,False,SI-plot,~,,steady_thermal_catalytic,0.0214801,rate / WHSV,0.0742991,-1.25081,0,0.310349,22.2278,19.6819,22.7927,21.814,25.1283,450,430,4.90537,primary,SI Figure S6a,10.1002/asia.201900618 | 425 C | 3 MPa | H2/N2 3 | 2.4e+04 mL/g/h,per g catalyst,23000,False
10.1002/asia.201900618,"SI Figure S6a-b 2.5% Ru, 450 C",2.5% Ru/BaCeO3-a,,Ru,2.5,False,450,3,,24000,False,24 L h-1 gcat-1,,29000,1.16e+06,False,SI-plot,~,,steady_thermal_catalytic,0.0270836,rate / WHSV,0.0565503,-1.26619,0,0.252107,22.5045,19.8856,23.117,22.0473,25.5575,450,430,5.42915,primary,SI Figure S6a-b,10.1002/asia.201900618 | 450 C | 3 MPa | H2/N2 3 | 2.4e+04 mL/g/h,per g catalyst,29000,False
10.1002/asia.201900618,SI Table S4 row 5,3.5% Ru/BaCeO3-a,,Ru,3.5,False,375,3,,24000,False,24 L h-1 gcat-1,,11920,340571,False,SI,=,,steady_thermal_catalytic,0.0111323,rate / WHSV,0.130339,-1.24067,0,0.287446,21.9302,19.1962,22.3719,21.6431,25.13,450,430,3.35534,primary,SI Table S4,10.1002/asia.201900618 | 375 C | 3 MPa | H2/N2 3 | 2.4e+04 mL/g/h,per g catalyst,11920,False
10.1002/asia.201900618,SI Table S4 row 6,3.5% Ru/BaCeO3-a,,Ru,3.5,False,400,3,,24000,False,24 L h-1 gcat-1,,19120,546286,False,SI,=,,steady_thermal_catalytic,0.0178565,rate / WHSV,0.0982537,-1.24232,0,0.355448,21.9443,19.2081,22.3882,21.6555,24.67,450,430,3.37597,primary,SI Table S4,10.1002/asia.201900618 | 400 C | 3 MPa | H2/N2 3 | 2.4e+04 mL/g/h,per g catalyst,19120,False
10.1002/asia.201900618,SI Table S4 row 7,3.5% Ru/BaCeO3-a,,Ru,3.5,False,425,3,,24000,False,24 L h-1 gcat-1,,27310,780286,False,SI,=,,steady_thermal_catalytic,0.0255053,rate / WHSV,0.0742991,-1.24894,0,0.367182,22.0097,19.2614,22.4629,21.7131,24.596,450,430,3.47151,primary,SI Table S4,10.1002/asia.201900618 | 425 C | 3 MPa | H2/N2 3 | 2.4e+04 mL/g/h,per g catalyst,27310,False
10.1002/asia.201900618,SI Table S4 row 8 / Figure S6b,3.5% Ru/BaCeO3-a,,Ru,3.5,False,450,3,,24000,False,24 L h-1 gcat-1,,35200,1.00571e+06,False,SI,=,,steady_thermal_catalytic,0.0328739,rate / WHSV,0.0565503,-1.26176,0,0.325305,22.1993,19.4069,22.6742,21.8803,24.8601,450,430,3.749,primary,SI Table S4; SI Figure S6b,10.1002/asia.201900618 | 450 C | 3 MPa | H2/N2 3 | 2.4e+04 mL/g/h,per g catalyst,35200,False
10.1002/asia.201900618,SI Table S4 row 9,4.0% Ru/BaCeO3-a,,Ru,4,False,400,1,,24000,False,24 L h-1 gcat-1,,14610,365250,False,SI,=,,steady_thermal_catalytic,0.0136445,rate / WHSV,0.0373265,-1.15822,0,0.877779,22.1218,19.0927,22.4665,21.8832,22.692,450,425,2.5485,primary,SI Table S4,10.1002/asia.201900618 | 400 C | 1 MPa | H2/N2 3 | 2.4e+04 mL/g/h,per g catalyst,14610,False
10.1021/acs.iecr.8b02126,"SI Table S1, Ru/CeO2-r (1 wt%)",Ru/CeO2-r,,Ru,1,False,400,1,,60000,False,60000 mL g^-1 h^-1,,5100,510000,False,SI,=,,steady_thermal_catalytic,0.00190519,rate / WHSV,0.0373265,-1.23108,0,0.0496352,22.8263,20.9078,23.7303,22.0551,30.0848,450,410,7.73339,primary,SI Table S1,10.1021/acs.iecr.8b02126 | 400 C | 1 MPa | H2/N2 3 | 6e+04 mL/g/h,per g catalyst,5100,False
10.1021/acs.iecr.8b02126,"SI Table S1, Ru/CeO2-c (1 wt%)",Ru/CeO2-c,,Ru,1,False,400,1,,60000,False,60000 mL g^-1 h^-1,,2000,200000,False,SI,=,,steady_thermal_catalytic,0.000747133,rate / WHSV,0.0373265,-1.25502,0,0.00742664,23.1394,21.2217,24.1709,22.2879,37.6369,450,420,8.16886,primary,SI Table S1,10.1021/acs.iecr.8b02126 | 400 C | 1 MPa | H2/N2 3 | 6e+04 mL/g/h,per g catalyst,2000,False
10.1021/acs.iecr.9b01610,"SI Table S1, Ba-Ru/Al2O3",Ba−Ru/Al2O3,,Ru,,False,400,1,,18000,False,18000 mL g−1 h−1,,2083,,False,SI,=,,steady_thermal_catalytic,0.0025938,rate / WHSV,,,,,,,,,,,,,outside: metal content not given,SI Table S1,,,,
10.1021/acs.iecr.9b01610,"SI Table S1, Ba-Ru/gC-Al2O3",Ba−Ru/gC−Al2O3,,Ru,,False,400,1,,18000,False,18000 mL g−1 h−1,,4219,,False,SI,=,,steady_thermal_catalytic,0.00525359,rate / WHSV,,,,,,,,,,,,,outside: metal content not given,SI Table S1,,,,
10.1021/acscatal.1c02887,"SI Table S1, Co@BaO/MgO-700red 20 wt% Co, 300 °C, 36000 SV",Co@BaO/MgO-700red,pre-reduced at 700 °C,Co,20,False,300,1,3,36000,False,36000 mL h−1 gcat−1,,9100,45500,False,SI,=,0.5 h,steady_thermal_catalytic,0.00566576,rate / WHSV,0.144217,-1.125,0.231126,8.2019e+07,15.4389,,15.7709,14.8732,13.4797,450,195,6.29719,primary,SI Table S1,10.1021/acscatal.1c02887 | 300 C | 1 MPa | H2/N2 3 | 3.6e+04 mL/g/h,per g catalyst,9100,False
10.1021/acscatal.1c02887,"SI Table S1, Co@BaO/MgO-700red 20 wt% Co, 350 °C, 36000 SV",Co@BaO/MgO-700red,pre-reduced at 700 °C,Co,20,False,350,1,3,36000,False,36000 mL h−1 gcat−1,,18000,90000,False,SI,=,0.5 h,steady_thermal_catalytic,0.011207,rate / WHSV,0.0723434,-0.986769,0,2.27251e+06,16.5452,,17.497,15.7612,14.8395,450,215,18.3658,primary,SI Table S1,10.1021/acscatal.1c02887 | 350 C | 1 MPa | H2/N2 3 | 3.6e+04 mL/g/h,per g catalyst,18000,False
10.1021/acscatal.1c02887,"SI Table S1, Co@BaO/MgO-700red 20 wt% Co, 400 °C, 36000 SV",Co@BaO/MgO-700red,pre-reduced at 700 °C,Co,20,False,400,1,3,36000,False,36000 mL h−1 gcat−1,,27900,139500,False,SI,=,0.5 h,steady_thermal_catalytic,0.0173709,rate / WHSV,0.0373265,-0.818624,0,104302,19.8126,,20.8455,18.4274,16.9072,450,110,33.739,primary,SI Table S1,10.1021/acscatal.1c02887 | 400 C | 1 MPa | H2/N2 3 | 3.6e+04 mL/g/h,per g catalyst,27900,False
10.1021/acscatal.1c02887,"SI Table S1, Co@BaO/MgO-700red 20 wt% Co, 400 °C, 6.1 MPa",Co@BaO/MgO-700red,pre-reduced at 700 °C,Co,20,False,400,6.1,3,72000,False,72000 mL h−1 gcat−1,,184000,920000,False,SI,=,0.5 h,steady_thermal_catalytic,0.0572802,rate / WHSV,0.169472,-1.165,0.103179,1.27986e+06,15.504,,15.8821,14.9568,15.187,450,195,7.43192,primary,SI Table S1,10.1021/acscatal.1c02887 | 400 C | 6 MPa | H2/N2 3 | 7.2e+04 mL/g/h,per g catalyst,184000,False
10.1021/acscatal.1c02887,"SI Figure S2, Ba/Co/MgO-700red, 300 °C",Ba/Co/MgO-700red,Ba added after Co/MgO preparation; pre-reduced at 700 °C,Co,,False,300,1,3,72000,False,,,8000,,False,SI-plot,~,0.5 h,steady_thermal_catalytic,0.00249044,rate / WHSV,,,,,,,,,,,,,outside: metal content not given,SI Figure S2,,,,
10.1021/acscatal.1c02887,"SI Figure S2, Ba/Co/MgO-700red, 350 °C",Ba/Co/MgO-700red,Ba added after Co/MgO preparation; pre-reduced at 700 °C,Co,,False,350,1,3,72000,False,,,19800,,False,SI-plot,~,0.5 h,steady_thermal_catalytic,0.00616385,rate / WHSV,,,,,,,,,,,,,outside: metal content not given,SI Figure S2,,,,
10.1021/acscatal.1c02887,"SI Figure S2, Ba/Co/MgO-700red, 400 °C",Ba/Co/MgO-700red,Ba added after Co/MgO preparation; pre-reduced at 700 °C,Co,,False,400,1,3,72000,False,,,38500,,False,SI-plot,~,0.5 h,steady_thermal_catalytic,0.0119853,rate / WHSV,,,,,,,,,,,,,outside: metal content not given,SI Figure S2,,,,
10.1021/acscatal.1c02887,"SI Figure S4, Co@BaO/MgO-700red, ~2.1 MPa",Co@BaO/MgO-700red,pre-reduced at 700 °C,Co,20,False,400,2.1,3,72000,False,,,61000,305000,False,SI-plot,~,0.5 h,steady_thermal_catalytic,0.0189896,rate / WHSV,0.0727267,-0.853922,0,202863,18.959,,20.0457,17.642,16.0343,450,165,32.997,primary,SI Figure S4,10.1021/acscatal.1c02887 | 400 C | 2 MPa | H2/N2 3 | 7.2e+04 mL/g/h,per g catalyst,61000,False
10.1021/acscatal.1c02887,"SI Figure S4, Co@BaO/MgO-700red, ~4.1 MPa",Co@BaO/MgO-700red,pre-reduced at 700 °C,Co,20,False,400,4.1,3,72000,False,,,102000,510000,False,SI-plot,~,0.5 h,steady_thermal_catalytic,0.0317532,rate / WHSV,0.126112,-0.943331,0,426294,17.2015,,18.2071,16.1272,15.5107,450,210,22.0148,primary,SI Figure S4,10.1021/acscatal.1c02887 | 400 C | 4 MPa | H2/N2 3 | 7.2e+04 mL/g/h,per g catalyst,102000,False
10.1021/acscatal.1c02887,"SI Figure S4, commercial fused iron catalyst, ~1.0 MPa",Commercial fused iron catalyst,"commercial wüstite-based fused iron catalyst, AmoMax® 10RS, used as received followed by activation procedure",Fe,,True,400,1,3,72000,False,,,8000,,False,SI-plot,~,,steady_thermal_catalytic,0.00249044,rate / WHSV,0.0373265,-1.34131,0,4.57569,14.6377,,,,14.2302,425,170,7.96885,primary,SI Figure S4,10.1021/acscatal.1c02887 | 400 C | 1 MPa | H2/N2 3 | 7.2e+04 mL/g/h,per g catalyst,8000,False
10.1021/acscatal.1c02887,"SI Figure S4, commercial fused iron catalyst, ~2.1 MPa",Commercial fused iron catalyst,"commercial wüstite-based fused iron catalyst, AmoMax® 10RS, used as received followed by activation procedure",Fe,,True,400,2.1,3,72000,False,,,14000,,False,SI-plot,~,,steady_thermal_catalytic,0.00435828,rate / WHSV,0.0727267,-1.35137,0,3.66877,14.7063,,,,14.434,425,170,9.30842,primary,SI Figure S4,10.1021/acscatal.1c02887 | 400 C | 2 MPa | H2/N2 3 | 7.2e+04 mL/g/h,per g catalyst,14000,False
10.1021/acscatal.1c02887,"SI Figure S4, commercial fused iron catalyst, ~3.1 MPa",Commercial fused iron catalyst,"commercial wüstite-based fused iron catalyst, AmoMax® 10RS, used as received followed by activation procedure",Fe,,True,400,3.1,3,72000,False,,,23000,,False,SI-plot,~,,steady_thermal_catalytic,0.00716003,rate / WHSV,0.100928,-1.3511,0,3.97647,14.7041,,,,14.3539,425,170,9.2663,primary,SI Figure S4,10.1021/acscatal.1c02887 | 400 C | 3.1 MPa | H2/N2 3 | 7.2e+04 mL/g/h,per g catalyst,23000,False
10.1021/acscatal.1c02887,"SI Figure S4, commercial fused iron catalyst, ~4.1 MPa",Commercial fused iron catalyst,"commercial wüstite-based fused iron catalyst, AmoMax® 10RS, used as received followed by activation procedure",Fe,,True,400,4.1,3,72000,False,,,30000,,False,SI-plot,~,,steady_thermal_catalytic,0.00933917,rate / WHSV,0.126112,-1.35389,0,3.79933,14.7267,,,,14.3983,425,170,9.70765,primary,SI Figure S4,10.1021/acscatal.1c02887 | 400 C | 4 MPa | H2/N2 3 | 7.2e+04 mL/g/h,per g catalyst,30000,False
10.1021/acscatal.1c02887,"SI Figure S4, commercial fused iron catalyst, ~5.1 MPa",Commercial fused iron catalyst,"commercial wüstite-based fused iron catalyst, AmoMax® 10RS, used as received followed by activation procedure",Fe,,True,400,5.1,3,72000,False,,,40000,,False,SI-plot,~,,steady_thermal_catalytic,0.0124522,rate / WHSV,0.148823,-1.35385,0,3.96938,14.7264,,,,14.3556,425,170,9.70083,primary,SI Figure S4,10.1021/acscatal.1c02887 | 400 C | 5.1 MPa | H2/N2 3 | 7.2e+04 mL/g/h,per g catalyst,40000,False
10.1021/acscatal.6b01940,"SI Figure S6, 5 wt% Ru/CaNH",Ru/CaNH,"CaNH was prepared from Ca(NH2)2 heated at 613 K for 12 h under N2 and H2 flow (H2/N2 = 3, 60 mL min−1).",Ru,5,False,339.85,0.1,3,36000,False,,,1600,32000,False,SI-plot,=,,steady_thermal_catalytic,0.000996178,rate / WHSV,0.00970011,-1.13992,0,0.855071,22.2517,19.007,22.5449,22.0586,22.6717,450,430,2.1726,primary,SI Figure S6,10.1021/acscatal.6b01940 | 340 C | 0.1 MPa | H2/N2 3 | 3.6e+04 mL/g/h,per g catalyst,1600,False
10.1021/acscatal.7b00284,"SI Figure S6, ~1 h",3BaH2-10%Co/CNTs,,Co,10,False,300,1,3,60000,False,60000 mL gcat−1 h−1,,5450,54500,False,SI-plot,~,1 h,steady_thermal_catalytic,0.00203594,rate / WHSV,0.144217,-0.978192,0,7.46647e+07,17.625,,18.7094,16.3962,13.651,450,200,24.5455,primary,SI Figure S6,,,,
10.1021/acscatal.7b00284,"SI Figure S6, ~2 h",3BaH2-10%Co/CNTs,,Co,10,False,300,1,,60000,True,,,5400,54000,False,SI-plot,~,2 h,steady_thermal_catalytic,0.00201726,rate / WHSV (WHSV of the paper's comparison),0.144217,-0.97668,0,7.38679e+07,17.6493,,18.7369,16.4146,13.6545,450,200,24.929,primary,SI Figure S6,,,,
10.1021/acscatal.7b00284,"SI Figure S6, ~3 h",3BaH2-10%Co/CNTs,,Co,10,False,300,1,,60000,True,,,5100,51000,False,SI-plot,~,3 h,steady_thermal_catalytic,0.00190519,rate / WHSV (WHSV of the paper's comparison),0.144217,-0.967739,0,6.91323e+07,17.7937,,18.8796,16.5289,13.6769,450,185,24.5452,primary,SI Figure S6,,,,
10.1021/acscatal.7b00284,"SI Figure S6, ~4 h",3BaH2-10%Co/CNTs,,Co,10,False,300,1,,60000,True,,,5200,52000,False,SI-plot,~,4 h,steady_thermal_catalytic,0.00194255,rate / WHSV (WHSV of the paper's comparison),0.144217,-0.970697,0,7.07022e+07,17.7508,,18.8315,16.4907,13.6691,450,185,23.8057,primary,SI Figure S6,,,,
10.1021/acscatal.7b00284,"SI Figure S6, ~5 h",3BaH2-10%Co/CNTs,,Co,10,False,300,1,,60000,True,,,5160,51600,False,SI-plot,~,5 h,steady_thermal_catalytic,0.0019276,rate / WHSV (WHSV of the paper's comparison),0.144217,-0.969511,0,7.00732e+07,17.7677,,18.8504,16.5058,13.6722,450,185,24.0975,primary,SI Figure S6,,,,
10.1021/acscatal.7b00284,"SI Figure S6, ~6 h",3BaH2-10%Co/CNTs,,Co,10,False,300,1,,60000,True,,,5150,51500,False,SI-plot,~,6 h,steady_thermal_catalytic,0.00192387,rate / WHSV (WHSV of the paper's comparison),0.144217,-0.969215,0,6.99162e+07,17.772,,18.8552,16.5096,13.673,450,185,24.1716,primary,SI Figure S6,,,,
10.1021/acscatal.7b00284,"SI Figure S6, ~7 h",3BaH2-10%Co/CNTs,,Co,10,False,300,1,,60000,True,,,5120,51200,False,SI-plot,~,7 h,steady_thermal_catalytic,0.00191266,rate / WHSV (WHSV of the paper's comparison),0.144217,-0.968329,0,6.94456e+07,17.785,,18.8698,16.5212,13.6754,450,185,24.3953,primary,SI Figure S6,,,,
10.1021/acscatal.7b00284,"SI Figure S6, ~8 h",3BaH2-10%Co/CNTs,,Co,10,False,300,1,,60000,True,,,5100,51000,False,SI-plot,~,8 h,steady_thermal_catalytic,0.00190519,rate / WHSV (WHSV of the paper's comparison),0.144217,-0.967739,0,6.91323e+07,17.7937,,18.8796,16.5289,13.6769,450,185,24.5452,primary,SI Figure S6,,,,
10.1021/acscatal.7b00284,"SI Figure S6, ~9 h",3BaH2-10%Co/CNTs,,Co,10,False,300,1,,60000,True,,,5000,50000,False,SI-plot,~,9 h,steady_thermal_catalytic,0.00186783,rate / WHSV (WHSV of the paper's comparison),0.144217,-0.9648,0,6.75709e+07,17.8382,,18.9293,16.5684,13.685,450,185,25.307,primary,SI Figure S6,,,,
10.1021/acscatal.7b00284,"SI Figure S6, ~20 h",3BaH2-10%Co/CNTs,,Co,10,False,300,1,,60000,True,,,4950,49500,False,SI-plot,~,20 h,steady_thermal_catalytic,0.00184915,rate / WHSV (WHSV of the paper's comparison),0.144217,-0.963337,0,6.67934e+07,17.8613,,18.9551,16.589,13.6892,450,185,25.7016,primary,SI Figure S6,,,,
10.1021/acscatal.7b00284,"SI Figure S6, ~22 h",3BaH2-10%Co/CNTs,,Co,10,False,300,1,,60000,True,,,4900,49000,False,SI-plot,~,22 h,steady_thermal_catalytic,0.00183048,rate / WHSV (WHSV of the paper's comparison),0.144217,-0.961879,0,6.60181e+07,17.8847,,18.9814,16.6098,13.6935,450,185,26.1012,primary,SI Figure S6,,,,
10.1021/acscatal.7b00284,"SI Figure S6, ~24 h",3BaH2-10%Co/CNTs,,Co,10,False,300,1,,60000,True,,,4850,48500,False,SI-plot,~,24 h,steady_thermal_catalytic,0.0018118,rate / WHSV (WHSV of the paper's comparison),0.144217,-0.960424,0,6.52448e+07,17.9085,,19.0081,16.6309,13.6979,450,185,26.506,primary,SI Figure S6,,,,
10.1021/acscatal.7b00284,"SI Figure S6, ~26 h",3BaH2-10%Co/CNTs,,Co,10,False,300,1,,60000,True,,,4800,48000,False,SI-plot,~,26 h,steady_thermal_catalytic,0.00179312,rate / WHSV (WHSV of the paper's comparison),0.144217,-0.958973,0,6.44738e+07,17.933,,19.0355,16.6526,13.7023,450,185,26.9212,primary,SI Figure S6,,,,
10.1021/acscatal.7b00284,"SI Figure S6, ~28 h",3BaH2-10%Co/CNTs,,Co,10,False,300,1,,60000,True,,,4760,47600,False,SI-plot,~,28 h,steady_thermal_catalytic,0.00177818,rate / WHSV (WHSV of the paper's comparison),0.144217,-0.957814,0,6.38584e+07,17.9529,,19.0569,16.6703,13.7059,450,185,27.2591,primary,SI Figure S6,,,,
10.1021/acscatal.7b00284,"SI Figure S6, ~30 h",3BaH2-10%Co/CNTs,,Co,10,False,300,1,,60000,True,,,4800,48000,False,SI-plot,~,30 h,steady_thermal_catalytic,0.00179312,rate / WHSV (WHSV of the paper's comparison),0.144217,-0.958973,0,6.44738e+07,17.933,,19.0355,16.6526,13.7023,450,185,26.9212,primary,SI Figure S6,10.1021/acscatal.7b00284 | 300 C | 1 MPa | H2/N2 3 | 6e+04 mL/g/h,per g catalyst,4800,False
10.1021/acscatal.8b02839,SI Table S1 row Ru(10%)/BaO-CaH2,Ru/BaO−CaH2,,Ru,10,False,300,0.9,,36000,False,36000 mL g−1 h−1,,16500,165000,False,SI,=,,steady_thermal_catalytic,0.0102731,rate / WHSV,0.133169,-1.13,1.56983,37.1521,16.3195,15.0722,16.3596,16.2971,16.307,450,220,0.549772,primary,SI Table S1,10.1021/acscatal.8b02839 | 300 C | 0.9 MPa | H2/N2 3 | 3.6e+04 mL/g/h,per g catalyst,16500,False
10.1021/acscatal.8b02839,"SI Figure S5 Ru/BaO-CaH2, ~0.2 MPa",Ru/BaO−CaH2,,Ru,10,False,340,0.2,3,36000,False,,,14500,145000,False,SI-plot,~,,steady_thermal_catalytic,0.00902786,rate / WHSV,0.0189915,-1.015,1.48606,38.5227,17.5843,15.5754,17.6505,17.5395,16.2755,450,220,0.989721,primary,SI Figure S5,10.1021/acscatal.8b02839 | 340 C | 0.2 MPa | H2/N2 3 | 3.6e+04 mL/g/h,per g catalyst,14500,False
10.1021/acscatal.8b02839,"SI Figure S5 Ru/BaO-CaH2, ~0.3 MPa",Ru/BaO−CaH2,,Ru,10,False,340,0.3,3,36000,False,,,19500,195000,False,SI-plot,~,,steady_thermal_catalytic,0.0121409,rate / WHSV,0.0279683,-1.04,1.5639,42.5391,17.0024,15.4161,17.0674,16.9583,16.1914,450,220,0.96951,primary,SI Figure S5,10.1021/acscatal.8b02839 | 340 C | 0.3 MPa | H2/N2 3 | 3.6e+04 mL/g/h,per g catalyst,19500,False
10.1021/acscatal.8b02839,"SI Figure S5 Ru/BaO-CaH2, ~0.5 MPa",Ru/BaO−CaH2,,Ru,10,False,340,0.5,3,36000,False,,,26200,262000,False,SI-plot,~,,steady_thermal_catalytic,0.0163124,rate / WHSV,0.0449951,-1.075,1.57148,40.0936,16.6261,15.3249,16.6774,16.591,16.2421,450,220,0.737949,primary,SI Figure S5,10.1021/acscatal.8b02839 | 340 C | 0.5 MPa | H2/N2 3 | 3.6e+04 mL/g/h,per g catalyst,26200,False
10.1021/acscatal.8b02839,"SI Figure S5 Ru/BaO-CaH2, ~0.7 MPa",Ru/BaO−CaH2,,Ru,10,False,340,0.7,3,36000,False,,,30700,307000,False,SI-plot,~,,steady_thermal_catalytic,0.0191142,rate / WHSV,0.060911,-1.095,1.53908,35.8734,16.5693,15.2709,16.6185,16.5365,16.3385,450,220,0.703067,primary,SI Figure S5,10.1021/acscatal.8b02839 | 340 C | 0.7 MPa | H2/N2 3 | 3.6e+04 mL/g/h,per g catalyst,30700,False
10.1021/acscatal.8b02839,"SI Figure S5 Ru/BaO-CaH2, ~0.9 MPa",Ru/BaO−CaH2,,Ru,10,False,340,0.9,3,36000,False,,,34000,340000,False,SI-plot,~,,steady_thermal_catalytic,0.0211688,rate / WHSV,0.0758434,-1.11,1.4999,32.1401,16.5795,15.2695,16.6291,16.5463,16.4448,450,220,0.709348,primary,SI Figure S5,10.1021/acscatal.8b02839 | 340 C | 0.9 MPa | H2/N2 3 | 3.6e+04 mL/g/h,per g catalyst,34000,False
10.1021/acscatal.8b02839,"SI Figure S5 Ru-Cs/MgO, ~0.1 MPa",Ru-Cs/MgO,,Ru,10,False,340,0.1,3,36000,False,,,5800,58000,False,SI-plot,~,,steady_thermal_catalytic,0.00361114,rate / WHSV,0.00967694,-0.985,0.827953,10.7892,20.875,17.302,20.9538,20.8143,18.0023,450,220,1.42753,primary,SI Figure S5,10.1021/acscatal.8b02839 | 340 C | 0.1 MPa | H2/N2 3 | 3.6e+04 mL/g/h,per g catalyst,5800,False
10.1021/acscatal.8b02839,"SI Figure S5 Ru-Cs/MgO, ~0.2 MPa",Ru-Cs/MgO,,Ru,10,False,340,0.2,3,36000,False,,,8300,83000,False,SI-plot,~,,steady_thermal_catalytic,0.00516767,rate / WHSV,0.0189915,-1.025,0.754672,7.65136,20.3988,16.9807,20.4734,20.3487,18.5889,450,220,1.13375,primary,SI Figure S5,10.1021/acscatal.8b02839 | 340 C | 0.2 MPa | H2/N2 3 | 3.6e+04 mL/g/h,per g catalyst,8300,False
10.1021/acscatal.8b02839,"SI Figure S5 Ru-Cs/MgO, ~0.4 MPa",Ru-Cs/MgO,,Ru,10,False,340,0.4,3,36000,False,,,7400,74000,False,SI-plot,~,,steady_thermal_catalytic,0.00460732,rate / WHSV,0.0366295,-1.06,0.101596,1.56516,22.8154,18.9418,22.895,22.7621,21.289,450,220,1.21996,primary,SI Figure S5,10.1021/acscatal.8b02839 | 340 C | 0.4 MPa | H2/N2 3 | 3.6e+04 mL/g/h,per g catalyst,7400,False
10.1021/acscatal.8b02839,"SI Figure S5 Ru-Cs/MgO, ~0.6 MPa",Ru-Cs/MgO,,Ru,10,False,340,0.6,3,36000,False,,,7000,70000,False,SI-plot,~,,steady_thermal_catalytic,0.00435828,rate / WHSV,0.0530834,-1.1701,0,0.670619,21.7578,18.4168,21.9391,21.6396,22.9962,450,430,1.25642,primary,SI Figure S5,10.1021/acscatal.8b02839 | 340 C | 0.6 MPa | H2/N2 3 | 3.6e+04 mL/g/h,per g catalyst,7000,False
10.1021/acscatal.8b02839,"SI Figure S5 Ru-Cs/MgO, ~0.8 MPa",Ru-Cs/MgO,,Ru,10,False,340,0.8,3,36000,False,,,6700,67000,False,SI-plot,~,,steady_thermal_catalytic,0.00417149,rate / WHSV,0.0684931,-1.19894,0,0.373118,21.5713,18.3351,21.738,21.462,24.2477,450,430,1.1469,primary,SI Figure S5,10.1021/acscatal.8b02839 | 340 C | 0.8 MPa | H2/N2 3 | 3.6e+04 mL/g/h,per g catalyst,6700,False
10.1021/acscatal.8b02839,"SI Figure S5 Ru-Cs/MgO, ~1.0 MPa",Ru-Cs/MgO,,Ru,10,False,340,1,3,36000,False,,,6500,65000,False,SI-plot,~,,steady_thermal_catalytic,0.00404697,rate / WHSV,0.0829749,-1.21429,0,0.243552,21.5396,18.3293,21.7038,21.4318,25.1749,450,430,1.1283,primary,SI Figure S5,10.1021/acscatal.8b02839 | 340 C | 1 MPa | H2/N2 3 | 3.6e+04 mL/g/h,per g catalyst,6500,False
10.1021/acscatal.8b03554,"SI Table S3, 18000 mL g−1 h−1, Ru−Ba/Al2O3-800",Ru−Ba/Al2O3-800,,Ru,5,False,400,1,,18000,False,18000 mL g−1 h−1,,1076,21520,False,SI,=,,steady_thermal_catalytic,0.00133986,rate / WHSV,0.0373265,-1.30616,0,0.0013853,23.723,19.8267,24.2537,23.3934,47.0885,450,430,3.77655,primary,SI Table S3,10.1021/acscatal.8b03554 | 400 C | 1 MPa | H2/N2 3 | 1.8e+04 mL/g/h,per g catalyst,1076,False
10.1021/acscatal.8b03554,"SI Table S3, 18000 mL g−1 h−1, Ru−Ba/Al2O3-900",Ru−Ba/Al2O3-900,,Ru,5,False,400,1,,18000,False,18000 mL g−1 h−1,,2365,47300,False,SI,=,,steady_thermal_catalytic,0.00294495,rate / WHSV,0.0373265,-1.28456,0,0.00831458,22.6328,19.3381,23.0484,22.3527,34.5389,450,430,3.26908,primary,SI Table S3,10.1021/acscatal.8b03554 | 400 C | 1 MPa | H2/N2 3 | 1.8e+04 mL/g/h,per g catalyst,2365,False
10.1021/acscatal.8b03554,"SI Table S3, 18000 mL g−1 h−1, Ru−Ba/Al2O3-980",Ru−Ba/Al2O3-980,,Ru,5,False,400,1,,18000,False,18000 mL g−1 h−1,,3662,73240,False,SI,=,,steady_thermal_catalytic,0.00456,rate / WHSV,0.0373265,-1.27155,0,0.0251914,22.2432,19.1569,22.6401,21.9974,30.9952,450,430,2.84426,primary,SI Table S3,10.1021/acscatal.8b03554 | 400 C | 1 MPa | H2/N2 3 | 1.8e+04 mL/g/h,per g catalyst,3662,False
10.1021/acscatal.8b03554,"SI Table S3, 18000 mL g−1 h−1, Ru−Ba/Al2O3-1300",Ru−Ba/Al2O3-1300,,Ru,5,False,400,1,,18000,False,18000 mL g−1 h−1,,1613,32260,False,SI,=,,steady_thermal_catalytic,0.00200854,rate / WHSV,0.0373265,-1.29511,0,0.00335781,23.0922,19.5419,23.5313,22.7714,39.2521,450,430,3.7703,primary,SI Table S3,10.1021/acscatal.8b03554 | 400 C | 1 MPa | H2/N2 3 | 1.8e+04 mL/g/h,per g catalyst,1613,False
10.1021/acscatal.8b03650,"SI Figure S1, 200 °C",Co/C12A7:e−,,Co,2.6,False,200,0.1,3,18000,False,,,60,,False,SI-plot,~,,steady_thermal_catalytic,7.47133e-05,rate / WHSV,0.131793,-1.08,0.352996,2.45608e+11,17.1337,,18.2069,16.0481,11.12,450,215,19.9425,flagged: T outside 300-500 C,SI Figure S1,,,,
10.1021/acscatal.8b03650,"SI Figure S1, 220 °C",Co/C12A7:e−,,Co,,False,220,0.1,,,False,,,80,,False,SI-plot,~,,steady_thermal_catalytic,,,,,,,,,,,,,,,outside: metal content not given,SI Figure S1,,,,
10.1021/acscatal.8b03650,"SI Figure S1, 240 °C",Co/C12A7:e−,,Co,,False,240,0.1,,,False,,,140,,False,SI-plot,~,,steady_thermal_catalytic,,,,,,,,,,,,,,,outside: metal content not given,SI Figure S1,,,,
10.1021/acscatal.8b03650,"SI Figure S1, 260 °C",Co/C12A7:e−,,Co,,False,260,0.1,,,False,,,270,,False,SI-plot,~,,steady_thermal_catalytic,,,,,,,,,,,,,,,outside: metal content not given,SI Figure S1,,,,
10.1021/acscatal.8b03650,"SI Figure S1, 280 °C",Co/C12A7:e−,,Co,,False,280,0.1,,,False,,,380,,False,SI-plot,~,,steady_thermal_catalytic,,,,,,,,,,,,,,,outside: metal content not given,SI Figure S1,,,,
10.1021/acscatal.8b03650,"SI Figure S1, 300 °C",Co/C12A7:e−,,Co,2.6,False,300,0.1,3,18000,False,,,460,,False,SI-plot,~,,steady_thermal_catalytic,0.000572802,rate / WHSV,0.0189526,-0.890507,0,2.84379e+07,21.5076,,22.8398,19.978,14.5741,450,110,43.1972,primary,SI Figure S1,10.1021/acscatal.8b03650 | 300 C | 0.1 MPa | H2/N2 3 | 1.8e+04 mL/g/h,per g catalyst,460,False
10.1021/acscatal.8b03650,"SI Figure S1, 320 °C",Co/C12A7:e−,,Co,,False,320,0.1,,,False,,,650,,False,SI-plot,~,,steady_thermal_catalytic,,,,,,,,,,,,,,,outside: metal content not given,SI Figure S1,,,,
10.1021/acscatal.8b03650,"SI Figure S1, 360 °C",Co/C12A7:e−,,Co,,False,360,0.1,,18000,True,,,1100,,False,SI-plot,~,,steady_thermal_catalytic,0.00136974,rate / WHSV (WHSV of the paper's comparison),,,,,,,,,,,,,outside: metal content not given,SI Figure S1,,,,
10.1021/acscatal.8b03650,"SI Figure S1, 380 °C",Co/C12A7:e−,,Co,,False,380,0.1,,18000,True,,,1600,,False,SI-plot,~,,steady_thermal_catalytic,0.00199236,rate / WHSV (WHSV of the paper's comparison),,,,,,,,,,,,,outside: metal content not given,SI Figure S1,,,,
10.1021/jacs.9b10726,SI Figure S20 Ru/BaCeO3−xNyHz 240 °C,Ru/BaCeO3−xNyHz,,Ru,4.5,False,240,,,,False,,,1100,24444.4,False,SI-plot,~,,steady_thermal_catalytic,,,,,,,,,,,,,,,outside: no T or P,SI Figure S20,,,,
10.1021/jacs.9b10726,SI Figure S20 Ru/BaCeO3−xNyHz 260 °C,Ru/BaCeO3−xNyHz,,Ru,4.5,False,260,,,,False,,,1900,42222.2,False,SI-plot,~,,steady_thermal_catalytic,,,,,,,,,,,,,,,outside: no T or P,SI Figure S20,,,,
10.1021/jacs.9b10726,SI Figure S20 Ru/BaCeO3−xNyHz 280 °C,Ru/BaCeO3−xNyHz,,Ru,4.5,False,280,,,,False,,,3300,73333.3,False,SI-plot,~,,steady_thermal_catalytic,,,,,,,,,,,,,,,outside: no T or P,SI Figure S20,,,,
10.1021/jacs.9b10726,SI Figure S20 Ru/BaCeO3−xNyHz 320 °C,Ru/BaCeO3−xNyHz,,Ru,4.5,False,320,,,,False,,,8100,180000,False,SI-plot,~,,steady_thermal_catalytic,,,,,,,,,,,,,,,outside: no T or P,SI Figure S20,,,,
10.1021/jacs.9b10726,SI Figure S20 Ru/BaCeO3−xNyHz 360 °C,Ru/BaCeO3−xNyHz,,Ru,4.5,False,360,,,,False,,,16400,364444,False,SI-plot,~,,steady_thermal_catalytic,,,,,,,,,,,,,,,outside: no T or P,SI Figure S20,,,,
10.1021/jacs.9b10726,SI Figure S20 Ru/BaCeO3−xNyHz 380 °C,Ru/BaCeO3−xNyHz,,Ru,4.5,False,380,,,,False,,,21100,468889,False,SI-plot,~,,steady_thermal_catalytic,,,,,,,,,,,,,,,outside: no T or P,SI Figure S20,,,,
10.1021/jacs.9b10726,SI Figure S20 Ru/CeO2 280 °C,Ru/CeO2,,Ru,,False,280,,,,False,,,500,,False,SI-plot,~,,steady_thermal_catalytic,,,,,,,,,,,,,,,outside: metal content not given; no T or P,SI Figure S20,,,,
10.1021/jacs.9b10726,SI Figure S20 Ru/CeO2 300 °C,Ru/CeO2,,Ru,,False,300,,,,False,,,800,,False,SI-plot,~,,steady_thermal_catalytic,,,,,,,,,,,,,,,outside: metal content not given; no T or P,SI Figure S20,,,,
10.1021/jacs.9b10726,SI Figure S20 Ru/CeO2 320 °C,Ru/CeO2,,Ru,,False,320,,,,False,,,1500,,False,SI-plot,~,,steady_thermal_catalytic,,,,,,,,,,,,,,,outside: metal content not given; no T or P,SI Figure S20,,,,
10.1021/jacs.9b10726,SI Figure S20 Ru/CeO2 340 °C,Ru/CeO2,,Ru,,False,340,,,,False,,,2500,,False,SI-plot,~,,steady_thermal_catalytic,,,,,,,,,,,,,,,outside: metal content not given; no T or P,SI Figure S20,,,,
10.1021/jacs.9b10726,SI Figure S20 Ru/CeO2 360 °C,Ru/CeO2,,Ru,,False,360,,,,False,,,4200,,False,SI-plot,~,,steady_thermal_catalytic,,,,,,,,,,,,,,,outside: metal content not given; no T or P,SI Figure S20,,,,
10.1021/jacs.9b10726,SI Figure S20 Ru/CeO2 380 °C,Ru/CeO2,,Ru,,False,380,,,,False,,,6400,,False,SI-plot,~,,steady_thermal_catalytic,,,,,,,,,,,,,,,outside: metal content not given; no T or P,SI Figure S20,,,,
10.1021/jacs.9b10726,SI Figure S20 Ru/CeO2 400 °C,Ru/CeO2,,Ru,,False,400,,,,False,,,9200,,False,SI-plot,~,,steady_thermal_catalytic,,,,,,,,,,,,,,,outside: metal content not given; no T or P,SI Figure S20,,,,
10.1038/nchem.1476,SI Table S2 row 1,Ru/γ-Al2O3,γ-Al2O3 heated at 500 °C for 5 h in air; Ru3(CO)12 in THF; heated at 450 °C for 2 h in vacuum and reduced in H2 at 400 °C for 4 h.,Ru,1,False,320,0.1,3,18000,False,,0.001,10,1000,False,SI,=,,steady_thermal_catalytic,1e-05,printed outlet,0.0134251,-1.21825,0,0.0078329,22.7578,20.8165,23.6032,22.0213,37.2735,450,410,7.49589,primary,SI Table S2,10.1038/nchem.1476 | 320 C | 0.1 MPa | H2/N2 3 | 1.8e+04 mL/g/h,per g catalyst,10,False
10.1038/nchem.1476,SI Table S2 row 2,Ru/CaO,Ru loading on CaO was achieved using the same method as that for Ru/C12A7:e−.,Ru,1,False,320,0.1,3,18000,False,,0.002,12,1200,False,SI,=,,steady_thermal_catalytic,2e-05,printed outlet,0.0134251,-1.21497,0,0.00974446,22.7482,20.8002,23.5601,22.02,35.9825,450,410,7.46245,primary,SI Table S2,10.1038/nchem.1476 | 320 C | 0.1 MPa | H2/N2 3 | 1.8e+04 mL/g/h,per g catalyst,12,False
10.1038/nchem.1476,SI Table S2 row 3,Ru-Ba/AC,AC impregnated with Ru3(CO)12 in THF; heated to 450 °C in high vacuum and reduced in H2 at 400 °C for 4 h; Ba introduced by wet impregnation with Ba(NO3)2 and dried at 120 °C for 10 h.,Ru,1,False,320,0.1,3,18000,False,,0.002,14,1400,False,SI,=,,steady_thermal_catalytic,2e-05,printed outlet,0.0134251,-1.21226,0,0.0113685,22.7442,20.7902,23.5307,22.0227,35.219,450,410,7.4487,primary,SI Table S2,10.1038/nchem.1476 | 320 C | 0.1 MPa | H2/N2 3 | 1.8e+04 mL/g/h,per g catalyst,14,False
10.1038/nchem.1476,SI Table S2 row 4,Ru-Cs/MgO,MgO heated in high vacuum at 500 °C for 6 h; Ru3(CO)12 in THF; heated to 450 °C in high vacuum; Cs2CO3 in absolute ethanol; dried in vacuum.,Ru,1,False,320,0.1,3,18000,False,,0.084,618,61800,False,SI,=,,steady_thermal_catalytic,0.00084,printed outlet,0.0134251,-1.025,0.0849085,3.05206,24.224,21.9623,24.7633,23.7962,20.7998,450,205,9.76822,primary,SI Table S2,10.1038/nchem.1476 | 320 C | 0.1 MPa | H2/N2 3 | 1.8e+04 mL/g/h,per g catalyst,618,False
10.1038/nchem.1476,SI Table S2 row 5,Ru/C12A7:O2−,,Ru,1,False,320,0.1,3,18000,False,,0.008,59,5900,False,SI,=,,steady_thermal_catalytic,8e-05,printed outlet,0.0134251,-1.18633,0,0.0587297,22.7946,20.7702,23.3817,22.108,29.5031,450,375,7.62786,primary,SI Table S2,10.1038/nchem.1476 | 320 C | 0.1 MPa | H2/N2 3 | 1.8e+04 mL/g/h,per g catalyst,59,False
10.1038/nchem.1476,SI Table S2 row 6,Ru/C12A7:e−,,Ru,1,False,320,0.1,3,18000,False,,0.114,838,83800,False,SI,=,,steady_thermal_catalytic,0.00114,printed outlet,0.0134251,-1.025,0.456647,6.13959,22.3862,20.2944,22.9043,21.9874,19.4843,450,220,10.7116,primary,SI Table S2,10.1038/nchem.1476 | 320 C | 0.1 MPa | H2/N2 3 | 1.8e+04 mL/g/h,per g catalyst,838,False
10.1038/s41467-020-14287-z,"SI Figure S10, 3 MPa",Co–N–C,atomically dispersed Co atoms on N-doped carbon,Co,3.73,False,350,3,,,False,,,8800,235925,False,SI-plot,~,,steady_thermal_catalytic,0.00305079,,0.172638,-0.879022,0,4.14279e+06,21.1058,,22.4435,19.6278,15.2834,450,110,52.9955,primary: outlet NH3 assumed (median),SI Figure S10,10.1038/s41467-020-14287-z | 350 C | 3 MPa | H2/N2 3 | SV not given,per g catalyst,8800,False
10.1038/s41467-020-14287-z,"SI Figure S9, Co–N–C 275 ℃",Co–N–C,atomically dispersed Co atoms on N-doped carbon,Co,3.73,False,275,1,3,60000,False,60000 mL g−1 h−1,,450,12064.3,False,plot,~,,steady_thermal_catalytic,0.000168105,rate / WHSV,0.202167,-0.901837,0,1.66399e+08,20.6388,,21.8413,19.1234,13.7073,450,110,40.2468,flagged: T outside 300-500 C,SI Figure S9,,,,
10.1038/s41467-020-14287-z,"SI Figure S9, Co–N–C 325 ℃",Co–N–C,atomically dispersed Co atoms on N-doped carbon,Co,3.73,False,325,1,3,60000,False,60000 mL g−1 h−1,,2600,69705.1,False,plot,~,,steady_thermal_catalytic,0.000971273,rate / WHSV,0.10208,-0.860847,0,9.20162e+06,21.551,,22.9192,20.0108,14.9998,450,110,44.1783,primary,SI Figure S9,10.1038/s41467-020-14287-z | 325 C | 1 MPa | H2/N2 3 | 6e+04 mL/g/h,per g catalyst,2600,False
10.1038/s41467-020-14287-z,"SI Figure S9, Co/C 275 ℃",Co/C,,Co,3.8,False,275,1,3,60000,False,60000 mL g−1 h−1,,60,1578.95,False,plot,~,,steady_thermal_catalytic,2.2414e-05,rate / WHSV,0.202167,-0.824036,0,2.13472e+07,22.5739,,24.046,20.7982,14.5423,450,110,49.1001,flagged: T outside 300-500 C,SI Figure S9,,,,
10.1038/s41467-020-14287-z,"SI Figure S9, Co/C 325 ℃",Co/C,,Co,3.8,False,325,1,3,60000,False,60000 mL g−1 h−1,,220,5789.47,False,plot,~,,steady_thermal_catalytic,8.21847e-05,rate / WHSV,0.10208,-0.747665,0,725803,25.7966,,30.9129,23.3204,16.4418,450,105,89.7722,primary,SI Figure S9,10.1038/s41467-020-14287-z | 325 C | 1 MPa | H2/N2 3 | 6e+04 mL/g/h,per g catalyst,220,False
10.1039/c4ra06175f,"SI Fig S6 bar 1, GHSV 0.8 × 10^5",Co/CeO2–H,Pellet diameter 0.30-0.56 mm; quartz sand:catalyst = 30:1.,Co,,False,430,,,80000,False,80000 cm3 gcat-1 h-1,,20000,,False,SI-plot,~,,steady_thermal_catalytic,0.0056035,rate / WHSV,,,,,,,,,,,,,outside: metal content not given; no T or P,SI Figure S6,,,,
10.1039/c4ra06175f,"SI Fig S6 bar 2, GHSV 1.4 × 10^5",Co/CeO2–H,Pellet diameter 0.30-0.56 mm; quartz sand:catalyst = 30:1.,Co,,False,430,,,140000,False,140000 cm3 gcat-1 h-1,,40000,,False,SI-plot,~,,steady_thermal_catalytic,0.006404,rate / WHSV,,,,,,,,,,,,,outside: metal content not given; no T or P,SI Figure S6,,,,
10.1039/c4ra06175f,"SI Fig S6 bar 3, GHSV 1.8 × 10^5",Co/CeO2–H,Pellet diameter 0.30-0.56 mm; quartz sand:catalyst = 30:1.,Co,,False,430,,,180000,False,180000 cm3 gcat-1 h-1,,50000,,False,SI-plot,~,,steady_thermal_catalytic,0.00622611,rate / WHSV,,,,,,,,,,,,,outside: metal content not given; no T or P,SI Figure S6,,,,
10.1039/c4ra06175f,"SI Fig S6 bar 5, GHSV 2.6 × 10^5",Co/CeO2–H,Pellet diameter 0.30-0.56 mm; quartz sand:catalyst = 15:1.,Co,,False,430,,,260000,False,260000 cm3 gcat-1 h-1,,52000,,False,SI-plot,~,,steady_thermal_catalytic,0.0044828,rate / WHSV,,,,,,,,,,,,,outside: metal content not given; no T or P,SI Figure S6,,,,
10.1039/c6cy02089e,"SI Figure S9, Ru/γ-Al2O3, 400 °C",Ru/γ-Al2O3,,Ru,,False,400,1,3,18000,True,,,100,,False,SI-plot,~,,steady_thermal_catalytic,0.000124522,rate / WHSV (WHSV of the paper's comparison),,,,,,,,,,,,,outside: metal content not given,SI Figure S9,,,,
10.1039/c6cy02089e,"SI Figure S9, Ru/MgO, 400 °C",Ru/MgO,,Ru,,False,400,1,3,18000,True,,,390,,False,SI-plot,~,,steady_thermal_catalytic,0.000485637,rate / WHSV (WHSV of the paper's comparison),,,,,,,,,,,,,outside: metal content not given,SI Figure S9,,,,
10.1039/c6cy02089e,"SI Table S4, 2K–Ru/r-CeO2, 3 MPa, 653 K",2K–Ru/r-CeO2,Ru3(CO)12 precursor,Ru,4,False,379.85,3,,,False,,,12500,312500,False,SI,=,,steady_thermal_catalytic,0.00305079,,0.123381,-1.26698,0,0.0248151,22.2367,19.3257,22.683,21.9447,31.113,450,430,3.41567,primary: outlet NH3 assumed (median),SI Table S4,10.1039/c6cy02089e | 380 C | 3 MPa | H2/N2 3 | SV not given,per g catalyst,12500,False
10.1039/c6cy02089e,"SI Table S4, 2K–Ru/r-CeO2, 3 MPa, 673 K",2K–Ru/r-CeO2,Ru3(CO)12 precursor,Ru,4,False,399.85,3,,18000,True,,,19600,490000,False,SI,=,,steady_thermal_catalytic,0.0244064,rate / WHSV (WHSV of the paper's comparison),0.0984199,-1.2247,0,0.583115,21.793,18.9865,22.1836,21.548,23.5444,450,430,2.83311,primary,SI Table S4,10.1039/c6cy02089e | 400 C | 3 MPa | H2/N2 3 | 1.8e+04 mL/g/h,per g catalyst,19600,False
10.1039/c6cy02089e,"SI Table S4, 2Ba–Ru/r-CeO2, 3 MPa, 653 K",2Ba–Ru/r-CeO2,Ru3(CO)12 precursor,Ru,4,False,379.85,3,,,False,,,7400,185000,False,SI,=,,steady_thermal_catalytic,0.00305079,,0.123381,-1.27838,0,0.0146906,22.5346,19.4846,23.0043,22.2108,32.6613,450,430,3.80699,primary: outlet NH3 assumed (median),SI Table S4,10.1039/c6cy02089e | 380 C | 3 MPa | H2/N2 3 | SV not given,per g catalyst,7400,False
10.1039/c6cy02089e,"SI Table S4, 2Ba–Ru/r-CeO2, 3 MPa, 673 K",2Ba–Ru/r-CeO2,Ru3(CO)12 precursor,Ru,4,False,399.85,3,,18000,True,,,12300,307500,False,SI,=,,steady_thermal_catalytic,0.0153162,rate / WHSV (WHSV of the paper's comparison),0.0984199,-1.26885,0,0.151108,22.278,19.3544,22.7276,21.9816,26.533,450,430,3.46987,primary,SI Table S4,10.1039/c6cy02089e | 400 C | 3 MPa | H2/N2 3 | 1.8e+04 mL/g/h,per g catalyst,12300,False
10.1039/c6cy02089e,"SI Table S4, 2Cs–Ru/r-CeO2, 3 MPa, 653 K",2Cs–Ru/r-CeO2,Ru3(CO)12 precursor,Ru,4,False,379.85,3,,,False,,,29400,735000,False,SI,=,,steady_thermal_catalytic,0.00305079,,0.123381,-1.24745,0,0.0583652,21.9331,19.1069,22.3519,21.6733,28.8416,450,430,3.01699,primary: outlet NH3 assumed (median),SI Table S4,10.1039/c6cy02089e | 380 C | 3 MPa | H2/N2 3 | SV not given,per g catalyst,29400,False
10.1039/c6sc00767h,"SI Figure S2a, 0.1 MPa",Ru/Ca2N:e−,"Ru-loading on Ca2N:e−: sample powder and Ru3(CO)12 sealed in evacuated silica tube and heated stepwise up to 250°C, hold for 2 h, then cooled to ambient temperature.",Ru,2,False,320,0.1,3,36000,False,36000 mL gcat-1 h-1,,1400,,False,SI-plot,~,,steady_thermal_catalytic,0.000871656,rate / WHSV,0.0134251,-1.025,0.167621,3.61778,23.4782,20.6059,23.7902,23.2436,20.1836,450,210,5.57179,primary,SI Figure S2a,10.1039/c6sc00767h | 320 C | 0.1 MPa | H2/N2 3 | 3.6e+04 mL/g/h,per g catalyst,1400,False
10.1039/c6sc00767h,"SI Figure S2a, 0.3 MPa",Ru/Ca2N:e−,"Ru-loading on Ca2N:e−: sample powder and Ru3(CO)12 sealed in evacuated silica tube and heated stepwise up to 250°C, hold for 2 h, then cooled to ambient temperature.",Ru,,False,320,0.3,3,36000,False,36000 mL gcat-1 h-1,,2700,,False,SI-plot,~,,steady_thermal_catalytic,0.00168105,rate / WHSV,,,,,,,,,,,,,outside: metal content not given,SI Figure S2a,,,,
10.1039/c6sc00767h,"SI Figure S2a, 0.5 MPa",Ru/Ca2N:e−,"Ru-loading on Ca2N:e−: sample powder and Ru3(CO)12 sealed in evacuated silica tube and heated stepwise up to 250°C, hold for 2 h, then cooled to ambient temperature.",Ru,,False,320,0.5,3,36000,False,36000 mL gcat-1 h-1,,3200,,False,SI-plot,~,,steady_thermal_catalytic,0.00199236,rate / WHSV,,,,,,,,,,,,,outside: metal content not given,SI Figure S2a,,,,
10.1039/c6sc00767h,"SI Figure S2a, 0.7 MPa",Ru/Ca2N:e−,"Ru-loading on Ca2N:e−: sample powder and Ru3(CO)12 sealed in evacuated silica tube and heated stepwise up to 250°C, hold for 2 h, then cooled to ambient temperature.",Ru,,False,320,0.7,3,36000,False,36000 mL gcat-1 h-1,,3600,,False,SI-plot,~,,steady_thermal_catalytic,0.0022414,rate / WHSV,,,,,,,,,,,,,outside: metal content not given,SI Figure S2a,,,,
10.1039/c6sc00767h,"SI Figure S2a, 1.0 MPa",Ru/Ca2N:e−,"Ru-loading on Ca2N:e−: sample powder and Ru3(CO)12 sealed in evacuated silica tube and heated stepwise up to 250°C, hold for 2 h, then cooled to ambient temperature.",Ru,,False,320,1,3,36000,False,36000 mL gcat-1 h-1,,4100,,False,SI-plot,~,,steady_thermal_catalytic,0.00255271,rate / WHSV,,,,,,,,,,,,,outside: metal content not given,SI Figure S2a,,,,
10.1039/c6sc00767h,"SI Figure S2b, 0.1 MPa",Ru/C12A7:e−,,Ru,2,False,320,0.1,3,36000,False,36000 mL gcat-1 h-1,,1200,,False,SI-plot,~,,steady_thermal_catalytic,0.000747133,rate / WHSV,0.0134251,-1.0541,0,2.57711,23.7161,20.8966,24.0569,23.5117,20.8334,450,220,5.4789,primary,SI Figure S2b,10.1039/c6sc00767h | 320 C | 0.1 MPa | H2/N2 3 | 3.6e+04 mL/g/h,per g catalyst,1200,False
10.1039/c6sc00767h,"SI Figure S2b, 0.5 MPa",Ru/C12A7:e−,,Ru,,False,320,0.5,3,36000,False,36000 mL gcat-1 h-1,,1400,,False,SI-plot,~,,steady_thermal_catalytic,0.000871656,rate / WHSV,,,,,,,,,,,,,outside: metal content not given,SI Figure S2b,,,,
10.1039/c6sc00767h,"SI Figure S2b, 1.0 MPa",Ru/C12A7:e−,,Ru,,False,320,1,3,36000,False,36000 mL gcat-1 h-1,,1700,,False,SI-plot,~,,steady_thermal_catalytic,0.00105844,rate / WHSV,,,,,,,,,,,,,outside: metal content not given,SI Figure S2b,,,,
10.1039/c6sc00767h,"SI Figure S2c, 0.1 MPa",Ru/CaNH,"CaNH was prepared by heating Ca3N2 at 600°C in a N2 and H2 gas mixture; Ru-loading on CaNH used sample powder and Ru3(CO)12 sealed in evacuated silica tube and heated stepwise up to 250°C, hold for 2 h, then cooled to ambient temperature.",Ru,2,False,320,0.1,3,36000,False,36000 mL gcat-1 h-1,,350,,False,SI-plot,~,,steady_thermal_catalytic,0.000217914,rate / WHSV,0.0134251,-1.16308,0,0.260355,22.4147,19.8223,22.8309,22.0052,25.5606,450,430,4.77832,primary,SI Figure S2c,10.1039/c6sc00767h | 320 C | 0.1 MPa | H2/N2 3 | 3.6e+04 mL/g/h,per g catalyst,350,False
10.1039/c6sc00767h,"SI Figure S2c, 0.3 MPa",Ru/CaNH,"CaNH was prepared by heating Ca3N2 at 600°C in a N2 and H2 gas mixture; Ru-loading on CaNH used sample powder and Ru3(CO)12 sealed in evacuated silica tube and heated stepwise up to 250°C, hold for 2 h, then cooled to ambient temperature.",Ru,,False,320,0.3,3,36000,False,36000 mL gcat-1 h-1,,550,,False,SI-plot,~,,steady_thermal_catalytic,0.000342436,rate / WHSV,,,,,,,,,,,,,outside: metal content not given,SI Figure S2c,,,,
10.1039/c6sc00767h,"SI Figure S2c, 0.5 MPa",Ru/CaNH,"CaNH was prepared by heating Ca3N2 at 600°C in a N2 and H2 gas mixture; Ru-loading on CaNH used sample powder and Ru3(CO)12 sealed in evacuated silica tube and heated stepwise up to 250°C, hold for 2 h, then cooled to ambient temperature.",Ru,,False,320,0.5,3,36000,False,36000 mL gcat-1 h-1,,570,,False,SI-plot,~,,steady_thermal_catalytic,0.000354888,rate / WHSV,,,,,,,,,,,,,outside: metal content not given,SI Figure S2c,,,,
10.1039/c6sc00767h,"SI Figure S2c, 0.7 MPa",Ru/CaNH,"CaNH was prepared by heating Ca3N2 at 600°C in a N2 and H2 gas mixture; Ru-loading on CaNH used sample powder and Ru3(CO)12 sealed in evacuated silica tube and heated stepwise up to 250°C, hold for 2 h, then cooled to ambient temperature.",Ru,,False,320,0.7,3,36000,False,36000 mL gcat-1 h-1,,600,,False,SI-plot,~,,steady_thermal_catalytic,0.000373567,rate / WHSV,,,,,,,,,,,,,outside: metal content not given,SI Figure S2c,,,,
10.1039/c6sc00767h,"SI Figure S2c, 1.0 MPa",Ru/CaNH,"CaNH was prepared by heating Ca3N2 at 600°C in a N2 and H2 gas mixture; Ru-loading on CaNH used sample powder and Ru3(CO)12 sealed in evacuated silica tube and heated stepwise up to 250°C, hold for 2 h, then cooled to ambient temperature.",Ru,,False,320,1,3,36000,False,36000 mL gcat-1 h-1,,650,,False,SI-plot,~,,steady_thermal_catalytic,0.000404697,rate / WHSV,,,,,,,,,,,,,outside: metal content not given,SI Figure S2c,,,,
10.1039/c6sc02382g,"SI Figure S1, Ru/Pr2O3, 310 °C",Ru/Pr2O3,"Pr6O11 support prepared by precipitation, dried at 70 °C, calcined at 700 °C for 5 h; impregnated with Ru3(CO)12 in THF; dried at 70 °C for 4 h under air; heated to 350 °C under Ar and held for 5 h.",Ru,5,False,310,0.1,3,18000,False,18000 mL h–1 g–1,,3100,62000,False,SI-plot,~,0.5 h,steady_thermal_catalytic,0.00386019,rate / WHSV,0.0159161,-1.015,1.56265,51.4947,17.3811,15.6042,17.4866,17.3122,16.0747,450,220,1.65941,primary,SI Figure S1,10.1039/c6sc02382g | 310 C | 0.1 MPa | H2/N2 3 | 1.8e+04 mL/g/h,per g catalyst,3100,False
10.1039/c7sc05343f,SI Table S1 Ru/La0.5Ce0.5O1.75_650red N2 row 1,Ru/La0.5Ce0.5O1.75_650red,pre-reduced at 650 °C,Ru,5,False,350,0.1,5,2.88e+06,False,2880 NL h-1 g-1,,18750,375000,False,SI,=,,steady_thermal_catalytic,0.000145924,rate / WHSV,0.00826824,-1.1217,0,1.64824,22.5186,19.1529,22.7257,22.3034,21.3414,450,430,2.46324,flagged: H2/N2 not 3,SI Table S1,,,,
10.1039/c7sc05343f,SI Table S1 Ru/La0.5Ce0.5O1.75_650red N2 row 3,Ru/La0.5Ce0.5O1.75_650red,pre-reduced at 650 °C,Ru,5,False,350,0.1,2,2.88e+06,False,2880 NL h-1 g-1,,30640,612800,False,SI,=,,steady_thermal_catalytic,0.00023846,rate / WHSV,0.00826824,-1.09796,0,3.32491,22.8307,19.3873,22.9778,22.7045,20.0614,450,220,2.36333,flagged: H2/N2 not 3,SI Table S1,,,,
10.1039/c7sc05343f,SI Table S1 Ru/La0.5Ce0.5O1.75_650red N2 row 4,Ru/La0.5Ce0.5O1.75_650red,pre-reduced at 650 °C,Ru,5,False,350,0.1,1.5,2.88e+06,False,2880 NL h-1 g-1,,36410,728200,False,SI,=,,steady_thermal_catalytic,0.000283366,rate / WHSV,0.00826824,-1.08247,0,4.3438,23.0381,19.5412,23.2,22.9355,19.605,450,220,2.61031,flagged: H2/N2 not 3,SI Table S1,,,,
10.1039/c7sc05343f,SI Table S1 Ru/La0.5Ce0.5O1.75_650red H2 row 3,Ru/La0.5Ce0.5O1.75_650red,pre-reduced at 650 °C,Ru,5,False,350,0.1,4,2.88e+06,False,2880 NL h-1 g-1,,33220,664400,False,SI,=,,steady_thermal_catalytic,0.000258539,rate / WHSV,0.00826824,-1.09164,0,3.763,22.9096,19.4474,23.0624,22.8125,19.8481,450,220,2.45733,flagged: H2/N2 not 3,SI Table S1,,,,
10.1039/c7sc05343f,SI Table S1 Ru/La0.5Ce0.5O1.75_650red NH3 row 1,Ru/La0.5Ce0.5O1.75_650red,pre-reduced at 650 °C,Ru,5,False,350,0.1,3,960000,False,960 NL h-1 g-1,,20910,418200,False,SI,=,,steady_thermal_catalytic,0.000488205,rate / WHSV,0.00826824,-1.07015,0,3.66012,23.2397,19.6872,23.4062,23.1287,19.8951,450,220,2.85048,primary,SI Table S1,10.1039/c7sc05343f | 350 C | 0.1 MPa | H2/N2 3 | 9.6e+05 mL/g/h,per g catalyst,20910,False
10.1039/c7sc05343f,SI Table S1 Ru/La0.5Ce0.5O1.75_650red NH3 row 2,Ru/La0.5Ce0.5O1.75_650red,pre-reduced at 650 °C,Ru,5,False,350,0.1,3,1.92e+06,False,1920 NL h-1 g-1,,25240,504800,False,SI,=,,steady_thermal_catalytic,0.000294651,rate / WHSV,0.00826824,-1.09758,0,3.08165,22.8352,19.3909,22.9827,22.7112,20.1939,450,220,2.36876,primary,SI Table S1,10.1039/c7sc05343f | 350 C | 0.1 MPa | H2/N2 3 | 1.92e+06 mL/g/h,per g catalyst,25240,False
10.1039/c7sc05343f,SI Table S1 Ru/La0.5Ce0.5O1.75_650red NH3 row 4,Ru/La0.5Ce0.5O1.75_650red,pre-reduced at 650 °C,Ru,5,False,350,0.1,3,3.84e+06,False,3840 NL h-1 g-1,,30280,605600,False,SI,=,,steady_thermal_catalytic,0.000176744,rate / WHSV,0.00826824,-1.10614,0,2.86231,22.7391,19.3125,22.8797,22.5678,20.3245,450,220,2.25431,primary,SI Table S1,10.1039/c7sc05343f | 350 C | 0.1 MPa | H2/N2 3 | 3.84e+06 mL/g/h,per g catalyst,30280,False
10.1039/c7sc05343f,SI Table S1 Cs+/Ru/MgO_500red N2 row 1,Cs+/Ru/MgO_500red,pre-reduced at 500 °C; Cs/Ru atomic ratio fixed at 1.0,Ru,5,False,350,0.1,5,288000,False,288 NL h-1 g-1,,4090,81800,False,SI,=,,steady_thermal_catalytic,0.00031831,rate / WHSV,0.00826824,-1.14947,0,0.523734,22.1398,18.9464,22.4292,21.9525,23.6893,450,425,2.13623,flagged: H2/N2 not 3,SI Table S1,,,,
10.1039/c7sc05343f,SI Table S1 Cs+/Ru/MgO_500red N2 row 3,Cs+/Ru/MgO_500red,pre-reduced at 500 °C; Cs/Ru atomic ratio fixed at 1.0,Ru,5,False,350,0.1,2,288000,False,288 NL h-1 g-1,,9670,193400,False,SI,=,,steady_thermal_catalytic,0.000752581,rate / WHSV,0.00826824,-1.08041,0,2.54247,23.0692,19.5638,23.2333,22.9653,20.5369,450,220,2.64733,flagged: H2/N2 not 3,SI Table S1,,,,
10.1039/c7sc05343f,SI Table S1 Cs+/Ru/MgO_500red N2 row 4,Cs+/Ru/MgO_500red,pre-reduced at 500 °C; Cs/Ru atomic ratio fixed at 1.0,Ru,5,False,350,0.1,1.5,288000,False,288 NL h-1 g-1,,12640,252800,False,SI,=,,steady_thermal_catalytic,0.000983726,rate / WHSV,0.00826824,-1.01,0.200238,4.48249,23.4254,19.7651,23.5649,23.311,19.5525,450,210,2.40174,flagged: H2/N2 not 3,SI Table S1,,,,
10.1039/c7sc05343f,SI Table S1 Cs+/Ru/MgO_500red H2 row 3,Cs+/Ru/MgO_500red,pre-reduced at 500 °C; Cs/Ru atomic ratio fixed at 1.0,Ru,5,False,350,0.1,4,288000,False,288 NL h-1 g-1,,5380,107600,False,SI,=,,steady_thermal_catalytic,0.000418706,rate / WHSV,0.00826824,-1.13849,0,0.833505,22.2703,19.0172,22.5629,22.0762,22.7227,450,430,2.19291,flagged: H2/N2 not 3,SI Table S1,,,,
10.1039/c7sc05343f,SI Table S1 Cs+/Ru/MgO_500red NH3 row 1,Cs+/Ru/MgO_500red,pre-reduced at 500 °C; Cs/Ru atomic ratio fixed at 1.0,Ru,5,False,350,0.1,3,96000,False,96 NL h-1 g-1,,6320,126400,False,SI,=,,steady_thermal_catalytic,0.00147559,rate / WHSV,0.00826824,-1.005,0.220211,3.77177,23.4381,19.7703,23.579,23.3266,19.8442,450,210,2.41685,primary,SI Table S1,10.1039/c7sc05343f | 350 C | 0.1 MPa | H2/N2 3 | 9.6e+04 mL/g/h,per g catalyst,6320,False
10.1039/c7sc05343f,SI Table S1 Cs+/Ru/MgO_500red NH3 row 2,Cs+/Ru/MgO_500red,pre-reduced at 500 °C; Cs/Ru atomic ratio fixed at 1.0,Ru,5,False,350,0.1,3,192000,False,192 NL h-1 g-1,,7440,148800,False,SI,=,,steady_thermal_catalytic,0.000868542,rate / WHSV,0.00826824,-1.08374,0,2.28545,23.0193,19.5275,23.1798,22.9175,20.7306,450,220,2.58785,primary,SI Table S1,10.1039/c7sc05343f | 350 C | 0.1 MPa | H2/N2 3 | 1.92e+05 mL/g/h,per g catalyst,7440,False
10.1039/c7sc05343f,SI Table S1 Cs+/Ru/MgO_500red NH3 row 4,Cs+/Ru/MgO_500red,pre-reduced at 500 °C; Cs/Ru atomic ratio fixed at 1.0,Ru,5,False,350,0.1,3,384000,False,384 NL h-1 g-1,,7440,148800,False,SI,=,,steady_thermal_catalytic,0.000434271,rate / WHSV,0.00826824,-1.12811,0,1.18537,22.4162,19.0969,22.6734,22.2099,22.0029,450,430,2.35165,primary,SI Table S1,10.1039/c7sc05343f | 350 C | 0.1 MPa | H2/N2 3 | 3.84e+05 mL/g/h,per g catalyst,7440,False
10.1039/c7sc05343f,SI Fig S2 with purifier 0 h,Ru/La0.5Ce0.5O1.75_650red,pre-reduced at 650 °C; inline gas purifier used,Ru,5,False,350,3,3,72000,False,72000 NmL h-1 g-1,,43000,860000,False,SI-plot,~,0 h,steady_thermal_catalytic,0.0133861,rate / WHSV,0.172638,-1.14,0.568393,3.71321,19.8116,16.9226,20.0048,19.6846,19.8705,450,335,1.95627,primary,SI Figure S2,,,,
10.1039/c7sc05343f,SI Fig S2 with purifier 19 h,Ru/La0.5Ce0.5O1.75_650red,pre-reduced at 650 °C; inline gas purifier used,Ru,5,False,350,3,3,72000,False,72000 NmL h-1 g-1,,42500,850000,False,SI-plot,~,19 h,steady_thermal_catalytic,0.0132305,rate / WHSV,0.172638,-1.14,0.553868,3.59053,19.8681,16.9733,20.0637,19.7393,19.9283,450,340,1.91486,primary,SI Figure S2,,,,
10.1039/c7sc05343f,SI Fig S2 with purifier 23 h,Ru/La0.5Ce0.5O1.75_650red,pre-reduced at 650 °C; inline gas purifier used,Ru,5,False,350,3,3,72000,False,72000 NmL h-1 g-1,,42300,846000,False,SI-plot,~,23 h,steady_thermal_catalytic,0.0131682,rate / WHSV,0.172638,-1.14,0.548013,3.54222,19.891,16.9942,20.0879,19.7619,19.9519,450,340,1.94086,primary,SI Figure S2,10.1039/c7sc05343f | 350 C | 3 MPa | H2/N2 3 | 7.2e+04 mL/g/h,per g catalyst,42300,False
10.1039/c7sc05343f,SI Table S2 Ru/CeO2_500red,Ru/CeO2_500red,reduction temperature 500 °C,Ru,5,False,350,1,3,72000,False,72000 NmL h-1 g-1,,12800,256000,False,SI,=,,steady_thermal_catalytic,0.00398471,rate / WHSV,0.0723434,-1.17813,0,0.575403,21.8659,18.8216,22.1579,21.653,23.4954,450,430,2.43306,primary,SI Table S2,10.1039/c7sc05343f | 350 C | 1 MPa | H2/N2 3 | 7.2e+04 mL/g/h,per g catalyst,12800,False
10.1039/c8cc07130f,SI Fig S1 Co/CeO2 370 °C,Co/CeO2,Comparison sample obtained by heat treatment at 500 °C for 6 h.,Co,18.4,False,370,1,3,,False,70000 h-1,,1000,,False,plot,~,,steady_thermal_catalytic,0.00305079,,0.0552156,-0.656744,0,22608.4,27.0424,,36.7861,23.7996,19.8111,450,120,86.2656,primary: outlet NH3 assumed (median),SI Figure S1,10.1039/c8cc07130f | 370 C | 1 MPa | H2/N2 3 | SV not given,per g catalyst,1000,False
10.1039/c8cc07130f,SI Fig S1 Co/CeO2 390 °C,Co/CeO2,Comparison sample obtained by heat treatment at 500 °C for 6 h.,Co,18.4,False,390,1,3,,False,70000 h-1,,1600,,False,plot,~,,steady_thermal_catalytic,0.00305079,,0.0424425,-0.625667,0,9013.62,36.2421,,,25.6503,22.1661,450,260,89.2133,primary: outlet NH3 assumed (median),SI Figure S1,10.1039/c8cc07130f | 390 C | 1 MPa | H2/N2 3 | SV not given,per g catalyst,1600,False
10.1039/c9ra03097b,SI Table S2 row 1,Ba/Ru–N-MC,,Ru,3.75,False,450,10,,,False,10000 h−1,,175000,4.66667e+06,False,SI,=,,steady_thermal_catalytic,0.00305079,,0.152213,-1.31112,0,0.00562649,24.2625,20.3846,24.9687,23.8125,36.5688,450,525,3.81569,primary: outlet NH3 assumed (median),SI Table S2,10.1039/c9ra03097b | 450 C | 10 MPa | H2/N2 3 | SV not given,per g catalyst,175000,False
10.1002/adma.201700924,"Figure 5a, 1.8wt%Ru",1.8wt%Ru/LaScSi,,Ru,1.8,False,400,0.1,3,36000,False,,,4700,261111,False,plot,~,,steady_thermal_catalytic,0.00292627,rate / WHSV,0.00399559,-0.955,0.250497,3.77458,24.8941,21.7409,25.2556,24.6302,20.1452,450,185,7.26005,primary,Figure 5a,10.1002/adma.201700924 | 400 C | 0.1 MPa | H2/N2 3 | 3.6e+04 mL/g/h,per g catalyst,4700,False
10.1002/adma.201700924,"Figure 5a, 4.4wt%Ru",4.4wt%Ru/LaScSi,,Ru,4.4,False,400,0.1,3,36000,False,,,5100,115909,False,plot,~,,steady_thermal_catalytic,0.00317532,rate / WHSV,0.00399559,-1.01501,0,1.9499,24.3492,20.6699,24.5105,24.2224,21.0598,450,210,2.79018,primary,Figure 5a,10.1002/adma.201700924 | 400 C | 0.1 MPa | H2/N2 3 | 3.6e+04 mL/g/h,per g catalyst,5100,False
10.1002/anie.201712398,"Figure 1A, Ru/Ba-Ca(NH2)2, 200 C",Ru/Ba-Ca(NH2)2,prepared using Ru(acac)3; H2 pretreatment at 400 °C,Ru,10,False,200,0.1,,,False,,,700,7000,False,plot,~,,steady_thermal_catalytic,0.00305079,,0.131793,-1.13,3.81553,6546.59,13.442,12.1183,13.4649,13.4285,13.4231,375,145,0.444909,flagged: T outside 300-500 C; outlet NH3 assumed (median),Figure 1A,,,,
10.1002/anie.201712398,"Figure 1A, Ru/Ba-Ca(NH2)2, 220 C",Ru/Ba-Ca(NH2)2,prepared using Ru(acac)3; H2 pretreatment at 400 °C,Ru,10,False,220,0.1,,,False,,,1400,14000,False,plot,~,,steady_thermal_catalytic,0.00305079,,0.0881136,-1.11,3.33334,2230.96,14.017,12.935,14.0381,14.009,13.9199,400,155,0.37088,flagged: T outside 300-500 C; outlet NH3 assumed (median),Figure 1A,,,,
10.1002/anie.201712398,"Figure 1A, Ru/Ba-Ca(NH2)2, 240 C",Ru/Ba-Ca(NH2)2,prepared using Ru(acac)3; H2 pretreatment at 400 °C,Ru,10,False,240,0.1,,36000,True,,,2500,25000,False,plot,~,,steady_thermal_catalytic,0.00155653,rate / WHSV (WHSV of the paper's comparison),0.0589338,-1.08,2.32787,256.72,15.4098,14.3383,15.4216,15.4063,15.1287,450,195,0.215606,flagged: T outside 300-500 C,Figure 1A,,,,
10.1002/anie.201712398,"Figure 1A, Ru/Ba-Ca(NH2)2, 260 C",Ru/Ba-Ca(NH2)2,prepared using Ru(acac)3; H2 pretreatment at 400 °C,Ru,10,False,260,0.1,,36000,True,,,4100,41000,False,plot,~,,steady_thermal_catalytic,0.00255271,rate / WHSV (WHSV of the paper's comparison),0.0397763,-1.065,2.33629,265.285,15.4353,14.4287,15.4491,15.4316,15.1059,450,195,0.231792,flagged: T outside 300-500 C,Figure 1A,,,,
10.1002/anie.201712398,"Figure 1A, Ru/Ba-Ca(NH2)2, 280 C",Ru/Ba-Ca(NH2)2,prepared using Ru(acac)3; H2 pretreatment at 400 °C,Ru,10,False,280,0.1,,36000,True,,,6300,63000,False,plot,~,,steady_thermal_catalytic,0.00392245,rate / WHSV (WHSV of the paper's comparison),0.0272289,-1.045,2.32826,266.172,15.4966,14.5064,15.5151,15.4926,15.1036,450,195,0.270714,flagged: T outside 300-500 C,Figure 1A,,,,
10.1002/anie.201712398,"Figure 1A, Ru/Ba-Ca(NH2)2, 330 C",Ru/Ba-Ca(NH2)2,prepared using Ru(acac)3; H2 pretreatment at 400 °C,Ru,10,False,330,0.1,,,False,,,11300,113000,False,plot,~,,steady_thermal_catalytic,0.00305079,,0.0113735,-1,1.17973,24.236,19.0163,16.1349,19.09,18.9667,16.7773,450,220,1.11829,primary: outlet NH3 assumed (median),Figure 1A,10.1002/anie.201712398 | 330 C | 0.1 MPa | H2/N2 3 | SV not given,per g catalyst,11300,False
10.1002/anie.201712398,"Figure 1A, Ru/Ba-Ca(NH2)2, 350 C",Ru/Ba-Ca(NH2)2,prepared using Ru(acac)3; H2 pretreatment at 400 °C,Ru,10,False,350,0.1,,,False,,,11900,119000,False,plot,~,,steady_thermal_catalytic,0.00305079,,0.00826824,-0.985,0.797483,10.8978,21.0102,17.3971,21.0834,20.961,17.988,450,215,1.13945,primary: outlet NH3 assumed (median),Figure 1A,10.1002/anie.201712398 | 350 C | 0.1 MPa | H2/N2 3 | SV not given,per g catalyst,11900,False
10.1002/anie.201712398,"Figure 1A, Fe catalyst, 220 C",Fe catalyst,wüstite structure,Fe,,True,220,0.1,,,False,,,300,,False,plot,~,,steady_thermal_catalytic,0.00305079,,0.0881136,-1.11,1.55233,1.09472e+06,12.3052,,,,11.0573,350,110,23.7584,flagged: T outside 300-500 C; outlet NH3 assumed (median),Figure 1A,,,,
10.1002/anie.201712398,"Figure 1A, Fe catalyst, 240 C",Fe catalyst,wüstite structure,Fe,,True,240,0.1,,36000,True,,,400,,False,plot,~,,steady_thermal_catalytic,0.000249044,rate / WHSV (WHSV of the paper's comparison),0.0589338,-1.16951,0,205389,14.2805,,,,11.0585,400,160,15.458,flagged: T outside 300-500 C,Figure 1A,,,,
10.1002/anie.201712398,"Figure 1A, Fe catalyst, 260 C",Fe catalyst,wüstite structure,Fe,,True,260,0.1,,36000,True,,,600,,False,plot,~,,steady_thermal_catalytic,0.000373567,rate / WHSV (WHSV of the paper's comparison),0.0397763,-1.17925,0,51008.9,14.2531,,,,11.0608,400,160,14.9081,flagged: T outside 300-500 C,Figure 1A,,,,
10.1002/anie.201712398,"Figure 1A, Fe catalyst, 280 C",Fe catalyst,wüstite structure,Fe,,True,280,0.1,,36000,True,,,800,,False,plot,~,,steady_thermal_catalytic,0.000498089,rate / WHSV (WHSV of the paper's comparison),0.0272289,-1.1907,0,12830.1,14.2266,,,,11.0659,400,160,14.3728,flagged: T outside 300-500 C,Figure 1A,,,,
10.1002/anie.201712398,"Figure 1A, Fe catalyst, 300 C",Fe catalyst,wüstite structure,Fe,,True,300,0.1,,36000,True,,,1100,,False,plot,~,,steady_thermal_catalytic,0.000684872,rate / WHSV (WHSV of the paper's comparison),0.0189526,-1.20007,0,3755.14,14.2089,,,,11.0857,400,160,14.0172,primary,Figure 1A,10.1002/anie.201712398 | 300 C | 0.1 MPa | H2/N2 3 | 3.6e+04 mL/g/h,per g catalyst,1100,False
10.1002/anie.201712398,"Figure 1A, Fe catalyst, 320 C",Fe catalyst,wüstite structure,Fe,,True,320,0.1,,36000,True,,,1400,,False,plot,~,,steady_thermal_catalytic,0.000871656,rate / WHSV (WHSV of the paper's comparison),0.0134251,-1.21093,0,1136.39,14.1932,,,,11.145,400,160,13.6982,primary,Figure 1A,10.1002/anie.201712398 | 320 C | 0.1 MPa | H2/N2 3 | 3.6e+04 mL/g/h,per g catalyst,1400,False
10.1002/anie.201712398,"Figure 1A, Fe catalyst, 340 C",Fe catalyst,wüstite structure,Fe,,True,340,0.1,,36000,True,,,1700,,False,plot,~,,steady_thermal_catalytic,0.00105844,rate / WHSV (WHSV of the paper's comparison),0.00967694,-1.2235,0,363.875,14.1809,,,,11.304,400,160,13.4492,primary,Figure 1A,10.1002/anie.201712398 | 340 C | 0.1 MPa | H2/N2 3 | 3.6e+04 mL/g/h,per g catalyst,1700,False
10.1002/anie.201712398,"Figure 1A, Fe catalyst, 360 C",Fe catalyst,wüstite structure,Fe,,True,360,0.1,,36000,True,,,2000,,False,plot,~,,steady_thermal_catalytic,0.00124522,rate / WHSV (WHSV of the paper's comparison),0.00709371,-1.23968,0,124.578,14.1748,,,,11.7502,400,160,13.3262,primary,Figure 1A,10.1002/anie.201712398 | 360 C | 0.1 MPa | H2/N2 3 | 3.6e+04 mL/g/h,per g catalyst,2000,False
10.1002/anie.201712398,"Figure 1A, Fe catalyst, 380 C",Fe catalyst,wüstite structure,Fe,,True,380,0.1,,36000,True,,,2200,,False,plot,~,,steady_thermal_catalytic,0.00136974,rate / WHSV (WHSV of the paper's comparison),0.00528394,-1.26307,0,43.6167,14.1893,,,,12.816,400,160,13.6203,primary,Figure 1A,10.1002/anie.201712398 | 380 C | 0.1 MPa | H2/N2 3 | 3.6e+04 mL/g/h,per g catalyst,2200,False
10.1002/anie.201712398,"Figure 1A, Fe catalyst, 400 C",Fe catalyst,wüstite structure,Fe,,True,400,0.1,,36000,True,,,2500,,False,plot,~,,steady_thermal_catalytic,0.00155653,rate / WHSV (WHSV of the paper's comparison),0.00399559,-1.28895,0,17.4756,14.2507,,,,13.3773,400,160,14.8586,primary,Figure 1A,10.1002/anie.201712398 | 400 C | 0.1 MPa | H2/N2 3 | 3.6e+04 mL/g/h,per g catalyst,2500,False
10.1002/anie.201712398,"Figure 1A, Fe catalyst, 500 C",Fe catalyst,wüstite structure,Fe,,True,500,0.1,,,False,,,1800,,False,plot,~,,steady_thermal_catalytic,0.00305079,,0.00119886,-1.46432,0,0.179368,16.8526,,,,16.7371,450,205,25.9648,primary: outlet NH3 assumed (median),Figure 1A,10.1002/anie.201712398 | 500 C | 0.1 MPa | H2/N2 3 | SV not given,per g catalyst,1800,False
10.1002/anie.201712398,"Figure 1B, Ru/Ba-Ca(NH2)2, 200 C",Ru/Ba-Ca(NH2)2,prepared using Ru(acac)3; H2 pretreatment at 400 °C,Ru,10,False,200,0.9,,,False,,,1400,14000,False,plot,~,,steady_thermal_catalytic,0.00305079,,0.459575,-1.18,3.28878,2718.25,13.8863,12.8006,13.9033,13.8822,13.8315,400,155,0.289798,flagged: T outside 300-500 C; outlet NH3 assumed (median),Figure 1B,,,,
10.1002/anie.201712398,"Figure 1B, Ru/Ba-Ca(NH2)2, 220 C",Ru/Ba-Ca(NH2)2,prepared using Ru(acac)3; H2 pretreatment at 400 °C,Ru,10,False,220,0.9,,,False,,,2200,22000,False,plot,~,,steady_thermal_catalytic,0.00305079,,0.373875,-1.165,2.54519,405.119,14.8556,13.7608,14.877,14.8502,14.8464,425,180,0.318873,flagged: T outside 300-500 C; outlet NH3 assumed (median),Figure 1B,,,,
10.1002/anie.201712398,"Figure 1B, Ru/Ba-Ca(NH2)2, 240 C",Ru/Ba-Ca(NH2)2,prepared using Ru(acac)3; H2 pretreatment at 400 °C,Ru,10,False,240,0.9,,36000,True,,,3900,39000,False,plot,~,,steady_thermal_catalytic,0.00242818,rate / WHSV (WHSV of the paper's comparison),0.296452,-1.145,1.78425,62.2351,15.8908,14.7492,15.9198,15.8783,15.9044,450,210,0.391537,flagged: T outside 300-500 C,Figure 1B,,,,
10.1002/anie.201712398,"Figure 1B, Ru/Ba-Ca(NH2)2, 280 C",Ru/Ba-Ca(NH2)2,prepared using Ru(acac)3; H2 pretreatment at 400 °C,Ru,10,False,280,0.9,,36000,True,,,12600,126000,False,plot,~,,steady_thermal_catalytic,0.0078449,rate / WHSV (WHSV of the paper's comparison),0.175885,-1.14,1.81556,65.6474,15.854,14.7258,15.8838,15.8418,15.8687,450,205,0.415651,flagged: T outside 300-500 C,Figure 1B,,,,
10.1002/anie.201712398,"Figure 1B, Ru/Ba-Ca(NH2)2, 340 C",Ru/Ba-Ca(NH2)2,prepared using Ru(acac)3; H2 pretreatment at 400 °C,Ru,10,False,340,0.9,,36000,True,,,49400,494000,False,plot,~,,steady_thermal_catalytic,0.030757,rate / WHSV (WHSV of the paper's comparison),0.0758434,-1.11,1.99181,99.0951,15.685,14.6182,15.7106,15.6771,15.6257,450,200,0.353267,primary,Figure 1B,10.1002/anie.201712398 | 340 C | 0.9 MPa | H2/N2 3 | 3.6e+04 mL/g/h,per g catalyst,49400,False
10.1002/anie.201712398,"Figure 1B, Ru/Ba-Ca(NH2)2, 380 C",Ru/Ba-Ca(NH2)2,prepared using Ru(acac)3; H2 pretreatment at 400 °C,Ru,10,False,380,0.9,,36000,True,,,57400,574000,False,plot,~,,steady_thermal_catalytic,0.0357379,rate / WHSV (WHSV of the paper's comparison),0.0439319,-1.075,1.41441,27.405,17.1484,15.456,17.2083,17.101,16.6211,450,220,1.05948,primary,Figure 1B,10.1002/anie.201712398 | 380 C | 0.9 MPa | H2/N2 3 | 3.6e+04 mL/g/h,per g catalyst,57400,False
10.1002/anie.201712398,"Figure 1B, Ru/Ba-Ca(NH2)2, 400 C",Ru/Ba-Ca(NH2)2,prepared using Ru(acac)3; H2 pretreatment at 400 °C,Ru,10,False,400,0.9,,36000,True,,,48700,487000,False,plot,~,,steady_thermal_catalytic,0.0303212,rate / WHSV (WHSV of the paper's comparison),0.0338378,-1.05,0.852034,7.78137,19.5792,16.4465,19.6493,19.5319,18.5553,450,220,1.0568,primary,Figure 1B,10.1002/anie.201712398 | 400 C | 0.9 MPa | H2/N2 3 | 3.6e+04 mL/g/h,per g catalyst,48700,False
10.1002/anie.201712398,"Figure 1B, Co/Ba-Ca(NH2)2, 260 C",Co/Ba-Ca(NH2)2,,Co,8,False,260,0.9,,36000,True,,,2500,31250,False,plot,~,,steady_thermal_catalytic,0.00155653,rate / WHSV (WHSV of the paper's comparison),0.230124,-1.125,0.377375,2.70396e+09,15.6982,,16.2212,15.2251,12.5084,450,200,9.91855,flagged: T outside 300-500 C,Figure 1B,,,,
10.1002/anie.201712398,"Figure 1B, Co/Ba-Ca(NH2)2, 280 C",Co/Ba-Ca(NH2)2,,Co,8,False,280,0.9,,36000,True,,,4600,57500,False,plot,~,,steady_thermal_catalytic,0.00286401,rate / WHSV (WHSV of the paper's comparison),0.175885,-1.12,0.438261,6.42364e+08,15.6314,,16.1123,15.1298,12.8783,450,195,9.97434,flagged: T outside 300-500 C,Figure 1B,,,,
10.1002/anie.201712398,"Figure 1B, Co/Ba-Ca(NH2)2, 300 C",Co/Ba-Ca(NH2)2,,Co,8,False,300,0.9,,36000,True,,,7400,92500,False,plot,~,,steady_thermal_catalytic,0.00460732,rate / WHSV (WHSV of the paper's comparison),0.133169,-1.115,0.429513,1.5403e+08,15.6553,,16.1504,15.1678,13.5217,450,195,10.3991,primary,Figure 1B,10.1002/anie.201712398 | 300 C | 0.9 MPa | H2/N2 3 | 3.6e+04 mL/g/h,per g catalyst,7400,False
10.1002/anie.201712398,"Figure 1B, Co/Ba-Ca(NH2)2, 320 C",Co/Ba-Ca(NH2)2,,Co,8,False,320,0.9,,36000,True,,,9800,122500,False,plot,~,,steady_thermal_catalytic,0.00610159,rate / WHSV (WHSV of the paper's comparison),0.10045,-1.105,0.250724,3.35216e+07,15.9602,,16.6456,15.4548,14.2095,450,205,12.933,primary,Figure 1B,10.1002/anie.201712398 | 320 C | 0.9 MPa | H2/N2 3 | 3.6e+04 mL/g/h,per g catalyst,9800,False
10.1002/anie.201712398,"Figure 1B, Co/Ba-Ca(NH2)2, 340 C",Co/Ba-Ca(NH2)2,,Co,8,False,340,0.9,,36000,True,,,12600,157500,False,plot,~,,steady_thermal_catalytic,0.0078449,rate / WHSV (WHSV of the paper's comparison),0.0758434,-1.095,0.0897765,8.11631e+06,16.3506,,17.2559,15.6531,14.6345,450,215,15.9345,primary,Figure 1B,10.1002/anie.201712398 | 340 C | 0.9 MPa | H2/N2 3 | 3.6e+04 mL/g/h,per g catalyst,12600,False
10.1002/anie.201712398,"Figure 1B, Co/Ba-Ca(NH2)2, 360 C",Co/Ba-Ca(NH2)2,,Co,8,False,360,0.9,,36000,True,,,15800,197500,False,plot,~,,steady_thermal_catalytic,0.00983726,rate / WHSV (WHSV of the paper's comparison),0.057523,-1.01377,0,2.1747e+06,17.447,,18.5211,16.2544,15.2572,450,215,24.3324,primary,Figure 1B,10.1002/anie.201712398 | 360 C | 0.9 MPa | H2/N2 3 | 3.6e+04 mL/g/h,per g catalyst,15800,False
10.1002/anie.201712398,"Figure 1B, Co/Ba-Ca(NH2)2, 380 C",Co/Ba-Ca(NH2)2,,Co,8,False,380,0.9,,36000,True,,,21000,262500,False,plot,~,,steady_thermal_catalytic,0.0130748,rate / WHSV (WHSV of the paper's comparison),0.0439319,-0.973196,0,714860,18.0392,,19.1614,16.7313,15.7215,450,190,26.4448,primary,Figure 1B,10.1002/anie.201712398 | 380 C | 0.9 MPa | H2/N2 3 | 3.6e+04 mL/g/h,per g catalyst,21000,False
10.1002/anie.201712398,"Figure 1B, Co/Ba-Ca(NH2)2, 400 C",Co/Ba-Ca(NH2)2,,Co,8,False,400,0.9,,36000,True,,,25200,315000,False,plot,~,,steady_thermal_catalytic,0.0156898,rate / WHSV (WHSV of the paper's comparison),0.0338378,-0.898061,0,233485,19.4537,,20.6041,18.0183,17.0333,450,160,34.1778,primary,Figure 1B,10.1002/anie.201712398 | 400 C | 0.9 MPa | H2/N2 3 | 3.6e+04 mL/g/h,per g catalyst,25200,False
10.1002/anie.201712398,"Figure 1B, Fe catalyst, 220 C",Fe catalyst,wüstite structure,Fe,,True,220,0.9,,,False,,,1800,,False,plot,~,,steady_thermal_catalytic,0.00305079,,0.373875,-1.165,1.34603,473382,12.3593,,,,11.0577,350,110,25.2328,flagged: T outside 300-500 C; outlet NH3 assumed (median),Figure 1B,,,,
10.1002/anie.201712398,"Figure 1B, Fe catalyst, 240 C",Fe catalyst,wüstite structure,Fe,,True,240,0.9,,36000,True,,,2500,,False,plot,~,,steady_thermal_catalytic,0.00155653,rate / WHSV (WHSV of the paper's comparison),0.296452,-1.135,0.150256,105630,14.1468,,,,11.0594,400,155,15.0218,flagged: T outside 300-500 C,Figure 1B,,,,
10.1002/anie.201712398,"Figure 1B, Fe catalyst, 260 C",Fe catalyst,wüstite structure,Fe,,True,260,0.9,,36000,True,,,3500,,False,plot,~,,steady_thermal_catalytic,0.00217914,rate / WHSV (WHSV of the paper's comparison),0.230124,-1.18463,0,26753.5,14.2399,,,,11.0627,400,160,14.6417,flagged: T outside 300-500 C,Figure 1B,,,,
10.1002/anie.201712398,"Figure 1B, Fe catalyst, 280 C",Fe catalyst,wüstite structure,Fe,,True,280,0.9,,36000,True,,,4900,,False,plot,~,,steady_thermal_catalytic,0.00305079,rate / WHSV (WHSV of the paper's comparison),0.175885,-1.20912,0,7529.98,14.1955,,,,11.0699,400,160,13.7447,flagged: T outside 300-500 C,Figure 1B,,,,
10.1002/anie.201712398,"Figure 1B, Fe catalyst, 300 C",Fe catalyst,wüstite structure,Fe,,True,300,0.9,,36000,True,,,6300,,False,plot,~,,steady_thermal_catalytic,0.00392245,rate / WHSV (WHSV of the paper's comparison),0.133169,-1.22913,0,2150.48,14.1774,,,,11.1062,400,160,13.3799,primary,Figure 1B,10.1002/anie.201712398 | 300 C | 0.9 MPa | H2/N2 3 | 3.6e+04 mL/g/h,per g catalyst,6300,False
10.1002/anie.201712398,"Figure 1B, Fe catalyst, 320 C",Fe catalyst,wüstite structure,Fe,,True,320,0.9,,36000,True,,,7700,,False,plot,~,,steady_thermal_catalytic,0.00479411,rate / WHSV (WHSV of the paper's comparison),0.10045,-1.24646,0,642.085,14.176,,,,11.204,400,160,13.3504,primary,Figure 1B,10.1002/anie.201712398 | 320 C | 0.9 MPa | H2/N2 3 | 3.6e+04 mL/g/h,per g catalyst,7700,False
10.1002/anie.201712398,"Figure 1B, Fe catalyst, 340 C",Fe catalyst,wüstite structure,Fe,,True,340,0.9,,36000,True,,,9100,,False,plot,~,,steady_thermal_catalytic,0.00566576,rate / WHSV (WHSV of the paper's comparison),0.0758434,-1.26239,0,202.954,14.1884,,,,11.4859,400,160,13.6028,primary,Figure 1B,10.1002/anie.201712398 | 340 C | 0.9 MPa | H2/N2 3 | 3.6e+04 mL/g/h,per g catalyst,9100,False
10.1002/anie.201712398,"Figure 1B, Fe catalyst, 360 C",Fe catalyst,wüstite structure,Fe,,True,360,0.9,,36000,True,,,10500,,False,plot,~,,steady_thermal_catalytic,0.00653742,rate / WHSV (WHSV of the paper's comparison),0.057523,-1.27811,0,68.2904,14.2176,,,,12.3446,400,160,14.1916,primary,Figure 1B,10.1002/anie.201712398 | 360 C | 0.9 MPa | H2/N2 3 | 3.6e+04 mL/g/h,per g catalyst,10500,False
10.1002/anie.201712398,"Figure 1B, Fe catalyst, 380 C",Fe catalyst,wüstite structure,Fe,,True,380,0.9,,36000,True,,,11900,,False,plot,~,,steady_thermal_catalytic,0.00740907,rate / WHSV (WHSV of the paper's comparison),0.0439319,-1.29551,0,24.5279,14.2774,,,,13.1167,400,160,15.3956,primary,Figure 1B,10.1002/anie.201712398 | 380 C | 0.9 MPa | H2/N2 3 | 3.6e+04 mL/g/h,per g catalyst,11900,False
10.1002/anie.201712398,"Figure 1B, Fe catalyst, 400 C",Fe catalyst,wüstite structure,Fe,,True,400,0.9,,36000,True,,,13000,,False,plot,~,,steady_thermal_catalytic,0.00809394,rate / WHSV (WHSV of the paper's comparison),0.0338378,-1.31787,0,9.17882,14.4248,,,,13.7969,400,160,18.3274,primary,Figure 1B,10.1002/anie.201712398 | 400 C | 0.9 MPa | H2/N2 3 | 3.6e+04 mL/g/h,per g catalyst,13000,False
10.1002/anie.201712398,"Figure 1B, Fe catalyst, 500 C",Fe catalyst,wüstite structure,Fe,,True,500,0.9,,,False,,,10900,,False,plot,~,,steady_thermal_catalytic,0.00305079,,0.0105878,-1.50306,0,0.070957,19.773,,,,19.0314,450,220,58.0051,primary: outlet NH3 assumed (median),Figure 1B,10.1002/anie.201712398 | 500 C | 0.9 MPa | H2/N2 3 | SV not given,per g catalyst,10900,False
10.1002/asia.201900618,"Fig 6d, 4% Cs-1.25%Ru/BaCeO3-a, first point",4% Cs-1.25%Ru/BaCeO3-a,Cs promoter introduced to 1.25%Ru/BaCeO3-a by incipient wetness impregnation with an aqueous CsNO3 solution.,Ru,1.25,False,450,3,3,24000,False,24000 mL g-1 h-1,,28000,2.24e+06,False,plot,~,0 h,steady_thermal_catalytic,0.0261497,rate / WHSV,0.0565503,-1.23487,0,0.453748,22.6067,20.5356,23.4468,21.946,24.5525,450,430,7.01528,primary,Figure 6d,,,,
10.1002/asia.201900618,"Fig 6d, 4% Cs-1.25%Ru/BaCeO3-a, last point",4% Cs-1.25%Ru/BaCeO3-a,Cs promoter introduced to 1.25%Ru/BaCeO3-a by incipient wetness impregnation with an aqueous CsNO3 solution.,Ru,1.25,False,450,3,3,24000,False,24000 mL g-1 h-1,,29000,2.32e+06,False,plot,~,120 h,steady_thermal_catalytic,0.0270836,rate / WHSV,0.0565503,-1.22926,0,0.504215,22.569,20.4919,23.3875,21.9192,24.3506,450,430,6.90276,primary,Figure 6d,10.1002/asia.201900618 | 450 C | 3 MPa | H2/N2 3 | 2.4e+04 mL/g/h,per g catalyst,29000,False
10.1021/acscatal.1c02887,"Figure 1a, Co/MgO-700red, 300 °C",Co/MgO-700red,Prepared without Ba additive; prereduced at 700 °C in H2 for 1 h,Co,20,False,300,1,3,72000,False,72000 mL h−1 gcat−1,,100,500,False,plot,~,,steady_thermal_catalytic,3.11306e-05,rate / WHSV,0.144217,-0.722118,0,578411,22.7145,,24.2803,20.955,15.3864,450,110,49.3909,primary,Figure 1a,10.1021/acscatal.1c02887 | 300 C | 1 MPa | H2/N2 3 | 7.2e+04 mL/g/h,per g catalyst,100,False
10.1021/acscatal.6b01940,"Figure 1a, Ca(NH2)2, first point",Ca(NH2)2,,,,False,339.85,0.1,3,36000,False,,,5600,,False,plot,~,0 h,steady_thermal_catalytic,0.00348662,rate / WHSV,,,,,,,,,,,,,outside: not a single model metal; metal content not given,Figure 1a,,,,
10.1021/acscatal.6b01940,"Figure 1a, Ca(NH2)2, last point",Ca(NH2)2,,,,False,339.85,0.1,3,36000,False,,,0,,False,plot,~,20 h,steady_thermal_catalytic,,,,,,,,,,,,,,,outside: not a single model metal; no rate per g catalyst; metal content not given,Figure 1a,,,,
10.1021/acscatal.6b01940,"Figure 1b, Ru/Ca(NH2)2, 373 K",Ru/Ca(NH2)2,,Ru,10,False,99.85,0.1,3,,False,,,20,200,False,plot,~,,steady_thermal_catalytic,0.00305079,,0.624502,-1.22,8.32599,9.63841e+08,11.0567,11.0566,11.0568,11.0567,11.0566,350,110,0.000106622,flagged: T outside 300-500 C; outlet NH3 assumed (median),Figure 1b,,,,
10.1021/acscatal.6b01940,"Figure 1b, Ru/Ca(NH2)2, 423 K",Ru/Ca(NH2)2,,Ru,10,False,149.85,0.1,3,,False,,,60,600,False,plot,~,,steady_thermal_catalytic,0.00305079,,0.331236,-1.18,5.25512,232802,11.2931,11.087,11.2964,11.2902,11.3032,350,110,0.147451,flagged: T outside 300-500 C; outlet NH3 assumed (median),Figure 1b,,,,
10.1021/acscatal.6b01940,"Figure 1b, Ru/Ca(NH2)2, 533 K",Ru/Ca(NH2)2,,Ru,10,False,259.85,0.1,3,,False,,,1600,16000,False,plot,~,,steady_thermal_catalytic,0.00305079,,0.0398918,-1.065,2.08287,144.224,15.7106,14.6502,15.737,15.7017,15.4593,450,200,0.368947,flagged: T outside 300-500 C; outlet NH3 assumed (median),Figure 1b,,,,
10.1021/acscatal.6b01940,"Figure 1b, Ru/Ca(NH2)2, 563 K",Ru/Ca(NH2)2,,Ru,10,False,289.85,0.1,3,,False,,,3700,37000,False,plot,~,,steady_thermal_catalytic,0.00305079,,0.0227295,-1.035,1.62694,57.2929,16.8461,15.3798,16.9054,16.8056,15.9607,450,220,0.873294,flagged: T outside 300-500 C; outlet NH3 assumed (median),Figure 1b,,,,
10.1021/acscatal.6b01940,"Figure 1b, Ru−Cs/MgO, 473 K",Ru−Cs/MgO,,Ru,10,False,199.85,0.1,3,,False,,,50,500,False,plot,~,,steady_thermal_catalytic,0.00305079,,0.132187,-1.13,2.67566,474.37,14.7707,13.7103,14.7913,14.7658,14.7626,425,175,0.311815,flagged: T outside 300-500 C; outlet NH3 assumed (median),Figure 1b,,,,
10.1021/acscatal.6b01940,"Figure 1b, Ru−Cs/MgO, 598 K",Ru−Cs/MgO,,Ru,10,False,324.85,0.1,3,,False,,,5300,53000,False,plot,~,,steady_thermal_catalytic,0.00305079,,0.0123809,-1.005,0.961262,14.3459,19.8548,16.5885,19.9348,19.8013,17.5384,450,220,1.22669,primary: outlet NH3 assumed (median),Figure 1b,10.1021/acscatal.6b01940 | 325 C | 0.1 MPa | H2/N2 3 | SV not given,per g catalyst,5300,False
10.1021/acscatal.6b01940,"Figure 1d, Ru−Cs/MgO, 0.8 MPa",Ru−Cs/MgO,,Ru,10,False,339.85,0.8,3,,False,,,7600,76000,False,plot,~,,steady_thermal_catalytic,0.00305079,,0.0686388,-1.20461,0,0.253579,21.5536,18.3295,21.7189,21.4451,25.0879,450,430,1.13652,primary: outlet NH3 assumed (median),Figure 1d,10.1021/acscatal.6b01940 | 340 C | 0.8 MPa | H2/N2 3 | SV not given,per g catalyst,7600,False
10.1021/acscatal.6b01940,"Figure 1d, Ru−Cs/MgO, 1.0 MPa",Ru−Cs/MgO,,Ru,10,False,339.85,1,3,,False,,,6900,69000,False,plot,~,,steady_thermal_catalytic,0.00305079,,0.0831464,-1.2186,0,0.163542,21.5403,18.3331,21.7045,21.4324,26.0728,450,430,1.12869,primary: outlet NH3 assumed (median),Figure 1d,10.1021/acscatal.6b01940 | 340 C | 1 MPa | H2/N2 3 | SV not given,per g catalyst,6900,False
10.1021/acscatal.7b00284,"Figure 2a, 3BaH2-10%Co/CNTs, 225 C",3BaH2-10%Co/CNTs,BaH2-Co/CNTs prepared as in Experimental section 2.1,Co,,False,225,1,3,60000,False,60000 mL gcat−1 h−1,,900,,False,plot,~,,steady_thermal_catalytic,0.00033621,rate / WHSV,,,,,,,,,,,,,outside: metal content not given,Figure 2a,,,,
10.1021/acscatal.7b00284,"Figure 2a, 3BaH2-10%Co/CNTs, 275 C",3BaH2-10%Co/CNTs,BaH2-Co/CNTs prepared as in Experimental section 2.1,Co,,False,275,1,3,60000,False,60000 mL gcat−1 h−1,,3200,,False,plot,~,,steady_thermal_catalytic,0.00119541,rate / WHSV,,,,,,,,,,,,,outside: metal content not given,Figure 2a,,,,
10.1021/acscatal.7b00284,"Figure 2a, 3BaH2-10%Co/CNTs, 325 C",3BaH2-10%Co/CNTs,BaH2-Co/CNTs prepared as in Experimental section 2.1,Co,,False,325,1,3,60000,False,60000 mL gcat−1 h−1,,7900,,False,plot,~,,steady_thermal_catalytic,0.00295118,rate / WHSV,,,,,,,,,,,,,outside: metal content not given,Figure 2a,,,,
10.1021/acscatal.7b00284,"Figure 2a, 3BaH2-10%Co/CNTs, 375 C",3BaH2-10%Co/CNTs,BaH2-Co/CNTs prepared as in Experimental section 2.1,Co,,False,375,1,3,60000,False,60000 mL gcat−1 h−1,,14500,,False,plot,~,,steady_thermal_catalytic,0.00541672,rate / WHSV,,,,,,,,,,,,,outside: metal content not given,Figure 2a,,,,
10.1021/acscatal.7b00284,Figure 2a series summary: 1BaH2-10%Co/CNTs,1BaH2-10%Co/CNTs,BaH2-Co/CNTs prepared as in Experimental section 2.1,Co,,False,,1,3,60000,False,60000 mL gcat−1 h−1,,,,False,,,,steady_thermal_catalytic,,,,,,,,,,,,,,,outside: no rate per g catalyst; metal content not given; no T or P,Figure 2a,,,,
10.1021/acscatal.7b00284,Figure 2a series summary: 5BaH2-10%Co/CNTs,5BaH2-10%Co/CNTs,BaH2-Co/CNTs prepared as in Experimental section 2.1,Co,,False,,1,3,60000,False,60000 mL gcat−1 h−1,,,,False,,,,steady_thermal_catalytic,,,,,,,,,,,,,,,outside: no rate per g catalyst; metal content not given; no T or P,Figure 2a,,,,
10.1021/acscatal.7b00284,Figure 2a series summary: 3BaH2-5%Co/CNTs,3BaH2-5%Co/CNTs,BaH2-Co/CNTs prepared as in Experimental section 2.1,Co,,False,,1,3,60000,False,60000 mL gcat−1 h−1,,,,False,,,,steady_thermal_catalytic,,,,,,,,,,,,,,,outside: no rate per g catalyst; metal content not given; no T or P,Figure 2a,,,,
10.1021/acscatal.7b00284,Figure 2a series summary: 3BaH2-20%Co/CNTs,3BaH2-20%Co/CNTs,BaH2-Co/CNTs prepared as in Experimental section 2.1,Co,,False,,1,3,60000,False,60000 mL gcat−1 h−1,,,,False,,,,steady_thermal_catalytic,,,,,,,,,,,,,,,outside: no rate per g catalyst; metal content not given; no T or P,Figure 2a,,,,
10.1021/acscatal.7b00284,Figure 2a series summary: BaO-Co/CNTs,BaO-Co/CNTs,"10%Co/CNTs impregnated with Ba(O2CCH3)2, dried at 100 °C, then reduced at 400 °C under H2",Co,,False,,1,3,60000,False,60000 mL gcat−1 h−1,,,,False,,,,steady_thermal_catalytic,,,,,,,,,,,,,,,outside: no rate per g catalyst; metal content not given; no T or P,Figure 2a,,,,
10.1021/acscatal.7b00284,Figure 2a series summary: 10%Co/CNTs,10%Co/CNTs,"CNT-supported Co obtained by impregnating CNTs with Co(NO3)2·6H2O, drying at 100 °C, then reducing at 400 °C for 6 h",Co,,False,,1,3,60000,False,60000 mL gcat−1 h−1,,,,False,,,,steady_thermal_catalytic,,,,,,,,,,,,,,,outside: no rate per g catalyst; metal content not given; no T or P,Figure 2a,,,,
10.1021/acscatal.7b00284,Figure 2a series summary: BaH2,BaH2,BaH2 prepared by gradually heating Ba(NH2)2 to 300 °C under 1 bar H2 flow until no ammonia was detected,,,False,,1,3,60000,False,60000 mL gcat−1 h−1,,,,False,,,,steady_thermal_catalytic,,,,,,,,,,,,,,,outside: not a single model metal; no rate per g catalyst; metal content not given; no T or P,Figure 2a,,,,
10.1021/acscatal.7b00284,"Figure 2b, BaH2-Co/CNTs, 250 C",BaH2-Co/CNTs,As-prepared nBaH2-x%Co/CNTs; comparison uses the optimum 3BaH2-10%Co/CNTs catalyst,Co,,False,250,1,3,60000,False,60000 mL gcat−1 h−1,,1800,,False,plot,~,,steady_thermal_catalytic,0.00067242,rate / WHSV,,,,,,,,,,,,,outside: metal content not given,Figure 2b,,,,
10.1021/acscatal.7b00284,"Figure 2b, BaO-Co/CNTs, 250 C",BaO-Co/CNTs,"10%Co/CNTs impregnated with Ba(O2CCH3)2, dried at 100 °C, then reduced at 400 °C under H2",Co,,False,250,1,3,60000,False,60000 mL gcat−1 h−1,,0,,False,plot,~,,steady_thermal_catalytic,,,,,,,,,,,,,,,outside: no rate per g catalyst; metal content not given,Figure 2b,,,,
10.1021/acscatal.8b02839,Figure 2a Ru/BaO−CaH2 150 C,Ru/BaO−CaH2,Ru nanoparticles loaded by chemical vapor deposition using Ru(acac)3; catalyst prepared from CaH2−BaO mixture.,Ru,10,False,150,0.1,3,36000,False,36000 mL gcat−1 h−1,,30,300,False,plot,~,,steady_thermal_catalytic,1.86783e-05,rate / WHSV,0.330441,-1.09,1.49303,73.5191,16.7349,15.3646,16.7902,16.6969,15.7945,450,220,0.804856,flagged: T outside 300-500 C,Figure 2a,,,,
10.1021/acscatal.8b02839,Figure 2a Ru/BaO−CaH2 175 C,Ru/BaO−CaH2,Ru nanoparticles loaded by chemical vapor deposition using Ru(acac)3; catalyst prepared from CaH2−BaO mixture.,Ru,10,False,175,0.1,3,36000,False,36000 mL gcat−1 h−1,,110,1100,False,plot,~,,steady_thermal_catalytic,6.84872e-05,rate / WHSV,0.213883,-1.09,1.34592,41.3212,17.2346,15.4848,17.288,17.1977,16.2166,450,220,0.774438,flagged: T outside 300-500 C,Figure 2a,,,,
10.1021/acscatal.8b02839,Figure 2a Ru/BaO−CaH2 200 C,Ru/BaO−CaH2,Ru nanoparticles loaded by chemical vapor deposition using Ru(acac)3; catalyst prepared from CaH2−BaO mixture.,Ru,10,False,200,0.1,3,36000,False,36000 mL gcat−1 h−1,,420,4200,False,plot,~,,steady_thermal_catalytic,0.000261497,rate / WHSV,0.131793,-1.09,1.64539,63.6931,16.3472,15.111,16.3883,16.3236,15.8895,450,220,0.566709,flagged: T outside 300-500 C,Figure 2a,,,,
10.1021/acscatal.8b02839,Figure 2a Ru/BaO−CaH2 225 C,Ru/BaO−CaH2,Ru nanoparticles loaded by chemical vapor deposition using Ru(acac)3; catalyst prepared from CaH2−BaO mixture.,Ru,10,False,225,0.1,3,36000,False,36000 mL gcat−1 h−1,,900,9000,False,plot,~,,steady_thermal_catalytic,0.00056035,rate / WHSV,0.0796489,-1.08,1.57502,52.7723,16.5784,15.2868,16.628,16.5453,16.0214,450,220,0.708675,flagged: T outside 300-500 C,Figure 2a,,,,
10.1021/acscatal.8b02839,Figure 2a Ru/BaO−CaH2 250 C,Ru/BaO−CaH2,Ru nanoparticles loaded by chemical vapor deposition using Ru(acac)3; catalyst prepared from CaH2−BaO mixture.,Ru,10,False,250,0.1,3,36000,False,36000 mL gcat−1 h−1,,2100,21000,False,plot,~,,steady_thermal_catalytic,0.00130748,rate / WHSV,0.0483428,-1.07,1.78979,81.4797,16.1647,14.9791,16.2015,16.1456,15.734,450,215,0.508711,flagged: T outside 300-500 C,Figure 2a,,,,
10.1021/acscatal.8b02839,Figure 2a Ru/BaO−CaH2 270 C,Ru/BaO−CaH2,Ru nanoparticles loaded by chemical vapor deposition using Ru(acac)3; catalyst prepared from CaH2−BaO mixture.,Ru,10,False,270,0.1,3,36000,False,36000 mL gcat−1 h−1,,3300,33000,False,plot,~,,steady_thermal_catalytic,0.00205462,rate / WHSV,0.0328451,-1.055,1.77316,79.0203,16.2922,15.0829,16.3319,16.2678,15.7514,450,215,0.586937,flagged: T outside 300-500 C,Figure 2a,,,,
10.1021/acscatal.8b02839,Figure 2a Ru/BaO−CaH2 285 C,Ru/BaO−CaH2,Ru nanoparticles loaded by chemical vapor deposition using Ru(acac)3; catalyst prepared from CaH2−BaO mixture.,Ru,10,False,285,0.1,3,36000,False,36000 mL gcat−1 h−1,,4800,48000,False,plot,~,,steady_thermal_catalytic,0.00298853,rate / WHSV,0.0248307,-1.04,1.84717,93.5122,16.2399,15.0516,16.2793,16.2176,15.6566,450,215,0.554793,flagged: T outside 300-500 C,Figure 2a,,,,
10.1021/acscatal.8b02839,Figure 2a Ru/BaO−CaH2 300 C,Ru/BaO−CaH2,Ru nanoparticles loaded by chemical vapor deposition using Ru(acac)3; catalyst prepared from CaH2−BaO mixture.,Ru,10,False,300,0.1,3,36000,False,36000 mL gcat−1 h−1,,6400,64000,False,plot,~,,steady_thermal_catalytic,0.00398471,rate / WHSV,0.0189526,-1.025,1.8405,93.413,16.3706,15.1647,16.4126,16.346,15.6572,450,220,0.581085,primary,Figure 2a,10.1021/acscatal.8b02839 | 300 C | 0.1 MPa | H2/N2 3 | 3.6e+04 mL/g/h,per g catalyst,6400,False
10.1021/acscatal.8b02839,Figure 2a Ru/BaO−CaH2 325 C,Ru/BaO−CaH2,Ru nanoparticles loaded by chemical vapor deposition using Ru(acac)3; catalyst prepared from CaH2−BaO mixture.,Ru,10,False,325,0.1,3,36000,False,36000 mL gcat−1 h−1,,8800,88000,False,plot,~,,steady_thermal_catalytic,0.00547898,rate / WHSV,0.0123501,-0.99,1.68614,68.5554,17.2668,15.4691,17.3215,17.2293,15.8393,450,220,0.794292,primary,Figure 2a,10.1021/acscatal.8b02839 | 325 C | 0.1 MPa | H2/N2 3 | 3.6e+04 mL/g/h,per g catalyst,8800,False
10.1021/acscatal.8b02839,Figure 2a Ru/CaH2 150 C,Ru/CaH2,Ru nanoparticles loaded by chemical vapor deposition using Ru(acac)3 over CaH2.,Ru,10,False,150,0.1,3,36000,False,36000 mL gcat−1 h−1,,10,100,False,plot,~,,steady_thermal_catalytic,6.22611e-06,rate / WHSV,0.330441,-1.08,0.656738,17.4007,20.0258,16.7183,20.112,19.9685,17.2642,450,220,1.33221,flagged: T outside 300-500 C,Figure 2a,,,,
10.1021/acscatal.8b02839,Figure 2a Ru/CaH2 175 C,Ru/CaH2,Ru nanoparticles loaded by chemical vapor deposition using Ru(acac)3 over CaH2.,Ru,10,False,175,0.1,3,36000,False,36000 mL gcat−1 h−1,,30,300,False,plot,~,,steady_thermal_catalytic,1.86783e-05,rate / WHSV,0.213883,-1.08,0.191849,5.54432,22.0842,18.3482,22.166,22.0296,19.1133,450,220,1.25716,flagged: T outside 300-500 C,Figure 2a,,,,
10.1021/acscatal.8b02839,Figure 2a Ru/CaH2 200 C,Ru/CaH2,Ru nanoparticles loaded by chemical vapor deposition using Ru(acac)3 over CaH2.,Ru,10,False,200,0.1,3,36000,False,36000 mL gcat−1 h−1,,100,1000,False,plot,~,,steady_thermal_catalytic,6.22611e-05,rate / WHSV,0.131793,-1.08,0.130607,3.95798,22.3927,18.6156,22.4857,22.3313,19.6578,450,220,1.44754,flagged: T outside 300-500 C,Figure 2a,,,,
10.1021/acscatal.8b02839,Figure 2a Ru/CaH2 225 C,Ru/CaH2,Ru nanoparticles loaded by chemical vapor deposition using Ru(acac)3 over CaH2.,Ru,10,False,225,0.1,3,36000,False,36000 mL gcat−1 h−1,,200,2000,False,plot,~,,steady_thermal_catalytic,0.000124522,rate / WHSV,0.0796489,-1.10503,0,2.16506,22.6198,18.8492,22.7507,22.5043,20.6973,450,410,1.19772,flagged: T outside 300-500 C,Figure 2a,,,,
10.1021/acscatal.8b02839,Figure 2a Ru/CaH2 250 C,Ru/CaH2,Ru nanoparticles loaded by chemical vapor deposition using Ru(acac)3 over CaH2.,Ru,10,False,250,0.1,3,36000,False,36000 mL gcat−1 h−1,,450,4500,False,plot,~,,steady_thermal_catalytic,0.000280175,rate / WHSV,0.0483428,-1.09367,0,2.14087,22.8042,18.9582,22.8834,22.7042,20.7173,450,220,1.21306,flagged: T outside 300-500 C,Figure 2a,,,,
10.1021/acscatal.8b02839,Figure 2a Ru/CaH2 270 C,Ru/CaH2,Ru nanoparticles loaded by chemical vapor deposition using Ru(acac)3 over CaH2.,Ru,10,False,270,0.1,3,36000,False,36000 mL gcat−1 h−1,,950,9500,False,plot,~,,steady_thermal_catalytic,0.000591481,rate / WHSV,0.0328451,-1.055,0.229192,3.43088,22.2998,18.5131,22.3894,22.2404,19.8972,450,220,1.3902,flagged: T outside 300-500 C,Figure 2a,,,,
10.1021/acscatal.8b02839,Figure 2a Ru/CaH2 285 C,Ru/CaH2,Ru nanoparticles loaded by chemical vapor deposition using Ru(acac)3 over CaH2.,Ru,10,False,285,0.1,3,36000,False,36000 mL gcat−1 h−1,,1600,16000,False,plot,~,,steady_thermal_catalytic,0.000996178,rate / WHSV,0.0248307,-1.045,0.463148,5.23952,21.3705,17.7473,21.4539,21.3149,19.2026,450,220,1.28489,flagged: T outside 300-500 C,Figure 2a,,,,
10.1021/acscatal.8b02839,Figure 2a Ru/CaH2 300 C,Ru/CaH2,Ru nanoparticles loaded by chemical vapor deposition using Ru(acac)3 over CaH2.,Ru,10,False,300,0.1,3,36000,False,36000 mL gcat−1 h−1,,2900,29000,False,plot,~,,steady_thermal_catalytic,0.00180557,rate / WHSV,0.0189526,-1.03,0.830326,10.8551,19.9953,16.6811,20.0804,19.9387,17.9936,450,220,1.31339,primary,Figure 2a,10.1021/acscatal.8b02839 | 300 C | 0.1 MPa | H2/N2 3 | 3.6e+04 mL/g/h,per g catalyst,2900,False
10.1021/acscatal.8b02839,Figure 2a Ru/CaH2 325 C,Ru/CaH2,Ru nanoparticles loaded by chemical vapor deposition using Ru(acac)3 over CaH2.,Ru,10,False,325,0.1,3,36000,False,36000 mL gcat−1 h−1,,5300,53000,False,plot,~,,steady_thermal_catalytic,0.00329984,rate / WHSV,0.0123501,-1,1.02472,16.3239,19.672,16.4813,19.7454,19.6226,17.3492,450,220,1.11399,primary,Figure 2a,10.1021/acscatal.8b02839 | 325 C | 0.1 MPa | H2/N2 3 | 3.6e+04 mL/g/h,per g catalyst,5300,False
10.1021/acscatal.8b02839,Figure 2a Ru/Ba−Ca(NH2)2 200 C,Ru/Ba−Ca(NH2)2,,Ru,10,False,200,0.1,3,36000,False,36000 mL gcat−1 h−1,,450,4500,False,plot,~,,steady_thermal_catalytic,0.000280175,rate / WHSV,0.131793,-1.09,1.7255,74.6451,16.184,14.9842,16.2214,16.164,15.7852,450,215,0.520507,flagged: T outside 300-500 C,Figure 2a,,,,
10.1021/acscatal.8b02839,Figure 2a Ru/Ba−Ca(NH2)2 225 C,Ru/Ba−Ca(NH2)2,,Ru,10,False,225,0.1,3,36000,False,36000 mL gcat−1 h−1,,1300,13000,False,plot,~,,steady_thermal_catalytic,0.000809394,rate / WHSV,0.0796489,-1.085,2.02476,134.02,15.7173,14.6481,15.7437,15.7081,15.4889,450,200,0.37308,flagged: T outside 300-500 C,Figure 2a,,,,
10.1021/acscatal.8b02839,Figure 2a Ru/Ba−Ca(NH2)2 250 C,Ru/Ba−Ca(NH2)2,,Ru,10,False,250,0.1,3,36000,False,36000 mL gcat−1 h−1,,3900,39000,False,plot,~,,steady_thermal_catalytic,0.00242818,rate / WHSV,0.0483428,-1.075,2.57412,442.279,15.1103,13.9864,15.1377,15.0985,14.7988,425,185,0.423095,flagged: T outside 300-500 C,Figure 2a,,,,
10.1021/acscatal.8b02839,Figure 2a Ru/Ba−Ca(NH2)2 270 C,Ru/Ba−Ca(NH2)2,,Ru,10,False,270,0.1,3,36000,False,36000 mL gcat−1 h−1,,5000,50000,False,plot,~,,steady_thermal_catalytic,0.00311306,rate / WHSV,0.0328451,-1.055,2.30383,249.483,15.4906,14.4996,15.5086,15.4866,15.1491,450,195,0.266904,flagged: T outside 300-500 C,Figure 2a,,,,
10.1021/acscatal.8b02839,Figure 2a Ru/Ba−Ca(NH2)2 285 C,Ru/Ba−Ca(NH2)2,,Ru,10,False,285,0.1,3,36000,False,36000 mL gcat−1 h−1,,6700,67000,False,plot,~,,steady_thermal_catalytic,0.00417149,rate / WHSV,0.0248307,-1.04,2.27615,238.771,15.5698,14.5566,15.5901,15.5645,15.1816,450,200,0.282038,flagged: T outside 300-500 C,Figure 2a,,,,
10.1021/acscatal.8b02839,Figure 2a Ru/Ba−Ca(NH2)2 300 C,Ru/Ba−Ca(NH2)2,,Ru,10,False,300,0.1,3,36000,False,36000 mL gcat−1 h−1,,8900,89000,False,plot,~,,steady_thermal_catalytic,0.00554124,rate / WHSV,0.0189526,-1.02,2.26864,239.679,15.6578,14.6286,15.6825,15.6511,15.1788,450,200,0.336625,primary,Figure 2a,10.1021/acscatal.8b02839 | 300 C | 0.1 MPa | H2/N2 3 | 3.6e+04 mL/g/h,per g catalyst,8900,False
10.1021/acscatal.8b02839,Figure 2a Ru/Ba−Ca(NH2)2 325 C,Ru/Ba−Ca(NH2)2,,Ru,10,False,325,0.1,3,36000,False,36000 mL gcat−1 h−1,,11500,115000,False,plot,~,,steady_thermal_catalytic,0.00716003,rate / WHSV,0.0123501,-0.985,2.04591,152.033,16.2759,15.114,16.3166,16.2521,15.4393,450,215,0.57689,primary,Figure 2a,10.1021/acscatal.8b02839 | 325 C | 0.1 MPa | H2/N2 3 | 3.6e+04 mL/g/h,per g catalyst,11500,False
10.1021/acscatal.8b03650,"Figure 1A, Co/C12A7:e−, 225 °C",Co/C12A7:e−,,Co,2.6,False,225,0.1,3,18000,False,,,95,3653.85,False,plot,~,,steady_thermal_catalytic,0.000118296,rate / WHSV,0.0796489,-1.02946,0,1.47639e+10,19.0242,,20.2465,17.5485,11.9288,450,175,30.0196,flagged: T outside 300-500 C,Figure 1A,,,,
10.1021/acscatal.8b03650,"Figure 1A, Co/C12A7:e−, 250 °C",Co/C12A7:e−,,Co,2.6,False,250,0.1,3,18000,False,,,170,6538.46,False,plot,~,,steady_thermal_catalytic,0.000211688,rate / WHSV,0.0483428,-0.978933,0,1.43821e+09,19.81,,21.0838,18.2775,13.0427,450,170,34.9866,flagged: T outside 300-500 C,Figure 1A,,,,
10.1021/acscatal.8b03650,"Figure 1A, Co/C12A7:e−, 275 °C",Co/C12A7:e−,,Co,2.6,False,275,0.1,3,18000,False,,,310,11923.1,False,plot,~,,steady_thermal_catalytic,0.000386019,rate / WHSV,0.0298902,-0.944599,0,1.95684e+08,20.4583,,21.6335,18.8619,13.7897,450,145,36.8279,flagged: T outside 300-500 C,Figure 1A,,,,
10.1021/acscatal.8b03650,"Figure 1A, Co/C12A7:e−, 325 °C",Co/C12A7:e−,,Co,2.6,False,325,0.1,3,18000,False,,,920,35384.6,False,plot,~,,steady_thermal_catalytic,0.0011456,rate / WHSV,0.0123501,-0.892645,0,7.23074e+06,21.4674,,22.7828,19.9282,15.2359,450,110,42.0766,primary,Figure 1A,10.1021/acscatal.8b03650 | 325 C | 0.1 MPa | H2/N2 3 | 1.8e+04 mL/g/h,per g catalyst,920,False
10.1021/acscatal.8b03650,"Figure 1A, Co/C12A7:e−, 350 °C",Co/C12A7:e−,,Co,2.6,False,350,0.1,3,18000,False,,,1160,44615.4,False,plot,~,,steady_thermal_catalytic,0.00144446,rate / WHSV,0.00826824,-0.822415,0,1.41978e+06,23.4288,,25.1422,21.5487,16.0822,450,105,53.1192,primary,Figure 1A,10.1021/acscatal.8b03650 | 350 C | 0.1 MPa | H2/N2 3 | 1.8e+04 mL/g/h,per g catalyst,1160,False
10.1021/acscatal.8b03650,"Figure 1A, Co/C12A7:e−, 375 °C",Co/C12A7:e−,,Co,2.6,False,375,0.1,3,18000,False,,,1485,57115.4,False,plot,~,,steady_thermal_catalytic,0.00184916,rate / WHSV,0.00567947,-0.769853,0,347728,25.7416,,30.3221,23.3102,18.2089,450,105,88.8375,primary,Figure 1A,10.1021/acscatal.8b03650 | 375 C | 0.1 MPa | H2/N2 3 | 1.8e+04 mL/g/h,per g catalyst,1485,False
10.1021/acscatal.8b03650,"Figure 1A, Ru/MgO, 340 °C",Ru/MgO,,Ru,6,False,340,0.1,3,18000,False,,,520,8666.67,False,plot,~,,steady_thermal_catalytic,0.000647516,rate / WHSV,0.00967694,-1.1856,0,0.14213,21.7529,18.6834,22.0256,21.5767,26.533,450,430,1.97613,primary,Figure 1A,10.1021/acscatal.8b03650 | 340 C | 0.1 MPa | H2/N2 3 | 1.8e+04 mL/g/h,per g catalyst,520,False
10.1021/acscatal.8b03650,"Figure 1A, Ru/MgO, 360 °C",Ru/MgO,,Ru,6,False,360,0.1,3,18000,False,,,850,14166.7,False,plot,~,,steady_thermal_catalytic,0.00105844,rate / WHSV,0.00709371,-1.18587,0,0.188703,21.7512,18.6829,22.0242,21.5752,25.8756,450,430,1.97459,primary,Figure 1A,10.1021/acscatal.8b03650 | 360 C | 0.1 MPa | H2/N2 3 | 1.8e+04 mL/g/h,per g catalyst,850,False
10.1021/acscatal.8b03650,"Figure 1A, Ru/MgO, 380 °C",Ru/MgO,,Ru,6,False,380,0.1,3,18000,False,,,1280,21333.3,False,plot,~,,steady_thermal_catalytic,0.00159388,rate / WHSV,0.00528394,-1.1873,0,0.233869,21.7423,18.6803,22.0171,21.5669,25.3956,450,430,1.96631,primary,Figure 1A,10.1021/acscatal.8b03650 | 380 C | 0.1 MPa | H2/N2 3 | 1.8e+04 mL/g/h,per g catalyst,1280,False
10.1021/acscatal.8b03650,"Figure 1A, Ru/MgO, 400 °C",Ru/MgO,,Ru,6,False,400,0.1,3,18000,False,,,1610,26833.3,False,plot,~,,steady_thermal_catalytic,0.00200481,rate / WHSV,0.00399559,-1.19685,0,0.209152,21.692,18.6673,21.9627,21.5204,25.6519,450,430,1.91952,primary,Figure 1A,10.1021/acscatal.8b03650 | 400 C | 0.1 MPa | H2/N2 3 | 1.8e+04 mL/g/h,per g catalyst,1610,False
10.1021/acscatal.8b03650,"Figure 1A, Co/CeO2, 300 °C",Co/CeO2,CeO2 and Co2(CO)8 heated in H2/N2 at 400 °C for 2 h (Experimental Details).,Co,3,False,300,0.1,3,18000,False,,,120,4000,False,plot,~,,steady_thermal_catalytic,0.000149427,rate / WHSV,0.0189526,-0.796339,0,6.26403e+06,24.0211,,26.4312,22.0218,15.2363,450,110,63.7006,primary,Figure 1A,10.1021/acscatal.8b03650 | 300 C | 0.1 MPa | H2/N2 3 | 1.8e+04 mL/g/h,per g catalyst,120,False
10.1021/acscatal.8b03650,"Figure 1A, Co/CeO2, 325 °C",Co/CeO2,,Co,3,False,325,0.1,3,18000,False,,,165,5500,False,plot,~,,steady_thermal_catalytic,0.000205462,rate / WHSV,0.0123501,-0.749215,0,1.07994e+06,27.1132,,34.0961,23.7667,16.2312,450,125,86.0678,primary,Figure 1A,10.1021/acscatal.8b03650 | 325 C | 0.1 MPa | H2/N2 3 | 1.8e+04 mL/g/h,per g catalyst,165,False
10.1021/acscatal.8b03650,"Figure 1A, Co/CeO2, 360 °C",Co/CeO2,,Co,3,False,360,0.1,3,18000,False,,,540,18000,False,plot,~,,steady_thermal_catalytic,0.00067242,rate / WHSV,0.00709371,-0.723309,0,279510,31.2563,,,25.0675,18.3576,450,190,88.381,primary,Figure 1A,10.1021/acscatal.8b03650 | 360 C | 0.1 MPa | H2/N2 3 | 1.8e+04 mL/g/h,per g catalyst,540,False
10.1021/acscatal.8b03650,"Figure 1A, Co/CeO2, 375 °C",Co/CeO2,,Co,3,False,375,0.1,3,18000,False,,,750,25000,False,plot,~,,steady_thermal_catalytic,0.000933917,rate / WHSV,0.00567947,-0.70707,0,146668,38.2311,,,26.1006,19.5903,450,295,89.74,primary,Figure 1A,10.1021/acscatal.8b03650 | 375 C | 0.1 MPa | H2/N2 3 | 1.8e+04 mL/g/h,per g catalyst,750,False
10.1021/acscatal.8b03650,"Figure 1A, Co/CeO2, 400 °C",Co/CeO2,,Co,3,False,400,0.1,3,18000,False,,,1180,39333.3,False,plot,~,,steady_thermal_catalytic,0.00146936,rate / WHSV,0.00399559,-0.679361,0,52829.9,,,,31.0074,22.1201,,,,primary; infeasible within bed limit,Figure 1A,,,,
10.1021/acscatal.8b03650,"Figure 1A, Cs−Co/MgO, 340 °C",Cs−Co/MgO (Co/Cs = 1),Cs2CO3 added to Co/MgO with atomic ratio Co/Cs = 1.,Co,6,False,340,0.1,3,18000,False,,,30,500,False,plot,~,,steady_thermal_catalytic,3.73567e-05,rate / WHSV,0.00967694,-0.625763,0,31196.9,,,,49.1961,21.6663,,,,primary; infeasible within bed limit,Figure 1A,,,,
10.1021/acscatal.8b03650,"Figure 1A, Cs−Co/MgO, 360 °C",Cs−Co/MgO (Co/Cs = 1),,Co,6,False,360,0.1,3,18000,False,,,70,1166.67,False,plot,~,,steady_thermal_catalytic,8.71656e-05,rate / WHSV,0.00709371,-0.612309,0,17829.7,,,,,23.6798,,,,primary; infeasible within bed limit,Figure 1A,,,,
10.1021/acscatal.8b03650,"Figure 1A, Cs−Co/MgO, 380 °C",Cs−Co/MgO (Co/Cs = 1),,Co,6,False,380,0.1,3,18000,False,,,115,1916.67,False,plot,~,,steady_thermal_catalytic,0.000143201,rate / WHSV,0.00528394,-0.588945,0,8045.49,,,,,48.7146,,,,primary; infeasible within bed limit,Figure 1A,,,,
10.1021/acscatal.8b03650,"Figure 1A, Cs−Co/MgO, 420 °C",Cs−Co/MgO (Co/Cs = 1),,Co,6,False,420,0.1,3,18000,False,,,270,4500,False,plot,~,,steady_thermal_catalytic,0.00033621,rate / WHSV,0.00306427,-0.545219,0,1919.15,,,,,,,,,primary; infeasible within bed limit,Figure 1A,,,,
10.1021/acscatal.8b03650,"Figure 1A, Cs−Co/MgO, 440 °C",Cs−Co/MgO (Co/Cs = 1),,Co,6,False,440,0.1,3,18000,False,,,430,7166.67,False,plot,~,,steady_thermal_catalytic,0.000535446,rate / WHSV,0.00238116,-0.529107,0,1114.3,,,,,,,,,primary; infeasible within bed limit,Figure 1A,,,,
10.1021/acscatal.8b03650,"Figure 1A, Cs−Co/MgO, 460 °C",Cs−Co/MgO (Co/Cs = 1),,Co,6,False,460,0.1,3,18000,False,,,660,11000,False,plot,~,,steady_thermal_catalytic,0.000821847,rate / WHSV,0.0018732,-0.515041,0,687.864,,,,,,,,,primary; infeasible within bed limit,Figure 1A,,,,
10.1021/acscatal.8b03650,"Figure 1A, Ba−Co/AC, 425 °C",Ba−Co/AC,,Co,10,False,425,0.1,3,18000,False,,,190,1900,False,plot,~,,steady_thermal_catalytic,0.000236592,rate / WHSV,0.00287357,-0.503646,0,621.962,,,,,,,,,primary; infeasible within bed limit,Figure 1A,,,,
10.1021/acscatal.8b03650,"Figure 1A, Ba−Co/AC, 450 °C",Ba−Co/AC,,Co,10,False,450,0.1,3,18000,False,,,450,4500,False,plot,~,,steady_thermal_catalytic,0.00056035,rate / WHSV,0.00210884,-0.495001,0,433.912,,,,,,,,,primary; infeasible within bed limit,Figure 1A,,,,
10.1021/acscatal.8b03650,"Figure 1A, Co/C12A7:O2−, 420 °C",Co/C12A7:O2−,,Co,2.9,False,420,0.1,3,18000,False,,,65,2241.38,False,plot,~,,steady_thermal_catalytic,8.09394e-05,rate / WHSV,0.00306427,-0.518292,0,950.692,,,,,,,,,primary; infeasible within bed limit,Figure 1A,,,,
10.1021/acscatal.8b03650,"Figure 1A, Co/C12A7:O2−, 450 °C",Co/C12A7:O2−,,Co,2.9,False,450,0.1,3,18000,False,,,180,6206.9,False,plot,~,,steady_thermal_catalytic,0.00022414,rate / WHSV,0.00210884,-0.506092,0,588.17,,,,,,,,,primary; infeasible within bed limit,Figure 1A,,,,
10.1021/acscatal.8b03650,"Figure 1A, Co/C12A7:O2−, 475 °C",Co/C12A7:O2−,,Co,2.9,False,475,0.1,3,18000,False,,,360,12413.8,False,plot,~,,steady_thermal_catalytic,0.00044828,rate / WHSV,0.00157657,-0.494822,0,385.017,,,,,,,,,primary; infeasible within bed limit,Figure 1A,,,,
10.1021/acscatal.8b03650,"Figure 1A, Co/C12A7:O2−, 500 °C",Co/C12A7:O2−,,Co,2.9,False,500,0.1,3,18000,False,,,630,21724.1,False,plot,~,,steady_thermal_catalytic,0.00078449,rate / WHSV,0.00119886,-0.484601,0,260.295,,,,,,,,,primary; infeasible within bed limit,Figure 1A,,,,
10.1021/acscatal.8b03650,"Figure 1A, Co/MgO, 400 °C",Co/MgO,,Co,6,False,400,0.1,3,18000,False,,,15,250,False,plot,~,,steady_thermal_catalytic,1.86783e-05,rate / WHSV,0.00399559,-0.474478,0,318.288,,,,,,,,,primary; infeasible within bed limit,Figure 1A,,,,
10.1021/acscatal.8b03650,"Figure 1A, Co/MgO, 425 °C",Co/MgO,,Co,6,False,425,0.1,3,18000,False,,,60,1000,False,plot,~,,steady_thermal_catalytic,7.47133e-05,rate / WHSV,0.00287357,-0.479416,0,326.338,,,,,,,,,primary; infeasible within bed limit,Figure 1A,,,,
10.1021/acscatal.8b03650,"Figure 1A, Co/MgO, 450 °C",Co/MgO,,Co,6,False,450,0.1,3,18000,False,,,95,1583.33,False,plot,~,,steady_thermal_catalytic,0.000118296,rate / WHSV,0.00210884,-0.454252,0,149.616,,,,,,,,,primary; infeasible within bed limit,Figure 1A,,,,
10.1021/acscatal.8b03650,"Figure 1A, Co/MgO, 470 °C",Co/MgO,,Co,6,False,470,0.1,3,18000,False,,,155,2583.33,False,plot,~,,steady_thermal_catalytic,0.000193009,rate / WHSV,0.00166866,-0.441237,0,97.9555,,,,,,,,,primary; infeasible within bed limit,Figure 1A,,,,
10.1021/jacs.7b08891,Figure 2a bar,CaH2,Commercial CaH2 ball milled for 12 h in a N2-filled Al2O3 pot,,,False,400,5.10133,3,66000,False,,,0,,False,plot,~,,steady_thermal_catalytic,,,,,,,,,,,,,,,outside: not a single model metal; no rate per g catalyst; metal content not given,Figure 2a,,,,
10.1021/jacs.7b08891,Figure 2a bar,TiO2,Commercial TiO2 ball milled for 12 h in a N2-filled Al2O3 pot,Ti,,False,400,5.10133,3,66000,False,,,0,,False,plot,~,,steady_thermal_catalytic,,,,,,,,,,,,,,,outside: not a single model metal; no rate per g catalyst; metal content not given,Figure 2a,,,,
10.1021/jacs.7b08891,Figure 2a bar,Ti2O3,Commercial Ti2O3 ball milled for 12 h in a N2-filled Al2O3 pot,Ti,,False,400,5.10133,3,66000,False,,,0,,False,plot,~,,steady_thermal_catalytic,,,,,,,,,,,,,,,outside: not a single model metal; no rate per g catalyst; metal content not given,Figure 2a,,,,
10.1021/jacs.7b08891,Figure 2a bar,BaTiO3,"Commercial BaTiO3, particle size ∼100 nm, used as a reference catalyst",Ti,,False,400,5.10133,3,66000,False,,,0,,False,plot,~,,steady_thermal_catalytic,,,,,,,,,,,,,,,outside: not a single model metal; no rate per g catalyst; metal content not given,Figure 2a,,,,
10.1021/jacs.7b08891,"Figure 2e TiH2, 0 MPa",TiH2,Commercial TiH2 ball milled for 12 h in a N2-filled Al2O3 pot,Ti,,False,400,0.101325,3,66000,False,,,20,,False,plot,~,,steady_thermal_catalytic,6.79212e-06,rate / WHSV,,,,,,,,,,,,,outside: not a single model metal; metal content not given,Figure 2e,,,,
10.1021/jacs.7b08891,"Figure 2e BaTiO2.5H0.5, 0 MPa",BaTiO2.5H0.5,"Synthesized by CaH2 reduction of BaTiO3 at 560 °C for 1 week, then washed with NH4Cl/methanol and dried at 100 °C under vacuum",Ti,,False,400,0.101325,3,66000,False,,,10,,False,plot,~,,steady_thermal_catalytic,3.39606e-06,rate / WHSV,,,,,,,,,,,,,outside: not a single model metal; metal content not given,Figure 2e,,,,
10.1021/jacs.7b08891,"Figure 2e BaTiO3, 0 MPa",BaTiO3,"Commercial BaTiO3, particle size ∼100 nm, used as a reference catalyst",Ti,,False,400,0.101325,3,66000,False,,,0,,False,plot,~,,steady_thermal_catalytic,,,,,,,,,,,,,,,outside: not a single model metal; no rate per g catalyst; metal content not given,Figure 2e,,,,
10.1021/jacs.7b08891,"Figure 2e BaTiO3, 1 MPa",BaTiO3,"Commercial BaTiO3, particle size ∼100 nm, used as a reference catalyst",Ti,,False,400,1.10133,3,66000,False,,,10,,False,plot,~,,steady_thermal_catalytic,3.39606e-06,rate / WHSV,,,,,,,,,,,,,outside: not a single model metal; metal content not given,Figure 2e,,,,
10.1021/jacs.7b08891,"Figure 2e BaTiO3, 2 MPa",BaTiO3,"Commercial BaTiO3, particle size ∼100 nm, used as a reference catalyst",Ti,,False,400,2.10133,3,66000,False,,,10,,False,plot,~,,steady_thermal_catalytic,3.39606e-06,rate / WHSV,,,,,,,,,,,,,outside: not a single model metal; metal content not given,Figure 2e,,,,
10.1021/jacs.7b08891,"Figure 2e BaTiO3, 3 MPa",BaTiO3,"Commercial BaTiO3, particle size ∼100 nm, used as a reference catalyst",Ti,,False,400,3.10133,3,66000,False,,,15,,False,plot,~,,steady_thermal_catalytic,5.09409e-06,rate / WHSV,,,,,,,,,,,,,outside: not a single model metal; metal content not given,Figure 2e,,,,
10.1021/jacs.7b08891,"Figure 2e BaTiO3, 4 MPa",BaTiO3,"Commercial BaTiO3, particle size ∼100 nm, used as a reference catalyst",Ti,,False,400,4.10133,3,66000,False,,,20,,False,plot,~,,steady_thermal_catalytic,6.79212e-06,rate / WHSV,,,,,,,,,,,,,outside: not a single model metal; metal content not given,Figure 2e,,,,
10.1021/jacs.9b10726,"Figure 4b, Co/BaCeO3−xNyHz 260 °C",Co(4.7 wt %)/BaCeO3−xNyHz,,Co,4.7,False,260,0.9,3,36000,False,,,1100,23404.3,False,plot,~,,steady_thermal_catalytic,0.000684872,rate / WHSV,0.230124,-1.03476,0,1.75456e+09,17.9815,,19.1205,16.639,12.6942,450,210,25.9819,flagged: T outside 300-500 C,Figure 4b,,,,
10.1021/jacs.9b10726,"Figure 4b, Co/BaCeO3−xNyHz 280 °C",Co(4.7 wt %)/BaCeO3−xNyHz,,Co,4.7,False,280,0.9,3,36000,False,,,1500,31914.9,False,plot,~,,steady_thermal_catalytic,0.000933917,rate / WHSV,0.175885,-0.978485,0,2.8822e+08,18.8059,,19.9959,17.3887,13.5016,450,170,28.7338,flagged: T outside 300-500 C,Figure 4b,,,,
10.1021/jacs.9b10726,"Figure 4b, Co/BaCeO3−xNyHz 300 °C",Co(4.7 wt %)/BaCeO3−xNyHz,,Co,4.7,False,300,0.9,3,36000,False,,,2300,48936.2,False,plot,~,,steady_thermal_catalytic,0.00143201,rate / WHSV,0.133169,-0.945115,0,6.38928e+07,19.3924,,20.6253,17.9258,14.107,450,160,33.3416,primary,Figure 4b,10.1021/jacs.9b10726 | 300 C | 0.9 MPa | H2/N2 3 | 3.6e+04 mL/g/h,per g catalyst,2300,False
10.1021/jacs.9b10726,"Figure 4b, Co/BaCeO3−xNyHz 320 °C",Co(4.7 wt %)/BaCeO3−xNyHz,,Co,4.7,False,320,0.9,3,36000,False,,,3400,72340.4,False,plot,~,,steady_thermal_catalytic,0.00211688,rate / WHSV,0.10045,-0.912403,0,1.58579e+07,20.0639,,21.2303,18.5413,14.5738,450,155,36.194,primary,Figure 4b,10.1021/jacs.9b10726 | 320 C | 0.9 MPa | H2/N2 3 | 3.6e+04 mL/g/h,per g catalyst,3400,False
10.1021/jacs.9b10726,"Figure 4b, Co/BaCeO3−xNyHz 340 °C",Co(4.7 wt %)/BaCeO3−xNyHz,,Co,4.7,False,340,0.9,3,36000,False,,,4800,102128,False,plot,~,,steady_thermal_catalytic,0.00298853,rate / WHSV,0.0758434,-0.878495,0,4.29887e+06,20.7203,,21.9626,19.2425,15.2222,450,110,42.3368,primary,Figure 4b,10.1021/jacs.9b10726 | 340 C | 0.9 MPa | H2/N2 3 | 3.6e+04 mL/g/h,per g catalyst,4800,False
10.1021/jacs.9b10726,"Figure 4b, Co/BaCeO3−xNyHz 360 °C",Co(4.7 wt %)/BaCeO3−xNyHz,,Co,4.7,False,360,0.9,3,36000,False,,,6500,138298,False,plot,~,,steady_thermal_catalytic,0.00404697,rate / WHSV,0.057523,-0.843429,0,1.2634e+06,21.5716,,22.9584,20.0239,15.6893,450,110,44.5529,primary,Figure 4b,10.1021/jacs.9b10726 | 360 C | 0.9 MPa | H2/N2 3 | 3.6e+04 mL/g/h,per g catalyst,6500,False
10.1021/jacs.9b10726,"Figure 4b, Co/BaCeO3−xNyHz 380 °C",Co(4.7 wt %)/BaCeO3−xNyHz,,Co,4.7,False,380,0.9,3,36000,False,,,8300,176596,False,plot,~,,steady_thermal_catalytic,0.00516767,rate / WHSV,0.0439319,-0.805044,0,390705,22.731,,24.2856,20.9232,17.0432,450,110,53.1047,primary,Figure 4b,10.1021/jacs.9b10726 | 380 C | 0.9 MPa | H2/N2 3 | 3.6e+04 mL/g/h,per g catalyst,8300,False
10.1021/jacs.9b10726,"Figure 4b, Fe/BaCeO3−xNyHz 260 °C",Fe(1.2 wt %)/BaCeO3−xNyHz,,Fe,1.2,False,260,0.9,3,36000,False,,,650,54166.7,False,plot,~,,steady_thermal_catalytic,0.000404697,rate / WHSV,0.230124,-1.15592,0,294128,19.027,,20.295,17.4913,11.1053,450,220,27.9152,flagged: T outside 300-500 C,Figure 4b,,,,
10.1021/jacs.9b10726,"Figure 4b, Fe/BaCeO3−xNyHz 280 °C",Fe(1.2 wt %)/BaCeO3−xNyHz,,Fe,1.2,False,280,0.9,3,36000,False,,,950,79166.7,False,plot,~,,steady_thermal_catalytic,0.000591481,rate / WHSV,0.175885,-1.17499,0,86078.7,18.9356,,20.2154,17.4114,11.2016,450,220,26.6094,flagged: T outside 300-500 C,Figure 4b,,,,
10.1021/jacs.9b10726,"Figure 4b, Fe/BaCeO3−xNyHz 300 °C",Fe(1.2 wt %)/BaCeO3−xNyHz,,Fe,1.2,False,300,0.9,3,36000,False,,,1450,120833,False,plot,~,,steady_thermal_catalytic,0.000902786,rate / WHSV,0.133169,-1.18581,0,29035.1,18.9028,,20.1915,17.38,11.4521,450,220,26.1377,primary,Figure 4b,10.1021/jacs.9b10726 | 300 C | 0.9 MPa | H2/N2 3 | 3.6e+04 mL/g/h,per g catalyst,1450,False
10.1021/jacs.9b10726,"Figure 4b, Fe/BaCeO3−xNyHz 320 °C",Fe(1.2 wt %)/BaCeO3−xNyHz,,Fe,1.2,False,320,0.9,3,36000,False,,,2200,183333,False,plot,~,,steady_thermal_catalytic,0.00136974,rate / WHSV,0.10045,-1.19361,0,10693.1,18.8876,,20.1845,17.3632,12.1407,450,220,25.9188,primary,Figure 4b,10.1021/jacs.9b10726 | 320 C | 0.9 MPa | H2/N2 3 | 3.6e+04 mL/g/h,per g catalyst,2200,False
10.1021/jacs.9b10726,"Figure 4b, Fe/BaCeO3−xNyHz 340 °C",Fe(1.2 wt %)/BaCeO3−xNyHz,,Fe,1.2,False,340,0.9,3,36000,False,,,3000,250000,False,plot,~,,steady_thermal_catalytic,0.00186783,rate / WHSV,0.0758434,-1.20372,0,3865.2,18.8788,,20.1891,17.3491,13.013,450,220,25.7931,primary,Figure 4b,10.1021/jacs.9b10726 | 340 C | 0.9 MPa | H2/N2 3 | 3.6e+04 mL/g/h,per g catalyst,3000,False
10.1021/jacs.9b10726,"Figure 4b, Fe/BaCeO3−xNyHz 360 °C",Fe(1.2 wt %)/BaCeO3−xNyHz,,Fe,1.2,False,360,0.9,3,36000,False,,,4000,333333,False,plot,~,,steady_thermal_catalytic,0.00249044,rate / WHSV,0.057523,-1.21299,0,1485.81,18.8829,,20.2088,17.3442,13.7232,450,220,25.8516,primary,Figure 4b,10.1021/jacs.9b10726 | 360 C | 0.9 MPa | H2/N2 3 | 3.6e+04 mL/g/h,per g catalyst,4000,False
10.1021/jacs.9b10726,"Figure 4b, Fe/BaCeO3−xNyHz 380 °C",Fe(1.2 wt %)/BaCeO3−xNyHz,,Fe,1.2,False,380,0.9,3,36000,False,,,5300,441667,False,plot,~,,steady_thermal_catalytic,0.00329984,rate / WHSV,0.0439319,-1.22122,0,615.559,18.897,,20.2403,17.3465,14.2422,450,220,26.0545,primary,Figure 4b,10.1021/jacs.9b10726 | 380 C | 0.9 MPa | H2/N2 3 | 3.6e+04 mL/g/h,per g catalyst,5300,False
10.1021/jacs.9b10726,"Figure 4b, BaCeO3−xNyHz 300 °C",BaCeO3−xNyHz,,,,False,300,0.9,3,36000,False,36000 mL g−1 h−1,,100,,False,plot,~,,steady_thermal_catalytic,6.22611e-05,rate / WHSV,,,,,,,,,,,,,outside: not a single model metal; metal content not given,Figure 4b,,,,
10.1021/jacs.9b10726,"Figure 4b, BaCeO3−xNyHz 340 °C",BaCeO3−xNyHz,,,,False,340,0.9,3,36000,False,36000 mL g−1 h−1,,230,,False,plot,~,,steady_thermal_catalytic,0.000143201,rate / WHSV,,,,,,,,,,,,,outside: not a single model metal; metal content not given,Figure 4b,,,,
10.1021/jacs.9b10726,"Figure 4b, BaCeO3−xNyHz 380 °C",BaCeO3−xNyHz,,,,False,380,0.9,3,36000,False,36000 mL g−1 h−1,,400,,False,plot,~,,steady_thermal_catalytic,0.000249044,rate / WHSV,,,,,,,,,,,,,outside: not a single model metal; metal content not given,Figure 4b,,,,
10.1021/jacs.9b10726,"Figure 4b, BaCeO3−xNyHz 440 °C",BaCeO3−xNyHz,,,,False,440,0.9,3,36000,False,36000 mL g−1 h−1,,1050,,False,plot,~,,steady_thermal_catalytic,0.000653742,rate / WHSV,,,,,,,,,,,,,outside: not a single model metal; metal content not given,Figure 4b,,,,
10.1021/jacs.9b10726,"Figure 4b, BaCeO3−xNyHz 480 °C",BaCeO3−xNyHz,,,,False,480,0.9,3,36000,False,36000 mL g−1 h−1,,1950,,False,plot,~,,steady_thermal_catalytic,0.00121409,rate / WHSV,,,,,,,,,,,,,outside: not a single model metal; metal content not given,Figure 4b,,,,
10.1021/jacs.9b10726,"Figure 4b, BaCeO3−xNyHz 500 °C",BaCeO3−xNyHz,,,,False,500,0.9,3,36000,False,36000 mL g−1 h−1,,2600,,False,plot,~,,steady_thermal_catalytic,0.00161879,rate / WHSV,,,,,,,,,,,,,outside: not a single model metal; metal content not given,Figure 4b,,,,
10.1038/nchem.1476,"Figure 3a, Ru-Cs/MgO at 0.85 MPa",Ru-Cs/MgO,"Catalysts pretreated in N2 + 3H2 at 0.1 MPa, heated to 400 °C in 2 h and held 1 h (Methods).",Ru,6,False,360,0.85,3,18000,False,,,,,False,,,,steady_thermal_catalytic,,,,,,,,,,,,,,,outside: no rate per g catalyst,Figure 3a,,,,
10.1038/s41467-020-14287-z,"Figure 2a, N–C, 275 °C",N–C,"Before evaluation, reduced in 10%H2/Ar at 400 °C for 4 h.",,,False,275,1,3,60000,False,60000 mL g−1 h−1,,20,,False,plot,~,,steady_thermal_catalytic,7.47133e-06,rate / WHSV,,,,,,,,,,,,,outside: not a single model metal; metal content not given,Figure 2a,,,,
10.1038/s41467-020-14287-z,"Figure 2a, N–C, 325 °C",N–C,"Before evaluation, reduced in 10%H2/Ar at 400 °C for 4 h.",,,False,325,1,3,60000,False,60000 mL g−1 h−1,,80,,False,plot,~,,steady_thermal_catalytic,2.98853e-05,rate / WHSV,,,,,,,,,,,,,outside: not a single model metal; metal content not given,Figure 2a,,,,
10.1038/s41586-020-2464-9,"Figure 2a, Ni/LaN NPs, 0.9 MPa",Ni/LaN NPs,nanoparticles,Ni,12.5,False,400,0.9,3,36000,False,36000 ml g−1 h−1,0.98,14800,118400,False,plot,~,,steady_thermal_catalytic,0.0098,printed outlet,0.0338378,-0.756463,0,8.8712e+06,22.2611,,23.8349,20.5301,16.2903,450,110,63.034,primary,Figure 2a,10.1038/s41586-020-2464-9 | 400 C | 0.9 MPa | H2/N2 3 | 3.6e+04 mL/g/h,per g catalyst,14800,False
10.1038/s41586-020-2464-9,"Figure 2a, Ni/LaN bulk, 0.9 MPa",Ni/LaN bulk,bulk,Ni,5,False,400,0.9,3,36000,False,36000 ml g−1 h−1,0.49,7350,147000,False,plot,~,,steady_thermal_catalytic,0.0049,printed outlet,0.0338378,-0.735076,0,1.03733e+07,25.5798,,30.5716,23.0964,17.4906,450,105,85.1598,primary,Figure 2a,10.1038/s41586-020-2464-9 | 400 C | 0.9 MPa | H2/N2 3 | 3.6e+04 mL/g/h,per g catalyst,7350,False
10.1038/s41586-020-2464-9,"Figure 2a, Ni/C12A7:e−, 0.1 MPa",Ni/C12A7:e−,,Ni,,False,400,0.1,3,36000,False,36000 ml g−1 h−1,0,0,,False,plot,~,,steady_thermal_catalytic,0,printed outlet,,,,,,,,,,,,,outside: no rate per g catalyst; metal content not given,Figure 2a,,,,
10.1038/s41586-020-2464-9,"Figure 2a, Ni/C12A7:e−, 0.9 MPa",Ni/C12A7:e−,,Ni,,False,400,0.9,3,36000,False,36000 ml g−1 h−1,0,0,,False,plot,~,,steady_thermal_catalytic,0,printed outlet,,,,,,,,,,,,,outside: no rate per g catalyst; metal content not given,Figure 2a,,,,
10.1038/s41586-020-2464-9,"Figure 2a, Ni nanoparticles, 0.1 MPa",Ni nanoparticles,nanoparticles,Ni,,False,400,0.1,3,36000,False,36000 ml g−1 h−1,0,0,,False,plot,~,,steady_thermal_catalytic,0,printed outlet,,,,,,,,,,,,,outside: no rate per g catalyst; metal content not given,Figure 2a,,,,
10.1038/s41586-020-2464-9,"Figure 2a, Ni nanoparticles, 0.9 MPa",Ni nanoparticles,nanoparticles,Ni,,False,400,0.9,3,36000,False,36000 ml g−1 h−1,0,0,,False,plot,~,,steady_thermal_catalytic,0,printed outlet,,,,,,,,,,,,,outside: no rate per g catalyst; metal content not given,Figure 2a,,,,
10.1038/s41586-020-2464-9,"Figure 2a, Ni/La2O3, 0.1 MPa",Ni/La2O3,,Ni,,False,400,0.1,3,36000,False,36000 ml g−1 h−1,0,0,,False,plot,~,,steady_thermal_catalytic,0,printed outlet,,,,,,,,,,,,,outside: no rate per g catalyst; metal content not given,Figure 2a,,,,
10.1038/s41586-020-2464-9,"Figure 2a, Ni/La2O3, 0.9 MPa",Ni/La2O3,,Ni,,False,400,0.9,3,36000,False,36000 ml g−1 h−1,0,0,,False,plot,~,,steady_thermal_catalytic,0,printed outlet,,,,,,,,,,,,,outside: no rate per g catalyst; metal content not given,Figure 2a,,,,
10.1038/s41586-020-2464-9,"Figure 2a, Ni/MgO, 0.1 MPa",Ni/MgO,,Ni,,False,400,0.1,3,36000,False,36000 ml g−1 h−1,0,0,,False,plot,~,,steady_thermal_catalytic,0,printed outlet,,,,,,,,,,,,,outside: no rate per g catalyst; metal content not given,Figure 2a,,,,
10.1038/s41586-020-2464-9,"Figure 2a, Ni/MgO, 0.9 MPa",Ni/MgO,,Ni,,False,400,0.9,3,36000,False,36000 ml g−1 h−1,0,0,,False,plot,~,,steady_thermal_catalytic,0,printed outlet,,,,,,,,,,,,,outside: no rate per g catalyst; metal content not given,Figure 2a,,,,
10.1038/s41586-020-2464-9,"Figure 2a, Ni/AC, 0.1 MPa",Ni/AC,,Ni,,False,400,0.1,3,36000,False,36000 ml g−1 h−1,0,0,,False,plot,~,,steady_thermal_catalytic,0,printed outlet,,,,,,,,,,,,,outside: no rate per g catalyst; metal content not given,Figure 2a,,,,
10.1038/s41586-020-2464-9,"Figure 2a, Ni/AC, 0.9 MPa",Ni/AC,,Ni,,False,400,0.9,3,36000,False,36000 ml g−1 h−1,0,0,,False,plot,~,,steady_thermal_catalytic,0,printed outlet,,,,,,,,,,,,,outside: no rate per g catalyst; metal content not given,Figure 2a,,,,
10.1038/s41586-020-2464-9,"Figure 2a, LaN bulk, 0.1 MPa",LaN bulk,bulk,,,False,400,0.1,3,36000,False,36000 ml g−1 h−1,0,0,,False,plot,~,,steady_thermal_catalytic,0,printed outlet,,,,,,,,,,,,,outside: not a single model metal; no rate per g catalyst; metal content not given,Figure 2a,,,,
10.1038/s41586-020-2464-9,"Figure 2a, LaN bulk, 0.9 MPa",LaN bulk,bulk,,,False,400,0.9,3,36000,False,36000 ml g−1 h−1,0,0,,False,plot,~,,steady_thermal_catalytic,0,printed outlet,,,,,,,,,,,,,outside: not a single model metal; no rate per g catalyst; metal content not given,Figure 2a,,,,
10.1039/b202781j,"Figure 2, Ba–Co/C, 320 °C, H2/(H2+N2)=0.58",Ba–Co/C,Vulcan XC-72 support; incipient wetness impregnation with Co(NO3)2 and Ba(O2CCH3)2; activated in N2+H2.,Co,8,False,320,1,0.58,32727.3,False,,0.5,,,False,,,,steady_thermal_catalytic,0.005,printed outlet,,,,,,,,,,,,,outside: no rate per g catalyst,Figure 2,,,,
10.1039/b202781j,"Figure 2, Ba–Co/C, 320 °C, H2/(H2+N2)=0.67",Ba–Co/C,Vulcan XC-72 support; incipient wetness impregnation with Co(NO3)2 and Ba(O2CCH3)2; activated in N2+H2.,Co,8,False,320,1,0.67,32727.3,False,,0.48,,,False,,,,steady_thermal_catalytic,0.0048,printed outlet,,,,,,,,,,,,,outside: no rate per g catalyst,Figure 2,,,,
10.1039/b202781j,"Figure 2, Ba–Co/C, 320 °C, H2/(H2+N2)=0.75",Ba–Co/C,Vulcan XC-72 support; incipient wetness impregnation with Co(NO3)2 and Ba(O2CCH3)2; activated in N2+H2.,Co,8,False,320,1,0.75,32727.3,False,,0.4,,,False,,,,steady_thermal_catalytic,0.004,printed outlet,,,,,,,,,,,,,outside: no rate per g catalyst,Figure 2,,,,
10.1039/b202781j,"Figure 2, Ba–Co/C, 320 °C, H2/(H2+N2)=0.83",Ba–Co/C,Vulcan XC-72 support; incipient wetness impregnation with Co(NO3)2 and Ba(O2CCH3)2; activated in N2+H2.,Co,8,False,320,1,0.83,32727.3,False,,0.32,,,False,,,,steady_thermal_catalytic,0.0032,printed outlet,,,,,,,,,,,,,outside: no rate per g catalyst,Figure 2,,,,
10.1039/b202781j,"Figure 2, Ba–Co/C, 320 °C, H2/(H2+N2)=0.92",Ba–Co/C,Vulcan XC-72 support; incipient wetness impregnation with Co(NO3)2 and Ba(O2CCH3)2; activated in N2+H2.,Co,8,False,320,1,0.92,32727.3,False,,0.24,,,False,,,,steady_thermal_catalytic,0.0024,printed outlet,,,,,,,,,,,,,outside: no rate per g catalyst,Figure 2,,,,
10.1039/b202781j,"Figure 2, Ba–Co/C, 360 °C, H2/(H2+N2)=0.58",Ba–Co/C,Vulcan XC-72 support; incipient wetness impregnation with Co(NO3)2 and Ba(O2CCH3)2; activated in N2+H2.,Co,8,False,360,1,0.58,32727.3,False,,0.99,,,False,,,,steady_thermal_catalytic,0.0099,printed outlet,,,,,,,,,,,,,outside: no rate per g catalyst,Figure 2,,,,
10.1039/b202781j,"Figure 2, Ba–Co/C, 360 °C, H2/(H2+N2)=0.67",Ba–Co/C,Vulcan XC-72 support; incipient wetness impregnation with Co(NO3)2 and Ba(O2CCH3)2; activated in N2+H2.,Co,8,False,360,1,0.67,32727.3,False,,0.94,,,False,,,,steady_thermal_catalytic,0.0094,printed outlet,,,,,,,,,,,,,outside: no rate per g catalyst,Figure 2,,,,
10.1039/b202781j,"Figure 2, Ba–Co/C, 360 °C, H2/(H2+N2)=0.75",Ba–Co/C,Vulcan XC-72 support; incipient wetness impregnation with Co(NO3)2 and Ba(O2CCH3)2; activated in N2+H2.,Co,8,False,360,1,0.75,32727.3,False,,0.86,,,False,,,,steady_thermal_catalytic,0.0086,printed outlet,,,,,,,,,,,,,outside: no rate per g catalyst,Figure 2,,,,
10.1039/b202781j,"Figure 2, Ba–Co/C, 360 °C, H2/(H2+N2)=0.83",Ba–Co/C,Vulcan XC-72 support; incipient wetness impregnation with Co(NO3)2 and Ba(O2CCH3)2; activated in N2+H2.,Co,8,False,360,1,0.83,32727.3,False,,0.68,,,False,,,,steady_thermal_catalytic,0.0068,printed outlet,,,,,,,,,,,,,outside: no rate per g catalyst,Figure 2,,,,
10.1039/b202781j,"Figure 2, Ba–Co/C, 360 °C, H2/(H2+N2)=0.92",Ba–Co/C,Vulcan XC-72 support; incipient wetness impregnation with Co(NO3)2 and Ba(O2CCH3)2; activated in N2+H2.,Co,8,False,360,1,0.92,32727.3,False,,0.5,,,False,,,,steady_thermal_catalytic,0.005,printed outlet,,,,,,,,,,,,,outside: no rate per g catalyst,Figure 2,,,,
10.1039/b202781j,"Figure 2, Ba–Co/C, 400 °C, H2/(H2+N2)=0.58",Ba–Co/C,Vulcan XC-72 support; incipient wetness impregnation with Co(NO3)2 and Ba(O2CCH3)2; activated in N2+H2.,Co,8,False,400,1,0.58,32727.3,False,,1.58,,,False,,,,steady_thermal_catalytic,0.0158,printed outlet,,,,,,,,,,,,,outside: no rate per g catalyst,Figure 2,,,,
10.1039/b202781j,"Figure 2, Ba–Co/C, 400 °C, H2/(H2+N2)=0.67",Ba–Co/C,Vulcan XC-72 support; incipient wetness impregnation with Co(NO3)2 and Ba(O2CCH3)2; activated in N2+H2.,Co,8,False,400,1,0.67,32727.3,False,,1.54,,,False,,,,steady_thermal_catalytic,0.0154,printed outlet,,,,,,,,,,,,,outside: no rate per g catalyst,Figure 2,,,,
10.1039/b202781j,"Figure 2, Ba–Co/C, 400 °C, H2/(H2+N2)=0.75",Ba–Co/C,Vulcan XC-72 support; incipient wetness impregnation with Co(NO3)2 and Ba(O2CCH3)2; activated in N2+H2.,Co,8,False,400,1,0.75,32727.3,False,,1.48,,,False,,,,steady_thermal_catalytic,0.0148,printed outlet,,,,,,,,,,,,,outside: no rate per g catalyst,Figure 2,,,,
10.1039/b202781j,"Figure 2, Ba–Co/C, 400 °C, H2/(H2+N2)=0.83",Ba–Co/C,Vulcan XC-72 support; incipient wetness impregnation with Co(NO3)2 and Ba(O2CCH3)2; activated in N2+H2.,Co,8,False,400,1,0.83,32727.3,False,,1.3,,,False,,,,steady_thermal_catalytic,0.013,printed outlet,,,,,,,,,,,,,outside: no rate per g catalyst,Figure 2,,,,
10.1039/b202781j,"Figure 2, Ba–Co/C, 400 °C, H2/(H2+N2)=0.92",Ba–Co/C,Vulcan XC-72 support; incipient wetness impregnation with Co(NO3)2 and Ba(O2CCH3)2; activated in N2+H2.,Co,8,False,400,1,0.92,32727.3,False,,0.93,,,False,,,,steady_thermal_catalytic,0.0093,printed outlet,,,,,,,,,,,,,outside: no rate per g catalyst,Figure 2,,,,
10.1039/b202781j,"Figure 2, Ba–Co/C, 440 °C, H2/(H2+N2)=0.67",Ba–Co/C,Vulcan XC-72 support; incipient wetness impregnation with Co(NO3)2 and Ba(O2CCH3)2; activated in N2+H2.,Co,8,False,440,1,0.67,32727.3,False,,2.05,,,False,,,,steady_thermal_catalytic,0.0205,printed outlet,,,,,,,,,,,,,outside: no rate per g catalyst,Figure 2,,,,
10.1039/b202781j,"Figure 2, Ba–Co/C, 440 °C, H2/(H2+N2)=0.75",Ba–Co/C,Vulcan XC-72 support; incipient wetness impregnation with Co(NO3)2 and Ba(O2CCH3)2; activated in N2+H2.,Co,8,False,440,1,0.75,32727.3,False,,2.02,,,False,,,,steady_thermal_catalytic,0.0202,printed outlet,,,,,,,,,,,,,outside: no rate per g catalyst,Figure 2,,,,
10.1039/b202781j,"Figure 2, Ba–Co/C, 440 °C, H2/(H2+N2)=0.83",Ba–Co/C,Vulcan XC-72 support; incipient wetness impregnation with Co(NO3)2 and Ba(O2CCH3)2; activated in N2+H2.,Co,8,False,440,1,0.83,32727.3,False,,1.85,,,False,,,,steady_thermal_catalytic,0.0185,printed outlet,,,,,,,,,,,,,outside: no rate per g catalyst,Figure 2,,,,
10.1039/b202781j,"Figure 2, Ba–Co/C, 440 °C, H2/(H2+N2)=0.92",Ba–Co/C,Vulcan XC-72 support; incipient wetness impregnation with Co(NO3)2 and Ba(O2CCH3)2; activated in N2+H2.,Co,8,False,440,1,0.92,32727.3,False,,1.42,,,False,,,,steady_thermal_catalytic,0.0142,printed outlet,,,,,,,,,,,,,outside: no rate per g catalyst,Figure 2,,,,
10.1039/c6sc00767h,"Figure 1a, Ru/Ca2N:e−, 200 °C",Ru/Ca2N:e−,,Ru,2,False,200,0.1,3,36000,False,36000 mL gcat−1 h−1,,100,5000,False,plot,~,,steady_thermal_catalytic,6.22611e-05,rate / WHSV,0.131793,-1.08,0.829577,19.7899,19.5452,17.2559,19.8218,19.3768,17.2907,450,220,4.47407,flagged: T outside 300-500 C,Figure 1a,,,,
10.1039/c6sc00767h,"Figure 1a, Ru/Ca2N:e−, 250 °C",Ru/Ca2N:e−,,Ru,2,False,250,0.1,3,36000,False,36000 mL gcat−1 h−1,,380,19000,False,plot,~,,steady_thermal_catalytic,0.000236592,rate / WHSV,0.0483428,-1.06,0.449299,7.67242,21.4894,18.8946,21.8038,21.2706,18.8117,450,220,5.87866,flagged: T outside 300-500 C,Figure 1a,,,,
10.1039/c6sc00767h,"Figure 1a, Ru/Ca2N:e−, 280 °C",Ru/Ca2N:e−,,Ru,2,False,280,0.1,3,36000,False,36000 mL gcat−1 h−1,,950,47500,False,plot,~,,steady_thermal_catalytic,0.000591481,rate / WHSV,0.0272289,-1.05,0.659637,10.0747,20.6932,18.1933,20.9998,20.4811,18.3445,450,220,5.69165,flagged: T outside 300-500 C,Figure 1a,,,,
10.1039/c6sc00767h,"Figure 1a, Ru–Cs/MgO, 250 °C",Ru–Cs/MgO,,Ru,2,False,250,0.1,3,36000,False,36000 mL gcat−1 h−1,,50,2500,False,plot,~,,steady_thermal_catalytic,3.11306e-05,rate / WHSV,0.0483428,-1.15153,0,0.36019,22.5346,19.8898,22.8801,22.1176,24.8462,450,400,4.75589,flagged: T outside 300-500 C,Figure 1a,,,,
10.1039/c6sc00767h,"Figure 1a, Ru–Cs/MgO, 280 °C",Ru–Cs/MgO,,Ru,2,False,280,0.1,3,36000,False,36000 mL gcat−1 h−1,,230,11500,False,plot,~,,steady_thermal_catalytic,0.000143201,rate / WHSV,0.0272289,-1.14138,0,0.700356,22.6439,19.964,22.9421,22.2338,23.4511,450,220,4.81569,flagged: T outside 300-500 C,Figure 1a,,,,
10.1039/c6sc00767h,"Figure 1a, Ru–Cs/MgO, 320 °C",Ru–Cs/MgO,,Ru,2,False,320,0.1,3,36000,False,36000 mL gcat−1 h−1,,1500,75000,False,plot,~,,steady_thermal_catalytic,0.000933917,rate / WHSV,0.0134251,-1.025,0.251244,4.22646,23.0428,20.2449,23.3871,22.8237,19.8793,450,220,5.88753,primary,Figure 1a,10.1039/c6sc00767h | 320 C | 0.1 MPa | H2/N2 3 | 3.6e+04 mL/g/h,per g catalyst,1500,False
10.1039/c6sc00767h,"Figure 1a, Ru/C12A7:e−, 250 °C",Ru/C12A7:e−,,Ru,2,False,250,0.1,3,36000,False,36000 mL gcat−1 h−1,,50,2500,False,plot,~,,steady_thermal_catalytic,3.11306e-05,rate / WHSV,0.0483428,-1.15153,0,0.36019,22.5346,19.8898,22.8801,22.1176,24.8462,450,400,4.75589,flagged: T outside 300-500 C,Figure 1a,,,,
10.1039/c6sc00767h,"Figure 1a, Ru/C12A7:e−, 280 °C",Ru/C12A7:e−,,Ru,2,False,280,0.1,3,36000,False,36000 mL gcat−1 h−1,,250,12500,False,plot,~,,steady_thermal_catalytic,0.000155653,rate / WHSV,0.0272289,-1.13859,0,0.798322,22.661,19.987,22.9622,22.269,23.1629,450,220,4.86175,flagged: T outside 300-500 C,Figure 1a,,,,
10.1039/c6sc00767h,"Figure 1a, Ru/CaNH, 250 °C",Ru/CaNH,,Ru,2,False,250,0.1,3,36000,False,36000 mL gcat−1 h−1,,0,0,False,plot,~,,steady_thermal_catalytic,,,,,,,,,,,,,,,outside: no rate per g catalyst,Figure 1a,,,,
10.1039/c6sc00767h,"Figure 1a, Ru/CaNH, 280 °C",Ru/CaNH,,Ru,2,False,280,0.1,3,36000,False,36000 mL gcat−1 h−1,,20,1000,False,plot,~,,steady_thermal_catalytic,1.24522e-05,rate / WHSV,0.0272289,-1.18982,0,0.0340216,22.2154,19.7325,22.7789,21.7824,30.6038,450,425,4.52191,flagged: T outside 300-500 C,Figure 1a,,,,
10.1039/c6sc00767h,"Figure 1b, Ru/Ca2N:e−, first point",Ru/Ca2N:e−,,Ru,5,False,340,1,3,36000,False,36000 mL gcat−1 h−1,,5000,100000,False,plot,~,0 h,steady_thermal_catalytic,0.00311306,rate / WHSV,0.0829749,-1.20767,0,0.243037,21.7122,18.7812,22.0303,21.5128,25.366,450,430,2.26579,primary,Figure 1b,,,,
10.1039/c6sc00767h,"Figure 1b, Ru/Ca2N:e−, last point",Ru/Ca2N:e−,,Ru,5,False,340,1,3,36000,False,36000 mL gcat−1 h−1,,5250,105000,False,plot,~,54 h,steady_thermal_catalytic,0.00326871,rate / WHSV,0.0829749,-1.20485,0,0.276151,21.7182,18.7806,22.0372,21.5182,25.08,450,430,2.27223,primary,Figure 1b,10.1039/c6sc00767h | 340 C | 1 MPa | H2/N2 3 | 3.6e+04 mL/g/h,per g catalyst,5250,False
10.1039/c8qi01244j,"Figure 4a, Ru@CeO2-7, 250 °C",Ru@CeO2-7,Core–shell Ru@CeO2-7; before activity test reduced in 10% H2/Ar at 450 °C for 4 h.,Ru,2.42,False,250,1,3,,False,60000 h−1,,150,6198.35,False,plot,~,,steady_thermal_catalytic,0.00305079,,0.278145,-1.145,0.737377,5.57512,19.2966,16.8999,19.5193,19.102,19.3485,450,220,4.75354,flagged: T outside 300-500 C; outlet NH3 assumed (median),Figure 4a,,,,
10.1039/c8qi01244j,"Figure 4a, Ru@CeO2-7, 300 °C",Ru@CeO2-7,Core–shell Ru@CeO2-7; before activity test reduced in 10% H2/Ar at 450 °C for 4 h.,Ru,2.42,False,300,1,3,,False,60000 h−1,,550,22727.3,False,plot,~,,steady_thermal_catalytic,0.00305079,,0.144217,-1.19087,0,0.491448,22.1023,19.506,22.5983,21.7188,24.1328,450,420,3.88871,primary: outlet NH3 assumed (median),Figure 4a,10.1039/c8qi01244j | 300 C | 1 MPa | H2/N2 3 | SV not given,per g catalyst,550,False
10.1039/c8qi01244j,"Figure 4a, Ru@CeO2-7, 350 °C",Ru@CeO2-7,Core–shell Ru@CeO2-7; before activity test reduced in 10% H2/Ar at 450 °C for 4 h.,Ru,2.42,False,350,1,3,,False,60000 h−1,,1200,49586.8,False,plot,~,,steady_thermal_catalytic,0.00305079,,0.0723434,-1.2377,0,0.0722483,22.1167,19.6099,22.6651,21.7109,28.4844,450,430,4.8081,primary: outlet NH3 assumed (median),Figure 4a,10.1039/c8qi01244j | 350 C | 1 MPa | H2/N2 3 | SV not given,per g catalyst,1200,False
10.1039/c8qi01244j,"Figure 4a, Ru@CeO2-7, 375 °C",Ru@CeO2-7,Core–shell Ru@CeO2-7; before activity test reduced in 10% H2/Ar at 450 °C for 4 h.,Ru,2.42,False,375,1,3,,False,60000 h−1,,2600,107438,False,plot,~,,steady_thermal_catalytic,0.00305079,,0.0516631,-1.24282,0,0.052412,22.1597,19.6473,22.7186,21.7471,29.2855,450,430,4.89163,primary: outlet NH3 assumed (median),Figure 4a,10.1039/c8qi01244j | 375 C | 1 MPa | H2/N2 3 | SV not given,per g catalyst,2600,False
10.1039/c8qi01244j,"Figure 4a, Ru@CeO2-7, 400 °C",Ru@CeO2-7,Core–shell Ru@CeO2-7; before activity test reduced in 10% H2/Ar at 450 °C for 4 h.,Ru,2.42,False,400,1,3,,False,60000 h−1,,5700,235537,False,plot,~,,steady_thermal_catalytic,0.00305079,,0.0373265,-1.24593,0,0.0435918,22.1911,19.6733,22.7569,21.7735,29.8617,450,430,4.95242,primary: outlet NH3 assumed (median),Figure 4a,10.1039/c8qi01244j | 400 C | 1 MPa | H2/N2 3 | SV not given,per g catalyst,5700,False
10.1039/c8qi01244j,"Figure 4a, Ru@CeO2-9, 250 °C",Ru@CeO2-9,Core–shell Ru@CeO2-9; before activity test reduced in 10% H2/Ar at 450 °C for 4 h.,Ru,2.48,False,250,1,3,,False,60000 h−1,,350,14112.9,False,plot,~,,steady_thermal_catalytic,0.00305079,,0.278145,-1.145,1.09472,12.6939,17.9028,16.0255,18.0856,17.7415,17.9368,450,220,4.27271,flagged: T outside 300-500 C; outlet NH3 assumed (median),Figure 4a,,,,
10.1039/c8qi01244j,"Figure 4a, Ru@CeO2-9, 300 °C",Ru@CeO2-9,Core–shell Ru@CeO2-9; before activity test reduced in 10% H2/Ar at 450 °C for 4 h.,Ru,2.48,False,300,1,3,,False,60000 h−1,,850,34274.2,False,plot,~,,steady_thermal_catalytic,0.00305079,,0.144217,-1.1685,0,0.741135,22.2365,19.5364,22.7069,21.8862,23.2577,450,430,3.76057,primary: outlet NH3 assumed (median),Figure 4a,10.1039/c8qi01244j | 300 C | 1 MPa | H2/N2 3 | SV not given,per g catalyst,850,False
10.1039/c8qi01244j,"Figure 4a, Ru@CeO2-9, 350 °C",Ru@CeO2-9,Core–shell Ru@CeO2-9; before activity test reduced in 10% H2/Ar at 450 °C for 4 h.,Ru,2.48,False,350,1,3,,False,60000 h−1,,1800,72580.6,False,plot,~,,steady_thermal_catalytic,0.00305079,,0.0723434,-1.22847,0,0.105751,22.0491,19.532,22.5728,21.661,27.4858,450,430,4.59406,primary: outlet NH3 assumed (median),Figure 4a,10.1039/c8qi01244j | 350 C | 1 MPa | H2/N2 3 | SV not given,per g catalyst,1800,False
10.1039/c8qi01244j,"Figure 4a, Ru@CeO2-9, 375 °C",Ru@CeO2-9,Core–shell Ru@CeO2-9; before activity test reduced in 10% H2/Ar at 450 °C for 4 h.,Ru,2.48,False,375,1,3,,False,60000 h−1,,4000,161290,False,plot,~,,steady_thermal_catalytic,0.00305079,,0.0516631,-1.23308,0,0.0786831,22.0708,19.5549,22.6021,21.6793,28.2214,450,430,4.63544,primary: outlet NH3 assumed (median),Figure 4a,10.1039/c8qi01244j | 375 C | 1 MPa | H2/N2 3 | SV not given,per g catalyst,4000,False
10.1039/c8qi01244j,"Figure 4a, Ru@CeO2-9, 400 °C",Ru@CeO2-9,Core–shell Ru@CeO2-9; before activity test reduced in 10% H2/Ar at 450 °C for 4 h.,Ru,2.48,False,400,1,3,,False,60000 h−1,,8300,334677,False,plot,~,,steady_thermal_catalytic,0.00305079,,0.0373265,-1.23733,0,0.0619401,22.0978,19.5802,22.6367,21.702,28.8282,450,430,4.6868,primary: outlet NH3 assumed (median),Figure 4a,10.1039/c8qi01244j | 400 C | 1 MPa | H2/N2 3 | SV not given,per g catalyst,8300,False
10.1039/c8qi01244j,"Figure 4a, Ru@CeO2-11, 250 °C",Ru@CeO2-11,Core–shell Ru@CeO2-11; before activity test reduced in 10% H2/Ar at 450 °C for 4 h.,Ru,2.5,False,250,1,3,,False,60000 h−1,,80,3200,False,plot,~,,steady_thermal_catalytic,0.00305079,,0.278145,-1.145,0.450251,2.87825,20.4444,17.8893,20.7467,20.1876,20.5301,450,365,3.64659,flagged: T outside 300-500 C; outlet NH3 assumed (median),Figure 4a,,,,
10.1039/c8qi01244j,"Figure 4a, Ru@CeO2-11, 300 °C",Ru@CeO2-11,Core–shell Ru@CeO2-11; before activity test reduced in 10% H2/Ar at 450 °C for 4 h.,Ru,2.5,False,300,1,3,,False,60000 h−1,,350,14000,False,plot,~,,steady_thermal_catalytic,0.00305079,,0.144217,-1.20887,0,0.302732,22.0275,19.4707,22.5212,21.645,25.1853,450,430,4.52625,primary: outlet NH3 assumed (median),Figure 4a,10.1039/c8qi01244j | 300 C | 1 MPa | H2/N2 3 | SV not given,per g catalyst,350,False
10.1039/c8qi01244j,"Figure 4a, Ru@CeO2-11, 350 °C",Ru@CeO2-11,Core–shell Ru@CeO2-11; before activity test reduced in 10% H2/Ar at 450 °C for 4 h.,Ru,2.5,False,350,1,3,,False,60000 h−1,,850,34000,False,plot,~,,steady_thermal_catalytic,0.00305079,,0.0723434,-1.24637,0,0.0495382,22.174,19.6397,22.7285,21.7686,29.4408,450,430,4.80358,primary: outlet NH3 assumed (median),Figure 4a,10.1039/c8qi01244j | 350 C | 1 MPa | H2/N2 3 | SV not given,per g catalyst,850,False
10.1039/c8qi01244j,"Figure 4a, Ru@CeO2-11, 375 °C",Ru@CeO2-11,Core–shell Ru@CeO2-11; before activity test reduced in 10% H2/Ar at 450 °C for 4 h.,Ru,2.5,False,375,1,3,,False,60000 h−1,,1700,68000,False,plot,~,,steady_thermal_catalytic,0.00305079,,0.0516631,-1.25334,0,0.0331728,22.2636,19.7091,22.8351,21.8443,30.5444,450,430,4.97329,primary: outlet NH3 assumed (median),Figure 4a,10.1039/c8qi01244j | 375 C | 1 MPa | H2/N2 3 | SV not given,per g catalyst,1700,False
10.1039/c8qi01244j,"Figure 4a, Ru@CeO2-11, 400 °C",Ru@CeO2-11,Core–shell Ru@CeO2-11; before activity test reduced in 10% H2/Ar at 450 °C for 4 h.,Ru,2.5,False,400,1,3,,False,60000 h−1,,4200,168000,False,plot,~,,steady_thermal_catalytic,0.00305079,,0.0373265,-1.25403,0,0.0310925,22.2736,19.7167,22.8469,21.8527,30.7174,450,430,4.99213,primary: outlet NH3 assumed (median),Figure 4a,10.1039/c8qi01244j | 400 C | 1 MPa | H2/N2 3 | SV not given,per g catalyst,4200,False
10.1039/c8qi01244j,"Figure 4a, Ru/CeO2-CP, 250 °C",Ru/CeO2-CP,Ru/CeO2-CP synthesized by co-precipitation method; before activity test reduced in 10% H2/Ar at 450 °C for 4 h.,Ru,2.48,False,250,1,3,,False,60000 h−1,,50,2016.13,False,plot,~,,steady_thermal_catalytic,0.00305079,,0.278145,-1.145,0.249619,1.81341,21.3231,18.6554,21.6726,21.0104,21.4281,450,410,3.84425,flagged: T outside 300-500 C; outlet NH3 assumed (median),Figure 4a,,,,
10.1039/c8qi01244j,"Figure 4a, Ru/CeO2-CP, 300 °C",Ru/CeO2-CP,Ru/CeO2-CP synthesized by co-precipitation method; before activity test reduced in 10% H2/Ar at 450 °C for 4 h.,Ru,2.48,False,300,1,3,,False,60000 h−1,,220,8870.97,False,plot,~,,steady_thermal_catalytic,0.00305079,,0.144217,-1.22238,0,0.191823,22.0317,19.5086,22.5462,21.6463,26.2157,450,430,4.56103,primary: outlet NH3 assumed (median),Figure 4a,10.1039/c8qi01244j | 300 C | 1 MPa | H2/N2 3 | SV not given,per g catalyst,220,False
10.1039/c8qi01244j,"Figure 4a, Ru/CeO2-CP, 350 °C",Ru/CeO2-CP,Ru/CeO2-CP synthesized by co-precipitation method; before activity test reduced in 10% H2/Ar at 450 °C for 4 h.,Ru,2.48,False,350,1,3,,False,60000 h−1,,500,20161.3,False,plot,~,,steady_thermal_catalytic,0.00305079,,0.0723434,-1.25784,0,0.0293751,22.3417,19.773,22.9292,21.9076,30.8762,450,430,5.15127,primary: outlet NH3 assumed (median),Figure 4a,10.1039/c8qi01244j | 350 C | 1 MPa | H2/N2 3 | SV not given,per g catalyst,500,False
10.1039/c8qi01244j,"Figure 4a, Ru/CeO2-CP, 375 °C",Ru/CeO2-CP,Ru/CeO2-CP synthesized by co-precipitation method; before activity test reduced in 10% H2/Ar at 450 °C for 4 h.,Ru,2.48,False,375,1,3,,False,60000 h−1,,1000,40322.6,False,plot,~,,steady_thermal_catalytic,0.00305079,,0.0516631,-1.26501,0,0.0196708,22.4824,19.876,23.0941,22.0261,32.0425,450,430,5.41928,primary: outlet NH3 assumed (median),Figure 4a,10.1039/c8qi01244j | 375 C | 1 MPa | H2/N2 3 | SV not given,per g catalyst,1000,False
10.1039/c8qi01244j,"Figure 4a, Ru/CeO2-CP, 400 °C",Ru/CeO2-CP,Ru/CeO2-CP synthesized by co-precipitation method; before activity test reduced in 10% H2/Ar at 450 °C for 4 h.,Ru,2.48,False,400,1,3,,False,60000 h−1,,3400,137097,False,plot,~,,steady_thermal_catalytic,0.00305079,,0.0373265,-1.25887,0,0.0253731,22.3595,19.7863,22.9502,21.9226,31.2853,450,430,5.18526,primary: outlet NH3 assumed (median),Figure 4a,10.1039/c8qi01244j | 400 C | 1 MPa | H2/N2 3 | SV not given,per g catalyst,3400,False
10.1039/c9ra03097b,Figure 2a Ba/Ru–N-MC first point,Ba/Ru–N-MC,Ba(NO3)2 impregnated onto as-prepared Ru–N-MC; reduced under pure H2 at 400 °C for 4 h,Ru,3.75,False,425,10,3,,False,10000 h−1,,113000,3.01333e+06,False,plot,~,2 h,steady_thermal_catalytic,0.00305079,,0.189743,-1.30025,0,0.00944928,23.5178,20.0272,24.1548,23.1112,34.2436,450,430,4.50757,primary: outlet NH3 assumed (median),Figure 2a,10.1039/c9ra03097b | 425 C | 10 MPa | H2/N2 3 | SV not given,per g catalyst,113000,False
10.1039/c9ra03097b,Figure 2a Ba/Ru-MC first point,Ba/Ru-MC,Ba(NO3)2 impregnated onto Ru-MC prepared similarly to Ru–N-MC but without urea; reduced under pure H2 at 400 °C for 4 h,Ru,4.21,False,425,10,3,,False,10000 h−1,,96000,2.28029e+06,False,plot,~,2 h,steady_thermal_catalytic,0.00305079,,0.189743,-1.30654,0,0.00715057,23.8489,20.0579,24.4769,23.467,35.2583,450,430,4.51904,primary: outlet NH3 assumed (median),Figure 2a,10.1039/c9ra03097b | 425 C | 10 MPa | H2/N2 3 | SV not given,per g catalyst,96000,False
10.1039/d0ta05238h,"Figure 4a, 86/14, 300 C",86% Fe - 14% Ce0.8Sm0.2O2−δ,Ce0.8Sm0.2O2−δ mechanically mixed with NanoArc α-Fe2O3; reduced at 600 °C in H2/N2 for 18 h,Fe,86,False,300,1,3,16000,False,16000 mL g−1 h−1,,0,0,False,plot,~,,steady_thermal_catalytic,,,,,,,,,,,,,,,outside: no rate per g catalyst,Figure 4a,,,,
10.1039/d0ta05238h,"Figure 4a, 86/14, 350 C",86% Fe - 14% Ce0.8Sm0.2O2−δ,Ce0.8Sm0.2O2−δ mechanically mixed with NanoArc α-Fe2O3; reduced at 600 °C in H2/N2 for 18 h,Fe,86,False,350,1,3,16000,False,16000 mL g−1 h−1,,0,0,False,plot,~,,steady_thermal_catalytic,,,,,,,,,,,,,,,outside: no rate per g catalyst,Figure 4a,,,,
10.1039/d0ta05238h,"Figure 4a, 86/14, 400 C",86% Fe - 14% Ce0.8Sm0.2O2−δ,Ce0.8Sm0.2O2−δ mechanically mixed with NanoArc α-Fe2O3; reduced at 600 °C in H2/N2 for 18 h,Fe,86,False,400,1,3,16000,False,16000 mL g−1 h−1,,2000,2325.58,False,plot,~,,steady_thermal_catalytic,0.00280175,rate / WHSV,0.0373265,-1.39371,0,0.955774,15.7123,,16.3235,15.1633,15.7184,450,195,11.2716,primary,Figure 4a,10.1039/d0ta05238h | 400 C | 1 MPa | H2/N2 3 | 1.6e+04 mL/g/h,per g catalyst,2000,False
10.1039/d0ta05238h,"Figure 4a, 86/14, 450 C",86% Fe - 14% Ce0.8Sm0.2O2−δ,Ce0.8Sm0.2O2−δ mechanically mixed with NanoArc α-Fe2O3; reduced at 600 °C in H2/N2 for 18 h,Fe,86,False,450,1,3,16000,False,16000 mL g−1 h−1,,3100,3604.65,False,plot,~,,steady_thermal_catalytic,0.00434271,rate / WHSV,0.0203254,-1.47182,0,0.129671,19.3967,,23.8253,16.8795,19.3989,450,220,54.9458,primary,Figure 4a,10.1039/d0ta05238h | 450 C | 1 MPa | H2/N2 3 | 1.6e+04 mL/g/h,per g catalyst,3100,False
10.1039/d0ta05238h,"Figure 4a, 86/14, 500 C",86% Fe - 14% Ce0.8Sm0.2O2−δ,Ce0.8Sm0.2O2−δ mechanically mixed with NanoArc α-Fe2O3; reduced at 600 °C in H2/N2 for 18 h,Fe,86,False,500,1,3,16000,False,16000 mL g−1 h−1,,4400,5116.28,False,plot,~,,steady_thermal_catalytic,0.00616385,rate / WHSV,0.011737,-1.54711,0,0.0250196,53.6302,,,27.2363,30.0034,450,650,89.4412,primary,Figure 4a,10.1039/d0ta05238h | 500 C | 1 MPa | H2/N2 3 | 1.6e+04 mL/g/h,per g catalyst,4400,False
10.1039/d0ta05238h,"Figure 4a, 86/14, 550 C",86% Fe - 14% Ce0.8Sm0.2O2−δ,Ce0.8Sm0.2O2−δ mechanically mixed with NanoArc α-Fe2O3; reduced at 600 °C in H2/N2 for 18 h,Fe,86,False,550,1,3,16000,False,16000 mL g−1 h−1,,3300,3837.21,False,plot,~,,steady_thermal_catalytic,0.00462289,rate / WHSV,0.00716258,-1.65264,0,0.00297143,,,,,,,,,flagged: T outside 300-500 C; infeasible within bed limit,Figure 4a,,,,
10.1039/d0ta05238h,"Figure 4a, 86/14, 600 C",86% Fe - 14% Ce0.8Sm0.2O2−δ,Ce0.8Sm0.2O2−δ mechanically mixed with NanoArc α-Fe2O3; reduced at 600 °C in H2/N2 for 18 h,Fe,86,False,600,1,3,16000,False,16000 mL g−1 h−1,,2300,2674.42,False,plot,~,,steady_thermal_catalytic,0.00322201,rate / WHSV,0.00459274,-1.7646,0,0.000391747,,,,,,,,,flagged: T outside 300-500 C; infeasible within bed limit,Figure 4a,,,,
10.1039/d0ta05238h,"Figure 4a, 80/20, 300 C",80% Fe - 20% Ce0.8Sm0.2O2−δ,Ce0.8Sm0.2O2−δ mechanically mixed with NanoArc α-Fe2O3; reduced at 600 °C in H2/N2 for 18 h,Fe,80,False,300,1,3,16000,False,16000 mL g−1 h−1,,0,0,False,plot,~,,steady_thermal_catalytic,,,,,,,,,,,,,,,outside: no rate per g catalyst,Figure 4a,,,,
10.1039/d0ta05238h,"Figure 4a, 80/20, 350 C",80% Fe - 20% Ce0.8Sm0.2O2−δ,Ce0.8Sm0.2O2−δ mechanically mixed with NanoArc α-Fe2O3; reduced at 600 °C in H2/N2 for 18 h,Fe,80,False,350,1,3,16000,False,16000 mL g−1 h−1,,0,0,False,plot,~,,steady_thermal_catalytic,,,,,,,,,,,,,,,outside: no rate per g catalyst,Figure 4a,,,,
10.1039/d0ta05238h,"Figure 4a, 80/20, 400 C",80% Fe - 20% Ce0.8Sm0.2O2−δ,Ce0.8Sm0.2O2−δ mechanically mixed with NanoArc α-Fe2O3; reduced at 600 °C in H2/N2 for 18 h,Fe,80,False,400,1,3,16000,False,16000 mL g−1 h−1,,3200,4000,False,plot,~,,steady_thermal_catalytic,0.0044828,rate / WHSV,0.0373265,-1.37395,0,1.68777,15.5169,,15.9489,14.8837,15.4549,450,190,8.77676,primary,Figure 4a,10.1039/d0ta05238h | 400 C | 1 MPa | H2/N2 3 | 1.6e+04 mL/g/h,per g catalyst,3200,False
10.1039/d0ta05238h,"Figure 4a, 80/20, 500 C",80% Fe - 20% Ce0.8Sm0.2O2−δ,Ce0.8Sm0.2O2−δ mechanically mixed with NanoArc α-Fe2O3; reduced at 600 °C in H2/N2 for 18 h,Fe,80,False,500,1,3,16000,False,16000 mL g−1 h−1,,6700,8375,False,plot,~,,steady_thermal_catalytic,0.00938586,rate / WHSV,0.011737,-1.51772,0,0.0506357,30.5115,,53.9769,21.2872,24.4529,450,350,89.4418,primary,Figure 4a,10.1039/d0ta05238h | 500 C | 1 MPa | H2/N2 3 | 1.6e+04 mL/g/h,per g catalyst,6700,False
10.1039/d0ta05238h,"Figure 4a, 80/20, 550 C",80% Fe - 20% Ce0.8Sm0.2O2−δ,Ce0.8Sm0.2O2−δ mechanically mixed with NanoArc α-Fe2O3; reduced at 600 °C in H2/N2 for 18 h,Fe,80,False,550,1,3,16000,False,16000 mL g−1 h−1,,4900,6125,False,plot,~,,steady_thermal_catalytic,0.00686429,rate / WHSV,0.00716258,-1.61998,0,0.00619774,,,,,70.1647,,,,flagged: T outside 300-500 C; outlet near equilibrium; infeasible within bed limit,Figure 4a,,,,
10.1039/d0ta05238h,"Figure 4a, 80/20, 600 C",80% Fe - 20% Ce0.8Sm0.2O2−δ,Ce0.8Sm0.2O2−δ mechanically mixed with NanoArc α-Fe2O3; reduced at 600 °C in H2/N2 for 18 h,Fe,80,False,600,1,3,16000,False,16000 mL g−1 h−1,,3400,4250,False,plot,~,,steady_thermal_catalytic,0.00476298,rate / WHSV,0.00459274,-1.73027,0,0.000810984,,,,,,,,,flagged: T outside 300-500 C; outlet near equilibrium; infeasible within bed limit,Figure 4a,,,,
10.1039/d0ta05238h,"Figure 4a, 74/26, 400 C",74% Fe - 26% Ce0.8Sm0.2O2−δ,Ce0.8Sm0.2O2−δ mechanically mixed with NanoArc α-Fe2O3; reduced at 600 °C in H2/N2 for 18 h,Fe,74,False,400,1,3,16000,False,16000 mL g−1 h−1,,3400,4594.59,False,plot,~,,steady_thermal_catalytic,0.00476298,rate / WHSV,0.0373265,-1.36905,0,1.94729,15.5068,,15.9287,14.8662,15.4276,450,190,8.61369,primary,Figure 4a,10.1039/d0ta05238h | 400 C | 1 MPa | H2/N2 3 | 1.6e+04 mL/g/h,per g catalyst,3400,False
10.1039/d0ta05238h,"Figure 4a, 74/26, 450 C",74% Fe - 26% Ce0.8Sm0.2O2−δ,Ce0.8Sm0.2O2−δ mechanically mixed with NanoArc α-Fe2O3; reduced at 600 °C in H2/N2 for 18 h,Fe,74,False,450,1,3,16000,False,16000 mL g−1 h−1,,3900,5270.27,False,plot,~,,steady_thermal_catalytic,0.00546341,rate / WHSV,0.0203254,-1.45567,0,0.196009,18.3845,,21.733,16.4625,18.4464,450,220,42.4122,primary,Figure 4a,10.1039/d0ta05238h | 450 C | 1 MPa | H2/N2 3 | 1.6e+04 mL/g/h,per g catalyst,3900,False
10.1039/d0ta05238h,"Figure 4a, 74/26, 500 C",74% Fe - 26% Ce0.8Sm0.2O2−δ,Ce0.8Sm0.2O2−δ mechanically mixed with NanoArc α-Fe2O3; reduced at 600 °C in H2/N2 for 18 h,Fe,74,False,500,1,3,16000,False,16000 mL g−1 h−1,,3000,4054.05,False,plot,~,,steady_thermal_catalytic,0.00420263,rate / WHSV,0.011737,-1.5614,0,0.0177399,,,,36.9248,37.2182,,,,primary; infeasible within bed limit,Figure 4a,,,,
10.1039/d0ta05238h,"Figure 4a, 74/26, 550 C",74% Fe - 26% Ce0.8Sm0.2O2−δ,Ce0.8Sm0.2O2−δ mechanically mixed with NanoArc α-Fe2O3; reduced at 600 °C in H2/N2 for 18 h,Fe,74,False,550,1,3,16000,False,16000 mL g−1 h−1,,2400,3243.24,False,plot,~,,steady_thermal_catalytic,0.0033621,rate / WHSV,0.00716258,-1.66561,0,0.00221661,,,,,,,,,flagged: T outside 300-500 C; infeasible within bed limit,Figure 4a,,,,
10.1039/d0ta05238h,"Figure 4a, 74/26, 600 C",74% Fe - 26% Ce0.8Sm0.2O2−δ,Ce0.8Sm0.2O2−δ mechanically mixed with NanoArc α-Fe2O3; reduced at 600 °C in H2/N2 for 18 h,Fe,74,False,600,1,3,16000,False,16000 mL g−1 h−1,,1100,1486.49,False,plot,~,,steady_thermal_catalytic,0.00154096,rate / WHSV,0.00459274,-1.80421,0,0.000169176,,,,,,,,,flagged: T outside 300-500 C; infeasible within bed limit,Figure 4a,,,,
10.1039/d0ta05238h,"Figure 4a, 83/17, 400 C",83% Fe - 17% Ce0.8Sm0.2O2−δ,Ce0.8Sm0.2O2−δ mechanically mixed with NanoArc α-Fe2O3; reduced at 600 °C in H2/N2 for 18 h,Fe,83,False,400,1,3,16000,False,16000 mL g−1 h−1,,3000,3614.46,False,plot,~,,steady_thermal_catalytic,0.00420263,rate / WHSV,0.0373265,-1.37759,0,1.51836,15.5359,,15.9844,14.911,15.4853,450,190,9.11113,primary,Figure 4a,10.1039/d0ta05238h | 400 C | 1 MPa | H2/N2 3 | 1.6e+04 mL/g/h,per g catalyst,3000,False
10.1039/d0ta05238h,"Figure 4a, 83/17, 450 C",83% Fe - 17% Ce0.8Sm0.2O2−δ,Ce0.8Sm0.2O2−δ mechanically mixed with NanoArc α-Fe2O3; reduced at 600 °C in H2/N2 for 18 h,Fe,83,False,450,1,3,16000,False,16000 mL g−1 h−1,,6700,8072.29,False,plot,~,,steady_thermal_catalytic,0.00938586,rate / WHSV,0.0203254,-1.43425,0,0.340189,16.8236,,18.4599,15.8029,16.8892,450,205,26.3941,primary,Figure 4a,10.1039/d0ta05238h | 450 C | 1 MPa | H2/N2 3 | 1.6e+04 mL/g/h,per g catalyst,6700,False
10.1039/d0ta05238h,"Figure 4a, 83/17, 500 C",83% Fe - 17% Ce0.8Sm0.2O2−δ,Ce0.8Sm0.2O2−δ mechanically mixed with NanoArc α-Fe2O3; reduced at 600 °C in H2/N2 for 18 h,Fe,83,False,500,1,3,16000,False,16000 mL g−1 h−1,,5900,7108.43,False,plot,~,,steady_thermal_catalytic,0.00826516,rate / WHSV,0.011737,-1.52784,0,0.0397252,35.0605,,74.9673,22.8369,25.9374,450,420,89.6974,primary,Figure 4a,10.1039/d0ta05238h | 500 C | 1 MPa | H2/N2 3 | 1.6e+04 mL/g/h,per g catalyst,5900,False
10.1039/d0ta05238h,"Figure 4a, 83/17, 550 C",83% Fe - 17% Ce0.8Sm0.2O2−δ,Ce0.8Sm0.2O2−δ mechanically mixed with NanoArc α-Fe2O3; reduced at 600 °C in H2/N2 for 18 h,Fe,83,False,550,1,3,16000,False,16000 mL g−1 h−1,,3200,3855.42,False,plot,~,,steady_thermal_catalytic,0.0044828,rate / WHSV,0.00716258,-1.65307,0,0.00294215,,,,,,,,,flagged: T outside 300-500 C; infeasible within bed limit,Figure 4a,,,,
10.1039/d0ta05238h,"Figure 4a, 83/17, 600 C",83% Fe - 17% Ce0.8Sm0.2O2−δ,Ce0.8Sm0.2O2−δ mechanically mixed with NanoArc α-Fe2O3; reduced at 600 °C in H2/N2 for 18 h,Fe,83,False,600,1,3,16000,False,16000 mL g−1 h−1,,1400,1686.75,False,plot,~,,steady_thermal_catalytic,0.00196123,rate / WHSV,0.00459274,-1.79554,0,0.00020334,,,,,,,,,flagged: T outside 300-500 C; infeasible within bed limit,Figure 4a,,,,
10.1039/d0ta05238h,"Figure 4a, 77/23, 400 C",77% Fe - 23% Ce0.8Sm0.2O2−δ,Ce0.8Sm0.2O2−δ mechanically mixed with NanoArc α-Fe2O3; reduced at 600 °C in H2/N2 for 18 h,Fe,77,False,400,1,3,16000,False,16000 mL g−1 h−1,,2600,3376.62,False,plot,~,,steady_thermal_catalytic,0.00364228,rate / WHSV,0.0373265,-1.38025,0,1.40602,15.6012,,16.1086,14.9966,15.5577,450,195,9.35609,primary,Figure 4a,10.1039/d0ta05238h | 400 C | 1 MPa | H2/N2 3 | 1.6e+04 mL/g/h,per g catalyst,2600,False
10.1039/d0ta05238h,"Figure 4a, 77/23, 450 C",77% Fe - 23% Ce0.8Sm0.2O2−δ,Ce0.8Sm0.2O2−δ mechanically mixed with NanoArc α-Fe2O3; reduced at 600 °C in H2/N2 for 18 h,Fe,77,False,450,1,3,16000,False,16000 mL g−1 h−1,,4500,5844.16,False,plot,~,,steady_thermal_catalytic,0.00630394,rate / WHSV,0.0203254,-1.45066,0,0.222997,17.8893,,20.7073,16.2549,17.936,450,220,35.8814,primary,Figure 4a,10.1039/d0ta05238h | 450 C | 1 MPa | H2/N2 3 | 1.6e+04 mL/g/h,per g catalyst,4500,False
10.1039/d0ta05238h,"Figure 4a, 77/23, 500 C",77% Fe - 23% Ce0.8Sm0.2O2−δ,Ce0.8Sm0.2O2−δ mechanically mixed with NanoArc α-Fe2O3; reduced at 600 °C in H2/N2 for 18 h,Fe,77,False,500,1,3,16000,False,16000 mL g−1 h−1,,3800,4935.06,False,plot,~,,steady_thermal_catalytic,0.00532332,rate / WHSV,0.011737,-1.55062,0,0.0229784,71.2475,,,30.006,32.465,450,800,89.4962,primary,Figure 4a,10.1039/d0ta05238h | 500 C | 1 MPa | H2/N2 3 | 1.6e+04 mL/g/h,per g catalyst,3800,False
10.1039/d0ta05238h,"Figure 4a, 77/23, 550 C",77% Fe - 23% Ce0.8Sm0.2O2−δ,Ce0.8Sm0.2O2−δ mechanically mixed with NanoArc α-Fe2O3; reduced at 600 °C in H2/N2 for 18 h,Fe,77,False,550,1,3,16000,False,16000 mL g−1 h−1,,2500,3246.75,False,plot,~,,steady_thermal_catalytic,0.00350219,rate / WHSV,0.00716258,-1.66499,0,0.00224841,,,,,,,,,flagged: T outside 300-500 C; infeasible within bed limit,Figure 4a,,,,
10.1039/d0ta05238h,"Figure 4a, 77/23, 600 C",77% Fe - 23% Ce0.8Sm0.2O2−δ,Ce0.8Sm0.2O2−δ mechanically mixed with NanoArc α-Fe2O3; reduced at 600 °C in H2/N2 for 18 h,Fe,77,False,600,1,3,16000,False,16000 mL g−1 h−1,,1500,1948.05,False,plot,~,,steady_thermal_catalytic,0.00210131,rate / WHSV,0.00459274,-1.78778,0,0.000239564,,,,,,,,,flagged: T outside 300-500 C; infeasible within bed limit,Figure 4a,,,,
10.1039/d0ta05238h,"Figure 4b, 80/20, 300 C",80% Fe - 20% Ce0.8Sm0.2O2−δ,Ce0.8Sm0.2O2−δ mechanically mixed with NanoArc α-Fe2O3; reduced at 600 °C in H2/N2 for 18 h,Fe,80,False,300,3,3,16000,False,16000 mL g−1 h−1,,0,0,False,plot,~,,steady_thermal_catalytic,,,,,,,,,,,,,,,outside: no rate per g catalyst,Figure 4b,,,,
10.1039/d0ta05238h,"Figure 4b, 80/20, 350 C",80% Fe - 20% Ce0.8Sm0.2O2−δ,Ce0.8Sm0.2O2−δ mechanically mixed with NanoArc α-Fe2O3; reduced at 600 °C in H2/N2 for 18 h,Fe,80,False,350,3,3,16000,False,16000 mL g−1 h−1,,1800,2250,False,plot,~,,steady_thermal_catalytic,0.00252158,rate / WHSV,0.172638,-1.35418,0,4.7476,15.2511,,15.6752,14.6803,14.7134,425,180,17.0274,primary,Figure 4b,10.1039/d0ta05238h | 350 C | 3 MPa | H2/N2 3 | 1.6e+04 mL/g/h,per g catalyst,1800,False
10.1039/d0ta05238h,"Figure 4b, 80/20, 400 C",80% Fe - 20% Ce0.8Sm0.2O2−δ,Ce0.8Sm0.2O2−δ mechanically mixed with NanoArc α-Fe2O3; reduced at 600 °C in H2/N2 for 18 h,Fe,80,False,400,3,3,16000,False,16000 mL g−1 h−1,,6900,8625,False,plot,~,,steady_thermal_catalytic,0.00966604,rate / WHSV,0.0982537,-1.38825,0,1.12719,15.6794,,16.2599,15.1103,15.6594,450,195,10.7221,primary,Figure 4b,10.1039/d0ta05238h | 400 C | 3 MPa | H2/N2 3 | 1.6e+04 mL/g/h,per g catalyst,6900,False
10.1039/d0ta05238h,"Figure 4b, 80/20, 450 C",80% Fe - 20% Ce0.8Sm0.2O2−δ,Ce0.8Sm0.2O2−δ mechanically mixed with NanoArc α-Fe2O3; reduced at 600 °C in H2/N2 for 18 h,Fe,80,False,450,3,3,16000,False,16000 mL g−1 h−1,,12300,15375,False,plot,~,,steady_thermal_catalytic,0.0172308,rate / WHSV,0.0565503,-1.45546,0,0.19196,18.13,,21.2057,16.3579,18.2669,450,220,39.0264,primary,Figure 4b,10.1039/d0ta05238h | 450 C | 3 MPa | H2/N2 3 | 1.6e+04 mL/g/h,per g catalyst,12300,False
10.1039/d0ta05238h,"Figure 4b, 80/20, 500 C",80% Fe - 20% Ce0.8Sm0.2O2−δ,Ce0.8Sm0.2O2−δ mechanically mixed with NanoArc α-Fe2O3; reduced at 600 °C in H2/N2 for 18 h,Fe,80,False,500,3,3,16000,False,16000 mL g−1 h−1,,11500,14375,False,plot,~,,steady_thermal_catalytic,0.0161101,rate / WHSV,0.0336656,-1.55073,0,0.0227772,67.1875,,,29.4517,32.0753,450,770,89.5634,primary,Figure 4b,10.1039/d0ta05238h | 500 C | 3 MPa | H2/N2 3 | 1.6e+04 mL/g/h,per g catalyst,11500,False
10.1039/d0ta05238h,"Figure 4b, 80/20, 550 C",80% Fe - 20% Ce0.8Sm0.2O2−δ,Ce0.8Sm0.2O2−δ mechanically mixed with NanoArc α-Fe2O3; reduced at 600 °C in H2/N2 for 18 h,Fe,80,False,550,3,3,16000,False,16000 mL g−1 h−1,,7300,9125,False,plot,~,,steady_thermal_catalytic,0.0102264,rate / WHSV,0.0208973,-1.66765,0,0.00212311,,,,,,,,,flagged: T outside 300-500 C; infeasible within bed limit,Figure 4b,,,,
10.1039/d0ta05238h,"Figure 4b, 80/20, 600 C",80% Fe - 20% Ce0.8Sm0.2O2−δ,Ce0.8Sm0.2O2−δ mechanically mixed with NanoArc α-Fe2O3; reduced at 600 °C in H2/N2 for 18 h,Fe,80,False,600,3,3,16000,False,16000 mL g−1 h−1,,6200,7750,False,plot,~,,steady_thermal_catalytic,0.00868543,rate / WHSV,0.0135319,-1.76823,0,0.000366107,,,,,,,,,flagged: T outside 300-500 C; infeasible within bed limit,Figure 4b,,,,
10.1039/d0ta05238h,"Figure 5a, 80% Fe-20% CeO2, 300 C",80% Fe–20% CeO2,CeO2 mechanically mixed with NanoArc α-Fe2O3; reduced at 600 °C in H2/N2 for 18 h,Fe,80,False,300,3,3,16000,False,16000 mL g−1 h−1,,0,0,False,plot,~,,steady_thermal_catalytic,,,,,,,,,,,,,,,outside: no rate per g catalyst,Figure 5a,,,,
10.1039/d0ta05238h,"Figure 5a, 80% Fe-20% CeO2, 350 C",80% Fe–20% CeO2,CeO2 mechanically mixed with NanoArc α-Fe2O3; reduced at 600 °C in H2/N2 for 18 h,Fe,80,False,350,3,3,16000,False,16000 mL g−1 h−1,,2100,2625,False,plot,~,,steady_thermal_catalytic,0.00294184,rate / WHSV,0.172638,-1.35073,0,5.55017,15.1967,,15.6403,14.6552,14.6434,425,180,16.0235,primary,Figure 5a,10.1039/d0ta05238h | 350 C | 3 MPa | H2/N2 3 | 1.6e+04 mL/g/h,per g catalyst,2100,False
10.1039/d0ta05238h,"Figure 5a, 80% Fe-20% CeO2, 400 C",80% Fe–20% CeO2,CeO2 mechanically mixed with NanoArc α-Fe2O3; reduced at 600 °C in H2/N2 for 18 h,Fe,80,False,400,3,3,16000,False,16000 mL g−1 h−1,,3800,4750,False,plot,~,,steady_thermal_catalytic,0.00532332,rate / WHSV,0.0982537,-1.40887,0,0.601812,16.054,,16.9697,15.471,16.1698,450,200,15.8293,primary,Figure 5a,10.1039/d0ta05238h | 400 C | 3 MPa | H2/N2 3 | 1.6e+04 mL/g/h,per g catalyst,3800,False
10.1039/d0ta05238h,"Figure 5a, 80% Fe-20% CeO2, 450 C",80% Fe–20% CeO2,CeO2 mechanically mixed with NanoArc α-Fe2O3; reduced at 600 °C in H2/N2 for 18 h,Fe,80,False,450,3,3,16000,False,16000 mL g−1 h−1,,9700,12125,False,plot,~,,steady_thermal_catalytic,0.0135885,rate / WHSV,0.0565503,-1.46623,0,0.144843,19.0918,,23.1884,16.7547,19.2487,450,220,51.284,primary,Figure 5a,10.1039/d0ta05238h | 450 C | 3 MPa | H2/N2 3 | 1.6e+04 mL/g/h,per g catalyst,9700,False
10.1039/d0ta05238h,"Figure 5a, 80% Fe-20% CeO2, 500 C",80% Fe–20% CeO2,CeO2 mechanically mixed with NanoArc α-Fe2O3; reduced at 600 °C in H2/N2 for 18 h,Fe,80,False,500,3,3,16000,False,16000 mL g−1 h−1,,5300,6625,False,plot,~,,steady_thermal_catalytic,0.00742464,rate / WHSV,0.0336656,-1.58992,0,0.00881817,,,,75.3662,52.6958,,,,primary; infeasible within bed limit,Figure 5a,,,,
10.1039/d0ta05238h,"Figure 5a, 80% Fe-20% CeO2, 550 C",80% Fe–20% CeO2,CeO2 mechanically mixed with NanoArc α-Fe2O3; reduced at 600 °C in H2/N2 for 18 h,Fe,80,False,550,3,3,16000,False,16000 mL g−1 h−1,,3800,4750,False,plot,~,,steady_thermal_catalytic,0.00532332,rate / WHSV,0.0208973,-1.70331,0,0.00094622,,,,,,,,,flagged: T outside 300-500 C; infeasible within bed limit,Figure 5a,,,,
10.1039/d0ta05238h,"Figure 5a, 80% Fe-20% CeO2, 600 C",80% Fe–20% CeO2,CeO2 mechanically mixed with NanoArc α-Fe2O3; reduced at 600 °C in H2/N2 for 18 h,Fe,80,False,600,3,3,16000,False,16000 mL g−1 h−1,,4600,5750,False,plot,~,,steady_thermal_catalytic,0.00644402,rate / WHSV,0.0135319,-1.78783,0,0.000240789,,,,,,,,,flagged: T outside 300-500 C; infeasible within bed limit,Figure 5a,,,,
10.1039/d0ta05238h,"Figure 5a, 80% Fe-20% SDC, 350 C",80% Fe–20% SDC,SDC mechanically mixed with NanoArc α-Fe2O3; reduced at 600 °C in H2/N2 for 18 h,Fe,80,False,350,3,3,16000,False,16000 mL g−1 h−1,,2300,2875,False,plot,~,,steady_thermal_catalytic,0.00322201,rate / WHSV,0.172638,-1.34871,0,6.08703,15.1676,,15.6215,14.6417,14.607,425,180,15.4826,primary,Figure 5a,10.1039/d0ta05238h | 350 C | 3 MPa | H2/N2 3 | 1.6e+04 mL/g/h,per g catalyst,2300,False
10.1039/d0ta05238h,"Figure 5a, 80% Fe-20% SDC, 400 C",80% Fe–20% SDC,SDC mechanically mixed with NanoArc α-Fe2O3; reduced at 600 °C in H2/N2 for 18 h,Fe,80,False,400,3,3,16000,False,16000 mL g−1 h−1,,7000,8750,False,plot,~,,steady_thermal_catalytic,0.00980613,rate / WHSV,0.0982537,-1.38776,0,1.14468,15.6727,,16.2474,15.1007,15.6504,450,195,10.6053,primary,Figure 5a,10.1039/d0ta05238h | 400 C | 3 MPa | H2/N2 3 | 1.6e+04 mL/g/h,per g catalyst,7000,False
10.1039/d0ta05238h,"Figure 5a, 80% Fe-20% SDC, 450 C",80% Fe–20% SDC,SDC mechanically mixed with NanoArc α-Fe2O3; reduced at 600 °C in H2/N2 for 18 h,Fe,80,False,450,3,3,16000,False,16000 mL g−1 h−1,,12300,15375,False,plot,~,,steady_thermal_catalytic,0.0172308,rate / WHSV,0.0565503,-1.45546,0,0.19196,18.13,,21.2057,16.3579,18.2669,450,220,39.0264,primary,Figure 5a,10.1039/d0ta05238h | 450 C | 3 MPa | H2/N2 3 | 1.6e+04 mL/g/h,per g catalyst,12300,False
10.1039/d0ta05238h,"Figure 5a, 80% Fe-20% SDC, 500 C",80% Fe–20% SDC,SDC mechanically mixed with NanoArc α-Fe2O3; reduced at 600 °C in H2/N2 for 18 h,Fe,80,False,500,3,3,16000,False,16000 mL g−1 h−1,,11600,14500,False,plot,~,,steady_thermal_catalytic,0.0162501,rate / WHSV,0.0336656,-1.55026,0,0.0230448,65.905,,,29.2525,31.9147,450,760,89.5824,primary,Figure 5a,10.1039/d0ta05238h | 500 C | 3 MPa | H2/N2 3 | 1.6e+04 mL/g/h,per g catalyst,11600,False
10.1039/d0ta05238h,"Figure 5a, 80% Fe-20% SDC, 550 C",80% Fe–20% SDC,SDC mechanically mixed with NanoArc α-Fe2O3; reduced at 600 °C in H2/N2 for 18 h,Fe,80,False,550,3,3,16000,False,16000 mL g−1 h−1,,7300,9125,False,plot,~,,steady_thermal_catalytic,0.0102264,rate / WHSV,0.0208973,-1.66765,0,0.00212311,,,,,,,,,flagged: T outside 300-500 C; infeasible within bed limit,Figure 5a,,,,
10.1039/d0ta05238h,"Figure 5a, 80% Fe-20% SDC, 600 C",80% Fe–20% SDC,SDC mechanically mixed with NanoArc α-Fe2O3; reduced at 600 °C in H2/N2 for 18 h,Fe,80,False,600,3,3,16000,False,16000 mL g−1 h−1,,6200,7750,False,plot,~,,steady_thermal_catalytic,0.00868543,rate / WHSV,0.0135319,-1.76823,0,0.000366107,,,,,,,,,flagged: T outside 300-500 C; infeasible within bed limit,Figure 5a,,,,
10.1039/d0ta05238h,"Figure 5a, 80% Fe-20% Sm2O3, 350 C",80% Fe–20% Sm2O3,Sm2O3 mechanically mixed with NanoArc α-Fe2O3; reduced at 600 °C in H2/N2 for 18 h,Fe,80,False,350,3,3,16000,False,16000 mL g−1 h−1,,400,500,False,plot,~,,steady_thermal_catalytic,0.00056035,rate / WHSV,0.172638,-1.39093,0,1.04504,15.717,,16.331,15.1643,15.7059,450,195,11.3811,primary,Figure 5a,10.1039/d0ta05238h | 350 C | 3 MPa | H2/N2 3 | 1.6e+04 mL/g/h,per g catalyst,400,False
10.1039/d0ta05238h,"Figure 5a, 80% Fe-20% Sm2O3, 400 C",80% Fe–20% Sm2O3,Sm2O3 mechanically mixed with NanoArc α-Fe2O3; reduced at 600 °C in H2/N2 for 18 h,Fe,80,False,400,3,3,16000,False,16000 mL g−1 h−1,,2200,2750,False,plot,~,,steady_thermal_catalytic,0.00308192,rate / WHSV,0.0982537,-1.42807,0,0.342946,16.6311,,18.0776,15.7216,16.9353,450,205,23.483,primary,Figure 5a,10.1039/d0ta05238h | 400 C | 3 MPa | H2/N2 3 | 1.6e+04 mL/g/h,per g catalyst,2200,False
10.1039/d0ta05238h,"Figure 5a, 80% Fe-20% Sm2O3, 450 C",80% Fe–20% Sm2O3,Sm2O3 mechanically mixed with NanoArc α-Fe2O3; reduced at 600 °C in H2/N2 for 18 h,Fe,80,False,450,3,3,16000,False,16000 mL g−1 h−1,,6700,8375,False,plot,~,,steady_thermal_catalytic,0.00938586,rate / WHSV,0.0565503,-1.48237,0,0.0952278,21.2461,,27.2582,17.5842,21.0267,450,220,70.4732,primary,Figure 5a,10.1039/d0ta05238h | 450 C | 3 MPa | H2/N2 3 | 1.6e+04 mL/g/h,per g catalyst,6700,False
10.1039/d0ta05238h,"Figure 5a, 80% Fe-20% Sm2O3, 500 C",80% Fe–20% Sm2O3,Sm2O3 mechanically mixed with NanoArc α-Fe2O3; reduced at 600 °C in H2/N2 for 18 h,Fe,80,False,500,3,3,16000,False,16000 mL g−1 h−1,,8400,10500,False,plot,~,,steady_thermal_catalytic,0.0117674,rate / WHSV,0.0336656,-1.56738,0,0.0152026,,,,39.0386,38.7001,,,,primary; infeasible within bed limit,Figure 5a,,,,
10.1039/d0ta05238h,"Figure 5a, 80% Fe-20% Sm2O3, 550 C",80% Fe–20% Sm2O3,Sm2O3 mechanically mixed with NanoArc α-Fe2O3; reduced at 600 °C in H2/N2 for 18 h,Fe,80,False,550,3,3,16000,False,16000 mL g−1 h−1,,6200,7750,False,plot,~,,steady_thermal_catalytic,0.00868543,rate / WHSV,0.0208973,-1.67709,0,0.0017134,,,,,,,,,flagged: T outside 300-500 C; infeasible within bed limit,Figure 5a,,,,
10.1039/d0ta05238h,"Figure 5a, 80% Fe-20% Sm2O3, 600 C",80% Fe–20% Sm2O3,Sm2O3 mechanically mixed with NanoArc α-Fe2O3; reduced at 600 °C in H2/N2 for 18 h,Fe,80,False,600,3,3,16000,False,16000 mL g−1 h−1,,5400,6750,False,plot,~,,steady_thermal_catalytic,0.00756472,rate / WHSV,0.0135319,-1.77758,0,0.000299726,,,,,,,,,flagged: T outside 300-500 C; infeasible within bed limit,Figure 5a,,,,
10.1039/d0ta05238h,"Figure 5b, 80% Fe-20% YSZ, 350 C",80% Fe–20% YSZ,8 mol% Y2O3 stabilised ZrO2 mechanically mixed with NanoArc α-Fe2O3; reduced at 600 °C in H2/N2 for 18 h,Fe,80,False,350,3,3,16000,False,16000 mL g−1 h−1,,900,1125,False,plot,~,,steady_thermal_catalytic,0.00126079,rate / WHSV,0.172638,-1.37026,0,2.35933,15.4829,,15.887,14.8371,15.1964,450,190,8.15556,primary,Figure 5b,10.1039/d0ta05238h | 350 C | 3 MPa | H2/N2 3 | 1.6e+04 mL/g/h,per g catalyst,900,False
10.1039/d0ta05238h,"Figure 5b, 80% Fe-20% YSZ, 400 C",80% Fe–20% YSZ,8 mol% Y2O3 stabilised ZrO2 mechanically mixed with NanoArc α-Fe2O3; reduced at 600 °C in H2/N2 for 18 h,Fe,80,False,400,3,3,16000,False,16000 mL g−1 h−1,,3900,4875,False,plot,~,,steady_thermal_catalytic,0.00546341,rate / WHSV,0.0982537,-1.40797,0,0.618263,16.0335,,16.9295,15.462,16.141,450,200,15.4903,primary,Figure 5b,10.1039/d0ta05238h | 400 C | 3 MPa | H2/N2 3 | 1.6e+04 mL/g/h,per g catalyst,3900,False
10.1039/d0ta05238h,"Figure 5b, 80% Fe-20% YSZ, 450 C",80% Fe–20% YSZ,8 mol% Y2O3 stabilised ZrO2 mechanically mixed with NanoArc α-Fe2O3; reduced at 600 °C in H2/N2 for 18 h,Fe,80,False,450,3,3,16000,False,16000 mL g−1 h−1,,6000,7500,False,plot,~,,steady_thermal_catalytic,0.00840525,rate / WHSV,0.0565503,-1.48707,0,0.0843218,22.0314,,28.8645,17.892,21.5799,450,220,79.405,primary,Figure 5b,10.1039/d0ta05238h | 450 C | 3 MPa | H2/N2 3 | 1.6e+04 mL/g/h,per g catalyst,6000,False
10.1039/d0ta05238h,"Figure 5b, 80% Fe-20% YSZ, 500 C",80% Fe–20% YSZ,8 mol% Y2O3 stabilised ZrO2 mechanically mixed with NanoArc α-Fe2O3; reduced at 600 °C in H2/N2 for 18 h,Fe,80,False,500,3,3,16000,False,16000 mL g−1 h−1,,8600,10750,False,plot,~,,steady_thermal_catalytic,0.0120475,rate / WHSV,0.0336656,-1.56617,0,0.0156524,,,,38.0928,38.1139,,,,primary; infeasible within bed limit,Figure 5b,,,,
10.1039/d0ta05238h,"Figure 5b, 80% Fe-20% YSZ, 550 C",80% Fe–20% YSZ,8 mol% Y2O3 stabilised ZrO2 mechanically mixed with NanoArc α-Fe2O3; reduced at 600 °C in H2/N2 for 18 h,Fe,80,False,550,3,3,16000,False,16000 mL g−1 h−1,,7000,8750,False,plot,~,,steady_thermal_catalytic,0.00980613,rate / WHSV,0.0208973,-1.67012,0,0.00200724,,,,,,,,,flagged: T outside 300-500 C; infeasible within bed limit,Figure 5b,,,,
10.1039/d0ta05238h,"Figure 5b, 80% Fe-20% YSZ, 600 C",80% Fe–20% YSZ,8 mol% Y2O3 stabilised ZrO2 mechanically mixed with NanoArc α-Fe2O3; reduced at 600 °C in H2/N2 for 18 h,Fe,80,False,600,3,3,16000,False,16000 mL g−1 h−1,,6300,7875,False,plot,~,,steady_thermal_catalytic,0.00882551,rate / WHSV,0.0135319,-1.76711,0,0.000374997,,,,,,,,,flagged: T outside 300-500 C; infeasible within bed limit,Figure 5b,,,,
10.1039/d0ta05238h,"Figure 5b, 80% Fe-20% ZrO2, 450 C",80% Fe–20% ZrO2,ZrO2 mechanically mixed with NanoArc α-Fe2O3; reduced at 600 °C in H2/N2 for 18 h,Fe,80,False,450,3,3,16000,False,16000 mL g−1 h−1,,2500,3125,False,plot,~,,steady_thermal_catalytic,0.00350219,rate / WHSV,0.0565503,-1.52327,0,0.0332476,33.265,,65.3406,22.2277,27.7516,450,395,88.919,primary,Figure 5b,10.1039/d0ta05238h | 450 C | 3 MPa | H2/N2 3 | 1.6e+04 mL/g/h,per g catalyst,2500,False
10.1039/d0ta05238h,"Figure 5b, 80% Fe-20% ZrO2, 500 C",80% Fe–20% ZrO2,ZrO2 mechanically mixed with NanoArc α-Fe2O3; reduced at 600 °C in H2/N2 for 18 h,Fe,80,False,500,3,3,16000,False,16000 mL g−1 h−1,,4200,5250,False,plot,~,,steady_thermal_catalytic,0.00588368,rate / WHSV,0.0336656,-1.60077,0,0.0067912,,,,,64.4638,,,,primary; infeasible within bed limit,Figure 5b,,,,
10.1039/d0ta05238h,"Figure 5b, 80% Fe-20% ZrO2, 550 C",80% Fe–20% ZrO2,ZrO2 mechanically mixed with NanoArc α-Fe2O3; reduced at 600 °C in H2/N2 for 18 h,Fe,80,False,550,3,3,16000,False,16000 mL g−1 h−1,,4500,5625,False,plot,~,,steady_thermal_catalytic,0.00630394,rate / WHSV,0.0208973,-1.69453,0,0.00115401,,,,,,,,,flagged: T outside 300-500 C; infeasible within bed limit,Figure 5b,,,,
10.1039/d0ta05238h,"Figure 5b, 80% Fe-20% ZrO2, 600 C",80% Fe–20% ZrO2,ZrO2 mechanically mixed with NanoArc α-Fe2O3; reduced at 600 °C in H2/N2 for 18 h,Fe,80,False,600,3,3,16000,False,16000 mL g−1 h−1,,4200,5250,False,plot,~,,steady_thermal_catalytic,0.00588368,rate / WHSV,0.0135319,-1.79341,0,0.000213743,,,,,,,,,flagged: T outside 300-500 C; infeasible within bed limit,Figure 5b,,,,
10.1039/d0ta05238h,"Figure 5b, 80% Fe-20% Y2O3, 400 C",80% Fe–20% Y2O3,Y2O3 mechanically mixed with NanoArc α-Fe2O3; reduced at 600 °C in H2/N2 for 18 h,Fe,80,False,400,3,3,16000,False,16000 mL g−1 h−1,,1600,2000,False,plot,~,,steady_thermal_catalytic,0.0022414,rate / WHSV,0.0982537,-1.43941,0,0.247946,17.1301,,19.0895,15.9323,17.5734,450,210,29.1725,primary,Figure 5b,10.1039/d0ta05238h | 400 C | 3 MPa | H2/N2 3 | 1.6e+04 mL/g/h,per g catalyst,1600,False
10.1039/d0ta05238h,"Figure 5b, 80% Fe-20% Y2O3, 450 C",80% Fe–20% Y2O3,Y2O3 mechanically mixed with NanoArc α-Fe2O3; reduced at 600 °C in H2/N2 for 18 h,Fe,80,False,450,3,3,16000,False,16000 mL g−1 h−1,,4200,5250,False,plot,~,,steady_thermal_catalytic,0.00588368,rate / WHSV,0.0565503,-1.50201,0,0.0573591,25.3067,,36.9447,19.1684,23.6562,450,275,84.0167,primary,Figure 5b,10.1039/d0ta05238h | 450 C | 3 MPa | H2/N2 3 | 1.6e+04 mL/g/h,per g catalyst,4200,False
10.1039/d0ta05238h,"Figure 5b, 80% Fe-20% Y2O3, 500 C",80% Fe–20% Y2O3,Y2O3 mechanically mixed with NanoArc α-Fe2O3; reduced at 600 °C in H2/N2 for 18 h,Fe,80,False,500,3,3,16000,False,16000 mL g−1 h−1,,7400,9250,False,plot,~,,steady_thermal_catalytic,0.0103665,rate / WHSV,0.0336656,-1.57376,0,0.0130262,,,,44.7687,41.8705,,,,primary; infeasible within bed limit,Figure 5b,,,,
10.1039/d0ta05238h,"Figure 5b, 80% Fe-20% Y2O3, 550 C",80% Fe–20% Y2O3,Y2O3 mechanically mixed with NanoArc α-Fe2O3; reduced at 600 °C in H2/N2 for 18 h,Fe,80,False,550,3,3,16000,False,16000 mL g−1 h−1,,6400,8000,False,plot,~,,steady_thermal_catalytic,0.0089656,rate / WHSV,0.0208973,-1.67529,0,0.00178488,,,,,,,,,flagged: T outside 300-500 C; infeasible within bed limit,Figure 5b,,,,
10.1039/d0ta05238h,"Figure 5b, 80% Fe-20% Y2O3, 600 C",80% Fe–20% Y2O3,Y2O3 mechanically mixed with NanoArc α-Fe2O3; reduced at 600 °C in H2/N2 for 18 h,Fe,80,False,600,3,3,16000,False,16000 mL g−1 h−1,,5800,7250,False,plot,~,,steady_thermal_catalytic,0.00812507,rate / WHSV,0.0135319,-1.77281,0,0.000331904,,,,,,,,,flagged: T outside 300-500 C; infeasible within bed limit,Figure 5b,,,,
10.1039/d0ta05238h,"Figure 6b, first point",80 wt% Fe–20 wt% Ce0.8Sm0.2O2−δ,Ce0.8Sm0.2O2−δ mechanically mixed with NanoArc α-Fe2O3; reduced at 600 °C in H2/N2 for 18 h,Fe,80,False,350,3,3,16000,False,16000 mL g−1 h−1,,2400,3000,False,plot,~,3 h,steady_thermal_catalytic,0.0033621,rate / WHSV,0.172638,-1.34776,0,6.35601,15.1546,,15.6131,14.6356,14.5911,425,180,15.2417,primary,Figure 6b,,,,
10.1039/d0ta05238h,"Figure 6b, last point",80 wt% Fe–20 wt% Ce0.8Sm0.2O2−δ,Ce0.8Sm0.2O2−δ mechanically mixed with NanoArc α-Fe2O3; reduced at 600 °C in H2/N2 for 18 h,Fe,80,False,350,3,3,16000,False,16000 mL g−1 h−1,,2300,2875,False,plot,~,150 h,steady_thermal_catalytic,0.00322201,rate / WHSV,0.172638,-1.34871,0,6.08703,15.1676,,15.6215,14.6417,14.607,425,180,15.4826,primary,Figure 6b,10.1039/d0ta05238h | 350 C | 3 MPa | H2/N2 3 | 1.6e+04 mL/g/h,per g catalyst,2300,False
10.1039/d0ta05238h,"Figure 7a, with traps, 450 C",80 wt% Fe–20 wt% Ce0.8Sm0.2O2−δ,Ce0.8Sm0.2O2−δ mechanically mixed with NanoArc α-Fe2O3; reduced at 600 °C in H2/N2 for 18 h,Fe,80,False,450,1,3,16000,False,16000 mL g−1 h−1,,9700,12125,False,plot,~,,steady_thermal_catalytic,0.0135885,rate / WHSV,0.0203254,-1.4125,0,0.594618,16.1417,,17.1386,15.5094,16.1829,450,200,17.2756,primary,Figure 7a,10.1039/d0ta05238h | 450 C | 1 MPa | H2/N2 3 | 1.6e+04 mL/g/h,per g catalyst,9700,False
10.1039/d0ta05238h,"Figure 8a, Fe-CeO2, 1 MPa",80% Fe–20% CeO2,CeO2 mechanically mixed with NanoArc α-Fe2O3; reduced at 600 °C in H2/N2 for 18 h,Fe,80,False,450,1,3,16000,False,16000 mL g−1 h−1,,5500,6875,False,plot,~,,steady_thermal_catalytic,0.00770481,rate / WHSV,0.0203254,-1.44263,0,0.27415,17.301,,19.4479,16.005,17.3531,450,210,31.6375,primary,Figure 8a,10.1039/d0ta05238h | 450 C | 1 MPa | H2/N2 3 | 1.6e+04 mL/g/h,per g catalyst,5500,False
10.1039/d0ta05238h,"Figure 8a, promoted industrial Fe, 3 MPa",80% magnetite based industrial Fe catalyst-20% Ce0.8Sm0.2O2−δ,Magnetite based industrial Fe catalyst promoted with 20% Ce0.8Sm0.2O2−δ,Fe,80,True,450,3,3,16000,False,16000 mL g−1 h−1,,8300,10375,False,plot,~,,steady_thermal_catalytic,0.0116273,rate / WHSV,0.0565503,-1.46872,0,0.135467,17.0599,,,,17.2185,450,205,28.9807,primary,Figure 8a,10.1039/d0ta05238h | 450 C | 3 MPa | H2/N2 3 | 1.6e+04 mL/g/h,per g catalyst,8300,False
10.1039/d0ta05238h,"Figure 8a, Fe-YSZ, 1 MPa",80% Fe–20% YSZ,8 mol% Y2O3 stabilised ZrO2 mechanically mixed with NanoArc α-Fe2O3; reduced at 600 °C in H2/N2 for 18 h,Fe,80,False,450,1,3,16000,False,16000 mL g−1 h−1,,3400,4250,False,plot,~,,steady_thermal_catalytic,0.00476298,rate / WHSV,0.0203254,-1.46489,0,0.15479,18.9546,,22.9229,16.7003,19.0152,450,220,49.5741,primary,Figure 8a,10.1039/d0ta05238h | 450 C | 1 MPa | H2/N2 3 | 1.6e+04 mL/g/h,per g catalyst,3400,False
10.1039/d0ta05238h,"Figure 8a, industrial Fe, 3 MPa",Magnetite based industrial Fe catalyst,magnetite based industrial Fe catalyst,Fe,,True,450,3,3,16000,False,16000 mL g−1 h−1,,4200,,False,plot,~,,steady_thermal_catalytic,0.00588368,rate / WHSV,0.0565503,-1.4976,0,0.064169,19.1503,,,,19.3924,450,220,50.5775,primary,Figure 8a,10.1039/d0ta05238h | 450 C | 3 MPa | H2/N2 3 | 1.6e+04 mL/g/h,per g catalyst,4200,False
10.1039/d0ta05238h,"Figure 8a, Fe-ZrO2, 1 MPa",80% Fe–20% ZrO2,ZrO2 mechanically mixed with NanoArc α-Fe2O3; reduced at 600 °C in H2/N2 for 18 h,Fe,80,False,450,1,3,16000,False,16000 mL g−1 h−1,,600,750,False,plot,~,,steady_thermal_catalytic,0.000840525,rate / WHSV,0.0203254,-1.53716,0,0.0244564,44.1843,,,25.268,31.1324,450,540,89.9331,primary,Figure 8a,10.1039/d0ta05238h | 450 C | 1 MPa | H2/N2 3 | 1.6e+04 mL/g/h,per g catalyst,600,False
10.1039/d0ta05238h,"Figure 9a, Fe-SDC, 1 MPa",80 wt% Fe–20 wt% Ce0.8Sm0.2O2−δ,Ce0.8Sm0.2O2−δ mechanically mixed with NanoArc α-Fe2O3; reduced at 600 °C in H2/N2 for 18 h,Fe,80,False,500,1,3,16000,False,16000 mL g−1 h−1,,9700,12125,False,plot,~,,steady_thermal_catalytic,0.0135885,rate / WHSV,0.011737,-1.49446,0,0.0883909,23.5208,,32.0575,18.4572,21.3604,450,220,89.2919,flagged: outlet near equilibrium,Figure 9a,,,,
10.1039/d0ta05238h,"Figure 9a, Fe-SDC, 3 MPa",80 wt% Fe–20 wt% Ce0.8Sm0.2O2−δ,Ce0.8Sm0.2O2−δ mechanically mixed with NanoArc α-Fe2O3; reduced at 600 °C in H2/N2 for 18 h,Fe,80,False,500,3,3,16000,False,16000 mL g−1 h−1,,15600,19500,False,plot,~,,steady_thermal_catalytic,0.0218536,rate / WHSV,0.0336656,-1.53289,0,0.0352032,40.2255,,108.906,24.268,27.2368,450,490,89.3142,primary,Figure 9a,10.1039/d0ta05238h | 500 C | 3 MPa | H2/N2 3 | 1.6e+04 mL/g/h,per g catalyst,15600,False
10.1039/d0ta05238h,"Figure 9a, Fe-SDC, 5 MPa",80 wt% Fe–20 wt% Ce0.8Sm0.2O2−δ,Ce0.8Sm0.2O2−δ mechanically mixed with NanoArc α-Fe2O3; reduced at 600 °C in H2/N2 for 18 h,Fe,80,False,500,5,3,16000,False,16000 mL g−1 h−1,,22000,27500,False,plot,~,,steady_thermal_catalytic,0.0308192,rate / WHSV,0.053796,-1.54194,0,0.0281065,50.0088,,,26.5273,29.4829,450,610,89.7531,primary,Figure 9a,10.1039/d0ta05238h | 500 C | 5 MPa | H2/N2 3 | 1.6e+04 mL/g/h,per g catalyst,22000,False
10.1039/d0ta05238h,"Figure 9a, Fe-SDC, 7.5 MPa",80 wt% Fe–20 wt% Ce0.8Sm0.2O2−δ,Ce0.8Sm0.2O2−δ mechanically mixed with NanoArc α-Fe2O3; reduced at 600 °C in H2/N2 for 18 h,Fe,80,False,500,7.5,3,16000,False,16000 mL g−1 h−1,,30500,38125,False,plot,~,,steady_thermal_catalytic,0.0427267,rate / WHSV,0.0768155,-1.54546,0,0.0255979,55.6281,,,27.5858,30.5701,450,670,89.4961,primary,Figure 9a,10.1039/d0ta05238h | 500 C | 7.5 MPa | H2/N2 3 | 1.6e+04 mL/g/h,per g catalyst,30500,False
10.1039/d0ta05238h,"Figure 9d, magnetite industrial Fe, 500 C",Magnetite based industrial Fe catalyst,magnetite-based industrial multi-promoted Fe catalyst,Fe,,True,500,15,3,16000,False,16000 mL g−1 h−1,,33300,,False,plot,~,,steady_thermal_catalytic,0.0466491,rate / WHSV,0.134905,-1.57129,0,0.0126273,47.052,,,,29.572,450,575,89.3744,primary,Figure 9d,10.1039/d0ta05238h | 500 C | 15 MPa | H2/N2 3 | 1.6e+04 mL/g/h,per g catalyst,33300,False
10.1002/adma.201700924,"SI Figure S4, Ru(5.0 wt%)/LaScSi bar",Ru(5.0 wt%)/LaScSi,Ru/LaScSi catalysts prepared by chemical vapor deposition of Ru3(CO)12.,Ru,5,False,400,0.1,3,,False,,,3000,60000,False,SI-plot,~,,steady_thermal_catalytic,0.00305079,,0.00399559,-1.13809,0,0.936203,22.2755,19.02,22.5678,22.081,22.4823,450,430,2.19849,primary: outlet NH3 assumed (median),SI Figure S4,10.1002/adma.201700924 | 400 C | 0.1 MPa | H2/N2 3 | 3.6e+04 mL/g/h,per g catalyst,3000,True
10.1002/anie.201712398,"SI Figure S2, Ba(7%)-Ca(NH2)2",Ru(10 wt%)/Ba(7%)-Ca(NH2)2,Ru(acac)3 was used as Ru precursor,Ru,10,False,300,0.1,3,36000,False,36000 mL gcat-1 h-1,,8500,85000,False,SI-plot,~,,steady_thermal_catalytic,0.00529219,rate / WHSV,0.0189526,-1.02,2.20862,209.855,15.7392,14.6885,15.7667,15.7291,15.2809,450,200,0.386517,primary,SI Figure S2,10.1002/anie.201712398 | 300 C | 0.1 MPa | H2/N2 3 | 3.6e+04 mL/g/h,per g catalyst,8500,False
10.1002/anie.201712398,"SI Figure S2, Ba(10%)-Ca(NH2)2",Ru(10 wt%)/Ba(10%)-Ca(NH2)2,Ru(acac)3 was used as Ru precursor,Ru,10,False,300,0.1,3,36000,False,36000 mL gcat-1 h-1,,7600,76000,False,SI-plot,~,,steady_thermal_catalytic,0.00473184,rate / WHSV,0.0189526,-1.02,2.06299,152.174,15.9682,14.8536,16,15.9513,15.4389,450,210,0.438977,primary,SI Figure S2,10.1002/anie.201712398 | 300 C | 0.1 MPa | H2/N2 3 | 3.6e+04 mL/g/h,per g catalyst,7600,False
10.1007/s10562-019-02674-1,"SI Figure S5, 2.5%Ru/CeO2–CS, first point",2.5%Ru/CeO2–CS,,Ru,2.5,False,450,3,3,24000,True,,,27000,1.08e+06,False,SI-plot,~,0 h,steady_thermal_catalytic,0.0252157,rate / WHSV (WHSV of the paper's comparison),0.0565503,-1.27238,0,0.203481,22.6616,19.9996,23.3039,22.1827,26.0647,450,430,4.54325,primary,SI Figure S5,,,,
10.1007/s10562-019-02674-1,"SI Figure S5, 2.5%Ru/CeO2–CS, last point",2.5%Ru/CeO2–CS,,Ru,2.5,False,450,3,3,24000,True,,,27000,1.08e+06,False,SI-plot,~,100 h,steady_thermal_catalytic,0.0252157,rate / WHSV (WHSV of the paper's comparison),0.0565503,-1.27238,0,0.203481,22.6616,19.9996,23.3039,22.1827,26.0647,450,430,4.54325,primary,SI Figure S5,10.1007/s10562-019-02674-1 | 450 C | 3 MPa | H2/N2 3 | 2.4e+04 mL/g/h,per g catalyst,27000,False
10.1007/s10562-019-02674-1,"SI Figure S5, 2.5%Ru/CeO2–MS, first point",2.5%Ru/CeO2–MS,,Ru,2.5,False,450,3,3,24000,True,,,20800,832000,False,SI-plot,~,0 h,steady_thermal_catalytic,0.0194255,rate / WHSV (WHSV of the paper's comparison),0.0565503,-1.28968,0,0.0944062,23.2624,20.3738,24.0294,22.7387,27.7401,450,430,5.68057,primary,SI Figure S5,,,,
10.1007/s10562-019-02674-1,"SI Figure S5, 2.5%Ru/CeO2–MS, last point",2.5%Ru/CeO2–MS,,Ru,2.5,False,450,3,3,24000,True,,,21000,840000,False,SI-plot,~,100 h,steady_thermal_catalytic,0.0196122,rate / WHSV (WHSV of the paper's comparison),0.0565503,-1.28915,0,0.0970681,23.2391,20.3609,24.0021,22.7172,27.6745,450,430,5.63648,primary,SI Figure S5,10.1007/s10562-019-02674-1 | 450 C | 3 MPa | H2/N2 3 | 2.4e+04 mL/g/h,per g catalyst,21000,False
10.1007/s10562-019-02674-1,"SI Figure S5, 2.5%Ru/CeO2–NR, first point",2.5%Ru/CeO2–NR,,Ru,2.5,False,450,3,3,24000,True,,,15000,600000,False,SI-plot,~,0 h,steady_thermal_catalytic,0.0140087,rate / WHSV (WHSV of the paper's comparison),0.0565503,-1.30544,0,0.0370721,24.1972,20.8711,25.1306,23.5698,30.2549,450,430,7.44663,primary,SI Figure S5,,,,
10.1007/s10562-019-02674-1,"SI Figure S5, 2.5%Ru/CeO2–NR, last point",2.5%Ru/CeO2–NR,,Ru,2.5,False,450,3,3,24000,True,,,15000,600000,False,SI-plot,~,100 h,steady_thermal_catalytic,0.0140087,rate / WHSV (WHSV of the paper's comparison),0.0565503,-1.30544,0,0.0370721,24.1972,20.8711,25.1306,23.5698,30.2549,450,430,7.44663,primary,SI Figure S5,10.1007/s10562-019-02674-1 | 450 C | 3 MPa | H2/N2 3 | 2.4e+04 mL/g/h,per g catalyst,15000,False
10.1021/acscatal.1c02887,"SI Figure S4, Co@BaO/MgO-700red, 2.0 MPa",Co@BaO/MgO-700red,pre-reduced at 700 °C,Co,20,False,400,2,3,72000,False,72000 mL h−1 gcat−1,,61500,307500,False,SI-plot,~,,steady_thermal_catalytic,0.0191453,rate / WHSV,0.0697143,-0.857725,0,206534,18.8654,,19.9717,17.5673,16.0167,450,165,31.3017,primary,SI Figure S4,,,,
10.1021/acscatal.1c02887,"SI Figure S4, Co@BaO/MgO-700red, 4.0 MPa",Co@BaO/MgO-700red,pre-reduced at 700 °C,Co,20,False,400,4,3,72000,False,72000 mL h−1 gcat−1,,102000,510000,False,SI-plot,~,,steady_thermal_catalytic,0.0317532,rate / WHSV,0.123712,-0.944889,0,426196,17.1748,,18.1821,16.1104,15.5108,450,210,21.6188,primary,SI Figure S4,,,,
10.1021/acscatal.1c02887,"SI Figure S4, Commercial fused iron catalyst, 0.1 MPa",Commercial fused iron catalyst,AmoMax® 10RS used as received followed by activation procedure prior to ammonia synthesis experiments,Fe,,True,400,0.1,3,72000,False,72000 mL h−1 gcat−1,,1500,,False,SI-plot,~,,steady_thermal_catalytic,0.000466958,rate / WHSV,0.00399559,-1.31308,0,8.95289,14.3842,,,,13.8077,400,160,17.5237,primary,SI Figure S4,10.1021/acscatal.1c02887 | 400 C | 0.1 MPa | H2/N2 3 | 7.2e+04 mL/g/h,per g catalyst,1500,False
10.1021/acscatal.1c02887,"SI Figure S4, Commercial fused iron catalyst, 2.0 MPa",Commercial fused iron catalyst,AmoMax® 10RS used as received followed by activation procedure prior to ammonia synthesis experiments,Fe,,True,400,2,3,72000,False,72000 mL h−1 gcat−1,,14200,,False,SI-plot,~,,steady_thermal_catalytic,0.00442054,rate / WHSV,0.0697143,-1.34911,0,3.92898,14.689,,,,14.3654,425,170,8.9721,primary,SI Figure S4,10.1021/acscatal.1c02887 | 400 C | 2 MPa | H2/N2 3 | 7.2e+04 mL/g/h,per g catalyst,14200,False
10.1021/acscatal.1c02887,"SI Figure S4, Commercial fused iron catalyst, 4.0 MPa",Commercial fused iron catalyst,AmoMax® 10RS used as received followed by activation procedure prior to ammonia synthesis experiments,Fe,,True,400,4,3,72000,False,72000 mL h−1 gcat−1,,30800,,False,SI-plot,~,,steady_thermal_catalytic,0.00958821,rate / WHSV,0.123712,-1.3522,0,4.02233,14.7129,,,,14.3431,425,170,9.4379,primary,SI Figure S4,10.1021/acscatal.1c02887 | 400 C | 4 MPa | H2/N2 3 | 7.2e+04 mL/g/h,per g catalyst,30800,False
10.1021/acssuschemeng.7b02812,"SI Figure S9/S15, Industrial catalyst, 325 °C",Industrial catalyst,,Fe,,True,325,9,3,,False,,3.7,19440,,False,SI-plot,~,,steady_thermal_catalytic,0.037,printed outlet,0.404323,-1.27376,0,70.256,14.2075,,,,12.3066,400,160,13.9873,primary,"SI Figure S9a,b",10.1021/acssuschemeng.7b02812 | 325 C | 9 MPa | H2/N2 3 | SV not given,per g catalyst,19440,False
10.1021/acssuschemeng.7b02812,"SI Figure S9/S15, Industrial catalyst, 350 °C",Industrial catalyst,,Fe,,True,350,9,3,,False,,5.6,28080,,False,SI-plot,~,,steady_thermal_catalytic,0.056,printed outlet,0.334795,-1.30116,0,24.5236,14.3056,,,,13.1169,400,160,15.9608,primary,"SI Figure S9a,b",10.1021/acssuschemeng.7b02812 | 350 C | 9 MPa | H2/N2 3 | SV not given,per g catalyst,28080,False
10.1021/acssuschemeng.7b02812,"SI Figure S9/S15, Industrial catalyst, 375 °C",Industrial catalyst,,Fe,,True,375,9,3,,False,,7.3,36360,,False,SI-plot,~,,steady_thermal_catalytic,0.073,printed outlet,0.273145,-1.32917,0,8.55727,14.5421,,,,13.8281,400,165,18.0731,primary,"SI Figure S9a,b",10.1021/acssuschemeng.7b02812 | 375 C | 9 MPa | H2/N2 3 | SV not given,per g catalyst,36360,False
10.1021/acssuschemeng.7b02812,"SI Figure S9/S15, Industrial catalyst, 400 °C",Industrial catalyst,,Fe,,True,400,9,3,,False,,8.8,43560,,False,SI-plot,~,,steady_thermal_catalytic,0.088,printed outlet,0.220346,-1.35649,0,3.06628,14.7496,,,,14.5807,425,170,10.1521,primary,"SI Figure S9a,b",10.1021/acssuschemeng.7b02812 | 400 C | 9 MPa | H2/N2 3 | SV not given,per g catalyst,43560,False
10.1021/acssuschemeng.7b02812,"SI Figure S9/S15, Industrial catalyst, 425 °C",Industrial catalyst,,Fe,,True,425,9,3,,False,,10.3,50040,,False,SI-plot,~,,steady_thermal_catalytic,0.103,printed outlet,0.176428,-1.38589,0,1.18991,15.1531,,,,15.1264,425,175,16.3273,primary,"SI Figure S9a,b",10.1021/acssuschemeng.7b02812 | 425 C | 9 MPa | H2/N2 3 | SV not given,per g catalyst,50040,False
10.1021/acssuschemeng.7b02812,"SI Figure S9/S15, Industrial catalyst, 450 °C",Industrial catalyst,,Fe,,True,450,9,3,,False,,11.1,53280,,False,SI-plot,~,,steady_thermal_catalytic,0.111,printed outlet,0.140728,-1.42188,0,0.469952,15.6922,,,,15.7281,450,195,10.5254,primary,"SI Figure S9a,b",10.1021/acssuschemeng.7b02812 | 450 C | 9 MPa | H2/N2 3 | SV not given,per g catalyst,53280,False
10.1021/acssuschemeng.7b02812,"SI Figure S9/S15, Industrial catalyst, 475 °C",Industrial catalyst,,Fe,,True,475,9,3,,False,,10.8,51840,,False,SI-plot,~,,steady_thermal_catalytic,0.108,printed outlet,0.112193,-1.46408,0,0.177821,16.8421,,,,16.7506,450,205,25.81,flagged: outlet near equilibrium,"SI Figure S9a,b",,,,
10.1021/acssuschemeng.7b02812,"SI Figure S9/S15, Industrial catalyst, 500 °C",Industrial catalyst,,Fe,,True,500,9,3,,False,,9.5,46080,,False,SI-plot,~,,steady_thermal_catalytic,0.095,printed outlet,0.0896361,-1.51535,0,0.0565573,21.5928,,,,19.9118,450,220,72.5591,flagged: outlet near equilibrium,"SI Figure S9a,b",,,,
