group,doi,catalyst,STY,X,SMeOH,SCO,SCH4,T_C,P_bar,h2_co2,cost_baseline,cost_catalyst_repl_18.1EURkg_3y,cost_catalyst_repl_18.1EURkg_5y,cost_loop_dp_3.75bar,cost_h2_price_half,cost_perez_fortes_prices,cost_recycle_flow_x2.68,cost_combined_cat3y_dp3.75,cost_combined_cat3y_dp3.75_recycle2.68,cost_combined_cat3y_dp3.75_h2half,purge_baseline,purge_catalyst_repl_18.1EURkg_3y,purge_catalyst_repl_18.1EURkg_5y,purge_loop_dp_3.75bar,purge_h2_price_half,purge_perez_fortes_prices,purge_recycle_flow_x2.68,purge_combined_cat3y_dp3.75,purge_combined_cat3y_dp3.75_recycle2.68,purge_combined_cat3y_dp3.75_h2half
10.1002/anie.201600943 | 50 bar | H2/CO2 4 | 26 NL/g/h,10.1002/anie.201600943,"In2O3 [Figure 1a, In2O3, 573 K]",0.297347,0.052,1,0,0,299.85,50,4,969.356,955.595,954.468,984.152,604.558,895.239,998.267,970.391,1023.07,605.594,0.005,0.005,0.005,0.005,0.005,0.005,0.005,0.005,0.005,0.005
10.1002/anie.201600943 | 50 bar | H2/CO2 4 | 26 NL/g/h,10.1002/anie.201600943,"Cu-ZnO-Al2O3 [Figure 1a, Cu-ZnO-Al2O3, 573 K]",0.013089,0.021,0.109,0.891,0,299.85,50,4,6107.2,6154.65,6129.04,6657.38,3957.59,5359.75,6819.54,6704.82,8328.55,4555.21,0.005,0.005,0.005,0.005,0.005,0.005,0.005,0.005,0.005,0.005
10.1002/anie.202401168 | 30 bar | H2/CO2 3 | 18 NL/g/h,10.1002/anie.202401168,"Ir1Pd1-In2O3(CP-PD) [SI Table S5, this work row 2]",0.59006,0.101,0.946,0.044,0.01,250,30,3,897.766,882.607,882.039,909.791,552.238,824.733,918.477,894.633,934.598,549.105,0.005,0.005,0.005,0.005,0.005,0.005,0.005,0.005,0.005,0.005
10.1002/anie.202401168 | 30 bar | H2/CO2 3 | 36 NL/g/h,10.1002/anie.202401168,"Ir1Pd1-In2O3(CP-PD) [SI Table S5, this work row 3]",1.03496,0.093,0.901,0.089,0.01,250,30,3,901.547,885.778,885.454,914.664,554.238,828.049,923.867,898.895,942.243,551.586,0.005,0.005,0.005,0.005,0.005,0.005,0.005,0.005,0.005,0.005
10.1002/anie.202401168 | 30 bar | H2/CO2 3 | 54 NL/g/h,10.1002/anie.202401168,"Ir1Pd1-In2O3(CP-PD) [Text page 9, Ir1Pd1-In2O3(CP-PD), 250 °C, 54000 mL gcat−1 hour−1]",1.29099,0.086,0.845,0.145,0.01,250,30,3,907.052,891.122,890.862,921.312,557.867,833.054,931.04,905.382,952.259,556.198,0.005,0.005,0.005,0.005,0.005,0.005,0.005,0.005,0.005,0.005
10.1002/anie.202401168 | 30 bar | H2/CO2 3 | 9 NL/g/h,10.1002/anie.202401168,"Ir1Pd1-In2O3(CP-PD) [SI Figure S29, t=10 h, 275 °C]",0.330614,0.129,0.83,0.16,0.01,275,30,3,888.263,874.218,873.204,897.866,546.539,816.036,905.337,883.821,916.217,542.098,0.005,0.005,0.005,0.005,0.005,0.005,0.005,0.005,0.005,0.005
10.1002/anie.202401168 | 30 bar | H2/CO2 3 | 9 NL/g/h,10.1002/anie.202401168,"Ir1Pd1-In2O3(CP-PD) [SI Figure S29, t=0 h, 275 °C]",0.328052,0.128,0.83,0.16,0.01,275,30,3,888.74,874.715,873.694,898.422,546.889,816.479,905.934,884.397,917.04,542.546,0.005,0.005,0.005,0.005,0.005,0.005,0.005,0.005,0.005,0.005
10.1002/anie.202401168 | 30 bar | H2/CO2 3 | 9 NL/g/h,10.1002/anie.202401168,"Ir1Pd1-In2O3(CP-PD) [Text page 9, Ir1Pd1-In2O3(CP-PD), 300 °C]",0.314833,0.143,0.713,0.277,0.01,300,30,3,885.159,871.241,870.177,894.049,544.479,813.052,901.144,880.132,910.284,539.452,0.005,0.005,0.005,0.005,0.005,0.005,0.005,0.005,0.005,0.005
10.1002/anie.202401168 | 30 bar | H2/CO2 3 | 9 NL/g/h,10.1002/anie.202401168,"Ir1Pd1-In2O3(CP-PD) [Figure 4a, Ir1Pd1-In2O3(CP-PD), 250 °C, 9000 mL gcat−1 hour−1]",0.314496,0.105,0.97,0.02,0.01,250,30,3,898.545,884.631,883.565,910.094,553.793,825.712,918.548,896.179,934.661,551.427,0.005,0.005,0.005,0.005,0.005,0.005,0.005,0.005,0.005,0.005
10.1002/anie.202401168 | 30 bar | H2/CO2 3 | 9 NL/g/h,10.1002/anie.202401168,"Ir1Pd1-In2O3(CP-PD) [Figure 4e, Ir1Pd1-In2O3(CP-PD), first stability point]",0.314496,0.105,0.97,0.02,0.01,250,30,3,898.545,884.631,883.565,910.094,553.793,825.712,918.548,896.179,934.661,551.427,0.005,0.005,0.005,0.005,0.005,0.005,0.005,0.005,0.005,0.005
10.1002/anie.202401168 | 30 bar | H2/CO2 3 | 9 NL/g/h,10.1002/anie.202401168,"Pd1Pd1-In2O3(CP-PD) [SI Figure S25, t=10 h, Pd1Pd1-In2O3(CP-PD)]",0.281919,0.11,0.83,0.16,0.01,250,30,3,896.351,882.744,881.555,907.356,552.478,823.741,915.543,893.75,930.538,549.878,0.005,0.005,0.005,0.005,0.005,0.005,0.005,0.005,0.005,0.005
10.1002/anie.202401168 | 30 bar | H2/CO2 3 | 9 NL/g/h,10.1002/anie.202401168,"Pd1Pd1-In2O3(CP-PD) [SI Figure S25, t=0 h, Pd1Pd1-In2O3(CP-PD)]",0.279356,0.109,0.83,0.16,0.01,250,30,3,896.972,883.393,882.193,908.082,552.932,824.32,916.321,894.503,931.617,550.462,0.005,0.005,0.005,0.005,0.005,0.005,0.005,0.005,0.005,0.005
10.1002/anie.202401168 | 30 bar | H2/CO2 3 | 9 NL/g/h,10.1002/anie.202401168,"2Ir1Pd1-In2O3(CP-PD) [SI Figure S26, t=10 h, 2Ir1Pd1-In2O3(CP-PD)]",0.275558,0.097,0.92,0.07,0.01,250,30,3,904.782,891.245,890.028,917.329,558.407,831.529,926.263,903.791,945.372,557.415,0.005,0.005,0.005,0.005,0.005,0.005,0.005,0.005,0.005,0.005
10.1002/anie.202401168 | 30 bar | H2/CO2 3 | 9 NL/g/h,10.1002/anie.202401168,"Ir1Pd1-In2O3(CP-PD) [Text/Figure 4e, Ir1Pd1-In2O3(CP-PD), 100 h stability]",0.274864,0.095,0.937,0.063,0,250,30,3,895.127,881.597,880.377,907.306,552.895,822.477,916.067,893.776,934.218,551.544,0.005,0.005,0.005,0.005,0.005,0.005,0.005,0.005,0.005,0.005
10.1002/anie.202401168 | 30 bar | H2/CO2 3 | 9 NL/g/h,10.1002/anie.202401168,"2Ir1Pd1-In2O3(CP-PD) [SI Figure S26, t=0 h, 2Ir1Pd1-In2O3(CP-PD)]",0.269877,0.095,0.92,0.07,0.01,250,30,3,906.425,892.951,891.709,919.25,559.594,833.053,928.316,905.776,948.221,558.946,0.005,0.005,0.005,0.005,0.005,0.005,0.005,0.005,0.005,0.005
10.1002/anie.202401168 | 30 bar | H2/CO2 3 | 9 NL/g/h,10.1002/anie.202401168,"Ir1Pd1-In2O3(PD-PD) [Figure 4a, Ir1Pd1-In2O3(PD-PD), 250 °C]",0.233595,0.085,0.89,0.09,0.02,250,30,3,927.653,914.662,913.227,942.768,573.436,852.83,952.877,929.776,979.279,575.558,0.005,0.005,0.005,0.005,0.005,0.005,0.005,0.005,0.005,0.005
10.1002/anie.202401168 | 30 bar | H2/CO2 3 | 9 NL/g/h,10.1002/anie.202401168,"Ir1Pd1-In2O3(CP-PD) [SI Figure S29, t=10 h, 225 °C]",0.233008,0.077,0.98,0.01,0.01,225,30,3,918.084,905.101,903.663,933.169,567.909,844.33,943.268,920.187,969.604,570.012,0.005,0.005,0.005,0.005,0.005,0.005,0.005,0.005,0.005,0.005
10.1002/anie.202401168 | 30 bar | H2/CO2 3 | 9 NL/g/h,10.1002/anie.202401168,"Ir1Pd1-In2O3(CP-PD) [SI Figure S29, t=0 h, 225 °C]",0.22393,0.074,0.98,0.01,0.01,225,30,3,921.181,908.345,906.848,936.826,570.134,847.261,947.172,923.989,975.123,572.942,0.005,0.005,0.005,0.005,0.005,0.005,0.005,0.005,0.005,0.005
10.1002/anie.202401168 | 30 bar | H2/CO2 3 | 9 NL/g/h,10.1002/anie.202401168,"Ir1Pd1-In2O3(PD-PD) [SI Figure S22, t=0 h, Ir1Pd1-In2O3(PD-PD)]",0.220101,0.081,0.88,0.11,0.01,250,30,3,920.805,908.033,906.51,936.019,570.046,846.381,946.175,923.247,973.06,572.489,0.005,0.005,0.005,0.005,0.005,0.005,0.005,0.005,0.005,0.005
10.1002/anie.202401168 | 30 bar | H2/CO2 3 | 9 NL/g/h,10.1002/anie.202401168,"4Ir1Pd1-In2O3(CP-PD) [SI Figure S26, t=10 h, 4Ir1Pd1-In2O3(CP-PD)]",0.216365,0.077,0.91,0.08,0.01,250,30,3,925.615,912.909,911.36,941.695,573.421,850.796,952.231,928.99,981.46,576.796,0.005,0.005,0.005,0.005,0.005,0.005,0.005,0.005,0.005,0.005
10.1002/anie.202401168 | 30 bar | H2/CO2 3 | 9 NL/g/h,10.1002/anie.202401168,"4Ir1Pd1-In2O3(CP-PD) [SI Figure S26, t=0 h, 4Ir1Pd1-In2O3(CP-PD)]",0.213555,0.076,0.91,0.08,0.01,250,30,3,926.978,914.323,912.753,943.292,574.397,852.052,953.928,930.637,983.821,578.056,0.005,0.005,0.005,0.005,0.005,0.005,0.005,0.005,0.005,0.005
10.1002/anie.202401168 | 30 bar | H2/CO2 3 | 9 NL/g/h,10.1002/anie.202401168,"Ir1Pd1-In2O3(CP-AP) [Figure 4a, Ir1Pd1-In2O3(CP-AP), 250 °C]",0.195151,0.079,0.8,0.2,0,250,30,3,912.728,900.443,898.726,927.692,565.946,838.85,937.738,915.407,964.45,568.624,0.005,0.005,0.005,0.005,0.005,0.005,0.005,0.005,0.005,0.005
10.1002/anie.202401168 | 30 bar | H2/CO2 3 | 9 NL/g/h,10.1002/anie.202401168,"Ir1Pd1-In2O3(CP-AP) [SI Figure S22, t=0 h, Ir1Pd1-In2O3(CP-AP)]",0.185394,0.076,0.79,0.2,0.01,250,30,3,928.165,916.106,914.298,944.479,575.584,853.24,955.115,932.42,985.604,579.839,0.005,0.005,0.005,0.005,0.005,0.005,0.005,0.005,0.005,0.005
10.1002/anie.202401168 | 30 bar | H2/CO2 3 | 9 NL/g/h,10.1002/anie.202401168,"Ir1Pd1-In2O3(AP-AP) [Figure 4a, Ir1Pd1-In2O3(AP-AP), 250 °C]",0.1807,0.076,0.77,0.22,0.01,250,30,3,928.391,916.45,914.595,944.705,575.81,853.466,955.341,932.763,985.947,580.182,0.005,0.005,0.005,0.005,0.005,0.005,0.005,0.005,0.005,0.005
10.1002/anie.202401168 | 30 bar | H2/CO2 3 | 9 NL/g/h,10.1002/anie.202401168,"Ir1Pd1-In2O3(GM) [Figure 4a, Ir1Pd1-In2O3(GM), 250 °C]",0.174617,0.065,0.87,0.13,0,250,30,3,934.057,922.277,920.357,952.793,581.024,858.406,964.45,941.013,1001.59,587.98,0.005,0.005,0.005,0.005,0.005,0.005,0.005,0.005,0.005,0.005
10.1002/anie.202401168 | 30 bar | H2/CO2 3 | 9 NL/g/h,10.1002/anie.202401168,"Ir1Pd1-In2O3(CP-PD) [Text page 9, Ir1Pd1-In2O3(CP-PD), 200 °C]",0.169831,0.055,1,0,0,200,30,3,931.825,920.181,918.207,950.979,579.141,857.902,962.81,939.335,1001.19,586.65,0.005,0.005,0.005,0.005,0.005,0.005,0.005,0.005,0.005,0.005
10.1002/anie.202401168 | 30 bar | H2/CO2 3 | 9 NL/g/h,10.1002/anie.202401168,"Ir1Pd1-In2O3(AP-AP) [SI Figure S22, t=0 h, Ir1Pd1-In2O3(AP-AP)]",0.169059,0.073,0.75,0.24,0.01,250,30,3,933.014,921.392,919.409,950.072,579.195,857.744,961.027,938.45,993.909,584.631,0.005,0.005,0.005,0.005,0.005,0.005,0.005,0.005,0.005,0.005
10.1002/anie.202401168 | 30 bar | H2/CO2 3 | 9 NL/g/h,10.1002/anie.202401168,"Ir1Ir1-In2O3(CP-PD) [SI Figure S25, t=10 h, Ir1Ir1-In2O3(CP-PD)]",0.163038,0.055,0.96,0.03,0.01,250,30,3,958.488,947.049,944.993,980.561,596.719,881.583,993.55,969.122,1039.82,607.353,0.005,0.005,0.005,0.005,0.005,0.005,0.005,0.005,0.005,0.005
10.1002/anie.202401168 | 30 bar | H2/CO2 3 | 9 NL/g/h,10.1002/anie.202401168,"10Ir1Pd1-In2O3(CP-PD) [SI Figure S26, t=10 h, 10Ir1Pd1-In2O3(CP-PD)]",0.162574,0.065,0.81,0.18,0.01,250,30,3,946.293,934.868,932.807,965.735,588.481,869.887,977.68,954.311,1017.04,596.499,0.005,0.005,0.005,0.005,0.005,0.005,0.005,0.005,0.005,0.005
10.1002/anie.202401168 | 30 bar | H2/CO2 3 | 9 NL/g/h,10.1002/anie.202401168,"Pd1-In2O3(PD) [SI Figure S21, t=10 h, Pd1-In2O3(PD)]",0.16137,0.078,0.67,0.32,0.01,250,30,3,926.953,915.567,913.49,942.807,575.134,852.238,953.244,931.421,983.198,579.603,0.005,0.005,0.005,0.005,0.005,0.005,0.005,0.005,0.005,0.005
10.1002/anie.202401168 | 30 bar | H2/CO2 3 | 9 NL/g/h,10.1002/anie.202401168,"Ir1Ir1-In2O3(CP-PD) [SI Figure S25, t=0 h, Ir1Ir1-In2O3(CP-PD)]",0.160073,0.054,0.96,0.03,0.01,250,30,3,960.442,949.098,947.004,982.877,598.103,883.428,996.006,971.533,1043.33,609.194,0.005,0.005,0.005,0.005,0.005,0.005,0.005,0.005,0.005,0.005
10.1002/anie.202401168 | 30 bar | H2/CO2 3 | 9 NL/g/h,10.1002/anie.202401168,"10Ir1Pd1-In2O3(CP-PD) [SI Figure S26, t=0 h, 10Ir1Pd1-In2O3(CP-PD)]",0.160073,0.064,0.81,0.18,0.01,250,30,3,948.331,936.987,934.893,968.122,589.933,871.756,980.208,956.778,1020.56,598.38,0.005,0.005,0.005,0.005,0.005,0.005,0.005,0.005,0.005,0.005
10.1002/anie.202401168 | 30 bar | H2/CO2 3 | 9 NL/g/h,10.1002/anie.202401168,"Ir1-In2O3(PD) [SI Figure S21, t=10 h, Ir1-In2O3(PD)]",0.158962,0.066,0.78,0.21,0.01,250,30,3,944.686,933.379,931.27,963.793,587.439,868.443,975.601,952.485,1014.19,595.238,0.005,0.005,0.005,0.005,0.005,0.005,0.005,0.005,0.005,0.005
10.1002/anie.202401168 | 30 bar | H2/CO2 3 | 9 NL/g/h,10.1002/anie.202401168,"Pd1-In2O3(CP) [SI Figure S21, t=10 h, Pd1-In2O3(CP)]",0.152539,0.065,0.76,0.23,0.01,250,30,3,946.908,935.823,933.625,966.351,589.097,870.503,978.296,955.265,1017.99,597.454,0.005,0.005,0.005,0.005,0.005,0.005,0.005,0.005,0.005,0.005
10.1002/anie.202401168 | 30 bar | H2/CO2 3 | 9 NL/g/h,10.1002/anie.202401168,"Pd1Ir1-In2O3(CP-PD) [SI Figure S25, t=10 h, Pd1Ir1-In2O3(CP-PD)]",0.151736,0.063,0.78,0.21,0.01,250,30,3,950.814,939.758,937.549,970.967,591.807,874.063,983.199,959.911,1024.79,600.903,0.005,0.005,0.005,0.005,0.005,0.005,0.005,0.005,0.005,0.005
10.1002/anie.202401168 | 30 bar | H2/CO2 3 | 9 NL/g/h,10.1002/anie.202401168,"Pd1Ir1-In2O3(CP-PD) [SI Figure S25, t=0 h, Pd1Ir1-In2O3(CP-PD)]",0.149328,0.062,0.78,0.21,0.01,250,30,3,953.015,942.047,939.803,973.544,593.373,876.078,985.925,962.576,1028.6,602.935,0.005,0.005,0.005,0.005,0.005,0.005,0.005,0.005,0.005,0.005
10.1002/anie.202401168 | 30 bar | H2/CO2 3 | 9 NL/g/h,10.1002/anie.202401168,"Ir1Pd1-In2O3(CP-CP) [Figure 4a, Ir1Pd1-In2O3(CP-CP), 250 °C]",0.146518,0.065,0.73,0.27,0,250,30,3,935.736,924.876,922.589,954.472,582.703,860.085,966.13,943.612,1004.19,590.579,0.005,0.005,0.005,0.005,0.005,0.005,0.005,0.005,0.005,0.005
10.1002/anie.202401168 | 30 bar | H2/CO2 3 | 9 NL/g/h,10.1002/anie.202401168,"Ir1Pd1-In2O3(PM) [SI Figure S23, t=0 h, Ir1Pd1-In2O3(PM)]",0.14201,0.063,0.73,0.26,0.01,250,30,3,951.482,940.803,938.443,971.634,592.474,874.73,983.866,960.956,1025.84,601.949,0.005,0.005,0.005,0.005,0.005,0.005,0.005,0.005,0.005,0.005
10.1002/anie.202401168 | 30 bar | H2/CO2 3 | 9 NL/g/h,10.1002/anie.202401168,"Ir1-In2O3(CP) [SI Figure S21, t=10 h, Ir1-In2O3(CP)]",0.141485,0.058,0.79,0.2,0.01,250,30,3,962.61,951.954,949.585,984.803,600.152,884.844,997.838,974.147,1045.21,611.689,0.005,0.005,0.005,0.005,0.005,0.005,0.005,0.005,0.005,0.005
10.1002/anie.202401168 | 30 bar | H2/CO2 3 | 9 NL/g/h,10.1002/anie.202401168,"Ir1Pd1-In2O3(CP-CP) [SI Figure S22, t=0 h, Ir1Pd1-In2O3(CP-CP)]",0.135618,0.061,0.72,0.27,0.01,250,30,3,956.128,945.728,943.256,977.048,595.825,878.998,989.584,966.648,1033.86,606.345,0.005,0.005,0.005,0.005,0.005,0.005,0.005,0.005,0.005,0.005
10.1002/anie.202401168 | 30 bar | H2/CO2 3 | 9 NL/g/h,10.1002/anie.202401168,"0.5Ir1Pd1-In2O3(CP-PD) [Figure 4b, 0.5Ir1Pd1-In2O3(CP-PD), 250 °C]",0.133858,0.051,0.85,0.145,0.005,250,30,3,977.423,967.104,964.6,1002.95,611.123,898.138,1017.24,992.629,1073.73,626.329,0.005,0.005,0.005,0.005,0.005,0.005,0.005,0.005,0.005,0.005
10.1002/anie.202401168 | 30 bar | H2/CO2 3 | 9 NL/g/h,10.1002/anie.202401168,"Ir1-In2O3(PD) [SI Figure S21, t=0 h, Ir1-In2O3(PD)]",0.132993,0.059,0.73,0.26,0.01,250,30,3,960.854,950.576,948.055,982.605,599.145,883.31,995.468,972.327,1042.05,610.618,0.005,0.005,0.005,0.005,0.005,0.005,0.005,0.005,0.005,0.005
10.1002/anie.202401168 | 30 bar | H2/CO2 3 | 9 NL/g/h,10.1002/anie.202401168,"Pd1-In2O3(PD) [SI Figure S21, t=0 h, Pd1-In2O3(PD)]",0.131542,0.071,0.6,0.39,0.01,250,30,3,938.424,928.215,925.667,956.018,583.709,862.902,967.2,945.81,1002.91,591.095,0.005,0.005,0.005,0.005,0.005,0.005,0.005,0.005,0.005,0.005
10.1002/anie.202401168 | 30 bar | H2/CO2 3 | 9 NL/g/h,10.1002/anie.202401168,"0.5Ir1Pd1-In2O3(CP-PD) [SI Figure S26, t=0 h, 0.5Ir1Pd1-In2O3(CP-PD)]",0.131233,0.05,0.85,0.145,0.005,250,30,3,981.117,970.924,968.37,1007.28,613.728,901.496,1021.81,997.086,1080.11,629.697,0.005,0.005,0.005,0.005,0.005,0.005,0.005,0.005,0.005,0.005
10.1002/anie.202401168 | 30 bar | H2/CO2 3 | 9 NL/g/h,10.1002/anie.202401168,"Pd1-In2O3(CP) [SI Figure S21, t=0 h, Pd1-In2O3(CP)]",0.127157,0.058,0.71,0.28,0.01,250,30,3,963.745,953.756,951.12,985.938,601.287,885.979,998.973,975.95,1047.01,613.491,0.005,0.005,0.005,0.005,0.005,0.005,0.005,0.005,0.005,0.005
10.1002/anie.202401168 | 30 bar | H2/CO2 3 | 9 NL/g/h,10.1002/anie.202401168,"Ir1Pd1-In2O3(PM) [Figure 4a, Ir1Pd1-In2O3(PM), 250 °C]",0.125706,0.059,0.69,0.31,0,250,30,3,949.734,939.821,937.154,970.756,592.872,872.956,983.335,960.843,1028.36,603.982,0.005,0.005,0.005,0.005,0.005,0.005,0.005,0.005,0.005,0.005
10.1002/anie.202401168 | 30 bar | H2/CO2 3 | 9 NL/g/h,10.1002/anie.202401168,"Ir1Pd1-In2O3(GM) [SI Figure S23, t=0 h, Ir1Pd1-In2O3(GM)]",0.115485,0.055,0.68,0.31,0.01,250,30,3,972.719,963.396,960.494,996.359,607.799,894.217,1009.95,987.036,1062.47,622.117,0.005,0.005,0.005,0.005,0.005,0.005,0.005,0.005,0.005,0.005
10.1002/anie.202401168 | 30 bar | H2/CO2 3 | 9 NL/g/h,10.1002/anie.202401168,"Ir1-In2O3(CP) [SI Figure S21, t=0 h, Ir1-In2O3(CP)]",0.111162,0.05,0.72,0.27,0.01,250,30,3,989.071,980.03,977.015,1015.62,619.17,909.051,1030.29,1006.58,1090.77,636.681,0.005,0.005,0.005,0.005,0.005,0.005,0.005,0.005,0.005,0.005
10.1002/anie.202401168 | 30 bar | H2/CO2 3 | 9 NL/g/h,10.1002/anie.202401168,"In2O3 [SI Figure S21, t=10 h, In2O3]",0.0612626,0.032,0.62,0.37,0.01,250,30,3,1121.65,1118.75,1113.27,1170.65,712.373,1028.72,1192.62,1167.75,1318.55,758.478,0.005,0.005,0.005,0.005,0.005,0.005,0.005,0.005,0.005,0.005
10.1002/anie.202401168 | 30 bar | H2/CO2 3 | 9 NL/g/h,10.1002/anie.202401168,"In2O3 [SI Figure S21, t=0 h, In2O3]",0.0518756,0.03,0.56,0.43,0.01,250,30,3,1154.18,1153.75,1147.29,1208.49,735.429,1057.99,1232,1208.06,1374.45,789.316,0.005,0.005,0.005,0.005,0.005,0.005,0.005,0.005,0.005,0.005
10.1002/cctc.202000974 | 20 bar | H2/CO2 3 | 3.6 NL/g/h,10.1002/cctc.202000974,"physical mixture of Pd/ZnO and TiO2 [Text, physical mixture Pd/ZnO and TiO2, 250°C]",0.0302299,0.11,0.267,0.7324,0.0006,250,20,3,918.247,929.388,918.3,934.412,578.673,846.424,941.968,945.553,995.259,605.98,0.005,0.005,0.005,0.005,0.005,0.005,0.005,0.005,0.005,0.005
10.1002/cctc.202000974 | 20 bar | H2/CO2 3 | 3.6 NL/g/h,10.1002/cctc.202000974,"PdZn/ZnTiO3 [Table 1 row 5, 225°C]",0.0298748,0.075,0.387,0.613,0,225,20,3,944.448,955.919,944.699,968.116,597.479,871.046,977.788,979.587,1051.16,632.617,0.005,0.005,0.005,0.005,0.005,0.005,0.005,0.005,0.005,0.005
10.1002/cctc.202000974 | 20 bar | H2/CO2 3 | 3.6 NL/g/h,10.1002/cctc.202000974,"PdZn/ZnTiO3 [SI Table S2, PdZn/ZnTiO3, 250 °C]",0.028758,0.127,0.22,0.77998,2e-05,250,20,3,910.475,923.034,911.379,924.264,573.542,839.262,931.073,936.823,979.536,599.89,0.005,0.005,0.005,0.005,0.005,0.005,0.005,0.005,0.005,0.005
10.1002/cctc.202000974 | 20 bar | H2/CO2 3 | 3.6 NL/g/h,10.1002/cctc.202000974,"Pd/ZnTiO3 [SI Table S2, Pd/ZnTiO3, 250 °C]",0.0275589,0.105,0.255,0.7432,0.0018,250,20,3,925.117,938.944,926.782,942.24,584.134,852.997,950.084,956.067,1008.58,615.084,0.005,0.005,0.005,0.005,0.005,0.005,0.005,0.005,0.005,0.005
10.1002/cctc.202000974 | 20 bar | H2/CO2 3 | 3.6 NL/g/h,10.1002/cctc.202000974,"Pd/ZnTiO3 [Table 1 row 4, 225°C]",0.02524,0.061,0.402,0.59795,5e-05,225,20,3,970.832,987.452,974.173,1000.57,617.505,895.856,1011.77,1017.2,1106.32,663.869,0.005,0.005,0.005,0.005,0.005,0.005,0.005,0.005,0.005,0.005
10.1002/cctc.202000974 | 20 bar | H2/CO2 3 | 3.6 NL/g/h,10.1002/cctc.202000974,"PdZn/TiO2 [Text/Figure 2 discussion, PdZn/TiO2, 250°C]",0.0249085,0.121,0.2,0.7998,0.0002,250,20,3,917.382,934.445,920.988,931.927,579.614,845.979,938.979,948.99,993.93,611.221,0.005,0.005,0.005,0.005,0.005,0.005,0.005,0.005,0.005,0.005
10.1002/cctc.202000974 | 20 bar | H2/CO2 3 | 3.6 NL/g/h,10.1002/cctc.202000974,"PdZn/TiO2 [Table 1 row 3, 225°C]",0.0244814,0.071,0.335,0.6649,0.0001,225,20,3,955.32,972.969,959.278,980.46,606.786,881.541,990.514,998.11,1073.95,649.576,0.005,0.005,0.005,0.005,0.005,0.005,0.005,0.005,0.005,0.005
10.1002/cctc.202000974 | 20 bar | H2/CO2 3 | 3.6 NL/g/h,10.1002/cctc.202000974,"Pd/ZnO [Figure 1, Pd/ZnO, 250°C]",0.0229148,0.123,0.181,0.819,0,250,20,3,918.731,938.72,924.093,933.001,581.312,847.403,939.966,952.991,997.125,615.573,0.005,0.005,0.005,0.005,0.005,0.005,0.005,0.005,0.005,0.005
10.1002/cctc.202000974 | 20 bar | H2/CO2 3 | 3.6 NL/g/h,10.1002/cctc.202000974,"PdZn/ZnTiO3 [SI Table S2, PdZn/ZnTiO3, 200 °C]",0.0217723,0.033,0.641,0.359,0,200,20,3,1069.45,1091.36,1075.97,1126.38,687.819,987.906,1143.3,1148.29,1314.98,766.654,0.005,0.005,0.005,0.005,0.005,0.005,0.005,0.005,0.005,0.005
10.1002/cctc.202000974 | 20 bar | H2/CO2 3 | 3.6 NL/g/h,10.1002/cctc.202000974,"Pd/ZnO [Table 1 row 2, 225°C]",0.0202047,0.065,0.302,0.698,0,225,20,3,970.397,995.292,978.702,998.1,619.226,895.962,1008.8,1022.99,1106.23,671.824,0.005,0.005,0.005,0.005,0.005,0.005,0.005,0.005,0.005,0.005
10.1002/cctc.202000974 | 20 bar | H2/CO2 3 | 3.6 NL/g/h,10.1002/cctc.202000974,"PdZn/TiO2 [SI Table S2, PdZn/TiO2, 200 °C]",0.0194287,0.033,0.572,0.42798,2e-05,200,20,3,1073.21,1099.76,1082.51,1130.14,691.565,991.66,1147.06,1156.69,1323.39,775.045,0.005,0.005,0.005,0.005,0.005,0.005,0.005,0.005,0.005,0.005
10.1002/cctc.202000974 | 20 bar | H2/CO2 3 | 3.6 NL/g/h,10.1002/cctc.202000974,"PdZn/ZnTiO3 [SI Table S2, PdZn/ZnTiO3, 175 °C]",0.0189717,0.024,0.768,0.232,0,175,20,3,1140.29,1167.88,1150.22,1217.3,738.091,1054.79,1237.78,1244.89,1468.32,842.69,0.005,0.005,0.005,0.005,0.005,0.005,0.005,0.005,0.005,0.005
10.1002/cctc.202000974 | 20 bar | H2/CO2 3 | 3.6 NL/g/h,10.1002/cctc.202000974,"Pd/ZnTiO3 [SI Table S2, Pd/ZnTiO3, 200 °C]",0.0183417,0.033,0.54,0.46,0,200,20,3,1075.17,1104.28,1086,1132.1,693.535,993.622,1149.02,1161.2,1327.89,779.569,0.005,0.005,0.005,0.005,0.005,0.005,0.005,0.005,0.005,0.005
10.1002/cctc.202000974 | 20 bar | H2/CO2 3 | 3.6 NL/g/h,10.1002/cctc.202000974,"Pd/ZnTiO3 [SI Table S2, Pd/ZnTiO3, 175 °C]",0.0183212,0.025,0.712,0.288,0,175,20,3,1129.06,1158.22,1139.92,1202.45,730.692,1044.49,1222.32,1231.61,1444.84,833.24,0.005,0.005,0.005,0.005,0.005,0.005,0.005,0.005,0.005,0.005
10.1002/cctc.202000974 | 20 bar | H2/CO2 3 | 3.6 NL/g/h,10.1002/cctc.202000974,"PdZn/TiO2 [SI Table S2, PdZn/TiO2, 175 °C]",0.0152601,0.021,0.706,0.294,0,175,20,3,1194.84,1233.18,1211.21,1285.38,778.245,1105.75,1308.06,1323.71,1585.2,907.114,0.005,0.005,0.005,0.005,0.005,0.005,0.005,0.005,0.005,0.005
10.1002/cctc.202000974 | 20 bar | H2/CO2 3 | 3.6 NL/g/h,10.1002/cctc.202000974,"Pd/ZnO [Figure 1, Pd/ZnO, 200°C]",0.0149235,0.027,0.537,0.463,0,200,20,3,1139.11,1178.68,1156.22,1212.01,740.344,1052.99,1231.79,1251.58,1463.44,852.819,0.005,0.005,0.005,0.005,0.005,0.005,0.005,0.005,0.005,0.005
10.1002/cctc.202000974 | 20 bar | H2/CO2 3 | 3.6 NL/g/h,10.1002/cctc.202000974,"Pd/TiO2 [SI Table S2, Pd/TiO2, 250 °C]",0.00889811,0.133,0.065,0.918,0.017,250,20,3,972.74,1050.33,1012.66,987.497,628.776,900.494,994.613,1065.09,1110.66,721.128,0.005,0.005,0.005,0.005,0.005,0.005,0.005,0.005,0.005,0.005
10.1002/cctc.202000974 | 20 bar | H2/CO2 3 | 3.6 NL/g/h,10.1002/cctc.202000974,"Pd/TiO2 [Table 1 row 1, 225°C]",0.00761151,0.087,0.085,0.906,0.009,225,20,3,997.596,1091.11,1047.07,1018.67,650.118,924.415,1027.64,1112.18,1176.23,764.706,0.005,0.005,0.005,0.005,0.005,0.005,0.005,0.005,0.005,0.005
10.1002/cctc.202000974 | 20 bar | H2/CO2 3 | 3.6 NL/g/h,10.1002/cctc.202000974,"Pd/ZnO [Figure 1, Pd/ZnO, 175°C]",0.00710202,0.01,0.69,0.31,0,175,20,3,1834.92,1936.33,1889.13,2100.97,1228.01,1695.22,2145.77,2202.38,2952.21,1595.48,0.005,0.005,0.005,0.005,0.005,0.005,0.005,0.005,0.005,0.005
10.1002/cctc.202000974 | 20 bar | H2/CO2 3 | 3.6 NL/g/h,10.1002/cctc.202000974,"Pd/TiO2 [SI Table S2, Pd/TiO2, 200 °C]",0.0054665,0.047,0.113,0.883,0.004,200,20,3,1075.84,1212.55,1151.23,1114.28,712.303,999.019,1127.47,1250.99,1365.08,887.459,0.005,0.005,0.005,0.005,0.005,0.005,0.005,0.005,0.005,0.005
10.1002/cctc.202000974 | 20 bar | H2/CO2 3 | 3.6 NL/g/h,10.1002/cctc.202000974,"Pd/TiO2 [SI Table S2, Pd/TiO2, 175 °C]",0.00508463,0.026,0.19,0.808,0.002,175,20,3,1188.12,1336.34,1270.42,1258.52,792.175,1104.23,1277.87,1406.74,1611.55,1010.8,0.005,0.005,0.005,0.005,0.005,0.005,0.005,0.005,0.005,0.005
10.1002/cctc.202000974 | 20 bar | H2/CO2 3 | 3.6 NL/g/h,10.1002/cctc.202000974,"ZnO [SI Table S3, ZnO, 225 °C]",0.00166743,0.002,0.81,0.19,0,225,20,3,4193.12,4679.09,4478.07,5180.66,2842.28,3929.68,5284.02,5666.63,8397.15,4315.79,0.005,0.005,0.005,0.005,0.005,0.005,0.005,0.005,0.005,0.005
10.1002/cctc.202000974 | 20 bar | H2/CO2 3 | 3.6 NL/g/h,10.1002/cctc.202000974,"TiO2 [SI Table S3, TiO2, 225 °C]",0.00164685,0.002,0.8,0.2,0,225,20,3,4237.48,4729.73,4526.2,5238.22,2872.44,3970.79,5342.46,5730.47,8497.09,4365.43,0.005,0.005,0.005,0.005,0.005,0.005,0.005,0.005,0.005,0.005
10.1002/cctc.202000974 | 20 bar | H2/CO2 3 | 3.6 NL/g/h,10.1002/cctc.202000974,"ZnO [SI Table S3, ZnO, 250 °C]",0.00119396,0.002,0.58,0.42,0,250,20,3,5591.8,6277.05,5996.32,6997.84,3790.71,5225.32,7127.67,7683.09,11556.4,5882,0.005,0.005,0.005,0.005,0.005,0.005,0.005,0.005,0.005,0.005
10.1002/cctc.202000974 | 20 bar | H2/CO2 3 | 3.6 NL/g/h,10.1002/cctc.202000974,"ZnTiO3 [SI Table S3, ZnTiO3, 225 °C]",0.00104986,0.002,0.51,0.49,0,225,20,3,6262.87,7044.46,6725.19,7870.94,4244.14,5846.59,8012.59,8652.53,13076.8,6633.81,0.005,0.005,0.005,0.005,0.005,0.005,0.005,0.005,0.005,0.005
10.1002/cctc.202000974 | 20 bar | H2/CO2 3 | 3.6 NL/g/h,10.1002/cctc.202000974,"TiO2 [SI Table S3, TiO2, 200 °C]",0.00102928,0.001,1,0,0,200,20,3,6020.75,6818.3,6492.65,7585.32,4073.68,5660.97,7724.47,8382.87,12688.6,6435.8,0.005,0.005,0.005,0.005,0.005,0.005,0.005,0.005,0.005,0.005
10.1002/cctc.202000974 | 20 bar | H2/CO2 3 | 3.6 NL/g/h,10.1002/cctc.202000974,"ZnO [SI Table S3, ZnO, 175 °C]",0.00102928,0.001,1,0,0,175,20,3,6020.75,6818.3,6492.65,7585.32,4073.68,5660.97,7724.47,8382.87,12688.6,6435.8,0.005,0.005,0.005,0.005,0.005,0.005,0.005,0.005,0.005,0.005
10.1002/cctc.202000974 | 20 bar | H2/CO2 3 | 3.6 NL/g/h,10.1002/cctc.202000974,"ZnO [SI Table S3, ZnO, 200 °C]",0.00102928,0.001,1,0,0,200,20,3,6020.75,6818.3,6492.65,7585.32,4073.68,5660.97,7724.47,8382.87,12688.6,6435.8,0.005,0.005,0.005,0.005,0.005,0.005,0.005,0.005,0.005,0.005
10.1002/cctc.202000974 | 20 bar | H2/CO2 3 | 3.6 NL/g/h,10.1002/cctc.202000974,"ZnTiO3 [SI Table S3, ZnTiO3, 200 °C]",0.00102928,0.001,1,0,0,200,20,3,6020.75,6818.3,6492.65,7585.32,4073.68,5660.97,7724.47,8382.87,12688.6,6435.8,0.005,0.005,0.005,0.005,0.005,0.005,0.005,0.005,0.005,0.005
10.1002/cctc.202000974 | 20 bar | H2/CO2 3 | 3.6 NL/g/h,10.1002/cctc.202000974,"ZnTiO3 [SI Table S3, ZnTiO3, 250 °C]",0.00092635,0.003,0.3,0.7,0,250,20,3,7392.29,8280.3,7918.47,9308.88,5013.44,6849.05,9467.66,10196.9,15461.7,7818.04,0.005,0.005,0.005,0.005,0.005,0.005,0.005,0.005,0.005,0.005
10.1002/cctc.202000974 | 20 bar | H2/CO2 3 | 3.6 NL/g/h,10.1002/cctc.202000974,"TiO2 [SI Table S3, TiO2, 250 °C]",0.000823423,0.002,0.4,0.6,0,250,20,3,7783.18,8784.25,8377.19,9851.16,5268.54,7253.42,10018,10852.2,16529.3,8337.6,0.005,0.005,0.005,0.005,0.005,0.005,0.005,0.005,0.005,0.005
10.1002/ente.201800747 | 40 bar | H2/CO2 3 | 21.6 NL/g/h,10.1002/ente.201800747,"Cat-4.5 [Figure 5a left; Cat-4.5 at 325 °C, last point]",0.204205,0.045,0.668,0.315,0.017,325,40,3,1131.46,1118.98,1117.34,1167.1,715.928,1031.44,1188.91,1154.62,1269.95,739.094,0.005,0.005,0.005,0.005,0.005,0.005,0.005,0.005,0.005,0.005
10.1002/ente.201800747 | 40 bar | H2/CO2 3 | 21.6 NL/g/h,10.1002/ente.201800747,"Cat-4.5 [Figure 4c/text, Cat-4.5 at 325 °C]",0.202058,0.044,0.676,0.31,0.014,325,40,3,1140.04,1127.61,1125.95,1177.09,722.227,1038.59,1199.47,1164.66,1284.27,746.846,0.005,0.005,0.005,0.005,0.005,0.005,0.005,0.005,0.005,0.005
10.1002/ente.201800747 | 40 bar | H2/CO2 3 | 21.6 NL/g/h,10.1002/ente.201800747,"Cat-4.5 [SI Table S1, Cat-4.5, 350 °C]",0.19606,0.049,0.589,0.389,0.022,350,40,3,1157.92,1145.62,1143.91,1195.45,733.688,1053.53,1218.02,1183.15,1304.23,758.917,0.005,0.005,0.005,0.005,0.005,0.005,0.005,0.005,0.005,0.005
10.1002/ente.201800747 | 40 bar | H2/CO2 3 | 21.6 NL/g/h,10.1002/ente.201800747,"Cat-4.5 [Figure 5a left; Cat-4.5 at 325 °C, first point]",0.194253,0.043,0.665,0.319,0.016,325,40,3,1157.91,1145.64,1143.92,1196.91,734.151,1054.33,1220.06,1184.64,1310.18,760.884,0.005,0.005,0.005,0.005,0.005,0.005,0.005,0.005,0.005,0.005
10.1002/ente.201800747 | 40 bar | H2/CO2 3 | 21.6 NL/g/h,10.1002/ente.201800747,"Cat-3.0 [SI Table S1, Cat-3.0, 350 °C]",0.185618,0.044,0.621,0.365,0.014,350,40,3,1231.64,1219.58,1217.77,1279.08,785.132,1116.12,1305.44,1267.02,1418.07,820.507,0.005,0.005,0.005,0.005,0.005,0.005,0.005,0.005,0.005,0.005
10.1002/ente.201800747 | 40 bar | H2/CO2 3 | 21.6 NL/g/h,10.1002/ente.201800747,"Cat-3.0 [Figure 4c, Cat-3.0 at 325 °C]",0.161217,0.034,0.698,0.29,0.012,325,40,3,1220.95,1209.57,1207.49,1269.25,777.205,1110.93,1295.92,1257.87,1411.51,814.119,0.005,0.005,0.005,0.005,0.005,0.005,0.005,0.005,0.005,0.005
10.1002/ente.201800747 | 40 bar | H2/CO2 3 | 21.6 NL/g/h,10.1002/ente.201800747,"Cat-4.5 [SI Table S1, Cat-4.5, 300 °C]",0.152787,0.027,0.833,0.163,0.004,300,40,3,1141.6,1130.5,1128.31,1183.04,723.088,1046.16,1207.15,1171.95,1304.9,753.437,0.005,0.005,0.005,0.005,0.005,0.005,0.005,0.005,0.005,0.005
10.1002/ente.201800747 | 40 bar | H2/CO2 3 | 21.6 NL/g/h,10.1002/ente.201800747,"H-In2O3/Al2O3 [SI Table S1, H-In2O3/Al2O3, 350 °C]",0.148684,0.043,0.509,0.346,0.145,350,40,3,1541.24,1530.29,1528.04,1605.99,968.464,1402.5,1638.39,1595.05,1797.97,1022.28,0.005,0.005,0.005,0.005,0.005,0.005,0.005,0.005,0.005,0.005
10.1002/ente.201800747 | 40 bar | H2/CO2 3 | 21.6 NL/g/h,10.1002/ente.201800747,"Cat-1.5 [Figure 4c, Cat-1.5 at 325 °C]",0.13899,0.03,0.682,0.303,0.015,325,40,3,1268.85,1258.3,1255.88,1323.4,808.982,1154.47,1352.32,1312.85,1485.29,852.986,0.005,0.005,0.005,0.005,0.005,0.005,0.005,0.005,0.005,0.005
10.1002/ente.201800747 | 40 bar | H2/CO2 3 | 21.6 NL/g/h,10.1002/ente.201800747,"Cat-1.5 [SI Table S1, Cat-1.5, 350 °C]",0.137196,0.033,0.612,0.367,0.021,350,40,3,1339.17,1328.7,1326.25,1400.37,856.219,1213.51,1431.59,1389.9,1582.25,906.953,0.005,0.005,0.005,0.005,0.005,0.005,0.005,0.005,0.005,0.005
10.1002/ente.201800747 | 40 bar | H2/CO2 3 | 21.6 NL/g/h,10.1002/ente.201800747,"Cat-6.0 [SI Table S1, Cat-6.0, 350 °C]",0.120159,0.033,0.536,0.421,0.043,350,40,3,1484.18,1474.57,1471.78,1559.1,950.034,1340.96,1594.83,1549.5,1782.69,1015.35,0.005,0.005,0.005,0.005,0.005,0.005,0.005,0.005,0.005,0.005
10.1002/ente.201800747 | 40 bar | H2/CO2 3 | 21.6 NL/g/h,10.1002/ente.201800747,"H-In2O3/Al2O3 [SI Table S1, H-In2O3/Al2O3, 325 °C]",0.109684,0.027,0.598,0.284,0.118,325,40,3,1518.63,1509.69,1506.64,1590.46,958.715,1386.29,1625.18,1581.52,1805.49,1021.6,0.005,0.005,0.005,0.005,0.005,0.005,0.005,0.005,0.005,0.005
10.1002/ente.201800747 | 40 bar | H2/CO2 3 | 21.6 NL/g/h,10.1002/ente.201800747,"In2O3-IWI/Al2O3/Al-fiber [SI Table S1, In2O3-IWI/Al2O3/Al-fiber, 300 °C]",0.108909,0.024,0.668,0.293,0.039,300,40,3,1368.6,1359.71,1356.63,1434.31,871.742,1247.86,1467.05,1425.42,1631.22,928.569,0.005,0.005,0.005,0.005,0.005,0.005,0.005,0.005,0.005,0.005
10.1002/ente.201800747 | 40 bar | H2/CO2 3 | 21.6 NL/g/h,10.1002/ente.201800747,"In2O3-IWI/Al2O3/Al-fiber [Text, In2O3-IWI/Al2O3/Al-fiber at 325 °C]",0.107496,0.043,0.368,0.577,0.055,325,40,3,1228.71,1219.92,1216.81,1270.91,777.911,1120.74,1295.3,1262.13,1397.36,811.33,0.005,0.005,0.005,0.005,0.005,0.005,0.005,0.005,0.005,0.005
10.1002/ente.201800747 | 40 bar | H2/CO2 3 | 21.6 NL/g/h,10.1002/ente.201800747,"Cat-6.0 [Figure 4c, Cat-6.0 at 325 °C]",0.106151,0.026,0.601,0.363,0.036,325,40,3,1435.94,1427.26,1424.1,1508.99,917.987,1303.69,1544.12,1500.3,1727.91,982.347,0.005,0.005,0.005,0.005,0.005,0.005,0.005,0.005,0.005,0.005
10.1002/ente.201800747 | 40 bar | H2/CO2 3 | 21.6 NL/g/h,10.1002/ente.201800747,"Cat-3.0 [SI Table S1, Cat-3.0, 300 °C]",0.100818,0.017,0.873,0.119,0.008,300,40,3,1236.55,1228.28,1224.96,1293.04,785.336,1137.47,1322.65,1284.77,1463.03,833.559,0.005,0.005,0.005,0.005,0.005,0.005,0.005,0.005,0.005,0.005
10.1002/ente.201800747 | 40 bar | H2/CO2 3 | 21.6 NL/g/h,10.1002/ente.201800747,"Cat-4.5 [SI Table S1, Cat-4.5, 275 °C]",0.0933391,0.015,0.916,0.084,0,275,40,3,1237.57,1229.97,1226.38,1296.1,786.347,1140.34,1326.41,1288.49,1472.84,837.268,0.005,0.005,0.005,0.005,0.005,0.005,0.005,0.005,0.005,0.005
10.1002/ente.201800747 | 40 bar | H2/CO2 3 | 21.6 NL/g/h,10.1002/ente.201800747,"In2O3-IWI/Al2O3/Al-fiber [SI Table S1, In2O3-IWI/Al2O3/Al-fiber, 350 °C]",0.0862741,0.05,0.254,0.592,0.154,350,40,3,1400.89,1394.03,1390.14,1448.87,877.653,1281.26,1475.41,1442,1594.66,918.762,0.005,0.005,0.005,0.005,0.005,0.005,0.005,0.005,0.005,0.005
10.1002/ente.201800747 | 40 bar | H2/CO2 3 | 21.6 NL/g/h,10.1002/ente.201800747,"H-In2O3/Al2O3 [SI Table S1, H-In2O3/Al2O3, 300 °C]",0.0782581,0.015,0.768,0.213,0.019,300,40,3,1394.88,1389.01,1384.73,1471.54,890.222,1279.31,1507.83,1465.67,1704,961.007,0.005,0.005,0.005,0.005,0.005,0.005,0.005,0.005,0.005,0.005
10.1002/ente.201800747 | 40 bar | H2/CO2 3 | 21.6 NL/g/h,10.1002/ente.201800747,"Cat-1.5 [SI Table S1, Cat-1.5, 300 °C]",0.0736523,0.013,0.834,0.152,0.014,300,40,3,1379.34,1374.14,1369.59,1456.24,879.538,1268.85,1492.6,1451.03,1690.08,951.229,0.005,0.005,0.005,0.005,0.005,0.005,0.005,0.005,0.005,0.005
10.1002/ente.201800747 | 40 bar | H2/CO2 3 | 21.6 NL/g/h,10.1002/ente.201800747,"Cat-4.5 [SI Table S1, Cat-4.5, 250 °C]",0.0708399,0.011,0.948,0.052,0,250,40,3,1335.16,1330.41,1325.67,1409.47,850.361,1233.03,1445.02,1404.72,1636.11,919.925,0.005,0.005,0.005,0.005,0.005,0.005,0.005,0.005,0.005,0.005
10.1002/ente.201800747 | 40 bar | H2/CO2 3 | 21.6 NL/g/h,10.1002/ente.201800747,"In2O3-IWI/Al2O3/Al-fiber [SI Table S1, In2O3-IWI/Al2O3/Al-fiber, 275 °C]",0.0694133,0.013,0.786,0.19,0.024,275,40,3,1440.66,1436.16,1431.33,1524.41,919.381,1323.54,1562.91,1519.9,1779.24,998.619,0.005,0.005,0.005,0.005,0.005,0.005,0.005,0.005,0.005,0.005
10.1002/ente.201800747 | 40 bar | H2/CO2 3 | 21.6 NL/g/h,10.1002/ente.201800747,"Cat-3.0 [SI Table S1, Cat-3.0, 275 °C]",0.0624978,0.01,0.92,0.08,0,275,40,3,1407.07,1403.9,1398.54,1492.03,898.034,1298.78,1530.91,1488.86,1751.8,979.823,0.005,0.005,0.005,0.005,0.005,0.005,0.005,0.005,0.005,0.005
10.1002/ente.201800747 | 40 bar | H2/CO2 3 | 21.6 NL/g/h,10.1002/ente.201800747,"H-In2O3/Al2O3 [SI Table S1, H-In2O3/Al2O3, 275 °C]",0.0603919,0.01,0.889,0.106,0.005,275,40,3,1441.89,1439.18,1433.63,1531.04,920.792,1329.88,1571.19,1528.33,1803.65,1007.24,0.005,0.005,0.005,0.005,0.005,0.005,0.005,0.005,0.005,0.005
10.1002/ente.201800747 | 40 bar | H2/CO2 3 | 21.6 NL/g/h,10.1002/ente.201800747,"H-In2O3/Al2O3 [SI Table S1, H-In2O3/Al2O3, 250 °C]",0.0506504,0.008,0.932,0.068,0,250,40,3,1521.7,1521.66,1515.05,1624.92,972.881,1406.27,1669.22,1624.88,1941.66,1076.06,0.005,0.005,0.005,0.005,0.005,0.005,0.005,0.005,0.005,0.005
10.1002/ente.201800747 | 40 bar | H2/CO2 3 | 21.6 NL/g/h,10.1002/ente.201800747,"Cat-1.5 [SI Table S1, Cat-1.5, 275 °C]",0.0503012,0.0082,0.903,0.097,0,275,40,3,1538.06,1538.14,1531.47,1643.22,984.014,1420.06,1688.08,1643.3,1965.8,1089.26,0.005,0.005,0.005,0.005,0.005,0.005,0.005,0.005,0.005,0.005
10.1002/ente.201800747 | 40 bar | H2/CO2 3 | 21.6 NL/g/h,10.1002/ente.201800747,"In2O3-IWI/Al2O3/Al-fiber [SI Table S1, In2O3-IWI/Al2O3/Al-fiber, 250 °C]",0.0399442,0.007,0.84,0.16,0,250,40,3,1729.72,1734.12,1725.73,1863.69,1109.87,1595.16,1916.52,1868.09,2275,1248.24,0.005,0.005,0.005,0.005,0.005,0.005,0.005,0.005,0.005,0.005
10.1002/ente.201800747 | 40 bar | H2/CO2 3 | 21.6 NL/g/h,10.1002/ente.201800747,"Cat-3.0 [SI Table S1, Cat-3.0, 250 °C]",0.0388437,0.006,0.953,0.047,0,250,40,3,1703.17,1708.17,1699.54,1835.54,1090.7,1576.39,1887.94,1840.53,2242.76,1228.06,0.005,0.005,0.005,0.005,0.005,0.005,0.005,0.005,0.005,0.005
10.1002/ente.201800747 | 40 bar | H2/CO2 3 | 21.6 NL/g/h,10.1002/ente.201800747,"Cat-6.0 [SI Table S1, Cat-6.0, 300 °C]",0.0353248,0.008,0.65,0.323,0.027,300,40,3,1979.3,1986.44,1976.95,2142.26,1272.42,1814.7,2202.59,2149.4,2640.8,1442.53,0.005,0.005,0.005,0.005,0.005,0.005,0.005,0.005,0.005,0.005
10.1002/ente.201800747 | 40 bar | H2/CO2 3 | 21.6 NL/g/h,10.1002/ente.201800747,"Cat-1.5 [SI Table S1, Cat-1.5, 250 °C]",0.0307903,0.0049,0.925,0.075,0,250,40,3,1924.83,1935.46,1924.58,2091.93,1234.65,1781.46,2153.31,2102.57,2606.03,1412.4,0.005,0.005,0.005,0.005,0.005,0.005,0.005,0.005,0.005,0.005
10.1002/ente.201800747 | 40 bar | H2/CO2 3 | 21.6 NL/g/h,10.1002/ente.201800747,"Cat-6.0 [SI Table S1, Cat-6.0, 275 °C]",0.0275805,0.005,0.812,0.165,0.023,275,40,3,2112.41,2126.21,2114.06,2303.8,1355.18,1950.95,2371.12,2317.6,2891.52,1560.37,0.005,0.005,0.005,0.005,0.005,0.005,0.005,0.005,0.005,0.005
10.1002/ente.201800747 | 40 bar | H2/CO2 3 | 21.6 NL/g/h,10.1002/ente.201800747,"Cat-6.0 [SI Table S1, Cat-6.0, 250 °C]",0.0176488,0.003,0.866,0.124,0.01,250,40,3,2702.53,2733.43,2714.44,2992.42,1733.91,2502.25,3081.99,3023.32,3881.41,2054.7,0.005,0.005,0.005,0.005,0.005,0.005,0.005,0.005,0.005,0.005
10.1016/j.apcata.2018.04.036 | 20 bar | H2/CO2 3 | 2.4 NL/g/h,10.1016/j.apcata.2018.04.036,"0.5Ca5P5ZC [Fig 10c/text, 0.5Ca5P5ZC, 20 bar]",0.07072,0.085,0.97,0.03,0,230,20,3,916.716,911.986,907.246,937.512,572.684,843.965,946.41,932.782,996.018,588.751,0.005,0.005,0.005,0.005,0.005,0.005,0.005,0.005,0.005,0.005
10.1016/j.apcata.2018.04.036 | 30 bar | H2/CO2 3 | 2.4 NL/g/h,10.1016/j.apcata.2018.04.036,"0.5Ca5P5ZC [Fig 10a,b, 0.5Ca5P5ZC, 250 °C]",0.0842979,0.108,0.91,0.09,0,250,30,3,898.458,891.82,887.844,909.043,558.805,826.479,917.02,902.404,937.878,562.751,0.005,0.005,0.005,0.005,0.005,0.005,0.005,0.005,0.005,0.005
10.1016/j.apcata.2018.04.036 | 30 bar | H2/CO2 3 | 2.4 NL/g/h,10.1016/j.apcata.2018.04.036,"0.5Ca5P5ZC [Fig 10a,b/text, 0.5Ca5P5ZC, 230 °C, 30 bar]",0.0809424,0.096,0.983,0.017,0,230,30,3,904.764,898.538,894.397,916.506,563.348,832.499,925.057,910.28,949.366,568.864,0.005,0.005,0.005,0.005,0.005,0.005,0.005,0.005,0.005,0.005
10.1016/j.apcata.2018.04.036 | 30 bar | H2/CO2 3 | 2.4 NL/g/h,10.1016/j.apcata.2018.04.036,"5P5ZC [Fig 10a,b, 5P5ZC, 250 °C]",0.0781908,0.106,0.86,0.14,0,250,30,3,900.706,894.844,890.557,911.508,560.702,828.637,919.594,905.646,941.799,565.642,0.005,0.005,0.005,0.005,0.005,0.005,0.005,0.005,0.005,0.005
10.1016/j.apcata.2018.04.036 | 30 bar | H2/CO2 3 | 2.4 NL/g/h,10.1016/j.apcata.2018.04.036,"5P5ZC [Fig 10a,b, 5P5ZC, 230 °C]",0.0765954,0.095,0.94,0.06,0,230,30,3,906.271,900.632,896.256,918.145,564.643,833.954,926.76,912.506,952.003,570.879,0.005,0.005,0.005,0.005,0.005,0.005,0.005,0.005,0.005,0.005
10.1016/j.apcata.2018.04.036 | 30 bar | H2/CO2 3 | 2.4 NL/g/h,10.1016/j.apcata.2018.04.036,"0.5Ca5P5ZC [Fig 10d, 0.5Ca5P5ZC stability, 15 h]",0.0756519,0.09,0.98,0.02,0,230,30,3,910.201,904.699,900.268,922.784,567.436,837.605,931.737,917.281,958.977,574.517,0.005,0.005,0.005,0.005,0.005,0.005,0.005,0.005,0.005,0.005
10.1016/j.apcata.2018.04.036 | 30 bar | H2/CO2 3 | 2.4 NL/g/h,10.1016/j.apcata.2018.04.036,"0.5Ca5P5ZC [Fig 10d, 0.5Ca5P5ZC stability, 30 h]",0.0756519,0.09,0.98,0.02,0,230,30,3,910.201,904.699,900.268,922.784,567.436,837.605,931.737,917.281,958.977,574.517,0.005,0.005,0.005,0.005,0.005,0.005,0.005,0.005,0.005,0.005
10.1016/j.apcata.2018.04.036 | 30 bar | H2/CO2 3 | 2.4 NL/g/h,10.1016/j.apcata.2018.04.036,"0.5Ca5P5ZC [Fig 10d, 0.5Ca5P5ZC stability, 45 h]",0.0756519,0.09,0.98,0.02,0,230,30,3,910.201,904.699,900.268,922.784,567.436,837.605,931.737,917.281,958.977,574.517,0.005,0.005,0.005,0.005,0.005,0.005,0.005,0.005,0.005,0.005
10.1016/j.apcata.2018.04.036 | 30 bar | H2/CO2 3 | 2.4 NL/g/h,10.1016/j.apcata.2018.04.036,"0.5Ca5P5ZC [Fig 10d/text, 0.5Ca5P5ZC stability, 62 h]",0.0756519,0.09,0.98,0.02,0,230,30,3,910.201,904.699,900.268,922.784,567.436,837.605,931.737,917.281,958.977,574.517,0.005,0.005,0.005,0.005,0.005,0.005,0.005,0.005,0.005,0.005
10.1016/j.apcata.2018.04.036 | 30 bar | H2/CO2 3 | 2.4 NL/g/h,10.1016/j.apcata.2018.04.036,"0.5Ca5P5ZC [Fig 10a,b/text, 0.5Ca5P5ZC, 270 °C]",0.075266,0.1125,0.78,0.22,0,270,30,3,899.531,894.085,889.632,909.922,560.086,827.443,917.801,904.476,939.347,565.032,0.005,0.005,0.005,0.005,0.005,0.005,0.005,0.005,0.005,0.005
10.1016/j.apcata.2018.04.036 | 30 bar | H2/CO2 3 | 2.4 NL/g/h,10.1016/j.apcata.2018.04.036,"0.5Ca5P5ZC [Table 6, 0.5Ca5P5ZC, 220 °C]",0.0660453,0.077,1,0,0,220,30,3,916.676,912.785,907.71,930.431,572.428,844.358,939.932,926.54,971.861,582.291,0.005,0.005,0.005,0.005,0.005,0.005,0.005,0.005,0.005,0.005
10.1016/j.apcata.2018.04.036 | 30 bar | H2/CO2 3 | 2.4 NL/g/h,10.1016/j.apcata.2018.04.036,"5P5ZC [Fig 10a,b, 5P5ZC, 270 °C]",0.0654449,0.109,0.7,0.3,0,270,30,3,903.764,899.989,894.868,914.53,563.71,831.51,922.598,910.755,946.795,570.701,0.005,0.005,0.005,0.005,0.005,0.005,0.005,0.005,0.005,0.005
10.1016/j.apcata.2018.04.036 | 30 bar | H2/CO2 3 | 2.4 NL/g/h,10.1016/j.apcata.2018.04.036,"5P5ZC [Table 6, 5P5ZC, 220 °C]",0.0540371,0.063,1,0,0,220,30,3,935.147,934.075,927.872,951.906,586.211,861.937,962.737,950.835,1005.38,601.899,0.005,0.005,0.005,0.005,0.005,0.005,0.005,0.005,0.005,0.005
10.1016/j.apcata.2018.04.036 | 30 bar | H2/CO2 3 | 2.4 NL/g/h,10.1016/j.apcata.2018.04.036,"5PC [Fig 10a,b, 5PC, 270 °C]",0.0245912,0.061,0.47,0.53,0,270,30,3,984.032,1001.53,987.898,1005.44,626.17,906.412,1018.17,1022.94,1091.63,665.075,0.005,0.005,0.005,0.005,0.005,0.005,0.005,0.005,0.005,0.005
10.1016/j.apcata.2018.04.036 | 30 bar | H2/CO2 3 | 2.4 NL/g/h,10.1016/j.apcata.2018.04.036,"5PC [Fig 10a,b, 5PC, 250 °C]",0.0235447,0.045,0.61,0.39,0,250,30,3,1027.92,1046.93,1032.7,1057.44,656.617,946.676,1073.18,1076.45,1169.54,705.151,0.005,0.005,0.005,0.005,0.005,0.005,0.005,0.005,0.005,0.005
10.1016/j.apcata.2018.04.036 | 30 bar | H2/CO2 3 | 2.4 NL/g/h,10.1016/j.apcata.2018.04.036,"5PC [Fig 10a,b, 5PC, 230 °C]",0.0151647,0.026,0.68,0.32,0,230,30,3,1194.88,1233.56,1211.46,1252.99,774.843,1099.03,1277.58,1291.67,1469.18,871.631,0.005,0.005,0.005,0.005,0.005,0.005,0.005,0.005,0.005,0.005
10.1016/j.apcata.2018.04.036 | 30 bar | H2/CO2 3 | 2.4 NL/g/h,10.1016/j.apcata.2018.04.036,"5PC [Table 6, 5PC, 220 °C]",0.0102216,0.017,0.701,0.276,0.023,220,30,3,1493.14,1558.54,1525.75,1600.54,977.165,1370.89,1637.49,1665.94,1986.43,1149.96,0.005,0.005,0.005,0.005,0.005,0.005,0.005,0.005,0.005,0.005
10.1016/j.apcata.2018.04.036 | 40 bar | H2/CO2 3 | 2.4 NL/g/h,10.1016/j.apcata.2018.04.036,"0.5Ca5P5ZC [Fig 10c, 0.5Ca5P5ZC, 40 bar]",0.0459573,0.057,0.94,0.06,0,230,40,3,969.095,970.75,963.456,984.523,612.778,892.958,997.066,986.178,1038.94,629.86,0.005,0.005,0.005,0.005,0.005,0.005,0.005,0.005,0.005,0.005
10.1016/j.apcata.2018.04.036 | 50 bar | H2/CO2 3 | 2.4 NL/g/h,10.1016/j.apcata.2018.04.036,"0.5Ca5P5ZC [Fig 10c/text, 0.5Ca5P5ZC, 50 bar]",0.0443447,0.055,0.94,0.06,0,230,50,3,978.41,980.727,973.169,991.203,620.583,901.879,1004.02,993.52,1039.64,635.694,0.005,0.005,0.005,0.005,0.005,0.005,0.005,0.005,0.005,0.005
10.1016/j.apcata.2019.117144 | 40 bar | H2/CO2 4 | 52 NL/g/h,10.1016/j.apcata.2019.117144,"In2O3/ZrO2 [Fig. 5/Table 1, 573 K, In2O3/ZrO2]",0.465,0.105,0.53,0.47,0,299.85,40,4,918.216,903.439,902.718,929.411,569.423,844.416,939.548,914.634,953.874,565.841,0.005,0.005,0.005,0.005,0.005,0.005,0.005,0.005,0.005,0.005
10.1016/j.apcata.2019.117144 | 40 bar | H2/CO2 4 | 52 NL/g/h,10.1016/j.apcata.2019.117144,"1.5Y9In/ZrO2 [Fig. 5/Table 1, 573 K, 1.5Y9In/ZrO2]",0.42,0.076,0.69,0.31,0,299.85,40,4,962.538,947.954,947.156,979.506,599.713,884.547,992.863,964.922,1022.55,602.098,0.005,0.005,0.005,0.005,0.005,0.005,0.005,0.005,0.005,0.005
10.1016/j.apcata.2019.117144 | 40 bar | H2/CO2 4 | 52 NL/g/h,10.1016/j.apcata.2019.117144,"3La10In/ZrO2 [Fig. 5/Table 1, 573 K, 3La10In/ZrO2]",0.42,0.077,0.66,0.34,0,299.85,40,4,960.262,945.678,944.88,976.932,598.17,882.5,990.133,962.348,1019.04,600.257,0.005,0.005,0.005,0.005,0.005,0.005,0.005,0.005,0.005,0.005
10.1016/j.apcata.2019.117144 | 40 bar | H2/CO2 4 | 52 NL/g/h,10.1016/j.apcata.2019.117144,"2Y8In/ZrO2 [Fig. 5, 573 K, 2Y8In/ZrO2]",0.37,0.059,0.72,0.28,0,299.85,40,4,1020.71,1006.39,1005.49,1045.16,639.274,936.636,1062.17,1030.85,1111.86,649.418,0.005,0.005,0.005,0.005,0.005,0.005,0.005,0.005,0.005,0.005
10.1016/j.apcata.2019.117144 | 40 bar | H2/CO2 4 | 52 NL/g/h,10.1016/j.apcata.2019.117144,"In2O3/ZrO2 [Fig. 5, 558 K, In2O3/ZrO2]",0.36,0.058,0.65,0.35,0,284.85,40,4,1009.67,995.415,994.484,1032.93,631.595,927.501,1049.38,1018.68,1095.98,640.606,0.005,0.005,0.005,0.005,0.005,0.005,0.005,0.005,0.005,0.005
10.1016/j.apcata.2019.117144 | 40 bar | H2/CO2 4 | 52 NL/g/h,10.1016/j.apcata.2019.117144,"3La10In/ZrO2 [Fig. 5, 558 K, 3La10In/ZrO2]",0.34,0.054,0.8,0.2,0,284.85,40,4,1029.66,1015.54,1014.56,1055.5,645.156,945.428,1073.15,1041.39,1126.7,656.89,0.005,0.005,0.005,0.005,0.005,0.005,0.005,0.005,0.005,0.005
10.1016/j.apcata.2019.117144 | 40 bar | H2/CO2 4 | 52 NL/g/h,10.1016/j.apcata.2019.117144,"3Y8In/ZrO2 [Fig. 5, 573 K, 3Y8In/ZrO2]",0.33,0.045,0.73,0.27,0,299.85,40,4,1132.27,1118.23,1117.21,1171.05,714.55,1035.47,1194.11,1157.01,1281.88,739.29,0.005,0.005,0.005,0.005,0.005,0.005,0.005,0.005,0.005,0.005
10.1016/j.apcata.2019.117144 | 40 bar | H2/CO2 4 | 52 NL/g/h,10.1016/j.apcata.2019.117144,"1.5Y9In/ZrO2 [Fig. 5, 558 K, 1.5Y9In/ZrO2]",0.3,0.05,0.77,0.23,0,284.85,40,4,1055.24,1041.45,1040.34,1084.34,662.605,968.348,1103.42,1070.56,1165.89,677.922,0.005,0.005,0.005,0.005,0.005,0.005,0.005,0.005,0.005,0.005
10.1016/j.apcata.2019.117144 | 40 bar | H2/CO2 4 | 52 NL/g/h,10.1016/j.apcata.2019.117144,"In2O3/ZrO2 [Fig. 5, 543 K, In2O3/ZrO2]",0.26,0.03,0.76,0.24,0,269.85,40,4,1230.42,1217.07,1215.78,1283.86,778.281,1127.76,1312.4,1270.51,1439.61,818.365,0.005,0.005,0.005,0.005,0.005,0.005,0.005,0.005,0.005,0.005
10.1016/j.apcata.2019.117144 | 40 bar | H2/CO2 4 | 52 NL/g/h,10.1016/j.apcata.2019.117144,"3La10In/ZrO2 [Fig. 5/Table 1, 543 K, 3La10In/ZrO2]",0.241,0.029,0.91,0.09,0,269.85,40,4,1117.88,1104.78,1103.39,1157.74,702.022,1031.38,1181.24,1144.64,1272.8,728.781,0.005,0.005,0.005,0.005,0.005,0.005,0.005,0.005,0.005,0.005
10.1016/j.apcata.2019.117144 | 40 bar | H2/CO2 4 | 52 NL/g/h,10.1016/j.apcata.2019.117144,"2Y8In/ZrO2 [Fig. 5, 558 K, 2Y8In/ZrO2]",0.24,0.034,0.79,0.21,0,284.85,40,4,1173.53,1160.45,1159.05,1218.95,741.129,1076.24,1244.57,1205.87,1350.84,773.462,0.005,0.005,0.005,0.005,0.005,0.005,0.005,0.005,0.005,0.005
10.1016/j.apcata.2019.117144 | 40 bar | H2/CO2 4 | 52 NL/g/h,10.1016/j.apcata.2019.117144,"3Y8In/ZrO2 [Fig. 5, 558 K, 3Y8In/ZrO2]",0.21,0.028,0.8,0.2,0,284.85,40,4,1213.4,1200.81,1199.22,1265.14,766.65,1114.83,1293.07,1252.55,1416.56,805.803,0.005,0.005,0.005,0.005,0.005,0.005,0.005,0.005,0.005,0.005
10.1016/j.apcata.2019.117144 | 40 bar | H2/CO2 4 | 52 NL/g/h,10.1016/j.apcata.2019.117144,"1.5Y9In/ZrO2 [Fig. 5, 543 K, 1.5Y9In/ZrO2]",0.16,0.027,0.84,0.16,0,269.85,40,4,1191.35,1180.01,1177.92,1240.39,752.209,1096.88,1267.34,1229.04,1384.9,789.899,0.005,0.005,0.005,0.005,0.005,0.005,0.005,0.005,0.005,0.005
10.1016/j.apcata.2019.117144 | 40 bar | H2/CO2 4 | 52 NL/g/h,10.1016/j.apcata.2019.117144,"In2O3/ZrO2 [Fig. 5, 528 K, In2O3/ZrO2]",0.14,0.013,0.81,0.19,0,254.85,40,4,1508.68,1498.09,1495.7,1606.46,954.634,1395.39,1649.19,1595.87,1896.64,1041.82,0.005,0.005,0.005,0.005,0.005,0.005,0.005,0.005,0.005,0.005
10.1016/j.apcata.2019.117144 | 40 bar | H2/CO2 4 | 52 NL/g/h,10.1016/j.apcata.2019.117144,"3La10In/ZrO2 [Fig. 5, 528 K, 3La10In/ZrO2]",0.14,0.01,1,0,0,254.85,40,4,1456.18,1445.59,1443.19,1550.03,916.5,1356.78,1591.59,1539.43,1828.61,999.751,0.005,0.005,0.005,0.005,0.005,0.005,0.005,0.005,0.005,0.005
10.1016/j.apcata.2019.117144 | 40 bar | H2/CO2 4 | 52 NL/g/h,10.1016/j.apcata.2019.117144,"2Y8In/ZrO2 [Fig. 5, 543 K, 2Y8In/ZrO2]",0.13,0.018,0.97,0.03,0,269.85,40,4,1215.63,1205.5,1202.92,1271.05,765.133,1127.55,1300.28,1260.91,1435.95,810.413,0.005,0.005,0.005,0.005,0.005,0.005,0.005,0.005,0.005,0.005
10.1016/j.apcata.2019.117144 | 40 bar | H2/CO2 4 | 52 NL/g/h,10.1016/j.apcata.2019.117144,"3Y8In/ZrO2 [Fig. 5, 543 K, 3Y8In/ZrO2]",0.12,0.017,0.96,0.04,0,269.85,40,4,1244.17,1234.57,1231.78,1303.69,783.846,1154.13,1334.36,1294.1,1481.44,833.778,0.005,0.005,0.005,0.005,0.005,0.005,0.005,0.005,0.005,0.005
10.1016/j.apcata.2019.117144 | 40 bar | H2/CO2 4 | 52 NL/g/h,10.1016/j.apcata.2019.117144,"1.5Y9In/ZrO2 [Fig. 5, 528 K, 1.5Y9In/ZrO2]",0.08,0.012,1,0,0,254.85,40,4,1365.23,1359.13,1354.94,1443.67,861.637,1271.04,1480.53,1437.57,1681.22,933.976,0.005,0.005,0.005,0.005,0.005,0.005,0.005,0.005,0.005,0.005
10.1016/j.apcata.2019.117144 | 40 bar | H2/CO2 4 | 52 NL/g/h,10.1016/j.apcata.2019.117144,"2Y8In/ZrO2 [Fig. 5, 528 K, 2Y8In/ZrO2]",0.07,0.012,1,0,0,254.85,40,4,1367.25,1362.64,1357.85,1445.69,863.652,1273.05,1482.55,1441.08,1684.73,937.488,0.005,0.005,0.005,0.005,0.005,0.005,0.005,0.005,0.005,0.005
10.1016/j.apcata.2019.117144 | 40 bar | H2/CO2 4 | 52 NL/g/h,10.1016/j.apcata.2019.117144,"3Y8In/ZrO2 [Fig. 5, 528 K, 3Y8In/ZrO2]",0.06,0.011,1,0,0,254.85,40,4,1414.33,1411.72,1406.13,1499.78,894.335,1317.77,1538.81,1497.17,1761.55,977.17,0.005,0.005,0.005,0.005,0.005,0.005,0.005,0.005,0.005,0.005
10.1016/j.apcatb.2017.06.069 | 50 bar | H2/CO2 4 | 21 NL/g/h,10.1016/j.apcatb.2017.06.069,"Pd-P/In2O3 [Text/Fig. 1, Pd-P/In2O3, 300 °C, 5 MPa]",0.840577,0.2,0.7,0.3,0,300,50,4,876.787,861.205,860.806,881.037,541.766,806.61,887.165,865.455,882.515,530.434,0.005,0.005,0.005,0.005,0.005,0.005,0.005,0.005,0.005,0.005
10.1016/j.apcatb.2017.06.069 | 50 bar | H2/CO2 4 | 21 NL/g/h,10.1016/j.apcatb.2017.06.069,"Pd-I/In2O3 [SI Table S2, Pd-I/In2O3 This work]",0.803159,0.184,0.727,0.273,0,300,50,4,880.729,865.193,864.776,885.388,544.526,810.28,891.914,869.853,888.378,533.65,0.005,0.005,0.005,0.005,0.005,0.005,0.005,0.005,0.005,0.005
10.1016/j.apcatb.2017.06.069 | 50 bar | H2/CO2 4 | 21 NL/g/h,10.1016/j.apcatb.2017.06.069,"Pd-P/In2O3 [Figure 1a,b, 275 °C, Pd-P/In2O3]",0.758681,0.156,0.81,0.19,0,275,50,4,887.581,872.107,871.665,893.011,549.223,816.808,900.249,877.537,898.784,539.178,0.005,0.005,0.005,0.005,0.005,0.005,0.005,0.005,0.005,0.005
10.1016/j.apcatb.2017.06.069 | 50 bar | H2/CO2 4 | 21 NL/g/h,10.1016/j.apcatb.2017.06.069,"Pd-I/In2O3 [Figure 1a,b, 275 °C, Pd-I/In2O3]",0.519837,0.111,0.78,0.22,0,275,50,4,911.936,896.969,896.324,919.863,566.258,839.441,929.194,904.897,934.766,559.219,0.005,0.005,0.005,0.005,0.005,0.005,0.005,0.005,0.005,0.005
10.1016/j.apcatb.2017.06.069 | 50 bar | H2/CO2 4 | 21 NL/g/h,10.1016/j.apcatb.2017.06.069,"Pd-P/In2O3 [Figure 1a,b, 250 °C, Pd-P/In2O3]",0.433558,0.083,0.87,0.13,0,250,50,4,935.442,920.796,920.023,945.979,582.208,861.528,957.253,931.333,969.984,578.098,0.005,0.005,0.005,0.005,0.005,0.005,0.005,0.005,0.005,0.005
10.1016/j.apcatb.2017.06.069 | 50 bar | H2/CO2 4 | 21 NL/g/h,10.1016/j.apcatb.2017.06.069,"In2O3 [SI Table S1, In2O3 This work]",0.350545,0.082,0.712,0.288,0,300,50,4,955.28,941.092,940.136,967.487,596.4,878.543,979.915,953.299,997.487,594.419,0.005,0.005,0.005,0.005,0.005,0.005,0.005,0.005,0.005,0.005
10.1016/j.apcatb.2017.06.069 | 50 bar | H2/CO2 4 | 21 NL/g/h,10.1016/j.apcatb.2017.06.069,"Pd-I/In2O3 [Figure 1a,b, 250 °C, Pd-I/In2O3]",0.237043,0.047,0.84,0.16,0,250,50,4,1036.13,1023.09,1021.68,1057.33,650.49,953.586,1075.22,1044.29,1117.59,658.644,0.005,0.005,0.005,0.005,0.005,0.005,0.005,0.005,0.005,0.005
10.1016/j.apcatb.2017.06.069 | 50 bar | H2/CO2 4 | 21 NL/g/h,10.1016/j.apcatb.2017.06.069,"Pd-P/In2O3 [Table 2, Pd-P/In2O3, 225 °C]",0.165414,0.029,0.95,0.05,0,225,50,4,1096.54,1085.03,1083,1125.62,689.118,1013.51,1147.67,1114.11,1212.36,706.689,0.005,0.005,0.005,0.005,0.005,0.005,0.005,0.005,0.005,0.005
10.1016/j.apcatb.2017.06.069 | 50 bar | H2/CO2 4 | 21 NL/g/h,10.1016/j.apcatb.2017.06.069,"In2O3 [Figure 1a,b, 275 °C, In2O3]",0.161271,0.034,0.79,0.21,0,275,50,4,1178.02,1166.64,1164.56,1214.05,745.615,1080.6,1239.43,1202.66,1322.59,770.259,0.005,0.005,0.005,0.005,0.005,0.005,0.005,0.005,0.005,0.005
10.1016/j.apcatb.2017.06.069 | 50 bar | H2/CO2 4 | 21 NL/g/h,10.1016/j.apcatb.2017.06.069,"Pd-I/In2O3 [Table 2, Pd-I/In2O3, 225 °C]",0.0883807,0.016,0.92,0.08,0,225,50,4,1302.19,1295.1,1291.3,1355.6,822.574,1206.82,1388.56,1348.5,1521.95,868.883,0.005,0.005,0.005,0.005,0.005,0.005,0.005,0.005,0.005,0.005
10.1016/j.apcatb.2017.06.069 | 50 bar | H2/CO2 4 | 21 NL/g/h,10.1016/j.apcatb.2017.06.069,"In2O3 [Figure 1a,b, 250 °C, In2O3]",0.0619625,0.012,0.86,0.14,0,250,50,4,1501.57,1498.51,1493.11,1578.37,951.067,1391.96,1620.35,1575.32,1819.74,1024.81,0.005,0.005,0.005,0.005,0.005,0.005,0.005,0.005,0.005,0.005
10.1016/j.apcatb.2017.06.069 | 50 bar | H2/CO2 4 | 21 NL/g/h,10.1016/j.apcatb.2017.06.069,"Pd-P/In2O3 [Table 2, Pd-P/In2O3, 200 °C]",0.0475526,0.008,0.99,0.01,0,200,50,4,1621.93,1622.97,1615.92,1715.72,1024.3,1513.07,1763.72,1716.77,2012.25,1119.13,0.005,0.005,0.005,0.005,0.005,0.005,0.005,0.005,0.005,0.005
10.1016/j.apcatb.2017.06.069 | 50 bar | H2/CO2 4 | 21 NL/g/h,10.1016/j.apcatb.2017.06.069,"Pd-I/In2O3 [Table 2, Pd-I/In2O3, 200 °C]",0.0178322,0.003,0.99,0.01,0,200,50,4,2831.79,2862.2,2843.41,3077.82,1778.51,2655.92,3170.25,3108.23,3852.55,2054.96,0.005,0.005,0.005,0.005,0.005,0.005,0.005,0.005,0.005,0.005
10.1016/j.apcatb.2017.06.069 | 50 bar | H2/CO2 4 | 21 NL/g/h,10.1016/j.apcatb.2017.06.069,"In2O3 [Figure 1a,b, 225 °C, In2O3]",0.0169316,0.003,0.94,0.06,0,225,50,4,2951.37,2984.28,2964.48,3211.83,1853.53,2766.25,3307.97,3244.75,4031.15,2146.9,0.005,0.005,0.005,0.005,0.005,0.005,0.005,0.005,0.005,0.005
10.1016/j.apcatb.2017.06.069 | 50 bar | H2/CO2 4 | 21 NL/g/h,10.1016/j.apcatb.2017.06.069,"In2O3 [Figure 1a,b, 200 °C, In2O3]",0.00594408,0.001,0.99,0.01,0,200,50,4,6584.39,6708.79,6652.4,7313.03,4073.06,6194.12,7511.26,7437.43,9572.79,4926.09,0.005,0.005,0.005,0.005,0.005,0.005,0.005,0.005,0.005,0.005
10.1016/j.apcatb.2019.118367 | 30 bar | H2/CO2 3 | 6 NL/g/h,10.1016/j.apcatb.2019.118367,"Pd/ZnO-3.93Al [Fig. 4, Pd/ZnO-3.93Al]",0.137266,0.142,0.49,0.48,0.03,250,30,3,911.598,901.123,898.682,921.347,562.478,838.528,928.892,910.873,943.725,561.753,0.005,0.005,0.005,0.005,0.005,0.005,0.005,0.005,0.005,0.005
10.1016/j.apcatb.2019.118367 | 30 bar | H2/CO2 3 | 6 NL/g/h,10.1016/j.apcatb.2019.118367,"Pd/ZnO-0.35Al [Fig. 4, Pd/ZnO-0.35Al]",0.132571,0.105,0.64,0.29,0.07,250,30,3,977.142,966.884,964.355,992.769,602.915,899.676,1003.1,982.511,1033.58,608.285,0.005,0.005,0.005,0.005,0.005,0.005,0.005,0.005,0.005,0.005
10.1016/j.apcatb.2019.118367 | 30 bar | H2/CO2 3 | 6 NL/g/h,10.1016/j.apcatb.2019.118367,"Pd/ZnO-1.85Al [Fig. 4, Pd/ZnO-1.85Al]",0.129316,0.115,0.57,0.35,0.08,250,30,3,984.208,974.109,971.517,999.458,606.558,906.37,1009.62,989.359,1039.27,611.709,0.005,0.005,0.005,0.005,0.005,0.005,0.005,0.005,0.005,0.005
10.1016/j.apcatb.2019.118367 | 30 bar | H2/CO2 3 | 6 NL/g/h,10.1016/j.apcatb.2019.118367,"Pd/ZnO-7.49Al [Fig. 4, Pd/ZnO-7.49Al]",0.0700733,0.111,0.32,0.58,0.1,250,30,3,1020.75,1016.13,1011.35,1037.91,631.51,941.031,1048.89,1033.29,1089.04,644.046,0.005,0.005,0.005,0.005,0.005,0.005,0.005,0.005,0.005,0.005
10.1016/j.apcatb.2019.118367 | 30 bar | H2/CO2 3 | 6 NL/g/h,10.1016/j.apcatb.2019.118367,"Pd/ZnO-12.14Al [Fig. 4, Pd/ZnO-12.14Al]",0.0669168,0.106,0.32,0.66,0.02,250,30,3,925.519,921.462,916.453,937.6,576.292,852,946.311,933.544,973.68,584.317,0.005,0.005,0.005,0.005,0.005,0.005,0.005,0.005,0.005,0.005
10.1016/j.apcatb.2019.118367 | 30 bar | H2/CO2 3 | 6 NL/g/h,10.1016/j.apcatb.2019.118367,"Pd/ZnO [Fig. 4, Pd/ZnO]",0.0590415,0.058,0.516,0.474,0.01,250,30,3,974.441,972.055,966.378,996.634,611.983,896.675,1009.67,994.248,1065.31,631.79,0.005,0.005,0.005,0.005,0.005,0.005,0.005,0.005,0.005,0.005
10.1016/j.apcatb.2019.118367 | 30 bar | H2/CO2 3 | 6 NL/g/h,10.1016/j.apcatb.2019.118367,"Pd/ZnAl2O4 [Fig. 5d, Pd/ZnAl2O4]",0.0562638,0.046,0.62,0.37,0.01,250,30,3,1015.18,1013.49,1007.53,1044.66,640.214,933.579,1060.39,1042.98,1135.96,668.018,0.005,0.005,0.005,0.005,0.005,0.005,0.005,0.005,0.005,0.005
10.1016/j.apcatb.2019.118367 | 30 bar | H2/CO2 3 | 6 NL/g/h,10.1016/j.apcatb.2019.118367,"Pd/ZnO/Al2O3 [Fig. 5d, Pd/ZnO/Al2O3]",0.0299863,0.04,0.38,0.62,0,250,30,3,1048.9,1060.27,1049.09,1083.5,668.86,964.826,1100.96,1094.87,1203.07,714.82,0.005,0.005,0.005,0.005,0.005,0.005,0.005,0.005,0.005,0.005
10.1016/j.apcatb.2019.118367 | 30 bar | H2/CO2 3 | 6 NL/g/h,10.1016/j.apcatb.2019.118367,"Pd/Al2O3 [Fig. 4 / Fig. 5d, Pd/Al2O3]",0.0033853,0.012,0.143,0.77,0.087,250,30,3,6108.05,6339.01,6239.99,6985,3996.39,5465.83,7141.14,7215.95,9704.49,5104.28,0.005,0.005,0.005,0.005,0.005,0.005,0.005,0.005,0.005,0.005
10.1016/j.cattod.2019.05.040 | 10 bar | H2/CO2 3 | 2.4 NL/g/h,10.1016/j.cattod.2019.05.040,"0.5Ca5P5ZZr-IMP [Figure 7d-e, 0.5Ca5P5ZZr-IMP at 250 °C and 10 bar]",0.055,0.074,0.96,0.04,3.46945e-17,250,10,3,947.839,946.496,940.402,1006.04,599.222,874.399,1009.35,1004.7,1161.08,656.08,0.005,0.005,0.005,0.005,0.005,0.005,0.005,0.005,0.005,0.005
10.1016/j.cattod.2019.05.040 | 10 bar | H2/CO2 3 | 2.4 NL/g/h,10.1016/j.cattod.2019.05.040,"5P5ZZr-IMP [Figure 7d-e, 5P5ZZr-IMP at 250 °C and 10 bar]",0.04,0.055,0.94,0.06,5.55112e-17,250,10,3,999.387,1003.76,995.378,1082.25,639.518,923.143,1085.23,1086.62,1307.97,726.747,0.005,0.005,0.005,0.005,0.005,0.005,0.005,0.005,0.005,0.005
10.1016/j.cattod.2019.05.040 | 20 bar | H2/CO2 3 | 2.4 NL/g/h,10.1016/j.cattod.2019.05.040,"0.5Ca5P5ZZr-IMP [Figure 7d-e, 0.5Ca5P5ZZr-IMP at 250 °C and 20 bar]",0.08,0.104,0.99,0.01,8.67362e-18,250,20,3,900.883,894.779,890.589,917.746,560.864,829.027,925.513,911.642,963.392,571.622,0.005,0.005,0.005,0.005,0.005,0.005,0.005,0.005,0.005,0.005
10.1016/j.cattod.2019.05.040 | 20 bar | H2/CO2 3 | 2.4 NL/g/h,10.1016/j.cattod.2019.05.040,"5P5ZZr-IMP [Figure 7d-e, 5P5ZZr-IMP at 250 °C and 20 bar]",0.062,0.082,0.98,0.02,1.73472e-17,250,20,3,924.291,921.227,915.821,946.45,578.725,850.971,955.719,943.386,1010.58,597.821,0.005,0.005,0.005,0.005,0.005,0.005,0.005,0.005,0.005,0.005
10.1016/j.cattod.2019.05.040 | 30 bar | H2/CO2 3 | 2.4 NL/g/h,10.1016/j.cattod.2019.05.040,"0.5Ca5P5ZZr-IMP [Figure 7a-c, 0.5Ca5P5ZZr-IMP at 270 °C]",0.0850784,0.109,0.91,0.09,0,270,30,3,899.794,893.065,889.125,910.56,559.74,827.54,918.628,903.83,939.871,563.776,0.005,0.005,0.005,0.005,0.005,0.005,0.005,0.005,0.005,0.005
10.1016/j.cattod.2019.05.040 | 30 bar | H2/CO2 3 | 2.4 NL/g/h,10.1016/j.cattod.2019.05.040,"0.5Ca5P5ZZr-IMP [Figure 7f, 0.5Ca5P5ZZr-IMP stability at 0 h]",0.0808326,0.095,0.992,0.008,6.93889e-18,250,30,3,904.178,897.966,893.819,915.867,562.919,832.065,924.391,909.655,948.574,568.395,0.005,0.005,0.005,0.005,0.005,0.005,0.005,0.005,0.005,0.005
10.1016/j.cattod.2019.05.040 | 30 bar | H2/CO2 3 | 2.4 NL/g/h,10.1016/j.cattod.2019.05.040,"0.5Ca5P5ZZr-IMP [Figure 7f, 0.5Ca5P5ZZr-IMP, first stability point]",0.0808326,0.095,0.992,0.008,6.93889e-18,250,30,3,904.178,897.966,893.819,915.867,562.919,832.065,924.391,909.655,948.574,568.395,0.005,0.005,0.005,0.005,0.005,0.005,0.005,0.005,0.005,0.005
10.1016/j.cattod.2019.05.040 | 30 bar | H2/CO2 3 | 2.4 NL/g/h,10.1016/j.cattod.2019.05.040,"0.5Ca5P5ZZr-IMP [Figure 7a-c, 0.5Ca5P5ZZr-IMP at 250 °C and 30 bar]",0.0799818,0.094,0.992,0.008,0,250,30,3,904.928,898.827,894.636,916.736,563.486,832.781,925.317,910.634,949.921,569.191,0.005,0.005,0.005,0.005,0.005,0.005,0.005,0.005,0.005,0.005
10.1016/j.cattod.2019.05.040 | 30 bar | H2/CO2 3 | 2.4 NL/g/h,10.1016/j.cattod.2019.05.040,"5P5ZZr-IMP [Figure 7a-c, 5P5ZZr-IMP at 270 °C]",0.0732846,0.096,0.89,0.11,0,270,30,3,911.062,905.917,901.343,923.492,568.281,838.044,932.372,918.347,959.569,575.567,0.005,0.005,0.005,0.005,0.005,0.005,0.005,0.005,0.005,0.005
10.1016/j.cattod.2019.05.040 | 30 bar | H2/CO2 3 | 2.4 NL/g/h,10.1016/j.cattod.2019.05.040,"0.5Ca5P5ZZr-IMP [Figure 7f, 0.5Ca5P5ZZr-IMP stability at 20 h]",0.0699103,0.083,0.982,0.018,1.38778e-17,250,30,3,919.031,914.438,909.644,932.985,573.974,845.733,942.575,928.392,974.326,583.335,0.005,0.005,0.005,0.005,0.005,0.005,0.005,0.005,0.005,0.005
10.1016/j.cattod.2019.05.040 | 30 bar | H2/CO2 3 | 2.4 NL/g/h,10.1016/j.cattod.2019.05.040,"0.5Ca5P5ZZr-IMP [Figure 7f, 0.5Ca5P5ZZr-IMP stability at 50 h]",0.0675893,0.08,0.985,0.015,1.38778e-17,250,30,3,920.582,916.401,911.442,934.815,575.174,847.357,944.532,930.634,977.428,585.226,0.005,0.005,0.005,0.005,0.005,0.005,0.005,0.005,0.005,0.005
10.1016/j.cattod.2019.05.040 | 30 bar | H2/CO2 3 | 2.4 NL/g/h,10.1016/j.cattod.2019.05.040,"0.5Ca5P5ZZr-IMP [Figure 7f, 0.5Ca5P5ZZr-IMP stability at 75 h]",0.0657657,0.078,0.983,0.017,1.38778e-17,250,30,3,923.649,919.812,914.715,938.355,577.448,850.18,948.286,934.518,982.77,588.317,0.005,0.005,0.005,0.005,0.005,0.005,0.005,0.005,0.005,0.005
10.1016/j.cattod.2019.05.040 | 30 bar | H2/CO2 3 | 2.4 NL/g/h,10.1016/j.cattod.2019.05.040,"0.5Ca5P5ZZr-IMP [Figure 7f, 0.5Ca5P5ZZr-IMP stability at 100 h]",0.0643942,0.077,0.975,0.025,2.08167e-17,250,30,3,928.478,924.913,919.707,943.884,580.969,854.399,954.125,940.318,990.718,592.808,0.005,0.005,0.005,0.005,0.005,0.005,0.005,0.005,0.005,0.005
10.1016/j.cattod.2019.05.040 | 30 bar | H2/CO2 3 | 2.4 NL/g/h,10.1016/j.cattod.2019.05.040,"0.5Ca5P5ZZr-IMP [Table 3, 0.5Ca5P5ZZr-IMP at 230 °C]",0.0617567,0.072,1,0,0,230,30,3,922.501,919.49,914.063,937.196,576.787,849.904,947.123,934.186,982.405,588.473,0.005,0.005,0.005,0.005,0.005,0.005,0.005,0.005,0.005,0.005
10.1016/j.cattod.2019.05.040 | 30 bar | H2/CO2 3 | 2.4 NL/g/h,10.1016/j.cattod.2019.05.040,"5P5ZZr-IMP [Figure 7a-c, 5P5ZZr-IMP at 250 °C and 30 bar]",0.058463,0.071,0.96,0.04,3.46945e-17,250,30,3,938.208,935.962,930.229,955.113,588.219,863.431,966.004,952.867,1007.86,602.879,0.005,0.005,0.005,0.005,0.005,0.005,0.005,0.005,0.005,0.005
10.1016/j.cattod.2019.05.040 | 30 bar | H2/CO2 3 | 2.4 NL/g/h,10.1016/j.cattod.2019.05.040,"5P5ZZr-IMP [Table 3, 5P5ZZr-IMP at 230 °C]",0.0488907,0.057,1,0,0,230,30,3,945.641,946.202,939.346,964.134,593.993,871.915,975.693,964.695,1024.54,613.046,0.005,0.005,0.005,0.005,0.005,0.005,0.005,0.005,0.005,0.005
10.1016/j.cattod.2019.05.040 | 30 bar | H2/CO2 3 | 2.4 NL/g/h,10.1016/j.cattod.2019.05.040,"0.5Ca5P5ZZr-IMP [Figure 7a-c, 0.5Ca5P5ZZr-IMP at 220 °C]",0.0325938,0.038,1,0,0,220,30,3,999.027,1008.16,997.873,1026.57,633.133,922.591,1041.6,1035.7,1122.87,669.808,0.005,0.005,0.005,0.005,0.005,0.005,0.005,0.005,0.005,0.005
10.1016/j.cattod.2019.05.040 | 30 bar | H2/CO2 3 | 2.4 NL/g/h,10.1016/j.cattod.2019.05.040,"5P5ZZr-IMP [Figure 7a-c, 5P5ZZr-IMP at 220 °C]",0.0155249,0.0181,1,0,0,220,30,3,1164.21,1201.6,1180.01,1221.28,751.327,1078.83,1245.58,1258.68,1433.16,845.799,0.005,0.005,0.005,0.005,0.005,0.005,0.005,0.005,0.005,0.005
10.1016/j.cattod.2020.05.049 | 41 bar | H2/CO2 3 | 3.6 NL/g/h,10.1016/j.cattod.2020.05.049,Pd-Cu/Ti0.1Zr0.9O2 [Table 1 row 9],0.0715177,0.101,0.446,0.554,1.11022e-16,249.85,41,3,913.183,908.321,903.634,921.409,572.22,840.964,929.799,916.547,946.256,575.584,0.005,0.005,0.005,0.005,0.005,0.005,0.005,0.005,0.005,0.005
10.1016/j.cattod.2020.05.049 | 41 bar | H2/CO2 3 | 3.6 NL/g/h,10.1016/j.cattod.2020.05.049,Pd-Cu/Ti0.2Zr0.8O2 [Table 1 row 8],0.0645967,0.093,0.439,0.561,0,249.85,41,3,920.485,916.878,911.69,929.49,577.765,847.795,938.404,925.883,958.156,583.163,0.005,0.005,0.005,0.005,0.005,0.005,0.005,0.005,0.005,0.005
10.1016/j.cattod.2020.05.049 | 41 bar | H2/CO2 3 | 3.6 NL/g/h,10.1016/j.cattod.2020.05.049,Pd-Cu/Ti0.5Zr0.5O2 [Table 1 row 6],0.0611361,0.105,0.38,0.62,0,249.85,41,3,913.254,910.382,904.899,921.139,573.056,841.236,929.295,918.267,946.849,578.069,0.005,0.005,0.005,0.005,0.005,0.005,0.005,0.005,0.005,0.005
10.1016/j.cattod.2020.05.049 | 41 bar | H2/CO2 3 | 3.6 NL/g/h,10.1016/j.cattod.2020.05.049,Pd-Cu/Ti0.8Zr0.2O2 [Table 1 row 5],0.0588291,0.134,0.305,0.695,1.11022e-16,249.85,41,3,900.697,898.363,892.665,906.765,564.543,829.715,913.6,904.43,926.939,568.275,0.005,0.005,0.005,0.005,0.005,0.005,0.005,0.005,0.005,0.005
10.1016/j.cattod.2020.05.049 | 41 bar | H2/CO2 3 | 3.6 NL/g/h,10.1016/j.cattod.2020.05.049,"Pd-Cu/Ti0.1Zr0.9O2 [Figure 7, Pd-Cu/Ti0.1Zr0.9O2, 493 K]",0.0576756,0.064,0.588,0.412,0,219.85,41,3,949.774,947.724,941.912,962.733,598.335,875.153,974.093,960.683,1005.78,609.244,0.005,0.005,0.005,0.005,0.005,0.005,0.005,0.005,0.005,0.005
10.1016/j.cattod.2020.05.049 | 41 bar | H2/CO2 3 | 3.6 NL/g/h,10.1016/j.cattod.2020.05.049,Pd-Cu/Ti0.3Zr0.7O2 [Table 1 row 7],0.0565221,0.117,0.341,0.659,0,249.85,41,3,908.292,906.538,900.608,915.307,570.038,836.779,922.846,913.553,939.242,575.299,0.005,0.005,0.005,0.005,0.005,0.005,0.005,0.005,0.005,0.005
10.1016/j.cattod.2020.05.049 | 41 bar | H2/CO2 3 | 3.6 NL/g/h,10.1016/j.cattod.2020.05.049,Pd-Cu/Ti0.8Ce0.2O2 [Table 1 row 2],0.047294,0.124,0.271,0.729,0,249.85,41,3,908.569,909.708,902.621,915.16,571.257,837.296,922.389,916.299,940.569,578.987,0.005,0.005,0.005,0.005,0.005,0.005,0.005,0.005,0.005,0.005
10.1016/j.cattod.2020.05.049 | 41 bar | H2/CO2 3 | 3.6 NL/g/h,10.1016/j.cattod.2020.05.049,Pd-Cu/ZrO2-C [Table 1 row 10],0.047294,0.072,0.402,0.598,0,249.85,41,3,948.054,949.193,942.106,960.058,598.481,873.448,970.855,961.198,1003.22,611.625,0.005,0.005,0.005,0.005,0.005,0.005,0.005,0.005,0.005,0.005
10.1016/j.cattod.2020.05.049 | 41 bar | H2/CO2 3 | 3.6 NL/g/h,10.1016/j.cattod.2020.05.049,Pd-Cu/Ti0.2Ce0.8O2 [Table 1 row 3],0.0415264,0.085,0.314,0.686,0,249.85,41,3,935.713,939.313,931.241,945.662,590.849,862.436,955.19,949.262,984.625,604.399,0.005,0.005,0.005,0.005,0.005,0.005,0.005,0.005,0.005,0.005
10.1016/j.cattod.2020.05.049 | 41 bar | H2/CO2 3 | 3.6 NL/g/h,10.1016/j.cattod.2020.05.049,"Pd-Cu/SiO2 [Figure 7, Pd-Cu/SiO2 benchmark]",0.0357589,0.066,0.34,0.66,0,249.85,41,3,963.441,970.295,960.922,976.718,610.924,887.976,988.262,983.573,1029.69,631.056,0.005,0.005,0.005,0.005,0.005,0.005,0.005,0.005,0.005,0.005
10.1016/j.cattod.2020.05.049 | 41 bar | H2/CO2 3 | 3.6 NL/g/h,10.1016/j.cattod.2020.05.049,Pd-Cu/TiO2-C [Table 1 row 1],0.0322983,0.119,0.189,0.811,1.11022e-16,249.85,41,3,919.247,928.612,918.234,926.135,581.274,847.805,933.582,935.5,960.766,597.528,0.005,0.005,0.005,0.005,0.005,0.005,0.005,0.005,0.005,0.005
10.1016/j.cattod.2020.05.049 | 41 bar | H2/CO2 3 | 3.6 NL/g/h,10.1016/j.cattod.2020.05.049,Pd-Cu/CeO2-C [Table 1 row 4],0.0299913,0.067,0.294,0.706,0,249.85,41,3,966.104,977.466,966.29,979.151,614.123,890.798,990.561,990.512,1035.89,638.531,0.005,0.005,0.005,0.005,0.005,0.005,0.005,0.005,0.005,0.005
10.1016/j.cej.2022.135090 | 40 bar | H2/CO2 3 | 6 NL/g/h,10.1016/j.cej.2022.135090,"In2O3/HZSM-5 [Fig. 2/Fig. 7, In2O3/HZSM-5 = 2:1, 400 °C]",0.00482474,0.25,0.009,0.49,0.501,400,40,3,2042.75,2199.85,2130.37,2082.14,1264.01,1902.48,2103.08,2239.24,2331.92,1452.33,0.005,0.005,0.005,0.007,0.006,0.005,0.008,0.007,0.011,0.009
10.1016/j.cej.2022.135090 | 40 bar | H2/CO2 3 | 6 NL/g/h,10.1016/j.cej.2022.135090,"In2O3/HZSM-5 [Fig. 2/Fig. 7, In2O3/HZSM-5 = 2:1, 370 °C]",0.00360247,0.21,0.008,0.34,0.652,370,40,3,2995.27,3211.3,3118.26,3072.74,1820.8,2792.31,3105.59,3288.77,3464.94,2099.17,0.005,0.005,0.005,0.006,0.006,0.005,0.007,0.006,0.01,0.008
10.1016/j.cej.2022.135090 | 40 bar | H2/CO2 3 | 6 NL/g/h,10.1016/j.cej.2022.135090,"In2O3/HZSM-5 [Fig. 2/Fig. 7, In2O3/HZSM-5 = 2:1, 340 °C]",0.00210144,0.14,0.007,0.3,0.693,340,40,3,3560.75,3942.92,3783.42,3668.63,2173.2,3322.39,3714.12,4050.8,4348.14,2660.02,0.005,0.005,0.005,0.005,0.005,0.005,0.005,0.005,0.007,0.006
10.1016/j.cej.2022.135090 | 40 bar | H2/CO2 3 | 6 NL/g/h,10.1016/j.cej.2022.135090,"In2O3/HZSM-5 [Fig. 2/Fig. 7, In2O3/HZSM-5 = 2:1, 320 °C]",0.000964948,0.09,0.005,0.27,0.725,320,40,3,4390.99,5242.81,4895.45,4538.27,2708.68,4101.72,4594.43,5390.09,5835.67,3707.79,0.005,0.005,0.005,0.005,0.005,0.005,0.005,0.005,0.005,0.005
10.1016/j.cej.2022.135090 | 40 bar | H2/CO2 3 | 6 NL/g/h,10.1016/j.cej.2022.135090,"In2O3/HZSM-5 [Fig. 2/Fig. 7, In2O3/HZSM-5 = 2:1, 300 °C]",0.000514639,0.06,0.004,0.24,0.756,300,40,3,5792.58,7404.26,6752.95,6013.3,3588.45,5411.28,6087.34,7624.98,8283.6,5420.85,0.005,0.005,0.005,0.005,0.005,0.005,0.005,0.005,0.005,0.005
10.1016/j.cej.2022.135090 | 40 bar | H2/CO2 3 | 6 NL/g/h,10.1016/j.cej.2022.135090,"In2O3/HZSM-5 [Fig. 2/Fig. 7, In2O3/HZSM-5 = 2:1, 280 °C]",0.000225155,0.035,0.003,0.2,0.797,280,40,3,13281.5,16986.6,15497.9,13940.6,8059.34,12353.8,14099.8,17645.7,19556.8,12423.6,0.005,0.005,0.005,0.005,0.005,0.005,0.005,0.005,0.005,0.005
10.1016/j.cej.2022.135090 | 40 bar | H2/CO2 3 | 6 NL/g/h,10.1016/j.cej.2022.135090,"In2O3/HZSM-5 [Fig. 2/Fig. 7, In2O3/HZSM-5 = 2:1, 250 °C]",6.43299e-05,0.015,0.002,0.17,0.828,250,40,3,570727,583736,578526,612284,328733,526622,616447,625293,740592,383300,0.005,0.005,0.005,0.005,0.005,0.005,0.005,0.005,0.005,0.005
10.1016/j.cej.2024.149370 | 50 bar | H2/CO2 4 | 21 NL/g/h,10.1016/j.cej.2024.149370,"Pd-Pt/In2O3 [Fig. 1a,b/text, Pd-Pt/In2O3, 300 °C]",0.73,0.177,0.69,0.31,0,300,50,4,882.98,867.549,867.09,887.845,546.182,812.392,894.564,872.414,891.668,535.616,0.005,0.005,0.005,0.005,0.005,0.005,0.005,0.005,0.005,0.005
10.1016/j.cej.2024.149370 | 50 bar | H2/CO2 4 | 21 NL/g/h,10.1016/j.cej.2024.149370,"Pd-Pt/In2O3-n(3:1) [Fig. 1a,b, Pd-Pt/In2O3-n(3:1), 300 °C]",0.725,0.177,0.683,0.317,0,300,50,4,883.007,867.584,867.122,887.872,546.209,812.419,894.591,872.449,891.703,535.65,0.005,0.005,0.005,0.005,0.005,0.005,0.005,0.005,0.005,0.005
10.1016/j.cej.2024.149370 | 50 bar | H2/CO2 4 | 21 NL/g/h,10.1016/j.cej.2024.149370,"Pd-Pt/In2O3-n(1:3) [Fig. 1a,b, Pd-Pt/In2O3-n(1:3), 300 °C]",0.62,0.168,0.65,0.35,0,300,50,4,886.339,871.112,870.571,891.496,548.691,815.548,898.486,876.269,896.556,538.621,0.005,0.005,0.005,0.005,0.005,0.005,0.005,0.005,0.005,0.005
10.1016/j.cej.2024.149370 | 50 bar | H2/CO2 4 | 21 NL/g/h,10.1016/j.cej.2024.149370,"Pd-Pt/In2O3 [Fig. 1a,b, Pd-Pt/In2O3, 280 °C]",0.61,0.127,0.78,0.22,0,280,50,4,901.632,886.427,885.878,908.495,559.071,829.838,916.968,893.289,919.515,550.728,0.005,0.005,0.005,0.005,0.005,0.005,0.005,0.005,0.005,0.005
10.1016/j.cej.2024.149370 | 50 bar | H2/CO2 4 | 21 NL/g/h,10.1016/j.cej.2024.149370,"Pd/In2O3 [Fig. 1a,b, Pd/In2O3, 300 °C]",0.607,0.148,0.683,0.317,0,300,50,4,893.788,878.589,878.037,899.739,553.812,822.423,907.44,884.541,907.613,544.565,0.005,0.005,0.005,0.005,0.005,0.005,0.005,0.005,0.005,0.005
10.1016/j.cej.2024.149370 | 50 bar | H2/CO2 4 | 21 NL/g/h,10.1016/j.cej.2024.149370,"Pt/In2O3 [Fig. 1a,b, Pt/In2O3, 300 °C]",0.558,0.158,0.589,0.41,0.001,300,50,4,891.312,876.235,875.634,896.874,552.134,820.188,904.23,881.797,903.507,542.619,0.005,0.005,0.005,0.005,0.005,0.005,0.005,0.005,0.005,0.005
10.1016/j.cej.2024.149370 | 50 bar | H2/CO2 4 | 21 NL/g/h,10.1016/j.cej.2024.149370,"Pd-Pt/In2O3-n(3:1) [Fig. 1a,b, Pd-Pt/In2O3-n(3:1), 280 °C]",0.53,0.12,0.77,0.23,0,280,50,4,906.425,891.427,890.795,913.742,562.523,834.302,922.587,898.744,926.53,554.842,0.005,0.005,0.005,0.005,0.005,0.005,0.005,0.005,0.005,0.005
10.1016/j.cej.2024.149370 | 50 bar | H2/CO2 4 | 21 NL/g/h,10.1016/j.cej.2024.149370,"Pd-Pt/In2O3-n(1:3) [Fig. 1a,b, Pd-Pt/In2O3-n(1:3), 280 °C]",0.53,0.123,0.76,0.24,0,280,50,4,904.573,889.575,888.943,911.688,561.268,832.597,920.368,896.69,923.783,553.385,0.005,0.005,0.005,0.005,0.005,0.005,0.005,0.005,0.005,0.005
10.1016/j.cej.2024.149370 | 50 bar | H2/CO2 4 | 21 NL/g/h,10.1016/j.cej.2024.149370,"Pd/In2O3 [Fig. 1a,b, Pd/In2O3, 280 °C]",0.52,0.114,0.75,0.25,0,280,50,4,910.561,895.594,894.949,918.32,565.353,838.113,927.517,903.352,932.646,558.144,0.005,0.005,0.005,0.005,0.005,0.005,0.005,0.005,0.005,0.005
10.1016/j.cej.2024.149370 | 50 bar | H2/CO2 4 | 21 NL/g/h,10.1016/j.cej.2024.149370,"Pd-Pt/In2O3 [Fig. 1a,b, Pd-Pt/In2O3, 260 °C]",0.49,0.088,0.85,0.15,0,260,50,4,930.948,916.08,915.396,941.002,579.064,857.166,951.931,926.133,963.171,574.249,0.005,0.005,0.005,0.005,0.005,0.005,0.005,0.005,0.005,0.005
10.1016/j.cej.2024.149370 | 50 bar | H2/CO2 4 | 21 NL/g/h,10.1016/j.cej.2024.149370,"Pt/In2O3 [Fig. 1a,b, Pt/In2O3, 280 °C]",0.46,0.107,0.73,0.27,0,280,50,4,916.567,901.81,901.081,924.914,569.609,843.674,934.571,910.156,941.45,563.199,0.005,0.005,0.005,0.005,0.005,0.005,0.005,0.005,0.005,0.005
10.1016/j.cej.2024.149370 | 50 bar | H2/CO2 4 | 21 NL/g/h,10.1016/j.cej.2024.149370,"Pd-Pt/In2O3-n(3:1) [Fig. 1a,b, Pd-Pt/In2O3-n(3:1), 260 °C]",0.44,0.09,0.85,0.15,0,260,50,4,929.166,914.492,913.73,938.963,578.046,855.572,949.706,924.289,960.468,573.169,0.005,0.005,0.005,0.005,0.005,0.005,0.005,0.005,0.005,0.005
10.1016/j.cej.2024.149370 | 50 bar | H2/CO2 4 | 21 NL/g/h,10.1016/j.cej.2024.149370,"Pd/In2O3 [Fig. 1a,b, Pd/In2O3, 260 °C]",0.43,0.082,0.84,0.16,0,260,50,4,939.413,924.783,924.004,950.326,584.961,864.986,961.865,935.696,975.598,581.243,0.005,0.005,0.005,0.005,0.005,0.005,0.005,0.005,0.005,0.005
10.1016/j.cej.2024.149370 | 50 bar | H2/CO2 4 | 21 NL/g/h,10.1016/j.cej.2024.149370,"Pd-Pt/In2O3-n(1:3) [Fig. 1a,b, Pd-Pt/In2O3-n(1:3), 260 °C]",0.43,0.08,0.84,0.16,0,260,50,4,942.33,927.7,926.921,953.564,586.915,867.658,965.327,938.934,979.901,583.519,0.005,0.005,0.005,0.005,0.005,0.005,0.005,0.005,0.005,0.005
10.1016/j.cej.2024.149370 | 50 bar | H2/CO2 4 | 21 NL/g/h,10.1016/j.cej.2024.149370,"Pt/In2O3 [Fig. 1a,b, Pt/In2O3, 260 °C]",0.39,0.072,0.83,0.17,0,260,50,4,956.563,942.132,941.273,969.3,596.617,880.71,982.083,954.87,1000.8,594.924,0.005,0.005,0.005,0.005,0.005,0.005,0.005,0.005,0.005,0.005
10.1016/j.cej.2024.149370 | 50 bar | H2/CO2 4 | 21 NL/g/h,10.1016/j.cej.2024.149370,"Pd-Pt/In2O3 [Fig. 1a,b, Pd-Pt/In2O3, 240 °C]",0.37,0.069,0.91,0.09,0,240,50,4,955.624,941.31,940.405,968.377,595.884,880.372,981.17,954.062,1000.05,594.322,0.005,0.005,0.005,0.005,0.005,0.005,0.005,0.005,0.005,0.005
10.1016/j.cej.2024.149370 | 50 bar | H2/CO2 4 | 21 NL/g/h,10.1016/j.cej.2024.149370,"Pd-Pt/In2O3-n(1:3) [Fig. 1a,b, Pd-Pt/In2O3-n(1:3), 240 °C]",0.33,0.06,0.9,0.1,0,240,50,4,976.687,962.648,961.632,991.712,610.117,899.75,1005.97,977.672,1031.09,611.102,0.005,0.005,0.005,0.005,0.005,0.005,0.005,0.005,0.005,0.005
10.1016/j.cej.2024.149370 | 50 bar | H2/CO2 4 | 21 NL/g/h,10.1016/j.cej.2024.149370,"Pd-Pt/In2O3-n(3:1) [Fig. 1a,b, Pd-Pt/In2O3-n(3:1), 240 °C]",0.32,0.068,0.91,0.09,0,240,50,4,958.444,944.484,943.437,971.413,598.054,883.035,984.35,957.453,1004.15,597.063,0.005,0.005,0.005,0.005,0.005,0.005,0.005,0.005,0.005,0.005
10.1016/j.cej.2024.149370 | 50 bar | H2/CO2 4 | 21 NL/g/h,10.1016/j.cej.2024.149370,"Pd/In2O3 [Fig. 1a,b, Pd/In2O3, 240 °C]",0.3,0.057,0.9,0.1,0,240,50,4,985.894,972.108,970.991,1001.88,616.433,908.223,1016.73,988.09,1044.62,618.628,0.005,0.005,0.005,0.005,0.005,0.005,0.005,0.005,0.005,0.005
10.1016/j.cej.2024.149370 | 50 bar | H2/CO2 4 | 21 NL/g/h,10.1016/j.cej.2024.149370,"Pt/In2O3 [Fig. 1a,b, Pt/In2O3, 240 °C]",0.29,0.054,0.89,0.11,0,240,50,4,995.95,982.261,981.105,1013.02,623.178,917.425,1028.53,999.334,1059.4,626.561,0.005,0.005,0.005,0.005,0.005,0.005,0.005,0.005,0.005,0.005
10.1016/j.cej.2024.149370 | 50 bar | H2/CO2 4 | 21 NL/g/h,10.1016/j.cej.2024.149370,"Pd-Pt/In2O3 [Fig. 1a,b, Pd-Pt/In2O3, 220 °C]",0.24,0.039,0.98,0.02,0,220,50,4,1020.8,1007.71,1006.31,1041.39,638.787,943.122,1058.95,1028.3,1099.69,646.295,0.005,0.005,0.005,0.005,0.005,0.005,0.005,0.005,0.005,0.005
10.1016/j.cej.2024.149370 | 50 bar | H2/CO2 4 | 21 NL/g/h,10.1016/j.cej.2024.149370,"Pd-Pt/In2O3-n(3:1) [Fig. 1a,b, Pd-Pt/In2O3-n(3:1), 220 °C]",0.22,0.04,0.98,0.02,0,220,50,4,1017.48,1004.72,1003.19,1037.59,636.893,940.02,1054.87,1024.82,1094.64,644.23,0.005,0.005,0.005,0.005,0.005,0.005,0.005,0.005,0.005,0.005
10.1016/j.cej.2024.149370 | 50 bar | H2/CO2 4 | 21 NL/g/h,10.1016/j.cej.2024.149370,"Pd-Pt/In2O3-n(1:3) [Fig. 1a,b, Pd-Pt/In2O3-n(1:3), 220 °C]",0.22,0.032,0.98,0.02,0,220,50,4,1056.1,1043.33,1041.8,1080.96,661.697,976.603,1100.83,1068.19,1153.13,673.787,0.005,0.005,0.005,0.005,0.005,0.005,0.005,0.005,0.005,0.005
10.1016/j.cej.2024.149370 | 50 bar | H2/CO2 4 | 21 NL/g/h,10.1016/j.cej.2024.149370,"Pt/In2O3 [Fig. 1a,b, Pt/In2O3, 220 °C]",0.21,0.031,0.98,0.02,0,220,50,4,1062.66,1050.07,1048.48,1088.29,666.034,982.839,1108.56,1075.7,1163.06,679.07,0.005,0.005,0.005,0.005,0.005,0.005,0.005,0.005,0.005,0.005
10.1016/j.cej.2024.149370 | 50 bar | H2/CO2 4 | 21 NL/g/h,10.1016/j.cej.2024.149370,"Pd/In2O3 [Fig. 1a,b, Pd/In2O3, 220 °C]",0.17,0.034,0.98,0.02,0,220,50,4,1046.99,1035.34,1033.36,1070.45,656.646,968.088,1089.58,1058.8,1139.32,668.462,0.005,0.005,0.005,0.005,0.005,0.005,0.005,0.005,0.005,0.005
10.1016/j.fuel.2022.125878 | 30 bar | H2/CO2 3 | 12000 h-1,10.1016/j.fuel.2022.125878,"In13/ZrO2 [Fig. 9/text, In13/ZrO2, 573 K]",0.31209,0.127,0.573,0.4249,0.0021,299.85,30,3,883.209,869.315,868.241,892.824,544.132,811.091,900.303,878.93,911.365,539.853,0.005,0.005,0.005,0.005,0.005,0.005,0.005,0.005,0.005,0.005
10.1016/j.fuel.2022.125878 | 30 bar | H2/CO2 3 | 12000 h-1,10.1016/j.fuel.2022.125878,"In13/ZrO2 [Fig. 9/text, In13/ZrO2, 553 K]",0.249021,0.079,0.735,0.2637,0.0013,279.85,30,3,919.237,906.023,904.677,935.296,569.846,844.181,945.823,922.082,974.488,572.692,0.005,0.005,0.005,0.005,0.005,0.005,0.005,0.005,0.005,0.005
10.1016/j.fuel.2022.125878 | 30 bar | H2/CO2 3 | 12000 h-1,10.1016/j.fuel.2022.125878,"In13/ZrO2 [Figure 9, 533 K]",0.131233,0.045,0.68,0.32,0,259.85,30,3,1003.62,993.424,990.87,1034.38,629.9,921.157,1050.54,1024.18,1120.96,650.466,0.005,0.005,0.005,0.005,0.005,0.005,0.005,0.005,0.005,0.005
10.1016/j.fuel.2022.125878 | 30 bar | H2/CO2 3 | 12000 h-1,10.1016/j.fuel.2022.125878,"In13/ZrO2 [Figure 9, 513 K]",0.0694763,0.018,0.9,0.1,0,239.85,30,3,1197.19,1192.67,1187.85,1266.42,761.821,1102.53,1294.02,1261.9,1471.87,826.531,0.005,0.005,0.005,0.005,0.005,0.005,0.005,0.005,0.005,0.005
10.1016/j.fuel.2022.125878 | 30 bar | H2/CO2 3 | 12000 h-1,10.1016/j.fuel.2022.125878,"In1/ZrO2 [Figure 10, In1/ZrO2, 573 K]",0.0422862,0.058,0.17,0.8283,0.0017,299.85,30,3,1000.08,1003.32,995.395,1025.99,633.115,918.508,1040.42,1029.23,1111.48,662.26,0.005,0.005,0.005,0.005,0.005,0.005,0.005,0.005,0.005,0.005
10.1016/j.fuel.2022.125878 | 30 bar | H2/CO2 3 | 12000 h-1,10.1016/j.fuel.2022.125878,"bulk In2O3 [Figure 10, In2O3, 573 K]",0.0337732,0.0105,0.75,0.248,0.002,299.85,30,3,1599.78,1608.01,1598.08,1745.8,1033.64,1470.38,1791.19,1754.04,2185.5,1187.9,0.005,0.005,0.005,0.005,0.005,0.005,0.005,0.005,0.005,0.005
10.1016/j.fuel.2022.125878 | 30 bar | H2/CO2 3 | 12000 h-1,10.1016/j.fuel.2022.125878,"In1/ZrO2 [Figure 10, In1/ZrO2, 553 K]",0.0336231,0.028,0.28,0.719,0.001,279.85,30,3,1319.41,1327.75,1317.78,1400.9,852.933,1200.85,1431.66,1409.25,1654.87,942.773,0.005,0.005,0.005,0.005,0.005,0.005,0.005,0.005,0.005,0.005
10.1016/j.fuel.2022.125878 | 30 bar | H2/CO2 3 | 12000 h-1,10.1016/j.fuel.2022.125878,"In13/ZrO2 [Fig. 9/text, In13/ZrO2, 493 K]",0.025732,0.006,1,0,0,219.85,30,3,1672.33,1688.32,1675.29,1841.57,1078.52,1552.54,1891.7,1857.56,2355.42,1263.75,0.005,0.005,0.005,0.005,0.005,0.005,0.005,0.005,0.005,0.005
10.1016/j.fuel.2022.125878 | 30 bar | H2/CO2 3 | 12000 h-1,10.1016/j.fuel.2022.125878,"bulk In2O3 [Fig. 10/text, bulk In2O3, 553 K]",0.0211002,0.006,0.82,0.179,0.001,279.85,30,3,1925.13,1948.27,1932.38,2141.84,1247.87,1779.64,2201.08,2164.98,2798.1,1487.72,0.005,0.005,0.005,0.005,0.005,0.005,0.005,0.005,0.005,0.005
10.1016/j.fuel.2022.125878 | 30 bar | H2/CO2 3 | 12000 h-1,10.1016/j.fuel.2022.125878,"In13/CeO2 [Fig. 10/text, In13/CeO2, 553 K]",0.00724097,0.0021,0.804,0.188,0.008,279.85,30,3,3751.08,3850.22,3803.93,4355.57,2436.64,3483.8,4475.68,4454.72,6181.04,3140.28,0.005,0.005,0.005,0.005,0.005,0.005,0.005,0.005,0.005,0.005
10.1016/j.fuel.2022.125878 | 30 bar | H2/CO2 3 | 12000 h-1,10.1016/j.fuel.2022.125878,"In13/CeO2 [Figure 10, In13/CeO2, 573 K]",0.00702482,0.0021,0.78,0.208,0.012,299.85,30,3,3851.34,3954.04,3906.33,4475.76,2501.42,3575.91,4598.63,4578.47,6360.64,3228.55,0.005,0.005,0.005,0.005,0.005,0.005,0.005,0.005,0.005,0.005
10.1016/j.fuel.2022.125878 | 30 bar | H2/CO2 3 | 12000 h-1,10.1016/j.fuel.2022.125878,"ZrO2 [Figure 10, ZrO2, 573 K]",0.000771959,0.001,0.18,0.8198,0.0002,299.85,30,3,27230.6,28299.5,27865.3,32921.9,17394.6,25147.3,33547.8,33990.8,49806.6,24154.9,0.005,0.005,0.005,0.005,0.005,0.005,0.005,0.005,0.005,0.005
10.1016/j.fuel.2022.125878 | 30 bar | H2/CO2 3 | 12000 h-1,10.1016/j.fuel.2022.125878,"In13/CeO2 [Fig. 10/text, In13/CeO2, 493 K selectivity statement]",0.000729072,0.0002,0.85,0.148,0.002,219.85,30,3,27213.9,28346.7,27886.9,33012.7,17318.5,25316.8,33647.8,34145.5,50257.8,24250.1,0.005,0.005,0.005,0.005,0.005,0.005,0.005,0.005,0.005,0.005
10.1016/j.fuel.2022.125878 | 30 bar | H2/CO2 3 | 12000 h-1,10.1016/j.fuel.2022.125878,"In1/CeO2 [Figure 10, In1/CeO2, 553 K]",0.000557526,0.0002,0.65,0.348,0.002,279.85,30,3,35259.3,36745.7,36144.5,42847.9,22385.5,32779.3,43631.5,44334.3,65379.1,31460.5,0.005,0.005,0.005,0.005,0.005,0.005,0.005,0.005,0.005,0.005
10.1016/j.fuel.2022.125878 | 30 bar | H2/CO2 3 | 12000 h-1,10.1016/j.fuel.2022.125878,"bulk In2O3 [Figure 10, In2O3, 493 K]",0.000514639,0.0002,0.6,0.3995,0.0005,219.85,30,3,38101.2,39712.9,39061.6,46323.4,24173.4,35414.8,47158.2,47935.1,70724.7,34007.2,0.005,0.005,0.005,0.005,0.005,0.005,0.005,0.005,0.005,0.005
10.1016/j.fuel.2022.125878 | 30 bar | H2/CO2 3 | 12000 h-1,10.1016/j.fuel.2022.125878,"In1/CeO2 [Figure 10, In1/CeO2, 573 K]",0.000334515,0.0002,0.39,0.6065,0.0035,299.85,30,3,57951.3,60439.7,59437.7,70604.9,36637.3,53819.8,71782.6,73093.4,108075,51779.4,0.005,0.005,0.005,0.005,0.005,0.005,0.005,0.005,0.005,0.005
10.1016/j.fuel.2022.125878 | 30 bar | H2/CO2 3 | 12000 h-1,10.1016/j.fuel.2022.125878,"In1/CeO2 [Fig. 10/text, In1/CeO2, 493 K selectivity statement]",0.000291629,0.0001,0.68,0.319,0.001,219.85,30,3,65778,68634.8,67485.4,80221,41522.5,61135.8,81531.7,83077.8,122978,58822.4,0.005,0.005,0.005,0.005,0.005,0.005,0.005,0.005,0.005,0.005
10.1016/j.fuel.2023.127927 | 10 bar | H2/CO2 3 | 2.4 NL/g/h,10.1016/j.fuel.2023.127927,"0.5Ca-PZC [Figure 7b, 0.5Ca-PZC, 10 bar]",0.0963542,0.118,0.952,0.048,0,230,10,3,894.455,886.573,883.095,928.366,556.733,823.546,931.542,920.484,1012.54,582.761,0.005,0.005,0.005,0.005,0.005,0.005,0.005,0.005,0.005,0.005
10.1016/j.fuel.2023.127927 | 20 bar | H2/CO2 3 | 12000 h-1,10.1016/j.fuel.2023.127927,"0.5Ca-PZC [Text/Figure 7a, 0.5Ca-PZC, GHSV 12000 h−1]",0.3138,0.079,1,0,0,230,20,3,899.854,885.945,884.877,920.713,556.139,827.793,929.628,906.804,970.223,563.09,0.005,0.005,0.005,0.005,0.005,0.005,0.005,0.005,0.005,0.005
10.1016/j.fuel.2023.127927 | 20 bar | H2/CO2 3 | 2.4 NL/g/h,10.1016/j.fuel.2023.127927,"0.5Ca-PZC [Table 1, 0.5Ca-PZC]",0.129151,0.159,0.947,0.052,0.001,230,20,3,873.656,863.566,860.97,884.458,539.447,803.161,890.252,874.367,908.222,540.158,0.005,0.005,0.005,0.005,0.005,0.005,0.005,0.005,0.005,0.005
10.1016/j.fuel.2023.127927 | 20 bar | H2/CO2 3 | 2.4 NL/g/h,10.1016/j.fuel.2023.127927,"0.7Ca-PZC [Table 1, 0.7Ca-PZC]",0.126584,0.157,0.94,0.059,0.001,230,20,3,874.392,864.433,861.785,885.337,540.04,803.866,891.182,875.378,909.658,541.025,0.005,0.005,0.005,0.005,0.005,0.005,0.005,0.005,0.005,0.005
10.1016/j.fuel.2023.127927 | 20 bar | H2/CO2 3 | 2.4 NL/g/h,10.1016/j.fuel.2023.127927,"0.5Ca-PZC [Figure 6A, 250 °C, 0.5Ca-PZC]",0.122484,0.17,0.84,0.16,0,250,20,3,871.078,861.341,858.604,881.178,537.888,800.72,886.719,871.441,903.202,538.25,0.005,0.005,0.005,0.005,0.005,0.005,0.005,0.005,0.005,0.005
10.1016/j.fuel.2023.127927 | 20 bar | H2/CO2 3 | 2.4 NL/g/h,10.1016/j.fuel.2023.127927,"0.7Ca-PZC [Figure 6A, 250 °C, 0.7Ca-PZC]",0.120974,0.172,0.82,0.18,0,250,20,3,870.763,861.111,858.34,880.738,537.697,800.433,886.234,871.086,902.476,538.021,0.005,0.005,0.005,0.005,0.005,0.005,0.005,0.005,0.005,0.005
10.1016/j.fuel.2023.127927 | 20 bar | H2/CO2 3 | 2.4 NL/g/h,10.1016/j.fuel.2023.127927,"0.7Ca-PZC [Figure 6A, 220 °C, 0.7Ca-PZC]",0.119808,0.144,0.97,0.03,0,220,20,3,877.286,867.702,864.904,889.096,542.436,806.658,895.244,879.511,916.364,544.661,0.005,0.005,0.005,0.005,0.005,0.005,0.005,0.005,0.005,0.005
10.1016/j.fuel.2023.127927 | 20 bar | H2/CO2 3 | 2.4 NL/g/h,10.1016/j.fuel.2023.127927,"0.5Ca-PZC [Figure 6A, 220 °C, 0.5Ca-PZC]",0.11648,0.14,0.97,0.03,0,220,20,3,878.871,869.487,866.609,891.032,543.669,808.169,897.3,881.647,919.542,546.445,0.005,0.005,0.005,0.005,0.005,0.005,0.005,0.005,0.005,0.005
10.1016/j.fuel.2023.127927 | 20 bar | H2/CO2 3 | 2.4 NL/g/h,10.1016/j.fuel.2023.127927,"PZC [Figure 6A, 220 °C, PZC]",0.115279,0.14,0.96,0.04,0,220,20,3,878.992,869.682,866.774,891.152,543.79,808.29,897.421,881.842,919.737,546.64,0.005,0.005,0.005,0.005,0.005,0.005,0.005,0.005,0.005,0.005
10.1016/j.fuel.2023.127927 | 20 bar | H2/CO2 3 | 2.4 NL/g/h,10.1016/j.fuel.2023.127927,"PZC [Table 1, PZC]",0.109875,0.14,0.915,0.084,0.001,230,20,3,881.019,872.067,869.016,893.347,545.278,810.195,899.673,884.395,922.788,548.654,0.005,0.005,0.005,0.005,0.005,0.005,0.005,0.005,0.005,0.005
10.1016/j.fuel.2023.127927 | 20 bar | H2/CO2 3 | 2.4 NL/g/h,10.1016/j.fuel.2023.127927,"0.5Ca-PZC [Figure 6A, 270 °C, 0.5Ca-PZC]",0.108074,0.18,0.7,0.3,0,270,20,3,870.997,862.172,859.07,880.632,538.237,800.676,886.002,871.807,902.18,539.047,0.005,0.005,0.005,0.005,0.005,0.005,0.005,0.005,0.005,0.005
10.1016/j.fuel.2023.127927 | 20 bar | H2/CO2 3 | 2.4 NL/g/h,10.1016/j.fuel.2023.127927,"PZC [Figure 6A, 250 °C, PZC]",0.107045,0.16,0.78,0.22,0,250,20,3,875.106,866.356,863.224,885.878,541.241,804.598,891.662,877.127,910.892,543.261,0.005,0.005,0.005,0.005,0.005,0.005,0.005,0.005,0.005,0.005
10.1016/j.fuel.2023.127927 | 20 bar | H2/CO2 3 | 2.4 NL/g/h,10.1016/j.fuel.2023.127927,"0.3Ca-PZC [Figure 6A, 250 °C, 0.3Ca-PZC]",0.103271,0.14,0.86,0.14,0,250,20,3,881.557,873.093,869.847,893.976,546.026,810.671,900.332,885.511,924.171,549.98,0.005,0.005,0.005,0.005,0.005,0.005,0.005,0.005,0.005,0.005
10.1016/j.fuel.2023.127927 | 20 bar | H2/CO2 3 | 2.4 NL/g/h,10.1016/j.fuel.2023.127927,"0.7Ca-PZC [Figure 6A, 270 °C, 0.7Ca-PZC]",0.102293,0.178,0.67,0.33,0,270,20,3,872.105,863.718,860.441,881.857,539.227,801.757,887.27,873.47,904.193,540.592,0.005,0.005,0.005,0.005,0.005,0.005,0.005,0.005,0.005,0.005
10.1016/j.fuel.2023.127927 | 20 bar | H2/CO2 3 | 2.4 NL/g/h,10.1016/j.fuel.2023.127927,"1.0Ca-PZC [Table 1, 1.0Ca-PZC]",0.100503,0.133,0.881,0.119,9.71445e-17,230,20,3,883.452,875.211,871.876,896.364,547.475,812.549,902.885,888.122,928.241,552.145,0.005,0.005,0.005,0.005,0.005,0.005,0.005,0.005,0.005,0.005
10.1016/j.fuel.2023.127927 | 20 bar | H2/CO2 3 | 2.4 NL/g/h,10.1016/j.fuel.2023.127927,"0.3Ca-PZC [Figure 6A, 270 °C, 0.3Ca-PZC]",0.100355,0.15,0.78,0.22,0,270,20,3,879.684,871.456,868.116,891.425,544.787,808.856,897.549,883.196,919.843,548.298,0.005,0.005,0.005,0.005,0.005,0.005,0.005,0.005,0.005,0.005
10.1016/j.fuel.2023.127927 | 20 bar | H2/CO2 3 | 2.4 NL/g/h,10.1016/j.fuel.2023.127927,"0.3Ca-PZC [Table 1, 0.3Ca-PZC]",0.0974769,0.119,0.955,0.045,4.16334e-17,230,20,3,889.62,881.638,878.199,904.136,552.019,818.359,911.179,896.154,941.01,558.553,0.005,0.005,0.005,0.005,0.005,0.005,0.005,0.005,0.005,0.005
10.1016/j.fuel.2023.127927 | 20 bar | H2/CO2 3 | 2.4 NL/g/h,10.1016/j.fuel.2023.127927,"1.0Ca-PZC [Figure 6A, 250 °C, 1.0Ca-PZC]",0.0963404,0.156,0.72,0.28,0,250,20,3,877.503,869.622,866.143,888.568,543.342,806.929,894.457,880.687,915.327,546.526,0.005,0.005,0.005,0.005,0.005,0.005,0.005,0.005,0.005,0.005
10.1016/j.fuel.2023.127927 | 20 bar | H2/CO2 3 | 2.4 NL/g/h,10.1016/j.fuel.2023.127927,"1.0Ca-PZC [Figure 6A, 220 °C, 1.0Ca-PZC]",0.0944448,0.121,0.91,0.09,0,220,20,3,888.618,880.912,877.363,902.776,551.408,817.489,909.704,895.07,938.869,557.86,0.005,0.005,0.005,0.005,0.005,0.005,0.005,0.005,0.005,0.005
10.1016/j.fuel.2023.127927 | 20 bar | H2/CO2 3 | 2.4 NL/g/h,10.1016/j.fuel.2023.127927,"0.3Ca-PZC [Figure 6A, 220 °C, 0.3Ca-PZC]",0.093407,0.11,0.99,0.01,0,220,20,3,894.079,886.471,882.883,909.723,555.366,822.622,917.119,902.115,950.289,563.402,0.005,0.005,0.005,0.005,0.005,0.005,0.005,0.005,0.005,0.005
10.1016/j.fuel.2023.127927 | 20 bar | H2/CO2 3 | 2.4 NL/g/h,10.1016/j.fuel.2023.127927,"1.0Ca-PZC [Figure 6A, 270 °C, 1.0Ca-PZC]",0.0915629,0.175,0.61,0.39,0,270,20,3,874.205,866.778,863.118,884.138,541.145,803.815,889.618,876.711,907.973,543.651,0.005,0.005,0.005,0.005,0.005,0.005,0.005,0.005,0.005,0.005
10.1016/j.fuel.2023.127927 | 20 bar | H2/CO2 3 | 2.4 NL/g/h,10.1016/j.fuel.2023.127927,"PZC [Figure 6A, 270 °C, PZC]",0.0801979,0.17,0.55,0.45,0,270,20,3,877.217,871.087,866.907,887.466,543.836,806.751,893.061,881.335,913.542,547.955,0.005,0.005,0.005,0.005,0.005,0.005,0.005,0.005,0.005,0.005
10.1016/j.fuel.2023.127927 | 20 bar | H2/CO2 3 | 3600 h-1,10.1016/j.fuel.2023.127927,"0.5Ca-PZC [Figure 7a, 0.5Ca-PZC, GHSV 3600 h−1]",0.176851,0.142,0.968,0.032,0,230,20,3,874.301,862.46,860.565,886.355,539.186,803.585,892.587,874.514,912.092,539.4,0.005,0.005,0.005,0.005,0.005,0.005,0.005,0.005,0.005,0.005
10.1016/j.fuel.2023.127927 | 20 bar | H2/CO2 3 | 6000 h-1,10.1016/j.fuel.2023.127927,"0.5Ca-PZC [Figure 7a, 0.5Ca-PZC, GHSV 6000 h−1]",0.221102,0.105,0.982,0.018,0,230,20,3,888.689,875.9,874.384,905.265,548.992,816.954,912.945,892.476,943.385,552.779,0.005,0.005,0.005,0.005,0.005,0.005,0.005,0.005,0.005,0.005
10.1016/j.fuel.2023.127927 | 30 bar | H2/CO2 3 | 2.4 NL/g/h,10.1016/j.fuel.2023.127927,"0.5Ca-PZC [Figure 7b, 0.5Ca-PZC, 30 bar]",0.119545,0.151,0.923,0.063,0.014,230,30,3,891.54,881.971,879.167,899.68,550.878,819.943,906.363,890.111,917.885,549.448,0.005,0.005,0.005,0.005,0.005,0.005,0.005,0.005,0.005,0.005
10.1016/j.fuel.2023.127927 | 40 bar | H2/CO2 3 | 2.4 NL/g/h,10.1016/j.fuel.2023.127927,"0.5Ca-PZC [Figure 7b, 0.5Ca-PZC, 40 bar]",0.106698,0.137,0.908,0.086,0.006,230,40,3,896.051,887.326,884.185,902.306,557.772,824.855,909.166,893.581,916.604,555.302,0.005,0.005,0.005,0.005,0.005,0.005,0.005,0.005,0.005,0.005
10.1016/j.fuel.2023.127927 | 5 bar | H2/CO2 3 | 2.4 NL/g/h,10.1016/j.fuel.2023.127927,"0.5Ca-PZC [Figure 7b, 0.5Ca-PZC, 5 bar]",0.06266,0.084,0.945,0.055,0,230,5,3,953.041,949.836,944.486,1113.45,608.763,882.347,1055.56,1110.25,1476.03,765.97,0.005,0.005,0.005,0.005,0.005,0.005,0.005,0.005,0.005,0.005
10.1016/j.fuel.2023.127927 | 50 bar | H2/CO2 3 | 2.4 NL/g/h,10.1016/j.fuel.2023.127927,"0.5Ca-PZC [Figure 7b, 0.5Ca-PZC, 50 bar]",0.0762352,0.101,0.88,0.12,0,230,50,3,914.53,908.943,904.546,921.097,574.075,842.674,929.325,915.51,940.719,575.056,0.005,0.005,0.005,0.005,0.005,0.005,0.005,0.005,0.005,0.005
10.1016/j.fuel.2023.128376 | 50 bar | H2/CO2 4 | 24 NL/g/h,10.1016/j.fuel.2023.128376,"5.0% Zn-CdZrOx [Fig. 1/text, 5.0% Zn-CdZrOx, 320℃]",0.375,0.0852,0.8082,0.1818,0.01,320,50,4,970.922,956.577,955.684,983.806,605.966,892.441,996.683,969.462,1015.88,604.506,0.005,0.005,0.005,0.005,0.005,0.005,0.005,0.005,0.005,0.005
10.1016/j.fuel.2023.128376 | 50 bar | H2/CO2 4 | 24 NL/g/h,10.1016/j.fuel.2023.128376,"5.0% Zn-CdZrOx [Fig. 1/text, 5.0% Zn-CdZrOx, 300℃]",0.285,0.064,0.84,0.16,0,300,50,4,1004.54,990.898,989.722,1021.77,629.993,922.754,1037.38,1008.13,1068.72,633.589,0.005,0.005,0.005,0.005,0.005,0.005,0.005,0.005,0.005,0.005
10.1016/j.fuel.2023.128376 | 50 bar | H2/CO2 4 | 24 NL/g/h,10.1016/j.fuel.2023.128376,"5.0% Zn-CdZrOx [Fig. 1/text, 5.0% Zn-CdZrOx, 340℃]",0.23,0.09,0.5,0.5,0,340,50,4,963.878,950.943,949.485,976.347,603.597,885.443,988.95,963.412,1008.46,603.131,0.005,0.005,0.005,0.005,0.005,0.005,0.005,0.005,0.005,0.005
10.1016/j.fuel.2023.128376 | 50 bar | H2/CO2 4 | 24 NL/g/h,10.1016/j.fuel.2023.128376,"5.0% Zn-CdZrOx [Fig. 1/text, 5.0% Zn-CdZrOx, 280℃]",0.2,0.042,0.87,0.13,0,280,50,4,1075.89,1063.5,1061.83,1101.19,677.379,989.306,1121.3,1088.8,1175.14,690.292,0.005,0.005,0.005,0.005,0.005,0.005,0.005,0.005,0.005,0.005
10.1016/j.fuel.2023.128376 | 50 bar | H2/CO2 4 | 24 NL/g/h,10.1016/j.fuel.2023.128376,"13.0% Zn-CdZrOx [Fig. 1, 13.0% Zn-CdZrOx, 320℃]",0.19,0.039,0.9,0.1,0,320,50,4,1069.36,1057.19,1055.43,1094.37,672.547,984.952,1114.32,1082.2,1167.6,685.386,0.005,0.005,0.005,0.005,0.005,0.005,0.005,0.005,0.005,0.005
10.1016/j.fuel.2023.128376 | 50 bar | H2/CO2 4 | 24 NL/g/h,10.1016/j.fuel.2023.128376,"7.5% Zn-CdZrOx [Text, 7.5% Zn-CdZrOx, 320℃]",0.187,0.042,0.7912,0.2016,0.0072,320,50,4,1139.57,1127.48,1125.68,1170.27,719.89,1044.54,1193.1,1158.17,1261.45,738.484,0.005,0.005,0.005,0.005,0.005,0.005,0.005,0.005,0.005,0.005
10.1016/j.fuel.2023.128376 | 50 bar | H2/CO2 4 | 24 NL/g/h,10.1016/j.fuel.2023.128376,"5.0% Zn-CdZrOx [Fig. 1/text, 5.0% Zn-CdZrOx, 360℃]",0.185,0.096,0.36,0.64,0,360,50,4,965.792,953.742,951.931,978.112,605.69,886.814,990.615,966.063,1010.62,605.961,0.005,0.005,0.005,0.005,0.005,0.005,0.005,0.005,0.005,0.005
10.1016/j.fuel.2023.128376 | 50 bar | H2/CO2 4 | 24 NL/g/h,10.1016/j.fuel.2023.128376,"0% Zn-CdZrOx [Fig. 1, 0% Zn-CdZrOx, 320℃]",0.15,0.044,0.76,0.24,0,320,50,4,1152.96,1141.97,1139.73,1185.04,731.036,1054.57,1208.54,1174.04,1281.65,752.119,0.005,0.005,0.005,0.005,0.005,0.005,0.005,0.005,0.005,0.005
10.1016/j.fuel.2023.128376 | 50 bar | H2/CO2 4 | 24 NL/g/h,10.1016/j.fuel.2023.128376,"13.0% Zn-CdZrOx [Fig. 1, 13.0% Zn-CdZrOx, 300℃]",0.15,0.028,0.94,0.03,0.03,300,50,4,1132.53,1121.53,1119.3,1163.2,709.913,1048.17,1186.02,1152.2,1255.42,729.59,0.005,0.005,0.005,0.005,0.005,0.005,0.005,0.005,0.005,0.005
10.1016/j.fuel.2023.128376 | 50 bar | H2/CO2 4 | 24 NL/g/h,10.1016/j.fuel.2023.128376,"13.0% Zn-CdZrOx [Fig. 1, 13.0% Zn-CdZrOx, 340℃]",0.135,0.048,0.48,0.49,0.03,340,50,4,1293.22,1282.85,1280.36,1334.98,821.954,1176.77,1362.97,1324.61,1462.31,853.35,0.005,0.005,0.005,0.005,0.005,0.005,0.005,0.005,0.005,0.005
10.1016/j.fuel.2023.128376 | 50 bar | H2/CO2 4 | 24 NL/g/h,10.1016/j.fuel.2023.128376,"0% Zn-CdZrOx [Fig. 1, 0% Zn-CdZrOx, 300℃]",0.12,0.026,0.85,0.15,2.77556e-17,300,50,4,1196.9,1187.31,1184.52,1236.23,756.762,1102.84,1263.14,1226.64,1356.81,786.497,0.005,0.005,0.005,0.005,0.005,0.005,0.005,0.005,0.005,0.005
10.1016/j.fuel.2023.128376 | 50 bar | H2/CO2 4 | 24 NL/g/h,10.1016/j.fuel.2023.128376,"0% Zn-CdZrOx [Fig. 1, 0% Zn-CdZrOx, 340℃]",0.11,0.055,0.47,0.5,0.03,340,50,4,1183.21,1174.25,1171.2,1214.1,749.598,1081.22,1237.03,1205.14,1309.04,771.528,0.005,0.005,0.005,0.005,0.005,0.005,0.005,0.005,0.005,0.005
10.1016/j.fuel.2023.128376 | 50 bar | H2/CO2 4 | 24 NL/g/h,10.1016/j.fuel.2023.128376,"13.0% Zn-CdZrOx [Fig. 1, 13.0% Zn-CdZrOx, 280℃]",0.1,0.019,0.97,0.01,0.02,280,50,4,1214.34,1206.14,1202.79,1256.06,763.703,1127,1284.04,1247.86,1385.42,797.223,0.005,0.005,0.005,0.005,0.005,0.005,0.005,0.005,0.005,0.005
10.1016/j.fuel.2023.128376 | 50 bar | H2/CO2 4 | 24 NL/g/h,10.1016/j.fuel.2023.128376,"13.0% Zn-CdZrOx [Fig. 1, 13.0% Zn-CdZrOx, 360℃]",0.1,0.064,0.28,0.72,0,360,50,4,1100.4,1092.2,1088.84,1125.43,699.097,1005.18,1145.38,1117.23,1202.69,715.927,0.005,0.005,0.005,0.005,0.005,0.005,0.005,0.005,0.005,0.005
10.1016/j.fuel.2023.128376 | 50 bar | H2/CO2 4 | 24 NL/g/h,10.1016/j.fuel.2023.128376,"0% Zn-CdZrOx [Fig. 1, 0% Zn-CdZrOx, 360℃]",0.045,0.07,0.21,0.78,0.01,360,50,4,1086.5,1088.54,1081.09,1108,692.58,995.715,1126.06,1110.04,1184.33,716.13,0.005,0.005,0.005,0.005,0.005,0.005,0.005,0.005,0.005,0.005
10.1016/j.fuel.2023.128376 | 50 bar | H2/CO2 4 | 24 NL/g/h,10.1016/j.fuel.2023.128376,"20.0% Zn-CdZrOx [Text, 20.0% Zn-CdZrOx, 320℃]",0.045,0.0158,0.5246,0.47,0.0054,320,50,4,1905.43,1907.47,1900.02,2020.97,1220.1,1739.11,2076.18,2023.01,2383.39,1337.68,0.005,0.005,0.005,0.005,0.005,0.005,0.005,0.005,0.005,0.005
10.1016/j.fuel.2023.128376 | 50 bar | H2/CO2 4 | 24 NL/g/h,10.1016/j.fuel.2023.128376,"0% Zn-CdZrOx [Fig. 1, 0% Zn-CdZrOx, 280℃]",0.035,0.009,0.88,0.12,0,280,50,4,1672.12,1679.49,1669.91,1769.56,1060.89,1554.91,1818.8,1776.92,2083.31,1165.69,0.005,0.005,0.005,0.005,0.005,0.005,0.005,0.005,0.005,0.005
10.1016/j.fuel.2023.128376 | 50 bar | H2/CO2 4 | 24000 h-1,10.1016/j.fuel.2023.128376,"10.0% Zn-CdZrOx [SI Figure S1, 10.0% Zn-CdZrOx, 320 °C]",0.197,0.048,0.75,0.25,0,320,50,4,1144.03,1131.71,1130,1175.05,724.82,1045.16,1198.04,1162.72,1267.02,743.511,0.005,0.005,0.005,0.005,0.005,0.005,0.005,0.005,0.005,0.005
10.1016/j.fuel.2023.128376 | 50 bar | H2/CO2 4 | 24000 h-1,10.1016/j.fuel.2023.128376,"10.0% Zn-CdZrOx [SI Figure S1, 10.0% Zn-CdZrOx, 300 °C]",0.187,0.04,0.86,0.14,0,300,50,4,1091.47,1079.37,1077.58,1118.43,687.833,1003.46,1139.4,1106.33,1197.9,702.696,0.005,0.005,0.005,0.005,0.005,0.005,0.005,0.005,0.005,0.005
10.1016/j.fuel.2023.128376 | 50 bar | H2/CO2 4 | 24000 h-1,10.1016/j.fuel.2023.128376,"10.0% Zn-CdZrOx [SI Figure S1, 10.0% Zn-CdZrOx, 340 °C]",0.183,0.059,0.56,0.43,0.01,340,50,4,1107.05,1095.05,1093.22,1132.83,699.639,1012.18,1153.18,1120.83,1208.68,713.421,0.005,0.005,0.005,0.005,0.005,0.005,0.005,0.005,0.005,0.005
10.1016/j.fuel.2023.128376 | 50 bar | H2/CO2 4 | 24000 h-1,10.1016/j.fuel.2023.128376,"2.5% Zn-CdZrOx [SI Figure S1, 2.5% Zn-CdZrOx, 320 °C]",0.158,0.046,0.62,0.38,0,320,50,4,1190.77,1179.5,1177.38,1226.21,756.911,1085.84,1251.32,1214.94,1333.03,781.075,0.005,0.005,0.005,0.005,0.005,0.005,0.005,0.005,0.005,0.005
10.1016/j.fuel.2023.128376 | 50 bar | H2/CO2 4 | 24000 h-1,10.1016/j.fuel.2023.128376,"7.5% Zn-CdZrOx [SI Figure S1, 7.5% Zn-CdZrOx, 340 °C]",0.157,0.053,0.55,0.45,0,340,50,4,1156.17,1144.93,1142.8,1187.63,734.468,1054.17,1210.84,1176.39,1282.07,754.684,0.005,0.005,0.005,0.005,0.005,0.005,0.005,0.005,0.005,0.005
10.1016/j.fuel.2023.128376 | 50 bar | H2/CO2 4 | 24000 h-1,10.1016/j.fuel.2023.128376,"10.0% Zn-CdZrOx [SI Figure S1, 10.0% Zn-CdZrOx, 280 °C]",0.147,0.028,0.91,0.08,0.01,280,50,4,1138.94,1128.06,1125.78,1171.56,716.598,1051.9,1195.34,1160.69,1270.02,738.345,0.005,0.005,0.005,0.005,0.005,0.005,0.005,0.005,0.005,0.005
10.1016/j.fuel.2023.128376 | 50 bar | H2/CO2 4 | 24000 h-1,10.1016/j.fuel.2023.128376,"7.5% Zn-CdZrOx [SI Figure S1, 7.5% Zn-CdZrOx, 360 °C]",0.145,0.063,0.42,0.57,0.01,360,50,4,1119.48,1108.68,1106.36,1145.89,709.197,1022.16,1166.57,1135.09,1224.94,724.814,0.005,0.005,0.005,0.005,0.005,0.005,0.005,0.005,0.005,0.005
10.1016/j.fuel.2023.128376 | 50 bar | H2/CO2 4 | 24000 h-1,10.1016/j.fuel.2023.128376,"7.5% Zn-CdZrOx [SI Figure S1, 7.5% Zn-CdZrOx, 300 °C]",0.141,0.031,0.82,0.17,0.01,300,50,4,1183.45,1172.81,1170.44,1219.68,747.525,1088.4,1245.16,1209.04,1329.59,773.118,0.005,0.005,0.005,0.005,0.005,0.005,0.005,0.005,0.005,0.005
10.1016/j.fuel.2023.128376 | 50 bar | H2/CO2 4 | 24000 h-1,10.1016/j.fuel.2023.128376,"2.5% Zn-CdZrOx [SI Figure S1, 2.5% Zn-CdZrOx, 300 °C]",0.138,0.034,0.72,0.28,0,300,50,4,1244.3,1233.8,1231.37,1286.6,790.806,1137.6,1314.83,1276.09,1415.42,822.594,0.005,0.005,0.005,0.005,0.005,0.005,0.005,0.005,0.005,0.005
10.1016/j.fuel.2023.128376 | 50 bar | H2/CO2 4 | 24000 h-1,10.1016/j.fuel.2023.128376,"2.5% Zn-CdZrOx [SI Figure S1, 2.5% Zn-CdZrOx, 340 °C]",0.132,0.054,0.45,0.55,0,340,50,4,1145.5,1135.27,1132.73,1175.72,727.88,1045.13,1198.31,1165.49,1267.27,747.863,0.005,0.005,0.005,0.005,0.005,0.005,0.005,0.005,0.005,0.005
10.1016/j.fuel.2023.128376 | 50 bar | H2/CO2 4 | 24000 h-1,10.1016/j.fuel.2023.128376,"10.0% Zn-CdZrOx [SI Figure S1, 10.0% Zn-CdZrOx, 360 °C]",0.13,0.073,0.33,0.67,0,360,50,4,1040.64,1030.51,1027.93,1060.06,657.668,952.819,1076.95,1049.93,1117.56,666.96,0.005,0.005,0.005,0.005,0.005,0.005,0.005,0.005,0.005,0.005
10.1016/j.fuel.2023.128376 | 50 bar | H2/CO2 4 | 24000 h-1,10.1016/j.fuel.2023.128376,"7.5% Zn-CdZrOx [SI Figure S1, 7.5% Zn-CdZrOx, 280 °C]",0.095,0.02,0.83,0.15,0.02,280,50,4,1313.42,1305.67,1302.14,1364.61,829.98,1212.68,1396.65,1356.85,1523.51,873.411,0.005,0.005,0.005,0.005,0.005,0.005,0.005,0.005,0.005,0.005
10.1016/j.fuel.2023.128376 | 50 bar | H2/CO2 4 | 24000 h-1,10.1016/j.fuel.2023.128376,"2.5% Zn-CdZrOx [SI Figure S1, 2.5% Zn-CdZrOx, 280 °C]",0.08,0.018,0.76,0.23,0.01,280,50,4,1422.03,1415.93,1411.74,1485.87,902.329,1309.87,1522.98,1479.77,1684.98,960.063,0.005,0.005,0.005,0.005,0.005,0.005,0.005,0.005,0.005,0.005
10.1016/j.fuel.2023.128376 | 50 bar | H2/CO2 4 | 24000 h-1,10.1016/j.fuel.2023.128376,"2.5% Zn-CdZrOx [SI Figure S1, 2.5% Zn-CdZrOx, 360 °C]",0.055,0.064,0.16,0.84,0,360,50,4,1109.51,1108.17,1102.08,1134.54,708.216,1014.3,1154.5,1133.2,1218.67,731.902,0.005,0.005,0.005,0.005,0.005,0.005,0.005,0.005,0.005,0.005
10.1016/j.fuel.2023.128376 | 50 bar | H2/CO2 4 | 24000 h-1,10.1016/j.fuel.2023.128376,"20.0% Zn-CdZrOx [SI Figure S1, 20.0% Zn-CdZrOx, 300 °C]",0.015,0.008,0.53,0.44,0.03,300,50,4,2608.95,2648.24,2625.89,2807.32,1661.31,2407.17,2887.02,2846.6,3451.47,1898.96,0.005,0.005,0.005,0.005,0.005,0.005,0.005,0.005,0.005,0.005
10.1016/j.fuel.2023.128376 | 50 bar | H2/CO2 4 | 24000 h-1,10.1016/j.fuel.2023.128376,"20.0% Zn-CdZrOx [SI Figure S1, 20.0% Zn-CdZrOx, 340 °C]",0.01,0.019,0.24,0.75,0.01,340,50,4,3291.44,3358.66,3325.14,3543.04,2138.88,2944.24,3636.87,3610.26,4370.77,2457.69,0.005,0.005,0.005,0.005,0.005,0.005,0.005,0.005,0.005,0.005
10.1016/j.fuel.2023.128376 | 50 bar | H2/CO2 4 | 24000 h-1,10.1016/j.fuel.2023.128376,"20.0% Zn-CdZrOx [SI Figure S1, 20.0% Zn-CdZrOx, 280 °C]",0.005,0.007,0.56,0.4,0.04,280,50,4,2753.61,2904.62,2837.58,2962.97,1770.38,2552.36,3045.69,3113.99,3751.11,2130.76,0.005,0.005,0.005,0.005,0.005,0.005,0.005,0.005,0.005,0.005
10.1016/j.fuel.2023.128376 | 50 bar | H2/CO2 4 | 24000 h-1,10.1016/j.fuel.2023.128376,"20.0% Zn-CdZrOx [SI Figure S1, 20.0% Zn-CdZrOx, 360 °C]",0.005,0.025,0.05,0.94,0.01,360,50,4,11801.9,11952.9,11885.9,12917.7,7635.28,10223,13187.5,13068.7,16307.9,8902.05,0.005,0.005,0.005,0.005,0.005,0.005,0.005,0.005,0.005,0.005
10.1016/j.fuel.2024.131111 | 10 bar | H2/CO2 5 | 12 NL/g/h,10.1016/j.fuel.2024.131111,"5InNi3C0.5/Fe3O4-400/425 [Fig. 6C, pressure 1.0 MPa]",0.15,0.053,0.93,0.07,0,250,10,5,1067.77,1056.77,1054.54,1197.54,681.59,990.827,1199.21,1186.55,1531,800.374,0.005,0.005,0.005,0.005,0.005,0.005,0.005,0.005,0.005,0.005
10.1016/j.fuel.2024.131111 | 20 bar | H2/CO2 5 | 12 NL/g/h,10.1016/j.fuel.2024.131111,"5InNi3C0.5/Fe3O4-400/425 [Fig. 6C, pressure 2.0 MPa]",0.18,0.062,0.93,0.07,0,250,20,5,1009.05,997.122,995.26,1057.03,631.485,931.403,1072.21,1045.1,1186.4,667.544,0.005,0.005,0.005,0.005,0.005,0.005,0.005,0.005,0.005,0.005
10.1016/j.fuel.2024.131111 | 30 bar | H2/CO2 5 | 12 NL/g/h,10.1016/j.fuel.2024.131111,"5InNi3C0.5/Fe3O4-400/425 [Fig. 6C, pressure 3.0 MPa]",0.28,0.086,0.94,0.06,0,250,30,5,943.893,930.306,929.109,964.678,584.466,869.755,977.163,951.092,1017.9,591.665,0.005,0.005,0.005,0.005,0.005,0.005,0.005,0.005,0.005,0.005
10.1016/j.fuel.2024.131111 | 40 bar | H2/CO2 10 | 3000 mLCO2 gcat−1 h−1,10.1016/j.fuel.2024.131111,"5InNi3C0.5/Fe3O4-400/425 [Fig. 6B, H2/CO2 = 10/1]",0.76,0.181,0.983,0.017,0,250,40,10,926.41,910.934,910.493,938.969,571.472,855.767,949.912,923.492,967.117,568.555,0.005,0.005,0.005,0.005,0.005,0.005,0.005,0.005,0.005,0.005
10.1016/j.fuel.2024.131111 | 40 bar | H2/CO2 3 | 240 NL/g/h,10.1016/j.fuel.2024.131111,"5InNi3C0.5/Fe3O4-400/425 [Fig. 6B, H2/CO2 = 3/1]",0.4,0.097,0.99,0.01,0,250,40,3,896.489,882.005,881.167,905.069,555.332,824.395,913.557,890.585,921.319,549.428,0.005,0.005,0.005,0.005,0.005,0.005,0.005,0.005,0.005,0.005
10.1016/j.fuel.2024.131111 | 40 bar | H2/CO2 4 | 3000 mLCO2 gcat−1 h−1,10.1016/j.fuel.2024.131111,"5InNi3C0.5/Fe3O4-400/425 [Fig. 6B, H2/CO2 = 4/1]",0.45,0.107,0.96,0.04,0,250,40,4,907.42,892.703,891.958,917.389,561.876,835.211,926.773,902.672,937.942,557.128,0.005,0.005,0.005,0.005,0.005,0.005,0.005,0.005,0.005,0.005
10.1016/j.fuel.2024.131111 | 40 bar | H2/CO2 5 | 12 NL/g/h,10.1016/j.fuel.2024.131111,"5InNi3C0.5/Fe3O4-400/425 [Fig. 6A, 260 °C]",0.356302,0.134,0.93,0.07,0,260,40,5,906.402,892.175,891.234,915.919,561.089,834.925,925.018,901.692,935.492,556.379,0.005,0.005,0.005,0.005,0.005,0.005,0.005,0.005,0.005,0.005
10.1016/j.fuel.2024.131111 | 40 bar | H2/CO2 5 | 12 NL/g/h,10.1016/j.fuel.2024.131111,"7InNi3C0.5/Fe3O4-400/425 [Fig. 2C, In loading 7 wt%]",0.345837,0.126,0.96,0.04,3.46945e-17,250,40,5,910.207,896.051,895.082,920.257,563.654,838.614,929.693,906.102,941.637,559.549,0.005,0.005,0.005,0.005,0.005,0.005,0.005,0.005,0.005,0.005
10.1016/j.fuel.2024.131111 | 40 bar | H2/CO2 5 | 12 NL/g/h,10.1016/j.fuel.2024.131111,"5InNi3C0.5/Fe3O4-400/425 [Fig. 2A, calcination 400 °C]",0.336197,0.123,0.956,0.044,0,250,40,5,912.309,898.222,897.225,922.625,565.117,840.599,932.227,908.539,944.938,561.348,0.005,0.005,0.005,0.005,0.005,0.005,0.005,0.005,0.005,0.005
10.1016/j.fuel.2024.131111 | 40 bar | H2/CO2 5 | 12 NL/g/h,10.1016/j.fuel.2024.131111,"5InNi3C0.5/Fe3O4-400/425 [Fig. 2B, carburization 425 °C]",0.336197,0.123,0.956,0.044,3.46945e-17,250,40,5,912.309,898.222,897.225,922.625,565.117,840.599,932.227,908.539,944.938,561.348,0.005,0.005,0.005,0.005,0.005,0.005,0.005,0.005,0.005,0.005
10.1016/j.fuel.2024.131111 | 40 bar | H2/CO2 5 | 12 NL/g/h,10.1016/j.fuel.2024.131111,"5InNi3C0.5/Fe3O4-400/425 [Fig. 2C, In loading 5 wt%]",0.336197,0.123,0.956,0.044,3.46945e-17,250,40,5,912.309,898.222,897.225,922.625,565.117,840.599,932.227,908.539,944.938,561.348,0.005,0.005,0.005,0.005,0.005,0.005,0.005,0.005,0.005,0.005
10.1016/j.fuel.2024.131111 | 40 bar | H2/CO2 5 | 12 NL/g/h,10.1016/j.fuel.2024.131111,"5InNi3C0.5/Fe3O4-400/425 [Fig. 6A, 250 °C]",0.336197,0.123,0.956,0.044,3.46945e-17,250,40,5,912.309,898.222,897.225,922.625,565.117,840.599,932.227,908.539,944.938,561.348,0.005,0.005,0.005,0.005,0.005,0.005,0.005,0.005,0.005,0.005
10.1016/j.fuel.2024.131111 | 40 bar | H2/CO2 5 | 12 NL/g/h,10.1016/j.fuel.2024.131111,"5InNi3C0.5/Fe3O4-400/425 [Fig. 6C, pressure 4.0 MPa]",0.336197,0.123,0.956,0.044,0,250,40,5,912.309,898.222,897.225,922.625,565.117,840.599,932.227,908.539,944.938,561.348,0.005,0.005,0.005,0.005,0.005,0.005,0.005,0.005,0.005,0.005
10.1016/j.fuel.2024.131111 | 40 bar | H2/CO2 5 | 12 NL/g/h,10.1016/j.fuel.2024.131111,"5InNi3C0.5/Fe3O4-400/425 [Fig. 6D, GHSV 12000]",0.336197,0.123,0.956,0.044,0,250,40,5,912.309,898.222,897.225,922.625,565.117,840.599,932.227,908.539,944.938,561.348,0.005,0.005,0.005,0.005,0.005,0.005,0.005,0.005,0.005,0.005
10.1016/j.fuel.2024.131111 | 40 bar | H2/CO2 5 | 12 NL/g/h,10.1016/j.fuel.2024.131111,"3InNi3C0.5/Fe3O4-400/425 [Fig. 2C, In loading 3 wt%]",0.317132,0.118,0.94,0.06,0,250,40,5,916.132,902.195,901.138,926.926,567.794,844.21,936.82,912.989,950.933,564.651,0.005,0.005,0.005,0.005,0.005,0.005,0.005,0.005,0.005,0.005
10.1016/j.fuel.2024.131111 | 40 bar | H2/CO2 5 | 12 NL/g/h,10.1016/j.fuel.2024.131111,"5InNi3C0.5/Fe3O4-400/425 [Fig. 6A, 240 °C]",0.296747,0.107,0.97,0.03,0,240,40,5,923.88,910.125,908.996,935.728,573.053,851.637,946.256,921.973,963.317,571.146,0.005,0.005,0.005,0.005,0.005,0.005,0.005,0.005,0.005,0.005
10.1016/j.fuel.2024.131111 | 40 bar | H2/CO2 5 | 12 NL/g/h,10.1016/j.fuel.2024.131111,"5InNi3C0.5/Fe3O4-450/425 [Fig. 2A, calcination 450 °C]",0.259861,0.097,0.937,0.056,0.007,250,40,5,944.487,931.133,929.843,958.258,586.498,870.826,969.889,944.903,992.399,586.914,0.005,0.005,0.005,0.005,0.005,0.005,0.005,0.005,0.005,0.005
10.1016/j.fuel.2024.131111 | 40 bar | H2/CO2 5 | 12 NL/g/h,10.1016/j.fuel.2024.131111,"5InNi3C0.5/Fe3O4-400/425 [Fig. 6A, 220 °C]",0.247827,0.088,0.985,0.015,0,220,40,5,940.027,926.829,925.477,954.099,584.003,867.331,965.901,940.902,989.362,584.878,0.005,0.005,0.005,0.005,0.005,0.005,0.005,0.005,0.005,0.005
10.1016/j.fuel.2024.131111 | 40 bar | H2/CO2 5 | 12 NL/g/h,10.1016/j.fuel.2024.131111,"5InNi3C0.5/Fe3O4-400/450 [Fig. 2B, carburization 450 °C]",0.243573,0.092,0.926,0.074,5.55112e-17,250,40,5,942.949,929.811,928.434,957.184,586.272,869.393,969.076,944.046,993.025,587.369,0.005,0.005,0.005,0.005,0.005,0.005,0.005,0.005,0.005,0.005
10.1016/j.fuel.2024.131111 | 40 bar | H2/CO2 5 | 12 NL/g/h,10.1016/j.fuel.2024.131111,"5InNi3C0.5/Fe3O4-400/400 [Fig. 2B, carburization 400 °C]",0.239193,0.089,0.94,0.06,0,250,40,5,947.072,933.997,932.595,961.855,589.058,873.241,974.049,948.78,999.5,590.766,0.005,0.005,0.005,0.005,0.005,0.005,0.005,0.005,0.005,0.005
10.1016/j.fuel.2024.131111 | 40 bar | H2/CO2 5 | 12 NL/g/h,10.1016/j.fuel.2024.131111,"5InNi3C0.5/Fe3O4-400/375 [Fig. 2B, carburization 375 °C]",0.228443,0.085,0.94,0.06,0,250,40,5,953.261,940.35,938.883,968.845,593.287,879.021,981.473,955.935,1009.2,595.961,0.005,0.005,0.005,0.005,0.005,0.005,0.005,0.005,0.005,0.005
10.1016/j.fuel.2024.131111 | 40 bar | H2/CO2 5 | 12 NL/g/h,10.1016/j.fuel.2024.131111,"5InNi3C0.5/Fe3O4-400/475 [Fig. 2B, carburization 475 °C]",0.216835,0.079,0.96,0.04,3.46945e-17,250,40,5,963.648,950.934,949.388,980.604,600.314,888.701,993.956,967.89,1025.48,604.555,0.005,0.005,0.005,0.005,0.005,0.005,0.005,0.005,0.005,0.005
10.1016/j.fuel.2024.131111 | 40 bar | H2/CO2 5 | 12 NL/g/h,10.1016/j.fuel.2024.131111,"5InNi3C0.5/Fe3O4-350/425 [Fig. 2A, calcination 350 °C]",0.216766,0.078,0.972,0.028,0,250,40,5,958.926,946.213,944.667,975.402,596.966,884.826,988.503,962.689,1018.77,600.729,0.005,0.005,0.005,0.005,0.005,0.005,0.005,0.005,0.005,0.005
10.1016/j.fuel.2024.131111 | 40 bar | H2/CO2 5 | 12 NL/g/h,10.1016/j.fuel.2024.131111,"5InNi3C0.5/Fe3O4-400/425 [Fig. 6A, 200 °C]",0.19403,0.068,0.998,0.002,0,200,40,5,961.853,949.593,947.866,979.083,598.597,889.042,992.578,966.823,1025.28,603.566,0.005,0.005,0.005,0.005,0.005,0.005,0.005,0.005,0.005,0.005
10.1016/j.fuel.2024.131111 | 40 bar | H2/CO2 5 | 12 NL/g/h,10.1016/j.fuel.2024.131111,5InNi3C0.5/Fe3O4-400/500 [SI Table S3 row 10],0.19299,0.075,0.9,0.095,0.005,250,40,5,978.5,966.263,964.527,996.823,610.024,902.58,1010.88,984.586,1046.48,616.11,0.005,0.005,0.005,0.005,0.005,0.005,0.005,0.005,0.005,0.005
10.1016/j.fuel.2024.131111 | 40 bar | H2/CO2 5 | 12 NL/g/h,10.1016/j.fuel.2024.131111,"5InNi3C0.5/Fe3O4-300/425 [Fig. 2A, calcination 300 °C]",0.152848,0.055,0.972,0.028,0,250,40,5,1004.24,993.14,990.947,1026.99,627.348,928.433,1043.2,1015.89,1091.6,639.001,0.005,0.005,0.005,0.005,0.005,0.005,0.005,0.005,0.005,0.005
10.1016/j.fuel.2024.131111 | 40 bar | H2/CO2 5 | 12 NL/g/h,10.1016/j.fuel.2024.131111,"5InNi3C0.5/Fe3O4-500/425 [Fig. 2A, calcination 500 °C]",0.137574,0.049,0.982,0.018,1.38778e-17,250,40,5,1017.21,1006.72,1004.28,1041.92,635.828,941.455,1059.05,1031.43,1113.22,650.05,0.005,0.005,0.005,0.005,0.005,0.005,0.005,0.005,0.005,0.005
10.1016/j.fuel.2024.131111 | 40 bar | H2/CO2 5 | 12 NL/g/h,10.1016/j.fuel.2024.131111,"1InNi3C0.5/Fe3O4-400/425 [Fig. 2C, In loading 1 wt%]",0.113106,0.043,0.92,0.065,0.015,250,40,5,1088.64,1079.47,1076.5,1120.98,682.428,1006.95,1141.44,1111.81,1217.07,705.6,0.005,0.005,0.005,0.005,0.005,0.005,0.005,0.005,0.005,0.005
10.1016/j.fuel.2024.131111 | 40 bar | H2/CO2 5 | 12 NL/g/h,10.1016/j.fuel.2024.131111,5%InNi3C0.5/SiO2 [SI Table S3 row 11],0.0411711,0.015,0.96,0.04,0,250,40,5,1400.51,1404.28,1396.14,1480.49,884.91,1308.19,1517.84,1484.27,1732.48,968.669,0.005,0.005,0.005,0.005,0.005,0.005,0.005,0.005,0.005,0.005
10.1016/j.fuel.2024.131111 | 40 bar | H2/CO2 5 | 12 NL/g/h,10.1016/j.fuel.2024.131111,Fe3O4 [SI Table S3 row 12],0.0177265,0.01,0.62,0.37,0.01,250,40,5,2281.68,2312.37,2293.47,2483.78,1450.75,2123.33,2553.65,2514.47,3119.41,1683.55,0.005,0.005,0.005,0.005,0.005,0.005,0.005,0.005,0.005,0.005
10.1016/j.fuel.2024.131111 | 40 bar | H2/CO2 5 | 18 NL/g/h,10.1016/j.fuel.2024.131111,"5InNi3C0.5/Fe3O4-400/425 [Fig. 6B, H2/CO2 = 5/1]",0.55,0.123,0.96,0.04,0,250,40,5,909.698,894.643,894.033,920.015,562.507,837.988,929.616,904.959,941.358,557.768,0.005,0.005,0.005,0.005,0.005,0.005,0.005,0.005,0.005,0.005
10.1016/j.fuel.2024.131111 | 40 bar | H2/CO2 5 | 18 NL/g/h,10.1016/j.fuel.2024.131111,"5InNi3C0.5/Fe3O4-400/425 [Fig. 6D, GHSV 18000]",0.47,0.109,0.965,0.035,0,250,40,5,921.035,906.239,905.526,932.811,570.329,848.664,943.296,918.015,959.126,567.309,0.005,0.005,0.005,0.005,0.005,0.005,0.005,0.005,0.005,0.005
10.1016/j.fuel.2024.131111 | 40 bar | H2/CO2 5 | 24 NL/g/h,10.1016/j.fuel.2024.131111,"5InNi3C0.5/Fe3O4-400/425 [Fig. 6D, GHSV 24000]",0.54,0.092,0.97,0.03,0,250,40,5,938.244,923.217,922.597,952.48,581.567,864.688,964.372,937.453,986.431,580.776,0.005,0.005,0.005,0.005,0.005,0.005,0.005,0.005,0.005,0.005
10.1016/j.fuel.2024.131111 | 40 bar | H2/CO2 5 | 30 NL/g/h,10.1016/j.fuel.2024.131111,"5InNi3C0.5/Fe3O4-400/425 [Fig. 6D, GHSV 30000]",0.58,0.083,0.973,0.027,0,250,40,5,946.361,931.227,930.649,961.875,586.699,872.579,974.464,946.741,999.777,587.079,0.005,0.005,0.005,0.005,0.005,0.005,0.005,0.005,0.005,0.005
10.1016/j.fuel.2024.131111 | 40 bar | H2/CO2 5 | 36 NL/g/h,10.1016/j.fuel.2024.131111,"5InNi3C0.5/Fe3O4-400/425 [Fig. 6D, GHSV 36000]",0.65,0.077,0.976,0.024,0,250,40,5,951.855,936.565,936.049,968.305,590.033,877.996,981.392,953.015,1009.01,591.193,0.005,0.005,0.005,0.005,0.005,0.005,0.005,0.005,0.005,0.005
10.1016/j.fuel.2024.131111 | 40 bar | H2/CO2 5 | 42 NL/g/h,10.1016/j.fuel.2024.131111,"5InNi3C0.5/Fe3O4-400/425 [Fig. 6D, GHSV 42000]",0.72,0.073,0.978,0.022,0,250,40,5,956.076,940.661,940.196,973.246,592.585,882.139,986.711,957.831,1016.1,594.34,0.005,0.005,0.005,0.005,0.005,0.005,0.005,0.005,0.005,0.005
10.1016/j.fuel.2024.131111 | 40 bar | H2/CO2 5 | 48 NL/g/h,10.1016/j.fuel.2024.131111,"5InNi3C0.5/Fe3O4-400/425 [Fig. 6D, GHSV 48000]",0.79,0.07,0.98,0.02,0,250,40,5,959.349,943.831,943.406,977.091,594.538,885.373,990.85,961.573,1021.64,596.762,0.005,0.005,0.005,0.005,0.005,0.005,0.005,0.005,0.005,0.005
10.1016/j.fuel.2024.131111 | 40 bar | H2/CO2 8 | 3000 mLCO2 gcat−1 h−1,10.1016/j.fuel.2024.131111,"5InNi3C0.5/Fe3O4-400/425 [Fig. 6B, H2/CO2 = 8/1]",0.65,0.148,0.97,0.03,0,250,40,8,927.849,912.56,912.044,940.583,573.1,856.56,951.627,925.293,969.478,570.544,0.005,0.005,0.005,0.005,0.005,0.005,0.005,0.005,0.005,0.005
10.1016/j.fuel.2024.131111 | 50 bar | H2/CO2 5 | 12 NL/g/h,10.1016/j.fuel.2024.131111,"5InNi3C0.5/Fe3O4-400/425 [Fig. 6C, pressure 5.0 MPa]",0.34,0.127,0.96,0.04,0,250,50,5,914.183,900.069,899.083,922.118,567.821,842.7,931.455,908.004,937.898,561.642,0.005,0.005,0.005,0.005,0.005,0.005,0.005,0.005,0.005,0.005
10.1016/j.fuel.2024.131111 | 60 bar | H2/CO2 10 | 116 NL/g/h,10.1016/j.fuel.2024.131111,"5InNi3C0.5/Fe3O4-400/425 [Fig. 7A stability, 120 h]",2.62,0.18,0.97,0.03,0,250,60,10,931.302,915.043,914.915,939.662,576.152,860.758,950.521,923.403,955.933,568.252,0.005,0.005,0.005,0.005,0.005,0.005,0.005,0.005,0.005,0.005
10.1016/j.fuel.2024.131111 | 60 bar | H2/CO2 10 | 116 NL/g/h,10.1016/j.fuel.2024.131111,"5InNi3C0.5/Fe3O4-400/425 [Figure 7A, stability first point]",2.55,0.184,0.97,0.03,0,250,60,10,929.257,913.007,912.875,937.424,574.864,858.797,948.117,921.174,953.034,566.781,0.005,0.005,0.005,0.005,0.005,0.005,0.005,0.005,0.005,0.005
10.1016/j.fuel.2024.131111 | 60 bar | H2/CO2 5 | 12 NL/g/h,10.1016/j.fuel.2024.131111,"5InNi3C0.5/Fe3O4-400/425 [Fig. 6C, pressure 6.0 MPa]",0.36,0.135,0.967,0.033,0,250,60,5,912.949,898.698,897.767,919.134,568.097,841.815,928.022,904.883,929.753,560.032,0.005,0.005,0.005,0.005,0.005,0.005,0.005,0.005,0.005,0.005
10.1016/j.jcat.2012.05.020 | 30 bar | H2/CO2 3 | 125 NL/g/h,10.1016/j.jcat.2012.05.020,"CuZnAl [Table 2, CuZnAl]",0.427568,0.013,0.82,0.18,0,249.85,30,3,1370.74,1356.13,1355.34,1477.77,871.603,1259.07,1514.64,1463.15,1782.59,964.012,0.005,0.005,0.005,0.005,0.005,0.005,0.005,0.005,0.005,0.005
10.1016/j.jcat.2012.05.020 | 30 bar | H2/CO2 3 | 13.4 NL/g/h,10.1016/j.jcat.2012.05.020,"PdMgGa [Table 2, PdMgGa]",0.0201865,0.01,0.47,0.53,0,249.85,30,3,2285.42,2310.35,2293.74,2556.53,1495.27,2077.44,2625.51,2581.46,3368.99,1791.32,0.005,0.005,0.005,0.005,0.005,0.005,0.005,0.005,0.005,0.005
10.1016/j.jcat.2012.05.020 | 30 bar | H2/CO2 3 | 13.4 NL/g/h,10.1016/j.jcat.2012.05.020,"PdZnAl [Table 2, PdZnAl]",0.0174949,0.006,0.6,0.4,0,249.85,30,3,2427.32,2458.64,2439.48,2740.44,1581.26,2229.49,2816.56,2771.76,3678.17,1925.7,0.005,0.005,0.005,0.005,0.005,0.005,0.005,0.005,0.005,0.005
10.1016/j.jcat.2012.05.020 | 30 bar | H2/CO2 3 | 13.4 NL/g/h,10.1016/j.jcat.2012.05.020,"PdMgAl [Table 2, PdMgAl]",0.000576756,0.003,0.04,0.96,0,249.85,30,3,45761.8,47198.1,46616.9,55115.4,29320.7,41545.4,56039.8,56551.7,82455.9,40110.6,0.005,0.005,0.005,0.005,0.005,0.005,0.005,0.005,0.005,0.005
10.1016/j.jcat.2016.03.017 | 20 bar | H2/CO2 3 | 3.6 NL/g/h,10.1016/j.jcat.2016.03.017,"5% Pd/ZnO SI [Figure 9b, first point]",0.144099,0.16,0.7,0.3,0,250,20,3,871.792,861.029,858.703,882.563,537.927,801.284,888.347,871.8,905.565,537.934,0.005,0.005,0.005,0.005,0.005,0.005,0.005,0.005,0.005,0.005
10.1016/j.jcat.2016.03.017 | 20 bar | H2/CO2 3 | 3.6 NL/g/h,10.1016/j.jcat.2016.03.017,"5% Pd/ZnO SI [Figure 9b, last point]",0.087746,0.11,0.62,0.38,0,250,20,3,897.112,890.084,886.264,913.22,557.81,825.331,920.758,906.191,955.725,566.888,0.005,0.005,0.005,0.005,0.005,0.005,0.005,0.005,0.005,0.005
10.1016/j.jcat.2016.03.017 | 20 bar | H2/CO2 3 | 3.6 NL/g/h,10.1016/j.jcat.2016.03.017,5% Pd/ZnO SI [Table 5 row 3],0.0842593,0.111,0.59,0.41,0,250,20,3,897.101,890.467,886.489,913.05,557.961,825.359,920.54,906.417,955.487,567.276,0.005,0.005,0.005,0.005,0.005,0.005,0.005,0.005,0.005,0.005
10.1016/j.jcat.2016.03.017 | 20 bar | H2/CO2 3 | 3.6 NL/g/h,10.1016/j.jcat.2016.03.017,5% Pd/ZnO SI [Table 5 row 2],0.0833715,0.108,0.6,0.4,0,250,20,3,899.008,892.48,888.46,915.441,559.37,827.145,923.078,908.913,959.402,569.275,0.005,0.005,0.005,0.005,0.005,0.005,0.005,0.005,0.005,0.005
10.1016/j.jcat.2016.03.017 | 20 bar | H2/CO2 3 | 3.6 NL/g/h,10.1016/j.jcat.2016.03.017,"5% Pd, SI [Table 4 row 3]",0.0825996,0.107,0.6,0.4,0,250,20,3,899.75,893.316,889.258,916.35,559.939,827.845,924.038,909.916,960.897,570.105,0.005,0.005,0.005,0.005,0.005,0.005,0.005,0.005,0.005,0.005
10.1016/j.jcat.2016.03.017 | 20 bar | H2/CO2 3 | 3.6 NL/g/h,10.1016/j.jcat.2016.03.017,5% Pd/ZnO SI [Table 5 row 1],0.0825996,0.107,0.6,0.4,0,250,20,3,899.75,893.316,889.258,916.35,559.939,827.845,924.038,909.916,960.897,570.105,0.005,0.005,0.005,0.005,0.005,0.005,0.005,0.005,0.005,0.005
10.1016/j.jcat.2016.03.017 | 20 bar | H2/CO2 3 | 3.6 NL/g/h,10.1016/j.jcat.2016.03.017,5% Pd/ZnO SI [Table 6 row 8],0.0825996,0.107,0.6,0.4,0,250,20,3,899.75,893.316,889.258,916.35,559.939,827.845,924.038,909.916,960.897,570.105,0.005,0.005,0.005,0.005,0.005,0.005,0.005,0.005,0.005,0.005
10.1016/j.jcat.2016.03.017 | 20 bar | H2/CO2 3 | 3.6 NL/g/h,10.1016/j.jcat.2016.03.017,"5% Pd/ZnO SI [Figure 10a, 275 °C]",0.0787398,0.12,0.51,0.49,0,275,20,3,895.53,889.594,885.337,910.641,557.138,823.788,917.871,904.704,951.311,566.312,0.005,0.005,0.005,0.005,0.005,0.005,0.005,0.005,0.005,0.005
10.1016/j.jcat.2016.03.017 | 20 bar | H2/CO2 3 | 3.6 NL/g/h,10.1016/j.jcat.2016.03.017,5% Pd/ZnO SI [Table 5 row 4],0.0715606,0.103,0.54,0.46,0,250,20,3,904.451,899.582,894.898,921.757,563.91,832.365,929.656,916.888,969.939,576.348,0.005,0.005,0.005,0.005,0.005,0.005,0.005,0.005,0.005,0.005
10.1016/j.jcat.2016.03.017 | 20 bar | H2/CO2 3 | 3.6 NL/g/h,10.1016/j.jcat.2016.03.017,5% Pd/ZnO SI [Table 6 row 7],0.0589519,0.079,0.58,0.42,0,250,20,3,929.3,926.935,921.249,952.559,582.548,855.619,962.122,950.194,1020.58,603.443,0.005,0.005,0.005,0.005,0.005,0.005,0.005,0.005,0.005,0.005
10.1016/j.jcat.2016.03.017 | 20 bar | H2/CO2 3 | 3.6 NL/g/h,10.1016/j.jcat.2016.03.017,5% Pd/ZnO SI [Table 6 row 6],0.0537283,0.087,0.48,0.52,0,250,20,3,922.236,921.254,915.015,943.1,577.998,849.214,952.016,942.117,1005.55,597.878,0.005,0.005,0.005,0.005,0.005,0.005,0.005,0.005,0.005,0.005
10.1016/j.jcat.2016.03.017 | 20 bar | H2/CO2 3 | 3.6 NL/g/h,10.1016/j.jcat.2016.03.017,5% Pd/ZnO SI [Table 6 row 9],0.0518756,0.063,0.64,0.36,0,250,20,3,957.084,956.659,950.197,987.322,602.928,881.374,998.639,986.897,1077.44,632.741,0.005,0.005,0.005,0.005,0.005,0.005,0.005,0.005,0.005,0.005
10.1016/j.jcat.2016.03.017 | 20 bar | H2/CO2 3 | 3.6 NL/g/h,10.1016/j.jcat.2016.03.017,5% Pd/ZnO SI [Table 6 row 10],0.0518756,0.056,0.72,0.28,0,250,20,3,973.955,973.53,967.068,1008.8,614.852,896.826,1021.19,1008.38,1112.16,649.273,0.005,0.005,0.005,0.005,0.005,0.005,0.005,0.005,0.005,0.005
10.1016/j.jcat.2016.03.017 | 20 bar | H2/CO2 3 | 3.6 NL/g/h,10.1016/j.jcat.2016.03.017,"5% Pd/ZnO SI [Figure 10a, 300 °C]",0.0355101,0.115,0.24,0.76,0,300,20,3,916.461,923.48,914.041,932.998,576.423,844.032,940.666,940.017,990.812,599.979,0.005,0.005,0.005,0.005,0.005,0.005,0.005,0.005,0.005,0.005
10.1016/j.jcat.2016.03.017 | 20 bar | H2/CO2 3 | 3.6 NL/g/h,10.1016/j.jcat.2016.03.017,"5% Pd/ZnO SI [Figure 10a, 225 °C]",0.0277905,0.08,0.27,0.73,0,225,20,3,940.662,954.236,942.175,962.728,595.351,867.657,971.972,976.302,1043.23,630.991,0.005,0.005,0.005,0.005,0.005,0.005,0.005,0.005,0.005,0.005
10.1016/j.jcat.2016.03.017 | 20 bar | H2/CO2 3 | 3.6 NL/g/h,10.1016/j.jcat.2016.03.017,"5% Pd/ZnO SI [Figure 10a, 200 °C]",0.0216148,0.08,0.21,0.79,0,200,20,3,945.37,967.559,952.052,966.849,600.802,872.762,975.935,989.039,1054.26,644.47,0.005,0.005,0.005,0.005,0.005,0.005,0.005,0.005,0.005,0.005
10.1016/j.jcat.2016.03.017 | 20 bar | H2/CO2 3 | 3.6 NL/g/h,10.1016/j.jcat.2016.03.017,5% Pd/ZnO SI [Table 5 row 5],0.0203797,0.072,0.22,0.78,0,250,20,3,964.666,989.205,972.758,990.532,615.164,890.246,1000.77,1015.07,1093,665.568,0.005,0.005,0.005,0.005,0.005,0.005,0.005,0.005,0.005,0.005
10.1016/j.jcat.2016.03.017 | 20 bar | H2/CO2 3 | 3.6 NL/g/h,10.1016/j.jcat.2016.03.017,"1% Pd, SI [Table 4 row 1]",0.0166228,0.017,0.76,0.24,0,250,20,3,1407.44,1441.27,1421.1,1556.61,924.572,1296.06,1587.69,1590.44,2015.9,1107.57,0.005,0.005,0.005,0.005,0.005,0.005,0.005,0.005,0.005,0.005
10.1016/j.jcat.2016.03.017 | 20 bar | H2/CO2 3 | 3.6 NL/g/h,10.1016/j.jcat.2016.03.017,"1% Pd, IM [Table 4 row 2]",0.00905765,0.032,0.22,0.78,0,250,20,3,1179.45,1255.38,1218.38,1254.2,776.286,1088.34,1274.3,1330.13,1547.19,926.971,0.005,0.005,0.005,0.005,0.005,0.005,0.005,0.005,0.005,0.005
10.1016/j.jcat.2016.03.017 | 20 bar | H2/CO2 3 | 3.6 NL/g/h,10.1016/j.jcat.2016.03.017,"5% Pd/ZnO SI [Figure 10a, 175 °C]",0.0036668,0.095,0.03,0.97,0,175,20,3,1033.11,1245.06,1153.65,1050.97,692.25,961.341,1059.03,1262.91,1317.57,922.053,0.005,0.005,0.005,0.005,0.005,0.005,0.005,0.005,0.005,0.005
10.1016/j.jcat.2016.03.017 | 20 bar | H2/CO2 3 | 3.6 NL/g/h,10.1016/j.jcat.2016.03.017,5% Pd/ZnO IM [Table 5 row 6],0.00242897,0.087,0.0217,0.9783,0,250,20,3,1088.22,1416.63,1278.64,1109.09,743.983,1015.2,1118,1437.49,1500.92,1093.25,0.005,0.005,0.005,0.005,0.005,0.005,0.005,0.005,0.005,0.005
10.1016/j.jcat.2016.03.017 | 20 bar | H2/CO2 3 | 3.6 NL/g/h,10.1016/j.jcat.2016.03.017,5% Pd/ZnO IM [Table 6 row 5],0.00234161,0.007,0.26,0.74,0,250,20,3,4749.94,5091.22,4948.07,5833.37,3227.93,4337.17,5943.06,6174.65,9167.27,4652.65,0.005,0.005,0.005,0.005,0.005,0.005,0.005,0.005,0.005,0.005
10.1016/j.jcat.2016.03.017 | 20 bar | H2/CO2 3 | 3.6 NL/g/h,10.1016/j.jcat.2016.03.017,"5% Pd/ZnO IM [Figure 9a, last point]",0.00180124,0.07,0.02,0.98,0,250,20,3,1148.22,1596.85,1410.77,1174.94,797.806,1073.55,1185.39,1623.57,1703.98,1273.16,0.005,0.005,0.005,0.005,0.005,0.005,0.005,0.005,0.005,0.005
10.1016/j.jcat.2016.03.017 | 20 bar | H2/CO2 3 | 3.6 NL/g/h,10.1016/j.jcat.2016.03.017,5% Pd/ZnO IM [Table 6 row 3],0.00172404,0.067,0.02,0.98,0,250,20,3,1159.59,1629.06,1434.64,1187.72,807.695,1084.51,1198.52,1657.18,1741.63,1305.28,0.005,0.005,0.005,0.005,0.005,0.005,0.005,0.005,0.005,0.005
10.1016/j.jcat.2016.03.017 | 20 bar | H2/CO2 3 | 3.6 NL/g/h,10.1016/j.jcat.2016.03.017,"5% Pd/ZnO IM [Figure 9a, first point]",0.00154392,0.12,0.01,0.99,0,250,20,3,1127.09,1653.26,1436.16,1141.74,789.275,1055.67,1148.83,1667.92,1713.18,1330.1,0.005,0.005,0.005,0.005,0.005,0.005,0.005,0.005,0.005,0.005
10.1016/j.jcat.2016.03.017 | 20 bar | H2/CO2 3 | 3.6 NL/g/h,10.1016/j.jcat.2016.03.017,"5% Pd/ZnO SI [Figure 10a, 150 °C]",0.0012866,0.1,0.01,0.99,0,150,20,3,1164.52,1799.24,1538.72,1181.51,824.501,1092.89,1189.32,1816.24,1868.39,1476.22,0.005,0.005,0.005,0.005,0.005,0.005,0.005,0.005,0.005,0.005
10.1016/j.jcat.2016.03.017 | 20 bar | H2/CO2 3 | 3.6 NL/g/h,10.1016/j.jcat.2016.03.017,"5% Pd, IM [Table 4 row 4]",0.00111934,0.087,0.01,0.99,0,250,20,3,1204.6,1936.64,1637.19,1225.46,860.361,1131.58,1234.38,1957.51,2020.94,1613.27,0.005,0.005,0.005,0.005,0.005,0.005,0.005,0.005,0.005,0.005
10.1016/j.jcat.2016.03.017 | 20 bar | H2/CO2 3 | 3.6 NL/g/h,10.1016/j.jcat.2016.03.017,5% Pd/ZnO IM [Table 5 row 7],0.00109361,0.085,0.01,0.99,0,250,20,3,1211,1960.66,1654.17,1232.42,866.189,1137.83,1241.49,1982.07,2047.11,1637.26,0.005,0.005,0.005,0.005,0.005,0.005,0.005,0.005,0.005,0.005
10.1016/j.jcat.2020.01.014 | 30 bar | H2/CO2 4 | 26 NL/g/h,10.1016/j.jcat.2020.01.014,"In2O3 [Fig. 1b, In2O3, H2O 0 mol%]",0.0544714,0.013,0.8,0.2,0,249.85,30,4,1542.21,1541.01,1534.86,1677.31,983.925,1428.38,1720.39,1676.11,2076.25,1117.83,0.005,0.005,0.005,0.005,0.005,0.005,0.005,0.005,0.005,0.005
10.1016/j.jcat.2020.01.014 | 50 bar | H2/CO2 4 | 26 NL/g/h,10.1016/j.jcat.2020.01.014,"In2O3/ZrO2 [Fig. 1a, In2O3/ZrO2, H2O 0 mol%]",0.0881155,0.024,0.665,0.335,0,249.85,50,4,1416.97,1409.9,1406.09,1478.61,903.876,1295.72,1514.86,1471.55,1670.1,958.456,0.005,0.005,0.005,0.005,0.005,0.005,0.005,0.005,0.005,0.005
10.1016/j.jcou.2016.11.015 | 40 bar | H2/CO2 3.04 | 1.5 NL/g/h,10.1016/j.jcou.2016.11.015,"CZA-5 [Text, 513 K, 55.3 wt.% catalyst]",0.0543639,0.185,0.571,0.429,0,239.85,40,3.04167,888.925,887.76,881.595,893.376,556.528,818.888,898.813,892.211,909.103,559.814,0.005,0.005,0.005,0.005,0.005,0.005,0.005,0.005,0.005,0.005
10.1016/j.jcou.2016.11.015 | 40 bar | H2/CO2 3.04 | 1.5 NL/g/h,10.1016/j.jcou.2016.11.015,"CZA-4 [Table 4, 513 K, CZA-4]",0.0532111,0.183,0.565,0.435,5.55112e-17,239.85,40,3.04167,889.679,888.848,882.549,894.18,557.175,819.618,899.66,893.349,910.416,560.846,0.005,0.005,0.005,0.005,0.005,0.005,0.005,0.005,0.005,0.005
10.1016/j.jcou.2016.11.015 | 40 bar | H2/CO2 3.04 | 1.5 NL/g/h,10.1016/j.jcou.2016.11.015,"CZA-4 [Fig. 9 text, CZA-4 after 200 h]",0.0523501,0.181,0.562,0.438,0,239.85,40,3.04167,890.35,889.778,883.375,894.903,557.737,820.264,900.426,894.331,911.576,561.718,0.005,0.005,0.005,0.005,0.005,0.005,0.005,0.005,0.005,0.005
10.1016/j.jcou.2016.11.015 | 40 bar | H2/CO2 3.04 | 1.5 NL/g/h,10.1016/j.jcou.2016.11.015,"CZA-3 [Table 4, 513 K, CZA-3]",0.0485346,0.174,0.542,0.458,0,239.85,40,3.04167,893.151,893.837,886.931,897.895,560.135,822.974,903.577,898.581,916.482,565.566,0.005,0.005,0.005,0.005,0.005,0.005,0.005,0.005,0.005,0.005
10.1016/j.jcou.2016.11.015 | 40 bar | H2/CO2 3.04 | 1.5 NL/g/h,10.1016/j.jcou.2016.11.015,"CZA-4 [Table 4, 493 K, CZA-4]",0.0454684,0.15,0.589,0.411,0,219.85,40,3.04167,899.445,901.296,893.924,904.918,564.919,828.98,911.184,906.769,927.157,572.243,0.005,0.005,0.005,0.005,0.005,0.005,0.005,0.005,0.005,0.005
10.1016/j.jcou.2016.11.015 | 40 bar | H2/CO2 3.04 | 1.5 NL/g/h,10.1016/j.jcou.2016.11.015,"CZA-2 [Table 4, 513 K, CZA-2]",0.0411855,0.156,0.513,0.487,0,239.85,40,3.04167,900.581,904.349,896.21,905.898,566.352,830.125,912.041,909.665,929.521,575.436,0.005,0.005,0.005,0.005,0.005,0.005,0.005,0.005,0.005,0.005
10.1016/j.jcou.2016.11.015 | 40 bar | H2/CO2 3.04 | 1.5 NL/g/h,10.1016/j.jcou.2016.11.015,"CZA-3 [Table 4, 493 K, CZA-3]",0.0383658,0.127,0.587,0.413,0,219.85,40,3.04167,910.257,915.52,906.783,916.757,573.55,839.304,923.799,922.02,945.864,585.312,0.005,0.005,0.005,0.005,0.005,0.005,0.005,0.005,0.005,0.005
10.1016/j.jcou.2016.11.015 | 40 bar | H2/CO2 3.04 | 1.5 NL/g/h,10.1016/j.jcou.2016.11.015,"CZA-2 [Table 4, 493 K, CZA-2]",0.0341288,0.118,0.562,0.438,0,219.85,40,3.04167,916.579,924.554,914.732,923.594,578.771,845.374,931.008,931.568,957.13,593.76,0.005,0.005,0.005,0.005,0.005,0.005,0.005,0.005,0.005,0.005
10.1016/j.jcou.2016.11.015 | 40 bar | H2/CO2 3.04 | 1.5 NL/g/h,10.1016/j.jcou.2016.11.015,"CZA-1 [Table 4, 513 K, CZA-1]",0.0243815,0.141,0.336,0.664,0,239.85,40,3.04167,918.082,935.872,922.125,923.993,582.586,847.33,930.595,941.783,963.649,606.286,0.005,0.005,0.005,0.005,0.005,0.005,0.005,0.005,0.005,0.005
10.1016/j.jcou.2016.11.015 | 40 bar | H2/CO2 3.04 | 1.5 NL/g/h,10.1016/j.jcou.2016.11.015,"CZA-1 [Table 4, 493 K, CZA-1]",0.0192146,0.104,0.359,0.641,1.11022e-16,219.85,40,3.04167,940.029,967.061,949.617,948.031,600.1,868.331,956.131,975.063,1003.89,635.133,0.005,0.005,0.005,0.005,0.005,0.005,0.005,0.005,0.005,0.005
10.1016/j.jcou.2022.102209 | 40 bar | H2/CO2 3 | 24 NL/g/h,10.1016/j.jcou.2022.102209,"CoIn-73-BP-1 [SI Fig. S2, CoIn-73-BP-1, 285 °C]",0.439159,0.08,0.64,0.31,0.05,285,40,3,981.225,966.555,965.791,995.65,607.605,902.271,1007.64,980.979,1030.55,607.359,0.005,0.005,0.005,0.005,0.005,0.005,0.005,0.005,0.005,0.005
10.1016/j.jcou.2022.102209 | 40 bar | H2/CO2 3 | 24 NL/g/h,10.1016/j.jcou.2022.102209,"CoIn-73-BP-1 [SI Fig. S2, CoIn-73-BP-1, 270 °C]",0.437443,0.068,0.75,0.22,0.03,270,40,3,971.05,956.386,955.62,986.485,602.997,892.562,999.027,971.822,1024.61,603.769,0.005,0.005,0.005,0.005,0.005,0.005,0.005,0.005,0.005,0.005
10.1016/j.jcou.2022.102209 | 40 bar | H2/CO2 3 | 24 NL/g/h,10.1016/j.jcou.2022.102209,"CoIn-73-BP-1 [SI Fig. S2, CoIn-73-BP-1, 300 °C]",0.42432,0.097,0.51,0.42,0.07,300,40,3,990.816,976.212,975.422,1004.1,611.788,911.547,1015.44,989.491,1035.41,610.464,0.005,0.005,0.005,0.005,0.005,0.005,0.005,0.005,0.005,0.005
10.1016/j.jcou.2022.102209 | 40 bar | H2/CO2 3 | 24 NL/g/h,10.1016/j.jcou.2022.102209,"CoIn-73-BP-1 [SI Fig. S2, CoIn-73-BP-1, 255 °C]",0.417887,0.058,0.84,0.14,0.02,255,40,3,974.926,960.352,959.55,992.135,606.782,896.021,1005.62,977.562,1035.95,609.418,0.005,0.005,0.005,0.005,0.005,0.005,0.005,0.005,0.005,0.005
10.1016/j.jcou.2022.102209 | 40 bar | H2/CO2 3 | 24 NL/g/h,10.1016/j.jcou.2022.102209,"CoIn-73-BP-1 [SI Fig. S2, CoIn-73-BP-1, 240 °C]",0.401418,0.052,0.9,0.09,0.01,240,40,3,972.737,958.246,957.411,990.913,606.382,894.076,1004.89,976.422,1037.85,610.066,0.005,0.005,0.005,0.005,0.005,0.005,0.005,0.005,0.005,0.005
10.1016/j.jcou.2022.102209 | 40 bar | H2/CO2 3 | 24 NL/g/h,10.1016/j.jcou.2022.102209,"CoIn-64-BP-1 [SI Fig. S2, CoIn-64-BP-1, 300 °C]",0.321135,0.078,0.48,0.455,0.065,300,40,3,1011.14,997.175,996.131,1027.4,626.731,929.757,1040.37,1013.43,1068.79,629.013,0.005,0.005,0.005,0.005,0.005,0.005,0.005,0.005,0.005,0.005
10.1016/j.jcou.2022.102209 | 40 bar | H2/CO2 3 | 24 NL/g/h,10.1016/j.jcou.2022.102209,"CoIn-64-BP-1 [SI Fig. S2, CoIn-64-BP-1, 285 °C]",0.31393,0.061,0.6,0.35,0.05,285,40,3,1022.52,1008.61,1007.54,1042.09,636.262,939.517,1056.77,1028.19,1093.99,641.925,0.005,0.005,0.005,0.005,0.005,0.005,0.005,0.005,0.005,0.005
10.1016/j.jcou.2022.102209 | 40 bar | H2/CO2 3 | 24 NL/g/h,10.1016/j.jcou.2022.102209,"CoIn-64-BP-1 [SI Fig. S2, CoIn-64-BP-1, 270 °C]",0.313072,0.05,0.73,0.245,0.025,270,40,3,1018.59,1004.69,1003.62,1040.67,636.512,935.139,1056.57,1026.77,1100.4,644.692,0.005,0.005,0.005,0.005,0.005,0.005,0.005,0.005,0.005,0.005
10.1016/j.jcou.2022.102209 | 40 bar | H2/CO2 3 | 24 NL/g/h,10.1016/j.jcou.2022.102209,"CoIn-64-BP-1 [SI Fig. S2, CoIn-64-BP-1, 240 °C]",0.312214,0.04,0.91,0.085,0.005,240,40,3,1017.97,1004.07,1003,1042.78,638.066,934.756,1059.95,1028.88,1110.98,648.979,0.005,0.005,0.005,0.005,0.005,0.005,0.005,0.005,0.005,0.005
10.1016/j.jcou.2022.102209 | 40 bar | H2/CO2 3 | 24 NL/g/h,10.1016/j.jcou.2022.102209,"CoIn-82-BP-1 [SI Fig. S2, CoIn-82-BP-1, 300 °C]",0.297204,0.077,0.45,0.47,0.08,300,40,3,1033.56,1019.8,1018.68,1050.93,640.204,950.658,1064.48,1037.17,1096.05,643.812,0.005,0.005,0.005,0.005,0.005,0.005,0.005,0.005,0.005,0.005
10.1016/j.jcou.2022.102209 | 40 bar | H2/CO2 3 | 24 NL/g/h,10.1016/j.jcou.2022.102209,"CoIn-64-BP-1 [SI Fig. S2, CoIn-64-BP-1, 255 °C]",0.295403,0.042,0.82,0.17,0.01,255,40,3,1026.92,1013.18,1012.05,1052.04,643.88,942.404,1069.35,1038.3,1121.33,655.252,0.005,0.005,0.005,0.005,0.005,0.005,0.005,0.005,0.005,0.005
10.1016/j.jcou.2022.102209 | 40 bar | H2/CO2 3 | 24 NL/g/h,10.1016/j.jcou.2022.102209,"CoIn-82-BP-1 [SI Fig. S2, CoIn-82-BP-1, 285 °C]",0.288198,0.06,0.56,0.38,0.06,285,40,3,1039.53,1025.86,1024.69,1060.11,646.715,955.308,1075.28,1046.44,1115.4,653.626,0.005,0.005,0.005,0.005,0.005,0.005,0.005,0.005,0.005,0.005
10.1016/j.jcou.2022.102209 | 40 bar | H2/CO2 3 | 24 NL/g/h,10.1016/j.jcou.2022.102209,"CoIn-82-BP-1 [SI Fig. S2, CoIn-82-BP-1, 270 °C]",0.275847,0.048,0.67,0.305,0.025,270,40,3,1028.66,1015.12,1013.91,1051.97,643.609,944.209,1068.44,1038.43,1115.87,653.375,0.005,0.005,0.005,0.005,0.005,0.005,0.005,0.005,0.005,0.005
10.1016/j.jcou.2022.102209 | 40 bar | H2/CO2 3 | 24 NL/g/h,10.1016/j.jcou.2022.102209,"CoIn-82-BP-1 [SI Fig. S2, CoIn-82-BP-1, 255 °C]",0.274474,0.04,0.8,0.185,0.015,255,40,3,1046.89,1033.36,1032.14,1074.08,656.951,960.531,1092.32,1060.55,1149.99,670.614,0.005,0.005,0.005,0.005,0.005,0.005,0.005,0.005,0.005,0.005
10.1016/j.jcou.2022.102209 | 40 bar | H2/CO2 3 | 24 NL/g/h,10.1016/j.jcou.2022.102209,"CoIn-N [Fig. 1/Table 1, CoIn-N, 300 °C]",0.266068,0.066,0.47,0.44,0.09,300,40,3,1074.08,1060.65,1059.39,1095.3,666.476,987.523,1110.78,1081.87,1152.83,674.271,0.005,0.005,0.005,0.005,0.005,0.005,0.005,0.005,0.005,0.005
10.1016/j.jcou.2022.102209 | 40 bar | H2/CO2 3 | 24 NL/g/h,10.1016/j.jcou.2022.102209,"CoIn-N [Fig. 1, CoIn-N, 285 °C]",0.263152,0.052,0.59,0.353,0.057,285,40,3,1067.22,1053.83,1052.55,1091.61,665.964,979.886,1108.58,1078.21,1158.99,676.956,0.005,0.005,0.005,0.005,0.005,0.005,0.005,0.005,0.005,0.005
10.1016/j.jcou.2022.102209 | 40 bar | H2/CO2 3 | 24 NL/g/h,10.1016/j.jcou.2022.102209,"CoIn-82-BP-1 [SI Fig. S2, CoIn-82-BP-1, 240 °C]",0.258177,0.035,0.86,0.135,0.005,240,40,3,1054.69,1041.36,1040.06,1084.39,663.282,967.762,1103.73,1071.06,1168.23,679.65,0.005,0.005,0.005,0.005,0.005,0.005,0.005,0.005,0.005,0.005
10.1016/j.jcou.2022.102209 | 40 bar | H2/CO2 3 | 24 NL/g/h,10.1016/j.jcou.2022.102209,"CoIn-N [Fig. 1, CoIn-N, 270 °C]",0.254489,0.043,0.69,0.262,0.048,270,40,3,1090.04,1076.76,1075.44,1118.73,682.378,1000.25,1137.63,1105.45,1199.5,697.782,0.005,0.005,0.005,0.005,0.005,0.005,0.005,0.005,0.005,0.005
10.1016/j.jcou.2022.102209 | 40 bar | H2/CO2 3 | 24 NL/g/h,10.1016/j.jcou.2022.102209,"CoIn-N [Fig. 1, CoIn-N, 255 °C]",0.233303,0.034,0.8,0.175,0.025,255,40,3,1116.35,1103.36,1101.93,1151.54,702.908,1023.02,1173.17,1138.56,1252.51,725.112,0.005,0.005,0.005,0.005,0.005,0.005,0.005,0.005,0.005,0.005
10.1016/j.jcou.2022.102209 | 40 bar | H2/CO2 3 | 24 NL/g/h,10.1016/j.jcou.2022.102209,"CoIn-N [Fig. 1, CoIn-N, 240 °C]",0.226441,0.03,0.88,0.105,0.015,240,40,3,1092.06,1079.18,1077.7,1126.2,687.192,1002.92,1147.4,1113.32,1224.07,708.452,0.005,0.005,0.005,0.005,0.005,0.005,0.005,0.005,0.005,0.005
10.1016/j.jcou.2022.102209 | 40 bar | H2/CO2 3 | 24 NL/g/h,10.1016/j.jcou.2022.102209,"CoIn-91-BP-1 [SI Fig. S2, CoIn-91-BP-1, 300 °C]",0.141268,0.061,0.27,0.53,0.2,300,40,3,1280.5,1269.85,1267.48,1312.26,790.438,1179.75,1332.45,1301.61,1405.07,811.554,0.005,0.005,0.005,0.005,0.005,0.005,0.005,0.005,0.005,0.005
10.1016/j.jcou.2022.102209 | 40 bar | H2/CO2 3 | 24 NL/g/h,10.1016/j.jcou.2022.102209,"CoIn-91-BP-1 [SI Fig. S2, CoIn-91-BP-1, 285 °C]",0.140153,0.043,0.38,0.48,0.14,285,40,3,1268.92,1258.32,1255.92,1307.53,791.087,1165.61,1330.52,1296.93,1421.29,819.103,0.005,0.005,0.005,0.005,0.005,0.005,0.005,0.005,0.005,0.005
10.1016/j.jcou.2022.102209 | 40 bar | H2/CO2 3 | 24 NL/g/h,10.1016/j.jcou.2022.102209,"In-BP-1 [SI Fig. S2, In-BP-1, 300 °C]",0.139639,0.044,0.37,0.63,0,300,40,3,1066.44,1055.86,1053.46,1096,674.758,975.128,1115.27,1085.42,1182.14,693.735,0.005,0.005,0.005,0.005,0.005,0.005,0.005,0.005,0.005,0.005
10.1016/j.jcou.2022.102209 | 40 bar | H2/CO2 3 | 24 NL/g/h,10.1016/j.jcou.2022.102209,"CoIn-91-BP-1 [SI Fig. S2, CoIn-91-BP-1, 270 °C]",0.137237,0.032,0.5,0.4,0.1,270,40,3,1316.88,1306.41,1303.96,1367.11,828.183,1205.87,1394.49,1356.64,1516.11,867.945,0.005,0.005,0.005,0.005,0.005,0.005,0.005,0.005,0.005,0.005
10.1016/j.jcou.2022.102209 | 40 bar | H2/CO2 3 | 24 NL/g/h,10.1016/j.jcou.2022.102209,"CoIn-91-BP-1 [SI Fig. S2, CoIn-91-BP-1, 255 °C]",0.129689,0.024,0.63,0.3,0.07,255,40,3,1439.76,1429.65,1427.06,1510.41,913.485,1313.2,1544.76,1500.29,1720.75,974.008,0.005,0.005,0.005,0.005,0.005,0.005,0.005,0.005,0.005,0.005
10.1016/j.jcou.2022.102209 | 40 bar | H2/CO2 3 | 24 NL/g/h,10.1016/j.jcou.2022.102209,"CoIn-91-BP-1 [SI Fig. S2, CoIn-91-BP-1, 240 °C]",0.125229,0.02,0.73,0.23,0.04,240,40,3,1348.1,1338.22,1335.54,1413.68,856.169,1233.82,1446.37,1403.79,1609.18,911.857,0.005,0.005,0.005,0.005,0.005,0.005,0.005,0.005,0.005,0.005
10.1016/j.jcou.2022.102209 | 40 bar | H2/CO2 3 | 24 NL/g/h,10.1016/j.jcou.2022.102209,"In-BP-1 [SI Fig. S2, In-BP-1, 285 °C]",0.120769,0.032,0.44,0.56,0,285,40,3,1202.65,1193.01,1190.24,1250.22,767.263,1095.21,1276.63,1240.58,1392.03,805.191,0.005,0.005,0.005,0.005,0.005,0.005,0.005,0.005,0.005,0.005
10.1016/j.jcou.2022.102209 | 40 bar | H2/CO2 3 | 24 NL/g/h,10.1016/j.jcou.2022.102209,"1.04 wt% K/CoIn-N [SI Fig. S1, 1.04 wt% K/CoIn-N, 300 °C]",0.10653,0.069,0.18,0.796,0.024,300,40,3,986.78,978.067,974.921,1003.05,618.319,906.915,1016.04,994.336,1049.76,625.875,0.005,0.005,0.005,0.005,0.005,0.005,0.005,0.005,0.005,0.005
10.1016/j.jcou.2022.102209 | 40 bar | H2/CO2 3 | 24 NL/g/h,10.1016/j.jcou.2022.102209,"1.04 wt% K/CoIn-N [SI Fig. S1, 1.04 wt% K/CoIn-N, 285 °C]",0.105072,0.049,0.25,0.732,0.018,285,40,3,1038.26,1029.65,1026.46,1062.1,654.051,952.733,1078.82,1053.5,1132.59,669.29,0.005,0.005,0.005,0.005,0.005,0.005,0.005,0.005,0.005,0.005
10.1016/j.jcou.2022.102209 | 40 bar | H2/CO2 3 | 24 NL/g/h,10.1016/j.jcou.2022.102209,"1.04 wt% K/CoIn-N [SI Fig. S1, 1.04 wt% K/CoIn-N, 255 °C]",0.0958944,0.026,0.43,0.563,0.007,255,40,3,1249.37,1241.53,1238.03,1303.29,797.486,1140.05,1331.99,1295.45,1465.99,843.565,0.005,0.005,0.005,0.005,0.005,0.005,0.005,0.005,0.005,0.005
10.1016/j.jcou.2022.102209 | 40 bar | H2/CO2 3 | 24 NL/g/h,10.1016/j.jcou.2022.102209,"1.04 wt% K/CoIn-N [SI Fig. S1, 1.04 wt% K/CoIn-N, 270 °C]",0.093407,0.033,0.33,0.657,0.013,270,40,3,1156.14,1148.53,1144.94,1196.22,734.619,1057.32,1219.8,1188.62,1317.45,767.098,0.005,0.005,0.005,0.005,0.005,0.005,0.005,0.005,0.005,0.005
10.1016/j.jcou.2022.102209 | 40 bar | H2/CO2 3 | 24 NL/g/h,10.1016/j.jcou.2022.102209,"In-BP-1 [SI Fig. S2, In-BP-1, 270 °C]",0.0905765,0.022,0.48,0.52,0,270,40,3,1594.99,1587.66,1583.96,1694.69,1030.81,1438.48,1737.97,1687.37,1993.79,1123.19,0.005,0.005,0.005,0.005,0.005,0.005,0.005,0.005,0.005,0.005
10.1016/j.jcou.2022.102209 | 40 bar | H2/CO2 3 | 24 NL/g/h,10.1016/j.jcou.2022.102209,"1.04 wt% K/CoIn-N [SI Fig. S1, 1.04 wt% K/CoIn-N, 240 °C]",0.0802837,0.018,0.52,0.475,0.005,240,40,3,1603.68,1597.54,1593.37,1706.47,1033.79,1453.11,1750.64,1700.33,2015.84,1130.44,0.005,0.005,0.005,0.005,0.005,0.005,0.005,0.005,0.005,0.005
10.1016/j.jcou.2022.102209 | 40 bar | H2/CO2 3 | 24 NL/g/h,10.1016/j.jcou.2022.102209,"In-BP-1 [SI Fig. S2, In-BP-1, 255 °C]",0.0672462,0.016,0.49,0.51,0,255,40,3,1822.37,1818.25,1813.27,1956.07,1179.96,1645.23,2008.8,1951.95,2358.04,1309.54,0.005,0.005,0.005,0.005,0.005,0.005,0.005,0.005,0.005,0.005
10.1016/j.jcou.2022.102209 | 40 bar | H2/CO2 3 | 24 NL/g/h,10.1016/j.jcou.2022.102209,"In-BP-1 [SI Fig. S2, In-BP-1, 240 °C]",0.0566103,0.012,0.55,0.45,0,240,40,3,1856.14,1854.36,1848.44,1999.33,1198.8,1686.08,2054.59,1997.56,2431.39,1340.22,0.005,0.005,0.005,0.005,0.005,0.005,0.005,0.005,0.005,0.005
10.1016/j.jes.2023.05.010 | 30 bar | H2/CO2 4 | 18 NL/g/h,10.1016/j.jes.2023.05.010,"Au/In2O3-NS [Fig. 6a,b and text, Au/In2O3-NS, 300°C]",0.32,0.127,0.598,0.402,0,300,30,4,895.777,881.816,880.769,907.808,552.434,823.378,916.497,893.848,933.83,550.505,0.005,0.005,0.005,0.005,0.005,0.005,0.005,0.005,0.005,0.005
10.1016/j.jes.2023.05.010 | 30 bar | H2/CO2 4 | 18 NL/g/h,10.1016/j.jes.2023.05.010,"Au/In2O3-NP [Fig. 6a,b, Au/In2O3-NP, 300°C]",0.188,0.0803,0.5483,0.4517,0,300,30,4,952.45,940.329,938.546,973.748,592.643,875.386,986.434,961.626,1029.98,601.819,0.005,0.005,0.005,0.005,0.005,0.005,0.005,0.005,0.005,0.005
10.1016/j.jes.2023.05.010 | 30 bar | H2/CO2 4 | 18 NL/g/h,10.1016/j.jes.2023.05.010,"Au/In2O3-NS [Fig. 6a,b, Au/In2O3-NS, 275°C]",0.16,0.058,0.64,0.36,0,275,30,4,1001.39,990.049,987.954,1031.47,626.161,920.668,1047.4,1020.13,1114.88,644.9,0.005,0.005,0.005,0.005,0.005,0.005,0.005,0.005,0.005,0.005
10.1016/j.jes.2023.05.010 | 30 bar | H2/CO2 4 | 18 NL/g/h,10.1016/j.jes.2023.05.010,"Au/In2O3-HM [Fig. 6a,b, Au/In2O3-HM, 300°C]",0.157,0.0634,0.5729,0.4271,0,300,30,4,1002.27,991.027,988.892,1031.94,627.219,920.388,1047.72,1020.7,1114.22,645.647,0.005,0.005,0.005,0.005,0.005,0.005,0.005,0.005,0.005,0.005
10.1016/j.jes.2023.05.010 | 30 bar | H2/CO2 4 | 18 NL/g/h,10.1016/j.jes.2023.05.010,"Au/In2O3-NP [Fig. 6a,b, Au/In2O3-NP, 275°C]",0.107,0.037,0.67,0.33,0,275,30,4,1184.02,1175.27,1172.14,1245.45,750.997,1084.75,1270.95,1236.7,1423.91,803.677,0.005,0.005,0.005,0.005,0.005,0.005,0.005,0.005,0.005,0.005
10.1016/j.jes.2023.05.010 | 30 bar | H2/CO2 4 | 18 NL/g/h,10.1016/j.jes.2023.05.010,"Au/In2O3-HM [Fig. 6a,b, Au/In2O3-HM, 275°C]",0.09,0.031,0.66,0.34,0,275,30,4,1342.96,1335.69,1331.97,1431.8,858.482,1226.07,1464.37,1424.53,1691.43,940.055,0.005,0.005,0.005,0.005,0.005,0.005,0.005,0.005,0.005,0.005
10.1016/j.jes.2023.05.010 | 30 bar | H2/CO2 4 | 18 NL/g/h,10.1016/j.jes.2023.05.010,"Au/In2O3-NS [Fig. 6a,b, Au/In2O3-NS, 250°C]",0.078,0.025,0.65,0.35,0,250,30,4,1430.07,1424.23,1419.93,1536.03,915.662,1307.81,1572.65,1530.19,1846.55,1015.79,0.005,0.005,0.005,0.005,0.005,0.005,0.005,0.005,0.005,0.005
10.1016/j.jes.2023.05.010 | 30 bar | H2/CO2 4 | 18 NL/g/h,10.1016/j.jes.2023.05.010,"Au/In2O3-NP [Fig. 6a,b, Au/In2O3-NP, 250°C]",0.052,0.012,0.75,0.25,0,250,30,4,1661.98,1661.52,1655.07,1819.98,1062.33,1538.16,1867.83,1819.51,2285.24,1219.87,0.005,0.005,0.005,0.005,0.005,0.005,0.005,0.005,0.005,0.005
10.1016/j.jes.2023.05.010 | 30 bar | H2/CO2 4 | 18 NL/g/h,10.1016/j.jes.2023.05.010,"Au/In2O3-HM [Fig. 6a,b, Au/In2O3-HM, 250°C]",0.034,0.009,0.66,0.34,0,250,30,4,2074.24,2082.31,2072.45,2312.81,1331.08,1921.16,2376.04,2320.88,3016.1,1577.71,0.005,0.005,0.005,0.005,0.005,0.005,0.005,0.005,0.005,0.005
10.1016/j.jes.2023.05.010 | 30 bar | H2/CO2 4 | 18 NL/g/h,10.1016/j.jes.2023.05.010,"Au/In2O3-NS [Fig. 6a,b, Au/In2O3-NS, 225°C]",0.017,0.01,0.48,0.52,0,225,30,4,2527.25,2559.96,2540.25,2843.71,1636.31,2324.8,2920.38,2876.42,3792.27,1985.48,0.005,0.005,0.005,0.005,0.005,0.005,0.005,0.005,0.005,0.005
10.1016/j.jes.2023.05.010 | 30 bar | H2/CO2 4 | 18 NL/g/h,10.1016/j.jes.2023.05.010,"Au/In2O3-NP [Fig. 6a,b, Au/In2O3-NP, 225°C]",0.014,0.004,0.94,0.06,0,225,30,4,2519.06,2562.33,2538.39,2856.93,1613.16,2366,2937.14,2900.2,3876.58,1994.31,0.005,0.005,0.005,0.005,0.005,0.005,0.005,0.005,0.005,0.005
10.1016/j.jes.2023.05.010 | 30 bar | H2/CO2 4 | 18 NL/g/h,10.1016/j.jes.2023.05.010,"Au/In2O3-HM [Fig. 6a,b, Au/In2O3-HM, 225°C]",0.012,0.003,0.91,0.09,0,225,30,4,3122.69,3175.94,3148.01,3586.94,1995.76,2936.93,3686.84,3640.19,4972.7,2513.26,0.005,0.005,0.005,0.005,0.005,0.005,0.005,0.005,0.005,0.005
10.1016/j.jes.2023.05.010 | 30 bar | H2/CO2 4 | 18 NL/g/h,10.1016/j.jes.2023.05.010,"Au/In2O3-NS [Fig. 6a,b, Au/In2O3-NS, 200°C]",0.006,0.003,0.42,0.58,0,200,30,4,6058.21,6181.3,6125.43,7113.87,3867.87,5658.94,7292.19,7236.95,10224.2,5046.61,0.005,0.005,0.005,0.005,0.005,0.005,0.005,0.005,0.005,0.005
10.1016/j.jes.2023.05.010 | 30 bar | H2/CO2 4 | 18 NL/g/h,10.1016/j.jes.2023.05.010,"Au/In2O3-NP [Fig. 6a,b, Au/In2O3-NP, 200°C]",0.004,0.002,0.7,0.3,0,200,30,4,5312.11,5505.02,5421.22,6223.17,3396.2,4999.32,6383.67,6416.08,8999.97,4500.17,0.005,0.005,0.005,0.005,0.005,0.005,0.005,0.005,0.005,0.005
10.1016/j.jes.2023.05.010 | 30 bar | H2/CO2 4 | 18 NL/g/h,10.1016/j.jes.2023.05.010,"Au/In2O3-HM [Fig. 6a,b, Au/In2O3-HM, 200°C]",0.003,0.001,0.69,0.31,0,200,30,4,9535.33,9798.07,9686.34,11353.3,6025.78,8998.53,11617.8,11616,16723.4,8106.44,0.005,0.005,0.005,0.005,0.005,0.005,0.005,0.005,0.005,0.005
10.1016/j.jes.2023.05.010 | 30 bar | H2/CO2 4 | 18000 h-1,10.1016/j.jes.2023.05.010,In2O3-NS [SI Table S5 row In2O3-NS],0.20757,0.0915,0.4408,0.5592,0,300,30,4,932.556,920.015,918.4,950.519,578.736,857.27,961.856,937.977,996.201,584.157,0.005,0.005,0.005,0.005,0.005,0.005,0.005,0.005,0.005,0.005
10.1016/j.jes.2023.05.010 | 30 bar | H2/CO2 4 | 18000 h-1,10.1016/j.jes.2023.05.010,In2O3-NP [SI Table S5 row In2O3-NP],0.182785,0.0746,0.4761,0.5239,0,300,30,4,965.497,953.502,951.668,989.026,601.652,887.192,1002.57,977.032,1052.13,613.187,0.005,0.005,0.005,0.005,0.005,0.005,0.005,0.005,0.005,0.005
10.1016/j.jes.2023.05.010 | 30 bar | H2/CO2 4 | 18000 h-1,10.1016/j.jes.2023.05.010,In2O3-HM [SI Table S5 row In2O3-HM],0.148751,0.0543,0.5323,0.4677,0,300,30,4,1049.5,1038.55,1036.3,1087.23,659.561,962.645,1105.73,1076.29,1193.82,686.35,0.005,0.005,0.005,0.005,0.005,0.005,0.005,0.005,0.005,0.005
10.1016/j.jes.2023.05.010 | 30 bar | H2/CO2 4 | 18000 h-1,10.1016/j.jes.2023.05.010,"In2O3-NS [SI Figure S4a,b, In2O3-NS, 275 °C]",0.116051,0.041,0.55,0.45,0,275,30,4,1124.06,1114.7,1111.81,1175.14,710.265,1031.17,1197.72,1165.79,1322.71,751.995,0.005,0.005,0.005,0.005,0.005,0.005,0.005,0.005,0.005,0.005
10.1016/j.jes.2023.05.010 | 30 bar | H2/CO2 4 | 18000 h-1,10.1016/j.jes.2023.05.010,"In2O3-NP [SI Figure S4a,b, In2O3-NP, 275 °C]",0.0856359,0.032,0.52,0.48,0,275,30,4,1308.34,1301.55,1297.63,1391.01,835.494,1195.47,1422.05,1384.21,1633.22,911.367,0.005,0.005,0.005,0.005,0.005,0.005,0.005,0.005,0.005,0.005
10.1016/j.jes.2023.05.010 | 30 bar | H2/CO2 4 | 18000 h-1,10.1016/j.jes.2023.05.010,"In2O3-HM [SI Figure S4a,b, In2O3-HM, 275 °C]",0.0722553,0.026,0.54,0.46,0,275,30,4,1600.42,1595.44,1590.8,1734.17,1031.28,1454.68,1776.96,1729.19,2125.46,1160.05,0.005,0.005,0.005,0.005,0.005,0.005,0.005,0.005,0.005,0.005
10.1016/j.jes.2023.05.010 | 30 bar | H2/CO2 4 | 18000 h-1,10.1016/j.jes.2023.05.010,"In2O3-NS [SI Figure S4a,b, In2O3-NS, 250 °C]",0.0574337,0.018,0.62,0.38,0,250,30,4,1630.1,1628.11,1622.27,1775.03,1046.9,1494.46,1820.18,1773.04,2201.36,1189.84,0.005,0.005,0.005,0.005,0.005,0.005,0.005,0.005,0.005,0.005
10.1016/j.jes.2023.05.010 | 30 bar | H2/CO2 4 | 18000 h-1,10.1016/j.jes.2023.05.010,"In2O3-NP [SI Figure S4a,b, In2O3-NP, 250 °C]",0.0394728,0.013,0.59,0.41,0,250,30,4,1909.03,1913.68,1905.19,2109.07,1228.72,1755.66,2165.18,2113.72,2699.42,1433.41,0.005,0.005,0.005,0.005,0.005,0.005,0.005,0.005,0.005,0.005
10.1016/j.jes.2023.05.010 | 30 bar | H2/CO2 4 | 18000 h-1,10.1016/j.jes.2023.05.010,"In2O3-HM [SI Figure S4a,b, In2O3-HM, 250 °C]",0.0362306,0.011,0.64,0.36,0,250,30,4,1933.8,1940.35,1931.1,2141.87,1242.49,1785.58,2199.49,2148.42,2756.95,1457.11,0.005,0.005,0.005,0.005,0.005,0.005,0.005,0.005,0.005,0.005
10.1016/j.jes.2023.05.010 | 30 bar | H2/CO2 4 | 18000 h-1,10.1016/j.jes.2023.05.010,"In2O3-NS [SI Figure S4a,b, In2O3-NS, 225 °C]",0.0226441,0.005,0.88,0.12,0,225,30,4,2300.28,2320.71,2305.91,2593.58,1470.34,2154.19,2666.38,2614.01,3464.38,1784.07,0.005,0.005,0.005,0.005,0.005,0.005,0.005,0.005,0.005,0.005
10.1016/j.jes.2023.05.010 | 30 bar | H2/CO2 4 | 18000 h-1,10.1016/j.jes.2023.05.010,"In2O3-NP [SI Figure S4a,b, In2O3-NP, 225 °C]",0.0199165,0.0045,0.86,0.14,0,225,30,4,2496.02,2521.51,2504.68,2829.36,1595.83,2338.76,2908.84,2854.86,3818.46,1954.68,0.005,0.005,0.005,0.005,0.005,0.005,0.005,0.005,0.005,0.005
10.1016/j.jes.2023.05.010 | 30 bar | H2/CO2 4 | 18000 h-1,10.1016/j.jes.2023.05.010,"In2O3-HM [SI Figure S4a,b, In2O3-HM, 225 °C]",0.0162111,0.0035,0.9,0.1,0,225,30,4,2830.32,2865.43,2844.75,3234.53,1807.82,2658.56,3325.29,3269.65,4433.18,2247.15,0.005,0.005,0.005,0.005,0.005,0.005,0.005,0.005,0.005,0.005
10.1016/j.jes.2023.05.010 | 30 bar | H2/CO2 4 | 18000 h-1,10.1016/j.jes.2023.05.010,"In2O3-NS [SI Figure S4a,b, In2O3-NS, 200 °C]",0.0062786,0.002,0.61,0.39,0,200,30,4,5952.59,6069.48,6016.09,7004.08,3785.79,5594.06,7181.9,7120.96,10096.6,4954.17,0.005,0.005,0.005,0.005,0.005,0.005,0.005,0.005,0.005,0.005
10.1016/j.jes.2023.05.010 | 30 bar | H2/CO2 4 | 18000 h-1,10.1016/j.jes.2023.05.010,"In2O3-NP [SI Figure S4a,b, In2O3-NP, 200 °C]",0.00272759,0.001,0.53,0.47,0,200,30,4,12170.2,12460.9,12338,14547.5,7666.24,11472.2,14870,14838.1,21496.8,10334.1,0.005,0.005,0.005,0.005,0.005,0.005,0.005,0.005,0.005,0.005
10.1016/j.jes.2023.05.010 | 30 bar | H2/CO2 4 | 18000 h-1,10.1016/j.jes.2023.05.010,"In2O3-HM [SI Figure S4a,b, In2O3-HM, 200 °C]",0.00216148,0.0005,0.84,0.16,0,200,30,4,14755.1,15126.2,14971.1,17705.4,9256.1,13953,18084.5,18076.5,26322.2,12577.6,0.005,0.005,0.005,0.005,0.005,0.005,0.005,0.005,0.005,0.005
10.1016/j.mcat.2020.111105 | 30 bar | H2/CO2 3 | 10000 h-1,10.1016/j.mcat.2020.111105,"35-CuO [Fig. 7/Table 2, 35-CuO, 280 °C]",0.338718,0.132,0.718,0.203,0.079,280,30,3,969.596,955.491,954.502,983.623,594.158,892.075,993.233,969.518,1015.66,594.08,0.005,0.005,0.005,0.005,0.005,0.005,0.005,0.005,0.005,0.005
10.1016/j.mcat.2020.111105 | 30 bar | H2/CO2 3 | 10000 h-1,10.1016/j.mcat.2020.111105,"35-CuO [Fig. 7, 35-CuO, 260 °C]",0.30378,0.1,0.85,0.15,2.77556e-17,260,30,3,892.034,878.213,877.11,903.71,550.556,819.486,912.228,889.89,928.771,548.412,0.005,0.005,0.005,0.005,0.005,0.005,0.005,0.005,0.005,0.005
10.1016/j.mcat.2020.111105 | 30 bar | H2/CO2 3 | 10000 h-1,10.1016/j.mcat.2020.111105,"35-CuO [Fig. 7, 35-CuO, 240 °C]",0.302458,0.091,0.93,0.05,0.02,240,30,3,918.971,905.162,904.054,932.874,566.837,844.8,942.438,919.065,964.84,566.932,0.005,0.005,0.005,0.005,0.005,0.005,0.005,0.005,0.005,0.005
10.1016/j.mcat.2020.111105 | 30 bar | H2/CO2 3 | 10000 h-1,10.1016/j.mcat.2020.111105,"35-CuO [Fig. 7, 35-CuO, 220 °C]",0.241166,0.07,0.964,0.02,0.016,220,30,3,935.132,922.027,920.638,952.521,578.926,859.981,963.617,939.417,995.891,583.212,0.005,0.005,0.005,0.005,0.005,0.005,0.005,0.005,0.005,0.005
10.1016/j.mcat.2020.111105 | 30 bar | H2/CO2 3 | 10000 h-1,10.1016/j.mcat.2020.111105,"35-CuO [Fig. 7, 35-CuO, 300 °C]",0.228586,0.156,0.41,0.43,0.16,300,30,3,1077.48,1064.57,1063.11,1096.28,657.537,993.11,1107.94,1083.37,1141.01,663.422,0.005,0.005,0.005,0.005,0.005,0.005,0.005,0.005,0.007,0.005
10.1016/j.mcat.2020.111105 | 30 bar | H2/CO2 3 | 10000 h-1,10.1016/j.mcat.2020.111105,"35-CuO [Fig. 7, 35-CuO, 200 °C]",0.192632,0.055,0.98,0,0.02,200,30,3,953.506,941.277,939.537,974.091,591.425,878.099,986.494,961.862,1028.05,599.781,0.005,0.005,0.005,0.005,0.005,0.005,0.005,0.005,0.005,0.005
10.1016/j.mcat.2020.111105 | 30 bar | H2/CO2 3 | 10000 h-1,10.1016/j.mcat.2020.111105,"25-CuO [Fig. 7, 25-CuO, 260 °C]",0.185842,0.08,0.65,0.24,0.11,260,30,3,1052.57,1040.5,1038.7,1075.81,648.17,969.427,1089.23,1063.74,1137.95,659.341,0.005,0.005,0.005,0.005,0.005,0.005,0.005,0.005,0.005,0.005
10.1016/j.mcat.2020.111105 | 30 bar | H2/CO2 3 | 10000 h-1,10.1016/j.mcat.2020.111105,"40-CuO [Fig. 7, 40-CuO, 260 °C]",0.157966,0.085,0.52,0.25,0.23,260,30,3,1241.89,1230.61,1228.49,1275.4,758.485,1146.49,1292.47,1264.13,1369.09,780.725,0.005,0.005,0.005,0.005,0.005,0.005,0.005,0.005,0.005,0.005
10.1016/j.mcat.2020.111105 | 30 bar | H2/CO2 3 | 10000 h-1,10.1016/j.mcat.2020.111105,"25-CuO [Fig. 7, 25-CuO, 220 °C]",0.154617,0.057,0.759,0.05,0.191,220,30,3,1211.85,1200.69,1198.52,1249.13,744.603,1118.43,1267.45,1237.97,1354.11,770.72,0.005,0.005,0.005,0.005,0.005,0.005,0.005,0.005,0.005,0.005
10.1016/j.mcat.2020.111105 | 30 bar | H2/CO2 3 | 10000 h-1,10.1016/j.mcat.2020.111105,"25-CuO [Fig. 7, 25-CuO, 240 °C]",0.140954,0.058,0.68,0.1,0.22,240,30,3,1272.52,1261.89,1259.51,1313.75,780.818,1174.63,1333.32,1303.12,1430.95,811.41,0.005,0.005,0.005,0.005,0.005,0.005,0.005,0.005,0.005,0.005
10.1016/j.mcat.2020.111105 | 30 bar | H2/CO2 3 | 10000 h-1,10.1016/j.mcat.2020.111105,"40-CuO [Fig. 7, 40-CuO, 200 °C]",0.12748,0.041,0.87,0,0.13,200,30,3,1136.38,1126.37,1123.74,1173.28,703.309,1049.38,1191.49,1163.27,1278.31,730.203,0.005,0.005,0.005,0.005,0.005,0.005,0.005,0.005,0.005,0.005
10.1016/j.mcat.2020.111105 | 30 bar | H2/CO2 3 | 10000 h-1,10.1016/j.mcat.2020.111105,"15-CuO [Fig. 7, 15-CuO, 260 °C]",0.122227,0.057,0.6,0.15,0.25,260,30,3,1352.38,1342.66,1339.91,1399.65,829.195,1248.42,1421.07,1389.93,1535.6,866.744,0.005,0.005,0.005,0.005,0.005,0.005,0.005,0.005,0.005,0.005
10.1016/j.mcat.2020.111105 | 30 bar | H2/CO2 3 | 10000 h-1,10.1016/j.mcat.2020.111105,"40-CuO [Fig. 7, 40-CuO, 240 °C]",0.119725,0.05,0.67,0.11,0.22,240,30,3,1304.95,1295.37,1292.57,1351.41,802.84,1204.41,1372.6,1341.83,1485.13,839.726,0.005,0.005,0.005,0.005,0.005,0.005,0.005,0.005,0.005,0.005
10.1016/j.mcat.2020.111105 | 30 bar | H2/CO2 3 | 10000 h-1,10.1016/j.mcat.2020.111105,"40-CuO [Fig. 7, 40-CuO, 220 °C]",0.115472,0.045,0.718,0.06,0.222,220,30,3,1317.11,1307.79,1304.89,1366.09,810.871,1216.19,1388.03,1356.77,1507.47,850.529,0.005,0.005,0.005,0.005,0.005,0.005,0.005,0.005,0.005,0.005
10.1016/j.mcat.2020.111105 | 30 bar | H2/CO2 3 | 10000 h-1,10.1016/j.mcat.2020.111105,"25-CuO [Fig. 7, 25-CuO, 280 °C]",0.114879,0.098,0.328,0.672,0,280,30,3,905.04,895.755,892.837,917.405,562.288,831.91,926.255,908.121,949.143,565.369,0.005,0.005,0.005,0.005,0.005,0.005,0.005,0.005,0.005,0.005
10.1016/j.mcat.2020.111105 | 30 bar | H2/CO2 3 | 10000 h-1,10.1016/j.mcat.2020.111105,"25-CuO [Fig. 7, 25-CuO, 200 °C]",0.105715,0.034,0.87,0,0.13,200,30,3,1166.9,1158.25,1155.08,1209.7,724.461,1078.12,1229.78,1201.04,1333.53,758.602,0.005,0.005,0.005,0.005,0.005,0.005,0.005,0.005,0.005,0.005
10.1016/j.mcat.2020.111105 | 30 bar | H2/CO2 3 | 10000 h-1,10.1016/j.mcat.2020.111105,"15-CuO [Fig. 7, 15-CuO, 240 °C]",0.099068,0.042,0.66,0.11,0.23,240,30,3,1375.19,1367.07,1363.68,1430.97,848.3,1269.04,1454.87,1422.85,1593.5,895.96,0.005,0.005,0.005,0.005,0.005,0.005,0.005,0.005,0.005,0.005
10.1016/j.mcat.2020.111105 | 30 bar | H2/CO2 3 | 10000 h-1,10.1016/j.mcat.2020.111105,"5-CuO [Fig. 7, 5-CuO, 260 °C]",0.0928137,0.049,0.53,0.16,0.31,260,30,3,1540.46,1532.91,1529.3,1603.69,943.067,1423.08,1629.65,1596.14,1788.57,998.746,0.005,0.005,0.005,0.005,0.005,0.005,0.005,0.005,0.005,0.005
10.1016/j.mcat.2020.111105 | 30 bar | H2/CO2 3 | 10000 h-1,10.1016/j.mcat.2020.111105,"25-CuO [Fig. 7, 25-CuO, 300 °C]",0.0846295,0.148,0.16,0.82,0.02,300,30,3,907.352,900.675,896.714,916.544,562.583,834.67,923.797,909.867,940.967,565.098,0.005,0.005,0.005,0.005,0.005,0.005,0.005,0.005,0.005,0.005
10.1016/j.mcat.2020.111105 | 30 bar | H2/CO2 3 | 10000 h-1,10.1016/j.mcat.2020.111105,"15-CuO [Fig. 7, 15-CuO, 220 °C]",0.0804338,0.031,0.726,0.09,0.184,220,30,3,1362.6,1356.44,1352.27,1426.45,847.983,1256.55,1452.59,1420.29,1614.55,905.671,0.005,0.005,0.005,0.005,0.005,0.005,0.005,0.005,0.005,0.005
10.1016/j.mcat.2020.111105 | 30 bar | H2/CO2 3 | 10000 h-1,10.1016/j.mcat.2020.111105,"15-CuO [Fig. 7, 15-CuO, 200 °C]",0.0750515,0.025,0.84,0,0.16,200,30,3,1280.13,1274.72,1270.25,1339.05,797.574,1184.33,1363.84,1333.63,1513.48,851.073,0.005,0.005,0.005,0.005,0.005,0.005,0.005,0.005,0.005,0.005
10.1016/j.mcat.2020.111105 | 30 bar | H2/CO2 3 | 10000 h-1,10.1016/j.mcat.2020.111105,"40-CuO [Fig. 7, 40-CuO, 280 °C]",0.0743368,0.1,0.208,0.76,0.032,280,30,3,945.965,940.659,936.15,960.154,588.553,870.595,969.847,954.848,1001.5,597.435,0.005,0.005,0.005,0.005,0.005,0.005,0.005,0.005,0.005,0.005
10.1016/j.mcat.2020.111105 | 30 bar | H2/CO2 3 | 10000 h-1,10.1016/j.mcat.2020.111105,"5-CuO [Fig. 7, 5-CuO, 240 °C]",0.0727285,0.037,0.55,0.18,0.27,240,30,3,1518.42,1513.36,1508.75,1588.21,936.986,1401.78,1615.93,1583.15,1794.72,1001.72,0.005,0.005,0.005,0.005,0.005,0.005,0.005,0.005,0.005,0.005
10.1016/j.mcat.2020.111105 | 30 bar | H2/CO2 3 | 10000 h-1,10.1016/j.mcat.2020.111105,"15-CuO [Fig. 7, 15-CuO, 280 °C]",0.0568676,0.072,0.221,0.22,0.559,280,30,3,2419.39,2417.55,2411.65,2526.54,1447.53,2244.59,2563.34,2524.69,2844.37,1552.83,0.005,0.005,0.005,0.005,0.005,0.005,0.005,0.005,0.005,0.005
10.1016/j.mcat.2020.111105 | 30 bar | H2/CO2 3 | 10000 h-1,10.1016/j.mcat.2020.111105,"5-CuO [Fig. 7, 5-CuO, 220 °C]",0.054055,0.025,0.605,0.1,0.295,220,30,3,1731.57,1730.5,1724.3,1832.34,1073.15,1599.28,1867.73,1831.27,2132.62,1172.84,0.005,0.005,0.005,0.005,0.005,0.005,0.005,0.005,0.005,0.005
10.1016/j.mcat.2020.111105 | 30 bar | H2/CO2 3 | 10000 h-1,10.1016/j.mcat.2020.111105,"5-CuO [Fig. 7, 5-CuO, 200 °C]",0.0434584,0.019,0.64,0,0.36,200,30,3,1828.13,1830.83,1823.12,1940.62,1129.06,1696.67,1978.7,1943.32,2278.46,1244.25,0.005,0.005,0.005,0.005,0.005,0.005,0.005,0.005,0.005,0.005
10.1016/j.mcat.2020.111105 | 30 bar | H2/CO2 3 | 10000 h-1,10.1016/j.mcat.2020.111105,"5-CuO [Fig. 7, 5-CuO, 280 °C]",0.0301493,0.057,0.148,0.2,0.652,280,30,3,3377.22,3388.43,3377.32,3552.9,2010.74,3135.6,3604.17,3564.11,4080.22,2197.64,0.005,0.005,0.005,0.005,0.005,0.005,0.005,0.005,0.005,0.005
10.1016/j.mcat.2020.111105 | 30 bar | H2/CO2 3 | 10000 h-1,10.1016/j.mcat.2020.111105,"15-CuO [Fig. 7, 15-CuO, 300 °C]",0.0220151,0.088,0.07,0.93,0,300,30,3,952.118,973.603,958.377,966.859,605.187,877.39,976.804,988.343,1036.7,641.412,0.005,0.005,0.005,0.005,0.005,0.005,0.005,0.005,0.005,0.005
10.1016/j.mcat.2020.111105 | 30 bar | H2/CO2 3 | 10000 h-1,10.1016/j.mcat.2020.111105,"2-CuO [Fig. 7, 2-CuO, 280 °C]",0.0179731,0.047,0.107,0.19,0.703,280,30,3,4502.19,4532.24,4513.59,4764.42,2673.62,4179.72,4831.7,4794.47,5556.67,2965.9,0.005,0.005,0.005,0.005,0.005,0.005,0.005,0.005,0.005,0.005
10.1016/j.mcat.2020.111105 | 30 bar | H2/CO2 3 | 10000 h-1,10.1016/j.mcat.2020.111105,"40-CuO [Fig. 7, 40-CuO, 300 °C]",0.0147959,0.138,0.03,0.91,0.06,300,30,3,1001.57,1041.63,1018.98,1014.07,636.172,925.517,1022.97,1054.13,1095.54,688.724,0.005,0.005,0.005,0.005,0.005,0.005,0.005,0.005,0.005,0.005
10.1016/j.mcat.2020.111105 | 30 bar | H2/CO2 3 | 10000 h-1,10.1016/j.mcat.2020.111105,"2-CuO [Fig. 7, 2-CuO, 260 °C]",0.0141812,0.031,0.128,0.15,0.722,260,30,3,6523.74,6566.25,6542.61,6981.83,3874.07,6046.75,7080.62,7024.34,8339.35,4374.68,0.005,0.005,0.005,0.005,0.005,0.005,0.005,0.005,0.005,0.005
10.1016/j.mcat.2020.111105 | 30 bar | H2/CO2 3 | 10000 h-1,10.1016/j.mcat.2020.111105,"2-CuO [Fig. 7, 2-CuO, 240 °C]",0.0130089,0.028,0.13,0.11,0.76,240,30,3,7701.85,7749.68,7723.92,8260.05,4557.73,7145.33,8373.43,8307.88,9904.13,5163.76,0.005,0.005,0.005,0.005,0.005,0.005,0.005,0.005,0.005,0.005
10.1016/j.mcat.2020.111105 | 30 bar | H2/CO2 3 | 10000 h-1,10.1016/j.mcat.2020.111105,"5-CuO [Fig. 7, 5-CuO, 300 °C]",0.0123299,0.069,0.05,0.24,0.71,300,30,3,4083.09,4134.47,4107.29,4292.42,2424.39,3795.69,4350.12,4343.8,4955.77,2685.1,0.005,0.005,0.005,0.005,0.005,0.005,0.005,0.005,0.005,0.005
10.1016/j.mcat.2020.111105 | 30 bar | H2/CO2 3 | 10000 h-1,10.1016/j.mcat.2020.111105,"2-CuO [Fig. 7, 2-CuO, 300 °C]",0.00943505,0.066,0.04,0.22,0.74,300,30,3,4734.99,4807.23,4771.7,4986.63,2805.11,4402.75,5052.02,5058.87,5791,3128.98,0.005,0.005,0.005,0.005,0.005,0.005,0.005,0.005,0.005,0.005
10.1016/j.mcat.2020.111105 | 30 bar | H2/CO2 3 | 10000 h-1,10.1016/j.mcat.2020.111105,"2-CuO [Fig. 7, 2-CuO, 220 °C]",0.00849154,0.018,0.132,0.08,0.788,220,30,3,8983.54,9065.65,9026.18,9729.01,5339.42,8344.83,9868.02,9811.12,11932,6166.99,0.005,0.005,0.005,0.005,0.005,0.005,0.005,0.005,0.005,0.005
10.1016/j.mcat.2020.111105 | 30 bar | H2/CO2 3 | 10000 h-1,10.1016/j.mcat.2020.111105,"2-CuO [Fig. 7, 2-CuO, 200 °C]",0.00578969,0.012,0.135,0,0.865,200,30,3,10108.2,10236.3,10178.5,11039.5,6021.8,9419.17,11202.4,11167.7,13808,7081.3,0.005,0.005,0.005,0.005,0.005,0.005,0.005,0.005,0.005,0.005
10.1021/acs.iecr.7b01464 | 20 bar | H2/CO2 3.03 | 0.873 NL/g/h,10.1021/acs.iecr.7b01464,"CZA400 [Fig 7, CZA400, 2 MPa, internal cooling]",0.0643044,0.4,0.536,0.464,0,240,20,3.0345,858.669,855.122,849.909,862.955,531.144,789.417,866.021,859.407,873.494,531.882,0.005,0.005,0.005,0.005,0.005,0.005,0.005,0.005,0.005,0.005
10.1021/acs.iecr.7b01464 | 20 bar | H2/CO2 3.03 | 0.873 NL/g/h,10.1021/acs.iecr.7b01464,"CZA300 [Fig 7, CZA300, 2 MPa, internal cooling]",0.047294,0.305,0.517,0.483,0,240,20,3.0345,869.221,870.36,863.273,874.85,540.402,799.735,878.569,875.989,894.231,547.171,0.005,0.005,0.005,0.005,0.005,0.005,0.005,0.005,0.005,0.005
10.1021/acs.iecr.7b01464 | 20 bar | H2/CO2 3.03 | 0.873 NL/g/h,10.1021/acs.iecr.7b01464,"CZA200 [Fig 7, CZA200, 2 MPa, internal cooling]",0.033067,0.245,0.45,0.55,0,240,20,3.0345,882.279,891.041,880.905,889.304,552.1,812.537,893.639,898.067,920.572,567.888,0.005,0.005,0.005,0.005,0.005,0.005,0.005,0.005,0.005,0.005
10.1021/acs.iecr.7b01464 | 30 bar | H2/CO2 3.03 | 0.873 NL/g/h,10.1021/acs.iecr.7b01464,"CZA400 [Text/Fig 6, CZA400, 260 °C, internal cooling]",0.109135,0.585,0.622,0.378,0,260,30,3.0345,848.11,839.209,836.138,849.98,521.934,779.151,852.327,841.079,848.097,514.903,0.005,0.005,0.005,0.005,0.005,0.005,0.005,0.005,0.006,0.005
10.1021/acs.iecr.7b01464 | 30 bar | H2/CO2 3.03 | 0.873 NL/g/h,10.1021/acs.iecr.7b01464,"CZA400 [Fig 6, CZA400, 250 °C, internal cooling]",0.102359,0.54,0.632,0.368,0,250,30,3.0345,849.769,841.377,838.102,851.796,523.364,780.769,854.293,843.404,851.061,516.999,0.005,0.005,0.005,0.005,0.005,0.005,0.005,0.005,0.005,0.005
10.1021/acs.iecr.7b01464 | 30 bar | H2/CO2 3.03 | 0.873 NL/g/h,10.1021/acs.iecr.7b01464,"CZA400 [Table 1, CZA400, internal cooling]",0.0962767,0.5,0.642,0.358,0,240,30,3.0345,851.451,843.575,840.094,853.641,524.807,782.408,856.287,845.766,853.996,519.123,0.005,0.005,0.005,0.005,0.005,0.005,0.005,0.005,0.005,0.005
10.1021/acs.iecr.7b01464 | 30 bar | H2/CO2 3.03 | 0.873 NL/g/h,10.1021/acs.iecr.7b01464,"CZA300 [Fig 6, CZA300, 260 °C, internal cooling]",0.090608,0.53,0.57,0.43,0,260,30,3.0345,851.707,844.376,840.677,853.791,525.21,782.676,856.34,846.461,854.319,519.964,0.005,0.005,0.005,0.005,0.005,0.005,0.005,0.005,0.005,0.005
10.1021/acs.iecr.7b01464 | 30 bar | H2/CO2 3.03 | 0.873 NL/g/h,10.1021/acs.iecr.7b01464,"CZA400 [Fig 6, CZA400, 230 °C, internal cooling]",0.0831099,0.425,0.652,0.348,0,230,30,3.0345,855.596,849.099,845.066,858.177,528.377,786.447,861.167,851.681,861.267,524.463,0.005,0.005,0.005,0.005,0.005,0.005,0.005,0.005,0.005,0.005
10.1021/acs.iecr.7b01464 | 30 bar | H2/CO2 3.03 | 0.873 NL/g/h,10.1021/acs.iecr.7b01464,"CZA300 [Fig 6, CZA300, 250 °C, internal cooling]",0.0793308,0.46,0.575,0.425,0,250,30,3.0345,855.336,849.32,845.095,857.741,528.37,786.218,860.577,851.725,860.698,524.758,0.005,0.005,0.005,0.005,0.005,0.005,0.005,0.005,0.005,0.005
10.1021/acs.iecr.7b01464 | 30 bar | H2/CO2 3.03 | 0.873 NL/g/h,10.1021/acs.iecr.7b01464,"CZA300 [Table 1, CZA300, internal cooling]",0.0698774,0.401,0.581,0.419,5.55112e-17,240,30,3.0345,859.198,854.611,849.815,861.957,531.708,789.983,865.095,857.37,867.563,529.88,0.005,0.005,0.005,0.005,0.005,0.005,0.005,0.005,0.005,0.005
10.1021/acs.iecr.7b01464 | 30 bar | H2/CO2 3.03 | 0.873 NL/g/h,10.1021/acs.iecr.7b01464,"CZA400 [Text/Fig 6, CZA400, 220 °C, internal cooling]",0.0687289,0.341,0.672,0.328,0,220,30,3.0345,861.903,857.517,852.64,865.121,533.742,792.582,868.63,860.735,872.49,532.574,0.005,0.005,0.005,0.005,0.005,0.005,0.005,0.005,0.005,0.005
10.1021/acs.iecr.7b01464 | 30 bar | H2/CO2 3.03 | 0.873 NL/g/h,10.1021/acs.iecr.7b01464,"CZA300 [Fig 6, CZA300, 230 °C, internal cooling]",0.0584858,0.325,0.6,0.4,0,230,30,3.0345,865.612,863.36,857.629,869.009,537.173,796.222,872.658,866.758,879.12,538.319,0.005,0.005,0.005,0.005,0.005,0.005,0.005,0.005,0.005,0.005
10.1021/acs.iecr.7b01464 | 30 bar | H2/CO2 3.03 | 0.873 NL/g/h,10.1021/acs.iecr.7b01464,"CZA200 [Fig 6, CZA200, 260 °C, internal cooling]",0.057586,0.4,0.48,0.52,0,260,30,3.0345,862.683,860.655,854.835,865.477,535.126,793.432,868.645,863.45,873.766,535.893,0.005,0.005,0.005,0.005,0.005,0.005,0.005,0.005,0.005,0.005
10.1021/acs.iecr.7b01464 | 30 bar | H2/CO2 3.03 | 0.873 NL/g/h,10.1021/acs.iecr.7b01464,"CZA200 [Fig 6, CZA200, 250 °C, internal cooling]",0.0514375,0.35,0.49,0.51,0,250,30,3.0345,866.875,866.587,860.071,870.062,538.736,797.517,873.547,869.774,881.426,541.635,0.005,0.005,0.005,0.005,0.005,0.005,0.005,0.005,0.005,0.005
10.1021/acs.iecr.7b01464 | 30 bar | H2/CO2 3.03 | 0.873 NL/g/h,10.1021/acs.iecr.7b01464,"CZA200 [Table 1, CZA200, internal cooling]",0.0475958,0.313,0.507,0.493,0,240,30,3.0345,870.351,871.378,864.336,873.905,541.665,800.894,877.673,874.932,887.821,546.246,0.005,0.005,0.005,0.005,0.005,0.005,0.005,0.005,0.005,0.005
10.1021/acs.iecr.7b01464 | 30 bar | H2/CO2 3.03 | 0.873 NL/g/h,10.1021/acs.iecr.7b01464,"CZA300 [Fig 6, CZA300, 220 °C, internal cooling]",0.0436994,0.235,0.62,0.38,0,220,30,3.0345,878.037,880.634,872.964,882.718,547.67,808.29,887.293,885.315,901.944,554.948,0.005,0.005,0.005,0.005,0.005,0.005,0.005,0.005,0.005,0.005
10.1021/acs.iecr.7b01464 | 30 bar | H2/CO2 3.03 | 0.873 NL/g/h,10.1021/acs.iecr.7b01464,"CZA200 [Fig 6, CZA200, 230 °C, internal cooling]",0.0389906,0.25,0.52,0.48,0,230,30,3.0345,879.235,884.148,875.551,883.667,549.231,809.533,888.071,888.58,904.388,558.575,0.005,0.005,0.005,0.005,0.005,0.005,0.005,0.005,0.005,0.005
10.1021/acs.iecr.7b01464 | 30 bar | H2/CO2 3.03 | 0.873 NL/g/h,10.1021/acs.iecr.7b01464,"CZA200 [Fig 6, CZA200, 220 °C, internal cooling]",0.0305176,0.185,0.55,0.45,0,220,30,3.0345,893.103,903.983,892.999,899.051,560.803,822.977,904.451,909.93,930.689,577.63,0.005,0.005,0.005,0.005,0.005,0.005,0.005,0.005,0.005,0.005
10.1021/acs.iecr.7b01464 | 40 bar | H2/CO2 3.03 | 0.873 NL/g/h,10.1021/acs.iecr.7b01464,"CZA400 [Text/Fig 7, CZA400, 4 MPa, internal cooling]",0.130987,0.595,0.734,0.266,0,240,40,3.0345,854.242,844.061,841.502,855.59,528.176,785.492,857.877,845.408,851.104,519.341,0.005,0.005,0.005,0.005,0.005,0.005,0.005,0.005,0.005,0.005
10.1021/acs.iecr.7b01464 | 40 bar | H2/CO2 3.03 | 0.873 NL/g/h,10.1021/acs.iecr.7b01464,"CZA300 [Fig 7, CZA300, 4 MPa, internal cooling]",0.110166,0.513,0.716,0.284,0,240,40,3.0345,857.895,848.923,845.88,859.471,531.377,789.054,862.049,850.499,857.073,523.98,0.005,0.005,0.005,0.005,0.005,0.005,0.005,0.005,0.005,0.005
10.1021/acs.iecr.7b01464 | 40 bar | H2/CO2 3.03 | 0.873 NL/g/h,10.1021/acs.iecr.7b01464,"CZA200 [Fig 7, CZA200, 4 MPa, internal cooling]",0.078416,0.415,0.63,0.37,0,240,40,3.0345,865.36,859.468,855.193,867.336,538.037,796.344,870.388,861.443,869.522,534.119,0.005,0.005,0.005,0.005,0.005,0.005,0.005,0.005,0.005,0.005
10.1021/acsaem.1c01502 | 50 bar | H2/CO2 3 | 30 NL/g/h,10.1021/acsaem.1c01502,"CP-Pd/ZnZr [Figure 1, CP-Pd/ZnZr, 340 °C]",0.85,0.102,0.8,0.2,0,340,50,3,913.407,897.814,897.419,921.482,567.783,838.598,930.927,905.889,936.26,560.266,0.005,0.005,0.005,0.005,0.005,0.005,0.005,0.005,0.005,0.005
10.1021/acsaem.1c01502 | 50 bar | H2/CO2 3 | 30 NL/g/h,10.1021/acsaem.1c01502,"CP-Pd/ZnZr [Figure 1/text, CP-Pd/ZnZr, 320 °C]",0.735,0.081,0.87,0.13,0,320,50,3,934.316,918.877,918.421,944.633,582.271,857.509,955.75,929.194,967.111,577.149,0.005,0.005,0.005,0.005,0.005,0.005,0.005,0.005,0.005,0.005
10.1021/acsaem.1c01502 | 50 bar | H2/CO2 3 | 30 NL/g/h,10.1021/acsaem.1c01502,"IM-Pd/ZnZr [Figure 1, IM-Pd/ZnZr, 340 °C]",0.61,0.065,0.9,0.07,0.03,340,50,3,991.415,976.21,975.661,1005.34,617.756,910.541,1018.9,990.138,1039.97,616.479,0.005,0.005,0.005,0.005,0.005,0.005,0.005,0.005,0.005,0.005
10.1021/acsaem.1c01502 | 50 bar | H2/CO2 3 | 30 NL/g/h,10.1021/acsaem.1c01502,"ZnZr [Figure 1, ZnZr, 340 °C]",0.58,0.064,0.87,0.12,0.01,340,50,3,995.48,980.346,979.768,1011.07,623.345,911.824,1025.68,995.936,1051.19,623.802,0.005,0.005,0.005,0.005,0.005,0.005,0.005,0.005,0.005,0.005
10.1021/acsaem.1c01502 | 50 bar | H2/CO2 3 | 30 NL/g/h,10.1021/acsaem.1c01502,"CP-Pd/ZnZr [Figure 1, CP-Pd/ZnZr, 300 °C]",0.55,0.057,0.91,0.07,0.02,300,50,3,990.522,975.467,974.858,1005.4,618.3,909.768,1019.56,990.346,1043.29,618.123,0.005,0.005,0.005,0.005,0.005,0.005,0.005,0.005,0.005,0.005
10.1021/acsaem.1c01502 | 50 bar | H2/CO2 3 | 30 NL/g/h,10.1021/acsaem.1c01502,"IM-Pd/ZnZr [Figure 1/text, IM-Pd/ZnZr, 320 °C]",0.46,0.046,0.93,0.04,0.03,320,50,3,1009.21,994.454,993.726,1025.85,629.56,928.69,1041.09,1011.09,1069.73,631.439,0.005,0.005,0.005,0.005,0.005,0.005,0.005,0.005,0.005,0.005
10.1021/acsaem.1c01502 | 50 bar | H2/CO2 3 | 30 NL/g/h,10.1021/acsaem.1c01502,"ZnZr [Figure 1/text, ZnZr, 320 °C]",0.434,0.045,0.924,0.07,0.006,320,50,3,998.382,983.734,982.962,1015.63,625.209,917.216,1031.24,1000.98,1061.61,627.809,0.005,0.005,0.005,0.005,0.005,0.005,0.005,0.005,0.005,0.005
10.1021/acsaem.1c01502 | 50 bar | H2/CO2 3 | 30 NL/g/h,10.1021/acsaem.1c01502,"CP-Pd/ZnZr [Figure 1, CP-Pd/ZnZr, 280 °C]",0.42,0.042,0.93,0.04,0.03,280,50,3,1020.33,1005.75,1004.95,1038.3,637.067,939.096,1054.34,1023.72,1086.67,640.453,0.005,0.005,0.005,0.005,0.005,0.005,0.005,0.005,0.005,0.005
10.1021/acsaem.1c01502 | 50 bar | H2/CO2 3 | 30 NL/g/h,10.1021/acsaem.1c01502,"IM-Pd/ZnZr [Figure 1, IM-Pd/ZnZr, 300 °C]",0.32,0.031,0.94,0.02,0.04,300,50,3,1065.85,1051.89,1050.85,1088.69,666.339,982.559,1107.48,1074.73,1153.25,675.215,0.005,0.005,0.005,0.005,0.005,0.005,0.005,0.005,0.005,0.005
10.1021/acsaem.1c01502 | 50 bar | H2/CO2 3 | 30 NL/g/h,10.1021/acsaem.1c01502,"CP-Pd/ZnZr [Figure 1, CP-Pd/ZnZr, 260 °C]",0.31,0.028,0.94,0.02,0.04,260,50,3,1083.34,1069.46,1068.38,1108.36,677.853,998.862,1128.32,1094.49,1179.94,689.002,0.005,0.005,0.005,0.005,0.005,0.005,0.005,0.005,0.005,0.005
10.1021/acsaem.1c01502 | 50 bar | H2/CO2 3 | 30 NL/g/h,10.1021/acsaem.1c01502,"ZnZr [Figure 1, ZnZr, 300 °C]",0.3,0.03,0.91,0.05,0.04,300,50,3,1090.64,1076.85,1075.73,1115.88,683.135,1004.28,1135.96,1102.1,1188.26,694.597,0.005,0.005,0.005,0.005,0.005,0.005,0.005,0.005,0.005,0.005
10.1021/acsaem.1c01502 | 50 bar | H2/CO2 3 | 30 NL/g/h,10.1021/acsaem.1c01502,"IM-Pd/ZnZr [Figure 1, IM-Pd/ZnZr, 280 °C]",0.22,0.022,0.95,0.005,0.045,280,50,3,1130.92,1118.15,1116.63,1161.46,709.085,1044.01,1184.23,1148.69,1251.52,726.858,0.005,0.005,0.005,0.005,0.005,0.005,0.005,0.005,0.005,0.005
10.1021/acsaem.1c01502 | 50 bar | H2/CO2 3 | 30 NL/g/h,10.1021/acsaem.1c01502,"ZnZr [Figure 1, ZnZr, 280 °C]",0.21,0.023,0.94,0.02,0.04,280,50,3,1124.72,1112.13,1110.53,1154.65,705.82,1037.59,1177.11,1142.06,1242.95,723.16,0.005,0.005,0.005,0.005,0.005,0.005,0.005,0.005,0.005,0.005
10.1021/acsaem.1c01502 | 50 bar | H2/CO2 3 | 30 NL/g/h,10.1021/acsaem.1c01502,"IM-Pd/ZnZr [Figure 1, IM-Pd/ZnZr, 260 °C]",0.15,0.014,0.96,0,0.04,260,50,3,1248.85,1237.86,1235.63,1294.75,786.915,1154.15,1324.55,1283.76,1434.19,821.82,0.005,0.005,0.005,0.005,0.005,0.005,0.005,0.005,0.005,0.005
10.1021/acsaem.1c01502 | 50 bar | H2/CO2 3 | 30 NL/g/h,10.1021/acsaem.1c01502,"ZnZr [Figure 1, ZnZr, 260 °C]",0.145,0.014,0.95,0.01,0.04,260,50,3,1256.91,1246.11,1243.79,1303.58,792.372,1161.22,1333.72,1292.78,1445.61,828.25,0.005,0.005,0.005,0.005,0.005,0.005,0.005,0.005,0.005,0.005
10.1021/acsami.1c05586 | 30 bar | H2/CO2 3 | 7.2 NL/g/h,10.1021/acsami.1c05586,"0.92In-4.6Cu/CeO2 [Table 6/Fig 7, 0.92In-4.6Cu/CeO2, 290 °C]",0.161949,0.151,0.521,0.479,0,290,30,3,875.851,864.446,862.376,883.535,540.702,804.794,889.965,872.13,898.458,536.981,0.005,0.005,0.005,0.005,0.005,0.005,0.005,0.005,0.005,0.005
10.1021/acsami.1c05586 | 30 bar | H2/CO2 3 | 7.2 NL/g/h,10.1021/acsami.1c05586,"0.92In-4.6Cu/CeO2 [Table 6/Fig 7, 0.92In-4.6Cu/CeO2, 270 °C]",0.155627,0.135,0.56,0.44,0,270,30,3,880.347,869.153,866.999,888.842,543.968,809.077,895.724,877.648,906.549,541.268,0.005,0.005,0.005,0.005,0.005,0.005,0.005,0.005,0.005,0.005
10.1021/acsami.1c05586 | 30 bar | H2/CO2 3 | 7.2 NL/g/h,10.1021/acsami.1c05586,"0.92In-4.6Cu/CeO2 [Table 6/Fig 7, 0.92In-4.6Cu/CeO2, 250 °C]",0.154474,0.112,0.67,0.33,0,250,30,3,889.126,877.972,875.802,899.301,550.131,817.315,907.071,888.147,922.339,549.152,0.005,0.005,0.005,0.005,0.005,0.005,0.005,0.005,0.005,0.005
10.1021/acsami.1c05586 | 30 bar | H2/CO2 3 | 7.2 NL/g/h,10.1021/acsami.1c05586,"0.92In-4.6Cu/CeO2 [Table 6/Fig 7, 0.92In-4.6Cu/CeO2, 210 °C]",0.148628,0.076,0.95,0.05,0,210,30,3,912.601,901.66,899.405,927.328,566.508,839.385,937.269,916.387,964.703,570.294,0.005,0.005,0.005,0.005,0.005,0.005,0.005,0.005,0.005,0.005
10.1021/acsami.1c05586 | 30 bar | H2/CO2 3 | 7.2 NL/g/h,10.1021/acsami.1c05586,"0.92In-4.6Cu/CeO2 [Table 6/Fig 7, 0.92In-4.6Cu/CeO2, 230 °C]",0.147722,0.092,0.78,0.22,0,230,30,3,900.387,889.481,887.212,912.677,558.094,827.908,921.491,901.771,942.556,559.477,0.005,0.005,0.005,0.005,0.005,0.005,0.005,0.005,0.005,0.005
10.1021/acsami.1c05586 | 30 bar | H2/CO2 3 | 7.2 NL/g/h,10.1021/acsami.1c05586,"0.92In-4.6Cu/CeO2 [Table 6/Fig 7, 0.92In-4.6Cu/CeO2, 190 °C]",0.0967521,0.05,0.94,0.06,0,190,30,3,956.568,948.65,945.186,979.002,598.203,880.687,992.132,971.084,1042.87,612.718,0.005,0.005,0.005,0.005,0.005,0.005,0.005,0.005,0.005,0.005
10.1021/acsami.1c05586 | 30 bar | H2/CO2 3 | 7.2 NL/g/h,10.1021/acsami.1c05586,"1.7In-4.7Cu/CeO2 [Table 6/Fig 7, 1.7In-4.7Cu/CeO2, 210 °C]",0.0933761,0.054,0.84,0.16,0,210,30,3,952.196,944.591,941.001,973.494,595.451,876.351,986.182,965.889,1034.25,609.144,0.005,0.005,0.005,0.005,0.005,0.005,0.005,0.005,0.005,0.005
10.1021/acsami.1c05586 | 30 bar | H2/CO2 3 | 7.2 NL/g/h,10.1021/acsami.1c05586,"0.46In-4.7Cu/CeO2 [Table 6/Fig 7, 0.46In-4.7Cu/CeO2, 270 °C]",0.0785957,0.083,0.46,0.54,0,270,30,3,922.502,916.585,912.321,937.213,575.944,848.387,947.146,931.296,979.562,584.738,0.005,0.005,0.005,0.005,0.005,0.005,0.005,0.005,0.005,0.005
10.1021/acsami.1c05586 | 30 bar | H2/CO2 3 | 7.2 NL/g/h,10.1021/acsami.1c05586,"1.7In-4.7Cu/CeO2 [Table 6/Fig 7, 1.7In-4.7Cu/CeO2, 270 °C]",0.0784516,0.103,0.37,0.63,0,270,30,3,904.822,898.924,894.652,916.296,563.61,832.247,924.715,910.398,948.65,569.187,0.005,0.005,0.005,0.005,0.005,0.005,0.005,0.005,0.005,0.005
10.1021/acsami.1c05586 | 30 bar | H2/CO2 3 | 7.2 NL/g/h,10.1021/acsami.1c05586,"1.7In-4.7Cu/CeO2 [Table 6/Fig 7, 1.7In-4.7Cu/CeO2, 250 °C]",0.0778134,0.084,0.45,0.55,0,250,30,3,917.766,911.956,907.649,931.73,572.624,844.337,941.326,925.92,971.886,580.778,0.005,0.005,0.005,0.005,0.005,0.005,0.005,0.005,0.005,0.005
10.1021/acsami.1c05586 | 30 bar | H2/CO2 3 | 7.2 NL/g/h,10.1021/acsami.1c05586,"1.7In-4.7Cu/CeO2 [Table 6/Fig 7, 1.7In-4.7Cu/CeO2, 190 °C]",0.074108,0.04,0.9,0.1,0,190,30,3,991.92,986.649,982.126,1020.52,623.507,913.59,1035.93,1015.25,1105.57,646.834,0.005,0.005,0.005,0.005,0.005,0.005,0.005,0.005,0.005,0.005
10.1021/acsami.1c05586 | 30 bar | H2/CO2 3 | 7.2 NL/g/h,10.1021/acsami.1c05586,"1.7In-4.7Cu/CeO2 [Table 6/Fig 7, 1.7In-4.7Cu/CeO2, 290 °C]",0.0737787,0.128,0.28,0.72,0,290,30,3,894.065,888.844,884.3,903.319,556.369,822.3,910.609,898.098,929.398,560.402,0.005,0.005,0.005,0.005,0.005,0.005,0.005,0.005,0.005,0.005
10.1021/acsami.1c05586 | 30 bar | H2/CO2 3 | 7.2 NL/g/h,10.1021/acsami.1c05586,"1.7In-4.7Cu/CeO2 [Table 6/Fig 7, 1.7In-4.7Cu/CeO2, 230 °C]",0.0680559,0.058,0.57,0.43,0,230,30,3,953.439,949.173,944.248,973.876,597.851,877.492,986.223,969.61,1035.36,614.023,0.005,0.005,0.005,0.005,0.005,0.005,0.005,0.005,0.005,0.005
10.1021/acsami.1c05586 | 30 bar | H2/CO2 3 | 7.2 NL/g/h,10.1021/acsami.1c05586,"0.46In-4.7Cu/CeO2 [Table 6/Fig 7, 0.46In-4.7Cu/CeO2, 250 °C]",0.0679324,0.06,0.55,0.45,0,250,30,3,955.686,951.443,946.509,976.289,599.53,879.119,988.701,972.046,1038.29,615.889,0.005,0.005,0.005,0.005,0.005,0.005,0.005,0.005,0.005,0.005
10.1021/acsami.1c05586 | 30 bar | H2/CO2 3 | 7.2 NL/g/h,10.1021/acsami.1c05586,"0.46In-4.7Cu/CeO2 [Table 6/Fig 7, 0.46In-4.7Cu/CeO2, 210 °C]",0.0664914,0.038,0.85,0.15,0,210,30,3,1012.1,1008.12,1003.08,1043.9,637.967,931.626,1060.43,1039.93,1139.84,665.799,0.005,0.005,0.005,0.005,0.005,0.005,0.005,0.005,0.005,0.005
10.1021/acsami.1c05586 | 30 bar | H2/CO2 3 | 7.2 NL/g/h,10.1021/acsami.1c05586,"0.46In-4.7Cu/CeO2 [Table 6/Fig 7, 0.46In-4.7Cu/CeO2, 290 °C]",0.0662855,0.092,0.35,0.65,0,290,30,3,919.952,916.015,910.959,933.564,575.034,846.03,942.998,929.627,974.506,584.709,0.005,0.005,0.005,0.005,0.005,0.005,0.005,0.005,0.005,0.005
10.1021/acsami.1c05586 | 30 bar | H2/CO2 3 | 7.2 NL/g/h,10.1021/acsami.1c05586,"0.46In-4.7Cu/CeO2 [Table 6/Fig 7, 0.46In-4.7Cu/CeO2, 230 °C]",0.0561986,0.042,0.65,0.35,0,230,30,3,1007.53,1005.86,999.9,1037.51,635.979,927.023,1053.41,1035.84,1130.3,664.29,0.005,0.005,0.005,0.005,0.005,0.005,0.005,0.005,0.005,0.005
10.1021/acsami.1c05586 | 30 bar | H2/CO2 3 | 7.2 NL/g/h,10.1021/acsami.1c05586,"4.8Cu/CeO2 [Table 6/Fig 7, 4.8Cu/CeO2, 230 °C]",0.0518756,0.036,0.7,0.3,0,230,30,3,1043.93,1043.51,1037.05,1080.43,661.303,960.077,1098.52,1080,1193.86,697.373,0.005,0.005,0.005,0.005,0.005,0.005,0.005,0.005,0.005,0.005
10.1021/acsami.1c05586 | 30 bar | H2/CO2 3 | 7.2 NL/g/h,10.1021/acsami.1c05586,"4.8Cu/CeO2 [Table 6/Fig 7, 4.8Cu/CeO2, 270 °C]",0.0501464,0.058,0.42,0.58,0,270,30,3,974.897,975.029,968.345,997.735,614.589,896.484,1011.02,997.867,1070.88,637.558,0.005,0.005,0.005,0.005,0.005,0.005,0.005,0.005,0.005,0.005
10.1021/acsami.1c05586 | 30 bar | H2/CO2 3 | 7.2 NL/g/h,10.1021/acsami.1c05586,"0.46In-4.7Cu/CeO2 [Table 6/Fig 7, 0.46In-4.7Cu/CeO2, 190 °C]",0.04957,0.028,0.86,0.14,0,190,30,3,1073.37,1073.7,1066.94,1116.47,680.951,988.826,1136.66,1116.8,1250.2,724.375,0.005,0.005,0.005,0.005,0.005,0.005,0.005,0.005,0.005,0.005
10.1021/acsami.1c05586 | 30 bar | H2/CO2 3 | 7.2 NL/g/h,10.1021/acsami.1c05586,"4.8Cu/CeO2 [Table 6/Fig 7, 4.8Cu/CeO2, 210 °C]",0.0460211,0.027,0.828,0.172,0,210,30,3,1108.76,1110.39,1103.11,1157.67,705.73,1019.96,1179.61,1159.3,1309.82,756.268,0.005,0.005,0.005,0.005,0.005,0.005,0.005,0.005,0.005,0.005
10.1021/acsami.1c05586 | 30 bar | H2/CO2 3 | 7.2 NL/g/h,10.1021/acsami.1c05586,"4.8Cu/CeO2 [Table 6/Fig 7, 4.8Cu/CeO2, 250 °C]",0.0452882,0.044,0.5,0.5,0,250,30,3,1016.44,1018.36,1010.96,1046.85,643.61,934.705,1062.89,1048.77,1144.51,675.944,0.005,0.005,0.005,0.005,0.005,0.005,0.005,0.005,0.005,0.005
10.1021/acsami.1c05586 | 30 bar | H2/CO2 3 | 7.2 NL/g/h,10.1021/acsami.1c05586,"4.8Cu/CeO2 [Table 6/Fig 7, 4.8Cu/CeO2, 290 °C]",0.0449095,0.072,0.303,0.697,0,290,30,3,954.275,956.355,948.891,972.741,601.11,877.682,984.287,974.821,1034.58,621.657,0.005,0.005,0.005,0.005,0.005,0.005,0.005,0.005,0.005,0.005
10.1021/acsami.1c05586 | 30 bar | H2/CO2 3 | 7.2 NL/g/h,10.1021/acsami.1c05586,"4.8Cu/CeO2 [Table 6/Fig 7, 4.8Cu/CeO2, 190 °C]",0.0326075,0.018,0.88,0.12,0,190,30,3,1228.1,1237.22,1226.94,1300.01,787.729,1131.35,1328.32,1309.13,1526.92,868.763,0.005,0.005,0.005,0.005,0.005,0.005,0.005,0.005,0.005,0.005
10.1021/acsami.1c05586 | 30 bar | H2/CO2 3 | 7.2 NL/g/h,10.1021/acsami.1c05586,"Cu/In2O3 [SI Figure S4, Cu/In2O3, 250 °C]",0.0197004,0.033,0.29,0.71,0,250,30,3,1122.92,1148.87,1131.86,1168.68,723.376,1032.27,1189.68,1194.64,1335.91,795.101,0.005,0.005,0.005,0.005,0.005,0.005,0.005,0.005,0.005,0.005
10.1021/acsami.1c05586 | 30 bar | H2/CO2 3 | 7.2 NL/g/h,10.1021/acsami.1c05586,"Cu/In2O3 [SI Figure S4, Cu/In2O3, 230 °C]",0.0190211,0.021,0.44,0.56,0,230,30,3,1327.64,1355.11,1337.49,1411.7,861.867,1216.3,1443.09,1439.17,1692.22,973.401,0.005,0.005,0.005,0.005,0.005,0.005,0.005,0.005,0.005,0.005
10.1021/acsami.1c05586 | 30 bar | H2/CO2 3 | 7.2 NL/g/h,10.1021/acsami.1c05586,"Cu/In2O3 [SI Figure S4, Cu/In2O3, 270 °C]",0.0189387,0.046,0.2,0.8,0,270,30,3,1047.18,1074.85,1057.15,1078.44,672.29,963.856,1094.77,1106.1,1204.37,731.213,0.005,0.005,0.005,0.005,0.005,0.005,0.005,0.005,0.005,0.005
10.1021/acsami.1c05586 | 30 bar | H2/CO2 3 | 7.2 NL/g/h,10.1021/acsami.1c05586,"Cu/In2O3 [Text/Fig S4 summary, Cu/In2O3, 290 °C]",0.00860477,0.038,0.11,0.89,0,290,30,3,1181.16,1261.96,1223.01,1229.22,775.473,1085.23,1250.91,1310.02,1458.05,904.34,0.005,0.005,0.005,0.005,0.005,0.005,0.005,0.005,0.005,0.005
10.1021/acsami.1c05586 | 30 bar | H2/CO2 3 | 7.2 NL/g/h,10.1021/acsami.1c05586,"Cu/In2O3 [Text/Fig S4 summary, Cu/In2O3, 210 °C]",0.0080366,0.0061,0.64,0.36,0,210,30,3,2328.35,2416.04,2374.33,2614.78,1528.64,2144.03,2686.41,2702.47,3533.4,1902.76,0.005,0.005,0.005,0.005,0.005,0.005,0.005,0.005,0.005,0.005
10.1021/acsami.1c05586 | 30 bar | H2/CO2 3 | 7.2 NL/g/h,10.1021/acsami.1c05586,"Cu/In2O3 [SI Figure S4, Cu/In2O3, 190 °C]",0.00728729,0.006,0.59,0.41,0,190,30,3,2500.12,2598.53,2552.53,2819.32,1643.37,2298.98,2896.45,2917.73,3841.33,2060.98,0.005,0.005,0.005,0.005,0.005,0.005,0.005,0.005,0.005,0.005
10.1021/acsami.1c05586 | 30 bar | H2/CO2 3 | 7.2 NL/g/h,10.1021/acsami.1c05586,"In2O3 [SI Figure S4, In2O3, 270 °C]",0.00691675,0.024,0.14,0.86,0,270,30,3,1507.2,1611.77,1563.31,1611.38,1000.65,1374.26,1647.59,1715.95,2027.19,1209.4,0.005,0.005,0.005,0.005,0.005,0.005,0.005,0.005,0.005,0.005
10.1021/acsami.1c05586 | 30 bar | H2/CO2 3 | 7.2 NL/g/h,10.1021/acsami.1c05586,"In2O3 [SI Figure S4, In2O3, 230 °C]",0.00664914,0.0085,0.38,0.62,0,230,30,3,2951.97,3061.41,3011,3344.29,1950.29,2681.04,3433.18,3453.74,4583.74,2452.07,0.005,0.005,0.005,0.005,0.005,0.005,0.005,0.005,0.005,0.005
10.1021/acsami.1c05586 | 30 bar | H2/CO2 3 | 7.2 NL/g/h,10.1021/acsami.1c05586,"In2O3 [SI Figure S4, In2O3, 250 °C]",0.00543459,0.011,0.24,0.76,0,250,30,3,3803.56,3941.17,3879.49,4340.06,2524.17,3410.6,4450.51,4477.67,6013.18,3198.28,0.005,0.005,0.005,0.005,0.005,0.005,0.005,0.005,0.005,0.005
10.1021/acsami.1c05586 | 30 bar | H2/CO2 3 | 7.2 NL/g/h,10.1021/acsami.1c05586,"In2O3 [Text/Fig S4 summary, In2O3, 210 °C]",0.00518756,0.0042,0.6,0.4,0,210,30,3,3032.03,3176.98,3112.37,3463.49,1992.64,2797.42,3558.44,3608.45,4848.71,2569.07,0.005,0.005,0.005,0.005,0.005,0.005,0.005,0.005,0.005,0.005
10.1021/acsami.1c05586 | 30 bar | H2/CO2 3 | 7.2 NL/g/h,10.1021/acsami.1c05586,"In2O3 [Text/Fig S4 summary, In2O3, 290 °C]",0.00469351,0.038,0.06,0.94,0,290,30,3,1221.54,1383.5,1312.09,1269.6,815.858,1125.62,1291.29,1431.56,1579.59,1025.88,0.005,0.005,0.005,0.005,0.005,0.005,0.005,0.005,0.005,0.005
10.1021/acsami.1c05586 | 30 bar | H2/CO2 3 | 7.2 NL/g/h,10.1021/acsami.1c05586,"In2O3 [SI Figure S4, In2O3, 190 °C]",0.00251144,0.002,0.61,0.39,0,190,30,3,4987.19,5304.27,5170.81,5836.05,3264.09,4623.75,5988.67,6153.12,8563.27,4430.02,0.005,0.005,0.005,0.005,0.005,0.005,0.005,0.005,0.005,0.005
10.1021/acscatal.0c03324 | 10 bar | H2/CO2 3 | 2 NL/g/h,10.1021/acscatal.0c03324,2Pd/CeO2-R [Figure 10b; 2Pd/CeO2-R; 1 MPa],0.0045,0.062,0.12,0.875,0.005,240,10,3,1080.56,1250.2,1175.71,1151.82,724.369,1005.73,1155,1321.45,1512.26,965.26,0.005,0.005,0.005,0.005,0.005,0.005,0.005,0.005,0.005,0.005
10.1021/acscatal.0c03324 | 20 bar | H2/CO2 3 | 2 NL/g/h,10.1021/acscatal.0c03324,2Pd/CeO2-R [Figure 10b; 2Pd/CeO2-R; 2 MPa],0.0095,0.066,0.235,0.755,0.01,240,20,3,1015.5,1087.12,1051.84,1044.59,659.105,939.939,1055.63,1116.22,1203.48,759.83,0.005,0.005,0.005,0.005,0.005,0.005,0.005,0.005,0.005,0.005
10.1021/acscatal.0c03324 | 30 bar | H2/CO2 3 | 10 NL/g/h,10.1021/acscatal.0c03324,"2Pd/CeO2-O [SI Fig S7, O GHSV 10]",0.0265,0.042,0.21,0.775,0.015,280,30,3,1095.55,1110.59,1097.95,1134.72,700.336,1006.1,1153.67,1149.76,1271.52,754.544,0.005,0.005,0.005,0.005,0.005,0.005,0.005,0.005,0.005,0.005
10.1021/acscatal.0c03324 | 30 bar | H2/CO2 3 | 10 NL/g/h,10.1021/acscatal.0c03324,2Pd/CeO2-R [Figure 10c; 2Pd/CeO2-R; GHSV 10 L gcat−1 h−1],0.0208,0.032,0.2,0.792,0.008,240,30,3,1126.36,1150.07,1133.95,1172.28,723.914,1036.26,1193.32,1195.98,1337.69,793.536,0.005,0.005,0.005,0.005,0.005,0.005,0.005,0.005,0.005,0.005
10.1021/acscatal.0c03324 | 30 bar | H2/CO2 3 | 14 NL/g/h,10.1021/acscatal.0c03324,"2Pd/CeO2-O [SI Fig S7, O GHSV 14]",0.021,0.033,0.15,0.83,0.02,280,30,3,1225.72,1249.05,1233.08,1285.43,790.548,1122.17,1310.45,1308.75,1490.93,873.58,0.005,0.005,0.005,0.005,0.005,0.005,0.005,0.005,0.005,0.005
10.1021/acscatal.0c03324 | 30 bar | H2/CO2 3 | 14 NL/g/h,10.1021/acscatal.0c03324,2Pd/CeO2-R [Figure 10c; 2Pd/CeO2-R; GHSV 14 L gcat−1 h−1],0.0195,0.024,0.16,0.834,0.006,240,30,3,1275.94,1302.34,1285.15,1348.95,826.236,1169.56,1377.53,1375.34,1596.29,925.632,0.005,0.005,0.005,0.005,0.005,0.005,0.005,0.005,0.005,0.005
10.1021/acscatal.0c03324 | 30 bar | H2/CO2 3 | 18 NL/g/h,10.1021/acscatal.0c03324,"2Pd/CeO2-O [SI Fig S7, O GHSV 18]",0.0205,0.03,0.13,0.845,0.025,280,30,3,1308.21,1332.5,1316.15,1381.1,845.916,1195.2,1409.65,1405.4,1626.02,943.107,0.005,0.005,0.005,0.005,0.005,0.005,0.005,0.005,0.005,0.005
10.1021/acscatal.0c03324 | 30 bar | H2/CO2 3 | 18 NL/g/h,10.1021/acscatal.0c03324,2Pd/CeO2-R [Figure 10c; 2Pd/CeO2-R; GHSV 18 L gcat−1 h−1],0.0078,0.016,0.05,0.945,0.005,240,30,3,2026.24,2117.09,2074.12,2227.81,1343.2,1835.24,2284.2,2318.66,2908.69,1635.63,0.005,0.005,0.005,0.005,0.005,0.005,0.005,0.005,0.005,0.005
10.1021/acscatal.0c03324 | 30 bar | H2/CO2 3 | 2 NL/g/h,10.1021/acscatal.0c03324,2Pd/CeO2-R [Figure 10a; 2Pd/CeO2-R; 280 °C],0.0175,0.13,0.22,0.74,0.04,280,30,3,972.534,1003.84,984.685,984.044,616.636,898.05,992.474,1015.35,1053.71,659.452,0.005,0.005,0.005,0.005,0.005,0.005,0.005,0.005,0.005,0.005
10.1021/acscatal.0c03324 | 30 bar | H2/CO2 3 | 2 NL/g/h,10.1021/acscatal.0c03324,2Pd/CeO2-R [Figure 10a; 2Pd/CeO2-R; 260 °C],0.0148,0.101,0.265,0.7,0.035,260,30,3,986.989,1027.03,1004.38,1000.83,629.234,911.906,1010.37,1040.87,1086.47,683.119,0.005,0.005,0.005,0.005,0.005,0.005,0.005,0.005,0.005,0.005
10.1021/acscatal.0c03324 | 30 bar | H2/CO2 3 | 2 NL/g/h,10.1021/acscatal.0c03324,2Pd/CeO2-R [Table 3 row 1; standard conditions],0.012,0.065,0.3,0.684,0.016,240,30,3,1010.07,1063.32,1035.39,1029.52,650.202,933.64,1041.47,1082.77,1145.53,722.907,0.005,0.005,0.005,0.005,0.005,0.005,0.005,0.005,0.005,0.005
10.1021/acscatal.0c03324 | 30 bar | H2/CO2 3 | 2 NL/g/h,10.1021/acscatal.0c03324,"2Pd/CeO2-O [SI Fig S7, O GHSV 2]",0.011,0.066,0.26,0.725,0.015,280,30,3,1025.21,1084.8,1054.33,1046.29,662.221,946.881,1058.89,1105.89,1173.59,742.902,0.005,0.005,0.005,0.005,0.005,0.005,0.005,0.005,0.005,0.005
10.1021/acscatal.0c03324 | 30 bar | H2/CO2 3 | 2 NL/g/h,10.1021/acscatal.0c03324,2Pd/CeO2-R [Figure 10a; 2Pd/CeO2-R; 220 °C],0.0074,0.053,0.307,0.685,0.008,220,30,3,1045.46,1142.12,1096.83,1068.23,683.306,968.391,1081.48,1164.88,1237.66,802.727,0.005,0.005,0.005,0.005,0.005,0.005,0.005,0.005,0.005,0.005
10.1021/acscatal.0c03324 | 30 bar | H2/CO2 3 | 2 NL/g/h,10.1021/acscatal.0c03324,2Pd/CeO2-R [Figure 10a; 2Pd/CeO2-R; 200 °C],0.0045,0.038,0.315,0.68,0.005,200,30,3,1121.59,1291.22,1216.74,1152.97,746.592,1041.52,1169.35,1322.6,1421.24,947.607,0.005,0.005,0.005,0.005,0.005,0.005,0.005,0.005,0.005,0.005
10.1021/acscatal.0c03324 | 30 bar | H2/CO2 3 | 24 NL/g/h,10.1021/acscatal.0c03324,2Pd/CeO2-R [Figure 10c; 2Pd/CeO2-R; GHSV 24 L gcat−1 h−1],0.0023,0.01,0.017,0.98,0.003,240,30,3,46143.3,46491,46345.3,54739.1,29981.9,40466,55603.5,55086.8,78905.2,38925.5,0.005,0.005,0.005,0.005,0.005,0.005,0.005,0.005,0.005,0.005
10.1021/acscatal.0c03324 | 30 bar | H2/CO2 3 | 6 NL/g/h,10.1021/acscatal.0c03324,"2Pd/CeO2-O [SI Fig S7, O GHSV 6]",0.0256462,0.052,0.23,0.755,0.015,280,30,3,1036.76,1052.85,1039.78,1065.48,660.33,953.935,1080.92,1081.57,1172.24,705.142,0.005,0.005,0.005,0.005,0.005,0.005,0.005,0.005,0.005,0.005
10.1021/acscatal.0c03324 | 30 bar | H2/CO2 3 | 6 NL/g/h,10.1021/acscatal.0c03324,2Pd/CeO2-R [Figure 10c; 2Pd/CeO2-R; GHSV 6 L gcat−1 h−1],0.024804,0.045,0.265,0.717,0.018,240,30,3,1041.56,1058.76,1045.25,1071.46,663.176,959.909,1087.33,1088.67,1182.9,710.285,0.005,0.005,0.005,0.005,0.005,0.005,0.005,0.005,0.005,0.005
10.1021/acscatal.0c03324 | 30 bar | H2/CO2 3 | 6 NL/g/h,10.1021/acscatal.0c03324,"2Pd/CeO2-R [SI Figure S8, first plotted point]",0.0241237,0.045,0.25,0.734,0.016,240,30,3,1039.88,1058.03,1044.14,1069.62,662.527,958.39,1085.42,1087.77,1181.51,710.425,0.005,0.005,0.005,0.005,0.005,0.005,0.005,0.005,0.005,0.005
10.1021/acscatal.0c03324 | 30 bar | H2/CO2 3 | 6 NL/g/h,10.1021/acscatal.0c03324,2Pd/CeO2-R [Text section 3.5; stability test at 100 h],0.0215488,0.04,0.259,0.731,0.01,240,30,3,1061.49,1083.8,1068.24,1095.45,679.117,978.002,1112.7,1117.75,1224.07,735.384,0.005,0.005,0.005,0.005,0.005,0.005,0.005,0.005,0.005,0.005
10.1021/acscatal.0c03324 | 40 bar | H2/CO2 3 | 2 NL/g/h,10.1021/acscatal.0c03324,2Pd/CeO2-R [Figure 10b; 2Pd/CeO2-R; 4 MPa],0.0163,0.068,0.4,0.58,0.02,240,40,3,1003.87,1038.7,1018.14,1017.79,643.58,927.583,1029.5,1052.62,1100.59,692.328,0.005,0.005,0.005,0.005,0.005,0.005,0.005,0.005,0.005,0.005
10.1021/acscatal.0c03324 | 50 bar | H2/CO2 3 | 2 NL/g/h,10.1021/acscatal.0c03324,2Pd/CeO2-R [Figure 10b; 2Pd/CeO2-R; 5 MPa],0.0179,0.059,0.477,0.493,0.03,240,50,3,1033.31,1063.54,1044.82,1046.68,662.621,954.737,1059.88,1076.91,1124.93,706.228,0.005,0.005,0.005,0.005,0.005,0.005,0.005,0.005,0.005,0.005
10.1021/acscatal.0c05628 | 50 bar | H2/CO2 4 | 21 NL/g/h,10.1021/acscatal.0c05628,"Ir/In2O3-10 [Text/Figure 1, Ir/In2O3-10, 300 °C]",0.754538,0.177,0.71,0.29,0,300,50,4,882.854,867.386,866.942,887.719,546.056,812.266,894.438,872.251,891.505,535.453,0.005,0.005,0.005,0.005,0.005,0.005,0.005,0.005,0.005,0.005
10.1021/acscatal.0c05628 | 50 bar | H2/CO2 4 | 21 NL/g/h,10.1021/acscatal.0c05628,"Ir/In2O3-5 [Text/Figure 1, Ir/In2O3-5, 300 °C]",0.605336,0.142,0.71,0.29,0,300,50,4,896.48,881.285,880.731,902.72,555.652,824.899,910.67,887.526,911.602,546.698,0.005,0.005,0.005,0.005,0.005,0.005,0.005,0.005,0.005,0.005
10.1021/acscatal.0c05628 | 50 bar | H2/CO2 4 | 21 NL/g/h,10.1021/acscatal.0c05628,"Ir/In2O3-10 [Text/Figure 1a, Ir/In2O3-10, 250 °C]",0.587804,0.11,0.89,0.11,0,250,50,4,908.549,893.395,892.825,916.251,563.677,836.562,925.405,901.098,930.203,556.227,0.005,0.005,0.005,0.005,0.005,0.005,0.005,0.005,0.005,0.005
10.1021/acscatal.0c05628 | 50 bar | H2/CO2 4 | 21 NL/g/h,10.1021/acscatal.0c05628,"Ir/In2O3-10 [Figure 1a, Ir/In2O3-10, 275 °C]",0.544694,0.108,0.84,0.16,0,275,50,4,914.026,898.985,898.37,922.205,567.6,841.345,931.733,907.165,937.892,560.739,0.005,0.005,0.005,0.005,0.005,0.005,0.005,0.005,0.005,0.005
10.1021/acscatal.0c05628 | 50 bar | H2/CO2 4 | 21 NL/g/h,10.1021/acscatal.0c05628,"Ir/In2O3-1 [Text/Figure 1, Ir/In2O3-1, 300 °C]",0.508429,0.116,0.73,0.27,0,300,50,4,912.8,897.87,897.211,920.708,567.011,839.902,930.023,905.778,935.579,559.988,0.005,0.005,0.005,0.005,0.005,0.005,0.005,0.005,0.005,0.005
10.1021/acscatal.0c05628 | 50 bar | H2/CO2 4 | 21 NL/g/h,10.1021/acscatal.0c05628,"Ir/In2O3-5 [Figure 1a, Ir/In2O3-5, 275 °C]",0.423591,0.085,0.83,0.17,0,275,50,4,939.681,925.081,924.29,950.519,585.295,864.925,962.006,935.919,975.571,581.532,0.005,0.005,0.005,0.005,0.005,0.005,0.005,0.005,0.005,0.005
10.1021/acscatal.0c05628 | 50 bar | H2/CO2 4 | 21 NL/g/h,10.1021/acscatal.0c05628,"Pristine In2O3 [Text/Figure 1, In2O3, 300 °C]",0.325964,0.089,0.61,0.39,0,300,50,4,944.036,930.028,929,955.009,588.952,868.456,966.589,941.001,981.1,585.916,0.005,0.005,0.005,0.005,0.005,0.005,0.005,0.005,0.005,0.005
10.1021/acscatal.0c05628 | 50 bar | H2/CO2 4 | 21 NL/g/h,10.1021/acscatal.0c05628,"Ir/In2O3-1 [Figure 1a, Ir/In2O3-1, 275 °C]",0.297804,0.062,0.8,0.2,0,275,50,4,991.271,977.506,976.38,1007.44,620.573,911.841,1022.41,993.678,1050.82,622.98,0.005,0.005,0.005,0.005,0.005,0.005,0.005,0.005,0.005,0.005
10.1021/acscatal.0c05628 | 50 bar | H2/CO2 4 | 21 NL/g/h,10.1021/acscatal.0c05628,"Ir/In2O3-5 [Text/Figure 1a, Ir/In2O3-5, 250 °C]",0.237763,0.045,0.88,0.12,0,250,50,4,1048.06,1035.01,1033.6,1070.56,658.384,964.35,1089.17,1057.51,1134.96,667.83,0.005,0.005,0.005,0.005,0.005,0.005,0.005,0.005,0.005,0.005
10.1021/acscatal.0c05628 | 50 bar | H2/CO2 4 | 21 NL/g/h,10.1021/acscatal.0c05628,"Pristine In2O3 [Figure 1a, In2O3, 275 °C]",0.190211,0.044,0.72,0.28,0,275,50,4,1094.04,1081.86,1080.1,1120.78,690.219,1004.11,1141.63,1108.61,1199.48,704.786,0.005,0.005,0.005,0.005,0.005,0.005,0.005,0.005,0.005,0.005
10.1021/acscatal.0c05628 | 50 bar | H2/CO2 4 | 21 NL/g/h,10.1021/acscatal.0c05628,"Ir/In2O3-1 [Text/Figure 1a, Ir/In2O3-1, 250 °C]",0.167515,0.031,0.9,0.1,0,250,50,4,1114.54,1102.96,1100.96,1145,701.804,1027.79,1167.73,1133.43,1236,720.692,0.005,0.005,0.005,0.005,0.005,0.005,0.005,0.005,0.005,0.005
10.1021/acscatal.0c05628 | 50 bar | H2/CO2 4 | 21 NL/g/h,10.1021/acscatal.0c05628,"Ir/In2O3-10 [Figure 1a, Ir/In2O3-10, 225 °C]",0.129809,0.023,0.94,0.06,0,225,50,4,1162.15,1152.03,1149.45,1198.93,731.97,1075.21,1224.67,1188.81,1311.07,758.624,0.005,0.005,0.005,0.005,0.005,0.005,0.005,0.005,0.005,0.005
10.1021/acscatal.0c05628 | 50 bar | H2/CO2 4 | 21 NL/g/h,10.1021/acscatal.0c05628,"Pristine In2O3 [Text/Figure 1a, In2O3, 250 °C]",0.105913,0.021,0.84,0.16,0,250,50,4,1270.48,1261.81,1258.65,1318.64,804.06,1171.85,1349.41,1309.98,1467.36,843.554,0.005,0.005,0.005,0.005,0.005,0.005,0.005,0.005,0.005,0.005
10.1021/acscatal.0c05628 | 50 bar | H2/CO2 4 | 21 NL/g/h,10.1021/acscatal.0c05628,"Ir/In2O3-5 [Figure 1a, Ir/In2O3-5, 225 °C]",0.0855587,0.015,0.95,0.05,0,225,50,4,1303.68,1296.89,1292.98,1357.73,822.905,1209.86,1390.95,1350.95,1526.37,870.173,0.005,0.005,0.005,0.005,0.005,0.005,0.005,0.005,0.005,0.005
10.1021/acscatal.0c05628 | 50 bar | H2/CO2 4 | 21 NL/g/h,10.1021/acscatal.0c05628,"Ir/In2O3-1 [Figure 1a, Ir/In2O3-1, 225 °C]",0.045151,0.008,0.94,0.06,0,225,50,4,1679.83,1681.81,1674.39,1780.06,1061.87,1565.28,1830.24,1782.04,2096.79,1164.08,0.005,0.005,0.005,0.005,0.005,0.005,0.005,0.005,0.005,0.005
10.1021/acscatal.0c05628 | 50 bar | H2/CO2 4 | 21 NL/g/h,10.1021/acscatal.0c05628,"Ir/In2O3-10 [Figure 1a, Ir/In2O3-10, 200 °C]",0.0288198,0.005,0.96,0.04,0,200,50,4,2109.5,2121.99,2110.36,2263.76,1330.76,1972.42,2330.91,2276.25,2751.38,1497.52,0.005,0.005,0.005,0.005,0.005,0.005,0.005,0.005,0.005,0.005
10.1021/acscatal.0c05628 | 50 bar | H2/CO2 4 | 21 NL/g/h,10.1021/acscatal.0c05628,"Pristine In2O3 [Figure 1a, In2O3, 225 °C]",0.021855,0.004,0.91,0.09,0,225,50,4,2509.37,2531.13,2515.8,2713.25,1580.72,2347.37,2794.48,2735.02,3356.07,1806.36,0.005,0.005,0.005,0.005,0.005,0.005,0.005,0.005,0.005,0.005
10.1021/acscatal.0c05628 | 50 bar | H2/CO2 4 | 21 NL/g/h,10.1021/acscatal.0c05628,"Ir/In2O3-5 [Figure 1a, Ir/In2O3-5, 200 °C]",0.017472,0.003,0.97,0.03,0,200,50,4,2878.17,2909.55,2890.36,3129.79,1807.61,2698.71,3223.66,3161.17,3921.81,2090.62,0.005,0.005,0.005,0.005,0.005,0.005,0.005,0.005,0.005,0.005
10.1021/acscatal.0c05628 | 50 bar | H2/CO2 4 | 21 NL/g/h,10.1021/acscatal.0c05628,"Ir/In2O3-1 [Figure 1a, Ir/In2O3-1, 200 °C]",0.0115279,0.002,0.96,0.04,0,200,50,4,3879.4,3935.51,3906.44,4258.72,2424.04,3642.82,4383.55,4314.83,5446.19,2859.46,0.005,0.005,0.005,0.005,0.005,0.005,0.005,0.005,0.005,0.005
10.1021/acscatal.0c05628 | 50 bar | H2/CO2 4 | 21 NL/g/h,10.1021/acscatal.0c05628,"Pristine In2O3 [Figure 1a, In2O3, 200 °C]",0.00564388,0.001,0.94,0.06,0,200,50,4,6898.16,7030.05,6970.67,7666.69,4264.7,6487.23,7872.66,7798.59,10048,5165.13,0.005,0.005,0.005,0.005,0.005,0.005,0.005,0.005,0.005,0.005
10.1021/acscatal.1c03170 | 30 bar | H2/CO2 3 | 60 NL/g/h,10.1021/acscatal.1c03170,"NiO(6)−In2O3 [Fig 4a,b, NiO content 6 wt%]",0.254575,0.028,0.53,0.47,0,250,30,3,1157.07,1143.78,1142.47,1216.95,732.586,1057.7,1242.02,1203.66,1386.34,779.177,0.005,0.005,0.005,0.005,0.005,0.005,0.005,0.005,0.005,0.005
10.1021/acscatal.1c03170 | 30 bar | H2/CO2 3 | 60 NL/g/h,10.1021/acscatal.1c03170,"Ni-In2O3 [Fig 1, Ni-In2O3 screening catalyst]",0.254575,0.028,0.53,0.47,0,250,30,3,1157.07,1143.78,1142.47,1216.95,732.586,1057.7,1242.02,1203.66,1386.34,779.177,0.005,0.005,0.005,0.005,0.005,0.005,0.005,0.005,0.005,0.005
10.1021/acscatal.1c03170 | 30 bar | H2/CO2 3 | 60 NL/g/h,10.1021/acscatal.1c03170,"NiO(6)−In2O3 [Figure 4c,d, NiO(6)−In2O3 first TOS point]",0.254232,0.0285,0.52,0.48,0,250,30,3,1147.05,1133.77,1132.45,1205.12,725.781,1048.82,1229.69,1191.84,1369.23,770.568,0.005,0.005,0.005,0.005,0.005,0.005,0.005,0.005,0.005,0.005
10.1021/acscatal.1c03170 | 30 bar | H2/CO2 3 | 60 NL/g/h,10.1021/acscatal.1c03170,"Pd-In2O3 [Fig 1, Pd-In2O3 screening catalyst]",0.234675,0.019,0.72,0.28,0,250,30,3,1337.13,1324.12,1322.69,1431.75,853.37,1220.74,1465.71,1418.74,1702.37,934.985,0.005,0.005,0.005,0.005,0.005,0.005,0.005,0.005,0.005,0.005
10.1021/acscatal.1c03170 | 30 bar | H2/CO2 3 | 60 NL/g/h,10.1021/acscatal.1c03170,"NiO(25)−In2O3 [Fig 4a,b, NiO content 25 wt%]",0.192132,0.028,0.4,0.6,0,250,30,3,1159.29,1147.07,1145.33,1219.17,734.805,1059.92,1244.24,1206.95,1389.63,782.466,0.005,0.005,0.005,0.005,0.005,0.005,0.005,0.005,0.005,0.005
10.1021/acscatal.1c03170 | 30 bar | H2/CO2 3 | 60 NL/g/h,10.1021/acscatal.1c03170,"NiO(1)−In2O3 [Figure 4c,d, NiO(1)−In2O3 first TOS point]",0.189559,0.017,0.65,0.35,0,250,30,3,1473.87,1461.71,1459.94,1593.47,945.744,1342.3,1633.17,1581.31,1936.93,1053.19,0.005,0.005,0.005,0.005,0.005,0.005,0.005,0.005,0.005,0.005
10.1021/acscatal.1c03170 | 30 bar | H2/CO2 3 | 60 NL/g/h,10.1021/acscatal.1c03170,"NiO(1)−In2O3 [Fig 4a,b, NiO content 1 wt%]",0.166228,0.017,0.57,0.43,0,250,30,3,1610.6,1599.06,1597.05,1753.7,1038.59,1460.95,1798.47,1742.17,2165.25,1170.16,0.005,0.005,0.005,0.005,0.005,0.005,0.005,0.005,0.005,0.005
10.1021/acscatal.1c03170 | 30 bar | H2/CO2 3 | 60 NL/g/h,10.1021/acscatal.1c03170,"NiO(50)−In2O3 [Fig 4a,b, NiO content 50 wt%]",0.120082,0.025,0.28,0.72,0,250,30,3,1241.25,1231.65,1228.86,1315.05,791.911,1132.96,1343.85,1305.45,1528.72,856.112,0.005,0.005,0.005,0.005,0.005,0.005,0.005,0.005,0.005,0.005
10.1021/acscatal.1c03170 | 30 bar | H2/CO2 3 | 60 NL/g/h,10.1021/acscatal.1c03170,"In2O3 [Figure 4c,d, In2O3 first TOS point]",0.0936643,0.0105,0.52,0.48,0,250,30,3,2045.48,2037.85,2034.27,2276.94,1325.47,1860.07,2338.87,2269.31,2944.33,1549.29,0.005,0.005,0.005,0.005,0.005,0.005,0.005,0.005,0.005,0.005
10.1021/acscatal.1c03170 | 30 bar | H2/CO2 3 | 60 NL/g/h,10.1021/acscatal.1c03170,"In2O3 [Fig 4a,b, NiO content 0 wt%]",0.0713633,0.008,0.52,0.48,0,250,30,3,2311.33,2306.5,2301.8,2599.86,1498.38,2108.24,2671.84,2595.03,3431.89,1782.07,0.005,0.005,0.005,0.005,0.005,0.005,0.005,0.005,0.005,0.005
10.1021/acscatal.1c03170 | 30 bar | H2/CO2 3 | 60 NL/g/h,10.1021/acscatal.1c03170,"Cu-In2O3 [Fig 1, Cu-In2O3 screening catalyst]",0.0403134,0.005,0.47,0.53,0,250,30,3,3231.64,3235.84,3227.53,3714.27,2095.98,2957.93,3816.89,3718.48,5102.68,2582.82,0.005,0.005,0.005,0.005,0.005,0.005,0.005,0.005,0.005,0.005
10.1021/acscatal.1c03170 | 30 bar | H2/CO2 3 | 60 NL/g/h,10.1021/acscatal.1c03170,"Co-In2O3 [Fig 1, Co-In2O3 screening catalyst]",0.0236734,0.006,0.23,0.77,0,250,30,3,5339.96,5358.77,5344.61,6227.55,3479.42,4828.28,6385.08,6246.37,8764.7,4385.83,0.005,0.005,0.005,0.005,0.005,0.005,0.005,0.005,0.005,0.005
10.1021/acscatal.1c03170 | 30 bar | H2/CO2 3 | 60 NL/g/h,10.1021/acscatal.1c03170,"NiO(75)−In2O3 [Fig 4a,b, NiO content 75 wt%]",0.0154392,0.009,0.1,0.82,0.08,250,30,3,9486.36,9524.05,9502.34,11031.4,6130.84,8483.44,11266.2,11069.1,15418.6,7713.61,0.005,0.005,0.005,0.005,0.005,0.005,0.005,0.005,0.005,0.005
10.1021/acscatal.1c03170 | 30 bar | H2/CO2 3 | 60 NL/g/h,10.1021/acscatal.1c03170,"NiO [Fig 4a,b, NiO content 100 wt%]",0.0154392,0.018,0.05,0.55,0.4,250,30,3,4278.05,4315.75,4294.04,4682.66,2654.5,3916.62,4773.39,4720.35,5884.87,3096.8,0.005,0.005,0.005,0.005,0.005,0.005,0.005,0.005,0.005,0.005
10.1021/acscatal.5b00682 | 30 bar | H2/CO2 4 | 12 NL/g/h,10.1021/acscatal.5b00682,"Cu/SiO2-AE [SI Figure S3(II), AE, 380 °C, WHSV 12 L/g/h]",0.0636394,0.355,0.055,0.78,0.165,380,30,4,1078.66,1075.25,1069.99,1092.86,661.664,995.659,1101.62,1089.45,1125.48,669.996,0.005,0.005,0.005,0.006,0.006,0.005,0.007,0.006,0.01,0.008
10.1021/acscatal.5b00682 | 30 bar | H2/CO2 4 | 12 NL/g/h,10.1021/acscatal.5b00682,"Cu/SiO2-AE [SI Figure S3(I), AE, 390 °C, WHSV 12 L/g/h]",0.0299863,0.368,0.025,0.85,0.125,390,30,4,1035.95,1047.32,1036.14,1047.65,643.594,956.727,1055.58,1059.01,1090.14,664.911,0.005,0.005,0.005,0.006,0.006,0.005,0.006,0.006,0.009,0.008
10.1021/acscatal.5b00682 | 30 bar | H2/CO2 4 | 16 NL/g/h,10.1021/acscatal.5b00682,"Cu/SiO2-AE [Figure 1, 320 °C]",0.272827,0.28,0.213,0.727,0.06,320,30,4,926.333,912.825,911.597,935.058,566.748,852.247,942.053,921.551,950.885,561.966,0.005,0.005,0.005,0.005,0.005,0.005,0.005,0.005,0.006,0.005
10.1021/acscatal.5b00682 | 30 bar | H2/CO2 4 | 16 NL/g/h,10.1021/acscatal.5b00682,"Cu/SiO2-AE [Figure 1, 300 °C]",0.261665,0.22,0.26,0.72,0.02,300,30,4,887.949,874.573,873.292,895.619,545.091,816.402,902.037,882.243,908.522,539.385,0.005,0.005,0.005,0.005,0.005,0.005,0.005,0.005,0.005,0.005
10.1021/acscatal.5b00682 | 30 bar | H2/CO2 4 | 16 NL/g/h,10.1021/acscatal.5b00682,"Cu/SiO2-AE [Figure 1, 280 °C]",0.21226,0.16,0.29,0.7,0.01,280,30,4,892.251,879.62,878.041,901.854,549.701,820.612,909.326,889.223,921.62,546.673,0.005,0.005,0.005,0.005,0.005,0.005,0.005,0.005,0.005,0.005
10.1021/acscatal.5b00682 | 30 bar | H2/CO2 4 | 16 NL/g/h,10.1021/acscatal.5b00682,"Cu/SiO2-AE [Figure 1, 260 °C]",0.150796,0.082,0.402,0.588,0.01,260,30,4,947.814,936.792,934.569,967.041,588.65,872.586,978.898,956.019,1018.09,596.855,0.005,0.005,0.005,0.005,0.005,0.005,0.005,0.005,0.005,0.005
10.1021/acscatal.5b00682 | 30 bar | H2/CO2 4 | 16 NL/g/h,10.1021/acscatal.5b00682,"Cu/SiO2-AE [Figure 1, 340 °C]",0.148445,0.295,0.11,0.81,0.08,340,30,4,955.07,944.136,941.878,964.895,585.629,879.415,972.468,953.961,985.533,584.52,0.005,0.005,0.005,0.005,0.005,0.005,0.005,0.005,0.007,0.005
10.1021/acscatal.5b00682 | 30 bar | H2/CO2 4 | 16 NL/g/h,10.1021/acscatal.5b00682,"Cu/SiO2-AE [Figure 1, 360 °C]",0.124428,0.32,0.085,0.825,0.09,360,30,4,967.697,957.853,955.159,977.822,593.614,891.307,985.549,967.978,999.001,593.533,0.005,0.005,0.005,0.005,0.005,0.005,0.005,0.005,0.007,0.006
10.1021/acscatal.5b00682 | 30 bar | H2/CO2 4 | 16 NL/g/h,10.1021/acscatal.5b00682,"Cu/SiO2-AE [Figure 1, 380 °C]",0.0944649,0.35,0.059,0.821,0.12,380,30,4,1008.63,1000.92,997.371,1020.45,618.749,929.779,1028.37,1012.75,1044.68,621.291,0.005,0.005,0.005,0.005,0.005,0.005,0.006,0.005,0.009,0.007
10.1021/acscatal.5b00682 | 30 bar | H2/CO2 4 | 16 NL/g/h,10.1021/acscatal.5b00682,"Cu/SiO2-AE [SI Figure S3(I), AE, 390 °C, WHSV 16 L/g/h]",0.041355,0.366,0.026,0.854,0.12,390,30,4,1021.61,1025.3,1017.19,1033.1,632.069,942.819,1040.9,1036.78,1067.57,645.607,0.005,0.005,0.005,0.006,0.005,0.005,0.006,0.006,0.009,0.007
10.1021/acscatal.5b00682 | 30 bar | H2/CO2 4 | 20 NL/g/h,10.1021/acscatal.5b00682,"Cu/SiO2-AE [SI Figure S3(II), AE, 380 °C, WHSV 20 L/g/h]",0.120641,0.347,0.064,0.841,0.095,380,30,4,972.629,962.996,960.217,982.739,596.466,895.908,990.445,973.106,1002.83,596.302,0.005,0.005,0.005,0.005,0.005,0.005,0.006,0.005,0.008,0.006
10.1021/acscatal.5b00682 | 30 bar | H2/CO2 4 | 3 NL/g/h,10.1021/acscatal.5b00682,"Cu/SiO2-AE [SI Figure S3(II), AE, 380 °C, WHSV 3 L/g/h]",0.0228157,0.35,0.08,0.665,0.255,380,30,4,1254.49,1274.64,1259.95,1273.7,772.412,1161.38,1284.23,1293.85,1340.27,808.043,0.005,0.005,0.005,0.007,0.007,0.006,0.008,0.007,0.012,0.01
10.1021/acscatal.5b00682 | 30 bar | H2/CO2 4 | 3 NL/g/h,10.1021/acscatal.5b00682,"Cu/SiO2-AE [SI Figure S3(I), AE, 390 °C, WHSV 3 L/g/h]",0.0133838,0.365,0.045,0.695,0.26,390,30,4,1282.19,1328.22,1303.18,1300.9,796.202,1188.31,1311.44,1346.93,1392.55,857.391,0.006,0.006,0.006,0.008,0.007,0.006,0.009,0.008,0.012,0.01
10.1021/acscatal.5b00682 | 30 bar | H2/CO2 4 | 32 NL/g/h,10.1021/acscatal.5b00682,"Cu/SiO2-AE [SI Figure S3(II), AE, 380 °C, WHSV 32 L/g/h]",0.342843,0.343,0.115,0.85,0.035,380,30,4,890.855,876.72,875.742,897.134,544.792,818.809,902.732,883,904.822,536.936,0.005,0.005,0.005,0.005,0.005,0.005,0.005,0.005,0.005,0.005
10.1021/acscatal.5b00682 | 30 bar | H2/CO2 4 | 6 NL/g/h,10.1021/acscatal.5b00682,"Cu/SiO2-AE [SI Figure S3(II), AE, 380 °C, WHSV 6 L/g/h]",0.0342235,0.35,0.06,0.72,0.22,380,30,4,1180.35,1188.25,1178.46,1197.6,725.409,1091.53,1207.57,1205.51,1248.02,747.336,0.005,0.005,0.005,0.007,0.007,0.005,0.008,0.007,0.011,0.009
10.1021/acscatal.5b00682 | 30 bar | H2/CO2 4 | 6 NL/g/h,10.1021/acscatal.5b00682,"Cu/SiO2-AE [SI Figure S3(I), AE, 390 °C, WHSV 6 L/g/h]",0.0207052,0.363,0.035,0.815,0.15,390,30,4,1082.68,1106.57,1090.38,1095.88,675.208,1001.13,1104.33,1119.77,1153.9,710.118,0.005,0.005,0.005,0.006,0.006,0.005,0.007,0.006,0.01,0.008
10.1021/acscatal.5b00682 | 30 bar | H2/CO2 4 | 9 NL/g/h,10.1021/acscatal.5b00682,"Cu/SiO2-AE [SI Figure S3(II), AE, 380 °C, WHSV 9 L/g/h]",0.0430238,0.352,0.05,0.775,0.175,380,30,4,1101.55,1104.45,1096.66,1116.44,678.008,1017.54,1125.4,1119.34,1156.69,693.155,0.005,0.005,0.005,0.006,0.006,0.005,0.007,0.006,0.01,0.008
10.1021/acscatal.5b00682 | 30 bar | H2/CO2 4 | 9 NL/g/h,10.1021/acscatal.5b00682,"Cu/SiO2-AE [SI Figure S3(I), AE, 390 °C, WHSV 9 L/g/h]",0.0249832,0.365,0.028,0.837,0.135,390,30,4,1055.19,1072.16,1058.74,1067.5,656.875,975.046,1075.7,1084.47,1116.91,684.237,0.005,0.005,0.005,0.006,0.006,0.005,0.007,0.006,0.009,0.008
10.1021/acscatal.5c05984 | 100 bar | H2/CO2 1 | 20 NL/g/h,10.1021/acscatal.5c05984,5 wt % Re/TiO2 [Table 4 row 21],1.8,0.13,0.96,0.02,0.02,200,100,1,891.937,875.824,875.638,893.531,555.632,820.331,898.424,877.418,886.355,541.113,0.005,0.005,0.005,0.005,0.005,0.005,0.005,0.005,0.005,0.005
10.1021/acscatal.5c05984 | 100 bar | H2/CO2 2 | 20 NL/g/h,10.1021/acscatal.5c05984,5 wt % Re/TiO2 [Table 4 row 20],1.75,0.18,0.98,0,0.02,200,100,2,894.915,878.815,878.623,896.598,556.825,824.096,901.68,880.498,889.855,542.408,0.005,0.005,0.005,0.005,0.005,0.005,0.005,0.005,0.005,0.005
10.1021/acscatal.5c05984 | 100 bar | H2/CO2 3 | 20 NL/g/h,10.1021/acscatal.5c05984,5 wt % Re/TiO2 [Table 4 row 19],1.6,0.22,0.98,0.01,0.01,200,100,3,887.314,871.259,871.05,888.961,552.234,817.485,893.967,872.906,882.091,537.825,0.005,0.005,0.005,0.005,0.005,0.005,0.005,0.005,0.005,0.005
10.1021/acscatal.5c05984 | 100 bar | H2/CO2 4 | 10 NL/g/h,10.1021/acscatal.5c05984,5 wt % Re/TiO2 [Table 4 row 11],0.9,0.33,0.97,0,0.03,200,100,4,907.429,891.781,891.409,909.168,564.18,836.747,914.365,893.52,903.136,550.271,0.005,0.005,0.005,0.005,0.005,0.005,0.005,0.005,0.005,0.005
10.1021/acscatal.5c05984 | 100 bar | H2/CO2 4 | 10 NL/g/h,10.1021/acscatal.5c05984,5 wt % Re/TiO2 [Table 4 row 10],0.8,0.4,0.74,0.01,0.25,250,100,4,1223.3,1207.77,1207.35,1229.34,748.627,1132.11,1240.09,1213.81,1235.67,737.819,0.005,0.005,0.005,0.006,0.006,0.005,0.007,0.006,0.009,0.008
10.1021/acscatal.5c05984 | 100 bar | H2/CO2 4 | 10 NL/g/h,10.1021/acscatal.5c05984,1 wt % Re/TiO2 [Table 4 row 4],0.65,0.23,0.97,0.02,0.01,250,100,4,896.438,881.149,880.633,898.403,559.053,826.538,904.061,883.113,893.774,545.728,0.005,0.005,0.005,0.005,0.005,0.005,0.005,0.005,0.005,0.005
10.1021/acscatal.5c05984 | 100 bar | H2/CO2 4 | 10 NL/g/h,10.1021/acscatal.5c05984,5 wt % Re/TiO2 [Table 4 row 7],0.65,0.4,0.65,0,0.35,250,100,4,1436.48,1421.19,1420.67,1444.29,871.339,1331.15,1457.06,1429,1456.01,862.178,0.006,0.006,0.006,0.007,0.008,0.006,0.008,0.007,0.011,0.009
10.1021/acscatal.5c05984 | 100 bar | H2/CO2 4 | 10 NL/g/h,10.1021/acscatal.5c05984,1 wt % Re/TiO2 [Table 4 row 3],0.55,0.19,0.99,0.01,0,200,100,4,891.802,876.747,876.138,893.931,557.026,822.376,899.912,878.876,890.284,544.1,0.005,0.005,0.005,0.005,0.005,0.005,0.005,0.005,0.005,0.005
10.1021/acscatal.5c05984 | 100 bar | H2/CO2 4 | 10 NL/g/h,10.1021/acscatal.5c05984,5 wt % Re/TiO2 [Table 4 row 6],0.4,0.18,0.98,0,0.02,200,100,4,916.664,902.18,901.342,919.232,572.437,845.855,926.023,904.748,918.102,560.521,0.005,0.005,0.005,0.005,0.005,0.005,0.005,0.005,0.005,0.005
10.1021/acscatal.5c05984 | 100 bar | H2/CO2 4 | 10 NL/g/h,10.1021/acscatal.5c05984,1 wt % Re/TiO2 [Table 4 row 2],0.28,0.21,0.46,0.01,0.53,250,100,4,2083.17,2069.58,2068.39,2103.8,1248.83,1935.47,2130.47,2090.21,2161.06,1254.28,0.005,0.005,0.005,0.005,0.005,0.005,0.005,0.005,0.007,0.006
10.1021/acscatal.5c05984 | 100 bar | H2/CO2 4 | 10 NL/g/h,10.1021/acscatal.5c05984,1 wt % Re/TiO2 [Table 4 row 1],0.15,0.07,0.8,0,0.2,200,100,4,1234.68,1223.69,1221.45,1245.23,765.138,1144.39,1262.5,1234.24,1278.92,764.693,0.005,0.005,0.005,0.005,0.005,0.005,0.005,0.005,0.005,0.005
10.1021/acscatal.5c05984 | 100 bar | H2/CO2 4 | 10 NL/g/h,10.1021/acscatal.5c05984,5 wt % Re/TiO2 [Table 4 row 5],0.1,0.04,0.97,0,0.03,150,100,4,1062.21,1054.01,1050.66,1072.47,669.919,984.085,1089.46,1064.27,1107.93,671.985,0.005,0.005,0.005,0.005,0.005,0.005,0.005,0.005,0.005,0.005
10.1021/acscatal.5c05984 | 100 bar | H2/CO2 4 | 20 NL/g/h,10.1021/acscatal.5c05984,5 wt % Re/TiO2 [Table 4 row 12],1.85,0.33,0.98,0,0.02,200,100,4,894.122,877.996,877.815,895.684,555.475,824.16,900.508,879.559,888.345,540.911,0.005,0.005,0.005,0.005,0.005,0.005,0.005,0.005,0.005,0.005
10.1021/acscatal.5c05984 | 100 bar | H2/CO2 4 | 20 NL/g/h,10.1021/acscatal.5c05984,5 wt % Re/TiO2 [Table 4 row 8],1.5,0.29,0.89,0,0.11,250,100,4,1007.7,991.679,991.455,1011.15,622.897,930.525,1019.42,995.129,1012.25,610.326,0.005,0.005,0.005,0.005,0.005,0.005,0.005,0.005,0.005,0.005
10.1021/acscatal.5c05984 | 100 bar | H2/CO2 4 | 30 NL/g/h,10.1021/acscatal.5c05984,5 wt % Re/TiO2 [Table 4 row 13],2.4,0.28,0.99,0,0.01,200,100,4,886.176,869.946,869.807,887.78,550.854,816.739,892.697,871.551,880.539,536.228,0.005,0.005,0.005,0.005,0.005,0.005,0.005,0.005,0.005,0.005
10.1021/acscatal.5c05984 | 100 bar | H2/CO2 4 | 40 NL/g/h,10.1021/acscatal.5c05984,5 wt % Re/TiO2 [Table 4 row 14],2.95,0.26,0.99,0,0.01,200,100,4,887.676,871.381,871.268,889.39,551.753,818.148,894.538,873.095,882.596,537.172,0.005,0.005,0.005,0.005,0.005,0.005,0.005,0.005,0.005,0.005
10.1021/acscatal.5c05984 | 100 bar | H2/CO2 4 | 40 NL/g/h,10.1021/acscatal.5c05984,5 wt % Re/TiO2 [Table 4 row 9],2.45,0.22,0.94,0.01,0.05,250,100,4,940.121,923.885,923.748,942.902,583.443,867.186,950.065,926.666,940.943,569.987,0.005,0.005,0.005,0.005,0.005,0.005,0.005,0.005,0.005,0.005
10.1021/acscatal.5c05984 | 20 bar | H2/CO2 4 | 20 NL/g/h,10.1021/acscatal.5c05984,5 wt % Re/TiO2 [Table 4 row 18],0.3,0.05,0.98,0.01,0.01,200,20,4,987.834,974.048,972.931,1031.13,614.991,912.391,1045.36,1017.35,1145.3,644.506,0.005,0.005,0.005,0.005,0.005,0.005,0.005,0.005,0.005,0.005
10.1021/acscatal.5c05984 | 40 bar | H2/CO2 4 | 20 NL/g/h,10.1021/acscatal.5c05984,5 wt % Re/TiO2 [Table 4 row 17],0.45,0.08,0.98,0.01,0.01,200,40,4,936.504,921.787,921.042,949.73,580.232,863.025,961.055,935.014,980.774,578.741,0.005,0.005,0.005,0.005,0.005,0.005,0.005,0.005,0.005,0.005
10.1021/acscatal.5c05984 | 60 bar | H2/CO2 4 | 20 NL/g/h,10.1021/acscatal.5c05984,5 wt % Re/TiO2 [Table 4 row 16],0.8,0.14,0.98,0.01,0.01,200,60,4,903.907,888.376,887.957,908.99,560.315,832.772,916.78,893.458,914.352,549.866,0.005,0.005,0.005,0.005,0.005,0.005,0.005,0.005,0.005,0.005
10.1021/acscatal.5c05984 | 80 bar | H2/CO2 4 | 20 NL/g/h,10.1021/acscatal.5c05984,5 wt % Re/TiO2 [Table 4 row 15],1,0.17,0.99,0,0.01,200,80,4,899.184,883.444,883.108,902.312,558.808,828.858,909.054,886.571,901.328,546.195,0.005,0.005,0.005,0.005,0.005,0.005,0.005,0.005,0.005,0.005
10.1021/acscatal.9b01869 | 50 bar | H2/CO2 0.25 | 24000 h-1,10.1021/acscatal.9b01869,"PM-800 [SI Figure S9a, PM-800, 290 °C]",0.375293,0.032,0.57,0.43,5.55112e-17,290,50,0.25,888.005,873.659,872.766,894.747,558.671,808.394,903.12,880.401,906.211,551.067,0.005,0.005,0.005,0.005,0.005,0.005,0.005,0.005,0.005,0.005
10.1021/acscatal.9b01869 | 50 bar | H2/CO2 0.25 | 24000 h-1,10.1021/acscatal.9b01869,"PM-600 [SI Figure S9a, PM-600, 290 °C]",0.352866,0.035,0.49,0.51,0,290,50,0.25,883.637,869.433,868.483,889.72,555.094,805.209,897.535,875.516,899.047,546.974,0.005,0.005,0.005,0.005,0.005,0.005,0.005,0.005,0.005,0.005
10.1021/acscatal.9b01869 | 50 bar | H2/CO2 0.25 | 24000 h-1,10.1021/acscatal.9b01869,"Physical Mixture [SI Figure S9a, Physical Mixture, 290 °C]",0.0555532,0.006,0.45,0.55,0,290,50,0.25,1662.55,1661.06,1655.02,1766.6,1157.61,1391.81,1818.05,1765.11,2091.25,1260.17,0.005,0.005,0.005,0.005,0.005,0.005,0.005,0.005,0.005,0.005
10.1021/acscatal.9b01869 | 50 bar | H2/CO2 4 | 24000 h-1,10.1021/acscatal.9b01869,"bulk In2O3 (In2O3-b) [Fig 5a, bulk In2O3-b, 280 °C]",0.171,0.022,0.607,0.393,5.55112e-17,280,50,4,1529.84,1518.16,1516.2,1604.59,974.798,1395.2,1645.81,1592.92,1831.16,1037.87,0.005,0.005,0.005,0.005,0.005,0.005,0.005,0.005,0.005,0.005
10.1021/acscatal.9b01869 | 50 bar | H2/CO2 4 | 24000 h-1,10.1021/acscatal.9b01869,"In2.5/ZrO2 [Fig 5, In2.5/ZrO2, 280 °C]",0.087,0.025,0.6,0.4,0,280,50,4,1496.83,1489.89,1486.03,1566.14,957.514,1363.54,1605.33,1559.19,1780.97,1019.87,0.005,0.005,0.005,0.005,0.005,0.005,0.005,0.005,0.005,0.005
10.1021/acscatal.9b01869 | 50 bar | H2/CO2 4 | 24000 h-1,10.1021/acscatal.9b01869,"bulk In2O3 (In2O3-b) [Fig 5a, bulk In2O3-b, 250 °C]",0.084,0.007,0.693,0.307,5.55112e-17,250,50,4,2212.63,2206.03,2202.04,2376.82,1395.41,2049.72,2446.88,2370.21,2874.62,1552.99,0.005,0.005,0.005,0.005,0.005,0.005,0.005,0.005,0.005,0.005
10.1021/acscatal.9b01869 | 50 bar | H2/CO2 4 | 24000 h-1,10.1021/acscatal.9b01869,"In5/ZrO2 [Fig 5, In5/ZrO2, 280 °C]",0.071,0.018,0.682,0.318,0,280,50,4,1515.64,1510.86,1506.14,1589.95,965.875,1390.89,1631.01,1585.17,1822.08,1035.41,0.005,0.005,0.005,0.005,0.005,0.005,0.005,0.005,0.005,0.005
10.1021/acscatal.9b01869 | 50 bar | H2/CO2 4 | 24000 h-1,10.1021/acscatal.9b01869,"In10/ZrO2 [Fig 5a, In10/ZrO2, 280 °C]",0.056,0.014,0.66,0.34,0,280,50,4,1689.8,1688.19,1682.2,1785.04,1076.82,1553.3,1833.52,1783.43,2083.23,1170.44,0.005,0.005,0.005,0.005,0.005,0.005,0.005,0.005,0.005,0.005
10.1021/acscatal.9b01869 | 50 bar | H2/CO2 4 | 24000 h-1,10.1021/acscatal.9b01869,"In1/ZrO2 [Fig 5, In1/ZrO2, 280 °C]",0.05,0.02,0.493,0.507,0,280,50,4,1829.22,1829.4,1822.7,1934.31,1175.69,1660.96,1986.1,1934.49,2263.72,1280.96,0.005,0.005,0.005,0.005,0.005,0.005,0.005,0.005,0.005,0.005
10.1021/acscatal.9b01869 | 50 bar | H2/CO2 4 | 24000 h-1,10.1021/acscatal.9b01869,"In0.5/ZrO2 [Fig 5, In0.5/ZrO2, 280 °C]",0.042,0.019,0.387,0.613,0,280,50,4,2217.58,2220.95,2212.97,2363.73,1429.32,2001.57,2428.45,2367.1,2818.27,1578.85,0.005,0.005,0.005,0.005,0.005,0.005,0.005,0.005,0.005,0.005
10.1021/acscatal.9b01869 | 50 bar | H2/CO2 4 | 24000 h-1,10.1021/acscatal.9b01869,"In2.5/ZrO2 [Fig 5, In2.5/ZrO2, 250 °C]",0.035,0.009,0.738,0.262,0,250,50,4,1885.3,1892.66,1883.09,2006.69,1197.91,1745.9,2063.78,2014.05,2391.84,1326.66,0.005,0.005,0.005,0.005,0.005,0.005,0.005,0.005,0.005,0.005
10.1021/acscatal.9b01869 | 50 bar | H2/CO2 4 | 24000 h-1,10.1021/acscatal.9b01869,"In5/ZrO2 [Fig 5, In5/ZrO2, 250 °C]",0.024,0.006,0.779,0.221,0,250,50,4,2228.64,2246.98,2233.01,2393.91,1411.68,2073.78,2464.29,2412.25,2919.83,1595.28,0.005,0.005,0.005,0.005,0.005,0.005,0.005,0.005,0.005,0.005
10.1021/acscatal.9b01869 | 50 bar | H2/CO2 4 | 24000 h-1,10.1021/acscatal.9b01869,"In10/ZrO2 [Fig 5a, In10/ZrO2, 250 °C]",0.021,0.005,0.759,0.241,0,250,50,4,2521.94,2545.26,2529.3,2723.98,1594.03,2349.05,2804.7,2747.3,3362.94,1819.39,0.005,0.005,0.005,0.005,0.005,0.005,0.005,0.005,0.005,0.005
10.1021/acscatal.9b01869 | 50 bar | H2/CO2 4 | 24000 h-1,10.1021/acscatal.9b01869,"In0.25/ZrO2 [Fig 5, In0.25/ZrO2, 280 °C]",0.017,0.012,0.27,0.73,0,280,50,4,3581.36,3614.07,3594.35,3884.04,2298.68,3236.37,3990.69,3916.76,4825.99,2634.08,0.005,0.005,0.005,0.005,0.005,0.005,0.005,0.005,0.005,0.005
10.1021/acscatal.9b01869 | 50 bar | H2/CO2 4 | 24000 h-1,10.1021/acscatal.9b01869,"In1/ZrO2 [Fig 5, In1/ZrO2, 250 °C]",0.016,0.005,0.638,0.362,0,250,50,4,2894.44,2930.24,2909.29,3139.66,1831.41,2689.13,3231.87,3175.46,3917.39,2112.42,0.005,0.005,0.005,0.005,0.005,0.005,0.005,0.005,0.005,0.005
10.1021/acscatal.9b01869 | 50 bar | H2/CO2 4 | 24000 h-1,10.1021/acscatal.9b01869,"In0.1/ZrO2 [Fig 5, In0.1/ZrO2, 280 °C]",0.014,0.011,0.213,0.787,0,280,50,4,4569.6,4612.88,4588.93,4985.35,2924.31,4121.47,5118.44,5028.63,6265.24,3383.34,0.005,0.005,0.005,0.005,0.005,0.005,0.005,0.005,0.005,0.005
10.1021/acscatal.9b01869 | 50 bar | H2/CO2 4 | 24000 h-1,10.1021/acscatal.9b01869,"In0.5/ZrO2 [Fig 5, In0.5/ZrO2, 250 °C]",0.014,0.005,0.503,0.497,0,250,50,4,3507.38,3550.65,3526.71,3825.14,2216.86,3247.47,3935.46,3868.41,4821.43,2577.9,0.005,0.005,0.005,0.005,0.005,0.005,0.005,0.005,0.005,0.005
10.1021/acscatal.9b01869 | 50 bar | H2/CO2 4 | 24000 h-1,10.1021/acscatal.9b01869,"In0.25/ZrO2 [Fig 5, In0.25/ZrO2, 250 °C]",0.007,0.003,0.468,0.532,0,250,50,4,5321.27,5424.4,5376.52,5868.88,3333.48,4951.36,6030.55,5972.01,7588.39,3984.22,0.005,0.005,0.005,0.005,0.005,0.005,0.005,0.005,0.005,0.005
10.1021/acscatal.9b01869 | 50 bar | H2/CO2 4 | 24000 h-1,10.1021/acscatal.9b01869,"In0.1/ZrO2 [Fig 5, In0.1/ZrO2, 250 °C]",0.003,0.004,0.231,0.769,0,250,50,4,8127.24,8389.99,8278.26,9001.32,5102.18,7494.6,9227.3,9264.06,11814.9,6238.99,0.005,0.005,0.005,0.005,0.005,0.005,0.005,0.005,0.005,0.005
10.1021/acscatal.9b03305 | 50 bar | H2/CO2 4 | 24 NL/g/h,10.1021/acscatal.9b03305,"In2O3/m-ZrO2 [Figure 8/text, 5 wt % In2O3/m-ZrO2, 553 K]",0.28,0.048,0.84,0.16,0,279.85,50,4,1065.88,1052.29,1051.1,1089.86,670.624,978.409,1109.27,1076.27,1158.42,681.017,0.005,0.005,0.005,0.005,0.005,0.005,0.005,0.005,0.005,0.005
10.1021/acscatal.9b03305 | 50 bar | H2/CO2 4 | 24 NL/g/h,10.1021/acscatal.9b03305,"50In2O3−50ZrO2 [Figure 3/text, 50In2O3-50ZrO2, 553 K]",0.27,0.046,0.87,0.13,0,279.85,50,4,1059.25,1045.78,1044.53,1082.78,665.892,973.424,1101.95,1069.31,1150.03,675.948,0.005,0.005,0.005,0.005,0.005,0.005,0.005,0.005,0.005,0.005
10.1021/acscatal.9b03305 | 50 bar | H2/CO2 4 | 24 NL/g/h,10.1021/acscatal.9b03305,"95In2O3−5ZrO2 [Figure 3, 95In2O3-5ZrO2, 553 K]",0.27,0.047,0.84,0.16,0,279.85,50,4,1073.86,1060.39,1059.15,1098.66,676.027,985.538,1118.5,1085.18,1169.91,687.347,0.005,0.005,0.005,0.005,0.005,0.005,0.005,0.005,0.005,0.005
10.1021/acscatal.9b03305 | 50 bar | H2/CO2 4 | 24 NL/g/h,10.1021/acscatal.9b03305,"75In2O3−25ZrO2 [Figure 3, 75In2O3-25ZrO2, 553 K]",0.25,0.043,0.84,0.16,0,279.85,50,4,1090.73,1077.51,1076.17,1117.48,687.112,1001.33,1138.34,1104.25,1195.15,700.633,0.005,0.005,0.005,0.005,0.005,0.005,0.005,0.005,0.005,0.005
10.1021/acscatal.9b03305 | 50 bar | H2/CO2 4 | 24 NL/g/h,10.1021/acscatal.9b03305,"100In2O3−0ZrO2 [Figure 3/text, 100In2O3-0ZrO2, 553 K]",0.22,0.039,0.84,0.16,0,279.85,50,4,1108.71,1095.94,1094.42,1137.57,698.941,1018.41,1159.49,1124.8,1222.32,715.026,0.005,0.005,0.005,0.005,0.005,0.005,0.005,0.005,0.005,0.005
10.1021/acscatal.9b03305 | 50 bar | H2/CO2 4 | 24 NL/g/h,10.1021/acscatal.9b03305,"25In2O3−75ZrO2 [Figure 3, 25In2O3-75ZrO2, 553 K]",0.19,0.031,0.89,0.11,0,279.85,50,4,1120.25,1108.08,1106.32,1151.38,705.301,1032.55,1174.43,1139.21,1243.87,724.261,0.005,0.005,0.005,0.005,0.005,0.005,0.005,0.005,0.005,0.005
10.1021/acscatal.9b03305 | 50 bar | H2/CO2 4 | 24 NL/g/h,10.1021/acscatal.9b03305,"99In2O3−1ZrO2 [Figure 3/text, 99In2O3-1ZrO2, 553 K]",0.18,0.033,0.88,0.12,0,279.85,50,4,1114.48,1102.55,1100.69,1144.64,702.07,1026.51,1167.22,1132.72,1234.35,720.31,0.005,0.005,0.005,0.005,0.005,0.005,0.005,0.005,0.005,0.005
10.1021/acscatal.9b03305 | 50 bar | H2/CO2 4 | 24 NL/g/h,10.1021/acscatal.9b03305,"5In2O3−95ZrO2 [Figure 3, 5In2O3-95ZrO2, 553 K]",0.14,0.023,0.88,0.12,0,279.85,50,4,1205.58,1194.99,1192.6,1246.81,760.758,1112.84,1274.56,1236.21,1372.24,791.388,0.005,0.005,0.005,0.005,0.005,0.005,0.005,0.005,0.005,0.005
10.1021/acscatal.9b03305 | 50 bar | H2/CO2 4 | 24 NL/g/h,10.1021/acscatal.9b03305,"1In2O3−99ZrO2 [Figure 3, 1In2O3-99ZrO2, 553 K]",0.06,0.012,0.77,0.23,0,279.85,50,4,1614.05,1611.44,1605.85,1703.04,1024.39,1491.85,1749.37,1700.43,1981.5,1110.76,0.005,0.005,0.005,0.005,0.005,0.005,0.005,0.005,0.005,0.005
10.1021/acscatal.9b03305 | 50 bar | H2/CO2 4 | 24 NL/g/h,10.1021/acscatal.9b03305,"In2O3/t-ZrO2 [Figure 8, 5 wt % In2O3/t-ZrO2, 553 K]",0.05,0.005,0.83,0.17,0,279.85,50,4,2335.72,2335.9,2329.2,2518.25,1468.76,2177.46,2593.57,2518.43,3076.83,1651.47,0.005,0.005,0.005,0.005,0.005,0.005,0.005,0.005,0.005,0.005
10.1021/acscatal.9b03305 | 50 bar | H2/CO2 4 | 24 NL/g/h,10.1021/acscatal.9b03305,"In2O3/Al2O3 [Figure 8, 5 wt % In2O3/Al2O3, 553 K]",0.04,0.005,0.8,0.2,0,279.85,50,4,2406.24,2410.61,2402.23,2596.6,1514.85,2242.12,2674.1,2600.97,3182.34,1709.58,0.005,0.005,0.005,0.005,0.005,0.005,0.005,0.005,0.005,0.005
10.1021/acscatal.9b03305 | 50 bar | H2/CO2 4 | 24 NL/g/h,10.1021/acscatal.9b03305,"In2O3/CeO2 [Figure 8, 5 wt % In2O3/CeO2, 553 K]",0.03,0.004,0.82,0.18,0,279.85,50,4,2709.32,2720.67,2709.5,2938.4,1702.39,2529.74,3026.39,2949.75,3644.56,1942.82,0.005,0.005,0.005,0.005,0.005,0.005,0.005,0.005,0.005,0.005
10.1021/cs500979c | 80 bar | H2/CO2 3 | 3600 h-1,10.1021/cs500979c,"Cu/ZrO2(III) [Table 6, Cu/ZrO2(III), 533 K]",0.165971,0.15,0.86,0.14,0,259.85,80,3,896.981,885.451,883.431,899.77,562.173,826.615,906.01,888.24,901.618,553.433,0.005,0.005,0.005,0.005,0.005,0.005,0.005,0.005,0.005,0.005
10.1021/cs500979c | 80 bar | H2/CO2 3 | 3600 h-1,10.1021/cs500979c,"Cu/ZrO2(III) [Table 6, Cu/ZrO2(III), 513 K]",0.133536,0.107,0.97,0.03,2.77556e-17,239.85,80,3,914.442,904.138,901.628,918.355,574.793,842.932,926.2,908.052,925.955,568.403,0.005,0.005,0.005,0.005,0.005,0.005,0.005,0.005,0.005,0.005
10.1021/cs500979c | 80 bar | H2/CO2 3 | 3600 h-1,10.1021/cs500979c,"Cu/ZrO2(V) [Table 6, Cu/ZrO2(V), 533 K]",0.111677,0.14,0.62,0.38,0,259.85,80,3,904.135,895.06,892.058,907.137,568.405,833.529,913.696,898.062,912.309,562.331,0.005,0.005,0.005,0.005,0.005,0.005,0.005,0.005,0.005,0.005
10.1021/cs500979c | 80 bar | H2/CO2 3 | 3600 h-1,10.1021/cs500979c,"Cu/ZrO2(IV) [Table 6, Cu/ZrO2(IV), 533 K]",0.101796,0.086,0.92,0.08,0,259.85,80,3,935.026,926.679,923.386,940.142,589.87,861.785,949.524,931.795,954.37,586.639,0.005,0.005,0.005,0.005,0.005,0.005,0.005,0.005,0.005,0.005
10.1021/cs500979c | 80 bar | H2/CO2 3 | 3600 h-1,10.1021/cs500979c,"Cu/ZrO2(III) [Table 6, Cu/ZrO2(III), 493 K]",0.100355,0.078,1,0,0,219.85,80,3,930.5,922.271,918.931,935.497,586.521,858.593,944.735,927.268,949.389,583.29,0.005,0.005,0.005,0.005,0.005,0.005,0.005,0.005,0.005,0.005
10.1021/cs500979c | 80 bar | H2/CO2 3 | 3600 h-1,10.1021/cs500979c,"Cu/ZrO2(V) [Table 6, Cu/ZrO2(V), 513 K]",0.093214,0.105,0.69,0.31,5.55112e-17,239.85,80,3,919.815,912.226,908.63,923.808,579.817,848.215,931.759,916.219,934.434,576.221,0.005,0.005,0.005,0.005,0.005,0.005,0.005,0.005,0.005,0.005
10.1021/cs500979c | 80 bar | H2/CO2 3 | 3600 h-1,10.1021/cs500979c,"Cu/ZrO2(V) [Table 6, Cu/ZrO2(V), 493 K]",0.0782251,0.064,0.95,0.05,4.16334e-17,219.85,80,3,957.718,951.851,947.567,964.336,606.152,883.264,975.464,958.47,986.712,606.903,0.005,0.005,0.005,0.005,0.005,0.005,0.005,0.005,0.005,0.005
10.1021/cs500979c | 80 bar | H2/CO2 3 | 3600 h-1,10.1021/cs500979c,"Cu/ZrO2(IV) [Table 6, Cu/ZrO2(IV), 513 K]",0.0746227,0.058,1,0,0,239.85,80,3,956.113,950.763,946.272,962.78,604.955,882.759,973.963,957.431,985.857,606.273,0.005,0.005,0.005,0.005,0.005,0.005,0.005,0.005,0.005,0.005
10.1021/cs500979c | 80 bar | H2/CO2 3 | 3600 h-1,10.1021/cs500979c,"Cu/ZrO2(II) [Table 6, Cu/ZrO2(II), 533 K]",0.0707629,0.055,1,0,0,259.85,80,3,961.454,956.717,951.98,968.475,608.769,887.792,980.045,963.738,993.475,611.053,0.005,0.005,0.005,0.005,0.005,0.005,0.005,0.005,0.005,0.005
10.1021/cs500979c | 80 bar | H2/CO2 3 | 3600 h-1,10.1021/cs500979c,"Cu/ZrO2(III) [Table 6, Cu/ZrO2(III), 473 K]",0.0681897,0.053,1,0,0,199.85,80,3,965.33,961.04,956.125,972.609,611.532,891.443,984.457,968.318,999.008,614.52,0.005,0.005,0.005,0.005,0.005,0.005,0.005,0.005,0.005,0.005
10.1021/cs500979c | 80 bar | H2/CO2 3 | 3600 h-1,10.1021/cs500979c,"Cu/ZrO2(IV) [Table 6, Cu/ZrO2(IV), 493 K]",0.0463175,0.036,1,0,0,219.85,80,3,1014.45,1015.96,1008.73,1025.05,646.182,937.643,1040.22,1026.56,1069.28,658.296,0.005,0.005,0.005,0.005,0.005,0.005,0.005,0.005,0.005,0.005
10.1021/cs500979c | 80 bar | H2/CO2 3 | 3600 h-1,10.1021/cs500979c,"Cu/ZrO2(II) [Table 6, Cu/ZrO2(II), 513 K]",0.0450309,0.035,1,0,0,239.85,80,3,1018.73,1020.76,1013.32,1029.63,649.179,941.669,1045.08,1031.66,1075.43,662.104,0.005,0.005,0.005,0.005,0.005,0.005,0.005,0.005,0.005,0.005
10.1021/cs500979c | 80 bar | H2/CO2 3 | 3600 h-1,10.1021/cs500979c,"Cu/ZrO2(I) [Table 6, Cu/ZrO2(I), 533 K]",0.0424577,0.033,1,0,0,259.85,80,3,1028.04,1031.2,1023.31,1039.58,655.676,950.412,1055.62,1042.74,1088.78,670.371,0.005,0.005,0.005,0.005,0.005,0.005,0.005,0.005,0.005,0.005
10.1021/cs500979c | 80 bar | H2/CO2 3 | 3600 h-1,10.1021/cs500979c,"Cu/ZrO2(II) [Table 6, Cu/ZrO2(II), 493 K]",0.0308783,0.024,1,0,0,219.85,80,3,1087.98,1098.54,1087.69,1103.71,697.162,1006.63,1123.35,1114.27,1174.93,723.451,0.005,0.005,0.005,0.005,0.005,0.005,0.005,0.005,0.005,0.005
10.1021/cs500979c | 80 bar | H2/CO2 3 | 3600 h-1,10.1021/cs500979c,"Cu/ZrO2(IV) [Table 6, Cu/ZrO2(IV), 473 K]",0.0308783,0.024,1,0,0,199.85,80,3,1087.98,1098.54,1087.69,1103.71,697.162,1006.63,1123.35,1114.27,1174.93,723.451,0.005,0.005,0.005,0.005,0.005,0.005,0.005,0.005,0.005,0.005
10.1021/cs500979c | 80 bar | H2/CO2 3 | 3600 h-1,10.1021/cs500979c,"Cu/ZrO2(V) [Table 6, Cu/ZrO2(V), 473 K]",0.0308783,0.024,1,0,0,199.85,80,3,1087.98,1098.54,1087.69,1103.71,697.162,1006.63,1123.35,1114.27,1174.93,723.451,0.005,0.005,0.005,0.005,0.005,0.005,0.005,0.005,0.005,0.005
10.1021/cs500979c | 80 bar | H2/CO2 3 | 3600 h-1,10.1021/cs500979c,"Cu/ZrO2(I) [Table 6, Cu/ZrO2(I), 513 K]",0.0283051,0.022,1,0,0,239.85,80,3,1107.6,1120.63,1108.79,1124.73,710.631,1025.01,1145.48,1137.75,1203.19,740.778,0.005,0.005,0.005,0.005,0.005,0.005,0.005,0.005,0.005,0.005
10.1021/cs500979c | 80 bar | H2/CO2 3 | 3600 h-1,10.1021/cs500979c,"Cu/ZrO2(II) [Table 6, Cu/ZrO2(II), 473 K]",0.019299,0.015,1,0,0,199.85,80,3,1215.17,1242.01,1224.64,1240.04,783.749,1125.62,1266.54,1266.88,1358.48,835.461,0.005,0.005,0.005,0.005,0.005,0.005,0.005,0.005,0.005,0.005
10.1021/cs500979c | 80 bar | H2/CO2 3 | 3600 h-1,10.1021/cs500979c,"ZrO2 [Table 6, ZrO2, 533 K]",0.00643299,0.005,1,0,0,259.85,80,3,1851.51,1965.19,1913.09,1924.39,1203.57,1718.29,1978.11,2038.07,2283.86,1390.13,0.005,0.005,0.005,0.005,0.005,0.005,0.005,0.005,0.005,0.005
10.1038/s41467-019-11349-9 | 50 bar | H2/CO2 4 | 13.5 k cm3STP h−1 gcat−1,10.1038/s41467-019-11349-9,"In2O3 [Fig. 1c In2O3 at XCO2=3%, 48 h]",0.16,0.03,0.89,0.11,0,279.85,50,4,1129.01,1117.67,1115.57,1161.03,711.441,1040.92,1184.52,1149.69,1257.14,732.123,0.005,0.005,0.005,0.005,0.005,0.005,0.005,0.005,0.005,0.005
10.1038/s41467-019-11349-9 | 50 bar | H2/CO2 4 | 48 NL/g/h,10.1038/s41467-019-11349-9,"Pd–In2O3 CP [Table 2 Pd–In2O3 CP, WHSV 48,000 initial]",1.01,0.097,0.78,0.22,0,279.85,50,4,922.721,906.972,906.64,932.083,572.731,849.039,942.506,916.333,951.051,566.343,0.005,0.005,0.005,0.005,0.005,0.005,0.005,0.005,0.005,0.005
10.1038/s41467-019-11349-9 | 50 bar | H2/CO2 4 | 48 NL/g/h,10.1038/s41467-019-11349-9,"CP [Fig. 6/text Pd–In2O3 CP stability, start]",1.01,0.097,0.75,0.25,0,279.85,50,4,922.721,906.972,906.64,932.083,572.731,849.039,942.506,916.333,951.051,566.343,0.005,0.005,0.005,0.005,0.005,0.005,0.005,0.005,0.005,0.005
10.1038/s41467-019-11349-9 | 50 bar | H2/CO2 4 | 48 NL/g/h,10.1038/s41467-019-11349-9,"CP [Fig. 6/text Pd–In2O3 CP stability, after 500 h]",0.96,0.092,0.78,0.22,0,279.85,50,4,928.512,912.806,912.456,938.483,576.688,854.339,949.352,922.777,959.539,570.954,0.005,0.005,0.005,0.005,0.005,0.005,0.005,0.005,0.005,0.005
10.1038/s41467-021-22224-x | 50 bar | H2/CO2 4 | 24000 cmSTP3 h−1 gcat−1,10.1038/s41467-021-22224-x,"5Ni-In2O3 [Fig. 1b, 5Ni-In2O3 DI]",0.33,0.08,0.64,0.36,0,279.85,50,4,950.601,936.562,935.546,962.43,593.153,874.872,974.601,948.39,991.328,590.942,0.005,0.005,0.005,0.005,0.005,0.005,0.005,0.005,0.005,0.005
10.1038/s41467-021-22224-x | 50 bar | H2/CO2 4 | 24000 cmSTP3 h−1 gcat−1,10.1038/s41467-021-22224-x,"10Ni-In2O3 [Fig. 1b, 10Ni-In2O3 DI]",0.31,0.078,0.54,0.46,0,279.85,50,4,954.534,940.658,939.577,966.743,595.926,878.475,979.173,952.867,997.063,594.259,0.005,0.005,0.005,0.005,0.005,0.005,0.005,0.005,0.005,0.005
10.1038/s41467-021-22224-x | 50 bar | H2/CO2 4 | 24000 cmSTP3 h−1 gcat−1,10.1038/s41467-021-22224-x,"2.5Ni-In2O3 [Fig. 1b, 2.5Ni-In2O3 DI]",0.18,0.08,0.64,0.36,0,279.85,50,4,955.13,943.206,941.344,966.958,597.682,879.4,979.13,955.035,997.973,597.587,0.005,0.005,0.005,0.005,0.005,0.005,0.005,0.005,0.005,0.005
10.1038/s41467-021-22224-x | 50 bar | H2/CO2 4 | 24000 cmSTP3 h−1 gcat−1,10.1038/s41467-021-22224-x,"In2O3 [Fig. 1a/text, In2O3 STY]",0.16,0.036,0.79,0.21,0,279.85,50,4,1165.84,1154.5,1152.41,1200.34,737.917,1069.08,1225.01,1189,1304.17,761.074,0.005,0.005,0.005,0.005,0.005,0.005,0.005,0.005,0.005,0.005
10.1039/c2cy20604h | 100 bar | H2/CO2 3.8 | 10.6 NL/g/h,10.1039/c2cy20604h,"Cu–Ba/Al2O3 [Fig 8, Cu-Ba/Al2O3, 473 K, 10 MPa]",0.0519,0.028,0.622,0.368,0.01,199.85,100,3.8,1170.17,1169.74,1163.28,1186.68,746.005,1080.55,1209.83,1186.25,1252.48,762.082,0.005,0.005,0.005,0.005,0.005,0.005,0.005,0.005,0.005,0.005
10.1039/c2cy20604h | 100 bar | H2/CO2 3.8 | 10.6 NL/g/h,10.1039/c2cy20604h,"Cu/Al2O3 [Fig 5/Fig 6, Cu/Al2O3, 503 K, 10 MPa]",0.0435,0.121,0.119,0.766,0.115,229.85,100,3.8,1081.53,1084.21,1076.51,1087.19,681.46,1001.4,1098.68,1089.87,1115.98,689.806,0.005,0.005,0.005,0.005,0.005,0.005,0.005,0.005,0.005,0.005
10.1039/c2cy20604h | 100 bar | H2/CO2 3.8 | 10.6 NL/g/h,10.1039/c2cy20604h,"Cu/Al2O3 [Fig 5/Fig 6, Cu/Al2O3, 473 K, 10 MPa]",0.0337,0.024,0.466,0.453,0.081,199.85,100,3.8,1363.01,1371.3,1361.35,1386.15,866.55,1259.23,1414.98,1394.43,1483.8,897.975,0.005,0.005,0.005,0.005,0.005,0.005,0.005,0.005,0.005,0.005
10.1039/c2cy20604h | 100 bar | H2/CO2 3.8 | 10.6 NL/g/h,10.1039/c2cy20604h,"Cu/Al2O3 [Fig 5/Fig 6, Cu/Al2O3, 533 K, 10 MPa]",0.0222,0.163,0.045,0.852,0.103,259.85,100,3.8,1067.49,1088.66,1073.56,1071.98,679.429,989.326,1081.85,1093.15,1114.58,705.09,0.005,0.005,0.005,0.005,0.005,0.005,0.005,0.005,0.005,0.005
10.1039/c2cy20604h | 100 bar | H2/CO2 3.8 | 10.6 NL/g/h,10.1039/c2cy20604h,"Cu/Al2O3 [Fig 5/Fig 6, Cu/Al2O3, 553 K, 10 MPa]",0.0201,0.224,0.03,0.836,0.134,279.85,100,3.8,1100.63,1125.74,1109.07,1105.06,699.254,1020.54,1114.82,1130.17,1151.32,728.79,0.005,0.005,0.005,0.005,0.005,0.005,0.005,0.005,0.005,0.005
10.1039/c2cy20604h | 100 bar | H2/CO2 3.8 | 10.6 NL/g/h,10.1039/c2cy20604h,"Cu/Al2O3 [Fig 5/Fig 6, Cu/Al2O3, 443 K, 10 MPa]",0.0195,0.008,0.8,0.159,0.041,169.85,100,3.8,1882.45,1908.84,1891.65,1940.61,1194.4,1746.86,1993.25,1967,2172.74,1278.95,0.005,0.005,0.005,0.005,0.005,0.005,0.005,0.005,0.005,0.005
10.1039/c2cy20604h | 100 bar | H2/CO2 3.8 | 10.6 NL/g/h,10.1039/c2cy20604h,"Cu–K/Al2O3 [Fig 7, Cu-K/Al2O3, 503 K, 10 MPa]",0.0063,0.074,0.028,0.972,0,229.85,100,3.8,1054.68,1171.11,1117.9,1060.24,700.165,980.804,1071.61,1176.67,1202.4,822.157,0.005,0.005,0.005,0.005,0.005,0.005,0.005,0.005,0.005,0.005
10.1039/c2cy20604h | 100 bar | H2/CO2 3.8 | 10.6 NL/g/h,10.1039/c2cy20604h,"Cu–K/Al2O3 [Fig 7, Cu-K/Al2O3, 553 K, 10 MPa]",0.0055,0.207,0.009,0.991,0,279.85,100,3.8,1002.05,1137.83,1076.89,1004.01,668.266,932.494,1009.64,1139.78,1150.39,805.997,0.005,0.005,0.005,0.005,0.005,0.005,0.005,0.005,0.005,0.005
10.1039/c2cy20604h | 100 bar | H2/CO2 3.8 | 10.6 NL/g/h,10.1039/c2cy20604h,"Cu–K/Al2O3 [Fig 7/Fig 8, Cu-K/Al2O3, 473 K, 10 MPa]",0.0046,0.036,0.042,0.958,0,199.85,100,3.8,1183.22,1348.81,1275.94,1195.03,791.647,1101.35,1213.65,1360.62,1409.97,969.047,0.005,0.005,0.005,0.005,0.005,0.005,0.005,0.005,0.005,0.005
10.1039/c2cy20604h | 100 bar | H2/CO2 3.8 | 10.6 NL/g/h,10.1039/c2cy20604h,"Cu–K/Al2O3 [Fig 7, Cu-K/Al2O3, 533 K, 10 MPa]",0.0044,0.141,0.01,0.99,0,259.85,100,3.8,1035.49,1209.35,1133.18,1038.37,696.446,964.857,1045.72,1212.24,1226.97,873.198,0.005,0.005,0.005,0.005,0.005,0.005,0.005,0.005,0.005,0.005
10.1039/c2cy20604h | 100 bar | H2/CO2 3.8 | 10.6 NL/g/h,10.1039/c2cy20604h,"Cu–K/Al2O3 [Fig 7, Cu-K/Al2O3, 443 K, 10 MPa]",0.0027,0.017,0.052,0.948,0,169.85,100,3.8,1489.72,1783.5,1659.35,1516.96,1004.75,1387.51,1549.03,1810.74,1914.16,1325.77,0.005,0.005,0.005,0.005,0.005,0.005,0.005,0.005,0.005,0.005
10.1039/c2cy20604h | 100 bar | H2/CO2 3.8 | 4000 h-1,10.1039/c2cy20604h,"Cu–Ba/Al2O3 [SI Table 3, 553 K, 10 MPa]",0.0707,0.252,0.093,0.896,0.011,279.85,100,3.8,913.621,908.894,904.153,915.416,576.867,843.67,920.732,910.689,920.569,573.935,0.005,0.005,0.005,0.005,0.005,0.005,0.005,0.005,0.005,0.005
10.1039/c2cy20604h | 100 bar | H2/CO2 3.8 | 4000 h-1,10.1039/c2cy20604h,"Cu–Ba/Al2O3 [SI Table 3, 503 K, 10 MPa]",0.0424,0.074,0.19,0.802,0.008,229.85,100,3.8,988.25,991.434,983.529,993.976,629.932,913.778,1005.57,997.161,1023.54,638.843,0.005,0.005,0.005,0.005,0.005,0.005,0.005,0.005,0.005,0.005
10.1039/c2cy20604h | 100 bar | H2/CO2 3.8 | 4000 h-1,10.1039/c2cy20604h,"Cu–Ba/Al2O3 [SI Table 3, 533 K, 10 MPa]",0.0335,0.171,0.065,0.929,0.006,259.85,100,3.8,935.756,944.191,934.185,938.215,597.063,865.377,944.812,946.65,959.527,607.957,0.005,0.005,0.005,0.005,0.005,0.005,0.005,0.005,0.005,0.005
10.1039/c2cy20604h | 100 bar | H2/CO2 3.8 | 4000 h-1,10.1039/c2cy20604h,"Cu–Ba/Al2O3 [SI Table 3, 443 K, 10 MPa]",0.0137,0.006,0.719,0.26,0.021,169.85,100,3.8,2323.64,2368.23,2343.76,2409.57,1472.14,2153.89,2477.63,2454.15,2748.85,1602.65,0.005,0.005,0.005,0.005,0.005,0.005,0.005,0.005,0.005,0.005
10.1039/c2cy20604h | 30 bar | H2/CO2 3.8 | 10.6 NL/g/h,10.1039/c2cy20604h,"Cu–Ba/Al2O3 [Fig 8, Cu-Ba/Al2O3, 473 K, 3 MPa]",0.03,0.016,0.628,0.364,0.008,199.85,30,3.8,1590.43,1601.79,1590.61,1726.46,1023.91,1463.37,1769.74,1737.82,2140.63,1171.3,0.005,0.005,0.005,0.005,0.005,0.005,0.005,0.005,0.005,0.005
10.1039/c2cy20604h | 30 bar | H2/CO2 3.8 | 10.6 NL/g/h,10.1039/c2cy20604h,"Cu/Al2O3 [Fig 5/Fig 6, Cu/Al2O3, 553 K, 3 MPa]",0.0231,0.213,0.036,0.862,0.102,279.85,30,3.8,1025.83,1045.53,1031.02,1038.79,642.106,947.925,1047.91,1058.49,1100.1,674.762,0.005,0.005,0.005,0.005,0.005,0.005,0.005,0.005,0.006,0.005
10.1039/c2cy20604h | 30 bar | H2/CO2 3.8 | 10.6 NL/g/h,10.1039/c2cy20604h,"Cu/Al2O3 [Fig 5/Fig 6, Cu/Al2O3, 503 K, 3 MPa]",0.0226,0.04,0.188,0.622,0.19,229.85,30,3.8,1382.6,1403.1,1388.27,1443.04,867.46,1280.03,1468.25,1463.54,1647.84,948.399,0.005,0.005,0.005,0.005,0.005,0.005,0.005,0.005,0.005,0.005
10.1039/c2cy20604h | 30 bar | H2/CO2 3.8 | 10.6 NL/g/h,10.1039/c2cy20604h,"Cu/Al2O3 [Fig 5/Fig 6, Cu/Al2O3, 533 K, 3 MPa]",0.0205,0.113,0.06,0.793,0.147,259.85,30,3.8,1130.06,1154.36,1138.01,1153.36,707.848,1045.67,1166.8,1177.66,1252.04,755.445,0.005,0.005,0.005,0.005,0.005,0.005,0.005,0.005,0.005,0.005
10.1039/c2cy20604h | 30 bar | H2/CO2 3.8 | 10.6 NL/g/h,10.1039/c2cy20604h,"Cu/Al2O3 [Fig 5/Fig 6, Cu/Al2O3, 473 K, 3 MPa]",0.0149,0.012,0.426,0.467,0.107,199.85,30,3.8,2660.8,2700.46,2677.96,2964.71,1708.95,2444.26,3039.28,3004.37,3884.73,2052.52,0.005,0.005,0.005,0.005,0.005,0.005,0.005,0.005,0.005,0.005
10.1039/c2cy20604h | 30 bar | H2/CO2 3.8 | 10.6 NL/g/h,10.1039/c2cy20604h,"Cu/Al2O3 [Fig 5/Fig 6, Cu/Al2O3, 443 K, 3 MPa]",0.0132,0.007,0.603,0.355,0.042,169.85,30,3.8,2540.98,2587.88,2562.49,2860.23,1637.08,2357.35,2937.37,2907.14,3830.89,2003.23,0.005,0.005,0.005,0.005,0.005,0.005,0.005,0.005,0.005,0.005
10.1039/c2cy20604h | 30 bar | H2/CO2 3.8 | 10.6 NL/g/h,10.1039/c2cy20604h,"Cu–K/Al2O3 [Fig 7, Cu-K/Al2O3, 473 K, 3 MPa]",0.0073,0.022,0.108,0.892,0,199.85,30,3.8,1326.92,1425.13,1379.21,1404,870.75,1229.2,1433.64,1502.21,1735.02,1046.04,0.005,0.005,0.005,0.005,0.005,0.005,0.005,0.005,0.005,0.005
10.1039/c2cy20604h | 30 bar | H2/CO2 3.8 | 10.6 NL/g/h,10.1039/c2cy20604h,"Cu–K/Al2O3 [Fig 7, Cu-K/Al2O3, 443 K, 3 MPa]",0.0066,0.009,0.248,0.752,0,169.85,30,3.8,2592.61,2702.99,2652.21,2915.67,1696.31,2388.69,2993.44,3026.05,3960.57,2129.76,0.005,0.005,0.005,0.005,0.005,0.005,0.005,0.005,0.005,0.005
10.1039/c2cy20604h | 30 bar | H2/CO2 3.8 | 10.6 NL/g/h,10.1039/c2cy20604h,"Cu–K/Al2O3 [Fig 7, Cu-K/Al2O3, 533 K, 3 MPa]",0.0058,0.103,0.019,0.981,0,259.85,30,3.8,1009.5,1137.4,1079.61,1023.16,663.78,936.852,1032.62,1151.06,1196.09,805.338,0.005,0.005,0.005,0.005,0.005,0.005,0.005,0.005,0.005,0.005
10.1039/c2cy20604h | 30 bar | H2/CO2 3.8 | 10.6 NL/g/h,10.1039/c2cy20604h,"Cu–K/Al2O3 [Fig 7, Cu-K/Al2O3, 553 K, 3 MPa]",0.0043,0.137,0.01,0.99,0,279.85,30,3.8,1014.1,1192.4,1114.45,1024.33,674.126,942.581,1032.13,1202.63,1236.98,862.649,0.005,0.005,0.005,0.005,0.005,0.005,0.005,0.005,0.005,0.005
10.1039/c2cy20604h | 30 bar | H2/CO2 3.8 | 10.6 NL/g/h,10.1039/c2cy20604h,"Cu–K/Al2O3 [Fig 7, Cu-K/Al2O3, 503 K, 3 MPa]",0.0033,0.042,0.026,0.974,0,229.85,30,3.8,1179.7,1417.05,1315.48,1216.45,794.098,1097.89,1234.62,1453.8,1568.41,1068.2,0.005,0.005,0.005,0.005,0.005,0.005,0.005,0.005,0.005,0.005
10.1039/c2cy20604h | 30 bar | H2/CO2 3.8 | 4000 h-1,10.1039/c2cy20604h,"Cu–Ba/Al2O3 [SI Table 3, 503 K, 3 MPa]",0.0425,0.047,0.297,0.696,0.007,229.85,30,3.8,1033.79,1036.93,1029.04,1066.27,653.174,953.646,1083.02,1069.41,1171.31,688.789,0.005,0.005,0.005,0.005,0.005,0.005,0.005,0.005,0.005,0.005
10.1039/c2cy20604h | 30 bar | H2/CO2 3.8 | 4000 h-1,10.1039/c2cy20604h,"Cu–Ba/Al2O3 [SI Table 3, 533 K, 3 MPa]",0.0355,0.118,0.1,0.896,0.004,259.85,30,3.8,926.155,933.181,923.739,938.156,581.864,853.967,946.831,945.182,985.071,600.891,0.005,0.005,0.005,0.005,0.005,0.005,0.005,0.005,0.005,0.005
10.1039/c2cy20604h | 30 bar | H2/CO2 3.8 | 4000 h-1,10.1039/c2cy20604h,"Cu–Ba/Al2O3 [SI Table 3, 553 K, 3 MPa]",0.035,0.182,0.064,0.934,0.002,279.85,30,3.8,901.173,908.536,898.959,908.776,564.921,830.55,915.159,916.139,942.208,579.887,0.005,0.005,0.005,0.005,0.005,0.005,0.005,0.005,0.005,0.005
10.1039/c2cy20604h | 30 bar | H2/CO2 3.8 | 4000 h-1,10.1039/c2cy20604h,"Cu–Ba/Al2O3 [SI Table 3, 443 K, 3 MPa]",0.0098,0.004,0.771,0.224,0.005,169.85,30,3.8,2876.51,2945.44,2911.23,3282.19,1852.28,2690.1,3373.18,3351.12,4518.78,2326.89,0.005,0.005,0.005,0.005,0.005,0.005,0.005,0.005,0.005,0.005
10.1039/c2cy20604h | 360 bar | H2/CO2 3.8 | 10.6 NL/g/h,10.1039/c2cy20604h,"Cu/Al2O3 [Fig 5/Fig 6, Cu/Al2O3, 473 K, 36 MPa]",0.1034,0.084,0.373,0.601,0.026,199.85,360,3.8,1005.12,996.643,993.401,1006.65,643.267,931.449,1017.27,998.177,1012.68,636.327,0.005,0.005,0.005,0.005,0.005,0.005,0.005,0.005,0.005,0.005
10.1039/c2cy20604h | 360 bar | H2/CO2 3.8 | 10.6 NL/g/h,10.1039/c2cy20604h,"Cu/Al2O3 [Fig 5/Fig 6, Cu/Al2O3, 443 K, 36 MPa]",0.075,0.036,0.695,0.269,0.036,169.85,360,3.8,1133.34,1127.93,1123.46,1136.84,726.661,1050.96,1155.04,1131.43,1158.63,724.759,0.005,0.005,0.005,0.005,0.005,0.005,0.005,0.005,0.005,0.005
10.1039/c2cy20604h | 360 bar | H2/CO2 3.8 | 10.6 NL/g/h,10.1039/c2cy20604h,"Cu–Ba/Al2O3 [Fig 8, Cu-Ba/Al2O3, 473 K, 36 MPa]",0.0741,0.043,0.572,0.383,0.045,199.85,360,3.8,1126.42,1121.15,1116.62,1129.6,722.239,1043.74,1146.7,1124.33,1149.58,720.151,0.005,0.005,0.005,0.005,0.005,0.005,0.005,0.005,0.005,0.005
10.1039/c2cy20604h | 360 bar | H2/CO2 3.8 | 10.6 NL/g/h,10.1039/c2cy20604h,"Cu/Al2O3 [Fig 5/Fig 6, Cu/Al2O3, 503 K, 36 MPa]",0.0534,0.131,0.134,0.856,0.01,229.85,360,3.8,968.233,967.346,961.07,969.191,623.673,897.553,976.94,968.304,978.463,623.744,0.005,0.005,0.005,0.005,0.005,0.005,0.005,0.005,0.005,0.005
10.1039/c2cy20604h | 360 bar | H2/CO2 3.8 | 10.6 NL/g/h,10.1039/c2cy20604h,"Cu/Al2O3 [Fig 5/Fig 6, Cu/Al2O3, 553 K, 36 MPa]",0.0399,0.296,0.045,0.917,0.038,279.85,360,3.8,977.72,982.143,973.742,978.332,629.685,906.784,984.027,982.755,989.977,634.72,0.005,0.005,0.005,0.005,0.005,0.005,0.005,0.005,0.005,0.005
10.1039/c2cy20604h | 360 bar | H2/CO2 3.8 | 10.6 NL/g/h,10.1039/c2cy20604h,"Cu/Al2O3 [Fig 5/Fig 6, Cu/Al2O3, 533 K, 36 MPa]",0.0352,0.203,0.057,0.927,0.016,259.85,360,3.8,965.357,972.584,963.062,966.032,624.187,895.421,972.131,973.259,981.045,632.089,0.005,0.005,0.005,0.005,0.005,0.005,0.005,0.005,0.005,0.005
10.1039/c2cy20604h | 360 bar | H2/CO2 3.8 | 10.6 NL/g/h,10.1039/c2cy20604h,"Cu–K/Al2O3 [Fig 7, Cu-K/Al2O3, 553 K, 36 MPa]",0.0182,0.286,0.021,0.979,0,279.85,360,3.8,957.119,986.582,968.165,957.549,626.202,888.83,961.997,987.012,992.526,656.096,0.005,0.005,0.005,0.005,0.005,0.005,0.005,0.005,0.005,0.005
10.1039/c2cy20604h | 360 bar | H2/CO2 3.8 | 10.6 NL/g/h,10.1039/c2cy20604h,"Cu–K/Al2O3 [Fig 7/Fig 8, Cu-K/Al2O3, 473 K, 36 MPa]",0.011,0.089,0.041,0.959,0,199.85,360,3.8,1028.57,1088.17,1057.7,1029.87,680.716,957.189,1039.4,1089.47,1102.3,741.618,0.005,0.005,0.005,0.005,0.005,0.005,0.005,0.005,0.005,0.005
10.1039/c2cy20604h | 360 bar | H2/CO2 3.8 | 10.6 NL/g/h,10.1039/c2cy20604h,"Cu–K/Al2O3 [Fig 7, Cu-K/Al2O3, 533 K, 36 MPa]",0.0106,0.228,0.015,0.985,0,259.85,360,3.8,985.35,1047.82,1016.2,985.88,652.592,916.761,991.033,1048.35,1054.83,715.596,0.005,0.005,0.005,0.005,0.005,0.005,0.005,0.005,0.005,0.005
10.1039/c2cy20604h | 360 bar | H2/CO2 3.8 | 10.6 NL/g/h,10.1039/c2cy20604h,"Cu–K/Al2O3 [Fig 7, Cu-K/Al2O3, 503 K, 36 MPa]",0.0069,0.149,0.015,0.985,0,229.85,360,3.8,1024.57,1129.44,1080.86,1025.37,686.776,955.076,1032.18,1130.23,1139.04,792.434,0.005,0.005,0.005,0.005,0.005,0.005,0.005,0.005,0.005,0.005
10.1039/c2cy20604h | 360 bar | H2/CO2 3.8 | 10.6 NL/g/h,10.1039/c2cy20604h,"Cu–K/Al2O3 [Fig 7, Cu-K/Al2O3, 443 K, 36 MPa]",0.0054,0.022,0.083,0.917,0,169.85,360,3.8,1335.5,1474.1,1412.03,1341.28,893.064,1243.14,1366.39,1479.88,1519.92,1037.44,0.005,0.005,0.005,0.005,0.005,0.005,0.005,0.005,0.005,0.005
10.1039/c2cy20604h | 360 bar | H2/CO2 3.8 | 4000 h-1,10.1039/c2cy20604h,"Cu–Ba/Al2O3 [SI Table 3, 503 K, 36 MPa]",0.0565,0.124,0.151,0.84,0.009,229.85,360,3.8,969.225,967.478,961.545,970.231,624.072,898.388,978.236,968.483,979.019,623.329,0.005,0.005,0.005,0.005,0.005,0.005,0.005,0.005,0.005,0.005
10.1039/c2cy20604h | 360 bar | H2/CO2 3.8 | 4000 h-1,10.1039/c2cy20604h,"Cu–Ba/Al2O3 [SI Table 3, 553 K, 36 MPa]",0.0419,0.337,0.041,0.954,0.005,279.85,360,3.8,936.055,939.475,931.475,936.45,604.037,867.607,940.633,939.87,945.031,607.853,0.005,0.005,0.005,0.005,0.005,0.005,0.005,0.005,0.005,0.005
10.1039/c2cy20604h | 360 bar | H2/CO2 3.8 | 4000 h-1,10.1039/c2cy20604h,"Cu–Ba/Al2O3 [SI Table 3, 533 K, 36 MPa]",0.0402,0.229,0.058,0.938,0.004,259.85,360,3.8,944.846,949.112,940.774,945.393,610.378,876.003,950.661,949.659,956.288,615.19,0.005,0.005,0.005,0.005,0.005,0.005,0.005,0.005,0.005,0.005
10.1039/c2cy20604h | 360 bar | H2/CO2 3.8 | 4000 h-1,10.1039/c2cy20604h,"Cu–Ba/Al2O3 [Text, Cu-Ba/Al2O3, 443 K, 36 MPa]",0.0371,0.017,0.723,0.174,0.103,169.85,360,3.8,1599.24,1605.24,1596.21,1608.97,1021.41,1479.87,1643.98,1614.97,1675.26,1037.15,0.005,0.005,0.005,0.005,0.005,0.005,0.005,0.005,0.005,0.005
10.1039/c2cy20604h | 4 bar | H2/CO2 3.8 | 10.6 NL/g/h,10.1039/c2cy20604h,"Cu–Ba/Al2O3 [Fig 8, Cu-Ba/Al2O3, 473 K, 0.40 MPa]",0.0118,0.013,0.293,0.703,0.004,199.85,4,3.8,3134.48,3188.92,3160.51,5524.19,2417.23,3024.5,5243.95,5578.63,11666.4,4861.38,0.005,0.005,0.005,0.005,0.005,0.005,0.005,0.005,0.005,0.005
10.1039/c2cy20604h | 4 bar | H2/CO2 3.8 | 10.6 NL/g/h,10.1039/c2cy20604h,"Cu/Al2O3 [Fig 5/Fig 6, Cu/Al2O3, 553 K, 0.40 MPa]",0.009,0.076,0.039,0.92,0.041,279.85,4,3.8,1169.85,1246.38,1209.13,1419.08,791.561,1096.33,1397.21,1495.6,2133.79,1117.32,0.005,0.005,0.005,0.005,0.005,0.005,0.005,0.005,0.005,0.005
10.1039/c2cy20604h | 4 bar | H2/CO2 3.8 | 10.6 NL/g/h,10.1039/c2cy20604h,"Cu/Al2O3 [Fig 5/Fig 6, Cu/Al2O3, 533 K, 0.40 MPa]",0.0074,0.04,0.06,0.861,0.079,259.85,4,3.8,1532.87,1629.53,1584.24,2107.44,1082.42,1450.82,2049.05,2204.1,3671.67,1753.65,0.005,0.005,0.005,0.005,0.005,0.005,0.005,0.005,0.005,0.005
10.1039/c2cy20604h | 4 bar | H2/CO2 3.8 | 10.6 NL/g/h,10.1039/c2cy20604h,"Cu/Al2O3 [Fig 5/Fig 6, Cu/Al2O3, 503 K, 0.40 MPa]",0.007,0.022,0.105,0.739,0.156,229.85,4,3.8,2428.34,2531.47,2483.58,3827.94,1787.12,2325.58,3670.66,3931.07,7499.38,3289.85,0.005,0.005,0.005,0.005,0.005,0.005,0.005,0.005,0.005,0.005
10.1039/c2cy20604h | 4 bar | H2/CO2 3.8 | 10.6 NL/g/h,10.1039/c2cy20604h,"Cu–K/Al2O3 [Fig 7, Cu-K/Al2O3, 473 K, 0.40 MPa]",0.0066,0.014,0.153,0.847,0,199.85,4,3.8,2741.98,2852.36,2801.58,4684.43,2101.86,2642.17,4460.11,4794.82,9744.66,4154.7,0.005,0.005,0.005,0.005,0.005,0.005,0.005,0.005,0.005,0.005
10.1039/c2cy20604h | 4 bar | H2/CO2 3.8 | 10.6 NL/g/h,10.1039/c2cy20604h,"Cu–K/Al2O3 [Fig 7, Cu-K/Al2O3, 443 K, 0.40 MPa]",0.0039,0.004,0.298,0.702,0,169.85,4,3.8,12041.4,12239.7,12153.8,24328.6,9738.88,11875.6,22764.8,24526.8,55620.4,22224.3,0.005,0.005,0.005,0.005,0.005,0.005,0.005,0.005,0.006,0.005
10.1039/c2cy20604h | 4 bar | H2/CO2 3.8 | 10.6 NL/g/h,10.1039/c2cy20604h,"Cu–K/Al2O3 [Fig 7, Cu-K/Al2O3, 503 K, 0.40 MPa]",0.0037,0.026,0.047,0.953,0,229.85,4,3.8,1714.12,1924.02,1833.43,2505,1262.8,1633.25,2421.25,2714.89,4733.47,2263.57,0.005,0.005,0.005,0.005,0.005,0.005,0.005,0.005,0.005,0.005
10.1039/c2cy20604h | 4 bar | H2/CO2 3.8 | 10.6 NL/g/h,10.1039/c2cy20604h,"Cu/Al2O3 [Fig 5/Fig 6, Cu/Al2O3, 473 K, 0.40 MPa]",0.0033,0.007,0.148,0.647,0.205,199.85,4,3.8,16353.1,16590.4,16488.8,32127.1,12976.7,16012,30103.3,32364.5,70039.7,28525.2,0.005,0.005,0.005,0.005,0.005,0.005,0.005,0.005,0.009,0.007
10.1039/c2cy20604h | 4 bar | H2/CO2 3.8 | 10.6 NL/g/h,10.1039/c2cy20604h,"Cu–K/Al2O3 [Fig 7, Cu-K/Al2O3, 553 K, 0.40 MPa]",0.0031,0.107,0.01,0.99,0,279.85,4,3.8,1113.32,1367.05,1258.93,1255.71,767.724,1043.61,1244.9,1509.44,1874.86,1163.85,0.005,0.005,0.005,0.005,0.005,0.005,0.005,0.005,0.005,0.005
10.1039/c2cy20604h | 4 bar | H2/CO2 3.8 | 10.6 NL/g/h,10.1039/c2cy20604h,"Cu/Al2O3 [Fig 5/Fig 6, Cu/Al2O3, 443 K, 0.40 MPa]",0.0018,0.005,0.112,0.879,0.009,169.85,4,3.8,26148.4,26597.3,26411.1,53807,21272.1,25721.2,50203.4,54255.9,122524,49124.1,0.005,0.005,0.005,0.005,0.005,0.005,0.005,0.005,0.008,0.006
10.1039/c2cy20604h | 4 bar | H2/CO2 3.8 | 10.6 NL/g/h,10.1039/c2cy20604h,"Cu–K/Al2O3 [Fig 7, Cu-K/Al2O3, 533 K, 0.40 MPa]",0.0018,0.05,0.012,0.988,0,259.85,4,3.8,1379.43,1828.38,1642.17,1729.65,1000.11,1306.16,1696.77,2178.61,3074.42,1799.3,0.005,0.005,0.005,0.005,0.005,0.005,0.005,0.005,0.005,0.005
10.1039/c2cy20604h | 4 bar | H2/CO2 3.8 | 4000 h-1,10.1039/c2cy20604h,"Cu–Ba/Al2O3 [SI Table 3, 533 K, 0.4 MPa]",0.0126,0.093,0.044,0.955,0.001,259.85,4,3.8,1036,1085.93,1059.33,1198.23,687.021,966.303,1185.44,1248.16,1664.25,899.172,0.005,0.005,0.005,0.005,0.005,0.005,0.005,0.005,0.005,0.005
10.1039/c2cy20604h | 4 bar | H2/CO2 3.8 | 4000 h-1,10.1039/c2cy20604h,"Cu–Ba/Al2O3 [SI Table 3, 503 K, 0.4 MPa]",0.0094,0.027,0.112,0.886,0.002,229.85,4,3.8,1606.13,1678.7,1643.04,2350.67,1161.71,1526.31,2272.41,2423.23,4323.79,1978.81,0.005,0.005,0.005,0.005,0.005,0.005,0.005,0.005,0.005,0.005
10.1039/c2cy20604h | 4 bar | H2/CO2 3.8 | 4000 h-1,10.1039/c2cy20604h,"Cu–Ba/Al2O3 [SI Table 3, 553 K, 0.4 MPa]",0.0093,0.162,0.019,0.981,0,279.85,4,3.8,978.711,1052.24,1016.19,1067.3,641.684,909.713,1061.62,1140.82,1368.67,803.797,0.005,0.005,0.005,0.005,0.005,0.005,0.005,0.005,0.005,0.005
10.1039/c2cy20604h | 4 bar | H2/CO2 3.8 | 4000 h-1,10.1039/c2cy20604h,"Cu–Ba/Al2O3 [SI Table 3, 443 K, 0.4 MPa]",0.001,0.001,0.278,0.722,0,169.85,4,3.8,43645.8,44467.2,44132,92059,35643.8,43550.7,85674.5,92880.4,215968,84878.4,0.005,0.005,0.005,0.005,0.005,0.005,0.005,0.005,0.005,0.005
10.1039/c4cy00848k | 7 bar | H2/CO2 9 | 2 NL/g/h,10.1039/c4cy00848k,Cu(15)ZnO [SI Fig S7/S8 Cu(15)ZnO point 1],0.00853599,0.015,0.79,0.21,0,225,7,9,2600.59,2682.18,2642.91,4025.9,1837.67,2519.87,3749.56,4107.49,7624.8,3344.58,0.005,0.005,0.005,0.005,0.005,0.005,0.005,0.005,0.005,0.005
10.1039/c4cy00848k | 7 bar | H2/CO2 9 | 2 NL/g/h,10.1039/c4cy00848k,Cu(8)ZnO [SI Fig S7/S8 Cu(8)ZnO point 1],0.00772853,0.012,0.76,0.24,0,225,7,9,3086.92,3178.77,3135.4,4926.33,2195.56,3004.33,4563.4,5018.18,9553.75,4126.82,0.005,0.005,0.005,0.005,0.005,0.005,0.005,0.005,0.005,0.005
10.1039/c4cy00848k | 7 bar | H2/CO2 9 | 2 NL/g/h,10.1039/c4cy00848k,Cu(5)ZnO [SI Fig S7/S8 Cu(5)ZnO point 1],0.00565221,0.0175,0.61,0.39,0,225,7,9,2965.14,3096.81,3037.51,4653.76,2116.74,2862.6,4322.46,4785.44,8950.29,3937.04,0.005,0.005,0.005,0.005,0.005,0.005,0.005,0.005,0.005,0.005
10.1039/c4cy00848k | 7 bar | H2/CO2 9 | 2 NL/g/h,10.1039/c4cy00848k,Cu(3)ZnO [SI Fig S7/S8 Cu(3)ZnO point 1],0.00507545,0.011,0.58,0.42,5.55112e-17,225,7,9,4148.64,4297.16,4231.12,6857.06,2983.88,4043.79,6310.19,7005.58,13676.9,5840.82,0.005,0.005,0.005,0.005,0.005,0.005,0.005,0.005,0.005,0.005
10.1039/c4cy00848k | 7 bar | H2/CO2 9 | 2 NL/g/h,10.1039/c4cy00848k,Cu(1)ZnO [SI Fig S7/S8 Cu(1)ZnO point 1],0.00426799,0.018,0.32,0.68,0,225,7,9,5095.37,5275.13,5196.6,8505.58,3697.52,4907.91,7808.72,8685.34,16982.7,7287.49,0.005,0.005,0.005,0.005,0.005,0.005,0.005,0.005,0.006,0.005
10.1039/c4cy00848k | 7 bar | H2/CO2 9 | 2 NL/g/h,10.1039/c4cy00848k,Cu(0.5)ZnO [SI Fig S7/S8 Cu(0.5)ZnO point 1],0.00357589,0.015,0.33,0.67,0,225,7,9,5576.82,5794.58,5700.84,9404.02,4050.76,5396.22,8617.6,9621.78,19019.9,8095.72,0.005,0.005,0.005,0.005,0.005,0.005,0.005,0.005,0.006,0.005
10.1039/c4cy00848k | 7 bar | H2/CO2 9 | 4 NL/g/h,10.1039/c4cy00848k,"Cu(15)ZnO [Table 3, Cu(15)ZnO at 180 °C]",0.00339133,0.0042,0.96,0.04,3.46945e-17,180,7,9,5511.38,5741.89,5643.06,9442.28,3975.47,5451.11,8633.57,9672.79,19347,8136.87,0.005,0.005,0.005,0.005,0.005,0.005,0.005,0.005,0.005,0.005
10.1039/c4cy00848k | 7 bar | H2/CO2 9 | 4 NL/g/h,10.1039/c4cy00848k,"Cu(8)ZnO [Table 3, Cu(8)ZnO at 180 °C]",0.00280303,0.0034,0.97,0.03,2.77556e-17,180,7,9,6511.44,6793.81,6674.23,11305.8,4707.76,6454.19,10310.7,11588.2,23382.8,9784.54,0.005,0.005,0.005,0.005,0.005,0.005,0.005,0.005,0.005,0.005
10.1039/c4cy00848k | 7 bar | H2/CO2 9 | 4 NL/g/h,10.1039/c4cy00848k,"Cu(5)ZnO [Table 3, Cu(5)ZnO at 180 °C]",0.00201865,0.0039,0.96,0.04,3.46945e-17,180,7,9,5911.03,6309.57,6143.52,10141.6,4282.17,5851.59,9268.33,10540.1,20950.3,8911.29,0.005,0.005,0.005,0.005,0.005,0.005,0.005,0.005,0.005,0.005
10.1039/c4cy00848k | 7 bar | H2/CO2 9 | 4 NL/g/h,10.1039/c4cy00848k,"Cu(3)ZnO [Table 3, Cu(3)ZnO at 180 °C]",0.0017418,0.0028,0.92,0.08,0,180,7,9,8108.97,8573.49,8381.05,14254.3,5885.24,8052.09,12966,14718.8,29829.9,12495.1,0.005,0.005,0.005,0.005,0.005,0.005,0.005,0.005,0.005,0.005
10.1039/c4cy00848k | 7 bar | H2/CO2 9 | 4 NL/g/h,10.1039/c4cy00848k,"Cu(1)ZnO [Table 3, Cu(1)ZnO at 180 °C]",0.00163799,0.003,0.75,0.25,0,180,7,9,9226.97,9721.97,9517.34,16330.8,6702.68,9157.86,14833.6,16825.8,34289.5,14301.5,0.005,0.005,0.005,0.005,0.005,0.005,0.005,0.005,0.005,0.005
10.1039/c4cy00848k | 7 bar | H2/CO2 9 | 4 NL/g/h,10.1039/c4cy00848k,"Cu(0.5)ZnO [Table 3, Cu(0.5)ZnO at 180 °C]",0.00106123,0.0023,0.77,0.23,0,180,7,9,11416.1,12189.2,11873.3,20393,8309.94,11354.3,18485.8,21166,43226.3,18059.9,0.005,0.005,0.005,0.005,0.005,0.005,0.005,0.005,0.005,0.005
10.1039/c5cy00372e | 10 bar | H2/CO2 3.04 | 10 NL/g/h,10.1039/c5cy00372e,"CHT-Y0.1 [Fig. 8 CHT-Y0.1, 1 MPa]",0.13,0.125,0.3,0.7,0,229.85,10,3.04167,887.908,877.775,875.197,920.144,550.869,817.167,923.284,910.011,997.607,572.972,0.005,0.005,0.005,0.005,0.005,0.005,0.005,0.005,0.005,0.005
10.1039/c5cy00372e | 10 bar | H2/CO2 3.04 | 10 NL/g/h,10.1039/c5cy00372e,"CHT-Y0.5 [Fig. 8 CHT-Y0.5, 1 MPa]",0.09,0.105,0.27,0.73,0,229.85,10,3.04167,904.307,897.039,893.314,943.124,564.393,833.023,946.382,935.856,1040.95,595.942,0.005,0.005,0.005,0.005,0.005,0.005,0.005,0.005,0.005,0.005
10.1039/c5cy00372e | 10 bar | H2/CO2 3.04 | 10 NL/g/h,10.1039/c5cy00372e,"CHT-Y0 [Fig. 8 CHT-Y0, 1 MPa]",0.08,0.085,0.25,0.75,0,229.85,10,3.04167,923.957,917.853,913.663,972.727,579.655,851.804,976.059,966.623,1098.09,622.321,0.005,0.005,0.005,0.005,0.005,0.005,0.005,0.005,0.005,0.005
10.1039/c5cy00372e | 3 bar | H2/CO2 3.04 | 10 NL/g/h,10.1039/c5cy00372e,"CHT-Y0.1 [Fig. 8 CHT-Y0.1, 0.3 MPa]",0.075,0.099,0.151,0.849,0,229.85,3,3.04167,971.987,966.581,962.112,1025.26,630.972,904.04,1132.05,1019.85,1267.3,678.838,0.005,0.005,0.005,0.005,0.005,0.005,0.005,0.005,0.005,0.005
10.1039/c5cy00372e | 3 bar | H2/CO2 3.04 | 10 NL/g/h,10.1039/c5cy00372e,"CHT-Y0.5 [Fig. 8 CHT-Y0.5, 0.3 MPa]",0.049,0.07,0.12,0.88,0,229.85,3,3.04167,1046.16,1046.68,1039.84,1124.18,696.694,978.245,1279.18,1124.7,1486.05,775.233,0.005,0.005,0.005,0.005,0.005,0.005,0.005,0.005,0.005,0.005
10.1039/c5cy00372e | 3 bar | H2/CO2 3.04 | 10 NL/g/h,10.1039/c5cy00372e,"CHT-Y0 [Fig. 8 CHT-Y0, 0.3 MPa]",0.03,0.055,0.09,0.91,0,229.85,3,3.04167,1124.12,1135.47,1124.3,1226.93,766.068,1056.07,1430,1238.28,1713.57,880.228,0.005,0.005,0.005,0.005,0.005,0.005,0.005,0.005,0.005,0.005
10.1039/c5cy00372e | 30 bar | H2/CO2 3.04 | 10 NL/g/h,10.1039/c5cy00372e,"CHT-Y0.1 [Fig. 8 CHT-Y0.1, 3 MPa]",0.24,0.15,0.53,0.47,0,229.85,30,3.04167,870.392,857.304,855.908,877.81,535.789,799.761,884.089,864.723,890.204,530.12,0.005,0.005,0.005,0.005,0.005,0.005,0.005,0.005,0.005,0.005
10.1039/c5cy00372e | 30 bar | H2/CO2 3.04 | 10 NL/g/h,10.1039/c5cy00372e,"CHT-Y0.5 [Fig. 8 CHT-Y0.5, 3 MPa]",0.2,0.135,0.5,0.5,0,229.85,30,3.04167,876.42,864.031,862.355,884.701,540.462,805.486,891.465,872.312,900.534,536.353,0.005,0.005,0.005,0.005,0.005,0.005,0.005,0.005,0.005,0.005
10.1039/c5cy00372e | 30 bar | H2/CO2 3.04 | 10 NL/g/h,10.1039/c5cy00372e,"CHT-Y0 [Fig. 8 CHT-Y0, 3 MPa]",0.17,0.115,0.46,0.54,0,229.85,30,3.04167,885.899,874.249,872.278,895.697,547.537,814.413,903.272,884.047,917.056,545.685,0.005,0.005,0.005,0.005,0.005,0.005,0.005,0.005,0.005,0.005
10.1039/c5cy00372e | 50 bar | H2/CO2 3.04 | 10 NL/g/h,10.1039/c5cy00372e,CHT-Y0.1 [Table 6 row CHT-Y0.1],0.39,0.202,0.693,0.305,0.002,229.85,50,3.04167,872.092,857.662,856.803,875.39,539.672,802.237,880.537,860.96,874.563,528.54,0.005,0.005,0.005,0.005,0.005,0.005,0.005,0.005,0.005,0.005
10.1039/c5cy00372e | 50 bar | H2/CO2 3.04 | 10 NL/g/h,10.1039/c5cy00372e,CHT-Y0.2 [Table 6 row CHT-Y0.2],0.35,0.178,0.705,0.294,0.001,229.85,50,3.04167,875.577,861.392,860.435,879.29,542.412,805.527,884.876,865.105,880.227,531.94,0.005,0.005,0.005,0.005,0.005,0.005,0.005,0.005,0.005,0.005
10.1039/c5cy00372e | 50 bar | H2/CO2 3.04 | 10 NL/g/h,10.1039/c5cy00372e,CHT-Y0.05 [Table 6 row CHT-Y0.05],0.33,0.174,0.632,0.366,0.002,229.85,50,3.04167,877.783,863.744,862.728,881.619,543.944,807.612,887.331,867.579,883.144,533.74,0.005,0.005,0.005,0.005,0.005,0.005,0.005,0.005,0.005,0.005
10.1039/c5cy00372e | 50 bar | H2/CO2 3.04 | 10 NL/g/h,10.1039/c5cy00372e,CHT-Y0.5 [Table 6 row CHT-Y0.5],0.29,0.151,0.666,0.331,0.003,229.85,50,3.04167,884.899,871.21,870.054,889.364,549.03,814.297,895.703,875.675,893.508,539.806,0.005,0.005,0.005,0.005,0.005,0.005,0.005,0.005,0.005,0.005
10.1039/c5cy00372e | 50 bar | H2/CO2 3.04 | 10 NL/g/h,10.1039/c5cy00372e,CHT-Y0 [Table 6 row CHT-Y0],0.25,0.134,0.581,0.416,0.003,229.85,50,3.04167,890.96,877.733,876.393,896.002,553.544,820,902.886,882.775,902.655,545.359,0.005,0.005,0.005,0.005,0.005,0.005,0.005,0.005,0.005,0.005
10.1039/c5cy00372e | 70 bar | H2/CO2 3.04 | 10 NL/g/h,10.1039/c5cy00372e,"CHT-Y0.1 [Fig. 8 CHT-Y0.1, 7 MPa]",0.45,0.23,0.8,0.2,0,229.85,70,3.04167,872.908,858.191,857.447,874.934,542.423,803.604,879.52,860.217,869.963,529.732,0.005,0.005,0.005,0.005,0.005,0.005,0.005,0.005,0.005,0.005
10.1039/c5cy00372e | 70 bar | H2/CO2 3.04 | 10 NL/g/h,10.1039/c5cy00372e,"CHT-Y0.5 [Fig. 8 CHT-Y0.5, 7 MPa]",0.38,0.205,0.77,0.23,0,229.85,70,3.04167,876.906,862.533,861.651,879.186,545.49,807.395,884.166,864.812,875.608,533.396,0.005,0.005,0.005,0.005,0.005,0.005,0.005,0.005,0.005,0.005
10.1039/c5cy00372e | 70 bar | H2/CO2 3.04 | 10 NL/g/h,10.1039/c5cy00372e,"CHT-Y0 [Fig. 8 CHT-Y0, 7 MPa]",0.32,0.168,0.7,0.3,0,229.85,70,3.04167,884.194,870.234,869.186,886.99,550.863,814.249,892.725,873.03,885.919,539.698,0.005,0.005,0.005,0.005,0.005,0.005,0.005,0.005,0.005,0.005
10.1039/c5cy00372e | 90 bar | H2/CO2 3.04 | 10 NL/g/h,10.1039/c5cy00372e,"CHT-Y0.1 [Fig. 8/text CHT-Y0.1, 9.0 MPa]",0.57,0.299,0.897,0.103,0,229.85,90,3.04167,871.266,856.158,855.57,872.48,542.516,802.482,876.246,857.371,864.203,528.621,0.005,0.005,0.005,0.005,0.005,0.005,0.005,0.005,0.005,0.005
10.1039/c5cy00372e | 90 bar | H2/CO2 3.04 | 10 NL/g/h,10.1039/c5cy00372e,"CHT-Y0.5 [Fig. 8 CHT-Y0.5, 9 MPa]",0.48,0.265,0.85,0.15,0,229.85,90,3.04167,874.562,859.729,859.031,875.936,545.072,805.617,880.051,861.103,868.695,531.612,0.005,0.005,0.005,0.005,0.005,0.005,0.005,0.005,0.005,0.005
10.1039/c5cy00372e | 90 bar | H2/CO2 3.04 | 10 NL/g/h,10.1039/c5cy00372e,"CHT-Y0 [Fig. 8 CHT-Y0, 9 MPa]",0.4,0.23,0.78,0.22,0,229.85,90,3.04167,878.836,864.352,863.514,880.423,548.346,809.67,884.982,865.939,874.526,535.449,0.005,0.005,0.005,0.005,0.005,0.005,0.005,0.005,0.005,0.005
10.1039/c5ra04774a | 30 bar | H2/CO2 3 | 3.6 NL/g/h,10.1039/c5ra04774a,"CZ/CNTs-3 [Table 1 row 9 / Fig. 1, 260 °C]",0.0839281,0.163,0.435,0.55,0.015,260,30,3,895.143,888.549,884.555,902.914,554.633,823.519,909.39,896.319,922.92,555.809,0.005,0.005,0.005,0.005,0.005,0.005,0.005,0.005,0.005,0.005
10.1039/c5ra04774a | 30 bar | H2/CO2 3 | 3.6 NL/g/h,10.1039/c5ra04774a,"CZ/CNTs-3 [Table 1 row 6 / Fig. 1, 240 °C]",0.0709492,0.111,0.54,0.43,0.03,240,30,3,932.364,927.596,922.871,944.447,579.519,858.451,953.157,939.679,979.818,586.834,0.005,0.005,0.005,0.005,0.005,0.005,0.005,0.005,0.005,0.005
10.1039/c5ra04774a | 30 bar | H2/CO2 3 | 3.6 NL/g/h,10.1039/c5ra04774a,"CZ/CNTs-2 [Table 1 row 8 / Fig. 1, 260 °C]",0.0707231,0.149,0.401,0.58,0.019,260,30,3,905.949,901.219,896.479,914.668,562.48,833.766,921.668,909.938,939.546,566.469,0.005,0.005,0.005,0.005,0.005,0.005,0.005,0.005,0.005,0.005
10.1039/c5ra04774a | 30 bar | H2/CO2 3 | 3.6 NL/g/h,10.1039/c5ra04774a,"CZ/CNTs-3 [Fig. 1, 280 °C, CZ/CNTs-3]",0.0696708,0.218,0.27,0.71,0.02,280,30,3,893.994,889.443,884.632,900.281,553.988,822.623,905.886,895.73,917.579,555.723,0.005,0.005,0.005,0.005,0.005,0.005,0.005,0.005,0.005,0.005
10.1039/c5ra04774a | 30 bar | H2/CO2 3 | 3.6 NL/g/h,10.1039/c5ra04774a,"CZ/CNTs-2 [Fig. 1, 280 °C, CZ/CNTs-2]",0.0667827,0.217,0.26,0.72,0.02,280,30,3,894.809,890.778,885.759,901.122,554.763,823.428,906.742,897.09,919.022,557.044,0.005,0.005,0.005,0.005,0.005,0.005,0.005,0.005,0.005,0.005
10.1039/c5ra04774a | 30 bar | H2/CO2 3 | 3.6 NL/g/h,10.1039/c5ra04774a,"CZ/CNTs-1 [Table 1 row 7 / Fig. 1, 260 °C]",0.0622137,0.144,0.365,0.63,0.005,260,30,3,893.999,890.889,885.502,902.141,556.459,822.704,908.828,899.032,926.816,561.492,0.005,0.005,0.005,0.005,0.005,0.005,0.005,0.005,0.005,0.005
10.1039/c5ra04774a | 30 bar | H2/CO2 3 | 3.6 NL/g/h,10.1039/c5ra04774a,"CZ/CNTs-2 [Table 1 row 5 / Fig. 1, 240 °C]",0.061816,0.102,0.512,0.47,0.018,240,30,3,926.068,923.045,917.622,938.35,577.304,852.655,947.157,935.327,976.086,586.563,0.005,0.005,0.005,0.005,0.005,0.005,0.005,0.005,0.005,0.005
10.1039/c5ra04774a | 30 bar | H2/CO2 3 | 3.6 NL/g/h,10.1039/c5ra04774a,"CZ/CNTs-1 [Fig. 1, 280 °C, CZ/CNTs-1]",0.0602251,0.212,0.24,0.74,0.02,280,30,3,897.251,894.586,889.02,903.695,556.995,825.82,909.396,901.03,923.387,560.775,0.005,0.005,0.005,0.005,0.005,0.005,0.005,0.005,0.005,0.005
10.1039/c5ra04774a | 30 bar | H2/CO2 3 | 3.6 NL/g/h,10.1039/c5ra04774a,"CZ/CNTs-3 [Table 1 row 3 / Fig. 1, 220 °C]",0.0559462,0.069,0.685,0.3,0.015,220,30,3,952.827,951.226,945.235,970.408,596.673,877.646,981.583,968.807,1025.86,612.652,0.005,0.005,0.005,0.005,0.005,0.005,0.005,0.005,0.005,0.005
10.1039/c5ra04774a | 30 bar | H2/CO2 3 | 3.6 NL/g/h,10.1039/c5ra04774a,"CZ/CNTs-1 [Table 1 row 4 / Fig. 1, 240 °C]",0.0494774,0.095,0.44,0.55,0.01,240,30,3,925.842,926.2,919.425,938.503,579.347,852.65,947.491,938.86,980.794,592.365,0.005,0.005,0.005,0.005,0.005,0.005,0.005,0.005,0.005,0.005
10.1039/c5ra04774a | 30 bar | H2/CO2 3 | 3.6 NL/g/h,10.1039/c5ra04774a,"CZ/CNTs-3 [Fig. 1, 300 °C, CZ/CNTs-3]",0.047406,0.267,0.15,0.82,0.03,300,30,3,907.566,908.663,901.593,913.568,564.27,835.699,918.995,914.665,935.594,571.37,0.005,0.005,0.005,0.005,0.005,0.005,0.005,0.005,0.005,0.005
10.1039/c5ra04774a | 30 bar | H2/CO2 3 | 3.6 NL/g/h,10.1039/c5ra04774a,"CZ/CNTs-3 [Fig. 1, 200 °C, CZ/CNTs-3]",0.0465892,0.048,0.82,0.17,0.01,200,30,3,987.825,989.232,982.038,1012.4,622.254,910.407,1026.35,1013.81,1092.07,648.24,0.005,0.005,0.005,0.005,0.005,0.005,0.005,0.005,0.005,0.005
10.1039/c5ra04774a | 30 bar | H2/CO2 3 | 3.6 NL/g/h,10.1039/c5ra04774a,"CZ/CNTs-2 [Fig. 1, 300 °C, CZ/CNTs-2]",0.0465182,0.262,0.15,0.82,0.03,300,30,3,908.356,909.79,902.585,914.437,564.94,836.466,919.913,915.872,937.056,572.456,0.005,0.005,0.005,0.005,0.005,0.005,0.005,0.005,0.005,0.005
10.1039/c5ra04774a | 30 bar | H2/CO2 3 | 3.6 NL/g/h,10.1039/c5ra04774a,"CZ/CNTs-1 [Fig. 1, 300 °C, CZ/CNTs-1]",0.0424227,0.256,0.14,0.84,0.02,300,30,3,899.491,902.665,894.764,905.071,560.537,828.291,910.235,908.245,927.807,569.291,0.005,0.005,0.005,0.005,0.005,0.005,0.005,0.005,0.005,0.005
10.1039/c5ra04774a | 30 bar | H2/CO2 3 | 3.6 NL/g/h,10.1039/c5ra04774a,"CZ/CNTs-2 [Table 1 row 2 / Fig. 1, 220 °C]",0.0333381,0.043,0.655,0.32,0.025,220,30,3,1038.93,1047.49,1037.43,1069.21,657.858,957.68,1085.21,1077.77,1173.11,696.694,0.005,0.005,0.005,0.005,0.005,0.005,0.005,0.005,0.005,0.005
10.1039/c5ra04774a | 30 bar | H2/CO2 3 | 3.6 NL/g/h,10.1039/c5ra04774a,"CZ/CNTs-2 [Fig. 1, 200 °C, CZ/CNTs-2]",0.0312489,0.033,0.8,0.18,0.02,200,30,3,1076.25,1086.49,1075.76,1114.56,684.102,992.444,1133.23,1124.79,1244.01,732.642,0.005,0.005,0.005,0.005,0.005,0.005,0.005,0.005,0.005,0.005
10.1039/c5ra04774a | 30 bar | H2/CO2 3 | 3.6 NL/g/h,10.1039/c5ra04774a,"CZ/CNTs-1 [Table 1 row 1 / Fig. 1, 220 °C]",0.0283903,0.041,0.585,0.4,0.015,220,30,3,1039.56,1052.49,1040.69,1070.7,660.779,958.328,1086.99,1083.63,1181.55,704.854,0.005,0.005,0.005,0.005,0.005,0.005,0.005,0.005,0.005,0.005
10.1039/c5ra04774a | 30 bar | H2/CO2 3 | 3.6 NL/g/h,10.1039/c5ra04774a,"CZ/CNTs-1 [Fig. 1, 200 °C, CZ/CNTs-1]",0.0266326,0.03,0.75,0.24,0.01,200,30,3,1091.31,1106.19,1093.61,1133.22,696.811,1006.26,1153.04,1148.11,1278.01,753.61,0.005,0.005,0.005,0.005,0.005,0.005,0.005,0.005,0.005,0.005
10.1039/c6ra28305e | 30 bar | H2/CO2 3 | 3600 h-1,10.1039/c6ra28305e,"CZ-450 [Table 2, CZ-450]",0.0452177,0.042,0.539,0.461,0,220,30,3,1005.71,1007.66,1000.25,1034.77,635.946,926.093,1050.34,1036.72,1128.42,666.958,0.005,0.005,0.005,0.005,0.005,0.005,0.005,0.005,0.005,0.005
10.1039/c6ra28305e | 30 bar | H2/CO2 3 | 3600 h-1,10.1039/c6ra28305e,"CZ-350 [Table 2, CZ-350]",0.0385273,0.046,0.413,0.587,0,220,30,3,993.488,998.659,989.959,1019.58,628.672,915.254,1034.09,1024.75,1107.57,659.939,0.005,0.005,0.005,0.005,0.005,0.005,0.005,0.005,0.005,0.005
10.1039/c6ra28305e | 30 bar | H2/CO2 3 | 3600 h-1,10.1039/c6ra28305e,"CZ-550 [Table 2, CZ-550]",0.0277996,0.023,0.564,0.436,0,220,30,3,1212.57,1226.14,1214.08,1278.23,780.035,1113.66,1304.88,1291.79,1491.34,859.255,0.005,0.005,0.005,0.005,0.005,0.005,0.005,0.005,0.005,0.005
10.1039/c6ra28305e | 30 bar | H2/CO2 3 | 3600 h-1,10.1039/c6ra28305e,"CZ-650 [Table 2, CZ-650]",0.0118812,0.011,0.329,0.671,0,220,30,3,2909.92,2963.87,2935.65,3289.26,1918.34,2622.52,3376.11,3343.21,4436.62,2351.64,0.005,0.005,0.005,0.005,0.005,0.005,0.005,0.005,0.005,0.005
10.1039/d0gc01597k | 50 bar | H2/CO2 4 | 21 NL/g/h,10.1039/d0gc01597k,"Pt/In2O3 [Fig. 1a,b/text, Pt/In2O3, 300 °C]",0.542,0.173,0.54,0.46,0,300,50,4,885.395,870.362,869.744,890.385,548.232,814.72,897.222,875.353,895.052,538.189,0.005,0.005,0.005,0.005,0.005,0.005,0.005,0.005,0.005,0.005
10.1039/d0gc01597k | 50 bar | H2/CO2 4 | 21 NL/g/h,10.1039/d0gc01597k,"Pt/In2O3 [Fig. 1a,b/text, Pt/In2O3, 275 °C]",0.499,0.119,0.74,0.26,0,275,50,4,906.637,891.738,891.066,913.963,562.737,834.578,922.815,899.064,926.881,555.164,0.005,0.005,0.005,0.005,0.005,0.005,0.005,0.005,0.005,0.005
10.1039/d0gc01597k | 50 bar | H2/CO2 4 | 21 NL/g/h,10.1039/d0gc01597k,"In2O3 [Fig. 1a,b/text, In2O3, 300 °C]",0.335,0.094,0.627,0.373,0,300,50,4,936.909,922.831,921.831,947.143,584.078,862.001,958.202,933.066,970.709,580.235,0.005,0.005,0.005,0.005,0.005,0.005,0.005,0.005,0.005,0.005
10.1039/d0gc01597k | 50 bar | H2/CO2 4 | 21 NL/g/h,10.1039/d0gc01597k,"Pt/In2O3 [Fig. 1a,b, Pt/In2O3, 250 °C]",0.316,0.066,0.84,0.16,0,250,50,4,966.458,952.531,951.47,980.228,603.527,890.125,993.687,966.301,1015.63,603.37,0.005,0.005,0.005,0.005,0.005,0.005,0.005,0.005,0.005,0.005
10.1039/d0gc01597k | 50 bar | H2/CO2 4 | 21 NL/g/h,10.1039/d0gc01597k,"In2O3 [Fig. 1a,b, In2O3, 275 °C]",0.205,0.048,0.72,0.28,0,275,50,4,1061.02,1048.53,1046.89,1084.33,668.034,974.628,1103.37,1071.84,1151.86,678.853,0.005,0.005,0.005,0.005,0.005,0.005,0.005,0.005,0.005,0.005
10.1039/d0gc01597k | 50 bar | H2/CO2 4 | 21 NL/g/h,10.1039/d0gc01597k,"Pt/In2O3 [Fig. 1a,b, Pt/In2O3, 225 °C]",0.145,0.014,0.99,0.01,0,225,50,4,1293.99,1283.19,1280.88,1348.26,813.527,1202.36,1381.57,1337.46,1513.53,856.991,0.005,0.005,0.005,0.005,0.005,0.005,0.005,0.005,0.005,0.005
10.1039/d0gc01597k | 50 bar | H2/CO2 4 | 21 NL/g/h,10.1039/d0gc01597k,"In2O3 [Fig. 1a,b, In2O3, 250 °C]",0.1,0.02,0.84,0.16,0,250,50,4,1287.76,1279.56,1276.21,1338.01,815.202,1188.22,1369.65,1329.81,1493.58,857.248,0.005,0.005,0.005,0.005,0.005,0.005,0.005,0.005,0.005,0.005
10.1039/d0gc01597k | 50 bar | H2/CO2 4 | 21 NL/g/h,10.1039/d0gc01597k,"In2O3 [Fig. 1a,b, In2O3, 225 °C]",0.06,0.008,0.99,0.01,0,225,50,4,1617.63,1615.02,1609.43,1711.42,1020,1508.77,1759.42,1708.81,2004.3,1111.18,0.005,0.005,0.005,0.005,0.005,0.005,0.005,0.005,0.005,0.005
10.1039/d0gc01597k | 50 bar | H2/CO2 4 | 21 NL/g/h,10.1039/d0gc01597k,"Pt/In2O3 [Fig. 1a,b, Pt/In2O3, 200 °C]",0.05,0.008,1,0,0,200,50,4,1610.25,1610.43,1603.72,1702.83,1016.44,1502.45,1750.41,1703.01,1994.87,1109.2,0.005,0.005,0.005,0.005,0.005,0.005,0.005,0.005,0.005,0.005
10.1039/d0gc01597k | 50 bar | H2/CO2 4 | 21 NL/g/h,10.1039/d0gc01597k,"In2O3 [Fig. 1a,b, In2O3, 200 °C]",0.045,0.004,1,0,0,200,50,4,2318.93,2320.97,2313.52,2502.13,1454.47,2171.34,2577.63,2504.17,3064.52,1639.71,0.005,0.005,0.005,0.005,0.005,0.005,0.005,0.005,0.005,0.005
10.1126/sciadv.1701290 | 10 bar | H2/CO2 3 | 24 NL/g/h,10.1126/sciadv.1701290,"13% ZnO-ZrO2 [SI Figure S2, p=1 MPa]",0.320792,0.055,0.68,0.32,0,330,10,3,1053.04,1039.07,1038.03,1172.97,673.255,967.17,1174.97,1159.01,1477.67,779.222,0.005,0.005,0.005,0.005,0.005,0.005,0.005,0.005,0.005,0.005
10.1126/sciadv.1701290 | 20 bar | H2/CO2 2 | 24 NL/g/h,10.1126/sciadv.1701290,"13% ZnO-ZrO2 [SI Figure S2, H2/CO2=2/1]",0.507777,0.06,0.74,0.26,0,330,20,2,938.775,923.847,923.187,969.248,585.248,858.534,980.618,954.319,1045.54,600.792,0.005,0.005,0.005,0.005,0.005,0.005,0.005,0.005,0.005,0.005
10.1126/sciadv.1701290 | 20 bar | H2/CO2 3 | 15 NL/g/h,10.1126/sciadv.1701290,"13% ZnO-ZrO2 [SI Figure S2, GHSV=15000]",0.289484,0.09,0.6,0.4,0,330,20,3,919.689,906.005,904.847,944.04,570.834,843.942,953.889,930.356,1003.91,581.502,0.005,0.005,0.005,0.005,0.005,0.005,0.005,0.005,0.005,0.005
10.1126/sciadv.1701290 | 20 bar | H2/CO2 3 | 24 NL/g/h,10.1126/sciadv.1701290,"13% ZnO-ZrO2 [SI Figure S2, p=2 MPa]",0.521501,0.08,0.76,0.24,0,330,20,3,933.384,918.412,917.769,962.073,579.663,855.886,973.013,947.101,1033.18,593.38,0.005,0.005,0.005,0.005,0.005,0.005,0.005,0.005,0.005,0.005
10.1126/sciadv.1701290 | 20 bar | H2/CO2 3 | 24 NL/g/h,10.1126/sciadv.1701290,"13% ZnO-ZrO2 [SI Figure S17A, 340 °C]",0.476041,0.075,0.74,0.26,0,340,20,3,951.283,936.465,935.76,984.188,592.594,871.663,996.129,969.369,1067.58,610.68,0.005,0.005,0.005,0.005,0.005,0.005,0.005,0.005,0.005,0.005
10.1126/sciadv.1701290 | 20 bar | H2/CO2 3 | 24 NL/g/h,10.1126/sciadv.1701290,"13% ZnO-ZrO2 [SI Figure S17A, 320 °C]",0.422004,0.06,0.82,0.18,5.55112e-17,320,20,3,986.251,971.658,970.863,1028.35,617.474,903.441,1042.32,1013.76,1138.29,644.982,0.005,0.005,0.005,0.005,0.005,0.005,0.005,0.005,0.005,0.005
10.1126/sciadv.1701290 | 20 bar | H2/CO2 3 | 24 NL/g/h,10.1126/sciadv.1701290,"13% ZnO-ZrO2 [SI Figure S17A, 360 °C]",0.274474,0.1,0.32,0.68,0,360,20,3,917.703,904.177,902.956,941.032,569.618,841.675,950.612,927.506,998.094,579.421,0.005,0.005,0.005,0.005,0.005,0.005,0.005,0.005,0.005,0.005
10.1126/sciadv.1701290 | 20 bar | H2/CO2 3 | 24 NL/g/h,10.1126/sciadv.1701290,13% ZnO-ZrO2 [SI Table S2 row 1],0.253717,0.034,0.87,0.13,0,300,20,3,1072.2,1058.92,1057.6,1139.03,678.044,984.299,1157.76,1125.76,1320.48,731.603,0.005,0.005,0.005,0.005,0.005,0.005,0.005,0.005,0.005,0.005
10.1126/sciadv.1701290 | 20 bar | H2/CO2 3 | 24 NL/g/h,10.1126/sciadv.1701290,"13% ZnO-ZrO2 [SI Figure S17A, 280 °C]",0.197278,0.025,0.92,0.08,0,280,20,3,1100.78,1088.45,1086.75,1178.11,697.648,1014.11,1198.65,1165.78,1390.12,762.648,0.005,0.005,0.005,0.005,0.005,0.005,0.005,0.005,0.005,0.005
10.1126/sciadv.1701290 | 20 bar | H2/CO2 3 | 24 NL/g/h,10.1126/sciadv.1701290,"13% ZnO-ZrO2 [SI Figure S17A, 260 °C]",0.112878,0.014,0.94,0.06,5.55112e-17,260,20,3,1264.3,1255.14,1252.17,1391.46,810.866,1169.65,1419.57,1382.31,1746.39,928.877,0.005,0.005,0.005,0.005,0.005,0.005,0.005,0.005,0.005,0.005
10.1126/sciadv.1701290 | 20 bar | H2/CO2 3 | 24 NL/g/h,10.1126/sciadv.1701290,"13% ZnO-ZrO2 [SI Figure S17A, 380 °C]",0.0746227,0.145,0.06,0.94,0,380,20,3,897.96,892.61,888.118,912.753,559.271,825.147,919.883,907.404,953.076,568.716,0.005,0.005,0.005,0.005,0.005,0.005,0.005,0.005,0.005,0.005
10.1126/sciadv.1701290 | 20 bar | H2/CO2 3 | 24 NL/g/h,10.1126/sciadv.1701290,"13% ZnO-ZrO2 [SI Figure S17A, 240 °C]",0.0658738,0.008,0.96,0.04,3.46945e-17,240,20,3,1536.26,1532.4,1527.31,1747.34,997.166,1427.25,1786.05,1743.49,2341.07,1204.39,0.005,0.005,0.005,0.005,0.005,0.005,0.005,0.005,0.005,0.005
10.1126/sciadv.1701290 | 20 bar | H2/CO2 3 | 24 NL/g/h,10.1126/sciadv.1701290,"13% ZnO-ZrO2 [SI Figure S17A, 220 °C]",0.0252173,0.003,0.98,0.02,1.73472e-17,220,20,3,2580.93,2597.58,2584.29,3119.6,1703.22,2412.11,3189.71,3136.25,4637.11,2258.54,0.005,0.005,0.005,0.005,0.005,0.005,0.005,0.005,0.005,0.005
10.1126/sciadv.1701290 | 20 bar | H2/CO2 3 | 33 NL/g/h,10.1126/sciadv.1701290,"13% ZnO-ZrO2 [SI Figure S2, GHSV=33000]",0.707629,0.075,0.8,0.2,0,330,20,3,943.091,927.697,927.223,974.581,586.203,864.426,986.192,959.186,1053.33,602.297,0.005,0.005,0.005,0.005,0.005,0.005,0.005,0.005,0.005,0.005
10.1126/sciadv.1701290 | 20 bar | H2/CO2 3 | 6 NL/g/h,10.1126/sciadv.1701290,"13% ZnO-ZrO2 [SI Figure S2, GHSV=6000]",0.0964948,0.1,0.45,0.55,0,330,20,3,917.593,909.698,906.224,938.74,572.295,843.086,947.733,930.845,995.1,585.548,0.005,0.005,0.005,0.005,0.005,0.005,0.005,0.005,0.005,0.005
10.1126/sciadv.1701290 | 20 bar | H2/CO2 4 | 24 NL/g/h,10.1126/sciadv.1701290,"13% ZnO-ZrO2 [SI Figure S2, H2/CO2=4/1]",0.535225,0.1,0.78,0.22,0,330,20,4,928.553,913.54,912.914,955.847,575.171,852.896,966.444,940.834,1022.89,587.452,0.005,0.005,0.005,0.005,0.005,0.005,0.005,0.005,0.005,0.005
10.1126/sciadv.1701290 | 30 bar | H2/CO2 3 | 24 NL/g/h,10.1126/sciadv.1701290,"13% ZnO-ZrO2 [SI Figure S2, p=3 MPa]",0.720495,0.105,0.8,0.2,0,330,30,3,896.416,881,880.535,909.194,552.521,822.236,918.239,893.778,936.077,549.883,0.005,0.005,0.005,0.005,0.005,0.005,0.005,0.005,0.005,0.005
10.1126/sciadv.1701290 | 40 bar | H2/CO2 3 | 24 NL/g/h,10.1126/sciadv.1701290,"13% ZnO-ZrO2 [SI Figure S2, p=4 MPa]",0.879175,0.125,0.82,0.18,0,330,40,3,888.798,873.172,872.791,896.399,549.187,816.172,904.223,880.773,908.28,541.162,0.005,0.005,0.005,0.005,0.005,0.005,0.005,0.005,0.005,0.005
10.1126/sciadv.1701290 | 50 bar | H2/CO2 3 | 24 NL/g/h,10.1126/sciadv.1701290,"13% ZnO-ZrO2 [SI Figure S2, p=5 MPa]",1.00869,0.14,0.84,0.16,0,330,50,3,885.753,870.005,869.673,891.032,548.358,813.953,898.133,875.284,896.001,537.889,0.005,0.005,0.005,0.005,0.005,0.005,0.005,0.005,0.005,0.005
10.1126/sciadv.1701290 | 50 bar | H2/CO2 3 | 24 NL/g/h,10.1126/sciadv.1701290,"13% ZnO-ZrO2 [Figure 1C, stability last point]",0.776817,0.106,0.89,0.11,0,320,50,3,905.058,889.558,889.127,912.324,562.016,831.47,921.126,896.824,924.431,553.781,0.005,0.005,0.005,0.005,0.005,0.005,0.005,0.005,0.005,0.005
10.1126/sciadv.1701290 | 50 bar | H2/CO2 3 | 24 NL/g/h,10.1126/sciadv.1701290,"13% ZnO-ZrO2 [Figure 1C, stability first point]",0.75936,0.106,0.87,0.13,0,320,50,3,905.143,889.668,889.226,912.409,562.101,831.555,921.211,896.933,924.541,553.891,0.005,0.005,0.005,0.005,0.005,0.005,0.005,0.005,0.005,0.005
10.1126/sciadv.1701290 | 50 bar | H2/CO2 3 | 24 NL/g/h,10.1126/sciadv.1701290,"13% ZnO-ZrO2 [Figure 1B, H2/CO2=3:1, 340°C]",0.752938,0.127,0.72,0.28,0,340,50,3,894.647,879.182,878.736,900.726,554.89,821.953,908.536,885.26,908.773,545.503,0.005,0.005,0.005,0.005,0.005,0.005,0.005,0.005,0.005,0.005
10.1126/sciadv.1701290 | 50 bar | H2/CO2 3 | 24 NL/g/h,10.1126/sciadv.1701290,"17% ZnO-ZrO2 [Figure 1A, Zn/(Zn+Zr)=17%]",0.738116,0.108,0.83,0.17,0,320,50,3,903.666,888.222,887.768,910.763,561.111,830.244,919.429,895.32,922.352,552.765,0.005,0.005,0.005,0.005,0.005,0.005,0.005,0.005,0.005,0.005
10.1126/sciadv.1701290 | 50 bar | H2/CO2 3 | 24 NL/g/h,10.1126/sciadv.1701290,"13% ZnO-ZrO2 [Text/Fig. 1B, 13% ZnO-ZrO2, 320°C, H2/CO2 = 3:1]",0.708143,0.1,0.86,0.14,0,320,50,3,910.661,895.265,894.792,918.481,566.001,836.512,927.726,903.085,932.588,558.425,0.005,0.005,0.005,0.005,0.005,0.005,0.005,0.005,0.005,0.005
10.1126/sciadv.1701290 | 50 bar | H2/CO2 3 | 24 NL/g/h,10.1126/sciadv.1701290,"20% ZnO-ZrO2 [Figure 1A, Zn/(Zn+Zr)=20%]",0.675206,0.1,0.82,0.18,0,320,50,3,910.85,895.512,895.016,918.67,566.19,836.701,927.916,903.332,932.835,558.672,0.005,0.005,0.005,0.005,0.005,0.005,0.005,0.005,0.005,0.005
10.1126/sciadv.1701290 | 50 bar | H2/CO2 3 | 24 NL/g/h,10.1126/sciadv.1701290,"13% ZnO-ZrO2 [Figure 1B, H2/CO2=3:1, 360°C]",0.659397,0.154,0.52,0.48,0,360,50,3,885.249,869.941,869.433,890.234,548.532,813.432,897.065,874.926,894.606,538.209,0.005,0.005,0.005,0.005,0.005,0.005,0.005,0.005,0.005,0.005
10.1126/sciadv.1701290 | 50 bar | H2/CO2 3 | 24 NL/g/h,10.1126/sciadv.1701290,"10% ZnO-ZrO2 [Figure 1A, Zn/(Zn+Zr)=10%]",0.657009,0.101,0.79,0.21,0,320,50,3,910.03,894.726,894.216,917.752,565.657,835.981,926.919,902.448,931.616,558.076,0.005,0.005,0.005,0.005,0.005,0.005,0.005,0.005,0.005,0.005
10.1126/sciadv.1701290 | 50 bar | H2/CO2 3 | 24 NL/g/h,10.1126/sciadv.1701290,"25% ZnO-ZrO2 [Figure 1A, Zn/(Zn+Zr)=25%]",0.62119,0.092,0.82,0.18,0,320,50,3,919.617,904.387,903.848,928.324,572.353,844.549,938.256,913.094,945.605,565.83,0.005,0.005,0.005,0.005,0.005,0.005,0.005,0.005,0.005,0.005
10.1126/sciadv.1701290 | 50 bar | H2/CO2 3 | 24 NL/g/h,10.1126/sciadv.1701290,"13% ZnO-ZrO2 [Figure 1B, H2/CO2=3:1, 300°C]",0.487054,0.065,0.91,0.09,0,300,50,3,959.45,944.592,943.904,972.39,599.911,880.412,985.305,957.531,1004.13,597.992,0.005,0.005,0.005,0.005,0.005,0.005,0.005,0.005,0.005,0.005
10.1126/sciadv.1701290 | 50 bar | H2/CO2 3 | 24 NL/g/h,10.1126/sciadv.1701290,"33% ZnO-ZrO2 [Figure 1A, Zn/(Zn+Zr)=33%]",0.469186,0.074,0.77,0.23,0,320,50,3,949.522,934.729,934.015,961.217,593.341,871.169,973.296,946.424,988.919,590.243,0.005,0.005,0.005,0.005,0.005,0.005,0.005,0.005,0.005,0.005
10.1126/sciadv.1701290 | 50 bar | H2/CO2 3 | 24 NL/g/h,10.1126/sciadv.1701290,"5% ZnO-ZrO2 [Figure 1A, Zn/(Zn+Zr)=5%]",0.389973,0.074,0.64,0.36,0,320,50,3,950.503,936.073,935.213,962.198,594.322,872.15,974.277,947.768,990.262,591.587,0.005,0.005,0.005,0.005,0.005,0.005,0.005,0.005,0.005,0.005
10.1126/sciadv.1701290 | 50 bar | H2/CO2 3 | 24 NL/g/h,10.1126/sciadv.1701290,"13% ZnO-ZrO2 [Figure 1B, H2/CO2=3:1, 380°C]",0.35613,0.173,0.25,0.75,0,380,50,3,883.883,869.657,868.715,888.365,548.519,812.397,894.719,874.139,892.031,538.775,0.005,0.005,0.005,0.005,0.005,0.005,0.005,0.005,0.005,0.005
10.1126/sciadv.1701290 | 50 bar | H2/CO2 3 | 24 NL/g/h,10.1126/sciadv.1701290,"13% ZnO-ZrO2 [Figure 1B, H2/CO2=3:1, 280°C]",0.294127,0.038,0.94,0.06,0,280,50,3,1008.57,994.841,993.701,1027.63,633.074,927.363,1044.32,1013.9,1080.37,638.407,0.005,0.005,0.005,0.005,0.005,0.005,0.005,0.005,0.005,0.005
10.1126/sciadv.1701290 | 50 bar | H2/CO2 3 | 24 NL/g/h,10.1126/sciadv.1701290,"50% ZnO-ZrO2 [Figure 1A, Zn/(Zn+Zr)=50%]",0.293962,0.051,0.7,0.3,0,320,50,3,1041.56,1027.83,1026.69,1062.44,657.102,951.983,1080.16,1048.71,1121.01,664.258,0.005,0.005,0.005,0.005,0.005,0.005,0.005,0.005,0.005,0.005
10.1126/sciadv.1701290 | 50 bar | H2/CO2 3 | 24 NL/g/h,10.1126/sciadv.1701290,"67% ZnO-ZrO2 [Figure 1A, Zn/(Zn+Zr)=67%]",0.177859,0.036,0.6,0.4,0,320,50,3,1263.63,1251.77,1249.88,1306.7,808.654,1144.15,1335.26,1294.83,1436.54,839.853,0.005,0.005,0.005,0.005,0.005,0.005,0.005,0.005,0.005,0.005
10.1126/sciadv.1701290 | 50 bar | H2/CO2 3 | 24 NL/g/h,10.1126/sciadv.1701290,"13% ZnO-ZrO2 [Figure 1B, H2/CO2=3:1, 260°C]",0.158097,0.02,0.96,0.04,0,260,50,3,1118.5,1107.22,1105.1,1151.23,706.271,1031.02,1175.06,1139.95,1249.61,727.723,0.005,0.005,0.005,0.005,0.005,0.005,0.005,0.005,0.005,0.005
10.1126/sciadv.1701290 | 50 bar | H2/CO2 3 | 24 NL/g/h,10.1126/sciadv.1701290,"80% ZnO-ZrO2 [Figure 1A, Zn/(Zn+Zr)=80%]",0.112974,0.028,0.49,0.51,0,320,50,3,1565.33,1556.17,1553.2,1639.36,1011.69,1405.11,1680.3,1630.19,1866.23,1076.56,0.005,0.005,0.005,0.005,0.005,0.005,0.005,0.005,0.005,0.005
10.1126/sciadv.1701290 | 50 bar | H2/CO2 3 | 24 NL/g/h,10.1126/sciadv.1701290,"13% ZnO-ZrO2 [Figure 1B, H2/CO2=3:1, 240°C]",0.104904,0.013,0.98,0.02,0,240,50,3,1236.68,1228.08,1224.89,1284.36,783.852,1142.11,1314.93,1275.77,1431.68,822.944,0.005,0.005,0.005,0.005,0.005,0.005,0.005,0.005,0.005,0.005
10.1126/sciadv.1701290 | 50 bar | H2/CO2 3 | 24 NL/g/h,10.1126/sciadv.1701290,"13% ZnO-ZrO2 [Figure 1B, H2/CO2=3:1, 220°C]",0.0652151,0.008,0.99,0.01,0,220,50,3,1455.37,1451.64,1446.5,1530.74,926.085,1346.14,1572.19,1527.01,1767.1,997.72,0.005,0.005,0.005,0.005,0.005,0.005,0.005,0.005,0.005,0.005
10.1126/sciadv.1701290 | 50 bar | H2/CO2 3 | 24 NL/g/h,10.1126/sciadv.1701290,"ZnO [Figure 1A, Zn/(Zn+Zr)=100%]",0.0492407,0.023,0.26,0.74,0,320,50,3,2606.52,2606.96,2600.16,2787.24,1705.22,2296.66,2862.01,2787.68,3340.71,1886.38,0.005,0.005,0.005,0.005,0.005,0.005,0.005,0.005,0.005,0.005
10.1126/sciadv.1701290 | 50 bar | H2/CO2 3 | 24 NL/g/h,10.1126/sciadv.1701290,"13% ZnO-ZrO2 [Figure 1B, H2/CO2=3:1, 200°C]",0.0329369,0.004,1,0,0,200,50,3,2012.81,2021.68,2011.5,2159.81,1283.68,1864.5,2224.8,2168.67,2622.34,1439.54,0.005,0.005,0.005,0.005,0.005,0.005,0.005,0.005,0.005,0.005
10.1126/sciadv.1701290 | 50 bar | H2/CO2 3 | 24 NL/g/h,10.1126/sciadv.1701290,"ZrO2 [Figure 1A, Zn/(Zn+Zr)=0%]",0.00395243,0.004,0.12,0.88,0,320,50,3,12287.2,12482.7,12397.9,13690.5,7790.98,11065.1,14009.9,13885.9,17941.7,9389.67,0.005,0.005,0.005,0.005,0.005,0.005,0.005,0.005,0.005,0.005
10.1126/sciadv.1701290 | 50 bar | H2/CO2 4 | 24 NL/g/h,10.1126/sciadv.1701290,"13% ZnO-ZrO2 [Figure 1B, H2/CO2=4:1, 340°C]",0.720046,0.138,0.8,0.2,0,340,50,4,904.17,888.755,888.289,911.165,560.854,831.393,919.747,895.75,922.432,552.434,0.005,0.005,0.005,0.005,0.005,0.005,0.005,0.005,0.005,0.005
10.1126/sciadv.1701290 | 50 bar | H2/CO2 4 | 24 NL/g/h,10.1126/sciadv.1701290,"13% ZnO-ZrO2 [Figure 1B, H2/CO2=4:1, 360°C]",0.663173,0.164,0.62,0.38,0,360,50,4,894.402,879.087,878.581,900.288,554.329,822.379,907.931,884.973,907.816,544.9,0.005,0.005,0.005,0.005,0.005,0.005,0.005,0.005,0.005,0.005
10.1126/sciadv.1701290 | 50 bar | H2/CO2 4 | 24 NL/g/h,10.1126/sciadv.1701290,"13% ZnO-ZrO2 [Figure 1B, H2/CO2=4:1, 320°C]",0.638519,0.11,0.89,0.11,0,320,50,4,921.714,906.447,905.922,930.577,572.868,847.575,940.627,915.311,948.351,566.465,0.005,0.005,0.005,0.005,0.005,0.005,0.005,0.005,0.005,0.005
10.1126/sciadv.1701290 | 50 bar | H2/CO2 4 | 24 NL/g/h,10.1126/sciadv.1701290,"13% ZnO-ZrO2 [Text/Fig. 1B, 13% ZnO-ZrO2, 315°C, H2/CO2 = 4:1]",0.593516,0.1,0.91,0.09,0,315,50,4,931.428,916.261,915.696,941.304,579.531,856.455,952.104,926.137,962.582,574.24,0.005,0.005,0.005,0.005,0.005,0.005,0.005,0.005,0.005,0.005
10.1126/sciadv.1701290 | 50 bar | H2/CO2 4 | 24 NL/g/h,10.1126/sciadv.1701290,"13% ZnO-ZrO2 [Figure 1B, H2/CO2=4:1, 300°C]",0.502728,0.082,0.94,0.06,0,300,50,4,950.839,935.927,935.26,962.826,592.714,874.496,975.104,947.914,991.374,589.788,0.005,0.005,0.005,0.005,0.005,0.005,0.005,0.005,0.005,0.005
10.1126/sciadv.1701290 | 50 bar | H2/CO2 4 | 24 NL/g/h,10.1126/sciadv.1701290,"13% ZnO-ZrO2 [Figure 1B, H2/CO2=4:1, 380°C]",0.450812,0.192,0.36,0.64,0,380,50,4,888.263,873.543,872.8,893.288,550.699,816.83,900.156,878.568,898.389,541.004,0.005,0.005,0.005,0.005,0.005,0.005,0.005,0.005,0.005,0.005
10.1126/sciadv.1701290 | 50 bar | H2/CO2 4 | 24 NL/g/h,10.1126/sciadv.1701290,"13% ZnO-ZrO2 [Figure 1B, H2/CO2=4:1, 280°C]",0.338109,0.054,0.96,0.04,0,280,50,4,984.115,970.015,969.023,1000.2,614.701,907.226,1015.11,986.097,1042.95,616.682,0.005,0.005,0.005,0.005,0.005,0.005,0.005,0.005,0.005,0.005
10.1126/sciadv.1701290 | 50 bar | H2/CO2 4 | 24 NL/g/h,10.1126/sciadv.1701290,"13% ZnO-ZrO2 [Figure 1B, H2/CO2=4:1, 260°C]",0.177142,0.028,0.97,0.03,0,260,50,4,1091.28,1079.44,1077.54,1120.12,685.072,1009.52,1142.03,1108.27,1205.73,702.056,0.005,0.005,0.005,0.005,0.005,0.005,0.005,0.005,0.005,0.005
10.1126/sciadv.1701290 | 50 bar | H2/CO2 4 | 24 NL/g/h,10.1126/sciadv.1701290,"13% ZnO-ZrO2 [Figure 1B, H2/CO2=4:1, 240°C]",0.0968541,0.015,0.99,0.01,0,240,50,4,1270.58,1262.65,1259.19,1321.31,800.523,1180.47,1353.16,1313.38,1478.65,843.33,0.005,0.005,0.005,0.005,0.005,0.005,0.005,0.005,0.005,0.005
10.1126/sciadv.1701290 | 50 bar | H2/CO2 4 | 24 NL/g/h,10.1126/sciadv.1701290,"13% ZnO-ZrO2 [Figure 1B, H2/CO2=4:1, 220°C]",0.0581124,0.009,0.99,0.01,0,220,50,4,1537.87,1535.71,1529.94,1621.44,970.613,1433.47,1665.87,1619.28,1884.09,1052.03,0.005,0.005,0.005,0.005,0.005,0.005,0.005,0.005,0.005,0.005
10.1126/sciadv.1701290 | 50 bar | H2/CO2 4 | 24 NL/g/h,10.1126/sciadv.1701290,"13% ZnO-ZrO2 [Figure 1B, H2/CO2=4:1, 200°C]",0.0326108,0.005,1,0,0,200,50,4,2045.14,2054.26,2043.98,2192.17,1288.94,1913.47,2257.18,2201.29,2655.07,1445.09,0.005,0.005,0.005,0.005,0.005,0.005,0.005,0.005,0.005,0.005
10.1126/sciadv.aaz2060 | 50 bar | H2/CO2 1 | 9 NL/g/h,10.1126/sciadv.aaz2060,"h–In2O3-R [Fig. 5D, h–In2O3-R, H2/CO2 = 1]",0.12176,0.03,0.77,0.23,0,300,50,1,991.875,982.178,979.425,1008.07,632.207,901.672,1023.04,998.37,1055.58,638.702,0.005,0.005,0.005,0.005,0.005,0.005,0.005,0.005,0.005,0.005
10.1126/sciadv.aaz2060 | 50 bar | H2/CO2 2 | 9 NL/g/h,10.1126/sciadv.aaz2060,"h–In2O3-R [Fig. 5D, h–In2O3-R, H2/CO2 = 2]",0.185844,0.055,0.82,0.18,0,300,50,2,950.715,938.645,936.841,962.26,597.743,871.103,974.237,950.19,992.19,597.218,0.005,0.005,0.005,0.005,0.005,0.005,0.005,0.005,0.005,0.005
10.1126/sciadv.aaz2060 | 50 bar | H2/CO2 3 | 20 NL/g/h,10.1126/sciadv.aaz2060,"h–In2O3-R [SI Table S2 row h–In2O3-R, H2/CO2=3]",0.333237,0.051,0.951,0.049,0,300,50,3,967.925,953.86,952.854,982.196,605.733,889.901,995.977,968.132,1019.1,605.94,0.005,0.005,0.005,0.005,0.005,0.005,0.005,0.005,0.005,0.005
10.1126/sciadv.aaz2060 | 50 bar | H2/CO2 3 | 9 NL/g/h,10.1126/sciadv.aaz2060,"c–In2O3-S [Fig. 5A, c–In2O3-S, standard conditions, 44 h]",0.265949,0.12,0.719,0.281,0,300,50,3,898.044,884.616,883.356,904.037,558.804,825.928,911.772,890.609,913.821,551.368,0.005,0.005,0.005,0.005,0.005,0.005,0.005,0.005,0.005,0.005
10.1126/sciadv.aaz2060 | 50 bar | H2/CO2 3 | 9 NL/g/h,10.1126/sciadv.aaz2060,"h–In2O3-R [Fig. 5D, h–In2O3-R, H2/CO2 = 3]",0.19866,0.075,0.85,0.15,0,300,50,3,943.89,931.529,929.842,954.564,591.093,867.268,965.934,942.203,981.309,589.406,0.005,0.005,0.005,0.005,0.005,0.005,0.005,0.005,0.005,0.005
10.1126/sciadv.aaz2060 | 50 bar | H2/CO2 3.04 | 11.2 NL/g/h,10.1126/sciadv.aaz2060,"h–In2O3-R [SI Figure S5A h–In2O3-R, WHSV 11250]",0.233907,0.068,0.88,0.12,0,300,50,3.04167,958.076,945.08,943.647,970.387,600.338,879.794,982.884,957.391,1001.92,599.653,0.005,0.005,0.005,0.005,0.005,0.005,0.005,0.005,0.005,0.005
10.1126/sciadv.aaz2060 | 50 bar | H2/CO2 3.04 | 13.5 NL/g/h,10.1126/sciadv.aaz2060,"h–In2O3-R [SI Figure S5A h–In2O3-R, WHSV 13500]",0.269153,0.062,0.92,0.08,0,300,50,3.04167,968.352,954.886,953.641,981.932,606.961,888.98,995.267,968.466,1017.17,607.075,0.005,0.005,0.005,0.005,0.005,0.005,0.005,0.005,0.005,0.005
10.1126/sciadv.aaz2060 | 50 bar | H2/CO2 3.04 | 4.5 NL/g/h,10.1126/sciadv.aaz2060,"h–In2O3-R [SI Figure S5A h–In2O3-R, WHSV 4500]",0.108943,0.1,0.72,0.28,0,300,50,3.04167,920.56,911.673,908.596,928.082,576.904,847.104,937.092,919.195,947.683,575.539,0.005,0.005,0.005,0.005,0.005,0.005,0.005,0.005,0.005,0.005
10.1126/sciadv.aaz2060 | 50 bar | H2/CO2 3.04 | 6.75 NL/g/h,10.1126/sciadv.aaz2060,"h–In2O3-R [SI Figure S5A h–In2O3-R, WHSV 6750]",0.150597,0.085,0.79,0.21,0,300,50,3.04167,932.594,921.579,919.353,941.787,584.082,857.532,952.086,930.773,964.927,582.261,0.005,0.005,0.005,0.005,0.005,0.005,0.005,0.005,0.005,0.005
10.1126/sciadv.aaz2060 | 50 bar | H2/CO2 3.04 | 9 NL/g/h,10.1126/sciadv.aaz2060,"h–In2O3-R [Fig. 5B/C, h–In2O3-R, 360°C, standard feed]",0.349036,0.154,0.734,0.266,0,360,50,3.04167,888.998,874.82,873.86,894.041,552.081,817.153,900.926,879.863,899.747,542.946,0.005,0.005,0.005,0.005,0.005,0.005,0.005,0.005,0.005,0.005
10.1126/sciadv.aaz2060 | 50 bar | H2/CO2 3.04 | 9 NL/g/h,10.1126/sciadv.aaz2060,"h–In2O3-R [Fig. 5B/C, h–In2O3-R, 340°C, standard feed]",0.297204,0.125,0.77,0.23,0,340,50,3.04167,901.24,887.48,886.352,907.513,560.875,828.386,915.49,893.753,917.942,553.389,0.005,0.005,0.005,0.005,0.005,0.005,0.005,0.005,0.005,0.005
10.1126/sciadv.aaz2060 | 50 bar | H2/CO2 3.04 | 9 NL/g/h,10.1126/sciadv.aaz2060,"c–In2O3-S [Fig. 5B/C, c–In2O3-S, 320°C, standard feed]",0.285316,0.165,0.56,0.44,0,320,50,3.04167,882.659,869.017,867.842,886.986,547.956,811.814,893.191,873.345,890.685,538.642,0.005,0.005,0.005,0.005,0.005,0.005,0.005,0.005,0.005,0.005
10.1126/sciadv.aaz2060 | 50 bar | H2/CO2 3.04 | 9 NL/g/h,10.1126/sciadv.aaz2060,"c–In2O3-S [Fig. 5B/C, c–In2O3-S, 340°C, standard feed]",0.269877,0.23,0.38,0.62,0,340,50,3.04167,871.241,857.767,856.525,874.273,540.062,801.345,879.127,860.799,873.419,529.62,0.005,0.005,0.005,0.005,0.005,0.005,0.005,0.005,0.005,0.005
10.1126/sciadv.aaz2060 | 50 bar | H2/CO2 3.04 | 9 NL/g/h,10.1126/sciadv.aaz2060,"h–In2O3-R [Fig. 5B/C, h–In2O3-R, 320°C, standard feed]",0.215222,0.085,0.82,0.18,0,320,50,3.04167,936.2,923.515,921.957,945.983,585.687,860.038,956.714,933.297,969.427,582.784,0.005,0.005,0.005,0.005,0.005,0.005,0.005,0.005,0.005,0.005
10.1126/sciadv.aaz2060 | 50 bar | H2/CO2 3.04 | 9 NL/g/h,10.1126/sciadv.aaz2060,"h–In2O3-R [Fig. 5E/text, h–In2O3-R stability, initial]",0.20389,0.093,0.71,0.29,0,300,50,3.04167,920.746,908.277,906.633,928.965,575.075,846.633,938.523,916.496,947.356,570.825,0.005,0.005,0.005,0.005,0.005,0.005,0.005,0.005,0.005,0.005
10.1126/sciadv.aaz2060 | 50 bar | H2/CO2 3.04 | 9 NL/g/h,10.1126/sciadv.aaz2060,"c–In2O3-S [Fig. 5B/C, c–In2O3-S, 300°C, standard feed]",0.200092,0.09,0.72,0.28,0,300,50,3.04167,924.073,911.682,910.006,932.632,577.413,849.632,942.451,920.241,952.253,573.582,0.005,0.005,0.005,0.005,0.005,0.005,0.005,0.005,0.005,0.005
10.1126/sciadv.aaz2060 | 50 bar | H2/CO2 3.04 | 9 NL/g/h,10.1126/sciadv.aaz2060,"h–In2O3-R [Fig. 5A, h–In2O3-R, standard conditions, 44 h]",0.197776,0.075,0.854,0.146,0,300,50,3.04167,945.169,932.827,931.132,955.969,591.927,868.48,967.428,943.627,983.154,590.385,0.005,0.005,0.005,0.005,0.005,0.005,0.005,0.005,0.005,0.005
10.1126/sciadv.aaz2060 | 50 bar | H2/CO2 3.04 | 9 NL/g/h,10.1126/sciadv.aaz2060,"h–In2O3-R [Fig. 5B/C, h–In2O3-R, 300°C, standard feed]",0.197776,0.075,0.854,0.146,0,300,50,3.04167,945.169,932.827,931.132,955.969,591.927,868.48,967.428,943.627,983.154,590.385,0.005,0.005,0.005,0.005,0.005,0.005,0.005,0.005,0.005,0.005
10.1126/sciadv.aaz2060 | 50 bar | H2/CO2 3.04 | 9 NL/g/h,10.1126/sciadv.aaz2060,"h–In2O3-R [Fig. 5E/text, h–In2O3-R stability, 44 h]",0.196849,0.075,0.85,0.15,0,300,50,3.04167,945.208,932.886,931.184,956.008,591.967,868.52,967.468,943.686,983.213,590.445,0.005,0.005,0.005,0.005,0.005,0.005,0.005,0.005,0.005,0.005
10.1126/sciadv.aaz2060 | 50 bar | H2/CO2 3.04 | 9 NL/g/h,10.1126/sciadv.aaz2060,"c–In2O3-S [Fig. 5B/C, c–In2O3-S, 280°C, standard feed]",0.177242,0.07,0.82,0.18,0,280,50,3.04167,947.201,935.35,933.459,958.272,593.47,870.822,969.923,946.421,986.852,592.691,0.005,0.005,0.005,0.005,0.005,0.005,0.005,0.005,0.005,0.005
10.1126/sciadv.aaz2060 | 50 bar | H2/CO2 3.04 | 9 NL/g/h,10.1126/sciadv.aaz2060,"h–In2O3-R [Fig. 5B/C, h–In2O3-R, 280°C, standard feed]",0.157943,0.055,0.93,0.07,0,280,50,3.04167,978.361,967.087,964.965,992.82,614.905,899.113,1006.72,981.547,1033.12,618.091,0.005,0.005,0.005,0.005,0.005,0.005,0.005,0.005,0.005,0.005
10.1126/sciadv.aaz2060 | 50 bar | H2/CO2 3.04 | 9 NL/g/h,10.1126/sciadv.aaz2060,"c–In2O3-S [Fig. 5B/C, c–In2O3-S, 260°C, standard feed]",0.154546,0.055,0.91,0.09,0,260,50,3.04167,974.406,963.249,961.081,988.491,612.211,895.817,1002.15,977.335,1027.69,615.139,0.005,0.005,0.005,0.005,0.005,0.005,0.005,0.005,0.005,0.005
10.1126/sciadv.aaz2060 | 50 bar | H2/CO2 3.04 | 9 NL/g/h,10.1126/sciadv.aaz2060,"c–In2O3-S [Fig. 5B/C, c–In2O3-S, 360°C, standard feed]",0.153898,0.28,0.178,0.822,0,360,50,3.04167,870.778,859.644,857.466,873.245,541.101,801.26,877.445,862.111,872.612,532.434,0.005,0.005,0.005,0.005,0.005,0.005,0.005,0.005,0.005,0.005
10.1126/sciadv.aaz2060 | 50 bar | H2/CO2 3.04 | 9 NL/g/h,10.1126/sciadv.aaz2060,"c–In2O3-S [Fig. 5B/C, c–In2O3-S, 240°C, standard feed]",0.133255,0.045,0.959,0.041,0,240,50,3.04167,985.883,975.592,973.077,1001.57,619.966,907.621,1016.25,991.283,1046.87,625.367,0.005,0.005,0.005,0.005,0.005,0.005,0.005,0.005,0.005,0.005
10.1126/sciadv.aaz2060 | 50 bar | H2/CO2 3.04 | 9 NL/g/h,10.1126/sciadv.aaz2060,"h–In2O3-R [Fig. 5B/C, h–In2O3-R, 260°C, standard feed]",0.118573,0.04,0.96,0.04,0,260,50,3.04167,1000.7,991.19,988.363,1018.1,630.178,921.59,1033.81,1008.59,1069.7,638.064,0.005,0.005,0.005,0.005,0.005,0.005,0.005,0.005,0.005,0.005
10.1126/sciadv.aaz2060 | 50 bar | H2/CO2 3.04 | 9 NL/g/h,10.1126/sciadv.aaz2060,"c–In2O3-P [Fig. 5A, c–In2O3-P, standard conditions, 44 h]",0.105604,0.045,0.76,0.24,0,300,50,3.04167,1067.76,1059.12,1055.94,1090.73,677.439,977.112,1109.6,1082.09,1161.04,691.769,0.005,0.005,0.005,0.005,0.005,0.005,0.005,0.005,0.005,0.005
10.1126/sciadv.aaz2060 | 50 bar | H2/CO2 3.04 | 9 NL/g/h,10.1126/sciadv.aaz2060,"h–In2O3-L [Fig. 5A, h–In2O3-L, standard conditions, 44 h]",0.104214,0.045,0.75,0.25,0,300,50,3.04167,1067.92,1059.39,1056.17,1090.9,677.603,977.276,1109.76,1082.36,1161.31,692.038,0.005,0.005,0.005,0.005,0.005,0.005,0.005,0.005,0.005,0.005
10.1126/sciadv.aaz2060 | 50 bar | H2/CO2 3.04 | 9 NL/g/h,10.1126/sciadv.aaz2060,"h–In2O3-R [Fig. 5B/C, h–In2O3-R, 240°C, standard feed]",0.0967357,0.032,0.979,0.021,0,240,50,3.04167,1024.18,1016.26,1012.8,1044.53,646.154,944.516,1061.95,1036.61,1107.22,658.589,0.005,0.005,0.005,0.005,0.005,0.005,0.005,0.005,0.005,0.005
10.1126/sciadv.aaz2060 | 50 bar | H2/CO2 4 | 20 NL/g/h,10.1126/sciadv.aaz2060,"h–In2O3-R [SI Table S2 row h–In2O3-R, H2/CO2=4]",0.365279,0.067,0.995,0.005,0,300,50,4,943.557,929.272,928.354,955.313,587.377,870.455,967.438,941.028,983.731,584.849,0.005,0.005,0.005,0.005,0.005,0.005,0.005,0.005,0.005,0.005
10.1126/sciadv.aaz2060 | 50 bar | H2/CO2 4 | 9 NL/g/h,10.1126/sciadv.aaz2060,"h–In2O3-R [Fig. 5D, h–In2O3-R, H2/CO2 = 4]",0.214681,0.1,0.88,0.12,0,300,50,4,932.865,920.189,918.628,942.338,582.353,858.635,952.842,929.662,964.753,579.15,0.005,0.005,0.005,0.005,0.005,0.005,0.005,0.005,0.005,0.005
10.1126/sciadv.aaz2060 | 50 bar | H2/CO2 6 | 9 NL/g/h,10.1126/sciadv.aaz2060,"h–In2O3-R [Fig. 5D/text, h–In2O3-R, H2/CO2 = 6]",0.288378,0.176,0.924,0.076,0,300,50,6,907.598,893.925,892.763,914.519,563.628,836.56,923.04,900.846,927.272,556.875,0.005,0.005,0.005,0.005,0.005,0.005,0.005,0.005,0.005,0.005
10.1126/sciadv.abi6012 | 20 bar | H2/CO2 3 | 12 NL/g/h,10.1126/sciadv.abi6012,"InNi3C0.5/m-ZrO2 [SI Figure S5B, 2.0 MPa]",0.171546,0.05,0.8,0.199,0.001,300,20,3,1023.21,1011.52,1009.56,1073.61,645.136,937.902,1089.27,1061.92,1210.08,683.842,0.005,0.005,0.005,0.005,0.005,0.005,0.005,0.005,0.005,0.005
10.1126/sciadv.abi6012 | 25 bar | H2/CO2 3 | 12 NL/g/h,10.1126/sciadv.abi6012,"InNi3C0.5/m-ZrO2 [SI Figure S5B, 2.5 MPa]",0.205856,0.06,0.8,0.199,0.001,300,25,3,972.064,959.556,957.928,1002.02,607.656,891.484,1015.78,989.512,1081.77,625.104,0.005,0.005,0.005,0.005,0.005,0.005,0.005,0.005,0.005,0.005
10.1126/sciadv.abi6012 | 30 bar | H2/CO2 3 | 12 NL/g/h,10.1126/sciadv.abi6012,"InNi3C0.5/m-ZrO2 [SI Figure S5B, 3.0 MPa]",0.236219,0.068,0.81,0.189,0.001,300,30,3,946.894,933.862,932.443,967.587,589.343,868.629,980.034,954.555,1021.08,597.005,0.005,0.005,0.005,0.005,0.005,0.005,0.005,0.005,0.005,0.005
10.1126/sciadv.abi6012 | 35 bar | H2/CO2 3 | 12 NL/g/h,10.1126/sciadv.abi6012,"InNi3C0.5/m-ZrO2 [SI Figure S5B, 3.5 MPa]",0.295446,0.083,0.83,0.169,0.001,300,35,3,922.556,908.813,907.679,936.112,573.201,847.129,946.619,922.369,968.176,573.015,0.005,0.005,0.005,0.005,0.005,0.005,0.005,0.005,0.005,0.005
10.1126/sciadv.abi6012 | 40 bar | H2/CO2 10 | 116 NL/g/h,10.1126/sciadv.abi6012,InNi3C0.5/Fe3O4 [SI Table S7 row 7 InNi3C0.5/Fe3O4],2.23,0.161,0.925,0.074,0.001,325,40,10,955.078,938.875,938.724,971.36,589.745,881.221,984.358,955.157,1010.62,589.824,0.005,0.005,0.005,0.005,0.005,0.005,0.005,0.005,0.005,0.005
10.1126/sciadv.abi6012 | 40 bar | H2/CO2 3 | 12 NL/g/h,10.1126/sciadv.abi6012,"InNi3C0.5/Fe3O4 [Figure 5E, InNi3C0.5/Fe3O4, last point]",0.441903,0.112,0.92,0.08,0,300,40,3,894.884,880.202,879.443,903.035,554.237,822.245,911.235,888.352,917.673,547.705,0.005,0.005,0.005,0.005,0.005,0.005,0.005,0.005,0.005,0.005
10.1126/sciadv.abi6012 | 40 bar | H2/CO2 3 | 12 NL/g/h,10.1126/sciadv.abi6012,"InNi3C0.5/m-ZrO2 [SI Figure S5A, H2/CO2=3/1, 350 °C]",0.424577,0.165,0.6,0.4,0,350,40,3,877.384,862.779,861.989,883.011,542.149,806.045,889.395,868.406,889.313,533.171,0.005,0.005,0.005,0.005,0.005,0.005,0.005,0.005,0.005,0.005
10.1126/sciadv.abi6012 | 40 bar | H2/CO2 3 | 12 NL/g/h,10.1126/sciadv.abi6012,"InNi3C0.5/m-ZrO2 [Fig. 2A, InNi3C0.5/m-ZrO2, 12000 ml gcat-1 hour-1]",0.410202,0.112,0.854,0.145,0.001,300,40,3,896.39,881.854,881.037,904.587,555.286,823.679,912.819,890.051,919.526,548.947,0.005,0.005,0.005,0.005,0.005,0.005,0.005,0.005,0.005,0.005
10.1126/sciadv.abi6012 | 40 bar | H2/CO2 3 | 12 NL/g/h,10.1126/sciadv.abi6012,"InNi3C0.5/m-ZrO2 [SI Figure S5A, H2/CO2=3/1, 325 °C]",0.408967,0.128,0.745,0.255,0,325,40,3,889.739,875.209,874.39,897.044,550.837,817.399,904.662,882.514,909.04,543.612,0.005,0.005,0.005,0.005,0.005,0.005,0.005,0.005,0.005,0.005
10.1126/sciadv.abi6012 | 40 bar | H2/CO2 3 | 12 NL/g/h,10.1126/sciadv.abi6012,InNi3C0.5/ZnO [SI Table S2 row InNi3C0.5/ZnO],0.267947,0.078,0.801,0.199,0,300,40,3,932.195,918.744,917.493,944.927,581.021,856.087,955.969,931.475,975.653,580.301,0.005,0.005,0.005,0.005,0.005,0.005,0.005,0.005,0.005,0.005
10.1126/sciadv.abi6012 | 40 bar | H2/CO2 3 | 12 NL/g/h,10.1126/sciadv.abi6012,"InNi3C0.5/Fe3O4 [Figure 5E, InNi3C0.5/Fe3O4, first point]",0.259378,0.063,0.96,0.04,0,250,40,3,941.266,927.918,926.625,955.656,587.006,865.278,967.633,942.308,991.778,588.048,0.005,0.005,0.005,0.005,0.005,0.005,0.005,0.005,0.005,0.005
10.1126/sciadv.abi6012 | 40 bar | H2/CO2 3 | 12 NL/g/h,10.1126/sciadv.abi6012,"InNi3C0.5/m-ZrO2 [SI Figure S5A, H2/CO2=3/1, 275 °C]",0.254296,0.067,0.885,0.115,0,275,40,3,942.524,929.241,927.922,956.827,588.083,865.895,968.755,943.543,992.734,589.102,0.005,0.005,0.005,0.005,0.005,0.005,0.005,0.005,0.005,0.005
10.1126/sciadv.abi6012 | 40 bar | H2/CO2 3 | 12 NL/g/h,10.1126/sciadv.abi6012,"CuZnAl [SI Table S7 row CuZnAl, 300 °C]",0.234941,0.091,0.602,0.397,0.001,300,40,3,917.344,904.331,902.905,927.868,570.93,842.927,937.596,914.856,951.926,568.442,0.005,0.005,0.005,0.005,0.005,0.005,0.005,0.005,0.005,0.005
10.1126/sciadv.abi6012 | 40 bar | H2/CO2 3 | 12 NL/g/h,10.1126/sciadv.abi6012,InNi3C0.5/CeO2 [SI Table S2 row InNi3C0.5/CeO2],0.189795,0.053,0.835,0.161,0.004,300,40,3,1009.34,997.171,995.405,1031.42,634.338,924.974,1047.32,1019.26,1092.91,644.262,0.005,0.005,0.005,0.005,0.005,0.005,0.005,0.005,0.005,0.005
10.1126/sciadv.abi6012 | 40 bar | H2/CO2 3 | 12 NL/g/h,10.1126/sciadv.abi6012,"InNi3C0.5/m-ZrO2 [SI Figure S5A, H2/CO2=3/1, 250 °C]",0.188358,0.048,0.915,0.085,0,250,40,3,984.924,972.794,971.014,1005.02,617.575,904.888,1019.95,992.886,1060.32,625.537,0.005,0.005,0.005,0.005,0.005,0.005,0.005,0.005,0.005,0.005
10.1126/sciadv.abi6012 | 40 bar | H2/CO2 3 | 12 NL/g/h,10.1126/sciadv.abi6012,"InNi3C0.5/t-ZrO2 [Fig. 2A, InNi3C0.5/t-ZrO2, 12000 ml gcat-1 hour-1]",0.173952,0.047,0.863,0.133,0.004,300,40,3,1031.04,1019.28,1017.35,1056.07,649.247,944.63,1073.34,1044.31,1127.09,662.517,0.005,0.005,0.005,0.005,0.005,0.005,0.005,0.005,0.005,0.005
10.1126/sciadv.abi6012 | 40 bar | H2/CO2 3 | 12 NL/g/h,10.1126/sciadv.abi6012,InNi3C0.5/TiO2 [SI Table S2 row InNi3C0.5/TiO2],0.159229,0.056,0.663,0.331,0.006,300,40,3,1000.04,988.725,986.62,1020.5,628.235,917.104,1035.61,1009.18,1077.76,637.377,0.005,0.005,0.005,0.005,0.005,0.005,0.005,0.005,0.005,0.005
10.1126/sciadv.abi6012 | 40 bar | H2/CO2 3 | 12 NL/g/h,10.1126/sciadv.abi6012,"InNi3C0.5/a-ZrO2 [Fig. 2A, InNi3C0.5/a-ZrO2, 12000 ml gcat-1 hour-1]",0.128939,0.035,0.859,0.137,0.004,300,40,3,1077.23,1067.15,1064.55,1108.93,680.869,987.735,1129.13,1098.86,1202.17,702.496,0.005,0.005,0.005,0.005,0.005,0.005,0.005,0.005,0.005,0.005
10.1126/sciadv.abi6012 | 40 bar | H2/CO2 3 | 12 NL/g/h,10.1126/sciadv.abi6012,"InNi3C0.5/SiO2 [Fig. 2A, InNi3C0.5/SiO2, 12000 ml gcat-1 hour-1]",0.0964948,0.025,0.9,0.1,0,300,40,3,1111.6,1103.71,1100.23,1149.72,704.299,1022.07,1172.53,1141.82,1264.69,734.522,0.005,0.005,0.005,0.005,0.005,0.005,0.005,0.005,0.005,0.005
10.1126/sciadv.abi6012 | 40 bar | H2/CO2 3 | 12 NL/g/h,10.1126/sciadv.abi6012,m-ZrO2 [SI Table S2 row m-ZrO2],0.0187629,0.007,0.625,0.368,0.007,300,40,3,2160.53,2188.61,2170.74,2352.3,1397.94,1980.42,2419.71,2380.38,2955.42,1617.79,0.005,0.005,0.005,0.005,0.005,0.005,0.005,0.005,0.005,0.005
10.1126/sciadv.abi6012 | 40 bar | H2/CO2 3 | 12 NL/g/h,10.1126/sciadv.abi6012,t-ZrO2 [SI Table S2 row t-ZrO2],0.0151175,0.005,0.705,0.286,0.009,300,40,3,2352.07,2390.93,2368.75,2577.59,1519.03,2166.48,2652.92,2616.44,3289.09,1783.4,0.005,0.005,0.005,0.005,0.005,0.005,0.005,0.005,0.005,0.005
10.1126/sciadv.abi6012 | 40 bar | H2/CO2 3 | 12 NL/g/h,10.1126/sciadv.abi6012,a-ZrO2 [SI Table S2 row a-ZrO2],0.01242,0.004,0.724,0.268,0.008,300,40,3,2618.77,2669.66,2642.67,2887.95,1690.23,2416.11,2973.04,2938.84,3737.36,2010.3,0.005,0.005,0.005,0.005,0.005,0.005,0.005,0.005,0.005,0.005
10.1126/sciadv.abi6012 | 40 bar | H2/CO2 3 | 12 NL/g/h,10.1126/sciadv.abi6012,SiO2 [SI Table S2 row SiO2],0.0103442,0.004,0.603,0.397,0,300,40,3,3018.9,3083.33,3050.93,3348.62,1951.56,2776.04,3446.56,3413.05,4385.5,2345.71,0.005,0.005,0.005,0.005,0.005,0.005,0.005,0.005,0.005,0.005
10.1126/sciadv.abi6012 | 40 bar | H2/CO2 3 | 15 NL/g/h,10.1126/sciadv.abi6012,"InNi3C0.5/m-ZrO2 [SI Figure S5C, GHSV 15000]",0.467517,0.102,0.855,0.144,0.001,300,40,3,902.873,888.086,887.369,912.033,559.583,829.472,920.9,897.246,929.88,553.957,0.005,0.005,0.005,0.005,0.005,0.005,0.005,0.005,0.005,0.005
10.1126/sciadv.abi6012 | 40 bar | H2/CO2 3 | 18 NL/g/h,10.1126/sciadv.abi6012,"InNi3C0.5/m-ZrO2 [SI Figure S5C, GHSV 18000]",0.540281,0.098,0.857,0.142,0.001,300,40,3,905.552,890.524,889.904,915.165,561.23,831.819,924.323,900.137,934.247,555.815,0.005,0.005,0.005,0.005,0.005,0.005,0.005,0.005,0.005,0.005
10.1126/sciadv.abi6012 | 40 bar | H2/CO2 3 | 21 NL/g/h,10.1126/sciadv.abi6012,"InNi3C0.5/m-ZrO2 [SI Figure S5C, GHSV 21000]",0.58225,0.09,0.862,0.137,0.001,300,40,3,913.112,897.972,897.396,923.78,566.365,838.585,933.598,908.641,946.179,561.894,0.005,0.005,0.005,0.005,0.005,0.005,0.005,0.005,0.005,0.005
10.1126/sciadv.abi6012 | 40 bar | H2/CO2 3 | 24 NL/g/h,10.1126/sciadv.abi6012,"InNi3C0.5/m-ZrO2 [Fig. 2B, InNi3C0.5/m-ZrO2, 24000 ml gcat-1 hour-1]",0.62,0.085,0.879,0.12,0.001,300,40,3,918.752,903.525,902.984,930.21,570.184,843.618,940.504,914.982,955.066,566.414,0.005,0.005,0.005,0.005,0.005,0.005,0.005,0.005,0.005,0.005
10.1126/sciadv.abi6012 | 40 bar | H2/CO2 3 | 24 NL/g/h,10.1126/sciadv.abi6012,"InNi3C0.5/t-ZrO2 [Fig. 2B, InNi3C0.5/t-ZrO2, 24000 ml gcat-1 hour-1]",0.3,0.039,0.9,0.098,0.002,300,40,3,1026.4,1012.62,1011.5,1052.55,644.291,941.921,1070.32,1038.76,1124.98,656.649,0.005,0.005,0.005,0.005,0.005,0.005,0.005,0.005,0.005,0.005
10.1126/sciadv.abi6012 | 40 bar | H2/CO2 3 | 24 NL/g/h,10.1126/sciadv.abi6012,"InNi3C0.5/a-ZrO2 [Fig. 2B, InNi3C0.5/a-ZrO2, 24000 ml gcat-1 hour-1]",0.2,0.026,0.892,0.106,0.002,300,40,3,1102.72,1090.34,1088.66,1140.22,695.778,1012.95,1162.78,1127.83,1248.81,720.885,0.005,0.005,0.005,0.005,0.005,0.005,0.005,0.005,0.005,0.005
10.1126/sciadv.abi6012 | 40 bar | H2/CO2 3 | 24 NL/g/h,10.1126/sciadv.abi6012,"InNi3C0.5/SiO2 [Fig. 2B, InNi3C0.5/SiO2, 24000 ml gcat-1 hour-1]",0.18,0.022,0.949,0.05,0.001,300,40,3,1101.28,1089.36,1087.5,1139.86,694.215,1014.44,1162.85,1127.94,1252.19,720.866,0.005,0.005,0.005,0.005,0.005,0.005,0.005,0.005,0.005,0.005
10.1126/sciadv.abi6012 | 40 bar | H2/CO2 3 | 42 NL/g/h,10.1126/sciadv.abi6012,"InNi3C0.5/Fe3O4 [Text/Table S7, InNi3C0.5/Fe3O4, 325C, 4.0 MPa, H2/CO2 3:1, CO2-GHSV 10500]",1.35,0.1,0.9,0.1,0,325,40,3,905.22,889.261,889.013,915.168,560.228,830.805,924.539,899.21,934.413,554.219,0.005,0.005,0.005,0.005,0.005,0.005,0.005,0.005,0.005,0.005
10.1126/sciadv.abi6012 | 40 bar | H2/CO2 4 | 12 NL/g/h,10.1126/sciadv.abi6012,"InNi3C0.5/m-ZrO2 [SI Figure S5A, H2/CO2=4/1, 350 °C]",0.432554,0.205,0.615,0.385,0,350,40,4,876.881,862.24,861.465,882.396,541.3,806.165,888.694,867.755,888.283,532.173,0.005,0.005,0.005,0.005,0.005,0.005,0.005,0.005,0.005,0.005
10.1126/sciadv.abi6012 | 40 bar | H2/CO2 4 | 12 NL/g/h,10.1126/sciadv.abi6012,"InNi3C0.5/m-ZrO2 [SI Figure S5A, H2/CO2=4/1, 325 °C]",0.362203,0.138,0.765,0.235,0,325,40,4,900.038,885.772,884.847,908.525,557.538,827.625,916.951,894.26,924.689,551.76,0.005,0.005,0.005,0.005,0.005,0.005,0.005,0.005,0.005,0.005
10.1126/sciadv.abi6012 | 40 bar | H2/CO2 4 | 12 NL/g/h,10.1126/sciadv.abi6012,"InNi3C0.5/m-ZrO2 [SI Figure S5A, H2/CO2=4/1, 300 °C]",0.362066,0.122,0.865,0.135,0,300,40,4,905.697,891.433,890.507,915.045,561.309,833.103,924.034,900.781,934.028,556.392,0.005,0.005,0.005,0.005,0.005,0.005,0.005,0.005,0.005,0.005
10.1126/sciadv.abi6012 | 40 bar | H2/CO2 4 | 12 NL/g/h,10.1126/sciadv.abi6012,"InNi3C0.5/m-ZrO2 [SI Figure S5A, H2/CO2=4/1, 275 °C]",0.225961,0.074,0.89,0.11,0,275,40,4,958.334,945.463,943.98,974.484,597.884,881.865,987.412,961.613,1016.66,601.164,0.005,0.005,0.005,0.005,0.005,0.005,0.005,0.005,0.005,0.005
10.1126/sciadv.abi6012 | 40 bar | H2/CO2 4 | 12 NL/g/h,10.1126/sciadv.abi6012,"InNi3C0.5/m-ZrO2 [SI Figure S5A, H2/CO2=4/1, 250 °C]",0.197827,0.062,0.93,0.07,0,250,40,4,975.891,963.548,961.854,994.559,609.749,898.707,1008.79,982.216,1045.19,616.074,0.005,0.005,0.005,0.005,0.005,0.005,0.005,0.005,0.005,0.005
10.1126/sciadv.abi6012 | 40 bar | H2/CO2 5 | 12 NL/g/h,10.1126/sciadv.abi6012,"InNi3C0.5/m-ZrO2 [SI Figure S5A, H2/CO2=5/1, 350 °C]",0.384264,0.21,0.64,0.36,0,350,40,5,885.405,871.006,870.134,891.906,547.038,814.509,898.948,877.508,901.357,539.141,0.005,0.005,0.005,0.005,0.005,0.005,0.005,0.005,0.005,0.005
10.1126/sciadv.abi6012 | 40 bar | H2/CO2 5 | 12 NL/g/h,10.1126/sciadv.abi6012,"InNi3C0.5/m-ZrO2 [SI Figure S5A, H2/CO2=5/1, 325 °C]",0.379117,0.17,0.78,0.22,0,325,40,5,896.555,882.186,881.302,904.572,554.595,825.031,912.682,890.203,919.086,548.244,0.005,0.005,0.005,0.005,0.005,0.005,0.005,0.005,0.005,0.005
10.1126/sciadv.abi6012 | 40 bar | H2/CO2 5 | 12 NL/g/h,10.1126/sciadv.abi6012,"InNi3C0.5/m-ZrO2 [SI Fig. S5A note, 300 °C H2/CO2=5/1]",0.373971,0.15,0.872,0.128,0,300,40,5,902.574,888.236,887.339,911.466,558.596,830.886,920.16,897.128,928.887,553.151,0.005,0.005,0.005,0.005,0.005,0.005,0.005,0.005,0.005,0.005
10.1126/sciadv.abi6012 | 40 bar | H2/CO2 5 | 12 NL/g/h,10.1126/sciadv.abi6012,"InNi3C0.5/m-ZrO2 [SI Figure S5A, H2/CO2=5/1, 275 °C]",0.199594,0.078,0.895,0.105,0,275,40,5,977.262,964.882,963.202,995.711,609.926,900.524,1009.83,983.331,1045.62,615.994,0.005,0.005,0.005,0.005,0.005,0.005,0.005,0.005,0.005,0.005
10.1126/sciadv.abi6012 | 40 bar | H2/CO2 5 | 12 NL/g/h,10.1126/sciadv.abi6012,"InNi3C0.5/m-ZrO2 [SI Figure S5A, H2/CO2=5/1, 250 °C]",0.174548,0.066,0.925,0.075,0,250,40,5,995.553,983.775,981.855,1016.61,622.07,918.324,1032.02,1004.84,1075.3,631.354,0.005,0.005,0.005,0.005,0.005,0.005,0.005,0.005,0.005,0.005
10.1126/sciadv.abi6012 | 40 bar | H2/CO2 6 | 73.5 NL/g/h,10.1126/sciadv.abi6012,InNi3C0.5/Fe3O4 [SI Table S7 row 5 InNi3C0.5/Fe3O4],1.83,0.135,0.904,0.095,0.001,325,40,6,926.718,910.597,910.414,939.289,572.56,852.914,950.238,923.168,966.83,569.01,0.005,0.005,0.005,0.005,0.005,0.005,0.005,0.005,0.005,0.005
10.1126/sciadv.abi6012 | 40 bar | H2/CO2 8 | 30 NL/g/h,10.1126/sciadv.abi6012,"InNi3C0.5/Fe3O4 [Text/Table S7, InNi3C0.5/Fe3O4, 325C, 4.0 MPa, H2/CO2 8:1, GHSV 30000]",0.87,0.2,0.912,0.086,0.002,325,40,8,911.47,895.854,895.469,921.664,562.277,839.917,931.187,906.048,942.046,556.854,0.005,0.005,0.005,0.005,0.005,0.005,0.005,0.005,0.005,0.005
10.1126/sciadv.abi6012 | 40 bar | H2/CO2 8 | 30 NL/g/h,10.1126/sciadv.abi6012,"CuZnAl [SI Table S7 row CuZnAl, 325 °C]",0.62,0.224,0.583,0.416,0.001,325,40,8,902.09,886.863,886.322,910.986,556.559,831.2,919.682,895.759,927.528,550.228,0.005,0.005,0.005,0.005,0.005,0.005,0.005,0.005,0.005,0.005
10.1126/sciadv.abi6012 | 40 bar | H2/CO2 8 | 94.5 NL/g/h,10.1126/sciadv.abi6012,InNi3C0.5/Fe3O4 [SI Table S7 row 6 InNi3C0.5/Fe3O4],2.09,0.152,0.916,0.083,0.001,325,40,8,938.793,922.615,922.455,952.944,579.703,865.172,964.788,936.766,985.474,577.676,0.005,0.005,0.005,0.005,0.005,0.005,0.005,0.005,0.005,0.005
10.1126/sciadv.abi6012 | 50 bar | H2/CO2 3 | 24 NL/g/h,10.1126/sciadv.abi6012,"InNi3C0.5/Fe3O4 [Text, InNi3C0.5/Fe3O4 comparison-condition run, 320C, 5.0 MPa, H2/CO2 3:1, GHSV 24000]",1.01,0.131,0.903,0.097,0,320,50,3,888.576,872.827,872.495,894.185,550.3,816.577,901.583,878.436,900.309,540.16,0.005,0.005,0.005,0.005,0.005,0.005,0.005,0.005,0.005,0.005
10.1126/sciadv.abi6012 | 50 bar | H2/CO2 4 | 27.5 NL/g/h,10.1126/sciadv.abi6012,"InNi3C0.5/Fe3O4 [Text, InNi3C0.5/Fe3O4 comparison-condition run, 300C, 5.0 MPa, H2/CO2 4:1, GHSV 27500]",1.16,0.129,0.919,0.081,0,300,50,4,900.989,885.133,884.844,907.964,557.986,828.843,916.53,892.108,918.72,549.104,0.005,0.005,0.005,0.005,0.005,0.005,0.005,0.005,0.005,0.005
10.1126/sciadv.abi6012 | 50 bar | H2/CO2 4 | 48 NL/g/h,10.1126/sciadv.abi6012,"InNi3C0.5/Fe3O4 [Text, InNi3C0.5/Fe3O4 comparison-condition run, 280C, 5.0 MPa, H2/CO2 4:1, GHSV 48000]",1.3,0.101,0.94,0.06,0,280,50,4,917.997,902.063,901.805,926.925,569.302,844.654,937.026,910.991,944.252,562.297,0.005,0.005,0.005,0.005,0.005,0.005,0.005,0.005,0.005,0.005
10.1126/sciadv.abi6012 | 50 bar | H2/CO2 6 | 9 NL/g/h,10.1126/sciadv.abi6012,"InNi3C0.5/Fe3O4 [Text, InNi3C0.5/Fe3O4 comparison-condition run, 280C, 5.0 MPa, H2/CO2 6:1, GHSV 9000]",0.308,0.186,0.903,0.097,0,280,50,6,901.442,887.584,886.496,907.792,559.298,830.943,915.835,893.934,918.389,551.79,0.005,0.005,0.005,0.005,0.005,0.005,0.005,0.005,0.005,0.005
10.1126/sciadv.abi6012 | 60 bar | H2/CO2 10 | 116 NL/g/h,10.1126/sciadv.abi6012,"InNi3C0.5/Fe3O4 [Abstract/Text/Table S7, InNi3C0.5/Fe3O4, 325C, 6.0 MPa, H2/CO2 10:1, CO2-GHSV 10500]",2.62,0.188,0.928,0.07,0.002,325,60,10,941.674,925.415,925.287,950.604,583.336,869.306,961.948,934.345,968.854,576.007,0.005,0.005,0.005,0.005,0.005,0.005,0.005,0.005,0.005,0.005
10.1126/sciadv.abi6012 | 60 bar | H2/CO2 10 | 36 NL/g/h,10.1126/sciadv.abi6012,"InNi3C0.5/Fe3O4 [Abstract/Text/Table S7, InNi3C0.5/Fe3O4, 325C, 6.0 MPa, H2/CO2 10:1, GHSV 36000]",1.09,0.257,0.902,0.096,0.002,325,60,10,912.826,897.016,896.708,919.042,565.276,842.342,927.959,903.232,928.213,555.683,0.005,0.005,0.005,0.005,0.005,0.005,0.005,0.005,0.005,0.005
10.1126/sciadv.abi6012 | 60 bar | H2/CO2 6 | 73.5 NL/g/h,10.1126/sciadv.abi6012,InNi3C0.5/Fe3O4 [SI Table S7 row 8 InNi3C0.5/Fe3O4],1.98,0.146,0.907,0.091,0.002,325,60,6,926.65,910.494,910.325,934.236,574.938,853.625,944.416,918.08,947.906,566.369,0.005,0.005,0.005,0.005,0.005,0.005,0.005,0.005,0.005,0.005
10.1126/sciadv.abi6012 | 60 bar | H2/CO2 8 | 30 NL/g/h,10.1126/sciadv.abi6012,InNi3C0.5/Fe3O4 [SI Table S7 row 2 InNi3C0.5/Fe3O4],1.06,0.242,0.922,0.076,0.002,325,60,8,903.933,888.144,887.828,909.367,559.833,833.47,917.517,893.579,915.751,549.479,0.005,0.005,0.005,0.005,0.005,0.005,0.005,0.005,0.005,0.005
10.1126/sciadv.abi6012 | 60 bar | H2/CO2 8 | 94.5 NL/g/h,10.1126/sciadv.abi6012,InNi3C0.5/Fe3O4 [SI Table S7 row 9 InNi3C0.5/Fe3O4],2.4,0.173,0.923,0.075,0.002,325,60,8,931.418,915.188,915.048,939.439,577.237,858.997,950.003,923.209,954.557,569.028,0.005,0.005,0.005,0.005,0.005,0.005,0.005,0.005,0.005,0.005
