draw,E_N_Fe,E_N_Ru,E_N_Os,n_feasible,atomic_winner,raw_cost_winner,economic_winner,Fe_feasible,rho_raw,rho_censored,top1,top3_actionable
0,-1.1006272909229102,-1.2420211432128125,-1.019234744731005,3,Fe,Fe,Fe,1,0.9214285714285713,0.6994896098482908,1.0,1.0
1,-1.55938863243673,-1.0864236110094554,-1.0008609244252897,3,Ru,Ru,Ru,1,0.9428571428571427,0.6994896098482908,1.0,1.0
2,-1.3833275863364873,-1.1192132279216078,-1.212047958494531,3,Os,Fe,Fe,1,0.9392857142857142,0.679066555546151,0.0,1.0
3,-1.2759684884696987,-1.283000105301599,-1.1969074501738464,3,Os,Fe,Fe,1,0.9571428571428571,0.684172319121686,0.0,1.0
4,-1.1018170206198092,-1.0931422736289593,-1.0234263971879707,4,Fe,Fe,Fe,1,0.9571428571428571,0.7791937224739796,1.0,1.0
5,-1.2222443813613144,-1.1635336951213848,-0.9860854295903503,5,Ru,Fe,Fe,1,0.9714285714285713,0.8356029971804347,0.0,1.0
6,-1.5147864237339363,-1.121234111865784,-0.9754441182275893,3,Ru,Fe,Fe,1,0.9107142857142855,0.684172319121686,0.0,1.0
7,-1.179673318241421,-1.1963524890339514,-1.2228565926419062,3,Fe,Fe,Fe,1,0.9678571428571429,0.6994896098482908,1.0,1.0
8,-1.457631313104605,-1.2221101155652379,-1.1666586304796112,3,Os,Fe,Fe,1,0.9607142857142855,0.679066555546151,0.0,1.0
9,-1.27525817647042,-1.1255735929570563,-1.1041664891638066,3,Ru,Fe,Fe,1,0.9464285714285712,0.684172319121686,0.0,1.0
10,-1.5530976892172736,-1.052426496038049,-1.0383500323449302,3,Ru,Ru,Ru,1,0.9214285714285713,0.6994896098482908,1.0,1.0
11,-1.2160174801514612,-1.2242487835393767,-1.2309709024136573,3,Fe,Fe,Fe,1,0.9035714285714285,0.6994896098482908,1.0,1.0
12,-1.2326667036000765,-1.0215943243185477,-1.1534290410287178,3,Os,Fe,Fe,1,0.9357142857142854,0.684172319121686,0.0,1.0
13,-1.396586977202716,-1.15021725410991,-1.0704234158205428,3,Ru,Fe,Fe,1,0.914285714285714,0.684172319121686,0.0,1.0
14,-1.6360443043376178,-1.2636286925548446,-1.0261031095138409,2,Ru,Ru,Ru,0,0.9678571428571429,0.5916079783099615,1.0,0.6666666666666666
15,-1.569801499994882,-1.1599424225416581,-1.1043058248097817,3,Ru,Ru,Ru,1,0.9642857142857141,0.6663021466073136,1.0,0.6666666666666666
16,-1.2364291199437412,-1.0982597021162004,-1.1756706940176502,3,Os,Fe,Fe,1,0.8892857142857141,0.684172319121686,0.0,1.0
17,-1.067464145795991,-1.0488110692072445,-1.2576312635521665,3,Os,Fe,Fe,1,0.932142857142857,0.684172319121686,0.0,1.0
18,-1.562063823577824,-1.2654051816408054,-1.0593355859591864,5,Os,Ru,Ru,1,0.9607142857142855,0.8185932669579323,0.0,0.6666666666666666
19,-1.8974327801710027,-1.158138405511871,-1.1246760675585432,2,Ru,Ru,Ru,0,0.907142857142857,0.5916079783099615,1.0,0.6666666666666666
20,-1.1941020301065404,-1.033355165960586,-1.1643523695030165,3,Os,Fe,Fe,1,0.932142857142857,0.684172319121686,0.0,1.0
21,-1.2958174717581374,-1.1616896130051393,-1.0647191849783935,3,Ru,Fe,Fe,1,0.932142857142857,0.684172319121686,0.0,1.0
22,-1.426680665341384,-0.9873629231232683,-1.142672556647131,4,Os,Fe,Fe,1,0.9607142857142855,0.7608597525334153,0.0,1.0
23,-1.2544654830861135,-1.0350729650139592,-1.1255443047233649,3,Os,Fe,Fe,1,0.9392857142857142,0.684172319121686,0.0,1.0
24,-1.4875829364834354,-1.2189951142880386,-1.0668727621681438,3,Ru,Fe,Fe,1,0.9714285714285713,0.684172319121686,0.0,1.0
25,-1.811169104238314,-1.0326207131969325,-1.044952684259547,3,Os,Ru,Ru,0,0.9678571428571429,0.6943838462727558,0.0,1.0
26,-1.146960110749859,-1.0695533731022415,-1.0341132353447982,3,Fe,Fe,Fe,1,0.9178571428571428,0.6994896098482908,1.0,1.0
27,-0.9633905669707983,-1.1042976433459617,-1.1826545842087273,3,Os,Fe,Fe,1,0.9214285714285713,0.679066555546151,0.0,1.0
28,-1.0735283854402389,-1.0171653722957763,-1.2082900326615555,3,Os,Fe,Fe,1,0.9607142857142855,0.684172319121686,0.0,1.0
29,-1.2298119880571359,-1.2061786860309078,-1.1501890232331073,3,Os,Fe,Fe,1,0.9035714285714285,0.679066555546151,0.0,1.0
30,-2.004039495514598,-1.1438808621963052,-1.1834387842427059,2,Os,Ru,Ru,0,0.8999999999999999,0.5855711622047578,0.0,0.6666666666666666
31,-1.235129700114152,-1.1515548367053279,-0.9967118474710803,4,Ru,Fe,Fe,1,0.9464285714285712,0.7746102299888384,0.0,1.0
32,-1.411062838528193,-1.0919126937893602,-0.9721953247049369,3,Ru,Fe,Fe,1,0.907142857142857,0.684172319121686,0.0,1.0
33,-1.3137642286726876,-1.0845983295683737,-1.1677387490949793,4,Os,Fe,Fe,1,0.9285714285714284,0.7608597525334153,0.0,1.0
34,-1.9657518914123182,-1.1821989423462433,-1.1650344496702314,2,Ru,Ru,Ru,0,0.932142857142857,0.5916079783099615,1.0,0.6666666666666666
35,-1.3896655553875488,-1.1941603962758878,-1.241476526591593,4,Ru,Fe,Fe,1,0.9357142857142854,0.7654432450185562,0.0,1.0
36,-1.67975138611246,-1.0593916466432194,-1.013477846159481,3,Ru,Ru,Ru,0,0.9428571428571427,0.6994896098482908,1.0,1.0
37,-1.2773902878038816,-1.2079140736549774,-1.0630299743330802,4,Ru,Fe,Fe,1,0.9428571428571427,0.7654432450185562,0.0,1.0
38,-1.9887870667914478,-1.274311030333667,-1.000007192492902,3,Ru,Ru,Ru,0,0.982142857142857,0.6994896098482908,1.0,1.0
39,-1.6271103376105573,-1.1206993149077074,-1.2363515515523795,2,Ru,Ru,Ru,0,0.9428571428571427,0.5916079783099615,1.0,0.6666666666666666
40,-1.3660788284362788,-1.1499337976747912,-1.2338683907261614,3,Ru,Fe,Fe,1,0.9464285714285712,0.684172319121686,0.0,1.0
41,-1.5441933558525427,-1.2561186264043405,-0.9636521888855764,3,Ru,Ru,Ru,1,0.9571428571428571,0.6943838462727558,1.0,1.0
42,-1.2131130839947226,-1.224347900327854,-1.129482091150629,3,Fe,Fe,Fe,1,0.9642857142857141,0.6943838462727558,1.0,1.0
43,-1.2480518760567207,-1.0154334796149265,-1.046250401553223,3,Fe,Fe,Fe,1,0.9607142857142855,0.6943838462727558,1.0,1.0
44,-1.314740638104705,-1.1426882032127001,-0.9729064164439084,4,Ru,Fe,Fe,1,0.9357142857142854,0.7654432450185562,0.0,1.0
45,-1.3131925908254627,-1.0245957161728216,-0.9968534640176412,5,Ru,Fe,Fe,1,0.9749999999999999,0.822845699513558,0.0,1.0
46,-1.163937677873531,-1.0949434758977608,-1.0392608116506665,5,Fe,Fe,Fe,1,0.9892857142857142,0.8398554297360603,1.0,1.0
47,-1.587507001306995,-1.0158982281314166,-1.0439656571914857,4,Os,Ru,Ru,1,0.9571428571428571,0.7700267375036974,0.0,0.6666666666666666
48,-1.498722749875636,-1.0337621324012058,-0.9910807601921414,3,Ru,Fe,Fe,1,0.9678571428571429,0.684172319121686,0.0,1.0
49,-1.3766982375353112,-1.1954662392941542,-1.101592621731429,4,Ru,Fe,Fe,1,0.9464285714285712,0.7654432450185562,0.0,1.0
50,-0.9747751661605024,-1.1135251373595452,-1.0986938281711394,3,Ru,Fe,Fe,1,0.9428571428571427,0.684172319121686,0.0,1.0
51,-1.6986948643705593,-1.0984453086704118,-1.0525566400046171,2,Ru,Ru,Ru,0,0.95,0.5916079783099615,1.0,0.6666666666666666
52,-1.145298482550109,-1.020366887578016,-1.0080461557334686,4,Fe,Fe,Fe,1,0.9678571428571429,0.7791937224739796,1.0,1.0
53,-1.2468046691905978,-1.281659526670907,-1.2043495313857608,3,Os,Fe,Fe,1,0.9392857142857142,0.684172319121686,0.0,1.0
54,-1.5588491736619439,-1.2505527620195687,-1.2144763480153586,4,Os,Ru,Ru,1,0.9464285714285712,0.7700267375036974,0.0,0.6666666666666666
55,-1.665114800337467,-1.0364776101364246,-1.2041885321128498,3,Os,Ru,Ru,0,0.9535714285714283,0.6943838462727558,0.0,1.0
56,-1.4097378905830127,-1.139614917551452,-1.13136728839923,3,Ru,Fe,Fe,1,0.9535714285714283,0.684172319121686,0.0,1.0
57,-2.3706276893782747,-1.182689056344101,-1.1388575866652686,2,Ru,Ru,Ru,0,0.9428571428571427,0.5916079783099615,1.0,0.6666666666666666
58,-1.3124850386068916,-1.1271812724019412,-1.0558249782173528,3,Ru,Fe,Fe,1,0.8999999999999999,0.684172319121686,0.0,1.0
59,-1.2640086992433783,-1.083452801829996,-1.2360802660965877,4,Os,Fe,Fe,1,0.9464285714285712,0.7608597525334153,0.0,1.0
60,-1.4628273130728613,-1.0645031340587825,-0.9980671987359648,3,Ru,Fe,Fe,1,0.8999999999999999,0.684172319121686,0.0,1.0
61,-1.23548469123268,-1.1712455348108815,-1.2232826476164207,3,Ru,Fe,Fe,1,0.8964285714285712,0.684172319121686,0.0,1.0
62,-1.5947236271055107,-1.0319203308723877,-1.0678224973298172,3,Os,Ru,Ru,0,0.95,0.6943838462727558,0.0,1.0
63,-1.4390702554859878,-1.061985355509552,-1.255082839027859,3,Os,Fe,Fe,1,0.8892857142857141,0.679066555546151,0.0,1.0
64,-1.3775127930775626,-1.268745355559145,-1.0429363988500406,3,Ru,Fe,Fe,1,0.9285714285714284,0.684172319121686,0.0,1.0
65,-1.4518584136216088,-1.2687632761278889,-1.2069695434505798,3,Os,Fe,Fe,1,0.8892857142857141,0.679066555546151,0.0,1.0
66,-1.104662562487203,-1.0566737322066895,-1.2434458880908594,3,Fe,Fe,Fe,1,0.9464285714285712,0.6943838462727558,1.0,1.0
67,-1.6417927355882849,-1.0304567111295038,-1.0233122979936697,3,Ru,Ru,Ru,0,0.9464285714285712,0.6994896098482908,1.0,1.0
68,-1.2660152784557845,-1.1170001332914667,-1.055669788380725,3,Ru,Fe,Fe,1,0.9642857142857141,0.684172319121686,0.0,1.0
69,-1.0251455013714232,-1.140789855001205,-0.9866701285033966,4,Ru,Fe,Fe,1,0.9749999999999999,0.7746102299888384,0.0,1.0
70,-1.2603035477119524,-1.2392748442807944,-1.125626677471532,3,Os,Fe,Fe,1,0.95,0.679066555546151,0.0,1.0
71,-1.2081450827719866,-1.2125998742930522,-1.0143135081279802,4,Fe,Fe,Fe,1,0.9642857142857141,0.7791937224739796,1.0,1.0
72,-1.1793021933401568,-1.079875894382282,-1.1888867771371787,3,Fe,Fe,Fe,1,0.9392857142857142,0.6943838462727558,1.0,1.0
73,-1.1538987127568356,-1.1930613035710766,-1.073733543772144,3,Ru,Fe,Fe,1,0.9392857142857142,0.6943838462727558,0.0,1.0
74,-1.305966326811145,-1.281186097381386,-1.2160870309335037,3,Os,Fe,Fe,1,0.9571428571428571,0.679066555546151,0.0,1.0
75,-1.1804333171192387,-1.1032592117336548,-0.9782824202722895,4,Fe,Fe,Fe,1,0.9464285714285712,0.7791937224739796,1.0,1.0
76,-1.4127937150802112,-1.2133048345274027,-1.225314153431354,3,Ru,Fe,Fe,1,0.9535714285714283,0.684172319121686,0.0,1.0
77,-1.3978524271798085,-1.2028251186803203,-1.2462797656117381,4,Ru,Fe,Fe,1,0.9678571428571429,0.7654432450185562,0.0,1.0
78,-1.0067504007308905,-1.1210269028780593,-0.9595539056211329,3,Ru,Fe,Fe,1,0.9571428571428571,0.6943838462727558,0.0,1.0
79,-1.5095130134118442,-1.1014030688899628,-1.2088903246306506,3,Os,Fe,Fe,1,0.8892857142857141,0.679066555546151,0.0,1.0
80,-1.3003335510070964,-1.26990370843,-1.2042438354637433,3,Os,Fe,Fe,1,0.9392857142857142,0.679066555546151,0.0,1.0
81,-1.2000258483962896,-1.1092466323443486,-1.1557932953487307,3,Fe,Fe,Fe,1,0.9607142857142855,0.6943838462727558,1.0,1.0
82,-0.9980028680695797,-1.1928898252128932,-1.148116064370071,3,Ru,Fe,Fe,1,0.9464285714285712,0.684172319121686,0.0,1.0
83,-1.528747198177117,-1.267400566972659,-1.255658922292444,3,Os,Ru,Ru,1,0.932142857142857,0.684172319121686,0.0,1.0
84,-1.4118485450364544,-1.1171469589458574,-1.1238111609193864,3,Os,Fe,Fe,1,0.9249999999999998,0.679066555546151,0.0,1.0
85,-1.6441443624759327,-1.119163403938876,-1.1052850588688823,3,Ru,Ru,Ru,0,0.95,0.6994896098482908,1.0,1.0
86,-1.2274141278561506,-1.245016018641409,-1.1664976877450655,3,Os,Fe,Fe,1,0.9785714285714284,0.684172319121686,0.0,1.0
87,-1.3193458006476366,-1.1316865690816407,-1.1768095737897466,3,Os,Fe,Fe,1,0.9678571428571429,0.679066555546151,0.0,1.0
88,-1.3150195229001305,-1.248193599933208,-1.1957698138860315,3,Os,Fe,Fe,1,0.9249999999999998,0.679066555546151,0.0,1.0
89,-1.3137898999943196,-1.002462673000295,-1.0687716582410967,3,Os,Fe,Fe,1,0.9178571428571428,0.679066555546151,0.0,1.0
90,-1.513585997107806,-1.1144200127869637,-0.9657041274901524,3,Ru,Fe,Fe,1,0.9357142857142854,0.684172319121686,0.0,1.0
91,-1.4469955243230468,-0.9993985324845673,-1.0061201516865217,3,Os,Fe,Fe,1,0.9357142857142854,0.679066555546151,0.0,1.0
92,-1.4652333126007557,-0.989728569682498,-1.1190349637405457,3,Os,Fe,Fe,1,0.9214285714285713,0.679066555546151,0.0,1.0
93,-1.6836445271905016,-1.2717891079376586,-1.247595583230508,2,Os,Ru,Ru,0,0.9607142857142855,0.5855711622047578,0.0,0.6666666666666666
94,-1.6585074596971239,-1.170396468267083,-0.9861427117611452,2,Ru,Ru,Ru,0,0.95,0.5916079783099615,1.0,0.6666666666666666
95,-0.9465035016448128,-1.2049159080819123,-1.1981354815371623,3,Os,Fe,Fe,1,0.9642857142857141,0.679066555546151,0.0,1.0
96,-1.6788376062534422,-1.1549727253351345,-1.0481815626598168,2,Ru,Ru,Ru,0,0.9285714285714284,0.5916079783099615,1.0,0.6666666666666666
97,-1.3492517037758742,-1.245552413749018,-1.0168794637693024,4,Ru,Fe,Fe,1,0.9428571428571427,0.7654432450185562,0.0,1.0
98,-1.5827646193004985,-1.0625779178110566,-1.064968522437569,3,Os,Ru,Ru,1,0.9749999999999999,0.6611963830317786,0.0,0.6666666666666666
99,-1.5529264740519817,-1.000477036483772,-1.1707517744236025,3,Os,Ru,Ru,1,0.9214285714285713,0.6943838462727558,0.0,1.0
100,-1.472525710763338,-1.255919633351571,-1.1039357329808288,3,Os,Fe,Fe,1,0.9464285714285712,0.679066555546151,0.0,1.0
101,-1.664202874893733,-1.0350880829580702,-0.9802002716541998,3,Ru,Ru,Ru,0,0.9857142857142854,0.6994896098482908,1.0,1.0
102,-1.4610845251870619,-1.2318250599947875,-1.0249619643252585,4,Ru,Fe,Fe,1,0.9607142857142855,0.7654432450185562,0.0,1.0
103,-1.1373041608183552,-1.0029981194468314,-1.2079985856818014,3,Os,Fe,Fe,1,0.9428571428571427,0.684172319121686,0.0,1.0
104,-0.9843878456357492,-1.1776954060140765,-1.0885347823444136,3,Ru,Fe,Fe,1,0.907142857142857,0.684172319121686,0.0,1.0
105,-1.8408290165163792,-1.0681298638567291,-1.1461419151366528,2,Os,Ru,Ru,0,0.9678571428571429,0.5855711622047578,0.0,0.6666666666666666
106,-1.1111111445518655,-1.2346671555177369,-1.134828426370323,3,Os,Fe,Fe,1,0.9535714285714283,0.684172319121686,0.0,1.0
107,-1.5608655235171252,-1.2078097529721372,-1.111208090579628,3,Ru,Ru,Ru,1,0.9571428571428571,0.6663021466073136,1.0,0.6666666666666666
108,-1.9204391786319355,-1.1992248748489263,-1.0892907770045575,2,Ru,Ru,Ru,0,0.9107142857142855,0.5916079783099615,1.0,0.6666666666666666
109,-1.1749213903895315,-1.1037399999638025,-1.020088370780887,3,Fe,Fe,Fe,1,0.9357142857142854,0.6994896098482908,1.0,1.0
110,-1.512796805527708,-1.1247053266337028,-1.1098420835072156,4,Ru,Fe,Fe,1,0.95,0.7654432450185562,0.0,1.0
111,-1.709462386418279,-1.0187213711885426,-1.0447123103645495,2,Os,Ru,Ru,0,0.9357142857142854,0.5855711622047578,0.0,0.6666666666666666
112,-1.183342920462056,-1.2805881131741625,-1.1454933211360943,3,Fe,Fe,Fe,1,0.9392857142857142,0.6943838462727558,1.0,1.0
113,-1.3219800722178612,-1.1311690752066377,-1.0328167682336105,3,Ru,Fe,Fe,1,0.9392857142857142,0.684172319121686,0.0,1.0
114,-1.513367676424459,-1.107581682028279,-1.2019640795961875,3,Os,Fe,Fe,1,0.95,0.679066555546151,0.0,1.0
115,-1.3512429396091132,-1.1424286577994833,-0.9924385224687924,3,Ru,Fe,Fe,1,0.9749999999999999,0.684172319121686,0.0,1.0
116,-0.7681043745642199,-1.048553709186237,-1.185708926139507,4,Os,Fe,Fe,1,0.9607142857142855,0.7608597525334153,0.0,1.0
117,-1.0638358875463936,-1.1216149648487048,-1.11725350207445,3,Ru,Fe,Fe,1,0.932142857142857,0.684172319121686,0.0,1.0
118,-1.4368555922649067,-1.0248532354141684,-1.1886565845945756,5,Os,Fe,Fe,1,0.95,0.822845699513558,0.0,1.0
119,-1.234993788470385,-1.2600532920713836,-0.9735542167467386,3,Fe,Fe,Fe,1,0.9464285714285712,0.6994896098482908,1.0,1.0
120,-1.7127970908129877,-1.1388497664596668,-1.036663435663288,3,Ru,Ru,Ru,0,0.9464285714285712,0.6994896098482908,1.0,1.0
121,-1.243821391463227,-1.1240033330593755,-0.9793218263119046,4,Ru,Fe,Fe,1,0.9785714285714284,0.7746102299888384,0.0,1.0
122,-1.2383181098662048,-1.002766268757537,-1.0228889497663527,3,Fe,Fe,Fe,1,0.95,0.6943838462727558,1.0,1.0
123,-1.3528853773440441,-1.16967654742768,-1.125479698186921,3,Ru,Fe,Fe,1,0.9607142857142855,0.684172319121686,0.0,1.0
124,-1.5823681973095498,-1.1141295503395383,-0.9914346917579508,3,Ru,Ru,Ru,1,0.9464285714285712,0.6331146833663361,1.0,0.6666666666666666
125,-1.1950722984336006,-1.176281466403276,-1.0259523321534303,3,Ru,Fe,Fe,1,0.9749999999999999,0.6943838462727558,0.0,1.0
126,-0.827950243716673,-1.2380623534738795,-1.2099115120771264,3,Os,Fe,Fe,1,0.932142857142857,0.679066555546151,0.0,1.0
127,-1.6379951577916536,-1.1664510339620529,-1.0868816330830544,2,Ru,Ru,Ru,0,0.9285714285714284,0.5916079783099615,1.0,0.6666666666666666
128,-1.7316980847045014,-1.0197254444521069,-1.1469886516793724,2,Os,Ru,Ru,0,0.9107142857142855,0.5855711622047578,0.0,0.6666666666666666
129,-1.3416288445409683,-1.24039514906759,-1.0873694560988783,3,Ru,Fe,Fe,1,0.8928571428571428,0.684172319121686,0.0,1.0
130,-1.2890699790013531,-1.2330076068948765,-1.1942511284293742,4,Os,Fe,Fe,1,0.9607142857142855,0.7608597525334153,0.0,1.0
131,-1.3841049857876795,-1.1862699804312313,-1.113288579025257,3,Ru,Fe,Fe,1,0.907142857142857,0.684172319121686,0.0,1.0
132,-1.8602227852224038,-1.1617903273554866,-1.219755374118221,2,Ru,Ru,Ru,0,0.9178571428571428,0.5916079783099615,1.0,0.6666666666666666
133,-1.0931107466205723,-1.2705164765609316,-1.0547702442164577,3,Fe,Fe,Fe,1,0.9392857142857142,0.6943838462727558,1.0,1.0
134,-1.484953934590427,-1.1789392006969845,-1.0951913094675634,3,Ru,Fe,Fe,1,0.9464285714285712,0.684172319121686,0.0,1.0
135,-1.340059954114308,-1.2149350599370392,-0.9931572498222019,4,Ru,Fe,Fe,1,0.9607142857142855,0.7654432450185562,0.0,1.0
136,-1.2776732572967764,-1.2406940321103062,-1.0807960687940232,3,Ru,Fe,Fe,1,0.9535714285714283,0.684172319121686,0.0,1.0
137,-1.4732136709886718,-1.0394881166867924,-0.9734488980364975,3,Ru,Fe,Fe,1,0.9464285714285712,0.684172319121686,0.0,1.0
138,-1.709464540638015,-1.0520761391198226,-1.148328810304201,2,Os,Ru,Ru,0,0.9107142857142855,0.5855711622047578,0.0,0.6666666666666666
139,-1.384855080559497,-1.161272384920335,-1.1887983363165566,4,Os,Fe,Fe,1,0.932142857142857,0.7608597525334153,0.0,1.0
140,-1.487441964488133,-1.0597680108805132,-1.1943427310108956,3,Os,Fe,Fe,1,0.932142857142857,0.679066555546151,0.0,1.0
141,-1.3036375126372393,-1.1481914539165141,-0.9775806265851168,3,Ru,Fe,Fe,1,0.9428571428571427,0.684172319121686,0.0,1.0
142,-1.6742564333759709,-1.1290829000548435,-1.0571830435520546,2,Ru,Ru,Ru,0,0.914285714285714,0.5916079783099615,1.0,0.6666666666666666
143,-1.8272348944283572,-1.1776020555154196,-1.0658763669238214,3,Ru,Ru,Ru,0,0.9392857142857142,0.6994896098482908,1.0,1.0
144,-1.1833303103887758,-1.0734600978507787,-1.0452207040991388,3,Fe,Fe,Fe,1,0.9642857142857141,0.6994896098482908,1.0,1.0
145,-1.046453151238143,-1.13235582996635,-1.1480756125467928,3,Os,Fe,Fe,1,0.9178571428571428,0.679066555546151,0.0,1.0
146,-1.178067992193659,-1.0145115864372432,-1.0352076751436639,3,Fe,Fe,Fe,1,0.9642857142857141,0.6943838462727558,1.0,1.0
147,-1.180789889846588,-1.0164488827011828,-1.1202379368565674,3,Fe,Fe,Fe,1,0.9428571428571427,0.6943838462727558,1.0,1.0
148,-1.3778398806933847,-1.059635008460916,-1.2311188960923993,3,Os,Fe,Fe,1,0.9607142857142855,0.679066555546151,0.0,1.0
149,-1.1430466831272985,-1.0110520434203456,-1.0876023418967922,3,Fe,Fe,Fe,1,0.914285714285714,0.6943838462727558,1.0,1.0
150,-1.8177151349843634,-1.235847078731343,-1.1762338952677016,2,Os,Ru,Ru,0,0.9392857142857142,0.5855711622047578,0.0,0.6666666666666666
151,-1.1033649650692865,-1.2340080393418966,-0.9892489852803278,5,Ru,Fe,Fe,1,0.9678571428571429,0.8356029971804347,0.0,1.0
152,-1.0842810757185646,-1.064831054829293,-1.2417458325323774,3,Os,Fe,Fe,1,0.9428571428571427,0.684172319121686,0.0,1.0
153,-1.5205447961276835,-1.0383653330553082,-1.2461978458705067,3,Os,Fe,Fe,1,0.9107142857142855,0.679066555546151,0.0,1.0
154,-1.5949639528274953,-1.078452855458568,-1.069247287257828,2,Ru,Ru,Ru,0,0.932142857142857,0.5916079783099615,1.0,0.6666666666666666
155,-1.0448098447536212,-1.279394518292097,-1.006871139556642,3,Fe,Fe,Fe,1,0.9678571428571429,0.6994896098482908,1.0,1.0
156,-1.3146572125681784,-1.1760628578356807,-1.176711640498729,3,Os,Fe,Fe,1,0.9392857142857142,0.679066555546151,0.0,1.0
157,-1.5741909366074032,-1.0840736041201795,-1.1468694769610852,4,Os,Ru,Ru,1,0.9464285714285712,0.7700267375036974,0.0,0.6666666666666666
158,-1.054807231133775,-1.2545206022502249,-1.1184234052983675,3,Os,Fe,Fe,1,0.9642857142857141,0.679066555546151,0.0,1.0
159,-0.9219640375284608,-1.2253473769866958,-1.2531777768272976,3,Ru,Fe,Fe,1,0.9857142857142854,0.684172319121686,0.0,1.0
160,-1.4995988907621487,-1.144226554259801,-1.0209165739487476,3,Ru,Fe,Fe,1,0.9678571428571429,0.684172319121686,0.0,1.0
161,-0.9987907483103997,-1.1815153235960643,-0.97780926462007,3,Ru,Fe,Fe,1,0.9714285714285713,0.6943838462727558,0.0,1.0
162,-1.161759336986842,-1.0168278547542422,-1.2001785809271694,3,Fe,Fe,Fe,1,0.9535714285714283,0.6943838462727558,1.0,1.0
163,-1.499569561163084,-1.0107222753691865,-1.0687801006345514,3,Os,Fe,Fe,1,0.95,0.679066555546151,0.0,1.0
164,-0.9749786946371763,-1.1216794415964075,-1.1322541082817998,3,Os,Fe,Fe,1,0.9214285714285713,0.679066555546151,0.0,1.0
165,-1.6024838693748682,-0.9961947255770007,-1.2064040509438403,2,Os,Ru,Ru,0,0.9392857142857142,0.5855711622047578,0.0,0.6666666666666666
166,-1.3872474952682536,-0.9931580308364194,-1.1687753746570233,3,Os,Fe,Fe,1,0.9571428571428571,0.679066555546151,0.0,1.0
167,-1.3453504833544805,-1.1649017563421635,-1.183089698027411,3,Os,Fe,Fe,1,0.9285714285714284,0.679066555546151,0.0,1.0
168,-1.7471836327316588,-1.2622358963978748,-1.141867876669136,2,Os,Ru,Ru,0,0.9178571428571428,0.5855711622047578,0.0,0.6666666666666666
169,-1.404682692982103,-1.2132375008468441,-1.0724999268463045,3,Ru,Fe,Fe,1,0.9178571428571428,0.684172319121686,0.0,1.0
170,-1.2467277293273584,-1.2389768086416277,-1.0174166198403543,3,Ru,Fe,Fe,1,0.9857142857142854,0.6943838462727558,0.0,1.0
171,-1.8291797012599424,-1.0787872503255764,-1.052660327411184,2,Ru,Ru,Ru,0,0.9178571428571428,0.5916079783099615,1.0,0.6666666666666666
172,-1.5688472650665783,-1.1468472672149608,-1.1020242861305252,3,Ru,Ru,Ru,1,0.9392857142857142,0.6994896098482908,1.0,1.0
173,-1.5309239231026686,-1.1351652671456074,-1.1348781900358147,3,Ru,Ru,Ru,1,0.9678571428571429,0.6943838462727558,1.0,1.0
174,-1.0814920197532336,-1.0288373598024199,-1.0106605044300268,3,Fe,Fe,Fe,1,0.9678571428571429,0.6994896098482908,1.0,1.0
175,-1.7918746118970565,-1.2041261709695135,-0.9674489444834833,3,Ru,Ru,Ru,0,0.9357142857142854,0.6994896098482908,1.0,1.0
176,-1.3914287321264311,-1.1061645042061843,-1.1632220365850283,3,Os,Fe,Fe,1,0.9392857142857142,0.679066555546151,0.0,1.0
177,-1.2472223456960798,-1.209112898136729,-1.0597887878408678,3,Ru,Fe,Fe,1,0.932142857142857,0.6943838462727558,0.0,1.0
178,-1.3278571207731324,-1.265871976188719,-1.225219422343623,3,Os,Fe,Fe,1,0.9464285714285712,0.679066555546151,0.0,1.0
179,-1.254012944180305,-1.0025125673325332,-1.009242240872986,3,Fe,Fe,Fe,1,0.9714285714285713,0.6943838462727558,1.0,1.0
180,-1.3632758513876955,-1.1421253878793864,-1.1425620206491214,3,Os,Fe,Fe,1,0.9285714285714284,0.679066555546151,0.0,1.0
181,-1.574768557162341,-1.0635854830476261,-1.096223172622507,4,Os,Ru,Ru,1,0.9464285714285712,0.7700267375036974,0.0,0.6666666666666666
182,-1.5429353036841094,-1.2165401084033038,-1.1670170684161822,3,Os,Ru,Ru,1,0.9749999999999999,0.6943838462727558,0.0,1.0
183,-1.3429278997608896,-1.0905289323010796,-1.16305358488358,3,Os,Fe,Fe,1,0.9249999999999998,0.679066555546151,0.0,1.0
184,-1.005377310065507,-1.1511554369301034,-1.0464110401291828,3,Ru,Fe,Fe,1,0.9392857142857142,0.684172319121686,0.0,1.0
185,-1.1784530448748334,-1.1639343904256922,-0.9877126920898669,3,Fe,Fe,Fe,1,0.9678571428571429,0.6994896098482908,1.0,1.0
186,-1.4419506218467073,-1.1946423374050907,-1.1138705255687458,3,Ru,Fe,Fe,1,0.95,0.684172319121686,0.0,1.0
187,-1.3188363349853376,-1.2050967084899353,-1.0665251030493714,3,Ru,Fe,Fe,1,0.9428571428571427,0.684172319121686,0.0,1.0
188,-1.4693752603413215,-1.0755498603615596,-1.0511271987650117,3,Ru,Fe,Fe,1,0.9642857142857141,0.684172319121686,0.0,1.0
189,-1.1694185396717647,-1.0774977659453313,-1.1100984691544427,4,Fe,Fe,Fe,1,0.9571428571428571,0.7746102299888384,1.0,1.0
190,-1.5082871849339403,-1.0989576181355032,-1.180700712334186,3,Os,Fe,Fe,1,0.8964285714285712,0.679066555546151,0.0,1.0
191,-1.5825575359232946,-1.1791560333146298,-1.233585574306388,4,Ru,Ru,Ru,1,0.9428571428571427,0.7746102299888384,1.0,0.6666666666666666
192,-1.3090205924184215,-1.0805968487621782,-1.068452737861944,3,Ru,Fe,Fe,1,0.9535714285714283,0.684172319121686,0.0,1.0
193,-1.426708989240586,-1.1010950195399563,-1.2062602307029793,4,Os,Fe,Fe,1,0.9464285714285712,0.7608597525334153,0.0,1.0
194,-1.5305016360833443,-1.064130730905654,-1.1820730590865376,3,Os,Ru,Ru,1,0.95,0.684172319121686,0.0,1.0
195,-1.5399011185250036,-1.159570193603664,-1.071221266004351,4,Ru,Ru,Ru,1,0.9285714285714284,0.7746102299888384,1.0,0.6666666666666666
196,-1.493922804196567,-1.206314559863276,-1.061734608952912,3,Ru,Fe,Fe,1,0.9357142857142854,0.684172319121686,0.0,1.0
197,-1.3972059018967904,-1.1276483981363108,-1.2390728940785511,4,Ru,Fe,Fe,1,0.9678571428571429,0.7654432450185562,0.0,1.0
198,-1.6649599742879166,-1.0176340118794327,-1.025727270027189,3,Os,Ru,Ru,0,0.932142857142857,0.6943838462727558,0.0,1.0
199,-1.5017894483379042,-1.2391125040122812,-1.1802798781643637,3,Os,Fe,Fe,1,0.9285714285714284,0.679066555546151,0.0,1.0
200,-1.345193909044886,-1.0356709674000752,-1.085952001014329,3,Os,Fe,Fe,1,0.9428571428571427,0.679066555546151,0.0,1.0
201,-1.3151492420822548,-0.9960203751718338,-0.9609342549220969,3,Ru,Fe,Fe,1,0.932142857142857,0.684172319121686,0.0,1.0
202,-1.8030425067296174,-1.064237680419703,-1.1862581320272005,2,Os,Ru,Ru,0,0.914285714285714,0.5855711622047578,0.0,0.6666666666666666
203,-1.984315088328586,-1.149619758076986,-1.0401314888991822,2,Ru,Ru,Ru,0,0.914285714285714,0.5916079783099615,1.0,0.6666666666666666
204,-1.4277537485317917,-1.2795316558221812,-0.9909569714879017,3,Ru,Fe,Fe,1,0.9249999999999998,0.684172319121686,0.0,1.0
205,-1.1130195552340958,-1.1485095194458546,-1.1003798761700536,4,Ru,Fe,Fe,1,0.9749999999999999,0.7746102299888384,0.0,1.0
206,-1.6589761150593265,-1.0074149956518539,-1.1158693364042132,2,Os,Ru,Ru,0,0.9285714285714284,0.5855711622047578,0.0,0.6666666666666666
207,-1.6668316871223188,-1.0007951857059882,-1.2350209476081067,2,Os,Ru,Ru,0,0.9535714285714283,0.5855711622047578,0.0,0.6666666666666666
208,-0.9896599807889621,-1.1307157247710309,-1.069319712156311,3,Ru,Fe,Fe,1,0.9357142857142854,0.684172319121686,0.0,1.0
209,-1.3991973255547254,-1.1123414861904157,-1.0119052565260362,3,Ru,Fe,Fe,1,0.9428571428571427,0.684172319121686,0.0,1.0
210,-1.6464732959417983,-1.0590190178718741,-1.0930793100885607,2,Os,Ru,Ru,0,0.9178571428571428,0.5855711622047578,0.0,0.6666666666666666
211,-1.5073766612453594,-1.1743956279241774,-1.0506496447183111,4,Ru,Fe,Fe,1,0.95,0.7654432450185562,0.0,1.0
212,-1.7096821440542214,-0.991985978732002,-1.25181350781958,3,Os,Ru,Ru,0,0.9249999999999998,0.6943838462727558,0.0,1.0
213,-1.554423115374362,-1.055712080534835,-1.1209075410022902,4,Os,Ru,Ru,1,0.9678571428571429,0.7700267375036974,0.0,0.6666666666666666
214,-1.3584246719820299,-1.0954259792114802,-1.002308655086504,3,Ru,Fe,Fe,1,0.9642857142857141,0.684172319121686,0.0,1.0
215,-1.4076710013599527,-1.1819954484580983,-1.1723377750079451,4,Ru,Fe,Fe,1,0.9607142857142855,0.7654432450185562,0.0,1.0
216,-1.3022139950494072,-1.000408783476511,-1.0049181879747133,3,Os,Fe,Fe,1,0.9392857142857142,0.679066555546151,0.0,1.0
217,-1.2395956767358607,-1.0573815921199268,-0.9827978635797585,3,Fe,Fe,Fe,1,0.932142857142857,0.6994896098482908,1.0,1.0
218,-1.3647994495413065,-1.2582364599283444,-1.1311584817906817,3,Os,Fe,Fe,1,0.932142857142857,0.679066555546151,0.0,1.0
219,-1.327510436104799,-1.2492772267023362,-1.1250209658379258,4,Os,Fe,Fe,1,0.9535714285714283,0.7608597525334153,0.0,1.0
220,-1.613765684832634,-1.0636966100846963,-1.2268070008808338,2,Os,Ru,Ru,0,0.9357142857142854,0.5855711622047578,0.0,0.6666666666666666
221,-1.0531150685589543,-1.0697504692402249,-1.2300588398510413,3,Os,Fe,Fe,1,0.8964285714285712,0.679066555546151,0.0,1.0
222,-1.3290160794366725,-1.1170037306854115,-1.1544522306169605,4,Os,Fe,Fe,1,0.9392857142857142,0.7608597525334153,0.0,1.0
223,-1.3161936298487351,-1.168602169806665,-1.2405497275533703,3,Ru,Fe,Fe,1,0.8892857142857141,0.684172319121686,0.0,1.0
224,-1.2440404093699384,-1.1209336726451042,-1.0929925883475955,3,Ru,Fe,Fe,1,0.9249999999999998,0.6943838462727558,0.0,1.0
225,-1.7134166549571068,-1.0488294108575975,-0.9950681019469532,3,Ru,Ru,Ru,0,0.9607142857142855,0.6994896098482908,1.0,1.0
226,-1.2249694904778352,-1.2135647617805574,-1.0928981525234063,3,Ru,Fe,Fe,1,0.9714285714285713,0.6943838462727558,0.0,1.0
227,-1.2937197804811442,-1.0622447053964188,-1.026532432481686,3,Ru,Fe,Fe,1,0.95,0.684172319121686,0.0,1.0
228,-1.520540671474859,-1.0269938107908922,-1.0561805359912606,3,Os,Fe,Fe,1,0.9249999999999998,0.679066555546151,0.0,1.0
229,-1.6457885979847018,-1.0793694019821554,-1.1812447090729574,2,Os,Ru,Ru,0,0.8964285714285712,0.5855711622047578,0.0,0.6666666666666666
230,-1.2659579797860014,-1.1896247413074117,-0.9893026446834787,3,Ru,Fe,Fe,1,0.9571428571428571,0.6943838462727558,0.0,1.0
231,-1.3228014738088463,-1.177413523173379,-1.2280989809288752,3,Ru,Fe,Fe,1,0.9571428571428571,0.684172319121686,0.0,1.0
232,-1.552882314056089,-1.1195975590239238,-1.141950114772896,4,Os,Ru,Ru,1,0.9249999999999998,0.7700267375036974,0.0,0.6666666666666666
233,-1.044993257797649,-1.2177015154855055,-1.2430503728279316,4,Ru,Fe,Fe,1,0.9357142857142854,0.7654432450185562,0.0,1.0
234,-1.324739054014792,-1.2598086207943342,-1.11148346484831,3,Os,Fe,Fe,1,0.9214285714285713,0.679066555546151,0.0,1.0
235,-1.3307919500516223,-1.0882790423769517,-0.9946687161785441,4,Ru,Fe,Fe,1,0.9785714285714284,0.7654432450185562,0.0,1.0
236,-1.2634736681338594,-1.0439852274623826,-1.1965806891382917,4,Os,Fe,Fe,1,0.9571428571428571,0.7654432450185562,0.0,1.0
237,-1.5587536667423336,-1.2788351545724803,-1.0031231454290475,3,Ru,Ru,Ru,1,0.9392857142857142,0.6994896098482908,1.0,1.0
238,-1.4206815109183974,-0.9974821532821607,-1.0822826220759043,3,Os,Fe,Fe,1,0.8964285714285712,0.679066555546151,0.0,1.0
239,-1.33057668394133,-1.0244587393499962,-0.964370370580324,5,Ru,Fe,Fe,1,0.9857142857142854,0.8270981320691836,0.0,1.0
240,-1.5914015171475622,-1.007487408615316,-1.217707612869344,3,Os,Ru,Ru,1,0.8964285714285712,0.6943838462727558,0.0,1.0
241,-1.6198963171988021,-0.9841433857499334,-1.0984540406080971,2,Os,Ru,Ru,0,0.9642857142857141,0.5855711622047578,0.0,0.6666666666666666
242,-1.049604892776081,-1.2001163144725413,-0.9869592785926959,3,Ru,Fe,Fe,1,0.9785714285714284,0.6943838462727558,0.0,1.0
243,-1.4643024949198953,-0.9883347636339788,-1.0596042802162344,4,Os,Fe,Fe,1,0.9571428571428571,0.7608597525334153,0.0,1.0
244,-1.5249970358997278,-1.0059092484109573,-1.0263412476654483,3,Os,Fe,Fe,1,0.9607142857142855,0.679066555546151,0.0,1.0
245,-0.9416338265706903,-1.0264975204100408,-1.0381654210688445,4,Os,Fe,Fe,1,0.9357142857142854,0.7608597525334153,0.0,1.0
246,-1.9735847524761603,-1.150339277259068,-1.18917507318782,2,Os,Ru,Ru,0,0.8821428571428571,0.5855711622047578,0.0,0.6666666666666666
247,-1.0278987826446373,-0.9864615863121997,-1.1163898338245923,3,Os,Fe,Fe,1,0.932142857142857,0.684172319121686,0.0,1.0
248,-1.2643412446367257,-1.0160642165691696,-1.1718559166963383,4,Os,Fe,Fe,1,0.9678571428571429,0.7654432450185562,0.0,1.0
249,-1.6163880790313951,-1.2279711802545519,-1.0779743102673116,3,Ru,Ru,Ru,0,0.9571428571428571,0.6994896098482908,1.0,1.0
250,-1.5592457424101047,-1.2433415372090095,-1.0629155604068516,3,Ru,Ru,Ru,1,0.9535714285714283,0.6994896098482908,1.0,1.0
251,-1.500351727974216,-0.9940034022868598,-1.1802332458554137,3,Os,Fe,Fe,1,0.9392857142857142,0.679066555546151,0.0,1.0
252,-1.3195782942286505,-1.0179905227188972,-0.963212986967378,3,Ru,Fe,Fe,1,0.9571428571428571,0.684172319121686,0.0,1.0
253,-1.6740308515053994,-1.1414516275828857,-0.995868863929549,2,Ru,Ru,Ru,0,0.9285714285714284,0.5916079783099615,1.0,0.6666666666666666
254,-1.39762636127036,-1.2038003580793903,-1.112495698773627,5,Ru,Fe,Fe,1,0.9749999999999999,0.8270981320691836,0.0,1.0
255,-1.229995485840928,-1.1722916114869764,-1.1908025702010518,3,Ru,Fe,Fe,1,0.9535714285714283,0.684172319121686,0.0,1.0
256,-1.5551071900126647,-1.193440313378912,-1.1086953852084167,3,Ru,Ru,Ru,1,0.907142857142857,0.6994896098482908,1.0,1.0
257,-1.5104723507372961,-1.2521682263315979,-1.1768572400258834,3,Os,Fe,Fe,1,0.9357142857142854,0.679066555546151,0.0,1.0
258,-1.868388045080688,-1.2122441121533203,-1.172255691674001,2,Os,Ru,Ru,0,0.9249999999999998,0.5855711622047578,0.0,0.6666666666666666
259,-1.0909328527366462,-1.2690412646633165,-1.1098461437991332,3,Os,Fe,Fe,1,0.9678571428571429,0.684172319121686,0.0,1.0
260,-1.5590796064788959,-1.1404827891976432,-1.03830987269413,3,Ru,Ru,Ru,1,0.9392857142857142,0.6663021466073136,1.0,0.6666666666666666
261,-1.2613274864249067,-1.2422365809840408,-1.127340534929001,3,Os,Fe,Fe,1,0.9214285714285713,0.679066555546151,0.0,1.0
262,-1.667457552643361,-1.1849346142519301,-0.9934826272276684,3,Ru,Ru,Ru,0,0.9714285714285713,0.6994896098482908,1.0,1.0
263,-1.8457572623346807,-1.187413912039919,-1.1916715909807725,3,Ru,Ru,Ru,0,0.9678571428571429,0.6994896098482908,1.0,1.0
264,-1.3774519584103344,-1.2468315678858894,-1.1964700316476966,3,Os,Fe,Fe,1,0.9464285714285712,0.679066555546151,0.0,1.0
265,-1.5267767547783497,-1.185735135949081,-1.217755286890244,3,Ru,Ru,Ru,1,0.8964285714285712,0.6943838462727558,1.0,1.0
266,-1.5604691635400165,-1.086664096153856,-1.1855998538477504,4,Os,Ru,Ru,1,0.9714285714285713,0.7700267375036974,0.0,0.6666666666666666
267,-1.5232611007435921,-1.1064032643138593,-1.0285314058039376,3,Ru,Ru,Ru,1,0.9714285714285713,0.6943838462727558,1.0,1.0
268,-1.5449153532751108,-1.0933748613580183,-1.0476144267482081,3,Ru,Ru,Ru,1,0.9464285714285712,0.6663021466073136,1.0,0.6666666666666666
269,-1.489152093173862,-1.1190776453412077,-0.9985151511764863,3,Ru,Fe,Fe,1,0.95,0.684172319121686,0.0,1.0
270,-1.4908434484153066,-1.2723389708641464,-1.0603327254552914,3,Os,Fe,Fe,1,0.9178571428571428,0.679066555546151,0.0,1.0
271,-1.4881818880277227,-1.1500942989899512,-1.2578801961845523,3,Ru,Fe,Fe,1,0.9214285714285713,0.684172319121686,0.0,1.0
272,-1.416032218524096,-1.1308775787257186,-1.2144445525818643,3,Os,Fe,Fe,1,0.932142857142857,0.679066555546151,0.0,1.0
273,-1.2447033347251795,-1.0443120909770949,-1.0898747287775994,4,Fe,Fe,Fe,1,0.9642857142857141,0.7746102299888384,1.0,1.0
274,-1.2897846566826712,-1.024500868105759,-1.049136457690146,3,Os,Fe,Fe,1,0.9607142857142855,0.679066555546151,0.0,1.0
275,-0.9069760435764158,-0.9982078929092106,-1.1058553244873162,3,Os,Fe,Fe,1,0.932142857142857,0.679066555546151,0.0,1.0
276,-1.1899241740027608,-1.2234050869357207,-1.1915542798418155,4,Fe,Fe,Fe,1,0.982142857142857,0.7746102299888384,1.0,1.0
277,-1.5390742909391546,-1.1156742271459468,-1.0483503115497559,3,Ru,Ru,Ru,1,0.9392857142857142,0.6943838462727558,1.0,1.0
278,-1.5523351711949274,-1.1957011628932834,-1.0208247953485279,3,Ru,Ru,Ru,1,0.932142857142857,0.6994896098482908,1.0,1.0
279,-1.307842261115348,-1.1486564226948375,-1.0695099853830783,3,Ru,Fe,Fe,1,0.95,0.684172319121686,0.0,1.0
280,-1.5573283165762313,-1.0448148267966786,-1.0423133606957444,4,Ru,Ru,Ru,1,0.9749999999999999,0.7746102299888384,1.0,0.6666666666666666
281,-1.648606324928504,-1.080507605130607,-0.9962060490739671,3,Ru,Ru,Ru,0,0.9642857142857141,0.6994896098482908,1.0,1.0
282,-1.2381855749492963,-1.0929698994150039,-1.2416006746547845,3,Fe,Fe,Fe,1,0.9714285714285713,0.6943838462727558,1.0,1.0
283,-1.509987196862225,-1.192176844355767,-1.0827681524806925,3,Ru,Fe,Fe,1,0.914285714285714,0.684172319121686,0.0,1.0
284,-0.9810907435832892,-1.237108759135321,-1.0407541310337605,3,Ru,Fe,Fe,1,0.9357142857142854,0.684172319121686,0.0,1.0
285,-1.5349210716964823,-1.0935037269507855,-1.212713162005125,4,Os,Ru,Ru,1,0.9571428571428571,0.7700267375036974,0.0,0.6666666666666666
286,-0.8610812788358356,-1.0269697094429024,-1.0958462883084816,4,Os,Fe,Fe,1,0.9571428571428571,0.7608597525334153,0.0,1.0
287,-1.3788343944185923,-1.1759143030367118,-1.2297483895945327,3,Ru,Fe,Fe,1,0.8964285714285712,0.684172319121686,0.0,1.0
288,-1.5466277687600112,-1.266582134854912,-1.0330182364758862,3,Ru,Ru,Ru,1,0.9428571428571427,0.6994896098482908,1.0,1.0
289,-1.6758036489310686,-1.2303512092331017,-1.2010522981645164,2,Os,Ru,Ru,0,0.914285714285714,0.5855711622047578,0.0,0.6666666666666666
290,-1.3496343409506173,-1.1412780208965119,-0.9846865337491237,4,Ru,Fe,Fe,1,0.9464285714285712,0.7654432450185562,0.0,1.0
291,-1.4556282130660487,-0.9935673133747602,-1.04079815740224,3,Os,Fe,Fe,1,0.95,0.679066555546151,0.0,1.0
292,-1.277724899490917,-1.1569428880067307,-1.122612635155156,3,Ru,Fe,Fe,1,0.9357142857142854,0.684172319121686,0.0,1.0
293,-1.5070911331695276,-1.243986458015564,-1.2162226637578446,3,Os,Fe,Fe,1,0.9285714285714284,0.679066555546151,0.0,1.0
294,-1.5580461006158073,-0.996625896301175,-1.0876016369998014,3,Os,Ru,Ru,1,0.9249999999999998,0.6943838462727558,0.0,1.0
295,-1.418716618622828,-1.0097354136459629,-1.2202744445628713,4,Os,Fe,Fe,1,0.9392857142857142,0.7608597525334153,0.0,1.0
296,-1.637550857230499,-1.0454759794299013,-1.1844893690468628,2,Os,Ru,Ru,0,0.9035714285714285,0.5855711622047578,0.0,0.6666666666666666
297,-1.2597070161707482,-1.1611521138536949,-0.9686200746757321,3,Ru,Fe,Fe,1,0.982142857142857,0.6943838462727558,0.0,1.0
298,-1.3361145772810112,-1.2473054792604625,-1.1168055009798494,3,Os,Fe,Fe,1,0.8749999999999999,0.679066555546151,0.0,1.0
299,-1.5744762790155724,-1.0692466611178437,-1.026310655157191,3,Ru,Ru,Ru,1,0.9392857142857142,0.6994896098482908,1.0,1.0
300,-1.534999773547323,-1.0169275621351324,-0.9918923443720493,3,Ru,Ru,Ru,1,0.907142857142857,0.6943838462727558,1.0,1.0
301,-1.4158053042925633,-1.2044313665916508,-1.1435357354840883,3,Ru,Fe,Fe,1,0.9178571428571428,0.684172319121686,0.0,1.0
302,-1.8341857828237773,-1.0832683566493777,-1.1308453490818366,2,Os,Ru,Ru,0,0.8749999999999999,0.5855711622047578,0.0,0.6666666666666666
303,-1.2698502180081064,-1.1799189000685768,-1.0834185705318025,3,Ru,Fe,Fe,1,0.9249999999999998,0.684172319121686,0.0,1.0
304,-1.3751004233477453,-1.056507792703646,-1.027848180045738,3,Ru,Fe,Fe,1,0.9642857142857141,0.684172319121686,0.0,1.0
305,-1.6662124997038517,-1.151147638018742,-1.1243817536921223,3,Ru,Ru,Ru,0,0.9678571428571429,0.6994896098482908,1.0,1.0
306,-1.406802194062342,-1.2088119611582648,-1.2102810959435266,3,Ru,Fe,Fe,1,0.9392857142857142,0.684172319121686,0.0,1.0
307,-1.146241652391532,-1.0164639017150772,-1.0044511615495653,4,Fe,Fe,Fe,1,0.9571428571428571,0.7791937224739796,1.0,1.0
308,-1.5231313732139555,-1.2532771648901828,-1.0875764955187615,3,Os,Ru,Ru,1,0.9535714285714283,0.684172319121686,0.0,1.0
309,-1.413298280311303,-1.1094170371495151,-1.0114855074499096,3,Ru,Fe,Fe,1,0.9607142857142855,0.684172319121686,0.0,1.0
310,-1.1352407058735074,-1.156197851809592,-1.2308729829454557,3,Ru,Fe,Fe,1,0.95,0.6943838462727558,0.0,1.0
311,-1.6383533907775458,-1.2369363917460772,-1.1203044171659604,3,Os,Ru,Ru,0,0.95,0.6943838462727558,0.0,1.0
312,-1.3143519132664356,-1.0002254491740101,-0.9791898638186638,3,Ru,Fe,Fe,1,0.9214285714285713,0.684172319121686,0.0,1.0
313,-1.5478991132457716,-1.2001546784627621,-1.2235028702962862,3,Ru,Ru,Ru,1,0.8964285714285712,0.6994896098482908,1.0,1.0
314,-1.5436144781075873,-1.0159643727042895,-0.9938222722300225,3,Ru,Ru,Ru,1,0.9107142857142855,0.6560906194562437,1.0,0.6666666666666666
315,-1.5331304577560916,-1.0941040628230554,-1.0899404133570756,3,Ru,Ru,Ru,1,0.9428571428571427,0.6943838462727558,1.0,1.0
316,-1.3352512150986362,-1.2192827435837796,-1.1030403365150108,3,Ru,Fe,Fe,1,0.9714285714285713,0.684172319121686,0.0,1.0
317,-1.2531005049099908,-1.045768982510366,-1.0855974993494668,3,Os,Fe,Fe,1,0.9678571428571429,0.684172319121686,0.0,1.0
318,-1.3395982280152827,-1.2691277940264225,-0.9630825371009044,3,Ru,Fe,Fe,1,0.9607142857142855,0.684172319121686,0.0,1.0
319,-1.3740204191675274,-1.1707085000792745,-1.0735740994913117,4,Ru,Fe,Fe,1,0.9642857142857141,0.7654432450185562,0.0,1.0
320,-1.235440144573186,-1.0419689038501947,-0.980297624890391,3,Fe,Fe,Fe,1,0.9178571428571428,0.6994896098482908,1.0,1.0
321,-1.311666585810928,-0.9928111564284847,-1.1712627587113789,3,Os,Fe,Fe,1,0.9285714285714284,0.679066555546151,0.0,1.0
322,-1.690269943281042,-1.1776967241093403,-1.1846895487578637,3,Ru,Ru,Ru,0,0.9535714285714283,0.6994896098482908,1.0,1.0
323,-1.2988495320943505,-1.142248575911648,-1.1765649844908357,3,Os,Fe,Fe,1,0.932142857142857,0.679066555546151,0.0,1.0
324,-1.6289107592904613,-1.0273399398985419,-1.1998765158784241,2,Os,Ru,Ru,0,0.9035714285714285,0.5855711622047578,0.0,0.6666666666666666
325,-1.1085961334776469,-1.1386009782226676,-1.1136475681428535,3,Ru,Fe,Fe,1,0.9357142857142854,0.684172319121686,0.0,1.0
326,-1.5614148464498798,-1.0565113633562884,-1.1375256081215332,4,Os,Ru,Ru,1,0.95,0.7700267375036974,0.0,0.6666666666666666
327,-1.2671654374019685,-0.9964342227742762,-1.1427937910098567,3,Os,Fe,Fe,1,0.9464285714285712,0.684172319121686,0.0,1.0
328,-1.2119763586076058,-1.1940074250677144,-1.241600860552245,3,Ru,Fe,Fe,1,0.982142857142857,0.6943838462727558,0.0,1.0
329,-1.4903386262774974,-1.057572032506417,-1.0087673454230344,3,Ru,Fe,Fe,1,0.9571428571428571,0.684172319121686,0.0,1.0
330,-1.7033021303129594,-1.1993367802609338,-1.2077889792443823,3,Ru,Ru,Ru,0,0.914285714285714,0.6994896098482908,1.0,1.0
331,-1.3372781175003723,-1.174009251064424,-1.0733606517053687,3,Ru,Fe,Fe,1,0.9178571428571428,0.684172319121686,0.0,1.0
332,-1.394276936452444,-1.1552977862021414,-1.0765184911973227,4,Ru,Fe,Fe,1,0.9678571428571429,0.7654432450185562,0.0,1.0
333,-1.2501076239075977,-1.0860530719201047,-1.213503328470586,4,Os,Fe,Fe,1,0.9464285714285712,0.7608597525334153,0.0,1.0
334,-1.3391235312516168,-1.1108715335808987,-1.1513709852380243,3,Os,Fe,Fe,1,0.907142857142857,0.679066555546151,0.0,1.0
335,-1.1022525634852107,-1.16892147904923,-1.0865780856568885,3,Ru,Fe,Fe,1,0.9428571428571427,0.6943838462727558,0.0,1.0
336,-1.5471226092129864,-1.1866114912397965,-1.0786156262593227,4,Ru,Ru,Ru,1,0.9857142857142854,0.7746102299888384,1.0,0.6666666666666666
337,-1.3342703721815432,-1.2513032638420065,-1.0316803164811241,3,Ru,Fe,Fe,1,0.9214285714285713,0.684172319121686,0.0,1.0
338,-1.792696531147664,-1.0310101679950243,-1.013115077494904,2,Ru,Ru,Ru,0,0.8785714285714284,0.5916079783099615,1.0,0.6666666666666666
339,-1.1849663053961328,-1.074167347354744,-1.100535026517167,4,Fe,Fe,Fe,1,0.9749999999999999,0.7746102299888384,1.0,1.0
340,-1.5068688806428714,-1.2610999471239648,-1.0053522906255865,4,Ru,Fe,Fe,1,0.95,0.7654432450185562,0.0,1.0
341,-1.5418677201673385,-1.0333579302018834,-1.0413728627906629,3,Os,Ru,Ru,1,0.914285714285714,0.6611963830317786,0.0,0.6666666666666666
342,-1.3979722139371955,-1.0040081947842925,-1.1125729179454136,3,Os,Fe,Fe,1,0.8857142857142855,0.679066555546151,0.0,1.0
343,-1.753999986387766,-1.114073783871534,-1.132014231059226,2,Os,Ru,Ru,0,0.9249999999999998,0.5855711622047578,0.0,0.6666666666666666
344,-1.3685207592703004,-1.2172839452608317,-1.1438401081590754,3,Os,Fe,Fe,1,0.9249999999999998,0.679066555546151,0.0,1.0
345,-1.0096156130033964,-1.02252675922538,-1.005071714156827,3,Ru,Fe,Fe,1,0.95,0.6943838462727558,0.0,1.0
346,-1.139095977285732,-1.127699245441262,-1.230322354673895,3,Fe,Fe,Fe,1,0.9285714285714284,0.6994896098482908,1.0,1.0
347,-1.4661476146099495,-1.0296473632326686,-1.1894831077533239,3,Os,Fe,Fe,1,0.9428571428571427,0.679066555546151,0.0,1.0
348,-1.3551149567918979,-1.2045009480424507,-1.1559675102133846,4,Os,Fe,Fe,1,0.9607142857142855,0.7608597525334153,0.0,1.0
349,-1.0530147643435628,-1.236761974450651,-1.2027487550418103,3,Os,Fe,Fe,1,0.9535714285714283,0.679066555546151,0.0,1.0
350,-1.565149973583096,-1.134802926895984,-1.1732884355791544,3,Os,Ru,Ru,1,0.9249999999999998,0.6943838462727558,0.0,1.0
351,-1.2603400992963494,-1.2383924367508883,-1.2418272330106404,3,Ru,Fe,Fe,1,0.9214285714285713,0.684172319121686,0.0,1.0
352,-1.0653069412791822,-1.1385436100122737,-1.099895092765743,4,Ru,Fe,Fe,1,0.9535714285714283,0.7654432450185562,0.0,1.0
353,-1.116312325819297,-1.100059568581792,-1.1283709368393535,4,Os,Fe,Fe,1,0.9428571428571427,0.7654432450185562,0.0,1.0
354,-1.406813474353081,-1.0456463562421956,-1.0591955484575313,4,Os,Fe,Fe,1,0.9607142857142855,0.7608597525334153,0.0,1.0
355,-1.6712065276528252,-1.1824783807796202,-1.0411811571548752,2,Ru,Ru,Ru,0,0.9571428571428571,0.5916079783099615,1.0,0.6666666666666666
356,-1.5592205176459308,-1.2722351989572602,-1.2157006323976354,3,Os,Ru,Ru,1,0.9428571428571427,0.6943838462727558,0.0,1.0
357,-1.522013147149161,-1.118080530713303,-1.0498863113235304,3,Ru,Ru,Ru,1,0.9678571428571429,0.6943838462727558,1.0,1.0
358,-1.262861964302859,-1.1133603616000916,-1.0882722307343204,3,Ru,Fe,Fe,1,0.9285714285714284,0.684172319121686,0.0,1.0
359,-1.7127658057281778,-1.0380516729904636,-1.2170990041767418,2,Os,Ru,Ru,0,0.8642857142857141,0.5855711622047578,0.0,0.6666666666666666
360,-1.0885392778090794,-1.0844820340189778,-0.9977989451055456,3,Fe,Fe,Fe,1,0.9714285714285713,0.6994896098482908,1.0,1.0
361,-1.5899148838719568,-1.2795597566635792,-1.0593997966892963,3,Os,Ru,Ru,1,0.907142857142857,0.6943838462727558,0.0,1.0
362,-1.3395220889809287,-1.0022586197820234,-0.9719642785757724,4,Ru,Fe,Fe,1,0.9428571428571427,0.7654432450185562,0.0,1.0
363,-1.2351904623357854,-1.214228760163339,-1.1208778069808487,3,Ru,Fe,Fe,1,0.932142857142857,0.684172319121686,0.0,1.0
364,-1.2979983475279677,-1.0297043611167358,-1.0312887512078384,3,Os,Fe,Fe,1,0.9464285714285712,0.679066555546151,0.0,1.0
365,-1.5483188836258028,-1.137966377485976,-1.125127780510253,3,Ru,Ru,Ru,1,0.9607142857142855,0.6994896098482908,1.0,1.0
366,-1.2743226626772122,-0.9972683265108182,-1.00792228430745,4,Fe,Fe,Fe,1,0.9357142857142854,0.7746102299888384,1.0,1.0
367,-1.337434873621731,-1.2572424206342017,-1.1392603280697187,3,Os,Fe,Fe,1,0.9285714285714284,0.679066555546151,0.0,1.0
368,-1.6895574079684401,-1.0816318962408387,-1.2093429268918396,2,Os,Ru,Ru,0,0.9392857142857142,0.5855711622047578,0.0,0.6666666666666666
369,-1.5221725828169863,-1.1499957682867041,-0.9742231671500181,4,Ru,Ru,Ru,1,0.9571428571428571,0.7746102299888384,1.0,1.0
370,-1.8452562643710442,-1.1224257898443042,-1.1849363591439028,2,Os,Ru,Ru,0,0.8964285714285712,0.5855711622047578,0.0,0.6666666666666666
371,-1.443426492092455,-1.0366744419419043,-1.049854766600634,3,Os,Fe,Fe,1,0.9107142857142855,0.679066555546151,0.0,1.0
372,-1.389132790028254,-1.068922600774635,-0.9766711391142202,4,Ru,Fe,Fe,1,0.9749999999999999,0.7654432450185562,0.0,1.0
373,-1.3918469371560163,-1.0583291671423494,-1.2561091343687663,3,Os,Fe,Fe,1,0.9357142857142854,0.679066555546151,0.0,1.0
374,-1.8236664242608245,-1.079780741726351,-1.0336408120205762,2,Ru,Ru,Ru,0,0.8678571428571429,0.5916079783099615,1.0,0.6666666666666666
375,-1.6150109141848967,-1.023456074699184,-1.066743044962585,3,Os,Ru,Ru,0,0.9642857142857141,0.6943838462727558,0.0,1.0
376,-1.66707273789234,-1.1030646711474534,-1.2035645949639284,2,Os,Ru,Ru,0,0.9535714285714283,0.5855711622047578,0.0,0.6666666666666666
377,-1.358862254212185,-1.232550665308504,-1.076924907955825,4,Ru,Fe,Fe,1,0.95,0.7654432450185562,0.0,1.0
378,-1.9189634711642471,-1.2565065584707584,-1.0528088343707087,3,Ru,Ru,Ru,0,0.907142857142857,0.6994896098482908,1.0,1.0
379,-1.8337751691731572,-1.1622705415853132,-0.972725579291581,3,Ru,Ru,Ru,0,0.914285714285714,0.6994896098482908,1.0,1.0
380,-1.388234339886322,-1.1223328523630265,-1.0947952348175196,4,Ru,Fe,Fe,1,0.9285714285714284,0.7654432450185562,0.0,1.0
381,-1.552478668797406,-1.1635321868158373,-1.0256372292152012,5,Ru,Ru,Ru,1,0.9571428571428571,0.8270981320691836,1.0,0.6666666666666666
382,-1.552237632333275,-1.19047305534494,-1.0271800373430278,5,Ru,Ru,Ru,1,0.9714285714285713,0.822845699513558,1.0,0.6666666666666666
383,-1.6726462331720577,-1.2134853422460552,-1.0271038458250674,3,Ru,Ru,Ru,0,0.9464285714285712,0.6994896098482908,1.0,1.0
384,-1.4564853069159887,-1.037873479402942,-1.108811770048435,3,Os,Fe,Fe,1,0.9107142857142855,0.679066555546151,0.0,1.0
385,-0.7346298102708491,-1.0134057312292715,-1.1973839545787675,4,Os,Fe,Fe,1,0.9464285714285712,0.7608597525334153,0.0,1.0
386,-1.6823736605397195,-1.2700094016785775,-1.0565592173749065,2,Os,Ru,Ru,0,0.9249999999999998,0.5855711622047578,0.0,0.6666666666666666
387,-1.6692139091874745,-1.222348788179425,-1.1461510699442223,2,Os,Ru,Ru,0,0.9214285714285713,0.5855711622047578,0.0,0.6666666666666666
388,-1.1150856133544602,-1.2129683849639548,-1.1201301551640066,4,Ru,Fe,Fe,1,0.95,0.7654432450185562,0.0,1.0
389,-1.557529359627663,-1.2072818932295983,-1.186745126266697,3,Os,Ru,Ru,1,0.9357142857142854,0.6943838462727558,0.0,1.0
390,-1.300613605213127,-1.2494282516129163,-1.205736644870246,3,Os,Fe,Fe,1,0.9678571428571429,0.679066555546151,0.0,1.0
391,-1.8813718664828705,-1.0949337755350634,-1.2404200844186017,3,Os,Ru,Ru,0,0.95,0.6943838462727558,0.0,1.0
392,-1.1206636467473072,-1.0689524417943972,-1.0132756047107345,3,Fe,Fe,Fe,1,0.9107142857142855,0.6994896098482908,1.0,1.0
393,-1.092745958755379,-1.0960051317916677,-1.054392265204217,3,Ru,Fe,Fe,1,0.932142857142857,0.6943838462727558,0.0,1.0
394,-1.1860656524949411,-1.1481320814469376,-0.9909986810834416,3,Fe,Fe,Fe,1,0.9749999999999999,0.6994896098482908,1.0,1.0
395,-1.449873176503529,-1.2144129565991262,-0.9700626717531136,4,Ru,Fe,Fe,1,0.932142857142857,0.7654432450185562,0.0,1.0
396,-1.2990386681046857,-1.2617662759842334,-1.1642151117338524,4,Os,Fe,Fe,1,0.9392857142857142,0.7608597525334153,0.0,1.0
397,-1.7169500946943197,-1.0498235508122142,-1.1254944809529086,2,Os,Ru,Ru,0,0.8785714285714284,0.5855711622047578,0.0,0.6666666666666666
398,-1.1957170938098451,-1.216992831760656,-1.1416472600803895,3,Fe,Fe,Fe,1,0.9607142857142855,0.6943838462727558,1.0,1.0
399,-1.1997535398334307,-1.2652424512474851,-1.0970809077760584,3,Fe,Fe,Fe,1,0.9178571428571428,0.6943838462727558,1.0,1.0
400,-1.130218431313853,-1.146304387365722,-1.167379350643993,3,Os,Fe,Fe,1,0.9035714285714285,0.679066555546151,0.0,1.0
401,-1.3047322096990908,-1.121922422204621,-1.1284826427655443,3,Os,Fe,Fe,1,0.907142857142857,0.679066555546151,0.0,1.0
402,-1.2105222003424203,-1.1135549798175182,-1.241418804209834,4,Fe,Fe,Fe,1,0.9857142857142854,0.7791937224739796,1.0,1.0
403,-1.868653050149174,-1.0320007576012513,-0.986522622254062,2,Ru,Ru,Ru,0,0.9249999999999998,0.5916079783099615,1.0,0.6666666666666666
404,-1.5933075105991952,-1.0919297497608704,-1.1674832002933713,2,Os,Ru,Ru,0,0.9642857142857141,0.5855711622047578,0.0,0.6666666666666666
405,-1.386680312455027,-1.2741472846085542,-1.0204885924491187,4,Ru,Fe,Fe,1,0.914285714285714,0.7654432450185562,0.0,1.0
406,-1.6484190506236205,-1.0492494149615297,-1.0390078790809625,2,Ru,Ru,Ru,0,0.914285714285714,0.5916079783099615,1.0,0.6666666666666666
407,-1.2032436767269712,-1.2339576600398234,-1.1365536021163831,3,Fe,Fe,Fe,1,0.9571428571428571,0.6943838462727558,1.0,1.0
408,-1.1868259424712426,-1.0428003219941198,-0.9888560435443059,3,Fe,Fe,Fe,1,0.982142857142857,0.6994896098482908,1.0,1.0
409,-1.5893106730835027,-1.0127668852615952,-1.0531188057113257,4,Os,Ru,Ru,1,0.9535714285714283,0.7700267375036974,0.0,0.6666666666666666
410,-1.2971055978131516,-1.1458816517249297,-1.1586979000285718,5,Os,Fe,Fe,1,0.9607142857142855,0.8185932669579323,0.0,1.0
411,-1.663347215362882,-1.091120363330825,-1.2549052915025773,2,Ru,Ru,Ru,0,0.907142857142857,0.5916079783099615,1.0,0.6666666666666666
412,-1.168507064854413,-1.055968153822046,-1.1963772440316538,3,Fe,Fe,Fe,1,0.95,0.6943838462727558,1.0,1.0
413,-1.3845523131705213,-1.2659841921990114,-1.1667647487355999,3,Os,Fe,Fe,1,0.9392857142857142,0.679066555546151,0.0,1.0
414,-1.326953090009004,-1.132022174732424,-1.174600985077144,4,Os,Fe,Fe,1,0.9571428571428571,0.7608597525334153,0.0,1.0
415,-1.317931814849727,-1.1097684905751004,-1.1755445468982741,3,Os,Fe,Fe,1,0.9464285714285712,0.679066555546151,0.0,1.0
416,-1.4366445321536205,-1.193586337148059,-1.1347695428898894,4,Ru,Fe,Fe,1,0.932142857142857,0.7654432450185562,0.0,1.0
417,-1.3006798398421133,-1.1873034836550482,-1.042652237227536,3,Ru,Fe,Fe,1,0.8892857142857141,0.684172319121686,0.0,1.0
418,-1.2841793610123369,-1.193650423614874,-1.1479580793988544,3,Ru,Fe,Fe,1,0.9285714285714284,0.684172319121686,0.0,1.0
419,-1.653220974969547,-1.2290482221984016,-1.0901569790957557,3,Ru,Ru,Ru,0,0.9642857142857141,0.6994896098482908,1.0,1.0
420,-1.576676555859828,-1.0308593808689093,-1.214484568568294,3,Os,Ru,Ru,1,0.9285714285714284,0.6943838462727558,0.0,1.0
421,-1.4354793258956007,-1.266923106733306,-1.0240979758242068,3,Ru,Fe,Fe,1,0.9392857142857142,0.684172319121686,0.0,1.0
422,-0.9317662218024934,-1.2184131388024084,-1.0572949864287975,4,Ru,Fe,Fe,1,0.9678571428571429,0.7654432450185562,0.0,1.0
423,-2.2846140477449945,-1.1488029366877304,-0.9646725648971588,3,Ru,Ru,Ru,0,0.9535714285714283,0.6994896098482908,1.0,1.0
424,-1.6549217016753888,-1.0102755745046887,-1.2341186941392903,4,Os,Ru,Ru,0,0.9607142857142855,0.7700267375036974,0.0,0.6666666666666666
425,-1.9169309433050412,-1.0517777127068442,-1.0193907236867668,2,Ru,Ru,Ru,0,0.9285714285714284,0.5916079783099615,1.0,0.6666666666666666
426,-1.0933302194836743,-1.0545898198476236,-0.9653419222570596,3,Fe,Fe,Fe,1,0.914285714285714,0.6994896098482908,1.0,1.0
427,-0.8427713434312263,-1.2799932168352073,-0.9628011861168322,4,Ru,Fe,Fe,1,0.9392857142857142,0.7654432450185562,0.0,1.0
428,-1.3912756772553063,-1.1107050026931646,-1.2066332670559028,3,Os,Fe,Fe,1,0.9428571428571427,0.679066555546151,0.0,1.0
429,-1.519162349053606,-1.2219062241959957,-0.9782791396855892,3,Ru,Ru,Ru,1,0.9642857142857141,0.6943838462727558,1.0,1.0
430,-1.1516510993200164,-1.237215268403345,-1.2043949896160164,3,Fe,Fe,Fe,1,0.9714285714285713,0.6943838462727558,1.0,1.0
431,-1.4095179915600633,-1.0638612340410778,-1.0385929158755918,3,Ru,Fe,Fe,1,0.8999999999999999,0.684172319121686,0.0,1.0
432,-1.2959660077692938,-1.0348193472236846,-1.1099541627674405,3,Os,Fe,Fe,1,0.9535714285714283,0.679066555546151,0.0,1.0
433,-1.3271232450481825,-1.0386675045150144,-1.1845663252086542,4,Os,Fe,Fe,1,0.9249999999999998,0.7608597525334153,0.0,1.0
434,-1.2522585936170927,-1.0120288599947576,-1.218838870745603,4,Os,Fe,Fe,1,0.95,0.7654432450185562,0.0,1.0
435,-1.4701731831794211,-1.216717910128179,-0.9973145019667056,3,Ru,Fe,Fe,1,0.9392857142857142,0.684172319121686,0.0,1.0
436,-1.4362372517478075,-1.1069581528177628,-1.1994616760265737,3,Os,Fe,Fe,1,0.9392857142857142,0.679066555546151,0.0,1.0
437,-1.69338507082633,-1.0555627326013197,-1.0719510061714652,2,Os,Ru,Ru,0,0.9035714285714285,0.5855711622047578,0.0,0.6666666666666666
438,-1.1229840082574334,-1.176985003894914,-1.229765240753911,3,Ru,Fe,Fe,1,0.95,0.6943838462727558,0.0,1.0
439,-1.227519721197217,-1.079304552927264,-1.1558343945771536,3,Os,Fe,Fe,1,0.95,0.684172319121686,0.0,1.0
440,-1.4861665768212964,-1.0735608839044566,-1.093307050531828,4,Os,Fe,Fe,1,0.9392857142857142,0.7608597525334153,0.0,1.0
441,-1.1360244708104341,-1.1016319467217697,-1.176816976783517,4,Os,Fe,Fe,1,0.9535714285714283,0.7654432450185562,0.0,1.0
442,-1.4447365297987613,-1.0518880289709531,-1.0014283380314344,4,Ru,Fe,Fe,1,0.932142857142857,0.7654432450185562,0.0,1.0
443,-1.1560420825692732,-1.2590149894018727,-1.2385632477428277,3,Fe,Fe,Fe,1,0.9214285714285713,0.6943838462727558,1.0,1.0
444,-1.013859604235424,-0.9895377965051553,-1.1751005122596738,3,Os,Fe,Fe,1,0.9464285714285712,0.684172319121686,0.0,1.0
445,-1.360340020762541,-1.2632364840495423,-1.2088956835555413,3,Os,Fe,Fe,1,0.932142857142857,0.679066555546151,0.0,1.0
446,-1.3838324411694847,-1.1714737676502123,-1.0290003931084017,3,Ru,Fe,Fe,1,0.907142857142857,0.684172319121686,0.0,1.0
447,-1.4486227695409406,-1.0346138995888403,-1.163296420051854,3,Os,Fe,Fe,1,0.9178571428571428,0.679066555546151,0.0,1.0
448,-1.3590563247513539,-1.1581647057944395,-1.1216205282369682,4,Ru,Fe,Fe,1,0.9714285714285713,0.7654432450185562,0.0,1.0
449,-1.6385050757674686,-1.020754005350538,-1.0216431891404574,2,Os,Ru,Ru,0,0.8964285714285712,0.5855711622047578,0.0,0.6666666666666666
450,-1.3745024687056113,-1.2488482649418577,-1.1535172403502685,3,Os,Fe,Fe,1,0.9357142857142854,0.679066555546151,0.0,1.0
451,-1.1635345375210897,-1.0074616706722503,-1.1476294451252116,4,Fe,Fe,Fe,1,0.9642857142857141,0.7746102299888384,1.0,1.0
452,-1.5290575041517787,-1.0226419802213038,-1.1566259021560457,3,Os,Ru,Ru,1,0.9214285714285713,0.684172319121686,0.0,1.0
453,-1.4553640745678451,-1.120260100622279,-1.0309073054185611,3,Ru,Fe,Fe,1,0.932142857142857,0.684172319121686,0.0,1.0
454,-1.483959341428061,-1.271093604063026,-0.9885852438637968,3,Ru,Fe,Fe,1,0.8964285714285712,0.684172319121686,0.0,1.0
455,-1.3383296896186956,-1.2202128590868155,-1.0745408815090869,3,Ru,Fe,Fe,1,0.932142857142857,0.684172319121686,0.0,1.0
456,-1.103030737970997,-1.1398997125180301,-1.001927252277584,3,Ru,Fe,Fe,1,0.9892857142857142,0.6943838462727558,0.0,1.0
457,-1.540568858008631,-1.239154774851663,-1.0455501679436707,3,Ru,Ru,Ru,1,0.9607142857142855,0.6994896098482908,1.0,1.0
458,-1.3481157563895731,-1.1102083434975298,-1.0418682011406815,3,Ru,Fe,Fe,1,0.9249999999999998,0.684172319121686,0.0,1.0
459,-1.5797327862712653,-1.224888589968729,-1.0144646305674139,3,Ru,Ru,Ru,1,0.932142857142857,0.6994896098482908,1.0,1.0
460,-1.8793694465797814,-1.006796013703118,-1.246784457662531,2,Os,Ru,Ru,0,0.9428571428571427,0.5855711622047578,0.0,0.6666666666666666
461,-1.525551485676303,-1.265058256958125,-1.0440162704934364,3,Ru,Ru,Ru,1,0.932142857142857,0.6943838462727558,1.0,1.0
462,-1.3597936862165398,-1.205955279493313,-1.135293482699555,4,Ru,Fe,Fe,1,0.9607142857142855,0.7654432450185562,0.0,1.0
463,-1.5694683447797257,-1.2486936350384688,-1.2517933507066366,3,Ru,Ru,Ru,1,0.9214285714285713,0.6994896098482908,1.0,1.0
464,-1.0629514285005066,-1.1366154011215868,-1.0932231686128748,4,Ru,Fe,Fe,1,0.95,0.7654432450185562,0.0,1.0
465,-1.2919578307845059,-1.1293416706395543,-1.0119850855162842,3,Ru,Fe,Fe,1,0.907142857142857,0.684172319121686,0.0,1.0
466,-0.9886655004777665,-1.163698854150755,-1.2281597154717638,4,Ru,Fe,Fe,1,0.9678571428571429,0.7654432450185562,0.0,1.0
467,-1.3377292675499795,-1.1181928827283494,-1.2377316394657853,3,Ru,Fe,Fe,1,0.9571428571428571,0.684172319121686,0.0,1.0
468,-1.6871307216589462,-1.0137134684471887,-1.0280941457637793,3,Os,Ru,Ru,0,0.9249999999999998,0.6943838462727558,0.0,1.0
469,-1.218453830044378,-1.0693765925005974,-1.2161795532338657,4,Os,Fe,Fe,1,0.9464285714285712,0.7654432450185562,0.0,1.0
470,-1.261624875541396,-1.1070858948896196,-0.9701479299179282,3,Ru,Fe,Fe,1,0.932142857142857,0.6943838462727558,0.0,1.0
471,-1.337549248793732,-1.1647620170249746,-1.112848274351775,5,Ru,Fe,Fe,1,0.9678571428571429,0.8270981320691836,0.0,1.0
472,-1.9158284429843075,-0.9866152847015697,-1.04442353418988,3,Os,Ru,Ru,0,0.9535714285714283,0.6943838462727558,0.0,1.0
473,-1.0646392076984377,-1.138859323641533,-1.1691984338557428,3,Os,Fe,Fe,1,0.9714285714285713,0.679066555546151,0.0,1.0
474,-1.685537407547708,-1.018390985859892,-1.2333747752855875,2,Os,Ru,Ru,0,0.9535714285714283,0.5855711622047578,0.0,0.6666666666666666
475,-1.6303720704625548,-1.198589393218943,-1.0388976426321632,2,Ru,Ru,Ru,0,0.9035714285714285,0.5916079783099615,1.0,0.6666666666666666
476,-1.1626383608865485,-1.1944629803060522,-1.0612397889837628,3,Fe,Fe,Fe,1,0.9607142857142855,0.6994896098482908,1.0,1.0
477,-1.4072175016337765,-1.1437173595412458,-1.21328841621757,3,Ru,Fe,Fe,1,0.9428571428571427,0.684172319121686,0.0,1.0
478,-1.1794883088907553,-1.2007366455266935,-1.1540949120714257,3,Fe,Fe,Fe,1,0.9678571428571429,0.6994896098482908,1.0,1.0
479,-1.3820822541445703,-1.0532666135116628,-1.0969088573774397,3,Os,Fe,Fe,1,0.9249999999999998,0.679066555546151,0.0,1.0
480,-1.4067659205776246,-1.1482727067766099,-1.2446243840443458,3,Ru,Fe,Fe,1,0.9357142857142854,0.684172319121686,0.0,1.0
481,-1.492475437922302,-1.1894956307396098,-1.1321281338106974,3,Ru,Fe,Fe,1,0.932142857142857,0.684172319121686,0.0,1.0
482,-1.4952929674644144,-1.1779441015027843,-1.2316264462985873,5,Ru,Fe,Fe,1,0.9535714285714283,0.8270981320691836,0.0,1.0
483,-1.3500658060800599,-1.1411153662475957,-1.0620715561043625,4,Ru,Fe,Fe,1,0.9607142857142855,0.7654432450185562,0.0,1.0
484,-1.3848873608523937,-1.049379805765588,-0.96244413899823,3,Ru,Fe,Fe,1,0.9428571428571427,0.684172319121686,0.0,1.0
485,-1.3809000021869136,-1.2524815954557735,-0.9962770206246852,3,Ru,Fe,Fe,1,0.9642857142857141,0.684172319121686,0.0,1.0
486,-1.5174071448584607,-1.1362365906755598,-1.060404690215933,4,Ru,Fe,Fe,1,0.9749999999999999,0.7654432450185562,0.0,1.0
487,-1.731918365755775,-1.1179259073799488,-1.2251027974406716,3,Os,Ru,Ru,0,0.932142857142857,0.6943838462727558,0.0,1.0
488,-1.5300202142869535,-1.100553547317236,-1.060253630770124,3,Ru,Ru,Ru,1,0.9392857142857142,0.6943838462727558,1.0,1.0
489,-1.542125724574446,-1.0779564487911266,-1.1753490867815957,3,Os,Ru,Ru,1,0.9535714285714283,0.6943838462727558,0.0,1.0
490,-1.3907352703223868,-1.160317441070224,-1.084745888356725,3,Ru,Fe,Fe,1,0.9357142857142854,0.684172319121686,0.0,1.0
491,-1.262031480139571,-1.103491525856708,-1.1070123868626214,3,Os,Fe,Fe,1,0.8928571428571428,0.679066555546151,0.0,1.0
492,-1.3507927738486696,-1.0483219237049375,-1.1223440168381853,3,Os,Fe,Fe,1,0.9285714285714284,0.679066555546151,0.0,1.0
493,-1.7403795368840143,-1.1747972083322098,-1.1147977061388894,2,Ru,Ru,Ru,0,0.9178571428571428,0.5916079783099615,1.0,0.6666666666666666
494,-1.465319466151124,-1.1261065354971311,-1.0347901303059859,4,Ru,Fe,Fe,1,0.9571428571428571,0.7654432450185562,0.0,1.0
495,-1.220530755370078,-1.1029857095804667,-1.0989407410874557,3,Fe,Fe,Fe,1,0.9392857142857142,0.6994896098482908,1.0,1.0
496,-1.0867225182743723,-0.9850475944770123,-1.025831788581759,3,Fe,Fe,Fe,1,0.9464285714285712,0.6943838462727558,1.0,1.0
497,-1.4174298565949053,-1.054168669049806,-1.0997399060804571,3,Os,Fe,Fe,1,0.8857142857142855,0.679066555546151,0.0,1.0
498,-1.2571346209345582,-1.0602804980337122,-1.1024918167942743,3,Os,Fe,Fe,1,0.9428571428571427,0.684172319121686,0.0,1.0
499,-1.5744545064628772,-0.9998109236690771,-1.02826244612589,3,Os,Ru,Ru,1,0.9571428571428571,0.6611963830317786,0.0,0.6666666666666666
500,-1.5166578568403126,-1.2671621812260478,-0.9829999178404458,4,Ru,Ru,Ru,1,0.9392857142857142,0.7746102299888384,1.0,1.0
501,-1.5537762475584183,-0.9941062528959714,-1.0289552080179694,4,Os,Ru,Ru,1,0.9392857142857142,0.7700267375036974,0.0,0.6666666666666666
502,-1.6209248644551322,-1.1457302540724172,-1.2043040846669246,3,Os,Ru,Ru,0,0.9249999999999998,0.6943838462727558,0.0,1.0
503,-1.431223802319595,-1.2659669225721424,-1.1886259219239748,3,Os,Fe,Fe,1,0.8857142857142855,0.679066555546151,0.0,1.0
504,-0.9333976081258539,-1.0533014069609985,-1.0171586711480427,3,Ru,Fe,Fe,1,0.9428571428571427,0.684172319121686,0.0,1.0
505,-1.7719570133762337,-1.2640425605644192,-1.2134337105388515,2,Os,Ru,Ru,0,0.8392857142857142,0.5855711622047578,0.0,0.6666666666666666
506,-1.4547175559663859,-1.212877313263935,-1.1330177985903886,4,Ru,Fe,Fe,1,0.9607142857142855,0.7654432450185562,0.0,1.0
507,-1.213637142635904,-1.1376646032242217,-1.244814796582941,3,Fe,Fe,Fe,1,0.9535714285714283,0.6994896098482908,1.0,1.0
508,-1.6719030367312437,-1.131838299337757,-1.2236009714410623,3,Ru,Ru,Ru,0,0.9535714285714283,0.6994896098482908,1.0,1.0
509,-1.6158171882863495,-0.9886221806372874,-1.2077398602864562,2,Os,Ru,Ru,0,0.8857142857142855,0.5855711622047578,0.0,0.6666666666666666
510,-1.1906164006744446,-1.1321644599045526,-1.1133851932973347,3,Fe,Fe,Fe,1,0.9642857142857141,0.6994896098482908,1.0,1.0
511,-1.4497834910716798,-1.206094381324049,-0.96952436676332,4,Ru,Fe,Fe,1,0.9857142857142854,0.7654432450185562,0.0,1.0
512,-1.154253864247657,-1.0971244500481199,-1.216631532643642,3,Fe,Fe,Fe,1,0.9642857142857141,0.6943838462727558,1.0,1.0
513,-1.2654873033313225,-1.1074041296109305,-1.2473549848282108,3,Ru,Fe,Fe,1,0.9214285714285713,0.684172319121686,0.0,1.0
514,-1.6302134281503529,-1.0439561270355646,-1.1886952565989193,2,Os,Ru,Ru,0,0.9464285714285712,0.5855711622047578,0.0,0.6666666666666666
515,-1.2891837022155705,-1.1749931964970426,-1.0994132319035061,3,Ru,Fe,Fe,1,0.9392857142857142,0.684172319121686,0.0,1.0
516,-1.3828126290306098,-1.2105144835618673,-1.0641472174155404,3,Ru,Fe,Fe,1,0.914285714285714,0.684172319121686,0.0,1.0
517,-1.6233366391191568,-1.0025692988295503,-1.0440206377111387,3,Os,Ru,Ru,0,0.95,0.6943838462727558,0.0,1.0
518,-1.297948317840641,-0.9981070953793741,-1.1081070495675438,4,Os,Fe,Fe,1,0.9428571428571427,0.7608597525334153,0.0,1.0
519,-1.4694654765670672,-1.2730816750278688,-1.075467643860103,3,Os,Fe,Fe,1,0.95,0.679066555546151,0.0,1.0
520,-1.1986827303041043,-1.0171883378249802,-1.1798317972605954,3,Os,Fe,Fe,1,0.9107142857142855,0.684172319121686,0.0,1.0
521,-1.0638649465475503,-1.1829011607905395,-1.1798520794663985,3,Os,Fe,Fe,1,0.9214285714285713,0.679066555546151,0.0,1.0
522,-1.6842908003172805,-1.1671746174450894,-1.223840617989808,2,Ru,Ru,Ru,0,0.9357142857142854,0.5916079783099615,1.0,0.6666666666666666
523,-1.269492261692609,-1.0751798330390299,-1.2532316847824407,4,Os,Fe,Fe,1,0.9285714285714284,0.7608597525334153,0.0,1.0
524,-1.6831042362530824,-1.001227252548607,-1.1860628062943575,2,Os,Ru,Ru,0,0.9035714285714285,0.5855711622047578,0.0,0.6666666666666666
525,-1.4132774595140174,-1.2230592085098309,-1.0499956742640861,3,Ru,Fe,Fe,1,0.9357142857142854,0.684172319121686,0.0,1.0
526,-1.0837454530660118,-1.0998066693869166,-1.037770888282127,4,Ru,Fe,Fe,1,0.9785714285714284,0.7746102299888384,0.0,1.0
527,-1.0326632885540636,-0.9891375006330406,-0.9615993316868885,3,Fe,Fe,Fe,1,0.932142857142857,0.6994896098482908,1.0,1.0
528,-1.200156497793326,-1.0774451089384365,-0.9860875257461226,3,Fe,Fe,Fe,1,0.9749999999999999,0.6994896098482908,1.0,1.0
529,-1.2604036943905277,-1.0893785930702644,-1.2255205900843886,3,Os,Fe,Fe,1,0.9285714285714284,0.679066555546151,0.0,1.0
530,-1.2341081103424714,-1.1608560715847005,-1.141015352656921,4,Ru,Fe,Fe,1,0.9714285714285713,0.7654432450185562,0.0,1.0
531,-1.2929781344256772,-1.2203651659594679,-0.9766172252021614,3,Ru,Fe,Fe,1,0.9535714285714283,0.6943838462727558,0.0,1.0
532,-1.4074625384390604,-1.1969261794865955,-0.968560739531984,3,Ru,Fe,Fe,1,0.8857142857142855,0.684172319121686,0.0,1.0
533,-1.2301041252385125,-1.181329184522999,-1.0792519317492473,3,Ru,Fe,Fe,1,0.9714285714285713,0.6943838462727558,0.0,1.0
534,-1.1999587572673032,-1.106916602480933,-1.1425221890304882,3,Fe,Fe,Fe,1,0.9285714285714284,0.6943838462727558,1.0,1.0
535,-1.5657477550365888,-1.0942459106123117,-1.1922652261797828,3,Os,Ru,Ru,1,0.9249999999999998,0.6943838462727558,0.0,1.0
536,-1.5583366598554644,-1.0253889451195017,-1.1126260676970323,4,Os,Ru,Ru,1,0.9785714285714284,0.7700267375036974,0.0,0.6666666666666666
537,-1.3978649947449577,-1.154679014988545,-0.9998633377902502,3,Ru,Fe,Fe,1,0.9035714285714285,0.684172319121686,0.0,1.0
538,-1.4016025274042163,-1.1737678406046128,-1.1914938961552202,3,Ru,Fe,Fe,1,0.9392857142857142,0.684172319121686,0.0,1.0
539,-1.3753016427642064,-1.1759812944879644,-1.0196955651280577,3,Ru,Fe,Fe,1,0.9428571428571427,0.684172319121686,0.0,1.0
540,-1.1590690562172479,-1.249384181395819,-1.2231932068131954,4,Fe,Fe,Fe,1,0.9642857142857141,0.7746102299888384,1.0,1.0
541,-1.6045356769726071,-1.2215037784686142,-1.0220685748306493,3,Ru,Ru,Ru,0,0.9535714285714283,0.6994896098482908,1.0,1.0
542,-1.3973325638030591,-1.0272931030099477,-1.2334478731216953,3,Os,Fe,Fe,1,0.9249999999999998,0.679066555546151,0.0,1.0
543,-1.797715168139003,-1.0314709522399867,-1.0814133980492044,2,Os,Ru,Ru,0,0.907142857142857,0.5855711622047578,0.0,0.6666666666666666
544,-1.479072468182839,-1.0476828958767264,-0.9643115284116428,3,Ru,Fe,Fe,1,0.932142857142857,0.684172319121686,0.0,1.0
545,-0.933326098518783,-1.175328747755408,-1.2237652954761897,4,Ru,Fe,Fe,1,0.9571428571428571,0.7654432450185562,0.0,1.0
546,-1.3339520624837735,-1.0492751144898063,-1.0584609666954259,4,Os,Fe,Fe,1,0.9464285714285712,0.7608597525334153,0.0,1.0
547,-1.3399327371778067,-1.1108978700920025,-1.196757950088471,3,Os,Fe,Fe,1,0.8928571428571428,0.679066555546151,0.0,1.0
548,-1.4402290758109353,-1.1401799191337416,-1.0671826664845083,4,Ru,Fe,Fe,1,0.9535714285714283,0.7654432450185562,0.0,1.0
549,-1.5309009273011986,-1.2496928161997678,-0.9663892644083993,3,Ru,Ru,Ru,1,0.9535714285714283,0.6943838462727558,1.0,1.0
550,-1.395874431027717,-1.0670930530868494,-1.2588574178435417,3,Ru,Fe,Fe,1,0.9249999999999998,0.684172319121686,0.0,1.0
551,-1.1740540825068342,-1.0886182736924574,-1.059005198284532,3,Fe,Fe,Fe,1,0.9678571428571429,0.6994896098482908,1.0,1.0
552,-1.457138752486329,-1.2667187290448614,-1.1590203171412625,3,Os,Fe,Fe,1,0.9535714285714283,0.679066555546151,0.0,1.0
553,-1.5807035331702222,-1.1361924405086758,-1.059932729148941,3,Ru,Ru,Ru,1,0.9285714285714284,0.6994896098482908,1.0,1.0
554,-1.2797490272164278,-0.9866328323707513,-1.0638164866544726,3,Os,Fe,Fe,1,0.9392857142857142,0.684172319121686,0.0,1.0
555,-0.8473465075929484,-1.174272683825239,-1.2263224948877478,3,Ru,Fe,Fe,1,0.9428571428571427,0.684172319121686,0.0,1.0
556,-1.529474968820201,-1.0711648193950836,-0.9632813599271736,3,Ru,Ru,Ru,1,0.9607142857142855,0.6943838462727558,1.0,1.0
557,-1.5622432396687662,-1.1770162050331423,-1.0224694392788127,4,Ru,Ru,Ru,1,0.9642857142857141,0.7746102299888384,1.0,0.6666666666666666
558,-1.42780787204728,-1.1439854646356227,-0.9714044043700176,3,Ru,Fe,Fe,1,0.9714285714285713,0.684172319121686,0.0,1.0
559,-1.0243672350989217,-1.0072557213284776,-1.1063046090926278,4,Os,Fe,Fe,1,0.9678571428571429,0.7654432450185562,0.0,1.0
560,-1.2233039804162678,-1.0566442763859663,-0.9836657123761963,4,Fe,Fe,Fe,1,0.9749999999999999,0.7791937224739796,1.0,1.0
561,-1.4618129350581455,-1.061358674590695,-1.0675334555566196,4,Os,Fe,Fe,1,0.9464285714285712,0.7608597525334153,0.0,1.0
562,-1.3107870316171506,-1.231124065606521,-1.1857250866895699,4,Os,Fe,Fe,1,0.9607142857142855,0.7608597525334153,0.0,1.0
563,-1.7048205281601083,-1.2532082693525441,-1.2205953148923783,2,Os,Ru,Ru,0,0.95,0.5855711622047578,0.0,0.6666666666666666
564,-1.3132063113244894,-1.0706772766844057,-1.1324928633080082,3,Os,Fe,Fe,1,0.9571428571428571,0.679066555546151,0.0,1.0
565,-1.4226922654520058,-1.2551788396799106,-1.2366799810443327,3,Os,Fe,Fe,1,0.9464285714285712,0.679066555546151,0.0,1.0
566,-1.0047450417900732,-1.0786194439898873,-1.2365739325437397,3,Os,Fe,Fe,1,0.932142857142857,0.679066555546151,0.0,1.0
567,-1.2379588484786759,-1.08753445543773,-1.0180879103751599,5,Fe,Fe,Fe,1,0.9642857142857141,0.8356029971804347,1.0,1.0
568,-1.5987295082634843,-1.1102174761445829,-1.0518310723521298,2,Ru,Ru,Ru,0,0.9571428571428571,0.5916079783099615,1.0,0.6666666666666666
569,-1.5332012907936818,-1.0940121454243525,-1.044937709736521,3,Ru,Ru,Ru,1,0.9392857142857142,0.6943838462727558,1.0,1.0
570,-1.8191657729692507,-1.12381273311577,-0.9864198398729087,2,Ru,Ru,Ru,0,0.8964285714285712,0.5916079783099615,1.0,0.6666666666666666
571,-1.3402908250678065,-1.1488971071223726,-1.2545896292523393,3,Ru,Fe,Fe,1,0.932142857142857,0.684172319121686,0.0,1.0
572,-1.5626112538091226,-1.2230266563127967,-1.2106909981537393,3,Os,Ru,Ru,1,0.9607142857142855,0.6943838462727558,0.0,1.0
573,-1.3791867803205768,-1.0620448972514882,-1.1760982403367566,4,Os,Fe,Fe,1,0.9535714285714283,0.7608597525334153,0.0,1.0
574,-1.3520210925645644,-1.0827463167656244,-1.162132659045122,4,Os,Fe,Fe,1,0.9607142857142855,0.7608597525334153,0.0,1.0
575,-1.4557451997074775,-1.0149306496969892,-1.2413493108051783,3,Os,Fe,Fe,1,0.914285714285714,0.679066555546151,0.0,1.0
576,-1.604392663821363,-1.0686080912102653,-0.9929270432756923,2,Ru,Ru,Ru,0,0.95,0.5916079783099615,1.0,0.6666666666666666
577,-1.7460561251732454,-1.1473766610800007,-1.168895943742413,3,Os,Ru,Ru,0,0.914285714285714,0.6943838462727558,0.0,1.0
578,-1.6365327651563,-1.011664075418685,-1.206245832166879,2,Os,Ru,Ru,0,0.95,0.5855711622047578,0.0,0.6666666666666666
579,-1.5197220744598243,-1.044689582573017,-1.231445418789138,3,Os,Fe,Fe,1,0.932142857142857,0.679066555546151,0.0,1.0
580,-1.260836616480418,-1.0371062037764422,-1.2451540851229435,3,Os,Fe,Fe,1,0.9357142857142854,0.684172319121686,0.0,1.0
581,-1.2689264067482167,-1.0866442597642179,-1.224195085631472,3,Os,Fe,Fe,1,0.9035714285714285,0.679066555546151,0.0,1.0
582,-1.2980034561129437,-1.0322089880289025,-1.1851020738833153,3,Os,Fe,Fe,1,0.932142857142857,0.679066555546151,0.0,1.0
583,-1.2337885440660392,-1.1815848995805178,-1.0027300514190958,3,Ru,Fe,Fe,1,0.95,0.6943838462727558,0.0,1.0
584,-0.7510471228242696,-1.0723335580610915,-1.2378267950109114,3,Os,Fe,Fe,1,0.95,0.679066555546151,0.0,1.0
585,-1.5310778904707414,-1.240828788381842,-0.9925750567090444,3,Ru,Ru,Ru,1,0.9357142857142854,0.6943838462727558,1.0,1.0
586,-1.0780933657593514,-1.0773858880745424,-0.9742090990304295,3,Fe,Fe,Fe,1,0.9392857142857142,0.6994896098482908,1.0,1.0
587,-1.7873642759245183,-1.0458279608382193,-1.148711260071361,3,Os,Ru,Ru,0,0.9249999999999998,0.6943838462727558,0.0,1.0
588,-1.8347534650769532,-1.0610713420332183,-1.0837631068496159,2,Os,Ru,Ru,0,0.907142857142857,0.5855711622047578,0.0,0.6666666666666666
589,-1.4782625339000492,-1.1041828800093259,-1.177625478062459,3,Os,Fe,Fe,1,0.9178571428571428,0.679066555546151,0.0,1.0
590,-1.5049154489228829,-1.1696919532676777,-1.1480335217255422,3,Ru,Fe,Fe,1,0.9357142857142854,0.684172319121686,0.0,1.0
591,-1.7761957155509172,-1.0296679921090433,-1.0708277311307484,2,Os,Ru,Ru,0,0.9285714285714284,0.5855711622047578,0.0,0.6666666666666666
592,-1.726403677624795,-1.1368402859062836,-1.2098207189709471,2,Os,Ru,Ru,0,0.8714285714285712,0.5855711622047578,0.0,0.6666666666666666
593,-1.2980797541572646,-1.130432759825229,-1.0714383952575568,3,Ru,Fe,Fe,1,0.9607142857142855,0.684172319121686,0.0,1.0
594,-1.3702999684722565,-1.0186447988483311,-1.1581075327845707,3,Os,Fe,Fe,1,0.8821428571428571,0.679066555546151,0.0,1.0
595,-1.2225906479831963,-1.159453554971087,-1.1328865248677995,4,Ru,Fe,Fe,1,0.9571428571428571,0.7654432450185562,0.0,1.0
596,-1.138924444412151,-1.0469820914884884,-1.1937904693501653,4,Os,Fe,Fe,1,0.9464285714285712,0.7654432450185562,0.0,1.0
597,-1.356488155416562,-1.193726058151882,-1.1360513615159622,3,Ru,Fe,Fe,1,0.8928571428571428,0.684172319121686,0.0,1.0
598,-1.344369109550327,-1.043516293068473,-1.0273085569603941,4,Ru,Fe,Fe,1,0.95,0.7654432450185562,0.0,1.0
599,-1.407682222757918,-1.1078115493254646,-0.9746579692476597,3,Ru,Fe,Fe,1,0.8892857142857141,0.684172319121686,0.0,1.0
600,-1.2316458647243667,-1.0277108754878244,-0.9950106244120536,3,Fe,Fe,Fe,1,0.9535714285714283,0.6994896098482908,1.0,1.0
601,-1.290254787694066,-1.2517872433211048,-1.1153690057964167,3,Os,Fe,Fe,1,0.8964285714285712,0.679066555546151,0.0,1.0
602,-1.677027498834749,-1.0480229521584203,-1.1246176540482504,2,Os,Ru,Ru,0,0.9357142857142854,0.5855711622047578,0.0,0.6666666666666666
603,-1.1528297929888556,-1.008372412995647,-1.137990974265368,4,Fe,Fe,Fe,1,0.95,0.7746102299888384,1.0,1.0
604,-1.6048965783757292,-1.2099148062128968,-1.0387961880247938,3,Ru,Ru,Ru,0,0.9785714285714284,0.6994896098482908,1.0,1.0
605,-1.3922065690289842,-1.0185104279794706,-1.1776478065157914,4,Os,Fe,Fe,1,0.9749999999999999,0.7608597525334153,0.0,1.0
606,-1.4235489584409187,-1.1369456323369276,-1.1883018760518993,4,Os,Fe,Fe,1,0.9714285714285713,0.7608597525334153,0.0,1.0
607,-1.8656421251640936,-1.0097418387251138,-1.0553246742833373,2,Os,Ru,Ru,0,0.9214285714285713,0.5855711622047578,0.0,0.6666666666666666
608,-1.3948546674807385,-1.274212835286976,-1.1220855374926386,4,Os,Fe,Fe,1,0.9714285714285713,0.733358797622569,0.0,1.0
609,-1.7709628122213004,-1.2243383610022838,-1.177131611842182,2,Os,Ru,Ru,0,0.9249999999999998,0.5855711622047578,0.0,0.6666666666666666
610,-1.3360788062611613,-1.2734696500053773,-1.22871217814337,3,Os,Fe,Fe,1,0.9607142857142855,0.679066555546151,0.0,1.0
611,-1.8823693887624966,-1.0212844154157863,-1.0814661690815333,2,Os,Ru,Ru,0,0.9035714285714285,0.5855711622047578,0.0,0.6666666666666666
612,-1.6821741847079847,-1.075656129029704,-1.0703838758820858,2,Ru,Ru,Ru,0,0.9107142857142855,0.5916079783099615,1.0,0.6666666666666666
613,-1.1202909859363648,-1.048203907523025,-1.0160537897346487,3,Fe,Fe,Fe,1,0.9535714285714283,0.6994896098482908,1.0,1.0
614,-1.6079094099489115,-1.1443375588444242,-1.1937346424184136,3,Os,Ru,Ru,0,0.9785714285714284,0.6943838462727558,0.0,1.0
615,-1.6645905230367921,-1.1854308158587565,-1.189480559805126,2,Ru,Ru,Ru,0,0.914285714285714,0.5916079783099615,1.0,0.6666666666666666
616,-1.7555763251529894,-1.041312486096841,-1.2466090680267308,2,Os,Ru,Ru,0,0.8964285714285712,0.5855711622047578,0.0,0.6666666666666666
617,-1.3098955207329854,-1.1815113381450824,-1.0209434109321724,4,Ru,Fe,Fe,1,0.9571428571428571,0.7654432450185562,0.0,1.0
618,-1.2588494113361501,-1.1085380454888432,-1.1446751865175606,4,Os,Fe,Fe,1,0.9571428571428571,0.7608597525334153,0.0,1.0
619,-1.4071673929087936,-1.19632787560639,-1.237767996660457,3,Ru,Fe,Fe,1,0.9035714285714285,0.684172319121686,0.0,1.0
620,-1.657479901463502,-1.2146860458179176,-1.1323656814298184,3,Ru,Ru,Ru,0,0.9535714285714283,0.6994896098482908,1.0,1.0
621,-1.056328658972426,-1.2047780241343962,-1.0340389623859407,3,Ru,Fe,Fe,1,0.9214285714285713,0.6943838462727558,0.0,1.0
622,-1.3999299043213558,-1.2167293690680174,-1.1400135708201262,3,Os,Fe,Fe,1,0.9392857142857142,0.679066555546151,0.0,1.0
623,-1.6232368320076875,-1.0222209079091549,-1.203542208992381,2,Os,Ru,Ru,0,0.9571428571428571,0.5855711622047578,0.0,0.6666666666666666
624,-1.1699453524200212,-1.235004479453604,-1.0757980100038322,3,Fe,Fe,Fe,1,0.9571428571428571,0.6994896098482908,1.0,1.0
625,-1.5298797708884735,-1.1500738990224666,-1.2072259672051677,3,Ru,Ru,Ru,1,0.9785714285714284,0.6943838462727558,1.0,1.0
626,-1.0458775556080824,-1.1410520565836613,-1.1852059231835474,3,Os,Fe,Fe,1,0.9571428571428571,0.679066555546151,0.0,1.0
627,-1.3878534412678947,-1.0837962305255142,-1.1613931602360146,3,Os,Fe,Fe,1,0.8928571428571428,0.679066555546151,0.0,1.0
628,-1.2134666816925677,-1.0269983454761638,-1.056964757779396,3,Fe,Fe,Fe,1,0.95,0.6943838462727558,1.0,1.0
629,-1.4402384283116174,-1.085405767602081,-1.1578876891773102,4,Os,Fe,Fe,1,0.9464285714285712,0.7608597525334153,0.0,1.0
630,-1.521149288410898,-1.2317003212488797,-1.1820567933989725,3,Os,Ru,Ru,1,0.9785714285714284,0.684172319121686,0.0,1.0
631,-1.4543580305901787,-1.0905684179747364,-1.2593742556598204,3,Ru,Fe,Fe,1,0.9428571428571427,0.684172319121686,0.0,1.0
632,-1.1607682458553015,-1.1501398219720345,-1.1531394440161906,4,Fe,Fe,Fe,1,0.9607142857142855,0.7746102299888384,1.0,1.0
633,-1.3018900557975326,-1.1408962225768757,-1.0314622523465218,3,Ru,Fe,Fe,1,0.9357142857142854,0.684172319121686,0.0,1.0
634,-1.5797019746449716,-1.0106548893298304,-1.1080667642688617,3,Os,Ru,Ru,1,0.9607142857142855,0.6943838462727558,0.0,1.0
635,-1.7722232166557785,-1.1247507296897805,-1.0385640347388319,2,Ru,Ru,Ru,0,0.932142857142857,0.5916079783099615,1.0,0.6666666666666666
636,-1.6137842311164177,-1.2016535914927873,-1.0186334104859347,2,Ru,Ru,Ru,0,0.9642857142857141,0.5916079783099615,1.0,0.6666666666666666
637,-1.3498535942238665,-1.1178871341086638,-1.0384187028910503,4,Ru,Fe,Fe,1,0.9642857142857141,0.7654432450185562,0.0,1.0
638,-1.8188010584208434,-1.230102787164978,-1.0810392767770276,2,Ru,Ru,Ru,0,0.8999999999999999,0.5916079783099615,1.0,0.6666666666666666
639,-1.3943380074799832,-1.1146428067092502,-1.1063884992226038,3,Ru,Fe,Fe,1,0.8892857142857141,0.684172319121686,0.0,1.0
640,-1.2418417203705783,-1.0044697566404364,-1.03750031541273,3,Fe,Fe,Fe,1,0.8928571428571428,0.6943838462727558,1.0,1.0
641,-1.4654241938408472,-1.0634307966743133,-1.2539172159327718,3,Os,Fe,Fe,1,0.932142857142857,0.679066555546151,0.0,1.0
642,-1.4650454149661907,-1.1461716008841307,-1.088360699976496,4,Ru,Fe,Fe,1,0.9535714285714283,0.7654432450185562,0.0,1.0
643,-1.4025432166932112,-1.2614848521707065,-0.9638616348731565,3,Ru,Fe,Fe,1,0.9392857142857142,0.684172319121686,0.0,1.0
644,-1.3410882252254062,-0.9992905080290331,-1.0768726922994745,4,Os,Fe,Fe,1,0.9714285714285713,0.7608597525334153,0.0,1.0
645,-1.7346087607804135,-1.1799363820134174,-1.0788606158801048,2,Ru,Ru,Ru,0,0.9357142857142854,0.5916079783099615,1.0,0.6666666666666666
646,-1.5373833858098451,-1.1410115935110037,-0.9914876331577753,4,Ru,Ru,Ru,1,0.9607142857142855,0.7746102299888384,1.0,1.0
647,-1.588305261837924,-1.1851325968807167,-1.024931554186634,3,Ru,Ru,Ru,1,0.95,0.6663021466073136,1.0,0.6666666666666666
648,-1.6947029962737215,-1.2389844708680768,-1.0773126723506468,2,Ru,Ru,Ru,0,0.8999999999999999,0.5916079783099615,1.0,0.6666666666666666
649,-1.1445819869277547,-1.097075117930158,-1.1121217221875488,3,Fe,Fe,Fe,1,0.914285714285714,0.6943838462727558,1.0,1.0
650,-1.5314394929450468,-1.2255454053701083,-1.0080552944083292,4,Ru,Ru,Ru,1,0.9785714285714284,0.7746102299888384,1.0,1.0
651,-1.5580882468018824,-1.1127324571074924,-1.1868247005667028,3,Os,Ru,Ru,1,0.9428571428571427,0.6943838462727558,0.0,1.0
652,-1.3927207852521486,-1.0480606089467186,-1.0648696239694209,4,Os,Fe,Fe,1,0.95,0.7608597525334153,0.0,1.0
653,-1.5188581189317458,-1.1861788533542013,-1.0221331681098438,4,Ru,Ru,Ru,1,0.9464285714285712,0.7746102299888384,1.0,1.0
654,-1.4423834530905049,-1.2191457824235918,-1.0148782027880046,3,Ru,Fe,Fe,1,0.9535714285714283,0.684172319121686,0.0,1.0
655,-1.5154744279609813,-1.184428469363657,-1.1137307859756582,3,Ru,Ru,Ru,1,0.9607142857142855,0.6943838462727558,1.0,1.0
656,-1.3110733390967515,-1.2496385930071476,-0.9856465840077664,3,Ru,Fe,Fe,1,0.9285714285714284,0.684172319121686,0.0,1.0
657,-1.2516593121145108,-1.2270558610539561,-0.9802331441529306,3,Ru,Fe,Fe,1,0.907142857142857,0.6943838462727558,0.0,1.0
658,-1.1911105116017369,-1.2219826525824864,-1.1383055599280865,3,Fe,Fe,Fe,1,0.9678571428571429,0.6943838462727558,1.0,1.0
659,-1.4230759422418764,-1.1199937923373509,-0.9669493137057263,3,Ru,Fe,Fe,1,0.9214285714285713,0.684172319121686,0.0,1.0
660,-1.3793172190674476,-1.22796476292064,-1.2338815946250312,3,Ru,Fe,Fe,1,0.9642857142857141,0.684172319121686,0.0,1.0
661,-1.6741912011456748,-1.0389701828818563,-1.210491014525158,3,Os,Ru,Ru,0,0.9357142857142854,0.6943838462727558,0.0,1.0
662,-1.1331419110335155,-1.172773179120746,-1.0785196455751853,3,Ru,Fe,Fe,1,0.9678571428571429,0.6943838462727558,0.0,1.0
663,-1.5146387329475177,-1.1113734765348848,-1.1435708342404807,3,Os,Fe,Fe,1,0.9464285714285712,0.679066555546151,0.0,1.0
664,-1.1034656610531663,-1.0763641633636447,-1.0724635095616286,3,Fe,Fe,Fe,1,0.9178571428571428,0.6994896098482908,1.0,1.0
665,-1.423300233049184,-1.1645165756895977,-1.1813404898909041,4,Os,Fe,Fe,1,0.9607142857142855,0.7608597525334153,0.0,1.0
666,-1.5530827196022483,-1.0178336565739563,-0.9738731274890551,3,Ru,Ru,Ru,1,0.9214285714285713,0.6994896098482908,1.0,1.0
667,-1.510919492180473,-1.0978756017998565,-1.1898817875279433,3,Os,Fe,Fe,1,0.9285714285714284,0.679066555546151,0.0,1.0
668,-1.5813961444583742,-1.190434634078357,-1.2001034978443759,3,Ru,Ru,Ru,1,0.9642857142857141,0.6994896098482908,1.0,1.0
669,-1.8019655700517796,-1.2483856063777934,-1.1331277842875482,2,Os,Ru,Ru,0,0.9249999999999998,0.5855711622047578,0.0,0.6666666666666666
670,-1.6768850288747887,-1.036442851652618,-1.032805928433159,2,Ru,Ru,Ru,0,0.9464285714285712,0.5916079783099615,1.0,0.6666666666666666
671,-1.8148540449584503,-1.1272767334728448,-1.1076024731831529,2,Ru,Ru,Ru,0,0.9464285714285712,0.5916079783099615,1.0,0.6666666666666666
672,-1.2652002806962617,-1.1390129406469225,-1.054685001055615,3,Ru,Fe,Fe,1,0.9178571428571428,0.6943838462727558,0.0,1.0
673,-1.429446138639068,-1.2432633575987744,-1.127845723175424,3,Os,Fe,Fe,1,0.9428571428571427,0.679066555546151,0.0,1.0
674,-1.3263661466314964,-1.2234589597322734,-1.031221356310501,3,Ru,Fe,Fe,1,0.914285714285714,0.684172319121686,0.0,1.0
675,-1.4576415058143037,-1.1737306991830958,-1.1974413349921453,3,Ru,Fe,Fe,1,0.9428571428571427,0.684172319121686,0.0,1.0
676,-1.1907892754868716,-1.100888258257807,-1.2585873361057658,3,Fe,Fe,Fe,1,0.9571428571428571,0.6994896098482908,1.0,1.0
677,-1.8004854211367927,-1.1397608542716822,-1.0185062596689813,2,Ru,Ru,Ru,0,0.8535714285714284,0.5916079783099615,1.0,0.6666666666666666
678,-0.9240407889963307,-1.1815140582839518,-1.219810578769932,4,Ru,Fe,Fe,1,0.95,0.7654432450185562,0.0,1.0
679,-1.5441095915779304,-1.215545561024273,-1.0346907720786054,4,Ru,Ru,Ru,1,0.9535714285714283,0.7746102299888384,1.0,0.6666666666666666
680,-1.2802018160455682,-1.176866921138426,-1.129000069677212,4,Ru,Fe,Fe,1,0.9607142857142855,0.7654432450185562,0.0,1.0
681,-1.3825723787445603,-1.0114727436335245,-1.0617289909880807,5,Os,Fe,Fe,1,0.982142857142857,0.822845699513558,0.0,1.0
682,-1.4141729472259572,-1.1292821804356876,-0.983512865127391,3,Ru,Fe,Fe,1,0.9678571428571429,0.684172319121686,0.0,1.0
683,-1.0901947323740124,-1.2176444365588912,-1.0783884201826888,3,Ru,Fe,Fe,1,0.9357142857142854,0.6943838462727558,0.0,1.0
684,-1.3016766124277968,-1.2009881696986027,-1.009050885458027,4,Ru,Fe,Fe,1,0.9749999999999999,0.7654432450185562,0.0,1.0
685,-1.6103771613375781,-1.275033839249496,-1.2476849344624121,3,Os,Ru,Ru,0,0.9642857142857141,0.6943838462727558,0.0,1.0
686,-1.255771618257784,-1.1499030192097703,-1.189021332969054,4,Os,Fe,Fe,1,0.9392857142857142,0.7608597525334153,0.0,1.0
687,-1.5933746694049382,-1.1870684075712483,-0.993824339086399,3,Ru,Ru,Ru,0,0.9678571428571429,0.6994896098482908,1.0,1.0
688,-1.1339866653127446,-1.0980582484795116,-1.0317823490420575,3,Fe,Fe,Fe,1,0.9678571428571429,0.6994896098482908,1.0,1.0
689,-1.5202896740968637,-1.255562505729078,-1.2420304884496665,4,Os,Ru,Ru,1,0.9107142857142855,0.7562762600482742,0.0,0.6666666666666666
690,-1.5823143838015534,-1.0129180060048353,-1.1880157595215526,4,Os,Ru,Ru,1,0.9357142857142854,0.7700267375036974,0.0,0.6666666666666666
691,-0.933622570185734,-1.249819399998451,-1.0845257604099898,3,Os,Fe,Fe,1,0.9535714285714283,0.679066555546151,0.0,1.0
692,-1.2246663804950781,-1.0869883769783957,-1.2090488568965725,3,Os,Fe,Fe,1,0.9249999999999998,0.684172319121686,0.0,1.0
693,-1.407803360670472,-1.1512511550390812,-1.2071496102969914,4,Ru,Fe,Fe,1,0.9428571428571427,0.7654432450185562,0.0,1.0
694,-1.0815800448406017,-1.035492744191901,-1.1973407255397888,3,Os,Fe,Fe,1,0.8964285714285712,0.684172319121686,0.0,1.0
695,-1.1908895640793462,-1.043103478685532,-1.1576558096283305,3,Fe,Fe,Fe,1,0.8892857142857141,0.6943838462727558,1.0,1.0
696,-1.2950545493260255,-1.2772819490396783,-0.9707549507316295,3,Ru,Fe,Fe,1,0.9678571428571429,0.6943838462727558,0.0,1.0
697,-1.1796825039835195,-1.2011330499373682,-1.028702171216942,4,Fe,Fe,Fe,1,0.9357142857142854,0.7791937224739796,1.0,1.0
698,-1.7922670217269485,-1.2778469246486388,-1.0974320373805175,2,Os,Ru,Ru,0,0.914285714285714,0.5855711622047578,0.0,0.6666666666666666
699,-1.193905328817687,-1.0980164921501436,-0.9952188157946595,3,Fe,Fe,Fe,1,0.9678571428571429,0.6994896098482908,1.0,1.0
700,-1.312030106958373,-1.0341447202090202,-1.1586639663393865,4,Os,Fe,Fe,1,0.9714285714285713,0.7608597525334153,0.0,1.0
701,-1.0191063430307339,-1.0188373806381152,-1.1726737056818093,3,Os,Fe,Fe,1,0.9678571428571429,0.684172319121686,0.0,1.0
702,-1.2665090176391416,-1.1421810814695241,-1.2098829493363241,4,Os,Fe,Fe,1,0.9249999999999998,0.7608597525334153,0.0,1.0
703,-1.3652043413976331,-1.1736942216072659,-1.0968864683439647,3,Ru,Fe,Fe,1,0.9571428571428571,0.684172319121686,0.0,1.0
704,-1.0708920955743935,-1.1710831055062436,-1.1507406938555682,3,Ru,Fe,Fe,1,0.9571428571428571,0.684172319121686,0.0,1.0
705,-1.282140785621794,-0.9898431286831277,-0.9677220910590071,3,Fe,Fe,Fe,1,0.9607142857142855,0.6994896098482908,1.0,1.0
706,-1.4713149514539576,-1.0548203943134644,-1.2362474806148283,3,Os,Fe,Fe,1,0.914285714285714,0.679066555546151,0.0,1.0
707,-1.6300728006604848,-1.175432494233531,-1.1708146561058226,2,Ru,Ru,Ru,0,0.9749999999999999,0.5916079783099615,1.0,0.6666666666666666
708,-1.427041984158685,-0.9883795647226148,-1.075546117650637,4,Os,Fe,Fe,1,0.9535714285714283,0.7608597525334153,0.0,1.0
709,-1.5737406455844447,-1.0995782384726138,-1.2294513384245904,3,Os,Ru,Ru,1,0.9285714285714284,0.6943838462727558,0.0,1.0
710,-2.1425407955852327,-1.1273438407089564,-1.0061660755955844,2,Ru,Ru,Ru,0,0.9749999999999999,0.5916079783099615,1.0,0.6666666666666666
711,-1.5885552453452092,-1.116108452430957,-1.1572629060075381,3,Os,Ru,Ru,1,0.9428571428571427,0.6611963830317786,0.0,0.6666666666666666
712,-1.295915450231222,-1.1420705180239878,-1.0164485394734504,3,Ru,Fe,Fe,1,0.9535714285714283,0.684172319121686,0.0,1.0
713,-1.5144638686383276,-1.0875629866857008,-1.0016220201117316,3,Ru,Fe,Fe,1,0.9357142857142854,0.684172319121686,0.0,1.0
714,-1.088046122437606,-1.203870575691582,-1.0561256898659956,3,Ru,Fe,Fe,1,0.8964285714285712,0.6943838462727558,0.0,1.0
715,-1.4825455166009176,-0.9985472813290215,-1.2442539776823365,3,Os,Fe,Fe,1,0.9678571428571429,0.679066555546151,0.0,1.0
716,-1.3993301356917134,-1.0649120047090364,-1.0485166328658746,3,Ru,Fe,Fe,1,0.95,0.684172319121686,0.0,1.0
717,-1.1322221215730324,-1.2612142019385768,-1.2188248148315968,3,Fe,Fe,Fe,1,0.9249999999999998,0.6943838462727558,1.0,1.0
718,-1.5039057120804704,-1.05087819288461,-1.1614482209056438,4,Os,Fe,Fe,1,0.9464285714285712,0.7608597525334153,0.0,1.0
719,-1.9280852527500107,-1.1443156375856502,-1.1911294115351094,3,Os,Ru,Ru,0,0.9249999999999998,0.6943838462727558,0.0,1.0
720,-1.6493502949699659,-1.0869675193359636,-1.1257713427778047,2,Os,Ru,Ru,0,0.9607142857142855,0.5855711622047578,0.0,0.6666666666666666
721,-1.1850237144716518,-1.0251643303209015,-1.1803867888798796,3,Os,Fe,Fe,1,0.9357142857142854,0.684172319121686,0.0,1.0
722,-1.9912511415006087,-1.184670301805208,-1.0388626589596457,3,Ru,Ru,Ru,0,0.9535714285714283,0.6994896098482908,1.0,1.0
723,-1.1846053168398196,-1.1175734912706408,-1.0453475376203705,3,Fe,Fe,Fe,1,0.9571428571428571,0.6994896098482908,1.0,1.0
724,-1.2948309521682715,-1.0958411243597597,-0.9959527514245062,3,Ru,Fe,Fe,1,0.9642857142857141,0.684172319121686,0.0,1.0
725,-1.195204104384341,-1.2750043476632515,-1.2062846118421204,3,Fe,Fe,Fe,1,0.9357142857142854,0.6943838462727558,1.0,1.0
726,-1.4368412193824123,-1.1977730544193668,-1.254833739472164,3,Ru,Fe,Fe,1,0.9357142857142854,0.684172319121686,0.0,1.0
727,-1.2686522015084447,-1.2353244985400318,-1.185969434223569,3,Os,Fe,Fe,1,0.95,0.679066555546151,0.0,1.0
728,-1.5017840627495416,-1.0818084378676887,-1.0531757581802272,3,Ru,Fe,Fe,1,0.9392857142857142,0.684172319121686,0.0,1.0
729,-1.0681281540310343,-1.2737758478551118,-1.213059995702584,4,Os,Fe,Fe,1,0.9535714285714283,0.7654432450185562,0.0,1.0
730,-1.4145651483233295,-1.2776633518305496,-1.2001539262431493,3,Os,Fe,Fe,1,0.9535714285714283,0.679066555546151,0.0,1.0
731,-1.3543038936604637,-1.2608060970650035,-1.1482140711508604,3,Os,Fe,Fe,1,0.95,0.679066555546151,0.0,1.0
732,-1.3909061444338005,-1.0487505371333736,-1.2314793221038725,3,Os,Fe,Fe,1,0.9535714285714283,0.679066555546151,0.0,1.0
733,-1.339581037140426,-1.1414535575243545,-1.2369551324413022,4,Ru,Fe,Fe,1,0.9214285714285713,0.7654432450185562,0.0,1.0
734,-1.59303700466752,-1.2200676025375283,-1.11244263442062,3,Ru,Ru,Ru,1,0.9428571428571427,0.6994896098482908,1.0,1.0
735,-1.2314526970170692,-1.0011513345597192,-1.153483809930947,3,Os,Fe,Fe,1,0.9464285714285712,0.684172319121686,0.0,1.0
736,-1.5657616522537507,-1.1284035065734537,-0.9913723511800525,3,Ru,Ru,Ru,1,0.9178571428571428,0.6994896098482908,1.0,1.0
737,-1.717561663597336,-1.2688440224797615,-1.2504476908063955,2,Os,Ru,Ru,0,0.8857142857142855,0.5855711622047578,0.0,0.6666666666666666
738,-1.6118541513202316,-1.1065367259724854,-1.1032837740504875,2,Ru,Ru,Ru,0,0.95,0.5916079783099615,1.0,0.6666666666666666
739,-1.1273548309644261,-1.150754684824129,-1.030507192239173,3,Ru,Fe,Fe,1,0.932142857142857,0.6943838462727558,0.0,1.0
740,-1.2175870748440853,-1.0422923965416098,-0.9699826810747362,3,Fe,Fe,Fe,1,0.9285714285714284,0.6994896098482908,1.0,1.0
741,-0.7527705001537803,-1.0241641667498727,-1.0286360764482405,3,Os,Fe,Fe,1,0.9428571428571427,0.679066555546151,0.0,1.0
742,-1.843765986219065,-1.2356741928114234,-1.1984942375202121,2,Os,Ru,Ru,0,0.8999999999999999,0.5855711622047578,0.0,0.6666666666666666
743,-1.1215405031741539,-1.1728686264467276,-1.2343923977042481,3,Ru,Fe,Fe,1,0.9714285714285713,0.6943838462727558,0.0,1.0
744,-0.9901924025419172,-1.2194209098037587,-1.1157077714853405,3,Ru,Fe,Fe,1,0.9285714285714284,0.684172319121686,0.0,1.0
745,-1.638688503375366,-1.1624066221527165,-1.105082005889038,2,Ru,Ru,Ru,0,0.9642857142857141,0.5916079783099615,1.0,0.6666666666666666
746,-1.0937161090308547,-1.0906906051141718,-1.2194483922103159,3,Os,Fe,Fe,1,0.95,0.684172319121686,0.0,1.0
747,-1.3106780270061407,-1.272177264504955,-1.14961150422708,3,Os,Fe,Fe,1,0.9571428571428571,0.679066555546151,0.0,1.0
748,-1.8033535023663805,-1.1049154672138162,-1.1206903178855938,3,Os,Ru,Ru,0,0.9607142857142855,0.6943838462727558,0.0,1.0
749,-1.3832020396497686,-1.1814884757165722,-1.087363316175441,3,Ru,Fe,Fe,1,0.932142857142857,0.684172319121686,0.0,1.0
750,-1.4852105110907279,-1.2424976743585383,-1.1403473532041852,4,Os,Fe,Fe,1,0.9571428571428571,0.7608597525334153,0.0,1.0
751,-1.7206667673912697,-1.141388745664862,-1.0070439411967538,3,Ru,Ru,Ru,0,0.9642857142857141,0.6994896098482908,1.0,1.0
752,-1.0048337533841383,-1.2485837331686478,-1.2463014878584096,3,Os,Fe,Fe,1,0.932142857142857,0.679066555546151,0.0,1.0
753,-1.3041449500989997,-1.0641163968206735,-1.1957380940874485,4,Os,Fe,Fe,1,0.9714285714285713,0.7608597525334153,0.0,1.0
754,-1.6763678869484882,-1.0801847492151468,-1.2064978280778311,3,Os,Ru,Ru,0,0.9214285714285713,0.6943838462727558,0.0,1.0
755,-1.436047831479897,-1.2336676105404734,-1.0167800023055378,4,Ru,Fe,Fe,1,0.95,0.7654432450185562,0.0,1.0
756,-1.4668049183662326,-1.0464753870675385,-1.1296476788573186,4,Os,Fe,Fe,1,0.932142857142857,0.7608597525334153,0.0,1.0
757,-1.2911825958433145,-1.1520076874856537,-1.0188972323132206,3,Ru,Fe,Fe,1,0.9249999999999998,0.684172319121686,0.0,1.0
758,-1.422829904437142,-1.0235150937733304,-1.0099655873588682,4,Ru,Fe,Fe,1,0.9535714285714283,0.7654432450185562,0.0,1.0
759,-1.2155371492329006,-1.2134222786756772,-1.0079689301862333,3,Ru,Fe,Fe,1,0.9642857142857141,0.6943838462727558,0.0,1.0
760,-1.5039992727753109,-1.2807166419176785,-1.1083228070626603,4,Os,Fe,Fe,1,0.9107142857142855,0.7608597525334153,0.0,1.0
761,-1.0767174171514913,-1.2330113945313974,-1.2343488517150123,5,Ru,Fe,Fe,1,0.9857142857142854,0.822845699513558,0.0,1.0
762,-1.2868087962271768,-1.2797471988121905,-1.2251835809786054,5,Os,Fe,Fe,1,0.9785714285714284,0.8185932669579323,0.0,1.0
763,-1.1442228305511615,-1.2049882148714135,-1.123026325407451,3,Ru,Fe,Fe,1,0.9607142857142855,0.6943838462727558,0.0,1.0
764,-1.2507875058809614,-1.0791944701765728,-1.1140195762153415,3,Os,Fe,Fe,1,0.9357142857142854,0.684172319121686,0.0,1.0
765,-1.0502709721822436,-1.091027701321842,-1.076558458395986,3,Ru,Fe,Fe,1,0.9749999999999999,0.684172319121686,0.0,1.0
766,-1.6852946925789145,-1.1032201501318695,-1.1734927258335897,2,Os,Ru,Ru,0,0.8607142857142854,0.5855711622047578,0.0,0.6666666666666666
767,-1.4473428957988517,-1.0073651950367726,-1.0588909387380927,4,Os,Fe,Fe,1,0.9392857142857142,0.7608597525334153,0.0,1.0
768,-1.5114186730859702,-1.1899559702896938,-1.1385170278572108,4,Ru,Fe,Fe,1,0.9678571428571429,0.7654432450185562,0.0,1.0
769,-1.0739146509758521,-1.0194724045524186,-1.1057962964775998,3,Os,Fe,Fe,1,0.9178571428571428,0.684172319121686,0.0,1.0
770,-1.2117043327887553,-1.117937131309522,-1.1330033559001835,3,Fe,Fe,Fe,1,0.9285714285714284,0.6943838462727558,1.0,1.0
771,-1.0054926584112058,-1.0970949989414986,-1.174643917765495,4,Os,Fe,Fe,1,0.982142857142857,0.7608597525334153,0.0,1.0
772,-1.4624899226541108,-1.2283277934854742,-1.0072995162627114,3,Ru,Fe,Fe,1,0.9428571428571427,0.684172319121686,0.0,1.0
773,-1.177579949387454,-1.2751520864342172,-1.0269810152245944,3,Fe,Fe,Fe,1,0.9178571428571428,0.6994896098482908,1.0,1.0
774,-1.5171069975206761,-1.1007799446595854,-1.2363227142527011,3,Os,Fe,Fe,1,0.9285714285714284,0.679066555546151,0.0,1.0
775,-1.6203561429160631,-1.1102349746161673,-0.9989435673762719,2,Ru,Ru,Ru,0,0.932142857142857,0.5916079783099615,1.0,0.6666666666666666
776,-1.4327958178460427,-1.0398920888390162,-1.1237225087841338,4,Os,Fe,Fe,1,0.9714285714285713,0.7608597525334153,0.0,1.0
777,-1.5485143963351733,-0.9913801059566214,-1.0169342850599892,3,Os,Ru,Ru,1,0.9535714285714283,0.6943838462727558,0.0,1.0
778,-1.3777663158062008,-1.271399209751105,-1.2570441750822263,5,Os,Fe,Fe,1,0.95,0.8185932669579323,0.0,1.0
779,-1.3766389505706498,-0.993476639563126,-1.0398892293158024,3,Os,Fe,Fe,1,0.9535714285714283,0.679066555546151,0.0,1.0
780,-1.172318515488072,-1.0155538761612677,-1.0722405180571242,3,Fe,Fe,Fe,1,0.9571428571428571,0.6943838462727558,1.0,1.0
781,-0.9007929295179136,-1.0145958400475588,-1.2574756979525903,3,Os,Fe,Fe,1,0.9464285714285712,0.679066555546151,0.0,1.0
782,-1.6302029685026294,-1.1708657602929857,-1.01929131763757,2,Ru,Ru,Ru,0,0.9249999999999998,0.5916079783099615,1.0,0.6666666666666666
783,-1.2607831802927831,-1.1774313016815905,-1.2164226020766897,3,Ru,Fe,Fe,1,0.9285714285714284,0.684172319121686,0.0,1.0
784,-1.509543305355937,-1.1250355012700792,-1.1575696445591812,3,Os,Fe,Fe,1,0.9285714285714284,0.679066555546151,0.0,1.0
785,-1.0984538840437157,-1.2402118988952804,-1.0094689555266037,4,Ru,Fe,Fe,1,0.95,0.7746102299888384,0.0,1.0
786,-1.099580771073048,-1.0817008458488473,-1.1850189100996371,3,Os,Fe,Fe,1,0.9428571428571427,0.684172319121686,0.0,1.0
787,-1.639491431804281,-1.063853080566449,-0.9643731451462698,2,Ru,Ru,Ru,0,0.9392857142857142,0.5916079783099615,1.0,0.6666666666666666
788,-1.2532398376144425,-1.1340098089737563,-1.0441821758747591,3,Ru,Fe,Fe,1,0.9107142857142855,0.6943838462727558,0.0,1.0
789,-1.4814949038467993,-1.0365865882120764,-0.96248534057087,3,Ru,Fe,Fe,1,0.9428571428571427,0.684172319121686,0.0,1.0
790,-1.5379139260549757,-1.0249309528367805,-1.252356687773455,3,Os,Ru,Ru,1,0.9535714285714283,0.6943838462727558,0.0,1.0
791,-0.8303276267180744,-1.2051247572913752,-1.1444165408198543,3,Ru,Fe,Fe,1,0.9107142857142855,0.684172319121686,0.0,1.0
792,-1.2947642121174585,-1.041140746020683,-0.9908675698805478,3,Ru,Fe,Fe,1,0.9642857142857141,0.6943838462727558,0.0,1.0
793,-1.4192354234021933,-1.1703973321400858,-0.9652364950535841,4,Ru,Fe,Fe,1,0.9428571428571427,0.7654432450185562,0.0,1.0
794,-1.58743321596504,-1.1363032275069376,-1.0540269480828128,4,Ru,Ru,Ru,1,0.9178571428571428,0.7746102299888384,1.0,0.6666666666666666
795,-1.274179052930841,-1.2484409573123574,-0.9855564901047688,4,Ru,Fe,Fe,1,0.9392857142857142,0.7746102299888384,0.0,1.0
796,-1.3244822198914552,-1.159817247569492,-0.9731787714137561,3,Ru,Fe,Fe,1,0.914285714285714,0.684172319121686,0.0,1.0
797,-1.8998664580529407,-1.057864518343735,-1.1787296555523243,2,Os,Ru,Ru,0,0.9428571428571427,0.5855711622047578,0.0,0.6666666666666666
798,-1.0713675066333124,-1.0769475507571322,-1.0318021738272285,3,Ru,Fe,Fe,1,0.9607142857142855,0.6943838462727558,0.0,1.0
799,-1.1699739885945064,-1.1210191071264135,-1.1068020455215188,3,Fe,Fe,Fe,1,0.9464285714285712,0.6994896098482908,1.0,1.0
800,-1.2093598516705883,-1.0817480327768698,-1.008198421141443,3,Fe,Fe,Fe,1,0.9678571428571429,0.6994896098482908,1.0,1.0
801,-1.0410127349905498,-1.22066496101376,-1.1545843196990897,3,Os,Fe,Fe,1,0.9285714285714284,0.679066555546151,0.0,1.0
802,-1.5924502074977231,-1.180934913914228,-1.1946274676805464,4,Ru,Ru,Ru,1,0.95,0.7746102299888384,1.0,0.6666666666666666
803,-1.7824269254696308,-1.0526961733729865,-1.2486163791813845,3,Os,Ru,Ru,0,0.9392857142857142,0.6943838462727558,0.0,1.0
804,-1.7284653946947723,-1.1822223274492911,-1.0215793884222668,3,Ru,Ru,Ru,0,0.9214285714285713,0.6994896098482908,1.0,1.0
805,-1.201068551513485,-1.1890871989150293,-1.048040585434343,3,Ru,Fe,Fe,1,0.9571428571428571,0.6943838462727558,0.0,1.0
806,-1.5041617164552816,-1.044614953772841,-1.1276772959919392,3,Os,Fe,Fe,1,0.9464285714285712,0.679066555546151,0.0,1.0
807,-1.4793022976868675,-1.0530333388879005,-1.200655853775188,4,Os,Fe,Fe,1,0.9357142857142854,0.7608597525334153,0.0,1.0
808,-1.1607927360728703,-1.2455827020351657,-1.0101036759187059,3,Fe,Fe,Fe,1,0.914285714285714,0.6994896098482908,1.0,1.0
809,-1.5243788877158888,-0.9850687922236002,-1.092622856421516,3,Os,Fe,Fe,1,0.907142857142857,0.679066555546151,0.0,1.0
810,-1.577361972451714,-1.2278576409144744,-1.0665009945433908,4,Ru,Ru,Ru,1,0.9607142857142855,0.7746102299888384,1.0,0.6666666666666666
811,-1.8544657715516122,-1.100535578668359,-1.073536877162754,2,Ru,Ru,Ru,0,0.8785714285714284,0.5916079783099615,1.0,0.6666666666666666
812,-1.4380274540739506,-1.0838056203060216,-1.2521560950162793,4,Ru,Fe,Fe,1,0.9428571428571427,0.7654432450185562,0.0,1.0
813,-1.1416376742753371,-1.219747977067227,-1.0335444734459092,4,Fe,Fe,Fe,1,0.9642857142857141,0.7791937224739796,1.0,1.0
814,-1.265580845838155,-1.0266612908030104,-1.0497758915906388,3,Fe,Fe,Fe,1,0.9857142857142854,0.6943838462727558,1.0,1.0
815,-1.4983766443282882,-1.021302031768743,-1.1464677755201056,3,Os,Fe,Fe,1,0.9428571428571427,0.679066555546151,0.0,1.0
816,-1.395830896735942,-1.016384659110841,-1.2133618271386912,3,Os,Fe,Fe,1,0.9428571428571427,0.679066555546151,0.0,1.0
817,-1.4132023570781533,-1.0620518935089762,-1.235917936451527,3,Os,Fe,Fe,1,0.9285714285714284,0.679066555546151,0.0,1.0
818,-1.8568331902521236,-1.003135201694493,-1.0613836225340691,3,Os,Ru,Ru,0,0.9285714285714284,0.6943838462727558,0.0,1.0
819,-1.6069892550069111,-1.2290439979108199,-1.1644141901295815,3,Os,Ru,Ru,0,0.9535714285714283,0.6943838462727558,0.0,1.0
820,-1.4734200253123688,-1.1356274553788928,-1.0464115494313688,3,Ru,Fe,Fe,1,0.9178571428571428,0.684172319121686,0.0,1.0
821,-1.6026791176607038,-1.0918120142064183,-1.0241155022414155,2,Ru,Ru,Ru,0,0.9607142857142855,0.5916079783099615,1.0,0.6666666666666666
822,-1.518699655275617,-1.149151429671942,-1.1676746557276922,4,Os,Ru,Ru,1,0.9392857142857142,0.7562762600482742,0.0,0.6666666666666666
823,-1.4150590214742764,-1.1132720185012523,-1.1862429793248088,3,Os,Fe,Fe,1,0.8749999999999999,0.679066555546151,0.0,1.0
824,-1.3833504204665001,-1.226430794359176,-1.185967707780056,3,Os,Fe,Fe,1,0.9392857142857142,0.679066555546151,0.0,1.0
825,-1.424850730886276,-1.0181726797786514,-1.034312128836534,3,Os,Fe,Fe,1,0.907142857142857,0.679066555546151,0.0,1.0
826,-1.5767071681642029,-0.9985619379393402,-1.1654026304334284,3,Os,Ru,Ru,1,0.9357142857142854,0.6943838462727558,0.0,1.0
827,-1.6137402891324992,-1.103609630679266,-0.9997210394053517,2,Ru,Ru,Ru,0,0.8892857142857141,0.5916079783099615,1.0,0.6666666666666666
828,-1.2331153070739664,-1.1001700219322381,-1.0209755845916422,4,Fe,Fe,Fe,1,0.9678571428571429,0.7791937224739796,1.0,1.0
829,-1.2757818304672177,-1.2813351044569976,-0.9663838932614504,3,Fe,Fe,Fe,1,0.9749999999999999,0.6994896098482908,1.0,1.0
830,-1.7831661592613102,-1.2323864466381549,-1.152399232626258,2,Os,Ru,Ru,0,0.95,0.5855711622047578,0.0,0.6666666666666666
831,-1.4088732293693185,-1.2380694682292002,-1.2341926179143943,3,Os,Fe,Fe,1,0.932142857142857,0.679066555546151,0.0,1.0
832,-1.761783284620691,-1.0201763687139707,-1.2224573731763841,3,Os,Ru,Ru,0,0.9178571428571428,0.6943838462727558,0.0,1.0
833,-1.5385117832344029,-1.2473934419456085,-1.047644346027211,4,Ru,Ru,Ru,1,0.932142857142857,0.7654432450185562,1.0,0.6666666666666666
834,-1.2143915060893924,-1.1020951376462158,-1.146439402069548,3,Os,Fe,Fe,1,0.9464285714285712,0.684172319121686,0.0,1.0
835,-1.7298200254367415,-1.2823273151773031,-1.108810266926615,2,Os,Ru,Ru,0,0.8999999999999999,0.5855711622047578,0.0,0.6666666666666666
836,-1.4423790165731305,-1.0932326373739054,-1.0519707986547109,4,Ru,Fe,Fe,1,0.9535714285714283,0.7654432450185562,0.0,1.0
837,-1.1880107927869399,-1.229477781621786,-1.232956088270247,3,Fe,Fe,Fe,1,0.9749999999999999,0.6994896098482908,1.0,1.0
838,-1.3136473396770276,-1.2328773565351336,-1.0305973924584977,4,Ru,Fe,Fe,1,0.9285714285714284,0.7654432450185562,0.0,1.0
839,-1.0258065923054889,-1.1134017848005497,-1.1703325407348397,3,Os,Fe,Fe,1,0.9357142857142854,0.679066555546151,0.0,1.0
840,-1.289147312736792,-1.2519300117365304,-1.117564318792564,3,Os,Fe,Fe,1,0.9214285714285713,0.679066555546151,0.0,1.0
841,-1.0495974478575825,-1.1654571836118264,-1.1510018685662144,3,Ru,Fe,Fe,1,0.95,0.684172319121686,0.0,1.0
842,-0.7741244164545572,-1.0573566089145106,-0.9854304565497403,4,Ru,Fe,Fe,1,0.9642857142857141,0.7654432450185562,0.0,1.0
843,-1.4188288560526459,-1.2783901896234053,-1.2056763417885368,4,Os,Fe,Fe,1,0.9392857142857142,0.7608597525334153,0.0,1.0
844,-1.4344883209501023,-1.1772579636981666,-0.9857508631507363,3,Ru,Fe,Fe,1,0.9678571428571429,0.684172319121686,0.0,1.0
845,-1.7495625331412807,-1.2653074816780179,-1.1549536969505396,2,Os,Ru,Ru,0,0.8714285714285712,0.5855711622047578,0.0,0.6666666666666666
846,-1.1827684490953048,-1.0313414243916708,-1.2213304594265735,3,Fe,Fe,Fe,1,0.9285714285714284,0.6943838462727558,1.0,1.0
847,-1.4270876373241919,-1.2798266691726197,-1.110990519946084,4,Os,Fe,Fe,1,0.9464285714285712,0.7608597525334153,0.0,1.0
848,-1.3075303081149934,-1.2615116585253172,-1.0962573702412144,4,Os,Fe,Fe,1,0.9392857142857142,0.7608597525334153,0.0,1.0
849,-1.266007702816994,-1.2608069861736644,-1.1763465974931322,3,Os,Fe,Fe,1,0.9571428571428571,0.679066555546151,0.0,1.0
850,-1.4733521013522157,-1.1034255891522384,-1.090931711505505,3,Ru,Fe,Fe,1,0.9571428571428571,0.684172319121686,0.0,1.0
851,-1.5736890582444356,-1.1568573890723384,-1.1326849045112888,3,Ru,Ru,Ru,1,0.9535714285714283,0.6663021466073136,1.0,0.6666666666666666
852,-1.3459277184388958,-1.0360153608610827,-1.1924600685208535,3,Os,Fe,Fe,1,0.9535714285714283,0.679066555546151,0.0,1.0
853,-1.5260248672720778,-1.1012633533715366,-1.0142566076717094,3,Ru,Ru,Ru,1,0.8999999999999999,0.6943838462727558,1.0,1.0
854,-1.6176695468275186,-1.1229553788024926,-1.0550107307123753,2,Ru,Ru,Ru,0,0.9607142857142855,0.5916079783099615,1.0,0.6666666666666666
855,-1.5717490921827342,-1.1896972907760297,-1.251127597697436,3,Ru,Ru,Ru,1,0.9714285714285713,0.6994896098482908,1.0,1.0
856,-1.523466556474285,-1.165296048141741,-1.0826641083253998,3,Ru,Ru,Ru,1,0.9714285714285713,0.6943838462727558,1.0,1.0
857,-1.6593698060289224,-1.0958440376325191,-1.0586298093163047,2,Ru,Ru,Ru,0,0.932142857142857,0.5916079783099615,1.0,0.6666666666666666
858,-1.5384318408495086,-1.2281877525010723,-1.2106862286704527,3,Os,Ru,Ru,1,0.9285714285714284,0.6943838462727558,0.0,1.0
859,-1.9481221470780872,-1.2473623992669234,-1.1483740285542896,2,Os,Ru,Ru,0,0.9249999999999998,0.5855711622047578,0.0,0.6666666666666666
860,-1.3426647155772378,-1.0054180723535775,-1.0199992029227636,3,Os,Fe,Fe,1,0.9285714285714284,0.679066555546151,0.0,1.0
861,-1.0930956954561222,-1.2812927693272473,-1.227775077296346,4,Os,Fe,Fe,1,0.9571428571428571,0.7654432450185562,0.0,1.0
862,-1.6276017923776385,-1.1815889854777277,-1.1935515182713223,2,Ru,Ru,Ru,0,0.914285714285714,0.5916079783099615,1.0,0.6666666666666666
863,-1.402261187073056,-1.0416259053429038,-1.111694509352608,3,Os,Fe,Fe,1,0.9535714285714283,0.679066555546151,0.0,1.0
864,-1.371519904834814,-1.0900093933454036,-1.0250835903672941,4,Ru,Fe,Fe,1,0.9428571428571427,0.7654432450185562,0.0,1.0
865,-1.4085833790900104,-1.2640565890648674,-0.9898525885301105,3,Ru,Fe,Fe,1,0.9214285714285713,0.684172319121686,0.0,1.0
866,-1.2452350523463984,-1.2347767554689049,-1.0120053394039443,3,Ru,Fe,Fe,1,0.9571428571428571,0.6943838462727558,0.0,1.0
867,-1.4509048007807877,-1.166601499602619,-1.0219607560423438,3,Ru,Fe,Fe,1,0.9249999999999998,0.684172319121686,0.0,1.0
868,-1.6155030278486682,-1.2124240909147534,-1.1368980860360205,3,Ru,Ru,Ru,0,0.9249999999999998,0.6994896098482908,1.0,1.0
869,-1.2685888817142015,-1.0950261795878662,-1.1610384348165759,3,Os,Fe,Fe,1,0.914285714285714,0.679066555546151,0.0,1.0
870,-1.1729196865447433,-1.1913460654212342,-1.0196130534976109,3,Fe,Fe,Fe,1,0.9107142857142855,0.6994896098482908,1.0,1.0
871,-1.7297070666632217,-1.181663737220731,-1.128030460649861,2,Ru,Ru,Ru,0,0.907142857142857,0.5916079783099615,1.0,0.6666666666666666
872,-1.2634554671499174,-1.0326277129852905,-1.003858563938073,3,Fe,Fe,Fe,1,0.95,0.6994896098482908,1.0,1.0
873,-1.42944951123929,-1.0699391835114103,-1.0542082791342662,3,Ru,Fe,Fe,1,0.9392857142857142,0.684172319121686,0.0,1.0
874,-1.171754211887081,-1.1121192704074496,-1.2009818811689892,3,Fe,Fe,Fe,1,0.9571428571428571,0.6943838462727558,1.0,1.0
875,-1.5184368080640622,-1.232813512272208,-1.228253501563824,3,Os,Ru,Ru,1,0.9464285714285712,0.684172319121686,0.0,1.0
876,-1.5475823293421673,-1.0566287046772627,-1.2213172839642592,4,Os,Ru,Ru,1,0.9214285714285713,0.7700267375036974,0.0,0.6666666666666666
877,-1.190338442952687,-1.1497980793424036,-1.0182329046233887,3,Fe,Fe,Fe,1,0.9214285714285713,0.6994896098482908,1.0,1.0
878,-1.710679908827017,-1.12641157113981,-0.9923168459854055,3,Ru,Ru,Ru,0,0.9357142857142854,0.6994896098482908,1.0,1.0
879,-1.6150402452659578,-1.1029548547171328,-0.9978800857223875,2,Ru,Ru,Ru,0,0.914285714285714,0.5916079783099615,1.0,0.6666666666666666
880,-1.3348363131333616,-1.060479269744247,-1.1057648360120211,3,Os,Fe,Fe,1,0.9392857142857142,0.679066555546151,0.0,1.0
881,-1.5945588467550522,-1.2701925917012156,-1.0983677841950314,2,Os,Ru,Ru,0,0.8892857142857141,0.5855711622047578,0.0,0.6666666666666666
882,-1.4357325050706227,-1.1447104784263296,-1.0731168291152964,3,Ru,Fe,Fe,1,0.9642857142857141,0.684172319121686,0.0,1.0
883,-1.5090140836879085,-1.165696970014077,-1.0967025047342047,4,Ru,Fe,Fe,1,0.95,0.73794229010771,0.0,1.0
884,-1.0121173872057079,-1.1458275628667607,-1.0794855239548578,3,Ru,Fe,Fe,1,0.95,0.684172319121686,0.0,1.0
885,-2.0577542320123103,-1.1187292216881948,-1.2353213274195105,2,Ru,Ru,Ru,0,0.9214285714285713,0.5916079783099615,1.0,0.6666666666666666
886,-1.6566095222709432,-1.0947439807608617,-1.2489569755975996,2,Ru,Ru,Ru,0,0.9035714285714285,0.5916079783099615,1.0,0.6666666666666666
887,-1.3403735015318257,-1.0831555235902544,-1.0883732770062777,4,Os,Fe,Fe,1,0.9571428571428571,0.7608597525334153,0.0,1.0
888,-0.7508123674738679,-1.1472226103098038,-1.1254789146581063,4,Ru,Fe,Fe,1,0.9357142857142854,0.7654432450185562,0.0,1.0
889,-1.4670120267001137,-1.1728662885815824,-1.2013738445016167,4,Ru,Fe,Fe,1,0.932142857142857,0.7654432450185562,0.0,1.0
890,-1.0195738226870823,-1.0611044519538866,-1.0717654115999813,3,Os,Fe,Fe,1,0.9714285714285713,0.679066555546151,0.0,1.0
891,-0.976275339131228,-1.0276974431740469,-1.0562082650141276,4,Os,Fe,Fe,1,0.9464285714285712,0.7608597525334153,0.0,1.0
892,-1.1865093328584808,-1.0920008556494658,-0.9737470590907695,3,Fe,Fe,Fe,1,0.932142857142857,0.6994896098482908,1.0,1.0
893,-1.4914383102767783,-1.0920158559398347,-1.0186654073090649,3,Ru,Fe,Fe,1,0.9178571428571428,0.684172319121686,0.0,1.0
894,-1.4690868712288896,-1.045725281943219,-1.023963765817434,4,Ru,Fe,Fe,1,0.9642857142857141,0.7654432450185562,0.0,1.0
895,-1.4451773674024908,-1.2814127171242202,-1.170356015675802,4,Os,Fe,Fe,1,0.9607142857142855,0.7608597525334153,0.0,1.0
896,-1.3393627098918244,-0.9990521426448888,-1.1230068517180536,3,Os,Fe,Fe,1,0.95,0.679066555546151,0.0,1.0
897,-0.9741502496789851,-1.247845905404886,-1.0455810242033927,3,Ru,Fe,Fe,1,0.932142857142857,0.684172319121686,0.0,1.0
898,-1.0828160907907074,-1.124283638647736,-0.9671065644458359,3,Ru,Fe,Fe,1,0.9571428571428571,0.6943838462727558,0.0,1.0
899,-1.8359717325019966,-1.2107395222637827,-1.0135444482142841,3,Ru,Ru,Ru,0,0.9249999999999998,0.6994896098482908,1.0,1.0
900,-1.2515767185272932,-1.0993096617588232,-1.0582234188731277,3,Ru,Fe,Fe,1,0.9607142857142855,0.6943838462727558,0.0,1.0
901,-1.0538962204699955,-1.2732659211067205,-1.2156786543299232,4,Os,Fe,Fe,1,0.9571428571428571,0.7654432450185562,0.0,1.0
902,-1.544751064784762,-0.9878564209718907,-0.9698779850635827,3,Ru,Ru,Ru,1,0.9428571428571427,0.6943838462727558,1.0,1.0
903,-1.000970098547206,-1.139560467360959,-0.9828285369652214,4,Ru,Fe,Fe,1,0.9428571428571427,0.7746102299888384,0.0,1.0
904,-1.208396320589612,-1.0209838287639683,-1.0072469960972426,3,Fe,Fe,Fe,1,0.9428571428571427,0.6994896098482908,1.0,1.0
905,-1.6799013649083236,-1.128914494855566,-1.0921948080099433,2,Ru,Ru,Ru,0,0.8999999999999999,0.5916079783099615,1.0,0.6666666666666666
906,-1.3201115983770324,-1.1863228344260242,-1.0582717254127225,3,Ru,Fe,Fe,1,0.9285714285714284,0.684172319121686,0.0,1.0
907,-1.4558137015821067,-1.115160077184765,-1.0023539625261535,3,Ru,Fe,Fe,1,0.9285714285714284,0.684172319121686,0.0,1.0
908,-1.3904313983778438,-1.1017596856408833,-1.049192560672602,3,Ru,Fe,Fe,1,0.9642857142857141,0.684172319121686,0.0,1.0
909,-1.8647558276693497,-1.0604241331620115,-1.2207088190999125,3,Os,Ru,Ru,0,0.9642857142857141,0.6943838462727558,0.0,1.0
910,-1.1323958794966855,-1.2121891640673517,-1.1628417781606537,3,Os,Fe,Fe,1,0.9249999999999998,0.679066555546151,0.0,1.0
911,-1.4491487036228528,-1.1934167915139005,-0.996839079926314,4,Ru,Fe,Fe,1,0.9607142857142855,0.7654432450185562,0.0,1.0
912,-1.7267874487850308,-1.2238386561141796,-1.1027155847066858,3,Ru,Ru,Ru,0,0.9285714285714284,0.6994896098482908,1.0,1.0
913,-1.2803503095549362,-1.2331614699743194,-1.1915351984296219,4,Os,Fe,Fe,1,0.9571428571428571,0.7608597525334153,0.0,1.0
914,-1.1325248167859536,-1.0931401519938226,-1.2485466110579517,4,Fe,Fe,Fe,1,0.9714285714285713,0.7791937224739796,1.0,1.0
915,-1.2109609938714236,-1.1664380873363198,-1.070285883082974,4,Ru,Fe,Fe,1,0.9464285714285712,0.7746102299888384,0.0,1.0
916,-1.751000327546484,-1.252680176491205,-1.1485371395902293,2,Os,Ru,Ru,0,0.9107142857142855,0.5855711622047578,0.0,0.6666666666666666
917,-1.7037111788722423,-1.0730465311460948,-1.2262585700615205,3,Os,Ru,Ru,0,0.9428571428571427,0.6943838462727558,0.0,1.0
918,-1.0610230549446464,-1.1340947717729013,-1.2016963920226285,3,Os,Fe,Fe,1,0.9249999999999998,0.679066555546151,0.0,1.0
919,-1.8672672656730405,-1.0046169205839486,-1.0928016111402048,3,Os,Ru,Ru,0,0.9714285714285713,0.6943838462727558,0.0,1.0
920,-1.323859905072507,-1.0047373220461606,-1.2397292228120718,3,Os,Fe,Fe,1,0.95,0.679066555546151,0.0,1.0
921,-1.3364120530635346,-1.1912478279738958,-1.2351807678579705,3,Ru,Fe,Fe,1,0.9607142857142855,0.684172319121686,0.0,1.0
922,-1.5942331108225176,-1.192611313068859,-1.12898278696395,3,Ru,Ru,Ru,0,0.9178571428571428,0.6994896098482908,1.0,1.0
923,-1.0726169851107352,-1.2246241340253783,-1.2354853778623733,3,Ru,Fe,Fe,1,0.9642857142857141,0.684172319121686,0.0,1.0
924,-1.5045696033604592,-1.1957747463545132,-1.1168051299057313,4,Ru,Fe,Fe,1,0.9607142857142855,0.7654432450185562,0.0,1.0
925,-1.3594916308138532,-1.1548907585923593,-1.1573086684844185,4,Os,Fe,Fe,1,0.9214285714285713,0.7608597525334153,0.0,1.0
926,-1.204636825039596,-1.043782038376082,-1.0666794648311588,3,Fe,Fe,Fe,1,0.9535714285714283,0.6943838462727558,1.0,1.0
927,-1.450066216622273,-1.2181229555420559,-1.0391483009958309,3,Ru,Fe,Fe,1,0.932142857142857,0.684172319121686,0.0,1.0
928,-1.189307947141914,-1.278005219679458,-1.1010331443863293,3,Fe,Fe,Fe,1,0.9249999999999998,0.6943838462727558,1.0,1.0
929,-1.4185427836029878,-1.2825566828928507,-0.996253537881153,3,Ru,Fe,Fe,1,0.9428571428571427,0.684172319121686,0.0,1.0
930,-1.5349480324587002,-1.0382477699755648,-1.183408421727511,3,Os,Ru,Ru,1,0.9392857142857142,0.6943838462727558,0.0,1.0
931,-1.5651608944439843,-1.0294219158733964,-0.9716298728159285,3,Ru,Ru,Ru,1,0.8964285714285712,0.6994896098482908,1.0,1.0
932,-1.7593368706797834,-1.255997304420332,-1.1273014071438994,2,Os,Ru,Ru,0,0.9392857142857142,0.5855711622047578,0.0,0.6666666666666666
933,-1.2835197751081517,-1.221804831762225,-1.1936308340405333,4,Os,Fe,Fe,1,0.9464285714285712,0.7608597525334153,0.0,1.0
934,-1.5142421300578248,-1.2539749150469204,-1.0790326105644217,4,Os,Fe,Fe,1,0.9178571428571428,0.7608597525334153,0.0,1.0
935,-1.9362383690935334,-1.205142548069404,-1.158462074912613,3,Os,Ru,Ru,0,0.9571428571428571,0.6943838462727558,0.0,1.0
936,-1.6572381485287517,-1.1795993226675416,-1.2461402093144336,4,Ru,Ru,Ru,0,0.9535714285714283,0.7791937224739796,1.0,1.0
937,-1.6051627646129165,-1.1375322077838355,-0.992556235384692,2,Ru,Ru,Ru,0,0.9285714285714284,0.5916079783099615,1.0,0.6666666666666666
938,-1.3934415194355536,-1.0502177167590125,-1.2344213375599202,3,Os,Fe,Fe,1,0.9249999999999998,0.679066555546151,0.0,1.0
939,-1.495992740756288,-1.090150813557349,-1.0970335246127259,3,Os,Fe,Fe,1,0.914285714285714,0.679066555546151,0.0,1.0
940,-1.455507046715487,-1.2600847809618454,-1.1560070759714194,3,Os,Fe,Fe,1,0.9178571428571428,0.679066555546151,0.0,1.0
941,-1.434306808858595,-1.0124833938534021,-1.1412258595753277,3,Os,Fe,Fe,1,0.9249999999999998,0.679066555546151,0.0,1.0
942,-1.485450709714517,-1.149738952457292,-1.0146786755705273,3,Ru,Fe,Fe,1,0.9357142857142854,0.684172319121686,0.0,1.0
943,-1.429949143481653,-1.2706987920610506,-1.0166777452662277,3,Ru,Fe,Fe,1,0.9285714285714284,0.684172319121686,0.0,1.0
944,-1.3419118970062769,-1.1611863840015044,-1.0988000755225291,3,Ru,Fe,Fe,1,0.932142857142857,0.684172319121686,0.0,1.0
945,-1.1578131083555676,-1.2484447450928686,-1.2066174046613405,4,Fe,Fe,Fe,1,0.9642857142857141,0.7746102299888384,1.0,1.0
946,-1.6958864181410926,-1.2599816371705914,-1.2567672840950486,2,Os,Ru,Ru,0,0.95,0.5855711622047578,0.0,0.6666666666666666
947,-1.6102311401346063,-1.1117942281494715,-1.229181395278976,2,Os,Ru,Ru,0,0.9392857142857142,0.5855711622047578,0.0,0.6666666666666666
948,-1.4858925986348754,-1.0529027225775192,-1.2441697906469522,4,Os,Fe,Fe,1,0.9714285714285713,0.7608597525334153,0.0,1.0
949,-0.9480148051357665,-1.2497499326536408,-1.0030141408822004,4,Ru,Fe,Fe,1,0.9428571428571427,0.7654432450185562,0.0,1.0
950,-1.6765944004218303,-1.225489868205003,-1.2181700780493532,2,Os,Ru,Ru,0,0.9428571428571427,0.5855711622047578,0.0,0.6666666666666666
951,-1.4053219474920253,-1.2685371514320036,-1.216450556841405,3,Os,Fe,Fe,1,0.9428571428571427,0.679066555546151,0.0,1.0
952,-1.2356298146139526,-1.1336405706625197,-1.2009987567388198,3,Os,Fe,Fe,1,0.9178571428571428,0.679066555546151,0.0,1.0
953,-1.5707807120630837,-1.0799785630067265,-1.0346223766026017,3,Ru,Ru,Ru,1,0.9285714285714284,0.6994896098482908,1.0,1.0
954,-1.252101681457093,-1.1453229878106603,-0.9630021053832787,3,Ru,Fe,Fe,1,0.9607142857142855,0.6943838462727558,0.0,1.0
955,-1.1476647465549423,-1.1459548811392666,-1.1417572481836034,3,Fe,Fe,Fe,1,0.9464285714285712,0.6994896098482908,1.0,1.0
956,-1.7230080879931502,-0.993145149439182,-1.0858782917133099,2,Os,Ru,Ru,0,0.9607142857142855,0.5855711622047578,0.0,0.6666666666666666
957,-1.2547764330177804,-1.0836842196810013,-1.144630774749063,3,Os,Fe,Fe,1,0.8999999999999999,0.679066555546151,0.0,1.0
958,-0.7594891097263891,-1.0953267246398486,-1.10759105937083,3,Os,Fe,Fe,1,0.9285714285714284,0.679066555546151,0.0,1.0
959,-1.276900916050301,-1.070347610295246,-1.059330668973196,3,Ru,Fe,Fe,1,0.9607142857142855,0.684172319121686,0.0,1.0
960,-1.5050786652083434,-1.0249353447219498,-0.9785178056435773,3,Ru,Fe,Fe,1,0.9714285714285713,0.684172319121686,0.0,1.0
961,-0.7237261437044872,-1.242784956008016,-1.1299792763645857,3,Os,Fe,Fe,1,0.932142857142857,0.679066555546151,0.0,1.0
962,-1.2670162729021852,-1.025469637361688,-1.1947540071730276,4,Os,Fe,Fe,1,0.9678571428571429,0.7654432450185562,0.0,1.0
963,-1.2514629395048327,-1.0215126757398785,-1.057973815317547,3,Fe,Fe,Fe,1,0.932142857142857,0.6943838462727558,1.0,1.0
964,-0.9537151403912587,-1.0729362466731835,-1.1175620244322328,4,Os,Fe,Fe,1,0.9392857142857142,0.7608597525334153,0.0,1.0
965,-1.7266541248546436,-1.104894500363235,-0.9810306484525123,2,Ru,Ru,Ru,0,0.9285714285714284,0.5916079783099615,1.0,0.6666666666666666
966,-1.6117633313567774,-1.200044455362412,-1.070908513494479,2,Ru,Ru,Ru,0,0.9571428571428571,0.5916079783099615,1.0,0.6666666666666666
967,-1.4614370876539224,-1.178371310184395,-1.2425889346942771,4,Ru,Fe,Fe,1,0.9428571428571427,0.7654432450185562,0.0,1.0
968,-1.6766066318139212,-1.0751076491400249,-1.0430988937944234,3,Ru,Ru,Ru,0,0.9785714285714284,0.6994896098482908,1.0,1.0
969,-1.364174728429738,-1.2710523791662691,-1.0021578574108851,3,Ru,Fe,Fe,1,0.9035714285714285,0.684172319121686,0.0,1.0
970,-1.4378649094242322,-1.1336837884836473,-1.171646646241648,3,Os,Fe,Fe,1,0.9642857142857141,0.679066555546151,0.0,1.0
971,-1.110958086197209,-1.276063930874862,-1.2295134581402074,3,Os,Fe,Fe,1,0.95,0.684172319121686,0.0,1.0
972,-1.2791498389628577,-0.9930963466040947,-1.0474820124500483,5,Os,Fe,Fe,1,0.9571428571428571,0.822845699513558,0.0,1.0
973,-1.4490303549005803,-0.9933390751527063,-1.1986697190392286,3,Os,Fe,Fe,1,0.9214285714285713,0.679066555546151,0.0,1.0
974,-1.476406354370935,-1.1963813367490252,-1.0783828426164195,3,Ru,Fe,Fe,1,0.8857142857142855,0.684172319121686,0.0,1.0
975,-1.5433691370132994,-1.0925292018058341,-1.1599571291808966,4,Os,Ru,Ru,1,0.95,0.7700267375036974,0.0,0.6666666666666666
976,-1.5898344570618783,-1.2187690104642195,-1.2289025977810688,3,Ru,Ru,Ru,1,0.8892857142857141,0.6994896098482908,1.0,1.0
977,-1.016249517784624,-1.1329982154435496,-1.1235633402361465,3,Ru,Fe,Fe,1,0.9607142857142855,0.684172319121686,0.0,1.0
978,-1.3706838482267178,-1.1725849385922809,-1.2268920789497675,4,Ru,Fe,Fe,1,0.9571428571428571,0.7654432450185562,0.0,1.0
979,-1.529000447232382,-1.0001150213530676,-1.2484164217744136,4,Os,Fe,Fe,1,0.9464285714285712,0.7471092750779922,0.0,0.6666666666666666
980,-1.0645031806986138,-1.012568651009212,-0.9871221571207689,4,Fe,Fe,Fe,1,0.9607142857142855,0.7516927675631331,1.0,1.0
981,-1.4110024190826742,-1.2052885330930792,-1.014778368990093,3,Ru,Fe,Fe,1,0.9785714285714284,0.684172319121686,0.0,1.0
982,-1.1491923331790574,-1.2800412814948552,-0.9982793873114344,3,Fe,Fe,Fe,1,0.9392857142857142,0.6994896098482908,1.0,1.0
983,-1.1500403995686066,-1.1825064534733507,-1.065706515696975,4,Ru,Fe,Fe,1,0.9607142857142855,0.7746102299888384,0.0,1.0
984,-1.2371653453730103,-1.0258879158423615,-1.1875648474157579,3,Os,Fe,Fe,1,0.9178571428571428,0.684172319121686,0.0,1.0
985,-1.617416270087437,-1.262225096669706,-1.147059096362419,2,Os,Ru,Ru,0,0.9785714285714284,0.5855711622047578,0.0,0.6666666666666666
986,-1.0686066114088437,-1.0975982382313099,-1.2020318057568535,3,Os,Fe,Fe,1,0.95,0.679066555546151,0.0,1.0
987,-1.6425232156059018,-1.0862148549979307,-1.2513198868106872,2,Ru,Ru,Ru,0,0.9357142857142854,0.5916079783099615,1.0,0.6666666666666666
988,-1.9408941093926444,-1.0276938343219542,-0.9954215635523982,3,Ru,Ru,Ru,0,0.9428571428571427,0.6994896098482908,1.0,1.0
989,-1.2924914696689613,-1.0370490422370664,-0.9631643159968983,3,Ru,Fe,Fe,1,0.9642857142857141,0.6943838462727558,0.0,1.0
990,-1.6532560384227184,-1.195833619448512,-1.1718031692979742,2,Os,Ru,Ru,0,0.9714285714285713,0.5855711622047578,0.0,0.6666666666666666
991,-1.4359175134469104,-1.201729512592747,-1.1437788413727417,3,Ru,Fe,Fe,1,0.9535714285714283,0.684172319121686,0.0,1.0
992,-1.4630675001738618,-1.1262997628606681,-1.2510833473558893,3,Ru,Fe,Fe,1,0.9464285714285712,0.684172319121686,0.0,1.0
993,-1.0611128522269992,-1.2742812527717822,-1.2142104224963501,5,Os,Fe,Fe,1,0.9749999999999999,0.822845699513558,0.0,1.0
994,-1.3793940488868452,-1.149041596206489,-1.0991768896168028,4,Ru,Fe,Fe,1,0.9571428571428571,0.73794229010771,0.0,1.0
995,-1.5421260645813735,-1.1867109020854536,-1.238373468937277,4,Ru,Ru,Ru,1,0.9607142857142855,0.7746102299888384,1.0,0.6666666666666666
996,-1.6513554334461382,-1.2387836748725367,-1.0788985683701398,2,Ru,Ru,Ru,0,0.9714285714285713,0.5916079783099615,1.0,0.6666666666666666
997,-1.6375593272044666,-1.2182118192215117,-0.9817566161411242,2,Ru,Ru,Ru,0,0.9571428571428571,0.5916079783099615,1.0,0.6666666666666666
998,-1.3656868446753094,-1.0348968741869515,-1.1730895930503007,4,Os,Fe,Fe,1,0.9607142857142855,0.7608597525334153,0.0,1.0
999,-1.543382365393177,-1.0650258486661819,-1.0371249263178957,4,Ru,Ru,Ru,1,0.9749999999999999,0.7746102299888384,1.0,0.6666666666666666
