group,doi,entry,catalyst,T_C,P_bar,h2_co2,X,SMeOH,SCO,SCH4,sty_basis,STY,catalyst_t,price_eur_kg,price_flag,cost_off,cost_composition_3y,cost_composition_1y,cost_composition_4y,cost_composition_6y,cost_composition_3y_recovery95,cost_composition_pf_base_3y,cost_composition_pf_base_1y,cost_uniform_cza_18.1_3y,cost_uniform_pf_95.24_3y,purge_off,purge_composition_3y,purge_composition_1y,purge_composition_4y,purge_composition_6y,purge_composition_3y_recovery95,purge_composition_pf_base_3y,purge_composition_pf_base_1y,purge_uniform_cza_18.1_3y,purge_uniform_pf_95.24_3y,catrepl_off,catrepl_composition_3y,catrepl_composition_1y,catrepl_composition_4y,catrepl_composition_6y,catrepl_composition_3y_recovery95,catrepl_composition_pf_base_3y,catrepl_composition_pf_base_1y,catrepl_uniform_cza_18.1_3y,catrepl_uniform_pf_95.24_3y
10.1002/anie.201600943 | 50 bar | H2/CO2 4 | 26 NL/g/h,10.1002/anie.201600943,"Figure 1a, In2O3, 573 K","In2O3 [Figure 1a, In2O3, 573 K]",299.85,50,4,0.052,1,0,0,STY from mass GHSV (printed STY inconsistent with X*S*F),0.297347,487.646,282.287,,969.356,1013.31,1101.21,1002.32,991.331,1013.31,1025.32,1137.24,972.174,984.184,0.005,0.005,0.005,0.005,0.005,0.005,0.005,0.005,0.005,0.005,0,39.5563,118.669,29.6672,19.7782,39.5563,50.3658,151.097,2.53632,13.3458
10.1002/anie.201600943 | 50 bar | H2/CO2 4 | 26 NL/g/h,10.1002/anie.201600943,"Figure 1a, Cu-ZnO-Al2O3, 573 K","Cu-ZnO-Al2O3 [Figure 1a, Cu-ZnO-Al2O3, 573 K]",299.85,50,4,0.021,0.109,0.891,0,STY from mass GHSV (printed STY inconsistent with X*S*F),0.013089,11078,18.1,cza_reference,25630.2,25694.2,25822.3,25678.2,25662.2,25694.2,25967.1,26640.8,25694.2,25967.1,0.052,0.052,0.052,0.052,0.052,0.052,0.052,0.052,0.052,0.052,0,57.6184,172.855,43.2138,28.8092,57.6184,303.181,909.543,57.6184,303.181
10.1002/anie.202401168 | 30 bar | H2/CO2 3 | 18 NL/g/h,10.1002/anie.202401168,"SI Table S5, this work row 2","Ir1Pd1-In2O3(CP-PD) [SI Table S5, this work row 2]",250,30,3,0.101,0.946,0.044,0.01,STY from mass GHSV,0.59006,245.738,1353.15,,1057.32,1163.49,1375.83,1136.95,1110.4,1083.53,1169.54,1393.98,1058.74,1064.79,0.025,0.025,0.025,0.025,0.025,0.025,0.025,0.025,0.025,0.025,0,95.5513,286.654,71.6635,47.7757,23.589,100.998,302.995,1.27812,6.7253
10.1002/anie.202401168 | 30 bar | H2/CO2 3 | 36 NL/g/h,10.1002/anie.202401168,"SI Table S5, this work row 3","Ir1Pd1-In2O3(CP-PD) [SI Table S5, this work row 3]",250,30,3,0.093,0.901,0.089,0.01,STY from mass GHSV,1.03496,140.103,1353.15,,1203,1263.53,1384.59,1248.39,1233.26,1217.94,1266.98,1394.94,1203.81,1207.26,0.037,0.037,0.037,0.037,0.037,0.037,0.037,0.037,0.037,0.037,0,54.4768,163.43,40.8576,27.2384,13.4488,57.5824,172.747,0.728695,3.8343
10.1002/anie.202401168 | 30 bar | H2/CO2 3 | 54 NL/g/h,10.1002/anie.202401168,"Text page 9, Ir1Pd1-In2O3(CP-PD), 250 °C, 54000 mL gcat−1 hour−1","Ir1Pd1-In2O3(CP-PD) [Text page 9, Ir1Pd1-In2O3(CP-PD), 250 °C, 54000 mL gcat−1 hour−1]",250,30,3,0.086,0.845,0.145,0.01,printed STY,1.29099,112.317,1353.15,,1405.33,1453.86,1550.91,1441.73,1429.6,1417.31,1456.63,1559.21,1405.98,1408.75,0.05,0.05,0.05,0.05,0.05,0.05,0.05,0.05,0.05,0.05,0,43.6727,131.018,32.7545,21.8364,10.7816,46.1624,138.487,0.584177,3.07387
10.1002/anie.202401168 | 30 bar | H2/CO2 3 | 9 NL/g/h,10.1002/anie.202401168,"SI Figure S29, t=10 h, 275 °C","Ir1Pd1-In2O3(CP-PD) [SI Figure S29, t=10 h, 275 °C]",275,30,3,0.129,0.83,0.16,0.01,STY from mass GHSV,0.330614,438.577,1353.15,,1424.65,1614.14,1993.1,1566.76,1519.39,1471.43,1624.94,2025.51,1427.19,1437.99,0.076,0.076,0.076,0.076,0.076,0.076,0.076,0.076,0.076,0.076,0,170.534,511.602,127.901,85.2671,42.1002,180.256,540.768,2.28111,12.0029
10.1002/anie.202401168 | 30 bar | H2/CO2 3 | 9 NL/g/h,10.1002/anie.202401168,"SI Figure S29, t=0 h, 275 °C","Ir1Pd1-In2O3(CP-PD) [SI Figure S29, t=0 h, 275 °C]",275,30,3,0.128,0.83,0.16,0.01,STY from mass GHSV,0.328052,442.004,1353.15,,1424.7,1615.66,1997.59,1567.92,1520.18,1471.84,1626.55,2030.25,1427.26,1438.14,0.076,0.076,0.076,0.076,0.076,0.076,0.076,0.076,0.076,0.076,0,171.866,515.599,128.9,85.9332,42.4291,181.664,544.993,2.29893,12.0967
10.1002/anie.202401168 | 30 bar | H2/CO2 3 | 9 NL/g/h,10.1002/anie.202401168,"Text page 9, Ir1Pd1-In2O3(CP-PD), 300 °C","Ir1Pd1-In2O3(CP-PD) [Text page 9, Ir1Pd1-In2O3(CP-PD), 300 °C]",300,30,3,0.143,0.713,0.277,0.01,STY from mass GHSV,0.314833,460.562,1353.15,,1938.52,2137.5,2535.46,2087.75,2038.01,1987.64,2148.84,2569.49,1941.18,1952.52,0.101,0.101,0.101,0.101,0.101,0.101,0.101,0.101,0.101,0.101,0,179.083,537.248,134.312,89.5413,44.2106,189.292,567.875,2.39545,12.6046
10.1002/anie.202401168 | 30 bar | H2/CO2 3 | 9 NL/g/h,10.1002/anie.202401168,"Figure 4a, Ir1Pd1-In2O3(CP-PD), 250 °C, 9000 mL gcat−1 hour−1","Ir1Pd1-In2O3(CP-PD) [Figure 4a, Ir1Pd1-In2O3(CP-PD), 250 °C, 9000 mL gcat−1 hour−1]",250,30,3,0.105,0.97,0.02,0.01,STY from mass GHSV,0.314496,461.055,1353.15,,983.934,1183.13,1581.52,1133.33,1083.53,1033.11,1194.48,1615.58,986.599,997.954,0.017,0.017,0.017,0.017,0.017,0.017,0.017,0.017,0.017,0.017,0,179.274,537.823,134.456,89.6372,44.2579,189.494,568.483,2.39802,12.6181
10.1002/anie.202401168 | 30 bar | H2/CO2 3 | 9 NL/g/h,10.1002/anie.202401168,"SI Figure S25, t=10 h, Pd1Pd1-In2O3(CP-PD)","Pd1Pd1-In2O3(CP-PD) [SI Figure S25, t=10 h, Pd1Pd1-In2O3(CP-PD)]",250,30,3,0.11,0.83,0.16,0.01,STY from mass GHSV,0.281919,514.332,460.894,,1310.2,1385.88,1537.26,1366.96,1348.04,1357.81,1398.55,1575.26,1313.17,1325.84,0.055,0.055,0.055,0.055,0.055,0.055,0.055,0.055,0.055,0.055,0,68.1185,204.356,51.0889,34.0593,42.8507,79.5195,238.559,2.67512,14.0761
10.1002/anie.202401168 | 30 bar | H2/CO2 3 | 9 NL/g/h,10.1002/anie.202401168,"SI Figure S25, t=0 h, Pd1Pd1-In2O3(CP-PD)","Pd1Pd1-In2O3(CP-PD) [SI Figure S25, t=0 h, Pd1Pd1-In2O3(CP-PD)]",250,30,3,0.109,0.83,0.16,0.01,STY from mass GHSV,0.279356,519.05,460.894,,1335.92,1412.3,1565.06,1393.21,1374.11,1383.97,1425.08,1603.42,1338.92,1351.7,0.057,0.057,0.057,0.057,0.057,0.057,0.057,0.057,0.057,0.057,0,68.7435,206.23,51.5576,34.3717,43.2438,80.2491,240.747,2.69966,14.2053
10.1002/anie.202401168 | 30 bar | H2/CO2 3 | 9 NL/g/h,10.1002/anie.202401168,"SI Figure S26, t=10 h, 2Ir1Pd1-In2O3(CP-PD)","2Ir1Pd1-In2O3(CP-PD) [SI Figure S26, t=10 h, 2Ir1Pd1-In2O3(CP-PD)]",250,30,3,0.097,0.92,0.07,0.01,STY from mass GHSV,0.275558,526.204,2424,,1141.35,1548.6,2363.11,1446.79,1344.97,1206.17,1561.56,2401.99,1144.39,1157.35,0.032,0.032,0.032,0.032,0.032,0.032,0.032,0.032,0.032,0.032,0,366.529,1099.59,274.897,183.265,58.3394,378.193,1134.58,2.73687,14.4011
10.1002/anie.202401168 | 30 bar | H2/CO2 3 | 9 NL/g/h,10.1002/anie.202401168,"Text/Figure 4e, Ir1Pd1-In2O3(CP-PD), 100 h stability","Ir1Pd1-In2O3(CP-PD) [Text/Figure 4e, Ir1Pd1-In2O3(CP-PD), 100 h stability]",250,30,3,0.095,0.937,0.063,0,STY from mass GHSV,0.274864,527.534,1353.15,,1081.86,1309.78,1765.61,1252.8,1195.82,1138.13,1322.77,1804.59,1084.91,1097.9,0.026,0.026,0.026,0.026,0.026,0.026,0.026,0.026,0.026,0.026,0,205.124,615.371,153.843,102.562,50.6394,216.817,650.452,2.74379,14.4375
10.1002/anie.202401168 | 30 bar | H2/CO2 3 | 9 NL/g/h,10.1002/anie.202401168,"SI Figure S26, t=0 h, 2Ir1Pd1-In2O3(CP-PD)","2Ir1Pd1-In2O3(CP-PD) [SI Figure S26, t=0 h, 2Ir1Pd1-In2O3(CP-PD)]",250,30,3,0.095,0.92,0.07,0.01,STY from mass GHSV,0.269877,537.282,2424,,1147.61,1563.44,2395.09,1459.48,1355.52,1213.8,1576.67,2434.79,1150.71,1163.95,0.032,0.032,0.032,0.032,0.032,0.032,0.032,0.032,0.032,0.032,0,374.245,1122.74,280.684,187.123,59.5676,386.155,1158.47,2.79449,14.7042
10.1002/anie.202401168 | 30 bar | H2/CO2 3 | 9 NL/g/h,10.1002/anie.202401168,"Figure 4a, Ir1Pd1-In2O3(PD-PD), 250 °C","Ir1Pd1-In2O3(PD-PD) [Figure 4a, Ir1Pd1-In2O3(PD-PD), 250 °C]",250,30,3,0.085,0.89,0.09,0.02,STY from mass GHSV,0.233595,620.733,1353.15,,1259.95,1528.13,2064.49,1461.08,1394.04,1326.15,1543.42,2110.35,1263.53,1278.82,0.037,0.037,0.037,0.037,0.037,0.037,0.037,0.037,0.037,0.037,0,241.363,724.088,181.022,120.681,59.5858,255.122,765.367,3.22853,16.9881
10.1002/anie.202401168 | 30 bar | H2/CO2 3 | 9 NL/g/h,10.1002/anie.202401168,"SI Figure S29, t=10 h, 225 °C","Ir1Pd1-In2O3(CP-PD) [SI Figure S29, t=10 h, 225 °C]",225,30,3,0.077,0.98,0.01,0.01,STY from mass GHSV,0.233008,622.296,1353.15,,965.683,1234.54,1772.25,1167.33,1100.11,1032.06,1249.87,1818.23,969.28,984.606,0.01,0.01,0.01,0.01,0.01,0.01,0.01,0.01,0.01,0.01,0,241.97,725.911,181.478,120.985,59.7359,255.765,767.294,3.23666,17.0309
10.1002/anie.202401168 | 30 bar | H2/CO2 3 | 9 NL/g/h,10.1002/anie.202401168,"SI Figure S29, t=0 h, 225 °C","Ir1Pd1-In2O3(CP-PD) [SI Figure S29, t=0 h, 225 °C]",225,30,3,0.074,0.98,0.01,0.01,STY from mass GHSV,0.22393,647.525,1353.15,,970.869,1250.62,1810.14,1180.69,1110.75,1039.93,1266.57,1857.98,974.611,990.559,0.01,0.01,0.01,0.01,0.01,0.01,0.01,0.01,0.01,0.01,0,251.78,755.34,188.835,125.89,62.1576,266.134,798.401,3.36787,17.7213
10.1002/anie.202401168 | 30 bar | H2/CO2 3 | 9 NL/g/h,10.1002/anie.202401168,"SI Figure S22, t=0 h, Ir1Pd1-In2O3(PD-PD)","Ir1Pd1-In2O3(PD-PD) [SI Figure S22, t=0 h, Ir1Pd1-In2O3(PD-PD)]",250,30,3,0.081,0.88,0.11,0.01,STY from mass GHSV,0.220101,658.789,1353.15,,1291.3,1575.92,2145.16,1504.76,1433.61,1361.56,1592.14,2193.84,1295.1,1311.33,0.038,0.038,0.038,0.038,0.038,0.038,0.038,0.038,0.038,0.038,0,256.16,768.48,192.12,128.08,63.2389,270.763,812.29,3.42646,18.0296
10.1002/anie.202401168 | 30 bar | H2/CO2 3 | 9 NL/g/h,10.1002/anie.202401168,"SI Figure S26, t=10 h, 4Ir1Pd1-In2O3(CP-PD)","4Ir1Pd1-In2O3(CP-PD) [SI Figure S26, t=10 h, 4Ir1Pd1-In2O3(CP-PD)]",250,30,3,0.077,0.91,0.08,0.01,STY from mass GHSV,0.216365,670.165,4565.72,,1185.7,2162.64,4116.53,1918.41,1674.17,1290.41,2179.15,4166.05,1189.57,1206.08,0.028,0.028,0.028,0.028,0.028,0.028,0.028,0.028,0.028,0.028,0,879.249,2637.75,659.437,439.625,94.2386,894.104,2682.31,3.48563,18.341
10.1002/anie.202401168 | 30 bar | H2/CO2 3 | 9 NL/g/h,10.1002/anie.202401168,"SI Figure S26, t=0 h, 4Ir1Pd1-In2O3(CP-PD)","4Ir1Pd1-In2O3(CP-PD) [SI Figure S26, t=0 h, 4Ir1Pd1-In2O3(CP-PD)]",250,30,3,0.076,0.91,0.08,0.01,STY from mass GHSV,0.213555,678.983,4565.72,,1190.08,2179.87,4159.47,1932.42,1684.97,1296.16,2196.6,4209.64,1194,1210.72,0.028,0.028,0.028,0.028,0.028,0.028,0.028,0.028,0.028,0.028,0,890.818,2672.45,668.114,445.409,95.4785,905.869,2717.61,3.53149,18.5823
10.1002/anie.202401168 | 30 bar | H2/CO2 3 | 9 NL/g/h,10.1002/anie.202401168,"Figure 4a, Ir1Pd1-In2O3(CP-AP), 250 °C","Ir1Pd1-In2O3(CP-AP) [Figure 4a, Ir1Pd1-In2O3(CP-AP), 250 °C]",250,30,3,0.079,0.8,0.2,0,STY from mass GHSV,0.195151,743.014,1353.15,,1586.93,1907.94,2549.96,1827.69,1747.44,1666.18,1926.24,2604.86,1591.22,1609.52,0.057,0.057,0.057,0.057,0.057,0.057,0.057,0.057,0.057,0.057,0,288.91,866.729,216.682,144.455,71.3239,305.38,916.139,3.86453,20.3347
10.1002/anie.202401168 | 30 bar | H2/CO2 3 | 9 NL/g/h,10.1002/anie.202401168,"SI Figure S22, t=0 h, Ir1Pd1-In2O3(CP-AP)","Ir1Pd1-In2O3(CP-AP) [SI Figure S22, t=0 h, Ir1Pd1-In2O3(CP-AP)]",250,30,3,0.076,0.79,0.2,0.01,STY from mass GHSV,0.185394,782.12,1353.15,,1648.63,1986.54,2662.35,1902.06,1817.59,1732.05,2005.8,2720.14,1653.15,1672.42,0.058,0.058,0.058,0.058,0.058,0.058,0.058,0.058,0.058,0.058,0,304.115,912.346,228.087,152.058,75.0777,321.452,964.357,4.06792,21.4049
10.1002/anie.202401168 | 30 bar | H2/CO2 3 | 9 NL/g/h,10.1002/anie.202401168,"Figure 4a, Ir1Pd1-In2O3(AP-AP), 250 °C","Ir1Pd1-In2O3(AP-AP) [Figure 4a, Ir1Pd1-In2O3(AP-AP), 250 °C]",250,30,3,0.076,0.77,0.22,0.01,STY from mass GHSV,0.1807,802.435,1353.15,,1726.68,2073.37,2766.73,1986.7,1900.02,1812.27,2093.13,2826.02,1731.32,1751.08,0.062,0.062,0.062,0.062,0.062,0.062,0.062,0.062,0.062,0.062,0,312.015,936.044,234.011,156.007,77.0278,329.802,989.405,4.17358,21.9609
10.1002/anie.202401168 | 30 bar | H2/CO2 3 | 9 NL/g/h,10.1002/anie.202401168,"Figure 4a, Ir1Pd1-In2O3(GM), 250 °C","Ir1Pd1-In2O3(GM) [Figure 4a, Ir1Pd1-In2O3(GM), 250 °C]",250,30,3,0.065,0.87,0.13,0,STY from mass GHSV,0.174617,830.389,1353.15,,1337.31,1696.07,2413.59,1606.38,1516.69,1425.88,1716.52,2474.95,1342.11,1362.56,0.033,0.033,0.033,0.033,0.033,0.033,0.033,0.033,0.033,0.033,0,322.884,968.652,242.163,161.442,79.7112,341.291,1023.87,4.31898,22.7259
10.1002/anie.202401168 | 30 bar | H2/CO2 3 | 9 NL/g/h,10.1002/anie.202401168,"Text page 9, Ir1Pd1-In2O3(CP-PD), 200 °C","Ir1Pd1-In2O3(CP-PD) [Text page 9, Ir1Pd1-In2O3(CP-PD), 200 °C]",200,30,3,0.055,1,0,0,STY from mass GHSV,0.169831,853.79,1353.15,,931.825,1300.7,2038.44,1208.48,1116.26,1022.89,1321.72,2101.52,936.759,957.788,0.005,0.005,0.005,0.005,0.005,0.005,0.005,0.005,0.005,0.005,0,331.983,995.95,248.988,165.992,81.9576,350.909,1052.73,4.44069,23.3664
10.1002/anie.202401168 | 30 bar | H2/CO2 3 | 9 NL/g/h,10.1002/anie.202401168,"SI Figure S22, t=0 h, Ir1Pd1-In2O3(AP-AP)","Ir1Pd1-In2O3(AP-AP) [SI Figure S22, t=0 h, Ir1Pd1-In2O3(AP-AP)]",250,30,3,0.073,0.75,0.24,0.01,STY from mass GHSV,0.169059,857.689,1353.15,,1833.16,2203.71,2944.82,2111.07,2018.44,1924.64,2224.84,3008.2,1838.12,1859.24,0.065,0.065,0.065,0.065,0.065,0.065,0.065,0.065,0.065,0.065,0,333.499,1000.5,250.125,166.75,82.3318,352.511,1057.53,4.46097,23.4731
10.1002/anie.202401168 | 30 bar | H2/CO2 3 | 9 NL/g/h,10.1002/anie.202401168,"SI Figure S25, t=10 h, Ir1Ir1-In2O3(CP-PD)","Ir1Ir1-In2O3(CP-PD) [SI Figure S25, t=10 h, Ir1Ir1-In2O3(CP-PD)]",250,30,3,0.055,0.96,0.03,0.01,STY from mass GHSV,0.163038,889.365,2245.4,,1041.26,1678.86,2954.07,1519.46,1360.06,1148.64,1700.77,3019.78,1046.4,1068.3,0.011,0.011,0.011,0.011,0.011,0.011,0.011,0.011,0.011,0.011,0,573.844,1721.53,430.383,286.922,96.649,593.558,1780.67,4.62572,24.34
10.1002/anie.202401168 | 30 bar | H2/CO2 3 | 9 NL/g/h,10.1002/anie.202401168,"SI Figure S26, t=10 h, 10Ir1Pd1-In2O3(CP-PD)","10Ir1Pd1-In2O3(CP-PD) [SI Figure S26, t=10 h, 10Ir1Pd1-In2O3(CP-PD)]",250,30,3,0.065,0.81,0.18,0.01,STY from mass GHSV,0.162574,891.899,10990.9,,1583.26,4713.13,10972.9,3930.66,3148.19,1811.07,4735.1,11038.8,1588.41,1610.38,0.046,0.046,0.046,0.046,0.046,0.046,0.046,0.046,0.046,0.046,0,2816.88,8450.64,2112.66,1408.44,205.025,2836.65,8509.95,4.6389,24.4093
10.1002/anie.202401168 | 30 bar | H2/CO2 3 | 9 NL/g/h,10.1002/anie.202401168,"SI Figure S21, t=10 h, Pd1-In2O3(PD)","Pd1-In2O3(PD) [SI Figure S21, t=10 h, Pd1-In2O3(PD)]",250,30,3,0.078,0.67,0.32,0.01,STY from mass GHSV,0.16137,898.555,371.59,,2235.57,2342.17,2555.39,2315.52,2288.87,2317.65,2364.3,2621.78,2240.76,2262.89,0.088,0.088,0.088,0.088,0.088,0.088,0.088,0.088,0.088,0.088,0,95.9467,287.84,71.96,47.9733,73.8748,115.865,347.594,4.67352,24.5915
10.1002/anie.202401168 | 30 bar | H2/CO2 3 | 9 NL/g/h,10.1002/anie.202401168,"SI Figure S25, t=0 h, Ir1Ir1-In2O3(CP-PD)","Ir1Ir1-In2O3(CP-PD) [SI Figure S25, t=0 h, Ir1Ir1-In2O3(CP-PD)]",250,30,3,0.054,0.96,0.03,0.01,STY from mass GHSV,0.160073,905.835,2245.4,,1044.83,1694.25,2993.07,1531.89,1369.54,1154.21,1716.56,3060,1050.07,1072.38,0.011,0.011,0.011,0.011,0.011,0.011,0.011,0.011,0.011,0.011,0,584.471,1753.41,438.353,292.235,98.4388,604.55,1813.65,4.71138,24.7907
10.1002/anie.202401168 | 30 bar | H2/CO2 3 | 9 NL/g/h,10.1002/anie.202401168,"SI Figure S26, t=0 h, 10Ir1Pd1-In2O3(CP-PD)","10Ir1Pd1-In2O3(CP-PD) [SI Figure S26, t=0 h, 10Ir1Pd1-In2O3(CP-PD)]",250,30,3,0.064,0.81,0.18,0.01,STY from mass GHSV,0.160073,905.835,10990.9,,1580.33,4759.1,11116.6,3964.41,3169.71,1811.69,4781.41,11183.6,1585.56,1607.87,0.045,0.045,0.045,0.045,0.045,0.045,0.045,0.045,0.045,0.045,0,2860.89,8582.68,2145.67,1430.45,208.228,2880.97,8642.92,4.71138,24.7907
10.1002/anie.202401168 | 30 bar | H2/CO2 3 | 9 NL/g/h,10.1002/anie.202401168,"SI Figure S21, t=10 h, Ir1-In2O3(PD)","Ir1-In2O3(PD) [SI Figure S21, t=10 h, Ir1-In2O3(PD)]",250,30,3,0.066,0.78,0.21,0.01,STY from mass GHSV,0.158962,912.169,1263.84,,1710.71,2078.79,2814.96,1986.77,1894.75,1806.89,2101.26,2882.36,1715.98,1738.45,0.053,0.053,0.053,0.053,0.053,0.053,0.053,0.053,0.053,0.053,0,331.275,993.825,248.456,165.638,86.5597,351.495,1054.48,4.74433,24.9641
10.1002/anie.202401168 | 30 bar | H2/CO2 3 | 9 NL/g/h,10.1002/anie.202401168,"SI Figure S21, t=10 h, Pd1-In2O3(CP)","Pd1-In2O3(CP) [SI Figure S21, t=10 h, Pd1-In2O3(CP)]",250,30,3,0.065,0.76,0.23,0.01,STY from mass GHSV,0.152539,950.576,371.59,,1798.51,1911.29,2136.85,1883.09,1854.9,1885.34,1934.7,2207.08,1804,1827.41,0.056,0.056,0.056,0.056,0.056,0.056,0.056,0.056,0.056,0.056,0,101.501,304.504,76.1261,50.7507,78.1518,122.573,367.718,4.94409,26.0152
10.1002/anie.202401168 | 30 bar | H2/CO2 3 | 9 NL/g/h,10.1002/anie.202401168,"SI Figure S25, t=10 h, Pd1Ir1-In2O3(CP-PD)","Pd1Ir1-In2O3(CP-PD) [SI Figure S25, t=10 h, Pd1Ir1-In2O3(CP-PD)]",250,30,3,0.063,0.78,0.21,0.01,STY from mass GHSV,0.151736,955.606,1353.15,,1705.73,2118.59,2944.31,2015.37,1912.16,1807.65,2142.13,3014.92,1711.25,1734.79,0.05,0.05,0.05,0.05,0.05,0.05,0.05,0.05,0.05,0.05,0,371.573,1114.72,278.68,185.786,91.7311,392.755,1178.27,4.97025,26.1528
10.1002/anie.202401168 | 30 bar | H2/CO2 3 | 9 NL/g/h,10.1002/anie.202401168,"SI Figure S25, t=0 h, Pd1Ir1-In2O3(CP-PD)","Pd1Ir1-In2O3(CP-PD) [SI Figure S25, t=0 h, Pd1Ir1-In2O3(CP-PD)]",250,30,3,0.062,0.78,0.21,0.01,STY from mass GHSV,0.149328,971.019,1353.15,,1718.7,2138.22,2977.25,2033.34,1928.46,1822.27,2162.13,3049,1724.31,1748.23,0.05,0.05,0.05,0.05,0.05,0.05,0.05,0.05,0.05,0.05,0,377.566,1132.7,283.174,188.783,93.2107,399.09,1197.27,5.05041,26.5747
10.1002/anie.202401168 | 30 bar | H2/CO2 3 | 9 NL/g/h,10.1002/anie.202401168,"Figure 4a, Ir1Pd1-In2O3(CP-CP), 250 °C","Ir1Pd1-In2O3(CP-CP) [Figure 4a, Ir1Pd1-In2O3(CP-CP), 250 °C]",250,30,3,0.065,0.73,0.27,0,STY from mass GHSV,0.146518,989.641,1353.15,,1933.35,2360.91,3216.04,2254.02,2147.13,2038.9,2385.28,3289.16,1939.07,1963.44,0.062,0.062,0.062,0.062,0.062,0.062,0.062,0.062,0.062,0.062,0,384.807,1154.42,288.605,192.403,94.9983,406.744,1220.23,5.14727,27.0843
10.1002/anie.202401168 | 30 bar | H2/CO2 3 | 9 NL/g/h,10.1002/anie.202401168,"SI Figure S23, t=0 h, Ir1Pd1-In2O3(PM)","Ir1Pd1-In2O3(PM) [SI Figure S23, t=0 h, Ir1Pd1-In2O3(PM)]",250,30,3,0.063,0.73,0.26,0.01,STY from mass GHSV,0.14201,1021.06,1353.15,,1943.04,2384.18,3266.45,2273.89,2163.61,2051.94,2409.32,3341.89,1948.94,1974.09,0.06,0.06,0.06,0.06,0.06,0.06,0.06,0.06,0.06,0.06,0,397.023,1191.07,297.767,198.512,98.0141,419.657,1258.97,5.31068,27.9441
10.1002/anie.202401168 | 30 bar | H2/CO2 3 | 9 NL/g/h,10.1002/anie.202401168,"SI Figure S21, t=10 h, Ir1-In2O3(CP)","Ir1-In2O3(CP) [SI Figure S21, t=10 h, Ir1-In2O3(CP)]",250,30,3,0.058,0.79,0.2,0.01,STY from mass GHSV,0.141485,1024.85,1263.84,,1680.65,2094.2,2921.31,1990.82,1887.43,1788.71,2119.45,2997.03,1686.57,1711.82,0.045,0.045,0.045,0.045,0.045,0.045,0.045,0.045,0.045,0.045,0,372.196,1116.59,279.147,186.098,97.2522,394.914,1184.74,5.33038,28.0478
10.1002/anie.202401168 | 30 bar | H2/CO2 3 | 9 NL/g/h,10.1002/anie.202401168,"SI Figure S22, t=0 h, Ir1Pd1-In2O3(CP-CP)","Ir1Pd1-In2O3(CP-CP) [SI Figure S22, t=0 h, Ir1Pd1-In2O3(CP-CP)]",250,30,3,0.061,0.72,0.27,0.01,STY from mass GHSV,0.135618,1069.18,1353.15,,1996.84,2458.76,3382.62,2343.28,2227.8,2110.87,2485.1,3461.62,2003.02,2029.35,0.06,0.06,0.06,0.06,0.06,0.06,0.06,0.06,0.06,0.06,0,415.735,1247.21,311.801,207.868,102.634,439.435,1318.31,5.56098,29.2612
10.1002/anie.202401168 | 30 bar | H2/CO2 3 | 9 NL/g/h,10.1002/anie.202401168,"Figure 4b, 0.5Ir1Pd1-In2O3(CP-PD), 250 °C","0.5Ir1Pd1-In2O3(CP-PD) [Figure 4b, 0.5Ir1Pd1-In2O3(CP-PD), 250 °C]",250,30,3,0.051,0.85,0.145,0.005,STY from mass GHSV,0.133858,1083.24,817.716,,1426.77,1709.59,2275.23,1638.89,1568.18,1533.36,1736.27,2355.26,1433.03,1459.71,0.029,0.029,0.029,0.029,0.029,0.029,0.029,0.029,0.029,0.029,0,254.535,763.606,190.902,127.268,95.9261,278.547,835.642,5.6341,29.6459
10.1002/anie.202401168 | 30 bar | H2/CO2 3 | 9 NL/g/h,10.1002/anie.202401168,"SI Figure S21, t=0 h, Ir1-In2O3(PD)","Ir1-In2O3(PD) [SI Figure S21, t=0 h, Ir1-In2O3(PD)]",250,30,3,0.059,0.73,0.26,0.01,STY from mass GHSV,0.132993,1090.28,1263.84,,1962.27,2402.23,3282.14,2292.24,2182.25,2077.23,2429.08,3362.7,1968.58,1995.43,0.057,0.057,0.057,0.057,0.057,0.057,0.057,0.057,0.057,0.057,0,395.961,1187.88,296.971,197.981,103.462,420.129,1260.39,5.67072,29.8387
10.1002/anie.202401168 | 30 bar | H2/CO2 3 | 9 NL/g/h,10.1002/anie.202401168,"SI Figure S21, t=0 h, Pd1-In2O3(PD)","Pd1-In2O3(PD) [SI Figure S21, t=0 h, Pd1-In2O3(PD)]",250,30,3,0.071,0.6,0.39,0.01,STY from mass GHSV,0.131542,1102.31,371.59,,2696.68,2827.46,3089.02,2794.76,2762.07,2797.37,2854.61,3170.47,2703.05,2730.2,0.095,0.095,0.095,0.095,0.095,0.095,0.095,0.095,0.095,0.095,0,117.704,353.111,88.2777,58.8518,90.6267,142.138,426.414,5.73329,30.1679
10.1002/anie.202401168 | 30 bar | H2/CO2 3 | 9 NL/g/h,10.1002/anie.202401168,"SI Figure S26, t=0 h, 0.5Ir1Pd1-In2O3(CP-PD)","0.5Ir1Pd1-In2O3(CP-PD) [SI Figure S26, t=0 h, 0.5Ir1Pd1-In2O3(CP-PD)]",250,30,3,0.05,0.85,0.145,0.005,STY from mass GHSV,0.131233,1104.91,817.716,,1437.7,1726.17,2303.12,1654.05,1581.93,1546.41,1753.38,2384.76,1444.08,1471.3,0.029,0.029,0.029,0.029,0.029,0.029,0.029,0.029,0.029,0.029,0,259.626,778.878,194.72,129.813,97.8446,284.118,852.354,5.74678,30.2388
10.1002/anie.202401168 | 30 bar | H2/CO2 3 | 9 NL/g/h,10.1002/anie.202401168,"SI Figure S21, t=0 h, Pd1-In2O3(CP)","Pd1-In2O3(CP) [SI Figure S21, t=0 h, Pd1-In2O3(CP)]",250,30,3,0.058,0.71,0.28,0.01,STY from mass GHSV,0.127157,1140.32,371.59,,2073.7,2208.99,2479.57,2175.17,2141.35,2177.87,2237.08,2563.83,2080.29,2108.38,0.06,0.06,0.06,0.06,0.06,0.06,0.06,0.06,0.06,0.06,0,121.762,365.287,91.3217,60.8812,93.7518,147.039,441.118,5.93099,31.2081
10.1002/anie.202401168 | 30 bar | H2/CO2 3 | 9 NL/g/h,10.1002/anie.202401168,"Figure 4a, Ir1Pd1-In2O3(PM), 250 °C","Ir1Pd1-In2O3(PM) [Figure 4a, Ir1Pd1-In2O3(PM), 250 °C]",250,30,3,0.059,0.69,0.31,0,STY from mass GHSV,0.125706,1153.49,1353.15,,2160.67,2659.02,3655.72,2534.43,2409.85,2283.7,2687.43,3740.95,2167.34,2195.75,0.064,0.064,0.064,0.064,0.064,0.064,0.064,0.064,0.064,0.064,0,448.516,1345.55,336.387,224.258,110.726,474.085,1422.26,5.99946,31.5684
10.1002/anie.202401168 | 30 bar | H2/CO2 3 | 9 NL/g/h,10.1002/anie.202401168,"SI Figure S23, t=0 h, Ir1Pd1-In2O3(GM)","Ir1Pd1-In2O3(GM) [SI Figure S23, t=0 h, Ir1Pd1-In2O3(GM)]",250,30,3,0.055,0.68,0.31,0.01,STY from mass GHSV,0.115485,1255.57,1353.15,,2245.58,2788.04,3872.95,2652.42,2516.81,2379.5,2818.96,3965.72,2252.84,2283.76,0.062,0.062,0.062,0.062,0.062,0.062,0.062,0.062,0.062,0.062,0,488.211,1464.63,366.158,244.105,120.526,516.043,1548.13,6.53043,34.3623
10.1002/anie.202401168 | 30 bar | H2/CO2 3 | 9 NL/g/h,10.1002/anie.202401168,"SI Figure S21, t=0 h, Ir1-In2O3(CP)","Ir1-In2O3(CP) [SI Figure S21, t=0 h, Ir1-In2O3(CP)]",250,30,3,0.05,0.72,0.27,0.01,STY from mass GHSV,0.111162,1304.4,1263.84,,2030.83,2557.19,3609.91,2425.6,2294.01,2168.37,2589.32,3706.29,2038.37,2070.5,0.05,0.05,0.05,0.05,0.05,0.05,0.05,0.05,0.05,0.05,0,473.723,1421.17,355.293,236.862,123.78,502.638,1507.91,6.78439,35.6986
10.1002/anie.202401168 | 30 bar | H2/CO2 3 | 9 NL/g/h,10.1002/anie.202401168,"SI Figure S21, t=10 h, In2O3","In2O3 [SI Figure S21, t=10 h, In2O3]",250,30,3,0.032,0.62,0.37,0.01,STY from mass GHSV,0.0612626,2366.86,282.287,,2723.28,2936.61,3363.26,2883.28,2829.95,2936.61,2994.9,3538.14,2736.96,2795.26,0.043,0.043,0.043,0.043,0.043,0.043,0.043,0.043,0.043,0.043,0,191.992,575.977,143.994,95.9961,191.992,244.458,733.373,12.3104,64.7758
10.1002/anie.202401168 | 30 bar | H2/CO2 3 | 9 NL/g/h,10.1002/anie.202401168,"SI Figure S21, t=0 h, In2O3","In2O3 [SI Figure S21, t=0 h, In2O3]",250,30,3,0.03,0.56,0.43,0.01,STY from mass GHSV,0.0518756,2795.15,282.287,,3255.89,3507.82,4011.67,3444.84,3381.85,3507.82,3576.66,4218.2,3272.04,3340.89,0.047,0.047,0.047,0.047,0.047,0.047,0.047,0.047,0.047,0.047,0,226.734,680.201,170.05,113.367,226.734,288.693,866.078,14.538,76.4971
10.1002/cctc.202000974 | 20 bar | H2/CO2 3 | 3.6 NL/g/h,10.1002/cctc.202000974,"Text, physical mixture Pd/ZnO and TiO2, 250°C","physical mixture of Pd/ZnO and TiO2 [Text, physical mixture Pd/ZnO and TiO2, 250°C]",250,20,3,0.11,0.267,0.7324,0.0006,STY from mass GHSV,0.0302299,4796.58,913.788,assumed,1176.69,2576.13,5375.02,2226.27,1876.41,1267,2694.27,5729.43,1204.41,1322.55,0.038,0.038,0.038,0.038,0.038,0.038,0.038,0.038,0.038,0.038,0,1259.5,3778.5,944.624,629.749,81.2817,1365.82,4097.47,24.9477,131.272
10.1002/cctc.202000974 | 20 bar | H2/CO2 3 | 3.6 NL/g/h,10.1002/cctc.202000974,"Table 1 row 5, 225°C","PdZn/ZnTiO3 [Table 1 row 5, 225°C]",225,20,3,0.075,0.387,0.613,0,STY from mass GHSV,0.0298748,4853.59,1813.48,,1207.63,4017.93,9638.53,3315.35,2612.78,1368.55,4137.47,9997.16,1235.68,1355.22,0.027,0.027,0.027,0.027,0.027,0.027,0.027,0.027,0.027,0.027,0,2529.27,7587.82,1896.95,1264.64,144.829,2636.86,7910.58,25.2442,132.832
10.1002/cctc.202000974 | 20 bar | H2/CO2 3 | 3.6 NL/g/h,10.1002/cctc.202000974,"SI Table S2, PdZn/ZnTiO3, 250 °C","PdZn/ZnTiO3 [SI Table S2, PdZn/ZnTiO3, 250 °C]",250,20,3,0.127,0.22,0.77998,2e-05,STY from mass GHSV,0.028758,5042.07,1813.48,,1169.28,4088.71,9927.59,3358.86,2629,1336.45,4212.9,10300.1,1198.42,1322.6,0.037,0.037,0.037,0.037,0.037,0.037,0.037,0.037,0.037,0.037,0,2627.49,7882.48,1970.62,1313.75,150.453,2739.26,8217.77,26.2246,137.99
10.1002/cctc.202000974 | 20 bar | H2/CO2 3 | 3.6 NL/g/h,10.1002/cctc.202000974,"SI Table S2, Pd/ZnTiO3, 250 °C","Pd/ZnTiO3 [SI Table S2, Pd/ZnTiO3, 250 °C]",250,20,3,0.105,0.255,0.7432,0.0018,STY from mass GHSV,0.0275589,5261.45,1813.52,,1315.26,4361.8,10454.9,3600.16,2838.53,1489.78,4491.38,10843.6,1345.66,1475.25,0.05,0.05,0.05,0.05,0.05,0.05,0.05,0.05,0.05,0.05,0,2741.89,8225.66,2056.42,1370.94,157.071,2858.52,8575.55,27.3656,143.995
10.1002/cctc.202000974 | 20 bar | H2/CO2 3 | 3.6 NL/g/h,10.1002/cctc.202000974,"Table 1 row 4, 225°C","Pd/ZnTiO3 [Table 1 row 4, 225°C]",225,20,3,0.061,0.402,0.59795,5e-05,STY from mass GHSV,0.02524,5744.86,1813.52,,4834.93,8161.38,14814.3,7329.77,6498.16,5025.49,8302.87,15238.8,4868.13,5009.63,0.117,0.117,0.117,0.117,0.117,0.117,0.117,0.117,0.117,0.117,0,2993.8,8981.41,2245.35,1496.9,171.502,3121.15,9363.44,29.8799,157.224
10.1002/cctc.202000974 | 20 bar | H2/CO2 3 | 3.6 NL/g/h,10.1002/cctc.202000974,"Text/Figure 2 discussion, PdZn/TiO2, 250°C","PdZn/TiO2 [Text/Figure 2 discussion, PdZn/TiO2, 250°C]",250,20,3,0.121,0.2,0.7998,0.0002,STY from mass GHSV,0.0249085,5821.3,1813.67,,1173.58,4544.55,11286.5,3701.81,2859.07,1366.94,4687.93,11716.6,1207.22,1350.6,0.037,0.037,0.037,0.037,0.037,0.037,0.037,0.037,0.037,0.037,0,3033.88,9101.63,2275.41,1516.94,174.023,3162.92,9488.75,30.2774,159.316
10.1002/cctc.202000974 | 20 bar | H2/CO2 3 | 3.6 NL/g/h,10.1002/cctc.202000974,"Table 1 row 3, 225°C","PdZn/TiO2 [Table 1 row 3, 225°C]",225,20,3,0.071,0.335,0.6649,0.0001,STY from mass GHSV,0.0244814,5922.87,1813.67,,1386.46,4816.25,11675.8,3958.8,3101.35,1583.19,4962.12,12113.5,1420.68,1566.56,0.037,0.037,0.037,0.037,0.037,0.037,0.037,0.037,0.037,0.037,0,3086.81,9260.44,2315.11,1543.41,177.059,3218.1,9654.31,30.8057,162.096
10.1002/cctc.202000974 | 20 bar | H2/CO2 3 | 3.6 NL/g/h,10.1002/cctc.202000974,"Figure 1, Pd/ZnO, 250°C","Pd/ZnO [Figure 1, Pd/ZnO, 250°C]",250,20,3,0.123,0.181,0.819,0,STY from mass GHSV,0.0229148,6327.78,1813.29,,1175.77,4839.27,12166.3,3923.4,3007.52,1385.19,4995.12,12633.8,1212.33,1368.19,0.037,0.037,0.037,0.037,0.037,0.037,0.037,0.037,0.037,0.037,0,3297.16,9891.47,2472.87,1648.58,188.479,3437.42,10312.3,32.9117,173.178
10.1002/cctc.202000974 | 20 bar | H2/CO2 3 | 3.6 NL/g/h,10.1002/cctc.202000974,"SI Table S2, PdZn/ZnTiO3, 200 °C","PdZn/ZnTiO3 [SI Table S2, PdZn/ZnTiO3, 200 °C]",200,20,3,0.033,0.641,0.359,0,STY from mass GHSV,0.0217723,6659.83,1813.48,,2591.42,6447.56,14159.9,5483.53,4519.49,2812.22,6611.59,14651.9,2629.9,2793.93,0.042,0.042,0.042,0.042,0.042,0.042,0.042,0.042,0.042,0.042,0,3470.53,10411.6,2602.9,1735.27,198.726,3618.16,10854.5,34.6388,182.265
10.1002/cctc.202000974 | 20 bar | H2/CO2 3 | 3.6 NL/g/h,10.1002/cctc.202000974,"Table 1 row 2, 225°C","Pd/ZnO [Table 1 row 2, 225°C]",225,20,3,0.065,0.302,0.698,0,STY from mass GHSV,0.0202047,7176.54,1813.29,,2485.96,6640.86,14950.7,5602.14,4563.41,2723.47,6817.62,15480.9,2527.44,2704.19,0.08,0.08,0.08,0.08,0.08,0.08,0.08,0.08,0.08,0.08,0,3739.41,11218.2,2804.56,1869.7,213.76,3898.49,11695.5,37.3262,196.406
10.1002/cctc.202000974 | 20 bar | H2/CO2 3 | 3.6 NL/g/h,10.1002/cctc.202000974,"SI Table S2, PdZn/TiO2, 200 °C","PdZn/TiO2 [SI Table S2, PdZn/TiO2, 200 °C]",200,20,3,0.033,0.572,0.42798,2e-05,STY from mass GHSV,0.0194287,7463.2,1813.67,,3146.55,7468.31,16111.8,6387.87,5307.43,3394.44,7652.13,16663.3,3189.68,3373.49,0.05,0.05,0.05,0.05,0.05,0.05,0.05,0.05,0.05,0.05,0,3889.59,11668.8,2917.19,1944.79,223.106,4055.02,12165.1,38.8172,204.252
10.1002/cctc.202000974 | 20 bar | H2/CO2 3 | 3.6 NL/g/h,10.1002/cctc.202000974,"SI Table S2, PdZn/ZnTiO3, 175 °C","PdZn/ZnTiO3 [SI Table S2, PdZn/ZnTiO3, 175 °C]",175,20,3,0.024,0.768,0.232,0,STY from mass GHSV,0.0189717,7642.98,1813.48,,1911.2,6336.6,15187.4,5230.25,4123.9,2164.6,6524.85,15752.1,1955.37,2143.61,0.021,0.021,0.021,0.021,0.021,0.021,0.021,0.021,0.021,0.021,0,3982.86,11948.6,2987.15,1991.43,228.063,4152.28,12456.8,39.7523,209.172
10.1002/cctc.202000974 | 20 bar | H2/CO2 3 | 3.6 NL/g/h,10.1002/cctc.202000974,"SI Table S2, Pd/ZnTiO3, 200 °C","Pd/ZnTiO3 [SI Table S2, Pd/ZnTiO3, 200 °C]",200,20,3,0.033,0.54,0.46,0,STY from mass GHSV,0.0183417,7905.47,1813.52,,3422.7,8000.2,17155.2,6855.83,5711.45,3684.92,8194.91,17739.3,3468.38,3663.09,0.053,0.053,0.053,0.053,0.053,0.053,0.053,0.053,0.053,0.053,0,4119.75,12359.3,3089.82,2059.88,236.002,4294.99,12885,41.1175,216.355
10.1002/cctc.202000974 | 20 bar | H2/CO2 3 | 3.6 NL/g/h,10.1002/cctc.202000974,"SI Table S2, Pd/ZnTiO3, 175 °C","Pd/ZnTiO3 [SI Table S2, Pd/ZnTiO3, 175 °C]",175,20,3,0.025,0.712,0.288,0,STY from mass GHSV,0.0183212,7914.35,1813.52,,2224.93,6807.58,15972.9,5661.91,4516.25,2487.45,7002.5,16557.7,2270.66,2465.59,0.027,0.027,0.027,0.027,0.027,0.027,0.027,0.027,0.027,0.027,0,4124.38,12373.2,3093.29,2062.19,236.268,4299.82,12899.5,41.1637,216.598
10.1002/cctc.202000974 | 20 bar | H2/CO2 3 | 3.6 NL/g/h,10.1002/cctc.202000974,"SI Table S2, PdZn/TiO2, 175 °C","PdZn/TiO2 [SI Table S2, PdZn/TiO2, 175 °C]",175,20,3,0.021,0.706,0.294,0,STY from mass GHSV,0.0152601,9501.92,1813.67,,2279.96,7782.29,18787,6406.71,5031.12,2595.57,8016.32,19489,2334.87,2568.9,0.023,0.023,0.023,0.023,0.023,0.023,0.023,0.023,0.023,0.023,0,4952.1,14856.3,3714.07,2476.05,284.052,5162.73,15488.2,49.4209,260.047
10.1002/cctc.202000974 | 20 bar | H2/CO2 3 | 3.6 NL/g/h,10.1002/cctc.202000974,"Figure 1, Pd/ZnO, 200°C","Pd/ZnO [Figure 1, Pd/ZnO, 200°C]",200,20,3,0.027,0.537,0.463,0,STY from mass GHSV,0.0149235,9716.22,1813.29,,3504.96,9130.22,20380.7,7723.91,6317.59,3826.53,9369.53,21098.7,3561.12,3800.42,0.044,0.044,0.044,0.044,0.044,0.044,0.044,0.044,0.044,0.044,0,5062.73,15188.2,3797.05,2531.37,289.407,5278.11,15834.3,50.5355,265.912
10.1002/cctc.202000974 | 20 bar | H2/CO2 3 | 3.6 NL/g/h,10.1002/cctc.202000974,"SI Table S2, Pd/TiO2, 250 °C","Pd/TiO2 [SI Table S2, Pd/TiO2, 250 °C]",250,20,3,0.133,0.065,0.918,0.017,STY from mass GHSV,0.00889811,16295.6,1813.76,,1418.95,10855.8,29729.6,8496.61,6137.39,1960.72,11257.2,30933.7,1513.12,1914.48,0.059,0.059,0.059,0.059,0.059,0.059,0.059,0.059,0.059,0.059,0,8493.19,25479.6,6369.9,4246.6,487.588,8854.41,26563.2,84.7558,445.975
10.1002/cctc.202000974 | 20 bar | H2/CO2 3 | 3.6 NL/g/h,10.1002/cctc.202000974,"Table 1 row 1, 225°C","Pd/TiO2 [Table 1 row 1, 225°C]",225,20,3,0.087,0.085,0.906,0.009,STY from mass GHSV,0.00761151,19050.1,1813.76,,1202.96,12235,34299,9476.98,6718.97,1836.3,12704.2,35706.6,1313.05,1782.25,0.026,0.026,0.026,0.026,0.026,0.026,0.026,0.026,0.026,0.026,0,9928.83,29786.5,7446.62,4964.41,570.007,10351.1,31053.3,99.0824,521.359
10.1002/cctc.202000974 | 20 bar | H2/CO2 3 | 3.6 NL/g/h,10.1002/cctc.202000974,"Figure 1, Pd/ZnO, 175°C","Pd/ZnO [Figure 1, Pd/ZnO, 175°C]",175,20,3,0.01,0.69,0.31,0,STY from mass GHSV,0.00710202,20416.7,1813.29,,2577.78,14398.2,38038.9,11443.1,8487.97,3253.48,14901,39547.5,2695.77,3198.62,0.012,0.012,0.012,0.012,0.012,0.012,0.012,0.012,0.012,0.012,0,10638.3,31915,7978.76,5319.17,608.132,11090.9,33272.7,106.19,558.761
10.1002/cctc.202000974 | 20 bar | H2/CO2 3 | 3.6 NL/g/h,10.1002/cctc.202000974,"SI Table S2, Pd/TiO2, 200 °C","Pd/TiO2 [SI Table S2, Pd/TiO2, 200 °C]",200,20,3,0.047,0.113,0.883,0.004,STY from mass GHSV,0.0054665,26525.2,1813.76,,1469.9,16830.8,47552.7,12990.6,9150.36,2351.76,17484.1,49512.6,1623.19,2276.5,0.024,0.024,0.024,0.024,0.024,0.024,0.024,0.024,0.024,0.024,0,13824.8,41474.5,10368.6,6912.41,793.673,14412.8,43238.4,137.962,725.937
10.1002/cctc.202000974 | 20 bar | H2/CO2 3 | 3.6 NL/g/h,10.1002/cctc.202000974,"SI Table S2, Pd/TiO2, 175 °C","Pd/TiO2 [SI Table S2, Pd/TiO2, 175 °C]",175,20,3,0.026,0.19,0.808,0.002,STY from mass GHSV,0.00508463,28517.3,1813.76,,1998.07,18512.6,51541.7,14384,10255.3,2946.16,19215,53648.8,2162.88,2865.25,0.023,0.023,0.023,0.023,0.023,0.023,0.023,0.023,0.023,0.023,0,14863.1,44589.3,11147.3,7431.55,853.279,15495.2,46485.7,148.323,780.456
10.1002/cctc.202000974 | 20 bar | H2/CO2 3 | 3.6 NL/g/h,10.1002/cctc.202000974,"SI Table S3, ZnO, 225 °C","ZnO [SI Table S3, ZnO, 225 °C]",225,20,3,0.002,0.81,0.19,0,STY from mass GHSV,0.00166743,86960.1,13.7911,,4193.12,4576.04,5341.86,4480.31,4384.58,4576.04,6717.83,11767.2,4695.67,6837.47,0.005,0.005,0.005,0.005,0.005,0.005,0.005,0.005,0.005,0.005,0,344.62,1033.86,258.465,172.31,344.62,2272.24,6816.71,452.293,2379.91
10.1002/cctc.202000974 | 20 bar | H2/CO2 3 | 3.6 NL/g/h,10.1002/cctc.202000974,"SI Table S3, TiO2, 225 °C","TiO2 [SI Table S3, TiO2, 225 °C]",225,20,3,0.002,0.8,0.2,0,STY from mass GHSV,0.00164685,88047.1,14.2875,,4237.48,4639.13,5442.44,4538.72,4438.3,4639.13,6807.7,11948.1,4746.31,6914.88,0.005,0.005,0.005,0.005,0.005,0.005,0.005,0.005,0.005,0.005,0,361.487,1084.46,271.115,180.744,361.487,2313.2,6939.6,457.946,2409.66
10.1002/cctc.202000974 | 20 bar | H2/CO2 3 | 3.6 NL/g/h,10.1002/cctc.202000974,"SI Table S3, ZnO, 250 °C","ZnO [SI Table S3, ZnO, 250 °C]",250,20,3,0.002,0.58,0.42,0,STY from mass GHSV,0.00119396,121444,13.7911,,5591.8,6126.55,7196.06,5992.86,5859.17,6126.55,9117.68,16169.4,6293.63,9284.76,0.005,0.005,0.005,0.005,0.005,0.005,0.005,0.005,0.005,0.005,0,481.279,1443.84,360.959,240.639,481.279,3173.3,9519.89,631.65,3323.67
10.1002/cctc.202000974 | 20 bar | H2/CO2 3 | 3.6 NL/g/h,10.1002/cctc.202000974,"SI Table S3, ZnTiO3, 225 °C","ZnTiO3 [SI Table S3, ZnTiO3, 225 °C]",225,20,3,0.002,0.51,0.49,0,STY from mass GHSV,0.00104986,138113,14.037,,6262.87,6881.86,8119.85,6727.11,6572.37,6881.86,10283.5,18324.9,7061.03,10462.7,0.005,0.005,0.005,0.005,0.005,0.005,0.005,0.005,0.005,0.005,0,557.095,1671.29,417.822,278.548,557.095,3618.6,10855.8,718.347,3779.86
10.1002/cctc.202000974 | 20 bar | H2/CO2 3 | 3.6 NL/g/h,10.1002/cctc.202000974,"SI Table S3, TiO2, 200 °C","TiO2 [SI Table S3, TiO2, 200 °C]",200,20,3,0.001,1,0,0,STY from mass GHSV,0.00102928,140875,14.2875,,6020.75,6663.39,7948.68,6502.73,6342.07,6663.39,10133.1,18357.8,6834.88,10304.6,0.005,0.005,0.005,0.005,0.005,0.005,0.005,0.005,0.005,0.005,0,578.38,1735.14,433.785,289.19,578.38,3701.12,11103.4,732.714,3855.45
10.1002/cctc.202000974 | 20 bar | H2/CO2 3 | 3.6 NL/g/h,10.1002/cctc.202000974,"SI Table S3, ZnO, 175 °C","ZnO [SI Table S3, ZnO, 175 °C]",175,20,3,0.001,1,0,0,STY from mass GHSV,0.00102928,140875,13.7911,,6020.75,6641.07,7881.7,6485.99,6330.91,6641.07,10110.8,18290.8,6834.88,10304.6,0.005,0.005,0.005,0.005,0.005,0.005,0.005,0.005,0.005,0.005,0,558.284,1674.85,418.713,279.142,558.284,3681.02,11043.1,732.714,3855.45
10.1002/cctc.202000974 | 20 bar | H2/CO2 3 | 3.6 NL/g/h,10.1002/cctc.202000974,"SI Table S3, ZnTiO3, 250 °C","ZnTiO3 [SI Table S3, ZnTiO3, 250 °C]",250,20,3,0.003,0.3,0.7,0,STY from mass GHSV,0.00092635,156528,14.037,,9809.88,10511.4,11914.5,10336,10160.6,10511.4,14366.6,23480.2,10714.5,14569.7,0.008,0.008,0.008,0.008,0.008,0.008,0.008,0.008,0.008,0.008,0,631.375,1894.12,473.531,315.687,631.375,4101.08,12303.3,814.127,4283.84
10.1002/cctc.202000974 | 20 bar | H2/CO2 3 | 3.6 NL/g/h,10.1002/cctc.202000974,"SI Table S3, TiO2, 250 °C","TiO2 [SI Table S3, TiO2, 250 °C]",250,20,3,0.002,0.4,0.6,0,STY from mass GHSV,0.000823423,176094,14.2875,,7783.18,8586.48,10193.1,8385.65,8184.83,8586.48,12923.6,23204.5,8800.83,13138,0.005,0.005,0.005,0.005,0.005,0.005,0.005,0.005,0.005,0.005,0,722.975,2168.92,542.231,361.487,722.975,4626.4,13879.2,915.893,4819.32
10.1002/ente.201800747 | 40 bar | H2/CO2 3 | 21.6 NL/g/h,10.1002/ente.201800747,"Figure 5a left; Cat-4.5 at 325 °C, last point","Cat-4.5 [Figure 5a left; Cat-4.5 at 325 °C, last point]",325,40,3,0.045,0.668,0.315,0.017,STY from mass GHSV,0.204205,710.072,56.3084,,2364.71,2377.48,2403.01,2374.29,2371.1,2377.48,2394.97,2455.48,2368.82,2386.3,0.053,0.053,0.053,0.053,0.053,0.053,0.053,0.053,0.053,0.053,0,11.4894,34.4681,8.61703,5.74469,11.4894,27.2293,81.6879,3.69319,19.4331
10.1002/ente.201800747 | 40 bar | H2/CO2 3 | 21.6 NL/g/h,10.1002/ente.201800747,"Figure 4c/text, Cat-4.5 at 325 °C","Cat-4.5 [Figure 4c/text, Cat-4.5 at 325 °C]",325,40,3,0.044,0.676,0.31,0.014,STY from mass GHSV,0.202058,717.616,56.3084,,2321.98,2334.88,2360.69,2331.66,2328.43,2334.88,2352.56,2413.71,2326.13,2343.8,0.051,0.051,0.051,0.051,0.051,0.051,0.051,0.051,0.051,0.051,0,11.6114,34.8343,8.70858,5.80572,11.6114,27.5186,82.5558,3.73243,19.6396
10.1002/ente.201800747 | 40 bar | H2/CO2 3 | 21.6 NL/g/h,10.1002/ente.201800747,"SI Table S1, Cat-4.5, 350 °C","Cat-4.5 [SI Table S1, Cat-4.5, 350 °C]",350,40,3,0.049,0.589,0.389,0.022,STY from mass GHSV,0.19606,739.571,56.3084,,2892.09,2905.39,2931.98,2902.07,2898.74,2905.39,2923.61,2986.63,2896.37,2914.58,0.069,0.069,0.069,0.069,0.069,0.069,0.069,0.069,0.069,0.069,0,11.9667,35.9001,8.97502,5.98334,11.9667,28.3605,85.0815,3.84662,20.2404
10.1002/ente.201800747 | 40 bar | H2/CO2 3 | 21.6 NL/g/h,10.1002/ente.201800747,"Figure 5a left; Cat-4.5 at 325 °C, first point","Cat-4.5 [Figure 5a left; Cat-4.5 at 325 °C, first point]",325,40,3,0.043,0.665,0.319,0.016,STY from mass GHSV,0.194253,746.451,56.3084,,2385.15,2398.57,2425.41,2395.22,2391.86,2398.57,2416.96,2480.57,2389.47,2407.85,0.051,0.051,0.051,0.051,0.051,0.051,0.051,0.051,0.051,0.051,0,12.078,36.234,9.0585,6.039,12.078,28.6243,85.873,3.8824,20.4287
10.1002/ente.201800747 | 40 bar | H2/CO2 3 | 21.6 NL/g/h,10.1002/ente.201800747,"SI Table S1, Cat-3.0, 350 °C","Cat-3.0 [SI Table S1, Cat-3.0, 350 °C]",350,40,3,0.044,0.621,0.365,0.014,STY from mass GHSV,0.185618,781.173,45.2257,,2667.81,2679.09,2701.65,2676.27,2673.45,2679.09,2698.33,2759.37,2672.32,2691.56,0.058,0.058,0.058,0.058,0.058,0.058,0.058,0.058,0.058,0.058,0,10.152,30.4561,7.61403,5.07602,10.152,27.468,82.4041,4.063,21.379
10.1002/ente.201800747 | 40 bar | H2/CO2 3 | 21.6 NL/g/h,10.1002/ente.201800747,"Figure 4c, Cat-3.0 at 325 °C","Cat-3.0 [Figure 4c, Cat-3.0 at 325 °C]",325,40,3,0.034,0.698,0.29,0.012,STY from mass GHSV,0.161217,899.408,45.2257,,2210.17,2223.16,2249.13,2219.91,2216.67,2223.16,2245.31,2315.59,2215.37,2237.52,0.037,0.037,0.037,0.037,0.037,0.037,0.037,0.037,0.037,0.037,0,11.6886,35.0659,8.76647,5.84431,11.6886,31.6255,94.8765,4.67796,24.6148
10.1002/ente.201800747 | 40 bar | H2/CO2 3 | 21.6 NL/g/h,10.1002/ente.201800747,"SI Table S1, Cat-4.5, 300 °C","Cat-4.5 [SI Table S1, Cat-4.5, 300 °C]",300,40,3,0.027,0.833,0.163,0.004,STY from mass GHSV,0.152787,949.036,56.3084,,1571.43,1588.49,1622.62,1584.23,1579.96,1588.49,1611.87,1692.74,1576.91,1600.29,0.018,0.018,0.018,0.018,0.018,0.018,0.018,0.018,0.018,0.018,0,15.3559,46.0678,11.517,7.67797,15.3559,36.3929,109.179,4.93608,25.973
10.1002/ente.201800747 | 40 bar | H2/CO2 3 | 21.6 NL/g/h,10.1002/ente.201800747,"SI Table S1, H-In2O3/Al2O3, 350 °C","H-In2O3/Al2O3 [SI Table S1, H-In2O3/Al2O3, 350 °C]",350,40,3,0.043,0.509,0.346,0.145,STY from mass GHSV,0.148684,975.226,56.3084,assumed,3806.28,3823.82,3858.88,3819.43,3815.05,3823.82,3847.84,3930.94,3811.92,3835.94,0.072,0.072,0.072,0.072,0.072,0.072,0.072,0.072,0.072,0.072,0,15.7797,47.3391,11.8348,7.88986,15.7797,37.3972,112.192,5.07229,26.6898
10.1002/ente.201800747 | 40 bar | H2/CO2 3 | 21.6 NL/g/h,10.1002/ente.201800747,"Figure 4c, Cat-1.5 at 325 °C","Cat-1.5 [Figure 4c, Cat-1.5 at 325 °C]",325,40,3,0.03,0.682,0.303,0.015,STY from mass GHSV,0.13899,1043.24,38.468,,2347.51,2360.33,2385.95,2357.12,2353.92,2360.33,2386.02,2463.04,2353.54,2379.24,0.035,0.035,0.035,0.035,0.035,0.035,0.035,0.035,0.035,0.035,0,11.532,34.5961,8.64903,5.76602,11.532,34.6573,103.972,5.42607,28.5513
10.1002/ente.201800747 | 40 bar | H2/CO2 3 | 21.6 NL/g/h,10.1002/ente.201800747,"SI Table S1, Cat-1.5, 350 °C","Cat-1.5 [SI Table S1, Cat-1.5, 350 °C]",350,40,3,0.033,0.612,0.367,0.021,STY from mass GHSV,0.137196,1056.88,38.468,,2825.14,2838.12,2864.08,2834.87,2831.63,2838.12,2864.15,2942.17,2831.24,2857.27,0.046,0.046,0.046,0.046,0.046,0.046,0.046,0.046,0.046,0.046,0,11.6828,35.0484,8.76209,5.84139,11.6828,35.1103,105.331,5.49699,28.9245
10.1002/ente.201800747 | 40 bar | H2/CO2 3 | 21.6 NL/g/h,10.1002/ente.201800747,"SI Table S1, Cat-6.0, 350 °C","Cat-6.0 [SI Table S1, Cat-6.0, 350 °C]",350,40,3,0.033,0.536,0.421,0.043,STY from mass GHSV,0.120159,1206.74,28.7369,,3506.26,3517.33,3539.48,3514.57,3511.8,3517.33,3547.06,3628.64,3513.24,3542.96,0.054,0.054,0.054,0.054,0.054,0.054,0.054,0.054,0.054,0.054,0,9.9649,29.8947,7.47368,4.98245,9.9649,36.7142,110.143,6.27642,33.0258
10.1002/ente.201800747 | 40 bar | H2/CO2 3 | 21.6 NL/g/h,10.1002/ente.201800747,"SI Table S1, H-In2O3/Al2O3, 325 °C","H-In2O3/Al2O3 [SI Table S1, H-In2O3/Al2O3, 325 °C]",325,40,3,0.027,0.598,0.284,0.118,STY from mass GHSV,0.109684,1321.98,56.3084,assumed,3062.89,3086.65,3134.19,3080.71,3074.77,3086.65,3119.21,3231.87,3070.53,3103.09,0.039,0.039,0.039,0.039,0.039,0.039,0.039,0.039,0.039,0.039,0,21.3905,64.1714,16.0429,10.6952,21.3905,50.6945,152.083,6.87584,36.1798
10.1002/ente.201800747 | 40 bar | H2/CO2 3 | 21.6 NL/g/h,10.1002/ente.201800747,"SI Table S1, In2O3-IWI/Al2O3/Al-fiber, 300 °C","In2O3-IWI/Al2O3/Al-fiber [SI Table S1, In2O3-IWI/Al2O3/Al-fiber, 300 °C]",300,40,3,0.024,0.668,0.293,0.039,STY from mass GHSV,0.108909,1331.38,51.4428,,2474.01,2495.87,2539.61,2490.41,2484.94,2495.87,2528.67,2637.98,2481.7,2514.49,0.029,0.029,0.029,0.029,0.029,0.029,0.029,0.029,0.029,0.029,0,19.6811,59.0433,14.7608,9.84055,19.6811,49.1935,147.58,6.92473,36.4371
10.1002/ente.201800747 | 40 bar | H2/CO2 3 | 21.6 NL/g/h,10.1002/ente.201800747,"Text, In2O3-IWI/Al2O3/Al-fiber at 325 °C","In2O3-IWI/Al2O3/Al-fiber [Text, In2O3-IWI/Al2O3/Al-fiber at 325 °C]",325,40,3,0.043,0.368,0.577,0.055,STY from mass GHSV,0.107496,1348.89,51.4428,,5732.87,5755.02,5799.33,5749.48,5743.95,5755.02,5788.25,5899,5740.66,5773.89,0.09,0.09,0.09,0.09,0.09,0.09,0.09,0.09,0.09,0.09,0,19.9398,59.8194,14.9548,9.9699,19.9398,49.8401,149.52,7.01575,36.916
10.1002/ente.201800747 | 40 bar | H2/CO2 3 | 21.6 NL/g/h,10.1002/ente.201800747,"Figure 4c, Cat-6.0 at 325 °C","Cat-6.0 [Figure 4c, Cat-6.0 at 325 °C]",325,40,3,0.026,0.601,0.363,0.036,STY from mass GHSV,0.106151,1365.98,28.7369,,2942.16,2954.7,2979.76,2951.56,2948.43,2954.7,2988.34,3080.69,2950.06,2983.7,0.037,0.037,0.037,0.037,0.037,0.037,0.037,0.037,0.037,0.037,0,11.2799,33.8396,8.4599,5.63993,11.2799,41.559,124.677,7.10465,37.3838
10.1002/ente.201800747 | 40 bar | H2/CO2 3 | 21.6 NL/g/h,10.1002/ente.201800747,"SI Table S1, Cat-3.0, 300 °C","Cat-3.0 [SI Table S1, Cat-3.0, 300 °C]",300,40,3,0.017,0.873,0.119,0.008,STY from mass GHSV,0.100818,1438.23,45.2257,,1439.17,1459.94,1501.48,1454.75,1449.56,1459.94,1495.36,1607.74,1447.48,1482.91,0.009,0.009,0.009,0.009,0.009,0.009,0.009,0.009,0.009,0.009,0,18.6911,56.0733,14.0183,9.34554,18.6911,50.5718,151.716,7.48045,39.3612
10.1002/ente.201800747 | 40 bar | H2/CO2 3 | 21.6 NL/g/h,10.1002/ente.201800747,"SI Table S1, Cat-4.5, 275 °C","Cat-4.5 [SI Table S1, Cat-4.5, 275 °C]",275,40,3,0.015,0.916,0.084,0,STY from mass GHSV,0.0933391,1553.48,56.3084,,1292.61,1320.54,1376.4,1313.56,1306.58,1320.54,1358.8,1491.18,1301.59,1339.85,0.006,0.006,0.006,0.006,0.006,0.006,0.006,0.006,0.006,0.006,0,25.1361,75.4084,18.8521,12.5681,25.1361,59.5715,178.715,8.07986,42.5152
10.1002/ente.201800747 | 40 bar | H2/CO2 3 | 21.6 NL/g/h,10.1002/ente.201800747,"SI Table S1, In2O3-IWI/Al2O3/Al-fiber, 350 °C","In2O3-IWI/Al2O3/Al-fiber [SI Table S1, In2O3-IWI/Al2O3/Al-fiber, 350 °C]",350,40,3,0.05,0.254,0.592,0.154,STY from mass GHSV,0.0862741,1680.69,51.4428,,9107.57,9135.18,9190.39,9128.27,9121.37,9135.18,9176.57,9314.57,9117.28,9158.68,0.12,0.12,0.12,0.12,0.12,0.12,0.12,0.12,0.12,0.12,0,24.8447,74.534,18.6335,12.4223,24.8447,62.1,186.3,8.74152,45.9968
10.1002/ente.201800747 | 40 bar | H2/CO2 3 | 21.6 NL/g/h,10.1002/ente.201800747,"SI Table S1, H-In2O3/Al2O3, 300 °C","H-In2O3/Al2O3 [SI Table S1, H-In2O3/Al2O3, 300 °C]",300,40,3,0.015,0.768,0.213,0.019,STY from mass GHSV,0.0782581,1852.84,56.3084,assumed,1913.81,1947.12,2013.74,1938.79,1930.46,1947.12,1992.76,2150.65,1924.52,1970.15,0.013,0.013,0.013,0.013,0.013,0.013,0.013,0.013,0.013,0.013,0,29.9801,89.9402,22.4851,14.99,29.9801,71.0515,213.154,9.63692,50.7083
10.1002/ente.201800747 | 40 bar | H2/CO2 3 | 21.6 NL/g/h,10.1002/ente.201800747,"SI Table S1, Cat-1.5, 300 °C","Cat-1.5 [SI Table S1, Cat-1.5, 300 °C]",300,40,3,0.013,0.834,0.152,0.014,STY from mass GHSV,0.0736523,1968.71,38.468,,1656.59,1680.77,1729.13,1674.73,1668.68,1680.77,1729.26,1874.6,1667.97,1716.46,0.009,0.009,0.009,0.009,0.009,0.009,0.009,0.009,0.009,0.009,0,21.7622,65.2865,16.3216,10.8811,21.7622,65.4019,196.206,10.2396,53.8793
10.1002/ente.201800747 | 40 bar | H2/CO2 3 | 21.6 NL/g/h,10.1002/ente.201800747,"SI Table S1, Cat-4.5, 250 °C","Cat-4.5 [SI Table S1, Cat-4.5, 250 °C]",250,40,3,0.011,0.948,0.052,0,STY from mass GHSV,0.0708399,2046.87,56.3084,,1335.16,1371.95,1445.55,1362.75,1353.56,1371.95,1422.37,1596.79,1346.98,1397.4,0.005,0.005,0.005,0.005,0.005,0.005,0.005,0.005,0.005,0.005,0,33.1195,99.3586,24.8397,16.5598,33.1195,78.4918,235.475,10.6461,56.0184
10.1002/ente.201800747 | 40 bar | H2/CO2 3 | 21.6 NL/g/h,10.1002/ente.201800747,"SI Table S1, In2O3-IWI/Al2O3/Al-fiber, 275 °C","In2O3-IWI/Al2O3/Al-fiber [SI Table S1, In2O3-IWI/Al2O3/Al-fiber, 275 °C]",275,40,3,0.013,0.786,0.19,0.024,STY from mass GHSV,0.0694133,2088.94,51.4428,,1880.53,1914.84,1983.46,1906.26,1897.69,1914.84,1966.29,2137.81,1892.6,1944.05,0.011,0.011,0.011,0.011,0.011,0.011,0.011,0.011,0.011,0.011,0,30.8796,92.6387,23.1597,15.4398,30.8796,77.1843,231.553,10.8649,57.1697
10.1002/ente.201800747 | 40 bar | H2/CO2 3 | 21.6 NL/g/h,10.1002/ente.201800747,"SI Table S1, Cat-3.0, 275 °C","Cat-3.0 [SI Table S1, Cat-3.0, 275 °C]",275,40,3,0.01,0.92,0.08,0,STY from mass GHSV,0.0624978,2320.08,45.2257,,1407.07,1440.57,1507.58,1432.2,1423.82,1440.57,1497.72,1679.01,1420.48,1477.62,0.005,0.005,0.005,0.005,0.005,0.005,0.005,0.005,0.005,0.005,0,30.1516,90.4547,22.6137,15.0758,30.1516,81.5801,244.74,12.0671,63.4956
10.1002/ente.201800747 | 40 bar | H2/CO2 3 | 21.6 NL/g/h,10.1002/ente.201800747,"SI Table S1, H-In2O3/Al2O3, 275 °C","H-In2O3/Al2O3 [SI Table S1, H-In2O3/Al2O3, 275 °C]",275,40,3,0.01,0.889,0.106,0.005,STY from mass GHSV,0.0603919,2400.99,56.3084,assumed,1441.89,1485.05,1571.38,1474.26,1463.47,1485.05,1544.19,1748.79,1455.76,1514.9,0.005,0.005,0.005,0.005,0.005,0.005,0.005,0.005,0.005,0.005,0,38.8493,116.548,29.137,19.4247,38.8493,92.0712,276.214,12.4879,65.7097
10.1002/ente.201800747 | 40 bar | H2/CO2 3 | 21.6 NL/g/h,10.1002/ente.201800747,"SI Table S1, H-In2O3/Al2O3, 250 °C","H-In2O3/Al2O3 [SI Table S1, H-In2O3/Al2O3, 250 °C]",250,40,3,0.008,0.932,0.068,0,STY from mass GHSV,0.0506504,2862.76,56.3084,assumed,1521.7,1573.17,1676.1,1560.3,1547.43,1573.17,1643.68,1887.63,1538.24,1608.75,0.005,0.005,0.005,0.005,0.005,0.005,0.005,0.005,0.005,0.005,0,46.3212,138.963,34.7409,23.1606,46.3212,109.779,329.337,14.8897,78.3476
10.1002/ente.201800747 | 40 bar | H2/CO2 3 | 21.6 NL/g/h,10.1002/ente.201800747,"SI Table S1, Cat-1.5, 275 °C","Cat-1.5 [SI Table S1, Cat-1.5, 275 °C]",275,40,3,0.0082,0.903,0.097,0,STY from mass GHSV,0.0503012,2882.64,38.468,,1538.06,1573.46,1644.27,1564.61,1555.76,1573.46,1644.46,1857.27,1554.71,1625.71,0.005,0.005,0.005,0.005,0.005,0.005,0.005,0.005,0.005,0.005,0,31.8647,95.5942,23.8985,15.9324,31.8647,95.7631,287.289,14.993,78.8914
10.1002/ente.201800747 | 40 bar | H2/CO2 3 | 21.6 NL/g/h,10.1002/ente.201800747,"SI Table S1, In2O3-IWI/Al2O3/Al-fiber, 250 °C","In2O3-IWI/Al2O3/Al-fiber [SI Table S1, In2O3-IWI/Al2O3/Al-fiber, 250 °C]",250,40,3,0.007,0.84,0.16,0,STY from mass GHSV,0.0399442,3630.06,51.4428,,1729.72,1789.35,1908.59,1774.44,1759.54,1789.35,1878.75,2176.82,1750.7,1840.11,0.005,0.005,0.005,0.005,0.005,0.005,0.005,0.005,0.005,0.005,0,53.6611,160.983,40.2458,26.8306,53.6611,134.127,402.382,18.8805,99.3469
10.1002/ente.201800747 | 40 bar | H2/CO2 3 | 21.6 NL/g/h,10.1002/ente.201800747,"SI Table S1, Cat-3.0, 250 °C","Cat-3.0 [SI Table S1, Cat-3.0, 250 °C]",250,40,3,0.006,0.953,0.047,0,STY from mass GHSV,0.0388437,3732.91,45.2257,,1703.17,1757.07,1864.88,1743.6,1730.12,1757.07,1849.02,2140.7,1724.74,1816.68,0.005,0.005,0.005,0.005,0.005,0.005,0.005,0.005,0.005,0.005,0,48.5125,145.537,36.3844,24.2562,48.5125,131.259,393.776,19.4154,102.162
10.1002/ente.201800747 | 40 bar | H2/CO2 3 | 21.6 NL/g/h,10.1002/ente.201800747,"SI Table S1, Cat-6.0, 300 °C","Cat-6.0 [SI Table S1, Cat-6.0, 300 °C]",300,40,3,0.008,0.65,0.323,0.027,STY from mass GHSV,0.0353248,4104.76,28.7369,,2840.73,2878.39,2953.72,2868.98,2859.56,2878.39,2979.49,3257.02,2864.45,2965.55,0.011,0.011,0.011,0.011,0.011,0.011,0.011,0.011,0.011,0.011,0,33.896,101.688,25.422,16.948,33.896,124.885,374.655,21.3495,112.338
10.1002/ente.201800747 | 40 bar | H2/CO2 3 | 21.6 NL/g/h,10.1002/ente.201800747,"SI Table S1, Cat-1.5, 250 °C","Cat-1.5 [SI Table S1, Cat-1.5, 250 °C]",250,40,3,0.0049,0.925,0.075,0,STY from mass GHSV,0.0307903,4709.27,38.468,,1924.83,1982.67,2098.35,1968.21,1953.75,1982.67,2098.65,2446.31,1952.04,2068.03,0.005,0.005,0.005,0.005,0.005,0.005,0.005,0.005,0.005,0.005,0,52.0564,156.169,39.0423,26.0282,52.0564,156.445,469.336,24.4936,128.882
10.1002/ente.201800747 | 40 bar | H2/CO2 3 | 21.6 NL/g/h,10.1002/ente.201800747,"SI Table S1, Cat-6.0, 275 °C","Cat-6.0 [SI Table S1, Cat-6.0, 275 °C]",275,40,3,0.005,0.812,0.165,0.023,STY from mass GHSV,0.0275805,5257.33,28.7369,,2112.41,2160.65,2257.12,2148.59,2136.53,2160.65,2290.13,2645.58,2142.79,2272.28,0.005,0.005,0.005,0.005,0.005,0.005,0.005,0.005,0.005,0.005,0,43.4136,130.241,32.5602,21.7068,43.4136,159.951,479.853,27.3442,143.882
10.1002/ente.201800747 | 40 bar | H2/CO2 3 | 21.6 NL/g/h,10.1002/ente.201800747,"SI Table S1, Cat-6.0, 250 °C","Cat-6.0 [SI Table S1, Cat-6.0, 250 °C]",250,40,3,0.003,0.866,0.124,0.01,STY from mass GHSV,0.0176488,8215.84,28.7369,,2702.53,2777.92,2928.68,2759.07,2740.22,2777.92,2980.27,3535.74,2750.01,2952.37,0.005,0.005,0.005,0.005,0.005,0.005,0.005,0.005,0.005,0.005,0,67.8442,203.533,50.8831,33.9221,67.8442,249.962,749.886,42.7318,224.85
10.1016/j.apcata.2018.04.036 | 20 bar | H2/CO2 3 | 2.4 NL/g/h,10.1016/j.apcata.2018.04.036,"Fig 10c/text, 0.5Ca5P5ZC, 20 bar","0.5Ca5P5ZC [Fig 10c/text, 0.5Ca5P5ZC, 20 bar]",230,20,3,0.085,0.97,0.03,0,STY from mass GHSV,0.07072,2050.34,1812.55,,1001.32,2187.89,4561.04,1891.25,1594.61,1068.69,2238.39,4712.53,1013.17,1063.67,0.014,0.014,0.014,0.014,0.014,0.014,0.014,0.014,0.014,0.014,0,1067.92,3203.75,800.936,533.958,60.636,1113.36,3340.09,10.6641,56.1133
10.1016/j.apcata.2018.04.036 | 30 bar | H2/CO2 3 | 2.4 NL/g/h,10.1016/j.apcata.2018.04.036,"Fig 10a,b, 0.5Ca5P5ZC, 250 °C","0.5Ca5P5ZC [Fig 10a,b, 0.5Ca5P5ZC, 250 °C]",250,30,3,0.108,0.91,0.09,0,STY from mass GHSV,0.0842979,1720.09,1812.55,,1172.57,2168.02,4158.92,1919.16,1670.3,1229.09,2210.39,4286.02,1182.51,1224.88,0.039,0.039,0.039,0.039,0.039,0.039,0.039,0.039,0.039,0.039,0,895.906,2687.72,671.929,447.953,50.8693,934.034,2802.1,8.94645,47.0751
10.1016/j.apcata.2018.04.036 | 30 bar | H2/CO2 3 | 2.4 NL/g/h,10.1016/j.apcata.2018.04.036,"Fig 10a,b/text, 0.5Ca5P5ZC, 230 °C, 30 bar","0.5Ca5P5ZC [Fig 10a,b/text, 0.5Ca5P5ZC, 230 °C, 30 bar]",230,30,3,0.096,0.983,0.017,0,STY from mass GHSV,0.0809424,1791.4,1812.55,,952.554,1989.27,4062.7,1730.09,1470.91,1011.42,2033.39,4195.07,962.906,1007.03,0.011,0.011,0.011,0.011,0.011,0.011,0.011,0.011,0.011,0.011,0,933.045,2799.14,699.784,466.523,52.9781,972.754,2918.26,9.31732,49.0266
10.1016/j.apcata.2018.04.036 | 30 bar | H2/CO2 3 | 2.4 NL/g/h,10.1016/j.apcata.2018.04.036,"Fig 10a,b, 5P5ZC, 250 °C","5P5ZC [Fig 10a,b, 5P5ZC, 250 °C]",250,30,3,0.106,0.86,0.14,0,STY from mass GHSV,0.0781908,1854.44,1812.56,,1258.09,2331.3,4477.71,2063,1794.7,1319.03,2376.97,4614.73,1268.81,1314.48,0.047,0.047,0.047,0.047,0.047,0.047,0.047,0.047,0.047,0.047,0,965.885,2897.65,724.413,482.942,54.8472,1006.99,3020.97,9.64521,50.7519
10.1016/j.apcata.2018.04.036 | 30 bar | H2/CO2 3 | 2.4 NL/g/h,10.1016/j.apcata.2018.04.036,"Fig 10a,b, 5P5ZC, 230 °C","5P5ZC [Fig 10a,b, 5P5ZC, 230 °C]",230,30,3,0.095,0.94,0.06,0,STY from mass GHSV,0.0765954,1893.06,1812.56,,1028.05,2123.61,4314.72,1849.72,1575.83,1090.26,2170.23,4454.6,1038.99,1085.61,0.019,0.019,0.019,0.019,0.019,0.019,0.019,0.019,0.019,0.019,0,986.003,2958.01,739.502,493.001,55.9896,1027.97,3083.9,9.8461,51.809
10.1016/j.apcata.2018.04.036 | 30 bar | H2/CO2 3 | 2.4 NL/g/h,10.1016/j.apcata.2018.04.036,"Fig 10d, 0.5Ca5P5ZC stability, 15 h","0.5Ca5P5ZC [Fig 10d, 0.5Ca5P5ZC stability, 15 h]",230,30,3,0.09,0.98,0.02,0,STY from mass GHSV,0.0756519,1916.67,1812.55,,970.07,2079.29,4297.72,1801.98,1524.68,1033.05,2126.49,4439.34,981.146,1028.35,0.012,0.012,0.012,0.012,0.012,0.012,0.012,0.012,0.012,0.012,0,998.295,2994.88,748.721,499.147,56.6829,1040.78,3122.34,9.9689,52.4551
10.1016/j.apcata.2018.04.036 | 30 bar | H2/CO2 3 | 2.4 NL/g/h,10.1016/j.apcata.2018.04.036,"Fig 10a,b/text, 0.5Ca5P5ZC, 270 °C","0.5Ca5P5ZC [Fig 10a,b/text, 0.5Ca5P5ZC, 270 °C]",270,30,3,0.1125,0.78,0.22,0,STY from mass GHSV,0.075266,1926.5,1812.55,,1636.35,2751.26,4981.07,2472.53,2193.8,1699.66,2798.71,5123.41,1647.49,1694.93,0.086,0.086,0.086,0.086,0.086,0.086,0.086,0.086,0.086,0.086,0,1003.41,3010.24,752.561,501.707,56.9736,1046.12,3138.36,10.02,52.7241
10.1016/j.apcata.2018.04.036 | 30 bar | H2/CO2 3 | 2.4 NL/g/h,10.1016/j.apcata.2018.04.036,"Table 6, 0.5Ca5P5ZC, 220 °C","0.5Ca5P5ZC [Table 6, 0.5Ca5P5ZC, 220 °C]",220,30,3,0.077,1,0,0,STY from mass GHSV,0.0660453,2195.46,1812.55,,916.676,2187.23,4728.35,1869.59,1551.95,988.818,2241.31,4890.57,929.364,983.437,0.005,0.005,0.005,0.005,0.005,0.005,0.005,0.005,0.005,0.005,0,1143.5,3430.5,857.626,571.751,64.9277,1192.17,3576.5,11.4189,60.085
10.1016/j.apcata.2018.04.036 | 30 bar | H2/CO2 3 | 2.4 NL/g/h,10.1016/j.apcata.2018.04.036,"Fig 10a,b, 5P5ZC, 270 °C","5P5ZC [Fig 10a,b, 5P5ZC, 270 °C]",270,30,3,0.109,0.7,0.3,0,STY from mass GHSV,0.0654449,2215.6,1812.56,,2001.38,3283.6,5848.04,2963.05,2642.49,2074.19,3338.17,6011.75,2014.19,2068.76,0.109,0.109,0.109,0.109,0.109,0.109,0.109,0.109,0.109,0.109,0,1154,3461.99,865.498,576.999,65.5291,1203.11,3609.33,11.5237,60.6362
10.1016/j.apcata.2018.04.036 | 30 bar | H2/CO2 3 | 2.4 NL/g/h,10.1016/j.apcata.2018.04.036,"Table 6, 5P5ZC, 220 °C","5P5ZC [Table 6, 5P5ZC, 220 °C]",220,30,3,0.063,1,0,0,STY from mass GHSV,0.0540371,2683.34,1812.56,,935.147,2488.06,5593.88,2099.83,1711.6,1023.33,2554.15,5792.15,950.654,1016.74,0.005,0.005,0.005,0.005,0.005,0.005,0.005,0.005,0.005,0.005,0,1397.62,4192.86,1048.21,698.81,79.363,1457.1,4371.3,13.9565,73.4372
10.1016/j.apcata.2018.04.036 | 30 bar | H2/CO2 3 | 2.4 NL/g/h,10.1016/j.apcata.2018.04.036,"Fig 10a,b, 5PC, 270 °C","5PC [Fig 10a,b, 5PC, 270 °C]",270,30,3,0.061,0.47,0.53,0,STY from mass GHSV,0.0245912,5896.43,1812.51,,3944.83,7357.13,14181.7,6504.06,5650.98,4138.51,7502.36,14617.4,3978.91,4124.13,0.106,0.106,0.106,0.106,0.106,0.106,0.106,0.106,0.106,0.106,0,3071.07,9213.21,2303.3,1535.53,174.307,3201.77,9605.32,30.6682,161.372
10.1016/j.apcata.2018.04.036 | 30 bar | H2/CO2 3 | 2.4 NL/g/h,10.1016/j.apcata.2018.04.036,"Fig 10a,b, 5PC, 250 °C","5PC [Fig 10a,b, 5PC, 250 °C]",250,30,3,0.045,0.61,0.39,0,STY from mass GHSV,0.0235447,6158.49,1812.51,,2752.5,6316.45,13444.4,5425.46,4534.47,2954.78,6468.13,13899.4,2788.09,2939.77,0.061,0.061,0.061,0.061,0.061,0.061,0.061,0.061,0.061,0.061,0,3207.56,9622.68,2405.67,1603.78,182.054,3344.07,10032.2,32.0312,168.544
10.1016/j.apcata.2018.04.036 | 30 bar | H2/CO2 3 | 2.4 NL/g/h,10.1016/j.apcata.2018.04.036,"Fig 10a,b, 5PC, 230 °C","5PC [Fig 10a,b, 5PC, 230 °C]",230,30,3,0.026,0.68,0.32,0,STY from mass GHSV,0.0151647,9561.68,1812.51,,2372.59,7905.99,18972.8,6522.64,5139.29,2686.65,8141.49,19679.3,2427.84,2663.35,0.03,0.03,0.03,0.03,0.03,0.03,0.03,0.03,0.03,0.03,0,4980.06,14940.2,3735.05,2490.03,282.658,5192.02,15576,49.7317,261.682
10.1016/j.apcata.2018.04.036 | 30 bar | H2/CO2 3 | 2.4 NL/g/h,10.1016/j.apcata.2018.04.036,"Table 6, 5PC, 220 °C","5PC [Table 6, 5PC, 220 °C]",220,30,3,0.017,0.701,0.276,0.023,STY from mass GHSV,0.0102216,14185.7,1812.51,,2357.03,10566.4,26985,8514.03,6461.7,2822.98,10915.8,28033.2,2439.01,2788.4,0.019,0.019,0.019,0.019,0.019,0.019,0.019,0.019,0.019,0.019,0,7388.4,22165.2,5541.3,3694.2,419.349,7702.85,23108.5,73.7817,388.231
10.1016/j.apcata.2018.04.036 | 40 bar | H2/CO2 3 | 2.4 NL/g/h,10.1016/j.apcata.2018.04.036,"Fig 10c, 0.5Ca5P5ZC, 40 bar","0.5Ca5P5ZC [Fig 10c, 0.5Ca5P5ZC, 40 bar]",230,40,3,0.057,0.94,0.06,0,STY from mass GHSV,0.0459573,3155.1,1812.55,,1119.34,2945.26,6597.11,2488.78,2032.3,1223.02,3022.97,6830.24,1137.58,1215.29,0.015,0.015,0.015,0.015,0.015,0.015,0.015,0.015,0.015,0.015,0,1643.33,4929.99,1232.5,821.665,93.3079,1713.27,5139.8,16.4102,86.3483
10.1016/j.apcata.2018.04.036 | 50 bar | H2/CO2 3 | 2.4 NL/g/h,10.1016/j.apcata.2018.04.036,"Fig 10c/text, 0.5Ca5P5ZC, 50 bar","0.5Ca5P5ZC [Fig 10c/text, 0.5Ca5P5ZC, 50 bar]",230,50,3,0.055,0.94,0.06,0,STY from mass GHSV,0.0443447,3269.84,1812.55,,1133.5,3025.82,6810.45,2552.74,2079.66,1240.94,3106.35,7052.06,1152.39,1232.93,0.015,0.015,0.015,0.015,0.015,0.015,0.015,0.015,0.015,0.015,0,1703.09,5109.26,1277.32,851.544,96.7009,1775.57,5326.71,17.0069,89.4883
10.1016/j.apcata.2019.117144 | 40 bar | H2/CO2 4 | 52 NL/g/h,10.1016/j.apcata.2019.117144,"Fig. 5/Table 1, 573 K, In2O3/ZrO2","In2O3/ZrO2 [Fig. 5/Table 1, 573 K, In2O3/ZrO2]",299.85,40,4,0.105,0.53,0.47,0,printed STY,0.465,311.828,57.1804,,3270.17,3275.86,3287.25,3274.44,3273.02,3275.86,3283.54,3310.29,3271.97,3279.65,0.127,0.127,0.127,0.127,0.127,0.127,0.127,0.127,0.127,0.127,0,5.12369,15.3711,3.84277,2.56185,5.12369,12.0359,36.1076,1.62186,8.53405
10.1016/j.apcata.2019.117144 | 40 bar | H2/CO2 4 | 52 NL/g/h,10.1016/j.apcata.2019.117144,"Fig. 5/Table 1, 573 K, 1.5Y9In/ZrO2","1.5Y9In/ZrO2 [Fig. 5/Table 1, 573 K, 1.5Y9In/ZrO2]",299.85,40,4,0.076,0.69,0.31,0,printed STY,0.42,345.238,54.3367,,2205.9,2211.89,2223.87,2210.39,2208.9,2211.89,2220.4,2249.38,2207.9,2216.4,0.066,0.066,0.066,0.066,0.066,0.066,0.066,0.066,0.066,0.066,0,5.39054,16.1716,4.04291,2.69527,5.39054,13.0433,39.13,1.79563,9.44841
10.1016/j.apcata.2019.117144 | 40 bar | H2/CO2 4 | 52 NL/g/h,10.1016/j.apcata.2019.117144,"Fig. 5/Table 1, 573 K, 3La10In/ZrO2","3La10In/ZrO2 [Fig. 5/Table 1, 573 K, 3La10In/ZrO2]",299.85,40,4,0.077,0.66,0.34,0,printed STY,0.42,345.238,56.0209,,2394.05,2400.23,2412.58,2398.68,2397.14,2400.23,2408.73,2438.09,2396.05,2404.55,0.073,0.073,0.073,0.073,0.073,0.073,0.073,0.073,0.073,0.073,0,5.55763,16.6729,4.16822,2.77882,5.55763,13.2104,39.6312,1.79563,9.44841
10.1016/j.apcata.2019.117144 | 40 bar | H2/CO2 4 | 52 NL/g/h,10.1016/j.apcata.2019.117144,"Fig. 5, 573 K, 2Y8In/ZrO2","2Y8In/ZrO2 [Fig. 5, 573 K, 2Y8In/ZrO2]",299.85,40,4,0.059,0.72,0.28,0,printed STY,0.37,391.892,52.3034,,2083.68,2090.22,2103.31,2088.59,2086.95,2090.22,2099.88,2132.27,2085.94,2095.6,0.048,0.048,0.048,0.048,0.048,0.048,0.048,0.048,0.048,0.048,0,5.89002,17.6701,4.41751,2.94501,5.89002,14.577,43.7309,2.03829,10.7252
10.1016/j.apcata.2019.117144 | 40 bar | H2/CO2 4 | 52 NL/g/h,10.1016/j.apcata.2019.117144,"Fig. 5, 558 K, In2O3/ZrO2","In2O3/ZrO2 [Fig. 5, 558 K, In2O3/ZrO2]",284.85,40,4,0.058,0.65,0.35,0,printed STY,0.36,402.778,57.1804,,2498.61,2505.97,2520.67,2504.13,2502.29,2505.97,2515.89,2550.43,2500.94,2510.86,0.057,0.057,0.057,0.057,0.057,0.057,0.057,0.057,0.057,0.057,0,6.6181,19.8543,4.96358,3.30905,6.6181,15.5463,46.639,2.09491,11.0231
10.1016/j.apcata.2019.117144 | 40 bar | H2/CO2 4 | 52 NL/g/h,10.1016/j.apcata.2019.117144,"Fig. 5, 558 K, 3La10In/ZrO2","3La10In/ZrO2 [Fig. 5, 558 K, 3La10In/ZrO2]",284.85,40,4,0.054,0.8,0.2,0,printed STY,0.34,426.471,56.0209,,1671.76,1679.38,1694.64,1677.48,1675.57,1679.38,1689.89,1726.15,1674.22,1684.72,0.032,0.032,0.032,0.032,0.032,0.032,0.032,0.032,0.032,0.032,0,6.86531,20.5959,5.14898,3.43266,6.86531,16.3187,48.9562,2.21814,11.6716
10.1016/j.apcata.2019.117144 | 40 bar | H2/CO2 4 | 52 NL/g/h,10.1016/j.apcata.2019.117144,"Fig. 5, 573 K, 3Y8In/ZrO2","3Y8In/ZrO2 [Fig. 5, 573 K, 3Y8In/ZrO2]",299.85,40,4,0.045,0.73,0.27,0,printed STY,0.33,439.394,52.4059,,2063.56,2070.92,2085.62,2069.08,2067.24,2070.92,2081.74,2118.09,2066.1,2076.93,0.036,0.036,0.036,0.036,0.036,0.036,0.036,0.036,0.036,0.036,0,6.61691,19.8507,4.96268,3.30846,6.61691,16.3568,49.0704,2.28535,12.0253
10.1016/j.apcata.2019.117144 | 40 bar | H2/CO2 4 | 52 NL/g/h,10.1016/j.apcata.2019.117144,"Fig. 5, 558 K, 1.5Y9In/ZrO2","1.5Y9In/ZrO2 [Fig. 5, 558 K, 1.5Y9In/ZrO2]",284.85,40,4,0.05,0.77,0.23,0,printed STY,0.3,483.333,54.3367,,1829.62,1838.01,1854.78,1835.91,1833.82,1838.01,1849.91,1890.49,1832.42,1844.32,0.034,0.034,0.034,0.034,0.034,0.034,0.034,0.034,0.034,0.034,0,7.54676,22.6403,5.66007,3.77338,7.54676,18.2607,54.782,2.51389,13.2278
10.1016/j.apcata.2019.117144 | 40 bar | H2/CO2 4 | 52 NL/g/h,10.1016/j.apcata.2019.117144,"Fig. 5, 543 K, In2O3/ZrO2","In2O3/ZrO2 [Fig. 5, 543 K, In2O3/ZrO2]",269.85,40,4,0.03,0.76,0.24,0,printed STY,0.26,557.692,57.1804,,1946.26,1956.44,1976.8,1953.89,1951.35,1956.44,1970.17,2018.01,1949.48,1963.21,0.022,0.022,0.022,0.022,0.022,0.022,0.022,0.022,0.022,0.022,0,9.16353,27.4906,6.87264,4.58176,9.16353,21.5257,64.5771,2.90064,15.2628
10.1016/j.apcata.2019.117144 | 40 bar | H2/CO2 4 | 52 NL/g/h,10.1016/j.apcata.2019.117144,"Fig. 5/Table 1, 543 K, 3La10In/ZrO2","3La10In/ZrO2 [Fig. 5/Table 1, 543 K, 3La10In/ZrO2]",269.85,40,4,0.029,0.91,0.09,0,printed STY,0.241,601.66,56.0209,,1265.07,1275.83,1297.36,1273.14,1270.45,1275.83,1290.65,1341.81,1268.55,1283.37,0.009,0.009,0.009,0.009,0.009,0.009,0.009,0.009,0.009,0.009,0,9.6855,29.0565,7.26413,4.84275,9.6855,23.0223,69.0669,3.12932,16.4661
10.1016/j.apcata.2019.117144 | 40 bar | H2/CO2 4 | 52 NL/g/h,10.1016/j.apcata.2019.117144,"Fig. 5, 558 K, 2Y8In/ZrO2","2Y8In/ZrO2 [Fig. 5, 558 K, 2Y8In/ZrO2]",284.85,40,4,0.034,0.79,0.21,0,printed STY,0.24,604.167,52.3034,,1780.53,1790.62,1810.8,1788.1,1785.58,1790.62,1805.5,1855.44,1784.03,1798.91,0.022,0.022,0.022,0.022,0.022,0.022,0.022,0.022,0.022,0.022,0,9.08044,27.2413,6.81033,4.54022,9.08044,22.4728,67.4184,3.14236,16.5347
10.1016/j.apcata.2019.117144 | 40 bar | H2/CO2 4 | 52 NL/g/h,10.1016/j.apcata.2019.117144,"Fig. 5, 558 K, 3Y8In/ZrO2","3Y8In/ZrO2 [Fig. 5, 558 K, 3Y8In/ZrO2]",284.85,40,4,0.028,0.8,0.2,0,printed STY,0.21,690.476,52.4059,,1729.38,1740.93,1764.04,1738.04,1735.15,1740.93,1757.94,1815.05,1733.37,1750.37,0.017,0.017,0.017,0.017,0.017,0.017,0.017,0.017,0.017,0.017,0,10.398,31.194,7.7985,5.199,10.398,25.7036,77.1107,3.59127,18.8968
10.1016/j.apcata.2019.117144 | 40 bar | H2/CO2 4 | 52 NL/g/h,10.1016/j.apcata.2019.117144,"Fig. 5, 543 K, 1.5Y9In/ZrO2","1.5Y9In/ZrO2 [Fig. 5, 543 K, 1.5Y9In/ZrO2]",269.85,40,4,0.027,0.84,0.16,0,printed STY,0.16,906.25,54.3367,,1574.82,1590.54,1621.99,1586.61,1582.68,1590.54,1612.86,1688.95,1580.06,1602.38,0.014,0.014,0.014,0.014,0.014,0.014,0.014,0.014,0.014,0.014,0,14.1502,42.4505,10.6126,7.07509,14.1502,34.2387,102.716,4.71354,24.8021
10.1016/j.apcata.2019.117144 | 40 bar | H2/CO2 4 | 52 NL/g/h,10.1016/j.apcata.2019.117144,"Fig. 5, 528 K, In2O3/ZrO2","In2O3/ZrO2 [Fig. 5, 528 K, In2O3/ZrO2]",254.85,40,4,0.013,0.81,0.19,0,printed STY,0.14,1035.71,57.1804,,1785.51,1804.42,1842.24,1799.7,1794.97,1804.42,1829.93,1918.77,1791.5,1817.01,0.008,0.008,0.008,0.008,0.008,0.008,0.008,0.008,0.008,0.008,0,17.018,51.0539,12.7635,8.50899,17.018,39.9763,119.929,5.3869,28.3452
10.1016/j.apcata.2019.117144 | 40 bar | H2/CO2 4 | 52 NL/g/h,10.1016/j.apcata.2019.117144,"Fig. 5, 528 K, 3La10In/ZrO2","3La10In/ZrO2 [Fig. 5, 528 K, 3La10In/ZrO2]",254.85,40,4,0.01,1,0,0,printed STY,0.14,1035.71,56.0209,,1456.18,1474.71,1511.76,1470.07,1465.44,1474.71,1500.22,1588.28,1462.17,1487.68,0.005,0.005,0.005,0.005,0.005,0.005,0.005,0.005,0.005,0.005,0,16.6729,50.0187,12.5047,8.33645,16.6729,39.6312,118.894,5.3869,28.3452
10.1016/j.apcata.2019.117144 | 40 bar | H2/CO2 4 | 52 NL/g/h,10.1016/j.apcata.2019.117144,"Fig. 5, 543 K, 2Y8In/ZrO2","2Y8In/ZrO2 [Fig. 5, 543 K, 2Y8In/ZrO2]",269.85,40,4,0.018,0.97,0.03,0,printed STY,0.13,1115.38,52.3034,,1215.63,1234.26,1271.51,1229.6,1224.95,1234.26,1261.73,1353.93,1222.08,1249.55,0.005,0.005,0.005,0.005,0.005,0.005,0.005,0.005,0.005,0.005,0,16.7639,50.2917,12.5729,8.38195,16.7639,41.4883,124.465,5.80128,30.5256
10.1016/j.apcata.2019.117144 | 40 bar | H2/CO2 4 | 52 NL/g/h,10.1016/j.apcata.2019.117144,"Fig. 5, 543 K, 3Y8In/ZrO2","3Y8In/ZrO2 [Fig. 5, 543 K, 3Y8In/ZrO2]",269.85,40,4,0.017,0.96,0.04,0,printed STY,0.12,1208.33,52.4059,,1244.17,1264.38,1304.82,1259.33,1254.28,1264.38,1294.15,1394.1,1251.15,1280.91,0.005,0.005,0.005,0.005,0.005,0.005,0.005,0.005,0.005,0.005,0,18.1965,54.5895,13.6474,9.09825,18.1965,44.9812,134.944,6.28472,33.0694
10.1016/j.apcata.2019.117144 | 40 bar | H2/CO2 4 | 52 NL/g/h,10.1016/j.apcata.2019.117144,"Fig. 5, 528 K, 1.5Y9In/ZrO2","1.5Y9In/ZrO2 [Fig. 5, 528 K, 1.5Y9In/ZrO2]",254.85,40,4,0.012,1,0,0,printed STY,0.08,1812.5,54.3367,,1365.23,1396.68,1459.57,1388.81,1380.95,1396.68,1441.32,1593.49,1375.71,1420.35,0.005,0.005,0.005,0.005,0.005,0.005,0.005,0.005,0.005,0.005,0,28.3004,84.9011,21.2253,14.1502,28.3004,68.4774,205.432,9.42708,49.6042
10.1016/j.apcata.2019.117144 | 40 bar | H2/CO2 4 | 52 NL/g/h,10.1016/j.apcata.2019.117144,"Fig. 5, 528 K, 2Y8In/ZrO2","2Y8In/ZrO2 [Fig. 5, 528 K, 2Y8In/ZrO2]",254.85,40,4,0.012,1,0,0,printed STY,0.07,2071.43,52.3034,,1367.25,1401.84,1471.02,1393.19,1384.54,1401.84,1452.86,1624.08,1379.22,1430.24,0.005,0.005,0.005,0.005,0.005,0.005,0.005,0.005,0.005,0.005,0,31.133,93.3989,23.3497,15.5665,31.133,77.0496,231.149,10.7738,56.6905
10.1016/j.apcata.2019.117144 | 40 bar | H2/CO2 4 | 52 NL/g/h,10.1016/j.apcata.2019.117144,"Fig. 5, 528 K, 3Y8In/ZrO2","3Y8In/ZrO2 [Fig. 5, 528 K, 3Y8In/ZrO2]",254.85,40,4,0.011,1,0,0,printed STY,0.06,2416.67,52.4059,,1414.33,1454.77,1535.64,1444.66,1434.55,1454.77,1514.29,1714.21,1428.3,1487.82,0.005,0.005,0.005,0.005,0.005,0.005,0.005,0.005,0.005,0.005,0,36.393,109.179,27.2948,18.1965,36.393,89.9625,269.887,12.5694,66.1389
10.1016/j.apcatb.2017.06.069 | 50 bar | H2/CO2 4 | 21 NL/g/h,10.1016/j.apcatb.2017.06.069,"Text/Fig. 1, Pd-P/In2O3, 300 °C, 5 MPa","Pd-P/In2O3 [Text/Fig. 1, Pd-P/In2O3, 300 °C, 5 MPa]",300,50,4,0.2,0.7,0.3,0,STY from mass GHSV (printed STY inconsistent with X*S*F),0.840577,172.501,607.352,,1639.91,1673.36,1740.26,1664.99,1656.63,1656.22,1677.61,1753.01,1640.9,1645.15,0.117,0.117,0.117,0.117,0.117,0.117,0.117,0.117,0.117,0.117,0,30.1059,90.3177,22.5794,15.053,14.6823,33.9297,101.789,0.897201,4.72096
10.1016/j.apcatb.2017.06.069 | 50 bar | H2/CO2 4 | 21 NL/g/h,10.1016/j.apcatb.2017.06.069,"SI Table S2, Pd-I/In2O3 This work","Pd-I/In2O3 [SI Table S2, Pd-I/In2O3 This work]",300,50,4,0.184,0.727,0.273,0,STY from mass GHSV (printed STY inconsistent with X*S*F),0.803159,180.537,628.785,,1843.7,1879.95,1952.44,1870.89,1861.82,1860.83,1884.39,1965.78,1844.75,1849.19,0.131,0.131,0.131,0.131,0.131,0.131,0.131,0.131,0.131,0.131,0,32.6204,97.8612,24.4653,16.3102,15.4139,36.6223,109.867,0.939,4.9409
10.1016/j.apcatb.2017.06.069 | 50 bar | H2/CO2 4 | 21 NL/g/h,10.1016/j.apcatb.2017.06.069,"Figure 1a,b, 275 °C, Pd-P/In2O3","Pd-P/In2O3 [Figure 1a,b, 275 °C, Pd-P/In2O3]",275,50,4,0.156,0.81,0.19,0,STY from mass GHSV (printed STY inconsistent with X*S*F),0.758681,191.121,607.352,,1338.81,1375.87,1450,1366.61,1357.34,1356.88,1380.58,1464.12,1339.91,1344.62,0.064,0.064,0.064,0.064,0.064,0.064,0.064,0.064,0.064,0.064,0,33.3557,100.067,25.0168,16.6779,16.2672,37.5922,112.777,0.99405,5.23057
10.1016/j.apcatb.2017.06.069 | 50 bar | H2/CO2 4 | 21 NL/g/h,10.1016/j.apcatb.2017.06.069,"Figure 1a,b, 275 °C, Pd-I/In2O3","Pd-I/In2O3 [Figure 1a,b, 275 °C, Pd-I/In2O3]",275,50,4,0.111,0.78,0.22,0,STY from mass GHSV (printed STY inconsistent with X*S*F),0.519837,278.934,628.785,,1707.87,1763.86,1875.86,1749.87,1735.87,1734.33,1770.73,1896.47,1709.48,1716.35,0.07,0.07,0.07,0.07,0.07,0.07,0.07,0.07,0.07,0.07,0,50.3992,151.198,37.7994,25.1996,23.8148,56.5823,169.747,1.45078,7.6338
10.1016/j.apcatb.2017.06.069 | 50 bar | H2/CO2 4 | 21 NL/g/h,10.1016/j.apcatb.2017.06.069,"Figure 1a,b, 250 °C, Pd-P/In2O3","Pd-P/In2O3 [Figure 1a,b, 250 °C, Pd-P/In2O3]",250,50,4,0.083,0.87,0.13,0,STY from mass GHSV (printed STY inconsistent with X*S*F),0.433558,334.442,607.352,,1365.04,1429.9,1559.6,1413.68,1397.47,1396.67,1438.13,1584.32,1366.97,1375.21,0.034,0.034,0.034,0.034,0.034,0.034,0.034,0.034,0.034,0.034,0,58.369,175.107,43.7768,29.1845,28.4659,65.7825,197.347,1.73948,9.15295
10.1016/j.apcatb.2017.06.069 | 50 bar | H2/CO2 4 | 21 NL/g/h,10.1016/j.apcatb.2017.06.069,"SI Table S1, In2O3 This work","In2O3 [SI Table S1, In2O3 This work]",300,50,4,0.082,0.712,0.288,0,STY from mass GHSV (printed STY inconsistent with X*S*F),0.350545,413.642,282.287,,2091.19,2128.47,2203.03,2119.15,2109.83,2128.47,2138.66,2233.6,2093.58,2103.77,0.067,0.067,0.067,0.067,0.067,0.067,0.067,0.067,0.067,0.067,0,33.5533,100.66,25.165,16.7767,33.5533,42.7224,128.167,2.15141,11.3205
10.1016/j.apcatb.2017.06.069 | 50 bar | H2/CO2 4 | 21 NL/g/h,10.1016/j.apcatb.2017.06.069,"Figure 1a,b, 250 °C, Pd-I/In2O3","Pd-I/In2O3 [Figure 1a,b, 250 °C, Pd-I/In2O3]",250,50,4,0.047,0.84,0.16,0,STY from mass GHSV (printed STY inconsistent with X*S*F),0.237043,611.704,628.785,,1514.84,1637.64,1883.26,1606.94,1576.24,1572.87,1652.71,1928.46,1518.37,1533.44,0.023,0.023,0.023,0.023,0.023,0.023,0.023,0.023,0.023,0.023,0,110.526,331.578,82.8945,55.263,52.2262,124.085,372.256,3.18156,16.741
10.1016/j.apcatb.2017.06.069 | 50 bar | H2/CO2 4 | 21 NL/g/h,10.1016/j.apcatb.2017.06.069,"Table 2, Pd-P/In2O3, 225 °C","Pd-P/In2O3 [Table 2, Pd-P/In2O3, 225 °C]",225,50,4,0.029,0.95,0.05,0,STY from mass GHSV (printed STY inconsistent with X*S*F),0.165414,876.591,607.352,,1132.24,1302.23,1642.21,1259.73,1217.24,1215.15,1323.82,1706.98,1137.31,1158.9,0.006,0.006,0.006,0.006,0.006,0.006,0.006,0.006,0.006,0.006,0,152.988,458.965,114.741,76.4941,74.6106,172.419,517.258,4.55928,23.9904
10.1016/j.apcatb.2017.06.069 | 50 bar | H2/CO2 4 | 21 NL/g/h,10.1016/j.apcatb.2017.06.069,"Figure 1a,b, 275 °C, In2O3","In2O3 [Figure 1a,b, 275 °C, In2O3]",275,50,4,0.034,0.79,0.21,0,STY from mass GHSV (printed STY inconsistent with X*S*F),0.161271,899.109,282.287,,1789.32,1870.36,2032.43,1850.1,1829.84,1870.36,1892.51,2098.87,1794.52,1816.67,0.022,0.022,0.022,0.022,0.022,0.022,0.022,0.022,0.022,0.022,0,72.9329,218.799,54.6997,36.4665,72.9329,92.8632,278.59,4.6764,24.6067
10.1016/j.apcatb.2017.06.069 | 50 bar | H2/CO2 4 | 21 NL/g/h,10.1016/j.apcatb.2017.06.069,"Table 2, Pd-I/In2O3, 225 °C","Pd-I/In2O3 [Table 2, Pd-I/In2O3, 225 °C]",225,50,4,0.016,0.92,0.08,0,STY from mass GHSV (printed STY inconsistent with X*S*F),0.0883807,1640.63,628.785,,1302.19,1631.57,2290.32,1549.22,1466.88,1457.83,1671.98,2411.54,1311.67,1352.08,0.005,0.005,0.005,0.005,0.005,0.005,0.005,0.005,0.005,0.005,0,296.438,889.313,222.328,148.219,140.074,332.805,998.415,8.53316,44.9005
10.1016/j.apcatb.2017.06.069 | 50 bar | H2/CO2 4 | 21 NL/g/h,10.1016/j.apcatb.2017.06.069,"Figure 1a,b, 250 °C, In2O3","In2O3 [Figure 1a,b, 250 °C, In2O3]",250,50,4,0.012,0.86,0.14,0,STY from mass GHSV (printed STY inconsistent with X*S*F),0.0619625,2340.12,282.287,,1596.71,1807.62,2229.45,1754.89,1702.17,1807.62,1865.26,2402.36,1610.23,1667.87,0.006,0.006,0.006,0.006,0.006,0.006,0.006,0.006,0.006,0.006,0,189.824,569.471,142.368,94.9118,189.824,241.696,725.089,12.1713,64.0441
10.1016/j.apcatb.2017.06.069 | 50 bar | H2/CO2 4 | 21 NL/g/h,10.1016/j.apcatb.2017.06.069,"Table 2, Pd-P/In2O3, 200 °C","Pd-P/In2O3 [Table 2, Pd-P/In2O3, 200 °C]",200,50,4,0.008,0.99,0.01,0,STY from mass GHSV (printed STY inconsistent with X*S*F),0.0475526,3049.25,607.352,,1621.93,2213.23,3395.85,2065.41,1917.58,1910.3,2288.34,3621.15,1639.55,1714.65,0.005,0.005,0.005,0.005,0.005,0.005,0.005,0.005,0.005,0.005,0,532.175,1596.53,399.131,266.088,259.536,599.767,1799.3,15.8596,83.4514
10.1016/j.apcatb.2017.06.069 | 50 bar | H2/CO2 4 | 21 NL/g/h,10.1016/j.apcatb.2017.06.069,"Table 2, Pd-I/In2O3, 200 °C","Pd-I/In2O3 [Table 2, Pd-I/In2O3, 200 °C]",200,50,4,0.003,0.99,0.01,0,STY from mass GHSV (printed STY inconsistent with X*S*F),0.0178322,8131.34,628.785,,2831.79,4464.25,7729.17,4056.13,3648.02,3603.17,4664.52,8329.98,2878.78,3079.05,0.005,0.005,0.005,0.005,0.005,0.005,0.005,0.005,0.005,0.005,0,1469.21,4407.64,1101.91,734.607,694.239,1649.46,4948.37,42.2923,222.537
10.1016/j.apcatb.2017.06.069 | 50 bar | H2/CO2 4 | 21 NL/g/h,10.1016/j.apcatb.2017.06.069,"Figure 1a,b, 225 °C, In2O3","In2O3 [Figure 1a,b, 225 °C, In2O3]",225,50,4,0.003,0.94,0.06,0,STY from mass GHSV (printed STY inconsistent with X*S*F),0.0169316,8563.86,282.287,,2951.37,3723.23,5266.95,3530.26,3337.3,3723.23,3934.15,5899.72,3000.86,3211.78,0.005,0.005,0.005,0.005,0.005,0.005,0.005,0.005,0.005,0.005,0,694.673,2084.02,521.005,347.337,694.673,884.505,2653.52,44.5419,234.374
10.1016/j.apcatb.2017.06.069 | 50 bar | H2/CO2 4 | 21 NL/g/h,10.1016/j.apcatb.2017.06.069,"Figure 1a,b, 200 °C, In2O3","In2O3 [Figure 1a,b, 200 °C, In2O3]",200,50,4,0.001,0.99,0.01,0,STY from mass GHSV (printed STY inconsistent with X*S*F),0.00594408,24394,282.287,,6584.39,8783.02,13180.3,8233.37,7683.71,8783.02,9383.84,14982.7,6725.37,7326.18,0.005,0.005,0.005,0.005,0.005,0.005,0.005,0.005,0.005,0.005,0,1978.77,5936.3,1484.07,989.383,1978.77,2519.5,7558.5,126.877,667.611
10.1016/j.apcatb.2019.118367 | 30 bar | H2/CO2 3 | 6 NL/g/h,10.1016/j.apcatb.2019.118367,"Fig. 4, Pd/ZnO-3.93Al","Pd/ZnO-3.93Al [Fig. 4, Pd/ZnO-3.93Al]",250,30,3,0.142,0.49,0.48,0.03,STY from mass GHSV,0.137266,1056.34,913.409,,1186.36,1494.43,2110.56,1417.41,1340.39,1206.12,1520.44,2188.61,1192.46,1218.48,0.053,0.053,0.053,0.053,0.053,0.053,0.053,0.053,0.053,0.053,0,277.262,831.786,207.946,138.631,17.7853,300.678,902.033,5.49419,28.9098
10.1016/j.apcatb.2019.118367 | 30 bar | H2/CO2 3 | 6 NL/g/h,10.1016/j.apcatb.2019.118367,"Fig. 4, Pd/ZnO-0.35Al","Pd/ZnO-0.35Al [Fig. 4, Pd/ZnO-0.35Al]",250,30,3,0.105,0.64,0.29,0.07,STY from mass GHSV,0.132571,1093.75,913.529,,2383.19,2702.21,3340.25,2622.45,2542.7,2403.69,2729.15,3421.07,2389.51,2416.45,0.123,0.123,0.123,0.123,0.123,0.123,0.123,0.123,0.123,0.123,0,287.119,861.358,215.339,143.56,18.4528,311.364,934.092,5.68877,29.9336
10.1016/j.apcatb.2019.118367 | 30 bar | H2/CO2 3 | 6 NL/g/h,10.1016/j.apcatb.2019.118367,"Fig. 4, Pd/ZnO-1.85Al","Pd/ZnO-1.85Al [Fig. 4, Pd/ZnO-1.85Al]",250,30,3,0.115,0.57,0.35,0.08,STY from mass GHSV,0.129316,1121.28,913.478,,2026.59,2353.62,3007.69,2271.87,2190.11,2047.59,2381.24,3090.54,2033.07,2060.69,0.113,0.113,0.113,0.113,0.113,0.113,0.113,0.113,0.113,0.113,0,294.33,882.991,220.748,147.165,18.9012,319.185,957.556,5.83197,30.6871
10.1016/j.apcatb.2019.118367 | 30 bar | H2/CO2 3 | 6 NL/g/h,10.1016/j.apcatb.2019.118367,"Fig. 4, Pd/ZnO-7.49Al","Pd/ZnO-7.49Al [Fig. 4, Pd/ZnO-7.49Al]",250,30,3,0.111,0.32,0.58,0.1,STY from mass GHSV,0.0700733,2069.26,913.29,,2457.08,3060.48,4267.27,2909.63,2758.78,2495.71,3111.44,4420.17,2469.04,2520,0.132,0.132,0.132,0.132,0.132,0.132,0.132,0.132,0.132,0.132,0,543.057,1629.17,407.293,271.528,34.7689,588.925,1766.78,10.7625,56.6312
10.1016/j.apcatb.2019.118367 | 30 bar | H2/CO2 3 | 6 NL/g/h,10.1016/j.apcatb.2019.118367,"Fig. 4, Pd/ZnO-12.14Al","Pd/ZnO-12.14Al [Fig. 4, Pd/ZnO-12.14Al]",250,30,3,0.106,0.32,0.66,0.02,STY from mass GHSV,0.0669168,2166.87,913.135,,1618.56,2250.31,3513.81,2092.37,1934.43,1658.91,2303.68,3673.92,1631.08,1684.45,0.078,0.078,0.078,0.078,0.078,0.078,0.078,0.078,0.078,0.078,0,568.576,1705.73,426.432,284.288,36.3122,616.608,1849.82,11.2702,59.3025
10.1016/j.apcatb.2019.118367 | 30 bar | H2/CO2 3 | 6 NL/g/h,10.1016/j.apcatb.2019.118367,"Fig. 4, Pd/ZnO","Pd/ZnO [Fig. 4, Pd/ZnO]",250,30,3,0.058,0.516,0.474,0.01,STY from mass GHSV,0.0590415,2455.9,913.54,,3455.43,4171.77,5604.44,3992.69,3813.6,3501.48,4232.26,5785.91,3469.63,3530.11,0.093,0.093,0.093,0.093,0.093,0.093,0.093,0.093,0.093,0.093,0,644.703,1934.11,483.527,322.351,41.442,699.142,2097.43,12.7735,67.2127
10.1016/j.apcatb.2019.118367 | 30 bar | H2/CO2 3 | 6 NL/g/h,10.1016/j.apcatb.2019.118367,"Fig. 5d, Pd/ZnAl2O4","Pd/ZnAl2O4 [Fig. 5d, Pd/ZnAl2O4]",250,30,3,0.046,0.62,0.37,0.01,STY from mass GHSV,0.0562638,2577.15,912.557,,2670.11,3421,4922.79,3233.28,3045.56,2717.62,3484.48,5113.21,2685,2748.48,0.061,0.061,0.061,0.061,0.061,0.061,0.061,0.061,0.061,0.061,0,675.803,2027.41,506.852,337.901,42.7598,732.929,2198.79,13.4041,70.5309
10.1016/j.apcatb.2019.118367 | 30 bar | H2/CO2 3 | 6 NL/g/h,10.1016/j.apcatb.2019.118367,"Fig. 5d, Pd/ZnO/Al2O3","Pd/ZnO/Al2O3 [Fig. 5d, Pd/ZnO/Al2O3]",250,30,3,0.04,0.38,0.62,0,STY from mass GHSV,0.0299863,4835.54,912.656,assumed,5451.15,6860.21,9678.34,6507.95,6155.68,5540.45,6979.31,10035.6,5479.09,5598.19,0.083,0.083,0.083,0.083,0.083,0.083,0.083,0.083,0.083,0.083,0,1268.16,3804.47,951.118,634.079,80.3687,1375.34,4126.03,25.1504,132.338
10.1016/j.apcatb.2019.118367 | 30 bar | H2/CO2 3 | 6 NL/g/h,10.1016/j.apcatb.2019.118367,"Fig. 4 / Fig. 5d, Pd/Al2O3","Pd/Al2O3 [Fig. 4 / Fig. 5d, Pd/Al2O3]",250,30,3,0.012,0.143,0.77,0.087,STY from mass GHSV,0.0033853,42832.3,911.772,,19187.7,31656.8,56595.1,28539.5,25422.3,19966.6,32711.8,59759.9,19435.2,20490.2,0.036,0.036,0.036,0.036,0.036,0.036,0.036,0.036,0.036,0.036,0,11222.2,33666.6,8416.66,5611.11,701.01,12171.7,36515,222.777,1172.23
10.1016/j.cattod.2019.05.040 | 10 bar | H2/CO2 3 | 2.4 NL/g/h,10.1016/j.cattod.2019.05.040,"Figure 7d-e, 0.5Ca5P5ZZr-IMP at 250 °C and 10 bar","0.5Ca5P5ZZr-IMP [Figure 7d-e, 0.5Ca5P5ZZr-IMP at 250 °C and 10 bar]",250,10,3,0.074,0.96,0.04,3.46945e-17,printed STY,0.055,2636.36,1823.91,,1070.16,2605.44,5676,2221.62,1837.8,1166.35,2670.37,5870.8,1085.39,1150.33,0.012,0.012,0.012,0.012,0.012,0.012,0.012,0.012,0.012,0.012,0,1381.75,4145.26,1036.31,690.876,86.5745,1440.19,4320.57,13.7121,72.1515
10.1016/j.cattod.2019.05.040 | 10 bar | H2/CO2 3 | 2.4 NL/g/h,10.1016/j.cattod.2019.05.040,"Figure 7d-e, 5P5ZZr-IMP at 250 °C and 10 bar","5P5ZZr-IMP [Figure 7d-e, 5P5ZZr-IMP at 250 °C and 10 bar]",250,10,3,0.055,0.94,0.06,5.55112e-17,printed STY,0.04,3625,1824.01,,1140.98,3252.11,7474.36,2724.32,2196.54,1273.36,3341.39,7742.2,1161.93,1251.21,0.015,0.015,0.015,0.015,0.015,0.015,0.015,0.015,0.015,0.015,0,1900.01,5700.04,1425.01,950.006,119.143,1980.37,5941.1,18.8542,99.2083
10.1016/j.cattod.2019.05.040 | 20 bar | H2/CO2 3 | 2.4 NL/g/h,10.1016/j.cattod.2019.05.040,"Figure 7d-e, 0.5Ca5P5ZZr-IMP at 250 °C and 20 bar","0.5Ca5P5ZZr-IMP [Figure 7d-e, 0.5Ca5P5ZZr-IMP at 250 °C and 20 bar]",250,20,3,0.104,0.99,0.01,8.67362e-18,printed STY,0.08,1812.5,1823.91,,934.75,1990.25,4101.26,1726.38,1462.5,1000.88,2034.9,4235.19,945.224,989.865,0.01,0.01,0.01,0.01,0.01,0.01,0.01,0.01,0.01,0.01,0,949.955,2849.86,712.466,474.977,59.52,990.132,2970.39,9.42708,49.6042
10.1016/j.cattod.2019.05.040 | 20 bar | H2/CO2 3 | 2.4 NL/g/h,10.1016/j.cattod.2019.05.040,"Figure 7d-e, 5P5ZZr-IMP at 250 °C and 20 bar","5P5ZZr-IMP [Figure 7d-e, 5P5ZZr-IMP at 250 °C and 20 bar]",250,20,3,0.082,0.98,0.02,1.73472e-17,printed STY,0.062,2338.71,1824.01,,977.207,2339.22,5063.26,1998.72,1658.22,1062.61,2396.83,5236.06,990.723,1048.32,0.011,0.011,0.011,0.011,0.011,0.011,0.011,0.011,0.011,0.011,0,1225.81,3677.44,919.361,612.907,76.8666,1277.66,3832.97,12.164,64.0054
10.1016/j.cattod.2019.05.040 | 30 bar | H2/CO2 3 | 2.4 NL/g/h,10.1016/j.cattod.2019.05.040,"Figure 7a-c, 0.5Ca5P5ZZr-IMP at 270 °C","0.5Ca5P5ZZr-IMP [Figure 7a-c, 0.5Ca5P5ZZr-IMP at 270 °C]",270,30,3,0.109,0.91,0.09,0,STY from mass GHSV,0.0850784,1704.31,1823.91,,1176.46,2168.97,4153.97,1920.84,1672.71,1238.65,2210.94,4279.9,1186.31,1228.29,0.04,0.04,0.04,0.04,0.04,0.04,0.04,0.04,0.04,0.04,0,893.251,2679.75,669.938,446.625,55.9672,931.03,2793.09,8.86437,46.6432
10.1016/j.cattod.2019.05.040 | 30 bar | H2/CO2 3 | 2.4 NL/g/h,10.1016/j.cattod.2019.05.040,"Figure 7f, 0.5Ca5P5ZZr-IMP stability at 0 h","0.5Ca5P5ZZr-IMP [Figure 7f, 0.5Ca5P5ZZr-IMP stability at 0 h]",250,30,3,0.095,0.992,0.008,6.93889e-18,STY from mass GHSV,0.0808326,1793.83,1823.91,,926.831,1971.46,4060.73,1710.31,1449.15,992.283,2015.64,4193.27,937.198,981.379,0.008,0.008,0.008,0.008,0.008,0.008,0.008,0.008,0.008,0.008,0,940.169,2820.51,705.127,470.085,58.9069,979.932,2939.8,9.32998,49.0932
10.1016/j.cattod.2019.05.040 | 30 bar | H2/CO2 3 | 2.4 NL/g/h,10.1016/j.cattod.2019.05.040,"Figure 7a-c, 0.5Ca5P5ZZr-IMP at 250 °C and 30 bar","0.5Ca5P5ZZr-IMP [Figure 7a-c, 0.5Ca5P5ZZr-IMP at 250 °C and 30 bar]",250,30,3,0.094,0.992,0.008,0,STY from mass GHSV,0.0799818,1812.91,1823.91,,927.847,1983.59,4095.08,1719.66,1455.72,993.995,2028.24,4229.04,938.324,982.975,0.008,0.008,0.008,0.008,0.008,0.008,0.008,0.008,0.008,0.008,0,950.171,2850.51,712.628,475.086,59.5335,990.357,2971.07,9.42923,49.6155
10.1016/j.cattod.2019.05.040 | 30 bar | H2/CO2 3 | 2.4 NL/g/h,10.1016/j.cattod.2019.05.040,"Figure 7a-c, 5P5ZZr-IMP at 270 °C","5P5ZZr-IMP [Figure 7a-c, 5P5ZZr-IMP at 270 °C]",270,30,3,0.096,0.89,0.11,0,STY from mass GHSV,0.0732846,1978.59,1824.01,,1246.4,2398.69,4703.26,2110.61,1822.54,1318.65,2447.42,4849.46,1257.83,1306.56,0.041,0.041,0.041,0.041,0.041,0.041,0.041,0.041,0.041,0.041,0,1037.06,3111.18,777.795,518.53,65.0305,1080.92,3242.75,10.2909,54.1496
10.1016/j.cattod.2019.05.040 | 30 bar | H2/CO2 3 | 2.4 NL/g/h,10.1016/j.cattod.2019.05.040,"Figure 7f, 0.5Ca5P5ZZr-IMP stability at 20 h","0.5Ca5P5ZZr-IMP [Figure 7f, 0.5Ca5P5ZZr-IMP stability at 20 h]",250,30,3,0.083,0.982,0.018,1.38778e-17,STY from mass GHSV,0.0699103,2074.09,1823.91,,962.917,2170.76,4586.43,1868.8,1566.84,1038.59,2221.84,4739.69,974.903,1025.99,0.01,0.01,0.01,0.01,0.01,0.01,0.01,0.01,0.01,0.01,0,1087.06,3261.17,815.292,543.528,68.1101,1133.03,3399.09,10.7876,56.7632
10.1016/j.cattod.2019.05.040 | 30 bar | H2/CO2 3 | 2.4 NL/g/h,10.1016/j.cattod.2019.05.040,"Figure 7f, 0.5Ca5P5ZZr-IMP stability at 50 h","0.5Ca5P5ZZr-IMP [Figure 7f, 0.5Ca5P5ZZr-IMP stability at 50 h]",250,30,3,0.08,0.985,0.015,1.38778e-17,STY from mass GHSV,0.0675893,2145.31,1823.91,,957.072,2206.39,4705.02,1894.06,1581.73,1035.35,2259.23,4863.54,969.47,1022.31,0.009,0.009,0.009,0.009,0.009,0.009,0.009,0.009,0.009,0.009,0,1124.39,3373.16,843.289,562.193,70.449,1171.94,3515.82,11.1581,58.7125
10.1016/j.cattod.2019.05.040 | 30 bar | H2/CO2 3 | 2.4 NL/g/h,10.1016/j.cattod.2019.05.040,"Figure 7f, 0.5Ca5P5ZZr-IMP stability at 75 h","0.5Ca5P5ZZr-IMP [Figure 7f, 0.5Ca5P5ZZr-IMP stability at 75 h]",250,30,3,0.078,0.983,0.017,1.38778e-17,STY from mass GHSV,0.0657657,2204.8,1823.91,,961.172,2245.13,4813.04,1924.14,1603.15,1041.62,2299.43,4975.95,973.913,1028.22,0.009,0.009,0.009,0.009,0.009,0.009,0.009,0.009,0.009,0.009,0,1155.56,3466.69,866.671,577.781,72.4024,1204.43,3613.3,11.4675,60.3404
10.1016/j.cattod.2019.05.040 | 30 bar | H2/CO2 3 | 2.4 NL/g/h,10.1016/j.cattod.2019.05.040,"Figure 7f, 0.5Ca5P5ZZr-IMP stability at 100 h","0.5Ca5P5ZZr-IMP [Figure 7f, 0.5Ca5P5ZZr-IMP stability at 100 h]",250,30,3,0.077,0.975,0.025,2.08167e-17,STY from mass GHSV,0.0643942,2251.76,1823.91,,985.936,2297.24,4919.85,1969.41,1641.59,1068.1,2352.7,5086.23,998.949,1054.41,0.011,0.011,0.011,0.011,0.011,0.011,0.011,0.011,0.011,0.011,0,1180.17,3540.52,885.13,590.087,73.9445,1230.09,3690.26,11.7117,61.6256
10.1016/j.cattod.2019.05.040 | 30 bar | H2/CO2 3 | 2.4 NL/g/h,10.1016/j.cattod.2019.05.040,"Table 3, 0.5Ca5P5ZZr-IMP at 230 °C","0.5Ca5P5ZZr-IMP [Table 3, 0.5Ca5P5ZZr-IMP at 230 °C]",230,30,3,0.072,1,0,0,STY from mass GHSV,0.0617567,2347.92,1823.91,,922.501,2289.81,5024.42,1947.98,1606.15,1008.17,2347.64,5197.91,936.069,993.898,0.005,0.005,0.005,0.005,0.005,0.005,0.005,0.005,0.005,0.005,0,1230.58,3691.73,922.933,615.289,77.1025,1282.62,3847.87,12.2119,64.2575
10.1016/j.cattod.2019.05.040 | 30 bar | H2/CO2 3 | 2.4 NL/g/h,10.1016/j.cattod.2019.05.040,"Figure 7a-c, 5P5ZZr-IMP at 250 °C and 30 bar","5P5ZZr-IMP [Figure 7a-c, 5P5ZZr-IMP at 250 °C and 30 bar]",250,30,3,0.071,0.96,0.04,3.46945e-17,STY from mass GHSV,0.058463,2480.2,1824.01,,1038.09,2482.5,5371.34,2121.4,1760.29,1128.66,2543.59,5554.6,1052.42,1113.51,0.014,0.014,0.014,0.014,0.014,0.014,0.014,0.014,0.014,0.014,0,1299.98,3899.93,974.982,649.988,81.5171,1354.95,4064.86,12.8999,67.8777
10.1016/j.cattod.2019.05.040 | 30 bar | H2/CO2 3 | 2.4 NL/g/h,10.1016/j.cattod.2019.05.040,"Table 3, 5P5ZZr-IMP at 230 °C","5P5ZZr-IMP [Table 3, 5P5ZZr-IMP at 230 °C]",230,30,3,0.057,1,0,0,STY from mass GHSV,0.0488907,2965.8,1824.01,,945.641,2672.86,6127.3,2241.06,1809.25,1053.95,2745.91,6346.44,962.781,1035.83,0.005,0.005,0.005,0.005,0.005,0.005,0.005,0.005,0.005,0.005,0,1554.5,4663.49,1165.87,777.249,97.4772,1620.24,4860.72,15.4256,81.1674
10.1016/j.cattod.2019.05.040 | 30 bar | H2/CO2 3 | 2.4 NL/g/h,10.1016/j.cattod.2019.05.040,"Figure 7a-c, 0.5Ca5P5ZZr-IMP at 220 °C","0.5Ca5P5ZZr-IMP [Figure 7a-c, 0.5Ca5P5ZZr-IMP at 220 °C]",220,30,3,0.038,1,0,0,STY from mass GHSV,0.0325938,4448.7,1823.91,,999.027,3589.72,8771.09,2942.04,2294.37,1161.35,3699.28,9099.8,1024.74,1134.31,0.005,0.005,0.005,0.005,0.005,0.005,0.005,0.005,0.005,0.005,0,2331.62,6994.86,1748.71,1165.81,146.089,2430.23,7290.7,23.1383,121.751
10.1016/j.cattod.2019.05.040 | 30 bar | H2/CO2 3 | 2.4 NL/g/h,10.1016/j.cattod.2019.05.040,"Figure 7a-c, 5P5ZZr-IMP at 220 °C","5P5ZZr-IMP [Figure 7a-c, 5P5ZZr-IMP at 220 °C]",220,30,3,0.0181,1,0,0,STY from mass GHSV,0.0155249,9339.81,1824.01,,1164.21,6603.52,17482.1,5243.69,3883.86,1505.29,6833.55,18172.2,1218.18,1448.22,0.005,0.005,0.005,0.005,0.005,0.005,0.005,0.005,0.005,0.005,0,4895.38,14686.1,3671.53,2447.69,306.972,5102.41,15307.2,48.5777,255.61
10.1016/j.cattod.2020.05.049 | 41 bar | H2/CO2 3 | 3.6 NL/g/h,10.1016/j.cattod.2020.05.049,Table 1 row 9,Pd-Cu/Ti0.1Zr0.9O2 [Table 1 row 9],249.85,41,3,0.101,0.446,0.554,1.11022e-16,printed STY,0.0715177,2027.47,18.1,unparsed,1551.13,1562.85,1586.28,1559.92,1556.99,1562.85,1612.78,1736.09,1562.85,1612.78,0.069,0.069,0.069,0.069,0.069,0.069,0.069,0.069,0.069,0.069,0,10.5452,31.6355,7.90888,5.27258,10.5452,55.4874,166.462,10.5452,55.4874
10.1016/j.cattod.2020.05.049 | 41 bar | H2/CO2 3 | 3.6 NL/g/h,10.1016/j.cattod.2020.05.049,Table 1 row 8,Pd-Cu/Ti0.2Zr0.8O2 [Table 1 row 8],249.85,41,3,0.093,0.439,0.561,0,printed STY,0.0645967,2244.7,18.1,unparsed,3000.13,3013.11,3039.05,3009.86,3006.62,3013.11,3068.39,3204.91,3013.11,3068.39,0.133,0.133,0.133,0.133,0.133,0.133,0.133,0.133,0.133,0.133,0,11.675,35.025,8.75626,5.8375,11.675,61.4325,184.297,11.675,61.4325
10.1016/j.cattod.2020.05.049 | 41 bar | H2/CO2 3 | 3.6 NL/g/h,10.1016/j.cattod.2020.05.049,Table 1 row 6,Pd-Cu/Ti0.5Zr0.5O2 [Table 1 row 6],249.85,41,3,0.105,0.38,0.62,0,printed STY,0.0611361,2371.76,18.1,unparsed,1329.53,1343.24,1370.65,1339.81,1336.39,1343.24,1401.66,1545.9,1343.24,1401.66,0.052,0.052,0.052,0.052,0.052,0.052,0.052,0.052,0.052,0.052,0,12.3359,37.0076,9.25189,6.16793,12.3359,64.9098,194.729,12.3359,64.9098
10.1016/j.cattod.2020.05.049 | 41 bar | H2/CO2 3 | 3.6 NL/g/h,10.1016/j.cattod.2020.05.049,Table 1 row 5,Pd-Cu/Ti0.8Zr0.2O2 [Table 1 row 5],249.85,41,3,0.134,0.305,0.695,1.11022e-16,printed STY,0.0588291,2464.77,18.1,unparsed,1001.06,1015.31,1043.79,1011.74,1008.18,1015.31,1076.01,1225.91,1015.31,1076.01,0.022,0.022,0.022,0.022,0.022,0.022,0.022,0.022,0.022,0.022,0,12.8196,38.4589,9.61471,6.40981,12.8196,67.4553,202.366,12.8196,67.4553
10.1016/j.cattod.2020.05.049 | 41 bar | H2/CO2 3 | 3.6 NL/g/h,10.1016/j.cattod.2020.05.049,"Figure 7, Pd-Cu/Ti0.1Zr0.9O2, 493 K","Pd-Cu/Ti0.1Zr0.9O2 [Figure 7, Pd-Cu/Ti0.1Zr0.9O2, 493 K]",219.85,41,3,0.064,0.588,0.412,0,printed STY,0.0576756,2514.06,18.1,unparsed,1643.37,1657.89,1686.95,1654.26,1650.63,1657.89,1719.81,1872.71,1657.89,1719.81,0.047,0.047,0.047,0.047,0.047,0.047,0.047,0.047,0.047,0.047,0,13.076,39.228,9.80701,6.538,13.076,68.8044,206.413,13.076,68.8044
10.1016/j.cattod.2020.05.049 | 41 bar | H2/CO2 3 | 3.6 NL/g/h,10.1016/j.cattod.2020.05.049,Table 1 row 7,Pd-Cu/Ti0.3Zr0.7O2 [Table 1 row 7],249.85,41,3,0.117,0.341,0.659,0,printed STY,0.0565221,2565.37,18.1,unparsed,1095.19,1110.01,1139.66,1106.31,1102.6,1110.01,1173.2,1329.22,1110.01,1173.2,0.031,0.031,0.031,0.031,0.031,0.031,0.031,0.031,0.031,0.031,0,13.3429,40.0286,10.0071,6.67143,13.3429,70.2085,210.626,13.3429,70.2085
10.1016/j.cattod.2020.05.049 | 41 bar | H2/CO2 3 | 3.6 NL/g/h,10.1016/j.cattod.2020.05.049,Table 1 row 2,Pd-Cu/Ti0.8Ce0.2O2 [Table 1 row 2],249.85,41,3,0.124,0.271,0.729,0,printed STY,0.047294,3065.93,18.1,unparsed,1046.81,1064.53,1099.97,1060.1,1055.67,1064.53,1140.04,1326.5,1064.53,1140.04,0.026,0.026,0.026,0.026,0.026,0.026,0.026,0.026,0.026,0.026,0,15.9464,47.8391,11.9598,7.97318,15.9464,83.9078,251.723,15.9464,83.9078
10.1016/j.cattod.2020.05.049 | 41 bar | H2/CO2 3 | 3.6 NL/g/h,10.1016/j.cattod.2020.05.049,Table 1 row 10,Pd-Cu/ZrO2-C [Table 1 row 10],249.85,41,3,0.072,0.402,0.598,0,printed STY,0.047294,3065.93,18.1,unparsed,4773.71,4791.43,4826.87,4787,4782.57,4791.43,4866.95,5053.41,4791.43,4866.95,0.136,0.136,0.136,0.136,0.136,0.136,0.136,0.136,0.136,0.136,0,15.9464,47.8391,11.9598,7.97318,15.9464,83.9078,251.723,15.9464,83.9078
10.1016/j.cattod.2020.05.049 | 41 bar | H2/CO2 3 | 3.6 NL/g/h,10.1016/j.cattod.2020.05.049,Table 1 row 3,Pd-Cu/Ti0.2Ce0.8O2 [Table 1 row 3],249.85,41,3,0.085,0.314,0.686,0,printed STY,0.0415264,3491.75,18.1,unparsed,6300.98,6321.16,6361.52,6316.12,6311.07,6321.16,6407.16,6619.52,6321.16,6407.16,0.175,0.175,0.175,0.175,0.175,0.175,0.175,0.175,0.175,0.175,0,18.1611,54.4834,13.6208,9.08056,18.1611,95.5616,286.685,18.1611,95.5616
10.1016/j.cattod.2020.05.049 | 41 bar | H2/CO2 3 | 3.6 NL/g/h,10.1016/j.cattod.2020.05.049,"Figure 7, Pd-Cu/SiO2 benchmark","Pd-Cu/SiO2 [Figure 7, Pd-Cu/SiO2 benchmark]",249.85,41,3,0.066,0.34,0.66,0,printed STY,0.0357589,4054.94,18.1,unparsed,5962.08,5985.51,6032.38,5979.65,5973.79,5985.51,6085.38,6331.99,5985.51,6085.38,0.137,0.137,0.137,0.137,0.137,0.137,0.137,0.137,0.137,0.137,0,21.0903,63.271,15.8178,10.5452,21.0903,110.975,332.924,21.0903,110.975
10.1016/j.cattod.2020.05.049 | 41 bar | H2/CO2 3 | 3.6 NL/g/h,10.1016/j.cattod.2020.05.049,Table 1 row 1,Pd-Cu/TiO2-C [Table 1 row 1],249.85,41,3,0.119,0.189,0.811,1.11022e-16,printed STY,0.0322983,4489.4,18.1,unparsed,1087.17,1113.11,1165,1106.63,1100.14,1113.11,1223.68,1496.72,1113.11,1223.68,0.029,0.029,0.029,0.029,0.029,0.029,0.029,0.029,0.029,0.029,0,23.35,70.05,17.5125,11.675,23.35,122.865,368.595,23.35,122.865
10.1016/j.cattod.2020.05.049 | 41 bar | H2/CO2 3 | 3.6 NL/g/h,10.1016/j.cattod.2020.05.049,Table 1 row 4,Pd-Cu/CeO2-C [Table 1 row 4],249.85,41,3,0.067,0.294,0.706,0,printed STY,0.0299913,4834.73,18.1,unparsed,7094.1,7122.04,7177.92,7115.05,7108.07,7122.04,7241.11,7535.15,7122.04,7241.11,0.147,0.147,0.147,0.147,0.147,0.147,0.147,0.147,0.147,0.147,0,25.1462,75.4385,18.8596,12.5731,25.1462,132.316,396.948,25.1462,132.316
10.1016/j.cej.2022.135090 | 40 bar | H2/CO2 3 | 6 NL/g/h,10.1016/j.cej.2022.135090,"Fig. 2/Fig. 7, In2O3/HZSM-5 = 2:1, 400 °C","In2O3/HZSM-5 [Fig. 2/Fig. 7, In2O3/HZSM-5 = 2:1, 400 °C]",400,40,3,0.25,0.009,0.49,0.501,STY from mass GHSV,0.00482474,30053.4,192.405,assumed,,,,,,,,,,,,,,,,,,,,,,,,,,,,,,
10.1016/j.cej.2022.135090 | 40 bar | H2/CO2 3 | 6 NL/g/h,10.1016/j.cej.2022.135090,"Fig. 2/Fig. 7, In2O3/HZSM-5 = 2:1, 370 °C","In2O3/HZSM-5 [Fig. 2/Fig. 7, In2O3/HZSM-5 = 2:1, 370 °C]",370,40,3,0.21,0.008,0.34,0.652,STY from mass GHSV,0.00360247,40250.1,192.405,assumed,,,,,,,,,,,,,,,,,,,,,,,,,,,,,,
10.1016/j.cej.2022.135090 | 40 bar | H2/CO2 3 | 6 NL/g/h,10.1016/j.cej.2022.135090,"Fig. 2/Fig. 7, In2O3/HZSM-5 = 2:1, 340 °C","In2O3/HZSM-5 [Fig. 2/Fig. 7, In2O3/HZSM-5 = 2:1, 340 °C]",340,40,3,0.14,0.007,0.3,0.693,STY from mass GHSV,0.00210144,69000.2,192.405,assumed,324829,329067,337545,328008,326948,329067,330767,342643,325227,326927,0.336,0.336,0.336,0.336,0.336,0.336,0.336,0.336,0.336,0.336,0,3814.94,11444.8,2861.2,1907.47,3814.94,5344.44,16033.3,358.88,1888.39
10.1016/j.cej.2022.135090 | 40 bar | H2/CO2 3 | 6 NL/g/h,10.1016/j.cej.2022.135090,"Fig. 2/Fig. 7, In2O3/HZSM-5 = 2:1, 320 °C","In2O3/HZSM-5 [Fig. 2/Fig. 7, In2O3/HZSM-5 = 2:1, 320 °C]",320,40,3,0.09,0.005,0.27,0.725,STY from mass GHSV,0.000964948,150267,192.405,assumed,520176,529408,547870,527100,524792,529408,533109,558973,521045,524746,0.246,0.246,0.246,0.246,0.246,0.246,0.246,0.246,0.246,0.246,0,8308.08,24924.2,6231.06,4154.04,8308.08,11639,34917,781.562,4112.48
10.1016/j.cej.2022.135090 | 40 bar | H2/CO2 3 | 6 NL/g/h,10.1016/j.cej.2022.135090,"Fig. 2/Fig. 7, In2O3/HZSM-5 = 2:1, 300 °C","In2O3/HZSM-5 [Fig. 2/Fig. 7, In2O3/HZSM-5 = 2:1, 300 °C]",300,40,3,0.06,0.004,0.24,0.756,STY from mass GHSV,0.000514639,281751,192.405,assumed,713420,730728,765346,726401,722074,730728,737668,786164,715048,721988,0.179,0.179,0.179,0.179,0.179,0.179,0.179,0.179,0.179,0.179,0,15577.7,46733,11683.2,7788.83,15577.7,21823.1,65469.4,1465.43,7710.91
10.1016/j.cej.2022.135090 | 40 bar | H2/CO2 3 | 6 NL/g/h,10.1016/j.cej.2022.135090,"Fig. 2/Fig. 7, In2O3/HZSM-5 = 2:1, 280 °C","In2O3/HZSM-5 [Fig. 2/Fig. 7, In2O3/HZSM-5 = 2:1, 280 °C]",280,40,3,0.035,0.003,0.2,0.797,STY from mass GHSV,0.000225155,644002,192.405,assumed,1.03784e+06,1.0774e+06,1.15652e+06,1.06751e+06,1.05762e+06,1.0774e+06,1.09326e+06,1.20411e+06,1.04156e+06,1.05742e+06,0.113,0.113,0.113,0.113,0.113,0.113,0.113,0.113,0.113,0.113,0,35606.1,106818,26704.6,17803,35606.1,49881.4,149644,3349.55,17624.9
10.1016/j.cej.2022.135090 | 40 bar | H2/CO2 3 | 6 NL/g/h,10.1016/j.cej.2022.135090,"Fig. 2/Fig. 7, In2O3/HZSM-5 = 2:1, 250 °C","In2O3/HZSM-5 [Fig. 2/Fig. 7, In2O3/HZSM-5 = 2:1, 250 °C]",250,40,3,0.015,0.002,0.17,0.828,STY from mass GHSV,6.43299e-05,2.25401e+06,192.405,assumed,1.6871e+06,1.82557e+06,2.10251e+06,1.79095e+06,1.75634e+06,1.82557e+06,1.88109e+06,2.26905e+06,1.70013e+06,1.75564e+06,0.052,0.052,0.052,0.052,0.052,0.052,0.052,0.052,0.052,0.052,0,124621,373864,93465.9,62310.6,124621,174585,523755,11723.4,61687.2
10.1016/j.cej.2024.149370 | 50 bar | H2/CO2 4 | 21 NL/g/h,10.1016/j.cej.2024.149370,"Fig. 1a,b/text, Pd-Pt/In2O3, 300 °C","Pd-Pt/In2O3 [Fig. 1a,b/text, Pd-Pt/In2O3, 300 °C]",300,50,4,0.177,0.69,0.31,0,printed STY,0.73,198.63,701.561,,2029.69,2074.18,2163.16,2063.05,2051.93,2048.75,2079.07,2177.84,2030.83,2035.73,0.141,0.141,0.141,0.141,0.141,0.141,0.141,0.141,0.141,0.141,0,40.0434,120.13,30.0326,20.0217,17.162,44.4464,133.339,1.03311,5.43607
10.1016/j.cej.2024.149370 | 50 bar | H2/CO2 4 | 21 NL/g/h,10.1016/j.cej.2024.149370,"Fig. 1a,b, Pd-Pt/In2O3-n(3:1), 300 °C","Pd-Pt/In2O3-n(3:1) [Fig. 1a,b, Pd-Pt/In2O3-n(3:1), 300 °C]",300,50,4,0.177,0.683,0.317,0,printed STY,0.725,200,675.88,,2067.36,2110.52,2196.83,2099.73,2088.94,2086.47,2115.44,2211.61,2068.51,2073.44,0.144,0.144,0.144,0.144,0.144,0.144,0.144,0.144,0.144,0.144,0,38.8437,116.531,29.1328,19.4218,17.2065,43.277,129.831,1.04023,5.47356
10.1016/j.cej.2024.149370 | 50 bar | H2/CO2 4 | 21 NL/g/h,10.1016/j.cej.2024.149370,"Fig. 1a,b, Pd-Pt/In2O3-n(1:3), 300 °C","Pd-Pt/In2O3-n(1:3) [Fig. 1a,b, Pd-Pt/In2O3-n(1:3), 300 °C]",300,50,4,0.168,0.65,0.35,0,printed STY,0.62,233.871,720.657,,2255.75,2309.56,2417.18,2296.11,2282.65,2278.27,2315.32,2434.47,2257.1,2262.86,0.149,0.149,0.149,0.149,0.149,0.149,0.149,0.149,0.149,0.149,0,48.4313,145.294,36.3235,24.2156,20.271,53.6154,160.846,1.2164,6.40054
10.1016/j.cej.2024.149370 | 50 bar | H2/CO2 4 | 21 NL/g/h,10.1016/j.cej.2024.149370,"Fig. 1a,b, Pd-Pt/In2O3, 280 °C","Pd-Pt/In2O3 [Fig. 1a,b, Pd-Pt/In2O3, 280 °C]",280,50,4,0.127,0.78,0.22,0,printed STY,0.61,237.705,701.561,,1686.67,1739.91,1846.41,1726.6,1713.29,1709.49,1745.77,1863.97,1688.04,1693.9,0.079,0.079,0.079,0.079,0.079,0.079,0.079,0.079,0.079,0.079,0,47.9208,143.762,35.9406,23.9604,20.5381,53.1899,159.57,1.23634,6.50546
10.1016/j.cej.2024.149370 | 50 bar | H2/CO2 4 | 21 NL/g/h,10.1016/j.cej.2024.149370,"Fig. 1a,b, Pd/In2O3, 300 °C","Pd/In2O3 [Fig. 1a,b, Pd/In2O3, 300 °C]",300,50,4,0.148,0.683,0.317,0,printed STY,0.607,238.88,639.501,,2114.73,2163.51,2261.06,2151.31,2139.12,2137.43,2169.39,2278.71,2116.11,2121.99,0.123,0.123,0.123,0.123,0.123,0.123,0.123,0.123,0.123,0.123,0,43.8977,131.693,32.9233,21.9488,20.4266,49.1929,147.579,1.24245,6.53762
10.1016/j.cej.2024.149370 | 50 bar | H2/CO2 4 | 21 NL/g/h,10.1016/j.cej.2024.149370,"Fig. 1a,b, Pt/In2O3, 300 °C","Pt/In2O3 [Fig. 1a,b, Pt/In2O3, 300 °C]",300,50,4,0.158,0.589,0.41,0.001,printed STY,0.558,259.857,735.415,,2650.22,2711.24,2833.27,2695.98,2680.73,2675.31,2717.64,2852.47,2651.72,2658.12,0.161,0.161,0.161,0.161,0.161,0.161,0.161,0.161,0.161,0.161,0,54.9145,164.743,41.1859,27.4572,22.5784,60.6746,182.024,1.35155,7.11171
10.1016/j.cej.2024.149370 | 50 bar | H2/CO2 4 | 21 NL/g/h,10.1016/j.cej.2024.149370,"Fig. 1a,b, Pd-Pt/In2O3-n(3:1), 280 °C","Pd-Pt/In2O3-n(3:1) [Fig. 1a,b, Pd-Pt/In2O3-n(3:1), 280 °C]",280,50,4,0.12,0.77,0.23,0,printed STY,0.53,273.585,675.88,,1740.3,1799.34,1917.41,1784.58,1769.82,1766.45,1806.07,1937.63,1741.88,1748.62,0.078,0.078,0.078,0.078,0.078,0.078,0.078,0.078,0.078,0.078,0,53.1352,159.406,39.8514,26.5676,23.5372,59.1997,177.599,1.42296,7.48742
10.1016/j.cej.2024.149370 | 50 bar | H2/CO2 4 | 21 NL/g/h,10.1016/j.cej.2024.149370,"Fig. 1a,b, Pd-Pt/In2O3-n(1:3), 280 °C","Pd-Pt/In2O3-n(1:3) [Fig. 1a,b, Pd-Pt/In2O3-n(1:3), 280 °C]",280,50,4,0.123,0.76,0.24,0,printed STY,0.53,273.585,720.657,,1774.46,1837.41,1963.31,1821.68,1805.94,1800.81,1844.15,1983.53,1776.04,1782.78,0.082,0.082,0.082,0.082,0.082,0.082,0.082,0.082,0.082,0.082,0,56.6555,169.966,42.4916,28.3277,23.7132,62.7199,188.16,1.42296,7.48742
10.1016/j.cej.2024.149370 | 50 bar | H2/CO2 4 | 21 NL/g/h,10.1016/j.cej.2024.149370,"Fig. 1a,b, Pd/In2O3, 280 °C","Pd/In2O3 [Fig. 1a,b, Pd/In2O3, 280 °C]",280,50,4,0.114,0.75,0.25,0,printed STY,0.52,278.846,639.501,,1840.65,1897.58,2011.45,1883.35,1869.11,1867.14,1904.45,2032.06,1842.26,1849.12,0.08,0.08,0.08,0.08,0.08,0.08,0.08,0.08,0.08,0.08,0,51.2421,153.726,38.4316,25.6211,23.8441,57.4232,172.27,1.45032,7.63141
10.1016/j.cej.2024.149370 | 50 bar | H2/CO2 4 | 21 NL/g/h,10.1016/j.cej.2024.149370,"Fig. 1a,b, Pd-Pt/In2O3, 260 °C","Pd-Pt/In2O3 [Fig. 1a,b, Pd-Pt/In2O3, 260 °C]",260,50,4,0.088,0.85,0.15,0,printed STY,0.49,295.918,701.561,,1431.18,1497.46,1630.03,1480.89,1464.32,1459.59,1504.75,1651.9,1432.89,1440.18,0.04,0.04,0.04,0.04,0.04,0.04,0.04,0.04,0.04,0.04,0,59.6565,178.97,44.7424,29.8283,25.5678,66.216,198.648,1.53912,8.09864
10.1016/j.cej.2024.149370 | 50 bar | H2/CO2 4 | 21 NL/g/h,10.1016/j.cej.2024.149370,"Fig. 1a,b, Pt/In2O3, 280 °C","Pt/In2O3 [Fig. 1a,b, Pt/In2O3, 280 °C]",280,50,4,0.107,0.73,0.27,0,printed STY,0.46,315.217,735.415,,1940.94,2014.96,2162.99,1996.46,1977.95,1971.38,2022.72,2186.28,1942.77,1950.53,0.08,0.08,0.08,0.08,0.08,0.08,0.08,0.08,0.08,0.08,0,66.6136,199.841,49.9602,33.3068,27.3886,73.601,220.803,1.63949,8.62681
10.1016/j.cej.2024.149370 | 50 bar | H2/CO2 4 | 21 NL/g/h,10.1016/j.cej.2024.149370,"Fig. 1a,b, Pd-Pt/In2O3-n(3:1), 260 °C","Pd-Pt/In2O3-n(3:1) [Fig. 1a,b, Pd-Pt/In2O3-n(3:1), 260 °C]",260,50,4,0.09,0.85,0.15,0,printed STY,0.44,329.545,675.88,,1431.73,1502.84,1645.07,1485.06,1467.29,1463.23,1510.96,1669.42,1433.63,1441.75,0.041,0.041,0.041,0.041,0.041,0.041,0.041,0.041,0.041,0.041,0,64.0038,192.011,48.0028,32.0019,28.3517,71.3087,213.926,1.71402,9.01894
10.1016/j.cej.2024.149370 | 50 bar | H2/CO2 4 | 21 NL/g/h,10.1016/j.cej.2024.149370,"Fig. 1a,b, Pd/In2O3, 260 °C","Pd/In2O3 [Fig. 1a,b, Pd/In2O3, 260 °C]",260,50,4,0.082,0.84,0.16,0,printed STY,0.43,337.209,639.501,,1483.37,1552.22,1689.93,1535.01,1517.8,1515.41,1560.53,1714.85,1485.32,1493.63,0.04,0.04,0.04,0.04,0.04,0.04,0.04,0.04,0.04,0.04,0,61.9672,185.902,46.4754,30.9836,28.8347,69.442,208.326,1.75388,9.22868
10.1016/j.cej.2024.149370 | 50 bar | H2/CO2 4 | 21 NL/g/h,10.1016/j.cej.2024.149370,"Fig. 1a,b, Pd-Pt/In2O3-n(1:3), 260 °C","Pd-Pt/In2O3-n(1:3) [Fig. 1a,b, Pd-Pt/In2O3-n(1:3), 260 °C]",260,50,4,0.08,0.84,0.16,0,printed STY,0.43,337.209,720.657,,1484.26,1561.85,1717.03,1542.45,1523.06,1516.74,1570.16,1741.95,1486.21,1494.52,0.039,0.039,0.039,0.039,0.039,0.039,0.039,0.039,0.039,0.039,0,69.8311,209.493,52.3734,34.9156,29.2279,77.306,231.918,1.75388,9.22868
10.1016/j.cej.2024.149370 | 50 bar | H2/CO2 4 | 21 NL/g/h,10.1016/j.cej.2024.149370,"Fig. 1a,b, Pt/In2O3, 260 °C","Pt/In2O3 [Fig. 1a,b, Pt/In2O3, 260 °C]",260,50,4,0.072,0.83,0.17,0,printed STY,0.39,371.795,735.415,,1531.66,1618.96,1793.56,1597.13,1575.31,1567.55,1628.12,1821.03,1533.81,1542.97,0.037,0.037,0.037,0.037,0.037,0.037,0.037,0.037,0.037,0.037,0,78.5699,235.71,58.9274,39.285,32.3045,86.8114,260.434,1.93376,10.1752
10.1016/j.cej.2024.149370 | 50 bar | H2/CO2 4 | 21 NL/g/h,10.1016/j.cej.2024.149370,"Fig. 1a,b, Pd-Pt/In2O3, 240 °C","Pd-Pt/In2O3 [Fig. 1a,b, Pd-Pt/In2O3, 240 °C]",240,50,4,0.069,0.91,0.09,0,printed STY,0.37,391.892,701.561,,1226.19,1313.97,1489.54,1292.02,1270.08,1263.81,1323.62,1518.49,1228.45,1238.1,0.021,0.021,0.021,0.021,0.021,0.021,0.021,0.021,0.021,0.021,0,79.0046,237.014,59.2534,39.5023,33.8601,87.6915,263.075,2.03829,10.7252
10.1016/j.cej.2024.149370 | 50 bar | H2/CO2 4 | 21 NL/g/h,10.1016/j.cej.2024.149370,"Fig. 1a,b, Pd-Pt/In2O3-n(1:3), 240 °C","Pd-Pt/In2O3-n(1:3) [Fig. 1a,b, Pd-Pt/In2O3-n(1:3), 240 °C]",240,50,4,0.06,0.9,0.1,0,printed STY,0.33,439.394,720.657,,1270.54,1371.64,1573.85,1346.37,1321.09,1312.86,1382.46,1606.31,1273.08,1283.9,0.02,0.02,0.02,0.02,0.02,0.02,0.02,0.02,0.02,0.02,0,90.9921,272.976,68.2441,45.4961,38.0849,100.732,302.196,2.28535,12.0253
10.1016/j.cej.2024.149370 | 50 bar | H2/CO2 4 | 21 NL/g/h,10.1016/j.cej.2024.149370,"Fig. 1a,b, Pd-Pt/In2O3-n(3:1), 240 °C","Pd-Pt/In2O3-n(3:1) [Fig. 1a,b, Pd-Pt/In2O3-n(3:1), 240 °C]",240,50,4,0.068,0.91,0.09,0,printed STY,0.32,453.125,675.88,,1216.85,1314.63,1510.2,1290.19,1265.74,1260.16,1325.79,1543.68,1219.47,1230.63,0.02,0.02,0.02,0.02,0.02,0.02,0.02,0.02,0.02,0.02,0,88.0052,264.016,66.0039,44.0026,38.9835,98.0495,294.148,2.35677,12.401
10.1016/j.cej.2024.149370 | 50 bar | H2/CO2 4 | 21 NL/g/h,10.1016/j.cej.2024.149370,"Fig. 1a,b, Pd/In2O3, 240 °C","Pd/In2O3 [Fig. 1a,b, Pd/In2O3, 240 °C]",240,50,4,0.057,0.9,0.1,0,printed STY,0.3,483.333,639.501,,1273.02,1371.71,1569.08,1347.03,1322.36,1318.94,1383.61,1604.8,1275.81,1287.71,0.019,0.019,0.019,0.019,0.019,0.019,0.019,0.019,0.019,0.019,0,88.8196,266.459,66.6147,44.4098,41.3298,99.5335,298.601,2.51389,13.2278
10.1016/j.cej.2024.149370 | 50 bar | H2/CO2 4 | 21 NL/g/h,10.1016/j.cej.2024.149370,"Fig. 1a,b, Pt/In2O3, 240 °C","Pt/In2O3 [Fig. 1a,b, Pt/In2O3, 240 °C]",240,50,4,0.054,0.89,0.11,0,printed STY,0.29,500,735.415,,1303.7,1421.1,1655.91,1391.75,1362.4,1351.97,1433.41,1692.85,1306.59,1318.9,0.019,0.019,0.019,0.019,0.019,0.019,0.019,0.019,0.019,0.019,0,105.663,316.989,79.2473,52.8315,43.444,116.746,350.239,2.60057,13.6839
10.1016/j.cej.2024.149370 | 50 bar | H2/CO2 4 | 21 NL/g/h,10.1016/j.cej.2024.149370,"Fig. 1a,b, Pd-Pt/In2O3, 220 °C","Pd-Pt/In2O3 [Fig. 1a,b, Pd-Pt/In2O3, 220 °C]",220,50,4,0.039,0.98,0.02,0,printed STY,0.24,604.167,701.561,,1020.8,1156.13,1426.79,1122.29,1088.46,1078.8,1171.01,1471.43,1024.29,1039.17,0.005,0.005,0.005,0.005,0.005,0.005,0.005,0.005,0.005,0.005,0,121.799,365.396,91.349,60.8994,52.201,135.191,405.573,3.14236,16.5347
10.1016/j.cej.2024.149370 | 50 bar | H2/CO2 4 | 21 NL/g/h,10.1016/j.cej.2024.149370,"Fig. 1a,b, Pd-Pt/In2O3-n(3:1), 220 °C","Pd-Pt/In2O3-n(3:1) [Fig. 1a,b, Pd-Pt/In2O3-n(3:1), 220 °C]",220,50,4,0.04,0.98,0.02,0,printed STY,0.22,659.091,675.88,,1017.48,1159.72,1444.18,1124.16,1088.6,1080.49,1175.95,1492.88,1021.29,1037.53,0.005,0.005,0.005,0.005,0.005,0.005,0.005,0.005,0.005,0.005,0,128.008,384.023,96.0057,64.0038,56.7033,142.617,427.852,3.42803,18.0379
10.1016/j.cej.2024.149370 | 50 bar | H2/CO2 4 | 21 NL/g/h,10.1016/j.cej.2024.149370,"Fig. 1a,b, Pd-Pt/In2O3-n(1:3), 220 °C","Pd-Pt/In2O3-n(1:3) [Fig. 1a,b, Pd-Pt/In2O3-n(1:3), 220 °C]",220,50,4,0.032,0.98,0.02,0,printed STY,0.22,659.091,720.657,,1056.1,1207.75,1511.06,1169.84,1131.92,1119.57,1223.98,1559.76,1059.91,1076.14,0.005,0.005,0.005,0.005,0.005,0.005,0.005,0.005,0.005,0.005,0,136.488,409.464,102.366,68.2441,57.1273,151.098,453.294,3.42803,18.0379
10.1016/j.cej.2024.149370 | 50 bar | H2/CO2 4 | 21 NL/g/h,10.1016/j.cej.2024.149370,"Fig. 1a,b, Pt/In2O3, 220 °C","Pt/In2O3 [Fig. 1a,b, Pt/In2O3, 220 °C]",220,50,4,0.031,0.98,0.02,0,printed STY,0.21,690.476,735.415,,1062.66,1224.79,1549.05,1184.26,1143.73,1129.32,1241.8,1600.07,1066.65,1083.66,0.005,0.005,0.005,0.005,0.005,0.005,0.005,0.005,0.005,0.005,0,145.916,437.747,109.437,72.9578,59.9941,161.221,483.663,3.59127,18.8968
10.1016/j.cej.2024.149370 | 50 bar | H2/CO2 4 | 21 NL/g/h,10.1016/j.cej.2024.149370,"Fig. 1a,b, Pd/In2O3, 220 °C","Pd/In2O3 [Fig. 1a,b, Pd/In2O3, 220 °C]",220,50,4,0.034,0.98,0.02,0,printed STY,0.17,852.941,639.501,,1046.99,1221.14,1569.45,1177.6,1134.06,1128.03,1242.15,1632.48,1051.92,1072.92,0.005,0.005,0.005,0.005,0.005,0.005,0.005,0.005,0.005,0.005,0,156.741,470.222,117.555,78.3703,72.9349,175.647,526.942,4.43627,23.3431
10.1016/j.fuel.2022.125878 | 30 bar | H2/CO2 3 | 12000 h-1,10.1016/j.fuel.2022.125878,"Fig. 9/text, In13/ZrO2, 573 K","In13/ZrO2 [Fig. 9/text, In13/ZrO2, 573 K]",299.85,30,3,0.127,0.573,0.4249,0.0021,STY from volumetric GHSV (assumed density),0.31209,464.61,62.7606,,2696.77,2706.08,2724.7,2703.75,2701.43,2706.08,2717.53,2759.03,2699.46,2710.9,0.154,0.154,0.154,0.154,0.154,0.154,0.154,0.154,0.154,0.154,0,8.37908,25.1372,6.28431,4.18954,8.37908,18.6779,56.0338,2.4165,12.7153
10.1016/j.fuel.2022.125878 | 30 bar | H2/CO2 3 | 12000 h-1,10.1016/j.fuel.2022.125878,"Fig. 9/text, In13/ZrO2, 553 K","In13/ZrO2 [Fig. 9/text, In13/ZrO2, 553 K]",279.85,30,3,0.079,0.735,0.2637,0.0013,STY from volumetric GHSV (assumed density),0.249021,582.28,62.7606,,1875.57,1887.24,1910.58,1884.32,1881.41,1887.24,1901.58,1953.6,1878.94,1893.28,0.073,0.073,0.073,0.073,0.073,0.073,0.073,0.073,0.073,0.073,0,10.5012,31.5037,7.87592,5.25061,10.5012,23.4084,70.2253,3.02853,15.9357
10.1016/j.fuel.2022.125878 | 30 bar | H2/CO2 3 | 12000 h-1,10.1016/j.fuel.2022.125878,"Figure 9, 533 K","In13/ZrO2 [Figure 9, 533 K]",259.85,30,3,0.045,0.68,0.32,0,STY from volumetric GHSV (assumed density),0.131233,1104.91,62.7606,,2258.42,2280.56,2324.85,2275.03,2269.49,2280.56,2307.78,2406.49,2264.81,2292.02,0.051,0.051,0.051,0.051,0.051,0.051,0.051,0.051,0.051,0.051,0,19.9266,59.7798,14.9449,9.9633,19.9266,44.4187,133.256,5.74678,30.2388
10.1016/j.fuel.2022.125878 | 30 bar | H2/CO2 3 | 12000 h-1,10.1016/j.fuel.2022.125878,"Figure 9, 513 K","In13/ZrO2 [Figure 9, 513 K]",239.85,30,3,0.018,0.9,0.1,0,STY from volumetric GHSV (assumed density),0.0694763,2087.04,62.7606,,1335.1,1376.93,1460.57,1366.47,1356.01,1376.93,1428.33,1614.78,1347.17,1398.57,0.008,0.008,0.008,0.008,0.008,0.008,0.008,0.008,0.008,0.008,0,37.6391,112.917,28.2293,18.8196,37.6391,83.9019,251.706,10.855,57.1178
10.1016/j.fuel.2022.125878 | 30 bar | H2/CO2 3 | 12000 h-1,10.1016/j.fuel.2022.125878,"Figure 10, In1/ZrO2, 573 K","In1/ZrO2 [Figure 10, In1/ZrO2, 573 K]",299.85,30,3,0.058,0.17,0.8283,0.0017,STY from volumetric GHSV (assumed density),0.0422862,3429.02,28.9693,,13311.3,13343,13406.5,13335.1,13327.2,13343,13427.5,13659.8,13331.1,13415.6,0.148,0.148,0.148,0.148,0.148,0.148,0.148,0.148,0.148,0.148,0,28.5449,85.6346,21.4086,14.2724,28.5449,104.555,313.664,17.8348,93.8447
10.1016/j.fuel.2022.125878 | 30 bar | H2/CO2 3 | 12000 h-1,10.1016/j.fuel.2022.125878,"Figure 10, In2O3, 573 K","bulk In2O3 [Figure 10, In2O3, 573 K]",299.85,30,3,0.0105,0.75,0.248,0.002,STY from volumetric GHSV (assumed density),0.0337732,4293.35,282.287,,2069.88,2456.84,3230.76,2360.1,2263.36,2456.84,2562.59,3547.99,2094.7,2200.44,0.01,0.01,0.01,0.01,0.01,0.01,0.01,0.01,0.01,0.01,0,348.263,1044.79,261.197,174.131,348.263,443.432,1330.3,22.3303,117.5
10.1016/j.fuel.2022.125878 | 30 bar | H2/CO2 3 | 12000 h-1,10.1016/j.fuel.2022.125878,"Figure 10, In1/ZrO2, 553 K","In1/ZrO2 [Figure 10, In1/ZrO2, 553 K]",279.85,30,3,0.028,0.28,0.719,0.001,STY from volumetric GHSV (assumed density),0.0336231,4312.51,28.9693,,8178.36,8218.25,8298.02,8208.28,8198.3,8218.25,8324.46,8616.67,8203.28,8309.5,0.068,0.068,0.068,0.068,0.068,0.068,0.068,0.068,0.068,0.068,0,35.8995,107.699,26.9247,17.9498,35.8995,131.494,394.481,22.43,118.024
10.1016/j.fuel.2022.125878 | 30 bar | H2/CO2 3 | 12000 h-1,10.1016/j.fuel.2022.125878,"Fig. 9/text, In13/ZrO2, 493 K","In13/ZrO2 [Fig. 9/text, In13/ZrO2, 493 K]",219.85,30,3,0.006,1,0,0,STY from volumetric GHSV (assumed density),0.025732,5635.02,62.7606,,1672.33,1785.25,2011.08,1757.02,1728.79,1785.25,1924.04,2427.45,1704.9,1843.69,0.005,0.005,0.005,0.005,0.005,0.005,0.005,0.005,0.005,0.005,0,101.626,304.877,76.2192,50.8128,101.626,226.535,679.606,29.3086,154.218
10.1016/j.fuel.2022.125878 | 30 bar | H2/CO2 3 | 12000 h-1,10.1016/j.fuel.2022.125878,"Fig. 10/text, bulk In2O3, 553 K","bulk In2O3 [Fig. 10/text, bulk In2O3, 553 K]",279.85,30,3,0.006,0.82,0.179,0.001,STY from volumetric GHSV (assumed density),0.0211002,6871.97,282.287,,1925.13,2544.5,3783.24,2389.66,2234.82,2544.5,2713.76,4291.01,1964.85,2134.1,0.005,0.005,0.005,0.005,0.005,0.005,0.005,0.005,0.005,0.005,0,557.433,1672.3,418.075,278.716,557.433,709.762,2129.29,35.7422,188.071
10.1016/j.fuel.2022.125878 | 30 bar | H2/CO2 3 | 12000 h-1,10.1016/j.fuel.2022.125878,"Fig. 10/text, In13/CeO2, 553 K","In13/CeO2 [Fig. 10/text, In13/CeO2, 553 K]",279.85,30,3,0.0021,0.804,0.188,0.008,STY from volumetric GHSV (assumed density),0.00724097,20024.9,56.9261,,3751.08,4115.04,4842.98,4024.05,3933.06,4115.04,4608.25,6322.6,3866.8,4360.01,0.005,0.005,0.005,0.005,0.005,0.005,0.005,0.005,0.005,0.005,0,327.569,982.708,245.677,163.785,327.569,771.455,2314.37,104.153,548.039
10.1016/j.fuel.2022.125878 | 30 bar | H2/CO2 3 | 12000 h-1,10.1016/j.fuel.2022.125878,"Figure 10, In13/CeO2, 573 K","In13/CeO2 [Figure 10, In13/CeO2, 573 K]",299.85,30,3,0.0021,0.78,0.208,0.012,STY from volumetric GHSV (assumed density),0.00702482,20641.1,56.9261,,3851.34,4226.5,4976.83,4132.71,4038.92,4226.5,4734.88,6501.98,3970.62,4479,0.005,0.005,0.005,0.005,0.005,0.005,0.005,0.005,0.005,0.005,0,337.648,1012.95,253.236,168.824,337.648,795.193,2385.58,107.357,564.902
10.1016/j.fuel.2022.125878 | 30 bar | H2/CO2 3 | 12000 h-1,10.1016/j.fuel.2022.125878,"Figure 10, ZrO2, 573 K","ZrO2 [Figure 10, ZrO2, 573 K]",299.85,30,3,0.001,0.18,0.8198,0.0002,STY from volumetric GHSV (assumed density),0.000771959,187834,25.8692,,27230.6,28782,31884.9,28394.2,28006.3,28782,33408.3,45763.8,28316.1,32942.4,0.005,0.005,0.005,0.005,0.005,0.005,0.005,0.005,0.005,0.005,0,1396.29,4188.88,1047.22,698.147,1396.29,5559.95,16679.8,976.952,5140.6
10.1016/j.fuel.2022.125878 | 30 bar | H2/CO2 3 | 12000 h-1,10.1016/j.fuel.2022.125878,"Fig. 10/text, In13/CeO2, 493 K selectivity statement","In13/CeO2 [Fig. 10/text, In13/CeO2, 493 K selectivity statement]",219.85,30,3,0.0002,0.85,0.148,0.002,STY from volumetric GHSV (assumed density),0.000729072,198883,56.9261,,27213.9,30828.7,38058.4,29925,29021.3,30828.7,35727.1,52753.6,28363.3,33261.7,0.005,0.005,0.005,0.005,0.005,0.005,0.005,0.005,0.005,0.005,0,3253.34,9760.03,2440.01,1626.67,3253.34,7661.91,22985.7,1034.42,5442.99
10.1016/j.fuel.2022.125878 | 30 bar | H2/CO2 3 | 12000 h-1,10.1016/j.fuel.2022.125878,"Figure 10, In1/CeO2, 553 K","In1/CeO2 [Figure 10, In1/CeO2, 553 K]",279.85,30,3,0.0002,0.65,0.348,0.002,STY from volumetric GHSV (assumed density),0.000557526,260078,15.5738,,35259.3,36552.5,39139,36229.2,35905.9,36552.5,42958.1,58355.8,36762.3,43167.9,0.005,0.005,0.005,0.005,0.005,0.005,0.005,0.005,0.005,0.005,0,1163.91,3491.72,872.929,581.953,1163.91,6928.96,20786.9,1352.7,7117.76
10.1016/j.fuel.2022.125878 | 30 bar | H2/CO2 3 | 12000 h-1,10.1016/j.fuel.2022.125878,"Figure 10, In2O3, 493 K","bulk In2O3 [Figure 10, In2O3, 493 K]",219.85,30,3,0.0002,0.6,0.3995,0.0005,STY from volumetric GHSV (assumed density),0.000514639,281751,282.287,,38101.2,63495.4,114284,57146.9,50798.3,63495.4,70434.8,135102,39729.5,46668.9,0.005,0.005,0.005,0.005,0.005,0.005,0.005,0.005,0.005,0.005,0,22854.8,68564.3,17141.1,11427.4,22854.8,29100.2,87300.7,1465.43,7710.91
10.1016/j.fuel.2022.125878 | 30 bar | H2/CO2 3 | 12000 h-1,10.1016/j.fuel.2022.125878,"Figure 10, In1/CeO2, 573 K","In1/CeO2 [Figure 10, In1/CeO2, 573 K]",299.85,30,3,0.0002,0.39,0.6065,0.0035,STY from volumetric GHSV (assumed density),0.000334515,433463,15.5738,,57951.3,60106.7,64417.4,59567.8,59029,60106.7,70782.7,96445.5,60456.3,71132.3,0.005,0.005,0.005,0.005,0.005,0.005,0.005,0.005,0.005,0.005,0,1939.84,5819.53,1454.88,969.921,1939.84,11548.3,34644.8,2254.51,11862.9
10.1016/j.fuel.2022.125878 | 30 bar | H2/CO2 3 | 12000 h-1,10.1016/j.fuel.2022.125878,"Fig. 10/text, In1/CeO2, 493 K selectivity statement","In1/CeO2 [Fig. 10/text, In1/CeO2, 493 K selectivity statement]",219.85,30,3,0.0001,0.68,0.319,0.001,STY from volumetric GHSV (assumed density),0.000291629,497207,15.5738,,65778,68250.3,73195,67632.2,67014.1,68250.3,80496.3,109933,68651.3,80897.4,0.005,0.005,0.005,0.005,0.005,0.005,0.005,0.005,0.005,0.005,0,2225.11,6675.34,1668.83,1112.56,2225.11,13246.5,39739.6,2586.05,13607.5
10.1016/j.fuel.2023.127927 | 10 bar | H2/CO2 3 | 2.4 NL/g/h,10.1016/j.fuel.2023.127927,"Figure 7b, 0.5Ca-PZC, 10 bar","0.5Ca-PZC [Figure 7b, 0.5Ca-PZC, 10 bar]",230,10,3,0.118,0.952,0.048,0,STY from mass GHSV,0.0963542,1504.87,2928.26,,1069.32,2476.29,5290.24,2124.55,1772.81,1145.55,2513.36,5401.43,1078.02,1115.08,0.017,0.017,0.017,0.017,0.017,0.017,0.017,0.017,0.017,0.017,0,1266.28,3798.83,949.708,633.138,68.6086,1299.63,3898.9,7.82703,41.1849
10.1016/j.fuel.2023.127927 | 20 bar | H2/CO2 3 | 12000 h-1,10.1016/j.fuel.2023.127927,"Text/Figure 7a, 0.5Ca-PZC, GHSV 12000 h−1","0.5Ca-PZC [Text/Figure 7a, 0.5Ca-PZC, GHSV 12000 h−1]",230,20,3,0.079,1,0,0,printed STY,0.3138,462.078,2928.26,,899.854,1331.87,2195.91,1223.87,1115.86,923.261,1343.25,2230.06,902.524,913.905,0.005,0.005,0.005,0.005,0.005,0.005,0.005,0.005,0.005,0.005,0,388.818,1166.45,291.613,194.409,21.0667,399.061,1197.18,2.40334,12.6461
10.1016/j.fuel.2023.127927 | 20 bar | H2/CO2 3 | 2.4 NL/g/h,10.1016/j.fuel.2023.127927,"Table 1, 0.5Ca-PZC","0.5Ca-PZC [Table 1, 0.5Ca-PZC]",230,20,3,0.159,0.947,0.052,0.001,STY from mass GHSV,0.129151,1122.71,2928.26,,937.316,1987,4086.36,1724.58,1462.16,994.189,2014.65,4169.32,943.804,971.456,0.015,0.015,0.015,0.015,0.015,0.015,0.015,0.015,0.015,0.015,0,944.714,2834.14,708.536,472.357,51.1859,969.601,2908.8,5.83941,30.7262
10.1016/j.fuel.2023.127927 | 20 bar | H2/CO2 3 | 2.4 NL/g/h,10.1016/j.fuel.2023.127927,"Table 1, 0.7Ca-PZC","0.7Ca-PZC [Table 1, 0.7Ca-PZC]",230,20,3,0.157,0.94,0.059,0.001,STY from mass GHSV,0.126584,1145.48,2928.26,,937.536,2008.51,4150.44,1740.76,1473.02,995.561,2036.72,4235.08,944.155,972.368,0.015,0.015,0.015,0.015,0.015,0.015,0.015,0.015,0.015,0.015,0,963.873,2891.62,722.904,481.936,52.2228,989.264,2967.79,5.95783,31.3494
10.1016/j.fuel.2023.127927 | 20 bar | H2/CO2 3 | 2.4 NL/g/h,10.1016/j.fuel.2023.127927,"Figure 6A, 250 °C, 0.5Ca-PZC","0.5Ca-PZC [Figure 6A, 250 °C, 0.5Ca-PZC]",250,20,3,0.17,0.84,0.16,0,STY from mass GHSV,0.122484,1183.83,2928.26,,1143.32,2250.14,4463.78,1973.44,1696.73,1203.29,2279.3,4551.25,1150.16,1179.32,0.037,0.037,0.037,0.037,0.037,0.037,0.037,0.037,0.037,0.037,0,996.138,2988.41,747.103,498.069,53.9721,1022.38,3067.14,6.15726,32.3988
10.1016/j.fuel.2023.127927 | 20 bar | H2/CO2 3 | 2.4 NL/g/h,10.1016/j.fuel.2023.127927,"Figure 6A, 250 °C, 0.7Ca-PZC","0.7Ca-PZC [Figure 6A, 250 °C, 0.7Ca-PZC]",250,20,3,0.172,0.82,0.18,0,STY from mass GHSV,0.120974,1198.6,2928.26,,1143.46,2264.09,4505.35,1983.93,1703.78,1204.18,2293.61,4593.91,1150.39,1179.91,0.037,0.037,0.037,0.037,0.037,0.037,0.037,0.037,0.037,0.037,0,1008.57,3025.7,756.425,504.284,54.6444,1035.14,3105.41,6.2341,32.8031
10.1016/j.fuel.2023.127927 | 20 bar | H2/CO2 3 | 2.4 NL/g/h,10.1016/j.fuel.2023.127927,"Figure 6A, 220 °C, 0.7Ca-PZC","0.7Ca-PZC [Figure 6A, 220 °C, 0.7Ca-PZC]",220,20,3,0.144,0.97,0.03,0,STY from mass GHSV,0.119808,1210.27,2928.26,,912.251,2043.79,4306.87,1760.91,1478.02,973.558,2073.6,4396.3,919.245,949.054,0.012,0.012,0.012,0.012,0.012,0.012,0.012,0.012,0.012,0.012,0,1018.39,3055.16,763.79,509.194,55.1764,1045.21,3135.64,6.2948,33.1224
10.1016/j.fuel.2023.127927 | 20 bar | H2/CO2 3 | 2.4 NL/g/h,10.1016/j.fuel.2023.127927,"Figure 6A, 220 °C, 0.5Ca-PZC","0.5Ca-PZC [Figure 6A, 220 °C, 0.5Ca-PZC]",220,20,3,0.14,0.97,0.03,0,STY from mass GHSV,0.11648,1244.85,2928.26,,915.08,2078.95,4406.7,1787.98,1497.02,978.141,2109.61,4498.68,922.274,952.935,0.012,0.012,0.012,0.012,0.012,0.012,0.012,0.012,0.012,0.012,0,1047.49,3142.46,785.614,523.743,56.7542,1075.08,3225.24,6.47465,34.0688
10.1016/j.fuel.2023.127927 | 20 bar | H2/CO2 3 | 2.4 NL/g/h,10.1016/j.fuel.2023.127927,"Figure 6A, 220 °C, PZC","PZC [Figure 6A, 220 °C, PZC]",220,20,3,0.14,0.96,0.04,0,STY from mass GHSV,0.115279,1257.82,2928.27,,915.201,2091.2,4443.2,1797.2,1503.2,978.921,2122.18,4536.14,922.47,953.449,0.012,0.012,0.012,0.012,0.012,0.012,0.012,0.012,0.012,0.012,0,1058.4,3175.2,793.8,529.2,57.3486,1086.28,3258.84,6.54209,34.4237
10.1016/j.fuel.2023.127927 | 20 bar | H2/CO2 3 | 2.4 NL/g/h,10.1016/j.fuel.2023.127927,"Table 1, PZC","PZC [Table 1, PZC]",230,20,3,0.14,0.915,0.084,0.001,STY from mass GHSV,0.109875,1319.68,2928.27,,939.162,2173,4640.67,1864.54,1556.08,1006.02,2205.5,4738.18,946.789,979.292,0.015,0.015,0.015,0.015,0.015,0.015,0.015,0.015,0.015,0.015,0,1110.45,3331.36,832.839,555.226,60.169,1139.7,3419.11,6.86383,36.1167
10.1016/j.fuel.2023.127927 | 20 bar | H2/CO2 3 | 2.4 NL/g/h,10.1016/j.fuel.2023.127927,"Figure 6A, 270 °C, 0.5Ca-PZC","0.5Ca-PZC [Figure 6A, 270 °C, 0.5Ca-PZC]",270,20,3,0.18,0.7,0.3,0,STY from mass GHSV,0.108074,1341.67,2928.26,,2008.88,3263.28,5772.07,2949.68,2636.08,2076.85,3296.32,5871.2,2016.64,2049.68,0.101,0.101,0.101,0.101,0.101,0.101,0.101,0.101,0.101,0.101,0,1128.96,3386.87,846.717,564.478,61.1684,1158.7,3476.09,6.97823,36.7186
10.1016/j.fuel.2023.127927 | 20 bar | H2/CO2 3 | 2.4 NL/g/h,10.1016/j.fuel.2023.127927,"Figure 6A, 250 °C, PZC","PZC [Figure 6A, 250 °C, PZC]",250,20,3,0.16,0.78,0.22,0,STY from mass GHSV,0.107045,1354.57,2928.27,,1144.9,2411.36,4944.28,2094.74,1778.13,1213.52,2444.72,5044.37,1152.72,1186.09,0.037,0.037,0.037,0.037,0.037,0.037,0.037,0.037,0.037,0.037,0,1139.82,3419.45,854.861,569.908,61.76,1169.84,3509.52,7.04533,37.0717
10.1016/j.fuel.2023.127927 | 20 bar | H2/CO2 3 | 2.4 NL/g/h,10.1016/j.fuel.2023.127927,"Figure 6A, 250 °C, 0.3Ca-PZC","0.3Ca-PZC [Figure 6A, 250 °C, 0.3Ca-PZC]",250,20,3,0.14,0.86,0.14,0,STY from mass GHSV,0.103271,1404.07,2928.27,,1145.34,2458.08,5083.56,2129.89,1801.71,1216.47,2492.66,5187.31,1153.45,1188.03,0.037,0.037,0.037,0.037,0.037,0.037,0.037,0.037,0.037,0.037,0,1181.47,3544.4,886.1,590.734,64.0149,1212.59,3637.77,7.3028,38.4264
10.1016/j.fuel.2023.127927 | 20 bar | H2/CO2 3 | 2.4 NL/g/h,10.1016/j.fuel.2023.127927,"Figure 6A, 270 °C, 0.7Ca-PZC","0.7Ca-PZC [Figure 6A, 270 °C, 0.7Ca-PZC]",270,20,3,0.178,0.67,0.33,0,STY from mass GHSV,0.102293,1417.5,2928.26,,2163.63,3488.92,6139.49,3157.59,2826.27,2235.43,3523.83,6244.23,2171.82,2206.73,0.112,0.112,0.112,0.112,0.112,0.112,0.112,0.112,0.112,0.112,0,1192.76,3578.27,894.568,596.379,64.6238,1224.18,3672.54,7.37261,38.7938
10.1016/j.fuel.2023.127927 | 20 bar | H2/CO2 3 | 2.4 NL/g/h,10.1016/j.fuel.2023.127927,"Table 1, 1.0Ca-PZC","1.0Ca-PZC [Table 1, 1.0Ca-PZC]",230,20,3,0.133,0.881,0.119,9.71445e-17,STY from mass GHSV,0.100503,1442.74,2928.26,,933.85,2282.74,4980.52,1945.52,1608.29,1006.93,2318.27,5087.12,942.188,977.722,0.014,0.014,0.014,0.014,0.014,0.014,0.014,0.014,0.014,0.014,0,1214,3642,910.5,607,65.7726,1245.98,3737.94,7.50392,39.4847
10.1016/j.fuel.2023.127927 | 20 bar | H2/CO2 3 | 2.4 NL/g/h,10.1016/j.fuel.2023.127927,"Figure 6A, 270 °C, 0.3Ca-PZC","0.3Ca-PZC [Figure 6A, 270 °C, 0.3Ca-PZC]",270,20,3,0.15,0.78,0.22,0,STY from mass GHSV,0.100355,1444.88,2928.27,,1656.06,3006.95,5708.73,2669.23,2331.51,1729.26,3042.54,5815.49,1664.41,1700,0.074,0.074,0.074,0.074,0.074,0.074,0.074,0.074,0.074,0.074,0,1215.8,3647.4,911.85,607.9,65.8751,1247.83,3743.49,7.51502,39.5431
10.1016/j.fuel.2023.127927 | 20 bar | H2/CO2 3 | 2.4 NL/g/h,10.1016/j.fuel.2023.127927,"Table 1, 0.3Ca-PZC","0.3Ca-PZC [Table 1, 0.3Ca-PZC]",230,20,3,0.119,0.955,0.045,4.16334e-17,STY from mass GHSV,0.0974769,1487.53,2928.27,,947.583,2338.35,5119.89,1990.66,1642.97,1022.94,2374.99,5229.81,956.18,992.817,0.014,0.014,0.014,0.014,0.014,0.014,0.014,0.014,0.014,0.014,0,1251.69,3755.08,938.77,625.847,67.8199,1284.67,3854,7.73687,40.7105
10.1016/j.fuel.2023.127927 | 20 bar | H2/CO2 3 | 2.4 NL/g/h,10.1016/j.fuel.2023.127927,"Figure 6A, 250 °C, 1.0Ca-PZC","1.0Ca-PZC [Figure 6A, 250 °C, 1.0Ca-PZC]",250,20,3,0.156,0.72,0.28,0,STY from mass GHSV,0.0963404,1505.08,2928.26,,1146.22,2553.39,5367.73,2201.6,1849.8,1222.46,2590.46,5478.94,1154.92,1191.99,0.037,0.037,0.037,0.037,0.037,0.037,0.037,0.037,0.037,0.037,0,1266.45,3799.36,949.84,633.227,68.6145,1299.82,3899.45,7.82814,41.1907
10.1016/j.fuel.2023.127927 | 20 bar | H2/CO2 3 | 2.4 NL/g/h,10.1016/j.fuel.2023.127927,"Figure 6A, 220 °C, 1.0Ca-PZC","1.0Ca-PZC [Figure 6A, 220 °C, 1.0Ca-PZC]",220,20,3,0.121,0.91,0.09,0,STY from mass GHSV,0.0944448,1535.29,2928.26,,931.976,2367.39,5238.22,2008.54,1649.68,1009.74,2405.2,5351.66,940.849,978.662,0.012,0.012,0.012,0.012,0.012,0.012,0.012,0.012,0.012,0.012,0,1291.87,3875.62,968.904,645.936,69.9916,1325.9,3977.71,7.98526,42.0175
10.1016/j.fuel.2023.127927 | 20 bar | H2/CO2 3 | 2.4 NL/g/h,10.1016/j.fuel.2023.127927,"Figure 6A, 220 °C, 0.3Ca-PZC","0.3Ca-PZC [Figure 6A, 220 °C, 0.3Ca-PZC]",220,20,3,0.11,0.99,0.01,0,STY from mass GHSV,0.093407,1552.35,2928.27,,927.532,2378.9,5281.64,2016.06,1653.22,1006.17,2417.13,5396.34,936.503,974.737,0.01,0.01,0.01,0.01,0.01,0.01,0.01,0.01,0.01,0.01,0,1306.23,3918.7,979.674,653.116,70.7749,1340.64,4021.93,8.07399,42.4843
10.1016/j.fuel.2023.127927 | 20 bar | H2/CO2 3 | 2.4 NL/g/h,10.1016/j.fuel.2023.127927,"Figure 6A, 270 °C, 1.0Ca-PZC","1.0Ca-PZC [Figure 6A, 270 °C, 1.0Ca-PZC]",270,20,3,0.175,0.61,0.39,0,STY from mass GHSV,0.0915629,1583.61,2928.26,,2491.4,3971.99,6933.18,3601.84,3231.69,2571.61,4010.99,7050.19,2500.55,2539.55,0.133,0.133,0.133,0.133,0.133,0.133,0.133,0.133,0.133,0.133,0,1332.53,3997.6,999.401,666.267,72.1946,1367.64,4102.91,8.2366,43.34
10.1016/j.fuel.2023.127927 | 20 bar | H2/CO2 3 | 2.4 NL/g/h,10.1016/j.fuel.2023.127927,"Figure 6A, 270 °C, PZC","PZC [Figure 6A, 270 °C, PZC]",270,20,3,0.17,0.55,0.45,0,STY from mass GHSV,0.0801979,1808.03,2928.27,,2885.15,4575.57,7956.41,4152.97,3730.36,2976.75,4620.1,8090.01,2895.6,2940.13,0.156,0.156,0.156,0.156,0.156,0.156,0.156,0.156,0.156,0.156,0,1521.38,4564.14,1141.03,760.689,82.4348,1561.46,4684.37,9.40382,49.4817
10.1016/j.fuel.2023.127927 | 20 bar | H2/CO2 3 | 3600 h-1,10.1016/j.fuel.2023.127927,"Figure 7a, 0.5Ca-PZC, GHSV 3600 h−1","0.5Ca-PZC [Figure 7a, 0.5Ca-PZC, GHSV 3600 h−1]",230,20,3,0.142,0.968,0.032,0,STY from volumetric GHSV (assumed density),0.176851,819.901,2928.26,,927.549,1694.12,3227.25,1502.47,1310.83,969.083,1714.31,3287.83,932.287,952.481,0.014,0.014,0.014,0.014,0.014,0.014,0.014,0.014,0.014,0.014,0,689.91,2069.73,517.433,344.955,37.3803,708.085,2124.25,4.26443,22.4389
10.1016/j.fuel.2023.127927 | 20 bar | H2/CO2 3 | 6000 h-1,10.1016/j.fuel.2023.127927,"Figure 7a, 0.5Ca-PZC, GHSV 6000 h−1","0.5Ca-PZC [Figure 7a, 0.5Ca-PZC, GHSV 6000 h−1]",230,20,3,0.105,0.982,0.018,0,STY from volumetric GHSV (assumed density),0.221102,655.806,2928.26,,946.822,1559.97,2786.26,1406.68,1253.4,980.043,1576.12,2834.72,950.612,966.765,0.013,0.013,0.013,0.013,0.013,0.013,0.013,0.013,0.013,0.013,0,551.832,1655.5,413.874,275.916,29.899,566.369,1699.11,3.41095,17.948
10.1016/j.fuel.2023.127927 | 30 bar | H2/CO2 3 | 2.4 NL/g/h,10.1016/j.fuel.2023.127927,"Figure 7b, 0.5Ca-PZC, 30 bar","0.5Ca-PZC [Figure 7b, 0.5Ca-PZC, 30 bar]",230,30,3,0.151,0.923,0.063,0.014,STY from mass GHSV,0.119545,1212.94,2928.26,,993.565,2127.6,4395.67,1844.09,1560.58,1055.01,2157.47,4485.29,1000.57,1030.45,0.026,0.026,0.026,0.026,0.026,0.026,0.026,0.026,0.026,0.026,0,1020.63,3061.89,765.474,510.316,55.2992,1047.52,3142.55,6.30866,33.1954
10.1016/j.fuel.2023.127927 | 40 bar | H2/CO2 3 | 2.4 NL/g/h,10.1016/j.fuel.2023.127927,"Figure 7b, 0.5Ca-PZC, 40 bar","0.5Ca-PZC [Figure 7b, 0.5Ca-PZC, 40 bar]",230,40,3,0.137,0.908,0.086,0.006,STY from mass GHSV,0.106698,1358.97,2928.26,,973.374,2243.94,4785.08,1926.3,1608.66,1042.22,2277.42,4885.5,981.227,1014.7,0.019,0.019,0.019,0.019,0.019,0.019,0.019,0.019,0.019,0.019,0,1143.51,3430.54,857.635,571.757,61.9571,1173.64,3520.91,7.06821,37.1921
10.1016/j.fuel.2023.127927 | 5 bar | H2/CO2 3 | 2.4 NL/g/h,10.1016/j.fuel.2023.127927,"Figure 7b, 0.5Ca-PZC, 5 bar","0.5Ca-PZC [Figure 7b, 0.5Ca-PZC, 5 bar]",230,5,3,0.084,0.945,0.055,0,printed STY,0.06266,2314.08,2928.26,,1202.85,3366.4,7693.49,2825.51,2284.62,1320.07,3423.39,7864.47,1216.22,1273.22,0.01,0.01,0.01,0.01,0.01,0.01,0.01,0.01,0.01,0.01,0,1947.19,5841.58,1460.39,973.596,105.501,1998.49,5995.46,12.0359,63.3312
10.1016/j.fuel.2023.127927 | 50 bar | H2/CO2 3 | 2.4 NL/g/h,10.1016/j.fuel.2023.127927,"Figure 7b, 0.5Ca-PZC, 50 bar","0.5Ca-PZC [Figure 7b, 0.5Ca-PZC, 50 bar]",230,50,3,0.101,0.88,0.12,0,STY from mass GHSV,0.0762352,1902.01,2928.26,,1012.43,2790.72,6347.28,2346.15,1901.57,1108.78,2837.56,6487.82,1023.42,1070.27,0.017,0.017,0.017,0.017,0.017,0.017,0.017,0.017,0.017,0.017,0,1600.46,4801.37,1200.34,800.228,86.7148,1642.62,4927.85,9.89263,52.0538
10.1016/j.fuel.2023.128376 | 50 bar | H2/CO2 4 | 24 NL/g/h,10.1016/j.fuel.2023.128376,"Fig. 1/text, 5.0% Zn-CdZrOx, 320℃","5.0% Zn-CdZrOx [Fig. 1/text, 5.0% Zn-CdZrOx, 320℃]",320,50,4,0.0852,0.8082,0.1818,0.01,printed STY,0.375,386.667,23.8471,,1615.42,1618.36,1624.25,1617.62,1616.89,1618.36,1627.88,1652.82,1617.65,1627.17,0.048,0.048,0.048,0.048,0.048,0.048,0.048,0.048,0.048,0.048,0,2.64968,7.94903,1.98726,1.32484,2.64968,11.2208,33.6624,2.01111,10.5822
10.1016/j.fuel.2023.128376 | 50 bar | H2/CO2 4 | 24 NL/g/h,10.1016/j.fuel.2023.128376,"Fig. 1/text, 5.0% Zn-CdZrOx, 300℃","5.0% Zn-CdZrOx [Fig. 1/text, 5.0% Zn-CdZrOx, 300℃]",300,50,4,0.064,0.84,0.16,0,printed STY,0.285,508.772,23.8471,,1493.85,1497.73,1505.47,1496.76,1495.79,1497.73,1510.26,1543.07,1496.79,1509.32,0.031,0.031,0.031,0.031,0.031,0.031,0.031,0.031,0.031,0.031,0,3.48642,10.4592,2.61481,1.74321,3.48642,14.7642,44.2926,2.6462,13.924
10.1016/j.fuel.2023.128376 | 50 bar | H2/CO2 4 | 24 NL/g/h,10.1016/j.fuel.2023.128376,"Fig. 1/text, 5.0% Zn-CdZrOx, 340℃","5.0% Zn-CdZrOx [Fig. 1/text, 5.0% Zn-CdZrOx, 340℃]",340,50,4,0.09,0.5,0.5,0,printed STY,0.23,630.435,23.8471,,3648.01,3652.81,3662.41,3651.61,3650.41,3652.81,3668.33,3708.99,3651.65,3667.18,0.117,0.117,0.117,0.117,0.117,0.117,0.117,0.117,0.117,0.117,0,4.32012,12.9604,3.24009,2.16006,4.32012,18.2948,54.8843,3.27899,17.2536
10.1016/j.fuel.2023.128376 | 50 bar | H2/CO2 4 | 24 NL/g/h,10.1016/j.fuel.2023.128376,"Fig. 1/text, 5.0% Zn-CdZrOx, 280℃","5.0% Zn-CdZrOx [Fig. 1/text, 5.0% Zn-CdZrOx, 280℃]",280,50,4,0.042,0.87,0.13,0,printed STY,0.2,725,23.8471,,1419.59,1425.11,1436.15,1423.73,1422.35,1425.11,1442.97,1489.72,1423.78,1441.64,0.018,0.018,0.018,0.018,0.018,0.018,0.018,0.018,0.018,0.018,0,4.96814,14.9044,3.72611,2.48407,4.96814,21.039,63.1169,3.77083,19.8417
10.1016/j.fuel.2023.128376 | 50 bar | H2/CO2 4 | 24 NL/g/h,10.1016/j.fuel.2023.128376,"Fig. 1, 13.0% Zn-CdZrOx, 320℃","13.0% Zn-CdZrOx [Fig. 1, 13.0% Zn-CdZrOx, 320℃]",320,50,4,0.039,0.9,0.1,0,printed STY,0.19,763.158,22.7793,,1290.63,1296.18,1307.28,1294.79,1293.4,1296.18,1314.97,1363.67,1295.04,1313.83,0.013,0.013,0.013,0.013,0.013,0.013,0.013,0.013,0.013,0.013,0,4.99546,14.9864,3.74659,2.49773,4.99546,21.9121,65.7364,3.9693,20.886
10.1016/j.fuel.2023.128376 | 50 bar | H2/CO2 4 | 24 NL/g/h,10.1016/j.fuel.2023.128376,"Text, 7.5% Zn-CdZrOx, 320℃","7.5% Zn-CdZrOx [Text, 7.5% Zn-CdZrOx, 320℃]",320,50,4,0.042,0.7912,0.2016,0.0072,printed STY,0.187,775.401,23.5134,,1775.56,1781.39,1793.03,1779.93,1778.48,1781.39,1800.48,1850.32,1780.05,1799.14,0.027,0.027,0.027,0.027,0.027,0.027,0.027,0.027,0.027,0.027,0,5.23917,15.7175,3.92938,2.61958,5.23917,22.4272,67.2817,4.03298,21.221
10.1016/j.fuel.2023.128376 | 50 bar | H2/CO2 4 | 24 NL/g/h,10.1016/j.fuel.2023.128376,"Fig. 1/text, 5.0% Zn-CdZrOx, 360℃","5.0% Zn-CdZrOx [Fig. 1/text, 5.0% Zn-CdZrOx, 360℃]",360,50,4,0.096,0.36,0.64,0,printed STY,0.185,783.784,23.8471,,5580.02,5585.99,5597.93,5584.5,5583.01,5585.99,5605.29,5655.84,5584.55,5603.86,0.152,0.152,0.152,0.152,0.152,0.152,0.152,0.152,0.152,0.152,0,5.37096,16.1129,4.02822,2.68548,5.37096,22.7448,68.2345,4.07658,21.4505
10.1016/j.fuel.2023.128376 | 50 bar | H2/CO2 4 | 24 NL/g/h,10.1016/j.fuel.2023.128376,"Fig. 1, 0% Zn-CdZrOx, 320℃","0% Zn-CdZrOx [Fig. 1, 0% Zn-CdZrOx, 320℃]",320,50,4,0.044,0.76,0.24,0,printed STY,0.15,966.667,24.5145,,1897.82,1905.39,1920.52,1903.49,1901.6,1905.39,1929.19,1991.94,1903.41,1927.21,0.031,0.031,0.031,0.031,0.031,0.031,0.031,0.031,0.031,0.031,0,6.80957,20.4287,5.10718,3.40479,6.80957,28.2373,84.712,5.02778,26.4556
10.1016/j.fuel.2023.128376 | 50 bar | H2/CO2 4 | 24 NL/g/h,10.1016/j.fuel.2023.128376,"Fig. 1, 13.0% Zn-CdZrOx, 300℃","13.0% Zn-CdZrOx [Fig. 1, 13.0% Zn-CdZrOx, 300℃]",300,50,4,0.028,0.94,0.03,0.03,printed STY,0.15,966.667,22.7793,,1169.82,1176.86,1190.92,1175.1,1173.34,1176.86,1200.66,1262.34,1175.41,1199.22,0.006,0.006,0.006,0.006,0.006,0.006,0.006,0.006,0.006,0.006,0,6.32758,18.9827,4.74568,3.16379,6.32758,27.7554,83.2661,5.02778,26.4556
10.1016/j.fuel.2023.128376 | 50 bar | H2/CO2 4 | 24 NL/g/h,10.1016/j.fuel.2023.128376,"Fig. 1, 13.0% Zn-CdZrOx, 340℃","13.0% Zn-CdZrOx [Fig. 1, 13.0% Zn-CdZrOx, 340℃]",340,50,4,0.048,0.48,0.49,0.03,printed STY,0.135,1074.07,22.7793,,4173.52,4181.33,4196.95,4179.38,4177.42,4181.33,4207.78,4276.32,4179.73,4206.18,0.069,0.069,0.069,0.069,0.069,0.069,0.069,0.069,0.069,0.069,0,7.03064,21.0919,5.27298,3.51532,7.03064,30.8393,92.5179,5.58642,29.3951
10.1016/j.fuel.2023.128376 | 50 bar | H2/CO2 4 | 24 NL/g/h,10.1016/j.fuel.2023.128376,"Fig. 1, 0% Zn-CdZrOx, 300℃","0% Zn-CdZrOx [Fig. 1, 0% Zn-CdZrOx, 300℃]",300,50,4,0.026,0.85,0.15,2.77556e-17,printed STY,0.12,1208.33,24.5145,,1549.66,1559.11,1578.03,1556.75,1554.39,1559.11,1588.88,1667.31,1556.64,1586.4,0.013,0.013,0.013,0.013,0.013,0.013,0.013,0.013,0.013,0.013,0,8.51196,25.5359,6.38397,4.25598,8.51196,35.2967,105.89,6.28472,33.0694
10.1016/j.fuel.2023.128376 | 50 bar | H2/CO2 4 | 24 NL/g/h,10.1016/j.fuel.2023.128376,"Fig. 1, 0% Zn-CdZrOx, 340℃","0% Zn-CdZrOx [Fig. 1, 0% Zn-CdZrOx, 340℃]",340,50,4,0.055,0.47,0.5,0.03,printed STY,0.11,1318.18,24.5145,,4233.53,4243.85,4264.48,4241.27,4238.69,4243.85,4276.31,4361.88,4241.15,4273.61,0.079,0.079,0.079,0.079,0.079,0.079,0.079,0.079,0.079,0.079,0,9.28578,27.8573,6.96433,4.64289,9.28578,38.5055,115.516,6.85606,36.0758
10.1016/j.fuel.2023.128376 | 50 bar | H2/CO2 4 | 24 NL/g/h,10.1016/j.fuel.2023.128376,"Fig. 1, 13.0% Zn-CdZrOx, 280℃","13.0% Zn-CdZrOx [Fig. 1, 13.0% Zn-CdZrOx, 280℃]",280,50,4,0.019,0.97,0.01,0.02,printed STY,0.1,1450,22.7793,,1214.34,1224.89,1245.98,1222.25,1219.61,1224.89,1260.6,1353.12,1222.72,1258.43,0.005,0.005,0.005,0.005,0.005,0.005,0.005,0.005,0.005,0.005,0,9.49137,28.4741,7.11853,4.74568,9.49137,41.633,124.899,7.54167,39.6833
10.1016/j.fuel.2023.128376 | 50 bar | H2/CO2 4 | 24 NL/g/h,10.1016/j.fuel.2023.128376,"Fig. 1, 13.0% Zn-CdZrOx, 360℃","13.0% Zn-CdZrOx [Fig. 1, 13.0% Zn-CdZrOx, 360℃]",360,50,4,0.064,0.28,0.72,0,printed STY,0.1,1450,22.7793,,7998.35,8008.9,8029.99,8006.26,8003.62,8008.9,8044.61,8137.13,8006.73,8042.44,0.118,0.118,0.118,0.118,0.118,0.118,0.118,0.118,0.118,0.118,0,9.49137,28.4741,7.11853,4.74568,9.49137,41.633,124.899,7.54167,39.6833
10.1016/j.fuel.2023.128376 | 50 bar | H2/CO2 4 | 24 NL/g/h,10.1016/j.fuel.2023.128376,"Fig. 1, 0% Zn-CdZrOx, 360℃","0% Zn-CdZrOx [Fig. 1, 0% Zn-CdZrOx, 360℃]",360,50,4,0.07,0.21,0.78,0.01,printed STY,0.045,3222.22,24.5145,,11114.6,11139.8,11190.3,11133.5,11127.2,11139.8,11219.2,11428.4,11133.2,11212.6,0.139,0.139,0.139,0.139,0.139,0.139,0.139,0.139,0.139,0.139,0,22.6986,68.0957,17.0239,11.3493,22.6986,94.1245,282.373,16.7593,88.1852
10.1016/j.fuel.2023.128376 | 50 bar | H2/CO2 4 | 24 NL/g/h,10.1016/j.fuel.2023.128376,"Text, 20.0% Zn-CdZrOx, 320℃","20.0% Zn-CdZrOx [Text, 20.0% Zn-CdZrOx, 320℃]",320,50,4,0.0158,0.5246,0.47,0.0054,printed STY,0.045,3222.22,21.845,,3886.68,3909.16,3954.1,3903.54,3897.92,3909.16,3988.52,4192.19,3905.3,3984.67,0.022,0.022,0.022,0.022,0.022,0.022,0.022,0.022,0.022,0.022,0,20.2268,60.6805,15.1701,10.1134,20.2268,91.6527,274.958,16.7593,88.1852
10.1016/j.fuel.2023.128376 | 50 bar | H2/CO2 4 | 24 NL/g/h,10.1016/j.fuel.2023.128376,"Fig. 1, 0% Zn-CdZrOx, 280℃","0% Zn-CdZrOx [Fig. 1, 0% Zn-CdZrOx, 280℃]",280,50,4,0.009,0.88,0.12,0,printed STY,0.035,4142.86,24.5145,,1672.12,1704.55,1769.4,1696.44,1688.34,1704.55,1806.59,2075.51,1696.06,1798.1,0.005,0.005,0.005,0.005,0.005,0.005,0.005,0.005,0.005,0.005,0,29.1839,87.5516,21.8879,14.5919,29.1839,121.017,363.052,21.5476,113.381
10.1016/j.fuel.2023.128376 | 50 bar | H2/CO2 4 | 24000 h-1,10.1016/j.fuel.2023.128376,"SI Figure S1, 10.0% Zn-CdZrOx, 320 °C","10.0% Zn-CdZrOx [SI Figure S1, 10.0% Zn-CdZrOx, 320 °C]",320,50,4,0.048,0.75,0.25,0,STY from volumetric GHSV (assumed density) (printed STY inconsistent with X*S*F),0.247027,586.981,23.1797,,1938.09,1942.44,1951.12,1941.35,1940.26,1942.44,1956.89,1994.5,1941.48,1955.94,0.035,0.035,0.035,0.035,0.035,0.035,0.035,0.035,0.035,0.035,0,3.90978,11.7294,2.93234,1.95489,3.90978,16.9212,50.7636,3.05298,16.0644
10.1016/j.fuel.2023.128376 | 50 bar | H2/CO2 4 | 24000 h-1,10.1016/j.fuel.2023.128376,"SI Figure S1, 10.0% Zn-CdZrOx, 300 °C","10.0% Zn-CdZrOx [SI Figure S1, 10.0% Zn-CdZrOx, 300 °C]",300,50,4,0.04,0.86,0.14,0,STY from volumetric GHSV (assumed density) (printed STY inconsistent with X*S*F),0.236048,614.282,23.1797,,1454.83,1459.38,1468.47,1458.24,1457.1,1459.38,1474.51,1513.86,1458.38,1473.51,0.018,0.018,0.018,0.018,0.018,0.018,0.018,0.018,0.018,0.018,0,4.09163,12.2749,3.06873,2.04582,4.09163,17.7082,53.1247,3.19497,16.8116
10.1016/j.fuel.2023.128376 | 50 bar | H2/CO2 4 | 24000 h-1,10.1016/j.fuel.2023.128376,"SI Figure S1, 10.0% Zn-CdZrOx, 340 °C","10.0% Zn-CdZrOx [SI Figure S1, 10.0% Zn-CdZrOx, 340 °C]",340,50,4,0.059,0.56,0.43,0.01,STY from volumetric GHSV (assumed density) (printed STY inconsistent with X*S*F),0.226716,639.568,23.1797,,3212.18,3216.92,3226.38,3215.73,3214.55,3216.92,3232.67,3273.64,3215.88,3231.63,0.071,0.071,0.071,0.071,0.071,0.071,0.071,0.071,0.071,0.071,0,4.26005,12.7802,3.19504,2.13003,4.26005,18.4371,55.3114,3.32649,17.5036
10.1016/j.fuel.2023.128376 | 50 bar | H2/CO2 4 | 24000 h-1,10.1016/j.fuel.2023.128376,"SI Figure S1, 7.5% Zn-CdZrOx, 340 °C","7.5% Zn-CdZrOx [SI Figure S1, 7.5% Zn-CdZrOx, 340 °C]",340,50,4,0.053,0.55,0.45,0,STY from volumetric GHSV (assumed density) (printed STY inconsistent with X*S*F),0.200023,724.916,23.5134,,3333.78,3339.22,3350.1,3337.86,3336.5,3339.22,3357.07,3403.67,3337.97,3355.82,0.066,0.066,0.066,0.066,0.066,0.066,0.066,0.066,0.066,0.066,0,4.89806,14.6942,3.67354,2.44903,4.89806,20.967,62.9011,3.7704,19.8394
10.1016/j.fuel.2023.128376 | 50 bar | H2/CO2 4 | 24000 h-1,10.1016/j.fuel.2023.128376,"SI Figure S1, 2.5% Zn-CdZrOx, 320 °C","2.5% Zn-CdZrOx [SI Figure S1, 2.5% Zn-CdZrOx, 320 °C]",320,50,4,0.046,0.62,0.38,0,STY from volumetric GHSV (assumed density) (printed STY inconsistent with X*S*F),0.1957,740.93,24.1808,,2788.11,2793.83,2805.27,2792.4,2790.97,2793.83,2812.08,2860.02,2792.39,2810.64,0.05,0.05,0.05,0.05,0.05,0.05,0.05,0.05,0.05,0.05,0,5.14835,15.445,3.86126,2.57417,5.14835,21.5723,64.7169,3.85369,20.2776
10.1016/j.fuel.2023.128376 | 50 bar | H2/CO2 4 | 24000 h-1,10.1016/j.fuel.2023.128376,"SI Figure S1, 7.5% Zn-CdZrOx, 360 °C","7.5% Zn-CdZrOx [SI Figure S1, 7.5% Zn-CdZrOx, 360 °C]",360,50,4,0.063,0.42,0.57,0.01,STY from volumetric GHSV (assumed density) (printed STY inconsistent with X*S*F),0.181565,798.614,23.5134,,4849.78,4855.77,4867.76,4854.27,4852.77,4855.77,4875.44,4926.77,4854.39,4874.06,0.097,0.097,0.097,0.097,0.097,0.097,0.097,0.097,0.097,0.097,0,5.39601,16.188,4.04701,2.69801,5.39601,23.0986,69.2958,4.15371,21.8563
10.1016/j.fuel.2023.128376 | 50 bar | H2/CO2 4 | 24000 h-1,10.1016/j.fuel.2023.128376,"SI Figure S1, 10.0% Zn-CdZrOx, 280 °C","10.0% Zn-CdZrOx [SI Figure S1, 10.0% Zn-CdZrOx, 280 °C]",280,50,4,0.028,0.91,0.08,0.01,STY from volumetric GHSV (assumed density) (printed STY inconsistent with X*S*F),0.17484,829.329,23.1797,,1290.88,1297.02,1309.29,1295.48,1293.95,1297.02,1317.44,1370.57,1295.67,1316.1,0.009,0.009,0.009,0.009,0.009,0.009,0.009,0.009,0.009,0.009,0,5.52403,16.5721,4.14302,2.76201,5.52403,23.9075,71.7225,4.31347,22.6969
10.1016/j.fuel.2023.128376 | 50 bar | H2/CO2 4 | 24000 h-1,10.1016/j.fuel.2023.128376,"SI Figure S1, 7.5% Zn-CdZrOx, 300 °C","7.5% Zn-CdZrOx [SI Figure S1, 7.5% Zn-CdZrOx, 300 °C]",300,50,4,0.031,0.82,0.17,0.01,STY from volumetric GHSV (assumed density) (printed STY inconsistent with X*S*F),0.174428,831.287,23.5134,,1638.88,1645.12,1657.6,1643.56,1642,1645.12,1665.6,1719.03,1643.69,1664.16,0.017,0.017,0.017,0.017,0.017,0.017,0.017,0.017,0.017,0.017,0,5.61678,16.8503,4.21258,2.80839,5.61678,24.0436,72.1309,4.32365,22.7505
10.1016/j.fuel.2023.128376 | 50 bar | H2/CO2 4 | 24000 h-1,10.1016/j.fuel.2023.128376,"SI Figure S1, 2.5% Zn-CdZrOx, 300 °C","2.5% Zn-CdZrOx [SI Figure S1, 2.5% Zn-CdZrOx, 300 °C]",300,50,4,0.034,0.72,0.28,0,STY from volumetric GHSV (assumed density) (printed STY inconsistent with X*S*F),0.167978,863.207,24.1808,,2146.78,2153.44,2166.77,2151.78,2150.11,2153.44,2174.7,2230.55,2151.77,2173.03,0.028,0.028,0.028,0.028,0.028,0.028,0.028,0.028,0.028,0.028,0,5.99799,17.994,4.49849,2.999,5.99799,25.1324,75.3973,4.48967,23.6241
10.1016/j.fuel.2023.128376 | 50 bar | H2/CO2 4 | 24000 h-1,10.1016/j.fuel.2023.128376,"SI Figure S1, 2.5% Zn-CdZrOx, 340 °C","2.5% Zn-CdZrOx [SI Figure S1, 2.5% Zn-CdZrOx, 340 °C]",340,50,4,0.054,0.45,0.55,0,STY from volumetric GHSV (assumed density) (printed STY inconsistent with X*S*F),0.166743,869.601,24.1808,,4449.52,4456.23,4469.66,4454.55,4452.88,4456.23,4477.65,4533.91,4454.54,4475.96,0.08,0.08,0.08,0.08,0.08,0.08,0.08,0.08,0.08,0.08,0,6.04242,18.1273,4.53182,3.02121,6.04242,25.3186,75.9558,4.52293,23.7991
10.1016/j.fuel.2023.128376 | 50 bar | H2/CO2 4 | 24000 h-1,10.1016/j.fuel.2023.128376,"SI Figure S1, 10.0% Zn-CdZrOx, 360 °C","10.0% Zn-CdZrOx [SI Figure S1, 10.0% Zn-CdZrOx, 360 °C]",360,50,4,0.073,0.33,0.67,0,STY from volumetric GHSV (assumed density) (printed STY inconsistent with X*S*F),0.165302,877.182,23.1797,,6466.49,6472.99,6485.97,6471.36,6469.74,6472.99,6494.59,6550.78,6471.56,6493.17,0.125,0.125,0.125,0.125,0.125,0.125,0.125,0.125,0.125,0.125,0,5.84277,17.5283,4.38207,2.92138,5.84277,25.287,75.8609,4.56235,24.0066
10.1016/j.fuel.2023.128376 | 50 bar | H2/CO2 4 | 24000 h-1,10.1016/j.fuel.2023.128376,"SI Figure S1, 7.5% Zn-CdZrOx, 280 °C","7.5% Zn-CdZrOx [SI Figure S1, 7.5% Zn-CdZrOx, 280 °C]",280,50,4,0.02,0.83,0.15,0.02,STY from volumetric GHSV (assumed density) (printed STY inconsistent with X*S*F),0.113907,1272.97,23.5134,,1663.98,1673.53,1692.65,1671.14,1668.75,1673.53,1704.88,1786.7,1671.33,1702.68,0.011,0.011,0.011,0.011,0.011,0.011,0.011,0.011,0.011,0.011,0,8.60111,25.8033,6.45083,4.30056,8.60111,36.8186,110.456,6.62091,34.8384
10.1016/j.fuel.2023.128376 | 50 bar | H2/CO2 4 | 24000 h-1,10.1016/j.fuel.2023.128376,"SI Figure S1, 2.5% Zn-CdZrOx, 280 °C","2.5% Zn-CdZrOx [SI Figure S1, 2.5% Zn-CdZrOx, 280 °C]",280,50,4,0.018,0.76,0.23,0.01,STY from volumetric GHSV (assumed density) (printed STY inconsistent with X*S*F),0.0938702,1544.69,24.1808,,1989.05,2000.98,2024.83,1998,1995.01,2000.98,2039.02,2138.96,1997.98,2036.02,0.013,0.013,0.013,0.013,0.013,0.013,0.013,0.013,0.013,0.013,0,10.7332,32.1997,8.04994,5.36662,10.7332,44.9738,134.921,8.03415,42.2747
10.1016/j.fuel.2023.128376 | 50 bar | H2/CO2 4 | 24000 h-1,10.1016/j.fuel.2023.128376,"SI Figure S1, 2.5% Zn-CdZrOx, 360 °C","2.5% Zn-CdZrOx [SI Figure S1, 2.5% Zn-CdZrOx, 360 °C]",360,50,4,0.064,0.16,0.84,0,STY from volumetric GHSV (assumed density) (printed STY inconsistent with X*S*F),0.0702654,2063.6,24.1808,,15111,15126.9,15158.8,15123,15119,15126.9,15177.8,15311.3,15122.9,15173.8,0.135,0.135,0.135,0.135,0.135,0.135,0.135,0.135,0.135,0.135,0,14.339,43.0169,10.7542,7.16948,14.339,60.0822,180.247,10.7331,56.4764
10.1016/j.fuel.2023.128376 | 50 bar | H2/CO2 4 | 24000 h-1,10.1016/j.fuel.2023.128376,"SI Figure S1, 20.0% Zn-CdZrOx, 340 °C","20.0% Zn-CdZrOx [SI Figure S1, 20.0% Zn-CdZrOx, 340 °C]",340,50,4,0.019,0.24,0.75,0.01,STY from volumetric GHSV (assumed density) (printed STY inconsistent with X*S*F),0.0312901,4634.06,21.845,,10799.3,10831.7,10896.3,10823.6,10815.5,10831.7,10945.8,11238.7,10826.1,10940.3,0.041,0.041,0.041,0.041,0.041,0.041,0.041,0.041,0.041,0.041,0,29.0893,87.268,21.817,14.5447,29.0893,131.811,395.433,24.1024,126.824
10.1016/j.fuel.2023.128376 | 50 bar | H2/CO2 4 | 24000 h-1,10.1016/j.fuel.2023.128376,"SI Figure S1, 20.0% Zn-CdZrOx, 300 °C","20.0% Zn-CdZrOx [SI Figure S1, 20.0% Zn-CdZrOx, 300 °C]",300,50,4,0.008,0.53,0.44,0.03,STY from volumetric GHSV (assumed density) (printed STY inconsistent with X*S*F),0.0290943,4983.8,21.845,,3958.48,3993.24,4062.76,3984.55,3975.86,3993.24,4115.99,4431.01,3987.28,4110.03,0.011,0.011,0.011,0.011,0.011,0.011,0.011,0.011,0.011,0.011,0,31.2848,93.8543,23.4636,15.6424,31.2848,141.759,425.277,25.9215,136.396
10.1016/j.fuel.2023.128376 | 50 bar | H2/CO2 4 | 24000 h-1,10.1016/j.fuel.2023.128376,"SI Figure S1, 20.0% Zn-CdZrOx, 280 °C","20.0% Zn-CdZrOx [SI Figure S1, 20.0% Zn-CdZrOx, 280 °C]",280,50,4,0.007,0.56,0.4,0.04,STY from volumetric GHSV (assumed density) (printed STY inconsistent with X*S*F),0.0268985,5390.64,21.845,,3662.36,3699.96,3775.16,3690.56,3681.16,3699.96,3832.73,4173.47,3693.51,3826.28,0.009,0.009,0.009,0.009,0.009,0.009,0.009,0.009,0.009,0.009,0,33.8386,101.516,25.379,16.9193,33.8386,153.331,459.993,28.0375,147.53
10.1016/j.fuel.2023.128376 | 50 bar | H2/CO2 4 | 24000 h-1,10.1016/j.fuel.2023.128376,"SI Figure S1, 20.0% Zn-CdZrOx, 360 °C","20.0% Zn-CdZrOx [SI Figure S1, 20.0% Zn-CdZrOx, 360 °C]",360,50,4,0.025,0.05,0.94,0.01,STY from volumetric GHSV (assumed density) (printed STY inconsistent with X*S*F),0.00857732,16905.1,21.845,,57168.4,57286.3,57522.1,57256.8,57227.3,57286.3,57702.7,58771.2,57266.1,57682.4,0.065,0.065,0.065,0.065,0.065,0.065,0.065,0.065,0.065,0.065,0,106.118,318.354,79.5884,53.0589,106.118,480.847,1442.54,87.9257,462.654
10.1016/j.fuel.2024.131111 | 10 bar | H2/CO2 5 | 12 NL/g/h,10.1016/j.fuel.2024.131111,"Fig. 6C, pressure 1.0 MPa","5InNi3C0.5/Fe3O4-400/425 [Fig. 6C, pressure 1.0 MPa]",250,10,5,0.053,0.93,0.07,0,printed STY,0.15,966.667,33.3953,,1205.71,1216.02,1236.63,1213.44,1210.86,1216.02,1239.83,1308.06,1211.3,1235.11,0.011,0.011,0.011,0.011,0.011,0.011,0.011,0.011,0.011,0.011,0,9.27648,27.8294,6.95736,4.63824,9.27648,30.7043,92.1128,5.02778,26.4556
10.1016/j.fuel.2024.131111 | 20 bar | H2/CO2 5 | 12 NL/g/h,10.1016/j.fuel.2024.131111,"Fig. 6C, pressure 2.0 MPa","5InNi3C0.5/Fe3O4-400/425 [Fig. 6C, pressure 2.0 MPa]",250,20,5,0.062,0.93,0.07,0,printed STY,0.18,805.556,33.3953,,1171.37,1179.96,1197.14,1177.81,1175.67,1179.96,1199.8,1256.66,1176.03,1195.87,0.013,0.013,0.013,0.013,0.013,0.013,0.013,0.013,0.013,0.013,0,7.7304,23.1912,5.7978,3.8652,7.7304,25.5869,76.7606,4.18981,22.0463
10.1016/j.fuel.2024.131111 | 30 bar | H2/CO2 5 | 12 NL/g/h,10.1016/j.fuel.2024.131111,"Fig. 6C, pressure 3.0 MPa","5InNi3C0.5/Fe3O4-400/425 [Fig. 6C, pressure 3.0 MPa]",250,30,5,0.086,0.94,0.06,0,printed STY,0.28,517.857,33.3953,,1113.97,1119.49,1130.53,1118.11,1116.73,1119.49,1132.24,1168.79,1116.96,1129.71,0.016,0.016,0.016,0.016,0.016,0.016,0.016,0.016,0.016,0.016,0,4.96954,14.9086,3.72716,2.48477,4.96954,16.4487,49.3461,2.69345,14.1726
10.1016/j.fuel.2024.131111 | 40 bar | H2/CO2 10 | 33 NL/g/h,10.1016/j.fuel.2024.131111,"Fig. 6B, H2/CO2 = 10/1","5InNi3C0.5/Fe3O4-400/425 [Fig. 6B, H2/CO2 = 10/1]",250,40,10,0.181,0.983,0.017,0,printed STY,0.76,190.789,33.3953,,965.966,968.001,972.069,967.492,966.984,968.001,972.7,986.167,967.069,971.768,0.008,0.008,0.008,0.008,0.008,0.008,0.008,0.008,0.008,0.008,0,1.83088,5.49265,1.37316,0.915442,1.83088,6.06005,18.1802,0.992325,5.22149
10.1016/j.fuel.2024.131111 | 40 bar | H2/CO2 3 | 12 NL/g/h,10.1016/j.fuel.2024.131111,"Fig. 6B, H2/CO2 = 3/1","5InNi3C0.5/Fe3O4-400/425 [Fig. 6B, H2/CO2 = 3/1]",250,40,3,0.097,0.96,0.04,0,printed STY,0.4,362.5,33.3953,,1016.5,1020.37,1028.1,1019.4,1018.43,1020.37,1029.3,1054.88,1018.6,1027.52,0.019,0.019,0.019,0.019,0.019,0.019,0.019,0.019,0.019,0.019,0,3.47868,10.436,2.60901,1.73934,3.47868,11.5141,34.5423,1.88542,9.92083
10.1016/j.fuel.2024.131111 | 40 bar | H2/CO2 4 | 15 NL/g/h,10.1016/j.fuel.2024.131111,"Fig. 6B, H2/CO2 = 4/1","5InNi3C0.5/Fe3O4-400/425 [Fig. 6B, H2/CO2 = 4/1]",250,40,4,0.107,0.96,0.04,0,printed STY,0.45,322.222,33.3953,,1026.54,1029.98,1036.85,1029.12,1028.26,1029.98,1037.91,1060.66,1028.4,1036.34,0.017,0.017,0.017,0.017,0.017,0.017,0.017,0.017,0.017,0.017,0,3.09216,9.27648,2.31912,1.54608,3.09216,10.2348,30.7043,1.67593,8.81852
10.1016/j.fuel.2024.131111 | 40 bar | H2/CO2 5 | 12 NL/g/h,10.1016/j.fuel.2024.131111,"Fig. 6A, 260 °C","5InNi3C0.5/Fe3O4-400/425 [Fig. 6A, 260 °C]",260,40,5,0.134,0.93,0.07,0,STY from mass GHSV,0.356302,406.958,33.3953,,1131.23,1135.57,1144.25,1134.48,1133.4,1135.57,1145.59,1174.32,1133.58,1143.61,0.027,0.027,0.027,0.027,0.027,0.027,0.027,0.027,0.027,0.027,0,3.90532,11.716,2.92899,1.95266,3.90532,12.9262,38.7787,2.11665,11.1376
10.1016/j.fuel.2024.131111 | 40 bar | H2/CO2 5 | 12 NL/g/h,10.1016/j.fuel.2024.131111,"Fig. 2C, In loading 7 wt%","7InNi3C0.5/Fe3O4-400/425 [Fig. 2C, In loading 7 wt%]",250,40,5,0.126,0.96,0.04,3.46945e-17,STY from mass GHSV,0.345837,419.272,40.1221,,1035,1040.37,1051.11,1039.02,1037.68,1040.37,1050.69,1082.09,1037.42,1047.74,0.017,0.017,0.017,0.017,0.017,0.017,0.017,0.017,0.017,0.017,0,4.83393,14.5018,3.62545,2.41696,4.83393,14.1278,42.3834,2.1807,11.4746
10.1016/j.fuel.2024.131111 | 40 bar | H2/CO2 5 | 12 NL/g/h,10.1016/j.fuel.2024.131111,"Fig. 2A, calcination 400 °C","5InNi3C0.5/Fe3O4-400/425 [Fig. 2A, calcination 400 °C]",250,40,5,0.123,0.956,0.044,0,STY from mass GHSV,0.336197,431.295,33.3953,,1051.71,1056.31,1065.51,1055.16,1054.01,1056.31,1066.93,1097.38,1054.2,1064.83,0.018,0.018,0.018,0.018,0.018,0.018,0.018,0.018,0.018,0.018,0,4.13886,12.4166,3.10415,2.06943,4.13886,13.6992,41.0977,2.24323,11.8036
10.1016/j.fuel.2024.131111 | 40 bar | H2/CO2 5 | 12 NL/g/h,10.1016/j.fuel.2024.131111,"Fig. 2B, carburization 425 °C","5InNi3C0.5/Fe3O4-400/425 [Fig. 2B, carburization 425 °C]",250,40,5,0.123,0.956,0.044,3.46945e-17,STY from mass GHSV,0.336197,431.295,33.3953,,1051.71,1056.31,1065.51,1055.16,1054.01,1056.31,1066.93,1097.38,1054.2,1064.83,0.018,0.018,0.018,0.018,0.018,0.018,0.018,0.018,0.018,0.018,0,4.13886,12.4166,3.10415,2.06943,4.13886,13.6992,41.0977,2.24323,11.8036
10.1016/j.fuel.2024.131111 | 40 bar | H2/CO2 5 | 12 NL/g/h,10.1016/j.fuel.2024.131111,"Fig. 2C, In loading 3 wt%","3InNi3C0.5/Fe3O4-400/425 [Fig. 2C, In loading 3 wt%]",250,40,5,0.118,0.94,0.06,0,STY from mass GHSV,0.317132,457.223,26.6686,,1101.08,1104.97,1112.76,1104,1103.02,1104.97,1116.23,1146.54,1103.72,1114.98,0.021,0.021,0.021,0.021,0.021,0.021,0.021,0.021,0.021,0.021,0,3.50387,10.5116,2.62791,1.75194,3.50387,13.639,40.9169,2.37808,12.5132
10.1016/j.fuel.2024.131111 | 40 bar | H2/CO2 5 | 12 NL/g/h,10.1016/j.fuel.2024.131111,"Fig. 6A, 240 °C","5InNi3C0.5/Fe3O4-400/425 [Fig. 6A, 240 °C]",240,40,5,0.107,0.97,0.03,0,STY from mass GHSV,0.296747,488.632,33.3953,,1007.71,1012.92,1023.34,1011.62,1010.32,1012.92,1024.96,1059.45,1010.54,1022.57,0.012,0.012,0.012,0.012,0.012,0.012,0.012,0.012,0.012,0.012,0,4.68909,14.0673,3.51682,2.34455,4.68909,15.5204,46.5613,2.54145,13.3728
10.1016/j.fuel.2024.131111 | 40 bar | H2/CO2 5 | 12 NL/g/h,10.1016/j.fuel.2024.131111,"Fig. 2A, calcination 450 °C","5InNi3C0.5/Fe3O4-450/425 [Fig. 2A, calcination 450 °C]",250,40,5,0.097,0.937,0.056,0.007,STY from mass GHSV,0.259861,557.99,33.3953,,1124.67,1130.62,1142.52,1129.13,1127.64,1130.62,1144.36,1183.75,1127.89,1141.64,0.018,0.018,0.018,0.018,0.018,0.018,0.018,0.018,0.018,0.018,0,5.35467,16.064,4.016,2.67734,5.35467,17.7235,53.1704,2.90219,15.271
10.1016/j.fuel.2024.131111 | 40 bar | H2/CO2 5 | 12 NL/g/h,10.1016/j.fuel.2024.131111,"Fig. 6A, 220 °C","5InNi3C0.5/Fe3O4-400/425 [Fig. 6A, 220 °C]",220,40,5,0.088,0.985,0.015,0,STY from mass GHSV,0.247827,585.085,33.3953,,967.174,973.413,985.89,971.853,970.293,973.413,987.823,1029.12,970.555,984.966,0.007,0.007,0.007,0.007,0.007,0.007,0.007,0.007,0.007,0.007,0,5.61468,16.8441,4.21101,2.80734,5.61468,18.5841,55.7522,3.04311,16.0125
10.1016/j.fuel.2024.131111 | 40 bar | H2/CO2 5 | 12 NL/g/h,10.1016/j.fuel.2024.131111,"Fig. 2B, carburization 450 °C","5InNi3C0.5/Fe3O4-400/450 [Fig. 2B, carburization 450 °C]",250,40,5,0.092,0.926,0.074,5.55112e-17,STY from mass GHSV,0.243573,595.304,33.3953,,1169.12,1175.47,1188.16,1173.88,1172.29,1175.47,1190.13,1232.15,1172.56,1187.22,0.02,0.02,0.02,0.02,0.02,0.02,0.02,0.02,0.02,0.02,0,5.71275,17.1383,4.28456,2.85638,5.71275,18.9087,56.726,3.09627,16.2922
10.1016/j.fuel.2024.131111 | 40 bar | H2/CO2 5 | 12 NL/g/h,10.1016/j.fuel.2024.131111,"Fig. 2B, carburization 400 °C","5InNi3C0.5/Fe3O4-400/400 [Fig. 2B, carburization 400 °C]",250,40,5,0.089,0.94,0.06,0,STY from mass GHSV,0.239193,606.206,33.3953,,1114.08,1120.55,1133.47,1118.93,1117.31,1120.55,1135.48,1178.27,1117.59,1132.52,0.016,0.016,0.016,0.016,0.016,0.016,0.016,0.016,0.016,0.016,0,5.81737,17.4521,4.36302,2.90868,5.81737,19.2549,57.7648,3.15297,16.5905
10.1016/j.fuel.2024.131111 | 40 bar | H2/CO2 5 | 12 NL/g/h,10.1016/j.fuel.2024.131111,"Fig. 2B, carburization 375 °C","5InNi3C0.5/Fe3O4-400/375 [Fig. 2B, carburization 375 °C]",250,40,5,0.085,0.94,0.06,0,STY from mass GHSV,0.228443,634.733,33.3953,,1111.78,1118.54,1132.08,1116.85,1115.16,1118.54,1134.18,1178.98,1115.44,1131.08,0.015,0.015,0.015,0.015,0.015,0.015,0.015,0.015,0.015,0.015,0,6.09112,18.2734,4.56834,3.04556,6.09112,20.161,60.4831,3.30134,17.3713
10.1016/j.fuel.2024.131111 | 40 bar | H2/CO2 5 | 12 NL/g/h,10.1016/j.fuel.2024.131111,"Fig. 2B, carburization 475 °C","5InNi3C0.5/Fe3O4-400/475 [Fig. 2B, carburization 475 °C]",250,40,5,0.079,0.96,0.04,3.46945e-17,STY from mass GHSV,0.216835,668.712,33.3953,,1056.39,1063.52,1077.78,1061.73,1059.95,1063.52,1079.99,1127.19,1060.25,1076.72,0.011,0.011,0.011,0.011,0.011,0.011,0.011,0.011,0.011,0.011,0,6.4172,19.2516,4.8129,3.2086,6.4172,21.2403,63.721,3.47807,18.3012
10.1016/j.fuel.2024.131111 | 40 bar | H2/CO2 5 | 12 NL/g/h,10.1016/j.fuel.2024.131111,"Fig. 2A, calcination 350 °C","5InNi3C0.5/Fe3O4-350/425 [Fig. 2A, calcination 350 °C]",250,40,5,0.078,0.972,0.028,0,STY from mass GHSV,0.216766,668.924,33.3953,,1005.49,1012.62,1026.89,1010.84,1009.06,1012.62,1029.1,1076.31,1009.36,1025.83,0.008,0.008,0.008,0.008,0.008,0.008,0.008,0.008,0.008,0.008,0,6.41924,19.2577,4.81443,3.20962,6.41924,21.2471,63.7412,3.47917,18.307
10.1016/j.fuel.2024.131111 | 40 bar | H2/CO2 5 | 12 NL/g/h,10.1016/j.fuel.2024.131111,"Fig. 6A, 200 °C","5InNi3C0.5/Fe3O4-400/425 [Fig. 6A, 200 °C]",200,40,5,0.068,0.998,0.002,0,STY from mass GHSV,0.19403,747.306,33.3953,,961.853,969.822,985.758,967.83,965.838,969.822,988.228,1040.98,966.172,984.578,0.005,0.005,0.005,0.005,0.005,0.005,0.005,0.005,0.005,0.005,0,7.17141,21.5142,5.37856,3.58571,7.17141,23.7367,71.2101,3.88685,20.4521
10.1016/j.fuel.2024.131111 | 40 bar | H2/CO2 5 | 12 NL/g/h,10.1016/j.fuel.2024.131111,SI Table S3 row 10,5InNi3C0.5/Fe3O4-400/500 [SI Table S3 row 10],250,40,5,0.075,0.9,0.095,0.005,STY from mass GHSV,0.19299,751.336,33.3953,,1281.91,1289.93,1305.95,1287.92,1285.92,1289.93,1308.43,1361.46,1286.26,1304.76,0.021,0.021,0.021,0.021,0.021,0.021,0.021,0.021,0.021,0.021,0,7.21009,21.6303,5.40756,3.60504,7.21009,23.8647,71.5941,3.90781,20.5624
10.1016/j.fuel.2024.131111 | 40 bar | H2/CO2 5 | 12 NL/g/h,10.1016/j.fuel.2024.131111,"Fig. 2A, calcination 300 °C","5InNi3C0.5/Fe3O4-300/425 [Fig. 2A, calcination 300 °C]",250,40,5,0.055,0.972,0.028,0,STY from mass GHSV,0.152848,948.656,33.3953,,1026.53,1036.64,1056.87,1034.11,1031.59,1036.64,1060.01,1126.97,1032.01,1055.38,0.006,0.006,0.006,0.006,0.006,0.006,0.006,0.006,0.006,0.006,0,9.10364,27.3109,6.82773,4.55182,9.10364,30.1322,90.3966,4.9341,25.9626
10.1016/j.fuel.2024.131111 | 40 bar | H2/CO2 5 | 12 NL/g/h,10.1016/j.fuel.2024.131111,"Fig. 2A, calcination 500 °C","5InNi3C0.5/Fe3O4-500/425 [Fig. 2A, calcination 500 °C]",250,40,5,0.049,0.982,0.018,1.38778e-17,STY from mass GHSV,0.137574,1053.97,33.3953,,1017.21,1028.45,1050.92,1025.64,1022.83,1028.45,1054.41,1128.8,1023.3,1049.26,0.005,0.005,0.005,0.005,0.005,0.005,0.005,0.005,0.005,0.005,0,10.1143,30.343,7.58574,5.05716,10.1143,33.4774,100.432,5.48188,28.845
10.1016/j.fuel.2024.131111 | 40 bar | H2/CO2 5 | 12 NL/g/h,10.1016/j.fuel.2024.131111,"Fig. 2C, In loading 1 wt%","1InNi3C0.5/Fe3O4-400/425 [Fig. 2C, In loading 1 wt%]",250,40,5,0.043,0.92,0.065,0.015,STY from mass GHSV,0.113106,1281.98,19.9418,,1238.63,1246.79,1263.12,1244.75,1242.71,1246.79,1278.37,1357.84,1246.04,1277.61,0.01,0.01,0.01,0.01,0.01,0.01,0.01,0.01,0.01,0.01,0,7.34628,22.0388,5.50971,3.67314,7.34628,35.7635,107.291,6.66777,35.085
10.1016/j.fuel.2024.131111 | 40 bar | H2/CO2 5 | 12 NL/g/h,10.1016/j.fuel.2024.131111,SI Table S3 row 11,5%InNi3C0.5/SiO2 [SI Table S3 row 11],250,40,5,0.015,0.96,0.04,0,STY from mass GHSV,0.0411711,3521.89,29.9979,,1400.51,1434.24,1501.71,1425.81,1417.38,1434.24,1520.99,1761.94,1420.86,1507.61,0.005,0.005,0.005,0.005,0.005,0.005,0.005,0.005,0.005,0.005,0,30.359,91.077,22.7692,15.1795,30.359,108.427,325.282,18.3179,96.3863
10.1016/j.fuel.2024.131111 | 40 bar | H2/CO2 5 | 12 NL/g/h,10.1016/j.fuel.2024.131111,SI Table S3 row 12,Fe3O4 [SI Table S3 row 12],250,40,5,0.01,0.62,0.37,0.01,STY from mass GHSV,0.0177265,8179.86,16.5785,,3237.3,3280.59,3367.19,3269.77,3258.95,3280.59,3482.06,3971.59,3284.57,3486.04,0.01,0.01,0.01,0.01,0.01,0.01,0.01,0.01,0.01,0.01,0,38.9683,116.905,29.2262,19.4841,38.9683,220.289,660.866,42.5447,223.865
10.1016/j.fuel.2024.131111 | 40 bar | H2/CO2 5 | 18 NL/g/h,10.1016/j.fuel.2024.131111,"Fig. 6B, H2/CO2 = 5/1","5InNi3C0.5/Fe3O4-400/425 [Fig. 6B, H2/CO2 = 5/1]",250,40,5,0.123,0.96,0.04,0,printed STY,0.55,263.636,33.3953,,1027.45,1030.26,1035.88,1029.56,1028.86,1030.26,1036.76,1055.36,1028.97,1035.47,0.016,0.016,0.016,0.016,0.016,0.016,0.016,0.016,0.016,0.016,0,2.52995,7.58985,1.89746,1.26497,2.52995,8.37389,25.1217,1.37121,7.21515
10.1016/j.fuel.2024.131111 | 40 bar | H2/CO2 5 | 18 NL/g/h,10.1016/j.fuel.2024.131111,"Fig. 6D, GHSV 18000","5InNi3C0.5/Fe3O4-400/425 [Fig. 6D, GHSV 18000]",250,40,5,0.109,0.965,0.035,0,printed STY,0.47,308.511,33.3953,,1015.75,1019.04,1025.62,1018.22,1017.39,1019.04,1026.64,1048.41,1017.53,1025.13,0.013,0.013,0.013,0.013,0.013,0.013,0.013,0.013,0.013,0.013,0,2.96058,8.88174,2.22043,1.48029,2.96058,9.79923,29.3977,1.60461,8.44326
10.1016/j.fuel.2024.131111 | 40 bar | H2/CO2 5 | 24 NL/g/h,10.1016/j.fuel.2024.131111,"Fig. 6D, GHSV 24000","5InNi3C0.5/Fe3O4-400/425 [Fig. 6D, GHSV 24000]",250,40,5,0.092,0.97,0.03,0,printed STY,0.54,268.519,33.3953,,1004.07,1006.94,1012.66,1006.22,1005.5,1006.94,1013.55,1032.5,1005.62,1012.24,0.01,0.01,0.01,0.01,0.01,0.01,0.01,0.01,0.01,0.01,0,2.5768,7.7304,1.9326,1.2884,2.5768,8.52896,25.5869,1.3966,7.34877
10.1016/j.fuel.2024.131111 | 40 bar | H2/CO2 5 | 30 NL/g/h,10.1016/j.fuel.2024.131111,"Fig. 6D, GHSV 30000","5InNi3C0.5/Fe3O4-400/425 [Fig. 6D, GHSV 30000]",250,40,5,0.083,0.973,0.027,0,printed STY,0.58,250,33.3953,,1004.51,1007.18,1012.51,1006.51,1005.85,1007.18,1013.34,1030.98,1005.96,1012.11,0.009,0.009,0.009,0.009,0.009,0.009,0.009,0.009,0.009,0.009,0,2.39909,7.19727,1.79932,1.19954,2.39909,7.94076,23.8223,1.30029,6.84195
10.1016/j.fuel.2024.131111 | 40 bar | H2/CO2 5 | 36 NL/g/h,10.1016/j.fuel.2024.131111,"Fig. 6D, GHSV 36000","5InNi3C0.5/Fe3O4-400/425 [Fig. 6D, GHSV 36000]",250,40,5,0.077,0.976,0.024,0,printed STY,0.65,223.077,33.3953,,998.936,1001.31,1006.07,1000.72,1000.13,1001.31,1006.81,1022.55,1000.23,1005.72,0.008,0.008,0.008,0.008,0.008,0.008,0.008,0.008,0.008,0.008,0,2.14073,6.42218,1.60554,1.07036,2.14073,7.0856,21.2568,1.16026,6.10513
10.1016/j.fuel.2024.131111 | 40 bar | H2/CO2 5 | 42 NL/g/h,10.1016/j.fuel.2024.131111,"Fig. 6D, GHSV 42000","5InNi3C0.5/Fe3O4-400/425 [Fig. 6D, GHSV 42000]",250,40,5,0.073,0.978,0.022,0,printed STY,0.72,201.389,33.3953,,989.212,991.359,995.654,990.822,990.286,991.359,996.319,1010.53,990.376,995.336,0.007,0.007,0.007,0.007,0.007,0.007,0.007,0.007,0.007,0.007,0,1.9326,5.7978,1.44945,0.9663,1.9326,6.39672,19.1902,1.04745,5.51157
10.1016/j.fuel.2024.131111 | 40 bar | H2/CO2 5 | 48 NL/g/h,10.1016/j.fuel.2024.131111,"Fig. 6D, GHSV 48000","5InNi3C0.5/Fe3O4-400/425 [Fig. 6D, GHSV 48000]",250,40,5,0.07,0.98,0.02,0,printed STY,0.79,183.544,33.3953,,976.63,978.587,982.501,978.098,977.608,978.587,983.108,996.063,977.691,982.211,0.006,0.006,0.006,0.006,0.006,0.006,0.006,0.006,0.006,0.006,0,1.76136,5.28407,1.32102,0.880678,1.76136,5.82992,17.4898,0.954641,5.02321
10.1016/j.fuel.2024.131111 | 40 bar | H2/CO2 8 | 27 NL/g/h,10.1016/j.fuel.2024.131111,"Fig. 6B, H2/CO2 = 8/1","5InNi3C0.5/Fe3O4-400/425 [Fig. 6B, H2/CO2 = 8/1]",250,40,8,0.148,0.97,0.03,0,printed STY,0.65,223.077,33.3953,,1009.66,1012.04,1016.79,1011.44,1010.85,1012.04,1017.53,1033.28,1010.95,1016.44,0.011,0.011,0.011,0.011,0.011,0.011,0.011,0.011,0.011,0.011,0,2.14073,6.42218,1.60554,1.07036,2.14073,7.0856,21.2568,1.16026,6.10513
10.1016/j.fuel.2024.131111 | 50 bar | H2/CO2 5 | 12 NL/g/h,10.1016/j.fuel.2024.131111,"Fig. 6C, pressure 5.0 MPa","5InNi3C0.5/Fe3O4-400/425 [Fig. 6C, pressure 5.0 MPa]",250,50,5,0.127,0.96,0.04,0,printed STY,0.34,426.471,33.3953,,1038.77,1043.31,1052.41,1042.18,1041.04,1043.31,1053.82,1083.92,1041.23,1051.74,0.017,0.017,0.017,0.017,0.017,0.017,0.017,0.017,0.017,0.017,0,4.09256,12.2777,3.06942,2.04628,4.09256,13.546,40.638,2.21814,11.6716
10.1016/j.fuel.2024.131111 | 60 bar | H2/CO2 10 | 116 NL/g/h,10.1016/j.fuel.2024.131111,"Fig. 7A stability, 120 h","5InNi3C0.5/Fe3O4-400/425 [Fig. 7A stability, 120 h]",250,60,10,0.18,0.97,0.03,0,printed STY,2.62,55.3435,33.3953,,1002.4,1002.99,1004.17,1002.84,1002.7,1002.99,1004.35,1008.26,1002.72,1004.08,0.01,0.01,0.01,0.01,0.01,0.01,0.01,0.01,0.01,0.01,0,0.531096,1.59329,0.398322,0.265548,0.531096,1.75788,5.27363,0.28785,1.51463
10.1016/j.fuel.2024.131111 | 60 bar | H2/CO2 10 | 116 NL/g/h,10.1016/j.fuel.2024.131111,"Figure 7A, stability first point","5InNi3C0.5/Fe3O4-400/425 [Figure 7A, stability first point]",250,60,10,0.184,0.97,0.03,0,printed STY,2.55,56.8627,33.3953,,998.47,999.076,1000.29,998.925,998.773,999.076,1000.48,1004.49,998.799,1000.2,0.01,0.01,0.01,0.01,0.01,0.01,0.01,0.01,0.01,0.01,0,0.545675,1.63703,0.409256,0.272838,0.545675,1.80613,5.4184,0.295752,1.55621
10.1016/j.fuel.2024.131111 | 60 bar | H2/CO2 5 | 12 NL/g/h,10.1016/j.fuel.2024.131111,"Fig. 6C, pressure 6.0 MPa","5InNi3C0.5/Fe3O4-400/425 [Fig. 6C, pressure 6.0 MPa]",250,60,5,0.135,0.967,0.033,0,printed STY,0.36,402.778,33.3953,,1018.93,1023.22,1031.81,1022.15,1021.08,1023.22,1033.14,1061.57,1021.26,1031.18,0.016,0.016,0.016,0.016,0.016,0.016,0.016,0.016,0.016,0.016,0,3.8652,11.5956,2.8989,1.9326,3.8652,12.7934,38.3803,2.09491,11.0231
10.1016/j.jcat.2012.05.020 | 30 bar | H2/CO2 3 | 125 NL/g/h,10.1016/j.jcat.2012.05.020,"Table 2, CuZnAl","CuZnAl [Table 2, CuZnAl]",249.85,30,3,0.013,0.82,0.18,0,printed STY,0.427568,339.127,18.1,cza_reference,1649.18,1651.14,1655.06,1650.65,1650.16,1651.14,1659.49,1680.12,1651.14,1659.49,0.009,0.009,0.009,0.009,0.009,0.009,0.009,0.009,0.009,0.009,0,1.76385,5.29155,1.32289,0.881925,1.76385,9.28117,27.8435,1.76385,9.28117
10.1016/j.jcat.2012.05.020 | 30 bar | H2/CO2 3 | 13.4 NL/g/h,10.1016/j.jcat.2012.05.020,"Table 2, PdMgGa","PdMgGa [Table 2, PdMgGa]",249.85,30,3,0.01,0.47,0.53,0,printed STY,0.0201865,7183.03,871.339,,4469.17,6467.53,10464.2,5967.94,5468.35,5048.15,6644.44,10995,4510.68,4687.59,0.019,0.019,0.019,0.019,0.019,0.019,0.019,0.019,0.019,0.019,0,1798.52,5395.56,1348.89,899.261,521.082,1957.75,5873.24,37.36,196.584
10.1016/j.jcat.2012.05.020 | 30 bar | H2/CO2 3 | 13.4 NL/g/h,10.1016/j.jcat.2012.05.020,"Table 2, PdZnAl","PdZnAl [Table 2, PdZnAl]",249.85,30,3,0.006,0.6,0.4,0,printed STY,0.0174949,8288.11,538.869,,3246.94,4672.93,7524.92,4316.43,3959.94,3351.88,4877.06,8137.32,3294.84,3498.97,0.009,0.009,0.009,0.009,0.009,0.009,0.009,0.009,0.009,0.009,0,1283.39,3850.18,962.545,641.697,94.4465,1467.11,4401.34,43.1077,226.828
10.1016/j.jcat.2012.05.020 | 30 bar | H2/CO2 3 | 13.4 NL/g/h,10.1016/j.jcat.2012.05.020,"Table 2, PdMgAl","PdMgAl [Table 2, PdMgAl]",249.85,30,3,0.003,0.04,0.96,0,printed STY,0.000576756,251406,1139.03,,81937.7,173368,356228,150510,127653,87460.2,179560,374804,83390.6,89582.6,0.011,0.011,0.011,0.011,0.011,0.011,0.011,0.011,0.011,0.011,0,82287.2,246861,61715.4,41143.6,4970.29,87860,263580,1307.6,6880.44
10.1016/j.jcat.2016.03.017 | 20 bar | H2/CO2 3 | 3.6 NL/g/h,10.1016/j.jcat.2016.03.017,"Figure 9b, first point","5% Pd/ZnO SI [Figure 9b, first point]",250,20,3,0.16,0.7,0.3,0,STY from mass GHSV,0.144099,1006.25,1813.29,,1141.58,1724.16,2889.31,1578.51,1432.87,1174.88,1748.94,2963.66,1147.4,1172.18,0.037,0.037,0.037,0.037,0.037,0.037,0.037,0.037,0.037,0.037,0,524.318,1572.96,393.239,262.159,29.9722,546.624,1639.87,5.23367,27.5389
10.1016/j.jcat.2016.03.017 | 20 bar | H2/CO2 3 | 3.6 NL/g/h,10.1016/j.jcat.2016.03.017,"Figure 9b, last point","5% Pd/ZnO SI [Figure 9b, last point]",250,20,3,0.11,0.62,0.38,0,STY from mass GHSV,0.087746,1652.5,1813.29,,1147.47,2104.19,4017.64,1865.01,1625.83,1202.16,2144.89,4139.74,1157.02,1197.72,0.037,0.037,0.037,0.037,0.037,0.037,0.037,0.037,0.037,0.037,0,861.051,2583.15,645.788,430.525,49.2212,897.681,2693.04,8.59489,45.2253
10.1016/j.jcat.2016.03.017 | 20 bar | H2/CO2 3 | 3.6 NL/g/h,10.1016/j.jcat.2016.03.017,Table 5 row 3,5% Pd/ZnO SI [Table 5 row 3],250,20,3,0.111,0.59,0.41,0,STY from mass GHSV,0.0842593,1720.88,1813.29,,1148.03,2144.34,4136.97,1895.26,1646.19,1204.98,2186.73,4264.12,1157.97,1200.36,0.037,0.037,0.037,0.037,0.037,0.037,0.037,0.037,0.037,0.037,0,896.681,2690.04,672.511,448.341,51.258,934.827,2804.48,8.95055,47.0967
10.1016/j.jcat.2016.03.017 | 20 bar | H2/CO2 3 | 3.6 NL/g/h,10.1016/j.jcat.2016.03.017,Table 5 row 2,5% Pd/ZnO SI [Table 5 row 2],250,20,3,0.108,0.6,0.4,0,STY from mass GHSV,0.0833715,1739.2,1813.29,,1181.81,2188.73,4202.57,1937,1685.27,1239.37,2231.57,4331.08,1191.86,1234.7,0.04,0.04,0.04,0.04,0.04,0.04,0.04,0.04,0.04,0.04,0,906.229,2718.69,679.672,453.115,51.8038,944.782,2834.35,9.04585,47.5982
10.1016/j.jcat.2016.03.017 | 20 bar | H2/CO2 3 | 3.6 NL/g/h,10.1016/j.jcat.2016.03.017,Table 4 row 3,"5% Pd, SI [Table 4 row 3]",250,20,3,0.107,0.6,0.4,0,STY from mass GHSV,0.0825996,1755.46,1813.29,,1204.39,2220.72,4253.38,1966.64,1712.55,1262.48,2263.95,4383.09,1214.53,1257.77,0.042,0.042,0.042,0.042,0.042,0.042,0.042,0.042,0.042,0.042,0,914.699,2744.1,686.024,457.349,52.2879,953.611,2860.83,9.13039,48.043
10.1016/j.jcat.2016.03.017 | 20 bar | H2/CO2 3 | 3.6 NL/g/h,10.1016/j.jcat.2016.03.017,"Figure 10a, 275 °C","5% Pd/ZnO SI [Figure 10a, 275 °C]",275,20,3,0.12,0.51,0.49,0,STY from mass GHSV,0.0787398,1841.51,1813.29,,3220.09,4286.24,6418.54,4019.7,3753.16,3281.03,4331.6,6554.61,3230.73,3276.09,0.165,0.165,0.165,0.165,0.165,0.165,0.165,0.165,0.165,0.165,0,959.537,2878.61,719.653,479.768,54.8511,1000.36,3001.07,9.57796,50.3981
10.1016/j.jcat.2016.03.017 | 20 bar | H2/CO2 3 | 3.6 NL/g/h,10.1016/j.jcat.2016.03.017,Table 5 row 4,5% Pd/ZnO SI [Table 5 row 4],250,20,3,0.103,0.54,0.46,0,STY from mass GHSV,0.0715606,2026.26,1813.29,,1336.52,2509.63,4855.86,2216.35,1923.08,1403.58,2559.54,5005.57,1348.23,1398.13,0.053,0.053,0.053,0.053,0.053,0.053,0.053,0.053,0.053,0.053,0,1055.8,3167.4,791.851,527.901,60.3539,1100.72,3302.15,10.5389,55.4542
10.1016/j.jcat.2016.03.017 | 20 bar | H2/CO2 3 | 3.6 NL/g/h,10.1016/j.jcat.2016.03.017,Table 6 row 7,5% Pd/ZnO SI [Table 6 row 7],250,20,3,0.079,0.58,0.42,0,STY from mass GHSV,0.0589519,2459.63,1813.29,,2808.24,4232.26,7080.3,3876.26,3520.25,2889.65,4292.84,7262.04,2822.46,2883.04,0.109,0.109,0.109,0.109,0.109,0.109,0.109,0.109,0.109,0.109,0,1281.62,3844.85,961.212,640.808,73.2625,1336.14,4008.41,12.7929,67.3148
10.1016/j.jcat.2016.03.017 | 20 bar | H2/CO2 3 | 3.6 NL/g/h,10.1016/j.jcat.2016.03.017,Table 6 row 6,5% Pd/ZnO SI [Table 6 row 6],250,20,3,0.087,0.48,0.52,0,STY from mass GHSV,0.0537283,2698.76,1813.29,,3637.66,5200.12,8325.05,4809.51,4418.89,3726.97,5266.59,8524.46,3653.25,3719.72,0.142,0.142,0.142,0.142,0.142,0.142,0.142,0.142,0.142,0.142,0,1406.22,4218.65,1054.66,703.109,80.3852,1466.04,4398.12,14.0367,73.8593
10.1016/j.jcat.2016.03.017 | 20 bar | H2/CO2 3 | 3.6 NL/g/h,10.1016/j.jcat.2016.03.017,Table 6 row 9,5% Pd/ZnO SI [Table 6 row 9],250,20,3,0.063,0.64,0.36,0,STY from mass GHSV,0.0518756,2795.15,1813.29,,2466.86,4085.13,7321.66,3680.56,3275.99,2559.37,4153.97,7528.19,2483.01,2551.86,0.078,0.078,0.078,0.078,0.078,0.078,0.078,0.078,0.078,0.078,0,1456.44,4369.32,1092.33,728.22,83.2561,1518.4,4555.2,14.538,76.4971
10.1016/j.jcat.2016.03.017 | 20 bar | H2/CO2 3 | 3.6 NL/g/h,10.1016/j.jcat.2016.03.017,Table 6 row 10,5% Pd/ZnO SI [Table 6 row 10],250,20,3,0.056,0.72,0.28,0,STY from mass GHSV,0.0518756,2795.15,1813.29,,2027.01,3645.28,6881.81,3240.71,2836.15,2119.52,3714.12,7088.34,2043.17,2112.01,0.056,0.056,0.056,0.056,0.056,0.056,0.056,0.056,0.056,0.056,0,1456.44,4369.32,1092.33,728.22,83.2561,1518.4,4555.2,14.538,76.4971
10.1016/j.jcat.2016.03.017 | 20 bar | H2/CO2 3 | 3.6 NL/g/h,10.1016/j.jcat.2016.03.017,"Figure 10a, 300 °C","5% Pd/ZnO SI [Figure 10a, 300 °C]",300,20,3,0.115,0.24,0.76,0,STY from mass GHSV,0.0355101,4083.35,1813.29,,7964.57,10328.7,15056.8,9737.63,9146.61,8099.71,10429.2,15358.5,7988.17,8088.74,0.24,0.24,0.24,0.24,0.24,0.24,0.24,0.24,0.24,0.24,0,2127.67,6383.01,1595.75,1063.83,121.626,2218.18,6654.55,21.2381,111.752
10.1016/j.jcat.2016.03.017 | 20 bar | H2/CO2 3 | 3.6 NL/g/h,10.1016/j.jcat.2016.03.017,"Figure 10a, 225 °C","5% Pd/ZnO SI [Figure 10a, 225 °C]",225,20,3,0.08,0.27,0.73,0,STY from mass GHSV,0.0277905,5217.61,1813.29,,1112.6,4133.36,10174.9,3378.17,2622.98,1285.28,4261.87,10560.4,1142.75,1271.26,0.021,0.021,0.021,0.021,0.021,0.021,0.021,0.021,0.021,0.021,0,2718.69,8156.06,2039.02,1359.34,155.411,2834.35,8503.04,27.1376,142.795
10.1016/j.jcat.2016.03.017 | 20 bar | H2/CO2 3 | 3.6 NL/g/h,10.1016/j.jcat.2016.03.017,"Figure 10a, 200 °C","5% Pd/ZnO SI [Figure 10a, 200 °C]",200,20,3,0.08,0.21,0.79,0,STY from mass GHSV,0.0216148,6708.35,1813.29,,984.8,4868.64,12636.3,3897.68,2926.72,1206.82,5033.86,13132,1023.57,1188.79,0.009,0.009,0.009,0.009,0.009,0.009,0.009,0.009,0.009,0.009,0,3495.46,10486.4,2621.59,1747.73,199.815,3644.16,10932.5,34.8912,183.593
10.1016/j.jcat.2016.03.017 | 20 bar | H2/CO2 3 | 3.6 NL/g/h,10.1016/j.jcat.2016.03.017,Table 5 row 5,5% Pd/ZnO SI [Table 5 row 5],250,20,3,0.072,0.22,0.78,0,STY from mass GHSV,0.0203797,7114.92,1813.29,,9690.32,13809.5,22048,12779.7,11749.9,9925.79,13984.8,22573.7,9731.44,9906.68,0.169,0.169,0.169,0.169,0.169,0.169,0.169,0.169,0.169,0.169,0,3707.3,11121.9,2780.48,1853.65,211.925,3865.02,11595,37.0058,194.72
10.1016/j.jcat.2016.03.017 | 20 bar | H2/CO2 3 | 3.6 NL/g/h,10.1016/j.jcat.2016.03.017,Table 4 row 1,"1% Pd, SI [Table 4 row 1]",250,20,3,0.017,0.76,0.24,0,STY from mass GHSV,0.0166228,8722.94,373.691,,2029.85,3070.62,5152.15,2810.42,2550.23,2118.31,3285.46,5796.68,2080.26,2295.1,0.016,0.016,0.016,0.016,0.016,0.016,0.016,0.016,0.016,0.016,0,936.69,2810.07,702.517,468.345,79.6191,1130.05,3390.15,45.3693,238.728
10.1016/j.jcat.2016.03.017 | 20 bar | H2/CO2 3 | 3.6 NL/g/h,10.1016/j.jcat.2016.03.017,Table 4 row 2,"1% Pd, IM [Table 4 row 2]",250,20,3,0.032,0.22,0.78,0,STY from mass GHSV,0.00905765,16008.6,373.691,,10808.9,12719,16539.1,12241.5,11764,10971.3,13113.3,17721.9,10901.5,11295.7,0.083,0.083,0.083,0.083,0.083,0.083,0.083,0.083,0.083,0.083,0,1719.04,5157.12,1289.28,859.519,146.119,2073.9,6221.69,83.263,438.12
10.1016/j.jcat.2016.03.017 | 20 bar | H2/CO2 3 | 3.6 NL/g/h,10.1016/j.jcat.2016.03.017,"Figure 10a, 175 °C","5% Pd/ZnO SI [Figure 10a, 175 °C]",175,20,3,0.095,0.03,0.97,0,STY from mass GHSV,0.0036668,39544,1813.29,,1056.9,23951.1,69739.5,18227.6,12504,2365.62,24925.1,72661.4,1285.42,2259.38,0.008,0.008,0.008,0.008,0.008,0.008,0.008,0.008,0.008,0.008,0,20604.8,61814.4,15453.6,10302.4,1177.85,21481.4,64444.1,205.674,1082.23
10.1016/j.jcat.2016.03.017 | 20 bar | H2/CO2 3 | 3.6 NL/g/h,10.1016/j.jcat.2016.03.017,Table 5 row 6,5% Pd/ZnO IM [Table 5 row 6],250,20,3,0.087,0.0217,0.9783,0,STY from mass GHSV,0.00242897,59696.1,1813.29,,7593.99,42155.4,111278,33515.1,24874.7,9569.67,43625.7,115689,7938.98,9409.27,0.187,0.187,0.187,0.187,0.187,0.187,0.187,0.187,0.187,0.187,0,31105.3,93315.8,23329,15552.6,1778.11,32428.5,97285.6,310.489,1633.75
10.1016/j.jcat.2016.03.017 | 20 bar | H2/CO2 3 | 3.6 NL/g/h,10.1016/j.jcat.2016.03.017,Table 6 row 5,5% Pd/ZnO IM [Table 6 row 5],250,20,3,0.007,0.26,0.74,0,STY from mass GHSV,0.00234161,61923.3,1813.29,,10313.9,46164.8,117866,37202.1,28239.4,12363.3,47689.9,122442,10671.8,12197,0.019,0.019,0.019,0.019,0.019,0.019,0.019,0.019,0.019,0.019,0,32265.7,96797.2,24199.3,16132.9,1844.44,33638.4,100915,322.072,1694.7
10.1016/j.jcat.2016.03.017 | 20 bar | H2/CO2 3 | 3.6 NL/g/h,10.1016/j.jcat.2016.03.017,"Figure 9a, last point","5% Pd/ZnO IM [Figure 9a, last point]",250,20,3,0.07,0.02,0.98,0,STY from mass GHSV,0.00180124,80500.2,1813.29,,117067,163673,256885,152021,140370,119731,165656,262833,117532,119515,0.198,0.198,0.198,0.198,0.198,0.198,0.198,0.198,0.198,0.198,0,41945.5,125836,31459.1,20972.7,2397.78,43729.9,131190,418.694,2203.12
10.1016/j.jcat.2016.03.017 | 20 bar | H2/CO2 3 | 3.6 NL/g/h,10.1016/j.jcat.2016.03.017,Table 6 row 3,5% Pd/ZnO IM [Table 6 row 3],250,20,3,0.067,0.02,0.98,0,STY from mass GHSV,0.00172404,84104.7,1813.29,,118025,166718,264104,154544,142371,120808,168789,270318,118511,120582,0.191,0.191,0.191,0.191,0.191,0.191,0.191,0.191,0.191,0.191,0,43823.6,131471,32867.7,21911.8,2505.14,45687.9,137064,437.441,2301.76
10.1016/j.jcat.2016.03.017 | 20 bar | H2/CO2 3 | 3.6 NL/g/h,10.1016/j.jcat.2016.03.017,"Figure 9a, first point","5% Pd/ZnO IM [Figure 9a, first point]",250,20,3,0.12,0.01,0.99,0,STY from mass GHSV,0.00154392,93917,1813.29,,1382.72,55756.5,164504,42163,28569.6,4490.95,58069.6,171443,1925.47,4238.61,0.037,0.037,0.037,0.037,0.037,0.037,0.037,0.037,0.037,0.037,0,48936.4,146809,36702.3,24468.2,2797.4,51018.2,153055,488.476,2570.3
10.1016/j.jcat.2016.03.017 | 20 bar | H2/CO2 3 | 3.6 NL/g/h,10.1016/j.jcat.2016.03.017,"Figure 10a, 150 °C","5% Pd/ZnO SI [Figure 10a, 150 °C]",150,20,3,0.1,0.01,0.99,0,STY from mass GHSV,0.0012866,112700,1813.29,,1194.64,66443.1,196940,50131,33818.9,4924.51,69218.9,205267,1845.94,4621.71,0.009,0.009,0.009,0.009,0.009,0.009,0.009,0.009,0.009,0.009,0,58723.7,176171,44042.7,29361.8,3356.89,61221.9,183666,586.171,3084.36
10.1016/j.jcat.2016.03.017 | 20 bar | H2/CO2 3 | 3.6 NL/g/h,10.1016/j.jcat.2016.03.017,Table 4 row 4,"5% Pd, IM [Table 4 row 4]",250,20,3,0.087,0.01,0.99,0,STY from mass GHSV,0.00111934,129541,1813.29,,7710.37,82708.7,232705,63959.1,45209.5,11997.6,85899.2,242277,8458.99,11649.5,0.187,0.187,0.187,0.187,0.187,0.187,0.187,0.187,0.187,0.187,0,67498.5,202495,50623.8,33749.2,3858.49,70369.9,211110,673.76,3545.24
10.1016/j.jcat.2016.03.017 | 20 bar | H2/CO2 3 | 3.6 NL/g/h,10.1016/j.jcat.2016.03.017,Table 5 row 7,5% Pd/ZnO IM [Table 5 row 7],250,20,3,0.085,0.01,0.99,0,STY from mass GHSV,0.00109361,132589,1813.29,,18043.1,94806.1,248332,75615.4,56424.6,22431.2,98071.7,258129,18809.4,22075,0.212,0.212,0.212,0.212,0.212,0.212,0.212,0.212,0.212,0.212,0,69086.7,207260,51815,34543.3,3949.28,72025.7,216077,689.613,3628.66
10.1016/j.jcat.2020.01.014 | 30 bar | H2/CO2 4 | 26 NL/g/h,10.1016/j.jcat.2020.01.014,"Fig. 1b, In2O3, H2O 0 mol%","In2O3 [Fig. 1b, In2O3, H2O 0 mol%]",249.85,30,4,0.013,0.8,0.2,0,printed STY,0.0544714,2661.95,282.287,,1819.18,2059.1,2538.95,1999.12,1939.14,2059.1,2124.67,2735.63,1834.57,1900.13,0.008,0.008,0.008,0.008,0.008,0.008,0.008,0.008,0.008,0.008,0,215.929,647.787,161.947,107.964,215.929,274.935,824.806,13.8452,72.8517
10.1016/j.jcat.2020.01.014 | 50 bar | H2/CO2 4 | 26 NL/g/h,10.1016/j.jcat.2020.01.014,"Fig. 1a, In2O3/ZrO2, H2O 0 mol%","In2O3/ZrO2 [Fig. 1a, In2O3/ZrO2, H2O 0 mol%]",249.85,50,4,0.024,0.665,0.335,0,printed STY,0.0881155,1645.57,53.7703,,2567.48,2595.73,2652.24,2588.67,2581.61,2595.73,2636.26,2773.82,2576.99,2617.52,0.024,0.024,0.024,0.024,0.024,0.024,0.024,0.024,0.024,0.024,0,25.426,76.2781,19.0695,12.713,25.426,61.9028,185.708,8.55884,45.0356
10.1016/j.jcou.2016.11.015 | 40 bar | H2/CO2 3.04 | 1.5 NL/g/h,10.1016/j.jcou.2016.11.015,"Text, 513 K, 55.3 wt.% catalyst","CZA-5 [Text, 513 K, 55.3 wt.% catalyst]",239.85,40,3.04167,0.185,0.571,0.429,0,STY from mass GHSV,0.0543639,2667.21,16.5401,,931.35,945.436,973.607,941.914,938.393,945.436,1011.13,1170.68,946.764,1012.46,0.016,0.016,0.016,0.016,0.016,0.016,0.016,0.016,0.016,0.016,0,12.677,38.0311,9.50776,6.33851,12.677,71.8002,215.401,13.8726,72.9957
10.1016/j.jcou.2016.11.015 | 40 bar | H2/CO2 3.04 | 1.5 NL/g/h,10.1016/j.jcou.2016.11.015,"Table 4, 513 K, CZA-4","CZA-4 [Table 4, 513 K, CZA-4]",239.85,40,3.04167,0.183,0.565,0.435,5.55112e-17,STY from mass GHSV,0.0532111,2725,15.6393,,932.706,946.313,973.527,942.911,939.51,946.313,1013.43,1174.87,948.454,1015.57,0.016,0.016,0.016,0.016,0.016,0.016,0.016,0.016,0.016,0.016,0,12.2463,36.7388,9.18471,6.12314,12.2463,72.6503,217.951,14.1731,74.5772
10.1016/j.jcou.2016.11.015 | 40 bar | H2/CO2 3.04 | 1.5 NL/g/h,10.1016/j.jcou.2016.11.015,"Fig. 9 text, CZA-4 after 200 h","CZA-4 [Fig. 9 text, CZA-4 after 200 h]",239.85,40,3.04167,0.181,0.562,0.438,0,STY from mass GHSV,0.0523501,2769.81,15.6393,,933.994,947.825,975.487,944.367,940.91,947.825,1016.04,1180.15,950.001,1018.22,0.016,0.016,0.016,0.016,0.016,0.016,0.016,0.016,0.016,0.016,0,12.4477,37.3431,9.33577,6.22385,12.4477,73.8452,221.536,14.4062,75.8037
10.1016/j.jcou.2016.11.015 | 40 bar | H2/CO2 3.04 | 1.5 NL/g/h,10.1016/j.jcou.2016.11.015,"Table 4, 513 K, CZA-3","CZA-3 [Table 4, 513 K, CZA-3]",239.85,40,3.04167,0.174,0.542,0.458,0,STY from mass GHSV,0.0485346,2987.56,14.7596,,939.078,953.157,981.315,949.638,946.118,953.157,1026.74,1202.06,956.344,1029.93,0.016,0.016,0.016,0.016,0.016,0.016,0.016,0.016,0.016,0.016,0,12.671,38.013,9.50325,6.3355,12.671,78.8953,236.686,15.5387,81.763
10.1016/j.jcou.2016.11.015 | 40 bar | H2/CO2 3.04 | 1.5 NL/g/h,10.1016/j.jcou.2016.11.015,"Table 4, 493 K, CZA-4","CZA-4 [Table 4, 493 K, CZA-4]",219.85,40,3.04167,0.15,0.589,0.411,0,STY from mass GHSV,0.0454684,3189.03,15.6393,,938.759,954.683,986.531,950.702,946.721,954.683,1033.23,1222.17,957.189,1035.73,0.013,0.013,0.013,0.013,0.013,0.013,0.013,0.013,0.013,0.013,0,14.3317,42.995,10.7488,7.16584,14.3317,85.0219,255.066,16.5866,87.2768
10.1016/j.jcou.2016.11.015 | 40 bar | H2/CO2 3.04 | 1.5 NL/g/h,10.1016/j.jcou.2016.11.015,"Table 4, 513 K, CZA-2","CZA-2 [Table 4, 513 K, CZA-2]",239.85,40,3.04167,0.156,0.513,0.487,0,STY from mass GHSV,0.0411855,3520.65,13.8637,,953.425,969.009,1000.18,965.113,961.217,969.009,1055.72,1260.31,973.771,1060.48,0.016,0.016,0.016,0.016,0.016,0.016,0.016,0.016,0.016,0.016,0,14.0257,42.077,10.5192,7.01283,14.0257,92.0668,276.2,18.3114,96.3526
10.1016/j.jcou.2016.11.015 | 40 bar | H2/CO2 3.04 | 1.5 NL/g/h,10.1016/j.jcou.2016.11.015,"Table 4, 493 K, CZA-3","CZA-3 [Table 4, 493 K, CZA-3]",219.85,40,3.04167,0.127,0.587,0.413,0,STY from mass GHSV,0.0383658,3779.4,14.7596,,952.466,970.276,1005.9,965.824,961.371,970.276,1063.36,1285.15,974.307,1067.39,0.012,0.012,0.012,0.012,0.012,0.012,0.012,0.012,0.012,0.012,0,16.0294,48.0882,12.0221,8.0147,16.0294,99.8062,299.419,19.6573,103.434
10.1016/j.jcou.2016.11.015 | 40 bar | H2/CO2 3.04 | 1.5 NL/g/h,10.1016/j.jcou.2016.11.015,"Table 4, 493 K, CZA-2","CZA-2 [Table 4, 493 K, CZA-2]",219.85,40,3.04167,0.118,0.562,0.438,0,STY from mass GHSV,0.0341288,4248.61,13.8637,,962.766,981.572,1019.18,976.87,972.169,981.572,1086.21,1333.11,987.319,1091.96,0.012,0.012,0.012,0.012,0.012,0.012,0.012,0.012,0.012,0.012,0,16.9257,50.7771,12.6943,8.46285,16.9257,111.103,333.31,22.0977,116.275
10.1016/j.jcou.2016.11.015 | 40 bar | H2/CO2 3.04 | 1.5 NL/g/h,10.1016/j.jcou.2016.11.015,"Table 4, 513 K, CZA-1","CZA-1 [Table 4, 513 K, CZA-1]",239.85,40,3.04167,0.141,0.336,0.664,0,STY from mass GHSV,0.0243815,5947.12,12.7937,,978.216,1002.51,1051.09,996.436,990.363,1002.51,1148.98,1490.52,1012.58,1159.06,0.016,0.016,0.016,0.016,0.016,0.016,0.016,0.016,0.016,0.016,0,21.8636,65.5909,16.3977,10.9318,21.8636,153.691,461.074,30.9319,162.76
10.1016/j.jcou.2016.11.015 | 40 bar | H2/CO2 3.04 | 1.5 NL/g/h,10.1016/j.jcou.2016.11.015,"Table 4, 493 K, CZA-1","CZA-1 [Table 4, 493 K, CZA-1]",219.85,40,3.04167,0.104,0.359,0.641,1.11022e-16,STY from mass GHSV,0.0192146,7546.36,12.7937,,1001.71,1032.54,1094.19,1024.83,1017.13,1032.54,1218.4,1651.78,1045.32,1231.19,0.013,0.013,0.013,0.013,0.013,0.013,0.013,0.013,0.013,0.013,0,27.743,83.2289,20.8072,13.8715,27.743,195.021,585.062,39.2497,206.527
10.1016/j.jcou.2022.102209 | 40 bar | H2/CO2 3 | 24 NL/g/h,10.1016/j.jcou.2022.102209,"SI Fig. S2, CoIn-73-BP-1, 285 °C","CoIn-73-BP-1 [SI Fig. S2, CoIn-73-BP-1, 285 °C]",285,40,3,0.08,0.64,0.31,0.05,STY from mass GHSV,0.439159,330.177,147.748,,2454.64,2470.21,2501.37,2466.32,2462.43,2470.21,2478.35,2525.76,2456.55,2464.68,0.097,0.097,0.097,0.097,0.097,0.097,0.097,0.097,0.097,0.097,0,14.0181,42.0543,10.5136,7.00905,14.0181,21.337,64.011,1.7173,9.03622
10.1016/j.jcou.2022.102209 | 40 bar | H2/CO2 3 | 24 NL/g/h,10.1016/j.jcou.2022.102209,"SI Fig. S2, CoIn-73-BP-1, 270 °C","CoIn-73-BP-1 [SI Fig. S2, CoIn-73-BP-1, 270 °C]",270,40,3,0.068,0.75,0.22,0.03,STY from mass GHSV,0.437443,331.472,147.748,,1868.64,1884.28,1915.55,1880.37,1876.46,1884.28,1892.44,1940.04,1870.56,1878.72,0.061,0.061,0.061,0.061,0.061,0.061,0.061,0.061,0.061,0.061,0,14.0731,42.2192,10.5548,7.03653,14.0731,21.4207,64.2621,1.72403,9.07165
10.1016/j.jcou.2022.102209 | 40 bar | H2/CO2 3 | 24 NL/g/h,10.1016/j.jcou.2022.102209,"SI Fig. S2, CoIn-73-BP-1, 300 °C","CoIn-73-BP-1 [SI Fig. S2, CoIn-73-BP-1, 300 °C]",300,40,3,0.097,0.51,0.42,0.07,STY from mass GHSV,0.42432,341.723,147.748,,3386.99,3403.11,3435.35,3399.08,3395.05,3403.11,3411.53,3460.6,3388.97,3397.38,0.149,0.149,0.149,0.149,0.149,0.149,0.149,0.149,0.149,0.149,0,14.5083,43.525,10.8812,7.25416,14.5083,22.0832,66.2496,1.77735,9.35222
10.1016/j.jcou.2022.102209 | 40 bar | H2/CO2 3 | 24 NL/g/h,10.1016/j.jcou.2022.102209,"SI Fig. S2, CoIn-73-BP-1, 255 °C","CoIn-73-BP-1 [SI Fig. S2, CoIn-73-BP-1, 255 °C]",255,40,3,0.058,0.84,0.14,0.02,STY from mass GHSV,0.417887,346.984,147.748,,1473.87,1490.24,1522.97,1486.14,1482.05,1490.24,1498.78,1548.61,1475.87,1484.42,0.035,0.035,0.035,0.035,0.035,0.035,0.035,0.035,0.035,0.035,0,14.7317,44.195,11.0487,7.36583,14.7317,22.4231,67.2694,1.80471,9.49619
10.1016/j.jcou.2022.102209 | 40 bar | H2/CO2 3 | 24 NL/g/h,10.1016/j.jcou.2022.102209,"SI Fig. S2, CoIn-73-BP-1, 240 °C","CoIn-73-BP-1 [SI Fig. S2, CoIn-73-BP-1, 240 °C]",240,40,3,0.052,0.9,0.09,0.01,STY from mass GHSV,0.401418,361.219,147.748,,1245.96,1263,1297.08,1258.74,1254.48,1263,1271.9,1323.77,1248.05,1256.95,0.021,0.021,0.021,0.021,0.021,0.021,0.021,0.021,0.021,0.021,0,15.336,46.0081,11.502,7.66802,15.336,23.3431,70.0292,1.87875,9.88578
10.1016/j.jcou.2022.102209 | 40 bar | H2/CO2 3 | 24 NL/g/h,10.1016/j.jcou.2022.102209,"SI Fig. S2, CoIn-64-BP-1, 300 °C","CoIn-64-BP-1 [SI Fig. S2, CoIn-64-BP-1, 300 °C]",300,40,3,0.078,0.48,0.455,0.065,STY from mass GHSV,0.321135,451.524,173.48,,3776.49,3801.5,3851.52,3795.24,3788.99,3801.5,3812.62,3884.88,3779.1,3790.22,0.129,0.129,0.129,0.129,0.129,0.129,0.129,0.129,0.129,0.129,0,22.5087,67.5261,16.8815,11.2544,22.5087,32.5175,97.5525,2.34844,12.3572
10.1016/j.jcou.2022.102209 | 40 bar | H2/CO2 3 | 24 NL/g/h,10.1016/j.jcou.2022.102209,"SI Fig. S2, CoIn-64-BP-1, 285 °C","CoIn-64-BP-1 [SI Fig. S2, CoIn-64-BP-1, 285 °C]",285,40,3,0.061,0.6,0.35,0.05,STY from mass GHSV,0.31393,461.887,173.48,,2793.5,2819.08,2870.25,2812.69,2806.29,2819.08,2830.46,2904.38,2796.17,2807.54,0.083,0.083,0.083,0.083,0.083,0.083,0.083,0.083,0.083,0.083,0,23.0253,69.0759,17.269,11.5127,23.0253,33.2638,99.7914,2.40234,12.6408
10.1016/j.jcou.2022.102209 | 40 bar | H2/CO2 3 | 24 NL/g/h,10.1016/j.jcou.2022.102209,"SI Fig. S2, CoIn-64-BP-1, 270 °C","CoIn-64-BP-1 [SI Fig. S2, CoIn-64-BP-1, 270 °C]",270,40,3,0.05,0.73,0.245,0.025,STY from mass GHSV,0.313072,463.152,173.48,,2007.81,2033.47,2084.77,2027.05,2020.64,2033.47,2044.87,2119,2010.49,2021.9,0.049,0.049,0.049,0.049,0.049,0.049,0.049,0.049,0.049,0.049,0,23.0884,69.2652,17.3163,11.5442,23.0884,33.3549,100.065,2.40892,12.6755
10.1016/j.jcou.2022.102209 | 40 bar | H2/CO2 3 | 24 NL/g/h,10.1016/j.jcou.2022.102209,"SI Fig. S2, CoIn-64-BP-1, 240 °C","CoIn-64-BP-1 [SI Fig. S2, CoIn-64-BP-1, 240 °C]",240,40,3,0.04,0.91,0.085,0.005,STY from mass GHSV,0.312214,464.424,173.48,,1222.4,1248.13,1299.58,1241.7,1235.27,1248.13,1259.57,1333.89,1225.09,1236.53,0.015,0.015,0.015,0.015,0.015,0.015,0.015,0.015,0.015,0.015,0,23.1518,69.4555,17.3639,11.5759,23.1518,33.4466,100.34,2.41554,12.7103
10.1016/j.jcou.2022.102209 | 40 bar | H2/CO2 3 | 24 NL/g/h,10.1016/j.jcou.2022.102209,"SI Fig. S2, CoIn-82-BP-1, 300 °C","CoIn-82-BP-1 [SI Fig. S2, CoIn-82-BP-1, 300 °C]",300,40,3,0.077,0.45,0.47,0.08,STY from mass GHSV,0.297204,487.88,118.74,,4151.47,4169.96,4206.96,4165.34,4160.72,4169.96,4181.98,4243.01,4154.29,4166.3,0.134,0.134,0.134,0.134,0.134,0.134,0.134,0.134,0.134,0.134,0,16.6468,49.9404,12.4851,8.3234,16.6468,27.4615,82.3844,2.53754,13.3522
10.1016/j.jcou.2022.102209 | 40 bar | H2/CO2 3 | 24 NL/g/h,10.1016/j.jcou.2022.102209,"SI Fig. S2, CoIn-64-BP-1, 255 °C","CoIn-64-BP-1 [SI Fig. S2, CoIn-64-BP-1, 255 °C]",255,40,3,0.042,0.82,0.17,0.01,STY from mass GHSV,0.295403,490.855,173.48,,1585.65,1612.84,1667.22,1606.04,1599.25,1612.84,1624.93,1703.48,1588.49,1600.58,0.029,0.029,0.029,0.029,0.029,0.029,0.029,0.029,0.029,0.029,0,24.4694,73.4082,18.3521,12.2347,24.4694,35.35,106.05,2.55301,13.4336
10.1016/j.jcou.2022.102209 | 40 bar | H2/CO2 3 | 24 NL/g/h,10.1016/j.jcou.2022.102209,"SI Fig. S2, CoIn-82-BP-1, 285 °C","CoIn-82-BP-1 [SI Fig. S2, CoIn-82-BP-1, 285 °C]",285,40,3,0.06,0.56,0.38,0.06,STY from mass GHSV,0.288198,503.127,118.74,,3126.02,3145.09,3183.24,3140.32,3135.56,3145.09,3157.49,3220.42,3128.93,3141.32,0.089,0.089,0.089,0.089,0.089,0.089,0.089,0.089,0.089,0.089,0,17.167,51.501,12.8753,8.58351,17.167,28.3197,84.959,2.61684,13.7695
10.1016/j.jcou.2022.102209 | 40 bar | H2/CO2 3 | 24 NL/g/h,10.1016/j.jcou.2022.102209,"SI Fig. S2, CoIn-82-BP-1, 270 °C","CoIn-82-BP-1 [SI Fig. S2, CoIn-82-BP-1, 270 °C]",270,40,3,0.048,0.67,0.305,0.025,STY from mass GHSV,0.275847,525.655,118.74,,2347.08,2367,2406.86,2362.02,2357.04,2367,2379.95,2445.7,2350.11,2363.06,0.056,0.056,0.056,0.056,0.056,0.056,0.056,0.056,0.056,0.056,0,17.9357,53.8071,13.4518,8.96784,17.9357,29.5877,88.7631,2.73401,14.386
10.1016/j.jcou.2022.102209 | 40 bar | H2/CO2 3 | 24 NL/g/h,10.1016/j.jcou.2022.102209,"SI Fig. S2, CoIn-82-BP-1, 255 °C","CoIn-82-BP-1 [SI Fig. S2, CoIn-82-BP-1, 255 °C]",255,40,3,0.04,0.8,0.185,0.015,STY from mass GHSV,0.274474,528.283,118.74,,1673.99,1694.02,1734.07,1689.01,1684,1694.02,1707.03,1773.11,1677.04,1690.05,0.03,0.03,0.03,0.03,0.03,0.03,0.03,0.03,0.03,0.03,0,18.0254,54.0761,13.519,9.01268,18.0254,29.7356,89.2069,2.74768,14.4579
10.1016/j.jcou.2022.102209 | 40 bar | H2/CO2 3 | 24 NL/g/h,10.1016/j.jcou.2022.102209,"Fig. 1/Table 1, CoIn-N, 300 °C","CoIn-N [Fig. 1/Table 1, CoIn-N, 300 °C]",300,40,3,0.066,0.47,0.44,0.09,STY from mass GHSV,0.266068,544.973,147.748,,4017.91,4043.61,4095.03,4037.19,4030.76,4043.61,4057.04,4135.3,4021.05,4034.48,0.114,0.114,0.114,0.114,0.114,0.114,0.114,0.114,0.114,0.114,0,23.1375,69.4126,17.3532,11.5688,23.1375,35.2178,105.653,2.83448,14.9147
10.1016/j.jcou.2022.102209 | 40 bar | H2/CO2 3 | 24 NL/g/h,10.1016/j.jcou.2022.102209,"Fig. 1, CoIn-N, 285 °C","CoIn-N [Fig. 1, CoIn-N, 285 °C]",285,40,3,0.052,0.59,0.353,0.057,STY from mass GHSV,0.263152,551.012,147.748,,2910.41,2936.41,2988.39,2929.91,2923.41,2936.41,2949.98,3029.11,2913.6,2927.17,0.073,0.073,0.073,0.073,0.073,0.073,0.073,0.073,0.073,0.073,0,23.394,70.1819,17.5455,11.697,23.394,35.6081,106.824,2.8659,15.08
10.1016/j.jcou.2022.102209 | 40 bar | H2/CO2 3 | 24 NL/g/h,10.1016/j.jcou.2022.102209,"SI Fig. S2, CoIn-82-BP-1, 240 °C","CoIn-82-BP-1 [SI Fig. S2, CoIn-82-BP-1, 240 °C]",240,40,3,0.035,0.86,0.135,0.005,STY from mass GHSV,0.258177,561.63,118.74,,1415.28,1436.58,1479.16,1431.25,1425.93,1436.58,1450.41,1520.66,1418.53,1432.36,0.019,0.019,0.019,0.019,0.019,0.019,0.019,0.019,0.019,0.019,0,19.1632,57.4895,14.3724,9.58159,19.1632,31.6126,94.8379,2.92112,15.3706
10.1016/j.jcou.2022.102209 | 40 bar | H2/CO2 3 | 24 NL/g/h,10.1016/j.jcou.2022.102209,"Fig. 1, CoIn-N, 270 °C","CoIn-N [Fig. 1, CoIn-N, 270 °C]",270,40,3,0.043,0.69,0.262,0.048,STY from mass GHSV,0.254489,569.769,147.748,,2271.01,2297.88,2351.64,2291.16,2284.45,2297.88,2311.92,2393.74,2274.3,2288.33,0.048,0.048,0.048,0.048,0.048,0.048,0.048,0.048,0.048,0.048,0,24.1903,72.5709,18.1427,12.0952,24.1903,36.8202,110.461,2.96345,15.5933
10.1016/j.jcou.2022.102209 | 40 bar | H2/CO2 3 | 24 NL/g/h,10.1016/j.jcou.2022.102209,"Fig. 1, CoIn-N, 255 °C","CoIn-N [Fig. 1, CoIn-N, 255 °C]",255,40,3,0.034,0.8,0.175,0.025,STY from mass GHSV,0.233303,621.509,147.748,,1705.62,1734.94,1793.57,1727.61,1720.28,1734.94,1750.24,1839.5,1709.21,1724.52,0.026,0.026,0.026,0.026,0.026,0.026,0.026,0.026,0.026,0.026,0,26.387,79.161,19.7903,13.1935,26.387,40.1638,120.491,3.23256,17.0094
10.1016/j.jcou.2022.102209 | 40 bar | H2/CO2 3 | 24 NL/g/h,10.1016/j.jcou.2022.102209,"Fig. 1, CoIn-N, 240 °C","CoIn-N [Fig. 1, CoIn-N, 240 °C]",240,40,3,0.03,0.88,0.105,0.015,STY from mass GHSV,0.226441,640.343,147.748,,1374.06,1404.27,1464.68,1396.72,1389.17,1404.27,1420.04,1512,1377.76,1393.53,0.015,0.015,0.015,0.015,0.015,0.015,0.015,0.015,0.015,0.015,0,27.1866,81.5598,20.39,13.5933,27.1866,41.3809,124.143,3.33052,17.5248
10.1016/j.jcou.2022.102209 | 40 bar | H2/CO2 3 | 24 NL/g/h,10.1016/j.jcou.2022.102209,"SI Fig. S2, CoIn-91-BP-1, 300 °C","CoIn-91-BP-1 [SI Fig. S2, CoIn-91-BP-1, 300 °C]",300,40,3,0.061,0.27,0.53,0.2,STY from mass GHSV,0.141268,1026.41,85.7874,,8352.84,8380.95,8437.18,8373.93,8366.9,8380.95,8406.24,8513.02,8358.77,8384.05,0.14,0.14,0.14,0.14,0.14,0.14,0.14,0.14,0.14,0.14,0,25.3027,75.9082,18.977,12.6514,25.3027,48.0549,144.165,5.33854,28.0907
10.1016/j.jcou.2022.102209 | 40 bar | H2/CO2 3 | 24 NL/g/h,10.1016/j.jcou.2022.102209,"SI Fig. S2, CoIn-91-BP-1, 285 °C","CoIn-91-BP-1 [SI Fig. S2, CoIn-91-BP-1, 285 °C]",285,40,3,0.043,0.38,0.48,0.14,STY from mass GHSV,0.140153,1034.58,85.7874,,5655.53,5683.87,5740.54,5676.78,5669.7,5683.87,5709.35,5816.99,5661.51,5686.99,0.089,0.089,0.089,0.089,0.089,0.089,0.089,0.089,0.089,0.089,0,25.504,76.5121,19.128,12.752,25.504,48.4372,145.312,5.38101,28.3142
10.1016/j.jcou.2022.102209 | 40 bar | H2/CO2 3 | 24 NL/g/h,10.1016/j.jcou.2022.102209,"SI Fig. S2, In-BP-1, 300 °C","In-BP-1 [SI Fig. S2, In-BP-1, 300 °C]",300,40,3,0.044,0.37,0.63,0,STY from mass GHSV,0.139639,1038.39,282.287,,5605.68,5699.27,5886.45,5675.87,5652.48,5699.27,5724.85,5963.18,5611.68,5637.26,0.092,0.092,0.092,0.092,0.092,0.092,0.092,0.092,0.092,0.092,0,84.2313,252.694,63.1735,42.1156,84.2313,107.249,321.747,5.40084,28.4186
10.1016/j.jcou.2022.102209 | 40 bar | H2/CO2 3 | 24 NL/g/h,10.1016/j.jcou.2022.102209,"SI Fig. S2, CoIn-91-BP-1, 270 °C","CoIn-91-BP-1 [SI Fig. S2, CoIn-91-BP-1, 270 °C]",270,40,3,0.032,0.5,0.4,0.1,STY from mass GHSV,0.137237,1056.57,85.7874,,3957.39,3986.33,4044.21,3979.1,3971.86,3986.33,4012.36,4122.28,3963.5,3989.52,0.056,0.056,0.056,0.056,0.056,0.056,0.056,0.056,0.056,0.056,0,26.046,78.138,19.5345,13.023,26.046,49.4665,148.4,5.49536,28.9159
10.1016/j.jcou.2022.102209 | 40 bar | H2/CO2 3 | 24 NL/g/h,10.1016/j.jcou.2022.102209,"SI Fig. S2, CoIn-91-BP-1, 255 °C","CoIn-91-BP-1 [SI Fig. S2, CoIn-91-BP-1, 255 °C]",255,40,3,0.024,0.63,0.3,0.07,STY from mass GHSV,0.129689,1118.06,85.7874,,2765.81,2796.43,2857.68,2788.78,2781.12,2796.43,2823.97,2940.29,2772.27,2799.81,0.032,0.032,0.032,0.032,0.032,0.032,0.032,0.032,0.032,0.032,0,27.5619,82.6857,20.6714,13.7809,27.5619,52.3455,157.037,5.81519,30.5988
10.1016/j.jcou.2022.102209 | 40 bar | H2/CO2 3 | 24 NL/g/h,10.1016/j.jcou.2022.102209,"SI Fig. S2, CoIn-91-BP-1, 240 °C","CoIn-91-BP-1 [SI Fig. S2, CoIn-91-BP-1, 240 °C]",240,40,3,0.02,0.73,0.23,0.04,STY from mass GHSV,0.125229,1157.88,85.7874,,2111.22,2142.94,2206.37,2135.01,2127.08,2142.94,2171.46,2291.92,2117.92,2146.43,0.02,0.02,0.02,0.02,0.02,0.02,0.02,0.02,0.02,0.02,0,28.5436,85.6307,21.4077,14.2718,28.5436,54.2099,162.63,6.02231,31.6887
10.1016/j.jcou.2022.102209 | 40 bar | H2/CO2 3 | 24 NL/g/h,10.1016/j.jcou.2022.102209,"SI Fig. S2, In-BP-1, 285 °C","In-BP-1 [SI Fig. S2, In-BP-1, 285 °C]",285,40,3,0.032,0.44,0.56,0,STY from mass GHSV,0.120769,1200.64,282.287,,4593.82,4702.03,4918.46,4674.98,4647.92,4702.03,4731.6,5007.17,4600.76,4630.33,0.062,0.062,0.062,0.062,0.062,0.062,0.062,0.062,0.062,0.062,0,97.3924,292.177,73.0443,48.6962,97.3924,124.007,372.02,6.24472,32.859
10.1016/j.jcou.2022.102209 | 40 bar | H2/CO2 3 | 24 NL/g/h,10.1016/j.jcou.2022.102209,"SI Fig. S1, 1.04 wt% K/CoIn-N, 300 °C","1.04 wt% K/CoIn-N [SI Fig. S1, 1.04 wt% K/CoIn-N, 300 °C]",300,40,3,0.069,0.18,0.796,0.024,STY from mass GHSV,0.10653,1361.12,146.054,,12312.6,12376.1,12503.1,12360.2,12344.4,12376.1,12409.6,12603.6,12320.5,12354,0.17,0.17,0.17,0.17,0.17,0.17,0.17,0.17,0.17,0.17,0,57.1253,171.376,42.844,28.5627,57.1253,87.2967,261.89,7.07936,37.2508
10.1016/j.jcou.2022.102209 | 40 bar | H2/CO2 3 | 24 NL/g/h,10.1016/j.jcou.2022.102209,"SI Fig. S1, 1.04 wt% K/CoIn-N, 285 °C","1.04 wt% K/CoIn-N [SI Fig. S1, 1.04 wt% K/CoIn-N, 285 °C]",285,40,3,0.049,0.25,0.732,0.018,STY from mass GHSV,0.105072,1380,146.054,,8957.78,9022.13,9150.84,9006.05,8989.96,9022.13,9056.12,9252.81,8965.76,8999.75,0.118,0.118,0.118,0.118,0.118,0.118,0.118,0.118,0.118,0.118,0,57.9181,173.754,43.4386,28.959,57.9181,88.5082,265.525,7.17761,37.7677
10.1016/j.jcou.2022.102209 | 40 bar | H2/CO2 3 | 24 NL/g/h,10.1016/j.jcou.2022.102209,"SI Fig. S1, 1.04 wt% K/CoIn-N, 255 °C","1.04 wt% K/CoIn-N [SI Fig. S1, 1.04 wt% K/CoIn-N, 255 °C]",255,40,3,0.026,0.43,0.563,0.007,STY from mass GHSV,0.0958944,1512.08,146.054,,4834.03,4904.54,5045.57,4886.91,4869.29,4904.54,4941.78,5157.29,4842.77,4880.01,0.052,0.052,0.052,0.052,0.052,0.052,0.052,0.052,0.052,0.052,0,63.4612,190.384,47.5959,31.7306,63.4612,96.979,290.937,7.86455,41.3823
10.1016/j.jcou.2022.102209 | 40 bar | H2/CO2 3 | 24 NL/g/h,10.1016/j.jcou.2022.102209,"SI Fig. S1, 1.04 wt% K/CoIn-N, 270 °C","1.04 wt% K/CoIn-N [SI Fig. S1, 1.04 wt% K/CoIn-N, 270 °C]",270,40,3,0.033,0.33,0.657,0.013,STY from mass GHSV,0.093407,1552.35,146.054,,6697.69,6770.08,6914.86,6751.98,6733.88,6770.08,6808.31,7029.56,6706.66,6744.89,0.075,0.075,0.075,0.075,0.075,0.075,0.075,0.075,0.075,0.075,0,65.1512,195.454,48.8634,32.5756,65.1512,99.5616,298.685,8.07399,42.4843
10.1016/j.jcou.2022.102209 | 40 bar | H2/CO2 3 | 24 NL/g/h,10.1016/j.jcou.2022.102209,"SI Fig. S2, In-BP-1, 270 °C","In-BP-1 [SI Fig. S2, In-BP-1, 270 °C]",270,40,3,0.022,0.48,0.52,0,STY from mass GHSV,0.0905765,1600.86,282.287,,4192.72,4337.01,4625.58,4300.94,4264.87,4337.01,4376.44,4743.86,4201.98,4241.4,0.041,0.041,0.041,0.041,0.041,0.041,0.041,0.041,0.041,0.041,0,129.857,389.57,97.3924,64.9283,129.857,165.342,496.027,8.3263,43.812
10.1016/j.jcou.2022.102209 | 40 bar | H2/CO2 3 | 24 NL/g/h,10.1016/j.jcou.2022.102209,"SI Fig. S1, 1.04 wt% K/CoIn-N, 240 °C","1.04 wt% K/CoIn-N [SI Fig. S1, 1.04 wt% K/CoIn-N, 240 °C]",240,40,3,0.018,0.52,0.475,0.005,STY from mass GHSV,0.0802837,1806.1,146.054,,3743.45,3827.67,3996.12,3806.62,3785.56,3827.67,3872.16,4129.57,3753.89,3798.37,0.031,0.031,0.031,0.031,0.031,0.031,0.031,0.031,0.031,0.031,0,75.8009,227.403,56.8507,37.9005,75.8009,115.836,347.508,9.39377,49.4289
10.1016/j.jcou.2022.102209 | 40 bar | H2/CO2 3 | 24 NL/g/h,10.1016/j.jcou.2022.102209,"SI Fig. S2, In-BP-1, 255 °C","In-BP-1 [SI Fig. S2, In-BP-1, 255 °C]",255,40,3,0.016,0.49,0.51,0,STY from mass GHSV,0.0672462,2156.26,282.287,,4084.17,4278.51,4667.2,4229.93,4181.34,4278.51,4331.62,4826.52,4096.63,4149.74,0.029,0.029,0.029,0.029,0.029,0.029,0.029,0.029,0.029,0.029,0,174.909,524.726,131.182,87.4544,174.909,222.706,668.118,11.215,59.012
10.1016/j.jcou.2022.102209 | 40 bar | H2/CO2 3 | 24 NL/g/h,10.1016/j.jcou.2022.102209,"SI Fig. S2, In-BP-1, 240 °C","In-BP-1 [SI Fig. S2, In-BP-1, 240 °C]",240,40,3,0.012,0.55,0.45,0,STY from mass GHSV,0.0566103,2561.37,282.287,,3543.22,3774.07,4235.78,3716.36,3658.64,3774.07,3837.16,4425.04,3558.02,3621.1,0.02,0.02,0.02,0.02,0.02,0.02,0.02,0.02,0.02,0.02,0,207.77,623.311,155.828,103.885,207.77,264.548,793.643,13.3221,70.0991
10.1016/j.jes.2023.05.010 | 30 bar | H2/CO2 4 | 18 NL/g/h,10.1016/j.jes.2023.05.010,"Fig. 6a,b and text, Au/In2O3-NS, 300°C","Au/In2O3-NS [Fig. 6a,b and text, Au/In2O3-NS, 300°C]",300,30,4,0.127,0.598,0.402,0,printed STY,0.32,453.125,1441.55,,2638.59,2847.15,3264.27,2795.01,2742.87,2687.44,2858.31,3297.75,2641.21,2652.37,0.131,0.131,0.131,0.131,0.131,0.131,0.131,0.131,0.131,0.131,0,187.702,563.105,140.776,93.8509,43.9617,197.746,593.238,2.35677,12.401
10.1016/j.jes.2023.05.010 | 30 bar | H2/CO2 4 | 18 NL/g/h,10.1016/j.jes.2023.05.010,"Fig. 6a,b, Au/In2O3-NP, 300°C","Au/In2O3-NP [Fig. 6a,b, Au/In2O3-NP, 300°C]",300,30,4,0.0803,0.5483,0.4517,0,printed STY,0.19,763.158,1430.18,,3195.31,3543.79,4240.77,3456.67,3369.55,3277.44,3562.59,4297.15,3199.72,3218.52,0.097,0.097,0.097,0.097,0.097,0.097,0.097,0.097,0.097,0.097,0,313.637,940.911,235.228,156.818,73.9217,330.554,991.661,3.9693,20.886
10.1016/j.jes.2023.05.010 | 30 bar | H2/CO2 4 | 18 NL/g/h,10.1016/j.jes.2023.05.010,"Fig. 6a,b, Au/In2O3-NS, 275°C","Au/In2O3-NS [Fig. 6a,b, Au/In2O3-NS, 275°C]",275,30,4,0.058,0.64,0.36,0,printed STY,0.16,906.25,1441.55,,2569.43,2986.54,3820.77,2882.26,2777.98,2667.12,3008.86,3887.73,2574.66,2596.99,0.059,0.059,0.059,0.059,0.059,0.059,0.059,0.059,0.059,0.059,0,375.403,1126.21,281.553,187.702,87.9233,395.492,1186.48,4.71354,24.8021
10.1016/j.jes.2023.05.010 | 30 bar | H2/CO2 4 | 18 NL/g/h,10.1016/j.jes.2023.05.010,"Fig. 6a,b, Au/In2O3-HM, 300°C","Au/In2O3-HM [Fig. 6a,b, Au/In2O3-HM, 300°C]",300,30,4,0.0634,0.5729,0.4271,0,printed STY,0.13,1115.38,1452.91,,3045.7,3563.12,4597.96,3433.77,3304.41,3166.13,3590.6,4680.38,3052.15,3079.62,0.074,0.074,0.074,0.074,0.074,0.074,0.074,0.074,0.074,0.074,0,465.678,1397.03,349.258,232.839,108.387,490.402,1471.21,5.80128,30.5256
10.1016/j.jes.2023.05.010 | 30 bar | H2/CO2 4 | 18 NL/g/h,10.1016/j.jes.2023.05.010,"Fig. 6a,b, Au/In2O3-NP, 275°C","Au/In2O3-NP [Fig. 6a,b, Au/In2O3-NP, 275°C]",275,30,4,0.037,0.67,0.33,0,printed STY,0.107,1355.14,1430.18,,2458.34,3077.14,4314.76,2922.44,2767.74,2604.19,3110.52,4414.89,2466.17,2499.55,0.036,0.036,0.036,0.036,0.036,0.036,0.036,0.036,0.036,0.036,0,556.925,1670.78,417.694,278.463,131.263,586.964,1760.89,7.04829,37.0872
10.1016/j.jes.2023.05.010 | 30 bar | H2/CO2 4 | 18 NL/g/h,10.1016/j.jes.2023.05.010,"Fig. 6a,b, Au/In2O3-HM, 275°C","Au/In2O3-HM [Fig. 6a,b, Au/In2O3-HM, 275°C]",275,30,4,0.031,0.66,0.34,0,printed STY,0.09,1611.11,1452.91,,2543.91,3291.29,4786.06,3104.45,2917.6,2717.86,3330.97,4905.1,2553.22,2592.9,0.031,0.031,0.031,0.031,0.031,0.031,0.031,0.031,0.031,0.031,0,672.646,2017.94,504.484,336.323,156.559,708.359,2125.08,8.37963,44.0926
10.1016/j.jes.2023.05.010 | 30 bar | H2/CO2 4 | 18 NL/g/h,10.1016/j.jes.2023.05.010,"Fig. 6a,b, Au/In2O3-NS, 250°C","Au/In2O3-NS [Fig. 6a,b, Au/In2O3-NS, 250°C]",250,30,4,0.025,0.65,0.35,0,printed STY,0.078,1858.97,1441.55,,2655.51,3511.13,5222.37,3297.23,3083.32,2855.91,3556.92,5359.73,2666.25,2712.04,0.026,0.026,0.026,0.026,0.026,0.026,0.026,0.026,0.026,0.026,0,770.058,2310.18,577.544,385.029,180.356,811.266,2433.8,9.6688,50.8761
10.1016/j.jes.2023.05.010 | 30 bar | H2/CO2 4 | 18 NL/g/h,10.1016/j.jes.2023.05.010,"Fig. 6a,b, Au/In2O3-NP, 250°C","Au/In2O3-NP [Fig. 6a,b, Au/In2O3-NP, 250°C]",250,30,4,0.012,0.75,0.25,0,printed STY,0.052,2788.46,1430.18,,2087.89,3361.2,5907.83,3042.88,2724.55,2388,3429.88,6113.86,2104.01,2172.69,0.009,0.009,0.009,0.009,0.009,0.009,0.009,0.009,0.009,0.009,0,1145.98,3437.94,859.486,572.99,270.099,1207.79,3623.38,14.5032,76.3141
10.1016/j.jes.2023.05.010 | 30 bar | H2/CO2 4 | 18 NL/g/h,10.1016/j.jes.2023.05.010,"Fig. 6a,b, Au/In2O3-HM, 250°C","Au/In2O3-HM [Fig. 6a,b, Au/In2O3-HM, 250°C]",250,30,4,0.009,0.66,0.34,0,printed STY,0.034,4264.71,1452.91,,2879.73,4858.1,8814.84,4363.51,3868.91,3340.2,4963.14,9129.95,2904.37,3009.41,0.01,0.01,0.01,0.01,0.01,0.01,0.01,0.01,0.01,0.01,0,1780.53,5341.6,1335.4,890.266,414.422,1875.07,5625.2,22.1814,116.716
10.1016/j.jes.2023.05.010 | 30 bar | H2/CO2 4 | 18 NL/g/h,10.1016/j.jes.2023.05.010,"Fig. 6a,b, Au/In2O3-NS, 225°C","Au/In2O3-NS [Fig. 6a,b, Au/In2O3-NS, 225°C]",225,30,4,0.01,0.48,0.52,0,printed STY,0.017,8529.41,1441.55,,4507.87,8433.66,16285.2,7452.21,6470.77,5427.33,8643.74,16915.5,4557.16,4767.24,0.015,0.015,0.015,0.015,0.015,0.015,0.015,0.015,0.015,0.015,0,3533.21,10599.6,2649.91,1766.6,827.514,3722.28,11166.8,44.3627,233.431
10.1016/j.jes.2023.05.010 | 30 bar | H2/CO2 4 | 18 NL/g/h,10.1016/j.jes.2023.05.010,"Fig. 6a,b, Au/In2O3-NP, 225°C","Au/In2O3-NP [Fig. 6a,b, Au/In2O3-NP, 225°C]",225,30,4,0.004,0.94,0.06,0,printed STY,0.014,10357.1,1430.18,,2519.06,7248.5,16707.4,6066.14,4883.78,3633.75,7503.59,17472.7,2578.91,2834,0.005,0.005,0.005,0.005,0.005,0.005,0.005,0.005,0.005,0.005,0,4256.5,12769.5,3192.38,2128.25,1003.22,4486.08,13458.3,53.869,283.452
10.1016/j.jes.2023.05.010 | 30 bar | H2/CO2 4 | 18 NL/g/h,10.1016/j.jes.2023.05.010,"Fig. 6a,b, Au/In2O3-HM, 225°C","Au/In2O3-HM [Fig. 6a,b, Au/In2O3-HM, 225°C]",225,30,4,0.003,0.91,0.09,0,printed STY,0.012,12083.3,1452.91,,3122.69,8728.07,19938.8,7326.72,5925.38,4427.35,9025.68,20831.7,3192.52,3490.13,0.005,0.005,0.005,0.005,0.005,0.005,0.005,0.005,0.005,0.005,0,5044.84,15134.5,3783.63,2522.42,1174.19,5312.69,15938.1,62.8472,330.694
10.1016/j.jes.2023.05.010 | 30 bar | H2/CO2 4 | 18 NL/g/h,10.1016/j.jes.2023.05.010,"Fig. 6a,b, Au/In2O3-NS, 200°C","Au/In2O3-NS [Fig. 6a,b, Au/In2O3-NS, 200°C]",200,30,4,0.003,0.42,0.58,0,printed STY,0.006,24166.7,1441.55,,6813.42,17936.5,40182.6,15155.7,12375,9418.56,18531.7,41968.3,6953.08,7548.3,0.006,0.006,0.006,0.006,0.006,0.006,0.006,0.006,0.006,0.006,0,10010.8,30032.3,7508.07,5005.38,2344.62,10546.5,31639.4,125.694,661.389
10.1016/j.jes.2023.05.010 | 30 bar | H2/CO2 4 | 18 NL/g/h,10.1016/j.jes.2023.05.010,"Fig. 6a,b, Au/In2O3-NP, 200°C","Au/In2O3-NP [Fig. 6a,b, Au/In2O3-NP, 200°C]",200,30,4,0.002,0.7,0.3,0,printed STY,0.004,36250,1430.18,,5312.11,21865.2,54971.3,17726.9,13588.6,9213.53,22758,57649.7,5521.6,6414.42,0.005,0.005,0.005,0.005,0.005,0.005,0.005,0.005,0.005,0.005,0,14897.8,44693.3,11173.3,7448.88,3511.28,15701.3,47103.9,188.542,992.083
10.1016/j.jes.2023.05.010 | 30 bar | H2/CO2 4 | 18 NL/g/h,10.1016/j.jes.2023.05.010,"Fig. 6a,b, Au/In2O3-HM, 200°C","Au/In2O3-HM [Fig. 6a,b, Au/In2O3-HM, 200°C]",200,30,4,0.001,0.69,0.31,0,printed STY,0.003,48333.3,1452.91,,9535.33,31956.9,76799.9,26351.5,20746.1,14754,33147.3,80371.2,9814.65,11005.1,0.005,0.005,0.005,0.005,0.005,0.005,0.005,0.005,0.005,0.005,0,20179.4,60538.1,15134.5,10089.7,4696.78,21250.8,63752.3,251.389,1322.78
10.1016/j.jes.2023.05.010 | 30 bar | H2/CO2 4 | 18000 h-1,10.1016/j.jes.2023.05.010,SI Table S5 row In2O3-NS,In2O3-NS [SI Table S5 row In2O3-NS],300,30,4,0.0915,0.4408,0.5592,0,printed STY,0.17,852.941,282.287,,4271.55,4348.43,4502.18,4329.21,4309.99,4348.43,4369.44,4565.2,4276.48,4297.49,0.13,0.13,0.13,0.13,0.13,0.13,0.13,0.13,0.13,0.13,0,69.1879,207.564,51.8909,34.594,69.1879,88.0948,264.284,4.43627,23.3431
10.1016/j.jes.2023.05.010 | 30 bar | H2/CO2 4 | 18000 h-1,10.1016/j.jes.2023.05.010,SI Table S5 row In2O3-NP,In2O3-NP [SI Table S5 row In2O3-NP],300,30,4,0.0746,0.4761,0.5239,0,printed STY,0.15,966.667,282.287,,3949.65,4036.78,4211.03,4014.99,3993.21,4036.78,4060.58,4282.45,3955.24,3979.04,0.103,0.103,0.103,0.103,0.103,0.103,0.103,0.103,0.103,0.103,0,78.413,235.239,58.8097,39.2065,78.413,99.8408,299.522,5.02778,26.4556
10.1016/j.jes.2023.05.010 | 30 bar | H2/CO2 4 | 18000 h-1,10.1016/j.jes.2023.05.010,SI Table S5 row In2O3-HM,In2O3-HM [SI Table S5 row In2O3-HM],300,30,4,0.0543,0.5323,0.4677,0,printed STY,0.12,1208.33,282.287,,3470.58,3579.49,3797.3,3552.26,3525.03,3579.49,3609.25,3886.58,3477.56,3507.32,0.07,0.07,0.07,0.07,0.07,0.07,0.07,0.07,0.07,0.07,0,98.0162,294.049,73.5122,49.0081,98.0162,124.801,374.403,6.28472,33.0694
10.1016/j.jes.2023.05.010 | 30 bar | H2/CO2 4 | 18000 h-1,10.1016/j.jes.2023.05.010,"SI Figure S4a,b, In2O3-NS, 275 °C","In2O3-NS [SI Figure S4a,b, In2O3-NS, 275 °C]",275,30,4,0.041,0.55,0.45,0,printed STY,0.101,1435.64,282.287,,3373.75,3503.14,3761.93,3470.79,3438.44,3503.14,3538.5,3868.01,3382.04,3417.4,0.052,0.052,0.052,0.052,0.052,0.052,0.052,0.052,0.052,0.052,0,116.455,349.365,87.3412,58.2275,116.455,148.278,444.835,7.467,39.2904
10.1016/j.jes.2023.05.010 | 30 bar | H2/CO2 4 | 18000 h-1,10.1016/j.jes.2023.05.010,"SI Figure S4a,b, In2O3-NP, 275 °C","In2O3-NP [SI Figure S4a,b, In2O3-NP, 275 °C]",275,30,4,0.032,0.52,0.48,0,printed STY,0.08,1812.5,282.287,,3762.57,3925.93,4252.65,3885.09,3844.25,3925.93,3970.57,4386.57,3773.04,3817.68,0.044,0.044,0.044,0.044,0.044,0.044,0.044,0.044,0.044,0.044,0,147.024,441.073,110.268,73.5122,147.024,187.201,561.604,9.42708,49.6042
10.1016/j.jes.2023.05.010 | 30 bar | H2/CO2 4 | 18000 h-1,10.1016/j.jes.2023.05.010,"SI Figure S4a,b, In2O3-HM, 275 °C","In2O3-HM [SI Figure S4a,b, In2O3-HM, 275 °C]",275,30,4,0.026,0.54,0.46,0,printed STY,0.067,2164.18,282.287,,3552.5,3747.56,4137.67,3698.8,3650.03,3747.56,3800.86,4297.58,3565.01,3618.31,0.034,0.034,0.034,0.034,0.034,0.034,0.034,0.034,0.034,0.034,0,175.551,526.654,131.664,87.7757,175.551,223.524,670.572,11.2562,59.2289
10.1016/j.jes.2023.05.010 | 30 bar | H2/CO2 4 | 18000 h-1,10.1016/j.jes.2023.05.010,"SI Figure S4a,b, In2O3-NS, 250 °C","In2O3-NS [SI Figure S4a,b, In2O3-NS, 250 °C]",250,30,4,0.018,0.62,0.38,0,printed STY,0.049,2959.18,282.287,,2911.26,3177.98,3711.4,3111.3,3044.62,3177.98,3250.86,3930.05,2928.37,3001.25,0.02,0.02,0.02,0.02,0.02,0.02,0.02,0.02,0.02,0.02,0,240.04,720.119,180.03,120.02,240.04,305.635,916.905,15.3912,80.9864
10.1016/j.jes.2023.05.010 | 30 bar | H2/CO2 4 | 18000 h-1,10.1016/j.jes.2023.05.010,"SI Figure S4a,b, In2O3-NP, 250 °C","In2O3-NP [SI Figure S4a,b, In2O3-NP, 250 °C]",250,30,4,0.013,0.59,0.41,0,printed STY,0.034,4264.71,282.287,,3278.85,3663.23,4431.98,3567.13,3471.04,3663.23,3768.27,4747.1,3303.5,3408.54,0.016,0.016,0.016,0.016,0.016,0.016,0.016,0.016,0.016,0.016,0,345.94,1037.82,259.455,172.97,345.94,440.474,1321.42,22.1814,116.716
10.1016/j.jes.2023.05.010 | 30 bar | H2/CO2 4 | 18000 h-1,10.1016/j.jes.2023.05.010,"SI Figure S4a,b, In2O3-HM, 250 °C","In2O3-HM [SI Figure S4a,b, In2O3-HM, 250 °C]",250,30,4,0.011,0.64,0.36,0,printed STY,0.031,4677.42,282.287,,2887.26,3308.84,4151.99,3203.44,3098.05,3308.84,3424.04,4497.6,2914.29,3029.5,0.012,0.012,0.012,0.012,0.012,0.012,0.012,0.012,0.012,0.012,0,379.418,1138.25,284.563,189.709,379.418,483.1,1449.3,24.328,128.011
10.1016/j.jes.2023.05.010 | 30 bar | H2/CO2 4 | 18000 h-1,10.1016/j.jes.2023.05.010,"SI Figure S4a,b, In2O3-NS, 225 °C","In2O3-NS [SI Figure S4a,b, In2O3-NS, 225 °C]",225,30,4,0.005,0.88,0.12,0,printed STY,0.017,8529.41,282.287,,2309.95,3078.71,4616.22,2886.52,2694.33,3078.71,3288.79,5246.45,2359.25,2569.32,0.005,0.005,0.005,0.005,0.005,0.005,0.005,0.005,0.005,0.005,0,691.879,2075.64,518.909,345.94,691.879,880.948,2642.84,44.3627,233.431
10.1016/j.jes.2023.05.010 | 30 bar | H2/CO2 4 | 18000 h-1,10.1016/j.jes.2023.05.010,"SI Figure S4a,b, In2O3-NP, 225 °C","In2O3-NP [SI Figure S4a,b, In2O3-NP, 225 °C]",225,30,4,0.0045,0.86,0.14,0,printed STY,0.015,9666.67,282.287,,2506.33,3377.59,5120.1,3159.78,2941.96,3377.59,3615.68,5834.36,2562.2,2800.29,0.005,0.005,0.005,0.005,0.005,0.005,0.005,0.005,0.005,0.005,0,784.13,2352.39,588.097,392.065,784.13,998.408,2995.22,50.2778,264.556
10.1016/j.jes.2023.05.010 | 30 bar | H2/CO2 4 | 18000 h-1,10.1016/j.jes.2023.05.010,"SI Figure S4a,b, In2O3-HM, 225 °C","In2O3-HM [SI Figure S4a,b, In2O3-HM, 225 °C]",225,30,4,0.0035,0.9,0.1,0,printed STY,0.012,12083.3,282.287,,2842.77,3931.84,6109.98,3659.57,3387.3,3931.84,4229.45,7002.8,2912.6,3210.21,0.005,0.005,0.005,0.005,0.005,0.005,0.005,0.005,0.005,0.005,0,980.162,2940.49,735.122,490.081,980.162,1248.01,3744.03,62.8472,330.694
10.1016/j.jes.2023.05.010 | 30 bar | H2/CO2 4 | 18000 h-1,10.1016/j.jes.2023.05.010,"SI Figure S4a,b, In2O3-NS, 200 °C","In2O3-NS [SI Figure S4a,b, In2O3-NS, 200 °C]",200,30,4,0.002,0.61,0.39,0,printed STY,0.004,36250,282.287,,5987.15,9254.36,15788.8,8437.55,7620.75,9254.36,10147.2,18467.2,6196.64,7089.46,0.005,0.005,0.005,0.005,0.005,0.005,0.005,0.005,0.005,0.005,0,2940.49,8821.46,2205.37,1470.24,2940.49,3744.03,11232.1,188.542,992.083
10.1016/j.jes.2023.05.010 | 30 bar | H2/CO2 4 | 18000 h-1,10.1016/j.jes.2023.05.010,"SI Figure S4a,b, In2O3-NP, 200 °C","In2O3-NP [SI Figure S4a,b, In2O3-NP, 200 °C]",200,30,4,0.001,0.53,0.47,0,printed STY,0.003,48333.3,282.287,,12160.1,16516.3,25228.9,15427.3,14338.2,16516.3,17706.8,28800.2,12439.4,13629.8,0.005,0.005,0.005,0.005,0.005,0.005,0.005,0.005,0.005,0.005,0,3920.65,11761.9,2940.49,1960.32,3920.65,4992.04,14976.1,251.389,1322.78
10.1016/j.jes.2023.05.010 | 30 bar | H2/CO2 4 | 18000 h-1,10.1016/j.jes.2023.05.010,"SI Figure S4a,b, In2O3-HM, 200 °C","In2O3-HM [SI Figure S4a,b, In2O3-HM, 200 °C]",200,30,4,0.0005,0.84,0.16,0,printed STY,0.002,72500,282.287,,14765.1,21299.5,34368.4,19665.9,18032.3,21299.5,23085.2,39725.3,15184.1,16969.7,0.005,0.005,0.005,0.005,0.005,0.005,0.005,0.005,0.005,0.005,0,5880.97,17642.9,4410.73,2940.49,5880.97,7488.06,22464.2,377.083,1984.17
10.1016/j.mcat.2020.111105 | 30 bar | H2/CO2 3 | 10000 h-1,10.1016/j.mcat.2020.111105,"Fig. 7/Table 2, 35-CuO, 280 °C","35-CuO [Fig. 7/Table 2, 35-CuO, 280 °C]",280,30,3,0.132,0.718,0.203,0.079,STY from volumetric GHSV (assumed density),0.338718,428.084,20.2179,,1937.47,1940.23,1945.76,1939.54,1938.85,1940.23,1950.78,1977.39,1939.94,1950.49,0.115,0.115,0.115,0.115,0.115,0.115,0.115,0.115,0.115,0.115,0,2.48707,7.4612,1.8653,1.24353,2.48707,11.9763,35.9288,2.22653,11.7157
10.1016/j.mcat.2020.111105 | 30 bar | H2/CO2 3 | 10000 h-1,10.1016/j.mcat.2020.111105,"Fig. 7, 35-CuO, 260 °C","35-CuO [Fig. 7, 35-CuO, 260 °C]",260,30,3,0.1,0.85,0.15,2.77556e-17,STY from volumetric GHSV (assumed density),0.30378,477.319,20.2179,,1372.46,1375.54,1381.7,1374.77,1374,1375.54,1387.3,1416.97,1375.22,1386.98,0.056,0.056,0.056,0.056,0.056,0.056,0.056,0.056,0.056,0.056,0,2.77311,8.31932,2.07983,1.38655,2.77311,13.3537,40.061,2.48261,13.0632
10.1016/j.mcat.2020.111105 | 30 bar | H2/CO2 3 | 10000 h-1,10.1016/j.mcat.2020.111105,"Fig. 7, 35-CuO, 240 °C","35-CuO [Fig. 7, 35-CuO, 240 °C]",240,30,3,0.091,0.93,0.05,0.02,STY from volumetric GHSV (assumed density),0.302458,479.406,20.2179,,1118.13,1121.22,1127.41,1120.45,1119.67,1121.22,1133.03,1162.83,1120.9,1132.7,0.027,0.027,0.027,0.027,0.027,0.027,0.027,0.027,0.027,0.027,0,2.78523,8.35569,2.08892,1.39262,2.78523,13.4121,40.2362,2.49346,13.1203
10.1016/j.mcat.2020.111105 | 30 bar | H2/CO2 3 | 10000 h-1,10.1016/j.mcat.2020.111105,"Fig. 7, 35-CuO, 220 °C","35-CuO [Fig. 7, 35-CuO, 220 °C]",220,30,3,0.07,0.964,0.02,0.016,STY from volumetric GHSV (assumed density),0.241166,601.247,20.2179,,1021.68,1025.56,1033.32,1024.59,1023.62,1025.56,1040.37,1077.75,1025.15,1039.96,0.013,0.013,0.013,0.013,0.013,0.013,0.013,0.013,0.013,0.013,0,3.4931,10.4793,2.61982,1.74655,3.4931,16.8207,50.4622,3.12717,16.4548
10.1016/j.mcat.2020.111105 | 30 bar | H2/CO2 3 | 10000 h-1,10.1016/j.mcat.2020.111105,"Fig. 7, 35-CuO, 300 °C","35-CuO [Fig. 7, 35-CuO, 300 °C]",300,30,3,0.156,0.41,0.43,0.16,STY from volumetric GHSV (assumed density),0.228586,634.336,20.2179,,4382.44,4386.54,4394.73,4385.52,4384.49,4386.54,4402.16,4441.6,4386.11,4401.73,0.212,0.212,0.212,0.212,0.212,0.212,0.212,0.212,0.212,0.212,0,3.68534,11.056,2.764,1.84267,3.68534,17.7464,53.2393,3.29928,17.3604
10.1016/j.mcat.2020.111105 | 30 bar | H2/CO2 3 | 10000 h-1,10.1016/j.mcat.2020.111105,"Fig. 7, 35-CuO, 200 °C","35-CuO [Fig. 7, 35-CuO, 200 °C]",200,30,3,0.055,0.98,0,0.02,STY from volumetric GHSV (assumed density),0.192632,752.73,20.2179,,980.706,985.565,995.284,984.351,983.136,985.565,1004.1,1050.9,985.056,1003.6,0.007,0.007,0.007,0.007,0.007,0.007,0.007,0.007,0.007,0.007,0,4.37317,13.1195,3.27988,2.18659,4.37317,21.0587,63.176,3.91506,20.6006
10.1016/j.mcat.2020.111105 | 30 bar | H2/CO2 3 | 10000 h-1,10.1016/j.mcat.2020.111105,"Fig. 7, 25-CuO, 260 °C","25-CuO [Fig. 7, 25-CuO, 260 °C]",260,30,3,0.08,0.65,0.24,0.11,STY from volumetric GHSV (assumed density),0.185842,780.233,20.0554,,2439.1,2444.1,2454.09,2442.85,2441.6,2444.1,2463.31,2511.74,2443.61,2462.83,0.095,0.095,0.095,0.095,0.095,0.095,0.095,0.095,0.095,0.095,0,4.49651,13.4895,3.37238,2.24825,4.49651,21.7917,65.375,4.05811,21.3533
10.1016/j.mcat.2020.111105 | 30 bar | H2/CO2 3 | 10000 h-1,10.1016/j.mcat.2020.111105,"Fig. 7, 40-CuO, 260 °C","40-CuO [Fig. 7, 40-CuO, 260 °C]",260,30,3,0.085,0.52,0.25,0.23,STY from volumetric GHSV (assumed density),0.157966,917.921,20.2992,,3517.24,3523.19,3535.09,3521.71,3520.22,3523.19,3545.8,3602.92,3522.55,3545.16,0.131,0.131,0.131,0.131,0.131,0.131,0.131,0.131,0.131,0.131,0,5.35434,16.063,4.01576,2.67717,5.35434,25.7016,77.1048,4.77425,25.1215
10.1016/j.mcat.2020.111105 | 30 bar | H2/CO2 3 | 10000 h-1,10.1016/j.mcat.2020.111105,"Fig. 7, 25-CuO, 220 °C","25-CuO [Fig. 7, 25-CuO, 220 °C]",220,30,3,0.057,0.759,0.05,0.191,STY from volumetric GHSV (assumed density),0.154617,937.802,20.0554,,1971.27,1977.28,1989.29,1975.78,1974.28,1977.28,2000.38,2058.58,1976.69,1999.79,0.05,0.05,0.05,0.05,0.05,0.05,0.05,0.05,0.05,0.05,0,5.40458,16.2137,4.05344,2.70229,5.40458,26.1925,78.5776,4.87765,25.6656
10.1016/j.mcat.2020.111105 | 30 bar | H2/CO2 3 | 10000 h-1,10.1016/j.mcat.2020.111105,"Fig. 7, 25-CuO, 240 °C","25-CuO [Fig. 7, 25-CuO, 240 °C]",240,30,3,0.058,0.68,0.1,0.22,STY from volumetric GHSV (assumed density),0.140954,1028.7,20.0554,,2419.23,2425.82,2438.99,2424.17,2422.53,2425.82,2451.16,2515,2425.18,2450.51,0.065,0.065,0.065,0.065,0.065,0.065,0.065,0.065,0.065,0.065,0,5.92846,17.7854,4.44635,2.96423,5.92846,28.7314,86.1943,5.35045,28.1534
10.1016/j.mcat.2020.111105 | 30 bar | H2/CO2 3 | 10000 h-1,10.1016/j.mcat.2020.111105,"Fig. 7, 40-CuO, 200 °C","40-CuO [Fig. 7, 40-CuO, 200 °C]",200,30,3,0.041,0.87,0,0.13,STY from volumetric GHSV (assumed density),0.12748,1137.43,20.2992,,1461.23,1468.61,1483.35,1466.76,1464.92,1468.61,1496.62,1567.39,1467.81,1495.82,0.021,0.021,0.021,0.021,0.021,0.021,0.021,0.021,0.021,0.021,0,6.63476,19.9043,4.97607,3.31738,6.63476,31.8478,95.5434,5.91594,31.129
10.1016/j.mcat.2020.111105 | 30 bar | H2/CO2 3 | 10000 h-1,10.1016/j.mcat.2020.111105,"Fig. 7, 15-CuO, 260 °C","15-CuO [Fig. 7, 15-CuO, 260 °C]",260,30,3,0.057,0.6,0.15,0.25,STY from volumetric GHSV (assumed density),0.122227,1186.32,19.8928,,2997.87,3005.4,3020.47,3003.52,3001.63,3005.4,3034.62,3108.13,3004.72,3033.94,0.078,0.078,0.078,0.078,0.078,0.078,0.078,0.078,0.078,0.078,0,6.78137,20.3441,5.08603,3.39068,6.78137,33.0781,99.2343,6.17022,32.467
10.1016/j.mcat.2020.111105 | 30 bar | H2/CO2 3 | 10000 h-1,10.1016/j.mcat.2020.111105,"Fig. 7, 40-CuO, 240 °C","40-CuO [Fig. 7, 40-CuO, 240 °C]",240,30,3,0.05,0.67,0.11,0.22,STY from volumetric GHSV (assumed density),0.119725,1211.11,20.2992,,2527.25,2535.1,2550.8,2533.14,2531.18,2535.1,2564.93,2640.29,2534.25,2564.08,0.059,0.059,0.059,0.059,0.059,0.059,0.059,0.059,0.059,0.059,0,7.06454,21.1936,5.2984,3.53227,7.06454,33.9108,101.732,6.29915,33.1454
10.1016/j.mcat.2020.111105 | 30 bar | H2/CO2 3 | 10000 h-1,10.1016/j.mcat.2020.111105,"Fig. 7, 40-CuO, 220 °C","40-CuO [Fig. 7, 40-CuO, 220 °C]",220,30,3,0.045,0.718,0.06,0.222,STY from volumetric GHSV (assumed density),0.115472,1255.71,20.2992,,2247.81,2255.95,2272.22,2253.91,2251.88,2255.95,2286.87,2365.01,2255.06,2285.99,0.046,0.046,0.046,0.046,0.046,0.046,0.046,0.046,0.046,0.046,0,7.32473,21.9742,5.49355,3.66236,7.32473,35.1597,105.479,6.53116,34.3662
10.1016/j.mcat.2020.111105 | 30 bar | H2/CO2 3 | 10000 h-1,10.1016/j.mcat.2020.111105,"Fig. 7, 25-CuO, 280 °C","25-CuO [Fig. 7, 25-CuO, 280 °C]",280,30,3,0.098,0.328,0.672,0,STY from volumetric GHSV (assumed density),0.114879,1262.2,20.0554,,5760.99,5769.07,5785.24,5767.05,5765.03,5769.07,5800.16,5878.5,5768.29,5799.37,0.193,0.193,0.193,0.193,0.193,0.193,0.193,0.193,0.193,0.193,0,7.27409,21.8223,5.45557,3.63705,7.27409,35.2528,105.759,6.56489,34.5436
10.1016/j.mcat.2020.111105 | 30 bar | H2/CO2 3 | 10000 h-1,10.1016/j.mcat.2020.111105,"Fig. 7, 25-CuO, 200 °C","25-CuO [Fig. 7, 25-CuO, 200 °C]",200,30,3,0.034,0.87,0,0.13,STY from volumetric GHSV (assumed density),0.105715,1371.61,20.0554,,1487.56,1496.35,1513.91,1494.15,1491.96,1496.35,1530.13,1615.26,1495.49,1529.27,0.018,0.018,0.018,0.018,0.018,0.018,0.018,0.018,0.018,0.018,0,7.90461,23.7138,5.92846,3.95231,7.90461,38.3086,114.926,7.13393,37.5379
10.1016/j.mcat.2020.111105 | 30 bar | H2/CO2 3 | 10000 h-1,10.1016/j.mcat.2020.111105,"Fig. 7, 15-CuO, 240 °C","15-CuO [Fig. 7, 15-CuO, 240 °C]",240,30,3,0.042,0.66,0.11,0.23,STY from volumetric GHSV (assumed density),0.099068,1463.64,19.8928,,2623.55,2632.85,2651.44,2630.52,2628.2,2632.85,2668.9,2759.59,2632.01,2668.06,0.051,0.051,0.051,0.051,0.051,0.051,0.051,0.051,0.051,0.051,0,8.36662,25.0999,6.27497,4.18331,8.36662,40.8107,122.432,7.61261,40.0567
10.1016/j.mcat.2020.111105 | 30 bar | H2/CO2 3 | 10000 h-1,10.1016/j.mcat.2020.111105,"Fig. 7, 5-CuO, 260 °C","5-CuO [Fig. 7, 5-CuO, 260 °C]",260,30,3,0.049,0.53,0.16,0.31,STY from volumetric GHSV (assumed density),0.0928137,1562.27,19.7302,,3743.33,3753.18,3772.86,3750.71,3748.25,3753.18,3791.65,3888.29,3752.36,3790.84,0.079,0.079,0.079,0.079,0.079,0.079,0.079,0.079,0.079,0.079,0,8.85742,26.5723,6.64306,4.42871,8.85742,43.4877,130.463,8.12559,42.7559
10.1016/j.mcat.2020.111105 | 30 bar | H2/CO2 3 | 10000 h-1,10.1016/j.mcat.2020.111105,"Fig. 7, 25-CuO, 300 °C","25-CuO [Fig. 7, 25-CuO, 300 °C]",300,30,3,0.148,0.16,0.82,0.02,STY from volumetric GHSV (assumed density),0.0846295,1713.35,20.0554,,11590.8,11601.8,11623.8,11599.1,11596.3,11601.8,11644,11750.4,11600.7,11642.9,0.31,0.31,0.31,0.31,0.31,0.31,0.31,0.31,0.31,0.31,0,9.87409,29.6223,7.40557,4.93705,9.87409,47.8533,143.56,8.91139,46.8906
10.1016/j.mcat.2020.111105 | 30 bar | H2/CO2 3 | 10000 h-1,10.1016/j.mcat.2020.111105,"Fig. 7, 15-CuO, 220 °C","15-CuO [Fig. 7, 15-CuO, 220 °C]",220,30,3,0.031,0.726,0.09,0.184,STY from volumetric GHSV (assumed density),0.0804338,1802.72,19.8928,,2240.97,2252.42,2275.32,2249.56,2246.69,2252.42,2296.82,2408.52,2251.39,2295.79,0.032,0.032,0.032,0.032,0.032,0.032,0.032,0.032,0.032,0.032,0,10.3049,30.9148,7.7287,5.15247,10.3049,50.2653,150.796,9.37624,49.3366
10.1016/j.mcat.2020.111105 | 30 bar | H2/CO2 3 | 10000 h-1,10.1016/j.mcat.2020.111105,"Fig. 7, 15-CuO, 200 °C","15-CuO [Fig. 7, 15-CuO, 200 °C]",200,30,3,0.025,0.84,0,0.16,STY from volumetric GHSV (assumed density),0.0750515,1932.01,19.8928,,1664.5,1676.77,1701.32,1673.71,1670.64,1676.77,1724.36,1844.07,1675.67,1723.25,0.016,0.016,0.016,0.016,0.016,0.016,0.016,0.016,0.016,0.016,0,11.0439,33.1318,8.28296,5.52197,11.0439,53.8701,161.61,10.0487,52.8748
10.1016/j.mcat.2020.111105 | 30 bar | H2/CO2 3 | 10000 h-1,10.1016/j.mcat.2020.111105,"Fig. 7, 40-CuO, 280 °C","40-CuO [Fig. 7, 40-CuO, 280 °C]",280,30,3,0.1,0.208,0.76,0.032,STY from volumetric GHSV (assumed density),0.0743368,1950.58,20.2992,,9732.71,9745.35,9770.63,9742.19,9739.03,9745.35,9793.39,9914.76,9743.98,9792.02,0.223,0.223,0.223,0.223,0.223,0.223,0.223,0.223,0.223,0.223,0,11.378,34.1339,8.53348,5.68899,11.378,54.6159,163.848,10.1453,53.3832
10.1016/j.mcat.2020.111105 | 30 bar | H2/CO2 3 | 10000 h-1,10.1016/j.mcat.2020.111105,"Fig. 7, 5-CuO, 240 °C","5-CuO [Fig. 7, 5-CuO, 240 °C]",240,30,3,0.037,0.55,0.18,0.27,STY from volumetric GHSV (assumed density),0.0727285,1993.72,19.7302,,3566.65,3579.21,3604.33,3576.07,3572.93,3579.21,3628.31,3751.64,3578.17,3627.27,0.058,0.058,0.058,0.058,0.058,0.058,0.058,0.058,0.058,0.058,0,11.3035,33.9106,8.47766,5.65177,11.3035,55.4976,166.493,10.3696,54.5637
10.1016/j.mcat.2020.111105 | 30 bar | H2/CO2 3 | 10000 h-1,10.1016/j.mcat.2020.111105,"Fig. 7, 15-CuO, 280 °C","15-CuO [Fig. 7, 15-CuO, 280 °C]",280,30,3,0.072,0.221,0.22,0.559,STY from volumetric GHSV (assumed density),0.0568676,2549.78,19.8928,,11038,11054.2,11086.6,11050.2,11046.1,11054.2,11117,11275,11052.7,11115.5,0.17,0.17,0.17,0.17,0.17,0.17,0.17,0.17,0.17,0.17,0,14.5753,43.726,10.9315,7.28767,14.5753,71.0955,213.286,13.2618,69.782
10.1016/j.mcat.2020.111105 | 30 bar | H2/CO2 3 | 10000 h-1,10.1016/j.mcat.2020.111105,"Fig. 7, 5-CuO, 220 °C","5-CuO [Fig. 7, 5-CuO, 220 °C]",220,30,3,0.025,0.605,0.1,0.295,STY from volumetric GHSV (assumed density),0.054055,2682.45,19.7302,,3214.66,3231.56,3265.35,3227.33,3223.11,3231.56,3297.63,3463.56,3230.16,3296.23,0.036,0.036,0.036,0.036,0.036,0.036,0.036,0.036,0.036,0.036,0,15.2084,45.6252,11.4063,7.6042,15.2084,74.6695,224.008,13.9518,73.4129
10.1016/j.mcat.2020.111105 | 30 bar | H2/CO2 3 | 10000 h-1,10.1016/j.mcat.2020.111105,"Fig. 7, 5-CuO, 200 °C","5-CuO [Fig. 7, 5-CuO, 200 °C]",200,30,3,0.019,0.64,0,0.36,STY from volumetric GHSV (assumed density),0.0434584,3336.52,19.7302,,3025.59,3046.61,3088.64,3041.35,3036.1,3046.61,3128.79,3335.18,3044.87,3127.05,0.025,0.025,0.025,0.025,0.025,0.025,0.025,0.025,0.025,0.025,0,18.9167,56.7501,14.1875,9.45835,18.9167,92.8763,278.629,17.3538,91.3134
10.1016/j.mcat.2020.111105 | 30 bar | H2/CO2 3 | 10000 h-1,10.1016/j.mcat.2020.111105,"Fig. 7, 5-CuO, 280 °C","5-CuO [Fig. 7, 5-CuO, 280 °C]",280,30,3,0.057,0.148,0.2,0.652,STY from volumetric GHSV (assumed density),0.0301493,4809.4,19.7302,,18104.9,18135.2,18195.8,18127.6,18120,18135.2,18253.6,18551.2,18132.7,18251.1,0.151,0.151,0.151,0.151,0.151,0.151,0.151,0.151,0.151,0.151,0,27.2673,81.802,20.4505,13.6337,27.2673,133.876,401.627,25.0144,131.623
10.1016/j.mcat.2020.111105 | 30 bar | H2/CO2 3 | 10000 h-1,10.1016/j.mcat.2020.111105,"Fig. 7, 15-CuO, 300 °C","15-CuO [Fig. 7, 15-CuO, 300 °C]",300,30,3,0.088,0.07,0.93,0,STY from volumetric GHSV (assumed density),0.0220151,6586.38,19.8928,,31344.7,31386.6,31470.2,31376.1,31365.7,31386.6,31548.8,31956.9,31382.8,31545,0.228,0.228,0.228,0.228,0.228,0.228,0.228,0.228,0.228,0.228,0,37.6498,112.949,28.2374,18.8249,37.6498,183.648,550.944,34.2568,180.255
10.1016/j.mcat.2020.111105 | 30 bar | H2/CO2 3 | 10000 h-1,10.1016/j.mcat.2020.111105,"Fig. 7, 2-CuO, 280 °C","2-CuO [Fig. 7, 2-CuO, 280 °C]",280,30,3,0.047,0.107,0.19,0.703,STY from volumetric GHSV (assumed density),0.0179731,8067.63,19.6814,,26477.2,26527.9,26629.3,26515.2,26502.5,26527.9,26726.6,27225.4,26523.8,26722.5,0.133,0.133,0.133,0.133,0.133,0.133,0.133,0.133,0.133,0.133,0,45.6271,136.881,34.2203,22.8135,45.6271,224.46,673.379,41.961,220.793
10.1016/j.mcat.2020.111105 | 30 bar | H2/CO2 3 | 10000 h-1,10.1016/j.mcat.2020.111105,"Fig. 7, 40-CuO, 300 °C","40-CuO [Fig. 7, 40-CuO, 300 °C]",300,30,3,0.138,0.03,0.91,0.06,STY from volumetric GHSV (assumed density),0.0147959,9800.03,20.2992,,66275.5,66339,66466.1,66323.1,66307.3,66339,66580.4,67190.2,66332.1,66573.5,0.326,0.326,0.326,0.326,0.326,0.326,0.326,0.326,0.326,0.326,0,57.1647,171.494,42.8735,28.5824,57.1647,274.399,823.196,50.9714,268.205
10.1016/j.mcat.2020.111105 | 30 bar | H2/CO2 3 | 10000 h-1,10.1016/j.mcat.2020.111105,"Fig. 7, 2-CuO, 260 °C","2-CuO [Fig. 7, 2-CuO, 260 °C]",260,30,3,0.031,0.128,0.15,0.722,STY from volumetric GHSV (assumed density),0.0141812,10224.8,19.6814,,23116.6,23180.8,23309.3,23164.8,23148.7,23180.8,23432.7,24064.8,23175.7,23427.5,0.09,0.09,0.09,0.09,0.09,0.09,0.09,0.09,0.09,0.09,0,57.8272,173.482,43.3704,28.9136,57.8272,284.478,853.433,53.1809,279.831
10.1016/j.mcat.2020.111105 | 30 bar | H2/CO2 3 | 10000 h-1,10.1016/j.mcat.2020.111105,"Fig. 7, 2-CuO, 240 °C","2-CuO [Fig. 7, 2-CuO, 240 °C]",240,30,3,0.028,0.13,0.11,0.76,STY from volumetric GHSV (assumed density),0.0130089,11146.2,19.6814,,23167.2,23237.2,23377.3,23219.7,23202.2,23237.2,23511.8,24200.9,23231.6,23506.1,0.082,0.082,0.082,0.082,0.082,0.082,0.082,0.082,0.082,0.082,0,63.038,189.114,47.2785,31.519,63.038,310.112,930.336,57.973,305.047
10.1016/j.mcat.2020.111105 | 30 bar | H2/CO2 3 | 10000 h-1,10.1016/j.mcat.2020.111105,"Fig. 7, 5-CuO, 300 °C","5-CuO [Fig. 7, 5-CuO, 300 °C]",300,30,3,0.069,0.05,0.24,0.71,STY from volumetric GHSV (assumed density),0.0123299,11760,19.7302,,54347.4,54421.5,54569.6,54402.9,54384.4,54421.5,54711.1,55438.6,54415.3,54705,0.193,0.193,0.193,0.193,0.193,0.193,0.193,0.193,0.193,0.193,0,66.6745,200.024,50.0059,33.3373,66.6745,327.355,982.066,61.1657,321.847
10.1016/j.mcat.2020.111105 | 30 bar | H2/CO2 3 | 10000 h-1,10.1016/j.mcat.2020.111105,"Fig. 7, 2-CuO, 300 °C","2-CuO [Fig. 7, 2-CuO, 300 °C]",300,30,3,0.066,0.04,0.22,0.74,STY from volumetric GHSV (assumed density),0.00943505,15368.2,19.6814,,69183.2,69279.8,69473,69255.7,69231.5,69279.8,69658.3,70608.5,69272.1,69650.6,0.188,0.188,0.188,0.188,0.188,0.188,0.188,0.188,0.188,0.188,0,86.9161,260.748,65.1871,43.458,86.9161,427.578,1282.74,79.9325,420.595
10.1016/j.mcat.2020.111105 | 30 bar | H2/CO2 3 | 10000 h-1,10.1016/j.mcat.2020.111105,"Fig. 7, 2-CuO, 220 °C","2-CuO [Fig. 7, 2-CuO, 220 °C]",220,30,3,0.018,0.132,0.08,0.788,STY from volumetric GHSV (assumed density),0.00849154,17075.8,19.6814,,23683.2,23790.5,24005.1,23763.7,23736.8,23790.5,24211.1,25266.8,23781.9,24202.4,0.054,0.054,0.054,0.054,0.054,0.054,0.054,0.054,0.054,0.054,0,96.5734,289.72,72.4301,48.2867,96.5734,475.087,1425.26,88.8138,467.328
10.1016/j.mcat.2020.111105 | 30 bar | H2/CO2 3 | 10000 h-1,10.1016/j.mcat.2020.111105,"Fig. 7, 2-CuO, 200 °C","2-CuO [Fig. 7, 2-CuO, 200 °C]",200,30,3,0.012,0.135,0,0.865,STY from volumetric GHSV (assumed density),0.00578969,25044.5,19.6814,,24284.5,24441.9,24756.7,24402.6,24363.2,24441.9,25058.7,26607.2,24429.3,25046.1,0.037,0.037,0.037,0.037,0.037,0.037,0.037,0.037,0.037,0.037,0,141.641,424.923,106.231,70.8205,141.641,696.795,2090.38,130.26,685.414
10.1021/acs.iecr.7b01464 | 20 bar | H2/CO2 3.03 | 0.873 NL/g/h,10.1021/acs.iecr.7b01464,"Fig 7, CZA400, 2 MPa, internal cooling","CZA400 [Fig 7, CZA400, 2 MPa, internal cooling]",240,20,3.0345,0.4,0.536,0.464,0,STY from mass GHSV,0.0643044,2254.9,18.1765,,981.348,994.434,1020.61,991.163,987.891,994.434,1049.97,1187.22,994.379,1049.92,0.018,0.018,0.018,0.018,0.018,0.018,0.018,0.018,0.018,0.018,0,11.7777,35.333,8.83324,5.88883,11.7777,61.7613,185.284,11.7281,61.7117
10.1021/acs.iecr.7b01464 | 20 bar | H2/CO2 3.03 | 0.873 NL/g/h,10.1021/acs.iecr.7b01464,"Fig 7, CZA300, 2 MPa, internal cooling","CZA300 [Fig 7, CZA300, 2 MPa, internal cooling]",240,20,3.0345,0.305,0.517,0.483,0,STY from mass GHSV,0.047294,3065.93,18.1765,,986.924,1004.72,1040.3,1000.27,995.82,1004.72,1080.23,1266.84,1004.64,1080.15,0.018,0.018,0.018,0.018,0.018,0.018,0.018,0.018,0.018,0.018,0,16.0138,48.0413,12.0103,8.00688,16.0138,83.9751,251.925,15.9463,83.9077
10.1021/acs.iecr.7b01464 | 20 bar | H2/CO2 3.03 | 0.873 NL/g/h,10.1021/acs.iecr.7b01464,"Fig 7, CZA200, 2 MPa, internal cooling","CZA200 [Fig 7, CZA200, 2 MPa, internal cooling]",240,20,3.0345,0.245,0.45,0.55,0,STY from mass GHSV,0.033067,4385.04,18.1765,,994.856,1020.3,1071.2,1013.94,1007.58,1020.3,1128.31,1395.21,1020.2,1128.2,0.018,0.018,0.018,0.018,0.018,0.018,0.018,0.018,0.018,0.018,0,22.9037,68.711,17.1778,11.4518,22.9037,120.105,360.316,22.8072,120.009
10.1021/acs.iecr.7b01464 | 30 bar | H2/CO2 3.03 | 0.873 NL/g/h,10.1021/acs.iecr.7b01464,"Text/Fig 6, CZA400, 260 °C, internal cooling","CZA400 [Text/Fig 6, CZA400, 260 °C, internal cooling]",260,30,3.0345,0.585,0.622,0.378,0,STY from mass GHSV,0.109135,1328.64,18.1765,,1028.52,1036.23,1051.65,1034.3,1032.37,1036.23,1068.95,1149.82,1036.19,1068.92,0.03,0.03,0.03,0.03,0.03,0.03,0.03,0.03,0.03,0.03,0,6.93965,20.8189,5.20474,3.46982,6.93965,36.3911,109.173,6.91043,36.3618
10.1021/acs.iecr.7b01464 | 30 bar | H2/CO2 3.03 | 0.873 NL/g/h,10.1021/acs.iecr.7b01464,"Fig 6, CZA400, 250 °C, internal cooling","CZA400 [Fig 6, CZA400, 250 °C, internal cooling]",250,30,3.0345,0.54,0.632,0.368,0,STY from mass GHSV,0.102359,1416.58,18.1765,,948.695,956.916,973.359,954.861,952.806,956.916,991.806,1078.03,956.882,991.772,0.019,0.019,0.019,0.019,0.019,0.019,0.019,0.019,0.019,0.019,0,7.399,22.197,5.54925,3.6995,7.399,38.7999,116.4,7.36784,38.7687
10.1021/acs.iecr.7b01464 | 30 bar | H2/CO2 3.03 | 0.873 NL/g/h,10.1021/acs.iecr.7b01464,"Table 1, CZA400, internal cooling","CZA400 [Table 1, CZA400, internal cooling]",240,30,3.0345,0.5,0.642,0.358,0,STY from mass GHSV,0.0962767,1506.08,18.1765,,922.492,931.233,948.714,929.047,926.862,931.233,968.327,1060,931.196,968.29,0.016,0.016,0.016,0.016,0.016,0.016,0.016,0.016,0.016,0.016,0,7.86645,23.5993,5.89984,3.93322,7.86645,41.2511,123.753,7.83333,41.218
10.1021/acs.iecr.7b01464 | 30 bar | H2/CO2 3.03 | 0.873 NL/g/h,10.1021/acs.iecr.7b01464,"Fig 6, CZA300, 260 °C, internal cooling","CZA300 [Fig 6, CZA300, 260 °C, internal cooling]",260,30,3.0345,0.53,0.57,0.43,0,STY from mass GHSV,0.090608,1600.3,18.1765,,1030.88,1040.17,1058.75,1037.85,1035.53,1040.17,1079.59,1176.99,1040.13,1079.55,0.03,0.03,0.03,0.03,0.03,0.03,0.03,0.03,0.03,0.03,0,8.35859,25.0758,6.26894,4.17929,8.35859,43.8319,131.496,8.3234,43.7967
10.1021/acs.iecr.7b01464 | 30 bar | H2/CO2 3.03 | 0.873 NL/g/h,10.1021/acs.iecr.7b01464,"Fig 6, CZA400, 230 °C, internal cooling","CZA400 [Fig 6, CZA400, 230 °C, internal cooling]",230,30,3.0345,0.425,0.652,0.348,0,STY from mass GHSV,0.0831099,1744.68,18.1765,,910.445,920.571,940.821,918.039,915.508,920.571,963.541,1069.73,920.528,963.499,0.015,0.015,0.015,0.015,0.015,0.015,0.015,0.015,0.015,0.015,0,9.1127,27.3381,6.83453,4.55635,9.1127,47.7864,143.359,9.07433,47.748
10.1021/acs.iecr.7b01464 | 30 bar | H2/CO2 3.03 | 0.873 NL/g/h,10.1021/acs.iecr.7b01464,"Fig 6, CZA300, 250 °C, internal cooling","CZA300 [Fig 6, CZA300, 250 °C, internal cooling]",250,30,3.0345,0.46,0.575,0.425,0,STY from mass GHSV,0.0793308,1827.79,18.1765,,952.139,962.746,983.961,960.094,957.442,962.746,1007.76,1119.01,962.702,1007.72,0.019,0.019,0.019,0.019,0.019,0.019,0.019,0.019,0.019,0.019,0,9.5468,28.6404,7.1601,4.7734,9.5468,50.0628,150.188,9.50661,50.0226
10.1021/acs.iecr.7b01464 | 30 bar | H2/CO2 3.03 | 0.873 NL/g/h,10.1021/acs.iecr.7b01464,"Table 1, CZA300, internal cooling","CZA300 [Table 1, CZA300, internal cooling]",240,30,3.0345,0.401,0.581,0.419,5.55112e-17,STY from mass GHSV,0.0698774,2075.06,18.1765,,927.076,939.119,963.204,936.108,933.097,939.119,990.227,1116.53,939.068,990.176,0.016,0.016,0.016,0.016,0.016,0.016,0.016,0.016,0.016,0.016,0,10.8383,32.515,8.12876,5.41917,10.8383,56.8356,170.507,10.7927,56.79
10.1021/acs.iecr.7b01464 | 30 bar | H2/CO2 3.03 | 0.873 NL/g/h,10.1021/acs.iecr.7b01464,"Text/Fig 6, CZA400, 220 °C, internal cooling","CZA400 [Text/Fig 6, CZA400, 220 °C, internal cooling]",220,30,3.0345,0.341,0.672,0.328,0,STY from mass GHSV,0.0687289,2109.74,18.1765,,905.109,917.352,941.84,914.291,911.231,917.352,969.314,1097.73,917.301,969.263,0.015,0.015,0.015,0.015,0.015,0.015,0.015,0.015,0.015,0.015,0,11.0195,33.0584,8.26459,5.50973,11.0195,57.7853,173.356,10.9731,57.7389
10.1021/acs.iecr.7b01464 | 30 bar | H2/CO2 3.03 | 0.873 NL/g/h,10.1021/acs.iecr.7b01464,"Fig 6, CZA300, 230 °C, internal cooling","CZA300 [Fig 6, CZA300, 230 °C, internal cooling]",230,30,3.0345,0.325,0.6,0.4,0,STY from mass GHSV,0.0584858,2479.23,18.1765,,915.988,930.376,959.153,926.779,923.182,930.376,991.439,1142.34,930.316,991.378,0.015,0.015,0.015,0.015,0.015,0.015,0.015,0.015,0.015,0.015,0,12.9494,38.8481,9.71204,6.47469,12.9494,67.9057,203.717,12.8949,67.8512
10.1021/acs.iecr.7b01464 | 30 bar | H2/CO2 3.03 | 0.873 NL/g/h,10.1021/acs.iecr.7b01464,"Fig 6, CZA200, 260 °C, internal cooling","CZA200 [Fig 6, CZA200, 260 °C, internal cooling]",260,30,3.0345,0.4,0.48,0.52,0,STY from mass GHSV,0.057586,2517.97,18.1765,,1037.89,1052.51,1081.73,1048.85,1045.2,1052.51,1114.52,1267.78,1052.44,1114.46,0.03,0.03,0.03,0.03,0.03,0.03,0.03,0.03,0.03,0.03,0,13.1517,39.4551,9.86379,6.57586,13.1517,68.9667,206.9,13.0963,68.9114
10.1021/acs.iecr.7b01464 | 30 bar | H2/CO2 3.03 | 0.873 NL/g/h,10.1021/acs.iecr.7b01464,"Fig 6, CZA200, 250 °C, internal cooling","CZA200 [Fig 6, CZA200, 250 °C, internal cooling]",250,30,3.0345,0.35,0.49,0.51,0,STY from mass GHSV,0.0514375,2818.95,18.1765,,959.348,975.708,1008.43,971.618,967.528,975.708,1045.14,1216.72,975.639,1045.07,0.019,0.019,0.019,0.019,0.019,0.019,0.019,0.019,0.019,0.019,0,14.7238,44.1714,11.0428,7.36189,14.7238,77.2106,231.632,14.6618,77.1486
10.1021/acs.iecr.7b01464 | 30 bar | H2/CO2 3.03 | 0.873 NL/g/h,10.1021/acs.iecr.7b01464,"Table 1, CZA200, internal cooling","CZA200 [Table 1, CZA200, internal cooling]",240,30,3.0345,0.313,0.507,0.493,0,STY from mass GHSV,0.0475958,3046.49,18.1765,,933.866,951.546,986.907,947.126,942.706,951.546,1026.58,1212.01,951.472,1026.51,0.016,0.016,0.016,0.016,0.016,0.016,0.016,0.016,0.016,0.016,0,15.9122,47.7367,11.9342,7.95612,15.9122,83.4428,250.328,15.8452,83.3758
10.1021/acs.iecr.7b01464 | 30 bar | H2/CO2 3.03 | 0.873 NL/g/h,10.1021/acs.iecr.7b01464,"Fig 6, CZA300, 220 °C, internal cooling","CZA300 [Fig 6, CZA300, 220 °C, internal cooling]",220,30,3.0345,0.235,0.62,0.38,0,STY from mass GHSV,0.0436994,3318.12,18.1765,,916.884,936.141,974.654,931.327,926.512,936.141,1017.86,1219.83,936.06,1017.78,0.016,0.016,0.016,0.016,0.016,0.016,0.016,0.016,0.016,0.016,0,17.331,51.9931,12.9983,8.66551,17.331,90.8827,272.648,17.2581,90.8098
10.1021/acs.iecr.7b01464 | 30 bar | H2/CO2 3.03 | 0.873 NL/g/h,10.1021/acs.iecr.7b01464,"Fig 6, CZA200, 230 °C, internal cooling","CZA200 [Fig 6, CZA200, 230 °C, internal cooling]",230,30,3.0345,0.25,0.52,0.48,0,STY from mass GHSV,0.0389906,3718.85,18.1765,,924.153,945.736,988.9,940.34,934.944,945.736,1037.33,1263.68,945.645,1037.24,0.015,0.015,0.015,0.015,0.015,0.015,0.015,0.015,0.015,0.015,0,19.4241,58.2722,14.5681,9.71204,19.4241,101.859,305.576,19.3423,101.777
10.1021/acs.iecr.7b01464 | 30 bar | H2/CO2 3.03 | 0.873 NL/g/h,10.1021/acs.iecr.7b01464,"Fig 6, CZA200, 220 °C, internal cooling","CZA200 [Fig 6, CZA200, 220 °C, internal cooling]",220,30,3.0345,0.185,0.55,0.45,0,STY from mass GHSV,0.0305176,4751.36,18.1765,,926.847,954.421,1009.57,947.528,940.634,954.421,1071.45,1360.64,954.305,1071.33,0.014,0.014,0.014,0.014,0.014,0.014,0.014,0.014,0.014,0.014,0,24.817,74.451,18.6127,12.4085,24.817,130.139,390.416,24.7125,130.034
10.1021/acs.iecr.7b01464 | 40 bar | H2/CO2 3.03 | 0.873 NL/g/h,10.1021/acs.iecr.7b01464,"Text/Fig 7, CZA400, 4 MPa, internal cooling","CZA400 [Text/Fig 7, CZA400, 4 MPa, internal cooling]",240,40,3.0345,0.595,0.734,0.266,0,STY from mass GHSV,0.130987,1106.98,18.1765,,907.943,914.368,927.216,912.761,911.155,914.368,941.632,1009.01,914.341,941.605,0.016,0.016,0.016,0.016,0.016,0.016,0.016,0.016,0.016,0.016,0,5.7819,17.3457,4.33643,2.89095,5.7819,30.3199,90.9597,5.75756,30.2956
10.1021/acs.iecr.7b01464 | 40 bar | H2/CO2 3.03 | 0.873 NL/g/h,10.1021/acs.iecr.7b01464,"Fig 7, CZA300, 4 MPa, internal cooling","CZA300 [Fig 7, CZA300, 4 MPa, internal cooling]",240,40,3.0345,0.513,0.716,0.284,0,STY from mass GHSV,0.110166,1316.2,18.1765,,909.911,917.549,932.826,915.639,913.73,917.549,949.967,1030.08,917.517,949.934,0.016,0.016,0.016,0.016,0.016,0.016,0.016,0.016,0.016,0.016,0,6.87469,20.6241,5.15602,3.43735,6.87469,36.0504,108.151,6.84575,36.0215
10.1021/acs.iecr.7b01464 | 40 bar | H2/CO2 3.03 | 0.873 NL/g/h,10.1021/acs.iecr.7b01464,"Fig 7, CZA200, 4 MPa, internal cooling","CZA200 [Fig 7, CZA200, 4 MPa, internal cooling]",240,40,3.0345,0.415,0.63,0.37,0,STY from mass GHSV,0.078416,1849.11,18.1765,,914.423,925.154,946.617,922.471,919.788,925.154,970.697,1083.25,925.109,970.652,0.016,0.016,0.016,0.016,0.016,0.016,0.016,0.016,0.016,0.016,0,9.65817,28.9745,7.24363,4.82909,9.65817,50.6468,151.94,9.61751,50.6062
10.1021/acsaem.1c01502 | 50 bar | H2/CO2 3 | 30 NL/g/h,10.1021/acsaem.1c01502,"Figure 1, CP-Pd/ZnZr, 340 °C","CP-Pd/ZnZr [Figure 1, CP-Pd/ZnZr, 340 °C]",340,50,3,0.102,0.8,0.2,0,printed STY,0.85,170.588,60.7664,,1576.46,1579.77,1586.39,1578.95,1578.12,1577.91,1583.98,1599,1577.45,1581.65,0.073,0.073,0.073,0.073,0.073,0.073,0.073,0.073,0.073,0.073,0,2.97875,8.93624,2.23406,1.48937,1.30263,6.76012,20.2804,0.887255,4.66863
10.1021/acsaem.1c01502 | 50 bar | H2/CO2 3 | 30 NL/g/h,10.1021/acsaem.1c01502,"Figure 1/text, CP-Pd/ZnZr, 320 °C","CP-Pd/ZnZr [Figure 1/text, CP-Pd/ZnZr, 320 °C]",320,50,3,0.081,0.87,0.13,0,printed STY,0.735,197.279,60.7664,,1323.54,1327.37,1335.02,1326.41,1325.45,1325.21,1332.23,1349.6,1324.68,1329.54,0.04,0.04,0.04,0.04,0.04,0.04,0.04,0.04,0.04,0.04,0,3.44481,10.3344,2.58361,1.7224,1.50645,7.81782,23.4535,1.02608,5.39909
10.1021/acsaem.1c01502 | 50 bar | H2/CO2 3 | 30 NL/g/h,10.1021/acsaem.1c01502,"Figure 1, IM-Pd/ZnZr, 340 °C","IM-Pd/ZnZr [Figure 1, IM-Pd/ZnZr, 340 °C]",340,50,3,0.065,0.9,0.07,0.03,printed STY,0.61,237.705,60.7664,,1252.24,1256.85,1266.07,1255.7,1254.55,1254.26,1262.71,1283.64,1253.61,1259.47,0.026,0.026,0.026,0.026,0.026,0.026,0.026,0.026,0.026,0.026,0,4.15071,12.4521,3.11303,2.07536,1.81514,9.41984,28.2595,1.23634,6.50546
10.1021/acsaem.1c01502 | 50 bar | H2/CO2 3 | 30 NL/g/h,10.1021/acsaem.1c01502,"Figure 1, ZnZr, 340 °C","ZnZr [Figure 1, ZnZr, 340 °C]",340,50,3,0.064,0.87,0.12,0.01,printed STY,0.58,250,24.7874,,1347.5,1349.48,1353.44,1348.99,1348.49,1349.48,1355.64,1371.91,1348.95,1355.11,0.032,0.032,0.032,0.032,0.032,0.032,0.032,0.032,0.032,0.032,0,1.78071,5.34212,1.33553,0.890353,1.78071,7.32237,21.9671,1.30029,6.84195
10.1021/acsaem.1c01502 | 50 bar | H2/CO2 3 | 30 NL/g/h,10.1021/acsaem.1c01502,"Figure 1, CP-Pd/ZnZr, 300 °C","CP-Pd/ZnZr [Figure 1, CP-Pd/ZnZr, 300 °C]",300,50,3,0.057,0.91,0.07,0.02,printed STY,0.55,263.636,60.7664,,1216.87,1221.98,1232.21,1220.7,1219.43,1219.1,1228.48,1251.69,1218.39,1224.88,0.021,0.021,0.021,0.021,0.021,0.021,0.021,0.021,0.021,0.021,0,4.60352,13.8105,3.45264,2.30176,2.01316,10.4475,31.3424,1.37121,7.21515
10.1021/acsaem.1c01502 | 50 bar | H2/CO2 3 | 30 NL/g/h,10.1021/acsaem.1c01502,"Figure 1/text, IM-Pd/ZnZr, 320 °C","IM-Pd/ZnZr [Figure 1/text, IM-Pd/ZnZr, 320 °C]",320,50,3,0.046,0.93,0.04,0.03,printed STY,0.46,315.217,60.7664,,1165.63,1171.75,1183.98,1170.22,1168.69,1168.31,1179.51,1207.27,1167.45,1175.22,0.014,0.014,0.014,0.014,0.014,0.014,0.014,0.014,0.014,0.014,0,5.5042,16.5126,4.12815,2.7521,2.40704,12.4915,37.4746,1.63949,8.62681
10.1021/acsaem.1c01502 | 50 bar | H2/CO2 3 | 30 NL/g/h,10.1021/acsaem.1c01502,"Figure 1/text, ZnZr, 320 °C","ZnZr [Figure 1/text, ZnZr, 320 °C]",320,50,3,0.045,0.924,0.07,0.006,printed STY,0.434,334.101,24.7874,,1177.39,1180.04,1185.33,1179.38,1178.72,1180.04,1188.27,1210.01,1179.32,1187.55,0.015,0.015,0.015,0.015,0.015,0.015,0.015,0.015,0.015,0.015,0,2.37975,7.13924,1.78481,1.18987,2.37975,9.78566,29.357,1.73771,9.14363
10.1021/acsaem.1c01502 | 50 bar | H2/CO2 3 | 30 NL/g/h,10.1021/acsaem.1c01502,"Figure 1, CP-Pd/ZnZr, 280 °C","CP-Pd/ZnZr [Figure 1, CP-Pd/ZnZr, 280 °C]",280,50,3,0.042,0.93,0.04,0.03,printed STY,0.42,345.238,60.7664,,1173.19,1179.89,1193.29,1178.21,1176.54,1176.12,1188.39,1218.79,1175.19,1183.69,0.013,0.013,0.013,0.013,0.013,0.013,0.013,0.013,0.013,0.013,0,6.02841,18.0852,4.52131,3.01421,2.63628,13.6812,41.0436,1.79563,9.44841
10.1021/acsaem.1c01502 | 50 bar | H2/CO2 3 | 30 NL/g/h,10.1021/acsaem.1c01502,"Figure 1, IM-Pd/ZnZr, 300 °C","IM-Pd/ZnZr [Figure 1, IM-Pd/ZnZr, 300 °C]",300,50,3,0.031,0.94,0.02,0.04,printed STY,0.32,453.125,60.7664,,1169.46,1178.25,1195.83,1176.05,1173.85,1173.3,1189.41,1229.31,1172.08,1183.24,0.009,0.009,0.009,0.009,0.009,0.009,0.009,0.009,0.009,0.009,0,7.91229,23.7369,5.93422,3.95615,3.46012,17.9566,53.8697,2.35677,12.401
10.1021/acsaem.1c01502 | 50 bar | H2/CO2 3 | 30 NL/g/h,10.1021/acsaem.1c01502,"Figure 1, CP-Pd/ZnZr, 260 °C","CP-Pd/ZnZr [Figure 1, CP-Pd/ZnZr, 260 °C]",260,50,3,0.028,0.94,0.02,0.04,printed STY,0.31,467.742,60.7664,,1169.58,1178.65,1196.8,1176.38,1174.12,1173.55,1190.17,1231.36,1172.28,1183.8,0.008,0.008,0.008,0.008,0.008,0.008,0.008,0.008,0.008,0.008,0,8.16753,24.5026,6.12565,4.08376,3.57174,18.5358,55.6074,2.4328,12.8011
10.1021/acsaem.1c01502 | 50 bar | H2/CO2 3 | 30 NL/g/h,10.1021/acsaem.1c01502,"Figure 1, ZnZr, 300 °C","ZnZr [Figure 1, ZnZr, 300 °C]",300,50,3,0.03,0.91,0.05,0.04,printed STY,0.3,483.333,24.7874,,1283.46,1287.28,1294.93,1286.33,1285.37,1287.28,1299.19,1330.65,1286.25,1298.16,0.012,0.012,0.012,0.012,0.012,0.012,0.012,0.012,0.012,0.012,0,3.4427,10.3281,2.58202,1.72135,3.4427,14.1566,42.4698,2.51389,13.2278
10.1021/acsaem.1c01502 | 50 bar | H2/CO2 3 | 30 NL/g/h,10.1021/acsaem.1c01502,"Figure 1, IM-Pd/ZnZr, 280 °C","IM-Pd/ZnZr [Figure 1, IM-Pd/ZnZr, 280 °C]",280,50,3,0.022,0.95,0.005,0.045,printed STY,0.22,659.091,60.7664,,1167.35,1180.14,1205.71,1176.94,1173.74,1172.94,1196.37,1254.41,1171.16,1187.39,0.006,0.006,0.006,0.006,0.006,0.006,0.006,0.006,0.006,0.006,0,11.5088,34.5264,8.63159,5.75439,5.0329,26.1186,78.3559,3.42803,18.0379
10.1021/acsaem.1c01502 | 50 bar | H2/CO2 3 | 30 NL/g/h,10.1021/acsaem.1c01502,"Figure 1, ZnZr, 280 °C","ZnZr [Figure 1, ZnZr, 280 °C]",280,50,3,0.023,0.94,0.02,0.04,printed STY,0.21,690.476,24.7874,,1194.99,1200.45,1211.38,1199.09,1197.72,1200.45,1217.46,1262.4,1198.98,1215.98,0.007,0.007,0.007,0.007,0.007,0.007,0.007,0.007,0.007,0.007,0,4.91814,14.7544,3.68861,2.45907,4.91814,20.2237,60.6711,3.59127,18.8968
10.1021/acsaem.1c01502 | 50 bar | H2/CO2 3 | 30 NL/g/h,10.1021/acsaem.1c01502,"Figure 1, IM-Pd/ZnZr, 260 °C","IM-Pd/ZnZr [Figure 1, IM-Pd/ZnZr, 260 °C]",260,50,3,0.014,0.96,0,0.04,printed STY,0.15,966.667,60.7664,,1248.85,1267.61,1305.12,1262.92,1258.23,1257.06,1291.42,1376.54,1254.44,1278.25,0.005,0.005,0.005,0.005,0.005,0.005,0.005,0.005,0.005,0.005,0,16.8796,50.6387,12.6597,8.43978,7.38159,38.3073,114.922,5.02778,26.4556
10.1021/acsaem.1c01502 | 50 bar | H2/CO2 3 | 30 NL/g/h,10.1021/acsaem.1c01502,"Figure 1, ZnZr, 260 °C","ZnZr [Figure 1, ZnZr, 260 °C]",260,50,3,0.014,0.95,0.01,0.04,printed STY,0.145,1000,24.7874,,1256.91,1264.82,1280.65,1262.84,1260.86,1264.82,1289.45,1354.54,1262.68,1287.31,0.005,0.005,0.005,0.005,0.005,0.005,0.005,0.005,0.005,0.005,0,7.12283,21.3685,5.34212,3.56141,7.12283,29.2895,87.8685,5.20115,27.3678
10.1021/acsami.1c05586 | 30 bar | H2/CO2 3 | 7.2 NL/g/h,10.1021/acsami.1c05586,"Table 6/Fig 7, 0.92In-4.6Cu/CeO2, 290 °C","0.92In-4.6Cu/CeO2 [Table 6/Fig 7, 0.92In-4.6Cu/CeO2, 290 °C]",290,30,3,0.151,0.521,0.479,0,STY from mass GHSV (printed STY inconsistent with X*S*F),0.161949,895.345,16.4603,,3015.96,3020.67,3030.08,3019.49,3018.31,3020.67,3042.72,3096.23,3021.13,3043.19,0.19,0.19,0.19,0.19,0.19,0.19,0.19,0.19,0.19,0.19,0,4.23496,12.7049,3.17622,2.11748,4.23496,24.0818,72.2453,4.65683,24.5036
10.1021/acsami.1c05586 | 30 bar | H2/CO2 3 | 7.2 NL/g/h,10.1021/acsami.1c05586,"Table 6/Fig 7, 0.92In-4.6Cu/CeO2, 270 °C","0.92In-4.6Cu/CeO2 [Table 6/Fig 7, 0.92In-4.6Cu/CeO2, 270 °C]",270,30,3,0.135,0.56,0.44,0,STY from mass GHSV (printed STY inconsistent with X*S*F),0.155627,931.716,16.4603,,1385.4,1390.29,1400.09,1389.07,1387.84,1390.29,1413.24,1468.93,1390.78,1413.73,0.076,0.076,0.076,0.076,0.076,0.076,0.076,0.076,0.076,0.076,0,4.40699,13.221,3.30524,2.20349,4.40699,25.06,75.1801,4.84599,25.499
10.1021/acsami.1c05586 | 30 bar | H2/CO2 3 | 7.2 NL/g/h,10.1021/acsami.1c05586,"Table 6/Fig 7, 0.92In-4.6Cu/CeO2, 250 °C","0.92In-4.6Cu/CeO2 [Table 6/Fig 7, 0.92In-4.6Cu/CeO2, 250 °C]",250,30,3,0.112,0.67,0.33,0,STY from mass GHSV (printed STY inconsistent with X*S*F),0.154474,938.669,16.4603,,1117.72,1122.65,1132.52,1121.42,1120.19,1122.65,1145.77,1201.88,1123.14,1146.26,0.035,0.035,0.035,0.035,0.035,0.035,0.035,0.035,0.035,0.035,0,4.43987,13.3196,3.32991,2.21994,4.43987,25.247,75.7411,4.88216,25.6893
10.1021/acsami.1c05586 | 30 bar | H2/CO2 3 | 7.2 NL/g/h,10.1021/acsami.1c05586,"Table 6/Fig 7, 0.92In-4.6Cu/CeO2, 210 °C","0.92In-4.6Cu/CeO2 [Table 6/Fig 7, 0.92In-4.6Cu/CeO2, 210 °C]",210,30,3,0.076,0.95,0.05,0,STY from mass GHSV (printed STY inconsistent with X*S*F),0.148628,975.592,16.4603,,988.451,993.578,1003.83,992.296,991.014,993.578,1017.61,1075.92,994.089,1018.12,0.012,0.012,0.012,0.012,0.012,0.012,0.012,0.012,0.012,0.012,0,4.61452,13.8436,3.46089,2.30726,4.61452,26.2401,78.7204,5.0742,26.6998
10.1021/acsami.1c05586 | 30 bar | H2/CO2 3 | 7.2 NL/g/h,10.1021/acsami.1c05586,"Table 6/Fig 7, 0.92In-4.6Cu/CeO2, 230 °C","0.92In-4.6Cu/CeO2 [Table 6/Fig 7, 0.92In-4.6Cu/CeO2, 230 °C]",230,30,3,0.092,0.78,0.22,0,STY from mass GHSV (printed STY inconsistent with X*S*F),0.147722,981.574,16.4603,,1036.73,1041.89,1052.21,1040.6,1039.31,1041.89,1066.06,1124.73,1042.4,1066.58,0.02,0.02,0.02,0.02,0.02,0.02,0.02,0.02,0.02,0.02,0,4.64281,13.9284,3.48211,2.32141,4.64281,26.401,79.2031,5.10531,26.8635
10.1021/acsami.1c05586 | 30 bar | H2/CO2 3 | 7.2 NL/g/h,10.1021/acsami.1c05586,"Table 6/Fig 7, 0.92In-4.6Cu/CeO2, 190 °C","0.92In-4.6Cu/CeO2 [Table 6/Fig 7, 0.92In-4.6Cu/CeO2, 190 °C]",190,30,3,0.05,0.94,0.06,0,STY from mass GHSV (printed STY inconsistent with X*S*F),0.0967521,1498.67,16.4603,,1025,1032.88,1048.63,1030.91,1028.94,1032.88,1069.79,1159.37,1033.66,1070.57,0.009,0.009,0.009,0.009,0.009,0.009,0.009,0.009,0.009,0.009,0,7.08868,21.2661,5.31651,3.54434,7.08868,40.3093,120.928,7.79483,41.0155
10.1021/acsami.1c05586 | 30 bar | H2/CO2 3 | 7.2 NL/g/h,10.1021/acsami.1c05586,"Table 6/Fig 7, 1.7In-4.7Cu/CeO2, 210 °C","1.7In-4.7Cu/CeO2 [Table 6/Fig 7, 1.7In-4.7Cu/CeO2, 210 °C]",210,30,3,0.054,0.84,0.16,0,STY from mass GHSV (printed STY inconsistent with X*S*F),0.0933761,1552.86,19.0108,,1471.74,1481.16,1500.01,1478.81,1476.45,1481.16,1519.41,1614.75,1480.71,1518.96,0.033,0.033,0.033,0.033,0.033,0.033,0.033,0.033,0.033,0.033,0,8.48308,25.4493,6.36231,4.24154,8.48308,42.9048,128.714,8.07666,42.4984
10.1021/acsami.1c05586 | 30 bar | H2/CO2 3 | 7.2 NL/g/h,10.1021/acsami.1c05586,"Table 6/Fig 7, 0.46In-4.7Cu/CeO2, 270 °C","0.46In-4.7Cu/CeO2 [Table 6/Fig 7, 0.46In-4.7Cu/CeO2, 270 °C]",270,30,3,0.083,0.46,0.54,0,STY from mass GHSV (printed STY inconsistent with X*S*F),0.0785957,1844.89,14.9733,,3881.28,3890.1,3907.74,3887.89,3885.69,3890.1,3935.54,4044.05,3891.94,3937.38,0.141,0.141,0.141,0.141,0.141,0.141,0.141,0.141,0.141,0.141,0,7.93792,23.8138,5.95344,3.96896,7.93792,48.8329,146.499,9.59552,50.4905
10.1021/acsami.1c05586 | 30 bar | H2/CO2 3 | 7.2 NL/g/h,10.1021/acsami.1c05586,"Table 6/Fig 7, 1.7In-4.7Cu/CeO2, 270 °C","1.7In-4.7Cu/CeO2 [Table 6/Fig 7, 1.7In-4.7Cu/CeO2, 270 °C]",270,30,3,0.103,0.37,0.63,0,STY from mass GHSV (printed STY inconsistent with X*S*F),0.0784516,1848.27,19.0108,,4939.77,4950.99,4973.43,4948.19,4945.38,4950.99,4996.51,5110,4950.45,4995.98,0.191,0.191,0.191,0.191,0.191,0.191,0.191,0.191,0.191,0.191,0,10.0969,30.2907,7.57267,5.04845,10.0969,51.067,153.201,9.61315,50.5832
10.1021/acsami.1c05586 | 30 bar | H2/CO2 3 | 7.2 NL/g/h,10.1021/acsami.1c05586,"Table 6/Fig 7, 1.7In-4.7Cu/CeO2, 250 °C","1.7In-4.7Cu/CeO2 [Table 6/Fig 7, 1.7In-4.7Cu/CeO2, 250 °C]",250,30,3,0.084,0.45,0.55,0,STY from mass GHSV (printed STY inconsistent with X*S*F),0.0778134,1863.43,19.0108,,3978.02,3989.33,4011.95,3986.5,3983.67,3989.33,4035.22,4149.64,3988.79,4034.68,0.144,0.144,0.144,0.144,0.144,0.144,0.144,0.144,0.144,0.144,0,10.1797,30.5391,7.63478,5.08985,10.1797,51.4858,154.457,9.69199,50.9981
10.1021/acsami.1c05586 | 30 bar | H2/CO2 3 | 7.2 NL/g/h,10.1021/acsami.1c05586,"Table 6/Fig 7, 1.7In-4.7Cu/CeO2, 190 °C","1.7In-4.7Cu/CeO2 [Table 6/Fig 7, 1.7In-4.7Cu/CeO2, 190 °C]",190,30,3,0.04,0.9,0.1,0,STY from mass GHSV (printed STY inconsistent with X*S*F),0.074108,1956.6,19.0108,,1227.48,1239.35,1263.11,1236.38,1233.41,1239.35,1287.54,1407.68,1238.78,1286.97,0.015,0.015,0.015,0.015,0.015,0.015,0.015,0.015,0.015,0.015,0,10.6887,32.0661,8.01651,5.34434,10.6887,54.0601,162.18,10.1766,53.548
10.1021/acsami.1c05586 | 30 bar | H2/CO2 3 | 7.2 NL/g/h,10.1021/acsami.1c05586,"Table 6/Fig 7, 1.7In-4.7Cu/CeO2, 290 °C","1.7In-4.7Cu/CeO2 [Table 6/Fig 7, 1.7In-4.7Cu/CeO2, 290 °C]",290,30,3,0.128,0.28,0.72,0,STY from mass GHSV (printed STY inconsistent with X*S*F),0.0737787,1965.34,19.0108,,6525.74,6537.67,6561.52,6534.68,6531.7,6537.67,6586.07,6706.74,6537.09,6585.5,0.25,0.25,0.25,0.25,0.25,0.25,0.25,0.25,0.25,0.25,0,10.7364,32.2092,8.0523,5.3682,10.7364,54.3014,162.904,10.222,53.787
10.1021/acsami.1c05586 | 30 bar | H2/CO2 3 | 7.2 NL/g/h,10.1021/acsami.1c05586,"Table 6/Fig 7, 1.7In-4.7Cu/CeO2, 230 °C","1.7In-4.7Cu/CeO2 [Table 6/Fig 7, 1.7In-4.7Cu/CeO2, 230 °C]",230,30,3,0.058,0.57,0.43,0,STY from mass GHSV (printed STY inconsistent with X*S*F),0.0680559,2130.6,19.0108,,2971.65,2984.58,3010.44,2981.34,2978.11,2984.58,3037.05,3167.87,2983.96,3036.43,0.084,0.084,0.084,0.084,0.084,0.084,0.084,0.084,0.084,0.084,0,11.6392,34.9177,8.72942,5.81961,11.6392,58.8676,176.603,11.0816,58.3099
10.1021/acsami.1c05586 | 30 bar | H2/CO2 3 | 7.2 NL/g/h,10.1021/acsami.1c05586,"Table 6/Fig 7, 0.46In-4.7Cu/CeO2, 250 °C","0.46In-4.7Cu/CeO2 [Table 6/Fig 7, 0.46In-4.7Cu/CeO2, 250 °C]",250,30,3,0.06,0.55,0.45,0,STY from mass GHSV (printed STY inconsistent with X*S*F),0.0679324,2134.48,14.9733,,3123.37,3133.58,3153.99,3131.03,3128.48,3133.58,3186.15,3311.7,3135.71,3188.28,0.09,0.09,0.09,0.09,0.09,0.09,0.09,0.09,0.09,0.09,0,9.18393,27.5518,6.88795,4.59197,9.18393,56.4982,169.494,11.1017,58.416
10.1021/acsami.1c05586 | 30 bar | H2/CO2 3 | 7.2 NL/g/h,10.1021/acsami.1c05586,"Table 6/Fig 7, 0.46In-4.7Cu/CeO2, 210 °C","0.46In-4.7Cu/CeO2 [Table 6/Fig 7, 0.46In-4.7Cu/CeO2, 210 °C]",210,30,3,0.038,0.85,0.15,0,STY from mass GHSV (printed STY inconsistent with X*S*F),0.0664914,2180.73,14.9733,,1456.19,1466.62,1487.47,1464.01,1461.41,1466.62,1520.33,1648.6,1468.8,1522.51,0.022,0.022,0.022,0.022,0.022,0.022,0.022,0.022,0.022,0.022,0,9.38297,28.1489,7.03722,4.69148,9.38297,57.7226,173.168,11.3423,59.6819
10.1021/acsami.1c05586 | 30 bar | H2/CO2 3 | 7.2 NL/g/h,10.1021/acsami.1c05586,"Table 6/Fig 7, 0.46In-4.7Cu/CeO2, 290 °C","0.46In-4.7Cu/CeO2 [Table 6/Fig 7, 0.46In-4.7Cu/CeO2, 290 °C]",290,30,3,0.092,0.35,0.65,0,STY from mass GHSV (printed STY inconsistent with X*S*F),0.0662855,2187.51,14.9733,,5408.81,5419.27,5440.18,5416.65,5414.04,5419.27,5473.15,5601.82,5421.45,5475.33,0.179,0.179,0.179,0.179,0.179,0.179,0.179,0.179,0.179,0.179,0,9.4121,28.2363,7.05908,4.70605,9.4121,57.9018,173.706,11.3775,59.8673
10.1021/acsami.1c05586 | 30 bar | H2/CO2 3 | 7.2 NL/g/h,10.1021/acsami.1c05586,"Table 6/Fig 7, 0.46In-4.7Cu/CeO2, 230 °C","0.46In-4.7Cu/CeO2 [Table 6/Fig 7, 0.46In-4.7Cu/CeO2, 230 °C]",230,30,3,0.042,0.65,0.35,0,STY from mass GHSV (printed STY inconsistent with X*S*F),0.0561986,2580.14,14.9733,,2472.78,2485.12,2509.79,2482.03,2478.95,2485.12,2548.66,2700.43,2487.69,2551.24,0.052,0.052,0.052,0.052,0.052,0.052,0.052,0.052,0.052,0.052,0,11.1015,33.3044,8.32609,5.55073,11.1015,68.2945,204.883,13.4197,70.6127
10.1021/acsami.1c05586 | 30 bar | H2/CO2 3 | 7.2 NL/g/h,10.1021/acsami.1c05586,"Table 6/Fig 7, 4.8Cu/CeO2, 230 °C","4.8Cu/CeO2 [Table 6/Fig 7, 4.8Cu/CeO2, 230 °C]",230,30,3,0.036,0.7,0.3,0,STY from mass GHSV (printed STY inconsistent with X*S*F),0.0518756,2795.15,13.4862,,2187.93,2199.97,2224.04,2196.96,2193.95,2199.97,2268.81,2430.57,2204.08,2272.93,0.039,0.039,0.039,0.039,0.039,0.039,0.039,0.039,0.039,0.039,0,10.8322,32.4966,8.12415,5.4161,10.8322,72.7913,218.374,14.538,76.4971
10.1021/acsami.1c05586 | 30 bar | H2/CO2 3 | 7.2 NL/g/h,10.1021/acsami.1c05586,"Table 6/Fig 7, 4.8Cu/CeO2, 270 °C","4.8Cu/CeO2 [Table 6/Fig 7, 4.8Cu/CeO2, 270 °C]",270,30,3,0.058,0.42,0.58,0,STY from mass GHSV (printed STY inconsistent with X*S*F),0.0501464,2891.53,13.4862,,4579.86,4592.31,4617.22,4589.2,4586.09,4592.31,4663.53,4830.87,4596.57,4667.79,0.109,0.109,0.109,0.109,0.109,0.109,0.109,0.109,0.109,0.109,0,11.2057,33.6172,8.40429,5.60286,11.2057,75.3013,225.904,15.0393,79.1349
10.1021/acsami.1c05586 | 30 bar | H2/CO2 3 | 7.2 NL/g/h,10.1021/acsami.1c05586,"Table 6/Fig 7, 0.46In-4.7Cu/CeO2, 190 °C","0.46In-4.7Cu/CeO2 [Table 6/Fig 7, 0.46In-4.7Cu/CeO2, 190 °C]",190,30,3,0.028,0.86,0.14,0,STY from mass GHSV (printed STY inconsistent with X*S*F),0.04957,2925.15,14.9733,,1460.63,1474.61,1502.58,1471.12,1467.62,1474.61,1546.66,1718.72,1477.53,1549.58,0.016,0.016,0.016,0.016,0.016,0.016,0.016,0.016,0.016,0.016,0,12.586,37.7579,9.43947,6.29298,12.586,77.4269,232.281,15.2142,80.0551
10.1021/acsami.1c05586 | 30 bar | H2/CO2 3 | 7.2 NL/g/h,10.1021/acsami.1c05586,"Table 6/Fig 7, 4.8Cu/CeO2, 210 °C","4.8Cu/CeO2 [Table 6/Fig 7, 4.8Cu/CeO2, 210 °C]",210,30,3,0.027,0.828,0.172,0,STY from mass GHSV (printed STY inconsistent with X*S*F),0.0460211,3150.73,13.4862,,1584.89,1598.46,1625.59,1595.07,1591.68,1598.46,1676.06,1858.4,1603.1,1680.7,0.018,0.018,0.018,0.018,0.018,0.018,0.018,0.018,0.018,0.018,0,12.2102,36.6306,9.15765,6.1051,12.2102,82.0514,246.154,16.3874,86.2286
10.1021/acsami.1c05586 | 30 bar | H2/CO2 3 | 7.2 NL/g/h,10.1021/acsami.1c05586,"Table 6/Fig 7, 4.8Cu/CeO2, 250 °C","4.8Cu/CeO2 [Table 6/Fig 7, 4.8Cu/CeO2, 250 °C]",250,30,3,0.044,0.5,0.5,0,STY from mass GHSV (printed STY inconsistent with X*S*F),0.0452882,3201.71,13.4862,,3723.57,3737.35,3764.93,3733.91,3730.46,3737.35,3816.21,4001.5,3742.07,3820.93,0.075,0.075,0.075,0.075,0.075,0.075,0.075,0.075,0.075,0.075,0,12.4078,37.2234,9.30584,6.20389,12.4078,83.3791,250.137,16.6526,87.6239
10.1021/acsami.1c05586 | 30 bar | H2/CO2 3 | 7.2 NL/g/h,10.1021/acsami.1c05586,"Table 6/Fig 7, 4.8Cu/CeO2, 290 °C","4.8Cu/CeO2 [Table 6/Fig 7, 4.8Cu/CeO2, 290 °C]",290,30,3,0.072,0.303,0.697,0,STY from mass GHSV (printed STY inconsistent with X*S*F),0.0449095,3228.72,13.4862,,6693.09,6706.99,6734.79,6703.51,6700.04,6706.99,6786.51,6973.36,6711.74,6791.27,0.154,0.154,0.154,0.154,0.154,0.154,0.154,0.154,0.154,0.154,0,12.5124,37.5373,9.38433,6.25622,12.5124,84.0824,252.247,16.793,88.363
10.1021/acsami.1c05586 | 30 bar | H2/CO2 3 | 7.2 NL/g/h,10.1021/acsami.1c05586,"Table 6/Fig 7, 4.8Cu/CeO2, 190 °C","4.8Cu/CeO2 [Table 6/Fig 7, 4.8Cu/CeO2, 190 °C]",190,30,3,0.018,0.88,0.12,0,STY from mass GHSV (printed STY inconsistent with X*S*F),0.0326075,4446.83,13.4862,,1415.75,1434.89,1473.19,1430.11,1425.32,1434.89,1544.42,1801.76,1441.44,1550.97,0.009,0.009,0.009,0.009,0.009,0.009,0.009,0.009,0.009,0.009,0,17.233,51.6991,12.9248,8.61652,17.233,115.804,347.413,23.1286,121.7
10.1021/acsami.1c05586 | 30 bar | H2/CO2 3 | 7.2 NL/g/h,10.1021/acsami.1c05586,"SI Figure S4, Cu/In2O3, 250 °C","Cu/In2O3 [SI Figure S4, Cu/In2O3, 250 °C]",250,30,3,0.033,0.29,0.71,0,STY from mass GHSV (printed STY inconsistent with X*S*F),0.0197004,7360.26,269.877,assumed,7808.94,8443.15,9711.58,8284.6,8126.04,8443.15,8624.43,10255.4,7851.47,8032.75,0.079,0.079,0.079,0.079,0.079,0.079,0.079,0.079,0.079,0.079,0,570.794,1712.38,428.096,285.397,570.794,733.947,2201.84,38.2818,201.434
10.1021/acsami.1c05586 | 30 bar | H2/CO2 3 | 7.2 NL/g/h,10.1021/acsami.1c05586,"SI Figure S4, Cu/In2O3, 230 °C","Cu/In2O3 [SI Figure S4, Cu/In2O3, 230 °C]",230,30,3,0.021,0.44,0.56,0,STY from mass GHSV (printed STY inconsistent with X*S*F),0.0190211,7623.13,269.877,assumed,4770.22,5427.08,6740.82,5262.87,5098.65,5427.08,5614.84,7304.08,4814.27,5002.02,0.042,0.042,0.042,0.042,0.042,0.042,0.042,0.042,0.042,0.042,0,591.18,1773.54,443.385,295.59,591.18,760.159,2280.48,39.649,208.628
10.1021/acsami.1c05586 | 30 bar | H2/CO2 3 | 7.2 NL/g/h,10.1021/acsami.1c05586,"SI Figure S4, Cu/In2O3, 270 °C","Cu/In2O3 [SI Figure S4, Cu/In2O3, 270 °C]",270,30,3,0.046,0.2,0.8,0,STY from mass GHSV (printed STY inconsistent with X*S*F),0.0189387,7656.27,269.877,assumed,11553.1,12212.8,13532.3,12047.9,11883,12212.8,12401.4,14098,11597.3,11785.9,0.118,0.118,0.118,0.118,0.118,0.118,0.118,0.118,0.118,0.118,0,593.75,1781.25,445.313,296.875,593.75,763.464,2290.39,39.8214,209.535
10.1021/acsami.1c05586 | 30 bar | H2/CO2 3 | 7.2 NL/g/h,10.1021/acsami.1c05586,"Text/Fig S4 summary, Cu/In2O3, 290 °C","Cu/In2O3 [Text/Fig S4 summary, Cu/In2O3, 290 °C]",290,30,3,0.038,0.11,0.89,0,STY from mass GHSV (printed STY inconsistent with X*S*F),0.00860477,16851.1,269.877,assumed,22586,24038,26942,23675,23312,24038,24453,28187.1,22683.4,23098.4,0.109,0.109,0.109,0.109,0.109,0.109,0.109,0.109,0.109,0.109,0,1306.82,3920.46,980.114,653.409,1306.82,1680.35,5041.06,87.6452,461.179
10.1021/acsami.1c05586 | 30 bar | H2/CO2 3 | 7.2 NL/g/h,10.1021/acsami.1c05586,"Text/Fig S4 summary, Cu/In2O3, 210 °C","Cu/In2O3 [Text/Fig S4 summary, Cu/In2O3, 210 °C]",210,30,3,0.0061,0.64,0.36,0,STY from mass GHSV (printed STY inconsistent with X*S*F),0.0080366,18042.4,269.877,assumed,3085.63,4640.31,7749.65,4251.64,3862.97,4640.31,5084.69,9082.79,3189.9,3634.28,0.009,0.009,0.009,0.009,0.009,0.009,0.009,0.009,0.009,0.009,0,1399.21,4197.62,1049.4,699.603,1399.21,1799.15,5397.44,93.8415,493.782
10.1021/acsami.1c05586 | 30 bar | H2/CO2 3 | 7.2 NL/g/h,10.1021/acsami.1c05586,"SI Figure S4, Cu/In2O3, 190 °C","Cu/In2O3 [SI Figure S4, Cu/In2O3, 190 °C]",190,30,3,0.006,0.59,0.41,0,STY from mass GHSV (printed STY inconsistent with X*S*F),0.00728729,19897.7,269.877,assumed,3333.19,5047.72,8476.79,4619.09,4190.45,5047.72,5537.79,9947,3448.18,3938.25,0.009,0.009,0.009,0.009,0.009,0.009,0.009,0.009,0.009,0.009,0,1543.08,4629.24,1157.31,771.54,1543.08,1984.14,5952.43,103.491,544.555
10.1021/acsami.1c05586 | 30 bar | H2/CO2 3 | 7.2 NL/g/h,10.1021/acsami.1c05586,"SI Figure S4, In2O3, 270 °C","In2O3 [SI Figure S4, In2O3, 270 °C]",270,30,3,0.024,0.14,0.86,0,STY from mass GHSV (printed STY inconsistent with X*S*F),0.00691675,20963.6,282.287,,18366.9,20256.4,24035.3,19784,19311.7,20256.4,20772.7,25584.3,18488.1,19004.4,0.07,0.07,0.07,0.07,0.07,0.07,0.07,0.07,0.07,0.07,0,1700.5,5101.51,1275.38,850.251,1700.5,2165.2,6495.59,109.035,573.728
10.1021/acsami.1c05586 | 30 bar | H2/CO2 3 | 7.2 NL/g/h,10.1021/acsami.1c05586,"SI Figure S4, In2O3, 230 °C","In2O3 [SI Figure S4, In2O3, 230 °C]",230,30,3,0.0085,0.38,0.62,0,STY from mass GHSV (printed STY inconsistent with X*S*F),0.00664914,21807.3,282.287,,6123.83,8089.32,12020.3,7597.95,7106.57,8089.32,8626.43,13631.6,6249.85,6786.96,0.019,0.019,0.019,0.019,0.019,0.019,0.019,0.019,0.019,0.019,0,1768.94,5306.83,1326.71,884.472,1768.94,2252.34,6757.02,113.423,596.819
10.1021/acsami.1c05586 | 30 bar | H2/CO2 3 | 7.2 NL/g/h,10.1021/acsami.1c05586,"SI Figure S4, In2O3, 250 °C","In2O3 [SI Figure S4, In2O3, 250 °C]",250,30,3,0.011,0.24,0.76,0,STY from mass GHSV (printed STY inconsistent with X*S*F),0.00543459,26681,282.287,,10695.2,13099.9,17909.4,12498.8,11897.6,13099.9,13757.1,19880.9,10849.4,11506.5,0.03,0.03,0.03,0.03,0.03,0.03,0.03,0.03,0.03,0.03,0,2164.28,6492.83,1623.21,1082.14,2164.28,2755.7,8267.11,138.772,730.199
10.1021/acsami.1c05586 | 30 bar | H2/CO2 3 | 7.2 NL/g/h,10.1021/acsami.1c05586,"Text/Fig S4 summary, In2O3, 210 °C","In2O3 [Text/Fig S4 summary, In2O3, 210 °C]",210,30,3,0.0042,0.6,0.4,0,STY from mass GHSV (printed STY inconsistent with X*S*F),0.00518756,27951.5,282.287,,3618.06,6137.33,11175.9,5507.51,4877.7,6137.33,6825.76,13241.2,3779.6,4468.03,0.007,0.007,0.007,0.007,0.007,0.007,0.007,0.007,0.007,0.007,0,2267.34,6802.01,1700.5,1133.67,2267.34,2886.93,8660.78,145.38,764.971
10.1021/acsami.1c05586 | 30 bar | H2/CO2 3 | 7.2 NL/g/h,10.1021/acsami.1c05586,"Text/Fig S4 summary, In2O3, 290 °C","In2O3 [Text/Fig S4 summary, In2O3, 290 °C]",290,30,3,0.038,0.06,0.94,0,STY from mass GHSV (printed STY inconsistent with X*S*F),0.00469351,30893.7,282.287,,42361.1,45145.5,50714.4,44449.4,43753.3,45145.5,45906.4,52997.1,42539.6,43300.5,0.114,0.114,0.114,0.114,0.114,0.114,0.114,0.114,0.114,0.114,0,2506,7518.01,1879.5,1253,2506,3190.81,9572.44,160.683,845.494
10.1021/acsami.1c05586 | 30 bar | H2/CO2 3 | 7.2 NL/g/h,10.1021/acsami.1c05586,"SI Figure S4, In2O3, 190 °C","In2O3 [SI Figure S4, In2O3, 190 °C]",190,30,3,0.002,0.61,0.39,0,STY from mass GHSV (printed STY inconsistent with X*S*F),0.00251144,57735.8,282.287,,4987.19,10190.9,20598.4,8889.98,7589.05,10190.9,11612.9,24864.4,5320.85,6742.86,0.005,0.005,0.005,0.005,0.005,0.005,0.005,0.005,0.005,0.005,0,4683.35,14050.1,3512.51,2341.68,4683.35,5963.16,17889.5,300.293,1580.1
10.1021/acscatal.0c03324 | 10 bar | H2/CO2 3 | 2 NL/g/h,10.1021/acscatal.0c03324,Figure 10b; 2Pd/CeO2-R; 1 MPa,2Pd/CeO2-R [Figure 10b; 2Pd/CeO2-R; 1 MPa],240,10,3,0.062,0.12,0.875,0.005,printed STY,0.0045,32222.2,718.388,,19350.2,26741,41522.7,24893.3,23045.6,19846.2,27534.6,43903.5,19536.4,20330,0.165,0.165,0.165,0.165,0.165,0.165,0.165,0.165,0.165,0.165,0,6651.74,19955.2,4988.81,3325.87,446.405,7366,22098,167.593,881.852
10.1021/acscatal.0c03324 | 20 bar | H2/CO2 3 | 2 NL/g/h,10.1021/acscatal.0c03324,Figure 10b; 2Pd/CeO2-R; 2 MPa,2Pd/CeO2-R [Figure 10b; 2Pd/CeO2-R; 2 MPa],240,20,3,0.066,0.235,0.755,0.01,printed STY,0.0095,15263.2,718.388,,9200.2,12701.1,19703,11825.9,10950.7,9435.15,13077,20830.7,9288.41,9664.33,0.155,0.155,0.155,0.155,0.155,0.155,0.155,0.155,0.155,0.155,0,3150.83,9452.48,2363.12,1575.41,211.455,3489.16,10467.5,79.386,417.719
10.1021/acscatal.0c03324 | 30 bar | H2/CO2 3 | 10 NL/g/h,10.1021/acscatal.0c03324,"SI Fig S7, O GHSV 10","2Pd/CeO2-O [SI Fig S7, O GHSV 10]",280,30,3,0.042,0.21,0.775,0.015,printed STY,0.0265,5471.7,743.582,,11032.3,12331.4,14929.5,12006.6,11681.8,11118.7,12466.1,15333.8,11063.9,11198.7,0.107,0.107,0.107,0.107,0.107,0.107,0.107,0.107,0.107,0.107,0,1169.15,3507.46,876.865,584.577,77.7836,1290.44,3871.33,28.4591,149.748
10.1021/acscatal.0c03324 | 30 bar | H2/CO2 3 | 10 NL/g/h,10.1021/acscatal.0c03324,Figure 10c; 2Pd/CeO2-R; GHSV 10 L gcat−1 h−1,2Pd/CeO2-R [Figure 10c; 2Pd/CeO2-R; GHSV 10 L gcat−1 h−1],240,30,3,0.032,0.2,0.792,0.008,printed STY,0.0208,6971.15,718.388,,12017.7,13616.6,16814.6,13216.9,12817.1,12125,13788.3,17329.7,12057.9,12229.6,0.085,0.085,0.085,0.085,0.085,0.085,0.085,0.085,0.085,0.085,0,1439.08,4317.24,1079.31,719.54,96.5779,1593.61,4780.82,36.258,190.785
10.1021/acscatal.0c03324 | 30 bar | H2/CO2 3 | 14 NL/g/h,10.1021/acscatal.0c03324,"SI Fig S7, O GHSV 14","2Pd/CeO2-O [SI Fig S7, O GHSV 14]",280,30,3,0.033,0.15,0.83,0.02,printed STY,0.021,6904.76,743.582,,16469.6,18108.9,21387.5,17699.1,17289.3,16578.7,18279,21897.7,16509.5,16679.6,0.092,0.092,0.092,0.092,0.092,0.092,0.092,0.092,0.092,0.092,0,1475.36,4426.08,1106.52,737.68,98.1555,1628.42,4885.25,35.9127,188.968
10.1021/acscatal.0c03324 | 30 bar | H2/CO2 3 | 14 NL/g/h,10.1021/acscatal.0c03324,Figure 10c; 2Pd/CeO2-R; GHSV 14 L gcat−1 h−1,2Pd/CeO2-R [Figure 10c; 2Pd/CeO2-R; GHSV 14 L gcat−1 h−1],240,30,3,0.024,0.16,0.834,0.006,printed STY,0.0195,7435.9,718.388,,15761,17466.6,20877.8,17040.2,16613.8,15875.5,17649.8,21427.2,15804,15987.1,0.068,0.068,0.068,0.068,0.068,0.068,0.068,0.068,0.068,0.068,0,1535.02,4605.05,1151.26,767.509,103.016,1699.85,5099.54,38.6752,203.504
10.1021/acscatal.0c03324 | 30 bar | H2/CO2 3 | 18 NL/g/h,10.1021/acscatal.0c03324,"SI Fig S7, O GHSV 18","2Pd/CeO2-O [SI Fig S7, O GHSV 18]",280,30,3,0.03,0.13,0.845,0.025,printed STY,0.0205,7073.17,743.582,,19402.9,21082.2,24440.7,20662.4,20242.6,19514.7,21256.4,24963.4,19443.8,19618,0.086,0.086,0.086,0.086,0.086,0.086,0.086,0.086,0.086,0.086,0,1511.35,4534.04,1133.51,755.673,100.55,1668.13,5004.4,36.7886,193.577
10.1021/acscatal.0c03324 | 30 bar | H2/CO2 3 | 18 NL/g/h,10.1021/acscatal.0c03324,Figure 10c; 2Pd/CeO2-R; GHSV 18 L gcat−1 h−1,2Pd/CeO2-R [Figure 10c; 2Pd/CeO2-R; GHSV 18 L gcat−1 h−1],240,30,3,0.016,0.05,0.945,0.005,printed STY,0.0078,18589.7,718.388,,55298.8,59562.8,68090.6,58496.8,57430.8,55585,60020.6,69464.2,55406.3,55864.1,0.052,0.052,0.052,0.052,0.052,0.052,0.052,0.052,0.052,0.052,0,3837.54,11512.6,2878.16,1918.77,257.541,4249.62,12748.9,96.688,508.761
10.1021/acscatal.0c03324 | 30 bar | H2/CO2 3 | 2 NL/g/h,10.1021/acscatal.0c03324,Figure 10a; 2Pd/CeO2-R; 280 °C,2Pd/CeO2-R [Figure 10a; 2Pd/CeO2-R; 280 °C],280,30,3,0.13,0.22,0.74,0.04,printed STY,0.0175,8285.71,718.388,,4368.23,6268.72,10069.7,5793.6,5318.47,4495.77,6472.8,10681.9,4416.11,4620.18,0.221,0.221,0.221,0.221,0.221,0.221,0.221,0.221,0.221,0.221,0,1710.45,5131.35,1282.84,855.224,114.79,1894.12,5682.35,43.0952,226.762
10.1021/acscatal.0c03324 | 30 bar | H2/CO2 3 | 2 NL/g/h,10.1021/acscatal.0c03324,Figure 10a; 2Pd/CeO2-R; 260 °C,2Pd/CeO2-R [Figure 10a; 2Pd/CeO2-R; 260 °C],260,30,3,0.101,0.265,0.7,0.035,printed STY,0.0148,9797.3,718.388,,6361.77,8608.99,13103.4,8047.18,7485.38,6512.59,8850.29,13827.3,6418.39,6659.7,0.203,0.203,0.203,0.203,0.203,0.203,0.203,0.203,0.203,0.203,0,2022.49,6067.47,1516.87,1011.24,135.731,2239.66,6718.99,50.9572,268.131
10.1021/acscatal.0c03324 | 30 bar | H2/CO2 3 | 2 NL/g/h,10.1021/acscatal.0c03324,Table 3 row 1; standard conditions,2Pd/CeO2-R [Table 3 row 1; standard conditions],240,30,3,0.065,0.3,0.684,0.016,printed STY,0.012,12083.3,718.388,,6961.09,9732.65,15275.8,9039.76,8346.87,7147.1,10030.3,16168.6,7030.92,7328.53,0.142,0.142,0.142,0.142,0.142,0.142,0.142,0.142,0.142,0.142,0,2494.4,7483.21,1870.8,1247.2,167.402,2762.25,8286.75,62.8472,330.694
10.1021/acscatal.0c03324 | 30 bar | H2/CO2 3 | 2 NL/g/h,10.1021/acscatal.0c03324,"SI Fig S7, O GHSV 2","2Pd/CeO2-O [SI Fig S7, O GHSV 2]",280,30,3,0.066,0.26,0.725,0.015,printed STY,0.011,13181.8,743.582,,8218.49,11348,17607.1,10565.7,9783.26,8426.69,11672.7,18581.1,8294.66,8619.33,0.151,0.151,0.151,0.151,0.151,0.151,0.151,0.151,0.151,0.151,0,2816.6,8449.79,2112.45,1408.3,187.388,3108.8,9326.39,68.5606,360.758
10.1021/acscatal.0c03324 | 30 bar | H2/CO2 3 | 2 NL/g/h,10.1021/acscatal.0c03324,Figure 10a; 2Pd/CeO2-R; 220 °C,2Pd/CeO2-R [Figure 10a; 2Pd/CeO2-R; 220 °C],220,30,3,0.053,0.307,0.685,0.008,printed STY,0.0074,19594.6,718.388,,6974.38,11468.8,20457.6,10345.2,9221.59,7276,11951.4,21905.5,7087.62,7570.22,0.118,0.118,0.118,0.118,0.118,0.118,0.118,0.118,0.118,0.118,0,4044.98,12134.9,3033.73,2022.49,271.462,4479.33,13438,101.914,536.261
10.1021/acscatal.0c03324 | 30 bar | H2/CO2 3 | 2 NL/g/h,10.1021/acscatal.0c03324,Figure 10a; 2Pd/CeO2-R; 200 °C,2Pd/CeO2-R [Figure 10a; 2Pd/CeO2-R; 200 °C],200,30,3,0.038,0.315,0.68,0.005,printed STY,0.0045,32222.2,718.388,,7058.79,14449.6,29231.3,12601.9,10754.2,7554.8,15243.2,31612.1,7245.01,8038.63,0.087,0.087,0.087,0.087,0.087,0.087,0.087,0.087,0.087,0.087,0,6651.74,19955.2,4988.81,3325.87,446.405,7366,22098,167.593,881.852
10.1021/acscatal.0c03324 | 30 bar | H2/CO2 3 | 24 NL/g/h,10.1021/acscatal.0c03324,Figure 10c; 2Pd/CeO2-R; GHSV 24 L gcat−1 h−1,2Pd/CeO2-R [Figure 10c; 2Pd/CeO2-R; GHSV 24 L gcat−1 h−1],240,30,3,0.01,0.017,0.98,0.003,printed STY,0.0023,63043.5,718.388,,173094,187554,216475,183939,180324,174064,189107,221133,173458,175011,0.035,0.035,0.035,0.035,0.035,0.035,0.035,0.035,0.035,0.035,0,13014.3,39042.8,9760.71,6507.14,873.4,14411.7,43235.2,327.899,1725.36
10.1021/acscatal.0c03324 | 30 bar | H2/CO2 3 | 6 NL/g/h,10.1021/acscatal.0c03324,"SI Fig S7, O GHSV 6","2Pd/CeO2-O [SI Fig S7, O GHSV 6]",280,30,3,0.052,0.23,0.755,0.015,STY from mass GHSV,0.0256462,5653.86,743.582,,9735.01,11077.3,13761.9,10741.7,10406.2,9824.32,11216.6,14179.7,9767.69,9906.94,0.127,0.127,0.127,0.127,0.127,0.127,0.127,0.127,0.127,0.127,0,1208.08,3624.23,906.058,604.039,80.3732,1333.41,4000.22,29.4066,154.734
10.1021/acscatal.0c03324 | 30 bar | H2/CO2 3 | 6 NL/g/h,10.1021/acscatal.0c03324,Figure 10c; 2Pd/CeO2-R; GHSV 6 L gcat−1 h−1,2Pd/CeO2-R [Figure 10c; 2Pd/CeO2-R; GHSV 6 L gcat−1 h−1],240,30,3,0.045,0.265,0.717,0.018,STY from mass GHSV,0.024804,5845.83,718.388,,8399.96,9740.82,12422.5,9405.6,9070.39,8489.94,9884.8,12854.5,8433.74,8577.72,0.107,0.107,0.107,0.107,0.107,0.107,0.107,0.107,0.107,0.107,0,1206.78,3620.33,905.081,603.388,80.9878,1336.36,4009.07,30.405,159.988
10.1021/acscatal.0c03324 | 30 bar | H2/CO2 3 | 6 NL/g/h,10.1021/acscatal.0c03324,"SI Figure S8, first plotted point","2Pd/CeO2-R [SI Figure S8, first plotted point]",240,30,3,0.045,0.25,0.734,0.016,STY from mass GHSV,0.0241237,6010.69,718.388,,8991.54,10370.2,13127.6,10025.5,9680.88,9084.07,10518.3,13571.7,9026.28,9174.32,0.109,0.109,0.109,0.109,0.109,0.109,0.109,0.109,0.109,0.109,0,1240.81,3722.42,930.605,620.403,83.2716,1374.04,4122.13,31.2625,164.499
10.1021/acscatal.0c03324 | 30 bar | H2/CO2 3 | 6 NL/g/h,10.1021/acscatal.0c03324,Text section 3.5; stability test at 100 h,2Pd/CeO2-R [Text section 3.5; stability test at 100 h],240,30,3,0.04,0.259,0.731,0.01,STY from mass GHSV,0.0215488,6728.91,718.388,,8728.33,10271.7,13358.6,9885.89,9500.04,8831.91,10437.5,13855.8,8767.22,8932.95,0.097,0.097,0.097,0.097,0.097,0.097,0.097,0.097,0.097,0.097,0,1389.07,4167.22,1041.8,694.536,93.2219,1538.23,4614.69,34.9981,184.156
10.1021/acscatal.0c03324 | 40 bar | H2/CO2 3 | 2 NL/g/h,10.1021/acscatal.0c03324,Figure 10b; 2Pd/CeO2-R; 4 MPa,2Pd/CeO2-R [Figure 10b; 2Pd/CeO2-R; 4 MPa],240,40,3,0.068,0.4,0.58,0.02,printed STY,0.0163,8895.71,718.388,,4902.37,6942.79,11023.6,6432.68,5922.58,5039.31,7161.88,11680.9,4953.78,5172.88,0.13,0.13,0.13,0.13,0.13,0.13,0.13,0.13,0.13,0.13,0,1836.37,5509.11,1377.28,918.186,123.241,2033.56,6100.68,46.2679,243.456
10.1021/acscatal.0c03324 | 50 bar | H2/CO2 3 | 2 NL/g/h,10.1021/acscatal.0c03324,Figure 10b; 2Pd/CeO2-R; 5 MPa,2Pd/CeO2-R [Figure 10b; 2Pd/CeO2-R; 5 MPa],240,50,3,0.059,0.477,0.493,0.03,printed STY,0.0179,8100.56,718.388,,3978.98,5837.01,9553.07,5372.51,4908,4103.68,6036.53,10151.6,4025.8,4225.31,0.102,0.102,0.102,0.102,0.102,0.102,0.102,0.102,0.102,0.102,0,1672.23,5016.68,1254.17,836.113,112.225,1851.79,5555.37,42.1322,221.695
10.1021/acscatal.0c05628 | 50 bar | H2/CO2 4 | 21 NL/g/h,10.1021/acscatal.0c05628,"Text/Figure 1, Ir/In2O3-10, 300 °C","Ir/In2O3-10 [Text/Figure 1, Ir/In2O3-10, 300 °C]",300,50,4,0.177,0.71,0.29,0,STY from mass GHSV,0.754538,192.171,22590.3,,1937.13,3323.21,6095.37,2976.69,2630.17,2021.31,3327.94,6109.57,1938.24,1942.97,0.134,0.134,0.134,0.134,0.134,0.134,0.134,0.134,0.134,0.134,0,1247.47,3742.41,935.603,623.736,75.7616,1251.73,3755.19,0.999508,5.25929
10.1021/acscatal.0c05628 | 50 bar | H2/CO2 4 | 21 NL/g/h,10.1021/acscatal.0c05628,"Text/Figure 1, Ir/In2O3-5, 300 °C","Ir/In2O3-5 [Text/Figure 1, Ir/In2O3-5, 300 °C]",300,50,4,0.142,0.71,0.29,0,STY from mass GHSV,0.605336,239.537,11436.3,,1986.63,2861.28,4610.59,2642.62,2423.96,2049.89,2867.18,4628.29,1988.01,1993.91,0.11,0.11,0.11,0.11,0.11,0.11,0.11,0.11,0.11,0.11,0,787.188,2361.57,590.391,393.594,56.9329,792.498,2377.49,1.24587,6.55559
10.1021/acscatal.0c05628 | 50 bar | H2/CO2 4 | 21 NL/g/h,10.1021/acscatal.0c05628,"Text/Figure 1a, Ir/In2O3-10, 250 °C","Ir/In2O3-10 [Text/Figure 1a, Ir/In2O3-10, 250 °C]",250,50,4,0.11,0.89,0.11,0,STY from mass GHSV,0.587804,246.681,22590.3,,1264.99,3044.24,6602.74,2599.43,2154.61,1373.05,3050.31,6620.96,1266.41,1272.49,0.038,0.038,0.038,0.038,0.038,0.038,0.038,0.038,0.038,0.038,0,1601.32,4803.97,1200.99,800.662,97.2519,1606.79,4820.38,1.28302,6.75112
10.1021/acscatal.0c05628 | 50 bar | H2/CO2 4 | 21 NL/g/h,10.1021/acscatal.0c05628,"Figure 1a, Ir/In2O3-10, 275 °C","Ir/In2O3-10 [Figure 1a, Ir/In2O3-10, 275 °C]",275,50,4,0.108,0.84,0.16,0,STY from mass GHSV,0.544694,266.205,22590.3,,1460.52,3380.59,7220.73,2900.57,2420.56,1577.13,3387.15,7240.4,1462.06,1468.62,0.052,0.052,0.052,0.052,0.052,0.052,0.052,0.052,0.052,0.052,0,1728.06,5184.18,1296.05,864.031,104.949,1733.96,5201.89,1.38457,7.28544
10.1021/acscatal.0c05628 | 50 bar | H2/CO2 4 | 21 NL/g/h,10.1021/acscatal.0c05628,"Text/Figure 1, Ir/In2O3-1, 300 °C","Ir/In2O3-1 [Text/Figure 1, Ir/In2O3-1, 300 °C]",300,50,4,0.116,0.73,0.27,0,STY from mass GHSV,0.508429,285.192,2513.09,,1925.42,2154.26,2611.93,2097.05,2039.84,1961.05,2161.28,2633,1927.07,1934.09,0.086,0.086,0.086,0.086,0.086,0.086,0.086,0.086,0.086,0.086,0,205.952,617.857,154.464,102.976,32.064,212.274,636.823,1.48333,7.80509
10.1021/acscatal.0c05628 | 50 bar | H2/CO2 4 | 21 NL/g/h,10.1021/acscatal.0c05628,"Figure 1a, Ir/In2O3-5, 275 °C","Ir/In2O3-5 [Figure 1a, Ir/In2O3-5, 275 °C]",275,50,4,0.085,0.83,0.17,0,STY from mass GHSV,0.423591,342.311,11436.3,,1513.66,2763.59,5263.45,2451.11,2138.62,1604.06,2772.02,5288.74,1515.64,1524.07,0.043,0.043,0.043,0.043,0.043,0.043,0.043,0.043,0.043,0.043,0,1124.94,3374.81,843.703,562.469,81.3603,1132.53,3397.58,1.78041,9.36832
10.1021/acscatal.0c05628 | 50 bar | H2/CO2 4 | 21 NL/g/h,10.1021/acscatal.0c05628,"Text/Figure 1, In2O3, 300 °C","Pristine In2O3 [Text/Figure 1, In2O3, 300 °C]",300,50,4,0.089,0.61,0.39,0,STY from mass GHSV,0.325964,444.835,282.287,,2694.5,2734.6,2814.78,2724.57,2714.55,2734.6,2745.55,2847.65,2697.08,2708.03,0.093,0.093,0.093,0.093,0.093,0.093,0.093,0.093,0.093,0.093,0,36.0836,108.251,27.0627,18.0418,36.0836,45.9441,137.832,2.31365,12.1742
10.1021/acscatal.0c05628 | 50 bar | H2/CO2 4 | 21 NL/g/h,10.1021/acscatal.0c05628,"Figure 1a, Ir/In2O3-1, 275 °C","Ir/In2O3-1 [Figure 1a, Ir/In2O3-1, 275 °C]",275,50,4,0.062,0.8,0.2,0,STY from mass GHSV,0.297804,486.897,2513.09,,1677.17,2067.85,2849.22,1970.18,1872.51,1738,2079.85,2885.19,1679.99,1691.98,0.037,0.037,0.037,0.037,0.037,0.037,0.037,0.037,0.037,0.037,0,351.614,1054.84,263.71,175.807,54.7415,362.407,1087.22,2.53242,13.3253
10.1021/acscatal.0c05628 | 50 bar | H2/CO2 4 | 21 NL/g/h,10.1021/acscatal.0c05628,"Text/Figure 1a, Ir/In2O3-5, 250 °C","Ir/In2O3-5 [Text/Figure 1a, Ir/In2O3-5, 250 °C]",250,50,4,0.045,0.88,0.12,0,STY from mass GHSV,0.237763,609.85,11436.3,,1373.87,3600.7,8054.37,3043.99,2487.29,1534.92,3615.72,8099.43,1377.39,1392.41,0.018,0.018,0.018,0.018,0.018,0.018,0.018,0.018,0.018,0.018,0,2004.15,6012.45,1503.11,1002.08,144.949,2017.67,6053.01,3.17192,16.6903
10.1021/acscatal.0c05628 | 50 bar | H2/CO2 4 | 21 NL/g/h,10.1021/acscatal.0c05628,"Figure 1a, In2O3, 275 °C","Pristine In2O3 [Figure 1a, In2O3, 275 °C]",275,50,4,0.044,0.72,0.28,0,STY from mass GHSV,0.190211,762.313,282.287,,2122.4,2191.11,2328.52,2173.93,2156.75,2191.11,2209.88,2384.85,2126.8,2145.58,0.036,0.036,0.036,0.036,0.036,0.036,0.036,0.036,0.036,0.036,0,61.8364,185.509,46.3773,30.9182,61.8364,78.7344,236.203,3.9649,20.8628
10.1021/acscatal.0c05628 | 50 bar | H2/CO2 4 | 21 NL/g/h,10.1021/acscatal.0c05628,"Text/Figure 1a, Ir/In2O3-1, 250 °C","Ir/In2O3-1 [Text/Figure 1a, Ir/In2O3-1, 250 °C]",250,50,4,0.031,0.9,0.1,0,STY from mass GHSV,0.167515,865.594,2513.09,,1324.4,2018.95,3408.04,1845.31,1671.67,1432.53,2040.26,3472,1329.4,1350.72,0.011,0.011,0.011,0.011,0.011,0.011,0.011,0.011,0.011,0.011,0,625.091,1875.27,468.819,312.546,97.3182,644.279,1932.84,4.50208,23.6894
10.1021/acscatal.0c05628 | 50 bar | H2/CO2 4 | 21 NL/g/h,10.1021/acscatal.0c05628,"Figure 1a, Ir/In2O3-10, 225 °C","Ir/In2O3-10 [Figure 1a, Ir/In2O3-10, 225 °C]",225,50,4,0.023,0.94,0.06,0,STY from mass GHSV,0.129809,1117.02,22590.3,,1162.15,9218.98,25332.6,7204.77,5190.57,1651.46,9246.49,25415.2,1168.61,1196.12,0.005,0.005,0.005,0.005,0.005,0.005,0.005,0.005,0.005,0.005,0,7251.14,21753.4,5438.36,3625.57,440.378,7275.9,21827.7,5.80981,30.5705
10.1021/acscatal.0c05628 | 50 bar | H2/CO2 4 | 21 NL/g/h,10.1021/acscatal.0c05628,"Text/Figure 1a, In2O3, 250 °C","Pristine In2O3 [Text/Figure 1a, In2O3, 250 °C]",250,50,4,0.021,0.84,0.16,0,STY from mass GHSV,0.105913,1369.05,282.287,,1602.63,1726.03,1972.81,1695.18,1664.33,1726.03,1759.75,2073.97,1610.55,1644.26,0.011,0.011,0.011,0.011,0.011,0.011,0.011,0.011,0.011,0.011,0,111.053,333.16,83.2899,55.5266,111.053,141.401,424.202,7.12064,37.468
10.1021/acscatal.0c05628 | 50 bar | H2/CO2 4 | 21 NL/g/h,10.1021/acscatal.0c05628,"Figure 1a, Ir/In2O3-5, 225 °C","Ir/In2O3-5 [Figure 1a, Ir/In2O3-5, 225 °C]",225,50,4,0.015,0.95,0.05,0,STY from mass GHSV,0.0855587,1694.74,11436.3,,1303.68,7491.93,19868.4,5944.87,4397.81,1751.24,7533.67,19993.7,1313.47,1355.21,0.005,0.005,0.005,0.005,0.005,0.005,0.005,0.005,0.005,0.005,0,5569.43,16708.3,4177.07,2784.71,402.805,5606.99,16821,8.81461,46.3814
10.1021/acscatal.0c05628 | 50 bar | H2/CO2 4 | 21 NL/g/h,10.1021/acscatal.0c05628,"Figure 1a, Ir/In2O3-1, 225 °C","Ir/In2O3-1 [Figure 1a, Ir/In2O3-1, 225 °C]",225,50,4,0.008,0.94,0.06,0,STY from mass GHSV,0.045151,3211.45,2513.09,,1679.83,4256.67,9410.35,3612.46,2968.25,2081.01,4335.76,9647.64,1698.39,1777.48,0.005,0.005,0.005,0.005,0.005,0.005,0.005,0.005,0.005,0.005,0,2319.16,6957.47,1739.37,1159.58,361.061,2390.34,7171.03,16.7032,87.8903
10.1021/acscatal.0c05628 | 50 bar | H2/CO2 4 | 21 NL/g/h,10.1021/acscatal.0c05628,"Figure 1a, Ir/In2O3-10, 200 °C","Ir/In2O3-10 [Figure 1a, Ir/In2O3-10, 200 °C]",200,50,4,0.005,0.96,0.04,0,STY from mass GHSV,0.0288198,5031.27,22590.3,,2109.5,38398.8,110977,29326.5,20254.1,4313.42,38522.7,111349,2138.57,2262.49,0.005,0.005,0.005,0.005,0.005,0.005,0.005,0.005,0.005,0.005,0,32660.4,97981.1,24495.3,16330.2,1983.53,32771.9,98315.6,26.1684,137.695
10.1021/acscatal.0c05628 | 50 bar | H2/CO2 4 | 21 NL/g/h,10.1021/acscatal.0c05628,"Figure 1a, In2O3, 225 °C","Pristine In2O3 [Figure 1a, In2O3, 225 °C]",225,50,4,0.004,0.91,0.09,0,STY from mass GHSV,0.021855,6634.64,282.287,,2509.37,3107.35,4303.31,2957.85,2808.36,3107.35,3270.76,4793.53,2547.71,2711.12,0.005,0.005,0.005,0.005,0.005,0.005,0.005,0.005,0.005,0.005,0,538.181,1614.54,403.636,269.09,538.181,685.249,2055.75,34.5077,181.575
10.1021/acscatal.0c05628 | 50 bar | H2/CO2 4 | 21 NL/g/h,10.1021/acscatal.0c05628,"Figure 1a, Ir/In2O3-5, 200 °C","Ir/In2O3-5 [Figure 1a, Ir/In2O3-5, 200 °C]",200,50,4,0.003,0.97,0.03,0,STY from mass GHSV,0.017472,8298.99,11436.3,,2878.17,33181.5,93788.1,25605.6,18029.8,5069.83,33385.9,94401.3,2926.13,3130.53,0.005,0.005,0.005,0.005,0.005,0.005,0.005,0.005,0.005,0.005,0,27273,81818.9,20454.7,13636.5,1972.5,27456.9,82370.8,43.1643,227.125
10.1021/acscatal.0c05628 | 50 bar | H2/CO2 4 | 21 NL/g/h,10.1021/acscatal.0c05628,"Figure 1a, Ir/In2O3-1, 200 °C","Ir/In2O3-1 [Figure 1a, Ir/In2O3-1, 200 °C]",200,50,4,0.002,0.96,0.04,0,STY from mass GHSV,0.0115279,12578.2,2513.09,,3879.4,13972,34157.3,11448.9,8925.71,5450.69,14281.8,35086.7,3952.09,4261.89,0.005,0.005,0.005,0.005,0.005,0.005,0.005,0.005,0.005,0.005,0,9083.36,27250.1,6812.52,4541.68,1414.15,9362.18,28086.5,65.4209,344.237
10.1021/acscatal.0c05628 | 50 bar | H2/CO2 4 | 21 NL/g/h,10.1021/acscatal.0c05628,"Figure 1a, In2O3, 200 °C","Pristine In2O3 [Figure 1a, In2O3, 200 °C]",200,50,4,0.001,0.94,0.06,0,STY from mass GHSV,0.00564388,25691.6,282.287,,6898.16,9213.74,13844.9,8634.84,8055.95,9213.74,9846.51,15743.2,7046.63,7679.41,0.005,0.005,0.005,0.005,0.005,0.005,0.005,0.005,0.005,0.005,0,2084.02,6252.06,1563.01,1042.01,2084.02,2653.52,7960.55,133.626,703.122
10.1021/acscatal.1c03170 | 30 bar | H2/CO2 3 | 60 NL/g/h,10.1021/acscatal.1c03170,"Fig 4a,b, NiO content 6 wt%","NiO(6)−In2O3 [Fig 4a,b, NiO content 6 wt%]",250,30,3,0.028,0.53,0.47,0,STY from mass GHSV,0.318218,455.662,266.742,,3488.56,3527.37,3604.98,3517.67,3507.97,3527.37,3538.59,3638.65,3491.2,3502.42,0.046,0.046,0.046,0.046,0.046,0.046,0.046,0.046,0.046,0.046,0,34.9265,104.78,26.1949,17.4633,34.9265,45.027,135.081,2.36996,12.4705
10.1021/acscatal.1c03170 | 30 bar | H2/CO2 3 | 60 NL/g/h,10.1021/acscatal.1c03170,"Fig 1, Ni-In2O3 screening catalyst","Ni-In2O3 [Fig 1, Ni-In2O3 screening catalyst]",250,30,3,0.028,0.53,0.47,0,STY from mass GHSV,0.254575,569.577,269.493,,3490.07,3539.08,3637.1,3526.83,3514.58,3539.08,3553.11,3679.19,3493.37,3507.39,0.046,0.046,0.046,0.046,0.046,0.046,0.046,0.046,0.046,0.046,0,44.1084,132.325,33.0813,22.0542,44.1084,56.734,170.202,2.96246,15.5881
10.1021/acscatal.1c03170 | 30 bar | H2/CO2 3 | 60 NL/g/h,10.1021/acscatal.1c03170,"Figure 4c,d, NiO(6)−In2O3 first TOS point","NiO(6)−In2O3 [Figure 4c,d, NiO(6)−In2O3 first TOS point]",250,30,3,0.0285,0.52,0.48,0,STY from mass GHSV,0.254232,570.346,266.742,,3602.73,3651.3,3748.45,3639.16,3627.02,3651.3,3665.35,3790.6,3606.03,3620.07,0.048,0.048,0.048,0.048,0.048,0.048,0.048,0.048,0.048,0.048,0,43.7171,131.151,32.7878,21.8585,43.7171,56.3597,169.079,2.96645,15.6091
10.1021/acscatal.1c03170 | 30 bar | H2/CO2 3 | 60 NL/g/h,10.1021/acscatal.1c03170,"Fig 1, Pd-In2O3 screening catalyst","Pd-In2O3 [Fig 1, Pd-In2O3 screening catalyst]",250,30,3,0.019,0.72,0.28,0,STY from mass GHSV,0.234675,617.875,2068.36,,2143.2,2551.24,3367.33,2449.23,2347.22,2213.97,2566.46,3412.98,2146.77,2161.99,0.02,0.02,0.02,0.02,0.02,0.02,0.02,0.02,0.02,0.02,0,367.238,1101.71,275.428,183.619,63.6919,380.934,1142.8,3.21366,16.9099
10.1021/acscatal.1c03170 | 30 bar | H2/CO2 3 | 60 NL/g/h,10.1021/acscatal.1c03170,"Fig 4a,b, NiO content 25 wt%","NiO(25)−In2O3 [Fig 4a,b, NiO content 25 wt%]",250,30,3,0.028,0.4,0.6,0,STY from mass GHSV,0.192132,754.69,217.519,,5228.18,5280.59,5385.42,5267.49,5254.38,5280.59,5299.18,5441.18,5232.54,5251.13,0.058,0.058,0.058,0.058,0.058,0.058,0.058,0.058,0.058,0.058,0,47.1722,141.517,35.3791,23.5861,47.1722,63.9011,191.703,3.92525,20.6542
10.1021/acscatal.1c03170 | 30 bar | H2/CO2 3 | 60 NL/g/h,10.1021/acscatal.1c03170,"Figure 4c,d, NiO(1)−In2O3 first TOS point","NiO(1)−In2O3 [Figure 4c,d, NiO(1)−In2O3 first TOS point]",250,30,3,0.017,0.65,0.35,0,STY from mass GHSV,0.189559,764.934,279.696,,2603.34,2671.65,2808.27,2654.57,2637.49,2671.65,2690.49,2864.79,2607.76,2626.6,0.022,0.022,0.022,0.022,0.022,0.022,0.022,0.022,0.022,0.022,0,61.4796,184.439,46.1097,30.7398,61.4796,78.4357,235.307,3.97854,20.9346
10.1021/acscatal.1c03170 | 30 bar | H2/CO2 3 | 60 NL/g/h,10.1021/acscatal.1c03170,"Fig 4a,b, NiO content 1 wt%","NiO(1)−In2O3 [Fig 4a,b, NiO content 1 wt%]",250,30,3,0.017,0.57,0.43,0,STY from mass GHSV,0.166228,872.294,279.696,,3273.05,3350.94,3506.74,3331.47,3312,3350.94,3372.43,3571.19,3278.09,3299.57,0.027,0.027,0.027,0.027,0.027,0.027,0.027,0.027,0.027,0.027,0,70.1084,210.325,52.5813,35.0542,70.1084,89.4442,268.333,4.53693,23.8728
10.1021/acscatal.1c03170 | 30 bar | H2/CO2 3 | 60 NL/g/h,10.1021/acscatal.1c03170,"Fig 4a,b, NiO content 50 wt%","NiO(50)−In2O3 [Fig 4a,b, NiO content 50 wt%]",250,30,3,0.025,0.28,0.72,0,STY from mass GHSV,0.120082,1207.5,152.751,,8313.49,8372.39,8490.17,8357.66,8342.94,8372.39,8402.13,8579.39,8320.47,8350.21,0.062,0.062,0.062,0.062,0.062,0.062,0.062,0.062,0.062,0.062,0,53.002,159.006,39.7515,26.501,53.002,79.7683,239.305,6.28041,33.0467
10.1021/acscatal.1c03170 | 30 bar | H2/CO2 3 | 60 NL/g/h,10.1021/acscatal.1c03170,"Figure 4c,d, In2O3 first TOS point","In2O3 [Figure 4c,d, In2O3 first TOS point]",250,30,3,0.0105,0.52,0.48,0,STY from mass GHSV,0.0936643,1548.08,282.287,,3928.35,4067.88,4346.94,4033,3998.12,4067.88,4106.01,4461.32,3937.3,3975.43,0.019,0.019,0.019,0.019,0.019,0.019,0.019,0.019,0.019,0.019,0,125.576,376.727,94.1817,62.7878,125.576,159.891,479.674,8.0518,42.3676
10.1021/acscatal.1c03170 | 30 bar | H2/CO2 3 | 60 NL/g/h,10.1021/acscatal.1c03170,"Fig 4a,b, NiO content 0 wt%","In2O3 [Fig 4a,b, NiO content 0 wt%]",250,30,3,0.008,0.52,0.48,0,STY from mass GHSV,0.0713633,2031.86,282.287,,3901.65,4084.78,4451.04,4039,3993.22,4084.78,4134.83,4601.18,3913.39,3963.44,0.014,0.014,0.014,0.014,0.014,0.014,0.014,0.014,0.014,0.014,0,164.818,494.454,123.613,82.409,164.818,209.857,629.572,10.568,55.6075
10.1021/acscatal.1c03170 | 30 bar | H2/CO2 3 | 60 NL/g/h,10.1021/acscatal.1c03170,"Fig 1, Cu-In2O3 screening catalyst","Cu-In2O3 [Fig 1, Cu-In2O3 screening catalyst]",250,30,3,0.005,0.47,0.53,0,STY from mass GHSV,0.0403134,3596.82,269.36,,4795.42,5104.75,5723.42,5027.42,4950.08,5104.75,5193.34,5989.19,4816.2,4904.79,0.01,0.01,0.01,0.01,0.01,0.01,0.01,0.01,0.01,0.01,0,278.402,835.206,208.801,139.201,278.402,358.131,1074.39,18.7076,98.4371
10.1021/acscatal.1c03170 | 30 bar | H2/CO2 3 | 60 NL/g/h,10.1021/acscatal.1c03170,"Fig 1, Co-In2O3 screening catalyst","Co-In2O3 [Fig 1, Co-In2O3 screening catalyst]",250,30,3,0.006,0.23,0.77,0,STY from mass GHSV,0.0236734,6125.02,271.236,,11681.7,12212.1,13273,12079.5,11946.9,12212.1,12363,13725.5,11717.1,11867.9,0.017,0.017,0.017,0.017,0.017,0.017,0.017,0.017,0.017,0.017,0,477.392,1432.18,358.044,238.696,477.392,613.163,1839.49,31.8571,167.628
10.1021/acscatal.1c03170 | 30 bar | H2/CO2 3 | 60 NL/g/h,10.1021/acscatal.1c03170,"Fig 4a,b, NiO content 75 wt%","NiO(75)−In2O3 [Fig 4a,b, NiO content 75 wt%]",250,30,3,0.009,0.1,0.82,0.08,STY from mass GHSV,0.0154392,9391.7,87.9826,,28792,29055.9,29583.5,28989.9,28923.9,29055.9,29287.2,30277.5,28846.3,29077.6,0.029,0.029,0.029,0.029,0.029,0.029,0.029,0.029,0.029,0.029,0,237.444,712.333,178.083,118.722,237.444,445.627,1336.88,48.8476,257.03
10.1021/acscatal.1c03170 | 30 bar | H2/CO2 3 | 60 NL/g/h,10.1021/acscatal.1c03170,"Fig 4a,b, NiO content 100 wt%","NiO [Fig 4a,b, NiO content 100 wt%]",250,30,3,0.018,0.05,0.55,0.4,STY from mass GHSV,0.0154392,9391.7,23.2146,,60348.5,60418.1,60557.3,60400.7,60383.3,60418.1,60649.4,61251.3,60402.8,60634.1,0.059,0.059,0.059,0.059,0.059,0.059,0.059,0.059,0.059,0.059,0,62.6506,187.952,46.988,31.3253,62.6506,270.833,812.5,48.8476,257.03
10.1021/acscatal.5b00682 | 30 bar | H2/CO2 4 | 12 NL/g/h,10.1021/acscatal.5b00682,"SI Figure S3(II), AE, 380 °C, WHSV 12 L/g/h","Cu/SiO2-AE [SI Figure S3(II), AE, 380 °C, WHSV 12 L/g/h]",380,30,4,0.355,0.055,0.78,0.165,STY from mass GHSV,0.0636394,2278.46,13.8295,,37307,37317.1,37337.2,37314.6,37312.1,37317.1,37373.2,37505.6,37320.2,37376.3,0.333,0.333,0.333,0.333,0.333,0.333,0.333,0.333,0.333,0.333,0,9.05459,27.1638,6.79094,4.52729,9.05459,59.5605,178.682,11.8506,62.3565
10.1021/acscatal.5b00682 | 30 bar | H2/CO2 4 | 12 NL/g/h,10.1021/acscatal.5b00682,"SI Figure S3(I), AE, 390 °C, WHSV 12 L/g/h","Cu/SiO2-AE [SI Figure S3(I), AE, 390 °C, WHSV 12 L/g/h]",390,30,4,0.368,0.025,0.85,0.125,STY from mass GHSV,0.0299863,4835.54,13.8295,,,,,,,,,,,,,,,,,,,,,,,,,,,,,,,
10.1021/acscatal.5b00682 | 30 bar | H2/CO2 4 | 16 NL/g/h,10.1021/acscatal.5b00682,"Figure 1, 320 °C","Cu/SiO2-AE [Figure 1, 320 °C]",320,30,4,0.28,0.213,0.727,0.06,STY from mass GHSV,0.272827,531.472,13.8295,,8996.87,8999.22,9003.91,8998.63,8998.05,8999.22,9012.31,9043.18,8999.95,9013.04,0.288,0.288,0.288,0.288,0.288,0.288,0.288,0.288,0.288,0.288,0,2.11206,6.33619,1.58405,1.05603,2.11206,13.893,41.6791,2.76426,14.5452
10.1021/acscatal.5b00682 | 30 bar | H2/CO2 4 | 16 NL/g/h,10.1021/acscatal.5b00682,"Figure 1, 300 °C","Cu/SiO2-AE [Figure 1, 300 °C]",300,30,4,0.22,0.26,0.72,0.02,STY from mass GHSV,0.261665,554.143,13.8295,,4830.11,4832.56,4837.45,4831.95,4831.33,4832.56,4846.21,4878.4,4833.31,4846.96,0.24,0.24,0.24,0.24,0.24,0.24,0.24,0.24,0.24,0.24,0,2.20216,6.60647,1.65162,1.10108,2.20216,14.4857,43.457,2.88218,15.1657
10.1021/acscatal.5b00682 | 30 bar | H2/CO2 4 | 16 NL/g/h,10.1021/acscatal.5b00682,"Figure 1, 280 °C","Cu/SiO2-AE [Figure 1, 280 °C]",280,30,4,0.16,0.29,0.7,0.01,STY from mass GHSV,0.21226,683.124,13.8295,,1903.14,1906.16,1912.19,1905.41,1904.65,1906.16,1922.99,1962.67,1907.09,1923.92,0.115,0.115,0.115,0.115,0.115,0.115,0.115,0.115,0.115,0.115,0,2.71473,8.14419,2.03605,1.35736,2.71473,17.8573,53.572,3.55303,18.6956
10.1021/acscatal.5b00682 | 30 bar | H2/CO2 4 | 16 NL/g/h,10.1021/acscatal.5b00682,"Figure 1, 260 °C","Cu/SiO2-AE [Figure 1, 260 °C]",260,30,4,0.082,0.402,0.588,0.01,STY from mass GHSV,0.150796,961.563,13.8295,,4935.65,4939.89,4948.38,4938.83,4937.77,4939.89,4963.57,5019.43,4941.2,4964.89,0.126,0.126,0.126,0.126,0.126,0.126,0.126,0.126,0.126,0.126,0,3.82124,11.4637,2.86593,1.91062,3.82124,25.1359,75.4077,5.00123,26.3159
10.1021/acscatal.5b00682 | 30 bar | H2/CO2 4 | 16 NL/g/h,10.1021/acscatal.5b00682,"Figure 1, 340 °C","Cu/SiO2-AE [Figure 1, 340 °C]",340,30,4,0.295,0.11,0.81,0.08,STY from mass GHSV,0.148445,976.794,13.8295,,17630.6,17635,17643.6,17633.9,17632.8,17635,17659,17715.8,17636.3,17660.4,0.335,0.335,0.335,0.335,0.335,0.335,0.335,0.335,0.335,0.335,0,3.88177,11.6453,2.91133,1.94088,3.88177,25.534,76.6021,5.08045,26.7327
10.1021/acscatal.5b00682 | 30 bar | H2/CO2 4 | 16 NL/g/h,10.1021/acscatal.5b00682,"Figure 1, 360 °C","Cu/SiO2-AE [Figure 1, 360 °C]",360,30,4,0.32,0.085,0.825,0.09,STY from mass GHSV,0.124428,1165.33,13.8295,,23500,23505.1,23515.4,23503.8,23502.5,23505.1,23533.8,23601.5,23506.7,23535.4,0.328,0.328,0.328,0.328,0.328,0.328,0.328,0.328,0.328,0.328,0,4.63101,13.893,3.47326,2.3155,4.63101,30.4625,91.3875,6.06105,31.8925
10.1021/acscatal.5b00682 | 30 bar | H2/CO2 4 | 16 NL/g/h,10.1021/acscatal.5b00682,"Figure 1, 380 °C","Cu/SiO2-AE [Figure 1, 380 °C]",380,30,4,0.35,0.059,0.821,0.12,STY from mass GHSV,0.0944649,1534.96,13.8295,,34466.7,34473.5,34487,34471.8,34470.1,34473.5,34511.3,34600.5,34475.6,34513.4,0.33,0.33,0.33,0.33,0.33,0.33,0.33,0.33,0.33,0.33,0,6.09992,18.2998,4.57494,3.04996,6.09992,40.1249,120.375,7.98357,42.0086
10.1021/acscatal.5b00682 | 30 bar | H2/CO2 4 | 16 NL/g/h,10.1021/acscatal.5b00682,"SI Figure S3(I), AE, 390 °C, WHSV 16 L/g/h","Cu/SiO2-AE [SI Figure S3(I), AE, 390 °C, WHSV 16 L/g/h]",390,30,4,0.366,0.026,0.854,0.12,STY from mass GHSV,0.041355,3506.22,13.8295,,71660.6,71676.1,71707.1,71672.3,71668.4,71676.1,71762.5,71966.2,71680.9,71767.3,0.399,0.399,0.399,0.399,0.399,0.399,0.399,0.399,0.399,0.399,0,13.9337,41.8011,10.4503,6.96685,13.9337,91.655,274.965,18.2364,95.9577
10.1021/acscatal.5b00682 | 30 bar | H2/CO2 4 | 20 NL/g/h,10.1021/acscatal.5b00682,"SI Figure S3(II), AE, 380 °C, WHSV 20 L/g/h","Cu/SiO2-AE [SI Figure S3(II), AE, 380 °C, WHSV 20 L/g/h]",380,30,4,0.347,0.064,0.841,0.095,STY from mass GHSV,0.120641,1201.92,13.8295,,31784.5,31789.8,31800.4,31788.5,31787.2,31789.8,31819.4,31889.3,31791.5,31821.1,0.324,0.324,0.324,0.324,0.324,0.324,0.324,0.324,0.324,0.324,0,4.77641,14.3292,3.58231,2.3882,4.77641,31.4189,94.2567,6.25135,32.8939
10.1021/acscatal.5b00682 | 30 bar | H2/CO2 4 | 3 NL/g/h,10.1021/acscatal.5b00682,"SI Figure S3(II), AE, 380 °C, WHSV 3 L/g/h","Cu/SiO2-AE [SI Figure S3(II), AE, 380 °C, WHSV 3 L/g/h]",380,30,4,0.35,0.08,0.665,0.255,STY from mass GHSV,0.0228157,6355.28,13.8295,,27635.3,27663.4,27719.5,27656.4,27649.4,27663.4,27819.9,28189.1,27672.1,27828.6,0.285,0.285,0.285,0.285,0.285,0.285,0.285,0.285,0.285,0.285,0,25.2558,75.7675,18.9419,12.6279,25.2558,166.131,498.394,33.0548,173.93
10.1021/acscatal.5b00682 | 30 bar | H2/CO2 4 | 3 NL/g/h,10.1021/acscatal.5b00682,"SI Figure S3(I), AE, 390 °C, WHSV 3 L/g/h","Cu/SiO2-AE [SI Figure S3(I), AE, 390 °C, WHSV 3 L/g/h]",390,30,4,0.365,0.045,0.695,0.26,STY from mass GHSV,0.0133838,10834,13.8295,,47209.4,47257.2,47352.9,47245.2,47233.3,47257.2,47524,48153.4,47272,47538.8,0.328,0.328,0.328,0.328,0.328,0.328,0.328,0.328,0.328,0.328,0,43.0541,129.162,32.2906,21.527,43.0541,283.207,849.621,56.3491,296.502
10.1021/acscatal.5b00682 | 30 bar | H2/CO2 4 | 32 NL/g/h,10.1021/acscatal.5b00682,"SI Figure S3(II), AE, 380 °C, WHSV 32 L/g/h","Cu/SiO2-AE [SI Figure S3(II), AE, 380 °C, WHSV 32 L/g/h]",380,30,4,0.343,0.115,0.85,0.035,STY from mass GHSV,0.342843,422.934,13.8295,,18305.5,18307.3,18311.1,18306.9,18306.4,18307.3,18317.7,18342.3,18307.9,18318.3,0.266,0.266,0.266,0.266,0.266,0.266,0.266,0.266,0.266,0.266,0,1.68073,5.0422,1.26055,0.840367,1.68073,11.0558,33.1673,2.19974,11.5748
10.1021/acscatal.5b00682 | 30 bar | H2/CO2 4 | 6 NL/g/h,10.1021/acscatal.5b00682,"SI Figure S3(II), AE, 380 °C, WHSV 6 L/g/h","Cu/SiO2-AE [SI Figure S3(II), AE, 380 °C, WHSV 6 L/g/h]",380,30,4,0.35,0.06,0.72,0.22,STY from mass GHSV,0.0342235,4236.86,13.8295,,35324.5,35343.2,35380.6,35338.6,35333.9,35343.2,35447.6,35693.7,35349,35453.4,0.319,0.319,0.319,0.319,0.319,0.319,0.319,0.319,0.319,0.319,0,16.8372,50.5117,12.6279,8.41861,16.8372,110.754,332.263,22.0365,115.953
10.1021/acscatal.5b00682 | 30 bar | H2/CO2 4 | 6 NL/g/h,10.1021/acscatal.5b00682,"SI Figure S3(I), AE, 390 °C, WHSV 6 L/g/h","Cu/SiO2-AE [SI Figure S3(I), AE, 390 °C, WHSV 6 L/g/h]",390,30,4,0.363,0.035,0.815,0.15,STY from mass GHSV,0.0207052,7003.07,13.8295,,56308.9,56339.8,56401.7,56332.1,56324.4,56339.8,56512.3,56919.1,56349.4,56521.8,0.365,0.365,0.365,0.365,0.365,0.365,0.365,0.365,0.365,0.365,0,27.8301,83.4903,20.8726,13.9151,27.8301,183.065,549.194,36.424,191.659
10.1021/acscatal.5b00682 | 30 bar | H2/CO2 4 | 9 NL/g/h,10.1021/acscatal.5b00682,"SI Figure S3(II), AE, 380 °C, WHSV 9 L/g/h","Cu/SiO2-AE [SI Figure S3(II), AE, 380 °C, WHSV 9 L/g/h]",380,30,4,0.352,0.05,0.775,0.175,STY from mass GHSV,0.0430238,3370.23,13.8295,,40703.1,40718,40747.8,40714.3,40710.6,40718,40801,40996.8,40722.6,40805.6,0.342,0.342,0.342,0.342,0.342,0.342,0.342,0.342,0.342,0.342,0,13.3932,40.1797,10.0449,6.69662,13.3932,88.0999,264.3,17.529,92.2357
10.1021/acscatal.5b00682 | 30 bar | H2/CO2 4 | 9 NL/g/h,10.1021/acscatal.5b00682,"SI Figure S3(I), AE, 390 °C, WHSV 9 L/g/h","Cu/SiO2-AE [SI Figure S3(I), AE, 390 °C, WHSV 9 L/g/h]",390,30,4,0.365,0.028,0.837,0.135,STY from mass GHSV,0.0249832,5803.91,13.8295,,67638.6,67664.3,67715.5,67657.9,67651.5,67664.3,67807.2,68144.4,67672.2,67815.1,0.389,0.389,0.389,0.389,0.389,0.389,0.389,0.389,0.389,0.389,0,23.0647,69.194,17.2985,11.5323,23.0647,151.718,455.154,30.187,158.84
10.1021/acscatal.5c05984 | 100 bar | H2/CO2 1 | 20 NL/g/h,10.1021/acscatal.5c05984,Table 4 row 21,5 wt % Re/TiO2 [Table 4 row 21],200,100,1,0.13,0.96,0.02,0.02,printed STY,1.8,80.5556,268.913,,954.34,961.257,975.09,959.527,957.798,955.032,963.241,981.042,954.806,956.79,0.037,0.037,0.037,0.037,0.037,0.037,0.037,0.037,0.037,0.037,0,6.22483,18.6745,4.66862,3.11241,0.622321,8.01048,24.0314,0.418981,2.20463
10.1021/acscatal.5c05984 | 100 bar | H2/CO2 2 | 20 NL/g/h,10.1021/acscatal.5c05984,Table 4 row 20,5 wt % Re/TiO2 [Table 4 row 20],200,100,2,0.18,0.98,0,0.02,printed STY,1.75,82.8571,268.913,,956.161,963.275,977.503,961.497,959.718,956.872,965.316,983.626,956.64,958.681,0.03,0.03,0.03,0.03,0.03,0.03,0.03,0.03,0.03,0.03,0,6.40268,19.208,4.80201,3.20134,0.640101,8.23935,24.718,0.430952,2.26762
10.1021/acscatal.5c05984 | 100 bar | H2/CO2 3 | 20 NL/g/h,10.1021/acscatal.5c05984,Table 4 row 19,5 wt % Re/TiO2 [Table 4 row 19],200,100,3,0.22,0.98,0.01,0.01,printed STY,1.6,90.625,268.913,,941.737,949.518,965.08,947.573,945.627,942.515,951.75,971.776,942.26,944.493,0.023,0.023,0.023,0.023,0.023,0.023,0.023,0.023,0.023,0.023,0,7.00293,21.0088,5.2522,3.50147,0.700111,9.01179,27.0354,0.471354,2.48021
10.1021/acscatal.5c05984 | 100 bar | H2/CO2 4 | 10 NL/g/h,10.1021/acscatal.5c05984,Table 4 row 11,5 wt % Re/TiO2 [Table 4 row 11],200,100,4,0.33,0.97,0,0.03,printed STY,0.9,161.111,268.913,,996.806,1010.64,1038.31,1007.18,1003.72,998.189,1014.61,1050.21,997.738,1001.71,0.042,0.042,0.042,0.042,0.042,0.042,0.042,0.042,0.042,0.042,0,12.4497,37.349,9.33724,6.22483,1.24464,16.021,48.0629,0.837963,4.40926
10.1021/acscatal.5c05984 | 100 bar | H2/CO2 4 | 10 NL/g/h,10.1021/acscatal.5c05984,Table 4 row 10,5 wt % Re/TiO2 [Table 4 row 10],250,100,4,0.4,0.74,0.01,0.25,printed STY,0.8,181.25,268.913,,1765.14,1780.7,1811.83,1776.81,1772.92,1766.69,1785.17,1825.22,1766.19,1770.65,0.241,0.241,0.241,0.241,0.241,0.241,0.241,0.241,0.241,0.241,0,14.0059,42.0176,10.5044,7.00293,1.40022,18.0236,54.0707,0.942708,4.96042
10.1021/acscatal.5c05984 | 100 bar | H2/CO2 4 | 10 NL/g/h,10.1021/acscatal.5c05984,Table 4 row 4,1 wt % Re/TiO2 [Table 4 row 4],250,100,4,0.23,0.97,0.02,0.01,printed STY,0.65,223.077,65.2125,,982.367,987.012,996.302,985.851,984.69,983.565,992.507,1012.78,983.657,989.151,0.026,0.026,0.026,0.026,0.026,0.026,0.026,0.026,0.026,0.026,0,4.18029,12.5409,3.13522,2.09015,1.07736,9.12516,27.3755,1.16026,6.10513
10.1021/acscatal.5c05984 | 100 bar | H2/CO2 4 | 10 NL/g/h,10.1021/acscatal.5c05984,Table 4 row 7,5 wt % Re/TiO2 [Table 4 row 7],250,100,4,0.4,0.65,0,0.35,printed STY,0.65,223.077,268.913,,2169.77,2188.92,2227.23,2184.14,2179.35,2171.69,2194.42,2243.71,2171.06,2176.55,0.297,0.297,0.297,0.297,0.297,0.297,0.297,0.297,0.297,0.297,0,17.238,51.714,12.9285,8.61899,1.72335,22.1829,66.5486,1.16026,6.10513
10.1021/acscatal.5c05984 | 100 bar | H2/CO2 4 | 10 NL/g/h,10.1021/acscatal.5c05984,Table 4 row 3,1 wt % Re/TiO2 [Table 4 row 3],200,100,4,0.19,0.99,0.01,0,printed STY,0.55,263.636,65.2125,,921.462,926.952,937.93,925.579,924.207,922.877,933.445,957.41,922.986,929.479,0.011,0.011,0.011,0.011,0.011,0.011,0.011,0.011,0.011,0.011,0,4.94034,14.821,3.70526,2.47017,1.27325,10.7843,32.3528,1.37121,7.21515
10.1021/acscatal.5c05984 | 100 bar | H2/CO2 4 | 10 NL/g/h,10.1021/acscatal.5c05984,Table 4 row 6,5 wt % Re/TiO2 [Table 4 row 6],200,100,4,0.18,0.98,0,0.02,printed STY,0.4,362.5,268.913,,982.994,1014.12,1076.37,1006.34,998.556,986.105,1023.05,1103.15,985.089,994.017,0.018,0.018,0.018,0.018,0.018,0.018,0.018,0.018,0.018,0.018,0,28.0117,84.0352,21.0088,14.0059,2.80044,36.0471,108.141,1.88542,9.92083
10.1021/acscatal.5c05984 | 100 bar | H2/CO2 4 | 10 NL/g/h,10.1021/acscatal.5c05984,Table 4 row 2,1 wt % Re/TiO2 [Table 4 row 2],250,100,4,0.21,0.46,0.01,0.53,printed STY,0.28,517.857,65.2125,,4160.08,4170.86,4192.43,4168.17,4165.47,4162.86,4183.62,4230.69,4163.07,4175.83,0.252,0.252,0.252,0.252,0.252,0.252,0.252,0.252,0.252,0.252,0,9.70425,29.1127,7.27818,4.85212,2.50102,21.1834,63.5502,2.69345,14.1726
10.1021/acscatal.5c05984 | 100 bar | H2/CO2 4 | 10 NL/g/h,10.1021/acscatal.5c05984,Table 4 row 1,1 wt % Re/TiO2 [Table 4 row 1],200,100,4,0.07,0.8,0,0.2,printed STY,0.15,966.667,65.2125,,1862.69,1882.82,1923.07,1877.79,1872.75,1867.88,1906.63,1994.5,1868.28,1892.08,0.042,0.042,0.042,0.042,0.042,0.042,0.042,0.042,0.042,0.042,0,18.1146,54.3438,13.5859,9.0573,4.66858,39.5424,118.627,5.02778,26.4556
10.1021/acscatal.5c05984 | 100 bar | H2/CO2 4 | 10 NL/g/h,10.1021/acscatal.5c05984,Table 4 row 5,5 wt % Re/TiO2 [Table 4 row 5],150,100,4,0.04,0.97,0,0.03,printed STY,0.1,1450,268.913,,1087.96,1212.46,1461.45,1181.33,1150.21,1100.41,1248.17,1568.59,1096.34,1132.05,0.006,0.006,0.006,0.006,0.006,0.006,0.006,0.006,0.006,0.006,0,112.047,336.141,84.0352,56.0235,11.2018,144.189,432.566,7.54167,39.6833
10.1021/acscatal.5c05984 | 100 bar | H2/CO2 4 | 20 NL/g/h,10.1021/acscatal.5c05984,Table 4 row 12,5 wt % Re/TiO2 [Table 4 row 12],200,100,4,0.33,0.98,0,0.02,printed STY,1.85,78.3784,268.913,,961.58,968.31,981.769,966.627,964.945,962.253,970.24,987.56,962.033,963.964,0.033,0.033,0.033,0.033,0.033,0.033,0.033,0.033,0.033,0.033,0,6.05659,18.1698,4.54244,3.02829,0.605501,7.79398,23.3819,0.407658,2.14505
10.1021/acscatal.5c05984 | 100 bar | H2/CO2 4 | 20 NL/g/h,10.1021/acscatal.5c05984,Table 4 row 8,5 wt % Re/TiO2 [Table 4 row 8],250,100,4,0.29,0.89,0,0.11,printed STY,1.5,96.6667,268.913,,1280.25,1288.55,1305.15,1286.48,1284.4,1281.08,1290.93,1312.29,1280.81,1283.19,0.095,0.095,0.095,0.095,0.095,0.095,0.095,0.095,0.095,0.095,0,7.46979,22.4094,5.60235,3.7349,0.746785,9.61257,28.8377,0.502778,2.64556
10.1021/acscatal.5c05984 | 100 bar | H2/CO2 4 | 30 NL/g/h,10.1021/acscatal.5c05984,Table 4 row 13,5 wt % Re/TiO2 [Table 4 row 13],200,100,4,0.28,0.99,0,0.01,printed STY,2.4,60.4167,268.913,,930.963,936.151,946.525,934.854,933.557,931.482,937.639,950.989,931.312,932.8,0.02,0.02,0.02,0.02,0.02,0.02,0.02,0.02,0.02,0.02,0,4.66862,14.0059,3.50147,2.33431,0.466741,6.00786,18.0236,0.314236,1.65347
10.1021/acscatal.5c05984 | 100 bar | H2/CO2 4 | 40 NL/g/h,10.1021/acscatal.5c05984,Table 4 row 14,5 wt % Re/TiO2 [Table 4 row 14],200,100,4,0.26,0.99,0,0.01,printed STY,2.95,49.1525,268.913,,933.568,937.788,946.229,936.733,935.678,933.99,938.999,949.861,933.852,935.063,0.019,0.019,0.019,0.019,0.019,0.019,0.019,0.019,0.019,0.019,0,3.7982,11.3946,2.84865,1.8991,0.379721,4.88775,14.6632,0.25565,1.3452
10.1021/acscatal.5c05984 | 100 bar | H2/CO2 4 | 40 NL/g/h,10.1021/acscatal.5c05984,Table 4 row 9,5 wt % Re/TiO2 [Table 4 row 9],250,100,4,0.22,0.94,0.01,0.05,printed STY,2.45,59.1837,268.913,,1112.52,1117.6,1127.76,1116.33,1115.06,1113.03,1119.06,1132.14,1112.86,1114.32,0.046,0.046,0.046,0.046,0.046,0.046,0.046,0.046,0.046,0.046,0,4.57334,13.72,3.43001,2.28667,0.457215,5.88525,17.6557,0.307823,1.61973
10.1021/acscatal.5c05984 | 20 bar | H2/CO2 4 | 20 NL/g/h,10.1021/acscatal.5c05984,Table 4 row 18,5 wt % Re/TiO2 [Table 4 row 18],200,20,4,0.05,0.98,0.01,0.01,printed STY,0.3,483.333,268.913,,1007.3,1048.8,1131.79,1038.42,1028.05,1011.45,1060.7,1167.51,1010.09,1022,0.006,0.006,0.006,0.006,0.006,0.006,0.006,0.006,0.006,0.006,0,37.349,112.047,28.0117,18.6745,3.73393,48.0629,144.189,2.51389,13.2278
10.1021/acscatal.5c05984 | 40 bar | H2/CO2 4 | 20 NL/g/h,10.1021/acscatal.5c05984,Table 4 row 17,5 wt % Re/TiO2 [Table 4 row 17],200,40,4,0.08,0.98,0.01,0.01,printed STY,0.45,322.222,268.913,,972.924,1000.59,1055.92,993.674,986.757,975.69,1008.53,1079.73,974.786,982.723,0.008,0.008,0.008,0.008,0.008,0.008,0.008,0.008,0.008,0.008,0,24.8993,74.6979,18.6745,12.4497,2.48928,32.0419,96.1257,1.67593,8.81852
10.1021/acscatal.5c05984 | 60 bar | H2/CO2 4 | 20 NL/g/h,10.1021/acscatal.5c05984,Table 4 row 16,5 wt % Re/TiO2 [Table 4 row 16],200,60,4,0.14,0.98,0.01,0.01,printed STY,0.8,181.25,268.913,,967.08,982.642,1013.77,978.751,974.861,968.635,987.106,1027.16,968.127,972.591,0.014,0.014,0.014,0.014,0.014,0.014,0.014,0.014,0.014,0.014,0,14.0059,42.0176,10.5044,7.00293,1.40022,18.0236,54.0707,0.942708,4.96042
10.1021/acscatal.5c05984 | 80 bar | H2/CO2 4 | 20 NL/g/h,10.1021/acscatal.5c05984,Table 4 row 15,5 wt % Re/TiO2 [Table 4 row 15],200,80,4,0.17,0.99,0,0.01,printed STY,1,145,268.913,,942.433,954.882,979.782,951.77,948.657,943.677,958.454,990.495,943.271,946.842,0.013,0.013,0.013,0.013,0.013,0.013,0.013,0.013,0.013,0.013,0,11.2047,33.6141,8.40352,5.60235,1.12018,14.4189,43.2566,0.754167,3.96833
10.1021/acscatal.9b01869 | 50 bar | H2/CO2 0.25 | 24000 h-1,10.1021/acscatal.9b01869,"SI Figure S9a, PM-800, 290 °C","PM-800 [SI Figure S9a, PM-800, 290 °C]",290,50,0.25,0.032,0.57,0.43,5.55112e-17,STY from volumetric GHSV (assumed density),0.375293,386.365,32.2796,,2217.79,2221.77,2229.73,2220.77,2219.78,2221.77,2231.29,2258.28,2220.02,2229.54,0.078,0.078,0.078,0.078,0.078,0.078,0.078,0.078,0.078,0.078,0,3.58382,10.7515,2.68787,1.79191,3.58382,12.1482,36.4447,2.00954,10.574
10.1021/acscatal.9b01869 | 50 bar | H2/CO2 0.25 | 24000 h-1,10.1021/acscatal.9b01869,"SI Figure S9a, PM-600, 290 °C","PM-600 [SI Figure S9a, PM-600, 290 °C]",290,50,0.25,0.035,0.49,0.51,0,STY from volumetric GHSV (assumed density),0.352866,410.921,32.2796,,2670.6,2674.83,2683.31,2673.78,2672.72,2674.83,2684.96,2713.67,2672.97,2683.1,0.097,0.097,0.097,0.097,0.097,0.097,0.097,0.097,0.097,0.097,0,3.8116,11.4348,2.8587,1.9058,3.8116,12.9203,38.761,2.13726,11.246
10.1021/acscatal.9b01869 | 50 bar | H2/CO2 0.25 | 24000 h-1,10.1021/acscatal.9b01869,"SI Figure S9a, Physical Mixture, 290 °C","Physical Mixture [SI Figure S9a, Physical Mixture, 290 °C]",290,50,0.25,0.006,0.45,0.55,0,STY from volumetric GHSV (assumed density),0.0555532,2610.11,32.2796,,3267.36,3294.26,3348.06,3287.54,3280.81,3294.26,3358.55,3540.92,3282.44,3346.73,0.036,0.036,0.036,0.036,0.036,0.036,0.036,0.036,0.036,0.036,0,24.2107,72.6321,18.158,12.1054,24.2107,82.0681,246.204,13.5756,71.433
10.1021/acscatal.9b01869 | 50 bar | H2/CO2 4 | 24000 h-1,10.1021/acscatal.9b01869,"Fig 5, In2.5/ZrO2, 280 °C","In2.5/ZrO2 [Fig 5, In2.5/ZrO2, 280 °C]",280,50,4,0.025,0.6,0.4,0,STY from volumetric GHSV (assumed density) (printed STY inconsistent with X*S*F),0.0771959,1878.34,33.6195,,3040.41,3060.57,3100.9,3055.53,3050.49,3060.57,3106.84,3239.69,3051.27,3097.53,0.029,0.029,0.029,0.029,0.029,0.029,0.029,0.029,0.029,0.029,0,18.1462,54.4386,13.6096,9.0731,18.1462,59.7827,179.348,9.76952,51.406
10.1021/acscatal.9b01869 | 50 bar | H2/CO2 4 | 24000 h-1,10.1021/acscatal.9b01869,"Fig 5a, bulk In2O3-b, 280 °C","bulk In2O3 (In2O3-b) [Fig 5a, bulk In2O3-b, 280 °C]",280,50,4,0.022,0.607,0.393,5.55112e-17,STY from volumetric GHSV (assumed density) (printed STY inconsistent with X*S*F),0.0687249,2109.86,282.287,,2986.97,3177.13,3557.46,3129.59,3082.05,3177.13,3229.1,3713.35,2999.17,3051.13,0.025,0.025,0.025,0.025,0.025,0.025,0.025,0.025,0.025,0.025,0,171.145,513.436,128.359,85.5727,171.145,217.914,653.742,10.9737,57.7423
10.1021/acscatal.9b01869 | 50 bar | H2/CO2 4 | 24000 h-1,10.1021/acscatal.9b01869,"Fig 5, In5/ZrO2, 280 °C","In5/ZrO2 [Fig 5, In5/ZrO2, 280 °C]",280,50,4,0.018,0.682,0.318,0,STY from volumetric GHSV (assumed density) (printed STY inconsistent with X*S*F),0.0631771,2295.14,41.3698,,2465.95,2496.26,2556.89,2488.68,2481.1,2496.26,2552.79,2726.48,2479.21,2535.74,0.017,0.017,0.017,0.017,0.017,0.017,0.017,0.017,0.017,0.017,0,27.2843,81.8528,20.4632,13.6421,27.2843,78.1598,234.479,11.9373,62.8129
10.1021/acscatal.9b01869 | 50 bar | H2/CO2 4 | 24000 h-1,10.1021/acscatal.9b01869,"Fig 5, In1/ZrO2, 280 °C","In1/ZrO2 [Fig 5, In1/ZrO2, 280 °C]",280,50,4,0.02,0.493,0.507,0,STY from volumetric GHSV (assumed density) (printed STY inconsistent with X*S*F),0.0507434,2857.51,28.9693,,4173.16,4199.59,4252.45,4192.98,4186.37,4199.59,4269.96,4463.58,4189.67,4260.05,0.029,0.029,0.029,0.029,0.029,0.029,0.029,0.029,0.029,0.029,0,23.7874,71.3622,17.8405,11.8937,23.7874,87.1289,261.387,14.8624,78.2039
10.1021/acscatal.9b01869 | 50 bar | H2/CO2 4 | 24000 h-1,10.1021/acscatal.9b01869,"Fig 5a, In10/ZrO2, 280 °C","In10/ZrO2 [Fig 5a, In10/ZrO2, 280 °C]",280,50,4,0.014,0.66,0.34,0,STY from volumetric GHSV (assumed density) (printed STY inconsistent with X*S*F),0.0475526,3049.25,56.8704,,2638.96,2694.32,2805.06,2680.48,2666.64,2694.32,2769.43,3030.36,2656.58,2731.68,0.014,0.014,0.014,0.014,0.014,0.014,0.014,0.014,0.014,0.014,0,49.8311,149.493,37.3733,24.9155,49.8311,117.423,352.268,15.8596,83.4514
10.1021/acscatal.9b01869 | 50 bar | H2/CO2 4 | 24000 h-1,10.1021/acscatal.9b01869,"Fig 5, In0.5/ZrO2, 280 °C","In0.5/ZrO2 [Fig 5, In0.5/ZrO2, 280 °C]",280,50,4,0.019,0.387,0.613,0,STY from volumetric GHSV (assumed density) (printed STY inconsistent with X*S*F),0.0378414,3831.78,27.4192,,5877.8,5911.34,5978.43,5902.96,5894.57,5911.34,6005.72,6261.56,5899.94,5994.32,0.033,0.033,0.033,0.033,0.033,0.033,0.033,0.033,0.033,0.033,0,30.1909,90.5728,22.6432,15.0955,30.1909,115.129,345.386,19.9297,104.867
10.1021/acscatal.9b01869 | 50 bar | H2/CO2 4 | 24000 h-1,10.1021/acscatal.9b01869,"Fig 5, In2.5/ZrO2, 250 °C","In2.5/ZrO2 [Fig 5, In2.5/ZrO2, 250 °C]",250,50,4,0.009,0.738,0.262,0,STY from volumetric GHSV (assumed density) (printed STY inconsistent with X*S*F),0.0341823,4241.96,33.6195,,2326.87,2372.4,2463.47,2361.02,2349.64,2372.4,2476.88,2776.91,2351.38,2455.86,0.008,0.008,0.008,0.008,0.008,0.008,0.008,0.008,0.008,0.008,0,40.9806,122.942,30.7354,20.4903,40.9806,135.011,405.032,22.0631,116.093
10.1021/acscatal.9b01869 | 50 bar | H2/CO2 4 | 24000 h-1,10.1021/acscatal.9b01869,"Fig 5a, bulk In2O3-b, 250 °C","bulk In2O3 (In2O3-b) [Fig 5a, bulk In2O3-b, 250 °C]",250,50,4,0.007,0.693,0.307,5.55112e-17,STY from volumetric GHSV (assumed density) (printed STY inconsistent with X*S*F),0.0249651,5808.1,282.287,,2639.69,3163.18,4210.14,3032.3,2901.43,3163.18,3306.23,4639.3,2673.26,2816.31,0.007,0.007,0.007,0.007,0.007,0.007,0.007,0.007,0.007,0.007,0,471.135,1413.4,353.351,235.567,471.135,599.881,1799.64,30.2088,158.955
10.1021/acscatal.9b01869 | 50 bar | H2/CO2 4 | 24000 h-1,10.1021/acscatal.9b01869,"Fig 5, In5/ZrO2, 250 °C","In5/ZrO2 [Fig 5, In5/ZrO2, 250 °C]",250,50,4,0.006,0.779,0.221,0,STY from volumetric GHSV (assumed density) (printed STY inconsistent with X*S*F),0.0240542,6028.05,41.3698,,2228.58,2308.2,2467.45,2288.29,2268.39,2308.2,2456.67,2912.85,2263.41,2411.88,0.005,0.005,0.005,0.005,0.005,0.005,0.005,0.005,0.005,0.005,0,71.6606,214.982,53.7454,35.8303,71.6606,205.282,615.847,31.3528,164.974
10.1021/acscatal.9b01869 | 50 bar | H2/CO2 4 | 24000 h-1,10.1021/acscatal.9b01869,"Fig 5a, In10/ZrO2, 250 °C","In10/ZrO2 [Fig 5a, In10/ZrO2, 250 °C]",250,50,4,0.005,0.759,0.241,0,STY from volumetric GHSV (assumed density) (printed STY inconsistent with X*S*F),0.0195306,7424.27,56.8704,,2524.33,2659.14,2928.76,2625.44,2591.74,2659.14,2842,3477.33,2567.24,2750.1,0.005,0.005,0.005,0.005,0.005,0.005,0.005,0.005,0.005,0.005,0,121.328,363.983,90.9959,60.6639,121.328,285.899,857.697,38.6147,203.186
10.1021/acscatal.9b01869 | 50 bar | H2/CO2 4 | 24000 h-1,10.1021/acscatal.9b01869,"Fig 5, In0.25/ZrO2, 280 °C","In0.25/ZrO2 [Fig 5, In0.25/ZrO2, 280 °C]",280,50,4,0.012,0.27,0.73,0,STY from volumetric GHSV (assumed density) (printed STY inconsistent with X*S*F),0.0166743,8696.01,26.6442,,9508.06,9582.04,9730,9563.55,9545.05,9582.04,9796.22,10372.5,9558.32,9772.5,0.025,0.025,0.025,0.025,0.025,0.025,0.025,0.025,0.025,0.025,0,66.5799,199.74,49.935,33.29,66.5799,259.342,778.025,45.2293,237.991
10.1021/acscatal.9b01869 | 50 bar | H2/CO2 4 | 24000 h-1,10.1021/acscatal.9b01869,"Fig 5, In1/ZrO2, 250 °C","In1/ZrO2 [Fig 5, In1/ZrO2, 250 °C]",250,50,4,0.005,0.638,0.362,0,STY from volumetric GHSV (assumed density) (printed STY inconsistent with X*S*F),0.016417,8832.32,28.9693,,3198.49,3280.19,3443.58,3259.76,3239.34,3280.19,3497.72,4096.19,3249.54,3467.07,0.006,0.006,0.006,0.006,0.006,0.006,0.006,0.006,0.006,0.006,0,73.5247,220.574,55.1435,36.7623,73.5247,269.308,807.923,45.9382,241.721
10.1021/acscatal.9b01869 | 50 bar | H2/CO2 4 | 24000 h-1,10.1021/acscatal.9b01869,"Fig 5, In0.5/ZrO2, 250 °C","In0.5/ZrO2 [Fig 5, In0.5/ZrO2, 250 °C]",250,50,4,0.005,0.503,0.497,0,STY from volumetric GHSV (assumed density) (printed STY inconsistent with X*S*F),0.0129432,11202.8,27.4192,,4666.51,4764.58,4960.73,4740.06,4715.55,4764.58,5040.5,5788.5,4731.25,5007.17,0.008,0.008,0.008,0.008,0.008,0.008,0.008,0.008,0.008,0.008,0,88.2679,264.804,66.201,44.134,88.2679,336.597,1009.79,58.2675,306.597
10.1021/acscatal.9b01869 | 50 bar | H2/CO2 4 | 24000 h-1,10.1021/acscatal.9b01869,"Fig 5, In0.1/ZrO2, 280 °C","In0.1/ZrO2 [Fig 5, In0.1/ZrO2, 280 °C]",280,50,4,0.011,0.213,0.787,0,STY from volumetric GHSV (assumed density) (printed STY inconsistent with X*S*F),0.012058,12025.2,26.1792,,12757.9,12858.4,13059.4,12833.2,12808.1,12858.4,13154.5,13947.9,12827.3,13123.5,0.025,0.025,0.025,0.025,0.025,0.025,0.025,0.025,0.025,0.025,0,90.4627,271.388,67.847,45.2313,90.4627,357.022,1071.07,62.545,329.104
10.1021/acscatal.9b01869 | 50 bar | H2/CO2 4 | 24000 h-1,10.1021/acscatal.9b01869,"Fig 5, In0.25/ZrO2, 250 °C","In0.25/ZrO2 [Fig 5, In0.25/ZrO2, 250 °C]",250,50,4,0.003,0.468,0.532,0,STY from volumetric GHSV (assumed density) (printed STY inconsistent with X*S*F),0.00722553,20067.7,26.6442,,5319.31,5490.03,5831.46,5447.35,5404.67,5490.03,5984.29,7314.24,5435.28,5929.54,0.005,0.005,0.005,0.005,0.005,0.005,0.005,0.005,0.005,0.005,0,153.646,460.938,115.235,76.823,153.646,598.481,1795.44,104.375,549.21
10.1021/acscatal.9b01869 | 50 bar | H2/CO2 4 | 24000 h-1,10.1021/acscatal.9b01869,"Fig 5, In0.1/ZrO2, 250 °C","In0.1/ZrO2 [Fig 5, In0.1/ZrO2, 250 °C]",250,50,4,0.004,0.231,0.769,0,STY from volumetric GHSV (assumed density) (printed STY inconsistent with X*S*F),0.00475526,30492.5,26.1792,,12243.7,12498.6,13008.3,12434.9,12371.1,12498.6,13249.6,15261.4,12419.9,13170.9,0.009,0.009,0.009,0.009,0.009,0.009,0.009,0.009,0.009,0.009,0,229.388,688.163,172.041,114.694,229.388,905.305,2715.92,158.596,834.514
10.1021/acscatal.9b03305 | 50 bar | H2/CO2 4 | 24 NL/g/h,10.1021/acscatal.9b03305,"Figure 8/text, 5 wt % In2O3/m-ZrO2, 553 K","In2O3/m-ZrO2 [Figure 8/text, 5 wt % In2O3/m-ZrO2, 553 K]",279.85,50,4,0.048,0.84,0.16,0,printed STY,0.28,517.857,38.4336,,1524.87,1531.23,1543.94,1529.64,1528.05,1531.23,1543.98,1582.2,1527.87,1540.62,0.024,0.024,0.024,0.024,0.024,0.024,0.024,0.024,0.024,0.024,0,5.71929,17.1579,4.28947,2.85964,5.71929,17.1985,51.5954,2.69345,14.1726
10.1021/acscatal.9b03305 | 50 bar | H2/CO2 4 | 24 NL/g/h,10.1021/acscatal.9b03305,"Figure 3/text, 50In2O3-50ZrO2, 553 K","50In2O3−50ZrO2 [Figure 3/text, 50In2O3-50ZrO2, 553 K]",279.85,50,4,0.046,0.87,0.13,0,printed STY,0.27,537.037,166.297,,1396.26,1424.77,1481.8,1417.64,1410.51,1424.77,1438,1521.48,1399.36,1412.59,0.019,0.019,0.019,0.019,0.019,0.019,0.019,0.019,0.019,0.019,0,25.6632,76.9895,19.2474,12.8316,25.6632,37.5675,112.702,2.79321,14.6975
10.1021/acscatal.9b03305 | 50 bar | H2/CO2 4 | 24 NL/g/h,10.1021/acscatal.9b03305,"Figure 3, 95In2O3-5ZrO2, 553 K","95In2O3−5ZrO2 [Figure 3, 95In2O3-5ZrO2, 553 K]",279.85,50,4,0.047,0.84,0.16,0,printed STY,0.27,537.037,274.059,,1513.89,1560.88,1654.87,1549.14,1537.39,1560.88,1574.11,1694.55,1517,1530.22,0.023,0.023,0.023,0.023,0.023,0.023,0.023,0.023,0.023,0.023,0,42.2931,126.879,31.7198,21.1466,42.2931,54.1974,162.592,2.79321,14.6975
10.1021/acscatal.9b03305 | 50 bar | H2/CO2 4 | 24 NL/g/h,10.1021/acscatal.9b03305,"Figure 3, 75In2O3-25ZrO2, 553 K","75In2O3−25ZrO2 [Figure 3, 75In2O3-25ZrO2, 553 K]",279.85,50,4,0.043,0.84,0.16,0,printed STY,0.25,580,226.867,,1517.32,1559.33,1643.36,1548.83,1538.32,1559.33,1573.62,1686.21,1520.67,1534.96,0.021,0.021,0.021,0.021,0.021,0.021,0.021,0.021,0.021,0.021,0,37.8112,113.434,28.3584,18.9056,37.8112,50.6679,152.004,3.01667,15.8733
10.1021/acscatal.9b03305 | 50 bar | H2/CO2 4 | 24 NL/g/h,10.1021/acscatal.9b03305,"Figure 3/text, 100In2O3-0ZrO2, 553 K","100In2O3−0ZrO2 [Figure 3/text, 100In2O3-0ZrO2, 553 K]",279.85,50,4,0.039,0.84,0.16,0,printed STY,0.22,659.091,282.287,,1550.89,1610.3,1729.1,1595.45,1580.59,1610.3,1626.53,1777.8,1554.7,1570.94,0.02,0.02,0.02,0.02,0.02,0.02,0.02,0.02,0.02,0.02,0,53.4634,160.39,40.0976,26.7317,53.4634,68.0732,204.22,3.42803,18.0379
10.1021/acscatal.9b03305 | 50 bar | H2/CO2 4 | 24 NL/g/h,10.1021/acscatal.9b03305,"Figure 3, 25In2O3-75ZrO2, 553 K","25In2O3−75ZrO2 [Figure 3, 25In2O3-75ZrO2, 553 K]",279.85,50,4,0.031,0.89,0.11,0,printed STY,0.19,763.158,100.746,,1332.22,1356.77,1405.86,1350.63,1344.49,1356.77,1375.56,1462.25,1336.63,1355.43,0.011,0.011,0.011,0.011,0.011,0.011,0.011,0.011,0.011,0.011,0,22.0935,66.2805,16.5701,11.0468,22.0935,39.0102,117.031,3.9693,20.886
10.1021/acscatal.9b03305 | 50 bar | H2/CO2 4 | 24 NL/g/h,10.1021/acscatal.9b03305,"Figure 3/text, 99In2O3-1ZrO2, 553 K","99In2O3−1ZrO2 [Figure 3/text, 99In2O3-1ZrO2, 553 K]",279.85,50,4,0.033,0.88,0.12,0,printed STY,0.18,805.556,278.867,,1382.42,1454.14,1597.59,1436.21,1418.28,1454.14,1473.98,1657.12,1387.07,1406.92,0.013,0.013,0.013,0.013,0.013,0.013,0.013,0.013,0.013,0.013,0,64.5525,193.658,48.4144,32.2763,64.5525,82.409,247.227,4.18981,22.0463
10.1021/acscatal.9b03305 | 50 bar | H2/CO2 4 | 24 NL/g/h,10.1021/acscatal.9b03305,"Figure 3, 5In2O3-95ZrO2, 553 K","5In2O3−95ZrO2 [Figure 3, 5In2O3-95ZrO2, 553 K]",279.85,50,4,0.023,0.88,0.12,0,printed STY,0.14,1035.71,36.2213,,1398.94,1410.92,1434.87,1407.92,1404.93,1410.92,1436.43,1511.4,1404.92,1430.43,0.009,0.009,0.009,0.009,0.009,0.009,0.009,0.009,0.009,0.009,0,10.7801,32.3404,8.0851,5.39007,10.7801,33.7385,101.215,5.3869,28.3452
10.1021/acscatal.9b03305 | 50 bar | H2/CO2 4 | 24 NL/g/h,10.1021/acscatal.9b03305,"Figure 3, 1In2O3-99ZrO2, 553 K","1In2O3−99ZrO2 [Figure 3, 1In2O3-99ZrO2, 553 K]",279.85,50,4,0.012,0.77,0.23,0,printed STY,0.06,2416.67,28.7542,,2036.91,2059.1,2103.47,2053.55,2048,2059.1,2118.62,2282.04,2050.88,2110.4,0.009,0.009,0.009,0.009,0.009,0.009,0.009,0.009,0.009,0.009,0,19.9682,59.9046,14.9761,9.98409,19.9682,73.5376,220.613,12.5694,66.1389
10.1021/acscatal.9b03305 | 50 bar | H2/CO2 4 | 24 NL/g/h,10.1021/acscatal.9b03305,"Figure 8, 5 wt % In2O3/t-ZrO2, 553 K","In2O3/t-ZrO2 [Figure 8, 5 wt % In2O3/t-ZrO2, 553 K]",279.85,50,4,0.005,0.83,0.17,0,printed STY,0.05,2900,38.4336,,2335.72,2371.31,2442.48,2362.41,2353.51,2371.31,2442.73,2656.76,2352.48,2423.9,0.005,0.005,0.005,0.005,0.005,0.005,0.005,0.005,0.005,0.005,0,32.028,96.084,24.021,16.014,32.028,96.3113,288.934,15.0833,79.3667
10.1021/acscatal.9b03305 | 50 bar | H2/CO2 4 | 24 NL/g/h,10.1021/acscatal.9b03305,"Figure 8, 5 wt % In2O3/Al2O3, 553 K","In2O3/Al2O3 [Figure 8, 5 wt % In2O3/Al2O3, 553 K]",279.85,50,4,0.005,0.8,0.2,0,printed STY,0.04,3625,24.9526,,2406.24,2435.12,2492.88,2427.9,2420.68,2435.12,2524.41,2760.73,2427.19,2516.47,0.005,0.005,0.005,0.005,0.005,0.005,0.005,0.005,0.005,0.005,0,25.9922,77.9767,19.4942,12.9961,25.9922,106.346,319.039,18.8542,99.2083
10.1021/acscatal.9b03305 | 50 bar | H2/CO2 4 | 24 NL/g/h,10.1021/acscatal.9b03305,"Figure 8, 5 wt % In2O3/CeO2, 553 K","In2O3/CeO2 [Figure 8, 5 wt % In2O3/CeO2, 553 K]",279.85,50,4,0.004,0.82,0.18,0,printed STY,0.03,4833.33,26.7041,,2709.32,2750.53,2832.95,2740.23,2729.92,2750.53,2869.57,3190.08,2737.25,2856.29,0.005,0.005,0.005,0.005,0.005,0.005,0.005,0.005,0.005,0.005,0,37.089,111.267,27.8168,18.5445,37.089,144.228,432.684,25.1389,132.278
10.1021/cs500979c | 80 bar | H2/CO2 3 | 3600 h-1,10.1021/cs500979c,"Table 6, Cu/ZrO2(III), 533 K","Cu/ZrO2(III) [Table 6, Cu/ZrO2(III), 533 K]",259.85,80,3,0.15,0.86,0.14,0,STY from volumetric GHSV (assumed density),0.165971,873.646,25.7541,,1019.75,1026.93,1041.3,1025.13,1023.34,1026.93,1048.45,1105.85,1024.79,1046.31,0.028,0.028,0.028,0.028,0.028,0.028,0.028,0.028,0.028,0.028,0,6.46552,19.3966,4.84914,3.23276,6.46552,25.8313,77.494,4.54396,23.9098
10.1021/cs500979c | 80 bar | H2/CO2 3 | 3600 h-1,10.1021/cs500979c,"Table 6, Cu/ZrO2(III), 513 K","Cu/ZrO2(III) [Table 6, Cu/ZrO2(III), 513 K]",239.85,80,3,0.107,0.97,0.03,2.77556e-17,STY from volumetric GHSV (assumed density),0.133536,1085.85,25.7541,,1006.01,1014.94,1032.8,1012.71,1010.48,1014.94,1041.69,1113.03,1012.29,1039.03,0.017,0.017,0.017,0.017,0.017,0.017,0.017,0.017,0.017,0.017,0,8.03596,24.1079,6.02697,4.01798,8.03596,32.1056,96.3169,5.64767,29.7173
10.1021/cs500979c | 80 bar | H2/CO2 3 | 3600 h-1,10.1021/cs500979c,"Table 6, Cu/ZrO2(V), 533 K","Cu/ZrO2(V) [Table 6, Cu/ZrO2(V), 533 K]",259.85,80,3,0.14,0.62,0.38,0,STY from volumetric GHSV (assumed density),0.111677,1298.39,25.7541,,1069.59,1080.26,1101.62,1077.59,1074.92,1080.26,1112.24,1197.55,1077.09,1109.07,0.033,0.033,0.033,0.033,0.033,0.033,0.033,0.033,0.033,0.033,0,9.60889,28.8267,7.20667,4.80445,9.60889,38.3899,115.17,6.75313,35.5341
10.1021/cs500979c | 80 bar | H2/CO2 3 | 3600 h-1,10.1021/cs500979c,"Table 6, Cu/ZrO2(IV), 533 K","Cu/ZrO2(IV) [Table 6, Cu/ZrO2(IV), 533 K]",259.85,80,3,0.086,0.92,0.08,0,STY from volumetric GHSV (assumed density),0.101796,1424.42,25.7541,,1181.51,1193.22,1216.65,1190.3,1187.37,1193.22,1228.31,1321.9,1189.74,1224.83,0.029,0.029,0.029,0.029,0.029,0.029,0.029,0.029,0.029,0.029,0,10.5416,31.6248,7.90621,5.2708,10.5416,42.1163,126.349,7.40864,38.9833
10.1021/cs500979c | 80 bar | H2/CO2 3 | 3600 h-1,10.1021/cs500979c,"Table 6, Cu/ZrO2(III), 493 K","Cu/ZrO2(III) [Table 6, Cu/ZrO2(III), 493 K]",219.85,80,3,0.078,1,0,0,STY from volumetric GHSV (assumed density),0.100355,1444.88,25.7541,,930.5,942.381,966.143,939.411,936.44,942.381,977.968,1072.9,938.85,974.436,0.005,0.005,0.005,0.005,0.005,0.005,0.005,0.005,0.005,0.005,0,10.693,32.0789,8.01973,5.34649,10.693,42.7211,128.163,7.51502,39.5431
10.1021/cs500979c | 80 bar | H2/CO2 3 | 3600 h-1,10.1021/cs500979c,"Table 6, Cu/ZrO2(V), 513 K","Cu/ZrO2(V) [Table 6, Cu/ZrO2(V), 513 K]",239.85,80,3,0.105,0.69,0.31,5.55112e-17,STY from volumetric GHSV (assumed density),0.093214,1555.56,25.7541,,1109.4,1122.2,1147.78,1119,1115.8,1122.2,1160.51,1262.72,1118.39,1156.71,0.028,0.028,0.028,0.028,0.028,0.028,0.028,0.028,0.028,0.028,0,11.5121,34.5363,8.63408,5.75605,11.5121,45.9937,137.981,8.0907,42.5723
10.1021/cs500979c | 80 bar | H2/CO2 3 | 3600 h-1,10.1021/cs500979c,"Table 6, Cu/ZrO2(V), 493 K","Cu/ZrO2(V) [Table 6, Cu/ZrO2(V), 493 K]",219.85,80,3,0.064,0.95,0.05,4.16334e-17,STY from volumetric GHSV (assumed density),0.0782251,1853.62,25.7541,,1093.48,1108.72,1139.21,1104.91,1101.1,1108.72,1154.38,1276.17,1104.19,1149.85,0.015,0.015,0.015,0.015,0.015,0.015,0.015,0.015,0.015,0.015,0,13.718,41.1539,10.2885,6.85898,13.718,54.8066,164.42,9.64098,50.7296
10.1021/cs500979c | 80 bar | H2/CO2 3 | 3600 h-1,10.1021/cs500979c,"Table 6, Cu/ZrO2(IV), 513 K","Cu/ZrO2(IV) [Table 6, Cu/ZrO2(IV), 513 K]",239.85,80,3,0.058,1,0,0,STY from volumetric GHSV (assumed density),0.0746227,1943.11,25.7541,,956.113,972.091,1004.05,968.096,964.102,972.091,1019.95,1147.62,967.342,1015.2,0.005,0.005,0.005,0.005,0.005,0.005,0.005,0.005,0.005,0.005,0,14.3802,43.1406,10.7852,7.1901,14.3802,57.4525,172.357,10.1064,53.1787
10.1021/cs500979c | 80 bar | H2/CO2 3 | 3600 h-1,10.1021/cs500979c,"Table 6, Cu/ZrO2(II), 533 K","Cu/ZrO2(II) [Table 6, Cu/ZrO2(II), 533 K]",259.85,80,3,0.055,1,0,0,STY from volumetric GHSV (assumed density),0.0707629,2049.1,25.7541,,961.454,978.303,1012,974.091,969.879,978.303,1028.77,1163.41,973.296,1023.76,0.005,0.005,0.005,0.005,0.005,0.005,0.005,0.005,0.005,0.005,0,15.1646,45.4937,11.3734,7.58229,15.1646,60.5862,181.759,10.6577,56.0793
10.1021/cs500979c | 80 bar | H2/CO2 3 | 3600 h-1,10.1021/cs500979c,"Table 6, Cu/ZrO2(III), 473 K","Cu/ZrO2(III) [Table 6, Cu/ZrO2(III), 473 K]",199.85,80,3,0.053,1,0,0,STY from volumetric GHSV (assumed density),0.0681897,2126.42,25.7541,,965.33,982.816,1017.79,978.444,974.073,982.816,1035.19,1174.91,977.619,1029.99,0.005,0.005,0.005,0.005,0.005,0.005,0.005,0.005,0.005,0.005,0,15.7368,47.2105,11.8026,7.86842,15.7368,62.8725,188.618,11.0598,58.1955
10.1021/cs500979c | 80 bar | H2/CO2 3 | 3600 h-1,10.1021/cs500979c,"Table 6, Cu/ZrO2(IV), 493 K","Cu/ZrO2(IV) [Table 6, Cu/ZrO2(IV), 493 K]",219.85,80,3,0.036,1,0,0,STY from volumetric GHSV (assumed density),0.0463175,3130.57,25.7541,,1014.45,1040.19,1091.68,1033.76,1027.32,1040.19,1117.3,1322.99,1032.54,1109.65,0.005,0.005,0.005,0.005,0.005,0.005,0.005,0.005,0.005,0.005,0,23.1681,69.5043,17.3761,11.5841,23.1681,92.5623,277.687,16.2825,85.6767
10.1021/cs500979c | 80 bar | H2/CO2 3 | 3600 h-1,10.1021/cs500979c,"Table 6, Cu/ZrO2(II), 513 K","Cu/ZrO2(II) [Table 6, Cu/ZrO2(II), 513 K]",239.85,80,3,0.035,1,0,0,STY from volumetric GHSV (assumed density),0.0450309,3220.01,25.7541,,1018.73,1045.21,1098.17,1038.59,1031.97,1045.21,1124.52,1336.09,1037.34,1116.65,0.005,0.005,0.005,0.005,0.005,0.005,0.005,0.005,0.005,0.005,0,23.8301,71.4902,17.8725,11.915,23.8301,95.2069,285.621,16.7478,88.1246
10.1021/cs500979c | 80 bar | H2/CO2 3 | 3600 h-1,10.1021/cs500979c,"Table 6, Cu/ZrO2(I), 533 K","Cu/ZrO2(I) [Table 6, Cu/ZrO2(I), 533 K]",259.85,80,3,0.033,1,0,0,STY from volumetric GHSV (assumed density),0.0424577,3415.16,25.6921,,1028.04,1056.06,1112.09,1049.06,1042.05,1056.06,1140.17,1364.43,1047.78,1131.9,0.005,0.005,0.005,0.005,0.005,0.005,0.005,0.005,0.005,0.005,0,25.2134,75.6403,18.9101,12.6067,25.2134,100.916,302.749,17.7628,93.4655
10.1021/cs500979c | 80 bar | H2/CO2 3 | 3600 h-1,10.1021/cs500979c,"Table 6, Cu/ZrO2(II), 493 K","Cu/ZrO2(II) [Table 6, Cu/ZrO2(II), 493 K]",219.85,80,3,0.024,1,0,0,STY from volumetric GHSV (assumed density),0.0308783,4695.85,25.7541,,1087.98,1126.6,1203.82,1116.94,1107.29,1126.6,1242.25,1550.8,1115.12,1230.78,0.005,0.005,0.005,0.005,0.005,0.005,0.005,0.005,0.005,0.005,0,34.7522,104.257,26.0641,17.3761,34.7522,138.843,416.53,24.4238,128.515
10.1021/cs500979c | 80 bar | H2/CO2 3 | 3600 h-1,10.1021/cs500979c,"Table 6, Cu/ZrO2(IV), 473 K","Cu/ZrO2(IV) [Table 6, Cu/ZrO2(IV), 473 K]",199.85,80,3,0.024,1,0,0,STY from volumetric GHSV (assumed density),0.0308783,4695.85,25.7541,,1087.98,1126.6,1203.82,1116.94,1107.29,1126.6,1242.25,1550.8,1115.12,1230.78,0.005,0.005,0.005,0.005,0.005,0.005,0.005,0.005,0.005,0.005,0,34.7522,104.257,26.0641,17.3761,34.7522,138.843,416.53,24.4238,128.515
10.1021/cs500979c | 80 bar | H2/CO2 3 | 3600 h-1,10.1021/cs500979c,"Table 6, Cu/ZrO2(I), 513 K","Cu/ZrO2(I) [Table 6, Cu/ZrO2(I), 513 K]",239.85,80,3,0.022,1,0,0,STY from volumetric GHSV (assumed density),0.0283051,5122.74,25.6921,,1107.6,1149.63,1233.67,1139.12,1128.62,1149.63,1275.8,1612.19,1137.21,1263.38,0.005,0.005,0.005,0.005,0.005,0.005,0.005,0.005,0.005,0.005,0,37.8202,113.461,28.3651,18.9101,37.8202,151.374,454.123,26.6442,140.198
10.1021/cs500979c | 80 bar | H2/CO2 3 | 3600 h-1,10.1021/cs500979c,"Table 6, Cu/ZrO2(II), 473 K","Cu/ZrO2(II) [Table 6, Cu/ZrO2(II), 473 K]",199.85,80,3,0.015,1,0,0,STY from volumetric GHSV (assumed density),0.019299,7513.36,25.7541,,1215.17,1276.95,1400.51,1261.5,1246.06,1276.95,1462,1955.67,1258.59,1443.64,0.005,0.005,0.005,0.005,0.005,0.005,0.005,0.005,0.005,0.005,0,55.6035,166.81,41.7026,27.8017,55.6035,222.15,666.449,39.0781,205.624
10.1021/cs500979c | 80 bar | H2/CO2 3 | 3600 h-1,10.1021/cs500979c,"Table 6, ZrO2, 533 K","ZrO2 [Table 6, ZrO2, 533 K]",259.85,80,3,0.005,1,0,0,STY from volumetric GHSV (assumed density),0.00643299,22540.1,25.8692,,1851.51,2037.68,2410.03,1991.14,1944.59,2037.68,2592.83,4075.49,1981.77,2536.92,0.005,0.005,0.005,0.005,0.005,0.005,0.005,0.005,0.005,0.005,0,167.555,502.666,125.666,83.7777,167.555,667.194,2001.58,117.234,616.872
10.1038/s41467-019-11349-9 | 50 bar | H2/CO2 4 | 13.5 NL/g/h,10.1038/s41467-019-11349-9,"Fig. 1c In2O3 at XCO2=3%, 48 h","In2O3 [Fig. 1c In2O3 at XCO2=3%, 48 h]",279.85,50,4,0.03,0.89,0.11,0,STY from mass GHSV,0.103056,1407,282.287,,1353.01,1479.82,1733.44,1448.12,1416.41,1479.82,1514.47,1837.4,1361.14,1395.79,0.011,0.011,0.011,0.011,0.011,0.011,0.011,0.011,0.011,0.011,0,114.131,342.393,85.5983,57.0655,114.131,145.319,435.958,7.31799,38.5064
10.1038/s41467-019-11349-9 | 50 bar | H2/CO2 4 | 48 NL/g/h,10.1038/s41467-019-11349-9,"Table 2 Pd–In2O3 CP, WHSV 48,000 initial","Pd–In2O3 CP [Table 2 Pd–In2O3 CP, WHSV 48,000 initial]",279.85,50,4,0.097,0.78,0.22,0,printed STY,1.01,143.564,550.198,,1712.78,1738,1788.44,1731.69,1725.39,1726.24,1741.53,1799.04,1713.61,1717.14,0.061,0.061,0.061,0.061,0.061,0.061,0.061,0.061,0.061,0.061,0,22.6979,68.0938,17.0234,11.349,12.1185,25.8803,77.6408,0.7467,3.92904
10.1038/s41467-019-11349-9 | 50 bar | H2/CO2 4 | 48 NL/g/h,10.1038/s41467-019-11349-9,"Fig. 6/text Pd–In2O3 CP stability, start","CP [Fig. 6/text Pd–In2O3 CP stability, start]",279.85,50,4,0.097,0.75,0.25,0,printed STY,1.01,143.564,550.198,,1862.79,1888.01,1938.45,1881.71,1875.4,1876.26,1891.55,1949.06,1863.62,1867.16,0.069,0.069,0.069,0.069,0.069,0.069,0.069,0.069,0.069,0.069,0,22.6979,68.0938,17.0234,11.349,12.1185,25.8803,77.6408,0.7467,3.92904
10.1038/s41467-019-11349-9 | 50 bar | H2/CO2 4 | 48 NL/g/h,10.1038/s41467-019-11349-9,"Fig. 6/text Pd–In2O3 CP stability, after 500 h","CP [Fig. 6/text Pd–In2O3 CP stability, after 500 h]",279.85,50,4,0.092,0.78,0.22,0,printed STY,0.96,151.042,550.198,,1718.36,1744.89,1797.96,1738.26,1731.63,1732.53,1748.61,1809.12,1719.23,1722.95,0.058,0.058,0.058,0.058,0.058,0.058,0.058,0.058,0.058,0.058,0,23.8801,71.6403,17.9101,11.9401,12.7497,27.2282,81.6846,0.78559,4.13368
10.1038/s41467-019-11349-9 | 50 bar | H2/CO2 4 | 58.5 NL/g/h,10.1038/s41467-019-11349-9,"Fig. 1c DI at XCO2=3%, 48 h","DI [Fig. 1c DI at XCO2=3%, 48 h]",279.85,50,4,0.03,0.78,0.22,0,STY from mass GHSV,0.391383,370.481,550.198,,1830.05,1895.14,2025.3,1878.87,1862.6,1864.8,1904.26,2052.68,1832.2,1841.32,0.02,0.02,0.02,0.02,0.02,0.02,0.02,0.02,0.02,0.02,0,58.5741,175.722,43.9306,29.2871,31.2729,66.7864,200.359,1.92693,10.1393
10.1038/s41467-019-11349-9 | 50 bar | H2/CO2 4 | 63.5 NL/g/h,10.1038/s41467-019-11349-9,"Fig. 1c CP at XCO2=3%, 48 h","CP [Fig. 1c CP at XCO2=3%, 48 h]",279.85,50,4,0.03,0.97,0.03,0,STY from mass GHSV,0.52832,274.455,550.198,,1069.37,1117.58,1214.01,1105.53,1093.48,1095.11,1124.34,1234.29,1070.95,1077.71,0.005,0.005,0.005,0.005,0.005,0.005,0.005,0.005,0.005,0.005,0,43.3921,130.176,32.5441,21.696,23.1672,49.4758,148.428,1.42748,7.51123
10.1038/s41467-021-22224-x | 50 bar | H2/CO2 4 | 24 NL/g/h,10.1038/s41467-021-22224-x,"Fig. 1b, 1Ni-In2O3 DI","1Ni-In2O3 [Fig. 1b, 1Ni-In2O3 DI]",279.85,50,4,0.08,0.7,0.3,0,STY from mass GHSV,0.384264,377.345,279.728,,2146.85,2180.55,2247.96,2172.13,2163.7,2180.55,2189.85,2275.84,2149.03,2158.33,0.067,0.067,0.067,0.067,0.067,0.067,0.067,0.067,0.067,0.067,0,30.3316,90.9948,22.7487,15.1658,30.3316,38.6961,116.088,1.96263,10.3271
10.1038/s41467-021-22224-x | 50 bar | H2/CO2 4 | 24 NL/g/h,10.1038/s41467-021-22224-x,"Fig. 1b, 2.5Ni-In2O3 DI","2.5Ni-In2O3 [Fig. 1b, 2.5Ni-In2O3 DI]",279.85,50,4,0.08,0.64,0.36,0,STY from mass GHSV,0.351327,412.721,275.89,,2519.11,2555.47,2628.18,2546.38,2537.29,2555.47,2565.64,2658.68,2521.5,2531.67,0.079,0.079,0.079,0.079,0.079,0.079,0.079,0.079,0.079,0.079,0,32.72,98.16,24.54,16.36,32.72,41.8687,125.606,2.14662,11.2953
10.1038/s41467-021-22224-x | 50 bar | H2/CO2 4 | 24 NL/g/h,10.1038/s41467-021-22224-x,"Fig. 1b, 10Ni-In2O3 DI","10Ni-In2O3 [Fig. 1b, 10Ni-In2O3 DI]",279.85,50,4,0.078,0.54,0.46,0,STY from mass GHSV,0.289021,501.693,256.7,,3314.29,3355.41,3437.65,3345.13,3334.85,3355.41,3367.77,3474.72,3317.19,3329.55,0.096,0.096,0.096,0.096,0.096,0.096,0.096,0.096,0.096,0.096,0,37.0071,111.021,27.7553,18.5035,37.0071,48.128,144.384,2.60938,13.7302
10.1038/s41467-021-22224-x | 50 bar | H2/CO2 4 | 24 NL/g/h,10.1038/s41467-021-22224-x,"Fig. 1b, 15Ni-In2O3 DI","15Ni-In2O3 [Fig. 1b, 15Ni-In2O3 DI]",279.85,50,4,0.09,0.43,0.51,0.06,STY from mass GHSV,0.265554,546.029,243.907,,4570.93,4613.45,4698.49,4602.82,4592.19,4613.45,4626.9,4738.84,4574.08,4587.53,0.131,0.131,0.131,0.131,0.131,0.131,0.131,0.131,0.131,0.131,0,38.2701,114.81,28.7026,19.1351,38.2701,50.3738,151.121,2.83998,14.9436
10.1038/s41467-021-22224-x | 50 bar | H2/CO2 4 | 24 NL/g/h,10.1038/s41467-021-22224-x,"SI Figure S3, 5Ni-75InAl","5Ni-75InAl [SI Figure S3, 5Ni-75InAl]",279.85,50,4,0.065,0.55,0.45,0,STY from mass GHSV,0.245311,591.086,18.1,unparsed,3285.86,3289.27,3296.1,3288.42,3287.57,3289.27,3303.83,3339.78,3289.27,3303.83,0.08,0.08,0.08,0.08,0.08,0.08,0.08,0.08,0.08,0.08,0,3.07433,9.22298,2.30574,1.53716,3.07433,16.1767,48.5302,3.07433,16.1767
10.1038/s41467-021-22224-x | 50 bar | H2/CO2 4 | 24 NL/g/h,10.1038/s41467-021-22224-x,"Fig. 1b, 20Ni-In2O3 DI","20Ni-In2O3 [Fig. 1b, 20Ni-In2O3 DI]",279.85,50,4,0.1,0.3,0.57,0.13,STY from mass GHSV,0.205856,704.377,231.113,,7172.41,7224.39,7328.34,7211.39,7198.4,7224.39,7241.74,7380.39,7176.48,7193.83,0.17,0.17,0.17,0.17,0.17,0.17,0.17,0.17,0.17,0.17,0,46.779,140.337,35.0843,23.3895,46.779,62.3927,187.178,3.66357,19.2773
10.1038/s41467-021-22224-x | 50 bar | H2/CO2 4 | 24 NL/g/h,10.1038/s41467-021-22224-x,"Fig. 1a/text, In2O3 STY","In2O3 [Fig. 1a/text, In2O3 STY]",279.85,50,4,0.036,0.79,0.21,0,STY from mass GHSV,0.195151,743.014,282.287,,1774.55,1841.52,1975.45,1824.77,1808.03,1841.52,1859.82,2030.35,1778.84,1797.14,0.023,0.023,0.023,0.023,0.023,0.023,0.023,0.023,0.023,0.023,0,60.271,180.813,45.2032,30.1355,60.271,76.7411,230.223,3.86453,20.3347
10.1038/s41467-021-22224-x | 50 bar | H2/CO2 4 | 24 NL/g/h,10.1038/s41467-021-22224-x,"Fig. 1b, 0 wt.% Ni DI series","In2O3 [Fig. 1b, 0 wt.% Ni DI series]",279.85,50,4,0.035,0.79,0.21,0,STY from mass GHSV,0.18973,764.243,282.287,,1763.66,1832.54,1970.3,1815.32,1798.1,1832.54,1851.36,2026.77,1768.07,1786.9,0.022,0.022,0.022,0.022,0.022,0.022,0.022,0.022,0.022,0.022,0,61.993,185.979,46.4947,30.9965,61.993,78.9337,236.801,3.97494,20.9157
10.1038/s41467-021-22224-x | 50 bar | H2/CO2 4 | 24 NL/g/h,10.1038/s41467-021-22224-x,"Text/Supplementary Fig. 3, 5Ni on 25 mol% In mixed oxide","5Ni-InAlOx (25 mol% In support) [Text/Supplementary Fig. 3, 5Ni on 25 mol% In mixed oxide]",279.85,50,4,0.04,0.42,0.55,0.03,STY from mass GHSV,0.115279,1257.82,18.1,unparsed,5082.98,5090.25,5104.79,5088.43,5086.62,5090.25,5121.23,5197.73,5090.25,5121.23,0.064,0.064,0.064,0.064,0.064,0.064,0.064,0.064,0.064,0.064,0,6.54209,19.6263,4.90657,3.27105,6.54209,34.4237,103.271,6.54209,34.4237
10.1038/s41467-021-22224-x | 50 bar | H2/CO2 4 | 24 NL/g/h,10.1038/s41467-021-22224-x,"SI Figure S3, 5Ni-10InAl","5Ni-10InAl [SI Figure S3, 5Ni-10InAl]",279.85,50,4,0.055,0.28,0.64,0.08,STY from mass GHSV,0.105673,1372.16,18.1,unparsed,8358.5,8366.43,8382.29,8364.45,8362.46,8366.43,8400.23,8483.68,8366.43,8400.23,0.104,0.104,0.104,0.104,0.104,0.104,0.104,0.104,0.104,0.104,0,7.13683,21.4105,5.35262,3.56841,7.13683,37.5531,112.659,7.13683,37.5531
10.1038/s41467-021-22224-x | 50 bar | H2/CO2 4 | 24 NL/g/h,10.1038/s41467-021-22224-x,"SI Figure S3, 5Ni-5InAl","5Ni-5InAl [SI Figure S3, 5Ni-5InAl]",279.85,50,4,0.11,0.13,0.21,0.66,STY from mass GHSV,0.0981245,1477.71,18.1,unparsed,19881.1,19889.7,19906.7,19887.5,19885.4,19889.7,19926,20015.9,19889.7,19926,0.219,0.219,0.219,0.219,0.219,0.219,0.219,0.219,0.219,0.219,0,7.68581,23.0574,5.76436,3.84291,7.68581,40.4418,121.325,7.68581,40.4418
10.1039/c2cy20604h | 100 bar | H2/CO2 3.8 | 10.6 NL/g/h,10.1039/c2cy20604h,"Fig 8, Cu-Ba/Al2O3, 473 K, 10 MPa","Cu–Ba/Al2O3 [Fig 8, Cu-Ba/Al2O3, 473 K, 10 MPa]",199.85,100,3.8,0.028,0.622,0.368,0.01,printed STY,0.0519,2793.83,13.9653,,2880.8,2893.26,2918.18,2890.15,2887.03,2893.26,2962.07,3124.61,2896.95,2965.76,0.032,0.032,0.032,0.032,0.032,0.032,0.032,0.032,0.032,0.032,0,11.2117,33.6352,8.4088,5.60587,11.2117,73.1417,219.425,14.5311,76.4611
10.1039/c2cy20604h | 100 bar | H2/CO2 3.8 | 10.6 NL/g/h,10.1039/c2cy20604h,"Fig 5/Fig 6, Cu/Al2O3, 503 K, 10 MPa","Cu/Al2O3 [Fig 5/Fig 6, Cu/Al2O3, 503 K, 10 MPa]",229.85,100,3.8,0.121,0.119,0.766,0.115,printed STY,0.0435,3333.33,14.0962,,2004.28,2019.29,2049.29,2015.54,2011.79,2019.29,2101.39,2295.59,2023.55,2105.65,0.09,0.09,0.09,0.09,0.09,0.09,0.09,0.09,0.09,0.09,0,13.5021,40.5063,10.1266,6.75105,13.5021,87.391,262.173,17.3372,91.2261
10.1039/c2cy20604h | 100 bar | H2/CO2 3.8 | 10.6 NL/g/h,10.1039/c2cy20604h,"Fig 5/Fig 6, Cu/Al2O3, 473 K, 10 MPa","Cu/Al2O3 [Fig 5/Fig 6, Cu/Al2O3, 473 K, 10 MPa]",199.85,100,3.8,0.024,0.466,0.453,0.081,printed STY,0.0337,4302.67,14.0962,,4646.98,4666.35,4705.08,4661.51,4656.67,4666.35,4772.32,5023,4671.85,4777.82,0.038,0.038,0.038,0.038,0.038,0.038,0.038,0.038,0.038,0.038,0,17.4285,52.2856,13.0714,8.71427,17.4285,112.804,338.413,22.3788,117.755
10.1039/c2cy20604h | 100 bar | H2/CO2 3.8 | 10.6 NL/g/h,10.1039/c2cy20604h,"Fig 5/Fig 6, Cu/Al2O3, 533 K, 10 MPa","Cu/Al2O3 [Fig 5/Fig 6, Cu/Al2O3, 533 K, 10 MPa]",259.85,100,3.8,0.163,0.045,0.852,0.103,printed STY,0.0222,6531.53,14.0962,,2009.18,2038.58,2097.37,2031.23,2023.88,2038.58,2199.45,2579.98,2046.93,2207.8,0.122,0.122,0.122,0.122,0.122,0.122,0.122,0.122,0.122,0.122,0,26.4568,79.3705,19.8426,13.2284,26.4568,171.239,513.717,33.9715,178.754
10.1039/c2cy20604h | 100 bar | H2/CO2 3.8 | 10.6 NL/g/h,10.1039/c2cy20604h,"Fig 5/Fig 6, Cu/Al2O3, 553 K, 10 MPa","Cu/Al2O3 [Fig 5/Fig 6, Cu/Al2O3, 553 K, 10 MPa]",279.85,100,3.8,0.224,0.03,0.836,0.134,printed STY,0.0201,7213.93,14.0962,,1957.48,1989.95,2054.88,1981.83,1973.72,1989.95,2167.63,2587.91,1999.17,2176.85,0.161,0.161,0.161,0.161,0.161,0.161,0.161,0.161,0.161,0.161,0,29.221,87.6629,21.9157,14.6105,29.221,189.13,567.389,37.5207,197.43
10.1039/c2cy20604h | 100 bar | H2/CO2 3.8 | 10.6 NL/g/h,10.1039/c2cy20604h,"Fig 5/Fig 6, Cu/Al2O3, 443 K, 10 MPa","Cu/Al2O3 [Fig 5/Fig 6, Cu/Al2O3, 443 K, 10 MPa]",169.85,100,3.8,0.008,0.8,0.159,0.041,printed STY,0.0195,7435.9,14.0962,,2031.09,2064.56,2131.49,2056.19,2047.83,2064.56,2247.7,2680.92,2074.07,2257.21,0.006,0.006,0.006,0.006,0.006,0.006,0.006,0.006,0.006,0.006,0,30.1201,90.3603,22.5901,15.06,30.1201,194.949,584.847,38.6752,203.504
10.1039/c2cy20604h | 100 bar | H2/CO2 3.8 | 10.6 NL/g/h,10.1039/c2cy20604h,"Fig 7, Cu-K/Al2O3, 503 K, 10 MPa","Cu–K/Al2O3 [Fig 7, Cu-K/Al2O3, 503 K, 10 MPa]",229.85,100,3.8,0.074,0.028,0.972,0,printed STY,0.0063,23015.9,14.0021,,8932.8,9035.7,9241.49,9009.98,8984.25,9035.7,9602.57,10942.1,9065.81,9632.69,0.143,0.143,0.143,0.143,0.143,0.143,0.143,0.143,0.143,0.143,0,92.6064,277.819,69.4548,46.3032,92.6064,602.792,1808.37,119.709,629.894
10.1039/c2cy20604h | 100 bar | H2/CO2 3.8 | 10.6 NL/g/h,10.1039/c2cy20604h,"Fig 7, Cu-K/Al2O3, 553 K, 10 MPa","Cu–K/Al2O3 [Fig 7, Cu-K/Al2O3, 553 K, 10 MPa]",279.85,100,3.8,0.207,0.009,0.991,0,printed STY,0.0055,26363.6,14.0021,,1118.49,1236.35,1472.08,1206.89,1177.42,1236.35,1885.68,3420.06,1270.85,1920.17,0.03,0.03,0.03,0.03,0.03,0.03,0.03,0.03,0.03,0.03,0,106.076,318.229,79.5573,53.0382,106.076,690.47,2071.41,137.121,721.515
10.1039/c2cy20604h | 100 bar | H2/CO2 3.8 | 10.6 NL/g/h,10.1039/c2cy20604h,"Fig 7/Fig 8, Cu-K/Al2O3, 473 K, 10 MPa","Cu–K/Al2O3 [Fig 7/Fig 8, Cu-K/Al2O3, 473 K, 10 MPa]",199.85,100,3.8,0.036,0.042,0.958,0,printed STY,0.0046,31521.7,14.0021,,65521.4,65662.3,65944.1,65627.1,65591.8,65662.3,66438.7,68273.2,65703.5,66479.9,0.094,0.094,0.094,0.094,0.094,0.094,0.094,0.094,0.094,0.094,0,126.83,380.491,95.1228,63.4152,126.83,825.562,2476.69,163.949,862.681
10.1039/c2cy20604h | 100 bar | H2/CO2 3.8 | 10.6 NL/g/h,10.1039/c2cy20604h,"Fig 7, Cu-K/Al2O3, 533 K, 10 MPa","Cu–K/Al2O3 [Fig 7, Cu-K/Al2O3, 533 K, 10 MPa]",259.85,100,3.8,0.141,0.01,0.99,0,printed STY,0.0044,32954.5,14.0021,,1297.31,1444.64,1739.3,1407.81,1370.97,1444.64,2256.3,4174.27,1487.76,2299.41,0.039,0.039,0.039,0.039,0.039,0.039,0.039,0.039,0.039,0.039,0,132.595,397.786,99.4466,66.2977,132.595,863.088,2589.26,171.402,901.894
10.1039/c2cy20604h | 100 bar | H2/CO2 3.8 | 10.6 NL/g/h,10.1039/c2cy20604h,"Fig 7, Cu-K/Al2O3, 443 K, 10 MPa","Cu–K/Al2O3 [Fig 7, Cu-K/Al2O3, 443 K, 10 MPa]",169.85,100,3.8,0.017,0.052,0.948,0,printed STY,0.0027,53703.7,14.0021,,56428.5,56668.5,57148.7,56608.5,56548.5,56668.5,57991.2,61116.8,56738.8,58061.5,0.047,0.047,0.047,0.047,0.047,0.047,0.047,0.047,0.047,0.047,0,216.081,648.244,162.061,108.041,216.081,1406.51,4219.54,279.321,1469.75
10.1039/c2cy20604h | 100 bar | H2/CO2 3.8 | 4000 h-1,10.1039/c2cy20604h,"SI Table 3, 553 K, 10 MPa","Cu–Ba/Al2O3 [SI Table 3, 553 K, 10 MPa]",279.85,100,3.8,0.252,0.093,0.896,0.011,printed STY,0.0707,2050.92,13.9653,,1088.46,1097.6,1115.89,1095.32,1093.03,1097.6,1148.12,1267.43,1100.31,1150.83,0.052,0.052,0.052,0.052,0.052,0.052,0.052,0.052,0.052,0.052,0,8.2304,24.6912,6.1728,4.1152,8.2304,53.6924,161.077,10.6671,56.1292
10.1039/c2cy20604h | 100 bar | H2/CO2 3.8 | 4000 h-1,10.1039/c2cy20604h,"SI Table 3, 503 K, 10 MPa","Cu–Ba/Al2O3 [SI Table 3, 503 K, 10 MPa]",229.85,100,3.8,0.074,0.19,0.802,0.008,printed STY,0.0424,3419.81,13.9653,,9404.44,9419.69,9450.19,9415.88,9412.07,9419.69,9503.92,9702.87,9424.2,9508.43,0.145,0.145,0.145,0.145,0.145,0.145,0.145,0.145,0.145,0.145,0,13.7238,41.1714,10.2929,6.8619,13.7238,89.5296,268.589,17.7869,93.5928
10.1039/c2cy20604h | 100 bar | H2/CO2 3.8 | 4000 h-1,10.1039/c2cy20604h,"SI Table 3, 533 K, 10 MPa","Cu–Ba/Al2O3 [SI Table 3, 533 K, 10 MPa]",259.85,100,3.8,0.171,0.065,0.929,0.006,printed STY,0.0335,4328.36,13.9653,,1087.53,1106.83,1145.43,1102,1097.18,1106.83,1213.43,1465.24,1112.54,1219.15,0.031,0.031,0.031,0.031,0.031,0.031,0.031,0.031,0.031,0.031,0,17.3698,52.1095,13.0274,8.68491,17.3698,113.315,339.945,22.5124,118.458
10.1039/c2cy20604h | 100 bar | H2/CO2 3.8 | 4000 h-1,10.1039/c2cy20604h,"SI Table 3, 443 K, 10 MPa","Cu–Ba/Al2O3 [SI Table 3, 443 K, 10 MPa]",169.85,100,3.8,0.006,0.719,0.26,0.021,printed STY,0.0137,10583.9,13.9653,,2543.39,2590.58,2684.97,2578.78,2566.99,2590.58,2851.26,3467,2604.55,2865.23,0.006,0.006,0.006,0.006,0.006,0.006,0.006,0.006,0.006,0.006,0,42.4737,127.421,31.8552,21.2368,42.4737,277.084,831.253,55.0487,289.659
10.1039/c2cy20604h | 30 bar | H2/CO2 3.8 | 10.6 NL/g/h,10.1039/c2cy20604h,"Fig 8, Cu-Ba/Al2O3, 473 K, 3 MPa","Cu–Ba/Al2O3 [Fig 8, Cu-Ba/Al2O3, 473 K, 3 MPa]",199.85,30,3.8,0.016,0.628,0.364,0.008,printed STY,0.03,4833.33,13.9653,,2944.42,2965.97,3009.07,2960.58,2955.2,2965.97,3085.01,3366.2,2972.35,3091.4,0.019,0.019,0.019,0.019,0.019,0.019,0.019,0.019,0.019,0.019,0,19.3963,58.1889,14.5472,9.69815,19.3963,126.535,379.606,25.1389,132.278
10.1039/c2cy20604h | 30 bar | H2/CO2 3.8 | 10.6 NL/g/h,10.1039/c2cy20604h,"Fig 5/Fig 6, Cu/Al2O3, 553 K, 3 MPa","Cu/Al2O3 [Fig 5/Fig 6, Cu/Al2O3, 553 K, 3 MPa]",279.85,30,3.8,0.213,0.036,0.862,0.102,printed STY,0.0231,6277.06,14.0962,,2886.1,2914.35,2970.85,2907.29,2900.22,2914.35,3068.95,3434.66,2922.37,3076.98,0.176,0.176,0.176,0.176,0.176,0.176,0.176,0.176,0.176,0.176,0,25.426,76.2781,19.0695,12.713,25.426,164.567,493.702,32.6479,171.789
10.1039/c2cy20604h | 30 bar | H2/CO2 3.8 | 10.6 NL/g/h,10.1039/c2cy20604h,"Fig 5/Fig 6, Cu/Al2O3, 503 K, 3 MPa","Cu/Al2O3 [Fig 5/Fig 6, Cu/Al2O3, 503 K, 3 MPa]",229.85,30,3.8,0.04,0.188,0.622,0.19,printed STY,0.0226,6415.93,14.0962,,13788,13816.9,13874.7,13809.7,13802.5,13816.9,13974.9,14348.7,13825.1,13983.1,0.09,0.09,0.09,0.09,0.09,0.09,0.09,0.09,0.09,0.09,0,25.9886,77.9657,19.4914,12.9943,25.9886,168.208,504.625,33.3702,175.59
10.1039/c2cy20604h | 30 bar | H2/CO2 3.8 | 10.6 NL/g/h,10.1039/c2cy20604h,"Fig 5/Fig 6, Cu/Al2O3, 533 K, 3 MPa","Cu/Al2O3 [Fig 5/Fig 6, Cu/Al2O3, 533 K, 3 MPa]",259.85,30,3.8,0.113,0.06,0.793,0.147,printed STY,0.0205,7073.17,14.0962,,7787.27,7819.11,7882.78,7811.15,7803.19,7819.11,7993.32,8405.4,7828.15,8002.36,0.2,0.2,0.2,0.2,0.2,0.2,0.2,0.2,0.2,0.2,0,28.6508,85.9524,21.4881,14.3254,28.6508,185.439,556.318,36.7886,193.577
10.1039/c2cy20604h | 30 bar | H2/CO2 3.8 | 10.6 NL/g/h,10.1039/c2cy20604h,"Fig 5/Fig 6, Cu/Al2O3, 473 K, 3 MPa","Cu/Al2O3 [Fig 5/Fig 6, Cu/Al2O3, 473 K, 3 MPa]",199.85,30,3.8,0.012,0.426,0.467,0.107,printed STY,0.0149,9731.54,14.0962,,5491.45,5535.24,5622.84,5524.3,5513.35,5535.24,5774.93,6341.9,5547.69,5787.37,0.021,0.021,0.021,0.021,0.021,0.021,0.021,0.021,0.021,0.021,0,39.4189,118.257,29.5642,19.7095,39.4189,255.135,765.404,50.6152,266.331
10.1039/c2cy20604h | 30 bar | H2/CO2 3.8 | 10.6 NL/g/h,10.1039/c2cy20604h,"Fig 5/Fig 6, Cu/Al2O3, 443 K, 3 MPa","Cu/Al2O3 [Fig 5/Fig 6, Cu/Al2O3, 443 K, 3 MPa]",169.85,30,3.8,0.007,0.603,0.355,0.042,printed STY,0.0132,10984.8,14.0962,,3404.92,3454.36,3553.24,3442,3429.64,3454.36,3724.91,4364.89,3468.4,3738.95,0.009,0.009,0.009,0.009,0.009,0.009,0.009,0.009,0.009,0.009,0,44.4956,133.487,33.3717,22.2478,44.4956,287.993,863.979,57.1338,300.631
10.1039/c2cy20604h | 30 bar | H2/CO2 3.8 | 10.6 NL/g/h,10.1039/c2cy20604h,"Fig 7, Cu-K/Al2O3, 473 K, 3 MPa","Cu–K/Al2O3 [Fig 7, Cu-K/Al2O3, 473 K, 3 MPa]",199.85,30,3.8,0.022,0.108,0.892,0,printed STY,0.0073,19863,14.0021,,25290.8,25379.6,25557.2,25357.4,25335.2,25379.6,25868.9,27024.9,25405.6,25894.8,0.056,0.056,0.056,0.056,0.056,0.056,0.056,0.056,0.056,0.056,0,79.9206,239.762,59.9404,39.9603,79.9206,520.217,1560.65,103.311,543.607
10.1039/c2cy20604h | 30 bar | H2/CO2 3.8 | 10.6 NL/g/h,10.1039/c2cy20604h,"Fig 7, Cu-K/Al2O3, 443 K, 3 MPa","Cu–K/Al2O3 [Fig 7, Cu-K/Al2O3, 443 K, 3 MPa]",169.85,30,3.8,0.009,0.248,0.752,0,printed STY,0.0066,21969.7,14.0021,,10982.2,11080.5,11276.9,11055.9,11031.3,11080.5,11621.6,12900.2,11109.2,11650.3,0.021,0.021,0.021,0.021,0.021,0.021,0.021,0.021,0.021,0.021,0,88.397,265.191,66.2977,44.1985,88.397,575.392,1726.18,114.268,601.263
10.1039/c2cy20604h | 30 bar | H2/CO2 3.8 | 10.6 NL/g/h,10.1039/c2cy20604h,"Fig 7, Cu-K/Al2O3, 533 K, 3 MPa","Cu–K/Al2O3 [Fig 7, Cu-K/Al2O3, 533 K, 3 MPa]",259.85,30,3.8,0.103,0.019,0.981,0,printed STY,0.0058,25000,14.0021,,55781.7,55893.4,56117,55865.5,55837.5,55893.4,56509.2,57964.2,55926.1,56541.9,0.229,0.229,0.229,0.229,0.229,0.229,0.229,0.229,0.229,0.229,0,100.59,301.769,75.4422,50.2948,100.59,654.756,1964.27,130.029,684.195
10.1039/c2cy20604h | 30 bar | H2/CO2 3.8 | 10.6 NL/g/h,10.1039/c2cy20604h,"Fig 7, Cu-K/Al2O3, 553 K, 3 MPa","Cu–K/Al2O3 [Fig 7, Cu-K/Al2O3, 553 K, 3 MPa]",279.85,30,3.8,0.137,0.01,0.99,0,printed STY,0.0043,33720.9,14.0021,,4972.08,5122.84,5424.35,5085.15,5047.46,5122.84,5953.37,7915.95,5166.96,5997.49,0.206,0.206,0.206,0.206,0.206,0.206,0.206,0.206,0.206,0.206,0,135.679,407.037,101.759,67.8395,135.679,883.16,2649.48,175.388,922.868
10.1039/c2cy20604h | 30 bar | H2/CO2 3.8 | 10.6 NL/g/h,10.1039/c2cy20604h,"Fig 7, Cu-K/Al2O3, 503 K, 3 MPa","Cu–K/Al2O3 [Fig 7, Cu-K/Al2O3, 503 K, 3 MPa]",229.85,30,3.8,0.042,0.026,0.974,0,printed STY,0.0033,43939.4,14.0021,,103378,103575,103968,103526,103476,103575,104657,107214,103632,104714,0.11,0.11,0.11,0.11,0.11,0.11,0.11,0.11,0.11,0.11,0,176.794,530.382,132.595,88.397,176.794,1150.78,3452.35,228.535,1202.53
10.1039/c2cy20604h | 30 bar | H2/CO2 3.8 | 4000 h-1,10.1039/c2cy20604h,"SI Table 3, 503 K, 3 MPa","Cu–Ba/Al2O3 [SI Table 3, 503 K, 3 MPa]",229.85,30,3.8,0.047,0.297,0.696,0.007,printed STY,0.0425,3411.76,13.9653,,7597.35,7612.57,7642.99,7608.76,7604.96,7612.57,7696.6,7895.08,7617.07,7701.1,0.091,0.091,0.091,0.091,0.091,0.091,0.091,0.091,0.091,0.091,0,13.6915,41.0745,10.2686,6.84576,13.6915,89.319,267.957,17.7451,93.3725
10.1039/c2cy20604h | 30 bar | H2/CO2 3.8 | 4000 h-1,10.1039/c2cy20604h,"SI Table 3, 533 K, 3 MPa","Cu–Ba/Al2O3 [SI Table 3, 533 K, 3 MPa]",259.85,30,3.8,0.118,0.1,0.896,0.004,printed STY,0.0355,4084.51,13.9653,,2082.18,2100.39,2136.81,2095.83,2091.28,2100.39,2200.99,2438.61,2105.78,2206.38,0.1,0.1,0.1,0.1,0.1,0.1,0.1,0.1,0.1,0.1,0,16.3912,49.1737,12.2934,8.19562,16.3912,106.931,320.793,21.2441,111.784
10.1039/c2cy20604h | 30 bar | H2/CO2 3.8 | 4000 h-1,10.1039/c2cy20604h,"SI Table 3, 553 K, 3 MPa","Cu–Ba/Al2O3 [SI Table 3, 553 K, 3 MPa]",279.85,30,3.8,0.182,0.064,0.934,0.002,printed STY,0.035,4142.86,13.9653,,1902.24,1920.71,1957.66,1916.1,1911.48,1920.71,2022.75,2263.77,1926.18,2028.22,0.115,0.115,0.115,0.115,0.115,0.115,0.115,0.115,0.115,0.115,0,16.6254,49.8762,12.4691,8.3127,16.6254,108.459,325.376,21.5476,113.381
10.1039/c2cy20604h | 30 bar | H2/CO2 3.8 | 4000 h-1,10.1039/c2cy20604h,"SI Table 3, 443 K, 3 MPa","Cu–Ba/Al2O3 [SI Table 3, 443 K, 3 MPa]",169.85,30,3.8,0.004,0.771,0.224,0.005,printed STY,0.0098,14795.9,13.9653,,2876.51,2942.48,3074.43,2925.99,2909.49,2942.48,3306.9,4167.68,2962.01,3326.43,0.005,0.005,0.005,0.005,0.005,0.005,0.005,0.005,0.005,0.005,0,59.3765,178.129,44.5323,29.6882,59.3765,387.353,1162.06,76.9558,404.932
10.1039/c2cy20604h | 360 bar | H2/CO2 3.8 | 10.6 NL/g/h,10.1039/c2cy20604h,"Fig 5/Fig 6, Cu/Al2O3, 473 K, 36 MPa","Cu/Al2O3 [Fig 5/Fig 6, Cu/Al2O3, 473 K, 36 MPa]",199.85,360,3.8,0.084,0.373,0.601,0.026,printed STY,0.1034,1402.32,14.0962,,1321.89,1328.2,1340.83,1326.63,1325.05,1328.2,1362.74,1444.44,1330,1364.54,0.028,0.028,0.028,0.028,0.028,0.028,0.028,0.028,0.028,0.028,0,5.68029,17.0409,4.26022,2.84014,5.68029,36.7651,110.295,7.29368,38.3785
10.1039/c2cy20604h | 360 bar | H2/CO2 3.8 | 10.6 NL/g/h,10.1039/c2cy20604h,"Fig 5/Fig 6, Cu/Al2O3, 443 K, 36 MPa","Cu/Al2O3 [Fig 5/Fig 6, Cu/Al2O3, 443 K, 36 MPa]",169.85,360,3.8,0.036,0.695,0.269,0.036,printed STY,0.075,1933.33,14.0962,,2325.35,2334.05,2351.46,2331.88,2329.7,2334.05,2381.67,2494.31,2336.53,2384.14,0.032,0.032,0.032,0.032,0.032,0.032,0.032,0.032,0.032,0.032,0,7.83122,23.4937,5.87342,3.91561,7.83122,50.6868,152.06,10.0556,52.9111
10.1039/c2cy20604h | 360 bar | H2/CO2 3.8 | 10.6 NL/g/h,10.1039/c2cy20604h,"Fig 8, Cu-Ba/Al2O3, 473 K, 36 MPa","Cu–Ba/Al2O3 [Fig 8, Cu-Ba/Al2O3, 473 K, 36 MPa]",199.85,360,3.8,0.043,0.572,0.383,0.045,printed STY,0.0741,1956.82,13.9653,,3343.97,3352.7,3370.15,3350.52,3348.34,3352.7,3400.89,3514.74,3355.28,3403.48,0.054,0.054,0.054,0.054,0.054,0.054,0.054,0.054,0.054,0.054,0,7.85276,23.5583,5.88957,3.92638,7.85276,51.2288,153.686,10.1777,53.5538
10.1039/c2cy20604h | 360 bar | H2/CO2 3.8 | 10.6 NL/g/h,10.1039/c2cy20604h,"Fig 5/Fig 6, Cu/Al2O3, 503 K, 36 MPa","Cu/Al2O3 [Fig 5/Fig 6, Cu/Al2O3, 503 K, 36 MPa]",229.85,360,3.8,0.131,0.134,0.856,0.01,printed STY,0.0534,2715.36,14.0962,,1173.89,1186.11,1210.56,1183.06,1180,1186.11,1252.99,1411.19,1189.59,1256.46,0.03,0.03,0.03,0.03,0.03,0.03,0.03,0.03,0.03,0.03,0,10.9989,32.9967,8.24918,5.49945,10.9989,71.1893,213.568,14.123,74.3134
10.1039/c2cy20604h | 360 bar | H2/CO2 3.8 | 10.6 NL/g/h,10.1039/c2cy20604h,"Fig 5/Fig 6, Cu/Al2O3, 553 K, 36 MPa","Cu/Al2O3 [Fig 5/Fig 6, Cu/Al2O3, 553 K, 36 MPa]",279.85,360,3.8,0.296,0.045,0.917,0.038,printed STY,0.0399,3634.09,14.0962,,1444.31,1460.66,1493.37,1456.57,1452.48,1460.66,1550.17,1761.89,1465.31,1554.81,0.135,0.135,0.135,0.135,0.135,0.135,0.135,0.135,0.135,0.135,0,14.7203,44.161,11.0403,7.36017,14.7203,95.2759,285.828,18.9014,99.457
10.1039/c2cy20604h | 360 bar | H2/CO2 3.8 | 10.6 NL/g/h,10.1039/c2cy20604h,"Fig 5/Fig 6, Cu/Al2O3, 533 K, 36 MPa","Cu/Al2O3 [Fig 5/Fig 6, Cu/Al2O3, 533 K, 36 MPa]",259.85,360,3.8,0.203,0.057,0.927,0.016,printed STY,0.0352,4119.32,14.0962,,1179.63,1198.17,1235.25,1193.53,1188.9,1198.17,1299.63,1539.62,1203.43,1304.89,0.048,0.048,0.048,0.048,0.048,0.048,0.048,0.048,0.048,0.048,0,16.6858,50.0575,12.5144,8.34292,16.6858,107.997,323.992,21.4252,112.737
10.1039/c2cy20604h | 360 bar | H2/CO2 3.8 | 10.6 NL/g/h,10.1039/c2cy20604h,"Fig 7, Cu-K/Al2O3, 553 K, 36 MPa","Cu–K/Al2O3 [Fig 7, Cu-K/Al2O3, 553 K, 36 MPa]",279.85,360,3.8,0.286,0.021,0.979,0,printed STY,0.0182,7967.03,14.0021,,1127.45,1163.07,1234.31,1154.17,1145.26,1163.07,1359.3,1822.98,1173.5,1369.72,0.056,0.056,0.056,0.056,0.056,0.056,0.056,0.056,0.056,0.056,0,32.056,96.1681,24.042,16.028,32.056,208.659,625.976,41.4377,218.04
10.1039/c2cy20604h | 360 bar | H2/CO2 3.8 | 10.6 NL/g/h,10.1039/c2cy20604h,"Fig 7/Fig 8, Cu-K/Al2O3, 473 K, 36 MPa","Cu–K/Al2O3 [Fig 7/Fig 8, Cu-K/Al2O3, 473 K, 36 MPa]",199.85,360,3.8,0.089,0.041,0.959,0,printed STY,0.011,13181.8,14.0021,,1100.8,1159.74,1277.6,1145,1130.27,1159.74,1484.4,2251.59,1176.98,1501.65,0.011,0.011,0.011,0.011,0.011,0.011,0.011,0.011,0.011,0.011,0,53.0382,159.115,39.7786,26.5191,53.0382,345.235,1035.71,68.5606,360.758
10.1039/c2cy20604h | 360 bar | H2/CO2 3.8 | 10.6 NL/g/h,10.1039/c2cy20604h,"Fig 7, Cu-K/Al2O3, 533 K, 36 MPa","Cu–K/Al2O3 [Fig 7, Cu-K/Al2O3, 533 K, 36 MPa]",259.85,360,3.8,0.228,0.015,0.985,0,printed STY,0.0106,13679.2,14.0021,,1086.46,1147.61,1269.93,1132.33,1117.04,1147.61,1484.53,2280.67,1165.51,1502.43,0.029,0.029,0.029,0.029,0.029,0.029,0.029,0.029,0.029,0.029,0,55.0396,165.119,41.2797,27.5198,55.0396,358.263,1074.79,71.1478,374.371
10.1039/c2cy20604h | 360 bar | H2/CO2 3.8 | 10.6 NL/g/h,10.1039/c2cy20604h,"Fig 7, Cu-K/Al2O3, 503 K, 36 MPa","Cu–K/Al2O3 [Fig 7, Cu-K/Al2O3, 503 K, 36 MPa]",229.85,360,3.8,0.149,0.015,0.985,0,printed STY,0.0069,21014.5,14.0021,,1106.21,1200.16,1388.06,1176.67,1153.19,1200.16,1717.74,2940.79,1227.66,1745.23,0.017,0.017,0.017,0.017,0.017,0.017,0.017,0.017,0.017,0.017,0,84.5536,253.661,63.4152,42.2768,84.5536,550.375,1651.12,109.3,575.121
10.1039/c2cy20604h | 360 bar | H2/CO2 3.8 | 10.6 NL/g/h,10.1039/c2cy20604h,"Fig 7, Cu-K/Al2O3, 443 K, 36 MPa","Cu–K/Al2O3 [Fig 7, Cu-K/Al2O3, 443 K, 36 MPa]",169.85,360,3.8,0.022,0.083,0.917,0,printed STY,0.0054,26851.9,14.0021,,34831.6,34951.7,35191.7,34921.6,34891.6,34951.7,35613,37175.8,34986.8,35648.1,0.058,0.058,0.058,0.058,0.058,0.058,0.058,0.058,0.058,0.058,0,108.041,324.122,81.0306,54.0204,108.041,703.257,2109.77,139.66,734.877
10.1039/c2cy20604h | 360 bar | H2/CO2 3.8 | 4000 h-1,10.1039/c2cy20604h,"SI Table 3, 503 K, 36 MPa","Cu–Ba/Al2O3 [SI Table 3, 503 K, 36 MPa]",229.85,360,3.8,0.124,0.151,0.84,0.009,printed STY,0.0565,2566.37,13.9653,,1199.7,1211.14,1234.03,1208.28,1205.42,1211.14,1274.35,1423.66,1214.53,1277.74,0.031,0.031,0.031,0.031,0.031,0.031,0.031,0.031,0.031,0.031,0,10.2989,30.8968,7.72419,5.14946,10.2989,67.1868,201.56,13.3481,70.236
10.1039/c2cy20604h | 360 bar | H2/CO2 3.8 | 4000 h-1,10.1039/c2cy20604h,"SI Table 3, 553 K, 36 MPa","Cu–Ba/Al2O3 [SI Table 3, 553 K, 36 MPa]",279.85,360,3.8,0.337,0.041,0.954,0.005,printed STY,0.0419,3460.62,13.9653,,1259.22,1274.65,1305.51,1270.79,1266.94,1274.65,1359.88,1561.21,1279.22,1364.45,0.115,0.115,0.115,0.115,0.115,0.115,0.115,0.115,0.115,0.115,0,13.8876,41.6627,10.4157,6.94379,13.8876,90.598,271.794,17.9992,94.7096
10.1039/c2cy20604h | 360 bar | H2/CO2 3.8 | 4000 h-1,10.1039/c2cy20604h,"SI Table 3, 533 K, 36 MPa","Cu–Ba/Al2O3 [SI Table 3, 533 K, 36 MPa]",259.85,360,3.8,0.229,0.058,0.938,0.004,printed STY,0.0402,3606.97,13.9653,,1062.2,1078.28,1110.45,1074.26,1070.24,1078.28,1167.12,1376.96,1083.04,1171.88,0.033,0.033,0.033,0.033,0.033,0.033,0.033,0.033,0.033,0.033,0,14.4749,43.4246,10.8561,7.23743,14.4749,94.4293,283.288,18.7604,98.7148
10.1039/c2cy20604h | 360 bar | H2/CO2 3.8 | 4000 h-1,10.1039/c2cy20604h,"Text, Cu-Ba/Al2O3, 443 K, 36 MPa","Cu–Ba/Al2O3 [Text, Cu-Ba/Al2O3, 443 K, 36 MPa]",169.85,360,3.8,0.017,0.723,0.174,0.103,printed STY,0.0371,3908.36,13.9653,,2388.2,2405.63,2440.48,2401.27,2396.91,2405.63,2501.89,2729.26,2410.79,2507.05,0.015,0.015,0.015,0.015,0.015,0.015,0.015,0.015,0.015,0.015,0,15.6843,47.053,11.7633,7.84217,15.6843,102.32,306.959,20.3279,106.963
10.1039/c2cy20604h | 4 bar | H2/CO2 3.8 | 10.6 NL/g/h,10.1039/c2cy20604h,"Fig 8, Cu-Ba/Al2O3, 473 K, 0.40 MPa","Cu–Ba/Al2O3 [Fig 8, Cu-Ba/Al2O3, 473 K, 0.40 MPa]",199.85,4,3.8,0.013,0.293,0.703,0.004,printed STY,0.0118,12288.1,13.9653,,10255.4,10310.2,10419.7,10296.5,10282.8,10310.2,10612.8,11327.7,10326.4,10629,0.028,0.028,0.028,0.028,0.028,0.028,0.028,0.028,0.028,0.028,0,49.3126,147.938,36.9845,24.6563,49.3126,321.7,965.099,63.9124,336.299
10.1039/c2cy20604h | 4 bar | H2/CO2 3.8 | 10.6 NL/g/h,10.1039/c2cy20604h,"Fig 5/Fig 6, Cu/Al2O3, 553 K, 0.40 MPa","Cu/Al2O3 [Fig 5/Fig 6, Cu/Al2O3, 553 K, 0.40 MPa]",279.85,4,3.8,0.076,0.039,0.92,0.041,printed STY,0.009,16111.1,14.0962,,64551.8,64624.4,64769.4,64606.2,64588.1,64624.4,65021.2,65959.8,64645,65041.8,0.181,0.181,0.181,0.181,0.181,0.181,0.181,0.181,0.181,0.181,0,65.2602,195.781,48.9451,32.6301,65.2602,422.39,1267.17,83.7963,440.926
10.1039/c2cy20604h | 4 bar | H2/CO2 3.8 | 10.6 NL/g/h,10.1039/c2cy20604h,"Fig 5/Fig 6, Cu/Al2O3, 533 K, 0.40 MPa","Cu/Al2O3 [Fig 5/Fig 6, Cu/Al2O3, 533 K, 0.40 MPa]",259.85,4,3.8,0.04,0.06,0.861,0.079,printed STY,0.0074,19594.6,14.0962,,47055.5,47143.7,47320.1,47121.7,47099.6,47143.7,47626.3,48767.9,47168.8,47651.4,0.102,0.102,0.102,0.102,0.102,0.102,0.102,0.102,0.102,0.102,0,79.3705,238.111,59.5279,39.6852,79.3705,513.717,1541.15,101.914,536.261
10.1039/c2cy20604h | 4 bar | H2/CO2 3.8 | 10.6 NL/g/h,10.1039/c2cy20604h,"Fig 5/Fig 6, Cu/Al2O3, 503 K, 0.40 MPa","Cu/Al2O3 [Fig 5/Fig 6, Cu/Al2O3, 503 K, 0.40 MPa]",229.85,4,3.8,0.022,0.105,0.739,0.156,printed STY,0.007,20714.3,14.0962,,29646.5,29739.7,29926.2,29716.4,29693.1,29739.7,30249.9,31456.7,29766.2,30276.4,0.057,0.057,0.057,0.057,0.057,0.057,0.057,0.057,0.057,0.057,0,83.9059,251.718,62.9295,41.953,83.9059,543.073,1629.22,107.738,566.905
10.1039/c2cy20604h | 4 bar | H2/CO2 3.8 | 10.6 NL/g/h,10.1039/c2cy20604h,"Fig 7, Cu-K/Al2O3, 473 K, 0.40 MPa","Cu–K/Al2O3 [Fig 7, Cu-K/Al2O3, 473 K, 0.40 MPa]",199.85,4,3.8,0.014,0.153,0.847,0,printed STY,0.0066,21969.7,14.0021,,20755.2,20853.4,21049.8,20828.8,20804.3,20853.4,21394.5,22673.2,20882.1,21423.3,0.035,0.035,0.035,0.035,0.035,0.035,0.035,0.035,0.035,0.035,0,88.397,265.191,66.2977,44.1985,88.397,575.392,1726.18,114.268,601.263
10.1039/c2cy20604h | 4 bar | H2/CO2 3.8 | 10.6 NL/g/h,10.1039/c2cy20604h,"Fig 7, Cu-K/Al2O3, 443 K, 0.40 MPa","Cu–K/Al2O3 [Fig 7, Cu-K/Al2O3, 443 K, 0.40 MPa]",169.85,4,3.8,0.004,0.298,0.702,0,printed STY,0.0039,37179.5,14.0021,,14763,14929.3,15261.7,14887.7,14846.2,14929.3,15845,18008.8,14977.9,15893.6,0.009,0.009,0.009,0.009,0.009,0.009,0.009,0.009,0.009,0.009,0,149.595,448.785,112.196,74.7974,149.595,973.74,2921.22,193.376,1017.52
10.1039/c2cy20604h | 4 bar | H2/CO2 3.8 | 10.6 NL/g/h,10.1039/c2cy20604h,"Fig 7, Cu-K/Al2O3, 503 K, 0.40 MPa","Cu–K/Al2O3 [Fig 7, Cu-K/Al2O3, 503 K, 0.40 MPa]",229.85,4,3.8,0.026,0.047,0.953,0,printed STY,0.0037,39189.2,14.0021,,63941.7,64116.9,64467.3,64073.1,64029.3,64116.9,65082.1,67362.9,64168.2,65133.4,0.07,0.07,0.07,0.07,0.07,0.07,0.07,0.07,0.07,0.07,0,157.681,473.043,118.261,78.8405,157.681,1026.37,3079.12,203.829,1072.52
10.1039/c2cy20604h | 4 bar | H2/CO2 3.8 | 10.6 NL/g/h,10.1039/c2cy20604h,"Fig 5/Fig 6, Cu/Al2O3, 473 K, 0.40 MPa","Cu/Al2O3 [Fig 5/Fig 6, Cu/Al2O3, 473 K, 0.40 MPa]",199.85,4,3.8,0.007,0.148,0.647,0.205,printed STY,0.0033,43939.4,14.0962,,26399.9,26597.6,26993.2,26548.2,26498.8,26597.6,27679.9,30239.8,26653.8,27736,0.018,0.018,0.018,0.018,0.018,0.018,0.018,0.018,0.018,0.018,0,177.982,533.947,133.487,88.9912,177.982,1151.97,3455.92,228.535,1202.53
10.1039/c2cy20604h | 4 bar | H2/CO2 3.8 | 10.6 NL/g/h,10.1039/c2cy20604h,"Fig 7, Cu-K/Al2O3, 553 K, 0.40 MPa","Cu–K/Al2O3 [Fig 7, Cu-K/Al2O3, 553 K, 0.40 MPa]",279.85,4,3.8,0.107,0.01,0.99,0,printed STY,0.0031,46774.2,14.0021,,231522,231732,232150,231679,231627,231732,232884,235606,231793,232945,0.242,0.242,0.242,0.242,0.242,0.242,0.242,0.242,0.242,0.242,0,188.2,564.6,141.15,94.1,188.2,1225.03,3675.08,243.28,1280.11
10.1039/c2cy20604h | 4 bar | H2/CO2 3.8 | 10.6 NL/g/h,10.1039/c2cy20604h,"Fig 5/Fig 6, Cu/Al2O3, 443 K, 0.40 MPa","Cu/Al2O3 [Fig 5/Fig 6, Cu/Al2O3, 443 K, 0.40 MPa]",169.85,4,3.8,0.005,0.112,0.879,0.009,printed STY,0.0018,80555.6,14.0962,,39093.8,39456.3,40181.4,39365.7,39275.1,39456.3,41440.4,46133.6,39559.3,41543.4,0.014,0.014,0.014,0.014,0.014,0.014,0.014,0.014,0.014,0.014,0,326.301,978.903,244.726,163.15,326.301,2111.95,6335.85,418.981,2204.63
10.1039/c2cy20604h | 4 bar | H2/CO2 3.8 | 10.6 NL/g/h,10.1039/c2cy20604h,"Fig 7, Cu-K/Al2O3, 533 K, 0.40 MPa","Cu–K/Al2O3 [Fig 7, Cu-K/Al2O3, 533 K, 0.40 MPa]",259.85,4,3.8,0.05,0.012,0.988,0,printed STY,0.0018,80555.6,14.0021,,227601,227961,228681,227871,227781,227961,229945,234633,228066,230050,0.13,0.13,0.13,0.13,0.13,0.13,0.13,0.13,0.13,0.13,0,324.122,972.367,243.092,162.061,324.122,2109.77,6329.31,418.981,2204.63
10.1039/c2cy20604h | 4 bar | H2/CO2 3.8 | 4000 h-1,10.1039/c2cy20604h,"SI Table 3, 533 K, 0.4 MPa","Cu–Ba/Al2O3 [SI Table 3, 533 K, 0.4 MPa]",259.85,4,3.8,0.093,0.044,0.955,0.001,printed STY,0.0126,11507.9,13.9653,,53903.2,53954.5,54057.1,53941.6,53928.8,53954.5,54237.9,54907.4,53969.7,54253.1,0.211,0.211,0.211,0.211,0.211,0.211,0.211,0.211,0.211,0.211,0,46.1817,138.545,34.6363,23.0908,46.1817,301.274,903.823,59.8545,314.947
10.1039/c2cy20604h | 4 bar | H2/CO2 3.8 | 4000 h-1,10.1039/c2cy20604h,"SI Table 3, 503 K, 0.4 MPa","Cu–Ba/Al2O3 [SI Table 3, 503 K, 0.4 MPa]",229.85,4,3.8,0.027,0.112,0.886,0.002,printed STY,0.0094,15425.5,13.9653,,25818.1,25886.8,26024.4,25869.6,25852.4,25886.8,26266.8,27164.2,25907.2,26287.1,0.068,0.068,0.068,0.068,0.068,0.068,0.068,0.068,0.068,0.068,0,61.9031,185.709,46.4273,30.9516,61.9031,403.836,1211.51,80.2305,422.163
10.1039/c2cy20604h | 4 bar | H2/CO2 3.8 | 4000 h-1,10.1039/c2cy20604h,"SI Table 3, 553 K, 0.4 MPa","Cu–Ba/Al2O3 [SI Table 3, 553 K, 0.4 MPa]",279.85,4,3.8,0.162,0.019,0.981,0,printed STY,0.0093,15591.4,13.9653,,113237,113307,113446,113289,113272,113307,113691,114598,113327,113711,0.273,0.273,0.273,0.273,0.273,0.273,0.273,0.273,0.273,0.273,0,62.5687,187.706,46.9266,31.2844,62.5687,408.178,1224.53,81.0932,426.703
10.1039/c2cy20604h | 4 bar | H2/CO2 3.8 | 4000 h-1,10.1039/c2cy20604h,"SI Table 3, 443 K, 0.4 MPa","Cu–Ba/Al2O3 [SI Table 3, 443 K, 0.4 MPa]",169.85,4,3.8,0.001,0.278,0.722,0,printed STY,0.001,145000,13.9653,,43645.8,44292.4,45585.5,44130.7,43969.1,44292.4,47863.7,56299.3,44483.8,48055.1,0.005,0.005,0.005,0.005,0.005,0.005,0.005,0.005,0.005,0.005,0,581.889,1745.67,436.417,290.945,581.889,3796.06,11388.2,754.167,3968.33
10.1039/c4cy00848k | 7 bar | H2/CO2 9 | 2 NL/g/h,10.1039/c4cy00848k,SI Fig S7/S8 Cu(15)ZnO point 1,Cu(15)ZnO [SI Fig S7/S8 Cu(15)ZnO point 1],225,7,9,0.015,0.79,0.21,0,printed STY,0.00853599,16986.9,15.164,,2600.59,2682.83,2847.32,2662.27,2641.71,2682.83,3101.21,4102.46,2698.75,3117.13,0.005,0.005,0.005,0.005,0.005,0.005,0.005,0.005,0.005,0.005,0,74.02,222.06,55.515,37.01,74.02,450.563,1351.69,88.3514,464.894
10.1039/c4cy00848k | 7 bar | H2/CO2 9 | 2 NL/g/h,10.1039/c4cy00848k,SI Fig S7/S8 Cu(8)ZnO point 1,Cu(8)ZnO [SI Fig S7/S8 Cu(8)ZnO point 1],225,7,9,0.012,0.76,0.24,0,printed STY,0.00772853,18761.7,14.5418,,3086.92,3174.03,3348.25,3152.25,3130.48,3174.03,3636.12,4734.53,3195.35,3657.44,0.005,0.005,0.005,0.005,0.005,0.005,0.005,0.005,0.005,0.005,0,78.3988,235.196,58.7991,39.1994,78.3988,494.282,1482.85,97.5822,513.465
10.1039/c4cy00848k | 7 bar | H2/CO2 9 | 2 NL/g/h,10.1039/c4cy00848k,SI Fig S7/S8 Cu(5)ZnO point 1,Cu(5)ZnO [SI Fig S7/S8 Cu(5)ZnO point 1],225,7,9,0.0175,0.61,0.39,0,printed STY,0.00565221,25653.7,14.263,,4063.98,4180.8,4414.46,4151.6,4122.39,4180.8,4812.64,6309.98,4212.23,4844.07,0.011,0.011,0.011,0.011,0.011,0.011,0.011,0.011,0.011,0.011,0,105.143,315.43,78.8575,52.5717,105.143,673.8,2021.4,133.429,702.085
10.1039/c4cy00848k | 7 bar | H2/CO2 9 | 2 NL/g/h,10.1039/c4cy00848k,SI Fig S7/S8 Cu(3)ZnO point 1,Cu(3)ZnO [SI Fig S7/S8 Cu(3)ZnO point 1],225,7,9,0.011,0.58,0.42,5.55112e-17,printed STY,0.00507545,28568.9,14.0659,,4759.97,4888.27,5144.88,4856.2,4824.12,4888.27,5591.91,7255.8,4925.07,5628.71,0.007,0.007,0.007,0.007,0.007,0.007,0.007,0.007,0.007,0.007,0,115.473,346.419,86.6048,57.7366,115.473,748.75,2246.25,148.591,781.868
10.1039/c4cy00848k | 7 bar | H2/CO2 9 | 2 NL/g/h,10.1039/c4cy00848k,SI Fig S7/S8 Cu(1)ZnO point 1,Cu(1)ZnO [SI Fig S7/S8 Cu(1)ZnO point 1],225,7,9,0.018,0.32,0.68,0,printed STY,0.00426799,33973.8,13.8956,,9465.37,9616.1,9917.56,9578.42,9540.74,9616.1,10452.9,12427.8,9661.71,10498.5,0.018,0.018,0.018,0.018,0.018,0.018,0.018,0.018,0.018,0.018,0,135.657,406.972,101.743,67.8287,135.657,888.743,2666.23,176.703,929.789
10.1039/c4cy00848k | 7 bar | H2/CO2 9 | 2 NL/g/h,10.1039/c4cy00848k,SI Fig S7/S8 Cu(0.5)ZnO point 1,Cu(0.5)ZnO [SI Fig S7/S8 Cu(0.5)ZnO point 1],225,7,9,0.015,0.33,0.67,0,printed STY,0.00357589,40549.4,13.8409,,9494.18,9673.37,10031.8,9628.57,9583.77,9673.37,10672.1,13027.9,9728.51,10727.2,0.015,0.015,0.015,0.015,0.015,0.015,0.015,0.015,0.015,0.015,0,161.276,483.827,120.957,80.6378,161.276,1060.12,3180.36,210.903,1109.75
10.1039/c4cy00848k | 7 bar | H2/CO2 9 | 4 NL/g/h,10.1039/c4cy00848k,"Table 3, Cu(15)ZnO at 180 °C","Cu(15)ZnO [Table 3, Cu(15)ZnO at 180 °C]",180,7,9,0.0042,0.96,0.04,3.46945e-17,printed STY,0.00339133,42756.1,15.164,,5511.38,5718.39,6132.41,5666.64,5614.89,5718.39,6771.46,9291.62,5758.47,6811.54,0.005,0.005,0.005,0.005,0.005,0.005,0.005,0.005,0.005,0.005,0,186.309,558.927,139.732,93.1545,186.309,1134.07,3402.21,222.381,1170.14
10.1039/c4cy00848k | 7 bar | H2/CO2 9 | 4 NL/g/h,10.1039/c4cy00848k,"Table 3, Cu(8)ZnO at 180 °C","Cu(8)ZnO [Table 3, Cu(8)ZnO at 180 °C]",180,7,9,0.0034,0.97,0.03,2.77556e-17,printed STY,0.00280303,51729.7,14.5418,,6511.44,6751.61,7231.97,6691.57,6631.53,6751.61,8025.7,11054.2,6810.38,8084.47,0.005,0.005,0.005,0.005,0.005,0.005,0.005,0.005,0.005,0.005,0,216.161,648.484,162.121,108.081,216.161,1362.84,4088.51,269.054,1415.73
10.1039/c4cy00848k | 7 bar | H2/CO2 9 | 4 NL/g/h,10.1039/c4cy00848k,"Table 3, Cu(5)ZnO at 180 °C","Cu(5)ZnO [Table 3, Cu(5)ZnO at 180 °C]",180,7,9,0.0039,0.96,0.04,3.46945e-17,printed STY,0.00201865,71830.3,14.263,,5911.03,6238.15,6892.37,6156.37,6074.59,6238.15,8007.3,12199.8,6326.15,8095.3,0.005,0.005,0.005,0.005,0.005,0.005,0.005,0.005,0.005,0.005,0,294.401,883.204,220.801,147.201,294.401,1886.64,5659.92,373.6,1965.84
10.1039/c4cy00848k | 7 bar | H2/CO2 9 | 4 NL/g/h,10.1039/c4cy00848k,"Table 3, Cu(3)ZnO at 180 °C","Cu(3)ZnO [Table 3, Cu(3)ZnO at 180 °C]",180,7,9,0.0028,0.92,0.08,0,printed STY,0.0017418,83247.1,14.0659,,8108.97,8482.84,9230.57,8389.37,8295.91,8482.84,10533.2,15381.6,8590.06,10640.4,0.005,0.005,0.005,0.005,0.005,0.005,0.005,0.005,0.005,0.005,0,336.478,1009.43,252.358,168.239,336.478,2181.79,6545.36,432.98,2278.29
10.1039/c4cy00848k | 7 bar | H2/CO2 9 | 4 NL/g/h,10.1039/c4cy00848k,"Table 3, Cu(1)ZnO at 180 °C","Cu(1)ZnO [Table 3, Cu(1)ZnO at 180 °C]",180,7,9,0.003,0.75,0.25,0,printed STY,0.00163799,88523.3,13.8956,,9226.97,9619.72,10405.2,9521.53,9423.34,9619.72,11800,16946.1,9738.55,11918.8,0.005,0.005,0.005,0.005,0.005,0.005,0.005,0.005,0.005,0.005,0,353.473,1060.42,265.105,176.737,353.473,2315.74,6947.22,460.423,2422.69
10.1039/c4cy00848k | 7 bar | H2/CO2 9 | 4 NL/g/h,10.1039/c4cy00848k,"Table 3, Cu(0.5)ZnO at 180 °C","Cu(0.5)ZnO [Table 3, Cu(0.5)ZnO at 180 °C]",180,7,9,0.0023,0.77,0.23,0,printed STY,0.00106123,136634,13.8409,,11416.1,12019.9,13227.5,11869,11718,12019.9,15385.2,23323.3,12205.7,15571,0.005,0.005,0.005,0.005,0.005,0.005,0.005,0.005,0.005,0.005,0,543.429,1630.29,407.571,271.714,543.429,3572.14,10716.4,710.653,3739.37
10.1039/c5cy00372e | 10 bar | H2/CO2 3.04 | 10 NL/g/h,10.1039/c5cy00372e,"Fig. 8 CHT-Y0.1, 1 MPa","CHT-Y0.1 [Fig. 8 CHT-Y0.1, 1 MPa]",229.85,10,3.04167,0.125,0.3,0.7,0,printed STY,0.13,1115.38,18.4804,,1303.37,1309.95,1323.11,1308.3,1306.66,1309.95,1337.42,1405.53,1309.81,1337.28,0.036,0.036,0.036,0.036,0.036,0.036,0.036,0.036,0.036,0.036,0,5.9232,17.7696,4.4424,2.9616,5.9232,30.6476,91.9427,5.80128,30.5256
10.1039/c5cy00372e | 10 bar | H2/CO2 3.04 | 10 NL/g/h,10.1039/c5cy00372e,"Fig. 8 CHT-Y0.5, 1 MPa","CHT-Y0.5 [Fig. 8 CHT-Y0.5, 1 MPa]",229.85,10,3.04167,0.105,0.27,0.73,0,printed STY,0.09,1611.11,21.8122,,1307.82,1319.04,1341.49,1316.24,1313.43,1319.04,1358.73,1460.53,1317.14,1356.82,0.036,0.036,0.036,0.036,0.036,0.036,0.036,0.036,0.036,0.036,0,10.0982,30.2947,7.57368,5.04912,10.0982,45.8112,137.434,8.37963,44.0926
10.1039/c5cy00372e | 10 bar | H2/CO2 3.04 | 10 NL/g/h,10.1039/c5cy00372e,"Fig. 8 CHT-Y0, 1 MPa","CHT-Y0 [Fig. 8 CHT-Y0, 1 MPa]",229.85,10,3.04167,0.085,0.25,0.75,0,printed STY,0.08,1812.5,17.559,,1309.47,1319.63,1339.96,1317.09,1314.55,1319.63,1364.28,1473.88,1319.95,1364.59,0.036,0.036,0.036,0.036,0.036,0.036,0.036,0.036,0.036,0.036,0,9.14529,27.4359,6.85897,4.57264,9.14529,49.3224,147.967,9.42708,49.6042
10.1039/c5cy00372e | 3 bar | H2/CO2 3.04 | 10 NL/g/h,10.1039/c5cy00372e,"Fig. 8 CHT-Y0.1, 0.3 MPa","CHT-Y0.1 [Fig. 8 CHT-Y0.1, 0.3 MPa]",229.85,3,3.04167,0.099,0.151,0.849,0,printed STY,0.075,1933.33,18.4804,,15766.9,15778.3,15801.1,15775.4,15772.6,15778.3,15825.9,15944,15778.1,15825.7,0.151,0.151,0.151,0.151,0.151,0.151,0.151,0.151,0.151,0.151,0,10.2669,30.8007,7.70017,5.13344,10.2669,53.1224,159.367,10.0556,52.9111
10.1039/c5cy00372e | 3 bar | H2/CO2 3.04 | 10 NL/g/h,10.1039/c5cy00372e,"Fig. 8 CHT-Y0.5, 0.3 MPa","CHT-Y0.5 [Fig. 8 CHT-Y0.5, 0.3 MPa]",229.85,3,3.04167,0.07,0.12,0.88,0,printed STY,0.049,2959.18,21.8122,,18827.2,18847.9,18889.1,18842.7,18837.6,18847.9,18920.7,19107.7,18844.3,18917.2,0.166,0.166,0.166,0.166,0.166,0.166,0.166,0.166,0.166,0.166,0,18.5478,55.6434,13.9108,9.2739,18.5478,84.143,252.429,15.3912,80.9864
10.1039/c5cy00372e | 3 bar | H2/CO2 3.04 | 10 NL/g/h,10.1039/c5cy00372e,"Fig. 8 CHT-Y0, 0.3 MPa","CHT-Y0 [Fig. 8 CHT-Y0, 0.3 MPa]",229.85,3,3.04167,0.055,0.09,0.91,0,printed STY,0.03,4833.33,17.559,,27610.5,27637.6,27691.8,27630.8,27624.1,27637.6,27756.6,28048.9,27638.4,27757.5,0.152,0.152,0.152,0.152,0.152,0.152,0.152,0.152,0.152,0.152,0,24.3874,73.1623,18.2906,12.1937,24.3874,131.526,394.579,25.1389,132.278
10.1039/c5cy00372e | 30 bar | H2/CO2 3.04 | 10 NL/g/h,10.1039/c5cy00372e,"Fig. 8 CHT-Y0.1, 3 MPa","CHT-Y0.1 [Fig. 8 CHT-Y0.1, 3 MPa]",229.85,30,3.04167,0.15,0.53,0.47,0,printed STY,0.24,604.167,18.4804,,914.662,918.227,925.357,917.336,916.445,918.227,933.108,969.998,918.154,933.034,0.014,0.014,0.014,0.014,0.014,0.014,0.014,0.014,0.014,0.014,0,3.2084,9.62521,2.4063,1.6042,3.2084,16.6008,49.8023,3.14236,16.5347
10.1039/c5cy00372e | 30 bar | H2/CO2 3.04 | 10 NL/g/h,10.1039/c5cy00372e,"Fig. 8 CHT-Y0.5, 3 MPa","CHT-Y0.5 [Fig. 8 CHT-Y0.5, 3 MPa]",229.85,30,3.04167,0.135,0.5,0.5,0,printed STY,0.2,725,21.8122,,926.946,931.995,942.093,930.733,929.471,931.995,949.852,995.663,931.136,948.992,0.014,0.014,0.014,0.014,0.014,0.014,0.014,0.014,0.014,0.014,0,4.54421,13.6326,3.40816,2.27211,4.54421,20.615,61.8451,3.77083,19.8417
10.1039/c5cy00372e | 30 bar | H2/CO2 3.04 | 10 NL/g/h,10.1039/c5cy00372e,"Fig. 8 CHT-Y0, 3 MPa","CHT-Y0 [Fig. 8 CHT-Y0, 3 MPa]",229.85,30,3.04167,0.115,0.46,0.54,0,printed STY,0.17,852.941,17.559,,954.595,959.377,968.94,958.181,956.986,959.377,980.384,1031.96,959.524,980.532,0.015,0.015,0.015,0.015,0.015,0.015,0.015,0.015,0.015,0.015,0,4.30367,12.911,3.22775,2.15183,4.30367,23.2105,69.6316,4.43627,23.3431
10.1039/c5cy00372e | 50 bar | H2/CO2 3.04 | 10 NL/g/h,10.1039/c5cy00372e,Table 6 row CHT-Y0.1,CHT-Y0.1 [Table 6 row CHT-Y0.1],229.85,50,3.04167,0.202,0.693,0.305,0.002,printed STY,0.39,371.795,18.4804,,913.26,915.454,919.841,914.905,914.357,915.454,924.611,947.313,915.409,924.566,0.017,0.017,0.017,0.017,0.017,0.017,0.017,0.017,0.017,0.017,0,1.9744,5.9232,1.4808,0.987201,1.9744,10.2159,30.6476,1.93376,10.1752
10.1039/c5cy00372e | 50 bar | H2/CO2 3.04 | 10 NL/g/h,10.1039/c5cy00372e,Table 6 row CHT-Y0.2,CHT-Y0.2 [Table 6 row CHT-Y0.2],229.85,50,3.04167,0.178,0.705,0.294,0.001,printed STY,0.35,414.286,19.3643,,915.96,918.522,923.645,917.882,917.241,918.522,928.726,954.256,918.355,928.558,0.015,0.015,0.015,0.015,0.015,0.015,0.015,0.015,0.015,0.015,0,2.30527,6.91581,1.72895,1.15264,2.30527,11.4886,34.4658,2.15476,11.3381
10.1039/c5cy00372e | 50 bar | H2/CO2 3.04 | 10 NL/g/h,10.1039/c5cy00372e,Table 6 row CHT-Y0.05,CHT-Y0.05 [Table 6 row CHT-Y0.05],229.85,50,3.04167,0.174,0.632,0.366,0.002,printed STY,0.33,439.394,18.0245,,923.52,926.048,931.106,925.416,924.784,926.048,936.87,963.572,926.059,936.881,0.016,0.016,0.016,0.016,0.016,0.016,0.016,0.016,0.016,0.016,0,2.27582,6.82747,1.70687,1.13791,2.27582,12.0157,36.0472,2.28535,12.0253
10.1039/c5cy00372e | 50 bar | H2/CO2 3.04 | 10 NL/g/h,10.1039/c5cy00372e,Table 6 row CHT-Y0.5,CHT-Y0.5 [Table 6 row CHT-Y0.5],229.85,50,3.04167,0.151,0.666,0.331,0.003,printed STY,0.29,500,21.8122,,944.652,948.134,955.099,947.264,946.393,948.134,960.449,992.043,947.542,959.856,0.017,0.017,0.017,0.017,0.017,0.017,0.017,0.017,0.017,0.017,0,3.13394,9.40182,2.35045,1.56697,3.13394,14.2173,42.6518,2.60057,13.6839
10.1039/c5cy00372e | 50 bar | H2/CO2 3.04 | 10 NL/g/h,10.1039/c5cy00372e,Table 6 row CHT-Y0,CHT-Y0 [Table 6 row CHT-Y0],229.85,50,3.04167,0.134,0.581,0.416,0.003,printed STY,0.25,580,17.559,,960.428,963.68,970.183,962.867,962.054,963.68,977.965,1013.04,963.78,978.065,0.017,0.017,0.017,0.017,0.017,0.017,0.017,0.017,0.017,0.017,0,2.92649,8.77948,2.19487,1.46325,2.92649,15.7832,47.3495,3.01667,15.8733
10.1039/c5cy00372e | 70 bar | H2/CO2 3.04 | 10 NL/g/h,10.1039/c5cy00372e,"Fig. 8 CHT-Y0.1, 7 MPa","CHT-Y0.1 [Fig. 8 CHT-Y0.1, 7 MPa]",229.85,70,3.04167,0.23,0.8,0.2,0,printed STY,0.45,322.222,18.4804,,905.075,906.976,910.779,906.501,906.025,906.976,914.912,934.587,906.937,914.873,0.016,0.016,0.016,0.016,0.016,0.016,0.016,0.016,0.016,0.016,0,1.71115,5.13344,1.28336,0.855574,1.71115,8.85374,26.5612,1.67593,8.81852
10.1039/c5cy00372e | 70 bar | H2/CO2 3.04 | 10 NL/g/h,10.1039/c5cy00372e,"Fig. 8 CHT-Y0.5, 7 MPa","CHT-Y0.5 [Fig. 8 CHT-Y0.5, 7 MPa]",229.85,70,3.04167,0.205,0.77,0.23,0,printed STY,0.38,381.579,21.8122,,910.942,913.6,918.915,912.935,912.271,913.6,922.998,947.109,913.148,922.546,0.015,0.015,0.015,0.015,0.015,0.015,0.015,0.015,0.015,0.015,0,2.39169,7.17507,1.79377,1.19584,2.39169,10.85,32.5501,1.98465,10.443
10.1039/c5cy00372e | 70 bar | H2/CO2 3.04 | 10 NL/g/h,10.1039/c5cy00372e,"Fig. 8 CHT-Y0, 7 MPa","CHT-Y0 [Fig. 8 CHT-Y0, 7 MPa]",229.85,70,3.04167,0.168,0.7,0.3,0,printed STY,0.32,453.125,17.559,,923.738,926.278,931.359,925.643,925.008,926.278,937.438,964.84,926.356,937.517,0.014,0.014,0.014,0.014,0.014,0.014,0.014,0.014,0.014,0.014,0,2.28632,6.85897,1.71474,1.14316,2.28632,12.3306,36.9918,2.35677,12.401
10.1039/c5cy00372e | 90 bar | H2/CO2 3.04 | 10 NL/g/h,10.1039/c5cy00372e,"Fig. 8/text CHT-Y0.1, 9.0 MPa","CHT-Y0.1 [Fig. 8/text CHT-Y0.1, 9.0 MPa]",229.85,90,3.04167,0.299,0.897,0.103,0,printed STY,0.57,254.386,18.4804,,899.936,901.437,904.44,901.062,900.687,901.437,907.703,923.236,901.407,907.672,0.019,0.019,0.019,0.019,0.019,0.019,0.019,0.019,0.019,0.019,0,1.35091,4.05272,1.01318,0.675453,1.35091,6.9898,20.9694,1.3231,6.96199
10.1039/c5cy00372e | 90 bar | H2/CO2 3.04 | 10 NL/g/h,10.1039/c5cy00372e,"Fig. 8 CHT-Y0.5, 9 MPa","CHT-Y0.5 [Fig. 8 CHT-Y0.5, 9 MPa]",229.85,90,3.04167,0.265,0.85,0.15,0,printed STY,0.48,302.083,21.8122,,906.154,908.258,912.466,907.732,907.206,908.258,915.698,934.786,907.9,915.34,0.018,0.018,0.018,0.018,0.018,0.018,0.018,0.018,0.018,0.018,0,1.89342,5.68026,1.42007,0.946711,1.89342,8.5896,25.7688,1.57118,8.26736
10.1039/c5cy00372e | 90 bar | H2/CO2 3.04 | 10 NL/g/h,10.1039/c5cy00372e,"Fig. 8 CHT-Y0, 9 MPa","CHT-Y0 [Fig. 8 CHT-Y0, 9 MPa]",229.85,90,3.04167,0.23,0.78,0.22,0,printed STY,0.4,362.5,17.559,,911.256,913.288,917.352,912.78,912.272,913.288,922.216,944.137,913.351,922.279,0.016,0.016,0.016,0.016,0.016,0.016,0.016,0.016,0.016,0.016,0,1.82906,5.48717,1.37179,0.914529,1.82906,9.86447,29.5934,1.88542,9.92083
10.1039/c5ra04774a | 30 bar | H2/CO2 3 | 3.6 NL/g/h,10.1039/c5ra04774a,"Table 1 row 9 / Fig. 1, 260 °C","CZ/CNTs-3 [Table 1 row 9 / Fig. 1, 260 °C]",260,30,3,0.163,0.435,0.55,0.015,STY from mass GHSV,0.0839281,1727.67,17.4348,carbon,1182.07,1191.68,1210.92,1189.28,1186.88,1191.68,1234.24,1338.57,1192.05,1234.6,0.052,0.052,0.052,0.052,0.052,0.052,0.052,0.052,0.052,0.052,0,8.65564,25.9669,6.49173,4.32782,8.65564,46.9523,140.857,8.98586,47.2825
10.1039/c5ra04774a | 30 bar | H2/CO2 3 | 3.6 NL/g/h,10.1039/c5ra04774a,"Table 1 row 6 / Fig. 1, 240 °C","CZ/CNTs-3 [Table 1 row 6 / Fig. 1, 240 °C]",240,30,3,0.111,0.54,0.43,0.03,STY from mass GHSV,0.0709492,2043.72,17.4348,carbon,1313.39,1324.77,1347.52,1321.93,1319.08,1324.77,1375.11,1498.53,1325.21,1375.54,0.053,0.053,0.053,0.053,0.053,0.053,0.053,0.053,0.053,0.053,0,10.239,30.7171,7.67928,5.11952,10.239,55.5414,166.624,10.6297,55.9321
10.1039/c5ra04774a | 30 bar | H2/CO2 3 | 3.6 NL/g/h,10.1039/c5ra04774a,"Table 1 row 8 / Fig. 1, 260 °C","CZ/CNTs-2 [Table 1 row 8 / Fig. 1, 260 °C]",260,30,3,0.149,0.401,0.58,0.019,STY from mass GHSV,0.0707231,2050.25,18.0266,carbon,1220.76,1232.56,1256.16,1229.61,1226.66,1232.56,1283.06,1407.65,1232.61,1283.1,0.057,0.057,0.057,0.057,0.057,0.057,0.057,0.057,0.057,0.057,0,10.6204,31.8612,7.96531,5.3102,10.6204,56.0676,168.203,10.6637,56.1109
10.1039/c5ra04774a | 30 bar | H2/CO2 3 | 3.6 NL/g/h,10.1039/c5ra04774a,"Fig. 1, 280 °C, CZ/CNTs-3","CZ/CNTs-3 [Fig. 1, 280 °C, CZ/CNTs-3]",280,30,3,0.218,0.27,0.71,0.02,STY from mass GHSV,0.0696708,2081.22,17.4348,carbon,2474.64,2486.22,2509.39,2483.33,2480.43,2486.22,2537.48,2663.17,2486.66,2537.92,0.167,0.167,0.167,0.167,0.167,0.167,0.167,0.167,0.167,0.167,0,10.4269,31.2807,7.82019,5.21346,10.4269,56.5605,169.682,10.8247,56.9583
10.1039/c5ra04774a | 30 bar | H2/CO2 3 | 3.6 NL/g/h,10.1039/c5ra04774a,"Fig. 1, 280 °C, CZ/CNTs-2","CZ/CNTs-2 [Fig. 1, 280 °C, CZ/CNTs-2]",280,30,3,0.217,0.26,0.72,0.02,STY from mass GHSV,0.0667827,2171.22,18.0266,carbon,2475.31,2487.81,2512.8,2484.69,2481.56,2487.81,2541.29,2673.23,2487.86,2541.34,0.167,0.167,0.167,0.167,0.167,0.167,0.167,0.167,0.167,0.167,0,11.2471,33.7412,8.43529,5.62353,11.2471,59.3758,178.127,11.2929,59.4216
10.1039/c5ra04774a | 30 bar | H2/CO2 3 | 3.6 NL/g/h,10.1039/c5ra04774a,"Table 1 row 7 / Fig. 1, 260 °C","CZ/CNTs-1 [Table 1 row 7 / Fig. 1, 260 °C]",260,30,3,0.144,0.365,0.63,0.005,STY from mass GHSV,0.0622137,2330.68,18.1889,carbon,1089.59,1103.13,1130.2,1099.74,1096.36,1103.13,1160.53,1302.41,1103.06,1160.46,0.038,0.038,0.038,0.038,0.038,0.038,0.038,0.038,0.038,0.038,0,12.1818,36.5453,9.13633,6.09088,12.1818,63.8451,191.535,12.1222,63.7855
10.1039/c5ra04774a | 30 bar | H2/CO2 3 | 3.6 NL/g/h,10.1039/c5ra04774a,"Table 1 row 5 / Fig. 1, 240 °C","CZ/CNTs-2 [Table 1 row 5 / Fig. 1, 240 °C]",240,30,3,0.102,0.512,0.47,0.018,STY from mass GHSV,0.061816,2345.67,18.0266,carbon,1304.95,1318.45,1345.45,1315.08,1311.7,1318.45,1376.23,1518.77,1318.51,1376.28,0.048,0.048,0.048,0.048,0.048,0.048,0.048,0.048,0.048,0.048,0,12.1507,36.4521,9.11303,6.07536,12.1507,64.1464,192.439,12.2002,64.1959
10.1039/c5ra04774a | 30 bar | H2/CO2 3 | 3.6 NL/g/h,10.1039/c5ra04774a,"Fig. 1, 280 °C, CZ/CNTs-1","CZ/CNTs-1 [Fig. 1, 280 °C, CZ/CNTs-1]",280,30,3,0.212,0.24,0.74,0.02,STY from mass GHSV,0.0602251,2407.63,18.1889,carbon,2477.04,2491.02,2518.98,2487.52,2484.03,2491.02,2550.32,2696.88,2490.95,2550.25,0.167,0.167,0.167,0.167,0.167,0.167,0.167,0.167,0.167,0.167,0,12.584,37.752,9.438,6.292,12.584,65.9532,197.86,12.5225,65.8917
10.1039/c5ra04774a | 30 bar | H2/CO2 3 | 3.6 NL/g/h,10.1039/c5ra04774a,"Table 1 row 3 / Fig. 1, 220 °C","CZ/CNTs-3 [Table 1 row 3 / Fig. 1, 220 °C]",220,30,3,0.069,0.685,0.3,0.015,STY from mass GHSV,0.0559462,2591.78,17.4348,carbon,1514.34,1528.77,1557.62,1525.16,1521.55,1528.77,1592.6,1749.13,1529.32,1593.15,0.044,0.044,0.044,0.044,0.044,0.044,0.044,0.044,0.044,0.044,0,12.9848,38.9545,9.73863,6.49242,12.9848,70.4359,211.308,13.4802,70.9313
10.1039/c5ra04774a | 30 bar | H2/CO2 3 | 3.6 NL/g/h,10.1039/c5ra04774a,"SI Figure S-1, 260 °C","10wt% Cu/ZrO2 catalyst without CNTs [SI Figure S-1, 260 °C]",260,30,3,0.12,0.39,0.58,0.03,STY from mass GHSV,0.0553957,2617.53,18.1,unparsed,1771.42,1786.55,1816.8,1782.77,1778.99,1786.55,1851.02,2010.21,1786.55,1851.02,0.101,0.101,0.101,0.101,0.101,0.101,0.101,0.101,0.101,0.101,0,13.6142,40.8425,10.2106,6.80708,13.6142,71.6361,214.908,13.6142,71.6361
10.1039/c5ra04774a | 30 bar | H2/CO2 3 | 3.6 NL/g/h,10.1039/c5ra04774a,"SI Figure S-1, 280 °C","10wt% Cu/ZrO2 catalyst without CNTs [SI Figure S-1, 280 °C]",280,30,3,0.17,0.25,0.72,0.03,STY from mass GHSV,0.050306,2882.36,18.1,unparsed,2579.02,2595.68,2629,2591.52,2587.35,2595.68,2666.67,2841.97,2595.68,2666.67,0.173,0.173,0.173,0.173,0.173,0.173,0.173,0.173,0.173,0.173,0,14.9916,44.9748,11.2437,7.4958,14.9916,78.8839,236.652,14.9916,78.8839
10.1039/c5ra04774a | 30 bar | H2/CO2 3 | 3.6 NL/g/h,10.1039/c5ra04774a,"SI Figure S-1, 240 °C","10wt% Cu/ZrO2 catalyst without CNTs [SI Figure S-1, 240 °C]",240,30,3,0.08,0.53,0.45,0.02,STY from mass GHSV,0.0501876,2889.16,18.1,unparsed,3224.76,3241.45,3274.85,3237.28,3233.11,3241.45,3312.61,3488.32,3241.45,3312.61,0.121,0.121,0.121,0.121,0.121,0.121,0.121,0.121,0.121,0.121,0,15.027,45.0809,11.2702,7.51348,15.027,79.07,237.21,15.027,79.07
10.1039/c5ra04774a | 30 bar | H2/CO2 3 | 3.6 NL/g/h,10.1039/c5ra04774a,"Table 1 row 4 / Fig. 1, 240 °C","CZ/CNTs-1 [Table 1 row 4 / Fig. 1, 240 °C]",240,30,3,0.095,0.44,0.55,0.01,STY from mass GHSV,0.0494774,2930.63,18.1889,carbon,1367.21,1384.23,1418.27,1379.98,1375.72,1384.23,1456.41,1634.81,1384.15,1456.33,0.05,0.05,0.05,0.05,0.05,0.05,0.05,0.05,0.05,0.05,0,15.3176,45.9527,11.4882,7.65878,15.3176,80.2799,240.84,15.2426,80.205
10.1039/c5ra04774a | 30 bar | H2/CO2 3 | 3.6 NL/g/h,10.1039/c5ra04774a,"Fig. 1, 300 °C, CZ/CNTs-3","CZ/CNTs-3 [Fig. 1, 300 °C, CZ/CNTs-3]",300,30,3,0.267,0.15,0.82,0.03,STY from mass GHSV,0.047406,3058.69,17.4348,carbon,5862.87,5879.89,5913.95,5875.64,5871.38,5879.89,5955.23,6139.95,5880.54,5955.88,0.281,0.281,0.281,0.281,0.281,0.281,0.281,0.281,0.281,0.281,0,15.3241,45.9722,11.493,7.66203,15.3241,83.1249,249.375,15.9087,83.7096
10.1039/c5ra04774a | 30 bar | H2/CO2 3 | 3.6 NL/g/h,10.1039/c5ra04774a,"Fig. 1, 200 °C, CZ/CNTs-3","CZ/CNTs-3 [Fig. 1, 200 °C, CZ/CNTs-3]",200,30,3,0.048,0.82,0.17,0.01,STY from mass GHSV,0.0465892,3112.31,17.4348,carbon,1466.05,1483.37,1518.02,1479.04,1474.71,1483.37,1560.03,1747.99,1484.03,1560.69,0.028,0.028,0.028,0.028,0.028,0.028,0.028,0.028,0.028,0.028,0,15.5927,46.7781,11.6945,7.79634,15.5927,84.5821,253.746,16.1876,85.177
10.1039/c5ra04774a | 30 bar | H2/CO2 3 | 3.6 NL/g/h,10.1039/c5ra04774a,"Fig. 1, 300 °C, CZ/CNTs-2","CZ/CNTs-2 [Fig. 1, 300 °C, CZ/CNTs-2]",300,30,3,0.262,0.15,0.82,0.03,STY from mass GHSV,0.0465182,3117.06,18.0266,carbon,5863.24,5881.18,5917.07,5876.7,5872.21,5881.18,5957.96,6147.38,5881.26,5958.03,0.281,0.281,0.281,0.281,0.281,0.281,0.281,0.281,0.281,0.281,0,16.1465,48.4396,12.1099,8.07327,16.1465,85.2413,255.724,16.2123,85.3071
10.1039/c5ra04774a | 30 bar | H2/CO2 3 | 3.6 NL/g/h,10.1039/c5ra04774a,"Fig. 1, 300 °C, CZ/CNTs-1","CZ/CNTs-1 [Fig. 1, 300 °C, CZ/CNTs-1]",300,30,3,0.256,0.14,0.84,0.02,STY from mass GHSV,0.0424227,3417.98,18.1889,carbon,5742.04,5761.89,5801.59,5756.93,5751.97,5761.89,5846.08,6054.14,5761.79,5845.98,0.279,0.279,0.279,0.279,0.279,0.279,0.279,0.279,0.279,0.279,0,17.8648,53.5943,13.3986,8.93239,17.8648,93.63,280.89,17.7774,93.5426
10.1039/c5ra04774a | 30 bar | H2/CO2 3 | 3.6 NL/g/h,10.1039/c5ra04774a,"Table 1 row 2 / Fig. 1, 220 °C","CZ/CNTs-2 [Table 1 row 2 / Fig. 1, 220 °C]",220,30,3,0.043,0.655,0.32,0.025,STY from mass GHSV,0.0333381,4349.38,18.0266,carbon,2484.36,2509.4,2559.46,2503.14,2496.88,2509.4,2616.52,2880.83,2509.5,2616.62,0.053,0.053,0.053,0.053,0.053,0.053,0.053,0.053,0.053,0.053,0,22.53,67.5901,16.8975,11.265,22.53,118.941,356.824,22.6218,119.033
10.1039/c5ra04774a | 30 bar | H2/CO2 3 | 3.6 NL/g/h,10.1039/c5ra04774a,"SI Figure S-1, 300 °C","10wt% Cu/ZrO2 catalyst without CNTs [SI Figure S-1, 300 °C]",300,30,3,0.2,0.14,0.83,0.03,STY from mass GHSV,0.0331428,4375.01,18.1,unparsed,5870.79,5896.07,5946.64,5889.75,5883.43,5896.07,6003.83,6269.9,5896.07,6003.83,0.281,0.281,0.281,0.281,0.281,0.281,0.281,0.281,0.281,0.281,0,22.7551,68.2653,17.0663,11.3775,22.7551,119.735,359.204,22.7551,119.735
10.1039/c5ra04774a | 30 bar | H2/CO2 3 | 3.6 NL/g/h,10.1039/c5ra04774a,"SI Figure S-1, 220 °C","10wt% Cu/ZrO2 catalyst without CNTs [SI Figure S-1, 220 °C]",220,30,3,0.04,0.68,0.3,0.02,STY from mass GHSV,0.0321958,4503.69,18.1,unparsed,2327.77,2353.8,2405.85,2347.29,2340.79,2353.8,2464.72,2738.63,2353.8,2464.72,0.046,0.046,0.046,0.046,0.046,0.046,0.046,0.046,0.046,0.046,0,23.4244,70.2731,17.5683,11.7122,23.4244,123.256,369.768,23.4244,123.256
10.1039/c5ra04774a | 30 bar | H2/CO2 3 | 3.6 NL/g/h,10.1039/c5ra04774a,"Fig. 1, 200 °C, CZ/CNTs-2","CZ/CNTs-2 [Fig. 1, 200 °C, CZ/CNTs-2]",200,30,3,0.033,0.8,0.18,0.02,STY from mass GHSV,0.0312489,4640.17,18.0266,carbon,1717.17,1743.87,1797.29,1737.2,1730.52,1743.87,1858.16,2140.14,1743.98,1858.27,0.025,0.025,0.025,0.025,0.025,0.025,0.025,0.025,0.025,0.025,0,24.0363,72.1089,18.0272,12.0182,24.0363,126.893,380.68,24.1342,126.991
10.1039/c5ra04774a | 30 bar | H2/CO2 3 | 3.6 NL/g/h,10.1039/c5ra04774a,"Table 1 row 1 / Fig. 1, 220 °C","CZ/CNTs-1 [Table 1 row 1 / Fig. 1, 220 °C]",220,30,3,0.041,0.585,0.4,0.015,STY from mass GHSV,0.0283903,5107.37,18.1889,carbon,2968.9,2998.56,3057.88,2991.14,2983.73,2998.56,3124.35,3435.26,2998.41,3124.21,0.059,0.059,0.059,0.059,0.059,0.059,0.059,0.059,0.059,0.059,0,26.6948,80.0843,20.0211,13.3474,26.6948,139.908,419.725,26.5642,139.778
10.1039/c5ra04774a | 30 bar | H2/CO2 3 | 3.6 NL/g/h,10.1039/c5ra04774a,"Fig. 1, 200 °C, CZ/CNTs-1","CZ/CNTs-1 [Fig. 1, 200 °C, CZ/CNTs-1]",200,30,3,0.03,0.75,0.24,0.01,STY from mass GHSV,0.0266326,5444.46,18.1889,carbon,1968.94,2000.55,2063.79,1992.65,1984.75,2000.55,2134.65,2466.08,2000.4,2134.5,0.028,0.028,0.028,0.028,0.028,0.028,0.028,0.028,0.028,0.028,0,28.4566,85.3698,21.3425,14.2283,28.4566,149.142,447.426,28.3175,149.003
10.1039/c5ra04774a | 30 bar | H2/CO2 3 | 3.6 NL/g/h,10.1039/c5ra04774a,"SI Figure S-1, 200 °C","10wt% Cu/ZrO2 catalyst without CNTs [SI Figure S-1, 200 °C]",200,30,3,0.02,0.83,0.17,2.77556e-17,STY from mass GHSV,0.0196489,7379.54,18.1,unparsed,1609.65,1652.3,1737.59,1641.64,1630.98,1652.3,1834.06,2282.86,1652.3,1834.06,0.013,0.013,0.013,0.013,0.013,0.013,0.013,0.013,0.013,0.013,0,38.3821,115.146,28.7866,19.191,38.3821,201.962,605.886,38.3821,201.962
10.1039/c6ra28305e | 30 bar | H2/CO2 3 | 3600 h-1,10.1039/c6ra28305e,"Table 2, CZ-450","CZ-450 [Table 2, CZ-450]",220,30,3,0.042,0.539,0.461,0,printed STY,0.0452177,3206.71,25.1964,,3353.24,3379.03,3430.63,3372.58,3366.14,3379.03,3458.01,3667.57,3371.77,3450.75,0.067,0.067,0.067,0.067,0.067,0.067,0.067,0.067,0.067,0.067,0,23.2177,69.6532,17.4133,11.6089,23.2177,94.2998,282.899,16.6786,87.7607
10.1039/c6ra28305e | 30 bar | H2/CO2 3 | 3600 h-1,10.1039/c6ra28305e,"Table 2, CZ-350","CZ-350 [Table 2, CZ-350]",220,30,3,0.046,0.413,0.587,0,printed STY,0.0385273,3763.56,25.2028,,4826.56,4856.84,4917.41,4849.27,4841.7,4856.84,4949.54,5195.5,4848.31,4941,0.09,0.09,0.09,0.09,0.09,0.09,0.09,0.09,0.09,0.09,0,27.2564,81.7693,20.4423,13.6282,27.2564,110.682,332.046,19.5749,103.001
10.1039/c6ra28305e | 30 bar | H2/CO2 3 | 3600 h-1,10.1039/c6ra28305e,"Table 2, CZ-550","CZ-550 [Table 2, CZ-550]",220,30,3,0.023,0.564,0.436,0,printed STY,0.0277996,5215.9,25.1986,,3266.7,3308.67,3392.6,3298.18,3287.69,3308.67,3437.13,3777.99,3296.85,3425.31,0.036,0.036,0.036,0.036,0.036,0.036,0.036,0.036,0.036,0.036,0,37.7681,113.304,28.3261,18.8841,37.7681,153.387,460.161,27.1286,142.748
10.1039/c6ra28305e | 30 bar | H2/CO2 3 | 3600 h-1,10.1039/c6ra28305e,"Table 2, CZ-650","CZ-650 [Table 2, CZ-650]",220,30,3,0.011,0.329,0.671,0,printed STY,0.0118812,12204.2,25.1922,,7346.74,7444.9,7641.23,7420.36,7395.82,7444.9,7745.49,8542.98,7417.27,7717.85,0.027,0.027,0.027,0.027,0.027,0.027,0.027,0.027,0.027,0.027,0,88.3477,265.043,66.2608,44.1739,88.3477,358.874,1076.62,63.4758,334.002
10.1039/d0gc01597k | 50 bar | H2/CO2 4 | 21 NL/g/h,10.1039/d0gc01597k,"Fig. 1a,b/text, Pt/In2O3, 300 °C","Pt/In2O3 [Fig. 1a,b/text, Pt/In2O3, 300 °C]",300,50,4,0.173,0.54,0.46,0,printed STY,0.542,267.528,767.133,,2958.67,3024.19,3155.25,3007.81,2991.43,2984.62,3030.78,3175.01,2960.21,2966.8,0.19,0.19,0.19,0.19,0.19,0.19,0.19,0.19,0.19,0.19,0,58.974,176.922,44.2305,29.487,23.353,64.9042,194.713,1.39145,7.32165
10.1039/d0gc01597k | 50 bar | H2/CO2 4 | 21 NL/g/h,10.1039/d0gc01597k,"Fig. 1a,b/text, Pt/In2O3, 275 °C","Pt/In2O3 [Fig. 1a,b/text, Pt/In2O3, 275 °C]",275,50,4,0.119,0.74,0.26,0,printed STY,0.499,290.581,767.133,,1880.98,1952.15,2094.5,1934.36,1916.56,1909.16,1959.31,2115.97,1882.66,1889.81,0.086,0.086,0.086,0.086,0.086,0.086,0.086,0.086,0.086,0.086,0,64.0559,192.168,48.0419,32.028,25.3654,70.4971,211.491,1.51136,7.95257
10.1039/d0gc01597k | 50 bar | H2/CO2 4 | 21 NL/g/h,10.1039/d0gc01597k,"Fig. 1a,b/text, In2O3, 300 °C","In2O3 [Fig. 1a,b/text, In2O3, 300 °C]",300,50,4,0.094,0.627,0.373,0,printed STY,0.335,432.836,282.287,,2562.85,2601.86,2679.88,2592.11,2582.36,2601.86,2612.52,2711.87,2565.35,2576.01,0.094,0.094,0.094,0.094,0.094,0.094,0.094,0.094,0.094,0.094,0,35.1103,105.331,26.3327,17.5551,35.1103,44.7048,134.114,2.25124,11.8458
10.1039/d0gc01597k | 50 bar | H2/CO2 4 | 21 NL/g/h,10.1039/d0gc01597k,"Fig. 1a,b, Pt/In2O3, 250 °C","Pt/In2O3 [Fig. 1a,b, Pt/In2O3, 250 °C]",250,50,4,0.066,0.84,0.16,0,printed STY,0.316,458.861,767.133,,1492.29,1604.68,1829.46,1576.58,1548.48,1536.79,1615.98,1863.36,1494.94,1506.24,0.032,0.032,0.032,0.032,0.032,0.032,0.032,0.032,0.032,0.032,0,101.152,303.455,75.8637,50.5758,40.0549,111.323,333.969,2.3866,12.558
10.1039/d0gc01597k | 50 bar | H2/CO2 4 | 21 NL/g/h,10.1039/d0gc01597k,"Fig. 1a,b, In2O3, 275 °C","In2O3 [Fig. 1a,b, In2O3, 275 °C]",275,50,4,0.048,0.72,0.28,0,printed STY,0.205,707.317,282.287,,2108.72,2172.47,2299.97,2156.53,2140.59,2172.47,2189.89,2352.23,2112.8,2130.23,0.039,0.039,0.039,0.039,0.039,0.039,0.039,0.039,0.039,0.039,0,57.3754,172.126,43.0315,28.6877,57.3754,73.0542,219.163,3.67886,19.3577
10.1039/d0gc01597k | 50 bar | H2/CO2 4 | 21 NL/g/h,10.1039/d0gc01597k,"Fig. 1a,b, Pt/In2O3, 225 °C","Pt/In2O3 [Fig. 1a,b, Pt/In2O3, 225 °C]",225,50,4,0.014,0.99,0.01,0,printed STY,0.145,1000,767.133,,1293.99,1538.93,2028.8,1477.69,1416.46,1390.99,1563.56,2102.69,1299.77,1324.4,0.005,0.005,0.005,0.005,0.005,0.005,0.005,0.005,0.005,0.005,0,220.441,661.322,165.33,110.22,87.292,242.607,727.822,5.20115,27.3678
10.1039/d0gc01597k | 50 bar | H2/CO2 4 | 21 NL/g/h,10.1039/d0gc01597k,"Fig. 1a,b, In2O3, 250 °C","In2O3 [Fig. 1a,b, In2O3, 250 °C]",250,50,4,0.02,0.84,0.16,0,printed STY,0.1,1450,282.287,,1578.52,1709.2,1970.58,1676.53,1643.86,1709.2,1744.92,2077.72,1586.9,1622.61,0.01,0.01,0.01,0.01,0.01,0.01,0.01,0.01,0.01,0.01,0,117.619,352.858,88.2146,58.8097,117.619,149.761,449.283,7.54167,39.6833
10.1039/d0gc01597k | 50 bar | H2/CO2 4 | 21 NL/g/h,10.1039/d0gc01597k,"Fig. 1a,b, In2O3, 225 °C","In2O3 [Fig. 1a,b, In2O3, 225 °C]",225,50,4,0.008,0.99,0.01,0,printed STY,0.06,2416.67,282.287,,1617.63,1835.44,2271.07,1780.99,1726.54,1835.44,1894.97,2449.64,1631.6,1691.12,0.005,0.005,0.005,0.005,0.005,0.005,0.005,0.005,0.005,0.005,0,196.032,588.097,147.024,98.0162,196.032,249.602,748.806,12.5694,66.1389
10.1039/d0gc01597k | 50 bar | H2/CO2 4 | 21 NL/g/h,10.1039/d0gc01597k,"Fig. 1a,b, Pt/In2O3, 200 °C","Pt/In2O3 [Fig. 1a,b, Pt/In2O3, 200 °C]",200,50,4,0.008,1,0,0,printed STY,0.05,2900,767.133,,1610.25,2320.56,3741.17,2142.98,1965.4,1891.52,2391.98,3955.45,1627.01,1698.43,0.005,0.005,0.005,0.005,0.005,0.005,0.005,0.005,0.005,0.005,0,639.278,1917.83,479.458,319.639,253.147,703.561,2110.68,15.0833,79.3667
10.1039/d0gc01597k | 50 bar | H2/CO2 4 | 21 NL/g/h,10.1039/d0gc01597k,"Fig. 1a,b, In2O3, 200 °C","In2O3 [Fig. 1a,b, In2O3, 200 °C]",200,50,4,0.004,1,0,0,printed STY,0.045,3222.22,282.287,,2318.93,2609.35,3190.18,2536.74,2464.14,2609.35,2688.71,3428.27,2337.55,2416.91,0.005,0.005,0.005,0.005,0.005,0.005,0.005,0.005,0.005,0.005,0,261.377,784.13,196.032,130.688,261.377,332.803,998.408,16.7593,88.1852
10.1126/sciadv.1701290 | 10 bar | H2/CO2 3 | 24 NL/g/h,10.1126/sciadv.1701290,"SI Figure S2, p=1 MPa","13% ZnO-ZrO2 [SI Figure S2, p=1 MPa]",330,10,3,0.055,0.68,0.32,0,STY from mass GHSV,0.320792,452.007,24.7843,,2372.22,2375.79,2382.95,2374.9,2374.01,2375.79,2386.93,2416.35,2374.83,2385.96,0.033,0.033,0.033,0.033,0.033,0.033,0.033,0.033,0.033,0.033,0,3.21916,9.65747,2.41437,1.60958,3.21916,13.2386,39.7159,2.35095,12.3704
10.1126/sciadv.1701290 | 20 bar | H2/CO2 2 | 24 NL/g/h,10.1126/sciadv.1701290,"SI Figure S2, H2/CO2=2/1","13% ZnO-ZrO2 [SI Figure S2, H2/CO2=2/1]",330,20,2,0.06,0.74,0.26,0,STY from mass GHSV,0.507777,285.558,24.7843,,1848.87,1851.13,1855.65,1850.56,1850,1851.13,1858.16,1876.75,1850.52,1857.55,0.048,0.048,0.048,0.048,0.048,0.048,0.048,0.048,0.048,0.048,0,2.03372,6.10117,1.52529,1.01686,2.03372,8.3636,25.0908,1.48523,7.81511
10.1126/sciadv.1701290 | 20 bar | H2/CO2 3 | 15 NL/g/h,10.1126/sciadv.1701290,"SI Figure S2, GHSV=15000","13% ZnO-ZrO2 [SI Figure S2, GHSV=15000]",330,20,3,0.09,0.6,0.4,0,STY from mass GHSV,0.289484,500.89,24.7843,,2734,2737.96,2745.89,2736.97,2735.98,2737.96,2750.3,2782.9,2736.89,2749.23,0.08,0.08,0.08,0.08,0.08,0.08,0.08,0.08,0.08,0.08,0,3.5673,10.7019,2.67548,1.78365,3.5673,14.6704,44.0111,2.60521,13.7083
10.1126/sciadv.1701290 | 20 bar | H2/CO2 3 | 24 NL/g/h,10.1126/sciadv.1701290,"SI Figure S2, p=2 MPa","13% ZnO-ZrO2 [SI Figure S2, p=2 MPa]",330,20,3,0.08,0.76,0.24,0,STY from mass GHSV,0.521501,278.044,24.7843,,1816.07,1818.27,1822.67,1817.72,1817.17,1818.27,1825.12,1843.22,1817.68,1824.53,0.046,0.046,0.046,0.046,0.046,0.046,0.046,0.046,0.046,0.046,0,1.98021,5.94062,1.48515,0.990103,1.98021,8.14351,24.4305,1.44615,7.60945
10.1126/sciadv.1701290 | 20 bar | H2/CO2 3 | 24 NL/g/h,10.1126/sciadv.1701290,"SI Figure S17A, 340 °C","13% ZnO-ZrO2 [SI Figure S17A, 340 °C]",340,20,3,0.075,0.74,0.26,0,STY from mass GHSV,0.476041,304.596,24.7843,,1912.28,1914.69,1919.52,1914.09,1913.49,1914.69,1922.2,1942.02,1914.04,1921.55,0.045,0.045,0.045,0.045,0.045,0.045,0.045,0.045,0.045,0.045,0,2.16931,6.50792,1.62698,1.08465,2.16931,8.92117,26.7635,1.58425,8.33611
10.1126/sciadv.1701290 | 20 bar | H2/CO2 3 | 24 NL/g/h,10.1126/sciadv.1701290,"SI Figure S17A, 320 °C","13% ZnO-ZrO2 [SI Figure S17A, 320 °C]",320,20,3,0.06,0.82,0.18,5.55112e-17,STY from mass GHSV,0.422004,343.599,24.7843,,1531.25,1533.96,1539.4,1533.28,1532.6,1533.96,1542.43,1564.79,1533.23,1541.69,0.037,0.037,0.037,0.037,0.037,0.037,0.037,0.037,0.037,0.037,0,2.44708,7.34125,1.83531,1.22354,2.44708,10.0635,30.1906,1.78711,9.40354
10.1126/sciadv.1701290 | 20 bar | H2/CO2 3 | 24 NL/g/h,10.1126/sciadv.1701290,"SI Figure S17A, 360 °C","13% ZnO-ZrO2 [SI Figure S17A, 360 °C]",360,20,3,0.1,0.32,0.68,0,STY from mass GHSV,0.274474,528.283,24.7843,,6411.77,6415.95,6424.31,6414.9,6413.86,6415.95,6428.96,6463.34,6414.82,6427.83,0.129,0.129,0.129,0.129,0.129,0.129,0.129,0.129,0.129,0.129,0,3.76239,11.2872,2.82179,1.8812,3.76239,15.4727,46.418,2.74768,14.4579
10.1126/sciadv.1701290 | 20 bar | H2/CO2 3 | 24 NL/g/h,10.1126/sciadv.1701290,SI Table S2 row 1,13% ZnO-ZrO2 [SI Table S2 row 1],300,20,3,0.034,0.87,0.13,0,STY from mass GHSV,0.253717,571.503,24.7843,,1391.19,1395.72,1404.76,1394.59,1393.46,1395.72,1409.79,1446.99,1394.5,1408.57,0.018,0.018,0.018,0.018,0.018,0.018,0.018,0.018,0.018,0.018,0,4.0702,12.2106,3.05265,2.0351,4.0702,16.7385,50.2155,2.97247,15.6408
10.1126/sciadv.1701290 | 20 bar | H2/CO2 3 | 24 NL/g/h,10.1126/sciadv.1701290,"SI Figure S17A, 280 °C","13% ZnO-ZrO2 [SI Figure S17A, 280 °C]",280,20,3,0.025,0.92,0.08,0,STY from mass GHSV,0.197278,735.002,24.7843,,1228.74,1234.56,1246.19,1233.1,1231.65,1234.56,1252.66,1300.5,1232.99,1251.09,0.009,0.009,0.009,0.009,0.009,0.009,0.009,0.009,0.009,0.009,0,5.23463,15.7039,3.92597,2.61732,5.23463,21.5272,64.5815,3.82286,20.1154
10.1126/sciadv.1701290 | 20 bar | H2/CO2 3 | 24 NL/g/h,10.1126/sciadv.1701290,"SI Figure S17A, 260 °C","13% ZnO-ZrO2 [SI Figure S17A, 260 °C]",260,20,3,0.014,0.94,0.06,5.55112e-17,STY from mass GHSV,0.112878,1284.58,24.7843,,1264.3,1274.46,1294.79,1271.92,1269.38,1274.46,1306.1,1389.71,1271.72,1303.36,0.005,0.005,0.005,0.005,0.005,0.005,0.005,0.005,0.005,0.005,0,9.14867,27.446,6.8615,4.57434,9.14867,37.6235,112.87,6.68128,35.1561
10.1126/sciadv.1701290 | 20 bar | H2/CO2 3 | 24 NL/g/h,10.1126/sciadv.1701290,"SI Figure S17A, 380 °C","13% ZnO-ZrO2 [SI Figure S17A, 380 °C]",380,20,3,0.145,0.06,0.94,0,STY from mass GHSV,0.0746227,1943.11,24.7843,,34576.5,34591.9,34622.6,34588,34584.2,34591.9,34639.7,34766.2,34587.7,34635.6,0.271,0.271,0.271,0.271,0.271,0.271,0.271,0.271,0.271,0.271,0,13.8387,41.516,10.379,6.91934,13.8387,56.9109,170.733,10.1064,53.1787
10.1126/sciadv.1701290 | 20 bar | H2/CO2 3 | 24 NL/g/h,10.1126/sciadv.1701290,"SI Figure S17A, 240 °C","13% ZnO-ZrO2 [SI Figure S17A, 240 °C]",240,20,3,0.008,0.96,0.04,3.46945e-17,STY from mass GHSV,0.0658738,2201.18,24.7843,,1536.26,1553.68,1588.52,1549.32,1544.97,1553.68,1607.89,1751.16,1548.98,1603.2,0.005,0.005,0.005,0.005,0.005,0.005,0.005,0.005,0.005,0.005,0,15.6766,47.0299,11.7575,7.83831,15.6766,64.4694,193.408,11.4487,60.2415
10.1126/sciadv.1701290 | 20 bar | H2/CO2 3 | 24 NL/g/h,10.1126/sciadv.1701290,"SI Figure S17A, 220 °C","13% ZnO-ZrO2 [SI Figure S17A, 220 °C]",220,20,3,0.003,0.98,0.02,1.73472e-17,STY from mass GHSV,0.0252173,5750.02,24.7843,,2580.93,2626.43,2717.43,2615.05,2603.68,2626.43,2768.05,3142.29,2614.16,2755.78,0.005,0.005,0.005,0.005,0.005,0.005,0.005,0.005,0.005,0.005,0,40.9512,122.854,30.7134,20.4756,40.9512,168.41,505.23,29.9067,157.365
10.1126/sciadv.1701290 | 20 bar | H2/CO2 3 | 33 NL/g/h,10.1126/sciadv.1701290,"SI Figure S2, GHSV=33000","13% ZnO-ZrO2 [SI Figure S2, GHSV=33000]",330,20,3,0.075,0.8,0.2,0,STY from mass GHSV,0.707629,204.91,24.7843,,1630.43,1632.05,1635.29,1631.65,1631.24,1632.05,1637.1,1650.44,1631.61,1636.66,0.038,0.038,0.038,0.038,0.038,0.038,0.038,0.038,0.038,0.038,0,1.45935,4.37805,1.09451,0.729676,1.45935,6.00152,18.0046,1.06577,5.60793
10.1126/sciadv.1701290 | 20 bar | H2/CO2 3 | 6 NL/g/h,10.1126/sciadv.1701290,"SI Figure S2, GHSV=6000","13% ZnO-ZrO2 [SI Figure S2, GHSV=6000]",330,20,3,0.1,0.45,0.55,0,STY from mass GHSV,0.0964948,1502.67,24.7843,,4099.99,4111.88,4135.67,4108.91,4105.94,4111.88,4148.89,4246.7,4108.68,4145.69,0.119,0.119,0.119,0.119,0.119,0.119,0.119,0.119,0.119,0.119,0,10.7019,32.1057,8.02643,5.35096,10.7019,44.0111,132.033,7.81562,41.1248
10.1126/sciadv.1701290 | 20 bar | H2/CO2 4 | 24 NL/g/h,10.1126/sciadv.1701290,"SI Figure S2, H2/CO2=4/1","13% ZnO-ZrO2 [SI Figure S2, H2/CO2=4/1]",330,20,4,0.1,0.78,0.22,0,STY from mass GHSV,0.535225,270.914,24.7843,,1746.94,1749.08,1753.37,1748.55,1748.01,1749.08,1755.76,1773.39,1748.51,1755.18,0.041,0.041,0.041,0.041,0.041,0.041,0.041,0.041,0.041,0.041,0,1.92943,5.78829,1.44707,0.964716,1.92943,7.9347,23.8041,1.40907,7.41433
10.1126/sciadv.1701290 | 30 bar | H2/CO2 3 | 24 NL/g/h,10.1126/sciadv.1701290,"SI Figure S2, p=3 MPa","13% ZnO-ZrO2 [SI Figure S2, p=3 MPa]",330,30,3,0.105,0.8,0.2,0,STY from mass GHSV,0.720495,201.251,24.7843,,1585.48,1587.07,1590.25,1586.67,1586.27,1587.07,1592.03,1605.12,1586.64,1591.6,0.054,0.054,0.054,0.054,0.054,0.054,0.054,0.054,0.054,0.054,0,1.43329,4.29988,1.07497,0.716646,1.43329,5.89435,17.683,1.04673,5.50779
10.1126/sciadv.1701290 | 40 bar | H2/CO2 3 | 24 NL/g/h,10.1126/sciadv.1701290,"SI Figure S2, p=4 MPa","13% ZnO-ZrO2 [SI Figure S2, p=4 MPa]",330,40,3,0.125,0.82,0.18,0,STY from mass GHSV,0.879175,164.927,24.7843,,1495.98,1497.29,1499.9,1496.96,1496.63,1497.29,1501.35,1512.08,1496.93,1501,0.063,0.063,0.063,0.063,0.063,0.063,0.063,0.063,0.063,0.063,0,1.1746,3.5238,0.88095,0.5873,1.1746,4.83049,14.4915,0.857812,4.5137
10.1126/sciadv.1701290 | 50 bar | H2/CO2 3 | 24 NL/g/h,10.1126/sciadv.1701290,"SI Figure S2, p=5 MPa","13% ZnO-ZrO2 [SI Figure S2, p=5 MPa]",330,50,3,0.14,0.84,0.16,0,STY from mass GHSV,1.00869,143.75,24.7843,,1408.89,1410.03,1412.3,1409.74,1409.46,1410.03,1413.57,1422.93,1409.72,1413.26,0.068,0.068,0.068,0.068,0.068,0.068,0.068,0.068,0.068,0.068,0,1.02378,3.07134,0.767835,0.51189,1.02378,4.21025,12.6307,0.747668,3.93414
10.1126/sciadv.1701290 | 50 bar | H2/CO2 3 | 24 NL/g/h,10.1126/sciadv.1701290,"Figure 1C, stability last point","13% ZnO-ZrO2 [Figure 1C, stability last point]",320,50,3,0.106,0.89,0.11,0,STY from mass GHSV,0.776817,186.659,24.7843,,1237.22,1238.7,1241.65,1238.33,1237.96,1238.7,1243.3,1255.45,1238.3,1242.9,0.045,0.045,0.045,0.045,0.045,0.045,0.045,0.045,0.045,0.045,0,1.32937,3.98812,0.99703,0.664686,1.32937,5.46698,16.401,0.970842,5.10845
10.1126/sciadv.1701290 | 50 bar | H2/CO2 3 | 24 NL/g/h,10.1126/sciadv.1701290,"Figure 1C, stability first point","13% ZnO-ZrO2 [Figure 1C, stability first point]",320,50,3,0.106,0.87,0.13,0,STY from mass GHSV,0.75936,190.95,24.7843,,1307.23,1308.74,1311.77,1308.37,1307.99,1308.74,1313.45,1325.88,1308.34,1313.04,0.052,0.052,0.052,0.052,0.052,0.052,0.052,0.052,0.052,0.052,0,1.35993,4.0798,1.01995,0.679967,1.35993,5.59266,16.778,0.993161,5.22589
10.1126/sciadv.1701290 | 50 bar | H2/CO2 3 | 24 NL/g/h,10.1126/sciadv.1701290,"Figure 1B, H2/CO2=3:1, 340°C","13% ZnO-ZrO2 [Figure 1B, H2/CO2=3:1, 340°C]",340,50,3,0.127,0.72,0.28,0,STY from mass GHSV,0.752938,192.579,24.7843,,1901.34,1902.86,1905.91,1902.48,1902.1,1902.86,1907.61,1920.14,1902.45,1907.2,0.107,0.107,0.107,0.107,0.107,0.107,0.107,0.107,0.107,0.107,0,1.37153,4.1146,1.02865,0.685767,1.37153,5.64037,16.9211,1.00163,5.27047
10.1126/sciadv.1701290 | 50 bar | H2/CO2 3 | 24 NL/g/h,10.1126/sciadv.1701290,"Figure 1A, Zn/(Zn+Zr)=17%","17% ZnO-ZrO2 [Figure 1A, Zn/(Zn+Zr)=17%]",320,50,3,0.108,0.83,0.17,0,STY from mass GHSV,0.738116,196.446,24.43,,1453.99,1455.53,1458.59,1455.14,1454.76,1455.53,1460.37,1473.11,1455.13,1459.97,0.067,0.067,0.067,0.067,0.067,0.067,0.067,0.067,0.067,0.067,0,1.37908,4.13723,1.03431,0.689538,1.37908,5.73363,17.2009,1.02175,5.3763
10.1126/sciadv.1701290 | 50 bar | H2/CO2 3 | 24 NL/g/h,10.1126/sciadv.1701290,"Text/Fig. 1B, 13% ZnO-ZrO2, 320°C, H2/CO2 = 3:1","13% ZnO-ZrO2 [Text/Fig. 1B, 13% ZnO-ZrO2, 320°C, H2/CO2 = 3:1]",320,50,3,0.1,0.86,0.14,0,STY from mass GHSV,0.708143,204.761,24.7843,,1352.19,1353.81,1357.05,1353.41,1353,1353.81,1358.86,1372.18,1353.38,1358.42,0.053,0.053,0.053,0.053,0.053,0.053,0.053,0.053,0.053,0.053,0,1.45829,4.37487,1.09372,0.729145,1.45829,5.99716,17.9915,1.06499,5.60386
10.1126/sciadv.1701290 | 50 bar | H2/CO2 3 | 24 NL/g/h,10.1126/sciadv.1701290,"Figure 1A, Zn/(Zn+Zr)=20%","20% ZnO-ZrO2 [Figure 1A, Zn/(Zn+Zr)=20%]",320,50,3,0.1,0.82,0.18,0,STY from mass GHSV,0.675206,214.749,24.1576,,1496.42,1498.07,1501.38,1497.66,1497.24,1498.07,1503.36,1517.25,1497.66,1502.95,0.065,0.065,0.065,0.065,0.065,0.065,0.065,0.065,0.065,0.065,0,1.49075,4.47226,1.11806,0.745376,1.49075,6.25103,18.7531,1.11694,5.87721
10.1126/sciadv.1701290 | 50 bar | H2/CO2 3 | 24 NL/g/h,10.1126/sciadv.1701290,"Figure 1B, H2/CO2=3:1, 360°C","13% ZnO-ZrO2 [Figure 1B, H2/CO2=3:1, 360°C]",360,50,3,0.154,0.52,0.48,0,STY from mass GHSV,0.659397,219.898,24.7843,,3154.5,3156.24,3159.72,3155.81,3155.37,3156.24,3161.66,3175.97,3155.77,3161.19,0.164,0.164,0.164,0.164,0.164,0.164,0.164,0.164,0.164,0.164,0,1.5661,4.69829,1.17457,0.783048,1.5661,6.4405,19.3215,1.14372,6.01813
10.1126/sciadv.1701290 | 50 bar | H2/CO2 3 | 24 NL/g/h,10.1126/sciadv.1701290,"Figure 1A, Zn/(Zn+Zr)=10%","10% ZnO-ZrO2 [Figure 1A, Zn/(Zn+Zr)=10%]",320,50,3,0.101,0.79,0.21,0,STY from mass GHSV,0.657009,220.697,25.0434,,1615.61,1617.37,1620.9,1616.93,1616.49,1617.37,1622.81,1637.21,1616.88,1622.32,0.075,0.075,0.075,0.075,0.075,0.075,0.075,0.075,0.075,0.075,0,1.58822,4.76467,1.19117,0.794112,1.58822,6.48034,19.441,1.14788,6.04
10.1126/sciadv.1701290 | 50 bar | H2/CO2 3 | 24 NL/g/h,10.1126/sciadv.1701290,"Figure 1A, Zn/(Zn+Zr)=25%","25% ZnO-ZrO2 [Figure 1A, Zn/(Zn+Zr)=25%]",320,50,3,0.092,0.82,0.18,0,STY from mass GHSV,0.62119,233.423,23.69,,1504.09,1505.85,1509.38,1505.41,1504.97,1505.85,1511.6,1526.63,1505.44,1511.18,0.06,0.06,0.06,0.06,0.06,0.06,0.06,0.06,0.06,0.06,0,1.58902,4.76706,1.19176,0.79451,1.58902,6.76323,20.2897,1.21407,6.38828
10.1126/sciadv.1701290 | 50 bar | H2/CO2 3 | 24 NL/g/h,10.1126/sciadv.1701290,"Figure 1B, H2/CO2=3:1, 300°C","13% ZnO-ZrO2 [Figure 1B, H2/CO2=3:1, 300°C]",300,50,3,0.065,0.91,0.09,0,STY from mass GHSV,0.487054,297.708,24.7843,,1199.35,1201.71,1206.42,1201.12,1200.53,1201.71,1209.04,1228.42,1201.07,1208.4,0.024,0.024,0.024,0.024,0.024,0.024,0.024,0.024,0.024,0.024,0,2.12025,6.36076,1.59019,1.06013,2.12025,8.71945,26.1583,1.54842,8.14762
10.1126/sciadv.1701290 | 50 bar | H2/CO2 3 | 24 NL/g/h,10.1126/sciadv.1701290,"Figure 1A, Zn/(Zn+Zr)=33%","33% ZnO-ZrO2 [Figure 1A, Zn/(Zn+Zr)=33%]",320,50,3,0.074,0.77,0.23,0,STY from mass GHSV,0.469186,309.046,22.9047,,1744.15,1746.41,1750.93,1745.85,1745.28,1746.41,1754.03,1773.77,1745.94,1753.55,0.061,0.061,0.061,0.061,0.061,0.061,0.061,0.061,0.061,0.061,0,2.03408,6.10223,1.52556,1.01704,2.03408,8.88459,26.6538,1.60739,8.45791
10.1126/sciadv.1701290 | 50 bar | H2/CO2 3 | 24 NL/g/h,10.1126/sciadv.1701290,"Figure 1A, Zn/(Zn+Zr)=5%","5% ZnO-ZrO2 [Figure 1A, Zn/(Zn+Zr)=5%]",320,50,3,0.074,0.64,0.36,0,STY from mass GHSV,0.389973,371.821,25.4634,,2433.63,2436.66,2442.7,2435.9,2435.15,2436.66,2445.82,2470.18,2435.78,2444.94,0.09,0.09,0.09,0.09,0.09,0.09,0.09,0.09,0.09,0.09,0,2.72064,8.16192,2.04048,1.36032,2.72064,10.9627,32.888,1.9339,10.1759
10.1126/sciadv.1701290 | 50 bar | H2/CO2 3 | 24 NL/g/h,10.1126/sciadv.1701290,"Figure 1B, H2/CO2=3:1, 380°C","13% ZnO-ZrO2 [Figure 1B, H2/CO2=3:1, 380°C]",380,50,3,0.173,0.25,0.75,0,STY from mass GHSV,0.35613,407.154,24.7843,,7421.78,7425,7431.44,7424.19,7423.39,7425,7435.03,7461.53,7424.13,7434.16,0.264,0.264,0.264,0.264,0.264,0.264,0.264,0.264,0.264,0.264,0,2.89972,8.69917,2.17479,1.44986,2.89972,11.925,35.7749,2.11767,11.1429
10.1126/sciadv.1701290 | 50 bar | H2/CO2 3 | 24 NL/g/h,10.1126/sciadv.1701290,"Figure 1B, H2/CO2=3:1, 280°C","13% ZnO-ZrO2 [Figure 1B, H2/CO2=3:1, 280°C]",280,50,3,0.038,0.94,0.06,0,STY from mass GHSV,0.294127,492.985,24.7843,,1134.77,1138.67,1146.47,1137.7,1136.72,1138.67,1150.81,1182.9,1137.62,1149.76,0.011,0.011,0.011,0.011,0.011,0.011,0.011,0.011,0.011,0.011,0,3.511,10.533,2.63325,1.7555,3.511,14.4388,43.3165,2.56409,13.4919
10.1126/sciadv.1701290 | 50 bar | H2/CO2 3 | 24 NL/g/h,10.1126/sciadv.1701290,"Figure 1A, Zn/(Zn+Zr)=50%","50% ZnO-ZrO2 [Figure 1A, Zn/(Zn+Zr)=50%]",320,50,3,0.051,0.7,0.3,0,STY from mass GHSV,0.293962,493.261,21.0652,,2139.52,2142.84,2149.47,2142.01,2141.18,2142.84,2154.98,2185.92,2142.37,2154.52,0.054,0.054,0.054,0.054,0.054,0.054,0.054,0.054,0.054,0.054,0,2.98581,8.95744,2.23936,1.49291,2.98581,13.9198,41.7593,2.56553,13.4995
10.1126/sciadv.1701290 | 50 bar | H2/CO2 3 | 24 NL/g/h,10.1126/sciadv.1701290,"Figure 1A, Zn/(Zn+Zr)=67%","67% ZnO-ZrO2 [Figure 1A, Zn/(Zn+Zr)=67%]",320,50,3,0.036,0.6,0.4,0,STY from mass GHSV,0.177859,815.251,18.9508,,2877.82,2882.76,2892.62,2881.52,2880.29,2882.76,2902.83,2952.86,2882.53,2902.61,0.051,0.051,0.051,0.051,0.051,0.051,0.051,0.051,0.051,0.051,0,4.43955,13.3186,3.32966,2.21977,4.43955,22.511,67.5329,4.24024,22.3116
10.1126/sciadv.1701290 | 50 bar | H2/CO2 3 | 24 NL/g/h,10.1126/sciadv.1701290,"Figure 1B, H2/CO2=3:1, 260°C","13% ZnO-ZrO2 [Figure 1B, H2/CO2=3:1, 260°C]",260,50,3,0.02,0.96,0.04,0,STY from mass GHSV,0.158097,917.158,24.7843,,1118.5,1125.76,1140.27,1123.94,1122.13,1125.76,1148.34,1208.04,1123.8,1146.39,0.005,0.005,0.005,0.005,0.005,0.005,0.005,0.005,0.005,0.005,0,6.53193,19.5958,4.89895,3.26596,6.53193,26.8623,80.5868,4.77027,25.1006
10.1126/sciadv.1701290 | 50 bar | H2/CO2 3 | 24 NL/g/h,10.1126/sciadv.1701290,"Figure 1A, Zn/(Zn+Zr)=80%","80% ZnO-ZrO2 [Figure 1A, Zn/(Zn+Zr)=80%]",320,50,3,0.028,0.49,0.51,0,STY from mass GHSV,0.112974,1283.49,17.1077,,3985.65,3992.66,4006.68,3990.91,3989.16,3992.66,4024.27,4101.52,3993.07,4024.68,0.05,0.05,0.05,0.05,0.05,0.05,0.05,0.05,0.05,0.05,0,6.30962,18.9289,4.73222,3.15481,6.30962,34.7602,104.281,6.6756,35.1262
10.1126/sciadv.1701290 | 50 bar | H2/CO2 3 | 24 NL/g/h,10.1126/sciadv.1701290,"Figure 1B, H2/CO2=3:1, 240°C","13% ZnO-ZrO2 [Figure 1B, H2/CO2=3:1, 240°C]",240,50,3,0.013,0.98,0.02,0,STY from mass GHSV,0.104904,1382.22,24.7843,,1236.68,1247.61,1269.49,1244.88,1242.14,1247.61,1281.66,1371.62,1244.66,1278.71,0.005,0.005,0.005,0.005,0.005,0.005,0.005,0.005,0.005,0.005,0,9.84404,29.5321,7.38303,4.92202,9.84404,40.4832,121.449,7.18911,37.8282
10.1126/sciadv.1701290 | 50 bar | H2/CO2 3 | 24 NL/g/h,10.1126/sciadv.1701290,"Figure 1B, H2/CO2=3:1, 220°C","13% ZnO-ZrO2 [Figure 1B, H2/CO2=3:1, 220°C]",220,50,3,0.008,0.99,0.01,0,STY from mass GHSV,0.0652151,2223.41,24.7843,,1455.37,1472.97,1508.15,1468.57,1464.17,1472.97,1527.73,1672.44,1468.22,1522.98,0.005,0.005,0.005,0.005,0.005,0.005,0.005,0.005,0.005,0.005,0,15.835,47.5049,11.8762,7.91749,15.835,65.1206,195.362,11.5643,60.85
10.1126/sciadv.1701290 | 50 bar | H2/CO2 3 | 24 NL/g/h,10.1126/sciadv.1701290,"Figure 1A, Zn/(Zn+Zr)=100%","ZnO [Figure 1A, Zn/(Zn+Zr)=100%]",320,50,3,0.023,0.26,0.74,0,STY from mass GHSV,0.0492407,2944.72,13.7911,,9125.71,9138.68,9164.61,9135.44,9132.2,9138.68,9211.21,9382.19,9142.73,9215.26,0.058,0.058,0.058,0.058,0.058,0.058,0.058,0.058,0.058,0.058,0,11.6698,35.0094,8.75236,5.8349,11.6698,76.9444,230.833,15.3159,80.5906
10.1126/sciadv.1701290 | 50 bar | H2/CO2 3 | 24 NL/g/h,10.1126/sciadv.1701290,"Figure 1B, H2/CO2=3:1, 200°C","13% ZnO-ZrO2 [Figure 1B, H2/CO2=3:1, 200°C]",200,50,3,0.004,1,0,0,STY from mass GHSV,0.0329369,4402.36,24.7843,,2012.81,2047.65,2117.32,2038.94,2030.23,2047.65,2156.08,2442.61,2038.26,2146.68,0.005,0.005,0.005,0.005,0.005,0.005,0.005,0.005,0.005,0.005,0,31.3533,94.0598,23.5149,15.6766,31.3533,128.939,386.817,22.8973,120.483
10.1126/sciadv.1701290 | 50 bar | H2/CO2 3 | 24 NL/g/h,10.1126/sciadv.1701290,"Figure 1A, Zn/(Zn+Zr)=0%","ZrO2 [Figure 1A, Zn/(Zn+Zr)=0%]",320,50,3,0.004,0.12,0.88,0,STY from mass GHSV,0.00395243,36686.3,25.8692,,24585.5,24888.5,25494.6,24812.8,24737,24888.5,25792.1,28205.3,24797.5,25701.1,0.013,0.013,0.013,0.013,0.013,0.013,0.013,0.013,0.013,0.013,0,272.714,818.141,204.535,136.357,272.714,1085.93,3257.78,190.811,1004.02
10.1126/sciadv.1701290 | 50 bar | H2/CO2 4 | 24 NL/g/h,10.1126/sciadv.1701290,"Figure 1B, H2/CO2=4:1, 340°C","13% ZnO-ZrO2 [Figure 1B, H2/CO2=4:1, 340°C]",340,50,4,0.138,0.8,0.2,0,STY from mass GHSV,0.720046,201.376,24.7843,,1597.33,1598.93,1602.11,1598.53,1598.13,1598.93,1603.88,1616.99,1598.5,1603.46,0.076,0.076,0.076,0.076,0.076,0.076,0.076,0.076,0.076,0.076,0,1.43418,4.30255,1.07564,0.717092,1.43418,5.89802,17.6941,1.04739,5.51122
10.1126/sciadv.1701290 | 50 bar | H2/CO2 4 | 24 NL/g/h,10.1126/sciadv.1701290,"Figure 1B, H2/CO2=4:1, 360°C","13% ZnO-ZrO2 [Figure 1B, H2/CO2=4:1, 360°C]",360,50,4,0.164,0.62,0.38,0,STY from mass GHSV,0.663173,218.646,24.7843,,2527.68,2529.41,2532.87,2528.98,2528.54,2529.41,2534.79,2549.02,2528.94,2534.33,0.124,0.124,0.124,0.124,0.124,0.124,0.124,0.124,0.124,0.124,0,1.55718,4.67154,1.16788,0.778589,1.55718,6.40383,19.2115,1.13721,5.98386
10.1126/sciadv.1701290 | 50 bar | H2/CO2 4 | 24 NL/g/h,10.1126/sciadv.1701290,"Figure 1B, H2/CO2=4:1, 320°C","13% ZnO-ZrO2 [Figure 1B, H2/CO2=4:1, 320°C]",320,50,4,0.11,0.89,0.11,0,STY from mass GHSV,0.638519,227.088,24.7843,,1264.63,1266.43,1270.03,1265.98,1265.53,1266.43,1272.02,1286.8,1265.95,1271.54,0.038,0.038,0.038,0.038,0.038,0.038,0.038,0.038,0.038,0.038,0,1.6173,4.85191,1.21298,0.808651,1.6173,6.65108,19.9533,1.18112,6.2149
10.1126/sciadv.1701290 | 50 bar | H2/CO2 4 | 24 NL/g/h,10.1126/sciadv.1701290,"Text/Fig. 1B, 13% ZnO-ZrO2, 315°C, H2/CO2 = 4:1","13% ZnO-ZrO2 [Text/Fig. 1B, 13% ZnO-ZrO2, 315°C, H2/CO2 = 4:1]",315,50,4,0.1,0.91,0.09,0,STY from mass GHSV,0.593516,244.307,24.7843,,1205.9,1207.83,1211.7,1207.35,1206.87,1207.83,1213.85,1229.75,1207.31,1213.33,0.03,0.03,0.03,0.03,0.03,0.03,0.03,0.03,0.03,0.03,0,1.73993,5.2198,1.30495,0.869967,1.73993,7.1554,21.4662,1.27068,6.68614
10.1126/sciadv.1701290 | 50 bar | H2/CO2 4 | 24 NL/g/h,10.1126/sciadv.1701290,"Figure 1B, H2/CO2=4:1, 300°C","13% ZnO-ZrO2 [Figure 1B, H2/CO2=4:1, 300°C]",300,50,4,0.082,0.94,0.06,0,STY from mass GHSV,0.502728,288.426,24.7843,,1110.54,1112.82,1117.39,1112.25,1111.68,1112.82,1119.93,1138.7,1112.21,1119.31,0.018,0.018,0.018,0.018,0.018,0.018,0.018,0.018,0.018,0.018,0,2.05415,6.16245,1.54061,1.02708,2.05415,8.4476,25.3428,1.50015,7.8936
10.1126/sciadv.1701290 | 50 bar | H2/CO2 4 | 24 NL/g/h,10.1126/sciadv.1701290,"Figure 1B, H2/CO2=4:1, 380°C","13% ZnO-ZrO2 [Figure 1B, H2/CO2=4:1, 380°C]",380,50,4,0.192,0.36,0.64,0,STY from mass GHSV,0.450812,321.642,24.7843,,5247.1,5249.64,5254.73,5249,5248.37,5249.64,5257.56,5278.5,5248.95,5256.88,0.204,0.204,0.204,0.204,0.204,0.204,0.204,0.204,0.204,0.204,0,2.29071,6.87213,1.71803,1.14536,2.29071,9.42044,28.2613,1.67291,8.80264
10.1126/sciadv.1701290 | 50 bar | H2/CO2 4 | 24 NL/g/h,10.1126/sciadv.1701290,"Figure 1B, H2/CO2=4:1, 280°C","13% ZnO-ZrO2 [Figure 1B, H2/CO2=4:1, 280°C]",280,50,4,0.054,0.96,0.04,0,STY from mass GHSV,0.338109,428.856,24.7843,,1059.01,1062.4,1069.19,1061.55,1060.71,1062.4,1072.97,1100.88,1061.49,1072.05,0.009,0.009,0.009,0.009,0.009,0.009,0.009,0.009,0.009,0.009,0,3.05428,9.16284,2.29071,1.52714,3.05428,12.5606,37.6818,2.23055,11.7369
10.1126/sciadv.1701290 | 50 bar | H2/CO2 4 | 24 NL/g/h,10.1126/sciadv.1701290,"Figure 1B, H2/CO2=4:1, 260°C","13% ZnO-ZrO2 [Figure 1B, H2/CO2=4:1, 260°C]",260,50,4,0.028,0.97,0.03,0,STY from mass GHSV,0.177142,818.553,24.7843,,1091.28,1097.76,1110.72,1096.14,1094.52,1097.76,1117.92,1171.2,1096.01,1116.17,0.005,0.005,0.005,0.005,0.005,0.005,0.005,0.005,0.005,0.005,0,5.82967,17.489,4.37226,2.91484,5.82967,23.9743,71.9228,4.25742,22.402
10.1126/sciadv.1701290 | 50 bar | H2/CO2 4 | 24 NL/g/h,10.1126/sciadv.1701290,"Figure 1B, H2/CO2=4:1, 240°C","13% ZnO-ZrO2 [Figure 1B, H2/CO2=4:1, 240°C]",240,50,4,0.015,0.99,0.01,0,STY from mass GHSV,0.0968541,1497.1,24.7843,,1270.58,1282.42,1306.12,1279.46,1276.5,1282.42,1319.3,1416.74,1279.23,1316.1,0.005,0.005,0.005,0.005,0.005,0.005,0.005,0.005,0.005,0.005,0,10.6622,31.9867,7.99666,5.33111,10.6622,43.8479,131.544,7.78663,40.9723
10.1126/sciadv.1701290 | 50 bar | H2/CO2 4 | 24 NL/g/h,10.1126/sciadv.1701290,"Figure 1B, H2/CO2=4:1, 220°C","13% ZnO-ZrO2 [Figure 1B, H2/CO2=4:1, 220°C]",220,50,4,0.009,0.99,0.01,0,STY from mass GHSV,0.0581124,2495.16,24.7843,,1537.87,1557.61,1597.1,1552.68,1547.74,1557.61,1619.07,1781.47,1552.29,1613.74,0.005,0.005,0.005,0.005,0.005,0.005,0.005,0.005,0.005,0.005,0,17.7704,53.3111,13.3278,8.88518,17.7704,73.0798,219.239,12.9777,68.2872
10.1126/sciadv.1701290 | 50 bar | H2/CO2 4 | 24 NL/g/h,10.1126/sciadv.1701290,"Figure 1B, H2/CO2=4:1, 200°C","13% ZnO-ZrO2 [Figure 1B, H2/CO2=4:1, 200°C]",200,50,4,0.005,1,0,0,STY from mass GHSV,0.0326108,4446.38,24.7843,,2045.14,2080.33,2150.7,2071.53,2062.73,2080.33,2189.84,2479.24,2070.84,2180.35,0.005,0.005,0.005,0.005,0.005,0.005,0.005,0.005,0.005,0.005,0,31.6668,95.0004,23.7501,15.8334,31.6668,130.228,390.685,23.1263,121.688
10.1126/sciadv.aaz2060 | 50 bar | H2/CO2 1 | 9 NL/g/h,10.1126/sciadv.aaz2060,"Fig. 5D, h–In2O3-R, H2/CO2 = 1","h–In2O3-R [Fig. 5D, h–In2O3-R, H2/CO2 = 1]",300,50,1,0.03,0.77,0.23,0,printed STY,0.12176,1190.87,282.287,,1623.78,1731.11,1945.78,1704.28,1677.45,1731.11,1760.45,2033.77,1630.66,1659.99,0.049,0.049,0.049,0.049,0.049,0.049,0.049,0.049,0.049,0.049,0,96.5998,289.799,72.4498,48.2999,96.5998,122.997,368.992,6.1939,32.5915
10.1126/sciadv.aaz2060 | 50 bar | H2/CO2 2 | 9 NL/g/h,10.1126/sciadv.aaz2060,"Fig. 5D, h–In2O3-R, H2/CO2 = 2","h–In2O3-R [Fig. 5D, h–In2O3-R, H2/CO2 = 2]",300,50,2,0.055,0.82,0.18,0,printed STY,0.185844,780.226,282.287,,1493.07,1563.4,1704.04,1545.82,1528.24,1563.4,1582.61,1761.69,1497.58,1516.8,0.048,0.048,0.048,0.048,0.048,0.048,0.048,0.048,0.048,0.048,0,63.2895,189.868,47.4671,31.6447,63.2895,80.5845,241.754,4.05807,21.3531
10.1126/sciadv.aaz2060 | 50 bar | H2/CO2 3 | 20 NL/g/h,10.1126/sciadv.aaz2060,"SI Table S2 row h–In2O3-R, H2/CO2=3","h–In2O3-R [SI Table S2 row h–In2O3-R, H2/CO2=3]",300,50,3,0.051,0.951,0.049,0,printed STY,0.333237,435.126,282.287,,1075.35,1114.56,1193,1104.76,1094.96,1114.56,1125.28,1225.15,1077.86,1088.58,0.012,0.012,0.012,0.012,0.012,0.012,0.012,0.012,0.012,0.012,0,35.2961,105.888,26.472,17.648,35.2961,44.9414,134.824,2.26316,11.9084
10.1126/sciadv.aaz2060 | 50 bar | H2/CO2 3 | 9 NL/g/h,10.1126/sciadv.aaz2060,"Fig. 5A, c–In2O3-S, standard conditions, 44 h","c–In2O3-S [Fig. 5A, c–In2O3-S, standard conditions, 44 h]",300,50,3,0.12,0.719,0.281,0,printed STY,0.265949,545.218,282.287,,1898.17,1947.31,2045.59,1935.02,1922.74,1947.31,1960.74,2085.87,1901.32,1914.75,0.112,0.112,0.112,0.112,0.112,0.112,0.112,0.112,0.112,0.112,0,44.2264,132.679,33.1698,22.1132,44.2264,56.3121,168.936,2.83576,14.9214
10.1126/sciadv.aaz2060 | 50 bar | H2/CO2 3 | 9 NL/g/h,10.1126/sciadv.aaz2060,"Fig. 5D, h–In2O3-R, H2/CO2 = 3","h–In2O3-R [Fig. 5D, h–In2O3-R, H2/CO2 = 3]",300,50,3,0.075,0.85,0.15,0,printed STY,0.19866,729.889,282.287,,1421.21,1487,1618.57,1470.55,1454.11,1487,1504.98,1672.5,1425.43,1443.41,0.043,0.043,0.043,0.043,0.043,0.043,0.043,0.043,0.043,0.043,0,59.2063,177.619,44.4047,29.6032,59.2063,75.3855,226.157,3.79626,19.9755
10.1126/sciadv.aaz2060 | 50 bar | H2/CO2 3.04 | 11.2 NL/g/h,10.1126/sciadv.aaz2060,"SI Figure S5A h–In2O3-R, WHSV 11250","h–In2O3-R [SI Figure S5A h–In2O3-R, WHSV 11250]",300,50,3.04167,0.068,0.88,0.12,0,printed STY,0.233907,619.906,282.287,,1314.48,1370.35,1482.09,1356.38,1342.41,1370.35,1385.62,1527.9,1318.06,1333.33,0.032,0.032,0.032,0.032,0.032,0.032,0.032,0.032,0.032,0.032,0,50.2848,150.854,37.7136,25.1424,50.2848,64.026,192.078,3.22422,16.9655
10.1126/sciadv.aaz2060 | 50 bar | H2/CO2 3.04 | 13.5 NL/g/h,10.1126/sciadv.aaz2060,"SI Figure S5A h–In2O3-R, WHSV 13500","h–In2O3-R [SI Figure S5A h–In2O3-R, WHSV 13500]",300,50,3.04167,0.062,0.92,0.08,0,printed STY,0.269153,538.727,282.287,,1176.37,1224.93,1322.04,1212.79,1200.65,1224.93,1238.2,1361.84,1179.49,1192.75,0.021,0.021,0.021,0.021,0.021,0.021,0.021,0.021,0.021,0.021,0,43.6999,131.1,32.7749,21.8499,43.6999,55.6417,166.925,2.802,14.7438
10.1126/sciadv.aaz2060 | 50 bar | H2/CO2 3.04 | 4.5 NL/g/h,10.1126/sciadv.aaz2060,"SI Figure S5A h–In2O3-R, WHSV 4500","h–In2O3-R [SI Figure S5A h–In2O3-R, WHSV 4500]",300,50,3.04167,0.1,0.72,0.28,0,printed STY,0.108943,1330.97,282.287,,1942.32,2062.28,2302.2,2032.29,2002.3,2062.28,2095.06,2400.55,1950.01,1982.8,0.094,0.094,0.094,0.094,0.094,0.094,0.094,0.094,0.094,0.094,0,107.964,323.893,80.9733,53.9822,107.964,137.468,412.403,6.92259,36.4258
10.1126/sciadv.aaz2060 | 50 bar | H2/CO2 3.04 | 6.75 NL/g/h,10.1126/sciadv.aaz2060,"SI Figure S5A h–In2O3-R, WHSV 6750","h–In2O3-R [SI Figure S5A h–In2O3-R, WHSV 6750]",300,50,3.04167,0.085,0.79,0.21,0,printed STY,0.150597,962.832,282.287,,1645.47,1732.25,1905.81,1710.55,1688.86,1732.25,1755.96,1976.95,1651.03,1674.75,0.063,0.063,0.063,0.063,0.063,0.063,0.063,0.063,0.063,0.063,0,78.1019,234.306,58.5765,39.051,78.1019,99.4447,298.334,5.00783,26.3506
10.1126/sciadv.aaz2060 | 50 bar | H2/CO2 3.04 | 9 NL/g/h,10.1126/sciadv.aaz2060,"Fig. 5B/C, h–In2O3-R, 360°C, standard feed","h–In2O3-R [Fig. 5B/C, h–In2O3-R, 360°C, standard feed]",360,50,3.04167,0.154,0.734,0.266,0,STY from mass GHSV,0.349036,415.429,282.287,,1875.66,1913.1,1987.99,1903.74,1894.38,1913.1,1923.33,2018.68,1878.06,1888.29,0.087,0.087,0.087,0.087,0.087,0.087,0.087,0.087,0.087,0.087,0,33.6983,101.095,25.2738,16.8492,33.6983,42.907,128.721,2.16071,11.3694
10.1126/sciadv.aaz2060 | 50 bar | H2/CO2 3.04 | 9 NL/g/h,10.1126/sciadv.aaz2060,"Fig. 5B/C, h–In2O3-R, 340°C, standard feed","h–In2O3-R [Fig. 5B/C, h–In2O3-R, 340°C, standard feed]",340,50,3.04167,0.125,0.77,0.23,0,STY from mass GHSV,0.297204,487.88,282.287,,1691.69,1735.66,1823.6,1724.67,1713.67,1735.66,1747.68,1859.65,1694.51,1706.52,0.088,0.088,0.088,0.088,0.088,0.088,0.088,0.088,0.088,0.088,0,39.5753,118.726,29.6815,19.7877,39.5753,50.39,151.17,2.53754,13.3522
10.1126/sciadv.aaz2060 | 50 bar | H2/CO2 3.04 | 9 NL/g/h,10.1126/sciadv.aaz2060,"Fig. 5B/C, c–In2O3-S, 320°C, standard feed","c–In2O3-S [Fig. 5B/C, c–In2O3-S, 320°C, standard feed]",320,50,3.04167,0.165,0.56,0.44,0,STY from mass GHSV,0.285316,508.209,282.287,,2702.15,2747.96,2839.57,2736.51,2725.05,2747.96,2760.47,2877.12,2705.09,2717.61,0.198,0.198,0.198,0.198,0.198,0.198,0.198,0.198,0.198,0.198,0,41.2243,123.673,30.9182,20.6121,41.2243,52.4896,157.469,2.64327,13.9086
10.1126/sciadv.aaz2060 | 50 bar | H2/CO2 3.04 | 9 NL/g/h,10.1126/sciadv.aaz2060,"Fig. 5B/C, c–In2O3-S, 340°C, standard feed","c–In2O3-S [Fig. 5B/C, c–In2O3-S, 340°C, standard feed]",340,50,3.04167,0.23,0.38,0.62,0,STY from mass GHSV,0.269877,537.282,282.287,,4440.38,4488.81,4585.66,4476.7,4464.59,4488.81,4502.04,4625.36,4443.49,4456.72,0.256,0.256,0.256,0.256,0.256,0.256,0.256,0.256,0.256,0.256,0,43.5827,130.748,32.687,21.7913,43.5827,55.4924,166.477,2.79449,14.7042
10.1126/sciadv.aaz2060 | 50 bar | H2/CO2 3.04 | 9 NL/g/h,10.1126/sciadv.aaz2060,"Fig. 5B/C, h–In2O3-R, 320°C, standard feed","h–In2O3-R [Fig. 5B/C, h–In2O3-R, 320°C, standard feed]",320,50,3.04167,0.085,0.82,0.18,0,STY from mass GHSV,0.215222,673.723,282.287,,1518.38,1579.1,1700.55,1563.92,1548.74,1579.1,1595.7,1750.33,1522.27,1538.87,0.055,0.055,0.055,0.055,0.055,0.055,0.055,0.055,0.055,0.055,0,54.6503,163.951,40.9877,27.3251,54.6503,69.5845,208.753,3.50413,18.4383
10.1126/sciadv.aaz2060 | 50 bar | H2/CO2 3.04 | 9 NL/g/h,10.1126/sciadv.aaz2060,"Fig. 5E/text, h–In2O3-R stability, initial","h–In2O3-R [Fig. 5E/text, h–In2O3-R stability, initial]",300,50,3.04167,0.093,0.71,0.29,0,STY from mass GHSV,0.20389,711.169,282.287,,2001.81,2065.91,2194.11,2049.89,2033.86,2065.91,2083.43,2246.65,2005.92,2023.44,0.091,0.091,0.091,0.091,0.091,0.091,0.091,0.091,0.091,0.091,0,57.6878,173.063,43.2658,28.8439,57.6878,73.452,220.356,3.6989,19.4631
10.1126/sciadv.aaz2060 | 50 bar | H2/CO2 3.04 | 9 NL/g/h,10.1126/sciadv.aaz2060,"Fig. 5B/C, c–In2O3-S, 300°C, standard feed","c–In2O3-S [Fig. 5B/C, c–In2O3-S, 300°C, standard feed]",300,50,3.04167,0.09,0.72,0.28,0,STY from mass GHSV,0.200092,724.668,282.287,,1961.57,2026.88,2157.51,2010.55,1994.22,2026.88,2044.73,2211.05,1965.75,1983.6,0.086,0.086,0.086,0.086,0.086,0.086,0.086,0.086,0.086,0.086,0,58.7828,176.348,44.0871,29.3914,58.7828,74.8463,224.539,3.76911,19.8326
10.1126/sciadv.aaz2060 | 50 bar | H2/CO2 3.04 | 9 NL/g/h,10.1126/sciadv.aaz2060,"Fig. 5A, h–In2O3-R, standard conditions, 44 h","h–In2O3-R [Fig. 5A, h–In2O3-R, standard conditions, 44 h]",300,50,3.04167,0.075,0.854,0.146,0,STY from mass GHSV,0.197776,733.153,282.287,,1400.72,1466.8,1598.96,1450.28,1433.76,1466.8,1484.85,1653.13,1404.96,1423.01,0.041,0.041,0.041,0.041,0.041,0.041,0.041,0.041,0.041,0.041,0,59.4711,178.413,44.6033,29.7356,59.4711,75.7227,227.168,3.81324,20.0648
10.1126/sciadv.aaz2060 | 50 bar | H2/CO2 3.04 | 9 NL/g/h,10.1126/sciadv.aaz2060,"Fig. 5E/text, h–In2O3-R stability, 44 h","h–In2O3-R [Fig. 5E/text, h–In2O3-R stability, 44 h]",300,50,3.04167,0.075,0.85,0.15,0,STY from mass GHSV,0.196849,736.604,282.287,,1416.34,1482.73,1615.51,1466.13,1449.53,1482.73,1500.87,1669.93,1420.59,1438.73,0.042,0.042,0.042,0.042,0.042,0.042,0.042,0.042,0.042,0.042,0,59.751,179.253,44.8132,29.8755,59.751,76.079,228.237,3.83119,20.1592
10.1126/sciadv.aaz2060 | 50 bar | H2/CO2 3.04 | 9 NL/g/h,10.1126/sciadv.aaz2060,"Fig. 5B/C, c–In2O3-S, 280°C, standard feed","c–In2O3-S [Fig. 5B/C, c–In2O3-S, 280°C, standard feed]",280,50,3.04167,0.07,0.82,0.18,0,STY from mass GHSV,0.177242,818.092,282.287,,1540.16,1613.89,1761.36,1595.46,1577.03,1613.89,1634.04,1821.81,1544.89,1565.04,0.046,0.046,0.046,0.046,0.046,0.046,0.046,0.046,0.046,0.046,0,66.3611,199.083,49.7708,33.1805,66.3611,84.4954,253.486,4.25502,22.3894
10.1126/sciadv.aaz2060 | 50 bar | H2/CO2 3.04 | 9 NL/g/h,10.1126/sciadv.aaz2060,"Fig. 5B/C, h–In2O3-R, 280°C, standard feed","h–In2O3-R [Fig. 5B/C, h–In2O3-R, 280°C, standard feed]",280,50,3.04167,0.055,0.93,0.07,0,STY from mass GHSV,0.157943,918.054,282.287,,1153.79,1236.54,1402.02,1215.85,1195.16,1236.54,1259.15,1469.86,1159.1,1181.71,0.017,0.017,0.017,0.017,0.017,0.017,0.017,0.017,0.017,0.017,0,74.4697,223.409,55.8523,37.2349,74.4697,94.8199,284.46,4.77494,25.1251
10.1126/sciadv.aaz2060 | 50 bar | H2/CO2 3.04 | 9 NL/g/h,10.1126/sciadv.aaz2060,"Fig. 5B/C, c–In2O3-S, 260°C, standard feed","c–In2O3-S [Fig. 5B/C, c–In2O3-S, 260°C, standard feed]",260,50,3.04167,0.055,0.91,0.09,0,STY from mass GHSV,0.154546,938.231,282.287,,1212.7,1297.26,1466.38,1276.12,1254.98,1297.26,1320.37,1535.71,1218.12,1241.23,0.02,0.02,0.02,0.02,0.02,0.02,0.02,0.02,0.02,0.02,0,76.1064,228.319,57.0798,38.0532,76.1064,96.9039,290.712,4.87988,25.6773
10.1126/sciadv.aaz2060 | 50 bar | H2/CO2 3.04 | 9 NL/g/h,10.1126/sciadv.aaz2060,"Fig. 5B/C, c–In2O3-S, 360°C, standard feed","c–In2O3-S [Fig. 5B/C, c–In2O3-S, 360°C, standard feed]",360,50,3.04167,0.28,0.178,0.822,0,STY from mass GHSV,0.153898,942.185,282.287,,9803.48,9888.39,10058.2,9867.16,9845.93,9888.39,9911.6,10127.8,9808.92,9832.13,0.348,0.348,0.348,0.348,0.348,0.348,0.348,0.348,0.348,0.348,0,76.4271,229.281,57.3203,38.2135,76.4271,97.3122,291.936,4.90044,25.7855
10.1126/sciadv.aaz2060 | 50 bar | H2/CO2 3.04 | 9 NL/g/h,10.1126/sciadv.aaz2060,"Fig. 5B/C, c–In2O3-S, 240°C, standard feed","c–In2O3-S [Fig. 5B/C, c–In2O3-S, 240°C, standard feed]",240,50,3.04167,0.045,0.959,0.041,0,STY from mass GHSV,0.133255,1088.14,282.287,,1056.26,1154.33,1350.48,1129.81,1105.29,1154.33,1181.13,1430.88,1062.54,1089.34,0.009,0.009,0.009,0.009,0.009,0.009,0.009,0.009,0.009,0.009,0,88.2661,264.798,66.1996,44.1331,88.2661,112.386,337.159,5.65955,29.7799
10.1126/sciadv.aaz2060 | 50 bar | H2/CO2 3.04 | 9 NL/g/h,10.1126/sciadv.aaz2060,"Fig. 5B/C, h–In2O3-R, 260°C, standard feed","h–In2O3-R [Fig. 5B/C, h–In2O3-R, 260°C, standard feed]",260,50,3.04167,0.04,0.96,0.04,0,STY from mass GHSV,0.118573,1222.88,282.287,,1060.29,1170.51,1390.94,1142.95,1115.4,1170.51,1200.62,1481.3,1067.35,1097.47,0.008,0.008,0.008,0.008,0.008,0.008,0.008,0.008,0.008,0.008,0,99.196,297.588,74.397,49.598,99.196,126.303,378.909,6.36037,33.4675
10.1126/sciadv.aaz2060 | 50 bar | H2/CO2 3.04 | 9 NL/g/h,10.1126/sciadv.aaz2060,"Fig. 5A, c–In2O3-P, standard conditions, 44 h","c–In2O3-P [Fig. 5A, c–In2O3-P, standard conditions, 44 h]",300,50,3.04167,0.045,0.76,0.24,0,STY from mass GHSV,0.105604,1373.05,282.287,,1855.13,1978.88,2226.39,1947.94,1917.01,1978.88,2012.7,2327.84,1863.06,1896.88,0.039,0.039,0.039,0.039,0.039,0.039,0.039,0.039,0.039,0.039,0,111.378,334.134,83.5334,55.689,111.378,141.814,425.442,7.14146,37.5775
10.1126/sciadv.aaz2060 | 50 bar | H2/CO2 3.04 | 9 NL/g/h,10.1126/sciadv.aaz2060,"Fig. 5A, h–In2O3-L, standard conditions, 44 h","h–In2O3-L [Fig. 5A, h–In2O3-L, standard conditions, 44 h]",300,50,3.04167,0.045,0.75,0.25,0,STY from mass GHSV,0.104214,1391.36,282.287,,1916.98,2042.38,2293.19,2011.03,1979.68,2042.38,2076.65,2396,1925.02,1959.29,0.041,0.041,0.041,0.041,0.041,0.041,0.041,0.041,0.041,0.041,0,112.863,338.589,84.6472,56.4315,112.863,143.705,431.115,7.23668,38.0785
10.1126/sciadv.aaz2060 | 50 bar | H2/CO2 3.04 | 9 NL/g/h,10.1126/sciadv.aaz2060,"Fig. 5B/C, h–In2O3-R, 240°C, standard feed","h–In2O3-R [Fig. 5B/C, h–In2O3-R, 240°C, standard feed]",240,50,3.04167,0.032,0.979,0.021,0,STY from mass GHSV,0.0967357,1498.93,282.287,,1024.18,1159.28,1429.47,1125.5,1091.73,1159.28,1196.2,1540.23,1032.84,1069.76,0.005,0.005,0.005,0.005,0.005,0.005,0.005,0.005,0.005,0.005,0,121.589,364.766,91.1914,60.7943,121.589,154.815,464.444,7.79616,41.0224
10.1126/sciadv.aaz2060 | 50 bar | H2/CO2 4 | 20 NL/g/h,10.1126/sciadv.aaz2060,"SI Table S2 row h–In2O3-R, H2/CO2=4","h–In2O3-R [SI Table S2 row h–In2O3-R, H2/CO2=4]",300,50,4,0.067,0.995,0.005,0,printed STY,0.365279,396.957,282.287,,943.557,979.334,1050.89,970.39,961.445,979.334,989.111,1080.22,945.851,955.628,0.005,0.005,0.005,0.005,0.005,0.005,0.005,0.005,0.005,0.005,0,32.1999,96.5998,24.1499,16.1,32.1999,40.9991,122.997,2.06463,10.8638
10.1126/sciadv.aaz2060 | 50 bar | H2/CO2 4 | 9 NL/g/h,10.1126/sciadv.aaz2060,"Fig. 5D, h–In2O3-R, H2/CO2 = 4","h–In2O3-R [Fig. 5D, h–In2O3-R, H2/CO2 = 4]",300,50,4,0.1,0.88,0.12,0,printed STY,0.214681,675.419,282.287,,1320.24,1381.11,1502.87,1365.9,1350.68,1381.11,1397.75,1552.77,1324.14,1340.78,0.038,0.038,0.038,0.038,0.038,0.038,0.038,0.038,0.038,0.038,0,54.7879,164.364,41.0909,27.394,54.7879,69.7597,209.279,3.51296,18.4848
10.1126/sciadv.aaz2060 | 50 bar | H2/CO2 6 | 9 NL/g/h,10.1126/sciadv.aaz2060,"Fig. 5D/text, h–In2O3-R, H2/CO2 = 6","h–In2O3-R [Fig. 5D/text, h–In2O3-R, H2/CO2 = 6]",300,50,6,0.176,0.924,0.076,0,printed STY,0.288378,502.812,282.287,,1155.25,1200.56,1291.2,1189.23,1177.9,1200.56,1212.95,1328.35,1158.15,1170.54,0.032,0.032,0.032,0.032,0.032,0.032,0.032,0.032,0.032,0.032,0,40.7866,122.36,30.5899,20.3933,40.7866,51.9322,155.797,2.6152,13.7609
10.1126/sciadv.abi6012 | 20 bar | H2/CO2 3 | 12 NL/g/h,10.1126/sciadv.abi6012,"SI Figure S5B, 2.0 MPa","InNi3C0.5/m-ZrO2 [SI Figure S5B, 2.0 MPa]",300,20,3,0.05,0.8,0.199,0.001,STY from mass GHSV,0.171546,845.253,77.1611,,1637.32,1658.15,1699.79,1652.94,1647.74,1658.15,1678.97,1762.25,1642.21,1663.03,0.037,0.037,0.037,0.037,0.037,0.037,0.037,0.037,0.037,0.037,0,18.7416,56.2247,14.0562,9.37078,18.7416,37.478,112.434,4.39628,23.1327
10.1126/sciadv.abi6012 | 25 bar | H2/CO2 3 | 12 NL/g/h,10.1126/sciadv.abi6012,"SI Figure S5B, 2.5 MPa","InNi3C0.5/m-ZrO2 [SI Figure S5B, 2.5 MPa]",300,25,3,0.06,0.8,0.199,0.001,STY from mass GHSV,0.205856,704.377,77.1611,,1615.9,1633.25,1667.96,1628.91,1624.57,1633.25,1650.6,1720,1619.97,1637.31,0.044,0.044,0.044,0.044,0.044,0.044,0.044,0.044,0.044,0.044,0,15.618,46.8539,11.7135,7.80898,15.618,31.2317,93.695,3.66357,19.2773
10.1126/sciadv.abi6012 | 30 bar | H2/CO2 3 | 12 NL/g/h,10.1126/sciadv.abi6012,"SI Figure S5B, 3.0 MPa","InNi3C0.5/m-ZrO2 [SI Figure S5B, 3.0 MPa]",300,30,3,0.068,0.81,0.189,0.001,STY from mass GHSV,0.236219,613.836,77.1611,,1568.83,1583.95,1614.2,1580.17,1576.39,1583.95,1599.07,1659.56,1572.38,1587.5,0.048,0.048,0.048,0.048,0.048,0.048,0.048,0.048,0.048,0.048,0,13.6104,40.8313,10.2078,6.80521,13.6104,27.2171,81.6514,3.19265,16.7994
10.1126/sciadv.abi6012 | 35 bar | H2/CO2 3 | 12 NL/g/h,10.1126/sciadv.abi6012,"SI Figure S5B, 3.5 MPa","InNi3C0.5/m-ZrO2 [SI Figure S5B, 3.5 MPa]",300,35,3,0.083,0.83,0.169,0.001,STY from mass GHSV,0.295446,490.784,77.1611,,1468.89,1480.98,1505.17,1477.96,1474.94,1480.98,1493.07,1541.43,1471.73,1483.82,0.052,0.052,0.052,0.052,0.052,0.052,0.052,0.052,0.052,0.052,0,10.882,32.646,8.16151,5.44101,10.882,21.7611,65.2832,2.55264,13.4317
10.1126/sciadv.abi6012 | 40 bar | H2/CO2 10 | 116 NL/g/h,10.1126/sciadv.abi6012,SI Table S7 row 7 InNi3C0.5/Fe3O4,InNi3C0.5/Fe3O4 [SI Table S7 row 7 InNi3C0.5/Fe3O4],325,40,10,0.161,0.925,0.074,0.001,printed STY,2.23,65.0224,31.3825,,1175.12,1175.78,1177.08,1175.61,1175.45,1175.78,1177.38,1181.88,1175.5,1177.1,0.019,0.019,0.019,0.019,0.019,0.019,0.019,0.019,0.019,0.019,0,0.586369,1.75911,0.439777,0.293184,0.586369,2.0277,6.0831,0.338191,1.77952
10.1126/sciadv.abi6012 | 40 bar | H2/CO2 3 | 12 NL/g/h,10.1126/sciadv.abi6012,"Figure 5E, InNi3C0.5/Fe3O4, last point","InNi3C0.5/Fe3O4 [Figure 5E, InNi3C0.5/Fe3O4, last point]",300,40,3,0.112,0.92,0.08,0,STY from mass GHSV,0.441903,328.126,31.3825,,1135.8,1139.09,1145.66,1138.27,1137.45,1139.09,1147.17,1169.91,1137.7,1145.78,0.037,0.037,0.037,0.037,0.037,0.037,0.037,0.037,0.037,0.037,0,2.95902,8.87707,2.21927,1.47951,2.95902,10.2325,30.6974,1.70663,8.98009
10.1126/sciadv.abi6012 | 40 bar | H2/CO2 3 | 12 NL/g/h,10.1126/sciadv.abi6012,"SI Figure S5A, H2/CO2=3/1, 350 °C","InNi3C0.5/m-ZrO2 [SI Figure S5A, H2/CO2=3/1, 350 °C]",350,40,3,0.165,0.6,0.4,0,STY from mass GHSV,0.424577,341.516,77.1611,,2621.55,2629.96,2646.79,2627.86,2625.75,2629.96,2638.37,2672.02,2623.52,2631.93,0.121,0.121,0.121,0.121,0.121,0.121,0.121,0.121,0.121,0.121,0,7.57234,22.717,5.67926,3.78617,7.57234,15.1426,45.4279,1.77628,9.34655
10.1126/sciadv.abi6012 | 40 bar | H2/CO2 3 | 12 NL/g/h,10.1126/sciadv.abi6012,"Fig. 2A, InNi3C0.5/m-ZrO2, 12000 ml gcat-1 hour-1","InNi3C0.5/m-ZrO2 [Fig. 2A, InNi3C0.5/m-ZrO2, 12000 ml gcat-1 hour-1]",300,40,3,0.112,0.854,0.145,0.001,STY from mass GHSV,0.410202,353.485,77.1611,,1359.4,1368.11,1385.53,1365.93,1363.76,1368.11,1376.82,1411.65,1361.45,1370.15,0.061,0.061,0.061,0.061,0.061,0.061,0.061,0.061,0.061,0.061,0,7.83772,23.5132,5.87829,3.91886,7.83772,15.6733,47.0199,1.83853,9.6741
10.1126/sciadv.abi6012 | 40 bar | H2/CO2 3 | 12 NL/g/h,10.1126/sciadv.abi6012,"SI Figure S5A, H2/CO2=3/1, 325 °C","InNi3C0.5/m-ZrO2 [SI Figure S5A, H2/CO2=3/1, 325 °C]",325,40,3,0.128,0.745,0.255,0,STY from mass GHSV,0.408967,354.552,77.1611,,1797.04,1805.78,1823.25,1803.59,1801.41,1805.78,1814.51,1849.44,1799.09,1807.82,0.092,0.092,0.092,0.092,0.092,0.092,0.092,0.092,0.092,0.092,0,7.86139,23.5842,5.89604,3.93069,7.86139,15.7206,47.1619,1.84408,9.70332
10.1126/sciadv.abi6012 | 40 bar | H2/CO2 3 | 12 NL/g/h,10.1126/sciadv.abi6012,SI Table S2 row InNi3C0.5/ZnO,InNi3C0.5/ZnO [SI Table S2 row InNi3C0.5/ZnO],300,40,3,0.078,0.801,0.199,0,STY from mass GHSV,0.267947,541.152,70.7256,assumed,1593.35,1605.57,1630.01,1602.51,1599.46,1605.57,1618.9,1669.99,1596.47,1609.8,0.056,0.056,0.056,0.056,0.056,0.056,0.056,0.056,0.056,0.056,0,10.9981,32.9942,8.24855,5.49904,10.9981,22.9936,68.9808,2.81461,14.8102
10.1126/sciadv.abi6012 | 40 bar | H2/CO2 3 | 12 NL/g/h,10.1126/sciadv.abi6012,"Figure 5E, InNi3C0.5/Fe3O4, first point","InNi3C0.5/Fe3O4 [Figure 5E, InNi3C0.5/Fe3O4, first point]",250,40,3,0.063,0.96,0.04,0,STY from mass GHSV,0.259378,559.029,31.3825,,1038.92,1044.52,1055.72,1043.12,1041.72,1044.52,1058.29,1097.03,1042.15,1055.92,0.013,0.013,0.013,0.013,0.013,0.013,0.013,0.013,0.013,0.013,0,5.0413,15.1239,3.78097,2.52065,5.0413,17.4331,52.2994,2.9076,15.2994
10.1126/sciadv.abi6012 | 40 bar | H2/CO2 3 | 12 NL/g/h,10.1126/sciadv.abi6012,"SI Figure S5A, H2/CO2=3/1, 275 °C","InNi3C0.5/m-ZrO2 [SI Figure S5A, H2/CO2=3/1, 275 °C]",275,40,3,0.067,0.885,0.115,0,STY from mass GHSV,0.254296,570.202,77.1611,,1279.99,1294.03,1322.13,1290.52,1287.01,1294.03,1308.08,1364.26,1283.28,1297.32,0.03,0.03,0.03,0.03,0.03,0.03,0.03,0.03,0.03,0.03,0,12.6429,37.9288,9.48219,6.32146,12.6429,25.2824,75.8472,2.9657,15.6052
10.1126/sciadv.abi6012 | 40 bar | H2/CO2 3 | 12 NL/g/h,10.1126/sciadv.abi6012,"SI Table S7 row CuZnAl, 300 °C","CuZnAl [SI Table S7 row CuZnAl, 300 °C]",300,40,3,0.091,0.602,0.397,0.001,STY from mass GHSV,0.234941,617.175,18.1,cza_reference,2616.19,2619.75,2626.89,2618.86,2617.97,2619.75,2634.95,2672.49,2619.75,2634.95,0.118,0.118,0.118,0.118,0.118,0.118,0.118,0.118,0.118,0.118,0,3.21002,9.63006,2.40752,1.60501,3.21002,16.8907,50.6722,3.21002,16.8907
10.1126/sciadv.abi6012 | 40 bar | H2/CO2 3 | 12 NL/g/h,10.1126/sciadv.abi6012,SI Table S2 row InNi3C0.5/CeO2,InNi3C0.5/CeO2 [SI Table S2 row InNi3C0.5/CeO2],300,40,3,0.053,0.835,0.161,0.004,STY from mass GHSV,0.189795,763.984,70.2766,assumed,1494.15,1511.29,1545.58,1507.01,1502.72,1511.29,1530.11,1602.03,1498.57,1517.38,0.033,0.033,0.033,0.033,0.033,0.033,0.033,0.033,0.033,0.033,0,15.4282,46.2846,11.5712,7.71411,15.4282,32.3632,97.0896,3.97359,20.9086
10.1126/sciadv.abi6012 | 40 bar | H2/CO2 3 | 12 NL/g/h,10.1126/sciadv.abi6012,"SI Figure S5A, H2/CO2=3/1, 250 °C","InNi3C0.5/m-ZrO2 [SI Figure S5A, H2/CO2=3/1, 250 °C]",250,40,3,0.048,0.915,0.085,0,STY from mass GHSV,0.188358,769.811,77.1611,,1195.2,1214.16,1252.1,1209.42,1204.68,1214.16,1233.12,1308.98,1199.65,1218.61,0.017,0.017,0.017,0.017,0.017,0.017,0.017,0.017,0.017,0.017,0,17.0688,51.2064,12.8016,8.5344,17.0688,34.133,102.399,4.0039,21.068
10.1126/sciadv.abi6012 | 40 bar | H2/CO2 3 | 12 NL/g/h,10.1126/sciadv.abi6012,"Fig. 2A, InNi3C0.5/t-ZrO2, 12000 ml gcat-1 hour-1","InNi3C0.5/t-ZrO2 [Fig. 2A, InNi3C0.5/t-ZrO2, 12000 ml gcat-1 hour-1]",300,40,3,0.047,0.863,0.133,0.004,STY from mass GHSV,0.173952,833.562,77.3209,,1392.03,1412.61,1453.76,1407.46,1402.32,1412.61,1433.14,1515.35,1396.85,1417.38,0.025,0.025,0.025,0.025,0.025,0.025,0.025,0.025,0.025,0.025,0,18.5206,55.5619,13.8905,9.26031,18.5206,36.9979,110.994,4.33548,22.8128
10.1126/sciadv.abi6012 | 40 bar | H2/CO2 3 | 12 NL/g/h,10.1126/sciadv.abi6012,SI Table S2 row InNi3C0.5/TiO2,InNi3C0.5/TiO2 [SI Table S2 row InNi3C0.5/TiO2],300,40,3,0.056,0.663,0.331,0.006,STY from mass GHSV,0.159229,910.636,70.9967,assumed,2353.19,2373.83,2415.11,2368.67,2363.51,2373.83,2396.26,2482.4,2358.45,2380.88,0.066,0.066,0.066,0.066,0.066,0.066,0.066,0.066,0.066,0.066,0,18.5782,55.7346,13.9336,9.2891,18.5782,38.764,116.292,4.73636,24.9221
10.1126/sciadv.abi6012 | 40 bar | H2/CO2 3 | 12 NL/g/h,10.1126/sciadv.abi6012,"Fig. 2A, InNi3C0.5/a-ZrO2, 12000 ml gcat-1 hour-1","InNi3C0.5/a-ZrO2 [Fig. 2A, InNi3C0.5/a-ZrO2, 12000 ml gcat-1 hour-1]",300,40,3,0.035,0.859,0.137,0.004,STY from mass GHSV,0.128939,1124.57,77.3209,,1421.76,1449.52,1505.04,1442.58,1435.64,1449.52,1477.22,1588.14,1428.26,1455.95,0.019,0.019,0.019,0.019,0.019,0.019,0.019,0.019,0.019,0.019,0,24.9864,74.9591,18.7398,12.4932,24.9864,49.9143,149.743,5.84904,30.7769
10.1126/sciadv.abi6012 | 40 bar | H2/CO2 3 | 12 NL/g/h,10.1126/sciadv.abi6012,"Fig. 2A, InNi3C0.5/SiO2, 12000 ml gcat-1 hour-1","InNi3C0.5/SiO2 [Fig. 2A, InNi3C0.5/SiO2, 12000 ml gcat-1 hour-1]",300,40,3,0.025,0.9,0.1,0,STY from mass GHSV,0.0964948,1502.67,70.0976,,1311.48,1345.11,1412.37,1336.7,1328.29,1345.11,1382.12,1523.4,1320.16,1357.17,0.011,0.011,0.011,0.011,0.011,0.011,0.011,0.011,0.011,0.011,0,30.2683,90.8049,22.7012,15.1342,30.2683,63.5775,190.733,7.81562,41.1248
10.1126/sciadv.abi6012 | 40 bar | H2/CO2 3 | 12 NL/g/h,10.1126/sciadv.abi6012,SI Table S2 row m-ZrO2,m-ZrO2 [SI Table S2 row m-ZrO2],300,40,3,0.007,0.625,0.368,0.007,STY from mass GHSV,0.0187629,7728.02,25.8692,,3013.31,3077.14,3204.81,3061.19,3045.23,3077.14,3267.48,3775.82,3057.97,3248.31,0.01,0.01,0.01,0.01,0.01,0.01,0.01,0.01,0.01,0.01,0,57.4475,172.343,43.0857,28.7238,57.4475,228.752,686.256,40.1946,211.499
10.1126/sciadv.abi6012 | 40 bar | H2/CO2 3 | 12 NL/g/h,10.1126/sciadv.abi6012,SI Table S2 row t-ZrO2,t-ZrO2 [SI Table S2 row t-ZrO2],300,40,3,0.005,0.705,0.286,0.009,STY from mass GHSV,0.0151175,9591.52,25.8692,,2564.52,2643.74,2802.19,2623.94,2604.13,2643.74,2879.98,3510.89,2619.95,2856.18,0.006,0.006,0.006,0.006,0.006,0.006,0.006,0.006,0.006,0.006,0,71.3001,213.9,53.4751,35.6501,71.3001,283.912,851.736,49.8869,262.499
10.1126/sciadv.abi6012 | 40 bar | H2/CO2 3 | 12 NL/g/h,10.1126/sciadv.abi6012,SI Table S2 row a-ZrO2,a-ZrO2 [SI Table S2 row a-ZrO2],300,40,3,0.004,0.724,0.268,0.008,STY from mass GHSV,0.01242,11674.8,25.8692,,2618.77,2715.2,2908.06,2691.09,2666.99,2715.2,3002.75,3770.69,2686.24,2973.79,0.005,0.005,0.005,0.005,0.005,0.005,0.005,0.005,0.005,0.005,0,86.7862,260.359,65.0897,43.3931,86.7862,345.577,1036.73,60.7222,319.513
10.1126/sciadv.abi6012 | 40 bar | H2/CO2 3 | 12 NL/g/h,10.1126/sciadv.abi6012,SI Table S2 row SiO2,SiO2 [SI Table S2 row SiO2],300,40,3,0.004,0.603,0.397,0,STY from mass GHSV,0.0103442,14017.5,12.6412,,3328.12,3384.7,3497.85,3370.56,3356.41,3384.7,3729.94,4533.59,3409.13,3754.38,0.006,0.006,0.006,0.006,0.006,0.006,0.006,0.006,0.006,0.006,0,50.9186,152.756,38.189,25.4593,50.9186,361.639,1084.92,72.9069,383.627
10.1126/sciadv.abi6012 | 40 bar | H2/CO2 3 | 15 NL/g/h,10.1126/sciadv.abi6012,"SI Figure S5C, GHSV 15000","InNi3C0.5/m-ZrO2 [SI Figure S5C, GHSV 15000]",300,40,3,0.102,0.855,0.144,0.001,STY from mass GHSV,0.467517,310.149,77.1611,,1358.97,1366.61,1381.89,1364.7,1362.79,1366.61,1374.25,1404.81,1360.76,1368.4,0.055,0.055,0.055,0.055,0.055,0.055,0.055,0.055,0.055,0.055,0,6.87685,20.6305,5.15763,3.43842,6.87685,13.7518,41.2554,1.61313,8.4881
10.1126/sciadv.abi6012 | 40 bar | H2/CO2 3 | 18 NL/g/h,10.1126/sciadv.abi6012,"SI Figure S5C, GHSV 18000","InNi3C0.5/m-ZrO2 [SI Figure S5C, GHSV 18000]",300,40,3,0.098,0.857,0.142,0.001,STY from mass GHSV,0.540281,268.379,77.1611,,1359.9,1366.51,1379.74,1364.86,1363.21,1366.51,1373.12,1399.57,1361.45,1368.06,0.053,0.053,0.053,0.053,0.053,0.053,0.053,0.053,0.053,0.053,0,5.95069,17.8521,4.46302,2.97535,5.95069,11.8998,35.6993,1.39588,7.34494
10.1126/sciadv.abi6012 | 40 bar | H2/CO2 3 | 21 NL/g/h,10.1126/sciadv.abi6012,"SI Figure S5C, GHSV 21000","InNi3C0.5/m-ZrO2 [SI Figure S5C, GHSV 21000]",300,40,3,0.09,0.862,0.137,0.001,STY from mass GHSV,0.58225,249.034,77.1611,,1344.12,1350.25,1362.52,1348.72,1347.19,1350.25,1356.39,1380.93,1345.56,1351.69,0.047,0.047,0.047,0.047,0.047,0.047,0.047,0.047,0.047,0.047,0,5.52176,16.5653,4.14132,2.76088,5.52176,11.042,33.1261,1.29526,6.81552
10.1126/sciadv.abi6012 | 40 bar | H2/CO2 3 | 24 NL/g/h,10.1126/sciadv.abi6012,"Fig. 2B, InNi3C0.5/m-ZrO2, 24000 ml gcat-1 hour-1","InNi3C0.5/m-ZrO2 [Fig. 2B, InNi3C0.5/m-ZrO2, 24000 ml gcat-1 hour-1]",300,40,3,0.085,0.879,0.12,0.001,printed STY,0.62,233.871,77.1611,,1288.91,1294.68,1306.2,1293.24,1291.8,1294.68,1300.44,1323.48,1290.27,1296.03,0.04,0.04,0.04,0.04,0.04,0.04,0.04,0.04,0.04,0.04,0,5.18556,15.5567,3.88917,2.59278,5.18556,10.3697,31.1091,1.2164,6.40054
10.1126/sciadv.abi6012 | 40 bar | H2/CO2 3 | 24 NL/g/h,10.1126/sciadv.abi6012,"Fig. 2B, InNi3C0.5/t-ZrO2, 24000 ml gcat-1 hour-1","InNi3C0.5/t-ZrO2 [Fig. 2B, InNi3C0.5/t-ZrO2, 24000 ml gcat-1 hour-1]",300,40,3,0.039,0.9,0.098,0.002,printed STY,0.3,483.333,77.3209,,1258.45,1270.38,1294.24,1267.39,1264.41,1270.38,1282.28,1329.96,1261.24,1273.14,0.016,0.016,0.016,0.016,0.016,0.016,0.016,0.016,0.016,0.016,0,10.739,32.2171,8.05426,5.36951,10.739,21.4529,64.3587,2.51389,13.2278
10.1126/sciadv.abi6012 | 40 bar | H2/CO2 3 | 24 NL/g/h,10.1126/sciadv.abi6012,"Fig. 2B, InNi3C0.5/a-ZrO2, 24000 ml gcat-1 hour-1","InNi3C0.5/a-ZrO2 [Fig. 2B, InNi3C0.5/a-ZrO2, 24000 ml gcat-1 hour-1]",300,40,3,0.026,0.892,0.106,0.002,printed STY,0.2,725,77.3209,,1328.55,1346.45,1382.25,1341.98,1337.5,1346.45,1364.31,1435.82,1332.74,1350.6,0.012,0.012,0.012,0.012,0.012,0.012,0.012,0.012,0.012,0.012,0,16.1085,48.3256,12.0814,8.05426,16.1085,32.1794,96.5381,3.77083,19.8417
10.1126/sciadv.abi6012 | 40 bar | H2/CO2 3 | 24 NL/g/h,10.1126/sciadv.abi6012,"Fig. 2B, InNi3C0.5/SiO2, 24000 ml gcat-1 hour-1","InNi3C0.5/SiO2 [Fig. 2B, InNi3C0.5/SiO2, 24000 ml gcat-1 hour-1]",300,40,3,0.022,0.949,0.05,0.001,printed STY,0.18,805.556,70.0976,,1137.52,1155.55,1191.61,1151.04,1146.54,1155.55,1175.39,1251.13,1142.18,1162.02,0.006,0.006,0.006,0.006,0.006,0.006,0.006,0.006,0.006,0.006,0,16.2263,48.6789,12.1697,8.11315,16.2263,34.0828,102.248,4.18981,22.0463
10.1126/sciadv.abi6012 | 40 bar | H2/CO2 3 | 42 NL/g/h,10.1126/sciadv.abi6012,"Text/Table S7, InNi3C0.5/Fe3O4, 325C, 4.0 MPa, H2/CO2 3:1, CO2-GHSV 10500","InNi3C0.5/Fe3O4 [Text/Table S7, InNi3C0.5/Fe3O4, 325C, 4.0 MPa, H2/CO2 3:1, CO2-GHSV 10500]",325,40,3,0.1,0.9,0.1,0,printed STY,1.35,107.407,31.3825,,1202.81,1203.89,1206.04,1203.62,1203.35,1203.89,1206.53,1213.97,1203.43,1206.08,0.038,0.038,0.038,0.038,0.038,0.038,0.038,0.038,0.038,0.038,0,0.968594,2.90578,0.726446,0.484297,0.968594,3.34946,10.0484,0.558642,2.93951
10.1126/sciadv.abi6012 | 40 bar | H2/CO2 4 | 12 NL/g/h,10.1126/sciadv.abi6012,"SI Figure S5A, H2/CO2=4/1, 350 °C","InNi3C0.5/m-ZrO2 [SI Figure S5A, H2/CO2=4/1, 350 °C]",350,40,4,0.205,0.615,0.385,0,STY from mass GHSV,0.432554,335.218,77.1611,,2590.05,2598.31,2614.82,2596.24,2594.18,2598.31,2606.56,2639.59,2591.99,2600.24,0.114,0.114,0.114,0.114,0.114,0.114,0.114,0.114,0.114,0.114,0,7.4327,22.2981,5.57452,3.71635,7.4327,14.8634,44.5901,1.74352,9.17419
10.1126/sciadv.abi6012 | 40 bar | H2/CO2 4 | 12 NL/g/h,10.1126/sciadv.abi6012,"SI Figure S5A, H2/CO2=4/1, 325 °C","InNi3C0.5/m-ZrO2 [SI Figure S5A, H2/CO2=4/1, 325 °C]",325,40,4,0.138,0.765,0.235,0,STY from mass GHSV,0.362203,400.328,77.1611,,1742.03,1751.9,1771.62,1749.43,1746.96,1751.9,1761.75,1801.2,1744.35,1754.21,0.083,0.083,0.083,0.083,0.083,0.083,0.083,0.083,0.083,0.083,0,8.87636,26.6291,6.65727,4.43818,8.87636,17.7503,53.2509,2.08217,10.9561
10.1126/sciadv.abi6012 | 40 bar | H2/CO2 4 | 12 NL/g/h,10.1126/sciadv.abi6012,"SI Figure S5A, H2/CO2=4/1, 300 °C","InNi3C0.5/m-ZrO2 [SI Figure S5A, H2/CO2=4/1, 300 °C]",300,40,4,0.122,0.865,0.135,0,STY from mass GHSV,0.362066,400.48,77.1611,,1345.58,1355.44,1375.17,1352.98,1350.51,1355.44,1365.31,1404.77,1347.89,1357.75,0.05,0.05,0.05,0.05,0.05,0.05,0.05,0.05,0.05,0.05,0,8.87973,26.6392,6.6598,4.43986,8.87973,17.757,53.2711,2.08296,10.9603
10.1126/sciadv.abi6012 | 40 bar | H2/CO2 4 | 12 NL/g/h,10.1126/sciadv.abi6012,"SI Figure S5A, H2/CO2=4/1, 275 °C","InNi3C0.5/m-ZrO2 [SI Figure S5A, H2/CO2=4/1, 275 °C]",275,40,4,0.074,0.89,0.11,0,STY from mass GHSV,0.225961,641.704,77.1611,,1287.23,1303.04,1334.66,1299.08,1295.13,1303.04,1318.84,1382.07,1290.94,1306.74,0.026,0.026,0.026,0.026,0.026,0.026,0.026,0.026,0.026,0.026,0,14.2283,42.685,10.6712,7.11416,14.2283,28.4528,85.3583,3.3376,17.562
10.1126/sciadv.abi6012 | 40 bar | H2/CO2 4 | 12 NL/g/h,10.1126/sciadv.abi6012,"SI Figure S5A, H2/CO2=4/1, 250 °C","InNi3C0.5/m-ZrO2 [SI Figure S5A, H2/CO2=4/1, 250 °C]",250,40,4,0.062,0.93,0.07,0,STY from mass GHSV,0.197827,732.963,77.1611,,1149.85,1167.9,1204.02,1163.39,1158.88,1167.9,1185.96,1258.18,1154.08,1172.14,0.015,0.015,0.015,0.015,0.015,0.015,0.015,0.015,0.015,0.015,0,16.2518,48.7553,12.1888,8.12589,16.2518,32.4991,97.4974,3.81225,20.0596
10.1126/sciadv.abi6012 | 40 bar | H2/CO2 5 | 12 NL/g/h,10.1126/sciadv.abi6012,"SI Figure S5A, H2/CO2=5/1, 350 °C","InNi3C0.5/m-ZrO2 [SI Figure S5A, H2/CO2=5/1, 350 °C]",350,40,5,0.21,0.64,0.36,0,STY from mass GHSV,0.384264,377.345,77.1611,,2482.2,2491.49,2510.09,2489.17,2486.85,2491.49,2500.79,2537.97,2484.38,2493.67,0.103,0.103,0.103,0.103,0.103,0.103,0.103,0.103,0.103,0.103,0,8.36676,25.1003,6.27507,4.18338,8.36676,16.7312,50.1937,1.96263,10.3271
10.1126/sciadv.abi6012 | 40 bar | H2/CO2 5 | 12 NL/g/h,10.1126/sciadv.abi6012,"SI Figure S5A, H2/CO2=5/1, 325 °C","InNi3C0.5/m-ZrO2 [SI Figure S5A, H2/CO2=5/1, 325 °C]",325,40,5,0.17,0.78,0.22,0,STY from mass GHSV,0.379117,382.467,77.1611,,1706.84,1716.26,1735.1,1713.9,1711.55,1716.26,1725.68,1763.36,1709.05,1718.47,0.076,0.076,0.076,0.076,0.076,0.076,0.076,0.076,0.076,0.076,0,8.48034,25.441,6.36026,4.24017,8.48034,16.9584,50.8751,1.98927,10.4673
10.1126/sciadv.abi6012 | 40 bar | H2/CO2 5 | 12 NL/g/h,10.1126/sciadv.abi6012,"SI Fig. S5A note, 300 °C H2/CO2=5/1","InNi3C0.5/m-ZrO2 [SI Fig. S5A note, 300 °C H2/CO2=5/1]",300,40,5,0.15,0.872,0.128,0,STY from mass GHSV,0.373971,387.731,77.1611,,1328.3,1337.86,1356.96,1335.47,1333.08,1337.86,1347.41,1385.61,1330.55,1340.1,0.049,0.049,0.049,0.049,0.049,0.049,0.049,0.049,0.049,0.049,0,8.59704,25.7911,6.44778,4.29852,8.59704,17.1917,51.5752,2.01664,10.6113
10.1126/sciadv.abi6012 | 40 bar | H2/CO2 5 | 12 NL/g/h,10.1126/sciadv.abi6012,"SI Figure S5A, H2/CO2=5/1, 275 °C","InNi3C0.5/m-ZrO2 [SI Figure S5A, H2/CO2=5/1, 275 °C]",275,40,5,0.078,0.895,0.105,0,STY from mass GHSV,0.199594,726.474,77.1611,,1283.45,1301.34,1337.14,1296.87,1292.39,1301.34,1319.24,1390.82,1287.64,1305.54,0.022,0.022,0.022,0.022,0.022,0.022,0.022,0.022,0.022,0.022,0,16.1079,48.3237,12.0809,8.05395,16.1079,32.2114,96.6343,3.7785,19.882
10.1126/sciadv.abi6012 | 40 bar | H2/CO2 5 | 12 NL/g/h,10.1126/sciadv.abi6012,"SI Figure S5A, H2/CO2=5/1, 250 °C","InNi3C0.5/m-ZrO2 [SI Figure S5A, H2/CO2=5/1, 250 °C]",250,40,5,0.066,0.925,0.075,0,STY from mass GHSV,0.174548,830.715,77.1611,,1177.34,1197.81,1238.74,1192.69,1187.57,1197.81,1218.27,1300.12,1182.14,1202.6,0.014,0.014,0.014,0.014,0.014,0.014,0.014,0.014,0.014,0.014,0,18.4192,55.2576,13.8144,9.20961,18.4192,36.8334,110.5,4.32067,22.7349
10.1126/sciadv.abi6012 | 40 bar | H2/CO2 6 | 73.5 NL/g/h,10.1126/sciadv.abi6012,SI Table S7 row 5 InNi3C0.5/Fe3O4,InNi3C0.5/Fe3O4 [SI Table S7 row 5 InNi3C0.5/Fe3O4],325,40,6,0.135,0.904,0.095,0.001,printed STY,1.83,79.235,31.3825,,1226.97,1227.77,1229.35,1227.57,1227.37,1227.77,1229.72,1235.21,1227.43,1229.38,0.03,0.03,0.03,0.03,0.03,0.03,0.03,0.03,0.03,0.03,0,0.714537,2.14361,0.535903,0.357268,0.714537,2.47091,7.41274,0.412113,2.16849
10.1126/sciadv.abi6012 | 40 bar | H2/CO2 8 | 30 NL/g/h,10.1126/sciadv.abi6012,"Text/Table S7, InNi3C0.5/Fe3O4, 325C, 4.0 MPa, H2/CO2 8:1, GHSV 30000","InNi3C0.5/Fe3O4 [Text/Table S7, InNi3C0.5/Fe3O4, 325C, 4.0 MPa, H2/CO2 8:1, GHSV 30000]",325,40,8,0.2,0.912,0.086,0.002,printed STY,0.87,166.667,31.3825,,1206.92,1208.59,1211.93,1208.17,1207.75,1208.59,1212.69,1224.24,1207.88,1211.98,0.029,0.029,0.029,0.029,0.029,0.029,0.029,0.029,0.029,0.029,0,1.50299,4.50897,1.12724,0.751496,1.50299,5.19744,15.5923,0.866858,4.5613
10.1126/sciadv.abi6012 | 40 bar | H2/CO2 8 | 30 NL/g/h,10.1126/sciadv.abi6012,"SI Table S7 row CuZnAl, 325 °C","CuZnAl [SI Table S7 row CuZnAl, 325 °C]",325,40,8,0.224,0.583,0.416,0.001,printed STY,0.62,233.871,18.1,cza_reference,2897.08,2898.44,2901.14,2898.1,2897.76,2898.44,2904.2,2918.42,2898.44,2904.2,0.131,0.131,0.131,0.131,0.131,0.131,0.131,0.131,0.131,0.131,0,1.2164,3.64919,0.912298,0.608199,1.2164,6.40054,19.2016,1.2164,6.40054
10.1126/sciadv.abi6012 | 40 bar | H2/CO2 8 | 94.5 NL/g/h,10.1126/sciadv.abi6012,SI Table S7 row 6 InNi3C0.5/Fe3O4,InNi3C0.5/Fe3O4 [SI Table S7 row 6 InNi3C0.5/Fe3O4],325,40,8,0.152,0.916,0.083,0.001,printed STY,2.09,69.378,31.3825,,1199.98,1200.68,1202.07,1200.5,1200.33,1200.68,1202.38,1207.19,1200.38,1202.09,0.024,0.024,0.024,0.024,0.024,0.024,0.024,0.024,0.024,0.024,0,0.625647,1.87694,0.469235,0.312824,0.625647,2.16353,6.49058,0.360845,1.89872
10.1126/sciadv.abi6012 | 50 bar | H2/CO2 3 | 24 NL/g/h,10.1126/sciadv.abi6012,"Text, InNi3C0.5/Fe3O4 comparison-condition run, 320C, 5.0 MPa, H2/CO2 3:1, GHSV 24000","InNi3C0.5/Fe3O4 [Text, InNi3C0.5/Fe3O4 comparison-condition run, 320C, 5.0 MPa, H2/CO2 3:1, GHSV 24000]",320,50,3,0.131,0.903,0.097,0,printed STY,1.01,143.564,31.3825,,1187.24,1188.68,1191.55,1188.32,1187.96,1188.68,1192.21,1202.16,1188.07,1191.6,0.047,0.047,0.047,0.047,0.047,0.047,0.047,0.047,0.047,0.047,0,1.29466,3.88397,0.970992,0.647328,1.29466,4.477,13.431,0.7467,3.92904
10.1126/sciadv.abi6012 | 50 bar | H2/CO2 4 | 27.5 NL/g/h,10.1126/sciadv.abi6012,"Text, InNi3C0.5/Fe3O4 comparison-condition run, 300C, 5.0 MPa, H2/CO2 4:1, GHSV 27500","InNi3C0.5/Fe3O4 [Text, InNi3C0.5/Fe3O4 comparison-condition run, 300C, 5.0 MPa, H2/CO2 4:1, GHSV 27500]",300,50,4,0.129,0.919,0.081,0,printed STY,1.16,125,31.3825,,1158.11,1159.36,1161.86,1159.04,1158.73,1159.36,1162.44,1171.1,1158.83,1161.91,0.035,0.035,0.035,0.035,0.035,0.035,0.035,0.035,0.035,0.035,0,1.12724,3.38173,0.845433,0.563622,1.12724,3.89808,11.6942,0.650144,3.42098
10.1126/sciadv.abi6012 | 50 bar | H2/CO2 4 | 48 NL/g/h,10.1126/sciadv.abi6012,"Text, InNi3C0.5/Fe3O4 comparison-condition run, 280C, 5.0 MPa, H2/CO2 4:1, GHSV 48000","InNi3C0.5/Fe3O4 [Text, InNi3C0.5/Fe3O4 comparison-condition run, 280C, 5.0 MPa, H2/CO2 4:1, GHSV 48000]",280,50,4,0.101,0.94,0.06,0,printed STY,1.3,111.538,31.3825,,1099.06,1100.18,1102.42,1099.9,1099.62,1100.18,1102.93,1110.66,1099.71,1102.46,0.022,0.022,0.022,0.022,0.022,0.022,0.022,0.022,0.022,0.022,0,1.00585,3.01754,0.754386,0.502924,1.00585,3.47828,10.4349,0.580128,3.05256
10.1126/sciadv.abi6012 | 50 bar | H2/CO2 6 | 9 NL/g/h,10.1126/sciadv.abi6012,"Text, InNi3C0.5/Fe3O4 comparison-condition run, 280C, 5.0 MPa, H2/CO2 6:1, GHSV 9000","InNi3C0.5/Fe3O4 [Text, InNi3C0.5/Fe3O4 comparison-condition run, 280C, 5.0 MPa, H2/CO2 6:1, GHSV 9000]",280,50,6,0.186,0.903,0.097,0,printed STY,0.308,470.779,31.3825,,1224.25,1228.96,1238.4,1227.79,1226.61,1228.96,1240.56,1273.18,1226.97,1238.56,0.041,0.041,0.041,0.041,0.041,0.041,0.041,0.041,0.041,0.041,0,4.24546,12.7364,3.1841,2.12273,4.24546,14.6811,44.0432,2.44859,12.8842
10.1126/sciadv.abi6012 | 60 bar | H2/CO2 10 | 116 NL/g/h,10.1126/sciadv.abi6012,"Abstract/Text/Table S7, InNi3C0.5/Fe3O4, 325C, 6.0 MPa, H2/CO2 10:1, CO2-GHSV 10500","InNi3C0.5/Fe3O4 [Abstract/Text/Table S7, InNi3C0.5/Fe3O4, 325C, 6.0 MPa, H2/CO2 10:1, CO2-GHSV 10500]",325,60,10,0.188,0.928,0.07,0.002,printed STY,2.62,55.3435,31.3825,,1162.63,1163.18,1164.29,1163.04,1162.9,1163.18,1164.54,1168.38,1162.94,1164.31,0.021,0.021,0.021,0.021,0.021,0.021,0.021,0.021,0.021,0.021,0,0.499085,1.49725,0.374314,0.249542,0.499085,1.72587,5.1776,0.28785,1.51463
10.1126/sciadv.abi6012 | 60 bar | H2/CO2 10 | 36 NL/g/h,10.1126/sciadv.abi6012,"Abstract/Text/Table S7, InNi3C0.5/Fe3O4, 325C, 6.0 MPa, H2/CO2 10:1, GHSV 36000","InNi3C0.5/Fe3O4 [Abstract/Text/Table S7, InNi3C0.5/Fe3O4, 325C, 6.0 MPa, H2/CO2 10:1, GHSV 36000]",325,60,10,0.257,0.902,0.096,0.002,printed STY,1.09,133.028,31.3825,,1251.31,1252.64,1255.31,1252.31,1251.98,1252.64,1255.92,1265.14,1252.08,1255.36,0.037,0.037,0.037,0.037,0.037,0.037,0.037,0.037,0.037,0.037,0,1.19964,3.59891,0.899726,0.599818,1.19964,4.14841,12.4452,0.691896,3.64067
10.1126/sciadv.abi6012 | 60 bar | H2/CO2 6 | 73.5 NL/g/h,10.1126/sciadv.abi6012,SI Table S7 row 8 InNi3C0.5/Fe3O4,InNi3C0.5/Fe3O4 [SI Table S7 row 8 InNi3C0.5/Fe3O4],325,60,6,0.146,0.907,0.091,0.002,printed STY,1.98,73.2323,31.3825,,1228.31,1229.04,1230.51,1228.86,1228.68,1229.04,1230.85,1235.92,1228.73,1230.54,0.032,0.032,0.032,0.032,0.032,0.032,0.032,0.032,0.032,0.032,0,0.660405,1.98122,0.495304,0.330203,0.660405,2.28372,6.85117,0.380892,2.00421
10.1126/sciadv.abi6012 | 60 bar | H2/CO2 8 | 30 NL/g/h,10.1126/sciadv.abi6012,SI Table S7 row 2 InNi3C0.5/Fe3O4,InNi3C0.5/Fe3O4 [SI Table S7 row 2 InNi3C0.5/Fe3O4],325,60,8,0.242,0.922,0.076,0.002,printed STY,1.06,136.792,31.3825,,1165.75,1167.12,1169.86,1166.77,1166.43,1167.12,1170.49,1179.97,1166.54,1169.91,0.035,0.035,0.035,0.035,0.035,0.035,0.035,0.035,0.035,0.035,0,1.23359,3.70076,0.92519,0.616794,1.23359,4.26582,12.7975,0.711478,3.74371
10.1126/sciadv.abi6012 | 60 bar | H2/CO2 8 | 94.5 NL/g/h,10.1126/sciadv.abi6012,SI Table S7 row 9 InNi3C0.5/Fe3O4,InNi3C0.5/Fe3O4 [SI Table S7 row 9 InNi3C0.5/Fe3O4],325,60,8,0.173,0.923,0.075,0.002,printed STY,2.4,60.4167,31.3825,,1174.75,1175.36,1176.57,1175.21,1175.05,1175.36,1176.85,1181.03,1175.1,1176.59,0.025,0.025,0.025,0.025,0.025,0.025,0.025,0.025,0.025,0.025,0,0.544834,1.6345,0.408626,0.272417,0.544834,1.88407,5.65221,0.314236,1.65347
