group,doi,entry,catalyst_name,composition_field,active_metals,metal_wt_pct,support_field,promoters,parsed_components,element_wt_pct,metal_value_eur_kg,precious_value_eur_kg,price_eur_kg,price_pf_base_eur_kg,rule,flag
10.1002/anie.201600943 | 50 bar | H2/CO2 4 | 26 NL/g/h,10.1002/anie.201600943,"Figure 1a, In2O3, 573 K",In2O3,In2O3,,,,,In2O3=1.0000,In=82.712,270.831,0,282.287,359.427,bulk oxide,
10.1002/anie.201600943 | 50 bar | H2/CO2 4 | 26 NL/g/h,10.1002/anie.201600943,"Figure 1a, Cu-ZnO-Al2O3, 573 K",Cu-ZnO-Al2O3,,Cu,,Al2O3,ZnO,CuO=0.6000;ZnO=0.3000;Al2O3=0.1000,Cu=47.932;Zn=24.102;Al=5.293,6.64442,0,18.1,95.24,reference Cu/ZnO/Al2O3: commercial CZA composition,cza_reference
10.1002/anie.202401168 | 30 bar | H2/CO2 3 | 18 NL/g/h,10.1002/anie.202401168,"SI Table S5, this work row 2",Ir1Pd1-In2O3(CP-PD),"Ir = 0.44 wt%, Pd = 0.25 wt%; mole ratio of Ir to Pd = 0.97",Ir;Pd,,In2O3,,Ir=0.0044;Pd=0.0025;In2O3=0.9931,In=82.141;Ir=0.440;Pd=0.250,1341.69,1072.73,1353.15,1430.29,"Ir1 = 0.44 wt% Ir, Pd1 = 0.25 wt% Pd (composition field), scaled by the name",
10.1002/anie.202401168 | 30 bar | H2/CO2 3 | 36 NL/g/h,10.1002/anie.202401168,"SI Table S5, this work row 3",Ir1Pd1-In2O3(CP-PD),"Ir = 0.44 wt%, Pd = 0.25 wt%; mole ratio of Ir to Pd = 0.97",Ir;Pd,,In2O3,,Ir=0.0044;Pd=0.0025;In2O3=0.9931,In=82.141;Ir=0.440;Pd=0.250,1341.69,1072.73,1353.15,1430.29,"Ir1 = 0.44 wt% Ir, Pd1 = 0.25 wt% Pd (composition field), scaled by the name",
10.1002/anie.202401168 | 30 bar | H2/CO2 3 | 54 NL/g/h,10.1002/anie.202401168,"Text page 9, Ir1Pd1-In2O3(CP-PD), 250 °C, 54000 mL gcat−1 hour−1",Ir1Pd1-In2O3(CP-PD),"Ir = 0.44 wt%, Pd = 0.25 wt%; Ir/Pd mole ratio near 1",Ir;Pd,0.69,In2O3,,Ir=0.0044;Pd=0.0025;In2O3=0.9931,In=82.141;Ir=0.440;Pd=0.250,1341.69,1072.73,1353.15,1430.29,"Ir1 = 0.44 wt% Ir, Pd1 = 0.25 wt% Pd (composition field), scaled by the name",
10.1002/anie.202401168 | 30 bar | H2/CO2 3 | 9 NL/g/h,10.1002/anie.202401168,"Figure 4a, Ir1Pd1-In2O3(CP-CP), 250 °C",Ir1Pd1-In2O3(CP-CP),,Ir;Pd,0.69,In2O3,,Ir=0.0044;Pd=0.0025;In2O3=0.9931,In=82.141;Ir=0.440;Pd=0.250,1341.69,1072.73,1353.15,1430.29,"Ir1 = 0.44 wt% Ir, Pd1 = 0.25 wt% Pd (composition field), scaled by the name",
10.1002/anie.202401168 | 30 bar | H2/CO2 3 | 9 NL/g/h,10.1002/anie.202401168,"Figure 4a, Ir1Pd1-In2O3(CP-PD), 250 °C, 9000 mL gcat−1 hour−1",Ir1Pd1-In2O3(CP-PD),"Ir = 0.44 wt%, Pd = 0.25 wt%; Ir/Pd mole ratio near 1",Ir;Pd,0.69,In2O3,,Ir=0.0044;Pd=0.0025;In2O3=0.9931,In=82.141;Ir=0.440;Pd=0.250,1341.69,1072.73,1353.15,1430.29,"Ir1 = 0.44 wt% Ir, Pd1 = 0.25 wt% Pd (composition field), scaled by the name",
10.1002/anie.202401168 | 30 bar | H2/CO2 3 | 9 NL/g/h,10.1002/anie.202401168,"Figure 4a, Ir1Pd1-In2O3(CP-AP), 250 °C",Ir1Pd1-In2O3(CP-AP),,Ir;Pd,0.69,In2O3,,Ir=0.0044;Pd=0.0025;In2O3=0.9931,In=82.141;Ir=0.440;Pd=0.250,1341.69,1072.73,1353.15,1430.29,"Ir1 = 0.44 wt% Ir, Pd1 = 0.25 wt% Pd (composition field), scaled by the name",
10.1002/anie.202401168 | 30 bar | H2/CO2 3 | 9 NL/g/h,10.1002/anie.202401168,"Figure 4a, Ir1Pd1-In2O3(AP-AP), 250 °C",Ir1Pd1-In2O3(AP-AP),,Ir;Pd,0.69,In2O3,,Ir=0.0044;Pd=0.0025;In2O3=0.9931,In=82.141;Ir=0.440;Pd=0.250,1341.69,1072.73,1353.15,1430.29,"Ir1 = 0.44 wt% Ir, Pd1 = 0.25 wt% Pd (composition field), scaled by the name",
10.1002/anie.202401168 | 30 bar | H2/CO2 3 | 9 NL/g/h,10.1002/anie.202401168,"Figure 4a, Ir1Pd1-In2O3(PD-PD), 250 °C",Ir1Pd1-In2O3(PD-PD),,Ir;Pd,0.69,In2O3,,Ir=0.0044;Pd=0.0025;In2O3=0.9931,In=82.141;Ir=0.440;Pd=0.250,1341.69,1072.73,1353.15,1430.29,"Ir1 = 0.44 wt% Ir, Pd1 = 0.25 wt% Pd (composition field), scaled by the name",
10.1002/anie.202401168 | 30 bar | H2/CO2 3 | 9 NL/g/h,10.1002/anie.202401168,"Figure 4a, Ir1Pd1-In2O3(PM), 250 °C",Ir1Pd1-In2O3(PM),,Ir;Pd,0.69,In2O3,,Ir=0.0044;Pd=0.0025;In2O3=0.9931,In=82.141;Ir=0.440;Pd=0.250,1341.69,1072.73,1353.15,1430.29,"Ir1 = 0.44 wt% Ir, Pd1 = 0.25 wt% Pd (composition field), scaled by the name",
10.1002/anie.202401168 | 30 bar | H2/CO2 3 | 9 NL/g/h,10.1002/anie.202401168,"Figure 4a, Ir1Pd1-In2O3(GM), 250 °C",Ir1Pd1-In2O3(GM),,Ir;Pd,0.69,In2O3,,Ir=0.0044;Pd=0.0025;In2O3=0.9931,In=82.141;Ir=0.440;Pd=0.250,1341.69,1072.73,1353.15,1430.29,"Ir1 = 0.44 wt% Ir, Pd1 = 0.25 wt% Pd (composition field), scaled by the name",
10.1002/anie.202401168 | 30 bar | H2/CO2 3 | 9 NL/g/h,10.1002/anie.202401168,"Figure 4b, 0.5Ir1Pd1-In2O3(CP-PD), 250 °C",0.5Ir1Pd1-In2O3(CP-PD),Ir+Pd loading ca. 0.35 wt% from Figure 4b x-axis,Ir;Pd,,In2O3,,Ir=0.0022;Pd=0.0013;In2O3=0.9966,In=82.427;Ir=0.220;Pd=0.125,806.26,536.364,817.716,894.856,"Ir1 = 0.44 wt% Ir, Pd1 = 0.25 wt% Pd (composition field), scaled by the name",
10.1002/anie.202401168 | 30 bar | H2/CO2 3 | 9 NL/g/h,10.1002/anie.202401168,"Text page 9, Ir1Pd1-In2O3(CP-PD), 200 °C",Ir1Pd1-In2O3(CP-PD),"Ir = 0.44 wt%, Pd = 0.25 wt%; Ir/Pd mole ratio near 1",Ir;Pd,0.69,In2O3,,Ir=0.0044;Pd=0.0025;In2O3=0.9931,In=82.141;Ir=0.440;Pd=0.250,1341.69,1072.73,1353.15,1430.29,"Ir1 = 0.44 wt% Ir, Pd1 = 0.25 wt% Pd (composition field), scaled by the name",
10.1002/anie.202401168 | 30 bar | H2/CO2 3 | 9 NL/g/h,10.1002/anie.202401168,"Text page 9, Ir1Pd1-In2O3(CP-PD), 300 °C",Ir1Pd1-In2O3(CP-PD),"Ir = 0.44 wt%, Pd = 0.25 wt%; Ir/Pd mole ratio near 1",Ir;Pd,0.69,In2O3,,Ir=0.0044;Pd=0.0025;In2O3=0.9931,In=82.141;Ir=0.440;Pd=0.250,1341.69,1072.73,1353.15,1430.29,"Ir1 = 0.44 wt% Ir, Pd1 = 0.25 wt% Pd (composition field), scaled by the name",
10.1002/anie.202401168 | 30 bar | H2/CO2 3 | 9 NL/g/h,10.1002/anie.202401168,"Text/Figure 4e, Ir1Pd1-In2O3(CP-PD), 100 h stability",Ir1Pd1-In2O3(CP-PD),"Ir = 0.44 wt%, Pd = 0.25 wt%; Ir/Pd mole ratio near 1",Ir;Pd,0.69,In2O3,,Ir=0.0044;Pd=0.0025;In2O3=0.9931,In=82.141;Ir=0.440;Pd=0.250,1341.69,1072.73,1353.15,1430.29,"Ir1 = 0.44 wt% Ir, Pd1 = 0.25 wt% Pd (composition field), scaled by the name",
10.1002/anie.202401168 | 30 bar | H2/CO2 3 | 9 NL/g/h,10.1002/anie.202401168,"SI Figure S21, t=0 h, In2O3",In2O3,In2O3,,,,,In2O3=1.0000,In=82.712,270.831,0,282.287,359.427,bulk oxide,
10.1002/anie.202401168 | 30 bar | H2/CO2 3 | 9 NL/g/h,10.1002/anie.202401168,"SI Figure S21, t=10 h, In2O3",In2O3,In2O3,,,,,In2O3=1.0000,In=82.712,270.831,0,282.287,359.427,bulk oxide,
10.1002/anie.202401168 | 30 bar | H2/CO2 3 | 9 NL/g/h,10.1002/anie.202401168,"SI Figure S21, t=0 h, Ir1-In2O3(CP)",Ir1-In2O3(CP),,Ir,,In2O3,,Ir=0.0044;In2O3=0.9956,In=82.348;Ir=0.440,1252.39,982.746,1263.84,1340.98,"Ir1 = 0.44 wt% Ir, Pd1 = 0.25 wt% Pd (composition field), scaled by the name",
10.1002/anie.202401168 | 30 bar | H2/CO2 3 | 9 NL/g/h,10.1002/anie.202401168,"SI Figure S21, t=10 h, Ir1-In2O3(CP)",Ir1-In2O3(CP),,Ir,,In2O3,,Ir=0.0044;In2O3=0.9956,In=82.348;Ir=0.440,1252.39,982.746,1263.84,1340.98,"Ir1 = 0.44 wt% Ir, Pd1 = 0.25 wt% Pd (composition field), scaled by the name",
10.1002/anie.202401168 | 30 bar | H2/CO2 3 | 9 NL/g/h,10.1002/anie.202401168,"SI Figure S21, t=0 h, Ir1-In2O3(PD)",Ir1-In2O3(PD),,Ir,,In2O3,,Ir=0.0044;In2O3=0.9956,In=82.348;Ir=0.440,1252.39,982.746,1263.84,1340.98,"Ir1 = 0.44 wt% Ir, Pd1 = 0.25 wt% Pd (composition field), scaled by the name",
10.1002/anie.202401168 | 30 bar | H2/CO2 3 | 9 NL/g/h,10.1002/anie.202401168,"SI Figure S21, t=10 h, Ir1-In2O3(PD)",Ir1-In2O3(PD),,Ir,,In2O3,,Ir=0.0044;In2O3=0.9956,In=82.348;Ir=0.440,1252.39,982.746,1263.84,1340.98,"Ir1 = 0.44 wt% Ir, Pd1 = 0.25 wt% Pd (composition field), scaled by the name",
10.1002/anie.202401168 | 30 bar | H2/CO2 3 | 9 NL/g/h,10.1002/anie.202401168,"SI Figure S21, t=0 h, Pd1-In2O3(CP)",Pd1-In2O3(CP),,Pd,,In2O3,,Pd=0.0025;In2O3=0.9975,In=82.505;Pd=0.250,360.135,89.9808,371.59,448.73,"Ir1 = 0.44 wt% Ir, Pd1 = 0.25 wt% Pd (composition field), scaled by the name",
10.1002/anie.202401168 | 30 bar | H2/CO2 3 | 9 NL/g/h,10.1002/anie.202401168,"SI Figure S21, t=10 h, Pd1-In2O3(CP)",Pd1-In2O3(CP),,Pd,,In2O3,,Pd=0.0025;In2O3=0.9975,In=82.505;Pd=0.250,360.135,89.9808,371.59,448.73,"Ir1 = 0.44 wt% Ir, Pd1 = 0.25 wt% Pd (composition field), scaled by the name",
10.1002/anie.202401168 | 30 bar | H2/CO2 3 | 9 NL/g/h,10.1002/anie.202401168,"SI Figure S21, t=0 h, Pd1-In2O3(PD)",Pd1-In2O3(PD),,Pd,,In2O3,,Pd=0.0025;In2O3=0.9975,In=82.505;Pd=0.250,360.135,89.9808,371.59,448.73,"Ir1 = 0.44 wt% Ir, Pd1 = 0.25 wt% Pd (composition field), scaled by the name",
10.1002/anie.202401168 | 30 bar | H2/CO2 3 | 9 NL/g/h,10.1002/anie.202401168,"SI Figure S21, t=10 h, Pd1-In2O3(PD)",Pd1-In2O3(PD),,Pd,,In2O3,,Pd=0.0025;In2O3=0.9975,In=82.505;Pd=0.250,360.135,89.9808,371.59,448.73,"Ir1 = 0.44 wt% Ir, Pd1 = 0.25 wt% Pd (composition field), scaled by the name",
10.1002/anie.202401168 | 30 bar | H2/CO2 3 | 9 NL/g/h,10.1002/anie.202401168,"SI Figure S22, t=0 h, Ir1Pd1-In2O3(CP-CP)",Ir1Pd1-In2O3(CP-CP),,Ir;Pd,,In2O3,,Ir=0.0044;Pd=0.0025;In2O3=0.9931,In=82.141;Ir=0.440;Pd=0.250,1341.69,1072.73,1353.15,1430.29,"Ir1 = 0.44 wt% Ir, Pd1 = 0.25 wt% Pd (composition field), scaled by the name",
10.1002/anie.202401168 | 30 bar | H2/CO2 3 | 9 NL/g/h,10.1002/anie.202401168,"SI Figure S22, t=0 h, Ir1Pd1-In2O3(CP-AP)",Ir1Pd1-In2O3(CP-AP),,Ir;Pd,,In2O3,,Ir=0.0044;Pd=0.0025;In2O3=0.9931,In=82.141;Ir=0.440;Pd=0.250,1341.69,1072.73,1353.15,1430.29,"Ir1 = 0.44 wt% Ir, Pd1 = 0.25 wt% Pd (composition field), scaled by the name",
10.1002/anie.202401168 | 30 bar | H2/CO2 3 | 9 NL/g/h,10.1002/anie.202401168,"SI Figure S22, t=0 h, Ir1Pd1-In2O3(AP-AP)",Ir1Pd1-In2O3(AP-AP),,Ir;Pd,,In2O3,,Ir=0.0044;Pd=0.0025;In2O3=0.9931,In=82.141;Ir=0.440;Pd=0.250,1341.69,1072.73,1353.15,1430.29,"Ir1 = 0.44 wt% Ir, Pd1 = 0.25 wt% Pd (composition field), scaled by the name",
10.1002/anie.202401168 | 30 bar | H2/CO2 3 | 9 NL/g/h,10.1002/anie.202401168,"SI Figure S22, t=0 h, Ir1Pd1-In2O3(PD-PD)",Ir1Pd1-In2O3(PD-PD),,Ir;Pd,,In2O3,,Ir=0.0044;Pd=0.0025;In2O3=0.9931,In=82.141;Ir=0.440;Pd=0.250,1341.69,1072.73,1353.15,1430.29,"Ir1 = 0.44 wt% Ir, Pd1 = 0.25 wt% Pd (composition field), scaled by the name",
10.1002/anie.202401168 | 30 bar | H2/CO2 3 | 9 NL/g/h,10.1002/anie.202401168,"SI Figure S23, t=0 h, Ir1Pd1-In2O3(GM)",Ir1Pd1-In2O3(GM),,,,In2O3,,Ir=0.0044;Pd=0.0025;In2O3=0.9931,In=82.141;Ir=0.440;Pd=0.250,1341.69,1072.73,1353.15,1430.29,"Ir1 = 0.44 wt% Ir, Pd1 = 0.25 wt% Pd (composition field), scaled by the name",
10.1002/anie.202401168 | 30 bar | H2/CO2 3 | 9 NL/g/h,10.1002/anie.202401168,"SI Figure S23, t=0 h, Ir1Pd1-In2O3(PM)",Ir1Pd1-In2O3(PM),,,,In2O3,,Ir=0.0044;Pd=0.0025;In2O3=0.9931,In=82.141;Ir=0.440;Pd=0.250,1341.69,1072.73,1353.15,1430.29,"Ir1 = 0.44 wt% Ir, Pd1 = 0.25 wt% Pd (composition field), scaled by the name",
10.1002/anie.202401168 | 30 bar | H2/CO2 3 | 9 NL/g/h,10.1002/anie.202401168,"SI Figure S25, t=0 h, Pd1Ir1-In2O3(CP-PD)",Pd1Ir1-In2O3(CP-PD),,,,In2O3,,Pd=0.0025;Ir=0.0044;In2O3=0.9931,In=82.141;Ir=0.440;Pd=0.250,1341.69,1072.73,1353.15,1430.29,"Ir1 = 0.44 wt% Ir, Pd1 = 0.25 wt% Pd (composition field), scaled by the name",
10.1002/anie.202401168 | 30 bar | H2/CO2 3 | 9 NL/g/h,10.1002/anie.202401168,"SI Figure S25, t=10 h, Pd1Ir1-In2O3(CP-PD)",Pd1Ir1-In2O3(CP-PD),,,,In2O3,,Pd=0.0025;Ir=0.0044;In2O3=0.9931,In=82.141;Ir=0.440;Pd=0.250,1341.69,1072.73,1353.15,1430.29,"Ir1 = 0.44 wt% Ir, Pd1 = 0.25 wt% Pd (composition field), scaled by the name",
10.1002/anie.202401168 | 30 bar | H2/CO2 3 | 9 NL/g/h,10.1002/anie.202401168,"SI Figure S25, t=0 h, Pd1Pd1-In2O3(CP-PD)",Pd1Pd1-In2O3(CP-PD),,,,In2O3,,Pd=0.0050;In2O3=0.9950,In=82.299;Pd=0.500,449.439,179.962,460.894,538.034,"Ir1 = 0.44 wt% Ir, Pd1 = 0.25 wt% Pd (composition field), scaled by the name",
10.1002/anie.202401168 | 30 bar | H2/CO2 3 | 9 NL/g/h,10.1002/anie.202401168,"SI Figure S25, t=10 h, Pd1Pd1-In2O3(CP-PD)",Pd1Pd1-In2O3(CP-PD),,,,In2O3,,Pd=0.0050;In2O3=0.9950,In=82.299;Pd=0.500,449.439,179.962,460.894,538.034,"Ir1 = 0.44 wt% Ir, Pd1 = 0.25 wt% Pd (composition field), scaled by the name",
10.1002/anie.202401168 | 30 bar | H2/CO2 3 | 9 NL/g/h,10.1002/anie.202401168,"SI Figure S25, t=0 h, Ir1Ir1-In2O3(CP-PD)",Ir1Ir1-In2O3(CP-PD),,,,In2O3,,Ir=0.0088;In2O3=0.9912,In=81.984;Ir=0.880,2233.94,1965.49,2245.4,2322.54,"Ir1 = 0.44 wt% Ir, Pd1 = 0.25 wt% Pd (composition field), scaled by the name",
10.1002/anie.202401168 | 30 bar | H2/CO2 3 | 9 NL/g/h,10.1002/anie.202401168,"SI Figure S25, t=10 h, Ir1Ir1-In2O3(CP-PD)",Ir1Ir1-In2O3(CP-PD),,,,In2O3,,Ir=0.0088;In2O3=0.9912,In=81.984;Ir=0.880,2233.94,1965.49,2245.4,2322.54,"Ir1 = 0.44 wt% Ir, Pd1 = 0.25 wt% Pd (composition field), scaled by the name",
10.1002/anie.202401168 | 30 bar | H2/CO2 3 | 9 NL/g/h,10.1002/anie.202401168,"SI Figure S26, t=0 h, 0.5Ir1Pd1-In2O3(CP-PD)",0.5Ir1Pd1-In2O3(CP-PD),,,,In2O3,,Ir=0.0022;Pd=0.0013;In2O3=0.9966,In=82.427;Ir=0.220;Pd=0.125,806.26,536.364,817.716,894.856,"Ir1 = 0.44 wt% Ir, Pd1 = 0.25 wt% Pd (composition field), scaled by the name",
10.1002/anie.202401168 | 30 bar | H2/CO2 3 | 9 NL/g/h,10.1002/anie.202401168,"SI Figure S26, t=0 h, 2Ir1Pd1-In2O3(CP-PD)",2Ir1Pd1-In2O3(CP-PD),,,,In2O3,,Ir=0.0088;Pd=0.0050;In2O3=0.9862,In=81.571;Ir=0.880;Pd=0.500,2412.55,2145.45,2424,2501.14,"Ir1 = 0.44 wt% Ir, Pd1 = 0.25 wt% Pd (composition field), scaled by the name",
10.1002/anie.202401168 | 30 bar | H2/CO2 3 | 9 NL/g/h,10.1002/anie.202401168,"SI Figure S26, t=10 h, 2Ir1Pd1-In2O3(CP-PD)",2Ir1Pd1-In2O3(CP-PD),,,,In2O3,,Ir=0.0088;Pd=0.0050;In2O3=0.9862,In=81.571;Ir=0.880;Pd=0.500,2412.55,2145.45,2424,2501.14,"Ir1 = 0.44 wt% Ir, Pd1 = 0.25 wt% Pd (composition field), scaled by the name",
10.1002/anie.202401168 | 30 bar | H2/CO2 3 | 9 NL/g/h,10.1002/anie.202401168,"SI Figure S26, t=0 h, 4Ir1Pd1-In2O3(CP-PD)",4Ir1Pd1-In2O3(CP-PD),,,,In2O3,,Ir=0.0176;Pd=0.0100;In2O3=0.9724,In=80.429;Ir=1.760;Pd=1.000,4554.26,4290.91,4565.72,4642.86,"Ir1 = 0.44 wt% Ir, Pd1 = 0.25 wt% Pd (composition field), scaled by the name",
10.1002/anie.202401168 | 30 bar | H2/CO2 3 | 9 NL/g/h,10.1002/anie.202401168,"SI Figure S26, t=10 h, 4Ir1Pd1-In2O3(CP-PD)",4Ir1Pd1-In2O3(CP-PD),,,,In2O3,,Ir=0.0176;Pd=0.0100;In2O3=0.9724,In=80.429;Ir=1.760;Pd=1.000,4554.26,4290.91,4565.72,4642.86,"Ir1 = 0.44 wt% Ir, Pd1 = 0.25 wt% Pd (composition field), scaled by the name",
10.1002/anie.202401168 | 30 bar | H2/CO2 3 | 9 NL/g/h,10.1002/anie.202401168,"SI Figure S26, t=0 h, 10Ir1Pd1-In2O3(CP-PD)",10Ir1Pd1-In2O3(CP-PD),,,,In2O3,,Ir=0.0440;Pd=0.0250;In2O3=0.9310,In=77.005;Ir=4.400;Pd=2.500,10979.4,10727.3,10990.9,11068,"Ir1 = 0.44 wt% Ir, Pd1 = 0.25 wt% Pd (composition field), scaled by the name",
10.1002/anie.202401168 | 30 bar | H2/CO2 3 | 9 NL/g/h,10.1002/anie.202401168,"SI Figure S26, t=10 h, 10Ir1Pd1-In2O3(CP-PD)",10Ir1Pd1-In2O3(CP-PD),,,,In2O3,,Ir=0.0440;Pd=0.0250;In2O3=0.9310,In=77.005;Ir=4.400;Pd=2.500,10979.4,10727.3,10990.9,11068,"Ir1 = 0.44 wt% Ir, Pd1 = 0.25 wt% Pd (composition field), scaled by the name",
10.1002/anie.202401168 | 30 bar | H2/CO2 3 | 9 NL/g/h,10.1002/anie.202401168,"SI Figure S29, t=0 h, 225 °C",Ir1Pd1-In2O3(CP-PD),,,,In2O3,,Ir=0.0044;Pd=0.0025;In2O3=0.9931,In=82.141;Ir=0.440;Pd=0.250,1341.69,1072.73,1353.15,1430.29,"Ir1 = 0.44 wt% Ir, Pd1 = 0.25 wt% Pd (composition field), scaled by the name",
10.1002/anie.202401168 | 30 bar | H2/CO2 3 | 9 NL/g/h,10.1002/anie.202401168,"SI Figure S29, t=10 h, 225 °C",Ir1Pd1-In2O3(CP-PD),,,,In2O3,,Ir=0.0044;Pd=0.0025;In2O3=0.9931,In=82.141;Ir=0.440;Pd=0.250,1341.69,1072.73,1353.15,1430.29,"Ir1 = 0.44 wt% Ir, Pd1 = 0.25 wt% Pd (composition field), scaled by the name",
10.1002/anie.202401168 | 30 bar | H2/CO2 3 | 9 NL/g/h,10.1002/anie.202401168,"SI Figure S29, t=0 h, 275 °C",Ir1Pd1-In2O3(CP-PD),,,,In2O3,,Ir=0.0044;Pd=0.0025;In2O3=0.9931,In=82.141;Ir=0.440;Pd=0.250,1341.69,1072.73,1353.15,1430.29,"Ir1 = 0.44 wt% Ir, Pd1 = 0.25 wt% Pd (composition field), scaled by the name",
10.1002/anie.202401168 | 30 bar | H2/CO2 3 | 9 NL/g/h,10.1002/anie.202401168,"SI Figure S29, t=10 h, 275 °C",Ir1Pd1-In2O3(CP-PD),,,,In2O3,,Ir=0.0044;Pd=0.0025;In2O3=0.9931,In=82.141;Ir=0.440;Pd=0.250,1341.69,1072.73,1353.15,1430.29,"Ir1 = 0.44 wt% Ir, Pd1 = 0.25 wt% Pd (composition field), scaled by the name",
10.1002/cctc.202000974 | 20 bar | H2/CO2 3 | 3.6 NL/g/h,10.1002/cctc.202000974,"Table 1 row 1, 225°C",Pd/TiO2,5 wt. % Pd,Pd,,TiO2,,Pd=0.0500;TiO2=0.9500,Ti=56.938;Pd=5.000,1802.31,1799.62,1813.76,1890.9,5 wt% Pd; Zn from Pd:Zn = 1:5 molar,
10.1002/cctc.202000974 | 20 bar | H2/CO2 3 | 3.6 NL/g/h,10.1002/cctc.202000974,"Table 1 row 2, 225°C",Pd/ZnO,5 wt. % Pd,Pd,5,ZnO,,Pd=0.0500;ZnO=0.9500,Zn=76.323;Pd=5.000,1801.83,1799.62,1813.29,1890.43,5 wt% Pd; Zn from Pd:Zn = 1:5 molar,
10.1002/cctc.202000974 | 20 bar | H2/CO2 3 | 3.6 NL/g/h,10.1002/cctc.202000974,"Table 1 row 3, 225°C",PdZn/TiO2,5 wt. % Pd; Pd:Zn molar ratio of 1:5,Pd,,TiO2,Zn,Pd=0.0500;ZnO=0.1912;TiO2=0.7588,Ti=45.480;Zn=15.359;Pd=5.000,1802.21,1799.62,1813.67,1890.81,5 wt% Pd; Zn from Pd:Zn = 1:5 molar,
10.1002/cctc.202000974 | 20 bar | H2/CO2 3 | 3.6 NL/g/h,10.1002/cctc.202000974,"Table 1 row 4, 225°C",Pd/ZnTiO3,5 wt. % Pd,Pd,,ZnTiO3,,Pd=0.0500;ZnTiO3=0.9500,Zn=38.520;Ti=28.202;Pd=5.000,1802.07,1799.62,1813.52,1890.66,5 wt% Pd; Zn from Pd:Zn = 1:5 molar,
10.1002/cctc.202000974 | 20 bar | H2/CO2 3 | 3.6 NL/g/h,10.1002/cctc.202000974,"Table 1 row 5, 225°C",PdZn/ZnTiO3,5 wt. % Pd; Pd:Zn molar ratio of 1:5,Pd,,ZnTiO3,Zn,Pd=0.0500;ZnO=0.1912;ZnTiO3=0.7588,Zn=46.127;Ti=22.527;Pd=5.000,1802.02,1799.62,1813.48,1890.62,5 wt% Pd; Zn from Pd:Zn = 1:5 molar,
10.1002/cctc.202000974 | 20 bar | H2/CO2 3 | 3.6 NL/g/h,10.1002/cctc.202000974,"Figure 1, Pd/ZnO, 175°C",Pd/ZnO,5 wt. % Pd,Pd,5,ZnO,,Pd=0.0500;ZnO=0.9500,Zn=76.323;Pd=5.000,1801.83,1799.62,1813.29,1890.43,5 wt% Pd; Zn from Pd:Zn = 1:5 molar,
10.1002/cctc.202000974 | 20 bar | H2/CO2 3 | 3.6 NL/g/h,10.1002/cctc.202000974,"Figure 1, Pd/ZnO, 200°C",Pd/ZnO,5 wt. % Pd,Pd,5,ZnO,,Pd=0.0500;ZnO=0.9500,Zn=76.323;Pd=5.000,1801.83,1799.62,1813.29,1890.43,5 wt% Pd; Zn from Pd:Zn = 1:5 molar,
10.1002/cctc.202000974 | 20 bar | H2/CO2 3 | 3.6 NL/g/h,10.1002/cctc.202000974,"Figure 1, Pd/ZnO, 250°C",Pd/ZnO,5 wt. % Pd,Pd,5,ZnO,,Pd=0.0500;ZnO=0.9500,Zn=76.323;Pd=5.000,1801.83,1799.62,1813.29,1890.43,5 wt% Pd; Zn from Pd:Zn = 1:5 molar,
10.1002/cctc.202000974 | 20 bar | H2/CO2 3 | 3.6 NL/g/h,10.1002/cctc.202000974,"Text/Figure 2 discussion, PdZn/TiO2, 250°C",PdZn/TiO2,5 wt. % Pd; Pd:Zn molar ratio of 1:5,Pd,,TiO2,Zn,Pd=0.0500;ZnO=0.1912;TiO2=0.7588,Ti=45.480;Zn=15.359;Pd=5.000,1802.21,1799.62,1813.67,1890.81,5 wt% Pd; Zn from Pd:Zn = 1:5 molar,
10.1002/cctc.202000974 | 20 bar | H2/CO2 3 | 3.6 NL/g/h,10.1002/cctc.202000974,"Text, physical mixture Pd/ZnO and TiO2, 250°C",physical mixture of Pd/ZnO and TiO2,physical mixture of Pd/ZnO and TiO2,Pd/ZnO,,TiO2 and ZnO,,Pd=0.0250;ZnO=0.4750;TiO2=0.5000,Zn=38.162;Ti=29.967;Pd=2.500,902.333,899.808,913.788,990.928,"Pd/ZnO (5 wt% Pd) + TiO2, 1:1 by mass assumed (ratio not extracted)",assumed
10.1002/cctc.202000974 | 20 bar | H2/CO2 3 | 3.6 NL/g/h,10.1002/cctc.202000974,"SI Table S2, Pd/TiO2, 175 °C",Pd/TiO2,5 wt. % Pd,Pd,,TiO2,,Pd=0.0500;TiO2=0.9500,Ti=56.938;Pd=5.000,1802.31,1799.62,1813.76,1890.9,5 wt% Pd; Zn from Pd:Zn = 1:5 molar,
10.1002/cctc.202000974 | 20 bar | H2/CO2 3 | 3.6 NL/g/h,10.1002/cctc.202000974,"SI Table S2, Pd/TiO2, 200 °C",Pd/TiO2,5 wt. % Pd,Pd,,TiO2,,Pd=0.0500;TiO2=0.9500,Ti=56.938;Pd=5.000,1802.31,1799.62,1813.76,1890.9,5 wt% Pd; Zn from Pd:Zn = 1:5 molar,
10.1002/cctc.202000974 | 20 bar | H2/CO2 3 | 3.6 NL/g/h,10.1002/cctc.202000974,"SI Table S2, Pd/TiO2, 250 °C",Pd/TiO2,5 wt. % Pd,Pd,,TiO2,,Pd=0.0500;TiO2=0.9500,Ti=56.938;Pd=5.000,1802.31,1799.62,1813.76,1890.9,5 wt% Pd; Zn from Pd:Zn = 1:5 molar,
10.1002/cctc.202000974 | 20 bar | H2/CO2 3 | 3.6 NL/g/h,10.1002/cctc.202000974,"SI Table S2, PdZn/TiO2, 175 °C",PdZn/TiO2,5 wt. % Pd; supported Pd:Zn molar ratio = 1:5,Pd,,TiO2,Zn,Pd=0.0500;ZnO=0.1912;TiO2=0.7588,Ti=45.480;Zn=15.359;Pd=5.000,1802.21,1799.62,1813.67,1890.81,5 wt% Pd; Zn from Pd:Zn = 1:5 molar,
10.1002/cctc.202000974 | 20 bar | H2/CO2 3 | 3.6 NL/g/h,10.1002/cctc.202000974,"SI Table S2, PdZn/TiO2, 200 °C",PdZn/TiO2,5 wt. % Pd; supported Pd:Zn molar ratio = 1:5,Pd,,TiO2,Zn,Pd=0.0500;ZnO=0.1912;TiO2=0.7588,Ti=45.480;Zn=15.359;Pd=5.000,1802.21,1799.62,1813.67,1890.81,5 wt% Pd; Zn from Pd:Zn = 1:5 molar,
10.1002/cctc.202000974 | 20 bar | H2/CO2 3 | 3.6 NL/g/h,10.1002/cctc.202000974,"SI Table S2, Pd/ZnTiO3, 175 °C",Pd/ZnTiO3,5 wt. % Pd,Pd,,ZnTiO3,,Pd=0.0500;ZnTiO3=0.9500,Zn=38.520;Ti=28.202;Pd=5.000,1802.07,1799.62,1813.52,1890.66,5 wt% Pd; Zn from Pd:Zn = 1:5 molar,
10.1002/cctc.202000974 | 20 bar | H2/CO2 3 | 3.6 NL/g/h,10.1002/cctc.202000974,"SI Table S2, Pd/ZnTiO3, 200 °C",Pd/ZnTiO3,5 wt. % Pd,Pd,,ZnTiO3,,Pd=0.0500;ZnTiO3=0.9500,Zn=38.520;Ti=28.202;Pd=5.000,1802.07,1799.62,1813.52,1890.66,5 wt% Pd; Zn from Pd:Zn = 1:5 molar,
10.1002/cctc.202000974 | 20 bar | H2/CO2 3 | 3.6 NL/g/h,10.1002/cctc.202000974,"SI Table S2, Pd/ZnTiO3, 250 °C",Pd/ZnTiO3,5 wt. % Pd,Pd,,ZnTiO3,,Pd=0.0500;ZnTiO3=0.9500,Zn=38.520;Ti=28.202;Pd=5.000,1802.07,1799.62,1813.52,1890.66,5 wt% Pd; Zn from Pd:Zn = 1:5 molar,
10.1002/cctc.202000974 | 20 bar | H2/CO2 3 | 3.6 NL/g/h,10.1002/cctc.202000974,"SI Table S2, PdZn/ZnTiO3, 175 °C",PdZn/ZnTiO3,5 wt. % Pd; supported Pd:Zn molar ratio = 1:5,Pd,,ZnTiO3,Zn,Pd=0.0500;ZnO=0.1912;ZnTiO3=0.7588,Zn=46.127;Ti=22.527;Pd=5.000,1802.02,1799.62,1813.48,1890.62,5 wt% Pd; Zn from Pd:Zn = 1:5 molar,
10.1002/cctc.202000974 | 20 bar | H2/CO2 3 | 3.6 NL/g/h,10.1002/cctc.202000974,"SI Table S2, PdZn/ZnTiO3, 200 °C",PdZn/ZnTiO3,5 wt. % Pd; supported Pd:Zn molar ratio = 1:5,Pd,,ZnTiO3,Zn,Pd=0.0500;ZnO=0.1912;ZnTiO3=0.7588,Zn=46.127;Ti=22.527;Pd=5.000,1802.02,1799.62,1813.48,1890.62,5 wt% Pd; Zn from Pd:Zn = 1:5 molar,
10.1002/cctc.202000974 | 20 bar | H2/CO2 3 | 3.6 NL/g/h,10.1002/cctc.202000974,"SI Table S2, PdZn/ZnTiO3, 250 °C",PdZn/ZnTiO3,5 wt. % Pd; supported Pd:Zn molar ratio = 1:5,Pd,,ZnTiO3,Zn,Pd=0.0500;ZnO=0.1912;ZnTiO3=0.7588,Zn=46.127;Ti=22.527;Pd=5.000,1802.02,1799.62,1813.48,1890.62,5 wt% Pd; Zn from Pd:Zn = 1:5 molar,
10.1002/cctc.202000974 | 20 bar | H2/CO2 3 | 3.6 NL/g/h,10.1002/cctc.202000974,"SI Table S3, TiO2, 200 °C",TiO2,TiO2,,,TiO2,,TiO2=1.0000,Ti=59.935,2.83194,0,14.2875,91.4275,bare support,
10.1002/cctc.202000974 | 20 bar | H2/CO2 3 | 3.6 NL/g/h,10.1002/cctc.202000974,"SI Table S3, TiO2, 225 °C",TiO2,TiO2,,,TiO2,,TiO2=1.0000,Ti=59.935,2.83194,0,14.2875,91.4275,bare support,
10.1002/cctc.202000974 | 20 bar | H2/CO2 3 | 3.6 NL/g/h,10.1002/cctc.202000974,"SI Table S3, TiO2, 250 °C",TiO2,TiO2,,,TiO2,,TiO2=1.0000,Ti=59.935,2.83194,0,14.2875,91.4275,bare support,
10.1002/cctc.202000974 | 20 bar | H2/CO2 3 | 3.6 NL/g/h,10.1002/cctc.202000974,"SI Table S3, ZnO, 175 °C",ZnO,ZnO,,,ZnO,,ZnO=1.0000,Zn=80.340,2.33552,0,13.7911,90.9311,bare support,
10.1002/cctc.202000974 | 20 bar | H2/CO2 3 | 3.6 NL/g/h,10.1002/cctc.202000974,"SI Table S3, ZnO, 225 °C",ZnO,ZnO,,,ZnO,,ZnO=1.0000,Zn=80.340,2.33552,0,13.7911,90.9311,bare support,
10.1002/cctc.202000974 | 20 bar | H2/CO2 3 | 3.6 NL/g/h,10.1002/cctc.202000974,"SI Table S3, ZnO, 250 °C",ZnO,ZnO,,,ZnO,,ZnO=1.0000,Zn=80.340,2.33552,0,13.7911,90.9311,bare support,
10.1002/cctc.202000974 | 20 bar | H2/CO2 3 | 3.6 NL/g/h,10.1002/cctc.202000974,"SI Table S3, ZnTiO3, 225 °C",ZnTiO3,ZnTiO3,,,ZnTiO3,,ZnTiO3=1.0000,Zn=40.547;Ti=29.686,2.5814,0,14.037,91.177,bare support,
10.1002/cctc.202000974 | 20 bar | H2/CO2 3 | 3.6 NL/g/h,10.1002/cctc.202000974,"SI Table S3, ZnTiO3, 250 °C",ZnTiO3,ZnTiO3,,,ZnTiO3,,ZnTiO3=1.0000,Zn=40.547;Ti=29.686,2.5814,0,14.037,91.177,bare support,
10.1002/ente.201800747 | 40 bar | H2/CO2 3 | 21.6 NL/g/h,10.1002/ente.201800747,"Figure 4c, Cat-1.5 at 325 °C",Cat-1.5,In2O3 content = 9.8 wt%,,,Al2O3/Al-fiber,,In2O3=0.0980;Al2O3=0.9020,Al=47.739;In=8.106,27.0124,0,38.468,115.608,In2O3 content (wt%) from composition field,
10.1002/ente.201800747 | 40 bar | H2/CO2 3 | 21.6 NL/g/h,10.1002/ente.201800747,"Figure 4c, Cat-3.0 at 325 °C",Cat-3.0,In2O3 content = 12.3 wt%,,,Al2O3/Al-fiber,,In2O3=0.1230;Al2O3=0.8770,Al=46.416;In=10.174,33.7702,0,45.2257,122.366,In2O3 content (wt%) from composition field,
10.1002/ente.201800747 | 40 bar | H2/CO2 3 | 21.6 NL/g/h,10.1002/ente.201800747,"Figure 4c/text, Cat-4.5 at 325 °C",Cat-4.5,In2O3 content = 16.4 wt%,,,Al2O3/Al-fiber,,In2O3=0.1640;Al2O3=0.8360,Al=44.246;In=13.565,44.8528,0,56.3084,133.448,In2O3 content (wt%) from composition field,
10.1002/ente.201800747 | 40 bar | H2/CO2 3 | 21.6 NL/g/h,10.1002/ente.201800747,"Figure 4c, Cat-6.0 at 325 °C",Cat-6.0,In2O3 content = 6.2 wt%,,,Al2O3/Al-fiber,,In2O3=0.0620;Al2O3=0.9380,Al=49.645;In=5.128,17.2813,0,28.7369,105.877,In2O3 content (wt%) from composition field,
10.1002/ente.201800747 | 40 bar | H2/CO2 3 | 21.6 NL/g/h,10.1002/ente.201800747,"Text, In2O3-IWI/Al2O3/Al-fiber at 325 °C",In2O3-IWI/Al2O3/Al-fiber,In2O3 content of 14.6 wt%,,,Al2O3/Al-fiber,,In2O3=0.1460;Al2O3=0.8540,Al=45.199;In=12.076,39.9873,0,51.4428,128.583,In2O3 content (wt%) from composition field,
10.1002/ente.201800747 | 40 bar | H2/CO2 3 | 21.6 NL/g/h,10.1002/ente.201800747,"SI Table S1, Cat-1.5, 250 °C",Cat-1.5,H-In2O3/Al2O3/Al-fiber (urea/In = 1.5),,,Al2O3/Al-fiber,,In2O3=0.0980;Al2O3=0.9020,Al=47.739;In=8.106,27.0124,0,38.468,115.608,In2O3 content (wt%) from composition field,
10.1002/ente.201800747 | 40 bar | H2/CO2 3 | 21.6 NL/g/h,10.1002/ente.201800747,"SI Table S1, Cat-1.5, 275 °C",Cat-1.5,H-In2O3/Al2O3/Al-fiber (urea/In = 1.5),,,Al2O3/Al-fiber,,In2O3=0.0980;Al2O3=0.9020,Al=47.739;In=8.106,27.0124,0,38.468,115.608,In2O3 content (wt%) from composition field,
10.1002/ente.201800747 | 40 bar | H2/CO2 3 | 21.6 NL/g/h,10.1002/ente.201800747,"SI Table S1, Cat-1.5, 300 °C",Cat-1.5,H-In2O3/Al2O3/Al-fiber (urea/In = 1.5),,,Al2O3/Al-fiber,,In2O3=0.0980;Al2O3=0.9020,Al=47.739;In=8.106,27.0124,0,38.468,115.608,In2O3 content (wt%) from composition field,
10.1002/ente.201800747 | 40 bar | H2/CO2 3 | 21.6 NL/g/h,10.1002/ente.201800747,"SI Table S1, Cat-1.5, 350 °C",Cat-1.5,H-In2O3/Al2O3/Al-fiber (urea/In = 1.5),,,Al2O3/Al-fiber,,In2O3=0.0980;Al2O3=0.9020,Al=47.739;In=8.106,27.0124,0,38.468,115.608,In2O3 content (wt%) from composition field,
10.1002/ente.201800747 | 40 bar | H2/CO2 3 | 21.6 NL/g/h,10.1002/ente.201800747,"SI Table S1, Cat-3.0, 250 °C",Cat-3.0,H-In2O3/Al2O3/Al-fiber (urea/In = 3.0),,,Al2O3/Al-fiber,,In2O3=0.1230;Al2O3=0.8770,Al=46.416;In=10.174,33.7702,0,45.2257,122.366,In2O3 content (wt%) from composition field,
10.1002/ente.201800747 | 40 bar | H2/CO2 3 | 21.6 NL/g/h,10.1002/ente.201800747,"SI Table S1, Cat-3.0, 275 °C",Cat-3.0,H-In2O3/Al2O3/Al-fiber (urea/In = 3.0),,,Al2O3/Al-fiber,,In2O3=0.1230;Al2O3=0.8770,Al=46.416;In=10.174,33.7702,0,45.2257,122.366,In2O3 content (wt%) from composition field,
10.1002/ente.201800747 | 40 bar | H2/CO2 3 | 21.6 NL/g/h,10.1002/ente.201800747,"SI Table S1, Cat-3.0, 300 °C",Cat-3.0,H-In2O3/Al2O3/Al-fiber (urea/In = 3.0),,,Al2O3/Al-fiber,,In2O3=0.1230;Al2O3=0.8770,Al=46.416;In=10.174,33.7702,0,45.2257,122.366,In2O3 content (wt%) from composition field,
10.1002/ente.201800747 | 40 bar | H2/CO2 3 | 21.6 NL/g/h,10.1002/ente.201800747,"SI Table S1, Cat-3.0, 350 °C",Cat-3.0,H-In2O3/Al2O3/Al-fiber (urea/In = 3.0),,,Al2O3/Al-fiber,,In2O3=0.1230;Al2O3=0.8770,Al=46.416;In=10.174,33.7702,0,45.2257,122.366,In2O3 content (wt%) from composition field,
10.1002/ente.201800747 | 40 bar | H2/CO2 3 | 21.6 NL/g/h,10.1002/ente.201800747,"SI Table S1, Cat-4.5, 250 °C",Cat-4.5,In2O3/Al2O3/Al-fiber (urea/In = 4.5),,,Al2O3/Al-fiber,,In2O3=0.1640;Al2O3=0.8360,Al=44.246;In=13.565,44.8528,0,56.3084,133.448,In2O3 content (wt%) from composition field,
10.1002/ente.201800747 | 40 bar | H2/CO2 3 | 21.6 NL/g/h,10.1002/ente.201800747,"SI Table S1, Cat-4.5, 275 °C",Cat-4.5,In2O3/Al2O3/Al-fiber (urea/In = 4.5),,,Al2O3/Al-fiber,,In2O3=0.1640;Al2O3=0.8360,Al=44.246;In=13.565,44.8528,0,56.3084,133.448,In2O3 content (wt%) from composition field,
10.1002/ente.201800747 | 40 bar | H2/CO2 3 | 21.6 NL/g/h,10.1002/ente.201800747,"SI Table S1, Cat-4.5, 300 °C",Cat-4.5,In2O3/Al2O3/Al-fiber (urea/In = 4.5),,,Al2O3/Al-fiber,,In2O3=0.1640;Al2O3=0.8360,Al=44.246;In=13.565,44.8528,0,56.3084,133.448,In2O3 content (wt%) from composition field,
10.1002/ente.201800747 | 40 bar | H2/CO2 3 | 21.6 NL/g/h,10.1002/ente.201800747,"SI Table S1, Cat-4.5, 350 °C",Cat-4.5,In2O3/Al2O3/Al-fiber (urea/In = 4.5),,,Al2O3/Al-fiber,,In2O3=0.1640;Al2O3=0.8360,Al=44.246;In=13.565,44.8528,0,56.3084,133.448,In2O3 content (wt%) from composition field,
10.1002/ente.201800747 | 40 bar | H2/CO2 3 | 21.6 NL/g/h,10.1002/ente.201800747,"SI Table S1, Cat-6.0, 250 °C",Cat-6.0,H-In2O3/Al2O3/Al-fiber (urea/In = 6.0),,,Al2O3/Al-fiber,,In2O3=0.0620;Al2O3=0.9380,Al=49.645;In=5.128,17.2813,0,28.7369,105.877,In2O3 content (wt%) from composition field,
10.1002/ente.201800747 | 40 bar | H2/CO2 3 | 21.6 NL/g/h,10.1002/ente.201800747,"SI Table S1, Cat-6.0, 275 °C",Cat-6.0,H-In2O3/Al2O3/Al-fiber (urea/In = 6.0),,,Al2O3/Al-fiber,,In2O3=0.0620;Al2O3=0.9380,Al=49.645;In=5.128,17.2813,0,28.7369,105.877,In2O3 content (wt%) from composition field,
10.1002/ente.201800747 | 40 bar | H2/CO2 3 | 21.6 NL/g/h,10.1002/ente.201800747,"SI Table S1, Cat-6.0, 300 °C",Cat-6.0,H-In2O3/Al2O3/Al-fiber (urea/In = 6.0),,,Al2O3/Al-fiber,,In2O3=0.0620;Al2O3=0.9380,Al=49.645;In=5.128,17.2813,0,28.7369,105.877,In2O3 content (wt%) from composition field,
10.1002/ente.201800747 | 40 bar | H2/CO2 3 | 21.6 NL/g/h,10.1002/ente.201800747,"SI Table S1, Cat-6.0, 350 °C",Cat-6.0,H-In2O3/Al2O3/Al-fiber (urea/In = 6.0),,,Al2O3/Al-fiber,,In2O3=0.0620;Al2O3=0.9380,Al=49.645;In=5.128,17.2813,0,28.7369,105.877,In2O3 content (wt%) from composition field,
10.1002/ente.201800747 | 40 bar | H2/CO2 3 | 21.6 NL/g/h,10.1002/ente.201800747,"SI Table S1, In2O3-IWI/Al2O3/Al-fiber, 250 °C",In2O3-IWI/Al2O3/Al-fiber,In2O3-IWI/Al2O3/Al-fiber (Impregnation),,,Al2O3/Al-fiber,,In2O3=0.1460;Al2O3=0.8540,Al=45.199;In=12.076,39.9873,0,51.4428,128.583,In2O3 content (wt%) from composition field,
10.1002/ente.201800747 | 40 bar | H2/CO2 3 | 21.6 NL/g/h,10.1002/ente.201800747,"SI Table S1, In2O3-IWI/Al2O3/Al-fiber, 275 °C",In2O3-IWI/Al2O3/Al-fiber,In2O3-IWI/Al2O3/Al-fiber (Impregnation),,,Al2O3/Al-fiber,,In2O3=0.1460;Al2O3=0.8540,Al=45.199;In=12.076,39.9873,0,51.4428,128.583,In2O3 content (wt%) from composition field,
10.1002/ente.201800747 | 40 bar | H2/CO2 3 | 21.6 NL/g/h,10.1002/ente.201800747,"SI Table S1, In2O3-IWI/Al2O3/Al-fiber, 300 °C",In2O3-IWI/Al2O3/Al-fiber,In2O3-IWI/Al2O3/Al-fiber (Impregnation),,,Al2O3/Al-fiber,,In2O3=0.1460;Al2O3=0.8540,Al=45.199;In=12.076,39.9873,0,51.4428,128.583,In2O3 content (wt%) from composition field,
10.1002/ente.201800747 | 40 bar | H2/CO2 3 | 21.6 NL/g/h,10.1002/ente.201800747,"SI Table S1, In2O3-IWI/Al2O3/Al-fiber, 350 °C",In2O3-IWI/Al2O3/Al-fiber,In2O3-IWI/Al2O3/Al-fiber (Impregnation),,,Al2O3/Al-fiber,,In2O3=0.1460;Al2O3=0.8540,Al=45.199;In=12.076,39.9873,0,51.4428,128.583,In2O3 content (wt%) from composition field,
10.1002/ente.201800747 | 40 bar | H2/CO2 3 | 21.6 NL/g/h,10.1002/ente.201800747,"SI Table S1, H-In2O3/Al2O3, 250 °C",H-In2O3/Al2O3,H-In2O3/Al2O3 (urea/In = 4.5),,,Al2O3,,In2O3=0.1640;Al2O3=0.8360,Al=44.246;In=13.565,44.8528,0,56.3084,133.448,same synthesis as Cat-4.5 (urea/In 4.5); 16.4 wt% In2O3 assumed,assumed
10.1002/ente.201800747 | 40 bar | H2/CO2 3 | 21.6 NL/g/h,10.1002/ente.201800747,"SI Table S1, H-In2O3/Al2O3, 275 °C",H-In2O3/Al2O3,H-In2O3/Al2O3 (urea/In = 4.5),,,Al2O3,,In2O3=0.1640;Al2O3=0.8360,Al=44.246;In=13.565,44.8528,0,56.3084,133.448,same synthesis as Cat-4.5 (urea/In 4.5); 16.4 wt% In2O3 assumed,assumed
10.1002/ente.201800747 | 40 bar | H2/CO2 3 | 21.6 NL/g/h,10.1002/ente.201800747,"SI Table S1, H-In2O3/Al2O3, 300 °C",H-In2O3/Al2O3,H-In2O3/Al2O3 (urea/In = 4.5),,,Al2O3,,In2O3=0.1640;Al2O3=0.8360,Al=44.246;In=13.565,44.8528,0,56.3084,133.448,same synthesis as Cat-4.5 (urea/In 4.5); 16.4 wt% In2O3 assumed,assumed
10.1002/ente.201800747 | 40 bar | H2/CO2 3 | 21.6 NL/g/h,10.1002/ente.201800747,"SI Table S1, H-In2O3/Al2O3, 325 °C",H-In2O3/Al2O3,H-In2O3/Al2O3 (urea/In = 4.5),,,Al2O3,,In2O3=0.1640;Al2O3=0.8360,Al=44.246;In=13.565,44.8528,0,56.3084,133.448,same synthesis as Cat-4.5 (urea/In 4.5); 16.4 wt% In2O3 assumed,assumed
10.1002/ente.201800747 | 40 bar | H2/CO2 3 | 21.6 NL/g/h,10.1002/ente.201800747,"SI Table S1, H-In2O3/Al2O3, 350 °C",H-In2O3/Al2O3,H-In2O3/Al2O3 (urea/In = 4.5),,,Al2O3,,In2O3=0.1640;Al2O3=0.8360,Al=44.246;In=13.565,44.8528,0,56.3084,133.448,same synthesis as Cat-4.5 (urea/In 4.5); 16.4 wt% In2O3 assumed,assumed
10.1002/ente.201800747 | 40 bar | H2/CO2 3 | 21.6 NL/g/h,10.1002/ente.201800747,"Figure 5a left; Cat-4.5 at 325 °C, first point",Cat-4.5,H-In2O3/Al2O3/Al-fiber; In2O3 content 16.4 wt%,,,Al2O3/Al-fiber,,In2O3=0.1640;Al2O3=0.8360,Al=44.246;In=13.565,44.8528,0,56.3084,133.448,In2O3 content (wt%) from composition field,
10.1002/ente.201800747 | 40 bar | H2/CO2 3 | 21.6 NL/g/h,10.1002/ente.201800747,"Figure 5a left; Cat-4.5 at 325 °C, last point",Cat-4.5,H-In2O3/Al2O3/Al-fiber; In2O3 content 16.4 wt%,,,Al2O3/Al-fiber,,In2O3=0.1640;Al2O3=0.8360,Al=44.246;In=13.565,44.8528,0,56.3084,133.448,In2O3 content (wt%) from composition field,
10.1016/j.apcata.2018.04.036 | 20 bar | H2/CO2 3 | 2.4 NL/g/h,10.1016/j.apcata.2018.04.036,"Fig 10c/text, 0.5Ca5P5ZC, 20 bar",0.5Ca5P5ZC,0.5 wt% Ca 5 wt%Pd 5 wt%Zn/CeO2,Pd;Zn,10,CeO2,Ca,Pd=0.0500;CaO=0.0070;ZnO=0.0622;CeO2=0.8808,Ce=71.702;Pd=5.000;Zn=5.000;Ca=0.500,1801.09,1799.62,1812.55,1889.69,"name code: wt% Ca, Pd (P), Zn (Z); C = CeO2, Zr = ZrO2",
10.1016/j.apcata.2018.04.036 | 30 bar | H2/CO2 3 | 2.4 NL/g/h,10.1016/j.apcata.2018.04.036,"Table 6, 0.5Ca5P5ZC, 220 °C",0.5Ca5P5ZC,0.5 wt% Ca 5 wt%Pd 5 wt%Zn/CeO2,Pd;Zn,10,CeO2,Ca,Pd=0.0500;CaO=0.0070;ZnO=0.0622;CeO2=0.8808,Ce=71.702;Pd=5.000;Zn=5.000;Ca=0.500,1801.09,1799.62,1812.55,1889.69,"name code: wt% Ca, Pd (P), Zn (Z); C = CeO2, Zr = ZrO2",
10.1016/j.apcata.2018.04.036 | 30 bar | H2/CO2 3 | 2.4 NL/g/h,10.1016/j.apcata.2018.04.036,"Table 6, 5P5ZC, 220 °C",5P5ZC,5 wt% Pd 5 wt% Zn/CeO2,Pd;Zn,10,CeO2,,Pd=0.0500;ZnO=0.0622;CeO2=0.8878,Ce=72.272;Pd=5.000;Zn=5.000,1801.1,1799.62,1812.56,1889.7,"name code: wt% Ca, Pd (P), Zn (Z); C = CeO2, Zr = ZrO2",
10.1016/j.apcata.2018.04.036 | 30 bar | H2/CO2 3 | 2.4 NL/g/h,10.1016/j.apcata.2018.04.036,"Table 6, 5PC, 220 °C",5PC,5 wt% Pd/CeO2,Pd,5,CeO2,,Pd=0.0500;CeO2=0.9500,Ce=77.338;Pd=5.000,1801.05,1799.62,1812.51,1889.65,"name code: wt% Ca, Pd (P), Zn (Z); C = CeO2, Zr = ZrO2",
10.1016/j.apcata.2018.04.036 | 30 bar | H2/CO2 3 | 2.4 NL/g/h,10.1016/j.apcata.2018.04.036,"Fig 10a,b, 5PC, 230 °C",5PC,5 wt% Pd/CeO2,Pd,5,CeO2,,Pd=0.0500;CeO2=0.9500,Ce=77.338;Pd=5.000,1801.05,1799.62,1812.51,1889.65,"name code: wt% Ca, Pd (P), Zn (Z); C = CeO2, Zr = ZrO2",
10.1016/j.apcata.2018.04.036 | 30 bar | H2/CO2 3 | 2.4 NL/g/h,10.1016/j.apcata.2018.04.036,"Fig 10a,b, 5PC, 250 °C",5PC,5 wt% Pd/CeO2,Pd,5,CeO2,,Pd=0.0500;CeO2=0.9500,Ce=77.338;Pd=5.000,1801.05,1799.62,1812.51,1889.65,"name code: wt% Ca, Pd (P), Zn (Z); C = CeO2, Zr = ZrO2",
10.1016/j.apcata.2018.04.036 | 30 bar | H2/CO2 3 | 2.4 NL/g/h,10.1016/j.apcata.2018.04.036,"Fig 10a,b, 5PC, 270 °C",5PC,5 wt% Pd/CeO2,Pd,5,CeO2,,Pd=0.0500;CeO2=0.9500,Ce=77.338;Pd=5.000,1801.05,1799.62,1812.51,1889.65,"name code: wt% Ca, Pd (P), Zn (Z); C = CeO2, Zr = ZrO2",
10.1016/j.apcata.2018.04.036 | 30 bar | H2/CO2 3 | 2.4 NL/g/h,10.1016/j.apcata.2018.04.036,"Fig 10a,b, 5P5ZC, 230 °C",5P5ZC,5 wt% Pd 5 wt% Zn/CeO2,Pd;Zn,10,CeO2,,Pd=0.0500;ZnO=0.0622;CeO2=0.8878,Ce=72.272;Pd=5.000;Zn=5.000,1801.1,1799.62,1812.56,1889.7,"name code: wt% Ca, Pd (P), Zn (Z); C = CeO2, Zr = ZrO2",
10.1016/j.apcata.2018.04.036 | 30 bar | H2/CO2 3 | 2.4 NL/g/h,10.1016/j.apcata.2018.04.036,"Fig 10a,b, 5P5ZC, 250 °C",5P5ZC,5 wt% Pd 5 wt% Zn/CeO2,Pd;Zn,10,CeO2,,Pd=0.0500;ZnO=0.0622;CeO2=0.8878,Ce=72.272;Pd=5.000;Zn=5.000,1801.1,1799.62,1812.56,1889.7,"name code: wt% Ca, Pd (P), Zn (Z); C = CeO2, Zr = ZrO2",
10.1016/j.apcata.2018.04.036 | 30 bar | H2/CO2 3 | 2.4 NL/g/h,10.1016/j.apcata.2018.04.036,"Fig 10a,b, 5P5ZC, 270 °C",5P5ZC,5 wt% Pd 5 wt% Zn/CeO2,Pd;Zn,10,CeO2,,Pd=0.0500;ZnO=0.0622;CeO2=0.8878,Ce=72.272;Pd=5.000;Zn=5.000,1801.1,1799.62,1812.56,1889.7,"name code: wt% Ca, Pd (P), Zn (Z); C = CeO2, Zr = ZrO2",
10.1016/j.apcata.2018.04.036 | 30 bar | H2/CO2 3 | 2.4 NL/g/h,10.1016/j.apcata.2018.04.036,"Fig 10a,b/text, 0.5Ca5P5ZC, 230 °C, 30 bar",0.5Ca5P5ZC,0.5 wt% Ca 5 wt%Pd 5 wt%Zn/CeO2,Pd;Zn,10,CeO2,Ca,Pd=0.0500;CaO=0.0070;ZnO=0.0622;CeO2=0.8808,Ce=71.702;Pd=5.000;Zn=5.000;Ca=0.500,1801.09,1799.62,1812.55,1889.69,"name code: wt% Ca, Pd (P), Zn (Z); C = CeO2, Zr = ZrO2",
10.1016/j.apcata.2018.04.036 | 30 bar | H2/CO2 3 | 2.4 NL/g/h,10.1016/j.apcata.2018.04.036,"Fig 10a,b, 0.5Ca5P5ZC, 250 °C",0.5Ca5P5ZC,0.5 wt% Ca 5 wt%Pd 5 wt%Zn/CeO2,Pd;Zn,10,CeO2,Ca,Pd=0.0500;CaO=0.0070;ZnO=0.0622;CeO2=0.8808,Ce=71.702;Pd=5.000;Zn=5.000;Ca=0.500,1801.09,1799.62,1812.55,1889.69,"name code: wt% Ca, Pd (P), Zn (Z); C = CeO2, Zr = ZrO2",
10.1016/j.apcata.2018.04.036 | 30 bar | H2/CO2 3 | 2.4 NL/g/h,10.1016/j.apcata.2018.04.036,"Fig 10a,b/text, 0.5Ca5P5ZC, 270 °C",0.5Ca5P5ZC,0.5 wt% Ca 5 wt%Pd 5 wt%Zn/CeO2,Pd;Zn,10,CeO2,Ca,Pd=0.0500;CaO=0.0070;ZnO=0.0622;CeO2=0.8808,Ce=71.702;Pd=5.000;Zn=5.000;Ca=0.500,1801.09,1799.62,1812.55,1889.69,"name code: wt% Ca, Pd (P), Zn (Z); C = CeO2, Zr = ZrO2",
10.1016/j.apcata.2018.04.036 | 30 bar | H2/CO2 3 | 2.4 NL/g/h,10.1016/j.apcata.2018.04.036,"Fig 10d, 0.5Ca5P5ZC stability, 15 h",0.5Ca5P5ZC,0.5 wt% Ca 5 wt%Pd 5 wt%Zn/CeO2,Pd;Zn,10,CeO2,Ca,Pd=0.0500;CaO=0.0070;ZnO=0.0622;CeO2=0.8808,Ce=71.702;Pd=5.000;Zn=5.000;Ca=0.500,1801.09,1799.62,1812.55,1889.69,"name code: wt% Ca, Pd (P), Zn (Z); C = CeO2, Zr = ZrO2",
10.1016/j.apcata.2018.04.036 | 40 bar | H2/CO2 3 | 2.4 NL/g/h,10.1016/j.apcata.2018.04.036,"Fig 10c, 0.5Ca5P5ZC, 40 bar",0.5Ca5P5ZC,0.5 wt% Ca 5 wt%Pd 5 wt%Zn/CeO2,Pd;Zn,10,CeO2,Ca,Pd=0.0500;CaO=0.0070;ZnO=0.0622;CeO2=0.8808,Ce=71.702;Pd=5.000;Zn=5.000;Ca=0.500,1801.09,1799.62,1812.55,1889.69,"name code: wt% Ca, Pd (P), Zn (Z); C = CeO2, Zr = ZrO2",
10.1016/j.apcata.2018.04.036 | 50 bar | H2/CO2 3 | 2.4 NL/g/h,10.1016/j.apcata.2018.04.036,"Fig 10c/text, 0.5Ca5P5ZC, 50 bar",0.5Ca5P5ZC,0.5 wt% Ca 5 wt%Pd 5 wt%Zn/CeO2,Pd;Zn,10,CeO2,Ca,Pd=0.0500;CaO=0.0070;ZnO=0.0622;CeO2=0.8808,Ce=71.702;Pd=5.000;Zn=5.000;Ca=0.500,1801.09,1799.62,1812.55,1889.69,"name code: wt% Ca, Pd (P), Zn (Z); C = CeO2, Zr = ZrO2",
10.1016/j.apcata.2019.117144 | 40 bar | H2/CO2 4 | 52 NL/g/h,10.1016/j.apcata.2019.117144,"Fig. 5, 528 K, In2O3/ZrO2",In2O3/ZrO2,"WIn = 10.1% (XRF, metallic basis)",,,ZrO2,,In2O3=0.1221;ZrO2=0.8779,Zr=64.992;In=10.100,45.7248,0,57.1804,134.32,loading from composition text (measured),
10.1016/j.apcata.2019.117144 | 40 bar | H2/CO2 4 | 52 NL/g/h,10.1016/j.apcata.2019.117144,"Fig. 5, 543 K, In2O3/ZrO2",In2O3/ZrO2,"WIn = 10.1% (XRF, metallic basis)",,,ZrO2,,In2O3=0.1221;ZrO2=0.8779,Zr=64.992;In=10.100,45.7248,0,57.1804,134.32,loading from composition text (measured),
10.1016/j.apcata.2019.117144 | 40 bar | H2/CO2 4 | 52 NL/g/h,10.1016/j.apcata.2019.117144,"Fig. 5/Table 1, 573 K, In2O3/ZrO2",In2O3/ZrO2,"WIn = 10.1% (XRF, metallic basis)",,,ZrO2,,In2O3=0.1221;ZrO2=0.8779,Zr=64.992;In=10.100,45.7248,0,57.1804,134.32,loading from composition text (measured),
10.1016/j.apcata.2019.117144 | 40 bar | H2/CO2 4 | 52 NL/g/h,10.1016/j.apcata.2019.117144,"Fig. 5, 558 K, In2O3/ZrO2",In2O3/ZrO2,"WIn = 10.1% (XRF, metallic basis)",,,ZrO2,,In2O3=0.1221;ZrO2=0.8779,Zr=64.992;In=10.100,45.7248,0,57.1804,134.32,loading from composition text (measured),
10.1016/j.apcata.2019.117144 | 40 bar | H2/CO2 4 | 52 NL/g/h,10.1016/j.apcata.2019.117144,"Fig. 5, 528 K, 1.5Y9In/ZrO2",1.5Y9In/ZrO2,"WY = 1.5%, WIn = 9.1% (XRF, metallic basis)",,,ZrO2,Y,Y2O3=0.0190;In2O3=0.1100;ZrO2=0.8709,Zr=64.477;In=9.100;Y=1.500,42.8811,0,54.3367,131.477,loading from composition text (measured),
10.1016/j.apcata.2019.117144 | 40 bar | H2/CO2 4 | 52 NL/g/h,10.1016/j.apcata.2019.117144,"Fig. 5, 543 K, 1.5Y9In/ZrO2",1.5Y9In/ZrO2,"WY = 1.5%, WIn = 9.1% (XRF, metallic basis)",,,ZrO2,Y,Y2O3=0.0190;In2O3=0.1100;ZrO2=0.8709,Zr=64.477;In=9.100;Y=1.500,42.8811,0,54.3367,131.477,loading from composition text (measured),
10.1016/j.apcata.2019.117144 | 40 bar | H2/CO2 4 | 52 NL/g/h,10.1016/j.apcata.2019.117144,"Fig. 5, 558 K, 1.5Y9In/ZrO2",1.5Y9In/ZrO2,"WY = 1.5%, WIn = 9.1% (XRF, metallic basis)",,,ZrO2,Y,Y2O3=0.0190;In2O3=0.1100;ZrO2=0.8709,Zr=64.477;In=9.100;Y=1.500,42.8811,0,54.3367,131.477,loading from composition text (measured),
10.1016/j.apcata.2019.117144 | 40 bar | H2/CO2 4 | 52 NL/g/h,10.1016/j.apcata.2019.117144,"Fig. 5/Table 1, 573 K, 1.5Y9In/ZrO2",1.5Y9In/ZrO2,"WY = 1.5%, WIn = 9.1% (XRF, metallic basis)",,,ZrO2,Y,Y2O3=0.0190;In2O3=0.1100;ZrO2=0.8709,Zr=64.477;In=9.100;Y=1.500,42.8811,0,54.3367,131.477,loading from composition text (measured),
10.1016/j.apcata.2019.117144 | 40 bar | H2/CO2 4 | 52 NL/g/h,10.1016/j.apcata.2019.117144,"Fig. 5, 528 K, 2Y8In/ZrO2",2Y8In/ZrO2,"WY = 2.3%, WIn = 8.4% (XRF, metallic basis)",,,ZrO2,Y,Y2O3=0.0292;In2O3=0.1016;ZrO2=0.8692,Zr=64.351;In=8.400;Y=2.300,40.8478,0,52.3034,129.443,loading from composition text (measured),
10.1016/j.apcata.2019.117144 | 40 bar | H2/CO2 4 | 52 NL/g/h,10.1016/j.apcata.2019.117144,"Fig. 5, 543 K, 2Y8In/ZrO2",2Y8In/ZrO2,"WY = 2.3%, WIn = 8.4% (XRF, metallic basis)",,,ZrO2,Y,Y2O3=0.0292;In2O3=0.1016;ZrO2=0.8692,Zr=64.351;In=8.400;Y=2.300,40.8478,0,52.3034,129.443,loading from composition text (measured),
10.1016/j.apcata.2019.117144 | 40 bar | H2/CO2 4 | 52 NL/g/h,10.1016/j.apcata.2019.117144,"Fig. 5, 558 K, 2Y8In/ZrO2",2Y8In/ZrO2,"WY = 2.3%, WIn = 8.4% (XRF, metallic basis)",,,ZrO2,Y,Y2O3=0.0292;In2O3=0.1016;ZrO2=0.8692,Zr=64.351;In=8.400;Y=2.300,40.8478,0,52.3034,129.443,loading from composition text (measured),
10.1016/j.apcata.2019.117144 | 40 bar | H2/CO2 4 | 52 NL/g/h,10.1016/j.apcata.2019.117144,"Fig. 5, 573 K, 2Y8In/ZrO2",2Y8In/ZrO2,"WY = 2.3%, WIn = 8.4% (XRF, metallic basis)",,,ZrO2,Y,Y2O3=0.0292;In2O3=0.1016;ZrO2=0.8692,Zr=64.351;In=8.400;Y=2.300,40.8478,0,52.3034,129.443,loading from composition text (measured),
10.1016/j.apcata.2019.117144 | 40 bar | H2/CO2 4 | 52 NL/g/h,10.1016/j.apcata.2019.117144,"Fig. 5, 528 K, 3Y8In/ZrO2",3Y8In/ZrO2,"WY = 2.9%, WIn = 8.4% (XRF, metallic basis)",,,ZrO2,Y,Y2O3=0.0368;In2O3=0.1016;ZrO2=0.8616,Zr=63.787;In=8.400;Y=2.900,40.9503,0,52.4059,129.546,loading from composition text (measured),
10.1016/j.apcata.2019.117144 | 40 bar | H2/CO2 4 | 52 NL/g/h,10.1016/j.apcata.2019.117144,"Fig. 5, 543 K, 3Y8In/ZrO2",3Y8In/ZrO2,"WY = 2.9%, WIn = 8.4% (XRF, metallic basis)",,,ZrO2,Y,Y2O3=0.0368;In2O3=0.1016;ZrO2=0.8616,Zr=63.787;In=8.400;Y=2.900,40.9503,0,52.4059,129.546,loading from composition text (measured),
10.1016/j.apcata.2019.117144 | 40 bar | H2/CO2 4 | 52 NL/g/h,10.1016/j.apcata.2019.117144,"Fig. 5, 558 K, 3Y8In/ZrO2",3Y8In/ZrO2,"WY = 2.9%, WIn = 8.4% (XRF, metallic basis)",,,ZrO2,Y,Y2O3=0.0368;In2O3=0.1016;ZrO2=0.8616,Zr=63.787;In=8.400;Y=2.900,40.9503,0,52.4059,129.546,loading from composition text (measured),
10.1016/j.apcata.2019.117144 | 40 bar | H2/CO2 4 | 52 NL/g/h,10.1016/j.apcata.2019.117144,"Fig. 5, 573 K, 3Y8In/ZrO2",3Y8In/ZrO2,"WY = 2.9%, WIn = 8.4% (XRF, metallic basis)",,,ZrO2,Y,Y2O3=0.0368;In2O3=0.1016;ZrO2=0.8616,Zr=63.787;In=8.400;Y=2.900,40.9503,0,52.4059,129.546,loading from composition text (measured),
10.1016/j.apcata.2019.117144 | 40 bar | H2/CO2 4 | 52 NL/g/h,10.1016/j.apcata.2019.117144,"Fig. 5, 528 K, 3La10In/ZrO2",3La10In/ZrO2,"WLa = 3.4%, WIn = 9.9% (XRF, metallic basis)",,,ZrO2,La,La2O3=0.0399;In2O3=0.1197;ZrO2=0.8404,Zr=62.219;In=9.900;La=3.400,44.5653,0,56.0209,133.161,loading from composition text (measured),
10.1016/j.apcata.2019.117144 | 40 bar | H2/CO2 4 | 52 NL/g/h,10.1016/j.apcata.2019.117144,"Fig. 5/Table 1, 543 K, 3La10In/ZrO2",3La10In/ZrO2,"WLa = 3.4%, WIn = 9.9% (XRF, metallic basis)",,,ZrO2,La,La2O3=0.0399;In2O3=0.1197;ZrO2=0.8404,Zr=62.219;In=9.900;La=3.400,44.5653,0,56.0209,133.161,loading from composition text (measured),
10.1016/j.apcata.2019.117144 | 40 bar | H2/CO2 4 | 52 NL/g/h,10.1016/j.apcata.2019.117144,"Fig. 5, 558 K, 3La10In/ZrO2",3La10In/ZrO2,"WLa = 3.4%, WIn = 9.9% (XRF, metallic basis)",,,ZrO2,La,La2O3=0.0399;In2O3=0.1197;ZrO2=0.8404,Zr=62.219;In=9.900;La=3.400,44.5653,0,56.0209,133.161,loading from composition text (measured),
10.1016/j.apcata.2019.117144 | 40 bar | H2/CO2 4 | 52 NL/g/h,10.1016/j.apcata.2019.117144,"Fig. 5/Table 1, 573 K, 3La10In/ZrO2",3La10In/ZrO2,"WLa = 3.4%, WIn = 9.9% (XRF, metallic basis)",,,ZrO2,La,La2O3=0.0399;In2O3=0.1197;ZrO2=0.8404,Zr=62.219;In=9.900;La=3.400,44.5653,0,56.0209,133.161,loading from composition text (measured),
10.1016/j.apcatb.2017.06.069 | 50 bar | H2/CO2 4 | 21 NL/g/h,10.1016/j.apcatb.2017.06.069,"Table 2, Pd-I/In2O3, 200 °C",Pd-I/In2O3,Pd loading = 0.97 wt%,Pd,0.97,In2O3,,Pd=0.0097;In2O3=0.9903,In=81.910;Pd=0.970,617.329,349.125,628.785,705.925,loading from composition text,
10.1016/j.apcatb.2017.06.069 | 50 bar | H2/CO2 4 | 21 NL/g/h,10.1016/j.apcatb.2017.06.069,"Table 2, Pd-I/In2O3, 225 °C",Pd-I/In2O3,Pd loading = 0.97 wt%,Pd,0.97,In2O3,,Pd=0.0097;In2O3=0.9903,In=81.910;Pd=0.970,617.329,349.125,628.785,705.925,loading from composition text,
10.1016/j.apcatb.2017.06.069 | 50 bar | H2/CO2 4 | 21 NL/g/h,10.1016/j.apcatb.2017.06.069,"Table 2, Pd-P/In2O3, 200 °C",Pd-P/In2O3,Pd loading = 0.91 wt%,Pd,0.91,In2O3,,Pd=0.0091;In2O3=0.9909,In=81.959;Pd=0.910,595.897,327.53,607.352,684.492,loading from composition text,
10.1016/j.apcatb.2017.06.069 | 50 bar | H2/CO2 4 | 21 NL/g/h,10.1016/j.apcatb.2017.06.069,"Table 2, Pd-P/In2O3, 225 °C",Pd-P/In2O3,Pd loading = 0.91 wt%,Pd,0.91,In2O3,,Pd=0.0091;In2O3=0.9909,In=81.959;Pd=0.910,595.897,327.53,607.352,684.492,loading from composition text,
10.1016/j.apcatb.2017.06.069 | 50 bar | H2/CO2 4 | 21 NL/g/h,10.1016/j.apcatb.2017.06.069,"Text/Fig. 1, Pd-P/In2O3, 300 °C, 5 MPa",Pd-P/In2O3,Pd loading = 0.91 wt%,Pd,0.91,In2O3,,Pd=0.0091;In2O3=0.9909,In=81.959;Pd=0.910,595.897,327.53,607.352,684.492,loading from composition text,
10.1016/j.apcatb.2017.06.069 | 50 bar | H2/CO2 4 | 21 NL/g/h,10.1016/j.apcatb.2017.06.069,"SI Table S1, In2O3 This work",In2O3,,,,,,In2O3=1.0000,In=82.712,270.831,0,282.287,359.427,bulk oxide,
10.1016/j.apcatb.2017.06.069 | 50 bar | H2/CO2 4 | 21 NL/g/h,10.1016/j.apcatb.2017.06.069,"SI Table S2, Pd-I/In2O3 This work",Pd-I/In2O3,,Pd,0.97,In2O3,,Pd=0.0097;In2O3=0.9903,In=81.910;Pd=0.970,617.329,349.125,628.785,705.925,loading from composition text (same-name record),
10.1016/j.apcatb.2017.06.069 | 50 bar | H2/CO2 4 | 21 NL/g/h,10.1016/j.apcatb.2017.06.069,"Figure 1a,b, 200 °C, In2O3",In2O3,In2O3,,,,,In2O3=1.0000,In=82.712,270.831,0,282.287,359.427,bulk oxide,
10.1016/j.apcatb.2017.06.069 | 50 bar | H2/CO2 4 | 21 NL/g/h,10.1016/j.apcatb.2017.06.069,"Figure 1a,b, 225 °C, In2O3",In2O3,In2O3,,,,,In2O3=1.0000,In=82.712,270.831,0,282.287,359.427,bulk oxide,
10.1016/j.apcatb.2017.06.069 | 50 bar | H2/CO2 4 | 21 NL/g/h,10.1016/j.apcatb.2017.06.069,"Figure 1a,b, 250 °C, In2O3",In2O3,In2O3,,,,,In2O3=1.0000,In=82.712,270.831,0,282.287,359.427,bulk oxide,
10.1016/j.apcatb.2017.06.069 | 50 bar | H2/CO2 4 | 21 NL/g/h,10.1016/j.apcatb.2017.06.069,"Figure 1a,b, 275 °C, In2O3",In2O3,In2O3,,,,,In2O3=1.0000,In=82.712,270.831,0,282.287,359.427,bulk oxide,
10.1016/j.apcatb.2017.06.069 | 50 bar | H2/CO2 4 | 21 NL/g/h,10.1016/j.apcatb.2017.06.069,"Figure 1a,b, 250 °C, Pd-I/In2O3",Pd-I/In2O3,Pd loading 0.97 wt% on In2O3,Pd,0.97,In2O3,,Pd=0.0097;In2O3=0.9903,In=81.910;Pd=0.970,617.329,349.125,628.785,705.925,loading from composition text,
10.1016/j.apcatb.2017.06.069 | 50 bar | H2/CO2 4 | 21 NL/g/h,10.1016/j.apcatb.2017.06.069,"Figure 1a,b, 275 °C, Pd-I/In2O3",Pd-I/In2O3,Pd loading 0.97 wt% on In2O3,Pd,0.97,In2O3,,Pd=0.0097;In2O3=0.9903,In=81.910;Pd=0.970,617.329,349.125,628.785,705.925,loading from composition text,
10.1016/j.apcatb.2017.06.069 | 50 bar | H2/CO2 4 | 21 NL/g/h,10.1016/j.apcatb.2017.06.069,"Figure 1a,b, 250 °C, Pd-P/In2O3",Pd-P/In2O3,Pd loading 0.91 wt% on In2O3,Pd,0.91,In2O3,,Pd=0.0091;In2O3=0.9909,In=81.959;Pd=0.910,595.897,327.53,607.352,684.492,loading from composition text,
10.1016/j.apcatb.2017.06.069 | 50 bar | H2/CO2 4 | 21 NL/g/h,10.1016/j.apcatb.2017.06.069,"Figure 1a,b, 275 °C, Pd-P/In2O3",Pd-P/In2O3,Pd loading 0.91 wt% on In2O3,Pd,0.91,In2O3,,Pd=0.0091;In2O3=0.9909,In=81.959;Pd=0.910,595.897,327.53,607.352,684.492,loading from composition text,
10.1016/j.apcatb.2019.118367 | 30 bar | H2/CO2 3 | 6 NL/g/h,10.1016/j.apcatb.2019.118367,"Fig. 4, Pd/ZnO",Pd/ZnO,Pd loading of 2.50 wt.% on ZnO,Pd,,ZnO,,Pd=0.0250;ZnO=0.9750,Zn=78.332;Pd=2.500,902.085,899.808,913.54,990.68,2.5 wt% Pd,
10.1016/j.apcatb.2019.118367 | 30 bar | H2/CO2 3 | 6 NL/g/h,10.1016/j.apcatb.2019.118367,"Fig. 4, Pd/ZnO-0.35Al",Pd/ZnO-0.35Al,Pd loading of 2.50 wt.%; 0.35 wt.% Al in Zn-Al mixed oxides,Pd,,ZnO,Al,Pd=0.0250;ZnO=0.9686;Al2O3=0.0064,Zn=77.814;Pd=2.500;Al=0.341,902.073,899.808,913.529,990.669,2.5 wt% Pd; Al wt% of the Zn-Al oxide from the name,
10.1016/j.apcatb.2019.118367 | 30 bar | H2/CO2 3 | 6 NL/g/h,10.1016/j.apcatb.2019.118367,"Fig. 4, Pd/ZnO-1.85Al",Pd/ZnO-1.85Al,Pd loading of 2.50 wt.%; 1.85 wt.% Al in Zn-Al mixed oxides,Pd,,ZnO,Al,Pd=0.0250;ZnO=0.9409;Al2O3=0.0341,Zn=75.594;Pd=2.500;Al=1.804,902.023,899.808,913.478,990.618,2.5 wt% Pd; Al wt% of the Zn-Al oxide from the name,
10.1016/j.apcatb.2019.118367 | 30 bar | H2/CO2 3 | 6 NL/g/h,10.1016/j.apcatb.2019.118367,"Fig. 4, Pd/ZnO-3.93Al",Pd/ZnO-3.93Al,Pd loading of 2.50 wt.%; 3.93 wt.% Al in Zn-Al mixed oxides,Pd,,ZnO,Al,Pd=0.0250;ZnO=0.9026;Al2O3=0.0724,Zn=72.515;Al=3.832;Pd=2.500,901.953,899.808,913.409,990.549,2.5 wt% Pd; Al wt% of the Zn-Al oxide from the name,
10.1016/j.apcatb.2019.118367 | 30 bar | H2/CO2 3 | 6 NL/g/h,10.1016/j.apcatb.2019.118367,"Fig. 4, Pd/ZnO-7.49Al",Pd/ZnO-7.49Al,Pd loading of 2.50 wt.%; 7.49 wt.% Al in Zn-Al mixed oxides,Pd,,ZnO,Al,Pd=0.0250;ZnO=0.8370;Al2O3=0.1380,Zn=67.246;Al=7.303;Pd=2.500,901.834,899.808,913.29,990.43,2.5 wt% Pd; Al wt% of the Zn-Al oxide from the name,
10.1016/j.apcatb.2019.118367 | 30 bar | H2/CO2 3 | 6 NL/g/h,10.1016/j.apcatb.2019.118367,"Fig. 4, Pd/ZnO-12.14Al",Pd/ZnO-12.14Al,Pd loading of 2.50 wt.%; 12.14 wt.% Al in Zn-Al mixed oxides,Pd,,ZnO,Al,Pd=0.0250;ZnO=0.7514;Al2O3=0.2236,Zn=60.364;Al=11.836;Pd=2.500,901.679,899.808,913.135,990.275,2.5 wt% Pd; Al wt% of the Zn-Al oxide from the name,
10.1016/j.apcatb.2019.118367 | 30 bar | H2/CO2 3 | 6 NL/g/h,10.1016/j.apcatb.2019.118367,"Fig. 4 / Fig. 5d, Pd/Al2O3",Pd/Al2O3,Pd loading of 2.50 wt.% on γ-Al2O3,Pd,,γ-Al2O3,,Pd=0.0250;Al2O3=0.9750,Al=51.603;Pd=2.500,900.317,899.808,911.772,988.912,2.5 wt% Pd,
10.1016/j.apcatb.2019.118367 | 30 bar | H2/CO2 3 | 6 NL/g/h,10.1016/j.apcatb.2019.118367,"Fig. 5d, Pd/ZnAl2O4",Pd/ZnAl2O4,Pd loading of 2.50 wt.% on ZnAl2O4,Pd,,ZnAl2O4,,Pd=0.0250;ZnAl2O4=0.9750,Zn=34.769;Al=28.698;Pd=2.500,901.101,899.808,912.557,989.697,2.5 wt% Pd,
10.1016/j.apcatb.2019.118367 | 30 bar | H2/CO2 3 | 6 NL/g/h,10.1016/j.apcatb.2019.118367,"Fig. 5d, Pd/ZnO/Al2O3",Pd/ZnO/Al2O3,Pd loading of 2.50 wt.% on ZnO/Al2O3,Pd,,Al2O3,,Pd=0.0250;ZnO=0.4875;Al2O3=0.4875,Zn=39.166;Al=25.801;Pd=2.500,901.201,899.808,912.656,989.796,2.5 wt% Pd; ZnO:Al2O3 1:1 by mass assumed,assumed
10.1016/j.cattod.2019.05.040 | 10 bar | H2/CO2 3 | 2.4 NL/g/h,10.1016/j.cattod.2019.05.040,"Figure 7d-e, 5P5ZZr-IMP at 250 °C and 10 bar",5P5ZZr-IMP,"Pd and Zn loading amount, 5.0 wt% each over ZrO2",Pd;Zn,10,ZrO2,,Pd=0.0500;ZnO=0.0622;ZrO2=0.8878,Zr=65.723;Pd=5.000;Zn=5.000,1812.56,1799.62,1824.01,1901.15,"name code: wt% Ca, Pd (P), Zn (Z); C = CeO2, Zr = ZrO2",
10.1016/j.cattod.2019.05.040 | 10 bar | H2/CO2 3 | 2.4 NL/g/h,10.1016/j.cattod.2019.05.040,"Figure 7d-e, 0.5Ca5P5ZZr-IMP at 250 °C and 10 bar",0.5Ca5P5ZZr-IMP,0.5 wt% Ca and 5.0 wt% Pd and Zn over ZrO2,Pd;Zn,10,ZrO2,Ca,Pd=0.0500;CaO=0.0070;ZnO=0.0622;ZrO2=0.8808,Zr=65.205;Pd=5.000;Zn=5.000;Ca=0.500,1812.46,1799.62,1823.91,1901.05,"name code: wt% Ca, Pd (P), Zn (Z); C = CeO2, Zr = ZrO2",
10.1016/j.cattod.2019.05.040 | 20 bar | H2/CO2 3 | 2.4 NL/g/h,10.1016/j.cattod.2019.05.040,"Figure 7d-e, 5P5ZZr-IMP at 250 °C and 20 bar",5P5ZZr-IMP,"Pd and Zn loading amount, 5.0 wt% each over ZrO2",Pd;Zn,10,ZrO2,,Pd=0.0500;ZnO=0.0622;ZrO2=0.8878,Zr=65.723;Pd=5.000;Zn=5.000,1812.56,1799.62,1824.01,1901.15,"name code: wt% Ca, Pd (P), Zn (Z); C = CeO2, Zr = ZrO2",
10.1016/j.cattod.2019.05.040 | 20 bar | H2/CO2 3 | 2.4 NL/g/h,10.1016/j.cattod.2019.05.040,"Figure 7d-e, 0.5Ca5P5ZZr-IMP at 250 °C and 20 bar",0.5Ca5P5ZZr-IMP,0.5 wt% Ca and 5.0 wt% Pd and Zn over ZrO2,Pd;Zn,10,ZrO2,Ca,Pd=0.0500;CaO=0.0070;ZnO=0.0622;ZrO2=0.8808,Zr=65.205;Pd=5.000;Zn=5.000;Ca=0.500,1812.46,1799.62,1823.91,1901.05,"name code: wt% Ca, Pd (P), Zn (Z); C = CeO2, Zr = ZrO2",
10.1016/j.cattod.2019.05.040 | 30 bar | H2/CO2 3 | 2.4 NL/g/h,10.1016/j.cattod.2019.05.040,"Table 3, 5P5ZZr-IMP at 230 °C",5P5ZZr-IMP,"Pd and Zn loading amount, 5.0 wt% each over ZrO2",Pd;Zn,10,ZrO2,,Pd=0.0500;ZnO=0.0622;ZrO2=0.8878,Zr=65.723;Pd=5.000;Zn=5.000,1812.56,1799.62,1824.01,1901.15,"name code: wt% Ca, Pd (P), Zn (Z); C = CeO2, Zr = ZrO2",
10.1016/j.cattod.2019.05.040 | 30 bar | H2/CO2 3 | 2.4 NL/g/h,10.1016/j.cattod.2019.05.040,"Table 3, 0.5Ca5P5ZZr-IMP at 230 °C",0.5Ca5P5ZZr-IMP,0.5 wt% Ca and 5.0 wt% Pd and Zn over ZrO2,Pd;Zn,10,ZrO2,Ca,Pd=0.0500;CaO=0.0070;ZnO=0.0622;ZrO2=0.8808,Zr=65.205;Pd=5.000;Zn=5.000;Ca=0.500,1812.46,1799.62,1823.91,1901.05,"name code: wt% Ca, Pd (P), Zn (Z); C = CeO2, Zr = ZrO2",
10.1016/j.cattod.2019.05.040 | 30 bar | H2/CO2 3 | 2.4 NL/g/h,10.1016/j.cattod.2019.05.040,"Figure 7a-c, 5P5ZZr-IMP at 220 °C",5P5ZZr-IMP,"Pd and Zn loading amount, 5.0 wt% each over ZrO2",Pd;Zn,10,ZrO2,,Pd=0.0500;ZnO=0.0622;ZrO2=0.8878,Zr=65.723;Pd=5.000;Zn=5.000,1812.56,1799.62,1824.01,1901.15,"name code: wt% Ca, Pd (P), Zn (Z); C = CeO2, Zr = ZrO2",
10.1016/j.cattod.2019.05.040 | 30 bar | H2/CO2 3 | 2.4 NL/g/h,10.1016/j.cattod.2019.05.040,"Figure 7a-c, 0.5Ca5P5ZZr-IMP at 220 °C",0.5Ca5P5ZZr-IMP,0.5 wt% Ca and 5.0 wt% Pd and Zn over ZrO2,Pd;Zn,10,ZrO2,Ca,Pd=0.0500;CaO=0.0070;ZnO=0.0622;ZrO2=0.8808,Zr=65.205;Pd=5.000;Zn=5.000;Ca=0.500,1812.46,1799.62,1823.91,1901.05,"name code: wt% Ca, Pd (P), Zn (Z); C = CeO2, Zr = ZrO2",
10.1016/j.cattod.2019.05.040 | 30 bar | H2/CO2 3 | 2.4 NL/g/h,10.1016/j.cattod.2019.05.040,"Figure 7a-c, 5P5ZZr-IMP at 250 °C and 30 bar",5P5ZZr-IMP,"Pd and Zn loading amount, 5.0 wt% each over ZrO2",Pd;Zn,10,ZrO2,,Pd=0.0500;ZnO=0.0622;ZrO2=0.8878,Zr=65.723;Pd=5.000;Zn=5.000,1812.56,1799.62,1824.01,1901.15,"name code: wt% Ca, Pd (P), Zn (Z); C = CeO2, Zr = ZrO2",
10.1016/j.cattod.2019.05.040 | 30 bar | H2/CO2 3 | 2.4 NL/g/h,10.1016/j.cattod.2019.05.040,"Figure 7a-c, 0.5Ca5P5ZZr-IMP at 250 °C and 30 bar",0.5Ca5P5ZZr-IMP,0.5 wt% Ca and 5.0 wt% Pd and Zn over ZrO2,Pd;Zn,10,ZrO2,Ca,Pd=0.0500;CaO=0.0070;ZnO=0.0622;ZrO2=0.8808,Zr=65.205;Pd=5.000;Zn=5.000;Ca=0.500,1812.46,1799.62,1823.91,1901.05,"name code: wt% Ca, Pd (P), Zn (Z); C = CeO2, Zr = ZrO2",
10.1016/j.cattod.2019.05.040 | 30 bar | H2/CO2 3 | 2.4 NL/g/h,10.1016/j.cattod.2019.05.040,"Figure 7a-c, 5P5ZZr-IMP at 270 °C",5P5ZZr-IMP,"Pd and Zn loading amount, 5.0 wt% each over ZrO2",Pd;Zn,10,ZrO2,,Pd=0.0500;ZnO=0.0622;ZrO2=0.8878,Zr=65.723;Pd=5.000;Zn=5.000,1812.56,1799.62,1824.01,1901.15,"name code: wt% Ca, Pd (P), Zn (Z); C = CeO2, Zr = ZrO2",
10.1016/j.cattod.2019.05.040 | 30 bar | H2/CO2 3 | 2.4 NL/g/h,10.1016/j.cattod.2019.05.040,"Figure 7a-c, 0.5Ca5P5ZZr-IMP at 270 °C",0.5Ca5P5ZZr-IMP,0.5 wt% Ca and 5.0 wt% Pd and Zn over ZrO2,Pd;Zn,10,ZrO2,Ca,Pd=0.0500;CaO=0.0070;ZnO=0.0622;ZrO2=0.8808,Zr=65.205;Pd=5.000;Zn=5.000;Ca=0.500,1812.46,1799.62,1823.91,1901.05,"name code: wt% Ca, Pd (P), Zn (Z); C = CeO2, Zr = ZrO2",
10.1016/j.cattod.2019.05.040 | 30 bar | H2/CO2 3 | 2.4 NL/g/h,10.1016/j.cattod.2019.05.040,"Figure 7f, 0.5Ca5P5ZZr-IMP stability at 0 h",0.5Ca5P5ZZr-IMP,0.5 wt% Ca and 5.0 wt% Pd and Zn over ZrO2,Pd;Zn,10,ZrO2,Ca,Pd=0.0500;CaO=0.0070;ZnO=0.0622;ZrO2=0.8808,Zr=65.205;Pd=5.000;Zn=5.000;Ca=0.500,1812.46,1799.62,1823.91,1901.05,"name code: wt% Ca, Pd (P), Zn (Z); C = CeO2, Zr = ZrO2",
10.1016/j.cattod.2019.05.040 | 30 bar | H2/CO2 3 | 2.4 NL/g/h,10.1016/j.cattod.2019.05.040,"Figure 7f, 0.5Ca5P5ZZr-IMP stability at 20 h",0.5Ca5P5ZZr-IMP,0.5 wt% Ca and 5.0 wt% Pd and Zn over ZrO2,Pd;Zn,10,ZrO2,Ca,Pd=0.0500;CaO=0.0070;ZnO=0.0622;ZrO2=0.8808,Zr=65.205;Pd=5.000;Zn=5.000;Ca=0.500,1812.46,1799.62,1823.91,1901.05,"name code: wt% Ca, Pd (P), Zn (Z); C = CeO2, Zr = ZrO2",
10.1016/j.cattod.2019.05.040 | 30 bar | H2/CO2 3 | 2.4 NL/g/h,10.1016/j.cattod.2019.05.040,"Figure 7f, 0.5Ca5P5ZZr-IMP stability at 50 h",0.5Ca5P5ZZr-IMP,0.5 wt% Ca and 5.0 wt% Pd and Zn over ZrO2,Pd;Zn,10,ZrO2,Ca,Pd=0.0500;CaO=0.0070;ZnO=0.0622;ZrO2=0.8808,Zr=65.205;Pd=5.000;Zn=5.000;Ca=0.500,1812.46,1799.62,1823.91,1901.05,"name code: wt% Ca, Pd (P), Zn (Z); C = CeO2, Zr = ZrO2",
10.1016/j.cattod.2019.05.040 | 30 bar | H2/CO2 3 | 2.4 NL/g/h,10.1016/j.cattod.2019.05.040,"Figure 7f, 0.5Ca5P5ZZr-IMP stability at 75 h",0.5Ca5P5ZZr-IMP,0.5 wt% Ca and 5.0 wt% Pd and Zn over ZrO2,Pd;Zn,10,ZrO2,Ca,Pd=0.0500;CaO=0.0070;ZnO=0.0622;ZrO2=0.8808,Zr=65.205;Pd=5.000;Zn=5.000;Ca=0.500,1812.46,1799.62,1823.91,1901.05,"name code: wt% Ca, Pd (P), Zn (Z); C = CeO2, Zr = ZrO2",
10.1016/j.cattod.2019.05.040 | 30 bar | H2/CO2 3 | 2.4 NL/g/h,10.1016/j.cattod.2019.05.040,"Figure 7f, 0.5Ca5P5ZZr-IMP stability at 100 h",0.5Ca5P5ZZr-IMP,0.5 wt% Ca and 5.0 wt% Pd and Zn over ZrO2,Pd;Zn,10,ZrO2,Ca,Pd=0.0500;CaO=0.0070;ZnO=0.0622;ZrO2=0.8808,Zr=65.205;Pd=5.000;Zn=5.000;Ca=0.500,1812.46,1799.62,1823.91,1901.05,"name code: wt% Ca, Pd (P), Zn (Z); C = CeO2, Zr = ZrO2",
10.1016/j.cattod.2020.05.049 | 41 bar | H2/CO2 3 | 3.6 NL/g/h,10.1016/j.cattod.2020.05.049,Table 1 row 1,Pd-Cu/TiO2-C,Pd/(Pd + Cu) atomic ratio was fixed at 0.25 mol mol−1; support TiO2-C,Pd;Cu,,TiO2-C,,,Cu=47.932;Zn=24.102;Al=5.293,6.64442,0,18.1,95.24,"Pd-Cu, Pd/(Pd+Cu) = 0.25 atomic, but the total metal loading is not reported in the paper (it refers to its",unparsed
10.1016/j.cattod.2020.05.049 | 41 bar | H2/CO2 3 | 3.6 NL/g/h,10.1016/j.cattod.2020.05.049,Table 1 row 2,Pd-Cu/Ti0.8Ce0.2O2,Pd/(Pd + Cu) atomic ratio was fixed at 0.25 mol mol−1; support Ti0.8Ce0.2O2 (Ti:Ce molar ratio 8:2),Pd;Cu,,Ti0.8Ce0.2O2,,,Cu=47.932;Zn=24.102;Al=5.293,6.64442,0,18.1,95.24,"Pd-Cu, Pd/(Pd+Cu) = 0.25 atomic, but the total metal loading is not reported in the paper (it refers to its",unparsed
10.1016/j.cattod.2020.05.049 | 41 bar | H2/CO2 3 | 3.6 NL/g/h,10.1016/j.cattod.2020.05.049,Table 1 row 3,Pd-Cu/Ti0.2Ce0.8O2,Pd/(Pd + Cu) atomic ratio was fixed at 0.25 mol mol−1; support Ti0.2Ce0.8O2 (Ti:Ce molar ratio 2:8),Pd;Cu,,Ti0.2Ce0.8O2,,,Cu=47.932;Zn=24.102;Al=5.293,6.64442,0,18.1,95.24,"Pd-Cu, Pd/(Pd+Cu) = 0.25 atomic, but the total metal loading is not reported in the paper (it refers to its",unparsed
10.1016/j.cattod.2020.05.049 | 41 bar | H2/CO2 3 | 3.6 NL/g/h,10.1016/j.cattod.2020.05.049,Table 1 row 4,Pd-Cu/CeO2-C,Pd/(Pd + Cu) atomic ratio was fixed at 0.25 mol mol−1; support CeO2-C,Pd;Cu,,CeO2-C,,,Cu=47.932;Zn=24.102;Al=5.293,6.64442,0,18.1,95.24,"Pd-Cu, Pd/(Pd+Cu) = 0.25 atomic, but the total metal loading is not reported in the paper (it refers to its",unparsed
10.1016/j.cattod.2020.05.049 | 41 bar | H2/CO2 3 | 3.6 NL/g/h,10.1016/j.cattod.2020.05.049,Table 1 row 5,Pd-Cu/Ti0.8Zr0.2O2,Pd/(Pd + Cu) atomic ratio was fixed at 0.25 mol mol−1; support Ti0.8Zr0.2O2 (Ti:Zr molar ratio 8:2),Pd;Cu,,Ti0.8Zr0.2O2,,,Cu=47.932;Zn=24.102;Al=5.293,6.64442,0,18.1,95.24,"Pd-Cu, Pd/(Pd+Cu) = 0.25 atomic, but the total metal loading is not reported in the paper (it refers to its",unparsed
10.1016/j.cattod.2020.05.049 | 41 bar | H2/CO2 3 | 3.6 NL/g/h,10.1016/j.cattod.2020.05.049,Table 1 row 6,Pd-Cu/Ti0.5Zr0.5O2,Pd/(Pd + Cu) atomic ratio was fixed at 0.25 mol mol−1; support Ti0.5Zr0.5O2 (Ti:Zr molar ratio 5:5),Pd;Cu,,Ti0.5Zr0.5O2,,,Cu=47.932;Zn=24.102;Al=5.293,6.64442,0,18.1,95.24,"Pd-Cu, Pd/(Pd+Cu) = 0.25 atomic, but the total metal loading is not reported in the paper (it refers to its",unparsed
10.1016/j.cattod.2020.05.049 | 41 bar | H2/CO2 3 | 3.6 NL/g/h,10.1016/j.cattod.2020.05.049,Table 1 row 7,Pd-Cu/Ti0.3Zr0.7O2,Pd/(Pd + Cu) atomic ratio was fixed at 0.25 mol mol−1; support Ti0.3Zr0.7O2 (Ti:Zr molar ratio 3:7),Pd;Cu,,Ti0.3Zr0.7O2,,,Cu=47.932;Zn=24.102;Al=5.293,6.64442,0,18.1,95.24,"Pd-Cu, Pd/(Pd+Cu) = 0.25 atomic, but the total metal loading is not reported in the paper (it refers to its",unparsed
10.1016/j.cattod.2020.05.049 | 41 bar | H2/CO2 3 | 3.6 NL/g/h,10.1016/j.cattod.2020.05.049,Table 1 row 8,Pd-Cu/Ti0.2Zr0.8O2,Pd/(Pd + Cu) atomic ratio was fixed at 0.25 mol mol−1; support Ti0.2Zr0.8O2 (Ti:Zr molar ratio 2:8),Pd;Cu,,Ti0.2Zr0.8O2,,,Cu=47.932;Zn=24.102;Al=5.293,6.64442,0,18.1,95.24,"Pd-Cu, Pd/(Pd+Cu) = 0.25 atomic, but the total metal loading is not reported in the paper (it refers to its",unparsed
10.1016/j.cattod.2020.05.049 | 41 bar | H2/CO2 3 | 3.6 NL/g/h,10.1016/j.cattod.2020.05.049,Table 1 row 9,Pd-Cu/Ti0.1Zr0.9O2,Pd/(Pd + Cu) atomic ratio was fixed at 0.25 mol mol−1; support Ti0.1Zr0.9O2 (Ti:Zr molar ratio 1:9),Pd;Cu,,Ti0.1Zr0.9O2,,,Cu=47.932;Zn=24.102;Al=5.293,6.64442,0,18.1,95.24,"Pd-Cu, Pd/(Pd+Cu) = 0.25 atomic, but the total metal loading is not reported in the paper (it refers to its",unparsed
10.1016/j.cattod.2020.05.049 | 41 bar | H2/CO2 3 | 3.6 NL/g/h,10.1016/j.cattod.2020.05.049,Table 1 row 10,Pd-Cu/ZrO2-C,Pd/(Pd + Cu) atomic ratio was fixed at 0.25 mol mol−1; support ZrO2-C,Pd;Cu,,ZrO2-C,,,Cu=47.932;Zn=24.102;Al=5.293,6.64442,0,18.1,95.24,"Pd-Cu, Pd/(Pd+Cu) = 0.25 atomic, but the total metal loading is not reported in the paper (it refers to its",unparsed
10.1016/j.cattod.2020.05.049 | 41 bar | H2/CO2 3 | 3.6 NL/g/h,10.1016/j.cattod.2020.05.049,"Figure 7, Pd-Cu/Ti0.1Zr0.9O2, 493 K",Pd-Cu/Ti0.1Zr0.9O2,Pd/(Pd + Cu) atomic ratio was fixed at 0.25 mol mol−1; support Ti0.1Zr0.9O2 (Ti:Zr molar ratio 1:9),Pd;Cu,,Ti0.1Zr0.9O2,,,Cu=47.932;Zn=24.102;Al=5.293,6.64442,0,18.1,95.24,"Pd-Cu, Pd/(Pd+Cu) = 0.25 atomic, but the total metal loading is not reported in the paper (it refers to its",unparsed
10.1016/j.cattod.2020.05.049 | 41 bar | H2/CO2 3 | 3.6 NL/g/h,10.1016/j.cattod.2020.05.049,"Figure 7, Pd-Cu/SiO2 benchmark",Pd-Cu/SiO2,Pd/(Pd + Cu) atomic ratio = 0.25 mol mol−1,Pd;Cu,,SiO2,,,Cu=47.932;Zn=24.102;Al=5.293,6.64442,0,18.1,95.24,"Pd-Cu, Pd/(Pd+Cu) = 0.25 atomic, but the total metal loading is not reported in the paper (it refers to its",unparsed
10.1016/j.cej.2022.135090 | 40 bar | H2/CO2 3 | 6 NL/g/h,10.1016/j.cej.2022.135090,"Fig. 2/Fig. 7, In2O3/HZSM-5 = 2:1, 250 °C",In2O3/HZSM-5,In2O3:HZSM-5 = 2:1,,,HZSM-5,,In2O3=0.6667;SiO2=0.3333,In=55.141;Si=15.581,180.949,0,192.405,269.545,In2O3:HZSM-5 = 2:1 (mass); HZSM-5 priced as SiO2,assumed
10.1016/j.cej.2022.135090 | 40 bar | H2/CO2 3 | 6 NL/g/h,10.1016/j.cej.2022.135090,"Fig. 2/Fig. 7, In2O3/HZSM-5 = 2:1, 280 °C",In2O3/HZSM-5,In2O3:HZSM-5 = 2:1,,,HZSM-5,,In2O3=0.6667;SiO2=0.3333,In=55.141;Si=15.581,180.949,0,192.405,269.545,In2O3:HZSM-5 = 2:1 (mass); HZSM-5 priced as SiO2,assumed
10.1016/j.cej.2022.135090 | 40 bar | H2/CO2 3 | 6 NL/g/h,10.1016/j.cej.2022.135090,"Fig. 2/Fig. 7, In2O3/HZSM-5 = 2:1, 300 °C",In2O3/HZSM-5,In2O3:HZSM-5 = 2:1,,,HZSM-5,,In2O3=0.6667;SiO2=0.3333,In=55.141;Si=15.581,180.949,0,192.405,269.545,In2O3:HZSM-5 = 2:1 (mass); HZSM-5 priced as SiO2,assumed
10.1016/j.cej.2022.135090 | 40 bar | H2/CO2 3 | 6 NL/g/h,10.1016/j.cej.2022.135090,"Fig. 2/Fig. 7, In2O3/HZSM-5 = 2:1, 320 °C",In2O3/HZSM-5,In2O3:HZSM-5 = 2:1,,,HZSM-5,,In2O3=0.6667;SiO2=0.3333,In=55.141;Si=15.581,180.949,0,192.405,269.545,In2O3:HZSM-5 = 2:1 (mass); HZSM-5 priced as SiO2,assumed
10.1016/j.cej.2022.135090 | 40 bar | H2/CO2 3 | 6 NL/g/h,10.1016/j.cej.2022.135090,"Fig. 2/Fig. 7, In2O3/HZSM-5 = 2:1, 340 °C",In2O3/HZSM-5,In2O3:HZSM-5 = 2:1,,,HZSM-5,,In2O3=0.6667;SiO2=0.3333,In=55.141;Si=15.581,180.949,0,192.405,269.545,In2O3:HZSM-5 = 2:1 (mass); HZSM-5 priced as SiO2,assumed
10.1016/j.cej.2022.135090 | 40 bar | H2/CO2 3 | 6 NL/g/h,10.1016/j.cej.2022.135090,"Fig. 2/Fig. 7, In2O3/HZSM-5 = 2:1, 370 °C",In2O3/HZSM-5,In2O3:HZSM-5 = 2:1,,,HZSM-5,,In2O3=0.6667;SiO2=0.3333,In=55.141;Si=15.581,180.949,0,192.405,269.545,In2O3:HZSM-5 = 2:1 (mass); HZSM-5 priced as SiO2,assumed
10.1016/j.cej.2022.135090 | 40 bar | H2/CO2 3 | 6 NL/g/h,10.1016/j.cej.2022.135090,"Fig. 2/Fig. 7, In2O3/HZSM-5 = 2:1, 400 °C",In2O3/HZSM-5,In2O3:HZSM-5 = 2:1,,,HZSM-5,,In2O3=0.6667;SiO2=0.3333,In=55.141;Si=15.581,180.949,0,192.405,269.545,In2O3:HZSM-5 = 2:1 (mass); HZSM-5 priced as SiO2,assumed
10.1016/j.cej.2024.149370 | 50 bar | H2/CO2 4 | 21 NL/g/h,10.1016/j.cej.2024.149370,"Fig. 1a,b, Pd/In2O3, 220 °C",Pd/In2O3,metal loading 1 wt%,Pd,1,In2O3,,Pd=0.0100;In2O3=0.9900,In=81.885;Pd=1.000,628.046,359.923,639.501,716.641,1 wt% metal,
10.1016/j.cej.2024.149370 | 50 bar | H2/CO2 4 | 21 NL/g/h,10.1016/j.cej.2024.149370,"Fig. 1a,b, Pd-Pt/In2O3-n(3:1), 220 °C",Pd-Pt/In2O3-n(3:1),metal loading 1 wt%; Pd/Pt atomic ratio = 3:1,Pd;Pt,,In2O3,,Pd=0.0062;Pt=0.0038;In2O3=0.9900,In=81.885;Pd=0.621;Pt=0.379,664.424,396.302,675.88,753.02,1 wt% total split by Pd/Pt atomic ratio,
10.1016/j.cej.2024.149370 | 50 bar | H2/CO2 4 | 21 NL/g/h,10.1016/j.cej.2024.149370,"Fig. 1a,b, Pd-Pt/In2O3, 220 °C",Pd-Pt/In2O3,"total loading of Pd and Pt was 1 wt%, and Pd/Pt atomic ratio was 1:1",Pd;Pt,,In2O3,,Pd=0.0035;Pt=0.0065;In2O3=0.9900,In=81.885;Pt=0.647;Pd=0.353,690.105,421.982,701.561,778.701,1 wt% total split by Pd/Pt atomic ratio,
10.1016/j.cej.2024.149370 | 50 bar | H2/CO2 4 | 21 NL/g/h,10.1016/j.cej.2024.149370,"Fig. 1a,b, Pd-Pt/In2O3-n(1:3), 220 °C",Pd-Pt/In2O3-n(1:3),metal loading 1 wt%; Pd/Pt atomic ratio = 1:3,Pd;Pt,,In2O3,,Pd=0.0015;Pt=0.0085;In2O3=0.9900,In=81.885;Pt=0.846;Pd=0.154,709.202,441.079,720.657,797.797,1 wt% total split by Pd/Pt atomic ratio,
10.1016/j.cej.2024.149370 | 50 bar | H2/CO2 4 | 21 NL/g/h,10.1016/j.cej.2024.149370,"Fig. 1a,b, Pt/In2O3, 220 °C",Pt/In2O3,metal loading 1 wt%,Pt,1,In2O3,,Pt=0.0100;In2O3=0.9900,In=81.885;Pt=1.000,723.959,455.836,735.415,812.555,1 wt% metal,
10.1016/j.cej.2024.149370 | 50 bar | H2/CO2 4 | 21 NL/g/h,10.1016/j.cej.2024.149370,"Fig. 1a,b, Pd/In2O3, 240 °C",Pd/In2O3,metal loading 1 wt%,Pd,1,In2O3,,Pd=0.0100;In2O3=0.9900,In=81.885;Pd=1.000,628.046,359.923,639.501,716.641,1 wt% metal,
10.1016/j.cej.2024.149370 | 50 bar | H2/CO2 4 | 21 NL/g/h,10.1016/j.cej.2024.149370,"Fig. 1a,b, Pd-Pt/In2O3-n(3:1), 240 °C",Pd-Pt/In2O3-n(3:1),metal loading 1 wt%; Pd/Pt atomic ratio = 3:1,Pd;Pt,,In2O3,,Pd=0.0062;Pt=0.0038;In2O3=0.9900,In=81.885;Pd=0.621;Pt=0.379,664.424,396.302,675.88,753.02,1 wt% total split by Pd/Pt atomic ratio,
10.1016/j.cej.2024.149370 | 50 bar | H2/CO2 4 | 21 NL/g/h,10.1016/j.cej.2024.149370,"Fig. 1a,b, Pd-Pt/In2O3, 240 °C",Pd-Pt/In2O3,"total loading of Pd and Pt was 1 wt%, and Pd/Pt atomic ratio was 1:1",Pd;Pt,,In2O3,,Pd=0.0035;Pt=0.0065;In2O3=0.9900,In=81.885;Pt=0.647;Pd=0.353,690.105,421.982,701.561,778.701,1 wt% total split by Pd/Pt atomic ratio,
10.1016/j.cej.2024.149370 | 50 bar | H2/CO2 4 | 21 NL/g/h,10.1016/j.cej.2024.149370,"Fig. 1a,b, Pd-Pt/In2O3-n(1:3), 240 °C",Pd-Pt/In2O3-n(1:3),metal loading 1 wt%; Pd/Pt atomic ratio = 1:3,Pd;Pt,,In2O3,,Pd=0.0015;Pt=0.0085;In2O3=0.9900,In=81.885;Pt=0.846;Pd=0.154,709.202,441.079,720.657,797.797,1 wt% total split by Pd/Pt atomic ratio,
10.1016/j.cej.2024.149370 | 50 bar | H2/CO2 4 | 21 NL/g/h,10.1016/j.cej.2024.149370,"Fig. 1a,b, Pt/In2O3, 240 °C",Pt/In2O3,metal loading 1 wt%,Pt,1,In2O3,,Pt=0.0100;In2O3=0.9900,In=81.885;Pt=1.000,723.959,455.836,735.415,812.555,1 wt% metal,
10.1016/j.cej.2024.149370 | 50 bar | H2/CO2 4 | 21 NL/g/h,10.1016/j.cej.2024.149370,"Fig. 1a,b, Pd/In2O3, 260 °C",Pd/In2O3,metal loading 1 wt%,Pd,1,In2O3,,Pd=0.0100;In2O3=0.9900,In=81.885;Pd=1.000,628.046,359.923,639.501,716.641,1 wt% metal,
10.1016/j.cej.2024.149370 | 50 bar | H2/CO2 4 | 21 NL/g/h,10.1016/j.cej.2024.149370,"Fig. 1a,b, Pd-Pt/In2O3-n(3:1), 260 °C",Pd-Pt/In2O3-n(3:1),metal loading 1 wt%; Pd/Pt atomic ratio = 3:1,Pd;Pt,,In2O3,,Pd=0.0062;Pt=0.0038;In2O3=0.9900,In=81.885;Pd=0.621;Pt=0.379,664.424,396.302,675.88,753.02,1 wt% total split by Pd/Pt atomic ratio,
10.1016/j.cej.2024.149370 | 50 bar | H2/CO2 4 | 21 NL/g/h,10.1016/j.cej.2024.149370,"Fig. 1a,b, Pd-Pt/In2O3, 260 °C",Pd-Pt/In2O3,"total loading of Pd and Pt was 1 wt%, and Pd/Pt atomic ratio was 1:1",Pd;Pt,,In2O3,,Pd=0.0035;Pt=0.0065;In2O3=0.9900,In=81.885;Pt=0.647;Pd=0.353,690.105,421.982,701.561,778.701,1 wt% total split by Pd/Pt atomic ratio,
10.1016/j.cej.2024.149370 | 50 bar | H2/CO2 4 | 21 NL/g/h,10.1016/j.cej.2024.149370,"Fig. 1a,b, Pd-Pt/In2O3-n(1:3), 260 °C",Pd-Pt/In2O3-n(1:3),metal loading 1 wt%; Pd/Pt atomic ratio = 1:3,Pd;Pt,,In2O3,,Pd=0.0015;Pt=0.0085;In2O3=0.9900,In=81.885;Pt=0.846;Pd=0.154,709.202,441.079,720.657,797.797,1 wt% total split by Pd/Pt atomic ratio,
10.1016/j.cej.2024.149370 | 50 bar | H2/CO2 4 | 21 NL/g/h,10.1016/j.cej.2024.149370,"Fig. 1a,b, Pt/In2O3, 260 °C",Pt/In2O3,metal loading 1 wt%,Pt,1,In2O3,,Pt=0.0100;In2O3=0.9900,In=81.885;Pt=1.000,723.959,455.836,735.415,812.555,1 wt% metal,
10.1016/j.cej.2024.149370 | 50 bar | H2/CO2 4 | 21 NL/g/h,10.1016/j.cej.2024.149370,"Fig. 1a,b, Pd/In2O3, 280 °C",Pd/In2O3,metal loading 1 wt%,Pd,1,In2O3,,Pd=0.0100;In2O3=0.9900,In=81.885;Pd=1.000,628.046,359.923,639.501,716.641,1 wt% metal,
10.1016/j.cej.2024.149370 | 50 bar | H2/CO2 4 | 21 NL/g/h,10.1016/j.cej.2024.149370,"Fig. 1a,b, Pd-Pt/In2O3-n(3:1), 280 °C",Pd-Pt/In2O3-n(3:1),metal loading 1 wt%; Pd/Pt atomic ratio = 3:1,Pd;Pt,,In2O3,,Pd=0.0062;Pt=0.0038;In2O3=0.9900,In=81.885;Pd=0.621;Pt=0.379,664.424,396.302,675.88,753.02,1 wt% total split by Pd/Pt atomic ratio,
10.1016/j.cej.2024.149370 | 50 bar | H2/CO2 4 | 21 NL/g/h,10.1016/j.cej.2024.149370,"Fig. 1a,b, Pd-Pt/In2O3, 280 °C",Pd-Pt/In2O3,"total loading of Pd and Pt was 1 wt%, and Pd/Pt atomic ratio was 1:1",Pd;Pt,,In2O3,,Pd=0.0035;Pt=0.0065;In2O3=0.9900,In=81.885;Pt=0.647;Pd=0.353,690.105,421.982,701.561,778.701,1 wt% total split by Pd/Pt atomic ratio,
10.1016/j.cej.2024.149370 | 50 bar | H2/CO2 4 | 21 NL/g/h,10.1016/j.cej.2024.149370,"Fig. 1a,b, Pd-Pt/In2O3-n(1:3), 280 °C",Pd-Pt/In2O3-n(1:3),metal loading 1 wt%; Pd/Pt atomic ratio = 1:3,Pd;Pt,,In2O3,,Pd=0.0015;Pt=0.0085;In2O3=0.9900,In=81.885;Pt=0.846;Pd=0.154,709.202,441.079,720.657,797.797,1 wt% total split by Pd/Pt atomic ratio,
10.1016/j.cej.2024.149370 | 50 bar | H2/CO2 4 | 21 NL/g/h,10.1016/j.cej.2024.149370,"Fig. 1a,b, Pt/In2O3, 280 °C",Pt/In2O3,metal loading 1 wt%,Pt,1,In2O3,,Pt=0.0100;In2O3=0.9900,In=81.885;Pt=1.000,723.959,455.836,735.415,812.555,1 wt% metal,
10.1016/j.cej.2024.149370 | 50 bar | H2/CO2 4 | 21 NL/g/h,10.1016/j.cej.2024.149370,"Fig. 1a,b, Pd/In2O3, 300 °C",Pd/In2O3,metal loading 1 wt%,Pd,1.02,In2O3,,Pd=0.0100;In2O3=0.9900,In=81.885;Pd=1.000,628.046,359.923,639.501,716.641,1 wt% metal,
10.1016/j.cej.2024.149370 | 50 bar | H2/CO2 4 | 21 NL/g/h,10.1016/j.cej.2024.149370,"Fig. 1a,b, Pd-Pt/In2O3-n(3:1), 300 °C",Pd-Pt/In2O3-n(3:1),metal loading 1 wt%; Pd/Pt atomic ratio = 3:1,Pd;Pt,0.95,In2O3,,Pd=0.0062;Pt=0.0038;In2O3=0.9900,In=81.885;Pd=0.621;Pt=0.379,664.424,396.302,675.88,753.02,1 wt% total split by Pd/Pt atomic ratio,
10.1016/j.cej.2024.149370 | 50 bar | H2/CO2 4 | 21 NL/g/h,10.1016/j.cej.2024.149370,"Fig. 1a,b/text, Pd-Pt/In2O3, 300 °C",Pd-Pt/In2O3,"total loading of Pd and Pt was 1 wt%, and Pd/Pt atomic ratio was 1:1",Pd;Pt,1.06,In2O3,,Pd=0.0035;Pt=0.0065;In2O3=0.9900,In=81.885;Pt=0.647;Pd=0.353,690.105,421.982,701.561,778.701,1 wt% total split by Pd/Pt atomic ratio,
10.1016/j.cej.2024.149370 | 50 bar | H2/CO2 4 | 21 NL/g/h,10.1016/j.cej.2024.149370,"Fig. 1a,b, Pd-Pt/In2O3-n(1:3), 300 °C",Pd-Pt/In2O3-n(1:3),metal loading 1 wt%; Pd/Pt atomic ratio = 1:3,Pd;Pt,,In2O3,,Pd=0.0015;Pt=0.0085;In2O3=0.9900,In=81.885;Pt=0.846;Pd=0.154,709.202,441.079,720.657,797.797,1 wt% total split by Pd/Pt atomic ratio,
10.1016/j.cej.2024.149370 | 50 bar | H2/CO2 4 | 21 NL/g/h,10.1016/j.cej.2024.149370,"Fig. 1a,b, Pt/In2O3, 300 °C",Pt/In2O3,metal loading 1 wt%,Pt,0.98,In2O3,,Pt=0.0100;In2O3=0.9900,In=81.885;Pt=1.000,723.959,455.836,735.415,812.555,1 wt% metal,
10.1016/j.fuel.2022.125878 | 30 bar | H2/CO2 3 | 12000 h-1,10.1016/j.fuel.2022.125878,"Fig. 9/text, In13/ZrO2, 493 K",In13/ZrO2,Measured In content = 11.9 wt%,,,ZrO2,,In2O3=0.1439;ZrO2=0.8561,Zr=63.381;In=11.900,51.305,0,62.7606,139.901,loading from composition text (measured),
10.1016/j.fuel.2022.125878 | 30 bar | H2/CO2 3 | 12000 h-1,10.1016/j.fuel.2022.125878,"Fig. 9/text, In13/ZrO2, 553 K",In13/ZrO2,Measured In content = 11.9 wt%,,,ZrO2,,In2O3=0.1439;ZrO2=0.8561,Zr=63.381;In=11.900,51.305,0,62.7606,139.901,loading from composition text (measured),
10.1016/j.fuel.2022.125878 | 30 bar | H2/CO2 3 | 12000 h-1,10.1016/j.fuel.2022.125878,"Fig. 9/text, In13/ZrO2, 573 K",In13/ZrO2,Measured In content = 11.9 wt%,,,ZrO2,,In2O3=0.1439;ZrO2=0.8561,Zr=63.381;In=11.900,51.305,0,62.7606,139.901,loading from composition text (measured),
10.1016/j.fuel.2022.125878 | 30 bar | H2/CO2 3 | 12000 h-1,10.1016/j.fuel.2022.125878,"Fig. 10/text, bulk In2O3, 553 K",bulk In2O3,Bulk In2O3,,,,,In2O3=1.0000,In=82.712,270.831,0,282.287,359.427,bulk oxide,
10.1016/j.fuel.2022.125878 | 30 bar | H2/CO2 3 | 12000 h-1,10.1016/j.fuel.2022.125878,"Fig. 10/text, In13/CeO2, 553 K",In13/CeO2,Measured In content = 13.5 wt%,,,CeO2,,In2O3=0.1632;CeO2=0.8368,Ce=68.122;In=13.500,45.4705,0,56.9261,134.066,loading from composition text (measured),
10.1016/j.fuel.2022.125878 | 30 bar | H2/CO2 3 | 12000 h-1,10.1016/j.fuel.2022.125878,"Fig. 10/text, In1/CeO2, 493 K selectivity statement",In1/CeO2,Measured In content = 0.8 wt%,,,CeO2,,In2O3=0.0097;CeO2=0.9903,Ce=80.621;In=0.800,4.11818,0,15.5738,92.7138,loading from composition text (measured),
10.1016/j.fuel.2022.125878 | 30 bar | H2/CO2 3 | 12000 h-1,10.1016/j.fuel.2022.125878,"Fig. 10/text, In13/CeO2, 493 K selectivity statement",In13/CeO2,Measured In content = 13.5 wt%,,,CeO2,,In2O3=0.1632;CeO2=0.8368,Ce=68.122;In=13.500,45.4705,0,56.9261,134.066,loading from composition text (measured),
10.1016/j.fuel.2022.125878 | 30 bar | H2/CO2 3 | 12000 h-1,10.1016/j.fuel.2022.125878,"Figure 9, 513 K",In13/ZrO2,13 wt% In loading on ZrO2,,,ZrO2,,In2O3=0.1439;ZrO2=0.8561,Zr=63.381;In=11.900,51.305,0,62.7606,139.901,"loading from composition text (measured, same-name record)",
10.1016/j.fuel.2022.125878 | 30 bar | H2/CO2 3 | 12000 h-1,10.1016/j.fuel.2022.125878,"Figure 9, 533 K",In13/ZrO2,13 wt% In loading on ZrO2,,,ZrO2,,In2O3=0.1439;ZrO2=0.8561,Zr=63.381;In=11.900,51.305,0,62.7606,139.901,"loading from composition text (measured, same-name record)",
10.1016/j.fuel.2022.125878 | 30 bar | H2/CO2 3 | 12000 h-1,10.1016/j.fuel.2022.125878,"Figure 10, In2O3, 493 K",bulk In2O3,bulk In2O3,,,,,In2O3=1.0000,In=82.712,270.831,0,282.287,359.427,bulk oxide,
10.1016/j.fuel.2022.125878 | 30 bar | H2/CO2 3 | 12000 h-1,10.1016/j.fuel.2022.125878,"Figure 10, In2O3, 573 K",bulk In2O3,bulk In2O3,,,,,In2O3=1.0000,In=82.712,270.831,0,282.287,359.427,bulk oxide,
10.1016/j.fuel.2022.125878 | 30 bar | H2/CO2 3 | 12000 h-1,10.1016/j.fuel.2022.125878,"Figure 10, In13/CeO2, 573 K",In13/CeO2,13 wt% In loading on CeO2,,,CeO2,,In2O3=0.1632;CeO2=0.8368,Ce=68.122;In=13.500,45.4705,0,56.9261,134.066,"loading from composition text (measured, same-name record)",
10.1016/j.fuel.2022.125878 | 30 bar | H2/CO2 3 | 12000 h-1,10.1016/j.fuel.2022.125878,"Figure 10, In1/CeO2, 553 K",In1/CeO2,1 wt% In loading on CeO2,,,CeO2,,In2O3=0.0097;CeO2=0.9903,Ce=80.621;In=0.800,4.11818,0,15.5738,92.7138,"loading from composition text (measured, same-name record)",
10.1016/j.fuel.2022.125878 | 30 bar | H2/CO2 3 | 12000 h-1,10.1016/j.fuel.2022.125878,"Figure 10, In1/CeO2, 573 K",In1/CeO2,1 wt% In loading on CeO2,,,CeO2,,In2O3=0.0097;CeO2=0.9903,Ce=80.621;In=0.800,4.11818,0,15.5738,92.7138,"loading from composition text (measured, same-name record)",
10.1016/j.fuel.2022.125878 | 30 bar | H2/CO2 3 | 12000 h-1,10.1016/j.fuel.2022.125878,"Figure 10, ZrO2, 573 K",ZrO2,ZrO2,,,,,ZrO2=1.0000,Zr=74.032,14.4136,0,25.8692,103.009,bulk oxide,
10.1016/j.fuel.2022.125878 | 30 bar | H2/CO2 3 | 12000 h-1,10.1016/j.fuel.2022.125878,"Figure 10, In1/ZrO2, 553 K",In1/ZrO2,1 wt% In loading on ZrO2,,,ZrO2,,In2O3=0.0121;ZrO2=0.9879,Zr=73.137;In=1.000,17.5137,0,28.9693,106.109,loading from composition text,
10.1016/j.fuel.2022.125878 | 30 bar | H2/CO2 3 | 12000 h-1,10.1016/j.fuel.2022.125878,"Figure 10, In1/ZrO2, 573 K",In1/ZrO2,1 wt% In loading on ZrO2,,,ZrO2,,In2O3=0.0121;ZrO2=0.9879,Zr=73.137;In=1.000,17.5137,0,28.9693,106.109,loading from composition text,
10.1016/j.fuel.2023.127927 | 10 bar | H2/CO2 3 | 2.4 NL/g/h,10.1016/j.fuel.2023.127927,"Figure 7b, 0.5Ca-PZC, 10 bar",0.5Ca-PZC,"Ca = 0.5 wt%, Pd = 8.1 wt%, Zn = 5 wt%; Pd:Zn = 1:1 M ratio",Pd;Zn,13.1,CeO2,Ca,CaO=0.0070;Pd=0.0810;ZnO=0.0622;CeO2=0.8498,Ce=69.179;Pd=8.100;Zn=5.000;Ca=0.500,2916.81,2915.38,2928.26,3005.4,loading from composition text,
10.1016/j.fuel.2023.127927 | 20 bar | H2/CO2 3 | 12000 h-1,10.1016/j.fuel.2023.127927,"Text/Figure 7a, 0.5Ca-PZC, GHSV 12000 h−1",0.5Ca-PZC,"Ca = 0.5 wt%, Pd = 8.1 wt%, Zn = 5 wt%; Pd:Zn = 1:1 M ratio",Pd;Zn,13.1,CeO2,Ca,CaO=0.0070;Pd=0.0810;ZnO=0.0622;CeO2=0.8498,Ce=69.179;Pd=8.100;Zn=5.000;Ca=0.500,2916.81,2915.38,2928.26,3005.4,loading from composition text,
10.1016/j.fuel.2023.127927 | 20 bar | H2/CO2 3 | 2.4 NL/g/h,10.1016/j.fuel.2023.127927,"Table 1, PZC",PZC,"Pd = 8.1 wt%, Zn = 5 wt%; Pd:Zn = 1:1 M ratio; Ca = 0 wt%",Pd;Zn,13.1,CeO2,,Pd=0.0810;ZnO=0.0622;CaO=0.0000;CeO2=0.8568,Ce=69.748;Pd=8.100;Zn=5.000,2916.82,2915.38,2928.27,3005.41,loading from composition text,
10.1016/j.fuel.2023.127927 | 20 bar | H2/CO2 3 | 2.4 NL/g/h,10.1016/j.fuel.2023.127927,"Table 1, 0.3Ca-PZC",0.3Ca-PZC,"Ca = 0.3 wt%, Pd = 8.1 wt%, Zn = 5 wt%; Pd:Zn = 1:1 M ratio",Pd;Zn,13.1,CeO2,Ca,CaO=0.0042;Pd=0.0810;ZnO=0.0622;CeO2=0.8526,Ce=69.406;Pd=8.100;Zn=5.000;Ca=0.300,2916.81,2915.38,2928.27,3005.41,loading from composition text,
10.1016/j.fuel.2023.127927 | 20 bar | H2/CO2 3 | 2.4 NL/g/h,10.1016/j.fuel.2023.127927,"Table 1, 0.5Ca-PZC",0.5Ca-PZC,"Ca = 0.5 wt%, Pd = 8.1 wt%, Zn = 5 wt%; Pd:Zn = 1:1 M ratio",Pd;Zn,13.1,CeO2,Ca,CaO=0.0070;Pd=0.0810;ZnO=0.0622;CeO2=0.8498,Ce=69.179;Pd=8.100;Zn=5.000;Ca=0.500,2916.81,2915.38,2928.26,3005.4,loading from composition text,
10.1016/j.fuel.2023.127927 | 20 bar | H2/CO2 3 | 2.4 NL/g/h,10.1016/j.fuel.2023.127927,"Table 1, 0.7Ca-PZC",0.7Ca-PZC,"Ca = 0.7 wt%, Pd = 8.1 wt%, Zn = 5 wt%; Pd:Zn = 1:1 M ratio",Pd;Zn,13.1,CeO2,Ca,CaO=0.0098;Pd=0.0810;ZnO=0.0622;CeO2=0.8470,Ce=68.951;Pd=8.100;Zn=5.000;Ca=0.700,2916.81,2915.38,2928.26,3005.4,loading from composition text,
10.1016/j.fuel.2023.127927 | 20 bar | H2/CO2 3 | 2.4 NL/g/h,10.1016/j.fuel.2023.127927,"Table 1, 1.0Ca-PZC",1.0Ca-PZC,"Ca = 1.0 wt%, Pd = 8.1 wt%, Zn = 5 wt%; Pd:Zn = 1:1 M ratio",Pd;Zn,13.1,CeO2,Ca,CaO=0.0140;Pd=0.0810;ZnO=0.0622;CeO2=0.8428,Ce=68.609;Pd=8.100;Zn=5.000;Ca=1.000,2916.8,2915.38,2928.26,3005.4,loading from composition text,
10.1016/j.fuel.2023.127927 | 20 bar | H2/CO2 3 | 2.4 NL/g/h,10.1016/j.fuel.2023.127927,"Figure 6A, 220 °C, PZC",PZC,"Pd = 8.1 wt%, Zn = 5 wt%; Pd:Zn = 1:1 M ratio; Ca = 0 wt%",Pd;Zn,13.1,CeO2,,Pd=0.0810;ZnO=0.0622;CaO=0.0000;CeO2=0.8568,Ce=69.748;Pd=8.100;Zn=5.000,2916.82,2915.38,2928.27,3005.41,loading from composition text,
10.1016/j.fuel.2023.127927 | 20 bar | H2/CO2 3 | 2.4 NL/g/h,10.1016/j.fuel.2023.127927,"Figure 6A, 220 °C, 0.3Ca-PZC",0.3Ca-PZC,"Ca = 0.3 wt%, Pd = 8.1 wt%, Zn = 5 wt%; Pd:Zn = 1:1 M ratio",Pd;Zn,13.1,CeO2,Ca,CaO=0.0042;Pd=0.0810;ZnO=0.0622;CeO2=0.8526,Ce=69.406;Pd=8.100;Zn=5.000;Ca=0.300,2916.81,2915.38,2928.27,3005.41,loading from composition text,
10.1016/j.fuel.2023.127927 | 20 bar | H2/CO2 3 | 2.4 NL/g/h,10.1016/j.fuel.2023.127927,"Figure 6A, 220 °C, 0.5Ca-PZC",0.5Ca-PZC,"Ca = 0.5 wt%, Pd = 8.1 wt%, Zn = 5 wt%; Pd:Zn = 1:1 M ratio",Pd;Zn,13.1,CeO2,Ca,CaO=0.0070;Pd=0.0810;ZnO=0.0622;CeO2=0.8498,Ce=69.179;Pd=8.100;Zn=5.000;Ca=0.500,2916.81,2915.38,2928.26,3005.4,loading from composition text,
10.1016/j.fuel.2023.127927 | 20 bar | H2/CO2 3 | 2.4 NL/g/h,10.1016/j.fuel.2023.127927,"Figure 6A, 220 °C, 0.7Ca-PZC",0.7Ca-PZC,"Ca = 0.7 wt%, Pd = 8.1 wt%, Zn = 5 wt%; Pd:Zn = 1:1 M ratio",Pd;Zn,13.1,CeO2,Ca,CaO=0.0098;Pd=0.0810;ZnO=0.0622;CeO2=0.8470,Ce=68.951;Pd=8.100;Zn=5.000;Ca=0.700,2916.81,2915.38,2928.26,3005.4,loading from composition text,
10.1016/j.fuel.2023.127927 | 20 bar | H2/CO2 3 | 2.4 NL/g/h,10.1016/j.fuel.2023.127927,"Figure 6A, 220 °C, 1.0Ca-PZC",1.0Ca-PZC,"Ca = 1.0 wt%, Pd = 8.1 wt%, Zn = 5 wt%; Pd:Zn = 1:1 M ratio",Pd;Zn,13.1,CeO2,Ca,CaO=0.0140;Pd=0.0810;ZnO=0.0622;CeO2=0.8428,Ce=68.609;Pd=8.100;Zn=5.000;Ca=1.000,2916.8,2915.38,2928.26,3005.4,loading from composition text,
10.1016/j.fuel.2023.127927 | 20 bar | H2/CO2 3 | 2.4 NL/g/h,10.1016/j.fuel.2023.127927,"Figure 6A, 250 °C, PZC",PZC,"Pd = 8.1 wt%, Zn = 5 wt%; Pd:Zn = 1:1 M ratio; Ca = 0 wt%",Pd;Zn,13.1,CeO2,,Pd=0.0810;ZnO=0.0622;CaO=0.0000;CeO2=0.8568,Ce=69.748;Pd=8.100;Zn=5.000,2916.82,2915.38,2928.27,3005.41,loading from composition text,
10.1016/j.fuel.2023.127927 | 20 bar | H2/CO2 3 | 2.4 NL/g/h,10.1016/j.fuel.2023.127927,"Figure 6A, 250 °C, 0.3Ca-PZC",0.3Ca-PZC,"Ca = 0.3 wt%, Pd = 8.1 wt%, Zn = 5 wt%; Pd:Zn = 1:1 M ratio",Pd;Zn,13.1,CeO2,Ca,CaO=0.0042;Pd=0.0810;ZnO=0.0622;CeO2=0.8526,Ce=69.406;Pd=8.100;Zn=5.000;Ca=0.300,2916.81,2915.38,2928.27,3005.41,loading from composition text,
10.1016/j.fuel.2023.127927 | 20 bar | H2/CO2 3 | 2.4 NL/g/h,10.1016/j.fuel.2023.127927,"Figure 6A, 250 °C, 0.5Ca-PZC",0.5Ca-PZC,"Ca = 0.5 wt%, Pd = 8.1 wt%, Zn = 5 wt%; Pd:Zn = 1:1 M ratio",Pd;Zn,13.1,CeO2,Ca,CaO=0.0070;Pd=0.0810;ZnO=0.0622;CeO2=0.8498,Ce=69.179;Pd=8.100;Zn=5.000;Ca=0.500,2916.81,2915.38,2928.26,3005.4,loading from composition text,
10.1016/j.fuel.2023.127927 | 20 bar | H2/CO2 3 | 2.4 NL/g/h,10.1016/j.fuel.2023.127927,"Figure 6A, 250 °C, 0.7Ca-PZC",0.7Ca-PZC,"Ca = 0.7 wt%, Pd = 8.1 wt%, Zn = 5 wt%; Pd:Zn = 1:1 M ratio",Pd;Zn,13.1,CeO2,Ca,CaO=0.0098;Pd=0.0810;ZnO=0.0622;CeO2=0.8470,Ce=68.951;Pd=8.100;Zn=5.000;Ca=0.700,2916.81,2915.38,2928.26,3005.4,loading from composition text,
10.1016/j.fuel.2023.127927 | 20 bar | H2/CO2 3 | 2.4 NL/g/h,10.1016/j.fuel.2023.127927,"Figure 6A, 250 °C, 1.0Ca-PZC",1.0Ca-PZC,"Ca = 1.0 wt%, Pd = 8.1 wt%, Zn = 5 wt%; Pd:Zn = 1:1 M ratio",Pd;Zn,13.1,CeO2,Ca,CaO=0.0140;Pd=0.0810;ZnO=0.0622;CeO2=0.8428,Ce=68.609;Pd=8.100;Zn=5.000;Ca=1.000,2916.8,2915.38,2928.26,3005.4,loading from composition text,
10.1016/j.fuel.2023.127927 | 20 bar | H2/CO2 3 | 2.4 NL/g/h,10.1016/j.fuel.2023.127927,"Figure 6A, 270 °C, PZC",PZC,"Pd = 8.1 wt%, Zn = 5 wt%; Pd:Zn = 1:1 M ratio; Ca = 0 wt%",Pd;Zn,13.1,CeO2,,Pd=0.0810;ZnO=0.0622;CaO=0.0000;CeO2=0.8568,Ce=69.748;Pd=8.100;Zn=5.000,2916.82,2915.38,2928.27,3005.41,loading from composition text,
10.1016/j.fuel.2023.127927 | 20 bar | H2/CO2 3 | 2.4 NL/g/h,10.1016/j.fuel.2023.127927,"Figure 6A, 270 °C, 0.3Ca-PZC",0.3Ca-PZC,"Ca = 0.3 wt%, Pd = 8.1 wt%, Zn = 5 wt%; Pd:Zn = 1:1 M ratio",Pd;Zn,13.1,CeO2,Ca,CaO=0.0042;Pd=0.0810;ZnO=0.0622;CeO2=0.8526,Ce=69.406;Pd=8.100;Zn=5.000;Ca=0.300,2916.81,2915.38,2928.27,3005.41,loading from composition text,
10.1016/j.fuel.2023.127927 | 20 bar | H2/CO2 3 | 2.4 NL/g/h,10.1016/j.fuel.2023.127927,"Figure 6A, 270 °C, 0.5Ca-PZC",0.5Ca-PZC,"Ca = 0.5 wt%, Pd = 8.1 wt%, Zn = 5 wt%; Pd:Zn = 1:1 M ratio",Pd;Zn,13.1,CeO2,Ca,CaO=0.0070;Pd=0.0810;ZnO=0.0622;CeO2=0.8498,Ce=69.179;Pd=8.100;Zn=5.000;Ca=0.500,2916.81,2915.38,2928.26,3005.4,loading from composition text,
10.1016/j.fuel.2023.127927 | 20 bar | H2/CO2 3 | 2.4 NL/g/h,10.1016/j.fuel.2023.127927,"Figure 6A, 270 °C, 0.7Ca-PZC",0.7Ca-PZC,"Ca = 0.7 wt%, Pd = 8.1 wt%, Zn = 5 wt%; Pd:Zn = 1:1 M ratio",Pd;Zn,13.1,CeO2,Ca,CaO=0.0098;Pd=0.0810;ZnO=0.0622;CeO2=0.8470,Ce=68.951;Pd=8.100;Zn=5.000;Ca=0.700,2916.81,2915.38,2928.26,3005.4,loading from composition text,
10.1016/j.fuel.2023.127927 | 20 bar | H2/CO2 3 | 2.4 NL/g/h,10.1016/j.fuel.2023.127927,"Figure 6A, 270 °C, 1.0Ca-PZC",1.0Ca-PZC,"Ca = 1.0 wt%, Pd = 8.1 wt%, Zn = 5 wt%; Pd:Zn = 1:1 M ratio",Pd;Zn,13.1,CeO2,Ca,CaO=0.0140;Pd=0.0810;ZnO=0.0622;CeO2=0.8428,Ce=68.609;Pd=8.100;Zn=5.000;Ca=1.000,2916.8,2915.38,2928.26,3005.4,loading from composition text,
10.1016/j.fuel.2023.127927 | 20 bar | H2/CO2 3 | 3600 h-1,10.1016/j.fuel.2023.127927,"Figure 7a, 0.5Ca-PZC, GHSV 3600 h−1",0.5Ca-PZC,"Ca = 0.5 wt%, Pd = 8.1 wt%, Zn = 5 wt%; Pd:Zn = 1:1 M ratio",Pd;Zn,13.1,CeO2,Ca,CaO=0.0070;Pd=0.0810;ZnO=0.0622;CeO2=0.8498,Ce=69.179;Pd=8.100;Zn=5.000;Ca=0.500,2916.81,2915.38,2928.26,3005.4,loading from composition text,
10.1016/j.fuel.2023.127927 | 20 bar | H2/CO2 3 | 6000 h-1,10.1016/j.fuel.2023.127927,"Figure 7a, 0.5Ca-PZC, GHSV 6000 h−1",0.5Ca-PZC,"Ca = 0.5 wt%, Pd = 8.1 wt%, Zn = 5 wt%; Pd:Zn = 1:1 M ratio",Pd;Zn,13.1,CeO2,Ca,CaO=0.0070;Pd=0.0810;ZnO=0.0622;CeO2=0.8498,Ce=69.179;Pd=8.100;Zn=5.000;Ca=0.500,2916.81,2915.38,2928.26,3005.4,loading from composition text,
10.1016/j.fuel.2023.127927 | 30 bar | H2/CO2 3 | 2.4 NL/g/h,10.1016/j.fuel.2023.127927,"Figure 7b, 0.5Ca-PZC, 30 bar",0.5Ca-PZC,"Ca = 0.5 wt%, Pd = 8.1 wt%, Zn = 5 wt%; Pd:Zn = 1:1 M ratio",Pd;Zn,13.1,CeO2,Ca,CaO=0.0070;Pd=0.0810;ZnO=0.0622;CeO2=0.8498,Ce=69.179;Pd=8.100;Zn=5.000;Ca=0.500,2916.81,2915.38,2928.26,3005.4,loading from composition text,
10.1016/j.fuel.2023.127927 | 40 bar | H2/CO2 3 | 2.4 NL/g/h,10.1016/j.fuel.2023.127927,"Figure 7b, 0.5Ca-PZC, 40 bar",0.5Ca-PZC,"Ca = 0.5 wt%, Pd = 8.1 wt%, Zn = 5 wt%; Pd:Zn = 1:1 M ratio",Pd;Zn,13.1,CeO2,Ca,CaO=0.0070;Pd=0.0810;ZnO=0.0622;CeO2=0.8498,Ce=69.179;Pd=8.100;Zn=5.000;Ca=0.500,2916.81,2915.38,2928.26,3005.4,loading from composition text,
10.1016/j.fuel.2023.127927 | 5 bar | H2/CO2 3 | 2.4 NL/g/h,10.1016/j.fuel.2023.127927,"Figure 7b, 0.5Ca-PZC, 5 bar",0.5Ca-PZC,"Ca = 0.5 wt%, Pd = 8.1 wt%, Zn = 5 wt%; Pd:Zn = 1:1 M ratio",Pd;Zn,13.1,CeO2,Ca,CaO=0.0070;Pd=0.0810;ZnO=0.0622;CeO2=0.8498,Ce=69.179;Pd=8.100;Zn=5.000;Ca=0.500,2916.81,2915.38,2928.26,3005.4,loading from composition text,
10.1016/j.fuel.2023.127927 | 50 bar | H2/CO2 3 | 2.4 NL/g/h,10.1016/j.fuel.2023.127927,"Figure 7b, 0.5Ca-PZC, 50 bar",0.5Ca-PZC,"Ca = 0.5 wt%, Pd = 8.1 wt%, Zn = 5 wt%; Pd:Zn = 1:1 M ratio",Pd;Zn,13.1,CeO2,Ca,CaO=0.0070;Pd=0.0810;ZnO=0.0622;CeO2=0.8498,Ce=69.179;Pd=8.100;Zn=5.000;Ca=0.500,2916.81,2915.38,2928.26,3005.4,loading from composition text,
10.1016/j.fuel.2023.128376 | 50 bar | H2/CO2 4 | 24 NL/g/h,10.1016/j.fuel.2023.128376,"Fig. 1, 0% Zn-CdZrOx, 280℃",0% Zn-CdZrOx,0% Zn-CdZrOx,,,,Zn,ZnO=0.0000;CdO=0.1189;ZrO2=0.8811,Zr=65.229;Cd=10.410,13.0589,0,24.5145,101.654,y = Zn wt%; Cd:Zr = 0.1295 molar from the recipe,
10.1016/j.fuel.2023.128376 | 50 bar | H2/CO2 4 | 24 NL/g/h,10.1016/j.fuel.2023.128376,"Fig. 1, 0% Zn-CdZrOx, 300℃",0% Zn-CdZrOx,0% Zn-CdZrOx,,,,Zn,ZnO=0.0000;CdO=0.1189;ZrO2=0.8811,Zr=65.229;Cd=10.410,13.0589,0,24.5145,101.654,y = Zn wt%; Cd:Zr = 0.1295 molar from the recipe,
10.1016/j.fuel.2023.128376 | 50 bar | H2/CO2 4 | 24 NL/g/h,10.1016/j.fuel.2023.128376,"Fig. 1, 0% Zn-CdZrOx, 320℃",0% Zn-CdZrOx,0% Zn-CdZrOx,,,,Zn,ZnO=0.0000;CdO=0.1189;ZrO2=0.8811,Zr=65.229;Cd=10.410,13.0589,0,24.5145,101.654,y = Zn wt%; Cd:Zr = 0.1295 molar from the recipe,
10.1016/j.fuel.2023.128376 | 50 bar | H2/CO2 4 | 24 NL/g/h,10.1016/j.fuel.2023.128376,"Fig. 1, 0% Zn-CdZrOx, 340℃",0% Zn-CdZrOx,0% Zn-CdZrOx,,,,Zn,ZnO=0.0000;CdO=0.1189;ZrO2=0.8811,Zr=65.229;Cd=10.410,13.0589,0,24.5145,101.654,y = Zn wt%; Cd:Zr = 0.1295 molar from the recipe,
10.1016/j.fuel.2023.128376 | 50 bar | H2/CO2 4 | 24 NL/g/h,10.1016/j.fuel.2023.128376,"Fig. 1, 0% Zn-CdZrOx, 360℃",0% Zn-CdZrOx,0% Zn-CdZrOx,,,,Zn,ZnO=0.0000;CdO=0.1189;ZrO2=0.8811,Zr=65.229;Cd=10.410,13.0589,0,24.5145,101.654,y = Zn wt%; Cd:Zr = 0.1295 molar from the recipe,
10.1016/j.fuel.2023.128376 | 50 bar | H2/CO2 4 | 24 NL/g/h,10.1016/j.fuel.2023.128376,"Fig. 1/text, 5.0% Zn-CdZrOx, 280℃",5.0% Zn-CdZrOx,5.0% Zn-CdZrOx,,,,Zn,ZnO=0.0622;CdO=0.1115;ZrO2=0.8263,Zr=61.169;Cd=9.762;Zn=5.000,12.3915,0,23.8471,100.987,y = Zn wt%; Cd:Zr = 0.1295 molar from the recipe,
10.1016/j.fuel.2023.128376 | 50 bar | H2/CO2 4 | 24 NL/g/h,10.1016/j.fuel.2023.128376,"Fig. 1/text, 5.0% Zn-CdZrOx, 300℃",5.0% Zn-CdZrOx,5.0% Zn-CdZrOx,,,,Zn,ZnO=0.0622;CdO=0.1115;ZrO2=0.8263,Zr=61.169;Cd=9.762;Zn=5.000,12.3915,0,23.8471,100.987,y = Zn wt%; Cd:Zr = 0.1295 molar from the recipe,
10.1016/j.fuel.2023.128376 | 50 bar | H2/CO2 4 | 24 NL/g/h,10.1016/j.fuel.2023.128376,"Fig. 1/text, 5.0% Zn-CdZrOx, 320℃",5.0% Zn-CdZrOx,5.0% Zn-CdZrOx,,,,Zn,ZnO=0.0622;CdO=0.1115;ZrO2=0.8263,Zr=61.169;Cd=9.762;Zn=5.000,12.3915,0,23.8471,100.987,y = Zn wt%; Cd:Zr = 0.1295 molar from the recipe,
10.1016/j.fuel.2023.128376 | 50 bar | H2/CO2 4 | 24 NL/g/h,10.1016/j.fuel.2023.128376,"Fig. 1/text, 5.0% Zn-CdZrOx, 340℃",5.0% Zn-CdZrOx,5.0% Zn-CdZrOx,,,,Zn,ZnO=0.0622;CdO=0.1115;ZrO2=0.8263,Zr=61.169;Cd=9.762;Zn=5.000,12.3915,0,23.8471,100.987,y = Zn wt%; Cd:Zr = 0.1295 molar from the recipe,
10.1016/j.fuel.2023.128376 | 50 bar | H2/CO2 4 | 24 NL/g/h,10.1016/j.fuel.2023.128376,"Fig. 1/text, 5.0% Zn-CdZrOx, 360℃",5.0% Zn-CdZrOx,5.0% Zn-CdZrOx,,,,Zn,ZnO=0.0622;CdO=0.1115;ZrO2=0.8263,Zr=61.169;Cd=9.762;Zn=5.000,12.3915,0,23.8471,100.987,y = Zn wt%; Cd:Zr = 0.1295 molar from the recipe,
10.1016/j.fuel.2023.128376 | 50 bar | H2/CO2 4 | 24 NL/g/h,10.1016/j.fuel.2023.128376,"Fig. 1, 13.0% Zn-CdZrOx, 280℃",13.0% Zn-CdZrOx,13.0% Zn-CdZrOx,,,,Zn,ZnO=0.1618;CdO=0.0997;ZrO2=0.7385,Zr=54.674;Zn=13.000;Cd=8.725,11.3237,0,22.7793,99.9193,y = Zn wt%; Cd:Zr = 0.1295 molar from the recipe,
10.1016/j.fuel.2023.128376 | 50 bar | H2/CO2 4 | 24 NL/g/h,10.1016/j.fuel.2023.128376,"Fig. 1, 13.0% Zn-CdZrOx, 300℃",13.0% Zn-CdZrOx,13.0% Zn-CdZrOx,,,,Zn,ZnO=0.1618;CdO=0.0997;ZrO2=0.7385,Zr=54.674;Zn=13.000;Cd=8.725,11.3237,0,22.7793,99.9193,y = Zn wt%; Cd:Zr = 0.1295 molar from the recipe,
10.1016/j.fuel.2023.128376 | 50 bar | H2/CO2 4 | 24 NL/g/h,10.1016/j.fuel.2023.128376,"Fig. 1, 13.0% Zn-CdZrOx, 320℃",13.0% Zn-CdZrOx,13.0% Zn-CdZrOx,,,,Zn,ZnO=0.1618;CdO=0.0997;ZrO2=0.7385,Zr=54.674;Zn=13.000;Cd=8.725,11.3237,0,22.7793,99.9193,y = Zn wt%; Cd:Zr = 0.1295 molar from the recipe,
10.1016/j.fuel.2023.128376 | 50 bar | H2/CO2 4 | 24 NL/g/h,10.1016/j.fuel.2023.128376,"Fig. 1, 13.0% Zn-CdZrOx, 340℃",13.0% Zn-CdZrOx,13.0% Zn-CdZrOx,,,,Zn,ZnO=0.1618;CdO=0.0997;ZrO2=0.7385,Zr=54.674;Zn=13.000;Cd=8.725,11.3237,0,22.7793,99.9193,y = Zn wt%; Cd:Zr = 0.1295 molar from the recipe,
10.1016/j.fuel.2023.128376 | 50 bar | H2/CO2 4 | 24 NL/g/h,10.1016/j.fuel.2023.128376,"Fig. 1, 13.0% Zn-CdZrOx, 360℃",13.0% Zn-CdZrOx,13.0% Zn-CdZrOx,,,,Zn,ZnO=0.1618;CdO=0.0997;ZrO2=0.7385,Zr=54.674;Zn=13.000;Cd=8.725,11.3237,0,22.7793,99.9193,y = Zn wt%; Cd:Zr = 0.1295 molar from the recipe,
10.1016/j.fuel.2023.128376 | 50 bar | H2/CO2 4 | 24 NL/g/h,10.1016/j.fuel.2023.128376,"Text, 7.5% Zn-CdZrOx, 320℃",7.5% Zn-CdZrOx,7.5% Zn-CdZrOx,,,,Zn,ZnO=0.0934;CdO=0.1078;ZrO2=0.7988,Zr=59.139;Cd=9.438;Zn=7.500,12.0578,0,23.5134,100.653,y = Zn wt%; Cd:Zr = 0.1295 molar from the recipe,
10.1016/j.fuel.2023.128376 | 50 bar | H2/CO2 4 | 24 NL/g/h,10.1016/j.fuel.2023.128376,"Text, 20.0% Zn-CdZrOx, 320℃",20.0% Zn-CdZrOx,20.0% Zn-CdZrOx,,,,Zn,ZnO=0.2489;CdO=0.0893;ZrO2=0.6617,Zr=48.991;Zn=20.000;Cd=7.818,10.3894,0,21.845,98.985,y = Zn wt%; Cd:Zr = 0.1295 molar from the recipe,
10.1016/j.fuel.2023.128376 | 50 bar | H2/CO2 4 | 24000 h-1,10.1016/j.fuel.2023.128376,"SI Figure S1, 2.5% Zn-CdZrOx, 280 °C",2.5% Zn-CdZrOx,,,,,Zn,ZnO=0.0311;CdO=0.1152;ZrO2=0.8537,Zr=63.199;Cd=10.086;Zn=2.500,12.7252,0,24.1808,101.321,y = Zn wt%; Cd:Zr = 0.1295 molar from the recipe,
10.1016/j.fuel.2023.128376 | 50 bar | H2/CO2 4 | 24000 h-1,10.1016/j.fuel.2023.128376,"SI Figure S1, 2.5% Zn-CdZrOx, 300 °C",2.5% Zn-CdZrOx,,,,,Zn,ZnO=0.0311;CdO=0.1152;ZrO2=0.8537,Zr=63.199;Cd=10.086;Zn=2.500,12.7252,0,24.1808,101.321,y = Zn wt%; Cd:Zr = 0.1295 molar from the recipe,
10.1016/j.fuel.2023.128376 | 50 bar | H2/CO2 4 | 24000 h-1,10.1016/j.fuel.2023.128376,"SI Figure S1, 2.5% Zn-CdZrOx, 320 °C",2.5% Zn-CdZrOx,,,,,Zn,ZnO=0.0311;CdO=0.1152;ZrO2=0.8537,Zr=63.199;Cd=10.086;Zn=2.500,12.7252,0,24.1808,101.321,y = Zn wt%; Cd:Zr = 0.1295 molar from the recipe,
10.1016/j.fuel.2023.128376 | 50 bar | H2/CO2 4 | 24000 h-1,10.1016/j.fuel.2023.128376,"SI Figure S1, 2.5% Zn-CdZrOx, 340 °C",2.5% Zn-CdZrOx,,,,,Zn,ZnO=0.0311;CdO=0.1152;ZrO2=0.8537,Zr=63.199;Cd=10.086;Zn=2.500,12.7252,0,24.1808,101.321,y = Zn wt%; Cd:Zr = 0.1295 molar from the recipe,
10.1016/j.fuel.2023.128376 | 50 bar | H2/CO2 4 | 24000 h-1,10.1016/j.fuel.2023.128376,"SI Figure S1, 2.5% Zn-CdZrOx, 360 °C",2.5% Zn-CdZrOx,,,,,Zn,ZnO=0.0311;CdO=0.1152;ZrO2=0.8537,Zr=63.199;Cd=10.086;Zn=2.500,12.7252,0,24.1808,101.321,y = Zn wt%; Cd:Zr = 0.1295 molar from the recipe,
10.1016/j.fuel.2023.128376 | 50 bar | H2/CO2 4 | 24000 h-1,10.1016/j.fuel.2023.128376,"SI Figure S1, 7.5% Zn-CdZrOx, 280 °C",7.5% Zn-CdZrOx,,,,,Zn,ZnO=0.0934;CdO=0.1078;ZrO2=0.7988,Zr=59.139;Cd=9.438;Zn=7.500,12.0578,0,23.5134,100.653,y = Zn wt%; Cd:Zr = 0.1295 molar from the recipe,
10.1016/j.fuel.2023.128376 | 50 bar | H2/CO2 4 | 24000 h-1,10.1016/j.fuel.2023.128376,"SI Figure S1, 7.5% Zn-CdZrOx, 300 °C",7.5% Zn-CdZrOx,,,,,Zn,ZnO=0.0934;CdO=0.1078;ZrO2=0.7988,Zr=59.139;Cd=9.438;Zn=7.500,12.0578,0,23.5134,100.653,y = Zn wt%; Cd:Zr = 0.1295 molar from the recipe,
10.1016/j.fuel.2023.128376 | 50 bar | H2/CO2 4 | 24000 h-1,10.1016/j.fuel.2023.128376,"SI Figure S1, 7.5% Zn-CdZrOx, 340 °C",7.5% Zn-CdZrOx,,,,,Zn,ZnO=0.0934;CdO=0.1078;ZrO2=0.7988,Zr=59.139;Cd=9.438;Zn=7.500,12.0578,0,23.5134,100.653,y = Zn wt%; Cd:Zr = 0.1295 molar from the recipe,
10.1016/j.fuel.2023.128376 | 50 bar | H2/CO2 4 | 24000 h-1,10.1016/j.fuel.2023.128376,"SI Figure S1, 7.5% Zn-CdZrOx, 360 °C",7.5% Zn-CdZrOx,,,,,Zn,ZnO=0.0934;CdO=0.1078;ZrO2=0.7988,Zr=59.139;Cd=9.438;Zn=7.500,12.0578,0,23.5134,100.653,y = Zn wt%; Cd:Zr = 0.1295 molar from the recipe,
10.1016/j.fuel.2023.128376 | 50 bar | H2/CO2 4 | 24000 h-1,10.1016/j.fuel.2023.128376,"SI Figure S1, 10.0% Zn-CdZrOx, 280 °C",10.0% Zn-CdZrOx,,,,,Zn,ZnO=0.1245;CdO=0.1041;ZrO2=0.7714,Zr=57.110;Zn=10.000;Cd=9.114,11.7241,0,23.1797,100.32,y = Zn wt%; Cd:Zr = 0.1295 molar from the recipe,
10.1016/j.fuel.2023.128376 | 50 bar | H2/CO2 4 | 24000 h-1,10.1016/j.fuel.2023.128376,"SI Figure S1, 10.0% Zn-CdZrOx, 300 °C",10.0% Zn-CdZrOx,,,,,Zn,ZnO=0.1245;CdO=0.1041;ZrO2=0.7714,Zr=57.110;Zn=10.000;Cd=9.114,11.7241,0,23.1797,100.32,y = Zn wt%; Cd:Zr = 0.1295 molar from the recipe,
10.1016/j.fuel.2023.128376 | 50 bar | H2/CO2 4 | 24000 h-1,10.1016/j.fuel.2023.128376,"SI Figure S1, 10.0% Zn-CdZrOx, 320 °C",10.0% Zn-CdZrOx,,,,,Zn,ZnO=0.1245;CdO=0.1041;ZrO2=0.7714,Zr=57.110;Zn=10.000;Cd=9.114,11.7241,0,23.1797,100.32,y = Zn wt%; Cd:Zr = 0.1295 molar from the recipe,
10.1016/j.fuel.2023.128376 | 50 bar | H2/CO2 4 | 24000 h-1,10.1016/j.fuel.2023.128376,"SI Figure S1, 10.0% Zn-CdZrOx, 340 °C",10.0% Zn-CdZrOx,,,,,Zn,ZnO=0.1245;CdO=0.1041;ZrO2=0.7714,Zr=57.110;Zn=10.000;Cd=9.114,11.7241,0,23.1797,100.32,y = Zn wt%; Cd:Zr = 0.1295 molar from the recipe,
10.1016/j.fuel.2023.128376 | 50 bar | H2/CO2 4 | 24000 h-1,10.1016/j.fuel.2023.128376,"SI Figure S1, 10.0% Zn-CdZrOx, 360 °C",10.0% Zn-CdZrOx,,,,,Zn,ZnO=0.1245;CdO=0.1041;ZrO2=0.7714,Zr=57.110;Zn=10.000;Cd=9.114,11.7241,0,23.1797,100.32,y = Zn wt%; Cd:Zr = 0.1295 molar from the recipe,
10.1016/j.fuel.2023.128376 | 50 bar | H2/CO2 4 | 24000 h-1,10.1016/j.fuel.2023.128376,"SI Figure S1, 20.0% Zn-CdZrOx, 280 °C",20.0% Zn-CdZrOx,,,,,Zn,ZnO=0.2489;CdO=0.0893;ZrO2=0.6617,Zr=48.991;Zn=20.000;Cd=7.818,10.3894,0,21.845,98.985,y = Zn wt%; Cd:Zr = 0.1295 molar from the recipe,
10.1016/j.fuel.2023.128376 | 50 bar | H2/CO2 4 | 24000 h-1,10.1016/j.fuel.2023.128376,"SI Figure S1, 20.0% Zn-CdZrOx, 300 °C",20.0% Zn-CdZrOx,,,,,Zn,ZnO=0.2489;CdO=0.0893;ZrO2=0.6617,Zr=48.991;Zn=20.000;Cd=7.818,10.3894,0,21.845,98.985,y = Zn wt%; Cd:Zr = 0.1295 molar from the recipe,
10.1016/j.fuel.2023.128376 | 50 bar | H2/CO2 4 | 24000 h-1,10.1016/j.fuel.2023.128376,"SI Figure S1, 20.0% Zn-CdZrOx, 340 °C",20.0% Zn-CdZrOx,,,,,Zn,ZnO=0.2489;CdO=0.0893;ZrO2=0.6617,Zr=48.991;Zn=20.000;Cd=7.818,10.3894,0,21.845,98.985,y = Zn wt%; Cd:Zr = 0.1295 molar from the recipe,
10.1016/j.fuel.2023.128376 | 50 bar | H2/CO2 4 | 24000 h-1,10.1016/j.fuel.2023.128376,"SI Figure S1, 20.0% Zn-CdZrOx, 360 °C",20.0% Zn-CdZrOx,,,,,Zn,ZnO=0.2489;CdO=0.0893;ZrO2=0.6617,Zr=48.991;Zn=20.000;Cd=7.818,10.3894,0,21.845,98.985,y = Zn wt%; Cd:Zr = 0.1295 molar from the recipe,
10.1016/j.fuel.2024.131111 | 10 bar | H2/CO2 5 | 12 NL/g/h,10.1016/j.fuel.2024.131111,"Fig. 6C, pressure 1.0 MPa",5InNi3C0.5/Fe3O4-400/425,In-loading of 5 wt%; In/Ni molar ratio of 1/3,InNi3C0.5,,Fe3O4,,In2O3=0.0605;Ni=0.0767;Fe3O4=0.8629,Fe=62.437;Ni=7.668;In=5.000,21.9397,0,33.3953,110.535,In wt% from the name; Ni:In = 3 molar,
10.1016/j.fuel.2024.131111 | 20 bar | H2/CO2 5 | 12 NL/g/h,10.1016/j.fuel.2024.131111,"Fig. 6C, pressure 2.0 MPa",5InNi3C0.5/Fe3O4-400/425,In-loading of 5 wt%; In/Ni molar ratio of 1/3,InNi3C0.5,,Fe3O4,,In2O3=0.0605;Ni=0.0767;Fe3O4=0.8629,Fe=62.437;Ni=7.668;In=5.000,21.9397,0,33.3953,110.535,In wt% from the name; Ni:In = 3 molar,
10.1016/j.fuel.2024.131111 | 30 bar | H2/CO2 5 | 12 NL/g/h,10.1016/j.fuel.2024.131111,"Fig. 6C, pressure 3.0 MPa",5InNi3C0.5/Fe3O4-400/425,In-loading of 5 wt%; In/Ni molar ratio of 1/3,InNi3C0.5,,Fe3O4,,In2O3=0.0605;Ni=0.0767;Fe3O4=0.8629,Fe=62.437;Ni=7.668;In=5.000,21.9397,0,33.3953,110.535,In wt% from the name; Ni:In = 3 molar,
10.1016/j.fuel.2024.131111 | 40 bar | H2/CO2 10 | 33 NL/g/h,10.1016/j.fuel.2024.131111,"Fig. 6B, H2/CO2 = 10/1",5InNi3C0.5/Fe3O4-400/425,In-loading of 5 wt%; In/Ni molar ratio of 1/3,InNi3C0.5,,Fe3O4,,In2O3=0.0605;Ni=0.0767;Fe3O4=0.8629,Fe=62.437;Ni=7.668;In=5.000,21.9397,0,33.3953,110.535,In wt% from the name; Ni:In = 3 molar,
10.1016/j.fuel.2024.131111 | 40 bar | H2/CO2 3 | 12 NL/g/h,10.1016/j.fuel.2024.131111,"Fig. 6B, H2/CO2 = 3/1",5InNi3C0.5/Fe3O4-400/425,In-loading of 5 wt%; In/Ni molar ratio of 1/3,InNi3C0.5,,Fe3O4,,In2O3=0.0605;Ni=0.0767;Fe3O4=0.8629,Fe=62.437;Ni=7.668;In=5.000,21.9397,0,33.3953,110.535,In wt% from the name; Ni:In = 3 molar,
10.1016/j.fuel.2024.131111 | 40 bar | H2/CO2 4 | 15 NL/g/h,10.1016/j.fuel.2024.131111,"Fig. 6B, H2/CO2 = 4/1",5InNi3C0.5/Fe3O4-400/425,In-loading of 5 wt%; In/Ni molar ratio of 1/3,InNi3C0.5,,Fe3O4,,In2O3=0.0605;Ni=0.0767;Fe3O4=0.8629,Fe=62.437;Ni=7.668;In=5.000,21.9397,0,33.3953,110.535,In wt% from the name; Ni:In = 3 molar,
10.1016/j.fuel.2024.131111 | 40 bar | H2/CO2 5 | 12 NL/g/h,10.1016/j.fuel.2024.131111,"Fig. 2A, calcination 300 °C",5InNi3C0.5/Fe3O4-300/425,In-loading of 5 wt%; In/Ni molar ratio of 1/3,InNi3C0.5,,Fe3O4,,In2O3=0.0605;Ni=0.0767;Fe3O4=0.8629,Fe=62.437;Ni=7.668;In=5.000,21.9397,0,33.3953,110.535,In wt% from the name; Ni:In = 3 molar,
10.1016/j.fuel.2024.131111 | 40 bar | H2/CO2 5 | 12 NL/g/h,10.1016/j.fuel.2024.131111,"Fig. 2A, calcination 350 °C",5InNi3C0.5/Fe3O4-350/425,In-loading of 5 wt%; In/Ni molar ratio of 1/3,InNi3C0.5,,Fe3O4,,In2O3=0.0605;Ni=0.0767;Fe3O4=0.8629,Fe=62.437;Ni=7.668;In=5.000,21.9397,0,33.3953,110.535,In wt% from the name; Ni:In = 3 molar,
10.1016/j.fuel.2024.131111 | 40 bar | H2/CO2 5 | 12 NL/g/h,10.1016/j.fuel.2024.131111,"Fig. 2A, calcination 400 °C",5InNi3C0.5/Fe3O4-400/425,In-loading of 5 wt%; In/Ni molar ratio of 1/3,InNi3C0.5,,Fe3O4,,In2O3=0.0605;Ni=0.0767;Fe3O4=0.8629,Fe=62.437;Ni=7.668;In=5.000,21.9397,0,33.3953,110.535,In wt% from the name; Ni:In = 3 molar,
10.1016/j.fuel.2024.131111 | 40 bar | H2/CO2 5 | 12 NL/g/h,10.1016/j.fuel.2024.131111,"Fig. 2A, calcination 450 °C",5InNi3C0.5/Fe3O4-450/425,In-loading of 5 wt%; In/Ni molar ratio of 1/3,InNi3C0.5,,Fe3O4,,In2O3=0.0605;Ni=0.0767;Fe3O4=0.8629,Fe=62.437;Ni=7.668;In=5.000,21.9397,0,33.3953,110.535,In wt% from the name; Ni:In = 3 molar,
10.1016/j.fuel.2024.131111 | 40 bar | H2/CO2 5 | 12 NL/g/h,10.1016/j.fuel.2024.131111,"Fig. 2A, calcination 500 °C",5InNi3C0.5/Fe3O4-500/425,In-loading of 5 wt%; In/Ni molar ratio of 1/3,InNi3C0.5,,Fe3O4,,In2O3=0.0605;Ni=0.0767;Fe3O4=0.8629,Fe=62.437;Ni=7.668;In=5.000,21.9397,0,33.3953,110.535,In wt% from the name; Ni:In = 3 molar,
10.1016/j.fuel.2024.131111 | 40 bar | H2/CO2 5 | 12 NL/g/h,10.1016/j.fuel.2024.131111,"Fig. 2B, carburization 375 °C",5InNi3C0.5/Fe3O4-400/375,In-loading of 5 wt%; In/Ni molar ratio of 1/3,InNi3C0.5,,Fe3O4,,In2O3=0.0605;Ni=0.0767;Fe3O4=0.8629,Fe=62.437;Ni=7.668;In=5.000,21.9397,0,33.3953,110.535,In wt% from the name; Ni:In = 3 molar,
10.1016/j.fuel.2024.131111 | 40 bar | H2/CO2 5 | 12 NL/g/h,10.1016/j.fuel.2024.131111,"Fig. 2B, carburization 400 °C",5InNi3C0.5/Fe3O4-400/400,In-loading of 5 wt%; In/Ni molar ratio of 1/3,InNi3C0.5,,Fe3O4,,In2O3=0.0605;Ni=0.0767;Fe3O4=0.8629,Fe=62.437;Ni=7.668;In=5.000,21.9397,0,33.3953,110.535,In wt% from the name; Ni:In = 3 molar,
10.1016/j.fuel.2024.131111 | 40 bar | H2/CO2 5 | 12 NL/g/h,10.1016/j.fuel.2024.131111,"Fig. 2B, carburization 425 °C",5InNi3C0.5/Fe3O4-400/425,In-loading of 5 wt%; In/Ni molar ratio of 1/3,InNi3C0.5,,Fe3O4,,In2O3=0.0605;Ni=0.0767;Fe3O4=0.8629,Fe=62.437;Ni=7.668;In=5.000,21.9397,0,33.3953,110.535,In wt% from the name; Ni:In = 3 molar,
10.1016/j.fuel.2024.131111 | 40 bar | H2/CO2 5 | 12 NL/g/h,10.1016/j.fuel.2024.131111,"Fig. 2B, carburization 450 °C",5InNi3C0.5/Fe3O4-400/450,In-loading of 5 wt%; In/Ni molar ratio of 1/3,InNi3C0.5,,Fe3O4,,In2O3=0.0605;Ni=0.0767;Fe3O4=0.8629,Fe=62.437;Ni=7.668;In=5.000,21.9397,0,33.3953,110.535,In wt% from the name; Ni:In = 3 molar,
10.1016/j.fuel.2024.131111 | 40 bar | H2/CO2 5 | 12 NL/g/h,10.1016/j.fuel.2024.131111,"Fig. 2B, carburization 475 °C",5InNi3C0.5/Fe3O4-400/475,In-loading of 5 wt%; In/Ni molar ratio of 1/3,InNi3C0.5,,Fe3O4,,In2O3=0.0605;Ni=0.0767;Fe3O4=0.8629,Fe=62.437;Ni=7.668;In=5.000,21.9397,0,33.3953,110.535,In wt% from the name; Ni:In = 3 molar,
10.1016/j.fuel.2024.131111 | 40 bar | H2/CO2 5 | 12 NL/g/h,10.1016/j.fuel.2024.131111,"Fig. 2C, In loading 1 wt%",1InNi3C0.5/Fe3O4-400/425,In-loading of 1.0 wt%; In/Ni molar ratio of 1/3,InNi3C0.5,,Fe3O4,,In2O3=0.0121;Ni=0.0153;Fe3O4=0.9726,Fe=70.375;Ni=1.534;In=1.000,8.48626,0,19.9418,97.0818,In wt% from the name; Ni:In = 3 molar,
10.1016/j.fuel.2024.131111 | 40 bar | H2/CO2 5 | 12 NL/g/h,10.1016/j.fuel.2024.131111,"Fig. 2C, In loading 3 wt%",3InNi3C0.5/Fe3O4-400/425,In-loading of 3 wt%; In/Ni molar ratio of 1/3,InNi3C0.5,,Fe3O4,,In2O3=0.0363;Ni=0.0460;Fe3O4=0.9177,Fe=66.406;Ni=4.601;In=3.000,15.213,0,26.6686,103.809,In wt% from the name; Ni:In = 3 molar,
10.1016/j.fuel.2024.131111 | 40 bar | H2/CO2 5 | 12 NL/g/h,10.1016/j.fuel.2024.131111,"Fig. 2C, In loading 7 wt%",7InNi3C0.5/Fe3O4-400/425,In-loading of 7 wt%; In/Ni molar ratio of 1/3,InNi3C0.5,,Fe3O4,,In2O3=0.0846;Ni=0.1073;Fe3O4=0.8080,Fe=58.468;Ni=10.735;In=7.000,28.6665,0,40.1221,117.262,In wt% from the name; Ni:In = 3 molar,
10.1016/j.fuel.2024.131111 | 40 bar | H2/CO2 5 | 12 NL/g/h,10.1016/j.fuel.2024.131111,"Fig. 6A, 200 °C",5InNi3C0.5/Fe3O4-400/425,In-loading of 5 wt%; In/Ni molar ratio of 1/3,InNi3C0.5,,Fe3O4,,In2O3=0.0605;Ni=0.0767;Fe3O4=0.8629,Fe=62.437;Ni=7.668;In=5.000,21.9397,0,33.3953,110.535,In wt% from the name; Ni:In = 3 molar,
10.1016/j.fuel.2024.131111 | 40 bar | H2/CO2 5 | 12 NL/g/h,10.1016/j.fuel.2024.131111,"Fig. 6A, 220 °C",5InNi3C0.5/Fe3O4-400/425,In-loading of 5 wt%; In/Ni molar ratio of 1/3,InNi3C0.5,,Fe3O4,,In2O3=0.0605;Ni=0.0767;Fe3O4=0.8629,Fe=62.437;Ni=7.668;In=5.000,21.9397,0,33.3953,110.535,In wt% from the name; Ni:In = 3 molar,
10.1016/j.fuel.2024.131111 | 40 bar | H2/CO2 5 | 12 NL/g/h,10.1016/j.fuel.2024.131111,"Fig. 6A, 240 °C",5InNi3C0.5/Fe3O4-400/425,In-loading of 5 wt%; In/Ni molar ratio of 1/3,InNi3C0.5,,Fe3O4,,In2O3=0.0605;Ni=0.0767;Fe3O4=0.8629,Fe=62.437;Ni=7.668;In=5.000,21.9397,0,33.3953,110.535,In wt% from the name; Ni:In = 3 molar,
10.1016/j.fuel.2024.131111 | 40 bar | H2/CO2 5 | 12 NL/g/h,10.1016/j.fuel.2024.131111,"Fig. 6A, 260 °C",5InNi3C0.5/Fe3O4-400/425,In-loading of 5 wt%; In/Ni molar ratio of 1/3,InNi3C0.5,,Fe3O4,,In2O3=0.0605;Ni=0.0767;Fe3O4=0.8629,Fe=62.437;Ni=7.668;In=5.000,21.9397,0,33.3953,110.535,In wt% from the name; Ni:In = 3 molar,
10.1016/j.fuel.2024.131111 | 40 bar | H2/CO2 5 | 12 NL/g/h,10.1016/j.fuel.2024.131111,SI Table S3 row 10,5InNi3C0.5/Fe3O4-400/500,5%InNi3C0.5/Fe3O4-x/y,In;Ni3C0.5,,Fe3O4,,In2O3=0.0605;Ni=0.0767;Fe3O4=0.8629,Fe=62.437;Ni=7.668;In=5.000,21.9397,0,33.3953,110.535,In wt% from the name; Ni:In = 3 molar,
10.1016/j.fuel.2024.131111 | 40 bar | H2/CO2 5 | 12 NL/g/h,10.1016/j.fuel.2024.131111,SI Table S3 row 11,5%InNi3C0.5/SiO2,5%InNi3C0.5/SiO2,In;Ni3C0.5,,SiO2,,In2O3=0.0605;Ni=0.0767;SiO2=0.8629,Si=40.334;Ni=7.668;In=5.000,18.5424,0,29.9979,107.138,In wt% from the name; Ni:In = 3 molar,
10.1016/j.fuel.2024.131111 | 40 bar | H2/CO2 5 | 12 NL/g/h,10.1016/j.fuel.2024.131111,SI Table S3 row 12,Fe3O4,Fe3O4,,,,,Fe3O4=1.0000,Fe=72.360,5.12288,0,16.5785,93.7185,bare support,
10.1016/j.fuel.2024.131111 | 40 bar | H2/CO2 5 | 18 NL/g/h,10.1016/j.fuel.2024.131111,"Fig. 6B, H2/CO2 = 5/1",5InNi3C0.5/Fe3O4-400/425,In-loading of 5 wt%; In/Ni molar ratio of 1/3,InNi3C0.5,,Fe3O4,,In2O3=0.0605;Ni=0.0767;Fe3O4=0.8629,Fe=62.437;Ni=7.668;In=5.000,21.9397,0,33.3953,110.535,In wt% from the name; Ni:In = 3 molar,
10.1016/j.fuel.2024.131111 | 40 bar | H2/CO2 5 | 18 NL/g/h,10.1016/j.fuel.2024.131111,"Fig. 6D, GHSV 18000",5InNi3C0.5/Fe3O4-400/425,In-loading of 5 wt%; In/Ni molar ratio of 1/3,InNi3C0.5,,Fe3O4,,In2O3=0.0605;Ni=0.0767;Fe3O4=0.8629,Fe=62.437;Ni=7.668;In=5.000,21.9397,0,33.3953,110.535,In wt% from the name; Ni:In = 3 molar,
10.1016/j.fuel.2024.131111 | 40 bar | H2/CO2 5 | 24 NL/g/h,10.1016/j.fuel.2024.131111,"Fig. 6D, GHSV 24000",5InNi3C0.5/Fe3O4-400/425,In-loading of 5 wt%; In/Ni molar ratio of 1/3,InNi3C0.5,,Fe3O4,,In2O3=0.0605;Ni=0.0767;Fe3O4=0.8629,Fe=62.437;Ni=7.668;In=5.000,21.9397,0,33.3953,110.535,In wt% from the name; Ni:In = 3 molar,
10.1016/j.fuel.2024.131111 | 40 bar | H2/CO2 5 | 30 NL/g/h,10.1016/j.fuel.2024.131111,"Fig. 6D, GHSV 30000",5InNi3C0.5/Fe3O4-400/425,In-loading of 5 wt%; In/Ni molar ratio of 1/3,InNi3C0.5,,Fe3O4,,In2O3=0.0605;Ni=0.0767;Fe3O4=0.8629,Fe=62.437;Ni=7.668;In=5.000,21.9397,0,33.3953,110.535,In wt% from the name; Ni:In = 3 molar,
10.1016/j.fuel.2024.131111 | 40 bar | H2/CO2 5 | 36 NL/g/h,10.1016/j.fuel.2024.131111,"Fig. 6D, GHSV 36000",5InNi3C0.5/Fe3O4-400/425,In-loading of 5 wt%; In/Ni molar ratio of 1/3,InNi3C0.5,,Fe3O4,,In2O3=0.0605;Ni=0.0767;Fe3O4=0.8629,Fe=62.437;Ni=7.668;In=5.000,21.9397,0,33.3953,110.535,In wt% from the name; Ni:In = 3 molar,
10.1016/j.fuel.2024.131111 | 40 bar | H2/CO2 5 | 42 NL/g/h,10.1016/j.fuel.2024.131111,"Fig. 6D, GHSV 42000",5InNi3C0.5/Fe3O4-400/425,In-loading of 5 wt%; In/Ni molar ratio of 1/3,InNi3C0.5,,Fe3O4,,In2O3=0.0605;Ni=0.0767;Fe3O4=0.8629,Fe=62.437;Ni=7.668;In=5.000,21.9397,0,33.3953,110.535,In wt% from the name; Ni:In = 3 molar,
10.1016/j.fuel.2024.131111 | 40 bar | H2/CO2 5 | 48 NL/g/h,10.1016/j.fuel.2024.131111,"Fig. 6D, GHSV 48000",5InNi3C0.5/Fe3O4-400/425,In-loading of 5 wt%; In/Ni molar ratio of 1/3,InNi3C0.5,,Fe3O4,,In2O3=0.0605;Ni=0.0767;Fe3O4=0.8629,Fe=62.437;Ni=7.668;In=5.000,21.9397,0,33.3953,110.535,In wt% from the name; Ni:In = 3 molar,
10.1016/j.fuel.2024.131111 | 40 bar | H2/CO2 8 | 27 NL/g/h,10.1016/j.fuel.2024.131111,"Fig. 6B, H2/CO2 = 8/1",5InNi3C0.5/Fe3O4-400/425,In-loading of 5 wt%; In/Ni molar ratio of 1/3,InNi3C0.5,,Fe3O4,,In2O3=0.0605;Ni=0.0767;Fe3O4=0.8629,Fe=62.437;Ni=7.668;In=5.000,21.9397,0,33.3953,110.535,In wt% from the name; Ni:In = 3 molar,
10.1016/j.fuel.2024.131111 | 50 bar | H2/CO2 5 | 12 NL/g/h,10.1016/j.fuel.2024.131111,"Fig. 6C, pressure 5.0 MPa",5InNi3C0.5/Fe3O4-400/425,In-loading of 5 wt%; In/Ni molar ratio of 1/3,InNi3C0.5,,Fe3O4,,In2O3=0.0605;Ni=0.0767;Fe3O4=0.8629,Fe=62.437;Ni=7.668;In=5.000,21.9397,0,33.3953,110.535,In wt% from the name; Ni:In = 3 molar,
10.1016/j.fuel.2024.131111 | 60 bar | H2/CO2 10 | 116 NL/g/h,10.1016/j.fuel.2024.131111,"Fig. 7A stability, 120 h",5InNi3C0.5/Fe3O4-400/425,In-loading of 5 wt%; In/Ni molar ratio of 1/3,InNi3C0.5,,Fe3O4,,In2O3=0.0605;Ni=0.0767;Fe3O4=0.8629,Fe=62.437;Ni=7.668;In=5.000,21.9397,0,33.3953,110.535,In wt% from the name; Ni:In = 3 molar,
10.1016/j.fuel.2024.131111 | 60 bar | H2/CO2 10 | 116 NL/g/h,10.1016/j.fuel.2024.131111,"Figure 7A, stability first point",5InNi3C0.5/Fe3O4-400/425,In loading = 5 wt%; In/Ni molar ratio = 1/3,InNi3C0.5,,Fe3O4,,In2O3=0.0605;Ni=0.0767;Fe3O4=0.8629,Fe=62.437;Ni=7.668;In=5.000,21.9397,0,33.3953,110.535,In wt% from the name; Ni:In = 3 molar,
10.1016/j.fuel.2024.131111 | 60 bar | H2/CO2 5 | 12 NL/g/h,10.1016/j.fuel.2024.131111,"Fig. 6C, pressure 6.0 MPa",5InNi3C0.5/Fe3O4-400/425,In-loading of 5 wt%; In/Ni molar ratio of 1/3,InNi3C0.5,,Fe3O4,,In2O3=0.0605;Ni=0.0767;Fe3O4=0.8629,Fe=62.437;Ni=7.668;In=5.000,21.9397,0,33.3953,110.535,In wt% from the name; Ni:In = 3 molar,
10.1016/j.jcat.2012.05.020 | 30 bar | H2/CO2 3 | 125 NL/g/h,10.1016/j.jcat.2012.05.020,"Table 2, CuZnAl",CuZnAl,,Cu,,AlOx,ZnO,CuO=0.6000;ZnO=0.3000;Al2O3=0.1000,Cu=47.932;Zn=24.102;Al=5.293,6.64442,0,18.1,95.24,reference Cu/ZnO/Al2O3: commercial CZA composition,cza_reference
10.1016/j.jcat.2012.05.020 | 30 bar | H2/CO2 3 | 13.4 NL/g/h,10.1016/j.jcat.2012.05.020,"Table 2, PdZnAl",PdZnAl,Measured composition Pd:Zn:Al = 1.0:69.5:29.5; Pd content after reduction = 1.46 wt.%,PdZn;Pd,,ZnO/AlOx,,Pd=0.0146;ZnO=0.7784;AlO1.5=0.2070,Zn=62.538;Al=10.955;Pd=1.460,527.414,525.488,538.869,616.009,"measured cation ratio as oxides, measured Pd wt%",
10.1016/j.jcat.2012.05.020 | 30 bar | H2/CO2 3 | 13.4 NL/g/h,10.1016/j.jcat.2012.05.020,"Table 2, PdMgGa",PdMgGa,Measured composition Pd:Mg:Ga = 1.0:64.5:34.5; Pd content after reduction = 1.81 wt.%,Pd2Ga;Pd,,MgO/MgGa2O4,,Pd=0.0181;MgO=0.4376;GaO1.5=0.5443,Ga=40.492;Mg=26.389;Pd=1.810,859.883,651.461,871.339,948.479,"measured cation ratio as oxides, measured Pd wt%",
10.1016/j.jcat.2012.05.020 | 30 bar | H2/CO2 3 | 13.4 NL/g/h,10.1016/j.jcat.2012.05.020,"Table 2, PdMgAl",PdMgAl,Measured composition Pd:Mg:Al = 1.3:69.1:29.6; Pd content after reduction = 3.13 wt.%,Pd,,MgAlOx,,Pd=0.0313;MgO=0.6283;AlO1.5=0.3404,Mg=37.888;Al=18.017;Pd=3.130,1127.58,1126.56,1139.03,1216.17,"measured cation ratio as oxides, measured Pd wt%",
10.1016/j.jcat.2016.03.017 | 20 bar | H2/CO2 3 | 3.6 NL/g/h,10.1016/j.jcat.2016.03.017,Table 4 row 1,"1% Pd, SI",1 wt% Pd/ZnO,Pd,1,ZnO,,Pd=0.0100;ZnO=0.9900,Zn=79.537;Pd=1.000,362.235,359.923,373.691,450.831,loading from composition text,
10.1016/j.jcat.2016.03.017 | 20 bar | H2/CO2 3 | 3.6 NL/g/h,10.1016/j.jcat.2016.03.017,Table 4 row 2,"1% Pd, IM",1 wt% Pd/ZnO,Pd,1,ZnO,,Pd=0.0100;ZnO=0.9900,Zn=79.537;Pd=1.000,362.235,359.923,373.691,450.831,loading from composition text,
10.1016/j.jcat.2016.03.017 | 20 bar | H2/CO2 3 | 3.6 NL/g/h,10.1016/j.jcat.2016.03.017,Table 4 row 3,"5% Pd, SI",5 wt% Pd/ZnO,Pd,5,ZnO,,Pd=0.0500;ZnO=0.9500,Zn=76.323;Pd=5.000,1801.83,1799.62,1813.29,1890.43,loading from composition text,
10.1016/j.jcat.2016.03.017 | 20 bar | H2/CO2 3 | 3.6 NL/g/h,10.1016/j.jcat.2016.03.017,Table 4 row 4,"5% Pd, IM",5 wt% Pd/ZnO,Pd,5,ZnO,,Pd=0.0500;ZnO=0.9500,Zn=76.323;Pd=5.000,1801.83,1799.62,1813.29,1890.43,loading from composition text,
10.1016/j.jcat.2016.03.017 | 20 bar | H2/CO2 3 | 3.6 NL/g/h,10.1016/j.jcat.2016.03.017,Table 5 row 2,5% Pd/ZnO SI,5 wt% Pd/ZnO,Pd,5,ZnO,,Pd=0.0500;ZnO=0.9500,Zn=76.323;Pd=5.000,1801.83,1799.62,1813.29,1890.43,loading from composition text,
10.1016/j.jcat.2016.03.017 | 20 bar | H2/CO2 3 | 3.6 NL/g/h,10.1016/j.jcat.2016.03.017,Table 5 row 3,5% Pd/ZnO SI,5 wt% Pd/ZnO,Pd,5,ZnO,,Pd=0.0500;ZnO=0.9500,Zn=76.323;Pd=5.000,1801.83,1799.62,1813.29,1890.43,loading from composition text,
10.1016/j.jcat.2016.03.017 | 20 bar | H2/CO2 3 | 3.6 NL/g/h,10.1016/j.jcat.2016.03.017,Table 5 row 4,5% Pd/ZnO SI,5 wt% Pd/ZnO,Pd,5,ZnO,,Pd=0.0500;ZnO=0.9500,Zn=76.323;Pd=5.000,1801.83,1799.62,1813.29,1890.43,loading from composition text,
10.1016/j.jcat.2016.03.017 | 20 bar | H2/CO2 3 | 3.6 NL/g/h,10.1016/j.jcat.2016.03.017,Table 5 row 5,5% Pd/ZnO SI,5 wt% Pd/ZnO,Pd,5,ZnO,,Pd=0.0500;ZnO=0.9500,Zn=76.323;Pd=5.000,1801.83,1799.62,1813.29,1890.43,loading from composition text,
10.1016/j.jcat.2016.03.017 | 20 bar | H2/CO2 3 | 3.6 NL/g/h,10.1016/j.jcat.2016.03.017,Table 5 row 6,5% Pd/ZnO IM,5 wt% Pd/ZnO,Pd,5,ZnO,,Pd=0.0500;ZnO=0.9500,Zn=76.323;Pd=5.000,1801.83,1799.62,1813.29,1890.43,loading from composition text,
10.1016/j.jcat.2016.03.017 | 20 bar | H2/CO2 3 | 3.6 NL/g/h,10.1016/j.jcat.2016.03.017,Table 5 row 7,5% Pd/ZnO IM,5 wt% Pd/ZnO,Pd,5,ZnO,,Pd=0.0500;ZnO=0.9500,Zn=76.323;Pd=5.000,1801.83,1799.62,1813.29,1890.43,loading from composition text,
10.1016/j.jcat.2016.03.017 | 20 bar | H2/CO2 3 | 3.6 NL/g/h,10.1016/j.jcat.2016.03.017,Table 6 row 3,5% Pd/ZnO IM,5 wt% Pd/ZnO,Pd,5,ZnO,,Pd=0.0500;ZnO=0.9500,Zn=76.323;Pd=5.000,1801.83,1799.62,1813.29,1890.43,loading from composition text,
10.1016/j.jcat.2016.03.017 | 20 bar | H2/CO2 3 | 3.6 NL/g/h,10.1016/j.jcat.2016.03.017,Table 6 row 5,5% Pd/ZnO IM,5 wt% Pd/ZnO,Pd,5,ZnO,,Pd=0.0500;ZnO=0.9500,Zn=76.323;Pd=5.000,1801.83,1799.62,1813.29,1890.43,loading from composition text,
10.1016/j.jcat.2016.03.017 | 20 bar | H2/CO2 3 | 3.6 NL/g/h,10.1016/j.jcat.2016.03.017,Table 6 row 6,5% Pd/ZnO SI,5 wt% Pd/ZnO,Pd,5,ZnO,,Pd=0.0500;ZnO=0.9500,Zn=76.323;Pd=5.000,1801.83,1799.62,1813.29,1890.43,loading from composition text,
10.1016/j.jcat.2016.03.017 | 20 bar | H2/CO2 3 | 3.6 NL/g/h,10.1016/j.jcat.2016.03.017,Table 6 row 7,5% Pd/ZnO SI,5 wt% Pd/ZnO,Pd,5,ZnO,,Pd=0.0500;ZnO=0.9500,Zn=76.323;Pd=5.000,1801.83,1799.62,1813.29,1890.43,loading from composition text,
10.1016/j.jcat.2016.03.017 | 20 bar | H2/CO2 3 | 3.6 NL/g/h,10.1016/j.jcat.2016.03.017,Table 6 row 9,5% Pd/ZnO SI,5 wt% Pd/ZnO,Pd,5,ZnO,,Pd=0.0500;ZnO=0.9500,Zn=76.323;Pd=5.000,1801.83,1799.62,1813.29,1890.43,loading from composition text,
10.1016/j.jcat.2016.03.017 | 20 bar | H2/CO2 3 | 3.6 NL/g/h,10.1016/j.jcat.2016.03.017,Table 6 row 10,5% Pd/ZnO SI,5 wt% Pd/ZnO,Pd,5,ZnO,,Pd=0.0500;ZnO=0.9500,Zn=76.323;Pd=5.000,1801.83,1799.62,1813.29,1890.43,loading from composition text,
10.1016/j.jcat.2016.03.017 | 20 bar | H2/CO2 3 | 3.6 NL/g/h,10.1016/j.jcat.2016.03.017,"Figure 9a, first point",5% Pd/ZnO IM,5 wt% Pd/ZnO,Pd,5,ZnO,,Pd=0.0500;ZnO=0.9500,Zn=76.323;Pd=5.000,1801.83,1799.62,1813.29,1890.43,loading from composition text,
10.1016/j.jcat.2016.03.017 | 20 bar | H2/CO2 3 | 3.6 NL/g/h,10.1016/j.jcat.2016.03.017,"Figure 9a, last point",5% Pd/ZnO IM,5 wt% Pd/ZnO,Pd,5,ZnO,,Pd=0.0500;ZnO=0.9500,Zn=76.323;Pd=5.000,1801.83,1799.62,1813.29,1890.43,loading from composition text,
10.1016/j.jcat.2016.03.017 | 20 bar | H2/CO2 3 | 3.6 NL/g/h,10.1016/j.jcat.2016.03.017,"Figure 9b, first point",5% Pd/ZnO SI,5 wt% Pd/ZnO,Pd,5,ZnO,,Pd=0.0500;ZnO=0.9500,Zn=76.323;Pd=5.000,1801.83,1799.62,1813.29,1890.43,loading from composition text,
10.1016/j.jcat.2016.03.017 | 20 bar | H2/CO2 3 | 3.6 NL/g/h,10.1016/j.jcat.2016.03.017,"Figure 9b, last point",5% Pd/ZnO SI,5 wt% Pd/ZnO,Pd,5,ZnO,,Pd=0.0500;ZnO=0.9500,Zn=76.323;Pd=5.000,1801.83,1799.62,1813.29,1890.43,loading from composition text,
10.1016/j.jcat.2016.03.017 | 20 bar | H2/CO2 3 | 3.6 NL/g/h,10.1016/j.jcat.2016.03.017,"Figure 10a, 150 °C",5% Pd/ZnO SI,5 wt% Pd/ZnO,Pd,5,ZnO,,Pd=0.0500;ZnO=0.9500,Zn=76.323;Pd=5.000,1801.83,1799.62,1813.29,1890.43,loading from composition text,
10.1016/j.jcat.2016.03.017 | 20 bar | H2/CO2 3 | 3.6 NL/g/h,10.1016/j.jcat.2016.03.017,"Figure 10a, 175 °C",5% Pd/ZnO SI,5 wt% Pd/ZnO,Pd,5,ZnO,,Pd=0.0500;ZnO=0.9500,Zn=76.323;Pd=5.000,1801.83,1799.62,1813.29,1890.43,loading from composition text,
10.1016/j.jcat.2016.03.017 | 20 bar | H2/CO2 3 | 3.6 NL/g/h,10.1016/j.jcat.2016.03.017,"Figure 10a, 200 °C",5% Pd/ZnO SI,5 wt% Pd/ZnO,Pd,5,ZnO,,Pd=0.0500;ZnO=0.9500,Zn=76.323;Pd=5.000,1801.83,1799.62,1813.29,1890.43,loading from composition text,
10.1016/j.jcat.2016.03.017 | 20 bar | H2/CO2 3 | 3.6 NL/g/h,10.1016/j.jcat.2016.03.017,"Figure 10a, 225 °C",5% Pd/ZnO SI,5 wt% Pd/ZnO,Pd,5,ZnO,,Pd=0.0500;ZnO=0.9500,Zn=76.323;Pd=5.000,1801.83,1799.62,1813.29,1890.43,loading from composition text,
10.1016/j.jcat.2016.03.017 | 20 bar | H2/CO2 3 | 3.6 NL/g/h,10.1016/j.jcat.2016.03.017,"Figure 10a, 275 °C",5% Pd/ZnO SI,5 wt% Pd/ZnO,Pd,5,ZnO,,Pd=0.0500;ZnO=0.9500,Zn=76.323;Pd=5.000,1801.83,1799.62,1813.29,1890.43,loading from composition text,
10.1016/j.jcat.2016.03.017 | 20 bar | H2/CO2 3 | 3.6 NL/g/h,10.1016/j.jcat.2016.03.017,"Figure 10a, 300 °C",5% Pd/ZnO SI,5 wt% Pd/ZnO,Pd,5,ZnO,,Pd=0.0500;ZnO=0.9500,Zn=76.323;Pd=5.000,1801.83,1799.62,1813.29,1890.43,loading from composition text,
10.1016/j.jcat.2020.01.014 | 30 bar | H2/CO2 4 | 26 NL/g/h,10.1016/j.jcat.2020.01.014,"Fig. 1b, In2O3, H2O 0 mol%",In2O3,In2O3,,,,,In2O3=1.0000,In=82.712,270.831,0,282.287,359.427,bulk oxide,
10.1016/j.jcat.2020.01.014 | 50 bar | H2/CO2 4 | 26 NL/g/h,10.1016/j.jcat.2020.01.014,"Fig. 1a, In2O3/ZrO2, H2O 0 mol%",In2O3/ZrO2,In loading was fixed at 9 wt%,,,ZrO2,,In2O3=0.1088;ZrO2=0.8912,Zr=65.977;In=9.000,42.3147,0,53.7703,130.91,loading from composition text,
10.1016/j.jcou.2016.11.015 | 40 bar | H2/CO2 3.04 | 1.5 NL/g/h,10.1016/j.jcou.2016.11.015,"Table 4, 493 K, CZA-1",CZA-1,Cu/Zn = 2.30 (molar ratio); Cu + ZnO = 9.94 wt.%,Cu,,Al2O3,ZnO,Cu=0.0638;ZnO=0.0356;Al2O3=0.9006,Al=47.665;Cu=6.385;Zn=2.856,1.33807,0,12.7937,89.9337,Cu + ZnO wt% and Cu/Zn molar (composition field); rest Al2O3,
10.1016/j.jcou.2016.11.015 | 40 bar | H2/CO2 3.04 | 1.5 NL/g/h,10.1016/j.jcou.2016.11.015,"Table 4, 493 K, CZA-2",CZA-2,Cu/Zn = 2.38 (molar ratio); Cu + ZnO = 22.76 wt.%,Cu,,Al2O3,ZnO,Cu=0.1480;ZnO=0.0796;Al2O3=0.7724,Al=40.880;Cu=14.798;Zn=6.397,2.40811,0,13.8637,91.0037,Cu + ZnO wt% and Cu/Zn molar (composition field); rest Al2O3,
10.1016/j.jcou.2016.11.015 | 40 bar | H2/CO2 3.04 | 1.5 NL/g/h,10.1016/j.jcou.2016.11.015,"Table 4, 493 K, CZA-3",CZA-3,Cu/Zn = 2.37 (molar ratio); Cu + ZnO = 33.61 wt.%,Cu,,Al2O3,ZnO,Cu=0.2182;ZnO=0.1179;Al2O3=0.6639,Al=35.138;Cu=21.820;Zn=9.472,3.30397,0,14.7596,91.8996,Cu + ZnO wt% and Cu/Zn molar (composition field); rest Al2O3,
10.1016/j.jcou.2016.11.015 | 40 bar | H2/CO2 3.04 | 1.5 NL/g/h,10.1016/j.jcou.2016.11.015,"Table 4, 493 K, CZA-4",CZA-4,Cu/Zn = 2.32 (molar ratio); Cu + ZnO = 44.50 wt.%,Cu,,Al2O3,ZnO,Cu=0.2867;ZnO=0.1583;Al2O3=0.5550,Al=29.374;Cu=28.673;Zn=12.716,4.18373,0,15.6393,92.7793,Cu + ZnO wt% and Cu/Zn molar (composition field); rest Al2O3,
10.1016/j.jcou.2016.11.015 | 40 bar | H2/CO2 3.04 | 1.5 NL/g/h,10.1016/j.jcou.2016.11.015,"Table 4, 513 K, CZA-1",CZA-1,Cu/Zn = 2.30 (molar ratio); Cu + ZnO = 9.94 wt.%,Cu,,Al2O3,ZnO,Cu=0.0638;ZnO=0.0356;Al2O3=0.9006,Al=47.665;Cu=6.385;Zn=2.856,1.33807,0,12.7937,89.9337,Cu + ZnO wt% and Cu/Zn molar (composition field); rest Al2O3,
10.1016/j.jcou.2016.11.015 | 40 bar | H2/CO2 3.04 | 1.5 NL/g/h,10.1016/j.jcou.2016.11.015,"Table 4, 513 K, CZA-2",CZA-2,Cu/Zn = 2.38 (molar ratio); Cu + ZnO = 22.76 wt.%,Cu,,Al2O3,ZnO,Cu=0.1480;ZnO=0.0796;Al2O3=0.7724,Al=40.880;Cu=14.798;Zn=6.397,2.40811,0,13.8637,91.0037,Cu + ZnO wt% and Cu/Zn molar (composition field); rest Al2O3,
10.1016/j.jcou.2016.11.015 | 40 bar | H2/CO2 3.04 | 1.5 NL/g/h,10.1016/j.jcou.2016.11.015,"Table 4, 513 K, CZA-3",CZA-3,Cu/Zn = 2.37 (molar ratio); Cu + ZnO = 33.61 wt.%,Cu,,Al2O3,ZnO,Cu=0.2182;ZnO=0.1179;Al2O3=0.6639,Al=35.138;Cu=21.820;Zn=9.472,3.30397,0,14.7596,91.8996,Cu + ZnO wt% and Cu/Zn molar (composition field); rest Al2O3,
10.1016/j.jcou.2016.11.015 | 40 bar | H2/CO2 3.04 | 1.5 NL/g/h,10.1016/j.jcou.2016.11.015,"Table 4, 513 K, CZA-4",CZA-4,Cu/Zn = 2.32 (molar ratio); Cu + ZnO = 44.50 wt.%,Cu,,Al2O3,ZnO,Cu=0.2867;ZnO=0.1583;Al2O3=0.5550,Al=29.374;Cu=28.673;Zn=12.716,4.18373,0,15.6393,92.7793,Cu + ZnO wt% and Cu/Zn molar (composition field); rest Al2O3,
10.1016/j.jcou.2016.11.015 | 40 bar | H2/CO2 3.04 | 1.5 NL/g/h,10.1016/j.jcou.2016.11.015,"Text, 513 K, 55.3 wt.% catalyst",CZA-5,Cu + ZnO = 55.3 wt.%,Cu,,Al2O3,ZnO,Cu=0.3575;ZnO=0.1955;Al2O3=0.4470,Cu=35.754;Al=23.658;Zn=15.704,5.08455,0,16.5401,93.6801,Cu + ZnO wt% and Cu/Zn molar (composition field); rest Al2O3,
10.1016/j.jcou.2016.11.015 | 40 bar | H2/CO2 3.04 | 1.5 NL/g/h,10.1016/j.jcou.2016.11.015,"Fig. 9 text, CZA-4 after 200 h",CZA-4,Cu/Zn = 2.32 (molar ratio); Cu + ZnO = 44.50 wt.%,Cu,,Al2O3,ZnO,Cu=0.2867;ZnO=0.1583;Al2O3=0.5550,Al=29.374;Cu=28.673;Zn=12.716,4.18373,0,15.6393,92.7793,Cu + ZnO wt% and Cu/Zn molar (composition field); rest Al2O3,
10.1016/j.jcou.2022.102209 | 40 bar | H2/CO2 3 | 24 NL/g/h,10.1016/j.jcou.2022.102209,"Fig. 1, CoIn-N, 240 °C",CoIn-N,Co: In = 7: 3,,,,,CoO1.3333333=0.5743;InO1.5=0.4257,Co=42.168;In=35.209,136.292,0,147.748,224.888,Co:In = 7:3 molar as Co3O4 + In2O3; template burnt off,
10.1016/j.jcou.2022.102209 | 40 bar | H2/CO2 3 | 24 NL/g/h,10.1016/j.jcou.2022.102209,"Fig. 1, CoIn-N, 255 °C",CoIn-N,Co: In = 7: 3,,,,,CoO1.3333333=0.5743;InO1.5=0.4257,Co=42.168;In=35.209,136.292,0,147.748,224.888,Co:In = 7:3 molar as Co3O4 + In2O3; template burnt off,
10.1016/j.jcou.2022.102209 | 40 bar | H2/CO2 3 | 24 NL/g/h,10.1016/j.jcou.2022.102209,"Fig. 1, CoIn-N, 270 °C",CoIn-N,Co: In = 7: 3,,,,,CoO1.3333333=0.5743;InO1.5=0.4257,Co=42.168;In=35.209,136.292,0,147.748,224.888,Co:In = 7:3 molar as Co3O4 + In2O3; template burnt off,
10.1016/j.jcou.2022.102209 | 40 bar | H2/CO2 3 | 24 NL/g/h,10.1016/j.jcou.2022.102209,"Fig. 1, CoIn-N, 285 °C",CoIn-N,Co: In = 7: 3,,,,,CoO1.3333333=0.5743;InO1.5=0.4257,Co=42.168;In=35.209,136.292,0,147.748,224.888,Co:In = 7:3 molar as Co3O4 + In2O3; template burnt off,
10.1016/j.jcou.2022.102209 | 40 bar | H2/CO2 3 | 24 NL/g/h,10.1016/j.jcou.2022.102209,"Fig. 1/Table 1, CoIn-N, 300 °C",CoIn-N,Co: In = 7: 3,,,,,CoO1.3333333=0.5743;InO1.5=0.4257,Co=42.168;In=35.209,136.292,0,147.748,224.888,Co:In = 7:3 molar as Co3O4 + In2O3; template burnt off,
10.1016/j.jcou.2022.102209 | 40 bar | H2/CO2 3 | 24 NL/g/h,10.1016/j.jcou.2022.102209,"SI Fig. S1, 1.04 wt% K/CoIn-N, 240 °C",1.04 wt% K/CoIn-N,1.04 wt% K/CoIn-N,Co,,,K,K2O=0.0125;CoO1.3333333=0.5671;InO1.5=0.4204,Co=41.640;In=34.768;K=1.040,134.598,0,146.054,223.194,1.04 wt% K on Co:In = 7:3 oxides,
10.1016/j.jcou.2022.102209 | 40 bar | H2/CO2 3 | 24 NL/g/h,10.1016/j.jcou.2022.102209,"SI Fig. S1, 1.04 wt% K/CoIn-N, 255 °C",1.04 wt% K/CoIn-N,1.04 wt% K/CoIn-N,,,,K,K2O=0.0125;CoO1.3333333=0.5671;InO1.5=0.4204,Co=41.640;In=34.768;K=1.040,134.598,0,146.054,223.194,1.04 wt% K on Co:In = 7:3 oxides,
10.1016/j.jcou.2022.102209 | 40 bar | H2/CO2 3 | 24 NL/g/h,10.1016/j.jcou.2022.102209,"SI Fig. S1, 1.04 wt% K/CoIn-N, 270 °C",1.04 wt% K/CoIn-N,1.04 wt% K/CoIn-N,,,,K,K2O=0.0125;CoO1.3333333=0.5671;InO1.5=0.4204,Co=41.640;In=34.768;K=1.040,134.598,0,146.054,223.194,1.04 wt% K on Co:In = 7:3 oxides,
10.1016/j.jcou.2022.102209 | 40 bar | H2/CO2 3 | 24 NL/g/h,10.1016/j.jcou.2022.102209,"SI Fig. S1, 1.04 wt% K/CoIn-N, 285 °C",1.04 wt% K/CoIn-N,1.04 wt% K/CoIn-N,,,,K,K2O=0.0125;CoO1.3333333=0.5671;InO1.5=0.4204,Co=41.640;In=34.768;K=1.040,134.598,0,146.054,223.194,1.04 wt% K on Co:In = 7:3 oxides,
10.1016/j.jcou.2022.102209 | 40 bar | H2/CO2 3 | 24 NL/g/h,10.1016/j.jcou.2022.102209,"SI Fig. S1, 1.04 wt% K/CoIn-N, 300 °C",1.04 wt% K/CoIn-N,1.04 wt% K/CoIn-N,,,,K,K2O=0.0125;CoO1.3333333=0.5671;InO1.5=0.4204,Co=41.640;In=34.768;K=1.040,134.598,0,146.054,223.194,1.04 wt% K on Co:In = 7:3 oxides,
10.1016/j.jcou.2022.102209 | 40 bar | H2/CO2 3 | 24 NL/g/h,10.1016/j.jcou.2022.102209,"SI Fig. S2, CoIn-91-BP-1, 240 °C",CoIn-91-BP-1,Molar ratio of Co:In = 9:1,Co,,BP-1,,CoO1.3333333=0.8388;InO1.5=0.1612,Co=61.588;In=13.332,74.3319,0,85.7874,162.927,Co:In = 9:1 molar as Co3O4 + In2O3; template burnt off,
10.1016/j.jcou.2022.102209 | 40 bar | H2/CO2 3 | 24 NL/g/h,10.1016/j.jcou.2022.102209,"SI Fig. S2, CoIn-91-BP-1, 255 °C",CoIn-91-BP-1,Molar ratio of Co:In = 9:1,,,BP-1,,CoO1.3333333=0.8388;InO1.5=0.1612,Co=61.588;In=13.332,74.3319,0,85.7874,162.927,Co:In = 9:1 molar as Co3O4 + In2O3; template burnt off,
10.1016/j.jcou.2022.102209 | 40 bar | H2/CO2 3 | 24 NL/g/h,10.1016/j.jcou.2022.102209,"SI Fig. S2, CoIn-91-BP-1, 270 °C",CoIn-91-BP-1,Molar ratio of Co:In = 9:1,,,BP-1,,CoO1.3333333=0.8388;InO1.5=0.1612,Co=61.588;In=13.332,74.3319,0,85.7874,162.927,Co:In = 9:1 molar as Co3O4 + In2O3; template burnt off,
10.1016/j.jcou.2022.102209 | 40 bar | H2/CO2 3 | 24 NL/g/h,10.1016/j.jcou.2022.102209,"SI Fig. S2, CoIn-91-BP-1, 285 °C",CoIn-91-BP-1,Molar ratio of Co:In = 9:1,,,BP-1,,CoO1.3333333=0.8388;InO1.5=0.1612,Co=61.588;In=13.332,74.3319,0,85.7874,162.927,Co:In = 9:1 molar as Co3O4 + In2O3; template burnt off,
10.1016/j.jcou.2022.102209 | 40 bar | H2/CO2 3 | 24 NL/g/h,10.1016/j.jcou.2022.102209,"SI Fig. S2, CoIn-91-BP-1, 300 °C",CoIn-91-BP-1,Molar ratio of Co:In = 9:1,,,BP-1,,CoO1.3333333=0.8388;InO1.5=0.1612,Co=61.588;In=13.332,74.3319,0,85.7874,162.927,Co:In = 9:1 molar as Co3O4 + In2O3; template burnt off,
10.1016/j.jcou.2022.102209 | 40 bar | H2/CO2 3 | 24 NL/g/h,10.1016/j.jcou.2022.102209,"SI Fig. S2, CoIn-82-BP-1, 240 °C",CoIn-82-BP-1,Molar ratio of Co:In = 8:2,Co,,BP-1,,CoO1.3333333=0.6981;InO1.5=0.3019,Co=51.260;In=24.967,107.284,0,118.74,195.88,Co:In = 8:2 molar as Co3O4 + In2O3; template burnt off,
10.1016/j.jcou.2022.102209 | 40 bar | H2/CO2 3 | 24 NL/g/h,10.1016/j.jcou.2022.102209,"SI Fig. S2, CoIn-82-BP-1, 255 °C",CoIn-82-BP-1,Molar ratio of Co:In = 8:2,,,BP-1,,CoO1.3333333=0.6981;InO1.5=0.3019,Co=51.260;In=24.967,107.284,0,118.74,195.88,Co:In = 8:2 molar as Co3O4 + In2O3; template burnt off,
10.1016/j.jcou.2022.102209 | 40 bar | H2/CO2 3 | 24 NL/g/h,10.1016/j.jcou.2022.102209,"SI Fig. S2, CoIn-82-BP-1, 270 °C",CoIn-82-BP-1,Molar ratio of Co:In = 8:2,,,BP-1,,CoO1.3333333=0.6981;InO1.5=0.3019,Co=51.260;In=24.967,107.284,0,118.74,195.88,Co:In = 8:2 molar as Co3O4 + In2O3; template burnt off,
10.1016/j.jcou.2022.102209 | 40 bar | H2/CO2 3 | 24 NL/g/h,10.1016/j.jcou.2022.102209,"SI Fig. S2, CoIn-82-BP-1, 285 °C",CoIn-82-BP-1,Molar ratio of Co:In = 8:2,,,BP-1,,CoO1.3333333=0.6981;InO1.5=0.3019,Co=51.260;In=24.967,107.284,0,118.74,195.88,Co:In = 8:2 molar as Co3O4 + In2O3; template burnt off,
10.1016/j.jcou.2022.102209 | 40 bar | H2/CO2 3 | 24 NL/g/h,10.1016/j.jcou.2022.102209,"SI Fig. S2, CoIn-82-BP-1, 300 °C",CoIn-82-BP-1,Molar ratio of Co:In = 8:2,,,BP-1,,CoO1.3333333=0.6981;InO1.5=0.3019,Co=51.260;In=24.967,107.284,0,118.74,195.88,Co:In = 8:2 molar as Co3O4 + In2O3; template burnt off,
10.1016/j.jcou.2022.102209 | 40 bar | H2/CO2 3 | 24 NL/g/h,10.1016/j.jcou.2022.102209,"SI Fig. S2, CoIn-73-BP-1, 240 °C",CoIn-73-BP-1,Molar ratio of Co:In = 7:3,Co,,BP-1,,CoO1.3333333=0.5743;InO1.5=0.4257,Co=42.168;In=35.209,136.292,0,147.748,224.888,Co:In = 7:3 molar as Co3O4 + In2O3; template burnt off,
10.1016/j.jcou.2022.102209 | 40 bar | H2/CO2 3 | 24 NL/g/h,10.1016/j.jcou.2022.102209,"SI Fig. S2, CoIn-73-BP-1, 255 °C",CoIn-73-BP-1,Molar ratio of Co:In = 7:3,,,BP-1,,CoO1.3333333=0.5743;InO1.5=0.4257,Co=42.168;In=35.209,136.292,0,147.748,224.888,Co:In = 7:3 molar as Co3O4 + In2O3; template burnt off,
10.1016/j.jcou.2022.102209 | 40 bar | H2/CO2 3 | 24 NL/g/h,10.1016/j.jcou.2022.102209,"SI Fig. S2, CoIn-73-BP-1, 270 °C",CoIn-73-BP-1,Molar ratio of Co:In = 7:3,,,BP-1,,CoO1.3333333=0.5743;InO1.5=0.4257,Co=42.168;In=35.209,136.292,0,147.748,224.888,Co:In = 7:3 molar as Co3O4 + In2O3; template burnt off,
10.1016/j.jcou.2022.102209 | 40 bar | H2/CO2 3 | 24 NL/g/h,10.1016/j.jcou.2022.102209,"SI Fig. S2, CoIn-73-BP-1, 285 °C",CoIn-73-BP-1,Molar ratio of Co:In = 7:3,,,BP-1,,CoO1.3333333=0.5743;InO1.5=0.4257,Co=42.168;In=35.209,136.292,0,147.748,224.888,Co:In = 7:3 molar as Co3O4 + In2O3; template burnt off,
10.1016/j.jcou.2022.102209 | 40 bar | H2/CO2 3 | 24 NL/g/h,10.1016/j.jcou.2022.102209,"SI Fig. S2, CoIn-73-BP-1, 300 °C",CoIn-73-BP-1,Molar ratio of Co:In = 7:3,,,BP-1,,CoO1.3333333=0.5743;InO1.5=0.4257,Co=42.168;In=35.209,136.292,0,147.748,224.888,Co:In = 7:3 molar as Co3O4 + In2O3; template burnt off,
10.1016/j.jcou.2022.102209 | 40 bar | H2/CO2 3 | 24 NL/g/h,10.1016/j.jcou.2022.102209,"SI Fig. S2, CoIn-64-BP-1, 240 °C",CoIn-64-BP-1,Molar ratio of Co:In = 6:4,Co,,BP-1,,CoO1.3333333=0.4645;InO1.5=0.5355,In=44.295;Co=34.103,162.024,0,173.48,250.62,Co:In = 6:4 molar as Co3O4 + In2O3; template burnt off,
10.1016/j.jcou.2022.102209 | 40 bar | H2/CO2 3 | 24 NL/g/h,10.1016/j.jcou.2022.102209,"SI Fig. S2, CoIn-64-BP-1, 255 °C",CoIn-64-BP-1,Molar ratio of Co:In = 6:4,,,BP-1,,CoO1.3333333=0.4645;InO1.5=0.5355,In=44.295;Co=34.103,162.024,0,173.48,250.62,Co:In = 6:4 molar as Co3O4 + In2O3; template burnt off,
10.1016/j.jcou.2022.102209 | 40 bar | H2/CO2 3 | 24 NL/g/h,10.1016/j.jcou.2022.102209,"SI Fig. S2, CoIn-64-BP-1, 270 °C",CoIn-64-BP-1,Molar ratio of Co:In = 6:4,,,BP-1,,CoO1.3333333=0.4645;InO1.5=0.5355,In=44.295;Co=34.103,162.024,0,173.48,250.62,Co:In = 6:4 molar as Co3O4 + In2O3; template burnt off,
10.1016/j.jcou.2022.102209 | 40 bar | H2/CO2 3 | 24 NL/g/h,10.1016/j.jcou.2022.102209,"SI Fig. S2, CoIn-64-BP-1, 285 °C",CoIn-64-BP-1,Molar ratio of Co:In = 6:4,,,BP-1,,CoO1.3333333=0.4645;InO1.5=0.5355,In=44.295;Co=34.103,162.024,0,173.48,250.62,Co:In = 6:4 molar as Co3O4 + In2O3; template burnt off,
10.1016/j.jcou.2022.102209 | 40 bar | H2/CO2 3 | 24 NL/g/h,10.1016/j.jcou.2022.102209,"SI Fig. S2, CoIn-64-BP-1, 300 °C",CoIn-64-BP-1,Molar ratio of Co:In = 6:4,,,BP-1,,CoO1.3333333=0.4645;InO1.5=0.5355,In=44.295;Co=34.103,162.024,0,173.48,250.62,Co:In = 6:4 molar as Co3O4 + In2O3; template burnt off,
10.1016/j.jcou.2022.102209 | 40 bar | H2/CO2 3 | 24 NL/g/h,10.1016/j.jcou.2022.102209,"SI Fig. S2, In-BP-1, 240 °C",In-BP-1,Molar ratio of Co:In = 0:10,,,BP-1,,In2O3=1.0000,In=82.712,270.831,0,282.287,359.427,In2O3 (Co:In = 0:10),
10.1016/j.jcou.2022.102209 | 40 bar | H2/CO2 3 | 24 NL/g/h,10.1016/j.jcou.2022.102209,"SI Fig. S2, In-BP-1, 255 °C",In-BP-1,Molar ratio of Co:In = 0:10,,,BP-1,,In2O3=1.0000,In=82.712,270.831,0,282.287,359.427,In2O3 (Co:In = 0:10),
10.1016/j.jcou.2022.102209 | 40 bar | H2/CO2 3 | 24 NL/g/h,10.1016/j.jcou.2022.102209,"SI Fig. S2, In-BP-1, 270 °C",In-BP-1,Molar ratio of Co:In = 0:10,,,BP-1,,In2O3=1.0000,In=82.712,270.831,0,282.287,359.427,In2O3 (Co:In = 0:10),
10.1016/j.jcou.2022.102209 | 40 bar | H2/CO2 3 | 24 NL/g/h,10.1016/j.jcou.2022.102209,"SI Fig. S2, In-BP-1, 285 °C",In-BP-1,Molar ratio of Co:In = 0:10,,,BP-1,,In2O3=1.0000,In=82.712,270.831,0,282.287,359.427,In2O3 (Co:In = 0:10),
10.1016/j.jcou.2022.102209 | 40 bar | H2/CO2 3 | 24 NL/g/h,10.1016/j.jcou.2022.102209,"SI Fig. S2, In-BP-1, 300 °C",In-BP-1,Molar ratio of Co:In = 0:10,,,BP-1,,In2O3=1.0000,In=82.712,270.831,0,282.287,359.427,In2O3 (Co:In = 0:10),
10.1016/j.jes.2023.05.010 | 30 bar | H2/CO2 4 | 18 NL/g/h,10.1016/j.jes.2023.05.010,"Fig. 6a,b, Au/In2O3-NS, 200°C",Au/In2O3-NS,Au loading 1.02 wt.%,,,In2O3-NS,Au,Au=0.0102;In2O3=0.9898,In=81.868;Au=1.020,1430.09,1162.03,1441.55,1518.69,loading from composition text,
10.1016/j.jes.2023.05.010 | 30 bar | H2/CO2 4 | 18 NL/g/h,10.1016/j.jes.2023.05.010,"Fig. 6a,b, Au/In2O3-NS, 225°C",Au/In2O3-NS,Au loading 1.02 wt.%,,,In2O3-NS,Au,Au=0.0102;In2O3=0.9898,In=81.868;Au=1.020,1430.09,1162.03,1441.55,1518.69,loading from composition text,
10.1016/j.jes.2023.05.010 | 30 bar | H2/CO2 4 | 18 NL/g/h,10.1016/j.jes.2023.05.010,"Fig. 6a,b, Au/In2O3-NS, 250°C",Au/In2O3-NS,Au loading 1.02 wt.%,,,In2O3-NS,Au,Au=0.0102;In2O3=0.9898,In=81.868;Au=1.020,1430.09,1162.03,1441.55,1518.69,loading from composition text,
10.1016/j.jes.2023.05.010 | 30 bar | H2/CO2 4 | 18 NL/g/h,10.1016/j.jes.2023.05.010,"Fig. 6a,b, Au/In2O3-NS, 275°C",Au/In2O3-NS,Au loading 1.02 wt.%,,,In2O3-NS,Au,Au=0.0102;In2O3=0.9898,In=81.868;Au=1.020,1430.09,1162.03,1441.55,1518.69,loading from composition text,
10.1016/j.jes.2023.05.010 | 30 bar | H2/CO2 4 | 18 NL/g/h,10.1016/j.jes.2023.05.010,"Fig. 6a,b and text, Au/In2O3-NS, 300°C",Au/In2O3-NS,Au loading 1.02 wt.%,,,In2O3-NS,Au,Au=0.0102;In2O3=0.9898,In=81.868;Au=1.020,1430.09,1162.03,1441.55,1518.69,loading from composition text,
10.1016/j.jes.2023.05.010 | 30 bar | H2/CO2 4 | 18 NL/g/h,10.1016/j.jes.2023.05.010,"Fig. 6a,b, Au/In2O3-NP, 200°C",Au/In2O3-NP,Au loading 1.01 wt.%,,,In2O3-NP,Au,Au=0.0101;In2O3=0.9899,In=81.877;Au=1.010,1418.73,1150.63,1430.18,1507.32,loading from composition text,
10.1016/j.jes.2023.05.010 | 30 bar | H2/CO2 4 | 18 NL/g/h,10.1016/j.jes.2023.05.010,"Fig. 6a,b, Au/In2O3-NP, 225°C",Au/In2O3-NP,Au loading 1.01 wt.%,,,In2O3-NP,Au,Au=0.0101;In2O3=0.9899,In=81.877;Au=1.010,1418.73,1150.63,1430.18,1507.32,loading from composition text,
10.1016/j.jes.2023.05.010 | 30 bar | H2/CO2 4 | 18 NL/g/h,10.1016/j.jes.2023.05.010,"Fig. 6a,b, Au/In2O3-NP, 250°C",Au/In2O3-NP,Au loading 1.01 wt.%,,,In2O3-NP,Au,Au=0.0101;In2O3=0.9899,In=81.877;Au=1.010,1418.73,1150.63,1430.18,1507.32,loading from composition text,
10.1016/j.jes.2023.05.010 | 30 bar | H2/CO2 4 | 18 NL/g/h,10.1016/j.jes.2023.05.010,"Fig. 6a,b, Au/In2O3-NP, 275°C",Au/In2O3-NP,Au loading 1.01 wt.%,,,In2O3-NP,Au,Au=0.0101;In2O3=0.9899,In=81.877;Au=1.010,1418.73,1150.63,1430.18,1507.32,loading from composition text,
10.1016/j.jes.2023.05.010 | 30 bar | H2/CO2 4 | 18 NL/g/h,10.1016/j.jes.2023.05.010,"Fig. 6a,b, Au/In2O3-NP, 300°C",Au/In2O3-NP,Au loading 1.01 wt.%,,,In2O3-NP,Au,Au=0.0101;In2O3=0.9899,In=81.877;Au=1.010,1418.73,1150.63,1430.18,1507.32,loading from composition text,
10.1016/j.jes.2023.05.010 | 30 bar | H2/CO2 4 | 18 NL/g/h,10.1016/j.jes.2023.05.010,"Fig. 6a,b, Au/In2O3-HM, 200°C",Au/In2O3-HM,Au loading 1.03 wt.%,,,In2O3-HM,Au,Au=0.0103;In2O3=0.9897,In=81.860;Au=1.030,1441.46,1173.42,1452.91,1530.05,loading from composition text,
10.1016/j.jes.2023.05.010 | 30 bar | H2/CO2 4 | 18 NL/g/h,10.1016/j.jes.2023.05.010,"Fig. 6a,b, Au/In2O3-HM, 225°C",Au/In2O3-HM,Au loading 1.03 wt.%,,,In2O3-HM,Au,Au=0.0103;In2O3=0.9897,In=81.860;Au=1.030,1441.46,1173.42,1452.91,1530.05,loading from composition text,
10.1016/j.jes.2023.05.010 | 30 bar | H2/CO2 4 | 18 NL/g/h,10.1016/j.jes.2023.05.010,"Fig. 6a,b, Au/In2O3-HM, 250°C",Au/In2O3-HM,Au loading 1.03 wt.%,,,In2O3-HM,Au,Au=0.0103;In2O3=0.9897,In=81.860;Au=1.030,1441.46,1173.42,1452.91,1530.05,loading from composition text,
10.1016/j.jes.2023.05.010 | 30 bar | H2/CO2 4 | 18 NL/g/h,10.1016/j.jes.2023.05.010,"Fig. 6a,b, Au/In2O3-HM, 275°C",Au/In2O3-HM,Au loading 1.03 wt.%,,,In2O3-HM,Au,Au=0.0103;In2O3=0.9897,In=81.860;Au=1.030,1441.46,1173.42,1452.91,1530.05,loading from composition text,
10.1016/j.jes.2023.05.010 | 30 bar | H2/CO2 4 | 18 NL/g/h,10.1016/j.jes.2023.05.010,"Fig. 6a,b, Au/In2O3-HM, 300°C",Au/In2O3-HM,Au loading 1.03 wt.%,,,In2O3-HM,Au,Au=0.0103;In2O3=0.9897,In=81.860;Au=1.030,1441.46,1173.42,1452.91,1530.05,loading from composition text,
10.1016/j.jes.2023.05.010 | 30 bar | H2/CO2 4 | 18000 h-1,10.1016/j.jes.2023.05.010,SI Table S5 row In2O3-HM,In2O3-HM,In2O3,,,,,In2O3=1.0000,In=82.712,270.831,0,282.287,359.427,bulk oxide,
10.1016/j.jes.2023.05.010 | 30 bar | H2/CO2 4 | 18000 h-1,10.1016/j.jes.2023.05.010,SI Table S5 row In2O3-NP,In2O3-NP,In2O3,,,,,In2O3=1.0000,In=82.712,270.831,0,282.287,359.427,bulk oxide,
10.1016/j.jes.2023.05.010 | 30 bar | H2/CO2 4 | 18000 h-1,10.1016/j.jes.2023.05.010,SI Table S5 row In2O3-NS,In2O3-NS,In2O3,,,,,In2O3=1.0000,In=82.712,270.831,0,282.287,359.427,bulk oxide,
10.1016/j.jes.2023.05.010 | 30 bar | H2/CO2 4 | 18000 h-1,10.1016/j.jes.2023.05.010,"SI Figure S4a,b, In2O3-NS, 200 °C",In2O3-NS,,,,,,In2O3=1.0000,In=82.712,270.831,0,282.287,359.427,bulk oxide,
10.1016/j.jes.2023.05.010 | 30 bar | H2/CO2 4 | 18000 h-1,10.1016/j.jes.2023.05.010,"SI Figure S4a,b, In2O3-NS, 225 °C",In2O3-NS,,,,,,In2O3=1.0000,In=82.712,270.831,0,282.287,359.427,bulk oxide,
10.1016/j.jes.2023.05.010 | 30 bar | H2/CO2 4 | 18000 h-1,10.1016/j.jes.2023.05.010,"SI Figure S4a,b, In2O3-NS, 250 °C",In2O3-NS,,,,,,In2O3=1.0000,In=82.712,270.831,0,282.287,359.427,bulk oxide,
10.1016/j.jes.2023.05.010 | 30 bar | H2/CO2 4 | 18000 h-1,10.1016/j.jes.2023.05.010,"SI Figure S4a,b, In2O3-NS, 275 °C",In2O3-NS,,,,,,In2O3=1.0000,In=82.712,270.831,0,282.287,359.427,bulk oxide,
10.1016/j.jes.2023.05.010 | 30 bar | H2/CO2 4 | 18000 h-1,10.1016/j.jes.2023.05.010,"SI Figure S4a,b, In2O3-NP, 200 °C",In2O3-NP,,,,,,In2O3=1.0000,In=82.712,270.831,0,282.287,359.427,bulk oxide,
10.1016/j.jes.2023.05.010 | 30 bar | H2/CO2 4 | 18000 h-1,10.1016/j.jes.2023.05.010,"SI Figure S4a,b, In2O3-NP, 225 °C",In2O3-NP,,,,,,In2O3=1.0000,In=82.712,270.831,0,282.287,359.427,bulk oxide,
10.1016/j.jes.2023.05.010 | 30 bar | H2/CO2 4 | 18000 h-1,10.1016/j.jes.2023.05.010,"SI Figure S4a,b, In2O3-NP, 250 °C",In2O3-NP,,,,,,In2O3=1.0000,In=82.712,270.831,0,282.287,359.427,bulk oxide,
10.1016/j.jes.2023.05.010 | 30 bar | H2/CO2 4 | 18000 h-1,10.1016/j.jes.2023.05.010,"SI Figure S4a,b, In2O3-NP, 275 °C",In2O3-NP,,,,,,In2O3=1.0000,In=82.712,270.831,0,282.287,359.427,bulk oxide,
10.1016/j.jes.2023.05.010 | 30 bar | H2/CO2 4 | 18000 h-1,10.1016/j.jes.2023.05.010,"SI Figure S4a,b, In2O3-HM, 200 °C",In2O3-HM,,,,,,In2O3=1.0000,In=82.712,270.831,0,282.287,359.427,bulk oxide,
10.1016/j.jes.2023.05.010 | 30 bar | H2/CO2 4 | 18000 h-1,10.1016/j.jes.2023.05.010,"SI Figure S4a,b, In2O3-HM, 225 °C",In2O3-HM,,,,,,In2O3=1.0000,In=82.712,270.831,0,282.287,359.427,bulk oxide,
10.1016/j.jes.2023.05.010 | 30 bar | H2/CO2 4 | 18000 h-1,10.1016/j.jes.2023.05.010,"SI Figure S4a,b, In2O3-HM, 250 °C",In2O3-HM,,,,,,In2O3=1.0000,In=82.712,270.831,0,282.287,359.427,bulk oxide,
10.1016/j.jes.2023.05.010 | 30 bar | H2/CO2 4 | 18000 h-1,10.1016/j.jes.2023.05.010,"SI Figure S4a,b, In2O3-HM, 275 °C",In2O3-HM,,,,,,In2O3=1.0000,In=82.712,270.831,0,282.287,359.427,bulk oxide,
10.1016/j.mcat.2020.111105 | 30 bar | H2/CO2 3 | 10000 h-1,10.1016/j.mcat.2020.111105,"Fig. 7, 2-CuO, 200 °C",2-CuO,2 wt.% CuO/Ce0.4Zr0.6O2,,,Ce0.4Zr0.6O2,,CuO=0.0200;CeO2=0.4725;ZrO2=0.5075,Ce=38.469;Zr=37.568;Cu=1.598,8.2258,0,19.6814,96.8214,x wt% CuO on Ce0.4Zr0.6O2,
10.1016/j.mcat.2020.111105 | 30 bar | H2/CO2 3 | 10000 h-1,10.1016/j.mcat.2020.111105,"Fig. 7, 2-CuO, 220 °C",2-CuO,2 wt.% CuO/Ce0.4Zr0.6O2,,,Ce0.4Zr0.6O2,,CuO=0.0200;CeO2=0.4725;ZrO2=0.5075,Ce=38.469;Zr=37.568;Cu=1.598,8.2258,0,19.6814,96.8214,x wt% CuO on Ce0.4Zr0.6O2,
10.1016/j.mcat.2020.111105 | 30 bar | H2/CO2 3 | 10000 h-1,10.1016/j.mcat.2020.111105,"Fig. 7, 2-CuO, 240 °C",2-CuO,2 wt.% CuO/Ce0.4Zr0.6O2,,,Ce0.4Zr0.6O2,,CuO=0.0200;CeO2=0.4725;ZrO2=0.5075,Ce=38.469;Zr=37.568;Cu=1.598,8.2258,0,19.6814,96.8214,x wt% CuO on Ce0.4Zr0.6O2,
10.1016/j.mcat.2020.111105 | 30 bar | H2/CO2 3 | 10000 h-1,10.1016/j.mcat.2020.111105,"Fig. 7, 2-CuO, 260 °C",2-CuO,2 wt.% CuO/Ce0.4Zr0.6O2,,,Ce0.4Zr0.6O2,,CuO=0.0200;CeO2=0.4725;ZrO2=0.5075,Ce=38.469;Zr=37.568;Cu=1.598,8.2258,0,19.6814,96.8214,x wt% CuO on Ce0.4Zr0.6O2,
10.1016/j.mcat.2020.111105 | 30 bar | H2/CO2 3 | 10000 h-1,10.1016/j.mcat.2020.111105,"Fig. 7, 2-CuO, 280 °C",2-CuO,2 wt.% CuO/Ce0.4Zr0.6O2,,,Ce0.4Zr0.6O2,,CuO=0.0200;CeO2=0.4725;ZrO2=0.5075,Ce=38.469;Zr=37.568;Cu=1.598,8.2258,0,19.6814,96.8214,x wt% CuO on Ce0.4Zr0.6O2,
10.1016/j.mcat.2020.111105 | 30 bar | H2/CO2 3 | 10000 h-1,10.1016/j.mcat.2020.111105,"Fig. 7, 2-CuO, 300 °C",2-CuO,2 wt.% CuO/Ce0.4Zr0.6O2,,,Ce0.4Zr0.6O2,,CuO=0.0200;CeO2=0.4725;ZrO2=0.5075,Ce=38.469;Zr=37.568;Cu=1.598,8.2258,0,19.6814,96.8214,x wt% CuO on Ce0.4Zr0.6O2,
10.1016/j.mcat.2020.111105 | 30 bar | H2/CO2 3 | 10000 h-1,10.1016/j.mcat.2020.111105,"Fig. 7, 5-CuO, 200 °C",5-CuO,5 wt.% CuO/Ce0.4Zr0.6O2,,,Ce0.4Zr0.6O2,,CuO=0.0500;CeO2=0.4581;ZrO2=0.4919,Ce=37.291;Zr=36.418;Cu=3.994,8.27458,0,19.7302,96.8702,x wt% CuO on Ce0.4Zr0.6O2,
10.1016/j.mcat.2020.111105 | 30 bar | H2/CO2 3 | 10000 h-1,10.1016/j.mcat.2020.111105,"Fig. 7, 5-CuO, 220 °C",5-CuO,5 wt.% CuO/Ce0.4Zr0.6O2,,,Ce0.4Zr0.6O2,,CuO=0.0500;CeO2=0.4581;ZrO2=0.4919,Ce=37.291;Zr=36.418;Cu=3.994,8.27458,0,19.7302,96.8702,x wt% CuO on Ce0.4Zr0.6O2,
10.1016/j.mcat.2020.111105 | 30 bar | H2/CO2 3 | 10000 h-1,10.1016/j.mcat.2020.111105,"Fig. 7, 5-CuO, 240 °C",5-CuO,5 wt.% CuO/Ce0.4Zr0.6O2,,,Ce0.4Zr0.6O2,,CuO=0.0500;CeO2=0.4581;ZrO2=0.4919,Ce=37.291;Zr=36.418;Cu=3.994,8.27458,0,19.7302,96.8702,x wt% CuO on Ce0.4Zr0.6O2,
10.1016/j.mcat.2020.111105 | 30 bar | H2/CO2 3 | 10000 h-1,10.1016/j.mcat.2020.111105,"Fig. 7, 5-CuO, 260 °C",5-CuO,5 wt.% CuO/Ce0.4Zr0.6O2,,,Ce0.4Zr0.6O2,,CuO=0.0500;CeO2=0.4581;ZrO2=0.4919,Ce=37.291;Zr=36.418;Cu=3.994,8.27458,0,19.7302,96.8702,x wt% CuO on Ce0.4Zr0.6O2,
10.1016/j.mcat.2020.111105 | 30 bar | H2/CO2 3 | 10000 h-1,10.1016/j.mcat.2020.111105,"Fig. 7, 5-CuO, 280 °C",5-CuO,5 wt.% CuO/Ce0.4Zr0.6O2,,,Ce0.4Zr0.6O2,,CuO=0.0500;CeO2=0.4581;ZrO2=0.4919,Ce=37.291;Zr=36.418;Cu=3.994,8.27458,0,19.7302,96.8702,x wt% CuO on Ce0.4Zr0.6O2,
10.1016/j.mcat.2020.111105 | 30 bar | H2/CO2 3 | 10000 h-1,10.1016/j.mcat.2020.111105,"Fig. 7, 5-CuO, 300 °C",5-CuO,5 wt.% CuO/Ce0.4Zr0.6O2,,,Ce0.4Zr0.6O2,,CuO=0.0500;CeO2=0.4581;ZrO2=0.4919,Ce=37.291;Zr=36.418;Cu=3.994,8.27458,0,19.7302,96.8702,x wt% CuO on Ce0.4Zr0.6O2,
10.1016/j.mcat.2020.111105 | 30 bar | H2/CO2 3 | 10000 h-1,10.1016/j.mcat.2020.111105,"Fig. 7, 15-CuO, 200 °C",15-CuO,15 wt.% CuO/Ce0.4Zr0.6O2,,,Ce0.4Zr0.6O2,,CuO=0.1500;CeO2=0.4099;ZrO2=0.4401,Ce=33.366;Zr=32.585;Cu=11.983,8.43717,0,19.8928,97.0328,x wt% CuO on Ce0.4Zr0.6O2,
10.1016/j.mcat.2020.111105 | 30 bar | H2/CO2 3 | 10000 h-1,10.1016/j.mcat.2020.111105,"Fig. 7, 15-CuO, 220 °C",15-CuO,15 wt.% CuO/Ce0.4Zr0.6O2,,,Ce0.4Zr0.6O2,,CuO=0.1500;CeO2=0.4099;ZrO2=0.4401,Ce=33.366;Zr=32.585;Cu=11.983,8.43717,0,19.8928,97.0328,x wt% CuO on Ce0.4Zr0.6O2,
10.1016/j.mcat.2020.111105 | 30 bar | H2/CO2 3 | 10000 h-1,10.1016/j.mcat.2020.111105,"Fig. 7, 15-CuO, 240 °C",15-CuO,15 wt.% CuO/Ce0.4Zr0.6O2,,,Ce0.4Zr0.6O2,,CuO=0.1500;CeO2=0.4099;ZrO2=0.4401,Ce=33.366;Zr=32.585;Cu=11.983,8.43717,0,19.8928,97.0328,x wt% CuO on Ce0.4Zr0.6O2,
10.1016/j.mcat.2020.111105 | 30 bar | H2/CO2 3 | 10000 h-1,10.1016/j.mcat.2020.111105,"Fig. 7, 15-CuO, 260 °C",15-CuO,15 wt.% CuO/Ce0.4Zr0.6O2,,,Ce0.4Zr0.6O2,,CuO=0.1500;CeO2=0.4099;ZrO2=0.4401,Ce=33.366;Zr=32.585;Cu=11.983,8.43717,0,19.8928,97.0328,x wt% CuO on Ce0.4Zr0.6O2,
10.1016/j.mcat.2020.111105 | 30 bar | H2/CO2 3 | 10000 h-1,10.1016/j.mcat.2020.111105,"Fig. 7, 15-CuO, 280 °C",15-CuO,15 wt.% CuO/Ce0.4Zr0.6O2,,,Ce0.4Zr0.6O2,,CuO=0.1500;CeO2=0.4099;ZrO2=0.4401,Ce=33.366;Zr=32.585;Cu=11.983,8.43717,0,19.8928,97.0328,x wt% CuO on Ce0.4Zr0.6O2,
10.1016/j.mcat.2020.111105 | 30 bar | H2/CO2 3 | 10000 h-1,10.1016/j.mcat.2020.111105,"Fig. 7, 15-CuO, 300 °C",15-CuO,15 wt.% CuO/Ce0.4Zr0.6O2,,,Ce0.4Zr0.6O2,,CuO=0.1500;CeO2=0.4099;ZrO2=0.4401,Ce=33.366;Zr=32.585;Cu=11.983,8.43717,0,19.8928,97.0328,x wt% CuO on Ce0.4Zr0.6O2,
10.1016/j.mcat.2020.111105 | 30 bar | H2/CO2 3 | 10000 h-1,10.1016/j.mcat.2020.111105,"Fig. 7, 25-CuO, 200 °C",25-CuO,25 wt.% CuO/Ce0.4Zr0.6O2,,,Ce0.4Zr0.6O2,,CuO=0.2500;CeO2=0.3616;ZrO2=0.3884,Ce=29.441;Zr=28.751;Cu=19.972,8.59977,0,20.0554,97.1954,x wt% CuO on Ce0.4Zr0.6O2,
10.1016/j.mcat.2020.111105 | 30 bar | H2/CO2 3 | 10000 h-1,10.1016/j.mcat.2020.111105,"Fig. 7, 25-CuO, 220 °C",25-CuO,25 wt.% CuO/Ce0.4Zr0.6O2,,,Ce0.4Zr0.6O2,,CuO=0.2500;CeO2=0.3616;ZrO2=0.3884,Ce=29.441;Zr=28.751;Cu=19.972,8.59977,0,20.0554,97.1954,x wt% CuO on Ce0.4Zr0.6O2,
10.1016/j.mcat.2020.111105 | 30 bar | H2/CO2 3 | 10000 h-1,10.1016/j.mcat.2020.111105,"Fig. 7, 25-CuO, 240 °C",25-CuO,25 wt.% CuO/Ce0.4Zr0.6O2,,,Ce0.4Zr0.6O2,,CuO=0.2500;CeO2=0.3616;ZrO2=0.3884,Ce=29.441;Zr=28.751;Cu=19.972,8.59977,0,20.0554,97.1954,x wt% CuO on Ce0.4Zr0.6O2,
10.1016/j.mcat.2020.111105 | 30 bar | H2/CO2 3 | 10000 h-1,10.1016/j.mcat.2020.111105,"Fig. 7, 25-CuO, 260 °C",25-CuO,25 wt.% CuO/Ce0.4Zr0.6O2,,,Ce0.4Zr0.6O2,,CuO=0.2500;CeO2=0.3616;ZrO2=0.3884,Ce=29.441;Zr=28.751;Cu=19.972,8.59977,0,20.0554,97.1954,x wt% CuO on Ce0.4Zr0.6O2,
10.1016/j.mcat.2020.111105 | 30 bar | H2/CO2 3 | 10000 h-1,10.1016/j.mcat.2020.111105,"Fig. 7, 25-CuO, 280 °C",25-CuO,25 wt.% CuO/Ce0.4Zr0.6O2,,,Ce0.4Zr0.6O2,,CuO=0.2500;CeO2=0.3616;ZrO2=0.3884,Ce=29.441;Zr=28.751;Cu=19.972,8.59977,0,20.0554,97.1954,x wt% CuO on Ce0.4Zr0.6O2,
10.1016/j.mcat.2020.111105 | 30 bar | H2/CO2 3 | 10000 h-1,10.1016/j.mcat.2020.111105,"Fig. 7, 25-CuO, 300 °C",25-CuO,25 wt.% CuO/Ce0.4Zr0.6O2,,,Ce0.4Zr0.6O2,,CuO=0.2500;CeO2=0.3616;ZrO2=0.3884,Ce=29.441;Zr=28.751;Cu=19.972,8.59977,0,20.0554,97.1954,x wt% CuO on Ce0.4Zr0.6O2,
10.1016/j.mcat.2020.111105 | 30 bar | H2/CO2 3 | 10000 h-1,10.1016/j.mcat.2020.111105,"Fig. 7, 35-CuO, 200 °C",35-CuO,35 wt.% CuO/Ce0.4Zr0.6O2,,,Ce0.4Zr0.6O2,,CuO=0.3500;CeO2=0.3134;ZrO2=0.3366,Cu=27.960;Ce=25.515;Zr=24.918,8.76237,0,20.2179,97.3579,x wt% CuO on Ce0.4Zr0.6O2,
10.1016/j.mcat.2020.111105 | 30 bar | H2/CO2 3 | 10000 h-1,10.1016/j.mcat.2020.111105,"Fig. 7, 35-CuO, 220 °C",35-CuO,35 wt.% CuO/Ce0.4Zr0.6O2,,,Ce0.4Zr0.6O2,,CuO=0.3500;CeO2=0.3134;ZrO2=0.3366,Cu=27.960;Ce=25.515;Zr=24.918,8.76237,0,20.2179,97.3579,x wt% CuO on Ce0.4Zr0.6O2,
10.1016/j.mcat.2020.111105 | 30 bar | H2/CO2 3 | 10000 h-1,10.1016/j.mcat.2020.111105,"Fig. 7, 35-CuO, 240 °C",35-CuO,35 wt.% CuO/Ce0.4Zr0.6O2,,,Ce0.4Zr0.6O2,,CuO=0.3500;CeO2=0.3134;ZrO2=0.3366,Cu=27.960;Ce=25.515;Zr=24.918,8.76237,0,20.2179,97.3579,x wt% CuO on Ce0.4Zr0.6O2,
10.1016/j.mcat.2020.111105 | 30 bar | H2/CO2 3 | 10000 h-1,10.1016/j.mcat.2020.111105,"Fig. 7, 35-CuO, 260 °C",35-CuO,35 wt.% CuO/Ce0.4Zr0.6O2,,,Ce0.4Zr0.6O2,,CuO=0.3500;CeO2=0.3134;ZrO2=0.3366,Cu=27.960;Ce=25.515;Zr=24.918,8.76237,0,20.2179,97.3579,x wt% CuO on Ce0.4Zr0.6O2,
10.1016/j.mcat.2020.111105 | 30 bar | H2/CO2 3 | 10000 h-1,10.1016/j.mcat.2020.111105,"Fig. 7/Table 2, 35-CuO, 280 °C",35-CuO,35 wt.% CuO/Ce0.4Zr0.6O2,,,Ce0.4Zr0.6O2,,CuO=0.3500;CeO2=0.3134;ZrO2=0.3366,Cu=27.960;Ce=25.515;Zr=24.918,8.76237,0,20.2179,97.3579,x wt% CuO on Ce0.4Zr0.6O2,
10.1016/j.mcat.2020.111105 | 30 bar | H2/CO2 3 | 10000 h-1,10.1016/j.mcat.2020.111105,"Fig. 7, 35-CuO, 300 °C",35-CuO,35 wt.% CuO/Ce0.4Zr0.6O2,,,Ce0.4Zr0.6O2,,CuO=0.3500;CeO2=0.3134;ZrO2=0.3366,Cu=27.960;Ce=25.515;Zr=24.918,8.76237,0,20.2179,97.3579,x wt% CuO on Ce0.4Zr0.6O2,
10.1016/j.mcat.2020.111105 | 30 bar | H2/CO2 3 | 10000 h-1,10.1016/j.mcat.2020.111105,"Fig. 7, 40-CuO, 200 °C",40-CuO,40 wt.% CuO/Ce0.4Zr0.6O2,,,Ce0.4Zr0.6O2,,CuO=0.4000;CeO2=0.2893;ZrO2=0.3107,Cu=31.955;Ce=23.552;Zr=23.001,8.84367,0,20.2992,97.4392,x wt% CuO on Ce0.4Zr0.6O2,
10.1016/j.mcat.2020.111105 | 30 bar | H2/CO2 3 | 10000 h-1,10.1016/j.mcat.2020.111105,"Fig. 7, 40-CuO, 220 °C",40-CuO,40 wt.% CuO/Ce0.4Zr0.6O2,,,Ce0.4Zr0.6O2,,CuO=0.4000;CeO2=0.2893;ZrO2=0.3107,Cu=31.955;Ce=23.552;Zr=23.001,8.84367,0,20.2992,97.4392,x wt% CuO on Ce0.4Zr0.6O2,
10.1016/j.mcat.2020.111105 | 30 bar | H2/CO2 3 | 10000 h-1,10.1016/j.mcat.2020.111105,"Fig. 7, 40-CuO, 240 °C",40-CuO,40 wt.% CuO/Ce0.4Zr0.6O2,,,Ce0.4Zr0.6O2,,CuO=0.4000;CeO2=0.2893;ZrO2=0.3107,Cu=31.955;Ce=23.552;Zr=23.001,8.84367,0,20.2992,97.4392,x wt% CuO on Ce0.4Zr0.6O2,
10.1016/j.mcat.2020.111105 | 30 bar | H2/CO2 3 | 10000 h-1,10.1016/j.mcat.2020.111105,"Fig. 7, 40-CuO, 260 °C",40-CuO,40 wt.% CuO/Ce0.4Zr0.6O2,,,Ce0.4Zr0.6O2,,CuO=0.4000;CeO2=0.2893;ZrO2=0.3107,Cu=31.955;Ce=23.552;Zr=23.001,8.84367,0,20.2992,97.4392,x wt% CuO on Ce0.4Zr0.6O2,
10.1016/j.mcat.2020.111105 | 30 bar | H2/CO2 3 | 10000 h-1,10.1016/j.mcat.2020.111105,"Fig. 7, 40-CuO, 280 °C",40-CuO,40 wt.% CuO/Ce0.4Zr0.6O2,,,Ce0.4Zr0.6O2,,CuO=0.4000;CeO2=0.2893;ZrO2=0.3107,Cu=31.955;Ce=23.552;Zr=23.001,8.84367,0,20.2992,97.4392,x wt% CuO on Ce0.4Zr0.6O2,
10.1016/j.mcat.2020.111105 | 30 bar | H2/CO2 3 | 10000 h-1,10.1016/j.mcat.2020.111105,"Fig. 7, 40-CuO, 300 °C",40-CuO,40 wt.% CuO/Ce0.4Zr0.6O2,,,Ce0.4Zr0.6O2,,CuO=0.4000;CeO2=0.2893;ZrO2=0.3107,Cu=31.955;Ce=23.552;Zr=23.001,8.84367,0,20.2992,97.4392,x wt% CuO on Ce0.4Zr0.6O2,
10.1021/acs.iecr.7b01464 | 20 bar | H2/CO2 3.03 | 0.873 NL/g/h,10.1021/acs.iecr.7b01464,"Fig 7, CZA200, 2 MPa, internal cooling",CZA200,Cu:Zn:Al = 58:25:17 molar ratio,,,Al2O3,ZnO;Al2O3 as structure promoter,CuO=0.6139;ZnO=0.2707;AlO1.5=0.1153,Cu=49.046;Zn=21.751;Al=6.104,6.72095,0,18.1765,95.3165,Cu:Zn:Al = 58:25:17 molar as oxides,
10.1021/acs.iecr.7b01464 | 20 bar | H2/CO2 3.03 | 0.873 NL/g/h,10.1021/acs.iecr.7b01464,"Fig 7, CZA300, 2 MPa, internal cooling",CZA300,Cu:Zn:Al = 58:25:17 molar ratio,,,Al2O3,ZnO;Al2O3 as structure promoter,CuO=0.6139;ZnO=0.2707;AlO1.5=0.1153,Cu=49.046;Zn=21.751;Al=6.104,6.72095,0,18.1765,95.3165,Cu:Zn:Al = 58:25:17 molar as oxides,
10.1021/acs.iecr.7b01464 | 20 bar | H2/CO2 3.03 | 0.873 NL/g/h,10.1021/acs.iecr.7b01464,"Fig 7, CZA400, 2 MPa, internal cooling",CZA400,Cu:Zn:Al = 58:25:17 molar ratio,,,Al2O3,ZnO;Al2O3 as structure promoter,CuO=0.6139;ZnO=0.2707;AlO1.5=0.1153,Cu=49.046;Zn=21.751;Al=6.104,6.72095,0,18.1765,95.3165,Cu:Zn:Al = 58:25:17 molar as oxides,
10.1021/acs.iecr.7b01464 | 30 bar | H2/CO2 3.03 | 0.873 NL/g/h,10.1021/acs.iecr.7b01464,"Fig 6, CZA200, 220 °C, internal cooling",CZA200,Cu:Zn:Al = 58:25:17 molar ratio,,,Al2O3,ZnO;Al2O3 as structure promoter,CuO=0.6139;ZnO=0.2707;AlO1.5=0.1153,Cu=49.046;Zn=21.751;Al=6.104,6.72095,0,18.1765,95.3165,Cu:Zn:Al = 58:25:17 molar as oxides,
10.1021/acs.iecr.7b01464 | 30 bar | H2/CO2 3.03 | 0.873 NL/g/h,10.1021/acs.iecr.7b01464,"Fig 6, CZA200, 230 °C, internal cooling",CZA200,Cu:Zn:Al = 58:25:17 molar ratio,,,Al2O3,ZnO;Al2O3 as structure promoter,CuO=0.6139;ZnO=0.2707;AlO1.5=0.1153,Cu=49.046;Zn=21.751;Al=6.104,6.72095,0,18.1765,95.3165,Cu:Zn:Al = 58:25:17 molar as oxides,
10.1021/acs.iecr.7b01464 | 30 bar | H2/CO2 3.03 | 0.873 NL/g/h,10.1021/acs.iecr.7b01464,"Table 1, CZA200, internal cooling",CZA200,Cu:Zn:Al = 58:25:17 molar ratio,,,Al2O3,ZnO;Al2O3 as structure promoter,CuO=0.6139;ZnO=0.2707;AlO1.5=0.1153,Cu=49.046;Zn=21.751;Al=6.104,6.72095,0,18.1765,95.3165,Cu:Zn:Al = 58:25:17 molar as oxides,
10.1021/acs.iecr.7b01464 | 30 bar | H2/CO2 3.03 | 0.873 NL/g/h,10.1021/acs.iecr.7b01464,"Fig 6, CZA200, 250 °C, internal cooling",CZA200,Cu:Zn:Al = 58:25:17 molar ratio,,,Al2O3,ZnO;Al2O3 as structure promoter,CuO=0.6139;ZnO=0.2707;AlO1.5=0.1153,Cu=49.046;Zn=21.751;Al=6.104,6.72095,0,18.1765,95.3165,Cu:Zn:Al = 58:25:17 molar as oxides,
10.1021/acs.iecr.7b01464 | 30 bar | H2/CO2 3.03 | 0.873 NL/g/h,10.1021/acs.iecr.7b01464,"Fig 6, CZA200, 260 °C, internal cooling",CZA200,Cu:Zn:Al = 58:25:17 molar ratio,,,Al2O3,ZnO;Al2O3 as structure promoter,CuO=0.6139;ZnO=0.2707;AlO1.5=0.1153,Cu=49.046;Zn=21.751;Al=6.104,6.72095,0,18.1765,95.3165,Cu:Zn:Al = 58:25:17 molar as oxides,
10.1021/acs.iecr.7b01464 | 30 bar | H2/CO2 3.03 | 0.873 NL/g/h,10.1021/acs.iecr.7b01464,"Fig 6, CZA300, 220 °C, internal cooling",CZA300,Cu:Zn:Al = 58:25:17 molar ratio,,,Al2O3,ZnO;Al2O3 as structure promoter,CuO=0.6139;ZnO=0.2707;AlO1.5=0.1153,Cu=49.046;Zn=21.751;Al=6.104,6.72095,0,18.1765,95.3165,Cu:Zn:Al = 58:25:17 molar as oxides,
10.1021/acs.iecr.7b01464 | 30 bar | H2/CO2 3.03 | 0.873 NL/g/h,10.1021/acs.iecr.7b01464,"Fig 6, CZA300, 230 °C, internal cooling",CZA300,Cu:Zn:Al = 58:25:17 molar ratio,,,Al2O3,ZnO;Al2O3 as structure promoter,CuO=0.6139;ZnO=0.2707;AlO1.5=0.1153,Cu=49.046;Zn=21.751;Al=6.104,6.72095,0,18.1765,95.3165,Cu:Zn:Al = 58:25:17 molar as oxides,
10.1021/acs.iecr.7b01464 | 30 bar | H2/CO2 3.03 | 0.873 NL/g/h,10.1021/acs.iecr.7b01464,"Table 1, CZA300, internal cooling",CZA300,Cu:Zn:Al = 58:25:17 molar ratio,,,Al2O3,ZnO;Al2O3 as structure promoter,CuO=0.6139;ZnO=0.2707;AlO1.5=0.1153,Cu=49.046;Zn=21.751;Al=6.104,6.72095,0,18.1765,95.3165,Cu:Zn:Al = 58:25:17 molar as oxides,
10.1021/acs.iecr.7b01464 | 30 bar | H2/CO2 3.03 | 0.873 NL/g/h,10.1021/acs.iecr.7b01464,"Fig 6, CZA300, 250 °C, internal cooling",CZA300,Cu:Zn:Al = 58:25:17 molar ratio,,,Al2O3,ZnO;Al2O3 as structure promoter,CuO=0.6139;ZnO=0.2707;AlO1.5=0.1153,Cu=49.046;Zn=21.751;Al=6.104,6.72095,0,18.1765,95.3165,Cu:Zn:Al = 58:25:17 molar as oxides,
10.1021/acs.iecr.7b01464 | 30 bar | H2/CO2 3.03 | 0.873 NL/g/h,10.1021/acs.iecr.7b01464,"Fig 6, CZA300, 260 °C, internal cooling",CZA300,Cu:Zn:Al = 58:25:17 molar ratio,,,Al2O3,ZnO;Al2O3 as structure promoter,CuO=0.6139;ZnO=0.2707;AlO1.5=0.1153,Cu=49.046;Zn=21.751;Al=6.104,6.72095,0,18.1765,95.3165,Cu:Zn:Al = 58:25:17 molar as oxides,
10.1021/acs.iecr.7b01464 | 30 bar | H2/CO2 3.03 | 0.873 NL/g/h,10.1021/acs.iecr.7b01464,"Text/Fig 6, CZA400, 220 °C, internal cooling",CZA400,Cu:Zn:Al = 58:25:17 molar ratio,,,Al2O3,ZnO;Al2O3 as structure promoter,CuO=0.6139;ZnO=0.2707;AlO1.5=0.1153,Cu=49.046;Zn=21.751;Al=6.104,6.72095,0,18.1765,95.3165,Cu:Zn:Al = 58:25:17 molar as oxides,
10.1021/acs.iecr.7b01464 | 30 bar | H2/CO2 3.03 | 0.873 NL/g/h,10.1021/acs.iecr.7b01464,"Fig 6, CZA400, 230 °C, internal cooling",CZA400,Cu:Zn:Al = 58:25:17 molar ratio,,,Al2O3,ZnO;Al2O3 as structure promoter,CuO=0.6139;ZnO=0.2707;AlO1.5=0.1153,Cu=49.046;Zn=21.751;Al=6.104,6.72095,0,18.1765,95.3165,Cu:Zn:Al = 58:25:17 molar as oxides,
10.1021/acs.iecr.7b01464 | 30 bar | H2/CO2 3.03 | 0.873 NL/g/h,10.1021/acs.iecr.7b01464,"Table 1, CZA400, internal cooling",CZA400,Cu:Zn:Al = 58:25:17 molar ratio,,,Al2O3,ZnO;Al2O3 as structure promoter,CuO=0.6139;ZnO=0.2707;AlO1.5=0.1153,Cu=49.046;Zn=21.751;Al=6.104,6.72095,0,18.1765,95.3165,Cu:Zn:Al = 58:25:17 molar as oxides,
10.1021/acs.iecr.7b01464 | 30 bar | H2/CO2 3.03 | 0.873 NL/g/h,10.1021/acs.iecr.7b01464,"Fig 6, CZA400, 250 °C, internal cooling",CZA400,Cu:Zn:Al = 58:25:17 molar ratio,,,Al2O3,ZnO;Al2O3 as structure promoter,CuO=0.6139;ZnO=0.2707;AlO1.5=0.1153,Cu=49.046;Zn=21.751;Al=6.104,6.72095,0,18.1765,95.3165,Cu:Zn:Al = 58:25:17 molar as oxides,
10.1021/acs.iecr.7b01464 | 30 bar | H2/CO2 3.03 | 0.873 NL/g/h,10.1021/acs.iecr.7b01464,"Text/Fig 6, CZA400, 260 °C, internal cooling",CZA400,Cu:Zn:Al = 58:25:17 molar ratio,,,Al2O3,ZnO;Al2O3 as structure promoter,CuO=0.6139;ZnO=0.2707;AlO1.5=0.1153,Cu=49.046;Zn=21.751;Al=6.104,6.72095,0,18.1765,95.3165,Cu:Zn:Al = 58:25:17 molar as oxides,
10.1021/acs.iecr.7b01464 | 40 bar | H2/CO2 3.03 | 0.873 NL/g/h,10.1021/acs.iecr.7b01464,"Fig 7, CZA200, 4 MPa, internal cooling",CZA200,Cu:Zn:Al = 58:25:17 molar ratio,,,Al2O3,ZnO;Al2O3 as structure promoter,CuO=0.6139;ZnO=0.2707;AlO1.5=0.1153,Cu=49.046;Zn=21.751;Al=6.104,6.72095,0,18.1765,95.3165,Cu:Zn:Al = 58:25:17 molar as oxides,
10.1021/acs.iecr.7b01464 | 40 bar | H2/CO2 3.03 | 0.873 NL/g/h,10.1021/acs.iecr.7b01464,"Fig 7, CZA300, 4 MPa, internal cooling",CZA300,Cu:Zn:Al = 58:25:17 molar ratio,,,Al2O3,ZnO;Al2O3 as structure promoter,CuO=0.6139;ZnO=0.2707;AlO1.5=0.1153,Cu=49.046;Zn=21.751;Al=6.104,6.72095,0,18.1765,95.3165,Cu:Zn:Al = 58:25:17 molar as oxides,
10.1021/acs.iecr.7b01464 | 40 bar | H2/CO2 3.03 | 0.873 NL/g/h,10.1021/acs.iecr.7b01464,"Text/Fig 7, CZA400, 4 MPa, internal cooling",CZA400,Cu:Zn:Al = 58:25:17 molar ratio,,,Al2O3,ZnO;Al2O3 as structure promoter,CuO=0.6139;ZnO=0.2707;AlO1.5=0.1153,Cu=49.046;Zn=21.751;Al=6.104,6.72095,0,18.1765,95.3165,Cu:Zn:Al = 58:25:17 molar as oxides,
10.1021/acsaem.1c01502 | 50 bar | H2/CO2 3 | 30 NL/g/h,10.1021/acsaem.1c01502,"Figure 1, ZnZr, 260 °C",ZnZr,,,,,,ZnO=0.0896;ZrO2=0.9104,Zr=67.402;Zn=7.195,13.3319,0,24.7874,101.927,"ZnO-ZrO2, Zn/(Zn+Zr) = 13 % molar from the recipe",
10.1021/acsaem.1c01502 | 50 bar | H2/CO2 3 | 30 NL/g/h,10.1021/acsaem.1c01502,"Figure 1, ZnZr, 280 °C",ZnZr,,,,,,ZnO=0.0896;ZrO2=0.9104,Zr=67.402;Zn=7.195,13.3319,0,24.7874,101.927,"ZnO-ZrO2, Zn/(Zn+Zr) = 13 % molar from the recipe",
10.1021/acsaem.1c01502 | 50 bar | H2/CO2 3 | 30 NL/g/h,10.1021/acsaem.1c01502,"Figure 1, ZnZr, 300 °C",ZnZr,,,,,,ZnO=0.0896;ZrO2=0.9104,Zr=67.402;Zn=7.195,13.3319,0,24.7874,101.927,"ZnO-ZrO2, Zn/(Zn+Zr) = 13 % molar from the recipe",
10.1021/acsaem.1c01502 | 50 bar | H2/CO2 3 | 30 NL/g/h,10.1021/acsaem.1c01502,"Figure 1/text, ZnZr, 320 °C",ZnZr,,,,,,ZnO=0.0896;ZrO2=0.9104,Zr=67.402;Zn=7.195,13.3319,0,24.7874,101.927,"ZnO-ZrO2, Zn/(Zn+Zr) = 13 % molar from the recipe",
10.1021/acsaem.1c01502 | 50 bar | H2/CO2 3 | 30 NL/g/h,10.1021/acsaem.1c01502,"Figure 1, ZnZr, 340 °C",ZnZr,,,,,,ZnO=0.0896;ZrO2=0.9104,Zr=67.402;Zn=7.195,13.3319,0,24.7874,101.927,"ZnO-ZrO2, Zn/(Zn+Zr) = 13 % molar from the recipe",
10.1021/acsaem.1c01502 | 50 bar | H2/CO2 3 | 30 NL/g/h,10.1021/acsaem.1c01502,"Figure 1, CP-Pd/ZnZr, 260 °C",CP-Pd/ZnZr,0.1 wt % Pd/ZnZr,Pd,0.1,ZnZr,,Pd=0.0010;ZnO=0.0895;ZrO2=0.9095,Zr=67.334;Zn=7.188;Pd=0.100,49.3108,35.9923,60.7664,137.906,"Pd wt% (name, else 0.1 wt%) on ZnZr",
10.1021/acsaem.1c01502 | 50 bar | H2/CO2 3 | 30 NL/g/h,10.1021/acsaem.1c01502,"Figure 1, CP-Pd/ZnZr, 280 °C",CP-Pd/ZnZr,0.1 wt % Pd/ZnZr,Pd,0.1,ZnZr,,Pd=0.0010;ZnO=0.0895;ZrO2=0.9095,Zr=67.334;Zn=7.188;Pd=0.100,49.3108,35.9923,60.7664,137.906,"Pd wt% (name, else 0.1 wt%) on ZnZr",
10.1021/acsaem.1c01502 | 50 bar | H2/CO2 3 | 30 NL/g/h,10.1021/acsaem.1c01502,"Figure 1, CP-Pd/ZnZr, 300 °C",CP-Pd/ZnZr,0.1 wt % Pd/ZnZr,Pd,0.1,ZnZr,,Pd=0.0010;ZnO=0.0895;ZrO2=0.9095,Zr=67.334;Zn=7.188;Pd=0.100,49.3108,35.9923,60.7664,137.906,"Pd wt% (name, else 0.1 wt%) on ZnZr",
10.1021/acsaem.1c01502 | 50 bar | H2/CO2 3 | 30 NL/g/h,10.1021/acsaem.1c01502,"Figure 1/text, CP-Pd/ZnZr, 320 °C",CP-Pd/ZnZr,0.1 wt % Pd/ZnZr,Pd,0.1,ZnZr,,Pd=0.0010;ZnO=0.0895;ZrO2=0.9095,Zr=67.334;Zn=7.188;Pd=0.100,49.3108,35.9923,60.7664,137.906,"Pd wt% (name, else 0.1 wt%) on ZnZr",
10.1021/acsaem.1c01502 | 50 bar | H2/CO2 3 | 30 NL/g/h,10.1021/acsaem.1c01502,"Figure 1, CP-Pd/ZnZr, 340 °C",CP-Pd/ZnZr,0.1 wt % Pd/ZnZr,Pd,0.1,ZnZr,,Pd=0.0010;ZnO=0.0895;ZrO2=0.9095,Zr=67.334;Zn=7.188;Pd=0.100,49.3108,35.9923,60.7664,137.906,"Pd wt% (name, else 0.1 wt%) on ZnZr",
10.1021/acsaem.1c01502 | 50 bar | H2/CO2 3 | 30 NL/g/h,10.1021/acsaem.1c01502,"Figure 1, IM-Pd/ZnZr, 260 °C",IM-Pd/ZnZr,0.1 wt % Pd/ZnZr,Pd,0.1,ZnZr,,Pd=0.0010;ZnO=0.0895;ZrO2=0.9095,Zr=67.334;Zn=7.188;Pd=0.100,49.3108,35.9923,60.7664,137.906,"Pd wt% (name, else 0.1 wt%) on ZnZr",
10.1021/acsaem.1c01502 | 50 bar | H2/CO2 3 | 30 NL/g/h,10.1021/acsaem.1c01502,"Figure 1, IM-Pd/ZnZr, 280 °C",IM-Pd/ZnZr,0.1 wt % Pd/ZnZr,Pd,0.1,ZnZr,,Pd=0.0010;ZnO=0.0895;ZrO2=0.9095,Zr=67.334;Zn=7.188;Pd=0.100,49.3108,35.9923,60.7664,137.906,"Pd wt% (name, else 0.1 wt%) on ZnZr",
10.1021/acsaem.1c01502 | 50 bar | H2/CO2 3 | 30 NL/g/h,10.1021/acsaem.1c01502,"Figure 1, IM-Pd/ZnZr, 300 °C",IM-Pd/ZnZr,0.1 wt % Pd/ZnZr,Pd,0.1,ZnZr,,Pd=0.0010;ZnO=0.0895;ZrO2=0.9095,Zr=67.334;Zn=7.188;Pd=0.100,49.3108,35.9923,60.7664,137.906,"Pd wt% (name, else 0.1 wt%) on ZnZr",
10.1021/acsaem.1c01502 | 50 bar | H2/CO2 3 | 30 NL/g/h,10.1021/acsaem.1c01502,"Figure 1/text, IM-Pd/ZnZr, 320 °C",IM-Pd/ZnZr,0.1 wt % Pd/ZnZr,Pd,0.1,ZnZr,,Pd=0.0010;ZnO=0.0895;ZrO2=0.9095,Zr=67.334;Zn=7.188;Pd=0.100,49.3108,35.9923,60.7664,137.906,"Pd wt% (name, else 0.1 wt%) on ZnZr",
10.1021/acsaem.1c01502 | 50 bar | H2/CO2 3 | 30 NL/g/h,10.1021/acsaem.1c01502,"Figure 1, IM-Pd/ZnZr, 340 °C",IM-Pd/ZnZr,0.1 wt % Pd/ZnZr,Pd,0.1,ZnZr,,Pd=0.0010;ZnO=0.0895;ZrO2=0.9095,Zr=67.334;Zn=7.188;Pd=0.100,49.3108,35.9923,60.7664,137.906,"Pd wt% (name, else 0.1 wt%) on ZnZr",
10.1021/acsami.1c05586 | 30 bar | H2/CO2 3 | 7.2 NL/g/h,10.1021/acsami.1c05586,"Table 6/Fig 7, 4.8Cu/CeO2, 190 °C",4.8Cu/CeO2,4.8Cu/CeO2,Cu,4.8,CeO2,,Cu=0.0480;CeO2=0.9520,Ce=77.501;Cu=4.800,2.03066,0,13.4862,90.6262,"name: y wt% In, x wt% Cu (paper's notation)",
10.1021/acsami.1c05586 | 30 bar | H2/CO2 3 | 7.2 NL/g/h,10.1021/acsami.1c05586,"Table 6/Fig 7, 4.8Cu/CeO2, 210 °C",4.8Cu/CeO2,4.8Cu/CeO2,Cu,4.8,CeO2,,Cu=0.0480;CeO2=0.9520,Ce=77.501;Cu=4.800,2.03066,0,13.4862,90.6262,"name: y wt% In, x wt% Cu (paper's notation)",
10.1021/acsami.1c05586 | 30 bar | H2/CO2 3 | 7.2 NL/g/h,10.1021/acsami.1c05586,"Table 6/Fig 7, 4.8Cu/CeO2, 230 °C",4.8Cu/CeO2,4.8Cu/CeO2,Cu,4.8,CeO2,,Cu=0.0480;CeO2=0.9520,Ce=77.501;Cu=4.800,2.03066,0,13.4862,90.6262,"name: y wt% In, x wt% Cu (paper's notation)",
10.1021/acsami.1c05586 | 30 bar | H2/CO2 3 | 7.2 NL/g/h,10.1021/acsami.1c05586,"Table 6/Fig 7, 4.8Cu/CeO2, 250 °C",4.8Cu/CeO2,4.8Cu/CeO2,Cu,4.8,CeO2,,Cu=0.0480;CeO2=0.9520,Ce=77.501;Cu=4.800,2.03066,0,13.4862,90.6262,"name: y wt% In, x wt% Cu (paper's notation)",
10.1021/acsami.1c05586 | 30 bar | H2/CO2 3 | 7.2 NL/g/h,10.1021/acsami.1c05586,"Table 6/Fig 7, 4.8Cu/CeO2, 270 °C",4.8Cu/CeO2,4.8Cu/CeO2,Cu,4.8,CeO2,,Cu=0.0480;CeO2=0.9520,Ce=77.501;Cu=4.800,2.03066,0,13.4862,90.6262,"name: y wt% In, x wt% Cu (paper's notation)",
10.1021/acsami.1c05586 | 30 bar | H2/CO2 3 | 7.2 NL/g/h,10.1021/acsami.1c05586,"Table 6/Fig 7, 4.8Cu/CeO2, 290 °C",4.8Cu/CeO2,4.8Cu/CeO2,Cu,4.8,CeO2,,Cu=0.0480;CeO2=0.9520,Ce=77.501;Cu=4.800,2.03066,0,13.4862,90.6262,"name: y wt% In, x wt% Cu (paper's notation)",
10.1021/acsami.1c05586 | 30 bar | H2/CO2 3 | 7.2 NL/g/h,10.1021/acsami.1c05586,"Table 6/Fig 7, 0.46In-4.7Cu/CeO2, 190 °C",0.46In-4.7Cu/CeO2,0.46In-4.7Cu/CeO2,Cu,4.7,CeO2,In,Cu=0.0470;In2O3=0.0056;CeO2=0.9474,Ce=77.130;Cu=4.700;In=0.460,3.51769,0,14.9733,92.1133,"name: y wt% In, x wt% Cu (paper's notation)",
10.1021/acsami.1c05586 | 30 bar | H2/CO2 3 | 7.2 NL/g/h,10.1021/acsami.1c05586,"Table 6/Fig 7, 0.46In-4.7Cu/CeO2, 210 °C",0.46In-4.7Cu/CeO2,0.46In-4.7Cu/CeO2,Cu,4.7,CeO2,In,Cu=0.0470;In2O3=0.0056;CeO2=0.9474,Ce=77.130;Cu=4.700;In=0.460,3.51769,0,14.9733,92.1133,"name: y wt% In, x wt% Cu (paper's notation)",
10.1021/acsami.1c05586 | 30 bar | H2/CO2 3 | 7.2 NL/g/h,10.1021/acsami.1c05586,"Table 6/Fig 7, 0.46In-4.7Cu/CeO2, 230 °C",0.46In-4.7Cu/CeO2,0.46In-4.7Cu/CeO2,Cu,4.7,CeO2,In,Cu=0.0470;In2O3=0.0056;CeO2=0.9474,Ce=77.130;Cu=4.700;In=0.460,3.51769,0,14.9733,92.1133,"name: y wt% In, x wt% Cu (paper's notation)",
10.1021/acsami.1c05586 | 30 bar | H2/CO2 3 | 7.2 NL/g/h,10.1021/acsami.1c05586,"Table 6/Fig 7, 0.46In-4.7Cu/CeO2, 250 °C",0.46In-4.7Cu/CeO2,0.46In-4.7Cu/CeO2,Cu,4.7,CeO2,In,Cu=0.0470;In2O3=0.0056;CeO2=0.9474,Ce=77.130;Cu=4.700;In=0.460,3.51769,0,14.9733,92.1133,"name: y wt% In, x wt% Cu (paper's notation)",
10.1021/acsami.1c05586 | 30 bar | H2/CO2 3 | 7.2 NL/g/h,10.1021/acsami.1c05586,"Table 6/Fig 7, 0.46In-4.7Cu/CeO2, 270 °C",0.46In-4.7Cu/CeO2,0.46In-4.7Cu/CeO2,Cu,4.7,CeO2,In,Cu=0.0470;In2O3=0.0056;CeO2=0.9474,Ce=77.130;Cu=4.700;In=0.460,3.51769,0,14.9733,92.1133,"name: y wt% In, x wt% Cu (paper's notation)",
10.1021/acsami.1c05586 | 30 bar | H2/CO2 3 | 7.2 NL/g/h,10.1021/acsami.1c05586,"Table 6/Fig 7, 0.46In-4.7Cu/CeO2, 290 °C",0.46In-4.7Cu/CeO2,0.46In-4.7Cu/CeO2,Cu,4.7,CeO2,In,Cu=0.0470;In2O3=0.0056;CeO2=0.9474,Ce=77.130;Cu=4.700;In=0.460,3.51769,0,14.9733,92.1133,"name: y wt% In, x wt% Cu (paper's notation)",
10.1021/acsami.1c05586 | 30 bar | H2/CO2 3 | 7.2 NL/g/h,10.1021/acsami.1c05586,"Table 6/Fig 7, 0.92In-4.6Cu/CeO2, 190 °C",0.92In-4.6Cu/CeO2,0.92In-4.6Cu/CeO2,Cu,4.6,CeO2,In,Cu=0.0460;In2O3=0.0111;CeO2=0.9429,Ce=76.759;Cu=4.600;In=0.920,5.00471,0,16.4603,93.6003,"name: y wt% In, x wt% Cu (paper's notation)",
10.1021/acsami.1c05586 | 30 bar | H2/CO2 3 | 7.2 NL/g/h,10.1021/acsami.1c05586,"Table 6/Fig 7, 0.92In-4.6Cu/CeO2, 210 °C",0.92In-4.6Cu/CeO2,0.92In-4.6Cu/CeO2,Cu,4.6,CeO2,In,Cu=0.0460;In2O3=0.0111;CeO2=0.9429,Ce=76.759;Cu=4.600;In=0.920,5.00471,0,16.4603,93.6003,"name: y wt% In, x wt% Cu (paper's notation)",
10.1021/acsami.1c05586 | 30 bar | H2/CO2 3 | 7.2 NL/g/h,10.1021/acsami.1c05586,"Table 6/Fig 7, 0.92In-4.6Cu/CeO2, 230 °C",0.92In-4.6Cu/CeO2,0.92In-4.6Cu/CeO2,Cu,4.6,CeO2,In,Cu=0.0460;In2O3=0.0111;CeO2=0.9429,Ce=76.759;Cu=4.600;In=0.920,5.00471,0,16.4603,93.6003,"name: y wt% In, x wt% Cu (paper's notation)",
10.1021/acsami.1c05586 | 30 bar | H2/CO2 3 | 7.2 NL/g/h,10.1021/acsami.1c05586,"Table 6/Fig 7, 0.92In-4.6Cu/CeO2, 250 °C",0.92In-4.6Cu/CeO2,0.92In-4.6Cu/CeO2,Cu,4.6,CeO2,In,Cu=0.0460;In2O3=0.0111;CeO2=0.9429,Ce=76.759;Cu=4.600;In=0.920,5.00471,0,16.4603,93.6003,"name: y wt% In, x wt% Cu (paper's notation)",
10.1021/acsami.1c05586 | 30 bar | H2/CO2 3 | 7.2 NL/g/h,10.1021/acsami.1c05586,"Table 6/Fig 7, 0.92In-4.6Cu/CeO2, 270 °C",0.92In-4.6Cu/CeO2,0.92In-4.6Cu/CeO2,Cu,4.6,CeO2,In,Cu=0.0460;In2O3=0.0111;CeO2=0.9429,Ce=76.759;Cu=4.600;In=0.920,5.00471,0,16.4603,93.6003,"name: y wt% In, x wt% Cu (paper's notation)",
10.1021/acsami.1c05586 | 30 bar | H2/CO2 3 | 7.2 NL/g/h,10.1021/acsami.1c05586,"Table 6/Fig 7, 0.92In-4.6Cu/CeO2, 290 °C",0.92In-4.6Cu/CeO2,0.92In-4.6Cu/CeO2,Cu,4.6,CeO2,In,Cu=0.0460;In2O3=0.0111;CeO2=0.9429,Ce=76.759;Cu=4.600;In=0.920,5.00471,0,16.4603,93.6003,"name: y wt% In, x wt% Cu (paper's notation)",
10.1021/acsami.1c05586 | 30 bar | H2/CO2 3 | 7.2 NL/g/h,10.1021/acsami.1c05586,"Table 6/Fig 7, 1.7In-4.7Cu/CeO2, 190 °C",1.7In-4.7Cu/CeO2,1.7In-4.7Cu/CeO2,Cu,4.7,CeO2,In,Cu=0.0470;In2O3=0.0206;CeO2=0.9324,Ce=75.909;Cu=4.700;In=1.700,7.55524,0,19.0108,96.1508,"name: y wt% In, x wt% Cu (paper's notation)",
10.1021/acsami.1c05586 | 30 bar | H2/CO2 3 | 7.2 NL/g/h,10.1021/acsami.1c05586,"Table 6/Fig 7, 1.7In-4.7Cu/CeO2, 210 °C",1.7In-4.7Cu/CeO2,1.7In-4.7Cu/CeO2,Cu,4.7,CeO2,In,Cu=0.0470;In2O3=0.0206;CeO2=0.9324,Ce=75.909;Cu=4.700;In=1.700,7.55524,0,19.0108,96.1508,"name: y wt% In, x wt% Cu (paper's notation)",
10.1021/acsami.1c05586 | 30 bar | H2/CO2 3 | 7.2 NL/g/h,10.1021/acsami.1c05586,"Table 6/Fig 7, 1.7In-4.7Cu/CeO2, 230 °C",1.7In-4.7Cu/CeO2,1.7In-4.7Cu/CeO2,Cu,4.7,CeO2,In,Cu=0.0470;In2O3=0.0206;CeO2=0.9324,Ce=75.909;Cu=4.700;In=1.700,7.55524,0,19.0108,96.1508,"name: y wt% In, x wt% Cu (paper's notation)",
10.1021/acsami.1c05586 | 30 bar | H2/CO2 3 | 7.2 NL/g/h,10.1021/acsami.1c05586,"Table 6/Fig 7, 1.7In-4.7Cu/CeO2, 250 °C",1.7In-4.7Cu/CeO2,1.7In-4.7Cu/CeO2,Cu,4.7,CeO2,In,Cu=0.0470;In2O3=0.0206;CeO2=0.9324,Ce=75.909;Cu=4.700;In=1.700,7.55524,0,19.0108,96.1508,"name: y wt% In, x wt% Cu (paper's notation)",
10.1021/acsami.1c05586 | 30 bar | H2/CO2 3 | 7.2 NL/g/h,10.1021/acsami.1c05586,"Table 6/Fig 7, 1.7In-4.7Cu/CeO2, 270 °C",1.7In-4.7Cu/CeO2,1.7In-4.7Cu/CeO2,Cu,4.7,CeO2,In,Cu=0.0470;In2O3=0.0206;CeO2=0.9324,Ce=75.909;Cu=4.700;In=1.700,7.55524,0,19.0108,96.1508,"name: y wt% In, x wt% Cu (paper's notation)",
10.1021/acsami.1c05586 | 30 bar | H2/CO2 3 | 7.2 NL/g/h,10.1021/acsami.1c05586,"Table 6/Fig 7, 1.7In-4.7Cu/CeO2, 290 °C",1.7In-4.7Cu/CeO2,1.7In-4.7Cu/CeO2,Cu,4.7,CeO2,In,Cu=0.0470;In2O3=0.0206;CeO2=0.9324,Ce=75.909;Cu=4.700;In=1.700,7.55524,0,19.0108,96.1508,"name: y wt% In, x wt% Cu (paper's notation)",
10.1021/acsami.1c05586 | 30 bar | H2/CO2 3 | 7.2 NL/g/h,10.1021/acsami.1c05586,"Text/Fig S4 summary, In2O3, 210 °C",In2O3,In2O3,,,,,In2O3=1.0000,In=82.712,270.831,0,282.287,359.427,bulk,
10.1021/acsami.1c05586 | 30 bar | H2/CO2 3 | 7.2 NL/g/h,10.1021/acsami.1c05586,"Text/Fig S4 summary, In2O3, 290 °C",In2O3,In2O3,,,,,In2O3=1.0000,In=82.712,270.831,0,282.287,359.427,bulk,
10.1021/acsami.1c05586 | 30 bar | H2/CO2 3 | 7.2 NL/g/h,10.1021/acsami.1c05586,"Text/Fig S4 summary, Cu/In2O3, 210 °C",Cu/In2O3,Cu/In2O3,Cu,,In2O3,,Cu=0.0480;In2O3=0.9520,In=78.742;Cu=4.800,258.421,0,269.877,347.017,Cu loading not printed; 4.8 wt% as the Cu/CeO2 reference assumed,assumed
10.1021/acsami.1c05586 | 30 bar | H2/CO2 3 | 7.2 NL/g/h,10.1021/acsami.1c05586,"Text/Fig S4 summary, Cu/In2O3, 290 °C",Cu/In2O3,Cu/In2O3,Cu,,In2O3,,Cu=0.0480;In2O3=0.9520,In=78.742;Cu=4.800,258.421,0,269.877,347.017,Cu loading not printed; 4.8 wt% as the Cu/CeO2 reference assumed,assumed
10.1021/acsami.1c05586 | 30 bar | H2/CO2 3 | 7.2 NL/g/h,10.1021/acsami.1c05586,"SI Figure S4, In2O3, 190 °C",In2O3,In2O3,,,,,In2O3=1.0000,In=82.712,270.831,0,282.287,359.427,bulk,
10.1021/acsami.1c05586 | 30 bar | H2/CO2 3 | 7.2 NL/g/h,10.1021/acsami.1c05586,"SI Figure S4, Cu/In2O3, 190 °C",Cu/In2O3,Cu/In2O3,Cu,,In2O3,,Cu=0.0480;In2O3=0.9520,In=78.742;Cu=4.800,258.421,0,269.877,347.017,Cu loading not printed; 4.8 wt% as the Cu/CeO2 reference assumed,assumed
10.1021/acsami.1c05586 | 30 bar | H2/CO2 3 | 7.2 NL/g/h,10.1021/acsami.1c05586,"SI Figure S4, In2O3, 230 °C",In2O3,In2O3,,,,,In2O3=1.0000,In=82.712,270.831,0,282.287,359.427,bulk,
10.1021/acsami.1c05586 | 30 bar | H2/CO2 3 | 7.2 NL/g/h,10.1021/acsami.1c05586,"SI Figure S4, Cu/In2O3, 230 °C",Cu/In2O3,Cu/In2O3,Cu,,In2O3,,Cu=0.0480;In2O3=0.9520,In=78.742;Cu=4.800,258.421,0,269.877,347.017,Cu loading not printed; 4.8 wt% as the Cu/CeO2 reference assumed,assumed
10.1021/acsami.1c05586 | 30 bar | H2/CO2 3 | 7.2 NL/g/h,10.1021/acsami.1c05586,"SI Figure S4, In2O3, 250 °C",In2O3,In2O3,,,,,In2O3=1.0000,In=82.712,270.831,0,282.287,359.427,bulk,
10.1021/acsami.1c05586 | 30 bar | H2/CO2 3 | 7.2 NL/g/h,10.1021/acsami.1c05586,"SI Figure S4, Cu/In2O3, 250 °C",Cu/In2O3,Cu/In2O3,Cu,,In2O3,,Cu=0.0480;In2O3=0.9520,In=78.742;Cu=4.800,258.421,0,269.877,347.017,Cu loading not printed; 4.8 wt% as the Cu/CeO2 reference assumed,assumed
10.1021/acsami.1c05586 | 30 bar | H2/CO2 3 | 7.2 NL/g/h,10.1021/acsami.1c05586,"SI Figure S4, In2O3, 270 °C",In2O3,In2O3,,,,,In2O3=1.0000,In=82.712,270.831,0,282.287,359.427,bulk,
10.1021/acsami.1c05586 | 30 bar | H2/CO2 3 | 7.2 NL/g/h,10.1021/acsami.1c05586,"SI Figure S4, Cu/In2O3, 270 °C",Cu/In2O3,Cu/In2O3,Cu,,In2O3,,Cu=0.0480;In2O3=0.9520,In=78.742;Cu=4.800,258.421,0,269.877,347.017,Cu loading not printed; 4.8 wt% as the Cu/CeO2 reference assumed,assumed
10.1021/acscatal.0c03324 | 10 bar | H2/CO2 3 | 2 NL/g/h,10.1021/acscatal.0c03324,Figure 10b; 2Pd/CeO2-R; 1 MPa,2Pd/CeO2-R,Pd content 1.96 wt %; designed Pd loading 2.0 wt %,Pd,1.96,CeO2-R (rods),,Pd=0.0196;CeO2=0.9804,Ce=79.813;Pd=1.960,706.933,705.449,718.388,795.528,loading from composition text (measured),
10.1021/acscatal.0c03324 | 20 bar | H2/CO2 3 | 2 NL/g/h,10.1021/acscatal.0c03324,Figure 10b; 2Pd/CeO2-R; 2 MPa,2Pd/CeO2-R,Pd content 1.96 wt %; designed Pd loading 2.0 wt %,Pd,1.96,CeO2-R (rods),,Pd=0.0196;CeO2=0.9804,Ce=79.813;Pd=1.960,706.933,705.449,718.388,795.528,loading from composition text (measured),
10.1021/acscatal.0c03324 | 30 bar | H2/CO2 3 | 10 NL/g/h,10.1021/acscatal.0c03324,Figure 10c; 2Pd/CeO2-R; GHSV 10 L gcat−1 h−1,2Pd/CeO2-R,Pd content 1.96 wt %; designed Pd loading 2.0 wt %,Pd,1.96,CeO2-R (rods),,Pd=0.0196;CeO2=0.9804,Ce=79.813;Pd=1.960,706.933,705.449,718.388,795.528,loading from composition text (measured),
10.1021/acscatal.0c03324 | 30 bar | H2/CO2 3 | 10 NL/g/h,10.1021/acscatal.0c03324,"SI Fig S7, O GHSV 10",2Pd/CeO2-O,2 wt% Pd/CeO2,Pd,2,CeO2,,Pd=0.0203;CeO2=0.9797,Ce=79.756;Pd=2.030,732.126,730.644,743.582,820.722,"loading from composition text (measured, same-name record)",
10.1021/acscatal.0c03324 | 30 bar | H2/CO2 3 | 14 NL/g/h,10.1021/acscatal.0c03324,Figure 10c; 2Pd/CeO2-R; GHSV 14 L gcat−1 h−1,2Pd/CeO2-R,Pd content 1.96 wt %; designed Pd loading 2.0 wt %,Pd,1.96,CeO2-R (rods),,Pd=0.0196;CeO2=0.9804,Ce=79.813;Pd=1.960,706.933,705.449,718.388,795.528,loading from composition text (measured),
10.1021/acscatal.0c03324 | 30 bar | H2/CO2 3 | 14 NL/g/h,10.1021/acscatal.0c03324,"SI Fig S7, O GHSV 14",2Pd/CeO2-O,2 wt% Pd/CeO2,Pd,2,CeO2,,Pd=0.0203;CeO2=0.9797,Ce=79.756;Pd=2.030,732.126,730.644,743.582,820.722,"loading from composition text (measured, same-name record)",
10.1021/acscatal.0c03324 | 30 bar | H2/CO2 3 | 18 NL/g/h,10.1021/acscatal.0c03324,Figure 10c; 2Pd/CeO2-R; GHSV 18 L gcat−1 h−1,2Pd/CeO2-R,Pd content 1.96 wt %; designed Pd loading 2.0 wt %,Pd,1.96,CeO2-R (rods),,Pd=0.0196;CeO2=0.9804,Ce=79.813;Pd=1.960,706.933,705.449,718.388,795.528,loading from composition text (measured),
10.1021/acscatal.0c03324 | 30 bar | H2/CO2 3 | 18 NL/g/h,10.1021/acscatal.0c03324,"SI Fig S7, O GHSV 18",2Pd/CeO2-O,2 wt% Pd/CeO2,Pd,2,CeO2,,Pd=0.0203;CeO2=0.9797,Ce=79.756;Pd=2.030,732.126,730.644,743.582,820.722,"loading from composition text (measured, same-name record)",
10.1021/acscatal.0c03324 | 30 bar | H2/CO2 3 | 2 NL/g/h,10.1021/acscatal.0c03324,Table 3 row 1; standard conditions,2Pd/CeO2-R,Pd content 1.96 wt %; designed Pd loading 2.0 wt %,Pd,1.96,CeO2-R (rods),,Pd=0.0196;CeO2=0.9804,Ce=79.813;Pd=1.960,706.933,705.449,718.388,795.528,loading from composition text (measured),
10.1021/acscatal.0c03324 | 30 bar | H2/CO2 3 | 2 NL/g/h,10.1021/acscatal.0c03324,Figure 10a; 2Pd/CeO2-R; 200 °C,2Pd/CeO2-R,Pd content 1.96 wt %; designed Pd loading 2.0 wt %,Pd,1.96,CeO2-R (rods),,Pd=0.0196;CeO2=0.9804,Ce=79.813;Pd=1.960,706.933,705.449,718.388,795.528,loading from composition text (measured),
10.1021/acscatal.0c03324 | 30 bar | H2/CO2 3 | 2 NL/g/h,10.1021/acscatal.0c03324,Figure 10a; 2Pd/CeO2-R; 220 °C,2Pd/CeO2-R,Pd content 1.96 wt %; designed Pd loading 2.0 wt %,Pd,1.96,CeO2-R (rods),,Pd=0.0196;CeO2=0.9804,Ce=79.813;Pd=1.960,706.933,705.449,718.388,795.528,loading from composition text (measured),
10.1021/acscatal.0c03324 | 30 bar | H2/CO2 3 | 2 NL/g/h,10.1021/acscatal.0c03324,Figure 10a; 2Pd/CeO2-R; 260 °C,2Pd/CeO2-R,Pd content 1.96 wt %; designed Pd loading 2.0 wt %,Pd,1.96,CeO2-R (rods),,Pd=0.0196;CeO2=0.9804,Ce=79.813;Pd=1.960,706.933,705.449,718.388,795.528,loading from composition text (measured),
10.1021/acscatal.0c03324 | 30 bar | H2/CO2 3 | 2 NL/g/h,10.1021/acscatal.0c03324,Figure 10a; 2Pd/CeO2-R; 280 °C,2Pd/CeO2-R,Pd content 1.96 wt %; designed Pd loading 2.0 wt %,Pd,1.96,CeO2-R (rods),,Pd=0.0196;CeO2=0.9804,Ce=79.813;Pd=1.960,706.933,705.449,718.388,795.528,loading from composition text (measured),
10.1021/acscatal.0c03324 | 30 bar | H2/CO2 3 | 2 NL/g/h,10.1021/acscatal.0c03324,"SI Fig S7, O GHSV 2",2Pd/CeO2-O,2 wt% Pd/CeO2,Pd,2,CeO2,,Pd=0.0203;CeO2=0.9797,Ce=79.756;Pd=2.030,732.126,730.644,743.582,820.722,"loading from composition text (measured, same-name record)",
10.1021/acscatal.0c03324 | 30 bar | H2/CO2 3 | 24 NL/g/h,10.1021/acscatal.0c03324,Figure 10c; 2Pd/CeO2-R; GHSV 24 L gcat−1 h−1,2Pd/CeO2-R,Pd content 1.96 wt %; designed Pd loading 2.0 wt %,Pd,1.96,CeO2-R (rods),,Pd=0.0196;CeO2=0.9804,Ce=79.813;Pd=1.960,706.933,705.449,718.388,795.528,loading from composition text (measured),
10.1021/acscatal.0c03324 | 30 bar | H2/CO2 3 | 6 NL/g/h,10.1021/acscatal.0c03324,Figure 10c; 2Pd/CeO2-R; GHSV 6 L gcat−1 h−1,2Pd/CeO2-R,Pd content 1.96 wt %; designed Pd loading 2.0 wt %,Pd,1.96,CeO2-R (rods),,Pd=0.0196;CeO2=0.9804,Ce=79.813;Pd=1.960,706.933,705.449,718.388,795.528,loading from composition text (measured),
10.1021/acscatal.0c03324 | 30 bar | H2/CO2 3 | 6 NL/g/h,10.1021/acscatal.0c03324,Text section 3.5; stability test at 100 h,2Pd/CeO2-R,Pd content 1.96 wt %; designed Pd loading 2.0 wt %,Pd,1.96,CeO2-R (rods),,Pd=0.0196;CeO2=0.9804,Ce=79.813;Pd=1.960,706.933,705.449,718.388,795.528,loading from composition text (measured),
10.1021/acscatal.0c03324 | 30 bar | H2/CO2 3 | 6 NL/g/h,10.1021/acscatal.0c03324,"SI Fig S7, O GHSV 6",2Pd/CeO2-O,2 wt% Pd/CeO2,Pd,2,CeO2,,Pd=0.0203;CeO2=0.9797,Ce=79.756;Pd=2.030,732.126,730.644,743.582,820.722,"loading from composition text (measured, same-name record)",
10.1021/acscatal.0c03324 | 30 bar | H2/CO2 3 | 6 NL/g/h,10.1021/acscatal.0c03324,"SI Figure S8, first plotted point",2Pd/CeO2-R,,Pd,2,CeO2,,Pd=0.0196;CeO2=0.9804,Ce=79.813;Pd=1.960,706.933,705.449,718.388,795.528,"loading from composition text (measured, same-name record)",
10.1021/acscatal.0c03324 | 40 bar | H2/CO2 3 | 2 NL/g/h,10.1021/acscatal.0c03324,Figure 10b; 2Pd/CeO2-R; 4 MPa,2Pd/CeO2-R,Pd content 1.96 wt %; designed Pd loading 2.0 wt %,Pd,1.96,CeO2-R (rods),,Pd=0.0196;CeO2=0.9804,Ce=79.813;Pd=1.960,706.933,705.449,718.388,795.528,loading from composition text (measured),
10.1021/acscatal.0c03324 | 50 bar | H2/CO2 3 | 2 NL/g/h,10.1021/acscatal.0c03324,Figure 10b; 2Pd/CeO2-R; 5 MPa,2Pd/CeO2-R,Pd content 1.96 wt %; designed Pd loading 2.0 wt %,Pd,2,CeO2-R (rods),,Pd=0.0196;CeO2=0.9804,Ce=79.813;Pd=1.960,706.933,705.449,718.388,795.528,loading from composition text (measured),
10.1021/acscatal.0c05628 | 50 bar | H2/CO2 4 | 21 NL/g/h,10.1021/acscatal.0c05628,"Figure 1a, In2O3, 200 °C",Pristine In2O3,In2O3,,,,,In2O3=1.0000,In=82.712,270.831,0,282.287,359.427,bulk oxide,
10.1021/acscatal.0c05628 | 50 bar | H2/CO2 4 | 21 NL/g/h,10.1021/acscatal.0c05628,"Figure 1a, Ir/In2O3-1, 200 °C",Ir/In2O3-1,1 wt % Ir on In2O3,Ir,1,In2O3,,Ir=0.0100;In2O3=0.9900,In=81.885;Ir=1.000,2501.64,2233.51,2513.09,2590.23,loading from composition text,
10.1021/acscatal.0c05628 | 50 bar | H2/CO2 4 | 21 NL/g/h,10.1021/acscatal.0c05628,"Figure 1a, Ir/In2O3-5, 200 °C",Ir/In2O3-5,5 wt % Ir on In2O3,Ir,5,In2O3,,Ir=0.0500;In2O3=0.9500,In=78.576;Ir=5.000,11424.9,11167.6,11436.3,11513.5,loading from composition text,
10.1021/acscatal.0c05628 | 50 bar | H2/CO2 4 | 21 NL/g/h,10.1021/acscatal.0c05628,"Figure 1a, Ir/In2O3-10, 200 °C",Ir/In2O3-10,10 wt % Ir on In2O3,Ir,10,In2O3,,Ir=0.1000;In2O3=0.9000,In=74.441;Ir=10.000,22578.9,22335.1,22590.3,22667.5,loading from composition text,
10.1021/acscatal.0c05628 | 50 bar | H2/CO2 4 | 21 NL/g/h,10.1021/acscatal.0c05628,"Figure 1a, In2O3, 225 °C",Pristine In2O3,In2O3,,,,,In2O3=1.0000,In=82.712,270.831,0,282.287,359.427,bulk oxide,
10.1021/acscatal.0c05628 | 50 bar | H2/CO2 4 | 21 NL/g/h,10.1021/acscatal.0c05628,"Figure 1a, Ir/In2O3-1, 225 °C",Ir/In2O3-1,1 wt % Ir on In2O3,Ir,1,In2O3,,Ir=0.0100;In2O3=0.9900,In=81.885;Ir=1.000,2501.64,2233.51,2513.09,2590.23,loading from composition text,
10.1021/acscatal.0c05628 | 50 bar | H2/CO2 4 | 21 NL/g/h,10.1021/acscatal.0c05628,"Figure 1a, Ir/In2O3-5, 225 °C",Ir/In2O3-5,5 wt % Ir on In2O3,Ir,5,In2O3,,Ir=0.0500;In2O3=0.9500,In=78.576;Ir=5.000,11424.9,11167.6,11436.3,11513.5,loading from composition text,
10.1021/acscatal.0c05628 | 50 bar | H2/CO2 4 | 21 NL/g/h,10.1021/acscatal.0c05628,"Figure 1a, Ir/In2O3-10, 225 °C",Ir/In2O3-10,10 wt % Ir on In2O3,Ir,10,In2O3,,Ir=0.1000;In2O3=0.9000,In=74.441;Ir=10.000,22578.9,22335.1,22590.3,22667.5,loading from composition text,
10.1021/acscatal.0c05628 | 50 bar | H2/CO2 4 | 21 NL/g/h,10.1021/acscatal.0c05628,"Text/Figure 1a, In2O3, 250 °C",Pristine In2O3,In2O3,,,,,In2O3=1.0000,In=82.712,270.831,0,282.287,359.427,bulk oxide,
10.1021/acscatal.0c05628 | 50 bar | H2/CO2 4 | 21 NL/g/h,10.1021/acscatal.0c05628,"Text/Figure 1a, Ir/In2O3-1, 250 °C",Ir/In2O3-1,1 wt % Ir on In2O3,Ir,1,In2O3,,Ir=0.0100;In2O3=0.9900,In=81.885;Ir=1.000,2501.64,2233.51,2513.09,2590.23,loading from composition text,
10.1021/acscatal.0c05628 | 50 bar | H2/CO2 4 | 21 NL/g/h,10.1021/acscatal.0c05628,"Text/Figure 1a, Ir/In2O3-5, 250 °C",Ir/In2O3-5,5 wt % Ir on In2O3,Ir,5,In2O3,,Ir=0.0500;In2O3=0.9500,In=78.576;Ir=5.000,11424.9,11167.6,11436.3,11513.5,loading from composition text,
10.1021/acscatal.0c05628 | 50 bar | H2/CO2 4 | 21 NL/g/h,10.1021/acscatal.0c05628,"Text/Figure 1a, Ir/In2O3-10, 250 °C",Ir/In2O3-10,10 wt % Ir on In2O3,Ir,10,In2O3,,Ir=0.1000;In2O3=0.9000,In=74.441;Ir=10.000,22578.9,22335.1,22590.3,22667.5,loading from composition text,
10.1021/acscatal.0c05628 | 50 bar | H2/CO2 4 | 21 NL/g/h,10.1021/acscatal.0c05628,"Figure 1a, In2O3, 275 °C",Pristine In2O3,In2O3,,,,,In2O3=1.0000,In=82.712,270.831,0,282.287,359.427,bulk oxide,
10.1021/acscatal.0c05628 | 50 bar | H2/CO2 4 | 21 NL/g/h,10.1021/acscatal.0c05628,"Figure 1a, Ir/In2O3-1, 275 °C",Ir/In2O3-1,1 wt % Ir on In2O3,Ir,1,In2O3,,Ir=0.0100;In2O3=0.9900,In=81.885;Ir=1.000,2501.64,2233.51,2513.09,2590.23,loading from composition text,
10.1021/acscatal.0c05628 | 50 bar | H2/CO2 4 | 21 NL/g/h,10.1021/acscatal.0c05628,"Figure 1a, Ir/In2O3-5, 275 °C",Ir/In2O3-5,5 wt % Ir on In2O3,Ir,5,In2O3,,Ir=0.0500;In2O3=0.9500,In=78.576;Ir=5.000,11424.9,11167.6,11436.3,11513.5,loading from composition text,
10.1021/acscatal.0c05628 | 50 bar | H2/CO2 4 | 21 NL/g/h,10.1021/acscatal.0c05628,"Figure 1a, Ir/In2O3-10, 275 °C",Ir/In2O3-10,10 wt % Ir on In2O3,Ir,10,In2O3,,Ir=0.1000;In2O3=0.9000,In=74.441;Ir=10.000,22578.9,22335.1,22590.3,22667.5,loading from composition text,
10.1021/acscatal.0c05628 | 50 bar | H2/CO2 4 | 21 NL/g/h,10.1021/acscatal.0c05628,"Text/Figure 1, In2O3, 300 °C",Pristine In2O3,In2O3,,,,,In2O3=1.0000,In=82.712,270.831,0,282.287,359.427,bulk oxide,
10.1021/acscatal.0c05628 | 50 bar | H2/CO2 4 | 21 NL/g/h,10.1021/acscatal.0c05628,"Text/Figure 1, Ir/In2O3-1, 300 °C",Ir/In2O3-1,1 wt % Ir on In2O3,Ir,1,In2O3,,Ir=0.0100;In2O3=0.9900,In=81.885;Ir=1.000,2501.64,2233.51,2513.09,2590.23,loading from composition text,
10.1021/acscatal.0c05628 | 50 bar | H2/CO2 4 | 21 NL/g/h,10.1021/acscatal.0c05628,"Text/Figure 1, Ir/In2O3-5, 300 °C",Ir/In2O3-5,5 wt % Ir on In2O3,Ir,5,In2O3,,Ir=0.0500;In2O3=0.9500,In=78.576;Ir=5.000,11424.9,11167.6,11436.3,11513.5,loading from composition text,
10.1021/acscatal.0c05628 | 50 bar | H2/CO2 4 | 21 NL/g/h,10.1021/acscatal.0c05628,"Text/Figure 1, Ir/In2O3-10, 300 °C",Ir/In2O3-10,10 wt % Ir on In2O3,Ir,10,In2O3,,Ir=0.1000;In2O3=0.9000,In=74.441;Ir=10.000,22578.9,22335.1,22590.3,22667.5,loading from composition text,
10.1021/acscatal.1c03170 | 30 bar | H2/CO2 3 | 60 NL/g/h,10.1021/acscatal.1c03170,"Fig 4a,b, NiO content 0 wt%",In2O3,In2O3,,,,,In2O3=1.0000,In=82.712,270.831,0,282.287,359.427,bulk,
10.1021/acscatal.1c03170 | 30 bar | H2/CO2 3 | 60 NL/g/h,10.1021/acscatal.1c03170,"Fig 4a,b, NiO content 1 wt%",NiO(1)−In2O3,NiO loading = 1 wt%,,,,NiO,NiO=0.0100;In2O3=0.9900,In=81.885;Ni=0.786,268.24,0,279.696,356.836,x wt% NiO in In2O3,
10.1021/acscatal.1c03170 | 30 bar | H2/CO2 3 | 60 NL/g/h,10.1021/acscatal.1c03170,"Fig 4a,b, NiO content 6 wt%",NiO(6)−In2O3,NiO loading = 6 wt%,,,,NiO,NiO=0.0600;In2O3=0.9400,In=77.749;Ni=4.715,255.287,0,266.742,343.882,x wt% NiO in In2O3,
10.1021/acscatal.1c03170 | 30 bar | H2/CO2 3 | 60 NL/g/h,10.1021/acscatal.1c03170,"Fig 4a,b, NiO content 25 wt%",NiO(25)−In2O3,NiO loading = 25 wt%,,,,NiO,NiO=0.2500;In2O3=0.7500,In=62.034;Ni=19.645,206.063,0,217.519,294.659,x wt% NiO in In2O3,
10.1021/acscatal.1c03170 | 30 bar | H2/CO2 3 | 60 NL/g/h,10.1021/acscatal.1c03170,"Fig 4a,b, NiO content 50 wt%",NiO(50)−In2O3,NiO loading = 50 wt%,,,,NiO,NiO=0.5000;In2O3=0.5000,In=41.356;Ni=39.290,141.295,0,152.751,229.891,x wt% NiO in In2O3,
10.1021/acscatal.1c03170 | 30 bar | H2/CO2 3 | 60 NL/g/h,10.1021/acscatal.1c03170,"Fig 4a,b, NiO content 75 wt%",NiO(75)−In2O3,NiO loading = 75 wt%,,,,NiO,NiO=0.7500;In2O3=0.2500,Ni=58.935;In=20.678,76.527,0,87.9826,165.123,x wt% NiO in In2O3,
10.1021/acscatal.1c03170 | 30 bar | H2/CO2 3 | 60 NL/g/h,10.1021/acscatal.1c03170,"Fig 4a,b, NiO content 100 wt%",NiO,NiO,,,,,NiO=1.0000,Ni=78.580,11.759,0,23.2146,100.355,bulk,
10.1021/acscatal.1c03170 | 30 bar | H2/CO2 3 | 60 NL/g/h,10.1021/acscatal.1c03170,"Fig 1, Co-In2O3 screening catalyst",Co-In2O3,M = 5 wt% promoted In2O3; M = Co,,,,Co,Co=0.0500;In2O3=0.9500,In=78.576;Co=5.000,259.78,0,271.236,348.376,5 wt% M promoted In2O3,
10.1021/acscatal.1c03170 | 30 bar | H2/CO2 3 | 60 NL/g/h,10.1021/acscatal.1c03170,"Fig 1, Ni-In2O3 screening catalyst",Ni-In2O3,M = 5 wt% promoted In2O3; M = Ni,,,,Ni,Ni=0.0500;In2O3=0.9500,In=78.576;Ni=5.000,258.038,0,269.493,346.633,5 wt% M promoted In2O3,
10.1021/acscatal.1c03170 | 30 bar | H2/CO2 3 | 60 NL/g/h,10.1021/acscatal.1c03170,"Fig 1, Cu-In2O3 screening catalyst",Cu-In2O3,M = 5 wt% promoted In2O3; M = Cu,,,,Cu,Cu=0.0500;In2O3=0.9500,In=78.576;Cu=5.000,257.904,0,269.36,346.5,5 wt% M promoted In2O3,
10.1021/acscatal.1c03170 | 30 bar | H2/CO2 3 | 60 NL/g/h,10.1021/acscatal.1c03170,"Fig 1, Pd-In2O3 screening catalyst",Pd-In2O3,M = 5 wt% promoted In2O3; M = Pd,,,,Pd,Pd=0.0500;In2O3=0.9500,In=78.576;Pd=5.000,2056.9,1799.62,2068.36,2145.5,5 wt% M promoted In2O3,
10.1021/acscatal.1c03170 | 30 bar | H2/CO2 3 | 60 NL/g/h,10.1021/acscatal.1c03170,"Figure 4c,d, In2O3 first TOS point",In2O3,In2O3,,,,,In2O3=1.0000,In=82.712,270.831,0,282.287,359.427,bulk,
10.1021/acscatal.1c03170 | 30 bar | H2/CO2 3 | 60 NL/g/h,10.1021/acscatal.1c03170,"Figure 4c,d, NiO(1)−In2O3 first TOS point",NiO(1)−In2O3,NiO content = 1 wt%,,,,NiO,NiO=0.0100;In2O3=0.9900,In=81.885;Ni=0.786,268.24,0,279.696,356.836,x wt% NiO in In2O3,
10.1021/acscatal.1c03170 | 30 bar | H2/CO2 3 | 60 NL/g/h,10.1021/acscatal.1c03170,"Figure 4c,d, NiO(6)−In2O3 first TOS point",NiO(6)−In2O3,NiO content = 6 wt%,,,,NiO,NiO=0.0600;In2O3=0.9400,In=77.749;Ni=4.715,255.287,0,266.742,343.882,x wt% NiO in In2O3,
10.1021/acscatal.5b00682 | 30 bar | H2/CO2 4 | 12 NL/g/h,10.1021/acscatal.5b00682,"SI Figure S3(I), AE, 390 °C, WHSV 12 L/g/h",Cu/SiO2-AE,content of Cu = 10.7%,Cu,,SiO2,,Cu=0.1070;SiO2=0.8930,Si=41.742;Cu=10.700,2.3739,0,13.8295,90.9695,loading from composition text (measured),
10.1021/acscatal.5b00682 | 30 bar | H2/CO2 4 | 12 NL/g/h,10.1021/acscatal.5b00682,"SI Figure S3(II), AE, 380 °C, WHSV 12 L/g/h",Cu/SiO2-AE,content of Cu = 10.7%,Cu,,SiO2,,Cu=0.1070;SiO2=0.8930,Si=41.742;Cu=10.700,2.3739,0,13.8295,90.9695,loading from composition text (measured),
10.1021/acscatal.5b00682 | 30 bar | H2/CO2 4 | 16 NL/g/h,10.1021/acscatal.5b00682,"Figure 1, 260 °C",Cu/SiO2-AE,Cu loading = 10.7%,Cu,,SiO2,,Cu=0.1070;SiO2=0.8930,Si=41.742;Cu=10.700,2.3739,0,13.8295,90.9695,"loading from composition text (measured, same-name record)",
10.1021/acscatal.5b00682 | 30 bar | H2/CO2 4 | 16 NL/g/h,10.1021/acscatal.5b00682,"Figure 1, 280 °C",Cu/SiO2-AE,Cu loading = 10.7%,Cu,,SiO2,,Cu=0.1070;SiO2=0.8930,Si=41.742;Cu=10.700,2.3739,0,13.8295,90.9695,"loading from composition text (measured, same-name record)",
10.1021/acscatal.5b00682 | 30 bar | H2/CO2 4 | 16 NL/g/h,10.1021/acscatal.5b00682,"Figure 1, 300 °C",Cu/SiO2-AE,Cu loading = 10.7%,Cu,,SiO2,,Cu=0.1070;SiO2=0.8930,Si=41.742;Cu=10.700,2.3739,0,13.8295,90.9695,"loading from composition text (measured, same-name record)",
10.1021/acscatal.5b00682 | 30 bar | H2/CO2 4 | 16 NL/g/h,10.1021/acscatal.5b00682,"Figure 1, 320 °C",Cu/SiO2-AE,Cu loading = 10.7%,Cu,,SiO2,,Cu=0.1070;SiO2=0.8930,Si=41.742;Cu=10.700,2.3739,0,13.8295,90.9695,"loading from composition text (measured, same-name record)",
10.1021/acscatal.5b00682 | 30 bar | H2/CO2 4 | 16 NL/g/h,10.1021/acscatal.5b00682,"Figure 1, 340 °C",Cu/SiO2-AE,Cu loading = 10.7%,Cu,,SiO2,,Cu=0.1070;SiO2=0.8930,Si=41.742;Cu=10.700,2.3739,0,13.8295,90.9695,"loading from composition text (measured, same-name record)",
10.1021/acscatal.5b00682 | 30 bar | H2/CO2 4 | 16 NL/g/h,10.1021/acscatal.5b00682,"Figure 1, 360 °C",Cu/SiO2-AE,Cu loading = 10.7%,Cu,,SiO2,,Cu=0.1070;SiO2=0.8930,Si=41.742;Cu=10.700,2.3739,0,13.8295,90.9695,"loading from composition text (measured, same-name record)",
10.1021/acscatal.5b00682 | 30 bar | H2/CO2 4 | 16 NL/g/h,10.1021/acscatal.5b00682,"Figure 1, 380 °C",Cu/SiO2-AE,Cu loading = 10.7%,Cu,,SiO2,,Cu=0.1070;SiO2=0.8930,Si=41.742;Cu=10.700,2.3739,0,13.8295,90.9695,"loading from composition text (measured, same-name record)",
10.1021/acscatal.5b00682 | 30 bar | H2/CO2 4 | 16 NL/g/h,10.1021/acscatal.5b00682,"SI Figure S3(I), AE, 390 °C, WHSV 16 L/g/h",Cu/SiO2-AE,content of Cu = 10.7%,Cu,,SiO2,,Cu=0.1070;SiO2=0.8930,Si=41.742;Cu=10.700,2.3739,0,13.8295,90.9695,loading from composition text (measured),
10.1021/acscatal.5b00682 | 30 bar | H2/CO2 4 | 20 NL/g/h,10.1021/acscatal.5b00682,"SI Figure S3(II), AE, 380 °C, WHSV 20 L/g/h",Cu/SiO2-AE,content of Cu = 10.7%,Cu,,SiO2,,Cu=0.1070;SiO2=0.8930,Si=41.742;Cu=10.700,2.3739,0,13.8295,90.9695,loading from composition text (measured),
10.1021/acscatal.5b00682 | 30 bar | H2/CO2 4 | 3 NL/g/h,10.1021/acscatal.5b00682,"SI Figure S3(I), AE, 390 °C, WHSV 3 L/g/h",Cu/SiO2-AE,content of Cu = 10.7%,Cu,,SiO2,,Cu=0.1070;SiO2=0.8930,Si=41.742;Cu=10.700,2.3739,0,13.8295,90.9695,loading from composition text (measured),
10.1021/acscatal.5b00682 | 30 bar | H2/CO2 4 | 3 NL/g/h,10.1021/acscatal.5b00682,"SI Figure S3(II), AE, 380 °C, WHSV 3 L/g/h",Cu/SiO2-AE,content of Cu = 10.7%,Cu,,SiO2,,Cu=0.1070;SiO2=0.8930,Si=41.742;Cu=10.700,2.3739,0,13.8295,90.9695,loading from composition text (measured),
10.1021/acscatal.5b00682 | 30 bar | H2/CO2 4 | 32 NL/g/h,10.1021/acscatal.5b00682,"SI Figure S3(II), AE, 380 °C, WHSV 32 L/g/h",Cu/SiO2-AE,content of Cu = 10.7%,Cu,,SiO2,,Cu=0.1070;SiO2=0.8930,Si=41.742;Cu=10.700,2.3739,0,13.8295,90.9695,loading from composition text (measured),
10.1021/acscatal.5b00682 | 30 bar | H2/CO2 4 | 6 NL/g/h,10.1021/acscatal.5b00682,"SI Figure S3(I), AE, 390 °C, WHSV 6 L/g/h",Cu/SiO2-AE,content of Cu = 10.7%,Cu,,SiO2,,Cu=0.1070;SiO2=0.8930,Si=41.742;Cu=10.700,2.3739,0,13.8295,90.9695,loading from composition text (measured),
10.1021/acscatal.5b00682 | 30 bar | H2/CO2 4 | 6 NL/g/h,10.1021/acscatal.5b00682,"SI Figure S3(II), AE, 380 °C, WHSV 6 L/g/h",Cu/SiO2-AE,content of Cu = 10.7%,Cu,,SiO2,,Cu=0.1070;SiO2=0.8930,Si=41.742;Cu=10.700,2.3739,0,13.8295,90.9695,loading from composition text (measured),
10.1021/acscatal.5b00682 | 30 bar | H2/CO2 4 | 9 NL/g/h,10.1021/acscatal.5b00682,"SI Figure S3(I), AE, 390 °C, WHSV 9 L/g/h",Cu/SiO2-AE,content of Cu = 10.7%,Cu,,SiO2,,Cu=0.1070;SiO2=0.8930,Si=41.742;Cu=10.700,2.3739,0,13.8295,90.9695,loading from composition text (measured),
10.1021/acscatal.5b00682 | 30 bar | H2/CO2 4 | 9 NL/g/h,10.1021/acscatal.5b00682,"SI Figure S3(II), AE, 380 °C, WHSV 9 L/g/h",Cu/SiO2-AE,content of Cu = 10.7%,Cu,,SiO2,,Cu=0.1070;SiO2=0.8930,Si=41.742;Cu=10.700,2.3739,0,13.8295,90.9695,loading from composition text (measured),
10.1021/acscatal.5c05984 | 100 bar | H2/CO2 1 | 20 NL/g/h,10.1021/acscatal.5c05984,Table 4 row 21,5 wt % Re/TiO2,5 wt % Re/TiO2,Re,5,TiO2 (P25),,Re=0.0500;TiO2=0.9500,Ti=56.938;Re=5.000,257.457,254.767,268.913,346.053,loading from composition text,
10.1021/acscatal.5c05984 | 100 bar | H2/CO2 2 | 20 NL/g/h,10.1021/acscatal.5c05984,Table 4 row 20,5 wt % Re/TiO2,5 wt % Re/TiO2,Re,5,TiO2 (P25),,Re=0.0500;TiO2=0.9500,Ti=56.938;Re=5.000,257.457,254.767,268.913,346.053,loading from composition text,
10.1021/acscatal.5c05984 | 100 bar | H2/CO2 3 | 20 NL/g/h,10.1021/acscatal.5c05984,Table 4 row 19,5 wt % Re/TiO2,5 wt % Re/TiO2,Re,5,TiO2 (P25),,Re=0.0500;TiO2=0.9500,Ti=56.938;Re=5.000,257.457,254.767,268.913,346.053,loading from composition text,
10.1021/acscatal.5c05984 | 100 bar | H2/CO2 4 | 10 NL/g/h,10.1021/acscatal.5c05984,Table 4 row 1,1 wt % Re/TiO2,1 wt % Re/TiO2,Re,1,TiO2 (P25),,Re=0.0100;TiO2=0.9900,Ti=59.336;Re=1.000,53.757,50.9533,65.2125,142.353,loading from composition text,
10.1021/acscatal.5c05984 | 100 bar | H2/CO2 4 | 10 NL/g/h,10.1021/acscatal.5c05984,Table 4 row 2,1 wt % Re/TiO2,1 wt % Re/TiO2,Re,1,TiO2 (P25),,Re=0.0100;TiO2=0.9900,Ti=59.336;Re=1.000,53.757,50.9533,65.2125,142.353,loading from composition text,
10.1021/acscatal.5c05984 | 100 bar | H2/CO2 4 | 10 NL/g/h,10.1021/acscatal.5c05984,Table 4 row 3,1 wt % Re/TiO2,1 wt % Re/TiO2,Re,1,TiO2 (P25),,Re=0.0100;TiO2=0.9900,Ti=59.336;Re=1.000,53.757,50.9533,65.2125,142.353,loading from composition text,
10.1021/acscatal.5c05984 | 100 bar | H2/CO2 4 | 10 NL/g/h,10.1021/acscatal.5c05984,Table 4 row 4,1 wt % Re/TiO2,1 wt % Re/TiO2,Re,1,TiO2 (P25),,Re=0.0100;TiO2=0.9900,Ti=59.336;Re=1.000,53.757,50.9533,65.2125,142.353,loading from composition text,
10.1021/acscatal.5c05984 | 100 bar | H2/CO2 4 | 10 NL/g/h,10.1021/acscatal.5c05984,Table 4 row 5,5 wt % Re/TiO2,5 wt % Re/TiO2,Re,5,TiO2 (P25),,Re=0.0500;TiO2=0.9500,Ti=56.938;Re=5.000,257.457,254.767,268.913,346.053,loading from composition text,
10.1021/acscatal.5c05984 | 100 bar | H2/CO2 4 | 10 NL/g/h,10.1021/acscatal.5c05984,Table 4 row 6,5 wt % Re/TiO2,5 wt % Re/TiO2,Re,5,TiO2 (P25),,Re=0.0500;TiO2=0.9500,Ti=56.938;Re=5.000,257.457,254.767,268.913,346.053,loading from composition text,
10.1021/acscatal.5c05984 | 100 bar | H2/CO2 4 | 10 NL/g/h,10.1021/acscatal.5c05984,Table 4 row 7,5 wt % Re/TiO2,5 wt % Re/TiO2,Re,5,TiO2 (P25),,Re=0.0500;TiO2=0.9500,Ti=56.938;Re=5.000,257.457,254.767,268.913,346.053,loading from composition text,
10.1021/acscatal.5c05984 | 100 bar | H2/CO2 4 | 10 NL/g/h,10.1021/acscatal.5c05984,Table 4 row 10,5 wt % Re/TiO2,5 wt % Re/TiO2,Re,5,TiO2 (P25),,Re=0.0500;TiO2=0.9500,Ti=56.938;Re=5.000,257.457,254.767,268.913,346.053,loading from composition text,
10.1021/acscatal.5c05984 | 100 bar | H2/CO2 4 | 10 NL/g/h,10.1021/acscatal.5c05984,Table 4 row 11,5 wt % Re/TiO2,5 wt % Re/TiO2,Re,5,TiO2 (P25),,Re=0.0500;TiO2=0.9500,Ti=56.938;Re=5.000,257.457,254.767,268.913,346.053,loading from composition text,
10.1021/acscatal.5c05984 | 100 bar | H2/CO2 4 | 20 NL/g/h,10.1021/acscatal.5c05984,Table 4 row 8,5 wt % Re/TiO2,5 wt % Re/TiO2,Re,5,TiO2 (P25),,Re=0.0500;TiO2=0.9500,Ti=56.938;Re=5.000,257.457,254.767,268.913,346.053,loading from composition text,
10.1021/acscatal.5c05984 | 100 bar | H2/CO2 4 | 20 NL/g/h,10.1021/acscatal.5c05984,Table 4 row 12,5 wt % Re/TiO2,5 wt % Re/TiO2,Re,5,TiO2 (P25),,Re=0.0500;TiO2=0.9500,Ti=56.938;Re=5.000,257.457,254.767,268.913,346.053,loading from composition text,
10.1021/acscatal.5c05984 | 100 bar | H2/CO2 4 | 30 NL/g/h,10.1021/acscatal.5c05984,Table 4 row 13,5 wt % Re/TiO2,5 wt % Re/TiO2,Re,5,TiO2 (P25),,Re=0.0500;TiO2=0.9500,Ti=56.938;Re=5.000,257.457,254.767,268.913,346.053,loading from composition text,
10.1021/acscatal.5c05984 | 100 bar | H2/CO2 4 | 40 NL/g/h,10.1021/acscatal.5c05984,Table 4 row 9,5 wt % Re/TiO2,5 wt % Re/TiO2,Re,5,TiO2 (P25),,Re=0.0500;TiO2=0.9500,Ti=56.938;Re=5.000,257.457,254.767,268.913,346.053,loading from composition text,
10.1021/acscatal.5c05984 | 100 bar | H2/CO2 4 | 40 NL/g/h,10.1021/acscatal.5c05984,Table 4 row 14,5 wt % Re/TiO2,5 wt % Re/TiO2,Re,5,TiO2 (P25),,Re=0.0500;TiO2=0.9500,Ti=56.938;Re=5.000,257.457,254.767,268.913,346.053,loading from composition text,
10.1021/acscatal.5c05984 | 20 bar | H2/CO2 4 | 20 NL/g/h,10.1021/acscatal.5c05984,Table 4 row 18,5 wt % Re/TiO2,5 wt % Re/TiO2,Re,5,TiO2 (P25),,Re=0.0500;TiO2=0.9500,Ti=56.938;Re=5.000,257.457,254.767,268.913,346.053,loading from composition text,
10.1021/acscatal.5c05984 | 40 bar | H2/CO2 4 | 20 NL/g/h,10.1021/acscatal.5c05984,Table 4 row 17,5 wt % Re/TiO2,5 wt % Re/TiO2,Re,5,TiO2 (P25),,Re=0.0500;TiO2=0.9500,Ti=56.938;Re=5.000,257.457,254.767,268.913,346.053,loading from composition text,
10.1021/acscatal.5c05984 | 60 bar | H2/CO2 4 | 20 NL/g/h,10.1021/acscatal.5c05984,Table 4 row 16,5 wt % Re/TiO2,5 wt % Re/TiO2,Re,5,TiO2 (P25),,Re=0.0500;TiO2=0.9500,Ti=56.938;Re=5.000,257.457,254.767,268.913,346.053,loading from composition text,
10.1021/acscatal.5c05984 | 80 bar | H2/CO2 4 | 20 NL/g/h,10.1021/acscatal.5c05984,Table 4 row 15,5 wt % Re/TiO2,5 wt % Re/TiO2,Re,5,TiO2 (P25),,Re=0.0500;TiO2=0.9500,Ti=56.938;Re=5.000,257.457,254.767,268.913,346.053,loading from composition text,
10.1021/acscatal.9b01869 | 50 bar | H2/CO2 0.25 | 24000 h-1,10.1021/acscatal.9b01869,"SI Figure S9a, Physical Mixture, 290 °C",Physical Mixture,2.5 wt% In2O3 in ZrO2,,,ZrO2,,In2O3=0.0250;ZrO2=0.9750,Zr=72.181;In=2.068,20.824,0,32.2796,109.42,loading from composition text,
10.1021/acscatal.9b01869 | 50 bar | H2/CO2 0.25 | 24000 h-1,10.1021/acscatal.9b01869,"SI Figure S9a, PM-600, 290 °C",PM-600,2.5 wt% In2O3 in ZrO2,,,ZrO2,,In2O3=0.0250;ZrO2=0.9750,Zr=72.181;In=2.068,20.824,0,32.2796,109.42,loading from composition text,
10.1021/acscatal.9b01869 | 50 bar | H2/CO2 0.25 | 24000 h-1,10.1021/acscatal.9b01869,"SI Figure S9a, PM-800, 290 °C",PM-800,2.5 wt% In2O3 in ZrO2,,,ZrO2,,In2O3=0.0250;ZrO2=0.9750,Zr=72.181;In=2.068,20.824,0,32.2796,109.42,loading from composition text,
10.1021/acscatal.9b01869 | 50 bar | H2/CO2 4 | 24000 h-1,10.1021/acscatal.9b01869,"Fig 5a, bulk In2O3-b, 250 °C",bulk In2O3 (In2O3-b),High-purity In2O3,,,,,In2O3=1.0000,In=82.712,270.831,0,282.287,359.427,bulk oxide,
10.1021/acscatal.9b01869 | 50 bar | H2/CO2 4 | 24000 h-1,10.1021/acscatal.9b01869,"Fig 5a, bulk In2O3-b, 280 °C",bulk In2O3 (In2O3-b),High-purity In2O3,,,,,In2O3=1.0000,In=82.712,270.831,0,282.287,359.427,bulk oxide,
10.1021/acscatal.9b01869 | 50 bar | H2/CO2 4 | 24000 h-1,10.1021/acscatal.9b01869,"Fig 5, In0.1/ZrO2, 250 °C",In0.1/ZrO2,0.1 wt % In on ZrO2,,,ZrO2,,In2O3=0.0012;ZrO2=0.9988,Zr=73.943;In=0.100,14.7236,0,26.1792,103.319,loading from composition text,
10.1021/acscatal.9b01869 | 50 bar | H2/CO2 4 | 24000 h-1,10.1021/acscatal.9b01869,"Fig 5, In0.1/ZrO2, 280 °C",In0.1/ZrO2,0.1 wt % In on ZrO2,,,ZrO2,,In2O3=0.0012;ZrO2=0.9988,Zr=73.943;In=0.100,14.7236,0,26.1792,103.319,loading from composition text,
10.1021/acscatal.9b01869 | 50 bar | H2/CO2 4 | 24000 h-1,10.1021/acscatal.9b01869,"Fig 5, In0.25/ZrO2, 250 °C",In0.25/ZrO2,0.25 wt % In on ZrO2,,,ZrO2,,In2O3=0.0030;ZrO2=0.9970,Zr=73.808;In=0.250,15.1886,0,26.6442,103.784,loading from composition text,
10.1021/acscatal.9b01869 | 50 bar | H2/CO2 4 | 24000 h-1,10.1021/acscatal.9b01869,"Fig 5, In0.25/ZrO2, 280 °C",In0.25/ZrO2,0.25 wt % In on ZrO2,,,ZrO2,,In2O3=0.0030;ZrO2=0.9970,Zr=73.808;In=0.250,15.1886,0,26.6442,103.784,loading from composition text,
10.1021/acscatal.9b01869 | 50 bar | H2/CO2 4 | 24000 h-1,10.1021/acscatal.9b01869,"Fig 5, In0.5/ZrO2, 250 °C",In0.5/ZrO2,0.5 wt % In on ZrO2,,,ZrO2,,In2O3=0.0060;ZrO2=0.9940,Zr=73.585;In=0.500,15.9636,0,27.4192,104.559,loading from composition text,
10.1021/acscatal.9b01869 | 50 bar | H2/CO2 4 | 24000 h-1,10.1021/acscatal.9b01869,"Fig 5, In0.5/ZrO2, 280 °C",In0.5/ZrO2,0.5 wt % In on ZrO2,,,ZrO2,,In2O3=0.0060;ZrO2=0.9940,Zr=73.585;In=0.500,15.9636,0,27.4192,104.559,loading from composition text,
10.1021/acscatal.9b01869 | 50 bar | H2/CO2 4 | 24000 h-1,10.1021/acscatal.9b01869,"Fig 5, In1/ZrO2, 250 °C",In1/ZrO2,1 wt % In on ZrO2,,,ZrO2,,In2O3=0.0121;ZrO2=0.9879,Zr=73.137;In=1.000,17.5137,0,28.9693,106.109,loading from composition text,
10.1021/acscatal.9b01869 | 50 bar | H2/CO2 4 | 24000 h-1,10.1021/acscatal.9b01869,"Fig 5, In1/ZrO2, 280 °C",In1/ZrO2,1 wt % In on ZrO2,,,ZrO2,,In2O3=0.0121;ZrO2=0.9879,Zr=73.137;In=1.000,17.5137,0,28.9693,106.109,loading from composition text,
10.1021/acscatal.9b01869 | 50 bar | H2/CO2 4 | 24000 h-1,10.1021/acscatal.9b01869,"Fig 5, In2.5/ZrO2, 250 °C",In2.5/ZrO2,2.5 wt % In on ZrO2,,,ZrO2,,In2O3=0.0302;ZrO2=0.9698,Zr=71.795;In=2.500,22.1639,0,33.6195,110.759,loading from composition text,
10.1021/acscatal.9b01869 | 50 bar | H2/CO2 4 | 24000 h-1,10.1021/acscatal.9b01869,"Fig 5, In2.5/ZrO2, 280 °C",In2.5/ZrO2,2.5 wt % In on ZrO2,,,ZrO2,,In2O3=0.0302;ZrO2=0.9698,Zr=71.795;In=2.500,22.1639,0,33.6195,110.759,loading from composition text,
10.1021/acscatal.9b01869 | 50 bar | H2/CO2 4 | 24000 h-1,10.1021/acscatal.9b01869,"Fig 5, In5/ZrO2, 250 °C",In5/ZrO2,5 wt % In on ZrO2,,,ZrO2,,In2O3=0.0605;ZrO2=0.9395,Zr=69.557;In=5.000,29.9142,0,41.3698,118.51,loading from composition text,
10.1021/acscatal.9b01869 | 50 bar | H2/CO2 4 | 24000 h-1,10.1021/acscatal.9b01869,"Fig 5, In5/ZrO2, 280 °C",In5/ZrO2,5 wt % In on ZrO2,,,ZrO2,,In2O3=0.0605;ZrO2=0.9395,Zr=69.557;In=5.000,29.9142,0,41.3698,118.51,loading from composition text,
10.1021/acscatal.9b01869 | 50 bar | H2/CO2 4 | 24000 h-1,10.1021/acscatal.9b01869,"Fig 5a, In10/ZrO2, 250 °C",In10/ZrO2,10 wt % In on ZrO2,,,ZrO2,,In2O3=0.1209;ZrO2=0.8791,Zr=65.082;In=10.000,45.4148,0,56.8704,134.01,loading from composition text,
10.1021/acscatal.9b01869 | 50 bar | H2/CO2 4 | 24000 h-1,10.1021/acscatal.9b01869,"Fig 5a, In10/ZrO2, 280 °C",In10/ZrO2,10 wt % In on ZrO2,,,ZrO2,,In2O3=0.1209;ZrO2=0.8791,Zr=65.082;In=10.000,45.4148,0,56.8704,134.01,loading from composition text,
10.1021/acscatal.9b03305 | 50 bar | H2/CO2 4 | 24 NL/g/h,10.1021/acscatal.9b03305,"Figure 3, 1In2O3-99ZrO2, 553 K",1In2O3−99ZrO2,nominal In content 1 mol %; measured In content 1.0 mol %,,,ZrO2,,InO1.5=0.0113;ZrO2=0.9887,Zr=73.199;In=0.931,17.2986,0,28.7542,105.894,"measured In mol % of cations, as InO1.5 + ZrO2",
10.1021/acscatal.9b03305 | 50 bar | H2/CO2 4 | 24 NL/g/h,10.1021/acscatal.9b03305,"Figure 3, 5In2O3-95ZrO2, 553 K",5In2O3−95ZrO2,nominal In content 5 mol %; measured In content 3.6 mol %,,,ZrO2,,InO1.5=0.0404;ZrO2=0.9596,Zr=71.043;In=3.339,24.7657,0,36.2213,113.361,"measured In mol % of cations, as InO1.5 + ZrO2",
10.1021/acscatal.9b03305 | 50 bar | H2/CO2 4 | 24 NL/g/h,10.1021/acscatal.9b03305,"Figure 3, 25In2O3-75ZrO2, 553 K",25In2O3−75ZrO2,nominal In content 25 mol %; measured In content 26.8 mol %,,,ZrO2,,InO1.5=0.2920;ZrO2=0.7080,Zr=52.414;In=24.153,89.2908,0,100.746,177.886,"measured In mol % of cations, as InO1.5 + ZrO2",
10.1021/acscatal.9b03305 | 50 bar | H2/CO2 4 | 24 NL/g/h,10.1021/acscatal.9b03305,"Figure 3/text, 50In2O3-50ZrO2, 553 K",50In2O3−50ZrO2,nominal In content 50 mol %; measured In content 51.8 mol %,,,ZrO2,,InO1.5=0.5477;ZrO2=0.4523,In=45.298;Zr=33.488,154.842,0,166.297,243.437,"measured In mol % of cations, as InO1.5 + ZrO2",
10.1021/acscatal.9b03305 | 50 bar | H2/CO2 4 | 24 NL/g/h,10.1021/acscatal.9b03305,"Figure 3, 75In2O3-25ZrO2, 553 K",75In2O3−25ZrO2,nominal In content 75 mol %; measured In content 76.3 mol %,,,ZrO2,,InO1.5=0.7839;ZrO2=0.2161,In=64.836;Zr=16.001,215.412,0,226.867,304.007,"measured In mol % of cations, as InO1.5 + ZrO2",
10.1021/acscatal.9b03305 | 50 bar | H2/CO2 4 | 24 NL/g/h,10.1021/acscatal.9b03305,"Figure 3, 95In2O3-5ZrO2, 553 K",95In2O3−5ZrO2,nominal In content 95 mol %; measured In content 96.4 mol %,,,ZrO2,,InO1.5=0.9679;ZrO2=0.0321,In=80.058;Zr=2.375,262.604,0,274.059,351.199,"measured In mol % of cations, as InO1.5 + ZrO2",
10.1021/acscatal.9b03305 | 50 bar | H2/CO2 4 | 24 NL/g/h,10.1021/acscatal.9b03305,"Figure 3/text, 99In2O3-1ZrO2, 553 K",99In2O3−1ZrO2,nominal In content 99 mol %; measured In content 98.5 mol %,,,ZrO2,,InO1.5=0.9867;ZrO2=0.0133,In=81.609;Zr=0.987,267.411,0,278.867,356.007,"measured In mol % of cations, as InO1.5 + ZrO2",
10.1021/acscatal.9b03305 | 50 bar | H2/CO2 4 | 24 NL/g/h,10.1021/acscatal.9b03305,"Figure 3/text, 100In2O3-0ZrO2, 553 K",100In2O3−0ZrO2,nominal In content 100 mol %; measured In content 100 mol %,,,,,InO1.5=1.0000;ZrO2=0.0000,In=82.712,270.831,0,282.287,359.427,"measured In mol % of cations, as InO1.5 + ZrO2",
10.1021/acscatal.9b03305 | 50 bar | H2/CO2 4 | 24 NL/g/h,10.1021/acscatal.9b03305,"Figure 8, 5 wt % In2O3/t-ZrO2, 553 K",In2O3/t-ZrO2,5 wt % In2O3 on tetragonal ZrO2; measured In2O3 content 4.9 wt %,,,t-ZrO2,,In2O3=0.0490;ZrO2=0.9510,Zr=70.405;In=4.053,26.978,0,38.4336,115.574,measured In2O3 wt%,
10.1021/acscatal.9b03305 | 50 bar | H2/CO2 4 | 24 NL/g/h,10.1021/acscatal.9b03305,"Figure 8/text, 5 wt % In2O3/m-ZrO2, 553 K",In2O3/m-ZrO2,5 wt % In2O3 on monoclinic ZrO2; measured In2O3 content 4.9 wt %,,,m-ZrO2,,In2O3=0.0490;ZrO2=0.9510,Zr=70.405;In=4.053,26.978,0,38.4336,115.574,measured In2O3 wt%,
10.1021/acscatal.9b03305 | 50 bar | H2/CO2 4 | 24 NL/g/h,10.1021/acscatal.9b03305,"Figure 8, 5 wt % In2O3/CeO2, 553 K",In2O3/CeO2,5 wt % In2O3 on CeO2; measured In2O3 content 5.1 wt %,,,CeO2,,In2O3=0.0510;CeO2=0.9490,Ce=77.257;In=4.218,15.2485,0,26.7041,103.844,measured In2O3 wt%,
10.1021/acscatal.9b03305 | 50 bar | H2/CO2 4 | 24 NL/g/h,10.1021/acscatal.9b03305,"Figure 8, 5 wt % In2O3/Al2O3, 553 K",In2O3/Al2O3,5 wt % In2O3 on Al2O3; measured In2O3 content 4.8 wt %,,,Al2O3,,In2O3=0.0480;Al2O3=0.9520,Al=50.386;In=3.970,13.497,0,24.9526,102.093,measured In2O3 wt%,
10.1021/cs500979c | 80 bar | H2/CO2 3 | 3600 h-1,10.1021/cs500979c,"Table 6, ZrO2, 533 K",ZrO2,,,,ZrO2,,ZrO2=1.0000,Zr=74.032,14.4136,0,25.8692,103.009,bulk,
10.1021/cs500979c | 80 bar | H2/CO2 3 | 3600 h-1,10.1021/cs500979c,"Table 6, Cu/ZrO2(I), 513 K",Cu/ZrO2(I),Cu/ZrO2(I) 15 atom % of Cu; t-ZrO2 content 7%,Cu,,ZrO2,,Cu=0.0834;ZrO2=0.9166,Zr=67.857;Cu=8.342,14.2366,0,25.6921,102.832,"atom % Cu of cations, Cu metal + ZrO2",
10.1021/cs500979c | 80 bar | H2/CO2 3 | 3600 h-1,10.1021/cs500979c,"Table 6, Cu/ZrO2(I), 533 K",Cu/ZrO2(I),Cu/ZrO2(I) 15 atom % of Cu; t-ZrO2 content 7%,Cu,,ZrO2,,Cu=0.0834;ZrO2=0.9166,Zr=67.857;Cu=8.342,14.2366,0,25.6921,102.832,"atom % Cu of cations, Cu metal + ZrO2",
10.1021/cs500979c | 80 bar | H2/CO2 3 | 3600 h-1,10.1021/cs500979c,"Table 6, Cu/ZrO2(II), 473 K",Cu/ZrO2(II),Cu/ZrO2(II) 10 atom % of Cu; t-ZrO2 content 33%,Cu,,ZrO2,,Cu=0.0542;ZrO2=0.9458,Zr=70.020;Cu=5.419,14.2986,0,25.7541,102.894,"atom % Cu of cations, Cu metal + ZrO2",
10.1021/cs500979c | 80 bar | H2/CO2 3 | 3600 h-1,10.1021/cs500979c,"Table 6, Cu/ZrO2(II), 493 K",Cu/ZrO2(II),Cu/ZrO2(II) 10 atom % of Cu; t-ZrO2 content 33%,Cu,,ZrO2,,Cu=0.0542;ZrO2=0.9458,Zr=70.020;Cu=5.419,14.2986,0,25.7541,102.894,"atom % Cu of cations, Cu metal + ZrO2",
10.1021/cs500979c | 80 bar | H2/CO2 3 | 3600 h-1,10.1021/cs500979c,"Table 6, Cu/ZrO2(II), 513 K",Cu/ZrO2(II),Cu/ZrO2(II) 10 atom % of Cu; t-ZrO2 content 33%,Cu,,ZrO2,,Cu=0.0542;ZrO2=0.9458,Zr=70.020;Cu=5.419,14.2986,0,25.7541,102.894,"atom % Cu of cations, Cu metal + ZrO2",
10.1021/cs500979c | 80 bar | H2/CO2 3 | 3600 h-1,10.1021/cs500979c,"Table 6, Cu/ZrO2(II), 533 K",Cu/ZrO2(II),Cu/ZrO2(II) 10 atom % of Cu; t-ZrO2 content 33%,Cu,,ZrO2,,Cu=0.0542;ZrO2=0.9458,Zr=70.020;Cu=5.419,14.2986,0,25.7541,102.894,"atom % Cu of cations, Cu metal + ZrO2",
10.1021/cs500979c | 80 bar | H2/CO2 3 | 3600 h-1,10.1021/cs500979c,"Table 6, Cu/ZrO2(III), 473 K",Cu/ZrO2(III),Cu/ZrO2(III) 10 atom % of Cu; t-ZrO2 content 71%,Cu,,ZrO2,,Cu=0.0542;ZrO2=0.9458,Zr=70.020;Cu=5.419,14.2986,0,25.7541,102.894,"atom % Cu of cations, Cu metal + ZrO2",
10.1021/cs500979c | 80 bar | H2/CO2 3 | 3600 h-1,10.1021/cs500979c,"Table 6, Cu/ZrO2(III), 493 K",Cu/ZrO2(III),Cu/ZrO2(III) 10 atom % of Cu; t-ZrO2 content 71%,Cu,,ZrO2,,Cu=0.0542;ZrO2=0.9458,Zr=70.020;Cu=5.419,14.2986,0,25.7541,102.894,"atom % Cu of cations, Cu metal + ZrO2",
10.1021/cs500979c | 80 bar | H2/CO2 3 | 3600 h-1,10.1021/cs500979c,"Table 6, Cu/ZrO2(III), 513 K",Cu/ZrO2(III),Cu/ZrO2(III) 10 atom % of Cu; t-ZrO2 content 71%,Cu,,ZrO2,,Cu=0.0542;ZrO2=0.9458,Zr=70.020;Cu=5.419,14.2986,0,25.7541,102.894,"atom % Cu of cations, Cu metal + ZrO2",
10.1021/cs500979c | 80 bar | H2/CO2 3 | 3600 h-1,10.1021/cs500979c,"Table 6, Cu/ZrO2(III), 533 K",Cu/ZrO2(III),Cu/ZrO2(III) 10 atom % of Cu; t-ZrO2 content 71%,Cu,,ZrO2,,Cu=0.0542;ZrO2=0.9458,Zr=70.020;Cu=5.419,14.2986,0,25.7541,102.894,"atom % Cu of cations, Cu metal + ZrO2",
10.1021/cs500979c | 80 bar | H2/CO2 3 | 3600 h-1,10.1021/cs500979c,"Table 6, Cu/ZrO2(IV), 473 K",Cu/ZrO2(IV),Cu/ZrO2(IV) 10 atom % of Cu; t-ZrO2 content 100%,Cu,,ZrO2,,Cu=0.0542;ZrO2=0.9458,Zr=70.020;Cu=5.419,14.2986,0,25.7541,102.894,"atom % Cu of cations, Cu metal + ZrO2",
10.1021/cs500979c | 80 bar | H2/CO2 3 | 3600 h-1,10.1021/cs500979c,"Table 6, Cu/ZrO2(IV), 493 K",Cu/ZrO2(IV),Cu/ZrO2(IV) 10 atom % of Cu; t-ZrO2 content 100%,Cu,,ZrO2,,Cu=0.0542;ZrO2=0.9458,Zr=70.020;Cu=5.419,14.2986,0,25.7541,102.894,"atom % Cu of cations, Cu metal + ZrO2",
10.1021/cs500979c | 80 bar | H2/CO2 3 | 3600 h-1,10.1021/cs500979c,"Table 6, Cu/ZrO2(IV), 513 K",Cu/ZrO2(IV),Cu/ZrO2(IV) 10 atom % of Cu; t-ZrO2 content 100%,Cu,,ZrO2,,Cu=0.0542;ZrO2=0.9458,Zr=70.020;Cu=5.419,14.2986,0,25.7541,102.894,"atom % Cu of cations, Cu metal + ZrO2",
10.1021/cs500979c | 80 bar | H2/CO2 3 | 3600 h-1,10.1021/cs500979c,"Table 6, Cu/ZrO2(IV), 533 K",Cu/ZrO2(IV),Cu/ZrO2(IV) 10 atom % of Cu; t-ZrO2 content 100%,Cu,,ZrO2,,Cu=0.0542;ZrO2=0.9458,Zr=70.020;Cu=5.419,14.2986,0,25.7541,102.894,"atom % Cu of cations, Cu metal + ZrO2",
10.1021/cs500979c | 80 bar | H2/CO2 3 | 3600 h-1,10.1021/cs500979c,"Table 6, Cu/ZrO2(V), 493 K",Cu/ZrO2(V),Cu/ZrO2(V) 10 atom % of Cu; t-ZrO2 content 15%,Cu,,ZrO2,,Cu=0.0542;ZrO2=0.9458,Zr=70.020;Cu=5.419,14.2986,0,25.7541,102.894,"atom % Cu of cations, Cu metal + ZrO2",
10.1021/cs500979c | 80 bar | H2/CO2 3 | 3600 h-1,10.1021/cs500979c,"Table 6, Cu/ZrO2(V), 513 K",Cu/ZrO2(V),Cu/ZrO2(V) 10 atom % of Cu; t-ZrO2 content 15%,Cu,,ZrO2,,Cu=0.0542;ZrO2=0.9458,Zr=70.020;Cu=5.419,14.2986,0,25.7541,102.894,"atom % Cu of cations, Cu metal + ZrO2",
10.1021/cs500979c | 80 bar | H2/CO2 3 | 3600 h-1,10.1021/cs500979c,"Table 6, Cu/ZrO2(V), 533 K",Cu/ZrO2(V),Cu/ZrO2(V) 10 atom % of Cu; t-ZrO2 content 15%,Cu,,ZrO2,,Cu=0.0542;ZrO2=0.9458,Zr=70.020;Cu=5.419,14.2986,0,25.7541,102.894,"atom % Cu of cations, Cu metal + ZrO2",
10.1038/s41467-019-11349-9 | 50 bar | H2/CO2 4 | 13.5 NL/g/h,10.1038/s41467-019-11349-9,"Fig. 1c In2O3 at XCO2=3%, 48 h",In2O3,In2O3,,,,,In2O3=1.0000,In=82.712,270.831,0,282.287,359.427,bulk oxide,
10.1038/s41467-019-11349-9 | 50 bar | H2/CO2 4 | 48 NL/g/h,10.1038/s41467-019-11349-9,"Table 2 Pd–In2O3 CP, WHSV 48,000 initial",Pd–In2O3 CP,0.75 wt.% Pd-promoted In2O3,,,,Pd,Pd=0.0075;In2O3=0.9925,In=82.092;Pd=0.750,538.742,269.942,550.198,627.338,loading from composition text,
10.1038/s41467-019-11349-9 | 50 bar | H2/CO2 4 | 48 NL/g/h,10.1038/s41467-019-11349-9,"Fig. 6/text Pd–In2O3 CP stability, start",CP,0.75 wt.% Pd-promoted In2O3,,,,Pd,Pd=0.0075;In2O3=0.9925,In=82.092;Pd=0.750,538.742,269.942,550.198,627.338,loading from composition text,
10.1038/s41467-019-11349-9 | 50 bar | H2/CO2 4 | 48 NL/g/h,10.1038/s41467-019-11349-9,"Fig. 6/text Pd–In2O3 CP stability, after 500 h",CP,0.75 wt.% Pd-promoted In2O3,,,,Pd,Pd=0.0075;In2O3=0.9925,In=82.092;Pd=0.750,538.742,269.942,550.198,627.338,loading from composition text,
10.1038/s41467-019-11349-9 | 50 bar | H2/CO2 4 | 58.5 NL/g/h,10.1038/s41467-019-11349-9,"Fig. 1c DI at XCO2=3%, 48 h",DI,0.75 wt.% Pd-promoted In2O3,,,,Pd,Pd=0.0075;In2O3=0.9925,In=82.092;Pd=0.750,538.742,269.942,550.198,627.338,loading from composition text,
10.1038/s41467-019-11349-9 | 50 bar | H2/CO2 4 | 63.5 NL/g/h,10.1038/s41467-019-11349-9,"Fig. 1c CP at XCO2=3%, 48 h",CP,0.75 wt.% Pd-promoted In2O3,,,,Pd,Pd=0.0075;In2O3=0.9925,In=82.092;Pd=0.750,538.742,269.942,550.198,627.338,loading from composition text,
10.1038/s41467-021-22224-x | 50 bar | H2/CO2 4 | 24 NL/g/h,10.1038/s41467-021-22224-x,"Fig. 1a/text, In2O3 STY",In2O3,In2O3,,,,,In2O3=1.0000,In=82.712,270.831,0,282.287,359.427,bulk oxide,
10.1038/s41467-021-22224-x | 50 bar | H2/CO2 4 | 24 NL/g/h,10.1038/s41467-021-22224-x,"Fig. 1b, 0 wt.% Ni DI series",In2O3,In2O3,,,,,In2O3=1.0000,In=82.712,270.831,0,282.287,359.427,bulk oxide,
10.1038/s41467-021-22224-x | 50 bar | H2/CO2 4 | 24 NL/g/h,10.1038/s41467-021-22224-x,"Fig. 1b, 1Ni-In2O3 DI",1Ni-In2O3,1 wt.% Ni on In2O3,,,In2O3,Ni,Ni=0.0100;In2O3=0.9900,In=81.885;Ni=1.000,268.273,0,279.728,356.868,loading from composition text,
10.1038/s41467-021-22224-x | 50 bar | H2/CO2 4 | 24 NL/g/h,10.1038/s41467-021-22224-x,"Fig. 1b, 2.5Ni-In2O3 DI",2.5Ni-In2O3,2.5 wt.% Ni on In2O3,,,In2O3,Ni,Ni=0.0250;In2O3=0.9750,In=80.644;Ni=2.500,264.435,0,275.89,353.03,loading from composition text,
10.1038/s41467-021-22224-x | 50 bar | H2/CO2 4 | 24 NL/g/h,10.1038/s41467-021-22224-x,"Fig. 1b, 10Ni-In2O3 DI",10Ni-In2O3,10 wt.% Ni on In2O3,,,In2O3,Ni,Ni=0.1000;In2O3=0.9000,In=74.441;Ni=10.000,245.244,0,256.7,333.84,loading from composition text,
10.1038/s41467-021-22224-x | 50 bar | H2/CO2 4 | 24 NL/g/h,10.1038/s41467-021-22224-x,"Fig. 1b, 15Ni-In2O3 DI",15Ni-In2O3,15 wt.% Ni on In2O3,,,In2O3,Ni,Ni=0.1500;In2O3=0.8500,In=70.305;Ni=15.000,232.451,0,243.907,321.047,loading from composition text,
10.1038/s41467-021-22224-x | 50 bar | H2/CO2 4 | 24 NL/g/h,10.1038/s41467-021-22224-x,"Fig. 1b, 20Ni-In2O3 DI",20Ni-In2O3,20 wt.% Ni on In2O3,,,In2O3,Ni,Ni=0.2000;In2O3=0.8000,In=66.170;Ni=20.000,219.658,0,231.113,308.253,loading from composition text,
10.1038/s41467-021-22224-x | 50 bar | H2/CO2 4 | 24 NL/g/h,10.1038/s41467-021-22224-x,"Text/Supplementary Fig. 3, 5Ni on 25 mol% In mixed oxide",5Ni-InAlOx (25 mol% In support),5 wt.% Ni on mixed indium-aluminum oxide support with 25 mol% In,,,mixed indium-aluminum oxide,Ni,,Cu=47.932;Zn=24.102;Al=5.293,6.64442,0,18.1,95.24,composition not parseable,unparsed
10.1038/s41467-021-22224-x | 50 bar | H2/CO2 4 | 24 NL/g/h,10.1038/s41467-021-22224-x,"SI Figure S3, 5Ni-5InAl",5Ni-5InAl,Nominal Ni content 5 wt.%; measured Ni content 5.20 wt.%; In content in InAl support 5 mol%,Ni,,5InAl,,,Cu=47.932;Zn=24.102;Al=5.293,6.64442,0,18.1,95.24,composition not parseable,unparsed
10.1038/s41467-021-22224-x | 50 bar | H2/CO2 4 | 24 NL/g/h,10.1038/s41467-021-22224-x,"SI Figure S3, 5Ni-10InAl",5Ni-10InAl,Nominal Ni content 5 wt.%; measured Ni content 5.07 wt.%; In content in InAl support 10 mol%,Ni,,10InAl,,,Cu=47.932;Zn=24.102;Al=5.293,6.64442,0,18.1,95.24,composition not parseable,unparsed
10.1038/s41467-021-22224-x | 50 bar | H2/CO2 4 | 24 NL/g/h,10.1038/s41467-021-22224-x,"SI Figure S3, 5Ni-75InAl",5Ni-75InAl,Nominal Ni content 5 wt.%; measured Ni content 5.11 wt.%; In content in InAl support 75 mol%,Ni,,75InAl,,,Cu=47.932;Zn=24.102;Al=5.293,6.64442,0,18.1,95.24,composition not parseable,unparsed
10.1039/c2cy20604h | 100 bar | H2/CO2 3.8 | 10.6 NL/g/h,10.1039/c2cy20604h,"Fig 5/Fig 6, Cu/Al2O3, 443 K, 10 MPa",Cu/Al2O3,Cu/Al2O3 (18/82 wt%),Cu,18,Al2O3,,Cu=0.1800;Al2O3=0.8200,Al=43.399;Cu=18.000,2.64062,0,14.0962,91.2362,Cu/Al2O3 = 18/82 wt%,
10.1039/c2cy20604h | 100 bar | H2/CO2 3.8 | 10.6 NL/g/h,10.1039/c2cy20604h,"Fig 5/Fig 6, Cu/Al2O3, 473 K, 10 MPa",Cu/Al2O3,Cu/Al2O3 (18/82 wt%),Cu,18,Al2O3,,Cu=0.1800;Al2O3=0.8200,Al=43.399;Cu=18.000,2.64062,0,14.0962,91.2362,Cu/Al2O3 = 18/82 wt%,
10.1039/c2cy20604h | 100 bar | H2/CO2 3.8 | 10.6 NL/g/h,10.1039/c2cy20604h,"Fig 5/Fig 6, Cu/Al2O3, 503 K, 10 MPa",Cu/Al2O3,Cu/Al2O3 (18/82 wt%),Cu,18,Al2O3,,Cu=0.1800;Al2O3=0.8200,Al=43.399;Cu=18.000,2.64062,0,14.0962,91.2362,Cu/Al2O3 = 18/82 wt%,
10.1039/c2cy20604h | 100 bar | H2/CO2 3.8 | 10.6 NL/g/h,10.1039/c2cy20604h,"Fig 5/Fig 6, Cu/Al2O3, 533 K, 10 MPa",Cu/Al2O3,Cu/Al2O3 (18/82 wt%),Cu,18,Al2O3,,Cu=0.1800;Al2O3=0.8200,Al=43.399;Cu=18.000,2.64062,0,14.0962,91.2362,Cu/Al2O3 = 18/82 wt%,
10.1039/c2cy20604h | 100 bar | H2/CO2 3.8 | 10.6 NL/g/h,10.1039/c2cy20604h,"Fig 5/Fig 6, Cu/Al2O3, 553 K, 10 MPa",Cu/Al2O3,Cu/Al2O3 (18/82 wt%),Cu,18,Al2O3,,Cu=0.1800;Al2O3=0.8200,Al=43.399;Cu=18.000,2.64062,0,14.0962,91.2362,Cu/Al2O3 = 18/82 wt%,
10.1039/c2cy20604h | 100 bar | H2/CO2 3.8 | 10.6 NL/g/h,10.1039/c2cy20604h,"Fig 7, Cu-K/Al2O3, 443 K, 10 MPa",Cu–K/Al2O3,Cu–K/Al2O3 (5 wt% K/95 wt% Cu/Al2O3); parent Cu/Al2O3 = 18/82 wt%,Cu,,Al2O3,K,Cu=0.1693;Al2O3=0.7711;K2O=0.0596,Al=40.812;Cu=16.927;K=4.949,2.5465,0,14.0021,91.1421,5 wt% Ba or K on 95 wt% Cu/Al2O3 (18/82),
10.1039/c2cy20604h | 100 bar | H2/CO2 3.8 | 10.6 NL/g/h,10.1039/c2cy20604h,"Fig 7/Fig 8, Cu-K/Al2O3, 473 K, 10 MPa",Cu–K/Al2O3,Cu–K/Al2O3 (5 wt% K/95 wt% Cu/Al2O3); parent Cu/Al2O3 = 18/82 wt%,Cu,,Al2O3,K,Cu=0.1693;Al2O3=0.7711;K2O=0.0596,Al=40.812;Cu=16.927;K=4.949,2.5465,0,14.0021,91.1421,5 wt% Ba or K on 95 wt% Cu/Al2O3 (18/82),
10.1039/c2cy20604h | 100 bar | H2/CO2 3.8 | 10.6 NL/g/h,10.1039/c2cy20604h,"Fig 7, Cu-K/Al2O3, 503 K, 10 MPa",Cu–K/Al2O3,Cu–K/Al2O3 (5 wt% K/95 wt% Cu/Al2O3); parent Cu/Al2O3 = 18/82 wt%,Cu,,Al2O3,K,Cu=0.1693;Al2O3=0.7711;K2O=0.0596,Al=40.812;Cu=16.927;K=4.949,2.5465,0,14.0021,91.1421,5 wt% Ba or K on 95 wt% Cu/Al2O3 (18/82),
10.1039/c2cy20604h | 100 bar | H2/CO2 3.8 | 10.6 NL/g/h,10.1039/c2cy20604h,"Fig 7, Cu-K/Al2O3, 533 K, 10 MPa",Cu–K/Al2O3,Cu–K/Al2O3 (5 wt% K/95 wt% Cu/Al2O3); parent Cu/Al2O3 = 18/82 wt%,Cu,,Al2O3,K,Cu=0.1693;Al2O3=0.7711;K2O=0.0596,Al=40.812;Cu=16.927;K=4.949,2.5465,0,14.0021,91.1421,5 wt% Ba or K on 95 wt% Cu/Al2O3 (18/82),
10.1039/c2cy20604h | 100 bar | H2/CO2 3.8 | 10.6 NL/g/h,10.1039/c2cy20604h,"Fig 7, Cu-K/Al2O3, 553 K, 10 MPa",Cu–K/Al2O3,Cu–K/Al2O3 (5 wt% K/95 wt% Cu/Al2O3); parent Cu/Al2O3 = 18/82 wt%,Cu,,Al2O3,K,Cu=0.1693;Al2O3=0.7711;K2O=0.0596,Al=40.812;Cu=16.927;K=4.949,2.5465,0,14.0021,91.1421,5 wt% Ba or K on 95 wt% Cu/Al2O3 (18/82),
10.1039/c2cy20604h | 100 bar | H2/CO2 3.8 | 10.6 NL/g/h,10.1039/c2cy20604h,"Fig 8, Cu-Ba/Al2O3, 473 K, 10 MPa",Cu–Ba/Al2O3,Cu–Ba/Al2O3 (5 wt% Ba/95 wt% Cu/Al2O3); parent Cu/Al2O3 = 18/82 wt%,Cu,,Al2O3,Ba,Cu=0.1700;Al2O3=0.7745;BaO=0.0555,Al=40.991;Cu=17.001;Ba=4.971,2.50976,0,13.9653,91.1053,5 wt% Ba or K on 95 wt% Cu/Al2O3 (18/82),
10.1039/c2cy20604h | 100 bar | H2/CO2 3.8 | 4000 h-1,10.1039/c2cy20604h,"SI Table 3, 443 K, 10 MPa",Cu–Ba/Al2O3,,Cu,,Al2O3,Ba,Cu=0.1700;Al2O3=0.7745;BaO=0.0555,Al=40.991;Cu=17.001;Ba=4.971,2.50976,0,13.9653,91.1053,5 wt% Ba or K on 95 wt% Cu/Al2O3 (18/82),
10.1039/c2cy20604h | 100 bar | H2/CO2 3.8 | 4000 h-1,10.1039/c2cy20604h,"SI Table 3, 503 K, 10 MPa",Cu–Ba/Al2O3,,Cu,,Al2O3,Ba,Cu=0.1700;Al2O3=0.7745;BaO=0.0555,Al=40.991;Cu=17.001;Ba=4.971,2.50976,0,13.9653,91.1053,5 wt% Ba or K on 95 wt% Cu/Al2O3 (18/82),
10.1039/c2cy20604h | 100 bar | H2/CO2 3.8 | 4000 h-1,10.1039/c2cy20604h,"SI Table 3, 533 K, 10 MPa",Cu–Ba/Al2O3,,Cu,,Al2O3,Ba,Cu=0.1700;Al2O3=0.7745;BaO=0.0555,Al=40.991;Cu=17.001;Ba=4.971,2.50976,0,13.9653,91.1053,5 wt% Ba or K on 95 wt% Cu/Al2O3 (18/82),
10.1039/c2cy20604h | 100 bar | H2/CO2 3.8 | 4000 h-1,10.1039/c2cy20604h,"SI Table 3, 553 K, 10 MPa",Cu–Ba/Al2O3,,Cu,,Al2O3,Ba,Cu=0.1700;Al2O3=0.7745;BaO=0.0555,Al=40.991;Cu=17.001;Ba=4.971,2.50976,0,13.9653,91.1053,5 wt% Ba or K on 95 wt% Cu/Al2O3 (18/82),
10.1039/c2cy20604h | 30 bar | H2/CO2 3.8 | 10.6 NL/g/h,10.1039/c2cy20604h,"Fig 5/Fig 6, Cu/Al2O3, 443 K, 3 MPa",Cu/Al2O3,Cu/Al2O3 (18/82 wt%),Cu,18,Al2O3,,Cu=0.1800;Al2O3=0.8200,Al=43.399;Cu=18.000,2.64062,0,14.0962,91.2362,Cu/Al2O3 = 18/82 wt%,
10.1039/c2cy20604h | 30 bar | H2/CO2 3.8 | 10.6 NL/g/h,10.1039/c2cy20604h,"Fig 5/Fig 6, Cu/Al2O3, 473 K, 3 MPa",Cu/Al2O3,Cu/Al2O3 (18/82 wt%),Cu,18,Al2O3,,Cu=0.1800;Al2O3=0.8200,Al=43.399;Cu=18.000,2.64062,0,14.0962,91.2362,Cu/Al2O3 = 18/82 wt%,
10.1039/c2cy20604h | 30 bar | H2/CO2 3.8 | 10.6 NL/g/h,10.1039/c2cy20604h,"Fig 5/Fig 6, Cu/Al2O3, 503 K, 3 MPa",Cu/Al2O3,Cu/Al2O3 (18/82 wt%),Cu,18,Al2O3,,Cu=0.1800;Al2O3=0.8200,Al=43.399;Cu=18.000,2.64062,0,14.0962,91.2362,Cu/Al2O3 = 18/82 wt%,
10.1039/c2cy20604h | 30 bar | H2/CO2 3.8 | 10.6 NL/g/h,10.1039/c2cy20604h,"Fig 5/Fig 6, Cu/Al2O3, 533 K, 3 MPa",Cu/Al2O3,Cu/Al2O3 (18/82 wt%),Cu,18,Al2O3,,Cu=0.1800;Al2O3=0.8200,Al=43.399;Cu=18.000,2.64062,0,14.0962,91.2362,Cu/Al2O3 = 18/82 wt%,
10.1039/c2cy20604h | 30 bar | H2/CO2 3.8 | 10.6 NL/g/h,10.1039/c2cy20604h,"Fig 5/Fig 6, Cu/Al2O3, 553 K, 3 MPa",Cu/Al2O3,Cu/Al2O3 (18/82 wt%),Cu,18,Al2O3,,Cu=0.1800;Al2O3=0.8200,Al=43.399;Cu=18.000,2.64062,0,14.0962,91.2362,Cu/Al2O3 = 18/82 wt%,
10.1039/c2cy20604h | 30 bar | H2/CO2 3.8 | 10.6 NL/g/h,10.1039/c2cy20604h,"Fig 7, Cu-K/Al2O3, 443 K, 3 MPa",Cu–K/Al2O3,Cu–K/Al2O3 (5 wt% K/95 wt% Cu/Al2O3); parent Cu/Al2O3 = 18/82 wt%,Cu,,Al2O3,K,Cu=0.1693;Al2O3=0.7711;K2O=0.0596,Al=40.812;Cu=16.927;K=4.949,2.5465,0,14.0021,91.1421,5 wt% Ba or K on 95 wt% Cu/Al2O3 (18/82),
10.1039/c2cy20604h | 30 bar | H2/CO2 3.8 | 10.6 NL/g/h,10.1039/c2cy20604h,"Fig 7, Cu-K/Al2O3, 473 K, 3 MPa",Cu–K/Al2O3,Cu–K/Al2O3 (5 wt% K/95 wt% Cu/Al2O3); parent Cu/Al2O3 = 18/82 wt%,Cu,,Al2O3,K,Cu=0.1693;Al2O3=0.7711;K2O=0.0596,Al=40.812;Cu=16.927;K=4.949,2.5465,0,14.0021,91.1421,5 wt% Ba or K on 95 wt% Cu/Al2O3 (18/82),
10.1039/c2cy20604h | 30 bar | H2/CO2 3.8 | 10.6 NL/g/h,10.1039/c2cy20604h,"Fig 7, Cu-K/Al2O3, 503 K, 3 MPa",Cu–K/Al2O3,Cu–K/Al2O3 (5 wt% K/95 wt% Cu/Al2O3); parent Cu/Al2O3 = 18/82 wt%,Cu,,Al2O3,K,Cu=0.1693;Al2O3=0.7711;K2O=0.0596,Al=40.812;Cu=16.927;K=4.949,2.5465,0,14.0021,91.1421,5 wt% Ba or K on 95 wt% Cu/Al2O3 (18/82),
10.1039/c2cy20604h | 30 bar | H2/CO2 3.8 | 10.6 NL/g/h,10.1039/c2cy20604h,"Fig 7, Cu-K/Al2O3, 533 K, 3 MPa",Cu–K/Al2O3,Cu–K/Al2O3 (5 wt% K/95 wt% Cu/Al2O3); parent Cu/Al2O3 = 18/82 wt%,Cu,,Al2O3,K,Cu=0.1693;Al2O3=0.7711;K2O=0.0596,Al=40.812;Cu=16.927;K=4.949,2.5465,0,14.0021,91.1421,5 wt% Ba or K on 95 wt% Cu/Al2O3 (18/82),
10.1039/c2cy20604h | 30 bar | H2/CO2 3.8 | 10.6 NL/g/h,10.1039/c2cy20604h,"Fig 7, Cu-K/Al2O3, 553 K, 3 MPa",Cu–K/Al2O3,Cu–K/Al2O3 (5 wt% K/95 wt% Cu/Al2O3); parent Cu/Al2O3 = 18/82 wt%,Cu,,Al2O3,K,Cu=0.1693;Al2O3=0.7711;K2O=0.0596,Al=40.812;Cu=16.927;K=4.949,2.5465,0,14.0021,91.1421,5 wt% Ba or K on 95 wt% Cu/Al2O3 (18/82),
10.1039/c2cy20604h | 30 bar | H2/CO2 3.8 | 10.6 NL/g/h,10.1039/c2cy20604h,"Fig 8, Cu-Ba/Al2O3, 473 K, 3 MPa",Cu–Ba/Al2O3,Cu–Ba/Al2O3 (5 wt% Ba/95 wt% Cu/Al2O3); parent Cu/Al2O3 = 18/82 wt%,Cu,,Al2O3,Ba,Cu=0.1700;Al2O3=0.7745;BaO=0.0555,Al=40.991;Cu=17.001;Ba=4.971,2.50976,0,13.9653,91.1053,5 wt% Ba or K on 95 wt% Cu/Al2O3 (18/82),
10.1039/c2cy20604h | 30 bar | H2/CO2 3.8 | 4000 h-1,10.1039/c2cy20604h,"SI Table 3, 443 K, 3 MPa",Cu–Ba/Al2O3,,Cu,,Al2O3,Ba,Cu=0.1700;Al2O3=0.7745;BaO=0.0555,Al=40.991;Cu=17.001;Ba=4.971,2.50976,0,13.9653,91.1053,5 wt% Ba or K on 95 wt% Cu/Al2O3 (18/82),
10.1039/c2cy20604h | 30 bar | H2/CO2 3.8 | 4000 h-1,10.1039/c2cy20604h,"SI Table 3, 503 K, 3 MPa",Cu–Ba/Al2O3,,Cu,,Al2O3,Ba,Cu=0.1700;Al2O3=0.7745;BaO=0.0555,Al=40.991;Cu=17.001;Ba=4.971,2.50976,0,13.9653,91.1053,5 wt% Ba or K on 95 wt% Cu/Al2O3 (18/82),
10.1039/c2cy20604h | 30 bar | H2/CO2 3.8 | 4000 h-1,10.1039/c2cy20604h,"SI Table 3, 533 K, 3 MPa",Cu–Ba/Al2O3,,Cu,,Al2O3,Ba,Cu=0.1700;Al2O3=0.7745;BaO=0.0555,Al=40.991;Cu=17.001;Ba=4.971,2.50976,0,13.9653,91.1053,5 wt% Ba or K on 95 wt% Cu/Al2O3 (18/82),
10.1039/c2cy20604h | 30 bar | H2/CO2 3.8 | 4000 h-1,10.1039/c2cy20604h,"SI Table 3, 553 K, 3 MPa",Cu–Ba/Al2O3,,Cu,,Al2O3,Ba,Cu=0.1700;Al2O3=0.7745;BaO=0.0555,Al=40.991;Cu=17.001;Ba=4.971,2.50976,0,13.9653,91.1053,5 wt% Ba or K on 95 wt% Cu/Al2O3 (18/82),
10.1039/c2cy20604h | 360 bar | H2/CO2 3.8 | 10.6 NL/g/h,10.1039/c2cy20604h,"Fig 5/Fig 6, Cu/Al2O3, 443 K, 36 MPa",Cu/Al2O3,Cu/Al2O3 (18/82 wt%),Cu,18,Al2O3,,Cu=0.1800;Al2O3=0.8200,Al=43.399;Cu=18.000,2.64062,0,14.0962,91.2362,Cu/Al2O3 = 18/82 wt%,
10.1039/c2cy20604h | 360 bar | H2/CO2 3.8 | 10.6 NL/g/h,10.1039/c2cy20604h,"Fig 5/Fig 6, Cu/Al2O3, 473 K, 36 MPa",Cu/Al2O3,Cu/Al2O3 (18/82 wt%),Cu,18,Al2O3,,Cu=0.1800;Al2O3=0.8200,Al=43.399;Cu=18.000,2.64062,0,14.0962,91.2362,Cu/Al2O3 = 18/82 wt%,
10.1039/c2cy20604h | 360 bar | H2/CO2 3.8 | 10.6 NL/g/h,10.1039/c2cy20604h,"Fig 5/Fig 6, Cu/Al2O3, 503 K, 36 MPa",Cu/Al2O3,Cu/Al2O3 (18/82 wt%),Cu,18,Al2O3,,Cu=0.1800;Al2O3=0.8200,Al=43.399;Cu=18.000,2.64062,0,14.0962,91.2362,Cu/Al2O3 = 18/82 wt%,
10.1039/c2cy20604h | 360 bar | H2/CO2 3.8 | 10.6 NL/g/h,10.1039/c2cy20604h,"Fig 5/Fig 6, Cu/Al2O3, 533 K, 36 MPa",Cu/Al2O3,Cu/Al2O3 (18/82 wt%),Cu,18,Al2O3,,Cu=0.1800;Al2O3=0.8200,Al=43.399;Cu=18.000,2.64062,0,14.0962,91.2362,Cu/Al2O3 = 18/82 wt%,
10.1039/c2cy20604h | 360 bar | H2/CO2 3.8 | 10.6 NL/g/h,10.1039/c2cy20604h,"Fig 5/Fig 6, Cu/Al2O3, 553 K, 36 MPa",Cu/Al2O3,Cu/Al2O3 (18/82 wt%),Cu,18,Al2O3,,Cu=0.1800;Al2O3=0.8200,Al=43.399;Cu=18.000,2.64062,0,14.0962,91.2362,Cu/Al2O3 = 18/82 wt%,
10.1039/c2cy20604h | 360 bar | H2/CO2 3.8 | 10.6 NL/g/h,10.1039/c2cy20604h,"Fig 7, Cu-K/Al2O3, 443 K, 36 MPa",Cu–K/Al2O3,Cu–K/Al2O3 (5 wt% K/95 wt% Cu/Al2O3); parent Cu/Al2O3 = 18/82 wt%,Cu,,Al2O3,K,Cu=0.1693;Al2O3=0.7711;K2O=0.0596,Al=40.812;Cu=16.927;K=4.949,2.5465,0,14.0021,91.1421,5 wt% Ba or K on 95 wt% Cu/Al2O3 (18/82),
10.1039/c2cy20604h | 360 bar | H2/CO2 3.8 | 10.6 NL/g/h,10.1039/c2cy20604h,"Fig 7/Fig 8, Cu-K/Al2O3, 473 K, 36 MPa",Cu–K/Al2O3,Cu–K/Al2O3 (5 wt% K/95 wt% Cu/Al2O3); parent Cu/Al2O3 = 18/82 wt%,Cu,,Al2O3,K,Cu=0.1693;Al2O3=0.7711;K2O=0.0596,Al=40.812;Cu=16.927;K=4.949,2.5465,0,14.0021,91.1421,5 wt% Ba or K on 95 wt% Cu/Al2O3 (18/82),
10.1039/c2cy20604h | 360 bar | H2/CO2 3.8 | 10.6 NL/g/h,10.1039/c2cy20604h,"Fig 7, Cu-K/Al2O3, 503 K, 36 MPa",Cu–K/Al2O3,Cu–K/Al2O3 (5 wt% K/95 wt% Cu/Al2O3); parent Cu/Al2O3 = 18/82 wt%,Cu,,Al2O3,K,Cu=0.1693;Al2O3=0.7711;K2O=0.0596,Al=40.812;Cu=16.927;K=4.949,2.5465,0,14.0021,91.1421,5 wt% Ba or K on 95 wt% Cu/Al2O3 (18/82),
10.1039/c2cy20604h | 360 bar | H2/CO2 3.8 | 10.6 NL/g/h,10.1039/c2cy20604h,"Fig 7, Cu-K/Al2O3, 533 K, 36 MPa",Cu–K/Al2O3,Cu–K/Al2O3 (5 wt% K/95 wt% Cu/Al2O3); parent Cu/Al2O3 = 18/82 wt%,Cu,,Al2O3,K,Cu=0.1693;Al2O3=0.7711;K2O=0.0596,Al=40.812;Cu=16.927;K=4.949,2.5465,0,14.0021,91.1421,5 wt% Ba or K on 95 wt% Cu/Al2O3 (18/82),
10.1039/c2cy20604h | 360 bar | H2/CO2 3.8 | 10.6 NL/g/h,10.1039/c2cy20604h,"Fig 7, Cu-K/Al2O3, 553 K, 36 MPa",Cu–K/Al2O3,Cu–K/Al2O3 (5 wt% K/95 wt% Cu/Al2O3); parent Cu/Al2O3 = 18/82 wt%,Cu,,Al2O3,K,Cu=0.1693;Al2O3=0.7711;K2O=0.0596,Al=40.812;Cu=16.927;K=4.949,2.5465,0,14.0021,91.1421,5 wt% Ba or K on 95 wt% Cu/Al2O3 (18/82),
10.1039/c2cy20604h | 360 bar | H2/CO2 3.8 | 10.6 NL/g/h,10.1039/c2cy20604h,"Fig 8, Cu-Ba/Al2O3, 473 K, 36 MPa",Cu–Ba/Al2O3,Cu–Ba/Al2O3 (5 wt% Ba/95 wt% Cu/Al2O3); parent Cu/Al2O3 = 18/82 wt%,Cu,,Al2O3,Ba,Cu=0.1700;Al2O3=0.7745;BaO=0.0555,Al=40.991;Cu=17.001;Ba=4.971,2.50976,0,13.9653,91.1053,5 wt% Ba or K on 95 wt% Cu/Al2O3 (18/82),
10.1039/c2cy20604h | 360 bar | H2/CO2 3.8 | 4000 h-1,10.1039/c2cy20604h,"Text, Cu-Ba/Al2O3, 443 K, 36 MPa",Cu–Ba/Al2O3,Cu–Ba/Al2O3 (5 wt% Ba/95 wt% Cu/Al2O3); parent Cu/Al2O3 = 18/82 wt%,Cu,,Al2O3,Ba,Cu=0.1700;Al2O3=0.7745;BaO=0.0555,Al=40.991;Cu=17.001;Ba=4.971,2.50976,0,13.9653,91.1053,5 wt% Ba or K on 95 wt% Cu/Al2O3 (18/82),
10.1039/c2cy20604h | 360 bar | H2/CO2 3.8 | 4000 h-1,10.1039/c2cy20604h,"SI Table 3, 503 K, 36 MPa",Cu–Ba/Al2O3,,Cu,,Al2O3,Ba,Cu=0.1700;Al2O3=0.7745;BaO=0.0555,Al=40.991;Cu=17.001;Ba=4.971,2.50976,0,13.9653,91.1053,5 wt% Ba or K on 95 wt% Cu/Al2O3 (18/82),
10.1039/c2cy20604h | 360 bar | H2/CO2 3.8 | 4000 h-1,10.1039/c2cy20604h,"SI Table 3, 533 K, 36 MPa",Cu–Ba/Al2O3,,Cu,,Al2O3,Ba,Cu=0.1700;Al2O3=0.7745;BaO=0.0555,Al=40.991;Cu=17.001;Ba=4.971,2.50976,0,13.9653,91.1053,5 wt% Ba or K on 95 wt% Cu/Al2O3 (18/82),
10.1039/c2cy20604h | 360 bar | H2/CO2 3.8 | 4000 h-1,10.1039/c2cy20604h,"SI Table 3, 553 K, 36 MPa",Cu–Ba/Al2O3,,Cu,,Al2O3,Ba,Cu=0.1700;Al2O3=0.7745;BaO=0.0555,Al=40.991;Cu=17.001;Ba=4.971,2.50976,0,13.9653,91.1053,5 wt% Ba or K on 95 wt% Cu/Al2O3 (18/82),
10.1039/c2cy20604h | 4 bar | H2/CO2 3.8 | 10.6 NL/g/h,10.1039/c2cy20604h,"Fig 5/Fig 6, Cu/Al2O3, 443 K, 0.40 MPa",Cu/Al2O3,Cu/Al2O3 (18/82 wt%),Cu,18,Al2O3,,Cu=0.1800;Al2O3=0.8200,Al=43.399;Cu=18.000,2.64062,0,14.0962,91.2362,Cu/Al2O3 = 18/82 wt%,
10.1039/c2cy20604h | 4 bar | H2/CO2 3.8 | 10.6 NL/g/h,10.1039/c2cy20604h,"Fig 5/Fig 6, Cu/Al2O3, 473 K, 0.40 MPa",Cu/Al2O3,Cu/Al2O3 (18/82 wt%),Cu,18,Al2O3,,Cu=0.1800;Al2O3=0.8200,Al=43.399;Cu=18.000,2.64062,0,14.0962,91.2362,Cu/Al2O3 = 18/82 wt%,
10.1039/c2cy20604h | 4 bar | H2/CO2 3.8 | 10.6 NL/g/h,10.1039/c2cy20604h,"Fig 5/Fig 6, Cu/Al2O3, 503 K, 0.40 MPa",Cu/Al2O3,Cu/Al2O3 (18/82 wt%),Cu,18,Al2O3,,Cu=0.1800;Al2O3=0.8200,Al=43.399;Cu=18.000,2.64062,0,14.0962,91.2362,Cu/Al2O3 = 18/82 wt%,
10.1039/c2cy20604h | 4 bar | H2/CO2 3.8 | 10.6 NL/g/h,10.1039/c2cy20604h,"Fig 5/Fig 6, Cu/Al2O3, 533 K, 0.40 MPa",Cu/Al2O3,Cu/Al2O3 (18/82 wt%),Cu,18,Al2O3,,Cu=0.1800;Al2O3=0.8200,Al=43.399;Cu=18.000,2.64062,0,14.0962,91.2362,Cu/Al2O3 = 18/82 wt%,
10.1039/c2cy20604h | 4 bar | H2/CO2 3.8 | 10.6 NL/g/h,10.1039/c2cy20604h,"Fig 5/Fig 6, Cu/Al2O3, 553 K, 0.40 MPa",Cu/Al2O3,Cu/Al2O3 (18/82 wt%),Cu,18,Al2O3,,Cu=0.1800;Al2O3=0.8200,Al=43.399;Cu=18.000,2.64062,0,14.0962,91.2362,Cu/Al2O3 = 18/82 wt%,
10.1039/c2cy20604h | 4 bar | H2/CO2 3.8 | 10.6 NL/g/h,10.1039/c2cy20604h,"Fig 7, Cu-K/Al2O3, 443 K, 0.40 MPa",Cu–K/Al2O3,Cu–K/Al2O3 (5 wt% K/95 wt% Cu/Al2O3); parent Cu/Al2O3 = 18/82 wt%,Cu,,Al2O3,K,Cu=0.1693;Al2O3=0.7711;K2O=0.0596,Al=40.812;Cu=16.927;K=4.949,2.5465,0,14.0021,91.1421,5 wt% Ba or K on 95 wt% Cu/Al2O3 (18/82),
10.1039/c2cy20604h | 4 bar | H2/CO2 3.8 | 10.6 NL/g/h,10.1039/c2cy20604h,"Fig 7, Cu-K/Al2O3, 473 K, 0.40 MPa",Cu–K/Al2O3,Cu–K/Al2O3 (5 wt% K/95 wt% Cu/Al2O3); parent Cu/Al2O3 = 18/82 wt%,Cu,,Al2O3,K,Cu=0.1693;Al2O3=0.7711;K2O=0.0596,Al=40.812;Cu=16.927;K=4.949,2.5465,0,14.0021,91.1421,5 wt% Ba or K on 95 wt% Cu/Al2O3 (18/82),
10.1039/c2cy20604h | 4 bar | H2/CO2 3.8 | 10.6 NL/g/h,10.1039/c2cy20604h,"Fig 7, Cu-K/Al2O3, 503 K, 0.40 MPa",Cu–K/Al2O3,Cu–K/Al2O3 (5 wt% K/95 wt% Cu/Al2O3); parent Cu/Al2O3 = 18/82 wt%,Cu,,Al2O3,K,Cu=0.1693;Al2O3=0.7711;K2O=0.0596,Al=40.812;Cu=16.927;K=4.949,2.5465,0,14.0021,91.1421,5 wt% Ba or K on 95 wt% Cu/Al2O3 (18/82),
10.1039/c2cy20604h | 4 bar | H2/CO2 3.8 | 10.6 NL/g/h,10.1039/c2cy20604h,"Fig 7, Cu-K/Al2O3, 533 K, 0.40 MPa",Cu–K/Al2O3,Cu–K/Al2O3 (5 wt% K/95 wt% Cu/Al2O3); parent Cu/Al2O3 = 18/82 wt%,Cu,,Al2O3,K,Cu=0.1693;Al2O3=0.7711;K2O=0.0596,Al=40.812;Cu=16.927;K=4.949,2.5465,0,14.0021,91.1421,5 wt% Ba or K on 95 wt% Cu/Al2O3 (18/82),
10.1039/c2cy20604h | 4 bar | H2/CO2 3.8 | 10.6 NL/g/h,10.1039/c2cy20604h,"Fig 7, Cu-K/Al2O3, 553 K, 0.40 MPa",Cu–K/Al2O3,Cu–K/Al2O3 (5 wt% K/95 wt% Cu/Al2O3); parent Cu/Al2O3 = 18/82 wt%,Cu,,Al2O3,K,Cu=0.1693;Al2O3=0.7711;K2O=0.0596,Al=40.812;Cu=16.927;K=4.949,2.5465,0,14.0021,91.1421,5 wt% Ba or K on 95 wt% Cu/Al2O3 (18/82),
10.1039/c2cy20604h | 4 bar | H2/CO2 3.8 | 10.6 NL/g/h,10.1039/c2cy20604h,"Fig 8, Cu-Ba/Al2O3, 473 K, 0.40 MPa",Cu–Ba/Al2O3,Cu–Ba/Al2O3 (5 wt% Ba/95 wt% Cu/Al2O3); parent Cu/Al2O3 = 18/82 wt%,Cu,,Al2O3,Ba,Cu=0.1700;Al2O3=0.7745;BaO=0.0555,Al=40.991;Cu=17.001;Ba=4.971,2.50976,0,13.9653,91.1053,5 wt% Ba or K on 95 wt% Cu/Al2O3 (18/82),
10.1039/c2cy20604h | 4 bar | H2/CO2 3.8 | 4000 h-1,10.1039/c2cy20604h,"SI Table 3, 443 K, 0.4 MPa",Cu–Ba/Al2O3,,Cu,,Al2O3,Ba,Cu=0.1700;Al2O3=0.7745;BaO=0.0555,Al=40.991;Cu=17.001;Ba=4.971,2.50976,0,13.9653,91.1053,5 wt% Ba or K on 95 wt% Cu/Al2O3 (18/82),
10.1039/c2cy20604h | 4 bar | H2/CO2 3.8 | 4000 h-1,10.1039/c2cy20604h,"SI Table 3, 503 K, 0.4 MPa",Cu–Ba/Al2O3,,Cu,,Al2O3,Ba,Cu=0.1700;Al2O3=0.7745;BaO=0.0555,Al=40.991;Cu=17.001;Ba=4.971,2.50976,0,13.9653,91.1053,5 wt% Ba or K on 95 wt% Cu/Al2O3 (18/82),
10.1039/c2cy20604h | 4 bar | H2/CO2 3.8 | 4000 h-1,10.1039/c2cy20604h,"SI Table 3, 533 K, 0.4 MPa",Cu–Ba/Al2O3,,Cu,,Al2O3,Ba,Cu=0.1700;Al2O3=0.7745;BaO=0.0555,Al=40.991;Cu=17.001;Ba=4.971,2.50976,0,13.9653,91.1053,5 wt% Ba or K on 95 wt% Cu/Al2O3 (18/82),
10.1039/c2cy20604h | 4 bar | H2/CO2 3.8 | 4000 h-1,10.1039/c2cy20604h,"SI Table 3, 553 K, 0.4 MPa",Cu–Ba/Al2O3,,Cu,,Al2O3,Ba,Cu=0.1700;Al2O3=0.7745;BaO=0.0555,Al=40.991;Cu=17.001;Ba=4.971,2.50976,0,13.9653,91.1053,5 wt% Ba or K on 95 wt% Cu/Al2O3 (18/82),
10.1039/c4cy00848k | 7 bar | H2/CO2 9 | 2 NL/g/h,10.1039/c4cy00848k,SI Fig S7/S8 Cu(0.5)ZnO point 1,Cu(0.5)ZnO,,Cu,0.5,ZnO,,Cu=0.0050;ZnO=0.9950,Zn=79.938;Cu=0.500,2.3853,0,13.8409,90.9809,"loading from composition text (measured, same-name record)",
10.1039/c4cy00848k | 7 bar | H2/CO2 9 | 2 NL/g/h,10.1039/c4cy00848k,SI Fig S7/S8 Cu(1)ZnO point 1,Cu(1)ZnO,,Cu,1,ZnO,,Cu=0.0105;ZnO=0.9895,Zn=79.497;Cu=1.050,2.44005,0,13.8956,91.0356,"loading from composition text (measured, same-name record)",
10.1039/c4cy00848k | 7 bar | H2/CO2 9 | 2 NL/g/h,10.1039/c4cy00848k,SI Fig S7/S8 Cu(3)ZnO point 1,Cu(3)ZnO,,Cu,3,ZnO,,Cu=0.0276;ZnO=0.9724,Zn=78.123;Cu=2.760,2.6103,0,14.0659,91.2059,"loading from composition text (measured, same-name record)",
10.1039/c4cy00848k | 7 bar | H2/CO2 9 | 2 NL/g/h,10.1039/c4cy00848k,SI Fig S7/S8 Cu(5)ZnO point 1,Cu(5)ZnO,,Cu,5,ZnO,,Cu=0.0474;ZnO=0.9526,Zn=76.532;Cu=4.740,2.80743,0,14.263,91.403,"loading from composition text (measured, same-name record)",
10.1039/c4cy00848k | 7 bar | H2/CO2 9 | 2 NL/g/h,10.1039/c4cy00848k,SI Fig S7/S8 Cu(8)ZnO point 1,Cu(8)ZnO,,Cu,8,ZnO,,Cu=0.0754;ZnO=0.9246,Zn=74.282;Cu=7.540,3.08619,0,14.5418,91.6818,"loading from composition text (measured, same-name record)",
10.1039/c4cy00848k | 7 bar | H2/CO2 9 | 2 NL/g/h,10.1039/c4cy00848k,SI Fig S7/S8 Cu(15)ZnO point 1,Cu(15)ZnO,,Cu,15,ZnO,,Cu=0.1379;ZnO=0.8621,Zn=69.261;Cu=13.790,3.70844,0,15.164,92.304,"loading from composition text (measured, same-name record)",
10.1039/c4cy00848k | 7 bar | H2/CO2 9 | 4 NL/g/h,10.1039/c4cy00848k,"Table 3, Cu(0.5)ZnO at 180 °C",Cu(0.5)ZnO,Cu loading = 0.5 wt.% (ICP) on ZnO,Cu,,ZnO,,Cu=0.0050;ZnO=0.9950,Zn=79.938;Cu=0.500,2.3853,0,13.8409,90.9809,loading from composition text (measured),
10.1039/c4cy00848k | 7 bar | H2/CO2 9 | 4 NL/g/h,10.1039/c4cy00848k,"Table 3, Cu(1)ZnO at 180 °C",Cu(1)ZnO,Cu loading = 1.05 wt.% (ICP) on ZnO,Cu,,ZnO,,Cu=0.0105;ZnO=0.9895,Zn=79.497;Cu=1.050,2.44005,0,13.8956,91.0356,loading from composition text (measured),
10.1039/c4cy00848k | 7 bar | H2/CO2 9 | 4 NL/g/h,10.1039/c4cy00848k,"Table 3, Cu(3)ZnO at 180 °C",Cu(3)ZnO,Cu loading = 2.76 wt.% (ICP) on ZnO,Cu,,ZnO,,Cu=0.0276;ZnO=0.9724,Zn=78.123;Cu=2.760,2.6103,0,14.0659,91.2059,loading from composition text (measured),
10.1039/c4cy00848k | 7 bar | H2/CO2 9 | 4 NL/g/h,10.1039/c4cy00848k,"Table 3, Cu(5)ZnO at 180 °C",Cu(5)ZnO,Cu loading = 4.74 wt.% (ICP) on ZnO,Cu,,ZnO,,Cu=0.0474;ZnO=0.9526,Zn=76.532;Cu=4.740,2.80743,0,14.263,91.403,loading from composition text (measured),
10.1039/c4cy00848k | 7 bar | H2/CO2 9 | 4 NL/g/h,10.1039/c4cy00848k,"Table 3, Cu(8)ZnO at 180 °C",Cu(8)ZnO,Cu loading = 7.54 wt.% (ICP) on ZnO,Cu,,ZnO,,Cu=0.0754;ZnO=0.9246,Zn=74.282;Cu=7.540,3.08619,0,14.5418,91.6818,loading from composition text (measured),
10.1039/c4cy00848k | 7 bar | H2/CO2 9 | 4 NL/g/h,10.1039/c4cy00848k,"Table 3, Cu(15)ZnO at 180 °C",Cu(15)ZnO,Cu loading = 13.79 wt.% (ICP) on ZnO,Cu,,ZnO,,Cu=0.1379;ZnO=0.8621,Zn=69.261;Cu=13.790,3.70844,0,15.164,92.304,loading from composition text (measured),
10.1039/c5cy00372e | 10 bar | H2/CO2 3.04 | 10 NL/g/h,10.1039/c5cy00372e,"Fig. 8 CHT-Y0, 1 MPa",CHT-Y0,Cu2+ : Zn2+ : (Al3+ +Y3+) = 2 : 1 : 1; Y3+ : (Al3+ +Y3+) = 0,Cu,,Al2O3,,CuO=0.5459;ZnO=0.2792;AlO1.5=0.1749;YO1.5=0.0000,Cu=43.607;Zn=22.433;Al=9.258,6.10337,0,17.559,94.699,"Cu:Zn:(Al+Y) = 2:1:1 molar, oxides",
10.1039/c5cy00372e | 10 bar | H2/CO2 3.04 | 10 NL/g/h,10.1039/c5cy00372e,"Fig. 8 CHT-Y0.1, 1 MPa",CHT-Y0.1,Cu2+ : Zn2+ : (Al3+ +Y3+) = 2 : 1 : 1; Y3+ : (Al3+ +Y3+) = 0.1,Cu,,Al2O3,Y2O3,CuO=0.5345;ZnO=0.2734;AlO1.5=0.1542;YO1.5=0.0379,Cu=42.700;Zn=21.966;Al=8.159;Y=2.987,7.02482,0,18.4804,95.6204,"Cu:Zn:(Al+Y) = 2:1:1 molar, oxides",
10.1039/c5cy00372e | 10 bar | H2/CO2 3.04 | 10 NL/g/h,10.1039/c5cy00372e,"Fig. 8 CHT-Y0.5, 1 MPa",CHT-Y0.5,Cu2+ : Zn2+ : (Al3+ +Y3+) = 2 : 1 : 1; Y3+ : (Al3+ +Y3+) = 0.5,Cu,,Al2O3,Y2O3,CuO=0.4934;ZnO=0.2524;AlO1.5=0.0791;YO1.5=0.1751,Cu=39.419;Zn=20.278;Y=13.788;Al=4.184,10.3566,0,21.8122,98.9522,"Cu:Zn:(Al+Y) = 2:1:1 molar, oxides",
10.1039/c5cy00372e | 3 bar | H2/CO2 3.04 | 10 NL/g/h,10.1039/c5cy00372e,"Fig. 8 CHT-Y0, 0.3 MPa",CHT-Y0,Cu2+ : Zn2+ : (Al3+ +Y3+) = 2 : 1 : 1; Y3+ : (Al3+ +Y3+) = 0,Cu,,Al2O3,,CuO=0.5459;ZnO=0.2792;AlO1.5=0.1749;YO1.5=0.0000,Cu=43.607;Zn=22.433;Al=9.258,6.10337,0,17.559,94.699,"Cu:Zn:(Al+Y) = 2:1:1 molar, oxides",
10.1039/c5cy00372e | 3 bar | H2/CO2 3.04 | 10 NL/g/h,10.1039/c5cy00372e,"Fig. 8 CHT-Y0.1, 0.3 MPa",CHT-Y0.1,Cu2+ : Zn2+ : (Al3+ +Y3+) = 2 : 1 : 1; Y3+ : (Al3+ +Y3+) = 0.1,Cu,,Al2O3,Y2O3,CuO=0.5345;ZnO=0.2734;AlO1.5=0.1542;YO1.5=0.0379,Cu=42.700;Zn=21.966;Al=8.159;Y=2.987,7.02482,0,18.4804,95.6204,"Cu:Zn:(Al+Y) = 2:1:1 molar, oxides",
10.1039/c5cy00372e | 3 bar | H2/CO2 3.04 | 10 NL/g/h,10.1039/c5cy00372e,"Fig. 8 CHT-Y0.5, 0.3 MPa",CHT-Y0.5,Cu2+ : Zn2+ : (Al3+ +Y3+) = 2 : 1 : 1; Y3+ : (Al3+ +Y3+) = 0.5,Cu,,Al2O3,Y2O3,CuO=0.4934;ZnO=0.2524;AlO1.5=0.0791;YO1.5=0.1751,Cu=39.419;Zn=20.278;Y=13.788;Al=4.184,10.3566,0,21.8122,98.9522,"Cu:Zn:(Al+Y) = 2:1:1 molar, oxides",
10.1039/c5cy00372e | 30 bar | H2/CO2 3.04 | 10 NL/g/h,10.1039/c5cy00372e,"Fig. 8 CHT-Y0, 3 MPa",CHT-Y0,Cu2+ : Zn2+ : (Al3+ +Y3+) = 2 : 1 : 1; Y3+ : (Al3+ +Y3+) = 0,Cu,,Al2O3,,CuO=0.5459;ZnO=0.2792;AlO1.5=0.1749;YO1.5=0.0000,Cu=43.607;Zn=22.433;Al=9.258,6.10337,0,17.559,94.699,"Cu:Zn:(Al+Y) = 2:1:1 molar, oxides",
10.1039/c5cy00372e | 30 bar | H2/CO2 3.04 | 10 NL/g/h,10.1039/c5cy00372e,"Fig. 8 CHT-Y0.1, 3 MPa",CHT-Y0.1,Cu2+ : Zn2+ : (Al3+ +Y3+) = 2 : 1 : 1; Y3+ : (Al3+ +Y3+) = 0.1,Cu,,Al2O3,Y2O3,CuO=0.5345;ZnO=0.2734;AlO1.5=0.1542;YO1.5=0.0379,Cu=42.700;Zn=21.966;Al=8.159;Y=2.987,7.02482,0,18.4804,95.6204,"Cu:Zn:(Al+Y) = 2:1:1 molar, oxides",
10.1039/c5cy00372e | 30 bar | H2/CO2 3.04 | 10 NL/g/h,10.1039/c5cy00372e,"Fig. 8 CHT-Y0.5, 3 MPa",CHT-Y0.5,Cu2+ : Zn2+ : (Al3+ +Y3+) = 2 : 1 : 1; Y3+ : (Al3+ +Y3+) = 0.5,Cu,,Al2O3,Y2O3,CuO=0.4934;ZnO=0.2524;AlO1.5=0.0791;YO1.5=0.1751,Cu=39.419;Zn=20.278;Y=13.788;Al=4.184,10.3566,0,21.8122,98.9522,"Cu:Zn:(Al+Y) = 2:1:1 molar, oxides",
10.1039/c5cy00372e | 50 bar | H2/CO2 3.04 | 10 NL/g/h,10.1039/c5cy00372e,Table 6 row CHT-Y0,CHT-Y0,Cu2+ : Zn2+ : (Al3+ +Y3+) = 2 : 1 : 1; Y3+ : (Al3+ +Y3+) = 0,Cu,,Al2O3,,CuO=0.5459;ZnO=0.2792;AlO1.5=0.1749;YO1.5=0.0000,Cu=43.607;Zn=22.433;Al=9.258,6.10337,0,17.559,94.699,"Cu:Zn:(Al+Y) = 2:1:1 molar, oxides",
10.1039/c5cy00372e | 50 bar | H2/CO2 3.04 | 10 NL/g/h,10.1039/c5cy00372e,Table 6 row CHT-Y0.05,CHT-Y0.05,Cu2+ : Zn2+ : (Al3+ +Y3+) = 2 : 1 : 1; Y3+ : (Al3+ +Y3+) = 0.05,Cu,,Al2O3,Y2O3,CuO=0.5401;ZnO=0.2763;AlO1.5=0.1644;YO1.5=0.0192,Cu=43.148;Zn=22.197;Al=8.703;Y=1.509,6.56894,0,18.0245,95.1645,"Cu:Zn:(Al+Y) = 2:1:1 molar, oxides",
10.1039/c5cy00372e | 50 bar | H2/CO2 3.04 | 10 NL/g/h,10.1039/c5cy00372e,Table 6 row CHT-Y0.1,CHT-Y0.1,Cu2+ : Zn2+ : (Al3+ +Y3+) = 2 : 1 : 1; Y3+ : (Al3+ +Y3+) = 0.1,Cu,,Al2O3,Y2O3,CuO=0.5345;ZnO=0.2734;AlO1.5=0.1542;YO1.5=0.0379,Cu=42.700;Zn=21.966;Al=8.159;Y=2.987,7.02482,0,18.4804,95.6204,"Cu:Zn:(Al+Y) = 2:1:1 molar, oxides",
10.1039/c5cy00372e | 50 bar | H2/CO2 3.04 | 10 NL/g/h,10.1039/c5cy00372e,Table 6 row CHT-Y0.2,CHT-Y0.2,Cu2+ : Zn2+ : (Al3+ +Y3+) = 2 : 1 : 1; Y3+ : (Al3+ +Y3+) = 0.2,Cu,,Al2O3,Y2O3,CuO=0.5236;ZnO=0.2678;AlO1.5=0.1342;YO1.5=0.0743,Cu=41.829;Zn=21.518;Al=7.104;Y=5.852,7.9087,0,19.3643,96.5043,"Cu:Zn:(Al+Y) = 2:1:1 molar, oxides",
10.1039/c5cy00372e | 50 bar | H2/CO2 3.04 | 10 NL/g/h,10.1039/c5cy00372e,Table 6 row CHT-Y0.5,CHT-Y0.5,Cu2+ : Zn2+ : (Al3+ +Y3+) = 2 : 1 : 1; Y3+ : (Al3+ +Y3+) = 0.5,Cu,,Al2O3,Y2O3,CuO=0.4934;ZnO=0.2524;AlO1.5=0.0791;YO1.5=0.1751,Cu=39.419;Zn=20.278;Y=13.788;Al=4.184,10.3566,0,21.8122,98.9522,"Cu:Zn:(Al+Y) = 2:1:1 molar, oxides",
10.1039/c5cy00372e | 70 bar | H2/CO2 3.04 | 10 NL/g/h,10.1039/c5cy00372e,"Fig. 8 CHT-Y0, 7 MPa",CHT-Y0,Cu2+ : Zn2+ : (Al3+ +Y3+) = 2 : 1 : 1; Y3+ : (Al3+ +Y3+) = 0,Cu,,Al2O3,,CuO=0.5459;ZnO=0.2792;AlO1.5=0.1749;YO1.5=0.0000,Cu=43.607;Zn=22.433;Al=9.258,6.10337,0,17.559,94.699,"Cu:Zn:(Al+Y) = 2:1:1 molar, oxides",
10.1039/c5cy00372e | 70 bar | H2/CO2 3.04 | 10 NL/g/h,10.1039/c5cy00372e,"Fig. 8 CHT-Y0.1, 7 MPa",CHT-Y0.1,Cu2+ : Zn2+ : (Al3+ +Y3+) = 2 : 1 : 1; Y3+ : (Al3+ +Y3+) = 0.1,Cu,,Al2O3,Y2O3,CuO=0.5345;ZnO=0.2734;AlO1.5=0.1542;YO1.5=0.0379,Cu=42.700;Zn=21.966;Al=8.159;Y=2.987,7.02482,0,18.4804,95.6204,"Cu:Zn:(Al+Y) = 2:1:1 molar, oxides",
10.1039/c5cy00372e | 70 bar | H2/CO2 3.04 | 10 NL/g/h,10.1039/c5cy00372e,"Fig. 8 CHT-Y0.5, 7 MPa",CHT-Y0.5,Cu2+ : Zn2+ : (Al3+ +Y3+) = 2 : 1 : 1; Y3+ : (Al3+ +Y3+) = 0.5,Cu,,Al2O3,Y2O3,CuO=0.4934;ZnO=0.2524;AlO1.5=0.0791;YO1.5=0.1751,Cu=39.419;Zn=20.278;Y=13.788;Al=4.184,10.3566,0,21.8122,98.9522,"Cu:Zn:(Al+Y) = 2:1:1 molar, oxides",
10.1039/c5cy00372e | 90 bar | H2/CO2 3.04 | 10 NL/g/h,10.1039/c5cy00372e,"Fig. 8 CHT-Y0, 9 MPa",CHT-Y0,Cu2+ : Zn2+ : (Al3+ +Y3+) = 2 : 1 : 1; Y3+ : (Al3+ +Y3+) = 0,Cu,,Al2O3,,CuO=0.5459;ZnO=0.2792;AlO1.5=0.1749;YO1.5=0.0000,Cu=43.607;Zn=22.433;Al=9.258,6.10337,0,17.559,94.699,"Cu:Zn:(Al+Y) = 2:1:1 molar, oxides",
10.1039/c5cy00372e | 90 bar | H2/CO2 3.04 | 10 NL/g/h,10.1039/c5cy00372e,"Fig. 8/text CHT-Y0.1, 9.0 MPa",CHT-Y0.1,Cu2+ : Zn2+ : (Al3+ +Y3+) = 2 : 1 : 1; Y3+ : (Al3+ +Y3+) = 0.1,Cu,,Al2O3,Y2O3,CuO=0.5345;ZnO=0.2734;AlO1.5=0.1542;YO1.5=0.0379,Cu=42.700;Zn=21.966;Al=8.159;Y=2.987,7.02482,0,18.4804,95.6204,"Cu:Zn:(Al+Y) = 2:1:1 molar, oxides",
10.1039/c5cy00372e | 90 bar | H2/CO2 3.04 | 10 NL/g/h,10.1039/c5cy00372e,"Fig. 8 CHT-Y0.5, 9 MPa",CHT-Y0.5,Cu2+ : Zn2+ : (Al3+ +Y3+) = 2 : 1 : 1; Y3+ : (Al3+ +Y3+) = 0.5,Cu,,Al2O3,Y2O3,CuO=0.4934;ZnO=0.2524;AlO1.5=0.0791;YO1.5=0.1751,Cu=39.419;Zn=20.278;Y=13.788;Al=4.184,10.3566,0,21.8122,98.9522,"Cu:Zn:(Al+Y) = 2:1:1 molar, oxides",
10.1039/c5ra04774a | 30 bar | H2/CO2 3 | 3.6 NL/g/h,10.1039/c5ra04774a,"Fig. 1, 200 °C, CZ/CNTs-1",CZ/CNTs-1,"Cu/ZrO2/CNTs initial mass ratio 10/40/50; actual Cu 12.8 wt%, ZrO2 35.8 wt%",Cu,12.8,CNTs-1,,Cu=0.1280;ZrO2=0.3580;C=0.5140,Zr=26.504;Cu=12.800,6.73336,0,18.1889,95.3289,"actual Cu and ZrO2 wt%; rest CNTs (carbon, no price)",carbon
10.1039/c5ra04774a | 30 bar | H2/CO2 3 | 3.6 NL/g/h,10.1039/c5ra04774a,"Table 1 row 1 / Fig. 1, 220 °C",CZ/CNTs-1,"Cu/ZrO2/CNTs initial mass ratio 10/40/50; actual Cu 12.8 wt%, ZrO2 35.8 wt%",Cu,12.8,CNTs-1,,Cu=0.1280;ZrO2=0.3580;C=0.5140,Zr=26.504;Cu=12.800,6.73336,0,18.1889,95.3289,"actual Cu and ZrO2 wt%; rest CNTs (carbon, no price)",carbon
10.1039/c5ra04774a | 30 bar | H2/CO2 3 | 3.6 NL/g/h,10.1039/c5ra04774a,"Table 1 row 4 / Fig. 1, 240 °C",CZ/CNTs-1,"Cu/ZrO2/CNTs initial mass ratio 10/40/50; actual Cu 12.8 wt%, ZrO2 35.8 wt%",Cu,12.8,CNTs-1,,Cu=0.1280;ZrO2=0.3580;C=0.5140,Zr=26.504;Cu=12.800,6.73336,0,18.1889,95.3289,"actual Cu and ZrO2 wt%; rest CNTs (carbon, no price)",carbon
10.1039/c5ra04774a | 30 bar | H2/CO2 3 | 3.6 NL/g/h,10.1039/c5ra04774a,"Table 1 row 7 / Fig. 1, 260 °C",CZ/CNTs-1,"Cu/ZrO2/CNTs initial mass ratio 10/40/50; actual Cu 12.8 wt%, ZrO2 35.8 wt%",Cu,12.8,CNTs-1,,Cu=0.1280;ZrO2=0.3580;C=0.5140,Zr=26.504;Cu=12.800,6.73336,0,18.1889,95.3289,"actual Cu and ZrO2 wt%; rest CNTs (carbon, no price)",carbon
10.1039/c5ra04774a | 30 bar | H2/CO2 3 | 3.6 NL/g/h,10.1039/c5ra04774a,"Fig. 1, 280 °C, CZ/CNTs-1",CZ/CNTs-1,"Cu/ZrO2/CNTs initial mass ratio 10/40/50; actual Cu 12.8 wt%, ZrO2 35.8 wt%",Cu,12.8,CNTs-1,,Cu=0.1280;ZrO2=0.3580;C=0.5140,Zr=26.504;Cu=12.800,6.73336,0,18.1889,95.3289,"actual Cu and ZrO2 wt%; rest CNTs (carbon, no price)",carbon
10.1039/c5ra04774a | 30 bar | H2/CO2 3 | 3.6 NL/g/h,10.1039/c5ra04774a,"Fig. 1, 300 °C, CZ/CNTs-1",CZ/CNTs-1,"Cu/ZrO2/CNTs initial mass ratio 10/40/50; actual Cu 12.8 wt%, ZrO2 35.8 wt%",Cu,12.8,CNTs-1,,Cu=0.1280;ZrO2=0.3580;C=0.5140,Zr=26.504;Cu=12.800,6.73336,0,18.1889,95.3289,"actual Cu and ZrO2 wt%; rest CNTs (carbon, no price)",carbon
10.1039/c5ra04774a | 30 bar | H2/CO2 3 | 3.6 NL/g/h,10.1039/c5ra04774a,"Fig. 1, 200 °C, CZ/CNTs-2",CZ/CNTs-2,"Cu/ZrO2/CNTs initial mass ratio 10/40/50; actual Cu 12.3 wt%, ZrO2 35.1 wt%",Cu,12.3,CNTs-2,,Cu=0.1230;ZrO2=0.3510;C=0.5260,Zr=25.985;Cu=12.300,6.57101,0,18.0266,95.1666,"actual Cu and ZrO2 wt%; rest CNTs (carbon, no price)",carbon
10.1039/c5ra04774a | 30 bar | H2/CO2 3 | 3.6 NL/g/h,10.1039/c5ra04774a,"Table 1 row 2 / Fig. 1, 220 °C",CZ/CNTs-2,"Cu/ZrO2/CNTs initial mass ratio 10/40/50; actual Cu 12.3 wt%, ZrO2 35.1 wt%",Cu,12.3,CNTs-2,,Cu=0.1230;ZrO2=0.3510;C=0.5260,Zr=25.985;Cu=12.300,6.57101,0,18.0266,95.1666,"actual Cu and ZrO2 wt%; rest CNTs (carbon, no price)",carbon
10.1039/c5ra04774a | 30 bar | H2/CO2 3 | 3.6 NL/g/h,10.1039/c5ra04774a,"Table 1 row 5 / Fig. 1, 240 °C",CZ/CNTs-2,"Cu/ZrO2/CNTs initial mass ratio 10/40/50; actual Cu 12.3 wt%, ZrO2 35.1 wt%",Cu,12.3,CNTs-2,,Cu=0.1230;ZrO2=0.3510;C=0.5260,Zr=25.985;Cu=12.300,6.57101,0,18.0266,95.1666,"actual Cu and ZrO2 wt%; rest CNTs (carbon, no price)",carbon
10.1039/c5ra04774a | 30 bar | H2/CO2 3 | 3.6 NL/g/h,10.1039/c5ra04774a,"Table 1 row 8 / Fig. 1, 260 °C",CZ/CNTs-2,"Cu/ZrO2/CNTs initial mass ratio 10/40/50; actual Cu 12.3 wt%, ZrO2 35.1 wt%",Cu,12.3,CNTs-2,,Cu=0.1230;ZrO2=0.3510;C=0.5260,Zr=25.985;Cu=12.300,6.57101,0,18.0266,95.1666,"actual Cu and ZrO2 wt%; rest CNTs (carbon, no price)",carbon
10.1039/c5ra04774a | 30 bar | H2/CO2 3 | 3.6 NL/g/h,10.1039/c5ra04774a,"Fig. 1, 280 °C, CZ/CNTs-2",CZ/CNTs-2,"Cu/ZrO2/CNTs initial mass ratio 10/40/50; actual Cu 12.3 wt%, ZrO2 35.1 wt%",Cu,12.3,CNTs-2,,Cu=0.1230;ZrO2=0.3510;C=0.5260,Zr=25.985;Cu=12.300,6.57101,0,18.0266,95.1666,"actual Cu and ZrO2 wt%; rest CNTs (carbon, no price)",carbon
10.1039/c5ra04774a | 30 bar | H2/CO2 3 | 3.6 NL/g/h,10.1039/c5ra04774a,"Fig. 1, 300 °C, CZ/CNTs-2",CZ/CNTs-2,"Cu/ZrO2/CNTs initial mass ratio 10/40/50; actual Cu 12.3 wt%, ZrO2 35.1 wt%",Cu,12.3,CNTs-2,,Cu=0.1230;ZrO2=0.3510;C=0.5260,Zr=25.985;Cu=12.300,6.57101,0,18.0266,95.1666,"actual Cu and ZrO2 wt%; rest CNTs (carbon, no price)",carbon
10.1039/c5ra04774a | 30 bar | H2/CO2 3 | 3.6 NL/g/h,10.1039/c5ra04774a,"Fig. 1, 200 °C, CZ/CNTs-3",CZ/CNTs-3,"Cu/ZrO2/CNTs initial mass ratio 10/40/50; actual Cu 10.3 wt%, ZrO2 32.7 wt%",Cu,10.3,CNTs-3,,Cu=0.1030;ZrO2=0.3270;C=0.5700,Zr=24.209;Cu=10.300,5.97926,0,17.4348,94.5748,"actual Cu and ZrO2 wt%; rest CNTs (carbon, no price)",carbon
10.1039/c5ra04774a | 30 bar | H2/CO2 3 | 3.6 NL/g/h,10.1039/c5ra04774a,"Table 1 row 3 / Fig. 1, 220 °C",CZ/CNTs-3,"Cu/ZrO2/CNTs initial mass ratio 10/40/50; actual Cu 10.3 wt%, ZrO2 32.7 wt%",Cu,10.3,CNTs-3,,Cu=0.1030;ZrO2=0.3270;C=0.5700,Zr=24.209;Cu=10.300,5.97926,0,17.4348,94.5748,"actual Cu and ZrO2 wt%; rest CNTs (carbon, no price)",carbon
10.1039/c5ra04774a | 30 bar | H2/CO2 3 | 3.6 NL/g/h,10.1039/c5ra04774a,"Table 1 row 6 / Fig. 1, 240 °C",CZ/CNTs-3,"Cu/ZrO2/CNTs initial mass ratio 10/40/50; actual Cu 10.3 wt%, ZrO2 32.7 wt%",Cu,10.3,CNTs-3,,Cu=0.1030;ZrO2=0.3270;C=0.5700,Zr=24.209;Cu=10.300,5.97926,0,17.4348,94.5748,"actual Cu and ZrO2 wt%; rest CNTs (carbon, no price)",carbon
10.1039/c5ra04774a | 30 bar | H2/CO2 3 | 3.6 NL/g/h,10.1039/c5ra04774a,"Table 1 row 9 / Fig. 1, 260 °C",CZ/CNTs-3,"Cu/ZrO2/CNTs initial mass ratio 10/40/50; actual Cu 10.3 wt%, ZrO2 32.7 wt%",Cu,10.3,CNTs-3,,Cu=0.1030;ZrO2=0.3270;C=0.5700,Zr=24.209;Cu=10.300,5.97926,0,17.4348,94.5748,"actual Cu and ZrO2 wt%; rest CNTs (carbon, no price)",carbon
10.1039/c5ra04774a | 30 bar | H2/CO2 3 | 3.6 NL/g/h,10.1039/c5ra04774a,"Fig. 1, 280 °C, CZ/CNTs-3",CZ/CNTs-3,"Cu/ZrO2/CNTs initial mass ratio 10/40/50; actual Cu 10.3 wt%, ZrO2 32.7 wt%",Cu,10.3,CNTs-3,,Cu=0.1030;ZrO2=0.3270;C=0.5700,Zr=24.209;Cu=10.300,5.97926,0,17.4348,94.5748,"actual Cu and ZrO2 wt%; rest CNTs (carbon, no price)",carbon
10.1039/c5ra04774a | 30 bar | H2/CO2 3 | 3.6 NL/g/h,10.1039/c5ra04774a,"Fig. 1, 300 °C, CZ/CNTs-3",CZ/CNTs-3,"Cu/ZrO2/CNTs initial mass ratio 10/40/50; actual Cu 10.3 wt%, ZrO2 32.7 wt%",Cu,10.3,CNTs-3,,Cu=0.1030;ZrO2=0.3270;C=0.5700,Zr=24.209;Cu=10.300,5.97926,0,17.4348,94.5748,"actual Cu and ZrO2 wt%; rest CNTs (carbon, no price)",carbon
10.1039/c5ra04774a | 30 bar | H2/CO2 3 | 3.6 NL/g/h,10.1039/c5ra04774a,"SI Figure S-1, 200 °C",10wt% Cu/ZrO2 catalyst without CNTs,10wt% Cu/ZrO2,Cu,10,ZrO2,,,Cu=47.932;Zn=24.102;Al=5.293,6.64442,0,18.1,95.24,parse error: 'NoneType' object has no attribute 'group',unparsed
10.1039/c5ra04774a | 30 bar | H2/CO2 3 | 3.6 NL/g/h,10.1039/c5ra04774a,"SI Figure S-1, 220 °C",10wt% Cu/ZrO2 catalyst without CNTs,10wt% Cu/ZrO2,Cu,10,ZrO2,,,Cu=47.932;Zn=24.102;Al=5.293,6.64442,0,18.1,95.24,parse error: 'NoneType' object has no attribute 'group',unparsed
10.1039/c5ra04774a | 30 bar | H2/CO2 3 | 3.6 NL/g/h,10.1039/c5ra04774a,"SI Figure S-1, 240 °C",10wt% Cu/ZrO2 catalyst without CNTs,10wt% Cu/ZrO2,Cu,10,ZrO2,,,Cu=47.932;Zn=24.102;Al=5.293,6.64442,0,18.1,95.24,parse error: 'NoneType' object has no attribute 'group',unparsed
10.1039/c5ra04774a | 30 bar | H2/CO2 3 | 3.6 NL/g/h,10.1039/c5ra04774a,"SI Figure S-1, 260 °C",10wt% Cu/ZrO2 catalyst without CNTs,10wt% Cu/ZrO2,Cu,10,ZrO2,,,Cu=47.932;Zn=24.102;Al=5.293,6.64442,0,18.1,95.24,parse error: 'NoneType' object has no attribute 'group',unparsed
10.1039/c5ra04774a | 30 bar | H2/CO2 3 | 3.6 NL/g/h,10.1039/c5ra04774a,"SI Figure S-1, 280 °C",10wt% Cu/ZrO2 catalyst without CNTs,10wt% Cu/ZrO2,Cu,10,ZrO2,,,Cu=47.932;Zn=24.102;Al=5.293,6.64442,0,18.1,95.24,parse error: 'NoneType' object has no attribute 'group',unparsed
10.1039/c5ra04774a | 30 bar | H2/CO2 3 | 3.6 NL/g/h,10.1039/c5ra04774a,"SI Figure S-1, 300 °C",10wt% Cu/ZrO2 catalyst without CNTs,10wt% Cu/ZrO2,Cu,10,ZrO2,,,Cu=47.932;Zn=24.102;Al=5.293,6.64442,0,18.1,95.24,parse error: 'NoneType' object has no attribute 'group',unparsed
10.1039/c6ra28305e | 30 bar | H2/CO2 3 | 3600 h-1,10.1039/c6ra28305e,"Table 2, CZ-350",CZ-350,(CuO)0.5 (ZrO2)0.5; Average Cu = 31.4 wt%,Cu,31.4,ZrO2,,Cu=0.3140;ZrO2=0.6860,Zr=50.786;Cu=31.400,13.7472,0,25.2028,102.343,Cu wt% (metal_wt_pct); rest ZrO2,
10.1039/c6ra28305e | 30 bar | H2/CO2 3 | 3600 h-1,10.1039/c6ra28305e,"Table 2, CZ-450",CZ-450,(CuO)0.5 (ZrO2)0.5; Average Cu = 31.7 wt%,Cu,31.7,ZrO2,,Cu=0.3170;ZrO2=0.6830,Zr=50.564;Cu=31.700,13.7409,0,25.1964,102.336,Cu wt% (metal_wt_pct); rest ZrO2,
10.1039/c6ra28305e | 30 bar | H2/CO2 3 | 3600 h-1,10.1039/c6ra28305e,"Table 2, CZ-550",CZ-550,(CuO)0.5 (ZrO2)0.5; Average Cu = 31.6 wt%,Cu,31.6,ZrO2,,Cu=0.3160;ZrO2=0.6840,Zr=50.638;Cu=31.600,13.743,0,25.1986,102.339,Cu wt% (metal_wt_pct); rest ZrO2,
10.1039/c6ra28305e | 30 bar | H2/CO2 3 | 3600 h-1,10.1039/c6ra28305e,"Table 2, CZ-650",CZ-650,(CuO)0.5 (ZrO2)0.5; Average Cu = 31.9 wt%,Cu,31.9,ZrO2,,Cu=0.3190;ZrO2=0.6810,Zr=50.416;Cu=31.900,13.7366,0,25.1922,102.332,Cu wt% (metal_wt_pct); rest ZrO2,
10.1039/d0gc01597k | 50 bar | H2/CO2 4 | 21 NL/g/h,10.1039/d0gc01597k,"Fig. 1a,b, Pt/In2O3, 200 °C",Pt/In2O3,Pt loading 1.07 wt% according to XRF,Pt,1.07,In2O3,,Pt=0.0107;In2O3=0.9893,In=81.827;Pt=1.070,755.678,487.745,767.133,844.273,loading from composition text (measured),
10.1039/d0gc01597k | 50 bar | H2/CO2 4 | 21 NL/g/h,10.1039/d0gc01597k,"Fig. 1a,b, Pt/In2O3, 225 °C",Pt/In2O3,Pt loading 1.07 wt% according to XRF,Pt,1.07,In2O3,,Pt=0.0107;In2O3=0.9893,In=81.827;Pt=1.070,755.678,487.745,767.133,844.273,loading from composition text (measured),
10.1039/d0gc01597k | 50 bar | H2/CO2 4 | 21 NL/g/h,10.1039/d0gc01597k,"Fig. 1a,b, Pt/In2O3, 250 °C",Pt/In2O3,Pt loading 1.07 wt% according to XRF,Pt,1.07,In2O3,,Pt=0.0107;In2O3=0.9893,In=81.827;Pt=1.070,755.678,487.745,767.133,844.273,loading from composition text (measured),
10.1039/d0gc01597k | 50 bar | H2/CO2 4 | 21 NL/g/h,10.1039/d0gc01597k,"Fig. 1a,b/text, Pt/In2O3, 275 °C",Pt/In2O3,Pt loading 1.07 wt% according to XRF,Pt,1.07,In2O3,,Pt=0.0107;In2O3=0.9893,In=81.827;Pt=1.070,755.678,487.745,767.133,844.273,loading from composition text (measured),
10.1039/d0gc01597k | 50 bar | H2/CO2 4 | 21 NL/g/h,10.1039/d0gc01597k,"Fig. 1a,b/text, Pt/In2O3, 300 °C",Pt/In2O3,Pt loading 1.07 wt% according to XRF,Pt,1.07,In2O3,,Pt=0.0107;In2O3=0.9893,In=81.827;Pt=1.070,755.678,487.745,767.133,844.273,loading from composition text (measured),
10.1039/d0gc01597k | 50 bar | H2/CO2 4 | 21 NL/g/h,10.1039/d0gc01597k,"Fig. 1a,b, In2O3, 200 °C",In2O3,In2O3,,,,,In2O3=1.0000,In=82.712,270.831,0,282.287,359.427,bulk oxide,
10.1039/d0gc01597k | 50 bar | H2/CO2 4 | 21 NL/g/h,10.1039/d0gc01597k,"Fig. 1a,b, In2O3, 225 °C",In2O3,In2O3,,,,,In2O3=1.0000,In=82.712,270.831,0,282.287,359.427,bulk oxide,
10.1039/d0gc01597k | 50 bar | H2/CO2 4 | 21 NL/g/h,10.1039/d0gc01597k,"Fig. 1a,b, In2O3, 250 °C",In2O3,In2O3,,,,,In2O3=1.0000,In=82.712,270.831,0,282.287,359.427,bulk oxide,
10.1039/d0gc01597k | 50 bar | H2/CO2 4 | 21 NL/g/h,10.1039/d0gc01597k,"Fig. 1a,b, In2O3, 275 °C",In2O3,In2O3,,,,,In2O3=1.0000,In=82.712,270.831,0,282.287,359.427,bulk oxide,
10.1039/d0gc01597k | 50 bar | H2/CO2 4 | 21 NL/g/h,10.1039/d0gc01597k,"Fig. 1a,b/text, In2O3, 300 °C",In2O3,In2O3,,,,,In2O3=1.0000,In=82.712,270.831,0,282.287,359.427,bulk oxide,
10.1126/sciadv.1701290 | 10 bar | H2/CO2 3 | 24 NL/g/h,10.1126/sciadv.1701290,"SI Figure S2, p=1 MPa",13% ZnO-ZrO2,,,,,,ZnO=0.0898;ZrO2=0.9102,Zr=67.383;Zn=7.216,13.3287,0,24.7843,101.924,Zn/(Zn+Zr) molar as ZnO + ZrO2,
10.1126/sciadv.1701290 | 20 bar | H2/CO2 2 | 24 NL/g/h,10.1126/sciadv.1701290,"SI Figure S2, H2/CO2=2/1",13% ZnO-ZrO2,,,,,,ZnO=0.0898;ZrO2=0.9102,Zr=67.383;Zn=7.216,13.3287,0,24.7843,101.924,Zn/(Zn+Zr) molar as ZnO + ZrO2,
10.1126/sciadv.1701290 | 20 bar | H2/CO2 3 | 15 NL/g/h,10.1126/sciadv.1701290,"SI Figure S2, GHSV=15000",13% ZnO-ZrO2,,,,,,ZnO=0.0898;ZrO2=0.9102,Zr=67.383;Zn=7.216,13.3287,0,24.7843,101.924,Zn/(Zn+Zr) molar as ZnO + ZrO2,
10.1126/sciadv.1701290 | 20 bar | H2/CO2 3 | 24 NL/g/h,10.1126/sciadv.1701290,SI Table S2 row 1,13% ZnO-ZrO2,13%ZnO-ZrO2,,,,,ZnO=0.0898;ZrO2=0.9102,Zr=67.383;Zn=7.216,13.3287,0,24.7843,101.924,Zn/(Zn+Zr) molar as ZnO + ZrO2,
10.1126/sciadv.1701290 | 20 bar | H2/CO2 3 | 24 NL/g/h,10.1126/sciadv.1701290,"SI Figure S2, p=2 MPa",13% ZnO-ZrO2,,,,,,ZnO=0.0898;ZrO2=0.9102,Zr=67.383;Zn=7.216,13.3287,0,24.7843,101.924,Zn/(Zn+Zr) molar as ZnO + ZrO2,
10.1126/sciadv.1701290 | 20 bar | H2/CO2 3 | 24 NL/g/h,10.1126/sciadv.1701290,"SI Figure S17A, 220 °C",13% ZnO-ZrO2,,,,,,ZnO=0.0898;ZrO2=0.9102,Zr=67.383;Zn=7.216,13.3287,0,24.7843,101.924,Zn/(Zn+Zr) molar as ZnO + ZrO2,
10.1126/sciadv.1701290 | 20 bar | H2/CO2 3 | 24 NL/g/h,10.1126/sciadv.1701290,"SI Figure S17A, 240 °C",13% ZnO-ZrO2,,,,,,ZnO=0.0898;ZrO2=0.9102,Zr=67.383;Zn=7.216,13.3287,0,24.7843,101.924,Zn/(Zn+Zr) molar as ZnO + ZrO2,
10.1126/sciadv.1701290 | 20 bar | H2/CO2 3 | 24 NL/g/h,10.1126/sciadv.1701290,"SI Figure S17A, 260 °C",13% ZnO-ZrO2,,,,,,ZnO=0.0898;ZrO2=0.9102,Zr=67.383;Zn=7.216,13.3287,0,24.7843,101.924,Zn/(Zn+Zr) molar as ZnO + ZrO2,
10.1126/sciadv.1701290 | 20 bar | H2/CO2 3 | 24 NL/g/h,10.1126/sciadv.1701290,"SI Figure S17A, 280 °C",13% ZnO-ZrO2,,,,,,ZnO=0.0898;ZrO2=0.9102,Zr=67.383;Zn=7.216,13.3287,0,24.7843,101.924,Zn/(Zn+Zr) molar as ZnO + ZrO2,
10.1126/sciadv.1701290 | 20 bar | H2/CO2 3 | 24 NL/g/h,10.1126/sciadv.1701290,"SI Figure S17A, 320 °C",13% ZnO-ZrO2,,,,,,ZnO=0.0898;ZrO2=0.9102,Zr=67.383;Zn=7.216,13.3287,0,24.7843,101.924,Zn/(Zn+Zr) molar as ZnO + ZrO2,
10.1126/sciadv.1701290 | 20 bar | H2/CO2 3 | 24 NL/g/h,10.1126/sciadv.1701290,"SI Figure S17A, 340 °C",13% ZnO-ZrO2,,,,,,ZnO=0.0898;ZrO2=0.9102,Zr=67.383;Zn=7.216,13.3287,0,24.7843,101.924,Zn/(Zn+Zr) molar as ZnO + ZrO2,
10.1126/sciadv.1701290 | 20 bar | H2/CO2 3 | 24 NL/g/h,10.1126/sciadv.1701290,"SI Figure S17A, 360 °C",13% ZnO-ZrO2,,,,,,ZnO=0.0898;ZrO2=0.9102,Zr=67.383;Zn=7.216,13.3287,0,24.7843,101.924,Zn/(Zn+Zr) molar as ZnO + ZrO2,
10.1126/sciadv.1701290 | 20 bar | H2/CO2 3 | 24 NL/g/h,10.1126/sciadv.1701290,"SI Figure S17A, 380 °C",13% ZnO-ZrO2,,,,,,ZnO=0.0898;ZrO2=0.9102,Zr=67.383;Zn=7.216,13.3287,0,24.7843,101.924,Zn/(Zn+Zr) molar as ZnO + ZrO2,
10.1126/sciadv.1701290 | 20 bar | H2/CO2 3 | 33 NL/g/h,10.1126/sciadv.1701290,"SI Figure S2, GHSV=33000",13% ZnO-ZrO2,,,,,,ZnO=0.0898;ZrO2=0.9102,Zr=67.383;Zn=7.216,13.3287,0,24.7843,101.924,Zn/(Zn+Zr) molar as ZnO + ZrO2,
10.1126/sciadv.1701290 | 20 bar | H2/CO2 3 | 6 NL/g/h,10.1126/sciadv.1701290,"SI Figure S2, GHSV=6000",13% ZnO-ZrO2,,,,,,ZnO=0.0898;ZrO2=0.9102,Zr=67.383;Zn=7.216,13.3287,0,24.7843,101.924,Zn/(Zn+Zr) molar as ZnO + ZrO2,
10.1126/sciadv.1701290 | 20 bar | H2/CO2 4 | 24 NL/g/h,10.1126/sciadv.1701290,"SI Figure S2, H2/CO2=4/1",13% ZnO-ZrO2,,,,,,ZnO=0.0898;ZrO2=0.9102,Zr=67.383;Zn=7.216,13.3287,0,24.7843,101.924,Zn/(Zn+Zr) molar as ZnO + ZrO2,
10.1126/sciadv.1701290 | 30 bar | H2/CO2 3 | 24 NL/g/h,10.1126/sciadv.1701290,"SI Figure S2, p=3 MPa",13% ZnO-ZrO2,,,,,,ZnO=0.0898;ZrO2=0.9102,Zr=67.383;Zn=7.216,13.3287,0,24.7843,101.924,Zn/(Zn+Zr) molar as ZnO + ZrO2,
10.1126/sciadv.1701290 | 40 bar | H2/CO2 3 | 24 NL/g/h,10.1126/sciadv.1701290,"SI Figure S2, p=4 MPa",13% ZnO-ZrO2,,,,,,ZnO=0.0898;ZrO2=0.9102,Zr=67.383;Zn=7.216,13.3287,0,24.7843,101.924,Zn/(Zn+Zr) molar as ZnO + ZrO2,
10.1126/sciadv.1701290 | 50 bar | H2/CO2 3 | 24 NL/g/h,10.1126/sciadv.1701290,"Text/Fig. 1B, 13% ZnO-ZrO2, 320°C, H2/CO2 = 3:1",13% ZnO-ZrO2,"Zn/(Zn + Zr) = 13% (molar percentage of Zn, metal base)",,,,,ZnO=0.0898;ZrO2=0.9102,Zr=67.383;Zn=7.216,13.3287,0,24.7843,101.924,Zn/(Zn+Zr) molar as ZnO + ZrO2,
10.1126/sciadv.1701290 | 50 bar | H2/CO2 3 | 24 NL/g/h,10.1126/sciadv.1701290,"Figure 1A, Zn/(Zn+Zr)=0%",ZrO2,Zn/(Zn + Zr) = 0%,,,,,ZrO2=1.0000,Zr=74.032,14.4136,0,25.8692,103.009,bulk,
10.1126/sciadv.1701290 | 50 bar | H2/CO2 3 | 24 NL/g/h,10.1126/sciadv.1701290,"Figure 1A, Zn/(Zn+Zr)=5%",5% ZnO-ZrO2,Zn/(Zn + Zr) = 5%,,,,,ZnO=0.0336;ZrO2=0.9664,Zr=71.545;Zn=2.699,14.0078,0,25.4634,102.603,Zn/(Zn+Zr) molar as ZnO + ZrO2,
10.1126/sciadv.1701290 | 50 bar | H2/CO2 3 | 24 NL/g/h,10.1126/sciadv.1701290,"Figure 1A, Zn/(Zn+Zr)=10%",10% ZnO-ZrO2,Zn/(Zn + Zr) = 10%,,,,,ZnO=0.0684;ZrO2=0.9316,Zr=68.971;Zn=5.492,13.5879,0,25.0434,102.183,Zn/(Zn+Zr) molar as ZnO + ZrO2,
10.1126/sciadv.1701290 | 50 bar | H2/CO2 3 | 24 NL/g/h,10.1126/sciadv.1701290,"Figure 1A, Zn/(Zn+Zr)=17%",17% ZnO-ZrO2,Zn/(Zn + Zr) = 17%,,,,,ZnO=0.1192;ZrO2=0.8808,Zr=65.211;Zn=9.573,12.9745,0,24.43,101.57,Zn/(Zn+Zr) molar as ZnO + ZrO2,
10.1126/sciadv.1701290 | 50 bar | H2/CO2 3 | 24 NL/g/h,10.1126/sciadv.1701290,"Figure 1A, Zn/(Zn+Zr)=20%",20% ZnO-ZrO2,Zn/(Zn + Zr) = 20%,,,,,ZnO=0.1417;ZrO2=0.8583,Zr=63.541;Zn=11.385,12.702,0,24.1576,101.298,Zn/(Zn+Zr) molar as ZnO + ZrO2,
10.1126/sciadv.1701290 | 50 bar | H2/CO2 3 | 24 NL/g/h,10.1126/sciadv.1701290,"Figure 1A, Zn/(Zn+Zr)=25%",25% ZnO-ZrO2,Zn/(Zn + Zr) = 25%,,,,,ZnO=0.1804;ZrO2=0.8196,Zr=60.675;Zn=14.495,12.2344,0,23.69,100.83,Zn/(Zn+Zr) molar as ZnO + ZrO2,
10.1126/sciadv.1701290 | 50 bar | H2/CO2 3 | 24 NL/g/h,10.1126/sciadv.1701290,"Figure 1A, Zn/(Zn+Zr)=33%",33% ZnO-ZrO2,Zn/(Zn + Zr) = 33%,,,,,ZnO=0.2454;ZrO2=0.7546,Zr=55.861;Zn=19.719,11.4491,0,22.9047,100.045,Zn/(Zn+Zr) molar as ZnO + ZrO2,
10.1126/sciadv.1701290 | 50 bar | H2/CO2 3 | 24 NL/g/h,10.1126/sciadv.1701290,"Figure 1A, Zn/(Zn+Zr)=50%",50% ZnO-ZrO2,Zn/(Zn + Zr) = 50%,,,,,ZnO=0.3977;ZrO2=0.6023,Zr=44.586;Zn=31.955,9.60959,0,21.0652,98.2052,Zn/(Zn+Zr) molar as ZnO + ZrO2,
10.1126/sciadv.1701290 | 50 bar | H2/CO2 3 | 24 NL/g/h,10.1126/sciadv.1701290,"Figure 1A, Zn/(Zn+Zr)=67%",67% ZnO-ZrO2,Zn/(Zn + Zr) = 67%,,,,,ZnO=0.5728;ZrO2=0.4272,Zn=46.019;Zr=31.626,7.49517,0,18.9508,96.0908,Zn/(Zn+Zr) molar as ZnO + ZrO2,
10.1126/sciadv.1701290 | 50 bar | H2/CO2 3 | 24 NL/g/h,10.1126/sciadv.1701290,"Figure 1A, Zn/(Zn+Zr)=80%",80% ZnO-ZrO2,Zn/(Zn + Zr) = 80%,,,,,ZnO=0.7254;ZrO2=0.2746,Zn=58.279;Zr=20.329,5.65211,0,17.1077,94.2477,Zn/(Zn+Zr) molar as ZnO + ZrO2,
10.1126/sciadv.1701290 | 50 bar | H2/CO2 3 | 24 NL/g/h,10.1126/sciadv.1701290,"Figure 1A, Zn/(Zn+Zr)=100%",ZnO,Zn/(Zn + Zr) = 100%,,,,,ZnO=1.0000,Zn=80.340,2.33552,0,13.7911,90.9311,bulk,
10.1126/sciadv.1701290 | 50 bar | H2/CO2 3 | 24 NL/g/h,10.1126/sciadv.1701290,"Figure 1B, H2/CO2=3:1, 200°C",13% ZnO-ZrO2,Zn/(Zn + Zr) = 13%,,,,,ZnO=0.0898;ZrO2=0.9102,Zr=67.383;Zn=7.216,13.3287,0,24.7843,101.924,Zn/(Zn+Zr) molar as ZnO + ZrO2,
10.1126/sciadv.1701290 | 50 bar | H2/CO2 3 | 24 NL/g/h,10.1126/sciadv.1701290,"Figure 1B, H2/CO2=3:1, 220°C",13% ZnO-ZrO2,Zn/(Zn + Zr) = 13%,,,,,ZnO=0.0898;ZrO2=0.9102,Zr=67.383;Zn=7.216,13.3287,0,24.7843,101.924,Zn/(Zn+Zr) molar as ZnO + ZrO2,
10.1126/sciadv.1701290 | 50 bar | H2/CO2 3 | 24 NL/g/h,10.1126/sciadv.1701290,"Figure 1B, H2/CO2=3:1, 240°C",13% ZnO-ZrO2,Zn/(Zn + Zr) = 13%,,,,,ZnO=0.0898;ZrO2=0.9102,Zr=67.383;Zn=7.216,13.3287,0,24.7843,101.924,Zn/(Zn+Zr) molar as ZnO + ZrO2,
10.1126/sciadv.1701290 | 50 bar | H2/CO2 3 | 24 NL/g/h,10.1126/sciadv.1701290,"Figure 1B, H2/CO2=3:1, 260°C",13% ZnO-ZrO2,Zn/(Zn + Zr) = 13%,,,,,ZnO=0.0898;ZrO2=0.9102,Zr=67.383;Zn=7.216,13.3287,0,24.7843,101.924,Zn/(Zn+Zr) molar as ZnO + ZrO2,
10.1126/sciadv.1701290 | 50 bar | H2/CO2 3 | 24 NL/g/h,10.1126/sciadv.1701290,"Figure 1B, H2/CO2=3:1, 280°C",13% ZnO-ZrO2,Zn/(Zn + Zr) = 13%,,,,,ZnO=0.0898;ZrO2=0.9102,Zr=67.383;Zn=7.216,13.3287,0,24.7843,101.924,Zn/(Zn+Zr) molar as ZnO + ZrO2,
10.1126/sciadv.1701290 | 50 bar | H2/CO2 3 | 24 NL/g/h,10.1126/sciadv.1701290,"Figure 1B, H2/CO2=3:1, 300°C",13% ZnO-ZrO2,Zn/(Zn + Zr) = 13%,,,,,ZnO=0.0898;ZrO2=0.9102,Zr=67.383;Zn=7.216,13.3287,0,24.7843,101.924,Zn/(Zn+Zr) molar as ZnO + ZrO2,
10.1126/sciadv.1701290 | 50 bar | H2/CO2 3 | 24 NL/g/h,10.1126/sciadv.1701290,"Figure 1B, H2/CO2=3:1, 340°C",13% ZnO-ZrO2,Zn/(Zn + Zr) = 13%,,,,,ZnO=0.0898;ZrO2=0.9102,Zr=67.383;Zn=7.216,13.3287,0,24.7843,101.924,Zn/(Zn+Zr) molar as ZnO + ZrO2,
10.1126/sciadv.1701290 | 50 bar | H2/CO2 3 | 24 NL/g/h,10.1126/sciadv.1701290,"Figure 1B, H2/CO2=3:1, 360°C",13% ZnO-ZrO2,Zn/(Zn + Zr) = 13%,,,,,ZnO=0.0898;ZrO2=0.9102,Zr=67.383;Zn=7.216,13.3287,0,24.7843,101.924,Zn/(Zn+Zr) molar as ZnO + ZrO2,
10.1126/sciadv.1701290 | 50 bar | H2/CO2 3 | 24 NL/g/h,10.1126/sciadv.1701290,"Figure 1B, H2/CO2=3:1, 380°C",13% ZnO-ZrO2,Zn/(Zn + Zr) = 13%,,,,,ZnO=0.0898;ZrO2=0.9102,Zr=67.383;Zn=7.216,13.3287,0,24.7843,101.924,Zn/(Zn+Zr) molar as ZnO + ZrO2,
10.1126/sciadv.1701290 | 50 bar | H2/CO2 3 | 24 NL/g/h,10.1126/sciadv.1701290,"Figure 1C, stability first point",13% ZnO-ZrO2,Zn/(Zn + Zr) = 13%,,,,,ZnO=0.0898;ZrO2=0.9102,Zr=67.383;Zn=7.216,13.3287,0,24.7843,101.924,Zn/(Zn+Zr) molar as ZnO + ZrO2,
10.1126/sciadv.1701290 | 50 bar | H2/CO2 3 | 24 NL/g/h,10.1126/sciadv.1701290,"Figure 1C, stability last point",13% ZnO-ZrO2,Zn/(Zn + Zr) = 13%,,,,,ZnO=0.0898;ZrO2=0.9102,Zr=67.383;Zn=7.216,13.3287,0,24.7843,101.924,Zn/(Zn+Zr) molar as ZnO + ZrO2,
10.1126/sciadv.1701290 | 50 bar | H2/CO2 3 | 24 NL/g/h,10.1126/sciadv.1701290,"SI Figure S2, p=5 MPa",13% ZnO-ZrO2,,,,,,ZnO=0.0898;ZrO2=0.9102,Zr=67.383;Zn=7.216,13.3287,0,24.7843,101.924,Zn/(Zn+Zr) molar as ZnO + ZrO2,
10.1126/sciadv.1701290 | 50 bar | H2/CO2 4 | 24 NL/g/h,10.1126/sciadv.1701290,"Text/Fig. 1B, 13% ZnO-ZrO2, 315°C, H2/CO2 = 4:1",13% ZnO-ZrO2,"Zn/(Zn + Zr) = 13% (molar percentage of Zn, metal base)",,,,,ZnO=0.0898;ZrO2=0.9102,Zr=67.383;Zn=7.216,13.3287,0,24.7843,101.924,Zn/(Zn+Zr) molar as ZnO + ZrO2,
10.1126/sciadv.1701290 | 50 bar | H2/CO2 4 | 24 NL/g/h,10.1126/sciadv.1701290,"Figure 1B, H2/CO2=4:1, 200°C",13% ZnO-ZrO2,Zn/(Zn + Zr) = 13%,,,,,ZnO=0.0898;ZrO2=0.9102,Zr=67.383;Zn=7.216,13.3287,0,24.7843,101.924,Zn/(Zn+Zr) molar as ZnO + ZrO2,
10.1126/sciadv.1701290 | 50 bar | H2/CO2 4 | 24 NL/g/h,10.1126/sciadv.1701290,"Figure 1B, H2/CO2=4:1, 220°C",13% ZnO-ZrO2,Zn/(Zn + Zr) = 13%,,,,,ZnO=0.0898;ZrO2=0.9102,Zr=67.383;Zn=7.216,13.3287,0,24.7843,101.924,Zn/(Zn+Zr) molar as ZnO + ZrO2,
10.1126/sciadv.1701290 | 50 bar | H2/CO2 4 | 24 NL/g/h,10.1126/sciadv.1701290,"Figure 1B, H2/CO2=4:1, 240°C",13% ZnO-ZrO2,Zn/(Zn + Zr) = 13%,,,,,ZnO=0.0898;ZrO2=0.9102,Zr=67.383;Zn=7.216,13.3287,0,24.7843,101.924,Zn/(Zn+Zr) molar as ZnO + ZrO2,
10.1126/sciadv.1701290 | 50 bar | H2/CO2 4 | 24 NL/g/h,10.1126/sciadv.1701290,"Figure 1B, H2/CO2=4:1, 260°C",13% ZnO-ZrO2,Zn/(Zn + Zr) = 13%,,,,,ZnO=0.0898;ZrO2=0.9102,Zr=67.383;Zn=7.216,13.3287,0,24.7843,101.924,Zn/(Zn+Zr) molar as ZnO + ZrO2,
10.1126/sciadv.1701290 | 50 bar | H2/CO2 4 | 24 NL/g/h,10.1126/sciadv.1701290,"Figure 1B, H2/CO2=4:1, 280°C",13% ZnO-ZrO2,Zn/(Zn + Zr) = 13%,,,,,ZnO=0.0898;ZrO2=0.9102,Zr=67.383;Zn=7.216,13.3287,0,24.7843,101.924,Zn/(Zn+Zr) molar as ZnO + ZrO2,
10.1126/sciadv.1701290 | 50 bar | H2/CO2 4 | 24 NL/g/h,10.1126/sciadv.1701290,"Figure 1B, H2/CO2=4:1, 300°C",13% ZnO-ZrO2,Zn/(Zn + Zr) = 13%,,,,,ZnO=0.0898;ZrO2=0.9102,Zr=67.383;Zn=7.216,13.3287,0,24.7843,101.924,Zn/(Zn+Zr) molar as ZnO + ZrO2,
10.1126/sciadv.1701290 | 50 bar | H2/CO2 4 | 24 NL/g/h,10.1126/sciadv.1701290,"Figure 1B, H2/CO2=4:1, 320°C",13% ZnO-ZrO2,Zn/(Zn + Zr) = 13%,,,,,ZnO=0.0898;ZrO2=0.9102,Zr=67.383;Zn=7.216,13.3287,0,24.7843,101.924,Zn/(Zn+Zr) molar as ZnO + ZrO2,
10.1126/sciadv.1701290 | 50 bar | H2/CO2 4 | 24 NL/g/h,10.1126/sciadv.1701290,"Figure 1B, H2/CO2=4:1, 340°C",13% ZnO-ZrO2,Zn/(Zn + Zr) = 13%,,,,,ZnO=0.0898;ZrO2=0.9102,Zr=67.383;Zn=7.216,13.3287,0,24.7843,101.924,Zn/(Zn+Zr) molar as ZnO + ZrO2,
10.1126/sciadv.1701290 | 50 bar | H2/CO2 4 | 24 NL/g/h,10.1126/sciadv.1701290,"Figure 1B, H2/CO2=4:1, 360°C",13% ZnO-ZrO2,Zn/(Zn + Zr) = 13%,,,,,ZnO=0.0898;ZrO2=0.9102,Zr=67.383;Zn=7.216,13.3287,0,24.7843,101.924,Zn/(Zn+Zr) molar as ZnO + ZrO2,
10.1126/sciadv.1701290 | 50 bar | H2/CO2 4 | 24 NL/g/h,10.1126/sciadv.1701290,"Figure 1B, H2/CO2=4:1, 380°C",13% ZnO-ZrO2,Zn/(Zn + Zr) = 13%,,,,,ZnO=0.0898;ZrO2=0.9102,Zr=67.383;Zn=7.216,13.3287,0,24.7843,101.924,Zn/(Zn+Zr) molar as ZnO + ZrO2,
10.1126/sciadv.aaz2060 | 50 bar | H2/CO2 1 | 9 NL/g/h,10.1126/sciadv.aaz2060,"Fig. 5D, h–In2O3-R, H2/CO2 = 1",h–In2O3-R,In2O3,,,,,In2O3=1.0000,In=82.712,270.831,0,282.287,359.427,bulk oxide,
10.1126/sciadv.aaz2060 | 50 bar | H2/CO2 2 | 9 NL/g/h,10.1126/sciadv.aaz2060,"Fig. 5D, h–In2O3-R, H2/CO2 = 2",h–In2O3-R,In2O3,,,,,In2O3=1.0000,In=82.712,270.831,0,282.287,359.427,bulk oxide,
10.1126/sciadv.aaz2060 | 50 bar | H2/CO2 3 | 20 NL/g/h,10.1126/sciadv.aaz2060,"SI Table S2 row h–In2O3-R, H2/CO2=3",h–In2O3-R,In2O3,,,,,In2O3=1.0000,In=82.712,270.831,0,282.287,359.427,bulk oxide,
10.1126/sciadv.aaz2060 | 50 bar | H2/CO2 3 | 9 NL/g/h,10.1126/sciadv.aaz2060,"Fig. 5A, c–In2O3-S, standard conditions, 44 h",c–In2O3-S,In2O3,,,,,In2O3=1.0000,In=82.712,270.831,0,282.287,359.427,bulk oxide,
10.1126/sciadv.aaz2060 | 50 bar | H2/CO2 3 | 9 NL/g/h,10.1126/sciadv.aaz2060,"Fig. 5D, h–In2O3-R, H2/CO2 = 3",h–In2O3-R,In2O3,,,,,In2O3=1.0000,In=82.712,270.831,0,282.287,359.427,bulk oxide,
10.1126/sciadv.aaz2060 | 50 bar | H2/CO2 3.04 | 11.2 NL/g/h,10.1126/sciadv.aaz2060,"SI Figure S5A h–In2O3-R, WHSV 11250",h–In2O3-R,In2O3,,,,,In2O3=1.0000,In=82.712,270.831,0,282.287,359.427,bulk oxide,
10.1126/sciadv.aaz2060 | 50 bar | H2/CO2 3.04 | 13.5 NL/g/h,10.1126/sciadv.aaz2060,"SI Figure S5A h–In2O3-R, WHSV 13500",h–In2O3-R,In2O3,,,,,In2O3=1.0000,In=82.712,270.831,0,282.287,359.427,bulk oxide,
10.1126/sciadv.aaz2060 | 50 bar | H2/CO2 3.04 | 4.5 NL/g/h,10.1126/sciadv.aaz2060,"SI Figure S5A h–In2O3-R, WHSV 4500",h–In2O3-R,In2O3,,,,,In2O3=1.0000,In=82.712,270.831,0,282.287,359.427,bulk oxide,
10.1126/sciadv.aaz2060 | 50 bar | H2/CO2 3.04 | 6.75 NL/g/h,10.1126/sciadv.aaz2060,"SI Figure S5A h–In2O3-R, WHSV 6750",h–In2O3-R,In2O3,,,,,In2O3=1.0000,In=82.712,270.831,0,282.287,359.427,bulk oxide,
10.1126/sciadv.aaz2060 | 50 bar | H2/CO2 3.04 | 9 NL/g/h,10.1126/sciadv.aaz2060,"Fig. 5A, c–In2O3-P, standard conditions, 44 h",c–In2O3-P,In2O3,,,,,In2O3=1.0000,In=82.712,270.831,0,282.287,359.427,bulk oxide,
10.1126/sciadv.aaz2060 | 50 bar | H2/CO2 3.04 | 9 NL/g/h,10.1126/sciadv.aaz2060,"Fig. 5A, h–In2O3-L, standard conditions, 44 h",h–In2O3-L,In2O3,,,,,In2O3=1.0000,In=82.712,270.831,0,282.287,359.427,bulk oxide,
10.1126/sciadv.aaz2060 | 50 bar | H2/CO2 3.04 | 9 NL/g/h,10.1126/sciadv.aaz2060,"Fig. 5A, h–In2O3-R, standard conditions, 44 h",h–In2O3-R,In2O3,,,,,In2O3=1.0000,In=82.712,270.831,0,282.287,359.427,bulk oxide,
10.1126/sciadv.aaz2060 | 50 bar | H2/CO2 3.04 | 9 NL/g/h,10.1126/sciadv.aaz2060,"Fig. 5B/C, c–In2O3-S, 240°C, standard feed",c–In2O3-S,In2O3,,,,,In2O3=1.0000,In=82.712,270.831,0,282.287,359.427,bulk oxide,
10.1126/sciadv.aaz2060 | 50 bar | H2/CO2 3.04 | 9 NL/g/h,10.1126/sciadv.aaz2060,"Fig. 5B/C, c–In2O3-S, 260°C, standard feed",c–In2O3-S,In2O3,,,,,In2O3=1.0000,In=82.712,270.831,0,282.287,359.427,bulk oxide,
10.1126/sciadv.aaz2060 | 50 bar | H2/CO2 3.04 | 9 NL/g/h,10.1126/sciadv.aaz2060,"Fig. 5B/C, c–In2O3-S, 280°C, standard feed",c–In2O3-S,In2O3,,,,,In2O3=1.0000,In=82.712,270.831,0,282.287,359.427,bulk oxide,
10.1126/sciadv.aaz2060 | 50 bar | H2/CO2 3.04 | 9 NL/g/h,10.1126/sciadv.aaz2060,"Fig. 5B/C, c–In2O3-S, 300°C, standard feed",c–In2O3-S,In2O3,,,,,In2O3=1.0000,In=82.712,270.831,0,282.287,359.427,bulk oxide,
10.1126/sciadv.aaz2060 | 50 bar | H2/CO2 3.04 | 9 NL/g/h,10.1126/sciadv.aaz2060,"Fig. 5B/C, c–In2O3-S, 320°C, standard feed",c–In2O3-S,In2O3,,,,,In2O3=1.0000,In=82.712,270.831,0,282.287,359.427,bulk oxide,
10.1126/sciadv.aaz2060 | 50 bar | H2/CO2 3.04 | 9 NL/g/h,10.1126/sciadv.aaz2060,"Fig. 5B/C, c–In2O3-S, 340°C, standard feed",c–In2O3-S,In2O3,,,,,In2O3=1.0000,In=82.712,270.831,0,282.287,359.427,bulk oxide,
10.1126/sciadv.aaz2060 | 50 bar | H2/CO2 3.04 | 9 NL/g/h,10.1126/sciadv.aaz2060,"Fig. 5B/C, c–In2O3-S, 360°C, standard feed",c–In2O3-S,In2O3,,,,,In2O3=1.0000,In=82.712,270.831,0,282.287,359.427,bulk oxide,
10.1126/sciadv.aaz2060 | 50 bar | H2/CO2 3.04 | 9 NL/g/h,10.1126/sciadv.aaz2060,"Fig. 5B/C, h–In2O3-R, 240°C, standard feed",h–In2O3-R,In2O3,,,,,In2O3=1.0000,In=82.712,270.831,0,282.287,359.427,bulk oxide,
10.1126/sciadv.aaz2060 | 50 bar | H2/CO2 3.04 | 9 NL/g/h,10.1126/sciadv.aaz2060,"Fig. 5B/C, h–In2O3-R, 260°C, standard feed",h–In2O3-R,In2O3,,,,,In2O3=1.0000,In=82.712,270.831,0,282.287,359.427,bulk oxide,
10.1126/sciadv.aaz2060 | 50 bar | H2/CO2 3.04 | 9 NL/g/h,10.1126/sciadv.aaz2060,"Fig. 5B/C, h–In2O3-R, 280°C, standard feed",h–In2O3-R,In2O3,,,,,In2O3=1.0000,In=82.712,270.831,0,282.287,359.427,bulk oxide,
10.1126/sciadv.aaz2060 | 50 bar | H2/CO2 3.04 | 9 NL/g/h,10.1126/sciadv.aaz2060,"Fig. 5B/C, h–In2O3-R, 320°C, standard feed",h–In2O3-R,In2O3,,,,,In2O3=1.0000,In=82.712,270.831,0,282.287,359.427,bulk oxide,
10.1126/sciadv.aaz2060 | 50 bar | H2/CO2 3.04 | 9 NL/g/h,10.1126/sciadv.aaz2060,"Fig. 5B/C, h–In2O3-R, 340°C, standard feed",h–In2O3-R,In2O3,,,,,In2O3=1.0000,In=82.712,270.831,0,282.287,359.427,bulk oxide,
10.1126/sciadv.aaz2060 | 50 bar | H2/CO2 3.04 | 9 NL/g/h,10.1126/sciadv.aaz2060,"Fig. 5B/C, h–In2O3-R, 360°C, standard feed",h–In2O3-R,In2O3,,,,,In2O3=1.0000,In=82.712,270.831,0,282.287,359.427,bulk oxide,
10.1126/sciadv.aaz2060 | 50 bar | H2/CO2 3.04 | 9 NL/g/h,10.1126/sciadv.aaz2060,"Fig. 5E/text, h–In2O3-R stability, initial",h–In2O3-R,In2O3,,,,,In2O3=1.0000,In=82.712,270.831,0,282.287,359.427,bulk oxide,
10.1126/sciadv.aaz2060 | 50 bar | H2/CO2 3.04 | 9 NL/g/h,10.1126/sciadv.aaz2060,"Fig. 5E/text, h–In2O3-R stability, 44 h",h–In2O3-R,In2O3,,,,,In2O3=1.0000,In=82.712,270.831,0,282.287,359.427,bulk oxide,
10.1126/sciadv.aaz2060 | 50 bar | H2/CO2 4 | 20 NL/g/h,10.1126/sciadv.aaz2060,"SI Table S2 row h–In2O3-R, H2/CO2=4",h–In2O3-R,In2O3,,,,,In2O3=1.0000,In=82.712,270.831,0,282.287,359.427,bulk oxide,
10.1126/sciadv.aaz2060 | 50 bar | H2/CO2 4 | 9 NL/g/h,10.1126/sciadv.aaz2060,"Fig. 5D, h–In2O3-R, H2/CO2 = 4",h–In2O3-R,In2O3,,,,,In2O3=1.0000,In=82.712,270.831,0,282.287,359.427,bulk oxide,
10.1126/sciadv.aaz2060 | 50 bar | H2/CO2 6 | 9 NL/g/h,10.1126/sciadv.aaz2060,"Fig. 5D/text, h–In2O3-R, H2/CO2 = 6",h–In2O3-R,In2O3,,,,,In2O3=1.0000,In=82.712,270.831,0,282.287,359.427,bulk oxide,
10.1126/sciadv.abi6012 | 20 bar | H2/CO2 3 | 12 NL/g/h,10.1126/sciadv.abi6012,"SI Figure S5B, 2.0 MPa",InNi3C0.5/m-ZrO2,,InNi3C0.5,,m-ZrO2,,In2O3=0.1995;Ni=0.2540;ZrO2=0.5465,Zr=40.460;Ni=25.400;In=16.500,65.7055,0,77.1611,154.301,measured In and Ni wt%,
10.1126/sciadv.abi6012 | 25 bar | H2/CO2 3 | 12 NL/g/h,10.1126/sciadv.abi6012,"SI Figure S5B, 2.5 MPa",InNi3C0.5/m-ZrO2,,InNi3C0.5,,m-ZrO2,,In2O3=0.1995;Ni=0.2540;ZrO2=0.5465,Zr=40.460;Ni=25.400;In=16.500,65.7055,0,77.1611,154.301,measured In and Ni wt%,
10.1126/sciadv.abi6012 | 30 bar | H2/CO2 3 | 12 NL/g/h,10.1126/sciadv.abi6012,"SI Figure S5B, 3.0 MPa",InNi3C0.5/m-ZrO2,,InNi3C0.5,,m-ZrO2,,In2O3=0.1995;Ni=0.2540;ZrO2=0.5465,Zr=40.460;Ni=25.400;In=16.500,65.7055,0,77.1611,154.301,measured In and Ni wt%,
10.1126/sciadv.abi6012 | 35 bar | H2/CO2 3 | 12 NL/g/h,10.1126/sciadv.abi6012,"SI Figure S5B, 3.5 MPa",InNi3C0.5/m-ZrO2,,InNi3C0.5,,m-ZrO2,,In2O3=0.1995;Ni=0.2540;ZrO2=0.5465,Zr=40.460;Ni=25.400;In=16.500,65.7055,0,77.1611,154.301,measured In and Ni wt%,
10.1126/sciadv.abi6012 | 40 bar | H2/CO2 10 | 116 NL/g/h,10.1126/sciadv.abi6012,SI Table S7 row 7 InNi3C0.5/Fe3O4,InNi3C0.5/Fe3O4,"theoretical In content 4.4 wt%, Ni content 6.8 wt%; real In content 4.4 wt%, Ni content 6.8 wt%, real Ni/In ratio 3.0 at./at., real C content 0.20 wt%",In;Ni,11.2,Fe3O4,,In2O3=0.0532;Ni=0.0680;Fe3O4=0.8788,Fe=63.590;Ni=6.800;In=4.400,19.9269,0,31.3825,108.522,measured In and Ni wt%,
10.1126/sciadv.abi6012 | 40 bar | H2/CO2 3 | 12 NL/g/h,10.1126/sciadv.abi6012,"Fig. 2A, InNi3C0.5/SiO2, 12000 ml gcat-1 hour-1",InNi3C0.5/SiO2,InNi3C0.5 loading = 42.8 wt %,InNi3C0.5,42.8,SiO2,,In2O3=0.2001;Ni=0.2538;SiO2=0.5461,Si=25.525;Ni=25.383;In=16.552,58.642,0,70.0976,147.238,InNi3C0.5 loading 42.8 wt% split by stoichiometry,
10.1126/sciadv.abi6012 | 40 bar | H2/CO2 3 | 12 NL/g/h,10.1126/sciadv.abi6012,"Fig. 2A, InNi3C0.5/m-ZrO2, 12000 ml gcat-1 hour-1",InNi3C0.5/m-ZrO2,InNi3C0.5 loading = 42.8 wt %,InNi3C0.5,42.8,m-ZrO2,,In2O3=0.1995;Ni=0.2540;ZrO2=0.5465,Zr=40.460;Ni=25.400;In=16.500,65.7055,0,77.1611,154.301,measured In and Ni wt%,
10.1126/sciadv.abi6012 | 40 bar | H2/CO2 3 | 12 NL/g/h,10.1126/sciadv.abi6012,"Fig. 2A, InNi3C0.5/t-ZrO2, 12000 ml gcat-1 hour-1",InNi3C0.5/t-ZrO2,InNi3C0.5 loading = 42.8 wt %,InNi3C0.5,42.8,t-ZrO2,,In2O3=0.2001;Ni=0.2538;ZrO2=0.5461,Zr=40.426;Ni=25.383;In=16.552,65.8654,0,77.3209,154.461,InNi3C0.5 loading 42.8 wt% split by stoichiometry,
10.1126/sciadv.abi6012 | 40 bar | H2/CO2 3 | 12 NL/g/h,10.1126/sciadv.abi6012,"Fig. 2A, InNi3C0.5/a-ZrO2, 12000 ml gcat-1 hour-1",InNi3C0.5/a-ZrO2,InNi3C0.5 loading = 42.8 wt %,InNi3C0.5,42.8,a-ZrO2,,In2O3=0.2001;Ni=0.2538;ZrO2=0.5461,Zr=40.426;Ni=25.383;In=16.552,65.8654,0,77.3209,154.461,InNi3C0.5 loading 42.8 wt% split by stoichiometry,
10.1126/sciadv.abi6012 | 40 bar | H2/CO2 3 | 12 NL/g/h,10.1126/sciadv.abi6012,SI Table S2 row m-ZrO2,m-ZrO2,,,,,,ZrO2=1.0000,Zr=74.032,14.4136,0,25.8692,103.009,bare support,
10.1126/sciadv.abi6012 | 40 bar | H2/CO2 3 | 12 NL/g/h,10.1126/sciadv.abi6012,SI Table S2 row t-ZrO2,t-ZrO2,,,,,,ZrO2=1.0000,Zr=74.032,14.4136,0,25.8692,103.009,bare support,
10.1126/sciadv.abi6012 | 40 bar | H2/CO2 3 | 12 NL/g/h,10.1126/sciadv.abi6012,SI Table S2 row a-ZrO2,a-ZrO2,,,,,,ZrO2=1.0000,Zr=74.032,14.4136,0,25.8692,103.009,bare support,
10.1126/sciadv.abi6012 | 40 bar | H2/CO2 3 | 12 NL/g/h,10.1126/sciadv.abi6012,SI Table S2 row SiO2,SiO2,,,,,,SiO2=1.0000,Si=46.744,1.18557,0,12.6412,89.7812,bare support,
10.1126/sciadv.abi6012 | 40 bar | H2/CO2 3 | 12 NL/g/h,10.1126/sciadv.abi6012,SI Table S2 row InNi3C0.5/ZnO,InNi3C0.5/ZnO,,InNi3C0.5,,ZnO,,In2O3=0.2001;Ni=0.2538;ZnO=0.5461,Zn=43.871;Ni=25.383;In=16.552,59.27,0,70.7256,147.866,InNi3C0.5 loading 42.8 wt% split by stoichiometry,assumed
10.1126/sciadv.abi6012 | 40 bar | H2/CO2 3 | 12 NL/g/h,10.1126/sciadv.abi6012,SI Table S2 row InNi3C0.5/CeO2,InNi3C0.5/CeO2,,InNi3C0.5,,CeO2,,In2O3=0.2001;Ni=0.2538;CeO2=0.5461,Ce=44.454;Ni=25.383;In=16.552,58.821,0,70.2766,147.417,InNi3C0.5 loading 42.8 wt% split by stoichiometry,assumed
10.1126/sciadv.abi6012 | 40 bar | H2/CO2 3 | 12 NL/g/h,10.1126/sciadv.abi6012,SI Table S2 row InNi3C0.5/TiO2,InNi3C0.5/TiO2,,InNi3C0.5,,TiO2,,In2O3=0.2001;Ni=0.2538;TiO2=0.5461,Ti=32.728;Ni=25.383;In=16.552,59.5411,0,70.9967,148.137,InNi3C0.5 loading 42.8 wt% split by stoichiometry,assumed
10.1126/sciadv.abi6012 | 40 bar | H2/CO2 3 | 12 NL/g/h,10.1126/sciadv.abi6012,"SI Table S7 row CuZnAl, 300 °C",CuZnAl,,Cu,,Al2O3,ZnO,CuO=0.6000;ZnO=0.3000;Al2O3=0.1000,Cu=47.932;Zn=24.102;Al=5.293,6.64442,0,18.1,95.24,reference Cu/ZnO/Al2O3: commercial CZA composition,cza_reference
10.1126/sciadv.abi6012 | 40 bar | H2/CO2 3 | 12 NL/g/h,10.1126/sciadv.abi6012,"Figure 5E, InNi3C0.5/Fe3O4, first point",InNi3C0.5/Fe3O4,11.4 wt% InNi3C0.5 on Fe3O4,InNi3C0.5,11.4,Fe3O4,,In2O3=0.0532;Ni=0.0680;Fe3O4=0.8788,Fe=63.590;Ni=6.800;In=4.400,19.9269,0,31.3825,108.522,measured In and Ni wt%,
10.1126/sciadv.abi6012 | 40 bar | H2/CO2 3 | 12 NL/g/h,10.1126/sciadv.abi6012,"Figure 5E, InNi3C0.5/Fe3O4, last point",InNi3C0.5/Fe3O4,11.4 wt% InNi3C0.5 on Fe3O4,InNi3C0.5,11.4,Fe3O4,,In2O3=0.0532;Ni=0.0680;Fe3O4=0.8788,Fe=63.590;Ni=6.800;In=4.400,19.9269,0,31.3825,108.522,measured In and Ni wt%,
10.1126/sciadv.abi6012 | 40 bar | H2/CO2 3 | 12 NL/g/h,10.1126/sciadv.abi6012,"SI Figure S5A, H2/CO2=3/1, 250 °C",InNi3C0.5/m-ZrO2,,InNi3C0.5,,m-ZrO2,,In2O3=0.1995;Ni=0.2540;ZrO2=0.5465,Zr=40.460;Ni=25.400;In=16.500,65.7055,0,77.1611,154.301,measured In and Ni wt%,
10.1126/sciadv.abi6012 | 40 bar | H2/CO2 3 | 12 NL/g/h,10.1126/sciadv.abi6012,"SI Figure S5A, H2/CO2=3/1, 275 °C",InNi3C0.5/m-ZrO2,,InNi3C0.5,,m-ZrO2,,In2O3=0.1995;Ni=0.2540;ZrO2=0.5465,Zr=40.460;Ni=25.400;In=16.500,65.7055,0,77.1611,154.301,measured In and Ni wt%,
10.1126/sciadv.abi6012 | 40 bar | H2/CO2 3 | 12 NL/g/h,10.1126/sciadv.abi6012,"SI Figure S5A, H2/CO2=3/1, 325 °C",InNi3C0.5/m-ZrO2,,InNi3C0.5,,m-ZrO2,,In2O3=0.1995;Ni=0.2540;ZrO2=0.5465,Zr=40.460;Ni=25.400;In=16.500,65.7055,0,77.1611,154.301,measured In and Ni wt%,
10.1126/sciadv.abi6012 | 40 bar | H2/CO2 3 | 12 NL/g/h,10.1126/sciadv.abi6012,"SI Figure S5A, H2/CO2=3/1, 350 °C",InNi3C0.5/m-ZrO2,,InNi3C0.5,,m-ZrO2,,In2O3=0.1995;Ni=0.2540;ZrO2=0.5465,Zr=40.460;Ni=25.400;In=16.500,65.7055,0,77.1611,154.301,measured In and Ni wt%,
10.1126/sciadv.abi6012 | 40 bar | H2/CO2 3 | 15 NL/g/h,10.1126/sciadv.abi6012,"SI Figure S5C, GHSV 15000",InNi3C0.5/m-ZrO2,,InNi3C0.5,,m-ZrO2,,In2O3=0.1995;Ni=0.2540;ZrO2=0.5465,Zr=40.460;Ni=25.400;In=16.500,65.7055,0,77.1611,154.301,measured In and Ni wt%,
10.1126/sciadv.abi6012 | 40 bar | H2/CO2 3 | 18 NL/g/h,10.1126/sciadv.abi6012,"SI Figure S5C, GHSV 18000",InNi3C0.5/m-ZrO2,,InNi3C0.5,,m-ZrO2,,In2O3=0.1995;Ni=0.2540;ZrO2=0.5465,Zr=40.460;Ni=25.400;In=16.500,65.7055,0,77.1611,154.301,measured In and Ni wt%,
10.1126/sciadv.abi6012 | 40 bar | H2/CO2 3 | 21 NL/g/h,10.1126/sciadv.abi6012,"SI Figure S5C, GHSV 21000",InNi3C0.5/m-ZrO2,,InNi3C0.5,,m-ZrO2,,In2O3=0.1995;Ni=0.2540;ZrO2=0.5465,Zr=40.460;Ni=25.400;In=16.500,65.7055,0,77.1611,154.301,measured In and Ni wt%,
10.1126/sciadv.abi6012 | 40 bar | H2/CO2 3 | 24 NL/g/h,10.1126/sciadv.abi6012,"Fig. 2B, InNi3C0.5/SiO2, 24000 ml gcat-1 hour-1",InNi3C0.5/SiO2,InNi3C0.5 loading = 42.8 wt %,InNi3C0.5,42.8,SiO2,,In2O3=0.2001;Ni=0.2538;SiO2=0.5461,Si=25.525;Ni=25.383;In=16.552,58.642,0,70.0976,147.238,InNi3C0.5 loading 42.8 wt% split by stoichiometry,
10.1126/sciadv.abi6012 | 40 bar | H2/CO2 3 | 24 NL/g/h,10.1126/sciadv.abi6012,"Fig. 2B, InNi3C0.5/m-ZrO2, 24000 ml gcat-1 hour-1",InNi3C0.5/m-ZrO2,InNi3C0.5 loading = 42.8 wt %,InNi3C0.5,42.8,m-ZrO2,,In2O3=0.1995;Ni=0.2540;ZrO2=0.5465,Zr=40.460;Ni=25.400;In=16.500,65.7055,0,77.1611,154.301,measured In and Ni wt%,
10.1126/sciadv.abi6012 | 40 bar | H2/CO2 3 | 24 NL/g/h,10.1126/sciadv.abi6012,"Fig. 2B, InNi3C0.5/t-ZrO2, 24000 ml gcat-1 hour-1",InNi3C0.5/t-ZrO2,InNi3C0.5 loading = 42.8 wt %,InNi3C0.5,42.8,t-ZrO2,,In2O3=0.2001;Ni=0.2538;ZrO2=0.5461,Zr=40.426;Ni=25.383;In=16.552,65.8654,0,77.3209,154.461,InNi3C0.5 loading 42.8 wt% split by stoichiometry,
10.1126/sciadv.abi6012 | 40 bar | H2/CO2 3 | 24 NL/g/h,10.1126/sciadv.abi6012,"Fig. 2B, InNi3C0.5/a-ZrO2, 24000 ml gcat-1 hour-1",InNi3C0.5/a-ZrO2,InNi3C0.5 loading = 42.8 wt %,InNi3C0.5,42.8,a-ZrO2,,In2O3=0.2001;Ni=0.2538;ZrO2=0.5461,Zr=40.426;Ni=25.383;In=16.552,65.8654,0,77.3209,154.461,InNi3C0.5 loading 42.8 wt% split by stoichiometry,
10.1126/sciadv.abi6012 | 40 bar | H2/CO2 3 | 42 NL/g/h,10.1126/sciadv.abi6012,"Text/Table S7, InNi3C0.5/Fe3O4, 325C, 4.0 MPa, H2/CO2 3:1, CO2-GHSV 10500",InNi3C0.5/Fe3O4,InNi3C0.5 loading = 11.4 wt %,InNi3C0.5,11.4,Fe3O4,,In2O3=0.0532;Ni=0.0680;Fe3O4=0.8788,Fe=63.590;Ni=6.800;In=4.400,19.9269,0,31.3825,108.522,measured In and Ni wt%,
10.1126/sciadv.abi6012 | 40 bar | H2/CO2 4 | 12 NL/g/h,10.1126/sciadv.abi6012,"SI Figure S5A, H2/CO2=4/1, 250 °C",InNi3C0.5/m-ZrO2,,InNi3C0.5,,m-ZrO2,,In2O3=0.1995;Ni=0.2540;ZrO2=0.5465,Zr=40.460;Ni=25.400;In=16.500,65.7055,0,77.1611,154.301,measured In and Ni wt%,
10.1126/sciadv.abi6012 | 40 bar | H2/CO2 4 | 12 NL/g/h,10.1126/sciadv.abi6012,"SI Figure S5A, H2/CO2=4/1, 275 °C",InNi3C0.5/m-ZrO2,,InNi3C0.5,,m-ZrO2,,In2O3=0.1995;Ni=0.2540;ZrO2=0.5465,Zr=40.460;Ni=25.400;In=16.500,65.7055,0,77.1611,154.301,measured In and Ni wt%,
10.1126/sciadv.abi6012 | 40 bar | H2/CO2 4 | 12 NL/g/h,10.1126/sciadv.abi6012,"SI Figure S5A, H2/CO2=4/1, 300 °C",InNi3C0.5/m-ZrO2,,InNi3C0.5,,m-ZrO2,,In2O3=0.1995;Ni=0.2540;ZrO2=0.5465,Zr=40.460;Ni=25.400;In=16.500,65.7055,0,77.1611,154.301,measured In and Ni wt%,
10.1126/sciadv.abi6012 | 40 bar | H2/CO2 4 | 12 NL/g/h,10.1126/sciadv.abi6012,"SI Figure S5A, H2/CO2=4/1, 325 °C",InNi3C0.5/m-ZrO2,,InNi3C0.5,,m-ZrO2,,In2O3=0.1995;Ni=0.2540;ZrO2=0.5465,Zr=40.460;Ni=25.400;In=16.500,65.7055,0,77.1611,154.301,measured In and Ni wt%,
10.1126/sciadv.abi6012 | 40 bar | H2/CO2 4 | 12 NL/g/h,10.1126/sciadv.abi6012,"SI Figure S5A, H2/CO2=4/1, 350 °C",InNi3C0.5/m-ZrO2,,InNi3C0.5,,m-ZrO2,,In2O3=0.1995;Ni=0.2540;ZrO2=0.5465,Zr=40.460;Ni=25.400;In=16.500,65.7055,0,77.1611,154.301,measured In and Ni wt%,
10.1126/sciadv.abi6012 | 40 bar | H2/CO2 5 | 12 NL/g/h,10.1126/sciadv.abi6012,"SI Fig. S5A note, 300 °C H2/CO2=5/1",InNi3C0.5/m-ZrO2,"theoretical In content 17.0 wt%, Ni content 25.9 wt%; real In content 16.5 wt%, Ni content 25.4 wt%, real Ni/In ratio 3.0 at./at., real C content 0.86 wt%",In;Ni,41.9,m-ZrO2,,In2O3=0.1995;Ni=0.2540;ZrO2=0.5465,Zr=40.460;Ni=25.400;In=16.500,65.7055,0,77.1611,154.301,measured In and Ni wt%,
10.1126/sciadv.abi6012 | 40 bar | H2/CO2 5 | 12 NL/g/h,10.1126/sciadv.abi6012,"SI Figure S5A, H2/CO2=5/1, 250 °C",InNi3C0.5/m-ZrO2,,InNi3C0.5,,m-ZrO2,,In2O3=0.1995;Ni=0.2540;ZrO2=0.5465,Zr=40.460;Ni=25.400;In=16.500,65.7055,0,77.1611,154.301,measured In and Ni wt%,
10.1126/sciadv.abi6012 | 40 bar | H2/CO2 5 | 12 NL/g/h,10.1126/sciadv.abi6012,"SI Figure S5A, H2/CO2=5/1, 275 °C",InNi3C0.5/m-ZrO2,,InNi3C0.5,,m-ZrO2,,In2O3=0.1995;Ni=0.2540;ZrO2=0.5465,Zr=40.460;Ni=25.400;In=16.500,65.7055,0,77.1611,154.301,measured In and Ni wt%,
10.1126/sciadv.abi6012 | 40 bar | H2/CO2 5 | 12 NL/g/h,10.1126/sciadv.abi6012,"SI Figure S5A, H2/CO2=5/1, 325 °C",InNi3C0.5/m-ZrO2,,InNi3C0.5,,m-ZrO2,,In2O3=0.1995;Ni=0.2540;ZrO2=0.5465,Zr=40.460;Ni=25.400;In=16.500,65.7055,0,77.1611,154.301,measured In and Ni wt%,
10.1126/sciadv.abi6012 | 40 bar | H2/CO2 5 | 12 NL/g/h,10.1126/sciadv.abi6012,"SI Figure S5A, H2/CO2=5/1, 350 °C",InNi3C0.5/m-ZrO2,,InNi3C0.5,,m-ZrO2,,In2O3=0.1995;Ni=0.2540;ZrO2=0.5465,Zr=40.460;Ni=25.400;In=16.500,65.7055,0,77.1611,154.301,measured In and Ni wt%,
10.1126/sciadv.abi6012 | 40 bar | H2/CO2 6 | 73.5 NL/g/h,10.1126/sciadv.abi6012,SI Table S7 row 5 InNi3C0.5/Fe3O4,InNi3C0.5/Fe3O4,"theoretical In content 4.4 wt%, Ni content 6.8 wt%; real In content 4.4 wt%, Ni content 6.8 wt%, real Ni/In ratio 3.0 at./at., real C content 0.20 wt%",In;Ni,11.2,Fe3O4,,In2O3=0.0532;Ni=0.0680;Fe3O4=0.8788,Fe=63.590;Ni=6.800;In=4.400,19.9269,0,31.3825,108.522,measured In and Ni wt%,
10.1126/sciadv.abi6012 | 40 bar | H2/CO2 8 | 30 NL/g/h,10.1126/sciadv.abi6012,"Text/Table S7, InNi3C0.5/Fe3O4, 325C, 4.0 MPa, H2/CO2 8:1, GHSV 30000",InNi3C0.5/Fe3O4,InNi3C0.5 loading = 11.4 wt %,InNi3C0.5,11.4,Fe3O4,,In2O3=0.0532;Ni=0.0680;Fe3O4=0.8788,Fe=63.590;Ni=6.800;In=4.400,19.9269,0,31.3825,108.522,measured In and Ni wt%,
10.1126/sciadv.abi6012 | 40 bar | H2/CO2 8 | 30 NL/g/h,10.1126/sciadv.abi6012,"SI Table S7 row CuZnAl, 325 °C",CuZnAl,,Cu,,Al2O3,ZnO,CuO=0.6000;ZnO=0.3000;Al2O3=0.1000,Cu=47.932;Zn=24.102;Al=5.293,6.64442,0,18.1,95.24,reference Cu/ZnO/Al2O3: commercial CZA composition,cza_reference
10.1126/sciadv.abi6012 | 40 bar | H2/CO2 8 | 94.5 NL/g/h,10.1126/sciadv.abi6012,SI Table S7 row 6 InNi3C0.5/Fe3O4,InNi3C0.5/Fe3O4,"theoretical In content 4.4 wt%, Ni content 6.8 wt%; real In content 4.4 wt%, Ni content 6.8 wt%, real Ni/In ratio 3.0 at./at., real C content 0.20 wt%",In;Ni,11.2,Fe3O4,,In2O3=0.0532;Ni=0.0680;Fe3O4=0.8788,Fe=63.590;Ni=6.800;In=4.400,19.9269,0,31.3825,108.522,measured In and Ni wt%,
10.1126/sciadv.abi6012 | 50 bar | H2/CO2 3 | 24 NL/g/h,10.1126/sciadv.abi6012,"Text, InNi3C0.5/Fe3O4 comparison-condition run, 320C, 5.0 MPa, H2/CO2 3:1, GHSV 24000",InNi3C0.5/Fe3O4,InNi3C0.5 loading = 11.4 wt %,InNi3C0.5,11.4,Fe3O4,,In2O3=0.0532;Ni=0.0680;Fe3O4=0.8788,Fe=63.590;Ni=6.800;In=4.400,19.9269,0,31.3825,108.522,measured In and Ni wt%,
10.1126/sciadv.abi6012 | 50 bar | H2/CO2 4 | 27.5 NL/g/h,10.1126/sciadv.abi6012,"Text, InNi3C0.5/Fe3O4 comparison-condition run, 300C, 5.0 MPa, H2/CO2 4:1, GHSV 27500",InNi3C0.5/Fe3O4,InNi3C0.5 loading = 11.4 wt %,InNi3C0.5,11.4,Fe3O4,,In2O3=0.0532;Ni=0.0680;Fe3O4=0.8788,Fe=63.590;Ni=6.800;In=4.400,19.9269,0,31.3825,108.522,measured In and Ni wt%,
10.1126/sciadv.abi6012 | 50 bar | H2/CO2 4 | 48 NL/g/h,10.1126/sciadv.abi6012,"Text, InNi3C0.5/Fe3O4 comparison-condition run, 280C, 5.0 MPa, H2/CO2 4:1, GHSV 48000",InNi3C0.5/Fe3O4,InNi3C0.5 loading = 11.4 wt %,InNi3C0.5,11.4,Fe3O4,,In2O3=0.0532;Ni=0.0680;Fe3O4=0.8788,Fe=63.590;Ni=6.800;In=4.400,19.9269,0,31.3825,108.522,measured In and Ni wt%,
10.1126/sciadv.abi6012 | 50 bar | H2/CO2 6 | 9 NL/g/h,10.1126/sciadv.abi6012,"Text, InNi3C0.5/Fe3O4 comparison-condition run, 280C, 5.0 MPa, H2/CO2 6:1, GHSV 9000",InNi3C0.5/Fe3O4,InNi3C0.5 loading = 11.4 wt %,InNi3C0.5,11.4,Fe3O4,,In2O3=0.0532;Ni=0.0680;Fe3O4=0.8788,Fe=63.590;Ni=6.800;In=4.400,19.9269,0,31.3825,108.522,measured In and Ni wt%,
10.1126/sciadv.abi6012 | 60 bar | H2/CO2 10 | 116 NL/g/h,10.1126/sciadv.abi6012,"Abstract/Text/Table S7, InNi3C0.5/Fe3O4, 325C, 6.0 MPa, H2/CO2 10:1, CO2-GHSV 10500",InNi3C0.5/Fe3O4,InNi3C0.5 loading = 11.4 wt %,InNi3C0.5,11.4,Fe3O4,,In2O3=0.0532;Ni=0.0680;Fe3O4=0.8788,Fe=63.590;Ni=6.800;In=4.400,19.9269,0,31.3825,108.522,measured In and Ni wt%,
10.1126/sciadv.abi6012 | 60 bar | H2/CO2 10 | 36 NL/g/h,10.1126/sciadv.abi6012,"Abstract/Text/Table S7, InNi3C0.5/Fe3O4, 325C, 6.0 MPa, H2/CO2 10:1, GHSV 36000",InNi3C0.5/Fe3O4,InNi3C0.5 loading = 11.4 wt %,InNi3C0.5,11.4,Fe3O4,,In2O3=0.0532;Ni=0.0680;Fe3O4=0.8788,Fe=63.590;Ni=6.800;In=4.400,19.9269,0,31.3825,108.522,measured In and Ni wt%,
10.1126/sciadv.abi6012 | 60 bar | H2/CO2 6 | 73.5 NL/g/h,10.1126/sciadv.abi6012,SI Table S7 row 8 InNi3C0.5/Fe3O4,InNi3C0.5/Fe3O4,"theoretical In content 4.4 wt%, Ni content 6.8 wt%; real In content 4.4 wt%, Ni content 6.8 wt%, real Ni/In ratio 3.0 at./at., real C content 0.20 wt%",In;Ni,11.2,Fe3O4,,In2O3=0.0532;Ni=0.0680;Fe3O4=0.8788,Fe=63.590;Ni=6.800;In=4.400,19.9269,0,31.3825,108.522,measured In and Ni wt%,
10.1126/sciadv.abi6012 | 60 bar | H2/CO2 8 | 30 NL/g/h,10.1126/sciadv.abi6012,SI Table S7 row 2 InNi3C0.5/Fe3O4,InNi3C0.5/Fe3O4,"theoretical In content 4.4 wt%, Ni content 6.8 wt%; real In content 4.4 wt%, Ni content 6.8 wt%, real Ni/In ratio 3.0 at./at., real C content 0.20 wt%",In;Ni,11.2,Fe3O4,,In2O3=0.0532;Ni=0.0680;Fe3O4=0.8788,Fe=63.590;Ni=6.800;In=4.400,19.9269,0,31.3825,108.522,measured In and Ni wt%,
10.1126/sciadv.abi6012 | 60 bar | H2/CO2 8 | 94.5 NL/g/h,10.1126/sciadv.abi6012,SI Table S7 row 9 InNi3C0.5/Fe3O4,InNi3C0.5/Fe3O4,"theoretical In content 4.4 wt%, Ni content 6.8 wt%; real In content 4.4 wt%, Ni content 6.8 wt%, real Ni/In ratio 3.0 at./at., real C content 0.20 wt%",In;Ni,11.2,Fe3O4,,In2O3=0.0532;Ni=0.0680;Fe3O4=0.8788,Fe=63.590;Ni=6.800;In=4.400,19.9269,0,31.3825,108.522,measured In and Ni wt%,
